game_id,season,week,game_type,gameday,away_team,home_team,away_score,home_score,result,total,n_plays
2016_01_CAR_DEN,2016,1,REG,2016-09-08,CAR,DEN,20,21,1,41,172
2016_01_TB_ATL,2016,1,REG,2016-09-11,TB,ATL,31,24,-7,55,176
2016_01_BUF_BAL,2016,1,REG,2016-09-11,BUF,BAL,7,13,6,20,157
2016_01_CHI_HOU,2016,1,REG,2016-09-11,CHI,HOU,14,23,9,37,177
2016_01_GB_JAX,2016,1,REG,2016-09-11,GB,JAX,27,23,-4,50,185
2016_01_SD_KC,2016,1,REG,2016-09-11,SD,KC,27,33,6,60,200
2016_01_OAK_NO,2016,1,REG,2016-09-11,OAK,NO,35,34,-1,69,193
2016_01_CIN_NYJ,2016,1,REG,2016-09-11,CIN,NYJ,23,22,-1,45,171
2016_01_CLE_PHI,2016,1,REG,2016-09-11,CLE,PHI,10,29,19,39,172
2016_01_MIN_TEN,2016,1,REG,2016-09-11,MIN,TEN,25,16,-9,41,173
2016_01_MIA_SEA,2016,1,REG,2016-09-11,MIA,SEA,10,12,2,22,178
2016_01_NYG_DAL,2016,1,REG,2016-09-11,NYG,DAL,20,19,-1,39,174
2016_01_DET_IND,2016,1,REG,2016-09-11,DET,IND,39,35,-4,74,183
2016_01_NE_ARI,2016,1,REG,2016-09-11,NE,ARI,23,21,-2,44,174
2016_01_PIT_WAS,2016,1,REG,2016-09-12,PIT,WAS,38,16,-22,54,167
2016_01_LA_SF,2016,1,REG,2016-09-12,LA,SF,0,28,28,28,179
2016_02_NYJ_BUF,2016,2,REG,2016-09-15,NYJ,BUF,37,31,-6,68,178
2016_02_TB_ARI,2016,2,REG,2016-09-18,TB,ARI,7,40,33,47,184
2016_02_SF_CAR,2016,2,REG,2016-09-18,SF,CAR,27,46,19,73,207
2016_02_BAL_CLE,2016,2,REG,2016-09-18,BAL,CLE,25,20,-5,45,180
2016_02_TEN_DET,2016,2,REG,2016-09-18,TEN,DET,16,15,-1,31,181
2016_02_KC_HOU,2016,2,REG,2016-09-18,KC,HOU,12,19,7,31,185
2016_02_MIA_NE,2016,2,REG,2016-09-18,MIA,NE,24,31,7,55,187
2016_02_NO_NYG,2016,2,REG,2016-09-18,NO,NYG,13,16,3,29,185
2016_02_CIN_PIT,2016,2,REG,2016-09-18,CIN,PIT,16,24,8,40,200
2016_02_DAL_WAS,2016,2,REG,2016-09-18,DAL,WAS,27,23,-4,50,178
2016_02_SEA_LA,2016,2,REG,2016-09-18,SEA,LA,3,9,6,12,170
2016_02_IND_DEN,2016,2,REG,2016-09-18,IND,DEN,20,34,14,54,190
2016_02_ATL_OAK,2016,2,REG,2016-09-18,ATL,OAK,35,28,-7,63,190
2016_02_JAX_SD,2016,2,REG,2016-09-18,JAX,SD,14,38,24,52,181
2016_02_GB_MIN,2016,2,REG,2016-09-18,GB,MIN,14,17,3,31,172
2016_02_PHI_CHI,2016,2,REG,2016-09-19,PHI,CHI,29,14,-15,43,168
2016_03_HOU_NE,2016,3,REG,2016-09-22,HOU,NE,0,27,27,27,172
2016_03_ARI_BUF,2016,3,REG,2016-09-25,ARI,BUF,18,33,15,51,200
2016_03_MIN_CAR,2016,3,REG,2016-09-25,MIN,CAR,22,10,-12,32,172
2016_03_DEN_CIN,2016,3,REG,2016-09-25,DEN,CIN,29,17,-12,46,176
2016_03_DET_GB,2016,3,REG,2016-09-25,DET,GB,27,34,7,61,162
2016_03_BAL_JAX,2016,3,REG,2016-09-25,BAL,JAX,19,17,-2,36,180
2016_03_CLE_MIA,2016,3,REG,2016-09-25,CLE,MIA,24,30,6,54,207
2016_03_WAS_NYG,2016,3,REG,2016-09-25,WAS,NYG,29,27,-2,56,185
2016_03_OAK_TEN,2016,3,REG,2016-09-25,OAK,TEN,17,10,-7,27,174
2016_03_SF_SEA,2016,3,REG,2016-09-25,SF,SEA,18,37,19,55,169
2016_03_LA_TB,2016,3,REG,2016-09-25,LA,TB,37,32,-5,69,205
2016_03_SD_IND,2016,3,REG,2016-09-25,SD,IND,22,26,4,48,179
2016_03_NYJ_KC,2016,3,REG,2016-09-25,NYJ,KC,3,24,21,27,164
2016_03_PIT_PHI,2016,3,REG,2016-09-25,PIT,PHI,3,34,31,37,161
2016_03_CHI_DAL,2016,3,REG,2016-09-25,CHI,DAL,17,31,14,48,176
2016_03_ATL_NO,2016,3,REG,2016-09-26,ATL,NO,45,32,-13,77,185
2016_04_MIA_CIN,2016,4,REG,2016-09-29,MIA,CIN,7,22,15,29,157
2016_04_IND_JAX,2016,4,REG,2016-10-02,IND,JAX,27,30,3,57,198
2016_04_CAR_ATL,2016,4,REG,2016-10-02,CAR,ATL,33,48,15,81,189
2016_04_OAK_BAL,2016,4,REG,2016-10-02,OAK,BAL,28,27,-1,55,198
2016_04_DET_CHI,2016,4,REG,2016-10-02,DET,CHI,14,17,3,31,175
2016_04_TEN_HOU,2016,4,REG,2016-10-02,TEN,HOU,20,27,7,47,178
2016_04_BUF_NE,2016,4,REG,2016-10-02,BUF,NE,16,0,-16,16,171
2016_04_SEA_NYJ,2016,4,REG,2016-10-02,SEA,NYJ,27,17,-10,44,172
2016_04_CLE_WAS,2016,4,REG,2016-10-02,CLE,WAS,20,31,11,51,174
2016_04_DEN_TB,2016,4,REG,2016-10-02,DEN,TB,27,7,-20,34,190
2016_04_LA_ARI,2016,4,REG,2016-10-02,LA,ARI,17,13,-4,30,174
2016_04_NO_SD,2016,4,REG,2016-10-02,NO,SD,35,34,-1,69,193
2016_04_DAL_SF,2016,4,REG,2016-10-02,DAL,SF,24,17,-7,41,172
2016_04_KC_PIT,2016,4,REG,2016-10-02,KC,PIT,14,43,29,57,183
2016_04_NYG_MIN,2016,4,REG,2016-10-03,NYG,MIN,10,24,14,34,183
2016_05_ARI_SF,2016,5,REG,2016-10-06,ARI,SF,33,21,-12,54,195
2016_05_WAS_BAL,2016,5,REG,2016-10-09,WAS,BAL,16,10,-6,26,183
2016_05_NE_CLE,2016,5,REG,2016-10-09,NE,CLE,33,13,-20,46,184
2016_05_PHI_DET,2016,5,REG,2016-10-09,PHI,DET,23,24,1,47,163
2016_05_CHI_IND,2016,5,REG,2016-10-09,CHI,IND,23,29,6,52,187
2016_05_TEN_MIA,2016,5,REG,2016-10-09,TEN,MIA,30,17,-13,47,160
2016_05_HOU_MIN,2016,5,REG,2016-10-09,HOU,MIN,13,31,18,44,180
2016_05_NYJ_PIT,2016,5,REG,2016-10-09,NYJ,PIT,13,31,18,44,173
2016_05_ATL_DEN,2016,5,REG,2016-10-09,ATL,DEN,23,16,-7,39,179
2016_05_CIN_DAL,2016,5,REG,2016-10-09,CIN,DAL,14,28,14,42,161
2016_05_BUF_LA,2016,5,REG,2016-10-09,BUF,LA,30,19,-11,49,167
2016_05_SD_OAK,2016,5,REG,2016-10-09,SD,OAK,31,34,3,65,172
2016_05_NYG_GB,2016,5,REG,2016-10-09,NYG,GB,16,23,7,39,177
2016_05_TB_CAR,2016,5,REG,2016-10-10,TB,CAR,17,14,-3,31,175
2016_06_DEN_SD,2016,6,REG,2016-10-13,DEN,SD,13,21,8,34,184
2016_06_SF_BUF,2016,6,REG,2016-10-16,SF,BUF,16,45,29,61,189
2016_06_JAX_CHI,2016,6,REG,2016-10-16,JAX,CHI,17,16,-1,33,181
2016_06_LA_DET,2016,6,REG,2016-10-16,LA,DET,28,31,3,59,165
2016_06_PIT_MIA,2016,6,REG,2016-10-16,PIT,MIA,15,30,15,45,163
2016_06_CIN_NE,2016,6,REG,2016-10-16,CIN,NE,17,35,18,52,174
2016_06_CAR_NO,2016,6,REG,2016-10-16,CAR,NO,38,41,3,79,210
2016_06_BAL_NYG,2016,6,REG,2016-10-16,BAL,NYG,23,27,4,50,199
2016_06_CLE_TEN,2016,6,REG,2016-10-16,CLE,TEN,26,28,2,54,178
2016_06_PHI_WAS,2016,6,REG,2016-10-16,PHI,WAS,20,27,7,47,175
2016_06_KC_OAK,2016,6,REG,2016-10-16,KC,OAK,26,10,-16,36,156
2016_06_DAL_GB,2016,6,REG,2016-10-16,DAL,GB,30,16,-14,46,178
2016_06_ATL_SEA,2016,6,REG,2016-10-16,ATL,SEA,24,26,2,50,178
2016_06_IND_HOU,2016,6,REG,2016-10-16,IND,HOU,23,26,3,49,196
2016_06_NYJ_ARI,2016,6,REG,2016-10-17,NYJ,ARI,3,28,25,31,173
2016_07_CHI_GB,2016,7,REG,2016-10-20,CHI,GB,10,26,16,36,177
2016_07_NYG_LA,2016,7,REG,2016-10-23,NYG,LA,17,10,-7,27,181
2016_07_CLE_CIN,2016,7,REG,2016-10-23,CLE,CIN,17,31,14,48,165
2016_07_WAS_DET,2016,7,REG,2016-10-23,WAS,DET,17,20,3,37,163
2016_07_OAK_JAX,2016,7,REG,2016-10-23,OAK,JAX,33,16,-17,49,195
2016_07_NO_KC,2016,7,REG,2016-10-23,NO,KC,21,27,6,48,174
2016_07_BUF_MIA,2016,7,REG,2016-10-23,BUF,MIA,25,28,3,53,180
2016_07_BAL_NYJ,2016,7,REG,2016-10-23,BAL,NYJ,16,24,8,40,174
2016_07_MIN_PHI,2016,7,REG,2016-10-23,MIN,PHI,10,21,11,31,172
2016_07_IND_TEN,2016,7,REG,2016-10-23,IND,TEN,34,26,-8,60,190
2016_07_SD_ATL,2016,7,REG,2016-10-23,SD,ATL,33,30,-3,63,194
2016_07_TB_SF,2016,7,REG,2016-10-23,TB,SF,34,17,-17,51,189
2016_07_NE_PIT,2016,7,REG,2016-10-23,NE,PIT,27,16,-11,43,174
2016_07_SEA_ARI,2016,7,REG,2016-10-23,SEA,ARI,6,6,0,12,206
2016_07_HOU_DEN,2016,7,REG,2016-10-24,HOU,DEN,9,27,18,36,177
2016_08_JAX_TEN,2016,8,REG,2016-10-27,JAX,TEN,22,36,14,58,186
2016_08_WAS_CIN,2016,8,REG,2016-10-30,WAS,CIN,27,27,0,54,231
2016_08_NE_BUF,2016,8,REG,2016-10-30,NE,BUF,41,25,-16,66,194
2016_08_ARI_CAR,2016,8,REG,2016-10-30,ARI,CAR,20,30,10,50,183
2016_08_NYJ_CLE,2016,8,REG,2016-10-30,NYJ,CLE,31,28,-3,59,192
2016_08_DET_HOU,2016,8,REG,2016-10-30,DET,HOU,13,20,7,33,167
2016_08_KC_IND,2016,8,REG,2016-10-30,KC,IND,30,14,-16,44,185
2016_08_SEA_NO,2016,8,REG,2016-10-30,SEA,NO,20,25,5,45,175
2016_08_OAK_TB,2016,8,REG,2016-10-30,OAK,TB,30,24,-6,54,212
2016_08_SD_DEN,2016,8,REG,2016-10-30,SD,DEN,19,27,8,46,191
2016_08_GB_ATL,2016,8,REG,2016-10-30,GB,ATL,32,33,1,65,163
2016_08_PHI_DAL,2016,8,REG,2016-10-30,PHI,DAL,23,29,6,52,205
2016_08_MIN_CHI,2016,8,REG,2016-10-31,MIN,CHI,10,20,10,30,160
2016_09_ATL_TB,2016,9,REG,2016-11-03,ATL,TB,43,28,-15,71,192
2016_09_PIT_BAL,2016,9,REG,2016-11-06,PIT,BAL,14,21,7,35,193
2016_09_DAL_CLE,2016,9,REG,2016-11-06,DAL,CLE,35,10,-25,45,154
2016_09_JAX_KC,2016,9,REG,2016-11-06,JAX,KC,14,19,5,33,177
2016_09_NYJ_MIA,2016,9,REG,2016-11-06,NYJ,MIA,23,27,4,50,168
2016_09_DET_MIN,2016,9,REG,2016-11-06,DET,MIN,22,16,-6,38,178
2016_09_PHI_NYG,2016,9,REG,2016-11-06,PHI,NYG,23,28,5,51,181
2016_09_CAR_LA,2016,9,REG,2016-11-06,CAR,LA,13,10,-3,23,176
2016_09_NO_SF,2016,9,REG,2016-11-06,NO,SF,41,23,-18,64,192
2016_09_IND_GB,2016,9,REG,2016-11-06,IND,GB,31,26,-5,57,180
2016_09_TEN_SD,2016,9,REG,2016-11-06,TEN,SD,35,43,8,78,202
2016_09_DEN_OAK,2016,9,REG,2016-11-06,DEN,OAK,20,30,10,50,190
2016_09_BUF_SEA,2016,9,REG,2016-11-07,BUF,SEA,25,31,6,56,183
2016_10_CLE_BAL,2016,10,REG,2016-11-10,CLE,BAL,7,28,21,35,166
2016_10_KC_CAR,2016,10,REG,2016-11-13,KC,CAR,20,17,-3,37,182
2016_10_HOU_JAX,2016,10,REG,2016-11-13,HOU,JAX,24,21,-3,45,176
2016_10_DEN_NO,2016,10,REG,2016-11-13,DEN,NO,25,23,-2,48,178
2016_10_LA_NYJ,2016,10,REG,2016-11-13,LA,NYJ,9,6,-3,15,166
2016_10_ATL_PHI,2016,10,REG,2016-11-13,ATL,PHI,15,24,9,39,180
2016_10_CHI_TB,2016,10,REG,2016-11-13,CHI,TB,10,36,26,46,179
2016_10_GB_TEN,2016,10,REG,2016-11-13,GB,TEN,25,47,22,72,193
2016_10_MIN_WAS,2016,10,REG,2016-11-13,MIN,WAS,20,26,6,46,170
2016_10_MIA_SD,2016,10,REG,2016-11-13,MIA,SD,31,24,-7,55,173
2016_10_SF_ARI,2016,10,REG,2016-11-13,SF,ARI,20,23,3,43,188
2016_10_DAL_PIT,2016,10,REG,2016-11-13,DAL,PIT,35,30,-5,65,186
2016_10_SEA_NE,2016,10,REG,2016-11-13,SEA,NE,31,24,-7,55,181
2016_10_CIN_NYG,2016,10,REG,2016-11-14,CIN,NYG,20,21,1,41,174
2016_11_NO_CAR,2016,11,REG,2016-11-17,NO,CAR,20,23,3,43,184
2016_11_BUF_CIN,2016,11,REG,2016-11-20,BUF,CIN,16,12,-4,28,183
2016_11_PIT_CLE,2016,11,REG,2016-11-20,PIT,CLE,24,9,-15,33,173
2016_11_BAL_DAL,2016,11,REG,2016-11-20,BAL,DAL,17,27,10,44,169
2016_11_JAX_DET,2016,11,REG,2016-11-20,JAX,DET,19,26,7,45,172
2016_11_TEN_IND,2016,11,REG,2016-11-20,TEN,IND,17,24,7,41,176
2016_11_TB_KC,2016,11,REG,2016-11-20,TB,KC,19,17,-2,36,173
2016_11_ARI_MIN,2016,11,REG,2016-11-20,ARI,MIN,24,30,6,54,176
2016_11_CHI_NYG,2016,11,REG,2016-11-20,CHI,NYG,16,22,6,38,171
2016_11_MIA_LA,2016,11,REG,2016-11-20,MIA,LA,14,10,-4,24,168
2016_11_PHI_SEA,2016,11,REG,2016-11-20,PHI,SEA,15,26,11,41,193
2016_11_NE_SF,2016,11,REG,2016-11-20,NE,SF,30,17,-13,47,187
2016_11_GB_WAS,2016,11,REG,2016-11-20,GB,WAS,24,42,18,66,177
2016_11_HOU_OAK,2016,11,REG,2016-11-21,HOU,OAK,20,27,7,47,172
2016_12_MIN_DET,2016,12,REG,2016-11-24,MIN,DET,13,16,3,29,156
2016_12_WAS_DAL,2016,12,REG,2016-11-24,WAS,DAL,26,31,5,57,170
2016_12_PIT_IND,2016,12,REG,2016-11-24,PIT,IND,28,7,-21,35,149
2016_12_ARI_ATL,2016,12,REG,2016-11-27,ARI,ATL,19,38,19,57,174
2016_12_CIN_BAL,2016,12,REG,2016-11-27,CIN,BAL,14,19,5,33,188
2016_12_JAX_BUF,2016,12,REG,2016-11-27,JAX,BUF,21,28,7,49,170
2016_12_TEN_CHI,2016,12,REG,2016-11-27,TEN,CHI,27,21,-6,48,177
2016_12_NYG_CLE,2016,12,REG,2016-11-27,NYG,CLE,27,13,-14,40,181
2016_12_SD_HOU,2016,12,REG,2016-11-27,SD,HOU,21,13,-8,34,170
2016_12_SF_MIA,2016,12,REG,2016-11-27,SF,MIA,24,31,7,55,179
2016_12_LA_NO,2016,12,REG,2016-11-27,LA,NO,21,49,28,70,172
2016_12_SEA_TB,2016,12,REG,2016-11-27,SEA,TB,5,14,9,19,167
2016_12_NE_NYJ,2016,12,REG,2016-11-27,NE,NYJ,22,17,-5,39,172
2016_12_CAR_OAK,2016,12,REG,2016-11-27,CAR,OAK,32,35,3,67,184
2016_12_KC_DEN,2016,12,REG,2016-11-27,KC,DEN,30,27,-3,57,231
2016_12_GB_PHI,2016,12,REG,2016-11-28,GB,PHI,27,13,-14,40,172
2016_13_DAL_MIN,2016,13,REG,2016-12-01,DAL,MIN,17,15,-2,32,174
2016_13_KC_ATL,2016,13,REG,2016-12-04,KC,ATL,29,28,-1,57,166
2016_13_MIA_BAL,2016,13,REG,2016-12-04,MIA,BAL,6,38,32,44,172
2016_13_SF_CHI,2016,13,REG,2016-12-04,SF,CHI,6,26,20,32,164
2016_13_PHI_CIN,2016,13,REG,2016-12-04,PHI,CIN,14,32,18,46,188
2016_13_HOU_GB,2016,13,REG,2016-12-04,HOU,GB,13,21,8,34,160
2016_13_DEN_JAX,2016,13,REG,2016-12-04,DEN,JAX,20,10,-10,30,190
2016_13_LA_NE,2016,13,REG,2016-12-04,LA,NE,10,26,16,36,175
2016_13_DET_NO,2016,13,REG,2016-12-04,DET,NO,28,13,-15,41,173
2016_13_BUF_OAK,2016,13,REG,2016-12-04,BUF,OAK,24,38,14,62,195
2016_13_WAS_ARI,2016,13,REG,2016-12-04,WAS,ARI,23,31,8,54,179
2016_13_NYG_PIT,2016,13,REG,2016-12-04,NYG,PIT,14,24,10,38,172
2016_13_TB_SD,2016,13,REG,2016-12-04,TB,SD,28,21,-7,49,159
2016_13_CAR_SEA,2016,13,REG,2016-12-04,CAR,SEA,7,40,33,47,172
2016_13_IND_NYJ,2016,13,REG,2016-12-05,IND,NYJ,41,10,-31,51,161
2016_14_OAK_KC,2016,14,REG,2016-12-08,OAK,KC,13,21,8,34,175
2016_14_PIT_BUF,2016,14,REG,2016-12-11,PIT,BUF,27,20,-7,47,173
2016_14_SD_CAR,2016,14,REG,2016-12-11,SD,CAR,16,28,12,44,179
2016_14_CIN_CLE,2016,14,REG,2016-12-11,CIN,CLE,23,10,-13,33,167
2016_14_CHI_DET,2016,14,REG,2016-12-11,CHI,DET,17,20,3,37,161
2016_14_HOU_IND,2016,14,REG,2016-12-11,HOU,IND,22,17,-5,39,178
2016_14_MIN_JAX,2016,14,REG,2016-12-11,MIN,JAX,25,16,-9,41,183
2016_14_ARI_MIA,2016,14,REG,2016-12-11,ARI,MIA,23,26,3,49,180
2016_14_WAS_PHI,2016,14,REG,2016-12-11,WAS,PHI,27,22,-5,49,166
2016_14_DEN_TEN,2016,14,REG,2016-12-11,DEN,TEN,10,13,3,23,173
2016_14_NYJ_SF,2016,14,REG,2016-12-11,NYJ,SF,23,17,-6,40,191
2016_14_SEA_GB,2016,14,REG,2016-12-11,SEA,GB,10,38,28,48,166
2016_14_ATL_LA,2016,14,REG,2016-12-11,ATL,LA,42,14,-28,56,173
2016_14_NO_TB,2016,14,REG,2016-12-11,NO,TB,11,16,5,27,171
2016_14_DAL_NYG,2016,14,REG,2016-12-11,DAL,NYG,7,10,3,17,176
2016_14_BAL_NE,2016,14,REG,2016-12-12,BAL,NE,23,30,7,53,191
2016_15_LA_SEA,2016,15,REG,2016-12-15,LA,SEA,3,24,21,27,159
2016_15_MIA_NYJ,2016,15,REG,2016-12-17,MIA,NYJ,34,13,-21,47,167
2016_15_PHI_BAL,2016,15,REG,2016-12-18,PHI,BAL,26,27,1,53,187
2016_15_CLE_BUF,2016,15,REG,2016-12-18,CLE,BUF,13,33,20,46,164
2016_15_GB_CHI,2016,15,REG,2016-12-18,GB,CHI,30,27,-3,57,176
2016_15_PIT_CIN,2016,15,REG,2016-12-18,PIT,CIN,24,20,-4,44,172
2016_15_JAX_HOU,2016,15,REG,2016-12-18,JAX,HOU,20,21,1,41,187
2016_15_TEN_KC,2016,15,REG,2016-12-18,TEN,KC,19,17,-2,36,163
2016_15_IND_MIN,2016,15,REG,2016-12-18,IND,MIN,34,6,-28,40,166
2016_15_DET_NYG,2016,15,REG,2016-12-18,DET,NYG,6,17,11,23,163
2016_15_NO_ARI,2016,15,REG,2016-12-18,NO,ARI,48,41,-7,89,195
2016_15_SF_ATL,2016,15,REG,2016-12-18,SF,ATL,13,41,28,54,165
2016_15_NE_DEN,2016,15,REG,2016-12-18,NE,DEN,16,3,-13,19,176
2016_15_OAK_SD,2016,15,REG,2016-12-18,OAK,SD,19,16,-3,35,157
2016_15_TB_DAL,2016,15,REG,2016-12-18,TB,DAL,20,26,6,46,181
2016_15_CAR_WAS,2016,15,REG,2016-12-19,CAR,WAS,26,15,-11,41,185
2016_16_NYG_PHI,2016,16,REG,2016-12-22,NYG,PHI,19,24,5,43,189
2016_16_MIA_BUF,2016,16,REG,2016-12-24,MIA,BUF,34,31,-3,65,222
2016_16_ATL_CAR,2016,16,REG,2016-12-24,ATL,CAR,33,16,-17,49,183
2016_16_WAS_CHI,2016,16,REG,2016-12-24,WAS,CHI,41,21,-20,62,173
2016_16_SD_CLE,2016,16,REG,2016-12-24,SD,CLE,17,20,3,37,182
2016_16_MIN_GB,2016,16,REG,2016-12-24,MIN,GB,25,38,13,63,186
2016_16_TEN_JAX,2016,16,REG,2016-12-24,TEN,JAX,17,38,21,55,190
2016_16_NYJ_NE,2016,16,REG,2016-12-24,NYJ,NE,3,41,38,44,167
2016_16_IND_OAK,2016,16,REG,2016-12-24,IND,OAK,25,33,8,58,174
2016_16_SF_LA,2016,16,REG,2016-12-24,SF,LA,22,21,-1,43,184
2016_16_TB_NO,2016,16,REG,2016-12-24,TB,NO,24,31,7,55,172
2016_16_ARI_SEA,2016,16,REG,2016-12-24,ARI,SEA,34,31,-3,65,191
2016_16_CIN_HOU,2016,16,REG,2016-12-24,CIN,HOU,10,12,2,22,168
2016_16_BAL_PIT,2016,16,REG,2016-12-25,BAL,PIT,27,31,4,58,177
2016_16_DEN_KC,2016,16,REG,2016-12-25,DEN,KC,10,33,23,43,187
2016_16_DET_DAL,2016,16,REG,2016-12-26,DET,DAL,21,42,21,63,171
2016_17_BAL_CIN,2016,17,REG,2017-01-01,BAL,CIN,10,27,17,37,177
2016_17_JAX_IND,2016,17,REG,2017-01-01,JAX,IND,20,24,4,44,187
2016_17_NE_MIA,2016,17,REG,2017-01-01,NE,MIA,35,14,-21,49,165
2016_17_CHI_MIN,2016,17,REG,2017-01-01,CHI,MIN,10,38,28,48,159
2016_17_BUF_NYJ,2016,17,REG,2017-01-01,BUF,NYJ,10,30,20,40,166
2016_17_DAL_PHI,2016,17,REG,2017-01-01,DAL,PHI,13,27,14,40,175
2016_17_CLE_PIT,2016,17,REG,2017-01-01,CLE,PIT,24,27,3,51,200
2016_17_CAR_TB,2016,17,REG,2017-01-01,CAR,TB,16,17,1,33,178
2016_17_HOU_TEN,2016,17,REG,2017-01-01,HOU,TEN,17,24,7,41,181
2016_17_NO_ATL,2016,17,REG,2017-01-01,NO,ATL,32,38,6,70,193
2016_17_OAK_DEN,2016,17,REG,2017-01-01,OAK,DEN,6,24,18,30,163
2016_17_ARI_LA,2016,17,REG,2017-01-01,ARI,LA,44,6,-38,50,179
2016_17_KC_SD,2016,17,REG,2017-01-01,KC,SD,37,27,-10,64,174
2016_17_SEA_SF,2016,17,REG,2017-01-01,SEA,SF,25,23,-2,48,173
2016_17_NYG_WAS,2016,17,REG,2017-01-01,NYG,WAS,19,10,-9,29,170
2016_17_GB_DET,2016,17,REG,2017-01-01,GB,DET,31,24,-7,55,190
2016_18_OAK_HOU,2016,18,WC,2017-01-07,OAK,HOU,14,27,13,41,200
2016_18_DET_SEA,2016,18,WC,2017-01-07,DET,SEA,6,26,20,32,161
2016_18_MIA_PIT,2016,18,WC,2017-01-08,MIA,PIT,12,30,18,42,159
2016_18_NYG_GB,2016,18,WC,2017-01-08,NYG,GB,13,38,25,51,182
2016_19_SEA_ATL,2016,19,DIV,2017-01-14,SEA,ATL,20,36,16,56,165
2016_19_HOU_NE,2016,19,DIV,2017-01-14,HOU,NE,16,34,18,50,182
2016_19_GB_DAL,2016,19,DIV,2017-01-15,GB,DAL,34,31,-3,65,179
2016_19_PIT_KC,2016,19,DIV,2017-01-15,PIT,KC,18,16,-2,34,162
2016_20_GB_ATL,2016,20,CON,2017-01-22,GB,ATL,21,44,23,65,180
2016_20_PIT_NE,2016,20,CON,2017-01-22,PIT,NE,17,36,19,53,181
2016_21_NE_ATL,2016,21,SB,2017-02-05,NE,ATL,34,28,-6,62,193
2017_01_KC_NE,2017,1,REG,2017-09-07,KC,NE,42,27,-15,69,201
2017_01_NYJ_BUF,2017,1,REG,2017-09-10,NYJ,BUF,12,21,9,33,171
2017_01_ATL_CHI,2017,1,REG,2017-09-10,ATL,CHI,23,17,-6,40,162
2017_01_BAL_CIN,2017,1,REG,2017-09-10,BAL,CIN,20,0,-20,20,168
2017_01_PIT_CLE,2017,1,REG,2017-09-10,PIT,CLE,21,18,-3,39,164
2017_01_ARI_DET,2017,1,REG,2017-09-10,ARI,DET,23,35,12,58,190
2017_01_JAX_HOU,2017,1,REG,2017-09-10,JAX,HOU,29,7,-22,36,183
2017_01_OAK_TEN,2017,1,REG,2017-09-10,OAK,TEN,26,16,-10,42,173
2017_01_PHI_WAS,2017,1,REG,2017-09-10,PHI,WAS,30,17,-13,47,174
2017_01_IND_LA,2017,1,REG,2017-09-10,IND,LA,9,46,37,55,164
2017_01_SEA_GB,2017,1,REG,2017-09-10,SEA,GB,9,17,8,26,175
2017_01_CAR_SF,2017,1,REG,2017-09-10,CAR,SF,23,3,-20,26,163
2017_01_NYG_DAL,2017,1,REG,2017-09-10,NYG,DAL,3,19,16,22,168
2017_01_NO_MIN,2017,1,REG,2017-09-11,NO,MIN,19,29,10,48,171
2017_01_LAC_DEN,2017,1,REG,2017-09-11,LAC,DEN,21,24,3,45,166
2017_02_HOU_CIN,2017,2,REG,2017-09-14,HOU,CIN,13,9,-4,22,178
2017_02_CLE_BAL,2017,2,REG,2017-09-17,CLE,BAL,10,24,14,34,186
2017_02_BUF_CAR,2017,2,REG,2017-09-17,BUF,CAR,3,9,6,12,159
2017_02_ARI_IND,2017,2,REG,2017-09-17,ARI,IND,16,13,-3,29,188
2017_02_TEN_JAX,2017,2,REG,2017-09-17,TEN,JAX,37,16,-21,53,175
2017_02_PHI_KC,2017,2,REG,2017-09-17,PHI,KC,20,27,7,47,173
2017_02_NE_NO,2017,2,REG,2017-09-17,NE,NO,36,20,-16,56,189
2017_02_MIN_PIT,2017,2,REG,2017-09-17,MIN,PIT,9,26,17,35,187
2017_02_CHI_TB,2017,2,REG,2017-09-17,CHI,TB,7,29,22,36,169
2017_02_MIA_LAC,2017,2,REG,2017-09-17,MIA,LAC,19,17,-2,36,170
2017_02_NYJ_OAK,2017,2,REG,2017-09-17,NYJ,OAK,20,45,25,65,157
2017_02_DAL_DEN,2017,2,REG,2017-09-17,DAL,DEN,17,42,25,59,196
2017_02_WAS_LA,2017,2,REG,2017-09-17,WAS,LA,27,20,-7,47,169
2017_02_SF_SEA,2017,2,REG,2017-09-17,SF,SEA,9,12,3,21,175
2017_02_GB_ATL,2017,2,REG,2017-09-17,GB,ATL,23,34,11,57,181
2017_02_DET_NYG,2017,2,REG,2017-09-18,DET,NYG,24,10,-14,34,155
2017_03_LA_SF,2017,3,REG,2017-09-21,LA,SF,41,39,-2,80,195
2017_03_DEN_BUF,2017,3,REG,2017-09-24,DEN,BUF,16,26,10,42,191
2017_03_NO_CAR,2017,3,REG,2017-09-24,NO,CAR,34,13,-21,47,155
2017_03_PIT_CHI,2017,3,REG,2017-09-24,PIT,CHI,17,23,6,40,174
2017_03_ATL_DET,2017,3,REG,2017-09-24,ATL,DET,30,26,-4,56,189
2017_03_CLE_IND,2017,3,REG,2017-09-24,CLE,IND,28,31,3,59,198
2017_03_TB_MIN,2017,3,REG,2017-09-24,TB,MIN,17,34,17,51,167
2017_03_HOU_NE,2017,3,REG,2017-09-24,HOU,NE,33,36,3,69,188
2017_03_MIA_NYJ,2017,3,REG,2017-09-24,MIA,NYJ,6,20,14,26,169
2017_03_NYG_PHI,2017,3,REG,2017-09-24,NYG,PHI,24,27,3,51,194
2017_03_SEA_TEN,2017,3,REG,2017-09-24,SEA,TEN,27,33,6,60,197
2017_03_CIN_GB,2017,3,REG,2017-09-24,CIN,GB,24,27,3,51,180
2017_03_KC_LAC,2017,3,REG,2017-09-24,KC,LAC,24,10,-14,34,170
2017_03_OAK_WAS,2017,3,REG,2017-09-24,OAK,WAS,10,27,17,37,161
2017_03_BAL_JAX,2017,3,REG,2017-09-24,BAL,JAX,7,44,37,51,176
2017_03_DAL_ARI,2017,3,REG,2017-09-25,DAL,ARI,28,17,-11,45,175
2017_04_CHI_GB,2017,4,REG,2017-09-28,CHI,GB,14,35,21,49,166
2017_04_BUF_ATL,2017,4,REG,2017-10-01,BUF,ATL,23,17,-6,40,177
2017_04_PIT_BAL,2017,4,REG,2017-10-01,PIT,BAL,26,9,-17,35,189
2017_04_CIN_CLE,2017,4,REG,2017-10-01,CIN,CLE,31,7,-24,38,168
2017_04_LA_DAL,2017,4,REG,2017-10-01,LA,DAL,35,30,-5,65,187
2017_04_TEN_HOU,2017,4,REG,2017-10-01,TEN,HOU,14,57,43,71,168
2017_04_DET_MIN,2017,4,REG,2017-10-01,DET,MIN,14,7,-7,21,167
2017_04_CAR_NE,2017,4,REG,2017-10-01,CAR,NE,33,30,-3,63,172
2017_04_JAX_NYJ,2017,4,REG,2017-10-01,JAX,NYJ,20,23,3,43,212
2017_04_SF_ARI,2017,4,REG,2017-10-01,SF,ARI,15,18,3,33,223
2017_04_PHI_LAC,2017,4,REG,2017-10-01,PHI,LAC,26,24,-2,50,181
2017_04_NYG_TB,2017,4,REG,2017-10-01,NYG,TB,23,25,2,48,191
2017_04_OAK_DEN,2017,4,REG,2017-10-01,OAK,DEN,10,16,6,26,164
2017_04_IND_SEA,2017,4,REG,2017-10-01,IND,SEA,18,46,28,64,171
2017_04_NO_MIA,2017,4,REG,2017-10-01,NO,MIA,20,0,-20,20,162
2017_04_WAS_KC,2017,4,REG,2017-10-02,WAS,KC,20,29,9,49,172
2017_05_NE_TB,2017,5,REG,2017-10-05,NE,TB,19,14,-5,33,193
2017_05_BUF_CIN,2017,5,REG,2017-10-08,BUF,CIN,16,20,4,36,178
2017_05_NYJ_CLE,2017,5,REG,2017-10-08,NYJ,CLE,17,14,-3,31,166
2017_05_CAR_DET,2017,5,REG,2017-10-08,CAR,DET,27,24,-3,51,176
2017_05_SF_IND,2017,5,REG,2017-10-08,SF,IND,23,26,3,49,206
2017_05_TEN_MIA,2017,5,REG,2017-10-08,TEN,MIA,10,16,6,26,172
2017_05_LAC_NYG,2017,5,REG,2017-10-08,LAC,NYG,27,22,-5,49,197
2017_05_ARI_PHI,2017,5,REG,2017-10-08,ARI,PHI,7,34,27,41,168
2017_05_JAX_PIT,2017,5,REG,2017-10-08,JAX,PIT,30,9,-21,39,174
2017_05_SEA_LA,2017,5,REG,2017-10-08,SEA,LA,16,10,-6,26,183
2017_05_BAL_OAK,2017,5,REG,2017-10-08,BAL,OAK,30,17,-13,47,163
2017_05_GB_DAL,2017,5,REG,2017-10-08,GB,DAL,35,31,-4,66,175
2017_05_KC_HOU,2017,5,REG,2017-10-08,KC,HOU,42,34,-8,76,185
2017_05_MIN_CHI,2017,5,REG,2017-10-09,MIN,CHI,20,17,-3,37,178
2017_06_PHI_CAR,2017,6,REG,2017-10-12,PHI,CAR,28,23,-5,51,189
2017_06_MIA_ATL,2017,6,REG,2017-10-15,MIA,ATL,20,17,-3,37,160
2017_06_CHI_BAL,2017,6,REG,2017-10-15,CHI,BAL,27,24,-3,51,207
2017_06_CLE_HOU,2017,6,REG,2017-10-15,CLE,HOU,17,33,16,50,179
2017_06_GB_MIN,2017,6,REG,2017-10-15,GB,MIN,10,23,13,33,185
2017_06_DET_NO,2017,6,REG,2017-10-15,DET,NO,38,52,14,90,213
2017_06_NE_NYJ,2017,6,REG,2017-10-15,NE,NYJ,24,17,-7,41,184
2017_06_SF_WAS,2017,6,REG,2017-10-15,SF,WAS,24,26,2,50,196
2017_06_TB_ARI,2017,6,REG,2017-10-15,TB,ARI,33,38,5,71,178
2017_06_LA_JAX,2017,6,REG,2017-10-15,LA,JAX,27,17,-10,44,180
2017_06_PIT_KC,2017,6,REG,2017-10-15,PIT,KC,19,13,-6,32,157
2017_06_LAC_OAK,2017,6,REG,2017-10-15,LAC,OAK,17,16,-1,33,161
2017_06_NYG_DEN,2017,6,REG,2017-10-15,NYG,DEN,23,10,-13,33,178
2017_06_IND_TEN,2017,6,REG,2017-10-16,IND,TEN,22,36,14,58,171
2017_07_KC_OAK,2017,7,REG,2017-10-19,KC,OAK,30,31,1,61,189
2017_07_TB_BUF,2017,7,REG,2017-10-22,TB,BUF,27,30,3,57,190
2017_07_CAR_CHI,2017,7,REG,2017-10-22,CAR,CHI,3,17,14,20,146
2017_07_TEN_CLE,2017,7,REG,2017-10-22,TEN,CLE,12,9,-3,21,185
2017_07_NO_GB,2017,7,REG,2017-10-22,NO,GB,26,17,-9,43,174
2017_07_JAX_IND,2017,7,REG,2017-10-22,JAX,IND,27,0,-27,27,168
2017_07_ARI_LA,2017,7,REG,2017-10-22,ARI,LA,0,33,33,33,171
2017_07_NYJ_MIA,2017,7,REG,2017-10-22,NYJ,MIA,28,31,3,59,181
2017_07_BAL_MIN,2017,7,REG,2017-10-22,BAL,MIN,16,24,8,40,179
2017_07_DAL_SF,2017,7,REG,2017-10-22,DAL,SF,40,10,-30,50,177
2017_07_DEN_LAC,2017,7,REG,2017-10-22,DEN,LAC,0,21,21,21,167
2017_07_SEA_NYG,2017,7,REG,2017-10-22,SEA,NYG,24,7,-17,31,180
2017_07_CIN_PIT,2017,7,REG,2017-10-22,CIN,PIT,14,29,15,43,163
2017_07_ATL_NE,2017,7,REG,2017-10-22,ATL,NE,7,23,16,30,171
2017_07_WAS_PHI,2017,7,REG,2017-10-23,WAS,PHI,24,34,10,58,176
2017_08_MIA_BAL,2017,8,REG,2017-10-26,MIA,BAL,0,40,40,40,178
2017_08_OAK_BUF,2017,8,REG,2017-10-29,OAK,BUF,14,34,20,48,179
2017_08_IND_CIN,2017,8,REG,2017-10-29,IND,CIN,23,24,1,47,175
2017_08_LAC_NE,2017,8,REG,2017-10-29,LAC,NE,13,21,8,34,185
2017_08_CHI_NO,2017,8,REG,2017-10-29,CHI,NO,12,20,8,32,169
2017_08_ATL_NYJ,2017,8,REG,2017-10-29,ATL,NYJ,25,20,-5,45,176
2017_08_SF_PHI,2017,8,REG,2017-10-29,SF,PHI,10,33,23,43,182
2017_08_CAR_TB,2017,8,REG,2017-10-29,CAR,TB,17,3,-14,20,168
2017_08_HOU_SEA,2017,8,REG,2017-10-29,HOU,SEA,38,41,3,79,193
2017_08_DAL_WAS,2017,8,REG,2017-10-29,DAL,WAS,33,19,-14,52,176
2017_08_PIT_DET,2017,8,REG,2017-10-29,PIT,DET,20,15,-5,35,176
2017_08_MIN_CLE,2017,8,REG,2017-10-29,MIN,CLE,33,16,-17,49,189
2017_08_DEN_KC,2017,8,REG,2017-10-30,DEN,KC,19,29,10,48,186
2017_09_BUF_NYJ,2017,9,REG,2017-11-02,BUF,NYJ,21,34,13,55,193
2017_09_ATL_CAR,2017,9,REG,2017-11-05,ATL,CAR,17,20,3,37,168
2017_09_IND_HOU,2017,9,REG,2017-11-05,IND,HOU,20,14,-6,34,182
2017_09_CIN_JAX,2017,9,REG,2017-11-05,CIN,JAX,7,23,16,30,154
2017_09_TB_NO,2017,9,REG,2017-11-05,TB,NO,10,30,20,40,163
2017_09_LA_NYG,2017,9,REG,2017-11-05,LA,NYG,51,17,-34,68,178
2017_09_DEN_PHI,2017,9,REG,2017-11-05,DEN,PHI,23,51,28,74,187
2017_09_BAL_TEN,2017,9,REG,2017-11-05,BAL,TEN,20,23,3,43,170
2017_09_WAS_SEA,2017,9,REG,2017-11-05,WAS,SEA,17,14,-3,31,195
2017_09_ARI_SF,2017,9,REG,2017-11-05,ARI,SF,20,10,-10,30,193
2017_09_KC_DAL,2017,9,REG,2017-11-05,KC,DAL,17,28,11,45,169
2017_09_OAK_MIA,2017,9,REG,2017-11-05,OAK,MIA,27,24,-3,51,174
2017_09_DET_GB,2017,9,REG,2017-11-06,DET,GB,30,17,-13,47,162
2017_10_SEA_ARI,2017,10,REG,2017-11-09,SEA,ARI,22,16,-6,38,189
2017_10_NO_BUF,2017,10,REG,2017-11-12,NO,BUF,47,10,-37,57,170
2017_10_GB_CHI,2017,10,REG,2017-11-12,GB,CHI,23,16,-7,39,176
2017_10_CLE_DET,2017,10,REG,2017-11-12,CLE,DET,24,38,14,62,178
2017_10_PIT_IND,2017,10,REG,2017-11-12,PIT,IND,20,17,-3,37,173
2017_10_LAC_JAX,2017,10,REG,2017-11-12,LAC,JAX,17,20,3,37,203
2017_10_NYJ_TB,2017,10,REG,2017-11-12,NYJ,TB,10,15,5,25,181
2017_10_CIN_TEN,2017,10,REG,2017-11-12,CIN,TEN,20,24,4,44,188
2017_10_MIN_WAS,2017,10,REG,2017-11-12,MIN,WAS,38,30,-8,68,178
2017_10_HOU_LA,2017,10,REG,2017-11-12,HOU,LA,7,33,26,40,182
2017_10_DAL_ATL,2017,10,REG,2017-11-12,DAL,ATL,7,27,20,34,164
2017_10_NYG_SF,2017,10,REG,2017-11-12,NYG,SF,21,31,10,52,166
2017_10_NE_DEN,2017,10,REG,2017-11-12,NE,DEN,41,16,-25,57,170
2017_10_MIA_CAR,2017,10,REG,2017-11-13,MIA,CAR,21,45,24,66,170
2017_11_TEN_PIT,2017,11,REG,2017-11-16,TEN,PIT,17,40,23,57,187
2017_11_DET_CHI,2017,11,REG,2017-11-19,DET,CHI,27,24,-3,51,167
2017_11_JAX_CLE,2017,11,REG,2017-11-19,JAX,CLE,19,7,-12,26,177
2017_11_BAL_GB,2017,11,REG,2017-11-19,BAL,GB,23,0,-23,23,163
2017_11_ARI_HOU,2017,11,REG,2017-11-19,ARI,HOU,21,31,10,52,171
2017_11_TB_MIA,2017,11,REG,2017-11-19,TB,MIA,30,20,-10,50,180
2017_11_LA_MIN,2017,11,REG,2017-11-19,LA,MIN,7,24,17,31,177
2017_11_WAS_NO,2017,11,REG,2017-11-19,WAS,NO,31,34,3,65,194
2017_11_KC_NYG,2017,11,REG,2017-11-19,KC,NYG,9,12,3,21,186
2017_11_BUF_LAC,2017,11,REG,2017-11-19,BUF,LAC,24,54,30,78,186
2017_11_CIN_DEN,2017,11,REG,2017-11-19,CIN,DEN,20,17,-3,37,178
2017_11_NE_OAK,2017,11,REG,2017-11-19,NE,OAK,33,8,-25,41,173
2017_11_PHI_DAL,2017,11,REG,2017-11-19,PHI,DAL,37,9,-28,46,162
2017_11_ATL_SEA,2017,11,REG,2017-11-20,ATL,SEA,34,31,-3,65,185
2017_12_MIN_DET,2017,12,REG,2017-11-23,MIN,DET,30,23,-7,53,178
2017_12_LAC_DAL,2017,12,REG,2017-11-23,LAC,DAL,28,6,-22,34,158
2017_12_NYG_WAS,2017,12,REG,2017-11-23,NYG,WAS,10,20,10,30,175
2017_12_TB_ATL,2017,12,REG,2017-11-26,TB,ATL,20,34,14,54,174
2017_12_CLE_CIN,2017,12,REG,2017-11-26,CLE,CIN,16,30,14,46,174
2017_12_TEN_IND,2017,12,REG,2017-11-26,TEN,IND,20,16,-4,36,160
2017_12_BUF_KC,2017,12,REG,2017-11-26,BUF,KC,16,10,-6,26,173
2017_12_MIA_NE,2017,12,REG,2017-11-26,MIA,NE,17,35,18,52,172
2017_12_CAR_NYJ,2017,12,REG,2017-11-26,CAR,NYJ,35,27,-8,62,196
2017_12_CHI_PHI,2017,12,REG,2017-11-26,CHI,PHI,3,31,28,34,173
2017_12_SEA_SF,2017,12,REG,2017-11-26,SEA,SF,24,13,-11,37,188
2017_12_JAX_ARI,2017,12,REG,2017-11-26,JAX,ARI,24,27,3,51,190
2017_12_NO_LA,2017,12,REG,2017-11-26,NO,LA,20,26,6,46,182
2017_12_DEN_OAK,2017,12,REG,2017-11-26,DEN,OAK,14,21,7,35,168
2017_12_GB_PIT,2017,12,REG,2017-11-26,GB,PIT,28,31,3,59,170
2017_12_HOU_BAL,2017,12,REG,2017-11-27,HOU,BAL,16,23,7,39,183
2017_13_WAS_DAL,2017,13,REG,2017-11-30,WAS,DAL,14,38,24,52,168
2017_13_MIN_ATL,2017,13,REG,2017-12-03,MIN,ATL,14,9,-5,23,156
2017_13_DET_BAL,2017,13,REG,2017-12-03,DET,BAL,20,44,24,64,176
2017_13_NE_BUF,2017,13,REG,2017-12-03,NE,BUF,23,3,-20,26,177
2017_13_SF_CHI,2017,13,REG,2017-12-03,SF,CHI,15,14,-1,29,148
2017_13_TB_GB,2017,13,REG,2017-12-03,TB,GB,20,26,6,46,174
2017_13_IND_JAX,2017,13,REG,2017-12-03,IND,JAX,10,30,20,40,171
2017_13_DEN_MIA,2017,13,REG,2017-12-03,DEN,MIA,9,35,26,44,189
2017_13_KC_NYJ,2017,13,REG,2017-12-03,KC,NYJ,31,38,7,69,185
2017_13_HOU_TEN,2017,13,REG,2017-12-03,HOU,TEN,13,24,11,37,177
2017_13_CLE_LAC,2017,13,REG,2017-12-03,CLE,LAC,10,19,9,29,169
2017_13_LA_ARI,2017,13,REG,2017-12-03,LA,ARI,32,16,-16,48,170
2017_13_CAR_NO,2017,13,REG,2017-12-03,CAR,NO,21,31,10,52,164
2017_13_NYG_OAK,2017,13,REG,2017-12-03,NYG,OAK,17,24,7,41,174
2017_13_PHI_SEA,2017,13,REG,2017-12-03,PHI,SEA,10,24,14,34,172
2017_13_PIT_CIN,2017,13,REG,2017-12-04,PIT,CIN,23,20,-3,43,175
2017_14_NO_ATL,2017,14,REG,2017-12-07,NO,ATL,17,20,3,37,165
2017_14_IND_BUF,2017,14,REG,2017-12-10,IND,BUF,7,13,6,20,186
2017_14_MIN_CAR,2017,14,REG,2017-12-10,MIN,CAR,24,31,7,55,182
2017_14_CHI_CIN,2017,14,REG,2017-12-10,CHI,CIN,33,7,-26,40,168
2017_14_GB_CLE,2017,14,REG,2017-12-10,GB,CLE,27,21,-6,48,177
2017_14_SF_HOU,2017,14,REG,2017-12-10,SF,HOU,26,16,-10,42,186
2017_14_OAK_KC,2017,14,REG,2017-12-10,OAK,KC,15,26,11,41,178
2017_14_DAL_NYG,2017,14,REG,2017-12-10,DAL,NYG,30,10,-20,40,185
2017_14_DET_TB,2017,14,REG,2017-12-10,DET,TB,24,21,-3,45,178
2017_14_TEN_ARI,2017,14,REG,2017-12-10,TEN,ARI,7,12,5,19,164
2017_14_NYJ_DEN,2017,14,REG,2017-12-10,NYJ,DEN,0,23,23,23,158
2017_14_WAS_LAC,2017,14,REG,2017-12-10,WAS,LAC,13,30,17,43,163
2017_14_SEA_JAX,2017,14,REG,2017-12-10,SEA,JAX,24,30,6,54,173
2017_14_PHI_LA,2017,14,REG,2017-12-10,PHI,LA,43,35,-8,78,194
2017_14_BAL_PIT,2017,14,REG,2017-12-10,BAL,PIT,38,39,1,77,201
2017_14_NE_MIA,2017,14,REG,2017-12-11,NE,MIA,20,27,7,47,185
2017_15_DEN_IND,2017,15,REG,2017-12-14,DEN,IND,25,13,-12,38,175
2017_15_CHI_DET,2017,15,REG,2017-12-16,CHI,DET,10,20,10,30,170
2017_15_LAC_KC,2017,15,REG,2017-12-16,LAC,KC,13,30,17,43,174
2017_15_MIA_BUF,2017,15,REG,2017-12-17,MIA,BUF,16,24,8,40,182
2017_15_GB_CAR,2017,15,REG,2017-12-17,GB,CAR,24,31,7,55,187
2017_15_BAL_CLE,2017,15,REG,2017-12-17,BAL,CLE,27,10,-17,37,179
2017_15_HOU_JAX,2017,15,REG,2017-12-17,HOU,JAX,7,45,38,52,180
2017_15_CIN_MIN,2017,15,REG,2017-12-17,CIN,MIN,7,34,27,41,161
2017_15_NYJ_NO,2017,15,REG,2017-12-17,NYJ,NO,19,31,12,50,186
2017_15_PHI_NYG,2017,15,REG,2017-12-17,PHI,NYG,34,29,-5,63,199
2017_15_ARI_WAS,2017,15,REG,2017-12-17,ARI,WAS,15,20,5,35,180
2017_15_LA_SEA,2017,15,REG,2017-12-17,LA,SEA,42,7,-35,49,170
2017_15_NE_PIT,2017,15,REG,2017-12-17,NE,PIT,27,24,-3,51,165
2017_15_TEN_SF,2017,15,REG,2017-12-17,TEN,SF,23,25,2,48,177
2017_15_DAL_OAK,2017,15,REG,2017-12-17,DAL,OAK,20,17,-3,37,170
2017_15_ATL_TB,2017,15,REG,2017-12-18,ATL,TB,24,21,-3,45,169
2017_16_IND_BAL,2017,16,REG,2017-12-23,IND,BAL,16,23,7,39,178
2017_16_MIN_GB,2017,16,REG,2017-12-23,MIN,GB,16,0,-16,16,166
2017_16_TB_CAR,2017,16,REG,2017-12-24,TB,CAR,19,22,3,41,175
2017_16_CLE_CHI,2017,16,REG,2017-12-24,CLE,CHI,3,20,17,23,160
2017_16_DET_CIN,2017,16,REG,2017-12-24,DET,CIN,17,26,9,43,193
2017_16_MIA_KC,2017,16,REG,2017-12-24,MIA,KC,13,29,16,42,179
2017_16_BUF_NE,2017,16,REG,2017-12-24,BUF,NE,16,37,21,53,179
2017_16_ATL_NO,2017,16,REG,2017-12-24,ATL,NO,13,23,10,36,173
2017_16_LAC_NYJ,2017,16,REG,2017-12-24,LAC,NYJ,14,7,-7,21,178
2017_16_LA_TEN,2017,16,REG,2017-12-24,LA,TEN,27,23,-4,50,181
2017_16_DEN_WAS,2017,16,REG,2017-12-24,DEN,WAS,11,27,16,38,180
2017_16_JAX_SF,2017,16,REG,2017-12-24,JAX,SF,33,44,11,77,205
2017_16_NYG_ARI,2017,16,REG,2017-12-24,NYG,ARI,0,23,23,23,176
2017_16_SEA_DAL,2017,16,REG,2017-12-24,SEA,DAL,21,12,-9,33,174
2017_16_PIT_HOU,2017,16,REG,2017-12-25,PIT,HOU,34,6,-28,40,152
2017_16_OAK_PHI,2017,16,REG,2017-12-25,OAK,PHI,10,19,9,29,176
2017_17_GB_DET,2017,17,REG,2017-12-31,GB,DET,11,35,24,46,164
2017_17_HOU_IND,2017,17,REG,2017-12-31,HOU,IND,13,22,9,35,160
2017_17_CHI_MIN,2017,17,REG,2017-12-31,CHI,MIN,10,23,13,33,176
2017_17_NYJ_NE,2017,17,REG,2017-12-31,NYJ,NE,6,26,20,32,187
2017_17_WAS_NYG,2017,17,REG,2017-12-31,WAS,NYG,10,18,8,28,177
2017_17_DAL_PHI,2017,17,REG,2017-12-31,DAL,PHI,6,0,-6,6,164
2017_17_CLE_PIT,2017,17,REG,2017-12-31,CLE,PIT,24,28,4,52,170
2017_17_CAR_ATL,2017,17,REG,2017-12-31,CAR,ATL,10,22,12,32,180
2017_17_CIN_BAL,2017,17,REG,2017-12-31,CIN,BAL,31,27,-4,58,206
2017_17_KC_DEN,2017,17,REG,2017-12-31,KC,DEN,27,24,-3,51,176
2017_17_SF_LA,2017,17,REG,2017-12-31,SF,LA,34,13,-21,47,171
2017_17_OAK_LAC,2017,17,REG,2017-12-31,OAK,LAC,10,30,20,40,158
2017_17_BUF_MIA,2017,17,REG,2017-12-31,BUF,MIA,22,16,-6,38,178
2017_17_ARI_SEA,2017,17,REG,2017-12-31,ARI,SEA,26,24,-2,50,182
2017_17_NO_TB,2017,17,REG,2017-12-31,NO,TB,24,31,7,55,184
2017_17_JAX_TEN,2017,17,REG,2017-12-31,JAX,TEN,10,15,5,25,172
2017_18_TEN_KC,2017,18,WC,2018-01-06,TEN,KC,22,21,-1,43,165
2017_18_ATL_LA,2017,18,WC,2018-01-06,ATL,LA,26,13,-13,39,183
2017_18_BUF_JAX,2017,18,WC,2018-01-07,BUF,JAX,3,10,7,13,177
2017_18_CAR_NO,2017,18,WC,2018-01-07,CAR,NO,26,31,5,57,178
2017_19_ATL_PHI,2017,19,DIV,2018-01-13,ATL,PHI,10,15,5,25,168
2017_19_TEN_NE,2017,19,DIV,2018-01-13,TEN,NE,14,35,21,49,189
2017_19_JAX_PIT,2017,19,DIV,2018-01-14,JAX,PIT,45,42,-3,87,186
2017_19_NO_MIN,2017,19,DIV,2018-01-14,NO,MIN,24,29,5,53,192
2017_20_JAX_NE,2017,20,CON,2018-01-21,JAX,NE,20,24,4,44,179
2017_20_MIN_PHI,2017,20,CON,2018-01-21,MIN,PHI,7,38,31,45,163
2017_21_PHI_NE,2017,21,SB,2018-02-04,PHI,NE,41,33,-8,74,197
2018_01_ATL_PHI,2018,1,REG,2018-09-06,ATL,PHI,12,18,6,30,185
2018_01_BUF_BAL,2018,1,REG,2018-09-09,BUF,BAL,3,47,44,50,198
2018_01_PIT_CLE,2018,1,REG,2018-09-09,PIT,CLE,21,21,0,42,231
2018_01_CIN_IND,2018,1,REG,2018-09-09,CIN,IND,34,23,-11,57,180
2018_01_TEN_MIA,2018,1,REG,2018-09-09,TEN,MIA,20,27,7,47,182
2018_01_SF_MIN,2018,1,REG,2018-09-09,SF,MIN,16,24,8,40,184
2018_01_HOU_NE,2018,1,REG,2018-09-09,HOU,NE,20,27,7,47,198
2018_01_TB_NO,2018,1,REG,2018-09-09,TB,NO,48,40,-8,88,179
2018_01_JAX_NYG,2018,1,REG,2018-09-09,JAX,NYG,20,15,-5,35,181
2018_01_KC_LAC,2018,1,REG,2018-09-09,KC,LAC,38,28,-10,66,183
2018_01_WAS_ARI,2018,1,REG,2018-09-09,WAS,ARI,24,6,-18,30,167
2018_01_DAL_CAR,2018,1,REG,2018-09-09,DAL,CAR,8,16,8,24,174
2018_01_SEA_DEN,2018,1,REG,2018-09-09,SEA,DEN,24,27,3,51,181
2018_01_CHI_GB,2018,1,REG,2018-09-09,CHI,GB,23,24,1,47,177
2018_01_NYJ_DET,2018,1,REG,2018-09-10,NYJ,DET,48,17,-31,65,176
2018_01_LA_OAK,2018,1,REG,2018-09-10,LA,OAK,33,13,-20,46,183
2018_02_BAL_CIN,2018,2,REG,2018-09-13,BAL,CIN,23,34,11,57,213
2018_02_CAR_ATL,2018,2,REG,2018-09-16,CAR,ATL,24,31,7,55,173
2018_02_LAC_BUF,2018,2,REG,2018-09-16,LAC,BUF,31,20,-11,51,166
2018_02_MIN_GB,2018,2,REG,2018-09-16,MIN,GB,29,29,0,58,208
2018_02_CLE_NO,2018,2,REG,2018-09-16,CLE,NO,18,21,3,39,168
2018_02_MIA_NYJ,2018,2,REG,2018-09-16,MIA,NYJ,20,12,-8,32,166
2018_02_KC_PIT,2018,2,REG,2018-09-16,KC,PIT,42,37,-5,79,193
2018_02_PHI_TB,2018,2,REG,2018-09-16,PHI,TB,21,27,6,48,185
2018_02_HOU_TEN,2018,2,REG,2018-09-16,HOU,TEN,17,20,3,37,172
2018_02_IND_WAS,2018,2,REG,2018-09-16,IND,WAS,21,9,-12,30,176
2018_02_ARI_LA,2018,2,REG,2018-09-16,ARI,LA,0,34,34,34,152
2018_02_DET_SF,2018,2,REG,2018-09-16,DET,SF,27,30,3,57,190
2018_02_OAK_DEN,2018,2,REG,2018-09-16,OAK,DEN,19,20,1,39,172
2018_02_NE_JAX,2018,2,REG,2018-09-16,NE,JAX,20,31,11,51,173
2018_02_NYG_DAL,2018,2,REG,2018-09-16,NYG,DAL,13,20,7,33,161
2018_02_SEA_CHI,2018,2,REG,2018-09-17,SEA,CHI,17,24,7,41,176
2018_03_NYJ_CLE,2018,3,REG,2018-09-20,NYJ,CLE,17,21,4,38,186
2018_03_NO_ATL,2018,3,REG,2018-09-23,NO,ATL,43,37,-6,80,201
2018_03_DEN_BAL,2018,3,REG,2018-09-23,DEN,BAL,14,27,13,41,186
2018_03_CIN_CAR,2018,3,REG,2018-09-23,CIN,CAR,21,31,10,52,170
2018_03_NYG_HOU,2018,3,REG,2018-09-23,NYG,HOU,27,22,-5,49,175
2018_03_TEN_JAX,2018,3,REG,2018-09-23,TEN,JAX,9,6,-3,15,164
2018_03_SF_KC,2018,3,REG,2018-09-23,SF,KC,27,38,11,65,188
2018_03_OAK_MIA,2018,3,REG,2018-09-23,OAK,MIA,20,28,8,48,167
2018_03_BUF_MIN,2018,3,REG,2018-09-23,BUF,MIN,27,6,-21,33,174
2018_03_IND_PHI,2018,3,REG,2018-09-23,IND,PHI,16,20,4,36,189
2018_03_GB_WAS,2018,3,REG,2018-09-23,GB,WAS,17,31,14,48,175
2018_03_LAC_LA,2018,3,REG,2018-09-23,LAC,LA,23,35,12,58,169
2018_03_CHI_ARI,2018,3,REG,2018-09-23,CHI,ARI,16,14,-2,30,168
2018_03_DAL_SEA,2018,3,REG,2018-09-23,DAL,SEA,13,24,11,37,179
2018_03_NE_DET,2018,3,REG,2018-09-23,NE,DET,10,26,16,36,159
2018_03_PIT_TB,2018,3,REG,2018-09-24,PIT,TB,30,27,-3,57,188
2018_04_MIN_LA,2018,4,REG,2018-09-27,MIN,LA,31,38,7,69,176
2018_04_CIN_ATL,2018,4,REG,2018-09-30,CIN,ATL,37,36,-1,73,192
2018_04_TB_CHI,2018,4,REG,2018-09-30,TB,CHI,10,48,38,58,168
2018_04_DET_DAL,2018,4,REG,2018-09-30,DET,DAL,24,26,2,50,162
2018_04_BUF_GB,2018,4,REG,2018-09-30,BUF,GB,0,22,22,22,173
2018_04_HOU_IND,2018,4,REG,2018-09-30,HOU,IND,37,34,-3,71,238
2018_04_NYJ_JAX,2018,4,REG,2018-09-30,NYJ,JAX,12,31,19,43,178
2018_04_MIA_NE,2018,4,REG,2018-09-30,MIA,NE,7,38,31,45,165
2018_04_PHI_TEN,2018,4,REG,2018-09-30,PHI,TEN,23,26,3,49,199
2018_04_SEA_ARI,2018,4,REG,2018-09-30,SEA,ARI,20,17,-3,37,172
2018_04_CLE_OAK,2018,4,REG,2018-09-30,CLE,OAK,42,45,3,87,237
2018_04_SF_LAC,2018,4,REG,2018-09-30,SF,LAC,27,29,2,56,171
2018_04_NO_NYG,2018,4,REG,2018-09-30,NO,NYG,33,18,-15,51,171
2018_04_BAL_PIT,2018,4,REG,2018-09-30,BAL,PIT,26,14,-12,40,183
2018_04_KC_DEN,2018,4,REG,2018-10-01,KC,DEN,27,23,-4,50,183
2018_05_IND_NE,2018,5,REG,2018-10-04,IND,NE,24,38,14,62,198
2018_05_TEN_BUF,2018,5,REG,2018-10-07,TEN,BUF,12,13,1,25,160
2018_05_NYG_CAR,2018,5,REG,2018-10-07,NYG,CAR,31,33,2,64,181
2018_05_MIA_CIN,2018,5,REG,2018-10-07,MIA,CIN,17,27,10,44,167
2018_05_BAL_CLE,2018,5,REG,2018-10-07,BAL,CLE,9,12,3,21,218
2018_05_GB_DET,2018,5,REG,2018-10-07,GB,DET,23,31,8,54,190
2018_05_JAX_KC,2018,5,REG,2018-10-07,JAX,KC,14,30,16,44,195
2018_05_DEN_NYJ,2018,5,REG,2018-10-07,DEN,NYJ,16,34,18,50,181
2018_05_ATL_PIT,2018,5,REG,2018-10-07,ATL,PIT,17,41,24,58,173
2018_05_OAK_LAC,2018,5,REG,2018-10-07,OAK,LAC,10,26,16,36,161
2018_05_MIN_PHI,2018,5,REG,2018-10-07,MIN,PHI,23,21,-2,44,165
2018_05_LA_SEA,2018,5,REG,2018-10-07,LA,SEA,33,31,-2,64,177
2018_05_ARI_SF,2018,5,REG,2018-10-07,ARI,SF,28,18,-10,46,195
2018_05_DAL_HOU,2018,5,REG,2018-10-07,DAL,HOU,16,19,3,35,189
2018_05_WAS_NO,2018,5,REG,2018-10-08,WAS,NO,19,43,24,62,165
2018_06_PHI_NYG,2018,6,REG,2018-10-11,PHI,NYG,34,13,-21,47,184
2018_06_TB_ATL,2018,6,REG,2018-10-14,TB,ATL,29,34,5,63,179
2018_06_PIT_CIN,2018,6,REG,2018-10-14,PIT,CIN,28,21,-7,49,173
2018_06_LAC_CLE,2018,6,REG,2018-10-14,LAC,CLE,38,14,-24,52,177
2018_06_BUF_HOU,2018,6,REG,2018-10-14,BUF,HOU,13,20,7,33,165
2018_06_CHI_MIA,2018,6,REG,2018-10-14,CHI,MIA,28,31,3,59,193
2018_06_ARI_MIN,2018,6,REG,2018-10-14,ARI,MIN,17,27,10,44,175
2018_06_IND_NYJ,2018,6,REG,2018-10-14,IND,NYJ,34,42,8,76,195
2018_06_SEA_OAK,2018,6,REG,2018-10-14,SEA,OAK,27,3,-24,30,156
2018_06_CAR_WAS,2018,6,REG,2018-10-14,CAR,WAS,17,23,6,40,169
2018_06_LA_DEN,2018,6,REG,2018-10-14,LA,DEN,23,20,-3,43,185
2018_06_JAX_DAL,2018,6,REG,2018-10-14,JAX,DAL,7,40,33,47,163
2018_06_BAL_TEN,2018,6,REG,2018-10-14,BAL,TEN,21,0,-21,21,157
2018_06_KC_NE,2018,6,REG,2018-10-14,KC,NE,40,43,3,83,182
2018_06_SF_GB,2018,6,REG,2018-10-15,SF,GB,30,33,3,63,177
2018_07_DEN_ARI,2018,7,REG,2018-10-18,DEN,ARI,45,10,-35,55,168
2018_07_NE_CHI,2018,7,REG,2018-10-21,NE,CHI,38,31,-7,69,195
2018_07_BUF_IND,2018,7,REG,2018-10-21,BUF,IND,5,37,32,42,160
2018_07_HOU_JAX,2018,7,REG,2018-10-21,HOU,JAX,20,7,-13,27,172
2018_07_DET_MIA,2018,7,REG,2018-10-21,DET,MIA,32,21,-11,53,159
2018_07_MIN_NYJ,2018,7,REG,2018-10-21,MIN,NYJ,37,17,-20,54,190
2018_07_CAR_PHI,2018,7,REG,2018-10-21,CAR,PHI,21,17,-4,38,161
2018_07_CLE_TB,2018,7,REG,2018-10-21,CLE,TB,23,26,3,49,215
2018_07_NO_BAL,2018,7,REG,2018-10-21,NO,BAL,24,23,-1,47,175
2018_07_LA_SF,2018,7,REG,2018-10-21,LA,SF,39,10,-29,49,161
2018_07_DAL_WAS,2018,7,REG,2018-10-21,DAL,WAS,17,20,3,37,173
2018_07_CIN_KC,2018,7,REG,2018-10-21,CIN,KC,10,45,35,55,170
2018_07_TEN_LAC,2018,7,REG,2018-10-21,TEN,LAC,19,20,1,39,151
2018_07_NYG_ATL,2018,7,REG,2018-10-22,NYG,ATL,20,23,3,43,174
2018_08_MIA_HOU,2018,8,REG,2018-10-25,MIA,HOU,23,42,19,65,177
2018_08_BAL_CAR,2018,8,REG,2018-10-28,BAL,CAR,21,36,15,57,177
2018_08_NYJ_CHI,2018,8,REG,2018-10-28,NYJ,CHI,10,24,14,34,167
2018_08_TB_CIN,2018,8,REG,2018-10-28,TB,CIN,34,37,3,71,205
2018_08_SEA_DET,2018,8,REG,2018-10-28,SEA,DET,28,14,-14,42,159
2018_08_DEN_KC,2018,8,REG,2018-10-28,DEN,KC,23,30,7,53,178
2018_08_WAS_NYG,2018,8,REG,2018-10-28,WAS,NYG,20,13,-7,33,187
2018_08_CLE_PIT,2018,8,REG,2018-10-28,CLE,PIT,18,33,15,51,178
2018_08_IND_OAK,2018,8,REG,2018-10-28,IND,OAK,42,28,-14,70,168
2018_08_SF_ARI,2018,8,REG,2018-10-28,SF,ARI,15,18,3,33,178
2018_08_GB_LA,2018,8,REG,2018-10-28,GB,LA,27,29,2,56,182
2018_08_NO_MIN,2018,8,REG,2018-10-28,NO,MIN,30,20,-10,50,162
2018_08_PHI_JAX,2018,8,REG,2018-10-28,PHI,JAX,24,18,-6,42,162
2018_08_NE_BUF,2018,8,REG,2018-10-29,NE,BUF,25,6,-19,31,189
2018_09_OAK_SF,2018,9,REG,2018-11-01,OAK,SF,3,34,31,37,153
2018_09_PIT_BAL,2018,9,REG,2018-11-04,PIT,BAL,23,16,-7,39,182
2018_09_CHI_BUF,2018,9,REG,2018-11-04,CHI,BUF,41,9,-32,50,192
2018_09_TB_CAR,2018,9,REG,2018-11-04,TB,CAR,28,42,14,70,181
2018_09_KC_CLE,2018,9,REG,2018-11-04,KC,CLE,37,21,-16,58,177
2018_09_NYJ_MIA,2018,9,REG,2018-11-04,NYJ,MIA,6,13,7,19,166
2018_09_DET_MIN,2018,9,REG,2018-11-04,DET,MIN,9,24,15,33,161
2018_09_ATL_WAS,2018,9,REG,2018-11-04,ATL,WAS,38,14,-24,52,176
2018_09_HOU_DEN,2018,9,REG,2018-11-04,HOU,DEN,19,17,-2,36,177
2018_09_LAC_SEA,2018,9,REG,2018-11-04,LAC,SEA,25,17,-8,42,180
2018_09_LA_NO,2018,9,REG,2018-11-04,LA,NO,35,45,10,80,175
2018_09_GB_NE,2018,9,REG,2018-11-04,GB,NE,17,31,14,48,185
2018_09_TEN_DAL,2018,9,REG,2018-11-05,TEN,DAL,28,14,-14,42,165
2018_10_CAR_PIT,2018,10,REG,2018-11-08,CAR,PIT,21,52,31,73,159
2018_10_DET_CHI,2018,10,REG,2018-11-11,DET,CHI,22,34,12,56,176
2018_10_NO_CIN,2018,10,REG,2018-11-11,NO,CIN,51,14,-37,65,159
2018_10_ATL_CLE,2018,10,REG,2018-11-11,ATL,CLE,16,28,12,44,165
2018_10_JAX_IND,2018,10,REG,2018-11-11,JAX,IND,26,29,3,55,175
2018_10_ARI_KC,2018,10,REG,2018-11-11,ARI,KC,14,26,12,40,171
2018_10_BUF_NYJ,2018,10,REG,2018-11-11,BUF,NYJ,41,10,-31,51,172
2018_10_WAS_TB,2018,10,REG,2018-11-11,WAS,TB,16,3,-13,19,167
2018_10_NE_TEN,2018,10,REG,2018-11-11,NE,TEN,10,34,24,44,174
2018_10_LAC_OAK,2018,10,REG,2018-11-11,LAC,OAK,20,6,-14,26,159
2018_10_MIA_GB,2018,10,REG,2018-11-11,MIA,GB,12,31,19,43,166
2018_10_SEA_LA,2018,10,REG,2018-11-11,SEA,LA,31,36,5,67,183
2018_10_DAL_PHI,2018,10,REG,2018-11-11,DAL,PHI,27,20,-7,47,173
2018_10_NYG_SF,2018,10,REG,2018-11-12,NYG,SF,27,23,-4,50,180
2018_11_GB_SEA,2018,11,REG,2018-11-15,GB,SEA,24,27,3,51,168
2018_11_DAL_ATL,2018,11,REG,2018-11-18,DAL,ATL,22,19,-3,41,160
2018_11_CIN_BAL,2018,11,REG,2018-11-18,CIN,BAL,21,24,3,45,178
2018_11_CAR_DET,2018,11,REG,2018-11-18,CAR,DET,19,20,1,39,160
2018_11_TEN_IND,2018,11,REG,2018-11-18,TEN,IND,10,38,28,48,160
2018_11_PIT_JAX,2018,11,REG,2018-11-18,PIT,JAX,20,16,-4,36,180
2018_11_TB_NYG,2018,11,REG,2018-11-18,TB,NYG,35,38,3,73,171
2018_11_HOU_WAS,2018,11,REG,2018-11-18,HOU,WAS,23,21,-2,44,182
2018_11_OAK_ARI,2018,11,REG,2018-11-18,OAK,ARI,23,21,-2,44,173
2018_11_DEN_LAC,2018,11,REG,2018-11-18,DEN,LAC,23,22,-1,45,177
2018_11_PHI_NO,2018,11,REG,2018-11-18,PHI,NO,7,48,41,55,165
2018_11_MIN_CHI,2018,11,REG,2018-11-18,MIN,CHI,20,25,5,45,178
2018_11_KC_LA,2018,11,REG,2018-11-19,KC,LA,51,54,3,105,215
2018_12_CHI_DET,2018,12,REG,2018-11-22,CHI,DET,23,16,-7,39,164
2018_12_WAS_DAL,2018,12,REG,2018-11-22,WAS,DAL,23,31,8,54,183
2018_12_ATL_NO,2018,12,REG,2018-11-22,ATL,NO,17,31,14,48,164
2018_12_OAK_BAL,2018,12,REG,2018-11-25,OAK,BAL,17,34,17,51,172
2018_12_JAX_BUF,2018,12,REG,2018-11-25,JAX,BUF,21,24,3,45,185
2018_12_SEA_CAR,2018,12,REG,2018-11-25,SEA,CAR,30,27,-3,57,166
2018_12_CLE_CIN,2018,12,REG,2018-11-25,CLE,CIN,35,20,-15,55,180
2018_12_NE_NYJ,2018,12,REG,2018-11-25,NE,NYJ,27,13,-14,40,177
2018_12_NYG_PHI,2018,12,REG,2018-11-25,NYG,PHI,22,25,3,47,172
2018_12_SF_TB,2018,12,REG,2018-11-25,SF,TB,9,27,18,36,181
2018_12_ARI_LAC,2018,12,REG,2018-11-25,ARI,LAC,10,45,35,55,155
2018_12_PIT_DEN,2018,12,REG,2018-11-25,PIT,DEN,17,24,7,41,175
2018_12_MIA_IND,2018,12,REG,2018-11-25,MIA,IND,24,27,3,51,169
2018_12_GB_MIN,2018,12,REG,2018-11-25,GB,MIN,17,24,7,41,169
2018_12_TEN_HOU,2018,12,REG,2018-11-26,TEN,HOU,17,34,17,51,165
2018_13_NO_DAL,2018,13,REG,2018-11-29,NO,DAL,10,13,3,23,156
2018_13_BAL_ATL,2018,13,REG,2018-12-02,BAL,ATL,26,16,-10,42,177
2018_13_DEN_CIN,2018,13,REG,2018-12-02,DEN,CIN,24,10,-14,34,176
2018_13_LA_DET,2018,13,REG,2018-12-02,LA,DET,30,16,-14,46,188
2018_13_ARI_GB,2018,13,REG,2018-12-02,ARI,GB,20,17,-3,37,186
2018_13_CLE_HOU,2018,13,REG,2018-12-02,CLE,HOU,13,29,16,42,170
2018_13_IND_JAX,2018,13,REG,2018-12-02,IND,JAX,0,6,6,6,170
2018_13_BUF_MIA,2018,13,REG,2018-12-02,BUF,MIA,17,21,4,38,170
2018_13_CHI_NYG,2018,13,REG,2018-12-02,CHI,NYG,27,30,3,57,213
2018_13_CAR_TB,2018,13,REG,2018-12-02,CAR,TB,17,24,7,41,172
2018_13_KC_OAK,2018,13,REG,2018-12-02,KC,OAK,40,33,-7,73,195
2018_13_NYJ_TEN,2018,13,REG,2018-12-02,NYJ,TEN,22,26,4,48,186
2018_13_MIN_NE,2018,13,REG,2018-12-02,MIN,NE,10,24,14,34,173
2018_13_SF_SEA,2018,13,REG,2018-12-02,SF,SEA,16,43,27,59,184
2018_13_LAC_PIT,2018,13,REG,2018-12-02,LAC,PIT,33,30,-3,63,170
2018_13_WAS_PHI,2018,13,REG,2018-12-03,WAS,PHI,13,28,15,41,163
2018_14_JAX_TEN,2018,14,REG,2018-12-06,JAX,TEN,9,30,21,39,164
2018_14_NYJ_BUF,2018,14,REG,2018-12-09,NYJ,BUF,27,23,-4,50,175
2018_14_CAR_CLE,2018,14,REG,2018-12-09,CAR,CLE,20,26,6,46,167
2018_14_ATL_GB,2018,14,REG,2018-12-09,ATL,GB,20,34,14,54,183
2018_14_IND_HOU,2018,14,REG,2018-12-09,IND,HOU,24,21,-3,45,186
2018_14_BAL_KC,2018,14,REG,2018-12-09,BAL,KC,24,27,3,51,209
2018_14_NE_MIA,2018,14,REG,2018-12-09,NE,MIA,33,34,1,67,179
2018_14_NO_TB,2018,14,REG,2018-12-09,NO,TB,28,14,-14,42,180
2018_14_NYG_WAS,2018,14,REG,2018-12-09,NYG,WAS,40,16,-24,56,176
2018_14_CIN_LAC,2018,14,REG,2018-12-09,CIN,LAC,21,26,5,47,170
2018_14_DEN_SF,2018,14,REG,2018-12-09,DEN,SF,14,20,6,34,191
2018_14_DET_ARI,2018,14,REG,2018-12-09,DET,ARI,17,3,-14,20,166
2018_14_PHI_DAL,2018,14,REG,2018-12-09,PHI,DAL,23,29,6,52,197
2018_14_PIT_OAK,2018,14,REG,2018-12-09,PIT,OAK,21,24,3,45,168
2018_14_LA_CHI,2018,14,REG,2018-12-09,LA,CHI,6,15,9,21,179
2018_14_MIN_SEA,2018,14,REG,2018-12-10,MIN,SEA,7,21,14,28,160
2018_15_LAC_KC,2018,15,REG,2018-12-13,LAC,KC,29,28,-1,57,175
2018_15_HOU_NYJ,2018,15,REG,2018-12-15,HOU,NYJ,29,22,-7,51,178
2018_15_CLE_DEN,2018,15,REG,2018-12-15,CLE,DEN,17,16,-1,33,177
2018_15_ARI_ATL,2018,15,REG,2018-12-16,ARI,ATL,14,40,26,54,182
2018_15_TB_BAL,2018,15,REG,2018-12-16,TB,BAL,12,20,8,32,164
2018_15_DET_BUF,2018,15,REG,2018-12-16,DET,BUF,13,14,1,27,163
2018_15_GB_CHI,2018,15,REG,2018-12-16,GB,CHI,17,24,7,41,175
2018_15_OAK_CIN,2018,15,REG,2018-12-16,OAK,CIN,16,30,14,46,189
2018_15_DAL_IND,2018,15,REG,2018-12-16,DAL,IND,0,23,23,23,169
2018_15_WAS_JAX,2018,15,REG,2018-12-16,WAS,JAX,16,13,-3,29,160
2018_15_MIA_MIN,2018,15,REG,2018-12-16,MIA,MIN,17,41,24,58,166
2018_15_TEN_NYG,2018,15,REG,2018-12-16,TEN,NYG,17,0,-17,17,176
2018_15_SEA_SF,2018,15,REG,2018-12-16,SEA,SF,23,26,3,49,187
2018_15_NE_PIT,2018,15,REG,2018-12-16,NE,PIT,10,17,7,27,162
2018_15_PHI_LA,2018,15,REG,2018-12-16,PHI,LA,30,23,-7,53,188
2018_15_NO_CAR,2018,15,REG,2018-12-17,NO,CAR,12,9,-3,21,168
2018_16_WAS_TEN,2018,16,REG,2018-12-22,WAS,TEN,16,25,9,41,160
2018_16_BAL_LAC,2018,16,REG,2018-12-22,BAL,LAC,22,10,-12,32,167
2018_16_ATL_CAR,2018,16,REG,2018-12-23,ATL,CAR,24,10,-14,34,176
2018_16_CIN_CLE,2018,16,REG,2018-12-23,CIN,CLE,18,26,8,44,153
2018_16_TB_DAL,2018,16,REG,2018-12-23,TB,DAL,20,27,7,47,177
2018_16_MIN_DET,2018,16,REG,2018-12-23,MIN,DET,27,9,-18,36,183
2018_16_NYG_IND,2018,16,REG,2018-12-23,NYG,IND,27,28,1,55,175
2018_16_JAX_MIA,2018,16,REG,2018-12-23,JAX,MIA,17,7,-10,24,153
2018_16_BUF_NE,2018,16,REG,2018-12-23,BUF,NE,12,24,12,36,176
2018_16_GB_NYJ,2018,16,REG,2018-12-23,GB,NYJ,44,38,-6,82,209
2018_16_HOU_PHI,2018,16,REG,2018-12-23,HOU,PHI,30,32,2,62,195
2018_16_LA_ARI,2018,16,REG,2018-12-23,LA,ARI,31,9,-22,40,160
2018_16_CHI_SF,2018,16,REG,2018-12-23,CHI,SF,14,9,-5,23,154
2018_16_PIT_NO,2018,16,REG,2018-12-23,PIT,NO,28,31,3,59,184
2018_16_KC_SEA,2018,16,REG,2018-12-23,KC,SEA,31,38,7,69,193
2018_16_DEN_OAK,2018,16,REG,2018-12-24,DEN,OAK,14,27,13,41,176
2018_17_MIA_BUF,2018,17,REG,2018-12-30,MIA,BUF,17,42,25,59,168
2018_17_DET_GB,2018,17,REG,2018-12-30,DET,GB,31,0,-31,31,165
2018_17_JAX_HOU,2018,17,REG,2018-12-30,JAX,HOU,3,20,17,23,168
2018_17_NYJ_NE,2018,17,REG,2018-12-30,NYJ,NE,3,38,35,41,160
2018_17_CAR_NO,2018,17,REG,2018-12-30,CAR,NO,33,14,-19,47,163
2018_17_DAL_NYG,2018,17,REG,2018-12-30,DAL,NYG,36,35,-1,71,194
2018_17_ATL_TB,2018,17,REG,2018-12-30,ATL,TB,34,32,-2,66,186
2018_17_CLE_BAL,2018,17,REG,2018-12-30,CLE,BAL,24,26,2,50,184
2018_17_LAC_DEN,2018,17,REG,2018-12-30,LAC,DEN,23,9,-14,32,175
2018_17_OAK_KC,2018,17,REG,2018-12-30,OAK,KC,3,35,32,38,152
2018_17_SF_LA,2018,17,REG,2018-12-30,SF,LA,32,48,16,80,179
2018_17_CHI_MIN,2018,17,REG,2018-12-30,CHI,MIN,24,10,-14,34,163
2018_17_CIN_PIT,2018,17,REG,2018-12-30,CIN,PIT,13,16,3,29,159
2018_17_ARI_SEA,2018,17,REG,2018-12-30,ARI,SEA,24,27,3,51,175
2018_17_PHI_WAS,2018,17,REG,2018-12-30,PHI,WAS,24,0,-24,24,148
2018_17_IND_TEN,2018,17,REG,2018-12-30,IND,TEN,33,17,-16,50,172
2018_18_IND_HOU,2018,18,WC,2019-01-05,IND,HOU,21,7,-14,28,175
2018_18_SEA_DAL,2018,18,WC,2019-01-05,SEA,DAL,22,24,2,46,173
2018_18_LAC_BAL,2018,18,WC,2019-01-06,LAC,BAL,23,17,-6,40,180
2018_18_PHI_CHI,2018,18,WC,2019-01-06,PHI,CHI,16,15,-1,31,173
2018_19_IND_KC,2018,19,DIV,2019-01-12,IND,KC,13,31,18,44,184
2018_19_DAL_LA,2018,19,DIV,2019-01-12,DAL,LA,22,30,8,52,177
2018_19_LAC_NE,2018,19,DIV,2019-01-13,LAC,NE,28,41,13,69,202
2018_19_PHI_NO,2018,19,DIV,2019-01-13,PHI,NO,14,20,6,34,168
2018_20_LA_NO,2018,20,CON,2019-01-20,LA,NO,26,23,-3,49,188
2018_20_NE_KC,2018,20,CON,2019-01-20,NE,KC,37,31,-6,68,192
2018_21_NE_LA,2018,21,SB,2019-02-03,NE,LA,13,3,-10,16,177
2019_01_GB_CHI,2019,1,REG,2019-09-05,GB,CHI,10,3,-7,13,174
2019_01_LA_CAR,2019,1,REG,2019-09-08,LA,CAR,30,27,-3,57,192
2019_01_TEN_CLE,2019,1,REG,2019-09-08,TEN,CLE,43,13,-30,56,176
2019_01_KC_JAX,2019,1,REG,2019-09-08,KC,JAX,40,26,-14,66,167
2019_01_BAL_MIA,2019,1,REG,2019-09-08,BAL,MIA,59,10,-49,69,170
2019_01_ATL_MIN,2019,1,REG,2019-09-08,ATL,MIN,12,28,16,40,169
2019_01_BUF_NYJ,2019,1,REG,2019-09-08,BUF,NYJ,17,16,-1,33,181
2019_01_WAS_PHI,2019,1,REG,2019-09-08,WAS,PHI,27,32,5,59,184
2019_01_IND_LAC,2019,1,REG,2019-09-08,IND,LAC,24,30,6,54,165
2019_01_CIN_SEA,2019,1,REG,2019-09-08,CIN,SEA,20,21,1,41,174
2019_01_DET_ARI,2019,1,REG,2019-09-08,DET,ARI,27,27,0,54,234
2019_01_NYG_DAL,2019,1,REG,2019-09-08,NYG,DAL,17,35,18,52,176
2019_01_SF_TB,2019,1,REG,2019-09-08,SF,TB,31,17,-14,48,173
2019_01_PIT_NE,2019,1,REG,2019-09-08,PIT,NE,3,33,30,36,176
2019_01_HOU_NO,2019,1,REG,2019-09-09,HOU,NO,28,30,2,58,178
2019_01_DEN_OAK,2019,1,REG,2019-09-09,DEN,OAK,16,24,8,40,159
2019_02_TB_CAR,2019,2,REG,2019-09-12,TB,CAR,20,14,-6,34,186
2019_02_ARI_BAL,2019,2,REG,2019-09-15,ARI,BAL,17,23,6,40,179
2019_02_SF_CIN,2019,2,REG,2019-09-15,SF,CIN,41,17,-24,58,183
2019_02_LAC_DET,2019,2,REG,2019-09-15,LAC,DET,10,13,3,23,160
2019_02_MIN_GB,2019,2,REG,2019-09-15,MIN,GB,16,21,5,37,180
2019_02_JAX_HOU,2019,2,REG,2019-09-15,JAX,HOU,12,13,1,25,168
2019_02_NE_MIA,2019,2,REG,2019-09-15,NE,MIA,43,0,-43,43,173
2019_02_BUF_NYG,2019,2,REG,2019-09-15,BUF,NYG,28,14,-14,42,186
2019_02_SEA_PIT,2019,2,REG,2019-09-15,SEA,PIT,28,26,-2,54,179
2019_02_IND_TEN,2019,2,REG,2019-09-15,IND,TEN,19,17,-2,36,170
2019_02_DAL_WAS,2019,2,REG,2019-09-15,DAL,WAS,31,21,-10,52,167
2019_02_KC_OAK,2019,2,REG,2019-09-15,KC,OAK,28,10,-18,38,178
2019_02_CHI_DEN,2019,2,REG,2019-09-15,CHI,DEN,16,14,-2,30,183
2019_02_NO_LA,2019,2,REG,2019-09-15,NO,LA,9,27,18,36,173
2019_02_PHI_ATL,2019,2,REG,2019-09-15,PHI,ATL,20,24,4,44,186
2019_02_CLE_NYJ,2019,2,REG,2019-09-16,CLE,NYJ,23,3,-20,26,172
2019_03_TEN_JAX,2019,3,REG,2019-09-19,TEN,JAX,7,20,13,27,173
2019_03_CIN_BUF,2019,3,REG,2019-09-22,CIN,BUF,17,21,4,38,183
2019_03_MIA_DAL,2019,3,REG,2019-09-22,MIA,DAL,6,31,25,37,182
2019_03_DEN_GB,2019,3,REG,2019-09-22,DEN,GB,16,27,11,43,169
2019_03_ATL_IND,2019,3,REG,2019-09-22,ATL,IND,24,27,3,51,168
2019_03_BAL_KC,2019,3,REG,2019-09-22,BAL,KC,28,33,5,61,191
2019_03_OAK_MIN,2019,3,REG,2019-09-22,OAK,MIN,14,34,20,48,157
2019_03_NYJ_NE,2019,3,REG,2019-09-22,NYJ,NE,14,30,16,44,173
2019_03_DET_PHI,2019,3,REG,2019-09-22,DET,PHI,27,24,-3,51,180
2019_03_CAR_ARI,2019,3,REG,2019-09-22,CAR,ARI,38,20,-18,58,179
2019_03_NYG_TB,2019,3,REG,2019-09-22,NYG,TB,32,31,-1,63,189
2019_03_HOU_LAC,2019,3,REG,2019-09-22,HOU,LAC,27,20,-7,47,176
2019_03_NO_SEA,2019,3,REG,2019-09-22,NO,SEA,33,27,-6,60,183
2019_03_PIT_SF,2019,3,REG,2019-09-22,PIT,SF,20,24,4,44,171
2019_03_LA_CLE,2019,3,REG,2019-09-22,LA,CLE,20,13,-7,33,174
2019_03_CHI_WAS,2019,3,REG,2019-09-23,CHI,WAS,31,15,-16,46,178
2019_04_PHI_GB,2019,4,REG,2019-09-26,PHI,GB,34,27,-7,61,179
2019_04_TEN_ATL,2019,4,REG,2019-09-29,TEN,ATL,24,10,-14,34,179
2019_04_CLE_BAL,2019,4,REG,2019-09-29,CLE,BAL,40,25,-15,65,178
2019_04_NE_BUF,2019,4,REG,2019-09-29,NE,BUF,16,10,-6,26,191
2019_04_KC_DET,2019,4,REG,2019-09-29,KC,DET,34,30,-4,64,192
2019_04_CAR_HOU,2019,4,REG,2019-09-29,CAR,HOU,16,10,-6,26,175
2019_04_OAK_IND,2019,4,REG,2019-09-29,OAK,IND,31,24,-7,55,187
2019_04_LAC_MIA,2019,4,REG,2019-09-29,LAC,MIA,30,10,-20,40,156
2019_04_WAS_NYG,2019,4,REG,2019-09-29,WAS,NYG,3,24,21,27,160
2019_04_SEA_ARI,2019,4,REG,2019-09-29,SEA,ARI,27,10,-17,37,164
2019_04_TB_LA,2019,4,REG,2019-09-29,TB,LA,55,40,-15,95,224
2019_04_MIN_CHI,2019,4,REG,2019-09-29,MIN,CHI,6,16,10,22,168
2019_04_JAX_DEN,2019,4,REG,2019-09-29,JAX,DEN,26,24,-2,50,188
2019_04_DAL_NO,2019,4,REG,2019-09-29,DAL,NO,10,12,2,22,163
2019_04_CIN_PIT,2019,4,REG,2019-09-30,CIN,PIT,3,27,24,30,161
2019_05_LA_SEA,2019,5,REG,2019-10-03,LA,SEA,29,30,1,59,188
2019_05_JAX_CAR,2019,5,REG,2019-10-06,JAX,CAR,27,34,7,61,195
2019_05_ARI_CIN,2019,5,REG,2019-10-06,ARI,CIN,26,23,-3,49,187
2019_05_ATL_HOU,2019,5,REG,2019-10-06,ATL,HOU,32,53,21,85,194
2019_05_TB_NO,2019,5,REG,2019-10-06,TB,NO,24,31,7,55,170
2019_05_MIN_NYG,2019,5,REG,2019-10-06,MIN,NYG,28,10,-18,38,177
2019_05_CHI_OAK,2019,5,REG,2019-10-06,CHI,OAK,21,24,3,45,172
2019_05_NYJ_PHI,2019,5,REG,2019-10-06,NYJ,PHI,6,31,25,37,162
2019_05_BAL_PIT,2019,5,REG,2019-10-06,BAL,PIT,26,23,-3,49,181
2019_05_BUF_TEN,2019,5,REG,2019-10-06,BUF,TEN,14,7,-7,21,163
2019_05_NE_WAS,2019,5,REG,2019-10-06,NE,WAS,33,7,-26,40,179
2019_05_DEN_LAC,2019,5,REG,2019-10-06,DEN,LAC,20,13,-7,33,172
2019_05_GB_DAL,2019,5,REG,2019-10-06,GB,DAL,34,24,-10,58,194
2019_05_IND_KC,2019,5,REG,2019-10-06,IND,KC,19,13,-6,32,181
2019_05_CLE_SF,2019,5,REG,2019-10-07,CLE,SF,3,31,28,34,164
2019_06_NYG_NE,2019,6,REG,2019-10-10,NYG,NE,14,35,21,49,168
2019_06_CAR_TB,2019,6,REG,2019-10-13,CAR,TB,37,26,-11,63,199
2019_06_CIN_BAL,2019,6,REG,2019-10-13,CIN,BAL,17,23,6,40,182
2019_06_SEA_CLE,2019,6,REG,2019-10-13,SEA,CLE,32,28,-4,60,189
2019_06_NO_JAX,2019,6,REG,2019-10-13,NO,JAX,13,6,-7,19,159
2019_06_HOU_KC,2019,6,REG,2019-10-13,HOU,KC,31,24,-7,55,181
2019_06_WAS_MIA,2019,6,REG,2019-10-13,WAS,MIA,17,16,-1,33,177
2019_06_PHI_MIN,2019,6,REG,2019-10-13,PHI,MIN,20,38,18,58,180
2019_06_ATL_ARI,2019,6,REG,2019-10-13,ATL,ARI,33,34,1,67,186
2019_06_SF_LA,2019,6,REG,2019-10-13,SF,LA,20,7,-13,27,174
2019_06_TEN_DEN,2019,6,REG,2019-10-13,TEN,DEN,0,16,16,16,171
2019_06_DAL_NYJ,2019,6,REG,2019-10-13,DAL,NYJ,22,24,2,46,183
2019_06_PIT_LAC,2019,6,REG,2019-10-13,PIT,LAC,24,17,-7,41,156
2019_06_DET_GB,2019,6,REG,2019-10-14,DET,GB,22,23,1,45,180
2019_07_KC_DEN,2019,7,REG,2019-10-17,KC,DEN,30,6,-24,36,167
2019_07_LA_ATL,2019,7,REG,2019-10-20,LA,ATL,37,10,-27,47,176
2019_07_MIA_BUF,2019,7,REG,2019-10-20,MIA,BUF,21,31,10,52,173
2019_07_JAX_CIN,2019,7,REG,2019-10-20,JAX,CIN,27,17,-10,44,196
2019_07_MIN_DET,2019,7,REG,2019-10-20,MIN,DET,42,30,-12,72,191
2019_07_OAK_GB,2019,7,REG,2019-10-20,OAK,GB,24,42,18,66,164
2019_07_HOU_IND,2019,7,REG,2019-10-20,HOU,IND,23,30,7,53,181
2019_07_ARI_NYG,2019,7,REG,2019-10-20,ARI,NYG,27,21,-6,48,178
2019_07_SF_WAS,2019,7,REG,2019-10-20,SF,WAS,9,0,-9,9,142
2019_07_LAC_TEN,2019,7,REG,2019-10-20,LAC,TEN,20,23,3,43,163
2019_07_NO_CHI,2019,7,REG,2019-10-20,NO,CHI,36,25,-11,61,191
2019_07_BAL_SEA,2019,7,REG,2019-10-20,BAL,SEA,30,16,-14,46,172
2019_07_PHI_DAL,2019,7,REG,2019-10-20,PHI,DAL,10,37,27,47,169
2019_07_NE_NYJ,2019,7,REG,2019-10-21,NE,NYJ,33,0,-33,33,179
2019_08_WAS_MIN,2019,8,REG,2019-10-24,WAS,MIN,9,19,10,28,147
2019_08_SEA_ATL,2019,8,REG,2019-10-27,SEA,ATL,27,20,-7,47,182
2019_08_PHI_BUF,2019,8,REG,2019-10-27,PHI,BUF,31,13,-18,44,180
2019_08_LAC_CHI,2019,8,REG,2019-10-27,LAC,CHI,17,16,-1,33,169
2019_08_NYG_DET,2019,8,REG,2019-10-27,NYG,DET,26,31,5,57,175
2019_08_DEN_IND,2019,8,REG,2019-10-27,DEN,IND,13,15,2,28,181
2019_08_NYJ_JAX,2019,8,REG,2019-10-27,NYJ,JAX,15,29,14,44,174
2019_08_CIN_LA,2019,8,REG,2019-10-27,CIN,LA,10,24,14,34,183
2019_08_ARI_NO,2019,8,REG,2019-10-27,ARI,NO,9,31,22,40,163
2019_08_TB_TEN,2019,8,REG,2019-10-27,TB,TEN,23,27,4,50,189
2019_08_CAR_SF,2019,8,REG,2019-10-27,CAR,SF,13,51,38,64,176
2019_08_OAK_HOU,2019,8,REG,2019-10-27,OAK,HOU,24,27,3,51,180
2019_08_CLE_NE,2019,8,REG,2019-10-27,CLE,NE,13,27,14,40,181
2019_08_GB_KC,2019,8,REG,2019-10-27,GB,KC,31,24,-7,55,167
2019_08_MIA_PIT,2019,8,REG,2019-10-28,MIA,PIT,14,27,13,41,172
2019_09_SF_ARI,2019,9,REG,2019-10-31,SF,ARI,28,25,-3,53,173
2019_09_HOU_JAX,2019,9,REG,2019-11-03,HOU,JAX,26,3,-23,29,168
2019_09_WAS_BUF,2019,9,REG,2019-11-03,WAS,BUF,9,24,15,33,151
2019_09_TEN_CAR,2019,9,REG,2019-11-03,TEN,CAR,20,30,10,50,188
2019_09_MIN_KC,2019,9,REG,2019-11-03,MIN,KC,23,26,3,49,177
2019_09_NYJ_MIA,2019,9,REG,2019-11-03,NYJ,MIA,18,26,8,44,181
2019_09_CHI_PHI,2019,9,REG,2019-11-03,CHI,PHI,14,22,8,36,177
2019_09_IND_PIT,2019,9,REG,2019-11-03,IND,PIT,24,26,2,50,170
2019_09_DET_OAK,2019,9,REG,2019-11-03,DET,OAK,24,31,7,55,183
2019_09_TB_SEA,2019,9,REG,2019-11-03,TB,SEA,34,40,6,74,204
2019_09_CLE_DEN,2019,9,REG,2019-11-03,CLE,DEN,19,24,5,43,164
2019_09_GB_LAC,2019,9,REG,2019-11-03,GB,LAC,11,26,15,37,164
2019_09_NE_BAL,2019,9,REG,2019-11-03,NE,BAL,20,37,17,57,178
2019_09_DAL_NYG,2019,9,REG,2019-11-04,DAL,NYG,37,18,-19,55,184
2019_10_LAC_OAK,2019,10,REG,2019-11-07,LAC,OAK,24,26,2,50,173
2019_10_DET_CHI,2019,10,REG,2019-11-10,DET,CHI,13,20,7,33,184
2019_10_BAL_CIN,2019,10,REG,2019-11-10,BAL,CIN,49,13,-36,62,157
2019_10_BUF_CLE,2019,10,REG,2019-11-10,BUF,CLE,16,19,3,35,178
2019_10_ATL_NO,2019,10,REG,2019-11-10,ATL,NO,26,9,-17,35,188
2019_10_NYG_NYJ,2019,10,REG,2019-11-10,NYG,NYJ,27,34,7,61,180
2019_10_ARI_TB,2019,10,REG,2019-11-10,ARI,TB,27,30,3,57,198
2019_10_KC_TEN,2019,10,REG,2019-11-10,KC,TEN,32,35,3,67,177
2019_10_MIA_IND,2019,10,REG,2019-11-10,MIA,IND,16,12,-4,28,173
2019_10_CAR_GB,2019,10,REG,2019-11-10,CAR,GB,16,24,8,40,179
2019_10_LA_PIT,2019,10,REG,2019-11-10,LA,PIT,12,17,5,29,200
2019_10_MIN_DAL,2019,10,REG,2019-11-10,MIN,DAL,28,24,-4,52,184
2019_10_SEA_SF,2019,10,REG,2019-11-11,SEA,SF,27,24,-3,51,217
2019_11_PIT_CLE,2019,11,REG,2019-11-14,PIT,CLE,7,21,14,28,184
2019_11_HOU_BAL,2019,11,REG,2019-11-17,HOU,BAL,7,41,34,48,166
2019_11_ATL_CAR,2019,11,REG,2019-11-17,ATL,CAR,29,3,-26,32,176
2019_11_DAL_DET,2019,11,REG,2019-11-17,DAL,DET,35,27,-8,62,183
2019_11_JAX_IND,2019,11,REG,2019-11-17,JAX,IND,13,33,20,46,167
2019_11_BUF_MIA,2019,11,REG,2019-11-17,BUF,MIA,37,20,-17,57,187
2019_11_DEN_MIN,2019,11,REG,2019-11-17,DEN,MIN,23,27,4,50,186
2019_11_NO_TB,2019,11,REG,2019-11-17,NO,TB,34,17,-17,51,176
2019_11_NYJ_WAS,2019,11,REG,2019-11-17,NYJ,WAS,34,17,-17,51,181
2019_11_ARI_SF,2019,11,REG,2019-11-17,ARI,SF,26,36,10,62,189
2019_11_CIN_OAK,2019,11,REG,2019-11-17,CIN,OAK,10,17,7,27,173
2019_11_NE_PHI,2019,11,REG,2019-11-17,NE,PHI,17,10,-7,27,190
2019_11_CHI_LA,2019,11,REG,2019-11-17,CHI,LA,7,17,10,24,165
2019_11_KC_LAC,2019,11,REG,2019-11-18,KC,LAC,24,17,-7,41,187
2019_12_IND_HOU,2019,12,REG,2019-11-21,IND,HOU,17,20,3,37,164
2019_12_TB_ATL,2019,12,REG,2019-11-24,TB,ATL,35,22,-13,57,201
2019_12_DEN_BUF,2019,12,REG,2019-11-24,DEN,BUF,3,20,17,23,169
2019_12_NYG_CHI,2019,12,REG,2019-11-24,NYG,CHI,14,19,5,33,177
2019_12_PIT_CIN,2019,12,REG,2019-11-24,PIT,CIN,16,10,-6,26,174
2019_12_MIA_CLE,2019,12,REG,2019-11-24,MIA,CLE,24,41,17,65,178
2019_12_CAR_NO,2019,12,REG,2019-11-24,CAR,NO,31,34,3,65,187
2019_12_OAK_NYJ,2019,12,REG,2019-11-24,OAK,NYJ,3,34,31,37,159
2019_12_SEA_PHI,2019,12,REG,2019-11-24,SEA,PHI,17,9,-8,26,177
2019_12_DET_WAS,2019,12,REG,2019-11-24,DET,WAS,16,19,3,35,179
2019_12_JAX_TEN,2019,12,REG,2019-11-24,JAX,TEN,20,42,22,62,177
2019_12_DAL_NE,2019,12,REG,2019-11-24,DAL,NE,9,13,4,22,178
2019_12_GB_SF,2019,12,REG,2019-11-24,GB,SF,8,37,29,45,166
2019_12_BAL_LA,2019,12,REG,2019-11-25,BAL,LA,45,6,-39,51,170
2019_13_CHI_DET,2019,13,REG,2019-11-28,CHI,DET,24,20,-4,44,181
2019_13_BUF_DAL,2019,13,REG,2019-11-28,BUF,DAL,26,15,-11,41,181
2019_13_NO_ATL,2019,13,REG,2019-11-28,NO,ATL,26,18,-8,44,186
2019_13_SF_BAL,2019,13,REG,2019-12-01,SF,BAL,17,20,3,37,155
2019_13_WAS_CAR,2019,13,REG,2019-12-01,WAS,CAR,29,21,-8,50,184
2019_13_NYJ_CIN,2019,13,REG,2019-12-01,NYJ,CIN,6,22,16,28,182
2019_13_TEN_IND,2019,13,REG,2019-12-01,TEN,IND,31,17,-14,48,172
2019_13_TB_JAX,2019,13,REG,2019-12-01,TB,JAX,28,11,-17,39,189
2019_13_PHI_MIA,2019,13,REG,2019-12-01,PHI,MIA,31,37,6,68,189
2019_13_GB_NYG,2019,13,REG,2019-12-01,GB,NYG,31,13,-18,44,168
2019_13_CLE_PIT,2019,13,REG,2019-12-01,CLE,PIT,13,20,7,33,169
2019_13_LA_ARI,2019,13,REG,2019-12-01,LA,ARI,34,7,-27,41,184
2019_13_LAC_DEN,2019,13,REG,2019-12-01,LAC,DEN,20,23,3,43,167
2019_13_OAK_KC,2019,13,REG,2019-12-01,OAK,KC,9,40,31,49,157
2019_13_NE_HOU,2019,13,REG,2019-12-01,NE,HOU,22,28,6,50,182
2019_13_MIN_SEA,2019,13,REG,2019-12-02,MIN,SEA,30,37,7,67,178
2019_14_DAL_CHI,2019,14,REG,2019-12-05,DAL,CHI,24,31,7,55,192
2019_14_CAR_ATL,2019,14,REG,2019-12-08,CAR,ATL,20,40,20,60,187
2019_14_BAL_BUF,2019,14,REG,2019-12-08,BAL,BUF,24,17,-7,41,182
2019_14_CIN_CLE,2019,14,REG,2019-12-08,CIN,CLE,19,27,8,46,168
2019_14_WAS_GB,2019,14,REG,2019-12-08,WAS,GB,15,20,5,35,163
2019_14_DEN_HOU,2019,14,REG,2019-12-08,DEN,HOU,38,24,-14,62,177
2019_14_DET_MIN,2019,14,REG,2019-12-08,DET,MIN,7,20,13,27,182
2019_14_SF_NO,2019,14,REG,2019-12-08,SF,NO,48,46,-2,94,192
2019_14_MIA_NYJ,2019,14,REG,2019-12-08,MIA,NYJ,21,22,1,43,185
2019_14_IND_TB,2019,14,REG,2019-12-08,IND,TB,35,38,3,73,185
2019_14_LAC_JAX,2019,14,REG,2019-12-08,LAC,JAX,45,10,-35,55,165
2019_14_PIT_ARI,2019,14,REG,2019-12-08,PIT,ARI,23,17,-6,40,156
2019_14_KC_NE,2019,14,REG,2019-12-08,KC,NE,23,16,-7,39,182
2019_14_TEN_OAK,2019,14,REG,2019-12-08,TEN,OAK,42,21,-21,63,166
2019_14_SEA_LA,2019,14,REG,2019-12-08,SEA,LA,12,28,16,40,178
2019_14_NYG_PHI,2019,14,REG,2019-12-09,NYG,PHI,17,23,6,40,190
2019_15_NYJ_BAL,2019,15,REG,2019-12-12,NYJ,BAL,21,42,21,63,167
2019_15_SEA_CAR,2019,15,REG,2019-12-15,SEA,CAR,30,24,-6,54,182
2019_15_NE_CIN,2019,15,REG,2019-12-15,NE,CIN,34,13,-21,47,177
2019_15_TB_DET,2019,15,REG,2019-12-15,TB,DET,38,17,-21,55,183
2019_15_CHI_GB,2019,15,REG,2019-12-15,CHI,GB,13,21,8,34,182
2019_15_DEN_KC,2019,15,REG,2019-12-15,DEN,KC,3,23,20,26,157
2019_15_MIA_NYG,2019,15,REG,2019-12-15,MIA,NYG,20,36,16,56,186
2019_15_HOU_TEN,2019,15,REG,2019-12-15,HOU,TEN,24,21,-3,45,170
2019_15_PHI_WAS,2019,15,REG,2019-12-15,PHI,WAS,37,27,-10,64,174
2019_15_CLE_ARI,2019,15,REG,2019-12-15,CLE,ARI,24,38,14,62,173
2019_15_MIN_LAC,2019,15,REG,2019-12-15,MIN,LAC,39,10,-29,49,167
2019_15_JAX_OAK,2019,15,REG,2019-12-15,JAX,OAK,20,16,-4,36,176
2019_15_LA_DAL,2019,15,REG,2019-12-15,LA,DAL,21,44,23,65,186
2019_15_ATL_SF,2019,15,REG,2019-12-15,ATL,SF,29,22,-7,51,179
2019_15_BUF_PIT,2019,15,REG,2019-12-15,BUF,PIT,17,10,-7,27,165
2019_15_IND_NO,2019,15,REG,2019-12-16,IND,NO,7,34,27,41,163
2019_16_HOU_TB,2019,16,REG,2019-12-21,HOU,TB,23,20,-3,43,182
2019_16_BUF_NE,2019,16,REG,2019-12-21,BUF,NE,17,24,7,41,169
2019_16_LA_SF,2019,16,REG,2019-12-21,LA,SF,31,34,3,65,181
2019_16_JAX_ATL,2019,16,REG,2019-12-22,JAX,ATL,12,24,12,36,178
2019_16_BAL_CLE,2019,16,REG,2019-12-22,BAL,CLE,31,15,-16,46,170
2019_16_CAR_IND,2019,16,REG,2019-12-22,CAR,IND,6,38,32,44,169
2019_16_CIN_MIA,2019,16,REG,2019-12-22,CIN,MIA,35,38,3,73,245
2019_16_PIT_NYJ,2019,16,REG,2019-12-22,PIT,NYJ,10,16,6,26,169
2019_16_NO_TEN,2019,16,REG,2019-12-22,NO,TEN,38,28,-10,66,184
2019_16_NYG_WAS,2019,16,REG,2019-12-22,NYG,WAS,41,35,-6,76,189
2019_16_DET_DEN,2019,16,REG,2019-12-22,DET,DEN,17,27,10,44,161
2019_16_OAK_LAC,2019,16,REG,2019-12-22,OAK,LAC,24,17,-7,41,164
2019_16_DAL_PHI,2019,16,REG,2019-12-22,DAL,PHI,9,17,8,26,177
2019_16_ARI_SEA,2019,16,REG,2019-12-22,ARI,SEA,27,13,-14,40,178
2019_16_KC_CHI,2019,16,REG,2019-12-22,KC,CHI,26,3,-23,29,166
2019_16_GB_MIN,2019,16,REG,2019-12-23,GB,MIN,23,10,-13,33,174
2019_17_NYJ_BUF,2019,17,REG,2019-12-29,NYJ,BUF,13,6,-7,19,175
2019_17_NO_CAR,2019,17,REG,2019-12-29,NO,CAR,42,10,-32,52,180
2019_17_CLE_CIN,2019,17,REG,2019-12-29,CLE,CIN,23,33,10,56,166
2019_17_GB_DET,2019,17,REG,2019-12-29,GB,DET,23,20,-3,43,195
2019_17_LAC_KC,2019,17,REG,2019-12-29,LAC,KC,21,31,10,52,165
2019_17_CHI_MIN,2019,17,REG,2019-12-29,CHI,MIN,21,19,-2,40,164
2019_17_MIA_NE,2019,17,REG,2019-12-29,MIA,NE,27,24,-3,51,170
2019_17_ATL_TB,2019,17,REG,2019-12-29,ATL,TB,28,22,-6,50,184
2019_17_PIT_BAL,2019,17,REG,2019-12-29,PIT,BAL,10,28,18,38,165
2019_17_WAS_DAL,2019,17,REG,2019-12-29,WAS,DAL,16,47,31,63,184
2019_17_OAK_DEN,2019,17,REG,2019-12-29,OAK,DEN,15,16,1,31,181
2019_17_TEN_HOU,2019,17,REG,2019-12-29,TEN,HOU,35,14,-21,49,169
2019_17_IND_JAX,2019,17,REG,2019-12-29,IND,JAX,20,38,18,58,163
2019_17_ARI_LA,2019,17,REG,2019-12-29,ARI,LA,24,31,7,55,196
2019_17_PHI_NYG,2019,17,REG,2019-12-29,PHI,NYG,34,17,-17,51,197
2019_17_SF_SEA,2019,17,REG,2019-12-29,SF,SEA,26,21,-5,47,165
2019_18_BUF_HOU,2019,18,WC,2020-01-04,BUF,HOU,19,22,3,41,201
2019_18_TEN_NE,2019,18,WC,2020-01-04,TEN,NE,20,13,-7,33,166
2019_18_MIN_NO,2019,18,WC,2020-01-05,MIN,NO,26,20,-6,46,181
2019_18_SEA_PHI,2019,18,WC,2020-01-05,SEA,PHI,17,9,-8,26,168
2019_19_MIN_SF,2019,19,DIV,2020-01-11,MIN,SF,10,27,17,37,155
2019_19_TEN_BAL,2019,19,DIV,2020-01-11,TEN,BAL,28,12,-16,40,186
2019_19_HOU_KC,2019,19,DIV,2020-01-12,HOU,KC,31,51,20,82,193
2019_19_SEA_GB,2019,19,DIV,2020-01-12,SEA,GB,23,28,5,51,168
2019_20_TEN_KC,2019,20,CON,2020-01-19,TEN,KC,24,35,11,59,170
2019_20_GB_SF,2019,20,CON,2020-01-19,GB,SF,20,37,17,57,161
2019_21_SF_KC,2019,21,SB,2020-02-02,SF,KC,20,31,11,51,172
2020_01_HOU_KC,2020,1,REG,2020-09-10,HOU,KC,20,34,14,54,168
2020_01_SEA_ATL,2020,1,REG,2020-09-13,SEA,ATL,38,25,-13,63,190
2020_01_CLE_BAL,2020,1,REG,2020-09-13,CLE,BAL,6,38,32,44,169
2020_01_NYJ_BUF,2020,1,REG,2020-09-13,NYJ,BUF,17,27,10,44,186
2020_01_LV_CAR,2020,1,REG,2020-09-13,LV,CAR,34,30,-4,64,175
2020_01_CHI_DET,2020,1,REG,2020-09-13,CHI,DET,27,23,-4,50,193
2020_01_IND_JAX,2020,1,REG,2020-09-13,IND,JAX,20,27,7,47,159
2020_01_GB_MIN,2020,1,REG,2020-09-13,GB,MIN,43,34,-9,77,172
2020_01_MIA_NE,2020,1,REG,2020-09-13,MIA,NE,11,21,10,32,156
2020_01_PHI_WAS,2020,1,REG,2020-09-13,PHI,WAS,17,27,10,44,189
2020_01_LAC_CIN,2020,1,REG,2020-09-13,LAC,CIN,16,13,-3,29,192
2020_01_TB_NO,2020,1,REG,2020-09-13,TB,NO,23,34,11,57,189
2020_01_ARI_SF,2020,1,REG,2020-09-13,ARI,SF,24,20,-4,44,188
2020_01_DAL_LA,2020,1,REG,2020-09-13,DAL,LA,17,20,3,37,188
2020_01_PIT_NYG,2020,1,REG,2020-09-14,PIT,NYG,26,16,-10,42,174
2020_01_TEN_DEN,2020,1,REG,2020-09-14,TEN,DEN,16,14,-2,30,180
2020_02_CIN_CLE,2020,2,REG,2020-09-17,CIN,CLE,30,35,5,65,193
2020_02_NYG_CHI,2020,2,REG,2020-09-20,NYG,CHI,13,17,4,30,166
2020_02_ATL_DAL,2020,2,REG,2020-09-20,ATL,DAL,39,40,1,79,209
2020_02_DET_GB,2020,2,REG,2020-09-20,DET,GB,21,42,21,63,179
2020_02_MIN_IND,2020,2,REG,2020-09-20,MIN,IND,11,28,17,39,163
2020_02_BUF_MIA,2020,2,REG,2020-09-20,BUF,MIA,31,28,-3,59,181
2020_02_SF_NYJ,2020,2,REG,2020-09-20,SF,NYJ,31,13,-18,44,163
2020_02_LA_PHI,2020,2,REG,2020-09-20,LA,PHI,37,19,-18,56,180
2020_02_DEN_PIT,2020,2,REG,2020-09-20,DEN,PIT,21,26,5,47,188
2020_02_CAR_TB,2020,2,REG,2020-09-20,CAR,TB,17,31,14,48,177
2020_02_JAX_TEN,2020,2,REG,2020-09-20,JAX,TEN,30,33,3,63,185
2020_02_WAS_ARI,2020,2,REG,2020-09-20,WAS,ARI,15,30,15,45,186
2020_02_BAL_HOU,2020,2,REG,2020-09-20,BAL,HOU,33,16,-17,49,169
2020_02_KC_LAC,2020,2,REG,2020-09-20,KC,LAC,23,20,-3,43,206
2020_02_NE_SEA,2020,2,REG,2020-09-20,NE,SEA,30,35,5,65,180
2020_02_NO_LV,2020,2,REG,2020-09-21,NO,LV,24,34,10,58,183
2020_03_MIA_JAX,2020,3,REG,2020-09-24,MIA,JAX,31,13,-18,44,165
2020_03_CHI_ATL,2020,3,REG,2020-09-27,CHI,ATL,30,26,-4,56,199
2020_03_LA_BUF,2020,3,REG,2020-09-27,LA,BUF,32,35,3,67,168
2020_03_WAS_CLE,2020,3,REG,2020-09-27,WAS,CLE,20,34,14,54,166
2020_03_TEN_MIN,2020,3,REG,2020-09-27,TEN,MIN,31,30,-1,61,186
2020_03_LV_NE,2020,3,REG,2020-09-27,LV,NE,20,36,16,56,173
2020_03_SF_NYG,2020,3,REG,2020-09-27,SF,NYG,36,9,-27,45,168
2020_03_CIN_PHI,2020,3,REG,2020-09-27,CIN,PHI,23,23,0,46,224
2020_03_HOU_PIT,2020,3,REG,2020-09-27,HOU,PIT,21,28,7,49,168
2020_03_NYJ_IND,2020,3,REG,2020-09-27,NYJ,IND,7,36,29,43,161
2020_03_CAR_LAC,2020,3,REG,2020-09-27,CAR,LAC,21,16,-5,37,171
2020_03_DET_ARI,2020,3,REG,2020-09-27,DET,ARI,26,23,-3,49,175
2020_03_TB_DEN,2020,3,REG,2020-09-27,TB,DEN,28,10,-18,38,172
2020_03_DAL_SEA,2020,3,REG,2020-09-27,DAL,SEA,31,38,7,69,210
2020_03_GB_NO,2020,3,REG,2020-09-27,GB,NO,37,30,-7,67,168
2020_03_KC_BAL,2020,3,REG,2020-09-28,KC,BAL,34,20,-14,54,175
2020_04_DEN_NYJ,2020,4,REG,2020-10-01,DEN,NYJ,37,28,-9,65,199
2020_04_ARI_CAR,2020,4,REG,2020-10-04,ARI,CAR,21,31,10,52,176
2020_04_JAX_CIN,2020,4,REG,2020-10-04,JAX,CIN,25,33,8,58,188
2020_04_CLE_DAL,2020,4,REG,2020-10-04,CLE,DAL,49,38,-11,87,205
2020_04_NO_DET,2020,4,REG,2020-10-04,NO,DET,35,29,-6,64,169
2020_04_MIN_HOU,2020,4,REG,2020-10-04,MIN,HOU,31,23,-8,54,175
2020_04_SEA_MIA,2020,4,REG,2020-10-04,SEA,MIA,31,23,-8,54,175
2020_04_LAC_TB,2020,4,REG,2020-10-04,LAC,TB,31,38,7,69,174
2020_04_BAL_WAS,2020,4,REG,2020-10-04,BAL,WAS,31,17,-14,48,173
2020_04_NYG_LA,2020,4,REG,2020-10-04,NYG,LA,9,17,8,26,162
2020_04_IND_CHI,2020,4,REG,2020-10-04,IND,CHI,19,11,-8,30,180
2020_04_BUF_LV,2020,4,REG,2020-10-04,BUF,LV,30,23,-7,53,175
2020_04_PHI_SF,2020,4,REG,2020-10-04,PHI,SF,25,20,-5,45,176
2020_04_NE_KC,2020,4,REG,2020-10-05,NE,KC,10,26,16,36,169
2020_04_ATL_GB,2020,4,REG,2020-10-05,ATL,GB,16,30,14,46,172
2020_05_TB_CHI,2020,5,REG,2020-10-08,TB,CHI,19,20,1,39,179
2020_05_CAR_ATL,2020,5,REG,2020-10-11,CAR,ATL,23,16,-7,39,176
2020_05_CIN_BAL,2020,5,REG,2020-10-11,CIN,BAL,3,27,24,30,170
2020_05_JAX_HOU,2020,5,REG,2020-10-11,JAX,HOU,14,30,16,44,173
2020_05_LV_KC,2020,5,REG,2020-10-11,LV,KC,40,32,-8,72,191
2020_05_ARI_NYJ,2020,5,REG,2020-10-11,ARI,NYJ,30,10,-20,40,181
2020_05_PHI_PIT,2020,5,REG,2020-10-11,PHI,PIT,29,38,9,67,178
2020_05_LA_WAS,2020,5,REG,2020-10-11,LA,WAS,30,10,-20,40,163
2020_05_MIA_SF,2020,5,REG,2020-10-11,MIA,SF,43,17,-26,60,176
2020_05_IND_CLE,2020,5,REG,2020-10-11,IND,CLE,23,32,9,55,170
2020_05_NYG_DAL,2020,5,REG,2020-10-11,NYG,DAL,34,37,3,71,181
2020_05_MIN_SEA,2020,5,REG,2020-10-11,MIN,SEA,26,27,1,53,181
2020_05_LAC_NO,2020,5,REG,2020-10-12,LAC,NO,27,30,3,57,201
2020_05_BUF_TEN,2020,5,REG,2020-10-13,BUF,TEN,16,42,26,58,183
2020_06_CHI_CAR,2020,6,REG,2020-10-18,CHI,CAR,23,16,-7,39,181
2020_06_CIN_IND,2020,6,REG,2020-10-18,CIN,IND,27,31,4,58,178
2020_06_DET_JAX,2020,6,REG,2020-10-18,DET,JAX,34,16,-18,50,181
2020_06_ATL_MIN,2020,6,REG,2020-10-18,ATL,MIN,40,23,-17,63,176
2020_06_DEN_NE,2020,6,REG,2020-10-18,DEN,NE,18,12,-6,30,157
2020_06_WAS_NYG,2020,6,REG,2020-10-18,WAS,NYG,19,20,1,39,157
2020_06_BAL_PHI,2020,6,REG,2020-10-18,BAL,PHI,30,28,-2,58,194
2020_06_CLE_PIT,2020,6,REG,2020-10-18,CLE,PIT,7,38,31,45,161
2020_06_HOU_TEN,2020,6,REG,2020-10-18,HOU,TEN,36,42,6,78,193
2020_06_NYJ_MIA,2020,6,REG,2020-10-18,NYJ,MIA,0,24,24,24,169
2020_06_GB_TB,2020,6,REG,2020-10-18,GB,TB,10,38,28,48,167
2020_06_LA_SF,2020,6,REG,2020-10-18,LA,SF,16,24,8,40,178
2020_06_KC_BUF,2020,6,REG,2020-10-19,KC,BUF,26,17,-9,43,166
2020_06_ARI_DAL,2020,6,REG,2020-10-19,ARI,DAL,38,10,-28,48,191
2020_07_NYG_PHI,2020,7,REG,2020-10-22,NYG,PHI,21,22,1,43,182
2020_07_DET_ATL,2020,7,REG,2020-10-25,DET,ATL,23,22,-1,45,176
2020_07_CLE_CIN,2020,7,REG,2020-10-25,CLE,CIN,37,34,-3,71,176
2020_07_GB_HOU,2020,7,REG,2020-10-25,GB,HOU,35,20,-15,55,173
2020_07_CAR_NO,2020,7,REG,2020-10-25,CAR,NO,24,27,3,51,151
2020_07_BUF_NYJ,2020,7,REG,2020-10-25,BUF,NYJ,18,10,-8,28,171
2020_07_PIT_TEN,2020,7,REG,2020-10-25,PIT,TEN,27,24,-3,51,179
2020_07_DAL_WAS,2020,7,REG,2020-10-25,DAL,WAS,3,25,22,28,158
2020_07_TB_LV,2020,7,REG,2020-10-25,TB,LV,45,20,-25,65,180
2020_07_KC_DEN,2020,7,REG,2020-10-25,KC,DEN,43,16,-27,59,169
2020_07_JAX_LAC,2020,7,REG,2020-10-25,JAX,LAC,29,39,10,68,184
2020_07_SF_NE,2020,7,REG,2020-10-25,SF,NE,33,6,-27,39,151
2020_07_SEA_ARI,2020,7,REG,2020-10-25,SEA,ARI,34,37,3,71,223
2020_07_CHI_LA,2020,7,REG,2020-10-26,CHI,LA,10,24,14,34,177
2020_08_ATL_CAR,2020,8,REG,2020-10-29,ATL,CAR,25,17,-8,42,163
2020_08_PIT_BAL,2020,8,REG,2020-11-01,PIT,BAL,28,24,-4,52,177
2020_08_NE_BUF,2020,8,REG,2020-11-01,NE,BUF,21,24,3,45,167
2020_08_TEN_CIN,2020,8,REG,2020-11-01,TEN,CIN,20,31,11,51,179
2020_08_LV_CLE,2020,8,REG,2020-11-01,LV,CLE,16,6,-10,22,157
2020_08_IND_DET,2020,8,REG,2020-11-01,IND,DET,41,21,-20,62,182
2020_08_MIN_GB,2020,8,REG,2020-11-01,MIN,GB,28,22,-6,50,163
2020_08_NYJ_KC,2020,8,REG,2020-11-01,NYJ,KC,9,35,26,44,165
2020_08_LA_MIA,2020,8,REG,2020-11-01,LA,MIA,17,28,11,45,195
2020_08_LAC_DEN,2020,8,REG,2020-11-01,LAC,DEN,30,31,1,61,199
2020_08_NO_CHI,2020,8,REG,2020-11-01,NO,CHI,26,23,-3,49,201
2020_08_SF_SEA,2020,8,REG,2020-11-01,SF,SEA,27,37,10,64,183
2020_08_DAL_PHI,2020,8,REG,2020-11-01,DAL,PHI,9,23,14,32,179
2020_08_TB_NYG,2020,8,REG,2020-11-02,TB,NYG,25,23,-2,48,188
2020_09_GB_SF,2020,9,REG,2020-11-05,GB,SF,34,17,-17,51,165
2020_09_DEN_ATL,2020,9,REG,2020-11-08,DEN,ATL,27,34,7,61,191
2020_09_SEA_BUF,2020,9,REG,2020-11-08,SEA,BUF,34,44,10,78,186
2020_09_BAL_IND,2020,9,REG,2020-11-08,BAL,IND,24,10,-14,34,172
2020_09_HOU_JAX,2020,9,REG,2020-11-08,HOU,JAX,27,25,-2,52,178
2020_09_CAR_KC,2020,9,REG,2020-11-08,CAR,KC,31,33,2,64,192
2020_09_DET_MIN,2020,9,REG,2020-11-08,DET,MIN,20,34,14,54,175
2020_09_CHI_TEN,2020,9,REG,2020-11-08,CHI,TEN,17,24,7,41,180
2020_09_NYG_WAS,2020,9,REG,2020-11-08,NYG,WAS,23,20,-3,43,171
2020_09_LV_LAC,2020,9,REG,2020-11-08,LV,LAC,31,26,-5,57,175
2020_09_MIA_ARI,2020,9,REG,2020-11-08,MIA,ARI,34,31,-3,65,179
2020_09_PIT_DAL,2020,9,REG,2020-11-08,PIT,DAL,24,19,-5,43,183
2020_09_NO_TB,2020,9,REG,2020-11-08,NO,TB,38,3,-35,41,157
2020_09_NE_NYJ,2020,9,REG,2020-11-09,NE,NYJ,30,27,-3,57,167
2020_10_IND_TEN,2020,10,REG,2020-11-12,IND,TEN,34,17,-17,51,171
2020_10_TB_CAR,2020,10,REG,2020-11-15,TB,CAR,46,23,-23,69,173
2020_10_HOU_CLE,2020,10,REG,2020-11-15,HOU,CLE,7,10,3,17,155
2020_10_WAS_DET,2020,10,REG,2020-11-15,WAS,DET,27,30,3,57,193
2020_10_JAX_GB,2020,10,REG,2020-11-15,JAX,GB,20,24,4,44,174
2020_10_PHI_NYG,2020,10,REG,2020-11-15,PHI,NYG,17,27,10,44,182
2020_10_BUF_ARI,2020,10,REG,2020-11-15,BUF,ARI,30,32,2,62,202
2020_10_DEN_LV,2020,10,REG,2020-11-15,DEN,LV,12,37,25,49,186
2020_10_LAC_MIA,2020,10,REG,2020-11-15,LAC,MIA,21,29,8,50,169
2020_10_SEA_LA,2020,10,REG,2020-11-15,SEA,LA,16,23,7,39,179
2020_10_SF_NO,2020,10,REG,2020-11-15,SF,NO,13,27,14,40,174
2020_10_CIN_PIT,2020,10,REG,2020-11-15,CIN,PIT,10,36,26,46,189
2020_10_BAL_NE,2020,10,REG,2020-11-15,BAL,NE,17,23,6,40,164
2020_10_MIN_CHI,2020,10,REG,2020-11-16,MIN,CHI,19,13,-6,32,162
2020_11_ARI_SEA,2020,11,REG,2020-11-19,ARI,SEA,21,28,7,49,177
2020_11_TEN_BAL,2020,11,REG,2020-11-22,TEN,BAL,30,24,-6,54,176
2020_11_DET_CAR,2020,11,REG,2020-11-22,DET,CAR,0,20,20,20,166
2020_11_PHI_CLE,2020,11,REG,2020-11-22,PHI,CLE,17,22,5,39,181
2020_11_NE_HOU,2020,11,REG,2020-11-22,NE,HOU,20,27,7,47,170
2020_11_PIT_JAX,2020,11,REG,2020-11-22,PIT,JAX,27,3,-24,30,176
2020_11_ATL_NO,2020,11,REG,2020-11-22,ATL,NO,9,24,15,33,174
2020_11_CIN_WAS,2020,11,REG,2020-11-22,CIN,WAS,9,20,11,29,174
2020_11_MIA_DEN,2020,11,REG,2020-11-22,MIA,DEN,13,20,7,33,170
2020_11_NYJ_LAC,2020,11,REG,2020-11-22,NYJ,LAC,28,34,6,62,192
2020_11_GB_IND,2020,11,REG,2020-11-22,GB,IND,31,34,3,65,192
2020_11_DAL_MIN,2020,11,REG,2020-11-22,DAL,MIN,31,28,-3,59,170
2020_11_KC_LV,2020,11,REG,2020-11-22,KC,LV,35,31,-4,66,181
2020_11_LA_TB,2020,11,REG,2020-11-23,LA,TB,27,24,-3,51,188
2020_12_HOU_DET,2020,12,REG,2020-11-26,HOU,DET,41,25,-16,66,180
2020_12_WAS_DAL,2020,12,REG,2020-11-26,WAS,DAL,41,16,-25,57,170
2020_12_LV_ATL,2020,12,REG,2020-11-29,LV,ATL,6,43,37,49,187
2020_12_LAC_BUF,2020,12,REG,2020-11-29,LAC,BUF,17,27,10,44,186
2020_12_NYG_CIN,2020,12,REG,2020-11-29,NYG,CIN,19,17,-2,36,172
2020_12_TEN_IND,2020,12,REG,2020-11-29,TEN,IND,45,26,-19,71,193
2020_12_CLE_JAX,2020,12,REG,2020-11-29,CLE,JAX,27,25,-2,52,173
2020_12_CAR_MIN,2020,12,REG,2020-11-29,CAR,MIN,27,28,1,55,189
2020_12_ARI_NE,2020,12,REG,2020-11-29,ARI,NE,17,20,3,37,167
2020_12_MIA_NYJ,2020,12,REG,2020-11-29,MIA,NYJ,20,3,-17,23,159
2020_12_NO_DEN,2020,12,REG,2020-11-29,NO,DEN,31,3,-28,34,148
2020_12_SF_LA,2020,12,REG,2020-11-29,SF,LA,23,20,-3,43,188
2020_12_KC_TB,2020,12,REG,2020-11-29,KC,TB,27,24,-3,51,182
2020_12_CHI_GB,2020,12,REG,2020-11-29,CHI,GB,25,41,16,66,180
2020_12_SEA_PHI,2020,12,REG,2020-11-30,SEA,PHI,23,17,-6,40,180
2020_12_BAL_PIT,2020,12,REG,2020-12-02,BAL,PIT,14,19,5,33,165
2020_13_NO_ATL,2020,13,REG,2020-12-06,NO,ATL,21,16,-5,37,189
2020_13_DET_CHI,2020,13,REG,2020-12-06,DET,CHI,34,30,-4,64,186
2020_13_IND_HOU,2020,13,REG,2020-12-06,IND,HOU,26,20,-6,46,178
2020_13_CIN_MIA,2020,13,REG,2020-12-06,CIN,MIA,7,19,12,26,163
2020_13_JAX_MIN,2020,13,REG,2020-12-06,JAX,MIN,24,27,3,51,221
2020_13_LV_NYJ,2020,13,REG,2020-12-06,LV,NYJ,31,28,-3,59,181
2020_13_CLE_TEN,2020,13,REG,2020-12-06,CLE,TEN,41,35,-6,76,193
2020_13_LA_ARI,2020,13,REG,2020-12-06,LA,ARI,38,28,-10,66,195
2020_13_NYG_SEA,2020,13,REG,2020-12-06,NYG,SEA,17,12,-5,29,171
2020_13_PHI_GB,2020,13,REG,2020-12-06,PHI,GB,16,30,14,46,163
2020_13_NE_LAC,2020,13,REG,2020-12-06,NE,LAC,45,0,-45,45,178
2020_13_DEN_KC,2020,13,REG,2020-12-06,DEN,KC,16,22,6,38,169
2020_13_WAS_PIT,2020,13,REG,2020-12-07,WAS,PIT,23,17,-6,40,192
2020_13_BUF_SF,2020,13,REG,2020-12-07,BUF,SF,34,24,-10,58,173
2020_13_DAL_BAL,2020,13,REG,2020-12-08,DAL,BAL,17,34,17,51,179
2020_14_NE_LA,2020,14,REG,2020-12-10,NE,LA,3,24,21,27,163
2020_14_DEN_CAR,2020,14,REG,2020-12-13,DEN,CAR,32,27,-5,59,171
2020_14_HOU_CHI,2020,14,REG,2020-12-13,HOU,CHI,7,36,29,43,171
2020_14_DAL_CIN,2020,14,REG,2020-12-13,DAL,CIN,30,7,-23,37,159
2020_14_TEN_JAX,2020,14,REG,2020-12-13,TEN,JAX,31,10,-21,41,174
2020_14_KC_MIA,2020,14,REG,2020-12-13,KC,MIA,33,27,-6,60,194
2020_14_ARI_NYG,2020,14,REG,2020-12-13,ARI,NYG,26,7,-19,33,176
2020_14_MIN_TB,2020,14,REG,2020-12-13,MIN,TB,14,26,12,40,168
2020_14_IND_LV,2020,14,REG,2020-12-13,IND,LV,44,27,-17,71,174
2020_14_NYJ_SEA,2020,14,REG,2020-12-13,NYJ,SEA,3,40,37,43,166
2020_14_GB_DET,2020,14,REG,2020-12-13,GB,DET,31,24,-7,55,178
2020_14_ATL_LAC,2020,14,REG,2020-12-13,ATL,LAC,17,20,3,37,166
2020_14_NO_PHI,2020,14,REG,2020-12-13,NO,PHI,21,24,3,45,179
2020_14_WAS_SF,2020,14,REG,2020-12-13,WAS,SF,23,15,-8,38,196
2020_14_PIT_BUF,2020,14,REG,2020-12-13,PIT,BUF,15,26,11,41,172
2020_14_BAL_CLE,2020,14,REG,2020-12-14,BAL,CLE,47,42,-5,89,195
2020_15_LAC_LV,2020,15,REG,2020-12-17,LAC,LV,30,27,-3,57,186
2020_15_BUF_DEN,2020,15,REG,2020-12-19,BUF,DEN,48,19,-29,67,183
2020_15_CAR_GB,2020,15,REG,2020-12-19,CAR,GB,16,24,8,40,171
2020_15_TB_ATL,2020,15,REG,2020-12-20,TB,ATL,31,27,-4,58,177
2020_15_JAX_BAL,2020,15,REG,2020-12-20,JAX,BAL,14,40,26,54,161
2020_15_SF_DAL,2020,15,REG,2020-12-20,SF,DAL,33,41,8,74,194
2020_15_HOU_IND,2020,15,REG,2020-12-20,HOU,IND,20,27,7,47,161
2020_15_NE_MIA,2020,15,REG,2020-12-20,NE,MIA,12,22,10,34,163
2020_15_CHI_MIN,2020,15,REG,2020-12-20,CHI,MIN,33,27,-6,60,176
2020_15_DET_TEN,2020,15,REG,2020-12-20,DET,TEN,25,46,21,71,174
2020_15_SEA_WAS,2020,15,REG,2020-12-20,SEA,WAS,20,15,-5,35,177
2020_15_PHI_ARI,2020,15,REG,2020-12-20,PHI,ARI,26,33,7,59,205
2020_15_NYJ_LA,2020,15,REG,2020-12-20,NYJ,LA,23,20,-3,43,169
2020_15_KC_NO,2020,15,REG,2020-12-20,KC,NO,32,29,-3,61,198
2020_15_CLE_NYG,2020,15,REG,2020-12-20,CLE,NYG,20,6,-14,26,150
2020_15_PIT_CIN,2020,15,REG,2020-12-21,PIT,CIN,17,27,10,44,169
2020_16_MIN_NO,2020,16,REG,2020-12-25,MIN,NO,33,52,19,85,186
2020_16_TB_DET,2020,16,REG,2020-12-26,TB,DET,47,7,-40,54,176
2020_16_SF_ARI,2020,16,REG,2020-12-26,SF,ARI,20,12,-8,32,182
2020_16_MIA_LV,2020,16,REG,2020-12-26,MIA,LV,26,25,-1,51,178
2020_16_NYG_BAL,2020,16,REG,2020-12-27,NYG,BAL,13,27,14,40,173
2020_16_CIN_HOU,2020,16,REG,2020-12-27,CIN,HOU,37,31,-6,68,173
2020_16_CHI_JAX,2020,16,REG,2020-12-27,CHI,JAX,41,17,-24,58,172
2020_16_ATL_KC,2020,16,REG,2020-12-27,ATL,KC,14,17,3,31,170
2020_16_CLE_NYJ,2020,16,REG,2020-12-27,CLE,NYJ,16,23,7,39,198
2020_16_IND_PIT,2020,16,REG,2020-12-27,IND,PIT,24,28,4,52,180
2020_16_DEN_LAC,2020,16,REG,2020-12-27,DEN,LAC,16,19,3,35,180
2020_16_CAR_WAS,2020,16,REG,2020-12-27,CAR,WAS,20,13,-7,33,173
2020_16_PHI_DAL,2020,16,REG,2020-12-27,PHI,DAL,17,37,20,54,198
2020_16_LA_SEA,2020,16,REG,2020-12-27,LA,SEA,9,20,11,29,182
2020_16_TEN_GB,2020,16,REG,2020-12-27,TEN,GB,14,40,26,54,153
2020_16_BUF_NE,2020,16,REG,2020-12-28,BUF,NE,38,9,-29,47,160
2020_17_MIA_BUF,2020,17,REG,2021-01-03,MIA,BUF,26,56,30,82,196
2020_17_BAL_CIN,2020,17,REG,2021-01-03,BAL,CIN,38,3,-35,41,151
2020_17_PIT_CLE,2020,17,REG,2021-01-03,PIT,CLE,22,24,2,46,172
2020_17_MIN_DET,2020,17,REG,2021-01-03,MIN,DET,37,35,-2,72,183
2020_17_NYJ_NE,2020,17,REG,2021-01-03,NYJ,NE,14,28,14,42,166
2020_17_DAL_NYG,2020,17,REG,2021-01-03,DAL,NYG,19,23,4,42,189
2020_17_ATL_TB,2020,17,REG,2021-01-03,ATL,TB,27,44,17,71,179
2020_17_NO_CAR,2020,17,REG,2021-01-03,NO,CAR,33,7,-26,40,161
2020_17_GB_CHI,2020,17,REG,2021-01-03,GB,CHI,35,16,-19,51,157
2020_17_LV_DEN,2020,17,REG,2021-01-03,LV,DEN,32,31,-1,63,204
2020_17_TEN_HOU,2020,17,REG,2021-01-03,TEN,HOU,41,38,-3,79,184
2020_17_JAX_IND,2020,17,REG,2021-01-03,JAX,IND,14,28,14,42,170
2020_17_LAC_KC,2020,17,REG,2021-01-03,LAC,KC,38,21,-17,59,154
2020_17_ARI_LA,2020,17,REG,2021-01-03,ARI,LA,7,18,11,25,169
2020_17_SEA_SF,2020,17,REG,2021-01-03,SEA,SF,26,23,-3,49,175
2020_17_WAS_PHI,2020,17,REG,2021-01-03,WAS,PHI,20,14,-6,34,172
2020_18_IND_BUF,2020,18,WC,2021-01-09,IND,BUF,24,27,3,51,176
2020_18_LA_SEA,2020,18,WC,2021-01-09,LA,SEA,30,20,-10,50,187
2020_18_TB_WAS,2020,18,WC,2021-01-09,TB,WAS,31,23,-8,54,188
2020_18_BAL_TEN,2020,18,WC,2021-01-10,BAL,TEN,20,13,-7,33,152
2020_18_CHI_NO,2020,18,WC,2021-01-10,CHI,NO,9,21,12,30,171
2020_18_CLE_PIT,2020,18,WC,2021-01-10,CLE,PIT,48,37,-11,85,206
2020_19_LA_GB,2020,19,DIV,2021-01-16,LA,GB,18,32,14,50,165
2020_19_BAL_BUF,2020,19,DIV,2021-01-16,BAL,BUF,3,17,14,20,174
2020_19_CLE_KC,2020,19,DIV,2021-01-17,CLE,KC,17,22,5,39,164
2020_19_TB_NO,2020,19,DIV,2021-01-17,TB,NO,30,20,-10,50,177
2020_20_TB_GB,2020,20,CON,2021-01-24,TB,GB,31,26,-5,57,177
2020_20_BUF_KC,2020,20,CON,2021-01-24,BUF,KC,24,38,14,62,180
2020_21_KC_TB,2020,21,SB,2021-02-07,KC,TB,9,31,22,40,182
2021_01_DAL_TB,2021,1,REG,2021-09-09,DAL,TB,29,31,2,60,201
2021_01_PHI_ATL,2021,1,REG,2021-09-12,PHI,ATL,32,6,-26,38,189
2021_01_PIT_BUF,2021,1,REG,2021-09-12,PIT,BUF,23,16,-7,39,187
2021_01_NYJ_CAR,2021,1,REG,2021-09-12,NYJ,CAR,14,19,5,33,173
2021_01_MIN_CIN,2021,1,REG,2021-09-12,MIN,CIN,24,27,3,51,209
2021_01_SF_DET,2021,1,REG,2021-09-12,SF,DET,41,33,-8,74,192
2021_01_JAX_HOU,2021,1,REG,2021-09-12,JAX,HOU,21,37,16,58,204
2021_01_SEA_IND,2021,1,REG,2021-09-12,SEA,IND,28,16,-12,44,167
2021_01_ARI_TEN,2021,1,REG,2021-09-12,ARI,TEN,38,13,-25,51,180
2021_01_LAC_WAS,2021,1,REG,2021-09-12,LAC,WAS,20,16,-4,36,176
2021_01_CLE_KC,2021,1,REG,2021-09-12,CLE,KC,29,33,4,62,163
2021_01_MIA_NE,2021,1,REG,2021-09-12,MIA,NE,17,16,-1,33,162
2021_01_GB_NO,2021,1,REG,2021-09-12,GB,NO,3,38,35,41,154
2021_01_DEN_NYG,2021,1,REG,2021-09-12,DEN,NYG,27,13,-14,40,157
2021_01_CHI_LA,2021,1,REG,2021-09-12,CHI,LA,14,34,20,48,153
2021_01_BAL_LV,2021,1,REG,2021-09-13,BAL,LV,27,33,6,60,211
2021_02_NYG_WAS,2021,2,REG,2021-09-16,NYG,WAS,29,30,1,59,199
2021_02_NO_CAR,2021,2,REG,2021-09-19,NO,CAR,7,26,19,33,166
2021_02_CIN_CHI,2021,2,REG,2021-09-19,CIN,CHI,17,20,3,37,158
2021_02_HOU_CLE,2021,2,REG,2021-09-19,HOU,CLE,21,31,10,52,161
2021_02_LA_IND,2021,2,REG,2021-09-19,LA,IND,27,24,-3,51,166
2021_02_DEN_JAX,2021,2,REG,2021-09-19,DEN,JAX,23,13,-10,36,172
2021_02_BUF_MIA,2021,2,REG,2021-09-19,BUF,MIA,35,0,-35,35,178
2021_02_NE_NYJ,2021,2,REG,2021-09-19,NE,NYJ,25,6,-19,31,169
2021_02_SF_PHI,2021,2,REG,2021-09-19,SF,PHI,17,11,-6,28,162
2021_02_LV_PIT,2021,2,REG,2021-09-19,LV,PIT,26,17,-9,43,168
2021_02_MIN_ARI,2021,2,REG,2021-09-19,MIN,ARI,33,34,1,67,176
2021_02_ATL_TB,2021,2,REG,2021-09-19,ATL,TB,25,48,23,73,180
2021_02_DAL_LAC,2021,2,REG,2021-09-19,DAL,LAC,20,17,-3,37,170
2021_02_TEN_SEA,2021,2,REG,2021-09-19,TEN,SEA,33,30,-3,63,197
2021_02_KC_BAL,2021,2,REG,2021-09-19,KC,BAL,35,36,1,71,169
2021_02_DET_GB,2021,2,REG,2021-09-20,DET,GB,17,35,18,52,162
2021_03_CAR_HOU,2021,3,REG,2021-09-23,CAR,HOU,24,9,-15,33,168
2021_03_WAS_BUF,2021,3,REG,2021-09-26,WAS,BUF,21,43,22,64,174
2021_03_CHI_CLE,2021,3,REG,2021-09-26,CHI,CLE,6,26,20,32,166
2021_03_BAL_DET,2021,3,REG,2021-09-26,BAL,DET,19,17,-2,36,164
2021_03_ARI_JAX,2021,3,REG,2021-09-26,ARI,JAX,31,19,-12,50,181
2021_03_LAC_KC,2021,3,REG,2021-09-26,LAC,KC,30,24,-6,54,185
2021_03_NO_NE,2021,3,REG,2021-09-26,NO,NE,28,13,-15,41,181
2021_03_ATL_NYG,2021,3,REG,2021-09-26,ATL,NYG,17,14,-3,31,169
2021_03_CIN_PIT,2021,3,REG,2021-09-26,CIN,PIT,24,10,-14,34,175
2021_03_IND_TEN,2021,3,REG,2021-09-26,IND,TEN,16,25,9,41,165
2021_03_NYJ_DEN,2021,3,REG,2021-09-26,NYJ,DEN,0,26,26,26,158
2021_03_MIA_LV,2021,3,REG,2021-09-26,MIA,LV,28,31,3,59,224
2021_03_TB_LA,2021,3,REG,2021-09-26,TB,LA,24,34,10,58,184
2021_03_SEA_MIN,2021,3,REG,2021-09-26,SEA,MIN,17,30,13,47,167
2021_03_GB_SF,2021,3,REG,2021-09-26,GB,SF,30,28,-2,58,176
2021_03_PHI_DAL,2021,3,REG,2021-09-27,PHI,DAL,21,41,20,62,174
2021_04_JAX_CIN,2021,4,REG,2021-09-30,JAX,CIN,21,24,3,45,155
2021_04_WAS_ATL,2021,4,REG,2021-10-03,WAS,ATL,34,30,-4,64,188
2021_04_HOU_BUF,2021,4,REG,2021-10-03,HOU,BUF,0,40,40,40,155
2021_04_DET_CHI,2021,4,REG,2021-10-03,DET,CHI,14,24,10,38,163
2021_04_CAR_DAL,2021,4,REG,2021-10-03,CAR,DAL,28,36,8,64,176
2021_04_IND_MIA,2021,4,REG,2021-10-03,IND,MIA,27,17,-10,44,168
2021_04_CLE_MIN,2021,4,REG,2021-10-03,CLE,MIN,14,7,-7,21,187
2021_04_NYG_NO,2021,4,REG,2021-10-03,NYG,NO,27,21,-6,48,173
2021_04_TEN_NYJ,2021,4,REG,2021-10-03,TEN,NYJ,24,27,3,51,217
2021_04_KC_PHI,2021,4,REG,2021-10-03,KC,PHI,42,30,-12,72,185
2021_04_ARI_LA,2021,4,REG,2021-10-03,ARI,LA,37,20,-17,57,190
2021_04_SEA_SF,2021,4,REG,2021-10-03,SEA,SF,28,21,-7,49,178
2021_04_BAL_DEN,2021,4,REG,2021-10-03,BAL,DEN,23,7,-16,30,179
2021_04_PIT_GB,2021,4,REG,2021-10-03,PIT,GB,17,27,10,44,172
2021_04_TB_NE,2021,4,REG,2021-10-03,TB,NE,19,17,-2,36,181
2021_04_LV_LAC,2021,4,REG,2021-10-04,LV,LAC,14,28,14,42,180
2021_05_LA_SEA,2021,5,REG,2021-10-07,LA,SEA,26,17,-9,43,178
2021_05_NYJ_ATL,2021,5,REG,2021-10-10,NYJ,ATL,20,27,7,47,172
2021_05_PHI_CAR,2021,5,REG,2021-10-10,PHI,CAR,21,18,-3,39,185
2021_05_GB_CIN,2021,5,REG,2021-10-10,GB,CIN,25,22,-3,47,179
2021_05_NE_HOU,2021,5,REG,2021-10-10,NE,HOU,25,22,-3,47,167
2021_05_TEN_JAX,2021,5,REG,2021-10-10,TEN,JAX,37,19,-18,56,177
2021_05_DET_MIN,2021,5,REG,2021-10-10,DET,MIN,17,19,2,36,175
2021_05_DEN_PIT,2021,5,REG,2021-10-10,DEN,PIT,19,27,8,46,170
2021_05_MIA_TB,2021,5,REG,2021-10-10,MIA,TB,17,45,28,62,169
2021_05_NO_WAS,2021,5,REG,2021-10-10,NO,WAS,33,22,-11,55,185
2021_05_CLE_LAC,2021,5,REG,2021-10-10,CLE,LAC,42,47,5,89,195
2021_05_CHI_LV,2021,5,REG,2021-10-10,CHI,LV,20,9,-11,29,172
2021_05_SF_ARI,2021,5,REG,2021-10-10,SF,ARI,10,17,7,27,160
2021_05_NYG_DAL,2021,5,REG,2021-10-10,NYG,DAL,20,44,24,64,190
2021_05_BUF_KC,2021,5,REG,2021-10-10,BUF,KC,38,20,-18,58,191
2021_05_IND_BAL,2021,5,REG,2021-10-11,IND,BAL,25,31,6,56,184
2021_06_TB_PHI,2021,6,REG,2021-10-14,TB,PHI,28,22,-6,50,165
2021_06_MIA_JAX,2021,6,REG,2021-10-17,MIA,JAX,20,23,3,43,185
2021_06_LAC_BAL,2021,6,REG,2021-10-17,LAC,BAL,6,34,28,40,156
2021_06_MIN_CAR,2021,6,REG,2021-10-17,MIN,CAR,34,28,-6,62,219
2021_06_GB_CHI,2021,6,REG,2021-10-17,GB,CHI,24,14,-10,38,158
2021_06_CIN_DET,2021,6,REG,2021-10-17,CIN,DET,34,11,-23,45,179
2021_06_HOU_IND,2021,6,REG,2021-10-17,HOU,IND,3,31,28,34,160
2021_06_LA_NYG,2021,6,REG,2021-10-17,LA,NYG,38,11,-27,49,186
2021_06_KC_WAS,2021,6,REG,2021-10-17,KC,WAS,31,13,-18,44,178
2021_06_ARI_CLE,2021,6,REG,2021-10-17,ARI,CLE,37,14,-23,51,171
2021_06_LV_DEN,2021,6,REG,2021-10-17,LV,DEN,34,24,-10,58,179
2021_06_DAL_NE,2021,6,REG,2021-10-17,DAL,NE,35,29,-6,64,191
2021_06_SEA_PIT,2021,6,REG,2021-10-17,SEA,PIT,20,23,3,43,192
2021_06_BUF_TEN,2021,6,REG,2021-10-18,BUF,TEN,31,34,3,65,172
2021_07_DEN_CLE,2021,7,REG,2021-10-21,DEN,CLE,14,17,3,31,156
2021_07_CIN_BAL,2021,7,REG,2021-10-24,CIN,BAL,41,17,-24,58,182
2021_07_WAS_GB,2021,7,REG,2021-10-24,WAS,GB,10,24,14,34,160
2021_07_ATL_MIA,2021,7,REG,2021-10-24,ATL,MIA,30,28,-2,58,179
2021_07_NYJ_NE,2021,7,REG,2021-10-24,NYJ,NE,13,54,41,67,180
2021_07_CAR_NYG,2021,7,REG,2021-10-24,CAR,NYG,3,25,22,28,173
2021_07_KC_TEN,2021,7,REG,2021-10-24,KC,TEN,3,27,24,30,175
2021_07_DET_LA,2021,7,REG,2021-10-24,DET,LA,19,28,9,47,176
2021_07_PHI_LV,2021,7,REG,2021-10-24,PHI,LV,22,33,11,55,175
2021_07_HOU_ARI,2021,7,REG,2021-10-24,HOU,ARI,5,31,26,36,165
2021_07_CHI_TB,2021,7,REG,2021-10-24,CHI,TB,3,38,35,41,175
2021_07_IND_SF,2021,7,REG,2021-10-24,IND,SF,30,18,-12,48,166
2021_07_NO_SEA,2021,7,REG,2021-10-25,NO,SEA,13,10,-3,23,173
2021_08_GB_ARI,2021,8,REG,2021-10-28,GB,ARI,24,21,-3,45,172
2021_08_CAR_ATL,2021,8,REG,2021-10-31,CAR,ATL,19,13,-6,32,171
2021_08_MIA_BUF,2021,8,REG,2021-10-31,MIA,BUF,11,26,15,37,185
2021_08_SF_CHI,2021,8,REG,2021-10-31,SF,CHI,33,22,-11,55,167
2021_08_PIT_CLE,2021,8,REG,2021-10-31,PIT,CLE,15,10,-5,25,170
2021_08_PHI_DET,2021,8,REG,2021-10-31,PHI,DET,44,6,-38,50,165
2021_08_LA_HOU,2021,8,REG,2021-10-31,LA,HOU,38,22,-16,60,176
2021_08_TEN_IND,2021,8,REG,2021-10-31,TEN,IND,34,31,-3,65,204
2021_08_CIN_NYJ,2021,8,REG,2021-10-31,CIN,NYJ,31,34,3,65,187
2021_08_NE_LAC,2021,8,REG,2021-10-31,NE,LAC,27,24,-3,51,181
2021_08_JAX_SEA,2021,8,REG,2021-10-31,JAX,SEA,7,31,24,38,172
2021_08_WAS_DEN,2021,8,REG,2021-10-31,WAS,DEN,10,17,7,27,157
2021_08_TB_NO,2021,8,REG,2021-10-31,TB,NO,27,36,9,63,181
2021_08_DAL_MIN,2021,8,REG,2021-10-31,DAL,MIN,20,16,-4,36,184
2021_08_NYG_KC,2021,8,REG,2021-11-01,NYG,KC,17,20,3,37,181
2021_09_NYJ_IND,2021,9,REG,2021-11-04,NYJ,IND,30,45,15,75,181
2021_09_MIN_BAL,2021,9,REG,2021-11-07,MIN,BAL,31,34,3,65,207
2021_09_NE_CAR,2021,9,REG,2021-11-07,NE,CAR,24,6,-18,30,160
2021_09_CLE_CIN,2021,9,REG,2021-11-07,CLE,CIN,41,16,-25,57,167
2021_09_DEN_DAL,2021,9,REG,2021-11-07,DEN,DAL,30,16,-14,46,176
2021_09_BUF_JAX,2021,9,REG,2021-11-07,BUF,JAX,6,9,3,15,170
2021_09_HOU_MIA,2021,9,REG,2021-11-07,HOU,MIA,9,17,8,26,183
2021_09_ATL_NO,2021,9,REG,2021-11-07,ATL,NO,27,25,-2,52,180
2021_09_LV_NYG,2021,9,REG,2021-11-07,LV,NYG,16,23,7,39,165
2021_09_LAC_PHI,2021,9,REG,2021-11-07,LAC,PHI,27,24,-3,51,167
2021_09_GB_KC,2021,9,REG,2021-11-07,GB,KC,7,13,6,20,167
2021_09_ARI_SF,2021,9,REG,2021-11-07,ARI,SF,31,17,-14,48,170
2021_09_TEN_LA,2021,9,REG,2021-11-07,TEN,LA,28,16,-12,44,181
2021_09_CHI_PIT,2021,9,REG,2021-11-08,CHI,PIT,27,29,2,56,187
2021_10_BAL_MIA,2021,10,REG,2021-11-11,BAL,MIA,10,22,12,32,193
2021_10_ATL_DAL,2021,10,REG,2021-11-14,ATL,DAL,3,43,40,46,169
2021_10_JAX_IND,2021,10,REG,2021-11-14,JAX,IND,17,23,6,40,180
2021_10_CLE_NE,2021,10,REG,2021-11-14,CLE,NE,7,45,38,52,161
2021_10_BUF_NYJ,2021,10,REG,2021-11-14,BUF,NYJ,45,17,-28,62,174
2021_10_DET_PIT,2021,10,REG,2021-11-14,DET,PIT,16,16,0,32,212
2021_10_NO_TEN,2021,10,REG,2021-11-14,NO,TEN,21,23,2,44,177
2021_10_TB_WAS,2021,10,REG,2021-11-14,TB,WAS,19,29,10,48,164
2021_10_CAR_ARI,2021,10,REG,2021-11-14,CAR,ARI,34,10,-24,44,169
2021_10_MIN_LAC,2021,10,REG,2021-11-14,MIN,LAC,27,20,-7,47,180
2021_10_PHI_DEN,2021,10,REG,2021-11-14,PHI,DEN,30,13,-17,43,164
2021_10_SEA_GB,2021,10,REG,2021-11-14,SEA,GB,0,17,17,17,167
2021_10_KC_LV,2021,10,REG,2021-11-14,KC,LV,41,14,-27,55,174
2021_10_LA_SF,2021,10,REG,2021-11-15,LA,SF,10,31,21,41,161
2021_11_NE_ATL,2021,11,REG,2021-11-18,NE,ATL,25,0,-25,25,156
2021_11_IND_BUF,2021,11,REG,2021-11-21,IND,BUF,41,15,-26,56,164
2021_11_WAS_CAR,2021,11,REG,2021-11-21,WAS,CAR,27,21,-6,48,163
2021_11_BAL_CHI,2021,11,REG,2021-11-21,BAL,CHI,16,13,-3,29,184
2021_11_DET_CLE,2021,11,REG,2021-11-21,DET,CLE,10,13,3,23,161
2021_11_SF_JAX,2021,11,REG,2021-11-21,SF,JAX,30,10,-20,40,151
2021_11_GB_MIN,2021,11,REG,2021-11-21,GB,MIN,31,34,3,65,170
2021_11_MIA_NYJ,2021,11,REG,2021-11-21,MIA,NYJ,24,17,-7,41,177
2021_11_NO_PHI,2021,11,REG,2021-11-21,NO,PHI,29,40,11,69,197
2021_11_HOU_TEN,2021,11,REG,2021-11-21,HOU,TEN,22,13,-9,35,187
2021_11_CIN_LV,2021,11,REG,2021-11-21,CIN,LV,32,13,-19,45,163
2021_11_DAL_KC,2021,11,REG,2021-11-21,DAL,KC,9,19,10,28,176
2021_11_ARI_SEA,2021,11,REG,2021-11-21,ARI,SEA,23,13,-10,36,176
2021_11_PIT_LAC,2021,11,REG,2021-11-21,PIT,LAC,37,41,4,78,194
2021_11_NYG_TB,2021,11,REG,2021-11-22,NYG,TB,10,30,20,40,173
2021_12_CHI_DET,2021,12,REG,2021-11-25,CHI,DET,16,14,-2,30,161
2021_12_LV_DAL,2021,12,REG,2021-11-25,LV,DAL,36,33,-3,69,222
2021_12_BUF_NO,2021,12,REG,2021-11-25,BUF,NO,31,6,-25,37,158
2021_12_PIT_CIN,2021,12,REG,2021-11-28,PIT,CIN,10,41,31,51,167
2021_12_NYJ_HOU,2021,12,REG,2021-11-28,NYJ,HOU,21,14,-7,35,166
2021_12_TB_IND,2021,12,REG,2021-11-28,TB,IND,38,31,-7,69,182
2021_12_ATL_JAX,2021,12,REG,2021-11-28,ATL,JAX,21,14,-7,35,175
2021_12_CAR_MIA,2021,12,REG,2021-11-28,CAR,MIA,10,33,23,43,175
2021_12_TEN_NE,2021,12,REG,2021-11-28,TEN,NE,13,36,23,49,163
2021_12_PHI_NYG,2021,12,REG,2021-11-28,PHI,NYG,7,13,6,20,161
2021_12_LAC_DEN,2021,12,REG,2021-11-28,LAC,DEN,13,28,15,41,168
2021_12_LA_GB,2021,12,REG,2021-11-28,LA,GB,28,36,8,64,197
2021_12_MIN_SF,2021,12,REG,2021-11-28,MIN,SF,26,34,8,60,166
2021_12_CLE_BAL,2021,12,REG,2021-11-28,CLE,BAL,10,16,6,26,178
2021_12_SEA_WAS,2021,12,REG,2021-11-29,SEA,WAS,15,17,2,32,173
2021_13_DAL_NO,2021,13,REG,2021-12-02,DAL,NO,27,17,-10,44,185
2021_13_TB_ATL,2021,13,REG,2021-12-05,TB,ATL,30,17,-13,47,184
2021_13_ARI_CHI,2021,13,REG,2021-12-05,ARI,CHI,33,22,-11,55,173
2021_13_LAC_CIN,2021,13,REG,2021-12-05,LAC,CIN,41,22,-19,63,186
2021_13_MIN_DET,2021,13,REG,2021-12-05,MIN,DET,27,29,2,56,195
2021_13_IND_HOU,2021,13,REG,2021-12-05,IND,HOU,31,0,-31,31,163
2021_13_NYG_MIA,2021,13,REG,2021-12-05,NYG,MIA,9,20,11,29,179
2021_13_PHI_NYJ,2021,13,REG,2021-12-05,PHI,NYJ,33,18,-15,51,169
2021_13_JAX_LA,2021,13,REG,2021-12-05,JAX,LA,7,37,30,44,165
2021_13_WAS_LV,2021,13,REG,2021-12-05,WAS,LV,17,15,-2,32,163
2021_13_BAL_PIT,2021,13,REG,2021-12-05,BAL,PIT,19,20,1,39,180
2021_13_SF_SEA,2021,13,REG,2021-12-05,SF,SEA,23,30,7,53,176
2021_13_DEN_KC,2021,13,REG,2021-12-05,DEN,KC,9,22,13,31,167
2021_13_NE_BUF,2021,13,REG,2021-12-06,NE,BUF,14,10,-4,24,150
2021_14_PIT_MIN,2021,14,REG,2021-12-09,PIT,MIN,28,36,8,64,194
2021_14_ATL_CAR,2021,14,REG,2021-12-12,ATL,CAR,29,21,-8,50,170
2021_14_BAL_CLE,2021,14,REG,2021-12-12,BAL,CLE,22,24,2,46,182
2021_14_SEA_HOU,2021,14,REG,2021-12-12,SEA,HOU,33,13,-20,46,189
2021_14_LV_KC,2021,14,REG,2021-12-12,LV,KC,9,48,39,57,165
2021_14_NO_NYJ,2021,14,REG,2021-12-12,NO,NYJ,30,9,-21,39,180
2021_14_JAX_TEN,2021,14,REG,2021-12-12,JAX,TEN,0,20,20,20,160
2021_14_DAL_WAS,2021,14,REG,2021-12-12,DAL,WAS,27,20,-7,47,198
2021_14_DET_DEN,2021,14,REG,2021-12-12,DET,DEN,10,38,28,48,167
2021_14_NYG_LAC,2021,14,REG,2021-12-12,NYG,LAC,21,37,16,58,186
2021_14_SF_CIN,2021,14,REG,2021-12-12,SF,CIN,26,23,-3,49,193
2021_14_BUF_TB,2021,14,REG,2021-12-12,BUF,TB,27,33,6,60,213
2021_14_CHI_GB,2021,14,REG,2021-12-12,CHI,GB,30,45,15,75,179
2021_14_LA_ARI,2021,14,REG,2021-12-13,LA,ARI,30,23,-7,53,184
2021_15_KC_LAC,2021,15,REG,2021-12-16,KC,LAC,34,28,-6,62,185
2021_15_NE_IND,2021,15,REG,2021-12-18,NE,IND,17,27,10,44,162
2021_15_CAR_BUF,2021,15,REG,2021-12-19,CAR,BUF,14,31,17,45,187
2021_15_ARI_DET,2021,15,REG,2021-12-19,ARI,DET,12,30,18,42,182
2021_15_HOU_JAX,2021,15,REG,2021-12-19,HOU,JAX,30,16,-14,46,178
2021_15_NYJ_MIA,2021,15,REG,2021-12-19,NYJ,MIA,24,31,7,55,172
2021_15_DAL_NYG,2021,15,REG,2021-12-19,DAL,NYG,21,6,-15,27,177
2021_15_TEN_PIT,2021,15,REG,2021-12-19,TEN,PIT,13,19,6,32,175
2021_15_CIN_DEN,2021,15,REG,2021-12-19,CIN,DEN,15,10,-5,25,172
2021_15_ATL_SF,2021,15,REG,2021-12-19,ATL,SF,13,31,18,44,158
2021_15_GB_BAL,2021,15,REG,2021-12-19,GB,BAL,31,30,-1,61,175
2021_15_NO_TB,2021,15,REG,2021-12-19,NO,TB,9,0,-9,9,177
2021_15_LV_CLE,2021,15,REG,2021-12-20,LV,CLE,16,14,-2,30,169
2021_15_MIN_CHI,2021,15,REG,2021-12-20,MIN,CHI,17,9,-8,26,175
2021_15_SEA_LA,2021,15,REG,2021-12-21,SEA,LA,10,20,10,30,163
2021_15_WAS_PHI,2021,15,REG,2021-12-21,WAS,PHI,17,27,10,44,166
2021_16_SF_TEN,2021,16,REG,2021-12-23,SF,TEN,17,20,3,37,159
2021_16_CLE_GB,2021,16,REG,2021-12-25,CLE,GB,22,24,2,46,162
2021_16_IND_ARI,2021,16,REG,2021-12-25,IND,ARI,22,16,-6,38,177
2021_16_DET_ATL,2021,16,REG,2021-12-26,DET,ATL,16,20,4,36,154
2021_16_TB_CAR,2021,16,REG,2021-12-26,TB,CAR,32,6,-26,38,184
2021_16_BAL_CIN,2021,16,REG,2021-12-26,BAL,CIN,21,41,20,62,176
2021_16_LAC_HOU,2021,16,REG,2021-12-26,LAC,HOU,29,41,12,70,170
2021_16_LA_MIN,2021,16,REG,2021-12-26,LA,MIN,30,23,-7,53,179
2021_16_BUF_NE,2021,16,REG,2021-12-26,BUF,NE,33,21,-12,54,179
2021_16_JAX_NYJ,2021,16,REG,2021-12-26,JAX,NYJ,21,26,5,47,173
2021_16_NYG_PHI,2021,16,REG,2021-12-26,NYG,PHI,10,34,24,44,189
2021_16_CHI_SEA,2021,16,REG,2021-12-26,CHI,SEA,25,24,-1,49,170
2021_16_PIT_KC,2021,16,REG,2021-12-26,PIT,KC,10,36,26,46,183
2021_16_DEN_LV,2021,16,REG,2021-12-26,DEN,LV,13,17,4,30,142
2021_16_WAS_DAL,2021,16,REG,2021-12-26,WAS,DAL,14,56,42,70,173
2021_16_MIA_NO,2021,16,REG,2021-12-27,MIA,NO,20,3,-17,23,158
2021_17_LA_BAL,2021,17,REG,2022-01-02,LA,BAL,20,19,-1,39,171
2021_17_ATL_BUF,2021,17,REG,2022-01-02,ATL,BUF,15,29,14,44,164
2021_17_NYG_CHI,2021,17,REG,2022-01-02,NYG,CHI,3,29,26,32,158
2021_17_KC_CIN,2021,17,REG,2022-01-02,KC,CIN,31,34,3,65,176
2021_17_LV_IND,2021,17,REG,2022-01-02,LV,IND,23,20,-3,43,163
2021_17_JAX_NE,2021,17,REG,2022-01-02,JAX,NE,10,50,40,60,157
2021_17_TB_NYJ,2021,17,REG,2022-01-02,TB,NYJ,28,24,-4,52,175
2021_17_MIA_TEN,2021,17,REG,2022-01-02,MIA,TEN,3,34,31,37,164
2021_17_PHI_WAS,2021,17,REG,2022-01-02,PHI,WAS,20,16,-4,36,163
2021_17_DEN_LAC,2021,17,REG,2022-01-02,DEN,LAC,13,34,21,47,164
2021_17_HOU_SF,2021,17,REG,2022-01-02,HOU,SF,7,23,16,30,172
2021_17_ARI_DAL,2021,17,REG,2022-01-02,ARI,DAL,25,22,-3,47,185
2021_17_CAR_NO,2021,17,REG,2022-01-02,CAR,NO,10,18,8,28,161
2021_17_DET_SEA,2021,17,REG,2022-01-02,DET,SEA,29,51,22,80,179
2021_17_MIN_GB,2021,17,REG,2022-01-02,MIN,GB,10,37,27,47,169
2021_17_CLE_PIT,2021,17,REG,2022-01-03,CLE,PIT,14,26,12,40,201
2021_18_KC_DEN,2021,18,REG,2022-01-08,KC,DEN,28,24,-4,52,173
2021_18_DAL_PHI,2021,18,REG,2022-01-08,DAL,PHI,51,26,-25,77,176
2021_18_PIT_BAL,2021,18,REG,2022-01-09,PIT,BAL,16,13,-3,29,200
2021_18_CIN_CLE,2021,18,REG,2022-01-09,CIN,CLE,16,21,5,37,157
2021_18_GB_DET,2021,18,REG,2022-01-09,GB,DET,30,37,7,67,172
2021_18_TEN_HOU,2021,18,REG,2022-01-09,TEN,HOU,28,25,-3,53,167
2021_18_IND_JAX,2021,18,REG,2022-01-09,IND,JAX,11,26,15,37,161
2021_18_CHI_MIN,2021,18,REG,2022-01-09,CHI,MIN,17,31,14,48,167
2021_18_WAS_NYG,2021,18,REG,2022-01-09,WAS,NYG,22,7,-15,29,159
2021_18_SEA_ARI,2021,18,REG,2022-01-09,SEA,ARI,38,30,-8,68,181
2021_18_NO_ATL,2021,18,REG,2022-01-09,NO,ATL,30,20,-10,50,160
2021_18_NYJ_BUF,2021,18,REG,2022-01-09,NYJ,BUF,10,27,17,37,172
2021_18_SF_LA,2021,18,REG,2022-01-09,SF,LA,27,24,-3,51,185
2021_18_NE_MIA,2021,18,REG,2022-01-09,NE,MIA,24,33,9,57,181
2021_18_CAR_TB,2021,18,REG,2022-01-09,CAR,TB,17,41,24,58,170
2021_18_LAC_LV,2021,18,REG,2022-01-09,LAC,LV,32,35,3,67,225
2021_19_LV_CIN,2021,19,WC,2022-01-15,LV,CIN,19,26,7,45,183
2021_19_NE_BUF,2021,19,WC,2022-01-15,NE,BUF,17,47,30,64,157
2021_19_PHI_TB,2021,19,WC,2022-01-16,PHI,TB,15,31,16,46,182
2021_19_SF_DAL,2021,19,WC,2022-01-16,SF,DAL,23,17,-6,40,192
2021_19_PIT_KC,2021,19,WC,2022-01-16,PIT,KC,21,42,21,63,177
2021_19_ARI_LA,2021,19,WC,2022-01-17,ARI,LA,11,34,23,45,158
2021_20_CIN_TEN,2021,20,DIV,2022-01-22,CIN,TEN,19,16,-3,35,164
2021_20_SF_GB,2021,20,DIV,2022-01-22,SF,GB,13,10,-3,23,154
2021_20_LA_TB,2021,20,DIV,2022-01-23,LA,TB,30,27,-3,57,192
2021_20_BUF_KC,2021,20,DIV,2022-01-23,BUF,KC,36,42,6,78,189
2021_21_CIN_KC,2021,21,CON,2022-01-30,CIN,KC,27,24,-3,51,183
2021_21_SF_LA,2021,21,CON,2022-01-30,SF,LA,17,20,3,37,167
2021_22_LA_CIN,2021,22,SB,2022-02-13,LA,CIN,23,20,-3,43,173
2022_01_BUF_LA,2022,1,REG,2022-09-08,BUF,LA,31,10,-21,41,160
2022_01_NO_ATL,2022,1,REG,2022-09-11,NO,ATL,27,26,-1,53,189
2022_01_CLE_CAR,2022,1,REG,2022-09-11,CLE,CAR,26,24,-2,50,184
2022_01_SF_CHI,2022,1,REG,2022-09-11,SF,CHI,10,19,9,29,168
2022_01_PIT_CIN,2022,1,REG,2022-09-11,PIT,CIN,23,20,-3,43,214
2022_01_PHI_DET,2022,1,REG,2022-09-11,PHI,DET,38,35,-3,73,198
2022_01_IND_HOU,2022,1,REG,2022-09-11,IND,HOU,20,20,0,40,217
2022_01_NE_MIA,2022,1,REG,2022-09-11,NE,MIA,7,20,13,27,152
2022_01_BAL_NYJ,2022,1,REG,2022-09-11,BAL,NYJ,24,9,-15,33,177
2022_01_JAX_WAS,2022,1,REG,2022-09-11,JAX,WAS,22,28,6,50,188
2022_01_KC_ARI,2022,1,REG,2022-09-11,KC,ARI,44,21,-23,65,173
2022_01_LV_LAC,2022,1,REG,2022-09-11,LV,LAC,19,24,5,43,163
2022_01_GB_MIN,2022,1,REG,2022-09-11,GB,MIN,7,23,16,30,163
2022_01_NYG_TEN,2022,1,REG,2022-09-11,NYG,TEN,21,20,-1,41,170
2022_01_TB_DAL,2022,1,REG,2022-09-11,TB,DAL,19,3,-16,22,172
2022_01_DEN_SEA,2022,1,REG,2022-09-12,DEN,SEA,16,17,1,33,160
2022_02_LAC_KC,2022,2,REG,2022-09-15,LAC,KC,24,27,3,51,174
2022_02_MIA_BAL,2022,2,REG,2022-09-18,MIA,BAL,42,38,-4,80,174
2022_02_NYJ_CLE,2022,2,REG,2022-09-18,NYJ,CLE,31,30,-1,61,184
2022_02_WAS_DET,2022,2,REG,2022-09-18,WAS,DET,27,36,9,63,179
2022_02_IND_JAX,2022,2,REG,2022-09-18,IND,JAX,0,24,24,24,156
2022_02_TB_NO,2022,2,REG,2022-09-18,TB,NO,20,10,-10,30,176
2022_02_CAR_NYG,2022,2,REG,2022-09-18,CAR,NYG,16,19,3,35,174
2022_02_NE_PIT,2022,2,REG,2022-09-18,NE,PIT,17,14,-3,31,168
2022_02_ATL_LA,2022,2,REG,2022-09-18,ATL,LA,27,31,4,58,163
2022_02_SEA_SF,2022,2,REG,2022-09-18,SEA,SF,7,27,20,34,162
2022_02_CIN_DAL,2022,2,REG,2022-09-18,CIN,DAL,17,20,3,37,176
2022_02_HOU_DEN,2022,2,REG,2022-09-18,HOU,DEN,9,16,7,25,180
2022_02_ARI_LV,2022,2,REG,2022-09-18,ARI,LV,29,23,-6,52,199
2022_02_CHI_GB,2022,2,REG,2022-09-18,CHI,GB,10,27,17,37,147
2022_02_TEN_BUF,2022,2,REG,2022-09-19,TEN,BUF,7,41,34,48,166
2022_02_MIN_PHI,2022,2,REG,2022-09-19,MIN,PHI,7,24,17,31,169
2022_03_PIT_CLE,2022,3,REG,2022-09-22,PIT,CLE,17,29,12,46,177
2022_03_NO_CAR,2022,3,REG,2022-09-25,NO,CAR,14,22,8,36,175
2022_03_HOU_CHI,2022,3,REG,2022-09-25,HOU,CHI,20,23,3,43,166
2022_03_KC_IND,2022,3,REG,2022-09-25,KC,IND,17,20,3,37,170
2022_03_BUF_MIA,2022,3,REG,2022-09-25,BUF,MIA,19,21,2,40,175
2022_03_DET_MIN,2022,3,REG,2022-09-25,DET,MIN,24,28,4,52,194
2022_03_BAL_NE,2022,3,REG,2022-09-25,BAL,NE,37,26,-11,63,167
2022_03_CIN_NYJ,2022,3,REG,2022-09-25,CIN,NYJ,27,12,-15,39,188
2022_03_LV_TEN,2022,3,REG,2022-09-25,LV,TEN,22,24,2,46,171
2022_03_PHI_WAS,2022,3,REG,2022-09-25,PHI,WAS,24,8,-16,32,188
2022_03_JAX_LAC,2022,3,REG,2022-09-25,JAX,LAC,38,10,-28,48,173
2022_03_LA_ARI,2022,3,REG,2022-09-25,LA,ARI,20,12,-8,32,175
2022_03_ATL_SEA,2022,3,REG,2022-09-25,ATL,SEA,27,23,-4,50,164
2022_03_GB_TB,2022,3,REG,2022-09-25,GB,TB,14,12,-2,26,170
2022_03_SF_DEN,2022,3,REG,2022-09-25,SF,DEN,10,11,1,21,172
2022_03_DAL_NYG,2022,3,REG,2022-09-26,DAL,NYG,23,16,-7,39,182
2022_04_MIA_CIN,2022,4,REG,2022-09-29,MIA,CIN,15,27,12,42,173
2022_04_MIN_NO,2022,4,REG,2022-10-02,MIN,NO,28,25,-3,53,181
2022_04_CLE_ATL,2022,4,REG,2022-10-02,CLE,ATL,20,23,3,43,165
2022_04_BUF_BAL,2022,4,REG,2022-10-02,BUF,BAL,23,20,-3,43,172
2022_04_WAS_DAL,2022,4,REG,2022-10-02,WAS,DAL,10,25,15,35,181
2022_04_SEA_DET,2022,4,REG,2022-10-02,SEA,DET,48,45,-3,93,195
2022_04_LAC_HOU,2022,4,REG,2022-10-02,LAC,HOU,34,24,-10,58,175
2022_04_TEN_IND,2022,4,REG,2022-10-02,TEN,IND,24,17,-7,41,159
2022_04_CHI_NYG,2022,4,REG,2022-10-02,CHI,NYG,12,20,8,32,174
2022_04_JAX_PHI,2022,4,REG,2022-10-02,JAX,PHI,21,29,8,50,167
2022_04_NYJ_PIT,2022,4,REG,2022-10-02,NYJ,PIT,24,20,-4,44,177
2022_04_ARI_CAR,2022,4,REG,2022-10-02,ARI,CAR,26,16,-10,42,166
2022_04_NE_GB,2022,4,REG,2022-10-02,NE,GB,24,27,3,51,184
2022_04_DEN_LV,2022,4,REG,2022-10-02,DEN,LV,23,32,9,55,174
2022_04_KC_TB,2022,4,REG,2022-10-02,KC,TB,41,31,-10,72,188
2022_04_LA_SF,2022,4,REG,2022-10-03,LA,SF,9,24,15,33,164
2022_05_IND_DEN,2022,5,REG,2022-10-06,IND,DEN,12,9,-3,21,204
2022_05_NYG_GB,2022,5,REG,2022-10-09,NYG,GB,27,22,-5,49,167
2022_05_PIT_BUF,2022,5,REG,2022-10-09,PIT,BUF,3,38,35,41,170
2022_05_LAC_CLE,2022,5,REG,2022-10-09,LAC,CLE,30,28,-2,58,179
2022_05_HOU_JAX,2022,5,REG,2022-10-09,HOU,JAX,13,6,-7,19,169
2022_05_CHI_MIN,2022,5,REG,2022-10-09,CHI,MIN,22,29,7,51,167
2022_05_DET_NE,2022,5,REG,2022-10-09,DET,NE,0,29,29,29,162
2022_05_SEA_NO,2022,5,REG,2022-10-09,SEA,NO,32,39,7,71,187
2022_05_MIA_NYJ,2022,5,REG,2022-10-09,MIA,NYJ,17,40,23,57,170
2022_05_ATL_TB,2022,5,REG,2022-10-09,ATL,TB,15,21,6,36,182
2022_05_TEN_WAS,2022,5,REG,2022-10-09,TEN,WAS,21,17,-4,38,173
2022_05_SF_CAR,2022,5,REG,2022-10-09,SF,CAR,37,15,-22,52,180
2022_05_PHI_ARI,2022,5,REG,2022-10-09,PHI,ARI,20,17,-3,37,182
2022_05_DAL_LA,2022,5,REG,2022-10-09,DAL,LA,22,10,-12,32,165
2022_05_CIN_BAL,2022,5,REG,2022-10-09,CIN,BAL,17,19,2,36,166
2022_05_LV_KC,2022,5,REG,2022-10-10,LV,KC,29,30,1,59,179
2022_06_WAS_CHI,2022,6,REG,2022-10-13,WAS,CHI,12,7,-5,19,167
2022_06_SF_ATL,2022,6,REG,2022-10-16,SF,ATL,14,28,14,42,158
2022_06_NE_CLE,2022,6,REG,2022-10-16,NE,CLE,38,15,-23,53,186
2022_06_NYJ_GB,2022,6,REG,2022-10-16,NYJ,GB,27,10,-17,37,172
2022_06_JAX_IND,2022,6,REG,2022-10-16,JAX,IND,27,34,7,61,183
2022_06_MIN_MIA,2022,6,REG,2022-10-16,MIN,MIA,24,16,-8,40,177
2022_06_CIN_NO,2022,6,REG,2022-10-16,CIN,NO,30,26,-4,56,174
2022_06_BAL_NYG,2022,6,REG,2022-10-16,BAL,NYG,20,24,4,44,167
2022_06_TB_PIT,2022,6,REG,2022-10-16,TB,PIT,18,20,2,38,183
2022_06_CAR_LA,2022,6,REG,2022-10-16,CAR,LA,10,24,14,34,152
2022_06_ARI_SEA,2022,6,REG,2022-10-16,ARI,SEA,9,19,10,28,185
2022_06_BUF_KC,2022,6,REG,2022-10-16,BUF,KC,24,20,-4,44,180
2022_06_DAL_PHI,2022,6,REG,2022-10-16,DAL,PHI,17,26,9,43,174
2022_06_DEN_LAC,2022,6,REG,2022-10-17,DEN,LAC,16,19,3,35,201
2022_07_NO_ARI,2022,7,REG,2022-10-20,NO,ARI,34,42,8,76,188
2022_07_CLE_BAL,2022,7,REG,2022-10-23,CLE,BAL,20,23,3,43,167
2022_07_TB_CAR,2022,7,REG,2022-10-23,TB,CAR,3,21,18,24,152
2022_07_ATL_CIN,2022,7,REG,2022-10-23,ATL,CIN,17,35,18,52,155
2022_07_DET_DAL,2022,7,REG,2022-10-23,DET,DAL,6,24,18,30,159
2022_07_NYG_JAX,2022,7,REG,2022-10-23,NYG,JAX,23,17,-6,40,190
2022_07_IND_TEN,2022,7,REG,2022-10-23,IND,TEN,10,19,9,29,158
2022_07_GB_WAS,2022,7,REG,2022-10-23,GB,WAS,21,23,2,44,172
2022_07_NYJ_DEN,2022,7,REG,2022-10-23,NYJ,DEN,16,9,-7,25,181
2022_07_HOU_LV,2022,7,REG,2022-10-23,HOU,LV,20,38,18,58,161
2022_07_SEA_LAC,2022,7,REG,2022-10-23,SEA,LAC,37,23,-14,60,183
2022_07_KC_SF,2022,7,REG,2022-10-23,KC,SF,44,23,-21,67,185
2022_07_PIT_MIA,2022,7,REG,2022-10-23,PIT,MIA,10,16,6,26,178
2022_07_CHI_NE,2022,7,REG,2022-10-24,CHI,NE,33,14,-19,47,161
2022_08_BAL_TB,2022,8,REG,2022-10-27,BAL,TB,27,22,-5,49,190
2022_08_DEN_JAX,2022,8,REG,2022-10-30,DEN,JAX,21,17,-4,38,178
2022_08_CAR_ATL,2022,8,REG,2022-10-30,CAR,ATL,34,37,3,71,204
2022_08_CHI_DAL,2022,8,REG,2022-10-30,CHI,DAL,29,49,20,78,182
2022_08_MIA_DET,2022,8,REG,2022-10-30,MIA,DET,31,27,-4,58,165
2022_08_ARI_MIN,2022,8,REG,2022-10-30,ARI,MIN,26,34,8,60,197
2022_08_LV_NO,2022,8,REG,2022-10-30,LV,NO,0,24,24,24,157
2022_08_NE_NYJ,2022,8,REG,2022-10-30,NE,NYJ,22,17,-5,39,181
2022_08_PIT_PHI,2022,8,REG,2022-10-30,PIT,PHI,13,35,22,48,173
2022_08_TEN_HOU,2022,8,REG,2022-10-30,TEN,HOU,17,10,-7,27,156
2022_08_WAS_IND,2022,8,REG,2022-10-30,WAS,IND,17,16,-1,33,157
2022_08_SF_LA,2022,8,REG,2022-10-30,SF,LA,31,14,-17,45,147
2022_08_NYG_SEA,2022,8,REG,2022-10-30,NYG,SEA,13,27,14,40,174
2022_08_GB_BUF,2022,8,REG,2022-10-30,GB,BUF,17,27,10,44,163
2022_08_CIN_CLE,2022,8,REG,2022-10-31,CIN,CLE,13,32,19,45,163
2022_09_PHI_HOU,2022,9,REG,2022-11-03,PHI,HOU,29,17,-12,46,163
2022_09_LAC_ATL,2022,9,REG,2022-11-06,LAC,ATL,20,17,-3,37,168
2022_09_MIA_CHI,2022,9,REG,2022-11-06,MIA,CHI,35,32,-3,67,170
2022_09_CAR_CIN,2022,9,REG,2022-11-06,CAR,CIN,21,42,21,63,164
2022_09_GB_DET,2022,9,REG,2022-11-06,GB,DET,9,15,6,24,163
2022_09_LV_JAX,2022,9,REG,2022-11-06,LV,JAX,20,27,7,47,172
2022_09_IND_NE,2022,9,REG,2022-11-06,IND,NE,3,26,23,29,171
2022_09_BUF_NYJ,2022,9,REG,2022-11-06,BUF,NYJ,17,20,3,37,161
2022_09_MIN_WAS,2022,9,REG,2022-11-06,MIN,WAS,20,17,-3,37,172
2022_09_SEA_ARI,2022,9,REG,2022-11-06,SEA,ARI,31,21,-10,52,184
2022_09_LA_TB,2022,9,REG,2022-11-06,LA,TB,13,16,3,29,190
2022_09_TEN_KC,2022,9,REG,2022-11-06,TEN,KC,17,20,3,37,198
2022_09_BAL_NO,2022,9,REG,2022-11-07,BAL,NO,27,13,-14,40,162
2022_10_ATL_CAR,2022,10,REG,2022-11-10,ATL,CAR,15,25,10,40,176
2022_10_SEA_TB,2022,10,REG,2022-11-13,SEA,TB,16,21,5,37,164
2022_10_MIN_BUF,2022,10,REG,2022-11-13,MIN,BUF,33,30,-3,63,212
2022_10_DET_CHI,2022,10,REG,2022-11-13,DET,CHI,31,30,-1,61,163
2022_10_JAX_KC,2022,10,REG,2022-11-13,JAX,KC,17,27,10,44,165
2022_10_CLE_MIA,2022,10,REG,2022-11-13,CLE,MIA,17,39,22,56,170
2022_10_HOU_NYG,2022,10,REG,2022-11-13,HOU,NYG,16,24,8,40,180
2022_10_NO_PIT,2022,10,REG,2022-11-13,NO,PIT,10,20,10,30,169
2022_10_DEN_TEN,2022,10,REG,2022-11-13,DEN,TEN,10,17,7,27,190
2022_10_IND_LV,2022,10,REG,2022-11-13,IND,LV,25,20,-5,45,171
2022_10_DAL_GB,2022,10,REG,2022-11-13,DAL,GB,28,31,3,59,195
2022_10_ARI_LA,2022,10,REG,2022-11-13,ARI,LA,27,17,-10,44,177
2022_10_LAC_SF,2022,10,REG,2022-11-13,LAC,SF,16,22,6,38,173
2022_10_WAS_PHI,2022,10,REG,2022-11-14,WAS,PHI,32,21,-11,53,175
2022_11_TEN_GB,2022,11,REG,2022-11-17,TEN,GB,27,17,-10,44,162
2022_11_CHI_ATL,2022,11,REG,2022-11-20,CHI,ATL,24,27,3,51,165
2022_11_CAR_BAL,2022,11,REG,2022-11-20,CAR,BAL,3,13,10,16,169
2022_11_CLE_BUF,2022,11,REG,2022-11-20,CLE,BUF,23,31,8,54,188
2022_11_WAS_HOU,2022,11,REG,2022-11-20,WAS,HOU,23,10,-13,33,166
2022_11_PHI_IND,2022,11,REG,2022-11-20,PHI,IND,17,16,-1,33,173
2022_11_NYJ_NE,2022,11,REG,2022-11-20,NYJ,NE,3,10,7,13,162
2022_11_LA_NO,2022,11,REG,2022-11-20,LA,NO,20,27,7,47,168
2022_11_DET_NYG,2022,11,REG,2022-11-20,DET,NYG,31,18,-13,49,183
2022_11_LV_DEN,2022,11,REG,2022-11-20,LV,DEN,22,16,-6,38,177
2022_11_DAL_MIN,2022,11,REG,2022-11-20,DAL,MIN,40,3,-37,43,173
2022_11_CIN_PIT,2022,11,REG,2022-11-20,CIN,PIT,37,30,-7,67,197
2022_11_KC_LAC,2022,11,REG,2022-11-20,KC,LAC,30,27,-3,57,174
2022_11_SF_ARI,2022,11,REG,2022-11-21,SF,ARI,38,10,-28,48,166
2022_12_BUF_DET,2022,12,REG,2022-11-24,BUF,DET,28,25,-3,53,187
2022_12_NYG_DAL,2022,12,REG,2022-11-24,NYG,DAL,20,28,8,48,182
2022_12_NE_MIN,2022,12,REG,2022-11-24,NE,MIN,26,33,7,59,172
2022_12_DEN_CAR,2022,12,REG,2022-11-27,DEN,CAR,10,23,13,33,170
2022_12_TB_CLE,2022,12,REG,2022-11-27,TB,CLE,17,23,6,40,198
2022_12_BAL_JAX,2022,12,REG,2022-11-27,BAL,JAX,27,28,1,55,179
2022_12_HOU_MIA,2022,12,REG,2022-11-27,HOU,MIA,15,30,15,45,180
2022_12_CHI_NYJ,2022,12,REG,2022-11-27,CHI,NYJ,10,31,21,41,157
2022_12_CIN_TEN,2022,12,REG,2022-11-27,CIN,TEN,20,16,-4,36,170
2022_12_ATL_WAS,2022,12,REG,2022-11-27,ATL,WAS,13,19,6,32,156
2022_12_LAC_ARI,2022,12,REG,2022-11-27,LAC,ARI,25,24,-1,49,175
2022_12_LV_SEA,2022,12,REG,2022-11-27,LV,SEA,40,34,-6,74,192
2022_12_LA_KC,2022,12,REG,2022-11-27,LA,KC,10,26,16,36,169
2022_12_NO_SF,2022,12,REG,2022-11-27,NO,SF,0,13,13,13,158
2022_12_GB_PHI,2022,12,REG,2022-11-27,GB,PHI,33,40,7,73,175
2022_12_PIT_IND,2022,12,REG,2022-11-28,PIT,IND,24,17,-7,41,171
2022_13_BUF_NE,2022,13,REG,2022-12-01,BUF,NE,24,10,-14,34,166
2022_13_PIT_ATL,2022,13,REG,2022-12-04,PIT,ATL,19,16,-3,35,161
2022_13_DEN_BAL,2022,13,REG,2022-12-04,DEN,BAL,9,10,1,19,168
2022_13_GB_CHI,2022,13,REG,2022-12-04,GB,CHI,28,19,-9,47,156
2022_13_JAX_DET,2022,13,REG,2022-12-04,JAX,DET,14,40,26,54,171
2022_13_CLE_HOU,2022,13,REG,2022-12-04,CLE,HOU,27,14,-13,41,173
2022_13_NYJ_MIN,2022,13,REG,2022-12-04,NYJ,MIN,22,27,5,49,200
2022_13_WAS_NYG,2022,13,REG,2022-12-04,WAS,NYG,20,20,0,40,201
2022_13_TEN_PHI,2022,13,REG,2022-12-04,TEN,PHI,10,35,25,45,176
2022_13_SEA_LA,2022,13,REG,2022-12-04,SEA,LA,27,23,-4,50,177
2022_13_MIA_SF,2022,13,REG,2022-12-04,MIA,SF,17,33,16,50,178
2022_13_KC_CIN,2022,13,REG,2022-12-04,KC,CIN,24,27,3,51,164
2022_13_LAC_LV,2022,13,REG,2022-12-04,LAC,LV,20,27,7,47,182
2022_13_IND_DAL,2022,13,REG,2022-12-04,IND,DAL,19,54,35,73,181
2022_13_NO_TB,2022,13,REG,2022-12-05,NO,TB,16,17,1,33,179
2022_14_LV_LA,2022,14,REG,2022-12-08,LV,LA,16,17,1,33,164
2022_14_NYJ_BUF,2022,14,REG,2022-12-11,NYJ,BUF,12,20,8,32,179
2022_14_CLE_CIN,2022,14,REG,2022-12-11,CLE,CIN,10,23,13,33,178
2022_14_HOU_DAL,2022,14,REG,2022-12-11,HOU,DAL,23,27,4,50,182
2022_14_MIN_DET,2022,14,REG,2022-12-11,MIN,DET,23,34,11,57,181
2022_14_PHI_NYG,2022,14,REG,2022-12-11,PHI,NYG,48,22,-26,70,174
2022_14_BAL_PIT,2022,14,REG,2022-12-11,BAL,PIT,16,14,-2,30,149
2022_14_JAX_TEN,2022,14,REG,2022-12-11,JAX,TEN,36,22,-14,58,181
2022_14_KC_DEN,2022,14,REG,2022-12-11,KC,DEN,34,28,-6,62,188
2022_14_CAR_SEA,2022,14,REG,2022-12-11,CAR,SEA,30,24,-6,54,168
2022_14_TB_SF,2022,14,REG,2022-12-11,TB,SF,7,35,28,42,175
2022_14_MIA_LAC,2022,14,REG,2022-12-11,MIA,LAC,17,23,6,40,178
2022_14_NE_ARI,2022,14,REG,2022-12-12,NE,ARI,27,13,-14,40,177
2022_15_SF_SEA,2022,15,REG,2022-12-15,SF,SEA,21,13,-8,34,170
2022_15_IND_MIN,2022,15,REG,2022-12-17,IND,MIN,36,39,3,75,240
2022_15_BAL_CLE,2022,15,REG,2022-12-17,BAL,CLE,3,13,10,16,161
2022_15_MIA_BUF,2022,15,REG,2022-12-17,MIA,BUF,29,32,3,61,186
2022_15_PIT_CAR,2022,15,REG,2022-12-18,PIT,CAR,24,16,-8,40,156
2022_15_PHI_CHI,2022,15,REG,2022-12-18,PHI,CHI,25,20,-5,45,174
2022_15_KC_HOU,2022,15,REG,2022-12-18,KC,HOU,30,24,-6,54,184
2022_15_DAL_JAX,2022,15,REG,2022-12-18,DAL,JAX,34,40,6,74,196
2022_15_ATL_NO,2022,15,REG,2022-12-18,ATL,NO,18,21,3,39,168
2022_15_DET_NYJ,2022,15,REG,2022-12-18,DET,NYJ,20,17,-3,37,172
2022_15_ARI_DEN,2022,15,REG,2022-12-18,ARI,DEN,15,24,9,39,177
2022_15_NE_LV,2022,15,REG,2022-12-18,NE,LV,24,30,6,54,189
2022_15_TEN_LAC,2022,15,REG,2022-12-18,TEN,LAC,14,17,3,31,177
2022_15_CIN_TB,2022,15,REG,2022-12-18,CIN,TB,34,23,-11,57,180
2022_15_NYG_WAS,2022,15,REG,2022-12-18,NYG,WAS,20,12,-8,32,169
2022_15_LA_GB,2022,15,REG,2022-12-19,LA,GB,12,24,12,36,154
2022_16_JAX_NYJ,2022,16,REG,2022-12-22,JAX,NYJ,19,3,-16,22,172
2022_16_ATL_BAL,2022,16,REG,2022-12-24,ATL,BAL,9,17,8,26,156
2022_16_DET_CAR,2022,16,REG,2022-12-24,DET,CAR,23,37,14,60,179
2022_16_BUF_CHI,2022,16,REG,2022-12-24,BUF,CHI,35,13,-22,48,163
2022_16_NO_CLE,2022,16,REG,2022-12-24,NO,CLE,17,10,-7,27,160
2022_16_SEA_KC,2022,16,REG,2022-12-24,SEA,KC,10,24,14,34,170
2022_16_NYG_MIN,2022,16,REG,2022-12-24,NYG,MIN,24,27,3,51,185
2022_16_CIN_NE,2022,16,REG,2022-12-24,CIN,NE,22,18,-4,40,185
2022_16_HOU_TEN,2022,16,REG,2022-12-24,HOU,TEN,19,14,-5,33,168
2022_16_WAS_SF,2022,16,REG,2022-12-24,WAS,SF,20,37,17,57,170
2022_16_PHI_DAL,2022,16,REG,2022-12-24,PHI,DAL,34,40,6,74,189
2022_16_LV_PIT,2022,16,REG,2022-12-24,LV,PIT,10,13,3,23,156
2022_16_GB_MIA,2022,16,REG,2022-12-25,GB,MIA,26,20,-6,46,160
2022_16_DEN_LA,2022,16,REG,2022-12-25,DEN,LA,14,51,37,65,170
2022_16_TB_ARI,2022,16,REG,2022-12-25,TB,ARI,19,16,-3,35,209
2022_16_LAC_IND,2022,16,REG,2022-12-26,LAC,IND,20,3,-17,23,152
2022_17_DAL_TEN,2022,17,REG,2022-12-29,DAL,TEN,27,13,-14,40,182
2022_17_ARI_ATL,2022,17,REG,2023-01-01,ARI,ATL,19,20,1,39,180
2022_17_CHI_DET,2022,17,REG,2023-01-01,CHI,DET,10,41,31,51,166
2022_17_JAX_HOU,2022,17,REG,2023-01-01,JAX,HOU,31,3,-28,34,168
2022_17_DEN_KC,2022,17,REG,2023-01-01,DEN,KC,24,27,3,51,170
2022_17_MIA_NE,2022,17,REG,2023-01-01,MIA,NE,21,23,2,44,179
2022_17_IND_NYG,2022,17,REG,2023-01-01,IND,NYG,10,38,28,48,154
2022_17_NO_PHI,2022,17,REG,2023-01-01,NO,PHI,20,10,-10,30,168
2022_17_CAR_TB,2022,17,REG,2023-01-01,CAR,TB,24,30,6,54,193
2022_17_CLE_WAS,2022,17,REG,2023-01-01,CLE,WAS,24,10,-14,34,163
2022_17_SF_LV,2022,17,REG,2023-01-01,SF,LV,37,34,-3,71,185
2022_17_NYJ_SEA,2022,17,REG,2023-01-01,NYJ,SEA,6,23,17,29,185
2022_17_MIN_GB,2022,17,REG,2023-01-01,MIN,GB,17,41,24,58,166
2022_17_LA_LAC,2022,17,REG,2023-01-01,LA,LAC,10,31,21,41,148
2022_17_PIT_BAL,2022,17,REG,2023-01-01,PIT,BAL,16,13,-3,29,159
2022_18_KC_LV,2022,18,REG,2023-01-07,KC,LV,31,13,-18,44,165
2022_18_TEN_JAX,2022,18,REG,2023-01-07,TEN,JAX,16,20,4,36,165
2022_18_TB_ATL,2022,18,REG,2023-01-08,TB,ATL,17,30,13,47,162
2022_18_NE_BUF,2022,18,REG,2023-01-08,NE,BUF,23,35,12,58,164
2022_18_MIN_CHI,2022,18,REG,2023-01-08,MIN,CHI,29,13,-16,42,168
2022_18_BAL_CIN,2022,18,REG,2023-01-08,BAL,CIN,16,27,11,43,187
2022_18_HOU_IND,2022,18,REG,2023-01-08,HOU,IND,32,31,-1,63,183
2022_18_NYJ_MIA,2022,18,REG,2023-01-08,NYJ,MIA,6,11,5,17,160
2022_18_CAR_NO,2022,18,REG,2023-01-08,CAR,NO,10,7,-3,17,152
2022_18_CLE_PIT,2022,18,REG,2023-01-08,CLE,PIT,14,28,14,42,175
2022_18_LAC_DEN,2022,18,REG,2023-01-08,LAC,DEN,28,31,3,59,176
2022_18_NYG_PHI,2022,18,REG,2023-01-08,NYG,PHI,16,22,6,38,184
2022_18_LA_SEA,2022,18,REG,2023-01-08,LA,SEA,16,19,3,35,184
2022_18_ARI_SF,2022,18,REG,2023-01-08,ARI,SF,13,38,25,51,153
2022_18_DAL_WAS,2022,18,REG,2023-01-08,DAL,WAS,6,26,20,32,177
2022_18_DET_GB,2022,18,REG,2023-01-08,DET,GB,20,16,-4,36,165
2022_19_SEA_SF,2022,19,WC,2023-01-14,SEA,SF,23,41,18,64,174
2022_19_LAC_JAX,2022,19,WC,2023-01-14,LAC,JAX,30,31,1,61,189
2022_19_MIA_BUF,2022,19,WC,2023-01-15,MIA,BUF,31,34,3,65,203
2022_19_NYG_MIN,2022,19,WC,2023-01-15,NYG,MIN,31,24,-7,55,167
2022_19_BAL_CIN,2022,19,WC,2023-01-15,BAL,CIN,17,24,7,41,165
2022_19_DAL_TB,2022,19,WC,2023-01-16,DAL,TB,31,14,-17,45,188
2022_20_JAX_KC,2022,20,DIV,2023-01-21,JAX,KC,20,27,7,47,172
2022_20_NYG_PHI,2022,20,DIV,2023-01-21,NYG,PHI,7,38,31,45,163
2022_20_CIN_BUF,2022,20,DIV,2023-01-22,CIN,BUF,27,10,-17,37,175
2022_20_DAL_SF,2022,20,DIV,2023-01-22,DAL,SF,12,19,7,31,172
2022_21_SF_PHI,2022,21,CON,2023-01-29,SF,PHI,7,31,24,38,154
2022_21_CIN_KC,2022,21,CON,2023-01-29,CIN,KC,20,23,3,43,179
2022_22_KC_PHI,2022,22,SB,2023-02-12,KC,PHI,38,35,-3,73,176
2023_01_DET_KC,2023,1,REG,2023-09-07,DET,KC,21,20,-1,41,179
2023_01_CAR_ATL,2023,1,REG,2023-09-10,CAR,ATL,10,24,14,34,169
2023_01_HOU_BAL,2023,1,REG,2023-09-10,HOU,BAL,9,25,16,34,185
2023_01_CIN_CLE,2023,1,REG,2023-09-10,CIN,CLE,3,24,21,27,173
2023_01_JAX_IND,2023,1,REG,2023-09-10,JAX,IND,31,21,-10,52,182
2023_01_TB_MIN,2023,1,REG,2023-09-10,TB,MIN,20,17,-3,37,175
2023_01_TEN_NO,2023,1,REG,2023-09-10,TEN,NO,15,16,1,31,172
2023_01_SF_PIT,2023,1,REG,2023-09-10,SF,PIT,30,7,-23,37,176
2023_01_ARI_WAS,2023,1,REG,2023-09-10,ARI,WAS,16,20,4,36,175
2023_01_GB_CHI,2023,1,REG,2023-09-10,GB,CHI,38,20,-18,58,180
2023_01_LV_DEN,2023,1,REG,2023-09-10,LV,DEN,17,16,-1,33,158
2023_01_MIA_LAC,2023,1,REG,2023-09-10,MIA,LAC,36,34,-2,70,191
2023_01_PHI_NE,2023,1,REG,2023-09-10,PHI,NE,25,20,-5,45,191
2023_01_LA_SEA,2023,1,REG,2023-09-10,LA,SEA,30,13,-17,43,177
2023_01_DAL_NYG,2023,1,REG,2023-09-10,DAL,NYG,40,0,-40,40,166
2023_01_BUF_NYJ,2023,1,REG,2023-09-11,BUF,NYJ,16,22,6,38,167
2023_02_MIN_PHI,2023,2,REG,2023-09-14,MIN,PHI,28,34,6,62,184
2023_02_GB_ATL,2023,2,REG,2023-09-17,GB,ATL,24,25,1,49,178
2023_02_LV_BUF,2023,2,REG,2023-09-17,LV,BUF,10,38,28,48,152
2023_02_BAL_CIN,2023,2,REG,2023-09-17,BAL,CIN,27,24,-3,51,175
2023_02_SEA_DET,2023,2,REG,2023-09-17,SEA,DET,37,31,-6,68,181
2023_02_IND_HOU,2023,2,REG,2023-09-17,IND,HOU,31,20,-11,51,188
2023_02_KC_JAX,2023,2,REG,2023-09-17,KC,JAX,17,9,-8,26,173
2023_02_CHI_TB,2023,2,REG,2023-09-17,CHI,TB,17,27,10,44,165
2023_02_LAC_TEN,2023,2,REG,2023-09-17,LAC,TEN,24,27,3,51,179
2023_02_NYG_ARI,2023,2,REG,2023-09-17,NYG,ARI,31,28,-3,59,182
2023_02_SF_LA,2023,2,REG,2023-09-17,SF,LA,30,23,-7,53,182
2023_02_NYJ_DAL,2023,2,REG,2023-09-17,NYJ,DAL,10,30,20,40,175
2023_02_WAS_DEN,2023,2,REG,2023-09-17,WAS,DEN,35,33,-2,68,189
2023_02_MIA_NE,2023,2,REG,2023-09-17,MIA,NE,24,17,-7,41,174
2023_02_NO_CAR,2023,2,REG,2023-09-18,NO,CAR,20,17,-3,37,182
2023_02_CLE_PIT,2023,2,REG,2023-09-18,CLE,PIT,22,26,4,48,185
2023_03_NYG_SF,2023,3,REG,2023-09-21,NYG,SF,12,30,18,42,174
2023_03_IND_BAL,2023,3,REG,2023-09-24,IND,BAL,22,19,-3,41,213
2023_03_TEN_CLE,2023,3,REG,2023-09-24,TEN,CLE,3,27,24,30,159
2023_03_ATL_DET,2023,3,REG,2023-09-24,ATL,DET,6,20,14,26,179
2023_03_NO_GB,2023,3,REG,2023-09-24,NO,GB,17,18,1,35,182
2023_03_HOU_JAX,2023,3,REG,2023-09-24,HOU,JAX,37,17,-20,54,176
2023_03_DEN_MIA,2023,3,REG,2023-09-24,DEN,MIA,20,70,50,90,184
2023_03_LAC_MIN,2023,3,REG,2023-09-24,LAC,MIN,28,24,-4,52,191
2023_03_NE_NYJ,2023,3,REG,2023-09-24,NE,NYJ,15,10,-5,25,187
2023_03_BUF_WAS,2023,3,REG,2023-09-24,BUF,WAS,37,3,-34,40,156
2023_03_CAR_SEA,2023,3,REG,2023-09-24,CAR,SEA,27,37,10,64,210
2023_03_DAL_ARI,2023,3,REG,2023-09-24,DAL,ARI,16,28,12,44,184
2023_03_CHI_KC,2023,3,REG,2023-09-24,CHI,KC,10,41,31,51,165
2023_03_PIT_LV,2023,3,REG,2023-09-24,PIT,LV,23,18,-5,41,180
2023_03_PHI_TB,2023,3,REG,2023-09-25,PHI,TB,25,11,-14,36,159
2023_03_LA_CIN,2023,3,REG,2023-09-25,LA,CIN,16,19,3,35,183
2023_04_DET_GB,2023,4,REG,2023-09-28,DET,GB,34,20,-14,54,177
2023_04_ATL_JAX,2023,4,REG,2023-10-01,ATL,JAX,7,23,16,30,161
2023_04_MIA_BUF,2023,4,REG,2023-10-01,MIA,BUF,20,48,28,68,163
2023_04_MIN_CAR,2023,4,REG,2023-10-01,MIN,CAR,21,13,-8,34,158
2023_04_DEN_CHI,2023,4,REG,2023-10-01,DEN,CHI,31,28,-3,59,168
2023_04_BAL_CLE,2023,4,REG,2023-10-01,BAL,CLE,28,3,-25,31,170
2023_04_PIT_HOU,2023,4,REG,2023-10-01,PIT,HOU,6,30,24,36,168
2023_04_LA_IND,2023,4,REG,2023-10-01,LA,IND,29,23,-6,52,190
2023_04_TB_NO,2023,4,REG,2023-10-01,TB,NO,26,9,-17,35,179
2023_04_WAS_PHI,2023,4,REG,2023-10-01,WAS,PHI,31,34,3,65,198
2023_04_CIN_TEN,2023,4,REG,2023-10-01,CIN,TEN,3,27,24,30,154
2023_04_LV_LAC,2023,4,REG,2023-10-01,LV,LAC,17,24,7,41,174
2023_04_NE_DAL,2023,4,REG,2023-10-01,NE,DAL,3,38,35,41,168
2023_04_ARI_SF,2023,4,REG,2023-10-01,ARI,SF,16,35,19,51,164
2023_04_KC_NYJ,2023,4,REG,2023-10-01,KC,NYJ,23,20,-3,43,169
2023_04_SEA_NYG,2023,4,REG,2023-10-02,SEA,NYG,24,3,-21,27,169
2023_05_CHI_WAS,2023,5,REG,2023-10-05,CHI,WAS,40,20,-20,60,176
2023_05_JAX_BUF,2023,5,REG,2023-10-08,JAX,BUF,25,20,-5,45,190
2023_05_HOU_ATL,2023,5,REG,2023-10-08,HOU,ATL,19,21,2,40,185
2023_05_CAR_DET,2023,5,REG,2023-10-08,CAR,DET,24,42,18,66,171
2023_05_TEN_IND,2023,5,REG,2023-10-08,TEN,IND,16,23,7,39,164
2023_05_NYG_MIA,2023,5,REG,2023-10-08,NYG,MIA,16,31,15,47,169
2023_05_NO_NE,2023,5,REG,2023-10-08,NO,NE,34,0,-34,34,173
2023_05_BAL_PIT,2023,5,REG,2023-10-08,BAL,PIT,10,17,7,27,173
2023_05_CIN_ARI,2023,5,REG,2023-10-08,CIN,ARI,34,20,-14,54,182
2023_05_PHI_LA,2023,5,REG,2023-10-08,PHI,LA,23,14,-9,37,172
2023_05_NYJ_DEN,2023,5,REG,2023-10-08,NYJ,DEN,31,21,-10,52,176
2023_05_KC_MIN,2023,5,REG,2023-10-08,KC,MIN,27,20,-7,47,176
2023_05_DAL_SF,2023,5,REG,2023-10-08,DAL,SF,10,42,32,52,159
2023_05_GB_LV,2023,5,REG,2023-10-09,GB,LV,13,17,4,30,164
2023_06_DEN_KC,2023,6,REG,2023-10-12,DEN,KC,8,19,11,27,158
2023_06_BAL_TEN,2023,6,REG,2023-10-15,BAL,TEN,24,16,-8,40,171
2023_06_WAS_ATL,2023,6,REG,2023-10-15,WAS,ATL,24,16,-8,40,175
2023_06_MIN_CHI,2023,6,REG,2023-10-15,MIN,CHI,19,13,-6,32,166
2023_06_SEA_CIN,2023,6,REG,2023-10-15,SEA,CIN,13,17,4,30,167
2023_06_SF_CLE,2023,6,REG,2023-10-15,SF,CLE,17,19,2,36,187
2023_06_NO_HOU,2023,6,REG,2023-10-15,NO,HOU,13,20,7,33,183
2023_06_IND_JAX,2023,6,REG,2023-10-15,IND,JAX,20,37,17,57,189
2023_06_CAR_MIA,2023,6,REG,2023-10-15,CAR,MIA,21,42,21,63,176
2023_06_NE_LV,2023,6,REG,2023-10-15,NE,LV,17,21,4,38,171
2023_06_ARI_LA,2023,6,REG,2023-10-15,ARI,LA,9,26,17,35,176
2023_06_PHI_NYJ,2023,6,REG,2023-10-15,PHI,NYJ,14,20,6,34,173
2023_06_DET_TB,2023,6,REG,2023-10-15,DET,TB,20,6,-14,26,163
2023_06_NYG_BUF,2023,6,REG,2023-10-15,NYG,BUF,9,14,5,23,177
2023_06_DAL_LAC,2023,6,REG,2023-10-16,DAL,LAC,20,17,-3,37,175
2023_07_JAX_NO,2023,7,REG,2023-10-19,JAX,NO,31,24,-7,55,190
2023_07_DET_BAL,2023,7,REG,2023-10-22,DET,BAL,6,38,32,44,165
2023_07_LV_CHI,2023,7,REG,2023-10-22,LV,CHI,12,30,18,42,174
2023_07_CLE_IND,2023,7,REG,2023-10-22,CLE,IND,39,38,-1,77,202
2023_07_BUF_NE,2023,7,REG,2023-10-22,BUF,NE,25,29,4,54,173
2023_07_WAS_NYG,2023,7,REG,2023-10-22,WAS,NYG,7,14,7,21,181
2023_07_ATL_TB,2023,7,REG,2023-10-22,ATL,TB,16,13,-3,29,178
2023_07_PIT_LA,2023,7,REG,2023-10-22,PIT,LA,24,17,-7,41,165
2023_07_ARI_SEA,2023,7,REG,2023-10-22,ARI,SEA,10,20,10,30,165
2023_07_GB_DEN,2023,7,REG,2023-10-22,GB,DEN,17,19,2,36,170
2023_07_LAC_KC,2023,7,REG,2023-10-22,LAC,KC,17,31,14,48,167
2023_07_MIA_PHI,2023,7,REG,2023-10-22,MIA,PHI,17,31,14,48,158
2023_07_SF_MIN,2023,7,REG,2023-10-23,SF,MIN,17,22,5,39,164
2023_08_TB_BUF,2023,8,REG,2023-10-26,TB,BUF,18,24,6,42,186
2023_08_HOU_CAR,2023,8,REG,2023-10-29,HOU,CAR,13,15,2,28,166
2023_08_LA_DAL,2023,8,REG,2023-10-29,LA,DAL,20,43,23,63,170
2023_08_MIN_GB,2023,8,REG,2023-10-29,MIN,GB,24,10,-14,34,182
2023_08_NO_IND,2023,8,REG,2023-10-29,NO,IND,38,27,-11,65,189
2023_08_NE_MIA,2023,8,REG,2023-10-29,NE,MIA,17,31,14,48,169
2023_08_NYJ_NYG,2023,8,REG,2023-10-29,NYJ,NYG,13,10,-3,23,196
2023_08_JAX_PIT,2023,8,REG,2023-10-29,JAX,PIT,20,10,-10,30,180
2023_08_ATL_TEN,2023,8,REG,2023-10-29,ATL,TEN,23,28,5,51,186
2023_08_PHI_WAS,2023,8,REG,2023-10-29,PHI,WAS,38,31,-7,69,181
2023_08_CLE_SEA,2023,8,REG,2023-10-29,CLE,SEA,20,24,4,44,175
2023_08_BAL_ARI,2023,8,REG,2023-10-29,BAL,ARI,31,24,-7,55,183
2023_08_KC_DEN,2023,8,REG,2023-10-29,KC,DEN,9,24,15,33,170
2023_08_CIN_SF,2023,8,REG,2023-10-29,CIN,SF,31,17,-14,48,163
2023_08_CHI_LAC,2023,8,REG,2023-10-29,CHI,LAC,13,30,17,43,167
2023_08_LV_DET,2023,8,REG,2023-10-30,LV,DET,14,26,12,40,171
2023_09_TEN_PIT,2023,9,REG,2023-11-02,TEN,PIT,16,20,4,36,178
2023_09_MIA_KC,2023,9,REG,2023-11-05,MIA,KC,14,21,7,35,163
2023_09_MIN_ATL,2023,9,REG,2023-11-05,MIN,ATL,31,28,-3,59,192
2023_09_SEA_BAL,2023,9,REG,2023-11-05,SEA,BAL,3,37,34,40,169
2023_09_ARI_CLE,2023,9,REG,2023-11-05,ARI,CLE,0,27,27,27,166
2023_09_LA_GB,2023,9,REG,2023-11-05,LA,GB,3,20,17,23,171
2023_09_TB_HOU,2023,9,REG,2023-11-05,TB,HOU,37,39,2,76,186
2023_09_WAS_NE,2023,9,REG,2023-11-05,WAS,NE,20,17,-3,37,181
2023_09_CHI_NO,2023,9,REG,2023-11-05,CHI,NO,17,24,7,41,172
2023_09_IND_CAR,2023,9,REG,2023-11-05,IND,CAR,27,13,-14,40,176
2023_09_NYG_LV,2023,9,REG,2023-11-05,NYG,LV,6,30,24,36,166
2023_09_DAL_PHI,2023,9,REG,2023-11-05,DAL,PHI,23,28,5,51,183
2023_09_BUF_CIN,2023,9,REG,2023-11-05,BUF,CIN,18,24,6,42,166
2023_09_LAC_NYJ,2023,9,REG,2023-11-06,LAC,NYJ,27,6,-21,33,183
2023_10_CAR_CHI,2023,10,REG,2023-11-09,CAR,CHI,13,16,3,29,176
2023_10_IND_NE,2023,10,REG,2023-11-12,IND,NE,10,6,-4,16,162
2023_10_CLE_BAL,2023,10,REG,2023-11-12,CLE,BAL,33,31,-2,64,188
2023_10_HOU_CIN,2023,10,REG,2023-11-12,HOU,CIN,30,27,-3,57,187
2023_10_SF_JAX,2023,10,REG,2023-11-12,SF,JAX,34,3,-31,37,157
2023_10_NO_MIN,2023,10,REG,2023-11-12,NO,MIN,19,27,8,46,184
2023_10_GB_PIT,2023,10,REG,2023-11-12,GB,PIT,19,23,4,42,175
2023_10_TEN_TB,2023,10,REG,2023-11-12,TEN,TB,6,20,14,26,162
2023_10_ATL_ARI,2023,10,REG,2023-11-12,ATL,ARI,23,25,2,48,177
2023_10_DET_LAC,2023,10,REG,2023-11-12,DET,LAC,41,38,-3,79,180
2023_10_NYG_DAL,2023,10,REG,2023-11-12,NYG,DAL,17,49,32,66,182
2023_10_WAS_SEA,2023,10,REG,2023-11-12,WAS,SEA,26,29,3,55,198
2023_10_NYJ_LV,2023,10,REG,2023-11-12,NYJ,LV,12,16,4,28,172
2023_10_DEN_BUF,2023,10,REG,2023-11-13,DEN,BUF,24,22,-2,46,179
2023_11_CIN_BAL,2023,11,REG,2023-11-16,CIN,BAL,20,34,14,54,172
2023_11_DAL_CAR,2023,11,REG,2023-11-19,DAL,CAR,33,10,-23,43,170
2023_11_PIT_CLE,2023,11,REG,2023-11-19,PIT,CLE,10,13,3,23,179
2023_11_CHI_DET,2023,11,REG,2023-11-19,CHI,DET,26,31,5,57,179
2023_11_LAC_GB,2023,11,REG,2023-11-19,LAC,GB,20,23,3,43,179
2023_11_ARI_HOU,2023,11,REG,2023-11-19,ARI,HOU,16,21,5,37,160
2023_11_TEN_JAX,2023,11,REG,2023-11-19,TEN,JAX,14,34,20,48,151
2023_11_LV_MIA,2023,11,REG,2023-11-19,LV,MIA,13,20,7,33,171
2023_11_NYG_WAS,2023,11,REG,2023-11-19,NYG,WAS,31,19,-12,50,180
2023_11_TB_SF,2023,11,REG,2023-11-19,TB,SF,14,27,13,41,166
2023_11_NYJ_BUF,2023,11,REG,2023-11-19,NYJ,BUF,6,32,26,38,176
2023_11_SEA_LA,2023,11,REG,2023-11-19,SEA,LA,16,17,1,33,176
2023_11_MIN_DEN,2023,11,REG,2023-11-19,MIN,DEN,20,21,1,41,171
2023_11_PHI_KC,2023,11,REG,2023-11-20,PHI,KC,21,17,-4,38,180
2023_12_GB_DET,2023,12,REG,2023-11-23,GB,DET,29,22,-7,51,177
2023_12_WAS_DAL,2023,12,REG,2023-11-23,WAS,DAL,10,45,35,55,171
2023_12_SF_SEA,2023,12,REG,2023-11-23,SF,SEA,31,13,-18,44,166
2023_12_MIA_NYJ,2023,12,REG,2023-11-24,MIA,NYJ,34,13,-21,47,168
2023_12_NO_ATL,2023,12,REG,2023-11-26,NO,ATL,15,24,9,39,172
2023_12_PIT_CIN,2023,12,REG,2023-11-26,PIT,CIN,16,10,-6,26,154
2023_12_JAX_HOU,2023,12,REG,2023-11-26,JAX,HOU,24,21,-3,45,180
2023_12_TB_IND,2023,12,REG,2023-11-26,TB,IND,20,27,7,47,171
2023_12_NE_NYG,2023,12,REG,2023-11-26,NE,NYG,7,10,3,17,158
2023_12_CAR_TEN,2023,12,REG,2023-11-26,CAR,TEN,10,17,7,27,168
2023_12_LA_ARI,2023,12,REG,2023-11-26,LA,ARI,37,14,-23,51,179
2023_12_CLE_DEN,2023,12,REG,2023-11-26,CLE,DEN,12,29,17,41,185
2023_12_KC_LV,2023,12,REG,2023-11-26,KC,LV,31,17,-14,48,154
2023_12_BUF_PHI,2023,12,REG,2023-11-26,BUF,PHI,34,37,3,71,218
2023_12_BAL_LAC,2023,12,REG,2023-11-26,BAL,LAC,20,10,-10,30,176
2023_12_CHI_MIN,2023,12,REG,2023-11-27,CHI,MIN,12,10,-2,22,159
2023_13_SEA_DAL,2023,13,REG,2023-11-30,SEA,DAL,35,41,6,76,203
2023_13_DEN_HOU,2023,13,REG,2023-12-03,DEN,HOU,17,22,5,39,176
2023_13_LAC_NE,2023,13,REG,2023-12-03,LAC,NE,6,0,-6,6,162
2023_13_DET_NO,2023,13,REG,2023-12-03,DET,NO,33,28,-5,61,172
2023_13_ATL_NYJ,2023,13,REG,2023-12-03,ATL,NYJ,13,8,-5,21,181
2023_13_ARI_PIT,2023,13,REG,2023-12-03,ARI,PIT,24,10,-14,34,172
2023_13_IND_TEN,2023,13,REG,2023-12-03,IND,TEN,31,28,-3,59,209
2023_13_MIA_WAS,2023,13,REG,2023-12-03,MIA,WAS,45,15,-30,60,153
2023_13_CAR_TB,2023,13,REG,2023-12-03,CAR,TB,18,21,3,39,174
2023_13_CLE_LA,2023,13,REG,2023-12-03,CLE,LA,19,36,17,55,183
2023_13_SF_PHI,2023,13,REG,2023-12-03,SF,PHI,42,19,-23,61,174
2023_13_KC_GB,2023,13,REG,2023-12-03,KC,GB,19,27,8,46,171
2023_13_CIN_JAX,2023,13,REG,2023-12-04,CIN,JAX,34,31,-3,65,199
2023_14_NE_PIT,2023,14,REG,2023-12-07,NE,PIT,21,18,-3,39,171
2023_14_TB_ATL,2023,14,REG,2023-12-10,TB,ATL,29,25,-4,54,185
2023_14_LA_BAL,2023,14,REG,2023-12-10,LA,BAL,31,37,6,68,206
2023_14_DET_CHI,2023,14,REG,2023-12-10,DET,CHI,13,28,15,41,175
2023_14_IND_CIN,2023,14,REG,2023-12-10,IND,CIN,14,34,20,48,169
2023_14_JAX_CLE,2023,14,REG,2023-12-10,JAX,CLE,27,31,4,58,211
2023_14_CAR_NO,2023,14,REG,2023-12-10,CAR,NO,6,28,22,34,168
2023_14_HOU_NYJ,2023,14,REG,2023-12-10,HOU,NYJ,6,30,24,36,168
2023_14_MIN_LV,2023,14,REG,2023-12-10,MIN,LV,3,0,-3,3,166
2023_14_SEA_SF,2023,14,REG,2023-12-10,SEA,SF,16,28,12,44,152
2023_14_BUF_KC,2023,14,REG,2023-12-10,BUF,KC,20,17,-3,37,182
2023_14_DEN_LAC,2023,14,REG,2023-12-10,DEN,LAC,24,7,-17,31,171
2023_14_PHI_DAL,2023,14,REG,2023-12-10,PHI,DAL,13,33,20,46,175
2023_14_TEN_MIA,2023,14,REG,2023-12-11,TEN,MIA,28,27,-1,55,195
2023_14_GB_NYG,2023,14,REG,2023-12-11,GB,NYG,22,24,2,46,170
2023_15_LAC_LV,2023,15,REG,2023-12-14,LAC,LV,21,63,42,84,180
2023_15_MIN_CIN,2023,15,REG,2023-12-16,MIN,CIN,24,27,3,51,184
2023_15_PIT_IND,2023,15,REG,2023-12-16,PIT,IND,13,30,17,43,164
2023_15_DEN_DET,2023,15,REG,2023-12-16,DEN,DET,17,42,25,59,171
2023_15_ATL_CAR,2023,15,REG,2023-12-17,ATL,CAR,7,9,2,16,153
2023_15_CHI_CLE,2023,15,REG,2023-12-17,CHI,CLE,17,20,3,37,197
2023_15_TB_GB,2023,15,REG,2023-12-17,TB,GB,34,20,-14,54,164
2023_15_NYJ_MIA,2023,15,REG,2023-12-17,NYJ,MIA,0,30,30,30,159
2023_15_KC_NE,2023,15,REG,2023-12-17,KC,NE,27,17,-10,44,160
2023_15_NYG_NO,2023,15,REG,2023-12-17,NYG,NO,6,24,18,30,162
2023_15_HOU_TEN,2023,15,REG,2023-12-17,HOU,TEN,19,16,-3,35,189
2023_15_SF_ARI,2023,15,REG,2023-12-17,SF,ARI,45,29,-16,74,173
2023_15_WAS_LA,2023,15,REG,2023-12-17,WAS,LA,20,28,8,48,179
2023_15_DAL_BUF,2023,15,REG,2023-12-17,DAL,BUF,10,31,21,41,158
2023_15_BAL_JAX,2023,15,REG,2023-12-17,BAL,JAX,23,7,-16,30,171
2023_15_PHI_SEA,2023,15,REG,2023-12-18,PHI,SEA,17,20,3,37,174
2023_16_NO_LA,2023,16,REG,2023-12-21,NO,LA,22,30,8,52,170
2023_16_CIN_PIT,2023,16,REG,2023-12-23,CIN,PIT,11,34,23,45,160
2023_16_BUF_LAC,2023,16,REG,2023-12-23,BUF,LAC,24,22,-2,46,169
2023_16_IND_ATL,2023,16,REG,2023-12-24,IND,ATL,10,29,19,39,177
2023_16_GB_CAR,2023,16,REG,2023-12-24,GB,CAR,33,30,-3,63,178
2023_16_CLE_HOU,2023,16,REG,2023-12-24,CLE,HOU,36,22,-14,58,197
2023_16_DET_MIN,2023,16,REG,2023-12-24,DET,MIN,30,24,-6,54,181
2023_16_WAS_NYJ,2023,16,REG,2023-12-24,WAS,NYJ,28,30,2,58,207
2023_16_SEA_TEN,2023,16,REG,2023-12-24,SEA,TEN,20,17,-3,37,168
2023_16_JAX_TB,2023,16,REG,2023-12-24,JAX,TB,12,30,18,42,172
2023_16_ARI_CHI,2023,16,REG,2023-12-24,ARI,CHI,16,27,11,43,176
2023_16_DAL_MIA,2023,16,REG,2023-12-24,DAL,MIA,20,22,2,42,176
2023_16_NE_DEN,2023,16,REG,2023-12-24,NE,DEN,26,23,-3,49,175
2023_16_LV_KC,2023,16,REG,2023-12-25,LV,KC,20,14,-6,34,171
2023_16_NYG_PHI,2023,16,REG,2023-12-25,NYG,PHI,25,33,8,58,187
2023_16_BAL_SF,2023,16,REG,2023-12-25,BAL,SF,33,19,-14,52,180
2023_17_NYJ_CLE,2023,17,REG,2023-12-28,NYJ,CLE,20,37,17,57,184
2023_17_DET_DAL,2023,17,REG,2023-12-30,DET,DAL,19,20,1,39,179
2023_17_MIA_BAL,2023,17,REG,2023-12-31,MIA,BAL,19,56,37,75,171
2023_17_NE_BUF,2023,17,REG,2023-12-31,NE,BUF,21,27,6,48,165
2023_17_ATL_CHI,2023,17,REG,2023-12-31,ATL,CHI,17,37,20,54,177
2023_17_TEN_HOU,2023,17,REG,2023-12-31,TEN,HOU,3,26,23,29,148
2023_17_LV_IND,2023,17,REG,2023-12-31,LV,IND,20,23,3,43,177
2023_17_CAR_JAX,2023,17,REG,2023-12-31,CAR,JAX,0,26,26,26,149
2023_17_LA_NYG,2023,17,REG,2023-12-31,LA,NYG,26,25,-1,51,180
2023_17_ARI_PHI,2023,17,REG,2023-12-31,ARI,PHI,35,31,-4,66,165
2023_17_NO_TB,2023,17,REG,2023-12-31,NO,TB,23,13,-10,36,169
2023_17_SF_WAS,2023,17,REG,2023-12-31,SF,WAS,27,10,-17,37,149
2023_17_PIT_SEA,2023,17,REG,2023-12-31,PIT,SEA,30,23,-7,53,166
2023_17_LAC_DEN,2023,17,REG,2023-12-31,LAC,DEN,9,16,7,25,178
2023_17_CIN_KC,2023,17,REG,2023-12-31,CIN,KC,17,25,8,42,169
2023_17_GB_MIN,2023,17,REG,2023-12-31,GB,MIN,33,10,-23,43,166
2023_18_PIT_BAL,2023,18,REG,2024-01-06,PIT,BAL,17,10,-7,27,162
2023_18_HOU_IND,2023,18,REG,2024-01-06,HOU,IND,23,19,-4,42,171
2023_18_TB_CAR,2023,18,REG,2024-01-07,TB,CAR,9,0,-9,9,154
2023_18_CLE_CIN,2023,18,REG,2024-01-07,CLE,CIN,14,31,17,45,163
2023_18_MIN_DET,2023,18,REG,2024-01-07,MIN,DET,20,30,10,50,175
2023_18_NYJ_NE,2023,18,REG,2024-01-07,NYJ,NE,17,3,-14,20,163
2023_18_ATL_NO,2023,18,REG,2024-01-07,ATL,NO,17,48,31,65,176
2023_18_JAX_TEN,2023,18,REG,2024-01-07,JAX,TEN,20,28,8,48,167
2023_18_SEA_ARI,2023,18,REG,2024-01-07,SEA,ARI,21,20,-1,41,170
2023_18_CHI_GB,2023,18,REG,2024-01-07,CHI,GB,9,17,8,26,139
2023_18_KC_LAC,2023,18,REG,2024-01-07,KC,LAC,13,12,-1,25,182
2023_18_DEN_LV,2023,18,REG,2024-01-07,DEN,LV,14,27,13,41,169
2023_18_PHI_NYG,2023,18,REG,2024-01-07,PHI,NYG,10,27,17,37,167
2023_18_LA_SF,2023,18,REG,2024-01-07,LA,SF,21,20,-1,41,161
2023_18_DAL_WAS,2023,18,REG,2024-01-07,DAL,WAS,38,10,-28,48,154
2023_18_BUF_MIA,2023,18,REG,2024-01-07,BUF,MIA,21,14,-7,35,167
2023_19_CLE_HOU,2023,19,WC,2024-01-13,CLE,HOU,14,45,31,59,156
2023_19_MIA_KC,2023,19,WC,2024-01-13,MIA,KC,7,26,19,33,179
2023_19_GB_DAL,2023,19,WC,2024-01-14,GB,DAL,48,32,-16,80,198
2023_19_LA_DET,2023,19,WC,2024-01-14,LA,DET,23,24,1,47,149
2023_19_PIT_BUF,2023,19,WC,2024-01-15,PIT,BUF,17,31,14,48,175
2023_19_PHI_TB,2023,19,WC,2024-01-15,PHI,TB,9,32,23,41,169
2023_20_HOU_BAL,2023,20,DIV,2024-01-20,HOU,BAL,10,34,24,44,167
2023_20_GB_SF,2023,20,DIV,2024-01-20,GB,SF,21,24,3,45,167
2023_20_TB_DET,2023,20,DIV,2024-01-21,TB,DET,23,31,8,54,176
2023_20_KC_BUF,2023,20,DIV,2024-01-21,KC,BUF,27,24,-3,51,166
2023_21_KC_BAL,2023,21,CON,2024-01-28,KC,BAL,17,10,-7,27,175
2023_21_DET_SF,2023,21,CON,2024-01-28,DET,SF,31,34,3,65,182
2023_22_SF_KC,2023,22,SB,2024-02-11,SF,KC,22,25,3,47,207
2024_01_BAL_KC,2024,1,REG,2024-09-05,BAL,KC,20,27,7,47,178
2024_01_GB_PHI,2024,1,REG,2024-09-06,GB,PHI,29,34,5,63,196
2024_01_PIT_ATL,2024,1,REG,2024-09-08,PIT,ATL,18,10,-8,28,166
2024_01_ARI_BUF,2024,1,REG,2024-09-08,ARI,BUF,28,34,6,62,163
2024_01_TEN_CHI,2024,1,REG,2024-09-08,TEN,CHI,17,24,7,41,166
2024_01_NE_CIN,2024,1,REG,2024-09-08,NE,CIN,16,10,-6,26,153
2024_01_HOU_IND,2024,1,REG,2024-09-08,HOU,IND,29,27,-2,56,166
2024_01_JAX_MIA,2024,1,REG,2024-09-08,JAX,MIA,17,20,3,37,172
2024_01_CAR_NO,2024,1,REG,2024-09-08,CAR,NO,10,47,37,57,168
2024_01_MIN_NYG,2024,1,REG,2024-09-08,MIN,NYG,28,6,-22,34,166
2024_01_LV_LAC,2024,1,REG,2024-09-08,LV,LAC,10,22,12,32,158
2024_01_DEN_SEA,2024,1,REG,2024-09-08,DEN,SEA,20,26,6,46,191
2024_01_DAL_CLE,2024,1,REG,2024-09-08,DAL,CLE,33,17,-16,50,191
2024_01_WAS_TB,2024,1,REG,2024-09-08,WAS,TB,20,37,17,57,163
2024_01_LA_DET,2024,1,REG,2024-09-08,LA,DET,20,26,6,46,181
2024_01_NYJ_SF,2024,1,REG,2024-09-09,NYJ,SF,19,32,13,51,162
2024_02_BUF_MIA,2024,2,REG,2024-09-12,BUF,MIA,31,10,-21,41,163
2024_02_LV_BAL,2024,2,REG,2024-09-15,LV,BAL,26,23,-3,49,180
2024_02_LAC_CAR,2024,2,REG,2024-09-15,LAC,CAR,26,3,-23,29,155
2024_02_NO_DAL,2024,2,REG,2024-09-15,NO,DAL,44,19,-25,63,168
2024_02_TB_DET,2024,2,REG,2024-09-15,TB,DET,20,16,-4,36,176
2024_02_IND_GB,2024,2,REG,2024-09-15,IND,GB,10,16,6,26,161
2024_02_CLE_JAX,2024,2,REG,2024-09-15,CLE,JAX,18,13,-5,31,176
2024_02_SF_MIN,2024,2,REG,2024-09-15,SF,MIN,17,23,6,40,166
2024_02_SEA_NE,2024,2,REG,2024-09-15,SEA,NE,23,20,-3,43,189
2024_02_NYJ_TEN,2024,2,REG,2024-09-15,NYJ,TEN,24,17,-7,41,166
2024_02_NYG_WAS,2024,2,REG,2024-09-15,NYG,WAS,18,21,3,39,170
2024_02_LA_ARI,2024,2,REG,2024-09-15,LA,ARI,10,41,31,51,152
2024_02_PIT_DEN,2024,2,REG,2024-09-15,PIT,DEN,13,6,-7,19,172
2024_02_CIN_KC,2024,2,REG,2024-09-15,CIN,KC,25,26,1,51,173
2024_02_CHI_HOU,2024,2,REG,2024-09-15,CHI,HOU,13,19,6,32,181
2024_02_ATL_PHI,2024,2,REG,2024-09-16,ATL,PHI,22,21,-1,43,173
2024_03_NE_NYJ,2024,3,REG,2024-09-19,NE,NYJ,3,24,21,27,159
2024_03_NYG_CLE,2024,3,REG,2024-09-22,NYG,CLE,21,15,-6,36,182
2024_03_CHI_IND,2024,3,REG,2024-09-22,CHI,IND,16,21,5,37,188
2024_03_HOU_MIN,2024,3,REG,2024-09-22,HOU,MIN,7,34,27,41,175
2024_03_PHI_NO,2024,3,REG,2024-09-22,PHI,NO,15,12,-3,27,162
2024_03_LAC_PIT,2024,3,REG,2024-09-22,LAC,PIT,10,20,10,30,155
2024_03_DEN_TB,2024,3,REG,2024-09-22,DEN,TB,26,7,-19,33,156
2024_03_GB_TEN,2024,3,REG,2024-09-22,GB,TEN,30,14,-16,44,163
2024_03_CAR_LV,2024,3,REG,2024-09-22,CAR,LV,36,22,-14,58,184
2024_03_MIA_SEA,2024,3,REG,2024-09-22,MIA,SEA,3,24,21,27,169
2024_03_DET_ARI,2024,3,REG,2024-09-22,DET,ARI,20,13,-7,33,167
2024_03_BAL_DAL,2024,3,REG,2024-09-22,BAL,DAL,28,25,-3,53,187
2024_03_SF_LA,2024,3,REG,2024-09-22,SF,LA,24,27,3,51,172
2024_03_KC_ATL,2024,3,REG,2024-09-22,KC,ATL,22,17,-5,39,173
2024_03_JAX_BUF,2024,3,REG,2024-09-23,JAX,BUF,10,47,37,57,176
2024_03_WAS_CIN,2024,3,REG,2024-09-23,WAS,CIN,38,33,-5,71,164
2024_04_DAL_NYG,2024,4,REG,2024-09-26,DAL,NYG,20,15,-5,35,162
2024_04_NO_ATL,2024,4,REG,2024-09-29,NO,ATL,24,26,2,50,174
2024_04_CIN_CAR,2024,4,REG,2024-09-29,CIN,CAR,34,24,-10,58,185
2024_04_LA_CHI,2024,4,REG,2024-09-29,LA,CHI,18,24,6,42,164
2024_04_MIN_GB,2024,4,REG,2024-09-29,MIN,GB,31,29,-2,60,193
2024_04_JAX_HOU,2024,4,REG,2024-09-29,JAX,HOU,20,24,4,44,178
2024_04_PIT_IND,2024,4,REG,2024-09-29,PIT,IND,24,27,3,51,176
2024_04_DEN_NYJ,2024,4,REG,2024-09-29,DEN,NYJ,10,9,-1,19,182
2024_04_PHI_TB,2024,4,REG,2024-09-29,PHI,TB,16,33,17,49,173
2024_04_WAS_ARI,2024,4,REG,2024-09-29,WAS,ARI,42,14,-28,56,165
2024_04_NE_SF,2024,4,REG,2024-09-29,NE,SF,13,30,17,43,168
2024_04_KC_LAC,2024,4,REG,2024-09-29,KC,LAC,17,10,-7,27,159
2024_04_CLE_LV,2024,4,REG,2024-09-29,CLE,LV,16,20,4,36,158
2024_04_BUF_BAL,2024,4,REG,2024-09-29,BUF,BAL,10,35,25,45,154
2024_04_TEN_MIA,2024,4,REG,2024-09-30,TEN,MIA,31,12,-19,43,172
2024_04_SEA_DET,2024,4,REG,2024-09-30,SEA,DET,29,42,13,71,185
2024_05_TB_ATL,2024,5,REG,2024-10-03,TB,ATL,30,36,6,66,187
2024_05_NYJ_MIN,2024,5,REG,2024-10-06,NYJ,MIN,17,23,6,40,189
2024_05_CAR_CHI,2024,5,REG,2024-10-06,CAR,CHI,10,36,26,46,173
2024_05_BAL_CIN,2024,5,REG,2024-10-06,BAL,CIN,41,38,-3,79,202
2024_05_BUF_HOU,2024,5,REG,2024-10-06,BUF,HOU,20,23,3,43,177
2024_05_IND_JAX,2024,5,REG,2024-10-06,IND,JAX,34,37,3,71,179
2024_05_MIA_NE,2024,5,REG,2024-10-06,MIA,NE,15,10,-5,25,179
2024_05_CLE_WAS,2024,5,REG,2024-10-06,CLE,WAS,13,34,21,47,179
2024_05_LV_DEN,2024,5,REG,2024-10-06,LV,DEN,18,34,16,52,181
2024_05_ARI_SF,2024,5,REG,2024-10-06,ARI,SF,24,23,-1,47,160
2024_05_GB_LA,2024,5,REG,2024-10-06,GB,LA,24,19,-5,43,182
2024_05_NYG_SEA,2024,5,REG,2024-10-06,NYG,SEA,29,20,-9,49,174
2024_05_DAL_PIT,2024,5,REG,2024-10-06,DAL,PIT,20,17,-3,37,181
2024_05_NO_KC,2024,5,REG,2024-10-07,NO,KC,13,26,13,39,179
2024_06_SF_SEA,2024,6,REG,2024-10-10,SF,SEA,36,24,-12,60,189
2024_06_JAX_CHI,2024,6,REG,2024-10-13,JAX,CHI,16,35,19,51,166
2024_06_WAS_BAL,2024,6,REG,2024-10-13,WAS,BAL,23,30,7,53,172
2024_06_ARI_GB,2024,6,REG,2024-10-13,ARI,GB,13,34,21,47,176
2024_06_HOU_NE,2024,6,REG,2024-10-13,HOU,NE,41,21,-20,62,174
2024_06_TB_NO,2024,6,REG,2024-10-13,TB,NO,51,27,-24,78,198
2024_06_CLE_PHI,2024,6,REG,2024-10-13,CLE,PHI,16,20,4,36,163
2024_06_IND_TEN,2024,6,REG,2024-10-13,IND,TEN,20,17,-3,37,169
2024_06_LAC_DEN,2024,6,REG,2024-10-13,LAC,DEN,23,16,-7,39,175
2024_06_PIT_LV,2024,6,REG,2024-10-13,PIT,LV,32,13,-19,45,168
2024_06_ATL_CAR,2024,6,REG,2024-10-13,ATL,CAR,38,20,-18,58,179
2024_06_DET_DAL,2024,6,REG,2024-10-13,DET,DAL,47,9,-38,56,178
2024_06_CIN_NYG,2024,6,REG,2024-10-13,CIN,NYG,17,7,-10,24,166
2024_06_BUF_NYJ,2024,6,REG,2024-10-14,BUF,NYJ,23,20,-3,43,177
2024_07_DEN_NO,2024,7,REG,2024-10-17,DEN,NO,33,10,-23,43,181
2024_07_NE_JAX,2024,7,REG,2024-10-20,NE,JAX,16,32,16,48,160
2024_07_SEA_ATL,2024,7,REG,2024-10-20,SEA,ATL,34,14,-20,48,176
2024_07_TEN_BUF,2024,7,REG,2024-10-20,TEN,BUF,10,34,24,44,168
2024_07_CIN_CLE,2024,7,REG,2024-10-20,CIN,CLE,21,14,-7,35,185
2024_07_HOU_GB,2024,7,REG,2024-10-20,HOU,GB,22,24,2,46,163
2024_07_MIA_IND,2024,7,REG,2024-10-20,MIA,IND,10,16,6,26,177
2024_07_DET_MIN,2024,7,REG,2024-10-20,DET,MIN,31,29,-2,60,166
2024_07_PHI_NYG,2024,7,REG,2024-10-20,PHI,NYG,28,3,-25,31,173
2024_07_LV_LA,2024,7,REG,2024-10-20,LV,LA,15,20,5,35,180
2024_07_CAR_WAS,2024,7,REG,2024-10-20,CAR,WAS,7,40,33,47,150
2024_07_KC_SF,2024,7,REG,2024-10-20,KC,SF,28,18,-10,46,169
2024_07_NYJ_PIT,2024,7,REG,2024-10-20,NYJ,PIT,15,37,22,52,169
2024_07_BAL_TB,2024,7,REG,2024-10-21,BAL,TB,41,31,-10,72,186
2024_07_LAC_ARI,2024,7,REG,2024-10-21,LAC,ARI,15,17,2,32,163
2024_08_MIN_LA,2024,8,REG,2024-10-24,MIN,LA,20,30,10,50,165
2024_08_PHI_CIN,2024,8,REG,2024-10-27,PHI,CIN,37,17,-20,54,157
2024_08_BAL_CLE,2024,8,REG,2024-10-27,BAL,CLE,24,29,5,53,182
2024_08_TEN_DET,2024,8,REG,2024-10-27,TEN,DET,14,52,38,66,165
2024_08_IND_HOU,2024,8,REG,2024-10-27,IND,HOU,20,23,3,43,185
2024_08_GB_JAX,2024,8,REG,2024-10-27,GB,JAX,30,27,-3,57,180
2024_08_ARI_MIA,2024,8,REG,2024-10-27,ARI,MIA,28,27,-1,55,173
2024_08_NYJ_NE,2024,8,REG,2024-10-27,NYJ,NE,22,25,3,47,173
2024_08_ATL_TB,2024,8,REG,2024-10-27,ATL,TB,31,26,-5,57,181
2024_08_NO_LAC,2024,8,REG,2024-10-27,NO,LAC,8,26,18,34,187
2024_08_BUF_SEA,2024,8,REG,2024-10-27,BUF,SEA,31,10,-21,41,173
2024_08_CAR_DEN,2024,8,REG,2024-10-27,CAR,DEN,14,28,14,42,177
2024_08_KC_LV,2024,8,REG,2024-10-27,KC,LV,27,20,-7,47,172
2024_08_CHI_WAS,2024,8,REG,2024-10-27,CHI,WAS,15,18,3,33,181
2024_08_DAL_SF,2024,8,REG,2024-10-27,DAL,SF,24,30,6,54,177
2024_08_NYG_PIT,2024,8,REG,2024-10-28,NYG,PIT,18,26,8,44,187
2024_09_HOU_NYJ,2024,9,REG,2024-10-31,HOU,NYJ,13,21,8,34,177
2024_09_DAL_ATL,2024,9,REG,2024-11-03,DAL,ATL,21,27,6,48,179
2024_09_DEN_BAL,2024,9,REG,2024-11-03,DEN,BAL,10,41,31,51,165
2024_09_MIA_BUF,2024,9,REG,2024-11-03,MIA,BUF,27,30,3,57,167
2024_09_NO_CAR,2024,9,REG,2024-11-03,NO,CAR,22,23,1,45,178
2024_09_LV_CIN,2024,9,REG,2024-11-03,LV,CIN,24,41,17,65,187
2024_09_LAC_CLE,2024,9,REG,2024-11-03,LAC,CLE,27,10,-17,37,180
2024_09_WAS_NYG,2024,9,REG,2024-11-03,WAS,NYG,27,22,-5,49,161
2024_09_NE_TEN,2024,9,REG,2024-11-03,NE,TEN,17,20,3,37,194
2024_09_CHI_ARI,2024,9,REG,2024-11-03,CHI,ARI,9,29,20,38,173
2024_09_JAX_PHI,2024,9,REG,2024-11-03,JAX,PHI,23,28,5,51,171
2024_09_DET_GB,2024,9,REG,2024-11-03,DET,GB,24,14,-10,38,162
2024_09_LA_SEA,2024,9,REG,2024-11-03,LA,SEA,26,20,-6,46,206
2024_09_IND_MIN,2024,9,REG,2024-11-03,IND,MIN,13,21,8,34,167
2024_09_TB_KC,2024,9,REG,2024-11-04,TB,KC,24,30,6,54,184
2024_10_CIN_BAL,2024,10,REG,2024-11-07,CIN,BAL,34,35,1,69,190
2024_10_NYG_CAR,2024,10,REG,2024-11-10,NYG,CAR,17,20,3,37,186
2024_10_NE_CHI,2024,10,REG,2024-11-10,NE,CHI,19,3,-16,22,173
2024_10_BUF_IND,2024,10,REG,2024-11-10,BUF,IND,30,20,-10,50,183
2024_10_MIN_JAX,2024,10,REG,2024-11-10,MIN,JAX,12,7,-5,19,162
2024_10_DEN_KC,2024,10,REG,2024-11-10,DEN,KC,14,16,2,30,169
2024_10_ATL_NO,2024,10,REG,2024-11-10,ATL,NO,17,20,3,37,173
2024_10_SF_TB,2024,10,REG,2024-11-10,SF,TB,23,20,-3,43,165
2024_10_PIT_WAS,2024,10,REG,2024-11-10,PIT,WAS,28,27,-1,55,188
2024_10_TEN_LAC,2024,10,REG,2024-11-10,TEN,LAC,17,27,10,44,155
2024_10_NYJ_ARI,2024,10,REG,2024-11-10,NYJ,ARI,6,31,25,37,146
2024_10_PHI_DAL,2024,10,REG,2024-11-10,PHI,DAL,34,6,-28,40,168
2024_10_DET_HOU,2024,10,REG,2024-11-10,DET,HOU,26,23,-3,49,179
2024_10_MIA_LA,2024,10,REG,2024-11-11,MIA,LA,23,15,-8,38,164
2024_11_WAS_PHI,2024,11,REG,2024-11-14,WAS,PHI,18,26,8,44,178
2024_11_GB_CHI,2024,11,REG,2024-11-17,GB,CHI,20,19,-1,39,152
2024_11_JAX_DET,2024,11,REG,2024-11-17,JAX,DET,6,52,46,58,165
2024_11_LV_MIA,2024,11,REG,2024-11-17,LV,MIA,19,34,15,53,171
2024_11_LA_NE,2024,11,REG,2024-11-17,LA,NE,28,22,-6,50,177
2024_11_CLE_NO,2024,11,REG,2024-11-17,CLE,NO,14,35,21,49,175
2024_11_IND_NYJ,2024,11,REG,2024-11-17,IND,NYJ,28,27,-1,55,166
2024_11_BAL_PIT,2024,11,REG,2024-11-17,BAL,PIT,16,18,2,34,187
2024_11_MIN_TEN,2024,11,REG,2024-11-17,MIN,TEN,23,13,-10,36,173
2024_11_ATL_DEN,2024,11,REG,2024-11-17,ATL,DEN,6,38,32,44,163
2024_11_SEA_SF,2024,11,REG,2024-11-17,SEA,SF,20,17,-3,37,163
2024_11_KC_BUF,2024,11,REG,2024-11-17,KC,BUF,21,30,9,51,165
2024_11_CIN_LAC,2024,11,REG,2024-11-17,CIN,LAC,27,34,7,61,201
2024_11_HOU_DAL,2024,11,REG,2024-11-18,HOU,DAL,34,10,-24,44,188
2024_12_PIT_CLE,2024,12,REG,2024-11-21,PIT,CLE,19,24,5,43,170
2024_12_KC_CAR,2024,12,REG,2024-11-24,KC,CAR,30,27,-3,57,183
2024_12_MIN_CHI,2024,12,REG,2024-11-24,MIN,CHI,30,27,-3,57,197
2024_12_TEN_HOU,2024,12,REG,2024-11-24,TEN,HOU,32,27,-5,59,180
2024_12_DET_IND,2024,12,REG,2024-11-24,DET,IND,24,6,-18,30,161
2024_12_NE_MIA,2024,12,REG,2024-11-24,NE,MIA,15,34,19,49,182
2024_12_TB_NYG,2024,12,REG,2024-11-24,TB,NYG,30,7,-23,37,157
2024_12_DAL_WAS,2024,12,REG,2024-11-24,DAL,WAS,34,26,-8,60,190
2024_12_DEN_LV,2024,12,REG,2024-11-24,DEN,LV,29,19,-10,48,198
2024_12_SF_GB,2024,12,REG,2024-11-24,SF,GB,10,38,28,48,159
2024_12_ARI_SEA,2024,12,REG,2024-11-24,ARI,SEA,6,16,10,22,160
2024_12_PHI_LA,2024,12,REG,2024-11-24,PHI,LA,37,20,-17,57,178
2024_12_BAL_LAC,2024,12,REG,2024-11-25,BAL,LAC,30,23,-7,53,176
2024_13_CHI_DET,2024,13,REG,2024-11-28,CHI,DET,20,23,3,43,174
2024_13_NYG_DAL,2024,13,REG,2024-11-28,NYG,DAL,20,27,7,47,186
2024_13_MIA_GB,2024,13,REG,2024-11-28,MIA,GB,17,30,13,47,174
2024_13_LV_KC,2024,13,REG,2024-11-29,LV,KC,17,19,2,36,187
2024_13_LAC_ATL,2024,13,REG,2024-12-01,LAC,ATL,17,13,-4,30,162
2024_13_PIT_CIN,2024,13,REG,2024-12-01,PIT,CIN,44,38,-6,82,185
2024_13_HOU_JAX,2024,13,REG,2024-12-01,HOU,JAX,23,20,-3,43,177
2024_13_ARI_MIN,2024,13,REG,2024-12-01,ARI,MIN,22,23,1,45,182
2024_13_IND_NE,2024,13,REG,2024-12-01,IND,NE,25,24,-1,49,172
2024_13_SEA_NYJ,2024,13,REG,2024-12-01,SEA,NYJ,26,21,-5,47,167
2024_13_TEN_WAS,2024,13,REG,2024-12-01,TEN,WAS,19,42,23,61,182
2024_13_TB_CAR,2024,13,REG,2024-12-01,TB,CAR,26,23,-3,49,211
2024_13_LA_NO,2024,13,REG,2024-12-01,LA,NO,21,14,-7,35,161
2024_13_PHI_BAL,2024,13,REG,2024-12-01,PHI,BAL,24,19,-5,43,177
2024_13_SF_BUF,2024,13,REG,2024-12-01,SF,BUF,10,35,25,45,146
2024_13_CLE_DEN,2024,13,REG,2024-12-02,CLE,DEN,32,41,9,73,205
2024_14_GB_DET,2024,14,REG,2024-12-05,GB,DET,31,34,3,65,175
2024_14_NYJ_MIA,2024,14,REG,2024-12-08,NYJ,MIA,26,32,6,58,193
2024_14_ATL_MIN,2024,14,REG,2024-12-08,ATL,MIN,21,42,21,63,181
2024_14_NO_NYG,2024,14,REG,2024-12-08,NO,NYG,14,11,-3,25,195
2024_14_CAR_PHI,2024,14,REG,2024-12-08,CAR,PHI,16,22,6,38,166
2024_14_CLE_PIT,2024,14,REG,2024-12-08,CLE,PIT,14,27,13,41,182
2024_14_LV_TB,2024,14,REG,2024-12-08,LV,TB,13,28,15,41,164
2024_14_JAX_TEN,2024,14,REG,2024-12-08,JAX,TEN,10,6,-4,16,155
2024_14_SEA_ARI,2024,14,REG,2024-12-08,SEA,ARI,30,18,-12,48,178
2024_14_BUF_LA,2024,14,REG,2024-12-08,BUF,LA,42,44,2,86,185
2024_14_CHI_SF,2024,14,REG,2024-12-08,CHI,SF,13,38,25,51,152
2024_14_LAC_KC,2024,14,REG,2024-12-08,LAC,KC,17,19,2,36,173
2024_14_CIN_DAL,2024,14,REG,2024-12-09,CIN,DAL,27,20,-7,47,172
2024_15_LA_SF,2024,15,REG,2024-12-12,LA,SF,12,6,-6,18,160
2024_15_DAL_CAR,2024,15,REG,2024-12-15,DAL,CAR,30,14,-16,44,176
2024_15_KC_CLE,2024,15,REG,2024-12-15,KC,CLE,21,7,-14,28,177
2024_15_MIA_HOU,2024,15,REG,2024-12-15,MIA,HOU,12,20,8,32,158
2024_15_NYJ_JAX,2024,15,REG,2024-12-15,NYJ,JAX,32,25,-7,57,183
2024_15_WAS_NO,2024,15,REG,2024-12-15,WAS,NO,20,19,-1,39,175
2024_15_BAL_NYG,2024,15,REG,2024-12-15,BAL,NYG,35,14,-21,49,166
2024_15_CIN_TEN,2024,15,REG,2024-12-15,CIN,TEN,37,27,-10,64,188
2024_15_NE_ARI,2024,15,REG,2024-12-15,NE,ARI,17,30,13,47,155
2024_15_IND_DEN,2024,15,REG,2024-12-15,IND,DEN,13,31,18,44,183
2024_15_BUF_DET,2024,15,REG,2024-12-15,BUF,DET,48,42,-6,90,200
2024_15_TB_LAC,2024,15,REG,2024-12-15,TB,LAC,40,17,-23,57,164
2024_15_PIT_PHI,2024,15,REG,2024-12-15,PIT,PHI,13,27,14,40,164
2024_15_GB_SEA,2024,15,REG,2024-12-15,GB,SEA,30,13,-17,43,168
2024_15_CHI_MIN,2024,15,REG,2024-12-16,CHI,MIN,12,30,18,42,191
2024_15_ATL_LV,2024,15,REG,2024-12-16,ATL,LV,15,9,-6,24,172
2024_16_DEN_LAC,2024,16,REG,2024-12-19,DEN,LAC,27,34,7,61,175
2024_16_HOU_KC,2024,16,REG,2024-12-21,HOU,KC,19,27,8,46,172
2024_16_PIT_BAL,2024,16,REG,2024-12-21,PIT,BAL,17,34,17,51,162
2024_16_NYG_ATL,2024,16,REG,2024-12-22,NYG,ATL,7,34,27,41,169
2024_16_ARI_CAR,2024,16,REG,2024-12-22,ARI,CAR,30,36,6,66,191
2024_16_DET_CHI,2024,16,REG,2024-12-22,DET,CHI,34,17,-17,51,173
2024_16_CLE_CIN,2024,16,REG,2024-12-22,CLE,CIN,6,24,18,30,156
2024_16_TEN_IND,2024,16,REG,2024-12-22,TEN,IND,30,38,8,68,167
2024_16_LA_NYJ,2024,16,REG,2024-12-22,LA,NYJ,19,9,-10,28,152
2024_16_PHI_WAS,2024,16,REG,2024-12-22,PHI,WAS,33,36,3,69,188
2024_16_MIN_SEA,2024,16,REG,2024-12-22,MIN,SEA,27,24,-3,51,180
2024_16_NE_BUF,2024,16,REG,2024-12-22,NE,BUF,21,24,3,45,178
2024_16_JAX_LV,2024,16,REG,2024-12-22,JAX,LV,14,19,5,33,182
2024_16_SF_MIA,2024,16,REG,2024-12-22,SF,MIA,17,29,12,46,175
2024_16_TB_DAL,2024,16,REG,2024-12-22,TB,DAL,24,26,2,50,179
2024_16_NO_GB,2024,16,REG,2024-12-23,NO,GB,0,34,34,34,165
2024_17_KC_PIT,2024,17,REG,2024-12-25,KC,PIT,29,10,-19,39,175
2024_17_BAL_HOU,2024,17,REG,2024-12-25,BAL,HOU,31,2,-29,33,152
2024_17_SEA_CHI,2024,17,REG,2024-12-26,SEA,CHI,6,3,-3,9,149
2024_17_LAC_NE,2024,17,REG,2024-12-28,LAC,NE,40,7,-33,47,168
2024_17_DEN_CIN,2024,17,REG,2024-12-28,DEN,CIN,24,30,6,54,199
2024_17_ARI_LA,2024,17,REG,2024-12-28,ARI,LA,9,13,4,22,174
2024_17_NYJ_BUF,2024,17,REG,2024-12-29,NYJ,BUF,14,40,26,54,169
2024_17_TEN_JAX,2024,17,REG,2024-12-29,TEN,JAX,13,20,7,33,167
2024_17_LV_NO,2024,17,REG,2024-12-29,LV,NO,25,10,-15,35,180
2024_17_IND_NYG,2024,17,REG,2024-12-29,IND,NYG,33,45,12,78,181
2024_17_DAL_PHI,2024,17,REG,2024-12-29,DAL,PHI,7,41,34,48,168
2024_17_CAR_TB,2024,17,REG,2024-12-29,CAR,TB,14,48,34,62,165
2024_17_MIA_CLE,2024,17,REG,2024-12-29,MIA,CLE,20,3,-17,23,176
2024_17_GB_MIN,2024,17,REG,2024-12-29,GB,MIN,25,27,2,52,180
2024_17_ATL_WAS,2024,17,REG,2024-12-29,ATL,WAS,24,30,6,54,190
2024_17_DET_SF,2024,17,REG,2024-12-30,DET,SF,40,34,-6,74,173
2024_18_CLE_BAL,2024,18,REG,2025-01-04,CLE,BAL,10,35,25,45,170
2024_18_CIN_PIT,2024,18,REG,2025-01-04,CIN,PIT,19,17,-2,36,178
2024_18_CAR_ATL,2024,18,REG,2025-01-05,CAR,ATL,44,38,-6,82,191
2024_18_WAS_DAL,2024,18,REG,2025-01-05,WAS,DAL,23,19,-4,42,186
2024_18_CHI_GB,2024,18,REG,2025-01-05,CHI,GB,24,22,-2,46,168
2024_18_JAX_IND,2024,18,REG,2025-01-05,JAX,IND,23,26,3,49,197
2024_18_BUF_NE,2024,18,REG,2025-01-05,BUF,NE,16,23,7,39,173
2024_18_NYG_PHI,2024,18,REG,2025-01-05,NYG,PHI,13,20,7,33,165
2024_18_NO_TB,2024,18,REG,2025-01-05,NO,TB,19,27,8,46,179
2024_18_HOU_TEN,2024,18,REG,2025-01-05,HOU,TEN,23,14,-9,37,165
2024_18_SF_ARI,2024,18,REG,2025-01-05,SF,ARI,24,47,23,71,188
2024_18_KC_DEN,2024,18,REG,2025-01-05,KC,DEN,0,38,38,38,143
2024_18_SEA_LA,2024,18,REG,2025-01-05,SEA,LA,30,25,-5,55,161
2024_18_LAC_LV,2024,18,REG,2025-01-05,LAC,LV,34,20,-14,54,172
2024_18_MIA_NYJ,2024,18,REG,2025-01-05,MIA,NYJ,20,32,12,52,176
2024_18_MIN_DET,2024,18,REG,2025-01-05,MIN,DET,9,31,22,40,172
2024_19_LAC_HOU,2024,19,WC,2025-01-11,LAC,HOU,12,32,20,44,172
2024_19_PIT_BAL,2024,19,WC,2025-01-11,PIT,BAL,14,28,14,42,160
2024_19_DEN_BUF,2024,19,WC,2025-01-12,DEN,BUF,7,31,24,38,160
2024_19_GB_PHI,2024,19,WC,2025-01-12,GB,PHI,10,22,12,32,162
2024_19_WAS_TB,2024,19,WC,2025-01-12,WAS,TB,23,20,-3,43,159
2024_19_MIN_LA,2024,19,WC,2025-01-13,MIN,LA,9,27,18,36,165
2024_20_HOU_KC,2024,20,DIV,2025-01-18,HOU,KC,14,23,9,37,159
2024_20_WAS_DET,2024,20,DIV,2025-01-18,WAS,DET,45,31,-14,76,190
2024_20_LA_PHI,2024,20,DIV,2025-01-19,LA,PHI,22,28,6,50,181
2024_20_BAL_BUF,2024,20,DIV,2025-01-19,BAL,BUF,25,27,2,52,158
2024_21_WAS_PHI,2024,21,CON,2025-01-26,WAS,PHI,23,55,32,78,199
2024_21_BUF_KC,2024,21,CON,2025-01-26,BUF,KC,29,32,3,61,177
2024_22_KC_PHI,2024,22,SB,2025-02-09,KC,PHI,22,40,18,62,176
2025_01_DAL_PHI,2025,1,REG,2025-09-04,DAL,PHI,20,24,4,44,163
2025_01_KC_LAC,2025,1,REG,2025-09-05,KC,LAC,21,27,6,48,169
2025_01_TB_ATL,2025,1,REG,2025-09-07,TB,ATL,23,20,-3,43,178
2025_01_CIN_CLE,2025,1,REG,2025-09-07,CIN,CLE,17,16,-1,33,170
2025_01_MIA_IND,2025,1,REG,2025-09-07,MIA,IND,8,33,25,41,152
2025_01_CAR_JAX,2025,1,REG,2025-09-07,CAR,JAX,10,26,16,36,171
2025_01_LV_NE,2025,1,REG,2025-09-07,LV,NE,20,13,-7,33,184
2025_01_ARI_NO,2025,1,REG,2025-09-07,ARI,NO,20,13,-7,33,182
2025_01_PIT_NYJ,2025,1,REG,2025-09-07,PIT,NYJ,34,32,-2,66,167
2025_01_NYG_WAS,2025,1,REG,2025-09-07,NYG,WAS,6,21,15,27,179
2025_01_TEN_DEN,2025,1,REG,2025-09-07,TEN,DEN,12,20,8,32,180
2025_01_SF_SEA,2025,1,REG,2025-09-07,SF,SEA,17,13,-4,30,166
2025_01_DET_GB,2025,1,REG,2025-09-07,DET,GB,13,27,14,40,150
2025_01_HOU_LA,2025,1,REG,2025-09-07,HOU,LA,9,14,5,23,160
2025_01_BAL_BUF,2025,1,REG,2025-09-07,BAL,BUF,40,41,1,81,191
2025_01_MIN_CHI,2025,1,REG,2025-09-08,MIN,CHI,27,24,-3,51,176
2025_02_WAS_GB,2025,2,REG,2025-09-11,WAS,GB,18,27,9,45,179
2025_02_CLE_BAL,2025,2,REG,2025-09-14,CLE,BAL,17,41,24,58,178
2025_02_JAX_CIN,2025,2,REG,2025-09-14,JAX,CIN,27,31,4,58,180
2025_02_NYG_DAL,2025,2,REG,2025-09-14,NYG,DAL,37,40,3,77,221
2025_02_CHI_DET,2025,2,REG,2025-09-14,CHI,DET,21,52,31,73,170
2025_02_NE_MIA,2025,2,REG,2025-09-14,NE,MIA,33,27,-6,60,167
2025_02_SF_NO,2025,2,REG,2025-09-14,SF,NO,26,21,-5,47,183
2025_02_BUF_NYJ,2025,2,REG,2025-09-14,BUF,NYJ,30,10,-20,40,164
2025_02_SEA_PIT,2025,2,REG,2025-09-14,SEA,PIT,31,17,-14,48,166
2025_02_LA_TEN,2025,2,REG,2025-09-14,LA,TEN,33,19,-14,52,179
2025_02_CAR_ARI,2025,2,REG,2025-09-14,CAR,ARI,22,27,5,49,179
2025_02_DEN_IND,2025,2,REG,2025-09-14,DEN,IND,28,29,1,57,171
2025_02_PHI_KC,2025,2,REG,2025-09-14,PHI,KC,20,17,-3,37,163
2025_02_ATL_MIN,2025,2,REG,2025-09-14,ATL,MIN,22,6,-16,28,159
2025_02_TB_HOU,2025,2,REG,2025-09-15,TB,HOU,20,19,-1,39,167
2025_02_LAC_LV,2025,2,REG,2025-09-15,LAC,LV,20,9,-11,29,163
2025_03_MIA_BUF,2025,3,REG,2025-09-18,MIA,BUF,21,31,10,52,162
2025_03_ATL_CAR,2025,3,REG,2025-09-21,ATL,CAR,0,30,30,30,160
2025_03_GB_CLE,2025,3,REG,2025-09-21,GB,CLE,10,13,3,23,176
2025_03_HOU_JAX,2025,3,REG,2025-09-21,HOU,JAX,10,17,7,27,177
2025_03_CIN_MIN,2025,3,REG,2025-09-21,CIN,MIN,10,48,38,58,165
2025_03_PIT_NE,2025,3,REG,2025-09-21,PIT,NE,21,14,-7,35,158
2025_03_LA_PHI,2025,3,REG,2025-09-21,LA,PHI,26,33,7,59,172
2025_03_NYJ_TB,2025,3,REG,2025-09-21,NYJ,TB,27,29,2,56,191
2025_03_IND_TEN,2025,3,REG,2025-09-21,IND,TEN,41,20,-21,61,167
2025_03_LV_WAS,2025,3,REG,2025-09-21,LV,WAS,24,41,17,65,171
2025_03_DEN_LAC,2025,3,REG,2025-09-21,DEN,LAC,20,23,3,43,182
2025_03_NO_SEA,2025,3,REG,2025-09-21,NO,SEA,13,44,31,57,178
2025_03_DAL_CHI,2025,3,REG,2025-09-21,DAL,CHI,14,31,17,45,168
2025_03_ARI_SF,2025,3,REG,2025-09-21,ARI,SF,15,16,1,31,171
2025_03_KC_NYG,2025,3,REG,2025-09-21,KC,NYG,22,9,-13,31,176
2025_03_DET_BAL,2025,3,REG,2025-09-22,DET,BAL,38,30,-8,68,172
2025_04_SEA_ARI,2025,4,REG,2025-09-25,SEA,ARI,23,20,-3,43,179
2025_04_MIN_PIT,2025,4,REG,2025-09-28,MIN,PIT,21,24,3,45,172
2025_04_WAS_ATL,2025,4,REG,2025-09-28,WAS,ATL,27,34,7,61,166
2025_04_NO_BUF,2025,4,REG,2025-09-28,NO,BUF,19,31,12,50,170
2025_04_CLE_DET,2025,4,REG,2025-09-28,CLE,DET,10,34,24,44,171
2025_04_TEN_HOU,2025,4,REG,2025-09-28,TEN,HOU,0,26,26,26,153
2025_04_CAR_NE,2025,4,REG,2025-09-28,CAR,NE,13,42,29,55,159
2025_04_LAC_NYG,2025,4,REG,2025-09-28,LAC,NYG,18,21,3,39,181
2025_04_PHI_TB,2025,4,REG,2025-09-28,PHI,TB,31,25,-6,56,179
2025_04_IND_LA,2025,4,REG,2025-09-28,IND,LA,20,27,7,47,178
2025_04_JAX_SF,2025,4,REG,2025-09-28,JAX,SF,26,21,-5,47,177
2025_04_BAL_KC,2025,4,REG,2025-09-28,BAL,KC,20,37,17,57,168
2025_04_CHI_LV,2025,4,REG,2025-09-28,CHI,LV,25,24,-1,49,163
2025_04_GB_DAL,2025,4,REG,2025-09-28,GB,DAL,40,40,0,80,211
2025_04_NYJ_MIA,2025,4,REG,2025-09-29,NYJ,MIA,21,27,6,48,165
2025_04_CIN_DEN,2025,4,REG,2025-09-29,CIN,DEN,3,28,25,31,169
2025_05_SF_LA,2025,5,REG,2025-10-02,SF,LA,26,23,-3,49,205
2025_05_MIN_CLE,2025,5,REG,2025-10-05,MIN,CLE,21,17,-4,38,182
2025_05_HOU_BAL,2025,5,REG,2025-10-05,HOU,BAL,44,10,-34,54,153
2025_05_MIA_CAR,2025,5,REG,2025-10-05,MIA,CAR,24,27,3,51,172
2025_05_LV_IND,2025,5,REG,2025-10-05,LV,IND,6,40,34,46,165
2025_05_NYG_NO,2025,5,REG,2025-10-05,NYG,NO,14,26,12,40,184
2025_05_DAL_NYJ,2025,5,REG,2025-10-05,DAL,NYJ,37,22,-15,59,192
2025_05_DEN_PHI,2025,5,REG,2025-10-05,DEN,PHI,21,17,-4,38,186
2025_05_TEN_ARI,2025,5,REG,2025-10-05,TEN,ARI,22,21,-1,43,180
2025_05_TB_SEA,2025,5,REG,2025-10-05,TB,SEA,38,35,-3,73,162
2025_05_DET_CIN,2025,5,REG,2025-10-05,DET,CIN,37,24,-13,61,166
2025_05_WAS_LAC,2025,5,REG,2025-10-05,WAS,LAC,27,10,-17,37,171
2025_05_NE_BUF,2025,5,REG,2025-10-05,NE,BUF,23,20,-3,43,172
2025_05_KC_JAX,2025,5,REG,2025-10-06,KC,JAX,28,31,3,59,164
2025_06_PHI_NYG,2025,6,REG,2025-10-09,PHI,NYG,17,34,17,51,167
2025_06_DEN_NYJ,2025,6,REG,2025-10-12,DEN,NYJ,13,11,-2,24,164
2025_06_LA_BAL,2025,6,REG,2025-10-12,LA,BAL,17,3,-14,20,166
2025_06_DAL_CAR,2025,6,REG,2025-10-12,DAL,CAR,27,30,3,57,170
2025_06_ARI_IND,2025,6,REG,2025-10-12,ARI,IND,27,31,4,58,176
2025_06_SEA_JAX,2025,6,REG,2025-10-12,SEA,JAX,20,12,-8,32,175
2025_06_LAC_MIA,2025,6,REG,2025-10-12,LAC,MIA,29,27,-2,56,173
2025_06_NE_NO,2025,6,REG,2025-10-12,NE,NO,25,19,-6,44,158
2025_06_CLE_PIT,2025,6,REG,2025-10-12,CLE,PIT,9,23,14,32,186
2025_06_TEN_LV,2025,6,REG,2025-10-12,TEN,LV,10,20,10,30,163
2025_06_CIN_GB,2025,6,REG,2025-10-12,CIN,GB,18,27,9,45,167
2025_06_SF_TB,2025,6,REG,2025-10-12,SF,TB,19,30,11,49,166
2025_06_DET_KC,2025,6,REG,2025-10-12,DET,KC,17,30,13,47,154
2025_06_BUF_ATL,2025,6,REG,2025-10-13,BUF,ATL,14,24,10,38,168
2025_06_CHI_WAS,2025,6,REG,2025-10-13,CHI,WAS,25,24,-1,49,170
2025_07_PIT_CIN,2025,7,REG,2025-10-16,PIT,CIN,31,33,2,64,182
2025_07_LA_JAX,2025,7,REG,2025-10-19,LA,JAX,35,7,-28,42,188
2025_07_NO_CHI,2025,7,REG,2025-10-19,NO,CHI,14,26,12,40,168
2025_07_MIA_CLE,2025,7,REG,2025-10-19,MIA,CLE,6,31,25,37,158
2025_07_LV_KC,2025,7,REG,2025-10-19,LV,KC,0,31,31,31,148
2025_07_PHI_MIN,2025,7,REG,2025-10-19,PHI,MIN,28,22,-6,50,161
2025_07_CAR_NYJ,2025,7,REG,2025-10-19,CAR,NYJ,13,6,-7,19,174
2025_07_NE_TEN,2025,7,REG,2025-10-19,NE,TEN,31,13,-18,44,154
2025_07_NYG_DEN,2025,7,REG,2025-10-19,NYG,DEN,32,33,1,65,209
2025_07_IND_LAC,2025,7,REG,2025-10-19,IND,LAC,38,24,-14,62,177
2025_07_GB_ARI,2025,7,REG,2025-10-19,GB,ARI,27,23,-4,50,174
2025_07_WAS_DAL,2025,7,REG,2025-10-19,WAS,DAL,22,44,22,66,182
2025_07_ATL_SF,2025,7,REG,2025-10-19,ATL,SF,10,20,10,30,165
2025_07_TB_DET,2025,7,REG,2025-10-20,TB,DET,9,24,15,33,178
2025_07_HOU_SEA,2025,7,REG,2025-10-20,HOU,SEA,19,27,8,46,196
2025_08_MIN_LAC,2025,8,REG,2025-10-23,MIN,LAC,10,37,27,47,162
2025_08_MIA_ATL,2025,8,REG,2025-10-26,MIA,ATL,34,10,-24,44,158
2025_08_CHI_BAL,2025,8,REG,2025-10-26,CHI,BAL,16,30,14,46,170
2025_08_BUF_CAR,2025,8,REG,2025-10-26,BUF,CAR,40,9,-31,49,164
2025_08_NYJ_CIN,2025,8,REG,2025-10-26,NYJ,CIN,39,38,-1,77,173
2025_08_SF_HOU,2025,8,REG,2025-10-26,SF,HOU,15,26,11,41,166
2025_08_CLE_NE,2025,8,REG,2025-10-26,CLE,NE,13,32,19,45,162
2025_08_NYG_PHI,2025,8,REG,2025-10-26,NYG,PHI,20,38,18,58,154
2025_08_TB_NO,2025,8,REG,2025-10-26,TB,NO,23,3,-20,26,167
2025_08_DAL_DEN,2025,8,REG,2025-10-26,DAL,DEN,24,44,20,68,183
2025_08_TEN_IND,2025,8,REG,2025-10-26,TEN,IND,14,38,24,52,162
2025_08_GB_PIT,2025,8,REG,2025-10-26,GB,PIT,35,25,-10,60,173
2025_08_WAS_KC,2025,8,REG,2025-10-27,WAS,KC,7,28,21,35,148
2025_09_BAL_MIA,2025,9,REG,2025-10-30,BAL,MIA,28,6,-22,34,159
2025_09_CHI_CIN,2025,9,REG,2025-11-02,CHI,CIN,47,42,-5,89,204
2025_09_MIN_DET,2025,9,REG,2025-11-02,MIN,DET,27,24,-3,51,172
2025_09_CAR_GB,2025,9,REG,2025-11-02,CAR,GB,16,13,-3,29,156
2025_09_DEN_HOU,2025,9,REG,2025-11-02,DEN,HOU,18,15,-3,33,188
2025_09_ATL_NE,2025,9,REG,2025-11-02,ATL,NE,23,24,1,47,166
2025_09_SF_NYG,2025,9,REG,2025-11-02,SF,NYG,34,24,-10,58,169
2025_09_IND_PIT,2025,9,REG,2025-11-02,IND,PIT,20,27,7,47,181
2025_09_LAC_TEN,2025,9,REG,2025-11-02,LAC,TEN,27,20,-7,47,151
2025_09_NO_LA,2025,9,REG,2025-11-02,NO,LA,10,34,24,44,157
2025_09_JAX_LV,2025,9,REG,2025-11-02,JAX,LV,30,29,-1,59,189
2025_09_KC_BUF,2025,9,REG,2025-11-02,KC,BUF,21,28,7,49,167
2025_09_SEA_WAS,2025,9,REG,2025-11-02,SEA,WAS,38,14,-24,52,155
2025_09_ARI_DAL,2025,9,REG,2025-11-03,ARI,DAL,27,17,-10,44,171
2025_10_LV_DEN,2025,10,REG,2025-11-06,LV,DEN,7,10,3,17,164
2025_10_ATL_IND,2025,10,REG,2025-11-09,ATL,IND,25,31,6,56,180
2025_10_NO_CAR,2025,10,REG,2025-11-09,NO,CAR,17,7,-10,24,153
2025_10_NYG_CHI,2025,10,REG,2025-11-09,NYG,CHI,20,24,4,44,178
2025_10_JAX_HOU,2025,10,REG,2025-11-09,JAX,HOU,29,36,7,65,183
2025_10_BUF_MIA,2025,10,REG,2025-11-09,BUF,MIA,13,30,17,43,157
2025_10_BAL_MIN,2025,10,REG,2025-11-09,BAL,MIN,27,19,-8,46,186
2025_10_CLE_NYJ,2025,10,REG,2025-11-09,CLE,NYJ,20,27,7,47,173
2025_10_NE_TB,2025,10,REG,2025-11-09,NE,TB,28,23,-5,51,173
2025_10_ARI_SEA,2025,10,REG,2025-11-09,ARI,SEA,22,44,22,66,178
2025_10_LA_SF,2025,10,REG,2025-11-09,LA,SF,42,26,-16,68,172
2025_10_DET_WAS,2025,10,REG,2025-11-09,DET,WAS,44,22,-22,66,163
2025_10_PIT_LAC,2025,10,REG,2025-11-09,PIT,LAC,10,25,15,35,169
2025_10_PHI_GB,2025,10,REG,2025-11-10,PHI,GB,10,7,-3,17,171
2025_11_NYJ_NE,2025,11,REG,2025-11-13,NYJ,NE,14,27,13,41,162
2025_11_WAS_MIA,2025,11,REG,2025-11-16,WAS,MIA,13,16,3,29,165
2025_11_CAR_ATL,2025,11,REG,2025-11-16,CAR,ATL,30,27,-3,57,193
2025_11_TB_BUF,2025,11,REG,2025-11-16,TB,BUF,32,44,12,76,175
2025_11_LAC_JAX,2025,11,REG,2025-11-16,LAC,JAX,6,35,29,41,149
2025_11_CHI_MIN,2025,11,REG,2025-11-16,CHI,MIN,19,17,-2,36,173
2025_11_GB_NYG,2025,11,REG,2025-11-16,GB,NYG,27,20,-7,47,163
2025_11_CIN_PIT,2025,11,REG,2025-11-16,CIN,PIT,12,34,22,46,175
2025_11_HOU_TEN,2025,11,REG,2025-11-16,HOU,TEN,16,13,-3,29,175
2025_11_SF_ARI,2025,11,REG,2025-11-16,SF,ARI,41,22,-19,63,181
2025_11_SEA_LA,2025,11,REG,2025-11-16,SEA,LA,19,21,2,40,178
2025_11_BAL_CLE,2025,11,REG,2025-11-16,BAL,CLE,23,16,-7,39,161
2025_11_KC_DEN,2025,11,REG,2025-11-16,KC,DEN,19,22,3,41,181
2025_11_DET_PHI,2025,11,REG,2025-11-16,DET,PHI,9,16,7,25,174
2025_11_DAL_LV,2025,11,REG,2025-11-17,DAL,LV,33,16,-17,49,170
2025_12_BUF_HOU,2025,12,REG,2025-11-20,BUF,HOU,19,23,4,42,169
2025_12_NYJ_BAL,2025,12,REG,2025-11-23,NYJ,BAL,10,23,13,33,162
2025_12_PIT_CHI,2025,12,REG,2025-11-23,PIT,CHI,28,31,3,59,178
2025_12_NE_CIN,2025,12,REG,2025-11-23,NE,CIN,26,20,-6,46,181
2025_12_NYG_DET,2025,12,REG,2025-11-23,NYG,DET,27,34,7,61,199
2025_12_MIN_GB,2025,12,REG,2025-11-23,MIN,GB,6,23,17,29,148
2025_12_IND_KC,2025,12,REG,2025-11-23,IND,KC,20,23,3,43,199
2025_12_SEA_TEN,2025,12,REG,2025-11-23,SEA,TEN,30,24,-6,54,168
2025_12_JAX_ARI,2025,12,REG,2025-11-23,JAX,ARI,27,24,-3,51,191
2025_12_CLE_LV,2025,12,REG,2025-11-23,CLE,LV,24,10,-14,34,181
2025_12_PHI_DAL,2025,12,REG,2025-11-23,PHI,DAL,21,24,3,45,183
2025_12_ATL_NO,2025,12,REG,2025-11-23,ATL,NO,24,10,-14,34,177
2025_12_TB_LA,2025,12,REG,2025-11-23,TB,LA,7,34,27,41,159
2025_12_CAR_SF,2025,12,REG,2025-11-24,CAR,SF,9,20,11,29,150
2025_13_GB_DET,2025,13,REG,2025-11-27,GB,DET,31,24,-7,55,165
2025_13_KC_DAL,2025,13,REG,2025-11-27,KC,DAL,28,31,3,59,178
2025_13_CIN_BAL,2025,13,REG,2025-11-27,CIN,BAL,32,14,-18,46,192
2025_13_CHI_PHI,2025,13,REG,2025-11-28,CHI,PHI,24,15,-9,39,181
2025_13_LA_CAR,2025,13,REG,2025-11-30,LA,CAR,28,31,3,59,152
2025_13_SF_CLE,2025,13,REG,2025-11-30,SF,CLE,26,8,-18,34,166
2025_13_HOU_IND,2025,13,REG,2025-11-30,HOU,IND,20,16,-4,36,168
2025_13_NO_MIA,2025,13,REG,2025-11-30,NO,MIA,17,21,4,38,175
2025_13_ATL_NYJ,2025,13,REG,2025-11-30,ATL,NYJ,24,27,3,51,188
2025_13_ARI_TB,2025,13,REG,2025-11-30,ARI,TB,17,20,3,37,162
2025_13_JAX_TEN,2025,13,REG,2025-11-30,JAX,TEN,25,3,-22,28,163
2025_13_MIN_SEA,2025,13,REG,2025-11-30,MIN,SEA,0,26,26,26,151
2025_13_LV_LAC,2025,13,REG,2025-11-30,LV,LAC,14,31,17,45,156
2025_13_BUF_PIT,2025,13,REG,2025-11-30,BUF,PIT,26,7,-19,33,153
2025_13_DEN_WAS,2025,13,REG,2025-11-30,DEN,WAS,27,26,-1,53,209
2025_13_NYG_NE,2025,13,REG,2025-12-01,NYG,NE,15,33,18,48,161
2025_14_DAL_DET,2025,14,REG,2025-12-04,DAL,DET,30,44,14,74,192
2025_14_SEA_ATL,2025,14,REG,2025-12-07,SEA,ATL,37,9,-28,46,165
2025_14_PIT_BAL,2025,14,REG,2025-12-07,PIT,BAL,27,22,-5,49,177
2025_14_TEN_CLE,2025,14,REG,2025-12-07,TEN,CLE,31,29,-2,60,187
2025_14_CHI_GB,2025,14,REG,2025-12-07,CHI,GB,21,28,7,49,161
2025_14_IND_JAX,2025,14,REG,2025-12-07,IND,JAX,19,36,17,55,176
2025_14_WAS_MIN,2025,14,REG,2025-12-07,WAS,MIN,0,31,31,31,141
2025_14_MIA_NYJ,2025,14,REG,2025-12-07,MIA,NYJ,34,10,-24,44,172
2025_14_NO_TB,2025,14,REG,2025-12-07,NO,TB,24,20,-4,44,174
2025_14_DEN_LV,2025,14,REG,2025-12-07,DEN,LV,24,17,-7,41,162
2025_14_LA_ARI,2025,14,REG,2025-12-07,LA,ARI,45,17,-28,62,178
2025_14_CIN_BUF,2025,14,REG,2025-12-07,CIN,BUF,34,39,5,73,162
2025_14_HOU_KC,2025,14,REG,2025-12-07,HOU,KC,20,10,-10,30,179
2025_14_PHI_LAC,2025,14,REG,2025-12-08,PHI,LAC,19,22,3,41,196
2025_15_ATL_TB,2025,15,REG,2025-12-11,ATL,TB,29,28,-1,57,186
2025_15_CLE_CHI,2025,15,REG,2025-12-14,CLE,CHI,3,31,28,34,165
2025_15_BAL_CIN,2025,15,REG,2025-12-14,BAL,CIN,24,0,-24,24,146
2025_15_ARI_HOU,2025,15,REG,2025-12-14,ARI,HOU,20,40,20,60,174
2025_15_NYJ_JAX,2025,15,REG,2025-12-14,NYJ,JAX,20,48,28,68,172
2025_15_LAC_KC,2025,15,REG,2025-12-14,LAC,KC,16,13,-3,29,164
2025_15_BUF_NE,2025,15,REG,2025-12-14,BUF,NE,35,31,-4,66,166
2025_15_WAS_NYG,2025,15,REG,2025-12-14,WAS,NYG,29,21,-8,50,179
2025_15_LV_PHI,2025,15,REG,2025-12-14,LV,PHI,0,31,31,31,135
2025_15_GB_DEN,2025,15,REG,2025-12-14,GB,DEN,26,34,8,60,180
2025_15_DET_LA,2025,15,REG,2025-12-14,DET,LA,34,41,7,75,185
2025_15_CAR_NO,2025,15,REG,2025-12-14,CAR,NO,17,20,3,37,164
2025_15_IND_SEA,2025,15,REG,2025-12-14,IND,SEA,16,18,2,34,168
2025_15_TEN_SF,2025,15,REG,2025-12-14,TEN,SF,24,37,13,61,173
2025_15_MIN_DAL,2025,15,REG,2025-12-14,MIN,DAL,34,26,-8,60,174
2025_15_MIA_PIT,2025,15,REG,2025-12-15,MIA,PIT,15,28,13,43,157
2025_16_LA_SEA,2025,16,REG,2025-12-18,LA,SEA,37,38,1,75,215
2025_16_GB_CHI,2025,16,REG,2025-12-20,GB,CHI,16,22,6,38,174
2025_16_PHI_WAS,2025,16,REG,2025-12-20,PHI,WAS,29,18,-11,47,165
2025_16_NE_BAL,2025,16,REG,2025-12-21,NE,BAL,28,24,-4,52,171
2025_16_TB_CAR,2025,16,REG,2025-12-21,TB,CAR,20,23,3,43,161
2025_16_BUF_CLE,2025,16,REG,2025-12-21,BUF,CLE,23,20,-3,43,156
2025_16_LAC_DAL,2025,16,REG,2025-12-21,LAC,DAL,34,17,-17,51,159
2025_16_NYJ_NO,2025,16,REG,2025-12-21,NYJ,NO,6,29,23,35,184
2025_16_MIN_NYG,2025,16,REG,2025-12-21,MIN,NYG,16,13,-3,29,153
2025_16_KC_TEN,2025,16,REG,2025-12-21,KC,TEN,9,26,17,35,167
2025_16_ATL_ARI,2025,16,REG,2025-12-21,ATL,ARI,26,19,-7,45,173
2025_16_JAX_DEN,2025,16,REG,2025-12-21,JAX,DEN,34,20,-14,54,183
2025_16_PIT_DET,2025,16,REG,2025-12-21,PIT,DET,29,24,-5,53,192
2025_16_LV_HOU,2025,16,REG,2025-12-21,LV,HOU,21,23,2,44,166
2025_16_CIN_MIA,2025,16,REG,2025-12-21,CIN,MIA,45,21,-24,66,162
2025_16_SF_IND,2025,16,REG,2025-12-22,SF,IND,48,27,-21,75,169
2025_17_DAL_WAS,2025,17,REG,2025-12-25,DAL,WAS,30,23,-7,53,187
2025_17_DET_MIN,2025,17,REG,2025-12-25,DET,MIN,10,23,13,33,163
2025_17_DEN_KC,2025,17,REG,2025-12-25,DEN,KC,20,13,-7,33,151
2025_17_BAL_GB,2025,17,REG,2025-12-27,BAL,GB,41,24,-17,65,161
2025_17_HOU_LAC,2025,17,REG,2025-12-27,HOU,LAC,20,16,-4,36,170
2025_17_SEA_CAR,2025,17,REG,2025-12-28,SEA,CAR,27,10,-17,37,157
2025_17_ARI_CIN,2025,17,REG,2025-12-28,ARI,CIN,14,37,23,51,171
2025_17_PIT_CLE,2025,17,REG,2025-12-28,PIT,CLE,6,13,7,19,157
2025_17_JAX_IND,2025,17,REG,2025-12-28,JAX,IND,23,17,-6,40,168
2025_17_NYG_LV,2025,17,REG,2025-12-28,NYG,LV,34,10,-24,44,157
2025_17_TB_MIA,2025,17,REG,2025-12-28,TB,MIA,17,20,3,37,166
2025_17_NE_NYJ,2025,17,REG,2025-12-28,NE,NYJ,42,10,-32,52,166
2025_17_NO_TEN,2025,17,REG,2025-12-28,NO,TEN,34,26,-8,60,175
2025_17_PHI_BUF,2025,17,REG,2025-12-28,PHI,BUF,13,12,-1,25,168
2025_17_CHI_SF,2025,17,REG,2025-12-28,CHI,SF,38,42,4,80,184
2025_17_LA_ATL,2025,17,REG,2025-12-29,LA,ATL,24,27,3,51,163
2025_18_SEA_SF,2025,18,REG,2026-01-03,SEA,SF,13,3,-10,16,141
2025_18_CAR_TB,2025,18,REG,2026-01-03,CAR,TB,14,16,2,30,159
2025_18_NO_ATL,2025,18,REG,2026-01-04,NO,ATL,17,19,2,36,174
2025_18_NYJ_BUF,2025,18,REG,2026-01-04,NYJ,BUF,8,35,27,43,149
2025_18_DET_CHI,2025,18,REG,2026-01-04,DET,CHI,19,16,-3,35,166
2025_18_CLE_CIN,2025,18,REG,2026-01-04,CLE,CIN,20,18,-2,38,163
2025_18_LAC_DEN,2025,18,REG,2026-01-04,LAC,DEN,3,19,16,22,175
2025_18_IND_HOU,2025,18,REG,2026-01-04,IND,HOU,30,38,8,68,181
2025_18_TEN_JAX,2025,18,REG,2026-01-04,TEN,JAX,7,41,34,48,152
2025_18_ARI_LA,2025,18,REG,2026-01-04,ARI,LA,20,37,17,57,176
2025_18_KC_LV,2025,18,REG,2026-01-04,KC,LV,12,14,2,26,177
2025_18_GB_MIN,2025,18,REG,2026-01-04,GB,MIN,3,16,13,19,153
2025_18_MIA_NE,2025,18,REG,2026-01-04,MIA,NE,10,38,28,48,156
2025_18_DAL_NYG,2025,18,REG,2026-01-04,DAL,NYG,17,34,17,51,168
2025_18_WAS_PHI,2025,18,REG,2026-01-04,WAS,PHI,24,17,-7,41,175
2025_18_BAL_PIT,2025,18,REG,2026-01-04,BAL,PIT,24,26,2,50,171
2025_19_GB_CHI,2025,19,WC,2026-01-10,GB,CHI,27,31,4,58,194
2025_19_LA_CAR,2025,19,WC,2026-01-10,LA,CAR,34,31,-3,65,189
2025_19_BUF_JAX,2025,19,WC,2026-01-11,BUF,JAX,27,24,-3,51,163
2025_19_SF_PHI,2025,19,WC,2026-01-11,SF,PHI,23,19,-4,42,173
2025_19_LAC_NE,2025,19,WC,2026-01-11,LAC,NE,3,16,13,19,162
2025_19_HOU_PIT,2025,19,WC,2026-01-12,HOU,PIT,30,6,-24,36,165
2025_20_BUF_DEN,2025,20,DIV,2026-01-17,BUF,DEN,30,33,3,63,203
2025_20_SF_SEA,2025,20,DIV,2026-01-17,SF,SEA,6,41,35,47,151
2025_20_LA_CHI,2025,20,DIV,2026-01-18,LA,CHI,20,17,-3,37,201
2025_20_HOU_NE,2025,20,DIV,2026-01-18,HOU,NE,16,28,12,44,185
2025_21_NE_DEN,2025,21,CON,2026-01-25,NE,DEN,10,7,-3,17,164
2025_21_LA_SEA,2025,21,CON,2026-01-25,LA,SEA,27,31,4,58,176
2025_22_SEA_NE,2025,22,SB,2026-02-08,SEA,NE,29,13,-16,42,193
