game_id,game_date,home_team,away_team,home_score,away_score,home_win,home_win_prob_model,home_win_prob_model_calibrated,model_pick,actual_winner,correct
20260823_ATH@HOU,2026-08-23,HOU,ATH,6,7,0.0,0.48600418705395493,0.4926,ATH,ATH,1
20260823_ATL@MIL,2026-08-23,MIL,ATL,2,4,0.0,0.5842914182174631,0.5478,MIL,ATL,0
20260823_CHC@SEA,2026-08-23,SEA,CHC,2,19,0.0,0.40863286135610705,0.4489,CHC,CHC,1
20260823_CIN@AZ,2026-08-23,AZ,CIN,5,3,1.0,0.5393820206386089,0.5224,AZ,AZ,1
20260823_CLE@COL,2026-08-23,COL,CLE,2,7,0.0,0.40635312989745537,0.4476,CLE,CLE,1
20260823_DET@KC,2026-08-23,KC,DET,11,7,1.0,0.5232386525917562,0.5134,KC,KC,1
20260823_LAA@TEX,2026-08-23,TEX,LAA,5,3,1.0,0.5630687827925572,0.5358,TEX,TEX,1
20260823_MIN@SD,2026-08-23,SD,MIN,8,1,1.0,0.6046121144552901,0.5595,SD,SD,1
20260823_NYM@CWS,2026-08-23,CWS,NYM,2,1,1.0,0.5871756302613687,0.5495,CWS,CWS,1
20260823_PIT@LAD,2026-08-23,LAD,PIT,4,0,1.0,0.5962973162481108,0.5547,LAD,LAD,1
20260823_SF@BOS,2026-08-23,BOS,SF,5,4,1.0,0.5470460889670027,0.5267,BOS,BOS,1
20260823_STL@PHI,2026-08-23,PHI,STL,6,4,1.0,0.5726290794000545,0.5412,PHI,PHI,1
20260823_TB@BAL,2026-08-23,BAL,TB,1,3,0.0,0.6094119656385955,0.5622,BAL,TB,0
20260823_TOR@NYY,2026-08-23,NYY,TOR,8,3,1.0,0.5177518164977752,0.5103,NYY,NYY,1
20260823_WSH@MIA,2026-08-23,MIA,WSH,6,2,1.0,0.5057175943650505,0.5036,MIA,MIA,1
20260822_ATH@HOU,2026-08-22,HOU,ATH,3,4,0.0,0.5337666931612183,0.5193,HOU,ATH,0
20260822_ATL@MIL,2026-08-22,MIL,ATL,4,1,1.0,0.5699321620125535,0.5397,MIL,MIL,1
20260822_CHC@SEA,2026-08-22,SEA,CHC,5,4,1.0,0.444678907886475,0.4694,CHC,SEA,0
20260822_CIN@AZ,2026-08-22,AZ,CIN,5,11,0.0,0.6013559181640846,0.5576,AZ,CIN,0
20260822_CLE@COL,2026-08-22,COL,CLE,3,4,0.0,0.37861486193058386,0.4316,CLE,CLE,1
20260822_DET@KC,2026-08-22,KC,DET,3,1,1.0,0.5152054631682164,0.5089,KC,KC,1
20260822_LAA@TEX,2026-08-22,TEX,LAA,0,3,0.0,0.5731080237617912,0.5415,TEX,LAA,0
20260822_MIN@SD,2026-08-22,SD,MIN,7,5,1.0,0.5756592399175596,0.5429,SD,SD,1
20260822_NYM@CWS,2026-08-22,CWS,NYM,5,10,0.0,0.5109361441205001,0.5065,CWS,NYM,0
20260822_PIT@LAD,2026-08-22,LAD,PIT,4,3,1.0,0.6217685378995857,0.5694,LAD,LAD,1
20260822_SF@BOS,2026-08-22,BOS,SF,3,2,1.0,0.63106390697434,0.5748,BOS,BOS,1
20260822_STL@PHI,2026-08-22,PHI,STL,12,3,1.0,0.420035250671703,0.4554,STL,PHI,0
20260822_TB@BAL,2026-08-22,BAL,TB,3,2,1.0,0.5512495206599105,0.5291,BAL,BAL,1
20260822_TOR@NYY,2026-08-22,NYY,TOR,3,4,0.0,0.5354603445243848,0.5202,NYY,TOR,0
20260822_WSH@MIA,2026-08-22,MIA,WSH,4,2,1.0,0.5898191708214777,0.551,MIA,MIA,1
20260821_ATH@HOU,2026-08-21,HOU,ATH,4,0,1.0,0.5207675955604945,0.512,HOU,HOU,1
20260821_ATL@MIL,2026-08-21,MIL,ATL,2,1,1.0,0.5803838945129828,0.5456,MIL,MIL,1
20260821_CHC@SEA,2026-08-21,SEA,CHC,6,5,1.0,0.38271257957133736,0.434,CHC,SEA,0
20260821_CIN@AZ,2026-08-21,AZ,CIN,9,0,1.0,0.5771800681501569,0.5438,AZ,AZ,1
20260821_CLE@COL,2026-08-21,COL,CLE,1,9,0.0,0.41813979355509306,0.4543,CLE,CLE,1
20260821_DET@KC,2026-08-21,KC,DET,5,2,1.0,0.479609289275135,0.489,DET,KC,0
20260821_LAA@TEX,2026-08-21,TEX,LAA,2,1,1.0,0.5701973066329125,0.5398,TEX,TEX,1
20260821_MIN@SD,2026-08-21,SD,MIN,6,2,1.0,0.6453913608024661,0.5833,SD,SD,1
20260821_NYM@CWS,2026-08-21,CWS,NYM,6,4,1.0,0.486789861578608,0.493,NYM,CWS,0
20260821_PIT@LAD,2026-08-21,LAD,PIT,5,4,1.0,0.5618259003905112,0.5351,LAD,LAD,1
20260821_SF@BOS,2026-08-21,BOS,SF,6,4,1.0,0.5791999026903978,0.5449,BOS,BOS,1
20260821_STL@PHI,2026-08-21,PHI,STL,7,6,1.0,0.5295748035858654,0.5169,PHI,PHI,1
20260821_TB@BAL,2026-08-21,BAL,TB,5,3,1.0,0.5200886089185591,0.5116,BAL,BAL,1
20260821_TOR@NYY,2026-08-21,NYY,TOR,3,1,1.0,0.49559596198052885,0.4979,TOR,NYY,0
20260821_WSH@MIA,2026-08-21,MIA,WSH,3,2,1.0,0.6257865329845085,0.5717,MIA,MIA,1
20260820_ATH@KC,2026-08-20,KC,ATH,6,2,1.0,0.4908941206296952,0.4953,ATH,KC,0
20260820_ATL@CWS,2026-08-20,CWS,ATL,0,2,0.0,0.46649501847367447,0.4816,ATL,ATL,1
20260820_LAA@HOU,2026-08-20,HOU,LAA,3,18,0.0,0.5970618832192482,0.5551,HOU,LAA,0
20260820_NYY@BAL,2026-08-20,BAL,NYY,1,6,0.0,0.481200608530822,0.4899,NYY,NYY,1
20260820_SEA@MIL,2026-08-20,MIL,SEA,7,4,1.0,0.6627167720834575,0.5937,MIL,MIL,1
20260820_SF@CLE,2026-08-20,CLE,SF,5,2,1.0,0.5760957769499849,0.5432,CLE,CLE,1
20260820_STL@CIN,2026-08-20,CIN,STL,9,10,0.0,0.5379934692896842,0.5217,CIN,STL,0
20260820_TOR@TB,2026-08-20,TB,TOR,1,5,0.0,0.4860268740781224,0.4926,TOR,TOR,1
20260820_WSH@TEX,2026-08-20,TEX,WSH,2,0,1.0,0.5704684636502618,0.54,TEX,TEX,1
20260819_ATH@KC,2026-08-19,KC,ATH,9,7,1.0,0.5033445052449484,0.5023,KC,KC,1
20260819_ATL@MIN,2026-08-19,MIN,ATL,6,4,1.0,0.5112370545035554,0.5067,MIN,MIN,1
20260819_AZ@BOS,2026-08-19,BOS,AZ,6,7,0.0,0.4556794002057944,0.4756,AZ,AZ,1
20260819_CWS@CHC,2026-08-19,CHC,CWS,0,3,0.0,0.609518759036387,0.5623,CHC,CWS,0
20260819_DET@PIT,2026-08-19,PIT,DET,4,3,1.0,0.5329728089210881,0.5188,PIT,PIT,1
20260819_LAA@HOU,2026-08-19,HOU,LAA,3,2,1.0,0.5398032640685144,0.5227,HOU,HOU,1
20260819_LAD@COL,2026-08-19,COL,LAD,4,6,0.0,0.324020219126649,0.399,LAD,LAD,1
20260819_MIA@PHI,2026-08-19,PHI,MIA,4,1,1.0,0.5311353619556455,0.5178,PHI,PHI,1
20260819_NYY@BAL,2026-08-19,BAL,NYY,3,5,0.0,0.5011345025884961,0.501,BAL,NYY,0
20260819_SD@NYM,2026-08-19,NYM,SD,4,2,1.0,0.5724783434898784,0.5411,NYM,NYM,1
20260819_SEA@MIL,2026-08-19,MIL,SEA,5,7,0.0,0.648172989235074,0.5849,MIL,SEA,0
20260819_SF@CLE,2026-08-19,CLE,SF,0,1,0.0,0.5121989631573032,0.5072,CLE,SF,0
20260819_STL@CIN,2026-08-19,CIN,STL,5,4,1.0,0.4838887004747007,0.4914,STL,CIN,0
20260819_TOR@TB,2026-08-19,TB,TOR,7,6,1.0,0.5550805305972403,0.5313,TB,TB,1
20260819_WSH@TEX,2026-08-19,TEX,WSH,0,6,0.0,0.5193068836554724,0.5112,TEX,WSH,0
20260818_ATH@KC,2026-08-18,KC,ATH,4,3,1.0,0.4749792641121568,0.4864,ATH,KC,0
20260818_ATL@MIN,2026-08-18,MIN,ATL,4,1,1.0,0.4241943515666261,0.4578,ATL,MIN,0
20260818_AZ@BOS,2026-08-18,BOS,AZ,9,4,1.0,0.553493810465529,0.5304,BOS,BOS,1
20260818_CWS@CHC,2026-08-18,CHC,CWS,4,3,1.0,0.5600062781884005,0.534,CHC,CHC,1
20260818_DET@PIT,2026-08-18,PIT,DET,4,1,1.0,0.5637969977002003,0.5362,PIT,PIT,1
20260818_LAA@HOU,2026-08-18,HOU,LAA,1,3,0.0,0.541157107809397,0.5234,HOU,LAA,0
20260818_LAD@COL,2026-08-18,COL,LAD,6,7,0.0,0.398869431272713,0.4433,LAD,LAD,1
20260818_MIA@PHI,2026-08-18,PHI,MIA,6,4,1.0,0.6209341513487411,0.5689,PHI,PHI,1
20260818_NYY@BAL,2026-08-18,BAL,NYY,1,3,0.0,0.4327346073386731,0.4626,NYY,NYY,1
20260818_SD@NYM,2026-08-18,NYM,SD,2,5,0.0,0.4956772064868135,0.498,SD,SD,1
20260818_SEA@MIL,2026-08-18,MIL,SEA,22,0,1.0,0.6446665322744487,0.5829,MIL,MIL,1
20260818_SF@CLE,2026-08-18,CLE,SF,8,1,1.0,0.4723080678185479,0.4849,SF,CLE,0
20260818_STL@CIN,2026-08-18,CIN,STL,0,3,0.0,0.4628327306391634,0.4796,STL,STL,1
20260818_TOR@TB,2026-08-18,TB,TOR,5,10,0.0,0.5136039145271514,0.508,TB,TOR,0
20260818_WSH@TEX,2026-08-18,TEX,WSH,5,0,1.0,0.5225876701633714,0.513,TEX,TEX,1
20260817_ATH@KC,2026-08-17,KC,ATH,9,5,1.0,0.5363557625300358,0.5207,KC,KC,1
20260817_ATL@MIN,2026-08-17,MIN,ATL,4,2,1.0,0.42630309348607454,0.459,ATL,MIN,0
20260817_AZ@BOS,2026-08-17,BOS,AZ,11,1,1.0,0.5638363261322742,0.5362,BOS,BOS,1
20260817_BAL@TB,2026-08-17,TB,BAL,7,6,1.0,0.550366406160223,0.5286,TB,TB,1
20260817_CWS@CHC,2026-08-17,CHC,CWS,7,5,1.0,0.6097263484379591,0.5624,CHC,CHC,1
20260817_DET@PIT,2026-08-17,PIT,DET,5,8,0.0,0.5504771807616385,0.5287,PIT,DET,0
20260817_LAD@COL,2026-08-17,COL,LAD,5,11,0.0,0.3750933372818582,0.4295,LAD,LAD,1
20260817_MIA@PHI,2026-08-17,PHI,MIA,6,5,1.0,0.6368539148734055,0.5782,PHI,PHI,1
20260817_SD@NYM,2026-08-17,NYM,SD,2,1,1.0,0.5077278487988494,0.5047,NYM,NYM,1
20260817_STL@CIN,2026-08-17,CIN,STL,6,5,1.0,0.48247262227462107,0.4906,STL,CIN,0
20260817_STL@CIN,2026-08-17,CIN,STL,1,2,0.0,0.5164444438807717,0.5096,CIN,STL,0
20260816_AZ@ATL,2026-08-16,ATL,AZ,5,3,1.0,0.5926375792563046,0.5529,ATL,ATL,1
20260816_BAL@TB,2026-08-16,TB,BAL,2,10,0.0,0.5690734336566564,0.5396,TB,BAL,0
20260816_BOS@PIT,2026-08-16,PIT,BOS,8,3,1.0,0.5385165651661638,0.5226,PIT,PIT,1
20260816_COL@SF,2026-08-16,SF,COL,7,13,0.0,0.5487083442403126,0.5282,SF,COL,0
20260816_CWS@DET,2026-08-16,DET,CWS,5,7,0.0,0.5498487526834758,0.5289,DET,CWS,0
20260816_KC@LAA,2026-08-16,LAA,KC,0,3,0.0,0.46512199103677554,0.4819,KC,KC,1
20260816_MIA@CIN,2026-08-16,CIN,MIA,1,7,0.0,0.4945399623073402,0.4982,MIA,MIA,1
20260816_MIL@LAD,2026-08-16,LAD,MIL,2,6,0.0,0.5112898321638694,0.5075,LAD,MIL,0
20260816_NYY@TOR,2026-08-16,TOR,NYY,3,4,0.0,0.5516503728089481,0.5299,TOR,NYY,0
20260816_PHI@MIN,2026-08-16,MIN,PHI,5,7,0.0,0.46999447862426974,0.4846,PHI,PHI,1
20260816_SD@CLE,2026-08-16,CLE,SD,0,5,0.0,0.39273275305519517,0.4412,SD,SD,1
20260816_SEA@HOU,2026-08-16,HOU,SEA,2,3,0.0,0.5603271666151688,0.5347,HOU,SEA,0
20260816_STL@CHC,2026-08-16,CHC,STL,4,11,0.0,0.5275814644615274,0.5165,CHC,STL,0
20260816_TEX@ATH,2026-08-16,ATH,TEX,5,2,1.0,0.3524520080792768,0.4179,TEX,ATH,0
20260816_WSH@NYM,2026-08-16,NYM,WSH,4,3,1.0,0.5142521877771719,0.5091,NYM,NYM,1
20260815_AZ@ATL,2026-08-15,ATL,AZ,3,10,0.0,0.5923878568469995,0.5527,ATL,AZ,0
20260815_BAL@TB,2026-08-15,TB,BAL,3,4,0.0,0.6066808591542541,0.5609,TB,BAL,0
20260815_BOS@PIT,2026-08-15,PIT,BOS,0,4,0.0,0.49706730261260956,0.4996,BOS,BOS,1
20260815_COL@SF,2026-08-15,SF,COL,7,1,1.0,0.6060956837285019,0.5605,SF,SF,1
20260815_CWS@DET,2026-08-15,DET,CWS,3,4,0.0,0.5474670073429742,0.5275,DET,CWS,0
20260815_KC@LAA,2026-08-15,LAA,KC,1,0,1.0,0.4229985642298807,0.4584,KC,LAA,0
20260815_MIA@CIN,2026-08-15,CIN,MIA,4,8,0.0,0.5763459447053011,0.5437,CIN,MIA,0
20260815_MIL@LAD,2026-08-15,LAD,MIL,1,4,0.0,0.3747563958097845,0.4309,MIL,MIL,1
20260815_NYY@TOR,2026-08-15,TOR,NYY,4,1,1.0,0.46780989978543813,0.4834,NYY,TOR,0
20260815_PHI@MIN,2026-08-15,MIN,PHI,1,9,0.0,0.44102674527364893,0.4685,PHI,PHI,1
20260815_SD@CLE,2026-08-15,CLE,SD,6,1,1.0,0.42329435588984116,0.4586,SD,CLE,0
20260815_SEA@HOU,2026-08-15,HOU,SEA,5,10,0.0,0.5866258191543308,0.5495,HOU,SEA,0
20260815_STL@CHC,2026-08-15,CHC,STL,4,8,0.0,0.6699358522312092,0.5979,CHC,STL,0
20260815_TEX@ATH,2026-08-15,ATH,TEX,3,5,0.0,0.3895530563235643,0.4394,TEX,TEX,1
20260815_WSH@NYM,2026-08-15,NYM,WSH,5,4,1.0,0.5432010226851717,0.5252,NYM,NYM,1
20260814_AZ@ATL,2026-08-14,ATL,AZ,0,2,0.0,0.5710344587135143,0.5407,ATL,AZ,0
20260814_BAL@TB,2026-08-14,TB,BAL,5,6,0.0,0.7419456374816531,0.6432,TB,BAL,0
20260814_BOS@PIT,2026-08-14,PIT,BOS,8,4,1.0,0.5001524607443408,0.5013,PIT,PIT,1
20260814_COL@SF,2026-08-14,SF,COL,2,5,0.0,0.5468726353586097,0.5272,SF,COL,0
20260814_CWS@DET,2026-08-14,DET,CWS,5,9,0.0,0.4929417449896577,0.4973,CWS,CWS,1
20260814_KC@LAA,2026-08-14,LAA,KC,6,7,0.0,0.39353041130117467,0.4417,KC,KC,1
20260814_MIA@CIN,2026-08-14,CIN,MIA,1,0,1.0,0.6070900875407585,0.5611,CIN,CIN,1
20260814_MIL@LAD,2026-08-14,LAD,MIL,3,1,1.0,0.46623895755939515,0.4825,MIL,LAD,0
20260814_NYY@TOR,2026-08-14,TOR,NYY,3,1,1.0,0.42825804295702163,0.4613,NYY,TOR,0
20260814_SD@CLE,2026-08-14,CLE,SD,5,7,0.0,0.45114705356022045,0.4741,SD,SD,1
20260814_SEA@HOU,2026-08-14,HOU,SEA,10,7,1.0,0.6425101816217034,0.5816,HOU,HOU,1
20260814_STL@CHC,2026-08-14,CHC,STL,3,0,1.0,0.5948739704036071,0.5542,CHC,CHC,1
20260814_TEX@ATH,2026-08-14,ATH,TEX,8,3,1.0,0.46912986900778325,0.4841,TEX,ATH,0
20260814_WSH@NYM,2026-08-14,NYM,WSH,4,1,1.0,0.5645327819172112,0.5371,NYM,NYM,1
20260813_BOS@TOR,2026-08-13,TOR,BOS,0,7,0.0,0.35349818661116283,0.4185,BOS,BOS,1
20260813_CHC@WSH,2026-08-13,WSH,CHC,7,0,1.0,0.43396617444174057,0.4646,CHC,WSH,0
20260813_CIN@CWS,2026-08-13,CWS,CIN,8,9,0.0,0.41562725827981206,0.4542,CIN,CIN,1
20260813_CLE@DET,2026-08-13,DET,CLE,3,0,1.0,0.4463704744486013,0.4715,CLE,DET,0
20260813_MIL@LAD,2026-08-13,LAD,MIL,4,5,0.0,0.4525734598639247,0.4749,MIL,MIL,1
20260813_PHI@MIN,2026-08-13,MIN,PHI,1,7,0.0,0.49266016961713227,0.4972,PHI,PHI,1
20260813_PIT@MIA,2026-08-13,MIA,PIT,1,13,0.0,0.5801729787529472,0.5458,MIA,PIT,0
20260813_SEA@NYY,2026-08-13,NYY,SEA,0,1,0.0,0.548685317863794,0.5282,NYY,SEA,0
20260813_TEX@LAA,2026-08-13,LAA,TEX,7,0,1.0,0.49943900439580174,0.5009,TEX,LAA,0
20260812_BAL@MIN,2026-08-12,MIN,BAL,7,5,1.0,0.5437189829327109,0.5255,MIN,MIN,1
20260812_BOS@TOR,2026-08-12,TOR,BOS,6,4,1.0,0.4882395108117372,0.4947,BOS,TOR,0
20260812_CHC@WSH,2026-08-12,WSH,CHC,6,12,0.0,0.45323120260910105,0.4753,CHC,CHC,1
20260812_CIN@CWS,2026-08-12,CWS,CIN,5,0,1.0,0.5072175051258776,0.5052,CWS,CWS,1
20260812_CLE@DET,2026-08-12,DET,CLE,4,6,0.0,0.42778769883720674,0.4611,CLE,CLE,1
20260812_COL@AZ,2026-08-12,AZ,COL,4,6,0.0,0.6232521400586746,0.5704,AZ,COL,0
20260812_HOU@SF,2026-08-12,SF,HOU,1,2,0.0,0.40894897774566014,0.4505,HOU,HOU,1
20260812_KC@LAD,2026-08-12,LAD,KC,4,2,1.0,0.5908940276883012,0.5519,LAD,LAD,1
20260812_MIL@SD,2026-08-12,SD,MIL,4,3,1.0,0.48213122175405526,0.4913,MIL,SD,0
20260812_NYM@ATL,2026-08-12,ATL,NYM,6,3,1.0,0.5647080410703988,0.5372,ATL,ATL,1
20260812_PHI@STL,2026-08-12,STL,PHI,7,1,1.0,0.46433491364183277,0.4815,PHI,STL,0
20260812_PIT@MIA,2026-08-12,MIA,PIT,8,2,1.0,0.5930963259006568,0.5531,MIA,MIA,1
20260812_SEA@NYY,2026-08-12,NYY,SEA,10,5,1.0,0.5466662169122023,0.5271,NYY,NYY,1
20260812_TB@ATH,2026-08-12,ATH,TB,4,8,0.0,0.40369734644414357,0.4475,TB,TB,1
20260812_TEX@LAA,2026-08-12,LAA,TEX,5,2,1.0,0.4986063145626063,0.5005,TEX,LAA,0
20260811_BAL@MIN,2026-08-11,MIN,BAL,2,5,0.0,0.49195963076808236,0.4968,BAL,BAL,1
20260811_BOS@TOR,2026-08-11,TOR,BOS,5,3,1.0,0.557947172822199,0.5334,TOR,TOR,1
20260811_CHC@WSH,2026-08-11,WSH,CHC,6,8,0.0,0.4891237747871278,0.4952,CHC,CHC,1
20260811_CIN@CWS,2026-08-11,CWS,CIN,4,5,0.0,0.5227741282084849,0.5138,CWS,CIN,0
20260811_CLE@DET,2026-08-11,DET,CLE,6,4,1.0,0.45549234902112046,0.4766,CLE,DET,0
20260811_COL@AZ,2026-08-11,AZ,COL,2,3,0.0,0.6392743941488845,0.5797,AZ,COL,0
20260811_HOU@SF,2026-08-11,SF,HOU,4,1,1.0,0.5754540340503095,0.5432,SF,SF,1
20260811_KC@LAD,2026-08-11,LAD,KC,5,4,1.0,0.5686405016286891,0.5394,LAD,LAD,1
20260811_MIL@SD,2026-08-11,SD,MIL,11,2,1.0,0.4933317448002746,0.4975,MIL,SD,0
20260811_NYM@ATL,2026-08-11,ATL,NYM,4,0,1.0,0.5401002185080261,0.5235,ATL,ATL,1
20260811_PHI@STL,2026-08-11,STL,PHI,2,0,1.0,0.41736695416770137,0.4552,PHI,STL,0
20260811_PIT@MIA,2026-08-11,MIA,PIT,2,0,1.0,0.5798973524867078,0.5457,MIA,MIA,1
20260811_SEA@NYY,2026-08-11,NYY,SEA,4,1,1.0,0.6247558538425338,0.5713,NYY,NYY,1
20260811_TB@ATH,2026-08-11,ATH,TB,4,12,0.0,0.33913438778001204,0.41,TB,TB,1
20260811_TEX@LAA,2026-08-11,LAA,TEX,3,2,1.0,0.5215145895731523,0.5131,LAA,LAA,1
20260810_BAL@MIN,2026-08-10,MIN,BAL,9,5,1.0,0.5102852124959807,0.5069,MIN,MIN,1
20260810_BOS@TOR,2026-08-10,TOR,BOS,2,1,1.0,0.5290496409720953,0.5173,TOR,TOR,1
20260810_COL@AZ,2026-08-10,AZ,COL,9,0,1.0,0.606899837792534,0.561,AZ,AZ,1
20260810_HOU@SF,2026-08-10,SF,HOU,3,6,0.0,0.5456458459232421,0.5265,SF,HOU,0
20260810_KC@LAD,2026-08-10,LAD,KC,6,5,1.0,0.5723335817642459,0.5414,LAD,LAD,1
20260810_MIL@SD,2026-08-10,SD,MIL,3,2,1.0,0.5212051423283058,0.513,SD,SD,1
20260810_NYM@ATL,2026-08-10,ATL,NYM,5,8,0.0,0.49325983922110944,0.4975,NYM,NYM,1
20260810_PHI@STL,2026-08-10,STL,PHI,5,6,0.0,0.5001102657791145,0.5013,STL,PHI,0
20260810_TB@ATH,2026-08-10,ATH,TB,6,10,0.0,0.35917220012438433,0.4218,TB,TB,1
20260810_TEX@LAA,2026-08-10,LAA,TEX,1,4,0.0,0.5089603253877495,0.5062,LAA,TEX,0
20260809_ATH@BOS,2026-08-09,BOS,ATH,3,4,0.0,0.6135298947272538,0.5645,BOS,ATH,0
20260809_ATL@NYY,2026-08-09,NYY,ATL,1,2,0.0,0.5382027510431888,0.521,NYY,ATL,0
20260809_BAL@TEX,2026-08-09,TEX,BAL,5,10,0.0,0.49644944923346745,0.4973,BAL,BAL,1
20260809_CHC@KC,2026-08-09,KC,CHC,2,10,0.0,0.46590116359583633,0.48,CHC,CHC,1
20260809_CIN@WSH,2026-08-09,WSH,CIN,7,1,1.0,0.5468929606274073,0.526,WSH,WSH,1
20260809_CLE@CWS,2026-08-09,CWS,CLE,5,3,1.0,0.5169739855641466,0.509,CWS,CWS,1
20260809_COL@STL,2026-08-09,STL,COL,7,4,1.0,0.590426179345207,0.551,STL,STL,1
20260809_DET@SF,2026-08-09,SF,DET,1,3,0.0,0.5812961881563462,0.5457,SF,DET,0
20260809_HOU@SD,2026-08-09,SD,HOU,7,2,1.0,0.5220994021211509,0.5119,SD,SD,1
20260809_LAA@MIA,2026-08-09,MIA,LAA,12,3,1.0,0.5617979855256325,0.5345,MIA,MIA,1
20260809_LAD@AZ,2026-08-09,AZ,LAD,4,2,1.0,0.49871485003831423,0.4986,LAD,AZ,0
20260809_MIN@MIL,2026-08-09,MIL,MIN,4,3,1.0,0.6094576476177479,0.5621,MIL,MIL,1
20260809_NYM@PIT,2026-08-09,PIT,NYM,1,11,0.0,0.6349106641418643,0.5772,PIT,NYM,0
20260809_TB@SEA,2026-08-09,SEA,TB,1,4,0.0,0.5031227724328718,0.5011,SEA,TB,0
20260809_TOR@PHI,2026-08-09,PHI,TOR,7,6,1.0,0.6070325381805433,0.5607,PHI,PHI,1
20260808_ATH@BOS,2026-08-08,BOS,ATH,3,7,0.0,0.5889071322787218,0.5501,BOS,ATH,0
20260808_ATL@NYY,2026-08-08,NYY,ATL,5,4,1.0,0.40883228995678783,0.4472,ATL,NYY,0
20260808_BAL@TEX,2026-08-08,TEX,BAL,5,1,1.0,0.5266235277324636,0.5144,TEX,TEX,1
20260808_CHC@KC,2026-08-08,KC,CHC,6,3,1.0,0.39312180883304815,0.4381,CHC,KC,0
20260808_CIN@WSH,2026-08-08,WSH,CIN,8,2,1.0,0.4461514530024847,0.4687,CIN,WSH,0
20260808_CLE@CWS,2026-08-08,CWS,CLE,6,3,1.0,0.5500133245278064,0.5278,CWS,CWS,1
20260808_COL@STL,2026-08-08,STL,COL,6,8,0.0,0.5926741637027223,0.5523,STL,COL,0
20260808_DET@SF,2026-08-08,SF,DET,0,8,0.0,0.5373406005091773,0.5205,SF,DET,0
20260808_HOU@SD,2026-08-08,SD,HOU,3,2,1.0,0.5744263843016432,0.5418,SD,SD,1
20260808_LAA@MIA,2026-08-08,MIA,LAA,7,0,1.0,0.5336912530321749,0.5185,MIA,MIA,1
20260808_LAD@AZ,2026-08-08,AZ,LAD,1,2,0.0,0.47522349935410424,0.4853,LAD,LAD,1
20260808_MIN@MIL,2026-08-08,MIL,MIN,4,3,1.0,0.559282060111107,0.5331,MIL,MIL,1
20260808_NYM@PIT,2026-08-08,PIT,NYM,9,0,1.0,0.5718378663489587,0.5403,PIT,PIT,1
20260808_TB@SEA,2026-08-08,SEA,TB,2,3,0.0,0.5995655743622812,0.5563,SEA,TB,0
20260808_TOR@PHI,2026-08-08,PHI,TOR,5,7,0.0,0.6046861345423188,0.5593,PHI,TOR,0
20260807_ATH@BOS,2026-08-07,BOS,ATH,13,1,1.0,0.6563307899699562,0.5901,BOS,BOS,1
20260807_ATL@NYY,2026-08-07,NYY,ATL,3,2,1.0,0.5472563706104902,0.5262,NYY,NYY,1
20260807_BAL@TEX,2026-08-07,TEX,BAL,2,1,1.0,0.530569014445982,0.5167,TEX,TEX,1
20260807_CHC@KC,2026-08-07,KC,CHC,4,6,0.0,0.4972266725812885,0.4978,CHC,CHC,1
20260807_CIN@WSH,2026-08-07,WSH,CIN,5,3,1.0,0.5018208214968576,0.5004,WSH,WSH,1
20260807_CLE@CWS,2026-08-07,CWS,CLE,2,8,0.0,0.5377875269656585,0.5208,CWS,CLE,0
20260807_COL@STL,2026-08-07,STL,COL,3,2,1.0,0.6071475600218709,0.5607,STL,STL,1
20260807_DET@SF,2026-08-07,SF,DET,5,2,1.0,0.5113504128212724,0.5058,SF,SF,1
20260807_HOU@SD,2026-08-07,SD,HOU,3,6,0.0,0.4809045035162533,0.4885,HOU,HOU,1
20260807_LAA@MIA,2026-08-07,MIA,LAA,3,4,0.0,0.5552982183553467,0.5308,MIA,LAA,0
20260807_LAD@AZ,2026-08-07,AZ,LAD,4,3,1.0,0.41343572782836285,0.4499,LAD,AZ,0
20260807_MIN@MIL,2026-08-07,MIL,MIN,6,8,0.0,0.629232560463367,0.5738,MIL,MIN,0
20260807_NYM@PIT,2026-08-07,PIT,NYM,4,6,0.0,0.5757304929296627,0.5425,PIT,NYM,0
20260807_TB@SEA,2026-08-07,SEA,TB,1,2,0.0,0.5668002355735785,0.5374,SEA,TB,0
20260807_TOR@PHI,2026-08-07,PHI,TOR,4,5,0.0,0.46786234761758644,0.4811,TOR,TOR,1
20260806_ATH@CIN,2026-08-06,CIN,ATH,6,5,1.0,0.58780843475082,0.5495,CIN,CIN,1
20260806_CWS@BOS,2026-08-06,BOS,CWS,12,11,1.0,0.5405526473656245,0.5224,BOS,BOS,1
20260806_DET@SEA,2026-08-06,SEA,DET,0,11,0.0,0.5988920419153285,0.5559,SEA,DET,0
20260806_LAA@BAL,2026-08-06,BAL,LAA,1,4,0.0,0.6145132871887901,0.5651,BAL,LAA,0
20260806_MIA@ATL,2026-08-06,ATL,MIA,11,3,1.0,0.5412332428600805,0.5228,ATL,ATL,1
20260806_MIN@KC,2026-08-06,KC,MIN,3,4,0.0,0.5399260646199074,0.522,KC,MIN,0
20260806_NYM@CLE,2026-08-06,CLE,NYM,6,13,0.0,0.5215176278626963,0.5115,CLE,NYM,0
20260806_PIT@MIL,2026-08-06,MIL,PIT,5,2,1.0,0.6338585314768369,0.5765,MIL,MIL,1
20260806_SD@AZ,2026-08-06,AZ,SD,1,5,0.0,0.49164971203589014,0.4946,SD,SD,1
20260806_TOR@CHC,2026-08-06,CHC,TOR,3,2,1.0,0.4426510767003827,0.4667,TOR,CHC,0
20260806_WSH@PHI,2026-08-06,PHI,WSH,7,3,1.0,0.5740216909856793,0.5415,PHI,PHI,1
20260805_ATH@CIN,2026-08-05,CIN,ATH,3,2,1.0,0.495631396487312,0.4969,ATH,CIN,0
20260805_CWS@BOS,2026-08-05,BOS,CWS,4,0,1.0,0.5110979827859086,0.5056,BOS,BOS,1
20260805_DET@SEA,2026-08-05,SEA,DET,4,2,1.0,0.6255844439745838,0.5716,SEA,SEA,1
20260805_LAA@BAL,2026-08-05,BAL,LAA,5,2,1.0,0.5793031335712835,0.5446,BAL,BAL,1
20260805_LAD@CHC,2026-08-05,CHC,LAD,7,6,1.0,0.4791618857586802,0.4875,LAD,CHC,0
20260805_MIA@ATL,2026-08-05,ATL,MIA,4,1,1.0,0.47433573484144415,0.4848,MIA,ATL,0
20260805_MIN@KC,2026-08-05,KC,MIN,2,1,1.0,0.5176645602698082,0.5094,KC,KC,1
20260805_NYM@CLE,2026-08-05,CLE,NYM,5,6,0.0,0.4894103068191188,0.4933,NYM,NYM,1
20260805_PIT@MIL,2026-08-05,MIL,PIT,4,2,1.0,0.6056619029443152,0.5599,MIL,MIL,1
20260805_SD@AZ,2026-08-05,AZ,SD,10,4,1.0,0.4849021011988178,0.4908,SD,AZ,0
20260805_SF@TEX,2026-08-05,TEX,SF,6,0,1.0,0.5252824149207609,0.5137,TEX,TEX,1
20260805_STL@NYY,2026-08-05,NYY,STL,1,3,0.0,0.5978968649239935,0.5553,NYY,STL,0
20260805_TB@COL,2026-08-05,COL,TB,0,4,0.0,0.39733334728244707,0.4406,TB,TB,1
20260805_TOR@HOU,2026-08-05,HOU,TOR,4,5,0.0,0.7029917019519781,0.6191,HOU,TOR,0
20260805_WSH@PHI,2026-08-05,PHI,WSH,4,10,0.0,0.5167655555966765,0.5088,PHI,WSH,0
20260804_ATH@CIN,2026-08-04,CIN,ATH,5,4,1.0,0.6241196648711552,0.5707,CIN,CIN,1
20260804_CWS@BOS,2026-08-04,BOS,CWS,14,2,1.0,0.5974411987246725,0.5551,BOS,BOS,1
20260804_DET@SEA,2026-08-04,SEA,DET,0,8,0.0,0.6208145876211006,0.5688,SEA,DET,0
20260804_LAA@BAL,2026-08-04,BAL,LAA,3,1,1.0,0.6007723980702326,0.557,BAL,BAL,1
20260804_LAD@CHC,2026-08-04,CHC,LAD,5,1,1.0,0.4284112006204312,0.4586,LAD,CHC,0
20260804_MIA@ATL,2026-08-04,ATL,MIA,4,2,1.0,0.551087465546035,0.5284,ATL,ATL,1
20260804_MIN@KC,2026-08-04,KC,MIN,8,2,1.0,0.5449934798959706,0.5249,KC,KC,1
20260804_NYM@CLE,2026-08-04,CLE,NYM,2,6,0.0,0.6099228404680433,0.5624,CLE,NYM,0
20260804_PIT@MIL,2026-08-04,MIL,PIT,4,2,1.0,0.579127762776276,0.5445,MIL,MIL,1
20260804_SD@AZ,2026-08-04,AZ,SD,4,9,0.0,0.46272882293040896,0.4782,SD,SD,1
20260804_SF@TEX,2026-08-04,TEX,SF,5,4,1.0,0.569908165895368,0.5392,TEX,TEX,1
20260804_STL@NYY,2026-08-04,NYY,STL,2,0,1.0,0.590617958083906,0.5511,NYY,NYY,1
20260804_TB@COL,2026-08-04,COL,TB,7,9,0.0,0.3931404603362194,0.4381,TB,TB,1
20260804_TOR@HOU,2026-08-04,HOU,TOR,7,2,1.0,0.5293018409802437,0.516,HOU,HOU,1
20260804_WSH@PHI,2026-08-04,PHI,WSH,5,0,1.0,0.610407428712064,0.5627,PHI,PHI,1
20260803_LAD@CHC,2026-08-03,CHC,LAD,10,5,1.0,0.5346120981811642,0.519,CHC,CHC,1
20260803_PIT@MIL,2026-08-03,MIL,PIT,3,4,0.0,0.5788960369012454,0.5443,MIL,PIT,0
20260803_SD@AZ,2026-08-03,AZ,SD,5,1,1.0,0.47813826214318395,0.4869,SD,AZ,0
20260803_SF@TEX,2026-08-03,TEX,SF,1,5,0.0,0.5872235032599378,0.5491,TEX,SF,0
20260803_STL@NYY,2026-08-03,NYY,STL,7,13,0.0,0.579512734594449,0.5447,NYY,STL,0
20260803_TB@COL,2026-08-03,COL,TB,9,13,0.0,0.4498032187870625,0.4708,TB,TB,1
20260803_TOR@HOU,2026-08-03,HOU,TOR,1,3,0.0,0.6083249791904727,0.5614,HOU,TOR,0
20260803_WSH@PHI,2026-08-03,PHI,WSH,6,3,1.0,0.5354091012875525,0.5194,PHI,PHI,1
20260802_AZ@CLE,2026-08-02,CLE,AZ,5,0,1.0,0.6013984808201958,0.5581,CLE,CLE,1
20260802_BOS@LAD,2026-08-02,LAD,BOS,4,8,0.0,0.5213330276262867,0.5113,LAD,BOS,0
20260802_CWS@TB,2026-08-02,TB,CWS,1,9,0.0,0.5648382435607209,0.5365,TB,CWS,0
20260802_DET@ATH,2026-08-02,ATH,DET,0,11,0.0,0.5613780941710037,0.5345,ATH,DET,0
20260802_KC@COL,2026-08-02,COL,KC,8,1,1.0,0.5725678307306659,0.5411,COL,COL,1
20260802_MIA@NYM,2026-08-02,NYM,MIA,0,2,0.0,0.559995674560778,0.5337,NYM,MIA,0
20260802_MIL@LAA,2026-08-02,LAA,MIL,3,0,1.0,0.3405326740076864,0.4047,MIL,LAA,0
20260802_MIN@SEA,2026-08-02,SEA,MIN,7,6,1.0,0.5330227666215532,0.518,SEA,SEA,1
20260802_NYY@CHC,2026-08-02,CHC,NYY,1,2,0.0,0.4683033044056196,0.4806,NYY,NYY,1
20260802_PHI@BAL,2026-08-02,BAL,PHI,0,8,0.0,0.41996494944770124,0.4524,PHI,PHI,1
20260802_PIT@CIN,2026-08-02,CIN,PIT,10,2,1.0,0.654341184511789,0.5901,CIN,CIN,1
20260802_SF@SD,2026-08-02,SD,SF,5,4,1.0,0.5907703436251464,0.5518,SD,SD,1
20260802_STL@TOR,2026-08-02,TOR,STL,1,5,0.0,0.4697891138820904,0.4815,STL,STL,1
20260802_TEX@HOU,2026-08-02,HOU,TEX,7,3,1.0,0.6218758560766678,0.5703,HOU,HOU,1
20260802_WSH@ATL,2026-08-02,ATL,WSH,4,2,1.0,0.44591915670197135,0.4676,WSH,ATL,0
20260801_AZ@CLE,2026-08-01,CLE,AZ,8,12,0.0,0.6520232742140648,0.5887,CLE,AZ,0
20260801_BOS@LAD,2026-08-01,LAD,BOS,2,3,0.0,0.5683910920230022,0.5386,LAD,BOS,0
20260801_CWS@TB,2026-08-01,TB,CWS,1,0,1.0,0.6134638328699177,0.5653,TB,TB,1
20260801_DET@ATH,2026-08-01,ATH,DET,6,8,0.0,0.5447780902200083,0.5248,ATH,DET,0
20260801_KC@COL,2026-08-01,COL,KC,12,6,1.0,0.486599888285665,0.4912,KC,COL,0
20260801_MIA@NYM,2026-08-01,NYM,MIA,2,6,0.0,0.5929737380232674,0.5531,NYM,MIA,0
20260801_MIL@LAA,2026-08-01,LAA,MIL,1,3,0.0,0.39793469036146834,0.4394,MIL,MIL,1
20260801_MIN@SEA,2026-08-01,SEA,MIN,4,3,1.0,0.5969028392489837,0.5554,SEA,SEA,1
20260801_NYY@CHC,2026-08-01,CHC,NYY,5,2,1.0,0.49880393099488907,0.4982,NYY,CHC,0
20260801_PHI@BAL,2026-08-01,BAL,PHI,0,5,0.0,0.5522274119951522,0.5292,BAL,PHI,0
20260801_PIT@CIN,2026-08-01,CIN,PIT,1,4,0.0,0.5735763111350507,0.5416,CIN,PIT,0
20260801_SF@SD,2026-08-01,SD,SF,6,5,1.0,0.5711331491720294,0.5402,SD,SD,1
20260801_STL@TOR,2026-08-01,TOR,STL,5,1,1.0,0.5450727243939714,0.525,TOR,TOR,1
20260801_TEX@HOU,2026-08-01,HOU,TEX,5,4,1.0,0.5190564538636427,0.5099,HOU,HOU,1
20260801_WSH@ATL,2026-08-01,ATL,WSH,8,3,1.0,0.47944625762533893,0.4871,WSH,ATL,0
20260731_AZ@CLE,2026-07-31,CLE,AZ,1,4,0.0,0.540682663035069,0.5225,CLE,AZ,0
20260731_BOS@LAD,2026-07-31,LAD,BOS,4,9,0.0,0.580770976822818,0.5459,LAD,BOS,0
20260731_CWS@TB,2026-07-31,TB,CWS,1,6,0.0,0.6508740099342364,0.588,TB,CWS,0
20260731_DET@ATH,2026-07-31,ATH,DET,1,13,0.0,0.49214977600813287,0.4944,DET,DET,1
20260731_KC@COL,2026-07-31,COL,KC,3,1,1.0,0.5946732693643123,0.5541,COL,COL,1
20260731_MIA@NYM,2026-07-31,NYM,MIA,2,5,0.0,0.5901943740816931,0.5514,NYM,MIA,0
20260731_MIL@LAA,2026-07-31,LAA,MIL,2,6,0.0,0.4332140679811409,0.4602,MIL,MIL,1
20260731_MIN@SEA,2026-07-31,SEA,MIN,3,5,0.0,0.6614614915828159,0.5945,SEA,MIN,0
20260731_NYY@CHC,2026-07-31,CHC,NYY,0,2,0.0,0.6277446185759468,0.5738,CHC,NYY,0
20260731_PHI@BAL,2026-07-31,BAL,PHI,6,4,1.0,0.5872734999249761,0.5497,BAL,BAL,1
20260731_PIT@CIN,2026-07-31,CIN,PIT,8,7,1.0,0.5446600466972075,0.5248,CIN,CIN,1
20260731_SF@SD,2026-07-31,SD,SF,7,0,1.0,0.6033603656009396,0.5592,SD,SD,1
20260731_STL@TOR,2026-07-31,TOR,STL,3,1,1.0,0.5414010836940014,0.5229,TOR,TOR,1
20260731_TEX@HOU,2026-07-31,HOU,TEX,11,2,1.0,0.5761768298917522,0.5432,HOU,HOU,1
20260731_WSH@ATL,2026-07-31,ATL,WSH,6,2,1.0,0.5497630503723928,0.5277,ATL,ATL,1
20260730_BOS@ATH,2026-07-30,ATH,BOS,4,5,0.0,0.46919020440404124,0.4811,BOS,BOS,1
20260730_CHC@STL,2026-07-30,STL,CHC,2,4,0.0,0.5780395591532483,0.5443,STL,CHC,0
20260730_KC@MIN,2026-07-30,MIN,KC,4,3,1.0,0.5148976705083173,0.5075,MIN,MIN,1
20260730_MIA@NYM,2026-07-30,NYM,MIA,4,2,1.0,0.5286517176608939,0.5155,NYM,NYM,1
20260730_NYY@CWS,2026-07-30,CWS,NYY,2,1,1.0,0.48318091770375415,0.4892,NYY,CWS,0
20260730_PIT@CIN,2026-07-30,CIN,PIT,3,2,1.0,0.4772569728950142,0.4858,PIT,CIN,0
20260730_SEA@LAD,2026-07-30,LAD,SEA,6,2,1.0,0.5917913911755698,0.5524,LAD,LAD,1
20260730_SF@SD,2026-07-30,SD,SF,1,4,0.0,0.5910400691240952,0.5519,SD,SF,0
20260730_TEX@TB,2026-07-30,TB,TEX,3,2,1.0,0.7027452057832,0.6207,TB,TB,1
20260730_WSH@ATL,2026-07-30,ATL,WSH,5,4,1.0,0.5319614833712139,0.5174,ATL,ATL,1
20260729_ATL@NYM,2026-07-29,NYM,ATL,0,1,0.0,0.4746794870851809,0.4843,ATL,ATL,1
20260729_ATL@NYM,2026-07-29,NYM,ATL,3,2,1.0,0.4918374177234378,0.4942,ATL,NYM,0
20260729_AZ@PIT,2026-07-29,PIT,AZ,0,3,0.0,0.6021986981835568,0.5585,PIT,AZ,0
20260729_BAL@DET,2026-07-29,DET,BAL,9,10,0.0,0.43205109482009535,0.4595,BAL,BAL,1
20260729_BOS@ATH,2026-07-29,ATH,BOS,2,4,0.0,0.3983977730197069,0.4397,BOS,BOS,1
20260729_CHC@STL,2026-07-29,STL,CHC,3,2,1.0,0.578254430003427,0.5444,STL,STL,1
20260729_CLE@CIN,2026-07-29,CIN,CLE,1,6,0.0,0.4894352637106099,0.4928,CLE,CLE,1
20260729_COL@SD,2026-07-29,SD,COL,3,1,1.0,0.6054057136460629,0.5604,SD,SD,1
20260729_HOU@LAA,2026-07-29,LAA,HOU,4,7,0.0,0.600720148865037,0.5577,LAA,HOU,0
20260729_KC@MIN,2026-07-29,MIN,KC,0,4,0.0,0.5165608490431276,0.5085,MIN,KC,0
20260729_MIL@SF,2026-07-29,SF,MIL,16,3,1.0,0.5029383032021969,0.5006,SF,SF,1
20260729_NYY@CWS,2026-07-29,CWS,NYY,6,5,1.0,0.3870831712872117,0.433,NYY,CWS,0
20260729_PHI@MIA,2026-07-29,MIA,PHI,8,6,1.0,0.38319703713280334,0.4306,PHI,MIA,0
20260729_SEA@LAD,2026-07-29,LAD,SEA,4,2,1.0,0.5785188855443113,0.5445,LAD,LAD,1
20260729_TEX@TB,2026-07-29,TB,TEX,3,0,1.0,0.6245641218902921,0.5719,TB,TB,1
20260729_TOR@WSH,2026-07-29,WSH,TOR,2,5,0.0,0.46454651676878483,0.4784,TOR,TOR,1
20260728_AZ@PIT,2026-07-28,PIT,AZ,7,8,0.0,0.4957350415102958,0.4965,AZ,AZ,1
20260728_BAL@DET,2026-07-28,DET,BAL,14,0,1.0,0.5719239667117376,0.5407,DET,DET,1
20260728_BOS@ATH,2026-07-28,ATH,BOS,4,3,1.0,0.39331111635579297,0.4367,BOS,ATH,0
20260728_CHC@STL,2026-07-28,STL,CHC,2,10,0.0,0.5809798861373346,0.546,STL,CHC,0
20260728_CLE@CIN,2026-07-28,CIN,CLE,2,0,1.0,0.4614330568706525,0.4766,CLE,CIN,0
20260728_CLE@CIN,2026-07-28,CIN,CLE,5,6,0.0,0.48965306711009793,0.493,CLE,CLE,1
20260728_COL@SD,2026-07-28,SD,COL,8,7,1.0,0.6062298603998613,0.5609,SD,SD,1
20260728_HOU@LAA,2026-07-28,LAA,HOU,2,3,0.0,0.577208779110681,0.5438,LAA,HOU,0
20260728_KC@MIN,2026-07-28,MIN,KC,3,2,1.0,0.6141392261706224,0.5657,MIN,MIN,1
20260728_MIL@SF,2026-07-28,SF,MIL,2,8,0.0,0.47906583739579883,0.4868,MIL,MIL,1
20260728_NYY@CWS,2026-07-28,CWS,NYY,2,3,0.0,0.5011513275910721,0.4996,CWS,NYY,0
20260728_PHI@MIA,2026-07-28,MIA,PHI,1,0,1.0,0.48068072873898426,0.4878,PHI,MIA,0
20260728_SEA@LAD,2026-07-28,LAD,SEA,6,7,0.0,0.5723296724805886,0.5409,LAD,SEA,0
20260728_TEX@TB,2026-07-28,TB,TEX,1,4,0.0,0.7054659475797538,0.6225,TB,TEX,0
20260728_TOR@WSH,2026-07-28,WSH,TOR,8,6,1.0,0.49491857055438415,0.496,TOR,WSH,0
20260727_ATL@NYM,2026-07-27,NYM,ATL,14,3,1.0,0.5222498750092823,0.5118,NYM,NYM,1
20260727_AZ@PIT,2026-07-27,PIT,AZ,3,2,1.0,0.43479393952873724,0.4611,AZ,PIT,0
20260727_BAL@DET,2026-07-27,DET,BAL,5,8,0.0,0.4617667082453709,0.4768,BAL,BAL,1
20260727_BOS@ATH,2026-07-27,ATH,BOS,2,4,0.0,0.3723681315944569,0.4241,BOS,BOS,1
20260727_CHC@STL,2026-07-27,STL,CHC,3,7,0.0,0.5843124619983482,0.548,STL,CHC,0
20260727_HOU@LAA,2026-07-27,LAA,HOU,4,6,0.0,0.6259748622952434,0.5728,LAA,HOU,0
20260727_MIL@SF,2026-07-27,SF,MIL,3,0,1.0,0.5248224516182065,0.5133,SF,SF,1
20260727_NYY@CWS,2026-07-27,CWS,NYY,5,9,0.0,0.4775390402667453,0.486,NYY,NYY,1
20260727_PHI@MIA,2026-07-27,MIA,PHI,8,7,1.0,0.458456128186727,0.4749,PHI,MIA,0
20260727_SEA@TEX,2026-07-27,TEX,SEA,7,3,1.0,0.5263231441929002,0.5141,TEX,TEX,1
20260727_TOR@WSH,2026-07-27,WSH,TOR,2,3,0.0,0.5449671655518856,0.525,WSH,TOR,0
20260726_ATH@MIN,2026-07-26,MIN,ATH,11,8,1.0,0.5568853172004318,0.532,MIN,MIN,1
20260726_ATL@BAL,2026-07-26,BAL,ATL,2,3,0.0,0.6297638263461568,0.5751,BAL,ATL,0
20260726_AZ@WSH,2026-07-26,WSH,AZ,10,7,1.0,0.47621237871115624,0.4853,AZ,WSH,0
20260726_CHC@PIT,2026-07-26,PIT,CHC,8,7,1.0,0.5497167935312632,0.5278,PIT,PIT,1
20260726_CIN@STL,2026-07-26,STL,CIN,3,5,0.0,0.5405570193366211,0.5225,STL,CIN,0
20260726_CLE@TB,2026-07-26,TB,CLE,1,0,1.0,0.603608169781317,0.5595,TB,TB,1
20260726_COL@MIL,2026-07-26,MIL,COL,11,2,1.0,0.7005291909405675,0.6194,MIL,MIL,1
20260726_HOU@CWS,2026-07-26,CWS,HOU,12,3,1.0,0.4951135946728897,0.4962,HOU,CWS,0
20260726_KC@DET,2026-07-26,DET,KC,4,5,0.0,0.5620953760396592,0.535,DET,KC,0
20260726_LAA@SF,2026-07-26,SF,LAA,3,4,0.0,0.6139770654442357,0.5656,SF,LAA,0
20260726_LAD@NYM,2026-07-26,NYM,LAD,8,3,1.0,0.45217239350177746,0.4714,LAD,NYM,0
20260726_NYY@PHI,2026-07-26,PHI,NYY,11,4,1.0,0.5324399723170804,0.5178,PHI,PHI,1
20260726_SD@MIA,2026-07-26,MIA,SD,3,5,0.0,0.5601853251221794,0.5339,MIA,SD,0
20260726_SEA@TEX,2026-07-26,TEX,SEA,4,6,0.0,0.5045631146793133,0.5017,TEX,SEA,0
20260726_TOR@BOS,2026-07-26,BOS,TOR,6,1,1.0,0.6204125311142689,0.5695,BOS,BOS,1
20260725_ATH@MIN,2026-07-25,MIN,ATH,2,0,1.0,0.5256760612545546,0.5139,MIN,MIN,1
20260725_ATL@BAL,2026-07-25,BAL,ATL,3,2,1.0,0.6401014603190587,0.5814,BAL,BAL,1
20260725_AZ@WSH,2026-07-25,WSH,AZ,5,3,1.0,0.5496731138973157,0.5278,WSH,WSH,1
20260725_CHC@PIT,2026-07-25,PIT,CHC,0,11,0.0,0.535283258886266,0.5194,PIT,CHC,0
20260725_CIN@STL,2026-07-25,STL,CIN,7,0,1.0,0.4661529205566016,0.4795,CIN,STL,0
20260725_CLE@TB,2026-07-25,TB,CLE,3,0,1.0,0.6151715258056014,0.5664,TB,TB,1
20260725_COL@MIL,2026-07-25,MIL,COL,8,5,1.0,0.6081624000464477,0.5622,MIL,MIL,1
20260725_HOU@CWS,2026-07-25,CWS,HOU,1,4,0.0,0.5510023041922354,0.5286,CWS,HOU,0
20260725_KC@DET,2026-07-25,DET,KC,2,3,0.0,0.588537378124269,0.5505,DET,KC,0
20260725_LAA@SF,2026-07-25,SF,LAA,9,2,1.0,0.579411706719866,0.5452,SF,SF,1
20260725_LAD@NYM,2026-07-25,NYM,LAD,3,4,0.0,0.4980163794491596,0.4979,LAD,LAD,1
20260725_NYY@PHI,2026-07-25,PHI,NYY,1,3,0.0,0.4357917922609367,0.4618,NYY,NYY,1
20260725_SD@MIA,2026-07-25,MIA,SD,2,7,0.0,0.5217910153924838,0.5116,MIA,SD,0
20260725_SEA@TEX,2026-07-25,TEX,SEA,7,1,1.0,0.5611090048717757,0.5344,TEX,TEX,1
20260725_TOR@BOS,2026-07-25,BOS,TOR,0,6,0.0,0.5191675338185053,0.5101,BOS,TOR,0
20260724_ATH@MIN,2026-07-24,MIN,ATH,0,2,0.0,0.43182670106097343,0.4595,ATH,ATH,1
20260724_ATL@BAL,2026-07-24,BAL,ATL,6,7,0.0,0.6212528640591886,0.57,BAL,ATL,0
20260724_AZ@WSH,2026-07-24,WSH,AZ,2,3,0.0,0.4308585552412089,0.459,AZ,AZ,1
20260724_CHC@PIT,2026-07-24,PIT,CHC,2,3,0.0,0.45318485935053093,0.472,CHC,CHC,1
20260724_CIN@STL,2026-07-24,STL,CIN,2,4,0.0,0.5195370029689644,0.5103,STL,CIN,0
20260724_CLE@TB,2026-07-24,TB,CLE,11,3,1.0,0.5710529248107719,0.5403,TB,TB,1
20260724_COL@MIL,2026-07-24,MIL,COL,2,5,0.0,0.6822588966582738,0.6076,MIL,COL,0
20260724_HOU@CWS,2026-07-24,CWS,HOU,5,9,0.0,0.5716177941571022,0.5406,CWS,HOU,0
20260724_KC@DET,2026-07-24,DET,KC,2,1,1.0,0.5186674479898553,0.5098,DET,DET,1
20260724_LAA@SF,2026-07-24,SF,LAA,7,6,1.0,0.6041954722409821,0.5598,SF,SF,1
20260724_LAD@NYM,2026-07-24,NYM,LAD,2,4,0.0,0.47860025521018107,0.4867,LAD,LAD,1
20260724_NYY@PHI,2026-07-24,PHI,NYY,0,1,0.0,0.5277757720705544,0.5151,PHI,NYY,0
20260724_SD@MIA,2026-07-24,MIA,SD,2,4,0.0,0.6303394689802871,0.5755,MIA,SD,0
20260724_SEA@TEX,2026-07-24,TEX,SEA,5,4,1.0,0.5571262750690511,0.5321,TEX,TEX,1
20260724_TOR@BOS,2026-07-24,BOS,TOR,6,4,1.0,0.6129613559094486,0.565,BOS,BOS,1
20260723_AZ@STL,2026-07-23,STL,AZ,6,10,0.0,0.5604857894864185,0.5341,STL,AZ,0
20260723_KC@DET,2026-07-23,DET,KC,4,3,1.0,0.5746297176972872,0.5424,DET,DET,1
20260723_MIN@CLE,2026-07-23,CLE,MIN,1,3,0.0,0.643279554937288,0.5834,CLE,MIN,0
20260723_SD@ATL,2026-07-23,ATL,SD,6,5,1.0,0.5029934480297484,0.5008,ATL,ATL,1
20260723_TB@TOR,2026-07-23,TOR,TB,3,1,1.0,0.6464456885408376,0.5853,TOR,TOR,1
20260722_ATH@AZ,2026-07-22,AZ,ATH,15,5,1.0,0.5138673586456184,0.507,AZ,AZ,1
20260722_BAL@BOS,2026-07-22,BOS,BAL,6,3,1.0,0.6028101665857248,0.559,BOS,BOS,1
20260722_BAL@BOS,2026-07-22,BOS,BAL,1,5,0.0,0.5809833098709326,0.5461,BOS,BAL,0
20260722_CIN@SEA,2026-07-22,SEA,CIN,3,5,0.0,0.6116513577005492,0.5643,SEA,CIN,0
20260722_CWS@TEX,2026-07-22,TEX,CWS,2,4,0.0,0.5257895215007904,0.5139,TEX,CWS,0
20260722_DET@CHC,2026-07-22,CHC,DET,1,5,0.0,0.459770908703786,0.4758,DET,DET,1
20260722_LAD@PHI,2026-07-22,PHI,LAD,5,9,0.0,0.4762224029890925,0.4853,LAD,LAD,1
20260722_MIA@HOU,2026-07-22,HOU,MIA,5,2,1.0,0.5539219920368796,0.5303,HOU,HOU,1
20260722_MIN@CLE,2026-07-22,CLE,MIN,6,10,0.0,0.6581796604711959,0.5925,CLE,MIN,0
20260722_NYM@MIL,2026-07-22,MIL,NYM,4,3,1.0,0.6393891943774683,0.581,MIL,MIL,1
20260722_PIT@NYY,2026-07-22,NYY,PIT,2,0,1.0,0.6047646385992658,0.5601,NYY,NYY,1
20260722_PIT@NYY,2026-07-22,NYY,PIT,3,5,0.0,0.6979571395691027,0.6177,NYY,PIT,0
20260722_SD@ATL,2026-07-22,ATL,SD,7,6,1.0,0.476615593466084,0.4855,SD,ATL,0
20260722_SF@KC,2026-07-22,KC,SF,5,4,1.0,0.5075070066243068,0.5034,KC,KC,1
20260722_STL@LAA,2026-07-22,LAA,STL,0,1,0.0,0.5012024800210382,0.4997,LAA,STL,0
20260722_TB@TOR,2026-07-22,TOR,TB,2,4,0.0,0.5943501081836895,0.554,TOR,TB,0
20260722_WSH@COL,2026-07-22,COL,WSH,0,8,0.0,0.39437838446877715,0.4375,WSH,WSH,1
20260721_ATH@AZ,2026-07-21,AZ,ATH,6,5,1.0,0.6180808800812538,0.5681,AZ,AZ,1
20260721_CIN@SEA,2026-07-21,SEA,CIN,2,4,0.0,0.5032509343894894,0.5009,SEA,CIN,0
20260721_CWS@TEX,2026-07-21,TEX,CWS,10,0,1.0,0.5620869243724995,0.535,TEX,TEX,1
20260721_DET@CHC,2026-07-21,CHC,DET,11,2,1.0,0.4644115305531414,0.4785,DET,CHC,0
20260721_LAD@PHI,2026-07-21,PHI,LAD,1,2,0.0,0.5215222226489568,0.5115,PHI,LAD,0
20260721_MIA@HOU,2026-07-21,HOU,MIA,5,3,1.0,0.546031223430192,0.5257,HOU,HOU,1
20260721_MIN@CLE,2026-07-21,CLE,MIN,5,2,1.0,0.6319002810863559,0.5764,CLE,CLE,1
20260721_NYM@MIL,2026-07-21,MIL,NYM,0,4,0.0,0.6793724713924605,0.6058,MIL,NYM,0
20260721_SD@ATL,2026-07-21,ATL,SD,3,8,0.0,0.5217645716306547,0.5116,ATL,SD,0
20260721_SF@KC,2026-07-21,KC,SF,3,2,1.0,0.5375569738931033,0.5208,KC,KC,1
20260721_STL@LAA,2026-07-21,LAA,STL,5,1,1.0,0.5561176936202918,0.5315,LAA,LAA,1
20260721_TB@TOR,2026-07-21,TOR,TB,2,12,0.0,0.5521100528198303,0.5292,TOR,TB,0
20260721_WSH@COL,2026-07-21,COL,WSH,8,7,1.0,0.392629173053527,0.4364,WSH,COL,0
20260720_ATH@AZ,2026-07-20,AZ,ATH,2,5,0.0,0.5837996375311101,0.5477,AZ,ATH,0
20260720_BAL@BOS,2026-07-20,BOS,BAL,6,5,1.0,0.5823506098197353,0.5469,BOS,BOS,1
20260720_CIN@SEA,2026-07-20,SEA,CIN,8,0,1.0,0.6101170236675153,0.5633,SEA,SEA,1
20260720_CWS@TEX,2026-07-20,TEX,CWS,3,10,0.0,0.5119340633531017,0.5059,TEX,CWS,0
20260720_DET@CHC,2026-07-20,CHC,DET,6,8,0.0,0.5125895238238138,0.5063,CHC,DET,0
20260720_LAD@PHI,2026-07-20,PHI,LAD,10,7,1.0,0.4448742636579066,0.4671,LAD,PHI,0
20260720_MIA@HOU,2026-07-20,HOU,MIA,8,5,1.0,0.5377957121552862,0.5209,HOU,HOU,1
20260720_MIN@CLE,2026-07-20,CLE,MIN,13,4,1.0,0.5325978771758721,0.5179,CLE,CLE,1
20260720_NYM@MIL,2026-07-20,MIL,NYM,8,3,1.0,0.7109800969140028,0.6262,MIL,MIL,1
20260720_PIT@NYY,2026-07-20,NYY,PIT,8,5,1.0,0.6397695514828845,0.5812,NYY,NYY,1
20260720_SD@ATL,2026-07-20,ATL,SD,3,2,1.0,0.5171001503742992,0.5089,ATL,ATL,1
20260720_SF@KC,2026-07-20,KC,SF,4,3,1.0,0.5452457898329014,0.5252,KC,KC,1
20260720_STL@LAA,2026-07-20,LAA,STL,3,2,1.0,0.46982690169903596,0.4816,STL,LAA,0
20260720_TB@TOR,2026-07-20,TOR,TB,1,7,0.0,0.5967526047975042,0.5554,TOR,TB,0
20260720_WSH@COL,2026-07-20,COL,WSH,3,7,0.0,0.510464940513538,0.5051,COL,WSH,0
20260719_BAL@HOU,2026-07-19,HOU,BAL,2,5,0.0,0.5305603428686322,0.517,HOU,BAL,0
20260719_CIN@COL,2026-07-19,COL,CIN,6,9,0.0,0.409460856978737,0.4483,CIN,CIN,1
20260719_CWS@TOR,2026-07-19,TOR,CWS,0,3,0.0,0.5556146074047164,0.5312,TOR,CWS,0
20260719_DET@LAA,2026-07-19,LAA,DET,3,2,1.0,0.4523789777369942,0.4729,DET,LAA,0
20260719_LAD@NYY,2026-07-19,NYY,LAD,2,8,0.0,0.488015349890173,0.493,LAD,LAD,1
20260719_LAD@NYY,2026-07-19,NYY,LAD,2,1,1.0,0.413029635532515,0.4504,LAD,NYY,0
20260719_MIA@MIL,2026-07-19,MIL,MIA,3,1,1.0,0.48983123795816824,0.494,MIA,MIL,0
20260719_MIN@CHC,2026-07-19,CHC,MIN,10,1,1.0,0.5653675855100968,0.5367,CHC,CHC,1
20260719_NYM@PHI,2026-07-19,PHI,NYM,1,6,0.0,0.5874051773639546,0.5494,PHI,NYM,0
20260719_PIT@CLE,2026-07-19,CLE,PIT,1,7,0.0,0.5436102149193307,0.5244,CLE,PIT,0
20260719_SD@KC,2026-07-19,KC,SD,2,19,0.0,0.4343639114549051,0.4626,SD,SD,1
20260719_SF@SEA,2026-07-19,SEA,SF,6,3,1.0,0.6316941825847601,0.5752,SEA,SEA,1
20260719_STL@AZ,2026-07-19,AZ,STL,8,7,1.0,0.5396640683729927,0.5221,AZ,AZ,1
20260719_TB@BOS,2026-07-19,BOS,TB,6,1,1.0,0.6300906986939983,0.5742,BOS,BOS,1
20260719_TEX@ATL,2026-07-19,ATL,TEX,8,5,1.0,0.49514817202765976,0.497,TEX,ATL,0
20260719_WSH@ATH,2026-07-19,ATH,WSH,2,5,0.0,0.4137844592605318,0.4508,WSH,WSH,1
20260718_BAL@HOU,2026-07-18,HOU,BAL,2,4,0.0,0.4524054411708728,0.4729,BAL,BAL,1
20260718_CIN@COL,2026-07-18,COL,CIN,10,3,1.0,0.4651903116333561,0.4801,CIN,COL,0
20260718_CWS@TOR,2026-07-18,TOR,CWS,1,0,1.0,0.5803307648067085,0.5453,TOR,TOR,1
20260718_DET@LAA,2026-07-18,LAA,DET,0,7,0.0,0.37621841566506425,0.429,DET,DET,1
20260718_MIA@MIL,2026-07-18,MIL,MIA,8,6,1.0,0.548151857877711,0.5269,MIL,MIL,1
20260718_MIN@CHC,2026-07-18,CHC,MIN,6,2,1.0,0.5150094208935573,0.5082,CHC,CHC,1
20260718_NYM@PHI,2026-07-18,PHI,NYM,6,1,1.0,0.5849624629619846,0.548,PHI,PHI,1
20260718_PIT@CLE,2026-07-18,CLE,PIT,1,7,0.0,0.6101966650198447,0.5626,CLE,PIT,0
20260718_PIT@CLE,2026-07-18,CLE,PIT,5,3,1.0,0.44451007033101975,0.4684,PIT,CLE,0
20260718_SD@KC,2026-07-18,KC,SD,6,1,1.0,0.47656359282856686,0.4865,SD,KC,0
20260718_SF@SEA,2026-07-18,SEA,SF,4,3,1.0,0.6425167910304079,0.5816,SEA,SEA,1
20260718_STL@AZ,2026-07-18,AZ,STL,5,3,1.0,0.5428942729476225,0.524,AZ,AZ,1
20260718_TB@BOS,2026-07-18,BOS,TB,7,6,1.0,0.5867002644218344,0.549,BOS,BOS,1
20260718_TEX@ATL,2026-07-18,ATL,TEX,6,7,0.0,0.5561443870061946,0.5315,ATL,TEX,0
20260718_WSH@ATH,2026-07-18,ATH,WSH,15,1,1.0,0.4870548718560289,0.4925,WSH,ATH,0
20260717_BAL@HOU,2026-07-17,HOU,BAL,2,3,0.0,0.6140123433793117,0.5648,HOU,BAL,0
20260717_CIN@COL,2026-07-17,COL,CIN,2,7,0.0,0.5035236877282149,0.5017,COL,CIN,0
20260717_CWS@TOR,2026-07-17,TOR,CWS,4,12,0.0,0.6517477435949425,0.5872,TOR,CWS,0
20260717_DET@LAA,2026-07-17,LAA,DET,1,2,0.0,0.5158919099668343,0.5087,LAA,DET,0
20260717_LAD@NYY,2026-07-17,NYY,LAD,1,2,0.0,0.4828296322333529,0.4901,LAD,LAD,1
20260717_MIA@MIL,2026-07-17,MIL,MIA,2,1,1.0,0.5973029343619511,0.5551,MIL,MIL,1
20260717_MIN@CHC,2026-07-17,CHC,MIN,2,5,0.0,0.5915705517164715,0.5518,CHC,MIN,0
20260717_SD@KC,2026-07-17,KC,SD,7,6,1.0,0.4900968729537034,0.4942,SD,KC,0
20260717_SF@SEA,2026-07-17,SEA,SF,0,7,0.0,0.6535640614247733,0.5883,SEA,SF,0
20260717_STL@AZ,2026-07-17,AZ,STL,4,5,0.0,0.6351437940353144,0.5772,AZ,STL,0
20260717_TB@BOS,2026-07-17,BOS,TB,10,0,1.0,0.6250989102534366,0.5713,BOS,BOS,1
20260717_TB@BOS,2026-07-17,BOS,TB,5,3,1.0,0.656093145002593,0.5898,BOS,BOS,1
20260717_TEX@ATL,2026-07-17,ATL,TEX,15,1,1.0,0.567038104755659,0.5377,ATL,ATL,1
20260717_WSH@ATH,2026-07-17,ATH,WSH,4,23,0.0,0.42582267983608035,0.4577,WSH,WSH,1
20260716_NYM@PHI,2026-07-16,PHI,NYM,1,4,0.0,0.5643380861099956,0.5362,PHI,NYM,0
20260712_ATH@CWS,2026-07-12,CWS,ATH,9,1,1.0,0.5795605512415661,0.5449,CWS,CWS,1
20260712_ATL@STL,2026-07-12,STL,ATL,3,4,0.0,0.5320525698338282,0.5178,STL,ATL,0
20260712_AZ@LAD,2026-07-12,LAD,AZ,3,5,0.0,0.5631974373676312,0.5355,LAD,AZ,0
20260712_BOS@NYM,2026-07-12,NYM,BOS,2,3,0.0,0.404471737833142,0.4455,BOS,BOS,1
20260712_CHC@CIN,2026-07-12,CIN,CHC,4,8,0.0,0.4526533833610501,0.473,CHC,CHC,1
20260712_CLE@MIA,2026-07-12,MIA,CLE,2,5,0.0,0.5089165529576866,0.5048,MIA,CLE,0
20260712_COL@SF,2026-07-12,SF,COL,3,1,1.0,0.5004504944083449,0.5,SF,SF,1
20260712_HOU@TEX,2026-07-12,TEX,HOU,6,5,1.0,0.5812559014545978,0.5458,TEX,TEX,1
20260712_KC@BAL,2026-07-12,BAL,KC,8,2,1.0,0.6351275195914361,0.5772,BAL,BAL,1
20260712_LAA@MIN,2026-07-12,MIN,LAA,4,2,1.0,0.5542770887268855,0.5304,MIN,MIN,1
20260712_MIL@PIT,2026-07-12,PIT,MIL,14,5,1.0,0.5169534820729794,0.5093,PIT,PIT,1
20260712_NYY@WSH,2026-07-12,WSH,NYY,3,5,0.0,0.44950351044201287,0.4712,NYY,NYY,1
20260712_PHI@DET,2026-07-12,DET,PHI,0,5,0.0,0.5210634255893946,0.5116,DET,PHI,0
20260712_SEA@TB,2026-07-12,TB,SEA,2,8,0.0,0.5542684531856582,0.5304,TB,SEA,0
20260712_TOR@SD,2026-07-12,SD,TOR,5,4,1.0,0.4731346388654611,0.4846,TOR,SD,0
20260711_ATH@CWS,2026-07-11,CWS,ATH,1,0,1.0,0.5516684806774608,0.5289,CWS,CWS,1
20260711_ATL@STL,2026-07-11,STL,ATL,4,1,1.0,0.5578822242411356,0.5325,STL,STL,1
20260711_AZ@LAD,2026-07-11,LAD,AZ,2,9,0.0,0.6326372155799299,0.5758,LAD,AZ,0
20260711_BOS@NYM,2026-07-11,NYM,BOS,0,4,0.0,0.4392396814190278,0.4654,BOS,BOS,1
20260711_CHC@CIN,2026-07-11,CIN,CHC,3,5,0.0,0.44259872417737794,0.4673,CHC,CHC,1
20260711_CLE@MIA,2026-07-11,MIA,CLE,1,4,0.0,0.48393066745367586,0.4907,CLE,CLE,1
20260711_COL@SF,2026-07-11,SF,COL,4,2,1.0,0.5717044805816773,0.5404,SF,SF,1
20260711_HOU@TEX,2026-07-11,TEX,HOU,3,9,0.0,0.5204604317750201,0.5113,TEX,HOU,0
20260711_KC@BAL,2026-07-11,BAL,KC,6,1,1.0,0.6502530162674566,0.5863,BAL,BAL,1
20260711_LAA@MIN,2026-07-11,MIN,LAA,5,3,1.0,0.6330506398085844,0.576,MIN,MIN,1
20260711_MIL@PIT,2026-07-11,PIT,MIL,3,2,1.0,0.48750505810699507,0.4927,MIL,PIT,0
20260711_MIL@PIT,2026-07-11,PIT,MIL,7,6,1.0,0.4867494149894508,0.4923,MIL,PIT,0
20260711_NYY@WSH,2026-07-11,WSH,NYY,2,4,0.0,0.3998093162804098,0.4428,NYY,NYY,1
20260711_PHI@DET,2026-07-11,DET,PHI,2,4,0.0,0.6457023147065725,0.5835,DET,PHI,0
20260711_SEA@TB,2026-07-11,TB,SEA,6,1,1.0,0.5794789801973201,0.5448,TB,TB,1
20260711_TOR@SD,2026-07-11,SD,TOR,8,7,1.0,0.5339044663123762,0.5189,SD,SD,1
20260710_ATH@CWS,2026-07-10,CWS,ATH,14,1,1.0,0.5952896116948495,0.5539,CWS,CWS,1
20260710_ATL@STL,2026-07-10,STL,ATL,2,1,1.0,0.474328342469183,0.4853,ATL,STL,0
20260710_AZ@LAD,2026-07-10,LAD,AZ,3,9,0.0,0.5240482673613086,0.5133,LAD,AZ,0
20260710_BOS@NYM,2026-07-10,NYM,BOS,2,6,0.0,0.4853006357087365,0.4915,BOS,BOS,1
20260710_CHC@CIN,2026-07-10,CIN,CHC,4,0,1.0,0.5083926028839003,0.5045,CIN,CIN,1
20260710_CLE@MIA,2026-07-10,MIA,CLE,2,3,0.0,0.4590568733341396,0.4766,CLE,CLE,1
20260710_COL@SF,2026-07-10,SF,COL,3,4,0.0,0.6170979859268338,0.5666,SF,COL,0
20260710_HOU@TEX,2026-07-10,TEX,HOU,7,3,1.0,0.46467076361007503,0.4798,HOU,TEX,0
20260710_KC@BAL,2026-07-10,BAL,KC,5,3,1.0,0.5573847673805241,0.5322,BAL,BAL,1
20260710_LAA@MIN,2026-07-10,MIN,LAA,3,4,0.0,0.6001103044093635,0.5567,MIN,LAA,0
20260710_NYY@WSH,2026-07-10,WSH,NYY,3,5,0.0,0.43824864025616767,0.4648,NYY,NYY,1
20260710_PHI@DET,2026-07-10,DET,PHI,10,2,1.0,0.5959092466760769,0.5543,DET,DET,1
20260710_SEA@TB,2026-07-10,TB,SEA,7,2,1.0,0.5756642361167474,0.5426,TB,TB,1
20260710_TOR@SD,2026-07-10,SD,TOR,3,5,0.0,0.5394576450630061,0.522,SD,TOR,0
20260709_ATH@DET,2026-07-09,DET,ATH,4,1,1.0,0.46243195420429745,0.4811,ATH,DET,0
20260709_ATL@PIT,2026-07-09,PIT,ATL,5,10,0.0,0.48662048643852457,0.4945,ATL,ATL,1
20260709_AZ@SD,2026-07-09,SD,AZ,1,3,0.0,0.5336278797057087,0.5204,SD,AZ,0
20260709_BOS@CWS,2026-07-09,CWS,BOS,1,2,0.0,0.6081769534520529,0.562,CWS,BOS,0
20260709_CHC@BAL,2026-07-09,BAL,CHC,3,2,1.0,0.45737147295199126,0.4783,CHC,BAL,0
20260709_CLE@MIN,2026-07-09,MIN,CLE,2,5,0.0,0.4184590570295935,0.4566,CLE,CLE,1
20260709_COL@SF,2026-07-09,SF,COL,8,2,1.0,0.6341332754503309,0.5769,SF,SF,1
20260709_KC@NYM,2026-07-09,NYM,KC,7,3,1.0,0.5063488475796187,0.5053,NYM,NYM,1
20260709_LAA@TEX,2026-07-09,TEX,LAA,7,6,1.0,0.6307138772665261,0.5749,TEX,TEX,1
20260709_MIL@STL,2026-07-09,STL,MIL,4,8,0.0,0.5102800759769281,0.5075,STL,MIL,0
20260709_NYY@TB,2026-07-09,TB,NYY,4,12,0.0,0.587886987598141,0.5505,TB,NYY,0
20260709_PHI@CIN,2026-07-09,CIN,PHI,0,1,0.0,0.46070868280452965,0.4802,PHI,PHI,1
20260709_SEA@MIA,2026-07-09,MIA,SEA,8,4,1.0,0.5236915257944046,0.5149,MIA,MIA,1
20260708_ATH@DET,2026-07-08,DET,ATH,6,1,1.0,0.6528940901645908,0.5879,DET,DET,1
20260708_ATL@PIT,2026-07-08,PIT,ATL,0,3,0.0,0.3913545557619505,0.4413,ATL,ATL,1
20260708_AZ@SD,2026-07-08,SD,AZ,10,4,1.0,0.5307466510248745,0.5188,SD,SD,1
20260708_BOS@CWS,2026-07-08,CWS,BOS,0,5,0.0,0.5030414127351421,0.5035,CWS,BOS,0
20260708_CHC@BAL,2026-07-08,BAL,CHC,7,9,0.0,0.5606755796521316,0.5353,BAL,CHC,0
20260708_CLE@MIN,2026-07-08,MIN,CLE,6,5,1.0,0.44747357317002595,0.4728,CLE,MIN,0
20260708_COL@LAD,2026-07-08,LAD,COL,4,3,1.0,0.7448467112041839,0.645,LAD,LAD,1
20260708_HOU@WSH,2026-07-08,WSH,HOU,8,2,1.0,0.504387200637137,0.5042,WSH,WSH,1
20260708_KC@NYM,2026-07-08,NYM,KC,6,2,1.0,0.4387839263363214,0.468,KC,NYM,0
20260708_LAA@TEX,2026-07-08,TEX,LAA,1,13,0.0,0.5785588994618237,0.5453,TEX,LAA,0
20260708_MIL@STL,2026-07-08,STL,MIL,5,1,1.0,0.4759453056126717,0.4886,MIL,STL,0
20260708_NYY@TB,2026-07-08,TB,NYY,3,0,1.0,0.5677730709544963,0.5393,TB,TB,1
20260708_PHI@CIN,2026-07-08,CIN,PHI,11,5,1.0,0.5064313417922821,0.5054,CIN,CIN,1
20260708_SEA@MIA,2026-07-08,MIA,SEA,2,0,1.0,0.5325450871791986,0.5198,MIA,MIA,1
20260708_TOR@SF,2026-07-08,SF,TOR,0,10,0.0,0.44611514873692637,0.4721,TOR,TOR,1
20260707_ATH@DET,2026-07-07,DET,ATH,6,2,1.0,0.51441263218567,0.5098,DET,DET,1
20260707_ATL@PIT,2026-07-07,PIT,ATL,12,4,1.0,0.4642265346281696,0.4821,ATL,PIT,0
20260707_AZ@SD,2026-07-07,SD,AZ,4,1,1.0,0.5003068680915116,0.502,SD,SD,1
20260707_BOS@CWS,2026-07-07,CWS,BOS,1,8,0.0,0.5517459221325609,0.5304,CWS,BOS,0
20260707_CHC@BAL,2026-07-07,BAL,CHC,2,5,0.0,0.4729654842956376,0.4869,CHC,CHC,1
20260707_CLE@MIN,2026-07-07,MIN,CLE,3,1,1.0,0.5220137501894077,0.5139,MIN,MIN,1
20260707_COL@LAD,2026-07-07,LAD,COL,3,4,0.0,0.6936924823791856,0.6124,LAD,COL,0
20260707_HOU@WSH,2026-07-07,WSH,HOU,3,6,0.0,0.4473127471076817,0.4727,HOU,HOU,1
20260707_KC@NYM,2026-07-07,NYM,KC,12,16,0.0,0.5023601274433105,0.5031,NYM,KC,0
20260707_LAA@TEX,2026-07-07,TEX,LAA,8,3,1.0,0.6565320018048024,0.59,TEX,TEX,1
20260707_MIL@STL,2026-07-07,STL,MIL,3,4,0.0,0.45865820688334313,0.479,MIL,MIL,1
20260707_MIL@STL,2026-07-07,STL,MIL,2,10,0.0,0.5583677336063709,0.5341,STL,MIL,0
20260707_NYY@TB,2026-07-07,TB,NYY,6,4,1.0,0.614717159946174,0.5657,TB,TB,1
20260707_PHI@CIN,2026-07-07,CIN,PHI,1,4,0.0,0.4740299556768101,0.4875,PHI,PHI,1
20260707_SEA@MIA,2026-07-07,MIA,SEA,6,5,1.0,0.6219450645095865,0.5699,MIA,MIA,1
20260707_TOR@SF,2026-07-07,SF,TOR,3,9,0.0,0.4792412161127072,0.4904,TOR,TOR,1
20260706_AZ@SD,2026-07-06,SD,AZ,0,8,0.0,0.5399561522632508,0.5239,SD,AZ,0
20260706_COL@LAD,2026-07-06,LAD,COL,8,7,1.0,0.6535141325228273,0.5882,LAD,LAD,1
20260706_HOU@WSH,2026-07-06,WSH,HOU,12,11,1.0,0.4764876276635241,0.4889,HOU,WSH,0
20260706_MIL@STL,2026-07-06,STL,MIL,3,4,0.0,0.498417788986678,0.501,MIL,MIL,1
20260706_NYM@ATL,2026-07-06,ATL,NYM,6,7,0.0,0.6088890144925698,0.5624,ATL,NYM,0
20260706_NYY@TB,2026-07-06,TB,NYY,1,5,0.0,0.6789483149288434,0.6034,TB,NYY,0
20260706_PHI@KC,2026-07-06,KC,PHI,15,1,1.0,0.2843133628716717,0.3773,PHI,KC,0
20260706_TOR@SF,2026-07-06,SF,TOR,10,1,1.0,0.5139157480136394,0.5095,SF,SF,1
20260705_BAL@CIN,2026-07-05,CIN,BAL,3,2,1.0,0.4390573188751649,0.4681,BAL,CIN,0
20260705_BOS@LAA,2026-07-05,LAA,BOS,5,7,0.0,0.5085378701466007,0.5065,LAA,BOS,0
20260705_CWS@CLE,2026-07-05,CLE,CWS,6,7,0.0,0.4545851916869754,0.4768,CWS,CWS,1
20260705_DET@TEX,2026-07-05,TEX,DET,3,6,0.0,0.5306021376493253,0.5187,TEX,DET,0
20260705_MIA@ATH,2026-07-05,ATH,MIA,8,9,0.0,0.43594872168792165,0.4664,MIA,MIA,1
20260705_MIL@AZ,2026-07-05,AZ,MIL,2,3,0.0,0.43788935391477096,0.4675,MIL,MIL,1
20260705_MIN@NYY,2026-07-05,NYY,MIN,1,6,0.0,0.5430852936231361,0.5256,NYY,MIN,0
20260705_NYM@ATL,2026-07-05,ATL,NYM,9,10,0.0,0.4903821225734037,0.4965,NYM,NYM,1
20260705_PHI@KC,2026-07-05,KC,PHI,5,2,1.0,0.35336208017778636,0.4194,PHI,KC,0
20260705_PIT@WSH,2026-07-05,WSH,PIT,5,11,0.0,0.4665833832762145,0.4834,PIT,PIT,1
20260705_SD@LAD,2026-07-05,LAD,SD,2,5,0.0,0.6432354551348684,0.5822,LAD,SD,0
20260705_SF@COL,2026-07-05,COL,SF,7,6,1.0,0.4132468386212274,0.4537,SF,COL,0
20260705_STL@CHC,2026-07-05,CHC,STL,6,4,1.0,0.5391825827108511,0.5234,CHC,CHC,1
20260705_TB@HOU,2026-07-05,HOU,TB,2,0,1.0,0.5590909449058156,0.5345,HOU,HOU,1
20260705_TOR@SEA,2026-07-05,SEA,TOR,4,0,1.0,0.5332345035326804,0.5201,SEA,SEA,1
20260704_BAL@CIN,2026-07-04,CIN,BAL,5,8,0.0,0.47423788795091826,0.4876,BAL,BAL,1
20260704_BOS@LAA,2026-07-04,LAA,BOS,1,8,0.0,0.5375437575784158,0.5225,LAA,BOS,0
20260704_CWS@CLE,2026-07-04,CLE,CWS,1,3,0.0,0.572655816712065,0.542,CLE,CWS,0
20260704_DET@TEX,2026-07-04,TEX,DET,0,3,0.0,0.5326392097330717,0.5198,TEX,DET,0
20260704_MIA@ATH,2026-07-04,ATH,MIA,2,7,0.0,0.4190258985262887,0.457,MIA,MIA,1
20260704_MIL@AZ,2026-07-04,AZ,MIL,4,3,1.0,0.4866135084891925,0.4945,MIL,AZ,0
20260704_MIN@NYY,2026-07-04,NYY,MIN,4,11,0.0,0.6217427960149786,0.5698,NYY,MIN,0
20260704_NYM@ATL,2026-07-04,ATL,NYM,14,3,1.0,0.6251164165924237,0.5717,ATL,ATL,1
20260704_PHI@KC,2026-07-04,KC,PHI,1,6,0.0,0.31517060142496595,0.3965,PHI,PHI,1
20260704_PIT@WSH,2026-07-04,WSH,PIT,1,7,0.0,0.524180751794181,0.5151,WSH,PIT,0
20260704_SD@LAD,2026-07-04,LAD,SD,3,0,1.0,0.6912966204953666,0.6109,LAD,LAD,1
20260704_SF@COL,2026-07-04,COL,SF,4,6,0.0,0.42644603416868554,0.4611,SF,SF,1
20260704_STL@CHC,2026-07-04,CHC,STL,0,3,0.0,0.569140624847331,0.54,CHC,STL,0
20260704_TB@HOU,2026-07-04,HOU,TB,10,8,1.0,0.5711770630122758,0.5412,HOU,HOU,1
20260704_TOR@SEA,2026-07-04,SEA,TOR,11,0,1.0,0.5965268055027542,0.5554,SEA,SEA,1
20260703_BAL@CIN,2026-07-03,CIN,BAL,0,3,0.0,0.4355815295965357,0.4662,BAL,BAL,1
20260703_BOS@LAA,2026-07-03,LAA,BOS,2,5,0.0,0.6115306500084468,0.5639,LAA,BOS,0
20260703_CWS@CLE,2026-07-03,CLE,CWS,4,3,1.0,0.6209385392427799,0.5693,CLE,CLE,1
20260703_MIA@ATH,2026-07-03,ATH,MIA,5,12,0.0,0.4587645907490706,0.4791,MIA,MIA,1
20260703_MIL@AZ,2026-07-03,AZ,MIL,4,7,0.0,0.5342708250351442,0.5207,AZ,MIL,0
20260703_MIN@NYY,2026-07-03,NYY,MIN,5,2,1.0,0.6128979640639354,0.5647,NYY,NYY,1
20260703_NYM@ATL,2026-07-03,ATL,NYM,5,3,1.0,0.46497006616510006,0.4825,NYM,ATL,0
20260703_PIT@WSH,2026-07-03,WSH,PIT,9,5,1.0,0.574715734435923,0.5432,WSH,WSH,1
20260703_SD@LAD,2026-07-03,LAD,SD,4,3,1.0,0.644076301211414,0.5827,LAD,LAD,1
20260703_SF@COL,2026-07-03,COL,SF,15,3,1.0,0.4746241880683136,0.4878,SF,COL,0
20260703_STL@CHC,2026-07-03,CHC,STL,1,17,0.0,0.5449062135908987,0.5266,CHC,STL,0
20260703_TB@HOU,2026-07-03,HOU,TB,1,3,0.0,0.4961310746749522,0.4997,TB,TB,1
20260703_TOR@SEA,2026-07-03,SEA,TOR,0,2,0.0,0.44873817196874255,0.4735,TOR,TOR,1
20260702_CIN@MIL,2026-07-02,MIL,CIN,2,7,0.0,0.602871014640287,0.5591,MIL,CIN,0
20260702_CWS@CLE,2026-07-02,CLE,CWS,6,5,1.0,0.5830303586532002,0.548,CLE,CLE,1
20260702_DET@TEX,2026-07-02,TEX,DET,10,4,1.0,0.5877519266777452,0.5506,TEX,TEX,1
20260702_LAA@SEA,2026-07-02,SEA,LAA,1,0,1.0,0.5501015222417251,0.5298,SEA,SEA,1
20260702_MIA@COL,2026-07-02,COL,MIA,14,4,1.0,0.4817263524860328,0.4923,MIA,COL,0
20260702_PIT@PHI,2026-07-02,PHI,PIT,1,6,0.0,0.6235818477447947,0.5708,PHI,PIT,0
20260702_SD@LAD,2026-07-02,LAD,SD,12,7,1.0,0.6315942878961192,0.5754,LAD,LAD,1
20260702_STL@ATL,2026-07-02,ATL,STL,5,11,0.0,0.5711306079263264,0.5414,ATL,STL,0
20260702_TB@KC,2026-07-02,KC,TB,2,5,0.0,0.4162606780345058,0.4562,TB,TB,1
20260701_CIN@MIL,2026-07-01,MIL,CIN,4,2,1.0,0.539956890940089,0.5242,MIL,MIL,1
20260701_CWS@BAL,2026-07-01,BAL,CWS,6,1,1.0,0.5560563952055567,0.533,BAL,BAL,1
20260701_DET@NYY,2026-07-01,NYY,DET,2,6,0.0,0.5828994443187527,0.5479,NYY,DET,0
20260701_LAD@ATH,2026-07-01,ATH,LAD,7,1,1.0,0.42279212149117607,0.4599,LAD,ATH,0
20260701_MIA@COL,2026-07-01,COL,MIA,6,3,1.0,0.40630578612506385,0.4507,MIA,COL,0
20260701_MIN@HOU,2026-07-01,HOU,MIN,3,8,0.0,0.5811275629701512,0.5469,HOU,MIN,0
20260701_NYM@TOR,2026-07-01,TOR,NYM,9,3,1.0,0.5786646076142652,0.5455,TOR,TOR,1
20260701_PIT@PHI,2026-07-01,PHI,PIT,10,6,1.0,0.608308826921656,0.5621,PHI,PHI,1
20260701_SD@CHC,2026-07-01,CHC,SD,23,3,1.0,0.5306453091517063,0.5191,CHC,CHC,1
20260701_SF@AZ,2026-07-01,AZ,SF,4,6,0.0,0.5449573001777838,0.5269,AZ,SF,0
20260701_STL@ATL,2026-07-01,ATL,STL,5,1,1.0,0.5766668265010083,0.5444,ATL,ATL,1
20260701_TB@KC,2026-07-01,KC,TB,0,4,0.0,0.4069530796532198,0.451,TB,TB,1
20260701_TEX@CLE,2026-07-01,CLE,TEX,9,4,1.0,0.5491731211029678,0.5292,CLE,CLE,1
20260701_WSH@BOS,2026-07-01,BOS,WSH,2,10,0.0,0.5055974748565366,0.5054,BOS,WSH,0
20260630_CIN@MIL,2026-06-30,MIL,CIN,7,2,1.0,0.609626108212846,0.5629,MIL,MIL,1
20260630_CWS@BAL,2026-06-30,BAL,CWS,3,9,0.0,0.5691037129912087,0.5402,BAL,CWS,0
20260630_DET@NYY,2026-06-30,NYY,DET,3,9,0.0,0.5753129967425685,0.5437,NYY,DET,0
20260630_LAA@SEA,2026-06-30,SEA,LAA,8,3,1.0,0.5833789885336986,0.5482,SEA,SEA,1
20260630_LAD@ATH,2026-06-30,ATH,LAD,3,9,0.0,0.3742206996474481,0.4325,LAD,LAD,1
20260630_MIA@COL,2026-06-30,COL,MIA,3,14,0.0,0.3937240116099694,0.4436,MIA,MIA,1
20260630_MIN@HOU,2026-06-30,HOU,MIN,6,4,1.0,0.5217077888689013,0.5142,HOU,HOU,1
20260630_NYM@TOR,2026-06-30,TOR,NYM,0,3,0.0,0.5456393034433725,0.5273,TOR,NYM,0
20260630_PIT@PHI,2026-06-30,PHI,PIT,8,0,1.0,0.6236373514850138,0.5708,PHI,PHI,1
20260630_SD@CHC,2026-06-30,CHC,SD,9,7,1.0,0.5489730685888472,0.5291,CHC,CHC,1
20260630_SF@AZ,2026-06-30,AZ,SF,8,2,1.0,0.5266882403569118,0.5169,AZ,AZ,1
20260630_STL@ATL,2026-06-30,ATL,STL,3,5,0.0,0.5428880855675516,0.5258,ATL,STL,0
20260630_TB@KC,2026-06-30,KC,TB,4,10,0.0,0.4140163942916437,0.455,TB,TB,1
20260630_TEX@CLE,2026-06-30,CLE,TEX,2,4,0.0,0.478705516787896,0.4907,TEX,TEX,1
20260630_WSH@BOS,2026-06-30,BOS,WSH,1,8,0.0,0.4687100760876701,0.4852,WSH,WSH,1
20260629_CIN@MIL,2026-06-29,MIL,CIN,5,3,1.0,0.6022074118611725,0.5587,MIL,MIL,1
20260629_CWS@BAL,2026-06-29,BAL,CWS,2,8,0.0,0.6004425815273886,0.5577,BAL,CWS,0
20260629_DET@NYY,2026-06-29,NYY,DET,3,7,0.0,0.5555599458687623,0.5328,NYY,DET,0
20260629_LAA@SEA,2026-06-29,SEA,LAA,6,2,1.0,0.5011873410481178,0.503,SEA,SEA,1
20260629_LAD@ATH,2026-06-29,ATH,LAD,4,9,0.0,0.3999785315677028,0.4471,LAD,LAD,1
20260629_MIA@COL,2026-06-29,COL,MIA,7,10,0.0,0.4841181897747079,0.4936,MIA,MIA,1
20260629_MIN@HOU,2026-06-29,HOU,MIN,4,5,0.0,0.599871291171667,0.5574,HOU,MIN,0
20260629_NYM@TOR,2026-06-29,TOR,NYM,2,1,1.0,0.5644766257192692,0.5377,TOR,TOR,1
20260629_PIT@PHI,2026-06-29,PHI,PIT,7,11,0.0,0.5445464093685455,0.5267,PHI,PIT,0
20260629_SD@CHC,2026-06-29,CHC,SD,3,2,1.0,0.5059163716180066,0.5055,CHC,CHC,1
20260629_SF@AZ,2026-06-29,AZ,SF,5,4,1.0,0.5481684187100422,0.5287,AZ,AZ,1
20260629_TEX@CLE,2026-06-29,CLE,TEX,3,6,0.0,0.527768428370925,0.5175,CLE,TEX,0
20260629_WSH@BOS,2026-06-29,BOS,WSH,6,3,1.0,0.4593043330773201,0.48,WSH,BOS,0
20260628_ATH@LAA,2026-06-28,LAA,ATH,4,1,1.0,0.5731404101232146,0.5425,LAA,LAA,1
20260628_ATL@SF,2026-06-28,SF,ATL,3,2,1.0,0.4561784313582661,0.4783,ATL,SF,0
20260628_AZ@TB,2026-06-28,TB,AZ,5,1,1.0,0.5550792715959203,0.5325,TB,TB,1
20260628_CHC@MIL,2026-06-28,MIL,CHC,3,4,0.0,0.5876420827565585,0.5505,MIL,CHC,0
20260628_CIN@PIT,2026-06-28,PIT,CIN,9,4,1.0,0.5348254497626885,0.5214,PIT,PIT,1
20260628_COL@MIN,2026-06-28,MIN,COL,3,2,1.0,0.5388330106635546,0.5236,MIN,MIN,1
20260628_HOU@DET,2026-06-28,DET,HOU,5,7,0.0,0.5138331357154468,0.5099,DET,HOU,0
20260628_KC@CWS,2026-06-28,CWS,KC,4,5,0.0,0.5955109191426592,0.5549,CWS,KC,0
20260628_LAD@SD,2026-06-28,SD,LAD,2,4,0.0,0.44110896444179803,0.47,LAD,LAD,1
20260628_MIA@STL,2026-06-28,STL,MIA,2,1,1.0,0.5065646853224008,0.5059,STL,STL,1
20260628_NYY@BOS,2026-06-28,BOS,NYY,5,4,1.0,0.4783804198783299,0.4905,NYY,BOS,0
20260628_PHI@NYM,2026-06-28,NYM,PHI,4,5,0.0,0.4247049534914599,0.4609,PHI,PHI,1
20260628_SEA@CLE,2026-06-28,CLE,SEA,6,5,1.0,0.5256403674580541,0.5163,CLE,CLE,1
20260628_TEX@TOR,2026-06-28,TOR,TEX,2,3,0.0,0.512798125237584,0.5093,TOR,TEX,0
20260628_WSH@BAL,2026-06-28,BAL,WSH,4,6,0.0,0.6002081262084606,0.5576,BAL,WSH,0
20260627_ATH@LAA,2026-06-27,LAA,ATH,5,2,1.0,0.5137840198435788,0.5098,LAA,LAA,1
20260627_ATL@SF,2026-06-27,SF,ATL,5,0,1.0,0.5226921954228615,0.5147,SF,SF,1
20260627_AZ@TB,2026-06-27,TB,AZ,4,2,1.0,0.600746766118922,0.5579,TB,TB,1
20260627_CHC@MIL,2026-06-27,MIL,CHC,2,8,0.0,0.6746117349848552,0.6005,MIL,CHC,0
20260627_CIN@PIT,2026-06-27,PIT,CIN,7,9,0.0,0.5004822621847247,0.5026,PIT,CIN,0
20260627_COL@MIN,2026-06-27,MIN,COL,5,8,0.0,0.6141026380001015,0.5654,MIN,COL,0
20260627_HOU@DET,2026-06-27,DET,HOU,6,8,0.0,0.5833861232146461,0.5482,DET,HOU,0
20260627_KC@CWS,2026-06-27,CWS,KC,2,1,1.0,0.5716134269436074,0.5416,CWS,CWS,1
20260627_LAD@SD,2026-06-27,SD,LAD,3,15,0.0,0.4573979098423665,0.479,LAD,LAD,1
20260627_MIA@STL,2026-06-27,STL,MIA,1,5,0.0,0.5753812297227657,0.5437,STL,MIA,0
20260627_NYY@BOS,2026-06-27,BOS,NYY,4,1,1.0,0.42650488516705953,0.4619,NYY,BOS,0
20260627_PHI@NYM,2026-06-27,NYM,PHI,6,2,1.0,0.47053665901171593,0.4862,PHI,NYM,0
20260627_SEA@CLE,2026-06-27,CLE,SEA,4,3,1.0,0.4678850122576914,0.4847,SEA,CLE,0
20260627_TEX@TOR,2026-06-27,TOR,TEX,4,7,0.0,0.5599639242627452,0.5352,TOR,TEX,0
20260627_WSH@BAL,2026-06-27,BAL,WSH,3,4,0.0,0.5676435556853027,0.5394,BAL,WSH,0
20260626_ATH@LAA,2026-06-26,LAA,ATH,3,9,0.0,0.5311255115074661,0.5193,LAA,ATH,0
20260626_ATL@SF,2026-06-26,SF,ATL,1,3,0.0,0.48229085771765856,0.4926,ATL,ATL,1
20260626_AZ@TB,2026-06-26,TB,AZ,6,1,1.0,0.5826610902775783,0.5478,TB,TB,1
20260626_CHC@MIL,2026-06-26,MIL,CHC,6,2,1.0,0.7166956504505384,0.6263,MIL,MIL,1
20260626_CIN@PIT,2026-06-26,PIT,CIN,4,6,0.0,0.515251128802696,0.5106,PIT,CIN,0
20260626_COL@MIN,2026-06-26,MIN,COL,9,8,1.0,0.613357274747161,0.565,MIN,MIN,1
20260626_HOU@DET,2026-06-26,DET,HOU,8,0,1.0,0.538602463626742,0.5234,DET,DET,1
20260626_KC@CWS,2026-06-26,CWS,KC,22,1,1.0,0.5329908883278379,0.5204,CWS,CWS,1
20260626_LAD@SD,2026-06-26,SD,LAD,7,1,1.0,0.5082272407899431,0.5068,SD,SD,1
20260626_MIA@STL,2026-06-26,STL,MIA,0,4,0.0,0.5168907265097935,0.5115,STL,MIA,0
20260626_NYY@BOS,2026-06-26,BOS,NYY,6,1,1.0,0.44997401198484266,0.4749,NYY,BOS,0
20260626_PHI@NYM,2026-06-26,NYM,PHI,1,2,0.0,0.5416706831577862,0.5251,NYM,PHI,0
20260626_SEA@CLE,2026-06-26,CLE,SEA,1,3,0.0,0.5163637229769824,0.5113,CLE,SEA,0
20260626_TEX@TOR,2026-06-26,TOR,TEX,4,5,0.0,0.5082097346946138,0.5068,TOR,TEX,0
20260626_WSH@BAL,2026-06-26,BAL,WSH,3,1,1.0,0.5366686141399899,0.5224,BAL,BAL,1
20260625_ATH@SF,2026-06-25,SF,ATH,6,9,0.0,0.6574504016927656,0.59,SF,ATH,0
20260625_CHC@NYM,2026-06-25,NYM,CHC,3,4,0.0,0.5305908031535771,0.5195,NYM,CHC,0
20260625_HOU@DET,2026-06-25,DET,HOU,1,2,0.0,0.5490755570752428,0.5295,DET,HOU,0
20260625_KC@TB,2026-06-25,TB,KC,13,2,1.0,0.6506907570918018,0.5861,TB,TB,1
20260625_NYY@BOS,2026-06-25,BOS,NYY,6,3,1.0,0.4665025768222809,0.4849,NYY,BOS,0
20260625_PHI@WSH,2026-06-25,WSH,PHI,5,10,0.0,0.41336198321365086,0.4558,PHI,PHI,1
20260625_SEA@PIT,2026-06-25,PIT,SEA,5,1,1.0,0.47333359411708514,0.4886,SEA,PIT,0
20260625_TEX@TOR,2026-06-25,TOR,TEX,5,6,0.0,0.5682588282643084,0.54,TOR,TEX,0
20260624_ATH@SF,2026-06-24,SF,ATH,2,1,1.0,0.5101865621519225,0.5085,SF,SF,1
20260624_ATL@SD,2026-06-24,SD,ATL,5,2,1.0,0.5418002739187122,0.5256,SD,SD,1
20260624_AZ@STL,2026-06-24,STL,AZ,4,9,0.0,0.5833492695705995,0.5483,STL,AZ,0
20260624_BAL@LAA,2026-06-24,LAA,BAL,7,6,1.0,0.4929539533929951,0.4992,BAL,LAA,0
20260624_BOS@COL,2026-06-24,COL,BOS,8,6,1.0,0.4475706428839196,0.4746,BOS,COL,0
20260624_CHC@NYM,2026-06-24,NYM,CHC,3,10,0.0,0.46363818809967855,0.4833,CHC,CHC,1
20260624_CHC@NYM,2026-06-24,NYM,CHC,5,10,0.0,0.5305622469156627,0.5195,NYM,CHC,0
20260624_CLE@CWS,2026-06-24,CWS,CLE,3,4,0.0,0.43380915977864876,0.4671,CLE,CLE,1
20260624_HOU@TOR,2026-06-24,TOR,HOU,1,3,0.0,0.5420691042139567,0.5257,TOR,HOU,0
20260624_KC@TB,2026-06-24,TB,KC,5,3,1.0,0.5571245018723298,0.5339,TB,TB,1
20260624_LAD@MIN,2026-06-24,MIN,LAD,3,4,0.0,0.5298348755436413,0.5191,MIN,LAD,0
20260624_MIL@CIN,2026-06-24,CIN,MIL,5,6,0.0,0.47001653220256484,0.4868,MIL,MIL,1
20260624_NYY@DET,2026-06-24,DET,NYY,2,4,0.0,0.5042856048032712,0.5053,DET,NYY,0
20260624_PHI@WSH,2026-06-24,WSH,PHI,4,5,0.0,0.47036391792231513,0.487,PHI,PHI,1
20260624_SEA@PIT,2026-06-24,PIT,SEA,11,1,1.0,0.498326065288026,0.5021,SEA,PIT,0
20260624_TEX@MIA,2026-06-24,MIA,TEX,4,2,1.0,0.591420147457393,0.5527,MIA,MIA,1
20260623_ATH@SF,2026-06-23,SF,ATH,3,1,1.0,0.557992889847247,0.5344,SF,SF,1
20260623_ATL@SD,2026-06-23,SD,ATL,7,6,1.0,0.5539145357509704,0.5322,SD,SD,1
20260623_AZ@STL,2026-06-23,STL,AZ,3,4,0.0,0.5300825701822715,0.5192,STL,AZ,0
20260623_BAL@LAA,2026-06-23,LAA,BAL,5,1,1.0,0.48308417353650135,0.4938,BAL,LAA,0
20260623_BOS@COL,2026-06-23,COL,BOS,2,5,0.0,0.4667224419702153,0.485,BOS,BOS,1
20260623_CHC@NYM,2026-06-23,NYM,CHC,6,9,0.0,0.5449961984256837,0.5273,NYM,CHC,0
20260623_CLE@CWS,2026-06-23,CWS,CLE,2,1,1.0,0.45739954610818045,0.4799,CLE,CWS,0
20260623_HOU@TOR,2026-06-23,TOR,HOU,7,9,0.0,0.498642261137529,0.5022,HOU,HOU,1
20260623_KC@TB,2026-06-23,TB,KC,5,12,0.0,0.6017166315623381,0.5584,TB,KC,0
20260623_LAD@MIN,2026-06-23,MIN,LAD,3,12,0.0,0.47140254542573107,0.4875,LAD,LAD,1
20260623_MIL@CIN,2026-06-23,CIN,MIL,0,2,0.0,0.47954150345963953,0.4919,MIL,MIL,1
20260623_NYY@DET,2026-06-23,DET,NYY,3,4,0.0,0.5212148905745763,0.5144,DET,NYY,0
20260623_PHI@WSH,2026-06-23,WSH,PHI,9,14,0.0,0.4389648084538606,0.4699,PHI,PHI,1
20260623_SEA@PIT,2026-06-23,PIT,SEA,2,3,0.0,0.48537171835056503,0.4951,SEA,SEA,1
20260623_TEX@MIA,2026-06-23,MIA,TEX,6,4,1.0,0.614659114662948,0.5657,MIA,MIA,1
20260622_ATL@SD,2026-06-22,SD,ATL,1,0,1.0,0.5321674664245357,0.5204,SD,SD,1
20260622_AZ@STL,2026-06-22,STL,AZ,3,2,1.0,0.5725060901963214,0.5423,STL,STL,1
20260622_BAL@LAA,2026-06-22,LAA,BAL,1,6,0.0,0.4519179749794212,0.4769,BAL,BAL,1
20260622_BOS@COL,2026-06-22,COL,BOS,3,2,1.0,0.4333568283649981,0.4668,BOS,COL,0
20260622_CLE@CWS,2026-06-22,CWS,CLE,6,5,1.0,0.48127598531305743,0.4929,CLE,CWS,0
20260622_HOU@TOR,2026-06-22,TOR,HOU,4,2,1.0,0.5115002684100862,0.5092,TOR,TOR,1
20260622_KC@TB,2026-06-22,TB,KC,1,2,0.0,0.5982869933092929,0.5565,TB,KC,0
20260622_LAD@MIN,2026-06-22,MIN,LAD,1,2,0.0,0.42178909105872403,0.4605,LAD,LAD,1
20260622_MIL@CIN,2026-06-22,CIN,MIL,1,2,0.0,0.48231111537014926,0.4934,MIL,MIL,1
20260622_NYY@DET,2026-06-22,DET,NYY,5,3,1.0,0.48100912421869646,0.4927,NYY,DET,0
20260622_PHI@WSH,2026-06-22,WSH,PHI,4,1,1.0,0.4751771305257478,0.4896,PHI,WSH,0
20260622_TEX@MIA,2026-06-22,MIA,TEX,3,4,0.0,0.5562459726498071,0.5334,MIA,TEX,0
20260621_BAL@LAD,2026-06-21,LAD,BAL,1,12,0.0,0.6408267078175099,0.5805,LAD,BAL,0
20260621_BOS@SEA,2026-06-21,SEA,BOS,3,1,1.0,0.5579701167335883,0.5344,SEA,SEA,1
20260621_CIN@NYY,2026-06-21,NYY,CIN,1,4,0.0,0.5235118939153864,0.5157,NYY,CIN,0
20260621_CLE@HOU,2026-06-21,HOU,CLE,2,1,1.0,0.573591551676905,0.5429,HOU,HOU,1
20260621_CWS@DET,2026-06-21,DET,CWS,5,4,1.0,0.6084672082214345,0.5622,DET,DET,1
20260621_LAA@ATH,2026-06-21,ATH,LAA,7,9,0.0,0.44756339730868944,0.4746,LAA,LAA,1
20260621_MIL@ATL,2026-06-21,ATL,MIL,4,9,0.0,0.48800329344888327,0.4965,MIL,MIL,1
20260621_MIN@AZ,2026-06-21,AZ,MIN,2,4,0.0,0.6199701709559455,0.5686,AZ,MIN,0
20260621_NYM@PHI,2026-06-21,PHI,NYM,6,2,1.0,0.6369981031113918,0.5783,PHI,PHI,1
20260621_PIT@COL,2026-06-21,COL,PIT,6,8,0.0,0.45259813340403443,0.4773,PIT,PIT,1
20260621_SD@TEX,2026-06-21,TEX,SD,4,3,1.0,0.5604655570976934,0.5357,TEX,TEX,1
20260621_SF@MIA,2026-06-21,MIA,SF,2,1,1.0,0.5361382886975566,0.5225,MIA,MIA,1
20260621_STL@KC,2026-06-21,KC,STL,10,12,0.0,0.4259256047760457,0.4627,STL,STL,1
20260621_WSH@TB,2026-06-21,TB,WSH,4,3,1.0,0.5279466584079952,0.5181,TB,TB,1
20260620_BAL@LAD,2026-06-20,LAD,BAL,2,3,0.0,0.6146369351966657,0.5657,LAD,BAL,0
20260620_BOS@SEA,2026-06-20,SEA,BOS,1,5,0.0,0.48520266830533815,0.495,BOS,BOS,1
20260620_CIN@NYY,2026-06-20,NYY,CIN,2,10,0.0,0.5815065183521645,0.5473,NYY,CIN,0
20260620_CLE@HOU,2026-06-20,HOU,CLE,1,8,0.0,0.644198202769445,0.5824,HOU,CLE,0
20260620_CWS@DET,2026-06-20,DET,CWS,4,1,1.0,0.62862108902133,0.5735,DET,DET,1
20260620_LAA@ATH,2026-06-20,ATH,LAA,0,7,0.0,0.48013337793725974,0.4922,LAA,LAA,1
20260620_MIL@ATL,2026-06-20,ATL,MIL,4,3,1.0,0.47591419006217117,0.49,MIL,ATL,0
20260620_MIN@AZ,2026-06-20,AZ,MIN,8,16,0.0,0.5447770962425992,0.5272,AZ,MIN,0
20260620_NYM@PHI,2026-06-20,PHI,NYM,15,3,1.0,0.6373251382462184,0.5785,PHI,PHI,1
20260620_PIT@COL,2026-06-20,COL,PIT,2,1,1.0,0.3977084743823467,0.4471,PIT,COL,0
20260620_SD@TEX,2026-06-20,TEX,SD,4,6,0.0,0.5348787426302986,0.5218,TEX,SD,0
20260620_SF@MIA,2026-06-20,MIA,SF,6,3,1.0,0.6186869431529517,0.5679,MIA,MIA,1
20260620_TOR@CHC,2026-06-20,CHC,TOR,6,8,0.0,0.5489396755276739,0.5295,CHC,TOR,0
20260620_WSH@TB,2026-06-20,TB,WSH,3,4,0.0,0.5198272272082701,0.5137,TB,WSH,0
20260619_BAL@LAD,2026-06-19,LAD,BAL,6,5,1.0,0.5977972525861763,0.5563,LAD,LAD,1
20260619_BOS@SEA,2026-06-19,SEA,BOS,2,6,0.0,0.5382408412101698,0.5237,SEA,BOS,0
20260619_CIN@NYY,2026-06-19,NYY,CIN,5,0,1.0,0.6268493679986888,0.5725,NYY,NYY,1
20260619_CLE@HOU,2026-06-19,HOU,CLE,9,3,1.0,0.5726675469328097,0.5424,HOU,HOU,1
20260619_CWS@DET,2026-06-19,DET,CWS,4,3,1.0,0.6015146116452074,0.5583,DET,DET,1
20260619_LAA@ATH,2026-06-19,ATH,LAA,12,11,1.0,0.461251954918343,0.482,LAA,ATH,0
20260619_MIL@ATL,2026-06-19,ATL,MIL,3,2,1.0,0.4472759332272932,0.4744,MIL,ATL,0
20260619_MIN@AZ,2026-06-19,AZ,MIN,9,5,1.0,0.6462354560382431,0.5836,AZ,AZ,1
20260619_PIT@COL,2026-06-19,COL,PIT,4,3,1.0,0.4051220632470366,0.4513,PIT,COL,0
20260619_SD@TEX,2026-06-19,TEX,SD,9,7,1.0,0.48776111105321573,0.4964,SD,TEX,0
20260619_SF@MIA,2026-06-19,MIA,SF,4,3,1.0,0.5960979609215651,0.5553,MIA,MIA,1
20260619_STL@KC,2026-06-19,KC,STL,6,5,1.0,0.464127866029138,0.4836,STL,KC,0
20260619_TOR@CHC,2026-06-19,CHC,TOR,16,2,1.0,0.5971533642284744,0.5559,CHC,CHC,1
20260619_WSH@TB,2026-06-19,TB,WSH,5,2,1.0,0.4868623119821434,0.4959,WSH,TB,0
20260618_BAL@SEA,2026-06-18,SEA,BAL,3,0,1.0,0.5719726002702579,0.5414,SEA,SEA,1
20260618_CLE@MIL,2026-06-18,MIL,CLE,2,4,0.0,0.5481726558179718,0.5283,MIL,CLE,0
20260618_CWS@NYY,2026-06-18,NYY,CWS,1,5,0.0,0.5951947385666161,0.5543,NYY,CWS,0
20260618_LAA@ATH,2026-06-18,ATH,LAA,5,0,1.0,0.5024597778336709,0.5034,ATH,ATH,1
20260618_MIN@TEX,2026-06-18,TEX,MIN,3,9,0.0,0.5589940037458823,0.5343,TEX,MIN,0
20260618_NYM@PHI,2026-06-18,PHI,NYM,4,6,0.0,0.5233696337632479,0.5148,PHI,NYM,0
20260618_STL@KC,2026-06-18,KC,STL,14,6,1.0,0.49210351125770535,0.4977,STL,KC,0
20260618_TOR@BOS,2026-06-18,BOS,TOR,3,4,0.0,0.5020158975200414,0.5031,BOS,TOR,0
20260617_BAL@SEA,2026-06-17,SEA,BAL,3,5,0.0,0.5174692031474418,0.5115,SEA,BAL,0
20260617_CLE@MIL,2026-06-17,MIL,CLE,9,4,1.0,0.56225267615272,0.5361,MIL,MIL,1
20260617_COL@CHC,2026-06-17,CHC,COL,8,6,1.0,0.6281623529632867,0.573,CHC,CHC,1
20260617_CWS@NYY,2026-06-17,NYY,CWS,10,5,1.0,0.6306626858961804,0.5744,NYY,NYY,1
20260617_DET@HOU,2026-06-17,HOU,DET,4,2,1.0,0.5150304661827139,0.5102,HOU,HOU,1
20260617_KC@WSH,2026-06-17,WSH,KC,2,6,0.0,0.5906378541927255,0.5518,WSH,KC,0
20260617_LAA@AZ,2026-06-17,AZ,LAA,8,1,1.0,0.6225035706402141,0.5697,AZ,AZ,1
20260617_MIA@PHI,2026-06-17,PHI,MIA,4,12,0.0,0.5705309020540938,0.5406,PHI,MIA,0
20260617_NYM@CIN,2026-06-17,CIN,NYM,1,9,0.0,0.5042308698913225,0.5043,CIN,NYM,0
20260617_PIT@ATH,2026-06-17,ATH,PIT,4,12,0.0,0.47990813756316464,0.491,PIT,PIT,1
20260617_SD@STL,2026-06-17,STL,SD,1,6,0.0,0.5165060100362688,0.511,STL,SD,0
20260617_SF@ATL,2026-06-17,ATL,SF,5,7,0.0,0.6014402220011739,0.5578,ATL,SF,0
20260617_TB@LAD,2026-06-17,LAD,TB,5,4,1.0,0.5570124084385463,0.5332,LAD,LAD,1
20260617_TOR@BOS,2026-06-17,BOS,TOR,0,3,0.0,0.5204042452906082,0.5131,BOS,TOR,0
20260616_BAL@SEA,2026-06-16,SEA,BAL,3,1,1.0,0.558004913722663,0.5337,SEA,SEA,1
20260616_CLE@MIL,2026-06-16,MIL,CLE,2,1,1.0,0.5954804155351336,0.5545,MIL,MIL,1
20260616_COL@CHC,2026-06-16,CHC,COL,2,5,0.0,0.5840037154067432,0.5481,CHC,COL,0
20260616_CWS@NYY,2026-06-16,NYY,CWS,12,2,1.0,0.622462517424774,0.5697,NYY,NYY,1
20260616_DET@HOU,2026-06-16,HOU,DET,4,2,1.0,0.5632029023315428,0.5366,HOU,HOU,1
20260616_KC@WSH,2026-06-16,WSH,KC,6,4,1.0,0.5915105017285057,0.5523,WSH,WSH,1
20260616_LAA@AZ,2026-06-16,AZ,LAA,0,7,0.0,0.4986484484676824,0.5013,LAA,LAA,1
20260616_MIA@PHI,2026-06-16,PHI,MIA,8,2,1.0,0.580179027037806,0.546,PHI,PHI,1
20260616_MIN@TEX,2026-06-16,TEX,MIN,2,12,0.0,0.5561260020588632,0.5327,TEX,MIN,0
20260616_NYM@CIN,2026-06-16,CIN,NYM,5,3,1.0,0.48956633446957737,0.4963,NYM,CIN,0
20260616_PIT@ATH,2026-06-16,ATH,PIT,5,6,0.0,0.5382927100983452,0.5229,ATH,PIT,0
20260616_SD@STL,2026-06-16,STL,SD,3,2,1.0,0.5468854125951395,0.5276,STL,STL,1
20260616_SF@ATL,2026-06-16,ATL,SF,2,7,0.0,0.6147801371664312,0.5654,ATL,SF,0
20260616_TB@LAD,2026-06-16,LAD,TB,1,0,1.0,0.5383446697701727,0.5229,LAD,LAD,1
20260616_TOR@BOS,2026-06-16,BOS,TOR,1,6,0.0,0.47062936356396695,0.486,TOR,TOR,1
20260615_COL@CHC,2026-06-15,CHC,COL,5,4,1.0,0.6269060860527503,0.5722,CHC,CHC,1
20260615_DET@HOU,2026-06-15,HOU,DET,3,9,0.0,0.467223969227686,0.4841,DET,DET,1
20260615_KC@WSH,2026-06-15,WSH,KC,7,3,1.0,0.4875189853366386,0.4952,KC,WSH,0
20260615_LAA@AZ,2026-06-15,AZ,LAA,4,3,1.0,0.5288924979039793,0.5178,AZ,AZ,1
20260615_MIA@PHI,2026-06-15,PHI,MIA,7,0,1.0,0.6679533181680274,0.5961,PHI,PHI,1
20260615_MIN@TEX,2026-06-15,TEX,MIN,2,4,0.0,0.5837833308492228,0.548,TEX,MIN,0
20260615_NYM@CIN,2026-06-15,CIN,NYM,12,0,1.0,0.5201295644684099,0.513,CIN,CIN,1
20260615_PIT@ATH,2026-06-15,ATH,PIT,11,2,1.0,0.5543422225213679,0.5317,ATH,ATH,1
20260615_SD@STL,2026-06-15,STL,SD,3,0,1.0,0.6364982532656928,0.5777,STL,STL,1
20260615_TB@LAD,2026-06-15,LAD,TB,4,3,1.0,0.4975691942429764,0.5007,TB,LAD,0
20260614_ATL@NYM,2026-06-14,NYM,ATL,8,1,1.0,0.5191603202677858,0.5125,NYM,NYM,1
20260614_AZ@CIN,2026-06-14,CIN,AZ,3,5,0.0,0.5664899556561559,0.5384,CIN,AZ,0
20260614_CHC@SF,2026-06-14,SF,CHC,5,1,1.0,0.38474817376341336,0.4383,CHC,SF,0
20260614_COL@ATH,2026-06-14,ATH,COL,9,23,0.0,0.6786574598603353,0.6024,ATH,COL,0
20260614_HOU@KC,2026-06-14,KC,HOU,4,0,1.0,0.465049429943583,0.4829,HOU,KC,0
20260614_LAD@CWS,2026-06-14,CWS,LAD,6,4,1.0,0.4606937532154348,0.4805,LAD,CWS,0
20260614_MIA@PIT,2026-06-14,PIT,MIA,2,4,0.0,0.5187741724043373,0.5122,PIT,MIA,0
20260614_NYY@TOR,2026-06-14,TOR,NYY,3,8,0.0,0.5544529822610318,0.5318,TOR,NYY,0
20260614_PHI@MIL,2026-06-14,MIL,PHI,4,0,1.0,0.47784561255242813,0.4899,PHI,MIL,0
20260614_SD@BAL,2026-06-14,BAL,SD,2,5,0.0,0.5456797920938962,0.527,BAL,SD,0
20260614_SEA@WSH,2026-06-14,WSH,SEA,10,1,1.0,0.510127890822732,0.5075,WSH,WSH,1
20260614_STL@MIN,2026-06-14,MIN,STL,5,4,1.0,0.513174188952372,0.5092,MIN,MIN,1
20260614_TB@LAA,2026-06-14,LAA,TB,3,8,0.0,0.41237293546500814,0.4539,TB,TB,1
20260614_TEX@BOS,2026-06-14,BOS,TEX,4,6,0.0,0.5304496095837244,0.5186,BOS,TEX,0
20260613_ATL@NYM,2026-06-13,NYM,ATL,1,3,0.0,0.5579430244727148,0.5337,NYM,ATL,0
20260613_AZ@CIN,2026-06-13,CIN,AZ,2,1,1.0,0.5244668040717791,0.5154,CIN,CIN,1
20260613_CHC@SF,2026-06-13,SF,CHC,1,6,0.0,0.45519879152584675,0.4775,CHC,CHC,1
20260613_COL@ATH,2026-06-13,ATH,COL,7,5,1.0,0.6581177576176243,0.5903,ATH,ATH,1
20260613_DET@CLE,2026-06-13,CLE,DET,3,1,1.0,0.5247401552423097,0.5155,CLE,CLE,1
20260613_HOU@KC,2026-06-13,KC,HOU,7,8,0.0,0.5938195657920133,0.5536,KC,HOU,0
20260613_LAD@CWS,2026-06-13,CWS,LAD,1,7,0.0,0.6203211646601036,0.5685,CWS,LAD,0
20260613_MIA@PIT,2026-06-13,PIT,MIA,3,2,1.0,0.491144481674635,0.4972,MIA,PIT,0
20260613_NYY@TOR,2026-06-13,TOR,NYY,1,3,0.0,0.554856787341517,0.532,TOR,NYY,0
20260613_PHI@MIL,2026-06-13,MIL,PHI,8,9,0.0,0.5325097719623142,0.5198,MIL,PHI,0
20260613_SD@BAL,2026-06-13,BAL,SD,3,9,0.0,0.6266747795690392,0.5721,BAL,SD,0
20260613_SEA@WSH,2026-06-13,WSH,SEA,8,3,1.0,0.5004210154846424,0.5022,WSH,WSH,1
20260613_STL@MIN,2026-06-13,MIN,STL,6,9,0.0,0.48731820688340133,0.4951,STL,STL,1
20260613_TB@LAA,2026-06-13,LAA,TB,8,0,1.0,0.4542098500988803,0.477,TB,LAA,0
20260613_TEX@BOS,2026-06-13,BOS,TEX,6,3,1.0,0.5034101295176264,0.5039,BOS,BOS,1
20260612_ATL@NYM,2026-06-12,NYM,ATL,7,5,1.0,0.4998318226118865,0.5019,ATL,NYM,0
20260612_AZ@CIN,2026-06-12,CIN,AZ,2,5,0.0,0.5474395513460522,0.5279,CIN,AZ,0
20260612_CHC@SF,2026-06-12,SF,CHC,1,5,0.0,0.4065825105160116,0.4506,CHC,CHC,1
20260612_COL@ATH,2026-06-12,ATH,COL,6,4,1.0,0.6463718386545702,0.5834,ATH,ATH,1
20260612_DET@CLE,2026-06-12,CLE,DET,3,2,1.0,0.5061445223855762,0.5054,CLE,CLE,1
20260612_HOU@KC,2026-06-12,KC,HOU,8,10,0.0,0.5534324459921751,0.5312,KC,HOU,0
20260612_LAD@CWS,2026-06-12,CWS,LAD,8,2,1.0,0.5332826485968378,0.5202,CWS,CWS,1
20260612_MIA@PIT,2026-06-12,PIT,MIA,3,8,0.0,0.5478422027303065,0.5281,PIT,MIA,0
20260612_NYY@TOR,2026-06-12,TOR,NYY,8,5,1.0,0.5765318456044835,0.544,TOR,TOR,1
20260612_PHI@MIL,2026-06-12,MIL,PHI,6,0,1.0,0.6146427528001055,0.5653,MIL,MIL,1
20260612_SD@BAL,2026-06-12,BAL,SD,7,3,1.0,0.5571241737610837,0.5332,BAL,BAL,1
20260612_SEA@WSH,2026-06-12,WSH,SEA,2,10,0.0,0.5017209560820028,0.5029,WSH,SEA,0
20260612_STL@MIN,2026-06-12,MIN,STL,9,8,1.0,0.5154871400336988,0.5105,MIN,MIN,1
20260612_TB@LAA,2026-06-12,LAA,TB,4,3,1.0,0.4642673778568746,0.4825,TB,LAA,0
20260612_TEX@BOS,2026-06-12,BOS,TEX,10,1,1.0,0.5234671840022067,0.5148,BOS,BOS,1
20260611_AZ@MIA,2026-06-11,MIA,AZ,2,0,1.0,0.5002969034100958,0.5007,MIA,MIA,1
20260611_CHC@COL,2026-06-11,COL,CHC,3,9,0.0,0.42099730566984017,0.4571,CHC,CHC,1
20260611_LAD@PIT,2026-06-11,PIT,LAD,6,8,0.0,0.5229730137135359,0.5131,PIT,LAD,0
20260611_MIN@DET,2026-06-11,DET,MIN,11,0,1.0,0.5510373029753285,0.5285,DET,DET,1
20260611_SEA@BAL,2026-06-11,BAL,SEA,7,5,1.0,0.5137455431119138,0.508,BAL,BAL,1
20260611_STL@NYM,2026-06-11,NYM,STL,5,4,1.0,0.5932741633550398,0.5519,NYM,NYM,1
20260611_TEX@KC,2026-06-11,KC,TEX,2,4,0.0,0.5714374616196027,0.5398,KC,TEX,0
20260610_ATL@CWS,2026-06-10,CWS,ATL,2,1,1.0,0.45292626473920244,0.4748,ATL,CWS,0
20260610_AZ@MIA,2026-06-10,MIA,AZ,8,0,1.0,0.4903664751302937,0.4953,AZ,MIA,0
20260610_BOS@TB,2026-06-10,TB,BOS,7,5,1.0,0.5853845799889226,0.5475,TB,TB,1
20260610_CHC@COL,2026-06-10,COL,CHC,3,2,1.0,0.39600793303071785,0.4431,CHC,COL,0
20260610_CIN@SD,2026-06-10,SD,CIN,5,4,1.0,0.5822146854471372,0.5457,SD,SD,1
20260610_HOU@LAA,2026-06-10,LAA,HOU,3,2,1.0,0.45660985924001746,0.4768,HOU,LAA,0
20260610_LAD@PIT,2026-06-10,PIT,LAD,9,8,1.0,0.5350053560084225,0.5197,PIT,PIT,1
20260610_MIL@ATH,2026-06-10,ATH,MIL,4,3,1.0,0.5075290503321389,0.5047,ATH,ATH,1
20260610_MIN@DET,2026-06-10,DET,MIN,4,6,0.0,0.5786737049846192,0.5438,DET,MIN,0
20260610_NYY@CLE,2026-06-10,CLE,NYY,4,8,0.0,0.5297832732718496,0.5168,CLE,NYY,0
20260610_PHI@TOR,2026-06-10,TOR,PHI,4,7,0.0,0.4669388135213073,0.4825,PHI,PHI,1
20260610_SEA@BAL,2026-06-10,BAL,SEA,7,2,1.0,0.4844756841086519,0.4921,SEA,BAL,0
20260610_STL@NYM,2026-06-10,NYM,STL,2,9,0.0,0.6254242369922193,0.5701,NYM,STL,0
20260610_TEX@KC,2026-06-10,KC,TEX,4,6,0.0,0.5653339325372497,0.5364,KC,TEX,0
20260610_WSH@SF,2026-06-10,SF,WSH,11,10,1.0,0.4260432581389957,0.4599,WSH,SF,0
20260609_ATL@CWS,2026-06-09,CWS,ATL,6,5,1.0,0.48188694425474443,0.4906,ATL,CWS,0
20260609_AZ@MIA,2026-06-09,MIA,AZ,10,6,1.0,0.4973928127901371,0.4991,AZ,MIA,0
20260609_BOS@TB,2026-06-09,TB,BOS,4,3,1.0,0.481911954951055,0.4907,BOS,TB,0
20260609_CHC@COL,2026-06-09,COL,CHC,7,3,1.0,0.429944702032622,0.4621,CHC,COL,0
20260609_CIN@SD,2026-06-09,SD,CIN,3,5,0.0,0.4690938643444372,0.4836,CIN,CIN,1
20260609_HOU@LAA,2026-06-09,LAA,HOU,10,1,1.0,0.47553704392938206,0.4872,HOU,LAA,0
20260609_LAD@PIT,2026-06-09,PIT,LAD,3,12,0.0,0.5795955977541781,0.5443,PIT,LAD,0
20260609_MIL@ATH,2026-06-09,ATH,MIL,7,5,1.0,0.5201373803631172,0.5115,ATH,ATH,1
20260609_MIN@DET,2026-06-09,DET,MIN,10,4,1.0,0.5563594024766729,0.5314,DET,DET,1
20260609_NYY@CLE,2026-06-09,CLE,NYY,2,3,0.0,0.4679342831267308,0.483,NYY,NYY,1
20260609_PHI@TOR,2026-06-09,TOR,PHI,3,2,1.0,0.5173686171624003,0.51,TOR,TOR,1
20260609_SEA@BAL,2026-06-09,BAL,SEA,5,6,0.0,0.4766749622332345,0.4878,SEA,SEA,1
20260609_STL@NYM,2026-06-09,NYM,STL,0,7,0.0,0.6189170588543231,0.5664,NYM,STL,0
20260609_TEX@KC,2026-06-09,KC,TEX,5,3,1.0,0.5685377323610035,0.5381,KC,KC,1
20260609_WSH@SF,2026-06-09,SF,WSH,3,6,0.0,0.36804132830870206,0.4272,WSH,WSH,1
20260608_BOS@TB,2026-06-08,TB,BOS,3,1,1.0,0.5510511945963816,0.5285,TB,TB,1
20260608_CIN@SD,2026-06-08,SD,CIN,6,2,1.0,0.5128033393933665,0.5075,SD,SD,1
20260608_HOU@LAA,2026-06-08,LAA,HOU,4,5,0.0,0.4585486842308816,0.4779,HOU,HOU,1
20260608_MIL@ATH,2026-06-08,ATH,MIL,14,15,0.0,0.4248062810876449,0.4592,MIL,MIL,1
20260608_NYY@CLE,2026-06-08,CLE,NYY,5,7,0.0,0.603120165401805,0.5574,CLE,NYY,0
20260608_PHI@TOR,2026-06-08,TOR,PHI,2,5,0.0,0.47531041247438205,0.487,PHI,PHI,1
20260608_SEA@BAL,2026-06-08,BAL,SEA,3,6,0.0,0.5311216587914265,0.5176,BAL,SEA,0
20260608_WSH@SF,2026-06-08,SF,WSH,3,4,0.0,0.4336258857849515,0.4641,WSH,WSH,1
20260607_ATH@HOU,2026-06-07,HOU,ATH,0,5,0.0,0.5030635527201459,0.5022,HOU,ATH,0
20260607_BAL@TOR,2026-06-07,TOR,BAL,6,4,1.0,0.6009439089573607,0.5562,TOR,TOR,1
20260607_BOS@NYY,2026-06-07,NYY,BOS,6,1,1.0,0.48874772568797864,0.4944,BOS,NYY,0
20260607_CIN@STL,2026-06-07,STL,CIN,5,3,1.0,0.5613934596010904,0.5342,STL,STL,1
20260607_CLE@TEX,2026-06-07,TEX,CLE,10,0,1.0,0.507460314754775,0.5046,TEX,TEX,1
20260607_CWS@PHI,2026-06-07,PHI,CWS,9,5,1.0,0.6035657269367635,0.5577,PHI,PHI,1
20260607_KC@MIN,2026-06-07,MIN,KC,5,6,0.0,0.5178236384820152,0.5103,MIN,KC,0
20260607_LAA@LAD,2026-06-07,LAD,LAA,5,13,0.0,0.6153561828479736,0.5644,LAD,LAA,0
20260607_MIL@COL,2026-06-07,COL,MIL,4,12,0.0,0.36844773888826327,0.4274,MIL,MIL,1
20260607_NYM@SD,2026-06-07,SD,NYM,3,7,0.0,0.5631959304521347,0.5352,SD,NYM,0
20260607_PIT@ATL,2026-06-07,ATL,PIT,3,2,1.0,0.5579044379755469,0.5323,ATL,ATL,1
20260607_SEA@DET,2026-06-07,DET,SEA,5,4,1.0,0.46760505754536813,0.4828,SEA,DET,0
20260607_SF@CHC,2026-06-07,CHC,SF,1,2,0.0,0.6134798718605414,0.5633,CHC,SF,0
20260607_TB@MIA,2026-06-07,MIA,TB,4,1,1.0,0.4429031724985126,0.4692,TB,MIA,0
20260607_WSH@AZ,2026-06-07,AZ,WSH,5,1,1.0,0.5458855565399164,0.5257,AZ,AZ,1
20260606_ATH@HOU,2026-06-06,HOU,ATH,13,2,1.0,0.5831630710057826,0.5463,HOU,HOU,1
20260606_BAL@TOR,2026-06-06,TOR,BAL,6,4,1.0,0.5756617064475386,0.5421,TOR,TOR,1
20260606_CIN@STL,2026-06-06,STL,CIN,6,5,1.0,0.5703678716350665,0.5392,STL,STL,1
20260606_CLE@TEX,2026-06-06,TEX,CLE,0,6,0.0,0.5137626415804594,0.5081,TEX,CLE,0
20260606_CWS@PHI,2026-06-06,PHI,CWS,3,6,0.0,0.6346085566529707,0.5754,PHI,CWS,0
20260606_KC@MIN,2026-06-06,MIN,KC,2,3,0.0,0.48468664952975904,0.4922,KC,KC,1
20260606_LAA@LAD,2026-06-06,LAD,LAA,9,2,1.0,0.6808745880079392,0.6026,LAD,LAD,1
20260606_MIL@COL,2026-06-06,COL,MIL,1,7,0.0,0.27324686696248685,0.37,MIL,MIL,1
20260606_NYM@SD,2026-06-06,SD,NYM,3,2,1.0,0.5564122945904658,0.5314,SD,SD,1
20260606_PIT@ATL,2026-06-06,ATL,PIT,6,3,1.0,0.5461911322289248,0.5258,ATL,ATL,1
20260606_SEA@DET,2026-06-06,DET,SEA,0,4,0.0,0.487610238918616,0.4938,SEA,SEA,1
20260606_SF@CHC,2026-06-06,CHC,SF,3,2,1.0,0.6374042228345477,0.577,CHC,CHC,1
20260606_TB@MIA,2026-06-06,MIA,TB,4,3,1.0,0.4598512826873557,0.4786,TB,MIA,0
20260606_WSH@AZ,2026-06-06,AZ,WSH,1,6,0.0,0.5659145790353768,0.5367,AZ,WSH,0
20260605_ATH@HOU,2026-06-05,HOU,ATH,5,1,1.0,0.5472302098412666,0.5264,HOU,HOU,1
20260605_BAL@TOR,2026-06-05,TOR,BAL,3,13,0.0,0.6500659268374891,0.5843,TOR,BAL,0
20260605_BOS@NYY,2026-06-05,NYY,BOS,3,5,0.0,0.5545790018318446,0.5304,NYY,BOS,0
20260605_CIN@STL,2026-06-05,STL,CIN,10,3,1.0,0.6220426181691836,0.5682,STL,STL,1
20260605_CLE@TEX,2026-06-05,TEX,CLE,3,2,1.0,0.523708282939028,0.5135,TEX,TEX,1
20260605_CWS@PHI,2026-06-05,PHI,CWS,8,6,1.0,0.656637342761844,0.5882,PHI,PHI,1
20260605_KC@MIN,2026-06-05,MIN,KC,5,3,1.0,0.5156386438728864,0.5091,MIN,MIN,1
20260605_LAA@LAD,2026-06-05,LAD,LAA,1,0,1.0,0.6125200526306944,0.5628,LAD,LAD,1
20260605_MIL@COL,2026-06-05,COL,MIL,7,9,0.0,0.36998027118418964,0.4283,MIL,MIL,1
20260605_NYM@SD,2026-06-05,SD,NYM,0,5,0.0,0.5500550958671118,0.5279,SD,NYM,0
20260605_PIT@ATL,2026-06-05,ATL,PIT,6,3,1.0,0.5283952466927115,0.5161,ATL,ATL,1
20260605_SEA@DET,2026-06-05,DET,SEA,7,3,1.0,0.45216424261302146,0.4743,SEA,DET,0
20260605_SF@CHC,2026-06-05,CHC,SF,3,18,0.0,0.6075432683286245,0.5599,CHC,SF,0
20260605_TB@MIA,2026-06-05,MIA,TB,0,6,0.0,0.5340693580294066,0.5192,MIA,TB,0
20260605_WSH@AZ,2026-06-05,AZ,WSH,1,14,0.0,0.4830621873715112,0.4913,WSH,WSH,1
20260604_ATH@CHC,2026-06-04,CHC,ATH,7,6,1.0,0.5131957498633378,0.5071,CHC,CHC,1
20260604_BAL@BOS,2026-06-04,BOS,BAL,2,8,0.0,0.5968455251129,0.5534,BOS,BAL,0
20260604_CLE@NYY,2026-06-04,NYY,CLE,2,1,1.0,0.5367157914455225,0.52,NYY,NYY,1
20260604_KC@MIN,2026-06-04,MIN,KC,6,8,0.0,0.5324951849653131,0.5177,MIN,KC,0
20260604_LAD@AZ,2026-06-04,AZ,LAD,3,2,1.0,0.5308201296221984,0.5168,AZ,AZ,1
20260604_PIT@HOU,2026-06-04,HOU,PIT,1,5,0.0,0.5617335335691692,0.5338,HOU,PIT,0
20260604_SD@PHI,2026-06-04,PHI,SD,6,4,1.0,0.6559584675284031,0.5874,PHI,PHI,1
20260604_SF@MIL,2026-06-04,MIL,SF,9,12,0.0,0.7013093506648995,0.6148,MIL,SF,0
20260604_TOR@ATL,2026-06-04,ATL,TOR,2,7,0.0,0.5737150077611408,0.5405,ATL,TOR,0
20260603_ATH@CHC,2026-06-03,CHC,ATH,4,5,0.0,0.5760912406273719,0.5418,CHC,ATH,0
20260603_BAL@BOS,2026-06-03,BOS,BAL,8,1,1.0,0.5426473662049554,0.5233,BOS,BOS,1
20260603_CLE@NYY,2026-06-03,NYY,CLE,4,5,0.0,0.5554044413868777,0.5303,NYY,CLE,0
20260603_COL@LAA,2026-06-03,LAA,COL,11,4,1.0,0.5951479618140516,0.5525,LAA,LAA,1
20260603_CWS@MIN,2026-06-03,MIN,CWS,0,8,0.0,0.5907205929349634,0.55,MIN,CWS,0
20260603_DET@TB,2026-06-03,TB,DET,2,7,0.0,0.5922636333397246,0.5509,TB,DET,0
20260603_KC@CIN,2026-06-03,CIN,KC,2,5,0.0,0.5929635372193515,0.5513,CIN,KC,0
20260603_LAD@AZ,2026-06-03,AZ,LAD,0,7,0.0,0.48773957408284146,0.4931,LAD,LAD,1
20260603_MIA@WSH,2026-06-03,WSH,MIA,1,4,0.0,0.471021716904302,0.4839,MIA,MIA,1
20260603_NYM@SEA,2026-06-03,SEA,NYM,1,7,0.0,0.6330467209379914,0.5741,SEA,NYM,0
20260603_PIT@HOU,2026-06-03,HOU,PIT,11,9,1.0,0.5135525814437701,0.5073,HOU,HOU,1
20260603_SD@PHI,2026-06-03,PHI,SD,3,2,1.0,0.6508345243861551,0.5844,PHI,PHI,1
20260603_SF@MIL,2026-06-03,MIL,SF,0,1,0.0,0.6887899808903284,0.6071,MIL,SF,0
20260603_TEX@STL,2026-06-03,STL,TEX,5,3,1.0,0.5267518801100451,0.5145,STL,STL,1
20260603_TOR@ATL,2026-06-03,ATL,TOR,7,3,1.0,0.5847908120870285,0.5467,ATL,ATL,1
20260602_ATH@CHC,2026-06-02,CHC,ATH,1,2,0.0,0.5537624258289678,0.5294,CHC,ATH,0
20260602_BAL@BOS,2026-06-02,BOS,BAL,2,4,0.0,0.5433577700058192,0.5237,BOS,BAL,0
20260602_CLE@NYY,2026-06-02,NYY,CLE,4,9,0.0,0.5841555310453115,0.5463,NYY,CLE,0
20260602_COL@LAA,2026-06-02,LAA,COL,2,8,0.0,0.5420507192445585,0.523,LAA,COL,0
20260602_CWS@MIN,2026-06-02,MIN,CWS,6,4,1.0,0.4801922471587698,0.489,CWS,MIN,0
20260602_DET@TB,2026-06-02,TB,DET,0,8,0.0,0.5353266654038398,0.5192,TB,DET,0
20260602_KC@CIN,2026-06-02,CIN,KC,4,3,1.0,0.6073596232753659,0.5594,CIN,CIN,1
20260602_LAD@AZ,2026-06-02,AZ,LAD,5,6,0.0,0.5504287999866435,0.5276,AZ,LAD,0
20260602_MIA@WSH,2026-06-02,WSH,MIA,3,7,0.0,0.45142284054049736,0.4732,MIA,MIA,1
20260602_NYM@SEA,2026-06-02,SEA,NYM,8,3,1.0,0.5699527137248793,0.5384,SEA,SEA,1
20260602_PIT@HOU,2026-06-02,HOU,PIT,6,10,0.0,0.6832099364294089,0.6037,HOU,PIT,0
20260602_SD@PHI,2026-06-02,PHI,SD,3,2,1.0,0.5773850931589187,0.5425,PHI,PHI,1
20260602_SF@MIL,2026-06-02,MIL,SF,8,3,1.0,0.7145538417069836,0.6231,MIL,MIL,1
20260602_TEX@STL,2026-06-02,STL,TEX,4,7,0.0,0.5892848575923473,0.5492,STL,TEX,0
20260602_TOR@ATL,2026-06-02,ATL,TOR,4,3,1.0,0.5924201142820564,0.5509,ATL,ATL,1
20260601_COL@LAA,2026-06-01,LAA,COL,8,9,0.0,0.584918758391672,0.5467,LAA,COL,0
20260601_CWS@MIN,2026-06-01,MIN,CWS,9,6,1.0,0.5067075874326636,0.5035,MIN,MIN,1
20260601_DET@TB,2026-06-01,TB,DET,9,10,0.0,0.5109844387725135,0.5059,TB,DET,0
20260601_KC@CIN,2026-06-01,CIN,KC,2,9,0.0,0.6423675121218183,0.5795,CIN,KC,0
20260601_LAD@AZ,2026-06-01,AZ,LAD,4,1,1.0,0.4563094546656722,0.4759,LAD,AZ,0
20260601_MIA@WSH,2026-06-01,WSH,MIA,3,7,0.0,0.5254716527172725,0.5138,WSH,MIA,0
20260601_NYM@SEA,2026-06-01,SEA,NYM,3,2,1.0,0.6136736836387257,0.563,SEA,SEA,1
20260601_SF@MIL,2026-06-01,MIL,SF,16,2,1.0,0.661421456871228,0.5906,MIL,MIL,1
20260601_TEX@STL,2026-06-01,STL,TEX,1,2,0.0,0.555742912196943,0.5305,STL,TEX,0
20260531_ATL@CIN,2026-05-31,CIN,ATL,6,4,1.0,0.48147570223559605,0.4897,ATL,CIN,0
20260531_AZ@SEA,2026-05-31,SEA,AZ,3,2,1.0,0.5749735633103761,0.5412,SEA,SEA,1
20260531_BOS@CLE,2026-05-31,CLE,BOS,4,9,0.0,0.5183679212684412,0.5099,CLE,BOS,0
20260531_CHC@STL,2026-05-31,STL,CHC,5,1,1.0,0.4516557297170474,0.4733,CHC,STL,0
20260531_DET@CWS,2026-05-31,CWS,DET,2,1,1.0,0.5341314643568532,0.5186,CWS,CWS,1
20260531_KC@TEX,2026-05-31,TEX,KC,6,3,1.0,0.5805561342603013,0.5443,TEX,TEX,1
20260531_LAA@TB,2026-05-31,TB,LAA,5,2,1.0,0.6310664715778292,0.5729,TB,TB,1
20260531_MIA@NYM,2026-05-31,NYM,MIA,10,1,1.0,0.5189237586560345,0.5102,NYM,NYM,1
20260531_MIL@HOU,2026-05-31,HOU,MIL,0,2,0.0,0.4887459545754758,0.4937,MIL,MIL,1
20260531_MIN@PIT,2026-05-31,PIT,MIN,9,3,1.0,0.6225652003655593,0.568,PIT,PIT,1
20260531_NYY@ATH,2026-05-31,ATH,NYY,8,13,0.0,0.39479666916457457,0.4416,NYY,NYY,1
20260531_PHI@LAD,2026-05-31,LAD,PHI,9,1,1.0,0.5998514895316052,0.5551,LAD,LAD,1
20260531_SD@WSH,2026-05-31,WSH,SD,4,2,1.0,0.5241356729681592,0.5131,WSH,WSH,1
20260531_SF@COL,2026-05-31,COL,SF,6,19,0.0,0.4438375971961556,0.469,SF,SF,1
20260531_TOR@BAL,2026-05-31,BAL,TOR,9,5,1.0,0.4869354881296293,0.4927,TOR,BAL,0
20260530_ATL@CIN,2026-05-30,CIN,ATL,2,5,0.0,0.4908475154676627,0.4948,ATL,ATL,1
20260530_AZ@SEA,2026-05-30,SEA,AZ,5,1,1.0,0.5516008735143023,0.5282,SEA,SEA,1
20260530_BOS@CLE,2026-05-30,CLE,BOS,1,9,0.0,0.5470797409366982,0.5257,CLE,BOS,0
20260530_CHC@STL,2026-05-30,STL,CHC,1,6,0.0,0.5186182831640089,0.5101,STL,CHC,0
20260530_DET@CWS,2026-05-30,CWS,DET,7,1,1.0,0.5486860727265074,0.5266,CWS,CWS,1
20260530_KC@TEX,2026-05-30,TEX,KC,7,6,1.0,0.6503511661017863,0.5841,TEX,TEX,1
20260530_LAA@TB,2026-05-30,TB,LAA,3,14,0.0,0.6078699378121539,0.5597,TB,LAA,0
20260530_MIA@NYM,2026-05-30,NYM,MIA,6,1,1.0,0.5242042980200586,0.5131,NYM,NYM,1
20260530_MIL@HOU,2026-05-30,HOU,MIL,9,2,1.0,0.630657353610297,0.5727,HOU,HOU,1
20260530_MIN@PIT,2026-05-30,PIT,MIN,10,9,1.0,0.6005222152629667,0.5555,PIT,PIT,1
20260530_NYY@ATH,2026-05-30,ATH,NYY,6,4,1.0,0.462043874778141,0.479,NYY,ATH,0
20260530_PHI@LAD,2026-05-30,LAD,PHI,3,4,0.0,0.5744350681356777,0.5409,LAD,PHI,0
20260530_SD@WSH,2026-05-30,WSH,SD,9,4,1.0,0.4881231795179707,0.4933,SD,WSH,0
20260530_SF@COL,2026-05-30,COL,SF,8,3,1.0,0.44338861453365863,0.4687,SF,COL,0
20260530_TOR@BAL,2026-05-30,BAL,TOR,6,5,1.0,0.4886711127917215,0.4936,TOR,BAL,0
20260529_ATL@CIN,2026-05-29,CIN,ATL,3,8,0.0,0.47880219074638564,0.4882,ATL,ATL,1
20260529_AZ@SEA,2026-05-29,SEA,AZ,7,6,1.0,0.5192023803469248,0.5104,SEA,SEA,1
20260529_BOS@CLE,2026-05-29,CLE,BOS,4,3,1.0,0.6009911990152244,0.5558,CLE,CLE,1
20260529_CHC@STL,2026-05-29,STL,CHC,6,5,1.0,0.5659445220363405,0.5362,STL,STL,1
20260529_DET@CWS,2026-05-29,CWS,DET,4,3,1.0,0.5434762579153103,0.5237,CWS,CWS,1
20260529_KC@TEX,2026-05-29,TEX,KC,9,1,1.0,0.6696235736187988,0.5955,TEX,TEX,1
20260529_LAA@TB,2026-05-29,TB,LAA,8,5,1.0,0.6281277180212688,0.5712,TB,TB,1
20260529_MIA@NYM,2026-05-29,NYM,MIA,9,7,1.0,0.5530526555701815,0.529,NYM,NYM,1
20260529_MIL@HOU,2026-05-29,HOU,MIL,4,5,0.0,0.5708503421735176,0.5389,HOU,MIL,0
20260529_MIN@PIT,2026-05-29,PIT,MIN,6,5,1.0,0.5108529692700627,0.5058,PIT,PIT,1
20260529_NYY@ATH,2026-05-29,ATH,NYY,2,8,0.0,0.4515152486136723,0.4732,NYY,NYY,1
20260529_PHI@LAD,2026-05-29,LAD,PHI,4,2,1.0,0.6168012653318315,0.5647,LAD,LAD,1
20260529_SD@WSH,2026-05-29,WSH,SD,5,7,0.0,0.5087138941351552,0.5046,WSH,SD,0
20260529_SF@COL,2026-05-29,COL,SF,8,6,1.0,0.3965744408218834,0.4426,SF,COL,0
20260529_TOR@BAL,2026-05-29,BAL,TOR,5,6,0.0,0.4990177656823255,0.4993,TOR,TOR,1
20260528_ATL@BOS,2026-05-28,BOS,ATL,2,10,0.0,0.45755624373608106,0.4779,ATL,ATL,1
20260528_CHC@PIT,2026-05-28,PIT,CHC,2,7,0.0,0.5121454345369845,0.5079,PIT,CHC,0
20260528_HOU@TEX,2026-05-28,TEX,HOU,1,5,0.0,0.5597209676304298,0.5342,TEX,HOU,0
20260528_LAA@DET,2026-05-28,DET,LAA,1,7,0.0,0.5605379342568385,0.5347,DET,LAA,0
20260528_MIN@CWS,2026-05-28,CWS,MIN,6,2,1.0,0.4392878826115699,0.4677,MIN,CWS,0
20260528_TOR@BAL,2026-05-28,BAL,TOR,1,2,0.0,0.5552016160156753,0.5317,BAL,TOR,0
20260527_ATL@BOS,2026-05-27,BOS,ATL,8,0,1.0,0.4776962269282941,0.489,ATL,BOS,0
20260527_AZ@SF,2026-05-27,SF,AZ,2,3,0.0,0.518138278065715,0.5112,SF,AZ,0
20260527_CHC@PIT,2026-05-27,PIT,CHC,4,10,0.0,0.5103826773394438,0.507,PIT,CHC,0
20260527_CIN@NYM,2026-05-27,NYM,CIN,4,2,1.0,0.5134553793108345,0.5087,NYM,NYM,1
20260527_COL@LAD,2026-05-27,LAD,COL,4,1,1.0,0.7620492255830869,0.6561,LAD,LAD,1
20260527_HOU@TEX,2026-05-27,TEX,HOU,3,4,0.0,0.5559663314362305,0.5322,TEX,HOU,0
20260527_LAA@DET,2026-05-27,DET,LAA,4,0,1.0,0.5852822351226098,0.5485,DET,DET,1
20260527_MIA@TOR,2026-05-27,TOR,MIA,2,1,1.0,0.5705958428771551,0.5403,TOR,TOR,1
20260527_MIN@CWS,2026-05-27,CWS,MIN,15,2,1.0,0.5407200578438471,0.5237,CWS,CWS,1
20260527_NYY@KC,2026-05-27,KC,NYY,0,7,0.0,0.3956400501229905,0.4432,NYY,NYY,1
20260527_PHI@SD,2026-05-27,SD,PHI,0,3,0.0,0.4992817876669678,0.5009,PHI,PHI,1
20260527_SEA@ATH,2026-05-27,ATH,SEA,1,9,0.0,0.5458722453878327,0.5266,ATH,SEA,0
20260527_STL@MIL,2026-05-27,MIL,STL,2,1,1.0,0.5251553529449577,0.5151,MIL,MIL,1
20260527_TB@BAL,2026-05-27,BAL,TB,11,2,1.0,0.5020093520674046,0.5024,BAL,BAL,1
20260527_WSH@CLE,2026-05-27,CLE,WSH,3,2,1.0,0.4823024481122544,0.4915,WSH,CLE,0
20260526_ATL@BOS,2026-05-26,BOS,ATL,6,7,0.0,0.47198685420706443,0.4858,ATL,ATL,1
20260526_AZ@SF,2026-05-26,SF,AZ,5,7,0.0,0.5702945308248191,0.5401,SF,AZ,0
20260526_CHC@PIT,2026-05-26,PIT,CHC,12,1,1.0,0.509359598187044,0.5064,PIT,PIT,1
20260526_CIN@NYM,2026-05-26,NYM,CIN,2,7,0.0,0.5629880583206944,0.5361,NYM,CIN,0
20260526_COL@LAD,2026-05-26,LAD,COL,15,6,1.0,0.7784012684884357,0.6674,LAD,LAD,1
20260526_HOU@TEX,2026-05-26,TEX,HOU,10,7,1.0,0.5632987750736393,0.5362,TEX,TEX,1
20260526_LAA@DET,2026-05-26,DET,LAA,6,10,0.0,0.5987735308935634,0.5561,DET,LAA,0
20260526_MIA@TOR,2026-05-26,TOR,MIA,8,1,1.0,0.5010681308961038,0.5019,TOR,TOR,1
20260526_MIN@CWS,2026-05-26,CWS,MIN,3,5,0.0,0.5045098155990697,0.5037,CWS,MIN,0
20260526_NYY@KC,2026-05-26,KC,NYY,1,15,0.0,0.39064365894491865,0.4404,NYY,NYY,1
20260526_PHI@SD,2026-05-26,SD,PHI,3,4,0.0,0.5717852631104205,0.541,SD,PHI,0
20260526_SEA@ATH,2026-05-26,ATH,SEA,1,4,0.0,0.49221305972288937,0.497,SEA,SEA,1
20260526_STL@MIL,2026-05-26,MIL,STL,6,0,1.0,0.6264900957470475,0.5719,MIL,MIL,1
20260526_TB@BAL,2026-05-26,BAL,TB,6,1,1.0,0.4752340971834498,0.4876,TB,BAL,0
20260526_WSH@CLE,2026-05-26,CLE,WSH,3,6,0.0,0.5471124346623841,0.5272,CLE,WSH,0
20260525_AZ@SF,2026-05-25,SF,AZ,2,6,0.0,0.6149582179855251,0.5653,SF,AZ,0
20260525_CHC@PIT,2026-05-25,PIT,CHC,2,1,1.0,0.43738323764183923,0.4667,CHC,PIT,0
20260525_CIN@NYM,2026-05-25,NYM,CIN,2,7,0.0,0.6018193234074438,0.5578,NYM,CIN,0
20260525_COL@LAD,2026-05-25,LAD,COL,5,3,1.0,0.7495776542383205,0.6476,LAD,LAD,1
20260525_HOU@TEX,2026-05-25,TEX,HOU,0,9,0.0,0.5465725401639889,0.5269,TEX,HOU,0
20260525_MIA@TOR,2026-05-25,TOR,MIA,2,8,0.0,0.582086653276509,0.5467,TOR,MIA,0
20260525_MIN@CWS,2026-05-25,CWS,MIN,3,1,1.0,0.5574972426149006,0.533,CWS,CWS,1
20260525_NYY@KC,2026-05-25,KC,NYY,3,4,0.0,0.3869126196129302,0.4382,NYY,NYY,1
20260525_PHI@SD,2026-05-25,SD,PHI,0,3,0.0,0.5109189581390698,0.5073,SD,PHI,0
20260525_SEA@ATH,2026-05-25,ATH,SEA,2,9,0.0,0.47663816629603045,0.4884,SEA,SEA,1
20260525_STL@MIL,2026-05-25,MIL,STL,5,1,1.0,0.5697145379908587,0.5398,MIL,MIL,1
20260525_TB@BAL,2026-05-25,BAL,TB,9,7,1.0,0.491415436721121,0.4965,TB,BAL,0
20260525_WSH@CLE,2026-05-25,CLE,WSH,2,10,0.0,0.5592068719249872,0.534,CLE,WSH,0
20260524_ATH@SD,2026-05-24,SD,ATH,2,5,0.0,0.5342581789509192,0.5201,SD,ATH,0
20260524_CLE@PHI,2026-05-24,PHI,CLE,1,3,0.0,0.5564761540528316,0.5324,PHI,CLE,0
20260524_COL@AZ,2026-05-24,AZ,COL,9,1,1.0,0.6201400740692911,0.5683,AZ,AZ,1
20260524_CWS@SF,2026-05-24,SF,CWS,8,5,1.0,0.599017469121157,0.5563,SF,SF,1
20260524_DET@BAL,2026-05-24,BAL,DET,1,4,0.0,0.43917313293163907,0.4677,DET,DET,1
20260524_DET@BAL,2026-05-24,BAL,DET,5,3,1.0,0.4923019352257344,0.497,DET,BAL,0
20260524_HOU@CHC,2026-05-24,CHC,HOU,5,8,0.0,0.5151592077569089,0.5096,CHC,HOU,0
20260524_LAD@MIL,2026-05-24,MIL,LAD,1,5,0.0,0.5902416566621452,0.5513,MIL,LAD,0
20260524_MIN@BOS,2026-05-24,BOS,MIN,5,6,0.0,0.5978136203747393,0.5556,BOS,MIN,0
20260524_NYM@MIA,2026-05-24,MIA,NYM,4,0,1.0,0.5303335454669911,0.518,MIA,MIA,1
20260524_PIT@TOR,2026-05-24,TOR,PIT,1,4,0.0,0.6038208536901367,0.559,TOR,PIT,0
20260524_SEA@KC,2026-05-24,KC,SEA,8,6,1.0,0.3999240856163454,0.4456,SEA,KC,0
20260524_TB@NYY,2026-05-24,NYY,TB,2,0,1.0,0.5318992256865802,0.5188,NYY,NYY,1
20260524_TEX@LAA,2026-05-24,LAA,TEX,2,1,1.0,0.4823736081120677,0.4916,TEX,LAA,0
20260524_WSH@ATL,2026-05-24,ATL,WSH,1,2,0.0,0.5570614818211499,0.5328,ATL,WSH,0
20260523_ATH@SD,2026-05-23,SD,ATH,2,0,1.0,0.5128816627154821,0.5084,SD,SD,1
20260523_CLE@PHI,2026-05-23,PHI,CLE,3,0,1.0,0.5338362794710502,0.5199,PHI,PHI,1
20260523_COL@AZ,2026-05-23,AZ,COL,5,4,1.0,0.6313933710575383,0.5748,AZ,AZ,1
20260523_CWS@SF,2026-05-23,SF,CWS,10,3,1.0,0.5735120456036156,0.5419,SF,SF,1
20260523_HOU@CHC,2026-05-23,CHC,HOU,0,3,0.0,0.5759513586968703,0.5433,CHC,HOU,0
20260523_LAD@MIL,2026-05-23,MIL,LAD,3,11,0.0,0.5561058051411469,0.5322,MIL,LAD,0
20260523_MIN@BOS,2026-05-23,BOS,MIN,2,4,0.0,0.5499275568019496,0.5288,BOS,MIN,0
20260523_NYM@MIA,2026-05-23,MIA,NYM,4,1,1.0,0.5691401925797046,0.5395,MIA,MIA,1
20260523_PIT@TOR,2026-05-23,TOR,PIT,5,2,1.0,0.5206235766615602,0.5126,TOR,TOR,1
20260523_SEA@KC,2026-05-23,KC,SEA,5,0,1.0,0.5699927358792668,0.54,KC,KC,1
20260523_STL@CIN,2026-05-23,CIN,STL,7,6,1.0,0.5329573490442485,0.5194,CIN,CIN,1
20260523_STL@CIN,2026-05-23,CIN,STL,1,8,0.0,0.5164919053351051,0.5103,CIN,STL,0
20260523_TEX@LAA,2026-05-23,LAA,TEX,5,2,1.0,0.4547025571481271,0.4763,TEX,LAA,0
20260523_WSH@ATL,2026-05-23,ATL,WSH,0,2,0.0,0.5802265434901074,0.5457,ATL,WSH,0
20260522_ATH@SD,2026-05-22,SD,ATH,7,3,1.0,0.5589462429848417,0.5338,SD,SD,1
20260522_CLE@PHI,2026-05-22,PHI,CLE,0,1,0.0,0.6116589365920397,0.5634,PHI,CLE,0
20260522_COL@AZ,2026-05-22,AZ,COL,2,3,0.0,0.6708079463016047,0.5979,AZ,COL,0
20260522_CWS@SF,2026-05-22,SF,CWS,4,9,0.0,0.5512500535007888,0.5295,SF,CWS,0
20260522_DET@BAL,2026-05-22,BAL,DET,7,4,1.0,0.5497731332699284,0.5287,BAL,BAL,1
20260522_HOU@CHC,2026-05-22,CHC,HOU,2,4,0.0,0.549532009723964,0.5286,CHC,HOU,0
20260522_LAD@MIL,2026-05-22,MIL,LAD,5,1,1.0,0.5498018519434849,0.5287,MIL,MIL,1
20260522_MIN@BOS,2026-05-22,BOS,MIN,6,8,0.0,0.6388269425867018,0.5791,BOS,MIN,0
20260522_NYM@MIA,2026-05-22,MIA,NYM,2,1,1.0,0.4732677608355095,0.4865,NYM,MIA,0
20260522_PIT@TOR,2026-05-22,TOR,PIT,6,2,1.0,0.6375305493230785,0.5783,TOR,TOR,1
20260522_SEA@KC,2026-05-22,KC,SEA,0,2,0.0,0.5013584967956359,0.502,KC,SEA,0
20260522_TB@NYY,2026-05-22,NYY,TB,2,4,0.0,0.5453937756970108,0.5263,NYY,TB,0
20260522_TEX@LAA,2026-05-22,LAA,TEX,9,6,1.0,0.4655451123524995,0.4823,TEX,LAA,0
20260522_WSH@ATL,2026-05-22,ATL,WSH,5,4,1.0,0.5699727001467708,0.5399,ATL,ATL,1
20260521_ATH@LAA,2026-05-21,LAA,ATH,2,3,0.0,0.40191647684470566,0.4539,ATH,ATH,1
20260521_ATL@MIA,2026-05-21,MIA,ATL,3,9,0.0,0.4659333620872884,0.488,ATL,ATL,1
20260521_CLE@DET,2026-05-21,DET,CLE,1,3,0.0,0.508420123559905,0.5103,DET,CLE,0
20260521_COL@AZ,2026-05-21,AZ,COL,2,1,1.0,0.6722569436901998,0.5988,AZ,AZ,1
20260521_NYM@WSH,2026-05-21,WSH,NYM,1,2,0.0,0.4574204342744277,0.4835,NYM,NYM,1
20260521_PIT@STL,2026-05-21,STL,PIT,2,6,0.0,0.5423208555051656,0.5281,STL,PIT,0
20260521_TOR@NYY,2026-05-21,NYY,TOR,0,2,0.0,0.5701789145964257,0.5429,NYY,TOR,0
20260520_ATH@LAA,2026-05-20,LAA,ATH,5,6,0.0,0.3803189201880644,0.4421,ATH,ATH,1
20260520_ATL@MIA,2026-05-20,MIA,ATL,1,9,0.0,0.42782979879204414,0.4678,ATL,ATL,1
20260520_BAL@TB,2026-05-20,TB,BAL,5,3,1.0,0.6339791009550119,0.5773,TB,TB,1
20260520_BOS@KC,2026-05-20,KC,BOS,3,4,0.0,0.544514861074235,0.5293,KC,BOS,0
20260520_CIN@PHI,2026-05-20,PHI,CIN,4,9,0.0,0.6070519195098972,0.5626,PHI,CIN,0
20260520_CLE@DET,2026-05-20,DET,CLE,2,3,0.0,0.4842921683589438,0.4976,CLE,CLE,1
20260520_CWS@SEA,2026-05-20,SEA,CWS,5,4,1.0,0.6004582780915673,0.5591,SEA,SEA,1
20260520_HOU@MIN,2026-05-20,MIN,HOU,4,1,1.0,0.5287316652103922,0.521,MIN,MIN,1
20260520_LAD@SD,2026-05-20,SD,LAD,0,4,0.0,0.4863750329275536,0.4987,LAD,LAD,1
20260520_MIL@CHC,2026-05-20,CHC,MIL,0,5,0.0,0.5653903636615465,0.5403,CHC,MIL,0
20260520_NYM@WSH,2026-05-20,WSH,NYM,8,4,1.0,0.6065135700114561,0.5623,WSH,WSH,1
20260520_PIT@STL,2026-05-20,STL,PIT,0,7,0.0,0.6080005155271552,0.5631,STL,PIT,0
20260520_SF@AZ,2026-05-20,AZ,SF,6,3,1.0,0.5340542507039799,0.5238,AZ,AZ,1
20260520_TEX@COL,2026-05-20,COL,TEX,4,5,0.0,0.5348108293666615,0.5242,COL,TEX,0
20260520_TOR@NYY,2026-05-20,NYY,TOR,1,2,0.0,0.6399157952138546,0.5806,NYY,TOR,0
20260519_ATH@LAA,2026-05-19,LAA,ATH,6,14,0.0,0.4204747969505943,0.4639,ATH,ATH,1
20260519_ATL@MIA,2026-05-19,MIA,ATL,4,8,0.0,0.5409847653697397,0.5274,MIA,ATL,0
20260519_BAL@TB,2026-05-19,TB,BAL,4,1,1.0,0.5839170332216708,0.5502,TB,TB,1
20260519_BOS@KC,2026-05-19,KC,BOS,1,7,0.0,0.5545567679412172,0.5346,KC,BOS,0
20260519_CIN@PHI,2026-05-19,PHI,CIN,1,4,0.0,0.6544459934680309,0.5887,PHI,CIN,0
20260519_CLE@DET,2026-05-19,DET,CLE,3,4,0.0,0.49013012010779333,0.5007,CLE,CLE,1
20260519_CWS@SEA,2026-05-19,SEA,CWS,1,2,0.0,0.5880940983213605,0.5524,SEA,CWS,0
20260519_HOU@MIN,2026-05-19,MIN,HOU,1,2,0.0,0.3957088966689148,0.4505,HOU,HOU,1
20260519_LAD@SD,2026-05-19,SD,LAD,4,5,0.0,0.5234301962290894,0.5182,SD,LAD,0
20260519_MIL@CHC,2026-05-19,CHC,MIL,2,5,0.0,0.49137137098680866,0.5014,MIL,MIL,1
20260519_NYM@WSH,2026-05-19,WSH,NYM,9,6,1.0,0.42877009137469224,0.4683,NYM,WSH,0
20260519_PIT@STL,2026-05-19,STL,PIT,9,6,1.0,0.6018118436029251,0.5598,STL,STL,1
20260519_SF@AZ,2026-05-19,AZ,SF,5,3,1.0,0.6013571064398047,0.5595,AZ,AZ,1
20260519_TEX@COL,2026-05-19,COL,TEX,0,10,0.0,0.4969627655318777,0.5043,TEX,TEX,1
20260519_TOR@NYY,2026-05-19,NYY,TOR,5,4,1.0,0.499379111156418,0.5056,TOR,NYY,0
20260518_ATH@LAA,2026-05-18,LAA,ATH,2,1,1.0,0.43697922570274583,0.4727,ATH,LAA,0
20260518_ATL@MIA,2026-05-18,MIA,ATL,12,0,1.0,0.5123920713468266,0.5124,MIA,MIA,1
20260518_BAL@TB,2026-05-18,TB,BAL,16,6,1.0,0.5812253436538908,0.5487,TB,TB,1
20260518_BOS@KC,2026-05-18,KC,BOS,1,3,0.0,0.5459507555530363,0.53,KC,BOS,0
20260518_CIN@PHI,2026-05-18,PHI,CIN,5,4,1.0,0.7098983594134092,0.6208,PHI,PHI,1
20260518_CLE@DET,2026-05-18,DET,CLE,2,8,0.0,0.5057911301492194,0.5089,DET,CLE,0
20260518_CWS@SEA,2026-05-18,SEA,CWS,6,1,1.0,0.6108144231483669,0.5647,SEA,SEA,1
20260518_HOU@MIN,2026-05-18,MIN,HOU,6,3,1.0,0.5020470436022988,0.507,MIN,MIN,1
20260518_LAD@SD,2026-05-18,SD,LAD,1,0,1.0,0.5479612450281295,0.5311,SD,SD,1
20260518_MIL@CHC,2026-05-18,CHC,MIL,3,9,0.0,0.5443879420936873,0.5292,CHC,MIL,0
20260518_NYM@WSH,2026-05-18,WSH,NYM,7,16,0.0,0.4527760808957356,0.481,NYM,NYM,1
20260518_SF@AZ,2026-05-18,AZ,SF,12,2,1.0,0.5927300247270859,0.5549,AZ,AZ,1
20260518_TEX@COL,2026-05-18,COL,TEX,7,6,1.0,0.47001617873578155,0.4901,TEX,COL,0
20260518_TOR@NYY,2026-05-18,NYY,TOR,7,6,1.0,0.5892126823794267,0.553,NYY,NYY,1
20260517_AZ@COL,2026-05-17,COL,AZ,6,8,0.0,0.5186842075599258,0.5157,COL,AZ,0
20260517_BAL@WSH,2026-05-17,WSH,BAL,3,7,0.0,0.44110514980933985,0.4749,BAL,BAL,1
20260517_BOS@ATL,2026-05-17,ATL,BOS,8,1,1.0,0.5724820813387986,0.5441,ATL,ATL,1
20260517_CHC@CWS,2026-05-17,CWS,CHC,9,8,1.0,0.5061969382711308,0.5091,CWS,CWS,1
20260517_CIN@CLE,2026-05-17,CLE,CIN,10,3,1.0,0.6469857832763843,0.5845,CLE,CLE,1
20260517_KC@STL,2026-05-17,STL,KC,0,2,0.0,0.5523385692112529,0.5334,STL,KC,0
20260517_LAD@LAA,2026-05-17,LAA,LAD,1,10,0.0,0.40165025679315614,0.4537,LAD,LAD,1
20260517_MIA@TB,2026-05-17,TB,MIA,6,3,1.0,0.5685495600295751,0.542,TB,TB,1
20260517_MIL@MIN,2026-05-17,MIN,MIL,5,4,1.0,0.44574487174094357,0.4773,MIL,MIN,0
20260517_NYY@NYM,2026-05-17,NYM,NYY,7,6,1.0,0.517040040933842,0.5148,NYM,NYM,1
20260517_PHI@PIT,2026-05-17,PIT,PHI,0,6,0.0,0.5558916586500406,0.5353,PIT,PHI,0
20260517_SD@SEA,2026-05-17,SEA,SD,3,8,0.0,0.6382391611879685,0.5797,SEA,SD,0
20260517_SF@ATH,2026-05-17,ATH,SF,1,10,0.0,0.5054204439194495,0.5087,ATH,SF,0
20260517_TEX@HOU,2026-05-17,HOU,TEX,0,8,0.0,0.5813201800295379,0.5488,HOU,TEX,0
20260517_TOR@DET,2026-05-17,DET,TOR,1,4,0.0,0.5148756061081136,0.5137,DET,TOR,0
20260516_AZ@COL,2026-05-16,COL,AZ,4,2,1.0,0.5270466191708879,0.5201,COL,COL,1
20260516_BAL@WSH,2026-05-16,WSH,BAL,13,3,1.0,0.44594422549582696,0.4774,BAL,WSH,0
20260516_BOS@ATL,2026-05-16,ATL,BOS,2,3,0.0,0.5794072918376708,0.5478,ATL,BOS,0
20260516_CHC@CWS,2026-05-16,CWS,CHC,8,3,1.0,0.49274320273256106,0.5021,CHC,CWS,0
20260516_CIN@CLE,2026-05-16,CLE,CIN,7,4,1.0,0.5758152240805168,0.5458,CLE,CLE,1
20260516_KC@STL,2026-05-16,STL,KC,4,2,1.0,0.5202997373700204,0.5165,STL,STL,1
20260516_LAD@LAA,2026-05-16,LAA,LAD,2,15,0.0,0.42079047469240477,0.464,LAD,LAD,1
20260516_MIA@TB,2026-05-16,TB,MIA,5,10,0.0,0.5871559697610202,0.5519,TB,MIA,0
20260516_MIL@MIN,2026-05-16,MIN,MIL,1,2,0.0,0.38325399762787404,0.4437,MIL,MIL,1
20260516_NYY@NYM,2026-05-16,NYM,NYY,6,3,1.0,0.4850467255236092,0.498,NYY,NYM,0
20260516_PHI@PIT,2026-05-16,PIT,PHI,0,6,0.0,0.41867533581546573,0.4629,PHI,PHI,1
20260516_SD@SEA,2026-05-16,SEA,SD,4,7,0.0,0.6512213800737582,0.5869,SEA,SD,0
20260516_SF@ATH,2026-05-16,ATH,SF,4,6,0.0,0.5656365676403263,0.5404,ATH,SF,0
20260516_TEX@HOU,2026-05-16,HOU,TEX,4,1,1.0,0.5145138013263754,0.5135,HOU,HOU,1
20260516_TOR@DET,2026-05-16,DET,TOR,1,2,0.0,0.5142947138030233,0.5134,DET,TOR,0
20260515_AZ@COL,2026-05-15,COL,AZ,1,9,0.0,0.5479858243529753,0.5311,COL,AZ,0
20260515_BAL@WSH,2026-05-15,WSH,BAL,3,2,1.0,0.4874988344365281,0.4993,BAL,WSH,0
20260515_BOS@ATL,2026-05-15,ATL,BOS,3,2,1.0,0.5949744717172513,0.5561,ATL,ATL,1
20260515_CHC@CWS,2026-05-15,CWS,CHC,5,10,0.0,0.5472090548548376,0.5307,CWS,CHC,0
20260515_CIN@CLE,2026-05-15,CLE,CIN,6,7,0.0,0.65019390408444,0.5863,CLE,CIN,0
20260515_KC@STL,2026-05-15,STL,KC,5,4,1.0,0.4961409065938571,0.5039,KC,STL,0
20260515_LAD@LAA,2026-05-15,LAA,LAD,0,6,0.0,0.44131613900856775,0.475,LAD,LAD,1
20260515_MIA@TB,2026-05-15,TB,MIA,7,2,1.0,0.5892270360166078,0.553,TB,TB,1
20260515_MIL@MIN,2026-05-15,MIN,MIL,2,3,0.0,0.4672637531928051,0.4887,MIL,MIL,1
20260515_NYY@NYM,2026-05-15,NYM,NYY,2,5,0.0,0.4791937151845382,0.495,NYY,NYY,1
20260515_PHI@PIT,2026-05-15,PIT,PHI,9,11,0.0,0.5150341050323936,0.5138,PIT,PHI,0
20260515_SD@SEA,2026-05-15,SEA,SD,0,2,0.0,0.6056625360829079,0.5619,SEA,SD,0
20260515_SF@ATH,2026-05-15,ATH,SF,5,2,1.0,0.5870278756411117,0.5518,ATH,ATH,1
20260515_TEX@HOU,2026-05-15,HOU,TEX,2,0,1.0,0.5593464569751768,0.5371,HOU,HOU,1
20260515_TOR@DET,2026-05-15,DET,TOR,3,2,1.0,0.4965183661330345,0.5041,TOR,DET,0
20260514_CHC@ATL,2026-05-14,ATL,CHC,0,2,0.0,0.5160007176822645,0.5119,ATL,CHC,0
20260514_COL@PIT,2026-05-14,PIT,COL,7,2,1.0,0.6151196922052781,0.5643,PIT,PIT,1
20260514_DET@NYM,2026-05-14,NYM,DET,9,4,1.0,0.5498854616049418,0.5296,NYM,NYM,1
20260514_KC@CWS,2026-05-14,CWS,KC,6,2,1.0,0.5462996281896787,0.5277,CWS,CWS,1
20260514_MIA@MIN,2026-05-14,MIN,MIA,9,1,1.0,0.5596466910934812,0.5347,MIN,MIN,1
20260514_PHI@BOS,2026-05-14,BOS,PHI,1,3,0.0,0.5216748544434175,0.5148,BOS,PHI,0
20260514_SD@MIL,2026-05-14,MIL,SD,7,1,1.0,0.6098591350738436,0.5614,MIL,MIL,1
20260514_SEA@HOU,2026-05-14,HOU,SEA,3,8,0.0,0.533866775173933,0.5212,HOU,SEA,0
20260514_SF@LAD,2026-05-14,LAD,SF,5,2,1.0,0.6197662726529046,0.5668,LAD,LAD,1
20260514_STL@ATH,2026-05-14,ATH,STL,4,5,0.0,0.4887906777634656,0.4977,STL,STL,1
20260514_WSH@CIN,2026-05-14,CIN,WSH,15,1,1.0,0.5580087093305464,0.5338,CIN,CIN,1
20260513_AZ@TEX,2026-05-13,TEX,AZ,6,5,1.0,0.5980838677667402,0.5551,TEX,TEX,1
20260513_CHC@ATL,2026-05-13,ATL,CHC,4,1,1.0,0.47721382822263436,0.4917,CHC,ATL,0
20260513_COL@PIT,2026-05-13,PIT,COL,4,10,0.0,0.6358817522724287,0.5756,PIT,COL,0
20260513_DET@NYM,2026-05-13,NYM,DET,3,2,1.0,0.570197679207232,0.5403,NYM,NYM,1
20260513_KC@CWS,2026-05-13,CWS,KC,6,5,1.0,0.5145341134875038,0.5111,CWS,CWS,1
20260513_LAA@CLE,2026-05-13,CLE,LAA,4,2,1.0,0.5575692344688904,0.5336,CLE,CLE,1
20260513_MIA@MIN,2026-05-13,MIN,MIA,5,9,0.0,0.5755824881664919,0.5431,MIN,MIA,0
20260513_NYY@BAL,2026-05-13,BAL,NYY,7,0,1.0,0.4060389501862161,0.4541,NYY,BAL,0
20260513_PHI@BOS,2026-05-13,BOS,PHI,3,1,1.0,0.5654559638527811,0.5378,BOS,BOS,1
20260513_SD@MIL,2026-05-13,MIL,SD,1,3,0.0,0.6118123574778973,0.5625,MIL,SD,0
20260513_SEA@HOU,2026-05-13,HOU,SEA,4,3,1.0,0.5230554420364811,0.5156,HOU,HOU,1
20260513_SF@LAD,2026-05-13,LAD,SF,4,0,1.0,0.6187495548649207,0.5662,LAD,LAD,1
20260513_STL@ATH,2026-05-13,ATH,STL,6,2,1.0,0.4620302511527751,0.4837,STL,ATH,0
20260513_TB@TOR,2026-05-13,TOR,TB,5,3,1.0,0.6315330991314554,0.5732,TOR,TOR,1
20260513_WSH@CIN,2026-05-13,CIN,WSH,7,8,0.0,0.4072246945770165,0.4548,WSH,WSH,1
20260512_AZ@TEX,2026-05-12,TEX,AZ,7,4,1.0,0.6203213834797987,0.5671,TEX,TEX,1
20260512_CHC@ATL,2026-05-12,ATL,CHC,5,2,1.0,0.44962562447861126,0.4772,CHC,ATL,0
20260512_COL@PIT,2026-05-12,PIT,COL,3,1,1.0,0.6497501288709563,0.5832,PIT,PIT,1
20260512_DET@NYM,2026-05-12,NYM,DET,10,2,1.0,0.48650679299159383,0.4965,DET,NYM,0
20260512_KC@CWS,2026-05-12,CWS,KC,6,5,1.0,0.5060841802697046,0.5067,CWS,CWS,1
20260512_LAA@CLE,2026-05-12,CLE,LAA,3,2,1.0,0.6102035553766806,0.5616,CLE,CLE,1
20260512_MIA@MIN,2026-05-12,MIN,MIA,3,0,1.0,0.5961900829899118,0.5541,MIN,MIN,1
20260512_NYY@BAL,2026-05-12,BAL,NYY,2,6,0.0,0.42437555119168135,0.4639,NYY,NYY,1
20260512_PHI@BOS,2026-05-12,BOS,PHI,1,2,0.0,0.49423913877510633,0.5005,PHI,PHI,1
20260512_SD@MIL,2026-05-12,MIL,SD,6,4,1.0,0.5918382183185235,0.5518,MIL,MIL,1
20260512_SEA@HOU,2026-05-12,HOU,SEA,2,10,0.0,0.5591121054160995,0.5344,HOU,SEA,0
20260512_SF@LAD,2026-05-12,LAD,SF,2,6,0.0,0.660540161990577,0.5893,LAD,SF,0
20260512_STL@ATH,2026-05-12,ATH,STL,4,6,0.0,0.429206307425822,0.4664,STL,STL,1
20260512_TB@TOR,2026-05-12,TOR,TB,6,7,0.0,0.5251240523153435,0.5166,TOR,TB,0
20260512_WSH@CIN,2026-05-12,CIN,WSH,4,10,0.0,0.4287130182037353,0.4662,WSH,WSH,1
20260511_AZ@TEX,2026-05-11,TEX,AZ,0,1,0.0,0.594253869477205,0.553,TEX,AZ,0
20260511_LAA@CLE,2026-05-11,CLE,LAA,7,2,1.0,0.5760963985230793,0.5434,CLE,CLE,1
20260511_NYY@BAL,2026-05-11,BAL,NYY,3,2,1.0,0.40333518744789976,0.4527,NYY,BAL,0
20260511_SEA@HOU,2026-05-11,HOU,SEA,1,3,0.0,0.5552464956796097,0.5324,HOU,SEA,0
20260511_SF@LAD,2026-05-11,LAD,SF,3,9,0.0,0.7463691861273074,0.6403,LAD,SF,0
20260511_TB@TOR,2026-05-11,TOR,TB,5,8,0.0,0.5861020336989977,0.5487,TOR,TB,0
20260510_ATH@BAL,2026-05-10,BAL,ATH,2,1,1.0,0.45966468192802773,0.4825,ATH,BAL,0
20260510_ATL@LAD,2026-05-10,LAD,ATL,2,7,0.0,0.4806421774828993,0.4934,ATL,ATL,1
20260510_CHC@TEX,2026-05-10,TEX,CHC,3,0,1.0,0.5642127557049957,0.5371,TEX,TEX,1
20260510_COL@PHI,2026-05-10,PHI,COL,6,0,1.0,0.5942183036805578,0.553,PHI,PHI,1
20260510_DET@KC,2026-05-10,KC,DET,3,6,0.0,0.5515904876178359,0.5305,KC,DET,0
20260510_HOU@CIN,2026-05-10,CIN,HOU,5,0,1.0,0.4763940586755498,0.4912,HOU,CIN,0
20260510_LAA@TOR,2026-05-10,TOR,LAA,1,6,0.0,0.642827672438609,0.5794,TOR,LAA,0
20260510_MIN@CLE,2026-05-10,CLE,MIN,4,5,0.0,0.6204027642558145,0.5671,CLE,MIN,0
20260510_NYM@AZ,2026-05-10,AZ,NYM,5,1,1.0,0.5298677706783808,0.5191,AZ,AZ,1
20260510_NYY@MIL,2026-05-10,MIL,NYY,4,3,1.0,0.5837409476981591,0.5474,MIL,MIL,1
20260510_PIT@SF,2026-05-10,SF,PIT,7,6,1.0,0.5351493802911528,0.5219,SF,SF,1
20260510_SEA@CWS,2026-05-10,CWS,SEA,2,1,1.0,0.5867206170760048,0.549,CWS,CWS,1
20260510_STL@SD,2026-05-10,SD,STL,3,2,1.0,0.6153903342267819,0.5644,SD,SD,1
20260510_TB@BOS,2026-05-10,BOS,TB,1,4,0.0,0.5674768868147644,0.5388,BOS,TB,0
20260510_WSH@MIA,2026-05-10,MIA,WSH,5,2,1.0,0.5303246536975162,0.5193,MIA,MIA,1
20260509_ATH@BAL,2026-05-09,BAL,ATH,2,6,0.0,0.4436173608660795,0.4741,ATH,ATH,1
20260509_ATL@LAD,2026-05-09,LAD,ATL,2,7,0.0,0.5775583474802823,0.5442,LAD,ATL,0
20260509_CHC@TEX,2026-05-09,TEX,CHC,6,0,1.0,0.5708478559186179,0.5406,TEX,TEX,1
20260509_COL@PHI,2026-05-09,PHI,COL,9,3,1.0,0.5723349333059738,0.5414,PHI,PHI,1
20260509_DET@KC,2026-05-09,KC,DET,5,1,1.0,0.49357077335694244,0.5002,DET,KC,0
20260509_HOU@CIN,2026-05-09,CIN,HOU,3,1,1.0,0.5127966913876352,0.5102,CIN,CIN,1
20260509_LAA@TOR,2026-05-09,TOR,LAA,14,1,1.0,0.6378325739023286,0.5767,TOR,TOR,1
20260509_MIN@CLE,2026-05-09,CLE,MIN,1,2,0.0,0.6384721518076986,0.577,CLE,MIN,0
20260509_NYM@AZ,2026-05-09,AZ,NYM,2,1,1.0,0.6244543206216531,0.5693,AZ,AZ,1
20260509_NYY@MIL,2026-05-09,MIL,NYY,4,3,1.0,0.5908985995358308,0.5513,MIL,MIL,1
20260509_PIT@SF,2026-05-09,SF,PIT,3,13,0.0,0.5013556444510324,0.5042,SF,PIT,0
20260509_SEA@CWS,2026-05-09,CWS,SEA,6,1,1.0,0.6116830597554114,0.5624,CWS,CWS,1
20260509_STL@SD,2026-05-09,SD,STL,4,2,1.0,0.5124546838168457,0.51,SD,SD,1
20260509_WSH@MIA,2026-05-09,MIA,WSH,8,7,1.0,0.5388486991848703,0.5238,MIA,MIA,1
20260508_ATH@BAL,2026-05-08,BAL,ATH,3,4,0.0,0.48197880739338383,0.4941,ATH,ATH,1
20260508_ATL@LAD,2026-05-08,LAD,ATL,3,1,1.0,0.5466362436908816,0.5279,LAD,LAD,1
20260508_CHC@TEX,2026-05-08,TEX,CHC,1,7,0.0,0.5413219339210927,0.5251,TEX,CHC,0
20260508_COL@PHI,2026-05-08,PHI,COL,7,9,0.0,0.6106768688540328,0.5619,PHI,COL,0
20260508_DET@KC,2026-05-08,KC,DET,4,3,1.0,0.48598414072661134,0.4962,DET,KC,0
20260508_HOU@CIN,2026-05-08,CIN,HOU,0,10,0.0,0.412189401531958,0.4574,HOU,HOU,1
20260508_LAA@TOR,2026-05-08,TOR,LAA,2,0,1.0,0.5948201582799904,0.5533,TOR,TOR,1
20260508_MIN@CLE,2026-05-08,CLE,MIN,6,4,1.0,0.590074345693249,0.5508,CLE,CLE,1
20260508_NYM@AZ,2026-05-08,AZ,NYM,1,3,0.0,0.544462668716861,0.5267,AZ,NYM,0
20260508_NYY@MIL,2026-05-08,MIL,NYY,6,0,1.0,0.5904053711731734,0.551,MIL,MIL,1
20260508_PIT@SF,2026-05-08,SF,PIT,5,2,1.0,0.558694733354692,0.5342,SF,SF,1
20260508_SEA@CWS,2026-05-08,CWS,SEA,8,12,0.0,0.5680022400403053,0.5391,CWS,SEA,0
20260508_STL@SD,2026-05-08,SD,STL,0,6,0.0,0.5320686507474542,0.5203,SD,STL,0
20260508_TB@BOS,2026-05-08,BOS,TB,2,0,1.0,0.5842612235480915,0.5477,BOS,BOS,1
20260508_WSH@MIA,2026-05-08,MIA,WSH,2,3,0.0,0.46169895342058676,0.4835,WSH,WSH,1
20260507_ATH@PHI,2026-05-07,PHI,ATH,1,12,0.0,0.5161267491049009,0.5132,PHI,ATH,0
20260507_BAL@MIA,2026-05-07,MIA,BAL,4,3,1.0,0.6168720110635796,0.5639,MIA,MIA,1
20260507_CIN@CHC,2026-05-07,CHC,CIN,8,3,1.0,0.6993895383439085,0.6082,CHC,CHC,1
20260507_CLE@KC,2026-05-07,KC,CLE,5,8,0.0,0.5480682341254721,0.5291,KC,CLE,0
20260507_MIN@WSH,2026-05-07,WSH,MIN,7,5,1.0,0.6521619485102272,0.5824,WSH,WSH,1
20260507_NYM@COL,2026-05-07,COL,NYM,6,2,1.0,0.37292616649911525,0.441,NYM,COL,0
20260507_PIT@AZ,2026-05-07,AZ,PIT,2,4,0.0,0.5876552459769989,0.549,AZ,PIT,0
20260507_STL@SD,2026-05-07,SD,STL,1,2,0.0,0.5180791601403535,0.5142,SD,STL,0
20260507_TB@BOS,2026-05-07,BOS,TB,4,8,0.0,0.6423613201635526,0.5772,BOS,TB,0
20260507_TEX@NYY,2026-05-07,NYY,TEX,9,2,1.0,0.6333566889205712,0.5725,NYY,NYY,1
20260506_ATH@PHI,2026-05-06,PHI,ATH,6,3,1.0,0.49855960517803366,0.5045,ATH,PHI,0
20260506_ATL@SEA,2026-05-06,SEA,ATL,3,1,1.0,0.512141285436282,0.5112,SEA,SEA,1
20260506_BAL@MIA,2026-05-06,MIA,BAL,4,7,0.0,0.6081105368071323,0.5594,MIA,BAL,0
20260506_BOS@DET,2026-05-06,DET,BOS,0,4,0.0,0.6064188935257577,0.5586,DET,BOS,0
20260506_CIN@CHC,2026-05-06,CHC,CIN,7,6,1.0,0.5988720992731766,0.5547,CHC,CHC,1
20260506_CLE@KC,2026-05-06,KC,CLE,1,3,0.0,0.6052622553025333,0.558,KC,CLE,0
20260506_CWS@LAA,2026-05-06,LAA,CWS,8,2,1.0,0.4719237855928987,0.4912,CWS,LAA,0
20260506_LAD@HOU,2026-05-06,HOU,LAD,2,12,0.0,0.5414955516348801,0.5258,HOU,LAD,0
20260506_MIL@STL,2026-05-06,STL,MIL,2,6,0.0,0.48151822095327484,0.496,MIL,MIL,1
20260506_MIN@WSH,2026-05-06,WSH,MIN,15,2,1.0,0.5466431390076212,0.5284,WSH,WSH,1
20260506_NYM@COL,2026-05-06,COL,NYM,5,10,0.0,0.39278635271275153,0.4513,NYM,NYM,1
20260506_PIT@AZ,2026-05-06,AZ,PIT,0,1,0.0,0.5469271988120729,0.5285,AZ,PIT,0
20260506_SD@SF,2026-05-06,SF,SD,1,5,0.0,0.3687313380730522,0.4388,SD,SD,1
20260506_TEX@NYY,2026-05-06,NYY,TEX,1,6,0.0,0.6401227444295767,0.5761,NYY,TEX,0
20260506_TOR@TB,2026-05-06,TB,TOR,3,0,1.0,0.5974580226141859,0.554,TB,TB,1
20260505_ATH@PHI,2026-05-05,PHI,ATH,9,1,1.0,0.47131859197710674,0.4909,ATH,PHI,0
20260505_ATL@SEA,2026-05-05,SEA,ATL,2,3,0.0,0.491387167382196,0.5009,ATL,ATL,1
20260505_BAL@MIA,2026-05-05,MIA,BAL,7,9,0.0,0.5911891109597519,0.5508,MIA,BAL,0
20260505_BOS@DET,2026-05-05,DET,BOS,3,10,0.0,0.5782495609675089,0.5442,DET,BOS,0
20260505_CIN@CHC,2026-05-05,CHC,CIN,3,2,1.0,0.6050525253756469,0.5579,CHC,CHC,1
20260505_CLE@KC,2026-05-05,KC,CLE,5,3,1.0,0.5093601712620186,0.5098,KC,KC,1
20260505_CWS@LAA,2026-05-05,LAA,CWS,4,3,1.0,0.45039641093814936,0.4805,CWS,LAA,0
20260505_LAD@HOU,2026-05-05,HOU,LAD,2,1,1.0,0.5674185968428792,0.5388,HOU,HOU,1
20260505_MIN@WSH,2026-05-05,WSH,MIN,3,11,0.0,0.5228019799869178,0.5165,WSH,MIN,0
20260505_PIT@AZ,2026-05-05,AZ,PIT,9,0,1.0,0.5707017968514797,0.5404,AZ,AZ,1
20260505_SD@SF,2026-05-05,SF,SD,5,10,0.0,0.43000852920342475,0.4702,SD,SD,1
20260505_TEX@NYY,2026-05-05,NYY,TEX,7,4,1.0,0.5767435047059295,0.5435,NYY,NYY,1
20260505_TOR@TB,2026-05-05,TB,TOR,4,3,1.0,0.5595293571146441,0.5348,TB,TB,1
20260504_ATL@SEA,2026-05-04,SEA,ATL,5,4,1.0,0.5310472969924684,0.5206,SEA,SEA,1
20260504_BAL@NYY,2026-05-04,NYY,BAL,12,1,1.0,0.7053647126103022,0.6116,NYY,NYY,1
20260504_BOS@DET,2026-05-04,DET,BOS,4,5,0.0,0.5929691734747321,0.5517,DET,BOS,0
20260504_CIN@CHC,2026-05-04,CHC,CIN,5,4,1.0,0.6709887143204891,0.5925,CHC,CHC,1
20260504_CLE@KC,2026-05-04,KC,CLE,6,2,1.0,0.5833046390900508,0.5468,KC,KC,1
20260504_CWS@LAA,2026-05-04,LAA,CWS,0,6,0.0,0.4777667242745588,0.4941,CWS,CWS,1
20260504_LAD@HOU,2026-05-04,HOU,LAD,3,8,0.0,0.5056189765527397,0.508,HOU,LAD,0
20260504_MIL@STL,2026-05-04,STL,MIL,6,3,1.0,0.4914246589655696,0.5009,MIL,STL,0
20260504_NYM@COL,2026-05-04,COL,NYM,2,4,0.0,0.35700381372865,0.4326,NYM,NYM,1
20260504_PHI@MIA,2026-05-04,MIA,PHI,0,1,0.0,0.4873419489561331,0.4989,PHI,PHI,1
20260504_SD@SF,2026-05-04,SF,SD,3,2,1.0,0.49554109288532855,0.503,SD,SF,0
20260504_TOR@TB,2026-05-04,TB,TOR,5,1,1.0,0.6101992885640103,0.5605,TB,TB,1
20260503_ATL@COL,2026-05-03,COL,ATL,6,11,0.0,0.3864939293956523,0.448,ATL,ATL,1
20260503_AZ@CHC,2026-05-03,CHC,AZ,8,4,1.0,0.6980895615678149,0.6075,CHC,CHC,1
20260503_BAL@NYY,2026-05-03,NYY,BAL,11,3,1.0,0.5900021219381765,0.5502,NYY,NYY,1
20260503_CIN@PIT,2026-05-03,PIT,CIN,1,0,1.0,0.635384064123641,0.5736,PIT,PIT,1
20260503_CLE@ATH,2026-05-03,ATH,CLE,7,1,1.0,0.49406420480805757,0.5022,CLE,ATH,0
20260503_CWS@SD,2026-05-03,SD,CWS,4,3,1.0,0.6079347601974754,0.5593,SD,SD,1
20260503_HOU@BOS,2026-05-03,BOS,HOU,1,3,0.0,0.6633735574072853,0.5884,BOS,HOU,0
20260503_KC@SEA,2026-05-03,SEA,KC,1,4,0.0,0.666957715937462,0.5904,SEA,KC,0
20260503_LAD@STL,2026-05-03,STL,LAD,1,4,0.0,0.4900118824076668,0.5002,LAD,LAD,1
20260503_MIL@WSH,2026-05-03,WSH,MIL,3,2,1.0,0.417537411968253,0.4639,MIL,WSH,0
20260503_NYM@LAA,2026-05-03,LAA,NYM,1,5,0.0,0.520639963686094,0.5154,LAA,NYM,0
20260503_PHI@MIA,2026-05-03,MIA,PHI,2,7,0.0,0.5091730960984128,0.5097,MIA,PHI,0
20260503_SF@TB,2026-05-03,TB,SF,2,1,1.0,0.5473021841594787,0.5287,TB,TB,1
20260503_TEX@DET,2026-05-03,DET,TEX,7,1,1.0,0.6433883247787694,0.5778,DET,DET,1
20260503_TOR@MIN,2026-05-03,MIN,TOR,4,3,1.0,0.41755543747575763,0.4639,TOR,MIN,0
20260502_ATL@COL,2026-05-02,COL,ATL,1,9,0.0,0.31522267693763495,0.4099,ATL,ATL,1
20260502_AZ@CHC,2026-05-02,CHC,AZ,2,0,1.0,0.6387450915178655,0.5753,CHC,CHC,1
20260502_BAL@NYY,2026-05-02,NYY,BAL,9,4,1.0,0.5818531433011094,0.5461,NYY,NYY,1
20260502_CIN@PIT,2026-05-02,PIT,CIN,17,7,1.0,0.6378375922913597,0.5749,PIT,PIT,1
20260502_CLE@ATH,2026-05-02,ATH,CLE,6,14,0.0,0.47794469727896793,0.4942,CLE,CLE,1
20260502_CWS@SD,2026-05-02,SD,CWS,0,4,0.0,0.5634761365779655,0.5368,SD,CWS,0
20260502_HOU@BOS,2026-05-02,BOS,HOU,3,6,0.0,0.5970006468869534,0.5537,BOS,HOU,0
20260502_KC@SEA,2026-05-02,SEA,KC,2,3,0.0,0.6366869692919784,0.5743,SEA,KC,0
20260502_LAD@STL,2026-05-02,STL,LAD,3,2,1.0,0.5440684692030524,0.5271,STL,STL,1
20260502_MIL@WSH,2026-05-02,WSH,MIL,1,4,0.0,0.5199218573304292,0.5151,WSH,MIL,0
20260502_NYM@LAA,2026-05-02,LAA,NYM,4,3,1.0,0.3734574824248346,0.4412,NYM,LAA,0
20260502_PHI@MIA,2026-05-02,MIA,PHI,4,0,1.0,0.531544780032991,0.5209,MIA,MIA,1
20260502_SF@TB,2026-05-02,TB,SF,5,1,1.0,0.5140801445277774,0.5122,TB,TB,1
20260502_TEX@DET,2026-05-02,DET,TEX,5,1,1.0,0.622398666484475,0.5668,DET,DET,1
20260502_TOR@MIN,2026-05-02,MIN,TOR,4,11,0.0,0.44996512347187445,0.4803,TOR,TOR,1
20260501_ATL@COL,2026-05-01,COL,ATL,6,8,0.0,0.3125163002531075,0.4084,ATL,ATL,1
20260501_AZ@CHC,2026-05-01,CHC,AZ,6,5,1.0,0.5869630936590343,0.5486,CHC,CHC,1
20260501_BAL@NYY,2026-05-01,NYY,BAL,7,2,1.0,0.5815955246822639,0.5459,NYY,NYY,1
20260501_CIN@PIT,2026-05-01,PIT,CIN,9,1,1.0,0.4909233225439897,0.5007,CIN,PIT,0
20260501_CLE@ATH,2026-05-01,ATH,CLE,5,8,0.0,0.4884803120158644,0.4995,CLE,CLE,1
20260501_CWS@SD,2026-05-01,SD,CWS,2,8,0.0,0.5743691100876096,0.5423,SD,CWS,0
20260501_HOU@BOS,2026-05-01,BOS,HOU,3,1,1.0,0.6464665520105831,0.5794,BOS,BOS,1
20260501_KC@SEA,2026-05-01,SEA,KC,6,7,0.0,0.6062897922015378,0.5585,SEA,KC,0
20260501_LAD@STL,2026-05-01,STL,LAD,7,2,1.0,0.49862512970095413,0.5045,LAD,STL,0
20260501_MIL@WSH,2026-05-01,WSH,MIL,1,6,0.0,0.452855490297723,0.4817,MIL,MIL,1
20260501_NYM@LAA,2026-05-01,LAA,NYM,3,4,0.0,0.5155688714451245,0.5129,LAA,NYM,0
20260501_PHI@MIA,2026-05-01,MIA,PHI,5,6,0.0,0.4766989781149037,0.4936,PHI,PHI,1
20260501_SF@TB,2026-05-01,TB,SF,3,0,1.0,0.5157871700099073,0.513,TB,TB,1
20260501_TEX@DET,2026-05-01,DET,TEX,4,5,0.0,0.6074328586665096,0.5591,DET,TEX,0
20260501_TOR@MIN,2026-05-01,MIN,TOR,3,7,0.0,0.5151124997829769,0.5127,MIN,TOR,0
20260430_AZ@MIL,2026-04-30,MIL,AZ,13,1,1.0,0.529711033097042,0.5195,MIL,MIL,1
20260430_COL@CIN,2026-04-30,CIN,COL,6,4,1.0,0.5771698825125937,0.5449,CIN,CIN,1
20260430_DET@ATL,2026-04-30,ATL,DET,2,5,0.0,0.5895918687069167,0.5516,ATL,DET,0
20260430_HOU@BAL,2026-04-30,BAL,HOU,10,3,1.0,0.4421451575340495,0.4728,HOU,BAL,0
20260430_HOU@BAL,2026-04-30,BAL,HOU,5,11,0.0,0.49992018008818095,0.5036,HOU,HOU,1
20260430_KC@ATH,2026-04-30,ATH,KC,6,3,1.0,0.5782666483374302,0.5455,ATH,ATH,1
20260430_SF@PHI,2026-04-30,PHI,SF,3,2,1.0,0.4763108741714816,0.4911,SF,PHI,0
20260430_SF@PHI,2026-04-30,PHI,SF,6,5,1.0,0.4884695524805334,0.4975,SF,PHI,0
20260430_STL@PIT,2026-04-30,PIT,STL,5,10,0.0,0.5751185235175679,0.5438,PIT,STL,0
20260430_TOR@MIN,2026-04-30,MIN,TOR,7,1,1.0,0.5111195397022741,0.5096,MIN,MIN,1
20260430_WSH@NYM,2026-04-30,NYM,WSH,4,5,0.0,0.4552489139060461,0.4798,WSH,WSH,1
20260429_AZ@MIL,2026-04-29,MIL,AZ,2,6,0.0,0.5702703898203915,0.5412,MIL,AZ,0
20260429_BOS@TOR,2026-04-29,TOR,BOS,8,1,1.0,0.5857667559599946,0.5495,TOR,TOR,1
20260429_CHC@SD,2026-04-29,SD,CHC,4,5,0.0,0.5736141419162836,0.543,SD,CHC,0
20260429_COL@CIN,2026-04-29,CIN,COL,2,13,0.0,0.6319924881098811,0.5749,CIN,COL,0
20260429_DET@ATL,2026-04-29,ATL,DET,4,3,1.0,0.4838439567666531,0.4951,DET,ATL,0
20260429_KC@ATH,2026-04-29,ATH,KC,5,2,1.0,0.6254151088529479,0.5713,ATH,ATH,1
20260429_LAA@CWS,2026-04-29,CWS,LAA,3,2,1.0,0.5407481390672515,0.5253,CWS,CWS,1
20260429_MIA@LAD,2026-04-29,LAD,MIA,2,3,0.0,0.5536823101760808,0.5322,LAD,MIA,0
20260429_NYY@TEX,2026-04-29,TEX,NYY,3,0,1.0,0.5260337580951324,0.5175,TEX,TEX,1
20260429_SEA@MIN,2026-04-29,MIN,SEA,3,5,0.0,0.5206858719966562,0.5146,MIN,SEA,0
20260429_STL@PIT,2026-04-29,PIT,STL,4,5,0.0,0.6099545495284523,0.5627,PIT,STL,0
20260429_TB@CLE,2026-04-29,CLE,TB,3,1,1.0,0.5803878874625555,0.5466,CLE,CLE,1
20260429_WSH@NYM,2026-04-29,NYM,WSH,2,14,0.0,0.5027082469716342,0.5051,NYM,WSH,0
20260428_AZ@MIL,2026-04-28,MIL,AZ,13,2,1.0,0.5436400652025568,0.5269,MIL,MIL,1
20260428_BOS@TOR,2026-04-28,TOR,BOS,3,0,1.0,0.5626433052340055,0.5371,TOR,TOR,1
20260428_CHC@SD,2026-04-28,SD,CHC,3,8,0.0,0.5020620077809458,0.5047,SD,CHC,0
20260428_COL@CIN,2026-04-28,CIN,COL,7,2,1.0,0.5741121134733437,0.5432,CIN,CIN,1
20260428_DET@ATL,2026-04-28,ATL,DET,5,2,1.0,0.48322496924073266,0.4947,DET,ATL,0
20260428_HOU@BAL,2026-04-28,BAL,HOU,5,3,1.0,0.4620597678269352,0.4835,HOU,BAL,0
20260428_KC@ATH,2026-04-28,ATH,KC,1,4,0.0,0.5691064466114497,0.5405,ATH,KC,0
20260428_LAA@CWS,2026-04-28,CWS,LAA,5,2,1.0,0.4756773516276198,0.4907,LAA,CWS,0
20260428_MIA@LAD,2026-04-28,LAD,MIA,1,2,0.0,0.5317131695651115,0.5205,LAD,MIA,0
20260428_NYY@TEX,2026-04-28,TEX,NYY,2,3,0.0,0.5223558230463321,0.5155,TEX,NYY,0
20260428_SEA@MIN,2026-04-28,MIN,SEA,1,7,0.0,0.6007316094550829,0.5577,MIN,SEA,0
20260428_SF@PHI,2026-04-28,PHI,SF,7,0,1.0,0.5428308130932559,0.5264,PHI,PHI,1
20260428_STL@PIT,2026-04-28,PIT,STL,7,11,0.0,0.6128305456314482,0.5643,PIT,STL,0
20260428_TB@CLE,2026-04-28,CLE,TB,0,1,0.0,0.5902662155476969,0.552,CLE,TB,0
20260428_WSH@NYM,2026-04-28,NYM,WSH,8,0,1.0,0.469110156736945,0.4872,WSH,NYM,0
20260427_BOS@TOR,2026-04-27,TOR,BOS,0,5,0.0,0.5890689833046272,0.5513,TOR,BOS,0
20260427_CHC@SD,2026-04-27,SD,CHC,9,7,1.0,0.47444092451454056,0.4901,CHC,SD,0
20260427_LAA@CWS,2026-04-27,CWS,LAA,8,7,1.0,0.589205608922847,0.5514,CWS,CWS,1
20260427_MIA@LAD,2026-04-27,LAD,MIA,5,4,1.0,0.5495157860848308,0.53,LAD,LAD,1
20260427_NYY@TEX,2026-04-27,TEX,NYY,2,4,0.0,0.47218298222313115,0.4889,NYY,NYY,1
20260427_SEA@MIN,2026-04-27,MIN,SEA,11,4,1.0,0.5099337102839129,0.5089,MIN,MIN,1
20260427_STL@PIT,2026-04-27,PIT,STL,2,4,0.0,0.6348600666277959,0.5765,PIT,STL,0
20260427_TB@CLE,2026-04-27,CLE,TB,2,3,0.0,0.617993414672305,0.5672,CLE,TB,0
20260426_ATH@TEX,2026-04-26,TEX,ATH,1,2,0.0,0.5230705332339298,0.5159,TEX,ATH,0
20260426_BOS@BAL,2026-04-26,BAL,BOS,3,5,0.0,0.5279454380106092,0.5185,BAL,BOS,0
20260426_CHC@LAD,2026-04-26,LAD,CHC,6,0,1.0,0.4779602578811153,0.4919,CHC,LAD,0
20260426_CLE@TOR,2026-04-26,TOR,CLE,4,2,1.0,0.5962114380920376,0.5552,TOR,TOR,1
20260426_COL@NYM,2026-04-26,NYM,COL,0,3,0.0,0.609090448729565,0.5622,NYM,COL,0
20260426_COL@NYM,2026-04-26,NYM,COL,1,3,0.0,0.5562869122622058,0.5336,NYM,COL,0
20260426_DET@CIN,2026-04-26,CIN,DET,3,8,0.0,0.511201341846646,0.5096,CIN,DET,0
20260426_LAA@KC,2026-04-26,KC,LAA,11,9,1.0,0.48646481709338374,0.4965,LAA,KC,0
20260426_MIA@SF,2026-04-26,SF,MIA,6,3,1.0,0.5680208489482171,0.5399,SF,SF,1
20260426_MIN@TB,2026-04-26,TB,MIN,4,2,1.0,0.3901619274353402,0.4445,MIN,TB,0
20260426_NYY@HOU,2026-04-26,HOU,NYY,7,4,1.0,0.5292216543055795,0.5192,HOU,HOU,1
20260426_PHI@ATL,2026-04-26,ATL,PHI,6,2,1.0,0.5272772603279321,0.5182,ATL,ATL,1
20260426_PIT@MIL,2026-04-26,MIL,PIT,5,0,1.0,0.5918514116117162,0.5528,MIL,MIL,1
20260426_SD@AZ,2026-04-26,AZ,SD,12,7,1.0,0.5476474233593568,0.529,AZ,AZ,1
20260426_SEA@STL,2026-04-26,STL,SEA,2,3,0.0,0.5530951250170513,0.5319,STL,SEA,0
20260426_WSH@CWS,2026-04-26,CWS,WSH,1,2,0.0,0.44504578677555806,0.4744,WSH,WSH,1
20260425_ATH@TEX,2026-04-25,TEX,ATH,4,3,1.0,0.5180716076971202,0.5133,TEX,TEX,1
20260425_BOS@BAL,2026-04-25,BAL,BOS,1,17,0.0,0.5720050926482687,0.5421,BAL,BOS,0
20260425_CHC@LAD,2026-04-25,LAD,CHC,12,4,1.0,0.5518552523451881,0.5313,LAD,LAD,1
20260425_CLE@TOR,2026-04-25,TOR,CLE,5,3,1.0,0.5434726814562146,0.5268,TOR,TOR,1
20260425_DET@CIN,2026-04-25,CIN,DET,9,2,1.0,0.5987125715648084,0.5566,CIN,CIN,1
20260425_LAA@KC,2026-04-25,KC,LAA,12,1,1.0,0.3879013535596992,0.4433,LAA,KC,0
20260425_MIA@SF,2026-04-25,SF,MIA,6,2,1.0,0.5532847310200825,0.532,SF,SF,1
20260425_MIN@TB,2026-04-25,TB,MIN,6,1,1.0,0.5015448312835029,0.5045,TB,TB,1
20260425_NYY@HOU,2026-04-25,HOU,NYY,3,8,0.0,0.5205672833674492,0.5146,HOU,NYY,0
20260425_PHI@ATL,2026-04-25,ATL,PHI,5,8,0.0,0.5262754878024366,0.5176,ATL,PHI,0
20260425_PIT@MIL,2026-04-25,MIL,PIT,3,6,0.0,0.6201654703990801,0.5684,MIL,PIT,0
20260425_SD@AZ,2026-04-25,AZ,SD,4,6,0.0,0.5692511423798754,0.5406,AZ,SD,0
20260425_SEA@STL,2026-04-25,STL,SEA,9,11,0.0,0.5956179288599805,0.5549,STL,SEA,0
20260425_WSH@CWS,2026-04-25,CWS,WSH,3,6,0.0,0.47959630664005215,0.4928,WSH,WSH,1
20260424_ATH@TEX,2026-04-24,TEX,ATH,1,8,0.0,0.531464560633069,0.5204,TEX,ATH,0
20260424_BOS@BAL,2026-04-24,BAL,BOS,10,3,1.0,0.5827354330318394,0.5479,BAL,BAL,1
20260424_CHC@LAD,2026-04-24,LAD,CHC,4,6,0.0,0.5599056754715793,0.5356,LAD,CHC,0
20260424_CLE@TOR,2026-04-24,TOR,CLE,6,8,0.0,0.5643524900283443,0.538,TOR,CLE,0
20260424_COL@NYM,2026-04-24,NYM,COL,3,4,0.0,0.5967991648835631,0.5555,NYM,COL,0
20260424_DET@CIN,2026-04-24,CIN,DET,9,8,1.0,0.5591399789024607,0.5352,CIN,CIN,1
20260424_LAA@KC,2026-04-24,KC,LAA,6,3,1.0,0.4780403296483617,0.492,LAA,KC,0
20260424_MIA@SF,2026-04-24,SF,MIA,4,9,0.0,0.5515646656015517,0.5311,SF,MIA,0
20260424_MIN@TB,2026-04-24,TB,MIN,6,2,1.0,0.5677402090522653,0.5398,TB,TB,1
20260424_NYY@HOU,2026-04-24,HOU,NYY,4,12,0.0,0.566598549115939,0.5392,HOU,NYY,0
20260424_PHI@ATL,2026-04-24,ATL,PHI,5,3,1.0,0.5057770479554804,0.5067,ATL,ATL,1
20260424_PIT@MIL,2026-04-24,MIL,PIT,0,6,0.0,0.5552794314743666,0.5331,MIL,PIT,0
20260424_SEA@STL,2026-04-24,STL,SEA,2,3,0.0,0.5274122886998245,0.5182,STL,SEA,0
20260424_WSH@CWS,2026-04-24,CWS,WSH,5,4,1.0,0.43205466419292665,0.4674,WSH,CWS,0
20260423_ATL@WSH,2026-04-23,WSH,ATL,2,7,0.0,0.5068696428390513,0.5093,WSH,ATL,0
20260423_CWS@AZ,2026-04-23,AZ,CWS,1,4,0.0,0.722488385863427,0.6308,AZ,CWS,0
20260423_LAD@SF,2026-04-23,SF,LAD,0,3,0.0,0.5575741217152869,0.5366,SF,LAD,0
20260423_MIL@DET,2026-04-23,DET,MIL,5,4,1.0,0.5385367317252867,0.5263,DET,DET,1
20260423_MIN@NYM,2026-04-23,NYM,MIN,10,8,1.0,0.6204968067116279,0.5711,NYM,NYM,1
20260423_NYY@BOS,2026-04-23,BOS,NYY,2,4,0.0,0.5356333088065645,0.5248,BOS,NYY,0
20260423_PHI@CHC,2026-04-23,CHC,PHI,8,7,1.0,0.5819930599773518,0.5499,CHC,CHC,1
20260423_PIT@TEX,2026-04-23,TEX,PIT,6,1,1.0,0.602869957768536,0.5613,TEX,TEX,1
20260423_SD@COL,2026-04-23,COL,SD,8,10,0.0,0.431346684020126,0.4686,SD,SD,1
20260422_ATH@SEA,2026-04-22,SEA,ATH,5,4,1.0,0.5401216931019448,0.5272,SEA,SEA,1
20260422_ATL@WSH,2026-04-22,WSH,ATL,6,8,0.0,0.5030578233303307,0.5073,WSH,ATL,0
20260422_BAL@KC,2026-04-22,KC,BAL,6,8,0.0,0.5187594776272478,0.5157,KC,BAL,0
20260422_CIN@TB,2026-04-22,TB,CIN,6,1,1.0,0.5408339975911278,0.5276,TB,TB,1
20260422_CWS@AZ,2026-04-22,AZ,CWS,11,7,1.0,0.7155949148281369,0.6266,AZ,AZ,1
20260422_HOU@CLE,2026-04-22,CLE,HOU,0,2,0.0,0.41107149748428806,0.4575,HOU,HOU,1
20260422_LAD@SF,2026-04-22,SF,LAD,3,0,1.0,0.5372957783742018,0.5257,SF,SF,1
20260422_MIL@DET,2026-04-22,DET,MIL,5,2,1.0,0.5415013936105759,0.5279,DET,DET,1
20260422_MIN@NYM,2026-04-22,NYM,MIN,3,2,1.0,0.5448758436035513,0.5297,NYM,NYM,1
20260422_NYY@BOS,2026-04-22,BOS,NYY,1,4,0.0,0.49469545884840027,0.5028,NYY,NYY,1
20260422_PHI@CHC,2026-04-22,CHC,PHI,7,2,1.0,0.5588271232530039,0.5373,CHC,CHC,1
20260422_PIT@TEX,2026-04-22,TEX,PIT,4,8,0.0,0.5482302551109328,0.5315,TEX,PIT,0
20260422_SD@COL,2026-04-22,COL,SD,8,3,1.0,0.39201221509470574,0.447,SD,COL,0
20260422_STL@MIA,2026-04-22,MIA,STL,4,1,1.0,0.5406267643188691,0.5274,MIA,MIA,1
20260422_TOR@LAA,2026-04-22,LAA,TOR,7,3,1.0,0.44756871819189936,0.4774,TOR,LAA,0
20260421_ATH@SEA,2026-04-21,SEA,ATH,2,5,0.0,0.5735122253353631,0.5452,SEA,ATH,0
20260421_ATL@WSH,2026-04-21,WSH,ATL,11,4,1.0,0.4585441503836235,0.4833,ATL,WSH,0
20260421_BAL@KC,2026-04-21,KC,BAL,6,5,1.0,0.49510530261066626,0.503,BAL,KC,0
20260421_CIN@TB,2026-04-21,TB,CIN,6,12,0.0,0.5007579049971138,0.506,TB,CIN,0
20260421_CWS@AZ,2026-04-21,AZ,CWS,5,11,0.0,0.7341875542716033,0.6382,AZ,CWS,0
20260421_HOU@CLE,2026-04-21,CLE,HOU,8,5,1.0,0.5144333019953194,0.5134,CLE,CLE,1
20260421_LAD@SF,2026-04-21,SF,LAD,3,1,1.0,0.5393974966842419,0.5268,SF,SF,1
20260421_MIL@DET,2026-04-21,DET,MIL,4,12,0.0,0.6367193033411401,0.5802,DET,MIL,0
20260421_MIN@NYM,2026-04-21,NYM,MIN,3,5,0.0,0.5658767433004575,0.5411,NYM,MIN,0
20260421_NYY@BOS,2026-04-21,BOS,NYY,0,4,0.0,0.4881360241603122,0.4993,NYY,NYY,1
20260421_PHI@CHC,2026-04-21,CHC,PHI,7,4,1.0,0.5593428152760016,0.5375,CHC,CHC,1
20260421_PIT@TEX,2026-04-21,TEX,PIT,5,1,1.0,0.5261625799624743,0.5197,TEX,TEX,1
20260421_SD@COL,2026-04-21,COL,SD,0,1,0.0,0.3960373130808513,0.4492,SD,SD,1
20260421_STL@MIA,2026-04-21,MIA,STL,3,5,0.0,0.5690421588215338,0.5428,MIA,STL,0
20260421_TOR@LAA,2026-04-21,LAA,TOR,2,4,0.0,0.4459295789228504,0.4765,TOR,TOR,1
20260420_ATH@SEA,2026-04-20,SEA,ATH,4,6,0.0,0.5717366079218233,0.5443,SEA,ATH,0
20260420_ATL@WSH,2026-04-20,WSH,ATL,4,9,0.0,0.4509818530715491,0.4793,ATL,ATL,1
20260420_BAL@KC,2026-04-20,KC,BAL,5,7,0.0,0.46307254812724286,0.4858,BAL,BAL,1
20260420_CIN@TB,2026-04-20,TB,CIN,1,6,0.0,0.5458900963649509,0.5303,TB,CIN,0
20260420_DET@BOS,2026-04-20,BOS,DET,8,6,1.0,0.5510941719988478,0.5331,BOS,BOS,1
20260420_HOU@CLE,2026-04-20,CLE,HOU,2,9,0.0,0.5006441523814524,0.506,CLE,HOU,0
20260420_LAD@COL,2026-04-20,COL,LAD,3,12,0.0,0.3279316427096824,0.4104,LAD,LAD,1
20260420_PHI@CHC,2026-04-20,CHC,PHI,5,1,1.0,0.5295680999088852,0.5215,CHC,CHC,1
20260420_STL@MIA,2026-04-20,MIA,STL,5,3,1.0,0.517057301409199,0.5148,MIA,MIA,1
20260420_TOR@LAA,2026-04-20,LAA,TOR,2,5,0.0,0.48828686923915426,0.4993,TOR,TOR,1
20260419_ATL@PHI,2026-04-19,PHI,ATL,2,4,0.0,0.5900952282666628,0.5543,PHI,ATL,0
20260419_BAL@CLE,2026-04-19,CLE,BAL,8,4,1.0,0.5137138869474174,0.513,CLE,CLE,1
20260419_CIN@MIN,2026-04-19,MIN,CIN,4,7,0.0,0.4515265200460217,0.4795,CIN,CIN,1
20260419_CWS@ATH,2026-04-19,ATH,CWS,4,7,0.0,0.6511457565053564,0.5884,ATH,CWS,0
20260419_DET@BOS,2026-04-19,BOS,DET,2,6,0.0,0.5248322239924779,0.519,BOS,DET,0
20260419_KC@NYY,2026-04-19,NYY,KC,7,0,1.0,0.5427921328611719,0.5286,NYY,NYY,1
20260419_LAD@COL,2026-04-19,COL,LAD,9,6,1.0,0.30443630835870455,0.3963,LAD,COL,0
20260419_MIL@MIA,2026-04-19,MIA,MIL,5,3,1.0,0.5851235936030829,0.5516,MIA,MIA,1
20260419_NYM@CHC,2026-04-19,CHC,NYM,2,1,1.0,0.6214651436323944,0.5716,CHC,CHC,1
20260419_SD@LAA,2026-04-19,LAA,SD,1,2,0.0,0.548047670535963,0.5314,LAA,SD,0
20260419_SF@WSH,2026-04-19,WSH,SF,3,0,1.0,0.5127052009065319,0.5124,WSH,WSH,1
20260419_STL@HOU,2026-04-19,HOU,STL,5,7,0.0,0.6315937835704962,0.5773,HOU,STL,0
20260419_TB@PIT,2026-04-19,PIT,TB,6,3,1.0,0.5125503447939048,0.5124,PIT,PIT,1
20260419_TEX@SEA,2026-04-19,SEA,TEX,5,2,1.0,0.5465785453622579,0.5307,SEA,SEA,1
20260419_TOR@AZ,2026-04-19,AZ,TOR,4,10,0.0,0.4988223273352092,0.505,TOR,TOR,1
20260418_ATL@PHI,2026-04-18,PHI,ATL,1,3,0.0,0.6107563816503151,0.5657,PHI,ATL,0
20260418_BAL@CLE,2026-04-18,CLE,BAL,4,2,1.0,0.46550092327710296,0.4871,BAL,CLE,0
20260418_CIN@MIN,2026-04-18,MIN,CIN,4,5,0.0,0.47044768080929283,0.4898,CIN,CIN,1
20260418_CWS@ATH,2026-04-18,ATH,CWS,7,6,1.0,0.6498017343712431,0.5876,ATH,ATH,1
20260418_DET@BOS,2026-04-18,BOS,DET,1,4,0.0,0.5303259830020621,0.5219,BOS,DET,0
20260418_KC@NYY,2026-04-18,NYY,KC,13,4,1.0,0.6020365038197303,0.5608,NYY,NYY,1
20260418_LAD@COL,2026-04-18,COL,LAD,4,3,1.0,0.3750389541078278,0.4375,LAD,COL,0
20260418_MIL@MIA,2026-04-18,MIA,MIL,2,5,0.0,0.5989362167376139,0.5591,MIA,MIL,0
20260418_NYM@CHC,2026-04-18,CHC,NYM,4,2,1.0,0.5764250860515419,0.5468,CHC,CHC,1
20260418_SD@LAA,2026-04-18,LAA,SD,1,4,0.0,0.5075453479439069,0.5097,LAA,SD,0
20260418_SF@WSH,2026-04-18,WSH,SF,6,7,0.0,0.4878340621276073,0.4991,SF,SF,1
20260418_STL@HOU,2026-04-18,HOU,STL,5,7,0.0,0.6397471129756729,0.5819,HOU,STL,0
20260418_TB@PIT,2026-04-18,PIT,TB,7,8,0.0,0.5525110788749484,0.5339,PIT,TB,0
20260418_TEX@SEA,2026-04-18,SEA,TEX,7,3,1.0,0.5651248458156765,0.5407,SEA,SEA,1
20260418_TOR@AZ,2026-04-18,AZ,TOR,6,2,1.0,0.6479715089729985,0.5866,AZ,AZ,1
20260417_ATL@PHI,2026-04-17,PHI,ATL,0,9,0.0,0.6595406008698549,0.5932,PHI,ATL,0
20260417_BAL@CLE,2026-04-17,CLE,BAL,4,6,0.0,0.4940181474229591,0.5024,BAL,BAL,1
20260417_CIN@MIN,2026-04-17,MIN,CIN,1,2,0.0,0.5609311318011083,0.5384,MIN,CIN,0
20260417_CWS@ATH,2026-04-17,ATH,CWS,2,9,0.0,0.5989974665478105,0.5592,ATH,CWS,0
20260417_DET@BOS,2026-04-17,BOS,DET,1,0,1.0,0.5317312406430553,0.5227,BOS,BOS,1
20260417_KC@NYY,2026-04-17,NYY,KC,4,2,1.0,0.6185138328451296,0.57,NYY,NYY,1
20260417_LAD@COL,2026-04-17,COL,LAD,1,7,0.0,0.30933618137719543,0.3993,LAD,LAD,1
20260417_MIL@MIA,2026-04-17,MIA,MIL,5,7,0.0,0.6173762063637507,0.5693,MIA,MIL,0
20260417_NYM@CHC,2026-04-17,CHC,NYM,12,4,1.0,0.5776163172393419,0.5475,CHC,CHC,1
20260417_SD@LAA,2026-04-17,LAA,SD,8,0,1.0,0.42414210533706226,0.4647,SD,LAA,0
20260417_SF@WSH,2026-04-17,WSH,SF,5,10,0.0,0.4143657748943325,0.4593,SF,SF,1
20260417_STL@HOU,2026-04-17,HOU,STL,4,9,0.0,0.5875918559804051,0.5529,HOU,STL,0
20260417_TB@PIT,2026-04-17,PIT,TB,5,1,1.0,0.5399240225676945,0.5271,PIT,PIT,1
20260417_TEX@SEA,2026-04-17,SEA,TEX,0,5,0.0,0.6057035967179751,0.5629,SEA,TEX,0
20260417_TOR@AZ,2026-04-17,AZ,TOR,6,3,1.0,0.631552714143069,0.5773,AZ,AZ,1
20260416_BAL@CLE,2026-04-16,CLE,BAL,4,2,1.0,0.5181454040805265,0.513,CLE,CLE,1
20260416_COL@HOU,2026-04-16,HOU,COL,2,3,0.0,0.6100774211882358,0.5635,HOU,COL,0
20260416_KC@DET,2026-04-16,DET,KC,10,9,1.0,0.5787383705872771,0.5461,DET,DET,1
20260416_LAA@NYY,2026-04-16,NYY,LAA,4,11,0.0,0.5596631315855872,0.5356,NYY,LAA,0
20260416_SEA@SD,2026-04-16,SD,SEA,5,2,1.0,0.5165047785953657,0.5121,SD,SD,1
20260416_SF@CIN,2026-04-16,CIN,SF,0,3,0.0,0.5827276570849413,0.5483,CIN,SF,0
20260416_TB@CWS,2026-04-16,CWS,TB,3,5,0.0,0.5172693907266626,0.5125,CWS,TB,0
20260416_TEX@ATH,2026-04-16,ATH,TEX,6,9,0.0,0.45768409404588095,0.4802,TEX,TEX,1
20260416_TOR@MIL,2026-04-16,MIL,TOR,2,1,1.0,0.46138678989915105,0.4822,TOR,MIL,0
20260416_WSH@PIT,2026-04-16,PIT,WSH,7,8,0.0,0.5253845028240973,0.5169,PIT,WSH,0
20260415_AZ@BAL,2026-04-15,BAL,AZ,5,8,0.0,0.5920160763884954,0.5534,BAL,AZ,0
20260415_BOS@MIN,2026-04-15,MIN,BOS,5,9,0.0,0.4184121719021232,0.4587,BOS,BOS,1
20260415_CHC@PHI,2026-04-15,PHI,CHC,2,11,0.0,0.6107501164419699,0.5638,PHI,CHC,0
20260415_CLE@STL,2026-04-15,STL,CLE,5,3,1.0,0.48878291585534395,0.4971,CLE,STL,0
20260415_COL@HOU,2026-04-15,HOU,COL,3,1,1.0,0.6171433532852638,0.5674,HOU,HOU,1
20260415_KC@DET,2026-04-15,DET,KC,2,1,1.0,0.6015897512046481,0.5587,DET,DET,1
20260415_LAA@NYY,2026-04-15,NYY,LAA,5,4,1.0,0.5684514593489176,0.5404,NYY,NYY,1
20260415_MIA@ATL,2026-04-15,ATL,MIA,6,3,1.0,0.5560507833760866,0.5336,ATL,ATL,1
20260415_NYM@LAD,2026-04-15,LAD,NYM,8,2,1.0,0.5690148404192844,0.5407,LAD,LAD,1
20260415_SEA@SD,2026-04-15,SD,SEA,7,6,1.0,0.4815550611827918,0.4932,SEA,SD,0
20260415_SF@CIN,2026-04-15,CIN,SF,8,3,1.0,0.5135671015975636,0.5105,CIN,CIN,1
20260415_TB@CWS,2026-04-15,CWS,TB,3,8,0.0,0.45937129205351324,0.4811,TB,TB,1
20260415_TEX@ATH,2026-04-15,ATH,TEX,6,5,1.0,0.49329130155212864,0.4996,TEX,ATH,0
20260415_TOR@MIL,2026-04-15,MIL,TOR,2,1,1.0,0.4186721184707105,0.4588,TOR,MIL,0
20260415_WSH@PIT,2026-04-15,PIT,WSH,2,0,1.0,0.5825710768970556,0.5482,PIT,PIT,1
20260414_AZ@BAL,2026-04-14,BAL,AZ,3,4,0.0,0.5760032196991813,0.5446,BAL,AZ,0
20260414_BOS@MIN,2026-04-14,MIN,BOS,6,0,1.0,0.4585190014536051,0.4807,BOS,MIN,0
20260414_CHC@PHI,2026-04-14,PHI,CHC,4,10,0.0,0.5891361735713211,0.5518,PHI,CHC,0
20260414_CLE@STL,2026-04-14,STL,CLE,6,5,1.0,0.38892916419307777,0.4423,CLE,STL,0
20260414_COL@HOU,2026-04-14,HOU,COL,7,6,1.0,0.5453864113190268,0.5278,HOU,HOU,1
20260414_KC@DET,2026-04-14,DET,KC,2,1,1.0,0.5441555885858375,0.5271,DET,DET,1
20260414_LAA@NYY,2026-04-14,NYY,LAA,1,7,0.0,0.5760078205995127,0.5446,NYY,LAA,0
20260414_MIA@ATL,2026-04-14,ATL,MIA,6,5,1.0,0.5661951206171967,0.5392,ATL,ATL,1
20260414_NYM@LAD,2026-04-14,LAD,NYM,2,1,1.0,0.5829744529448412,0.5484,LAD,LAD,1
20260414_SEA@SD,2026-04-14,SD,SEA,4,1,1.0,0.5703035659173077,0.5414,SD,SD,1
20260414_SF@CIN,2026-04-14,CIN,SF,2,1,1.0,0.5659948041452978,0.5391,CIN,CIN,1
20260414_TB@CWS,2026-04-14,CWS,TB,5,8,0.0,0.49781505495396683,0.502,TB,TB,1
20260414_TEX@ATH,2026-04-14,ATH,TEX,2,1,1.0,0.37601059474803483,0.435,TEX,ATH,0
20260414_TOR@MIL,2026-04-14,MIL,TOR,7,9,0.0,0.5863456703877724,0.5503,MIL,TOR,0
20260414_WSH@PIT,2026-04-14,PIT,WSH,4,5,0.0,0.4833126331116103,0.4942,WSH,WSH,1
20260413_AZ@BAL,2026-04-13,BAL,AZ,9,7,1.0,0.5664726839287918,0.5393,BAL,BAL,1
20260413_BOS@MIN,2026-04-13,MIN,BOS,13,6,1.0,0.4883550471953326,0.4969,BOS,MIN,0
20260413_CHC@PHI,2026-04-13,PHI,CHC,13,7,1.0,0.646093054254278,0.5839,PHI,PHI,1
20260413_CLE@STL,2026-04-13,STL,CLE,3,9,0.0,0.499063761726292,0.5027,CLE,CLE,1
20260413_HOU@SEA,2026-04-13,SEA,HOU,6,2,1.0,0.6469785176567058,0.5844,SEA,SEA,1
20260413_LAA@NYY,2026-04-13,NYY,LAA,11,10,1.0,0.5583370205999009,0.5349,NYY,NYY,1
20260413_MIA@ATL,2026-04-13,ATL,MIA,4,10,0.0,0.6477288712054803,0.5848,ATL,MIA,0
20260413_NYM@LAD,2026-04-13,LAD,NYM,4,0,1.0,0.626921184176904,0.573,LAD,LAD,1
20260413_TEX@ATH,2026-04-13,ATH,TEX,1,8,0.0,0.4852323113418315,0.4952,TEX,TEX,1
20260413_WSH@PIT,2026-04-13,PIT,WSH,16,5,1.0,0.560026359186865,0.5358,PIT,PIT,1
20260412_ATH@NYM,2026-04-12,NYM,ATH,0,1,0.0,0.6337296038319373,0.5768,NYM,ATH,0
20260412_AZ@PHI,2026-04-12,PHI,AZ,3,4,0.0,0.5853108020319058,0.5497,PHI,AZ,0
20260412_BOS@STL,2026-04-12,STL,BOS,3,9,0.0,0.5868415585385683,0.5505,STL,BOS,0
20260412_CLE@ATL,2026-04-12,ATL,CLE,13,1,1.0,0.5775746321507128,0.5454,ATL,ATL,1
20260412_COL@SD,2026-04-12,SD,COL,7,2,1.0,0.6153169357831495,0.5664,SD,SD,1
20260412_CWS@KC,2026-04-12,KC,CWS,5,6,0.0,0.5295156810854194,0.5192,KC,CWS,0
20260412_HOU@SEA,2026-04-12,SEA,HOU,6,1,1.0,0.6971214727327204,0.614,SEA,SEA,1
20260412_LAA@CIN,2026-04-12,CIN,LAA,6,9,0.0,0.5122247034678259,0.5098,CIN,LAA,0
20260412_MIA@DET,2026-04-12,DET,MIA,8,2,1.0,0.5601412393191704,0.5359,DET,DET,1
20260412_MIN@TOR,2026-04-12,TOR,MIN,2,8,0.0,0.5655553272549011,0.5388,TOR,MIN,0
20260412_NYY@TB,2026-04-12,TB,NYY,5,4,1.0,0.5546873072663385,0.5329,TB,TB,1
20260412_PIT@CHC,2026-04-12,CHC,PIT,7,6,1.0,0.5770079003335804,0.5451,CHC,CHC,1
20260412_SF@BAL,2026-04-12,BAL,SF,6,2,1.0,0.6401419807040984,0.5805,BAL,BAL,1
20260412_TEX@LAD,2026-04-12,LAD,TEX,2,5,0.0,0.5138883742188953,0.5107,LAD,TEX,0
20260412_WSH@MIL,2026-04-12,MIL,WSH,6,8,0.0,0.5972507713130739,0.5563,MIL,WSH,0
20260411_ATH@NYM,2026-04-11,NYM,ATH,6,11,0.0,0.6358252109041544,0.578,NYM,ATH,0
20260411_AZ@PHI,2026-04-11,PHI,AZ,4,3,1.0,0.5264734213239753,0.5175,PHI,PHI,1
20260411_BOS@STL,2026-04-11,STL,BOS,1,7,0.0,0.6472853109903841,0.5846,STL,BOS,0
20260411_CLE@ATL,2026-04-11,ATL,CLE,0,6,0.0,0.6415570333020136,0.5813,ATL,CLE,0
20260411_COL@SD,2026-04-11,SD,COL,9,5,1.0,0.5618418742634133,0.5368,SD,SD,1
20260411_CWS@KC,2026-04-11,KC,CWS,2,0,1.0,0.5644262073919732,0.5382,KC,KC,1
20260411_HOU@SEA,2026-04-11,SEA,HOU,8,7,1.0,0.7364922667347875,0.6386,SEA,SEA,1
20260411_LAA@CIN,2026-04-11,CIN,LAA,7,3,1.0,0.5452602322083897,0.5277,CIN,CIN,1
20260411_MIA@DET,2026-04-11,DET,MIA,6,1,1.0,0.5254779390727029,0.517,DET,DET,1
20260411_MIN@TOR,2026-04-11,TOR,MIN,4,7,0.0,0.6069894064805623,0.5617,TOR,MIN,0
20260411_NYY@TB,2026-04-11,TB,NYY,5,4,1.0,0.5950546897002874,0.5551,TB,TB,1
20260411_PIT@CHC,2026-04-11,CHC,PIT,3,4,0.0,0.558737927978564,0.5351,CHC,PIT,0
20260411_SF@BAL,2026-04-11,BAL,SF,6,2,1.0,0.6065820507630807,0.5615,BAL,BAL,1
20260411_TEX@LAD,2026-04-11,LAD,TEX,6,3,1.0,0.6109796488992845,0.564,LAD,LAD,1
20260411_WSH@MIL,2026-04-11,MIL,WSH,1,3,0.0,0.6512028790160341,0.5868,MIL,WSH,0
20260410_ATH@NYM,2026-04-10,NYM,ATH,0,4,0.0,0.5793710207274765,0.5464,NYM,ATH,0
20260410_AZ@PHI,2026-04-10,PHI,AZ,4,5,0.0,0.5755296587112979,0.5443,PHI,AZ,0
20260410_BOS@STL,2026-04-10,STL,BOS,3,2,1.0,0.5618589074615423,0.5368,STL,STL,1
20260410_CLE@ATL,2026-04-10,ATL,CLE,11,5,1.0,0.6322152185077743,0.576,ATL,ATL,1
20260410_COL@SD,2026-04-10,SD,COL,5,2,1.0,0.6626052846490467,0.5935,SD,SD,1
20260410_CWS@KC,2026-04-10,KC,CWS,2,0,1.0,0.5327690343747838,0.521,KC,KC,1
20260410_HOU@SEA,2026-04-10,SEA,HOU,9,6,1.0,0.6979764108350046,0.6146,SEA,SEA,1
20260410_LAA@CIN,2026-04-10,CIN,LAA,2,10,0.0,0.44081082626922974,0.471,LAA,LAA,1
20260410_MIA@DET,2026-04-10,DET,MIA,2,0,1.0,0.5646581987717443,0.5383,DET,DET,1
20260410_MIN@TOR,2026-04-10,TOR,MIN,10,4,1.0,0.5721819264343045,0.5425,TOR,TOR,1
20260410_NYY@TB,2026-04-10,TB,NYY,5,3,1.0,0.5095674811083375,0.5084,TB,TB,1
20260410_PIT@CHC,2026-04-10,CHC,PIT,0,2,0.0,0.5878611696478145,0.5511,CHC,PIT,0
20260410_SF@BAL,2026-04-10,BAL,SF,3,6,0.0,0.4709835041136513,0.4875,SF,SF,1
20260410_TEX@LAD,2026-04-10,LAD,TEX,8,7,1.0,0.6515942713368894,0.5871,LAD,LAD,1
20260410_WSH@MIL,2026-04-10,MIL,WSH,3,7,0.0,0.6471637506029053,0.5845,MIL,WSH,0
20260409_ATH@NYY,2026-04-09,NYY,ATH,0,1,0.0,0.6828813248093464,0.6072,NYY,ATH,0
20260409_AZ@NYM,2026-04-09,NYM,AZ,1,7,0.0,0.5811745921298878,0.548,NYM,AZ,0
20260409_CIN@MIA,2026-04-09,MIA,CIN,8,1,1.0,0.541260944330124,0.5257,MIA,MIA,1
20260409_COL@SD,2026-04-09,SD,COL,7,3,1.0,0.5665690129448298,0.5398,SD,SD,1
20260409_CWS@KC,2026-04-09,KC,CWS,0,2,0.0,0.6153234499123125,0.5674,KC,CWS,0
20260409_DET@MIN,2026-04-09,MIN,DET,3,1,1.0,0.513371867327507,0.5102,MIN,MIN,1
20260408_ATH@NYY,2026-04-08,NYY,ATH,2,3,0.0,0.6095671681813644,0.5641,NYY,ATH,0
20260408_ATL@LAA,2026-04-08,LAA,ATL,2,8,0.0,0.5384818397977997,0.5241,LAA,ATL,0
20260408_AZ@NYM,2026-04-08,NYM,AZ,2,7,0.0,0.5732157514816878,0.5435,NYM,AZ,0
20260408_BAL@CWS,2026-04-08,CWS,BAL,3,5,0.0,0.468714318435513,0.4855,BAL,BAL,1
20260408_CHC@TB,2026-04-08,TB,CHC,2,6,0.0,0.5436699548916264,0.527,TB,CHC,0
20260408_CIN@MIA,2026-04-08,MIA,CIN,7,4,1.0,0.5061973387722293,0.5063,MIA,MIA,1
20260408_DET@MIN,2026-04-08,MIN,DET,8,6,1.0,0.4560428535149418,0.4785,DET,MIN,0
20260408_HOU@COL,2026-04-08,COL,HOU,9,1,1.0,0.6178104170460212,0.5688,COL,COL,1
20260408_KC@CLE,2026-04-08,CLE,KC,10,2,1.0,0.5535728580028317,0.5325,CLE,CLE,1
20260408_LAD@TOR,2026-04-08,TOR,LAD,4,3,1.0,0.6662661534668227,0.5972,TOR,TOR,1
20260408_MIL@BOS,2026-04-08,BOS,MIL,5,0,1.0,0.58358186024822,0.5493,BOS,BOS,1
20260408_PHI@SF,2026-04-08,SF,PHI,5,0,1.0,0.4181214328645855,0.4572,PHI,SF,0
20260408_SD@PIT,2026-04-08,PIT,SD,2,8,0.0,0.5039395815304644,0.505,PIT,SD,0
20260408_SEA@TEX,2026-04-08,TEX,SEA,3,0,1.0,0.608924305262206,0.5637,TEX,TEX,1
20260408_STL@WSH,2026-04-08,WSH,STL,1,6,0.0,0.47930045746243544,0.4914,STL,STL,1
20260407_ATH@NYY,2026-04-07,NYY,ATH,5,3,1.0,0.6402418838333983,0.5818,NYY,NYY,1
20260407_ATL@LAA,2026-04-07,LAA,ATL,2,7,0.0,0.5169258214352941,0.5122,LAA,ATL,0
20260407_AZ@NYM,2026-04-07,NYM,AZ,4,3,1.0,0.6683692660902179,0.5985,NYM,NYM,1
20260407_BAL@CWS,2026-04-07,CWS,BAL,2,4,0.0,0.47869431437635074,0.491,BAL,BAL,1
20260407_CHC@TB,2026-04-07,TB,CHC,2,9,0.0,0.5883573354993075,0.552,TB,CHC,0
20260407_CIN@MIA,2026-04-07,MIA,CIN,3,6,0.0,0.5390981756199199,0.5245,MIA,CIN,0
20260407_DET@MIN,2026-04-07,MIN,DET,4,2,1.0,0.49189326761445673,0.4984,DET,MIN,0
20260407_HOU@COL,2026-04-07,COL,HOU,5,1,1.0,0.3973799572804646,0.4455,HOU,COL,0
20260407_KC@CLE,2026-04-07,CLE,KC,2,1,1.0,0.5443376850772449,0.5274,CLE,CLE,1
20260407_LAD@TOR,2026-04-07,TOR,LAD,1,4,0.0,0.6622865302252806,0.5948,TOR,LAD,0
20260407_MIL@BOS,2026-04-07,BOS,MIL,3,2,1.0,0.46798897681602925,0.4851,MIL,BOS,0
20260407_PHI@SF,2026-04-07,SF,PHI,6,0,1.0,0.4652269415763855,0.4836,PHI,SF,0
20260407_SD@PIT,2026-04-07,PIT,SD,7,1,1.0,0.43069771281833913,0.4643,SD,PIT,0
20260407_SEA@TEX,2026-04-07,TEX,SEA,3,2,1.0,0.6197125186296385,0.5699,TEX,TEX,1
20260407_STL@WSH,2026-04-07,WSH,STL,6,7,0.0,0.4557196807110192,0.4783,STL,STL,1
20260406_ATL@LAA,2026-04-06,LAA,ATL,6,2,1.0,0.6183233480159718,0.5691,LAA,LAA,1
20260406_BAL@CWS,2026-04-06,CWS,BAL,1,2,0.0,0.5002020602855533,0.503,CWS,BAL,0
20260406_CHC@TB,2026-04-06,TB,CHC,6,4,1.0,0.5678618636730134,0.5405,TB,TB,1
20260406_CIN@MIA,2026-04-06,MIA,CIN,0,2,0.0,0.6246367858713591,0.5727,MIA,CIN,0
20260406_DET@MIN,2026-04-06,MIN,DET,7,3,1.0,0.5042191344397164,0.5052,MIN,MIN,1
20260406_HOU@COL,2026-04-06,COL,HOU,9,7,1.0,0.4449035306297339,0.4723,HOU,COL,0
20260406_KC@CLE,2026-04-06,CLE,KC,2,4,0.0,0.6102643873579271,0.5645,CLE,KC,0
20260406_LAD@TOR,2026-04-06,TOR,LAD,2,14,0.0,0.5808803882060414,0.5478,TOR,LAD,0
20260406_MIL@BOS,2026-04-06,BOS,MIL,6,8,0.0,0.5318569263793603,0.5205,BOS,MIL,0
20260406_PHI@SF,2026-04-06,SF,PHI,4,6,0.0,0.4644686003000821,0.4832,PHI,PHI,1
20260406_SD@PIT,2026-04-06,PIT,SD,0,5,0.0,0.390365953788831,0.4415,SD,SD,1
20260406_SEA@TEX,2026-04-06,TEX,SEA,2,1,1.0,0.5612623090628651,0.5368,TEX,TEX,1
20260406_STL@WSH,2026-04-06,WSH,STL,9,6,1.0,0.47744249450437076,0.4904,STL,WSH,0
20260405_ATL@AZ,2026-04-05,AZ,ATL,6,5,1.0,0.5217286573689203,0.5149,AZ,AZ,1
20260405_BAL@PIT,2026-04-05,PIT,BAL,8,2,1.0,0.4890342171042289,0.4968,BAL,PIT,0
20260405_CHC@CLE,2026-04-05,CLE,CHC,6,5,1.0,0.4490764589395039,0.4746,CHC,CLE,0
20260405_CHC@CLE,2026-04-05,CLE,CHC,0,1,0.0,0.5931742029571905,0.5548,CLE,CHC,0
20260405_CIN@TEX,2026-04-05,TEX,CIN,1,2,0.0,0.5537644541416321,0.5326,TEX,CIN,0
20260405_HOU@ATH,2026-04-05,ATH,HOU,12,10,1.0,0.5562612954739091,0.534,ATH,ATH,1
20260405_LAD@WSH,2026-04-05,WSH,LAD,6,8,0.0,0.4424546502450143,0.4709,LAD,LAD,1
20260405_MIA@NYY,2026-04-05,NYY,MIA,6,7,0.0,0.5943821075739838,0.5555,NYY,MIA,0
20260405_MIL@KC,2026-04-05,KC,MIL,5,8,0.0,0.363940158901525,0.4262,MIL,MIL,1
20260405_NYM@SF,2026-04-05,SF,NYM,2,5,0.0,0.5046920564596619,0.5054,SF,NYM,0
20260405_PHI@COL,2026-04-05,COL,PHI,4,1,1.0,0.4556165892478188,0.4782,PHI,COL,0
20260405_SD@BOS,2026-04-05,BOS,SD,6,8,0.0,0.4913908303007944,0.4981,SD,SD,1
20260405_SEA@LAA,2026-04-05,LAA,SEA,8,7,1.0,0.6091837417805829,0.5639,LAA,LAA,1
20260405_STL@DET,2026-04-05,DET,STL,3,5,0.0,0.5326695115639373,0.5209,DET,STL,0
20260405_TB@MIN,2026-04-05,MIN,TB,1,4,0.0,0.48343264972811706,0.4937,TB,TB,1
20260405_TOR@CWS,2026-04-05,CWS,TOR,3,0,1.0,0.4220062182006549,0.4594,TOR,CWS,0
20260404_ATL@AZ,2026-04-04,AZ,ATL,2,1,1.0,0.5714135622730988,0.5425,AZ,AZ,1
20260404_BAL@PIT,2026-04-04,PIT,BAL,3,2,1.0,0.5694060099732838,0.5414,PIT,PIT,1
20260404_CIN@TEX,2026-04-04,TEX,CIN,0,2,0.0,0.6074788602369571,0.5629,TEX,CIN,0
20260404_HOU@ATH,2026-04-04,ATH,HOU,0,11,0.0,0.4552629686926325,0.478,HOU,HOU,1
20260404_LAD@WSH,2026-04-04,WSH,LAD,5,10,0.0,0.4896183040895991,0.4971,LAD,LAD,1
20260404_MIA@NYY,2026-04-04,NYY,MIA,9,7,1.0,0.5963654659968216,0.5566,NYY,NYY,1
20260404_MIL@KC,2026-04-04,KC,MIL,8,2,1.0,0.5227944383479904,0.5155,KC,KC,1
20260404_MIL@KC,2026-04-04,KC,MIL,2,5,0.0,0.4997906345932401,0.5027,MIL,MIL,1
20260404_NYM@SF,2026-04-04,SF,NYM,0,9,0.0,0.6140222193908027,0.5666,SF,NYM,0
20260404_PHI@COL,2026-04-04,COL,PHI,1,2,0.0,0.45839271236345197,0.4798,PHI,PHI,1
20260404_SD@BOS,2026-04-04,BOS,SD,2,3,0.0,0.4978828056388612,0.5017,SD,SD,1
20260404_SEA@LAA,2026-04-04,LAA,SEA,1,0,1.0,0.4762411723835106,0.4897,SEA,LAA,0
20260404_STL@DET,2026-04-04,DET,STL,11,6,1.0,0.5225017663081128,0.5153,DET,DET,1
20260404_TB@MIN,2026-04-04,MIN,TB,1,7,0.0,0.5227333514373246,0.5154,MIN,TB,0
20260404_TOR@CWS,2026-04-04,CWS,TOR,6,3,1.0,0.4174724965142313,0.4569,TOR,CWS,0
20260403_ATL@AZ,2026-04-03,AZ,ATL,0,2,0.0,0.5213767969480556,0.5147,AZ,ATL,0
20260403_BAL@PIT,2026-04-03,PIT,BAL,5,4,1.0,0.5289781833090323,0.5189,PIT,PIT,1
20260403_CHC@CLE,2026-04-03,CLE,CHC,4,1,1.0,0.5422058945853346,0.5262,CLE,CLE,1
20260403_CIN@TEX,2026-04-03,TEX,CIN,3,5,0.0,0.6035102580428913,0.5606,TEX,CIN,0
20260403_HOU@ATH,2026-04-03,ATH,HOU,11,4,1.0,0.43517997491324933,0.4668,HOU,ATH,0
20260403_LAD@WSH,2026-04-03,WSH,LAD,6,13,0.0,0.40995897349833876,0.4526,LAD,LAD,1
20260403_MIA@NYY,2026-04-03,NYY,MIA,8,2,1.0,0.5443227383695654,0.5274,NYY,NYY,1
20260403_NYM@SF,2026-04-03,SF,NYM,3,10,0.0,0.5074141108289151,0.5069,SF,NYM,0
20260403_PHI@COL,2026-04-03,COL,PHI,1,10,0.0,0.33235026750068325,0.4075,PHI,PHI,1
20260403_SD@BOS,2026-04-03,BOS,SD,5,2,1.0,0.6344565757196308,0.5784,BOS,BOS,1
20260403_SEA@LAA,2026-04-03,LAA,SEA,1,3,0.0,0.482353428059899,0.4931,SEA,SEA,1
20260403_STL@DET,2026-04-03,DET,STL,4,0,1.0,0.5510687830824292,0.5311,DET,DET,1
20260403_TB@MIN,2026-04-03,MIN,TB,10,4,1.0,0.4667152138302092,0.4844,TB,MIN,0
20260403_TOR@CWS,2026-04-03,CWS,TOR,5,4,1.0,0.38929681521953713,0.4408,TOR,CWS,0
20260402_ATL@AZ,2026-04-02,AZ,ATL,2,17,0.0,0.5987734225398723,0.5555,AZ,ATL,0
20260402_MIN@KC,2026-04-02,KC,MIN,1,5,0.0,0.4055469861312062,0.4461,MIN,MIN,1
20260402_NYM@SF,2026-04-02,SF,NYM,7,2,1.0,0.5803341297296848,0.5449,SF,SF,1
20260401_ATH@ATL,2026-04-01,ATL,ATH,5,1,1.0,0.5469796109748429,0.526,ATL,ATL,1
20260401_BOS@HOU,2026-04-01,HOU,BOS,6,4,1.0,0.5493124662001908,0.5273,HOU,HOU,1
20260401_CLE@LAD,2026-04-01,LAD,CLE,1,4,0.0,0.5193574273844218,0.5104,LAD,CLE,0
20260401_COL@TOR,2026-04-01,TOR,COL,1,2,0.0,0.6446101490581212,0.5823,TOR,COL,0
20260401_CWS@MIA,2026-04-01,MIA,CWS,10,0,1.0,0.6078678007355227,0.5607,MIA,MIA,1
20260401_DET@AZ,2026-04-01,AZ,DET,1,0,1.0,0.4805913769610472,0.4886,DET,AZ,0
20260401_LAA@CHC,2026-04-01,CHC,LAA,6,2,1.0,0.6504218761792606,0.5858,CHC,CHC,1
20260401_MIN@KC,2026-04-01,KC,MIN,13,9,1.0,0.5646054418379548,0.5359,KC,KC,1
20260401_NYM@STL,2026-04-01,STL,NYM,2,1,1.0,0.4519827498340274,0.4725,NYM,STL,0
20260401_NYY@SEA,2026-04-01,SEA,NYY,3,5,0.0,0.5612901909057241,0.5341,SEA,NYY,0
20260401_PIT@CIN,2026-04-01,CIN,PIT,3,8,0.0,0.35542791166851784,0.4168,PIT,PIT,1
20260401_SF@SD,2026-04-01,SD,SF,7,1,1.0,0.5842952545106678,0.5472,SD,SD,1
20260401_TB@MIL,2026-04-01,MIL,TB,8,2,1.0,0.6529192848789616,0.5873,MIL,MIL,1
20260401_TEX@BAL,2026-04-01,BAL,TEX,8,3,1.0,0.48025931052842274,0.4884,TEX,BAL,0
20260401_WSH@PHI,2026-04-01,PHI,WSH,6,5,1.0,0.48217947677413414,0.4895,WSH,PHI,0
20260331_ATH@ATL,2026-03-31,ATL,ATH,2,5,0.0,0.5567362955670142,0.5315,ATL,ATH,0
20260331_BOS@HOU,2026-03-31,HOU,BOS,9,2,1.0,0.4377798351953668,0.4645,BOS,HOU,0
20260331_CLE@LAD,2026-03-31,LAD,CLE,4,1,1.0,0.5629023108967763,0.535,LAD,LAD,1
20260331_COL@TOR,2026-03-31,TOR,COL,5,1,1.0,0.5731316322537869,0.5408,TOR,TOR,1
20260331_CWS@MIA,2026-03-31,MIA,CWS,9,2,1.0,0.6254460217252243,0.571,MIA,MIA,1
20260331_DET@AZ,2026-03-31,AZ,DET,7,5,1.0,0.5444908526286404,0.5246,AZ,AZ,1
20260331_LAA@CHC,2026-03-31,CHC,LAA,0,2,0.0,0.5333197886841886,0.5183,CHC,LAA,0
20260331_NYM@STL,2026-03-31,STL,NYM,3,0,1.0,0.5263967274480934,0.5144,STL,STL,1
20260331_NYY@SEA,2026-03-31,SEA,NYY,0,5,0.0,0.6686339284986058,0.5968,SEA,NYY,0
20260331_PIT@CIN,2026-03-31,CIN,PIT,3,8,0.0,0.6105231627288276,0.5623,CIN,PIT,0
20260331_SF@SD,2026-03-31,SD,SF,3,9,0.0,0.5924330303582109,0.5518,SD,SF,0
20260331_TB@MIL,2026-03-31,MIL,TB,6,2,1.0,0.5489765653599291,0.5271,MIL,MIL,1
20260331_TEX@BAL,2026-03-31,BAL,TEX,5,8,0.0,0.6139384021792118,0.5643,BAL,TEX,0
20260331_WSH@PHI,2026-03-31,PHI,WSH,3,2,1.0,0.6043320922229573,0.5587,PHI,PHI,1
20260330_ATH@ATL,2026-03-30,ATL,ATH,4,0,1.0,0.4935082862164709,0.4959,ATH,ATL,0
20260330_BOS@HOU,2026-03-30,HOU,BOS,8,1,1.0,0.5663344699846908,0.5369,HOU,HOU,1
20260330_CLE@LAD,2026-03-30,LAD,CLE,2,4,0.0,0.5884148673746322,0.5495,LAD,CLE,0
20260330_COL@TOR,2026-03-30,TOR,COL,5,14,0.0,0.6063995871472467,0.5599,TOR,COL,0
20260330_CWS@MIA,2026-03-30,MIA,CWS,4,9,0.0,0.5914686985220623,0.5513,MIA,CWS,0
20260330_DET@AZ,2026-03-30,AZ,DET,9,6,1.0,0.5500947460440899,0.5277,AZ,AZ,1
20260330_LAA@CHC,2026-03-30,CHC,LAA,7,2,1.0,0.6223971745743542,0.5692,CHC,CHC,1
20260330_MIN@KC,2026-03-30,KC,MIN,3,1,1.0,0.5956074731711334,0.5537,KC,KC,1
20260330_NYM@STL,2026-03-30,STL,NYM,2,4,0.0,0.4970689046216763,0.4979,NYM,NYM,1
20260330_NYY@SEA,2026-03-30,SEA,NYY,2,1,1.0,0.5605133187393893,0.5336,SEA,SEA,1
20260330_PIT@CIN,2026-03-30,CIN,PIT,2,0,1.0,0.5946581320300723,0.5531,CIN,CIN,1
20260330_SF@SD,2026-03-30,SD,SF,2,3,0.0,0.551746385058828,0.5287,SD,SF,0
20260330_TB@MIL,2026-03-30,MIL,TB,2,3,0.0,0.5508691902680464,0.5282,MIL,TB,0
20260330_TEX@BAL,2026-03-30,BAL,TEX,2,5,0.0,0.5334670026176654,0.5183,BAL,TEX,0
20260330_WSH@PHI,2026-03-30,PHI,WSH,2,13,0.0,0.6404031783557216,0.5798,PHI,WSH,0
20260329_ATH@TOR,2026-03-29,TOR,ATH,5,2,1.0,0.6220646825261524,0.569,TOR,TOR,1
20260329_BOS@CIN,2026-03-29,CIN,BOS,3,2,1.0,0.540621260409611,0.5224,CIN,CIN,1
20260329_CLE@SEA,2026-03-29,SEA,CLE,8,0,1.0,0.5664481153828842,0.537,SEA,SEA,1
20260329_COL@MIA,2026-03-29,MIA,COL,4,3,1.0,0.48352381475875644,0.4903,COL,MIA,0
20260329_CWS@MIL,2026-03-29,MIL,CWS,9,7,1.0,0.6700966945848728,0.5977,MIL,MIL,1
20260329_KC@ATL,2026-03-29,ATL,KC,1,4,0.0,0.5263544062752356,0.5143,ATL,KC,0
20260329_LAA@HOU,2026-03-29,HOU,LAA,9,7,1.0,0.5686035386809359,0.5382,HOU,HOU,1
20260329_MIN@BAL,2026-03-29,BAL,MIN,8,6,1.0,0.5014377607858459,0.5003,BAL,BAL,1
20260329_PIT@NYM,2026-03-29,NYM,PIT,3,4,0.0,0.6095712422635808,0.5617,NYM,PIT,0
20260329_TB@STL,2026-03-29,STL,TB,7,11,0.0,0.5271663772513274,0.5148,STL,TB,0
20260329_TEX@PHI,2026-03-29,PHI,TEX,3,8,0.0,0.6352400468642225,0.5768,PHI,TEX,0
20260329_WSH@CHC,2026-03-29,CHC,WSH,3,6,0.0,0.5751385693592509,0.5419,CHC,WSH,0
20260328_ATH@TOR,2026-03-28,TOR,ATH,8,7,1.0,0.5378806122086227,0.5208,TOR,TOR,1
20260328_AZ@LAD,2026-03-28,LAD,AZ,3,2,1.0,0.5769978447846456,0.543,LAD,LAD,1
20260328_BOS@CIN,2026-03-28,CIN,BOS,6,5,1.0,0.5380511973841996,0.5209,CIN,CIN,1
20260328_CLE@SEA,2026-03-28,SEA,CLE,5,6,0.0,0.5175664691513799,0.5094,SEA,CLE,0
20260328_COL@MIA,2026-03-28,MIA,COL,4,3,1.0,0.49776982493196353,0.4983,COL,MIA,0
20260328_CWS@MIL,2026-03-28,MIL,CWS,6,1,1.0,0.6549889790598084,0.5885,MIL,MIL,1
20260328_DET@SD,2026-03-28,SD,DET,3,0,1.0,0.5808507526793238,0.5452,SD,SD,1
20260328_KC@ATL,2026-03-28,ATL,KC,6,2,1.0,0.5202728708560035,0.5109,ATL,ATL,1
20260328_LAA@HOU,2026-03-28,HOU,LAA,11,9,1.0,0.6423917106682405,0.581,HOU,HOU,1
20260328_MIN@BAL,2026-03-28,BAL,MIN,1,4,0.0,0.4775040014057828,0.4869,MIN,MIN,1
20260328_NYY@SF,2026-03-28,SF,NYY,1,3,0.0,0.5604557904669276,0.5336,SF,NYY,0
20260328_PIT@NYM,2026-03-28,NYM,PIT,4,2,1.0,0.5887601459002483,0.5497,NYM,NYM,1
20260328_TB@STL,2026-03-28,STL,TB,6,5,1.0,0.5440230774991464,0.5243,STL,STL,1
20260328_TEX@PHI,2026-03-28,PHI,TEX,4,5,0.0,0.6031382286420686,0.558,PHI,TEX,0
20260328_WSH@CHC,2026-03-28,CHC,WSH,10,2,1.0,0.5587056976369612,0.5326,CHC,CHC,1
20260327_ATH@TOR,2026-03-27,TOR,ATH,3,2,1.0,0.6012394048394092,0.5569,TOR,TOR,1
20260327_AZ@LAD,2026-03-27,LAD,AZ,5,4,1.0,0.6004430760365342,0.5564,LAD,LAD,1
20260327_CLE@SEA,2026-03-27,SEA,CLE,5,1,1.0,0.5932313003952134,0.5523,SEA,SEA,1
20260327_COL@MIA,2026-03-27,MIA,COL,2,1,1.0,0.5904029495532135,0.5507,MIA,MIA,1
20260327_DET@SD,2026-03-27,SD,DET,2,5,0.0,0.6513670948613044,0.5864,SD,DET,0
20260327_KC@ATL,2026-03-27,ATL,KC,6,0,1.0,0.5224711716881861,0.5122,ATL,ATL,1
20260327_LAA@HOU,2026-03-27,HOU,LAA,2,6,0.0,0.63636676197292,0.5774,HOU,LAA,0
20260327_NYY@SF,2026-03-27,SF,NYY,0,3,0.0,0.5796526942479066,0.5445,SF,NYY,0
20250928_AZ@SD,2025-09-28,SD,AZ,12,4,1.0,0.5691410903812347,0.5358,SD,SD,1
20250928_BAL@NYY,2025-09-28,NYY,BAL,3,2,1.0,0.5517839114338613,0.5263,NYY,NYY,1
20250928_CIN@MIL,2025-09-28,MIL,CIN,4,2,1.0,0.6124007287117026,0.5597,MIL,MIL,1
20250928_COL@SF,2025-09-28,SF,COL,4,0,1.0,0.6852168908366223,0.6018,SF,SF,1
20250928_CWS@WSH,2025-09-28,WSH,CWS,0,8,0.0,0.4377354584951407,0.4646,CWS,CWS,1
20250928_DET@BOS,2025-09-28,BOS,DET,4,3,1.0,0.5574822610347474,0.5294,BOS,BOS,1
20250928_HOU@LAA,2025-09-28,LAA,HOU,2,6,0.0,0.46270634687939066,0.4782,HOU,HOU,1
20250928_KC@ATH,2025-09-28,ATH,KC,2,9,0.0,0.4491084869197841,0.4708,KC,KC,1
20250928_LAD@SEA,2025-09-28,SEA,LAD,1,6,0.0,0.5430909140955594,0.5216,SEA,LAD,0
20250928_MIN@PHI,2025-09-28,PHI,MIN,2,1,1.0,0.5797709944794397,0.5416,PHI,PHI,1
20250928_NYM@MIA,2025-09-28,MIA,NYM,4,0,1.0,0.4792292107762067,0.4871,NYM,MIA,0
20250928_PIT@ATL,2025-09-28,ATL,PIT,4,1,1.0,0.5250875542297605,0.5119,ATL,ATL,1
20250928_STL@CHC,2025-09-28,CHC,STL,2,0,1.0,0.6333453504936034,0.5715,CHC,CHC,1
20250928_TB@TOR,2025-09-28,TOR,TB,13,4,1.0,0.589226786773937,0.5468,TOR,TOR,1
20250928_TEX@CLE,2025-09-28,CLE,TEX,9,8,1.0,0.5703990477577344,0.5365,CLE,CLE,1
20250927_AZ@SD,2025-09-27,SD,AZ,5,1,1.0,0.6354858542189152,0.5728,SD,SD,1
20250927_BAL@NYY,2025-09-27,NYY,BAL,6,1,1.0,0.6711309222584367,0.5934,NYY,NYY,1
20250927_CIN@MIL,2025-09-27,MIL,CIN,4,7,0.0,0.5877284792242132,0.546,MIL,CIN,0
20250927_COL@SF,2025-09-27,SF,COL,4,3,1.0,0.6395097047093959,0.575,SF,SF,1
20250927_CWS@WSH,2025-09-27,WSH,CWS,6,5,1.0,0.3664117027622808,0.425,CWS,WSH,0
20250927_DET@BOS,2025-09-27,BOS,DET,1,2,0.0,0.5476930106940185,0.5241,BOS,DET,0
20250927_HOU@LAA,2025-09-27,LAA,HOU,1,6,0.0,0.47295039660134597,0.4837,HOU,HOU,1
20250927_KC@ATH,2025-09-27,ATH,KC,2,4,0.0,0.579176650638084,0.5413,ATH,KC,0
20250927_LAD@SEA,2025-09-27,SEA,LAD,3,5,0.0,0.5643873283525525,0.5332,SEA,LAD,0
20250927_MIN@PHI,2025-09-27,PHI,MIN,0,5,0.0,0.6297348491875069,0.5695,PHI,MIN,0
20250927_NYM@MIA,2025-09-27,MIA,NYM,0,5,0.0,0.513989458913106,0.5059,MIA,NYM,0
20250927_PIT@ATL,2025-09-27,ATL,PIT,1,3,0.0,0.5841567848603241,0.544,ATL,PIT,0
20250927_STL@CHC,2025-09-27,CHC,STL,7,3,1.0,0.6630430688298234,0.5887,CHC,CHC,1
20250927_TB@TOR,2025-09-27,TOR,TB,5,1,1.0,0.6277463303561024,0.5684,TOR,TOR,1
20250927_TEX@CLE,2025-09-27,CLE,TEX,3,2,1.0,0.5786735257732607,0.541,CLE,CLE,1
20250926_AZ@SD,2025-09-26,SD,AZ,7,4,1.0,0.6292157279498165,0.5692,SD,SD,1
20250926_BAL@NYY,2025-09-26,NYY,BAL,8,4,1.0,0.6214927856233706,0.5648,NYY,NYY,1
20250926_CIN@MIL,2025-09-26,MIL,CIN,1,3,0.0,0.6368539973192496,0.5735,MIL,CIN,0
20250926_COL@SF,2025-09-26,SF,COL,6,3,1.0,0.627586818648715,0.5683,SF,SF,1
20250926_CWS@WSH,2025-09-26,WSH,CWS,9,10,0.0,0.42295443027593005,0.4565,CWS,CWS,1
20250926_DET@BOS,2025-09-26,BOS,DET,4,3,1.0,0.509541282414161,0.5035,BOS,BOS,1
20250926_HOU@LAA,2025-09-26,LAA,HOU,4,3,1.0,0.4712506752634719,0.4828,HOU,LAA,0
20250926_KC@ATH,2025-09-26,ATH,KC,4,3,1.0,0.535923268306534,0.5177,ATH,ATH,1
20250926_LAD@SEA,2025-09-26,SEA,LAD,2,3,0.0,0.5523496296500127,0.5266,SEA,LAD,0
20250926_MIN@PHI,2025-09-26,PHI,MIN,3,1,1.0,0.5841260466451866,0.544,PHI,PHI,1
20250926_NYM@MIA,2025-09-26,MIA,NYM,6,2,1.0,0.45379785655611454,0.4733,NYM,MIA,0
20250926_PIT@ATL,2025-09-26,ATL,PIT,3,9,0.0,0.5662701520975642,0.5342,ATL,PIT,0
20250926_STL@CHC,2025-09-26,CHC,STL,12,1,1.0,0.6150524127988006,0.5612,CHC,CHC,1
20250926_TB@TOR,2025-09-26,TOR,TB,4,2,1.0,0.56643787128038,0.5343,TOR,TOR,1
20250926_TEX@CLE,2025-09-26,CLE,TEX,3,7,0.0,0.6085739823215361,0.5576,CLE,TEX,0
20250925_BOS@TOR,2025-09-25,TOR,BOS,6,1,1.0,0.5847237967526826,0.5443,TOR,TOR,1
20250925_COL@SEA,2025-09-25,SEA,COL,6,2,1.0,0.6945888647116798,0.6074,SEA,SEA,1
20250925_CWS@NYY,2025-09-25,NYY,CWS,5,3,1.0,0.7352787059253444,0.6328,NYY,NYY,1
20250925_DET@CLE,2025-09-25,CLE,DET,2,4,0.0,0.5827480354140304,0.5433,CLE,DET,0
20250925_HOU@ATH,2025-09-25,ATH,HOU,5,11,0.0,0.5374634094197364,0.5186,ATH,HOU,0
20250925_KC@LAA,2025-09-25,LAA,KC,4,9,0.0,0.5387113972157292,0.5192,LAA,KC,0
20250925_LAD@AZ,2025-09-25,AZ,LAD,0,8,0.0,0.49125961742155916,0.4936,LAD,LAD,1
20250925_MIA@PHI,2025-09-25,PHI,MIA,1,0,1.0,0.5069257942487351,0.5021,PHI,PHI,1
20250925_MIN@TEX,2025-09-25,TEX,MIN,0,4,0.0,0.6108151866873582,0.5588,TEX,MIN,0
20250925_NYM@CHC,2025-09-25,CHC,NYM,5,8,0.0,0.6193020571538369,0.5636,CHC,NYM,0
20250925_PIT@CIN,2025-09-25,CIN,PIT,2,1,1.0,0.5673258884215726,0.5348,CIN,CIN,1
20250925_TB@BAL,2025-09-25,BAL,TB,6,5,1.0,0.4558136036690423,0.4744,TB,BAL,0
20250924_BOS@TOR,2025-09-24,TOR,BOS,1,7,0.0,0.5701198534001084,0.5363,TOR,BOS,0
20250924_COL@SEA,2025-09-24,SEA,COL,9,2,1.0,0.69153627231712,0.6056,SEA,SEA,1
20250924_CWS@NYY,2025-09-24,NYY,CWS,8,1,1.0,0.701838483270281,0.6118,NYY,NYY,1
20250924_DET@CLE,2025-09-24,CLE,DET,5,1,1.0,0.5844738557870746,0.5442,CLE,CLE,1
20250924_HOU@ATH,2025-09-24,ATH,HOU,6,0,1.0,0.4772478969177457,0.486,HOU,ATH,0
20250924_KC@LAA,2025-09-24,LAA,KC,3,2,1.0,0.5163726764233838,0.5071,LAA,LAA,1
20250924_LAD@AZ,2025-09-24,AZ,LAD,4,5,0.0,0.43192023106443445,0.4614,LAD,LAD,1
20250924_MIA@PHI,2025-09-24,PHI,MIA,11,1,1.0,0.5967104131489928,0.551,PHI,PHI,1
20250924_MIL@SD,2025-09-24,SD,MIL,1,3,0.0,0.5620694499816449,0.5319,SD,MIL,0
20250924_MIN@TEX,2025-09-24,TEX,MIN,4,2,1.0,0.6568370898462171,0.585,TEX,TEX,1
20250924_NYM@CHC,2025-09-24,CHC,NYM,10,3,1.0,0.5655422319610688,0.5338,CHC,CHC,1
20250924_PIT@CIN,2025-09-24,CIN,PIT,3,4,0.0,0.5874230992561411,0.5458,CIN,PIT,0
20250924_STL@SF,2025-09-24,SF,STL,4,3,1.0,0.40232431958323017,0.4452,STL,SF,0
20250924_TB@BAL,2025-09-24,BAL,TB,2,6,0.0,0.4966545961377371,0.4965,TB,TB,1
20250924_WSH@ATL,2025-09-24,ATL,WSH,3,4,0.0,0.5919257073636159,0.5483,ATL,WSH,0
20250923_BOS@TOR,2025-09-23,TOR,BOS,1,4,0.0,0.6362748947587832,0.5732,TOR,BOS,0
20250923_COL@SEA,2025-09-23,SEA,COL,4,3,1.0,0.6988979990004939,0.61,SEA,SEA,1
20250923_CWS@NYY,2025-09-23,NYY,CWS,3,2,1.0,0.7265658949170296,0.6272,NYY,NYY,1
20250923_DET@CLE,2025-09-23,CLE,DET,5,2,1.0,0.5622585077480985,0.532,CLE,CLE,1
20250923_HOU@ATH,2025-09-23,ATH,HOU,5,1,1.0,0.4806995349869307,0.4879,HOU,ATH,0
20250923_KC@LAA,2025-09-23,LAA,KC,4,8,0.0,0.4926023320560421,0.4943,KC,KC,1
20250923_LAD@AZ,2025-09-23,AZ,LAD,5,4,1.0,0.4498519647860313,0.4712,LAD,AZ,0
20250923_MIA@PHI,2025-09-23,PHI,MIA,5,6,0.0,0.6369302971358076,0.5736,PHI,MIA,0
20250923_MIL@SD,2025-09-23,SD,MIL,7,0,1.0,0.5654400952581171,0.5338,SD,SD,1
20250923_MIN@TEX,2025-09-23,TEX,MIN,1,4,0.0,0.6040217209649478,0.555,TEX,MIN,0
20250923_NYM@CHC,2025-09-23,CHC,NYM,7,9,0.0,0.6402872468449994,0.5755,CHC,NYM,0
20250923_PIT@CIN,2025-09-23,CIN,PIT,2,4,0.0,0.544532513093783,0.5224,CIN,PIT,0
20250923_STL@SF,2025-09-23,SF,STL,8,9,0.0,0.4839687259422947,0.4897,STL,STL,1
20250923_TB@BAL,2025-09-23,BAL,TB,6,0,1.0,0.444041184612123,0.468,TB,BAL,0
20250923_WSH@ATL,2025-09-23,ATL,WSH,3,2,1.0,0.6716737320720177,0.5937,ATL,ATL,1
20250922_MIL@SD,2025-09-22,SD,MIL,5,4,1.0,0.5673001843094444,0.5348,SD,SD,1
20250922_STL@SF,2025-09-22,SF,STL,5,6,0.0,0.48846096717277226,0.4921,STL,STL,1
20250922_WSH@ATL,2025-09-22,ATL,WSH,11,5,1.0,0.5994652437395247,0.5525,ATL,ATL,1
20250921_ATH@PIT,2025-09-21,PIT,ATH,11,0,1.0,0.5385111844355069,0.5244,PIT,PIT,1
20250921_ATL@DET,2025-09-21,DET,ATL,2,6,0.0,0.5579350087414191,0.5345,DET,ATL,0
20250921_BOS@TB,2025-09-21,TB,BOS,7,3,1.0,0.40729332105903165,0.4558,BOS,TB,0
20250921_CHC@CIN,2025-09-21,CIN,CHC,1,0,1.0,0.5035083939965235,0.5062,CIN,CIN,1
20250921_CLE@MIN,2025-09-21,MIN,CLE,6,2,1.0,0.43935442423008453,0.4727,CLE,MIN,0
20250921_LAA@COL,2025-09-21,COL,LAA,3,1,1.0,0.34382601685154224,0.4211,LAA,COL,0
20250921_MIA@TEX,2025-09-21,TEX,MIA,2,4,0.0,0.5802938812909427,0.5463,TEX,MIA,0
20250921_MIL@STL,2025-09-21,STL,MIL,5,1,1.0,0.4856550095133796,0.4969,MIL,STL,0
20250921_NYY@BAL,2025-09-21,BAL,NYY,1,7,0.0,0.543974005120653,0.5272,BAL,NYY,0
20250921_PHI@AZ,2025-09-21,AZ,PHI,9,2,1.0,0.43473399740608215,0.4703,PHI,AZ,0
20250921_SD@CWS,2025-09-21,CWS,SD,2,3,0.0,0.4351529804572647,0.4705,SD,SD,1
20250921_SEA@HOU,2025-09-21,HOU,SEA,3,7,0.0,0.41538466512714856,0.4601,SEA,SEA,1
20250921_SF@LAD,2025-09-21,LAD,SF,1,3,0.0,0.584398791494714,0.5485,LAD,SF,0
20250921_TOR@KC,2025-09-21,KC,TOR,5,8,0.0,0.397433212645682,0.4505,TOR,TOR,1
20250921_WSH@NYM,2025-09-21,NYM,WSH,2,3,0.0,0.6770227932668493,0.5991,NYM,WSH,0
20250920_ATH@PIT,2025-09-20,PIT,ATH,2,0,1.0,0.569026229101961,0.5404,PIT,PIT,1
20250920_ATL@DET,2025-09-20,DET,ATL,5,6,0.0,0.5597842822334724,0.5355,DET,ATL,0
20250920_BOS@TB,2025-09-20,TB,BOS,3,6,0.0,0.4486060688497792,0.4776,BOS,BOS,1
20250920_CHC@CIN,2025-09-20,CIN,CHC,6,3,1.0,0.43652946436536344,0.4713,CHC,CIN,0
20250920_CLE@MIN,2025-09-20,MIN,CLE,0,6,0.0,0.4753050635190051,0.4915,CLE,CLE,1
20250920_CLE@MIN,2025-09-20,MIN,CLE,0,8,0.0,0.4851834691775682,0.4967,CLE,CLE,1
20250920_LAA@COL,2025-09-20,COL,LAA,0,3,0.0,0.327124472851968,0.4117,LAA,LAA,1
20250920_MIA@TEX,2025-09-20,TEX,MIA,3,4,0.0,0.6056252731266886,0.5598,TEX,MIA,0
20250920_MIL@STL,2025-09-20,STL,MIL,2,3,0.0,0.41171330547993024,0.4581,MIL,MIL,1
20250920_NYY@BAL,2025-09-20,BAL,NYY,1,6,0.0,0.41908469721585473,0.4621,NYY,NYY,1
20250920_PHI@AZ,2025-09-20,AZ,PHI,4,3,1.0,0.5800048343823273,0.5461,AZ,AZ,1
20250920_SD@CWS,2025-09-20,CWS,SD,3,7,0.0,0.43304831308055824,0.4694,SD,SD,1
20250920_SEA@HOU,2025-09-20,HOU,SEA,4,6,0.0,0.5228278253494368,0.5162,HOU,SEA,0
20250920_SF@LAD,2025-09-20,LAD,SF,7,5,1.0,0.6080912844626448,0.5611,LAD,LAD,1
20250920_TOR@KC,2025-09-20,KC,TOR,2,1,1.0,0.4749167591292961,0.4913,TOR,KC,0
20250920_WSH@NYM,2025-09-20,NYM,WSH,3,5,0.0,0.5950346812864191,0.5541,NYM,WSH,0
20250919_ATH@PIT,2025-09-19,PIT,ATH,3,4,0.0,0.47091424088037,0.4893,ATH,ATH,1
20250919_ATL@DET,2025-09-19,DET,ATL,1,10,0.0,0.4632253273724506,0.4852,ATL,ATL,1
20250919_BOS@TB,2025-09-19,TB,BOS,7,11,0.0,0.4962622563430478,0.5024,BOS,BOS,1
20250919_CHC@CIN,2025-09-19,CIN,CHC,7,4,1.0,0.50892596640614,0.509,CIN,CIN,1
20250919_CLE@MIN,2025-09-19,MIN,CLE,2,6,0.0,0.41476275681695723,0.4598,CLE,CLE,1
20250919_LAA@COL,2025-09-19,COL,LAA,7,6,1.0,0.3359033521595232,0.4167,LAA,COL,0
20250919_MIA@TEX,2025-09-19,TEX,MIA,4,6,0.0,0.6677104397522313,0.5938,TEX,MIA,0
20250919_MIL@STL,2025-09-19,STL,MIL,7,1,1.0,0.4205309457160229,0.4628,MIL,STL,0
20250919_NYY@BAL,2025-09-19,BAL,NYY,4,2,1.0,0.5335756856729127,0.5218,BAL,BAL,1
20250919_PHI@AZ,2025-09-19,AZ,PHI,2,8,0.0,0.5664648101342149,0.539,AZ,PHI,0
20250919_SD@CWS,2025-09-19,CWS,SD,4,3,1.0,0.4417925691781408,0.474,SD,CWS,0
20250919_SEA@HOU,2025-09-19,HOU,SEA,0,4,0.0,0.5735369202110718,0.5427,HOU,SEA,0
20250919_SF@LAD,2025-09-19,LAD,SF,6,3,1.0,0.6187515567236899,0.5668,LAD,LAD,1
20250919_TOR@KC,2025-09-19,KC,TOR,20,1,1.0,0.5252434920691831,0.5175,KC,KC,1
20250919_WSH@NYM,2025-09-19,NYM,WSH,12,6,1.0,0.5512622855582328,0.531,NYM,NYM,1
20250918_ATH@BOS,2025-09-18,BOS,ATH,3,5,0.0,0.49751345458492113,0.5031,ATH,ATH,1
20250918_CHC@CIN,2025-09-18,CIN,CHC,1,0,1.0,0.5163797533929481,0.5129,CIN,CIN,1
20250918_CLE@DET,2025-09-18,DET,CLE,1,3,0.0,0.5381750410442921,0.5242,DET,CLE,0
20250918_LAA@MIL,2025-09-18,MIL,LAA,5,2,1.0,0.594367605469479,0.5538,MIL,MIL,1
20250918_MIA@COL,2025-09-18,COL,MIA,7,9,0.0,0.36913671189200425,0.4352,MIA,MIA,1
20250918_NYY@BAL,2025-09-18,BAL,NYY,0,7,0.0,0.41526496910465416,0.46,NYY,NYY,1
20250918_SD@NYM,2025-09-18,NYM,SD,6,1,1.0,0.6087472993958787,0.5614,NYM,NYM,1
20250918_SEA@KC,2025-09-18,KC,SEA,0,2,0.0,0.48891703095204575,0.4986,SEA,SEA,1
20250918_SF@LAD,2025-09-18,LAD,SF,2,1,1.0,0.5822216117779022,0.5473,LAD,LAD,1
20250918_TOR@TB,2025-09-18,TB,TOR,4,0,1.0,0.5205502465281366,0.515,TB,TB,1
20250917_ATH@BOS,2025-09-17,BOS,ATH,5,4,1.0,0.4869924713985171,0.4976,ATH,BOS,0
20250917_ATL@WSH,2025-09-17,WSH,ATL,4,9,0.0,0.4332875454401347,0.4696,ATL,ATL,1
20250917_BAL@CWS,2025-09-17,CWS,BAL,1,3,0.0,0.5722793983717351,0.5421,CWS,BAL,0
20250917_CHC@PIT,2025-09-17,PIT,CHC,4,8,0.0,0.5315899493723983,0.5208,PIT,CHC,0
20250917_CIN@STL,2025-09-17,STL,CIN,2,6,0.0,0.46858022770192387,0.488,CIN,CIN,1
20250917_CLE@DET,2025-09-17,DET,CLE,0,4,0.0,0.5124621507529967,0.5108,DET,CLE,0
20250917_LAA@MIL,2025-09-17,MIL,LAA,9,2,1.0,0.5751364502372354,0.5436,MIL,MIL,1
20250917_MIA@COL,2025-09-17,COL,MIA,4,8,0.0,0.3840865348798891,0.4433,MIA,MIA,1
20250917_NYY@MIN,2025-09-17,MIN,NYY,5,10,0.0,0.5207939181068741,0.5152,MIN,NYY,0
20250917_PHI@LAD,2025-09-17,LAD,PHI,5,0,1.0,0.5013407268321428,0.5051,LAD,LAD,1
20250917_SD@NYM,2025-09-17,NYM,SD,4,7,0.0,0.4928563895555406,0.5007,SD,SD,1
20250917_SEA@KC,2025-09-17,KC,SEA,7,5,1.0,0.5408990886274938,0.5256,KC,KC,1
20250917_SF@AZ,2025-09-17,AZ,SF,1,5,0.0,0.6553197664261434,0.5869,AZ,SF,0
20250917_TEX@HOU,2025-09-17,HOU,TEX,5,2,1.0,0.55183569504981,0.5313,HOU,HOU,1
20250917_TOR@TB,2025-09-17,TB,TOR,2,1,1.0,0.5383617004178194,0.5243,TB,TB,1
20250916_ATH@BOS,2025-09-16,BOS,ATH,1,2,0.0,0.48426152691361724,0.4962,ATH,ATH,1
20250916_ATL@WSH,2025-09-16,WSH,ATL,3,6,0.0,0.46125409766533065,0.4842,ATL,ATL,1
20250916_ATL@WSH,2025-09-16,WSH,ATL,0,5,0.0,0.432385738281674,0.4691,ATL,ATL,1
20250916_BAL@CWS,2025-09-16,CWS,BAL,7,8,0.0,0.5927188511366518,0.5529,CWS,BAL,0
20250916_CHC@PIT,2025-09-16,PIT,CHC,1,4,0.0,0.4720963955456707,0.4899,CHC,CHC,1
20250916_CIN@STL,2025-09-16,STL,CIN,3,0,1.0,0.4774921499122786,0.4927,CIN,STL,0
20250916_CLE@DET,2025-09-16,DET,CLE,5,7,0.0,0.5277307106592507,0.5188,DET,CLE,0
20250916_LAA@MIL,2025-09-16,MIL,LAA,9,2,1.0,0.606500429811948,0.5602,MIL,MIL,1
20250916_MIA@COL,2025-09-16,COL,MIA,5,6,0.0,0.3766837961248767,0.4393,MIA,MIA,1
20250916_NYY@MIN,2025-09-16,MIN,NYY,9,10,0.0,0.4154558372008319,0.4601,NYY,NYY,1
20250916_PHI@LAD,2025-09-16,LAD,PHI,6,9,0.0,0.6198140063074963,0.5674,LAD,PHI,0
20250916_SD@NYM,2025-09-16,NYM,SD,8,3,1.0,0.5192611717161632,0.5144,NYM,NYM,1
20250916_SEA@KC,2025-09-16,KC,SEA,5,12,0.0,0.49846013520491755,0.5036,SEA,SEA,1
20250916_SF@AZ,2025-09-16,AZ,SF,6,5,1.0,0.5554550081508725,0.5332,AZ,AZ,1
20250916_TEX@HOU,2025-09-16,HOU,TEX,6,5,1.0,0.5677727024124327,0.5397,HOU,HOU,1
20250916_TOR@TB,2025-09-16,TB,TOR,5,6,0.0,0.5540006734298949,0.5325,TB,TOR,0
20250915_ATL@WSH,2025-09-15,WSH,ATL,3,11,0.0,0.43671880026981286,0.4714,ATL,ATL,1
20250915_BAL@CWS,2025-09-15,CWS,BAL,1,4,0.0,0.548482132517738,0.5296,CWS,BAL,0
20250915_CHC@PIT,2025-09-15,PIT,CHC,0,4,0.0,0.4544368744815747,0.4807,CHC,CHC,1
20250915_CIN@STL,2025-09-15,STL,CIN,6,11,0.0,0.514474438579425,0.5119,STL,CIN,0
20250915_NYY@MIN,2025-09-15,MIN,NYY,7,0,1.0,0.4286836428959752,0.4671,NYY,MIN,0
20250915_PHI@LAD,2025-09-15,LAD,PHI,5,6,0.0,0.6311360254365322,0.5736,LAD,PHI,0
20250915_SF@AZ,2025-09-15,AZ,SF,8,1,1.0,0.4852349250102964,0.4967,SF,AZ,0
20250915_TEX@HOU,2025-09-15,HOU,TEX,6,3,1.0,0.5419953077461719,0.5262,HOU,HOU,1
20250915_TOR@TB,2025-09-15,TB,TOR,1,2,0.0,0.5494458788914296,0.5301,TB,TOR,0
20250914_AZ@MIN,2025-09-14,MIN,AZ,4,6,0.0,0.43541623915650524,0.4637,AZ,AZ,1
20250914_BAL@TOR,2025-09-14,TOR,BAL,11,2,1.0,0.5784348556993122,0.5374,TOR,TOR,1
20250914_CIN@ATH,2025-09-14,ATH,CIN,7,4,1.0,0.5812437211013673,0.5389,ATH,ATH,1
20250914_COL@SD,2025-09-14,SD,COL,9,6,1.0,0.7085943791106952,0.609,SD,SD,1
20250914_CWS@CLE,2025-09-14,CLE,CWS,3,2,1.0,0.5735060926910647,0.5348,CLE,CLE,1
20250914_DET@MIA,2025-09-14,MIA,DET,0,2,0.0,0.5501142160712859,0.5227,MIA,DET,0
20250914_HOU@ATL,2025-09-14,ATL,HOU,8,3,1.0,0.409833721232691,0.4504,HOU,ATL,0
20250914_KC@PHI,2025-09-14,PHI,KC,3,10,0.0,0.5009420261758816,0.4974,PHI,KC,0
20250914_LAA@SEA,2025-09-14,SEA,LAA,11,2,1.0,0.6412459337574598,0.5709,SEA,SEA,1
20250914_LAD@SF,2025-09-14,SF,LAD,2,10,0.0,0.4901525569384516,0.4919,LAD,LAD,1
20250914_NYY@BOS,2025-09-14,BOS,NYY,6,4,1.0,0.5665983027598082,0.5312,BOS,BOS,1
20250914_PIT@WSH,2025-09-14,WSH,PIT,4,3,1.0,0.4116051251996611,0.4513,PIT,WSH,0
20250914_STL@MIL,2025-09-14,MIL,STL,2,3,0.0,0.658670260417388,0.5804,MIL,STL,0
20250914_TB@CHC,2025-09-14,CHC,TB,4,3,1.0,0.6574830613846248,0.5798,CHC,CHC,1
20250914_TEX@NYM,2025-09-14,NYM,TEX,5,2,1.0,0.5691804877233441,0.5326,NYM,NYM,1
20250913_AZ@MIN,2025-09-13,MIN,AZ,2,5,0.0,0.43155158722658354,0.4617,AZ,AZ,1
20250913_BAL@TOR,2025-09-13,TOR,BAL,5,4,1.0,0.5962887282021055,0.5468,TOR,TOR,1
20250913_CIN@ATH,2025-09-13,ATH,CIN,11,5,1.0,0.48630119296083685,0.4899,CIN,ATH,0
20250913_COL@SD,2025-09-13,SD,COL,11,3,1.0,0.7047451271469076,0.6067,SD,SD,1
20250913_CWS@CLE,2025-09-13,CLE,CWS,3,1,1.0,0.5691506810576943,0.5326,CLE,CLE,1
20250913_DET@MIA,2025-09-13,MIA,DET,6,4,1.0,0.4774927599749197,0.4854,DET,MIA,0
20250913_HOU@ATL,2025-09-13,ATL,HOU,2,6,0.0,0.4525851991145533,0.4726,HOU,HOU,1
20250913_KC@PHI,2025-09-13,PHI,KC,8,6,1.0,0.4725476984831176,0.4829,KC,PHI,0
20250913_LAA@SEA,2025-09-13,SEA,LAA,5,3,1.0,0.6902325173576837,0.5983,SEA,SEA,1
20250913_LAD@SF,2025-09-13,SF,LAD,7,13,0.0,0.5746446816788158,0.5354,SF,LAD,0
20250913_NYY@BOS,2025-09-13,BOS,NYY,3,5,0.0,0.534771391398164,0.5148,BOS,NYY,0
20250913_PIT@WSH,2025-09-13,WSH,PIT,1,5,0.0,0.5238576233032565,0.5092,WSH,PIT,0
20250913_STL@MIL,2025-09-13,MIL,STL,9,8,1.0,0.5777284535431472,0.537,MIL,MIL,1
20250913_TB@CHC,2025-09-13,CHC,TB,4,5,0.0,0.606960913207455,0.5524,CHC,TB,0
20250913_TEX@NYM,2025-09-13,NYM,TEX,2,3,0.0,0.5692431229330668,0.5326,NYM,TEX,0
20250912_AZ@MIN,2025-09-12,MIN,AZ,9,8,1.0,0.4242496645495638,0.4579,AZ,MIN,0
20250912_BAL@TOR,2025-09-12,TOR,BAL,6,1,1.0,0.5091988513425709,0.5017,TOR,TOR,1
20250912_CIN@ATH,2025-09-12,ATH,CIN,3,0,1.0,0.6107618353790831,0.5544,ATH,ATH,1
20250912_COL@SD,2025-09-12,SD,COL,2,4,0.0,0.7035346787515036,0.606,SD,COL,0
20250912_CWS@CLE,2025-09-12,CLE,CWS,4,0,1.0,0.6220414521266681,0.5605,CLE,CLE,1
20250912_DET@MIA,2025-09-12,MIA,DET,8,2,1.0,0.41203542318729125,0.4516,DET,MIA,0
20250912_HOU@ATL,2025-09-12,ATL,HOU,3,11,0.0,0.4559341169575169,0.4743,HOU,HOU,1
20250912_KC@PHI,2025-09-12,PHI,KC,8,2,1.0,0.5479997330600044,0.5216,PHI,PHI,1
20250912_LAA@SEA,2025-09-12,SEA,LAA,2,1,1.0,0.6094338925359881,0.5537,SEA,SEA,1
20250912_LAD@SF,2025-09-12,SF,LAD,5,1,1.0,0.4671306832180795,0.4801,LAD,SF,0
20250912_NYY@BOS,2025-09-12,BOS,NYY,1,4,0.0,0.6241652743115521,0.5616,BOS,NYY,0
20250912_PIT@WSH,2025-09-12,WSH,PIT,6,5,1.0,0.4734595451445985,0.4833,PIT,WSH,0
20250912_STL@MIL,2025-09-12,MIL,STL,8,2,1.0,0.6192409173301675,0.559,MIL,MIL,1
20250912_TB@CHC,2025-09-12,CHC,TB,6,4,1.0,0.5037670778983904,0.4989,CHC,CHC,1
20250912_TEX@NYM,2025-09-12,NYM,TEX,3,8,0.0,0.5194956127350279,0.5069,NYM,TEX,0
20250911_COL@SD,2025-09-11,SD,COL,2,0,1.0,0.6940442488159658,0.6005,SD,SD,1
20250911_DET@NYY,2025-09-11,NYY,DET,9,3,1.0,0.4741805217443567,0.4837,DET,NYY,0
20250911_HOU@TOR,2025-09-11,TOR,HOU,6,0,1.0,0.6351654339300495,0.5676,TOR,TOR,1
20250911_KC@CLE,2025-09-11,CLE,KC,3,2,1.0,0.5420766202132056,0.5185,CLE,CLE,1
20250911_LAA@SEA,2025-09-11,SEA,LAA,7,6,1.0,0.6499861662670245,0.5757,SEA,SEA,1
20250911_NYM@PHI,2025-09-11,PHI,NYM,6,4,1.0,0.564015529334981,0.5299,PHI,PHI,1
20250911_PIT@BAL,2025-09-11,BAL,PIT,3,2,1.0,0.5439780120461055,0.5195,BAL,BAL,1
20250911_TB@CWS,2025-09-11,CWS,TB,5,1,1.0,0.43755473917794996,0.4648,TB,CWS,0
20250911_WSH@MIA,2025-09-11,MIA,WSH,5,0,1.0,0.5527665195155432,0.5241,MIA,MIA,1
20250910_AZ@SF,2025-09-10,SF,AZ,3,5,0.0,0.4612029257122624,0.477,AZ,AZ,1
20250910_BOS@ATH,2025-09-10,ATH,BOS,5,4,1.0,0.4748821342367618,0.4841,BOS,ATH,0
20250910_CHC@ATL,2025-09-10,ATL,CHC,2,3,0.0,0.44830609016950973,0.4704,CHC,CHC,1
20250910_CIN@SD,2025-09-10,SD,CIN,1,2,0.0,0.6656073288870108,0.5843,SD,CIN,0
20250910_COL@LAD,2025-09-10,LAD,COL,9,0,1.0,0.697260871474351,0.6023,LAD,LAD,1
20250910_DET@NYY,2025-09-10,NYY,DET,1,11,0.0,0.4690471600488632,0.4811,DET,DET,1
20250910_HOU@TOR,2025-09-10,TOR,HOU,2,3,0.0,0.5529834126876931,0.5242,TOR,HOU,0
20250910_KC@CLE,2025-09-10,CLE,KC,3,4,0.0,0.410550837365405,0.4508,KC,KC,1
20250910_MIL@TEX,2025-09-10,TEX,MIL,6,3,1.0,0.4756036720775578,0.4844,MIL,TEX,0
20250910_MIN@LAA,2025-09-10,LAA,MIN,4,3,1.0,0.5749118492719194,0.5356,LAA,LAA,1
20250910_NYM@PHI,2025-09-10,PHI,NYM,11,3,1.0,0.5755998279378713,0.5359,PHI,PHI,1
20250910_PIT@BAL,2025-09-10,BAL,PIT,2,1,1.0,0.5872810891916331,0.542,BAL,BAL,1
20250910_STL@SEA,2025-09-10,SEA,STL,4,2,1.0,0.5969199286046528,0.5471,SEA,SEA,1
20250910_TB@CWS,2025-09-10,CWS,TB,6,5,1.0,0.45297281139576806,0.4728,TB,CWS,0
20250910_WSH@MIA,2025-09-10,MIA,WSH,8,3,1.0,0.5235999184104855,0.509,MIA,MIA,1
20250909_AZ@SF,2025-09-09,SF,AZ,5,3,1.0,0.5314537489746944,0.5131,SF,SF,1
20250909_BOS@ATH,2025-09-09,ATH,BOS,0,6,0.0,0.5492919338342377,0.5223,ATH,BOS,0
20250909_CHC@ATL,2025-09-09,ATL,CHC,1,6,0.0,0.46906638549759744,0.4811,CHC,CHC,1
20250909_CIN@SD,2025-09-09,SD,CIN,2,4,0.0,0.6042108959622423,0.551,SD,CIN,0
20250909_COL@LAD,2025-09-09,LAD,COL,7,2,1.0,0.6468628027753319,0.5739,LAD,LAD,1
20250909_DET@NYY,2025-09-09,NYY,DET,2,12,0.0,0.5660286940127548,0.5309,NYY,DET,0
20250909_HOU@TOR,2025-09-09,TOR,HOU,4,3,1.0,0.5411597976322271,0.5181,TOR,TOR,1
20250909_KC@CLE,2025-09-09,CLE,KC,2,0,1.0,0.43354456620425774,0.4628,KC,CLE,0
20250909_MIL@TEX,2025-09-09,TEX,MIL,5,4,1.0,0.5171269051596961,0.5057,TEX,TEX,1
20250909_MIN@LAA,2025-09-09,LAA,MIN,12,2,1.0,0.5841661923839371,0.5404,LAA,LAA,1
20250909_NYM@PHI,2025-09-09,PHI,NYM,9,3,1.0,0.5293949769893975,0.512,PHI,PHI,1
20250909_PIT@BAL,2025-09-09,BAL,PIT,3,2,1.0,0.5745988868303875,0.5354,BAL,BAL,1
20250909_STL@SEA,2025-09-09,SEA,STL,5,3,1.0,0.5888639789446111,0.5429,SEA,SEA,1
20250909_TB@CWS,2025-09-09,CWS,TB,4,5,0.0,0.4940781794937541,0.4939,TB,TB,1
20250909_WSH@MIA,2025-09-09,MIA,WSH,5,7,0.0,0.5091029442502026,0.5016,MIA,WSH,0
20250908_AZ@SF,2025-09-08,SF,AZ,11,5,1.0,0.5623005144513197,0.529,SF,SF,1
20250908_BOS@ATH,2025-09-08,ATH,BOS,0,7,0.0,0.4897198517268968,0.4917,BOS,BOS,1
20250908_CHC@ATL,2025-09-08,ATL,CHC,4,1,1.0,0.39920634316403636,0.4448,CHC,ATL,0
20250908_CIN@SD,2025-09-08,SD,CIN,4,3,1.0,0.551789589728588,0.5236,SD,SD,1
20250908_COL@LAD,2025-09-08,LAD,COL,3,1,1.0,0.697538397363333,0.6025,LAD,LAD,1
20250908_KC@CLE,2025-09-08,CLE,KC,10,2,1.0,0.5520064507142586,0.5237,CLE,CLE,1
20250908_MIL@TEX,2025-09-08,TEX,MIL,5,0,1.0,0.5955216165834951,0.5464,TEX,TEX,1
20250908_MIN@LAA,2025-09-08,LAA,MIN,3,12,0.0,0.6230141128589138,0.561,LAA,MIN,0
20250908_NYM@PHI,2025-09-08,PHI,NYM,1,0,1.0,0.5407631163017014,0.5179,PHI,PHI,1
20250908_STL@SEA,2025-09-08,SEA,STL,4,2,1.0,0.5675232783221624,0.5317,SEA,SEA,1
20250908_WSH@MIA,2025-09-08,MIA,WSH,7,15,0.0,0.46250128582739003,0.4777,WSH,WSH,1
20250907_ATH@LAA,2025-09-07,LAA,ATH,4,3,1.0,0.5658517511361644,0.533,LAA,LAA,1
20250907_BOS@AZ,2025-09-07,AZ,BOS,4,7,0.0,0.5890559872611906,0.5452,AZ,BOS,0
20250907_CLE@TB,2025-09-07,TB,CLE,1,2,0.0,0.5275665287269747,0.5132,TB,CLE,0
20250907_CWS@DET,2025-09-07,DET,CWS,4,6,0.0,0.62247344712144,0.563,DET,CWS,0
20250907_HOU@TEX,2025-09-07,TEX,HOU,4,2,1.0,0.5859815385808381,0.5436,TEX,TEX,1
20250907_LAD@BAL,2025-09-07,BAL,LAD,2,5,0.0,0.41632393827132835,0.4557,LAD,LAD,1
20250907_MIL@PIT,2025-09-07,PIT,MIL,2,10,0.0,0.5133362928651357,0.5059,PIT,MIL,0
20250907_MIN@KC,2025-09-07,KC,MIN,1,5,0.0,0.6973757726886687,0.6048,KC,MIN,0
20250907_NYM@CIN,2025-09-07,CIN,NYM,3,2,1.0,0.48663470496283834,0.4921,NYM,CIN,0
20250907_PHI@MIA,2025-09-07,MIA,PHI,5,4,1.0,0.47808337588919536,0.4877,PHI,MIA,0
20250907_SD@COL,2025-09-07,COL,SD,1,8,0.0,0.36611403238905627,0.4289,SD,SD,1
20250907_SEA@ATL,2025-09-07,ATL,SEA,2,18,0.0,0.5531466791875681,0.5264,ATL,SEA,0
20250907_SF@STL,2025-09-07,STL,SF,4,3,1.0,0.44762900467679484,0.472,SF,STL,0
20250907_TOR@NYY,2025-09-07,NYY,TOR,4,3,1.0,0.5802613410375651,0.5406,NYY,NYY,1
20250907_WSH@CHC,2025-09-07,CHC,WSH,3,6,0.0,0.5722740204505798,0.5364,CHC,WSH,0
20250906_ATH@LAA,2025-09-06,LAA,ATH,4,17,0.0,0.5418249034810299,0.5205,LAA,ATH,0
20250906_BOS@AZ,2025-09-06,AZ,BOS,5,1,1.0,0.5927084176304012,0.5471,AZ,AZ,1
20250906_CLE@TB,2025-09-06,TB,CLE,2,3,0.0,0.5241332896564941,0.5114,TB,CLE,0
20250906_CWS@DET,2025-09-06,DET,CWS,6,0,1.0,0.6327947558006395,0.5685,DET,DET,1
20250906_HOU@TEX,2025-09-06,TEX,HOU,0,11,0.0,0.5866566341018276,0.5439,TEX,HOU,0
20250906_LAD@BAL,2025-09-06,BAL,LAD,4,3,1.0,0.46914957448770533,0.4831,LAD,BAL,0
20250906_MIL@PIT,2025-09-06,PIT,MIL,1,4,0.0,0.5175133542413081,0.508,PIT,MIL,0
20250906_MIN@KC,2025-09-06,KC,MIN,11,2,1.0,0.6148597636107924,0.5589,KC,KC,1
20250906_NYM@CIN,2025-09-06,CIN,NYM,6,3,1.0,0.3998535780652087,0.447,NYM,CIN,0
20250906_PHI@MIA,2025-09-06,MIA,PHI,2,4,0.0,0.38162164829600387,0.4373,PHI,PHI,1
20250906_SD@COL,2025-09-06,COL,SD,8,10,0.0,0.4346028871280819,0.4652,SD,SD,1
20250906_SEA@ATL,2025-09-06,ATL,SEA,2,10,0.0,0.6247850132804367,0.5642,ATL,SEA,0
20250906_SF@STL,2025-09-06,STL,SF,3,2,1.0,0.4315389382148626,0.4636,SF,STL,0
20250906_TOR@NYY,2025-09-06,NYY,TOR,3,1,1.0,0.5314824047837491,0.5152,NYY,NYY,1
20250906_WSH@CHC,2025-09-06,CHC,WSH,1,2,0.0,0.6099168288859924,0.5562,CHC,WSH,0
20250905_ATH@LAA,2025-09-05,LAA,ATH,4,10,0.0,0.5151786961482853,0.5068,LAA,ATH,0
20250905_BOS@AZ,2025-09-05,AZ,BOS,10,5,1.0,0.5056535393330006,0.5019,AZ,AZ,1
20250905_CLE@TB,2025-09-05,TB,CLE,1,7,0.0,0.4602730775663803,0.4785,CLE,CLE,1
20250905_CWS@DET,2025-09-05,DET,CWS,5,7,0.0,0.6762865696169494,0.5927,DET,CWS,0
20250905_HOU@TEX,2025-09-05,TEX,HOU,4,3,1.0,0.6371443349115307,0.5709,TEX,TEX,1
20250905_LAD@BAL,2025-09-05,BAL,LAD,2,1,1.0,0.43705533401313135,0.4665,LAD,BAL,0
20250905_MIL@PIT,2025-09-05,PIT,MIL,2,5,0.0,0.6470880913020656,0.5764,PIT,MIL,0
20250905_MIN@KC,2025-09-05,KC,MIN,2,1,1.0,0.6121413730697666,0.5574,KC,KC,1
20250905_NYM@CIN,2025-09-05,CIN,NYM,4,5,0.0,0.4144810117903671,0.4547,NYM,NYM,1
20250905_PHI@MIA,2025-09-05,MIA,PHI,3,9,0.0,0.4741205870363021,0.4857,PHI,PHI,1
20250905_SD@COL,2025-09-05,COL,SD,3,0,1.0,0.4411316688761632,0.4686,SD,COL,0
20250905_SEA@ATL,2025-09-05,ATL,SEA,4,1,1.0,0.5214710344923912,0.51,ATL,ATL,1
20250905_SF@STL,2025-09-05,STL,SF,2,8,0.0,0.43156774608755194,0.4636,SF,SF,1
20250905_TOR@NYY,2025-09-05,NYY,TOR,1,7,0.0,0.4481373454966046,0.4722,TOR,TOR,1
20250905_WSH@CHC,2025-09-05,CHC,WSH,11,5,1.0,0.5119722838925014,0.5052,CHC,CHC,1
20250904_CLE@TB,2025-09-04,TB,CLE,4,2,1.0,0.546323797266955,0.5229,TB,TB,1
20250904_CWS@MIN,2025-09-04,MIN,CWS,8,11,0.0,0.46906127566743555,0.4831,CWS,CWS,1
20250904_LAA@KC,2025-09-04,KC,LAA,4,3,1.0,0.5771802243202224,0.5389,KC,KC,1
20250904_LAD@PIT,2025-09-04,PIT,LAD,5,3,1.0,0.5313081080619811,0.5151,PIT,PIT,1
20250904_NYY@HOU,2025-09-04,HOU,NYY,4,8,0.0,0.5313060489282986,0.5151,HOU,NYY,0
20250904_PHI@MIL,2025-09-04,MIL,PHI,0,2,0.0,0.568541182525771,0.5344,MIL,PHI,0
20250903_ATH@STL,2025-09-03,STL,ATH,5,1,1.0,0.4287311303845754,0.4622,ATH,STL,0
20250903_ATL@CHC,2025-09-03,CHC,ATL,1,5,0.0,0.6344314043442865,0.5694,CHC,ATL,0
20250903_BAL@SD,2025-09-03,SD,BAL,5,7,0.0,0.49776774887921216,0.4978,BAL,BAL,1
20250903_CLE@BOS,2025-09-03,BOS,CLE,1,8,0.0,0.5655590672835865,0.5329,BOS,CLE,0
20250903_CWS@MIN,2025-09-03,MIN,CWS,3,4,0.0,0.5700269884591842,0.5352,MIN,CWS,0
20250903_LAA@KC,2025-09-03,KC,LAA,3,4,0.0,0.554283473530761,0.527,KC,LAA,0
20250903_LAD@PIT,2025-09-03,PIT,LAD,3,0,1.0,0.5339442783563845,0.5165,PIT,PIT,1
20250903_MIA@WSH,2025-09-03,WSH,MIA,10,5,1.0,0.5472303501576821,0.5233,WSH,WSH,1
20250903_NYM@DET,2025-09-03,DET,NYM,6,2,1.0,0.50371194015121,0.5009,DET,DET,1
20250903_NYY@HOU,2025-09-03,HOU,NYY,8,7,1.0,0.5838922277691853,0.5425,HOU,HOU,1
20250903_PHI@MIL,2025-09-03,MIL,PHI,6,3,1.0,0.5591932793133109,0.5296,MIL,MIL,1
20250903_SEA@TB,2025-09-03,TB,SEA,9,4,1.0,0.5327871951092109,0.5159,TB,TB,1
20250903_SF@COL,2025-09-03,COL,SF,8,10,0.0,0.4093693001935332,0.452,SF,SF,1
20250903_TEX@AZ,2025-09-03,AZ,TEX,2,0,1.0,0.5844163171443009,0.5427,AZ,AZ,1
20250903_TOR@CIN,2025-09-03,CIN,TOR,9,13,0.0,0.3598499024683178,0.4255,TOR,TOR,1
20250902_ATH@STL,2025-09-02,STL,ATH,2,1,1.0,0.40789422850050394,0.4512,ATH,STL,0
20250902_ATL@CHC,2025-09-02,CHC,ATL,4,3,1.0,0.6214954259387444,0.5624,CHC,CHC,1
20250902_BAL@SD,2025-09-02,SD,BAL,2,6,0.0,0.6042841833459865,0.5532,SD,BAL,0
20250902_CLE@BOS,2025-09-02,BOS,CLE,11,7,1.0,0.5594343204265773,0.5297,BOS,BOS,1
20250902_CWS@MIN,2025-09-02,MIN,CWS,3,12,0.0,0.5919930413827063,0.5467,MIN,CWS,0
20250902_LAA@KC,2025-09-02,KC,LAA,1,5,0.0,0.6452402584218231,0.5753,KC,LAA,0
20250902_LAD@PIT,2025-09-02,PIT,LAD,9,7,1.0,0.5828079867076725,0.5419,PIT,PIT,1
20250902_MIA@WSH,2025-09-02,WSH,MIA,5,2,1.0,0.5093800740320951,0.5038,WSH,WSH,1
20250902_NYM@DET,2025-09-02,DET,NYM,5,12,0.0,0.5372968265628009,0.5182,DET,NYM,0
20250902_NYY@HOU,2025-09-02,HOU,NYY,1,7,0.0,0.5542920283573136,0.527,HOU,NYY,0
20250902_SEA@TB,2025-09-02,TB,SEA,6,5,1.0,0.5350001918589761,0.517,TB,TB,1
20250902_SF@COL,2025-09-02,COL,SF,4,7,0.0,0.3939829908490031,0.4439,SF,SF,1
20250902_TEX@AZ,2025-09-02,AZ,TEX,5,3,1.0,0.5602578045929255,0.5301,AZ,AZ,1
20250902_TOR@CIN,2025-09-02,CIN,TOR,9,12,0.0,0.4541104433721419,0.4753,TOR,TOR,1
20250901_ATH@STL,2025-09-01,STL,ATH,3,11,0.0,0.5581153359653397,0.529,STL,ATH,0
20250901_ATL@CHC,2025-09-01,CHC,ATL,7,6,1.0,0.5588543597436478,0.5294,CHC,CHC,1
20250901_BAL@SD,2025-09-01,SD,BAL,3,4,0.0,0.508123205525315,0.5032,SD,BAL,0
20250901_CLE@BOS,2025-09-01,BOS,CLE,6,4,1.0,0.5836647631195557,0.5423,BOS,BOS,1
20250901_CWS@MIN,2025-09-01,MIN,CWS,5,6,0.0,0.5074712588367483,0.5028,MIN,CWS,0
20250901_LAA@HOU,2025-09-01,HOU,LAA,8,3,1.0,0.46353957343856433,0.4802,LAA,HOU,0
20250901_MIA@WSH,2025-09-01,WSH,MIA,2,0,1.0,0.5818860259392284,0.5414,WSH,WSH,1
20250901_NYM@DET,2025-09-01,DET,NYM,8,10,0.0,0.47139186596708427,0.4843,NYM,NYM,1
20250901_PHI@MIL,2025-09-01,MIL,PHI,8,10,0.0,0.5869479286611406,0.5441,MIL,PHI,0
20250901_SEA@TB,2025-09-01,TB,SEA,10,2,1.0,0.5457604560121615,0.5226,TB,TB,1
20250901_SF@COL,2025-09-01,COL,SF,2,8,0.0,0.39896346645129405,0.4465,SF,SF,1
20250901_TEX@AZ,2025-09-01,AZ,TEX,5,7,0.0,0.6435956185207512,0.5744,AZ,TEX,0
20250901_TOR@CIN,2025-09-01,CIN,TOR,5,4,1.0,0.48597229757295535,0.4918,TOR,CIN,0
20250831_ATL@PHI,2025-08-31,PHI,ATL,1,3,0.0,0.7030166883378034,0.6081,PHI,ATL,0
20250831_AZ@LAD,2025-08-31,LAD,AZ,5,4,1.0,0.6344561387680997,0.5697,LAD,LAD,1
20250831_BAL@SF,2025-08-31,SF,BAL,13,2,1.0,0.6251842082568019,0.5647,SF,SF,1
20250831_CHC@COL,2025-08-31,COL,CHC,6,5,1.0,0.45924240170818204,0.4787,CHC,COL,0
20250831_DET@KC,2025-08-31,KC,DET,0,5,0.0,0.473657708047328,0.4861,DET,DET,1
20250831_LAA@HOU,2025-08-31,HOU,LAA,0,3,0.0,0.5799045609282821,0.5407,HOU,LAA,0
20250831_MIA@NYM,2025-08-31,NYM,MIA,1,5,0.0,0.4907184333561111,0.4948,MIA,MIA,1
20250831_MIL@TOR,2025-08-31,TOR,MIL,8,4,1.0,0.5126373700288446,0.506,TOR,TOR,1
20250831_NYY@CWS,2025-08-31,CWS,NYY,3,2,1.0,0.4646416188729558,0.4814,NYY,CWS,0
20250831_PIT@BOS,2025-08-31,BOS,PIT,5,2,1.0,0.6571307293248452,0.5821,BOS,BOS,1
20250831_SD@MIN,2025-08-31,MIN,SD,7,2,1.0,0.48685207784131496,0.4928,SD,MIN,0
20250831_SEA@CLE,2025-08-31,CLE,SEA,2,4,0.0,0.5143601224319487,0.5069,CLE,SEA,0
20250831_STL@CIN,2025-08-31,CIN,STL,7,4,1.0,0.5630782674060688,0.532,CIN,CIN,1
20250831_TB@WSH,2025-08-31,WSH,TB,4,7,0.0,0.39595014672461043,0.4457,TB,TB,1
20250831_TEX@ATH,2025-08-31,ATH,TEX,6,9,0.0,0.5701096865046518,0.5356,ATH,TEX,0
20250830_ATL@PHI,2025-08-30,PHI,ATL,3,2,1.0,0.605699449329113,0.5543,PHI,PHI,1
20250830_AZ@LAD,2025-08-30,LAD,AZ,1,6,0.0,0.5754385691100001,0.5384,LAD,AZ,0
20250830_BAL@SF,2025-08-30,SF,BAL,1,11,0.0,0.5537379894987393,0.5272,SF,BAL,0
20250830_CHC@COL,2025-08-30,COL,CHC,3,4,0.0,0.35412076270968557,0.4232,CHC,CHC,1
20250830_DET@KC,2025-08-30,KC,DET,3,1,1.0,0.4620242706030653,0.4801,DET,KC,0
20250830_LAA@HOU,2025-08-30,HOU,LAA,1,4,0.0,0.6010932470508353,0.5519,HOU,LAA,0
20250830_MIA@NYM,2025-08-30,NYM,MIA,8,11,0.0,0.46753350905091007,0.4829,MIA,MIA,1
20250830_MIL@TOR,2025-08-30,TOR,MIL,1,4,0.0,0.5569466031995874,0.5288,TOR,MIL,0
20250830_NYY@CWS,2025-08-30,CWS,NYY,3,5,0.0,0.5275309906497716,0.5137,CWS,NYY,0
20250830_PIT@BOS,2025-08-30,BOS,PIT,3,10,0.0,0.611401554446421,0.5573,BOS,PIT,0
20250830_SD@MIN,2025-08-30,MIN,SD,3,12,0.0,0.4893063421982574,0.4941,SD,SD,1
20250830_SEA@CLE,2025-08-30,CLE,SEA,4,3,1.0,0.4344818157554549,0.4659,SEA,CLE,0
20250830_STL@CIN,2025-08-30,CIN,STL,2,4,0.0,0.5328904680302567,0.5164,CIN,STL,0
20250830_TB@WSH,2025-08-30,WSH,TB,1,4,0.0,0.3981066515200897,0.4468,TB,TB,1
20250830_TEX@ATH,2025-08-30,ATH,TEX,3,9,0.0,0.5806823752951396,0.5411,ATH,TEX,0
20250829_ATL@PHI,2025-08-29,PHI,ATL,2,1,1.0,0.5819422790583781,0.5418,PHI,PHI,1
20250829_AZ@LAD,2025-08-29,LAD,AZ,0,3,0.0,0.5812412321366109,0.5414,LAD,AZ,0
20250829_BAL@SF,2025-08-29,SF,BAL,15,8,1.0,0.542389684139927,0.5213,SF,SF,1
20250829_CHC@COL,2025-08-29,COL,CHC,7,11,0.0,0.496326029533577,0.4977,CHC,CHC,1
20250829_DET@KC,2025-08-29,KC,DET,3,5,0.0,0.5421669179293728,0.5212,KC,DET,0
20250829_LAA@HOU,2025-08-29,HOU,LAA,2,0,1.0,0.6067783817846019,0.5549,HOU,HOU,1
20250829_MIA@NYM,2025-08-29,NYM,MIA,19,9,1.0,0.5780663122195818,0.5398,NYM,NYM,1
20250829_MIL@TOR,2025-08-29,TOR,MIL,2,7,0.0,0.6020896871583343,0.5524,TOR,MIL,0
20250829_NYY@CWS,2025-08-29,CWS,NYY,2,10,0.0,0.40929159714810015,0.4527,NYY,NYY,1
20250829_PIT@BOS,2025-08-29,BOS,PIT,2,4,0.0,0.7090312160577419,0.6117,BOS,PIT,0
20250829_SD@MIN,2025-08-29,MIN,SD,7,4,1.0,0.5139697402090759,0.5067,MIN,MIN,1
20250829_SEA@CLE,2025-08-29,CLE,SEA,5,4,1.0,0.45776796920863394,0.4779,SEA,CLE,0
20250829_STL@CIN,2025-08-29,CIN,STL,5,7,0.0,0.5412344028187546,0.5207,CIN,STL,0
20250829_TB@WSH,2025-08-29,WSH,TB,1,4,0.0,0.5361215124763683,0.5181,WSH,TB,0
20250829_TEX@ATH,2025-08-29,ATH,TEX,2,5,0.0,0.5165657266855169,0.508,ATH,TEX,0
20250828_ATL@PHI,2025-08-28,PHI,ATL,19,4,1.0,0.519191361641166,0.5094,PHI,PHI,1
20250828_AZ@MIL,2025-08-28,MIL,AZ,4,6,0.0,0.519907854616073,0.5098,MIL,AZ,0
20250828_BOS@BAL,2025-08-28,BAL,BOS,2,3,0.0,0.45508649821954433,0.4765,BOS,BOS,1
20250828_CHC@SF,2025-08-28,SF,CHC,4,3,1.0,0.5323114523100377,0.5161,SF,SF,1
20250828_COL@HOU,2025-08-28,HOU,COL,4,3,1.0,0.6645806055318574,0.5862,HOU,HOU,1
20250828_MIA@NYM,2025-08-28,NYM,MIA,4,7,0.0,0.541002805777869,0.5206,NYM,MIA,0
20250828_NYY@CWS,2025-08-28,CWS,NYY,4,10,0.0,0.3923397877204618,0.4438,NYY,NYY,1
20250828_PIT@STL,2025-08-28,STL,PIT,4,1,1.0,0.5018467527322786,0.5005,STL,STL,1
20250827_ATL@MIA,2025-08-27,MIA,ATL,1,12,0.0,0.5150768630617053,0.5073,MIA,ATL,0
20250827_AZ@MIL,2025-08-27,MIL,AZ,2,3,0.0,0.5499306156530182,0.5252,MIL,AZ,0
20250827_BOS@BAL,2025-08-27,BAL,BOS,2,3,0.0,0.5594605265943221,0.5301,BAL,BOS,0
20250827_CHC@SF,2025-08-27,SF,CHC,12,3,1.0,0.4770378603065908,0.4878,CHC,SF,0
20250827_CIN@LAD,2025-08-27,LAD,CIN,5,1,1.0,0.5629381870178768,0.5319,LAD,LAD,1
20250827_COL@HOU,2025-08-27,HOU,COL,4,0,1.0,0.6945902948721414,0.6032,HOU,HOU,1
20250827_DET@ATH,2025-08-27,ATH,DET,7,0,1.0,0.4938673287824608,0.4964,DET,ATH,0
20250827_KC@CWS,2025-08-27,CWS,KC,1,12,0.0,0.4223207663311811,0.4596,KC,KC,1
20250827_LAA@TEX,2025-08-27,TEX,LAA,20,3,1.0,0.5801593108771517,0.5409,TEX,TEX,1
20250827_MIN@TOR,2025-08-27,TOR,MIN,9,8,1.0,0.4754246690056212,0.487,MIN,TOR,0
20250827_PHI@NYM,2025-08-27,NYM,PHI,6,0,1.0,0.5053593534458564,0.5023,NYM,NYM,1
20250827_PIT@STL,2025-08-27,STL,PIT,1,2,0.0,0.5329761634753747,0.5165,STL,PIT,0
20250827_SD@SEA,2025-08-27,SEA,SD,4,3,1.0,0.5402907904559724,0.5202,SEA,SEA,1
20250827_TB@CLE,2025-08-27,CLE,TB,4,3,1.0,0.4695094901757063,0.4839,TB,CLE,0
20250827_WSH@NYY,2025-08-27,NYY,WSH,11,2,1.0,0.5930182236734148,0.5476,NYY,NYY,1
20250826_ATL@MIA,2025-08-26,MIA,ATL,2,11,0.0,0.5927691924914823,0.5475,MIA,ATL,0
20250826_AZ@MIL,2025-08-26,MIL,AZ,9,8,1.0,0.579628777330522,0.5406,MIL,MIL,1
20250826_BOS@BAL,2025-08-26,BAL,BOS,0,5,0.0,0.5244495968732367,0.5121,BAL,BOS,0
20250826_CHC@SF,2025-08-26,SF,CHC,5,2,1.0,0.46963901699278554,0.484,CHC,SF,0
20250826_CIN@LAD,2025-08-26,LAD,CIN,6,3,1.0,0.5355574304926132,0.5178,LAD,LAD,1
20250826_COL@HOU,2025-08-26,HOU,COL,1,6,0.0,0.7555391419617405,0.6401,HOU,COL,0
20250826_DET@ATH,2025-08-26,ATH,DET,7,6,1.0,0.5463234359308544,0.5233,ATH,ATH,1
20250826_KC@CWS,2025-08-26,CWS,KC,4,5,0.0,0.4475470899895815,0.4726,KC,KC,1
20250826_LAA@TEX,2025-08-26,TEX,LAA,7,3,1.0,0.5787905220692353,0.5402,TEX,TEX,1
20250826_MIN@TOR,2025-08-26,TOR,MIN,5,7,0.0,0.5483736299024137,0.5244,TOR,MIN,0
20250826_PHI@NYM,2025-08-26,NYM,PHI,6,5,1.0,0.5449646527021473,0.5226,NYM,NYM,1
20250826_PIT@STL,2025-08-26,STL,PIT,3,8,0.0,0.544292890519904,0.5223,STL,PIT,0
20250826_SD@SEA,2025-08-26,SEA,SD,6,7,0.0,0.4849913936206296,0.4919,SD,SD,1
20250826_TB@CLE,2025-08-26,CLE,TB,3,0,1.0,0.5099517788118995,0.5047,CLE,CLE,1
20250826_WSH@NYY,2025-08-26,NYY,WSH,5,1,1.0,0.5442144313140086,0.5222,NYY,NYY,1
20250825_ATL@MIA,2025-08-25,MIA,ATL,2,1,1.0,0.540541616999884,0.5204,MIA,MIA,1
20250825_AZ@MIL,2025-08-25,MIL,AZ,7,5,1.0,0.5645446757957958,0.5327,MIL,MIL,1
20250825_BOS@BAL,2025-08-25,BAL,BOS,3,4,0.0,0.484108220545373,0.4914,BOS,BOS,1
20250825_CIN@LAD,2025-08-25,LAD,CIN,7,0,1.0,0.6120666624425026,0.5577,LAD,LAD,1
20250825_DET@ATH,2025-08-25,ATH,DET,8,3,1.0,0.4542720392170574,0.4761,DET,ATH,0
20250825_KC@CWS,2025-08-25,CWS,KC,7,0,1.0,0.5020161668035859,0.5006,CWS,CWS,1
20250825_LAA@TEX,2025-08-25,TEX,LAA,0,4,0.0,0.5718258915614118,0.5365,TEX,LAA,0
20250825_MIN@TOR,2025-08-25,TOR,MIN,10,4,1.0,0.5692009328802925,0.5352,TOR,TOR,1
20250825_PHI@NYM,2025-08-25,NYM,PHI,13,3,1.0,0.5169758119074686,0.5083,NYM,NYM,1
20250825_PIT@STL,2025-08-25,STL,PIT,7,6,1.0,0.4586245104361921,0.4783,PIT,STL,0
20250825_SD@SEA,2025-08-25,SEA,SD,9,6,1.0,0.5635233914691045,0.5322,SEA,SEA,1
20250825_TB@CLE,2025-08-25,CLE,TB,0,9,0.0,0.49475633652389217,0.4969,TB,TB,1
20250825_WSH@NYY,2025-08-25,NYY,WSH,10,5,1.0,0.6197923983631682,0.5618,NYY,NYY,1
20250824_ATH@SEA,2025-08-24,SEA,ATH,11,4,1.0,0.5454387200329549,0.5214,SEA,SEA,1
20250824_BOS@NYY,2025-08-24,NYY,BOS,7,2,1.0,0.5766767445168454,0.5374,NYY,NYY,1
20250824_CHC@LAA,2025-08-24,LAA,CHC,3,4,0.0,0.5290367491740418,0.513,LAA,CHC,0
20250824_CIN@AZ,2025-08-24,AZ,CIN,1,6,0.0,0.5644161550316651,0.5311,AZ,CIN,0
20250824_CLE@TEX,2025-08-24,TEX,CLE,5,0,1.0,0.5683596441936507,0.5331,TEX,TEX,1
20250824_COL@PIT,2025-08-24,PIT,COL,4,0,1.0,0.5831317937073391,0.5407,PIT,PIT,1
20250824_HOU@BAL,2025-08-24,BAL,HOU,3,2,1.0,0.5052362833947739,0.5009,BAL,BAL,1
20250824_KC@DET,2025-08-24,DET,KC,8,10,0.0,0.5156125277110744,0.5062,DET,KC,0
20250824_LAD@SD,2025-08-24,SD,LAD,2,8,0.0,0.6279420169886245,0.5643,SD,LAD,0
20250824_MIN@CWS,2025-08-24,CWS,MIN,8,0,1.0,0.4860325704582217,0.4912,MIN,CWS,0
20250824_NYM@ATL,2025-08-24,ATL,NYM,4,3,1.0,0.5114915003423498,0.5041,ATL,ATL,1
20250824_SF@MIL,2025-08-24,MIL,SF,3,4,0.0,0.608218733506516,0.5538,MIL,SF,0
20250824_STL@TB,2025-08-24,TB,STL,7,2,1.0,0.5096188180366347,0.5031,TB,TB,1
20250824_TOR@MIA,2025-08-24,MIA,TOR,5,3,1.0,0.4810468893021819,0.4886,TOR,MIA,0
20250824_WSH@PHI,2025-08-24,PHI,WSH,3,2,1.0,0.6285528779332727,0.5646,PHI,PHI,1
20250823_ATH@SEA,2025-08-23,SEA,ATH,1,2,0.0,0.5200577581199402,0.5084,SEA,ATH,0
20250823_BOS@NYY,2025-08-23,NYY,BOS,1,12,0.0,0.5307502365490614,0.5139,NYY,BOS,0
20250823_CHC@LAA,2025-08-23,LAA,CHC,1,12,0.0,0.5788213651787326,0.5385,LAA,CHC,0
20250823_CIN@AZ,2025-08-23,AZ,CIN,10,1,1.0,0.6153708257393444,0.5576,AZ,AZ,1
20250823_CLE@TEX,2025-08-23,TEX,CLE,10,0,1.0,0.5136258561435934,0.5052,TEX,TEX,1
20250823_COL@PIT,2025-08-23,PIT,COL,5,1,1.0,0.6158623094474626,0.5579,PIT,PIT,1
20250823_HOU@BAL,2025-08-23,BAL,HOU,8,9,0.0,0.525212056728296,0.511,BAL,HOU,0
20250823_KC@DET,2025-08-23,DET,KC,4,2,1.0,0.5502545596638462,0.5238,DET,DET,1
20250823_LAD@SD,2025-08-23,SD,LAD,5,1,1.0,0.6271269083287389,0.5638,SD,SD,1
20250823_MIN@CWS,2025-08-23,CWS,MIN,7,3,1.0,0.5184836226365055,0.5076,CWS,CWS,1
20250823_NYM@ATL,2025-08-23,ATL,NYM,2,9,0.0,0.5279875469153217,0.5125,ATL,NYM,0
20250823_SF@MIL,2025-08-23,MIL,SF,1,7,0.0,0.6767029051535676,0.5909,MIL,SF,0
20250823_TOR@MIA,2025-08-23,MIA,TOR,6,7,0.0,0.4817898936814126,0.489,TOR,TOR,1
20250823_WSH@PHI,2025-08-23,PHI,WSH,6,4,1.0,0.6036841648995456,0.5514,PHI,PHI,1
20250822_ATH@SEA,2025-08-22,SEA,ATH,3,2,1.0,0.5824236877735969,0.5404,SEA,SEA,1
20250822_BOS@NYY,2025-08-22,NYY,BOS,0,1,0.0,0.6160254637276295,0.5579,NYY,BOS,0
20250822_CHC@LAA,2025-08-22,LAA,CHC,2,3,0.0,0.5702288112280393,0.5341,LAA,CHC,0
20250822_CIN@AZ,2025-08-22,AZ,CIN,6,5,1.0,0.6425316121542477,0.5721,AZ,AZ,1
20250822_CLE@TEX,2025-08-22,TEX,CLE,4,3,1.0,0.5575472427526437,0.5275,TEX,TEX,1
20250822_COL@PIT,2025-08-22,PIT,COL,9,0,1.0,0.5434096539861991,0.5203,PIT,PIT,1
20250822_HOU@BAL,2025-08-22,BAL,HOU,7,10,0.0,0.5365468881541406,0.5168,BAL,HOU,0
20250822_KC@DET,2025-08-22,DET,KC,7,5,1.0,0.5371641105025187,0.5171,DET,DET,1
20250822_LAD@SD,2025-08-22,SD,LAD,2,1,1.0,0.6500710146177552,0.5762,SD,SD,1
20250822_MIN@CWS,2025-08-22,CWS,MIN,7,9,0.0,0.4708908611226697,0.4835,MIN,MIN,1
20250822_NYM@ATL,2025-08-22,ATL,NYM,7,12,0.0,0.5408002965790213,0.519,ATL,NYM,0
20250822_SF@MIL,2025-08-22,MIL,SF,5,4,1.0,0.6588398692302053,0.581,MIL,MIL,1
20250822_STL@TB,2025-08-22,TB,STL,10,6,1.0,0.5343484329859698,0.5157,TB,TB,1
20250822_TOR@MIA,2025-08-22,MIA,TOR,2,5,0.0,0.6619834605415704,0.5827,MIA,TOR,0
20250822_WSH@PHI,2025-08-22,PHI,WSH,4,5,0.0,0.6487127988691345,0.5755,PHI,WSH,0
20250821_ATH@MIN,2025-08-21,MIN,ATH,3,8,0.0,0.4047556577460665,0.4495,ATH,ATH,1
20250821_BOS@NYY,2025-08-21,NYY,BOS,3,6,0.0,0.5190728602915095,0.5079,NYY,BOS,0
20250821_HOU@BAL,2025-08-21,BAL,HOU,2,7,0.0,0.585020170326857,0.5417,BAL,HOU,0
20250821_LAD@COL,2025-08-21,COL,LAD,5,9,0.0,0.5083791595892994,0.5025,COL,LAD,0
20250821_MIL@CHC,2025-08-21,CHC,MIL,1,4,0.0,0.4063998782537867,0.4504,MIL,MIL,1
20250821_NYM@WSH,2025-08-21,WSH,NYM,9,3,1.0,0.4262394686388101,0.4606,NYM,WSH,0
20250821_SF@SD,2025-08-21,SD,SF,8,4,1.0,0.7308000046032488,0.6224,SD,SD,1
20250821_STL@TB,2025-08-21,TB,STL,4,7,0.0,0.4860009611290723,0.4911,STL,STL,1
20250821_TEX@KC,2025-08-21,KC,TEX,6,4,1.0,0.5746082607648155,0.5363,KC,KC,1
20250820_ATH@MIN,2025-08-20,MIN,ATH,2,4,0.0,0.4623962420321387,0.4791,ATH,ATH,1
20250820_CIN@LAA,2025-08-20,LAA,CIN,2,1,1.0,0.560770291480104,0.5292,LAA,LAA,1
20250820_CLE@AZ,2025-08-20,AZ,CLE,3,2,1.0,0.5838570287445284,0.5411,AZ,AZ,1
20250820_CWS@ATL,2025-08-20,ATL,CWS,1,0,1.0,0.6288682518694773,0.5648,ATL,ATL,1
20250820_HOU@DET,2025-08-20,DET,HOU,7,2,1.0,0.6136821935259326,0.5567,DET,DET,1
20250820_LAD@COL,2025-08-20,COL,LAD,8,3,1.0,0.334113644787407,0.4117,LAD,COL,0
20250820_MIL@CHC,2025-08-20,CHC,MIL,4,3,1.0,0.40689632344182775,0.4506,MIL,CHC,0
20250820_NYM@WSH,2025-08-20,WSH,NYM,5,4,1.0,0.4799080696490364,0.4881,NYM,WSH,0
20250820_NYY@TB,2025-08-20,TB,NYY,4,6,0.0,0.45528903742578825,0.4755,NYY,NYY,1
20250820_SEA@PHI,2025-08-20,PHI,SEA,11,2,1.0,0.604761381669511,0.552,PHI,PHI,1
20250820_SF@SD,2025-08-20,SD,SF,8,1,1.0,0.6852241717823516,0.5957,SD,SD,1
20250820_STL@MIA,2025-08-20,MIA,STL,6,2,1.0,0.5351847009917761,0.5161,MIA,MIA,1
20250820_TEX@KC,2025-08-20,KC,TEX,3,6,0.0,0.5994370740876735,0.5492,KC,TEX,0
20250820_TOR@PIT,2025-08-20,PIT,TOR,2,1,1.0,0.4635670942418397,0.4797,TOR,PIT,0
20250819_ATH@MIN,2025-08-19,MIN,ATH,3,6,0.0,0.538433157565835,0.5178,MIN,ATH,0
20250819_BAL@BOS,2025-08-19,BOS,BAL,3,4,0.0,0.5942679138991618,0.5465,BOS,BAL,0
20250819_CIN@LAA,2025-08-19,LAA,CIN,4,6,0.0,0.5329492332668578,0.515,LAA,CIN,0
20250819_CLE@AZ,2025-08-19,AZ,CLE,6,5,1.0,0.5127984747914475,0.5047,AZ,AZ,1
20250819_CWS@ATL,2025-08-19,ATL,CWS,11,10,1.0,0.550933697696526,0.5242,ATL,ATL,1
20250819_HOU@DET,2025-08-19,DET,HOU,1,0,1.0,0.5968372067651849,0.5479,DET,DET,1
20250819_LAD@COL,2025-08-19,COL,LAD,4,11,0.0,0.4349717667980076,0.4651,LAD,LAD,1
20250819_MIL@CHC,2025-08-19,CHC,MIL,4,1,1.0,0.40326121752842053,0.4487,MIL,CHC,0
20250819_MIL@CHC,2025-08-19,CHC,MIL,6,4,1.0,0.43179168481007385,0.4635,MIL,CHC,0
20250819_NYM@WSH,2025-08-19,WSH,NYM,1,8,0.0,0.4159215618361553,0.4553,NYM,NYM,1
20250819_NYY@TB,2025-08-19,TB,NYY,3,13,0.0,0.47640700502997035,0.4863,NYY,NYY,1
20250819_SEA@PHI,2025-08-19,PHI,SEA,6,4,1.0,0.6374812609699692,0.5694,PHI,PHI,1
20250819_SF@SD,2025-08-19,SD,SF,5,1,1.0,0.6486012934326861,0.5754,SD,SD,1
20250819_STL@MIA,2025-08-19,MIA,STL,4,7,0.0,0.458768014966639,0.4773,STL,STL,1
20250819_TEX@KC,2025-08-19,KC,TEX,5,2,1.0,0.6072281441074845,0.5533,KC,KC,1
20250819_TOR@PIT,2025-08-19,PIT,TOR,3,7,0.0,0.4134179974341909,0.454,TOR,TOR,1
20250818_BAL@BOS,2025-08-18,BOS,BAL,3,6,0.0,0.6356947602701584,0.5684,BOS,BAL,0
20250818_CIN@LAA,2025-08-18,LAA,CIN,1,4,0.0,0.5340561064947297,0.5155,LAA,CIN,0
20250818_CLE@AZ,2025-08-18,AZ,CLE,1,3,0.0,0.5208462072579718,0.5088,AZ,CLE,0
20250818_CWS@ATL,2025-08-18,ATL,CWS,9,13,0.0,0.6934048153783251,0.6004,ATL,CWS,0
20250818_HOU@DET,2025-08-18,DET,HOU,10,0,1.0,0.5706293621119043,0.5343,DET,DET,1
20250818_LAD@COL,2025-08-18,COL,LAD,4,3,1.0,0.4383508874068135,0.4669,LAD,COL,0
20250818_MIL@CHC,2025-08-18,CHC,MIL,0,7,0.0,0.4799932375563158,0.4881,MIL,MIL,1
20250818_SEA@PHI,2025-08-18,PHI,SEA,12,7,1.0,0.5706307084802581,0.5343,PHI,PHI,1
20250818_SF@SD,2025-08-18,SD,SF,3,4,0.0,0.6360388474278281,0.5686,SD,SF,0
20250818_STL@MIA,2025-08-18,MIA,STL,3,8,0.0,0.45610690363959283,0.4759,STL,STL,1
20250818_TEX@KC,2025-08-18,KC,TEX,4,3,1.0,0.5824881266068754,0.5404,KC,KC,1
20250818_TOR@PIT,2025-08-18,PIT,TOR,5,2,1.0,0.39402016747713164,0.4439,TOR,PIT,0
20250817_ATL@CLE,2025-08-17,CLE,ATL,4,5,0.0,0.6120024827697128,0.5552,CLE,ATL,0
20250817_AZ@COL,2025-08-17,COL,AZ,6,5,1.0,0.6306468738522027,0.5652,COL,COL,1
20250817_BAL@HOU,2025-08-17,HOU,BAL,0,12,0.0,0.5547856220615981,0.525,HOU,BAL,0
20250817_CWS@KC,2025-08-17,KC,CWS,6,2,1.0,0.6802164920037368,0.5927,KC,KC,1
20250817_DET@MIN,2025-08-17,MIN,DET,8,1,1.0,0.599803316886156,0.5487,MIN,MIN,1
20250817_LAA@ATH,2025-08-17,ATH,LAA,5,11,0.0,0.5491831195772405,0.5221,ATH,LAA,0
20250817_MIA@BOS,2025-08-17,BOS,MIA,3,5,0.0,0.6534971873217605,0.5777,BOS,MIA,0
20250817_MIL@CIN,2025-08-17,CIN,MIL,3,2,1.0,0.45848296317611503,0.4754,MIL,CIN,0
20250817_NYY@STL,2025-08-17,STL,NYY,4,8,0.0,0.5242110248814469,0.5092,STL,NYY,0
20250817_PHI@WSH,2025-08-17,WSH,PHI,9,11,0.0,0.38774497694515897,0.4384,PHI,PHI,1
20250817_PIT@CHC,2025-08-17,CHC,PIT,4,3,1.0,0.692447700339085,0.5998,CHC,CHC,1
20250817_SD@LAD,2025-08-17,LAD,SD,5,4,1.0,0.5480632641249991,0.5216,LAD,LAD,1
20250817_SEA@NYM,2025-08-17,NYM,SEA,7,3,1.0,0.5498560039119355,0.5225,NYM,NYM,1
20250817_TB@SF,2025-08-17,SF,TB,7,1,1.0,0.5263423828067895,0.5103,SF,SF,1
20250817_TEX@TOR,2025-08-17,TOR,TEX,4,10,0.0,0.5307107969188665,0.5126,TOR,TEX,0
20250816_ATL@CLE,2025-08-16,CLE,ATL,1,10,0.0,0.5041560298600078,0.4989,CLE,ATL,0
20250816_AZ@COL,2025-08-16,COL,AZ,10,7,1.0,0.38958421437467106,0.4393,AZ,COL,0
20250816_BAL@HOU,2025-08-16,HOU,BAL,5,4,1.0,0.5275874402529747,0.511,HOU,HOU,1
20250816_CWS@KC,2025-08-16,KC,CWS,6,2,1.0,0.6214044619598368,0.5602,KC,KC,1
20250816_DET@MIN,2025-08-16,MIN,DET,5,8,0.0,0.6219080206042176,0.5605,MIN,DET,0
20250816_LAA@ATH,2025-08-16,ATH,LAA,7,2,1.0,0.5112378689647263,0.5026,ATH,ATH,1
20250816_MIA@BOS,2025-08-16,BOS,MIA,7,5,1.0,0.5999378127380046,0.5487,BOS,BOS,1
20250816_MIL@CIN,2025-08-16,CIN,MIL,5,6,0.0,0.38486318818379067,0.4368,MIL,MIL,1
20250816_NYY@STL,2025-08-16,STL,NYY,8,12,0.0,0.5197819758764943,0.507,STL,NYY,0
20250816_PHI@WSH,2025-08-16,WSH,PHI,2,0,1.0,0.47659519536265177,0.4847,PHI,WSH,0
20250816_PIT@CHC,2025-08-16,CHC,PIT,3,1,1.0,0.6793046245980495,0.5922,CHC,CHC,1
20250816_SD@LAD,2025-08-16,LAD,SD,6,0,1.0,0.4717213433069508,0.4822,SD,LAD,0
20250816_SEA@NYM,2025-08-16,NYM,SEA,3,1,1.0,0.6222486505030305,0.5607,NYM,NYM,1
20250816_TB@SF,2025-08-16,SF,TB,1,2,0.0,0.5583785783463647,0.5269,SF,TB,0
20250816_TEX@TOR,2025-08-16,TOR,TEX,14,2,1.0,0.5948449385598285,0.546,TOR,TOR,1
20250815_ATL@CLE,2025-08-15,CLE,ATL,0,2,0.0,0.5108703793744919,0.5024,CLE,ATL,0
20250815_AZ@COL,2025-08-15,COL,AZ,4,3,1.0,0.3681660020582634,0.4278,AZ,COL,0
20250815_BAL@HOU,2025-08-15,HOU,BAL,0,7,0.0,0.6514018097094658,0.5766,HOU,BAL,0
20250815_CWS@KC,2025-08-15,KC,CWS,3,1,1.0,0.5865860250912978,0.5417,KC,KC,1
20250815_DET@MIN,2025-08-15,MIN,DET,0,7,0.0,0.48306434370829027,0.4881,DET,DET,1
20250815_LAA@ATH,2025-08-15,ATH,LAA,10,3,1.0,0.500839901100657,0.4972,ATH,ATH,1
20250815_MIA@BOS,2025-08-15,BOS,MIA,2,1,1.0,0.6046845654303931,0.5512,BOS,BOS,1
20250815_MIL@CIN,2025-08-15,CIN,MIL,8,10,0.0,0.3361214830955644,0.4103,MIL,MIL,1
20250815_NYY@STL,2025-08-15,STL,NYY,3,4,0.0,0.5201942981287379,0.5072,STL,NYY,0
20250815_PHI@WSH,2025-08-15,WSH,PHI,2,6,0.0,0.37481570030129613,0.4314,PHI,PHI,1
20250815_PIT@CHC,2025-08-15,CHC,PIT,2,3,0.0,0.5996181139828584,0.5486,CHC,PIT,0
20250815_SD@LAD,2025-08-15,LAD,SD,3,2,1.0,0.5182807831043419,0.5062,LAD,LAD,1
20250815_SEA@NYM,2025-08-15,NYM,SEA,9,11,0.0,0.5822754975326834,0.5394,NYM,SEA,0
20250815_TB@SF,2025-08-15,SF,TB,6,7,0.0,0.5392988161818068,0.517,SF,TB,0
20250815_TEX@TOR,2025-08-15,TOR,TEX,6,5,1.0,0.5602446649276129,0.5279,TOR,TOR,1
20250814_ATL@NYM,2025-08-14,NYM,ATL,3,4,0.0,0.6026744070038528,0.5502,NYM,ATL,0
20250814_AZ@COL,2025-08-14,COL,AZ,2,8,0.0,0.3706123058537377,0.4292,AZ,AZ,1
20250814_CHC@TOR,2025-08-14,TOR,CHC,2,1,1.0,0.5746733525019845,0.5354,TOR,TOR,1
20250814_DET@MIN,2025-08-14,MIN,DET,3,4,0.0,0.3806860688225537,0.4346,DET,DET,1
20250814_MIA@CLE,2025-08-14,CLE,MIA,9,4,1.0,0.5906478827366909,0.5438,CLE,CLE,1
20250814_PHI@WSH,2025-08-14,WSH,PHI,3,2,1.0,0.3733931068350107,0.4307,PHI,WSH,0
20250814_SEA@BAL,2025-08-14,BAL,SEA,5,3,1.0,0.4208350515514237,0.4558,SEA,BAL,0
20250813_ATL@NYM,2025-08-13,NYM,ATL,6,11,0.0,0.6465819969637796,0.5739,NYM,ATL,0
20250813_AZ@TEX,2025-08-13,TEX,AZ,4,6,0.0,0.5097396234055307,0.5018,TEX,AZ,0
20250813_BOS@HOU,2025-08-13,HOU,BOS,4,1,1.0,0.6110363583526423,0.5546,HOU,HOU,1
20250813_CHC@TOR,2025-08-13,TOR,CHC,1,4,0.0,0.605166763997124,0.5515,TOR,CHC,0
20250813_COL@STL,2025-08-13,STL,COL,5,6,0.0,0.7107445978116198,0.6105,STL,COL,0
20250813_DET@CWS,2025-08-13,CWS,DET,0,1,0.0,0.4869630171078887,0.4901,DET,DET,1
20250813_LAD@LAA,2025-08-13,LAA,LAD,6,5,1.0,0.4684751502217369,0.4806,LAD,LAA,0
20250813_MIA@CLE,2025-08-13,CLE,MIA,4,13,0.0,0.6714308059651528,0.5878,CLE,MIA,0
20250813_MIN@NYY,2025-08-13,NYY,MIN,1,4,0.0,0.6684857140389894,0.5861,NYY,MIN,0
20250813_PHI@CIN,2025-08-13,CIN,PHI,8,0,1.0,0.4903105022384139,0.4918,PHI,CIN,0
20250813_PIT@MIL,2025-08-13,MIL,PIT,12,5,1.0,0.6965158589289933,0.6021,MIL,MIL,1
20250813_SD@SF,2025-08-13,SF,SD,1,11,0.0,0.4787446272278476,0.4858,SD,SD,1
20250813_SEA@BAL,2025-08-13,BAL,SEA,4,3,1.0,0.33460418236041034,0.4094,SEA,BAL,0
20250813_TB@ATH,2025-08-13,ATH,TB,2,8,0.0,0.5257192680271372,0.51,ATH,TB,0
20250813_WSH@KC,2025-08-13,KC,WSH,7,8,0.0,0.586503570133493,0.5416,KC,WSH,0
20250812_ATL@NYM,2025-08-12,NYM,ATL,13,5,1.0,0.5468295969622449,0.5209,NYM,NYM,1
20250812_AZ@TEX,2025-08-12,TEX,AZ,2,3,0.0,0.5754027362103575,0.5358,TEX,AZ,0
20250812_BOS@HOU,2025-08-12,HOU,BOS,1,14,0.0,0.6190509296703589,0.5589,HOU,BOS,0
20250812_CHC@TOR,2025-08-12,TOR,CHC,5,1,1.0,0.6383560508393097,0.5694,TOR,TOR,1
20250812_COL@STL,2025-08-12,STL,COL,0,3,0.0,0.7121524163721535,0.6114,STL,COL,0
20250812_DET@CWS,2025-08-12,CWS,DET,9,6,1.0,0.37748934600491374,0.4329,DET,CWS,0
20250812_LAD@LAA,2025-08-12,LAA,LAD,7,6,1.0,0.5459208351968626,0.5205,LAA,LAA,1
20250812_MIA@CLE,2025-08-12,CLE,MIA,4,3,1.0,0.6486223850878052,0.575,CLE,CLE,1
20250812_MIN@NYY,2025-08-12,NYY,MIN,9,1,1.0,0.5671507676610785,0.5315,NYY,NYY,1
20250812_PHI@CIN,2025-08-12,CIN,PHI,6,1,1.0,0.44163655339743557,0.4667,PHI,CIN,0
20250812_PIT@MIL,2025-08-12,MIL,PIT,14,0,1.0,0.6182856267968506,0.5585,MIL,MIL,1
20250812_SD@SF,2025-08-12,SF,SD,1,5,0.0,0.5282329597123457,0.5113,SF,SD,0
20250812_SEA@BAL,2025-08-12,BAL,SEA,0,1,0.0,0.41721100285682083,0.4539,SEA,SEA,1
20250812_TB@ATH,2025-08-12,ATH,TB,6,0,1.0,0.5084188116895695,0.5011,ATH,ATH,1
20250812_WSH@KC,2025-08-12,KC,WSH,8,5,1.0,0.6443749044781872,0.5727,KC,KC,1
20250811_AZ@TEX,2025-08-11,TEX,AZ,7,6,1.0,0.6093139199976685,0.5537,TEX,TEX,1
20250811_BOS@HOU,2025-08-11,HOU,BOS,7,6,1.0,0.5913341010079225,0.5442,HOU,HOU,1
20250811_COL@STL,2025-08-11,STL,COL,3,2,1.0,0.704521741136353,0.6068,STL,STL,1
20250811_DET@CWS,2025-08-11,CWS,DET,1,2,0.0,0.5823427350408312,0.5394,CWS,DET,0
20250811_LAD@LAA,2025-08-11,LAA,LAD,7,4,1.0,0.5158514949038844,0.5049,LAA,LAA,1
20250811_MIN@NYY,2025-08-11,NYY,MIN,6,2,1.0,0.5138385859566933,0.5039,NYY,NYY,1
20250811_PHI@CIN,2025-08-11,CIN,PHI,1,4,0.0,0.452818260795838,0.4725,PHI,PHI,1
20250811_PIT@MIL,2025-08-11,MIL,PIT,7,1,1.0,0.7229898867671525,0.6179,MIL,MIL,1
20250811_SD@SF,2025-08-11,SF,SD,1,4,0.0,0.5388699457422971,0.5168,SF,SD,0
20250811_TB@ATH,2025-08-11,ATH,TB,4,7,0.0,0.4643629395545944,0.4784,TB,TB,1
20250811_WSH@KC,2025-08-11,KC,WSH,7,4,1.0,0.5558414630881566,0.5256,KC,KC,1
20250810_ATH@BAL,2025-08-10,BAL,ATH,2,3,0.0,0.5038549687636951,0.5011,BAL,ATH,0
20250810_BOS@SD,2025-08-10,SD,BOS,6,2,1.0,0.6997682229157971,0.6051,SD,SD,1
20250810_CHC@STL,2025-08-10,STL,CHC,3,2,1.0,0.5108733327792532,0.5046,STL,STL,1
20250810_CIN@PIT,2025-08-10,PIT,CIN,8,14,0.0,0.5635160161386348,0.5315,PIT,CIN,0
20250810_CLE@CWS,2025-08-10,CWS,CLE,6,4,1.0,0.527053002575107,0.5129,CWS,CWS,1
20250810_COL@AZ,2025-08-10,AZ,COL,13,6,1.0,0.648231550624494,0.5762,AZ,AZ,1
20250810_HOU@NYY,2025-08-10,NYY,HOU,1,7,0.0,0.5484551116730273,0.5238,NYY,HOU,0
20250810_KC@MIN,2025-08-10,MIN,KC,5,3,1.0,0.43802328483963665,0.4675,KC,MIN,0
20250810_LAA@DET,2025-08-10,DET,LAA,9,5,1.0,0.5549397735140035,0.5271,DET,DET,1
20250810_MIA@ATL,2025-08-10,ATL,MIA,7,1,1.0,0.5841992870819117,0.5422,ATL,ATL,1
20250810_NYM@MIL,2025-08-10,MIL,NYM,7,6,1.0,0.537357357579632,0.5181,MIL,MIL,1
20250810_PHI@TEX,2025-08-10,TEX,PHI,2,4,0.0,0.4709665287074343,0.4843,PHI,PHI,1
20250810_TB@SEA,2025-08-10,SEA,TB,6,3,1.0,0.5347040942170003,0.5168,SEA,SEA,1
20250810_TOR@LAD,2025-08-10,LAD,TOR,4,5,0.0,0.5716317130347714,0.5357,LAD,TOR,0
20250810_WSH@SF,2025-08-10,SF,WSH,0,8,0.0,0.5937300891137103,0.5472,SF,WSH,0
20250809_ATH@BAL,2025-08-09,BAL,ATH,3,11,0.0,0.4297000807521464,0.4632,ATH,ATH,1
20250809_BOS@SD,2025-08-09,SD,BOS,5,4,1.0,0.684555430049824,0.5964,SD,SD,1
20250809_CHC@STL,2025-08-09,STL,CHC,1,9,0.0,0.5052987482145694,0.5018,STL,CHC,0
20250809_CIN@PIT,2025-08-09,PIT,CIN,1,2,0.0,0.566560539929462,0.5331,PIT,CIN,0
20250809_CLE@CWS,2025-08-09,CWS,CLE,1,3,0.0,0.508214863379958,0.5033,CWS,CLE,0
20250809_COL@AZ,2025-08-09,AZ,COL,6,5,1.0,0.6537014100467827,0.5792,AZ,AZ,1
20250809_HOU@NYY,2025-08-09,NYY,HOU,5,4,1.0,0.6422697371027428,0.573,NYY,NYY,1
20250809_KC@MIN,2025-08-09,MIN,KC,0,2,0.0,0.5850957126151813,0.5427,MIN,KC,0
20250809_LAA@DET,2025-08-09,DET,LAA,4,7,0.0,0.5833485468842267,0.5418,DET,LAA,0
20250809_MIA@ATL,2025-08-09,ATL,MIA,7,1,1.0,0.4468107831921866,0.472,MIA,ATL,0
20250809_MIA@ATL,2025-08-09,ATL,MIA,8,6,1.0,0.49231124730040554,0.4952,MIA,ATL,0
20250809_NYM@MIL,2025-08-09,MIL,NYM,7,4,1.0,0.47566172916328175,0.4867,NYM,MIL,0
20250809_PHI@TEX,2025-08-09,TEX,PHI,2,3,0.0,0.5532684095979146,0.5263,TEX,PHI,0
20250809_TB@SEA,2025-08-09,SEA,TB,7,4,1.0,0.5852980776893729,0.5428,SEA,SEA,1
20250809_TOR@LAD,2025-08-09,LAD,TOR,9,1,1.0,0.5201888972244386,0.5094,LAD,LAD,1
20250809_WSH@SF,2025-08-09,SF,WSH,2,4,0.0,0.6323486367301827,0.5676,SF,WSH,0
20250808_ATH@BAL,2025-08-08,BAL,ATH,3,2,1.0,0.42813018353650023,0.4624,ATH,BAL,0
20250808_BOS@SD,2025-08-08,SD,BOS,2,10,0.0,0.7006721501655507,0.6056,SD,BOS,0
20250808_CHC@STL,2025-08-08,STL,CHC,5,0,1.0,0.4409404097859214,0.469,CHC,STL,0
20250808_CIN@PIT,2025-08-08,PIT,CIN,3,2,1.0,0.38983755379774915,0.4424,CIN,PIT,0
20250808_CLE@CWS,2025-08-08,CWS,CLE,5,9,0.0,0.47977526741167076,0.4888,CLE,CLE,1
20250808_COL@AZ,2025-08-08,AZ,COL,6,1,1.0,0.5335179549309634,0.5162,AZ,AZ,1
20250808_HOU@NYY,2025-08-08,NYY,HOU,3,5,0.0,0.5691957807600151,0.5345,NYY,HOU,0
20250808_KC@MIN,2025-08-08,MIN,KC,9,4,1.0,0.5364465805121365,0.5177,MIN,MIN,1
20250808_LAA@DET,2025-08-08,DET,LAA,6,5,1.0,0.6349984657154768,0.569,DET,DET,1
20250808_MIA@ATL,2025-08-08,ATL,MIA,1,5,0.0,0.4899318464042387,0.494,MIA,MIA,1
20250808_NYM@MIL,2025-08-08,MIL,NYM,3,2,1.0,0.5956063301994386,0.5482,MIL,MIL,1
20250808_PHI@TEX,2025-08-08,TEX,PHI,1,9,0.0,0.5469950224372178,0.5231,TEX,PHI,0
20250808_TB@SEA,2025-08-08,SEA,TB,3,2,1.0,0.5224753723760389,0.5105,SEA,SEA,1
20250808_TOR@LAD,2025-08-08,LAD,TOR,5,1,1.0,0.5549463448554849,0.5271,LAD,LAD,1
20250808_WSH@SF,2025-08-08,SF,WSH,5,0,1.0,0.6031959903761719,0.5521,SF,SF,1
20250807_ATH@WSH,2025-08-07,WSH,ATH,0,6,0.0,0.3008610946271767,0.3936,ATH,ATH,1
20250807_CIN@PIT,2025-08-07,PIT,CIN,7,0,1.0,0.5673722522051882,0.5335,PIT,PIT,1
20250807_CWS@SEA,2025-08-07,SEA,CWS,4,3,1.0,0.6958967455587276,0.6028,SEA,SEA,1
20250807_MIA@ATL,2025-08-07,ATL,MIA,8,6,1.0,0.44698824317677477,0.4721,MIA,ATL,0
20250806_ATH@WSH,2025-08-06,WSH,ATH,2,1,1.0,0.32458796449190164,0.4071,ATH,WSH,0
20250806_BAL@PHI,2025-08-06,PHI,BAL,1,5,0.0,0.5461065106165084,0.5226,PHI,BAL,0
20250806_CIN@CHC,2025-08-06,CHC,CIN,6,1,1.0,0.6332260864057666,0.5681,CHC,CHC,1
20250806_CLE@NYM,2025-08-06,NYM,CLE,1,4,0.0,0.6151099563710877,0.5584,NYM,CLE,0
20250806_CWS@SEA,2025-08-06,SEA,CWS,8,6,1.0,0.6870902127082992,0.5978,SEA,SEA,1
20250806_HOU@MIA,2025-08-06,MIA,HOU,6,4,1.0,0.4708767952149827,0.4843,HOU,MIA,0
20250806_KC@BOS,2025-08-06,BOS,KC,3,7,0.0,0.6178716392191504,0.5599,BOS,KC,0
20250806_MIL@ATL,2025-08-06,ATL,MIL,4,5,0.0,0.4655816398198736,0.4816,MIL,MIL,1
20250806_MIN@DET,2025-08-06,DET,MIN,4,9,0.0,0.6161094331097259,0.559,DET,MIN,0
20250806_NYY@TEX,2025-08-06,TEX,NYY,2,3,0.0,0.5966287650717845,0.5487,TEX,NYY,0
20250806_SD@AZ,2025-08-06,AZ,SD,2,3,0.0,0.5414370985054862,0.5202,AZ,SD,0
20250806_SF@PIT,2025-08-06,PIT,SF,2,4,0.0,0.6039345547587622,0.5525,PIT,SF,0
20250806_STL@LAD,2025-08-06,LAD,STL,3,5,0.0,0.5774123705650244,0.5387,LAD,STL,0
20250806_TB@LAA,2025-08-06,LAA,TB,4,5,0.0,0.5532948629767985,0.5263,LAA,TB,0
20250806_TOR@COL,2025-08-06,COL,TOR,1,20,0.0,0.388755512719407,0.4419,TOR,TOR,1
20250805_ATH@WSH,2025-08-05,WSH,ATH,7,16,0.0,0.4112816681928778,0.4537,ATH,ATH,1
20250805_BAL@PHI,2025-08-05,PHI,BAL,5,0,1.0,0.5641862570505215,0.5319,PHI,PHI,1
20250805_CIN@CHC,2025-08-05,CHC,CIN,1,5,0.0,0.6390250329412379,0.5712,CHC,CIN,0
20250805_CLE@NYM,2025-08-05,NYM,CLE,2,3,0.0,0.5701447041083156,0.5349,NYM,CLE,0
20250805_CWS@SEA,2025-08-05,SEA,CWS,8,3,1.0,0.7329578212621989,0.6247,SEA,SEA,1
20250805_HOU@MIA,2025-08-05,MIA,HOU,3,7,0.0,0.4071642483570569,0.4515,HOU,HOU,1
20250805_KC@BOS,2025-08-05,BOS,KC,6,2,1.0,0.5502313085632228,0.5247,BOS,BOS,1
20250805_MIL@ATL,2025-08-05,ATL,MIL,2,7,0.0,0.529140197239184,0.5139,ATL,MIL,0
20250805_MIN@DET,2025-08-05,DET,MIN,3,6,0.0,0.5217508688375554,0.5102,DET,MIN,0
20250805_NYY@TEX,2025-08-05,TEX,NYY,2,0,1.0,0.5698466726070375,0.5348,TEX,TEX,1
20250805_SD@AZ,2025-08-05,AZ,SD,5,10,0.0,0.5368758313744604,0.5179,AZ,SD,0
20250805_SF@PIT,2025-08-05,PIT,SF,1,8,0.0,0.5056010699189201,0.502,PIT,SF,0
20250805_STL@LAD,2025-08-05,LAD,STL,12,6,1.0,0.6704498611967231,0.5884,LAD,LAD,1
20250805_TB@LAA,2025-08-05,LAA,TB,3,7,0.0,0.5044089764303912,0.5013,LAA,TB,0
20250805_TOR@COL,2025-08-05,COL,TOR,4,10,0.0,0.4162543474203626,0.4562,TOR,TOR,1
20250804_BAL@PHI,2025-08-04,PHI,BAL,13,3,1.0,0.5651651568511409,0.5324,PHI,PHI,1
20250804_CIN@CHC,2025-08-04,CHC,CIN,2,3,0.0,0.6286237375033598,0.5656,CHC,CIN,0
20250804_CLE@NYM,2025-08-04,NYM,CLE,6,7,0.0,0.6759784834389196,0.5915,NYM,CLE,0
20250804_HOU@MIA,2025-08-04,MIA,HOU,2,8,0.0,0.5226273170007953,0.5106,MIA,HOU,0
20250804_KC@BOS,2025-08-04,BOS,KC,8,5,1.0,0.6043836749253917,0.5528,BOS,BOS,1
20250804_MIL@ATL,2025-08-04,ATL,MIL,1,3,0.0,0.5328969246272015,0.5159,ATL,MIL,0
20250804_MIN@DET,2025-08-04,DET,MIN,6,3,1.0,0.5994931962080398,0.5502,DET,DET,1
20250804_NYY@TEX,2025-08-04,TEX,NYY,8,5,1.0,0.6180192314639001,0.56,TEX,TEX,1
20250804_SD@AZ,2025-08-04,AZ,SD,6,2,1.0,0.47574834263140403,0.4868,SD,AZ,0
20250804_SF@PIT,2025-08-04,PIT,SF,5,4,1.0,0.448393684499962,0.4728,SF,PIT,0
20250804_STL@LAD,2025-08-04,LAD,STL,2,3,0.0,0.6691572166037305,0.5877,LAD,STL,0
20250804_TB@LAA,2025-08-04,LAA,TB,5,1,1.0,0.5899621368591204,0.5452,LAA,LAA,1
20250804_TOR@COL,2025-08-04,COL,TOR,1,15,0.0,0.45196701693794933,0.4746,TOR,TOR,1
20250803_AZ@ATH,2025-08-03,ATH,AZ,4,6,0.0,0.5066180785477254,0.4972,ATH,AZ,0
20250803_BAL@CHC,2025-08-03,CHC,BAL,5,3,1.0,0.5735511044679656,0.5331,CHC,CHC,1
20250803_CWS@LAA,2025-08-03,LAA,CWS,8,5,1.0,0.6136155640003332,0.5551,LAA,LAA,1
20250803_DET@PHI,2025-08-03,PHI,DET,2,0,1.0,0.534045331668983,0.5118,PHI,PHI,1
20250803_HOU@BOS,2025-08-03,BOS,HOU,6,1,1.0,0.5461825269175649,0.5184,BOS,BOS,1
20250803_KC@TOR,2025-08-03,TOR,KC,4,7,0.0,0.5793747842618094,0.5363,TOR,KC,0
20250803_LAD@TB,2025-08-03,TB,LAD,0,3,0.0,0.5197985258917873,0.5042,TB,LAD,0
20250803_MIL@WSH,2025-08-03,WSH,MIL,3,14,0.0,0.3554683583785434,0.4151,MIL,MIL,1
20250803_MIN@CLE,2025-08-03,CLE,MIN,4,5,0.0,0.7294117485026486,0.6234,CLE,MIN,0
20250803_NYY@MIA,2025-08-03,MIA,NYY,7,3,1.0,0.5584447431031122,0.525,MIA,MIA,1
20250803_PIT@COL,2025-08-03,COL,PIT,5,9,0.0,0.5506646967751951,0.5208,COL,PIT,0
20250803_SF@NYM,2025-08-03,NYM,SF,4,12,0.0,0.5704367692532163,0.5315,NYM,SF,0
20250803_STL@SD,2025-08-03,SD,STL,7,3,1.0,0.629853238709733,0.5642,SD,SD,1
20250803_TEX@SEA,2025-08-03,SEA,TEX,5,4,1.0,0.46394230052552066,0.4744,TEX,SEA,0
20250802_ATL@CIN,2025-08-02,CIN,ATL,2,4,0.0,0.6184070869736745,0.5578,CIN,ATL,0
20250802_AZ@ATH,2025-08-02,ATH,AZ,2,7,0.0,0.5649576419483894,0.5285,ATH,AZ,0
20250802_BAL@CHC,2025-08-02,CHC,BAL,3,4,0.0,0.6902924906359482,0.5993,CHC,BAL,0
20250802_CWS@LAA,2025-08-02,LAA,CWS,0,1,0.0,0.6219804054773256,0.5598,LAA,CWS,0
20250802_DET@PHI,2025-08-02,PHI,DET,5,7,0.0,0.5055985536678554,0.4966,PHI,DET,0
20250802_HOU@BOS,2025-08-02,BOS,HOU,7,3,1.0,0.5822435767621508,0.5379,BOS,BOS,1
20250802_KC@TOR,2025-08-02,TOR,KC,4,2,1.0,0.446826194922735,0.4652,KC,TOR,0
20250802_LAD@TB,2025-08-02,TB,LAD,4,0,1.0,0.5999917517695402,0.5476,TB,TB,1
20250802_MIL@WSH,2025-08-02,WSH,MIL,2,8,0.0,0.3400977167500773,0.4063,MIL,MIL,1
20250802_MIN@CLE,2025-08-02,CLE,MIN,5,4,1.0,0.6826951471451841,0.5947,CLE,CLE,1
20250802_NYY@MIA,2025-08-02,MIA,NYY,2,0,1.0,0.5537546119506835,0.5224,MIA,MIA,1
20250802_PIT@COL,2025-08-02,COL,PIT,8,5,1.0,0.2907397608469709,0.3772,PIT,COL,0
20250802_SF@NYM,2025-08-02,NYM,SF,12,6,1.0,0.6287995657718599,0.5636,NYM,NYM,1
20250802_STL@SD,2025-08-02,SD,STL,5,8,0.0,0.630780435266036,0.5648,SD,STL,0
20250802_TEX@SEA,2025-08-02,SEA,TEX,4,6,0.0,0.4734440209952288,0.4795,TEX,TEX,1
20250801_ATL@CIN,2025-08-01,CIN,ATL,3,2,1.0,0.6060802479897128,0.551,CIN,CIN,1
20250801_AZ@ATH,2025-08-01,ATH,AZ,5,1,1.0,0.5760752994199789,0.5345,ATH,ATH,1
20250801_BAL@CHC,2025-08-01,CHC,BAL,1,0,1.0,0.580428004170728,0.5369,CHC,CHC,1
20250801_CWS@LAA,2025-08-01,LAA,CWS,3,6,0.0,0.6637749452946571,0.5836,LAA,CWS,0
20250801_DET@PHI,2025-08-01,PHI,DET,5,4,1.0,0.5079601361277093,0.4979,PHI,PHI,1
20250801_HOU@BOS,2025-08-01,BOS,HOU,2,1,1.0,0.6231050906737624,0.5604,BOS,BOS,1
20250801_KC@TOR,2025-08-01,TOR,KC,3,9,0.0,0.5185327420155054,0.5035,TOR,KC,0
20250801_LAD@TB,2025-08-01,TB,LAD,0,5,0.0,0.604623998420513,0.5502,TB,LAD,0
20250801_MIL@WSH,2025-08-01,WSH,MIL,9,16,0.0,0.46262238814888984,0.4737,MIL,MIL,1
20250801_MIN@CLE,2025-08-01,CLE,MIN,3,2,1.0,0.6630530245191423,0.5832,CLE,CLE,1
20250801_NYY@MIA,2025-08-01,MIA,NYY,13,12,1.0,0.47312799424177115,0.4793,NYY,MIA,0
20250801_PIT@COL,2025-08-01,COL,PIT,17,16,1.0,0.5718565521833736,0.5322,COL,COL,1
20250801_SF@NYM,2025-08-01,NYM,SF,3,4,0.0,0.5997794984812138,0.5475,NYM,SF,0
20250801_STL@SD,2025-08-01,SD,STL,4,1,1.0,0.5489389815959409,0.5198,SD,SD,1
20250801_TEX@SEA,2025-08-01,SEA,TEX,4,3,1.0,0.5725544783085046,0.5326,SEA,SEA,1
20250731_ATL@CIN,2025-07-31,CIN,ATL,11,12,0.0,0.5748698449146105,0.5339,CIN,ATL,0
20250731_TB@NYY,2025-07-31,NYY,TB,7,4,1.0,0.5752956221991377,0.5341,NYY,NYY,1
20250731_TEX@SEA,2025-07-31,SEA,TEX,6,0,1.0,0.5067023967468219,0.4972,SEA,SEA,1
20250730_ATL@KC,2025-07-30,KC,ATL,1,0,1.0,0.513799412645207,0.501,KC,KC,1
20250730_AZ@DET,2025-07-30,DET,AZ,7,2,1.0,0.5386915990954971,0.5143,DET,DET,1
20250730_BOS@MIN,2025-07-30,MIN,BOS,1,13,0.0,0.5679472843839799,0.5301,MIN,BOS,0
20250730_CHC@MIL,2025-07-30,MIL,CHC,3,10,0.0,0.6168029031016852,0.5569,MIL,CHC,0
20250730_COL@CLE,2025-07-30,CLE,COL,5,0,1.0,0.7134704879270706,0.6134,CLE,CLE,1
20250730_LAD@CIN,2025-07-30,CIN,LAD,5,2,1.0,0.4782958958443423,0.4821,LAD,CIN,0
20250730_MIA@STL,2025-07-30,STL,MIA,0,2,0.0,0.5558390452433687,0.5236,STL,MIA,0
20250730_NYM@SD,2025-07-30,SD,NYM,5,0,1.0,0.6694910769641693,0.587,SD,SD,1
20250730_PHI@CWS,2025-07-30,CWS,PHI,9,3,1.0,0.41409991280594277,0.4475,PHI,CWS,0
20250730_PIT@SF,2025-07-30,SF,PIT,1,2,0.0,0.5857371677672387,0.5398,SF,PIT,0
20250730_SEA@ATH,2025-07-30,ATH,SEA,5,4,1.0,0.5740590726980328,0.5334,ATH,ATH,1
20250730_TB@NYY,2025-07-30,NYY,TB,5,4,1.0,0.6127173657276093,0.5546,NYY,NYY,1
20250730_TEX@LAA,2025-07-30,LAA,TEX,3,6,0.0,0.5285188594631659,0.5089,LAA,TEX,0
20250730_TOR@BAL,2025-07-30,BAL,TOR,8,9,0.0,0.514970657011338,0.5016,BAL,TOR,0
20250730_WSH@HOU,2025-07-30,HOU,WSH,9,1,1.0,0.6152841328676238,0.5561,HOU,HOU,1
20250729_ATL@KC,2025-07-29,KC,ATL,9,6,1.0,0.6028206701454106,0.5492,KC,KC,1
20250729_AZ@DET,2025-07-29,DET,AZ,12,2,1.0,0.529596075718118,0.5095,DET,DET,1
20250729_BOS@MIN,2025-07-29,MIN,BOS,5,8,0.0,0.510813069606849,0.4994,MIN,BOS,0
20250729_CHC@MIL,2025-07-29,MIL,CHC,9,3,1.0,0.6396232295794081,0.5698,MIL,MIL,1
20250729_COL@CLE,2025-07-29,CLE,COL,10,4,1.0,0.6722351333440971,0.5886,CLE,CLE,1
20250729_LAD@CIN,2025-07-29,CIN,LAD,4,5,0.0,0.5354987871737,0.5126,CIN,LAD,0
20250729_MIA@STL,2025-07-29,STL,MIA,0,5,0.0,0.5198124736564457,0.5042,STL,MIA,0
20250729_NYM@SD,2025-07-29,SD,NYM,7,1,1.0,0.5894159696843347,0.5418,SD,SD,1
20250729_PHI@CWS,2025-07-29,CWS,PHI,3,6,0.0,0.44859695715142395,0.4662,PHI,PHI,1
20250729_PIT@SF,2025-07-29,SF,PIT,1,3,0.0,0.5802190247841457,0.5368,SF,PIT,0
20250729_SEA@ATH,2025-07-29,ATH,SEA,6,1,1.0,0.5770287922222714,0.535,ATH,ATH,1
20250729_TB@NYY,2025-07-29,NYY,TB,7,5,1.0,0.615365525166671,0.5561,NYY,NYY,1
20250729_TEX@LAA,2025-07-29,LAA,TEX,8,5,1.0,0.4789776942598722,0.4824,TEX,LAA,0
20250729_TOR@BAL,2025-07-29,BAL,TOR,3,2,1.0,0.44141840727910353,0.4623,TOR,BAL,0
20250729_TOR@BAL,2025-07-29,BAL,TOR,16,4,1.0,0.4009217130816779,0.4403,TOR,BAL,0
20250729_WSH@HOU,2025-07-29,HOU,WSH,7,4,1.0,0.5952216169495365,0.545,HOU,HOU,1
20250728_ATL@KC,2025-07-28,KC,ATL,7,10,0.0,0.455279176686335,0.4698,ATL,ATL,1
20250728_AZ@DET,2025-07-28,DET,AZ,5,1,1.0,0.6087294324492785,0.5524,DET,DET,1
20250728_BOS@MIN,2025-07-28,MIN,BOS,5,4,1.0,0.569452037395442,0.5309,MIN,MIN,1
20250728_CHC@MIL,2025-07-28,MIL,CHC,8,4,1.0,0.6583442586411937,0.5805,MIL,MIL,1
20250728_COL@CLE,2025-07-28,CLE,COL,6,8,0.0,0.7581014671002839,0.6421,CLE,COL,0
20250728_LAD@CIN,2025-07-28,CIN,LAD,2,5,0.0,0.5770261511802225,0.535,CIN,LAD,0
20250728_MIA@STL,2025-07-28,STL,MIA,7,1,1.0,0.5777531728141517,0.5354,STL,STL,1
20250728_NYM@SD,2025-07-28,SD,NYM,7,6,1.0,0.6176194156902041,0.5574,SD,SD,1
20250728_PHI@CWS,2025-07-28,CWS,PHI,6,2,1.0,0.441929795962002,0.4626,PHI,CWS,0
20250728_PIT@SF,2025-07-28,SF,PIT,5,6,0.0,0.664226190807089,0.5839,SF,PIT,0
20250728_SEA@ATH,2025-07-28,ATH,SEA,1,3,0.0,0.5922758160431247,0.5434,ATH,SEA,0
20250728_TB@NYY,2025-07-28,NYY,TB,2,4,0.0,0.5921895697218048,0.5433,NYY,TB,0
20250728_TEX@LAA,2025-07-28,LAA,TEX,6,4,1.0,0.5073488492801682,0.4976,LAA,LAA,1
20250728_TOR@BAL,2025-07-28,BAL,TOR,11,4,1.0,0.4879888475420495,0.4872,TOR,BAL,0
20250728_WSH@HOU,2025-07-28,HOU,WSH,1,2,0.0,0.5930344404532913,0.5438,HOU,WSH,0
20250727_ATH@HOU,2025-07-27,HOU,ATH,1,7,0.0,0.6546606921896867,0.5869,HOU,ATH,0
20250727_ATL@TEX,2025-07-27,TEX,ATL,8,1,1.0,0.6929815005439071,0.6133,TEX,TEX,1
20250727_AZ@PIT,2025-07-27,PIT,AZ,6,0,1.0,0.39258385006183744,0.4183,AZ,PIT,0
20250727_CHC@CWS,2025-07-27,CWS,CHC,4,5,0.0,0.4592149747636425,0.4608,CHC,CHC,1
20250727_CLE@KC,2025-07-27,KC,CLE,4,1,1.0,0.46197970098810764,0.4626,CLE,KC,0
20250727_COL@BAL,2025-07-27,BAL,COL,5,1,1.0,0.5262876630655487,0.5032,BAL,BAL,1
20250727_LAD@BOS,2025-07-27,BOS,LAD,4,3,1.0,0.6248407319698709,0.5669,BOS,BOS,1
20250727_MIA@MIL,2025-07-27,MIL,MIA,3,2,1.0,0.6239506908991541,0.5663,MIL,MIL,1
20250727_NYM@SF,2025-07-27,SF,NYM,3,5,0.0,0.63460263624404,0.5734,SF,NYM,0
20250727_PHI@NYY,2025-07-27,NYY,PHI,4,3,1.0,0.4982308597332989,0.4855,PHI,NYY,0
20250727_SD@STL,2025-07-27,STL,SD,2,9,0.0,0.5982973565075983,0.5494,STL,SD,0
20250727_SEA@LAA,2025-07-27,LAA,SEA,4,1,1.0,0.5331682633588082,0.5076,LAA,LAA,1
20250727_TB@CIN,2025-07-27,CIN,TB,2,1,1.0,0.39898411589874566,0.4224,TB,CIN,0
20250727_TOR@DET,2025-07-27,DET,TOR,10,4,1.0,0.641035759784766,0.5777,DET,DET,1
20250727_WSH@MIN,2025-07-27,MIN,WSH,2,7,0.0,0.6340198234011492,0.573,MIN,WSH,0
20250726_ATH@HOU,2025-07-26,HOU,ATH,1,5,0.0,0.5886626273656681,0.5432,HOU,ATH,0
20250726_ATL@TEX,2025-07-26,TEX,ATL,6,5,1.0,0.5822735118694394,0.539,TEX,TEX,1
20250726_AZ@PIT,2025-07-26,PIT,AZ,2,0,1.0,0.4064229237362988,0.4272,AZ,PIT,0
20250726_CHC@CWS,2025-07-26,CWS,CHC,1,6,0.0,0.49984717025107595,0.4865,CHC,CHC,1
20250726_CLE@KC,2025-07-26,KC,CLE,5,3,1.0,0.5023290476608065,0.4881,KC,KC,1
20250726_CLE@KC,2025-07-26,KC,CLE,4,6,0.0,0.4943614413103223,0.483,CLE,CLE,1
20250726_COL@BAL,2025-07-26,BAL,COL,18,0,1.0,0.5931176289911162,0.5461,BAL,BAL,1
20250726_LAD@BOS,2025-07-26,BOS,LAD,4,2,1.0,0.6257601439817897,0.5675,BOS,BOS,1
20250726_MIA@MIL,2025-07-26,MIL,MIA,4,7,0.0,0.6370027319597911,0.575,MIL,MIA,0
20250726_NYM@SF,2025-07-26,SF,NYM,1,2,0.0,0.66720680424638,0.5954,SF,NYM,0
20250726_PHI@NYY,2025-07-26,NYY,PHI,4,9,0.0,0.48697830944977605,0.4784,PHI,PHI,1
20250726_SD@STL,2025-07-26,STL,SD,1,3,0.0,0.6311797140066218,0.5711,STL,SD,0
20250726_SEA@LAA,2025-07-26,LAA,SEA,2,7,0.0,0.6251252142111555,0.5671,LAA,SEA,0
20250726_TB@CIN,2025-07-26,CIN,TB,6,2,1.0,0.445533376059437,0.4521,TB,CIN,0
20250726_TOR@DET,2025-07-26,DET,TOR,1,6,0.0,0.6889440653300712,0.6105,DET,TOR,0
20250726_WSH@MIN,2025-07-26,MIN,WSH,3,9,0.0,0.649590032844306,0.5834,MIN,WSH,0
20250725_ATH@HOU,2025-07-25,HOU,ATH,3,15,0.0,0.7016074491436288,0.6195,HOU,ATH,0
20250725_ATL@TEX,2025-07-25,TEX,ATL,8,3,1.0,0.5119667701691255,0.4942,TEX,TEX,1
20250725_AZ@PIT,2025-07-25,PIT,AZ,0,1,0.0,0.4045940871821705,0.426,AZ,AZ,1
20250725_CHC@CWS,2025-07-25,CWS,CHC,12,5,1.0,0.4432600894287443,0.4507,CHC,CWS,0
20250725_COL@BAL,2025-07-25,BAL,COL,5,6,0.0,0.5007431287047025,0.4871,BAL,COL,0
20250725_LAD@BOS,2025-07-25,BOS,LAD,2,5,0.0,0.5635227266166949,0.527,BOS,LAD,0
20250725_MIA@MIL,2025-07-25,MIL,MIA,1,5,0.0,0.6258350001568515,0.5675,MIL,MIA,0
20250725_NYM@SF,2025-07-25,SF,NYM,1,8,0.0,0.6247445895000744,0.5668,SF,NYM,0
20250725_PHI@NYY,2025-07-25,NYY,PHI,5,12,0.0,0.5483598471084663,0.5173,NYY,PHI,0
20250725_SD@STL,2025-07-25,STL,SD,3,0,1.0,0.5007002145593579,0.487,STL,STL,1
20250725_SEA@LAA,2025-07-25,LAA,SEA,3,2,1.0,0.6167163729124064,0.5615,LAA,LAA,1
20250725_TB@CIN,2025-07-25,CIN,TB,7,2,1.0,0.43261106917870673,0.4439,TB,CIN,0
20250725_TOR@DET,2025-07-25,DET,TOR,2,6,0.0,0.6596364847409081,0.5902,DET,TOR,0
20250725_WSH@MIN,2025-07-25,MIN,WSH,1,0,1.0,0.509803777897472,0.4928,MIN,MIN,1
20250724_ATH@HOU,2025-07-24,HOU,ATH,2,5,0.0,0.663082039594731,0.5926,HOU,ATH,0
20250724_BAL@CLE,2025-07-24,CLE,BAL,3,4,0.0,0.5371191858336267,0.5101,CLE,BAL,0
20250724_SD@STL,2025-07-24,STL,SD,9,7,1.0,0.5847991796236741,0.5407,STL,STL,1
20250724_SEA@LAA,2025-07-24,LAA,SEA,2,4,0.0,0.6224435226605479,0.5653,LAA,SEA,0
20250724_TOR@DET,2025-07-24,DET,TOR,4,11,0.0,0.681015439082405,0.605,DET,TOR,0
20250723_ATH@TEX,2025-07-23,TEX,ATH,2,1,1.0,0.5766750323406054,0.5354,TEX,TEX,1
20250723_BAL@CLE,2025-07-23,CLE,BAL,3,2,1.0,0.7299294828271289,0.64,CLE,CLE,1
20250723_BOS@PHI,2025-07-23,PHI,BOS,8,9,0.0,0.5560087583853555,0.5222,PHI,BOS,0
20250723_CIN@WSH,2025-07-23,WSH,CIN,0,5,0.0,0.52200281418167,0.5005,WSH,CIN,0
20250723_CWS@TB,2025-07-23,TB,CWS,9,11,0.0,0.7497722366633125,0.6549,TB,CWS,0
20250723_DET@PIT,2025-07-23,PIT,DET,6,1,1.0,0.537782942084177,0.5105,PIT,PIT,1
20250723_HOU@AZ,2025-07-23,AZ,HOU,3,4,0.0,0.5484225652345747,0.5173,AZ,HOU,0
20250723_KC@CHC,2025-07-23,CHC,KC,4,8,0.0,0.5355243065306877,0.5091,CHC,KC,0
20250723_LAA@NYM,2025-07-23,NYM,LAA,6,3,1.0,0.3797206749761117,0.41,LAA,NYM,0
20250723_MIL@SEA,2025-07-23,SEA,MIL,2,10,0.0,0.601139866707171,0.5513,SEA,MIL,0
20250723_MIN@LAD,2025-07-23,LAD,MIN,4,3,1.0,0.6436946293779173,0.5795,LAD,LAD,1
20250723_NYY@TOR,2025-07-23,TOR,NYY,8,4,1.0,0.6766039735473524,0.6019,TOR,TOR,1
20250723_SD@MIA,2025-07-23,MIA,SD,3,2,1.0,0.4701887727426001,0.4678,SD,MIA,0
20250723_SF@ATL,2025-07-23,ATL,SF,3,9,0.0,0.5428338698061926,0.5138,ATL,SF,0
20250723_STL@COL,2025-07-23,COL,STL,6,0,1.0,0.4135339897577172,0.4318,STL,COL,0
20250722_ATH@TEX,2025-07-22,TEX,ATH,6,2,1.0,0.6172695654944441,0.5619,TEX,TEX,1
20250722_BAL@CLE,2025-07-22,CLE,BAL,6,3,1.0,0.6704588368469631,0.5977,CLE,CLE,1
20250722_BOS@PHI,2025-07-22,PHI,BOS,4,1,1.0,0.6545218789439414,0.5868,PHI,PHI,1
20250722_CIN@WSH,2025-07-22,WSH,CIN,6,1,1.0,0.4773510502225292,0.4723,CIN,WSH,0
20250722_CWS@TB,2025-07-22,TB,CWS,4,3,1.0,0.6864655070350522,0.6088,TB,TB,1
20250722_DET@PIT,2025-07-22,PIT,DET,8,5,1.0,0.3476861109166302,0.3889,DET,PIT,0
20250722_HOU@AZ,2025-07-22,AZ,HOU,1,3,0.0,0.41384272953900303,0.432,HOU,HOU,1
20250722_KC@CHC,2025-07-22,CHC,KC,6,0,1.0,0.46353600752414537,0.4635,KC,CHC,0
20250722_LAA@NYM,2025-07-22,NYM,LAA,3,2,1.0,0.5610727906068306,0.5254,NYM,NYM,1
20250722_MIL@SEA,2025-07-22,SEA,MIL,1,0,1.0,0.5881154866457281,0.5428,SEA,SEA,1
20250722_MIN@LAD,2025-07-22,LAD,MIN,7,10,0.0,0.5932219078891148,0.5461,LAD,MIN,0
20250722_NYY@TOR,2025-07-22,TOR,NYY,4,5,0.0,0.6096170152593908,0.5568,TOR,NYY,0
20250722_SD@MIA,2025-07-22,MIA,SD,4,3,1.0,0.5693003874800613,0.5307,MIA,MIA,1
20250722_SF@ATL,2025-07-22,ATL,SF,0,9,0.0,0.4967606966444814,0.4845,SF,SF,1
20250722_STL@COL,2025-07-22,COL,STL,8,4,1.0,0.5353060303492356,0.509,COL,COL,1
20250721_ATH@TEX,2025-07-21,TEX,ATH,7,2,1.0,0.6180366782214362,0.5624,TEX,TEX,1
20250721_BAL@CLE,2025-07-21,CLE,BAL,10,5,1.0,0.7129546564079969,0.6276,CLE,CLE,1
20250721_BOS@PHI,2025-07-21,PHI,BOS,3,2,1.0,0.6587237309833488,0.5896,PHI,PHI,1
20250721_CIN@WSH,2025-07-21,WSH,CIN,10,8,1.0,0.46937346086849424,0.4672,CIN,WSH,0
20250721_CWS@TB,2025-07-21,TB,CWS,3,8,0.0,0.6928329828564685,0.6132,TB,CWS,0
20250721_DET@PIT,2025-07-21,PIT,DET,3,0,1.0,0.36083851143268886,0.3976,DET,PIT,0
20250721_HOU@AZ,2025-07-21,AZ,HOU,3,6,0.0,0.4703028047476654,0.4678,HOU,HOU,1
20250721_KC@CHC,2025-07-21,CHC,KC,4,12,0.0,0.5135317259399856,0.4952,CHC,KC,0
20250721_LAA@NYM,2025-07-21,NYM,LAA,7,5,1.0,0.452000536427514,0.4562,LAA,NYM,0
20250721_MIL@SEA,2025-07-21,SEA,MIL,0,6,0.0,0.5940774354167523,0.5467,SEA,MIL,0
20250721_MIN@LAD,2025-07-21,LAD,MIN,5,2,1.0,0.48532342771862663,0.4773,MIN,LAD,0
20250721_NYY@TOR,2025-07-21,TOR,NYY,4,1,1.0,0.701034993133582,0.6191,TOR,TOR,1
20250721_SD@MIA,2025-07-21,MIA,SD,1,2,0.0,0.4990087241025066,0.486,SD,SD,1
20250721_SF@ATL,2025-07-21,ATL,SF,9,5,1.0,0.4653027062559262,0.4647,SF,ATL,0
20250721_STL@COL,2025-07-21,COL,STL,2,6,0.0,0.4023979615320575,0.4246,STL,STL,1
20250720_ATH@CLE,2025-07-20,CLE,ATH,8,2,1.0,0.5776477073734182,0.5335,CLE,CLE,1
20250720_BAL@TB,2025-07-20,TB,BAL,3,5,0.0,0.6275442911941285,0.5683,TB,BAL,0
20250720_BOS@CHC,2025-07-20,CHC,BOS,1,6,0.0,0.409677618550971,0.42,BOS,BOS,1
20250720_CIN@NYM,2025-07-20,NYM,CIN,3,2,1.0,0.5293120997378622,0.5006,NYM,NYM,1
20250720_CWS@PIT,2025-07-20,PIT,CWS,2,7,0.0,0.6055908373872892,0.5529,PIT,CWS,0
20250720_DET@TEX,2025-07-20,TEX,DET,1,2,0.0,0.42873255386656817,0.4329,DET,DET,1
20250720_HOU@SEA,2025-07-20,SEA,HOU,3,11,0.0,0.5199199932478629,0.4943,SEA,HOU,0
20250720_KC@MIA,2025-07-20,MIA,KC,4,7,0.0,0.4407386702536595,0.441,KC,KC,1
20250720_LAA@PHI,2025-07-20,PHI,LAA,2,8,0.0,0.5916224133474774,0.5432,PHI,LAA,0
20250720_MIL@LAD,2025-07-20,LAD,MIL,5,6,0.0,0.49347718277891345,0.4765,MIL,MIL,1
20250720_MIN@COL,2025-07-20,COL,MIN,1,7,0.0,0.32582858236142404,0.362,MIN,MIN,1
20250720_NYY@ATL,2025-07-20,ATL,NYY,2,4,0.0,0.5226292116389806,0.4961,ATL,NYY,0
20250720_SD@WSH,2025-07-20,WSH,SD,1,8,0.0,0.47961994975892797,0.4671,SD,SD,1
20250720_SF@TOR,2025-07-20,TOR,SF,8,6,1.0,0.5122836587049282,0.4891,TOR,TOR,1
20250720_STL@AZ,2025-07-20,AZ,STL,5,3,1.0,0.5084651326267994,0.4865,AZ,AZ,1
20250719_ATH@CLE,2025-07-19,CLE,ATH,2,8,0.0,0.46254780632875064,0.4557,ATH,ATH,1
20250719_BAL@TB,2025-07-19,TB,BAL,4,3,1.0,0.5558145047523348,0.5186,TB,TB,1
20250719_BOS@CHC,2025-07-19,CHC,BOS,6,0,1.0,0.5043260343501931,0.4838,CHC,CHC,1
20250719_CIN@NYM,2025-07-19,NYM,CIN,2,5,0.0,0.5695844647894418,0.528,NYM,CIN,0
20250719_CWS@PIT,2025-07-19,PIT,CWS,4,10,0.0,0.6296293076041084,0.5698,PIT,CWS,0
20250719_DET@TEX,2025-07-19,TEX,DET,4,1,1.0,0.5924862789097881,0.5438,TEX,TEX,1
20250719_HOU@SEA,2025-07-19,SEA,HOU,7,6,1.0,0.5320216870001979,0.5024,SEA,SEA,1
20250719_KC@MIA,2025-07-19,MIA,KC,3,1,1.0,0.4892643053174078,0.4736,KC,MIA,0
20250719_LAA@PHI,2025-07-19,PHI,LAA,9,5,1.0,0.5507162571907586,0.5151,PHI,PHI,1
20250719_MIL@LAD,2025-07-19,LAD,MIL,7,8,0.0,0.47627985754121216,0.4649,MIL,MIL,1
20250719_MIN@COL,2025-07-19,COL,MIN,10,6,1.0,0.2654455487369639,0.3181,MIN,COL,0
20250719_NYY@ATL,2025-07-19,ATL,NYY,9,12,0.0,0.5832517878385471,0.5374,ATL,NYY,0
20250719_SD@WSH,2025-07-19,WSH,SD,4,2,1.0,0.5207556589129436,0.4948,WSH,WSH,1
20250719_SF@TOR,2025-07-19,TOR,SF,6,3,1.0,0.5697451420871938,0.5281,TOR,TOR,1
20250719_STL@AZ,2025-07-19,AZ,STL,10,1,1.0,0.48125617875114257,0.4682,STL,AZ,0
20250718_ATH@CLE,2025-07-18,CLE,ATH,8,6,1.0,0.5096116296602345,0.4873,CLE,CLE,1
20250718_BAL@TB,2025-07-18,TB,BAL,11,1,1.0,0.5898806356802262,0.542,TB,TB,1
20250718_BOS@CHC,2025-07-18,CHC,BOS,4,1,1.0,0.5245574381776035,0.4974,CHC,CHC,1
20250718_CIN@NYM,2025-07-18,NYM,CIN,4,8,0.0,0.5545158940597898,0.5177,NYM,CIN,0
20250718_CWS@PIT,2025-07-18,PIT,CWS,1,10,0.0,0.6837945241994551,0.609,PIT,CWS,0
20250718_DET@TEX,2025-07-18,TEX,DET,2,0,1.0,0.4945251586290562,0.4772,DET,TEX,0
20250718_HOU@SEA,2025-07-18,SEA,HOU,6,1,1.0,0.6132530591365397,0.5582,SEA,SEA,1
20250718_KC@MIA,2025-07-18,MIA,KC,8,7,1.0,0.5725398354029893,0.53,MIA,MIA,1
20250718_LAA@PHI,2025-07-18,PHI,LAA,5,6,0.0,0.6249687183625857,0.5665,PHI,LAA,0
20250718_MIL@LAD,2025-07-18,LAD,MIL,0,2,0.0,0.534912597888004,0.5044,LAD,MIL,0
20250718_MIN@COL,2025-07-18,COL,MIN,6,4,1.0,0.3736461667265715,0.3954,MIN,COL,0
20250718_NYY@ATL,2025-07-18,ATL,NYY,7,3,1.0,0.5558677341949892,0.5186,ATL,ATL,1
20250718_SD@WSH,2025-07-18,WSH,SD,2,7,0.0,0.4743277098489185,0.4636,SD,SD,1
20250718_SF@TOR,2025-07-18,TOR,SF,4,0,1.0,0.6205390113564854,0.5633,TOR,TOR,1
20250718_STL@AZ,2025-07-18,AZ,STL,7,3,1.0,0.5197710162993783,0.4942,AZ,AZ,1
20250713_ATL@STL,2025-07-13,STL,ATL,5,4,1.0,0.615580809263067,0.5599,STL,STL,1
20250713_AZ@LAA,2025-07-13,LAA,AZ,1,5,0.0,0.6171030878846184,0.5609,LAA,AZ,0
20250713_CHC@NYY,2025-07-13,NYY,CHC,1,4,0.0,0.6264463495886801,0.5675,NYY,CHC,0
20250713_CLE@CWS,2025-07-13,CWS,CLE,5,6,0.0,0.4181258200180415,0.4257,CLE,CLE,1
20250713_COL@CIN,2025-07-13,CIN,COL,4,2,1.0,0.7290704104234712,0.6434,CIN,CIN,1
20250713_LAD@SF,2025-07-13,SF,LAD,2,5,0.0,0.5321025963765944,0.5025,SF,LAD,0
20250713_MIA@BAL,2025-07-13,BAL,MIA,1,11,0.0,0.45408111480066027,0.45,MIA,MIA,1
20250713_NYM@KC,2025-07-13,KC,NYM,3,2,1.0,0.5402966825808344,0.508,KC,KC,1
20250713_PHI@SD,2025-07-13,SD,PHI,1,2,0.0,0.5604318262723015,0.5217,SD,PHI,0
20250713_PIT@MIN,2025-07-13,MIN,PIT,1,2,0.0,0.7026257844908395,0.6231,MIN,PIT,0
20250713_SEA@DET,2025-07-13,DET,SEA,4,8,0.0,0.48053745104270834,0.4678,SEA,SEA,1
20250713_TB@BOS,2025-07-13,BOS,TB,4,1,1.0,0.5103306681456266,0.4878,BOS,BOS,1
20250713_TEX@HOU,2025-07-13,HOU,TEX,1,5,0.0,0.6149960094986084,0.5594,HOU,TEX,0
20250713_TOR@ATH,2025-07-13,ATH,TOR,6,3,1.0,0.5604881139384421,0.5218,ATH,ATH,1
20250713_WSH@MIL,2025-07-13,MIL,WSH,8,1,1.0,0.7105722436561299,0.6291,MIL,MIL,1
20250712_ATL@STL,2025-07-12,STL,ATL,6,7,0.0,0.40973242929430553,0.42,ATL,ATL,1
20250712_AZ@LAA,2025-07-12,LAA,AZ,10,5,1.0,0.5407104354130958,0.5083,LAA,LAA,1
20250712_CHC@NYY,2025-07-12,NYY,CHC,2,5,0.0,0.5253693934363681,0.4979,NYY,CHC,0
20250712_CLE@CWS,2025-07-12,CWS,CLE,2,6,0.0,0.5618442323573155,0.5227,CWS,CLE,0
20250712_COL@CIN,2025-07-12,CIN,COL,4,3,1.0,0.6921276303641325,0.6152,CIN,CIN,1
20250712_LAD@SF,2025-07-12,SF,LAD,1,2,0.0,0.5943777184669607,0.5451,SF,LAD,0
20250712_MIA@BAL,2025-07-12,BAL,MIA,0,6,0.0,0.5185664458007566,0.4933,BAL,MIA,0
20250712_NYM@KC,2025-07-12,KC,NYM,1,3,0.0,0.5521186152333069,0.5161,KC,NYM,0
20250712_PHI@SD,2025-07-12,SD,PHI,5,4,1.0,0.5718718185216395,0.5296,SD,SD,1
20250712_PIT@MIN,2025-07-12,MIN,PIT,12,4,1.0,0.6488951097022436,0.5835,MIN,MIN,1
20250712_SEA@DET,2025-07-12,DET,SEA,7,15,0.0,0.49950386810463265,0.4805,SEA,SEA,1
20250712_TB@BOS,2025-07-12,BOS,TB,1,0,1.0,0.6450497497008216,0.5807,BOS,BOS,1
20250712_TEX@HOU,2025-07-12,HOU,TEX,5,4,1.0,0.5349068260820037,0.5044,HOU,HOU,1
20250712_TOR@ATH,2025-07-12,ATH,TOR,4,3,1.0,0.5229424814689763,0.4963,ATH,ATH,1
20250712_WSH@MIL,2025-07-12,MIL,WSH,6,5,1.0,0.58337105843181,0.5375,MIL,MIL,1
20250711_ATL@STL,2025-07-11,STL,ATL,5,6,0.0,0.4481032748200432,0.4459,ATL,ATL,1
20250711_AZ@LAA,2025-07-11,LAA,AZ,6,5,1.0,0.49312669571107476,0.4762,AZ,LAA,0
20250711_CHC@NYY,2025-07-11,NYY,CHC,11,0,1.0,0.5752118938994781,0.5319,NYY,NYY,1
20250711_CLE@CWS,2025-07-11,CWS,CLE,5,4,1.0,0.5033147277578292,0.4831,CWS,CWS,1
20250711_CLE@CWS,2025-07-11,CWS,CLE,2,4,0.0,0.49057924278894666,0.4745,CLE,CLE,1
20250711_COL@CIN,2025-07-11,CIN,COL,2,3,0.0,0.6764721048559845,0.6036,CIN,COL,0
20250711_LAD@SF,2025-07-11,SF,LAD,8,7,1.0,0.5616288321831182,0.5226,SF,SF,1
20250711_MIA@BAL,2025-07-11,BAL,MIA,5,2,1.0,0.4687295462696485,0.4598,MIA,BAL,0
20250711_NYM@KC,2025-07-11,KC,NYM,3,8,0.0,0.6451141506458803,0.5808,KC,NYM,0
20250711_PHI@SD,2025-07-11,SD,PHI,4,2,1.0,0.5578036855619597,0.5199,SD,SD,1
20250711_PIT@MIN,2025-07-11,MIN,PIT,2,1,1.0,0.5555076792416193,0.5184,MIN,MIN,1
20250711_SEA@DET,2025-07-11,DET,SEA,3,12,0.0,0.6754692121768763,0.6028,DET,SEA,0
20250711_TB@BOS,2025-07-11,BOS,TB,5,4,1.0,0.5463382714684767,0.5121,BOS,BOS,1
20250711_TEX@HOU,2025-07-11,HOU,TEX,3,7,0.0,0.6525810286565972,0.5862,HOU,TEX,0
20250711_TOR@ATH,2025-07-11,ATH,TOR,6,7,0.0,0.4463346101951805,0.4448,TOR,TOR,1
20250711_WSH@MIL,2025-07-11,MIL,WSH,8,3,1.0,0.6287934248553004,0.5692,MIL,MIL,1
20250710_ATL@ATH,2025-07-10,ATH,ATL,5,4,1.0,0.47911100262046585,0.4668,ATL,ATH,0
20250710_AZ@SD,2025-07-10,SD,AZ,4,3,1.0,0.4573364258301129,0.4522,AZ,SD,0
20250710_CHC@MIN,2025-07-10,MIN,CHC,1,8,0.0,0.5625100225415092,0.5232,MIN,CHC,0
20250710_MIA@CIN,2025-07-10,CIN,MIA,6,0,1.0,0.5414775092642723,0.5088,CIN,CIN,1
20250710_NYM@BAL,2025-07-10,BAL,NYM,3,1,1.0,0.49816265735822735,0.4796,NYM,BAL,0
20250710_NYM@BAL,2025-07-10,BAL,NYM,7,3,1.0,0.5037580419764629,0.4834,BAL,BAL,1
20250710_SEA@NYY,2025-07-10,NYY,SEA,6,5,1.0,0.4777642754889672,0.4659,SEA,NYY,0
20250710_TB@BOS,2025-07-10,BOS,TB,4,3,1.0,0.561346086265098,0.5224,BOS,BOS,1
20250710_TEX@LAA,2025-07-10,LAA,TEX,4,11,0.0,0.6217189531208519,0.5642,LAA,TEX,0
20250710_WSH@STL,2025-07-10,STL,WSH,8,1,1.0,0.41380231915774834,0.4228,WSH,STL,0
20250709_ATL@ATH,2025-07-09,ATH,ATL,2,9,0.0,0.6389000090234687,0.5731,ATH,ATL,0
20250709_AZ@SD,2025-07-09,SD,AZ,2,8,0.0,0.6188257360719719,0.5592,SD,AZ,0
20250709_CHC@MIN,2025-07-09,MIN,CHC,4,2,1.0,0.43891834082959946,0.4404,CHC,MIN,0
20250709_CLE@HOU,2025-07-09,HOU,CLE,2,4,0.0,0.61706556476419,0.558,HOU,CLE,0
20250709_COL@BOS,2025-07-09,BOS,COL,10,2,1.0,0.69506801022465,0.613,BOS,BOS,1
20250709_LAD@MIL,2025-07-09,MIL,LAD,3,2,1.0,0.5001482589851888,0.4804,MIL,MIL,1
20250709_MIA@CIN,2025-07-09,CIN,MIA,7,2,1.0,0.5052512863300238,0.4837,CIN,CIN,1
20250709_PHI@SF,2025-07-09,SF,PHI,0,13,0.0,0.438890743418383,0.4404,PHI,PHI,1
20250709_PIT@KC,2025-07-09,KC,PIT,4,3,1.0,0.6548281145615897,0.5842,KC,KC,1
20250709_SEA@NYY,2025-07-09,NYY,SEA,9,6,1.0,0.39536309411654724,0.4118,SEA,NYY,0
20250709_TB@DET,2025-07-09,DET,TB,3,7,0.0,0.5974101305841744,0.5447,DET,TB,0
20250709_TEX@LAA,2025-07-09,LAA,TEX,11,8,1.0,0.5618986057484658,0.521,LAA,LAA,1
20250709_TOR@CWS,2025-07-09,CWS,TOR,2,1,1.0,0.5282863156616914,0.4988,CWS,CWS,1
20250709_WSH@STL,2025-07-09,STL,WSH,2,8,0.0,0.4972355175782064,0.4785,WSH,WSH,1
20250708_ATL@ATH,2025-07-08,ATH,ATL,10,1,1.0,0.5804423460194902,0.5333,ATH,ATH,1
20250708_AZ@SD,2025-07-08,SD,AZ,1,0,1.0,0.5691220092947479,0.5258,SD,SD,1
20250708_CHC@MIN,2025-07-08,MIN,CHC,8,1,1.0,0.5222794200341192,0.4949,MIN,MIN,1
20250708_CLE@HOU,2025-07-08,HOU,CLE,6,10,0.0,0.6220203539454632,0.5614,HOU,CLE,0
20250708_COL@BOS,2025-07-08,BOS,COL,10,2,1.0,0.6795856293908539,0.6018,BOS,BOS,1
20250708_LAD@MIL,2025-07-08,MIL,LAD,3,1,1.0,0.7221157142701216,0.6332,MIL,MIL,1
20250708_MIA@CIN,2025-07-08,CIN,MIA,2,12,0.0,0.4819898377549519,0.4685,MIA,MIA,1
20250708_NYM@BAL,2025-07-08,BAL,NYM,6,7,0.0,0.5592956224079535,0.5192,BAL,NYM,0
20250708_PHI@SF,2025-07-08,SF,PHI,4,3,1.0,0.5322856835542781,0.5014,SF,SF,1
20250708_PIT@KC,2025-07-08,KC,PIT,4,3,1.0,0.5952184425157175,0.5432,KC,KC,1
20250708_SEA@NYY,2025-07-08,NYY,SEA,10,3,1.0,0.4906791498668839,0.4742,SEA,NYY,0
20250708_TB@DET,2025-07-08,DET,TB,4,2,1.0,0.5917625198275746,0.5409,DET,DET,1
20250708_TEX@LAA,2025-07-08,LAA,TEX,1,13,0.0,0.6662540457128294,0.5923,LAA,TEX,0
20250708_TOR@CWS,2025-07-08,CWS,TOR,1,6,0.0,0.4688925632014715,0.46,TOR,TOR,1
20250708_WSH@STL,2025-07-08,STL,WSH,4,2,1.0,0.6450208969996122,0.5773,STL,STL,1
20250707_AZ@SD,2025-07-07,SD,AZ,3,6,0.0,0.6922386859186777,0.611,SD,AZ,0
20250707_CLE@HOU,2025-07-07,HOU,CLE,5,7,0.0,0.6465812229927514,0.5784,HOU,CLE,0
20250707_COL@BOS,2025-07-07,BOS,COL,9,3,1.0,0.6399607237394432,0.5738,BOS,BOS,1
20250707_LAD@MIL,2025-07-07,MIL,LAD,9,1,1.0,0.6726846293394315,0.5968,MIL,MIL,1
20250707_MIA@CIN,2025-07-07,CIN,MIA,1,5,0.0,0.5914120270319063,0.5407,CIN,MIA,0
20250707_PHI@SF,2025-07-07,SF,PHI,3,1,1.0,0.5974393230468181,0.5447,SF,SF,1
20250707_PIT@KC,2025-07-07,KC,PIT,9,3,1.0,0.6504605091490926,0.5811,KC,KC,1
20250707_TB@DET,2025-07-07,DET,TB,5,1,1.0,0.4155069051137925,0.4251,TB,DET,0
20250707_TEX@LAA,2025-07-07,LAA,TEX,6,5,1.0,0.5900430416260893,0.5397,LAA,LAA,1
20250707_TOR@CWS,2025-07-07,CWS,TOR,4,8,0.0,0.5298898554346769,0.4999,CWS,TOR,0
20250706_BAL@ATL,2025-07-06,ATL,BAL,1,2,0.0,0.6742665121604428,0.598,ATL,BAL,0
20250706_BOS@WSH,2025-07-06,WSH,BOS,4,6,0.0,0.5368113880476415,0.5044,WSH,BOS,0
20250706_CIN@PHI,2025-07-06,PHI,CIN,3,1,1.0,0.5862708666512598,0.5372,PHI,PHI,1
20250706_CWS@COL,2025-07-06,COL,CWS,6,4,1.0,0.4698836659852936,0.4606,CWS,COL,0
20250706_DET@CLE,2025-07-06,CLE,DET,2,7,0.0,0.3401285158048207,0.3746,DET,DET,1
20250706_HOU@LAD,2025-07-06,LAD,HOU,1,5,0.0,0.6197001435899138,0.5598,LAD,HOU,0
20250706_KC@AZ,2025-07-06,AZ,KC,0,4,0.0,0.5645654110768962,0.5227,AZ,KC,0
20250706_LAA@TOR,2025-07-06,TOR,LAA,3,2,1.0,0.543821699029974,0.509,TOR,TOR,1
20250706_MIL@MIA,2025-07-06,MIA,MIL,1,3,0.0,0.5583941949007738,0.5186,MIA,MIL,0
20250706_NYY@NYM,2025-07-06,NYM,NYY,4,6,0.0,0.5341407451095526,0.5026,NYM,NYY,0
20250706_PIT@SEA,2025-07-06,SEA,PIT,1,0,1.0,0.6289903530588742,0.5662,SEA,SEA,1
20250706_SF@ATH,2025-07-06,ATH,SF,2,6,0.0,0.5492839891508683,0.5126,ATH,SF,0
20250706_STL@CHC,2025-07-06,CHC,STL,11,0,1.0,0.734475126331407,0.6426,CHC,CHC,1
20250706_TB@MIN,2025-07-06,MIN,TB,5,7,0.0,0.4866510191376219,0.4716,TB,TB,1
20250706_TEX@SD,2025-07-06,SD,TEX,4,1,1.0,0.7125411713630213,0.6259,SD,SD,1
20250705_BAL@ATL,2025-07-05,ATL,BAL,6,9,0.0,0.6121585148340192,0.5547,ATL,BAL,0
20250705_BOS@WSH,2025-07-05,WSH,BOS,3,10,0.0,0.5622616487867855,0.5212,WSH,BOS,0
20250705_CIN@PHI,2025-07-05,PHI,CIN,5,1,1.0,0.6527840482051457,0.5827,PHI,PHI,1
20250705_CWS@COL,2025-07-05,COL,CWS,3,10,0.0,0.5226228736605042,0.4951,COL,CWS,0
20250705_DET@CLE,2025-07-05,CLE,DET,0,1,0.0,0.345834738784519,0.3785,DET,DET,1
20250705_HOU@LAD,2025-07-05,LAD,HOU,4,6,0.0,0.4371971081622022,0.4393,HOU,HOU,1
20250705_KC@AZ,2025-07-05,AZ,KC,7,1,1.0,0.6575161753743147,0.5861,AZ,AZ,1
20250705_LAA@TOR,2025-07-05,TOR,LAA,4,3,1.0,0.5375906884320087,0.5049,TOR,TOR,1
20250705_MIL@MIA,2025-07-05,MIA,MIL,4,2,1.0,0.46691428911175237,0.4587,MIL,MIA,0
20250705_NYY@NYM,2025-07-05,NYM,NYY,12,6,1.0,0.6382605474071507,0.5726,NYM,NYM,1
20250705_PIT@SEA,2025-07-05,SEA,PIT,1,0,1.0,0.631211798191757,0.5677,SEA,SEA,1
20250705_SF@ATH,2025-07-05,ATH,SF,2,7,0.0,0.4730999289170535,0.4627,SF,SF,1
20250705_STL@CHC,2025-07-05,CHC,STL,6,8,0.0,0.6755440765282643,0.5989,CHC,STL,0
20250705_TB@MIN,2025-07-05,MIN,TB,6,5,1.0,0.43029197758446874,0.4348,TB,MIN,0
20250705_TEX@SD,2025-07-05,SD,TEX,4,7,0.0,0.6575879299179253,0.5861,SD,TEX,0
20250704_BAL@ATL,2025-07-04,ATL,BAL,2,3,0.0,0.5535763663182538,0.5155,ATL,BAL,0
20250704_BOS@WSH,2025-07-04,WSH,BOS,2,11,0.0,0.4789873039105534,0.4666,BOS,BOS,1
20250704_CIN@PHI,2025-07-04,PHI,CIN,6,9,0.0,0.6123486788654815,0.5548,PHI,CIN,0
20250704_CWS@COL,2025-07-04,COL,CWS,2,3,0.0,0.5427255167892625,0.5083,COL,CWS,0
20250704_DET@CLE,2025-07-04,CLE,DET,1,2,0.0,0.40405550692459985,0.4175,DET,DET,1
20250704_HOU@LAD,2025-07-04,LAD,HOU,1,18,0.0,0.41639153773956744,0.4256,HOU,HOU,1
20250704_KC@AZ,2025-07-04,AZ,KC,3,9,0.0,0.5428713449646044,0.5084,AZ,KC,0
20250704_LAA@TOR,2025-07-04,TOR,LAA,4,3,1.0,0.5618123373662155,0.5209,TOR,TOR,1
20250704_MIL@MIA,2025-07-04,MIA,MIL,5,6,0.0,0.5290426628134973,0.4993,MIA,MIL,0
20250704_NYY@NYM,2025-07-04,NYM,NYY,6,5,1.0,0.6023230398000281,0.548,NYM,NYM,1
20250704_PIT@SEA,2025-07-04,SEA,PIT,6,0,1.0,0.6033891290931204,0.5487,SEA,SEA,1
20250704_SF@ATH,2025-07-04,ATH,SF,11,2,1.0,0.5772294824933781,0.5312,ATH,ATH,1
20250704_STL@CHC,2025-07-04,CHC,STL,11,3,1.0,0.6489406709605984,0.5801,CHC,CHC,1
20250704_TB@MIN,2025-07-04,MIN,TB,4,3,1.0,0.46913966223423015,0.4602,TB,MIN,0
20250704_TEX@SD,2025-07-04,SD,TEX,3,2,1.0,0.597320758549015,0.5446,SD,SD,1
20250703_CLE@CHC,2025-07-03,CHC,CLE,1,0,1.0,0.6214190702117041,0.561,CHC,CHC,1
20250703_CWS@LAD,2025-07-03,LAD,CWS,6,2,1.0,0.6023920002360236,0.5481,LAD,LAD,1
20250703_DET@WSH,2025-07-03,WSH,DET,11,7,1.0,0.4641890517212993,0.4569,DET,WSH,0
20250703_HOU@COL,2025-07-03,COL,HOU,7,6,1.0,0.449576848237714,0.4474,HOU,COL,0
20250703_KC@SEA,2025-07-03,SEA,KC,2,3,0.0,0.5511254458220416,0.5138,SEA,KC,0
20250703_LAA@ATL,2025-07-03,ATL,LAA,1,5,0.0,0.5344345341534169,0.5028,ATL,LAA,0
20250703_MIL@NYM,2025-07-03,NYM,MIL,3,2,1.0,0.65721582987278,0.5859,NYM,NYM,1
20250703_MIN@MIA,2025-07-03,MIA,MIN,4,1,1.0,0.5807244390236588,0.5335,MIA,MIA,1
20250703_NYY@TOR,2025-07-03,TOR,NYY,8,5,1.0,0.5506463695534286,0.5135,TOR,TOR,1
20250703_SF@AZ,2025-07-03,AZ,SF,2,7,0.0,0.5920454422903897,0.5411,AZ,SF,0
20250702_ATH@TB,2025-07-02,TB,ATH,6,5,1.0,0.48969447531906013,0.4619,ATH,TB,0
20250702_BAL@TEX,2025-07-02,TEX,BAL,6,0,1.0,0.725858685285129,0.644,TEX,TEX,1
20250702_CIN@BOS,2025-07-02,BOS,CIN,4,8,0.0,0.3313538905605428,0.3456,CIN,CIN,1
20250702_CLE@CHC,2025-07-02,CHC,CLE,5,4,1.0,0.6322081475925686,0.5684,CHC,CHC,1
20250702_CWS@LAD,2025-07-02,LAD,CWS,5,4,1.0,0.6256665141182354,0.5634,LAD,LAD,1
20250702_DET@WSH,2025-07-02,WSH,DET,9,4,1.0,0.48891007067050707,0.4613,DET,WSH,0
20250702_DET@WSH,2025-07-02,WSH,DET,2,11,0.0,0.41746522588152357,0.4092,DET,DET,1
20250702_HOU@COL,2025-07-02,COL,HOU,3,5,0.0,0.2644359415005622,0.2944,HOU,HOU,1
20250702_KC@SEA,2025-07-02,SEA,KC,3,2,1.0,0.5530679294081442,0.5085,SEA,SEA,1
20250702_LAA@ATL,2025-07-02,ATL,LAA,8,3,1.0,0.5253503673868931,0.488,ATL,ATL,1
20250702_MIL@NYM,2025-07-02,NYM,MIL,2,7,0.0,0.5534605399711732,0.5088,NYM,MIL,0
20250702_MIL@NYM,2025-07-02,NYM,MIL,7,3,1.0,0.6464148582381636,0.5795,NYM,NYM,1
20250702_MIN@MIA,2025-07-02,MIA,MIN,1,2,0.0,0.5984511833462923,0.5426,MIA,MIN,0
20250702_NYY@TOR,2025-07-02,TOR,NYY,11,9,1.0,0.5321171232940562,0.493,TOR,TOR,1
20250702_SD@PHI,2025-07-02,PHI,SD,5,1,1.0,0.4314605413305538,0.4194,SD,PHI,0
20250702_SD@PHI,2025-07-02,PHI,SD,4,6,0.0,0.5733554077116103,0.5236,PHI,SD,0
20250702_SF@AZ,2025-07-02,AZ,SF,5,6,0.0,0.6314075589210693,0.5678,AZ,SF,0
20250702_STL@PIT,2025-07-02,PIT,STL,5,0,1.0,0.47846972427633866,0.4537,STL,PIT,0
20250701_ATH@TB,2025-07-01,TB,ATH,3,4,0.0,0.5105977445739474,0.4772,TB,ATH,0
20250701_BAL@TEX,2025-07-01,TEX,BAL,10,2,1.0,0.613766249262337,0.5542,TEX,TEX,1
20250701_CIN@BOS,2025-07-01,BOS,CIN,5,3,1.0,0.4585544176663457,0.4392,CIN,BOS,0
20250701_CLE@CHC,2025-07-01,CHC,CLE,5,2,1.0,0.47843157195334574,0.4537,CLE,CHC,0
20250701_CWS@LAD,2025-07-01,LAD,CWS,6,1,1.0,0.6885690073855738,0.6131,LAD,LAD,1
20250701_HOU@COL,2025-07-01,COL,HOU,5,6,0.0,0.3881298824777444,0.3877,HOU,HOU,1
20250701_KC@SEA,2025-07-01,SEA,KC,3,6,0.0,0.5786417029776387,0.5276,SEA,KC,0
20250701_LAA@ATL,2025-07-01,ATL,LAA,0,4,0.0,0.6379818580859032,0.5729,ATL,LAA,0
20250701_MIN@MIA,2025-07-01,MIA,MIN,2,0,1.0,0.5948823647347714,0.5399,MIA,MIA,1
20250701_NYY@TOR,2025-07-01,TOR,NYY,12,5,1.0,0.5980005340994627,0.5422,TOR,TOR,1
20250701_SF@AZ,2025-07-01,AZ,SF,8,2,1.0,0.5756103996024247,0.5253,AZ,AZ,1
20250701_STL@PIT,2025-07-01,PIT,STL,1,0,1.0,0.6107343311499074,0.5519,PIT,PIT,1
20250630_ATH@TB,2025-06-30,TB,ATH,4,6,0.0,0.36846095478043805,0.3732,ATH,ATH,1
20250630_BAL@TEX,2025-06-30,TEX,BAL,6,10,0.0,0.6982626482369932,0.621,TEX,BAL,0
20250630_CIN@BOS,2025-06-30,BOS,CIN,13,6,1.0,0.43427556046590393,0.4215,CIN,BOS,0
20250630_KC@SEA,2025-06-30,SEA,KC,6,2,1.0,0.6061835613485496,0.5484,SEA,SEA,1
20250630_NYY@TOR,2025-06-30,TOR,NYY,5,4,1.0,0.4714024038039735,0.4485,NYY,TOR,0
20250630_SD@PHI,2025-06-30,PHI,SD,4,0,1.0,0.53733497430017,0.4969,PHI,PHI,1
20250630_SF@AZ,2025-06-30,AZ,SF,4,2,1.0,0.6177142752413874,0.5573,AZ,AZ,1
20250630_STL@PIT,2025-06-30,PIT,STL,7,0,1.0,0.4845410374146678,0.4581,STL,PIT,0
20250629_ATH@NYY,2025-06-29,NYY,ATH,12,5,1.0,0.5359894014610493,0.4959,NYY,NYY,1
20250629_CHC@HOU,2025-06-29,HOU,CHC,2,0,1.0,0.5901505479828827,0.5363,HOU,HOU,1
20250629_COL@MIL,2025-06-29,MIL,COL,3,4,0.0,0.7127239810603593,0.633,MIL,COL,0
20250629_LAD@KC,2025-06-29,KC,LAD,1,5,0.0,0.4365190162246503,0.4231,LAD,LAD,1
20250629_MIA@AZ,2025-06-29,AZ,MIA,4,6,0.0,0.6775856448881026,0.6042,AZ,MIA,0
20250629_MIN@DET,2025-06-29,DET,MIN,3,0,1.0,0.7804525812838629,0.692,DET,DET,1
20250629_NYM@PIT,2025-06-29,PIT,NYM,12,1,1.0,0.578616215326202,0.5276,PIT,PIT,1
20250629_PHI@ATL,2025-06-29,ATL,PHI,1,2,0.0,0.5884390638289461,0.535,ATL,PHI,0
20250629_SD@CIN,2025-06-29,CIN,SD,3,2,1.0,0.5273040717318858,0.4895,CIN,CIN,1
20250629_SEA@TEX,2025-06-29,TEX,SEA,4,6,0.0,0.5926323211167813,0.5382,TEX,SEA,0
20250629_SF@CWS,2025-06-29,CWS,SF,5,2,1.0,0.3701200611240994,0.3745,SF,CWS,0
20250629_STL@CLE,2025-06-29,CLE,STL,0,7,0.0,0.48190804204216925,0.4562,STL,STL,1
20250629_TB@BAL,2025-06-29,BAL,TB,5,1,1.0,0.3521626124769366,0.3612,TB,BAL,0
20250629_TOR@BOS,2025-06-29,BOS,TOR,3,5,0.0,0.4253939430535428,0.415,TOR,TOR,1
20250629_WSH@LAA,2025-06-29,LAA,WSH,4,7,0.0,0.5804446064417923,0.529,LAA,WSH,0
20250628_ATH@NYY,2025-06-28,NYY,ATH,0,7,0.0,0.642415343223986,0.5764,NYY,ATH,0
20250628_CHC@HOU,2025-06-28,HOU,CHC,3,12,0.0,0.5870179895596594,0.5339,HOU,CHC,0
20250628_COL@MIL,2025-06-28,MIL,COL,5,0,1.0,0.6565110042160193,0.5874,MIL,MIL,1
20250628_LAD@KC,2025-06-28,KC,LAD,9,5,1.0,0.47997891355415717,0.4548,LAD,KC,0
20250628_MIA@AZ,2025-06-28,AZ,MIA,7,8,0.0,0.6368037314180877,0.572,AZ,MIA,0
20250628_MIN@DET,2025-06-28,DET,MIN,10,5,1.0,0.7388950578893464,0.6551,DET,DET,1
20250628_NYM@PIT,2025-06-28,PIT,NYM,9,2,1.0,0.5036971578381892,0.4721,PIT,PIT,1
20250628_PHI@ATL,2025-06-28,ATL,PHI,6,1,1.0,0.5184046830026093,0.4829,ATL,ATL,1
20250628_SD@CIN,2025-06-28,CIN,SD,4,6,0.0,0.5323156757702541,0.4932,CIN,SD,0
20250628_SEA@TEX,2025-06-28,TEX,SEA,3,2,1.0,0.5864292877030409,0.5335,TEX,TEX,1
20250628_SF@CWS,2025-06-28,CWS,SF,1,0,1.0,0.3130930434998178,0.3319,SF,CWS,0
20250628_STL@CLE,2025-06-28,CLE,STL,6,9,0.0,0.6069820218809266,0.549,CLE,STL,0
20250628_TB@BAL,2025-06-28,BAL,TB,3,11,0.0,0.401169966079499,0.3973,TB,TB,1
20250628_TOR@BOS,2025-06-28,BOS,TOR,15,1,1.0,0.47980477363628893,0.4547,TOR,BOS,0
20250628_WSH@LAA,2025-06-28,LAA,WSH,8,2,1.0,0.406460297059842,0.4012,WSH,LAA,0
20250627_ATH@NYY,2025-06-27,NYY,ATH,3,0,1.0,0.621657121728504,0.5603,NYY,NYY,1
20250627_CHC@HOU,2025-06-27,HOU,CHC,7,4,1.0,0.501370544953703,0.4704,HOU,HOU,1
20250627_COL@MIL,2025-06-27,MIL,COL,10,6,1.0,0.6421533725630367,0.5762,MIL,MIL,1
20250627_LAD@KC,2025-06-27,KC,LAD,4,5,0.0,0.4870402041906353,0.4599,LAD,LAD,1
20250627_MIA@AZ,2025-06-27,AZ,MIA,8,9,0.0,0.5594196270834918,0.5132,AZ,MIA,0
20250627_MIN@DET,2025-06-27,DET,MIN,1,4,0.0,0.6130714919252754,0.5537,DET,MIN,0
20250627_NYM@PIT,2025-06-27,PIT,NYM,9,1,1.0,0.39862007044180536,0.3954,NYM,PIT,0
20250627_PHI@ATL,2025-06-27,ATL,PHI,0,13,0.0,0.6019757121375018,0.5452,ATL,PHI,0
20250627_SD@CIN,2025-06-27,CIN,SD,8,1,1.0,0.39920504618363817,0.3958,SD,CIN,0
20250627_SEA@TEX,2025-06-27,TEX,SEA,6,7,0.0,0.3592795101764762,0.3664,SEA,SEA,1
20250627_SF@CWS,2025-06-27,CWS,SF,1,3,0.0,0.40012226649957433,0.3965,SF,SF,1
20250627_STL@CLE,2025-06-27,CLE,STL,0,5,0.0,0.6470539783400956,0.58,CLE,STL,0
20250627_TB@BAL,2025-06-27,BAL,TB,22,8,1.0,0.375492647930946,0.3784,TB,BAL,0
20250627_TOR@BOS,2025-06-27,BOS,TOR,0,9,0.0,0.6040624507829502,0.5468,BOS,TOR,0
20250627_WSH@LAA,2025-06-27,LAA,WSH,9,15,0.0,0.6935203381439871,0.6172,LAA,WSH,0
20250626_ATH@DET,2025-06-26,DET,ATH,8,0,1.0,0.6112539450108492,0.5523,DET,DET,1
20250626_ATL@NYM,2025-06-26,NYM,ATL,4,0,1.0,0.4815387467933122,0.4559,ATL,NYM,0
20250626_CHC@STL,2025-06-26,STL,CHC,0,3,0.0,0.674332898266726,0.6016,STL,CHC,0
20250626_LAD@COL,2025-06-26,COL,LAD,1,3,0.0,0.41504821895906363,0.4074,LAD,LAD,1
20250626_MIA@SF,2025-06-26,SF,MIA,5,12,0.0,0.6457448136361184,0.579,SF,MIA,0
20250626_PHI@HOU,2025-06-26,HOU,PHI,2,1,1.0,0.621893596387076,0.5605,HOU,HOU,1
20250626_SEA@MIN,2025-06-26,MIN,SEA,10,1,1.0,0.43365978988467513,0.421,SEA,MIN,0
20250626_TB@KC,2025-06-26,KC,TB,0,4,0.0,0.2905560461098341,0.3147,TB,TB,1
20250626_TOR@CLE,2025-06-26,CLE,TOR,0,6,0.0,0.5496412471709134,0.506,CLE,TOR,0
20250625_ATH@DET,2025-06-25,DET,ATH,0,3,0.0,0.4673958130254353,0.4488,ATH,ATH,1
20250625_ATL@NYM,2025-06-25,NYM,ATL,7,3,1.0,0.6452058240520046,0.5804,NYM,NYM,1
20250625_AZ@CWS,2025-06-25,CWS,AZ,7,3,1.0,0.42528371185153657,0.4184,AZ,CWS,0
20250625_BOS@LAA,2025-06-25,LAA,BOS,5,2,1.0,0.6593905469379061,0.5914,LAA,LAA,1
20250625_CHC@STL,2025-06-25,STL,CHC,0,8,0.0,0.4426750170923848,0.4309,CHC,CHC,1
20250625_LAD@COL,2025-06-25,COL,LAD,1,8,0.0,0.4615436466471853,0.4446,LAD,LAD,1
20250625_MIA@SF,2025-06-25,SF,MIA,5,8,0.0,0.6955120998133794,0.6201,SF,MIA,0
20250625_NYY@CIN,2025-06-25,CIN,NYY,1,7,0.0,0.5298853480618293,0.4941,CIN,NYY,0
20250625_PHI@HOU,2025-06-25,HOU,PHI,2,0,1.0,0.4326905902376256,0.4237,PHI,HOU,0
20250625_PIT@MIL,2025-06-25,MIL,PIT,4,2,1.0,0.5015545956661912,0.4735,MIL,MIL,1
20250625_SEA@MIN,2025-06-25,MIN,SEA,2,0,1.0,0.43946898771142423,0.4286,SEA,MIN,0
20250625_TB@KC,2025-06-25,KC,TB,0,3,0.0,0.38237956856623606,0.3872,TB,TB,1
20250625_TEX@BAL,2025-06-25,BAL,TEX,0,7,0.0,0.4820530458250121,0.4594,TEX,TEX,1
20250625_TOR@CLE,2025-06-25,CLE,TOR,5,4,1.0,0.5671875883288622,0.5215,CLE,CLE,1
20250625_WSH@SD,2025-06-25,SD,WSH,1,0,1.0,0.4934487391136906,0.4676,WSH,SD,0
20250624_ATH@DET,2025-06-24,DET,ATH,11,4,1.0,0.6196995706274524,0.5608,DET,DET,1
20250624_ATL@NYM,2025-06-24,NYM,ATL,4,7,0.0,0.6793250828674627,0.6071,NYM,ATL,0
20250624_AZ@CWS,2025-06-24,CWS,AZ,1,4,0.0,0.53862066366893,0.5005,CWS,AZ,0
20250624_BOS@LAA,2025-06-24,LAA,BOS,3,2,1.0,0.44027752296682604,0.4292,BOS,LAA,0
20250624_CHC@STL,2025-06-24,STL,CHC,8,7,1.0,0.46735405664936225,0.4488,CHC,STL,0
20250624_LAD@COL,2025-06-24,COL,LAD,7,9,0.0,0.3457202623081157,0.3602,LAD,LAD,1
20250624_MIA@SF,2025-06-24,SF,MIA,2,4,0.0,0.7064072698730199,0.629,SF,MIA,0
20250624_NYY@CIN,2025-06-24,CIN,NYY,5,4,1.0,0.6144494193555614,0.5568,CIN,CIN,1
20250624_PHI@HOU,2025-06-24,HOU,PHI,1,0,1.0,0.5598958625335958,0.5161,HOU,HOU,1
20250624_PIT@MIL,2025-06-24,MIL,PIT,9,3,1.0,0.6391201051483839,0.5757,MIL,MIL,1
20250624_SEA@MIN,2025-06-24,MIN,SEA,5,6,0.0,0.40490039103423636,0.4036,SEA,SEA,1
20250624_TB@KC,2025-06-24,KC,TB,1,5,0.0,0.40392920050103037,0.4029,TB,TB,1
20250624_TEX@BAL,2025-06-24,BAL,TEX,5,6,0.0,0.4995952457541714,0.4721,TEX,TEX,1
20250624_TOR@CLE,2025-06-24,CLE,TOR,6,10,0.0,0.564007960356701,0.5191,CLE,TOR,0
20250624_WSH@SD,2025-06-24,SD,WSH,4,3,1.0,0.42358933125407705,0.4171,WSH,SD,0
20250623_ATL@NYM,2025-06-23,NYM,ATL,2,3,0.0,0.45796727712105845,0.442,ATL,ATL,1
20250623_AZ@CWS,2025-06-23,CWS,AZ,0,10,0.0,0.44144266047400127,0.43,AZ,AZ,1
20250623_BOS@LAA,2025-06-23,LAA,BOS,9,5,1.0,0.6161997406966276,0.5581,LAA,LAA,1
20250623_CHC@STL,2025-06-23,STL,CHC,8,2,1.0,0.4569045902252912,0.4412,CHC,STL,0
20250623_NYY@CIN,2025-06-23,CIN,NYY,6,1,1.0,0.4986898374449501,0.4714,NYY,CIN,0
20250623_PIT@MIL,2025-06-23,MIL,PIT,4,5,0.0,0.6355180349439289,0.5729,MIL,PIT,0
20250623_SEA@MIN,2025-06-23,MIN,SEA,2,11,0.0,0.460062274412802,0.4435,SEA,SEA,1
20250623_TEX@BAL,2025-06-23,BAL,TEX,6,0,1.0,0.5107497741381855,0.4802,BAL,BAL,1
20250623_WSH@SD,2025-06-23,SD,WSH,6,10,0.0,0.502941937178868,0.4745,SD,WSH,0
20250622_ATL@MIA,2025-06-22,MIA,ATL,5,3,1.0,0.45915712160314803,0.4428,ATL,MIA,0
20250622_AZ@COL,2025-06-22,COL,AZ,4,2,1.0,0.3085354233882312,0.3324,AZ,COL,0
20250622_BAL@NYY,2025-06-22,NYY,BAL,4,2,1.0,0.7415007954891955,0.6583,NYY,NYY,1
20250622_BOS@SF,2025-06-22,SF,BOS,9,5,1.0,0.583982908463232,0.5339,SF,SF,1
20250622_CIN@STL,2025-06-22,STL,CIN,1,4,0.0,0.4181615018077396,0.4132,CIN,CIN,1
20250622_CLE@ATH,2025-06-22,ATH,CLE,0,3,0.0,0.5528985859125446,0.511,ATH,CLE,0
20250622_CWS@TOR,2025-06-22,TOR,CWS,2,4,0.0,0.530786103707142,0.4948,TOR,CWS,0
20250622_DET@TB,2025-06-22,TB,DET,3,9,0.0,0.5814861042532178,0.5321,TB,DET,0
20250622_HOU@LAA,2025-06-22,LAA,HOU,7,8,0.0,0.44414207122669186,0.432,HOU,HOU,1
20250622_KC@SD,2025-06-22,SD,KC,3,2,1.0,0.5001965007429359,0.4725,SD,SD,1
20250622_MIL@MIN,2025-06-22,MIN,MIL,8,9,0.0,0.47035744465074936,0.4509,MIL,MIL,1
20250622_NYM@PHI,2025-06-22,PHI,NYM,7,1,1.0,0.5626586826571695,0.5181,PHI,PHI,1
20250622_SEA@CHC,2025-06-22,CHC,SEA,6,14,0.0,0.40326384870554216,0.4024,SEA,SEA,1
20250622_TEX@PIT,2025-06-22,PIT,TEX,8,3,1.0,0.6248966685180722,0.5648,PIT,PIT,1
20250622_WSH@LAD,2025-06-22,LAD,WSH,13,7,1.0,0.5382604647531986,0.5002,LAD,LAD,1
20250621_ATL@MIA,2025-06-21,MIA,ATL,0,7,0.0,0.41977039145824663,0.4144,ATL,ATL,1
20250621_AZ@COL,2025-06-21,COL,AZ,3,5,0.0,0.3330519295319379,0.3508,AZ,AZ,1
20250621_BAL@NYY,2025-06-21,NYY,BAL,9,0,1.0,0.684844156264438,0.6115,NYY,NYY,1
20250621_BOS@SF,2025-06-21,SF,BOS,3,2,1.0,0.6103033471938458,0.5537,SF,SF,1
20250621_CIN@STL,2025-06-21,STL,CIN,6,5,1.0,0.5263223325463668,0.4915,STL,STL,1
20250621_CLE@ATH,2025-06-21,ATH,CLE,2,4,0.0,0.6201512218056106,0.5611,ATH,CLE,0
20250621_CWS@TOR,2025-06-21,TOR,CWS,7,1,1.0,0.6145620272019191,0.5569,TOR,TOR,1
20250621_DET@TB,2025-06-21,TB,DET,8,3,1.0,0.6417213745176168,0.5777,TB,TB,1
20250621_HOU@LAA,2025-06-21,LAA,HOU,9,1,1.0,0.45655330752227263,0.441,HOU,LAA,0
20250621_KC@SD,2025-06-21,SD,KC,5,1,1.0,0.47506783771671673,0.4543,KC,SD,0
20250621_MIL@MIN,2025-06-21,MIN,MIL,0,9,0.0,0.5484839046546662,0.5077,MIN,MIL,0
20250621_NYM@PHI,2025-06-21,PHI,NYM,4,11,0.0,0.5727402052715,0.5256,PHI,NYM,0
20250621_SEA@CHC,2025-06-21,CHC,SEA,10,7,1.0,0.537244679588268,0.4995,CHC,CHC,1
20250621_TEX@PIT,2025-06-21,PIT,TEX,2,3,0.0,0.5997943403606516,0.5458,PIT,TEX,0
20250621_WSH@LAD,2025-06-21,LAD,WSH,3,7,0.0,0.6710833918037421,0.6006,LAD,WSH,0
20250620_ATL@MIA,2025-06-20,MIA,ATL,6,2,1.0,0.519254511554182,0.4864,MIA,MIA,1
20250620_AZ@COL,2025-06-20,COL,AZ,8,14,0.0,0.2653271378262932,0.2992,AZ,AZ,1
20250620_BAL@NYY,2025-06-20,NYY,BAL,3,5,0.0,0.6726095496928453,0.6018,NYY,BAL,0
20250620_BOS@SF,2025-06-20,SF,BOS,5,7,0.0,0.5307238219237668,0.4947,SF,BOS,0
20250620_CIN@STL,2025-06-20,STL,CIN,6,1,1.0,0.4032888993347805,0.4024,CIN,STL,0
20250620_CLE@ATH,2025-06-20,ATH,CLE,5,1,1.0,0.4621095532938362,0.445,CLE,ATH,0
20250620_CWS@TOR,2025-06-20,TOR,CWS,1,7,0.0,0.398214653714719,0.3987,CWS,CWS,1
20250620_DET@TB,2025-06-20,TB,DET,14,8,1.0,0.5641699739182747,0.5193,TB,TB,1
20250620_HOU@LAA,2025-06-20,LAA,HOU,2,3,0.0,0.4546386150526109,0.4396,HOU,HOU,1
20250620_KC@SD,2025-06-20,SD,KC,5,6,0.0,0.6184653465279351,0.5599,SD,KC,0
20250620_MIL@MIN,2025-06-20,MIN,MIL,6,17,0.0,0.5562310305836096,0.5134,MIN,MIL,0
20250620_NYM@PHI,2025-06-20,PHI,NYM,10,2,1.0,0.5885003540367625,0.5373,PHI,PHI,1
20250620_SEA@CHC,2025-06-20,CHC,SEA,4,9,0.0,0.45702256919340095,0.4413,SEA,SEA,1
20250620_TEX@PIT,2025-06-20,PIT,TEX,2,6,0.0,0.6122437422218376,0.5552,PIT,TEX,0
20250620_WSH@LAD,2025-06-20,LAD,WSH,6,5,1.0,0.46947728433459346,0.4503,WSH,LAD,0
20250619_AZ@TOR,2025-06-19,TOR,AZ,5,9,0.0,0.4879105520256665,0.4636,AZ,AZ,1
20250619_BAL@TB,2025-06-19,TB,BAL,1,4,0.0,0.5487021503283847,0.5079,TB,BAL,0
20250619_CLE@SF,2025-06-19,SF,CLE,2,1,1.0,0.49208258632140917,0.4666,CLE,SF,0
20250619_COL@WSH,2025-06-19,WSH,COL,4,3,1.0,0.5036611128352158,0.475,WSH,WSH,1
20250619_HOU@ATH,2025-06-19,ATH,HOU,6,4,1.0,0.5365644828770629,0.499,ATH,ATH,1
20250619_KC@TEX,2025-06-19,TEX,KC,1,4,0.0,0.5956624245899098,0.5427,TEX,KC,0
20250619_LAA@NYY,2025-06-19,NYY,LAA,7,3,1.0,0.460260653582223,0.4436,LAA,NYY,0
20250619_MIL@CHC,2025-06-19,CHC,MIL,7,8,0.0,0.5167499563240981,0.4845,CHC,MIL,0
20250619_MIN@CIN,2025-06-19,CIN,MIN,5,12,0.0,0.6053530361007871,0.55,CIN,MIN,0
20250619_NYM@ATL,2025-06-19,ATL,NYM,7,1,1.0,0.6657606666793702,0.5964,ATL,ATL,1
20250619_PHI@MIA,2025-06-19,MIA,PHI,1,2,0.0,0.40958111185672663,0.407,PHI,PHI,1
20250619_PIT@DET,2025-06-19,DET,PIT,4,8,0.0,0.457968723766883,0.442,PIT,PIT,1
20250619_PIT@DET,2025-06-19,DET,PIT,9,2,1.0,0.7118760709405111,0.6335,DET,DET,1
20250619_SD@LAD,2025-06-19,LAD,SD,3,5,0.0,0.6200915420451363,0.5611,LAD,SD,0
20250619_STL@CWS,2025-06-19,CWS,STL,6,8,0.0,0.4913241379352469,0.4661,STL,STL,1
20250619_STL@CWS,2025-06-19,CWS,STL,4,5,0.0,0.4998804187648021,0.4723,STL,STL,1
20250618_AZ@TOR,2025-06-18,TOR,AZ,8,1,1.0,0.3807614445506601,0.3776,AZ,TOR,0
20250618_BAL@TB,2025-06-18,TB,BAL,12,8,1.0,0.6504494524277499,0.5778,TB,TB,1
20250618_BOS@SEA,2025-06-18,SEA,BOS,1,3,0.0,0.4590484361842308,0.4346,BOS,BOS,1
20250618_CLE@SF,2025-06-18,SF,CLE,2,4,0.0,0.5193030390502681,0.4786,SF,CLE,0
20250618_COL@WSH,2025-06-18,WSH,COL,1,3,0.0,0.6604849075601084,0.5858,WSH,COL,0
20250618_HOU@ATH,2025-06-18,ATH,HOU,4,11,0.0,0.44340145796084823,0.4233,HOU,HOU,1
20250618_KC@TEX,2025-06-18,TEX,KC,3,6,0.0,0.48653740549950664,0.4546,KC,KC,1
20250618_LAA@NYY,2025-06-18,NYY,LAA,2,3,0.0,0.621513176217998,0.5553,NYY,LAA,0
20250618_MIN@CIN,2025-06-18,CIN,MIN,4,2,1.0,0.42000572194332314,0.4062,MIN,CIN,0
20250618_NYM@ATL,2025-06-18,ATL,NYM,5,0,1.0,0.5505241179079705,0.5017,ATL,ATL,1
20250618_PHI@MIA,2025-06-18,MIA,PHI,2,4,0.0,0.5340599175567105,0.4895,MIA,PHI,0
20250618_SD@LAD,2025-06-18,LAD,SD,4,3,1.0,0.49263314923473556,0.4591,SD,LAD,0
20250617_AZ@TOR,2025-06-17,TOR,AZ,5,4,1.0,0.530349497161164,0.4867,TOR,TOR,1
20250617_BAL@TB,2025-06-17,TB,BAL,1,5,0.0,0.6286884804429068,0.5608,TB,BAL,0
20250617_BOS@SEA,2025-06-17,SEA,BOS,8,0,1.0,0.6415208478046117,0.5708,SEA,SEA,1
20250617_CLE@SF,2025-06-17,SF,CLE,2,3,0.0,0.5690362547535913,0.5155,SF,CLE,0
20250617_COL@WSH,2025-06-17,WSH,COL,6,10,0.0,0.6942475477630845,0.6131,WSH,COL,0
20250617_HOU@ATH,2025-06-17,ATH,HOU,3,13,0.0,0.41746835332187743,0.4044,HOU,HOU,1
20250617_KC@TEX,2025-06-17,TEX,KC,1,6,0.0,0.605958718635267,0.5434,TEX,KC,0
20250617_LAA@NYY,2025-06-17,NYY,LAA,0,4,0.0,0.5657406121314486,0.513,NYY,LAA,0
20250617_MIL@CHC,2025-06-17,CHC,MIL,5,3,1.0,0.5636717318619853,0.5114,CHC,CHC,1
20250617_MIN@CIN,2025-06-17,CIN,MIN,6,5,1.0,0.6224785365716494,0.556,CIN,CIN,1
20250617_NYM@ATL,2025-06-17,ATL,NYM,5,4,1.0,0.3766682711979613,0.3746,NYM,ATL,0
20250617_PHI@MIA,2025-06-17,MIA,PHI,8,3,1.0,0.49655454031611534,0.462,PHI,MIA,0
20250617_PIT@DET,2025-06-17,DET,PIT,7,3,1.0,0.7362280806164674,0.6484,DET,DET,1
20250617_SD@LAD,2025-06-17,LAD,SD,8,6,1.0,0.6083173677091533,0.5452,LAD,LAD,1
20250617_STL@CWS,2025-06-17,CWS,STL,2,12,0.0,0.5151669457738073,0.4756,CWS,STL,0
20250616_BAL@TB,2025-06-16,TB,BAL,7,1,1.0,0.6215795720558063,0.5553,TB,TB,1
20250616_BOS@SEA,2025-06-16,SEA,BOS,0,2,0.0,0.6598298247857531,0.5853,SEA,BOS,0
20250616_COL@WSH,2025-06-16,WSH,COL,4,6,0.0,0.5330455229236606,0.4887,WSH,COL,0
20250616_HOU@ATH,2025-06-16,ATH,HOU,3,1,1.0,0.6285063123999782,0.5607,ATH,ATH,1
20250616_LAA@NYY,2025-06-16,NYY,LAA,0,1,0.0,0.5810042936430535,0.5244,NYY,LAA,0
20250616_PHI@MIA,2025-06-16,MIA,PHI,2,5,0.0,0.5105387191521223,0.4722,MIA,PHI,0
20250616_SD@LAD,2025-06-16,LAD,SD,6,3,1.0,0.5265686072873772,0.484,LAD,LAD,1
20250615_ATH@KC,2025-06-15,KC,ATH,2,3,0.0,0.6055781990720472,0.5431,KC,ATH,0
20250615_CIN@DET,2025-06-15,DET,CIN,4,8,0.0,0.48299668339542534,0.4521,CIN,CIN,1
20250615_CLE@SEA,2025-06-15,SEA,CLE,6,0,1.0,0.4601374577625677,0.4354,CLE,SEA,0
20250615_COL@ATL,2025-06-15,ATL,COL,1,10,0.0,0.7599363217975704,0.6691,ATL,COL,0
20250615_CWS@TEX,2025-06-15,TEX,CWS,2,1,1.0,0.6714869557497241,0.5946,TEX,TEX,1
20250615_LAA@BAL,2025-06-15,BAL,LAA,11,2,1.0,0.5128531973730015,0.4739,BAL,BAL,1
20250615_MIA@WSH,2025-06-15,WSH,MIA,1,3,0.0,0.50388875992039,0.4673,WSH,MIA,0
20250615_MIN@HOU,2025-06-15,HOU,MIN,2,1,1.0,0.7094806695305856,0.6257,HOU,HOU,1
20250615_NYY@BOS,2025-06-15,BOS,NYY,2,0,1.0,0.40882921498695207,0.3981,NYY,BOS,0
20250615_PIT@CHC,2025-06-15,CHC,PIT,3,2,1.0,0.7016041322791711,0.6191,CHC,CHC,1
20250615_SD@AZ,2025-06-15,AZ,SD,2,8,0.0,0.49571040360517515,0.4613,SD,SD,1
20250615_SF@LAD,2025-06-15,LAD,SF,5,4,1.0,0.4915884246975348,0.4583,SF,LAD,0
20250615_STL@MIL,2025-06-15,MIL,STL,3,2,1.0,0.5997406841734068,0.5386,MIL,MIL,1
20250615_TB@NYM,2025-06-15,NYM,TB,0,9,0.0,0.5525290590039671,0.5031,NYM,TB,0
20250615_TOR@PHI,2025-06-15,PHI,TOR,11,4,1.0,0.6225197302761756,0.5561,PHI,PHI,1
20250614_ATH@KC,2025-06-14,KC,ATH,0,4,0.0,0.46138068912716734,0.4363,ATH,ATH,1
20250614_CIN@DET,2025-06-14,DET,CIN,1,11,0.0,0.5515322963697386,0.5024,DET,CIN,0
20250614_CLE@SEA,2025-06-14,SEA,CLE,4,3,1.0,0.5003166362723858,0.4647,SEA,SEA,1
20250614_COL@ATL,2025-06-14,ATL,COL,4,1,1.0,0.7590206253618421,0.6683,ATL,ATL,1
20250614_CWS@TEX,2025-06-14,TEX,CWS,5,4,1.0,0.7607416473546725,0.6699,TEX,TEX,1
20250614_LAA@BAL,2025-06-14,BAL,LAA,6,5,1.0,0.41149117360405807,0.4,LAA,BAL,0
20250614_MIA@WSH,2025-06-14,WSH,MIA,3,4,0.0,0.4929509811157012,0.4593,MIA,MIA,1
20250614_MIN@HOU,2025-06-14,HOU,MIN,3,2,1.0,0.7394883765821758,0.6512,HOU,HOU,1
20250614_NYY@BOS,2025-06-14,BOS,NYY,4,3,1.0,0.34382489115758647,0.3504,NYY,BOS,0
20250614_PIT@CHC,2025-06-14,CHC,PIT,2,1,1.0,0.6435049788579777,0.5724,CHC,CHC,1
20250614_SD@AZ,2025-06-14,AZ,SD,8,7,1.0,0.4787507458414249,0.449,SD,AZ,0
20250614_SF@LAD,2025-06-14,LAD,SF,11,5,1.0,0.4887702712206874,0.4563,SF,LAD,0
20250614_STL@MIL,2025-06-14,MIL,STL,5,8,0.0,0.6165648817746112,0.5515,MIL,STL,0
20250614_TB@NYM,2025-06-14,NYM,TB,4,8,0.0,0.6165554834242574,0.5515,NYM,TB,0
20250614_TOR@PHI,2025-06-14,PHI,TOR,3,2,1.0,0.6224736686368445,0.556,PHI,PHI,1
20250613_ATH@KC,2025-06-13,KC,ATH,4,6,0.0,0.42963955515913266,0.4133,ATH,ATH,1
20250613_CIN@DET,2025-06-13,DET,CIN,11,5,1.0,0.6338802579679741,0.5649,DET,DET,1
20250613_CLE@SEA,2025-06-13,SEA,CLE,7,2,1.0,0.39868561165508215,0.3907,CLE,SEA,0
20250613_COL@ATL,2025-06-13,ATL,COL,12,4,1.0,0.7582946970861355,0.6677,ATL,ATL,1
20250613_CWS@TEX,2025-06-13,TEX,CWS,3,1,1.0,0.7593895563638117,0.6687,TEX,TEX,1
20250613_LAA@BAL,2025-06-13,BAL,LAA,2,0,1.0,0.5751158828588705,0.52,BAL,BAL,1
20250613_MIA@WSH,2025-06-13,WSH,MIA,9,11,0.0,0.488560130322305,0.4561,MIA,MIA,1
20250613_MIN@HOU,2025-06-13,HOU,MIN,10,3,1.0,0.7693890157821389,0.6776,HOU,HOU,1
20250613_NYY@BOS,2025-06-13,BOS,NYY,2,1,1.0,0.45155780798894934,0.4292,NYY,BOS,0
20250613_PIT@CHC,2025-06-13,CHC,PIT,1,2,0.0,0.5765776213928794,0.5211,CHC,PIT,0
20250613_SD@AZ,2025-06-13,AZ,SD,5,1,1.0,0.5395096906720723,0.4935,AZ,AZ,1
20250613_SF@LAD,2025-06-13,LAD,SF,2,6,0.0,0.5388575030294595,0.493,LAD,SF,0
20250613_STL@MIL,2025-06-13,MIL,STL,3,2,1.0,0.6425102162346231,0.5716,MIL,MIL,1
20250613_TB@NYM,2025-06-13,NYM,TB,5,7,0.0,0.5517958953651276,0.5026,NYM,TB,0
20250613_TOR@PHI,2025-06-13,PHI,TOR,8,0,1.0,0.6233478015246829,0.5567,PHI,PHI,1
20250612_CWS@HOU,2025-06-12,HOU,CWS,4,3,1.0,0.8038021610795065,0.7097,HOU,HOU,1
20250612_DET@BAL,2025-06-12,BAL,DET,1,4,0.0,0.4740763078305283,0.4456,DET,DET,1
20250612_NYY@KC,2025-06-12,KC,NYY,0,1,0.0,0.3181570281296531,0.3313,NYY,NYY,1
20250612_PIT@CHC,2025-06-12,CHC,PIT,3,2,1.0,0.667124149009352,0.5911,CHC,CHC,1
20250612_SF@COL,2025-06-12,COL,SF,8,7,1.0,0.2477755253216943,0.2772,SF,COL,0
20250612_STL@MIL,2025-06-12,MIL,STL,6,0,1.0,0.6753632835825882,0.5977,MIL,MIL,1
20250612_TEX@MIN,2025-06-12,MIN,TEX,3,16,0.0,0.5810862599208289,0.5245,MIN,TEX,0
20250612_WSH@NYM,2025-06-12,NYM,WSH,4,3,1.0,0.6482068799737966,0.5761,NYM,NYM,1
20250611_ATH@LAA,2025-06-11,LAA,ATH,6,5,1.0,0.5874663903254519,0.5176,LAA,LAA,1
20250611_ATL@MIL,2025-06-11,MIL,ATL,2,6,0.0,0.6227262853648003,0.5447,MIL,ATL,0
20250611_CHC@PHI,2025-06-11,PHI,CHC,7,2,1.0,0.5120735048869791,0.4615,PHI,PHI,1
20250611_CIN@CLE,2025-06-11,CLE,CIN,11,2,1.0,0.7021831109290279,0.6087,CLE,CLE,1
20250611_CWS@HOU,2025-06-11,HOU,CWS,10,2,1.0,0.6394287578299874,0.5578,HOU,HOU,1
20250611_DET@BAL,2025-06-11,BAL,DET,10,1,1.0,0.4349628383756581,0.4055,DET,BAL,0
20250611_LAD@SD,2025-06-11,SD,LAD,2,5,0.0,0.42330058530243225,0.397,LAD,LAD,1
20250611_MIA@PIT,2025-06-11,PIT,MIA,5,2,1.0,0.5657815838663941,0.5013,PIT,PIT,1
20250611_NYY@KC,2025-06-11,KC,NYY,3,6,0.0,0.5500936160524623,0.4895,KC,NYY,0
20250611_SEA@AZ,2025-06-11,AZ,SEA,5,2,1.0,0.5875192606044602,0.5177,AZ,AZ,1
20250611_SF@COL,2025-06-11,COL,SF,7,10,0.0,0.30563542550328604,0.3112,SF,SF,1
20250611_TB@BOS,2025-06-11,BOS,TB,4,3,1.0,0.5748416434161663,0.5081,BOS,BOS,1
20250611_TEX@MIN,2025-06-11,MIN,TEX,6,2,1.0,0.6216580112544982,0.5439,MIN,MIN,1
20250611_TOR@STL,2025-06-11,STL,TOR,2,5,0.0,0.5576959021848185,0.4952,STL,TOR,0
20250611_WSH@NYM,2025-06-11,NYM,WSH,5,0,1.0,0.6898605719528319,0.5985,NYM,NYM,1
20250610_ATH@LAA,2025-06-10,LAA,ATH,2,1,1.0,0.40747465008665984,0.3856,ATH,LAA,0
20250610_ATL@MIL,2025-06-10,MIL,ATL,4,1,1.0,0.5833589660421176,0.5145,MIL,MIL,1
20250610_CHC@PHI,2025-06-10,PHI,CHC,4,8,0.0,0.4855906512579723,0.4422,CHC,CHC,1
20250610_CIN@CLE,2025-06-10,CLE,CIN,0,1,0.0,0.6134193999203248,0.5375,CLE,CIN,0
20250610_CWS@HOU,2025-06-10,HOU,CWS,2,4,0.0,0.6922708283371105,0.6005,HOU,CWS,0
20250610_DET@BAL,2025-06-10,BAL,DET,3,5,0.0,0.5380107260685927,0.4806,BAL,DET,0
20250610_LAD@SD,2025-06-10,SD,LAD,11,1,1.0,0.5640701175214896,0.5,SD,SD,1
20250610_MIA@PIT,2025-06-10,PIT,MIA,2,3,0.0,0.6204381211132253,0.5429,PIT,MIA,0
20250610_NYY@KC,2025-06-10,KC,NYY,2,10,0.0,0.49430432264449753,0.4485,NYY,NYY,1
20250610_SEA@AZ,2025-06-10,AZ,SEA,10,3,1.0,0.5594183288836952,0.4965,AZ,AZ,1
20250610_SF@COL,2025-06-10,COL,SF,5,6,0.0,0.4173342931124084,0.3927,SF,SF,1
20250610_TB@BOS,2025-06-10,BOS,TB,3,1,1.0,0.5387217199467693,0.4811,BOS,BOS,1
20250610_TEX@MIN,2025-06-10,MIN,TEX,4,16,0.0,0.6218868788676765,0.544,MIN,TEX,0
20250610_TOR@STL,2025-06-10,STL,TOR,9,10,0.0,0.5764457899035056,0.5093,STL,TOR,0
20250610_WSH@NYM,2025-06-10,NYM,WSH,5,4,1.0,0.4073686439001857,0.3855,WSH,NYM,0
20250609_ATH@LAA,2025-06-09,LAA,ATH,7,4,1.0,0.4692473105787703,0.4303,ATH,LAA,0
20250609_ATL@MIL,2025-06-09,MIL,ATL,1,7,0.0,0.6622890768412245,0.576,MIL,ATL,0
20250609_CHC@PHI,2025-06-09,PHI,CHC,4,3,1.0,0.5931801195489962,0.522,PHI,PHI,1
20250609_CIN@CLE,2025-06-09,CLE,CIN,4,7,0.0,0.5626443207640388,0.4989,CLE,CIN,0
20250609_LAD@SD,2025-06-09,SD,LAD,7,8,0.0,0.41672925550995876,0.3923,LAD,LAD,1
20250609_MIA@PIT,2025-06-09,PIT,MIA,10,3,1.0,0.6645743280698796,0.5778,PIT,PIT,1
20250609_SEA@AZ,2025-06-09,AZ,SEA,8,4,1.0,0.583822665547433,0.5148,AZ,AZ,1
20250609_TB@BOS,2025-06-09,BOS,TB,8,10,0.0,0.5031332786388604,0.4549,BOS,TB,0
20250609_TOR@STL,2025-06-09,STL,TOR,4,5,0.0,0.42968497128584454,0.4017,TOR,TOR,1
20250608_ATL@SF,2025-06-08,SF,ATL,4,3,1.0,0.6293769374534096,0.5499,SF,SF,1
20250608_AZ@CIN,2025-06-08,CIN,AZ,4,2,1.0,0.5118315714788015,0.4613,CIN,CIN,1
20250608_BAL@ATH,2025-06-08,ATH,BAL,5,1,1.0,0.47822868137975677,0.4368,BAL,ATH,0
20250608_BOS@NYY,2025-06-08,NYY,BOS,7,11,0.0,0.6061750359653567,0.5319,NYY,BOS,0
20250608_CHC@DET,2025-06-08,DET,CHC,4,0,1.0,0.6401324862826774,0.5583,DET,DET,1
20250608_HOU@CLE,2025-06-08,CLE,HOU,4,2,1.0,0.65205059095483,0.5678,CLE,CLE,1
20250608_KC@CWS,2025-06-08,CWS,KC,5,7,0.0,0.42931314469505966,0.4014,KC,KC,1
20250608_LAD@STL,2025-06-08,STL,LAD,3,7,0.0,0.3639691411846077,0.3541,LAD,LAD,1
20250608_MIA@TB,2025-06-08,TB,MIA,3,2,1.0,0.5272479387036506,0.4726,TB,TB,1
20250608_NYM@COL,2025-06-08,COL,NYM,5,13,0.0,0.3896512833446131,0.3727,NYM,NYM,1
20250608_PHI@PIT,2025-06-08,PIT,PHI,2,1,1.0,0.5535189060906496,0.4921,PIT,PIT,1
20250608_SD@MIL,2025-06-08,MIL,SD,0,1,0.0,0.5891093331274736,0.5189,MIL,SD,0
20250608_SEA@LAA,2025-06-08,LAA,SEA,2,3,0.0,0.5761830312345286,0.5091,LAA,SEA,0
20250608_TEX@WSH,2025-06-08,WSH,TEX,2,4,0.0,0.41890769764699426,0.3939,TEX,TEX,1
20250608_TOR@MIN,2025-06-08,MIN,TOR,6,3,1.0,0.5707125180856711,0.505,MIN,MIN,1
20250607_ATL@SF,2025-06-07,SF,ATL,3,2,1.0,0.6485737158487674,0.565,SF,SF,1
20250607_AZ@CIN,2025-06-07,CIN,AZ,13,1,1.0,0.6009315636614635,0.5279,CIN,CIN,1
20250607_BAL@ATH,2025-06-07,ATH,BAL,4,7,0.0,0.47784107139315735,0.4365,BAL,BAL,1
20250607_BOS@NYY,2025-06-07,NYY,BOS,7,10,0.0,0.49584983817356343,0.4496,BOS,BOS,1
20250607_CHC@DET,2025-06-07,DET,CHC,1,6,0.0,0.5999294768430499,0.5271,DET,CHC,0
20250607_HOU@CLE,2025-06-07,CLE,HOU,3,5,0.0,0.5924417178499835,0.5214,CLE,HOU,0
20250607_KC@CWS,2025-06-07,CWS,KC,4,1,1.0,0.4641147393368163,0.4266,KC,CWS,0
20250607_LAD@STL,2025-06-07,STL,LAD,2,1,1.0,0.4079223473413607,0.3859,LAD,STL,0
20250607_MIA@TB,2025-06-07,TB,MIA,10,11,0.0,0.5464619818140735,0.4868,TB,MIA,0
20250607_NYM@COL,2025-06-07,COL,NYM,1,8,0.0,0.4320883467924334,0.4034,NYM,NYM,1
20250607_PHI@PIT,2025-06-07,PIT,PHI,2,1,1.0,0.5301999594384316,0.4748,PIT,PIT,1
20250607_SD@MIL,2025-06-07,MIL,SD,4,3,1.0,0.6190094183830283,0.5418,MIL,MIL,1
20250607_SEA@LAA,2025-06-07,LAA,SEA,8,6,1.0,0.5321180362604833,0.4762,LAA,LAA,1
20250607_TEX@WSH,2025-06-07,WSH,TEX,0,5,0.0,0.6278919071430877,0.5487,WSH,TEX,0
20250607_TOR@MIN,2025-06-07,MIN,TOR,4,5,0.0,0.5598899041920058,0.4968,MIN,TOR,0
20250606_ATL@SF,2025-06-06,SF,ATL,5,4,1.0,0.5457191484824534,0.4863,SF,SF,1
20250606_AZ@CIN,2025-06-06,CIN,AZ,4,3,1.0,0.475424713322523,0.4348,AZ,CIN,0
20250606_BAL@ATH,2025-06-06,ATH,BAL,5,4,1.0,0.4939782616564446,0.4483,BAL,ATH,0
20250606_BOS@NYY,2025-06-06,NYY,BOS,9,6,1.0,0.5845707614751715,0.5154,NYY,NYY,1
20250606_CHC@DET,2025-06-06,DET,CHC,3,1,1.0,0.6089123016010942,0.534,DET,DET,1
20250606_HOU@CLE,2025-06-06,CLE,HOU,2,4,0.0,0.5307328832066148,0.4752,CLE,HOU,0
20250606_KC@CWS,2025-06-06,CWS,KC,7,2,1.0,0.45621326905318993,0.4208,KC,CWS,0
20250606_LAD@STL,2025-06-06,STL,LAD,5,0,1.0,0.4786916924416881,0.4371,LAD,STL,0
20250606_MIA@TB,2025-06-06,TB,MIA,4,3,1.0,0.5090913100733414,0.4593,TB,TB,1
20250606_NYM@COL,2025-06-06,COL,NYM,2,4,0.0,0.4094358857778424,0.387,NYM,NYM,1
20250606_PHI@PIT,2025-06-06,PIT,PHI,5,4,1.0,0.4726944501862532,0.4328,PHI,PIT,0
20250606_SD@MIL,2025-06-06,MIL,SD,0,2,0.0,0.6929522685691214,0.601,MIL,SD,0
20250606_SEA@LAA,2025-06-06,LAA,SEA,5,4,1.0,0.6518517596876503,0.5676,LAA,LAA,1
20250606_TEX@WSH,2025-06-06,WSH,TEX,2,0,1.0,0.5542903660267503,0.4927,WSH,WSH,1
20250606_TOR@MIN,2025-06-06,MIN,TOR,4,6,0.0,0.45456575399362315,0.4196,TOR,TOR,1
20250605_AZ@ATL,2025-06-05,ATL,AZ,10,11,0.0,0.4560022419383768,0.4207,AZ,AZ,1
20250605_BAL@SEA,2025-06-05,SEA,BAL,3,4,0.0,0.4270122030277166,0.3997,BAL,BAL,1
20250605_CHC@WSH,2025-06-05,WSH,CHC,1,7,0.0,0.4825287199425782,0.4399,CHC,CHC,1
20250605_CLE@NYY,2025-06-05,NYY,CLE,4,0,1.0,0.4261359560287458,0.3991,CLE,NYY,0
20250605_DET@CWS,2025-06-05,CWS,DET,3,2,1.0,0.41024391253689263,0.3876,DET,CWS,0
20250605_HOU@PIT,2025-06-05,PIT,HOU,2,8,0.0,0.6017633823018858,0.5285,PIT,HOU,0
20250605_KC@STL,2025-06-05,STL,KC,6,5,1.0,0.5042179268695234,0.4557,STL,STL,1
20250605_KC@STL,2025-06-05,STL,KC,5,7,0.0,0.38545588763095723,0.3697,KC,KC,1
20250605_MIN@ATH,2025-06-05,ATH,MIN,14,3,1.0,0.6060024918707467,0.5318,ATH,ATH,1
20250605_NYM@LAD,2025-06-05,LAD,NYM,6,5,1.0,0.4656961002208039,0.4277,NYM,LAD,0
20250605_PHI@TOR,2025-06-05,TOR,PHI,9,1,1.0,0.6146411379709804,0.5384,TOR,TOR,1
20250605_SD@SF,2025-06-05,SF,SD,3,2,1.0,0.5822887835774924,0.5137,SF,SF,1
20250605_TEX@TB,2025-06-05,TB,TEX,4,3,1.0,0.645967490326456,0.5629,TB,TB,1
20250604_AZ@ATL,2025-06-04,ATL,AZ,1,2,0.0,0.4962105528111014,0.4553,AZ,AZ,1
20250604_BAL@SEA,2025-06-04,SEA,BAL,2,3,0.0,0.48985868155444423,0.4505,BAL,BAL,1
20250604_CHC@WSH,2025-06-04,WSH,CHC,2,0,1.0,0.5295741308042282,0.4806,WSH,WSH,1
20250604_CLE@NYY,2025-06-04,NYY,CLE,0,4,0.0,0.5286932848276447,0.4799,NYY,CLE,0
20250604_COL@MIA,2025-06-04,MIA,COL,2,3,0.0,0.7256688845701272,0.6397,MIA,COL,0
20250604_DET@CWS,2025-06-04,CWS,DET,4,5,0.0,0.5163700620280585,0.4706,CWS,DET,0
20250604_HOU@PIT,2025-06-04,PIT,HOU,3,0,1.0,0.4451776275792215,0.4168,HOU,PIT,0
20250604_LAA@BOS,2025-06-04,BOS,LAA,11,9,1.0,0.5685577525603603,0.5106,BOS,BOS,1
20250604_MIL@CIN,2025-06-04,CIN,MIL,1,9,0.0,0.6412550940649869,0.5683,CIN,MIL,0
20250604_MIN@ATH,2025-06-04,ATH,MIN,1,6,0.0,0.5075636803924349,0.4639,ATH,MIN,0
20250604_NYM@LAD,2025-06-04,LAD,NYM,1,6,0.0,0.5026299843067352,0.4601,LAD,NYM,0
20250604_PHI@TOR,2025-06-04,TOR,PHI,2,1,1.0,0.4083124976107906,0.3892,PHI,TOR,0
20250604_SD@SF,2025-06-04,SF,SD,6,5,1.0,0.671484772340116,0.5932,SF,SF,1
20250604_TEX@TB,2025-06-04,TB,TEX,5,4,1.0,0.593353708867807,0.53,TB,TB,1
20250603_AZ@ATL,2025-06-03,ATL,AZ,3,8,0.0,0.485667035901355,0.4473,AZ,AZ,1
20250603_BAL@SEA,2025-06-03,SEA,BAL,1,5,0.0,0.6453042663058056,0.5716,SEA,BAL,0
20250603_CHC@WSH,2025-06-03,WSH,CHC,3,8,0.0,0.5891882515562148,0.5268,WSH,CHC,0
20250603_CLE@NYY,2025-06-03,NYY,CLE,3,2,1.0,0.46869131855290236,0.4345,CLE,NYY,0
20250603_COL@MIA,2025-06-03,MIA,COL,2,3,0.0,0.6520178758122139,0.5771,MIA,COL,0
20250603_DET@CWS,2025-06-03,CWS,DET,8,1,1.0,0.48330156553800124,0.4455,DET,CWS,0
20250603_HOU@PIT,2025-06-03,PIT,HOU,0,3,0.0,0.3312789649118722,0.331,HOU,HOU,1
20250603_KC@STL,2025-06-03,STL,KC,7,10,0.0,0.6234841265542594,0.554,STL,KC,0
20250603_LAA@BOS,2025-06-03,BOS,LAA,3,4,0.0,0.44722279094780126,0.4184,LAA,LAA,1
20250603_MIL@CIN,2025-06-03,CIN,MIL,4,2,1.0,0.5430342419645142,0.4909,CIN,CIN,1
20250603_MIN@ATH,2025-06-03,ATH,MIN,3,10,0.0,0.5718496804525577,0.5132,ATH,MIN,0
20250603_NYM@LAD,2025-06-03,LAD,NYM,6,5,1.0,0.5259709618252218,0.4779,LAD,LAD,1
20250603_PHI@TOR,2025-06-03,TOR,PHI,3,8,0.0,0.5371397390974976,0.4864,TOR,PHI,0
20250603_SD@SF,2025-06-03,SF,SD,2,3,0.0,0.7641126380950019,0.6745,SF,SD,0
20250603_TEX@TB,2025-06-03,TB,TEX,5,1,1.0,0.5484529385940226,0.4951,TB,TB,1
20250602_COL@MIA,2025-06-02,MIA,COL,4,6,0.0,0.7551559317168883,0.6662,MIA,COL,0
20250602_DET@CWS,2025-06-02,CWS,DET,1,13,0.0,0.4406686387966802,0.4134,DET,DET,1
20250602_LAA@BOS,2025-06-02,BOS,LAA,6,7,0.0,0.5146813467200155,0.4693,BOS,LAA,0
20250602_MIL@CIN,2025-06-02,CIN,MIL,2,3,0.0,0.4943994868645912,0.4539,MIL,MIL,1
20250602_MIN@ATH,2025-06-02,ATH,MIN,4,10,0.0,0.40238780240813565,0.3847,MIN,MIN,1
20250602_NYM@LAD,2025-06-02,LAD,NYM,3,4,0.0,0.6816112376086065,0.6017,LAD,NYM,0
20250602_SD@SF,2025-06-02,SF,SD,0,1,0.0,0.7087035080344443,0.6248,SF,SD,0
20250601_ATH@TOR,2025-06-01,TOR,ATH,8,4,1.0,0.5571790007962287,0.5018,TOR,TOR,1
20250601_BOS@ATL,2025-06-01,ATL,BOS,1,3,0.0,0.5711142804758089,0.5126,ATL,BOS,0
20250601_CIN@CHC,2025-06-01,CHC,CIN,7,3,1.0,0.6704009147211564,0.5923,CHC,CHC,1
20250601_COL@NYM,2025-06-01,NYM,COL,5,3,1.0,0.8025808840281908,0.7113,NYM,NYM,1
20250601_CWS@BAL,2025-06-01,BAL,CWS,3,2,1.0,0.6481087169977539,0.5739,BAL,BAL,1
20250601_DET@KC,2025-06-01,KC,DET,0,1,0.0,0.5158251336189718,0.4701,KC,DET,0
20250601_LAA@CLE,2025-06-01,CLE,LAA,4,2,1.0,0.674314763049908,0.5956,CLE,CLE,1
20250601_MIL@PHI,2025-06-01,PHI,MIL,2,5,0.0,0.6514053961235293,0.5766,PHI,MIL,0
20250601_MIN@SEA,2025-06-01,SEA,MIN,2,1,1.0,0.5859990505854186,0.5243,SEA,SEA,1
20250601_NYY@LAD,2025-06-01,LAD,NYY,3,7,0.0,0.5924640675806647,0.5293,LAD,NYY,0
20250601_PIT@SD,2025-06-01,SD,PIT,6,4,1.0,0.6295081373228799,0.5588,SD,SD,1
20250601_SF@MIA,2025-06-01,MIA,SF,2,4,0.0,0.5173822729617815,0.4713,MIA,SF,0
20250601_STL@TEX,2025-06-01,TEX,STL,8,1,1.0,0.5424515697818736,0.4905,TEX,TEX,1
20250601_TB@HOU,2025-06-01,HOU,TB,1,0,1.0,0.48874629637932143,0.4496,TB,HOU,0
20250601_WSH@AZ,2025-06-01,AZ,WSH,3,1,1.0,0.5234465761875786,0.4759,AZ,AZ,1
20250531_ATH@TOR,2025-05-31,TOR,ATH,8,7,1.0,0.6303667304430003,0.5595,TOR,TOR,1
20250531_BOS@ATL,2025-05-31,ATL,BOS,5,0,1.0,0.5960610731209239,0.5322,ATL,ATL,1
20250531_CIN@CHC,2025-05-31,CHC,CIN,2,0,1.0,0.6769109425730145,0.5978,CHC,CHC,1
20250531_COL@NYM,2025-05-31,NYM,COL,8,2,1.0,0.8191942792252954,0.728,NYM,NYM,1
20250531_CWS@BAL,2025-05-31,BAL,CWS,4,2,1.0,0.5489269589191618,0.4955,BAL,BAL,1
20250531_DET@KC,2025-05-31,KC,DET,1,0,1.0,0.28274657731064795,0.2936,DET,KC,0
20250531_LAA@CLE,2025-05-31,CLE,LAA,7,5,1.0,0.5032315240831338,0.4606,CLE,CLE,1
20250531_MIL@PHI,2025-05-31,PHI,MIL,7,17,0.0,0.6587065756298758,0.5826,PHI,MIL,0
20250531_MIN@SEA,2025-05-31,SEA,MIN,5,4,1.0,0.5748409698263647,0.5155,SEA,SEA,1
20250531_NYY@LAD,2025-05-31,LAD,NYY,18,2,1.0,0.5435163088936467,0.4913,LAD,LAD,1
20250531_PIT@SD,2025-05-31,SD,PIT,0,5,0.0,0.6559682730638876,0.5804,SD,PIT,0
20250531_SF@MIA,2025-05-31,MIA,SF,1,0,1.0,0.5240541100135707,0.4764,MIA,MIA,1
20250531_STL@TEX,2025-05-31,TEX,STL,0,2,0.0,0.3446560562800386,0.3412,STL,STL,1
20250531_TB@HOU,2025-05-31,HOU,TB,3,16,0.0,0.5951067881948389,0.5314,HOU,TB,0
20250531_WSH@AZ,2025-05-31,AZ,WSH,7,11,0.0,0.41519068042258817,0.3943,WSH,WSH,1
20250530_ATH@TOR,2025-05-30,TOR,ATH,11,7,1.0,0.6230102205451987,0.5536,TOR,TOR,1
20250530_BOS@ATL,2025-05-30,ATL,BOS,1,5,0.0,0.5787229057960582,0.5186,ATL,BOS,0
20250530_CIN@CHC,2025-05-30,CHC,CIN,2,6,0.0,0.5445905633786241,0.4921,CHC,CIN,0
20250530_COL@NYM,2025-05-30,NYM,COL,4,2,1.0,0.8250779447728441,0.734,NYM,NYM,1
20250530_CWS@BAL,2025-05-30,BAL,CWS,2,1,1.0,0.42316197620000384,0.4003,CWS,BAL,0
20250530_DET@KC,2025-05-30,KC,DET,5,7,0.0,0.5146077479263874,0.4692,KC,DET,0
20250530_LAA@CLE,2025-05-30,CLE,LAA,1,4,0.0,0.6966041066366611,0.6144,CLE,LAA,0
20250530_MIL@PHI,2025-05-30,PHI,MIL,2,6,0.0,0.5981643223286752,0.5338,PHI,MIL,0
20250530_MIN@SEA,2025-05-30,SEA,MIN,6,12,0.0,0.4717795657739071,0.4368,MIN,MIN,1
20250530_NYY@LAD,2025-05-30,LAD,NYY,8,5,1.0,0.6418150957537401,0.5688,LAD,LAD,1
20250530_PIT@SD,2025-05-30,SD,PIT,3,2,1.0,0.6969303880117262,0.6147,SD,SD,1
20250530_SF@MIA,2025-05-30,MIA,SF,0,2,0.0,0.4994474694153302,0.4577,SF,SF,1
20250530_STL@TEX,2025-05-30,TEX,STL,11,1,1.0,0.5154661771942795,0.4699,TEX,TEX,1
20250530_TB@HOU,2025-05-30,HOU,TB,2,1,1.0,0.5955804574997113,0.5318,HOU,HOU,1
20250530_WSH@AZ,2025-05-30,AZ,WSH,7,9,0.0,0.4821818891693213,0.4447,WSH,WSH,1
20250529_ATH@TOR,2025-05-29,TOR,ATH,12,0,1.0,0.6212291712845173,0.5522,TOR,TOR,1
20250529_ATL@PHI,2025-05-29,PHI,ATL,5,4,1.0,0.7052258880833222,0.6218,PHI,PHI,1
20250529_ATL@PHI,2025-05-29,PHI,ATL,3,9,0.0,0.6435868787560138,0.5702,PHI,ATL,0
20250529_TB@HOU,2025-05-29,HOU,TB,3,13,0.0,0.5498747577952782,0.4962,HOU,TB,0
20250529_WSH@SEA,2025-05-29,SEA,WSH,3,9,0.0,0.45419624519810065,0.4236,WSH,WSH,1
20250528_ATH@HOU,2025-05-28,HOU,ATH,5,3,1.0,0.5927950082288942,0.5111,HOU,HOU,1
20250528_BOS@MIL,2025-05-28,MIL,BOS,6,5,1.0,0.5814960928646037,0.5017,MIL,MIL,1
20250528_CIN@KC,2025-05-28,KC,CIN,3,2,1.0,0.4235413544517255,0.3761,CIN,KC,0
20250528_COL@CHC,2025-05-28,CHC,COL,2,1,1.0,0.7277579131098291,0.6304,CHC,CHC,1
20250528_CWS@NYM,2025-05-28,NYM,CWS,4,9,0.0,0.7263176623231583,0.629,NYM,CWS,0
20250528_LAD@CLE,2025-05-28,CLE,LAD,7,4,1.0,0.555286750160676,0.4802,CLE,CLE,1
20250528_MIA@SD,2025-05-28,SD,MIA,8,10,0.0,0.7016894404426746,0.6061,SD,MIA,0
20250528_MIN@TB,2025-05-28,TB,MIN,5,0,1.0,0.42417175985228256,0.3766,MIN,TB,0
20250528_NYY@LAA,2025-05-28,LAA,NYY,0,1,0.0,0.4452360789407747,0.3929,NYY,NYY,1
20250528_PIT@AZ,2025-05-28,AZ,PIT,1,10,0.0,0.6594349442104894,0.5681,AZ,PIT,0
20250528_SF@DET,2025-05-28,DET,SF,4,3,1.0,0.5100012415786367,0.4438,DET,DET,1
20250528_STL@BAL,2025-05-28,BAL,STL,4,6,0.0,0.5112857274975311,0.4448,BAL,STL,0
20250528_TOR@TEX,2025-05-28,TEX,TOR,0,2,0.0,0.6301929543639355,0.5427,TEX,TOR,0
20250528_WSH@SEA,2025-05-28,SEA,WSH,0,9,0.0,0.6256954176976715,0.5389,SEA,WSH,0
20250527_ATH@HOU,2025-05-27,HOU,ATH,11,1,1.0,0.6866136910908549,0.5923,HOU,HOU,1
20250527_ATL@PHI,2025-05-27,PHI,ATL,2,0,1.0,0.5367276827215364,0.4652,PHI,PHI,1
20250527_BOS@MIL,2025-05-27,MIL,BOS,5,1,1.0,0.5307983150934157,0.4604,MIL,MIL,1
20250527_CIN@KC,2025-05-27,KC,CIN,2,7,0.0,0.6258438846705003,0.539,KC,CIN,0
20250527_COL@CHC,2025-05-27,CHC,COL,4,3,1.0,0.6067987961936513,0.5228,CHC,CHC,1
20250527_CWS@NYM,2025-05-27,NYM,CWS,6,4,1.0,0.7317261556916358,0.6341,NYM,NYM,1
20250527_LAD@CLE,2025-05-27,CLE,LAD,5,9,0.0,0.38246604053875477,0.3444,LAD,LAD,1
20250527_MIA@SD,2025-05-27,SD,MIA,8,6,1.0,0.7019066413853158,0.6063,SD,SD,1
20250527_MIN@TB,2025-05-27,TB,MIN,2,4,0.0,0.4807544797487163,0.4207,MIN,MIN,1
20250527_NYY@LAA,2025-05-27,LAA,NYY,2,3,0.0,0.3815366675269015,0.3437,NYY,NYY,1
20250527_PIT@AZ,2025-05-27,AZ,PIT,6,9,0.0,0.7148146520780816,0.6182,AZ,PIT,0
20250527_SF@DET,2025-05-27,DET,SF,3,1,1.0,0.5150592869452137,0.4478,DET,DET,1
20250527_STL@BAL,2025-05-27,BAL,STL,4,7,0.0,0.5533998465367697,0.4787,BAL,STL,0
20250527_TOR@TEX,2025-05-27,TEX,TOR,2,0,1.0,0.5625441441410257,0.4861,TEX,TEX,1
20250527_WSH@SEA,2025-05-27,SEA,WSH,9,1,1.0,0.5887556320757925,0.5077,SEA,SEA,1
20250526_BOS@MIL,2025-05-26,MIL,BOS,3,2,1.0,0.5246821309461669,0.4555,MIL,MIL,1
20250526_CIN@KC,2025-05-26,KC,CIN,4,7,0.0,0.7153785595209962,0.6187,KC,CIN,0
20250526_COL@CHC,2025-05-26,CHC,COL,3,1,1.0,0.6890264953950131,0.5945,CHC,CHC,1
20250526_CWS@NYM,2025-05-26,NYM,CWS,2,1,1.0,0.8110804254306794,0.7141,NYM,NYM,1
20250526_LAD@CLE,2025-05-26,CLE,LAD,2,7,0.0,0.37246285442930677,0.3367,LAD,LAD,1
20250526_MIA@SD,2025-05-26,SD,MIA,4,3,1.0,0.6123838014951489,0.5275,SD,SD,1
20250526_MIN@TB,2025-05-26,TB,MIN,7,2,1.0,0.5229435141774145,0.4541,TB,TB,1
20250526_NYY@LAA,2025-05-26,LAA,NYY,1,5,0.0,0.4113476554957514,0.3667,NYY,NYY,1
20250526_PIT@AZ,2025-05-26,AZ,PIT,5,0,1.0,0.594684764647641,0.5127,AZ,AZ,1
20250526_SF@DET,2025-05-26,DET,SF,3,1,1.0,0.4900018193269048,0.428,SF,DET,0
20250526_STL@BAL,2025-05-26,BAL,STL,5,2,1.0,0.47949297702065447,0.4197,STL,BAL,0
20250526_TOR@TEX,2025-05-26,TEX,TOR,1,2,0.0,0.5461109152197403,0.4728,TEX,TOR,0
20250525_AZ@STL,2025-05-25,STL,AZ,4,3,1.0,0.48252264086433017,0.4221,AZ,STL,0
20250525_BAL@BOS,2025-05-25,BOS,BAL,1,5,0.0,0.5009450529016709,0.4366,BOS,BAL,0
20250525_CHC@CIN,2025-05-25,CIN,CHC,8,11,0.0,0.37166777490064634,0.3361,CHC,CHC,1
20250525_CLE@DET,2025-05-25,DET,CLE,5,0,1.0,0.6121709413638906,0.5274,DET,DET,1
20250525_KC@MIN,2025-05-25,MIN,KC,1,2,0.0,0.5069782196308452,0.4414,MIN,KC,0
20250525_LAD@NYM,2025-05-25,NYM,LAD,3,1,1.0,0.4671887416315681,0.41,LAD,NYM,0
20250525_MIA@LAA,2025-05-25,LAA,MIA,0,3,0.0,0.5408168087333047,0.4685,LAA,MIA,0
20250525_MIL@PIT,2025-05-25,PIT,MIL,5,6,0.0,0.5474728880408575,0.4739,PIT,MIL,0
20250525_NYY@COL,2025-05-25,COL,NYY,4,5,0.0,0.25955623158183416,0.2493,NYY,NYY,1
20250525_PHI@ATH,2025-05-25,ATH,PHI,5,4,1.0,0.31479930092357805,0.2923,PHI,ATH,0
20250525_SD@ATL,2025-05-25,ATL,SD,3,5,0.0,0.5047992435033175,0.4397,ATL,SD,0
20250525_SEA@HOU,2025-05-25,HOU,SEA,5,3,1.0,0.6174188808552438,0.5318,HOU,HOU,1
20250525_SF@WSH,2025-05-25,WSH,SF,2,3,0.0,0.5699436904375654,0.4922,WSH,SF,0
20250525_TEX@CWS,2025-05-25,CWS,TEX,4,5,0.0,0.49577803889747263,0.4325,TEX,TEX,1
20250525_TOR@TB,2025-05-25,TB,TOR,13,0,1.0,0.47719737202592943,0.4179,TOR,TB,0
20250524_AZ@STL,2025-05-24,STL,AZ,6,5,1.0,0.6731294617493553,0.5802,STL,STL,1
20250524_BAL@BOS,2025-05-24,BOS,BAL,1,2,0.0,0.6448007466775756,0.5553,BOS,BAL,0
20250524_BAL@BOS,2025-05-24,BOS,BAL,6,5,1.0,0.5405322476837515,0.4683,BOS,BOS,1
20250524_CHC@CIN,2025-05-24,CIN,CHC,6,4,1.0,0.5386577067243616,0.4667,CIN,CIN,1
20250524_CLE@DET,2025-05-24,DET,CLE,5,7,0.0,0.4444461951065446,0.3923,CLE,CLE,1
20250524_KC@MIN,2025-05-24,MIN,KC,5,4,1.0,0.7079415987984434,0.6118,MIN,MIN,1
20250524_LAD@NYM,2025-05-24,NYM,LAD,5,2,1.0,0.41954655922688694,0.373,LAD,NYM,0
20250524_MIA@LAA,2025-05-24,LAA,MIA,2,6,0.0,0.6054766484540802,0.5217,LAA,MIA,0
20250524_MIL@PIT,2025-05-24,PIT,MIL,2,1,1.0,0.4539718941815193,0.3997,MIL,PIT,0
20250524_NYY@COL,2025-05-24,COL,NYY,1,13,0.0,0.3602592689838683,0.3273,NYY,NYY,1
20250524_PHI@ATH,2025-05-24,ATH,PHI,6,9,0.0,0.34530639496742177,0.3158,PHI,PHI,1
20250524_SD@ATL,2025-05-24,ATL,SD,7,1,1.0,0.638108253355088,0.5495,ATL,ATL,1
20250524_SEA@HOU,2025-05-24,HOU,SEA,2,1,1.0,0.6301672228234678,0.5427,HOU,HOU,1
20250524_SF@WSH,2025-05-24,WSH,SF,3,0,1.0,0.41191114385477934,0.3671,SF,WSH,0
20250524_TEX@CWS,2025-05-24,CWS,TEX,10,5,1.0,0.6496280452299577,0.5595,CWS,CWS,1
20250524_TOR@TB,2025-05-24,TB,TOR,3,1,1.0,0.400327698418322,0.3582,TOR,TB,0
20250523_AZ@STL,2025-05-23,STL,AZ,4,3,1.0,0.5346437971632928,0.4635,STL,STL,1
20250523_BAL@BOS,2025-05-23,BOS,BAL,19,5,1.0,0.6116857913067775,0.527,BOS,BOS,1
20250523_CHC@CIN,2025-05-23,CIN,CHC,6,13,0.0,0.501758397068979,0.4373,CIN,CHC,0
20250523_CLE@DET,2025-05-23,DET,CLE,1,3,0.0,0.4083104102558272,0.3643,CLE,CLE,1
20250523_KC@MIN,2025-05-23,MIN,KC,3,1,1.0,0.656346950545579,0.5654,MIN,MIN,1
20250523_LAD@NYM,2025-05-23,NYM,LAD,5,7,0.0,0.39386139135570786,0.3532,LAD,LAD,1
20250523_MIA@LAA,2025-05-23,LAA,MIA,7,4,1.0,0.5440517445851393,0.4711,LAA,LAA,1
20250523_MIL@PIT,2025-05-23,PIT,MIL,6,5,1.0,0.4697130282969556,0.412,MIL,PIT,0
20250523_NYY@COL,2025-05-23,COL,NYY,3,2,1.0,0.3285873618987841,0.3029,NYY,COL,0
20250523_PHI@ATH,2025-05-23,ATH,PHI,3,4,0.0,0.4221724218922795,0.375,PHI,PHI,1
20250523_SD@ATL,2025-05-23,ATL,SD,1,2,0.0,0.6430915432821994,0.5538,ATL,SD,0
20250523_SEA@HOU,2025-05-23,HOU,SEA,3,5,0.0,0.5271003494887828,0.4575,HOU,SEA,0
20250523_SF@WSH,2025-05-23,WSH,SF,0,4,0.0,0.4625008699535325,0.4064,SF,SF,1
20250523_TEX@CWS,2025-05-23,CWS,TEX,4,1,1.0,0.5051473957935216,0.4399,CWS,CWS,1
20250523_TOR@TB,2025-05-23,TB,TOR,3,1,1.0,0.5546412969839575,0.4797,TB,TB,1
20250522_ATL@WSH,2025-05-22,WSH,ATL,8,7,1.0,0.6310810388256636,0.5435,WSH,WSH,1
20250522_CLE@DET,2025-05-22,DET,CLE,0,7,0.0,0.6704984585781326,0.5779,DET,CLE,0
20250522_LAA@ATH,2025-05-22,ATH,LAA,5,10,0.0,0.48943812828678857,0.4275,LAA,LAA,1
20250522_MIL@PIT,2025-05-22,PIT,MIL,5,8,0.0,0.4814918626411312,0.4213,MIL,MIL,1
20250522_PHI@COL,2025-05-22,COL,PHI,0,2,0.0,0.2373532740944299,0.2318,PHI,PHI,1
20250522_SD@TOR,2025-05-22,TOR,SD,7,6,1.0,0.5493818196087235,0.4754,TOR,TOR,1
20250522_SEA@HOU,2025-05-22,HOU,SEA,9,2,1.0,0.5324543107501791,0.4617,HOU,HOU,1
20250522_TEX@NYY,2025-05-22,NYY,TEX,1,0,1.0,0.5916300013410645,0.5101,NYY,NYY,1
20250521_AZ@LAD,2025-05-21,LAD,AZ,3,1,1.0,0.5500084448894073,0.55,LAD,LAD,1
20250521_BAL@MIL,2025-05-21,MIL,BAL,4,8,0.0,0.5842653689279449,0.5843,MIL,BAL,0
20250521_CHC@MIA,2025-05-21,MIA,CHC,1,2,0.0,0.49922422035746405,0.4992,CHC,CHC,1
20250521_CIN@PIT,2025-05-21,PIT,CIN,3,1,1.0,0.5174581471993586,0.5175,PIT,PIT,1
20250521_CLE@MIN,2025-05-21,MIN,CLE,1,5,0.0,0.39781456607472354,0.3978,CLE,CLE,1
20250521_DET@STL,2025-05-21,STL,DET,1,5,0.0,0.36069590951115826,0.3607,DET,DET,1
20250521_HOU@TB,2025-05-21,TB,HOU,8,4,1.0,0.4823711574378411,0.4824,HOU,TB,0
20250521_KC@SF,2025-05-21,SF,KC,4,8,0.0,0.6097408285787418,0.6097,SF,KC,0
20250521_LAA@ATH,2025-05-21,ATH,LAA,5,10,0.0,0.6367377400407053,0.6367,ATH,LAA,0
20250521_NYM@BOS,2025-05-21,BOS,NYM,1,5,0.0,0.47981880729638815,0.4798,NYM,NYM,1
20250521_PHI@COL,2025-05-21,COL,PHI,5,9,0.0,0.30852725254109004,0.3085,PHI,PHI,1
20250521_SD@TOR,2025-05-21,TOR,SD,14,0,1.0,0.5706718401299837,0.5707,TOR,TOR,1
20250521_SEA@CWS,2025-05-21,CWS,SEA,5,6,0.0,0.3467268211400253,0.3467,SEA,SEA,1
20250521_TEX@NYY,2025-05-21,NYY,TEX,4,3,1.0,0.5897030692676434,0.5897,NYY,NYY,1
20250520_ATL@WSH,2025-05-20,WSH,ATL,5,3,1.0,0.4273389645047712,0.4273,ATL,WSH,0
20250520_AZ@LAD,2025-05-20,LAD,AZ,4,3,1.0,0.6145707674984002,0.6146,LAD,LAD,1
20250520_BAL@MIL,2025-05-20,MIL,BAL,5,2,1.0,0.6453171177604713,0.6453,MIL,MIL,1
20250520_CHC@MIA,2025-05-20,MIA,CHC,1,14,0.0,0.6362970559625145,0.6363,MIA,CHC,0
20250520_CIN@PIT,2025-05-20,PIT,CIN,1,0,1.0,0.4222245776502469,0.4222,CIN,PIT,0
20250520_DET@STL,2025-05-20,STL,DET,4,5,0.0,0.2644300699246911,0.2644,DET,DET,1
20250520_HOU@TB,2025-05-20,TB,HOU,3,2,1.0,0.5420187655545213,0.542,TB,TB,1
20250520_KC@SF,2025-05-20,SF,KC,3,2,1.0,0.5468523522485971,0.5469,SF,SF,1
20250520_LAA@ATH,2025-05-20,ATH,LAA,5,7,0.0,0.6232112789778549,0.6232,ATH,LAA,0
20250520_NYM@BOS,2025-05-20,BOS,NYM,2,0,1.0,0.4752907004009395,0.4753,NYM,BOS,0
20250520_PHI@COL,2025-05-20,COL,PHI,4,7,0.0,0.32522560815441404,0.3252,PHI,PHI,1
20250520_SD@TOR,2025-05-20,TOR,SD,3,0,1.0,0.41815417704311525,0.4182,SD,TOR,0
20250520_SEA@CWS,2025-05-20,CWS,SEA,1,0,1.0,0.5183423514514337,0.5183,CWS,CWS,1
20250520_TEX@NYY,2025-05-20,NYY,TEX,5,2,1.0,0.6488404128739558,0.6488,NYY,NYY,1
20250519_AZ@LAD,2025-05-19,LAD,AZ,5,9,0.0,0.6578868319591744,0.6579,LAD,AZ,0
20250519_BAL@MIL,2025-05-19,MIL,BAL,5,4,1.0,0.6426431487228192,0.6426,MIL,MIL,1
20250519_CHC@MIA,2025-05-19,MIA,CHC,8,7,1.0,0.5878239871938723,0.5878,MIA,MIA,1
20250519_CIN@PIT,2025-05-19,PIT,CIN,1,7,0.0,0.5657387285600551,0.5657,PIT,CIN,0
20250519_CLE@MIN,2025-05-19,MIN,CLE,6,5,1.0,0.6609224545764281,0.6609,MIN,MIN,1
20250519_DET@STL,2025-05-19,STL,DET,11,4,1.0,0.6472755205831163,0.6473,STL,STL,1
20250519_HOU@TB,2025-05-19,TB,HOU,3,4,0.0,0.5793786542082192,0.5794,TB,HOU,0
20250519_KC@SF,2025-05-19,SF,KC,1,3,0.0,0.5625626416537592,0.5626,SF,KC,0
20250519_LAA@ATH,2025-05-19,ATH,LAA,3,4,0.0,0.5454975507087848,0.5455,ATH,LAA,0
20250519_NYM@BOS,2025-05-19,BOS,NYM,3,1,1.0,0.4939341703795408,0.4939,NYM,BOS,0
20250519_PHI@COL,2025-05-19,COL,PHI,3,9,0.0,0.4322952306434149,0.4323,PHI,PHI,1
20250519_SEA@CWS,2025-05-19,CWS,SEA,1,5,0.0,0.5716825447896605,0.5717,CWS,SEA,0
20250518_ATH@SF,2025-05-18,SF,ATH,3,2,1.0,0.5495333182777734,0.5495,SF,SF,1
20250518_ATL@BOS,2025-05-18,BOS,ATL,4,10,0.0,0.63829772125625,0.6383,BOS,ATL,0
20250518_CLE@CIN,2025-05-18,CIN,CLE,3,1,1.0,0.5267412171580936,0.5267,CIN,CIN,1
20250518_COL@AZ,2025-05-18,AZ,COL,1,0,1.0,0.6154277290147177,0.6154,AZ,AZ,1
20250518_CWS@CHC,2025-05-18,CHC,CWS,6,2,1.0,0.48706138486240996,0.4871,CWS,CHC,0
20250518_DET@TOR,2025-05-18,TOR,DET,2,3,0.0,0.6420486526903175,0.642,TOR,DET,0
20250518_HOU@TEX,2025-05-18,TEX,HOU,3,4,0.0,0.6225827423384505,0.6226,TEX,HOU,0
20250518_LAA@LAD,2025-05-18,LAD,LAA,4,6,0.0,0.7140430901314332,0.714,LAD,LAA,0
20250518_MIN@MIL,2025-05-18,MIL,MIN,5,2,1.0,0.6218111669918199,0.6218,MIL,MIL,1
20250518_NYM@NYY,2025-05-18,NYY,NYM,8,2,1.0,0.5918222005237814,0.5918,NYY,NYY,1
20250518_PIT@PHI,2025-05-18,PHI,PIT,1,0,1.0,0.7355341803835049,0.7355,PHI,PHI,1
20250518_SEA@SD,2025-05-18,SD,SEA,1,6,0.0,0.5881634940261278,0.5882,SD,SEA,0
20250518_STL@KC,2025-05-18,KC,STL,2,1,1.0,0.5236298632972342,0.5236,KC,KC,1
20250518_TB@MIA,2025-05-18,MIA,TB,5,1,1.0,0.5898886022581595,0.5899,MIA,MIA,1
20250518_WSH@BAL,2025-05-18,BAL,WSH,4,10,0.0,0.4846511145145601,0.4847,WSH,WSH,1
20250517_ATH@SF,2025-05-17,SF,ATH,1,0,1.0,0.5952145000542429,0.5952,SF,SF,1
20250517_ATL@BOS,2025-05-17,BOS,ATL,7,6,1.0,0.5616362902987636,0.5616,BOS,BOS,1
20250517_CLE@CIN,2025-05-17,CIN,CLE,4,1,1.0,0.5707700292857371,0.5708,CIN,CIN,1
20250517_COL@AZ,2025-05-17,AZ,COL,12,14,0.0,0.6115310592571338,0.6115,AZ,COL,0
20250517_CWS@CHC,2025-05-17,CHC,CWS,7,3,1.0,0.5792379823165646,0.5792,CHC,CHC,1
20250517_DET@TOR,2025-05-17,TOR,DET,2,1,1.0,0.598694569481946,0.5987,TOR,TOR,1
20250517_HOU@TEX,2025-05-17,TEX,HOU,5,1,1.0,0.5103721874811262,0.5104,TEX,TEX,1
20250517_LAA@LAD,2025-05-17,LAD,LAA,9,11,0.0,0.7570439957820768,0.757,LAD,LAA,0
20250517_MIN@MIL,2025-05-17,MIL,MIN,0,7,0.0,0.47829611079570983,0.4783,MIN,MIN,1
20250517_NYM@NYY,2025-05-17,NYY,NYM,2,3,0.0,0.5472653704490191,0.5473,NYY,NYM,0
20250517_PIT@PHI,2025-05-17,PHI,PIT,5,2,1.0,0.7313504183215446,0.7314,PHI,PHI,1
20250517_SEA@SD,2025-05-17,SD,SEA,1,4,0.0,0.5456769852720831,0.5457,SD,SEA,0
20250517_STL@KC,2025-05-17,KC,STL,0,1,0.0,0.3484484761881317,0.3484,STL,STL,1
20250517_TB@MIA,2025-05-17,MIA,TB,0,4,0.0,0.5756019649634904,0.5756,MIA,TB,0
20250517_WSH@BAL,2025-05-17,BAL,WSH,6,10,0.0,0.6855916691418383,0.6856,BAL,WSH,0
20250516_ATH@SF,2025-05-16,SF,ATH,9,1,1.0,0.6349664156639331,0.635,SF,SF,1
20250516_ATL@BOS,2025-05-16,BOS,ATL,2,4,0.0,0.5194669696279977,0.5195,BOS,ATL,0
20250516_CLE@CIN,2025-05-16,CIN,CLE,5,4,1.0,0.5067692051559605,0.5068,CIN,CIN,1
20250516_COL@AZ,2025-05-16,AZ,COL,8,0,1.0,0.7455716351800974,0.7456,AZ,AZ,1
20250516_CWS@CHC,2025-05-16,CHC,CWS,13,3,1.0,0.5487722988894155,0.5488,CHC,CHC,1
20250516_DET@TOR,2025-05-16,TOR,DET,4,5,0.0,0.4884352794827722,0.4884,DET,DET,1
20250516_HOU@TEX,2025-05-16,TEX,HOU,3,6,0.0,0.5767124879458363,0.5767,TEX,HOU,0
20250516_LAA@LAD,2025-05-16,LAD,LAA,2,6,0.0,0.6961627889325398,0.6962,LAD,LAA,0
20250516_MIN@MIL,2025-05-16,MIL,MIN,0,3,0.0,0.5081964012472604,0.5082,MIL,MIN,0
20250516_NYM@NYY,2025-05-16,NYY,NYM,6,2,1.0,0.5401671734701026,0.5402,NYY,NYY,1
20250516_PIT@PHI,2025-05-16,PHI,PIT,8,4,1.0,0.7079811944908041,0.708,PHI,PHI,1
20250516_SEA@SD,2025-05-16,SD,SEA,1,5,0.0,0.5052236647624363,0.5052,SD,SEA,0
20250516_STL@KC,2025-05-16,KC,STL,3,10,0.0,0.6051393331162457,0.6051,KC,STL,0
20250516_TB@MIA,2025-05-16,MIA,TB,9,4,1.0,0.6341408605672466,0.6341,MIA,MIA,1
20250516_WSH@BAL,2025-05-16,BAL,WSH,3,4,0.0,0.5672326824064284,0.5672,BAL,WSH,0
20250515_ATH@LAD,2025-05-15,LAD,ATH,19,2,1.0,0.6160580694572129,0.6161,LAD,LAD,1
20250515_CWS@CIN,2025-05-15,CIN,CWS,7,1,1.0,0.5857553557316708,0.5858,CIN,CIN,1
20250515_HOU@TEX,2025-05-15,TEX,HOU,1,0,1.0,0.5784607755405138,0.5785,TEX,TEX,1
20250515_MIN@BAL,2025-05-15,BAL,MIN,0,4,0.0,0.5448387500549198,0.5448,BAL,MIN,0
20250515_TB@TOR,2025-05-15,TOR,TB,3,8,0.0,0.6213434627532253,0.6213,TOR,TB,0
20250515_WSH@ATL,2025-05-15,ATL,WSH,5,2,1.0,0.6626295571703669,0.6626,ATL,ATL,1
20250514_ATH@LAD,2025-05-14,LAD,ATH,9,3,1.0,0.7140677632905831,0.7141,LAD,LAD,1
20250514_AZ@SF,2025-05-14,SF,AZ,7,8,0.0,0.5875832398241133,0.5876,SF,AZ,0
20250514_BOS@DET,2025-05-14,DET,BOS,6,5,1.0,0.5687238154604772,0.5687,DET,DET,1
20250514_COL@TEX,2025-05-14,TEX,COL,8,3,1.0,0.7135749723420188,0.7136,TEX,TEX,1
20250514_CWS@CIN,2025-05-14,CIN,CWS,2,4,0.0,0.7028896482096632,0.7029,CIN,CWS,0
20250514_KC@HOU,2025-05-14,HOU,KC,4,3,1.0,0.6544770678570475,0.6545,HOU,HOU,1
20250514_LAA@SD,2025-05-14,SD,LAA,5,1,1.0,0.6719698577819418,0.672,SD,SD,1
20250514_MIA@CHC,2025-05-14,CHC,MIA,1,3,0.0,0.7042343772400425,0.7042,CHC,MIA,0
20250514_MIL@CLE,2025-05-14,CLE,MIL,5,9,0.0,0.6514961604704081,0.6515,CLE,MIL,0
20250514_MIN@BAL,2025-05-14,BAL,MIN,6,8,0.0,0.6855251086429299,0.6855,BAL,MIN,0
20250514_MIN@BAL,2025-05-14,BAL,MIN,3,6,0.0,0.5521747709703886,0.5522,BAL,MIN,0
20250514_NYY@SEA,2025-05-14,SEA,NYY,2,3,0.0,0.5987564345825178,0.5988,SEA,NYY,0
20250514_PIT@NYM,2025-05-14,NYM,PIT,0,4,0.0,0.6892635977700394,0.6893,NYM,PIT,0
20250514_STL@PHI,2025-05-14,PHI,STL,7,14,0.0,0.6815195832292106,0.6815,PHI,STL,0
20250514_STL@PHI,2025-05-14,PHI,STL,2,1,1.0,0.7179399973862616,0.7179,PHI,PHI,1
20250514_TB@TOR,2025-05-14,TOR,TB,3,1,1.0,0.613645904899397,0.6136,TOR,TOR,1
20250514_WSH@ATL,2025-05-14,ATL,WSH,4,5,0.0,0.7313788832345286,0.7314,ATL,WSH,0
20250513_ATH@LAD,2025-05-13,LAD,ATH,1,11,0.0,0.6733384050735255,0.6733,LAD,ATH,0
20250513_AZ@SF,2025-05-13,SF,AZ,10,6,1.0,0.7226790134618719,0.7227,SF,SF,1
20250513_BOS@DET,2025-05-13,DET,BOS,10,9,1.0,0.548838250628993,0.5488,DET,DET,1
20250513_COL@TEX,2025-05-13,TEX,COL,4,1,1.0,0.6104775809982627,0.6105,TEX,TEX,1
20250513_CWS@CIN,2025-05-13,CIN,CWS,1,5,0.0,0.7844701038580186,0.7845,CIN,CWS,0
20250513_KC@HOU,2025-05-13,HOU,KC,2,1,1.0,0.6664759875820154,0.6665,HOU,HOU,1
20250513_LAA@SD,2025-05-13,SD,LAA,6,4,1.0,0.746466774911152,0.7465,SD,SD,1
20250513_MIA@CHC,2025-05-13,CHC,MIA,5,4,1.0,0.7658409866557133,0.7658,CHC,CHC,1
20250513_MIL@CLE,2025-05-13,CLE,MIL,2,0,1.0,0.6166008942654339,0.6166,CLE,CLE,1
20250513_NYY@SEA,2025-05-13,SEA,NYY,2,1,1.0,0.6698140812507918,0.6698,SEA,SEA,1
20250513_PIT@NYM,2025-05-13,NYM,PIT,2,1,1.0,0.6995013451737245,0.6995,NYM,NYM,1
20250513_TB@TOR,2025-05-13,TOR,TB,9,11,0.0,0.5841025953533313,0.5841,TOR,TB,0
20250513_WSH@ATL,2025-05-13,ATL,WSH,5,2,1.0,0.7091834343275569,0.7092,ATL,ATL,1
20250512_AZ@SF,2025-05-12,SF,AZ,1,2,0.0,0.4464884002325512,0.4465,AZ,AZ,1
20250512_BOS@DET,2025-05-12,DET,BOS,14,2,1.0,0.5620246480600728,0.562,DET,DET,1
20250512_COL@TEX,2025-05-12,TEX,COL,2,1,1.0,0.5515622128598536,0.5516,TEX,TEX,1
20250512_KC@HOU,2025-05-12,HOU,KC,5,7,0.0,0.7090960807704607,0.7091,HOU,KC,0
20250512_LAA@SD,2025-05-12,SD,LAA,5,9,0.0,0.742001349217429,0.742,SD,LAA,0
20250512_MIA@CHC,2025-05-12,CHC,MIA,5,2,1.0,0.7340782541516884,0.7341,CHC,CHC,1
20250512_MIL@CLE,2025-05-12,CLE,MIL,5,0,1.0,0.47705777045636233,0.4771,MIL,CLE,0
20250512_NYY@SEA,2025-05-12,SEA,NYY,5,11,0.0,0.5553731982532429,0.5554,SEA,NYY,0
20250512_PIT@NYM,2025-05-12,NYM,PIT,4,3,1.0,0.6893222677668924,0.6893,NYM,NYM,1
20250512_STL@PHI,2025-05-12,PHI,STL,2,3,0.0,0.7125758818645782,0.7126,PHI,STL,0
20250512_WSH@ATL,2025-05-12,ATL,WSH,4,3,1.0,0.7129617879236793,0.713,ATL,ATL,1
20250511_ATL@PIT,2025-05-11,PIT,ATL,4,3,1.0,0.3485980396463756,0.3486,ATL,PIT,0
20250511_BAL@LAA,2025-05-11,LAA,BAL,3,7,0.0,0.6493120386489492,0.6493,LAA,BAL,0
20250511_BOS@KC,2025-05-11,KC,BOS,1,3,0.0,0.5626041200558461,0.5626,KC,BOS,0
20250511_CHC@NYM,2025-05-11,NYM,CHC,6,2,1.0,0.4985208580255051,0.4985,CHC,NYM,0
20250511_CIN@HOU,2025-05-11,HOU,CIN,6,0,1.0,0.3651668155411801,0.3652,CIN,HOU,0
20250511_LAD@AZ,2025-05-11,AZ,LAD,1,8,0.0,0.3390952675765126,0.3391,LAD,LAD,1
20250511_MIA@CWS,2025-05-11,CWS,MIA,4,2,1.0,0.5609125826237029,0.5609,CWS,CWS,1
20250511_MIL@TB,2025-05-11,TB,MIL,2,4,0.0,0.4003267280955068,0.4003,MIL,MIL,1
20250511_NYY@ATH,2025-05-11,ATH,NYY,2,12,0.0,0.39244489970530416,0.3924,NYY,NYY,1
20250511_PHI@CLE,2025-05-11,CLE,PHI,0,3,0.0,0.5239699337516406,0.524,CLE,PHI,0
20250511_SD@COL,2025-05-11,COL,SD,9,3,1.0,0.31627825836205387,0.3163,SD,COL,0
20250511_SF@MIN,2025-05-11,MIN,SF,7,6,1.0,0.7113415692758872,0.7113,MIN,MIN,1
20250511_STL@WSH,2025-05-11,WSH,STL,1,6,0.0,0.4188825514787315,0.4189,STL,STL,1
20250511_TEX@DET,2025-05-11,DET,TEX,1,6,0.0,0.7653027569046457,0.7653,DET,TEX,0
20250511_TOR@SEA,2025-05-11,SEA,TOR,1,9,0.0,0.6603096681176788,0.6603,SEA,TOR,0
20250510_ATL@PIT,2025-05-10,PIT,ATL,2,3,0.0,0.47595145552529355,0.476,ATL,ATL,1
20250510_BAL@LAA,2025-05-10,LAA,BAL,5,2,1.0,0.5402796100597608,0.5403,LAA,LAA,1
20250510_BOS@KC,2025-05-10,KC,BOS,1,10,0.0,0.5284386080755098,0.5284,KC,BOS,0
20250510_CHC@NYM,2025-05-10,NYM,CHC,5,6,0.0,0.5547142970692811,0.5547,NYM,CHC,0
20250510_CIN@HOU,2025-05-10,HOU,CIN,9,13,0.0,0.4659399368237091,0.4659,CIN,CIN,1
20250510_LAD@AZ,2025-05-10,AZ,LAD,3,0,1.0,0.5810494453940882,0.581,AZ,AZ,1
20250510_MIA@CWS,2025-05-10,CWS,MIA,1,3,0.0,0.4749794022317533,0.475,MIA,MIA,1
20250510_MIL@TB,2025-05-10,TB,MIL,3,2,1.0,0.4378559404077085,0.4379,MIL,TB,0
20250510_NYY@ATH,2025-05-10,ATH,NYY,11,7,1.0,0.4579432527939793,0.4579,NYY,ATH,0
20250510_PHI@CLE,2025-05-10,CLE,PHI,1,7,0.0,0.39253608574059023,0.3925,PHI,PHI,1
20250510_SD@COL,2025-05-10,COL,SD,0,21,0.0,0.47270174658592923,0.4727,SD,SD,1
20250510_SF@MIN,2025-05-10,MIN,SF,2,1,1.0,0.6735247390410103,0.6735,MIN,MIN,1
20250510_STL@WSH,2025-05-10,WSH,STL,2,4,0.0,0.5436925358978715,0.5437,WSH,STL,0
20250510_TEX@DET,2025-05-10,DET,TEX,3,10,0.0,0.7470468687076485,0.747,DET,TEX,0
20250510_TOR@SEA,2025-05-10,SEA,TOR,3,6,0.0,0.5150579009446171,0.5151,SEA,TOR,0
20250509_ATL@PIT,2025-05-09,PIT,ATL,3,2,1.0,0.4267855379212154,0.4268,ATL,PIT,0
20250509_BAL@LAA,2025-05-09,LAA,BAL,1,4,0.0,0.5304790103523077,0.5305,LAA,BAL,0
20250509_BOS@KC,2025-05-09,KC,BOS,2,1,1.0,0.47335695021485297,0.4734,BOS,KC,0
20250509_CHC@NYM,2025-05-09,NYM,CHC,7,2,1.0,0.5837077058810839,0.5837,NYM,NYM,1
20250509_CIN@HOU,2025-05-09,HOU,CIN,3,0,1.0,0.5669206518881595,0.5669,HOU,HOU,1
20250509_LAD@AZ,2025-05-09,AZ,LAD,11,14,0.0,0.5650814829547037,0.5651,AZ,LAD,0
20250509_MIA@CWS,2025-05-09,CWS,MIA,6,2,1.0,0.37406956193944785,0.3741,MIA,CWS,0
20250509_MIL@TB,2025-05-09,TB,MIL,4,3,1.0,0.4955265136494025,0.4955,MIL,TB,0
20250509_NYY@ATH,2025-05-09,ATH,NYY,2,10,0.0,0.41247129165450647,0.4125,NYY,NYY,1
20250509_PHI@CLE,2025-05-09,CLE,PHI,6,0,1.0,0.6381449854414406,0.6381,CLE,CLE,1
20250509_SD@COL,2025-05-09,COL,SD,9,13,0.0,0.39414197177729876,0.3941,SD,SD,1
20250509_SF@MIN,2025-05-09,MIN,SF,3,1,1.0,0.5843086485353552,0.5843,MIN,MIN,1
20250509_STL@WSH,2025-05-09,WSH,STL,0,10,0.0,0.48903307421428066,0.489,STL,STL,1
20250509_TEX@DET,2025-05-09,DET,TEX,2,1,1.0,0.7044181925912237,0.7044,DET,DET,1
20250509_TOR@SEA,2025-05-09,SEA,TOR,3,6,0.0,0.4787400042759887,0.4787,TOR,TOR,1
20250508_BAL@MIN,2025-05-08,MIN,BAL,5,2,1.0,0.7343678371243625,0.7344,MIN,MIN,1
20250508_CIN@ATL,2025-05-08,ATL,CIN,5,4,1.0,0.5720998448877138,0.5721,ATL,ATL,1
20250508_CWS@KC,2025-05-08,KC,CWS,10,0,1.0,0.7791990587955383,0.7792,KC,KC,1
20250508_DET@COL,2025-05-08,COL,DET,2,10,0.0,0.4641364093945811,0.4641,DET,DET,1
20250508_DET@COL,2025-05-08,COL,DET,1,11,0.0,0.5723050138999803,0.5723,COL,DET,0
20250508_LAD@AZ,2025-05-08,AZ,LAD,5,3,1.0,0.4643461923859968,0.4643,LAD,AZ,0
20250508_PHI@TB,2025-05-08,TB,PHI,6,7,0.0,0.44363714213864375,0.4436,PHI,PHI,1
20250508_TEX@BOS,2025-05-08,BOS,TEX,5,0,1.0,0.6412929938972869,0.6413,BOS,BOS,1
20250508_TOR@LAA,2025-05-08,LAA,TOR,5,8,0.0,0.519948196551703,0.5199,LAA,TOR,0
20250507_BAL@MIN,2025-05-07,MIN,BAL,5,2,1.0,0.6550279189453051,0.655,MIN,MIN,1
20250507_CIN@ATL,2025-05-07,ATL,CIN,3,4,0.0,0.5055361445857034,0.5055,ATL,CIN,0
20250507_CLE@WSH,2025-05-07,WSH,CLE,6,8,0.0,0.5226412169337945,0.5226,WSH,CLE,0
20250507_CWS@KC,2025-05-07,KC,CWS,2,1,1.0,0.7927079564885224,0.7927,KC,KC,1
20250507_DET@COL,2025-05-07,COL,DET,6,8,0.0,0.6019518684195863,0.602,COL,DET,0
20250507_HOU@MIL,2025-05-07,MIL,HOU,1,9,0.0,0.5410619401866741,0.5411,MIL,HOU,0
20250507_LAD@MIA,2025-05-07,MIA,LAD,1,10,0.0,0.5448898674963596,0.5449,MIA,LAD,0
20250507_NYM@AZ,2025-05-07,AZ,NYM,1,7,0.0,0.4926633616794619,0.4927,NYM,NYM,1
20250507_PHI@TB,2025-05-07,TB,PHI,0,7,0.0,0.33117296703913074,0.3312,PHI,PHI,1
20250507_PIT@STL,2025-05-07,STL,PIT,5,0,1.0,0.733563923715826,0.7336,STL,STL,1
20250507_SD@NYY,2025-05-07,NYY,SD,4,3,1.0,0.5201293090001236,0.5201,NYY,NYY,1
20250507_SEA@ATH,2025-05-07,ATH,SEA,5,6,0.0,0.6217955791433225,0.6218,ATH,SEA,0
20250507_SF@CHC,2025-05-07,CHC,SF,1,3,0.0,0.5080584559322125,0.5081,CHC,SF,0
20250507_TEX@BOS,2025-05-07,BOS,TEX,6,4,1.0,0.6318322351987735,0.6318,BOS,BOS,1
20250507_TOR@LAA,2025-05-07,LAA,TOR,5,4,1.0,0.5792775096692991,0.5793,LAA,LAA,1
20250506_BAL@MIN,2025-05-06,MIN,BAL,9,1,1.0,0.6141158109757797,0.6141,MIN,MIN,1
20250506_CIN@ATL,2025-05-06,ATL,CIN,2,1,1.0,0.523202785067773,0.5232,ATL,ATL,1
20250506_CLE@WSH,2025-05-06,WSH,CLE,1,9,0.0,0.6003536108104599,0.6004,WSH,CLE,0
20250506_CLE@WSH,2025-05-06,WSH,CLE,10,9,1.0,0.5394398052860829,0.5394,WSH,WSH,1
20250506_CWS@KC,2025-05-06,KC,CWS,4,3,1.0,0.6971422668798535,0.6971,KC,KC,1
20250506_HOU@MIL,2025-05-06,MIL,HOU,4,3,1.0,0.7016696860701295,0.7017,MIL,MIL,1
20250506_LAD@MIA,2025-05-06,MIA,LAD,5,4,1.0,0.46596968074171474,0.466,LAD,MIA,0
20250506_NYM@AZ,2025-05-06,AZ,NYM,5,1,1.0,0.5917221385433982,0.5917,AZ,AZ,1
20250506_PHI@TB,2025-05-06,TB,PHI,4,8,0.0,0.35933483088396834,0.3593,PHI,PHI,1
20250506_PIT@STL,2025-05-06,STL,PIT,2,1,1.0,0.740604478010699,0.7406,STL,STL,1
20250506_SD@NYY,2025-05-06,NYY,SD,12,3,1.0,0.7075274739016807,0.7075,NYY,NYY,1
20250506_SEA@ATH,2025-05-06,ATH,SEA,3,5,0.0,0.5683410993893798,0.5683,ATH,SEA,0
20250506_SF@CHC,2025-05-06,CHC,SF,5,14,0.0,0.56929414395429,0.5693,CHC,SF,0
20250506_TEX@BOS,2025-05-06,BOS,TEX,1,6,0.0,0.6587951197029451,0.6588,BOS,TEX,0
20250506_TOR@LAA,2025-05-06,LAA,TOR,8,3,1.0,0.5190983802036626,0.5191,LAA,LAA,1
20250505_CIN@ATL,2025-05-05,ATL,CIN,4,0,1.0,0.6359795303901108,0.636,ATL,ATL,1
20250505_CWS@KC,2025-05-05,KC,CWS,3,0,1.0,0.7696256414959006,0.7696,KC,KC,1
20250505_HOU@MIL,2025-05-05,MIL,HOU,5,1,1.0,0.5647977864498377,0.5648,MIL,MIL,1
20250505_LAD@MIA,2025-05-05,MIA,LAD,4,7,0.0,0.3199435119943565,0.3199,LAD,LAD,1
20250505_NYM@AZ,2025-05-05,AZ,NYM,4,5,0.0,0.5354109592996021,0.5354,AZ,NYM,0
20250505_PIT@STL,2025-05-05,STL,PIT,6,3,1.0,0.7239843229005886,0.724,STL,STL,1
20250505_SD@NYY,2025-05-05,NYY,SD,3,4,0.0,0.7162003918734913,0.7162,NYY,SD,0
20250505_SEA@ATH,2025-05-05,ATH,SEA,7,6,1.0,0.5836432718464585,0.5836,ATH,ATH,1
20250505_SF@CHC,2025-05-05,CHC,SF,9,2,1.0,0.6675214367484376,0.6675,CHC,CHC,1
20250504_ATH@MIA,2025-05-04,MIA,ATH,2,3,0.0,0.49928337593901595,0.4993,ATH,ATH,1
20250504_AZ@PHI,2025-05-04,PHI,AZ,9,11,0.0,0.6275690224256186,0.6276,PHI,AZ,0
20250504_CHC@MIL,2025-05-04,MIL,CHC,4,0,1.0,0.6185922396005481,0.6186,MIL,MIL,1
20250504_CLE@TOR,2025-05-04,TOR,CLE,4,5,0.0,0.5037894728504054,0.5038,TOR,CLE,0
20250504_COL@SF,2025-05-04,SF,COL,9,3,1.0,0.7726947630701204,0.7727,SF,SF,1
20250504_DET@LAA,2025-05-04,LAA,DET,1,13,0.0,0.48278751510989565,0.4828,DET,DET,1
20250504_HOU@CWS,2025-05-04,CWS,HOU,5,4,1.0,0.5413031709274739,0.5413,CWS,CWS,1
20250504_KC@BAL,2025-05-04,BAL,KC,6,11,0.0,0.675802205839345,0.6758,BAL,KC,0
20250504_LAD@ATL,2025-05-04,ATL,LAD,4,3,1.0,0.6315966719720136,0.6316,ATL,ATL,1
20250504_MIN@BOS,2025-05-04,BOS,MIN,4,5,0.0,0.7650197723468601,0.765,BOS,MIN,0
20250504_NYM@STL,2025-05-04,STL,NYM,6,5,1.0,0.7147905066585393,0.7148,STL,STL,1
20250504_NYM@STL,2025-05-04,STL,NYM,5,4,1.0,0.6446902626737383,0.6447,STL,STL,1
20250504_SD@PIT,2025-05-04,PIT,SD,0,4,0.0,0.5804959656588564,0.5805,PIT,SD,0
20250504_SEA@TEX,2025-05-04,TEX,SEA,8,1,1.0,0.6511758127199123,0.6512,TEX,TEX,1
20250504_TB@NYY,2025-05-04,NYY,TB,5,7,0.0,0.5683567978069903,0.5684,NYY,TB,0
20250504_WSH@CIN,2025-05-04,CIN,WSH,1,4,0.0,0.4071182314691549,0.4071,WSH,WSH,1
20250503_ATH@MIA,2025-05-03,MIA,ATH,9,6,1.0,0.532210976736913,0.5322,MIA,MIA,1
20250503_AZ@PHI,2025-05-03,PHI,AZ,7,2,1.0,0.631698184597179,0.6317,PHI,PHI,1
20250503_CHC@MIL,2025-05-03,MIL,CHC,2,6,0.0,0.5324538943607843,0.5325,MIL,CHC,0
20250503_CLE@TOR,2025-05-03,TOR,CLE,3,5,0.0,0.37881602683744775,0.3788,CLE,CLE,1
20250503_COL@SF,2025-05-03,SF,COL,6,3,1.0,0.7953098158429933,0.7953,SF,SF,1
20250503_DET@LAA,2025-05-03,LAA,DET,5,2,1.0,0.4018704838743423,0.4019,DET,LAA,0
20250503_HOU@CWS,2025-05-03,CWS,HOU,3,8,0.0,0.4547084837600767,0.4547,HOU,HOU,1
20250503_KC@BAL,2025-05-03,BAL,KC,0,4,0.0,0.39671518229115177,0.3967,KC,KC,1
20250503_LAD@ATL,2025-05-03,ATL,LAD,3,10,0.0,0.6692806972973756,0.6693,ATL,LAD,0
20250503_MIN@BOS,2025-05-03,BOS,MIN,3,4,0.0,0.6017025149039678,0.6017,BOS,MIN,0
20250503_SD@PIT,2025-05-03,PIT,SD,1,2,0.0,0.4156977247981844,0.4157,SD,SD,1
20250503_SEA@TEX,2025-05-03,TEX,SEA,1,2,0.0,0.49311557243442883,0.4931,SEA,SEA,1
20250503_TB@NYY,2025-05-03,NYY,TB,2,3,0.0,0.6160640784819419,0.6161,NYY,TB,0
20250503_WSH@CIN,2025-05-03,CIN,WSH,6,11,0.0,0.5378165849026187,0.5378,CIN,WSH,0
20250502_ATH@MIA,2025-05-02,MIA,ATH,1,6,0.0,0.58814289500891,0.5881,MIA,ATH,0
20250502_AZ@PHI,2025-05-02,PHI,AZ,3,2,1.0,0.6645977476484866,0.6646,PHI,PHI,1
20250502_CHC@MIL,2025-05-02,MIL,CHC,0,10,0.0,0.4944013015452199,0.4944,CHC,CHC,1
20250502_CLE@TOR,2025-05-02,TOR,CLE,5,3,1.0,0.4229432072931845,0.4229,CLE,TOR,0
20250502_COL@SF,2025-05-02,SF,COL,4,0,1.0,0.7564899018671912,0.7565,SF,SF,1
20250502_DET@LAA,2025-05-02,LAA,DET,1,9,0.0,0.5213166953543023,0.5213,LAA,DET,0
20250502_HOU@CWS,2025-05-02,CWS,HOU,7,3,1.0,0.4346731449340207,0.4347,HOU,CWS,0
20250502_KC@BAL,2025-05-02,BAL,KC,3,0,1.0,0.4471329650720416,0.4471,KC,BAL,0
20250502_LAD@ATL,2025-05-02,ATL,LAD,1,2,0.0,0.532831330346101,0.5328,ATL,LAD,0
20250502_MIN@BOS,2025-05-02,BOS,MIN,6,1,1.0,0.49130727636387916,0.4913,MIN,BOS,0
20250502_NYM@STL,2025-05-02,STL,NYM,3,9,0.0,0.644696121170229,0.6447,STL,NYM,0
20250502_SD@PIT,2025-05-02,PIT,SD,4,9,0.0,0.3102871352492521,0.3103,SD,SD,1
20250502_SEA@TEX,2025-05-02,TEX,SEA,1,13,0.0,0.5702543813002054,0.5703,TEX,SEA,0
20250502_TB@NYY,2025-05-02,NYY,TB,3,0,1.0,0.5967517805059598,0.5968,NYY,NYY,1
20250502_WSH@CIN,2025-05-02,CIN,WSH,6,1,1.0,0.6364534682649235,0.6365,CIN,CIN,1
20250501_ATH@TEX,2025-05-01,TEX,ATH,0,3,0.0,0.4909320621601384,0.4909,ATH,ATH,1
20250501_AZ@NYM,2025-05-01,NYM,AZ,2,4,0.0,0.6466580588791897,0.6467,NYM,AZ,0
20250501_BOS@TOR,2025-05-01,TOR,BOS,4,2,1.0,0.5621510554910782,0.5622,TOR,TOR,1
20250501_CHC@PIT,2025-05-01,PIT,CHC,3,8,0.0,0.36343341922531097,0.3634,CHC,CHC,1
20250501_COL@SF,2025-05-01,SF,COL,3,4,0.0,0.8149175174967088,0.8149,SF,COL,0
20250501_DET@LAA,2025-05-01,LAA,DET,4,10,0.0,0.6543192621182908,0.6543,LAA,DET,0
20250501_KC@TB,2025-05-01,TB,KC,2,8,0.0,0.42188793271725106,0.4219,KC,KC,1
20250501_MIL@CWS,2025-05-01,CWS,MIL,8,0,1.0,0.4903317478727467,0.4903,MIL,CWS,0
20250501_MIN@CLE,2025-05-01,CLE,MIN,4,3,1.0,0.45634963884583185,0.4563,MIN,CLE,0
20250501_STL@CIN,2025-05-01,CIN,STL,9,1,1.0,0.6998135509153562,0.6998,CIN,CIN,1
20250501_WSH@PHI,2025-05-01,PHI,WSH,2,4,0.0,0.7975242580238182,0.7975,PHI,WSH,0
20250430_ATH@TEX,2025-04-30,TEX,ATH,1,7,0.0,0.6061817502074398,0.6062,TEX,ATH,0
20250430_ATL@COL,2025-04-30,COL,ATL,2,1,1.0,0.6035272782448773,0.6035,COL,COL,1
20250430_AZ@NYM,2025-04-30,NYM,AZ,3,4,0.0,0.6976146253822634,0.6976,NYM,AZ,0
20250430_BOS@TOR,2025-04-30,TOR,BOS,7,6,1.0,0.6995021344077659,0.6995,TOR,TOR,1
20250430_CHC@PIT,2025-04-30,PIT,CHC,4,3,1.0,0.4259977778110022,0.426,CHC,PIT,0
20250430_DET@HOU,2025-04-30,HOU,DET,4,7,0.0,0.6656412516511464,0.6656,HOU,DET,0
20250430_KC@TB,2025-04-30,TB,KC,0,3,0.0,0.4643483598790767,0.4643,KC,KC,1
20250430_LAA@SEA,2025-04-30,SEA,LAA,9,3,1.0,0.6504792286377061,0.6505,SEA,SEA,1
20250430_MIA@LAD,2025-04-30,LAD,MIA,12,7,1.0,0.7884136585359407,0.7884,LAD,LAD,1
20250430_MIL@CWS,2025-04-30,CWS,MIL,4,6,0.0,0.7153747182730412,0.7154,CWS,MIL,0
20250430_MIN@CLE,2025-04-30,CLE,MIN,4,2,1.0,0.6955097660897681,0.6955,CLE,CLE,1
20250430_NYY@BAL,2025-04-30,BAL,NYY,5,4,1.0,0.5102572102248786,0.5103,BAL,BAL,1
20250430_SF@SD,2025-04-30,SD,SF,5,3,1.0,0.5906579550421368,0.5907,SD,SD,1
20250430_STL@CIN,2025-04-30,CIN,STL,1,9,0.0,0.7214167783187528,0.7214,CIN,STL,0
20250430_STL@CIN,2025-04-30,CIN,STL,0,6,0.0,0.6664856223494166,0.6665,CIN,STL,0
20250430_WSH@PHI,2025-04-30,PHI,WSH,7,2,1.0,0.7596941183132848,0.7597,PHI,PHI,1
20250429_ATH@TEX,2025-04-29,TEX,ATH,15,2,1.0,0.5290856664767564,0.5291,TEX,TEX,1
20250429_ATL@COL,2025-04-29,COL,ATL,2,8,0.0,0.46380140513408524,0.4638,ATL,ATL,1
20250429_AZ@NYM,2025-04-29,NYM,AZ,8,3,1.0,0.6658026881611756,0.6658,NYM,NYM,1
20250429_BOS@TOR,2025-04-29,TOR,BOS,2,10,0.0,0.5404342465453182,0.5404,TOR,BOS,0
20250429_CHC@PIT,2025-04-29,PIT,CHC,0,9,0.0,0.46931781527210803,0.4693,CHC,CHC,1
20250429_DET@HOU,2025-04-29,HOU,DET,6,4,1.0,0.5417291024257271,0.5417,HOU,HOU,1
20250429_KC@TB,2025-04-29,TB,KC,1,3,0.0,0.43559535308476566,0.4356,KC,KC,1
20250429_LAA@SEA,2025-04-29,SEA,LAA,5,3,1.0,0.6238587406912566,0.6239,SEA,SEA,1
20250429_MIA@LAD,2025-04-29,LAD,MIA,15,2,1.0,0.776889511996919,0.7769,LAD,LAD,1
20250429_MIL@CWS,2025-04-29,CWS,MIL,2,7,0.0,0.735790972314788,0.7358,CWS,MIL,0
20250429_MIN@CLE,2025-04-29,CLE,MIN,2,1,1.0,0.6904344239874047,0.6904,CLE,CLE,1
20250429_NYY@BAL,2025-04-29,BAL,NYY,3,15,0.0,0.5569187123366832,0.5569,BAL,NYY,0
20250429_SF@SD,2025-04-29,SD,SF,7,4,1.0,0.6189552998908545,0.619,SD,SD,1
20250429_WSH@PHI,2025-04-29,PHI,WSH,7,6,1.0,0.7731807301923518,0.7732,PHI,PHI,1
20250428_ATH@TEX,2025-04-28,TEX,ATH,1,2,0.0,0.5810807620395332,0.5811,TEX,ATH,0
20250428_ATL@COL,2025-04-28,COL,ATL,3,6,0.0,0.6655184328580865,0.6655,COL,ATL,0
20250428_DET@HOU,2025-04-28,HOU,DET,8,5,1.0,0.44591839822761176,0.4459,DET,HOU,0
20250428_MIA@LAD,2025-04-28,LAD,MIA,7,6,1.0,0.6478017218914388,0.6478,LAD,LAD,1
20250428_MIN@CLE,2025-04-28,CLE,MIN,1,11,0.0,0.7310928191269653,0.7311,CLE,MIN,0
20250428_NYM@WSH,2025-04-28,WSH,NYM,5,19,0.0,0.7009565439548018,0.701,WSH,NYM,0
20250428_NYY@BAL,2025-04-28,BAL,NYY,4,3,1.0,0.49448904089096074,0.4945,NYY,BAL,0
20250428_STL@CIN,2025-04-28,CIN,STL,3,1,1.0,0.6471908147025904,0.6472,CIN,CIN,1
20250427_ATL@AZ,2025-04-27,AZ,ATL,6,4,1.0,0.5862461565895583,0.5862,AZ,AZ,1
20250427_BAL@DET,2025-04-27,DET,BAL,7,0,1.0,0.7340310851861432,0.734,DET,DET,1
20250427_BOS@CLE,2025-04-27,CLE,BOS,3,13,0.0,0.7119594040674779,0.712,CLE,BOS,0
20250427_CIN@COL,2025-04-27,COL,CIN,1,8,0.0,0.5147394011044575,0.5147,COL,CIN,0
20250427_CWS@ATH,2025-04-27,ATH,CWS,3,2,1.0,0.5787217077916619,0.5787,ATH,ATH,1
20250427_HOU@KC,2025-04-27,KC,HOU,3,7,0.0,0.7873587979150767,0.7874,KC,HOU,0
20250427_LAA@MIN,2025-04-27,MIN,LAA,5,0,1.0,0.6295597445035832,0.6296,MIN,MIN,1
20250427_MIA@SEA,2025-04-27,SEA,MIA,7,6,1.0,0.7049204568306605,0.7049,SEA,SEA,1
20250427_MIL@STL,2025-04-27,STL,MIL,1,7,0.0,0.6858797967013405,0.6859,STL,MIL,0
20250427_NYM@WSH,2025-04-27,WSH,NYM,8,7,1.0,0.6577200738580293,0.6577,WSH,WSH,1
20250427_PHI@CHC,2025-04-27,CHC,PHI,1,3,0.0,0.6193967368045754,0.6194,CHC,PHI,0
20250427_PIT@LAD,2025-04-27,LAD,PIT,9,2,1.0,0.6700376485523589,0.67,LAD,LAD,1
20250427_TB@SD,2025-04-27,SD,TB,2,4,0.0,0.6485101141794505,0.6485,SD,TB,0
20250427_TEX@SF,2025-04-27,SF,TEX,3,2,1.0,0.7318571789677005,0.7319,SF,SF,1
20250427_TOR@NYY,2025-04-27,NYY,TOR,5,1,1.0,0.7107309719092577,0.7107,NYY,NYY,1
20250427_TOR@NYY,2025-04-27,NYY,TOR,11,2,1.0,0.7078095062789971,0.7078,NYY,NYY,1
20250426_ATL@AZ,2025-04-26,AZ,ATL,7,8,0.0,0.5248405810149448,0.5248,AZ,ATL,0
20250426_BAL@DET,2025-04-26,DET,BAL,4,3,1.0,0.7258195657246052,0.7258,DET,DET,1
20250426_BAL@DET,2025-04-26,DET,BAL,6,2,1.0,0.7808697395861965,0.7809,DET,DET,1
20250426_BOS@CLE,2025-04-26,CLE,BOS,3,7,0.0,0.7812666647600301,0.7813,CLE,BOS,0
20250426_BOS@CLE,2025-04-26,CLE,BOS,5,4,1.0,0.5770141803429805,0.577,CLE,CLE,1
20250426_CIN@COL,2025-04-26,COL,CIN,4,6,0.0,0.48687301704293146,0.4869,CIN,CIN,1
20250426_CWS@ATH,2025-04-26,ATH,CWS,3,10,0.0,0.7164005652247967,0.7164,ATH,CWS,0
20250426_HOU@KC,2025-04-26,KC,HOU,2,0,1.0,0.6580276389591302,0.658,KC,KC,1
20250426_LAA@MIN,2025-04-26,MIN,LAA,5,1,1.0,0.5932907618023084,0.5933,MIN,MIN,1
20250426_MIA@SEA,2025-04-26,SEA,MIA,14,0,1.0,0.5958619487344347,0.5959,SEA,SEA,1
20250426_MIL@STL,2025-04-26,STL,MIL,6,5,1.0,0.7401167000932118,0.7401,STL,STL,1
20250426_NYM@WSH,2025-04-26,WSH,NYM,0,2,0.0,0.6157202083523164,0.6157,WSH,NYM,0
20250426_PHI@CHC,2025-04-26,CHC,PHI,4,10,0.0,0.661969584032282,0.662,CHC,PHI,0
20250426_PIT@LAD,2025-04-26,LAD,PIT,8,4,1.0,0.7155437293366236,0.7155,LAD,LAD,1
20250426_TB@SD,2025-04-26,SD,TB,1,4,0.0,0.7408947096640038,0.7409,SD,TB,0
20250426_TEX@SF,2025-04-26,SF,TEX,3,2,1.0,0.7595570554561357,0.7596,SF,SF,1
20250425_ATL@AZ,2025-04-25,AZ,ATL,2,8,0.0,0.600924492821421,0.6009,AZ,ATL,0
20250425_CIN@COL,2025-04-25,COL,CIN,7,8,0.0,0.5067936192274656,0.5068,COL,CIN,0
20250425_CWS@ATH,2025-04-25,ATH,CWS,6,5,1.0,0.6410651796398203,0.6411,ATH,ATH,1
20250425_HOU@KC,2025-04-25,KC,HOU,2,0,1.0,0.6093144217039516,0.6093,KC,KC,1
20250425_LAA@MIN,2025-04-25,MIN,LAA,11,4,1.0,0.6141800676119671,0.6142,MIN,MIN,1
20250425_MIA@SEA,2025-04-25,SEA,MIA,4,8,0.0,0.48690289087365946,0.4869,MIA,MIA,1
20250425_MIL@STL,2025-04-25,STL,MIL,3,2,1.0,0.691603838446549,0.6916,STL,STL,1
20250425_NYM@WSH,2025-04-25,WSH,NYM,5,4,1.0,0.7281492135298174,0.7281,WSH,WSH,1
20250425_PHI@CHC,2025-04-25,CHC,PHI,4,0,1.0,0.7334926847633778,0.7335,CHC,CHC,1
20250425_PIT@LAD,2025-04-25,LAD,PIT,0,3,0.0,0.5926863867043186,0.5927,LAD,PIT,0
20250425_TB@SD,2025-04-25,SD,TB,0,1,0.0,0.7088962206750508,0.7089,SD,TB,0
20250425_TEX@SF,2025-04-25,SF,TEX,0,2,0.0,0.674188643269553,0.6742,SF,TEX,0
20250425_TOR@NYY,2025-04-25,NYY,TOR,2,4,0.0,0.6273487436616196,0.6273,NYY,TOR,0
20250424_BAL@WSH,2025-04-24,WSH,BAL,1,2,0.0,0.6763444130779103,0.6763,WSH,BAL,0
20250424_COL@KC,2025-04-24,KC,COL,6,2,1.0,0.5428094250892439,0.5428,KC,KC,1
20250424_COL@KC,2025-04-24,KC,COL,7,4,1.0,0.753360798711547,0.7534,KC,KC,1
20250424_CWS@MIN,2025-04-24,MIN,CWS,0,3,0.0,0.7867363139953027,0.7867,MIN,CWS,0
20250424_MIL@SF,2025-04-24,SF,MIL,6,5,1.0,0.630155031223922,0.6302,SF,SF,1
20250424_PIT@LAA,2025-04-24,LAA,PIT,4,3,1.0,0.5612049561023922,0.5612,LAA,LAA,1
20250424_SEA@BOS,2025-04-24,BOS,SEA,3,4,0.0,0.6405589159671166,0.6406,BOS,SEA,0
20250424_TB@AZ,2025-04-24,AZ,TB,4,7,0.0,0.7045433398109312,0.7045,AZ,TB,0
20250424_TEX@ATH,2025-04-24,ATH,TEX,4,3,1.0,0.689412946261893,0.6894,ATH,ATH,1
