game_pk,game_date,home_expected_runs,away_expected_runs,p_over_8_5,p_home_cover_1_5,p_home_win_derived,home_score,away_score,total_runs
778485,2025-04-01,4.7612,4.1045,0.4735,0.4187,0.5137,7,0,7
778486,2025-04-01,4.7612,4.1045,0.4776,0.4126,0.5121,1,4,5
778487,2025-04-01,4.7612,4.1045,0.4809,0.4154,0.5173,3,1,4
778488,2025-04-01,4.7612,4.1045,0.474,0.4176,0.5142,5,0,5
778489,2025-04-01,4.7612,4.1045,0.4811,0.4138,0.5134,1,3,4
778490,2025-04-01,4.7612,4.1045,0.4777,0.4126,0.5117,3,8,11
778491,2025-04-01,4.7612,4.1045,0.4796,0.4107,0.51,5,3,8
778492,2025-04-01,4.7612,4.1045,0.481,0.4175,0.517,5,7,12
778493,2025-04-01,4.7612,4.1045,0.4775,0.4093,0.517,7,0,7
778494,2025-04-01,4.7612,4.1045,0.4827,0.4107,0.51,4,7,11
778495,2025-04-01,4.7612,4.1045,0.474,0.4203,0.5142,7,9,16
778497,2025-04-01,4.7612,4.1045,0.472,0.409,0.5132,4,2,6
778498,2025-04-01,4.7612,4.1045,0.4708,0.4172,0.5172,0,1,1
778469,2025-04-02,4.7612,4.1045,0.4746,0.4169,0.5207,3,2,5
778471,2025-04-02,4.7612,4.1045,0.4715,0.4148,0.5164,2,10,12
778472,2025-04-02,4.7612,4.1045,0.4808,0.4245,0.5221,6,5,11
778473,2025-04-02,4.7612,4.1045,0.482,0.4246,0.5211,12,5,17
778474,2025-04-02,4.7612,4.1045,0.476,0.4118,0.5127,1,6,7
778475,2025-04-02,4.7612,4.1045,0.48,0.4195,0.512,3,6,9
778476,2025-04-02,4.7612,4.1045,0.4727,0.414,0.5091,5,2,7
778477,2025-04-02,4.7612,4.1045,0.4765,0.4098,0.5112,3,2,5
778478,2025-04-02,4.7612,4.1045,0.4644,0.4138,0.5139,4,2,6
778479,2025-04-02,4.7612,4.1045,0.4876,0.412,0.5153,2,4,6
778480,2025-04-02,4.7612,4.1045,0.4788,0.4219,0.5222,0,1,1
778481,2025-04-02,4.7612,4.1045,0.4805,0.4136,0.5112,5,6,11
778482,2025-04-02,4.7612,4.1045,0.478,0.4194,0.5202,5,1,6
778483,2025-04-02,4.7612,4.1045,0.4828,0.4095,0.5136,0,3,3
778484,2025-04-02,4.7612,4.1045,0.4789,0.4096,0.5108,3,4,7
778462,2025-04-03,4.7612,4.1045,0.4784,0.4151,0.5122,2,5,7
778466,2025-04-03,4.7612,4.1045,0.4796,0.429,0.5291,9,7,16
778467,2025-04-03,4.7612,4.1045,0.4716,0.4223,0.5187,3,1,4
778468,2025-04-03,4.7612,4.1045,0.4785,0.4127,0.5089,1,0,1
778470,2025-04-03,4.7612,4.1045,0.473,0.4192,0.5199,4,8,12
778444,2025-04-04,4.7612,4.1045,0.4832,0.4215,0.5192,10,9,19
778447,2025-04-04,4.7612,4.1045,0.4776,0.415,0.5154,6,8,14
778453,2025-04-04,4.7612,4.1045,0.4724,0.4084,0.5105,3,2,5
778454,2025-04-04,4.7612,4.1045,0.4742,0.4139,0.5154,5,2,7
778455,2025-04-04,4.7612,4.1045,0.4733,0.4098,0.517,8,2,10
778456,2025-04-04,4.7612,4.1045,0.4767,0.4101,0.5161,3,6,9
778457,2025-04-04,4.7612,4.1045,0.4696,0.4117,0.5113,4,6,10
778458,2025-04-04,4.7612,4.1045,0.4809,0.4037,0.5044,7,4,11
778459,2025-04-04,4.7612,4.1045,0.4738,0.4129,0.5148,3,2,5
778460,2025-04-04,4.7612,4.1045,0.4827,0.4188,0.5149,3,1,4
778461,2025-04-04,4.7612,4.1045,0.471,0.4113,0.5112,4,9,13
778463,2025-04-04,4.7612,4.1045,0.4812,0.4088,0.5106,13,9,22
778464,2025-04-04,4.7612,4.1045,0.4773,0.4212,0.52,10,0,10
778465,2025-04-04,4.7612,4.1045,0.4725,0.4195,0.5181,5,0,5
778436,2025-04-05,4.7612,4.1045,0.4785,0.4155,0.5146,4,1,5
778437,2025-04-05,4.7612,4.1045,0.479,0.4168,0.5136,10,4,14
778438,2025-04-05,4.7612,4.1045,0.4763,0.4078,0.5086,6,4,10
778439,2025-04-05,4.7612,4.1045,0.4751,0.4145,0.514,7,11,18
778440,2025-04-05,4.7612,4.1045,0.4749,0.4069,0.5073,6,1,7
778441,2025-04-05,4.7612,4.1045,0.4723,0.4111,0.5122,1,8,9
778442,2025-04-05,4.7612,4.1045,0.4799,0.419,0.5175,4,7,11
778445,2025-04-05,4.7612,4.1045,0.4817,0.4179,0.5186,7,2,9
778446,2025-04-05,4.7612,4.1045,0.4673,0.4091,0.5099,3,2,5
778448,2025-04-05,4.7612,4.1045,0.4815,0.4227,0.5216,1,3,4
778449,2025-04-05,4.7612,4.1045,0.4835,0.4123,0.5142,4,10,14
778450,2025-04-05,4.7612,4.1045,0.48,0.415,0.5144,7,1,8
778451,2025-04-05,4.7612,4.1045,0.4805,0.4129,0.5107,0,4,4
778452,2025-04-05,4.7612,4.1045,0.4708,0.4143,0.5133,4,3,7
778419,2025-04-06,4.7612,4.1045,0.4787,0.4022,0.5021,7,9,16
778420,2025-04-06,4.7612,4.1045,0.4762,0.4092,0.512,4,3,7
778421,2025-04-06,4.7612,4.1045,0.4814,0.4184,0.5138,8,2,10
778422,2025-04-06,4.7612,4.1045,0.477,0.4114,0.5132,4,1,5
778423,2025-04-06,4.7612,4.1045,0.4785,0.4186,0.5164,12,5,17
778425,2025-04-06,4.7612,4.1045,0.4757,0.4133,0.5156,6,2,8
778427,2025-04-06,4.7612,4.1045,0.4805,0.4184,0.5171,5,4,9
778428,2025-04-06,4.7612,4.1045,0.4778,0.427,0.526,5,4,9
778429,2025-04-06,4.7612,4.1045,0.4803,0.4141,0.5143,5,4,9
778430,2025-04-06,4.7612,4.1045,0.4816,0.4174,0.5222,7,8,15
778432,2025-04-06,4.7612,4.1045,0.481,0.4174,0.5134,18,7,25
778433,2025-04-06,4.7612,4.1045,0.4812,0.4192,0.522,4,3,7
778434,2025-04-06,4.7612,4.1045,0.475,0.4073,0.5077,8,7,15
778435,2025-04-06,4.7612,4.1045,0.4723,0.4099,0.5087,2,1,3
778443,2025-04-06,4.7612,4.1045,0.4666,0.4181,0.5159,5,4,9
778405,2025-04-07,4.7612,4.1045,0.4769,0.4209,0.5176,4,3,7
778410,2025-04-07,4.7612,4.1045,0.473,0.417,0.5141,0,2,2
778411,2025-04-07,4.7612,4.1045,0.4797,0.4109,0.515,7,0,7
778412,2025-04-07,4.7612,4.1045,0.4719,0.4111,0.5056,4,2,6
778413,2025-04-07,4.7612,4.1045,0.4828,0.4214,0.5215,1,5,6
778414,2025-04-07,4.7612,4.1045,0.4827,0.42,0.5161,4,5,9
778415,2025-04-07,4.7612,4.1045,0.4832,0.4094,0.5113,8,4,12
778416,2025-04-07,4.7612,4.1045,0.4745,0.4104,0.5109,2,0,2
778418,2025-04-07,4.7612,4.1045,0.476,0.4126,0.5105,6,4,10
778424,2025-04-07,4.7612,4.1045,0.4797,0.4121,0.5137,6,2,8
778426,2025-04-07,4.7612,4.1045,0.4737,0.4235,0.5199,2,6,8
778394,2025-04-08,4.7914,4.0194,0.4698,0.4288,0.5317,1,7,8
778395,2025-04-08,4.7914,4.0194,0.4732,0.4194,0.5203,10,4,14
778396,2025-04-08,4.7587,4.0194,0.4781,0.4154,0.5189,4,3,7
778397,2025-04-08,4.7914,3.997,0.466,0.4182,0.5242,0,1,1
778398,2025-04-08,4.7587,3.997,0.4639,0.4151,0.5143,1,2,3
778400,2025-04-08,4.7914,3.997,0.4684,0.4193,0.5164,2,1,3
778401,2025-04-08,4.7914,4.0194,0.4731,0.4247,0.5212,10,6,16
778402,2025-04-08,4.7914,3.997,0.4651,0.4311,0.5308,1,0,1
778403,2025-04-08,4.7914,4.0194,0.4783,0.4283,0.5266,5,0,5
778404,2025-04-08,4.7914,4.0194,0.467,0.4236,0.52,1,6,7
778406,2025-04-08,4.7914,4.0194,0.4718,0.4141,0.5192,7,5,12
778407,2025-04-08,4.7914,3.997,0.4749,0.4282,0.533,10,5,15
778408,2025-04-08,4.7914,3.997,0.475,0.4307,0.5308,3,5,8
778409,2025-04-08,4.7914,4.0194,0.4713,0.4233,0.5208,8,2,10
778417,2025-04-08,4.7587,4.0194,0.4697,0.4191,0.5228,3,4,7
778376,2025-04-09,4.7914,3.997,0.4712,0.4284,0.5284,8,6,14
778379,2025-04-09,4.7914,4.0194,0.469,0.4282,0.528,2,17,19
778380,2025-04-09,4.7587,3.997,0.4726,0.4259,0.5256,9,0,9
778381,2025-04-09,4.7914,4.0194,0.4769,0.4199,0.5192,1,2,3
778383,2025-04-09,4.7587,3.997,0.4718,0.4249,0.5202,7,6,13
778385,2025-04-09,4.7914,4.0194,0.4748,0.4284,0.5238,2,6,8
778386,2025-04-09,4.7914,4.0194,0.4795,0.4299,0.5291,1,2,3
778387,2025-04-09,4.7914,4.0194,0.4699,0.4253,0.5217,3,4,7
778388,2025-04-09,4.7914,3.997,0.4706,0.4205,0.5188,0,4,4
778389,2025-04-09,4.7914,3.997,0.469,0.4367,0.5319,2,1,3
778390,2025-04-09,4.7914,3.997,0.4635,0.4249,0.5257,0,5,5
778391,2025-04-09,4.7914,3.997,0.4765,0.4325,0.5286,3,2,5
778392,2025-04-09,4.7914,4.0194,0.4691,0.4308,0.528,5,6,11
778393,2025-04-09,4.7914,4.0194,0.4776,0.4293,0.5248,3,4,7
778399,2025-04-09,4.7587,4.0194,0.457,0.4136,0.5164,5,4,9
778371,2025-04-10,4.7914,4.0194,0.4685,0.4151,0.5118,7,2,9
778373,2025-04-10,4.7914,3.997,0.4741,0.4189,0.5242,3,2,5
778377,2025-04-10,4.7914,4.0194,0.4725,0.4189,0.5182,4,3,7
778378,2025-04-10,4.7914,3.997,0.469,0.415,0.5197,6,1,7
778382,2025-04-10,4.7587,4.0194,0.469,0.419,0.5178,1,11,12
778384,2025-04-10,4.7914,4.0194,0.4786,0.4297,0.5274,4,2,6
778356,2025-04-11,4.7914,4.0194,0.4736,0.4145,0.5104,3,0,3
778358,2025-04-11,4.7914,4.0194,0.4646,0.4161,0.5165,6,7,13
778360,2025-04-11,4.7587,4.0194,0.4658,0.4203,0.5218,5,3,8
778361,2025-04-11,4.7914,3.997,0.4715,0.4233,0.5217,8,0,8
778363,2025-04-11,4.7587,4.0194,0.47,0.4242,0.5234,6,7,13
778364,2025-04-11,4.7587,4.0194,0.4759,0.418,0.5198,0,7,7
778365,2025-04-11,4.7914,4.0194,0.4673,0.4208,0.5204,2,0,2
778366,2025-04-11,4.7914,4.0194,0.4741,0.4236,0.5187,11,1,12
778367,2025-04-11,4.7587,3.997,0.4583,0.4243,0.5211,6,3,9
778368,2025-04-11,4.7587,4.0194,0.4658,0.423,0.5221,14,3,17
778369,2025-04-11,4.7587,3.997,0.4602,0.4198,0.5189,4,7,11
778370,2025-04-11,4.7914,4.0194,0.4681,0.4225,0.5237,1,9,10
778374,2025-04-11,4.7914,3.997,0.4703,0.4266,0.5296,5,3,8
778375,2025-04-11,4.7914,4.0194,0.4792,0.4285,0.5299,7,0,7
778341,2025-04-12,4.7587,4.0194,0.4764,0.4177,0.5128,9,2,11
778345,2025-04-12,4.7914,4.0194,0.4729,0.4185,0.5171,0,16,16
778346,2025-04-12,4.7914,4.0194,0.4747,0.4209,0.5163,3,1,4
778347,2025-04-12,4.7914,4.0194,0.4799,0.4197,0.5204,1,4,5
778348,2025-04-12,4.7587,4.0194,0.4661,0.4124,0.5139,0,4,4
778349,2025-04-12,4.7914,3.997,0.4772,0.4187,0.519,3,2,5
778350,2025-04-12,4.7587,4.0194,0.4721,0.4128,0.5182,5,4,9
778351,2025-04-12,4.7587,4.0194,0.4668,0.419,0.5233,1,4,5
778352,2025-04-12,4.7914,3.997,0.4658,0.4281,0.5282,2,0,2
778353,2025-04-12,4.7587,3.997,0.4743,0.414,0.5126,4,5,9
778354,2025-04-12,4.7587,4.0194,0.471,0.4205,0.5201,7,6,13
778355,2025-04-12,4.7914,4.0194,0.471,0.4196,0.5196,8,4,12
778357,2025-04-12,4.7914,3.997,0.471,0.4238,0.5243,5,2,7
778359,2025-04-12,4.7914,3.997,0.4714,0.419,0.5209,6,3,9
778362,2025-04-12,4.7914,4.0194,0.4745,0.4183,0.5172,5,4,9
778329,2025-04-13,4.7587,4.0194,0.4759,0.4223,0.523,7,3,10
778330,2025-04-13,4.7914,3.997,0.4701,0.418,0.5227,6,0,6
778331,2025-04-13,4.7914,4.0194,0.4692,0.4233,0.5247,2,4,6
778332,2025-04-13,4.7587,4.0194,0.4657,0.4224,0.5189,5,2,7
778333,2025-04-13,4.7914,4.0194,0.4704,0.4143,0.5137,0,8,8
778334,2025-04-13,4.7587,4.0194,0.4682,0.4157,0.5134,3,1,4
778335,2025-04-13,4.7587,4.0194,0.4641,0.4094,0.5068,5,1,6
778336,2025-04-13,4.7914,4.0194,0.4753,0.4262,0.529,7,0,7
778337,2025-04-13,4.7587,3.997,0.4724,0.4278,0.5243,11,4,15
778338,2025-04-13,4.7914,3.997,0.4724,0.4318,0.5327,1,3,4
778339,2025-04-13,4.7914,4.0194,0.4771,0.4286,0.5267,4,5,9
778340,2025-04-13,4.7587,3.997,0.4659,0.4185,0.5248,8,3,11
778342,2025-04-13,4.7914,3.997,0.4799,0.4263,0.5289,2,4,6
778343,2025-04-13,4.7914,3.997,0.4727,0.4306,0.5312,4,0,4
778344,2025-04-13,4.7914,4.0194,0.4799,0.4156,0.5145,6,7,13
778315,2025-04-14,4.7914,4.0194,0.4776,0.4242,0.5224,10,4,14
778320,2025-04-14,4.7914,4.0194,0.4753,0.4206,0.5209,4,10,14
778321,2025-04-14,4.7914,3.997,0.4752,0.422,0.5232,10,3,13
778322,2025-04-14,4.7587,3.997,0.4669,0.4194,0.5182,4,8,12
778323,2025-04-14,4.7587,4.0194,0.4627,0.4205,0.5233,1,9,10
778324,2025-04-14,4.7587,4.0194,0.4711,0.4284,0.5309,1,5,6
778325,2025-04-14,4.7914,3.997,0.4721,0.423,0.5219,8,3,11
778326,2025-04-14,4.7914,3.997,0.4733,0.4313,0.5256,5,3,8
778327,2025-04-14,4.7914,4.0194,0.4783,0.417,0.5155,4,1,5
778328,2025-04-14,4.7587,3.997,0.4756,0.4261,0.5284,16,1,17
778302,2025-04-15,4.7408,3.4991,0.4192,0.4568,0.5628,6,2,8
778305,2025-04-15,4.6619,3.834,0.4464,0.4266,0.5304,1,2,3
778306,2025-04-15,4.6926,3.9441,0.4584,0.4236,0.5231,4,0,4
778307,2025-04-15,4.7832,3.8532,0.4613,0.4361,0.5372,6,3,9
778308,2025-04-15,4.6619,3.6346,0.422,0.4493,0.5536,0,2,2
778309,2025-04-15,4.6619,3.8879,0.4496,0.4231,0.5246,3,12,15
778310,2025-04-15,4.6619,4.0348,0.466,0.4071,0.5123,5,0,5
778311,2025-04-15,4.6926,3.7401,0.4382,0.4289,0.535,6,3,9
778312,2025-04-15,4.7105,3.5183,0.4209,0.4458,0.5537,4,2,6
778313,2025-04-15,4.6797,4.2589,0.4813,0.3982,0.4925,6,4,10
778314,2025-04-15,4.6619,4.0517,0.4593,0.4104,0.5114,0,3,3
778316,2025-04-15,4.6926,3.7718,0.4425,0.4404,0.5506,8,4,12
778317,2025-04-15,4.7832,4.0616,0.4751,0.4168,0.5196,3,6,9
778318,2025-04-15,4.6926,4.0744,0.4712,0.4073,0.5097,4,10,14
778319,2025-04-15,4.6926,3.8417,0.4436,0.4319,0.5387,4,7,11
778287,2025-04-16,4.7408,3.8119,0.4459,0.438,0.5442,8,7,15
778288,2025-04-16,4.6797,3.8598,0.4404,0.4184,0.5233,4,2,6
778289,2025-04-16,4.7375,3.8569,0.4521,0.4277,0.5269,3,1,4
778290,2025-04-16,4.6619,4.046,0.4551,0.4095,0.5123,4,1,5
778293,2025-04-16,4.6955,3.7738,0.4378,0.4339,0.5361,6,1,7
778294,2025-04-16,4.6955,3.6458,0.4405,0.448,0.5502,1,3,4
778295,2025-04-16,4.6619,4.0818,0.4691,0.4028,0.5022,5,1,6
778296,2025-04-16,4.6619,3.8218,0.4391,0.4289,0.5359,4,11,15
778297,2025-04-16,4.7105,3.9166,0.4539,0.4313,0.5338,3,1,4
778298,2025-04-16,4.7375,4.0292,0.4601,0.4136,0.51,0,1,1
778299,2025-04-16,4.6619,3.8446,0.4491,0.4219,0.5228,4,3,7
778300,2025-04-16,4.7408,3.6018,0.4281,0.4519,0.5566,4,3,7
778301,2025-04-16,4.7832,4.1478,0.4807,0.409,0.503,9,1,10
778303,2025-04-16,4.6926,4.1894,0.4817,0.398,0.4936,2,6,8
778304,2025-04-16,4.7458,3.8673,0.4558,0.4276,0.5332,3,5,8
778278,2025-04-17,4.6926,3.8231,0.4425,0.4243,0.5251,4,1,5
778279,2025-04-17,4.6797,4.1231,0.472,0.4013,0.5021,6,4,10
778280,2025-04-17,4.6926,3.8799,0.449,0.4252,0.5273,1,0,1
778281,2025-04-17,4.7375,4.0478,0.4683,0.4251,0.5226,5,3,8
778282,2025-04-17,4.7105,4.0803,0.4755,0.4158,0.51,3,6,9
778283,2025-04-17,4.673,3.7516,0.4409,0.4323,0.5355,0,8,8
778285,2025-04-17,4.6926,4.1143,0.4779,0.4076,0.5061,7,11,18
778286,2025-04-17,4.6926,3.7037,0.4419,0.4349,0.5385,6,1,7
778291,2025-04-17,4.6926,4.1955,0.4823,0.4012,0.5007,4,6,10
778292,2025-04-17,4.6619,3.9602,0.4537,0.4063,0.5082,6,2,8
778260,2025-04-18,4.6926,3.9798,0.4692,0.4128,0.5152,2,0,2
778261,2025-04-18,4.6797,3.8448,0.4531,0.4315,0.5251,5,3,8
778263,2025-04-18,4.6926,3.952,0.4586,0.4227,0.5192,0,3,3
778268,2025-04-18,4.6926,4.1894,0.4835,0.398,0.5013,13,11,24
778269,2025-04-18,4.6797,4.1794,0.4751,0.4023,0.5056,6,4,10
778270,2025-04-18,4.7105,4.0356,0.4623,0.4153,0.515,5,4,9
778271,2025-04-18,4.6955,4.1185,0.476,0.4164,0.5112,7,10,17
778272,2025-04-18,4.6926,4.0803,0.4691,0.4109,0.5104,0,1,1
778273,2025-04-18,4.6926,3.8514,0.4438,0.4225,0.5285,3,1,4
778274,2025-04-18,4.6797,3.9715,0.4584,0.4137,0.5109,7,2,9
778275,2025-04-18,4.6797,3.6722,0.4308,0.438,0.5419,10,3,13
778276,2025-04-18,4.7458,3.6918,0.4277,0.4453,0.5502,3,8,11
778277,2025-04-18,4.6926,3.6018,0.4227,0.4511,0.5556,7,3,10
778284,2025-04-18,4.7832,3.9674,0.4639,0.4268,0.527,6,4,10
778243,2025-04-19,4.6926,4.0823,0.467,0.4174,0.5203,2,3,5
778247,2025-04-19,4.7148,3.9916,0.4602,0.4108,0.5113,11,12,23
778251,2025-04-19,4.6926,4.0324,0.4719,0.4188,0.5221,4,3,7
778252,2025-04-19,4.6619,3.932,0.4566,0.4148,0.5175,11,10,21
778253,2025-04-19,4.6619,3.9058,0.4537,0.4147,0.5147,1,3,4
778254,2025-04-19,4.7105,4.0942,0.473,0.413,0.5049,0,3,3
778255,2025-04-19,4.7105,4.0744,0.4693,0.4136,0.5125,10,8,18
778256,2025-04-19,4.6926,3.9815,0.4729,0.4213,0.5242,3,0,3
778257,2025-04-19,4.7832,4.1157,0.4783,0.4143,0.5134,6,2,8
778258,2025-04-19,4.7458,3.8709,0.4609,0.4335,0.5331,4,8,12
778259,2025-04-19,4.6797,3.9945,0.4635,0.4158,0.5195,3,2,5
778262,2025-04-19,4.7832,3.8829,0.4604,0.4337,0.539,9,5,14
778264,2025-04-19,4.7105,3.5812,0.4271,0.4549,0.5561,4,3,7
778265,2025-04-19,4.6926,3.5697,0.421,0.4521,0.5632,3,1,4
778267,2025-04-19,4.7832,3.914,0.463,0.433,0.5294,4,3,7
778232,2025-04-20,4.6926,4.0874,0.4685,0.4204,0.5163,5,4,9
778234,2025-04-20,4.7105,3.952,0.4616,0.4247,0.5276,0,1,1
778235,2025-04-20,4.6619,3.927,0.4456,0.4221,0.5222,2,3,5
778236,2025-04-20,4.6926,4.0882,0.4729,0.4162,0.5162,2,3,5
778237,2025-04-20,4.6797,4.2542,0.4874,0.3936,0.4937,2,3,5
778239,2025-04-20,4.7832,4.1608,0.4844,0.4186,0.5156,14,1,15
778240,2025-04-20,4.7458,3.9572,0.4611,0.4296,0.5294,0,4,4
778241,2025-04-20,4.6926,3.9786,0.4639,0.4138,0.514,3,8,11
778242,2025-04-20,4.6926,3.7174,0.4405,0.4376,0.5448,4,5,9
778244,2025-04-20,4.7105,3.8541,0.4458,0.4218,0.5204,7,4,11
778245,2025-04-20,4.7408,3.8639,0.4595,0.4402,0.5441,4,8,12
778246,2025-04-20,4.7105,3.5183,0.4246,0.4508,0.5555,3,4,7
778248,2025-04-20,4.6797,4.0995,0.4682,0.4116,0.5129,5,7,12
778249,2025-04-20,4.6926,3.6679,0.4277,0.4437,0.549,6,2,8
778250,2025-04-20,4.7832,3.8258,0.4512,0.4412,0.5382,2,24,26
778266,2025-04-20,4.7375,3.6711,0.4415,0.4413,0.5423,3,1,4
778225,2025-04-21,4.6619,4.1915,0.474,0.4001,0.4987,5,4,9
778226,2025-04-21,4.7105,3.8824,0.4469,0.4289,0.5308,5,2,7
778227,2025-04-21,4.6926,4.0744,0.4696,0.4061,0.5141,6,4,10
778228,2025-04-21,4.7408,3.9428,0.4548,0.4253,0.5265,6,4,10
778230,2025-04-21,4.7105,4.038,0.4698,0.4215,0.515,6,3,9
778231,2025-04-21,4.6619,3.7305,0.4346,0.4283,0.5357,7,0,7
778233,2025-04-21,4.6926,3.8171,0.4544,0.4344,0.5397,7,6,13
778238,2025-04-21,4.7038,3.9349,0.457,0.434,0.5329,4,2,6
778210,2025-04-22,4.616,4.3448,0.4854,0.3909,0.4888,3,11,14
778211,2025-04-22,4.6432,3.9532,0.4587,0.4123,0.5119,3,9,12
778212,2025-04-22,4.616,3.9222,0.4569,0.4152,0.5119,5,1,6
778213,2025-04-22,4.616,3.8592,0.4401,0.4236,0.5293,5,8,13
778215,2025-04-22,4.6686,3.7684,0.444,0.4302,0.5308,4,3,7
778216,2025-04-22,4.6496,4.3207,0.4869,0.3811,0.4787,4,2,6
778217,2025-04-22,4.6953,3.766,0.4455,0.4351,0.5375,5,1,6
778218,2025-04-22,4.6432,4.2669,0.4788,0.395,0.4917,3,2,5
778219,2025-04-22,4.6953,4.6196,0.5049,0.37,0.4683,4,3,7
778220,2025-04-22,4.6432,3.8934,0.4451,0.4226,0.5263,11,10,21
778221,2025-04-22,4.6686,4.0871,0.472,0.4039,0.5017,0,2,2
778222,2025-04-22,4.6432,4.2744,0.4764,0.3935,0.4902,7,0,7
778223,2025-04-22,4.616,3.9218,0.4498,0.4067,0.5151,5,1,6
778224,2025-04-22,4.6953,3.9098,0.4494,0.4244,0.5237,8,3,11
778229,2025-04-22,4.6686,4.1208,0.4653,0.3988,0.5026,4,10,14
778197,2025-04-23,4.616,4.0719,0.4651,0.4024,0.5001,5,2,7
778198,2025-04-23,4.6686,4.2179,0.4819,0.3924,0.4942,4,2,6
778199,2025-04-23,4.6686,3.8847,0.4508,0.4258,0.5256,6,7,13
778200,2025-04-23,4.6432,3.8664,0.4475,0.4187,0.5221,3,1,4
778201,2025-04-23,4.6686,4.3487,0.4916,0.3822,0.4799,6,3,9
778202,2025-04-23,4.6432,3.8278,0.4379,0.4109,0.5166,0,3,3
778203,2025-04-23,4.6686,4.2173,0.4828,0.3959,0.4955,4,3,7
778204,2025-04-23,4.6432,4.1701,0.4674,0.3967,0.4976,4,3,7
778205,2025-04-23,4.6432,4.1651,0.473,0.3985,0.4966,7,6,13
778206,2025-04-23,4.6432,4.2233,0.4843,0.3913,0.4914,1,5,6
778207,2025-04-23,4.6953,4.2183,0.4876,0.3921,0.4935,5,8,13
778208,2025-04-23,4.6432,4.5301,0.502,0.3676,0.4593,2,5,7
778209,2025-04-23,4.6432,4.3768,0.4867,0.3864,0.483,6,0,6
778214,2025-04-23,4.6953,3.9424,0.4541,0.4208,0.5208,4,1,5
778188,2025-04-24,4.616,3.8778,0.4381,0.4195,0.5234,4,7,11
778189,2025-04-24,4.6496,4.1493,0.4734,0.402,0.4993,0,3,3
778190,2025-04-24,4.6686,3.8944,0.4536,0.424,0.5221,7,4,11
778191,2025-04-24,4.6432,3.976,0.4512,0.4169,0.5208,4,3,7
778192,2025-04-24,4.6686,3.9035,0.447,0.4144,0.5169,4,3,7
778193,2025-04-24,4.6686,4.3028,0.4849,0.3953,0.4861,1,2,3
778194,2025-04-24,4.6686,4.3813,0.4905,0.3927,0.4901,6,5,11
778195,2025-04-24,4.616,3.7864,0.4296,0.4258,0.5319,6,2,8
778196,2025-04-24,4.616,3.8839,0.4401,0.4225,0.5255,3,4,7
778171,2025-04-25,4.6432,3.8637,0.444,0.4213,0.5238,0,2,2
778172,2025-04-25,4.6432,3.9452,0.4552,0.4231,0.5227,0,1,1
778175,2025-04-25,4.6686,4.3537,0.4917,0.3863,0.4872,4,8,12
778176,2025-04-25,4.6686,4.0208,0.4581,0.4124,0.509,0,3,3
778177,2025-04-25,4.616,4.2366,0.4754,0.392,0.49,2,8,10
778178,2025-04-25,4.616,4.2905,0.4832,0.3846,0.4817,6,5,11
778181,2025-04-25,4.6432,3.9027,0.4507,0.4159,0.5151,7,8,15
778182,2025-04-25,4.6432,4.0322,0.4637,0.4114,0.5115,4,0,4
778183,2025-04-25,4.6432,4.0534,0.4652,0.4051,0.5052,5,4,9
778184,2025-04-25,4.6432,4.3809,0.4819,0.3816,0.4819,3,2,5
778185,2025-04-25,4.6953,4.0741,0.4742,0.4057,0.5013,2,4,6
778186,2025-04-25,4.6432,3.8097,0.4434,0.4251,0.5337,11,4,15
778187,2025-04-25,4.616,4.1809,0.4659,0.3884,0.4871,2,0,2
778154,2025-04-26,4.616,4.2507,0.4701,0.3931,0.4927,14,0,14
778159,2025-04-26,4.6432,3.8714,0.4419,0.4219,0.5186,3,2,5
778160,2025-04-26,4.6953,4.0955,0.4684,0.4061,0.5068,1,4,5
778161,2025-04-26,4.6432,3.928,0.4511,0.4175,0.5201,4,6,10
778162,2025-04-26,4.616,4.0995,0.4605,0.4022,0.5095,7,8,15
778163,2025-04-26,4.6432,4.0125,0.456,0.4182,0.5171,8,4,12
778164,2025-04-26,4.6432,4.2519,0.471,0.4047,0.5034,6,5,11
778165,2025-04-26,4.6953,4.2905,0.4912,0.3926,0.4905,3,10,13
778166,2025-04-26,4.6432,3.8097,0.4429,0.4294,0.5283,5,1,6
778167,2025-04-26,4.6432,3.8748,0.443,0.4224,0.524,2,0,2
778168,2025-04-26,4.6432,4.2188,0.4671,0.4068,0.5012,4,3,7
778169,2025-04-26,4.6953,4.2773,0.4952,0.406,0.4969,3,7,10
778173,2025-04-26,4.6432,4.1655,0.4805,0.4045,0.5038,0,2,2
778174,2025-04-26,4.6686,3.8381,0.4354,0.4187,0.5205,4,10,14
778179,2025-04-26,4.6432,4.2464,0.484,0.3968,0.491,5,4,9
778180,2025-04-26,4.6953,3.945,0.4587,0.4167,0.5252,6,2,8
778136,2025-04-27,4.6953,3.8369,0.4512,0.4356,0.5369,7,6,13
778144,2025-04-27,4.6432,3.5594,0.4157,0.4467,0.5467,5,0,5
778145,2025-04-27,4.6686,4.0864,0.4586,0.4064,0.5038,9,2,11
778146,2025-04-27,4.6432,4.1524,0.4785,0.4036,0.5034,2,4,6
778147,2025-04-27,4.616,4.0676,0.4611,0.4072,0.5047,6,4,10
778148,2025-04-27,4.6496,3.9151,0.4564,0.4207,0.5182,1,8,9
778149,2025-04-27,4.616,3.6859,0.4263,0.4401,0.5431,3,2,5
778150,2025-04-27,4.6432,4.0633,0.4636,0.4108,0.5123,1,7,8
778151,2025-04-27,4.6432,3.887,0.4516,0.4241,0.5273,3,2,5
778152,2025-04-27,4.6432,3.781,0.4388,0.425,0.5327,3,7,10
778153,2025-04-27,4.6432,3.9464,0.4503,0.4159,0.5166,8,7,15
778155,2025-04-27,4.6432,3.87,0.4472,0.417,0.5181,7,0,7
778156,2025-04-27,4.616,3.8367,0.4336,0.4258,0.5258,11,2,13
778157,2025-04-27,4.6432,4.0281,0.4622,0.4024,0.5038,3,13,16
778158,2025-04-27,4.6432,4.2601,0.4864,0.3954,0.4946,1,3,4
778170,2025-04-27,4.6953,3.799,0.4421,0.4307,0.5342,5,1,6
778132,2025-04-28,4.616,4.3629,0.4812,0.3761,0.4797,7,6,13
778137,2025-04-28,4.6432,4.1262,0.4713,0.4069,0.504,3,6,9
778138,2025-04-28,4.6432,3.957,0.4566,0.4167,0.5181,5,19,24
778139,2025-04-28,4.6432,3.9066,0.4566,0.417,0.5172,1,11,12
778140,2025-04-28,4.616,4.2793,0.4892,0.3969,0.4896,4,3,7
778141,2025-04-28,4.6432,3.801,0.4449,0.4353,0.541,3,1,4
778142,2025-04-28,4.6432,3.8684,0.4515,0.418,0.5217,8,5,13
778143,2025-04-28,4.616,3.874,0.4496,0.4185,0.5186,1,2,3
778120,2025-04-29,4.3813,4.1868,0.4531,0.3731,0.4739,2,8,10
778121,2025-04-29,5.2118,3.842,0.4957,0.468,0.5663,5,3,8
778122,2025-04-29,4.0944,4.363,0.4458,0.3281,0.4286,15,2,17
778123,2025-04-29,4.7013,3.8211,0.4493,0.4253,0.5272,15,2,17
778124,2025-04-29,4.3105,4.5953,0.481,0.351,0.4494,6,4,10
778125,2025-04-29,4.861,4.2679,0.4966,0.3998,0.4964,2,7,9
778126,2025-04-29,4.2075,4.0132,0.4322,0.3732,0.4799,7,4,11
778127,2025-04-29,4.4018,4.1421,0.4438,0.3663,0.4656,2,10,12
778128,2025-04-29,4.0124,3.7577,0.3836,0.3739,0.4799,1,3,4
778129,2025-04-29,4.277,3.7954,0.4089,0.3942,0.5007,2,1,3
778130,2025-04-29,4.8463,4.1165,0.4877,0.4173,0.5166,8,3,11
778131,2025-04-29,4.6856,3.792,0.4476,0.4323,0.5357,7,6,13
778133,2025-04-29,4.8074,4.117,0.4826,0.4194,0.5136,3,15,18
778135,2025-04-29,4.2285,3.7647,0.404,0.3968,0.504,0,9,9
778102,2025-04-30,4.6024,4.2618,0.4777,0.3897,0.4897,2,1,3
778104,2025-04-30,5.1761,3.7082,0.4737,0.478,0.5729,9,3,12
778105,2025-04-30,4.3804,4.0293,0.4402,0.3725,0.4721,5,3,8
778106,2025-04-30,3.7945,4.2006,0.3971,0.3203,0.4197,1,7,8
778109,2025-04-30,4.6529,3.9033,0.4524,0.4188,0.5194,12,7,19
778110,2025-04-30,4.8579,4.3233,0.4934,0.406,0.4963,4,7,11
778111,2025-04-30,4.3948,4.5662,0.4846,0.3481,0.4421,4,6,10
778112,2025-04-30,3.9989,3.8702,0.3897,0.3546,0.4623,4,3,7
778113,2025-04-30,3.9876,3.8912,0.3904,0.3515,0.4605,0,3,3
778114,2025-04-30,4.5401,4.1057,0.4587,0.3923,0.4932,7,6,13
778115,2025-04-30,4.1709,4.1849,0.4309,0.3506,0.4579,5,4,9
778116,2025-04-30,4.7196,3.9037,0.4506,0.4276,0.532,4,2,6
778117,2025-04-30,4.5238,4.1519,0.4587,0.391,0.4914,3,4,7
778118,2025-04-30,4.959,3.6079,0.454,0.4637,0.5698,7,2,9
778119,2025-04-30,4.6677,3.81,0.4486,0.4243,0.5275,1,9,10
778134,2025-04-30,4.8614,4.1496,0.4918,0.4175,0.5188,0,6,6
778094,2025-05-01,4.306,4.5091,0.4716,0.3441,0.4398,8,0,8
778095,2025-05-01,4.1957,4.1864,0.4391,0.3509,0.4568,4,2,6
778096,2025-05-01,4.1325,4.1466,0.4344,0.3583,0.4592,0,3,3
778097,2025-05-01,4.5301,3.7773,0.4211,0.4159,0.5177,2,8,10
778098,2025-05-01,4.1891,3.6657,0.3954,0.3885,0.4955,3,4,7
778099,2025-05-01,4.3583,3.6684,0.3981,0.3992,0.5002,2,4,6
778100,2025-05-01,4.2932,4.0581,0.4339,0.3673,0.4697,3,8,11
778101,2025-05-01,4.2083,4.4553,0.4512,0.3241,0.4286,4,10,14
778103,2025-05-01,4.6393,4.2659,0.4777,0.3923,0.4918,2,4,6
778107,2025-05-01,4.5712,4.0227,0.4539,0.4065,0.504,9,1,10
778108,2025-05-01,4.5123,4.2223,0.469,0.3813,0.4788,4,3,7
778079,2025-05-02,4.4269,4.381,0.4715,0.3648,0.4614,7,3,10
778080,2025-05-02,4.4264,4.1998,0.4628,0.3806,0.4779,0,10,10
778081,2025-05-02,3.8481,4.3792,0.4187,0.3078,0.4075,5,3,8
778082,2025-05-02,4.3398,3.8234,0.4169,0.4067,0.5109,4,0,4
778083,2025-05-02,3.9286,4.2193,0.4137,0.3287,0.4306,1,13,14
778084,2025-05-02,4.1503,4.0384,0.4199,0.3573,0.4547,3,9,12
778085,2025-05-02,4.3894,4.192,0.4509,0.3747,0.4788,1,9,10
778086,2025-05-02,4.6276,4.0978,0.4667,0.3985,0.5038,3,2,5
778087,2025-05-02,4.6852,3.7828,0.4459,0.4362,0.5399,6,1,7
778088,2025-05-02,5.1698,4.3546,0.5304,0.4285,0.5185,3,0,3
778089,2025-05-02,5.3765,4.099,0.5357,0.4668,0.5602,6,1,7
778090,2025-05-02,4.096,4.5169,0.4518,0.3222,0.4212,4,9,13
778091,2025-05-02,4.2058,4.0985,0.426,0.3642,0.4679,1,6,7
778092,2025-05-02,4.2732,4.2153,0.444,0.3656,0.4631,1,2,3
778093,2025-05-02,4.0656,3.7773,0.3845,0.3659,0.4744,3,0,3
778064,2025-05-03,3.951,4.3792,0.4283,0.3171,0.4165,3,5,8
778065,2025-05-03,3.996,4.4224,0.4406,0.3277,0.4267,1,2,3
778066,2025-05-03,4.2513,4.039,0.424,0.3727,0.4746,3,8,11
778067,2025-05-03,4.1793,4.2188,0.4365,0.3547,0.453,5,2,7
778069,2025-05-03,4.1182,3.7432,0.3814,0.3769,0.4906,6,3,9
778070,2025-05-03,3.9668,4.1537,0.4188,0.3409,0.4429,1,2,3
778071,2025-05-03,4.1745,4.0885,0.4332,0.3533,0.457,2,6,8
778072,2025-05-03,4.1625,3.8082,0.3975,0.3742,0.4814,0,4,4
778073,2025-05-03,4.927,3.9318,0.4745,0.4347,0.5327,3,4,7
778074,2025-05-03,5.1347,3.7494,0.4809,0.4738,0.5716,2,3,5
778075,2025-05-03,4.867,4.3574,0.5139,0.4044,0.503,9,6,15
778076,2025-05-03,4.486,4.1037,0.4521,0.3913,0.488,3,10,13
778077,2025-05-03,4.449,3.8149,0.4267,0.4068,0.5116,6,11,17
778078,2025-05-03,4.115,4.0667,0.414,0.3553,0.4565,7,2,9
778048,2025-05-04,4.5838,3.6227,0.4175,0.4382,0.5457,9,3,12
778050,2025-05-04,4.0942,4.5126,0.4622,0.3197,0.4209,1,13,14
778051,2025-05-04,4.4651,4.271,0.4688,0.3752,0.476,0,4,4
778052,2025-05-04,4.3578,4.1913,0.4566,0.3661,0.4656,8,1,9
778053,2025-05-04,4.1922,4.0715,0.4228,0.361,0.4615,6,5,11
778054,2025-05-04,4.0422,4.0668,0.4139,0.3587,0.4614,4,0,4
778055,2025-05-04,4.19,3.9515,0.4137,0.3718,0.4746,5,4,9
778056,2025-05-04,3.8219,3.5427,0.3453,0.3674,0.4799,4,5,9
778057,2025-05-04,5.312,3.7541,0.49,0.4827,0.5816,5,7,12
778058,2025-05-04,4.2802,4.266,0.4465,0.3591,0.4637,1,4,5
778059,2025-05-04,4.7234,4.0413,0.473,0.4157,0.5151,9,11,20
778060,2025-05-04,4.1691,4.0923,0.4247,0.3609,0.4619,4,3,7
778061,2025-05-04,4.1977,3.8458,0.3983,0.3841,0.492,2,3,5
778062,2025-05-04,4.7104,3.7859,0.447,0.4271,0.5334,6,11,17
778063,2025-05-04,5.2425,3.8405,0.4968,0.4869,0.5793,4,5,9
778068,2025-05-04,4.2024,4.1011,0.4273,0.3565,0.4599,5,4,9
778036,2025-05-05,4.3554,3.7889,0.4147,0.3995,0.507,6,3,9
778038,2025-05-05,4.3227,4.2309,0.4517,0.3699,0.4691,7,6,13
778039,2025-05-05,4.9266,3.9881,0.4871,0.4405,0.538,4,5,9
778042,2025-05-05,4.3123,4.1804,0.4368,0.3684,0.4731,5,1,6
778043,2025-05-05,4.6114,3.6235,0.4244,0.432,0.5354,3,0,3
778044,2025-05-05,4.4932,4.3711,0.4725,0.3711,0.4687,9,2,11
778045,2025-05-05,5.2719,4.4801,0.5595,0.4333,0.5264,3,4,7
778047,2025-05-05,4.0835,4.107,0.4211,0.3601,0.4617,4,7,11
778049,2025-05-05,4.8414,4.175,0.4909,0.4127,0.5115,4,0,4
778024,2025-05-06,4.4384,6.1397,0.6053,0.2673,0.3473,3,5,8
778025,2025-05-06,4.3004,3.3858,0.3711,0.4238,0.5364,8,3,11
778026,2025-05-06,4.3827,4.8879,0.5122,0.3257,0.4158,10,9,19
778027,2025-05-06,4.5862,4.3566,0.4834,0.376,0.4735,5,14,19
778028,2025-05-06,4.5419,3.471,0.3944,0.4364,0.5479,9,1,10
778030,2025-05-06,4.5441,3.0476,0.3665,0.4828,0.5942,2,1,3
778031,2025-05-06,4.5228,3.2765,0.3767,0.4612,0.5707,4,3,7
778032,2025-05-06,4.527,4.688,0.5009,0.3523,0.4494,5,1,6
778033,2025-05-06,4.4583,3.5412,0.3963,0.4273,0.5341,4,3,7
778034,2025-05-06,4.7068,3.7759,0.4508,0.4423,0.5429,2,1,3
778035,2025-05-06,4.483,5.0096,0.525,0.3253,0.4158,5,4,9
778037,2025-05-06,4.7793,3.4923,0.4263,0.461,0.5619,1,6,7
778040,2025-05-06,4.5244,4.8624,0.5165,0.3463,0.4391,4,8,12
778041,2025-05-06,4.5361,5.0479,0.545,0.3278,0.4202,12,3,15
778046,2025-05-06,4.3933,3.8122,0.4141,0.4016,0.5079,1,9,10
778009,2025-05-07,4.1983,3.1895,0.3395,0.4402,0.5469,5,4,9
778010,2025-05-07,4.6743,5.3658,0.5654,0.3298,0.4152,5,6,11
778011,2025-05-07,4.4183,3.5393,0.4008,0.4358,0.5406,5,2,7
778012,2025-05-07,4.4262,2.7619,0.3236,0.492,0.6122,2,1,3
778013,2025-05-07,4.5103,4.6932,0.513,0.3556,0.4484,6,8,14
778014,2025-05-07,4.4933,5.0055,0.5313,0.3263,0.4125,1,7,8
778015,2025-05-07,4.4184,4.2981,0.4601,0.3691,0.4644,1,9,10
778016,2025-05-07,4.4274,2.9049,0.338,0.4926,0.6088,5,0,5
778017,2025-05-07,4.3489,4.4896,0.4762,0.3476,0.4443,1,10,11
778018,2025-05-07,4.5079,3.2981,0.3803,0.4554,0.5654,6,4,10
778019,2025-05-07,4.4886,5.7817,0.5802,0.2887,0.3752,4,3,7
778020,2025-05-07,4.7356,4.0722,0.4701,0.4143,0.5165,1,3,4
778021,2025-05-07,4.4228,5.1796,0.5291,0.3096,0.3994,0,7,7
778022,2025-05-07,4.5213,4.3563,0.4725,0.3753,0.4704,6,8,14
778023,2025-05-07,4.4615,4.0085,0.4468,0.3981,0.4965,3,4,7
777999,2025-05-08,4.5273,4.8138,0.5212,0.3515,0.4422,5,3,8
778000,2025-05-08,4.2281,3.7111,0.396,0.3956,0.5036,5,8,13
778003,2025-05-08,4.473,3.8143,0.4253,0.4055,0.507,5,4,9
778004,2025-05-08,4.4352,5.5664,0.5662,0.2961,0.3779,2,10,12
778005,2025-05-08,4.4218,4.6832,0.4958,0.342,0.4382,6,7,13
778006,2025-05-08,4.5398,3.7972,0.4257,0.4126,0.5117,5,0,5
778007,2025-05-08,4.4928,3.4004,0.3918,0.4445,0.5585,5,2,7
778008,2025-05-08,4.459,2.9957,0.3387,0.4754,0.5885,10,0,10
778029,2025-05-08,4.6092,4.6343,0.5132,0.3644,0.4653,1,11,12
777984,2025-05-09,4.4989,4.7925,0.5147,0.3477,0.4399,3,6,9
777986,2025-05-09,4.2596,3.1404,0.3453,0.4352,0.5451,1,4,5
777988,2025-05-09,4.6743,4.368,0.4938,0.3928,0.4859,11,14,25
777989,2025-05-09,4.4786,3.8246,0.4262,0.4095,0.5111,3,0,3
777990,2025-05-09,4.506,4.9189,0.5223,0.3357,0.4273,2,1,3
777991,2025-05-09,4.3653,3.9946,0.438,0.393,0.4952,6,2,8
777992,2025-05-09,4.3766,4.1687,0.4497,0.3729,0.4772,3,1,4
777993,2025-05-09,4.4948,5.3371,0.5479,0.3161,0.4028,9,13,22
777994,2025-05-09,4.5273,5.5558,0.5775,0.3104,0.3937,2,10,12
777995,2025-05-09,4.4113,4.8339,0.5074,0.3352,0.4327,0,10,10
777996,2025-05-09,4.7674,2.8497,0.3623,0.5228,0.6352,2,1,3
777997,2025-05-09,4.6341,5.492,0.571,0.3156,0.4011,6,0,6
777998,2025-05-09,4.2858,4.8529,0.4969,0.3209,0.4117,3,2,5
778001,2025-05-09,4.7324,4.6325,0.5184,0.3842,0.48,7,2,9
778002,2025-05-09,4.4218,3.0173,0.3481,0.4714,0.5842,4,3,7
777970,2025-05-10,4.5556,4.7407,0.5189,0.3506,0.4405,3,6,9
777972,2025-05-10,4.5442,5.2162,0.5475,0.312,0.4017,11,7,18
777973,2025-05-10,4.3653,3.8539,0.4207,0.3879,0.4957,5,2,7
777974,2025-05-10,4.6397,3.4017,0.4106,0.4615,0.5721,2,1,3
777975,2025-05-10,4.5273,4.2952,0.4754,0.3834,0.4788,3,0,3
777976,2025-05-10,4.3128,4.9607,0.5128,0.325,0.4133,0,21,21
777977,2025-05-10,4.5699,4.8523,0.5215,0.3506,0.4404,1,10,11
777978,2025-05-10,4.4189,3.4955,0.4005,0.4309,0.5371,1,3,4
777979,2025-05-10,4.3946,3.7568,0.4111,0.401,0.5071,9,13,22
777980,2025-05-10,4.3576,5.2859,0.542,0.3021,0.3894,2,4,6
777981,2025-05-10,4.3876,3.8869,0.4288,0.3938,0.5025,3,2,5
777982,2025-05-10,4.7044,3.8463,0.4526,0.4307,0.5262,5,6,11
777983,2025-05-10,4.419,5.3205,0.5459,0.309,0.3928,1,7,8
777985,2025-05-10,4.2611,4.9168,0.5031,0.3218,0.4109,2,3,5
777987,2025-05-10,4.7674,3.4774,0.4159,0.4649,0.5681,3,10,13
777954,2025-05-11,4.5612,4.7229,0.5143,0.3483,0.4477,1,8,9
777955,2025-05-11,4.4568,5.5774,0.5695,0.2946,0.3798,9,3,12
777956,2025-05-11,4.4545,4.2781,0.4719,0.381,0.4792,7,6,13
777957,2025-05-11,4.5543,4.9033,0.5236,0.3353,0.4268,2,12,14
777958,2025-05-11,4.4673,4.7211,0.5051,0.3488,0.4395,1,9,10
777961,2025-05-11,4.3897,3.1747,0.3601,0.4603,0.573,3,7,10
777962,2025-05-11,4.4884,5.5537,0.5657,0.302,0.3875,1,6,7
777963,2025-05-11,4.3717,4.237,0.454,0.3679,0.4751,6,0,6
777964,2025-05-11,4.3201,4.0284,0.4354,0.3732,0.4739,2,4,6
777965,2025-05-11,4.49,4.8181,0.5138,0.3457,0.4385,1,3,4
777966,2025-05-11,4.3653,4.0337,0.4362,0.389,0.4873,4,2,6
777967,2025-05-11,4.4222,5.8657,0.5897,0.2792,0.3579,4,3,7
777968,2025-05-11,4.4575,4.0639,0.4417,0.3849,0.487,6,2,8
777969,2025-05-11,4.4363,3.0153,0.3509,0.4815,0.5917,1,6,7
777971,2025-05-11,4.3731,4.9425,0.5066,0.3269,0.4227,0,3,3
777939,2025-05-12,4.4657,4.9384,0.5156,0.3316,0.4281,1,2,3
777941,2025-05-12,4.5344,4.804,0.5149,0.3459,0.4397,5,11,16
777947,2025-05-12,4.4221,2.6544,0.3174,0.5075,0.6278,5,9,14
777948,2025-05-12,4.4443,3.5766,0.4041,0.414,0.5279,5,7,12
777949,2025-05-12,4.4632,3.8788,0.4323,0.4066,0.5068,2,1,3
777950,2025-05-12,4.4673,2.6873,0.3188,0.5104,0.6327,4,3,7
777951,2025-05-12,4.4167,5.2924,0.5456,0.2932,0.3866,14,2,16
777952,2025-05-12,4.5425,3.4899,0.4104,0.4423,0.5459,5,2,7
777953,2025-05-12,4.6647,5.2115,0.5509,0.3285,0.4137,2,3,5
777959,2025-05-12,4.433,4.4998,0.48,0.3496,0.4471,4,3,7
777960,2025-05-12,4.4138,3.8853,0.4263,0.4025,0.5029,5,0,5
777926,2025-05-13,4.7612,4.8515,0.5373,0.3594,0.4497,2,1,3
777930,2025-05-13,4.3526,4.1709,0.4346,0.3682,0.4678,10,6,16
777931,2025-05-13,4.3748,4.1767,0.4538,0.3781,0.4788,2,1,3
777932,2025-05-13,4.6252,3.8959,0.4445,0.416,0.5152,6,4,10
777934,2025-05-13,3.979,4.256,0.4195,0.3359,0.4329,4,1,5
777935,2025-05-13,4.1008,4.6137,0.4677,0.3236,0.4215,9,11,20
777936,2025-05-13,4.6814,3.8353,0.446,0.426,0.5287,5,4,9
777937,2025-05-13,4.7781,4.4087,0.5063,0.3847,0.4814,1,11,12
777940,2025-05-13,4.7866,4.6795,0.5215,0.38,0.4706,10,9,19
777942,2025-05-13,4.2413,4.3724,0.4633,0.3502,0.4454,5,2,7
777943,2025-05-13,4.172,3.6831,0.3797,0.3939,0.5023,2,1,3
777944,2025-05-13,4.1411,4.439,0.4538,0.348,0.4429,2,0,2
777945,2025-05-13,4.5072,3.7645,0.4213,0.416,0.5223,1,5,6
777914,2025-05-14,4.3682,3.8721,0.4184,0.3924,0.494,5,1,6
777915,2025-05-14,4.5997,4.6864,0.5104,0.365,0.4551,2,3,5
777916,2025-05-14,4.2046,4.7177,0.4818,0.3175,0.4097,7,8,15
777917,2025-05-14,4.9274,4.5443,0.5196,0.3928,0.4871,9,3,12
777918,2025-05-14,4.0228,4.1463,0.4103,0.3373,0.4464,8,3,11
777919,2025-05-14,4.7055,3.6959,0.4354,0.4411,0.5463,0,4,4
777920,2025-05-14,4.9454,4.4528,0.5292,0.4072,0.5031,4,3,7
777921,2025-05-14,4.1611,3.9,0.4054,0.3694,0.4755,1,3,4
777922,2025-05-14,4.7645,4.5197,0.521,0.3807,0.4781,2,1,3
777923,2025-05-14,4.2418,4.5803,0.4731,0.3315,0.4322,3,1,4
777924,2025-05-14,4.12,4.4722,0.457,0.3349,0.4302,3,6,9
777925,2025-05-14,4.5009,4.6348,0.5031,0.3553,0.4505,5,9,14
777927,2025-05-14,4.6389,4.4338,0.4876,0.3772,0.4786,6,5,11
777928,2025-05-14,4.0958,3.7248,0.3749,0.3735,0.4789,2,4,6
777929,2025-05-14,4.2114,4.3294,0.4429,0.3478,0.4493,4,5,9
777933,2025-05-14,4.632,4.6093,0.5113,0.3599,0.4625,7,14,21
777938,2025-05-14,4.7898,4.5271,0.5133,0.3922,0.4865,6,8,14
777909,2025-05-15,4.0493,4.3897,0.4449,0.3311,0.4327,5,2,7
777910,2025-05-15,4.3123,4.6419,0.4837,0.3383,0.4386,1,0,1
777911,2025-05-15,3.9351,4.448,0.4324,0.3107,0.4089,0,4,4
777912,2025-05-15,4.271,3.7248,0.3958,0.3942,0.5013,7,1,8
777913,2025-05-15,4.0041,4.1059,0.4121,0.3414,0.4453,3,8,11
777946,2025-05-15,4.9246,4.4289,0.519,0.3992,0.4976,19,2,21
777891,2025-05-16,4.3747,3.824,0.4126,0.4059,0.5114,9,1,10
777895,2025-05-16,4.3253,4.5435,0.4801,0.343,0.4387,3,6,9
777896,2025-05-16,4.4223,4.5428,0.4813,0.3559,0.4527,1,5,6
777897,2025-05-16,4.3016,3.7186,0.4026,0.3953,0.5039,8,0,8
777898,2025-05-16,4.0097,4.0703,0.4013,0.3442,0.4521,0,3,3
777899,2025-05-16,4.8068,3.8721,0.4665,0.4306,0.5338,2,6,8
777900,2025-05-16,4.7283,3.8584,0.4643,0.4418,0.542,13,3,16
777901,2025-05-16,4.4783,4.508,0.4921,0.3573,0.4552,3,10,13
777902,2025-05-16,4.2132,4.6054,0.4688,0.3257,0.4235,5,4,9
777903,2025-05-16,4.6114,4.0394,0.4595,0.4138,0.5141,9,4,13
777904,2025-05-16,4.8553,4.656,0.5282,0.3822,0.4809,6,2,8
777905,2025-05-16,4.7962,3.706,0.4476,0.4512,0.5521,8,4,12
777906,2025-05-16,4.4797,4.8976,0.5224,0.3346,0.4264,4,5,9
777907,2025-05-16,4.0274,4.4467,0.4458,0.3304,0.4232,3,4,7
777908,2025-05-16,4.6496,4.7261,0.5257,0.3725,0.4699,2,4,6
777875,2025-05-17,4.6525,4.6473,0.5129,0.376,0.4714,1,4,5
777879,2025-05-17,3.9705,3.8601,0.3803,0.3577,0.4663,1,0,1
777881,2025-05-17,4.0333,3.8559,0.385,0.3624,0.4651,7,3,10
777882,2025-05-17,4.3062,4.5613,0.4733,0.3517,0.446,5,1,6
777883,2025-05-17,4.4333,4.1234,0.4507,0.3899,0.4898,0,7,7
777884,2025-05-17,5.0798,3.7825,0.4796,0.4729,0.5714,9,11,20
777885,2025-05-17,4.0168,4.5887,0.4618,0.3145,0.4154,0,1,1
777886,2025-05-17,4.8243,4.6535,0.5316,0.3836,0.476,2,1,3
777887,2025-05-17,4.6267,3.7285,0.4366,0.4321,0.5369,12,14,26
777888,2025-05-17,4.8824,4.7641,0.5433,0.3803,0.4706,2,3,5
777889,2025-05-17,4.2338,4.1059,0.4364,0.3621,0.4685,0,4,4
777890,2025-05-17,4.5584,4.3399,0.4809,0.3717,0.4655,6,10,16
777892,2025-05-17,4.5148,4.3902,0.4848,0.3718,0.4704,4,1,5
777893,2025-05-17,4.1532,4.4251,0.4521,0.3328,0.431,7,6,13
777894,2025-05-17,4.8551,3.7913,0.4476,0.4383,0.5416,5,2,7
777864,2025-05-18,4.4199,4.5537,0.4932,0.3567,0.4546,2,1,3
777865,2025-05-18,4.3197,4.1478,0.4505,0.3736,0.4701,5,2,7
777866,2025-05-18,4.8106,3.8415,0.4577,0.4373,0.5369,4,6,10
777867,2025-05-18,4.1505,3.8344,0.3968,0.3803,0.4823,3,2,5
777868,2025-05-18,4.6068,4.575,0.4995,0.3738,0.4673,1,6,7
777869,2025-05-18,4.0803,4.6023,0.4654,0.3177,0.4127,3,4,7
777870,2025-05-18,4.4689,4.038,0.4445,0.3954,0.4996,1,0,1
777871,2025-05-18,4.1329,4.7311,0.4736,0.3197,0.416,2,3,5
777872,2025-05-18,4.4166,3.7851,0.4301,0.4103,0.511,6,2,8
777873,2025-05-18,4.4559,4.4826,0.4722,0.3557,0.4534,4,10,14
777874,2025-05-18,4.77,4.5422,0.5136,0.3796,0.4801,3,1,4
777876,2025-05-18,4.1592,4.4236,0.4511,0.3326,0.4326,4,10,14
777877,2025-05-18,4.0981,4.0566,0.422,0.3617,0.4662,5,1,6
777878,2025-05-18,4.6673,4.5201,0.5065,0.3723,0.4632,8,2,10
777880,2025-05-18,5.1734,3.7769,0.4812,0.4836,0.5853,1,0,1
777852,2025-05-19,3.8501,4.3788,0.4291,0.3136,0.4091,3,9,12
777853,2025-05-19,4.6206,3.8585,0.4471,0.4251,0.5306,3,4,7
777854,2025-05-19,4.8573,4.6161,0.5201,0.3836,0.4774,5,9,14
777855,2025-05-19,4.5626,3.8768,0.4467,0.4084,0.5106,1,3,4
777856,2025-05-19,4.2319,4.6596,0.4821,0.3305,0.4299,3,1,4
777857,2025-05-19,3.99,4.5783,0.4507,0.3145,0.4116,1,5,6
777858,2025-05-19,4.2301,4.4387,0.4547,0.3372,0.432,3,4,7
777859,2025-05-19,4.017,3.8156,0.3871,0.3686,0.4743,1,7,8
777860,2025-05-19,4.4276,4.1778,0.4527,0.379,0.4782,5,4,9
777861,2025-05-19,4.1595,4.5266,0.4553,0.322,0.4235,6,5,11
777862,2025-05-19,4.2239,4.7325,0.4875,0.3371,0.426,11,4,15
777863,2025-05-19,4.0692,3.9992,0.4033,0.3611,0.464,8,7,15
777836,2025-05-20,4.1483,4.2461,0.4346,0.3491,0.4454,3,2,5
777838,2025-05-20,4.7514,4.2781,0.4915,0.4035,0.5016,4,3,7
777840,2025-05-20,4.4732,4.2781,0.4639,0.3776,0.4784,4,5,9
777841,2025-05-20,3.9717,4.2781,0.4163,0.3209,0.4236,5,3,8
777842,2025-05-20,4.016,4.325,0.4289,0.3248,0.4282,4,7,11
777843,2025-05-20,4.2409,4.2461,0.442,0.3555,0.4539,5,7,12
777844,2025-05-20,4.2847,4.2461,0.451,0.3585,0.4602,5,2,7
777845,2025-05-20,4.2142,4.2781,0.4398,0.343,0.4422,3,0,3
777846,2025-05-20,4.3756,4.2781,0.4558,0.3634,0.4643,1,0,1
777847,2025-05-20,4.208,4.2516,0.4361,0.3583,0.4559,1,0,1
777848,2025-05-20,4.1827,4.2781,0.45,0.353,0.4535,3,2,5
777849,2025-05-20,4.8593,4.2516,0.4984,0.4152,0.5096,5,2,7
777850,2025-05-20,4.4901,4.2461,0.4691,0.3905,0.4866,1,14,15
777851,2025-05-20,4.0525,4.325,0.4335,0.3259,0.4311,2,0,2
777819,2025-05-21,4.3117,4.3223,0.4575,0.3553,0.4504,4,8,12
777823,2025-05-21,4.194,4.325,0.4454,0.3367,0.4353,5,9,14
777824,2025-05-21,4.9612,4.2781,0.5051,0.4195,0.5159,3,1,4
777826,2025-05-21,4.2611,4.2461,0.4431,0.3622,0.4594,4,8,12
777827,2025-05-21,4.4556,4.2781,0.4761,0.3748,0.4696,1,5,6
777828,2025-05-21,4.2554,4.2844,0.4458,0.3538,0.4597,5,10,15
777829,2025-05-21,4.4758,4.2781,0.4763,0.3754,0.4766,1,5,6
777830,2025-05-21,4.2544,4.3223,0.4448,0.3537,0.4532,5,6,11
777831,2025-05-21,4.4723,4.325,0.4718,0.3686,0.4674,1,5,6
777832,2025-05-21,4.2386,4.2781,0.4539,0.3521,0.4502,8,4,12
777833,2025-05-21,4.3742,4.3223,0.4567,0.359,0.4563,1,2,3
777834,2025-05-21,4.1077,4.2844,0.437,0.3368,0.4401,3,1,4
777835,2025-05-21,4.7061,4.2516,0.4888,0.3917,0.4912,4,3,7
777837,2025-05-21,4.2328,4.3223,0.4542,0.3573,0.4568,14,0,14
777812,2025-05-22,4.2213,4.2461,0.4367,0.3483,0.445,5,10,15
777814,2025-05-22,4.5424,4.2877,0.474,0.3811,0.4812,5,8,13
777816,2025-05-22,4.3156,4.3223,0.4512,0.3631,0.4602,7,6,13
777817,2025-05-22,4.198,4.325,0.4381,0.3394,0.4424,0,2,2
777818,2025-05-22,4.6547,4.2516,0.4731,0.3973,0.5019,1,0,1
777820,2025-05-22,4.2272,4.2781,0.4465,0.3521,0.4508,8,7,15
777821,2025-05-22,4.6879,4.3223,0.4924,0.3948,0.4881,0,7,7
777822,2025-05-22,4.7486,4.325,0.4997,0.3952,0.4948,9,2,11
777797,2025-05-23,4.5026,4.2781,0.469,0.3879,0.4848,4,3,7
777798,2025-05-23,4.5068,4.2844,0.4657,0.3766,0.4736,7,4,11
777799,2025-05-23,4.5827,4.2461,0.4763,0.3902,0.487,3,1,4
777800,2025-05-23,4.3771,4.3223,0.4614,0.3655,0.463,3,5,8
777801,2025-05-23,4.558,4.2781,0.4828,0.3765,0.4778,0,4,4
777802,2025-05-23,4.2708,4.325,0.459,0.3517,0.4498,3,2,5
777804,2025-05-23,4.687,4.325,0.4948,0.391,0.486,3,4,7
777805,2025-05-23,4.2554,4.2461,0.4421,0.3452,0.4448,4,1,5
777806,2025-05-23,4.3421,4.2877,0.4503,0.362,0.4631,6,5,11
777807,2025-05-23,4.4079,4.2781,0.4708,0.3729,0.4713,1,3,4
777808,2025-05-23,4.5726,4.3223,0.4832,0.3748,0.4695,5,7,12
777810,2025-05-23,4.1936,4.2461,0.4388,0.3603,0.4605,3,1,4
777811,2025-05-23,4.4842,4.2781,0.4608,0.3753,0.4725,6,13,19
777813,2025-05-23,4.5437,4.2781,0.4762,0.389,0.4885,1,2,3
777815,2025-05-23,4.7025,4.2844,0.49,0.3912,0.488,19,5,24
777781,2025-05-24,4.5327,4.2844,0.4767,0.384,0.4815,2,6,8
777782,2025-05-24,4.1139,4.325,0.446,0.3367,0.4412,1,13,14
777784,2025-05-24,4.2833,4.325,0.4519,0.3457,0.4455,6,9,15
777786,2025-05-24,4.516,4.2461,0.4643,0.3838,0.4811,6,5,11
777787,2025-05-24,4.37,4.2781,0.4572,0.3647,0.4623,2,1,3
777788,2025-05-24,4.8374,4.2461,0.5025,0.416,0.511,5,4,9
777789,2025-05-24,4.4775,4.325,0.4734,0.3789,0.4745,5,2,7
777790,2025-05-24,4.4816,4.2707,0.4604,0.3864,0.4853,1,2,3
777791,2025-05-24,4.4236,4.3223,0.4673,0.3676,0.465,6,4,10
777792,2025-05-24,4.388,4.2461,0.457,0.3672,0.465,10,5,15
777793,2025-05-24,4.3298,4.2781,0.4423,0.3588,0.4598,3,0,3
777794,2025-05-24,4.0925,4.2877,0.4386,0.3418,0.442,2,1,3
777795,2025-05-24,4.1428,4.2461,0.4339,0.3403,0.4387,3,1,4
777796,2025-05-24,4.6898,4.2781,0.4806,0.395,0.4911,5,7,12
777803,2025-05-24,4.2798,4.2781,0.4425,0.3515,0.4561,7,1,8
777809,2025-05-24,4.5628,4.2844,0.4722,0.3795,0.4837,6,5,11
777765,2025-05-25,4.3365,4.325,0.4587,0.3525,0.4528,5,4,9
777766,2025-05-25,4.4869,4.3223,0.4735,0.376,0.4681,4,3,7
777767,2025-05-25,4.0729,4.2844,0.428,0.3373,0.4394,0,3,3
777768,2025-05-25,4.2553,4.325,0.4489,0.3613,0.4624,4,5,9
777772,2025-05-25,4.5406,4.2781,0.4676,0.3887,0.4856,1,2,3
777773,2025-05-25,4.4955,4.325,0.4713,0.3825,0.4805,3,1,4
777774,2025-05-25,4.4538,4.3223,0.4746,0.3725,0.4749,5,3,8
777775,2025-05-25,4.1987,4.2461,0.442,0.3508,0.4577,13,0,13
777776,2025-05-25,4.2544,4.2877,0.4445,0.3505,0.4508,5,6,11
777777,2025-05-25,4.6952,4.2461,0.477,0.3976,0.496,4,5,9
777778,2025-05-25,4.5645,4.2781,0.4753,0.3854,0.4887,2,3,5
777779,2025-05-25,4.2236,4.2781,0.4514,0.3393,0.4466,8,11,19
777780,2025-05-25,4.7705,4.2461,0.4839,0.4113,0.5042,5,0,5
777783,2025-05-25,4.2414,4.2781,0.4497,0.3581,0.4564,3,5,8
777785,2025-05-25,4.5699,4.2707,0.4781,0.3805,0.4778,1,5,6
777756,2025-05-26,4.2807,4.2461,0.4408,0.3532,0.4556,4,3,7
777757,2025-05-26,4.3384,4.2707,0.4579,0.362,0.4661,3,1,4
777758,2025-05-26,4.5311,4.2707,0.4734,0.3789,0.4726,2,1,3
777759,2025-05-26,3.8927,4.2461,0.4106,0.3246,0.417,1,2,3
777760,2025-05-26,4.1218,4.2461,0.4318,0.3495,0.4489,4,7,11
777761,2025-05-26,4.1273,4.2516,0.4238,0.3383,0.4401,5,0,5
777762,2025-05-26,4.092,4.2461,0.4298,0.3399,0.4432,7,2,9
777763,2025-05-26,4.4595,4.325,0.4697,0.369,0.4666,1,5,6
777764,2025-05-26,4.1011,4.2781,0.444,0.3385,0.4349,3,2,5
777769,2025-05-26,4.5938,4.325,0.487,0.3795,0.4758,2,7,9
777770,2025-05-26,4.4146,4.2877,0.4637,0.3757,0.4714,3,1,4
777771,2025-05-26,4.3925,4.3223,0.4616,0.3634,0.4617,5,2,7
777741,2025-05-27,3.8595,4.1379,0.4012,0.3237,0.4292,2,0,2
777742,2025-05-27,4.1997,4.1013,0.4252,0.3724,0.4698,8,6,14
777743,2025-05-27,4.1268,4.3077,0.4382,0.3422,0.4374,9,1,10
777744,2025-05-27,4.5906,4.1719,0.472,0.4078,0.4979,6,9,15
777745,2025-05-27,4.6006,4.4589,0.501,0.38,0.4766,2,3,5
777746,2025-05-27,4.2173,4.2655,0.4326,0.3531,0.4536,2,4,6
777747,2025-05-27,4.7395,4.2652,0.4928,0.4013,0.4995,5,1,6
777748,2025-05-27,4.4481,4.2125,0.457,0.3783,0.4772,2,0,2
777749,2025-05-27,4.3143,4.1204,0.4424,0.3837,0.481,6,4,10
777750,2025-05-27,3.9434,4.1013,0.3996,0.3454,0.4481,2,7,9
777751,2025-05-27,4.2938,4.1204,0.4303,0.3702,0.4675,4,3,7
777752,2025-05-27,4.6458,4.1798,0.4826,0.3947,0.4987,11,1,12
777753,2025-05-27,4.033,4.3806,0.4351,0.3187,0.4272,5,9,14
777754,2025-05-27,3.8834,4.1826,0.4047,0.3339,0.4366,4,7,11
777755,2025-05-27,4.3789,4.3999,0.4722,0.3543,0.453,3,1,4
777724,2025-05-28,3.8519,4.1039,0.3892,0.3315,0.4284,0,2,2
777726,2025-05-28,4.1012,4.1013,0.4295,0.3551,0.45,8,10,18
777728,2025-05-28,4.9824,4.4589,0.5214,0.4038,0.4976,0,1,1
777729,2025-05-28,4.8582,4.1398,0.4912,0.4143,0.5118,1,10,11
777730,2025-05-28,5.4161,4.2742,0.5527,0.4587,0.5523,0,9,9
777731,2025-05-28,4.3531,4.1013,0.4422,0.3761,0.4695,2,1,3
777732,2025-05-28,4.2131,4.1946,0.4352,0.3599,0.4606,5,0,5
777733,2025-05-28,4.0607,4.2046,0.4226,0.3446,0.4485,3,2,5
777734,2025-05-28,5.1013,4.1662,0.5184,0.4471,0.5382,5,3,8
777736,2025-05-28,3.5032,4.2757,0.3819,0.2831,0.3879,6,5,11
777737,2025-05-28,4.3558,4.1662,0.4403,0.3653,0.4682,4,9,13
777738,2025-05-28,3.6645,4.3113,0.3972,0.2992,0.3977,4,3,7
777739,2025-05-28,3.6992,4.3806,0.4006,0.2952,0.3839,7,4,11
777740,2025-05-28,4.3942,4.285,0.4631,0.3633,0.4624,4,6,10
777722,2025-05-29,4.6391,4.2734,0.4775,0.3954,0.4941,3,9,12
777723,2025-05-29,4.6152,4.1684,0.4698,0.388,0.4891,3,9,12
777725,2025-05-29,3.9592,4.2199,0.4223,0.3298,0.4301,3,13,16
777727,2025-05-29,4.441,4.1662,0.4513,0.3786,0.4829,12,0,12
777735,2025-05-29,4.3968,4.2337,0.4605,0.3795,0.4763,5,4,9
777707,2025-05-30,4.3038,4.1013,0.4389,0.3677,0.47,3,2,5
777708,2025-05-30,5.002,4.378,0.5205,0.4206,0.5122,8,5,13
777709,2025-05-30,4.3247,4.295,0.4606,0.3561,0.452,11,1,12
777710,2025-05-30,4.8879,4.3377,0.518,0.4099,0.5028,7,9,16
777711,2025-05-30,4.2341,4.2743,0.4507,0.3543,0.4506,5,7,12
777712,2025-05-30,4.0443,4.1013,0.4154,0.3434,0.4478,2,6,8
777713,2025-05-30,4.6911,4.31,0.4898,0.4014,0.4983,6,12,18
777714,2025-05-30,4.2192,4.1688,0.4385,0.3581,0.4611,2,1,3
777715,2025-05-30,4.5203,4.3641,0.4786,0.3676,0.4675,2,6,8
777716,2025-05-30,4.7142,4.1662,0.4839,0.4076,0.5099,11,7,18
777717,2025-05-30,4.1034,4.3872,0.4641,0.3368,0.4367,0,2,2
777718,2025-05-30,4.3923,4.1013,0.4427,0.3744,0.4772,4,2,6
777719,2025-05-30,3.6761,4.2229,0.3839,0.3092,0.4101,1,5,6
777720,2025-05-30,3.8405,4.2264,0.4121,0.3155,0.4175,2,1,3
777721,2025-05-30,4.4179,4.1013,0.4457,0.3817,0.4833,1,4,5
777691,2025-05-31,4.3657,4.1039,0.4423,0.3812,0.4783,0,5,5
777693,2025-05-31,4.4149,4.1319,0.4611,0.3808,0.4849,3,16,19
777694,2025-05-31,3.9286,4.2171,0.4104,0.3295,0.4311,1,0,1
777695,2025-05-31,4.4381,4.1997,0.4471,0.3806,0.479,5,4,9
777696,2025-05-31,4.6115,4.3891,0.4899,0.3722,0.4699,7,11,18
777697,2025-05-31,4.15,4.3386,0.4412,0.3427,0.4428,0,2,2
777698,2025-05-31,5.4157,4.3315,0.551,0.459,0.5496,18,2,20
777699,2025-05-31,3.9687,4.2793,0.4165,0.3244,0.4281,4,2,6
777700,2025-05-31,4.8717,4.1013,0.4841,0.4237,0.5173,8,2,10
777701,2025-05-31,4.6091,4.1662,0.4621,0.393,0.4939,8,7,15
777702,2025-05-31,4.8958,4.3739,0.5029,0.4114,0.5089,7,17,24
777703,2025-05-31,4.066,4.1451,0.4172,0.3508,0.4567,7,5,12
777704,2025-05-31,4.0009,4.2082,0.4211,0.3446,0.449,2,0,2
777705,2025-05-31,4.3449,4.3418,0.4575,0.3583,0.4558,1,0,1
777706,2025-05-31,3.7662,4.1662,0.3991,0.3126,0.4154,5,0,5
777677,2025-06-01,4.0996,4.2667,0.4375,0.3344,0.4367,0,1,1
777678,2025-06-01,4.6462,4.4544,0.4942,0.3718,0.4703,8,1,9
777679,2025-06-01,4.6078,4.3708,0.4857,0.3816,0.4795,3,1,4
777680,2025-06-01,4.187,4.1799,0.4354,0.3537,0.4498,2,1,3
777681,2025-06-01,3.384,4.1013,0.3533,0.2857,0.3897,6,4,10
777682,2025-06-01,5.0357,4.3208,0.5104,0.4251,0.521,3,7,10
777683,2025-06-01,4.4805,4.1451,0.4479,0.3812,0.4835,4,2,6
777684,2025-06-01,4.1249,4.123,0.4299,0.3561,0.4533,3,2,5
777685,2025-06-01,4.411,4.1662,0.4451,0.3801,0.482,8,4,12
777686,2025-06-01,4.4682,4.1379,0.4622,0.3839,0.4859,5,3,8
777687,2025-06-01,4.2019,4.2419,0.4376,0.3506,0.4496,7,3,10
777688,2025-06-01,4.4189,4.3113,0.4646,0.3663,0.4627,2,5,7
777689,2025-06-01,5.1919,4.3154,0.535,0.4416,0.5315,2,4,6
777690,2025-06-01,4.4864,4.3057,0.4716,0.3738,0.4756,1,0,1
777692,2025-06-01,3.4867,4.1013,0.3579,0.2966,0.3996,1,3,4
777669,2025-06-02,3.9069,4.2144,0.4165,0.3266,0.4318,4,10,14
777670,2025-06-02,4.5515,4.1423,0.4638,0.3835,0.4821,6,7,13
777671,2025-06-02,4.4734,4.3641,0.4738,0.3658,0.4658,2,3,5
777673,2025-06-02,4.5197,4.1379,0.4611,0.3842,0.4908,4,6,10
777674,2025-06-02,3.9527,4.3375,0.4172,0.3147,0.416,1,13,14
777675,2025-06-02,4.5455,4.1701,0.4594,0.3944,0.4967,3,4,7
777676,2025-06-02,4.4516,4.1039,0.4534,0.387,0.4877,0,1,1
777655,2025-06-03,4.5914,4.2832,0.4724,0.39,0.4903,1,5,6
777656,2025-06-03,4.3299,3.8929,0.4187,0.3986,0.5015,2,3,5
777657,2025-06-03,4.2512,5.1469,0.5175,0.3021,0.3958,6,5,11
777658,2025-06-03,4.6073,3.9096,0.445,0.4134,0.516,3,10,13
777659,2025-06-03,4.1642,4.6288,0.4727,0.3234,0.4167,3,8,11
777660,2025-06-03,4.1083,4.4949,0.4524,0.3322,0.4264,7,10,17
777661,2025-06-03,4.0579,5.0513,0.492,0.2888,0.3815,8,1,9
777662,2025-06-03,4.2265,3.6683,0.3944,0.3881,0.4962,5,1,6
777663,2025-06-03,4.1275,5.2015,0.5138,0.2886,0.3787,0,3,3
777664,2025-06-03,4.6457,4.4759,0.5039,0.38,0.4797,3,2,5
777665,2025-06-03,4.3815,4.1629,0.4496,0.3794,0.4761,3,8,11
777666,2025-06-03,4.5748,3.4963,0.408,0.44,0.5492,2,3,5
777667,2025-06-03,4.3543,4.407,0.4721,0.3587,0.4573,3,4,7
777668,2025-06-03,4.3812,5.0389,0.5165,0.3228,0.4129,4,2,6
777672,2025-06-03,4.0051,4.1769,0.4144,0.3363,0.4388,3,8,11
777638,2025-06-04,4.205,5.1835,0.5148,0.293,0.3864,1,6,7
777639,2025-06-04,4.0337,4.5937,0.4518,0.3135,0.4111,4,5,9
777641,2025-06-04,4.0569,4.3298,0.4339,0.3357,0.438,6,5,11
777643,2025-06-04,4.6558,4.1402,0.4687,0.4012,0.5034,1,6,7
777645,2025-06-04,4.2111,4.5563,0.4718,0.3271,0.4269,2,3,5
777646,2025-06-04,4.5511,3.8121,0.4319,0.4165,0.5215,5,4,9
777647,2025-06-04,4.1132,4.6028,0.4691,0.3206,0.4234,1,9,10
777648,2025-06-04,4.1169,5.0358,0.4923,0.3033,0.393,3,0,3
777649,2025-06-04,4.7897,4.7397,0.5439,0.3817,0.471,11,9,20
777650,2025-06-04,4.1048,4.7084,0.4709,0.3111,0.404,2,0,2
777651,2025-06-04,4.276,3.7958,0.4084,0.3947,0.4968,2,1,3
777652,2025-06-04,4.4606,3.7993,0.4241,0.4117,0.5126,2,3,5
777653,2025-06-04,4.5901,4.6812,0.5141,0.3659,0.46,0,4,4
777654,2025-06-04,3.92,3.8938,0.3843,0.3529,0.4602,1,2,3
777628,2025-06-05,4.2958,4.6247,0.474,0.3343,0.4307,3,4,7
777629,2025-06-05,3.8829,3.7353,0.3572,0.3547,0.4591,4,3,7
777630,2025-06-05,4.2628,4.4429,0.4649,0.3427,0.4377,2,8,10
777631,2025-06-05,4.2517,4.5239,0.461,0.3407,0.4386,6,5,11
777632,2025-06-05,4.1758,4.6411,0.4684,0.3211,0.4147,1,7,8
777633,2025-06-05,4.19,4.0573,0.4277,0.361,0.4642,3,2,5
777634,2025-06-05,3.8893,4.7403,0.4507,0.2912,0.3885,3,2,5
777635,2025-06-05,4.2043,4.6605,0.4734,0.3342,0.4267,5,7,12
777636,2025-06-05,4.7679,3.8493,0.4518,0.4315,0.5353,14,3,17
777637,2025-06-05,4.2775,4.2706,0.4547,0.3523,0.4536,9,1,10
777640,2025-06-05,3.8377,4.3472,0.4154,0.3135,0.413,10,11,21
777642,2025-06-05,4.303,4.5252,0.4749,0.3437,0.4399,6,5,11
777644,2025-06-05,4.4073,4.9479,0.5158,0.3186,0.4098,4,0,4
777613,2025-06-06,4.6449,4.4749,0.4938,0.3663,0.4708,5,4,9
777614,2025-06-06,4.4337,3.991,0.4421,0.3911,0.5019,5,4,9
777615,2025-06-06,4.2276,4.301,0.4522,0.3489,0.4514,4,6,10
777616,2025-06-06,4.0818,5.2268,0.5145,0.2914,0.3782,2,4,6
777617,2025-06-06,4.0728,4.5393,0.4578,0.3194,0.4186,0,2,2
777618,2025-06-06,4.156,4.6626,0.475,0.3199,0.4129,7,2,9
777619,2025-06-06,3.9754,4.9249,0.4734,0.2895,0.3782,5,4,9
777620,2025-06-06,4.3721,4.4755,0.483,0.3521,0.4461,5,0,5
777621,2025-06-06,4.3869,4.5981,0.4904,0.3481,0.4385,5,4,9
777622,2025-06-06,4.2622,4.6483,0.4749,0.3353,0.4352,2,4,6
777623,2025-06-06,4.2714,3.9413,0.4217,0.3811,0.4841,4,3,7
777624,2025-06-06,4.0287,3.9936,0.3976,0.3483,0.4541,2,0,2
777625,2025-06-06,3.9688,3.8855,0.3828,0.3529,0.4595,4,3,7
777626,2025-06-06,4.4929,4.7384,0.505,0.3491,0.4421,3,1,4
777627,2025-06-06,4.4036,4.4649,0.4751,0.3541,0.4475,9,6,15
777597,2025-06-07,4.3044,4.3836,0.4595,0.3518,0.4475,4,3,7
777598,2025-06-07,4.0283,4.8282,0.4733,0.2886,0.3846,3,2,5
777599,2025-06-07,4.4024,4.3389,0.466,0.3655,0.4663,4,7,11
777600,2025-06-07,4.3476,4.2128,0.4463,0.3689,0.4707,4,5,9
777601,2025-06-07,4.4803,4.5052,0.4837,0.3565,0.4531,2,1,3
777603,2025-06-07,4.3178,3.9865,0.4338,0.3853,0.4819,8,6,14
777604,2025-06-07,3.9838,5.3444,0.5084,0.2636,0.3491,1,8,9
777605,2025-06-07,4.5962,4.3448,0.4843,0.3803,0.4783,7,10,17
777606,2025-06-07,4.0099,4.6417,0.4602,0.3062,0.4043,4,1,5
777607,2025-06-07,4.3413,4.3572,0.4557,0.3561,0.4551,2,1,3
777608,2025-06-07,4.0715,4.4236,0.4475,0.3275,0.4219,3,5,8
777609,2025-06-07,4.3177,4.7329,0.4984,0.3317,0.4247,1,6,7
777610,2025-06-07,4.1799,3.9553,0.423,0.3693,0.4703,0,5,5
777611,2025-06-07,4.1947,3.6949,0.4011,0.3869,0.4942,10,11,21
777612,2025-06-07,4.5177,3.9496,0.4399,0.4026,0.5086,13,1,14
777582,2025-06-08,4.1656,5.1893,0.5116,0.2862,0.3828,3,7,10
777583,2025-06-08,3.8896,5.1416,0.4925,0.2657,0.3573,5,13,18
777585,2025-06-08,4.6358,4.3549,0.4862,0.3887,0.4831,6,3,9
777586,2025-06-08,4.1761,4.4688,0.4619,0.3408,0.434,0,1,1
777587,2025-06-08,4.262,3.942,0.4202,0.3785,0.4847,4,3,7
777588,2025-06-08,4.6515,4.0577,0.4537,0.3982,0.5011,5,1,6
777589,2025-06-08,4.1402,3.9633,0.4044,0.3616,0.4683,2,3,5
777590,2025-06-08,4.1838,5.1491,0.5172,0.2873,0.3706,5,7,12
777591,2025-06-08,4.1438,4.2408,0.4249,0.3451,0.4535,4,2,6
777592,2025-06-08,4.1272,3.8062,0.3899,0.3661,0.4738,3,2,5
777593,2025-06-08,4.7644,4.4554,0.5035,0.3875,0.4853,7,11,18
777594,2025-06-08,4.1819,4.723,0.49,0.3187,0.4137,4,0,4
777595,2025-06-08,4.5474,4.2906,0.474,0.3824,0.4862,2,1,3
777596,2025-06-08,3.9866,4.1733,0.4129,0.3341,0.4346,2,4,6
777602,2025-06-08,4.4916,3.7301,0.4196,0.4178,0.5255,4,2,6
777574,2025-06-09,4.3817,3.8662,0.4124,0.4094,0.511,10,3,13
777575,2025-06-09,4.412,4.496,0.4862,0.3519,0.448,1,7,8
777576,2025-06-09,4.0588,4.358,0.4329,0.3402,0.4405,7,4,11
777577,2025-06-09,4.3987,4.0645,0.4523,0.3847,0.4876,8,4,12
777578,2025-06-09,4.3082,4.5281,0.4786,0.3403,0.4412,4,3,7
777579,2025-06-09,4.0979,4.7877,0.4804,0.3129,0.4096,7,8,15
777580,2025-06-09,4.1215,4.8153,0.4833,0.3151,0.4095,4,7,11
777581,2025-06-09,4.1389,4.9267,0.4954,0.298,0.3901,4,5,9
777584,2025-06-09,5.1705,5.3448,0.6043,0.371,0.4574,8,10,18
777557,2025-06-10,4.3947,4.2435,0.4616,0.3748,0.4748,4,16,20
777558,2025-06-10,4.3314,4.2738,0.4569,0.3646,0.4577,9,10,19
777559,2025-06-10,4.3947,4.2934,0.4626,0.3654,0.469,10,3,13
777560,2025-06-10,4.3413,4.2973,0.458,0.3618,0.4589,11,1,12
777563,2025-06-10,4.4009,4.2953,0.4631,0.3775,0.473,5,6,11
777564,2025-06-10,4.3314,4.2898,0.4559,0.3578,0.4592,2,1,3
777565,2025-06-10,4.3947,4.2973,0.463,0.3762,0.4746,3,1,4
777566,2025-06-10,4.3314,4.2156,0.4503,0.3672,0.467,2,3,5
777567,2025-06-10,4.3413,4.267,0.4489,0.3621,0.4644,2,4,6
777568,2025-06-10,4.3314,4.2668,0.4563,0.3589,0.4594,4,1,5
777569,2025-06-10,4.3503,4.2643,0.4529,0.3626,0.4633,0,1,1
777570,2025-06-10,4.3503,4.2435,0.4579,0.3593,0.463,5,4,9
777571,2025-06-10,4.3258,4.2932,0.4537,0.3624,0.4602,4,8,12
777572,2025-06-10,4.3314,4.2973,0.4515,0.3718,0.4687,2,10,12
777573,2025-06-10,4.3413,4.2973,0.4533,0.3612,0.4628,3,5,8
777542,2025-06-11,4.3314,4.2898,0.4535,0.3583,0.4567,6,5,11
777543,2025-06-11,4.3314,4.2973,0.4504,0.3625,0.4635,2,5,7
777545,2025-06-11,4.3314,4.2973,0.459,0.3688,0.4632,2,5,7
777547,2025-06-11,4.3314,4.2643,0.4596,0.3541,0.4545,7,10,17
777548,2025-06-11,4.3947,4.2699,0.4624,0.3679,0.4667,5,2,7
777549,2025-06-11,4.3314,4.2643,0.4516,0.3725,0.4718,11,2,13
777550,2025-06-11,4.3673,4.2898,0.4696,0.3597,0.4584,10,2,12
777551,2025-06-11,4.3258,4.2973,0.4591,0.3616,0.4634,3,6,9
777552,2025-06-11,4.3314,4.2156,0.4544,0.374,0.4767,5,2,7
777553,2025-06-11,4.3413,4.2331,0.4519,0.3764,0.4743,7,2,9
777554,2025-06-11,4.3258,4.2668,0.4509,0.3545,0.4582,2,6,8
777555,2025-06-11,4.3503,4.2435,0.4567,0.3731,0.475,5,0,5
777556,2025-06-11,4.3503,4.2435,0.4455,0.371,0.4705,6,2,8
777561,2025-06-11,4.3947,4.2973,0.4633,0.3608,0.4613,4,3,7
777562,2025-06-11,4.3314,4.2973,0.4528,0.3604,0.4603,10,1,11
777532,2025-06-12,4.3526,4.2457,0.4523,0.3649,0.4679,6,0,6
777533,2025-06-12,4.3503,4.2435,0.4584,0.3633,0.4639,3,16,19
777534,2025-06-12,4.3314,4.3158,0.4637,0.3571,0.4524,8,7,15
777536,2025-06-12,4.3314,4.2973,0.457,0.3612,0.4556,0,1,1
777540,2025-06-12,4.3503,4.2973,0.4686,0.3649,0.4668,1,4,5
777541,2025-06-12,4.3503,4.2668,0.4472,0.364,0.4603,3,2,5
777544,2025-06-12,4.3503,4.2435,0.4456,0.3729,0.4723,4,3,7
777546,2025-06-12,4.3503,4.2668,0.4551,0.3617,0.4627,4,3,7
777520,2025-06-13,4.3314,4.3204,0.4482,0.3693,0.4685,7,2,9
777521,2025-06-13,4.3503,4.3158,0.4656,0.3634,0.4555,5,1,6
777522,2025-06-13,4.3503,4.2643,0.4595,0.3579,0.4589,2,6,8
777524,2025-06-13,4.3413,4.267,0.4599,0.3633,0.4632,3,1,4
777525,2025-06-13,4.3258,4.2745,0.4567,0.3618,0.4635,3,2,5
777526,2025-06-13,4.3503,4.2668,0.4669,0.3714,0.4659,1,2,3
777527,2025-06-13,4.3673,4.2973,0.4633,0.3677,0.4642,10,3,13
777528,2025-06-13,4.3503,4.2973,0.4551,0.3543,0.4574,5,7,12
777529,2025-06-13,4.3314,4.2341,0.4492,0.3663,0.4669,4,6,10
777530,2025-06-13,4.3314,4.2418,0.4485,0.3716,0.4735,9,11,20
777531,2025-06-13,4.3673,4.2973,0.4597,0.3603,0.4609,8,0,8
777535,2025-06-13,4.3314,4.1759,0.4537,0.3773,0.4744,12,4,16
777537,2025-06-13,4.3503,4.2973,0.4523,0.3598,0.4602,2,1,3
777538,2025-06-13,4.3503,4.2502,0.455,0.3586,0.4613,11,5,16
777539,2025-06-13,4.3673,4.3264,0.4555,0.3675,0.468,2,0,2
777506,2025-06-14,4.3503,4.2643,0.4636,0.3715,0.4683,11,5,16
777507,2025-06-14,4.3413,4.3165,0.4552,0.3625,0.461,4,3,7
777508,2025-06-14,4.3258,4.267,0.4502,0.3569,0.4569,5,4,9
777509,2025-06-14,4.3413,4.3264,0.4612,0.3611,0.4545,3,2,5
777510,2025-06-14,4.3258,4.2973,0.4527,0.3535,0.4524,3,2,5
777511,2025-06-14,4.3314,4.2341,0.4407,0.3608,0.4639,0,4,4
777512,2025-06-14,4.3314,4.2898,0.4526,0.3607,0.4599,5,8,13
777513,2025-06-14,4.3503,4.2898,0.4533,0.3683,0.4714,2,1,3
777514,2025-06-14,4.3314,4.2418,0.4597,0.3636,0.4608,3,4,7
777515,2025-06-14,4.3503,4.2663,0.4576,0.3603,0.4569,8,7,15
777516,2025-06-14,4.3503,4.2973,0.4536,0.3664,0.4625,4,3,7
777517,2025-06-14,4.3413,4.2791,0.4552,0.3631,0.4613,1,11,12
777518,2025-06-14,4.3503,4.2973,0.4517,0.3611,0.4625,4,8,12
777519,2025-06-14,4.3314,4.2934,0.4507,0.3656,0.4668,6,5,11
777523,2025-06-14,4.3947,4.1759,0.4456,0.3832,0.4822,4,1,5
777491,2025-06-15,4.3503,4.2625,0.4533,0.3595,0.4554,2,8,10
777492,2025-06-15,4.3314,4.2643,0.4528,0.3586,0.4541,3,2,5
777493,2025-06-15,4.4009,4.267,0.4555,0.3688,0.4746,2,1,3
777494,2025-06-15,4.3258,4.3028,0.4555,0.3572,0.4598,2,1,3
777495,2025-06-15,4.3314,4.3165,0.4584,0.3662,0.4691,6,0,6
777496,2025-06-15,4.3314,4.2341,0.4596,0.3628,0.4668,2,3,5
777497,2025-06-15,4.3314,4.2156,0.4484,0.3674,0.4714,3,2,5
777498,2025-06-15,4.3503,4.2643,0.4559,0.3655,0.4628,5,4,9
777499,2025-06-15,4.3413,4.2973,0.4548,0.3669,0.4668,11,4,15
777500,2025-06-15,4.3503,4.2973,0.4667,0.3596,0.4569,2,0,2
777501,2025-06-15,4.3673,4.2934,0.4551,0.3563,0.4551,11,2,13
777502,2025-06-15,4.3503,4.3264,0.4553,0.3615,0.4578,0,9,9
777503,2025-06-15,4.3413,4.2418,0.4589,0.3651,0.4673,1,3,4
777504,2025-06-15,4.3413,4.267,0.4578,0.3669,0.4701,1,10,11
777505,2025-06-15,4.3314,4.2932,0.448,0.3614,0.4624,4,8,12
777483,2025-06-16,4.3314,4.3264,0.4512,0.3601,0.4602,2,5,7
777484,2025-06-16,4.3503,4.2341,0.4537,0.3713,0.4733,7,1,8
777485,2025-06-16,4.3947,4.3497,0.4666,0.3677,0.4626,3,1,4
777486,2025-06-16,4.3258,4.3028,0.4507,0.3492,0.4479,0,2,2
777487,2025-06-16,4.3503,4.2668,0.4641,0.3606,0.4621,0,1,1
777488,2025-06-16,4.3314,4.1759,0.443,0.3694,0.4686,4,6,10
777490,2025-06-16,4.4009,4.2663,0.4565,0.3762,0.4788,6,3,9
777467,2025-06-17,4.3598,4.1652,0.4466,0.3778,0.4812,2,12,14
777468,2025-06-17,4.3327,4.243,0.452,0.3623,0.464,1,6,7
777469,2025-06-17,4.3576,4.3364,0.4646,0.3595,0.4558,3,13,16
777471,2025-06-17,4.3671,4.1652,0.4521,0.3807,0.4793,8,6,14
777472,2025-06-17,4.3161,4.3005,0.4539,0.3639,0.4675,2,3,5
777473,2025-06-17,4.3141,4.224,0.4437,0.3583,0.4626,8,0,8
777475,2025-06-17,4.3598,4.1645,0.4451,0.3797,0.4795,7,3,10
777476,2025-06-17,4.3671,4.2327,0.4663,0.3733,0.4723,0,4,4
777477,2025-06-17,4.3275,4.1645,0.438,0.3646,0.469,1,5,6
777478,2025-06-17,4.3849,4.2585,0.451,0.3616,0.465,6,5,11
777479,2025-06-17,4.3849,4.3552,0.4631,0.3618,0.4609,5,4,9
777480,2025-06-17,4.3687,4.1652,0.4508,0.3778,0.4774,6,10,16
777481,2025-06-17,4.3576,4.2706,0.463,0.3646,0.4601,8,3,11
777482,2025-06-17,4.3296,4.3039,0.4497,0.3675,0.4614,5,3,8
777489,2025-06-17,4.3849,4.2498,0.4591,0.3711,0.47,5,4,9
777453,2025-06-18,4.3576,4.1715,0.4486,0.3788,0.4737,1,3,4
777454,2025-06-18,4.3415,4.2112,0.4484,0.3666,0.469,2,4,6
777456,2025-06-18,4.3576,4.3421,0.4578,0.3718,0.4708,4,11,15
777457,2025-06-18,4.4596,4.3039,0.4608,0.3713,0.4726,4,3,7
777460,2025-06-18,4.3327,4.1652,0.4396,0.3616,0.4625,3,6,9
777461,2025-06-18,4.3612,4.1864,0.4545,0.3753,0.4742,1,3,4
777462,2025-06-18,4.3849,4.3363,0.4658,0.3628,0.4642,8,1,9
777463,2025-06-18,4.3849,4.1565,0.4535,0.3798,0.4765,12,8,20
777465,2025-06-18,4.3754,4.2706,0.4511,0.3781,0.4761,2,4,6
777466,2025-06-18,4.3849,4.3288,0.4595,0.3622,0.4637,2,3,5
777470,2025-06-18,4.3597,4.3096,0.4603,0.3556,0.4573,5,0,5
777474,2025-06-18,4.3849,4.2972,0.4588,0.3613,0.4668,4,2,6
777440,2025-06-19,4.3348,4.2664,0.452,0.3633,0.4688,2,1,3
777441,2025-06-19,4.3597,4.1847,0.4499,0.3767,0.4787,6,4,10
777442,2025-06-19,4.3724,4.1652,0.4457,0.3796,0.4812,3,5,8
777443,2025-06-19,4.3753,4.264,0.455,0.3725,0.4705,1,4,5
777444,2025-06-19,4.3597,4.2762,0.4626,0.3661,0.4642,1,2,3
777445,2025-06-19,4.3415,4.1864,0.4488,0.3738,0.4715,4,3,7
777446,2025-06-19,4.3576,4.1905,0.4507,0.3759,0.4772,1,4,5
777447,2025-06-19,4.3415,4.1145,0.442,0.378,0.4802,4,5,9
777448,2025-06-19,4.3849,4.2972,0.454,0.3715,0.4711,5,9,14
777449,2025-06-19,4.3161,4.3747,0.4525,0.3582,0.4593,7,3,10
777450,2025-06-19,4.3275,4.3965,0.4662,0.3439,0.4465,7,8,15
777451,2025-06-19,4.3209,4.1059,0.4297,0.3727,0.4744,9,2,11
777452,2025-06-19,4.3576,4.3003,0.4534,0.3495,0.452,5,12,17
777455,2025-06-19,4.3597,4.3096,0.4614,0.3651,0.4628,7,1,8
777458,2025-06-19,4.3327,4.198,0.4574,0.3691,0.4704,6,8,14
777464,2025-06-19,4.3141,4.1059,0.4508,0.3719,0.4704,4,8,12
777425,2025-06-20,4.3598,4.1732,0.4541,0.365,0.4664,5,7,12
777426,2025-06-20,4.3348,4.1864,0.4445,0.3652,0.4697,5,6,11
777427,2025-06-20,4.3671,4.2789,0.4579,0.3617,0.4615,6,5,11
777428,2025-06-20,4.4006,4.3146,0.4689,0.3729,0.4668,2,3,5
777429,2025-06-20,4.3671,4.0811,0.4353,0.3813,0.4825,5,1,6
777430,2025-06-20,4.3209,4.33,0.4594,0.3543,0.4537,8,14,22
777431,2025-06-20,4.3849,4.3364,0.4589,0.3721,0.4735,14,8,22
777432,2025-06-20,4.3348,4.1777,0.4398,0.3703,0.4728,2,6,8
777433,2025-06-20,4.3415,4.4099,0.4675,0.3518,0.4448,6,1,7
777434,2025-06-20,4.4028,4.3453,0.4701,0.361,0.4624,6,17,23
777435,2025-06-20,4.4165,4.2601,0.46,0.3748,0.4765,1,7,8
777436,2025-06-20,4.3849,4.3363,0.4625,0.3702,0.4671,4,9,13
777437,2025-06-20,4.3597,4.3499,0.4652,0.3536,0.4502,10,2,12
777438,2025-06-20,4.3849,4.2367,0.452,0.372,0.4688,3,5,8
777439,2025-06-20,4.3598,4.2639,0.45,0.3706,0.464,6,2,8
777410,2025-06-21,4.4165,4.4218,0.4806,0.3603,0.4595,3,5,8
777411,2025-06-21,4.3849,4.1195,0.4449,0.3752,0.4751,2,4,6
777412,2025-06-21,4.4028,4.2634,0.4621,0.3651,0.4654,0,9,9
777413,2025-06-21,4.3436,4.1864,0.4519,0.3699,0.4698,5,1,6
777414,2025-06-21,4.3327,4.1873,0.4461,0.3655,0.4714,9,1,10
777415,2025-06-21,4.3161,4.2681,0.457,0.3602,0.4644,6,5,11
777416,2025-06-21,4.3368,4.2789,0.4487,0.3594,0.4614,3,7,10
777417,2025-06-21,4.3687,4.1651,0.4502,0.3783,0.4777,3,2,5
777418,2025-06-21,4.3849,4.1864,0.447,0.3735,0.4679,7,1,8
777419,2025-06-21,4.3576,4.2916,0.4652,0.3636,0.4574,10,7,17
777420,2025-06-21,4.3671,4.3364,0.4687,0.3617,0.4604,8,3,11
777421,2025-06-21,4.3732,4.1553,0.4487,0.3724,0.4725,2,3,5
777422,2025-06-21,4.3849,4.1652,0.4497,0.3767,0.4792,9,0,9
777423,2025-06-21,4.3158,4.1912,0.446,0.3634,0.4624,4,11,15
777424,2025-06-21,4.3141,4.2916,0.4575,0.3569,0.4588,0,7,7
777395,2025-06-22,4.3348,4.1651,0.4478,0.3677,0.4679,9,5,14
777396,2025-06-22,4.3327,4.1864,0.45,0.369,0.4705,3,2,5
777397,2025-06-22,4.3732,4.3421,0.4603,0.3618,0.4595,7,8,15
777398,2025-06-22,4.4596,4.2916,0.4678,0.3741,0.4753,13,7,20
777399,2025-06-22,4.3576,4.4368,0.4749,0.3516,0.4503,4,2,6
777400,2025-06-22,4.3671,4.1415,0.4333,0.375,0.4818,0,3,3
777401,2025-06-22,4.3597,4.2634,0.4641,0.3744,0.4719,8,9,17
777402,2025-06-22,4.3415,4.3363,0.4633,0.3591,0.4523,5,3,8
777403,2025-06-22,4.3576,4.2916,0.4638,0.3717,0.4738,6,14,20
777404,2025-06-22,4.3732,4.1777,0.4507,0.3707,0.47,8,3,11
777405,2025-06-22,4.3597,4.3127,0.4604,0.3588,0.4536,7,1,8
777406,2025-06-22,4.3597,4.1652,0.4432,0.3666,0.464,4,2,6
777407,2025-06-22,4.3141,4.2406,0.4521,0.3564,0.4538,1,4,5
777408,2025-06-22,4.3849,4.1864,0.4464,0.3705,0.4722,2,4,6
777409,2025-06-22,4.3368,4.2706,0.4515,0.3576,0.4584,3,9,12
777381,2025-06-23,4.3732,4.257,0.458,0.3616,0.468,9,5,14
777382,2025-06-23,4.3415,4.3635,0.4683,0.345,0.4475,6,10,16
777388,2025-06-23,4.3576,4.2916,0.4569,0.3606,0.4568,2,11,13
777389,2025-06-23,4.3576,4.265,0.4608,0.3666,0.4681,2,3,5
777390,2025-06-23,4.3576,4.2491,0.4571,0.3704,0.471,6,1,7
777391,2025-06-23,4.3849,4.1986,0.4546,0.3672,0.468,4,5,9
777392,2025-06-23,4.3732,4.335,0.4691,0.3638,0.4635,8,2,10
777393,2025-06-23,4.3687,4.2727,0.4613,0.3619,0.4659,0,10,10
777394,2025-06-23,4.3458,4.2119,0.4495,0.3653,0.4665,6,0,6
777364,2025-06-24,4.4334,4.2429,0.4603,0.3704,0.4733,2,4,6
777372,2025-06-24,4.2895,4.2413,0.444,0.3636,0.4647,4,3,7
777373,2025-06-24,4.4195,4.3558,0.4688,0.3676,0.4632,8,7,15
777374,2025-06-24,4.4599,4.2429,0.4604,0.3832,0.4841,9,3,12
777375,2025-06-24,4.3398,4.4785,0.4739,0.344,0.4349,5,6,11
777376,2025-06-24,4.3853,4.3073,0.4627,0.3733,0.4729,3,2,5
777377,2025-06-24,4.3403,4.3813,0.4724,0.3545,0.4498,1,0,1
777378,2025-06-24,4.3438,4.3166,0.4656,0.3667,0.4658,1,5,6
777379,2025-06-24,4.3824,4.4195,0.4646,0.3662,0.4569,7,9,16
777380,2025-06-24,4.4058,4.2279,0.4644,0.3797,0.4755,5,6,11
777383,2025-06-24,4.3002,4.3083,0.4563,0.3656,0.4603,1,4,5
777384,2025-06-24,4.3048,4.3069,0.4528,0.3548,0.4546,6,10,16
777385,2025-06-24,4.5169,4.2979,0.4712,0.3775,0.4758,5,4,9
777386,2025-06-24,4.3692,4.4429,0.4811,0.3547,0.4547,11,4,15
777387,2025-06-24,4.5726,4.3273,0.4858,0.3835,0.4855,4,7,11
777355,2025-06-25,4.4559,4.2601,0.4565,0.3786,0.4701,5,8,13
777357,2025-06-25,4.4048,4.3558,0.459,0.3564,0.4535,0,8,8
777358,2025-06-25,4.4231,4.4379,0.4779,0.3625,0.4633,1,8,9
777359,2025-06-25,4.327,4.3495,0.4612,0.3613,0.4575,0,3,3
777360,2025-06-25,4.3105,4.2451,0.4509,0.3655,0.4648,1,0,1
777361,2025-06-25,4.4309,4.2679,0.4577,0.3733,0.4718,4,2,6
777362,2025-06-25,4.41,4.2922,0.4638,0.3718,0.4703,5,2,7
777363,2025-06-25,4.4058,4.4785,0.4853,0.3589,0.4532,2,0,2
777365,2025-06-25,4.3655,4.2567,0.4573,0.3633,0.467,0,7,7
777366,2025-06-25,4.3841,4.3419,0.4596,0.3702,0.4651,2,0,2
777367,2025-06-25,4.4848,4.2968,0.4689,0.3831,0.4805,1,7,8
777368,2025-06-25,4.2858,4.3055,0.4539,0.3515,0.4476,5,4,9
777369,2025-06-25,4.4159,4.3833,0.4721,0.3626,0.46,7,3,10
777370,2025-06-25,4.3277,4.2857,0.461,0.358,0.455,7,3,10
777371,2025-06-25,4.5133,4.2842,0.4669,0.3822,0.4798,0,3,3
777344,2025-06-26,4.4226,4.4906,0.4824,0.3621,0.4555,1,3,4
777347,2025-06-26,4.3909,4.2601,0.457,0.3647,0.4679,5,12,17
777348,2025-06-26,4.4195,4.3442,0.4667,0.3688,0.4674,0,3,3
777350,2025-06-26,4.3015,4.3419,0.4572,0.3527,0.454,2,1,3
777351,2025-06-26,4.5774,4.2842,0.4771,0.3863,0.4856,8,0,8
777352,2025-06-26,4.4885,4.3003,0.475,0.373,0.471,4,0,4
777353,2025-06-26,4.3048,4.2724,0.4495,0.364,0.4605,0,4,4
777354,2025-06-26,4.3048,4.3602,0.456,0.3529,0.4483,0,6,6
777356,2025-06-26,4.4044,4.4785,0.4769,0.353,0.4509,10,1,11
777331,2025-06-27,4.3659,4.4785,0.4753,0.3467,0.4391,9,15,24
777332,2025-06-27,4.448,4.2357,0.4701,0.3834,0.4773,8,9,17
777334,2025-06-27,4.4559,4.3205,0.4651,0.3721,0.4676,1,4,5
777335,2025-06-27,4.2895,4.3095,0.4523,0.3518,0.4475,4,5,9
777336,2025-06-27,4.3403,4.3558,0.4673,0.3703,0.4678,7,4,11
777337,2025-06-27,4.3866,4.2959,0.4598,0.3604,0.4665,3,0,3
777338,2025-06-27,4.3277,4.3327,0.4512,0.3594,0.4644,1,3,4
777339,2025-06-27,4.4144,4.2759,0.4655,0.362,0.4579,10,6,16
777340,2025-06-27,4.3314,4.4785,0.4724,0.3571,0.4521,6,7,13
777341,2025-06-27,4.3838,4.3494,0.4726,0.3702,0.466,9,1,10
777342,2025-06-27,4.3507,4.3171,0.4469,0.3623,0.4621,0,13,13
777343,2025-06-27,4.2896,4.269,0.4495,0.3489,0.449,22,8,30
777345,2025-06-27,4.3536,4.3103,0.4577,0.3525,0.4566,0,9,9
777346,2025-06-27,4.3508,4.2681,0.4525,0.3593,0.4595,8,1,9
777349,2025-06-27,4.3304,4.3511,0.4538,0.358,0.454,0,5,5
777315,2025-06-28,4.3255,4.4785,0.4661,0.3518,0.449,8,2,10
777318,2025-06-28,4.6448,4.2922,0.4935,0.3927,0.4906,7,8,15
777319,2025-06-28,4.3783,4.3198,0.4651,0.3553,0.4592,9,5,14
777320,2025-06-28,4.355,4.3558,0.4597,0.3604,0.4556,3,12,15
777321,2025-06-28,4.4377,4.2759,0.4622,0.3715,0.4672,5,0,5
777322,2025-06-28,4.3946,4.4785,0.4834,0.3563,0.4543,3,2,5
777323,2025-06-28,4.378,4.3103,0.4575,0.3646,0.4627,15,1,16
777324,2025-06-28,4.4809,4.3205,0.4782,0.3753,0.4785,10,5,15
777325,2025-06-28,4.4195,4.361,0.4687,0.3734,0.4669,9,2,11
777326,2025-06-28,4.4071,4.2959,0.4639,0.3633,0.4642,0,7,7
777327,2025-06-28,4.3048,4.3083,0.452,0.3595,0.4587,1,0,1
777328,2025-06-28,4.3977,4.306,0.4593,0.3694,0.4675,4,6,10
777329,2025-06-28,4.378,4.3013,0.4574,0.3641,0.4634,6,9,15
777330,2025-06-28,4.409,4.3218,0.4624,0.3661,0.4659,3,11,14
777333,2025-06-28,4.4029,4.3746,0.4652,0.3672,0.4625,6,1,7
777301,2025-06-29,4.4626,4.2759,0.4646,0.3818,0.4765,3,4,7
777302,2025-06-29,4.4,4.4785,0.4822,0.3609,0.455,4,6,10
777303,2025-06-29,4.4494,4.2922,0.4762,0.3753,0.4735,4,6,10
777304,2025-06-29,4.3643,4.2646,0.4597,0.366,0.4639,1,5,6
777305,2025-06-29,4.3798,4.2485,0.4501,0.3687,0.4712,4,7,11
777307,2025-06-29,4.4097,4.2959,0.4629,0.3725,0.4658,12,5,17
777308,2025-06-29,4.3662,4.3954,0.4745,0.3612,0.4577,2,0,2
777309,2025-06-29,4.3048,4.3257,0.4521,0.3617,0.4588,0,7,7
777310,2025-06-29,4.3219,4.3103,0.4606,0.3606,0.4542,3,5,8
777311,2025-06-29,4.373,4.3327,0.4668,0.3628,0.4588,5,2,7
777312,2025-06-29,4.3752,4.2922,0.4544,0.366,0.4646,3,2,5
777313,2025-06-29,4.4443,4.2911,0.4615,0.3733,0.4719,12,1,13
777314,2025-06-29,4.4309,4.3205,0.4563,0.3726,0.468,3,0,3
777316,2025-06-29,4.4148,4.3384,0.4674,0.3661,0.4653,1,2,3
777317,2025-06-29,4.4281,4.3218,0.4603,0.3691,0.4732,5,1,6
777291,2025-06-30,4.4231,4.3444,0.4635,0.3672,0.4657,4,2,6
777292,2025-06-30,4.3866,4.2601,0.4635,0.3794,0.4778,6,10,16
777295,2025-06-30,4.5942,4.3419,0.4867,0.3845,0.4818,5,4,9
777296,2025-06-30,4.3392,4.2959,0.4418,0.3688,0.4677,4,6,10
777297,2025-06-30,4.4456,4.2601,0.4566,0.3753,0.4772,6,2,8
777299,2025-06-30,4.4195,4.348,0.4604,0.3612,0.4578,7,0,7
777300,2025-06-30,4.3695,4.4785,0.4791,0.3438,0.4485,13,6,19
777306,2025-06-30,4.3071,4.2808,0.4577,0.3565,0.4612,4,0,4
777278,2025-07-01,4.4637,4.2062,0.4593,0.3801,0.4854,8,2,10
777280,2025-07-01,4.3465,4.1328,0.4381,0.3711,0.4715,6,1,7
777281,2025-07-01,4.393,4.1162,0.453,0.3891,0.4914,3,6,9
777282,2025-07-01,4.3926,4.4187,0.4771,0.3626,0.459,10,2,12
777283,2025-07-01,4.4498,4.3882,0.48,0.3621,0.4509,12,5,17
777285,2025-07-01,4.3939,4.6457,0.4943,0.3454,0.4467,5,6,11
777286,2025-07-01,4.4498,4.3934,0.4708,0.3644,0.4645,3,4,7
777287,2025-07-01,4.4428,4.0547,0.451,0.3905,0.4945,5,2,7
777288,2025-07-01,4.4407,4.2986,0.4705,0.3716,0.4678,1,0,1
777293,2025-07-01,4.3912,4.2489,0.444,0.3766,0.4762,2,0,2
777294,2025-07-01,4.4875,4.3392,0.4789,0.3715,0.472,5,3,8
777298,2025-07-01,4.3551,4.4742,0.4784,0.3487,0.4504,0,4,4
777262,2025-07-02,4.4356,4.2142,0.4594,0.3719,0.4731,3,2,5
777265,2025-07-02,4.3056,4.4668,0.4667,0.3416,0.4385,9,4,13
777266,2025-07-02,4.4316,4.0729,0.4431,0.376,0.4848,5,4,9
777267,2025-07-02,4.3695,4.1054,0.4411,0.3794,0.4846,5,4,9
777268,2025-07-02,4.3677,4.2327,0.4559,0.3749,0.4773,6,0,6
777269,2025-07-02,4.4028,4.1919,0.4518,0.367,0.462,3,5,8
777270,2025-07-02,4.4237,4.1234,0.4471,0.3837,0.4857,5,6,11
777271,2025-07-02,4.4498,4.3934,0.4734,0.3647,0.4584,6,5,11
777272,2025-07-02,4.4606,4.2848,0.4635,0.3733,0.4695,5,0,5
777273,2025-07-02,4.3876,4.2338,0.4484,0.3669,0.4671,4,6,10
777274,2025-07-02,4.4078,4.1707,0.4563,0.3701,0.4689,11,9,20
777275,2025-07-02,4.4993,4.2598,0.4631,0.3867,0.482,1,2,3
777276,2025-07-02,4.4764,4.4137,0.4808,0.3684,0.4641,7,3,10
777277,2025-07-02,4.4462,4.4752,0.4792,0.37,0.4661,4,8,12
777279,2025-07-02,4.5091,4.4416,0.4834,0.37,0.4626,8,3,11
777284,2025-07-02,4.3272,4.4248,0.4828,0.356,0.4562,2,11,13
777289,2025-07-02,4.422,4.5415,0.4776,0.3608,0.4554,2,7,9
777290,2025-07-02,4.3327,4.2338,0.4484,0.3688,0.4622,5,1,6
777251,2025-07-03,4.393,4.2715,0.4666,0.3695,0.4634,2,3,5
777253,2025-07-03,4.3695,4.1172,0.448,0.3735,0.471,6,2,8
777256,2025-07-03,4.4764,4.0487,0.4479,0.4025,0.5017,2,7,9
777257,2025-07-03,4.422,4.3087,0.4715,0.366,0.4628,3,2,5
777258,2025-07-03,4.3528,4.4921,0.4786,0.342,0.4424,11,7,18
777259,2025-07-03,4.4453,4.1234,0.4397,0.3861,0.4897,1,0,1
777260,2025-07-03,4.3695,4.3625,0.4821,0.3566,0.4562,8,5,13
777261,2025-07-03,4.4805,4.399,0.4746,0.3757,0.4685,1,5,6
777263,2025-07-03,4.4296,4.1284,0.4512,0.3844,0.4886,4,1,5
777264,2025-07-03,4.4082,4.6349,0.4917,0.3482,0.4426,7,6,13
777235,2025-07-04,4.3695,4.2426,0.4468,0.3632,0.4661,1,18,19
777236,2025-07-04,4.4783,4.3199,0.4697,0.3733,0.471,6,0,6
777239,2025-07-04,4.4324,4.3172,0.4628,0.3672,0.4648,3,2,5
777242,2025-07-04,4.3695,4.3494,0.4645,0.3567,0.4551,4,3,7
777243,2025-07-04,4.3722,4.0802,0.4421,0.3782,0.4821,2,3,5
777244,2025-07-04,4.4931,4.0937,0.4511,0.3932,0.4984,11,2,13
777245,2025-07-04,4.3516,4.2371,0.4516,0.3591,0.4659,2,11,13
777246,2025-07-04,4.4494,4.3052,0.4741,0.3713,0.4731,11,3,14
777247,2025-07-04,4.3777,4.3328,0.4711,0.3627,0.4613,4,3,7
777248,2025-07-04,4.3927,4.2467,0.4549,0.3723,0.476,3,9,12
777249,2025-07-04,4.3359,4.2595,0.4431,0.3543,0.458,1,2,3
777250,2025-07-04,4.4601,4.2181,0.4659,0.3704,0.4704,6,5,11
777252,2025-07-04,4.3707,4.2278,0.4497,0.3574,0.4582,2,3,5
777254,2025-07-04,4.4637,4.3429,0.4708,0.3685,0.463,5,6,11
777255,2025-07-04,4.4261,4.4172,0.4734,0.365,0.4605,6,9,15
777221,2025-07-05,4.3922,4.2946,0.4613,0.3718,0.4718,4,6,10
777223,2025-07-05,4.4161,4.1603,0.452,0.3839,0.4829,4,7,11
777225,2025-07-05,4.393,4.2131,0.4557,0.3694,0.471,1,0,1
777227,2025-07-05,4.3919,4.136,0.4463,0.3824,0.4818,2,7,9
777228,2025-07-05,4.3814,4.4547,0.485,0.3535,0.4505,3,10,13
777229,2025-07-05,4.358,4.3648,0.4641,0.3554,0.4587,6,8,14
777230,2025-07-05,4.3835,4.4411,0.4694,0.3571,0.4558,6,5,11
777231,2025-07-05,4.3695,4.4382,0.4696,0.3576,0.4533,4,3,7
777232,2025-07-05,4.3557,4.1527,0.4516,0.3685,0.4682,3,10,13
777233,2025-07-05,4.4184,4.3749,0.4689,0.3626,0.4573,5,1,6
777234,2025-07-05,4.3932,4.2735,0.4555,0.3678,0.4718,7,1,8
777237,2025-07-05,4.4438,4.2505,0.4584,0.3814,0.4751,6,9,15
777238,2025-07-05,4.5133,4.2599,0.4686,0.3875,0.4902,4,2,6
777240,2025-07-05,4.2896,4.4298,0.461,0.3459,0.4397,0,1,1
777241,2025-07-05,4.4545,4.3414,0.469,0.3668,0.4631,12,6,18
777205,2025-07-06,4.393,4.2163,0.4524,0.3778,0.4767,1,0,1
777206,2025-07-06,4.3922,4.3083,0.4625,0.3611,0.4627,1,5,6
777207,2025-07-06,4.3606,4.3759,0.4639,0.3559,0.4522,4,1,5
777210,2025-07-06,4.4144,4.3027,0.46,0.3655,0.4656,2,6,8
777213,2025-07-06,4.4718,4.3725,0.4753,0.3702,0.4728,4,6,10
777214,2025-07-06,4.3627,4.3969,0.4709,0.3572,0.4578,3,2,5
777215,2025-07-06,4.4076,4.5662,0.4883,0.3495,0.4524,6,4,10
777216,2025-07-06,4.4449,4.0977,0.4551,0.382,0.4869,4,6,10
777217,2025-07-06,4.3864,4.5962,0.4877,0.3462,0.4411,3,1,4
777218,2025-07-06,4.4283,4.2872,0.4572,0.3668,0.4721,0,4,4
777219,2025-07-06,4.4876,4.3461,0.4813,0.375,0.4715,11,0,11
777220,2025-07-06,4.3859,4.3156,0.4659,0.3653,0.4639,5,7,12
777222,2025-07-06,4.4218,4.3832,0.4799,0.363,0.4595,1,2,3
777224,2025-07-06,4.4581,4.1606,0.4524,0.3815,0.4821,1,3,4
777226,2025-07-06,4.4096,4.2829,0.4608,0.3647,0.4613,2,7,9
777199,2025-07-07,4.4304,4.3998,0.4747,0.3666,0.464,3,1,4
777200,2025-07-07,4.3932,4.3087,0.4564,0.3608,0.4642,6,5,11
777201,2025-07-07,4.4081,4.2904,0.4616,0.3711,0.4658,9,1,10
777202,2025-07-07,4.3627,4.4244,0.4665,0.3506,0.4502,5,7,12
777203,2025-07-07,4.5091,4.377,0.4839,0.367,0.4687,3,6,9
777204,2025-07-07,4.4317,4.1811,0.4484,0.382,0.4791,9,3,12
777208,2025-07-07,4.3237,4.3393,0.4592,0.3564,0.4577,1,5,6
777209,2025-07-07,4.4384,4.6811,0.5033,0.3494,0.4388,9,3,12
777211,2025-07-07,4.4078,4.2896,0.4603,0.3645,0.4678,5,1,6
777212,2025-07-07,4.4588,4.3535,0.478,0.3685,0.4655,4,8,12
777180,2025-07-08,4.5604,4.3723,0.4849,0.3819,0.4792,1,13,14
777185,2025-07-08,4.3033,4.3161,0.4537,0.3572,0.459,1,0,1
777186,2025-07-08,4.2281,4.3745,0.4483,0.3466,0.4448,4,3,7
777187,2025-07-08,4.5815,4.6161,0.5021,0.3618,0.4584,10,3,13
777188,2025-07-08,4.4179,4.4415,0.4755,0.3583,0.4582,1,6,7
777189,2025-07-08,4.5056,4.2673,0.4633,0.3745,0.474,10,1,11
777190,2025-07-08,4.3487,4.4006,0.4684,0.3596,0.4611,8,1,9
777191,2025-07-08,4.2323,4.5127,0.4782,0.3435,0.4418,4,2,6
777192,2025-07-08,4.2567,4.4703,0.4675,0.3481,0.449,6,10,16
777193,2025-07-08,4.6245,4.2745,0.4833,0.3886,0.4871,3,1,4
777194,2025-07-08,4.2045,4.1947,0.4439,0.3472,0.4502,4,3,7
777195,2025-07-08,4.4412,4.205,0.4581,0.377,0.4807,4,2,6
777196,2025-07-08,4.6395,4.4559,0.501,0.382,0.4757,10,2,12
777197,2025-07-08,4.189,4.2737,0.4436,0.3466,0.4467,2,12,14
777198,2025-07-08,4.3257,4.3881,0.4647,0.3565,0.454,6,7,13
777162,2025-07-09,4.3238,4.3646,0.4664,0.3544,0.4484,2,8,10
777163,2025-07-09,4.368,4.3153,0.4576,0.3589,0.4572,0,13,13
777171,2025-07-09,4.6117,4.3485,0.4905,0.384,0.4769,11,8,19
777172,2025-07-09,4.4237,4.3691,0.4684,0.3642,0.4588,2,1,3
777173,2025-07-09,4.2912,4.3723,0.4643,0.3524,0.452,4,2,6
777174,2025-07-09,4.3145,4.3733,0.4591,0.3589,0.4557,2,4,6
777175,2025-07-09,4.4818,4.3924,0.4783,0.3648,0.4603,3,2,5
777176,2025-07-09,4.506,4.3342,0.4765,0.3752,0.4716,2,9,11
777177,2025-07-09,4.2292,4.2051,0.4389,0.3609,0.4642,4,3,7
777178,2025-07-09,4.0793,4.6095,0.4513,0.3176,0.4133,2,8,10
777179,2025-07-09,4.5627,4.4559,0.4949,0.3625,0.464,10,2,12
777182,2025-07-09,4.3938,4.3094,0.4641,0.3717,0.4675,3,7,10
777183,2025-07-09,4.2651,4.2373,0.446,0.3598,0.462,7,2,9
777184,2025-07-09,5.3165,4.6008,0.5627,0.4284,0.5244,9,6,15
777156,2025-07-10,4.5427,4.3174,0.4747,0.3792,0.48,5,4,9
777158,2025-07-10,4.4005,4.3332,0.4699,0.3676,0.4664,4,3,7
777159,2025-07-10,4.4864,4.3244,0.4712,0.3793,0.4768,4,11,15
777165,2025-07-10,4.256,4.3717,0.4578,0.3534,0.4531,3,1,4
777166,2025-07-10,4.21,4.4201,0.4525,0.3391,0.4367,1,8,9
777167,2025-07-10,4.2049,4.591,0.469,0.3258,0.4248,8,1,9
777168,2025-07-10,4.2479,4.2549,0.4391,0.3597,0.461,6,0,6
777169,2025-07-10,5.0087,4.3877,0.5232,0.4203,0.5146,6,5,11
777170,2025-07-10,5.0471,4.3406,0.5235,0.4173,0.5126,4,3,7
777181,2025-07-10,4.5258,4.2665,0.4695,0.3808,0.4762,7,3,10
777139,2025-07-11,4.5539,4.3153,0.4792,0.3853,0.4835,4,2,6
777143,2025-07-11,4.3122,4.2463,0.4445,0.3595,0.4621,8,7,15
777146,2025-07-11,4.4049,4.4619,0.4748,0.3603,0.4559,5,4,9
777147,2025-07-11,4.05,4.3143,0.4268,0.3331,0.4314,5,6,11
777148,2025-07-11,4.1904,4.1937,0.4335,0.3547,0.4521,2,1,3
777149,2025-07-11,4.2748,4.591,0.4702,0.3356,0.4289,8,3,11
777150,2025-07-11,4.5126,4.3332,0.4712,0.3734,0.4736,6,5,11
777151,2025-07-11,4.371,4.309,0.4594,0.3653,0.4619,3,8,11
777152,2025-07-11,4.4946,4.4182,0.4867,0.3647,0.4672,6,7,13
777153,2025-07-11,4.4885,4.3389,0.4805,0.374,0.4739,11,0,11
777154,2025-07-11,4.3269,4.3448,0.4641,0.3614,0.4553,3,7,10
777155,2025-07-11,4.571,4.3094,0.4809,0.3879,0.4885,5,4,9
777157,2025-07-11,4.518,4.2717,0.4777,0.3822,0.4823,5,2,7
777160,2025-07-11,4.5024,4.3466,0.4773,0.3794,0.4792,2,3,5
777161,2025-07-11,4.5044,4.3167,0.4734,0.3729,0.4711,3,12,15
777164,2025-07-11,4.3834,4.4169,0.4732,0.358,0.4545,2,4,6
777126,2025-07-12,4.3849,4.3326,0.4625,0.3611,0.4592,5,4,9
777127,2025-07-12,4.3272,4.3346,0.4581,0.3618,0.4589,1,2,3
777131,2025-07-12,4.5687,4.3998,0.476,0.3693,0.472,10,5,15
777132,2025-07-12,4.3851,4.3125,0.4645,0.3719,0.4699,4,3,7
777133,2025-07-12,4.2633,4.2867,0.4395,0.3565,0.4579,6,7,13
777134,2025-07-12,4.4571,4.1877,0.4543,0.3791,0.4754,12,4,16
777135,2025-07-12,4.3578,4.591,0.4813,0.3514,0.4448,6,5,11
777136,2025-07-12,4.0724,4.3097,0.4235,0.3343,0.4377,1,3,4
777137,2025-07-12,4.6283,4.3702,0.4856,0.388,0.4866,5,4,9
777138,2025-07-12,4.3094,4.4238,0.4556,0.3531,0.4482,2,6,8
777140,2025-07-12,4.3761,4.3466,0.4517,0.3666,0.4651,4,3,7
777141,2025-07-12,4.3495,4.2518,0.4593,0.3597,0.4613,0,6,6
777142,2025-07-12,4.772,4.3018,0.5,0.4042,0.4995,2,5,7
777144,2025-07-12,4.5349,4.37,0.4899,0.3784,0.4737,1,0,1
777145,2025-07-12,4.4789,4.3161,0.4767,0.3759,0.4714,7,15,22
777113,2025-07-13,4.5248,4.1329,0.4583,0.3947,0.4972,1,2,3
777115,2025-07-13,4.6552,4.308,0.4845,0.3946,0.4941,1,5,6
777116,2025-07-13,4.4787,4.3125,0.4618,0.3682,0.4652,6,3,9
777117,2025-07-13,4.3053,4.3153,0.4556,0.3563,0.4582,1,2,3
777118,2025-07-13,4.0784,4.2559,0.4252,0.341,0.437,5,4,9
777119,2025-07-13,4.1945,4.306,0.4362,0.3457,0.4456,2,5,7
777120,2025-07-13,4.2422,4.4703,0.4594,0.3362,0.4344,5,6,11
777121,2025-07-13,4.4407,4.3876,0.4645,0.3736,0.4714,4,8,12
777122,2025-07-13,4.4793,4.3723,0.4661,0.3654,0.4613,1,4,5
777123,2025-07-13,4.4761,4.4143,0.4775,0.3624,0.4585,8,1,9
777124,2025-07-13,4.4616,4.3717,0.4721,0.37,0.4696,3,2,5
777125,2025-07-13,4.4645,4.3702,0.4774,0.3718,0.4654,1,5,6
777128,2025-07-13,4.4212,4.4856,0.4777,0.3462,0.4443,4,2,6
777129,2025-07-13,4.4582,4.2349,0.4613,0.3764,0.468,1,11,12
777130,2025-07-13,4.571,4.3161,0.4767,0.3766,0.4716,4,1,5
777098,2025-07-18,4.4376,4.1927,0.4629,0.3802,0.4747,2,0,2
777099,2025-07-18,4.5274,4.3615,0.4728,0.378,0.469,6,1,7
777100,2025-07-18,4.4111,4.2727,0.4627,0.3712,0.4671,7,3,10
777101,2025-07-18,4.4291,4.3779,0.4733,0.3655,0.4662,4,1,5
777102,2025-07-18,4.2498,4.5902,0.4752,0.3251,0.4178,6,4,10
777103,2025-07-18,4.8587,4.3614,0.5049,0.3926,0.488,0,2,2
777105,2025-07-18,4.3119,4.2361,0.4507,0.3684,0.467,8,6,14
777106,2025-07-18,4.5342,4.3332,0.4708,0.3843,0.4798,5,6,11
777107,2025-07-18,4.1985,4.1047,0.4295,0.3646,0.4638,1,10,11
777108,2025-07-18,4.3464,4.2288,0.4535,0.3599,0.4618,4,0,4
777109,2025-07-18,4.4341,4.2456,0.4576,0.3775,0.4747,8,7,15
777110,2025-07-18,4.3315,4.228,0.4572,0.3718,0.4701,11,1,12
777111,2025-07-18,4.1469,4.308,0.4434,0.3496,0.4487,4,8,12
777112,2025-07-18,4.1492,4.2214,0.4418,0.3532,0.4547,2,7,9
777114,2025-07-18,4.2787,4.3453,0.4604,0.3559,0.4552,7,3,10
777080,2025-07-19,4.4676,4.668,0.4989,0.3464,0.4358,10,6,16
777081,2025-07-19,4.4292,4.2626,0.4607,0.3749,0.4751,10,1,11
777085,2025-07-19,4.361,4.3279,0.4661,0.3727,0.4719,7,8,15
777086,2025-07-19,4.531,4.3482,0.4781,0.385,0.4808,7,6,13
777088,2025-07-19,4.6285,4.2099,0.4646,0.3929,0.4914,4,1,5
777089,2025-07-19,4.6807,4.3494,0.4951,0.4006,0.4935,9,5,14
777090,2025-07-19,4.1097,4.2551,0.4303,0.3477,0.4422,4,10,14
777091,2025-07-19,4.4473,4.2868,0.4659,0.3705,0.4688,4,2,6
777092,2025-07-19,4.2702,4.3988,0.4557,0.3541,0.4535,2,5,7
777093,2025-07-19,4.491,4.1769,0.4503,0.3947,0.4937,3,1,4
777094,2025-07-19,4.4291,4.1968,0.4552,0.3784,0.4761,6,3,9
777095,2025-07-19,4.5505,4.2244,0.4646,0.3843,0.4796,4,3,7
777096,2025-07-19,4.3785,4.3494,0.4715,0.3676,0.4663,6,0,6
777097,2025-07-19,4.6296,4.4185,0.4866,0.3683,0.4684,9,12,21
777104,2025-07-19,4.4723,4.3531,0.4774,0.3735,0.4701,2,8,10
777067,2025-07-20,4.6298,4.2626,0.4832,0.3835,0.4878,3,11,14
777070,2025-07-20,4.4465,4.4927,0.4747,0.357,0.4547,5,6,11
777071,2025-07-20,4.5818,4.3936,0.494,0.3678,0.46,5,3,8
777072,2025-07-20,4.4944,4.3271,0.4768,0.3781,0.476,1,7,8
777073,2025-07-20,4.5593,4.2569,0.4695,0.3927,0.4873,1,2,3
777074,2025-07-20,4.1795,4.366,0.4449,0.3363,0.4428,2,7,9
777075,2025-07-20,4.3707,4.3641,0.4678,0.361,0.456,1,6,7
777076,2025-07-20,4.5795,4.5583,0.4947,0.3664,0.4633,3,5,8
777077,2025-07-20,4.4487,4.2694,0.4657,0.3722,0.4768,1,8,9
777078,2025-07-20,4.5795,4.3777,0.4859,0.3812,0.4797,2,8,10
777079,2025-07-20,4.4587,4.2175,0.4563,0.3796,0.4817,8,6,14
777082,2025-07-20,4.3995,4.1769,0.4491,0.3785,0.4786,4,7,11
777083,2025-07-20,4.4635,4.4235,0.476,0.3539,0.4514,2,4,6
777084,2025-07-20,4.4514,4.4336,0.4787,0.3679,0.4633,8,2,10
777087,2025-07-20,4.0991,4.354,0.4383,0.3333,0.4316,3,2,5
777050,2025-07-21,4.5537,4.245,0.47,0.3904,0.4888,0,6,6
777051,2025-07-21,4.4995,4.3767,0.4754,0.3666,0.4665,5,2,7
777053,2025-07-21,4.2771,4.3288,0.4527,0.3589,0.4593,2,6,8
777055,2025-07-21,4.6072,4.3527,0.4877,0.3942,0.4889,3,6,9
777057,2025-07-21,4.6051,4.3399,0.4861,0.3882,0.4826,7,2,9
777059,2025-07-21,4.5429,4.2488,0.471,0.3839,0.4821,3,8,11
777060,2025-07-21,4.1036,4.42,0.4449,0.3302,0.433,3,0,3
777061,2025-07-21,4.2288,4.3988,0.4511,0.3438,0.4438,7,5,12
777062,2025-07-21,4.4058,4.2445,0.4468,0.3581,0.4596,1,2,3
777063,2025-07-21,4.4319,4.4369,0.4806,0.361,0.4596,3,2,5
777064,2025-07-21,4.4888,4.4324,0.4749,0.3567,0.4531,10,8,18
777065,2025-07-21,4.3203,4.265,0.4466,0.3598,0.4571,4,12,16
777066,2025-07-21,4.4517,4.2626,0.4694,0.3718,0.472,4,1,5
777068,2025-07-21,4.4141,4.0978,0.4414,0.3895,0.4934,10,5,15
777069,2025-07-21,4.6517,4.311,0.4971,0.3972,0.4886,9,5,14
777035,2025-07-22,4.597,4.245,0.4755,0.3958,0.4971,1,0,1
777039,2025-07-22,4.2918,4.4562,0.457,0.3456,0.4421,7,10,17
777040,2025-07-22,4.4233,4.2484,0.4588,0.3742,0.4749,1,3,4
777042,2025-07-22,4.4972,4.4449,0.4811,0.379,0.4744,6,1,7
777043,2025-07-22,4.6613,4.3437,0.4878,0.396,0.4933,6,2,8
777044,2025-07-22,4.2042,4.3563,0.4444,0.3455,0.4408,8,5,13
777045,2025-07-22,4.4964,4.4349,0.4838,0.3627,0.4539,4,1,5
777046,2025-07-22,4.3603,4.3224,0.4579,0.3637,0.4649,4,5,9
777047,2025-07-22,4.5467,4.2885,0.477,0.3742,0.4733,6,0,6
777048,2025-07-22,4.6267,4.2508,0.485,0.3851,0.4867,4,3,7
777049,2025-07-22,4.4573,4.3288,0.4641,0.3625,0.4598,8,4,12
777052,2025-07-22,4.4291,4.3316,0.4668,0.3705,0.4699,4,3,7
777054,2025-07-22,4.2643,4.3638,0.4546,0.348,0.4488,3,2,5
777056,2025-07-22,4.46,4.0709,0.4352,0.3806,0.4876,6,3,9
777058,2025-07-22,4.366,4.321,0.4595,0.3641,0.4612,0,9,9
777022,2025-07-23,4.5378,4.4637,0.4889,0.3628,0.4581,4,3,7
777024,2025-07-23,4.5112,4.4207,0.4806,0.3714,0.471,2,10,12
777026,2025-07-23,4.4018,4.1854,0.4494,0.3781,0.4756,0,5,5
777027,2025-07-23,4.4759,4.2665,0.4662,0.3803,0.4804,8,4,12
777028,2025-07-23,4.4047,4.232,0.4666,0.3769,0.4786,6,0,6
777029,2025-07-23,4.2008,4.3111,0.4475,0.3477,0.4432,6,1,7
777030,2025-07-23,4.5267,4.2862,0.4697,0.3772,0.4775,9,11,20
777031,2025-07-23,4.4008,4.2861,0.4639,0.3725,0.4717,4,8,12
777032,2025-07-23,4.4823,4.2936,0.4709,0.3732,0.4732,3,4,7
777033,2025-07-23,4.5828,4.2593,0.463,0.3933,0.4911,2,1,3
777034,2025-07-23,4.2323,4.4496,0.4594,0.3424,0.447,6,3,9
777036,2025-07-23,4.4514,4.1423,0.4501,0.3784,0.4793,3,2,5
777037,2025-07-23,4.6586,4.3504,0.4927,0.3951,0.4931,3,2,5
777038,2025-07-23,4.4617,4.4535,0.485,0.3538,0.4499,8,9,17
777041,2025-07-23,4.3002,4.2542,0.4491,0.366,0.4653,3,9,12
777018,2025-07-24,4.6517,4.3108,0.4871,0.3809,0.4791,2,4,6
777019,2025-07-24,4.4514,4.1381,0.4515,0.3784,0.4784,3,4,7
777021,2025-07-24,4.4481,4.3647,0.479,0.3735,0.4749,4,11,15
777023,2025-07-24,4.2959,4.4204,0.4733,0.3514,0.445,9,7,16
777025,2025-07-24,4.515,4.2593,0.4731,0.3848,0.4843,2,5,7
777004,2025-07-25,4.2066,4.2521,0.4381,0.3596,0.4636,1,8,9
777005,2025-07-25,4.4389,4.3736,0.4707,0.3649,0.4632,3,0,3
777006,2025-07-25,4.6465,4.2716,0.4924,0.391,0.4912,3,2,5
777007,2025-07-25,4.7663,4.3271,0.5019,0.3962,0.4987,3,15,18
777008,2025-07-25,4.4503,4.3115,0.4698,0.3681,0.4668,1,5,6
777009,2025-07-25,4.4027,4.3315,0.4551,0.3699,0.4685,8,3,11
777011,2025-07-25,4.4552,4.4659,0.4886,0.359,0.4546,1,0,1
777012,2025-07-25,4.4246,4.4052,0.4782,0.3697,0.4675,2,5,7
777013,2025-07-25,4.3683,4.4095,0.4729,0.3539,0.4521,7,2,9
777014,2025-07-25,4.0943,4.1253,0.4183,0.3458,0.4525,0,1,1
777015,2025-07-25,4.4502,4.4349,0.4766,0.3611,0.4579,5,12,17
777016,2025-07-25,4.4014,4.3623,0.4632,0.373,0.4735,2,6,8
777017,2025-07-25,4.3369,4.3647,0.4592,0.3566,0.4499,12,5,17
777020,2025-07-25,4.3731,4.0923,0.4344,0.3776,0.4841,5,6,11
776985,2025-07-26,4.4239,4.3128,0.4676,0.3737,0.4735,1,2,3
776990,2025-07-26,4.4248,4.4176,0.4746,0.3671,0.4597,4,6,10
776991,2025-07-26,4.474,4.4049,0.4828,0.3605,0.4571,1,5,6
776992,2025-07-26,4.4248,4.3466,0.4603,0.3633,0.4613,1,3,4
776993,2025-07-26,4.4248,4.4011,0.4666,0.3639,0.4664,6,5,11
776994,2025-07-26,4.4248,4.3453,0.4655,0.3706,0.4684,1,6,7
776995,2025-07-26,4.424,4.3165,0.4567,0.3646,0.4657,2,7,9
776996,2025-07-26,4.3843,4.3815,0.4745,0.3571,0.4551,4,7,11
776997,2025-07-26,4.4248,4.3772,0.4682,0.3646,0.4616,3,9,12
776998,2025-07-26,4.4293,4.3118,0.4777,0.3715,0.4662,4,2,6
776999,2025-07-26,4.4248,4.2512,0.4619,0.3792,0.4793,18,0,18
777000,2025-07-26,4.4239,4.3722,0.4719,0.376,0.4734,6,2,8
777001,2025-07-26,4.4239,4.3635,0.4738,0.3671,0.464,4,9,13
777002,2025-07-26,4.441,4.3501,0.4686,0.3746,0.4722,2,0,2
777003,2025-07-26,4.4239,4.3741,0.4686,0.3634,0.4658,1,6,7
777010,2025-07-26,4.4248,4.4138,0.477,0.3689,0.4667,5,3,8
776974,2025-07-27,4.4239,4.3128,0.4693,0.3685,0.4668,3,5,8
776975,2025-07-27,4.4248,4.4545,0.4764,0.3586,0.4561,4,1,5
776976,2025-07-27,4.4448,4.3712,0.4798,0.363,0.467,1,7,8
776977,2025-07-27,4.424,4.3566,0.4714,0.3667,0.4674,4,1,5
776978,2025-07-27,4.3988,4.3826,0.4624,0.3708,0.4683,3,2,5
776979,2025-07-27,4.4248,4.3438,0.465,0.37,0.4654,2,7,9
776980,2025-07-27,4.4248,4.3404,0.4671,0.369,0.469,2,9,11
776981,2025-07-27,4.4248,4.4176,0.4835,0.3546,0.4498,8,1,9
776982,2025-07-27,4.4239,4.4272,0.4709,0.3715,0.4716,2,1,3
776983,2025-07-27,4.4539,4.3165,0.4698,0.3711,0.4706,4,3,7
776984,2025-07-27,4.4081,4.3513,0.4659,0.3631,0.4595,6,0,6
776986,2025-07-27,4.441,4.2171,0.455,0.3747,0.4758,5,1,6
776987,2025-07-27,4.4248,4.352,0.4698,0.3711,0.4667,10,4,14
776988,2025-07-27,4.4239,4.3916,0.4636,0.3672,0.4618,4,3,7
776989,2025-07-27,4.4248,4.3954,0.4737,0.3591,0.4558,4,5,9
776957,2025-07-28,4.4239,4.3748,0.4776,0.3626,0.4612,1,3,4
776958,2025-07-28,4.424,4.4101,0.475,0.3638,0.4598,6,4,10
776959,2025-07-28,4.4248,4.3411,0.4549,0.368,0.4627,7,6,13
776960,2025-07-28,4.4248,4.4254,0.4737,0.3632,0.4612,7,1,8
776961,2025-07-28,4.4248,4.4955,0.4807,0.3618,0.4552,5,4,9
776964,2025-07-28,4.441,4.2881,0.4573,0.3651,0.4698,5,6,11
776965,2025-07-28,4.3988,4.3192,0.46,0.367,0.4664,8,4,12
776966,2025-07-28,4.424,4.3922,0.4729,0.3612,0.4638,11,4,15
776967,2025-07-28,4.4539,4.2883,0.4644,0.3686,0.466,2,5,7
776968,2025-07-28,4.4448,4.27,0.4613,0.3765,0.4732,6,8,14
776969,2025-07-28,4.4448,4.338,0.4623,0.3692,0.4657,1,2,3
776970,2025-07-28,4.4539,4.4296,0.4846,0.3623,0.4609,2,4,6
776971,2025-07-28,4.4248,4.4204,0.4788,0.3589,0.4546,7,10,17
776972,2025-07-28,4.4248,4.3417,0.4699,0.3667,0.4622,6,2,8
776973,2025-07-28,4.4248,4.3702,0.469,0.3683,0.4642,5,1,6
776943,2025-07-29,4.4239,4.2881,0.4606,0.3736,0.4734,1,3,4
776944,2025-07-29,4.4239,4.3337,0.4706,0.3643,0.459,6,1,7
776945,2025-07-29,4.4539,4.3599,0.4692,0.3826,0.4807,8,5,13
776946,2025-07-29,4.4248,4.4273,0.4749,0.3595,0.4633,0,5,5
776947,2025-07-29,4.4239,4.2779,0.4626,0.3634,0.4661,7,1,8
776949,2025-07-29,4.4248,4.3851,0.465,0.366,0.4623,7,5,12
776950,2025-07-29,4.4448,4.338,0.4719,0.3653,0.4636,7,4,11
776951,2025-07-29,4.4448,4.192,0.4608,0.3825,0.482,10,4,14
776952,2025-07-29,4.4248,4.3954,0.4834,0.3626,0.4619,3,6,9
776953,2025-07-29,4.4248,4.3501,0.4721,0.3663,0.4646,12,2,14
776954,2025-07-29,4.441,4.4955,0.4833,0.3554,0.4561,5,8,13
776955,2025-07-29,4.4248,4.385,0.4696,0.3624,0.4566,9,6,15
776956,2025-07-29,4.4001,4.3642,0.4737,0.3696,0.4703,9,3,12
776962,2025-07-29,4.4239,4.2559,0.4656,0.3704,0.4648,3,2,5
776963,2025-07-29,4.4448,4.2883,0.4709,0.3766,0.4762,4,5,9
778372,2025-07-29,4.4248,4.4225,0.4776,0.3649,0.4621,16,4,20
776929,2025-07-30,4.3988,4.257,0.4604,0.3738,0.4736,3,10,13
776930,2025-07-30,4.3855,4.3179,0.4623,0.3613,0.4598,5,4,9
776931,2025-07-30,4.3864,4.2592,0.4652,0.3701,0.4673,5,0,5
776932,2025-07-30,4.4539,4.3927,0.4857,0.3666,0.4607,3,6,9
776933,2025-07-30,4.4239,4.2592,0.4618,0.3716,0.4683,1,2,3
776934,2025-07-30,4.4248,4.4445,0.4791,0.3605,0.4591,0,2,2
776935,2025-07-30,4.4248,4.3642,0.4598,0.3665,0.4612,1,13,14
776936,2025-07-30,4.5121,4.3706,0.4702,0.3793,0.4772,1,0,1
776937,2025-07-30,4.4819,4.3356,0.4745,0.3762,0.474,9,1,10
776938,2025-07-30,4.4539,4.4241,0.4691,0.3555,0.4536,5,4,9
776939,2025-07-30,4.4248,4.3501,0.4786,0.3596,0.4637,9,3,12
776940,2025-07-30,4.4539,4.4248,0.4758,0.3646,0.4625,7,2,9
776941,2025-07-30,4.4448,4.3128,0.4679,0.3702,0.4698,5,2,7
776942,2025-07-30,4.4448,4.2281,0.4543,0.374,0.4757,5,0,5
776948,2025-07-30,4.4239,4.3827,0.4682,0.362,0.4611,8,9,17
776923,2025-07-31,4.4539,4.3939,0.4727,0.3723,0.4691,6,0,6
776927,2025-07-31,4.4539,4.3746,0.4769,0.3696,0.4639,7,4,11
776928,2025-07-31,4.4448,4.3975,0.471,0.3435,0.4427,11,12,23
776906,2025-08-01,4.4153,4.385,0.4658,0.3545,0.4577,4,1,5
776908,2025-08-01,4.4539,4.3939,0.4734,0.3603,0.4599,4,3,7
776913,2025-08-01,4.4539,4.4204,0.4868,0.3667,0.463,5,4,9
776914,2025-08-01,4.4239,4.4272,0.4667,0.3529,0.4492,5,1,6
776915,2025-08-01,4.4877,4.3463,0.474,0.3726,0.4679,1,0,1
776916,2025-08-01,4.424,4.3353,0.4668,0.3633,0.4571,3,6,9
776917,2025-08-01,4.4248,4.3847,0.478,0.3591,0.4609,9,16,25
776918,2025-08-01,4.4248,4.3306,0.4731,0.3585,0.4588,0,5,5
776919,2025-08-01,4.4248,4.293,0.4677,0.3744,0.4796,17,16,33
776920,2025-08-01,4.3988,4.3158,0.4612,0.368,0.4689,3,9,12
776921,2025-08-01,4.3864,4.3537,0.4746,0.3616,0.4601,3,2,5
776922,2025-08-01,4.4226,4.4156,0.4818,0.3616,0.4565,2,1,3
776924,2025-08-01,4.4448,4.3681,0.4764,0.371,0.4686,3,2,5
776925,2025-08-01,4.4248,4.3121,0.4708,0.3703,0.469,13,12,25
776926,2025-08-01,4.4248,4.3434,0.4639,0.3552,0.4586,3,4,7
776896,2025-08-02,4.4555,4.3285,0.4776,0.3717,0.4715,5,8,13
776897,2025-08-02,4.4773,4.3509,0.4739,0.3734,0.472,4,6,10
776898,2025-08-02,4.4469,4.3509,0.4652,0.3617,0.4579,0,1,1
776899,2025-08-02,4.4555,4.3791,0.4792,0.361,0.4563,2,7,9
776900,2025-08-02,4.4564,4.3509,0.466,0.3643,0.4621,4,2,6
776901,2025-08-02,4.4773,4.3285,0.4718,0.3797,0.4777,4,0,4
776902,2025-08-02,4.4773,4.3509,0.4745,0.3719,0.4718,3,4,7
776903,2025-08-02,4.4502,4.3509,0.4749,0.3691,0.4688,2,8,10
776904,2025-08-02,4.4502,4.3285,0.471,0.3708,0.4689,8,5,13
776905,2025-08-02,4.4502,4.3509,0.475,0.3678,0.4679,5,4,9
776907,2025-08-02,4.4564,4.3285,0.4694,0.3723,0.4695,2,4,6
776909,2025-08-02,4.49,4.3509,0.4723,0.3737,0.4664,7,3,10
776910,2025-08-02,4.4564,4.3509,0.472,0.3736,0.4727,2,0,2
776911,2025-08-02,4.4773,4.3285,0.4746,0.3777,0.4734,12,6,18
776912,2025-08-02,4.4564,4.3509,0.4654,0.3732,0.4684,5,7,12
776881,2025-08-03,4.4555,4.3509,0.4733,0.3655,0.4627,4,6,10
776883,2025-08-03,4.49,4.3509,0.477,0.3666,0.4597,5,4,9
776884,2025-08-03,4.4555,4.3437,0.4689,0.3727,0.4663,7,3,10
776885,2025-08-03,4.4469,4.3509,0.4772,0.3665,0.4639,8,5,13
776886,2025-08-03,4.4469,4.3285,0.4693,0.3627,0.4592,5,9,14
776887,2025-08-03,4.4555,4.3285,0.4717,0.363,0.4603,4,12,16
776888,2025-08-03,4.4469,4.3285,0.4666,0.3831,0.478,5,3,8
776889,2025-08-03,4.4773,4.3285,0.4695,0.3708,0.4698,0,3,3
776890,2025-08-03,4.4564,4.3285,0.4744,0.3771,0.4765,2,0,2
776891,2025-08-03,4.4773,4.3509,0.4776,0.3767,0.4742,7,3,10
776892,2025-08-03,4.4564,4.3285,0.4628,0.3686,0.4732,4,5,9
776893,2025-08-03,4.4773,4.3509,0.4798,0.3709,0.4732,4,7,11
776894,2025-08-03,4.4502,4.3285,0.4673,0.3803,0.4804,3,14,17
776895,2025-08-03,4.4773,4.3509,0.4681,0.3733,0.4701,6,1,7
776867,2025-08-04,4.4773,4.3638,0.4727,0.3765,0.472,5,1,6
776870,2025-08-04,4.4555,4.3509,0.4686,0.362,0.4615,2,3,5
776871,2025-08-04,4.4555,4.3509,0.4732,0.3718,0.465,8,5,13
776872,2025-08-04,4.4502,4.2993,0.4598,0.3705,0.4692,1,15,16
776873,2025-08-04,4.4773,4.3509,0.4848,0.364,0.4612,6,2,8
776874,2025-08-04,4.4773,4.3285,0.4709,0.3739,0.4709,6,3,9
776875,2025-08-04,4.4502,4.3509,0.4859,0.3692,0.4649,2,8,10
776876,2025-08-04,4.4564,4.3638,0.472,0.3748,0.4659,6,7,13
776877,2025-08-04,4.4564,4.3285,0.4622,0.3705,0.4688,13,3,16
776878,2025-08-04,4.4564,4.3638,0.4793,0.369,0.4669,2,3,5
776879,2025-08-04,4.4652,4.3285,0.4739,0.3808,0.4819,5,4,9
776880,2025-08-04,4.4773,4.3509,0.4768,0.3714,0.466,8,5,13
776882,2025-08-04,4.5011,4.3509,0.4774,0.3585,0.4611,1,3,4
776848,2025-08-05,4.4773,4.3509,0.4692,0.3763,0.4734,3,7,10
776852,2025-08-05,4.4773,4.3509,0.4717,0.3734,0.4729,5,10,15
776854,2025-08-05,4.4555,4.4056,0.4822,0.357,0.4566,4,10,14
776855,2025-08-05,4.4555,4.3509,0.4667,0.3682,0.4657,2,0,2
776857,2025-08-05,4.4773,4.3509,0.477,0.3709,0.4712,8,3,11
776858,2025-08-05,4.4555,4.3791,0.4754,0.3642,0.4636,12,6,18
776860,2025-08-05,4.4773,4.3638,0.4719,0.3709,0.4682,1,5,6
776861,2025-08-05,4.4555,4.3285,0.4669,0.3611,0.4559,3,6,9
776862,2025-08-05,4.4773,4.3509,0.4722,0.3782,0.4742,3,7,10
776863,2025-08-05,4.4502,4.3638,0.4727,0.3726,0.4701,2,3,5
776864,2025-08-05,4.4564,4.3509,0.4675,0.3661,0.4604,6,2,8
776865,2025-08-05,4.4502,4.3437,0.4769,0.374,0.4723,7,16,23
776866,2025-08-05,4.4502,4.3509,0.4667,0.3658,0.4689,1,8,9
776868,2025-08-05,4.4773,4.3285,0.4719,0.3726,0.4726,5,0,5
776869,2025-08-05,4.4773,4.3285,0.4732,0.3698,0.4668,2,7,9
776836,2025-08-06,4.4555,4.2993,0.467,0.3654,0.4659,1,20,21
776838,2025-08-06,4.4773,4.3509,0.4764,0.3636,0.4644,2,3,5
776839,2025-08-06,4.4555,4.3509,0.4707,0.3761,0.4736,3,5,8
776841,2025-08-06,4.4773,4.3509,0.4728,0.3758,0.4722,8,6,14
776843,2025-08-06,4.4773,4.3509,0.4688,0.3737,0.471,4,5,9
776844,2025-08-06,4.4652,4.3509,0.4742,0.3704,0.4701,2,4,6
776845,2025-08-06,4.4555,4.3509,0.473,0.3646,0.4653,2,3,5
776846,2025-08-06,4.4773,4.3638,0.4724,0.3677,0.4637,1,4,5
776847,2025-08-06,4.4469,4.3638,0.4729,0.3731,0.4709,6,1,7
776849,2025-08-06,4.4773,4.3509,0.4768,0.3777,0.4738,6,4,10
776850,2025-08-06,4.4652,4.3437,0.461,0.3633,0.4605,2,1,3
776851,2025-08-06,4.4773,4.3285,0.4736,0.362,0.4584,1,5,6
776853,2025-08-06,4.4564,4.3509,0.4725,0.3609,0.4557,4,5,9
776856,2025-08-06,4.4773,4.3509,0.4824,0.3814,0.4776,3,7,10
776859,2025-08-06,4.4564,4.3285,0.4678,0.3674,0.4667,4,9,13
776830,2025-08-07,4.4564,4.3509,0.4718,0.3747,0.4687,4,3,7
776837,2025-08-07,4.4502,4.3437,0.4657,0.3641,0.4649,0,6,6
776840,2025-08-07,4.4502,4.3638,0.4682,0.3601,0.4622,7,0,7
776842,2025-08-07,4.4555,4.3285,0.4677,0.3648,0.4646,8,6,14
776820,2025-08-08,4.4564,4.3509,0.4717,0.3652,0.4618,2,10,12
776821,2025-08-08,4.4555,4.2993,0.4763,0.3775,0.4728,1,9,10
776822,2025-08-08,4.4555,4.3437,0.4686,0.3667,0.4603,5,0,5
776823,2025-08-08,4.4555,4.3509,0.4778,0.3742,0.4705,5,1,6
776824,2025-08-08,4.4773,4.3509,0.4753,0.3659,0.4612,3,2,5
776825,2025-08-08,4.4555,4.319,0.4624,0.3712,0.4696,6,1,7
776826,2025-08-08,4.4502,4.3638,0.4745,0.3731,0.4702,5,0,5
776827,2025-08-08,4.4564,4.3509,0.4782,0.3589,0.4611,9,4,13
776828,2025-08-08,4.4564,4.3285,0.4658,0.368,0.4682,3,2,5
776829,2025-08-08,4.4502,4.3638,0.4736,0.3687,0.4696,3,2,5
776831,2025-08-08,4.49,4.3509,0.4699,0.3747,0.4696,3,2,5
776832,2025-08-08,4.4564,4.3509,0.4718,0.3607,0.4601,6,5,11
776833,2025-08-08,4.4555,4.3638,0.4736,0.3654,0.4646,5,9,14
776834,2025-08-08,4.5011,4.3285,0.4754,0.3786,0.4732,1,5,6
776835,2025-08-08,4.4564,4.3509,0.4699,0.3765,0.4683,3,5,8
776802,2025-08-09,4.3783,4.2186,0.4573,0.3781,0.4728,2,4,6
776805,2025-08-09,4.9098,4.2648,0.5039,0.4121,0.509,7,4,11
776807,2025-08-09,4.3002,4.3828,0.4628,0.3497,0.4516,5,4,9
776808,2025-08-09,4.3044,4.5314,0.4704,0.3461,0.4433,9,1,10
776809,2025-08-09,3.8632,4.0586,0.3987,0.3365,0.437,6,5,11
776810,2025-08-09,3.5645,4.3815,0.3963,0.2764,0.3762,2,3,5
776811,2025-08-09,4.3502,4.4049,0.4626,0.3612,0.4599,3,11,14
776812,2025-08-09,4.5657,4.3664,0.4841,0.375,0.4762,1,2,3
776813,2025-08-09,4.2471,4.3156,0.4479,0.3465,0.4461,4,7,11
776814,2025-08-09,4.3561,4.4474,0.4697,0.356,0.4527,1,3,4
776815,2025-08-09,5.1479,4.4645,0.5401,0.4309,0.5194,5,4,9
776816,2025-08-09,4.6403,4.3795,0.4884,0.3832,0.487,0,2,2
776817,2025-08-09,4.4807,4.2502,0.4557,0.3873,0.4838,7,4,11
776818,2025-08-09,4.1453,4.4634,0.4555,0.3319,0.4274,1,9,10
776819,2025-08-09,4.3483,4.5048,0.4764,0.3476,0.4453,8,6,14
778431,2025-08-09,4.2099,4.4838,0.4692,0.3366,0.4312,7,1,8
776788,2025-08-10,3.9921,4.5696,0.444,0.3123,0.4091,4,5,9
776789,2025-08-10,4.8276,4.4614,0.5121,0.3882,0.4825,6,2,8
776791,2025-08-10,4.7238,4.2423,0.4816,0.4057,0.5022,6,3,9
776793,2025-08-10,4.5007,4.7191,0.5022,0.3525,0.4475,0,8,8
776794,2025-08-10,4.3906,4.0586,0.4376,0.3892,0.4915,13,6,19
776795,2025-08-10,4.084,4.4497,0.4429,0.3268,0.4209,3,2,5
776796,2025-08-10,4.1432,4.3165,0.4368,0.3395,0.4385,5,3,8
776797,2025-08-10,4.499,4.4859,0.4872,0.3653,0.4602,1,7,8
776798,2025-08-10,4.4109,4.367,0.46,0.3617,0.4588,6,4,10
776799,2025-08-10,4.5252,4.2169,0.472,0.3886,0.4898,7,6,13
776800,2025-08-10,4.0559,4.3776,0.4461,0.3281,0.4253,2,4,6
776801,2025-08-10,4.446,4.33,0.4699,0.3715,0.4745,8,14,22
776803,2025-08-10,4.6492,4.3909,0.4841,0.3779,0.4756,7,1,8
776804,2025-08-10,4.2878,4.5204,0.4669,0.3396,0.4376,2,3,5
776806,2025-08-10,4.5918,4.36,0.4819,0.3751,0.4765,9,5,14
776779,2025-08-11,4.6485,4.5031,0.4968,0.3663,0.4636,7,4,11
776780,2025-08-11,3.8077,4.532,0.4253,0.2999,0.395,1,4,5
776781,2025-08-11,4.3511,4.3634,0.4588,0.3644,0.4604,1,2,3
776782,2025-08-11,4.8456,4.3384,0.4984,0.3987,0.4962,7,6,13
776783,2025-08-11,4.3531,4.0896,0.4402,0.375,0.4754,3,2,5
776784,2025-08-11,5.0076,4.2215,0.5052,0.4293,0.5273,7,4,11
776785,2025-08-11,4.1395,4.2687,0.4294,0.335,0.4357,7,6,13
776786,2025-08-11,5.1265,4.277,0.5313,0.4335,0.5243,7,1,8
776787,2025-08-11,4.5481,4.3062,0.4764,0.3748,0.4722,4,7,11
776790,2025-08-11,4.2164,4.4121,0.4635,0.3428,0.4419,6,2,8
776792,2025-08-11,4.2116,4.602,0.4657,0.3325,0.4278,1,4,5
776762,2025-08-12,4.4591,4.3251,0.4827,0.3715,0.4661,6,0,6
776763,2025-08-12,3.9925,4.4915,0.4513,0.3196,0.4195,7,6,13
776764,2025-08-12,4.5216,4.2334,0.4782,0.3837,0.4856,2,3,5
776767,2025-08-12,3.7064,4.7191,0.4416,0.2697,0.36,1,5,6
776768,2025-08-12,4.4509,4.3383,0.4621,0.3728,0.4711,5,1,6
776769,2025-08-12,4.7804,4.4271,0.5032,0.3902,0.49,1,14,15
776770,2025-08-12,4.664,4.1536,0.4769,0.4014,0.5037,8,5,13
776771,2025-08-12,4.6126,4.2377,0.4813,0.3963,0.4965,14,0,14
776772,2025-08-12,4.1673,4.3292,0.4485,0.3449,0.4436,13,5,18
776773,2025-08-12,4.6716,4.3499,0.4894,0.3858,0.4838,9,6,15
776774,2025-08-12,4.0394,4.3871,0.4299,0.3271,0.4256,9,1,10
776775,2025-08-12,4.3137,4.1039,0.4284,0.3732,0.471,0,3,3
776776,2025-08-12,4.1848,4.3734,0.4523,0.3498,0.4489,0,1,1
776777,2025-08-12,4.1351,4.4869,0.4657,0.3352,0.43,6,1,7
776778,2025-08-12,4.5691,4.4022,0.483,0.3728,0.4662,4,3,7
776746,2025-08-13,4.0794,4.2842,0.4399,0.3321,0.4339,4,6,10
776749,2025-08-13,4.1679,4.4799,0.4545,0.3377,0.434,1,11,12
776751,2025-08-13,4.0954,4.3079,0.4393,0.3435,0.4373,2,8,10
776752,2025-08-13,4.6875,4.4462,0.5053,0.3868,0.4834,6,5,11
776753,2025-08-13,4.1996,4.4461,0.4621,0.3373,0.4334,4,1,5
776754,2025-08-13,4.5538,4.367,0.4837,0.3713,0.4673,0,1,1
776755,2025-08-13,4.4987,4.2576,0.475,0.3839,0.4845,12,5,17
776756,2025-08-13,4.29,4.36,0.4471,0.3511,0.4562,6,11,17
776757,2025-08-13,4.5115,4.3456,0.4691,0.3732,0.4716,1,4,5
776758,2025-08-13,4.0585,4.1039,0.4186,0.3496,0.4526,5,6,11
776759,2025-08-13,5.0059,4.2186,0.5056,0.4358,0.5275,7,8,15
776760,2025-08-13,4.7631,4.3736,0.4956,0.3998,0.4946,1,4,5
776761,2025-08-13,4.2034,4.4881,0.4664,0.3361,0.4354,4,3,7
776765,2025-08-13,4.3321,4.4824,0.4732,0.3568,0.4556,8,0,8
776766,2025-08-13,4.6123,4.3509,0.4879,0.3951,0.4937,4,13,17
776742,2025-08-14,4.5079,4.7894,0.5118,0.3451,0.4354,2,8,10
776743,2025-08-14,4.0731,4.4018,0.4422,0.3311,0.4284,3,2,5
776744,2025-08-14,4.5038,4.3698,0.4782,0.3788,0.4758,3,4,7
776745,2025-08-14,4.502,4.3338,0.4812,0.3788,0.4714,9,4,13
776747,2025-08-14,4.572,4.2865,0.4793,0.3792,0.4775,2,1,3
776748,2025-08-14,4.5135,4.4078,0.4824,0.3814,0.474,3,4,7
776750,2025-08-14,4.472,4.5139,0.4835,0.358,0.4574,5,3,8
776727,2025-08-15,4.469,4.4646,0.4864,0.3636,0.4585,3,2,5
776728,2025-08-15,4.6268,4.3826,0.4828,0.3743,0.4729,3,1,4
776729,2025-08-15,3.9832,4.3384,0.4279,0.3194,0.4185,6,7,13
776730,2025-08-15,4.9828,4.8285,0.5522,0.3864,0.4771,4,3,7
776731,2025-08-15,4.0737,4.3586,0.4398,0.3266,0.4316,3,4,7
776732,2025-08-15,4.1853,4.5246,0.4612,0.3284,0.4216,0,7,7
776733,2025-08-15,4.6337,4.2455,0.4892,0.3901,0.4874,0,7,7
776734,2025-08-15,4.6033,4.5198,0.4978,0.3759,0.4704,10,3,13
776735,2025-08-15,4.4567,4.5849,0.4907,0.3565,0.455,6,5,11
776736,2025-08-15,4.1081,4.5772,0.4567,0.3218,0.42,9,11,20
776737,2025-08-15,4.4362,4.3078,0.4664,0.3749,0.4726,2,3,5
776738,2025-08-15,4.2922,4.3943,0.4684,0.3488,0.4465,0,2,2
776739,2025-08-15,4.2195,4.401,0.4608,0.3464,0.4432,2,6,8
776740,2025-08-15,4.36,4.534,0.4794,0.3462,0.4432,8,10,18
776741,2025-08-15,5.0321,4.2458,0.5084,0.4313,0.5241,2,1,3
776711,2025-08-16,4.4637,4.3855,0.4789,0.3734,0.4684,1,2,3
776712,2025-08-16,4.4717,4.3572,0.4726,0.3699,0.466,6,2,8
776713,2025-08-16,4.4637,4.3572,0.4708,0.3783,0.4729,8,12,20
776715,2025-08-16,4.4242,4.4458,0.4733,0.357,0.4582,10,7,17
776716,2025-08-16,4.4308,4.4204,0.4738,0.3645,0.4643,5,8,13
776717,2025-08-16,4.4717,4.3855,0.4709,0.3692,0.4711,6,0,6
776718,2025-08-16,4.4242,4.3855,0.469,0.3636,0.4586,7,2,9
776719,2025-08-16,4.4409,4.3855,0.4778,0.3679,0.4698,3,1,4
776720,2025-08-16,4.4163,4.3855,0.4674,0.3676,0.467,1,10,11
776721,2025-08-16,4.422,4.3855,0.4693,0.3669,0.4658,5,6,11
776722,2025-08-16,4.455,4.4014,0.4717,0.3569,0.4595,5,4,9
776723,2025-08-16,4.4717,4.4204,0.4783,0.3745,0.4655,14,2,16
776724,2025-08-16,4.4673,4.3855,0.4863,0.3659,0.4656,7,5,12
776725,2025-08-16,4.422,4.3855,0.4734,0.3501,0.4567,2,0,2
776726,2025-08-16,4.4894,4.3855,0.4793,0.3682,0.4639,3,1,4
776697,2025-08-17,4.4717,4.3855,0.4756,0.3669,0.4593,5,4,9
776698,2025-08-17,4.423,4.3572,0.4735,0.3595,0.4563,4,8,12
776699,2025-08-17,4.4242,4.3855,0.4712,0.3609,0.4569,5,11,16
776700,2025-08-17,4.4308,4.4204,0.4676,0.3608,0.4637,8,1,9
776701,2025-08-17,4.5359,4.4458,0.4835,0.3739,0.4713,6,5,11
776702,2025-08-17,4.4717,4.3572,0.4777,0.3716,0.4661,6,2,8
776703,2025-08-17,4.4366,4.3855,0.4703,0.3675,0.468,7,1,8
776704,2025-08-17,4.4976,4.3855,0.4854,0.3732,0.472,4,3,7
776705,2025-08-17,4.4256,4.3661,0.4706,0.3752,0.4739,0,12,12
776706,2025-08-17,4.4267,4.3855,0.4737,0.3694,0.4661,4,5,9
776707,2025-08-17,4.4471,4.3855,0.4699,0.3673,0.4632,7,3,10
776708,2025-08-17,4.422,4.3855,0.4673,0.3616,0.4632,9,11,20
776709,2025-08-17,4.422,4.3855,0.4678,0.3703,0.4701,3,2,5
776710,2025-08-17,4.4717,4.4204,0.4767,0.3645,0.4602,4,10,14
776714,2025-08-17,4.4673,4.3855,0.4769,0.3678,0.4635,3,5,8
776681,2025-08-18,4.4717,4.3855,0.474,0.375,0.4709,1,4,5
776682,2025-08-18,4.4717,4.4204,0.4781,0.3696,0.4674,1,3,4
776683,2025-08-18,4.4242,4.3855,0.4795,0.3663,0.4634,3,4,7
776688,2025-08-18,4.4574,4.3661,0.4647,0.368,0.4623,3,8,11
776689,2025-08-18,4.4717,4.3855,0.4759,0.3729,0.4692,12,7,19
776690,2025-08-18,4.4717,4.4204,0.4786,0.3666,0.4628,4,3,7
776692,2025-08-18,4.3985,4.3855,0.4689,0.355,0.4513,10,0,10
776693,2025-08-18,4.4242,4.4458,0.4813,0.3572,0.4568,4,3,7
776694,2025-08-18,4.4163,4.3855,0.4682,0.3666,0.4616,5,2,7
776695,2025-08-18,4.4946,4.3855,0.4723,0.377,0.4738,3,6,9
776696,2025-08-18,4.4569,4.3855,0.4737,0.3724,0.4651,9,13,22
777459,2025-08-18,4.4409,4.3855,0.4754,0.3651,0.4587,0,7,7
776667,2025-08-19,4.4536,4.3855,0.4776,0.367,0.4619,5,1,6
776668,2025-08-19,4.4717,4.3855,0.4781,0.371,0.4686,4,6,10
776671,2025-08-19,4.4242,4.4458,0.4806,0.3631,0.4579,4,11,15
776672,2025-08-19,4.4738,4.4204,0.4791,0.3757,0.4667,6,5,11
776674,2025-08-19,4.4509,4.3584,0.4689,0.3724,0.4675,3,6,9
776675,2025-08-19,4.4717,4.4204,0.4802,0.3592,0.461,5,2,7
776676,2025-08-19,4.4409,4.3855,0.4788,0.3631,0.4626,4,1,5
776677,2025-08-19,4.4409,4.4014,0.4718,0.3567,0.4558,3,13,16
776678,2025-08-19,4.4409,4.3855,0.4822,0.3648,0.4605,1,8,9
776679,2025-08-19,4.4163,4.3855,0.4695,0.3672,0.4606,3,7,10
776680,2025-08-19,4.5456,4.3855,0.4836,0.3821,0.4737,6,4,10
776684,2025-08-19,4.4779,4.3855,0.4774,0.3738,0.4763,3,4,7
776685,2025-08-19,4.4267,4.3855,0.4669,0.3624,0.462,1,0,1
776686,2025-08-19,4.4611,4.3661,0.4732,0.3653,0.4677,4,7,11
776687,2025-08-19,4.4242,4.3855,0.4745,0.3628,0.4576,11,10,21
776691,2025-08-19,4.4409,4.3855,0.476,0.3617,0.4599,6,4,10
776652,2025-08-20,4.5245,4.3855,0.4852,0.3722,0.4712,2,1,3
776656,2025-08-20,4.4242,4.3855,0.4749,0.3616,0.4593,8,1,9
776658,2025-08-20,4.4946,4.4204,0.4841,0.3665,0.4612,3,2,5
776659,2025-08-20,4.423,4.3855,0.4662,0.3684,0.4647,5,4,9
776660,2025-08-20,4.4778,4.4458,0.4801,0.3685,0.4667,8,3,11
776661,2025-08-20,4.4535,4.3855,0.4695,0.3707,0.4687,2,1,3
776662,2025-08-20,4.5456,4.3855,0.4838,0.3794,0.4742,11,2,13
776663,2025-08-20,4.4409,4.3855,0.475,0.3619,0.4587,4,3,7
776664,2025-08-20,4.4674,4.4014,0.4794,0.3644,0.4605,4,6,10
776665,2025-08-20,4.4308,4.3661,0.4753,0.3681,0.4663,2,4,6
776666,2025-08-20,4.4717,4.4204,0.4764,0.3684,0.4669,3,6,9
776669,2025-08-20,4.4242,4.3855,0.4821,0.3546,0.4566,1,0,1
776670,2025-08-20,4.4409,4.3661,0.4681,0.3683,0.4615,6,2,8
776673,2025-08-20,4.3985,4.3855,0.4725,0.3671,0.4617,7,2,9
776631,2025-08-21,4.423,4.3661,0.463,0.3637,0.4628,4,7,11
776642,2025-08-21,4.4569,4.3855,0.4803,0.3614,0.4592,8,4,12
776644,2025-08-21,4.4242,4.3855,0.465,0.3728,0.4764,5,9,14
776650,2025-08-21,4.4409,4.3855,0.4692,0.365,0.4596,9,3,12
776651,2025-08-21,4.4409,4.3855,0.4654,0.3687,0.4689,1,4,5
776653,2025-08-21,4.4409,4.4014,0.4841,0.3626,0.4539,3,8,11
776654,2025-08-21,4.4242,4.3855,0.4758,0.3622,0.4617,3,6,9
776655,2025-08-21,4.4431,4.3855,0.4704,0.359,0.4537,2,7,9
776657,2025-08-21,4.4717,4.4204,0.4745,0.3662,0.4626,6,4,10
776633,2025-08-22,4.423,4.3661,0.4689,0.3618,0.4614,10,6,16
776634,2025-08-22,4.4717,4.3661,0.4757,0.3751,0.4695,5,4,9
776635,2025-08-22,4.4673,4.4014,0.4719,0.3633,0.4617,6,5,11
776636,2025-08-22,4.4469,4.3855,0.4818,0.3696,0.4665,2,1,3
776637,2025-08-22,4.4409,4.3555,0.4692,0.3648,0.4631,9,0,9
776638,2025-08-22,4.4187,4.3584,0.4635,0.3679,0.4657,3,2,5
776639,2025-08-22,4.5245,4.3855,0.4829,0.3777,0.471,7,9,16
776640,2025-08-22,4.4717,4.3855,0.4841,0.375,0.4683,2,3,5
776641,2025-08-22,4.4409,4.4204,0.4766,0.3642,0.456,4,3,7
776643,2025-08-22,4.4611,4.3855,0.4755,0.3677,0.4648,7,10,17
776645,2025-08-22,4.4242,4.3855,0.4727,0.369,0.4645,7,12,19
776646,2025-08-22,4.547,4.3584,0.4764,0.367,0.462,2,5,7
776647,2025-08-22,4.4242,4.3855,0.4714,0.3591,0.458,0,1,1
776648,2025-08-22,4.4946,4.3855,0.474,0.3737,0.4732,4,5,9
776649,2025-08-22,4.4185,4.3855,0.4712,0.3564,0.457,7,5,12
776617,2025-08-23,4.9325,4.3299,0.5078,0.4039,0.5015,5,1,6
776618,2025-08-23,4.2275,4.2511,0.4388,0.358,0.4584,1,12,13
776619,2025-08-23,4.4476,4.6739,0.4959,0.3378,0.4291,7,3,10
776620,2025-08-23,4.3441,4.5223,0.4735,0.3515,0.448,1,2,3
776621,2025-08-23,4.2381,4.4441,0.4638,0.3366,0.4324,1,7,8
776622,2025-08-23,4.6931,4.3294,0.4907,0.3767,0.4761,10,1,11
776623,2025-08-23,4.2706,4.6422,0.4856,0.3316,0.4316,10,0,10
776625,2025-08-23,4.1833,4.3824,0.4475,0.3403,0.439,4,2,6
776626,2025-08-23,4.8597,4.3692,0.51,0.3969,0.4934,2,9,11
776627,2025-08-23,4.225,4.6735,0.4725,0.3264,0.424,1,12,13
776628,2025-08-23,4.6597,4.8456,0.5313,0.3592,0.4511,6,4,10
776629,2025-08-23,4.6615,4.2687,0.4849,0.3921,0.4882,8,9,17
776630,2025-08-23,4.6503,4.3936,0.4829,0.3892,0.4821,6,7,13
776632,2025-08-23,4.4584,3.7982,0.4186,0.4137,0.5215,5,1,6
776602,2025-08-24,4.5918,4.4189,0.4832,0.3786,0.4756,11,4,15
776603,2025-08-24,4.6039,4.4503,0.4943,0.3627,0.4567,2,8,10
776605,2025-08-24,4.337,4.3568,0.4608,0.3587,0.4571,3,4,7
776606,2025-08-24,4.3805,4.5055,0.4805,0.3547,0.4581,7,2,9
776607,2025-08-24,5.0366,4.607,0.5311,0.4026,0.4984,8,0,8
776608,2025-08-24,4.6821,4.4433,0.5004,0.3703,0.4661,3,4,7
776609,2025-08-24,4.734,4.3636,0.4932,0.3882,0.4871,1,6,7
776610,2025-08-24,4.2802,3.7588,0.4011,0.3948,0.5001,4,0,4
776611,2025-08-24,4.3364,4.5403,0.4814,0.3506,0.444,5,0,5
776612,2025-08-24,4.3025,4.3404,0.4485,0.3654,0.464,3,2,5
776613,2025-08-24,4.8986,4.7132,0.531,0.3848,0.4756,3,2,5
776614,2025-08-24,4.6505,4.2451,0.4774,0.3894,0.4896,5,3,8
776615,2025-08-24,4.7765,4.543,0.5138,0.3851,0.4828,8,10,18
776616,2025-08-24,4.3478,4.7104,0.5003,0.3483,0.4382,7,2,9
776624,2025-08-24,5.0175,4.4491,0.5317,0.4134,0.5016,4,3,7
776589,2025-08-25,4.2415,4.7441,0.4879,0.3199,0.4203,7,6,13
776590,2025-08-25,4.6118,4.5321,0.5096,0.3677,0.4597,8,3,11
776592,2025-08-25,4.2482,4.3551,0.4502,0.3497,0.4477,0,4,4
776593,2025-08-25,4.6099,4.4029,0.4893,0.3761,0.4735,7,5,12
776594,2025-08-25,4.6923,4.422,0.4971,0.3883,0.4864,7,0,7
776595,2025-08-25,4.128,4.3248,0.4318,0.3421,0.4422,9,6,15
776596,2025-08-25,4.8387,4.5506,0.5208,0.3984,0.4918,10,4,14
776597,2025-08-25,4.4456,4.3177,0.4635,0.3715,0.4729,10,5,15
776598,2025-08-25,4.6644,4.4645,0.5011,0.3792,0.4759,13,3,16
776599,2025-08-25,4.4741,4.5455,0.4905,0.3587,0.4538,7,0,7
776600,2025-08-25,4.5407,4.1868,0.4694,0.3892,0.4907,2,1,3
776601,2025-08-25,3.8841,4.3783,0.4187,0.3019,0.4031,0,9,9
776604,2025-08-25,4.2858,4.5784,0.47,0.3425,0.4386,3,4,7
776573,2025-08-26,4.8828,4.5744,0.5201,0.3846,0.485,7,6,13
776574,2025-08-26,4.8878,4.3488,0.5068,0.4098,0.5061,6,3,9
776575,2025-08-26,4.3323,4.3133,0.4564,0.3594,0.4586,7,3,10
776576,2025-08-26,4.3079,4.3544,0.4594,0.3529,0.4575,5,2,7
776577,2025-08-26,4.3709,4.3142,0.4664,0.3688,0.4649,6,7,13
776578,2025-08-26,4.158,4.3755,0.4456,0.3433,0.4445,3,8,11
776581,2025-08-26,4.5214,4.2411,0.4774,0.3811,0.4802,2,11,13
776582,2025-08-26,4.6193,4.7966,0.523,0.3586,0.4498,5,7,12
776583,2025-08-26,4.8913,4.4358,0.5142,0.4043,0.4944,4,5,9
776584,2025-08-26,3.9406,4.3664,0.426,0.3184,0.4159,3,0,3
776585,2025-08-26,4.6544,4.4383,0.5016,0.3732,0.4711,6,5,11
776586,2025-08-26,4.4472,4.4726,0.4852,0.367,0.4689,9,8,17
776587,2025-08-26,3.9627,3.865,0.3876,0.3497,0.459,1,6,7
776588,2025-08-26,4.3885,4.7311,0.4952,0.3394,0.4325,5,1,6
776591,2025-08-26,4.8925,4.5047,0.5281,0.3976,0.494,0,5,5
776557,2025-08-27,4.4111,4.3382,0.4681,0.3569,0.4583,12,3,15
776559,2025-08-27,4.193,4.526,0.4646,0.3424,0.439,7,0,7
776561,2025-08-27,4.3135,4.3464,0.4544,0.3549,0.4556,4,3,7
776562,2025-08-27,4.9504,4.2811,0.5129,0.4294,0.5237,5,1,6
776563,2025-08-27,4.3032,4.4067,0.4649,0.3566,0.4523,20,3,23
776565,2025-08-27,4.3919,4.1971,0.4479,0.3801,0.477,1,12,13
776566,2025-08-27,4.5303,4.4324,0.4899,0.3671,0.4608,6,0,6
776567,2025-08-27,4.9449,4.7083,0.5446,0.3789,0.4724,9,8,17
776568,2025-08-27,4.0783,4.4419,0.4431,0.326,0.4198,1,2,3
776569,2025-08-27,4.4681,4.5235,0.4989,0.3578,0.4514,1,12,13
776570,2025-08-27,4.4906,4.2485,0.4699,0.3756,0.4747,11,2,13
776571,2025-08-27,4.1868,3.7407,0.3973,0.3913,0.497,4,0,4
776572,2025-08-27,4.4395,4.2774,0.4653,0.3669,0.4689,2,3,5
776579,2025-08-27,4.4599,4.574,0.4855,0.3553,0.4477,2,3,5
776580,2025-08-27,3.9204,4.3073,0.4137,0.3162,0.4191,4,3,7
776550,2025-08-28,4.3289,4.1467,0.4439,0.3714,0.4739,4,3,7
776553,2025-08-28,4.7465,4.2918,0.4886,0.3977,0.5002,4,6,10
776554,2025-08-28,4.2432,4.3813,0.4491,0.3444,0.4448,4,1,5
776555,2025-08-28,4.1573,3.8598,0.4042,0.3706,0.4759,4,3,7
776556,2025-08-28,4.5108,4.4041,0.4745,0.3641,0.4602,4,10,14
776558,2025-08-28,4.7351,5.3219,0.5615,0.3326,0.417,4,7,11
776560,2025-08-28,4.2917,4.4043,0.4616,0.3442,0.4443,19,4,23
776564,2025-08-28,4.1247,4.4514,0.4503,0.336,0.4313,2,3,5
776533,2025-08-29,4.765,4.5726,0.5203,0.397,0.4909,15,8,23
776534,2025-08-29,4.5715,4.5127,0.4898,0.3682,0.4658,0,3,3
776538,2025-08-29,4.8669,4.6095,0.5247,0.384,0.4781,2,5,7
776540,2025-08-29,4.8028,4.5177,0.5236,0.3942,0.4901,3,5,8
776541,2025-08-29,4.4173,4.4052,0.4736,0.3602,0.4621,7,4,11
776542,2025-08-29,4.1239,4.3681,0.4398,0.3357,0.4353,7,11,18
776543,2025-08-29,4.2634,4.202,0.4405,0.3561,0.4651,2,0,2
776544,2025-08-29,4.272,4.3547,0.4489,0.3472,0.4463,2,10,12
776545,2025-08-29,4.8585,4.3613,0.5037,0.4169,0.5106,1,4,5
776546,2025-08-29,4.5395,4.312,0.4777,0.3893,0.4874,2,7,9
776547,2025-08-29,3.8948,4.1475,0.4027,0.3314,0.4294,5,4,9
776548,2025-08-29,5.7561,5.4628,0.6469,0.4055,0.486,19,9,28
776549,2025-08-29,5.6056,4.3085,0.5633,0.4753,0.5672,2,4,6
776551,2025-08-29,4.1616,4.4295,0.4495,0.3407,0.4414,5,7,12
776552,2025-08-29,4.36,4.0981,0.4448,0.3794,0.4773,2,1,3
776516,2025-08-30,4.7793,4.6041,0.5155,0.3749,0.4738,1,11,12
776523,2025-08-30,4.5267,4.7885,0.5075,0.3588,0.4505,1,6,7
776524,2025-08-30,4.9841,4.6242,0.5391,0.4005,0.4892,3,9,12
776525,2025-08-30,4.5323,4.5164,0.4934,0.3674,0.4602,1,4,5
776526,2025-08-30,4.3274,5.9037,0.586,0.2686,0.3474,3,4,7
776527,2025-08-30,4.7079,4.6328,0.5183,0.3731,0.4663,1,4,5
776528,2025-08-30,4.6085,4.5464,0.5001,0.3713,0.4624,3,1,4
776529,2025-08-30,4.4057,4.6576,0.4867,0.3489,0.4464,3,5,8
776530,2025-08-30,4.3213,4.2078,0.4492,0.3652,0.4673,3,12,15
776531,2025-08-30,4.5035,4.7365,0.5156,0.3543,0.4445,1,4,5
776532,2025-08-30,4.616,3.733,0.438,0.434,0.5347,3,2,5
776535,2025-08-30,4.567,5.8053,0.5995,0.297,0.3769,8,11,19
776536,2025-08-30,4.2647,4.4043,0.4668,0.3485,0.4465,2,4,6
776537,2025-08-30,4.2661,4.1442,0.4364,0.3686,0.4738,4,3,7
776539,2025-08-30,4.7141,4.1205,0.4692,0.3989,0.4906,3,10,13
776507,2025-08-31,4.7481,4.2047,0.4871,0.4044,0.5007,13,2,15
776508,2025-08-31,4.5438,4.4064,0.4879,0.3766,0.4734,6,9,15
776509,2025-08-31,4.4512,5.1172,0.5324,0.3191,0.4082,5,4,9
776510,2025-08-31,4.2283,4.8242,0.4903,0.3234,0.4161,0,3,3
776511,2025-08-31,4.4294,4.466,0.477,0.3637,0.4579,6,5,11
776512,2025-08-31,4.5679,4.6841,0.4996,0.3577,0.4482,0,5,5
776513,2025-08-31,4.1272,4.1142,0.4129,0.3495,0.4508,7,2,9
776514,2025-08-31,4.4034,4.901,0.5082,0.3283,0.4172,3,2,5
776515,2025-08-31,4.7822,4.6746,0.5285,0.3753,0.4641,8,4,12
776517,2025-08-31,4.5941,4.323,0.4774,0.3844,0.4789,5,2,7
776518,2025-08-31,4.2188,4.2754,0.4399,0.359,0.4563,7,4,11
776519,2025-08-31,4.5316,5.495,0.5625,0.3086,0.3928,1,5,6
776520,2025-08-31,4.3676,4.5299,0.4753,0.3401,0.4431,4,7,11
776521,2025-08-31,4.2506,4.4679,0.4577,0.3443,0.4413,2,4,6
776522,2025-08-31,4.5946,3.794,0.4315,0.4164,0.5212,1,3,4
776492,2025-09-01,4.3092,6.2375,0.6,0.2492,0.3304,2,8,10
776494,2025-09-01,4.6337,4.5522,0.4974,0.3735,0.4694,3,4,7
776495,2025-09-01,4.8384,4.3844,0.5063,0.3995,0.4984,5,7,12
776497,2025-09-01,4.0245,4.1507,0.4152,0.3416,0.4448,3,11,14
776498,2025-09-01,4.7734,3.805,0.4479,0.4312,0.5356,2,0,2
776499,2025-09-01,4.4343,4.6757,0.4949,0.3398,0.4301,8,3,11
776500,2025-09-01,4.3406,4.3517,0.4618,0.3593,0.4544,8,10,18
776501,2025-09-01,4.7683,4.6694,0.5214,0.3822,0.4755,8,10,18
776502,2025-09-01,4.3106,4.4824,0.47,0.3521,0.4472,5,6,11
776503,2025-09-01,4.6234,4.4432,0.5014,0.388,0.4869,5,4,9
776504,2025-09-01,4.4259,4.3515,0.4574,0.3607,0.4545,10,2,12
776505,2025-09-01,4.5738,4.7841,0.5198,0.3554,0.449,6,4,10
776506,2025-09-01,4.4464,4.043,0.4459,0.3888,0.4869,7,6,13
776480,2025-09-02,4.5259,3.9624,0.4392,0.4,0.5066,2,6,8
776481,2025-09-02,4.6573,4.3359,0.4881,0.3874,0.485,5,3,8
776482,2025-09-02,4.5244,4.363,0.4761,0.3789,0.4762,5,2,7
776483,2025-09-02,4.4097,4.5983,0.4903,0.3465,0.4463,2,1,3
776484,2025-09-02,4.2921,4.1828,0.4475,0.3687,0.4701,3,12,15
776485,2025-09-02,4.4891,4.3804,0.4734,0.3723,0.4776,6,5,11
776486,2025-09-02,4.4784,6.0112,0.6035,0.2745,0.3581,4,7,11
776487,2025-09-02,4.4846,4.5096,0.4909,0.3674,0.4584,4,3,7
776488,2025-09-02,4.7256,4.5086,0.5217,0.3804,0.4803,1,5,6
776489,2025-09-02,4.3637,4.7979,0.4924,0.3335,0.4261,1,7,8
776490,2025-09-02,4.7956,4.695,0.5407,0.3801,0.4714,5,12,17
776491,2025-09-02,4.3661,4.371,0.4608,0.3629,0.4586,9,12,21
776493,2025-09-02,4.6182,5.1108,0.5381,0.3324,0.4277,11,7,18
776496,2025-09-02,4.6536,4.4561,0.5034,0.3758,0.4683,9,7,16
776465,2025-09-03,4.498,4.4505,0.4845,0.3713,0.4689,5,7,12
776466,2025-09-03,4.5241,4.9403,0.5247,0.3405,0.4311,3,4,7
776467,2025-09-03,4.4539,6.0939,0.6039,0.276,0.3532,8,10,18
776468,2025-09-03,4.7812,4.3497,0.4925,0.3886,0.4835,2,0,2
776469,2025-09-03,4.1798,4.1278,0.4256,0.36,0.4583,3,4,7
776470,2025-09-03,4.2606,4.5594,0.47,0.3376,0.4337,5,1,6
776471,2025-09-03,4.875,4.4174,0.5126,0.3941,0.4927,6,3,9
776472,2025-09-03,4.4339,4.6753,0.5025,0.3506,0.4442,8,7,15
776473,2025-09-03,4.4441,4.5097,0.4948,0.3509,0.4464,1,5,6
776474,2025-09-03,4.6153,4.6585,0.5074,0.3658,0.458,1,8,9
776475,2025-09-03,4.3873,4.5301,0.4886,0.353,0.4496,9,13,22
776476,2025-09-03,4.333,4.4455,0.4799,0.3472,0.4467,9,4,13
776477,2025-09-03,4.6869,4.3414,0.5013,0.3958,0.4874,10,5,15
776478,2025-09-03,4.6149,4.6613,0.515,0.368,0.4628,6,2,8
776479,2025-09-03,4.6025,4.4942,0.4888,0.3814,0.4743,3,0,3
776458,2025-09-04,4.3946,4.5521,0.4873,0.3505,0.4473,4,2,6
776459,2025-09-04,4.5926,4.4156,0.4943,0.378,0.4712,0,2,2
776461,2025-09-04,4.3387,4.5523,0.4807,0.3384,0.4364,5,3,8
776462,2025-09-04,4.2905,4.4715,0.4685,0.3492,0.4459,8,11,19
776463,2025-09-04,4.6227,5.2225,0.5593,0.3356,0.4211,4,3,7
776464,2025-09-04,4.4154,4.6075,0.4953,0.3509,0.4471,4,8,12
776442,2025-09-05,4.3257,4.2645,0.4518,0.3673,0.4604,3,0,3
776444,2025-09-05,4.45,4.6086,0.4854,0.3531,0.4475,4,10,14
776445,2025-09-05,4.1394,5.0514,0.5022,0.3001,0.3878,2,8,10
776446,2025-09-05,4.6129,3.9626,0.4506,0.4121,0.5159,2,1,3
776448,2025-09-05,4.6182,4.6491,0.515,0.3654,0.4582,10,5,15
776449,2025-09-05,4.6291,4.1525,0.4728,0.3931,0.4958,4,3,7
776450,2025-09-05,4.3952,6.025,0.5888,0.2642,0.3454,4,5,9
776451,2025-09-05,4.257,4.2691,0.4418,0.3604,0.4589,1,7,8
776452,2025-09-05,4.679,3.7878,0.4393,0.4246,0.5275,5,7,12
776453,2025-09-05,4.5634,4.2537,0.4789,0.386,0.482,2,5,7
776454,2025-09-05,4.3292,4.5459,0.4762,0.3395,0.4382,2,1,3
776455,2025-09-05,4.3948,4.3215,0.4557,0.3661,0.464,11,5,16
776456,2025-09-05,4.2902,4.6321,0.4845,0.3414,0.4388,3,9,12
776457,2025-09-05,4.4614,4.5092,0.4843,0.3618,0.4626,1,7,8
776460,2025-09-05,4.7923,4.6618,0.5279,0.3759,0.4701,4,1,5
776424,2025-09-06,4.8612,4.3905,0.5084,0.4037,0.496,5,1,6
776430,2025-09-06,4.1841,4.8381,0.506,0.3155,0.4114,4,17,21
776431,2025-09-06,4.2708,4.093,0.4375,0.3671,0.4746,8,10,18
776432,2025-09-06,4.3065,4.0929,0.4409,0.3679,0.4678,0,11,11
776433,2025-09-06,4.271,4.4268,0.4583,0.3475,0.4454,2,4,6
776434,2025-09-06,4.5306,4.0578,0.4518,0.3942,0.4976,11,2,13
776435,2025-09-06,4.9572,4.2207,0.5047,0.4243,0.5213,6,0,6
776436,2025-09-06,4.1804,4.6643,0.4846,0.3211,0.4179,3,1,4
776437,2025-09-06,4.0288,4.4332,0.4509,0.3235,0.4234,3,2,5
776438,2025-09-06,4.2191,4.181,0.4451,0.36,0.4612,2,3,5
776439,2025-09-06,4.602,6.491,0.6338,0.2632,0.3388,6,3,9
776440,2025-09-06,4.6943,4.2828,0.484,0.4072,0.5016,1,2,3
776441,2025-09-06,4.3759,4.4859,0.4736,0.3566,0.4614,1,4,5
776443,2025-09-06,4.2544,4.269,0.4387,0.356,0.4561,4,3,7
776447,2025-09-06,4.3506,4.2962,0.4577,0.3558,0.455,2,10,12
776414,2025-09-07,4.2032,4.3029,0.4471,0.3502,0.4517,4,3,7
776415,2025-09-07,4.5618,4.4029,0.4844,0.3743,0.4718,4,7,11
776416,2025-09-07,3.9736,4.6558,0.4542,0.3087,0.3994,4,3,7
776417,2025-09-07,4.2767,4.1166,0.4407,0.3641,0.4705,1,8,9
776418,2025-09-07,4.9873,4.3339,0.5215,0.4129,0.5101,4,2,6
776419,2025-09-07,4.2597,4.879,0.4903,0.3171,0.4093,2,10,12
776420,2025-09-07,4.3505,4.2629,0.4618,0.3676,0.4671,3,6,9
776421,2025-09-07,4.3741,4.1948,0.4515,0.368,0.4665,1,2,3
776422,2025-09-07,4.8075,4.0953,0.4798,0.4093,0.5055,1,5,6
776423,2025-09-07,4.3876,4.2187,0.4454,0.372,0.4725,4,3,7
776425,2025-09-07,4.9849,4.4562,0.5282,0.4098,0.498,4,6,10
776426,2025-09-07,4.2567,4.364,0.459,0.3486,0.4421,5,4,9
776427,2025-09-07,4.3959,4.1984,0.4498,0.3685,0.4693,2,5,7
776428,2025-09-07,4.7212,4.5099,0.5098,0.3792,0.4743,2,18,20
776429,2025-09-07,4.4976,5.7726,0.5869,0.2949,0.3761,3,2,5
776399,2025-09-08,4.3391,4.396,0.4544,0.3587,0.4561,11,5,16
776400,2025-09-08,4.721,4.4486,0.5046,0.3894,0.4832,4,2,6
776405,2025-09-08,4.6223,4.8947,0.5331,0.3467,0.4393,1,0,1
776406,2025-09-08,4.81,4.1451,0.4779,0.4211,0.5197,5,0,5
776407,2025-09-08,4.5809,4.2908,0.4735,0.3825,0.486,4,3,7
776408,2025-09-08,4.5542,3.4756,0.3983,0.4435,0.5548,3,1,4
776409,2025-09-08,4.2831,4.56,0.4729,0.3424,0.4348,7,15,22
776410,2025-09-08,4.1489,4.903,0.4987,0.3136,0.4041,0,7,7
776411,2025-09-08,4.411,4.0945,0.4468,0.3816,0.4856,3,12,15
776412,2025-09-08,4.6897,4.4218,0.4846,0.389,0.4866,4,1,5
776413,2025-09-08,4.1402,4.3543,0.4405,0.3392,0.4361,10,2,12
776388,2025-09-09,4.5606,4.5269,0.5099,0.3704,0.4671,4,5,9
776389,2025-09-09,4.6055,3.5043,0.4069,0.4486,0.5555,7,2,9
776390,2025-09-09,4.3202,3.9791,0.4249,0.3889,0.4871,12,2,14
776391,2025-09-09,4.6049,3.9753,0.4488,0.4078,0.5126,5,3,8
776392,2025-09-09,4.5306,4.1045,0.4553,0.3939,0.4964,2,4,6
776393,2025-09-09,4.771,4.1908,0.4726,0.4092,0.5067,4,3,7
776394,2025-09-09,4.4341,4.4432,0.4802,0.3672,0.4622,5,3,8
776395,2025-09-09,4.4937,4.815,0.5193,0.3436,0.4332,5,4,9
776396,2025-09-09,4.4318,4.1565,0.4443,0.3807,0.4862,0,6,6
776397,2025-09-09,4.3407,5.0996,0.5249,0.3113,0.3989,5,7,12
776398,2025-09-09,4.6057,4.3169,0.4808,0.3935,0.4904,2,12,14
776401,2025-09-09,3.6656,4.4324,0.4111,0.2828,0.3865,3,2,5
776402,2025-09-09,4.6469,4.5722,0.5071,0.3809,0.4784,1,6,7
776403,2025-09-09,4.1777,4.2277,0.4346,0.3601,0.4587,2,0,2
776404,2025-09-09,4.4263,4.6483,0.4988,0.3423,0.4378,9,3,12
776373,2025-09-10,4.8786,3.8221,0.4578,0.4493,0.5525,4,2,6
776374,2025-09-10,4.9307,4.5939,0.5413,0.3962,0.485,3,5,8
776375,2025-09-10,4.5578,4.4061,0.4945,0.3723,0.4688,6,3,9
776376,2025-09-10,4.447,3.7519,0.4179,0.4122,0.5169,4,3,7
776377,2025-09-10,4.5414,4.3667,0.4752,0.3836,0.4776,1,2,3
776378,2025-09-10,4.6065,5.1974,0.5571,0.327,0.4177,6,5,11
776379,2025-09-10,4.3992,5.018,0.5238,0.3249,0.4123,5,4,9
776380,2025-09-10,4.6611,3.5191,0.4203,0.4633,0.5724,9,0,9
776381,2025-09-10,4.5208,4.2196,0.4702,0.3844,0.4845,2,3,5
776382,2025-09-10,4.229,4.3548,0.4632,0.3472,0.4472,3,4,7
776383,2025-09-10,4.5288,4.3691,0.4757,0.3697,0.4731,1,11,12
776384,2025-09-10,4.6518,4.5243,0.5057,0.3736,0.4702,11,3,14
776385,2025-09-10,4.6397,4.2389,0.486,0.3946,0.4916,2,3,5
776386,2025-09-10,4.4199,5.0826,0.5286,0.3224,0.4155,8,3,11
776387,2025-09-10,4.2504,4.4998,0.4559,0.3328,0.4294,2,1,3
776362,2025-09-11,5.0558,4.4272,0.5214,0.4161,0.5101,7,6,13
776364,2025-09-11,4.5591,4.7518,0.5129,0.3557,0.4484,5,1,6
776365,2025-09-11,4.3774,3.6911,0.4046,0.4138,0.5171,2,0,2
776367,2025-09-11,4.2124,4.04,0.4191,0.3678,0.4695,5,0,5
776368,2025-09-11,4.8515,4.0786,0.4672,0.431,0.5306,9,3,12
776369,2025-09-11,4.5853,4.253,0.4786,0.3879,0.4877,6,0,6
776370,2025-09-11,4.4536,4.435,0.4893,0.3703,0.4648,3,2,5
776371,2025-09-11,4.6205,4.4201,0.4953,0.3848,0.4785,6,4,10
776372,2025-09-11,4.2363,4.5349,0.4673,0.3432,0.4426,3,2,5
776345,2025-09-12,4.9867,4.4108,0.5207,0.4106,0.5065,2,1,3
776350,2025-09-12,4.5008,4.9567,0.5222,0.3302,0.423,5,1,6
776351,2025-09-12,4.2122,4.5049,0.4664,0.3342,0.4337,6,5,11
776352,2025-09-12,4.6384,4.6534,0.5084,0.3757,0.4685,6,4,10
776353,2025-09-12,4.5003,4.5743,0.4825,0.3584,0.452,6,1,7
776354,2025-09-12,5.2656,4.8566,0.5786,0.4015,0.4896,8,2,10
776355,2025-09-12,4.4293,4.4302,0.4774,0.3586,0.4556,9,8,17
776356,2025-09-12,4.7951,4.0446,0.4791,0.4198,0.5216,8,2,10
776357,2025-09-12,4.554,3.5315,0.4118,0.4409,0.5497,2,4,6
776358,2025-09-12,4.1884,4.289,0.4412,0.3462,0.441,3,0,3
776359,2025-09-12,4.5483,6.8174,0.6532,0.2426,0.3161,3,8,11
776360,2025-09-12,4.0917,4.5733,0.4607,0.3242,0.4181,3,11,14
776361,2025-09-12,4.4035,4.3875,0.4652,0.361,0.4548,4,0,4
776363,2025-09-12,4.5354,3.9497,0.4494,0.3906,0.5007,1,4,5
776366,2025-09-12,4.4176,3.9926,0.4361,0.3926,0.4944,8,2,10
776328,2025-09-13,4.2953,4.5927,0.4748,0.3345,0.4349,7,13,20
776333,2025-09-13,4.8725,4.5106,0.5171,0.4002,0.4903,5,3,8
776336,2025-09-13,4.2947,4.339,0.4563,0.3593,0.4575,1,5,6
776337,2025-09-13,4.1452,4.4068,0.4453,0.3331,0.4314,2,5,7
776338,2025-09-13,4.5981,4.431,0.4858,0.3748,0.4762,4,5,9
776339,2025-09-13,5.1387,4.3308,0.5248,0.4361,0.5317,9,8,17
776340,2025-09-13,4.6578,4.2934,0.4908,0.3945,0.4941,11,5,16
776341,2025-09-13,4.6296,3.6091,0.4292,0.444,0.5426,11,3,14
776342,2025-09-13,4.4789,4.6124,0.4953,0.3644,0.459,8,6,14
776343,2025-09-13,4.4004,4.3156,0.4659,0.3775,0.4733,5,4,9
776344,2025-09-13,4.4571,4.2072,0.4612,0.3803,0.4794,3,5,8
776346,2025-09-13,4.5014,4.8783,0.5177,0.3419,0.4341,2,6,8
776347,2025-09-13,4.7073,4.1992,0.4778,0.4079,0.5085,6,4,10
776348,2025-09-13,4.4469,4.4584,0.4793,0.3529,0.453,3,1,4
776349,2025-09-13,4.5571,5.1318,0.5483,0.34,0.4222,2,3,5
776317,2025-09-14,5.1199,4.566,0.5393,0.4076,0.5006,11,2,13
776320,2025-09-14,4.1488,4.4219,0.448,0.3289,0.427,4,3,7
776321,2025-09-14,4.7182,4.4078,0.4944,0.3865,0.4798,4,3,7
776322,2025-09-14,4.406,4.2788,0.457,0.3683,0.4695,11,2,13
776323,2025-09-14,4.8893,4.8919,0.5431,0.363,0.457,9,6,15
776324,2025-09-14,4.4236,4.367,0.4751,0.3764,0.4725,4,6,10
776325,2025-09-14,4.5171,4.5119,0.4908,0.3632,0.4584,2,10,12
776326,2025-09-14,5.1615,4.2277,0.512,0.4348,0.5302,2,3,5
776327,2025-09-14,4.2685,4.3695,0.4526,0.3503,0.4464,7,4,11
776329,2025-09-14,4.3941,4.4207,0.4718,0.3535,0.45,8,3,11
776330,2025-09-14,4.7153,4.214,0.4856,0.3999,0.4989,6,4,10
776331,2025-09-14,4.7857,4.6491,0.5199,0.3785,0.4736,3,2,5
776332,2025-09-14,4.704,4.2126,0.4813,0.4014,0.4982,0,2,2
776334,2025-09-14,4.5667,4.6299,0.5017,0.3596,0.456,3,10,13
776335,2025-09-14,4.4011,5.2324,0.5469,0.3167,0.4049,5,2,7
776309,2025-09-15,4.4755,4.5877,0.501,0.3534,0.4507,8,1,9
776311,2025-09-15,4.9866,4.4183,0.5221,0.4119,0.5084,5,6,11
776312,2025-09-15,4.1337,4.2317,0.4355,0.3535,0.4522,6,11,17
776313,2025-09-15,4.4433,4.3397,0.4681,0.3668,0.4629,7,0,7
776314,2025-09-15,4.3044,4.2025,0.4402,0.3753,0.4745,1,4,5
776315,2025-09-15,4.7322,4.5317,0.5111,0.3844,0.4774,3,11,14
776316,2025-09-15,4.2848,4.3921,0.4696,0.3523,0.4461,1,2,3
776318,2025-09-15,4.3129,4.3715,0.4702,0.3548,0.4502,0,4,4
776319,2025-09-15,4.1093,4.5557,0.463,0.3225,0.4194,6,3,9
776293,2025-09-16,4.3841,5.6548,0.5682,0.2866,0.3704,5,6,11
776294,2025-09-16,4.3794,4.2496,0.4641,0.3645,0.4676,6,5,11
776295,2025-09-16,4.6168,4.4899,0.4975,0.3766,0.4708,9,2,11
776297,2025-09-16,4.694,4.7054,0.5224,0.3711,0.4642,6,9,15
776298,2025-09-16,4.219,4.3397,0.456,0.3504,0.4477,9,10,19
776300,2025-09-16,4.2569,4.3013,0.4475,0.3524,0.4513,3,0,3
776301,2025-09-16,3.9189,4.4955,0.4235,0.3088,0.4105,6,5,11
776302,2025-09-16,4.5352,4.5932,0.4985,0.363,0.4539,5,12,17
776303,2025-09-16,4.6747,4.1193,0.4746,0.4108,0.5071,5,7,12
776304,2025-09-16,4.3852,5.6558,0.5621,0.2895,0.3719,8,3,11
776305,2025-09-16,4.3381,4.4564,0.4676,0.3476,0.4486,5,6,11
776306,2025-09-16,4.3645,4.3812,0.4746,0.3558,0.4523,7,8,15
776307,2025-09-16,4.1592,4.5432,0.4626,0.3331,0.4334,0,5,5
776308,2025-09-16,4.1411,4.3792,0.4449,0.3364,0.4363,1,4,5
776310,2025-09-16,4.0089,4.4877,0.4433,0.3231,0.4195,1,2,3
777825,2025-09-16,4.7472,4.4281,0.5028,0.3903,0.4852,3,6,9
776277,2025-09-17,4.5565,5.6963,0.584,0.2978,0.378,4,8,12
776279,2025-09-17,4.5405,4.1203,0.4586,0.3857,0.488,1,5,6
776280,2025-09-17,4.4006,4.6686,0.499,0.3459,0.4412,5,0,5
776283,2025-09-17,4.2348,4.2009,0.4319,0.3627,0.4606,2,6,8
776284,2025-09-17,4.1224,4.214,0.433,0.3442,0.4428,5,10,15
776285,2025-09-17,4.34,4.3966,0.468,0.3555,0.4577,1,3,4
776286,2025-09-17,4.137,4.7281,0.4758,0.3142,0.4068,4,9,13
776287,2025-09-17,4.072,4.4554,0.4399,0.3228,0.4186,4,8,12
776288,2025-09-17,4.5293,5.5473,0.5707,0.3046,0.3824,4,7,11
776289,2025-09-17,3.8741,4.2325,0.4097,0.3223,0.4236,7,5,12
776290,2025-09-17,4.6905,4.6304,0.5176,0.3729,0.4668,2,1,3
776291,2025-09-17,4.9541,4.4694,0.5232,0.4114,0.5033,9,2,11
776292,2025-09-17,4.1849,4.483,0.4642,0.3329,0.4295,5,2,7
776296,2025-09-17,4.5352,4.1545,0.4689,0.3929,0.4911,0,4,4
776299,2025-09-17,4.2638,4.5892,0.4752,0.3454,0.4343,5,4,9
776269,2025-09-18,4.2632,4.3354,0.4501,0.3566,0.4563,4,0,4
776270,2025-09-18,4.3867,5.5173,0.5624,0.294,0.381,7,9,16
776271,2025-09-18,4.7454,4.6409,0.5185,0.3646,0.4642,2,1,3
776272,2025-09-18,4.5227,4.5087,0.4942,0.3649,0.4646,0,2,2
776274,2025-09-18,4.7076,4.3827,0.4967,0.3893,0.49,5,2,7
776275,2025-09-18,4.7278,4.2787,0.4862,0.397,0.4926,1,3,4
776276,2025-09-18,4.8002,4.8881,0.5462,0.3648,0.4548,6,1,7
776278,2025-09-18,4.197,4.4179,0.4584,0.3426,0.4441,0,7,7
776281,2025-09-18,4.3646,4.7239,0.5046,0.3415,0.4361,3,5,8
776282,2025-09-18,4.8335,4.5622,0.5219,0.3871,0.4835,1,0,1
776251,2025-09-19,4.4581,4.2882,0.4794,0.3828,0.4819,4,6,10
776253,2025-09-19,4.4366,5.6606,0.5719,0.2909,0.37,7,6,13
776255,2025-09-19,4.5449,4.4386,0.4893,0.3753,0.4683,2,8,10
776256,2025-09-19,4.6714,4.5239,0.5107,0.3812,0.4778,6,3,9
776259,2025-09-19,4.7363,4.6304,0.5186,0.3756,0.4675,12,6,18
776260,2025-09-19,4.3645,4.4929,0.4695,0.3567,0.4517,20,1,21
776261,2025-09-19,4.7675,4.4625,0.5061,0.3885,0.4831,7,11,18
776262,2025-09-19,4.2875,4.3018,0.4559,0.3578,0.457,0,4,4
776263,2025-09-19,4.5018,4.1528,0.4546,0.3905,0.4921,2,6,8
776264,2025-09-19,4.3589,4.4414,0.4761,0.3535,0.4539,4,3,7
776265,2025-09-19,4.0521,4.6386,0.4641,0.3131,0.4036,7,1,8
776266,2025-09-19,4.1953,4.596,0.4717,0.3323,0.4286,3,4,7
776267,2025-09-19,4.6312,4.9034,0.5379,0.3544,0.4421,7,4,11
776268,2025-09-19,4.3877,4.631,0.4897,0.3459,0.4382,1,10,11
776273,2025-09-19,4.4293,4.431,0.4744,0.3632,0.4586,4,2,6
776233,2025-09-20,4.6125,4.4274,0.492,0.3781,0.4732,7,5,12
776241,2025-09-20,4.5543,4.6864,0.5055,0.3563,0.4473,0,3,3
776242,2025-09-20,4.5688,4.3809,0.484,0.3817,0.4815,3,4,7
776243,2025-09-20,4.5069,4.3967,0.4785,0.366,0.4644,0,8,8
776244,2025-09-20,4.4545,4.4312,0.48,0.3587,0.4569,2,3,5
776245,2025-09-20,4.4919,4.4618,0.4819,0.3653,0.4629,2,1,3
776246,2025-09-20,4.531,4.4215,0.4829,0.3704,0.4684,4,3,7
776247,2025-09-20,4.5065,4.3998,0.4681,0.3758,0.4766,3,6,9
776248,2025-09-20,4.3925,4.396,0.4753,0.3602,0.4555,4,6,10
776249,2025-09-20,4.4401,4.4345,0.4867,0.3701,0.4669,2,0,2
776250,2025-09-20,4.5012,4.4064,0.4862,0.3655,0.4669,3,7,10
776252,2025-09-20,4.5338,4.4278,0.4847,0.3758,0.4726,3,5,8
776254,2025-09-20,4.4667,4.5166,0.4788,0.3549,0.4489,6,3,9
776257,2025-09-20,4.5065,4.5552,0.4896,0.3632,0.4551,1,6,7
776258,2025-09-20,4.5265,4.4878,0.4931,0.3652,0.4584,5,6,11
777839,2025-09-20,4.509,4.3526,0.4721,0.3808,0.4753,0,6,6
776225,2025-09-21,4.4931,4.3944,0.4914,0.3718,0.4663,6,2,8
776226,2025-09-21,4.5382,4.411,0.4963,0.376,0.4742,2,4,6
776227,2025-09-21,4.6125,4.4289,0.4946,0.3744,0.4747,1,3,4
776228,2025-09-21,4.3578,4.5514,0.4809,0.3442,0.4383,3,7,10
776229,2025-09-21,4.6175,4.4894,0.5091,0.3721,0.4683,5,8,13
776230,2025-09-21,4.5286,4.4215,0.485,0.37,0.4704,9,2,11
776231,2025-09-21,4.4411,4.4696,0.4766,0.3543,0.4536,5,1,6
776232,2025-09-21,4.537,4.7395,0.5096,0.3513,0.4444,3,1,4
776234,2025-09-21,4.4168,4.4379,0.4763,0.3636,0.4563,11,0,11
776235,2025-09-21,4.458,4.3894,0.4792,0.3763,0.4759,2,3,5
776236,2025-09-21,4.4447,4.5459,0.4907,0.3563,0.4495,7,3,10
776237,2025-09-21,4.5473,4.3808,0.4825,0.3794,0.4836,2,3,5
776238,2025-09-21,4.3916,4.53,0.483,0.3565,0.4513,2,6,8
776239,2025-09-21,4.4358,4.4472,0.4828,0.3637,0.461,1,0,1
776240,2025-09-21,4.4588,4.421,0.4769,0.3606,0.4634,1,7,8
776220,2025-09-22,4.4771,4.4249,0.4779,0.3695,0.4625,5,6,11
776221,2025-09-22,4.5268,4.3621,0.4789,0.3745,0.4721,11,5,16
776222,2025-09-22,4.4617,4.4312,0.4722,0.3607,0.4527,5,4,9
776207,2025-09-23,4.4522,4.6112,0.4892,0.35,0.4414,4,8,12
776208,2025-09-23,4.7138,4.4379,0.4999,0.3889,0.4792,5,1,6
776209,2025-09-23,4.5041,4.4558,0.4868,0.3663,0.462,7,9,16
776210,2025-09-23,4.6349,4.4826,0.5043,0.378,0.4718,1,4,5
776211,2025-09-23,4.4579,4.4627,0.4838,0.3531,0.447,8,9,17
776212,2025-09-23,4.4965,4.1737,0.4564,0.3897,0.4909,4,3,7
776213,2025-09-23,4.5485,4.5085,0.4947,0.3713,0.464,5,4,9
776214,2025-09-23,4.4969,4.4383,0.4784,0.3763,0.47,7,0,7
776215,2025-09-23,4.6278,4.4379,0.4988,0.3812,0.4723,5,6,11
776216,2025-09-23,4.6905,4.4595,0.5098,0.39,0.4824,3,2,5
776217,2025-09-23,4.4697,4.3998,0.4694,0.3643,0.4633,1,4,5
776218,2025-09-23,4.4032,4.3816,0.462,0.3674,0.4624,5,2,7
776219,2025-09-23,4.4129,4.3475,0.4692,0.3701,0.4658,3,2,5
776223,2025-09-23,4.4245,4.4379,0.4634,0.356,0.4553,6,0,6
776224,2025-09-23,4.454,4.4429,0.4793,0.364,0.4584,2,4,6
776192,2025-09-24,4.4198,4.4708,0.4824,0.365,0.459,4,2,6
776193,2025-09-24,4.5249,4.4493,0.49,0.379,0.4764,4,5,9
776194,2025-09-24,4.4666,4.1498,0.4648,0.3803,0.4814,9,2,11
776195,2025-09-24,4.479,4.4379,0.4808,0.3628,0.4581,6,0,6
776196,2025-09-24,4.5076,4.4476,0.4823,0.3659,0.4631,4,3,7
776197,2025-09-24,4.3856,4.4685,0.4853,0.3565,0.4554,3,2,5
776198,2025-09-24,4.4458,4.5348,0.4861,0.3539,0.4444,1,3,4
776199,2025-09-24,4.6905,4.4634,0.498,0.381,0.4758,8,1,9
776200,2025-09-24,4.496,4.3421,0.4707,0.3773,0.4751,3,4,7
776201,2025-09-24,4.6437,4.4379,0.4972,0.3841,0.4821,11,1,12
776202,2025-09-24,4.4631,4.4429,0.4804,0.3603,0.4575,3,4,7
776203,2025-09-24,4.3586,4.4379,0.4652,0.3523,0.4511,2,6,8
776204,2025-09-24,4.5023,4.4746,0.4925,0.3578,0.4473,5,1,6
776205,2025-09-24,4.5867,4.5001,0.4975,0.3731,0.4679,10,3,13
776206,2025-09-24,4.4947,4.435,0.4752,0.365,0.4581,1,7,8
776178,2025-09-25,4.3856,4.5087,0.4729,0.3438,0.4485,4,9,13
776179,2025-09-25,4.5137,4.1498,0.461,0.398,0.493,6,2,8
776182,2025-09-25,4.5025,4.4379,0.4845,0.3687,0.4691,5,11,16
776183,2025-09-25,4.4954,4.4765,0.4811,0.3708,0.4695,0,4,4
776184,2025-09-25,4.6249,4.5073,0.4981,0.3698,0.4664,5,3,8
776185,2025-09-25,4.5222,4.4493,0.4807,0.367,0.4634,0,8,8
776186,2025-09-25,4.4256,4.3569,0.4703,0.3671,0.4644,6,1,7
776187,2025-09-25,4.5586,4.5179,0.4919,0.3603,0.457,5,8,13
776188,2025-09-25,4.8277,4.4188,0.5017,0.4006,0.4939,1,0,1
776189,2025-09-25,4.4072,4.4746,0.4705,0.3598,0.4532,2,4,6
776190,2025-09-25,4.5225,4.4878,0.4941,0.3639,0.456,2,1,3
776191,2025-09-25,4.3387,4.4662,0.4734,0.3425,0.4449,6,5,11
776165,2025-09-26,4.3343,4.4974,0.47,0.3382,0.4393,9,10,19
776166,2025-09-26,4.5263,4.1823,0.4578,0.3875,0.4868,6,3,9
776167,2025-09-26,4.5626,4.422,0.4877,0.3887,0.4823,12,1,13
776168,2025-09-26,4.5121,4.4493,0.4791,0.3726,0.4735,2,3,5
776169,2025-09-26,4.4142,4.411,0.4692,0.3582,0.4579,4,3,7
776170,2025-09-26,4.5513,4.4662,0.496,0.3653,0.4633,7,4,11
776171,2025-09-26,4.5998,4.3476,0.4808,0.3794,0.476,1,3,4
776172,2025-09-26,4.5278,4.4685,0.4846,0.3579,0.4551,4,3,7
776173,2025-09-26,4.4939,4.4869,0.4853,0.3631,0.4609,6,2,8
776174,2025-09-26,4.9263,4.4794,0.5196,0.3992,0.4924,8,4,12
776175,2025-09-26,4.4606,4.4608,0.4852,0.37,0.468,3,7,10
776176,2025-09-26,4.6223,4.4893,0.4923,0.3697,0.4676,3,1,4
776177,2025-09-26,4.4244,4.3787,0.476,0.3696,0.468,4,2,6
776180,2025-09-26,4.5021,4.3705,0.4869,0.3718,0.4728,3,9,12
776181,2025-09-26,4.4078,4.4746,0.481,0.3443,0.4449,4,3,7
776146,2025-09-27,4.51,3.7365,0.4248,0.4145,0.5221,4,3,7
776150,2025-09-27,4.5006,4.495,0.4815,0.3672,0.466,3,5,8
776152,2025-09-27,4.4509,4.0955,0.4493,0.3806,0.4809,5,1,6
776153,2025-09-27,4.4898,3.7704,0.429,0.416,0.5171,4,7,11
776154,2025-09-27,4.5182,4.3118,0.4698,0.3778,0.4793,2,4,6
776155,2025-09-27,4.4169,3.9902,0.4341,0.3904,0.489,1,6,7
776156,2025-09-27,4.4848,4.2581,0.4661,0.3787,0.4752,1,3,4
776157,2025-09-27,4.4627,3.8998,0.4206,0.4024,0.5016,1,2,3
776158,2025-09-27,4.4503,4.6502,0.5036,0.346,0.4361,3,2,5
776159,2025-09-27,4.4739,3.8475,0.4333,0.41,0.512,5,1,6
776160,2025-09-27,4.4722,4.2827,0.4652,0.3713,0.4681,6,5,11
776161,2025-09-27,4.4491,4.817,0.5126,0.3326,0.421,0,5,5
776162,2025-09-27,4.5421,4.0278,0.4497,0.4049,0.5054,6,1,7
776163,2025-09-27,4.5104,4.8921,0.5266,0.3443,0.4346,0,5,5
776164,2025-09-27,4.5421,3.9814,0.4385,0.406,0.5093,7,3,10
776135,2025-09-28,4.4691,4.7589,0.5078,0.3415,0.4402,2,6,8
776136,2025-09-28,4.4955,4.4925,0.4871,0.3596,0.4537,12,4,16
776137,2025-09-28,4.5006,3.4931,0.3969,0.4341,0.5403,4,0,4
776138,2025-09-28,4.4955,5.3486,0.5486,0.3193,0.4044,2,9,11
776139,2025-09-28,4.5021,4.5714,0.4994,0.3508,0.4436,1,6,7
776140,2025-09-28,4.5421,4.6664,0.5017,0.3592,0.4536,3,2,5
776141,2025-09-28,4.5104,4.2925,0.4663,0.3819,0.4759,2,1,3
776142,2025-09-28,4.5169,4.018,0.4418,0.3959,0.4971,2,0,2
776143,2025-09-28,4.4722,5.2974,0.5525,0.3247,0.406,0,8,8
776144,2025-09-28,4.52,3.6298,0.4162,0.4302,0.5438,4,2,6
776145,2025-09-28,4.5073,4.4456,0.4845,0.367,0.4636,13,4,17
776147,2025-09-28,4.4486,4.8446,0.5135,0.3365,0.4303,9,8,17
776148,2025-09-28,4.4224,4.7388,0.5096,0.3422,0.4358,4,0,4
776149,2025-09-28,4.5263,4.8696,0.5191,0.3476,0.4407,4,1,5
776151,2025-09-28,4.537,4.2015,0.4684,0.3972,0.4968,4,3,7
813066,2025-09-30,4.5825,4.0976,0.4566,0.3847,0.4876,3,1,4
813069,2025-09-30,4.5405,3.8201,0.4363,0.4188,0.5201,10,5,15
813072,2025-09-30,4.4224,4.3347,0.4659,0.3714,0.4676,1,2,3
813074,2025-09-30,4.5421,4.1285,0.4552,0.3932,0.4977,1,3,4
813064,2025-10-01,4.5246,4.5243,0.4932,0.3577,0.4516,0,3,3
813068,2025-10-01,4.5455,4.0191,0.4497,0.3904,0.5018,8,4,12
813070,2025-10-01,4.4946,4.0765,0.4566,0.3957,0.4937,4,3,7
813071,2025-10-01,4.4538,4.5789,0.4929,0.3502,0.4483,6,1,7
813059,2025-10-02,4.5421,4.2353,0.4682,0.381,0.471,3,1,4
813065,2025-10-02,4.4946,4.7716,0.5166,0.3471,0.4417,4,0,4
813073,2025-10-02,4.4486,4.1436,0.4634,0.3883,0.4905,3,6,9
813047,2025-10-04,4.5104,4.0274,0.454,0.3883,0.4938,9,3,12
813051,2025-10-04,4.5104,4.5166,0.4865,0.3655,0.4639,3,5,8
813058,2025-10-04,4.514,3.6268,0.4113,0.4311,0.534,2,3,5
813063,2025-10-04,4.5073,4.881,0.5201,0.3348,0.4246,10,1,11
813057,2025-10-05,4.5039,3.9437,0.435,0.4031,0.5093,3,2,5
813062,2025-10-05,4.4904,4.848,0.5186,0.3397,0.4294,13,7,20
823244,2026-03-25,4.4882,4.3766,0.4811,0.3706,0.4707,0,7,7
823081,2026-03-26,4.5125,4.4008,0.4823,0.3775,0.4765,9,7,16
823163,2026-03-26,4.4811,4.3826,0.4798,0.3726,0.4701,4,6,10
823325,2026-03-26,4.5015,4.4008,0.4718,0.3736,0.4689,2,8,10
823486,2026-03-26,4.492,4.3826,0.4789,0.3749,0.4719,5,3,8
823649,2026-03-26,4.5168,4.4536,0.4903,0.3618,0.4613,11,7,18
823812,2026-03-26,4.5015,4.3826,0.4796,0.3646,0.4654,14,2,16
823974,2026-03-26,4.492,4.3826,0.4828,0.368,0.4665,8,2,10
824218,2026-03-26,4.5015,4.3826,0.4784,0.3704,0.4689,0,3,3
824541,2026-03-26,4.5239,4.4008,0.4805,0.3757,0.4711,0,3,3
824704,2026-03-26,4.5107,4.3766,0.4796,0.3745,0.4705,4,10,14
824865,2026-03-26,4.4599,4.3826,0.4714,0.374,0.4666,2,1,3
822839,2026-03-27,4.492,4.3826,0.4807,0.3667,0.4595,3,2,5
823162,2026-03-27,4.4811,4.3826,0.4768,0.3773,0.4738,5,1,6
823243,2026-03-27,4.4671,4.3766,0.4776,0.3682,0.4646,0,3,3
823324,2026-03-27,4.5015,4.4008,0.4773,0.3743,0.4711,2,5,7
823893,2026-03-27,4.5239,4.3826,0.4738,0.3802,0.4745,2,1,3
823971,2026-03-27,4.5565,4.3609,0.4824,0.3823,0.4795,5,4,9
824216,2026-03-27,4.5015,4.3766,0.4745,0.3678,0.4632,2,6,8
824946,2026-03-27,4.5217,4.3766,0.4797,0.3695,0.4672,6,0,6
822838,2026-03-28,4.4637,4.3609,0.4717,0.3718,0.4727,8,7,15
823082,2026-03-28,4.4841,4.3609,0.4766,0.3745,0.4687,6,5,11
823161,2026-03-28,4.492,4.3826,0.4734,0.3647,0.4631,5,6,11
823241,2026-03-28,4.4599,4.3766,0.4722,0.3618,0.4658,1,3,4
823323,2026-03-28,4.5015,4.4008,0.4834,0.3738,0.4676,3,0,3
823488,2026-03-28,4.4637,4.3609,0.4783,0.3644,0.4638,4,5,9
823651,2026-03-28,4.5565,4.4536,0.4963,0.3661,0.4631,4,2,6
823811,2026-03-28,4.5015,4.3609,0.4731,0.3751,0.4699,6,1,7
823892,2026-03-28,4.5239,4.3609,0.482,0.3753,0.4697,4,3,7
823973,2026-03-28,4.4637,4.3609,0.4785,0.3665,0.4652,3,2,5
824213,2026-03-28,4.5015,4.3766,0.4678,0.3736,0.4756,11,9,20
824540,2026-03-28,4.5239,4.4008,0.4808,0.3654,0.4615,6,5,11
824701,2026-03-28,4.5107,4.3766,0.4752,0.3779,0.4715,10,2,12
824862,2026-03-28,4.4599,4.3609,0.4678,0.3676,0.4673,1,4,5
824945,2026-03-28,4.6205,4.3609,0.4822,0.3871,0.4794,6,2,8
822837,2026-03-29,4.4637,4.3609,0.477,0.3686,0.466,5,2,7
823079,2026-03-29,4.5015,4.3609,0.4804,0.3732,0.47,7,11,18
823160,2026-03-29,4.4811,4.3826,0.4748,0.3779,0.4779,8,0,8
823487,2026-03-29,4.492,4.3826,0.4809,0.3766,0.4685,3,8,11
823647,2026-03-29,4.4884,4.4536,0.4775,0.3623,0.4604,3,4,7
823810,2026-03-29,4.5015,4.3609,0.4788,0.3708,0.4673,9,7,16
823891,2026-03-29,4.5107,4.3609,0.481,0.3711,0.4696,4,3,7
824215,2026-03-29,4.547,4.3826,0.4893,0.3766,0.4772,9,7,16
824538,2026-03-29,4.5067,4.3766,0.479,0.3717,0.4738,3,2,5
824700,2026-03-29,4.5575,4.3766,0.4756,0.3825,0.4798,3,6,9
824864,2026-03-29,4.4599,4.3826,0.4798,0.3645,0.4668,8,6,14
824944,2026-03-29,4.4637,4.3609,0.48,0.3696,0.4662,1,4,5
822834,2026-03-30,4.5754,4.3609,0.4728,0.3851,0.4863,5,14,19
823080,2026-03-30,4.4599,4.3766,0.4709,0.369,0.4621,2,4,6
823159,2026-03-30,4.492,4.3766,0.4823,0.3697,0.4671,2,1,3
823320,2026-03-30,4.5015,4.3609,0.4727,0.3648,0.467,2,3,5
823484,2026-03-30,4.492,4.3766,0.481,0.3735,0.4653,2,13,15
823809,2026-03-30,4.5015,4.4008,0.4873,0.3712,0.4653,2,3,5
823890,2026-03-30,4.469,4.3609,0.4747,0.368,0.4627,4,9,13
823972,2026-03-30,4.4791,4.3826,0.4753,0.3757,0.4687,2,4,6
824135,2026-03-30,4.5015,4.3766,0.4775,0.3759,0.4673,3,1,4
824214,2026-03-30,4.5125,4.3766,0.4828,0.3758,0.473,8,1,9
824539,2026-03-30,4.4719,4.3766,0.4828,0.3633,0.4646,2,0,2
824702,2026-03-30,4.5107,4.3826,0.4765,0.368,0.463,7,2,9
824863,2026-03-30,4.4599,4.3826,0.4718,0.3657,0.4617,2,5,7
824943,2026-03-30,4.4637,4.3609,0.4776,0.3682,0.4628,4,0,4
825108,2026-03-30,4.4671,4.3826,0.4776,0.3699,0.4655,9,6,15
822836,2026-03-31,4.512,4.3609,0.4789,0.3671,0.4644,5,1,6
823077,2026-03-31,4.4599,4.3766,0.4694,0.3727,0.4711,3,0,3
823158,2026-03-31,4.4811,4.3766,0.4781,0.3682,0.466,0,5,5
823322,2026-03-31,4.547,4.3609,0.4833,0.3821,0.4763,3,9,12
823485,2026-03-31,4.5754,4.3766,0.4889,0.3804,0.4751,3,2,5
823807,2026-03-31,4.5015,4.3826,0.4876,0.3749,0.4744,6,2,8
823888,2026-03-31,4.4821,4.3609,0.4735,0.3678,0.4686,9,2,11
823969,2026-03-31,4.4882,4.3826,0.4641,0.3655,0.4621,4,1,5
824212,2026-03-31,4.4506,4.3609,0.4716,0.3647,0.4638,9,2,11
824537,2026-03-31,4.5067,4.3609,0.4758,0.3706,0.4727,3,8,11
824699,2026-03-31,4.4811,4.4026,0.486,0.3687,0.4629,0,2,2
824861,2026-03-31,4.5015,4.3826,0.4728,0.3694,0.4658,5,8,13
824942,2026-03-31,4.4884,4.3609,0.4713,0.3689,0.4686,2,5,7
825107,2026-03-31,4.4762,4.3826,0.4728,0.3706,0.4654,7,5,12
822835,2026-04-01,4.3147,3.4768,0.3857,0.4241,0.532,1,2,3
823078,2026-04-01,4.3514,4.5494,0.4834,0.3465,0.4401,2,1,3
823157,2026-04-01,4.3281,4.9633,0.5131,0.3179,0.4105,3,5,8
823321,2026-04-01,4.6152,3.9605,0.4512,0.4047,0.5106,7,1,8
823483,2026-04-01,4.2334,5.3802,0.5215,0.2902,0.3748,6,5,11
823806,2026-04-01,4.1068,4.3716,0.4447,0.3405,0.443,8,2,10
823889,2026-04-01,4.2253,3.5089,0.3747,0.409,0.5189,10,0,10
823970,2026-04-01,4.5114,4.6476,0.512,0.3525,0.4487,1,4,5
824136,2026-04-01,4.313,3.8738,0.4203,0.3895,0.4934,13,9,22
824211,2026-04-01,4.4388,3.7193,0.4134,0.4209,0.5215,6,4,10
824536,2026-04-01,4.1384,4.6268,0.4688,0.323,0.4176,3,8,11
824698,2026-04-01,4.2493,4.3274,0.455,0.3556,0.4579,6,2,8
824860,2026-04-01,4.2882,4.9251,0.5029,0.3117,0.4075,8,3,11
824940,2026-04-01,4.6397,3.4851,0.4078,0.4493,0.5585,5,1,6
825106,2026-04-01,4.5428,4.4321,0.4841,0.3738,0.4625,1,0,1
823242,2026-04-02,4.4717,5.0827,0.5328,0.3182,0.41,7,2,9
824133,2026-04-02,4.7367,3.8239,0.4604,0.433,0.5316,1,5,6
825105,2026-04-02,4.4982,4.9782,0.5185,0.3364,0.432,2,17,19
822758,2026-04-03,4.4172,4.894,0.5029,0.3204,0.416,6,13,19
822919,2026-04-03,4.5007,4.457,0.4794,0.365,0.4622,3,5,8
823240,2026-04-03,4.5366,4.9323,0.5205,0.3303,0.4233,3,10,13
823406,2026-04-03,4.1516,4.3155,0.434,0.3443,0.4435,5,4,9
823568,2026-04-03,4.5537,4.1479,0.464,0.3851,0.4835,8,2,10
823732,2026-04-03,4.3488,4.0611,0.436,0.3694,0.4682,10,4,14
824056,2026-04-03,4.0695,4.9997,0.4859,0.3069,0.3977,1,3,4
824299,2026-04-03,4.3444,4.1056,0.4462,0.3733,0.4742,4,0,4
824377,2026-04-03,4.2667,6.4044,0.6099,0.2431,0.3215,1,10,11
824458,2026-04-03,4.08,4.2749,0.4325,0.3378,0.4419,4,1,5
824621,2026-04-03,3.957,4.503,0.4367,0.3211,0.4223,5,4,9
824786,2026-04-03,3.9906,4.1124,0.4152,0.3455,0.4503,5,2,7
825026,2026-04-03,4.4023,4.6534,0.4918,0.3479,0.4481,11,4,15
825103,2026-04-03,4.3251,4.3715,0.4612,0.351,0.4504,0,2,2
822757,2026-04-04,4.4154,4.6454,0.4978,0.3487,0.4468,5,10,15
822920,2026-04-04,4.5633,4.2248,0.4652,0.3841,0.4846,0,2,2
823239,2026-04-04,4.0849,4.3612,0.4448,0.334,0.4356,0,9,9
823404,2026-04-04,4.1033,4.3285,0.439,0.336,0.4354,3,2,5
823569,2026-04-04,4.5435,4.1977,0.4661,0.3869,0.4875,9,7,16
823730,2026-04-04,3.9763,3.6416,0.3773,0.373,0.4844,1,7,8
824054,2026-04-04,4.5127,5.0565,0.5289,0.328,0.4165,1,0,1
824132,2026-04-04,4.5682,4.3396,0.4794,0.3828,0.4824,2,5,7
824134,2026-04-04,4.3726,4.0644,0.4424,0.375,0.4756,8,2,10
824295,2026-04-04,4.3648,4.4901,0.4762,0.3569,0.4491,11,6,17
824378,2026-04-04,4.4056,6.4509,0.6226,0.2482,0.3246,1,2,3
824622,2026-04-04,3.9526,5.0185,0.4841,0.2861,0.3756,6,3,9
824782,2026-04-04,4.0534,4.1755,0.4256,0.3484,0.4427,2,3,5
825027,2026-04-04,4.2607,4.9537,0.4966,0.3108,0.4015,0,11,11
825104,2026-04-04,4.0313,4.4211,0.4347,0.3201,0.4233,2,1,3
822756,2026-04-05,4.3366,4.4843,0.4679,0.3495,0.4438,6,8,14
822917,2026-04-05,4.3916,4.7081,0.487,0.3344,0.4309,1,2,3
823238,2026-04-05,4.1912,4.9579,0.4928,0.3112,0.405,2,5,7
823405,2026-04-05,4.4479,4.3594,0.47,0.3716,0.464,8,2,10
823566,2026-04-05,4.5953,4.6293,0.5089,0.3749,0.4678,6,7,13
823729,2026-04-05,4.3421,4.4752,0.4773,0.3481,0.4471,1,4,5
824053,2026-04-05,4.4914,4.5336,0.4852,0.3549,0.4538,8,7,15
824131,2026-04-05,4.277,4.8072,0.4928,0.3278,0.42,5,8,13
824296,2026-04-05,4.3815,4.3656,0.4719,0.3636,0.4581,3,5,8
824379,2026-04-05,4.357,5.9548,0.5832,0.2643,0.3481,4,1,5
824459,2026-04-05,4.4384,4.5037,0.4723,0.3556,0.4592,0,1,1
824460,2026-04-05,4.1887,5.0036,0.5049,0.305,0.3946,6,5,11
824620,2026-04-05,4.3846,4.9165,0.5122,0.3197,0.4116,3,0,3
824781,2026-04-05,4.3284,4.5036,0.4782,0.3447,0.4428,6,8,14
825025,2026-04-05,4.4775,4.2702,0.4628,0.3765,0.48,12,10,22
825102,2026-04-05,4.5673,4.2805,0.4824,0.3776,0.4769,6,5,11
822755,2026-04-06,4.375,4.2745,0.4452,0.3655,0.4686,9,6,15
822832,2026-04-06,4.7108,4.5477,0.5153,0.3782,0.4734,2,14,16
822918,2026-04-06,4.0659,4.4116,0.4311,0.3243,0.4255,2,1,3
823002,2026-04-06,4.3673,4.2877,0.4588,0.3666,0.4613,6,4,10
823237,2026-04-06,4.2853,5.0038,0.5023,0.3096,0.3952,4,6,10
823401,2026-04-06,4.3214,5.2358,0.529,0.311,0.3977,0,5,5
823728,2026-04-06,4.2194,4.8413,0.5019,0.306,0.4005,7,3,10
823886,2026-04-06,4.349,4.6132,0.4824,0.3382,0.4301,0,2,2
824052,2026-04-06,4.2404,4.2568,0.4425,0.3558,0.455,6,2,8
824376,2026-04-06,4.3691,6.0615,0.597,0.2701,0.3505,9,7,16
824456,2026-04-06,4.4276,4.5472,0.4813,0.3471,0.4418,2,4,6
824619,2026-04-06,4.03,3.8757,0.3851,0.3587,0.468,1,2,3
824783,2026-04-06,4.504,4.447,0.4748,0.3615,0.4593,6,8,14
822754,2026-04-07,4.4362,4.1918,0.4454,0.381,0.4792,6,7,13
822831,2026-04-07,4.1778,4.2962,0.4466,0.3393,0.4342,1,4,5
822916,2026-04-07,4.4987,4.1472,0.4613,0.388,0.4884,3,2,5
822999,2026-04-07,4.519,4.1266,0.4583,0.3919,0.4908,2,9,11
823235,2026-04-07,4.2509,5.0503,0.513,0.3105,0.403,6,0,6
823402,2026-04-07,4.2791,4.9429,0.5028,0.3126,0.4038,7,1,8
823567,2026-04-07,4.6474,3.8002,0.4456,0.4205,0.5252,5,3,8
823648,2026-04-07,4.7903,4.6108,0.5305,0.3824,0.4703,4,3,7
823727,2026-04-07,4.0627,4.1425,0.4213,0.3443,0.443,4,2,6
823887,2026-04-07,4.1939,4.2676,0.447,0.3524,0.4458,3,6,9
824051,2026-04-07,4.4821,4.3019,0.4685,0.3748,0.4731,2,7,9
824375,2026-04-07,4.2817,5.7206,0.569,0.2768,0.3564,5,1,6
824457,2026-04-07,3.9758,4.6153,0.452,0.302,0.3961,2,1,3
824618,2026-04-07,4.2852,4.2997,0.4541,0.3614,0.4647,2,4,6
824780,2026-04-07,4.3929,4.8053,0.5044,0.3342,0.4271,3,2,5
822753,2026-04-08,4.327,4.2652,0.4521,0.3643,0.4621,1,6,7
822833,2026-04-08,3.8177,4.7327,0.4493,0.2832,0.3752,4,3,7
822915,2026-04-08,3.4911,3.9747,0.3473,0.2938,0.3999,3,0,3
823000,2026-04-08,3.9932,4.4423,0.4431,0.3222,0.4203,2,6,8
823234,2026-04-08,4.2814,4.5663,0.4715,0.3446,0.4404,5,0,5
823403,2026-04-08,4.3009,4.2512,0.4582,0.3623,0.4655,2,8,10
823564,2026-04-08,4.6469,3.7906,0.4363,0.4255,0.5308,2,3,5
823646,2026-04-08,4.9244,4.485,0.5175,0.4077,0.5067,2,7,9
823726,2026-04-08,4.3837,4.1206,0.4396,0.3852,0.4852,8,6,14
823885,2026-04-08,4.0229,4.3063,0.4292,0.329,0.4302,7,4,11
824050,2026-04-08,3.8425,4.4691,0.4327,0.3095,0.4084,2,8,10
824374,2026-04-08,4.7559,5.3504,0.586,0.3372,0.4248,9,1,10
824455,2026-04-08,4.2562,4.4324,0.4605,0.3424,0.4405,10,2,12
824617,2026-04-08,3.8911,4.5131,0.4284,0.2957,0.3921,3,5,8
824779,2026-04-08,4.1183,4.1113,0.424,0.3531,0.4532,5,0,5
823319,2026-04-09,4.1879,4.4276,0.4488,0.3393,0.4366,7,3,10
823565,2026-04-09,3.8407,4.2527,0.4065,0.3109,0.4142,0,1,1
823645,2026-04-09,3.89,4.3001,0.4178,0.3153,0.4145,1,7,8
823724,2026-04-09,4.2281,3.8536,0.4029,0.3814,0.4858,3,1,4
823884,2026-04-09,4.1404,4.1111,0.4168,0.3548,0.4577,8,1,9
824130,2026-04-09,4.3178,4.2723,0.45,0.3575,0.4582,0,2,2
822829,2026-04-10,4.4594,4.5245,0.4815,0.3534,0.4511,10,4,14
822997,2026-04-10,4.5788,4.2018,0.4675,0.3984,0.4977,5,3,8
823076,2026-04-10,4.8651,3.96,0.4685,0.438,0.5374,3,2,5
823156,2026-04-10,3.9709,4.5567,0.4414,0.3098,0.4135,9,6,15
823318,2026-04-10,4.4592,4.7026,0.5096,0.35,0.4454,5,2,7
823482,2026-04-10,3.993,4.4923,0.4401,0.3238,0.4218,4,5,9
823643,2026-04-10,4.5308,4.9355,0.5152,0.3409,0.4312,0,4,4
823808,2026-04-10,3.6302,4.079,0.3748,0.3118,0.4095,3,7,10
823968,2026-04-10,5.1508,4.4497,0.5382,0.4263,0.5172,8,7,15
824128,2026-04-10,4.0871,4.2257,0.4297,0.3385,0.4417,2,0,2
824297,2026-04-10,3.9886,4.5089,0.4429,0.3112,0.4062,2,0,2
824534,2026-04-10,3.4815,4.4284,0.3898,0.2629,0.358,2,10,12
824695,2026-04-10,3.9323,4.6882,0.4531,0.2893,0.3875,0,2,2
824858,2026-04-10,4.4025,4.3378,0.4659,0.3663,0.4671,3,6,9
824941,2026-04-10,5.2607,4.8356,0.5784,0.4081,0.4977,11,5,16
822830,2026-04-11,4.4651,4.177,0.4498,0.3818,0.483,4,7,11
822996,2026-04-11,4.2849,4.3927,0.4578,0.3433,0.4422,5,4,9
823074,2026-04-11,4.4405,3.5987,0.4037,0.4192,0.5304,1,7,8
823155,2026-04-11,3.927,4.1963,0.4105,0.3151,0.423,8,7,15
823316,2026-04-11,4.6281,4.3155,0.4837,0.3932,0.4849,9,5,14
823480,2026-04-11,4.6024,4.6332,0.5002,0.3617,0.4594,4,3,7
823644,2026-04-11,3.6905,4.6573,0.4283,0.2806,0.3747,6,11,17
823805,2026-04-11,4.2554,4.3006,0.4414,0.3587,0.4603,1,3,4
823967,2026-04-11,6.0347,4.6314,0.6172,0.4886,0.5754,6,3,9
824129,2026-04-11,4.1902,4.2924,0.4414,0.3492,0.4494,2,0,2
824294,2026-04-11,4.2483,4.5045,0.4713,0.339,0.4412,6,1,7
824535,2026-04-11,4.7876,5.0584,0.5535,0.3548,0.4427,7,3,10
824697,2026-04-11,3.8094,4.4594,0.424,0.3004,0.3998,3,4,7
824857,2026-04-11,4.7079,4.3354,0.492,0.3906,0.4859,6,2,8
824939,2026-04-11,4.9323,4.6182,0.5384,0.4003,0.4911,0,6,6
822828,2026-04-12,4.5102,4.3787,0.485,0.3741,0.471,2,8,10
822998,2026-04-12,4.5154,4.4464,0.4939,0.3717,0.47,5,4,9
823075,2026-04-12,4.6397,4.2176,0.4834,0.3943,0.492,3,9,12
823154,2026-04-12,5.0061,4.2052,0.5054,0.4318,0.5293,6,1,7
823317,2026-04-12,3.9103,4.2034,0.403,0.3329,0.4302,7,2,9
823479,2026-04-12,4.4673,4.3319,0.4788,0.3781,0.4753,3,4,7
823642,2026-04-12,4.3083,4.6717,0.4854,0.335,0.4303,0,1,1
823804,2026-04-12,4.357,4.3214,0.4536,0.3652,0.4651,6,8,14
823966,2026-04-12,4.9752,4.5684,0.5294,0.3972,0.4948,2,5,7
824126,2026-04-12,4.5099,4.144,0.4514,0.3802,0.4807,5,6,11
824293,2026-04-12,3.9718,4.535,0.4446,0.3129,0.412,8,2,10
824533,2026-04-12,4.0323,4.4038,0.4444,0.3307,0.4326,6,9,15
824696,2026-04-12,4.5727,4.6467,0.5041,0.3527,0.4451,7,6,13
824859,2026-04-12,4.3993,4.3639,0.4714,0.3661,0.4651,6,2,8
824938,2026-04-12,5.7816,4.8935,0.6175,0.4395,0.5248,13,1,14
823073,2026-04-13,4.4775,4.7105,0.5011,0.3521,0.4454,3,9,12
823153,2026-04-13,5.5526,4.1245,0.5479,0.4854,0.5769,6,2,8
823400,2026-04-13,4.5966,4.3947,0.4863,0.3754,0.4696,16,5,21
823481,2026-04-13,3.7549,4.5516,0.4245,0.2878,0.3871,13,7,20
823563,2026-04-13,4.5257,4.3926,0.4859,0.3716,0.4682,11,10,21
823725,2026-04-13,5.1924,4.3548,0.5336,0.4306,0.5276,13,6,19
823964,2026-04-13,5.3146,4.4905,0.5584,0.4299,0.52,4,0,4
824856,2026-04-13,4.9322,4.4789,0.5177,0.4016,0.4937,9,7,16
824937,2026-04-13,5.403,5.5506,0.63,0.3831,0.4649,4,10,14
825024,2026-04-13,4.4864,4.44,0.4759,0.3573,0.4518,1,8,9
823072,2026-04-14,4.3437,4.3993,0.462,0.3535,0.4505,6,5,11
823315,2026-04-14,4.3471,4.1954,0.4459,0.3754,0.4773,4,1,5
823398,2026-04-14,4.3818,4.5483,0.4834,0.3485,0.4459,4,5,9
823478,2026-04-14,4.8797,4.3859,0.5089,0.4069,0.4957,4,10,14
823562,2026-04-14,4.6328,4.1198,0.4547,0.3927,0.4971,1,7,8
823723,2026-04-14,5.154,4.1872,0.5175,0.4432,0.5372,6,0,6
823802,2026-04-14,3.4982,4.9836,0.438,0.2443,0.3362,7,9,16
823965,2026-04-14,4.1752,4.4362,0.4539,0.3388,0.4344,2,1,3
824210,2026-04-14,4.7079,4.1975,0.4821,0.3936,0.4932,7,6,13
824292,2026-04-14,3.9702,4.6751,0.4605,0.3046,0.4006,2,1,3
824531,2026-04-14,4.1384,4.1343,0.4341,0.362,0.4652,2,1,3
824616,2026-04-14,4.5067,4.2811,0.4707,0.3743,0.4718,5,8,13
824853,2026-04-14,4.5231,4.2231,0.4674,0.3918,0.4917,3,4,7
824935,2026-04-14,5.2271,5.6852,0.6298,0.3534,0.4333,6,5,11
825022,2026-04-14,3.8705,4.7992,0.4518,0.2834,0.3788,2,1,3
823071,2026-04-15,4.5738,4.3384,0.4856,0.3809,0.4785,5,3,8
823314,2026-04-15,4.1799,4.329,0.45,0.3373,0.4358,7,6,13
823399,2026-04-15,4.2721,4.4963,0.4688,0.3344,0.4314,2,0,2
823477,2026-04-15,3.9986,4.4737,0.444,0.3112,0.4069,2,11,13
823561,2026-04-15,4.5526,4.6027,0.5054,0.3608,0.4556,5,4,9
823722,2026-04-15,5.0521,4.2881,0.514,0.4292,0.5256,5,9,14
823803,2026-04-15,4.3478,4.9253,0.511,0.3219,0.4145,2,1,3
823963,2026-04-15,4.2231,4.1742,0.4283,0.3596,0.4647,8,2,10
824209,2026-04-15,4.7919,4.3363,0.4933,0.3976,0.4928,3,1,4
824291,2026-04-15,4.3655,4.3432,0.4647,0.3619,0.4608,2,1,3
824532,2026-04-15,4.466,4.1773,0.4566,0.382,0.4771,8,3,11
824615,2026-04-15,4.3927,4.9103,0.5099,0.3242,0.4207,3,8,11
824855,2026-04-15,4.8492,4.3939,0.5101,0.4001,0.4938,5,8,13
824936,2026-04-15,4.5922,4.8248,0.5268,0.3462,0.4367,6,3,9
825021,2026-04-15,4.4134,4.4722,0.4833,0.3577,0.4581,6,5,11
823313,2026-04-16,4.4166,4.3332,0.4775,0.3685,0.4689,5,2,7
823396,2026-04-16,4.5054,4.5369,0.4917,0.3615,0.4542,7,8,15
823560,2026-04-16,4.5201,4.5096,0.4896,0.3629,0.4561,4,11,15
823801,2026-04-16,4.2145,4.6447,0.4679,0.3244,0.4213,2,1,3
824208,2026-04-16,4.1705,4.0286,0.4107,0.3578,0.4619,2,3,5
824289,2026-04-16,4.2421,4.4365,0.4595,0.3431,0.4376,10,9,19
824453,2026-04-16,4.2649,4.2917,0.4504,0.3531,0.4517,4,2,6
824530,2026-04-16,4.6315,3.9573,0.4556,0.4145,0.518,0,3,3
824614,2026-04-16,4.2945,4.4047,0.4601,0.3492,0.4442,3,5,8
825023,2026-04-16,4.3458,4.6115,0.4844,0.3368,0.4349,6,9,15
822752,2026-04-17,4.3435,4.2168,0.4454,0.3702,0.4711,5,10,15
823152,2026-04-17,4.0631,4.5005,0.4426,0.3167,0.414,0,5,5
823397,2026-04-17,4.5532,4.5261,0.481,0.359,0.4525,5,1,6
823476,2026-04-17,4.5529,4.8127,0.5154,0.3513,0.4439,0,9,9
823559,2026-04-17,4.4796,4.21,0.4625,0.3774,0.4813,4,2,6
823720,2026-04-17,4.9687,4.7253,0.54,0.3895,0.4824,1,2,3
823883,2026-04-17,4.3194,4.3264,0.446,0.3658,0.4574,5,7,12
824048,2026-04-17,4.0393,4.4361,0.4398,0.3167,0.4151,8,0,8
824207,2026-04-17,5.2195,4.4501,0.5392,0.4266,0.5211,4,9,13
824373,2026-04-17,4.3631,5.8325,0.5658,0.2838,0.3621,1,7,8
824454,2026-04-17,4.405,4.632,0.4804,0.3471,0.4415,4,6,10
824693,2026-04-17,4.5143,4.6704,0.4993,0.349,0.4452,12,4,16
824778,2026-04-17,4.4307,4.4032,0.4721,0.3667,0.471,1,0,1
825019,2026-04-17,4.4058,3.7784,0.4205,0.4015,0.51,2,9,11
825101,2026-04-17,4.6062,4.7849,0.5136,0.3485,0.445,6,3,9
822751,2026-04-18,4.5354,4.1031,0.4536,0.4016,0.505,6,7,13
823151,2026-04-18,4.2566,4.4218,0.464,0.346,0.4438,7,3,10
823394,2026-04-18,4.5821,4.441,0.4913,0.375,0.4746,7,8,15
823474,2026-04-18,3.9338,4.6374,0.4484,0.2955,0.3914,1,3,4
823558,2026-04-18,4.2658,4.1557,0.4373,0.3715,0.4769,13,4,17
823721,2026-04-18,4.4121,4.3447,0.4652,0.3677,0.4702,4,5,9
823882,2026-04-18,4.2942,4.3521,0.4594,0.3488,0.4514,2,5,7
824049,2026-04-18,4.1394,4.2422,0.4364,0.3496,0.4502,1,4,5
824206,2026-04-18,4.2664,4.6641,0.4774,0.3358,0.4306,5,7,12
824372,2026-04-18,4.3435,5.8003,0.5661,0.2745,0.3547,4,3,7
824451,2026-04-18,4.3194,4.3925,0.4782,0.3596,0.4567,4,2,6
824694,2026-04-18,4.5682,4.312,0.4783,0.3885,0.4892,4,2,6
824775,2026-04-18,4.4637,4.4044,0.4803,0.3713,0.4712,1,4,5
825020,2026-04-18,4.396,4.2696,0.4629,0.3691,0.4668,7,6,13
825098,2026-04-18,4.7656,4.3484,0.4984,0.393,0.4905,6,2,8
822750,2026-04-19,4.5012,4.3722,0.4778,0.3766,0.4725,3,0,3
823150,2026-04-19,4.2707,4.5962,0.4802,0.3333,0.4316,5,2,7
823393,2026-04-19,4.5183,4.518,0.4922,0.3679,0.4613,6,3,9
823475,2026-04-19,4.0698,4.4006,0.4416,0.3301,0.4325,2,4,6
823556,2026-04-19,4.9056,3.8639,0.478,0.4562,0.5493,7,0,7
823718,2026-04-19,4.4277,4.2224,0.4594,0.3773,0.4751,4,7,11
823881,2026-04-19,4.3972,4.529,0.488,0.3507,0.4464,5,3,8
824047,2026-04-19,4.1886,4.2591,0.4402,0.35,0.4449,1,2,3
824205,2026-04-19,4.5296,4.3952,0.4705,0.3771,0.4711,5,7,12
824371,2026-04-19,4.3227,5.7554,0.566,0.2815,0.3609,9,6,15
824452,2026-04-19,4.152,4.4425,0.461,0.335,0.4305,8,4,12
824691,2026-04-19,4.5508,3.9102,0.4426,0.3958,0.5005,2,1,3
824777,2026-04-19,4.5323,4.3857,0.4788,0.3752,0.4682,2,6,8
825018,2026-04-19,4.2583,3.8818,0.4129,0.3785,0.4842,4,7,11
825100,2026-04-19,4.8624,4.7081,0.5376,0.3714,0.4651,4,10,14
822749,2026-04-20,4.0853,4.5519,0.4624,0.328,0.4237,4,9,13
822994,2026-04-20,4.2741,4.2188,0.4449,0.3625,0.4617,1,6,7
823149,2026-04-20,4.1832,4.3336,0.452,0.3381,0.4387,4,6,10
823879,2026-04-20,4.5894,4.9862,0.5331,0.3434,0.4318,5,3,8
824046,2026-04-20,4.0202,4.674,0.4581,0.3087,0.4031,2,5,7
824125,2026-04-20,4.1429,4.3702,0.4437,0.3363,0.4416,5,7,12
824370,2026-04-20,4.4963,5.6652,0.5643,0.2927,0.3745,3,12,15
824450,2026-04-20,4.3834,4.5052,0.4824,0.3546,0.4504,2,9,11
824692,2026-04-20,4.6976,4.4406,0.4989,0.3866,0.481,5,1,6
824776,2026-04-20,4.6543,4.3841,0.5018,0.3741,0.4719,8,6,14
822747,2026-04-21,4.5657,4.477,0.4933,0.3635,0.4605,11,4,15
822914,2026-04-21,4.5321,4.2908,0.4715,0.3817,0.4825,5,1,6
822995,2026-04-21,4.4279,4.2219,0.4647,0.3604,0.461,6,12,18
823148,2026-04-21,4.281,4.3414,0.4607,0.3533,0.4485,2,5,7
823236,2026-04-21,4.2858,4.5231,0.4761,0.3344,0.4319,3,1,4
823640,2026-04-21,4.0127,4.5324,0.4443,0.3237,0.4215,3,5,8
823880,2026-04-21,4.6345,4.3114,0.4853,0.4006,0.5023,3,5,8
824045,2026-04-21,4.3363,4.6892,0.4926,0.333,0.4248,2,4,6
824127,2026-04-21,4.3718,4.4092,0.477,0.3621,0.4587,6,5,11
824290,2026-04-21,4.4674,4.4257,0.4833,0.3708,0.4644,4,12,16
824369,2026-04-21,4.3504,4.2591,0.4496,0.3598,0.4632,0,1,1
824448,2026-04-21,4.2214,4.4951,0.4589,0.3353,0.4331,8,5,13
824690,2026-04-21,4.6708,4.622,0.5204,0.3634,0.4569,7,4,11
824773,2026-04-21,4.1705,4.378,0.4571,0.335,0.4342,0,4,4
825099,2026-04-21,4.598,4.2453,0.4755,0.389,0.4918,5,11,16
822748,2026-04-22,4.4694,4.4159,0.479,0.3668,0.4739,6,8,14
822913,2026-04-22,4.4819,4.4023,0.481,0.3742,0.4718,4,8,12
822993,2026-04-22,4.4913,4.4023,0.4799,0.3677,0.4625,6,1,7
823147,2026-04-22,4.4819,4.3958,0.4768,0.3753,0.4733,5,4,9
823231,2026-04-22,4.4819,4.4159,0.4753,0.3736,0.4686,3,0,3
823641,2026-04-22,4.4694,4.4023,0.4702,0.3664,0.461,3,2,5
823878,2026-04-22,4.4694,4.4023,0.4825,0.3682,0.4676,4,1,5
824044,2026-04-22,4.4819,4.4023,0.465,0.3651,0.4633,7,3,10
824123,2026-04-22,4.4694,4.4159,0.4784,0.3549,0.4612,6,8,14
824286,2026-04-22,4.4819,4.4023,0.4792,0.3699,0.4645,5,2,7
824367,2026-04-22,4.4694,4.4023,0.4818,0.3642,0.4607,8,3,11
824449,2026-04-22,4.4819,4.3958,0.4842,0.3643,0.4615,0,2,2
824688,2026-04-22,4.4913,4.4159,0.4788,0.3631,0.4666,7,2,9
824774,2026-04-22,4.4694,4.384,0.4744,0.3639,0.4584,1,4,5
825097,2026-04-22,4.5014,4.4023,0.4784,0.3656,0.4597,11,7,18
822745,2026-04-23,4.4913,4.4159,0.4859,0.3718,0.464,2,7,9
822912,2026-04-23,4.4819,4.4023,0.4827,0.3727,0.4657,6,1,7
823233,2026-04-23,4.4819,4.4159,0.4747,0.3599,0.4574,0,3,3
823639,2026-04-23,4.4735,4.4023,0.4778,0.3675,0.4605,10,8,18
824288,2026-04-23,4.4819,4.4023,0.4781,0.3666,0.4622,5,4,9
824368,2026-04-23,4.4694,4.3958,0.465,0.3709,0.4685,8,10,18
824689,2026-04-23,4.4913,4.3789,0.4761,0.37,0.4739,8,7,15
824770,2026-04-23,4.5014,4.384,0.4894,0.3816,0.4782,2,4,6
825096,2026-04-23,4.4819,4.4023,0.4684,0.3656,0.4634,1,4,5
822827,2026-04-24,4.5014,4.4023,0.4827,0.368,0.4641,6,8,14
822909,2026-04-24,4.4819,4.4023,0.4776,0.3687,0.4648,1,8,9
822992,2026-04-24,4.4819,4.4023,0.4766,0.3815,0.4783,6,2,8
823069,2026-04-24,4.5014,4.4023,0.4814,0.3735,0.4717,2,3,5
823232,2026-04-24,4.5014,4.3671,0.48,0.3666,0.4682,4,9,13
823638,2026-04-24,4.4819,4.4023,0.4761,0.3736,0.4727,3,4,7
823800,2026-04-24,4.4694,4.4209,0.4723,0.3596,0.4595,0,6,6
823962,2026-04-24,4.4913,4.4023,0.4766,0.3709,0.4694,4,6,10
824124,2026-04-24,4.4694,4.4023,0.48,0.3697,0.4687,6,3,9
824204,2026-04-24,4.4913,4.384,0.4704,0.3721,0.4633,4,12,16
824529,2026-04-24,4.5201,4.4209,0.4735,0.3802,0.4735,9,8,17
824611,2026-04-24,4.4819,4.3958,0.4825,0.371,0.4631,5,4,9
824854,2026-04-24,4.4735,4.4023,0.4764,0.36,0.46,10,3,13
824932,2026-04-24,4.4913,4.3789,0.4875,0.3777,0.4769,5,3,8
822826,2026-04-25,4.4819,4.4023,0.4854,0.3646,0.4583,5,3,8
822910,2026-04-25,4.4819,4.4023,0.4744,0.361,0.457,4,3,7
822989,2026-04-25,4.4819,4.4023,0.4729,0.3633,0.4593,6,1,7
823070,2026-04-25,4.5014,4.4023,0.4729,0.3682,0.4669,9,11,20
823229,2026-04-25,4.4819,4.3958,0.4737,0.3674,0.4618,6,2,8
823799,2026-04-25,4.4819,4.384,0.4819,0.3711,0.47,3,6,9
823960,2026-04-25,4.4913,4.4023,0.4804,0.378,0.4722,12,4,16
824121,2026-04-25,4.4819,4.4023,0.4778,0.3668,0.4685,12,1,13
824203,2026-04-25,4.4913,4.384,0.4833,0.381,0.4832,3,8,11
824527,2026-04-25,4.5201,4.4209,0.4838,0.3725,0.4678,9,2,11
824613,2026-04-25,4.4819,4.3958,0.4755,0.368,0.4644,3,6,9
824851,2026-04-25,4.4913,4.4023,0.4869,0.3667,0.4647,1,17,18
824933,2026-04-25,4.4913,4.3789,0.4759,0.3689,0.4653,5,8,13
825093,2026-04-25,4.5014,4.3958,0.4796,0.3655,0.4641,4,6,10
822824,2026-04-26,4.4694,4.4023,0.4694,0.3663,0.4643,4,2,6
822911,2026-04-26,4.4819,4.4209,0.4784,0.3619,0.4631,1,2,3
822991,2026-04-26,4.4819,4.4023,0.4745,0.3674,0.4587,4,2,6
823068,2026-04-26,4.5014,4.4023,0.4814,0.3658,0.4648,2,3,5
823230,2026-04-26,4.4819,4.3958,0.4776,0.3688,0.4656,6,3,9
823635,2026-04-26,4.4819,4.4023,0.4752,0.3587,0.4521,1,3,4
823637,2026-04-26,4.4819,4.4023,0.4833,0.3587,0.4547,0,3,3
823797,2026-04-26,4.4819,4.4159,0.4755,0.3686,0.4616,5,0,5
823959,2026-04-26,4.4913,4.4023,0.4804,0.37,0.465,6,0,6
824122,2026-04-26,4.4819,4.4023,0.48,0.3667,0.4598,11,9,20
824202,2026-04-26,4.4913,4.384,0.4809,0.3782,0.4731,7,4,11
824528,2026-04-26,4.5201,4.384,0.475,0.368,0.4652,3,8,11
824612,2026-04-26,4.4819,4.3958,0.4792,0.3731,0.4747,1,2,3
824852,2026-04-26,4.4819,4.4023,0.4855,0.3722,0.4697,3,5,8
824934,2026-04-26,4.4913,4.3789,0.4783,0.374,0.4755,6,2,8
825094,2026-04-26,4.4819,4.4023,0.4702,0.372,0.4684,12,7,19
822825,2026-04-27,4.4819,4.4159,0.4766,0.3654,0.4585,0,5,5
822906,2026-04-27,4.4819,4.384,0.4839,0.3727,0.4704,2,4,6
823311,2026-04-27,4.4819,4.3958,0.4787,0.3693,0.4724,9,7,16
823395,2026-04-27,4.4819,4.4023,0.4795,0.362,0.4594,2,4,6
823719,2026-04-27,4.4819,4.4023,0.4833,0.37,0.4627,11,4,15
823961,2026-04-27,4.4913,4.4023,0.4701,0.3726,0.4658,5,4,9
824446,2026-04-27,4.4819,4.4023,0.4686,0.3661,0.4597,2,3,5
824609,2026-04-27,4.5014,4.3958,0.4717,0.3556,0.4591,8,7,15
822823,2026-04-28,4.5014,4.4023,0.4829,0.3754,0.4744,3,0,3
822908,2026-04-28,4.4819,4.384,0.4782,0.3658,0.4627,2,3,5
823310,2026-04-28,4.4819,4.3958,0.4789,0.3635,0.4653,3,8,11
823390,2026-04-28,4.4819,4.4023,0.4804,0.3743,0.4704,7,11,18
823473,2026-04-28,4.4819,4.3958,0.471,0.3692,0.4654,7,0,7
823636,2026-04-28,4.4735,4.3958,0.4794,0.3723,0.4666,8,0,8
823716,2026-04-28,4.4819,4.4023,0.4798,0.3713,0.4673,1,7,8
823798,2026-04-28,4.5014,4.4023,0.4863,0.3719,0.4708,13,2,15
823956,2026-04-28,4.4913,4.4023,0.4794,0.3743,0.4718,1,2,3
824447,2026-04-28,4.4694,4.3958,0.4726,0.3669,0.4682,0,1,1
824526,2026-04-28,4.5201,4.3958,0.4708,0.3721,0.4672,7,2,9
824610,2026-04-28,4.4694,4.4023,0.4708,0.3703,0.4716,5,2,7
824849,2026-04-28,4.4913,4.4023,0.4757,0.3685,0.4642,5,3,8
824931,2026-04-28,4.4913,4.384,0.4833,0.3736,0.4723,5,2,7
825017,2026-04-28,4.4694,4.4023,0.481,0.3683,0.4679,1,4,5
822821,2026-04-29,4.7017,4.147,0.4759,0.4001,0.5061,8,1,9
822907,2026-04-29,4.5212,4.1736,0.4608,0.3929,0.4958,3,0,3
823312,2026-04-29,4.4044,4.3393,0.4632,0.3656,0.4638,4,5,9
823392,2026-04-29,4.5534,4.4537,0.4906,0.3754,0.4718,4,5,9
823633,2026-04-29,4.3165,4.3331,0.4489,0.3541,0.4526,2,14,16
823717,2026-04-29,4.3686,4.1818,0.4473,0.3678,0.4672,3,5,8
823796,2026-04-29,4.4665,4.4726,0.4806,0.3631,0.4587,2,6,8
823958,2026-04-29,4.5417,4.5667,0.4976,0.3616,0.4563,2,3,5
824445,2026-04-29,4.4902,4.457,0.487,0.3675,0.4654,3,1,4
824525,2026-04-29,5.0437,4.4812,0.5319,0.4132,0.5031,2,13,15
824608,2026-04-29,4.5683,3.8448,0.4385,0.4184,0.5183,3,2,5
824930,2026-04-29,4.5492,4.8482,0.5127,0.3369,0.4317,4,3,7
825015,2026-04-29,4.483,4.7664,0.5083,0.3487,0.44,5,2,7
823391,2026-04-30,4.7361,4.135,0.4837,0.4158,0.5141,5,10,15
823471,2026-04-30,4.4258,4.2924,0.4618,0.3635,0.4623,6,5,11
823472,2026-04-30,4.3214,4.2039,0.4465,0.3696,0.4716,3,2,5
823634,2026-04-30,4.25,4.4377,0.4539,0.3438,0.4405,4,5,9
823714,2026-04-30,4.4134,4.3028,0.4659,0.3653,0.4688,7,1,8
823795,2026-04-30,4.3504,4.4816,0.4713,0.3568,0.4542,13,1,14
824524,2026-04-30,4.9638,4.5514,0.527,0.3976,0.4915,6,4,10
824848,2026-04-30,4.7428,4.3405,0.5059,0.4008,0.4947,10,3,13
824850,2026-04-30,4.5335,3.9993,0.4487,0.4021,0.5044,5,11,16
824929,2026-04-30,4.6238,4.3699,0.4934,0.3846,0.4825,2,5,7
825016,2026-04-30,4.5093,4.365,0.4792,0.3684,0.4697,6,3,9
822744,2026-05-01,4.5446,4.8928,0.5205,0.3433,0.4402,1,6,7
822990,2026-05-01,4.4171,4.313,0.4626,0.3766,0.4765,3,0,3
823066,2026-05-01,4.8007,4.4918,0.5115,0.3904,0.4858,7,2,9
823146,2026-05-01,4.3,4.3804,0.4562,0.3476,0.444,6,7,13
823309,2026-05-01,4.5226,4.3039,0.4741,0.383,0.48,2,8,10
823389,2026-05-01,4.4654,4.2003,0.4645,0.3838,0.474,9,1,10
823557,2026-05-01,4.5138,4.7548,0.516,0.3489,0.4415,7,2,9
823713,2026-05-01,4.5289,4.3839,0.484,0.376,0.4702,3,7,10
823877,2026-05-01,4.4209,4.3832,0.4696,0.3577,0.4557,5,6,11
824041,2026-05-01,4.2843,4.1503,0.4365,0.3645,0.4623,3,4,7
824287,2026-05-01,4.6062,4.206,0.4816,0.3915,0.4891,4,5,9
824366,2026-05-01,4.6386,5.7432,0.6043,0.3029,0.3867,6,8,14
824686,2026-05-01,4.7185,4.4807,0.5042,0.3755,0.4678,6,5,11
824772,2026-05-01,4.5141,4.3652,0.4735,0.3707,0.4688,3,1,4
825012,2026-05-01,4.4631,4.3215,0.4675,0.3707,0.4709,5,8,13
822746,2026-05-02,4.612,4.6697,0.5163,0.359,0.456,1,4,5
822988,2026-05-02,4.3223,4.4212,0.4638,0.3511,0.4455,5,1,6
823067,2026-05-02,4.6877,4.605,0.5171,0.3853,0.4773,3,2,5
823144,2026-05-02,4.7124,4.2036,0.4825,0.403,0.5039,2,3,5
823308,2026-05-02,4.3263,4.2248,0.4494,0.3778,0.4761,0,4,4
823388,2026-05-02,4.4692,4.0325,0.4443,0.402,0.4969,17,7,24
823554,2026-05-02,4.6461,4.6521,0.5047,0.3704,0.466,9,4,13
823715,2026-05-02,4.3608,4.5817,0.4811,0.3526,0.4514,4,11,15
823876,2026-05-02,4.4712,4.3229,0.471,0.3734,0.4746,4,0,4
824042,2026-05-02,4.327,4.3918,0.4807,0.3526,0.4448,4,3,7
824284,2026-05-02,4.5026,4.1306,0.4604,0.3874,0.4883,5,1,6
824365,2026-05-02,4.4349,6.1799,0.6048,0.2676,0.3461,1,9,10
824685,2026-05-02,4.6284,4.4309,0.4898,0.381,0.4752,2,0,2
824771,2026-05-02,4.3827,4.4607,0.4879,0.3586,0.4509,3,6,9
825014,2026-05-02,4.4817,4.5716,0.499,0.3651,0.455,6,14,20
822742,2026-05-03,4.8204,4.8517,0.5452,0.3749,0.4646,3,2,5
822987,2026-05-03,4.3645,4.1321,0.4499,0.3843,0.4799,2,1,3
823065,2026-05-03,4.549,4.8785,0.5203,0.3539,0.441,1,4,5
823145,2026-05-03,4.3383,4.259,0.4447,0.3582,0.461,1,4,5
823307,2026-05-03,4.422,4.7646,0.497,0.3378,0.429,4,3,7
823387,2026-05-03,4.7168,3.9786,0.4659,0.4151,0.5191,1,0,1
823555,2026-05-03,4.6265,3.9468,0.4532,0.4185,0.524,11,3,14
823711,2026-05-03,4.4467,4.7234,0.5066,0.3443,0.4393,4,3,7
823875,2026-05-03,4.4802,4.4949,0.4896,0.3671,0.459,2,7,9
824043,2026-05-03,4.4823,3.8175,0.4214,0.4174,0.5225,1,5,6
824285,2026-05-03,4.6368,4.4352,0.4916,0.3639,0.4566,7,1,8
824364,2026-05-03,4.4573,5.6162,0.5626,0.2947,0.3763,6,11,17
824687,2026-05-03,4.4728,4.733,0.5117,0.3474,0.4389,8,4,12
824769,2026-05-03,4.4351,4.1406,0.4507,0.3801,0.4832,1,3,4
825013,2026-05-03,4.4417,4.7589,0.5033,0.34,0.433,7,1,8
822984,2026-05-04,4.6543,4.2162,0.4708,0.3887,0.4882,5,1,6
823064,2026-05-04,4.8149,4.5199,0.515,0.3873,0.4821,6,3,9
823143,2026-05-04,4.2618,4.7055,0.4954,0.3254,0.4219,5,4,9
823228,2026-05-04,4.4142,4.0343,0.4318,0.3904,0.4906,3,2,5
823552,2026-05-04,4.6353,3.9341,0.4492,0.4127,0.517,12,1,13
823874,2026-05-04,4.4544,4.4352,0.4925,0.3651,0.4619,0,1,1
824039,2026-05-04,4.3299,4.5351,0.478,0.3424,0.4399,0,6,6
824120,2026-05-04,4.5096,4.7586,0.5122,0.3454,0.4405,6,2,8
824201,2026-05-04,4.666,4.5296,0.5063,0.3842,0.4737,3,8,11
824283,2026-05-04,4.493,4.5705,0.495,0.3578,0.4544,4,5,9
824363,2026-05-04,4.4273,4.3724,0.4765,0.3692,0.464,2,4,6
824684,2026-05-04,4.5546,4.249,0.4704,0.3843,0.4831,5,4,9
822743,2026-05-05,4.3231,4.5656,0.487,0.3444,0.444,3,11,14
822986,2026-05-05,4.5858,4.467,0.4883,0.3721,0.4674,4,3,7
823142,2026-05-05,4.28,4.608,0.47,0.3325,0.4332,2,3,5
823227,2026-05-05,4.3639,4.072,0.4328,0.3792,0.4821,5,10,15
823469,2026-05-05,4.3028,4.4653,0.4634,0.3515,0.444,9,1,10
823553,2026-05-05,4.8886,4.203,0.5016,0.4149,0.5119,7,4,11
823873,2026-05-05,4.4291,3.8433,0.427,0.4032,0.5075,7,9,16
824040,2026-05-05,4.3401,4.4023,0.466,0.3488,0.4461,4,3,7
824119,2026-05-05,4.528,4.5757,0.4937,0.3624,0.4573,5,3,8
824200,2026-05-05,4.4433,4.4007,0.4755,0.3627,0.461,2,1,3
824281,2026-05-05,4.4544,4.1129,0.4459,0.3851,0.4857,3,10,13
824682,2026-05-05,4.7405,3.9107,0.4623,0.4278,0.5232,3,2,5
825092,2026-05-05,4.5148,4.2665,0.4723,0.3766,0.4766,9,0,9
822740,2026-05-06,4.4719,4.3856,0.4783,0.3693,0.4651,15,2,17
822985,2026-05-06,4.4455,4.3954,0.4792,0.3678,0.46,3,0,3
823063,2026-05-06,4.503,4.4034,0.4738,0.3819,0.4802,2,6,8
823141,2026-05-06,4.4584,4.4068,0.4798,0.3622,0.4578,3,1,4
823226,2026-05-06,4.5094,4.3467,0.4777,0.3843,0.4761,1,5,6
823470,2026-05-06,4.4289,4.4034,0.4681,0.3685,0.4658,6,3,9
823550,2026-05-06,4.5497,4.39,0.4806,0.3838,0.4812,1,6,7
823872,2026-05-06,4.4798,4.3659,0.4749,0.3642,0.465,4,7,11
824036,2026-05-06,4.4378,4.3716,0.4717,0.3616,0.4565,8,2,10
824118,2026-05-06,4.4664,4.4034,0.4804,0.3713,0.4669,1,3,4
824198,2026-05-06,4.4675,4.3797,0.4699,0.3748,0.4698,2,12,14
824282,2026-05-06,4.45,4.412,0.4839,0.3713,0.4686,0,4,4
824361,2026-05-06,4.4756,4.3569,0.4718,0.3709,0.472,5,10,15
824683,2026-05-06,4.5497,4.3691,0.48,0.3772,0.474,7,6,13
825091,2026-05-06,4.4495,4.4126,0.4763,0.3524,0.4513,0,1,1
822741,2026-05-07,4.5223,4.4805,0.4794,0.3682,0.4643,7,5,12
823306,2026-05-07,4.4507,4.382,0.4708,0.3688,0.4664,1,2,3
823467,2026-05-07,4.4649,4.3863,0.472,0.3736,0.4724,1,12,13
823551,2026-05-07,4.5202,4.4403,0.4899,0.3693,0.4663,9,2,11
823870,2026-05-07,4.4722,4.3526,0.4798,0.37,0.4675,4,3,7
824117,2026-05-07,4.521,4.412,0.4871,0.369,0.4665,5,8,13
824362,2026-05-07,4.552,4.3904,0.4968,0.374,0.4671,6,2,8
824681,2026-05-07,4.5319,4.3691,0.4806,0.3734,0.4751,8,3,11
824767,2026-05-07,4.4817,4.4325,0.4855,0.3727,0.4736,4,8,12
825090,2026-05-07,4.4667,4.3954,0.477,0.3646,0.4609,2,4,6
822822,2026-05-08,4.4012,4.38,0.4676,0.3642,0.4597,2,0,2
822904,2026-05-08,4.437,4.424,0.4825,0.3623,0.4613,1,7,8
823225,2026-05-08,4.4459,4.3991,0.4765,0.3613,0.4579,5,2,7
823303,2026-05-08,4.4631,4.3729,0.4706,0.3696,0.4685,0,6,6
823466,2026-05-08,4.4708,4.3987,0.4808,0.3643,0.4603,7,9,16
823794,2026-05-08,4.4999,4.3797,0.483,0.3756,0.4735,6,0,6
823871,2026-05-08,4.6417,4.3882,0.4936,0.3872,0.4848,2,3,5
823957,2026-05-08,4.5661,4.3797,0.4772,0.3812,0.4762,3,1,4
824116,2026-05-08,4.5146,4.3954,0.4809,0.3758,0.4698,4,3,7
824443,2026-05-08,4.476,4.39,0.4823,0.3664,0.4588,6,4,10
824522,2026-05-08,4.4959,4.38,0.4789,0.3744,0.4658,0,10,10
824607,2026-05-08,4.5217,4.4155,0.4949,0.3737,0.4732,8,12,20
824768,2026-05-08,4.4294,4.4221,0.4718,0.3601,0.4584,2,0,2
824846,2026-05-08,4.4459,4.3863,0.4708,0.3731,0.4644,3,4,7
825088,2026-05-08,4.5768,4.3904,0.4882,0.379,0.4757,1,3,4
822820,2026-05-09,4.4388,4.38,0.4711,0.3754,0.4751,14,1,15
822905,2026-05-09,4.4104,4.3797,0.4648,0.3683,0.4679,6,0,6
823224,2026-05-09,4.4303,4.3911,0.4712,0.3703,0.4705,3,13,16
823304,2026-05-09,4.5061,4.3729,0.482,0.3697,0.4704,4,2,6
823468,2026-05-09,4.4704,4.38,0.4744,0.3619,0.46,9,3,12
823792,2026-05-09,4.4999,4.3797,0.4742,0.3753,0.4712,4,3,7
823869,2026-05-09,4.5043,4.3882,0.4728,0.3754,0.4753,8,7,15
823955,2026-05-09,4.5661,4.3875,0.4821,0.369,0.4708,2,7,9
824115,2026-05-09,4.521,4.4627,0.4719,0.37,0.4607,5,1,6
824444,2026-05-09,4.503,4.372,0.4764,0.3817,0.4797,1,2,3
824523,2026-05-09,4.4795,4.38,0.4763,0.3759,0.4733,3,1,4
824606,2026-05-09,4.5337,4.3718,0.4685,0.378,0.4789,6,1,7
824847,2026-05-09,4.5192,4.3863,0.4727,0.3648,0.4623,2,6,8
825089,2026-05-09,4.5119,4.3629,0.4728,0.3754,0.4743,2,1,3
822819,2026-05-10,4.4463,4.38,0.4778,0.3606,0.4619,1,6,7
822902,2026-05-10,4.4361,4.3797,0.472,0.3687,0.471,3,0,3
823221,2026-05-10,4.4813,4.3991,0.4769,0.3683,0.4652,7,6,13
823305,2026-05-10,4.5061,4.3729,0.477,0.3816,0.4785,3,2,5
823463,2026-05-10,4.4104,4.38,0.4667,0.365,0.4625,6,0,6
823793,2026-05-10,4.4738,4.3442,0.4765,0.3707,0.4727,4,3,7
823868,2026-05-10,4.565,4.3991,0.4894,0.3711,0.4683,5,2,7
823954,2026-05-10,4.5333,4.3797,0.4828,0.3653,0.4604,2,7,9
824113,2026-05-10,4.521,4.4367,0.4921,0.364,0.4658,3,6,9
824440,2026-05-10,4.4564,4.4034,0.4893,0.3594,0.4596,4,5,9
824520,2026-05-10,4.481,4.3891,0.4752,0.3676,0.4662,5,0,5
824605,2026-05-10,4.4987,4.4155,0.4733,0.3697,0.4631,2,1,3
824765,2026-05-10,4.4104,4.4411,0.4867,0.3566,0.4553,1,4,5
824845,2026-05-10,4.5192,4.4034,0.4755,0.3776,0.4778,2,1,3
825085,2026-05-10,4.4967,4.3629,0.4779,0.3726,0.4683,5,1,6
822818,2026-05-11,4.4813,4.4325,0.4805,0.3652,0.4567,5,8,13
822901,2026-05-11,4.4742,4.3791,0.4811,0.3716,0.4694,0,1,1
823953,2026-05-11,4.5935,4.3987,0.4918,0.3796,0.4709,3,9,12
824199,2026-05-11,4.5078,4.3863,0.4738,0.369,0.468,1,3,4
824441,2026-05-11,4.5192,4.38,0.4775,0.3627,0.4639,7,2,9
824844,2026-05-11,4.4989,4.424,0.4721,0.3728,0.4695,3,2,5
822817,2026-05-12,4.4719,4.4136,0.4763,0.3645,0.464,6,7,13
822903,2026-05-12,4.4104,4.4063,0.4738,0.3635,0.4646,7,4,11
823385,2026-05-12,4.4675,4.38,0.4695,0.3722,0.4678,3,1,4
823632,2026-05-12,4.4574,4.3825,0.4762,0.3639,0.463,10,2,12
823712,2026-05-12,4.5225,4.3791,0.4805,0.3728,0.476,3,0,3
823790,2026-05-12,4.4895,4.345,0.4755,0.3703,0.4664,6,4,10
823951,2026-05-12,4.5116,4.4348,0.4823,0.3656,0.4669,2,6,8
824197,2026-05-12,4.4034,4.4034,0.4752,0.3574,0.4546,2,10,12
824442,2026-05-12,4.4679,4.38,0.4759,0.3632,0.4575,3,2,5
824521,2026-05-12,4.4584,4.3863,0.4728,0.3661,0.4647,4,10,14
824604,2026-05-12,4.5049,4.4818,0.4842,0.3736,0.4695,6,5,11
824764,2026-05-12,4.4893,4.4235,0.4836,0.3687,0.467,1,2,3
824843,2026-05-12,4.4794,4.4748,0.4894,0.3616,0.4566,2,6,8
824927,2026-05-12,4.503,4.3471,0.472,0.3753,0.4733,5,2,7
825011,2026-05-12,4.4832,4.3863,0.4659,0.3754,0.4739,4,6,10
822815,2026-05-13,4.399,4.3605,0.4761,0.3684,0.4638,5,3,8
822900,2026-05-13,4.468,4.2992,0.4713,0.3788,0.4804,6,5,11
823386,2026-05-13,4.4784,4.4559,0.4821,0.3638,0.4566,4,10,14
823631,2026-05-13,4.4243,4.4287,0.4736,0.3699,0.4584,3,2,5
823710,2026-05-13,4.5388,4.3633,0.4736,0.3769,0.4734,5,9,14
823791,2026-05-13,4.5066,4.2884,0.4743,0.3819,0.4792,1,3,4
823952,2026-05-13,4.4703,4.3786,0.4725,0.3714,0.4709,4,0,4
824195,2026-05-13,4.4157,4.3063,0.4722,0.3737,0.4747,4,3,7
824438,2026-05-13,4.4878,4.3802,0.4748,0.3704,0.4653,4,2,6
824519,2026-05-13,4.4769,4.4073,0.4799,0.3714,0.4696,7,8,15
824603,2026-05-13,4.5045,4.3674,0.4839,0.3714,0.4681,6,5,11
824763,2026-05-13,4.5304,4.4073,0.4823,0.3734,0.4702,3,1,4
824841,2026-05-13,4.4157,4.3876,0.4629,0.3574,0.451,7,0,7
824928,2026-05-13,4.5045,4.4305,0.4951,0.3701,0.4671,4,1,5
825010,2026-05-13,4.4906,4.3881,0.4892,0.3676,0.4676,6,2,8
823383,2026-05-14,4.4735,4.3396,0.4732,0.3801,0.4725,7,2,9
823630,2026-05-14,4.4715,4.428,0.4772,0.3685,0.4636,9,4,13
823709,2026-05-14,4.4922,4.374,0.4671,0.3597,0.4562,9,1,10
823789,2026-05-14,4.4847,4.291,0.4592,0.3739,0.4753,7,1,8
823950,2026-05-14,4.5212,4.3255,0.4655,0.3785,0.4768,5,2,7
824196,2026-05-14,4.4462,4.3935,0.4698,0.3594,0.4605,3,8,11
824517,2026-05-14,4.4597,4.4073,0.4731,0.3614,0.4584,15,1,16
824602,2026-05-14,4.5367,4.4303,0.4851,0.3719,0.4686,6,2,8
824762,2026-05-14,4.4496,4.4384,0.4807,0.3612,0.4578,1,3,4
824926,2026-05-14,4.5045,4.4423,0.4834,0.3568,0.4542,0,2,2
825008,2026-05-14,4.4784,4.3765,0.4714,0.3673,0.4621,4,5,9
822739,2026-05-15,4.5304,4.4096,0.4853,0.37,0.4681,3,2,5
822983,2026-05-15,4.4847,4.371,0.474,0.3725,0.4695,7,2,9
823061,2026-05-15,4.4906,4.3962,0.4746,0.3688,0.462,5,4,9
823140,2026-05-15,4.4834,4.3288,0.468,0.3704,0.4676,0,2,2
823384,2026-05-15,4.4922,4.3637,0.4818,0.3714,0.4673,9,11,20
823629,2026-05-15,4.4462,4.376,0.4693,0.3718,0.4723,2,5,7
823707,2026-05-15,4.4737,4.3799,0.4776,0.3639,0.4615,2,3,5
824037,2026-05-15,4.4922,4.4024,0.4802,0.3673,0.4638,0,6,6
824194,2026-05-15,4.4088,4.3947,0.4788,0.3648,0.4592,2,0,2
824280,2026-05-15,4.4516,4.4185,0.4776,0.3658,0.4626,3,2,5
824360,2026-05-15,4.4957,4.388,0.4727,0.3766,0.4734,1,9,10
824439,2026-05-15,4.4462,4.3592,0.478,0.3628,0.4575,6,7,13
824601,2026-05-15,4.5045,4.4423,0.4793,0.3642,0.4652,5,10,15
824925,2026-05-15,4.5045,4.3625,0.4706,0.3753,0.4698,3,2,5
825009,2026-05-15,4.4784,4.3505,0.4746,0.3691,0.4711,5,2,7
822737,2026-05-16,4.4157,4.3904,0.47,0.3671,0.4662,13,3,16
822981,2026-05-16,4.5032,4.371,0.4882,0.3739,0.4693,5,10,15
823060,2026-05-16,4.4906,4.4184,0.48,0.3692,0.466,4,2,6
823139,2026-05-16,4.4749,4.4074,0.4794,0.3708,0.4657,4,7,11
823382,2026-05-16,4.4957,4.3484,0.4795,0.3817,0.4752,0,6,6
823627,2026-05-16,4.4462,4.3876,0.4722,0.3678,0.4688,6,3,9
823706,2026-05-16,4.443,4.3864,0.4763,0.3638,0.4634,1,2,3
824038,2026-05-16,4.4088,4.5143,0.4822,0.3599,0.4588,2,15,17
824193,2026-05-16,4.4462,4.4817,0.4844,0.3593,0.4579,4,1,5
824278,2026-05-16,4.4598,4.4287,0.4805,0.3674,0.4623,1,2,3
824359,2026-05-16,4.5139,4.3596,0.4816,0.3737,0.4769,4,2,6
824435,2026-05-16,4.4508,4.4169,0.4708,0.3551,0.4516,7,4,11
824600,2026-05-16,4.4834,4.4423,0.4871,0.3703,0.47,8,3,11
824924,2026-05-16,4.5045,4.356,0.4724,0.372,0.4702,2,3,5
825007,2026-05-16,4.4784,4.3505,0.4691,0.369,0.4712,4,6,10
822738,2026-05-17,4.4462,4.3796,0.4724,0.3589,0.458,3,7,10
822982,2026-05-17,4.4737,4.3837,0.4787,0.3618,0.464,6,3,9
823058,2026-05-17,4.5168,4.3773,0.493,0.3638,0.462,0,2,2
823138,2026-05-17,4.4784,4.3237,0.4779,0.3684,0.4674,3,8,11
823381,2026-05-17,4.4648,4.3885,0.4881,0.3688,0.4671,0,6,6
823628,2026-05-17,4.4157,4.3625,0.4694,0.3623,0.4643,7,6,13
823708,2026-05-17,4.4906,4.372,0.4797,0.3726,0.4726,5,4,9
824034,2026-05-17,4.4793,4.4025,0.482,0.374,0.4725,1,10,11
824192,2026-05-17,4.4462,4.3801,0.464,0.3669,0.466,0,8,8
824279,2026-05-17,4.4598,4.369,0.4727,0.3704,0.4746,1,4,5
824358,2026-05-17,4.546,4.3822,0.4782,0.3744,0.4726,6,8,14
824436,2026-05-17,4.4715,4.358,0.4739,0.3694,0.4686,10,3,13
824599,2026-05-17,4.4379,4.4423,0.4736,0.3668,0.4646,9,8,17
824923,2026-05-17,4.5045,4.3278,0.4793,0.3772,0.4717,8,1,9
825006,2026-05-17,4.4906,4.4556,0.4891,0.3645,0.4628,1,10,11
822734,2026-05-18,4.447,4.4723,0.4796,0.3596,0.4516,7,16,23
822980,2026-05-18,4.4703,4.3909,0.4761,0.3764,0.4721,16,6,22
823137,2026-05-18,4.4957,4.3793,0.4879,0.3668,0.4652,6,1,7
823301,2026-05-18,4.4462,4.3481,0.4713,0.3608,0.4611,1,0,1
823465,2026-05-18,4.4847,4.4445,0.4872,0.3731,0.4755,5,4,9
823549,2026-05-18,4.5007,4.3305,0.4735,0.3735,0.4681,7,6,13
823705,2026-05-18,4.4157,4.4032,0.4785,0.368,0.4653,6,3,9
823867,2026-05-18,4.5165,4.358,0.4874,0.3754,0.4704,12,0,12
824035,2026-05-18,4.4247,4.3962,0.4745,0.3679,0.4633,2,1,3
824114,2026-05-18,4.4737,4.3594,0.4761,0.372,0.474,1,3,4
824277,2026-05-18,4.4906,4.4073,0.4722,0.3764,0.4691,2,8,10
824357,2026-05-18,4.5304,4.353,0.4823,0.3777,0.4695,7,6,13
824680,2026-05-18,4.5007,4.4134,0.4812,0.3727,0.4729,3,9,12
825087,2026-05-18,4.5181,4.3213,0.4841,0.3709,0.4705,12,2,14
822736,2026-05-19,4.4903,4.3892,0.4826,0.3736,0.4704,9,6,15
822979,2026-05-19,4.4737,4.4129,0.4799,0.3584,0.4582,4,1,5
823059,2026-05-19,4.5085,4.3992,0.4713,0.3758,0.4747,9,6,15
823136,2026-05-19,4.455,4.3744,0.4702,0.3703,0.4659,1,2,3
823302,2026-05-19,4.4243,4.3657,0.4664,0.3653,0.4675,4,5,9
823464,2026-05-19,4.4847,4.409,0.4779,0.363,0.4645,1,4,5
823548,2026-05-19,4.5007,4.2968,0.4751,0.3766,0.4748,5,4,9
823704,2026-05-19,4.4462,4.2976,0.466,0.371,0.4712,1,2,3
823865,2026-05-19,4.4738,4.358,0.4778,0.3727,0.4732,4,8,12
824033,2026-05-19,4.3943,4.3881,0.4628,0.3565,0.4536,6,14,20
824112,2026-05-19,4.4737,4.3289,0.4701,0.3717,0.4713,1,7,8
824276,2026-05-19,4.4919,4.3956,0.4757,0.3604,0.4625,3,4,7
824356,2026-05-19,4.4646,4.3041,0.4714,0.3778,0.475,0,10,10
824677,2026-05-19,4.5007,4.4636,0.4844,0.3656,0.461,2,5,7
825086,2026-05-19,4.4957,4.347,0.4785,0.3783,0.4742,5,3,8
822735,2026-05-20,4.8962,4.1831,0.505,0.4206,0.5179,8,4,12
822977,2026-05-20,4.9898,4.1811,0.5014,0.4286,0.5259,5,3,8
823057,2026-05-20,4.2466,4.4897,0.4648,0.3507,0.4423,0,7,7
823134,2026-05-20,3.9119,4.3768,0.4272,0.3099,0.4083,5,4,9
823299,2026-05-20,3.8939,4.2527,0.4137,0.3298,0.4247,0,4,4
823462,2026-05-20,4.4523,4.4943,0.4822,0.3621,0.4658,4,9,13
823547,2026-05-20,4.9796,4.5185,0.5286,0.4007,0.4958,1,2,3
823703,2026-05-20,4.2751,4.1694,0.4468,0.3717,0.4689,4,1,5
823866,2026-05-20,4.4899,4.4318,0.4803,0.3696,0.469,1,9,10
824032,2026-05-20,4.4486,4.4865,0.487,0.3642,0.4581,5,6,11
824111,2026-05-20,4.0455,4.2923,0.4334,0.3303,0.436,3,4,7
824273,2026-05-20,3.5406,4.511,0.3943,0.2758,0.3743,2,3,5
824355,2026-05-20,3.9461,4.326,0.4307,0.3216,0.4191,4,5,9
824678,2026-05-20,4.8823,4.4084,0.5103,0.4125,0.5034,0,5,5
825084,2026-05-20,4.565,4.2076,0.4626,0.3873,0.4898,6,3,9
822733,2026-05-21,4.2087,4.3733,0.4544,0.3388,0.4399,1,2,3
823056,2026-05-21,4.5545,4.4658,0.4921,0.3748,0.474,2,6,8
823545,2026-05-21,5.0333,4.3845,0.5211,0.4229,0.5119,0,2,2
823864,2026-05-21,4.938,4.5309,0.529,0.4088,0.5012,3,9,12
824031,2026-05-21,3.6633,4.52,0.4094,0.2826,0.3824,2,3,5
824274,2026-05-21,3.5493,4.5458,0.4113,0.2637,0.3627,1,3,4
825083,2026-05-21,4.4208,4.3556,0.4666,0.3664,0.4605,2,1,3
822816,2026-05-22,4.329,4.4017,0.4647,0.354,0.4523,6,2,8
823223,2026-05-22,5.0215,4.4591,0.5307,0.4092,0.5087,4,9,13
823298,2026-05-22,4.3086,4.4242,0.4751,0.3564,0.4555,7,3,10
823461,2026-05-22,5.2406,4.4855,0.5557,0.4332,0.5268,0,1,1
823546,2026-05-22,4.6771,4.3768,0.4857,0.3847,0.478,2,4,6
823788,2026-05-22,4.3968,4.7031,0.5008,0.3322,0.4274,5,1,6
823863,2026-05-22,3.9002,4.3029,0.4208,0.3172,0.4128,2,1,3
824029,2026-05-22,4.0971,4.5031,0.4516,0.3283,0.4208,9,6,15
824110,2026-05-22,4.2803,4.4164,0.4588,0.3416,0.4416,0,2,2
824679,2026-05-22,4.7517,4.2129,0.4819,0.4106,0.509,2,4,6
824761,2026-05-22,4.1353,4.4385,0.4416,0.3207,0.4245,6,8,14
824842,2026-05-22,4.0685,4.4016,0.4403,0.3308,0.4372,7,4,11
824922,2026-05-22,4.9056,4.476,0.5204,0.4024,0.4951,5,4,9
825082,2026-05-22,4.3825,4.6851,0.4936,0.3468,0.4377,2,3,5
822814,2026-05-23,3.7878,4.3177,0.3997,0.3015,0.3946,5,2,7
823222,2026-05-23,4.8959,4.4242,0.5048,0.4089,0.503,10,3,13
823300,2026-05-23,4.2663,4.4923,0.4667,0.3417,0.436,2,0,2
823458,2026-05-23,4.2137,4.4521,0.4537,0.3539,0.4466,3,0,3
823787,2026-05-23,4.6896,4.3107,0.4888,0.3927,0.4898,3,11,14
823862,2026-05-23,4.1318,4.3131,0.4412,0.3379,0.4389,4,1,5
824030,2026-05-23,4.2747,4.467,0.4653,0.3458,0.4433,5,2,7
824109,2026-05-23,4.3059,4.4907,0.4697,0.3361,0.4347,5,0,5
824516,2026-05-23,5.1541,4.4626,0.541,0.4227,0.5154,7,6,13
824518,2026-05-23,4.3052,4.5251,0.4639,0.3372,0.4379,1,8,9
824674,2026-05-23,5.2121,4.2003,0.5258,0.4492,0.542,0,3,3
824760,2026-05-23,4.2229,4.5013,0.4543,0.3317,0.4289,2,4,6
824920,2026-05-23,4.5681,4.4385,0.4924,0.3793,0.4761,0,2,2
825080,2026-05-23,4.7626,4.3011,0.4881,0.4014,0.4968,5,4,9
822813,2026-05-24,3.5351,4.2572,0.382,0.2849,0.3919,1,4,5
823220,2026-05-24,4.2934,4.3347,0.4577,0.3596,0.4585,8,5,13
823297,2026-05-24,3.9354,4.396,0.4268,0.3166,0.4153,2,5,7
823459,2026-05-24,4.2982,4.4472,0.4687,0.3485,0.4454,1,3,4
823544,2026-05-24,4.4712,4.3862,0.472,0.3687,0.4678,2,0,2
823786,2026-05-24,4.4887,4.299,0.4706,0.3871,0.4817,1,5,6
823861,2026-05-24,4.5563,4.3065,0.4737,0.3801,0.4746,4,0,4
824028,2026-05-24,3.9539,4.4722,0.4298,0.3107,0.4064,2,1,3
824108,2026-05-24,4.2617,4.5823,0.478,0.3473,0.4402,8,6,14
824676,2026-05-24,4.7065,4.204,0.4842,0.3938,0.4996,5,8,13
824759,2026-05-24,4.8002,4.2463,0.4966,0.4123,0.5139,5,6,11
824839,2026-05-24,4.2484,4.2423,0.4478,0.3568,0.4596,5,3,8
824840,2026-05-24,4.334,4.1962,0.446,0.3697,0.4694,1,4,5
824921,2026-05-24,4.6671,4.4116,0.4983,0.3899,0.4842,1,2,3
825081,2026-05-24,4.6749,4.7453,0.5241,0.3658,0.4585,9,1,10
822812,2026-05-25,3.7651,4.3617,0.4072,0.3014,0.4023,2,8,10
822899,2026-05-25,4.3369,4.5131,0.4787,0.347,0.4458,0,9,9
823219,2026-05-25,4.3869,4.6062,0.4939,0.3466,0.4433,2,6,8
823296,2026-05-25,4.2044,4.5098,0.4669,0.3376,0.4341,0,3,3
823380,2026-05-25,4.3004,4.455,0.4665,0.3567,0.4516,2,1,3
823625,2026-05-25,3.9373,4.3764,0.4217,0.3193,0.4174,2,7,9
823784,2026-05-25,3.9072,4.3509,0.4128,0.3144,0.4175,5,1,6
823948,2026-05-25,5.0314,4.5962,0.5427,0.4088,0.501,5,3,8
824107,2026-05-25,3.9992,4.4706,0.4382,0.3241,0.421,3,4,7
824437,2026-05-25,4.516,4.4882,0.476,0.3602,0.4621,2,10,12
824598,2026-05-25,4.5308,4.3357,0.4739,0.378,0.4721,3,1,4
824838,2026-05-25,3.8819,4.4881,0.4326,0.2963,0.4019,9,7,16
825005,2026-05-25,4.7186,4.5631,0.5108,0.3783,0.4667,2,9,11
822811,2026-05-26,4.0124,4.383,0.4407,0.3267,0.4264,8,1,9
822898,2026-05-26,4.7047,4.3483,0.4998,0.3926,0.4906,10,7,17
823216,2026-05-26,4.5154,4.3386,0.4728,0.3765,0.4729,5,7,12
823294,2026-05-26,4.14,4.5234,0.4627,0.3275,0.4239,3,4,7
823379,2026-05-26,3.9475,4.3025,0.4289,0.3353,0.4335,12,1,13
823624,2026-05-26,3.9669,4.5105,0.4382,0.3107,0.4084,2,7,9
823785,2026-05-26,4.5689,4.3277,0.4807,0.3722,0.4773,6,0,6
823949,2026-05-26,5.2651,4.6934,0.5751,0.4213,0.515,15,6,21
824106,2026-05-26,4.05,4.456,0.4451,0.3171,0.4102,1,15,16
824275,2026-05-26,4.6571,4.516,0.5024,0.3692,0.465,6,10,16
824434,2026-05-26,4.5488,4.4686,0.4874,0.374,0.4685,3,6,9
824597,2026-05-26,4.6595,4.2982,0.4866,0.3933,0.4892,3,5,8
824758,2026-05-26,4.629,4.5287,0.4974,0.3727,0.469,6,7,13
824837,2026-05-26,4.1348,4.5599,0.4614,0.3256,0.4237,6,1,7
825004,2026-05-26,5.0999,4.527,0.5421,0.4182,0.5132,1,4,5
822809,2026-05-27,4.4572,4.39,0.4722,0.366,0.4688,2,1,3
822897,2026-05-27,4.4572,4.4135,0.4849,0.3556,0.4509,3,4,7
823217,2026-05-27,4.4572,4.39,0.4767,0.3647,0.4651,2,3,5
823295,2026-05-27,4.4572,4.39,0.4639,0.3699,0.467,0,3,3
823376,2026-05-27,4.4731,4.39,0.4802,0.3688,0.4734,4,10,14
823626,2026-05-27,4.4572,4.39,0.474,0.3666,0.4633,4,2,6
823783,2026-05-27,4.4764,4.39,0.4646,0.3642,0.4584,2,1,3
823947,2026-05-27,4.4731,4.3673,0.4642,0.3755,0.4753,4,1,5
824104,2026-05-27,4.4572,4.4244,0.4729,0.3645,0.4657,0,7,7
824270,2026-05-27,4.4572,4.3673,0.4681,0.3672,0.4659,4,0,4
824432,2026-05-27,4.4572,4.39,0.4745,0.3684,0.4647,3,2,5
824596,2026-05-27,4.4773,4.39,0.4766,0.3647,0.4624,15,2,17
824756,2026-05-27,4.4572,4.39,0.4686,0.3599,0.4583,8,0,8
824836,2026-05-27,4.4773,4.39,0.4744,0.3659,0.4634,11,2,13
825003,2026-05-27,4.4488,4.39,0.4772,0.3603,0.4552,1,9,10
822896,2026-05-28,4.4572,4.3673,0.4587,0.3651,0.465,1,5,6
823378,2026-05-28,4.4572,4.39,0.4711,0.3657,0.4636,2,7,9
824272,2026-05-28,4.4572,4.4135,0.4763,0.3677,0.4652,1,7,8
824595,2026-05-28,4.4488,4.4244,0.4779,0.3597,0.4649,6,2,8
824757,2026-05-28,4.4572,4.39,0.4706,0.3608,0.4533,2,10,12
824834,2026-05-28,4.4572,4.39,0.4739,0.3711,0.47,1,2,3
822732,2026-05-29,4.4731,4.4244,0.4735,0.3637,0.4614,5,7,12
822894,2026-05-29,4.4572,4.3673,0.4708,0.3602,0.462,9,1,10
822978,2026-05-29,4.4773,4.3673,0.4734,0.3684,0.4684,8,5,13
823055,2026-05-29,4.4572,4.39,0.4814,0.3718,0.4643,6,5,11
823135,2026-05-29,4.4572,4.39,0.4703,0.365,0.4615,7,6,13
823377,2026-05-29,4.5108,4.39,0.4831,0.3753,0.4733,6,5,11
823623,2026-05-29,4.4572,4.39,0.4758,0.366,0.4646,9,7,16
823946,2026-05-29,4.4488,4.39,0.4778,0.3667,0.464,4,2,6
824191,2026-05-29,4.4572,4.39,0.474,0.3736,0.4686,4,5,9
824353,2026-05-29,4.4572,4.3828,0.4717,0.3631,0.4581,8,6,14
824433,2026-05-29,4.4572,4.3673,0.4814,0.3703,0.4681,4,3,7
824515,2026-05-29,4.4488,4.39,0.4691,0.3621,0.4617,3,8,11
824594,2026-05-29,4.4572,4.3673,0.4745,0.3782,0.4715,4,3,7
824835,2026-05-29,4.4572,4.39,0.4807,0.3639,0.4613,5,6,11
825002,2026-05-29,4.4731,4.39,0.4713,0.3717,0.4627,2,8,10
822731,2026-05-30,4.4572,4.3613,0.4775,0.3644,0.4646,9,4,13
822893,2026-05-30,4.4572,4.3673,0.4723,0.3761,0.475,7,6,13
822975,2026-05-30,4.4572,4.3673,0.4759,0.3672,0.4672,3,14,17
823054,2026-05-30,4.4572,4.39,0.4751,0.3704,0.468,1,6,7
823132,2026-05-30,4.4731,4.39,0.4798,0.3737,0.4785,5,1,6
823375,2026-05-30,4.4764,4.39,0.4716,0.3746,0.4777,10,9,19
823622,2026-05-30,4.4572,4.39,0.4738,0.3687,0.4643,6,1,7
823945,2026-05-30,4.4731,4.39,0.4857,0.3648,0.4643,3,4,7
824190,2026-05-30,4.4572,4.39,0.4677,0.3622,0.4644,9,2,11
824352,2026-05-30,4.4572,4.3828,0.4703,0.37,0.4688,8,3,11
824431,2026-05-30,4.4731,4.3673,0.4748,0.3651,0.4642,1,9,10
824513,2026-05-30,4.4572,4.39,0.4733,0.3692,0.4681,2,5,7
824593,2026-05-30,4.4572,4.3828,0.4641,0.3715,0.4649,7,1,8
824833,2026-05-30,4.4572,4.39,0.4709,0.3773,0.4713,6,5,11
825000,2026-05-30,4.4731,4.39,0.4812,0.3695,0.4703,6,4,10
822729,2026-05-31,4.4731,4.39,0.4723,0.3561,0.4545,4,2,6
822895,2026-05-31,4.4572,4.3673,0.4684,0.3635,0.4624,6,3,9
822976,2026-05-31,4.4731,4.3828,0.48,0.3749,0.4775,5,2,7
823053,2026-05-31,4.4572,4.39,0.4774,0.3658,0.467,5,1,6
823133,2026-05-31,4.4731,4.39,0.4794,0.3762,0.4711,3,2,5
823373,2026-05-31,4.4764,4.39,0.4756,0.3672,0.4641,9,3,12
823621,2026-05-31,4.4572,4.3828,0.4706,0.3644,0.4615,10,1,11
823944,2026-05-31,4.4731,4.39,0.4793,0.3733,0.4715,9,1,10
824187,2026-05-31,4.4572,4.39,0.474,0.3556,0.459,0,2,2
824354,2026-05-31,4.4572,4.4135,0.4769,0.3574,0.4583,6,19,25
824430,2026-05-31,4.4764,4.3673,0.47,0.3704,0.471,4,9,13
824512,2026-05-31,4.5108,4.39,0.4786,0.3702,0.4717,6,4,10
824592,2026-05-31,4.4764,4.3673,0.4761,0.364,0.4555,2,1,3
824832,2026-05-31,4.4572,4.39,0.4746,0.3618,0.4625,9,5,14
825001,2026-05-31,4.4572,4.39,0.4722,0.372,0.4658,8,13,21
822730,2026-06-01,4.4731,4.3828,0.4726,0.3718,0.4733,3,7,10
822974,2026-06-01,4.4731,4.3673,0.4784,0.3733,0.4745,9,10,19
823050,2026-06-01,4.4572,4.39,0.4654,0.3715,0.4722,1,2,3
823131,2026-06-01,4.4731,4.3673,0.4717,0.367,0.4675,3,2,5
823702,2026-06-01,4.4572,4.39,0.4797,0.3587,0.4633,9,6,15
823781,2026-06-01,4.4572,4.3673,0.4754,0.3657,0.4689,16,2,18
824027,2026-06-01,4.4572,4.3828,0.4712,0.3681,0.471,8,9,17
824510,2026-06-01,4.5108,4.3828,0.4818,0.3736,0.4751,2,9,11
825078,2026-06-01,4.4572,4.39,0.4744,0.3647,0.4583,4,1,5
822728,2026-06-02,4.4731,4.39,0.4873,0.3735,0.4695,3,7,10
822971,2026-06-02,4.4731,4.3828,0.4751,0.3677,0.4606,0,8,8
823052,2026-06-02,4.4572,4.39,0.4796,0.3739,0.4644,4,7,11
823129,2026-06-02,4.4764,4.3828,0.4778,0.3612,0.4664,8,3,11
823460,2026-06-02,4.4572,4.39,0.4775,0.3782,0.4681,3,2,5
823541,2026-06-02,4.4731,4.39,0.4779,0.3675,0.4656,4,9,13
823700,2026-06-02,4.4572,4.39,0.4758,0.3682,0.4667,6,4,10
823782,2026-06-02,4.4572,4.3828,0.4822,0.3707,0.47,8,3,11
824026,2026-06-02,4.4572,4.3673,0.4681,0.3701,0.465,2,8,10
824189,2026-06-02,4.4572,4.39,0.4764,0.3752,0.4727,6,10,16
824511,2026-06-02,4.4773,4.3828,0.4694,0.3701,0.472,4,3,7
824675,2026-06-02,4.4572,4.39,0.484,0.3661,0.4646,1,2,3
824754,2026-06-02,4.4572,4.39,0.4727,0.3595,0.4566,2,4,6
824918,2026-06-02,4.4488,4.39,0.4705,0.368,0.4679,4,3,7
825079,2026-06-02,4.4572,4.39,0.4774,0.3652,0.4651,5,6,11
822727,2026-06-03,4.4489,4.4118,0.4734,0.3637,0.4596,1,4,5
822973,2026-06-03,4.4642,4.5267,0.4866,0.3609,0.4564,2,7,9
823051,2026-06-03,4.433,4.4191,0.478,0.3621,0.4564,5,3,8
823130,2026-06-03,4.4771,4.3587,0.4843,0.3709,0.4647,1,7,8
823456,2026-06-03,4.4958,4.3807,0.4809,0.3714,0.4666,3,2,5
823540,2026-06-03,4.5062,4.3454,0.4763,0.373,0.465,4,5,9
823701,2026-06-03,4.4249,4.3113,0.4614,0.3694,0.4697,0,8,8
823780,2026-06-03,4.4698,4.377,0.473,0.3687,0.4663,0,1,1
824024,2026-06-03,4.4388,4.2783,0.4668,0.3807,0.4736,11,4,15
824188,2026-06-03,4.5651,4.3442,0.4811,0.379,0.4758,11,9,20
824509,2026-06-03,4.453,4.2776,0.4659,0.3754,0.4705,2,5,7
824671,2026-06-03,4.4345,4.453,0.4782,0.3702,0.4694,4,5,9
824755,2026-06-03,4.4314,4.3546,0.4697,0.3714,0.4717,8,1,9
824917,2026-06-03,4.4975,4.438,0.4719,0.3671,0.4681,7,3,10
825077,2026-06-03,4.4736,4.3613,0.4747,0.3718,0.473,0,7,7
823457,2026-06-04,4.4846,4.7059,0.5001,0.3379,0.4318,6,4,10
823542,2026-06-04,4.4924,4.3669,0.4748,0.3718,0.4713,2,1,3
823698,2026-06-04,4.4548,4.1411,0.4584,0.3828,0.486,6,8,14
823779,2026-06-04,4.5467,4.1417,0.456,0.3907,0.4882,9,12,21
824185,2026-06-04,4.5477,4.5377,0.4943,0.3689,0.4591,1,5,6
824672,2026-06-04,4.464,4.4186,0.4796,0.3705,0.4662,7,6,13
824753,2026-06-04,4.4223,4.4435,0.4794,0.3575,0.4568,2,8,10
824919,2026-06-04,4.4831,4.3775,0.4766,0.3632,0.4613,2,7,9
825076,2026-06-04,4.4494,4.3327,0.4715,0.3703,0.4694,3,2,5
822810,2026-06-05,4.3904,4.3277,0.4693,0.3565,0.4533,3,13,16
822892,2026-06-05,4.4338,4.3484,0.4621,0.3686,0.4648,3,2,5
823049,2026-06-05,4.4435,4.5332,0.4946,0.349,0.4462,10,3,13
823293,2026-06-05,4.4416,4.508,0.4793,0.3617,0.4567,0,5,5
823455,2026-06-05,4.4593,4.3699,0.4733,0.3707,0.4651,8,6,14
823538,2026-06-05,4.4634,4.3454,0.4721,0.3618,0.4647,3,5,8
823699,2026-06-05,4.4402,4.2076,0.4569,0.3781,0.4791,5,3,8
823860,2026-06-05,4.3694,4.3992,0.4701,0.3572,0.4533,0,6,6
823943,2026-06-05,4.4932,4.3612,0.4766,0.3713,0.4715,1,0,1
824186,2026-06-05,4.5638,4.3861,0.481,0.3661,0.4673,5,1,6
824271,2026-06-05,4.4348,4.4422,0.4813,0.3563,0.4502,7,3,10
824350,2026-06-05,4.4348,4.4741,0.4875,0.3571,0.4546,7,9,16
824673,2026-06-05,4.464,4.2617,0.4635,0.3735,0.4791,3,18,21
824914,2026-06-05,4.4605,4.374,0.4792,0.3696,0.4713,6,3,9
825073,2026-06-05,4.491,4.3828,0.4835,0.3641,0.4631,1,14,15
822808,2026-06-06,4.4096,4.3328,0.4683,0.367,0.4623,6,4,10
822891,2026-06-06,4.4108,4.3273,0.4691,0.3638,0.4615,0,6,6
823048,2026-06-06,4.433,4.403,0.4759,0.3555,0.4567,6,5,11
823292,2026-06-06,4.4704,4.4238,0.4717,0.3636,0.4677,3,2,5
823454,2026-06-06,4.5004,4.3583,0.4759,0.3729,0.4735,3,6,9
823697,2026-06-06,4.4089,4.2076,0.4568,0.377,0.4742,2,3,5
823859,2026-06-06,4.4099,4.3607,0.4688,0.3701,0.4681,4,3,7
823942,2026-06-06,4.5008,4.3958,0.478,0.368,0.4611,9,2,11
824184,2026-06-06,4.5267,4.2526,0.4672,0.378,0.4796,13,2,15
824269,2026-06-06,4.4736,4.4625,0.4791,0.3562,0.452,0,4,4
824351,2026-06-06,4.4329,4.6103,0.4844,0.3483,0.448,1,7,8
824669,2026-06-06,4.4557,4.209,0.463,0.3745,0.4706,3,2,5
824915,2026-06-06,4.4798,4.3792,0.4667,0.365,0.466,6,3,9
825075,2026-06-06,4.4207,4.4201,0.4854,0.3623,0.4588,1,6,7
822807,2026-06-07,4.4407,4.3115,0.4703,0.3768,0.4741,6,4,10
822890,2026-06-07,4.4301,4.3112,0.4705,0.3761,0.4759,10,0,10
823047,2026-06-07,4.4367,4.4119,0.4868,0.3669,0.4701,5,3,8
823291,2026-06-07,4.4335,4.4238,0.4835,0.362,0.4576,3,7,10
823453,2026-06-07,4.4386,4.3699,0.4667,0.367,0.4628,9,5,14
823537,2026-06-07,4.4634,4.3985,0.4755,0.3637,0.4642,6,1,7
823696,2026-06-07,4.3868,4.2515,0.4575,0.3698,0.4672,5,6,11
823857,2026-06-07,4.4329,4.3763,0.4745,0.3678,0.4648,4,1,5
823941,2026-06-07,4.4924,4.5992,0.4973,0.3523,0.4543,5,13,18
824183,2026-06-07,4.5045,4.3732,0.4717,0.3732,0.4705,0,5,5
824268,2026-06-07,4.4311,4.4625,0.4863,0.3555,0.4497,5,4,9
824349,2026-06-07,4.4548,4.5427,0.489,0.3602,0.4582,4,12,16
824670,2026-06-07,4.4669,4.2216,0.4662,0.379,0.4778,1,2,3
824916,2026-06-07,4.5181,4.45,0.4859,0.3686,0.4644,3,2,5
825074,2026-06-07,4.4714,4.4136,0.4683,0.3643,0.4596,5,1,6
822806,2026-06-08,4.4262,4.4741,0.4746,0.3602,0.4598,2,5,7
822972,2026-06-08,4.4857,4.3219,0.4761,0.3733,0.467,3,1,4
823218,2026-06-08,4.4916,4.6267,0.5003,0.3466,0.4405,3,4,7
823289,2026-06-08,4.441,4.3716,0.481,0.3746,0.47,6,2,8
824025,2026-06-08,4.4568,4.3433,0.4626,0.3759,0.4718,4,5,9
824427,2026-06-08,4.4325,4.3818,0.4729,0.3647,0.4631,5,7,12
824829,2026-06-08,4.5082,4.4862,0.4903,0.3627,0.4524,3,6,9
824998,2026-06-08,4.4784,4.5827,0.4937,0.3576,0.4564,14,15,29
822805,2026-06-09,4.3716,4.4112,0.4663,0.3617,0.4563,3,2,5
822969,2026-06-09,4.4738,4.3451,0.4684,0.3672,0.4627,4,3,7
823214,2026-06-09,4.4916,4.5268,0.4912,0.3627,0.4605,3,6,9
823290,2026-06-09,4.4798,4.3825,0.4728,0.3669,0.4644,3,5,8
823374,2026-06-09,4.4824,4.4361,0.4818,0.3631,0.4601,3,12,15
823620,2026-06-09,4.5108,4.4099,0.4739,0.3665,0.4681,0,7,7
823858,2026-06-09,4.4249,4.3576,0.4698,0.3659,0.4672,10,6,16
824023,2026-06-09,4.4568,4.3433,0.4703,0.3758,0.4729,10,1,11
824105,2026-06-09,4.4338,4.3817,0.4828,0.3619,0.4617,5,3,8
824267,2026-06-09,4.4775,4.3845,0.4836,0.3708,0.4646,10,4,14
824347,2026-06-09,4.5273,4.3739,0.4784,0.3755,0.4691,7,3,10
824429,2026-06-09,4.4484,4.395,0.4784,0.3582,0.4567,2,3,5
824591,2026-06-09,4.529,4.3427,0.4862,0.3794,0.4773,6,5,11
824830,2026-06-09,4.4493,4.4578,0.4813,0.3564,0.448,5,6,11
824999,2026-06-09,4.4419,4.5399,0.4883,0.3497,0.4469,7,5,12
822804,2026-06-10,4.4642,4.429,0.4775,0.3656,0.4591,4,7,11
822970,2026-06-10,4.4756,4.7035,0.5093,0.356,0.4449,7,5,12
823215,2026-06-10,4.4366,4.5717,0.4904,0.3489,0.443,11,10,21
823287,2026-06-10,4.3495,4.501,0.4756,0.3503,0.4503,5,4,9
823372,2026-06-10,4.6989,4.5471,0.5119,0.3682,0.462,9,8,17
823618,2026-06-10,4.4563,4.47,0.4822,0.3678,0.4619,2,9,11
823856,2026-06-10,4.3105,4.3858,0.4568,0.3505,0.4481,8,0,8
824022,2026-06-10,4.3446,4.325,0.4539,0.3615,0.4589,3,2,5
824103,2026-06-10,4.377,4.3971,0.466,0.3562,0.4516,4,6,10
824266,2026-06-10,4.3731,4.3182,0.4574,0.3624,0.4667,4,6,10
824348,2026-06-10,4.3902,4.3209,0.4592,0.3629,0.4604,3,2,5
824428,2026-06-10,4.3209,4.4003,0.4643,0.3515,0.4555,4,8,12
824590,2026-06-10,4.7082,4.4993,0.5168,0.3795,0.4729,2,1,3
824831,2026-06-10,4.3554,4.5148,0.4706,0.3508,0.4483,7,2,9
824996,2026-06-10,4.4531,4.6024,0.4892,0.3517,0.4454,4,3,7
823371,2026-06-11,4.5456,4.4914,0.4934,0.367,0.4647,6,8,14
823619,2026-06-11,4.6931,4.3891,0.4931,0.3891,0.4869,5,4,9
823855,2026-06-11,4.3784,4.3473,0.4645,0.3577,0.4524,2,0,2
824101,2026-06-11,4.3744,4.3116,0.465,0.3596,0.4608,2,4,6
824265,2026-06-11,4.4585,4.4309,0.4852,0.3634,0.4597,11,0,11
824346,2026-06-11,4.4112,4.3039,0.4633,0.3719,0.472,3,9,12
824827,2026-06-11,4.4179,4.4831,0.483,0.3512,0.4499,7,5,12
822726,2026-06-12,4.4694,4.5278,0.4807,0.3538,0.4492,2,10,12
822803,2026-06-12,4.4712,4.4465,0.4721,0.3672,0.4645,8,5,13
823211,2026-06-12,4.3992,4.3964,0.4642,0.3648,0.4586,1,5,6
823370,2026-06-12,4.4166,4.4241,0.4812,0.3614,0.4605,3,8,11
823617,2026-06-12,4.4815,4.5817,0.4932,0.3626,0.4582,7,5,12
823695,2026-06-12,4.3382,4.5208,0.4731,0.3505,0.4514,9,8,17
823778,2026-06-12,4.4522,4.4441,0.4808,0.3663,0.4603,6,0,6
824020,2026-06-12,4.5256,4.47,0.4868,0.3745,0.4722,4,3,7
824102,2026-06-12,4.3572,4.3675,0.4633,0.3537,0.4541,8,10,18
824425,2026-06-12,4.414,4.4314,0.4777,0.3641,0.4583,3,2,5
824507,2026-06-12,4.5081,4.4466,0.4855,0.3628,0.4578,2,5,7
824588,2026-06-12,4.7473,4.579,0.5103,0.3871,0.4762,8,2,10
824752,2026-06-12,4.3956,4.3376,0.4659,0.3678,0.4693,10,1,11
824826,2026-06-12,4.5193,4.4401,0.4792,0.3707,0.4693,7,3,10
824997,2026-06-12,4.5212,4.1632,0.461,0.3905,0.487,6,4,10
822725,2026-06-13,4.3484,4.3113,0.4603,0.3752,0.4744,8,3,11
822802,2026-06-13,4.533,4.4589,0.4838,0.3751,0.473,1,3,4
823213,2026-06-13,4.4893,4.4196,0.4769,0.3668,0.4641,1,6,7
823369,2026-06-13,4.4918,4.4253,0.4817,0.3656,0.46,3,2,5
823616,2026-06-13,4.6623,4.3972,0.4949,0.391,0.4904,1,3,4
823694,2026-06-13,4.3322,4.3941,0.4673,0.3549,0.4509,6,9,15
823776,2026-06-13,4.5501,4.4302,0.4861,0.378,0.4734,8,9,17
824019,2026-06-13,4.3627,4.5464,0.4767,0.3418,0.4337,8,0,8
824100,2026-06-13,4.3329,4.357,0.4677,0.3539,0.4566,7,8,15
824426,2026-06-13,4.6029,4.4398,0.4856,0.3819,0.4819,3,1,4
824508,2026-06-13,4.4218,4.4995,0.4846,0.3527,0.452,2,1,3
824587,2026-06-13,4.7067,4.3497,0.4862,0.3875,0.4868,1,7,8
824749,2026-06-13,4.3975,4.3751,0.4645,0.3682,0.4639,6,3,9
824828,2026-06-13,4.7726,4.4137,0.5021,0.3882,0.4877,3,9,12
824995,2026-06-13,4.478,4.6942,0.5024,0.3493,0.445,7,5,12
822722,2026-06-14,4.7352,4.273,0.4891,0.3968,0.4928,10,1,11
822801,2026-06-14,4.4155,4.4465,0.4866,0.3667,0.4655,3,8,11
823212,2026-06-14,4.46,4.3756,0.4697,0.3728,0.4668,5,1,6
823368,2026-06-14,4.3634,4.3807,0.4672,0.3621,0.4616,2,4,6
823615,2026-06-14,4.7057,4.43,0.496,0.3896,0.4874,8,1,9
823693,2026-06-14,4.309,4.3971,0.4693,0.3523,0.447,5,4,9
823777,2026-06-14,4.5565,4.4272,0.488,0.3704,0.4653,4,0,4
824021,2026-06-14,4.528,4.5709,0.4992,0.3618,0.4573,3,8,11
824099,2026-06-14,4.4175,4.4576,0.4814,0.3615,0.4617,4,0,4
824506,2026-06-14,4.3878,4.4461,0.4697,0.3577,0.4502,3,5,8
824586,2026-06-14,4.5341,4.4045,0.4817,0.3765,0.474,6,4,10
824751,2026-06-14,4.4145,4.4415,0.4792,0.3557,0.4568,4,6,10
824823,2026-06-14,4.6492,4.3754,0.4872,0.3867,0.4833,2,5,7
824994,2026-06-14,4.439,4.5853,0.4896,0.3499,0.4448,9,23,32
822724,2026-06-15,4.4066,4.3624,0.4663,0.3614,0.4578,7,3,10
822887,2026-06-15,4.3309,4.3202,0.4585,0.366,0.4676,2,4,6
823046,2026-06-15,4.5586,4.3445,0.4865,0.3765,0.4717,3,0,3
823452,2026-06-15,4.3434,4.5171,0.4819,0.3388,0.4345,7,0,7
823938,2026-06-15,4.61,4.4721,0.494,0.3692,0.4673,4,3,7
824181,2026-06-15,4.4685,4.3823,0.4732,0.365,0.4631,3,9,12
824505,2026-06-15,4.3661,4.3547,0.4648,0.3542,0.4508,12,0,12
824666,2026-06-15,4.4523,4.4002,0.4799,0.3696,0.4637,5,4,9
824993,2026-06-15,4.5408,4.4773,0.4887,0.3649,0.4615,11,2,13
825071,2026-06-15,4.442,4.3145,0.4674,0.3755,0.4743,4,3,7
822723,2026-06-16,4.4321,4.2275,0.4579,0.3718,0.473,6,4,10
822888,2026-06-16,4.4284,4.4015,0.4693,0.3632,0.4596,2,12,14
823045,2026-06-16,4.4301,4.3754,0.4721,0.3728,0.4697,3,2,5
823128,2026-06-16,4.3907,4.452,0.4682,0.3585,0.456,3,1,4
823451,2026-06-16,4.3991,4.3626,0.46,0.3601,0.4628,8,2,10
823535,2026-06-16,4.8513,4.5001,0.514,0.3951,0.4905,12,2,14
823775,2026-06-16,4.5061,4.2423,0.462,0.3745,0.4756,2,1,3
823939,2026-06-16,4.5024,4.5216,0.4888,0.3645,0.4573,1,0,1
824182,2026-06-16,4.1408,4.3191,0.4385,0.3381,0.4398,4,2,6
824504,2026-06-16,4.4513,4.4853,0.4897,0.3616,0.4589,5,3,8
824667,2026-06-16,4.4432,4.6401,0.5061,0.3511,0.4451,2,5,7
824750,2026-06-16,4.3911,4.4755,0.4716,0.361,0.4498,1,6,7
824912,2026-06-16,4.415,4.3851,0.4636,0.3612,0.4618,2,7,9
824991,2026-06-16,4.3718,4.4443,0.4778,0.3577,0.4582,5,6,11
825070,2026-06-16,4.4419,4.3436,0.4652,0.3686,0.4676,0,7,7
822721,2026-06-17,4.4945,4.3791,0.4833,0.3642,0.4626,2,6,8
823044,2026-06-17,4.4768,4.3847,0.477,0.3794,0.4763,1,6,7
823127,2026-06-17,4.4778,4.422,0.4844,0.3659,0.4654,3,5,8
823450,2026-06-17,4.4945,4.384,0.4829,0.371,0.4703,4,12,16
823536,2026-06-17,4.5109,4.4138,0.4788,0.3723,0.475,10,5,15
823774,2026-06-17,4.4847,4.3527,0.4723,0.37,0.471,9,4,13
823940,2026-06-17,4.4945,4.4205,0.4783,0.3735,0.4724,5,4,9
824178,2026-06-17,4.5001,4.4138,0.4939,0.3602,0.4583,4,2,6
824503,2026-06-17,4.4945,4.4138,0.4798,0.3716,0.4664,1,9,10
824668,2026-06-17,4.4847,4.4074,0.483,0.3696,0.4666,8,6,14
824746,2026-06-17,4.4778,4.4122,0.4806,0.3703,0.4625,0,3,3
824913,2026-06-17,4.4778,4.3588,0.4764,0.3649,0.4601,5,7,12
824992,2026-06-17,4.4945,4.4138,0.4866,0.3733,0.4739,4,12,16
825072,2026-06-17,4.5701,4.4138,0.493,0.3682,0.4679,8,1,9
822889,2026-06-18,4.47,4.4138,0.4745,0.366,0.4615,3,9,12
823125,2026-06-18,4.4778,4.422,0.4806,0.3671,0.4603,3,0,3
823448,2026-06-18,4.4876,4.4138,0.4752,0.3709,0.4632,4,6,10
823533,2026-06-18,4.5109,4.4576,0.4822,0.367,0.4612,1,5,6
823772,2026-06-18,4.4847,4.3527,0.4765,0.3735,0.4726,2,4,6
824098,2026-06-18,4.4778,4.4138,0.4775,0.3599,0.4612,14,6,20
824748,2026-06-18,4.4778,4.4122,0.4771,0.3649,0.4628,3,4,7
824989,2026-06-18,4.4945,4.423,0.4773,0.3736,0.4692,5,0,5
822886,2026-06-19,4.4778,4.4472,0.4792,0.3625,0.4612,9,7,16
822966,2026-06-19,4.4612,4.422,0.4727,0.3603,0.4584,5,2,7
823124,2026-06-19,4.4778,4.404,0.4801,0.3664,0.4653,2,6,8
823534,2026-06-19,4.4847,4.4098,0.489,0.3691,0.4644,5,0,5
823853,2026-06-19,4.5109,4.422,0.4822,0.3697,0.4676,4,3,7
823936,2026-06-19,4.4876,4.4138,0.4774,0.3646,0.4645,6,5,11
824097,2026-06-19,4.4778,4.4138,0.4775,0.3661,0.4684,6,5,11
824179,2026-06-19,4.5701,4.404,0.4953,0.3753,0.4727,9,3,12
824264,2026-06-19,4.4945,4.422,0.4839,0.3689,0.4645,4,3,7
824345,2026-06-19,4.4768,4.422,0.4833,0.3752,0.4744,4,3,7
824663,2026-06-19,4.5209,4.422,0.4817,0.3697,0.4728,16,2,18
824910,2026-06-19,4.4832,4.4913,0.4774,0.3676,0.4637,3,2,5
824990,2026-06-19,4.4945,4.404,0.4835,0.3723,0.4648,12,11,23
825069,2026-06-19,4.5109,4.4138,0.4879,0.3704,0.4672,9,5,14
822885,2026-06-20,4.4778,4.3791,0.4735,0.3643,0.4627,4,6,10
822967,2026-06-20,4.4612,4.422,0.4776,0.3607,0.4572,3,4,7
823126,2026-06-20,4.4778,4.384,0.4754,0.3617,0.4634,1,5,6
823447,2026-06-20,4.4876,4.4138,0.4772,0.3683,0.4615,15,3,18
823532,2026-06-20,4.4847,4.4016,0.4691,0.3644,0.4639,2,10,12
823854,2026-06-20,4.4686,4.3832,0.4738,0.366,0.4649,6,3,9
823937,2026-06-20,4.4847,4.4016,0.4845,0.3603,0.4574,2,3,5
824180,2026-06-20,4.4847,4.404,0.4824,0.3699,0.4692,1,8,9
824263,2026-06-20,4.4945,4.422,0.4825,0.3679,0.4643,4,1,5
824342,2026-06-20,4.4534,4.6531,0.4999,0.345,0.4432,2,1,3
824665,2026-06-20,4.4847,4.422,0.4791,0.3667,0.4669,6,8,14
824909,2026-06-20,4.4778,4.422,0.4823,0.3632,0.4571,4,3,7
824988,2026-06-20,4.4945,4.404,0.4762,0.3764,0.4722,0,7,7
825068,2026-06-20,4.527,4.422,0.4751,0.3727,0.4643,8,16,24
822883,2026-06-21,4.4778,4.3918,0.481,0.3607,0.4594,4,3,7
822968,2026-06-21,4.4612,4.4138,0.4706,0.3622,0.4563,4,3,7
823123,2026-06-21,4.4778,4.3455,0.468,0.3688,0.467,3,1,4
823449,2026-06-21,4.4847,4.4138,0.4774,0.365,0.466,6,2,8
823531,2026-06-21,4.4847,4.4138,0.476,0.3687,0.4687,1,4,5
823852,2026-06-21,4.4686,4.3832,0.4709,0.3679,0.4691,2,1,3
823934,2026-06-21,4.4945,4.4098,0.4846,0.3668,0.468,1,12,13
824095,2026-06-21,4.4778,4.4138,0.4747,0.3603,0.4573,10,12,22
824177,2026-06-21,4.4847,4.4138,0.4735,0.3697,0.4695,2,1,3
824260,2026-06-21,4.4945,4.422,0.479,0.3686,0.4648,5,4,9
824343,2026-06-21,4.4534,4.6531,0.4966,0.3525,0.4484,6,8,14
824908,2026-06-21,4.4847,4.422,0.4905,0.3744,0.4691,4,9,13
824987,2026-06-21,4.4768,4.404,0.4791,0.3599,0.4555,7,9,16
825067,2026-06-21,4.52,4.422,0.4871,0.3654,0.4573,2,4,6
822720,2026-06-22,4.4945,4.4138,0.4753,0.3703,0.4681,4,1,5
822800,2026-06-22,4.421,4.4913,0.4781,0.3536,0.4512,4,2,6
822964,2026-06-22,4.4612,4.404,0.4853,0.3702,0.4662,1,2,3
823040,2026-06-22,4.4768,4.4138,0.4754,0.3711,0.4689,3,2,5
823288,2026-06-22,4.4778,4.3832,0.4725,0.3728,0.4685,1,0,1
823692,2026-06-22,4.4847,4.422,0.4724,0.3685,0.468,1,2,3
823851,2026-06-22,4.4686,4.422,0.4795,0.3653,0.4647,3,4,7
824016,2026-06-22,4.4778,4.422,0.471,0.3616,0.4571,1,6,7
824261,2026-06-22,4.4945,4.422,0.4807,0.365,0.4625,5,3,8
824344,2026-06-22,4.4612,4.3653,0.4734,0.3677,0.4647,3,2,5
824502,2026-06-22,4.4876,4.422,0.4843,0.3657,0.4629,1,2,3
824585,2026-06-22,4.4768,4.404,0.4782,0.3696,0.4674,6,5,11
822718,2026-06-23,4.5307,4.404,0.4834,0.3668,0.4624,9,14,23
822799,2026-06-23,4.5209,4.404,0.4753,0.3744,0.4686,7,9,16
822963,2026-06-23,4.4612,4.404,0.4793,0.3695,0.4636,5,12,17
823043,2026-06-23,4.4847,4.4138,0.4699,0.3594,0.4587,3,4,7
823210,2026-06-23,4.4778,4.3369,0.4794,0.3684,0.4686,3,1,4
823286,2026-06-23,4.4654,4.3832,0.4681,0.3633,0.4622,7,6,13
823365,2026-06-23,4.4768,4.4138,0.4783,0.3625,0.4572,2,3,5
823614,2026-06-23,4.5621,4.422,0.4792,0.3676,0.4652,6,9,15
823690,2026-06-23,4.4778,4.422,0.4849,0.3714,0.4696,3,12,15
823849,2026-06-23,4.4686,4.3751,0.4635,0.3648,0.4632,6,4,10
824017,2026-06-23,4.4654,4.4138,0.4724,0.368,0.4649,5,1,6
824262,2026-06-23,4.5208,4.422,0.4761,0.3819,0.4755,3,4,7
824340,2026-06-23,4.4612,4.3653,0.4765,0.3655,0.462,2,5,7
824501,2026-06-23,4.4654,4.422,0.4874,0.3608,0.4599,0,2,2
824584,2026-06-23,4.4945,4.3666,0.4758,0.3749,0.4739,2,1,3
822719,2026-06-24,4.7399,4.4241,0.5047,0.3811,0.4738,4,5,9
822798,2026-06-24,4.4739,4.4241,0.4608,0.3663,0.4556,1,3,4
822965,2026-06-24,4.4137,4.4241,0.4765,0.3627,0.4576,5,3,8
823041,2026-06-24,4.6621,4.4241,0.5009,0.3868,0.4846,4,9,13
823208,2026-06-24,4.4327,4.4241,0.4827,0.3626,0.4585,2,1,3
823284,2026-06-24,4.3565,4.4241,0.4712,0.3571,0.4449,5,2,7
823367,2026-06-24,4.4245,4.4241,0.4656,0.365,0.4612,11,1,12
823611,2026-06-24,4.333,4.4102,0.4661,0.3598,0.4601,5,10,15
823613,2026-06-24,4.2745,4.446,0.4591,0.3465,0.4419,3,10,13
823691,2026-06-24,4.5181,4.4241,0.4947,0.3647,0.4674,3,4,7
823850,2026-06-24,4.5943,4.4102,0.494,0.3663,0.4647,4,2,6
824018,2026-06-24,4.4195,4.4241,0.4744,0.3692,0.4612,7,6,13
824259,2026-06-24,4.8071,4.4241,0.5087,0.3955,0.4939,2,4,6
824341,2026-06-24,4.3618,4.4102,0.4634,0.3533,0.4481,8,6,14
824500,2026-06-24,4.414,4.4241,0.4771,0.3629,0.4627,5,6,11
824583,2026-06-24,4.4948,4.4241,0.4791,0.3661,0.4633,3,4,7
822717,2026-06-25,4.5198,4.4241,0.4807,0.3705,0.4701,5,10,15
822797,2026-06-25,4.3691,4.4241,0.4699,0.3543,0.4516,5,6,11
822961,2026-06-25,4.7664,4.4241,0.5075,0.3881,0.4842,13,2,15
823209,2026-06-25,4.4937,4.4102,0.4821,0.3606,0.4553,6,9,15
823366,2026-06-25,4.3937,4.4241,0.4749,0.3578,0.4552,5,1,6
823612,2026-06-25,4.4036,4.4102,0.4646,0.3606,0.4598,3,4,7
824258,2026-06-25,4.8244,4.4241,0.5108,0.3986,0.4996,1,2,3
824747,2026-06-25,4.3155,4.4241,0.4686,0.3531,0.4487,6,3,9
822796,2026-06-26,4.4406,4.4241,0.4775,0.3671,0.4606,4,5,9
822962,2026-06-26,4.9213,4.4241,0.5166,0.4035,0.5015,6,1,7
823039,2026-06-26,4.4374,4.4241,0.4729,0.3593,0.4612,0,4,4
823206,2026-06-26,4.4461,4.4241,0.4794,0.3561,0.4528,1,3,4
823285,2026-06-26,4.3627,4.4498,0.4704,0.3513,0.448,7,1,8
823363,2026-06-26,4.3662,4.4241,0.4658,0.3579,0.452,4,6,10
823610,2026-06-26,4.5097,4.4102,0.4847,0.3676,0.463,1,2,3
823688,2026-06-26,4.523,4.4241,0.4866,0.3732,0.47,9,8,17
823773,2026-06-26,4.2535,4.4241,0.4543,0.3361,0.4339,6,2,8
824014,2026-06-26,4.422,4.4241,0.4761,0.3561,0.4521,3,9,12
824255,2026-06-26,4.8762,4.4241,0.5173,0.3983,0.4942,8,0,8
824423,2026-06-26,4.4414,4.4241,0.4801,0.3652,0.4645,1,3,4
824582,2026-06-26,4.5284,4.4241,0.4868,0.3706,0.4677,22,1,23
824743,2026-06-26,4.3852,4.4241,0.471,0.3622,0.4563,6,1,7
824824,2026-06-26,4.4578,4.4241,0.488,0.3559,0.4547,3,1,4
822794,2026-06-27,4.1946,4.4241,0.4525,0.334,0.4345,4,7,11
822960,2026-06-27,4.8344,4.4241,0.5043,0.404,0.4972,4,2,6
823038,2026-06-27,4.3731,4.4241,0.4635,0.3594,0.4521,1,5,6
823207,2026-06-27,4.4729,4.4241,0.4775,0.3633,0.4605,5,0,5
823283,2026-06-27,4.17,4.4102,0.4473,0.3376,0.4301,3,15,18
823364,2026-06-27,4.4547,4.4241,0.4826,0.3682,0.4633,7,9,16
823609,2026-06-27,4.3454,4.4102,0.4822,0.3547,0.456,6,2,8
823689,2026-06-27,4.5886,4.4241,0.4795,0.3693,0.4673,5,8,13
823770,2026-06-27,4.4978,4.4241,0.4805,0.3661,0.463,2,8,10
824015,2026-06-27,4.561,4.4241,0.4842,0.372,0.4697,5,2,7
824257,2026-06-27,4.7523,4.4241,0.4953,0.3957,0.4855,6,8,14
824421,2026-06-27,4.3206,4.4241,0.4741,0.3576,0.461,4,3,7
824581,2026-06-27,4.391,4.4241,0.4866,0.3595,0.4587,2,1,3
824745,2026-06-27,4.366,4.4241,0.4665,0.3534,0.4501,4,1,5
824825,2026-06-27,4.4164,4.4241,0.4807,0.3641,0.4637,3,4,7
822795,2026-06-28,4.5926,4.4241,0.4865,0.3686,0.4662,2,3,5
822959,2026-06-28,4.8378,4.4241,0.5097,0.4008,0.4919,5,1,6
823037,2026-06-28,4.3477,4.4241,0.4667,0.3573,0.4548,2,1,3
823204,2026-06-28,4.5089,4.4241,0.4891,0.3696,0.4688,3,2,5
823281,2026-06-28,4.2067,4.4498,0.46,0.3427,0.4429,2,4,6
823362,2026-06-28,4.4884,4.4241,0.4817,0.3659,0.4602,9,4,13
823608,2026-06-28,4.4265,4.4241,0.4768,0.3583,0.4597,4,5,9
823686,2026-06-28,4.4406,4.4241,0.4827,0.3667,0.4611,3,2,5
823769,2026-06-28,4.3731,4.4241,0.4761,0.3621,0.4623,3,4,7
824011,2026-06-28,4.607,4.4241,0.5011,0.3783,0.4778,4,1,5
824256,2026-06-28,4.694,4.4241,0.4967,0.3942,0.489,5,7,12
824422,2026-06-28,4.3633,4.4241,0.47,0.3559,0.4471,6,5,11
824580,2026-06-28,4.5878,4.4241,0.4916,0.3714,0.4672,4,5,9
824744,2026-06-28,4.3633,4.4241,0.4764,0.3588,0.4555,5,4,9
824821,2026-06-28,4.4395,4.4241,0.4811,0.3616,0.4587,4,6,10
822792,2026-06-29,4.4139,4.4241,0.4718,0.3734,0.4644,2,1,3
823121,2026-06-29,4.4046,4.4241,0.4664,0.349,0.4469,6,2,8
823444,2026-06-29,4.5456,4.4241,0.4872,0.3704,0.4688,7,11,18
823529,2026-06-29,4.8138,4.4241,0.5169,0.3948,0.491,3,7,10
823771,2026-06-29,4.4872,4.4241,0.4846,0.3679,0.4662,5,3,8
824176,2026-06-29,4.3691,4.4241,0.4715,0.3565,0.4535,4,5,9
824339,2026-06-29,4.3351,4.4102,0.4625,0.3554,0.4532,7,10,17
824420,2026-06-29,4.2838,4.4102,0.4561,0.3384,0.4371,3,6,9
824662,2026-06-29,4.4993,4.4241,0.4825,0.3787,0.4695,3,2,5
824741,2026-06-29,4.3891,4.446,0.4714,0.3559,0.4549,6,3,9
824822,2026-06-29,4.4279,4.4241,0.4797,0.3599,0.4578,2,8,10
824986,2026-06-29,4.4134,4.4491,0.4754,0.3527,0.4468,4,9,13
825065,2026-06-29,4.4289,4.4241,0.4774,0.3583,0.4589,5,4,9
822793,2026-06-30,4.4419,4.4241,0.4814,0.3584,0.4606,0,3,3
823122,2026-06-30,4.4018,4.4241,0.4761,0.3614,0.458,8,3,11
823445,2026-06-30,4.6736,4.4241,0.502,0.3875,0.4812,8,0,8
823528,2026-06-30,4.4337,4.4241,0.4676,0.3687,0.4669,3,9,12
823768,2026-06-30,4.491,4.4241,0.4879,0.3667,0.462,7,2,9
824096,2026-06-30,4.417,4.4241,0.4719,0.3625,0.4529,4,10,14
824175,2026-06-30,4.3034,4.4241,0.4625,0.3449,0.4454,6,4,10
824338,2026-06-30,4.3618,4.4102,0.4754,0.3514,0.4501,3,14,17
824418,2026-06-30,4.3897,4.4102,0.4712,0.3598,0.4558,2,4,6
824661,2026-06-30,4.4832,4.4241,0.4766,0.3667,0.4639,9,7,16
824742,2026-06-30,4.3271,4.4241,0.4733,0.3518,0.452,1,8,9
824819,2026-06-30,4.4973,4.4241,0.4836,0.3719,0.4681,3,9,12
824907,2026-06-30,4.4151,4.4498,0.481,0.3567,0.4535,3,5,8
824984,2026-06-30,4.4645,4.4491,0.471,0.3637,0.4616,3,9,12
825066,2026-06-30,4.4782,4.4241,0.4748,0.3672,0.4676,8,2,10
822791,2026-07-01,4.4878,4.3897,0.4795,0.3675,0.4679,9,3,12
823446,2026-07-01,4.4916,4.4269,0.4845,0.3602,0.458,10,6,16
823530,2026-07-01,4.505,4.3924,0.4791,0.3773,0.4755,2,6,8
823767,2026-07-01,4.5058,4.3152,0.4675,0.3741,0.4725,4,2,6
824094,2026-07-01,4.4878,4.4128,0.4808,0.3694,0.466,0,4,4
824174,2026-07-01,4.5052,4.4088,0.4848,0.3665,0.4708,3,8,11
824337,2026-07-01,4.4916,4.475,0.4836,0.3624,0.4604,6,3,9
824419,2026-07-01,4.4708,4.3995,0.4704,0.3704,0.4651,9,4,13
824660,2026-07-01,4.4916,4.4232,0.4786,0.3697,0.4687,23,3,26
824740,2026-07-01,4.4878,4.2883,0.477,0.3697,0.4718,2,10,12
824818,2026-07-01,4.4734,4.6047,0.5028,0.3543,0.4518,6,1,7
824905,2026-07-01,4.4878,4.4146,0.4824,0.3723,0.4689,5,1,6
824985,2026-07-01,4.5058,4.6444,0.4988,0.3486,0.4458,7,1,8
825064,2026-07-01,4.5058,4.3628,0.4789,0.3656,0.4632,4,6,10
822884,2026-07-02,4.4878,4.401,0.4767,0.3625,0.4654,10,4,14
823119,2026-07-02,4.473,4.3821,0.4805,0.3682,0.4688,1,0,1
823442,2026-07-02,4.4916,4.4558,0.478,0.3662,0.4637,1,6,7
823765,2026-07-02,4.4734,4.371,0.4781,0.3721,0.4699,2,7,9
823935,2026-07-02,4.4916,4.4947,0.489,0.3604,0.4561,12,7,19
824093,2026-07-02,4.4916,4.4128,0.4795,0.3694,0.4663,2,5,7
824335,2026-07-02,4.4916,4.42,0.4774,0.3634,0.459,14,4,18
824416,2026-07-02,4.4614,4.4763,0.4937,0.3652,0.4628,6,5,11
824906,2026-07-02,4.4266,4.3857,0.4793,0.3592,0.4577,5,11,16
822714,2026-07-03,4.4878,4.5049,0.4778,0.3653,0.4625,9,5,14
823120,2026-07-03,4.4878,4.4445,0.4852,0.365,0.4585,0,2,2
823527,2026-07-03,4.505,4.6894,0.5096,0.355,0.4483,5,2,7
823933,2026-07-03,4.4916,4.2737,0.462,0.3748,0.4699,4,3,7
824013,2026-07-03,4.4708,4.3897,0.4851,0.3677,0.462,2,5,7
824173,2026-07-03,4.4916,4.345,0.4714,0.3755,0.4706,1,3,4
824336,2026-07-03,4.4784,4.3984,0.4781,0.3691,0.4666,15,3,18
824417,2026-07-03,4.4614,4.4707,0.4776,0.355,0.4508,4,3,7
824498,2026-07-03,4.4708,4.4092,0.4788,0.3762,0.4726,0,3,3
824659,2026-07-03,4.4916,4.5224,0.4883,0.3651,0.4639,1,17,18
824904,2026-07-03,4.4878,4.4759,0.4872,0.3671,0.4653,5,3,8
824982,2026-07-03,4.5052,4.5587,0.4869,0.3555,0.4466,5,12,17
825062,2026-07-03,4.5058,4.4352,0.4839,0.3699,0.4632,4,7,11
822716,2026-07-04,4.4579,4.5105,0.4764,0.3631,0.4598,1,7,8
822882,2026-07-04,4.4818,4.4241,0.4831,0.3586,0.4628,0,3,3
823118,2026-07-04,4.4708,4.4323,0.4895,0.3733,0.4631,11,0,11
823526,2026-07-04,4.5603,4.4963,0.4955,0.3648,0.4548,4,11,15
823932,2026-07-04,4.4916,4.319,0.4769,0.3755,0.4692,3,0,3
824012,2026-07-04,4.4708,4.278,0.461,0.3761,0.477,1,8,9
824092,2026-07-04,4.4916,4.5511,0.4871,0.3535,0.4444,1,6,7
824171,2026-07-04,4.5052,4.3935,0.4796,0.3693,0.47,10,8,18
824334,2026-07-04,4.4784,4.4824,0.4864,0.3719,0.4664,4,6,10
824415,2026-07-04,4.4614,4.4419,0.4781,0.3633,0.4608,1,3,4
824499,2026-07-04,4.4882,4.4092,0.4779,0.3763,0.467,5,8,13
824658,2026-07-04,4.4916,4.4974,0.4899,0.3652,0.4586,0,3,3
824903,2026-07-04,4.5052,4.4497,0.4765,0.3685,0.4648,14,3,17
824983,2026-07-04,4.4916,4.4678,0.4914,0.3654,0.4637,2,7,9
825063,2026-07-04,4.5058,4.4348,0.4817,0.3709,0.4625,4,3,7
822715,2026-07-05,4.473,4.5018,0.48,0.358,0.4556,5,11,16
822879,2026-07-05,4.4818,4.384,0.4752,0.3693,0.4592,3,6,9
823117,2026-07-05,4.4708,4.3294,0.465,0.3678,0.4638,4,0,4
823525,2026-07-05,4.4708,4.522,0.4919,0.3701,0.463,1,6,7
823931,2026-07-05,4.5058,4.3987,0.4702,0.3748,0.4721,2,5,7
824010,2026-07-05,4.4708,4.4084,0.4839,0.3691,0.4662,5,7,12
824091,2026-07-05,4.4878,4.5421,0.4918,0.3621,0.4548,5,2,7
824172,2026-07-05,4.4916,4.3698,0.4675,0.3729,0.4676,2,0,2
824333,2026-07-05,4.4784,4.3422,0.4687,0.3754,0.4727,7,6,13
824413,2026-07-05,4.4708,4.4549,0.4755,0.3589,0.4565,6,7,13
824497,2026-07-05,4.4878,4.4575,0.4821,0.3722,0.4686,3,2,5
824656,2026-07-05,4.4916,4.474,0.4892,0.3668,0.4643,6,4,10
824902,2026-07-05,4.4878,4.5589,0.4914,0.3603,0.4561,9,10,19
824980,2026-07-05,4.4916,4.5009,0.4872,0.3569,0.4529,8,9,17
825061,2026-07-05,4.5058,4.4348,0.4774,0.3682,0.4665,2,3,5
822712,2026-07-06,4.4878,4.4576,0.4909,0.3689,0.4652,12,11,23
822958,2026-07-06,4.5221,4.3259,0.4658,0.3851,0.4805,1,5,6
823036,2026-07-06,4.4855,4.4574,0.4909,0.3681,0.4622,3,4,7
823205,2026-07-06,4.4818,4.3577,0.4789,0.3703,0.4678,10,1,11
823282,2026-07-06,4.4784,4.4072,0.4729,0.3677,0.4641,0,8,8
823930,2026-07-06,4.4916,4.4576,0.4865,0.3623,0.457,8,7,15
824089,2026-07-06,4.4878,4.6216,0.4977,0.3499,0.4455,15,1,16
824900,2026-07-06,4.4878,4.4427,0.4832,0.3607,0.4612,6,7,13
822713,2026-07-07,4.5052,4.4552,0.4886,0.3628,0.4582,3,6,9
822881,2026-07-07,4.5052,4.4424,0.4855,0.363,0.4602,8,3,11
822956,2026-07-07,4.5221,4.3413,0.4743,0.3754,0.4724,6,4,10
823035,2026-07-07,4.4855,4.5334,0.4857,0.367,0.4656,2,10,12
823062,2026-07-07,4.4855,4.6604,0.5036,0.3519,0.4411,3,4,7
823203,2026-07-07,4.4818,4.4029,0.4898,0.3665,0.4667,3,9,12
823280,2026-07-07,4.4784,4.46,0.4841,0.3591,0.4504,4,1,5
823361,2026-07-07,4.5052,4.4513,0.4823,0.3607,0.4555,12,4,16
823607,2026-07-07,4.4818,4.4412,0.4884,0.3562,0.4567,12,16,28
823687,2026-07-07,4.4878,4.3197,0.4705,0.3844,0.4784,3,1,4
823847,2026-07-07,4.4855,4.3233,0.4701,0.3703,0.468,6,5,11
823929,2026-07-07,4.4916,4.4576,0.4833,0.3542,0.4556,3,4,7
824254,2026-07-07,4.4855,4.4996,0.4879,0.3555,0.4543,6,2,8
824495,2026-07-07,4.4818,4.4017,0.4685,0.371,0.4684,1,4,5
824579,2026-07-07,4.4855,4.3644,0.4797,0.3754,0.4736,1,8,9
824820,2026-07-07,4.4878,4.4275,0.4896,0.3712,0.465,2,5,7
822710,2026-07-08,4.5054,4.4466,0.4871,0.3702,0.4655,8,2,10
822880,2026-07-08,4.488,4.4466,0.4873,0.3667,0.4583,1,13,14
822957,2026-07-08,4.5054,4.4416,0.4836,0.3703,0.4624,3,0,3
823032,2026-07-08,4.498,4.4466,0.4881,0.3757,0.4688,5,1,6
823202,2026-07-08,4.498,4.4416,0.4855,0.3645,0.4571,0,10,10
823279,2026-07-08,4.488,4.4466,0.4749,0.3704,0.4677,10,4,14
823360,2026-07-08,4.5054,4.4466,0.4765,0.3558,0.4522,0,3,3
823605,2026-07-08,4.5054,4.4416,0.4832,0.3708,0.4698,6,2,8
823684,2026-07-08,4.5054,4.4476,0.4876,0.3676,0.4634,6,5,11
823848,2026-07-08,4.498,4.4416,0.4894,0.3658,0.4633,2,0,2
823928,2026-07-08,4.5054,4.5242,0.4893,0.3684,0.4599,4,3,7
824253,2026-07-08,4.498,4.4416,0.482,0.3695,0.4678,6,1,7
824496,2026-07-08,4.488,4.4466,0.4802,0.3636,0.463,11,5,16
824578,2026-07-08,4.5054,4.4466,0.4873,0.3685,0.4624,0,5,5
824815,2026-07-08,4.5054,4.4466,0.4912,0.3636,0.462,7,9,16
822877,2026-07-09,4.5054,4.4466,0.4857,0.3656,0.46,7,6,13
822954,2026-07-09,4.5054,4.4476,0.4795,0.3588,0.4569,4,12,16
823034,2026-07-09,4.498,4.4416,0.4745,0.361,0.4599,4,8,12
823201,2026-07-09,4.4764,4.4466,0.4834,0.3733,0.47,8,2,10
823277,2026-07-09,4.5054,4.4402,0.4844,0.366,0.4598,1,3,4
823359,2026-07-09,4.5054,4.4466,0.4806,0.3692,0.4635,5,10,15
823606,2026-07-09,4.498,4.4416,0.4858,0.3633,0.4571,7,3,10
823683,2026-07-09,4.5054,4.4416,0.4788,0.3656,0.4663,2,5,7
823846,2026-07-09,4.498,4.4416,0.4829,0.3715,0.4717,8,4,12
824251,2026-07-09,4.498,4.4416,0.4942,0.367,0.4644,4,1,5
824494,2026-07-09,4.5054,4.4466,0.4809,0.3646,0.4586,0,1,1
824577,2026-07-09,4.498,4.4092,0.4813,0.3676,0.4637,1,2,3
824816,2026-07-09,4.5054,4.4466,0.4845,0.3657,0.4576,3,2,5
822709,2026-07-10,4.5054,4.4416,0.4754,0.3654,0.4647,3,5,8
822878,2026-07-10,4.5054,4.4466,0.4757,0.3633,0.4596,7,3,10
822955,2026-07-10,4.5054,4.4416,0.4808,0.3751,0.468,7,2,9
823033,2026-07-10,4.498,4.4466,0.4799,0.3625,0.4627,2,1,3
823200,2026-07-10,4.5054,4.4466,0.4923,0.3733,0.4687,3,4,7
823278,2026-07-10,4.488,4.4655,0.4924,0.3624,0.4609,3,5,8
823604,2026-07-10,4.498,4.4416,0.4919,0.3643,0.4657,2,6,8
823685,2026-07-10,4.5054,4.4645,0.4847,0.3646,0.4598,3,4,7
823845,2026-07-10,4.498,4.4416,0.4866,0.3617,0.455,2,3,5
823927,2026-07-10,4.5054,4.4466,0.4819,0.3718,0.4672,3,9,12
824252,2026-07-10,4.5054,4.4466,0.4759,0.3719,0.4654,10,2,12
824493,2026-07-10,4.488,4.4466,0.4862,0.3612,0.4604,4,0,4
824575,2026-07-10,4.498,4.4416,0.4844,0.3653,0.4675,14,1,15
824817,2026-07-10,4.5054,4.4416,0.486,0.3619,0.4625,5,3,8
822711,2026-07-11,4.5054,4.4466,0.4867,0.353,0.4528,2,4,6
822875,2026-07-11,4.5054,4.4466,0.4841,0.3655,0.4624,3,9,12
822953,2026-07-11,4.5054,4.4466,0.4875,0.3665,0.4594,6,1,7
823030,2026-07-11,4.498,4.4466,0.4829,0.3725,0.4738,4,1,5
823198,2026-07-11,4.5054,4.4466,0.4778,0.3634,0.4589,4,2,6
823276,2026-07-11,4.498,4.4416,0.4839,0.3683,0.4602,8,7,15
823356,2026-07-11,4.498,4.4416,0.4771,0.3728,0.4731,3,2,5
823357,2026-07-11,4.498,4.4416,0.4809,0.3601,0.4611,7,6,13
823603,2026-07-11,4.498,4.4416,0.4771,0.3617,0.4588,0,4,4
823682,2026-07-11,4.5054,4.4466,0.4856,0.3633,0.4603,5,3,8
823844,2026-07-11,4.498,4.4476,0.4873,0.373,0.4687,1,4,5
823926,2026-07-11,4.5054,4.4466,0.4894,0.3721,0.4674,2,9,11
824249,2026-07-11,4.498,4.4466,0.4846,0.3662,0.4635,2,4,6
824492,2026-07-11,4.498,4.4905,0.4883,0.3627,0.458,3,5,8
824576,2026-07-11,4.498,4.4416,0.4764,0.3608,0.4595,1,0,1
824813,2026-07-11,4.5054,4.4416,0.4859,0.3668,0.4573,6,1,7
822708,2026-07-12,4.5054,4.4466,0.4778,0.3643,0.4621,3,5,8
822876,2026-07-12,4.5054,4.4466,0.4857,0.371,0.464,6,5,11
822951,2026-07-12,4.5054,4.4416,0.4911,0.3707,0.4657,2,8,10
823029,2026-07-12,4.498,4.4416,0.4749,0.3715,0.467,3,4,7
823199,2026-07-12,4.5054,4.4466,0.4873,0.3715,0.4675,3,1,4
823274,2026-07-12,4.498,4.4416,0.4742,0.3621,0.4598,5,4,9
823358,2026-07-12,4.498,4.4416,0.4752,0.3615,0.4639,14,5,19
823602,2026-07-12,4.5054,4.4416,0.494,0.3601,0.4586,2,3,5
823681,2026-07-12,4.5054,4.4466,0.4885,0.3604,0.4569,4,2,6
823842,2026-07-12,4.498,4.4416,0.478,0.3594,0.4603,2,5,7
823925,2026-07-12,4.5054,4.4466,0.4859,0.3589,0.4544,3,5,8
824250,2026-07-12,4.498,4.4416,0.4826,0.3766,0.4745,0,5,5
824491,2026-07-12,4.498,4.4466,0.4855,0.3664,0.4616,4,8,12
824574,2026-07-12,4.498,4.4416,0.4895,0.3663,0.4629,9,1,10
824814,2026-07-12,4.5054,4.4416,0.4802,0.3613,0.4593,8,2,10
823440,2026-07-16,4.5054,4.4416,0.4759,0.3686,0.4657,1,4,5
822789,2026-07-17,4.488,4.4466,0.483,0.3652,0.4643,4,12,16
823115,2026-07-17,4.488,4.4416,0.4811,0.3582,0.4538,0,7,7
823524,2026-07-17,4.498,4.4466,0.4867,0.3656,0.4648,1,2,3
823766,2026-07-17,4.498,4.4466,0.4841,0.3644,0.4612,2,1,3
824009,2026-07-17,4.5054,4.4466,0.4933,0.374,0.4681,1,2,3
824090,2026-07-17,4.5054,4.4466,0.4796,0.3638,0.4598,7,6,13
824170,2026-07-17,4.5054,4.4416,0.4892,0.361,0.4583,2,3,5
824332,2026-07-17,4.5054,4.4466,0.4801,0.3689,0.4662,2,7,9
824655,2026-07-17,4.5054,4.4466,0.4814,0.3723,0.4675,2,5,7
824737,2026-07-17,4.498,4.4466,0.4755,0.365,0.4539,5,3,8
824766,2026-07-17,4.488,4.4466,0.4793,0.3665,0.461,10,0,10
824901,2026-07-17,4.488,4.4402,0.4843,0.3625,0.4551,15,1,16
824981,2026-07-17,4.5054,4.4466,0.4797,0.3597,0.4613,4,23,27
825060,2026-07-17,4.5054,4.4466,0.4816,0.3656,0.4671,4,5,9
822790,2026-07-18,4.3658,4.409,0.4687,0.3591,0.455,1,0,1
823116,2026-07-18,4.8825,4.3541,0.5067,0.4149,0.5119,4,3,7
823441,2026-07-18,4.3593,4.3823,0.4779,0.3613,0.4614,6,1,7
823763,2026-07-18,4.3108,4.4449,0.4703,0.3462,0.4447,8,6,14
824008,2026-07-18,4.0795,4.4838,0.4505,0.3242,0.4216,0,7,7
824088,2026-07-18,4.6632,4.4088,0.4941,0.3825,0.4763,6,1,7
824169,2026-07-18,4.5023,4.358,0.4822,0.368,0.4615,2,4,6
824331,2026-07-18,5.0198,4.4685,0.5311,0.4178,0.5122,10,3,13
824412,2026-07-18,3.8393,4.4853,0.4227,0.3019,0.399,5,3,8
824414,2026-07-18,4.3798,4.4936,0.4863,0.3449,0.4413,1,7,8
824657,2026-07-18,4.9791,4.4957,0.5334,0.4116,0.5033,6,2,8
824738,2026-07-18,5.2187,4.4838,0.5425,0.4318,0.518,7,6,13
824899,2026-07-18,4.1357,4.4936,0.4591,0.336,0.4316,6,7,13
824979,2026-07-18,4.4927,4.5156,0.4883,0.3715,0.4662,15,1,16
825059,2026-07-18,4.499,4.3791,0.4802,0.3736,0.4718,5,3,8
822786,2026-07-19,4.3394,4.4064,0.4608,0.3542,0.4525,0,3,3
823113,2026-07-19,4.174,4.4297,0.4586,0.3293,0.4316,6,3,9
823439,2026-07-19,4.3531,4.3902,0.4668,0.3529,0.4554,1,6,7
823521,2026-07-19,4.3389,4.4742,0.4765,0.3519,0.4484,2,1,3
823523,2026-07-19,4.1472,4.4306,0.4521,0.3324,0.4306,2,8,10
823764,2026-07-19,4.6969,4.4449,0.5008,0.3817,0.4738,3,1,4
824007,2026-07-19,4.1996,4.4685,0.4635,0.3305,0.4302,3,2,5
824086,2026-07-19,4.588,4.4685,0.4892,0.3764,0.4707,2,19,21
824168,2026-07-19,4.4012,4.4297,0.4823,0.3668,0.4646,2,5,7
824330,2026-07-19,4.8703,4.4621,0.5082,0.4014,0.4878,6,9,15
824411,2026-07-19,4.0558,4.4853,0.4565,0.3236,0.4212,1,7,8
824653,2026-07-19,5.053,4.4945,0.5349,0.4226,0.5161,10,1,11
824739,2026-07-19,5.0559,4.4685,0.5291,0.4208,0.5108,6,1,7
824897,2026-07-19,4.3712,4.4936,0.4774,0.359,0.4555,8,5,13
824978,2026-07-19,3.8729,4.4958,0.4265,0.3069,0.4093,2,5,7
825057,2026-07-19,4.6661,4.3791,0.4951,0.3844,0.4783,8,7,15
822788,2026-07-20,4.0304,4.4161,0.4394,0.3248,0.4212,1,7,8
822874,2026-07-20,4.69,4.3914,0.4947,0.3865,0.4831,3,10,13
823112,2026-07-20,4.4747,4.3564,0.4763,0.3648,0.4624,8,0,8
823436,2026-07-20,4.4531,4.4896,0.4832,0.3609,0.4607,10,7,17
823522,2026-07-20,4.8223,4.5111,0.5127,0.3959,0.494,8,5,13
823762,2026-07-20,4.2284,4.4539,0.456,0.3375,0.4333,8,3,11
824006,2026-07-20,4.2319,4.4432,0.4643,0.3488,0.4435,3,2,5
824087,2026-07-20,4.6425,4.4685,0.4946,0.3796,0.4732,4,3,7
824167,2026-07-20,4.3565,4.4297,0.4712,0.3538,0.4527,8,5,13
824328,2026-07-20,4.4435,4.3924,0.4794,0.3689,0.462,3,7,10
824410,2026-07-20,4.3452,4.4106,0.4644,0.3635,0.4559,13,4,17
824654,2026-07-20,4.8358,4.4838,0.5094,0.3998,0.4917,6,8,14
824736,2026-07-20,5.4709,4.4685,0.5543,0.4388,0.5289,6,5,11
824898,2026-07-20,4.2979,4.4685,0.4649,0.3494,0.4447,3,2,5
825058,2026-07-20,5.1459,4.5112,0.542,0.4098,0.5066,2,5,7
822787,2026-07-21,4.3612,4.4297,0.4717,0.3523,0.448,2,12,14
822871,2026-07-21,4.4495,4.4493,0.4777,0.3665,0.464,10,0,10
823114,2026-07-21,4.2878,4.4449,0.4582,0.3449,0.442,2,4,6
823437,2026-07-21,4.357,4.4743,0.4775,0.3527,0.4497,1,2,3
823760,2026-07-21,4.0811,4.4539,0.4416,0.3257,0.4259,0,4,4
824005,2026-07-21,4.3722,4.4242,0.4661,0.355,0.4588,5,1,6
824085,2026-07-21,4.5598,4.3923,0.4883,0.3762,0.4688,3,2,5
824165,2026-07-21,4.5012,4.4493,0.484,0.3677,0.4611,5,3,8
824329,2026-07-21,4.7002,4.5028,0.5123,0.3805,0.4734,8,7,15
824409,2026-07-21,4.4191,4.5111,0.4794,0.3598,0.4543,5,2,7
824652,2026-07-21,5.2035,4.4804,0.5454,0.4276,0.5221,11,2,13
824895,2026-07-21,4.9997,4.4685,0.5255,0.4055,0.5008,3,8,11
825056,2026-07-21,5.0349,4.3397,0.5128,0.4184,0.5145,6,5,11
822784,2026-07-22,4.1446,4.4297,0.4469,0.3374,0.4297,2,4,6
822873,2026-07-22,4.4481,4.3914,0.4711,0.3672,0.4702,2,4,6
823110,2026-07-22,4.5357,4.4297,0.4828,0.3753,0.4753,3,5,8
823438,2026-07-22,4.551,4.4743,0.4949,0.373,0.4692,5,9,14
823518,2026-07-22,4.6294,4.4958,0.4958,0.379,0.4755,3,5,8
823519,2026-07-22,4.5678,4.4958,0.5031,0.3665,0.4604,2,0,2
823761,2026-07-22,4.8859,4.4188,0.5172,0.4027,0.4989,4,3,7
824004,2026-07-22,5.0468,4.3974,0.5314,0.4174,0.5116,0,1,1
824083,2026-07-22,4.4815,4.4039,0.4794,0.371,0.4678,5,4,9
824166,2026-07-22,4.4522,4.4297,0.4822,0.3531,0.4501,5,2,7
824327,2026-07-22,4.2961,4.4936,0.4629,0.3393,0.4376,0,8,8
824408,2026-07-22,4.5405,4.373,0.4887,0.3787,0.4779,6,10,16
824650,2026-07-22,4.8214,4.4958,0.5204,0.392,0.4822,1,5,6
824732,2026-07-22,5.3216,4.4685,0.548,0.4325,0.5255,1,5,6
824735,2026-07-22,5.6531,4.5058,0.5814,0.4595,0.5488,6,3,9
824896,2026-07-22,4.3661,4.4685,0.4693,0.3519,0.4515,7,6,13
825055,2026-07-22,4.6454,4.4527,0.4977,0.3773,0.4783,15,5,20
822785,2026-07-23,4.3331,4.4493,0.4707,0.3611,0.4531,3,1,4
823042,2026-07-23,4.3901,4.4685,0.4776,0.3497,0.4476,6,10,16
824247,2026-07-23,3.9032,4.6758,0.4535,0.2988,0.3929,4,3,7
824406,2026-07-23,5.1083,4.388,0.5222,0.4249,0.5179,1,3,4
824893,2026-07-23,4.3381,4.4804,0.4758,0.3531,0.4508,6,5,11
822707,2026-07-24,4.9592,4.4205,0.5172,0.4043,0.4935,2,3,5
822872,2026-07-24,4.5432,4.4064,0.4861,0.3712,0.466,5,4,9
822952,2026-07-24,5.3317,4.4241,0.542,0.441,0.5285,11,3,14
823031,2026-07-24,4.2407,4.3792,0.4506,0.3403,0.4415,2,4,6
823196,2026-07-24,4.1956,4.4228,0.4539,0.334,0.4368,7,6,13
823352,2026-07-24,4.6893,4.4783,0.5023,0.3791,0.4687,2,3,5
823434,2026-07-24,4.4752,4.4431,0.4891,0.3698,0.4646,0,1,1
823601,2026-07-24,4.5405,4.5762,0.5001,0.3586,0.4556,2,4,6
823680,2026-07-24,4.3688,4.4901,0.4848,0.3469,0.4482,0,2,2
823759,2026-07-24,4.2861,4.5823,0.4723,0.3396,0.4323,2,5,7
823843,2026-07-24,4.4621,4.4297,0.4826,0.3623,0.4594,2,4,6
824248,2026-07-24,4.0193,4.496,0.4434,0.3093,0.4066,2,1,3
824573,2026-07-24,4.3406,4.4958,0.4698,0.3406,0.4405,5,9,14
824733,2026-07-24,4.4163,4.4939,0.4829,0.364,0.4575,6,4,10
824812,2026-07-24,4.9716,4.369,0.5107,0.4052,0.502,6,7,13
822704,2026-07-25,4.4971,4.6979,0.4989,0.3588,0.4527,5,3,8
822869,2026-07-25,4.4971,4.4527,0.4801,0.3734,0.4736,7,1,8
822948,2026-07-25,4.4971,4.1058,0.455,0.3864,0.4851,3,0,3
823027,2026-07-25,4.4849,4.5921,0.5033,0.3604,0.4588,7,0,7
823197,2026-07-25,4.4971,4.1719,0.4564,0.3841,0.4868,9,2,11
823355,2026-07-25,4.507,4.612,0.4995,0.3601,0.4531,0,11,11
823435,2026-07-25,4.4971,4.2426,0.4706,0.3824,0.4814,1,3,4
823600,2026-07-25,4.4971,4.529,0.4881,0.3576,0.4562,3,4,7
823679,2026-07-25,4.4971,4.047,0.4472,0.3903,0.4893,2,0,2
823758,2026-07-25,4.4869,3.9074,0.4314,0.4002,0.5059,8,5,13
823841,2026-07-25,4.507,4.5553,0.4985,0.3627,0.4611,2,7,9
824244,2026-07-25,4.4869,3.9004,0.437,0.4032,0.5051,2,3,5
824571,2026-07-25,4.4869,4.7036,0.5028,0.3455,0.4403,1,4,5
824734,2026-07-25,4.507,4.6415,0.4967,0.3567,0.4494,0,6,6
824811,2026-07-25,4.4971,4.5835,0.497,0.3649,0.4568,3,2,5
822706,2026-07-26,4.507,4.3215,0.4734,0.3823,0.4748,10,7,17
822870,2026-07-26,4.4971,4.4188,0.4805,0.3644,0.4632,4,6,10
822950,2026-07-26,4.4971,4.1822,0.4693,0.3774,0.4778,1,0,1
823028,2026-07-26,4.4849,4.4471,0.4773,0.3703,0.4656,3,5,8
823194,2026-07-26,4.4971,4.1145,0.4625,0.3895,0.491,3,4,7
823354,2026-07-26,4.507,4.4219,0.4818,0.3689,0.4639,8,7,15
823433,2026-07-26,4.4971,4.4831,0.4862,0.3699,0.4684,11,4,15
823599,2026-07-26,4.4849,4.6017,0.4963,0.3513,0.4456,8,3,11
823678,2026-07-26,4.4971,4.2896,0.4706,0.3789,0.4753,11,8,19
823755,2026-07-26,4.4869,4.0884,0.4441,0.3934,0.4907,11,2,13
823840,2026-07-26,4.507,4.3496,0.4762,0.3742,0.4672,3,5,8
824246,2026-07-26,4.4869,4.1333,0.4612,0.3923,0.4925,4,5,9
824572,2026-07-26,4.4971,4.9109,0.5277,0.3393,0.4288,12,3,15
824730,2026-07-26,4.507,4.3683,0.4778,0.3747,0.4693,6,1,7
824810,2026-07-26,4.4971,4.3915,0.4665,0.3735,0.474,2,3,5
822705,2026-07-27,4.507,4.6252,0.5062,0.3557,0.4561,2,3,5
822868,2026-07-27,4.4971,4.1074,0.4489,0.3901,0.4865,7,3,10
823025,2026-07-27,4.4849,4.0697,0.4399,0.3928,0.4912,3,7,10
823195,2026-07-27,4.4971,4.8577,0.5161,0.3403,0.4347,3,0,3
823353,2026-07-27,4.507,4.5063,0.4832,0.3561,0.4558,3,2,5
823597,2026-07-27,4.4971,4.2396,0.4578,0.3841,0.4835,14,3,17
823839,2026-07-27,4.4869,4.5392,0.5022,0.3538,0.4492,8,7,15
824001,2026-07-27,4.4971,4.6154,0.5037,0.3571,0.4481,4,6,10
824245,2026-07-27,4.4971,4.8105,0.5189,0.3486,0.445,5,8,13
824570,2026-07-27,4.4869,4.463,0.491,0.3752,0.4669,5,9,14
824977,2026-07-27,4.4971,4.8465,0.5111,0.3399,0.433,2,4,6
822703,2026-07-28,4.507,4.5085,0.485,0.3679,0.4656,8,6,14
822949,2026-07-28,4.4971,4.5729,0.4932,0.3616,0.4593,1,4,5
823026,2026-07-28,4.4849,4.4156,0.4743,0.3682,0.4688,2,10,12
823193,2026-07-28,4.4971,4.9379,0.517,0.3362,0.4271,2,8,10
823275,2026-07-28,4.507,4.6285,0.488,0.3502,0.4431,8,7,15
823350,2026-07-28,4.507,4.564,0.4928,0.3563,0.4541,7,8,15
823676,2026-07-28,4.4971,4.2373,0.4654,0.3751,0.4737,3,2,5
823838,2026-07-28,4.4869,4.1414,0.4448,0.3888,0.4908,1,0,1
823923,2026-07-28,4.4971,4.4373,0.4894,0.3716,0.4638,6,7,13
824003,2026-07-28,4.4971,4.5824,0.4908,0.3578,0.4571,2,3,5
824243,2026-07-28,4.4971,4.5786,0.4967,0.3517,0.4469,14,0,14
824489,2026-07-28,4.4971,4.3475,0.4778,0.367,0.4683,2,0,2
824490,2026-07-28,4.4971,4.4999,0.4828,0.3639,0.4575,5,6,11
824569,2026-07-28,4.4869,4.0785,0.4494,0.3816,0.4819,2,3,5
824976,2026-07-28,4.4971,4.3854,0.4782,0.3675,0.4681,4,3,7
822702,2026-07-29,4.507,4.5111,0.4836,0.3732,0.4693,2,5,7
822947,2026-07-29,4.4971,4.5562,0.4984,0.3607,0.4583,3,0,3
823022,2026-07-29,4.4849,4.375,0.4824,0.3702,0.4678,3,2,5
823192,2026-07-29,4.4971,3.9762,0.4446,0.3972,0.4997,16,3,19
823273,2026-07-29,4.507,3.94,0.4469,0.4012,0.5026,3,1,4
823351,2026-07-29,4.4869,4.0391,0.44,0.3921,0.4917,0,3,3
823596,2026-07-29,4.4869,3.9737,0.4376,0.402,0.5044,3,2,5
823598,2026-07-29,4.4869,4.6962,0.5029,0.3428,0.4415,0,1,1
823677,2026-07-29,4.4971,3.9071,0.4392,0.4062,0.5012,0,4,4
823837,2026-07-29,4.4869,4.5073,0.4836,0.3609,0.4621,8,6,14
823924,2026-07-29,4.4971,4.2741,0.4749,0.3811,0.4797,4,2,6
824002,2026-07-29,4.4971,4.3676,0.4709,0.3711,0.4733,4,7,11
824242,2026-07-29,4.4971,4.7627,0.5113,0.3411,0.438,9,10,19
824487,2026-07-29,4.4971,4.2796,0.4708,0.3815,0.4769,1,6,7
824567,2026-07-29,4.4869,3.8969,0.4403,0.4008,0.5052,6,5,11
824973,2026-07-29,4.4971,4.3819,0.4679,0.3655,0.4598,2,4,6
822946,2026-07-30,4.4971,4.3646,0.479,0.3704,0.4716,3,2,5
823023,2026-07-30,4.4849,4.6194,0.4978,0.3427,0.4372,2,4,6
823271,2026-07-30,4.4869,4.6008,0.5015,0.3565,0.4498,1,4,5
823595,2026-07-30,4.4849,4.6081,0.4957,0.347,0.4444,4,2,6
823674,2026-07-30,4.4971,4.0687,0.4505,0.3924,0.4904,4,3,7
823921,2026-07-30,4.4971,4.2313,0.4677,0.3942,0.4934,6,2,8
824488,2026-07-30,4.4971,4.4117,0.4841,0.3747,0.4698,3,2,5
824568,2026-07-30,4.4869,3.9422,0.4386,0.4019,0.5033,2,1,3
824894,2026-07-30,4.4971,4.644,0.5009,0.3539,0.4505,5,4,9
824974,2026-07-30,4.507,4.4906,0.4905,0.3571,0.4546,4,5,9
822782,2026-07-31,4.4849,4.1708,0.4588,0.3795,0.4757,3,1,4
822945,2026-07-31,4.4971,4.4724,0.4937,0.3704,0.464,1,6,7
823111,2026-07-31,4.507,4.2549,0.4696,0.3871,0.4885,3,5,8
823272,2026-07-31,4.4869,4.2208,0.4583,0.38,0.4787,7,0,7
823593,2026-07-31,4.4849,4.6843,0.5039,0.35,0.4448,2,5,7
823922,2026-07-31,4.4971,4.6621,0.5017,0.3536,0.4476,4,9,13
823999,2026-07-31,4.4971,4.3799,0.4732,0.3706,0.4722,2,6,8
824164,2026-07-31,4.4971,4.1888,0.4602,0.3869,0.4932,11,2,13
824325,2026-07-31,4.4971,3.9419,0.4449,0.4005,0.5014,3,1,4
824407,2026-07-31,4.4849,4.3246,0.4788,0.3629,0.4645,1,4,5
824486,2026-07-31,4.4971,4.3988,0.4833,0.3729,0.4696,8,7,15
824651,2026-07-31,4.4971,4.3406,0.4729,0.3759,0.4682,0,2,2
824809,2026-07-31,4.507,4.5335,0.4926,0.3531,0.4466,6,4,10
824892,2026-07-31,4.4971,4.1926,0.4592,0.3784,0.4785,6,2,8
824975,2026-07-31,4.507,4.3612,0.4775,0.3671,0.4661,1,13,14
822781,2026-08-01,4.4406,4.4301,0.4692,0.3663,0.4693,5,1,6
822944,2026-08-01,4.5561,4.409,0.482,0.3678,0.4619,1,0,1
823109,2026-08-01,4.452,4.409,0.4764,0.3627,0.463,4,3,7
823269,2026-08-01,4.3951,4.409,0.4603,0.3616,0.4616,6,5,11
823594,2026-08-01,4.5338,4.409,0.4861,0.3788,0.4734,2,6,8
823920,2026-08-01,4.4784,4.409,0.4802,0.3712,0.4679,2,3,5
824000,2026-08-01,4.427,4.409,0.4801,0.3582,0.4546,1,3,4
824162,2026-08-01,4.4758,4.409,0.4745,0.363,0.4592,5,4,9
824326,2026-08-01,4.5135,4.409,0.491,0.372,0.4656,12,6,18
824405,2026-08-01,4.3735,4.4301,0.4717,0.3615,0.4592,8,12,20
824485,2026-08-01,4.4901,4.409,0.4768,0.3776,0.4731,1,4,5
824649,2026-08-01,4.4858,4.409,0.4844,0.3712,0.4692,5,2,7
824808,2026-08-01,4.4788,4.409,0.4834,0.3697,0.4659,0,5,5
824890,2026-08-01,4.58,4.4744,0.4964,0.375,0.4706,8,3,11
824972,2026-08-01,4.3616,4.409,0.4695,0.3554,0.4549,6,8,14
822783,2026-08-02,4.4649,4.409,0.4846,0.3692,0.4639,1,5,6
822943,2026-08-02,4.5378,4.409,0.483,0.3751,0.4716,1,9,10
823107,2026-08-02,4.4147,4.409,0.4745,0.3624,0.4593,7,6,13
823270,2026-08-02,4.4416,4.409,0.479,0.3647,0.46,5,4,9
823592,2026-08-02,4.4973,4.409,0.4748,0.3686,0.4633,0,2,2
823919,2026-08-02,4.4919,4.4301,0.4836,0.3694,0.4622,4,8,12
823996,2026-08-02,4.427,4.409,0.4751,0.3589,0.4534,3,0,3
824163,2026-08-02,4.613,4.409,0.4914,0.3862,0.4842,7,3,10
824323,2026-08-02,4.4856,4.4182,0.4746,0.3677,0.4638,8,1,9
824404,2026-08-02,4.4041,4.4301,0.4767,0.3617,0.4543,5,0,5
824483,2026-08-02,4.6077,4.4301,0.495,0.3791,0.4754,10,2,12
824648,2026-08-02,4.548,4.409,0.483,0.3694,0.4627,1,2,3
824807,2026-08-02,4.3931,4.409,0.4634,0.3562,0.4534,0,8,8
824891,2026-08-02,4.4877,4.409,0.4767,0.3649,0.4624,4,2,6
824971,2026-08-02,4.3874,4.4301,0.4756,0.3591,0.4548,0,11,11
822867,2026-08-03,4.4967,4.4301,0.4794,0.3664,0.4588,1,5,6
823431,2026-08-03,4.4367,4.409,0.4742,0.3675,0.4647,6,3,9
823520,2026-08-03,4.5041,4.4301,0.4924,0.3684,0.4702,7,13,20
823757,2026-08-03,4.4377,4.409,0.4759,0.3604,0.4533,3,4,7
824160,2026-08-03,4.5095,4.409,0.4812,0.3666,0.4684,1,3,4
824324,2026-08-03,4.436,4.4301,0.4779,0.3593,0.4573,9,13,22
824647,2026-08-03,4.5696,4.409,0.4883,0.3753,0.4739,10,5,15
825095,2026-08-03,4.4394,4.409,0.4654,0.3615,0.4593,5,1,6
822865,2026-08-04,4.5324,4.409,0.4848,0.3737,0.4691,5,4,9
823108,2026-08-04,4.4025,4.409,0.4698,0.3668,0.463,0,8,8
823432,2026-08-04,4.4826,4.4301,0.4801,0.3729,0.4661,5,0,5
823517,2026-08-04,4.399,4.409,0.4705,0.3582,0.4564,2,0,2
823756,2026-08-04,4.5037,4.409,0.4845,0.3736,0.4761,4,2,6
824084,2026-08-04,4.4816,4.409,0.48,0.3707,0.4702,8,2,10
824161,2026-08-04,4.6064,4.409,0.4808,0.3822,0.475,7,2,9
824321,2026-08-04,4.4144,4.409,0.4739,0.3606,0.4589,7,9,16
824403,2026-08-04,4.3877,4.4301,0.4705,0.3614,0.4598,2,6,8
824484,2026-08-04,4.6828,4.409,0.4944,0.3842,0.4793,5,4,9
824645,2026-08-04,4.4717,4.409,0.4749,0.3706,0.4705,5,1,6
824731,2026-08-04,4.4758,4.409,0.4733,0.3625,0.459,14,2,16
824805,2026-08-04,4.4833,4.409,0.4802,0.3653,0.4564,3,1,4
824888,2026-08-04,4.3724,4.409,0.4619,0.3519,0.4485,4,2,6
825054,2026-08-04,4.4346,4.409,0.4866,0.3562,0.4538,4,9,13
822866,2026-08-05,4.7461,4.4301,0.5109,0.3961,0.4866,6,0,6
823106,2026-08-05,4.4025,4.409,0.4694,0.3575,0.457,4,2,6
823429,2026-08-05,4.4405,4.4301,0.4784,0.3631,0.4619,4,10,14
823516,2026-08-05,4.4185,4.409,0.4691,0.3579,0.4529,1,3,4
823753,2026-08-05,4.4739,4.409,0.4748,0.3656,0.4631,4,2,6
824082,2026-08-05,4.415,4.409,0.4724,0.3593,0.4638,2,1,3
824158,2026-08-05,4.5002,4.4182,0.4824,0.3715,0.4724,4,5,9
824322,2026-08-05,4.5473,4.4371,0.4952,0.3716,0.4735,0,4,4
824402,2026-08-05,4.3892,4.409,0.4691,0.3527,0.4522,5,6,11
824482,2026-08-05,4.4254,4.4579,0.4755,0.3611,0.4554,3,2,5
824646,2026-08-05,4.4114,4.409,0.4759,0.3496,0.4483,7,6,13
824728,2026-08-05,4.6233,4.409,0.487,0.3782,0.4754,4,0,4
824806,2026-08-05,4.3558,4.409,0.4664,0.3474,0.4425,5,2,7
824889,2026-08-05,4.4143,4.409,0.4769,0.3651,0.4588,4,1,5
825052,2026-08-05,4.5301,4.409,0.4889,0.3726,0.465,10,4,14
823105,2026-08-06,4.4274,4.409,0.4751,0.3629,0.4629,0,11,11
823430,2026-08-06,4.5457,4.4744,0.4853,0.3737,0.4712,7,3,10
823754,2026-08-06,4.4281,4.409,0.4806,0.362,0.4585,5,2,7
824080,2026-08-06,4.3797,4.4182,0.4655,0.3513,0.4466,3,4,7
824401,2026-08-06,4.403,4.409,0.4678,0.3607,0.4566,6,13,19
824481,2026-08-06,4.6012,4.409,0.4869,0.3741,0.4663,6,5,11
824664,2026-08-06,4.4114,4.409,0.4739,0.3611,0.4523,3,2,5
824729,2026-08-06,4.6156,4.409,0.4858,0.3816,0.4814,12,11,23
824804,2026-08-06,4.4237,4.4301,0.4795,0.3567,0.4568,1,4,5
824885,2026-08-06,4.3724,4.409,0.4705,0.3601,0.457,11,3,14
825053,2026-08-06,4.6079,4.409,0.4905,0.3873,0.4793,1,5,6
822699,2026-08-07,4.4527,4.4744,0.4889,0.3557,0.4581,5,3,8
822863,2026-08-07,4.6033,4.409,0.4858,0.3763,0.4735,2,1,3
823024,2026-08-07,4.3435,4.409,0.4693,0.3584,0.4515,3,2,5
823103,2026-08-07,4.4544,4.409,0.4832,0.3579,0.4536,1,2,3
823191,2026-08-07,4.4939,4.409,0.4809,0.3692,0.4685,5,2,7
823266,2026-08-07,4.3937,4.409,0.482,0.3618,0.4594,3,6,9
823349,2026-08-07,4.4272,4.4301,0.4803,0.3541,0.4469,4,6,10
823428,2026-08-07,4.4858,4.409,0.4821,0.366,0.4598,4,5,9
823515,2026-08-07,4.4042,4.409,0.4705,0.3551,0.4564,3,2,5
823750,2026-08-07,4.4532,4.409,0.4838,0.3736,0.4671,6,8,14
823836,2026-08-07,4.4389,4.409,0.4733,0.3621,0.4584,3,4,7
824081,2026-08-07,4.3449,4.4301,0.4739,0.3484,0.4484,4,6,10
824566,2026-08-07,4.4025,4.409,0.4727,0.3573,0.4508,2,8,10
824727,2026-08-07,4.5173,4.409,0.4812,0.3656,0.466,13,1,14
825051,2026-08-07,4.5531,4.409,0.4835,0.3679,0.4653,4,3,7
822701,2026-08-08,4.4991,4.4648,0.4876,0.3581,0.4505,8,2,10
822864,2026-08-08,4.5183,4.3812,0.4792,0.3791,0.4774,5,1,6
823021,2026-08-08,4.3332,4.4085,0.4596,0.3513,0.4514,6,8,14
823102,2026-08-08,4.4296,4.3694,0.4723,0.3707,0.468,2,3,5
823188,2026-08-08,4.3503,4.4082,0.4655,0.3573,0.4521,0,8,8
823267,2026-08-08,4.5592,4.4159,0.4922,0.3777,0.4782,3,2,5
823348,2026-08-08,4.4619,4.3848,0.4764,0.3714,0.472,9,0,9
823426,2026-08-08,4.3986,4.3917,0.4682,0.3612,0.4572,5,7,12
823514,2026-08-08,4.3711,4.4602,0.4752,0.3527,0.4526,5,4,9
823752,2026-08-08,4.472,4.3874,0.4802,0.3729,0.474,4,3,7
823834,2026-08-08,4.5658,4.34,0.478,0.3835,0.4768,7,0,7
824079,2026-08-08,4.2754,4.4534,0.4681,0.3357,0.442,6,3,9
824565,2026-08-08,4.3883,4.4054,0.4664,0.3606,0.4583,6,3,9
824726,2026-08-08,4.6655,4.3715,0.5013,0.3978,0.4901,3,7,10
825049,2026-08-08,4.525,4.3501,0.4769,0.3776,0.4723,1,2,3
822700,2026-08-09,4.5655,4.4323,0.4892,0.3764,0.4709,7,1,8
822862,2026-08-09,4.4876,4.3812,0.4717,0.3722,0.467,5,10,15
823020,2026-08-09,4.4402,4.3614,0.4694,0.3606,0.457,7,4,11
823104,2026-08-09,4.3654,4.3398,0.4518,0.3666,0.4659,1,4,5
823190,2026-08-09,4.3154,4.4018,0.4679,0.3587,0.4546,1,3,4
823268,2026-08-09,4.5112,4.4702,0.488,0.3575,0.4549,7,2,9
823345,2026-08-09,4.4665,4.3838,0.4803,0.3614,0.4601,1,11,12
823425,2026-08-09,4.4504,4.4316,0.4783,0.3613,0.4584,7,6,13
823513,2026-08-09,4.5,4.4222,0.4864,0.3737,0.4676,1,2,3
823751,2026-08-09,4.3499,4.4112,0.4639,0.3507,0.4491,4,3,7
823835,2026-08-09,4.4964,4.3538,0.4732,0.3724,0.473,12,3,15
824078,2026-08-09,4.4357,4.4674,0.4787,0.3661,0.4591,2,10,12
824564,2026-08-09,4.4355,4.4083,0.4763,0.3673,0.4653,5,3,8
824724,2026-08-09,4.5924,4.3962,0.488,0.3775,0.4693,3,4,7
825050,2026-08-09,4.5397,4.3786,0.4771,0.3718,0.4648,4,2,6
822780,2026-08-10,4.3073,4.4073,0.4638,0.3578,0.4586,2,1,3
823018,2026-08-10,4.3892,4.4164,0.4783,0.3564,0.4539,5,6,11
823189,2026-08-10,4.2823,4.48,0.4739,0.3436,0.4386,3,6,9
823265,2026-08-10,4.556,4.3929,0.476,0.3753,0.4723,3,2,5
823675,2026-08-10,4.4227,4.3439,0.4738,0.357,0.455,9,5,14
823918,2026-08-10,4.405,4.4208,0.4732,0.3496,0.4459,6,5,11
823998,2026-08-10,4.3587,4.4573,0.4768,0.3535,0.4549,1,4,5
824887,2026-08-10,4.4234,4.3874,0.4779,0.3668,0.4639,5,8,13
824969,2026-08-10,4.3725,4.3477,0.4611,0.3676,0.4613,6,10,16
825048,2026-08-10,4.5103,4.3974,0.4846,0.3682,0.4667,9,0,9
822697,2026-08-11,4.5402,4.502,0.4969,0.3676,0.4631,6,8,14
822778,2026-08-11,4.2827,4.3897,0.4658,0.3552,0.449,5,3,8
823019,2026-08-11,4.4023,4.4308,0.4667,0.3623,0.4636,2,0,2
823186,2026-08-11,4.3327,4.3923,0.4737,0.3536,0.4441,4,1,5
823264,2026-08-11,4.4714,4.3929,0.4849,0.3697,0.4672,11,2,13
823512,2026-08-11,4.4171,4.4433,0.4778,0.356,0.456,4,1,5
823673,2026-08-11,4.5464,4.3439,0.4693,0.3829,0.4839,2,5,7
823832,2026-08-11,4.5243,4.445,0.4805,0.3724,0.4664,2,0,2
823917,2026-08-11,4.28,4.3829,0.4634,0.3511,0.4501,5,4,9
823997,2026-08-11,4.3538,4.454,0.478,0.3512,0.4482,3,2,5
824240,2026-08-11,4.5827,4.4138,0.4884,0.3742,0.4713,6,4,10
824563,2026-08-11,4.4448,4.4463,0.4806,0.3568,0.4498,4,5,9
824886,2026-08-11,4.3944,4.3798,0.4611,0.3632,0.4591,4,0,4
824970,2026-08-11,4.3748,4.461,0.4793,0.3487,0.4464,4,12,16
825046,2026-08-11,4.4482,4.4472,0.4753,0.3603,0.459,2,3,5
822698,2026-08-12,4.6846,4.5353,0.4903,0.3677,0.4621,6,12,18
822779,2026-08-12,4.36,4.397,0.4557,0.3592,0.4586,6,4,10
823017,2026-08-12,4.4146,4.4106,0.4716,0.3706,0.4621,7,1,8
823187,2026-08-12,4.3895,4.4427,0.4747,0.3623,0.4619,1,2,3
823263,2026-08-12,4.5074,4.3115,0.4853,0.3806,0.4766,4,3,7
823511,2026-08-12,4.4078,4.3465,0.4679,0.3672,0.4629,10,5,15
823672,2026-08-12,4.3985,4.3812,0.4736,0.3575,0.4614,7,5,12
823833,2026-08-12,4.4829,4.4404,0.471,0.3658,0.4657,8,2,10
823916,2026-08-12,4.445,4.3715,0.4664,0.368,0.4682,4,2,6
823994,2026-08-12,4.3587,4.3906,0.4666,0.3522,0.4533,5,2,7
824241,2026-08-12,4.5153,4.4624,0.4903,0.3662,0.4607,4,6,10
824562,2026-08-12,4.3412,4.4662,0.4746,0.3486,0.4491,5,0,5
824883,2026-08-12,4.4037,4.4299,0.4796,0.3518,0.4524,6,3,9
824967,2026-08-12,4.3885,4.388,0.465,0.3594,0.4563,4,8,12
825047,2026-08-12,4.5112,4.359,0.4859,0.3704,0.4668,4,6,10
822696,2026-08-13,4.5059,4.4458,0.4891,0.3661,0.4683,7,0,7
822776,2026-08-13,4.2896,4.3764,0.4555,0.3524,0.4502,0,7,7
823508,2026-08-13,4.4344,4.415,0.4775,0.3561,0.4553,0,1,1
823669,2026-08-13,4.4959,4.4126,0.4778,0.3613,0.4626,1,7,8
823829,2026-08-13,4.3669,4.3767,0.4712,0.3548,0.4562,1,13,14
823915,2026-08-13,4.405,4.3575,0.4605,0.3664,0.4674,4,5,9
823995,2026-08-13,4.3321,4.4241,0.4724,0.3498,0.4439,7,0,7
824238,2026-08-13,4.5538,4.4794,0.4906,0.373,0.4678,3,0,3
824561,2026-08-13,4.4355,4.4662,0.481,0.3589,0.4561,8,9,17
822777,2026-08-14,4.2504,4.3108,0.4538,0.3484,0.4545,3,1,4
822942,2026-08-14,4.4946,4.3674,0.4807,0.3692,0.4676,5,6,11
823185,2026-08-14,4.3402,4.3813,0.4702,0.3521,0.4533,2,5,7
823346,2026-08-14,4.3868,4.5078,0.4745,0.3561,0.453,8,4,12
823591,2026-08-14,4.5244,4.3721,0.4768,0.3773,0.4736,4,1,5
823913,2026-08-14,4.4044,4.3792,0.4731,0.3605,0.4601,3,1,4
823993,2026-08-14,4.4064,4.391,0.4664,0.3483,0.4449,6,7,13
824159,2026-08-14,4.645,4.3874,0.4963,0.3939,0.4868,10,7,17
824237,2026-08-14,4.5576,4.3787,0.4813,0.3754,0.4696,5,9,14
824399,2026-08-14,4.4404,4.4498,0.4727,0.3492,0.4499,5,7,12
824479,2026-08-14,4.4706,4.4077,0.4742,0.3658,0.4589,1,0,1
824643,2026-08-14,4.5907,4.3612,0.4856,0.3833,0.4776,3,0,3
824882,2026-08-14,4.5353,4.4678,0.4816,0.3699,0.4649,0,2,2
824968,2026-08-14,4.3428,4.4155,0.467,0.3527,0.4565,8,3,11
822775,2026-08-15,4.3499,4.1723,0.4443,0.3745,0.4717,4,1,5
822941,2026-08-15,4.5858,4.3745,0.482,0.3786,0.4756,3,4,7
823184,2026-08-15,4.389,4.3869,0.4683,0.3622,0.4588,7,1,8
823347,2026-08-15,4.3792,4.3422,0.4687,0.3656,0.4647,0,4,4
823588,2026-08-15,4.4274,4.195,0.4591,0.3832,0.4769,5,4,9
823671,2026-08-15,4.4686,4.2551,0.4716,0.3827,0.478,1,9,10
823914,2026-08-15,4.4157,4.3449,0.4706,0.3651,0.4579,1,4,5
823990,2026-08-15,4.3882,4.4031,0.4651,0.3522,0.4502,1,0,1
824157,2026-08-15,4.6007,4.2578,0.4688,0.3805,0.479,5,10,15
824239,2026-08-15,4.5586,4.4444,0.4881,0.3701,0.4674,3,4,7
824400,2026-08-15,4.4412,4.472,0.4847,0.3552,0.4523,6,1,7
824480,2026-08-15,4.5396,4.3544,0.4839,0.3771,0.4757,4,8,12
824644,2026-08-15,4.6421,4.3291,0.4742,0.3848,0.48,4,8,12
824884,2026-08-15,4.5388,4.4496,0.4909,0.3689,0.4647,3,10,13
824966,2026-08-15,4.4311,4.4238,0.4745,0.3635,0.4604,3,5,8
822774,2026-08-16,4.3361,4.2268,0.4454,0.3671,0.4626,3,4,7
822940,2026-08-16,4.6075,4.5378,0.5093,0.3704,0.4642,2,10,12
823182,2026-08-16,4.389,4.4218,0.4679,0.3615,0.4612,7,13,20
823344,2026-08-16,4.3884,4.4002,0.4722,0.3607,0.4596,8,3,11
823590,2026-08-16,4.4537,4.5155,0.4733,0.3591,0.454,4,3,7
823670,2026-08-16,4.4444,4.445,0.48,0.3672,0.4611,5,7,12
823912,2026-08-16,4.3923,4.2656,0.4574,0.3758,0.4718,2,6,8
823991,2026-08-16,4.3401,4.5079,0.4831,0.3471,0.4417,0,3,3
824156,2026-08-16,4.6482,4.4515,0.4932,0.3773,0.4747,2,3,5
824236,2026-08-16,4.5251,4.2768,0.4734,0.377,0.4751,5,7,12
824397,2026-08-16,4.4298,4.4266,0.4773,0.3629,0.4591,0,5,5
824477,2026-08-16,4.399,4.3666,0.4652,0.3598,0.4564,1,7,8
824642,2026-08-16,4.5975,4.293,0.4833,0.3935,0.4941,4,11,15
824880,2026-08-16,4.6275,4.3314,0.4824,0.3758,0.475,5,3,8
824965,2026-08-16,4.3992,4.466,0.4742,0.3554,0.4535,5,2,7
822939,2026-08-17,4.4889,4.3969,0.48,0.3723,0.465,7,6,13
823343,2026-08-17,4.351,4.3552,0.4667,0.3632,0.462,5,8,13
823427,2026-08-17,4.6054,4.3736,0.4851,0.3784,0.4717,6,5,11
823589,2026-08-17,4.4087,4.3287,0.462,0.364,0.4635,2,1,3
823668,2026-08-17,4.464,4.347,0.4731,0.3753,0.4713,4,2,6
824077,2026-08-17,4.3401,4.2607,0.4407,0.3654,0.4617,9,5,14
824320,2026-08-17,4.4967,4.3969,0.487,0.3738,0.4663,5,11,16
824478,2026-08-17,4.4322,4.4259,0.468,0.3669,0.4638,6,5,11
824514,2026-08-17,4.5418,4.4011,0.4778,0.3727,0.473,1,2,3
824641,2026-08-17,4.5415,4.3771,0.4741,0.3662,0.4632,7,5,12
824725,2026-08-17,4.6525,4.4048,0.4949,0.3786,0.4728,11,1,12
822859,2026-08-18,4.4815,4.208,0.467,0.3739,0.4737,5,0,5
822938,2026-08-18,4.5097,4.4385,0.4872,0.3813,0.4724,5,10,15
823341,2026-08-18,4.446,4.4171,0.4784,0.3632,0.4565,4,1,5
823423,2026-08-18,4.5789,4.3753,0.4882,0.389,0.4845,6,4,10
823586,2026-08-18,4.487,4.4306,0.4859,0.3752,0.471,2,5,7
823667,2026-08-18,4.4311,4.553,0.4925,0.3546,0.4476,4,1,5
823749,2026-08-18,4.55,4.3602,0.4763,0.3851,0.4841,22,0,22
824075,2026-08-18,4.3765,4.3223,0.4613,0.3656,0.4639,4,3,7
824154,2026-08-18,4.6252,4.4084,0.4931,0.3794,0.4717,1,3,4
824319,2026-08-18,4.4404,4.5537,0.4848,0.3533,0.4502,6,7,13
824398,2026-08-18,4.4311,4.3142,0.4671,0.3619,0.4552,8,1,9
824475,2026-08-18,4.4128,4.3136,0.463,0.3686,0.4696,0,3,3
824639,2026-08-18,4.6152,4.3675,0.4897,0.3899,0.4816,4,3,7
824723,2026-08-18,4.545,4.3744,0.4797,0.3748,0.4752,9,4,13
824803,2026-08-18,4.5188,4.2277,0.4657,0.3823,0.4849,1,3,4
822860,2026-08-19,4.4294,4.3314,0.4702,0.3727,0.4671,0,6,6
822937,2026-08-19,4.5357,4.5455,0.4926,0.3644,0.4578,7,6,13
823342,2026-08-19,4.4479,4.5481,0.4905,0.3547,0.4482,4,3,7
823424,2026-08-19,4.5769,4.3298,0.4932,0.3826,0.4844,4,1,5
823587,2026-08-19,4.4565,4.3083,0.4717,0.3663,0.4669,4,2,6
823664,2026-08-19,4.4459,4.4554,0.4851,0.3565,0.4592,6,4,10
823748,2026-08-19,4.6603,4.1641,0.475,0.396,0.4969,5,7,12
824076,2026-08-19,4.3491,4.2386,0.4606,0.3667,0.4693,9,7,16
824155,2026-08-19,4.609,4.4771,0.5015,0.3733,0.4734,3,2,5
824318,2026-08-19,4.3937,4.3615,0.466,0.3593,0.4632,4,6,10
824394,2026-08-19,4.4163,4.3185,0.4736,0.3614,0.462,0,1,1
824476,2026-08-19,4.4426,4.4146,0.4733,0.3701,0.469,5,4,9
824640,2026-08-19,4.6946,4.4353,0.5017,0.3819,0.4816,0,3,3
824722,2026-08-19,4.5411,4.3498,0.4876,0.378,0.4747,6,7,13
824801,2026-08-19,4.4992,4.3183,0.4712,0.3686,0.4663,3,5,8
822861,2026-08-20,4.3842,4.2478,0.4555,0.3714,0.4754,2,0,2
822934,2026-08-20,4.5516,4.4838,0.4988,0.371,0.4633,1,5,6
823747,2026-08-20,4.6847,4.3044,0.4861,0.3836,0.4825,7,4,11
824074,2026-08-20,4.4606,4.3105,0.4592,0.3822,0.4778,6,2,8
824153,2026-08-20,4.5565,4.4251,0.4827,0.3719,0.4707,3,18,21
824395,2026-08-20,4.4117,4.3594,0.4663,0.3613,0.462,5,2,7
824474,2026-08-20,4.389,4.336,0.4613,0.3634,0.4668,9,10,19
824589,2026-08-20,4.5097,4.4981,0.4851,0.353,0.44,0,2,2
824802,2026-08-20,4.4274,4.2678,0.4624,0.3712,0.4735,1,6,7
822857,2026-08-21,4.3999,4.3503,0.4603,0.3638,0.4625,2,1,3
823101,2026-08-21,4.4198,4.4981,0.4826,0.354,0.4464,6,5,11
823262,2026-08-21,4.5936,4.2818,0.474,0.3897,0.4867,6,2,8
823420,2026-08-21,4.5663,4.3477,0.4837,0.3834,0.4802,7,6,13
823510,2026-08-21,4.4515,4.6014,0.497,0.3523,0.4475,3,1,4
823746,2026-08-21,4.6323,4.3071,0.4872,0.3942,0.4926,2,1,3
823830,2026-08-21,4.3844,4.2353,0.453,0.3749,0.4687,3,2,5
823911,2026-08-21,4.4798,4.3895,0.4716,0.3727,0.4703,5,4,9
824072,2026-08-21,4.3975,4.2243,0.4544,0.3665,0.4643,5,2,7
824152,2026-08-21,4.4905,4.2225,0.4611,0.3764,0.4817,4,0,4
824317,2026-08-21,4.4063,4.9373,0.5197,0.3272,0.4184,1,9,10
824559,2026-08-21,4.4319,4.4919,0.4937,0.3537,0.4494,6,4,10
824721,2026-08-21,4.5675,4.2737,0.474,0.3847,0.4811,6,4,10
824800,2026-08-21,4.4985,4.507,0.4904,0.3663,0.4566,5,3,8
825045,2026-08-21,4.6124,4.3153,0.4824,0.3818,0.481,9,0,9
