game_id,game_date,home_team,away_team,home_score,away_score,home_win,home_win_prob_model,home_win_prob_model_calibrated,model_pick,actual_winner,correct
401703396,2024-11-22,PHI,BKN,113.0,98.0,1.0,0.5456683438643686,0.5456683438643686,PHI,PHI,True
401703397,2024-11-22,WAS,BOS,96.0,108.0,0.0,0.41575264127207184,0.41575264127207184,BOS,BOS,True
401703398,2024-11-22,MIL,IND,129.0,117.0,1.0,0.7355225645692796,0.7355225645692796,MIL,MIL,True
401703399,2024-11-22,CHI,ATL,136.0,122.0,1.0,0.545430324908356,0.545430324908356,CHI,CHI,True
401703400,2024-11-22,HOU,POR,116.0,88.0,1.0,0.7283348996436244,0.7283348996436244,HOU,HOU,True
401703401,2024-11-22,NOP,GSW,108.0,112.0,0.0,0.4477037652990465,0.4477037652990465,GSW,GSW,True
401703402,2024-11-22,DEN,DAL,120.0,123.0,0.0,0.6721384155213457,0.6721384155213457,DEN,DAL,False
401703403,2024-11-22,LAC,SAC,104.0,88.0,1.0,0.5911452582796769,0.5911452582796769,LAC,LAC,True
401704830,2024-11-23,UTA,NYK,121.0,106.0,1.0,0.46896859045339956,0.46896859045339956,NYK,UTA,False
401704831,2024-11-23,ORL,DET,111.0,100.0,1.0,0.6752756998420693,0.6752756998420693,ORL,ORL,True
401704832,2024-11-23,CHI,MEM,131.0,142.0,0.0,0.4709707115287068,0.4709707115287068,MEM,MEM,True
401704833,2024-11-23,HOU,POR,98.0,104.0,0.0,0.7329625266530354,0.7329625266530354,HOU,POR,False
401704834,2024-11-23,MIL,CHA,125.0,119.0,1.0,0.7283180303670689,0.7283180303670689,MIL,MIL,True
401704835,2024-11-23,SAS,GSW,104.0,94.0,1.0,0.561318910223153,0.561318910223153,SAS,SAS,True
401704836,2024-11-23,LAL,DEN,102.0,127.0,0.0,0.6268788100597267,0.6268788100597267,LAL,DEN,False
401704837,2024-11-24,BOS,MIN,107.0,105.0,1.0,0.7201802641499366,0.7201802641499366,BOS,BOS,True
401704838,2024-11-24,IND,WAS,115.0,103.0,1.0,0.7055378024683656,0.7055378024683656,IND,IND,True
401704839,2024-11-24,MIA,DAL,123.0,118.0,1.0,0.6023842207341606,0.6023842207341606,MIA,MIA,True
401704840,2024-11-24,PHI,LAC,99.0,125.0,0.0,0.47046501701802895,0.47046501701802895,LAC,LAC,True
401704841,2024-11-24,CLE,TOR,122.0,108.0,1.0,0.7806806932025818,0.7806806932025818,CLE,CLE,True
401704842,2024-11-24,SAC,BKN,103.0,108.0,0.0,0.6104396947183234,0.6104396947183234,SAC,BKN,False
401704843,2024-11-25,CHA,ORL,84.0,95.0,0.0,0.6084675202681696,0.6084675202681696,CHA,ORL,False
401704844,2024-11-25,DET,TOR,102.0,100.0,1.0,0.6085283976941988,0.6085283976941988,DET,DET,True
401704845,2024-11-25,IND,NOP,114.0,110.0,1.0,0.7170293098990753,0.7170293098990753,IND,IND,True
401704846,2024-11-25,ATL,DAL,119.0,129.0,0.0,0.5892787290649005,0.5892787290649005,ATL,DAL,False
401704847,2024-11-25,BOS,LAC,126.0,94.0,1.0,0.6312898906737328,0.6312898906737328,BOS,BOS,True
401704848,2024-11-25,MEM,POR,123.0,98.0,1.0,0.6708299896295802,0.6708299896295802,MEM,MEM,True
401704849,2024-11-25,DEN,NYK,118.0,145.0,0.0,0.6645964978881153,0.6645964978881153,DEN,NYK,False
401704850,2024-11-25,GSW,BKN,120.0,128.0,0.0,0.7188890110619925,0.7188890110619925,GSW,BKN,False
401704851,2024-11-25,SAC,OKC,109.0,130.0,0.0,0.44827725143887054,0.44827725143887054,OKC,OKC,True
401703404,2024-11-26,WAS,CHI,108.0,127.0,0.0,0.490625373784729,0.490625373784729,CHI,CHI,True
401703405,2024-11-26,MIA,MIL,103.0,106.0,0.0,0.6404293777914017,0.6404293777914017,MIA,MIL,False
401703406,2024-11-26,MIN,HOU,111.0,117.0,0.0,0.5647831384922442,0.5647831384922442,MIN,HOU,False
401703407,2024-11-26,UTA,SAS,115.0,128.0,0.0,0.5604918913088767,0.5604918913088767,UTA,SAS,False
401703408,2024-11-26,PHX,LAL,127.0,100.0,1.0,0.5850583102514382,0.5850583102514382,PHX,PHX,True
401704852,2024-11-27,CHA,MIA,94.0,98.0,0.0,0.5446725602892288,0.5446725602892288,CHA,MIA,False
401704853,2024-11-27,CLE,ATL,124.0,135.0,0.0,0.6953227945820455,0.6953227945820455,CLE,ATL,False
401704854,2024-11-27,IND,POR,121.0,114.0,1.0,0.6592082656630653,0.6592082656630653,IND,IND,True
401704855,2024-11-27,ORL,CHI,133.0,119.0,1.0,0.6493143254936593,0.6493143254936593,ORL,ORL,True
401704856,2024-11-27,PHI,HOU,115.0,122.0,0.0,0.4344879073661346,0.4344879073661346,HOU,HOU,True
401704857,2024-11-27,WAS,LAC,96.0,121.0,0.0,0.460597373826596,0.460597373826596,LAC,LAC,True
401704858,2024-11-27,DAL,NYK,129.0,114.0,1.0,0.599644792264975,0.599644792264975,DAL,DAL,True
401704859,2024-11-27,MEM,DET,131.0,111.0,1.0,0.6173639020463038,0.6173639020463038,MEM,MEM,True
401704860,2024-11-27,MIN,SAC,104.0,115.0,0.0,0.6069046555051395,0.6069046555051395,MIN,SAC,False
401704861,2024-11-27,NOP,TOR,93.0,119.0,0.0,0.5863016588317129,0.5863016588317129,NOP,TOR,False
401704862,2024-11-27,SAS,LAL,101.0,119.0,0.0,0.6664144628585875,0.6664144628585875,SAS,LAL,False
401704863,2024-11-27,PHX,BKN,117.0,127.0,0.0,0.6800672818348409,0.6800672818348409,PHX,BKN,False
401704864,2024-11-27,UTA,DEN,103.0,122.0,0.0,0.4881143654467466,0.4881143654467466,DEN,DEN,True
401704865,2024-11-27,GSW,OKC,101.0,105.0,0.0,0.5462064493059963,0.5462064493059963,GSW,OKC,False
401703409,2024-11-29,CHA,NYK,98.0,99.0,0.0,0.5665012289676747,0.5665012289676747,CHA,NYK,False
401703410,2024-11-29,ATL,CLE,117.0,101.0,1.0,0.48029762450703806,0.48029762450703806,CLE,ATL,False
401703411,2024-11-29,MEM,NOP,120.0,109.0,1.0,0.7333017286481607,0.7333017286481607,MEM,MEM,True
401703412,2024-11-29,BKN,ORL,100.0,123.0,0.0,0.6238237752291369,0.6238237752291369,BKN,ORL,False
401703413,2024-11-29,MIN,LAC,93.0,92.0,1.0,0.5504929992169442,0.5504929992169442,MIN,MIN,True
401703414,2024-11-29,IND,DET,106.0,130.0,0.0,0.6378067649884247,0.6378067649884247,IND,DET,False
401703415,2024-11-29,MIA,TOR,121.0,111.0,1.0,0.644511579263328,0.644511579263328,MIA,MIA,True
401703416,2024-11-29,CHI,BOS,129.0,138.0,0.0,0.4199281809897723,0.4199281809897723,BOS,BOS,True
401703417,2024-11-29,LAL,OKC,93.0,101.0,0.0,0.5446801750284731,0.5446801750284731,LAL,OKC,False
401703418,2024-11-29,POR,SAC,115.0,106.0,1.0,0.5080294457703697,0.5080294457703697,POR,POR,True
401704866,2024-11-30,CHA,ATL,104.0,107.0,0.0,0.5507259145074281,0.5507259145074281,CHA,ATL,False
401704867,2024-11-30,DET,PHI,96.0,111.0,0.0,0.6338521253197886,0.6338521253197886,DET,PHI,False
401704868,2024-11-30,MIL,WAS,124.0,114.0,1.0,0.7760277879108102,0.7760277879108102,MIL,MIL,True
401704869,2024-11-30,PHX,GSW,113.0,105.0,1.0,0.5145235077063447,0.5145235077063447,PHX,PHX,True
401704870,2024-11-30,UTA,DAL,94.0,106.0,0.0,0.4055269473668566,0.4055269473668566,DAL,DAL,True
401704871,2024-12-01,BKN,ORL,92.0,100.0,0.0,0.46090536465252485,0.46090536465252485,ORL,ORL,True
401704872,2024-12-01,MEM,IND,136.0,121.0,1.0,0.725686082042058,0.725686082042058,MEM,MEM,True
401704873,2024-12-01,CLE,BOS,115.0,111.0,1.0,0.5423385442305537,0.5423385442305537,CLE,CLE,True
401704874,2024-12-01,NYK,NOP,118.0,85.0,1.0,0.7660557763032096,0.7660557763032096,NYK,NYK,True
401704875,2024-12-01,TOR,MIA,119.0,116.0,1.0,0.5027741608767675,0.5027741608767675,TOR,TOR,True
401704876,2024-12-01,HOU,OKC,119.0,116.0,1.0,0.5585779504742352,0.5585779504742352,HOU,HOU,True
401704877,2024-12-01,UTA,LAL,104.0,105.0,0.0,0.4659640475928071,0.4659640475928071,LAL,LAL,True
401704878,2024-12-01,POR,DAL,131.0,137.0,0.0,0.4980859258193938,0.4980859258193938,DAL,DAL,True
401704879,2024-12-01,SAC,SAS,125.0,127.0,0.0,0.506957725676163,0.506957725676163,SAC,SAS,False
401704880,2024-12-01,LAC,DEN,126.0,122.0,1.0,0.5288332781855823,0.5288332781855823,LAC,LAC,True
401704881,2024-12-02,ATL,NOP,124.0,112.0,1.0,0.6706219292261426,0.6706219292261426,ATL,ATL,True
401704882,2024-12-02,BOS,MIA,108.0,89.0,1.0,0.660195081495084,0.660195081495084,BOS,BOS,True
401704883,2024-12-02,CHI,BKN,128.0,102.0,1.0,0.4790436425461143,0.4790436425461143,BKN,CHI,False
401704884,2024-12-02,MIN,LAL,109.0,80.0,1.0,0.554927231376809,0.554927231376809,MIN,MIN,True
401703419,2024-12-03,CHA,PHI,104.0,110.0,0.0,0.6254552982692172,0.6254552982692172,CHA,PHI,False
401703420,2024-12-03,CLE,WAS,118.0,87.0,1.0,0.7780138094618583,0.7780138094618583,CLE,CLE,True
401703421,2024-12-03,DET,MIL,107.0,128.0,0.0,0.5230165982082433,0.5230165982082433,DET,MIL,False
401703422,2024-12-03,NYK,ORL,121.0,106.0,1.0,0.5875497146020103,0.5875497146020103,NYK,NYK,True
401703423,2024-12-03,TOR,IND,122.0,111.0,1.0,0.6651921327157609,0.6651921327157609,TOR,TOR,True
401703424,2024-12-03,OKC,UTA,133.0,106.0,1.0,0.7712551529639531,0.7712551529639531,OKC,OKC,True
401703425,2024-12-03,DAL,MEM,121.0,116.0,1.0,0.6091248326034443,0.6091248326034443,DAL,DAL,True
401703426,2024-12-03,PHX,SAS,104.0,93.0,1.0,0.6424174867957966,0.6424174867957966,PHX,PHX,True
401703427,2024-12-03,DEN,GSW,119.0,115.0,1.0,0.5369807245149747,0.5369807245149747,DEN,DEN,True
401703428,2024-12-03,SAC,HOU,120.0,111.0,1.0,0.38727291505093286,0.38727291505093286,HOU,SAC,False
401703429,2024-12-03,LAC,POR,127.0,105.0,1.0,0.6783221710552574,0.6783221710552574,LAC,LAC,True
401704885,2024-12-04,BOS,DET,130.0,120.0,1.0,0.736070076939301,0.736070076939301,BOS,BOS,True
401704886,2024-12-04,BKN,IND,99.0,90.0,1.0,0.6225267504939406,0.6225267504939406,BKN,BKN,True
401704887,2024-12-04,MIA,LAL,134.0,93.0,1.0,0.5855745747351375,0.5855745747351375,MIA,MIA,True
401704888,2024-12-04,PHI,ORL,102.0,106.0,0.0,0.45099190765733704,0.45099190765733704,ORL,ORL,True
401704889,2024-12-04,MIL,ATL,104.0,119.0,0.0,0.6759387224974958,0.6759387224974958,MIL,ATL,False
401704890,2024-12-04,LAC,MIN,80.0,108.0,0.0,0.6672481257414566,0.6672481257414566,LAC,MIN,False
401704891,2024-12-05,CLE,DEN,126.0,114.0,1.0,0.6204643526335181,0.6204643526335181,CLE,CLE,True
401704892,2024-12-05,WAS,DAL,101.0,137.0,0.0,0.33814371162684076,0.33814371162684076,DAL,DAL,True
401704893,2024-12-05,NYK,CHA,125.0,101.0,1.0,0.742411602863365,0.742411602863365,NYK,NYK,True
401704894,2024-12-05,TOR,OKC,92.0,129.0,0.0,0.41674450378375,0.41674450378375,OKC,OKC,True
401704895,2024-12-05,MEM,SAC,115.0,110.0,1.0,0.658394409187817,0.658394409187817,MEM,MEM,True
401704896,2024-12-05,NOP,PHX,126.0,124.0,1.0,0.416397817248095,0.416397817248095,PHX,NOP,False
401704897,2024-12-05,SAS,CHI,124.0,139.0,0.0,0.6249763452473075,0.6249763452473075,SAS,CHI,False
401704898,2024-12-05,GSW,HOU,99.0,93.0,1.0,0.5056715289718157,0.5056715289718157,GSW,GSW,True
401704899,2024-12-06,PHI,ORL,102.0,94.0,1.0,0.4466881401080743,0.4466881401080743,ORL,PHI,False
401704900,2024-12-06,ATL,LAL,134.0,132.0,1.0,0.6101919745990521,0.6101919745990521,ATL,ATL,True
401704901,2024-12-06,BOS,MIL,111.0,105.0,1.0,0.7283190913710698,0.7283190913710698,BOS,BOS,True
401704902,2024-12-06,CHI,IND,123.0,132.0,0.0,0.6007091602157251,0.6007091602157251,CHI,IND,False
401704903,2024-12-06,SAS,SAC,113.0,140.0,0.0,0.6348774289887483,0.6348774289887483,SAS,SAC,False
401704904,2024-12-06,GSW,MIN,90.0,107.0,0.0,0.6107936410754937,0.6107936410754937,GSW,MIN,False
401704905,2024-12-06,POR,UTA,99.0,141.0,0.0,0.683939885433321,0.683939885433321,POR,UTA,False
401734906,2024-12-14,MIL,ATL,110.0,102.0,1.0,0.5596259174067837,0.5596259174067837,MIL,MIL,True
401734907,2024-12-14,OKC,HOU,111.0,96.0,1.0,0.7472573372318322,0.7472573372318322,OKC,OKC,True
401736810,2024-12-15,IND,NOP,119.0,104.0,1.0,0.7391477124154358,0.7391477124154358,IND,IND,True
401736811,2024-12-15,WAS,BOS,98.0,112.0,0.0,0.20987113513050326,0.20987113513050326,BOS,BOS,True
401736812,2024-12-15,SAS,MIN,92.0,106.0,0.0,0.5303119648644794,0.5303119648644794,SAS,MIN,False
401736813,2024-12-15,PHX,POR,116.0,109.0,1.0,0.7061337740023479,0.7061337740023479,PHX,PHX,True
401736814,2024-12-15,LAL,MEM,116.0,110.0,1.0,0.46235405807220326,0.46235405807220326,MEM,LAL,False
401737902,2024-12-15,ORL,NYK,91.0,100.0,0.0,0.6486082605013372,0.6486082605013372,ORL,NYK,False
401737912,2024-12-15,GSW,DAL,133.0,143.0,0.0,0.5759023057432369,0.5759023057432369,GSW,DAL,False
401736815,2024-12-16,CHA,PHI,108.0,121.0,0.0,0.4951486249209561,0.4951486249209561,PHI,PHI,True
401736816,2024-12-16,DET,MIA,125.0,124.0,1.0,0.4184708251184177,0.4184708251184177,MIA,DET,False
401736817,2024-12-16,TOR,CHI,121.0,122.0,0.0,0.4037550030523741,0.4037550030523741,CHI,CHI,True
401736818,2024-12-16,BKN,CLE,101.0,130.0,0.0,0.39833080637320045,0.39833080637320045,CLE,CLE,True
401736819,2024-12-16,SAC,DEN,129.0,130.0,0.0,0.592631081533939,0.592631081533939,SAC,DEN,False
401736820,2024-12-16,LAC,UTA,144.0,107.0,1.0,0.7515206669427861,0.7515206669427861,LAC,LAC,True
401704926,2024-12-19,DET,UTA,119.0,126.0,0.0,0.6407145494588786,0.6407145494588786,DET,UTA,False
401704927,2024-12-19,ORL,OKC,99.0,105.0,0.0,0.44102604908407345,0.44102604908407345,OKC,OKC,True
401704928,2024-12-19,WAS,CHA,123.0,114.0,1.0,0.5160517269862621,0.5160517269862621,WAS,WAS,True
401704929,2024-12-19,BOS,CHI,108.0,117.0,0.0,0.6728329590207449,0.6728329590207449,BOS,CHI,False
401704930,2024-12-19,TOR,BKN,94.0,101.0,0.0,0.5760896800537675,0.5760896800537675,TOR,BKN,False
401704931,2024-12-19,HOU,NOP,133.0,113.0,1.0,0.7970313825344173,0.7970313825344173,HOU,HOU,True
401704932,2024-12-19,MEM,GSW,144.0,93.0,1.0,0.6699369525967603,0.6699369525967603,MEM,MEM,True
401704933,2024-12-19,MIN,NYK,107.0,133.0,0.0,0.6086280179202308,0.6086280179202308,MIN,NYK,False
401704934,2024-12-19,DAL,LAC,95.0,118.0,0.0,0.5735398056708682,0.5735398056708682,DAL,LAC,False
401704935,2024-12-19,PHX,IND,111.0,120.0,0.0,0.6315552544374078,0.6315552544374078,PHX,IND,False
401704936,2024-12-19,SAS,ATL,133.0,126.0,1.0,0.5481955260518838,0.5481955260518838,SAS,SAS,True
401704937,2024-12-19,POR,DEN,126.0,124.0,1.0,0.4342824215903276,0.4342824215903276,DEN,POR,False
401704938,2024-12-19,SAC,LAL,100.0,113.0,0.0,0.6185801155365493,0.6185801155365493,SAC,LAL,False
401704939,2024-12-20,PHI,CHA,108.0,98.0,1.0,0.6159359904241719,0.6159359904241719,PHI,PHI,True
401704940,2024-12-20,CLE,MIL,124.0,101.0,1.0,0.7860613431754575,0.7860613431754575,CLE,CLE,True
401704941,2024-12-20,MIA,OKC,97.0,104.0,0.0,0.4361650373885687,0.4361650373885687,OKC,OKC,True
401704942,2024-12-21,SAC,LAL,99.0,103.0,0.0,0.5855418825123471,0.5855418825123471,SAC,LAL,False
401704943,2024-12-21,ORL,MIA,121.0,114.0,1.0,0.6836045020035242,0.6836045020035242,ORL,ORL,True
401704944,2024-12-21,ATL,MEM,112.0,128.0,0.0,0.3888716436619577,0.3888716436619577,MEM,MEM,True
401704945,2024-12-21,BKN,UTA,94.0,105.0,0.0,0.7082242779840905,0.7082242779840905,BKN,UTA,False
401704946,2024-12-21,CLE,PHI,126.0,99.0,1.0,0.8276060744549474,0.8276060744549474,CLE,CLE,True
401704947,2024-12-21,CHI,BOS,98.0,123.0,0.0,0.37654720789660573,0.37654720789660573,BOS,BOS,True
401704948,2024-12-21,MIL,WAS,112.0,101.0,1.0,0.7984708040535834,0.7984708040535834,MIL,MIL,True
401704949,2024-12-21,MIN,GSW,103.0,113.0,0.0,0.629971318030994,0.629971318030994,MIN,GSW,False
401704950,2024-12-21,NOP,NYK,93.0,104.0,0.0,0.34202125347083073,0.34202125347083073,NYK,NYK,True
401704951,2024-12-21,DAL,LAC,113.0,97.0,1.0,0.5186980791985101,0.5186980791985101,DAL,DAL,True
401704952,2024-12-21,SAS,POR,114.0,94.0,1.0,0.6914222940635212,0.6914222940635212,SAS,SAS,True
401704953,2024-12-21,PHX,DET,125.0,133.0,0.0,0.5912547698180638,0.5912547698180638,PHX,DET,False
401704954,2024-12-22,TOR,HOU,110.0,114.0,0.0,0.3980496183012888,0.3980496183012888,HOU,HOU,True
401704955,2024-12-22,SAC,IND,95.0,122.0,0.0,0.5625405614143997,0.5625405614143997,SAC,IND,False
401704956,2024-12-22,NOP,DEN,129.0,132.0,0.0,0.4155537386343895,0.4155537386343895,DEN,DEN,True
401704957,2024-12-23,CHA,HOU,101.0,114.0,0.0,0.29357808701906674,0.29357808701906674,HOU,HOU,True
401704958,2024-12-23,CLE,UTA,124.0,113.0,1.0,0.8966670781461978,0.8966670781461978,CLE,CLE,True
401704959,2024-12-23,ORL,BOS,108.0,104.0,1.0,0.6358507051329613,0.6358507051329613,ORL,ORL,True
401704960,2024-12-23,PHI,SAS,111.0,106.0,1.0,0.27621563613308453,0.27621563613308453,SAS,PHI,False
401704961,2024-12-23,ATL,MIN,117.0,104.0,1.0,0.5590431209925225,0.5590431209925225,ATL,ATL,True
401704962,2024-12-23,MIA,BKN,110.0,95.0,1.0,0.8033735212654417,0.8033735212654417,MIA,MIA,True
401704963,2024-12-23,NYK,TOR,139.0,125.0,1.0,0.8821645309076381,0.8821645309076381,NYK,NYK,True
401704964,2024-12-23,CHI,MIL,91.0,112.0,0.0,0.3857305155619218,0.3857305155619218,MIL,MIL,True
401704965,2024-12-23,MEM,LAC,110.0,114.0,0.0,0.7527366671761263,0.7527366671761263,MEM,LAC,False
401704966,2024-12-23,OKC,WAS,123.0,105.0,1.0,0.9459389932374791,0.9459389932374791,OKC,OKC,True
401704967,2024-12-23,DAL,POR,132.0,108.0,1.0,0.7977506427867674,0.7977506427867674,DAL,DAL,True
401704968,2024-12-23,DEN,PHX,117.0,90.0,1.0,0.6753015719414773,0.6753015719414773,DEN,DEN,True
401704969,2024-12-23,GSW,IND,105.0,111.0,0.0,0.471323723311959,0.471323723311959,IND,IND,True
401704970,2024-12-23,LAL,DET,114.0,117.0,0.0,0.6002090321345773,0.6002090321345773,LAL,DET,False
401704971,2024-12-25,NYK,SAS,117.0,114.0,1.0,0.7049778534010863,0.7049778534010863,NYK,NYK,True
401704972,2024-12-25,DAL,MIN,99.0,105.0,0.0,0.6990836318507769,0.6990836318507769,DAL,MIN,False
401704973,2024-12-25,BOS,PHI,114.0,118.0,0.0,0.7232057240450238,0.7232057240450238,BOS,PHI,False
401704974,2024-12-25,GSW,LAL,113.0,115.0,0.0,0.5433635828355513,0.5433635828355513,GSW,LAL,False
401704975,2024-12-25,PHX,DEN,110.0,100.0,1.0,0.5755507008492468,0.5755507008492468,PHX,PHX,True
401704976,2024-12-26,IND,OKC,114.0,120.0,0.0,0.3870971344430671,0.3870971344430671,OKC,OKC,True
401704977,2024-12-26,ORL,MIA,88.0,89.0,0.0,0.848121687982825,0.848121687982825,ORL,MIA,False
401704978,2024-12-26,WAS,CHA,113.0,110.0,1.0,0.6540204629768904,0.6540204629768904,WAS,WAS,True
401704979,2024-12-26,ATL,CHI,141.0,133.0,1.0,0.4151044790538703,0.4151044790538703,CHI,ATL,False
401704980,2024-12-26,MEM,TOR,155.0,126.0,1.0,0.9268553635893843,0.9268553635893843,MEM,MEM,True
401704981,2024-12-26,MIL,BKN,105.0,111.0,0.0,0.8464311000491358,0.8464311000491358,MIL,BKN,False
401704982,2024-12-26,NOP,HOU,111.0,128.0,0.0,0.2802037925207664,0.2802037925207664,HOU,HOU,True
401704983,2024-12-26,POR,UTA,122.0,120.0,1.0,0.48101361690315114,0.48101361690315114,UTA,POR,False
401704984,2024-12-26,SAC,DET,113.0,114.0,0.0,0.2558958101740914,0.2558958101740914,DET,DET,True
401704985,2024-12-27,ORL,NYK,85.0,108.0,0.0,0.5017945238415022,0.5017945238415022,ORL,NYK,False
401704986,2024-12-27,BOS,IND,142.0,105.0,1.0,0.7347986985725229,0.7347986985725229,BOS,BOS,True
401704987,2024-12-27,BKN,SAS,87.0,96.0,0.0,0.32577631789273515,0.32577631789273515,SAS,SAS,True
401704988,2024-12-27,HOU,MIN,112.0,113.0,0.0,0.7295954052196025,0.7295954052196025,HOU,MIN,False
401704989,2024-12-27,NOP,MEM,124.0,132.0,0.0,0.223970566283932,0.223970566283932,MEM,MEM,True
401704990,2024-12-27,DEN,CLE,135.0,149.0,0.0,0.3744474322248379,0.3744474322248379,CLE,CLE,True
401704991,2024-12-27,PHX,DAL,89.0,98.0,0.0,0.5368965897250715,0.5368965897250715,PHX,DAL,False
401704992,2024-12-27,LAC,GSW,102.0,92.0,1.0,0.6365781471647114,0.6365781471647114,LAC,LAC,True
401704993,2024-12-28,ATL,MIA,120.0,110.0,1.0,0.6338572451458611,0.6338572451458611,ATL,ATL,True
401704994,2024-12-28,CHA,OKC,94.0,106.0,0.0,0.12532275627337713,0.12532275627337713,OKC,OKC,True
401704995,2024-12-28,WAS,NYK,132.0,136.0,0.0,0.30143008752816824,0.30143008752816824,NYK,NYK,True
401704996,2024-12-28,CHI,MIL,116.0,111.0,1.0,0.34137607193046154,0.34137607193046154,MIL,CHI,False
401704997,2024-12-28,GSW,PHX,109.0,105.0,1.0,0.4369975667268323,0.4369975667268323,PHX,GSW,False
401704998,2024-12-28,DEN,DET,134.0,121.0,1.0,0.5549350259233745,0.5549350259233745,DEN,DEN,True
401704999,2024-12-28,UTA,PHI,111.0,114.0,0.0,0.270160240572578,0.270160240572578,PHI,PHI,True
401705000,2024-12-28,POR,DAL,126.0,122.0,1.0,0.3417480574985984,0.3417480574985984,DAL,POR,False
401705001,2024-12-28,LAL,SAC,132.0,122.0,1.0,0.7446038152694976,0.7446038152694976,LAL,LAL,True
401705002,2024-12-29,ORL,BKN,102.0,101.0,1.0,0.8595870418826947,0.8595870418826947,ORL,ORL,True
401705003,2024-12-29,BOS,IND,114.0,123.0,0.0,0.8380687291092366,0.8380687291092366,BOS,IND,False
401705004,2024-12-29,TOR,ATL,107.0,136.0,0.0,0.5128244160581124,0.5128244160581124,TOR,ATL,False
401705005,2024-12-29,HOU,MIA,100.0,104.0,0.0,0.8063695740523085,0.8063695740523085,HOU,MIA,False
401705006,2024-12-29,OKC,MEM,130.0,106.0,1.0,0.7939871054723828,0.7939871054723828,OKC,OKC,True
401705007,2024-12-29,MIN,SAS,112.0,110.0,1.0,0.5218413296403829,0.5218413296403829,MIN,MIN,True
401705008,2024-12-30,CHA,CHI,108.0,115.0,0.0,0.3462622938156053,0.3462622938156053,CHI,CHI,True
401705009,2024-12-30,WAS,NYK,106.0,126.0,0.0,0.3415512922274639,0.3415512922274639,NYK,NYK,True
401705010,2024-12-30,NOP,LAC,113.0,116.0,0.0,0.19117547399761625,0.19117547399761625,LAC,LAC,True
401705011,2024-12-30,UTA,DEN,121.0,132.0,0.0,0.2895769475069403,0.2895769475069403,DEN,DEN,True
401705012,2024-12-30,GSW,CLE,95.0,113.0,0.0,0.24601929131473377,0.24601929131473377,CLE,CLE,True
401705013,2024-12-30,POR,PHI,103.0,125.0,0.0,0.3805016961954235,0.3805016961954235,PHI,PHI,True
401705014,2024-12-30,SAC,DAL,110.0,100.0,1.0,0.29220734736710774,0.29220734736710774,DAL,SAC,False
401705015,2024-12-31,BOS,TOR,125.0,71.0,1.0,0.7152039198106916,0.7152039198106916,BOS,BOS,True
401705016,2024-12-31,IND,MIL,112.0,120.0,0.0,0.5600959137687781,0.5600959137687781,IND,MIL,False
401705017,2024-12-31,SAS,LAC,122.0,86.0,1.0,0.5195161949442613,0.5195161949442613,SAS,SAS,True
401705018,2024-12-31,OKC,MIN,113.0,105.0,1.0,0.6562796293864032,0.6562796293864032,OKC,OKC,True
401705019,2024-12-31,PHX,MEM,112.0,117.0,0.0,0.48320824262732115,0.48320824262732115,MEM,MEM,True
401705020,2024-12-31,LAL,CLE,110.0,122.0,0.0,0.47901191033361146,0.47901191033361146,CLE,CLE,True
401705021,2025-01-01,DET,ORL,105.0,96.0,1.0,0.5214702553520121,0.5214702553520121,DET,DET,True
401705022,2025-01-01,WAS,CHI,125.0,107.0,1.0,0.44075052814230076,0.44075052814230076,CHI,WAS,False
401705023,2025-01-01,MIA,NOP,119.0,108.0,1.0,0.6775064125022878,0.6775064125022878,MIA,MIA,True
401705024,2025-01-01,NYK,UTA,119.0,103.0,1.0,0.7254802198106175,0.7254802198106175,NYK,NYK,True
401705025,2025-01-01,TOR,BKN,130.0,113.0,1.0,0.46083892463893084,0.46083892463893084,BKN,TOR,False
401705026,2025-01-01,HOU,DAL,110.0,99.0,1.0,0.579114345769039,0.579114345769039,HOU,HOU,True
401705027,2025-01-01,DEN,ATL,139.0,120.0,1.0,0.5528252964084448,0.5528252964084448,DEN,DEN,True
401705028,2025-01-01,SAC,PHI,113.0,107.0,1.0,0.4653925688950762,0.4653925688950762,PHI,SAC,False
401705029,2025-01-02,MIA,IND,115.0,128.0,0.0,0.5947484334646437,0.5947484334646437,MIA,IND,False
401705030,2025-01-02,MIN,BOS,115.0,118.0,0.0,0.48651080563352433,0.48651080563352433,BOS,BOS,True
401705031,2025-01-02,MIL,BKN,110.0,113.0,0.0,0.6293427913708709,0.6293427913708709,MIL,BKN,False
401705032,2025-01-02,OKC,LAC,116.0,98.0,1.0,0.6986653944254607,0.6986653944254607,OKC,OKC,True
401705033,2025-01-02,GSW,PHI,139.0,105.0,1.0,0.4885276928300925,0.4885276928300925,PHI,GSW,False
401705034,2025-01-02,LAL,POR,114.0,106.0,1.0,0.6685168126712594,0.6685168126712594,LAL,LAL,True
401705035,2025-01-03,DET,CHA,98.0,94.0,1.0,0.6325415334495047,0.6325415334495047,DET,DET,True
401705036,2025-01-03,TOR,ORL,97.0,106.0,0.0,0.44666116376157355,0.44666116376157355,ORL,ORL,True
401705037,2025-01-03,HOU,BOS,86.0,109.0,0.0,0.5270180520835266,0.5270180520835266,HOU,BOS,False
401705038,2025-01-03,NOP,WAS,132.0,120.0,1.0,0.5518322433877134,0.5518322433877134,NOP,NOP,True
401705039,2025-01-03,OKC,NYK,117.0,107.0,1.0,0.6247245669774592,0.6247245669774592,OKC,OKC,True
401705040,2025-01-03,DAL,CLE,122.0,134.0,0.0,0.45431228347124963,0.45431228347124963,CLE,CLE,True
401705041,2025-01-03,DEN,SAS,110.0,113.0,0.0,0.569004877736988,0.569004877736988,DEN,SAS,False
401705042,2025-01-03,SAC,MEM,138.0,133.0,1.0,0.465053501338356,0.465053501338356,MEM,SAC,False
401705043,2025-01-03,LAL,ATL,119.0,102.0,1.0,0.5757521827836157,0.5757521827836157,LAL,LAL,True
401705044,2025-01-04,BKN,PHI,94.0,123.0,0.0,0.47484957440993836,0.47484957440993836,PHI,PHI,True
401705045,2025-01-04,DET,MIN,119.0,105.0,1.0,0.5472952680689129,0.5472952680689129,DET,DET,True
401705046,2025-01-04,IND,PHX,126.0,108.0,1.0,0.6121528539319014,0.6121528539319014,IND,IND,True
401705047,2025-01-04,MIA,UTA,100.0,136.0,0.0,0.6704478462325026,0.6704478462325026,MIA,UTA,False
401705048,2025-01-04,CHI,NYK,139.0,126.0,1.0,0.40452454625057666,0.40452454625057666,NYK,CHI,False
401705049,2025-01-04,MIL,POR,102.0,105.0,0.0,0.6768397920779025,0.6768397920779025,MIL,POR,False
401705050,2025-01-04,SAS,DEN,111.0,122.0,0.0,0.547483538030365,0.547483538030365,SAS,DEN,False
401705051,2025-01-04,GSW,MEM,121.0,113.0,1.0,0.5230174387871339,0.5230174387871339,GSW,GSW,True
401705052,2025-01-04,LAC,ATL,131.0,105.0,1.0,0.5302390260862826,0.5302390260862826,LAC,LAC,True
401705053,2025-01-05,OKC,BOS,105.0,92.0,1.0,0.6336676755265356,0.6336676755265356,OKC,OKC,True
401705054,2025-01-05,CLE,CHA,115.0,105.0,1.0,0.7599198547047672,0.7599198547047672,CLE,CLE,True
401705055,2025-01-05,WAS,NOP,98.0,110.0,0.0,0.5562887112301107,0.5562887112301107,WAS,NOP,False
401705056,2025-01-05,ORL,UTA,92.0,105.0,0.0,0.6390754162106976,0.6390754162106976,ORL,UTA,False
401705057,2025-01-05,HOU,LAL,119.0,115.0,1.0,0.5814913001351556,0.5814913001351556,HOU,HOU,True
401705058,2025-01-05,GSW,SAC,99.0,129.0,0.0,0.5346226754973098,0.5346226754973098,GSW,SAC,False
401705059,2025-01-06,DET,POR,118.0,115.0,1.0,0.6433195604135272,0.6433195604135272,DET,DET,True
401705060,2025-01-06,PHI,PHX,99.0,109.0,0.0,0.6276318602391462,0.6276318602391462,PHI,PHX,False
401705061,2025-01-06,BKN,IND,99.0,113.0,0.0,0.45322693674054504,0.45322693674054504,IND,IND,True
401705062,2025-01-06,NYK,ORL,94.0,103.0,0.0,0.5836356238303237,0.5836356238303237,NYK,ORL,False
401705063,2025-01-06,TOR,MIL,104.0,128.0,0.0,0.4473278522881163,0.4473278522881163,MIL,MIL,True
401705064,2025-01-06,CHI,SAS,114.0,110.0,1.0,0.4869680146303019,0.4869680146303019,SAS,CHI,False
401705065,2025-01-06,MEM,DAL,119.0,104.0,1.0,0.5917574712441989,0.5917574712441989,MEM,MEM,True
401705066,2025-01-06,MIN,LAC,108.0,106.0,1.0,0.5353150561256761,0.5353150561256761,MIN,MIN,True
401705067,2025-01-06,SAC,MIA,123.0,118.0,1.0,0.5922161878299542,0.5922161878299542,SAC,SAC,True
401705068,2025-01-07,CHA,PHX,115.0,104.0,1.0,0.4359546805646385,0.4359546805646385,PHX,CHA,False
401705069,2025-01-07,WAS,HOU,112.0,135.0,0.0,0.30079528860315546,0.30079528860315546,HOU,HOU,True
401705070,2025-01-07,DAL,LAL,118.0,97.0,1.0,0.5274409312746795,0.5274409312746795,DAL,DAL,True
401705071,2025-01-07,NOP,MIN,97.0,104.0,0.0,0.49647541731242023,0.49647541731242023,MIN,MIN,True
401705072,2025-01-07,UTA,ATL,121.0,124.0,0.0,0.4753248598871064,0.4753248598871064,ATL,ATL,True
401705073,2025-01-07,DEN,BOS,106.0,118.0,0.0,0.5588482367141054,0.5588482367141054,DEN,BOS,False
401705074,2025-01-07,GSW,MIA,98.0,114.0,0.0,0.5708365864832502,0.5708365864832502,GSW,MIA,False
401705075,2025-01-08,CLE,OKC,129.0,122.0,1.0,0.5348481183366789,0.5348481183366789,CLE,CLE,True
401705076,2025-01-08,IND,CHI,129.0,113.0,1.0,0.5762899105947201,0.5762899105947201,IND,IND,True
401705077,2025-01-08,NYK,TOR,112.0,98.0,1.0,0.817912497337805,0.817912497337805,NYK,NYK,True
401705078,2025-01-08,PHI,WAS,109.0,103.0,1.0,0.7508823478996952,0.7508823478996952,PHI,PHI,True
401705079,2025-01-08,BKN,DET,98.0,113.0,0.0,0.34250554592098215,0.34250554592098215,DET,DET,True
401705080,2025-01-08,NOP,POR,100.0,119.0,0.0,0.5824985187481383,0.5824985187481383,NOP,POR,False
401705081,2025-01-08,DEN,LAC,126.0,103.0,1.0,0.6312985009022035,0.6312985009022035,DEN,DEN,True
401705082,2025-01-08,MIL,SAS,121.0,105.0,1.0,0.6601826296521985,0.6601826296521985,MIL,MIL,True
401705083,2025-01-09,CLE,TOR,132.0,126.0,1.0,0.8637206453023286,0.8637206453023286,CLE,CLE,True
401705084,2025-01-09,DET,GSW,104.0,107.0,0.0,0.6242452775421521,0.6242452775421521,DET,GSW,False
401705085,2025-01-09,ORL,MIN,89.0,104.0,0.0,0.646781522840152,0.646781522840152,ORL,MIN,False
401705086,2025-01-09,MEM,HOU,115.0,119.0,0.0,0.5483166132375767,0.5483166132375767,MEM,HOU,False
401705087,2025-01-09,DAL,POR,117.0,111.0,1.0,0.7049518787494906,0.7049518787494906,DAL,DAL,True
401705088,2025-01-09,PHX,ATL,123.0,115.0,1.0,0.5066339302628711,0.5066339302628711,PHX,PHX,True
401705089,2025-01-09,UTA,MIA,92.0,97.0,0.0,0.4358312891191384,0.4358312891191384,MIA,MIA,True
401705091,2025-01-10,IND,GSW,108.0,96.0,1.0,0.6472418250423808,0.6472418250423808,IND,IND,True
401705092,2025-01-10,ORL,MIL,106.0,109.0,0.0,0.5607456593586951,0.5607456593586951,ORL,MIL,False
401705093,2025-01-10,PHI,NOP,115.0,123.0,0.0,0.6789183412015461,0.6789183412015461,PHI,NOP,False
401705094,2025-01-10,BOS,SAC,97.0,114.0,0.0,0.6743104393255003,0.6743104393255003,BOS,SAC,False
401705095,2025-01-10,NYK,OKC,101.0,126.0,0.0,0.40567643210682053,0.40567643210682053,OKC,OKC,True
401705096,2025-01-10,CHI,WAS,138.0,105.0,1.0,0.7550320133120767,0.7550320133120767,CHI,CHI,True
401705097,2025-01-10,DEN,BKN,124.0,105.0,1.0,0.7285781835124496,0.7285781835124496,DEN,DEN,True
401705099,2025-01-11,PHX,UTA,114.0,106.0,1.0,0.6327882716046236,0.6327882716046236,PHX,PHX,True
401705100,2025-01-11,DET,TOR,123.0,114.0,1.0,0.7932312596171338,0.7932312596171338,DET,DET,True
401705101,2025-01-11,MIN,MEM,125.0,127.0,0.0,0.5948901728071292,0.5948901728071292,MIN,MEM,False
401705102,2025-01-11,POR,MIA,98.0,119.0,0.0,0.509022606920173,0.509022606920173,POR,MIA,False
401705105,2025-01-12,NYK,MIL,140.0,106.0,1.0,0.6003585028789024,0.6003585028789024,NYK,NYK,True
401705106,2025-01-12,DAL,DEN,101.0,112.0,0.0,0.4848426397854725,0.4848426397854725,DEN,DEN,True
401705107,2025-01-12,CHI,SAC,119.0,124.0,0.0,0.39995885133357956,0.39995885133357956,SAC,SAC,True
401705108,2025-01-12,BOS,NOP,120.0,119.0,1.0,0.7804199301465522,0.7804199301465522,BOS,BOS,True
401705109,2025-01-12,CLE,IND,93.0,108.0,0.0,0.6661666678176597,0.6661666678176597,CLE,IND,False
401705110,2025-01-12,ORL,PHI,104.0,99.0,1.0,0.5876759780286661,0.5876759780286661,ORL,ORL,True
401705111,2025-01-12,WAS,OKC,95.0,136.0,0.0,0.18179357361768933,0.18179357361768933,OKC,OKC,True
401705112,2025-01-12,UTA,BKN,112.0,111.0,1.0,0.5057185032590388,0.5057185032590388,UTA,UTA,True
401705113,2025-01-12,PHX,CHA,120.0,113.0,1.0,0.7379398073596405,0.7379398073596405,PHX,PHX,True
401705114,2025-01-13,WAS,MIN,106.0,120.0,0.0,0.37266653966225943,0.37266653966225943,MIN,MIN,True
401705115,2025-01-13,NYK,DET,119.0,124.0,0.0,0.5616614820243301,0.5616614820243301,NYK,DET,False
401705116,2025-01-13,TOR,GSW,104.0,101.0,1.0,0.4348349589520758,0.4348349589520758,GSW,TOR,False
401705117,2025-01-13,HOU,MEM,120.0,118.0,1.0,0.677932752815365,0.677932752815365,HOU,HOU,True
401705118,2025-01-13,LAL,SAS,102.0,126.0,0.0,0.7017334203872336,0.7017334203872336,LAL,SAS,False
401705119,2025-01-13,LAC,MIA,109.0,98.0,1.0,0.5278353704879928,0.5278353704879928,LAC,LAC,True
401705120,2025-01-14,IND,CLE,117.0,127.0,0.0,0.4801760037025429,0.45936386996302414,CLE,CLE,True
401705121,2025-01-14,PHI,OKC,102.0,118.0,0.0,0.23739391867044662,0.2514846904748196,OKC,OKC,True
401705122,2025-01-14,ATL,PHX,122.0,117.0,1.0,0.5858504276983092,0.5965436347699105,ATL,ATL,True
401705123,2025-01-14,CHI,NOP,113.0,119.0,0.0,0.6845984229503,0.6805497478133377,CHI,NOP,False
401705124,2025-01-14,MIL,SAC,130.0,115.0,1.0,0.4518819161214186,0.4353836928240722,SAC,MIL,False
401705125,2025-01-14,DAL,DEN,99.0,118.0,0.0,0.44070413395278063,0.4259230707727484,DEN,DEN,True
401705126,2025-01-14,POR,BKN,114.0,132.0,0.0,0.5724085029211868,0.5851711103678484,POR,BKN,False
401705127,2025-01-15,PHI,NYK,119.0,125.0,0.0,0.38743181843629343,0.3808340258846321,NYK,NYK,True
401705128,2025-01-15,TOR,BOS,110.0,97.0,1.0,0.32262499075221224,0.3256479052627228,BOS,TOR,False
401705129,2025-01-15,CHI,ATL,94.0,110.0,0.0,0.5233163512472133,0.5435995274898017,CHI,ATL,False
401705130,2025-01-15,MIL,ORL,122.0,93.0,1.0,0.6379369002176006,0.640697145167671,MIL,MIL,True
401705131,2025-01-15,MIN,GSW,115.0,116.0,0.0,0.5168345001912105,0.5380984529844716,MIN,GSW,False
401705132,2025-01-15,NOP,DAL,119.0,116.0,1.0,0.44107325055509955,0.42623541486078,DAL,NOP,False
401705133,2025-01-15,SAS,MEM,115.0,129.0,0.0,0.5182330565611131,0.539285753254675,SAS,MEM,False
401705134,2025-01-15,DEN,HOU,108.0,128.0,0.0,0.5175624798979201,0.5387164948647681,DEN,HOU,False
401705135,2025-01-15,UTA,CHA,112.0,117.0,0.0,0.6450908610480555,0.6467827435299651,UTA,CHA,False
401705136,2025-01-15,LAL,MIA,117.0,108.0,1.0,0.5906125131831144,0.6005734047441608,LAL,LAL,True
401705137,2025-01-15,LAC,BKN,126.0,67.0,1.0,0.7232239657339562,0.7139311184817793,LAC,LAC,True
401705138,2025-01-16,DET,IND,100.0,111.0,0.0,0.47799022123482793,0.4575090104641325,IND,IND,True
401705139,2025-01-16,WAS,PHX,123.0,130.0,0.0,0.40607070313411525,0.39661942836026376,PHX,PHX,True
401705140,2025-01-16,OKC,CLE,134.0,114.0,1.0,0.5989644000529255,0.6076429137120185,OKC,OKC,True
401705141,2025-01-16,POR,LAC,89.0,118.0,0.0,0.3777216632496764,0.3726005248375478,LAC,LAC,True
401705142,2025-01-16,SAC,HOU,132.0,127.0,1.0,0.35599407762073615,0.35414063843391286,HOU,SAC,False
401705143,2025-01-17,BOS,ORL,121.0,94.0,1.0,0.6265334253000274,0.6310102839288276,BOS,BOS,True
401705144,2025-01-17,NYK,MIN,99.0,116.0,0.0,0.5496746397716794,0.5659340392560048,NYK,MIN,False
401705145,2025-01-17,MIA,DEN,113.0,133.0,0.0,0.4147680421265861,0.4039796814047879,DEN,DEN,True
401705146,2025-01-17,MIL,TOR,130.0,112.0,1.0,0.7496571662777535,0.7370704581174515,MIL,MIL,True
401705147,2025-01-17,NOP,UTA,136.0,123.0,1.0,0.5345044046376389,0.5530856653873634,NOP,NOP,True
401705148,2025-01-17,SAS,MEM,112.0,140.0,0.0,0.4811760444419847,0.46021266616192336,MEM,MEM,True
401705149,2025-01-17,DAL,OKC,106.0,98.0,1.0,0.2823165699326879,0.2908855869708443,OKC,DAL,False
401705150,2025-01-17,CHI,CHA,123.0,125.0,0.0,0.7220099876879085,0.7128748260233824,CHI,CHA,False
401705151,2025-01-17,LAL,BKN,102.0,101.0,1.0,0.7569044019960115,0.7434661665236209,LAL,LAL,True
401705152,2025-01-18,DET,PHX,121.0,125.0,0.0,0.6241831029383282,0.6290156036120118,DET,PHX,False
401705153,2025-01-18,BOS,ATL,115.0,119.0,0.0,0.5961448087655064,0.6052559174840438,BOS,ATL,False
401705154,2025-01-18,IND,PHI,115.0,102.0,1.0,0.7405302137299729,0.7290490012046373,IND,IND,True
401705155,2025-01-18,GSW,WAS,122.0,114.0,1.0,0.7607736117446794,0.746890837133438,GSW,GSW,True
401705156,2025-01-18,MIN,CLE,117.0,124.0,0.0,0.36867536737325113,0.3649216320662615,CLE,CLE,True
401705157,2025-01-18,POR,HOU,103.0,125.0,0.0,0.3052428396244401,0.3107123897408818,HOU,HOU,True
401705158,2025-01-19,MIA,SAS,128.0,107.0,1.0,0.6175920403454916,0.6234248008986644,MIA,MIA,True
401705159,2025-01-19,ORL,DEN,100.0,113.0,0.0,0.43957104792330043,0.42496428301773737,DEN,DEN,True
401705160,2025-01-19,MIL,PHI,123.0,109.0,1.0,0.650765348822902,0.65161515293743,MIL,MIL,True
401705161,2025-01-19,OKC,BKN,127.0,101.0,1.0,0.8456197701563365,0.8243210949001348,OKC,OKC,True
401705162,2025-01-19,LAC,LAL,116.0,102.0,1.0,0.6914840801563673,0.6864694152107677,LAC,LAC,True
401705163,2025-01-19,POR,CHI,113.0,102.0,1.0,0.47090564004220553,0.4515000992164667,CHI,POR,False
401705164,2025-01-19,SAC,WAS,123.0,100.0,1.0,0.7960733448342387,0.7785040799781788,SAC,SAC,True
401705165,2025-01-20,CHA,DAL,110.0,105.0,1.0,0.4218376992168448,0.409961132087309,DAL,CHA,False
401705166,2025-01-20,HOU,DET,96.0,107.0,0.0,0.6498247362548429,0.6508137780410242,HOU,DET,False
401705167,2025-01-20,MEM,MIN,108.0,106.0,1.0,0.5676281596741009,0.5811268764499039,MEM,MEM,True
401705168,2025-01-20,NYK,ATL,119.0,110.0,1.0,0.5464431260612118,0.5631982099757235,NYK,NYK,True
401705169,2025-01-20,CLE,PHX,118.0,92.0,1.0,0.7279416290028303,0.7180410056416465,CLE,CLE,True
401705170,2025-01-20,GSW,BOS,85.0,125.0,0.0,0.37859394388545214,0.37334050505518634,BOS,BOS,True
401705171,2025-01-20,NOP,UTA,123.0,119.0,1.0,0.5459009820787891,0.5627391754331742,NOP,NOP,True
401705177,2025-01-20,LAC,CHI,99.0,112.0,0.0,0.6570178568965467,0.6569458164204158,LAC,CHI,False
401705172,2025-01-21,BKN,NYK,95.0,99.0,0.0,0.3484736822719412,0.34716655901382076,NYK,NYK,True
401705173,2025-01-21,MIA,POR,107.0,116.0,0.0,0.699300816493072,0.696549955543214,MIA,POR,False
401705174,2025-01-21,TOR,ORL,109.0,93.0,1.0,0.4794650420254641,0.4663498077218229,ORL,TOR,False
401705175,2025-01-21,DEN,PHI,144.0,109.0,1.0,0.6554835590900899,0.6564439896870587,DEN,DEN,True
401705176,2025-01-21,LAL,WAS,111.0,88.0,1.0,0.75848352648999,0.7512778978556395,LAL,LAL,True
401705178,2025-01-22,ATL,DET,104.0,114.0,0.0,0.4811828083756532,0.46791514240786947,DET,DET,True
401705179,2025-01-22,BKN,PHX,84.0,108.0,0.0,0.452679460811377,0.44196572453906546,PHX,PHX,True
401705180,2025-01-22,DAL,MIN,114.0,115.0,0.0,0.5273685218631616,0.5398752386666326,DAL,MIN,False
401705181,2025-01-22,HOU,CLE,109.0,108.0,1.0,0.5109250047931732,0.5248900074728601,HOU,HOU,True
401705182,2025-01-22,MEM,CHA,132.0,120.0,1.0,0.7224332347849768,0.7178475669508982,MEM,MEM,True
401705184,2025-01-22,OKC,UTA,123.0,114.0,1.0,0.76443242408905,0.7568282803446376,OKC,OKC,True
401705185,2025-01-22,SAC,GSW,123.0,117.0,1.0,0.6220290505708851,0.6259614104960466,SAC,SAC,True
401705186,2025-01-22,LAC,BOS,113.0,117.0,0.0,0.5329846220118343,0.5449889002383893,LAC,BOS,False
401705187,2025-01-23,IND,SAS,110.0,140.0,0.0,0.6558403680359931,0.6567696152522968,IND,SAS,False
401705188,2025-01-23,ORL,POR,79.0,101.0,0.0,0.6594967415202568,0.660107198061072,ORL,POR,False
401705189,2025-01-23,ATL,TOR,119.0,122.0,0.0,0.6186239597379013,0.6228630499618746,ATL,TOR,False
401705190,2025-01-23,MIL,MIA,125.0,96.0,1.0,0.6349024076409255,0.6376812085221736,MIL,MIL,True
401705191,2025-01-23,OKC,DAL,115.0,121.0,0.0,0.7459720679005019,0.7396379068728779,OKC,DAL,False
401705192,2025-01-23,DEN,SAC,132.0,123.0,1.0,0.5187122326641448,0.5319892052397455,DEN,DEN,True
401705194,2025-01-23,GSW,CHI,131.0,106.0,1.0,0.5561834391458208,0.5660947830273534,GSW,GSW,True
401705195,2025-01-23,LAL,BOS,117.0,96.0,1.0,0.4855854859268287,0.47192818154602767,BOS,LAL,False
401705549,2025-01-23,LAC,WAS,110.0,93.0,1.0,0.7619083441842938,0.7544719849683216,LAC,LAC,True
401705196,2025-01-24,CHA,POR,97.0,102.0,0.0,0.5436257620442301,0.5546730768726438,CHA,POR,False
401705197,2025-01-24,PHI,CLE,132.0,129.0,1.0,0.31464845997449026,0.3162469349815724,CLE,PHI,False
401705198,2025-01-24,MEM,NOP,139.0,126.0,1.0,0.6884470836454432,0.6865902272853385,MEM,MEM,True
401705199,2025-01-25,SAS,IND,98.0,136.0,0.0,0.4113986415190078,0.40443646123710997,IND,IND,True
401705200,2025-01-25,MIN,DEN,133.0,104.0,1.0,0.4300165869834217,0.4213591434394012,DEN,MIN,False
401705201,2025-01-25,DAL,BOS,107.0,122.0,0.0,0.43579672336691777,0.4266135710273352,BOS,BOS,True
401705202,2025-01-25,BKN,MIA,97.0,106.0,0.0,0.41917906639214775,0.4115083696983728,MIA,MIA,True
401705203,2025-01-25,CHA,NOP,123.0,92.0,1.0,0.48219872915992973,0.46884101818473245,NOP,CHA,False
401705204,2025-01-25,ORL,DET,121.0,113.0,1.0,0.45511465597383016,0.4441809928525077,DET,ORL,False
401705205,2025-01-25,ATL,TOR,94.0,117.0,0.0,0.6291565604267446,0.6324489510836592,ATL,TOR,False
401705206,2025-01-25,CLE,HOU,131.0,135.0,0.0,0.6007057041509829,0.6065669910569338,CLE,HOU,False
401705207,2025-01-25,NYK,SAC,143.0,120.0,1.0,0.5412352526014239,0.5524980576872962,NYK,NYK,True
401705208,2025-01-25,CHI,PHI,97.0,109.0,0.0,0.4845481325266383,0.4709824949319126,PHI,PHI,True
401705209,2025-01-25,MEM,UTA,125.0,103.0,1.0,0.7293919006701424,0.7242757322510905,MEM,MEM,True
401705210,2025-01-25,GSW,LAL,108.0,118.0,0.0,0.4723977239104077,0.4599118794864967,LAL,LAL,True
401705211,2025-01-25,PHX,WAS,119.0,109.0,1.0,0.7499578564372902,0.7433413620412399,PHX,PHX,True
401705212,2025-01-25,LAC,MIL,127.0,117.0,1.0,0.5692295595200335,0.5779555982839237,LAC,LAC,True
401705213,2025-01-26,POR,OKC,108.0,118.0,0.0,0.33987920251042725,0.33932301472896875,OKC,OKC,True
401705214,2025-01-27,CHA,LAL,107.0,112.0,0.0,0.4397699983979644,0.43022586784095773,LAL,LAL,True
401705215,2025-01-27,CLE,DET,110.0,91.0,1.0,0.6000248633759951,0.6059479964144543,CLE,CLE,True
401705216,2025-01-27,BOS,HOU,112.0,114.0,0.0,0.588586202545287,0.5955497626184333,BOS,HOU,False
401705217,2025-01-27,BKN,SAC,96.0,110.0,0.0,0.366418089860517,0.3635214560119917,SAC,SAC,True
401705218,2025-01-27,MIA,ORL,125.0,119.0,1.0,0.5742689879066014,0.582536340537342,MIA,MIA,True
401705219,2025-01-27,NYK,MEM,143.0,106.0,1.0,0.5546453066785387,0.5646961025250927,NYK,NYK,True
401705220,2025-01-27,TOR,NOP,113.0,104.0,1.0,0.5824661770957393,0.589987032873884,TOR,TOR,True
401705221,2025-01-27,CHI,DEN,129.0,121.0,1.0,0.3887829773982064,0.3838747810430502,DEN,CHI,False
401705222,2025-01-27,MIN,ATL,100.0,92.0,1.0,0.5870627385264198,0.5941650046943602,MIN,MIN,True
401705223,2025-01-27,DAL,WAS,130.0,108.0,1.0,0.7248322147206305,0.720062448034216,DAL,DAL,True
401705224,2025-01-27,UTA,MIL,110.0,125.0,0.0,0.36614498029184084,0.36327272709686076,MIL,MIL,True
401705225,2025-01-27,PHX,LAC,111.0,109.0,1.0,0.5183382632713854,0.5316483884578687,PHX,PHX,True
401705226,2025-01-28,PHI,LAL,118.0,104.0,1.0,0.4569283910783542,0.43827111821074793,LAL,PHI,False
401705227,2025-01-28,GSW,UTA,114.0,103.0,1.0,0.6376068942735104,0.6446620790482369,GSW,GSW,True
401705228,2025-01-28,POR,MIL,125.0,112.0,1.0,0.40985880698633004,0.3969699187618989,MIL,POR,False
401748705,2025-01-28,ATL,HOU,96.0,100.0,0.0,0.4122131967291774,0.399033970090394,HOU,HOU,True
401705229,2025-01-29,CHA,BKN,83.0,104.0,0.0,0.5863103975900122,0.5996716590987122,CHA,BKN,False
401705230,2025-01-29,IND,DET,133.0,119.0,1.0,0.6144627184499444,0.6243535601471637,IND,IND,True
401705231,2025-01-29,WAS,TOR,82.0,106.0,0.0,0.42362312647649586,0.4090381672717547,TOR,TOR,True
401705232,2025-01-29,BOS,CHI,122.0,100.0,1.0,0.6453133283363066,0.6514317936164862,BOS,BOS,True
401705233,2025-01-29,MIA,CLE,106.0,126.0,0.0,0.4259688837685849,0.41109532998267173,CLE,CLE,True
401705234,2025-01-29,NYK,DEN,122.0,112.0,1.0,0.5872782575758901,0.6005201890455909,NYK,NYK,True
401705235,2025-01-29,PHI,SAC,117.0,104.0,1.0,0.46762150998916224,0.4476733462021901,SAC,PHI,False
401705236,2025-01-29,NOP,DAL,136.0,137.0,0.0,0.47473211582086106,0.45393168183331134,DAL,DAL,True
401705237,2025-01-29,SAS,LAC,116.0,128.0,0.0,0.46674966447562805,0.4469063540413858,LAC,LAC,True
401705238,2025-01-29,PHX,MIN,113.0,121.0,0.0,0.5065272444054334,0.529545877757626,PHX,MIN,False
401705239,2025-01-29,GSW,OKC,116.0,109.0,1.0,0.34981700145255623,0.34428787024247465,OKC,GSW,False
401705240,2025-01-30,WAS,LAL,96.0,134.0,0.0,0.3247112933718952,0.32218005485786216,LAL,LAL,True
401705241,2025-01-30,CLE,ATL,137.0,115.0,1.0,0.687488073488486,0.6885932225623913,CLE,CLE,True
401705242,2025-01-30,MEM,HOU,120.0,119.0,1.0,0.5346599784728604,0.5543336006361718,MEM,MEM,True
401705243,2025-01-30,UTA,MIN,113.0,138.0,0.0,0.3744860824842237,0.3659526844376956,MIN,MIN,True
401705244,2025-01-30,POR,ORL,119.0,90.0,1.0,0.5831273170284124,0.5968809267581937,POR,POR,True
401705245,2025-01-31,CHA,LAC,104.0,112.0,0.0,0.3719811000092985,0.36375461561899114,LAC,LAC,True
401705246,2025-01-31,DET,DAL,117.0,102.0,1.0,0.5115025527937981,0.533936625382524,DET,DET,True
401705247,2025-01-31,PHI,DEN,134.0,137.0,0.0,0.5062818920338066,0.5293292651129757,PHI,DEN,False
401705248,2025-01-31,TOR,CHI,106.0,122.0,0.0,0.629233955268522,0.637311692378513,TOR,CHI,False
401705249,2025-01-31,NOP,BOS,116.0,118.0,0.0,0.3911628356545056,0.38057935287989986,BOS,BOS,True
401705250,2025-01-31,SAS,MIL,144.0,118.0,1.0,0.42567455451801983,0.4108372017651226,MIL,SAS,False
401705251,2025-01-31,GSW,PHX,105.0,130.0,0.0,0.5813044529048036,0.5952826646663896,GSW,PHX,False
401705252,2025-02-01,IND,ATL,132.0,127.0,1.0,0.6578673927608683,0.6624712027592338,IND,IND,True
401705253,2025-02-01,UTA,ORL,113.0,99.0,1.0,0.4964577801907837,0.4730900656565876,ORL,UTA,False
401705254,2025-02-01,CHA,DEN,104.0,107.0,0.0,0.4160056562149991,0.40235889936466196,DEN,DEN,True
401705255,2025-02-01,HOU,BKN,98.0,110.0,0.0,0.6589810149852825,0.663451241745862,HOU,BKN,False
401705256,2025-02-01,MIN,WAS,103.0,105.0,0.0,0.7891864443093745,0.7797928656850622,MIN,WAS,False
401705257,2025-02-01,OKC,SAC,144.0,110.0,1.0,0.7069908918536104,0.7058698323872352,OKC,OKC,True
401705258,2025-02-01,NYK,LAL,112.0,128.0,0.0,0.6767590391846241,0.6791171963885837,NYK,LAL,False
401705259,2025-02-01,SAS,MIA,103.0,105.0,0.0,0.5562906413298064,0.5733393042028181,SAS,MIA,False
401705260,2025-02-01,POR,PHX,127.0,108.0,1.0,0.5319126575816786,0.5519168144585435,POR,POR,True
401705261,2025-02-02,DET,CHI,127.0,119.0,1.0,0.5742314520665196,0.589080365858037,DET,DET,True
401705262,2025-02-02,CLE,DAL,144.0,101.0,1.0,0.6677456075413919,0.6711695131318459,CLE,CLE,True
401705263,2025-02-02,TOR,LAC,115.0,108.0,1.0,0.4991821703149841,0.47549696857470247,LAC,TOR,False
401705264,2025-02-02,PHI,BOS,110.0,118.0,0.0,0.44146536084693044,0.42469093663935276,BOS,BOS,True
401705265,2025-02-02,MIL,MEM,119.0,132.0,0.0,0.5694427878445038,0.5848802786205991,MIL,MEM,False
401705266,2025-02-03,CHA,WAS,114.0,124.0,0.0,0.6302025706062916,0.638161790014246,CHA,WAS,False
401705267,2025-02-03,DET,ATL,130.0,132.0,0.0,0.5900887508716184,0.6029841067201096,DET,ATL,False
401705268,2025-02-03,NYK,HOU,124.0,118.0,1.0,0.5878181439421195,0.6009935061024134,NYK,NYK,True
401705269,2025-02-03,MEM,SAS,128.0,109.0,1.0,0.6486311546751504,0.6543478583507977,MEM,MEM,True
401705270,2025-02-03,MIN,SAC,114.0,116.0,0.0,0.598242499911722,0.6101321389254373,MIN,SAC,False
401705271,2025-02-03,OKC,MIL,125.0,96.0,1.0,0.7085802327266655,0.7072810667230945,OKC,OKC,True
401705272,2025-02-03,DEN,NOP,125.0,113.0,1.0,0.7002494544581009,0.699889680416161,DEN,DEN,True
401705273,2025-02-03,UTA,IND,111.0,112.0,0.0,0.33565038690868915,0.3318221619033731,IND,IND,True
401705274,2025-02-03,GSW,ORL,104.0,99.0,1.0,0.596180093665917,0.6083241216030906,GSW,GSW,True
401705275,2025-02-03,POR,PHX,121.0,119.0,1.0,0.5694441708346186,0.5848814917544558,POR,POR,True
401705276,2025-02-04,CLE,BOS,105.0,112.0,0.0,0.6677798975930348,0.6715307187128875,CLE,BOS,False
401705277,2025-02-04,BKN,HOU,99.0,97.0,1.0,0.31442972807433767,0.3124646594358713,HOU,BKN,False
401705278,2025-02-04,PHI,DAL,118.0,116.0,1.0,0.5933227904038751,0.604798959659349,PHI,PHI,True
401705279,2025-02-04,TOR,NYK,115.0,121.0,0.0,0.37563711082397117,0.3674092869266824,NYK,NYK,True
401705280,2025-02-04,CHI,MIA,133.0,124.0,1.0,0.4062633747320629,0.3948305424996561,MIA,CHI,False
401705281,2025-02-04,LAC,LAL,97.0,122.0,0.0,0.5700308665078873,0.5839403815887829,LAC,LAL,False
401705282,2025-02-04,POR,IND,112.0,89.0,1.0,0.4298984897898147,0.41599632878641124,IND,POR,False
401705283,2025-02-05,CHA,MIL,102.0,112.0,0.0,0.37875994746079444,0.37020609717348396,MIL,MIL,True
401705284,2025-02-05,DET,CLE,115.0,118.0,0.0,0.346961790887938,0.3417060236890118,CLE,CLE,True
401705285,2025-02-05,ATL,SAS,125.0,126.0,0.0,0.567230117770994,0.5814310169836049,ATL,SAS,False
401705286,2025-02-05,BKN,WAS,102.0,119.0,0.0,0.6158059637008206,0.6249278063176138,BKN,WAS,False
401705287,2025-02-05,PHI,MIA,101.0,108.0,0.0,0.49825314869707826,0.4774065891723671,MIA,MIA,True
401705288,2025-02-05,TOR,MEM,107.0,138.0,0.0,0.44708825988547996,0.4314040432128352,MEM,MEM,True
401705289,2025-02-05,MIN,CHI,127.0,108.0,1.0,0.6082766521665576,0.618186508581621,MIN,MIN,True
401705290,2025-02-05,OKC,PHX,140.0,109.0,1.0,0.7764383962037775,0.770188501596014,OKC,OKC,True
401705291,2025-02-05,UTA,GSW,131.0,128.0,1.0,0.31277690802714103,0.3109757399016396,GSW,UTA,False
401705292,2025-02-05,DEN,NOP,144.0,119.0,1.0,0.824094713878145,0.8145561450651075,DEN,DEN,True
401705293,2025-02-05,SAC,ORL,111.0,130.0,0.0,0.684448604317091,0.6865251117303044,SAC,ORL,False
401705294,2025-02-06,BOS,DAL,120.0,127.0,0.0,0.7161842014920274,0.7151819122316766,BOS,DAL,False
401705295,2025-02-06,MIN,HOU,127.0,114.0,1.0,0.4951853985615191,0.4746402177726854,HOU,MIN,False
401705296,2025-02-06,DEN,ORL,112.0,90.0,1.0,0.7306904817625544,0.7283419692611803,DEN,DEN,True
401705297,2025-02-06,LAL,GSW,120.0,112.0,1.0,0.7181617844558951,0.7169734303905108,LAL,LAL,True
401705298,2025-02-06,POR,SAC,108.0,102.0,1.0,0.6076155324373874,0.6175946199838738,POR,POR,True
401705299,2025-02-06,LAC,IND,112.0,119.0,0.0,0.48941635662467203,0.4694412300597842,IND,IND,True
401705300,2025-02-07,CHA,SAS,117.0,116.0,1.0,0.3830328780016008,0.3740324666214353,SAS,CHA,False
401705301,2025-02-07,WAS,CLE,124.0,134.0,0.0,0.2129091113269506,0.2199742687524776,CLE,CLE,True
401705302,2025-02-07,ATL,MIL,115.0,110.0,1.0,0.49010704549714046,0.4700634496570337,MIL,ATL,False
401705303,2025-02-07,BKN,MIA,102.0,86.0,1.0,0.3929501127186032,0.38291178845511864,MIA,BKN,False
401705304,2025-02-07,DET,PHI,125.0,112.0,1.0,0.42693653519266356,0.41334290171378396,PHI,DET,False
401705305,2025-02-07,OKC,TOR,121.0,109.0,1.0,0.8155779951453269,0.8065535797759306,OKC,OKC,True
401705306,2025-02-07,PHX,UTA,135.0,127.0,1.0,0.6835099685822943,0.6856798584332603,PHX,PHX,True
401705307,2025-02-08,DAL,HOU,116.0,105.0,1.0,0.4840020054735615,0.46456560854091056,HOU,DAL,False
401705308,2025-02-08,LAL,IND,124.0,117.0,1.0,0.5279229992259517,0.5461612105494816,LAL,LAL,True
401705309,2025-02-08,ORL,SAS,112.0,111.0,1.0,0.5511759006178968,0.5670391028240616,ORL,ORL,True
401705310,2025-02-08,WAS,ATL,111.0,125.0,0.0,0.38293773313844265,0.3739472704060156,ATL,ATL,True
401705311,2025-02-08,CHI,GSW,111.0,132.0,0.0,0.41876799069242077,0.40602686269838084,GSW,GSW,True
401705312,2025-02-08,MEM,OKC,112.0,125.0,0.0,0.45659931293926165,0.43993701898604376,OKC,OKC,True
401705313,2025-02-08,MIN,POR,114.0,98.0,1.0,0.5755558897194389,0.5888896404057049,MIN,MIN,True
401705314,2025-02-08,NYK,BOS,104.0,131.0,0.0,0.5772236612698225,0.5903833920217807,NYK,BOS,False
401705315,2025-02-08,PHX,DEN,105.0,122.0,0.0,0.41372898222494864,0.401514701487412,DEN,DEN,True
401705316,2025-02-08,SAC,NOP,123.0,118.0,1.0,0.7161320461008132,0.7151346742916447,SAC,SAC,True
401705317,2025-02-08,LAC,UTA,130.0,110.0,1.0,0.7573905401297164,0.7526930394977953,LAC,LAC,True
401705318,2025-02-09,DET,CHA,112.0,102.0,1.0,0.7003661422589751,0.7008780307949615,DET,DET,True
401705319,2025-02-09,HOU,TOR,94.0,87.0,1.0,0.6538052888881075,0.6589822781342377,HOU,HOU,True
401705320,2025-02-09,MIL,PHI,135.0,127.0,1.0,0.6124239440138491,0.6218996305062945,MIL,MIL,True
401705321,2025-02-10,CLE,MIN,128.0,107.0,1.0,0.6075039505096328,0.6174947231349005,CLE,CLE,True
401705322,2025-02-10,ORL,ATL,106.0,112.0,0.0,0.5745068156017553,0.587949980035562,ORL,ATL,False
401705323,2025-02-10,WAS,SAS,121.0,131.0,0.0,0.36149909546215375,0.3547423962046704,SAS,SAS,True
401705324,2025-02-10,BKN,CHA,97.0,89.0,1.0,0.6160055592268717,0.6251065264396136,BKN,BKN,True
401705325,2025-02-10,MIA,BOS,85.0,103.0,0.0,0.30913988942690124,0.30769805041077936,BOS,BOS,True
401705326,2025-02-10,MIL,GSW,111.0,125.0,0.0,0.600889318525867,0.6115729383252232,MIL,GSW,False
401705327,2025-02-10,OKC,NOP,137.0,101.0,1.0,0.8503833360203004,0.8395076282010961,OKC,OKC,True
401705328,2025-02-10,DAL,SAC,128.0,129.0,0.0,0.6050944537986108,0.6153375802381398,DAL,SAC,False
401705329,2025-02-10,DEN,POR,146.0,117.0,1.0,0.6863573839253865,0.6882443529889546,DEN,DEN,True
401705334,2025-02-10,LAL,UTA,132.0,113.0,1.0,0.8178142872365645,0.8086513882074966,LAL,LAL,True
401705330,2025-02-11,PHI,TOR,103.0,106.0,0.0,0.5770490552382703,0.5856439697297705,PHI,TOR,False
401705331,2025-02-11,IND,NYK,115.0,128.0,0.0,0.5720269904297169,0.5806824767938703,IND,NYK,False
401705332,2025-02-11,CHI,DET,92.0,132.0,0.0,0.39197483406434863,0.3837892341641662,DET,DET,True
401705333,2025-02-11,PHX,MEM,112.0,119.0,0.0,0.4018016623327014,0.3934796618122438,MEM,MEM,True
401705335,2025-02-12,BOS,SAS,116.0,103.0,1.0,0.7324539538976916,0.7384396521273734,BOS,BOS,True
401705336,2025-02-12,ORL,CHA,102.0,86.0,1.0,0.6848653754047331,0.691788982165615,ORL,ORL,True
401705337,2025-02-12,WAS,IND,130.0,134.0,0.0,0.33277120958809303,0.32552882127347316,IND,IND,True
401705338,2025-02-12,BKN,PHI,100.0,96.0,1.0,0.4659364109929603,0.45687759344760137,PHI,BKN,False
401705339,2025-02-12,NYK,ATL,149.0,148.0,1.0,0.5883147665574908,0.5967678581753119,NYK,NYK,True
401705340,2025-02-12,TOR,CLE,108.0,131.0,0.0,0.2842007978281383,0.2778745736025562,CLE,CLE,True
401705341,2025-02-12,CHI,DET,110.0,128.0,0.0,0.3366068390111397,0.32929731965292364,DET,DET,True
401705342,2025-02-12,MIN,MIL,101.0,103.0,0.0,0.6388557221593334,0.646575404349015,MIN,MIL,False
401705343,2025-02-12,NOP,SAC,111.0,119.0,0.0,0.34136679620632315,0.3339750842885255,SAC,SAC,True
401705344,2025-02-12,OKC,MIA,115.0,101.0,1.0,0.8095310098469884,0.8137946028073757,OKC,OKC,True
401705345,2025-02-12,HOU,PHX,119.0,111.0,1.0,0.6619411045669188,0.6692758288897259,HOU,HOU,True
401705346,2025-02-12,DEN,POR,132.0,121.0,1.0,0.7852827530317801,0.7901111176889073,DEN,DEN,True
401705347,2025-02-12,UTA,LAL,131.0,119.0,1.0,0.25816896382589605,0.2523804403831744,LAL,UTA,False
401705348,2025-02-12,DAL,GSW,111.0,107.0,1.0,0.5425027549564682,0.551480403706124,DAL,DAL,True
401705349,2025-02-12,LAC,MEM,128.0,114.0,1.0,0.5191715413620204,0.5283614095658999,LAC,LAC,True
401705350,2025-02-13,HOU,GSW,98.0,105.0,0.0,0.564445757998536,0.5731895434000849,HOU,GSW,False
401705351,2025-02-13,NOP,SAC,140.0,133.0,1.0,0.3310657630247312,0.3238534789797257,SAC,NOP,False
401705352,2025-02-13,DAL,MIA,118.0,113.0,1.0,0.6720628625913372,0.679219514496977,DAL,DAL,True
401705353,2025-02-13,MIN,OKC,116.0,101.0,1.0,0.30715984601524515,0.3003856960375514,OKC,MIN,False
401705570,2025-02-13,UTA,LAC,116.0,120.0,0.0,0.26986972028523193,0.2638357575367566,LAC,LAC,True
401748704,2025-02-19,LAL,CHA,97.0,100.0,0.0,0.8050324417700587,0.8094021663218469,LAL,CHA,False
401705354,2025-02-20,IND,MEM,127.0,113.0,1.0,0.5781692814207591,0.5867504604173598,IND,IND,True
401705355,2025-02-20,PHI,BOS,104.0,124.0,0.0,0.29748929408065683,0.2909006774077847,BOS,BOS,True
401705356,2025-02-20,ATL,ORL,108.0,114.0,0.0,0.6028858746329641,0.6111435572398334,ATL,ORL,False
401705357,2025-02-20,BKN,CLE,97.0,110.0,0.0,0.2926217901242817,0.2861283008089581,CLE,CLE,True
401705358,2025-02-20,NYK,CHI,113.0,111.0,1.0,0.7169901327982159,0.7232924307470859,NYK,NYK,True
401705359,2025-02-20,MIL,LAC,116.0,110.0,1.0,0.48440349667184124,0.47518451586097554,LAC,MIL,False
401705360,2025-02-20,DEN,CHA,129.0,115.0,1.0,0.841553962816002,0.845047212335142,DEN,DEN,True
401705361,2025-02-20,SAS,PHX,120.0,109.0,1.0,0.644454052144236,0.6520831437979198,SAS,SAS,True
401705362,2025-02-20,POR,LAL,102.0,110.0,0.0,0.4730207903062065,0.463897674536933,LAL,LAL,True
401705363,2025-02-21,CLE,NYK,142.0,105.0,1.0,0.6305858437900925,0.6384360328598022,CLE,CLE,True
401705364,2025-02-21,ORL,MEM,104.0,105.0,0.0,0.46001384760032055,0.4510114770637348,MEM,MEM,True
401705365,2025-02-21,WAS,MIL,101.0,104.0,0.0,0.370317671692579,0.3624534662839043,MIL,MIL,True
401705366,2025-02-21,TOR,MIA,111.0,120.0,0.0,0.5533615284693583,0.5622275222274664,TOR,MIA,False
401705367,2025-02-21,HOU,MIN,121.0,115.0,1.0,0.4922017679949469,0.48292248091788614,MIN,HOU,False
401705368,2025-02-21,SAS,DET,110.0,125.0,0.0,0.47311456828260245,0.4639906250797208,DET,DET,True
401705369,2025-02-21,DAL,NOP,111.0,103.0,1.0,0.7787300396573938,0.7837077351702711,DAL,DAL,True
401705370,2025-02-21,UTA,OKC,107.0,130.0,0.0,0.1962071355518696,0.19180826942219942,OKC,OKC,True
401705371,2025-02-21,SAC,GSW,108.0,132.0,0.0,0.4744238359237072,0.4652884055921942,GSW,GSW,True
401705372,2025-02-22,CHI,PHX,117.0,121.0,0.0,0.47794961761826077,0.4687838575717278,PHX,PHX,True
401705373,2025-02-22,PHI,BKN,103.0,105.0,0.0,0.5566223592240356,0.5654532579379136,PHI,BKN,False
401705374,2025-02-22,DEN,LAL,100.0,123.0,0.0,0.6731870897874191,0.6803236233223702,DEN,LAL,False
401705375,2025-02-22,UTA,HOU,124.0,115.0,1.0,0.3572627909566451,0.3496057269943986,HOU,UTA,False
401705376,2025-02-22,POR,CHA,141.0,88.0,1.0,0.6634567384287023,0.670765151572865,POR,POR,True
401705377,2025-02-23,BOS,NYK,118.0,105.0,1.0,0.6377866530049955,0.6472662066834426,BOS,BOS,True
401705378,2025-02-23,GSW,DAL,126.0,102.0,1.0,0.5689830962805784,0.5783940987652954,GSW,GSW,True
401705379,2025-02-23,IND,LAC,129.0,111.0,1.0,0.5845528585998897,0.5940156956523241,IND,IND,True
401705380,2025-02-23,ATL,DET,143.0,148.0,0.0,0.3889138476114755,0.3794108463093877,DET,DET,True
401705381,2025-02-23,ORL,WAS,110.0,90.0,1.0,0.7574105029322339,0.7659102909394636,ORL,ORL,True
401705382,2025-02-23,TOR,PHX,127.0,109.0,1.0,0.5960779077932531,0.6055657706771552,TOR,TOR,True
401705383,2025-02-23,MIL,MIA,120.0,113.0,1.0,0.6450002522561621,0.6544620771157376,MIL,MIL,True
401705384,2025-02-23,NOP,SAS,114.0,96.0,1.0,0.3948780563095797,0.3853786779984695,SAS,NOP,False
401705385,2025-02-23,CLE,MEM,129.0,123.0,1.0,0.720152077453606,0.7291211064454556,CLE,CLE,True
401705386,2025-02-23,MIN,OKC,123.0,130.0,0.0,0.3713325514457636,0.3618375950115824,OKC,OKC,True
401705387,2025-02-24,DET,LAC,106.0,97.0,1.0,0.5214590328977972,0.5305893751300218,DET,DET,True
401705388,2025-02-24,IND,DEN,116.0,125.0,0.0,0.48641059840862616,0.47734375793076744,DEN,DEN,True
401705389,2025-02-24,PHI,CHI,110.0,142.0,0.0,0.5614074115632706,0.570785856469049,PHI,CHI,False
401705390,2025-02-24,WAS,BKN,107.0,99.0,1.0,0.3608586568898144,0.35138205675858336,BKN,WAS,False
401705391,2025-02-24,ATL,MIA,98.0,86.0,1.0,0.5857770426908712,0.595243082254827,ATL,ATL,True
401705392,2025-02-24,OKC,MIN,128.0,131.0,0.0,0.7070538146276687,0.7161509552637514,OKC,MIN,False
401705393,2025-02-24,UTA,POR,112.0,114.0,0.0,0.39867638146832807,0.3891809606357446,POR,POR,True
401705394,2025-02-24,SAC,CHA,130.0,88.0,1.0,0.7117565918760556,0.7208098743188907,SAC,SAC,True
401705395,2025-02-25,TOR,BOS,101.0,111.0,0.0,0.30678906745675044,0.29757649453964974,BOS,BOS,True
401705396,2025-02-25,ORL,CLE,82.0,122.0,0.0,0.2928812298627738,0.28378467882222014,CLE,CLE,True
401705397,2025-02-25,HOU,MIL,100.0,97.0,1.0,0.5882964857757731,0.5977687110984211,HOU,HOU,True
401705398,2025-02-25,MEM,PHX,151.0,148.0,1.0,0.7524348008162974,0.7610065124624198,MEM,MEM,True
401705399,2025-02-25,NOP,SAS,109.0,103.0,1.0,0.44552724182546616,0.436182733212801,SAS,NOP,False
401705400,2025-02-25,GSW,CHA,128.0,92.0,1.0,0.8113781359736318,0.8189014458996863,GSW,GSW,True
401705401,2025-02-25,LAL,DAL,107.0,99.0,1.0,0.6596262351743684,0.6690367997640099,LAL,LAL,True
401705402,2025-02-26,DET,BOS,117.0,97.0,1.0,0.41658239461785773,0.40712264216599503,BOS,DET,False
401705403,2025-02-26,IND,TOR,111.0,91.0,1.0,0.7307085300752709,0.7395606105213227,IND,IND,True
401705404,2025-02-26,NYK,PHI,110.0,105.0,1.0,0.7659070354280373,0.7742771889006407,NYK,NYK,True
401705405,2025-02-26,WAS,POR,121.0,129.0,0.0,0.3413456870144337,0.3319310718379662,POR,POR,True
401705406,2025-02-26,BKN,OKC,121.0,129.0,0.0,0.23856402001553498,0.23012457100748163,OKC,OKC,True
401705407,2025-02-26,MIA,ATL,131.0,109.0,1.0,0.4637497709361216,0.45451289355062596,ATL,MIA,False
401705408,2025-02-26,CHI,LAC,117.0,122.0,0.0,0.3765501903122105,0.36704989649771846,LAC,LAC,True
401705409,2025-02-26,UTA,SAC,101.0,118.0,0.0,0.36965229011150674,0.3601595886026705,SAC,SAC,True
401705410,2025-02-26,HOU,SAS,118.0,106.0,1.0,0.6406544511484137,0.6501275473852947,HOU,HOU,True
401705411,2025-02-27,ORL,GSW,115.0,121.0,0.0,0.33566007094005046,0.3262704674973408,GSW,GSW,True
401705412,2025-02-27,MIL,DEN,121.0,112.0,1.0,0.41709419731723485,0.4076358715323233,DEN,MIL,False
401705413,2025-02-27,DAL,CHA,103.0,96.0,1.0,0.7965178738039355,0.8043472264523127,DAL,DAL,True
401705414,2025-02-27,PHX,NOP,116.0,124.0,0.0,0.6834251572967367,0.69270724203989,PHX,NOP,False
401705415,2025-02-27,LAL,MIN,111.0,102.0,1.0,0.6234728626946024,0.6329731384434308,LAL,LAL,True
401705416,2025-02-28,DET,DEN,119.0,134.0,0.0,0.5447339434238035,0.5540242214441516,DET,DEN,False
401705417,2025-02-28,ATL,OKC,119.0,135.0,0.0,0.2715069690813368,0.26262931621516283,OKC,OKC,True
401705418,2025-02-28,BOS,CLE,116.0,123.0,0.0,0.41748295404696856,0.40802572688646377,CLE,CLE,True
401705419,2025-02-28,BKN,POR,102.0,121.0,0.0,0.4120216985713182,0.4025502243057558,POR,POR,True
401705420,2025-02-28,MIA,IND,125.0,120.0,1.0,0.37147176398083037,0.3619766324736393,IND,MIA,False
401705421,2025-02-28,CHI,TOR,125.0,115.0,1.0,0.5639222591333821,0.5733120378227331,CHI,CHI,True
401705422,2025-02-28,MEM,NYK,113.0,114.0,0.0,0.599212618354667,0.6087052885163744,MEM,NYK,False
401705423,2025-02-28,PHX,NOP,125.0,108.0,1.0,0.6474355782206374,0.6568902994663159,PHX,PHX,True
401705424,2025-02-28,UTA,MIN,117.0,116.0,1.0,0.3288877997018934,0.31953216124444783,MIN,UTA,False
401705425,2025-02-28,LAL,LAC,106.0,102.0,1.0,0.6632227117700238,0.6726174812238842,LAL,LAL,True
401705426,2025-03-01,CHA,WAS,100.0,113.0,0.0,0.5134658608590436,0.5225316672549754,CHA,WAS,False
401705427,2025-03-01,DET,BKN,115.0,94.0,1.0,0.6659653781737753,0.6753472451235506,DET,DET,True
401705428,2025-03-01,HOU,SAC,103.0,113.0,0.0,0.621344154428498,0.6308458927728954,HOU,SAC,False
401705429,2025-03-01,MEM,SAS,128.0,130.0,0.0,0.6676096766252938,0.6769834508308036,MEM,SAS,False
401705430,2025-03-01,PHI,GSW,126.0,119.0,1.0,0.2647189580263863,0.2559214007002394,GSW,PHI,False
401705431,2025-03-01,DAL,MIL,117.0,132.0,0.0,0.5957080183034839,0.6051952571569728,DAL,MIL,False
401705432,2025-03-02,BOS,DEN,110.0,103.0,1.0,0.5148354747070454,0.5193757267585732,BOS,BOS,True
401705433,2025-03-02,CLE,POR,133.0,129.0,1.0,0.767952554113437,0.785311583460404,CLE,CLE,True
401705434,2025-03-02,IND,CHI,127.0,112.0,1.0,0.6816841640267182,0.6964138716687694,IND,IND,True
401705435,2025-03-02,MIA,NYK,112.0,116.0,0.0,0.4286217881045823,0.42016667376456585,NYK,NYK,True
401705436,2025-03-02,ORL,TOR,102.0,104.0,0.0,0.6730816395306881,0.6874183127813562,ORL,TOR,False
401705437,2025-03-02,SAS,OKC,132.0,146.0,0.0,0.21474831719624835,0.19720921456163032,OKC,OKC,True
401705438,2025-03-02,UTA,NOP,121.0,128.0,0.0,0.5473678220378229,0.5541952761757207,UTA,NOP,False
401705439,2025-03-02,PHX,MIN,98.0,116.0,0.0,0.41319075835653996,0.40372609807639026,MIN,MIN,True
401705440,2025-03-02,LAL,LAC,108.0,102.0,1.0,0.7516199935440729,0.7686902396328584,LAL,LAL,True
401705441,2025-03-03,CHA,GSW,101.0,119.0,0.0,0.1891524194732469,0.17160855838656275,GSW,GSW,True
401705442,2025-03-03,PHI,POR,102.0,119.0,0.0,0.392101969674704,0.38131403137027686,POR,POR,True
401705443,2025-03-03,MIA,WAS,106.0,90.0,1.0,0.6836031384382982,0.698417748726513,MIA,MIA,True
401705444,2025-03-03,MEM,ATL,130.0,132.0,0.0,0.6858384049109055,0.7007506064962448,MEM,ATL,False
401705445,2025-03-03,OKC,HOU,137.0,128.0,1.0,0.7522930482239972,0.7693773538564893,OKC,OKC,True
401705446,2025-03-03,DAL,SAC,98.0,122.0,0.0,0.4817715498296681,0.47698947866604346,SAC,SAC,True
401705447,2025-03-03,UTA,DET,106.0,134.0,0.0,0.2428945953701553,0.22571507542509894,DET,DET,True
401705448,2025-03-04,IND,HOU,115.0,102.0,1.0,0.7066255629479313,0.7223749205765988,IND,IND,True
401705449,2025-03-04,ORL,TOR,113.0,114.0,0.0,0.6605481019495774,0.6742773162800583,ORL,TOR,False
401705450,2025-03-04,ATL,MIL,121.0,127.0,0.0,0.42017483553501067,0.4111631386454855,MIL,MIL,True
401705451,2025-03-04,NYK,GSW,102.0,114.0,0.0,0.552560556041258,0.5597451633203931,NYK,GSW,False
401705452,2025-03-04,CHI,CLE,117.0,139.0,0.0,0.19136191935711577,0.17380530226992374,CLE,CLE,True
401705453,2025-03-04,MIN,PHI,126.0,112.0,1.0,0.7626775738628901,0.7799554855550233,MIN,MIN,True
401705454,2025-03-04,SAS,BKN,127.0,113.0,1.0,0.5734488446461197,0.5820412430691653,SAS,SAS,True
401705455,2025-03-04,PHX,LAC,119.0,117.0,1.0,0.5202514586634692,0.525177411176429,PHX,PHX,True
401705456,2025-03-04,LAL,NOP,136.0,115.0,1.0,0.8193658135239026,0.8368358416417296,LAL,LAL,True
401705457,2025-03-05,BOS,POR,128.0,118.0,1.0,0.6541817792077889,0.6675874460925424,BOS,BOS,True
401705458,2025-03-05,CHA,MIN,110.0,125.0,0.0,0.23099945690140478,0.21362573172793098,MIN,MIN,True
401705459,2025-03-05,CLE,MIA,112.0,107.0,1.0,0.7863577518344788,0.8039037111718397,CLE,CLE,True
401705460,2025-03-05,WAS,UTA,125.0,122.0,1.0,0.5101805931839692,0.5143881457170276,WAS,WAS,True
401705461,2025-03-05,MEM,OKC,103.0,120.0,0.0,0.33402844864471676,0.3200314605593333,OKC,OKC,True
401705462,2025-03-05,DEN,SAC,116.0,110.0,1.0,0.6052830408440665,0.61591079571689,DEN,DEN,True
401705463,2025-03-05,MIL,DAL,137.0,107.0,1.0,0.6443519644368577,0.6572393419466491,MIL,MIL,True
401705464,2025-03-05,LAC,DET,123.0,115.0,1.0,0.35781306568424,0.34504278125120447,DET,LAC,False
401705465,2025-03-06,ATL,IND,124.0,118.0,1.0,0.3747479337881029,0.36292794475188606,IND,ATL,False
401705466,2025-03-06,BOS,PHI,123.0,105.0,1.0,0.7417935851072961,0.7586383177876653,BOS,BOS,True
401705467,2025-03-06,BKN,GSW,119.0,121.0,0.0,0.24286121980849634,0.22568107235254553,GSW,GSW,True
401705468,2025-03-06,NOP,HOU,97.0,109.0,0.0,0.5048833250027956,0.5087110863063945,NOP,HOU,False
401705469,2025-03-06,LAL,NYK,113.0,109.0,1.0,0.6875623334809278,0.7025488316111217,LAL,LAL,True
401705510,2025-03-06,ORL,CHI,123.0,125.0,0.0,0.6321435044076161,0.6443573660191437,ORL,CHI,False
401705470,2025-03-07,CHA,CLE,117.0,118.0,0.0,0.11457855669961793,0.09921395801248079,CLE,CLE,True
401705471,2025-03-07,TOR,UTA,118.0,109.0,1.0,0.6594016009101915,0.6730732736612506,TOR,TOR,True
401705472,2025-03-07,DAL,MEM,111.0,122.0,0.0,0.50944614660695,0.5136011135460343,DAL,MEM,False
401705473,2025-03-07,MIA,MIN,104.0,106.0,0.0,0.41825238655077374,0.40911533146504253,MIN,MIN,True
401705474,2025-03-07,OKC,POR,107.0,89.0,1.0,0.7818242363151521,0.7993384563769362,OKC,OKC,True
401705475,2025-03-07,DEN,PHX,149.0,141.0,1.0,0.7616008424893256,0.7788607484317178,DEN,DEN,True
401705476,2025-03-07,SAC,SAS,127.0,109.0,1.0,0.6647578421893476,0.6786955463869736,SAC,SAC,True
401705477,2025-03-07,LAC,NYK,105.0,95.0,1.0,0.5721527462423976,0.5806592753499821,LAC,LAC,True
401705478,2025-03-08,CHA,BKN,105.0,102.0,1.0,0.3584783403978122,0.3457442439800037,BKN,CHA,False
401705479,2025-03-08,HOU,NOP,146.0,117.0,1.0,0.7201123031357759,0.7363322500308547,HOU,HOU,True
401705480,2025-03-08,ATL,IND,120.0,118.0,1.0,0.47244583482703195,0.467002542039596,IND,ATL,False
401705481,2025-03-08,TOR,WAS,117.0,118.0,0.0,0.6638594750403694,0.6777530587160958,TOR,WAS,False
401705482,2025-03-08,MIA,CHI,109.0,114.0,0.0,0.5922093966867447,0.6020195014862094,MIA,CHI,False
401705483,2025-03-08,MIL,ORL,109.0,111.0,0.0,0.7479930759571848,0.764984467036433,MIL,ORL,False
401705484,2025-03-08,BOS,LAL,111.0,101.0,1.0,0.5696703458300075,0.5780118280395341,BOS,BOS,True
401705485,2025-03-08,GSW,DET,115.0,110.0,1.0,0.4757207057888615,0.4705089989471777,DET,GSW,False
401705486,2025-03-09,OKC,DEN,127.0,103.0,1.0,0.6990951985278543,0.7235489571938964,OKC,OKC,True
401705487,2025-03-09,DAL,PHX,116.0,125.0,0.0,0.5559732985046837,0.5606068718651748,DAL,PHX,False
401705488,2025-03-09,MIL,CLE,100.0,112.0,0.0,0.36423344189078966,0.3475659200000777,CLE,CLE,True
401705489,2025-03-09,NOP,MEM,104.0,107.0,0.0,0.24324125725217627,0.21390677287656246,MEM,MEM,True
401705490,2025-03-09,PHI,UTA,126.0,122.0,1.0,0.5801802997615466,0.5886343653565594,PHI,PHI,True
401705491,2025-03-09,MIN,SAS,141.0,124.0,1.0,0.7105845874707823,0.7362043071220908,MIN,MIN,True
401705492,2025-03-09,POR,DET,112.0,119.0,0.0,0.4731940880066104,0.47326553442182784,DET,DET,True
401705493,2025-03-09,LAC,SAC,111.0,110.0,1.0,0.5652850163742759,0.5714002285450388,LAC,LAC,True
401705494,2025-03-10,ATL,PHI,132.0,123.0,1.0,0.711489130274372,0.737196893950328,ATL,ATL,True
401705495,2025-03-10,BOS,UTA,114.0,108.0,1.0,0.88239563311647,0.9109078475996409,BOS,BOS,True
401705496,2025-03-10,BKN,LAL,111.0,108.0,1.0,0.2739808332177369,0.24693776032532877,LAL,BKN,False
401705497,2025-03-10,MIA,CHA,102.0,105.0,0.0,0.7687327403463295,0.798743104031347,MIA,CHA,False
401705498,2025-03-10,TOR,WAS,119.0,104.0,1.0,0.6892247741428267,0.7126093547928951,TOR,TOR,True
401705499,2025-03-10,CHI,IND,121.0,103.0,1.0,0.3953976440861901,0.38321804758999656,IND,CHI,False
401705500,2025-03-10,HOU,ORL,97.0,84.0,1.0,0.7102720514156605,0.7358612202383725,HOU,HOU,True
401705501,2025-03-10,MEM,PHX,120.0,118.0,1.0,0.7277819099062405,0.7549765362089452,MEM,MEM,True
401705502,2025-03-10,OKC,DEN,127.0,140.0,0.0,0.7415000475814287,0.7697925696531546,OKC,DEN,False
401705503,2025-03-10,SAS,DAL,129.0,133.0,0.0,0.5807721273952119,0.5893182015338235,SAS,DAL,False
401705504,2025-03-10,GSW,POR,130.0,120.0,1.0,0.7524971692590928,0.78156046556122,GSW,GSW,True
401705505,2025-03-10,SAC,NYK,104.0,133.0,0.0,0.5168852610578818,0.5152016938411264,SAC,NYK,False
401705506,2025-03-11,CLE,BKN,109.0,104.0,1.0,0.8282950815571839,0.8595236255803319,CLE,CLE,True
401705507,2025-03-11,DET,WAS,123.0,103.0,1.0,0.81709128938838,0.8483911904722126,DET,DET,True
401705508,2025-03-11,IND,MIL,115.0,114.0,1.0,0.5693551575044132,0.576113604467276,IND,IND,True
401705509,2025-03-11,NOP,LAC,127.0,120.0,1.0,0.26531549341300137,0.23755009390562964,LAC,NOP,False
401705511,2025-03-12,ATL,CHA,123.0,110.0,1.0,0.7637702571852767,0.7935162122617598,ATL,ATL,True
401705512,2025-03-12,BOS,OKC,112.0,118.0,0.0,0.44851308090911046,0.4445977344680365,OKC,OKC,True
401705513,2025-03-12,TOR,PHI,118.0,105.0,1.0,0.6800274178625895,0.7023629655342072,TOR,TOR,True
401705514,2025-03-12,MIA,LAC,104.0,119.0,0.0,0.4862034168685278,0.4883891954673959,LAC,LAC,True
401705515,2025-03-12,HOU,PHX,111.0,104.0,1.0,0.6991578892038817,0.7236182437525206,HOU,HOU,True
401705516,2025-03-12,MEM,UTA,122.0,115.0,1.0,0.8416375092856963,0.8725766711539642,MEM,MEM,True
401705517,2025-03-12,SAS,DAL,126.0,116.0,1.0,0.5503942664578851,0.5541343089511165,SAS,SAS,True
401705518,2025-03-12,DEN,MIN,95.0,115.0,0.0,0.5443927662839253,0.5471675486313937,DEN,MIN,False
401705519,2025-03-12,POR,NYK,113.0,114.0,0.0,0.4373152376826223,0.43161242493854635,NYK,NYK,True
401705520,2025-03-13,DET,WAS,125.0,129.0,0.0,0.8243994597097446,0.8556700765133336,DET,WAS,False
401705521,2025-03-13,MIL,LAL,126.0,106.0,1.0,0.5366670660808549,0.5381941950394502,MIL,MIL,True
401705522,2025-03-13,CHI,BKN,116.0,110.0,1.0,0.5148620275601778,0.5128494894495974,CHI,CHI,True
401705523,2025-03-13,GSW,SAC,130.0,104.0,1.0,0.6354188576160911,0.6520382927544273,GSW,GSW,True
401705707,2025-03-13,NOP,ORL,93.0,113.0,0.0,0.47632592349792946,0.47690602637838453,ORL,ORL,True
401705524,2025-03-14,MIA,BOS,91.0,103.0,0.0,0.25795513005698123,0.2296220738748419,BOS,BOS,True
401705525,2025-03-14,PHI,IND,100.0,112.0,0.0,0.3638590811162944,0.3471398404028341,IND,IND,True
401705526,2025-03-14,ATL,LAC,98.0,121.0,0.0,0.5382955035929249,0.5400860247421052,ATL,LAC,False
401705527,2025-03-14,HOU,DAL,133.0,96.0,1.0,0.7187161502770736,0.7451069472461053,HOU,HOU,True
401705528,2025-03-14,MEM,CLE,124.0,133.0,0.0,0.36337781910855643,0.3465921750336248,CLE,CLE,True
401705529,2025-03-14,MIN,ORL,118.0,111.0,1.0,0.7258310257818977,0.7528577860972304,MIN,MIN,True
401705530,2025-03-14,SAS,CHA,134.0,145.0,0.0,0.7270898607582367,0.7542252646959915,SAS,CHA,False
401705531,2025-03-14,DEN,LAL,131.0,126.0,1.0,0.6374649372197916,0.654366633713443,DEN,DEN,True
401705532,2025-03-14,UTA,TOR,118.0,126.0,0.0,0.32845687119666667,0.30713158365289706,TOR,TOR,True
401705533,2025-03-14,PHX,SAC,122.0,106.0,1.0,0.5587191606105563,0.5637909893654569,PHX,PHX,True
401705534,2025-03-15,BKN,BOS,113.0,115.0,0.0,0.188343647640276,0.15706282597980903,BOS,BOS,True
401705535,2025-03-15,DET,OKC,107.0,113.0,0.0,0.3321460316236257,0.31127217775784277,OKC,OKC,True
401705536,2025-03-15,HOU,CHI,117.0,114.0,1.0,0.642538497182488,0.6601325780146241,HOU,HOU,True
401705537,2025-03-15,MEM,MIA,125.0,91.0,1.0,0.7434329568127479,0.7718681958572194,MEM,MEM,True
401705538,2025-03-15,MIL,IND,126.0,119.0,1.0,0.5797588532822773,0.588147352338287,MIL,MIL,True
401705539,2025-03-15,SAS,NOP,119.0,115.0,1.0,0.6689550695474453,0.6899644141899641,SAS,SAS,True
401705540,2025-03-15,GSW,NYK,97.0,94.0,1.0,0.5620690121152692,0.5676740081889012,GSW,GSW,True
401705541,2025-03-15,DEN,WAS,123.0,126.0,0.0,0.8173554330093699,0.8486553835642722,DEN,WAS,False
401705542,2025-03-16,DAL,PHI,125.0,130.0,0.0,0.6256166385679183,0.6474685601681849,DAL,PHI,False
401705543,2025-03-16,LAL,PHX,107.0,96.0,1.0,0.6797534565706989,0.7032945121090561,LAL,LAL,True
401705544,2025-03-16,BKN,ATL,122.0,114.0,1.0,0.4204444295958259,0.40068644161259936,ATL,BKN,False
401705545,2025-03-16,CLE,ORL,103.0,108.0,0.0,0.7740079876818579,0.7979179693720342,CLE,ORL,False
401705546,2025-03-16,POR,TOR,105.0,102.0,1.0,0.4918201630527145,0.4762205067483548,TOR,POR,False
401705547,2025-03-16,MIN,UTA,128.0,102.0,1.0,0.8053157022173678,0.8284486747014496,MIN,MIN,True
401705548,2025-03-16,MIL,OKC,105.0,121.0,0.0,0.3701763142509543,0.34816112914788133,OKC,OKC,True
401748706,2025-03-16,LAC,CHA,123.0,88.0,1.0,0.734184008890261,0.7583917810756593,LAC,LAC,True
401705550,2025-03-17,NYK,MIA,116.0,95.0,1.0,0.7551428709743288,0.7792844050609595,NYK,NYK,True
401705551,2025-03-17,HOU,PHI,144.0,137.0,1.0,0.7724592877493526,0.7963947083008632,HOU,HOU,True
401705552,2025-03-17,MIN,IND,130.0,132.0,0.0,0.6079150621276802,0.6290265634348089,MIN,IND,False
401705553,2025-03-17,NOP,DET,81.0,127.0,0.0,0.2776711629641329,0.2535095258576795,DET,DET,True
401705555,2025-03-17,UTA,CHI,97.0,111.0,0.0,0.33937882807612985,0.3163284712956633,CHI,CHI,True
401705556,2025-03-17,GSW,DEN,105.0,114.0,0.0,0.6049052549987322,0.6258825721652237,GSW,DEN,False
401705557,2025-03-17,PHX,TOR,129.0,89.0,1.0,0.5940023174242633,0.6144743166771542,PHX,PHX,True
401705558,2025-03-17,SAC,MEM,132.0,122.0,1.0,0.36756813052812903,0.3454542663664403,MEM,SAC,False
401705561,2025-03-17,POR,WAS,112.0,97.0,1.0,0.640336232558694,0.6627370487586997,POR,POR,True
401754705,2025-03-17,LAL,SAS,125.0,109.0,1.0,0.6320844552558188,0.6541852883276548,LAL,LAL,True
401705559,2025-03-18,CHA,ATL,102.0,134.0,0.0,0.3651002352175698,0.34289481096147945,ATL,ATL,True
401705560,2025-03-18,BOS,BKN,104.0,96.0,1.0,0.768549339858821,0.7925437827633722,BOS,BOS,True
401705563,2025-03-18,LAC,CLE,132.0,119.0,1.0,0.4826326800444364,0.46644722936813277,CLE,LAC,False
401705578,2025-03-18,GSW,MIL,104.0,93.0,1.0,0.5843301895999569,0.6043295794451219,GSW,GSW,True
401705193,2025-03-19,UTA,WAS,128.0,112.0,1.0,0.5027944915391156,0.5180449780768793,UTA,UTA,True
401705564,2025-03-19,IND,DAL,135.0,131.0,1.0,0.7069204382938293,0.730936946801348,IND,IND,True
401705565,2025-03-19,ORL,HOU,108.0,116.0,0.0,0.37756810120997153,0.3558430835392854,HOU,HOU,True
401705566,2025-03-19,MIA,DET,113.0,116.0,0.0,0.2624576000104097,0.2382475051992864,DET,DET,True
401705567,2025-03-19,MIN,NOP,115.0,119.0,0.0,0.8193260054206288,0.841938872021442,MIN,NOP,False
401705568,2025-03-19,OKC,PHI,133.0,100.0,1.0,0.8351209880935399,0.8570086921035432,OKC,OKC,True
401705569,2025-03-19,SAS,NYK,120.0,105.0,1.0,0.3556301728587642,0.3330900806247399,NYK,SAS,False
401705572,2025-03-19,LAL,DEN,120.0,108.0,1.0,0.5896793338862379,0.6099428592173733,LAL,LAL,True
401705573,2025-03-19,PHX,CHI,127.0,121.0,1.0,0.5643437016880362,0.5832986069643471,PHX,PHX,True
401705574,2025-03-19,POR,MEM,115.0,99.0,1.0,0.4600479022552998,0.4424805351870996,MEM,POR,False
401705575,2025-03-19,SAC,CLE,123.0,119.0,1.0,0.3871077368765312,0.36577952828996574,CLE,SAC,False
401705562,2025-03-20,LAL,MIL,89.0,118.0,0.0,0.6702049244954035,0.6935164525614298,LAL,MIL,False
401705571,2025-03-20,GSW,TOR,117.0,114.0,1.0,0.7273518763892003,0.751540190887475,GSW,GSW,True
401705576,2025-03-20,CHA,NYK,115.0,98.0,1.0,0.261615920503851,0.23740600165478387,NYK,CHA,False
401705577,2025-03-20,IND,BKN,105.0,99.0,1.0,0.674224086077659,0.6976360239560243,IND,IND,True
401705579,2025-03-20,SAC,CHI,116.0,128.0,0.0,0.5408944494702043,0.558517544995271,SAC,CHI,False
401705580,2025-03-21,WAS,ORL,105.0,120.0,0.0,0.4056006983988494,0.38510978203622914,ORL,ORL,True
401705581,2025-03-21,MIA,HOU,98.0,102.0,0.0,0.3072388656766337,0.28343644792090994,HOU,HOU,True
401705582,2025-03-21,MIN,NOP,134.0,93.0,1.0,0.788921871501369,0.8125254818813298,MIN,MIN,True
401705583,2025-03-21,OKC,CHA,141.0,106.0,1.0,0.8777885048209957,0.8968964241429358,OKC,OKC,True
401705584,2025-03-21,SAS,PHI,128.0,120.0,1.0,0.6407702826715805,0.663186320994136,SAS,SAS,True
401705585,2025-03-21,DAL,DET,123.0,117.0,1.0,0.36063019151206255,0.3382634698031125,DET,DAL,False
401705586,2025-03-21,UTA,BOS,99.0,121.0,0.0,0.2265773779830599,0.20265764282499188,BOS,BOS,True
401705587,2025-03-21,PHX,CLE,123.0,112.0,1.0,0.427784421562014,0.40840761051311525,CLE,PHX,False
401705588,2025-03-21,POR,DEN,128.0,109.0,1.0,0.5129510857994483,0.5288565550716142,POR,POR,True
401705589,2025-03-21,LAC,MEM,128.0,108.0,1.0,0.6461962421255024,0.6687977784140434,LAC,LAC,True
401705590,2025-03-22,IND,BKN,108.0,103.0,1.0,0.6895769664705396,0.7133210087755835,IND,IND,True
401705591,2025-03-22,ATL,GSW,124.0,115.0,1.0,0.47464839150990507,0.4579645821216809,GSW,ATL,False
401705592,2025-03-22,NYK,WAS,122.0,103.0,1.0,0.8195056067121268,0.8421110710104069,NYK,NYK,True
401705593,2025-03-22,SAC,MIL,108.0,114.0,0.0,0.4663388519235668,0.4491476225230854,MIL,MIL,True
401705594,2025-03-22,LAL,CHI,115.0,146.0,0.0,0.6324082423861535,0.6545212214299754,LAL,CHI,False
401705595,2025-03-23,DET,NOP,136.0,130.0,1.0,0.8585707688191506,0.8822460920434045,DET,DET,True
401705596,2025-03-23,UTA,CLE,91.0,120.0,0.0,0.17030600084322145,0.14528785102597674,CLE,CLE,True
401705597,2025-03-23,ATL,PHI,132.0,119.0,1.0,0.8147468285225151,0.8401838599920052,ATL,ATL,True
401705598,2025-03-23,MIA,CHA,122.0,105.0,1.0,0.7590199130422804,0.7845956920745475,MIA,MIA,True
401705599,2025-03-23,TOR,SAS,89.0,123.0,0.0,0.5695149620568648,0.5839943538339262,TOR,SAS,False
401705600,2025-03-23,POR,BOS,116.0,129.0,0.0,0.4033571128952277,0.3865386471406802,BOS,BOS,True
401705601,2025-03-23,HOU,DEN,111.0,116.0,0.0,0.6718372395648695,0.694050427288741,HOU,DEN,False
401705602,2025-03-23,LAC,OKC,101.0,103.0,0.0,0.4449541270211042,0.4317856385229628,OKC,OKC,True
401705603,2025-03-24,IND,MIN,119.0,103.0,1.0,0.41296670049335005,0.39695745082149736,MIN,IND,False
401705604,2025-03-24,ORL,LAL,118.0,106.0,1.0,0.6038435001389264,0.6212531236472426,ORL,ORL,True
401705605,2025-03-24,WAS,TOR,104.0,112.0,0.0,0.4895639663266643,0.48064535749946147,TOR,TOR,True
401705606,2025-03-24,BKN,DAL,101.0,120.0,0.0,0.4959379829169994,0.487645847879687,DAL,DAL,True
401705607,2025-03-24,NOP,PHI,112.0,99.0,1.0,0.5800983021139628,0.5955099934320798,NOP,NOP,True
401705608,2025-03-24,DEN,CHI,119.0,129.0,0.0,0.4246026550766985,0.4096021357983711,CHI,CHI,True
401705609,2025-03-24,PHX,MIL,108.0,106.0,1.0,0.6401870989952162,0.6603554607978531,PHX,PHX,True
401705610,2025-03-24,SAC,BOS,95.0,113.0,0.0,0.26506840978445223,0.24003605292686592,BOS,BOS,True
401705611,2025-03-25,CHA,ORL,104.0,111.0,0.0,0.2629548969061747,0.23786189371276467,ORL,ORL,True
401705612,2025-03-25,DET,SAS,122.0,96.0,1.0,0.6377148388785261,0.6577085316447427,DET,DET,True
401705613,2025-03-25,MIA,GSW,112.0,86.0,1.0,0.3453499205629559,0.32420172974489125,GSW,MIA,False
401705614,2025-03-25,NYK,DAL,128.0,113.0,1.0,0.6271593140938673,0.6463848837249572,NYK,NYK,True
401705615,2025-03-25,HOU,ATL,121.0,114.0,1.0,0.6552808053288279,0.676470038975585,HOU,HOU,True
401705616,2025-03-25,UTA,MEM,103.0,140.0,0.0,0.16940283380877336,0.14441575543505436,MEM,MEM,True
401705617,2025-03-25,POR,CLE,111.0,122.0,0.0,0.34977776466219995,0.3289217475501448,CLE,CLE,True
401705618,2025-03-25,SAC,OKC,105.0,121.0,0.0,0.16553290646067464,0.140686635414773,OKC,OKC,True
401705619,2025-03-26,PHI,WAS,114.0,119.0,0.0,0.6708486389325689,0.6930036577429218,PHI,WAS,False
401705620,2025-03-26,BKN,TOR,86.0,116.0,0.0,0.4934351103199723,0.48489654773759383,TOR,TOR,True
401705621,2025-03-26,IND,LAL,119.0,120.0,0.0,0.7263197748408633,0.7510804616210428,IND,LAL,False
401705622,2025-03-26,NYK,LAC,113.0,126.0,0.0,0.600228029576424,0.6173425099743592,NYK,LAC,False
401705623,2025-03-26,DEN,MIL,127.0,117.0,1.0,0.5437461813498156,0.5558649721452809,DEN,DEN,True
401705624,2025-03-26,PHX,BOS,102.0,132.0,0.0,0.3408232167625978,0.31938369845042225,BOS,BOS,True
401705625,2025-03-27,CLE,SAS,124.0,116.0,1.0,0.8439120032278239,0.8683611581038385,CLE,CLE,True
401705626,2025-03-27,ORL,DAL,92.0,101.0,0.0,0.6389100811720012,0.6589884736169545,ORL,DAL,False
401705627,2025-03-27,WAS,IND,109.0,162.0,0.0,0.19966744606033382,0.17398893504784874,IND,IND,True
401705628,2025-03-27,MIA,ATL,122.0,112.0,1.0,0.5699630585277957,0.5844823991718038,MIA,MIA,True
401705629,2025-03-27,CHI,LAL,119.0,117.0,1.0,0.6413162189154087,0.6615636750956262,CHI,CHI,True
401705630,2025-03-27,OKC,MEM,125.0,104.0,1.0,0.8261949193252375,0.8513271350240569,OKC,OKC,True
401705631,2025-03-27,UTA,HOU,110.0,121.0,0.0,0.1829560580705507,0.15757195578320216,HOU,HOU,True
401705632,2025-03-27,SAC,POR,128.0,107.0,1.0,0.5376439464489216,0.5491874283355211,SAC,SAC,True
401705633,2025-03-28,DET,CLE,133.0,122.0,1.0,0.48096460071509506,0.47120701681195765,CLE,DET,False
401705634,2025-03-28,BKN,LAC,100.0,132.0,0.0,0.23124399329845782,0.20554493312899547,LAC,LAC,True
401705635,2025-03-28,TOR,CHA,108.0,97.0,1.0,0.7961425859847444,0.8218628768376021,TOR,TOR,True
401705636,2025-03-28,MIL,NYK,107.0,116.0,0.0,0.5844755477216599,0.600265689114978,MIL,NYK,False
401705637,2025-03-28,MIN,PHX,124.0,109.0,1.0,0.7520512909537362,0.7775039131445163,MIN,MIN,True
401705638,2025-03-28,NOP,GSW,95.0,111.0,0.0,0.3875709247870144,0.36947452912305123,GSW,GSW,True
401705639,2025-03-28,DEN,UTA,129.0,93.0,1.0,0.917554064468576,0.9358406761149514,DEN,DEN,True
401705640,2025-03-29,ORL,SAC,121.0,91.0,1.0,0.5092856789686648,0.5180914969920651,ORL,ORL,True
401705641,2025-03-29,WAS,BKN,112.0,115.0,0.0,0.5702540569796006,0.5847993189566283,WAS,BKN,False
401705642,2025-03-29,PHI,MIA,95.0,118.0,0.0,0.36377592526627783,0.34388853512048034,MIA,MIA,True
401705643,2025-03-29,CHI,DAL,119.0,120.0,0.0,0.6519618881269461,0.6729335362668476,CHI,DAL,False
401705644,2025-03-29,MEM,LAL,127.0,134.0,0.0,0.5604052932886622,0.5740639434888866,MEM,LAL,False
401705645,2025-03-29,OKC,IND,132.0,111.0,1.0,0.7538228010268662,0.7793094327010979,OKC,OKC,True
401705646,2025-03-29,SAS,BOS,111.0,121.0,0.0,0.2099649577796517,0.18420584927589911,BOS,BOS,True
401705647,2025-03-30,CLE,LAC,127.0,122.0,1.0,0.6433157456922283,0.6682585606035083,CLE,CLE,True
401705648,2025-03-30,NYK,POR,110.0,93.0,1.0,0.7596888625110515,0.7927070800194453,NYK,NYK,True
401705649,2025-03-30,MIL,ATL,124.0,145.0,0.0,0.5869268398713171,0.6053695885453317,MIL,ATL,False
401705650,2025-03-30,MIN,DET,123.0,104.0,1.0,0.5292447865640046,0.54002032769768,MIN,MIN,True
401705651,2025-03-30,NOP,CHA,98.0,94.0,1.0,0.656866606495391,0.6831680263693299,NOP,NOP,True
401705652,2025-03-30,SAS,GSW,106.0,148.0,0.0,0.39541983750665644,0.3748123335641802,GSW,GSW,True
401705653,2025-03-30,PHI,TOR,109.0,127.0,0.0,0.2893045611891353,0.25860316401928196,TOR,TOR,True
401705654,2025-03-30,PHX,HOU,109.0,148.0,0.0,0.41079632923963594,0.3920686241580885,HOU,HOU,True
401705655,2025-03-31,CHA,UTA,110.0,106.0,1.0,0.5110754958497989,0.5193071068888933,CHA,CHA,True
401705656,2025-03-31,IND,SAC,111.0,109.0,1.0,0.7378175488783673,0.7700262905797086,IND,IND,True
401705657,2025-03-31,ORL,LAC,87.0,96.0,0.0,0.5073526514397778,0.5150583883886349,ORL,LAC,False
401705658,2025-03-31,WAS,MIA,94.0,120.0,0.0,0.21378181843460523,0.18032559547521532,MIA,MIA,True
401705659,2025-03-31,MEM,BOS,103.0,117.0,0.0,0.3123734208082636,0.2833468895182254,BOS,BOS,True
401705660,2025-03-31,OKC,CHI,145.0,117.0,1.0,0.7967175940587118,0.830167893468059,OKC,OKC,True
401705661,2025-03-31,DAL,BKN,109.0,113.0,0.0,0.7572197738950144,0.7901660472457436,DAL,BKN,False
401705662,2025-03-31,LAL,HOU,104.0,98.0,1.0,0.5089802610366999,0.5169160693852884,LAL,LAL,True
401705554,2025-04-01,SAS,ORL,105.0,116.0,0.0,0.4629523728284512,0.45109862063998585,ORL,ORL,True
401705663,2025-04-01,ATL,POR,113.0,127.0,0.0,0.6915697314459761,0.7209062840186459,ATL,POR,False
401705664,2025-04-01,NYK,PHI,105.0,91.0,1.0,0.8771548143278989,0.9065299340097882,NYK,NYK,True
401705665,2025-04-01,CHI,TOR,137.0,118.0,1.0,0.42233313241673387,0.40506554631228464,TOR,CHI,False
401705666,2025-04-01,MEM,GSW,125.0,134.0,0.0,0.3789172313226621,0.3563871842220252,GSW,GSW,True
401705667,2025-04-01,MIL,PHX,133.0,123.0,1.0,0.69732707668816,0.7270990960960375,MIL,MIL,True
401705668,2025-04-01,DEN,MIN,139.0,140.0,0.0,0.534383667171936,0.545870420446445,DEN,MIN,False
401705669,2025-04-02,CLE,NYK,124.0,105.0,1.0,0.683647270123594,0.7123514542568959,CLE,CLE,True
401705670,2025-04-02,IND,CHA,119.0,105.0,1.0,0.8518021378659884,0.8833120664756022,IND,IND,True
401705671,2025-04-02,WAS,SAC,116.0,111.0,1.0,0.3030072823844626,0.27325998591529066,SAC,WAS,False
401705672,2025-04-02,BOS,MIA,103.0,124.0,0.0,0.7469342745428481,0.7795269086477723,BOS,MIA,False
401705673,2025-04-02,HOU,UTA,143.0,105.0,1.0,0.8614301231064074,0.8922315275989385,HOU,HOU,True
401705674,2025-04-02,OKC,DET,119.0,103.0,1.0,0.7653508850515272,0.7985146382646722,OKC,OKC,True
401705675,2025-04-02,DAL,ATL,120.0,118.0,1.0,0.5920421184055659,0.6111227658235324,DAL,DAL,True
401705676,2025-04-02,DEN,SAS,106.0,113.0,0.0,0.7756957149845458,0.809053531601037,DEN,SAS,False
401705677,2025-04-02,LAC,NOP,114.0,98.0,1.0,0.8456215436450931,0.8775238335709611,LAC,LAC,True
401705678,2025-04-03,WAS,ORL,97.0,109.0,0.0,0.2030780826866296,0.1696289622334417,ORL,ORL,True
401705679,2025-04-03,BKN,MIN,90.0,105.0,0.0,0.23671197332169017,0.2035980800727598,MIN,MIN,True
401705680,2025-04-03,MIA,MEM,108.0,110.0,0.0,0.5260615640782689,0.5363945349344851,MIA,MEM,False
401705681,2025-04-03,PHI,MIL,113.0,126.0,0.0,0.24511991639319886,0.21224649666683626,MIL,MIL,True
401705682,2025-04-03,TOR,POR,103.0,112.0,0.0,0.6042372477377019,0.6248037193383074,TOR,POR,False
401705683,2025-04-03,LAL,GSW,116.0,123.0,0.0,0.5201782103890105,0.5296894920957048,LAL,GSW,False
401705684,2025-04-04,CHA,SAC,102.0,125.0,0.0,0.34224164173831134,0.3158540169732723,SAC,SAC,True
401705685,2025-04-04,IND,UTA,140.0,112.0,1.0,0.8740401528727364,0.9037253572767192,IND,IND,True
401705686,2025-04-04,BOS,PHX,123.0,103.0,1.0,0.7686493491009294,0.8018851940433374,BOS,BOS,True
401705687,2025-04-04,TOR,DET,105.0,117.0,0.0,0.36008669838078616,0.3354988523604647,DET,DET,True
401705688,2025-04-04,CHI,POR,118.0,113.0,1.0,0.551399676178083,0.5652082994459547,CHI,CHI,True
401705689,2025-04-04,HOU,OKC,125.0,111.0,1.0,0.38581135375060166,0.3640717385572394,OKC,HOU,False
401705690,2025-04-04,SAS,CLE,113.0,114.0,0.0,0.24006279374103848,0.20703762278704474,CLE,CLE,True
401705691,2025-04-04,GSW,DEN,118.0,104.0,1.0,0.5225455780728729,0.5323880481981205,GSW,GSW,True
401705692,2025-04-04,LAL,NOP,124.0,108.0,1.0,0.8377811210874132,0.8701135340847406,LAL,LAL,True
401705693,2025-04-04,LAC,DAL,114.0,91.0,1.0,0.7332113483393053,0.7652018388242211,LAC,LAC,True
401705694,2025-04-05,ATL,NYK,105.0,121.0,0.0,0.4527727478521167,0.43952830911926233,NYK,NYK,True
401705695,2025-04-05,DET,MEM,103.0,109.0,0.0,0.6085601318030547,0.6296407447932845,DET,MEM,False
401705696,2025-04-05,PHI,MIN,109.0,114.0,0.0,0.21471855387342326,0.18126692558001134,MIN,MIN,True
401705697,2025-04-05,MIA,MIL,115.0,121.0,0.0,0.491132909549627,0.4832130905179284,MIL,MIL,True
401705698,2025-04-05,LAC,DAL,135.0,104.0,1.0,0.7779295894312825,0.8113167964562065,LAC,LAC,True
401705699,2025-04-06,CHA,CHI,117.0,131.0,0.0,0.2481903444446553,0.2115316858061237,CHI,CHI,True
401705700,2025-04-06,BKN,TOR,109.0,120.0,0.0,0.3671355235444875,0.34104660076264426,TOR,TOR,True
401705701,2025-04-06,OKC,LAL,99.0,126.0,0.0,0.7588366611490125,0.7957656654599814,OKC,LAL,False
401705702,2025-04-06,ATL,UTA,147.0,134.0,1.0,0.761703892415052,0.7987295058654612,ATL,ATL,True
401705703,2025-04-06,BOS,WAS,124.0,90.0,1.0,0.8870618472918922,0.9188052236310212,BOS,BOS,True
401705704,2025-04-06,CLE,SAC,113.0,120.0,0.0,0.7980125271403827,0.8355274973528142,CLE,SAC,False
401705705,2025-04-06,POR,SAS,120.0,109.0,1.0,0.6769287407407356,0.7080864410836655,POR,POR,True
401705706,2025-04-06,NYK,PHX,112.0,98.0,1.0,0.7890586629429408,0.8265848411736569,NYK,NYK,True
401705708,2025-04-06,DEN,IND,120.0,125.0,0.0,0.3631393090131257,0.3365455909327014,IND,IND,True
401705709,2025-04-06,GSW,HOU,96.0,106.0,0.0,0.5525690559698925,0.5670841113030223,GSW,HOU,False
401754706,2025-04-06,NOP,MIL,107.0,111.0,0.0,0.29337080713738883,0.25950259201228054,MIL,MIL,True
401705710,2025-04-07,DET,SAC,117.0,127.0,0.0,0.6028683887950453,0.6249239656568945,DET,SAC,False
401705711,2025-04-07,MIA,PHI,117.0,105.0,1.0,0.7573097522409328,0.7941840428397569,MIA,MIA,True
401705712,2025-04-08,CHA,MEM,100.0,124.0,0.0,0.2586986436459372,0.222530679147102,MEM,MEM,True
401705713,2025-04-08,CLE,CHI,135.0,113.0,1.0,0.7418320810324335,0.7780272508031031,CLE,CLE,True
401705714,2025-04-08,IND,WAS,104.0,98.0,1.0,0.8675939073151236,0.9015884700363382,IND,IND,True
401705715,2025-04-08,ORL,ATL,119.0,112.0,1.0,0.5837857644666745,0.6030789518389184,ORL,ORL,True
401705716,2025-04-08,BKN,NOP,119.0,114.0,1.0,0.522233705826588,0.5318806813757715,BKN,BKN,True
401705717,2025-04-08,NYK,BOS,117.0,119.0,0.0,0.37551171914211706,0.35050695585687763,BOS,BOS,True
401705718,2025-04-08,MIL,MIN,110.0,103.0,1.0,0.4846082229894199,0.4760802135562946,MIN,MIL,False
401705719,2025-04-08,OKC,LAL,136.0,120.0,1.0,0.6815232908939978,0.7131407679016455,OKC,OKC,True
401705720,2025-04-08,PHX,GSW,95.0,133.0,0.0,0.3202564663023662,0.28881541226934604,GSW,GSW,True
401705721,2025-04-08,LAC,SAS,122.0,117.0,1.0,0.8428427261608133,0.8788435487279838,LAC,LAC,True
401705722,2025-04-09,ORL,BOS,96.0,76.0,1.0,0.23494088939244293,0.1978124994413365,BOS,ORL,False
401705723,2025-04-09,WAS,PHI,103.0,122.0,0.0,0.4586727718487331,0.4459409486002254,PHI,PHI,True
401705724,2025-04-09,TOR,CHA,126.0,96.0,1.0,0.8112677981175527,0.8485962286530115,TOR,TOR,True
401705725,2025-04-09,DAL,LAL,97.0,112.0,0.0,0.45736647450411333,0.44442603566858385,LAL,LAL,True
401705726,2025-04-09,CHI,MIA,119.0,111.0,1.0,0.4081964500821103,0.3877260340576356,MIA,CHI,False
401705728,2025-04-09,UTA,POR,133.0,126.0,1.0,0.1707446031977173,0.13401295322307005,POR,UTA,False
401705729,2025-04-09,GSW,SAS,111.0,114.0,0.0,0.8128625202311606,0.850154368540365,GSW,SAS,False
401705730,2025-04-09,PHX,OKC,112.0,125.0,0.0,0.18228193379972937,0.1451207029882008,OKC,OKC,True
401705731,2025-04-09,SAC,DEN,116.0,124.0,0.0,0.44783799693750165,0.4333870097583873,DEN,DEN,True
401705732,2025-04-09,LAC,HOU,134.0,117.0,1.0,0.5508803247218712,0.5651293248771536,LAC,LAC,True
401705727,2025-04-10,MIL,NOP,136.0,111.0,1.0,0.8507288681762221,0.8861882658914901,MIL,MIL,True
401705733,2025-04-10,DET,NYK,115.0,106.0,1.0,0.41784499525831986,0.3987940068268562,NYK,DET,False
401705734,2025-04-10,IND,CLE,114.0,112.0,1.0,0.5026079658946655,0.5090314680635764,IND,IND,True
401705735,2025-04-10,BKN,ATL,109.0,133.0,0.0,0.41712052938282757,0.39796183206287594,ATL,ATL,True
401705736,2025-04-10,MEM,MIN,125.0,141.0,0.0,0.49939720235308743,0.49330506865795176,MIN,MIN,True
401705737,2025-04-11,DET,MIL,119.0,125.0,0.0,0.49511506115906917,0.48831563416342927,MIL,MIL,True
401705738,2025-04-11,IND,ORL,115.0,129.0,0.0,0.6324934996205416,0.6585351459687566,IND,ORL,False
401705739,2025-04-11,PHI,ATL,110.0,124.0,0.0,0.35867393327981695,0.3315260298813869,ATL,ATL,True
401705740,2025-04-11,BOS,CHA,130.0,94.0,1.0,0.8946412146409051,0.9253324813129662,BOS,BOS,True
401705741,2025-04-11,NYK,CLE,102.0,108.0,0.0,0.44353676274966375,0.42841082326759283,CLE,CLE,True
401705742,2025-04-11,CHI,WAS,119.0,89.0,1.0,0.7349938734502449,0.770819260892967,CHI,CHI,True
401705743,2025-04-11,NOP,MIA,104.0,153.0,0.0,0.3250041690207842,0.2940440840811275,MIA,MIA,True
401705744,2025-04-11,DAL,TOR,124.0,102.0,1.0,0.4975775615376405,0.4911847070626624,TOR,DAL,False
401705745,2025-04-11,MIN,BKN,117.0,91.0,1.0,0.7947497391496137,0.8322792638510234,MIN,MIN,True
401705746,2025-04-11,DEN,MEM,117.0,109.0,1.0,0.6221486036619004,0.6468444306809381,DEN,DEN,True
401705747,2025-04-11,UTA,OKC,111.0,145.0,0.0,0.09582716804273037,0.06660914849469846,OKC,OKC,True
401705748,2025-04-11,PHX,SAS,117.0,98.0,1.0,0.5282292357460725,0.5388514341820898,PHX,PHX,True
401705749,2025-04-11,POR,GSW,86.0,103.0,0.0,0.3737416459926005,0.348504902172171,GSW,GSW,True
401705750,2025-04-11,SAC,LAC,100.0,101.0,0.0,0.33606506369851935,0.3062820491616568,LAC,LAC,True
401705751,2025-04-11,LAL,HOU,140.0,109.0,1.0,0.6150252269211482,0.6387647335760344,LAL,LAL,True
401705752,2025-04-13,ATL,ORL,117.0,105.0,1.0,0.5014870830526132,0.50772538613006,ATL,ATL,True
401705753,2025-04-13,BOS,CHA,93.0,86.0,1.0,0.9089398665416685,0.937355319901074,BOS,BOS,True
401705754,2025-04-13,BKN,NYK,105.0,113.0,0.0,0.245550331749255,0.20878457047167565,NYK,NYK,True
401705755,2025-04-13,CLE,IND,118.0,126.0,0.0,0.6615371248612696,0.6910548793552396,CLE,IND,False
401705756,2025-04-13,MIA,WAS,118.0,119.0,0.0,0.8081917494486976,0.8455820399317172,MIA,WAS,False
401705757,2025-04-13,PHI,CHI,102.0,122.0,0.0,0.2248732355216292,0.18750452546316787,CHI,CHI,True
401705758,2025-04-13,MIL,DET,140.0,133.0,1.0,0.5711341514708462,0.5885254825762727,MIL,MIL,True
401705759,2025-04-13,HOU,DEN,111.0,126.0,0.0,0.5942797147426786,0.6151089673222211,HOU,DEN,False
401705760,2025-04-13,MEM,DAL,132.0,97.0,1.0,0.652691697715217,0.6812011073066451,MEM,MEM,True
401705761,2025-04-13,MIN,UTA,116.0,105.0,1.0,0.8658883578969905,0.9000507948874416,MIN,MIN,True
401705762,2025-04-13,NOP,OKC,100.0,115.0,0.0,0.07456933443839908,0.049293968035133195,OKC,OKC,True
401705763,2025-04-13,SAS,TOR,125.0,118.0,1.0,0.5056541939898784,0.5125805304428849,SAS,SAS,True
401705764,2025-04-13,GSW,LAC,119.0,124.0,0.0,0.5571428353861964,0.572374996772402,GSW,LAC,False
401705765,2025-04-13,POR,LAL,109.0,81.0,1.0,0.3799593439361947,0.35554406979317055,LAL,POR,False
401705766,2025-04-13,SAC,PHX,109.0,98.0,1.0,0.6716800695709844,0.7022954826682339,SAC,SAC,True
401809236,2025-10-23,IND,OKC,135.0,141.0,0.0,0.32202620436109936,0.291153819136833,OKC,OKC,True
401809237,2025-10-23,GSW,DEN,137.0,131.0,1.0,0.6495596420433599,0.6794503653973148,GSW,GSW,True
401809943,2025-10-24,ORL,ATL,107.0,111.0,0.0,0.5254286358029719,0.547546553183948,ORL,ATL,False
401809944,2025-10-24,BKN,CLE,124.0,131.0,0.0,0.2552738580688111,0.22363752556047156,CLE,CLE,True
401809945,2025-10-24,NYK,BOS,105.0,95.0,1.0,0.5261611666993004,0.5483380952093807,NYK,NYK,True
401809946,2025-10-24,TOR,MIL,116.0,122.0,0.0,0.3764093038897853,0.3477113574691174,MIL,MIL,True
401809947,2025-10-24,HOU,DET,111.0,115.0,0.0,0.6183692388169099,0.646795820164427,HOU,DET,False
401809948,2025-10-24,MEM,MIA,114.0,146.0,0.0,0.6950485203020839,0.7263332781253906,MEM,MIA,False
401809949,2025-10-24,NOP,SAS,116.0,120.0,0.0,0.39482094099406395,0.3671241231150085,SAS,SAS,True
401809950,2025-10-24,DAL,WAS,107.0,117.0,0.0,0.6180480500719657,0.6464576086046118,DAL,WAS,False
401809951,2025-10-24,LAL,MIN,128.0,110.0,1.0,0.548823357079589,0.5727622745431986,LAL,LAL,True
401809952,2025-10-24,POR,GSW,139.0,119.0,1.0,0.41938374422490177,0.393204745550638,GSW,POR,False
401809953,2025-10-24,SAC,UTA,105.0,104.0,1.0,0.7821845934420216,0.8131445006436505,SAC,SAC,True
401809954,2025-10-24,LAC,PHX,129.0,102.0,1.0,0.7377101510166243,0.7693787895583156,LAC,LAC,True
401809955,2025-10-25,ORL,CHI,98.0,110.0,0.0,0.40336622470783584,0.37617475589525373,CHI,CHI,True
401809956,2025-10-25,ATL,OKC,100.0,117.0,0.0,0.23111526919802028,0.19981446051846286,OKC,OKC,True
401809957,2025-10-25,PHI,CHA,125.0,121.0,1.0,0.5710542545683123,0.5965903894799762,PHI,PHI,True
401809958,2025-10-25,MEM,IND,128.0,103.0,1.0,0.3500832217719307,0.32017799279248194,IND,MEM,False
401809959,2025-10-25,DEN,PHX,133.0,111.0,1.0,0.8053392270337922,0.835421408755221,DEN,DEN,True
401809960,2025-10-26,SAS,BKN,118.0,107.0,1.0,0.7341868678323393,0.7658611044886441,SAS,SAS,True
401809961,2025-10-26,DET,BOS,119.0,113.0,1.0,0.3394714171578789,0.3091598037742852,BOS,DET,False
401809962,2025-10-26,CLE,MIL,118.0,113.0,1.0,0.7770370194410913,0.8081425258383301,CLE,CLE,True
401809963,2025-10-26,MIA,NYK,115.0,107.0,1.0,0.3774181674625453,0.34877185943371103,NYK,MIA,False
401809964,2025-10-26,WAS,CHA,113.0,139.0,0.0,0.6416725483843746,0.6712294915499627,WAS,CHA,False
401809965,2025-10-26,MIN,IND,114.0,110.0,1.0,0.5723789831333602,0.5980058297395525,MIN,MIN,True
401809966,2025-10-26,DAL,TOR,139.0,129.0,1.0,0.5358847152310378,0.5588330820705341,DAL,DAL,True
401809967,2025-10-26,LAC,POR,114.0,107.0,1.0,0.6954126730511094,0.7267046931179205,LAC,LAC,True
401809968,2025-10-26,SAC,LAL,120.0,127.0,0.0,0.4206130261453078,0.3945151077128656,LAL,LAL,True
401809245,2025-10-27,DET,CLE,95.0,116.0,0.0,0.3809457954200751,0.35248303834498984,CLE,CLE,True
401809246,2025-10-27,MIN,DEN,114.0,127.0,0.0,0.4822868700267512,0.46079780756055766,DEN,DEN,True
401809969,2025-10-27,PHI,ORL,136.0,124.0,1.0,0.45341470488611224,0.42964406739534344,ORL,PHI,False
401809970,2025-10-27,CHI,ATL,128.0,123.0,1.0,0.6024242025875642,0.6299608370657221,CHI,CHI,True
401809971,2025-10-27,HOU,BKN,137.0,109.0,1.0,0.7952440239046719,0.8257547005959942,HOU,HOU,True
401809972,2025-10-27,NOP,BOS,90.0,122.0,0.0,0.23494567389842674,0.20356774108051068,BOS,BOS,True
401809973,2025-10-27,SAS,TOR,121.0,103.0,1.0,0.6816520095255454,0.7126249267716203,SAS,SAS,True
401809974,2025-10-27,DAL,OKC,94.0,101.0,0.0,0.19951296733551194,0.16921579218277705,OKC,OKC,True
401809975,2025-10-27,UTA,PHX,138.0,134.0,1.0,0.5425968453345015,0.5660643754577463,UTA,UTA,True
401809976,2025-10-27,GSW,MEM,131.0,118.0,1.0,0.6171421732530579,0.6455035164644906,GSW,GSW,True
401809977,2025-10-27,LAL,POR,108.0,122.0,0.0,0.6313587052455166,0.6604412991573597,LAL,POR,False
401809978,2025-10-28,WAS,PHI,134.0,139.0,0.0,0.4170314768018478,0.39069864166861423,PHI,PHI,True
401809979,2025-10-28,MIA,CHA,144.0,117.0,1.0,0.7057291519024725,0.7371994477330107,MIA,MIA,True
401809980,2025-10-28,MIL,NYK,121.0,111.0,1.0,0.5381898590332587,0.5613177827538418,MIL,MIL,True
401809981,2025-10-28,OKC,SAC,107.0,101.0,1.0,0.7788258594428548,0.8098827467536753,OKC,OKC,True
401809982,2025-10-28,GSW,LAC,98.0,79.0,1.0,0.4593251963158789,0.4360051819190752,LAC,GSW,False
401809983,2025-10-29,BOS,CLE,125.0,105.0,1.0,0.4819689677455727,0.4604537356431715,CLE,BOS,False
401809984,2025-10-29,DET,ORL,135.0,116.0,1.0,0.6632158130934361,0.6936226430738426,DET,DET,True
401809985,2025-10-29,BKN,ATL,112.0,117.0,0.0,0.3628890240384516,0.33353666656846215,ATL,ATL,True
401809986,2025-10-29,TOR,HOU,121.0,139.0,0.0,0.4228359016348199,0.39688578303409605,HOU,HOU,True
401809987,2025-10-29,CHI,SAC,126.0,113.0,1.0,0.6373536496402246,0.6667171006386092,CHI,CHI,True
401809988,2025-10-29,DAL,IND,107.0,105.0,1.0,0.4407766593973147,0.4160733349049819,IND,DAL,False
401809989,2025-10-29,DEN,NOP,122.0,88.0,1.0,0.9106065319847919,0.9311578591604679,DEN,DEN,True
401809990,2025-10-29,UTA,POR,134.0,136.0,0.0,0.33764409140705137,0.3072673869559469,POR,POR,True
401809991,2025-10-29,MIN,LAL,115.0,116.0,0.0,0.6458028921636492,0.6755378195995339,MIN,LAL,False
401809992,2025-10-29,PHX,MEM,113.0,114.0,0.0,0.4352602833299643,0.4101636368723117,MEM,MEM,True
401809993,2025-10-30,CHA,ORL,107.0,123.0,0.0,0.5336563790672768,0.5565470486193004,CHA,ORL,False
401809994,2025-10-30,MIL,GSW,120.0,110.0,1.0,0.5020437478963944,0.5213686903387279,MIL,MIL,True
401809995,2025-10-30,OKC,WAS,127.0,108.0,1.0,0.8532647035774747,0.8854437482538925,OKC,OKC,True
401809996,2025-10-30,SAS,MIA,107.0,101.0,1.0,0.5773234201470252,0.6046921851991148,SAS,SAS,True
401809502,2025-10-31,IND,ATL,108.0,128.0,0.0,0.5836993862346211,0.6116693036536786,IND,ATL,False
401809503,2025-10-31,PHI,BOS,108.0,109.0,0.0,0.29961428432000375,0.26387134322388284,BOS,BOS,True
401809504,2025-10-31,CLE,TOR,101.0,112.0,0.0,0.756395915221339,0.7930488945292342,CLE,TOR,False
401809505,2025-10-31,CHI,NYK,135.0,125.0,1.0,0.5982566025905842,0.6275417025815262,CHI,CHI,True
401809506,2025-10-31,MEM,LAL,112.0,117.0,0.0,0.5128083762851764,0.5333728517246219,MEM,LAL,False
401809507,2025-10-31,PHX,UTA,118.0,96.0,1.0,0.6692776448148955,0.7036358664852888,PHX,PHX,True
401809508,2025-10-31,POR,DEN,109.0,107.0,1.0,0.4950437647253215,0.47538110802730305,DEN,POR,False
401809509,2025-10-31,LAC,NOP,126.0,124.0,1.0,0.8106350738307827,0.8458611115627276,LAC,LAC,True
401809997,2025-11-01,MIL,SAC,133.0,135.0,0.0,0.6841728284078621,0.7192654836980841,MIL,SAC,False
401809998,2025-11-01,CHA,MIN,105.0,122.0,0.0,0.31534251404118174,0.28022812067172487,MIN,MIN,True
401809999,2025-11-01,IND,GSW,114.0,109.0,1.0,0.45223268391958,0.4278313565959574,GSW,IND,False
401810000,2025-11-01,WAS,ORL,94.0,125.0,0.0,0.3399825874856732,0.3061436569049485,ORL,ORL,True
401810001,2025-11-01,BOS,HOU,101.0,128.0,0.0,0.5607514456427812,0.5864912527013009,BOS,HOU,False
401810002,2025-11-01,DET,DAL,122.0,110.0,1.0,0.6447091323569275,0.6775897321416241,DET,DET,True
401810003,2025-11-02,OKC,NOP,137.0,106.0,1.0,0.8691082403276074,0.8996524685035168,OKC,OKC,True
401810004,2025-11-02,BKN,PHI,105.0,129.0,0.0,0.38697192853553003,0.35643929774726313,PHI,PHI,True
401810005,2025-11-02,CHA,UTA,126.0,103.0,1.0,0.5136773204976158,0.5343407851346236,CHA,CHA,True
401810006,2025-11-02,CLE,ATL,117.0,109.0,1.0,0.625893936793999,0.6574363929775321,CLE,CLE,True
401810007,2025-11-02,TOR,MEM,117.0,104.0,1.0,0.422880762494501,0.39553149131441767,MEM,TOR,False
401810008,2025-11-02,NYK,CHI,128.0,116.0,1.0,0.47786326480815006,0.4562450282602303,CHI,NYK,False
401810009,2025-11-02,PHX,SAS,130.0,118.0,1.0,0.5005087950371322,0.519655084217207,PHX,PHX,True
401810010,2025-11-02,LAL,MIA,130.0,120.0,1.0,0.6816436052578781,0.7166205750231974,LAL,LAL,True
401810011,2025-11-03,BKN,MIN,109.0,125.0,0.0,0.22362075635235393,0.18720452685803668,MIN,MIN,True
401810012,2025-11-03,IND,MIL,115.0,117.0,0.0,0.5400258970104197,0.5636053207460763,IND,MIL,False
401810013,2025-11-03,BOS,UTA,103.0,105.0,0.0,0.8209205307514296,0.8555797096960464,BOS,UTA,False
401810014,2025-11-03,NYK,WAS,119.0,102.0,1.0,0.8017634533927219,0.837398212501513,NYK,NYK,True
401810015,2025-11-03,HOU,DAL,110.0,102.0,1.0,0.7600085063797979,0.7966421430878043,HOU,HOU,True
401810016,2025-11-03,MEM,DET,106.0,114.0,0.0,0.39236157786446296,0.36227354571299686,DET,DET,True
401810017,2025-11-03,DEN,SAC,130.0,124.0,1.0,0.6774934425634751,0.7122725025463319,DEN,DEN,True
401810018,2025-11-03,POR,LAL,115.0,123.0,0.0,0.6059100212497097,0.6358528661448083,POR,LAL,False
401810019,2025-11-03,LAC,MIA,119.0,120.0,0.0,0.7252013651893303,0.7616163133238097,LAC,MIA,False
401810020,2025-11-04,TOR,MIL,128.0,100.0,1.0,0.4525419105092119,0.4281730825842802,MIL,TOR,False
401810021,2025-11-04,ATL,ORL,127.0,112.0,1.0,0.5463894043192817,0.570645699052414,ATL,ATL,True
401810022,2025-11-04,CHI,PHI,113.0,111.0,1.0,0.6762976661131425,0.7110178579734248,CHI,CHI,True
401810023,2025-11-04,NOP,CHA,116.0,112.0,1.0,0.4995305851841768,0.4803888854494771,CHA,NOP,False
401810024,2025-11-04,GSW,PHX,118.0,107.0,1.0,0.64108286973629,0.6737189372812759,GSW,GSW,True
401810025,2025-11-04,LAC,OKC,107.0,126.0,0.0,0.3572229566187748,0.32447183012044856,OKC,OKC,True
401810026,2025-11-05,CLE,PHI,132.0,121.0,1.0,0.7249327972795612,0.7613426744184615,CLE,CLE,True
401810027,2025-11-05,DET,UTA,114.0,103.0,1.0,0.780396085934831,0.8167255336519913,DET,DET,True
401810028,2025-11-05,IND,BKN,103.0,112.0,0.0,0.7560295339694488,0.7926839108067538,IND,BKN,False
401810029,2025-11-05,BOS,WAS,136.0,107.0,1.0,0.8099737401477126,0.845232772559843,BOS,BOS,True
401810030,2025-11-05,NYK,MIN,137.0,114.0,1.0,0.5409819644148776,0.5646638130079512,NYK,NYK,True
401810031,2025-11-05,MEM,HOU,109.0,124.0,0.0,0.3828629721871082,0.3519998232968218,HOU,HOU,True
401810032,2025-11-05,DAL,NOP,99.0,101.0,0.0,0.7037852381815904,0.7396439269346715,DAL,NOP,False
401810033,2025-11-05,DEN,MIA,122.0,112.0,1.0,0.7135370065345714,0.7496866019836574,DEN,DEN,True
401810034,2025-11-05,LAL,SAS,118.0,116.0,1.0,0.6685941843888892,0.7029156880107764,LAL,LAL,True
401810035,2025-11-05,POR,OKC,121.0,119.0,1.0,0.33340692977292397,0.2991944210211328,OKC,POR,False
401810036,2025-11-05,SAC,GSW,121.0,116.0,1.0,0.4637969080867789,0.440629540932992,GSW,SAC,False
401810037,2025-11-06,PHX,LAC,115.0,102.0,1.0,0.5872562664689394,0.6116010648646544,PHX,PHX,True
401809510,2025-11-07,ORL,BOS,123.0,110.0,1.0,0.3829103525885167,0.35550219631235536,BOS,ORL,False
401809511,2025-11-07,WAS,CLE,115.0,148.0,0.0,0.18846817491034923,0.15362900204772767,CLE,CLE,True
401809512,2025-11-07,ATL,TOR,97.0,109.0,0.0,0.5668968165461349,0.5889650235903136,ATL,TOR,False
401809773,2025-11-07,BKN,DET,107.0,125.0,0.0,0.243429292743955,0.20788872662438673,DET,DET,True
401809774,2025-11-07,SAS,HOU,121.0,110.0,1.0,0.41940057399571007,0.3957849023129233,HOU,SAS,False
401809775,2025-11-07,MIA,CHA,126.0,108.0,1.0,0.6910563413533046,0.7242658133997978,MIA,MIA,True
401809776,2025-11-07,MEM,DAL,118.0,104.0,1.0,0.6030684171067572,0.6290804987898766,MEM,MEM,True
401809777,2025-11-07,MIL,CHI,126.0,110.0,1.0,0.5060494812786315,0.5206390166627273,MIL,MIL,True
401809778,2025-11-07,MIN,UTA,137.0,97.0,1.0,0.7929742890267845,0.8283592295620462,MIN,MIN,True
401809779,2025-11-07,DEN,GSW,129.0,104.0,1.0,0.6695007191129968,0.7013227637206244,DEN,DEN,True
401809780,2025-11-07,SAC,OKC,101.0,132.0,0.0,0.2969611895694643,0.2631033740088048,OKC,OKC,True
401810038,2025-11-08,WAS,DAL,105.0,111.0,0.0,0.3863921770219989,0.3593230765007548,DAL,DAL,True
401810039,2025-11-08,PHI,TOR,130.0,120.0,1.0,0.40840517196041964,0.3835936220996261,TOR,PHI,False
401810040,2025-11-08,ATL,LAL,122.0,102.0,1.0,0.4242812125031107,0.40120973107999147,LAL,ATL,False
401810041,2025-11-08,CLE,CHI,128.0,122.0,1.0,0.6960396400895904,0.7295298290316606,CLE,CLE,True
401810042,2025-11-08,MIA,POR,136.0,131.0,1.0,0.45009947837700226,0.4300298989384884,POR,MIA,False
401810043,2025-11-08,SAS,NOP,126.0,119.0,1.0,0.7770785120773526,0.8126737693252886,SAS,SAS,True
401810044,2025-11-08,DEN,IND,117.0,100.0,1.0,0.644997773382424,0.674926312584843,DEN,DEN,True
401810045,2025-11-08,LAC,PHX,103.0,114.0,0.0,0.6949358389413887,0.7283651939397917,LAC,PHX,False
401810046,2025-11-09,MIL,HOU,115.0,122.0,0.0,0.5818879716993239,0.6056459765793456,MIL,HOU,False
401810047,2025-11-09,NYK,BKN,134.0,98.0,1.0,0.8061267225410497,0.8411595523916043,NYK,NYK,True
401810048,2025-11-09,ORL,BOS,107.0,111.0,0.0,0.4464046637437202,0.42589368681647277,BOS,BOS,True
401810049,2025-11-09,MEM,OKC,100.0,114.0,0.0,0.20336584019454984,0.16806226218343645,OKC,OKC,True
401810050,2025-11-09,PHI,DET,108.0,111.0,0.0,0.28484962005950687,0.2504317465830185,DET,DET,True
401810051,2025-11-09,GSW,IND,114.0,83.0,1.0,0.6467763940847834,0.676852937644076,GSW,GSW,True
401810052,2025-11-09,SAC,MIN,117.0,144.0,0.0,0.3622636749319008,0.33295564495151075,MIN,MIN,True
401810053,2025-11-10,CHA,LAL,111.0,121.0,0.0,0.3106207774814648,0.2775092603509812,LAL,LAL,True
401810054,2025-11-10,DET,WAS,137.0,135.0,1.0,0.8312386330431975,0.8651171834624031,DET,DET,True
401810055,2025-11-10,ORL,POR,115.0,112.0,1.0,0.4985008179124643,0.4845007107857908,POR,ORL,False
401810056,2025-11-10,MIA,CLE,140.0,138.0,1.0,0.37110322988499966,0.34258475018430146,CLE,MIA,False
401810057,2025-11-10,CHI,SAS,117.0,121.0,0.0,0.6071083638158894,0.6335309675626684,CHI,SAS,False
401810058,2025-11-10,DAL,MIL,114.0,116.0,0.0,0.3941645313567904,0.36787056775330884,MIL,MIL,True
401810059,2025-11-10,PHX,NOP,121.0,98.0,1.0,0.8157369178995747,0.850405087841159,PHX,PHX,True
401810060,2025-11-10,UTA,MIN,113.0,120.0,0.0,0.19723988999771816,0.16210104221496136,MIN,MIN,True
401810061,2025-11-10,LAC,ATL,102.0,105.0,0.0,0.5946242472966636,0.6197576247684553,LAC,ATL,False
401810062,2025-11-11,BKN,TOR,109.0,119.0,0.0,0.2795807354839217,0.24495036319479468,TOR,TOR,True
401810063,2025-11-11,NYK,MEM,133.0,120.0,1.0,0.718984102217994,0.7535585054837923,NYK,NYK,True
401810064,2025-11-11,PHI,BOS,102.0,100.0,1.0,0.33081457382137014,0.29901482856090533,BOS,PHI,False
401810065,2025-11-11,OKC,GSW,126.0,102.0,1.0,0.7772610236456785,0.812855152566093,OKC,OKC,True
401810066,2025-11-11,UTA,IND,152.0,128.0,1.0,0.35352506579232684,0.32347349565031613,IND,UTA,False
401810067,2025-11-11,SAC,DEN,108.0,122.0,0.0,0.3257553833679077,0.2936046259960142,DEN,DEN,True
401810068,2025-11-12,CHA,MIL,111.0,100.0,1.0,0.27582347670787044,0.24105344207719848,MIL,CHA,False
401810069,2025-11-12,DET,CHI,124.0,113.0,1.0,0.5957953482328352,0.6210522193253102,DET,DET,True
401810070,2025-11-12,NYK,ORL,107.0,124.0,0.0,0.7295906274162387,0.7645441866623124,NYK,ORL,False
401810071,2025-11-12,BOS,MEM,131.0,95.0,1.0,0.629378631884108,0.6579410925359193,BOS,BOS,True
401810072,2025-11-12,MIA,CLE,116.0,130.0,0.0,0.38112810340971837,0.3535484046156889,CLE,CLE,True
401810073,2025-11-12,HOU,WAS,135.0,112.0,1.0,0.8793446665672122,0.9090073057510872,HOU,HOU,True
401810074,2025-11-12,NOP,POR,117.0,125.0,0.0,0.2783987740561941,0.24372339181533487,POR,POR,True
401810075,2025-11-12,SAS,GSW,120.0,125.0,0.0,0.5654229743188617,0.5873211999492182,SAS,GSW,False
401810076,2025-11-12,DAL,PHX,114.0,123.0,0.0,0.43761524398564133,0.41606948840448243,PHX,PHX,True
401810077,2025-11-12,OKC,LAL,121.0,92.0,1.0,0.7431629311547736,0.7784817125453665,OKC,OKC,True
401810078,2025-11-12,SAC,ATL,100.0,133.0,0.0,0.43012663785781785,0.4077171761146494,ATL,ATL,True
401810079,2025-11-12,LAC,DEN,116.0,130.0,0.0,0.4867442312964171,0.47122793245984873,DEN,DEN,True
401810080,2025-11-13,CLE,TOR,113.0,126.0,0.0,0.7388908384869549,0.7779762090532217,CLE,TOR,False
401810081,2025-11-13,PHX,IND,133.0,98.0,1.0,0.6927712492836765,0.7283346957163793,PHX,PHX,True
401810082,2025-11-13,UTA,ATL,122.0,132.0,0.0,0.28433426164954045,0.246789200092558,ATL,ATL,True
401809781,2025-11-14,NYK,MIA,140.0,132.0,1.0,0.7509308013394272,0.7906116637141252,NYK,NYK,True
401809782,2025-11-14,ORL,BKN,105.0,98.0,1.0,0.8169242086339153,0.8570252583011528,ORL,ORL,True
401809783,2025-11-14,DET,PHI,114.0,105.0,1.0,0.7765903691740066,0.8170360111399567,DET,DET,True
401809784,2025-11-14,HOU,POR,140.0,116.0,1.0,0.7588571609798195,0.7988495950776002,HOU,HOU,True
401809785,2025-11-14,MIL,CHA,147.0,134.0,1.0,0.8258991498550721,0.8656387137274797,MIL,MIL,True
401809786,2025-11-14,MIN,SAC,124.0,110.0,1.0,0.7322917104161657,0.7709904673941791,MIN,MIN,True
401809787,2025-11-14,NOP,LAL,104.0,118.0,0.0,0.34244853378671714,0.3107227845695325,LAL,LAL,True
401809788,2025-11-14,DAL,LAC,127.0,133.0,0.0,0.43186999066835846,0.4131568191209173,LAC,LAC,True
401809789,2025-11-14,SAS,GSW,108.0,109.0,0.0,0.5563621081749413,0.573113053754065,SAS,GSW,False
401810083,2025-11-15,CLE,MEM,108.0,100.0,1.0,0.8010393543638437,0.8415175583065072,CLE,CLE,True
401810084,2025-11-15,CHA,OKC,96.0,109.0,0.0,0.10805529686883125,0.07474919322271623,OKC,OKC,True
401810085,2025-11-15,IND,TOR,111.0,129.0,0.0,0.4439227032920909,0.42721975689106517,TOR,TOR,True
401810086,2025-11-15,MIL,LAL,95.0,119.0,0.0,0.5738034067845611,0.5934468597810051,MIL,LAL,False
401810087,2025-11-15,MIN,DEN,112.0,123.0,0.0,0.49472076187538333,0.48686437264391413,DEN,DEN,True
401810088,2025-11-16,BOS,LAC,121.0,118.0,1.0,0.7017544360397766,0.7381471643699891,BOS,BOS,True
401810089,2025-11-16,SAS,SAC,123.0,110.0,1.0,0.6612712017699907,0.6934433929808572,SAS,SAS,True
401810090,2025-11-16,WAS,BKN,106.0,129.0,0.0,0.4787036101105473,0.4680083593156342,BKN,BKN,True
401810091,2025-11-16,HOU,ORL,117.0,113.0,1.0,0.7613949719680173,0.8014732303646693,HOU,HOU,True
401810092,2025-11-16,NOP,GSW,106.0,124.0,0.0,0.25749336315175564,0.21821402486877262,GSW,GSW,True
401810093,2025-11-16,DAL,POR,138.0,133.0,1.0,0.4544526649650429,0.43953964381416133,POR,DAL,False
401810094,2025-11-16,PHX,ATL,122.0,124.0,0.0,0.5079672553242329,0.5163021976917714,PHX,ATL,False
401810095,2025-11-16,UTA,CHI,150.0,147.0,1.0,0.37367482734222784,0.34603457485391154,CHI,UTA,False
401810096,2025-11-17,CLE,MIL,118.0,106.0,1.0,0.7430169320720192,0.7823226106738467,CLE,CLE,True
401810097,2025-11-17,DET,IND,127.0,112.0,1.0,0.7517701424738095,0.7914870771305549,DET,DET,True
401810098,2025-11-17,PHI,LAC,110.0,108.0,1.0,0.5008830602861267,0.5079553235393056,PHI,PHI,True
401810099,2025-11-17,MIA,NYK,115.0,113.0,1.0,0.3835841283868123,0.35735524072415936,NYK,MIA,False
401810100,2025-11-17,TOR,CHA,110.0,108.0,1.0,0.7836664655494393,0.8241945355739015,TOR,TOR,True
401810101,2025-11-17,MIN,DAL,120.0,96.0,1.0,0.8005896095902647,0.841073774340979,MIN,MIN,True
401810102,2025-11-17,NOP,OKC,109.0,126.0,0.0,0.08349921336974919,0.05458543337048116,OKC,OKC,True
401810103,2025-11-17,DEN,CHI,127.0,130.0,0.0,0.7991577703981713,0.8396592242649026,DEN,CHI,False
401810104,2025-11-18,ORL,GSW,121.0,113.0,1.0,0.5045739454556077,0.5123046519922465,ORL,ORL,True
401810105,2025-11-18,BKN,BOS,99.0,113.0,0.0,0.19235633016588094,0.15199519168458586,BOS,BOS,True
401810106,2025-11-18,ATL,DET,112.0,120.0,0.0,0.4664774436274258,0.45364116122702114,DET,DET,True
401810107,2025-11-18,SAS,MEM,111.0,101.0,1.0,0.7082296257271412,0.7451791482755004,SAS,SAS,True
401810108,2025-11-18,LAL,UTA,140.0,126.0,1.0,0.87641245257151,0.9118865223144451,LAL,LAL,True
401810109,2025-11-18,POR,PHX,110.0,127.0,0.0,0.4735004390304131,0.461890800556758,PHX,PHX,True
401810110,2025-11-19,CLE,HOU,104.0,114.0,0.0,0.5943030184650346,0.6172102583242763,CLE,HOU,False
401810111,2025-11-19,IND,CHA,127.0,118.0,1.0,0.6251160826284392,0.652586881690573,IND,IND,True
401810112,2025-11-19,MIA,GSW,110.0,96.0,1.0,0.6128299047410847,0.6385357374106279,MIA,MIA,True
401810113,2025-11-19,PHI,TOR,112.0,121.0,0.0,0.38731109187740914,0.36162595452173085,TOR,TOR,True
401810114,2025-11-19,MIN,WAS,120.0,109.0,1.0,0.8775224805974889,0.9128561492556726,MIN,MIN,True
401810115,2025-11-19,NOP,DEN,118.0,125.0,0.0,0.17370284528346186,0.13398188164018998,DEN,DEN,True
401810116,2025-11-19,OKC,SAC,113.0,99.0,1.0,0.8875944882844653,0.9215527702558364,OKC,OKC,True
401810117,2025-11-19,DAL,NYK,111.0,113.0,0.0,0.34673797706329645,0.31553825202298835,NYK,NYK,True
401810118,2025-11-19,POR,CHI,121.0,122.0,0.0,0.45830930370909684,0.44405881768573074,CHI,CHI,True
401810119,2025-11-20,ORL,LAC,129.0,101.0,1.0,0.6523243640882123,0.6878450787768242,ORL,ORL,True
401810120,2025-11-20,MEM,SAC,137.0,96.0,1.0,0.5941689516298282,0.6205417302567898,MEM,MEM,True
401810121,2025-11-20,MIL,PHI,114.0,123.0,0.0,0.6604306062702259,0.697047075526291,MIL,PHI,False
401810122,2025-11-20,SAS,ATL,135.0,126.0,1.0,0.5400998297546843,0.556450888132901,SAS,SAS,True
401809790,2025-11-21,CLE,IND,120.0,109.0,1.0,0.7097187439232966,0.7518230897108427,CLE,CLE,True
401809791,2025-11-21,BOS,BKN,105.0,113.0,0.0,0.7319871038727596,0.7758182305181439,BOS,BKN,False
401809792,2025-11-21,TOR,WAS,140.0,110.0,1.0,0.8074164567182637,0.8527995748951532,TOR,TOR,True
401809793,2025-11-21,CHI,MIA,107.0,143.0,0.0,0.5490345363956872,0.5671133289559485,CHI,MIA,False
401809794,2025-11-21,DAL,NOP,118.0,115.0,1.0,0.6550259704230308,0.6909173703744353,DAL,DAL,True
401809795,2025-11-21,PHX,MIN,114.0,113.0,1.0,0.5076137387162889,0.5175254991617383,PHX,PHX,True
401809796,2025-11-21,HOU,DEN,109.0,112.0,0.0,0.5590813104865322,0.579073670524795,HOU,DEN,False
401809797,2025-11-21,UTA,OKC,112.0,144.0,0.0,0.18729060966398706,0.14208367298284663,OKC,OKC,True
401809798,2025-11-21,GSW,POR,123.0,127.0,0.0,0.6882038152463062,0.7281759781752924,GSW,POR,False
401810123,2025-11-22,CHA,LAC,116.0,131.0,0.0,0.43046827671346194,0.40852270330298657,LAC,LAC,True
401810124,2025-11-22,ORL,NYK,133.0,121.0,1.0,0.5521686595632749,0.5708478977448715,ORL,ORL,True
401810125,2025-11-22,NOP,ATL,98.0,115.0,0.0,0.2803247925371206,0.23738519550411485,ATL,ATL,True
401810126,2025-11-22,CHI,WAS,121.0,120.0,1.0,0.7471492149494599,0.7918518825250604,CHI,CHI,True
401810127,2025-11-22,MIL,DET,116.0,129.0,0.0,0.39080423770355704,0.36187449087567636,DET,DET,True
401810128,2025-11-22,DAL,MEM,96.0,102.0,0.0,0.4401468920511884,0.42000892568301573,MEM,MEM,True
401810129,2025-11-22,DEN,SAC,123.0,128.0,0.0,0.7583902044400659,0.8035689573188962,DEN,SAC,False
401810130,2025-11-23,PHI,MIA,117.0,127.0,0.0,0.4439231286463934,0.4244995334575139,MIA,MIA,True
401810131,2025-11-23,ATL,CHA,113.0,110.0,1.0,0.7324169620735789,0.77627629998852,ATL,ATL,True
401810132,2025-11-23,BOS,ORL,138.0,129.0,1.0,0.5788663882312041,0.602520677777675,BOS,BOS,True
401810133,2025-11-23,CLE,LAC,120.0,105.0,1.0,0.7360850440045396,0.7801769284200795,CLE,CLE,True
401810134,2025-11-23,TOR,BKN,119.0,109.0,1.0,0.7527793032912697,0.7977390301873258,TOR,TOR,True
401810135,2025-11-23,OKC,POR,122.0,95.0,1.0,0.848151253301718,0.8910601783012434,OKC,OKC,True
401810136,2025-11-23,PHX,SAS,111.0,102.0,1.0,0.6302342971201924,0.6625294386733978,PHX,PHX,True
401810137,2025-11-23,UTA,LAL,106.0,108.0,0.0,0.27886373970433254,0.23581003899431519,LAL,LAL,True
401810138,2025-11-24,IND,DET,117.0,122.0,0.0,0.3091166182922066,0.2688555608335075,DET,DET,True
401810139,2025-11-24,TOR,CLE,110.0,99.0,1.0,0.5522617813274898,0.5709588129409459,TOR,TOR,True
401810140,2025-11-24,BKN,NYK,100.0,113.0,0.0,0.2919131123684074,0.24995507784159698,NYK,NYK,True
401810141,2025-11-24,MIA,DAL,106.0,102.0,1.0,0.692966085861591,0.7334472200989549,MIA,MIA,True
401810142,2025-11-24,MEM,DEN,115.0,125.0,0.0,0.3746275859018823,0.343086219077514,DEN,DEN,True
401810143,2025-11-24,MIL,POR,103.0,115.0,0.0,0.6910846423860806,0.7313671381601374,MIL,POR,False
401810144,2025-11-24,NOP,CHI,143.0,130.0,1.0,0.3846445045712083,0.3547021594393479,CHI,NOP,False
401810145,2025-11-24,PHX,HOU,92.0,114.0,0.0,0.517222405275129,0.5290595366528451,PHX,HOU,False
401810146,2025-11-24,GSW,UTA,134.0,117.0,1.0,0.7840611040616468,0.8297451512167003,GSW,GSW,True
401810147,2025-11-24,SAC,MIN,117.0,112.0,1.0,0.32832694283697206,0.2902752396768793,MIN,SAC,False
401809799,2025-11-25,WAS,ATL,132.0,113.0,1.0,0.22473580010042948,0.17913035750527417,ATL,WAS,False
401809800,2025-11-25,PHI,ORL,103.0,144.0,0.0,0.46509479568383444,0.4497582347980482,ORL,ORL,True
401809801,2025-11-25,LAL,LAC,135.0,118.0,1.0,0.7270182162730433,0.770508811079829,LAL,LAL,True
401809802,2025-11-26,BOS,DET,117.0,114.0,1.0,0.46913952861643654,0.4545975051461756,DET,BOS,False
401809803,2025-11-26,CHA,NYK,101.0,129.0,0.0,0.2850295524021919,0.24247221417464715,NYK,NYK,True
401809804,2025-11-26,MIA,MIL,106.0,103.0,1.0,0.6368204115870407,0.6701122366422064,MIA,MIA,True
401809805,2025-11-26,TOR,IND,97.0,95.0,1.0,0.6994119543663189,0.7405490103071288,TOR,TOR,True
401809806,2025-11-26,OKC,MIN,113.0,105.0,1.0,0.7476836712916017,0.7924123227596449,OKC,OKC,True
401809807,2025-11-26,NOP,MEM,128.0,133.0,0.0,0.4110639254287639,0.3856084973360382,MEM,MEM,True
401809808,2025-11-26,GSW,HOU,100.0,104.0,0.0,0.44594860833123545,0.4269101636519065,HOU,HOU,True
401809809,2025-11-26,POR,SAS,102.0,115.0,0.0,0.47905470809976347,0.46647560690561907,SAS,SAS,True
401809810,2025-11-26,SAC,PHX,100.0,112.0,0.0,0.4391099748955464,0.4187767139222778,PHX,PHX,True
401809811,2025-11-28,ATL,CLE,130.0,123.0,1.0,0.474031268347924,0.4538320095404651,CLE,ATL,False
401809812,2025-11-28,BKN,PHI,103.0,115.0,0.0,0.4689307749664195,0.44788100627051886,PHI,PHI,True
401809813,2025-11-28,CHA,CHI,123.0,116.0,1.0,0.4155399091700338,0.3861143018557729,CHI,CHA,False
401809814,2025-11-28,DET,ORL,109.0,112.0,0.0,0.5632718041202887,0.5895031684895263,DET,ORL,False
401809815,2025-11-28,IND,WAS,119.0,86.0,1.0,0.6594537641726196,0.698288273951413,IND,IND,True
401809816,2025-11-28,NYK,MIL,118.0,109.0,1.0,0.7037059435195291,0.7462840013194405,NYK,NYK,True
401809817,2025-11-28,OKC,PHX,123.0,119.0,1.0,0.8053193557072678,0.8494733580943756,OKC,OKC,True
401809818,2025-11-28,DEN,SAS,136.0,139.0,0.0,0.6558055810374457,0.6942644606947206,DEN,SAS,False
401809819,2025-11-28,UTA,SAC,128.0,119.0,1.0,0.4906531198306848,0.4732709074364686,SAC,UTA,False
401809820,2025-11-28,LAL,DAL,129.0,119.0,1.0,0.8118976529085592,0.8557457203972523,LAL,LAL,True
401809821,2025-11-28,LAC,MEM,107.0,112.0,0.0,0.5326055714711345,0.5539101090085063,LAC,MEM,False
401810148,2025-11-29,MIN,BOS,119.0,115.0,1.0,0.5370541530832913,0.5590925167873347,MIN,MIN,True
401810149,2025-11-29,CHA,TOR,118.0,111.0,1.0,0.2222637816566728,0.1774164931179747,TOR,CHA,False
401810150,2025-11-29,IND,CHI,103.0,101.0,1.0,0.6121940220770167,0.6454801480420306,IND,IND,True
401810151,2025-11-29,MIA,DET,135.0,138.0,0.0,0.5530972751354835,0.5777300961657295,MIA,DET,False
401810152,2025-11-29,MIL,BKN,116.0,99.0,1.0,0.6496663380046105,0.687471925837553,MIL,MIL,True
401810153,2025-11-29,GSW,NOP,104.0,96.0,1.0,0.7433460595567222,0.7878311926449472,GSW,GSW,True
401810154,2025-11-29,PHX,DEN,112.0,130.0,0.0,0.47177766397726184,0.4512017396705966,DEN,DEN,True
401810155,2025-11-29,LAC,DAL,110.0,114.0,0.0,0.6475425424415877,0.6851160674473271,LAC,DAL,False
401810156,2025-11-30,UTA,HOU,101.0,129.0,0.0,0.2686776054182574,0.2246121565818766,HOU,HOU,True
401810157,2025-11-30,CLE,BOS,115.0,117.0,0.0,0.56279851228624,0.5889563907875512,CLE,BOS,False
401810158,2025-11-30,NYK,TOR,116.0,94.0,1.0,0.6925407412340002,0.7343237967474503,NYK,NYK,True
401810159,2025-11-30,PHI,ATL,134.0,142.0,0.0,0.4217049673405275,0.39318867397421386,ATL,ATL,True
401810160,2025-11-30,POR,OKC,115.0,123.0,0.0,0.21938497997461484,0.1745672425126703,OKC,OKC,True
401810161,2025-11-30,MIN,SAS,125.0,112.0,1.0,0.557598417805314,0.5829432092738469,MIN,MIN,True
401810162,2025-11-30,SAC,MEM,107.0,115.0,0.0,0.43819650827870793,0.4121934074709025,MEM,MEM,True
401810163,2025-11-30,LAL,NOP,133.0,121.0,1.0,0.8520236541260807,0.8927169634054026,LAL,LAL,True
401810164,2025-12-01,DET,ATL,99.0,98.0,1.0,0.642797352405044,0.6798413575428223,DET,DET,True
401810165,2025-12-01,IND,CLE,119.0,135.0,0.0,0.5066125241785839,0.523525426581848,IND,CLE,False
401810166,2025-12-01,WAS,MIL,129.0,126.0,1.0,0.3041021173087719,0.26206885268690283,MIL,WAS,False
401810167,2025-12-01,BKN,CHA,116.0,103.0,1.0,0.5055209199842783,0.522246049910197,BKN,BKN,True
401810168,2025-12-01,MIA,LAC,140.0,123.0,1.0,0.6662839818790426,0.7057958563420624,MIA,MIA,True
401810169,2025-12-01,ORL,CHI,125.0,120.0,1.0,0.7414865503122833,0.7859162587199527,ORL,ORL,True
401810170,2025-12-01,DEN,DAL,121.0,131.0,0.0,0.7681020700831556,0.8129789431383158,DEN,DAL,False
401810171,2025-12-01,UTA,HOU,133.0,125.0,1.0,0.23675174115275952,0.1918995445876137,HOU,UTA,False
401810172,2025-12-01,LAL,PHX,108.0,125.0,0.0,0.7309371828326464,0.7749868198096425,LAL,PHX,False
401810173,2025-12-02,PHI,WAS,121.0,102.0,1.0,0.670154150517602,0.7100345096879638,PHI,PHI,True
401810174,2025-12-02,TOR,POR,121.0,118.0,1.0,0.689847389917053,0.7314228986013175,TOR,TOR,True
401810175,2025-12-02,BOS,NYK,123.0,117.0,1.0,0.5140176960895704,0.5321979696585619,BOS,BOS,True
401810176,2025-12-02,NOP,MIN,142.0,149.0,0.0,0.2555907642734878,0.21107552665485474,MIN,MIN,True
401810177,2025-12-02,SAS,MEM,126.0,119.0,1.0,0.6327735680920485,0.6686503681029293,SAS,SAS,True
401810178,2025-12-02,GSW,OKC,112.0,124.0,0.0,0.26892240706375425,0.22486698989668585,OKC,OKC,True
401810179,2025-12-03,CLE,POR,110.0,122.0,0.0,0.7611498796843861,0.8059833625795069,CLE,POR,False
401810180,2025-12-03,IND,DEN,120.0,135.0,0.0,0.3999384727766685,0.3682925144795811,DEN,DEN,True
401810181,2025-12-03,ORL,SAS,112.0,114.0,0.0,0.6772991647771641,0.7178298754804988,ORL,SAS,False
401810182,2025-12-03,ATL,LAC,92.0,115.0,0.0,0.6708994138702471,0.7108494350463367,ATL,LAC,False
401810183,2025-12-03,NYK,CHA,119.0,104.0,1.0,0.7651801702251368,0.810045317126958,NYK,NYK,True
401810184,2025-12-03,CHI,BKN,103.0,113.0,0.0,0.6327886595880684,0.6686672652716507,CHI,BKN,False
401810185,2025-12-03,HOU,SAC,121.0,95.0,1.0,0.7443017269954127,0.7888139730124076,HOU,HOU,True
401810186,2025-12-03,MIL,DET,113.0,109.0,1.0,0.41341315599117523,0.38367792395889333,DET,MIL,False
401810187,2025-12-03,DAL,MIA,118.0,108.0,1.0,0.40710373471454153,0.37646263708990546,MIA,DAL,False
401810188,2025-12-04,PHI,GSW,99.0,98.0,1.0,0.518825293658246,0.537821916021958,PHI,PHI,True
401810189,2025-12-04,WAS,BOS,101.0,146.0,0.0,0.22829514339951623,0.18341697605992213,BOS,BOS,True
401810190,2025-12-04,BKN,UTA,110.0,123.0,0.0,0.5649800470037069,0.5914759078004747,BKN,UTA,False
401810191,2025-12-04,TOR,LAL,120.0,123.0,0.0,0.4950307695141784,0.47840062641814474,LAL,LAL,True
401810192,2025-12-04,NOP,MIN,116.0,125.0,0.0,0.2571859254999614,0.21271628938197218,MIN,MIN,True
401836750,2025-12-12,CHA,CHI,126.0,129.0,0.0,0.5425535412266028,0.5636237589475431,CHA,CHI,False
401836751,2025-12-12,DET,ATL,142.0,115.0,1.0,0.5921519747682136,0.6197816515469966,DET,DET,True
401836752,2025-12-12,PHI,IND,115.0,105.0,1.0,0.5152656699166166,0.5324089122940959,PHI,PHI,True
401836753,2025-12-12,WAS,CLE,126.0,130.0,0.0,0.31870554242917587,0.28215090895944017,CLE,CLE,True
401836754,2025-12-12,MEM,UTA,126.0,130.0,0.0,0.6910989451824274,0.7283404352897572,MEM,UTA,False
401836795,2025-12-12,DAL,BKN,119.0,111.0,1.0,0.6176207603205504,0.6482346911151059,DAL,DAL,True
401836796,2025-12-12,GSW,MIN,120.0,127.0,0.0,0.5254426110531354,0.5440712003531416,GSW,MIN,False
401809837,2025-12-13,ORL,NYK,120.0,132.0,0.0,0.4926611914461322,0.47668956774378335,NYK,NYK,True
401809838,2025-12-13,OKC,SAS,109.0,111.0,0.0,0.7671786199144269,0.8071803601287155,OKC,SAS,False
401836797,2025-12-14,IND,WAS,89.0,108.0,0.0,0.7100310967869375,0.7484014894152443,IND,WAS,False
401836798,2025-12-14,ATL,PHI,120.0,117.0,1.0,0.5427813517305166,0.56388355235494,ATL,ATL,True
401836799,2025-12-14,CLE,CHA,111.0,119.0,0.0,0.6741444706735452,0.7101564493385027,CLE,CHA,False
401836800,2025-12-14,BKN,MIL,127.0,82.0,1.0,0.4645435205809287,0.4444768299363481,MIL,BKN,False
401836801,2025-12-14,MIN,SAC,117.0,103.0,1.0,0.7101763294571534,0.748554335422637,MIN,MIN,True
401836802,2025-12-14,POR,GSW,136.0,131.0,1.0,0.44180144746863187,0.41857061960643027,GSW,POR,False
401836804,2025-12-14,CHI,NOP,104.0,114.0,0.0,0.5590742063082936,0.5824237011247192,CHI,NOP,False
401839699,2025-12-14,PHX,LAL,114.0,116.0,0.0,0.4885315952958922,0.4719481057137951,LAL,LAL,True
401836803,2025-12-15,BOS,DET,105.0,112.0,0.0,0.5211175863132571,0.5391176871146955,BOS,DET,False
401836805,2025-12-15,UTA,DAL,140.0,133.0,1.0,0.44793795932717817,0.42554566762117585,DAL,UTA,False
401836806,2025-12-15,DEN,HOU,128.0,125.0,1.0,0.5996377131704576,0.6281752472167375,DEN,DEN,True
401836807,2025-12-15,LAC,MEM,103.0,121.0,0.0,0.49397406018250795,0.4781976087081067,MEM,MEM,True
401839023,2025-12-15,MIA,TOR,96.0,106.0,0.0,0.5907113588165515,0.618163550914014,MIA,TOR,False
401810222,2025-12-17,CHI,CLE,127.0,111.0,1.0,0.4176934266863234,0.39129384022022384,CLE,CHI,False
401810223,2025-12-17,MIN,MEM,110.0,116.0,0.0,0.6171574691800727,0.6477198570650008,MIN,MEM,False
401810224,2025-12-18,OKC,LAC,122.0,101.0,1.0,0.8271755121813853,0.8654572344317422,OKC,OKC,True
401810225,2025-12-18,SAS,WAS,119.0,94.0,1.0,0.7390260440683091,0.7785790826642331,SAS,SAS,True
401810226,2025-12-18,CHA,ATL,133.0,126.0,1.0,0.4563235520729973,0.43509582886643805,ATL,CHA,False
401810227,2025-12-18,IND,NYK,113.0,114.0,0.0,0.38173634858805733,0.3510510709897059,NYK,NYK,True
401810228,2025-12-18,BKN,MIA,95.0,106.0,0.0,0.5247527914190533,0.5432814248445873,BKN,MIA,False
401810229,2025-12-18,MIL,TOR,105.0,111.0,0.0,0.5247629605097819,0.5432930682488423,MIL,TOR,False
401810230,2025-12-18,NOP,HOU,133.0,128.0,1.0,0.4174935797909712,0.39106863284904325,HOU,NOP,False
401810231,2025-12-18,DAL,DET,116.0,114.0,1.0,0.41129547701777924,0.3840919817831492,DET,DAL,False
401810232,2025-12-18,DEN,ORL,126.0,115.0,1.0,0.6590185709206201,0.6937719195157508,DEN,DEN,True
401810233,2025-12-18,PHX,GSW,99.0,98.0,1.0,0.5100097580043456,0.5263774875280567,PHX,PHX,True
401810234,2025-12-18,UTA,LAL,135.0,143.0,0.0,0.41898652860758606,0.39275141791290114,LAL,LAL,True
401810235,2025-12-18,POR,SAC,134.0,133.0,1.0,0.5943920345274969,0.622295933121022,POR,POR,True
401810236,2025-12-19,BOS,MIA,129.0,116.0,1.0,0.6505995186424479,0.6845902551278619,BOS,BOS,True
401810237,2025-12-19,NYK,PHI,107.0,116.0,0.0,0.6582779013341933,0.6929658946890647,NYK,PHI,False
401810238,2025-12-19,ATL,SAS,98.0,126.0,0.0,0.48503840096280754,0.4679398761713217,SAS,SAS,True
401810239,2025-12-19,CLE,CHI,125.0,136.0,0.0,0.6021609562223883,0.6309989271655603,CLE,CHI,False
401810240,2025-12-19,MIN,OKC,112.0,107.0,1.0,0.3879417082367058,0.35795360940346865,OKC,MIN,False
401810241,2025-12-20,DEN,HOU,101.0,115.0,0.0,0.6819938091492587,0.7138743292753944,DEN,HOU,False
401810242,2025-12-20,PHI,DAL,121.0,114.0,1.0,0.5818942670114747,0.6023354172233086,PHI,PHI,True
401810243,2025-12-20,TOR,BOS,96.0,112.0,0.0,0.4324864835312359,0.414039393176707,BOS,BOS,True
401810244,2025-12-20,NOP,IND,128.0,109.0,1.0,0.5167214136344429,0.5276986521255722,NOP,NOP,True
401810245,2025-12-20,DET,CHA,112.0,86.0,1.0,0.7077898403019959,0.7416897760651037,DET,DET,True
401810246,2025-12-20,MEM,WAS,122.0,130.0,0.0,0.771785472814467,0.8084515169302494,MEM,WAS,False
401810247,2025-12-20,GSW,PHX,119.0,116.0,1.0,0.5849949831077268,0.6058572231412335,GSW,GSW,True
401810248,2025-12-20,UTA,ORL,127.0,128.0,0.0,0.42345609023147773,0.4037491382570003,ORL,ORL,True
401810249,2025-12-20,SAC,POR,93.0,98.0,0.0,0.474744195423219,0.4624756347596446,POR,POR,True
401810250,2025-12-20,LAC,LAL,103.0,88.0,1.0,0.4107557609695985,0.3893219037288086,LAL,LAC,False
401810251,2025-12-21,ATL,CHI,150.0,152.0,0.0,0.49869247870439154,0.49007216177318047,CHI,CHI,True
401810252,2025-12-21,BKN,TOR,96.0,81.0,1.0,0.5118827673328855,0.522123206960486,BKN,BKN,True
401810253,2025-12-21,NYK,MIA,132.0,125.0,1.0,0.6827570519991129,0.71470381086646,NYK,NYK,True
401810254,2025-12-21,WAS,SAS,113.0,124.0,0.0,0.26536578423467283,0.22988534286757545,SAS,SAS,True
401810255,2025-12-21,MIN,MIL,103.0,100.0,1.0,0.7116163275416343,0.7457755057534151,MIN,MIN,True
401810256,2025-12-21,SAC,HOU,125.0,124.0,1.0,0.3313798784207953,0.3007201807152985,HOU,SAC,False
401810257,2025-12-22,CLE,CHA,139.0,132.0,1.0,0.6685629967898213,0.6992172415020206,CLE,CLE,True
401810258,2025-12-22,BOS,IND,103.0,95.0,1.0,0.7085689000077803,0.7425224962840093,BOS,BOS,True
401810259,2025-12-22,NOP,DAL,119.0,113.0,1.0,0.5714006168569536,0.5903930867381623,NOP,NOP,True
401810260,2025-12-22,DEN,UTA,135.0,112.0,1.0,0.7720986366819415,0.8087692629215001,DEN,DEN,True
401810261,2025-12-22,OKC,MEM,119.0,103.0,1.0,0.7504472389052399,0.7865832821153869,OKC,OKC,True
401810262,2025-12-22,GSW,ORL,120.0,97.0,1.0,0.5296905504841707,0.5426254518145239,GSW,GSW,True
401810263,2025-12-22,POR,DET,102.0,110.0,0.0,0.3643649142568826,0.33716454919520034,DET,DET,True
401810264,2025-12-23,CHA,WAS,126.0,109.0,1.0,0.5702648363078013,0.5890984214946189,CHA,CHA,True
401810265,2025-12-23,PHI,BKN,106.0,114.0,0.0,0.5930655044447198,0.6150078497316998,PHI,BKN,False
401810266,2025-12-23,ATL,CHI,123.0,126.0,0.0,0.5026593334924004,0.5114874071813225,ATL,CHI,False
401810267,2025-12-23,CLE,NOP,141.0,118.0,1.0,0.5948347061732653,0.6170106445792446,CLE,CLE,True
401810268,2025-12-23,IND,MIL,94.0,111.0,0.0,0.5505399756161877,0.5665557566426531,IND,MIL,False
401810269,2025-12-23,MIA,TOR,91.0,112.0,0.0,0.5473758535620629,0.5629302067845134,MIA,TOR,False
401810270,2025-12-23,DAL,DEN,131.0,130.0,1.0,0.3654561298023808,0.3383801787249362,DEN,DAL,False
401810271,2025-12-23,MIN,NYK,115.0,104.0,1.0,0.5442736021237449,0.5593732779937279,MIN,MIN,True
401810272,2025-12-23,SAS,OKC,130.0,110.0,1.0,0.4482732617829638,0.43208503667088627,OKC,SAS,False
401810273,2025-12-23,PHX,LAL,132.0,108.0,1.0,0.4676953637610772,0.4543693263705232,LAL,PHX,False
401810274,2025-12-23,UTA,MEM,128.0,137.0,0.0,0.38947203195609503,0.3652777592814709,MEM,MEM,True
401810275,2025-12-23,POR,ORL,106.0,110.0,0.0,0.5376339363979029,0.5517533396761363,POR,ORL,False
401810276,2025-12-23,SAC,DET,127.0,136.0,0.0,0.3109974910410579,0.27852312936153867,DET,DET,True
401810277,2025-12-23,LAC,HOU,128.0,108.0,1.0,0.4330549172391417,0.41468795842599016,HOU,LAC,False
401809238,2025-12-25,NYK,CLE,126.0,124.0,1.0,0.5800988253154088,0.6002946542685408,NYK,NYK,True
401809239,2025-12-25,OKC,SAS,102.0,117.0,0.0,0.6573597519895865,0.6869070333918919,OKC,SAS,False
401809240,2025-12-25,GSW,DAL,126.0,116.0,1.0,0.6744266417650907,0.7056301774823405,GSW,GSW,True
401809241,2025-12-25,LAL,HOU,96.0,119.0,0.0,0.5543802102766533,0.5709527361672196,LAL,HOU,False
401809242,2025-12-25,DEN,MIN,142.0,138.0,1.0,0.5512341460847376,0.5673508363762413,DEN,DEN,True
401810278,2025-12-26,ATL,MIA,111.0,126.0,0.0,0.5437443778133988,0.558766270586298,ATL,MIA,False
401810279,2025-12-26,ORL,CHA,105.0,120.0,0.0,0.63825508813231,0.6657517168729039,ORL,CHA,False
401810280,2025-12-26,WAS,TOR,138.0,117.0,1.0,0.36714496578205486,0.3402627374769397,TOR,WAS,False
401810281,2025-12-26,IND,BOS,122.0,140.0,0.0,0.3097972941641484,0.2772245252927368,BOS,BOS,True
401810282,2025-12-26,CHI,PHI,109.0,102.0,1.0,0.5063498281342984,0.5157441527186913,CHI,CHI,True
401810283,2025-12-26,MEM,MIL,125.0,104.0,1.0,0.6074212276521008,0.6312238851437376,MEM,MEM,True
401810284,2025-12-26,NOP,PHX,108.0,115.0,0.0,0.47260614295239584,0.46001590479194676,PHX,PHX,True
401810285,2025-12-26,UTA,DET,131.0,129.0,1.0,0.2799813123102585,0.24529161949367795,DET,UTA,False
401810286,2025-12-26,POR,LAC,103.0,119.0,0.0,0.5322724412362491,0.5455936691098078,POR,LAC,False
401810287,2025-12-27,SAC,DAL,113.0,107.0,1.0,0.5017653528942532,0.5104560524117766,SAC,SAC,True
401810288,2025-12-27,ORL,DEN,127.0,126.0,1.0,0.36336990322482354,0.3360566149152856,DEN,ORL,False
401810289,2025-12-27,NOP,PHX,114.0,123.0,0.0,0.4128982751114642,0.3917518331433447,PHX,PHX,True
401810290,2025-12-27,ATL,NYK,125.0,128.0,0.0,0.36115498977290234,0.3335921360892188,NYK,NYK,True
401810291,2025-12-27,MIA,IND,142.0,116.0,1.0,0.5903739410794949,0.6119586814918977,MIA,MIA,True
401810292,2025-12-27,CHI,MIL,103.0,112.0,0.0,0.6344452341196138,0.6615099099075153,CHI,MIL,False
401810293,2025-12-27,HOU,CLE,117.0,100.0,1.0,0.5809559615848146,0.6012690408165686,HOU,HOU,True
401810294,2025-12-27,MIN,BKN,107.0,123.0,0.0,0.6832833948893335,0.7152756114991793,MIN,BKN,False
401810295,2025-12-27,SAS,UTA,114.0,127.0,0.0,0.8011159169227319,0.8377805868209769,SAS,UTA,False
401810296,2025-12-28,TOR,GSW,141.0,127.0,1.0,0.43151321603764226,0.4119076429118773,GSW,TOR,False
401810297,2025-12-28,OKC,PHI,129.0,104.0,1.0,0.7453759453750022,0.7761337826066629,OKC,OKC,True
401810298,2025-12-28,WAS,MEM,116.0,112.0,1.0,0.29479717284794243,0.2652367593270365,MEM,WAS,False
401810299,2025-12-28,POR,BOS,114.0,108.0,1.0,0.31057812716913386,0.28174318783919694,BOS,POR,False
401810300,2025-12-28,LAC,DET,112.0,99.0,1.0,0.47782524665674064,0.46297302593439105,DET,LAC,False
401810301,2025-12-28,LAL,SAC,125.0,101.0,1.0,0.620246149035834,0.6444869800779224,LAL,LAL,True
401810302,2025-12-29,CHA,MIL,113.0,123.0,0.0,0.52274950054063,0.5376633448824314,CHA,MIL,False
401810303,2025-12-29,WAS,PHX,101.0,115.0,0.0,0.3683839765752548,0.34324765035360827,PHX,PHX,True
401810304,2025-12-29,BKN,GSW,107.0,120.0,0.0,0.4983661471135304,0.4857498441816158,GSW,GSW,True
401810305,2025-12-29,MIA,DEN,147.0,123.0,1.0,0.44954008389030614,0.43172886035255,DEN,MIA,False
401810306,2025-12-29,TOR,ORL,107.0,106.0,1.0,0.5184267502794112,0.5328757688633396,TOR,TOR,True
401810307,2025-12-29,CHI,MIN,101.0,136.0,0.0,0.4410378258578601,0.42237041920709584,MIN,MIN,True
401810308,2025-12-29,HOU,IND,126.0,119.0,1.0,0.7564897738156148,0.7873982320778674,HOU,HOU,True
401810309,2025-12-29,NOP,NYK,125.0,130.0,0.0,0.3443637115868125,0.3175067850032802,NYK,NYK,True
401810310,2025-12-29,OKC,ATL,140.0,129.0,1.0,0.756471113167783,0.7873793888147645,OKC,OKC,True
401810311,2025-12-29,SAS,CLE,101.0,113.0,0.0,0.6891879613130091,0.7180111492277257,SAS,CLE,False
401810312,2025-12-29,POR,DAL,125.0,122.0,1.0,0.5730387023990985,0.5930843180903096,POR,POR,True
401810313,2025-12-30,MEM,PHI,136.0,139.0,0.0,0.6963940490662935,0.725566046116825,MEM,PHI,False
401810314,2025-12-30,UTA,BOS,119.0,129.0,0.0,0.27634225755618563,0.24611037460291285,BOS,BOS,True
401810315,2025-12-30,LAL,DET,106.0,128.0,0.0,0.5144328819500434,0.52844976727311,LAL,DET,False
401810316,2025-12-30,LAC,SAC,131.0,90.0,1.0,0.7265303720217642,0.7568487011298203,LAC,LAC,True
401810317,2025-12-31,CHA,GSW,125.0,132.0,0.0,0.38943855849999726,0.365998335384939,GSW,GSW,True
401810318,2025-12-31,ATL,MIN,126.0,102.0,1.0,0.31718354353552725,0.2886913029668787,MIN,ATL,False
401810319,2025-12-31,IND,ORL,110.0,112.0,0.0,0.39779848243367166,0.375075797122874,ORL,ORL,True
401810320,2025-12-31,CLE,PHX,129.0,113.0,1.0,0.5299596196031233,0.5456416379807911,CLE,CLE,True
401810321,2025-12-31,CHI,NOP,134.0,118.0,1.0,0.5223417331681925,0.5372118629912067,CHI,CHI,True
401810322,2025-12-31,SAS,NYK,134.0,132.0,1.0,0.5293281093153284,0.5449432176100707,SAS,SAS,True
401810323,2025-12-31,TOR,DEN,103.0,106.0,0.0,0.4361216692078072,0.4169671547504419,DEN,DEN,True
401810324,2025-12-31,MIL,WAS,113.0,114.0,0.0,0.7183839652178138,0.7484442386481127,MIL,WAS,False
401810325,2025-12-31,OKC,POR,124.0,95.0,1.0,0.8259856915551554,0.8557406667246443,OKC,OKC,True
401810326,2026-01-01,BKN,HOU,96.0,120.0,0.0,0.3868223701123881,0.36316256151117643,HOU,HOU,True
401810327,2026-01-01,DET,MIA,112.0,118.0,0.0,0.6186216019292066,0.6427305064431962,DET,MIA,False
401810328,2026-01-01,DAL,PHI,108.0,123.0,0.0,0.5650787415539034,0.5843512746832202,DAL,PHI,False
401810329,2026-01-01,SAC,BOS,106.0,120.0,0.0,0.24449383385619922,0.2135953279073456,BOS,BOS,True
401810330,2026-01-01,LAC,UTA,118.0,101.0,1.0,0.7666470216359945,0.7976187721831574,LAC,LAC,True
401810331,2026-01-02,IND,SAS,113.0,123.0,0.0,0.29395432940812866,0.26435899457002154,SAS,SAS,True
401810332,2026-01-02,WAS,BKN,119.0,99.0,1.0,0.5073392611744981,0.5205827097679367,WAS,WAS,True
401810333,2026-01-02,CLE,DEN,113.0,108.0,1.0,0.5464516409536248,0.5638534807530773,CLE,CLE,True
401810334,2026-01-02,NYK,ATL,99.0,111.0,0.0,0.6227731994401137,0.6472173038531168,NYK,ATL,False
401810335,2026-01-02,CHI,ORL,121.0,114.0,1.0,0.5268322736177299,0.5421822326714102,CHI,CHI,True
401810336,2026-01-02,MIL,CHA,122.0,121.0,1.0,0.6882369601609952,0.7170120781268411,MIL,MIL,True
401810337,2026-01-02,NOP,POR,109.0,122.0,0.0,0.47821074188949614,0.46339988463109627,POR,POR,True
401810338,2026-01-02,PHX,SAC,129.0,102.0,1.0,0.7760043276140389,0.8069688868952751,PHX,PHX,True
401810339,2026-01-02,GSW,OKC,94.0,131.0,0.0,0.2951954338793201,0.2656516593500149,OKC,OKC,True
401810340,2026-01-02,LAL,MEM,128.0,121.0,1.0,0.5436263206960816,0.5607374852051203,LAL,LAL,True
401810341,2026-01-03,MIA,MIN,115.0,125.0,0.0,0.4792341375174145,0.46453321063885367,MIN,MIN,True
401810342,2026-01-03,NYK,PHI,119.0,130.0,0.0,0.5804816078307973,0.6012344988508757,NYK,PHI,False
401810343,2026-01-03,TOR,ATL,134.0,117.0,1.0,0.5293840492800788,0.5450050875066895,TOR,TOR,True
401810344,2026-01-03,CHI,CHA,99.0,112.0,0.0,0.6412174352627158,0.6670704410144371,CHI,CHA,False
401810345,2026-01-03,SAS,POR,110.0,115.0,0.0,0.7118227878592355,0.74164670441809,SAS,POR,False
401810346,2026-01-03,DAL,HOU,110.0,104.0,1.0,0.39640866736442426,0.3735650509671882,HOU,DAL,False
401810347,2026-01-03,GSW,UTA,123.0,114.0,1.0,0.6763327405114878,0.7044671297370468,GSW,GSW,True
401810348,2026-01-03,LAC,BOS,115.0,146.0,0.0,0.5637513497373614,0.5828933585883824,LAC,BOS,False
401810349,2026-01-04,CLE,DET,110.0,114.0,0.0,0.5212486835162252,0.5387361073254701,CLE,DET,False
401810350,2026-01-04,ORL,IND,135.0,127.0,1.0,0.7457846888243957,0.7738354181471907,ORL,ORL,True
401810351,2026-01-04,BKN,DEN,127.0,115.0,1.0,0.2953641543403559,0.26778964189102694,DEN,BKN,False
401810352,2026-01-04,MIA,NOP,125.0,106.0,1.0,0.692815832969588,0.7201030293130704,MIA,MIA,True
401810353,2026-01-04,WAS,MIN,115.0,141.0,0.0,0.3213900683676029,0.294529756974633,MIN,MIN,True
401810354,2026-01-04,PHX,OKC,108.0,105.0,1.0,0.34256512490919283,0.3164965577401101,OKC,PHX,False
401810355,2026-01-04,SAC,MIL,98.0,115.0,0.0,0.3165152725067967,0.28949871027006857,MIL,MIL,True
401810356,2026-01-04,LAL,MEM,120.0,114.0,1.0,0.6401678415947082,0.6654625135562889,LAL,LAL,True
401810357,2026-01-05,DET,NYK,121.0,90.0,1.0,0.5948679498742778,0.6176463974434603,DET,DET,True
401810358,2026-01-05,BOS,CHI,115.0,101.0,1.0,0.7388403308454413,0.7668711600526846,BOS,BOS,True
401810359,2026-01-05,TOR,ATL,118.0,100.0,1.0,0.5797571087464959,0.6015576657000342,TOR,TOR,True
401810360,2026-01-05,HOU,PHX,100.0,97.0,1.0,0.691513706454645,0.7187654186742872,HOU,HOU,True
401810361,2026-01-05,OKC,CHA,97.0,124.0,0.0,0.8134142959186886,0.8401857068637173,OKC,CHA,False
401810362,2026-01-05,PHI,DEN,124.0,125.0,0.0,0.48958311466183974,0.47297045259153403,DEN,DEN,True
401810363,2026-01-05,LAC,GSW,103.0,102.0,1.0,0.6616506292363712,0.6878910509459818,LAC,LAC,True
401810364,2026-01-05,POR,UTA,137.0,117.0,1.0,0.6733792873280677,0.7000608812337604,POR,POR,True
401810365,2026-01-06,IND,CLE,116.0,120.0,0.0,0.2974334521137146,0.2699046493102032,CLE,CLE,True
401810366,2026-01-06,WAS,ORL,120.0,112.0,1.0,0.38620278643688455,0.36229287404472277,ORL,WAS,False
401810367,2026-01-06,MEM,SAS,106.0,105.0,1.0,0.3998057705776562,0.3766980678436719,SAS,MEM,False
401810368,2026-01-06,MIN,MIA,122.0,94.0,1.0,0.6141906261948914,0.6381228853941583,MIN,MIN,True
401810369,2026-01-06,NOP,LAL,103.0,111.0,0.0,0.30167491833165366,0.27424593893718363,LAL,LAL,True
401810370,2026-01-06,SAC,DAL,98.0,100.0,0.0,0.40130352927035734,0.3782875737176209,DAL,DAL,True
401810371,2026-01-07,CHA,TOR,96.0,97.0,0.0,0.4250547260143918,0.40357855606368187,TOR,TOR,True
401810372,2026-01-07,DET,CHI,108.0,93.0,1.0,0.7064671673563566,0.7340804793275207,DET,DET,True
401810373,2026-01-07,PHI,WAS,131.0,110.0,1.0,0.6478215633306335,0.6734728875199296,PHI,PHI,True
401810374,2026-01-07,ATL,NOP,117.0,100.0,1.0,0.7086377407757467,0.7362950138371597,ATL,ATL,True
401810375,2026-01-07,BOS,DEN,110.0,114.0,0.0,0.6354479220504027,0.6605121779556411,BOS,DEN,False
401810376,2026-01-07,BKN,ORL,103.0,104.0,0.0,0.46340839924864496,0.44471841507655074,ORL,ORL,True
401810377,2026-01-07,NYK,LAC,123.0,111.0,1.0,0.5939513635483108,0.6166723190126372,NYK,NYK,True
401810378,2026-01-07,SAS,LAL,107.0,91.0,1.0,0.5067086556968372,0.523017341596437,SAS,SAS,True
401810379,2026-01-07,MEM,PHX,98.0,117.0,0.0,0.4209761696286495,0.39922465261127527,PHX,PHX,True
401810380,2026-01-07,OKC,UTA,129.0,125.0,1.0,0.8707760038253382,0.8939596957337541,OKC,OKC,True
401810381,2026-01-07,GSW,MIL,120.0,113.0,1.0,0.5540125708877712,0.5740099715677568,GSW,GSW,True
401810382,2026-01-07,POR,HOU,103.0,102.0,1.0,0.4656848973036285,0.44717046283313344,HOU,POR,False
401810383,2026-01-08,CHA,IND,112.0,114.0,0.0,0.5777729667950706,0.5994405006332387,CHA,IND,False
401810385,2026-01-08,MIN,CLE,131.0,122.0,1.0,0.6675001626600071,0.6939675010590417,MIN,MIN,True
401810386,2026-01-08,UTA,DAL,116.0,114.0,1.0,0.4922419388577577,0.47584700585088446,DAL,UTA,False
401810387,2026-01-09,BOS,TOR,125.0,117.0,1.0,0.6761903776665608,0.7029694287910905,BOS,BOS,True
401810388,2026-01-09,ORL,PHI,91.0,103.0,0.0,0.5356477829765346,0.554265111875484,ORL,PHI,False
401810389,2026-01-09,WAS,NOP,107.0,128.0,0.0,0.6217941881764337,0.6461485880436253,WAS,NOP,False
401810390,2026-01-09,BKN,LAC,105.0,121.0,0.0,0.36236108314310406,0.3371888885489849,LAC,LAC,True
401810391,2026-01-09,MEM,OKC,116.0,117.0,0.0,0.2301348882736605,0.2022213474935739,OKC,OKC,True
401810392,2026-01-09,DEN,ATL,87.0,110.0,0.0,0.5984379406692393,0.6214379927112526,DEN,ATL,False
401810393,2026-01-09,PHX,NYK,112.0,107.0,1.0,0.5872117129149904,0.6095025986469592,PHX,PHX,True
401810394,2026-01-09,GSW,SAC,137.0,103.0,1.0,0.7633446031323923,0.791327868822017,GSW,GSW,True
401810395,2026-01-09,POR,HOU,111.0,105.0,1.0,0.4901313013989615,0.4735634362150082,HOU,POR,False
401810396,2026-01-09,LAL,MIL,101.0,105.0,0.0,0.6189504152744741,0.643149122630387,LAL,MIL,False
401810397,2026-01-10,CLE,MIN,146.0,134.0,1.0,0.4761453534494044,0.4584505494270148,MIN,CLE,False
401810398,2026-01-10,IND,MIA,123.0,99.0,1.0,0.465457636757932,0.44692563072725344,MIA,IND,False
401810399,2026-01-10,DET,LAC,92.0,98.0,0.0,0.716202450516343,0.7439955035769633,DET,LAC,False
401810400,2026-01-10,BOS,SAS,95.0,100.0,0.0,0.5664881311211061,0.5873797460286628,BOS,SAS,False
401810401,2026-01-10,CHI,DAL,125.0,107.0,1.0,0.538411671246516,0.5572412549236199,CHI,CHI,True
401810402,2026-01-10,UTA,CHA,95.0,150.0,0.0,0.5269834927677283,0.5449256391678999,UTA,CHA,False
401810403,2026-01-11,ORL,NOP,128.0,118.0,1.0,0.6940547447245161,0.7215790825059887,ORL,ORL,True
401810404,2026-01-11,MEM,BKN,103.0,98.0,1.0,0.5458920048654512,0.5622455530501984,MEM,MEM,True
401810405,2026-01-11,TOR,PHI,116.0,115.0,1.0,0.5992718008753831,0.6204954087343099,TOR,TOR,True
401810406,2026-01-11,POR,NYK,114.0,123.0,0.0,0.5975004154671966,0.6185747797563094,POR,NYK,False
401810407,2026-01-11,MIN,SAS,104.0,103.0,1.0,0.5961159588214129,0.6170730170966006,MIN,MIN,True
401810408,2026-01-11,OKC,MIA,124.0,112.0,1.0,0.8263580042076043,0.8546223098311105,OKC,OKC,True
401810409,2026-01-11,DEN,MIL,108.0,104.0,1.0,0.6209034208573034,0.6438687205483435,DEN,DEN,True
401810410,2026-01-11,PHX,WAS,112.0,93.0,1.0,0.8132079025609706,0.8419611453463266,PHX,PHX,True
401810411,2026-01-11,GSW,ATL,111.0,124.0,0.0,0.6162197128791739,0.6388210600506135,GSW,ATL,False
401810412,2026-01-11,SAC,HOU,111.0,98.0,1.0,0.3576365982822434,0.33310475359265235,HOU,SAC,False
401810413,2026-01-12,CLE,UTA,112.0,123.0,0.0,0.8013275982708434,0.8303994223224063,CLE,UTA,False
401810414,2026-01-12,IND,BOS,98.0,96.0,1.0,0.2947928090466913,0.26678830695700984,BOS,IND,False
401810415,2026-01-12,TOR,PHI,102.0,115.0,0.0,0.5876041962945695,0.6078276008219469,TOR,PHI,False
401810416,2026-01-12,DAL,BKN,113.0,105.0,1.0,0.577540934394291,0.5968705485711353,DAL,DAL,True
401810417,2026-01-12,SAC,LAL,124.0,112.0,1.0,0.30676111861242683,0.27927439259089604,LAL,SAC,False
401810418,2026-01-12,LAC,CHA,117.0,109.0,1.0,0.6600519598678735,0.685740146864935,LAC,LAC,True
401810419,2026-01-13,MIA,PHX,127.0,121.0,1.0,0.3579391692084574,0.3334282036781996,PHX,MIA,False
401810420,2026-01-13,HOU,CHI,119.0,113.0,1.0,0.613077101898059,0.6354300595577582,HOU,HOU,True
401810421,2026-01-13,MIL,MIN,106.0,139.0,0.0,0.47288198900056555,0.4583938000899317,MIN,MIN,True
401810422,2026-01-13,NOP,DEN,116.0,122.0,0.0,0.34485843371696984,0.31947829766147295,DEN,DEN,True
401810423,2026-01-13,OKC,SAS,119.0,98.0,1.0,0.6849830874605104,0.712070715730093,OKC,OKC,True
401810424,2026-01-13,LAL,ATL,141.0,116.0,1.0,0.5131210597775074,0.5261795827731911,LAL,LAL,True
401810425,2026-01-13,GSW,POR,119.0,97.0,1.0,0.622042342757515,0.6450949943089609,GSW,GSW,True
401810426,2026-01-14,IND,TOR,101.0,115.0,0.0,0.4541911742889179,0.4378457423372454,TOR,TOR,True
401810427,2026-01-14,PHI,CLE,107.0,133.0,0.0,0.4362608732815349,0.4182001824340481,CLE,CLE,True
401810428,2026-01-14,CHI,UTA,128.0,126.0,1.0,0.6326165633045963,0.6564580861729836,CHI,CHI,True
401810429,2026-01-14,NOP,BKN,116.0,113.0,1.0,0.464052529232961,0.44867895715515993,BKN,NOP,False
401810430,2026-01-14,DAL,DEN,109.0,118.0,0.0,0.4475838496638849,0.4305981690470214,DEN,DEN,True
401810431,2026-01-14,SAC,NYK,112.0,101.0,1.0,0.36991445545865603,0.34625805370334517,NYK,SAC,False
401810432,2026-01-14,LAC,WAS,119.0,105.0,1.0,0.8438217415146663,0.8712008633849265,LAC,LAC,True
401810433,2026-01-15,ORL,MEM,118.0,111.0,1.0,0.6145012568363311,0.6369671903026285,ORL,ORL,True
401810434,2026-01-15,DET,PHX,108.0,105.0,1.0,0.601261773739085,0.6226518947874854,DET,DET,True
401810435,2026-01-15,MIA,BOS,114.0,119.0,0.0,0.3719753876279129,0.34847146386101024,BOS,BOS,True
401810436,2026-01-15,HOU,OKC,91.0,111.0,0.0,0.42942340040151195,0.41072811231707895,OKC,OKC,True
401810437,2026-01-15,SAS,MIL,119.0,101.0,1.0,0.6656991441948773,0.6917288167440542,SAS,SAS,True
401810438,2026-01-15,DAL,UTA,144.0,122.0,1.0,0.643978105478992,0.6686207658729982,DAL,DAL,True
401810439,2026-01-15,GSW,NYK,126.0,113.0,1.0,0.6614139761454918,0.6871857888739185,GSW,GSW,True
401810440,2026-01-15,POR,ATL,117.0,101.0,1.0,0.5780443204517608,0.5974192956623392,POR,POR,True
401810441,2026-01-15,LAL,CHA,117.0,135.0,0.0,0.6682340416423426,0.6944124565265547,LAL,CHA,False
401810442,2026-01-16,BKN,CHI,112.0,109.0,1.0,0.4682978693790038,0.4533482966423239,CHI,BKN,False
401810443,2026-01-16,IND,NOP,127.0,119.0,1.0,0.6494508541688216,0.6744613860166805,IND,IND,True
401810444,2026-01-16,PHI,CLE,115.0,117.0,0.0,0.3814329871551046,0.35864829639472684,CLE,CLE,True
401810445,2026-01-16,TOR,LAC,117.0,121.0,0.0,0.5640178120942898,0.5821045892920457,TOR,LAC,False
401810446,2026-01-16,HOU,MIN,110.0,105.0,1.0,0.444812602634312,0.42756115718197096,MIN,HOU,False
401810447,2026-01-16,SAC,WAS,128.0,115.0,1.0,0.6736603196319029,0.7001474682580373,SAC,SAC,True
401810448,2026-01-17,DAL,UTA,138.0,120.0,1.0,0.7114105533712718,0.7396540045444344,DAL,DAL,True
401810449,2026-01-17,ATL,BOS,106.0,132.0,0.0,0.36131200616716774,0.3370361995698149,BOS,BOS,True
401810450,2026-01-17,DET,IND,121.0,78.0,1.0,0.7319696065041063,0.760853185203557,DET,DET,True
401810451,2026-01-17,NYK,PHX,99.0,106.0,0.0,0.5265405961636077,0.5409704169249646,NYK,PHX,False
401810452,2026-01-17,MIA,OKC,122.0,120.0,1.0,0.2806847950633501,0.25216707713908815,OKC,MIA,False
401810453,2026-01-17,SAS,MIN,126.0,123.0,1.0,0.5401232899215621,0.5559106874924934,SAS,SAS,True
401810454,2026-01-17,GSW,CHA,136.0,116.0,1.0,0.6978329618041874,0.7255271076588805,GSW,GSW,True
401810455,2026-01-17,DEN,WAS,121.0,115.0,1.0,0.8537246936295175,0.8804745628345131,DEN,DEN,True
401810456,2026-01-17,POR,LAL,132.0,116.0,1.0,0.6010108040211019,0.6223799922737229,POR,POR,True
401810457,2026-01-18,MEM,ORL,126.0,109.0,1.0,0.43969059643474606,0.4190829238370095,ORL,MEM,False
401810458,2026-01-18,CHI,BKN,124.0,102.0,1.0,0.6495559424971087,0.6758914285423631,CHI,CHI,True
401810459,2026-01-18,HOU,NOP,119.0,110.0,1.0,0.7891933915929367,0.8177608890460456,HOU,HOU,True
401810460,2026-01-18,DEN,CHA,87.0,110.0,0.0,0.7108179768443365,0.7393607940803797,DEN,CHA,False
401810461,2026-01-18,SAC,POR,110.0,117.0,0.0,0.4298332834957789,0.408476851710352,POR,POR,True
401810462,2026-01-18,LAL,TOR,110.0,93.0,1.0,0.5321070793900563,0.5504468003672734,LAL,LAL,True
401809247,2026-01-19,ATL,MIL,110.0,112.0,0.0,0.5417545180922521,0.560889678231746,ATL,MIL,False
401809248,2026-01-19,CLE,OKC,104.0,136.0,0.0,0.3681720299893625,0.34276513120758545,OKC,OKC,True
401809249,2026-01-19,NYK,DAL,97.0,114.0,0.0,0.5795670395643597,0.6016140421071683,NYK,DAL,False
401809250,2026-01-19,DET,BOS,104.0,103.0,1.0,0.5965525944853388,0.6197849651574576,DET,DET,True
401810463,2026-01-19,WAS,LAC,106.0,110.0,0.0,0.22103243607001413,0.19225881698959713,LAC,LAC,True
401810464,2026-01-19,PHI,IND,113.0,104.0,1.0,0.588904338050571,0.6116132653772961,PHI,PHI,True
401810465,2026-01-19,BKN,PHX,117.0,126.0,0.0,0.20718176865009238,0.17870404574859589,PHX,PHX,True
401810466,2026-01-19,SAS,UTA,123.0,110.0,1.0,0.7941078189230997,0.8225514521669218,SAS,SAS,True
401810467,2026-01-19,GSW,MIA,135.0,112.0,1.0,0.743129259799978,0.7721094380544126,GSW,GSW,True
401810468,2026-01-20,PHI,PHX,110.0,116.0,0.0,0.4161370589034118,0.39378246652101345,PHX,PHX,True
401810469,2026-01-20,CHI,LAC,138.0,110.0,1.0,0.4653842127623066,0.4468358057249706,LAC,CHI,False
401810470,2026-01-20,HOU,SAS,111.0,106.0,1.0,0.6015974574129449,0.6251654800210685,HOU,HOU,True
401810471,2026-01-20,UTA,MIN,127.0,122.0,1.0,0.18793350514327034,0.16008555935840652,MIN,UTA,False
401810472,2026-01-20,DEN,LAL,107.0,115.0,0.0,0.5395740203934616,0.5585310918686882,DEN,LAL,False
401810473,2026-01-20,GSW,TOR,127.0,145.0,0.0,0.7051679718669641,0.7335790209625228,GSW,TOR,False
401810474,2026-01-20,SAC,MIA,117.0,130.0,0.0,0.4813510615756119,0.46415162592197834,MIA,MIA,True
401810475,2026-01-21,CHA,CLE,87.0,94.0,0.0,0.4048532140896703,0.38171575362715615,CLE,CLE,True
401810476,2026-01-21,BOS,IND,119.0,104.0,1.0,0.7633182726098056,0.7922775834741591,BOS,BOS,True
401810477,2026-01-21,NYK,BKN,120.0,66.0,1.0,0.7011518311341538,0.7294597353668624,NYK,NYK,True
401810478,2026-01-21,MEM,ATL,122.0,124.0,0.0,0.5387142058152898,0.5576007765722091,MEM,ATL,False
401810479,2026-01-21,NOP,DET,104.0,112.0,0.0,0.21698338724298105,0.18828316679668056,DET,DET,True
401810480,2026-01-21,MIL,OKC,102.0,122.0,0.0,0.2821542186214226,0.25346973254000926,OKC,OKC,True
401810481,2026-01-21,SAC,TOR,109.0,122.0,0.0,0.3738939377710381,0.34881129106493514,TOR,TOR,True
401810482,2026-01-22,ORL,CHA,97.0,124.0,0.0,0.6087646235504407,0.6327958922093226,ORL,CHA,False
401810483,2026-01-22,PHI,HOU,128.0,122.0,1.0,0.49934298278765493,0.4837175674646742,HOU,PHI,False
401810484,2026-01-22,WAS,DEN,97.0,107.0,0.0,0.29810328086713084,0.26977565767391165,DEN,DEN,True
401810485,2026-01-22,DAL,GSW,123.0,115.0,1.0,0.5058969583238496,0.5219861788855934,DAL,DAL,True
401810486,2026-01-22,MIN,CHI,115.0,120.0,0.0,0.6048073022773285,0.6285847948960632,MIN,CHI,False
401810487,2026-01-22,UTA,SAS,109.0,126.0,0.0,0.2812593547073875,0.2525586295912071,SAS,SAS,True
401810488,2026-01-22,LAC,LAL,112.0,104.0,1.0,0.5642400367094267,0.5851492056436923,LAC,LAC,True
401810489,2026-01-22,POR,MIA,127.0,110.0,1.0,0.6848553592960666,0.7126665473903997,POR,POR,True
401810490,2026-01-23,DET,HOU,104.0,111.0,0.0,0.7098842820625942,0.7384064115121027,DET,HOU,False
401810491,2026-01-23,ATL,PHX,110.0,103.0,1.0,0.42541229874729214,0.40372815256733763,PHX,ATL,False
401810492,2026-01-23,BKN,BOS,126.0,130.0,0.0,0.16413994701390655,0.13745006396892712,BOS,BOS,True
401810493,2026-01-23,CLE,SAC,123.0,118.0,1.0,0.6943146429099496,0.7224292089688483,CLE,CLE,True
401810494,2026-01-23,MEM,NOP,127.0,133.0,0.0,0.7481729941644784,0.7771701623469984,MEM,NOP,False
401810495,2026-01-23,MIL,DEN,100.0,102.0,0.0,0.45398683329940925,0.43450681078949993,DEN,DEN,True
401810496,2026-01-23,OKC,IND,114.0,117.0,0.0,0.872703524969753,0.8966687949770006,OKC,IND,False
401810497,2026-01-23,POR,TOR,98.0,110.0,0.0,0.586684642322454,0.6092384525921241,POR,TOR,False
401810498,2026-01-24,PHI,NYK,109.0,112.0,0.0,0.45155452733100965,0.4318793308876473,NYK,NYK,True
401810500,2026-01-24,CHA,WAS,119.0,115.0,1.0,0.7164249350097794,0.7450827957911471,CHA,CHA,True
401810501,2026-01-24,ORL,CLE,105.0,119.0,0.0,0.47485502277258657,0.457100930196807,CLE,CLE,True
401810502,2026-01-24,CHI,BOS,114.0,111.0,1.0,0.4473513172349532,0.42734199762967895,BOS,CHI,False
401810503,2026-01-24,DAL,LAL,110.0,116.0,0.0,0.5718758436909488,0.5933595771085024,DAL,LAL,False
401810504,2026-01-24,UTA,MIA,116.0,147.0,0.0,0.4042502369885228,0.38107199504787337,MIA,MIA,True
401810505,2026-01-25,DET,SAC,139.0,116.0,1.0,0.7197331175384348,0.7458169633442444,DET,DET,True
401810508,2026-01-25,OKC,TOR,101.0,103.0,0.0,0.7033550862201831,0.7292761632805129,OKC,TOR,False
401810509,2026-01-25,SAS,NOP,95.0,104.0,0.0,0.7416523150909868,0.7677704750775414,SAS,NOP,False
401810510,2026-01-25,PHX,MIA,102.0,111.0,0.0,0.6376482829331593,0.6618733995046122,PHX,MIA,False
401810511,2026-01-25,LAC,BKN,126.0,89.0,1.0,0.7276819717593215,0.7538032389675301,LAC,LAC,True
401857824,2026-01-25,MIN,GSW,85.0,111.0,0.0,0.5684054417056004,0.5893494698849969,MIN,GSW,False
401810512,2026-01-26,CHA,PHI,130.0,93.0,1.0,0.4770637685201268,0.4589125137847435,PHI,CHA,False
401810513,2026-01-26,CLE,ORL,114.0,98.0,1.0,0.6706680552305613,0.6959418810807816,CLE,CLE,True
401810514,2026-01-26,ATL,IND,132.0,116.0,1.0,0.606464194558595,0.6293770383550974,ATL,ATL,True
401810515,2026-01-26,BOS,POR,102.0,94.0,1.0,0.6477520263603519,0.6723373075196241,BOS,BOS,True
401810516,2026-01-26,CHI,LAL,118.0,129.0,0.0,0.5368780089249969,0.5559304090405852,CHI,LAL,False
401810517,2026-01-26,HOU,MEM,108.0,99.0,1.0,0.6712467268381448,0.6965355335697686,HOU,HOU,True
401810518,2026-01-26,MIN,GSW,108.0,83.0,1.0,0.5174762429932439,0.535264868229794,MIN,MIN,True
401810519,2026-01-27,WAS,POR,115.0,111.0,1.0,0.3389137687969306,0.31390551868643557,POR,WAS,False
401810520,2026-01-27,NYK,SAC,103.0,87.0,1.0,0.7214066518694218,0.7475006825564345,NYK,NYK,True
401810521,2026-01-27,PHI,MIL,139.0,122.0,1.0,0.5493288482870555,0.5691537757418736,PHI,PHI,True
401810522,2026-01-27,OKC,NOP,104.0,95.0,1.0,0.7689501313135115,0.7947935788777931,OKC,OKC,True
401810523,2026-01-27,DEN,DET,107.0,109.0,0.0,0.504391233487117,0.521290145352493,DEN,DET,False
401810524,2026-01-27,PHX,BKN,106.0,102.0,1.0,0.7284064813791854,0.7545297680145823,PHX,PHX,True
401810525,2026-01-27,UTA,LAC,103.0,115.0,0.0,0.3373816464629379,0.31232873571662634,LAC,LAC,True
401810526,2026-01-28,CLE,LAL,129.0,99.0,1.0,0.5691960009502657,0.5901846187770771,CLE,CLE,True
401810527,2026-01-28,IND,CHI,113.0,110.0,1.0,0.4030537168798848,0.38059765977041027,CHI,IND,False
401810528,2026-01-28,BOS,ATL,106.0,117.0,0.0,0.6419365488289518,0.6663186019310139,BOS,ATL,False
401810529,2026-01-28,MIA,ORL,124.0,133.0,0.0,0.6207253041883336,0.6442745167587004,MIA,ORL,False
401810530,2026-01-28,TOR,NYK,92.0,119.0,0.0,0.5800365491049813,0.6016214728299918,TOR,NYK,False
401810531,2026-01-28,MEM,CHA,97.0,112.0,0.0,0.502780251752875,0.5195677060849025,MEM,CHA,False
401810532,2026-01-28,DAL,MIN,105.0,118.0,0.0,0.541556816250569,0.5609032236608369,DAL,MIN,False
401810533,2026-01-28,UTA,GSW,124.0,140.0,0.0,0.3474230253488745,0.3226776836701756,GSW,GSW,True
401810534,2026-01-28,HOU,SAS,99.0,111.0,0.0,0.5874445357634459,0.609420208256688,HOU,SAS,False
401810535,2026-01-29,PHI,SAC,113.0,111.0,1.0,0.6489074472960771,0.673531770523766,PHI,PHI,True
401810536,2026-01-29,WAS,MIL,109.0,99.0,1.0,0.4568919663133256,0.4374490559307087,MIL,WAS,False
401810537,2026-01-29,ATL,HOU,86.0,104.0,0.0,0.5960806234035324,0.6184939073208662,ATL,HOU,False
401810538,2026-01-29,DAL,CHA,121.0,123.0,0.0,0.5051003128681762,0.5220481539547803,DAL,CHA,False
401810539,2026-01-29,DEN,BKN,107.0,103.0,1.0,0.7326050781057533,0.7587354208727092,DEN,DEN,True
401810540,2026-01-29,PHX,DET,114.0,96.0,1.0,0.4588590578287464,0.43953860543905376,DET,PHX,False
401810541,2026-01-29,MIN,OKC,123.0,111.0,1.0,0.4419117685764505,0.42156290245181893,OKC,MIN,False
401850920,2026-01-29,CHI,MIA,113.0,116.0,0.0,0.5719860058260872,0.5931308048822346,CHI,MIA,False
401810542,2026-01-30,ORL,TOR,130.0,120.0,1.0,0.5028451253021559,0.5196370758135447,ORL,ORL,True
401810543,2026-01-30,WAS,LAL,111.0,142.0,0.0,0.38298776907136756,0.3595985312680051,LAL,LAL,True
401810544,2026-01-30,BOS,SAC,112.0,93.0,1.0,0.7444323909842794,0.7705391496519333,BOS,BOS,True
401810545,2026-01-30,NYK,POR,127.0,97.0,1.0,0.6894786119780609,0.7151755005895799,NYK,NYK,True
401810546,2026-01-30,NOP,MEM,114.0,106.0,1.0,0.4725359624019384,0.45408805156097365,MEM,NOP,False
401810548,2026-01-30,PHX,CLE,126.0,113.0,1.0,0.4564462577133744,0.436975710067128,CLE,PHX,False
401810549,2026-01-30,UTA,BKN,99.0,109.0,0.0,0.5460196410505334,0.5656423542077379,UTA,BKN,False
401810550,2026-01-30,DEN,LAC,122.0,109.0,1.0,0.5155350226217839,0.5331934643746075,DEN,DEN,True
401810551,2026-01-30,GSW,DET,124.0,131.0,0.0,0.4717639541931431,0.4532658387301961,DET,DET,True
401810547,2026-01-31,MIA,CHI,118.0,125.0,0.0,0.5168667960846384,0.5346146201097652,MIA,CHI,False
401810552,2026-01-31,CHA,SAS,111.0,106.0,1.0,0.5156468323266247,0.5333127899170094,CHA,CHA,True
401810553,2026-01-31,IND,ATL,129.0,124.0,1.0,0.4309447943480747,0.4099641069764821,ATL,IND,False
401810554,2026-01-31,PHI,NOP,124.0,114.0,1.0,0.6190305655375761,0.6425072694900081,PHI,PHI,True
401810555,2026-01-31,MEM,MIN,114.0,131.0,0.0,0.3304667975106345,0.30522270475947266,MIN,MIN,True
401810556,2026-01-31,HOU,DAL,111.0,107.0,1.0,0.6952564438711538,0.7210560178966026,HOU,HOU,True
401810557,2026-02-01,BOS,MIL,107.0,79.0,1.0,0.7646890834683353,0.7927165951304269,BOS,BOS,True
401810558,2026-02-01,SAS,ORL,112.0,103.0,1.0,0.6465656078905999,0.6676368706809689,SAS,SAS,True
401810559,2026-02-01,DET,BKN,130.0,77.0,1.0,0.7687316330399738,0.7968473345516418,DET,DET,True
401810560,2026-02-01,MIA,CHI,134.0,91.0,1.0,0.5180952573266884,0.5254433663827315,MIA,MIA,True
401810561,2026-02-01,TOR,UTA,107.0,100.0,1.0,0.7584500767174185,0.7863184593067623,TOR,TOR,True
401810562,2026-02-01,WAS,SAC,116.0,112.0,1.0,0.5894434904140353,0.6049155346204445,WAS,WAS,True
401810563,2026-02-01,NYK,LAL,112.0,100.0,1.0,0.6408329007347341,0.6613927010275684,NYK,NYK,True
401810564,2026-02-01,PHX,LAC,93.0,117.0,0.0,0.6504839142502259,0.6718973561282582,PHX,LAC,False
401810565,2026-02-01,POR,CLE,111.0,130.0,0.0,0.4144791092709109,0.3994273484172123,CLE,CLE,True
401810566,2026-02-01,DEN,OKC,111.0,121.0,0.0,0.4812907151159853,0.4738694721187351,OKC,OKC,True
401810567,2026-02-02,CHA,NOP,102.0,95.0,1.0,0.711249123266287,0.7370836179919911,CHA,CHA,True
401810568,2026-02-02,IND,HOU,114.0,118.0,0.0,0.4465808228818165,0.43509946218272266,HOU,HOU,True
401810569,2026-02-02,MEM,MIN,137.0,128.0,1.0,0.2933320716340031,0.2677662513722273,MIN,MEM,False
401810570,2026-02-02,LAC,PHI,113.0,128.0,0.0,0.651185785571092,0.6726598719155142,LAC,PHI,False
401810571,2026-02-03,DET,DEN,124.0,121.0,1.0,0.6356370361505074,0.6557224929498202,DET,DET,True
401810572,2026-02-03,IND,UTA,122.0,131.0,0.0,0.6890684252543737,0.7134974483520586,IND,UTA,False
401810573,2026-02-03,WAS,NYK,101.0,132.0,0.0,0.2556027800078517,0.22819145731303858,NYK,NYK,True
401810574,2026-02-03,BKN,LAL,109.0,125.0,0.0,0.2625320979422551,0.23539438170667515,LAL,LAL,True
401810575,2026-02-03,MIA,ATL,115.0,127.0,0.0,0.54616818346541,0.55681552176948,MIA,ATL,False
401810576,2026-02-03,DAL,BOS,100.0,110.0,0.0,0.3469159830864766,0.32527888268139316,BOS,BOS,True
401810577,2026-02-03,MIL,CHI,131.0,115.0,1.0,0.512873105470062,0.5195978590467689,MIL,MIL,True
401810578,2026-02-03,OKC,ORL,128.0,92.0,1.0,0.747857365805338,0.7753935819055837,OKC,OKC,True
401810579,2026-02-03,GSW,PHI,94.0,113.0,0.0,0.5350417991559039,0.5443935594271104,GSW,PHI,False
401810580,2026-02-03,POR,PHX,125.0,130.0,0.0,0.4665348746079388,0.457368100782822,PHX,PHX,True
401810581,2026-02-04,NYK,DEN,134.0,127.0,1.0,0.6195653398261709,0.6381224190823563,NYK,NYK,True
401810582,2026-02-04,TOR,MIN,126.0,128.0,0.0,0.4763798032580942,0.46837497473897305,MIN,MIN,True
401810583,2026-02-04,HOU,BOS,93.0,114.0,0.0,0.5457096901267698,0.5563040041654063,HOU,BOS,False
401810584,2026-02-04,MIL,NOP,141.0,137.0,1.0,0.5511089673339417,0.5623255555310885,MIL,MIL,True
401810585,2026-02-04,SAS,OKC,116.0,106.0,1.0,0.4331240503777554,0.42011978748847734,OKC,SAS,False
401810586,2026-02-04,SAC,MEM,125.0,129.0,0.0,0.4109967889033271,0.39557172344698766,MEM,MEM,True
401810587,2026-02-04,LAC,CLE,91.0,124.0,0.0,0.45669361426893357,0.44637777276176116,CLE,CLE,True
401810588,2026-02-05,DET,WAS,117.0,126.0,0.0,0.8308160978117288,0.8586373324193854,DET,WAS,False
401810589,2026-02-05,ORL,BKN,118.0,98.0,1.0,0.7286082775795906,0.7553518616692887,ORL,ORL,True
401810590,2026-02-05,ATL,UTA,121.0,119.0,1.0,0.7317071176515252,0.7585941005851354,ATL,ATL,True
401810591,2026-02-05,TOR,CHI,123.0,107.0,1.0,0.6266266008143176,0.6458662087494451,TOR,TOR,True
401810592,2026-02-05,HOU,CHA,99.0,109.0,0.0,0.5673529310107488,0.5804105256510604,HOU,CHA,False
401810593,2026-02-05,DAL,SAS,123.0,135.0,0.0,0.41691777880698755,0.40212924014101503,SAS,SAS,True
401810594,2026-02-05,PHX,GSW,97.0,101.0,0.0,0.6244239351273804,0.6434524431835604,PHX,GSW,False
401810595,2026-02-05,LAL,PHI,119.0,115.0,1.0,0.5285938505090731,0.5371871138998943,LAL,LAL,True
401810596,2026-02-06,BOS,MIA,98.0,96.0,1.0,0.7034212426281502,0.7287896771936337,BOS,BOS,True
401810597,2026-02-06,DET,NYK,118.0,80.0,1.0,0.4995990249451122,0.49437141706294274,NYK,DET,False
401810598,2026-02-06,MIL,IND,105.0,99.0,1.0,0.540898893507114,0.5509349030408512,MIL,MIL,True
401810599,2026-02-06,MIN,NOP,115.0,119.0,0.0,0.7551078703866925,0.7828797509564633,MIN,NOP,False
401810600,2026-02-06,POR,MEM,135.0,115.0,1.0,0.5047692744074215,0.5105224140948761,POR,POR,True
401810601,2026-02-06,SAC,LAC,111.0,114.0,0.0,0.3874010336732183,0.3695333418751132,LAC,LAC,True
401810602,2026-02-07,BKN,WAS,127.0,113.0,1.0,0.40338926775309575,0.3871596175895661,WAS,BKN,False
401810603,2026-02-07,OKC,HOU,106.0,112.0,0.0,0.6860279941898453,0.7102445136517155,OKC,HOU,False
401810604,2026-02-07,SAS,DAL,138.0,125.0,1.0,0.7274870262272126,0.7541772781694942,SAS,SAS,True
401810605,2026-02-07,ORL,UTA,120.0,117.0,1.0,0.6974214776899095,0.7224102687421179,ORL,ORL,True
401810606,2026-02-07,ATL,CHA,119.0,126.0,0.0,0.5267773446761832,0.5351560182410293,ATL,CHA,False
401810607,2026-02-07,CHI,DEN,120.0,136.0,0.0,0.3923951475299587,0.3750310189273116,DEN,DEN,True
401810608,2026-02-07,LAL,GSW,105.0,99.0,1.0,0.6183353834339522,0.6367718812754277,LAL,LAL,True
401810609,2026-02-07,PHX,PHI,103.0,109.0,0.0,0.5619288114745059,0.5743772254760374,PHX,PHI,False
401810610,2026-02-07,POR,MEM,122.0,115.0,1.0,0.6511946153404613,0.6726694633445799,POR,POR,True
401810611,2026-02-07,SAC,CLE,126.0,132.0,0.0,0.2313177357246007,0.20320303935349704,CLE,CLE,True
401810612,2026-02-08,BOS,NYK,89.0,111.0,0.0,0.6287788522038772,0.6497264909451926,BOS,NYK,False
401810613,2026-02-08,WAS,MIA,101.0,132.0,0.0,0.23977352242945246,0.21311527054436108,MIA,MIA,True
401810614,2026-02-08,TOR,IND,122.0,104.0,1.0,0.7769645008902952,0.8037062155319197,TOR,TOR,True
401810615,2026-02-08,MIN,LAC,96.0,115.0,0.0,0.686672444656702,0.711098278491667,MIN,LAC,False
401810616,2026-02-09,CHA,DET,104.0,110.0,0.0,0.30196512718435337,0.2770175152237814,DET,DET,True
401810617,2026-02-09,BKN,CHI,123.0,115.0,1.0,0.4440236201201894,0.42896396387840496,CHI,BKN,False
401810618,2026-02-09,MIA,UTA,111.0,115.0,0.0,0.6841032331810138,0.7084031061920262,MIA,UTA,False
401810619,2026-02-09,ORL,MIL,118.0,99.0,1.0,0.6579092285422228,0.6807671736852934,ORL,ORL,True
401810620,2026-02-09,MIN,ATL,138.0,116.0,1.0,0.5173214895107617,0.5287918389565505,MIN,MIN,True
401810621,2026-02-09,NOP,SAC,120.0,94.0,1.0,0.6519851522232274,0.6744793466314323,NOP,NOP,True
401810622,2026-02-09,DEN,CLE,117.0,119.0,0.0,0.35064085409002743,0.3283120895701801,CLE,CLE,True
401810623,2026-02-09,GSW,MEM,114.0,113.0,1.0,0.6805025176871453,0.7046210392791605,GSW,GSW,True
401810624,2026-02-09,LAL,OKC,110.0,119.0,0.0,0.510586871411,0.5214098023722321,LAL,OKC,False
401810625,2026-02-09,POR,PHI,135.0,118.0,1.0,0.5340876934982165,0.5471439378061349,POR,POR,True
401810626,2026-02-10,NYK,IND,134.0,137.0,0.0,0.8119711376777332,0.8382803970583351,NYK,IND,False
401810627,2026-02-10,HOU,LAC,102.0,95.0,1.0,0.6047044881368288,0.6238619648409014,HOU,HOU,True
401810628,2026-02-10,PHX,DAL,120.0,111.0,1.0,0.7591697843510266,0.7858169287229517,PHX,PHX,True
401810629,2026-02-10,LAL,SAS,108.0,136.0,0.0,0.5029353535813419,0.5130165103249953,LAL,SAS,False
401810630,2026-02-11,CHA,ATL,110.0,107.0,1.0,0.5633853463711819,0.5791029601723895,CHA,CHA,True
401810631,2026-02-11,CLE,WAS,138.0,113.0,1.0,0.8486001908017814,0.873454525197255,CLE,CLE,True
401810632,2026-02-11,ORL,MIL,108.0,116.0,0.0,0.7586617376634757,0.7853033011861146,ORL,MIL,False
401810633,2026-02-11,BOS,CHI,124.0,105.0,1.0,0.7549865733356294,0.7815831491869819,BOS,BOS,True
401810634,2026-02-11,BKN,IND,110.0,115.0,0.0,0.5395648415855477,0.5531301079167797,BKN,IND,False
401810635,2026-02-11,PHI,NYK,89.0,138.0,0.0,0.3532382729481166,0.33107561925152906,NYK,NYK,True
401810636,2026-02-11,TOR,DET,95.0,113.0,0.0,0.2479515639211299,0.22139672972326507,DET,DET,True
401810637,2026-02-11,HOU,LAC,102.0,105.0,0.0,0.6865252778019988,0.7109439745314435,HOU,LAC,False
401810638,2026-02-11,MIN,POR,133.0,109.0,1.0,0.6905074855140789,0.7151159286263656,MIN,MIN,True
401810639,2026-02-11,NOP,MIA,111.0,123.0,0.0,0.36200413081097416,0.3404198503609501,MIA,MIA,True
401810640,2026-02-11,PHX,OKC,109.0,136.0,0.0,0.40034411030987227,0.3815836576328102,OKC,OKC,True
401810641,2026-02-11,UTA,SAC,121.0,93.0,1.0,0.707401922785008,0.7327348226225859,UTA,UTA,True
401810642,2026-02-11,DEN,MEM,122.0,116.0,1.0,0.7886484479121144,0.8153408881794344,DEN,DEN,True
401810643,2026-02-11,GSW,SAS,113.0,126.0,0.0,0.4273773854171024,0.41085550042831565,SAS,SAS,True
401810644,2026-02-12,OKC,MIL,93.0,110.0,0.0,0.8591470416439717,0.8833666311558436,OKC,MIL,False
401810645,2026-02-12,UTA,POR,119.0,135.0,0.0,0.4771536159618054,0.4651563661603564,POR,POR,True
401810646,2026-02-12,LAL,DAL,124.0,104.0,1.0,0.7577883680249633,0.784419973950725,LAL,LAL,True
401810647,2026-02-19,CHA,HOU,101.0,105.0,0.0,0.4523120794270479,0.4380010978671346,HOU,HOU,True
401810648,2026-02-19,CLE,BKN,112.0,84.0,1.0,0.849644410949538,0.8744404759676088,CLE,CLE,True
401810649,2026-02-19,PHI,ATL,107.0,117.0,0.0,0.4559289327921348,0.4419485789483285,ATL,ATL,True
401810650,2026-02-19,WAS,IND,112.0,105.0,1.0,0.41358232796866246,0.39589539009101415,IND,WAS,False
401810651,2026-02-19,NYK,DET,111.0,126.0,0.0,0.4596161149104741,0.44597514890268597,DET,DET,True
401810652,2026-02-19,CHI,TOR,101.0,110.0,0.0,0.4386893648552464,0.4231548791822112,TOR,TOR,True
401810653,2026-02-19,SAS,PHX,121.0,94.0,1.0,0.746631390805814,0.7730960392613795,SAS,SAS,True
401810654,2026-02-19,GSW,BOS,110.0,121.0,0.0,0.3120264461904281,0.28753792797153466,BOS,BOS,True
401810655,2026-02-19,SAC,ORL,94.0,131.0,0.0,0.3113570391846243,0.2868365620436485,ORL,ORL,True
401810656,2026-02-19,LAC,DEN,115.0,114.0,1.0,0.5639846723502383,0.5797550210436585,LAC,LAC,True
401810657,2026-02-20,CHA,CLE,113.0,118.0,0.0,0.223806716453027,0.19706493065989594,CLE,CLE,True
401810658,2026-02-20,WAS,IND,131.0,118.0,1.0,0.480278634125454,0.4685789242304197,IND,WAS,False
401810659,2026-02-20,MEM,UTA,123.0,114.0,1.0,0.6695154767064919,0.6930467938768831,MEM,MEM,True
401810660,2026-02-20,ATL,MIA,97.0,128.0,0.0,0.4348745322975013,0.4190040121445838,MIA,MIA,True
401810661,2026-02-20,MIN,DAL,122.0,111.0,1.0,0.8149318549213284,0.8411637809568785,MIN,MIN,True
401810662,2026-02-20,NOP,MIL,118.0,139.0,0.0,0.46220333697025223,0.44880187003902816,MIL,MIL,True
401810663,2026-02-20,OKC,BKN,105.0,86.0,1.0,0.8747578551459066,0.8978410107358441,OKC,OKC,True
401810664,2026-02-20,LAL,LAC,125.0,122.0,1.0,0.6522815050527219,0.6747942087725081,LAL,LAL,True
401810665,2026-02-20,POR,DEN,103.0,157.0,0.0,0.5521113781143124,0.5668235189793118,POR,DEN,False
401810666,2026-02-21,PHX,ORL,113.0,110.0,1.0,0.45567677973945486,0.4382839331040692,ORL,PHX,False
401810667,2026-02-21,NOP,PHI,126.0,111.0,1.0,0.4345820954037527,0.4156411218223206,PHI,NOP,False
401810668,2026-02-21,MIA,MEM,136.0,120.0,1.0,0.5809077550781544,0.6009220837589303,MIA,MIA,True
401810669,2026-02-21,CHI,DET,110.0,126.0,0.0,0.21397302622198022,0.18763559299253751,DET,DET,True
401810670,2026-02-21,SAS,SAC,139.0,122.0,1.0,0.8633369726673155,0.8862430057838483,SAS,SAS,True
401810671,2026-02-21,NYK,HOU,108.0,106.0,1.0,0.6025386306294386,0.6239504537447239,NYK,NYK,True
401810672,2026-02-22,OKC,CLE,121.0,113.0,1.0,0.4645132323615764,0.44779554877030825,CLE,OKC,False
401810673,2026-02-22,ATL,BKN,115.0,104.0,1.0,0.6666934650211647,0.6914152653089782,ATL,ATL,True
401810674,2026-02-22,MIL,TOR,94.0,122.0,0.0,0.4841928412330468,0.46902855551772127,TOR,TOR,True
401810675,2026-02-22,GSW,DEN,128.0,117.0,1.0,0.28588905716815743,0.25970772179545776,DEN,GSW,False
401810676,2026-02-22,IND,DAL,130.0,134.0,0.0,0.5431689517452871,0.5604744501957256,IND,DAL,False
401810677,2026-02-22,WAS,CHA,112.0,129.0,0.0,0.43280013293163055,0.4137328082534084,CHA,CHA,True
401810678,2026-02-22,LAL,BOS,89.0,111.0,0.0,0.40199843086351766,0.3808693116149956,BOS,BOS,True
401810679,2026-02-22,MIN,PHI,108.0,135.0,0.0,0.7328831624955279,0.7593652758384846,MIN,PHI,False
401810680,2026-02-22,CHI,NYK,99.0,105.0,0.0,0.2484960953957778,0.221888957353237,NYK,NYK,True
401810681,2026-02-22,PHX,POR,77.0,92.0,0.0,0.6120882138301776,0.63407595149206,PHX,POR,False
401810682,2026-02-22,LAC,ORL,109.0,111.0,0.0,0.5312875999425392,0.5476793794226265,LAC,ORL,False
401810683,2026-02-23,DET,SAS,103.0,114.0,0.0,0.6108011781136238,0.6327128429831145,DET,SAS,False
401810684,2026-02-23,MEM,SAC,114.0,123.0,0.0,0.7277772497551287,0.7541943926590303,MEM,SAC,False
401810685,2026-02-23,HOU,UTA,125.0,105.0,1.0,0.7816265929729604,0.8080369907427137,HOU,HOU,True
401810686,2026-02-24,IND,PHI,114.0,135.0,0.0,0.34728317415787646,0.32316320419396327,PHI,PHI,True
401810687,2026-02-24,ATL,WAS,119.0,98.0,1.0,0.6268796594340607,0.6497056501464681,ATL,ATL,True
401810688,2026-02-24,BKN,DAL,114.0,123.0,0.0,0.46281440370941596,0.44596578002023257,DAL,DAL,True
401810689,2026-02-24,TOR,OKC,107.0,116.0,0.0,0.30581172877222584,0.28012771177787865,OKC,OKC,True
401810690,2026-02-24,CLE,NYK,109.0,94.0,1.0,0.509002476538094,0.5236152258191564,CLE,CLE,True
401810691,2026-02-24,CHI,CHA,99.0,131.0,0.0,0.3533269039294396,0.3294891467331368,CHA,CHA,True
401810692,2026-02-24,MIL,MIA,128.0,117.0,1.0,0.4477895879138275,0.4298069772871549,MIA,MIL,False
401810693,2026-02-24,NOP,GSW,113.0,109.0,1.0,0.40246477728253854,0.38136503916905007,GSW,NOP,False
401810694,2026-02-24,PHX,BOS,81.0,97.0,0.0,0.30693988485710777,0.28128923384303006,BOS,BOS,True
401810695,2026-02-24,LAL,ORL,109.0,110.0,0.0,0.5367879425819679,0.5536059640606286,LAL,ORL,False
401810696,2026-02-24,POR,MIN,121.0,124.0,0.0,0.47541630624351794,0.45955123079336635,MIN,MIN,True
401810697,2026-02-25,DET,OKC,124.0,116.0,1.0,0.5617573062009189,0.580436474542343,DET,DET,True
401810698,2026-02-25,TOR,SAS,107.0,110.0,0.0,0.28679422273946115,0.26063160801046714,SAS,SAS,True
401810699,2026-02-25,MEM,GSW,112.0,133.0,0.0,0.4233916800925921,0.403669509361709,GSW,GSW,True
401810700,2026-02-25,HOU,SAC,128.0,97.0,1.0,0.8377973664472559,0.8623245284054513,HOU,HOU,True
401810701,2026-02-25,MIL,CLE,118.0,116.0,1.0,0.29543559596861907,0.2694705239884271,CLE,MIL,False
401810702,2026-02-25,DEN,BOS,103.0,84.0,1.0,0.37958366626865886,0.35711567711706926,BOS,DEN,False
401810703,2026-02-26,IND,CHA,109.0,133.0,0.0,0.3154654432401611,0.29008427452177454,CHA,CHA,True
401810704,2026-02-26,PHI,MIA,124.0,117.0,1.0,0.37700551302832713,0.3543931513678126,MIA,PHI,False
401810705,2026-02-26,ATL,WAS,126.0,96.0,1.0,0.7469944466282974,0.7735878302134505,ATL,ATL,True
401810706,2026-02-26,BKN,SAS,110.0,126.0,0.0,0.2128471820729822,0.1865303143899294,SAS,SAS,True
401810707,2026-02-26,ORL,HOU,108.0,113.0,0.0,0.49380647414693146,0.4794233623737635,HOU,HOU,True
401810708,2026-02-26,CHI,POR,112.0,121.0,0.0,0.3379699961318023,0.31344093892251657,POR,POR,True
401810709,2026-02-26,DAL,SAC,121.0,130.0,0.0,0.7255315944425506,0.7519161192888701,DAL,SAC,False
401810710,2026-02-26,PHX,LAL,113.0,110.0,1.0,0.4927924599442088,0.4783263218341912,LAL,PHX,False
401810711,2026-02-26,UTA,NOP,118.0,129.0,0.0,0.48930430555814347,0.4745536773448238,NOP,NOP,True
401810712,2026-02-26,LAC,MIN,88.0,94.0,0.0,0.5652938971100806,0.5842260509894021,LAC,MIN,False
401810713,2026-02-27,DET,CLE,122.0,119.0,1.0,0.6435266886362127,0.6672124504490267,DET,DET,True
401810714,2026-02-27,BOS,BKN,148.0,111.0,1.0,0.7914778140633753,0.8177083930578735,BOS,BOS,True
401810715,2026-02-27,MIL,NYK,98.0,127.0,0.0,0.4031468006806893,0.3820901393125148,NYK,NYK,True
401810716,2026-02-27,DAL,MEM,105.0,124.0,0.0,0.4927618071149598,0.47829316143427547,MEM,MEM,True
401810717,2026-02-27,OKC,DEN,127.0,121.0,1.0,0.5043533073683077,0.5185853790879593,OKC,OKC,True
401810718,2026-02-28,CHA,POR,109.0,93.0,1.0,0.5767124871860527,0.5960873413894668,CHA,CHA,True
401810719,2026-02-28,MIA,HOU,115.0,105.0,1.0,0.45288971633727004,0.4355383368105217,HOU,MIA,False
401810720,2026-02-28,WAS,TOR,125.0,134.0,0.0,0.19070951176969717,0.165750030014585,TOR,TOR,True
401810721,2026-02-28,GSW,LAL,101.0,129.0,0.0,0.4699976770428931,0.45389579861705,LAL,LAL,True
401810722,2026-02-28,UTA,NOP,105.0,115.0,0.0,0.3785044660922669,0.3564735869089032,NOP,NOP,True
401810723,2026-03-01,NYK,SAS,114.0,89.0,1.0,0.4657556044180016,0.44933897158843006,SAS,NYK,False
401810724,2026-03-01,BKN,CLE,102.0,106.0,0.0,0.15659691662339573,0.1331424109316074,CLE,CLE,True
401810725,2026-03-01,CHI,MIL,120.0,97.0,1.0,0.3905185252658153,0.36914650783500447,MIL,CHI,False
401810726,2026-03-01,DEN,MIN,108.0,117.0,0.0,0.4797546262837749,0.46438817818613787,MIN,MIN,True
401810727,2026-03-01,IND,MEM,106.0,125.0,0.0,0.389569716855914,0.36814415008068624,MEM,MEM,True
401810728,2026-03-01,ATL,POR,135.0,101.0,1.0,0.6221623887975194,0.6442285940690857,ATL,ATL,True
401810729,2026-03-01,BOS,PHI,114.0,98.0,1.0,0.6945575843303453,0.7195690296061303,BOS,BOS,True
401810730,2026-03-01,ORL,DET,92.0,106.0,0.0,0.3475671488128346,0.32404504359817177,DET,DET,True
401810731,2026-03-01,DAL,OKC,87.0,100.0,0.0,0.20247831671589572,0.17718037895757666,OKC,OKC,True
401810732,2026-03-01,LAC,NOP,137.0,117.0,1.0,0.735613969329208,0.7613734075153279,LAC,LAC,True
401810733,2026-03-01,LAL,SAC,128.0,104.0,1.0,0.7472035816856767,0.7730319531581319,LAL,LAL,True
401810734,2026-03-02,WAS,HOU,118.0,123.0,0.0,0.19259463402482016,0.16757501818086484,HOU,HOU,True
401810735,2026-03-02,MIL,BOS,81.0,108.0,0.0,0.271592766872933,0.24590915071019903,BOS,BOS,True
401810736,2026-03-02,UTA,DEN,125.0,128.0,0.0,0.21517351949771057,0.1896061795880769,DEN,DEN,True
401810737,2026-03-02,GSW,LAC,101.0,114.0,0.0,0.4848029928254479,0.4698230164359982,LAC,LAC,True
401810738,2026-03-03,CHA,DAL,117.0,90.0,1.0,0.7877272069304843,0.8132414919820583,CHA,CHA,True
401810739,2026-03-03,CLE,DET,113.0,109.0,1.0,0.4593387532896486,0.4424520760451588,DET,CLE,False
401810740,2026-03-03,ORL,WAS,126.0,109.0,1.0,0.7961938909934095,0.821524573438285,ORL,ORL,True
401810741,2026-03-03,MIA,BKN,124.0,98.0,1.0,0.6803010528545209,0.7048843079000457,MIA,MIA,True
401810742,2026-03-03,TOR,NYK,95.0,111.0,0.0,0.30501656908861974,0.27999359819523406,NYK,NYK,True
401810743,2026-03-03,PHI,SAS,91.0,131.0,0.0,0.310293117039605,0.28541819881469377,SAS,SAS,True
401810744,2026-03-03,CHI,OKC,108.0,116.0,0.0,0.20603454820270375,0.1806513382002195,OKC,OKC,True
401810745,2026-03-03,MIN,MEM,117.0,110.0,1.0,0.6954260852604033,0.7204609573388422,MIN,MIN,True
401810746,2026-03-03,LAL,NOP,110.0,101.0,1.0,0.7864366450310678,0.8119751472737642,LAL,LAL,True
401810747,2026-03-03,SAC,PHX,103.0,114.0,0.0,0.3784971335947097,0.3564658652524114,PHX,PHX,True
401810748,2026-03-04,NYK,OKC,100.0,103.0,0.0,0.38188775179960216,0.36003814505954623,OKC,OKC,True
401810749,2026-03-04,BOS,CHA,89.0,118.0,0.0,0.6220974531717999,0.6441602244049026,BOS,CHA,False
401810750,2026-03-04,PHI,UTA,106.0,102.0,1.0,0.5901770506031442,0.610406031685556,PHI,PHI,True
401810751,2026-03-04,MEM,POR,114.0,122.0,0.0,0.42432370961698307,0.4050164038689541,POR,POR,True
401810752,2026-03-04,MIL,ATL,113.0,131.0,0.0,0.4552146482748664,0.43802988451192315,ATL,ATL,True
401810753,2026-03-04,LAC,IND,130.0,107.0,1.0,0.777879517739584,0.8035539798903399,LAC,LAC,True
401810754,2026-03-05,ORL,DAL,115.0,114.0,1.0,0.7646443172177344,0.7904473389958592,ORL,ORL,True
401810755,2026-03-05,WAS,UTA,112.0,122.0,0.0,0.4602300834498502,0.44340824891087893,UTA,UTA,True
401810756,2026-03-05,MIA,BKN,126.0,110.0,1.0,0.7365893819541616,0.7623571671837956,MIA,MIA,True
401810757,2026-03-05,HOU,GSW,113.0,115.0,0.0,0.7103750223954157,0.7357633171155057,HOU,GSW,False
401810758,2026-03-05,MIN,TOR,115.0,107.0,1.0,0.6259172908772724,0.6481798989216612,MIN,MIN,True
401810759,2026-03-05,SAS,DET,121.0,106.0,1.0,0.4843418154002989,0.4693263727697896,DET,SAS,False
401810760,2026-03-05,PHX,CHI,103.0,105.0,0.0,0.669933696938548,0.6941556581278338,PHX,CHI,False
401810761,2026-03-05,DEN,LAL,120.0,113.0,1.0,0.4817294640176255,0.4665137306339905,LAL,DEN,False
401810762,2026-03-05,SAC,NOP,123.0,133.0,0.0,0.5034398887078849,0.5175053077044149,SAC,NOP,False
401810763,2026-03-06,BOS,DAL,120.0,100.0,1.0,0.8203129034313092,0.8448741042397037,BOS,BOS,True
401810764,2026-03-06,CHA,MIA,120.0,128.0,0.0,0.5739300333540936,0.5931229335625764,CHA,MIA,False
401810765,2026-03-06,HOU,POR,106.0,99.0,1.0,0.6707600899126369,0.6950123421153717,HOU,HOU,True
401810766,2026-03-06,DEN,NYK,103.0,142.0,0.0,0.39777637363987267,0.3768223031659238,NYK,NYK,True
401810767,2026-03-06,PHX,NOP,118.0,116.0,1.0,0.6518292903108855,0.6753253235703366,PHX,PHX,True
401810768,2026-03-06,SAS,LAC,116.0,112.0,1.0,0.6150360733755064,0.6367179300807381,SAS,SAS,True
401810769,2026-03-06,LAL,IND,128.0,117.0,1.0,0.7329579726963612,0.7586923541749715,LAL,LAL,True
401810770,2026-03-07,MIN,ORL,92.0,119.0,0.0,0.6612968244636924,0.6894185037553847,MIN,ORL,False
401810771,2026-03-07,DET,BKN,105.0,107.0,0.0,0.8321226550335749,0.8632673457798083,DET,BKN,False
401810772,2026-03-07,ATL,PHI,125.0,116.0,1.0,0.6638491983168725,0.6921544666938636,ATL,ATL,True
401810773,2026-03-07,MEM,LAC,120.0,123.0,0.0,0.2960707485217397,0.26533346157617854,LAC,LAC,True
401810774,2026-03-07,MIL,UTA,113.0,99.0,1.0,0.6148812203943969,0.6391466053568444,MIL,MIL,True
401810775,2026-03-07,OKC,GSW,104.0,97.0,1.0,0.7173821718397877,0.7487286935954433,OKC,OKC,True
401810776,2026-03-08,CLE,BOS,98.0,109.0,0.0,0.5142451037975598,0.527639073562244,CLE,BOS,False
401810777,2026-03-08,LAL,NYK,110.0,97.0,1.0,0.4530666149589573,0.43586190262673463,NYK,LAL,False
401810778,2026-03-08,MIA,DET,121.0,110.0,1.0,0.4404190868024827,0.4218000537048787,DET,MIA,False
401810779,2026-03-08,TOR,DAL,122.0,92.0,1.0,0.7925489790526882,0.8249935254393735,TOR,TOR,True
401810780,2026-03-08,NOP,WAS,138.0,118.0,1.0,0.7440472834193139,0.7762560116651398,NOP,NOP,True
401810781,2026-03-08,MIL,ORL,91.0,130.0,0.0,0.383799760519243,0.35941236085184225,ORL,ORL,True
401810782,2026-03-08,SAS,HOU,145.0,120.0,1.0,0.642297204381689,0.6689545357461941,SAS,SAS,True
401810783,2026-03-08,PHX,CHA,111.0,99.0,1.0,0.42964353489982837,0.4098513530239376,CHA,PHX,False
401810784,2026-03-08,POR,IND,131.0,111.0,1.0,0.7535387939860281,0.7859357048782385,POR,POR,True
401810785,2026-03-08,SAC,CHI,126.0,110.0,1.0,0.46476727097390774,0.44890313047869224,CHI,SAC,False
401810786,2026-03-09,CLE,PHI,115.0,101.0,1.0,0.6980048835209968,0.7284391863384875,CLE,CLE,True
401810787,2026-03-09,BKN,MEM,126.0,115.0,1.0,0.30118043364133795,0.27070324209461916,MEM,BKN,False
401810788,2026-03-09,OKC,DEN,129.0,126.0,1.0,0.7168195708897397,0.748142866126527,OKC,OKC,True
401810789,2026-03-09,UTA,GSW,119.0,116.0,1.0,0.44221835458484565,0.42379815730364867,GSW,UTA,False
401810790,2026-03-09,LAC,NYK,126.0,118.0,1.0,0.5274001566304296,0.5423515127667164,LAC,LAC,True
401810791,2026-03-10,PHI,MEM,139.0,129.0,1.0,0.5928488024881039,0.6149823087079593,PHI,PHI,True
401810792,2026-03-10,BKN,DET,100.0,138.0,0.0,0.20557273197847328,0.17315744252441023,DET,DET,True
401810793,2026-03-10,MIA,WAS,150.0,129.0,1.0,0.7888801033881425,0.8213730284196465,MIA,MIA,True
401810794,2026-03-10,ATL,DAL,124.0,112.0,1.0,0.8548066851393175,0.8844992739593392,ATL,ATL,True
401810795,2026-03-10,HOU,TOR,113.0,99.0,1.0,0.5799221496886074,0.6007287780361409,HOU,HOU,True
401810796,2026-03-10,MIL,PHX,114.0,129.0,0.0,0.33852610345261835,0.31039158395305744,PHX,PHX,True
401810797,2026-03-10,SAS,BOS,125.0,116.0,1.0,0.5742304368774002,0.5944366362266855,SAS,SAS,True
401810798,2026-03-10,GSW,CHI,124.0,130.0,0.0,0.6075110574835585,0.6310826356292745,GSW,CHI,False
401810799,2026-03-10,POR,CHA,101.0,103.0,0.0,0.5300560176309619,0.5453181744108431,POR,CHA,False
401810800,2026-03-10,SAC,IND,114.0,109.0,1.0,0.5829085741150263,0.604026383584416,SAC,SAC,True
401810801,2026-03-10,LAL,MIN,120.0,106.0,1.0,0.5955628569934224,0.6179681193454507,LAL,LAL,True
401810802,2026-03-11,ORL,CLE,128.0,122.0,1.0,0.5678156904935847,0.5873340599148031,ORL,ORL,True
401810803,2026-03-11,NOP,TOR,122.0,111.0,1.0,0.37738740943674015,0.35241644856541565,TOR,NOP,False
401810804,2026-03-11,UTA,NYK,117.0,134.0,0.0,0.19197298015285238,0.15986267465980497,NYK,NYK,True
401810805,2026-03-11,DEN,HOU,129.0,93.0,1.0,0.4718962954204279,0.45686248136727514,HOU,DEN,False
401810806,2026-03-11,SAC,CHA,109.0,117.0,0.0,0.34491949574494635,0.3172582382843476,CHA,CHA,True
401810807,2026-03-11,LAC,MIN,153.0,128.0,1.0,0.6369395531363393,0.663154216238355,LAC,LAC,True
401810808,2026-03-12,DET,PHI,131.0,109.0,1.0,0.7295441859480928,0.7613429750135862,DET,DET,True
401810809,2026-03-12,IND,PHX,108.0,123.0,0.0,0.23177024650263608,0.19921381111745073,PHX,PHX,True
401810810,2026-03-12,ORL,WAS,136.0,131.0,1.0,0.8515670574740916,0.881501469838822,ORL,ORL,True
401810811,2026-03-12,ATL,BKN,108.0,97.0,1.0,0.8389576555983584,0.8697228688787146,ATL,ATL,True
401810812,2026-03-12,MIA,MIL,112.0,105.0,1.0,0.6777611996774112,0.7070091834178123,MIA,MIA,True
401810813,2026-03-12,SAS,DEN,131.0,136.0,0.0,0.6797208666182879,0.7090935374855497,SAS,DEN,False
401810814,2026-03-12,OKC,BOS,104.0,102.0,1.0,0.6434475479253334,0.6701982717414265,OKC,OKC,True
401810815,2026-03-12,LAL,CHI,142.0,130.0,1.0,0.7459659353190874,0.7782179295201194,LAL,LAL,True
401810966,2026-03-12,MEM,DAL,112.0,120.0,0.0,0.6657038532103033,0.6941404966861755,MEM,DAL,False
401810816,2026-03-13,DET,MEM,126.0,110.0,1.0,0.8136536444106756,0.8455884591990169,DET,DET,True
401810817,2026-03-13,IND,NYK,92.0,101.0,0.0,0.1828000642056629,0.15099116769519472,NYK,NYK,True
401810818,2026-03-13,TOR,PHX,122.0,115.0,1.0,0.34292307825114693,0.3151119219496288,PHX,TOR,False
401810819,2026-03-13,HOU,NOP,107.0,105.0,1.0,0.6840614549031647,0.7137029478219826,HOU,HOU,True
401810820,2026-03-13,DAL,CLE,105.0,138.0,0.0,0.2174129324800277,0.18486360176830974,CLE,CLE,True
401810821,2026-03-13,GSW,MIN,117.0,127.0,0.0,0.44423735826748173,0.4260412410973391,MIN,MIN,True
401810822,2026-03-13,POR,UTA,124.0,114.0,1.0,0.7851299388573221,0.8176604788140129,POR,POR,True
401810823,2026-03-13,LAC,CHI,119.0,108.0,1.0,0.7795797475447861,0.8121443859842515,LAC,LAC,True
401810824,2026-03-14,PHI,BKN,104.0,97.0,1.0,0.7223233926661464,0.7567153377893061,PHI,PHI,True
401810825,2026-03-14,ATL,MIL,122.0,99.0,1.0,0.7338560185568698,0.7688973559302408,ATL,ATL,True
401810826,2026-03-14,BOS,WAS,111.0,100.0,1.0,0.8646634603028991,0.897832911706814,BOS,BOS,True
401810827,2026-03-14,MIA,ORL,117.0,121.0,0.0,0.5755496851920785,0.5942883836443429,MIA,ORL,False
401810828,2026-03-14,SAS,CHA,115.0,102.0,1.0,0.6526167748867505,0.6810435710434739,SAS,SAS,True
401810829,2026-03-14,LAL,DEN,127.0,125.0,1.0,0.6158238556071521,0.6399467606356964,LAL,LAL,True
401810830,2026-03-14,LAC,SAC,109.0,118.0,0.0,0.8091673424941525,0.8454701349136471,LAC,SAC,False
401810831,2026-03-15,OKC,MIN,116.0,103.0,1.0,0.761473411645689,0.7976110203265986,OKC,OKC,True
401810832,2026-03-15,CLE,DAL,120.0,130.0,0.0,0.832892707790346,0.8683403399725196,CLE,DAL,False
401810833,2026-03-15,TOR,DET,119.0,108.0,1.0,0.30767880756196536,0.2754533277045066,DET,TOR,False
401810834,2026-03-15,MIL,IND,134.0,123.0,1.0,0.592188254823496,0.6132242810132416,MIL,MIL,True
401810835,2026-03-15,PHI,POR,109.0,103.0,1.0,0.4536334805828884,0.4391243604403955,POR,PHI,False
401810836,2026-03-15,NYK,GSW,110.0,107.0,1.0,0.6946919255368954,0.7271121892425424,NYK,NYK,True
401810837,2026-03-15,SAC,UTA,116.0,111.0,1.0,0.6322142913747124,0.6583368966382505,SAC,SAC,True
401810838,2026-03-16,ATL,ORL,124.0,112.0,1.0,0.6125977953804022,0.6363128405924268,ATL,ATL,True
401810839,2026-03-16,WAS,GSW,117.0,125.0,0.0,0.3723928725208241,0.3468196953243381,GSW,GSW,True
401810840,2026-03-16,BKN,POR,95.0,114.0,0.0,0.26669033857666075,0.23167732285232312,POR,POR,True
401810841,2026-03-16,BOS,PHX,120.0,112.0,1.0,0.6598317924204888,0.689019685084513,BOS,BOS,True
401810842,2026-03-16,CHI,MEM,132.0,107.0,1.0,0.597869845043129,0.6196679985086941,CHI,CHI,True
401810843,2026-03-16,NOP,DAL,129.0,111.0,1.0,0.7554667976799536,0.791423748163687,NOP,NOP,True
401810844,2026-03-16,HOU,LAL,92.0,100.0,0.0,0.5086749154333791,0.5174519970889341,HOU,LAL,False
401810845,2026-03-16,LAC,SAS,115.0,119.0,0.0,0.5244250293088787,0.5356252028412846,LAC,SAS,False
401810846,2026-03-17,CHA,MIA,136.0,106.0,1.0,0.4157745141311177,0.39582624051234827,MIA,CHA,False
401810847,2026-03-17,ORL,OKC,108.0,113.0,0.0,0.27662814596845287,0.2421727541618227,OKC,OKC,True
401810848,2026-03-17,WAS,DET,117.0,130.0,0.0,0.16643148719932646,0.13101831319000756,DET,DET,True
401810849,2026-03-17,NYK,IND,136.0,110.0,1.0,0.854102384142313,0.8881832553732937,NYK,NYK,True
401810850,2026-03-17,MIL,CLE,116.0,123.0,0.0,0.28768504441168363,0.2539417200926606,CLE,CLE,True
401810851,2026-03-17,MIN,PHX,116.0,104.0,1.0,0.5634294431497407,0.5804394345246964,MIN,MIN,True
401810852,2026-03-17,DEN,PHI,124.0,96.0,1.0,0.6699789515081483,0.7001861686721969,DEN,DEN,True
401810853,2026-03-17,SAC,SAS,104.0,132.0,0.0,0.2275536735336327,0.19117362299730367,SAS,SAS,True
401810854,2026-03-18,BOS,GSW,120.0,99.0,1.0,0.6770295805789939,0.7079083073156294,BOS,BOS,True
401810855,2026-03-18,BKN,OKC,92.0,121.0,0.0,0.11342173361223165,0.08267905354517802,OKC,OKC,True
401810856,2026-03-18,IND,POR,119.0,127.0,0.0,0.26373156689366545,0.2285681422225755,POR,POR,True
401810857,2026-03-18,CHI,TOR,109.0,139.0,0.0,0.36464211380024025,0.33815055236207214,TOR,TOR,True
401810859,2026-03-18,MIN,UTA,147.0,111.0,1.0,0.7819133443299259,0.8184081437403689,MIN,MIN,True
401810860,2026-03-18,NOP,LAC,124.0,109.0,1.0,0.39647509337871506,0.37393059219946956,LAC,NOP,False
401810861,2026-03-18,DAL,ATL,120.0,135.0,0.0,0.2844394852279182,0.2504774026270462,ATL,ATL,True
401810862,2026-03-18,HOU,LAL,116.0,124.0,0.0,0.5043700363950264,0.512479734471961,HOU,LAL,False
401858693,2026-03-18,MEM,DEN,125.0,118.0,1.0,0.19684388487951737,0.16042916854370437,DEN,MEM,False
401810863,2026-03-19,CHA,ORL,130.0,111.0,1.0,0.5454810227306178,0.5598584583731263,CHA,CHA,True
401810864,2026-03-19,WAS,DET,95.0,117.0,0.0,0.1600449772494049,0.12498634786518381,DET,DET,True
401810865,2026-03-19,MIA,LAL,126.0,134.0,0.0,0.44696890403079315,0.43147442266535807,LAL,LAL,True
401810866,2026-03-19,CHI,CLE,110.0,115.0,0.0,0.2282982397365637,0.19193097729099218,CLE,CLE,True
401810867,2026-03-19,NOP,LAC,105.0,99.0,1.0,0.46610893244655816,0.45347015851299144,LAC,NOP,False
401810868,2026-03-19,SAS,PHX,101.0,100.0,1.0,0.7676571434782108,0.8039455415002079,SAS,SAS,True
401810869,2026-03-19,UTA,MIL,128.0,96.0,1.0,0.37680760534978547,0.3517703532177756,MIL,UTA,False
401810870,2026-03-19,SAC,PHI,118.0,139.0,0.0,0.3950108738078401,0.37227518297175866,PHI,PHI,True
401810871,2026-03-20,BKN,NYK,92.0,93.0,0.0,0.12486754225269388,0.09276386757904242,NYK,NYK,True
401810872,2026-03-20,DET,GSW,115.0,101.0,1.0,0.7016091738060514,0.7345753914919744,DET,DET,True
401810873,2026-03-20,HOU,ATL,117.0,95.0,1.0,0.5204344458307633,0.5310238415920338,HOU,HOU,True
401810874,2026-03-20,MEM,BOS,112.0,117.0,0.0,0.17838820268318722,0.1424494863475131,BOS,BOS,True
401810875,2026-03-20,MIN,POR,104.0,108.0,0.0,0.6822989859206946,0.7136591022397426,MIN,POR,False
401810876,2026-03-20,DEN,TOR,121.0,115.0,1.0,0.5607349761466915,0.5773549757995808,DEN,DEN,True
401810877,2026-03-21,WAS,OKC,111.0,132.0,0.0,0.08229269661759711,0.05538016800163992,OKC,OKC,True
401810878,2026-03-21,CHA,MEM,124.0,101.0,1.0,0.8292185165017157,0.8662635547998998,CHA,CHA,True
401810879,2026-03-21,ORL,LAL,104.0,105.0,0.0,0.29485817094813666,0.2604451263216798,LAL,LAL,True
401810880,2026-03-21,NOP,CLE,106.0,111.0,0.0,0.39549756562693966,0.372292427765071,CLE,CLE,True
401810881,2026-03-21,ATL,GSW,126.0,110.0,1.0,0.7221478123773459,0.7577863180996133,ATL,ATL,True
401810882,2026-03-21,HOU,MIA,123.0,122.0,1.0,0.6365853734860083,0.6639898454061339,HOU,HOU,True
401810883,2026-03-21,SAS,IND,134.0,119.0,1.0,0.8460388834940257,0.8820968992000634,SAS,SAS,True
401810884,2026-03-21,DAL,LAC,131.0,138.0,0.0,0.2470955111224008,0.20986217144828978,LAC,LAC,True
401810885,2026-03-21,UTA,PHI,116.0,126.0,0.0,0.2791963865677176,0.24364626238629472,PHI,PHI,True
401810886,2026-03-21,PHX,MIL,105.0,108.0,0.0,0.6871764526499674,0.7200546194300609,PHX,MIL,False
401810887,2026-03-22,DEN,POR,128.0,112.0,1.0,0.6468030779662259,0.6754361326866385,DEN,DEN,True
401810888,2026-03-22,SAC,BKN,126.0,122.0,1.0,0.6673988180063807,0.6983261335257271,SAC,SAC,True
401810889,2026-03-22,NYK,WAS,145.0,113.0,1.0,0.9249222097431749,0.9503828227287086,NYK,NYK,True
401810890,2026-03-22,BOS,MIN,92.0,102.0,0.0,0.596129398881808,0.6181628513408787,BOS,MIN,False
401810891,2026-03-22,PHX,TOR,120.0,98.0,1.0,0.5228351509604463,0.5336483772046708,PHX,PHX,True
401810892,2026-03-23,ATL,MEM,146.0,107.0,1.0,0.8631414876318998,0.8977858183434164,ATL,ATL,True
401810893,2026-03-23,DET,LAL,113.0,110.0,1.0,0.656066958603259,0.6857632573408645,DET,DET,True
401810894,2026-03-23,ORL,IND,126.0,128.0,0.0,0.8468294203886073,0.882831454814213,ORL,IND,False
401810895,2026-03-23,PHI,OKC,103.0,123.0,0.0,0.15033701251887638,0.11454293380573544,OKC,OKC,True
401810896,2026-03-23,MIA,SAS,111.0,136.0,0.0,0.281113972367487,0.24569250324252412,SAS,SAS,True
401810897,2026-03-23,CHI,HOU,132.0,124.0,1.0,0.4274372911584449,0.40884337357064837,HOU,CHI,False
401810898,2026-03-23,UTA,TOR,127.0,143.0,0.0,0.27866892001799326,0.24308393684938223,TOR,TOR,True
401810899,2026-03-23,DAL,GSW,131.0,137.0,0.0,0.488569463562576,0.479608379216391,GSW,GSW,True
401810900,2026-03-23,POR,BKN,134.0,99.0,1.0,0.8546024704580707,0.8900063828123064,POR,POR,True
401810901,2026-03-23,LAC,MIL,129.0,96.0,1.0,0.7311442087509912,0.7673352469973581,LAC,LAC,True
401810902,2026-03-24,CHA,SAC,134.0,90.0,1.0,0.7565246769134853,0.793888980471645,CHA,CHA,True
401810903,2026-03-24,NYK,NOP,121.0,116.0,1.0,0.8809161644830998,0.913615088480262,NYK,NYK,True
401810904,2026-03-24,CLE,ORL,136.0,131.0,1.0,0.7124815349774386,0.7474517051519239,CLE,CLE,True
401810905,2026-03-24,PHX,DEN,123.0,125.0,0.0,0.44402744430862473,0.4279625304966358,DEN,DEN,True
401810906,2026-03-25,DET,ATL,129.0,130.0,0.0,0.6117894247350674,0.6359903227444842,DET,ATL,False
401810907,2026-03-25,IND,LAL,130.0,137.0,0.0,0.16944526165008628,0.13246472236812734,LAL,LAL,True
401810908,2026-03-25,PHI,CHI,157.0,137.0,1.0,0.5442250933624133,0.5584548773056903,PHI,PHI,True
401810909,2026-03-25,BOS,OKC,119.0,109.0,1.0,0.27835355905585785,0.2427478441110027,OKC,BOS,False
401810910,2026-03-25,CLE,MIA,103.0,120.0,0.0,0.6821440737601929,0.7145508077887669,CLE,MIA,False
401810911,2026-03-25,MEM,SAS,98.0,123.0,0.0,0.1322228449309009,0.0980373809973405,SAS,SAS,True
401810912,2026-03-25,UTA,WAS,110.0,133.0,0.0,0.6023619834111054,0.6252703264399263,UTA,WAS,False
401810913,2026-03-25,MIN,HOU,110.0,108.0,1.0,0.4875616259158359,0.4784361937438186,HOU,MIN,False
401810914,2026-03-25,DEN,DAL,142.0,135.0,1.0,0.8073049283781043,0.8450840408553505,DEN,DEN,True
401810915,2026-03-25,GSW,BKN,109.0,106.0,1.0,0.8019569147522095,0.839826261421708,GSW,GSW,True
401810916,2026-03-25,POR,MIL,130.0,99.0,1.0,0.7807474370249013,0.8186537873971353,POR,POR,True
401810917,2026-03-25,LAC,TOR,119.0,94.0,1.0,0.7044610026304018,0.7388202554674677,LAC,LAC,True
401810918,2026-03-26,CHA,NYK,114.0,103.0,1.0,0.42587233887249926,0.40704410982966877,NYK,CHA,False
401810919,2026-03-26,DET,NOP,129.0,108.0,1.0,0.7792851515799089,0.8171758931186052,DET,DET,True
401810920,2026-03-26,ORL,SAC,121.0,117.0,1.0,0.8152251430054109,0.8528078105713808,ORL,ORL,True
401810921,2026-03-27,IND,LAC,113.0,114.0,0.0,0.22846755701429314,0.19069707358264054,LAC,LAC,True
401810922,2026-03-27,BOS,ATL,109.0,102.0,1.0,0.5220569169555915,0.5327443299231521,BOS,BOS,True
401810923,2026-03-27,CLE,MIA,149.0,128.0,1.0,0.6926142052017967,0.72598179183437,CLE,CLE,True
401810924,2026-03-27,MEM,HOU,109.0,119.0,0.0,0.2569043891461788,0.22008777822933112,HOU,HOU,True
401810925,2026-03-27,OKC,CHI,131.0,113.0,1.0,0.8131996094840925,0.850839766865657,OKC,OKC,True
401810926,2026-03-27,TOR,NOP,119.0,106.0,1.0,0.7535620918366939,0.7908201498711093,TOR,TOR,True
401810927,2026-03-27,DEN,UTA,135.0,129.0,1.0,0.8810939377529041,0.913770803146946,DEN,DEN,True
401810928,2026-03-27,GSW,WAS,131.0,126.0,1.0,0.838999251723087,0.8755172333204098,GSW,GSW,True
401810929,2026-03-27,POR,DAL,93.0,100.0,0.0,0.8445536265890805,0.880714436160541,POR,DAL,False
401810930,2026-03-27,LAL,BKN,116.0,99.0,1.0,0.8977794477581897,0.9281413791155368,LAL,LAL,True
401810931,2026-03-28,MIL,SAS,95.0,127.0,0.0,0.16275638917222596,0.12374688214897622,SAS,SAS,True
401810932,2026-03-28,CHA,PHI,114.0,118.0,0.0,0.7516895821419564,0.791116623704544,CHA,PHI,False
401810933,2026-03-28,ATL,SAC,123.0,113.0,1.0,0.7936614669797762,0.8340095871932188,ATL,ATL,True
401810934,2026-03-28,MEM,CHI,125.0,124.0,1.0,0.39923736152962314,0.3759607875984481,CHI,MEM,False
401810935,2026-03-28,MIN,DET,87.0,109.0,0.0,0.4735188460947601,0.4626734609531413,DET,DET,True
401810936,2026-03-28,PHX,UTA,134.0,109.0,1.0,0.8677893005024805,0.90421966836066,PHX,PHX,True
401810937,2026-03-29,MIL,LAC,113.0,127.0,0.0,0.23144540593904872,0.1914116854880651,LAC,LAC,True
401810938,2026-03-29,IND,MIA,135.0,118.0,1.0,0.3569217271341278,0.3275504976399012,MIA,IND,False
401810939,2026-03-29,BKN,SAC,116.0,99.0,1.0,0.5018893416091679,0.5083434860094875,BKN,BKN,True
401810940,2026-03-29,CHA,BOS,99.0,114.0,0.0,0.3866928876858475,0.3615148962771094,BOS,BOS,True
401810941,2026-03-29,TOR,ORL,139.0,87.0,1.0,0.6661820680644024,0.698448140542534,TOR,TOR,True
401810942,2026-03-29,POR,WAS,123.0,88.0,1.0,0.8516961926273743,0.8896686923296062,POR,POR,True
401810943,2026-03-29,NOP,HOU,102.0,134.0,0.0,0.4200080755917513,0.40002826976297723,HOU,HOU,True
401810944,2026-03-29,OKC,NYK,111.0,100.0,1.0,0.7117977805863589,0.7486621097955838,OKC,OKC,True
401810945,2026-03-29,DEN,GSW,116.0,93.0,1.0,0.7267783586708799,0.7647798900984201,DEN,DEN,True
401810946,2026-03-30,MIA,PHI,119.0,109.0,1.0,0.40622550530467594,0.38403859507617455,PHI,MIA,False
401810947,2026-03-30,ATL,BOS,112.0,102.0,1.0,0.41373815639880607,0.3927451809775264,BOS,ATL,False
401810948,2026-03-30,MEM,PHX,105.0,131.0,0.0,0.16586611991293573,0.12667436822067157,PHX,PHX,True
401810949,2026-03-30,SAS,CHI,129.0,114.0,1.0,0.8947959779606479,0.927630429775841,SAS,SAS,True
401810950,2026-03-30,DAL,MIN,94.0,124.0,0.0,0.2349408828621421,0.19500782217838675,MIN,MIN,True
401810951,2026-03-30,UTA,CLE,113.0,122.0,0.0,0.13810173539426757,0.10105764690018504,CLE,CLE,True
401810952,2026-03-30,OKC,DET,114.0,110.0,1.0,0.6866857935762792,0.7212166630253352,OKC,OKC,True
401810953,2026-03-30,LAL,WAS,120.0,101.0,1.0,0.9434949154043699,0.9660048915112602,LAL,LAL,True
401810954,2026-03-31,ORL,PHX,115.0,111.0,1.0,0.3811686523941156,0.3551771319879047,PHX,ORL,False
401810955,2026-03-31,BKN,CHA,86.0,117.0,0.0,0.1606158971025798,0.12174009294194521,CHA,CHA,True
401810956,2026-03-31,DET,TOR,127.0,116.0,1.0,0.5824452952844867,0.6028232946117581,DET,DET,True
401810957,2026-03-31,HOU,NYK,111.0,94.0,1.0,0.5619010855342045,0.5788808279399098,HOU,HOU,True
401810958,2026-03-31,LAL,CLE,127.0,113.0,1.0,0.6809942443483501,0.7149271627222668,LAL,LAL,True
401810959,2026-03-31,LAC,POR,104.0,114.0,0.0,0.6707910891269041,0.7035924844948654,LAC,POR,False
401858694,2026-03-31,MIL,DAL,123.0,99.0,1.0,0.5677957109263132,0.5857646811835574,MIL,MIL,True
401810858,2026-04-01,MEM,NYK,119.0,130.0,0.0,0.15575400180276572,0.1172072880218481,NYK,NYK,True
401810960,2026-04-01,WAS,PHI,131.0,153.0,0.0,0.19510082143526972,0.15485750883471971,PHI,PHI,True
401810961,2026-04-01,MIA,BOS,129.0,147.0,0.0,0.3402579740929212,0.30876413654333523,BOS,BOS,True
401810962,2026-04-01,ORL,ATL,101.0,130.0,0.0,0.27039311144687117,0.23219968880973108,ATL,ATL,True
401810963,2026-04-01,TOR,SAC,115.0,123.0,0.0,0.8156649796370591,0.8556559803068332,TOR,SAC,False
401810964,2026-04-01,CHI,IND,126.0,145.0,0.0,0.4936876741927399,0.48643879448822125,IND,IND,True
401810965,2026-04-01,HOU,MIL,119.0,113.0,1.0,0.8096569618709731,0.8498075074157044,HOU,HOU,True
401810967,2026-04-01,UTA,DEN,117.0,130.0,0.0,0.1473895541509343,0.10949346675900395,DEN,DEN,True
401810968,2026-04-01,GSW,SAS,113.0,127.0,0.0,0.14218011960252008,0.10474476459906412,SAS,SAS,True
401810969,2026-04-02,CHA,PHX,127.0,107.0,1.0,0.706960338159086,0.7434154774552235,CHA,CHA,True
401810970,2026-04-02,DET,MIN,113.0,108.0,1.0,0.5157312600359187,0.5246661987698356,DET,DET,True
401810971,2026-04-02,OKC,LAL,139.0,96.0,1.0,0.6765794147001768,0.7100319544318275,OKC,OKC,True
401810972,2026-04-02,GSW,CLE,111.0,118.0,0.0,0.26656460485398115,0.22812337953201411,CLE,CLE,True
401810973,2026-04-02,POR,NOP,118.0,106.0,1.0,0.8291196809542327,0.8685757912155374,POR,POR,True
401810974,2026-04-02,LAC,SAS,99.0,118.0,0.0,0.35315405236238767,0.32328778856049967,SAS,SAS,True
401810975,2026-04-03,CHA,IND,129.0,108.0,1.0,0.7452037492477387,0.7843184223204845,CHA,CHA,True
401810976,2026-04-03,PHI,MIN,115.0,103.0,1.0,0.35952208568552707,0.3304974674803789,MIN,PHI,False
401810977,2026-04-03,BKN,ATL,107.0,141.0,0.0,0.11609355195346567,0.08164856189607572,ATL,ATL,True
401810978,2026-04-03,NYK,CHI,136.0,96.0,1.0,0.8321470027905803,0.8714478299711268,NYK,NYK,True
401810979,2026-04-03,HOU,UTA,140.0,106.0,1.0,0.9217781289323814,0.9495811538553519,HOU,HOU,True
401810980,2026-04-03,MEM,TOR,96.0,128.0,0.0,0.1759481459465485,0.13626115077274614,TOR,TOR,True
401810981,2026-04-03,MIL,BOS,101.0,133.0,0.0,0.1427646947869224,0.10527547323674513,BOS,BOS,True
401810982,2026-04-03,DAL,ORL,127.0,138.0,0.0,0.39158823404130766,0.36714356183642993,ORL,ORL,True
401810983,2026-04-03,SAC,NOP,117.0,113.0,1.0,0.5608399205887352,0.5776404648431915,SAC,SAC,True
401810984,2026-04-04,MIA,WAS,152.0,136.0,1.0,0.7882325297797896,0.8315501159627701,MIA,MIA,True
401810985,2026-04-04,DEN,SAS,136.0,134.0,1.0,0.3897916582172396,0.3630655162135553,SAS,DEN,False
401810986,2026-04-04,PHI,DET,93.0,116.0,0.0,0.36198604287868624,0.33099012323905985,DET,DET,True
401810987,2026-04-05,BOS,TOR,115.0,101.0,1.0,0.7782584407176159,0.8214888097683106,BOS,BOS,True
401810988,2026-04-05,BKN,WAS,121.0,115.0,1.0,0.7069468831158814,0.7462286730903804,BKN,BKN,True
401810989,2026-04-05,CHI,PHX,110.0,120.0,0.0,0.22396022308333322,0.1807662581034195,PHX,PHX,True
401810990,2026-04-05,MIL,MEM,131.0,115.0,1.0,0.739794113468747,0.7815718954430341,MIL,MIL,True
401810991,2026-04-05,CLE,IND,117.0,108.0,1.0,0.776517805727893,0.819720129110287,CLE,CLE,True
401810992,2026-04-05,MIN,CHA,108.0,122.0,0.0,0.3409744046879316,0.30707216271225535,CHA,CHA,True
401810993,2026-04-05,NOP,ORL,108.0,112.0,0.0,0.5085499067377806,0.5168888719027994,NOP,ORL,False
401810994,2026-04-05,OKC,UTA,146.0,111.0,1.0,0.9522899615278396,0.9734731504675705,OKC,OKC,True
401810995,2026-04-05,DAL,LAL,134.0,128.0,1.0,0.16189117348607107,0.12017863840884246,LAL,DAL,False
401810996,2026-04-05,SAC,LAC,109.0,138.0,0.0,0.18269497851371647,0.13987738804533445,LAC,LAC,True
401810997,2026-04-05,GSW,HOU,116.0,117.0,0.0,0.2798979924371365,0.23948897081624188,HOU,HOU,True
401810998,2026-04-06,ATL,NYK,105.0,108.0,0.0,0.5909255649180494,0.6144489119627156,ATL,NYK,False
401810999,2026-04-06,ORL,DET,123.0,107.0,1.0,0.2768922977454095,0.2362490618317562,DET,ORL,False
401811000,2026-04-06,MEM,CLE,126.0,142.0,0.0,0.11561649287837812,0.07892408566971687,CLE,CLE,True
401811001,2026-04-06,SAS,PHI,115.0,102.0,1.0,0.8546167732757152,0.8949665528453081,SAS,SAS,True
401811002,2026-04-06,DEN,POR,137.0,132.0,1.0,0.6765494401078374,0.712634381469342,DEN,DEN,True
401811003,2026-04-07,WAS,CHI,98.0,129.0,0.0,0.4860542651704704,0.4766730422465332,CHI,CHI,True
401811004,2026-04-07,BOS,CHA,113.0,102.0,1.0,0.5282709021949564,0.5403986941600828,BOS,BOS,True
401811005,2026-04-07,BKN,MIL,96.0,90.0,1.0,0.40689092189628995,0.3829960863119871,MIL,BKN,False
401811006,2026-04-07,TOR,MIA,121.0,95.0,1.0,0.6638954308437086,0.6984273385337271,TOR,TOR,True
401811007,2026-04-07,IND,MIN,104.0,124.0,0.0,0.2538236155781688,0.2116889817821952,MIN,MIN,True
401811008,2026-04-07,NOP,UTA,156.0,137.0,1.0,0.8473255459561915,0.8883325306475469,NOP,NOP,True
401811009,2026-04-07,GSW,SAC,110.0,105.0,1.0,0.7101652476844614,0.749737878183359,GSW,GSW,True
401811010,2026-04-07,LAL,OKC,87.0,123.0,0.0,0.32060949782809794,0.28419298850708774,OKC,OKC,True
401811011,2026-04-07,LAC,DAL,116.0,103.0,1.0,0.874437395232843,0.9125335544342449,LAC,LAC,True
401811012,2026-04-07,PHX,HOU,105.0,119.0,0.0,0.4555717581063318,0.4403937414471528,HOU,HOU,True
401811013,2026-04-08,CLE,ATL,122.0,116.0,1.0,0.5319828900874625,0.5448164697995419,CLE,CLE,True
401811014,2026-04-08,ORL,MIN,132.0,120.0,1.0,0.43868766477181764,0.42039396237906823,MIN,ORL,False
401811015,2026-04-08,DET,MIL,137.0,111.0,1.0,0.862571661203356,0.9021009338184721,DET,DET,True
401811016,2026-04-08,SAS,POR,112.0,101.0,1.0,0.8579944982093262,0.8980092866180716,SAS,SAS,True
401811017,2026-04-08,DEN,MEM,136.0,119.0,1.0,0.927488601777419,0.9556879243731963,DEN,DEN,True
401811018,2026-04-08,LAC,OKC,110.0,128.0,0.0,0.19850862304067018,0.15527541750394236,OKC,OKC,True
401811019,2026-04-08,PHX,DAL,112.0,107.0,1.0,0.7677287166611801,0.8107327947715367,PHX,PHX,True
401811020,2026-04-09,TOR,MIA,128.0,114.0,1.0,0.7211165255638168,0.7616055931732493,TOR,TOR,True
401811021,2026-04-09,WAS,CHI,108.0,119.0,0.0,0.37719268852955046,0.3484767523194079,CHI,CHI,True
401811022,2026-04-09,BKN,IND,94.0,123.0,0.0,0.5155975635719734,0.5252971094106164,BKN,IND,False
401811023,2026-04-09,NYK,BOS,112.0,106.0,1.0,0.5223965068475522,0.5334020621185052,NYK,NYK,True
401811024,2026-04-09,HOU,PHI,113.0,102.0,1.0,0.8176798250724764,0.860483241527447,HOU,HOU,True
401811025,2026-04-09,GSW,LAL,103.0,119.0,0.0,0.32851035289004604,0.2930316709692301,LAL,LAL,True
401811026,2026-04-10,CHA,DET,100.0,118.0,0.0,0.4579763684448147,0.4432484768632964,DET,DET,True
401811027,2026-04-10,WAS,MIA,117.0,140.0,0.0,0.1757950883685026,0.1332715099397579,MIA,MIA,True
401811028,2026-04-10,ATL,CLE,124.0,102.0,1.0,0.6117636270152307,0.6387400381905783,ATL,ATL,True
401811029,2026-04-10,BOS,NOP,144.0,118.0,1.0,0.8645962069424763,0.9038989619715718,BOS,BOS,True
401811030,2026-04-10,IND,PHI,94.0,105.0,0.0,0.283191263601963,0.2430489788817004,PHI,PHI,True
401811031,2026-04-10,NYK,TOR,112.0,95.0,1.0,0.7119105643537011,0.7516368869003842,NYK,NYK,True
401811032,2026-04-10,CHI,ORL,103.0,127.0,0.0,0.31761113062760865,0.2808517262099751,ORL,ORL,True
401811033,2026-04-10,HOU,MIN,132.0,136.0,0.0,0.6454582116675387,0.6775177530332409,HOU,MIN,False
401811034,2026-04-10,MIL,BKN,125.0,108.0,1.0,0.6519009599104576,0.6848514008415261,MIL,MIL,True
401811035,2026-04-10,SAS,DAL,139.0,120.0,1.0,0.9117678757779685,0.9435536211992923,SAS,SAS,True
401811036,2026-04-10,UTA,MEM,147.0,101.0,1.0,0.4554040375458274,0.4401946794728099,MEM,UTA,False
401811037,2026-04-10,DEN,OKC,127.0,107.0,1.0,0.33085075032053496,0.29565919512414107,OKC,DEN,False
401811038,2026-04-10,POR,LAC,116.0,97.0,1.0,0.5999671052940412,0.6250145060886492,POR,POR,True
401811039,2026-04-10,SAC,GSW,124.0,118.0,1.0,0.4368237613396631,0.4181914189922994,GSW,SAC,False
401811040,2026-04-10,LAL,PHX,101.0,73.0,1.0,0.6245297424930008,0.6535108346271411,LAL,LAL,True
401859965,2026-06-08,NYK,SAS,111.0,115.0,0.0,0.6081592817930594,0.6355316954324551,NYK,SAS,False
401859966,2026-06-10,NYK,SAS,107.0,106.0,1.0,0.5911289842655306,0.6152394433613855,NYK,NYK,True
401859967,2026-06-13,SAS,NYK,90.0,94.0,0.0,0.543067489744284,0.5572812786294224,SAS,NYK,False
