game_id,game_date,home_team,away_team,home_score,away_score,home_win,home_win_prob_model,home_win_prob_model_calibrated,model_pick,actual_winner,correct
2024020194,2024-11-05,BUF,OTT,5.0,1.0,1.0,0.5429079190518226,0.5429079190518226,BUF,BUF,True
2024020195,2024-11-05,TOR,BOS,4.0,0.0,1.0,0.5377932579510206,0.5377932579510206,TOR,TOR,True
2024020196,2024-11-05,MTL,CGY,2.0,3.0,0.0,0.550980888574279,0.550980888574279,MTL,CGY,False
2024020197,2024-11-05,CAR,PHI,6.0,4.0,1.0,0.5814004323713804,0.5814004323713804,CAR,CAR,True
2024020198,2024-11-05,NYI,PIT,4.0,3.0,1.0,0.5196228334102685,0.5196228334102685,NYI,NYI,True
2024020199,2024-11-05,STL,TBL,3.0,2.0,1.0,0.5380312739650566,0.5380312739650566,STL,STL,True
2024020200,2024-11-05,MIN,LAK,1.0,5.0,0.0,0.5478185532134174,0.5478185532134174,MIN,LAK,False
2024020201,2024-11-05,WPG,UTA,3.0,0.0,1.0,0.5651506092028762,0.5651506092028762,WPG,WPG,True
2024020202,2024-11-05,COL,SEA,6.0,3.0,1.0,0.5594647320447366,0.5594647320447366,COL,COL,True
2024020203,2024-11-05,ANA,VAN,1.0,5.0,0.0,0.520032034856072,0.520032034856072,ANA,VAN,False
2024020204,2024-11-05,SJS,CBJ,2.0,1.0,1.0,0.552854086495291,0.552854086495291,SJS,SJS,True
2024020205,2024-11-06,WSH,NSH,3.0,2.0,1.0,0.5475648386584493,0.5475648386584493,WSH,WSH,True
2024020206,2024-11-06,CHI,DET,1.0,4.0,0.0,0.5551899083431779,0.5551899083431779,CHI,DET,False
2024020207,2024-11-06,EDM,VGK,2.0,4.0,0.0,0.5457432619617446,0.5457432619617446,EDM,VGK,False
2024020208,2024-11-07,BOS,CGY,4.0,3.0,1.0,0.5480441594516776,0.5480441594516776,BOS,BOS,True
2024020209,2024-11-07,OTT,NYI,2.0,4.0,0.0,0.5606741826026055,0.5606741826026055,OTT,NYI,False
2024020210,2024-11-07,TBL,PHI,1.0,2.0,0.0,0.5526359229296289,0.5526359229296289,TBL,PHI,False
2024020211,2024-11-07,FLA,NSH,6.0,2.0,1.0,0.5535343293873818,0.5535343293873818,FLA,FLA,True
2024020212,2024-11-07,NJD,MTL,5.0,3.0,1.0,0.5534805065014462,0.5534805065014462,NJD,NJD,True
2024020213,2024-11-07,NYR,BUF,1.0,6.0,0.0,0.5670533516443014,0.5670533516443014,NYR,BUF,False
2024020214,2024-11-07,CAR,PIT,5.0,1.0,1.0,0.5615840412786396,0.5615840412786396,CAR,CAR,True
2024020215,2024-11-07,STL,UTA,2.0,4.0,0.0,0.5325441563397155,0.5325441563397155,STL,UTA,False
2024020216,2024-11-07,DAL,CHI,3.0,1.0,1.0,0.5705589131205239,0.5705589131205239,DAL,DAL,True
2024020217,2024-11-07,WPG,COL,1.0,0.0,1.0,0.542770755167581,0.542770755167581,WPG,WPG,True
2024020218,2024-11-07,LAK,VAN,2.0,4.0,0.0,0.5549631808181565,0.5549631808181565,LAK,VAN,False
2024020219,2024-11-07,SJS,MIN,2.0,5.0,0.0,0.5260562767489176,0.5260562767489176,SJS,MIN,False
2024020220,2024-11-08,TOR,DET,3.0,1.0,1.0,0.5567037883913,0.5567037883913,TOR,TOR,True
2024020221,2024-11-08,WSH,PIT,2.0,4.0,0.0,0.5419020853517659,0.5419020853517659,WSH,PIT,False
2024020222,2024-11-08,ANA,MIN,2.0,5.0,0.0,0.5149239518229314,0.5149239518229314,ANA,MIN,False
2024020223,2024-11-08,SEA,VGK,4.0,3.0,1.0,0.5339294709246095,0.5339294709246095,SEA,SEA,True
2024020224,2024-11-09,BUF,CGY,3.0,2.0,1.0,0.541365252134795,0.541365252134795,BUF,BUF,True
2024020225,2024-11-09,FLA,PHI,4.0,3.0,1.0,0.5672076261535648,0.5672076261535648,FLA,FLA,True
2024020226,2024-11-09,BOS,OTT,2.0,3.0,0.0,0.541962807038606,0.541962807038606,BOS,OTT,False
2024020227,2024-11-09,TOR,MTL,4.0,1.0,1.0,0.5629281713977031,0.5629281713977031,TOR,TOR,True
2024020228,2024-11-09,DET,NYR,0.0,4.0,0.0,0.5373089292447814,0.5373089292447814,DET,NYR,False
2024020229,2024-11-09,STL,WSH,1.0,8.0,0.0,0.5357884949086105,0.5357884949086105,STL,WSH,False
2024020230,2024-11-09,WPG,DAL,4.0,1.0,1.0,0.5372231745428484,0.5372231745428484,WPG,WPG,True
2024020231,2024-11-09,NYI,NJD,3.0,4.0,0.0,0.5094065057285088,0.5094065057285088,NYI,NJD,False
2024020232,2024-11-09,NSH,UTA,4.0,0.0,1.0,0.5465856858479399,0.5465856858479399,NSH,NSH,True
2024020233,2024-11-09,COL,CAR,6.0,4.0,1.0,0.5075408976045817,0.5075408976045817,COL,COL,True
2024020234,2024-11-09,LAK,CBJ,5.0,2.0,1.0,0.5638198775471437,0.5638198775471437,LAK,LAK,True
2024020235,2024-11-09,VAN,EDM,3.0,7.0,0.0,0.5323469750127751,0.5323469750127751,VAN,EDM,False
2024020236,2024-11-10,NJD,SJS,0.0,1.0,0.0,0.5742061211908006,0.5742061211908006,NJD,SJS,False
2024020237,2024-11-10,CHI,MIN,2.0,1.0,1.0,0.5257503487124222,0.5257503487124222,CHI,CHI,True
2024020238,2024-11-10,ANA,CBJ,4.0,2.0,1.0,0.5352580914578525,0.5352580914578525,ANA,ANA,True
2024020239,2024-11-11,BUF,MTL,5.0,7.0,0.0,0.5392383581809007,0.5392383581809007,BUF,MTL,False
2024020240,2024-11-11,PHI,SJS,4.0,3.0,1.0,0.5478362522532301,0.5478362522532301,PHI,PHI,True
2024020241,2024-11-11,PIT,DAL,1.0,7.0,0.0,0.5236847247113728,0.5236847247113728,PIT,DAL,False
2024020242,2024-11-11,CGY,LAK,3.0,1.0,1.0,0.542362067547798,0.542362067547798,CGY,CGY,True
2024020243,2024-11-11,COL,NSH,3.0,2.0,1.0,0.5301935517207123,0.5301935517207123,COL,COL,True
2024020244,2024-11-11,VGK,CAR,2.0,5.0,0.0,0.5056468955883106,0.5056468955883106,VGK,CAR,False
2024020245,2024-11-12,TOR,OTT,0.0,3.0,0.0,0.6581670045852661,0.6581670045852661,TOR,OTT,False
2024020246,2024-11-12,FLA,NJD,1.0,4.0,0.0,0.6241334676742554,0.6241334676742554,FLA,NJD,False
2024020247,2024-11-12,NYR,WPG,3.0,6.0,0.0,0.5692291855812073,0.5692291855812073,NYR,WPG,False
2024020248,2024-11-12,STL,BOS,2.0,3.0,0.0,0.46466097235679626,0.46466097235679626,BOS,BOS,True
2024020249,2024-11-12,EDM,NYI,4.0,3.0,1.0,0.6302869915962219,0.6302869915962219,EDM,EDM,True
2024020250,2024-11-12,VAN,CGY,3.0,1.0,1.0,0.47864794731140137,0.47864794731140137,CGY,VAN,False
2024020251,2024-11-12,SEA,CBJ,5.0,2.0,1.0,0.5220181941986084,0.5220181941986084,SEA,SEA,True
2024020252,2024-11-13,PIT,DET,2.0,3.0,0.0,0.5129801630973816,0.5129801630973816,PIT,DET,False
2024020253,2024-11-13,WSH,TOR,3.0,4.0,0.0,0.6372190713882447,0.6372190713882447,WSH,TOR,False
2024020254,2024-11-13,UTA,CAR,4.0,1.0,1.0,0.47055643796920776,0.47055643796920776,CAR,UTA,False
2024020255,2024-11-13,COL,LAK,4.0,2.0,1.0,0.5863574743270874,0.5863574743270874,COL,COL,True
2024020256,2024-11-13,ANA,VGK,2.0,3.0,0.0,0.46109908819198603,0.46109908819198603,VGK,VGK,True
2024020257,2024-11-14,BUF,STL,4.0,3.0,1.0,0.6500359773635863,0.6500359773635863,BUF,BUF,True
2024020258,2024-11-14,OTT,PHI,4.0,5.0,0.0,0.4929564297199249,0.4929564297199249,PHI,PHI,True
2024020259,2024-11-14,TBL,WPG,4.0,1.0,1.0,0.6507672071456909,0.6507672071456909,TBL,TBL,True
2024020260,2024-11-14,FLA,NJD,2.0,6.0,0.0,0.5610862374305725,0.5610862374305725,FLA,NJD,False
2024020261,2024-11-14,NYR,SJS,3.0,2.0,1.0,0.6883456110954285,0.6883456110954285,NYR,NYR,True
2024020262,2024-11-14,DAL,BOS,7.0,2.0,1.0,0.6721928119659424,0.6721928119659424,DAL,DAL,True
2024020263,2024-11-14,MIN,MTL,3.0,0.0,1.0,0.6208446025848389,0.6208446025848389,MIN,MIN,True
2024020264,2024-11-14,EDM,NSH,3.0,2.0,1.0,0.49896788597106934,0.49896788597106934,NSH,EDM,False
2024020265,2024-11-14,VAN,NYI,2.0,5.0,0.0,0.6317309141159057,0.6317309141159057,VAN,NYI,False
2024020266,2024-11-14,SEA,CHI,3.0,1.0,1.0,0.5371796488761902,0.5371796488761902,SEA,SEA,True
2024020267,2024-11-15,CBJ,PIT,6.0,2.0,1.0,0.48988199234008784,0.48988199234008784,PIT,CBJ,False
2024020268,2024-11-15,COL,WSH,2.0,5.0,0.0,0.5629642605781555,0.5629642605781555,COL,WSH,False
2024020269,2024-11-15,CGY,NSH,2.0,0.0,1.0,0.46696287393569946,0.46696287393569946,NSH,CGY,False
2024020270,2024-11-15,UTA,VGK,2.0,4.0,0.0,0.47882348299026495,0.47882348299026495,VGK,VGK,True
2024020271,2024-11-15,ANA,DET,6.0,4.0,1.0,0.49743485450744623,0.49743485450744623,DET,ANA,False
2024020272,2024-11-16,BOS,STL,2.0,3.0,0.0,0.5969680547714233,0.5969680547714233,BOS,STL,False
2024020273,2024-11-16,SEA,NYI,3.0,2.0,1.0,0.534778356552124,0.534778356552124,SEA,SEA,True
2024020274,2024-11-16,TOR,EDM,4.0,3.0,1.0,0.5138165950775146,0.5138165950775146,TOR,TOR,True
2024020275,2024-11-16,MTL,CBJ,5.0,1.0,1.0,0.5499542355537415,0.5499542355537415,MTL,MTL,True
2024020276,2024-11-16,TBL,NJD,4.0,0.0,1.0,0.5531304478645325,0.5531304478645325,TBL,TBL,True
2024020277,2024-11-16,FLA,WPG,5.0,0.0,1.0,0.5895180106163025,0.5895180106163025,FLA,FLA,True
2024020278,2024-11-16,PHI,BUF,5.0,2.0,1.0,0.4797118008136749,0.4797118008136749,BUF,PHI,False
2024020279,2024-11-16,PIT,SJS,4.0,3.0,1.0,0.7146301865577699,0.7146301865577699,PIT,PIT,True
2024020280,2024-11-16,CAR,OTT,4.0,0.0,1.0,0.6407729387283325,0.6407729387283325,CAR,CAR,True
2024020281,2024-11-16,MIN,DAL,1.0,2.0,0.0,0.47741600871086115,0.47741600871086115,DAL,DAL,True
2024020282,2024-11-16,LAK,DET,4.0,1.0,1.0,0.500063419342041,0.500063419342041,LAK,LAK,True
2024020283,2024-11-16,VAN,CHI,4.0,1.0,1.0,0.6151997447013855,0.6151997447013855,VAN,VAN,True
2024020284,2024-11-17,CAR,STL,4.0,1.0,1.0,0.7871559262275696,0.7871559262275696,CAR,CAR,True
2024020285,2024-11-17,VAN,NSH,3.0,5.0,0.0,0.4777964949607849,0.4777964949607849,NSH,NSH,True
2024020286,2024-11-17,VGK,WSH,2.0,5.0,0.0,0.5263656377792358,0.5263656377792358,VGK,WSH,False
2024020287,2024-11-17,SEA,NYR,0.0,2.0,0.0,0.4047938585281372,0.4047938585281372,NYR,NYR,True
2024020288,2024-11-18,BOS,CBJ,1.0,5.0,0.0,0.45301219820976263,0.45301219820976263,CBJ,CBJ,True
2024020289,2024-11-18,PHI,COL,2.0,3.0,0.0,0.44997256994247437,0.44997256994247437,COL,COL,True
2024020290,2024-11-18,MTL,EDM,3.0,0.0,1.0,0.47182744741439825,0.47182744741439825,EDM,MTL,False
2024020291,2024-11-18,DAL,ANA,2.0,4.0,0.0,0.7829574346542358,0.7829574346542358,DAL,ANA,False
2024020292,2024-11-18,UTA,WSH,2.0,6.0,0.0,0.5436764955520631,0.5436764955520631,UTA,WSH,False
2024020293,2024-11-18,SJS,DET,5.0,4.0,1.0,0.5070337653160095,0.5070337653160095,SJS,SJS,True
2024020294,2024-11-19,OTT,EDM,2.0,5.0,0.0,0.48570910730685696,0.48570910730685696,EDM,EDM,True
2024020295,2024-11-19,PIT,TBL,2.0,3.0,0.0,0.6187469826484375,0.6187469826484375,PIT,TBL,False
2024020296,2024-11-19,STL,MIN,2.0,4.0,0.0,0.48177811549766747,0.48177811549766747,MIN,MIN,True
2024020297,2024-11-19,WPG,FLA,6.0,3.0,1.0,0.5025564965818605,0.5025564965818605,WPG,WPG,True
2024020298,2024-11-19,CHI,ANA,2.0,3.0,0.0,0.49396222816568014,0.49396222816568014,ANA,ANA,True
2024020299,2024-11-19,CGY,NYI,2.0,1.0,1.0,0.5372694956789092,0.5372694956789092,CGY,CGY,True
2024020300,2024-11-19,VAN,NYR,3.0,4.0,0.0,0.503988192707372,0.503988192707372,VAN,NYR,False
2024020301,2024-11-20,TOR,VGK,3.0,0.0,1.0,0.6213042080823822,0.6213042080823822,TOR,TOR,True
2024020302,2024-11-20,PHI,CAR,1.0,4.0,0.0,0.4057650358036989,0.4057650358036989,CAR,CAR,True
2024020303,2024-11-20,DAL,SJS,5.0,2.0,1.0,0.6481876973129591,0.6481876973129591,DAL,DAL,True
2024020304,2024-11-20,SEA,NSH,3.0,0.0,1.0,0.5117795783865061,0.5117795783865061,SEA,SEA,True
2024020305,2024-11-20,LAK,BUF,0.0,1.0,0.0,0.6479419198635005,0.6479419198635005,LAK,BUF,False
2024020306,2024-11-21,BOS,UTA,1.0,0.0,1.0,0.4494394560983097,0.4494394560983097,UTA,BOS,False
2024020307,2024-11-21,OTT,VGK,2.0,3.0,0.0,0.4709675736732108,0.4709675736732108,VGK,VGK,True
2024020308,2024-11-21,DET,NYI,2.0,1.0,1.0,0.6094305864740507,0.6094305864740507,DET,DET,True
2024020309,2024-11-21,NJD,CAR,4.0,2.0,1.0,0.4563905301825963,0.4563905301825963,CAR,NJD,False
2024020310,2024-11-21,WSH,COL,1.0,2.0,0.0,0.6084193110274659,0.6084193110274659,WSH,COL,False
2024020311,2024-11-21,CBJ,TBL,7.0,6.0,1.0,0.49846068369059016,0.49846068369059016,TBL,CBJ,False
2024020312,2024-11-21,STL,SJS,3.0,2.0,1.0,0.5701155235712633,0.5701155235712633,STL,STL,True
2024020313,2024-11-21,CHI,FLA,3.0,1.0,1.0,0.4082538378094565,0.4082538378094565,FLA,CHI,False
2024020314,2024-11-21,CGY,NYR,3.0,2.0,1.0,0.47090141282239756,0.47090141282239756,NYR,CGY,False
2024020315,2024-11-21,EDM,MIN,3.0,5.0,0.0,0.6012671523829817,0.6012671523829817,EDM,MIN,False
2024020316,2024-11-22,PIT,WPG,1.0,4.0,0.0,0.6064887154356926,0.6064887154356926,PIT,WPG,False
2024020317,2024-11-22,ANA,BUF,2.0,3.0,0.0,0.50427476585329,0.50427476585329,ANA,BUF,False
2024020318,2024-11-23,PHI,CHI,3.0,2.0,1.0,0.6369204144787005,0.6369204144787005,PHI,PHI,True
2024020319,2024-11-23,CGY,MIN,4.0,3.0,1.0,0.5933901513746477,0.5933901513746477,CGY,CGY,True
2024020320,2024-11-23,LAK,SEA,2.0,1.0,1.0,0.5966759689239035,0.5966759689239035,LAK,LAK,True
2024020321,2024-11-23,FLA,COL,4.0,7.0,0.0,0.6178067053338014,0.6178067053338014,FLA,COL,False
2024020322,2024-11-23,MTL,VGK,2.0,6.0,0.0,0.5143760774961548,0.5143760774961548,MTL,VGK,False
2024020323,2024-11-23,OTT,VAN,3.0,4.0,0.0,0.47581520325160853,0.47581520325160853,VAN,VAN,True
2024020324,2024-11-23,DET,BOS,1.0,2.0,0.0,0.5400444876785383,0.5400444876785383,DET,BOS,False
2024020325,2024-11-23,TBL,DAL,2.0,4.0,0.0,0.5099432651981525,0.5099432651981525,TBL,DAL,False
2024020326,2024-11-23,PIT,UTA,1.0,6.0,0.0,0.6142929175074272,0.6142929175074272,PIT,UTA,False
2024020327,2024-11-23,WSH,NJD,2.0,3.0,0.0,0.45200325144533143,0.45200325144533143,NJD,NJD,True
2024020328,2024-11-23,CBJ,CAR,5.0,4.0,1.0,0.4050394078239712,0.4050394078239712,CAR,CBJ,False
2024020329,2024-11-23,NSH,WPG,4.0,1.0,1.0,0.5772606301224802,0.5772606301224802,NSH,NSH,True
2024020330,2024-11-23,NYI,STL,3.0,1.0,1.0,0.48391931996941057,0.48391931996941057,STL,NYI,False
2024020331,2024-11-23,SJS,BUF,2.0,4.0,0.0,0.5161714877048836,0.5161714877048836,SJS,BUF,False
2024020332,2024-11-23,EDM,NYR,6.0,2.0,1.0,0.5336330648907012,0.5336330648907012,EDM,EDM,True
2024020333,2024-11-24,TOR,UTA,3.0,2.0,1.0,0.6422133542709962,0.6422133542709962,TOR,TOR,True
2024020334,2024-11-25,TBL,COL,8.0,2.0,1.0,0.6315695553258304,0.6315695553258304,TBL,TBL,True
2024020335,2024-11-25,FLA,WSH,1.0,4.0,0.0,0.5773409052647013,0.5773409052647013,FLA,WSH,False
2024020336,2024-11-25,NJD,NSH,5.0,2.0,1.0,0.5788394637956107,0.5788394637956107,NJD,NJD,True
2024020337,2024-11-25,NYR,STL,2.0,5.0,0.0,0.5935234335982611,0.5935234335982611,NYR,STL,False
2024020338,2024-11-25,PHI,VGK,4.0,5.0,0.0,0.5259613538391505,0.5259613538391505,PHI,VGK,False
2024020339,2024-11-25,CAR,DAL,6.0,4.0,1.0,0.5441851978933675,0.5441851978933675,CAR,CAR,True
2024020340,2024-11-25,OTT,CGY,4.0,3.0,1.0,0.5343101951403106,0.5343101951403106,OTT,OTT,True
2024020341,2024-11-25,NYI,DET,2.0,4.0,0.0,0.6031784618544089,0.6031784618544089,NYI,DET,False
2024020342,2024-11-25,MIN,WPG,1.0,4.0,0.0,0.5277407154736885,0.5277407154736885,MIN,WPG,False
2024020343,2024-11-25,ANA,SEA,2.0,3.0,0.0,0.5391348395129486,0.5391348395129486,ANA,SEA,False
2024020344,2024-11-25,SJS,LAK,7.0,2.0,1.0,0.5144812552285308,0.5144812552285308,SJS,SJS,True
2024020345,2024-11-26,BOS,VAN,0.0,2.0,0.0,0.4069482285828565,0.4069482285828565,VAN,VAN,True
2024020346,2024-11-26,MTL,UTA,2.0,3.0,0.0,0.4669991954034301,0.4669991954034301,UTA,UTA,True
2024020347,2024-11-27,BUF,MIN,0.0,1.0,0.0,0.4557458836337122,0.4557458836337122,MIN,MIN,True
2024020348,2024-11-27,NJD,STL,0.0,3.0,0.0,0.5991782609196898,0.5991782609196898,NJD,STL,False
2024020349,2024-11-27,CAR,NYR,4.0,3.0,1.0,0.5699577182180212,0.5699577182180212,CAR,CAR,True
2024020350,2024-11-27,DET,CGY,2.0,1.0,1.0,0.5387307016281794,0.5387307016281794,DET,DET,True
2024020351,2024-11-27,TBL,WSH,4.0,5.0,0.0,0.59119325065317,0.59119325065317,TBL,WSH,False
2024020352,2024-11-27,FLA,TOR,5.0,1.0,1.0,0.6165056746404468,0.6165056746404468,FLA,FLA,True
2024020353,2024-11-27,NYI,BOS,3.0,6.0,0.0,0.4898356108882548,0.4898356108882548,BOS,BOS,True
2024020354,2024-11-27,PIT,VAN,5.0,4.0,1.0,0.5203616211527053,0.5203616211527053,PIT,PIT,True
2024020355,2024-11-27,CBJ,MTL,3.0,4.0,0.0,0.5485974846585827,0.5485974846585827,CBJ,MTL,False
2024020356,2024-11-27,NSH,PHI,2.0,3.0,0.0,0.5671276652105703,0.5671276652105703,NSH,PHI,False
2024020357,2024-11-27,CHI,DAL,6.0,2.0,1.0,0.5080538313496522,0.5080538313496522,CHI,CHI,True
2024020358,2024-11-27,COL,VGK,2.0,1.0,1.0,0.46852529231685014,0.46852529231685014,VGK,COL,False
2024020359,2024-11-27,LAK,WPG,4.0,1.0,1.0,0.5328773110947711,0.5328773110947711,LAK,LAK,True
2024020360,2024-11-27,SEA,ANA,2.0,5.0,0.0,0.4734077642621401,0.4734077642621401,ANA,ANA,True
2024020361,2024-11-27,SJS,OTT,3.0,4.0,0.0,0.4911564329852754,0.4911564329852754,OTT,OTT,True
2024020362,2024-11-29,PHI,NYR,3.0,1.0,1.0,0.47167240337986877,0.47167240337986877,NYR,PHI,False
2024020363,2024-11-29,MIN,CHI,3.0,2.0,1.0,0.6741481144829162,0.6741481144829162,MIN,MIN,True
2024020364,2024-11-29,BUF,VAN,3.0,4.0,0.0,0.46809840072881514,0.46809840072881514,VAN,VAN,True
2024020365,2024-11-29,DET,NJD,4.0,5.0,0.0,0.46206462786867825,0.46206462786867825,NJD,NJD,True
2024020366,2024-11-29,WSH,NYI,5.0,4.0,1.0,0.6157328592415784,0.6157328592415784,WSH,WSH,True
2024020367,2024-11-29,CAR,FLA,3.0,6.0,0.0,0.5795130547357816,0.5795130547357816,CAR,FLA,False
2024020368,2024-11-29,CBJ,CGY,5.0,2.0,1.0,0.557709829689655,0.557709829689655,CBJ,CBJ,True
2024020369,2024-11-29,NSH,TBL,2.0,3.0,0.0,0.5717139848043847,0.5717139848043847,NSH,TBL,False
2024020370,2024-11-29,ANA,LAK,1.0,2.0,0.0,0.4270283826707598,0.4270283826707598,LAK,LAK,True
2024020371,2024-11-29,SJS,SEA,8.0,5.0,1.0,0.5078128273624609,0.5078128273624609,SJS,SJS,True
2024020372,2024-11-29,BOS,PIT,1.0,2.0,0.0,0.49636495858002216,0.49636495858002216,PIT,PIT,True
2024020373,2024-11-29,DAL,COL,5.0,3.0,1.0,0.4987984061372973,0.4987984061372973,COL,DAL,False
2024020374,2024-11-29,VGK,WPG,4.0,3.0,1.0,0.5621776015887173,0.5621776015887173,VGK,VGK,True
2024020375,2024-11-29,UTA,EDM,3.0,4.0,0.0,0.5300400617045485,0.5300400617045485,UTA,EDM,False
2024020376,2024-11-30,NYR,MTL,4.0,3.0,1.0,0.5582489918916712,0.5582489918916712,NYR,NYR,True
2024020377,2024-11-30,FLA,CAR,6.0,0.0,1.0,0.44813995405060997,0.44813995405060997,CAR,FLA,False
2024020378,2024-11-30,TBL,TOR,3.0,5.0,0.0,0.5504114335509499,0.5504114335509499,TBL,TOR,False
2024020379,2024-11-30,NJD,WSH,5.0,6.0,0.0,0.45832017976768136,0.45832017976768136,WSH,WSH,True
2024020380,2024-11-30,PIT,CGY,6.0,2.0,1.0,0.5569006207691576,0.5569006207691576,PIT,PIT,True
2024020381,2024-11-30,STL,PHI,2.0,3.0,0.0,0.4687042061678397,0.4687042061678397,PHI,PHI,True
2024020382,2024-11-30,LAK,OTT,5.0,2.0,1.0,0.6179442896352456,0.6179442896352456,LAK,LAK,True
2024020383,2024-11-30,NYI,BUF,3.0,0.0,1.0,0.550510034708588,0.550510034708588,NYI,NYI,True
2024020384,2024-11-30,MIN,NSH,3.0,2.0,1.0,0.5069702930927893,0.5069702930927893,MIN,MIN,True
2024020385,2024-11-30,COL,EDM,1.0,4.0,0.0,0.5703981558152496,0.5703981558152496,COL,EDM,False
2024020386,2024-11-30,VGK,UTA,0.0,6.0,0.0,0.43206832469669715,0.43206832469669715,UTA,UTA,True
2024020387,2024-11-30,SEA,SJS,2.0,4.0,0.0,0.49251210748010765,0.49251210748010765,SJS,SJS,True
2024020388,2024-12-01,DET,VAN,4.0,5.0,0.0,0.5601655727127091,0.5601655727127091,DET,VAN,False
2024020389,2024-12-01,BOS,MTL,6.0,3.0,1.0,0.5334179321788519,0.5334179321788519,BOS,BOS,True
2024020390,2024-12-01,CHI,CBJ,3.0,6.0,0.0,0.532671021055277,0.532671021055277,CHI,CBJ,False
2024020391,2024-12-01,DAL,WPG,3.0,1.0,1.0,0.5558654993179013,0.5558654993179013,DAL,DAL,True
2024020392,2024-12-01,ANA,OTT,4.0,3.0,1.0,0.5284186416206463,0.5284186416206463,ANA,ANA,True
2024020393,2024-12-02,NYR,NJD,1.0,5.0,0.0,0.4899645691143143,0.4899645691143143,NJD,NJD,True
2024020394,2024-12-02,TOR,CHI,4.0,1.0,1.0,0.6518424120678143,0.6518424120678143,TOR,TOR,True
2024020395,2024-12-02,UTA,DAL,1.0,2.0,0.0,0.5522768217948439,0.5522768217948439,UTA,DAL,False
2024020396,2024-12-03,BOS,DET,3.0,2.0,1.0,0.544321798476415,0.544321798476415,BOS,BOS,True
2024020397,2024-12-03,BUF,COL,4.0,5.0,0.0,0.4639221765493832,0.4639221765493832,COL,COL,True
2024020398,2024-12-03,MTL,NYI,2.0,1.0,1.0,0.5536454844366873,0.5536454844366873,MTL,MTL,True
2024020399,2024-12-03,PIT,FLA,5.0,4.0,1.0,0.4606369173050629,0.4606369173050629,FLA,PIT,False
2024020400,2024-12-03,WSH,SJS,1.0,2.0,0.0,0.5786207901007686,0.5786207901007686,WSH,SJS,False
2024020401,2024-12-03,CAR,SEA,2.0,4.0,0.0,0.5894940892274048,0.5894940892274048,CAR,SEA,False
2024020402,2024-12-03,MIN,VAN,3.0,2.0,1.0,0.5463239206302128,0.5463239206302128,MIN,MIN,True
2024020403,2024-12-03,WPG,STL,1.0,4.0,0.0,0.5668639157638484,0.5668639157638484,WPG,STL,False
2024020404,2024-12-03,CGY,CBJ,3.0,0.0,1.0,0.5714531693220585,0.5714531693220585,CGY,CGY,True
2024020405,2024-12-03,VGK,EDM,1.0,0.0,1.0,0.63178358093917,0.63178358093917,VGK,VGK,True
2024020406,2024-12-04,TOR,NSH,3.0,2.0,1.0,0.628057799191928,0.628057799191928,TOR,TOR,True
2024020407,2024-12-04,CHI,BOS,2.0,4.0,0.0,0.454176867809969,0.454176867809969,BOS,BOS,True
2024020408,2024-12-04,ANA,VGK,1.0,4.0,0.0,0.4481139178747638,0.4481139178747638,VGK,VGK,True
2024020409,2024-12-04,LAK,DAL,3.0,2.0,1.0,0.5093457231070625,0.5093457231070625,LAK,LAK,True
2024020410,2024-12-05,BUF,WPG,2.0,3.0,0.0,0.5408213772297369,0.5408213772297369,BUF,WPG,False
2024020411,2024-12-05,MTL,NSH,3.0,0.0,1.0,0.48581905136450587,0.48581905136450587,NSH,MTL,False
2024020412,2024-12-05,OTT,DET,2.0,1.0,1.0,0.609728984615491,0.609728984615491,OTT,OTT,True
2024020413,2024-12-05,TBL,SJS,8.0,1.0,1.0,0.5487985106135499,0.5487985106135499,TBL,TBL,True
2024020414,2024-12-05,PHI,FLA,5.0,7.0,0.0,0.41467765539429213,0.41467765539429213,FLA,FLA,True
2024020415,2024-12-05,CAR,COL,5.0,3.0,1.0,0.502952556686362,0.502952556686362,CAR,CAR,True
2024020416,2024-12-05,NYI,SEA,2.0,5.0,0.0,0.4519596004868885,0.4519596004868885,SEA,SEA,True
2024020417,2024-12-05,CGY,STL,3.0,4.0,0.0,0.56684615750748,0.56684615750748,CGY,STL,False
2024020418,2024-12-05,EDM,CBJ,6.0,3.0,1.0,0.5823529514849216,0.5823529514849216,EDM,EDM,True
2024020419,2024-12-06,TOR,WSH,1.0,3.0,0.0,0.4607366811006091,0.4607366811006091,WSH,WSH,True
2024020420,2024-12-06,NJD,SEA,3.0,2.0,1.0,0.4616365609401412,0.4616365609401412,SEA,NJD,False
2024020421,2024-12-06,NYR,PIT,4.0,2.0,1.0,0.6411970004548498,0.6411970004548498,NYR,NYR,True
2024020422,2024-12-06,VAN,CBJ,5.0,2.0,1.0,0.5260560626274426,0.5260560626274426,VAN,VAN,True
2024020423,2024-12-06,VGK,DAL,3.0,2.0,1.0,0.44689908181475313,0.44689908181475313,DAL,VGK,False
2024020424,2024-12-06,ANA,MIN,1.0,5.0,0.0,0.45825138482411226,0.45825138482411226,MIN,MIN,True
2024020425,2024-12-07,BOS,PHI,4.0,3.0,1.0,0.3653260073843393,0.3653260073843393,PHI,BOS,False
2024020426,2024-12-07,BUF,UTA,2.0,5.0,0.0,0.3778914081001565,0.3778914081001565,UTA,UTA,True
2024020427,2024-12-07,CHI,WPG,2.0,4.0,0.0,0.49444566005834756,0.49444566005834756,WPG,WPG,True
2024020428,2024-12-07,NYI,CAR,4.0,3.0,1.0,0.422855651668499,0.422855651668499,CAR,NYI,False
2024020429,2024-12-07,FLA,SJS,3.0,1.0,1.0,0.6083191502609193,0.6083191502609193,FLA,FLA,True
2024020430,2024-12-07,MTL,WSH,2.0,4.0,0.0,0.31574868556901525,0.31574868556901525,WSH,WSH,True
2024020431,2024-12-07,OTT,NSH,3.0,1.0,1.0,0.5201022227063314,0.5201022227063314,OTT,OTT,True
2024020432,2024-12-07,DET,COL,1.0,2.0,0.0,0.38303533247387733,0.38303533247387733,COL,COL,True
2024020433,2024-12-07,PIT,TOR,5.0,2.0,1.0,0.5753465448605845,0.5753465448605845,PIT,PIT,True
2024020434,2024-12-07,LAK,MIN,4.0,1.0,1.0,0.590971425007193,0.590971425007193,LAK,LAK,True
2024020435,2024-12-07,EDM,STL,4.0,2.0,1.0,0.5954768714643713,0.5954768714643713,EDM,EDM,True
2024020436,2024-12-08,NYR,SEA,5.0,7.0,0.0,0.5389663634778209,0.5389663634778209,NYR,SEA,False
2024020437,2024-12-08,VAN,TBL,2.0,4.0,0.0,0.47989505044237285,0.47989505044237285,TBL,TBL,True
2024020438,2024-12-08,OTT,NYI,2.0,4.0,0.0,0.3694461079102235,0.3694461079102235,NYI,NYI,True
2024020439,2024-12-08,WPG,CBJ,1.0,4.0,0.0,0.5062632224205663,0.5062632224205663,WPG,CBJ,False
2024020440,2024-12-08,NJD,COL,0.0,4.0,0.0,0.5458551422560268,0.5458551422560268,NJD,COL,False
2024020441,2024-12-08,PHI,UTA,2.0,4.0,0.0,0.3638716924441063,0.3638716924441063,UTA,UTA,True
2024020442,2024-12-08,DAL,CGY,6.0,2.0,1.0,0.5757561146017396,0.5757561146017396,DAL,DAL,True
2024020443,2024-12-09,BUF,DET,5.0,6.0,0.0,0.5982249200062586,0.5982249200062586,BUF,DET,False
2024020444,2024-12-09,NYR,CHI,1.0,2.0,0.0,0.7074470572550273,0.7074470572550273,NYR,CHI,False
2024020445,2024-12-09,MTL,ANA,3.0,2.0,1.0,0.4741123684973499,0.4741123684973499,ANA,MTL,False
2024020446,2024-12-10,NJD,TOR,1.0,2.0,0.0,0.5881228689249508,0.5881228689249508,NJD,TOR,False
2024020447,2024-12-10,PIT,COL,2.0,6.0,0.0,0.5296835144455573,0.5296835144455573,PIT,COL,False
2024020448,2024-12-10,CAR,SJS,3.0,2.0,1.0,0.6452384313683182,0.6452384313683182,CAR,CAR,True
2024020449,2024-12-10,CBJ,PHI,3.0,5.0,0.0,0.5114835402258925,0.5114835402258925,CBJ,PHI,False
2024020450,2024-12-10,NYI,LAK,1.0,3.0,0.0,0.4640459741258736,0.4640459741258736,LAK,LAK,True
2024020451,2024-12-10,NSH,CGY,3.0,4.0,0.0,0.569647965698775,0.569647965698775,NSH,CGY,False
2024020452,2024-12-10,WPG,BOS,8.0,1.0,1.0,0.48916127803721776,0.48916127803721776,BOS,WPG,False
2024020453,2024-12-10,EDM,TBL,2.0,1.0,1.0,0.49221403202120306,0.49221403202120306,TBL,EDM,False
2024020454,2024-12-10,UTA,MIN,4.0,5.0,0.0,0.5338197851205518,0.5338197851205518,UTA,MIN,False
2024020455,2024-12-10,VAN,STL,3.0,4.0,0.0,0.47255340761457904,0.47255340761457904,STL,STL,True
2024020456,2024-12-10,SEA,FLA,1.0,2.0,0.0,0.43537888773739897,0.43537888773739897,FLA,FLA,True
2024020457,2024-12-11,BUF,NYR,2.0,3.0,0.0,0.4019123564360828,0.4019123564360828,NYR,NYR,True
2024020458,2024-12-11,OTT,ANA,5.0,1.0,1.0,0.4384120021574797,0.4384120021574797,ANA,OTT,False
2024020459,2024-12-12,TOR,ANA,3.0,2.0,1.0,0.6385426197022044,0.6385426197022044,TOR,TOR,True
2024020460,2024-12-12,MTL,PIT,2.0,9.0,0.0,0.42497854357281317,0.42497854357281317,PIT,PIT,True
2024020461,2024-12-12,NJD,LAK,3.0,1.0,1.0,0.6303882767907164,0.6303882767907164,NJD,NJD,True
2024020462,2024-12-12,PHI,DET,4.0,1.0,1.0,0.5720269148798396,0.5720269148798396,PHI,PHI,True
2024020463,2024-12-12,CBJ,WSH,1.0,2.0,0.0,0.4029798399259064,0.4029798399259064,WSH,WSH,True
2024020464,2024-12-12,NYI,CHI,5.0,4.0,1.0,0.5999535867997328,0.5999535867997328,NYI,NYI,True
2024020465,2024-12-12,STL,SJS,3.0,4.0,0.0,0.5082343545178428,0.5082343545178428,STL,SJS,False
2024020466,2024-12-12,DAL,NSH,1.0,4.0,0.0,0.7054516780824912,0.7054516780824912,DAL,NSH,False
2024020467,2024-12-12,MIN,EDM,1.0,7.0,0.0,0.4819537063576037,0.4819537063576037,EDM,EDM,True
2024020468,2024-12-12,WPG,VGK,2.0,3.0,0.0,0.41980392564133473,0.41980392564133473,VGK,VGK,True
2024020469,2024-12-12,COL,UTA,1.0,4.0,0.0,0.3997791723009785,0.3997791723009785,UTA,UTA,True
2024020470,2024-12-12,CGY,TBL,3.0,8.0,0.0,0.557152852767545,0.557152852767545,CGY,TBL,False
2024020471,2024-12-12,VAN,FLA,4.0,0.0,1.0,0.37765666677825993,0.37765666677825993,FLA,VAN,False
2024020472,2024-12-12,SEA,BOS,5.0,1.0,1.0,0.3647310916724717,0.3647310916724717,BOS,SEA,False
2024020473,2024-12-13,CAR,OTT,0.0,3.0,0.0,0.7117293492275388,0.7117293492275388,CAR,OTT,False
2024020474,2024-12-14,NJD,CHI,4.0,1.0,1.0,0.6518430254851201,0.6518430254851201,NJD,NJD,True
2024020475,2024-12-14,NYR,LAK,1.0,5.0,0.0,0.5967598256097505,0.5967598256097505,NYR,LAK,False
2024020476,2024-12-14,MIN,PHI,4.0,1.0,1.0,0.4071355720535864,0.4071355720535864,PHI,MIN,False
2024020477,2024-12-14,EDM,VGK,6.0,3.0,1.0,0.4621027256244902,0.4621027256244902,VGK,EDM,False
2024020478,2024-12-14,OTT,PIT,3.0,2.0,1.0,0.44658898388723456,0.44658898388723456,PIT,OTT,False
2024020479,2024-12-14,DET,TOR,4.0,2.0,1.0,0.5832369898069668,0.5832369898069668,DET,DET,True
2024020480,2024-12-14,WSH,BUF,4.0,2.0,1.0,0.7440605467614788,0.7440605467614788,WSH,WSH,True
2024020481,2024-12-14,CBJ,ANA,3.0,4.0,0.0,0.5101106572438207,0.5101106572438207,CBJ,ANA,False
2024020482,2024-12-14,WPG,MTL,4.0,2.0,1.0,0.5915743154645493,0.5915743154645493,WPG,WPG,True
2024020483,2024-12-14,DAL,STL,2.0,1.0,1.0,0.57852343725768,0.57852343725768,DAL,DAL,True
2024020484,2024-12-14,COL,NSH,5.0,2.0,1.0,0.5762373357168948,0.5762373357168948,COL,COL,True
2024020485,2024-12-14,CGY,FLA,3.0,0.0,1.0,0.4460594988237101,0.4460594988237101,FLA,CGY,False
2024020486,2024-12-14,VAN,BOS,1.0,5.0,0.0,0.4656850830271793,0.4656850830271793,BOS,BOS,True
2024020487,2024-12-14,SJS,UTA,3.0,4.0,0.0,0.379374756097752,0.379374756097752,UTA,UTA,True
2024020488,2024-12-14,SEA,TBL,1.0,5.0,0.0,0.49894135044290644,0.49894135044290644,TBL,TBL,True
2024020489,2024-12-15,CHI,NYI,5.0,3.0,1.0,0.49087371568232585,0.49087371568232585,NYI,CHI,False
2024020490,2024-12-15,TOR,BUF,5.0,3.0,1.0,0.6799747188142719,0.6799747188142719,TOR,TOR,True
2024020491,2024-12-15,CAR,CBJ,4.0,1.0,1.0,0.591871862640141,0.591871862640141,CAR,CAR,True
2024020492,2024-12-15,STL,NYR,3.0,2.0,1.0,0.3399050613402296,0.3399050613402296,NYR,STL,False
2024020493,2024-12-15,MIN,VGK,2.0,3.0,0.0,0.3656164743477735,0.3656164743477735,VGK,VGK,True
2024020494,2024-12-16,DAL,WSH,3.0,1.0,1.0,0.39461492550212235,0.39461492550212235,WSH,DAL,False
2024020495,2024-12-16,EDM,FLA,5.0,6.0,0.0,0.41500585978462534,0.41500585978462534,FLA,FLA,True
2024020496,2024-12-16,VAN,COL,3.0,1.0,1.0,0.5623753988320391,0.5623753988320391,VAN,VAN,True
2024020497,2024-12-17,MTL,BUF,6.0,1.0,1.0,0.6248952204321205,0.6248952204321205,MTL,MTL,True
2024020498,2024-12-17,TBL,CBJ,5.0,3.0,1.0,0.647177918421106,0.647177918421106,TBL,TBL,True
2024020499,2024-12-17,PIT,LAK,3.0,2.0,1.0,0.5357793949755418,0.5357793949755418,PIT,PIT,True
2024020500,2024-12-17,CAR,NYI,4.0,0.0,1.0,0.6933501724886754,0.6933501724886754,CAR,CAR,True
2024020501,2024-12-17,STL,NJD,1.0,4.0,0.0,0.3583411848513278,0.3583411848513278,NJD,NJD,True
2024020502,2024-12-17,NSH,NYR,2.0,0.0,1.0,0.3841845058058188,0.3841845058058188,NYR,NSH,False
2024020503,2024-12-17,CHI,WSH,3.0,2.0,1.0,0.35473575339755026,0.35473575339755026,WSH,CHI,False
2024020504,2024-12-17,CGY,BOS,3.0,4.0,0.0,0.5666901871967608,0.5666901871967608,CGY,BOS,False
2024020505,2024-12-17,SEA,OTT,0.0,3.0,0.0,0.5309710746085679,0.5309710746085679,SEA,OTT,False
2024020506,2024-12-17,SJS,WPG,3.0,4.0,0.0,0.36532470630612973,0.36532470630612973,WPG,WPG,True
2024020507,2024-12-18,DET,PHI,6.0,4.0,1.0,0.43906503915786743,0.43906503915786743,PHI,DET,False
2024020508,2024-12-18,DAL,TOR,3.0,5.0,0.0,0.5639206171035767,0.5639206171035767,DAL,TOR,False
2024020509,2024-12-18,MIN,FLA,1.0,6.0,0.0,0.32648029923439026,0.32648029923439026,FLA,FLA,True
2024020510,2024-12-18,UTA,VAN,3.0,2.0,1.0,0.6583375334739685,0.6583375334739685,UTA,UTA,True
2024020511,2024-12-18,ANA,WPG,3.0,2.0,1.0,0.412507563829422,0.412507563829422,WPG,ANA,False
2024020512,2024-12-19,TBL,STL,3.0,1.0,1.0,0.7523332238197327,0.7523332238197327,TBL,TBL,True
2024020513,2024-12-19,PHI,LAK,3.0,7.0,0.0,0.5218695402145386,0.5218695402145386,PHI,LAK,False
2024020514,2024-12-19,CBJ,NJD,4.0,2.0,1.0,0.45409029722213745,0.45409029722213745,NJD,CBJ,False
2024020515,2024-12-19,NSH,PIT,4.0,5.0,0.0,0.477908968925476,0.477908968925476,PIT,PIT,True
2024020516,2024-12-19,CHI,SEA,3.0,1.0,1.0,0.5711900591850281,0.5711900591850281,CHI,CHI,True
2024020517,2024-12-19,CGY,OTT,2.0,3.0,0.0,0.5590736865997314,0.5590736865997314,CGY,OTT,False
2024020518,2024-12-19,EDM,BOS,3.0,2.0,1.0,0.5277836918830872,0.5277836918830872,EDM,EDM,True
2024020519,2024-12-19,VGK,VAN,3.0,1.0,1.0,0.6915211081504822,0.6915211081504822,VGK,VGK,True
2024020520,2024-12-19,SJS,COL,2.0,4.0,0.0,0.4760418832302093,0.4760418832302093,COL,COL,True
2024020521,2024-12-20,BUF,TOR,3.0,6.0,0.0,0.5734885931015015,0.5734885931015015,BUF,TOR,False
2024020522,2024-12-20,DET,MTL,3.0,4.0,0.0,0.5207200050354004,0.5207200050354004,DET,MTL,False
2024020523,2024-12-20,FLA,STL,2.0,1.0,1.0,0.7073563933372498,0.7073563933372498,FLA,FLA,True
2024020524,2024-12-20,WSH,CAR,3.0,1.0,1.0,0.4708807170391082,0.4708807170391082,CAR,WSH,False
2024020525,2024-12-20,DAL,NYR,1.0,3.0,0.0,0.5557339787483215,0.5557339787483215,DAL,NYR,False
2024020526,2024-12-20,MIN,UTA,1.0,2.0,0.0,0.3864778280258179,0.3864778280258179,UTA,UTA,True
2024020527,2024-12-20,ANA,COL,2.0,4.0,0.0,0.45844438672065735,0.45844438672065735,COL,COL,True
2024020528,2024-12-21,NSH,LAK,3.0,2.0,1.0,0.5744251012802124,0.5744251012802124,NSH,NSH,True
2024020529,2024-12-21,CGY,CHI,6.0,4.0,1.0,0.6197593808174133,0.6197593808174133,CGY,CGY,True
2024020530,2024-12-21,EDM,SJS,3.0,2.0,1.0,0.5816041231155396,0.5816041231155396,EDM,EDM,True
2024020531,2024-12-21,BOS,BUF,3.0,1.0,1.0,0.6499894261360168,0.6499894261360168,BOS,BOS,True
2024020532,2024-12-21,TOR,NYI,3.0,6.0,0.0,0.6677850484848022,0.6677850484848022,TOR,NYI,False
2024020533,2024-12-21,MTL,DET,5.0,1.0,1.0,0.5507261753082275,0.5507261753082275,MTL,MTL,True
2024020534,2024-12-21,NJD,PIT,3.0,0.0,1.0,0.5936468839645386,0.5936468839645386,NJD,NJD,True
2024020535,2024-12-21,PHI,CBJ,5.0,4.0,1.0,0.5356491804122925,0.5356491804122925,PHI,PHI,True
2024020536,2024-12-21,WPG,MIN,5.0,0.0,1.0,0.538072407245636,0.538072407245636,WPG,WPG,True
2024020537,2024-12-21,VAN,OTT,4.0,5.0,0.0,0.5949676036834717,0.5949676036834717,VAN,OTT,False
2024020538,2024-12-21,VGK,SEA,6.0,2.0,1.0,0.6866419315338135,0.6866419315338135,VGK,VGK,True
2024020539,2024-12-22,NYR,CAR,1.0,3.0,0.0,0.4496131539344787,0.4496131539344787,CAR,CAR,True
2024020540,2024-12-22,TBL,FLA,2.0,4.0,0.0,0.6029239296913147,0.6029239296913147,TBL,FLA,False
2024020541,2024-12-22,WSH,LAK,3.0,1.0,1.0,0.67300945520401,0.67300945520401,WSH,WSH,True
2024020542,2024-12-22,UTA,ANA,4.0,5.0,0.0,0.675760805606842,0.675760805606842,UTA,ANA,False
2024020543,2024-12-22,COL,SEA,5.0,2.0,1.0,0.5616028308868408,0.5616028308868408,COL,COL,True
2024020544,2024-12-22,EDM,OTT,3.0,1.0,1.0,0.68181312084198,0.68181312084198,EDM,EDM,True
2024020545,2024-12-23,NJD,NYR,5.0,0.0,1.0,0.6868867874145508,0.6868867874145508,NJD,NJD,True
2024020546,2024-12-23,TOR,WPG,2.0,5.0,0.0,0.547366738319397,0.547366738319397,TOR,WPG,False
2024020547,2024-12-23,BOS,WSH,4.0,1.0,1.0,0.39227074384689326,0.39227074384689326,WSH,BOS,False
2024020548,2024-12-23,DET,STL,0.0,4.0,0.0,0.6331458687782288,0.6331458687782288,DET,STL,False
2024020549,2024-12-23,FLA,TBL,0.0,4.0,0.0,0.49917832016944885,0.49917832016944885,TBL,TBL,True
2024020550,2024-12-23,PIT,PHI,7.0,3.0,1.0,0.558717668056488,0.558717668056488,PIT,PIT,True
2024020551,2024-12-23,CBJ,MTL,5.0,4.0,1.0,0.4492572247982025,0.4492572247982025,MTL,CBJ,False
2024020552,2024-12-23,NYI,BUF,1.0,7.0,0.0,0.6253079175949097,0.6253079175949097,NYI,BUF,False
2024020553,2024-12-23,NSH,CAR,5.0,2.0,1.0,0.487614393234253,0.487614393234253,CAR,NSH,False
2024020554,2024-12-23,MIN,CHI,4.0,3.0,1.0,0.5756451487541199,0.5756451487541199,MIN,MIN,True
2024020555,2024-12-23,VAN,SJS,4.0,3.0,1.0,0.4564575552940368,0.4564575552940368,SJS,VAN,False
2024020556,2024-12-23,UTA,DAL,2.0,3.0,0.0,0.39029544591903687,0.39029544591903687,DAL,DAL,True
2024020557,2024-12-23,VGK,ANA,3.0,1.0,1.0,0.6617506742477417,0.6617506742477417,VGK,VGK,True
2024020558,2024-12-27,BUF,CHI,6.0,2.0,1.0,0.4900149405002594,0.4900149405002594,CHI,BUF,False
2024020559,2024-12-27,DET,TOR,2.0,5.0,0.0,0.634837806224823,0.634837806224823,DET,TOR,False
2024020560,2024-12-27,NJD,CAR,4.0,2.0,1.0,0.6258789300918579,0.6258789300918579,NJD,NJD,True
2024020561,2024-12-27,CBJ,BOS,6.0,2.0,1.0,0.4447427988052368,0.4447427988052368,BOS,CBJ,False
2024020562,2024-12-27,STL,NSH,7.0,4.0,1.0,0.5434029698371887,0.5434029698371887,STL,STL,True
2024020563,2024-12-27,DAL,MIN,2.0,3.0,0.0,0.6632409691810609,0.6632409691810609,DAL,MIN,False
2024020564,2024-12-27,UTA,COL,1.0,4.0,0.0,0.6343463063240051,0.6343463063240051,UTA,COL,False
2024020565,2024-12-27,SJS,VGK,3.0,6.0,0.0,0.39706632494926447,0.39706632494926447,VGK,VGK,True
2024020566,2024-12-28,FLA,MTL,0.0,4.0,0.0,0.526171863079071,0.526171863079071,FLA,MTL,False
2024020567,2024-12-28,VAN,SEA,4.0,5.0,0.0,0.5942190289497375,0.5942190289497375,VAN,SEA,False
2024020568,2024-12-28,ANA,PHI,1.0,3.0,0.0,0.5306012034416199,0.5306012034416199,ANA,PHI,False
2024020569,2024-12-28,LAK,EDM,4.0,3.0,1.0,0.4639445841312408,0.4639445841312408,EDM,LAK,False
2024020570,2024-12-28,BOS,CBJ,4.0,0.0,1.0,0.5725924968719482,0.5725924968719482,BOS,BOS,True
2024020571,2024-12-28,TOR,WSH,2.0,5.0,0.0,0.39542448520660395,0.39542448520660395,WSH,WSH,True
2024020572,2024-12-28,TBL,NYR,6.0,2.0,1.0,0.6530150771141052,0.6530150771141052,TBL,TBL,True
2024020573,2024-12-28,CAR,NJD,5.0,2.0,1.0,0.47752994298934937,0.47752994298934937,NJD,CAR,False
2024020574,2024-12-28,WPG,OTT,4.0,2.0,1.0,0.6510826945304871,0.6510826945304871,WPG,WPG,True
2024020575,2024-12-28,NYI,PIT,6.0,3.0,1.0,0.5046533942222595,0.5046533942222595,NYI,NYI,True
2024020576,2024-12-28,SJS,CGY,1.0,3.0,0.0,0.4466075301170349,0.4466075301170349,CGY,CGY,True
2024020577,2024-12-29,CHI,DAL,1.0,5.0,0.0,0.4684737920761108,0.4684737920761108,DAL,DAL,True
2024020578,2024-12-29,ANA,EDM,5.0,3.0,1.0,0.513897716999054,0.513897716999054,ANA,ANA,True
2024020579,2024-12-29,DET,WSH,4.0,2.0,1.0,0.5143349766731262,0.5143349766731262,DET,DET,True
2024020580,2024-12-29,TBL,MTL,2.0,5.0,0.0,0.4886308908462525,0.4886308908462525,MTL,MTL,True
2024020581,2024-12-29,PIT,NYI,3.0,2.0,1.0,0.5317582488059998,0.5317582488059998,PIT,PIT,True
2024020582,2024-12-29,STL,BUF,2.0,4.0,0.0,0.526759684085846,0.526759684085846,STL,BUF,False
2024020583,2024-12-29,MIN,OTT,1.0,3.0,0.0,0.5939273238182068,0.5939273238182068,MIN,OTT,False
2024020584,2024-12-29,VGK,CGY,3.0,0.0,1.0,0.6972295045852661,0.6972295045852661,VGK,VGK,True
2024020585,2024-12-29,LAK,PHI,5.0,4.0,1.0,0.5272299647331238,0.5272299647331238,LAK,LAK,True
2024020586,2024-12-30,FLA,NYR,5.0,3.0,1.0,0.5796999335289001,0.5796999335289001,FLA,FLA,True
2024020587,2024-12-30,WPG,NSH,3.0,0.0,1.0,0.5996911525726318,0.5996911525726318,WPG,WPG,True
2024020588,2024-12-30,SEA,UTA,5.0,2.0,1.0,0.3978574872016907,0.3978574872016907,UTA,SEA,False
2024020589,2024-12-31,WSH,BOS,3.0,1.0,1.0,0.6262034177780151,0.6262034177780151,WSH,WSH,True
2024020590,2024-12-31,TOR,NYI,3.0,1.0,1.0,0.6108923554420471,0.6108923554420471,TOR,TOR,True
2024020591,2024-12-31,VGK,MTL,2.0,3.0,0.0,0.5516430735588074,0.5516430735588074,VGK,MTL,False
2024020592,2024-12-31,CHI,STL,2.0,6.0,0.0,0.4951397478580475,0.4951397478580475,STL,STL,True
2024020593,2024-12-31,DET,PIT,4.0,2.0,1.0,0.5772968530654907,0.5772968530654907,DET,DET,True
2024020594,2024-12-31,CBJ,CAR,4.0,3.0,1.0,0.4867284893989563,0.4867284893989563,CAR,CBJ,False
2024020595,2024-12-31,DAL,BUF,4.0,2.0,1.0,0.6977695822715759,0.6977695822715759,DAL,DAL,True
2024020596,2024-12-31,MIN,NSH,5.0,3.0,1.0,0.5348177552223206,0.5348177552223206,MIN,MIN,True
2024020597,2024-12-31,COL,WPG,5.0,2.0,1.0,0.4713297486305237,0.4713297486305237,WPG,COL,False
2024020598,2024-12-31,ANA,NJD,3.0,2.0,1.0,0.38873228430747986,0.38873228430747986,NJD,ANA,False
2024020599,2024-12-31,SJS,PHI,0.0,4.0,0.0,0.5167800188064575,0.5167800188064575,SJS,PHI,False
2024020600,2024-12-31,CGY,VAN,3.0,1.0,1.0,0.5627990961074829,0.5627990961074829,CGY,CGY,True
2024020601,2024-12-31,EDM,UTA,4.0,1.0,1.0,0.5233151316642761,0.5233151316642761,EDM,EDM,True
2024020602,2025-01-01,LAK,NJD,3.0,0.0,1.0,0.4674254655838013,0.4674254655838013,NJD,LAK,False
2024020603,2025-01-02,FLA,CAR,1.0,3.0,0.0,0.4861602783203125,0.4861602783203125,CAR,CAR,True
2024020604,2025-01-02,NYR,BOS,2.0,1.0,1.0,0.5786146521568298,0.5786146521568298,NYR,NYR,True
2024020605,2025-01-02,WSH,MIN,3.0,4.0,0.0,0.6887741684913635,0.6887741684913635,WSH,MIN,False
2024020606,2025-01-02,CBJ,DET,4.0,5.0,0.0,0.553754448890686,0.553754448890686,CBJ,DET,False
2024020607,2025-01-02,NYI,TOR,1.0,2.0,0.0,0.46714630722999567,0.46714630722999567,TOR,TOR,True
2024020608,2025-01-02,DAL,OTT,4.0,2.0,1.0,0.5807836055755615,0.5807836055755615,DAL,DAL,True
2024020609,2025-01-02,WPG,ANA,3.0,4.0,0.0,0.624914526939392,0.624914526939392,WPG,ANA,False
2024020610,2025-01-02,COL,BUF,6.0,5.0,1.0,0.6383419036865234,0.6383419036865234,COL,COL,True
2024020611,2025-01-02,CGY,UTA,3.0,5.0,0.0,0.4851703643798827,0.4851703643798827,UTA,UTA,True
2024020612,2025-01-02,VGK,PHI,5.0,2.0,1.0,0.6310453414916992,0.6310453414916992,VGK,VGK,True
2024020613,2025-01-02,SEA,VAN,3.0,4.0,0.0,0.4882217049598694,0.4882217049598694,VAN,VAN,True
2024020614,2025-01-02,SJS,TBL,2.0,1.0,1.0,0.48284199833869934,0.48284199833869934,TBL,SJS,False
2024020615,2025-01-03,FLA,PIT,3.0,2.0,1.0,0.4883048236370087,0.4883048236370087,PIT,FLA,False
2024020616,2025-01-03,CHI,MTL,4.0,2.0,1.0,0.5022543668746948,0.5022543668746948,CHI,CHI,True
2024020617,2025-01-03,STL,OTT,4.0,0.0,1.0,0.4915257096290588,0.4915257096290588,OTT,STL,False
2024020618,2025-01-03,EDM,ANA,3.0,2.0,1.0,0.613003134727478,0.613003134727478,EDM,EDM,True
2024020619,2025-01-03,VAN,NSH,0.0,3.0,0.0,0.4482068121433258,0.4482068121433258,NSH,NSH,True
2024020620,2025-01-04,WSH,NYR,7.0,4.0,1.0,0.6031408309936523,0.6031408309936523,WSH,WSH,True
2024020621,2025-01-04,WPG,DET,2.0,4.0,0.0,0.5380873680114746,0.5380873680114746,WPG,DET,False
2024020622,2025-01-04,SJS,NJD,3.0,2.0,1.0,0.45585811138153076,0.45585811138153076,NJD,SJS,False
2024020623,2025-01-04,TOR,BOS,6.0,4.0,1.0,0.5546479821205139,0.5546479821205139,TOR,TOR,True
2024020624,2025-01-04,CAR,MIN,0.0,4.0,0.0,0.581691324710846,0.581691324710846,CAR,MIN,False
2024020625,2025-01-04,CBJ,STL,6.0,4.0,1.0,0.5510130524635315,0.5510130524635315,CBJ,CBJ,True
2024020626,2025-01-04,COL,MTL,1.0,2.0,0.0,0.5961923599243165,0.5961923599243165,COL,MTL,False
2024020627,2025-01-04,CGY,NSH,1.0,4.0,0.0,0.5781463980674744,0.5781463980674744,CGY,NSH,False
2024020628,2025-01-04,DAL,UTA,3.0,2.0,1.0,0.572262167930603,0.572262167930603,DAL,DAL,True
2024020629,2025-01-04,LAK,TBL,2.0,1.0,1.0,0.5908378958702089,0.5908378958702089,LAK,LAK,True
2024020630,2025-01-04,VGK,BUF,3.0,1.0,1.0,0.7495648264884949,0.7495648264884949,VGK,VGK,True
2024020631,2025-01-04,SEA,EDM,2.0,4.0,0.0,0.5963344573974609,0.5963344573974609,SEA,EDM,False
2024020632,2025-01-05,CHI,NYR,2.0,6.0,0.0,0.46199715137481695,0.46199715137481695,NYR,NYR,True
2024020633,2025-01-05,BOS,NYI,4.0,5.0,0.0,0.4862705171108246,0.4862705171108246,NYI,NYI,True
2024020634,2025-01-05,CAR,PIT,4.0,3.0,1.0,0.528783917427063,0.528783917427063,CAR,CAR,True
2024020635,2025-01-05,TOR,PHI,3.0,2.0,1.0,0.5261226296424866,0.5261226296424866,TOR,TOR,True
2024020636,2025-01-05,ANA,TBL,4.0,1.0,1.0,0.6118588447570801,0.6118588447570801,ANA,ANA,True
2024020637,2025-01-06,BUF,WSH,4.0,3.0,1.0,0.4178570806980133,0.4178570806980133,WSH,BUF,False
2024020638,2025-01-06,MTL,VAN,5.0,4.0,1.0,0.5575900077819824,0.5575900077819824,MTL,MTL,True
2024020639,2025-01-06,COL,FLA,3.0,1.0,1.0,0.5007627010345459,0.5007627010345459,COL,COL,True
2024020640,2025-01-06,SEA,NJD,2.0,3.0,0.0,0.4992631673812867,0.4992631673812867,NJD,NJD,True
2024020029,2025-01-07,TBL,CAR,3.0,2.0,1.0,0.42841556668281555,0.42841556668281555,CAR,TBL,False
2024020641,2025-01-07,BOS,EDM,0.0,4.0,0.0,0.5578320026397706,0.5578320026397706,BOS,EDM,False
2024020642,2025-01-07,DET,OTT,3.0,2.0,1.0,0.5575696229934692,0.5575696229934692,DET,DET,True
2024020643,2025-01-07,NYR,DAL,4.0,5.0,0.0,0.5035844445228577,0.5035844445228577,NYR,DAL,False
2024020644,2025-01-07,PHI,TOR,2.0,3.0,0.0,0.5467671751976013,0.5467671751976013,PHI,TOR,False
2024020645,2025-01-07,PIT,CBJ,3.0,4.0,0.0,0.5318472385406494,0.5318472385406494,PIT,CBJ,False
2024020646,2025-01-07,MIN,STL,6.0,4.0,1.0,0.4777552485466004,0.4777552485466004,STL,MIN,False
2024020647,2025-01-07,WPG,NSH,5.0,2.0,1.0,0.5535170435905457,0.5535170435905457,WPG,WPG,True
2024020648,2025-01-07,ANA,CGY,2.0,3.0,0.0,0.5021327137947083,0.5021327137947083,ANA,CGY,False
2024020649,2025-01-07,SJS,VGK,2.0,4.0,0.0,0.4449222981929779,0.4449222981929779,VGK,VGK,True
2024020650,2025-01-08,WSH,VAN,2.0,1.0,1.0,0.6376717090606688,0.6376717090606688,WSH,WSH,True
2024020651,2025-01-08,CHI,COL,3.0,1.0,1.0,0.503618061542511,0.503618061542511,CHI,CHI,True
2024020652,2025-01-08,UTA,FLA,1.0,4.0,0.0,0.5414160490036011,0.5414160490036011,UTA,FLA,False
2024020654,2025-01-09,OTT,BUF,0.0,4.0,0.0,0.6238261461257935,0.6238261461257935,OTT,BUF,False
2024020655,2025-01-09,TBL,BOS,4.0,1.0,1.0,0.6492438912391663,0.6492438912391663,TBL,TBL,True
2024020656,2025-01-09,NYR,NJD,3.0,2.0,1.0,0.4805785417556762,0.4805785417556762,NJD,NYR,False
2024020657,2025-01-09,PHI,DAL,1.0,4.0,0.0,0.5112067461013794,0.5112067461013794,PHI,DAL,False
2024020658,2025-01-09,PIT,EDM,5.0,3.0,1.0,0.5563061833381653,0.5563061833381653,PIT,PIT,True
2024020659,2025-01-09,CAR,TOR,6.0,3.0,1.0,0.6332793235778807,0.6332793235778807,CAR,CAR,True
2024020660,2025-01-09,CBJ,SEA,6.0,2.0,1.0,0.534471869468689,0.534471869468689,CBJ,CBJ,True
2024020661,2025-01-09,STL,ANA,6.0,2.0,1.0,0.5168790817260742,0.5168790817260742,STL,STL,True
2024020662,2025-01-09,MIN,COL,1.0,6.0,0.0,0.5342798233032227,0.5342798233032227,MIN,COL,False
2024020663,2025-01-09,VGK,NYI,0.0,4.0,0.0,0.7085228562355042,0.7085228562355042,VGK,NYI,False
2024020664,2025-01-10,DET,CHI,5.0,3.0,1.0,0.6698681116104127,0.6698681116104127,DET,DET,True
2024020665,2025-01-10,WSH,MTL,2.0,3.0,0.0,0.4130399823188781,0.4130399823188781,MTL,MTL,True
2024020666,2025-01-10,CAR,VAN,2.0,0.0,1.0,0.625857412815094,0.625857412815094,CAR,CAR,True
2024020667,2025-01-10,WPG,LAK,1.0,2.0,0.0,0.5296037197113037,0.5296037197113037,WPG,LAK,False
2024020668,2025-01-10,UTA,SJS,2.0,1.0,1.0,0.6832544207572937,0.6832544207572937,UTA,UTA,True
2024020669,2025-01-11,FLA,BOS,3.0,4.0,0.0,0.6346258521080017,0.6346258521080017,FLA,BOS,False
2024020670,2025-01-11,BUF,SEA,2.0,6.0,0.0,0.5939035415649414,0.5939035415649414,BUF,SEA,False
2024020671,2025-01-11,PIT,OTT,0.0,5.0,0.0,0.5797662734985352,0.5797662734985352,PIT,OTT,False
2024020672,2025-01-11,TOR,VAN,0.0,3.0,0.0,0.6641625761985779,0.6641625761985779,TOR,VAN,False
2024020673,2025-01-11,MTL,DAL,1.0,2.0,0.0,0.41558063030242914,0.41558063030242914,DAL,DAL,True
2024020674,2025-01-11,NJD,TBL,3.0,2.0,1.0,0.48007532954216003,0.48007532954216003,TBL,NJD,False
2024020675,2025-01-11,PHI,ANA,6.0,0.0,1.0,0.5441502928733826,0.5441502928733826,PHI,PHI,True
2024020676,2025-01-11,CHI,EDM,3.0,4.0,0.0,0.5238022208213807,0.5238022208213807,CHI,EDM,False
2024020677,2025-01-11,STL,CBJ,1.0,2.0,0.0,0.4117769598960876,0.4117769598960876,CBJ,CBJ,True
2024020678,2025-01-11,WPG,COL,3.0,0.0,1.0,0.5208988189697266,0.5208988189697266,WPG,WPG,True
2024020679,2025-01-11,NSH,WSH,1.0,4.0,0.0,0.532775342464447,0.532775342464447,NSH,WSH,False
2024020680,2025-01-11,UTA,NYI,1.0,2.0,0.0,0.5749359130859375,0.5749359130859375,UTA,NYI,False
2024020681,2025-01-11,CGY,LAK,2.0,1.0,1.0,0.6208802461624146,0.6208802461624146,CGY,CGY,True
2024020682,2025-01-11,VGK,NYR,1.0,2.0,0.0,0.5479224920272827,0.5479224920272827,VGK,NYR,False
2024020683,2025-01-11,SJS,MIN,1.0,3.0,0.0,0.47420963644981384,0.47420963644981384,MIN,MIN,True
2024020684,2025-01-12,DET,SEA,6.0,2.0,1.0,0.6790554523468018,0.6790554523468018,DET,DET,True
2024020685,2025-01-12,OTT,DAL,3.0,2.0,1.0,0.5169910788536072,0.5169910788536072,OTT,OTT,True
2024020686,2025-01-12,PIT,TBL,2.0,5.0,0.0,0.4770668447017669,0.4770668447017669,TBL,TBL,True
2024020687,2025-01-12,CAR,ANA,2.0,3.0,0.0,0.6654350757598877,0.6654350757598877,CAR,ANA,False
2024020688,2025-01-12,VGK,MIN,4.0,1.0,1.0,0.6487047076225281,0.6487047076225281,VGK,VGK,True
2024020689,2025-01-13,PHI,FLA,4.0,3.0,1.0,0.45104581117630005,0.45104581117630005,FLA,PHI,False
2024020690,2025-01-13,CHI,CGY,2.0,5.0,0.0,0.571861982345581,0.571861982345581,CHI,CGY,False
2024020691,2025-01-13,EDM,LAK,1.0,0.0,1.0,0.6883346438407898,0.6883346438407898,EDM,EDM,True
2024020692,2025-01-14,BOS,TBL,6.0,2.0,1.0,0.4430717825889588,0.4430717825889588,TBL,BOS,False
2024020693,2025-01-14,TOR,DAL,1.0,4.0,0.0,0.5109250545501709,0.5109250545501709,TOR,DAL,False
2024020694,2025-01-14,DET,SJS,3.0,6.0,0.0,0.6853002905845642,0.6853002905845642,DET,SJS,False
2024020695,2025-01-14,NJD,FLA,1.0,2.0,0.0,0.5470079779624939,0.5470079779624939,NJD,FLA,False
2024020696,2025-01-14,PIT,SEA,2.0,4.0,0.0,0.5873038172721863,0.5873038172721863,PIT,SEA,False
2024020697,2025-01-14,WSH,ANA,3.0,0.0,1.0,0.6552964448928833,0.6552964448928833,WSH,WSH,True
2024020698,2025-01-14,CBJ,PHI,3.0,2.0,1.0,0.4636917114257813,0.4636917114257813,PHI,CBJ,False
2024020699,2025-01-14,NYI,OTT,0.0,2.0,0.0,0.5437257289886475,0.5437257289886475,NYI,OTT,False
2024020700,2025-01-14,STL,CGY,2.0,1.0,1.0,0.5350211262702942,0.5350211262702942,STL,STL,True
2024020701,2025-01-14,NSH,VGK,5.0,3.0,1.0,0.5041296482086182,0.5041296482086182,NSH,NSH,True
2024020702,2025-01-14,WPG,VAN,6.0,1.0,1.0,0.6514551639556885,0.6514551639556885,WPG,WPG,True
2024020703,2025-01-14,COL,NYR,3.0,2.0,1.0,0.49253448843955994,0.49253448843955994,NYR,COL,False
2024020704,2025-01-14,UTA,MTL,3.0,5.0,0.0,0.44413307309150696,0.44413307309150696,MTL,MTL,True
2024020705,2025-01-15,BUF,CAR,4.0,2.0,1.0,0.5030505657196045,0.5030505657196045,BUF,BUF,True
2024020706,2025-01-15,MIN,EDM,3.0,5.0,0.0,0.5495676398277283,0.5495676398277283,MIN,EDM,False
2024020707,2025-01-16,TOR,NJD,4.0,3.0,1.0,0.5748474597930908,0.5748474597930908,TOR,TOR,True
2024020708,2025-01-16,OTT,WSH,0.0,1.0,0.0,0.5395238995552063,0.5395238995552063,OTT,WSH,False
2024020709,2025-01-16,TBL,ANA,4.0,3.0,1.0,0.6931716799736023,0.6931716799736023,TBL,TBL,True
2024020710,2025-01-16,FLA,DET,2.0,5.0,0.0,0.5196579098701477,0.5196579098701477,FLA,DET,False
2024020711,2025-01-16,CBJ,SJS,4.0,1.0,1.0,0.6776250004768372,0.6776250004768372,CBJ,CBJ,True
2024020712,2025-01-16,NYI,PHI,3.0,5.0,0.0,0.4309970736503601,0.4309970736503601,PHI,PHI,True
2024020713,2025-01-16,STL,CGY,4.0,1.0,1.0,0.4679798483848572,0.4679798483848572,CGY,STL,False
2024020714,2025-01-16,NSH,CHI,3.0,2.0,1.0,0.6631119847297668,0.6631119847297668,NSH,NSH,True
2024020715,2025-01-16,DAL,MTL,1.0,3.0,0.0,0.6044731140136719,0.6044731140136719,DAL,MTL,False
2024020716,2025-01-16,WPG,SEA,2.0,1.0,1.0,0.674770176410675,0.674770176410675,WPG,WPG,True
2024020717,2025-01-16,UTA,NYR,3.0,5.0,0.0,0.477882832288742,0.477882832288742,NYR,NYR,True
2024020718,2025-01-16,COL,EDM,3.0,4.0,0.0,0.47582629323005676,0.47582629323005676,EDM,EDM,True
2024020719,2025-01-16,VAN,LAK,1.0,5.0,0.0,0.5852596163749695,0.5852596163749695,VAN,LAK,False
2024020720,2025-01-17,BUF,PIT,2.0,5.0,0.0,0.5112249851226807,0.5112249851226807,BUF,PIT,False
2024020721,2025-01-17,CAR,VGK,3.0,2.0,1.0,0.44779258966445923,0.44779258966445923,VGK,CAR,False
2024020722,2025-01-18,NJD,PHI,1.0,3.0,0.0,0.5578261886567109,0.5578261886567109,NJD,PHI,False
2024020723,2025-01-18,OTT,BOS,6.0,5.0,1.0,0.6470178311354671,0.6470178311354671,OTT,OTT,True
2024020724,2025-01-18,COL,DAL,6.0,3.0,1.0,0.5112435963899676,0.5112435963899676,COL,COL,True
2024020725,2025-01-18,FLA,ANA,3.0,0.0,1.0,0.6891520940888101,0.6891520940888101,FLA,FLA,True
2024020726,2025-01-18,MTL,TOR,3.0,7.0,0.0,0.5378149751395946,0.5378149751395946,MTL,TOR,False
2024020727,2025-01-18,TBL,DET,5.0,1.0,1.0,0.5727168889375284,0.5727168889375284,TBL,TBL,True
2024020728,2025-01-18,NYR,CBJ,1.0,0.0,1.0,0.5097129563016433,0.5097129563016433,NYR,NYR,True
2024020729,2025-01-18,WSH,PIT,4.0,1.0,1.0,0.6063262777443882,0.6063262777443882,WSH,WSH,True
2024020730,2025-01-18,WPG,CGY,1.0,3.0,0.0,0.6290930873495764,0.6290930873495764,WPG,CGY,False
2024020731,2025-01-18,NYI,SJS,4.0,1.0,1.0,0.6273978440618402,0.6273978440618402,NYI,NYI,True
2024020732,2025-01-18,CHI,VGK,5.0,3.0,1.0,0.44465358110221664,0.44465358110221664,VGK,CHI,False
2024020733,2025-01-18,NSH,MIN,6.0,2.0,1.0,0.6609686615509375,0.6609686615509375,NSH,NSH,True
2024020734,2025-01-18,UTA,STL,4.0,2.0,1.0,0.5800118511206378,0.5800118511206378,UTA,UTA,True
2024020735,2025-01-18,VAN,EDM,3.0,2.0,1.0,0.557709640940696,0.557709640940696,VAN,VAN,True
2024020736,2025-01-18,SEA,LAK,4.0,2.0,1.0,0.5583126862841318,0.5583126862841318,SEA,SEA,True
2024020737,2025-01-19,NJD,OTT,1.0,2.0,0.0,0.5928291009953147,0.5928291009953147,NJD,OTT,False
2024020738,2025-01-19,MTL,NYR,5.0,4.0,1.0,0.4520304676452657,0.4520304676452657,NYR,MTL,False
2024020739,2025-01-19,DAL,DET,4.0,1.0,1.0,0.5558408901439129,0.5558408901439129,DAL,DAL,True
2024020740,2025-01-20,BOS,SJS,6.0,3.0,1.0,0.5616828115666924,0.5616828115666924,BOS,BOS,True
2024020741,2025-01-20,COL,MIN,1.0,3.0,0.0,0.6132661063879475,0.6132661063879475,COL,MIN,False
2024020742,2025-01-20,SEA,BUF,6.0,4.0,1.0,0.46264804507802043,0.46264804507802043,BUF,SEA,False
2024020743,2025-01-20,VGK,STL,4.0,5.0,0.0,0.5767228693488559,0.5767228693488559,VGK,STL,False
2024020744,2025-01-20,TOR,TBL,5.0,3.0,1.0,0.5007844143852787,0.5007844143852787,TOR,TOR,True
2024020745,2025-01-20,NYI,CBJ,3.0,1.0,1.0,0.5149646487535887,0.5149646487535887,NYI,NYI,True
2024020746,2025-01-20,CHI,CAR,3.0,4.0,0.0,0.46284602140007153,0.46284602140007153,CAR,CAR,True
2024020747,2025-01-20,UTA,WPG,5.0,2.0,1.0,0.4282252593922498,0.4282252593922498,WPG,UTA,False
2024020748,2025-01-20,LAK,PIT,1.0,5.0,0.0,0.6455237566612246,0.6455237566612246,LAK,PIT,False
2024020749,2025-01-21,MTL,TBL,3.0,2.0,1.0,0.5589915484814713,0.5589915484814713,MTL,MTL,True
2024020750,2025-01-21,NYR,OTT,5.0,0.0,1.0,0.5184705911574511,0.5184705911574511,NYR,NYR,True
2024020751,2025-01-21,PHI,DET,2.0,1.0,1.0,0.5700009751573373,0.5700009751573373,PHI,PHI,True
2024020752,2025-01-21,NSH,SJS,7.0,5.0,1.0,0.7050047970604132,0.7050047970604132,NSH,NSH,True
2024020753,2025-01-21,DAL,CAR,1.0,2.0,0.0,0.5880654064543009,0.5880654064543009,DAL,CAR,False
2024020754,2025-01-21,EDM,WSH,2.0,3.0,0.0,0.5210829799004355,0.5210829799004355,EDM,WSH,False
2024020755,2025-01-21,VAN,BUF,2.0,3.0,0.0,0.5528524216113,0.5528524216113,VAN,BUF,False
2024020756,2025-01-21,ANA,FLA,2.0,5.0,0.0,0.4394115438115316,0.4394115438115316,FLA,FLA,True
2024020757,2025-01-22,TOR,CBJ,1.0,5.0,0.0,0.5912414464366357,0.5912414464366357,TOR,CBJ,False
2024020758,2025-01-22,NJD,BOS,5.0,1.0,1.0,0.6909067525861681,0.6909067525861681,NJD,NJD,True
2024020759,2025-01-22,COL,WPG,2.0,3.0,0.0,0.41236272154427284,0.41236272154427284,WPG,WPG,True
2024020760,2025-01-22,LAK,FLA,2.0,1.0,1.0,0.4660221236216023,0.4660221236216023,FLA,LAK,False
2024020761,2025-01-23,BOS,OTT,2.0,0.0,1.0,0.5229706192931476,0.5229706192931476,BOS,BOS,True
2024020762,2025-01-23,DET,MTL,4.0,2.0,1.0,0.49404528685676985,0.49404528685676985,MTL,DET,False
2024020763,2025-01-23,NYR,PHI,6.0,1.0,1.0,0.5129197178589338,0.5129197178589338,NYR,NYR,True
2024020764,2025-01-23,CAR,CBJ,7.0,4.0,1.0,0.6741690857064028,0.6741690857064028,CAR,CAR,True
2024020765,2025-01-23,STL,VGK,2.0,4.0,0.0,0.3767028775150245,0.3767028775150245,VGK,VGK,True
2024020766,2025-01-23,MIN,UTA,0.0,4.0,0.0,0.38348291636518655,0.38348291636518655,UTA,UTA,True
2024020767,2025-01-23,CGY,BUF,5.0,2.0,1.0,0.5783359562114763,0.5783359562114763,CGY,CGY,True
2024020768,2025-01-23,EDM,VAN,6.0,2.0,1.0,0.6932447800642747,0.6932447800642747,EDM,EDM,True
2024020769,2025-01-23,ANA,PIT,5.0,1.0,1.0,0.5185473421527993,0.5185473421527993,ANA,ANA,True
2024020770,2025-01-23,SEA,WSH,0.0,3.0,0.0,0.4355046100517601,0.4355046100517601,WSH,WSH,True
2024020771,2025-01-23,SJS,NSH,5.0,6.0,0.0,0.49832277661093577,0.49832277661093577,NSH,NSH,True
2024020772,2025-01-24,NYI,PHI,3.0,1.0,1.0,0.4972221908472288,0.4972221908472288,PHI,NYI,False
2024020773,2025-01-24,CHI,TBL,3.0,4.0,0.0,0.4215187976543543,0.4215187976543543,TBL,TBL,True
2024020774,2025-01-24,DAL,VGK,4.0,3.0,1.0,0.45241156028749135,0.45241156028749135,VGK,DAL,False
2024020775,2025-01-24,WPG,UTA,5.0,2.0,1.0,0.43518332289272227,0.43518332289272227,UTA,WPG,False
2024020776,2025-01-25,BOS,COL,3.0,1.0,1.0,0.4894838377307833,0.4894838377307833,COL,BOS,False
2024020777,2025-01-25,EDM,BUF,3.0,2.0,1.0,0.7297553579179232,0.7297553579179232,EDM,EDM,True
2024020778,2025-01-25,SEA,PIT,4.0,1.0,1.0,0.5304132578000379,0.5304132578000379,SEA,SEA,True
2024020779,2025-01-25,MTL,NJD,3.0,4.0,0.0,0.43092671413044864,0.43092671413044864,NJD,NJD,True
2024020780,2025-01-25,OTT,TOR,2.0,1.0,1.0,0.45667680478544925,0.45667680478544925,TOR,OTT,False
2024020781,2025-01-25,DET,TBL,2.0,0.0,1.0,0.5308704684904356,0.5308704684904356,DET,DET,True
2024020782,2025-01-25,CBJ,LAK,3.0,2.0,1.0,0.4891857602116969,0.4891857602116969,LAK,CBJ,False
2024020783,2025-01-25,STL,DAL,0.0,2.0,0.0,0.4990214575713553,0.4990214575713553,DAL,DAL,True
2024020784,2025-01-25,MIN,CGY,4.0,5.0,0.0,0.5259305101314241,0.5259305101314241,MIN,CGY,False
2024020785,2025-01-25,NYI,CAR,3.0,2.0,1.0,0.5136377686728527,0.5136377686728527,NYI,NYI,True
2024020786,2025-01-25,VAN,WSH,2.0,1.0,1.0,0.5378860962826667,0.5378860962826667,VAN,VAN,True
2024020787,2025-01-25,ANA,NSH,5.0,2.0,1.0,0.4976695171834109,0.4976695171834109,NSH,ANA,False
2024020788,2025-01-25,SJS,FLA,2.0,7.0,0.0,0.3813040491871099,0.3813040491871099,FLA,FLA,True
2024020789,2025-01-26,NYR,COL,4.0,5.0,0.0,0.5576640708892336,0.5576640708892336,NYR,COL,False
2024020790,2025-01-26,OTT,UTA,3.0,1.0,1.0,0.40180145311636084,0.40180145311636084,UTA,OTT,False
2024020791,2025-01-26,WPG,CGY,5.0,2.0,1.0,0.6296947418586358,0.6296947418586358,WPG,WPG,True
2024020792,2025-01-26,CHI,MIN,2.0,4.0,0.0,0.4752168006431498,0.4752168006431498,MIN,MIN,True
2024020793,2025-01-26,VGK,FLA,4.0,1.0,1.0,0.601071906432005,0.601071906432005,VGK,VGK,True
2024020794,2025-01-27,DET,LAK,5.0,2.0,1.0,0.5729388658974603,0.5729388658974603,DET,DET,True
2024020795,2025-01-27,PHI,NJD,4.0,2.0,1.0,0.4711062063941717,0.4711062063941717,NJD,PHI,False
2024020796,2025-01-27,STL,VAN,2.0,5.0,0.0,0.5468189503484869,0.5468189503484869,STL,VAN,False
2024020797,2025-01-27,EDM,SEA,4.0,2.0,1.0,0.675175052390302,0.675175052390302,EDM,EDM,True
2024020798,2025-01-27,SJS,PIT,2.0,1.0,1.0,0.4982794569105764,0.4982794569105764,PIT,SJS,False
2024020799,2025-01-28,BUF,BOS,7.0,2.0,1.0,0.6332722063951445,0.6332722063951445,BUF,BUF,True
2024020800,2025-01-28,MTL,WPG,1.0,4.0,0.0,0.4224108572622652,0.4224108572622652,WPG,WPG,True
2024020801,2025-01-28,TBL,CHI,1.0,4.0,0.0,0.7599696272797524,0.7599696272797524,TBL,CHI,False
2024020802,2025-01-28,NYR,CAR,0.0,4.0,0.0,0.48976320597990486,0.48976320597990486,CAR,CAR,True
2024020803,2025-01-28,NYI,COL,5.0,2.0,1.0,0.5177037004825352,0.5177037004825352,NYI,NYI,True
2024020804,2025-01-28,CGY,WSH,1.0,3.0,0.0,0.4828997019574127,0.4828997019574127,WSH,WSH,True
2024020805,2025-01-28,VGK,DAL,3.0,4.0,0.0,0.5576373662726146,0.5576373662726146,VGK,DAL,False
2024020806,2025-01-28,SEA,ANA,4.0,6.0,0.0,0.5113323065391853,0.5113323065391853,SEA,ANA,False
2024020807,2025-01-29,TOR,MIN,1.0,3.0,0.0,0.658262325254558,0.658262325254558,TOR,MIN,False
2024020808,2025-01-29,FLA,LAK,3.0,0.0,1.0,0.6091190076685415,0.6091190076685415,FLA,FLA,True
2024020809,2025-01-29,NJD,PHI,5.0,0.0,1.0,0.6441314302214709,0.6441314302214709,NJD,NJD,True
2024020810,2025-01-29,NSH,VAN,1.0,3.0,0.0,0.6619845437062359,0.6619845437062359,NSH,VAN,False
2024020811,2025-01-29,UTA,PIT,2.0,3.0,0.0,0.6049351212008088,0.6049351212008088,UTA,PIT,False
2024020812,2025-01-30,BOS,WPG,2.0,6.0,0.0,0.45770028533261536,0.45770028533261536,WPG,WPG,True
2024020813,2025-01-30,MTL,MIN,0.0,4.0,0.0,0.572337068192477,0.572337068192477,MTL,MIN,False
2024020814,2025-01-30,OTT,WSH,5.0,4.0,1.0,0.5248098826146665,0.5248098826146665,OTT,OTT,True
2024020815,2025-01-30,TBL,LAK,3.0,0.0,1.0,0.6725547329103755,0.6725547329103755,TBL,TBL,True
2024020816,2025-01-30,PHI,NYI,0.0,3.0,0.0,0.6108983414597742,0.6108983414597742,PHI,NYI,False
2024020817,2025-01-30,CAR,CHI,3.0,2.0,1.0,0.7291256676114118,0.7291256676114118,CAR,CAR,True
2024020818,2025-01-30,CGY,ANA,4.0,1.0,1.0,0.5649231888151256,0.5649231888151256,CGY,CGY,True
2024020819,2025-01-30,EDM,DET,2.0,3.0,0.0,0.6091903670716325,0.6091903670716325,EDM,DET,False
2024020820,2025-01-30,VGK,CBJ,1.0,2.0,0.0,0.7477806480655925,0.7477806480655925,VGK,CBJ,False
2024020821,2025-01-30,SEA,SJS,6.0,2.0,1.0,0.581920470769347,0.581920470769347,SEA,SEA,True
2024020822,2025-01-31,BUF,NSH,4.0,3.0,1.0,0.4815357473214183,0.4815357473214183,NSH,BUF,False
2024020823,2025-01-31,DAL,VAN,5.0,3.0,1.0,0.6977703628336779,0.6977703628336779,DAL,DAL,True
2024020824,2025-01-31,COL,STL,5.0,0.0,1.0,0.5136472462464128,0.5136472462464128,COL,COL,True
2024020825,2025-01-31,UTA,CBJ,2.0,3.0,0.0,0.7210200916847646,0.7210200916847646,UTA,CBJ,False
2024020826,2025-02-01,FLA,CHI,5.0,1.0,1.0,0.7659325104395268,0.7659325104395268,FLA,FLA,True
2024020827,2025-02-01,BOS,NYR,6.0,3.0,1.0,0.44147984871039564,0.44147984871039564,NYR,BOS,False
2024020828,2025-02-01,OTT,MIN,6.0,0.0,1.0,0.55389339242566,0.55389339242566,OTT,OTT,True
2024020829,2025-02-01,TBL,NYI,2.0,3.0,0.0,0.6804198129639936,0.6804198129639936,TBL,NYI,False
2024020830,2025-02-01,PIT,NSH,3.0,0.0,1.0,0.47720723101798856,0.47720723101798856,NSH,PIT,False
2024020831,2025-02-01,WSH,WPG,4.0,5.0,0.0,0.46057791626599254,0.46057791626599254,WPG,WPG,True
2024020832,2025-02-01,CAR,LAK,2.0,4.0,0.0,0.6753625939756389,0.6753625939756389,CAR,LAK,False
2024020833,2025-02-01,EDM,TOR,3.0,4.0,0.0,0.5253063639764259,0.5253063639764259,EDM,TOR,False
2024020834,2025-02-01,CGY,DET,1.0,3.0,0.0,0.5360388044131758,0.5360388044131758,CGY,DET,False
2024020835,2025-02-02,BUF,NJD,4.0,3.0,1.0,0.42761135919578114,0.42761135919578114,NJD,BUF,False
2024020836,2025-02-02,COL,PHI,2.0,0.0,1.0,0.5980482272397263,0.5980482272397263,COL,COL,True
2024020837,2025-02-02,ANA,MTL,3.0,2.0,1.0,0.5687137523685308,0.5687137523685308,ANA,ANA,True
2024020838,2025-02-02,FLA,NYI,6.0,3.0,1.0,0.6157842381925377,0.6157842381925377,FLA,FLA,True
2024020839,2025-02-02,NYR,VGK,4.0,2.0,1.0,0.4834909517385193,0.4834909517385193,VGK,NYR,False
2024020840,2025-02-02,DAL,CBJ,5.0,3.0,1.0,0.7112844353355047,0.7112844353355047,DAL,DAL,True
2024020841,2025-02-02,UTA,STL,1.0,2.0,0.0,0.6079020228492428,0.6079020228492428,UTA,STL,False
2024020842,2025-02-02,VAN,DET,2.0,3.0,0.0,0.5182776013576712,0.5182776013576712,VAN,DET,False
2024020843,2025-02-02,SEA,CGY,2.0,3.0,0.0,0.49885324664557856,0.49885324664557856,CGY,CGY,True
2024020844,2025-02-03,NSH,OTT,2.0,5.0,0.0,0.5991757320222225,0.5991757320222225,NSH,OTT,False
2024020845,2025-02-04,BOS,MIN,3.0,0.0,1.0,0.6106412426271333,0.6106412426271333,BOS,BOS,True
2024020846,2025-02-04,BUF,CBJ,3.0,2.0,1.0,0.6715036430018404,0.6715036430018404,BUF,BUF,True
2024020847,2025-02-04,TBL,OTT,4.0,3.0,1.0,0.6341536297184504,0.6341536297184504,TBL,TBL,True
2024020848,2025-02-04,PIT,NJD,2.0,3.0,0.0,0.42473651596280165,0.42473651596280165,NJD,NJD,True
2024020849,2025-02-04,WSH,FLA,6.0,3.0,1.0,0.45728010336722,0.45728010336722,FLA,WSH,False
2024020850,2025-02-04,NYI,VGK,2.0,1.0,1.0,0.5032537269023311,0.5032537269023311,NYI,NYI,True
2024020851,2025-02-04,STL,EDM,2.0,3.0,0.0,0.4685689161751482,0.4685689161751482,EDM,EDM,True
2024020852,2025-02-04,WPG,CAR,3.0,0.0,1.0,0.5572925448009762,0.5572925448009762,WPG,WPG,True
2024020853,2025-02-04,CGY,TOR,3.0,6.0,0.0,0.48507876693802393,0.48507876693802393,TOR,TOR,True
2024020854,2025-02-04,UTA,PHI,3.0,2.0,1.0,0.6323534083398559,0.6323534083398559,UTA,UTA,True
2024020855,2025-02-04,VAN,COL,3.0,0.0,1.0,0.473470460871497,0.473470460871497,COL,VAN,False
2024020856,2025-02-04,ANA,DAL,2.0,1.0,1.0,0.5180984503271191,0.5180984503271191,ANA,ANA,True
2024020857,2025-02-04,SEA,DET,4.0,5.0,0.0,0.5802843607708875,0.5802843607708875,SEA,DET,False
2024020858,2025-02-04,SJS,MTL,3.0,4.0,0.0,0.524291634882084,0.524291634882084,SJS,MTL,False
2024020859,2025-02-05,NYR,BOS,3.0,2.0,1.0,0.6621451042640057,0.6621451042640057,NYR,NYR,True
2024020860,2025-02-05,CHI,EDM,3.0,4.0,0.0,0.4716601415046462,0.4716601415046462,EDM,EDM,True
2024020861,2025-02-05,LAK,MTL,6.0,3.0,1.0,0.5515333213389847,0.5515333213389847,LAK,LAK,True
2024020862,2025-02-06,TBL,OTT,5.0,1.0,1.0,0.6286172845914254,0.6286172845914254,TBL,TBL,True
2024020863,2025-02-06,NJD,VGK,1.0,3.0,0.0,0.45393973158473994,0.45393973158473994,VGK,VGK,True
2024020864,2025-02-06,PHI,WSH,3.0,4.0,0.0,0.4952492859165687,0.4952492859165687,WSH,WSH,True
2024020865,2025-02-06,CBJ,UTA,2.0,3.0,0.0,0.39848413945660116,0.39848413945660116,UTA,UTA,True
2024020866,2025-02-06,STL,FLA,2.0,3.0,0.0,0.4073240298510479,0.4073240298510479,FLA,FLA,True
2024020867,2025-02-06,MIN,CAR,2.0,1.0,1.0,0.47657828283912207,0.47657828283912207,CAR,MIN,False
2024020868,2025-02-06,CGY,COL,2.0,4.0,0.0,0.5652511358126662,0.5652511358126662,CGY,COL,False
2024020869,2025-02-06,SEA,TOR,1.0,3.0,0.0,0.4779168283451685,0.4779168283451685,TOR,TOR,True
2024020870,2025-02-06,SJS,VAN,1.0,2.0,0.0,0.5507979039615452,0.5507979039615452,SJS,VAN,False
2024020871,2025-02-07,NYR,PIT,2.0,3.0,0.0,0.6007459467166071,0.6007459467166071,NYR,PIT,False
2024020872,2025-02-07,WPG,NYI,4.0,3.0,1.0,0.6361395115266198,0.6361395115266198,WPG,WPG,True
2024020873,2025-02-07,CHI,NSH,6.0,2.0,1.0,0.46160930095600455,0.46160930095600455,NSH,CHI,False
2024020874,2025-02-07,EDM,COL,4.0,5.0,0.0,0.5964665316662009,0.5964665316662009,EDM,COL,False
2024020875,2025-02-07,LAK,DAL,5.0,4.0,1.0,0.5179011954898508,0.5179011954898508,LAK,LAK,True
2024020876,2025-02-08,MTL,NJD,0.0,4.0,0.0,0.5113875856682429,0.5113875856682429,MTL,NJD,False
2024020877,2025-02-08,DET,TBL,3.0,6.0,0.0,0.49135203397712435,0.49135203397712435,TBL,TBL,True
2024020878,2025-02-08,CAR,UTA,7.0,3.0,1.0,0.5569991097550789,0.5569991097550789,CAR,CAR,True
2024020879,2025-02-08,BOS,VGK,3.0,4.0,0.0,0.4170320420271815,0.4170320420271815,VGK,VGK,True
2024020880,2025-02-08,FLA,OTT,5.0,1.0,1.0,0.6055676963731714,0.6055676963731714,FLA,FLA,True
2024020881,2025-02-08,PHI,PIT,3.0,2.0,1.0,0.5673340210478992,0.5673340210478992,PHI,PHI,True
2024020882,2025-02-08,CBJ,NYR,3.0,4.0,0.0,0.4923923787480627,0.4923923787480627,NYR,NYR,True
2024020883,2025-02-08,STL,CHI,6.0,5.0,1.0,0.5775651957031687,0.5775651957031687,STL,STL,True
2024020884,2025-02-08,VAN,TOR,2.0,1.0,1.0,0.412551625897298,0.412551625897298,TOR,VAN,False
2024020885,2025-02-08,NSH,BUF,6.0,4.0,1.0,0.5590756590340367,0.5590756590340367,NSH,NSH,True
2024020886,2025-02-08,MIN,NYI,6.0,3.0,1.0,0.4586322236622182,0.4586322236622182,NYI,MIN,False
2024020887,2025-02-08,CGY,SEA,2.0,3.0,0.0,0.5454476682771683,0.5454476682771683,CGY,SEA,False
2024020888,2025-02-08,LAK,ANA,1.0,2.0,0.0,0.5208372905740238,0.5208372905740238,LAK,ANA,False
2024020889,2025-02-08,SJS,DAL,3.0,8.0,0.0,0.5175973878678239,0.5175973878678239,SJS,DAL,False
2024020890,2025-02-09,WSH,UTA,4.0,5.0,0.0,0.4902605600425725,0.4902605600425725,UTA,UTA,True
2024020891,2025-02-09,MTL,TBL,3.0,5.0,0.0,0.5352926715402251,0.5352926715402251,MTL,TBL,False
2024020892,2025-02-22,PHI,EDM,6.0,3.0,1.0,0.4271799988925927,0.4271799988925927,EDM,PHI,False
2024020893,2025-02-22,PIT,WSH,3.0,8.0,0.0,0.4771030947855634,0.4771030947855634,WSH,WSH,True
2024020894,2025-02-22,DET,MIN,3.0,4.0,0.0,0.645971178435511,0.645971178435511,DET,MIN,False
2024020895,2025-02-22,BUF,NYR,8.0,2.0,1.0,0.5315248591095443,0.5315248591095443,BUF,BUF,True
2024020896,2025-02-22,FLA,SEA,1.0,2.0,0.0,0.6632974165470179,0.6632974165470179,FLA,SEA,False
2024020897,2025-02-22,NJD,DAL,2.0,4.0,0.0,0.4502925062712991,0.4502925062712991,DAL,DAL,True
2024020898,2025-02-22,NSH,COL,2.0,1.0,1.0,0.49626385182585786,0.49626385182585786,COL,NSH,False
2024020899,2025-02-22,BOS,ANA,2.0,3.0,0.0,0.6067835073400528,0.6067835073400528,BOS,ANA,False
2024020900,2025-02-22,TOR,CAR,6.0,3.0,1.0,0.5368672747186543,0.5368672747186543,TOR,TOR,True
2024020901,2025-02-22,OTT,MTL,2.0,5.0,0.0,0.5464471350837827,0.5464471350837827,OTT,MTL,False
2024020902,2025-02-22,CBJ,CHI,5.0,1.0,1.0,0.5819139849573721,0.5819139849573721,CBJ,CBJ,True
2024020903,2025-02-22,STL,WPG,3.0,4.0,0.0,0.4318175683593655,0.4318175683593655,WPG,WPG,True
2024020904,2025-02-22,LAK,UTA,5.0,3.0,1.0,0.49848159931977415,0.49848159931977415,UTA,LAK,False
2024020905,2025-02-22,VGK,VAN,3.0,1.0,1.0,0.6768162053169032,0.6768162053169032,VGK,VGK,True
2024020906,2025-02-23,WSH,EDM,7.0,3.0,1.0,0.49346427603887677,0.49346427603887677,EDM,WSH,False
2024020907,2025-02-23,PIT,NYR,3.0,5.0,0.0,0.5097943014868067,0.5097943014868067,PIT,NYR,False
2024020908,2025-02-23,DET,ANA,5.0,4.0,1.0,0.6568409368338123,0.6568409368338123,DET,DET,True
2024020909,2025-02-23,TBL,SEA,4.0,1.0,1.0,0.6521787043558208,0.6521787043558208,TBL,TBL,True
2024020910,2025-02-23,STL,COL,3.0,1.0,1.0,0.44789155604460684,0.44789155604460684,COL,STL,False
2024020911,2025-02-23,NSH,NJD,0.0,5.0,0.0,0.5881050427365622,0.5881050427365622,NSH,NJD,False
2024020912,2025-02-23,CHI,TOR,2.0,5.0,0.0,0.47694637155395603,0.47694637155395603,TOR,TOR,True
2024020913,2025-02-23,NYI,DAL,3.0,4.0,0.0,0.5103473738081898,0.5103473738081898,NYI,DAL,False
2024020914,2025-02-23,CGY,SJS,3.0,2.0,1.0,0.6032844554849456,0.6032844554849456,CGY,CGY,True
2024020915,2025-02-23,UTA,VAN,2.0,1.0,1.0,0.5959250125339265,0.5959250125339265,UTA,UTA,True
2024020916,2025-02-24,WPG,SJS,2.0,1.0,1.0,0.6769897228544962,0.6769897228544962,WPG,WPG,True
2024020917,2025-02-24,LAK,VGK,5.0,2.0,1.0,0.5126480860098089,0.5126480860098089,LAK,LAK,True
2024020918,2025-02-25,BOS,TOR,4.0,5.0,0.0,0.5117097337021764,0.5117097337021764,BOS,TOR,False
2024020919,2025-02-25,BUF,ANA,3.0,2.0,1.0,0.6304260953718576,0.6304260953718576,BUF,BUF,True
2024020920,2025-02-25,MTL,CAR,4.0,0.0,1.0,0.5577684671149774,0.5577684671149774,MTL,MTL,True
2024020921,2025-02-25,TBL,EDM,4.0,1.0,1.0,0.5355089521962747,0.5355089521962747,TBL,TBL,True
2024020922,2025-02-25,PHI,PIT,6.0,1.0,1.0,0.5491595160492929,0.5491595160492929,PHI,PHI,True
2024020923,2025-02-25,WSH,CGY,1.0,3.0,0.0,0.6238110337212728,0.6238110337212728,WSH,CGY,False
2024020924,2025-02-25,CBJ,DAL,6.0,4.0,1.0,0.48442422126129614,0.48442422126129614,DAL,CBJ,False
2024020925,2025-02-25,NYI,NYR,1.0,5.0,0.0,0.4855676498317644,0.4855676498317644,NYR,NYR,True
2024020926,2025-02-25,STL,SEA,7.0,2.0,1.0,0.4951570440915244,0.4951570440915244,SEA,STL,False
2024020927,2025-02-25,NSH,FLA,1.0,4.0,0.0,0.4695593663118966,0.4695593663118966,FLA,FLA,True
2024020928,2025-02-25,MIN,DET,2.0,3.0,0.0,0.39303591438924773,0.39303591438924773,DET,DET,True
2024020929,2025-02-25,UTA,CHI,2.0,1.0,1.0,0.6330043205423571,0.6330043205423571,UTA,UTA,True
2024020930,2025-02-26,OTT,WPG,1.0,4.0,0.0,0.4618580572059248,0.4618580572059248,WPG,WPG,True
2024020931,2025-02-26,COL,NJD,5.0,1.0,1.0,0.5442092163225908,0.5442092163225908,COL,COL,True
2024020932,2025-02-26,LAK,VAN,2.0,3.0,0.0,0.6585904185494046,0.6585904185494046,LAK,VAN,False
2024020933,2025-02-27,BOS,NYI,1.0,2.0,0.0,0.4806498897982429,0.4806498897982429,NYI,NYI,True
2024020934,2025-02-27,MTL,SJS,4.0,3.0,1.0,0.6526407716955739,0.6526407716955739,MTL,MTL,True
2024020935,2025-02-27,DET,CBJ,2.0,5.0,0.0,0.6543006593473012,0.6543006593473012,DET,CBJ,False
2024020936,2025-02-27,TBL,CGY,3.0,0.0,1.0,0.6419613575697241,0.6419613575697241,TBL,TBL,True
2024020937,2025-02-27,FLA,EDM,4.0,3.0,1.0,0.6261978573407623,0.6261978573407623,FLA,FLA,True
2024020938,2025-02-27,PIT,PHI,5.0,4.0,1.0,0.5314608801980014,0.5314608801980014,PIT,PIT,True
2024020939,2025-02-27,WSH,STL,2.0,5.0,0.0,0.6197907398700149,0.6197907398700149,WSH,STL,False
2024020940,2025-02-27,CAR,BUF,5.0,2.0,1.0,0.5932631507820763,0.5932631507820763,CAR,CAR,True
2024020941,2025-02-27,NSH,WPG,2.0,1.0,1.0,0.45359222095873214,0.45359222095873214,WPG,NSH,False
2024020942,2025-02-27,UTA,MIN,6.0,1.0,1.0,0.5164626001561419,0.5164626001561419,UTA,UTA,True
2024020943,2025-02-27,VGK,CHI,7.0,5.0,1.0,0.7419382033630658,0.7419382033630658,VGK,VGK,True
2024020944,2025-02-27,ANA,VAN,5.0,2.0,1.0,0.5544479347056107,0.5544479347056107,ANA,ANA,True
2024020945,2025-02-28,NYR,TOR,2.0,3.0,0.0,0.4541053680800982,0.4541053680800982,TOR,TOR,True
2024020946,2025-02-28,DAL,LAK,6.0,2.0,1.0,0.5846911585043937,0.5846911585043937,DAL,DAL,True
2024020947,2025-02-28,COL,MIN,5.0,2.0,1.0,0.5662698091850505,0.5662698091850505,COL,COL,True
2024020948,2025-03-01,CBJ,DET,5.0,3.0,1.0,0.48360653921739666,0.48360653921739666,DET,CBJ,False
2024020949,2025-03-01,NYI,NSH,7.0,4.0,1.0,0.635452937102226,0.635452937102226,NYI,NYI,True
2024020950,2025-03-01,WSH,TBL,1.0,3.0,0.0,0.6134401160671081,0.6134401160671081,WSH,TBL,False
2024020951,2025-03-01,FLA,CGY,3.0,0.0,1.0,0.6428326711572213,0.6428326711572213,FLA,FLA,True
2024020952,2025-03-01,PIT,BOS,2.0,3.0,0.0,0.48728529378518787,0.48728529378518787,BOS,BOS,True
2024020953,2025-03-01,BUF,MTL,2.0,4.0,0.0,0.5324399113081553,0.5324399113081553,BUF,MTL,False
2024020954,2025-03-01,OTT,SJS,5.0,3.0,1.0,0.6430147344279508,0.6430147344279508,OTT,OTT,True
2024020955,2025-03-01,CAR,EDM,1.0,3.0,0.0,0.6345699715572272,0.6345699715572272,CAR,EDM,False
2024020956,2025-03-01,WPG,PHI,1.0,2.0,0.0,0.5464536252569234,0.5464536252569234,WPG,PHI,False
2024020957,2025-03-01,STL,LAK,4.0,1.0,1.0,0.5197518402997693,0.5197518402997693,STL,STL,True
2024020958,2025-03-01,UTA,NJD,1.0,3.0,0.0,0.5221112760463811,0.5221112760463811,UTA,NJD,False
2024020959,2025-03-01,ANA,CHI,3.0,6.0,0.0,0.6389721115786211,0.6389721115786211,ANA,CHI,False
2024020960,2025-03-01,SEA,VAN,6.0,3.0,1.0,0.5612860854856784,0.5612860854856784,SEA,SEA,True
2024020961,2025-03-02,PIT,TOR,5.0,6.0,0.0,0.48229346140008167,0.48229346140008167,TOR,TOR,True
2024020962,2025-03-02,MIN,BOS,1.0,0.0,1.0,0.5487061615851379,0.5487061615851379,MIN,MIN,True
2024020963,2025-03-02,CAR,CGY,2.0,1.0,1.0,0.6404544540642386,0.6404544540642386,CAR,CAR,True
2024020964,2025-03-02,DAL,STL,6.0,3.0,1.0,0.5926832717330593,0.5926832717330593,DAL,DAL,True
2024020965,2025-03-02,NYR,NSH,4.0,0.0,1.0,0.617120872772339,0.617120872772339,NYR,NYR,True
2024020966,2025-03-02,VGK,NJD,2.0,0.0,1.0,0.5913538718073601,0.5913538718073601,VGK,VGK,True
2024020967,2025-03-03,WSH,OTT,5.0,4.0,1.0,0.6187647775664076,0.6187647775664076,WSH,WSH,True
2024020968,2025-03-03,MTL,BUF,4.0,3.0,1.0,0.5443729056898792,0.5443729056898792,MTL,MTL,True
2024020969,2025-03-03,FLA,TBL,2.0,1.0,1.0,0.618024714800489,0.618024714800489,FLA,FLA,True
2024020970,2025-03-03,NYR,NYI,4.0,0.0,1.0,0.5295653779712425,0.5295653779712425,NYR,NYR,True
2024020971,2025-03-03,TOR,SJS,2.0,3.0,0.0,0.6962778960408303,0.6962778960408303,TOR,SJS,False
2024020972,2025-03-03,CHI,LAK,5.0,1.0,1.0,0.5111871310872098,0.5111871310872098,CHI,CHI,True
2024020973,2025-03-04,BOS,NSH,3.0,6.0,0.0,0.5645580272798147,0.5645580272798147,BOS,NSH,False
2024020974,2025-03-04,BUF,SJS,2.0,6.0,0.0,0.7028578495407269,0.7028578495407269,BUF,SJS,False
2024020975,2025-03-04,DET,CAR,1.0,2.0,0.0,0.5653732131842878,0.5653732131842878,DET,CAR,False
2024020976,2025-03-04,TBL,CBJ,6.0,2.0,1.0,0.6697629950121408,0.6697629950121408,TBL,TBL,True
2024020977,2025-03-04,PHI,CGY,3.0,6.0,0.0,0.6839862707645463,0.6839862707645463,PHI,CGY,False
2024020978,2025-03-04,NYI,WPG,3.0,2.0,1.0,0.4604284849224616,0.4604284849224616,WPG,NYI,False
2024020979,2025-03-04,DAL,NJD,4.0,3.0,1.0,0.46098027658604757,0.46098027658604757,NJD,DAL,False
2024020980,2025-03-04,COL,PIT,4.0,1.0,1.0,0.6417561974762589,0.6417561974762589,COL,COL,True
2024020981,2025-03-04,EDM,ANA,2.0,6.0,0.0,0.5834541062122297,0.5834541062122297,EDM,ANA,False
2024020982,2025-03-04,SEA,MIN,3.0,4.0,0.0,0.47891608906683786,0.47891608906683786,MIN,MIN,True
2024020983,2025-03-05,NYR,WSH,2.0,3.0,0.0,0.412891057010796,0.412891057010796,WSH,WSH,True
2024020984,2025-03-05,CHI,OTT,3.0,4.0,0.0,0.4828606290654916,0.4828606290654916,OTT,OTT,True
2024020985,2025-03-05,VGK,TOR,5.0,2.0,1.0,0.61318421226686,0.61318421226686,VGK,VGK,True
2024020986,2025-03-05,VAN,ANA,3.0,2.0,1.0,0.5556255403951385,0.5556255403951385,VAN,VAN,True
2024020987,2025-03-05,LAK,STL,2.0,3.0,0.0,0.562178820441775,0.562178820441775,LAK,STL,False
2024020988,2025-03-06,DET,UTA,2.0,4.0,0.0,0.4254783970217801,0.4254783970217801,UTA,UTA,True
2024020989,2025-03-06,TBL,BUF,6.0,5.0,1.0,0.6406347034376402,0.6406347034376402,TBL,TBL,True
2024020990,2025-03-06,FLA,CBJ,3.0,0.0,1.0,0.7289840739603535,0.7289840739603535,FLA,FLA,True
2024020991,2025-03-06,PHI,WPG,1.0,4.0,0.0,0.5024869013715677,0.5024869013715677,PHI,WPG,False
2024020992,2025-03-06,CAR,BOS,3.0,2.0,1.0,0.6382788872876689,0.6382788872876689,CAR,CAR,True
2024020993,2025-03-06,NSH,SEA,5.0,3.0,1.0,0.5529305760600981,0.5529305760600981,NSH,NSH,True
2024020994,2025-03-06,DAL,CGY,3.0,2.0,1.0,0.6877068654712356,0.6877068654712356,DAL,DAL,True
2024020995,2025-03-06,EDM,MTL,3.0,2.0,1.0,0.5593170557258775,0.5593170557258775,EDM,EDM,True
2024020996,2025-03-06,COL,SJS,7.0,3.0,1.0,0.7229594372045347,0.7229594372045347,COL,COL,True
2024020997,2025-03-07,NJD,WPG,1.0,6.0,0.0,0.5292133755981121,0.5292133755981121,NJD,WPG,False
2024020998,2025-03-07,WSH,DET,5.0,2.0,1.0,0.5023840118941584,0.5023840118941584,WSH,WSH,True
2024020999,2025-03-07,CHI,UTA,4.0,3.0,1.0,0.39741324379216497,0.39741324379216497,UTA,CHI,False
2024021000,2025-03-07,VAN,MIN,3.0,1.0,1.0,0.5240169635431913,0.5240169635431913,VAN,VAN,True
2024021001,2025-03-07,VGK,PIT,4.0,0.0,1.0,0.6936813260972231,0.6936813260972231,VGK,VGK,True
2024021002,2025-03-07,ANA,STL,3.0,4.0,0.0,0.4004757855478219,0.4004757855478219,STL,STL,True
2024021003,2025-03-08,OTT,NYR,4.0,3.0,1.0,0.5088142419647604,0.5088142419647604,OTT,OTT,True
2024021004,2025-03-08,PHI,SEA,1.0,4.0,0.0,0.5895074390538302,0.5895074390538302,PHI,SEA,False
2024021005,2025-03-08,TBL,BOS,0.0,4.0,0.0,0.6364756862149394,0.6364756862149394,TBL,BOS,False
2024021006,2025-03-08,FLA,BUF,4.0,0.0,1.0,0.7059115923889066,0.7059115923889066,FLA,FLA,True
2024021007,2025-03-08,COL,TOR,7.0,4.0,1.0,0.571721911406652,0.571721911406652,COL,COL,True
2024021008,2025-03-08,CGY,MTL,1.0,0.0,1.0,0.5226778796463639,0.5226778796463639,CGY,CGY,True
2024021009,2025-03-08,NSH,CHI,3.0,2.0,1.0,0.6957924450355499,0.6957924450355499,NSH,NSH,True
2024021010,2025-03-08,LAK,STL,2.0,1.0,1.0,0.5470792002737395,0.5470792002737395,LAK,LAK,True
2024021011,2025-03-08,EDM,DAL,5.0,4.0,1.0,0.5971655271598729,0.5971655271598729,EDM,EDM,True
2024021012,2025-03-08,SJS,NYI,2.0,4.0,0.0,0.5045749600429914,0.5045749600429914,SJS,NYI,False
2024021013,2025-03-09,PHI,NJD,1.0,3.0,0.0,0.5262007085887651,0.5262007085887651,PHI,NJD,False
2024021014,2025-03-09,WSH,SEA,4.0,2.0,1.0,0.577266109507576,0.577266109507576,WSH,WSH,True
2024021015,2025-03-09,MIN,PIT,1.0,3.0,0.0,0.554209021094206,0.554209021094206,MIN,PIT,False
2024021016,2025-03-09,CAR,WPG,4.0,2.0,1.0,0.6082295136989847,0.6082295136989847,CAR,CAR,True
2024021017,2025-03-09,NYR,CBJ,3.0,7.0,0.0,0.6616320268901694,0.6616320268901694,NYR,CBJ,False
2024021018,2025-03-09,VGK,LAK,5.0,6.0,0.0,0.698447014698519,0.698447014698519,VGK,LAK,False
2024021019,2025-03-09,VAN,DAL,1.0,4.0,0.0,0.5081050384635798,0.5081050384635798,VAN,DAL,False
2024021020,2025-03-09,ANA,NYI,4.0,1.0,1.0,0.5839301418336736,0.5839301418336736,ANA,ANA,True
2024021021,2025-03-10,BUF,EDM,3.0,2.0,1.0,0.49254200301967405,0.49254200301967405,EDM,BUF,False
2024021022,2025-03-10,OTT,DET,2.0,1.0,1.0,0.4270284269128899,0.4270284269128899,DET,OTT,False
2024021023,2025-03-10,COL,CHI,3.0,0.0,1.0,0.7186690773007978,0.7186690773007978,COL,COL,True
2024021024,2025-03-10,UTA,TOR,3.0,4.0,0.0,0.5289587760365312,0.5289587760365312,UTA,TOR,False
2024021025,2025-03-11,BOS,FLA,3.0,2.0,1.0,0.4973984171977337,0.4973984171977337,FLA,BOS,False
2024021026,2025-03-11,NJD,CBJ,5.0,3.0,1.0,0.614060455888555,0.614060455888555,NJD,NJD,True
2024021027,2025-03-11,PHI,OTT,2.0,5.0,0.0,0.6509666629620363,0.6509666629620363,PHI,OTT,False
2024021028,2025-03-11,PIT,VGK,3.0,2.0,1.0,0.4622040788408682,0.4622040788408682,VGK,PIT,False
2024021029,2025-03-11,CAR,TBL,4.0,1.0,1.0,0.5982275454617366,0.5982275454617366,CAR,CAR,True
2024021030,2025-03-11,MIN,COL,2.0,1.0,1.0,0.5362547747489687,0.5362547747489687,MIN,MIN,True
2024021031,2025-03-11,WPG,NYR,2.0,1.0,1.0,0.651244432494887,0.651244432494887,WPG,WPG,True
2024021032,2025-03-11,VAN,MTL,2.0,4.0,0.0,0.47574931352882605,0.47574931352882605,MTL,MTL,True
2024021033,2025-03-11,ANA,WSH,4.0,7.0,0.0,0.36520211183916806,0.36520211183916806,WSH,WSH,True
2024021034,2025-03-11,LAK,NYI,4.0,1.0,1.0,0.5928659393391088,0.5928659393391088,LAK,LAK,True
2024021035,2025-03-11,SJS,NSH,2.0,3.0,0.0,0.48347645287341884,0.48347645287341884,NSH,NSH,True
2024021036,2025-03-12,DET,BUF,7.0,3.0,1.0,0.6491084930955926,0.6491084930955926,DET,DET,True
2024021037,2025-03-12,CGY,VAN,3.0,4.0,0.0,0.5382649128304224,0.5382649128304224,CGY,VAN,False
2024021038,2025-03-12,UTA,ANA,3.0,2.0,1.0,0.6855430699793439,0.6855430699793439,UTA,UTA,True
2024021039,2025-03-12,SEA,MTL,5.0,4.0,1.0,0.58645784031589,0.58645784031589,SEA,SEA,True
2024021040,2025-03-13,TOR,FLA,2.0,3.0,0.0,0.4990731547495886,0.4990731547495886,FLA,FLA,True
2024021041,2025-03-13,OTT,BOS,6.0,3.0,1.0,0.5953004844058813,0.5953004844058813,OTT,OTT,True
2024021042,2025-03-13,NJD,EDM,3.0,2.0,1.0,0.4810286445158871,0.4810286445158871,EDM,NJD,False
2024021043,2025-03-13,PHI,TBL,4.0,3.0,1.0,0.5305244902787108,0.5305244902787108,PHI,PHI,True
2024021044,2025-03-13,PIT,STL,5.0,3.0,1.0,0.4790050981452469,0.4790050981452469,STL,PIT,False
2024021045,2025-03-13,CBJ,VGK,0.0,4.0,0.0,0.5239951741672775,0.5239951741672775,CBJ,VGK,False
2024021046,2025-03-13,MIN,NYR,2.0,3.0,0.0,0.5223492871537483,0.5223492871537483,MIN,NYR,False
2024021047,2025-03-13,LAK,WSH,3.0,0.0,1.0,0.45053884880802725,0.45053884880802725,WSH,LAK,False
2024021048,2025-03-13,SJS,CHI,4.0,2.0,1.0,0.6245161568131214,0.6245161568131214,SJS,SJS,True
2024021049,2025-03-14,CAR,DET,4.0,2.0,1.0,0.6640195730924547,0.6640195730924547,CAR,CAR,True
2024021050,2025-03-14,NYI,EDM,1.0,2.0,0.0,0.4948684983821083,0.4948684983821083,EDM,EDM,True
2024021051,2025-03-14,WPG,DAL,4.0,1.0,1.0,0.6112028000600962,0.6112028000600962,WPG,WPG,True
2024021052,2025-03-14,CGY,COL,2.0,4.0,0.0,0.4697553319635526,0.4697553319635526,COL,COL,True
2024021053,2025-03-14,ANA,NSH,2.0,1.0,1.0,0.4183865652932091,0.4183865652932091,NSH,ANA,False
2024021054,2025-03-14,SEA,UTA,4.0,2.0,1.0,0.4957573440002219,0.4957573440002219,UTA,SEA,False
2024021055,2025-03-15,BUF,VGK,4.0,3.0,1.0,0.4987939227763492,0.4987939227763492,VGK,BUF,False
2024021056,2025-03-15,PIT,NJD,7.0,3.0,1.0,0.45787300443072004,0.45787300443072004,NJD,PIT,False
2024021057,2025-03-15,SJS,WSH,1.0,5.0,0.0,0.40719135626456393,0.40719135626456393,WSH,WSH,True
2024021058,2025-03-15,BOS,TBL,2.0,6.0,0.0,0.5327064674319921,0.5327064674319921,BOS,TBL,False
2024021059,2025-03-15,TOR,OTT,2.0,4.0,0.0,0.5686982471053311,0.5686982471053311,TOR,OTT,False
2024021060,2025-03-15,MTL,FLA,3.0,1.0,1.0,0.46723299637327953,0.46723299637327953,FLA,MTL,False
2024021061,2025-03-15,PHI,CAR,0.0,5.0,0.0,0.5979893602428932,0.5979893602428932,PHI,CAR,False
2024021062,2025-03-15,CBJ,NYR,0.0,4.0,0.0,0.5466604473221186,0.5466604473221186,CBJ,NYR,False
2024021063,2025-03-15,MIN,STL,1.0,5.0,0.0,0.38714564276760893,0.38714564276760893,STL,STL,True
2024021064,2025-03-15,LAK,NSH,1.0,0.0,1.0,0.5529695064137977,0.5529695064137977,LAK,LAK,True
2024021065,2025-03-15,VAN,CHI,6.0,2.0,1.0,0.6531888119395806,0.6531888119395806,VAN,VAN,True
2024021066,2025-03-16,DET,VGK,3.0,0.0,1.0,0.5270627846107446,0.5270627846107446,DET,DET,True
2024021067,2025-03-16,COL,DAL,4.0,3.0,1.0,0.546711587704995,0.546711587704995,COL,COL,True
2024021068,2025-03-16,STL,ANA,7.0,2.0,1.0,0.6023974254244331,0.6023974254244331,STL,STL,True
2024021069,2025-03-16,NYR,EDM,1.0,3.0,0.0,0.41731346688848925,0.41731346688848925,EDM,EDM,True
2024021070,2025-03-16,NYI,FLA,4.0,2.0,1.0,0.5013191929818307,0.5013191929818307,NYI,NYI,True
2024021071,2025-03-16,VAN,UTA,1.0,3.0,0.0,0.42984100411165876,0.42984100411165876,UTA,UTA,True
2024021072,2025-03-16,SEA,WPG,2.0,3.0,0.0,0.49246546904352984,0.49246546904352984,WPG,WPG,True
2024021073,2025-03-17,BOS,BUF,2.0,3.0,0.0,0.5247084611564357,0.5247084611564357,BOS,BUF,False
2024021074,2025-03-17,TBL,PHI,2.0,0.0,1.0,0.6370149406675454,0.6370149406675454,TBL,TBL,True
2024021075,2025-03-17,CBJ,NJD,1.0,2.0,0.0,0.5283561990197388,0.5283561990197388,CBJ,NJD,False
2024021076,2025-03-17,TOR,CGY,6.0,2.0,1.0,0.587118310132729,0.587118310132729,TOR,TOR,True
2024021077,2025-03-17,MIN,LAK,3.0,1.0,1.0,0.5749161473462058,0.5749161473462058,MIN,MIN,True
2024021078,2025-03-18,MTL,OTT,6.0,3.0,1.0,0.474562523068698,0.474562523068698,OTT,MTL,False
2024021079,2025-03-18,NYR,CGY,1.0,2.0,0.0,0.6017002429396513,0.6017002429396513,NYR,CGY,False
2024021080,2025-03-18,PIT,NYI,2.0,4.0,0.0,0.5162960760698103,0.5162960760698103,PIT,NYI,False
2024021081,2025-03-18,WSH,DET,4.0,1.0,1.0,0.5624614229411834,0.5624614229411834,WSH,WSH,True
2024021082,2025-03-18,NSH,STL,1.0,4.0,0.0,0.6392505616997318,0.6392505616997318,NSH,STL,False
2024021083,2025-03-18,DAL,ANA,4.0,3.0,1.0,0.7000146767366394,0.7000146767366394,DAL,DAL,True
2024021084,2025-03-18,CHI,SEA,2.0,6.0,0.0,0.501054150982151,0.501054150982151,CHI,SEA,False
2024021085,2025-03-18,EDM,UTA,7.0,1.0,1.0,0.5375351740682512,0.5375351740682512,EDM,EDM,True
2024021086,2025-03-18,VAN,WPG,6.0,2.0,1.0,0.5116407497806887,0.5116407497806887,VAN,VAN,True
2024021087,2025-03-19,TOR,COL,2.0,1.0,1.0,0.5056974859028465,0.5056974859028465,TOR,TOR,True
2024021088,2025-03-19,MIN,SEA,4.0,0.0,1.0,0.5139789378796664,0.5139789378796664,MIN,MIN,True
2024021089,2025-03-20,OTT,COL,1.0,5.0,0.0,0.5035011310589452,0.5035011310589452,OTT,COL,False
2024021090,2025-03-20,NJD,CGY,3.0,5.0,0.0,0.5445065066425134,0.5445065066425134,NJD,CGY,False
2024021091,2025-03-20,NYR,TOR,3.0,4.0,0.0,0.5234489863681968,0.5234489863681968,NYR,TOR,False
2024021092,2025-03-20,WSH,PHI,3.0,2.0,1.0,0.6444700395280051,0.6444700395280051,WSH,WSH,True
2024021093,2025-03-20,CBJ,FLA,0.0,1.0,0.0,0.5480170085283369,0.5480170085283369,CBJ,FLA,False
2024021094,2025-03-20,NYI,MTL,4.0,3.0,1.0,0.6031455615687618,0.6031455615687618,NYI,NYI,True
2024021095,2025-03-20,STL,VAN,4.0,3.0,1.0,0.6055043624389305,0.6055043624389305,STL,STL,True
2024021096,2025-03-20,NSH,ANA,1.0,4.0,0.0,0.690231234229251,0.690231234229251,NSH,ANA,False
2024021097,2025-03-20,DAL,TBL,2.0,3.0,0.0,0.5720124026465867,0.5720124026465867,DAL,TBL,False
2024021098,2025-03-20,CHI,LAK,1.0,3.0,0.0,0.5116542915007435,0.5116542915007435,CHI,LAK,False
2024021099,2025-03-20,EDM,WPG,3.0,4.0,0.0,0.5853701955988525,0.5853701955988525,EDM,WPG,False
2024021100,2025-03-20,UTA,BUF,5.0,2.0,1.0,0.579737101427633,0.579737101427633,UTA,UTA,True
2024021101,2025-03-20,VGK,BOS,5.0,1.0,1.0,0.7035834886578992,0.7035834886578992,VGK,VGK,True
2024021102,2025-03-20,SJS,CAR,1.0,3.0,0.0,0.5664684781816881,0.5664684781816881,SJS,CAR,False
2024021103,2025-03-21,PIT,CBJ,6.0,3.0,1.0,0.5111909032020329,0.5111909032020329,PIT,PIT,True
2024021104,2025-03-22,NYR,VAN,5.0,3.0,1.0,0.5332751055211181,0.5332751055211181,NYR,NYR,True
2024021105,2025-03-22,DAL,PHI,3.0,2.0,1.0,0.6391761257985709,0.6391761257985709,DAL,DAL,True
2024021106,2025-03-22,MIN,BUF,4.0,1.0,1.0,0.5292340384702551,0.5292340384702551,MIN,MIN,True
2024021107,2025-03-22,STL,CHI,4.0,1.0,1.0,0.7213029521240882,0.7213029521240882,STL,STL,True
2024021108,2025-03-22,NYI,CGY,3.0,4.0,0.0,0.5787202706518065,0.5787202706518065,NYI,CGY,False
2024021109,2025-03-22,LAK,CAR,7.0,2.0,1.0,0.64042753983508,0.64042753983508,LAK,LAK,True
2024021110,2025-03-22,WSH,FLA,6.0,3.0,1.0,0.57490447844045,0.57490447844045,WSH,WSH,True
2024021111,2025-03-22,UTA,TBL,6.0,4.0,1.0,0.5401757689208143,0.5401757689208143,UTA,UTA,True
2024021112,2025-03-22,MTL,COL,4.0,5.0,0.0,0.4638561515153017,0.4638561515153017,COL,COL,True
2024021113,2025-03-22,NJD,OTT,2.0,3.0,0.0,0.5534061336780393,0.5534061336780393,NJD,OTT,False
2024021114,2025-03-22,NSH,TOR,5.0,2.0,1.0,0.5934689004042412,0.5934689004042412,NSH,NSH,True
2024021115,2025-03-22,VGK,DET,6.0,3.0,1.0,0.6035395126224389,0.6035395126224389,VGK,VGK,True
2024021116,2025-03-22,EDM,SEA,5.0,4.0,1.0,0.6453434110411658,0.6453434110411658,EDM,EDM,True
2024021117,2025-03-22,SJS,BOS,3.0,1.0,1.0,0.5954010104730502,0.5954010104730502,SJS,SJS,True
2024021118,2025-03-23,CHI,PHI,7.0,4.0,1.0,0.5089918875535526,0.5089918875535526,CHI,CHI,True
2024021119,2025-03-23,WPG,BUF,3.0,5.0,0.0,0.6949079345165463,0.6949079345165463,WPG,BUF,False
2024021120,2025-03-23,FLA,PIT,4.0,3.0,1.0,0.694392114294839,0.694392114294839,FLA,FLA,True
2024021121,2025-03-23,STL,NSH,4.0,1.0,1.0,0.6051665241133597,0.6051665241133597,STL,STL,True
2024021122,2025-03-23,VGK,TBL,4.0,2.0,1.0,0.5417817528295403,0.5417817528295403,VGK,VGK,True
2024021123,2025-03-23,ANA,CAR,2.0,5.0,0.0,0.5357811716675047,0.5357811716675047,ANA,CAR,False
2024021124,2025-03-23,LAK,BOS,7.0,2.0,1.0,0.7121163237546948,0.7121163237546948,LAK,LAK,True
2024021125,2025-03-24,NJD,VAN,3.0,4.0,0.0,0.5138509329337287,0.5138509329337287,NJD,VAN,False
2024021126,2025-03-24,NYI,CBJ,3.0,4.0,0.0,0.5327660390244218,0.5327660390244218,NYI,CBJ,False
2024021127,2025-03-24,DAL,MIN,3.0,0.0,1.0,0.6548058934366929,0.6548058934366929,DAL,DAL,True
2024021128,2025-03-24,UTA,DET,1.0,5.0,0.0,0.5242473937745535,0.5242473937745535,UTA,DET,False
2024021129,2025-03-25,BUF,OTT,3.0,2.0,1.0,0.5831514451893878,0.5831514451893878,BUF,BUF,True
2024021130,2025-03-25,TOR,PHI,7.0,2.0,1.0,0.5973781899145185,0.5973781899145185,TOR,TOR,True
2024021131,2025-03-25,TBL,PIT,6.0,1.0,1.0,0.7332867980432407,0.7332867980432407,TBL,TBL,True
2024021132,2025-03-25,CAR,NSH,1.0,3.0,0.0,0.6650625374288772,0.6650625374288772,CAR,NSH,False
2024021133,2025-03-25,STL,MTL,6.0,1.0,1.0,0.5461672864327748,0.5461672864327748,STL,STL,True
2024021134,2025-03-25,MIN,VGK,1.0,5.0,0.0,0.5115407560606084,0.5115407560606084,MIN,VGK,False
2024021135,2025-03-25,WPG,WSH,3.0,2.0,1.0,0.6133647147734446,0.6133647147734446,WPG,WPG,True
2024021136,2025-03-25,COL,DET,5.0,2.0,1.0,0.6735790351654208,0.6735790351654208,COL,COL,True
2024021137,2025-03-25,CGY,SEA,4.0,3.0,1.0,0.5388357812726071,0.5388357812726071,CGY,CGY,True
2024021138,2025-03-25,LAK,NYR,3.0,1.0,1.0,0.6375622244760685,0.6375622244760685,LAK,LAK,True
2024021139,2025-03-26,NYI,VAN,2.0,5.0,0.0,0.6053258371731732,0.6053258371731732,NYI,VAN,False
2024021140,2025-03-26,CHI,NJD,3.0,5.0,0.0,0.49393295946041454,0.49393295946041454,NJD,NJD,True
2024021141,2025-03-26,EDM,DAL,3.0,4.0,0.0,0.6366431878080255,0.6366431878080255,EDM,DAL,False
2024021142,2025-03-26,ANA,BOS,6.0,2.0,1.0,0.6443656702665786,0.6443656702665786,ANA,ANA,True
2024021143,2025-03-27,BUF,PIT,7.0,3.0,1.0,0.6536962198141802,0.6536962198141802,BUF,BUF,True
2024021144,2025-03-27,DET,OTT,3.0,4.0,0.0,0.6334066787821818,0.6334066787821818,DET,OTT,False
2024021145,2025-03-27,TBL,UTA,8.0,0.0,1.0,0.6623934162043615,0.6623934162043615,TBL,TBL,True
2024021146,2025-03-27,PHI,MTL,6.0,4.0,1.0,0.6103139990424944,0.6103139990424944,PHI,PHI,True
2024021147,2025-03-27,NSH,STL,2.0,3.0,0.0,0.5708097093711564,0.5708097093711564,NSH,STL,False
2024021148,2025-03-27,MIN,WSH,4.0,2.0,1.0,0.46107245408446274,0.46107245408446274,WSH,MIN,False
2024021149,2025-03-27,COL,LAK,4.0,0.0,1.0,0.6822869569029409,0.6822869569029409,COL,COL,True
2024021150,2025-03-27,CGY,DAL,2.0,5.0,0.0,0.6019436614712731,0.6019436614712731,CGY,DAL,False
2024021151,2025-03-27,SEA,EDM,6.0,1.0,1.0,0.4410892564253521,0.4410892564253521,EDM,SEA,False
2024021152,2025-03-27,SJS,TOR,6.0,5.0,1.0,0.4865011872660639,0.4865011872660639,TOR,SJS,False
2024021153,2025-03-28,FLA,UTA,2.0,1.0,1.0,0.6662174129597365,0.6662174129597365,FLA,FLA,True
2024021154,2025-03-28,CAR,MTL,4.0,1.0,1.0,0.6701433564160089,0.6701433564160089,CAR,CAR,True
2024021155,2025-03-28,CBJ,VAN,7.0,6.0,1.0,0.5399438196270695,0.5399438196270695,CBJ,CBJ,True
2024021156,2025-03-28,WPG,NJD,4.0,0.0,1.0,0.6654525205142908,0.6654525205142908,WPG,WPG,True
2024021157,2025-03-28,CHI,VGK,3.0,5.0,0.0,0.4835675344790629,0.4835675344790629,VGK,VGK,True
2024021158,2025-03-28,ANA,NYR,5.0,4.0,1.0,0.598377405697109,0.598377405697109,ANA,ANA,True
2024021159,2025-03-29,PHI,BUF,7.0,4.0,1.0,0.6377830554732441,0.6377830554732441,PHI,PHI,True
2024021160,2025-03-29,TBL,NYI,5.0,3.0,1.0,0.6701332419740232,0.6701332419740232,TBL,TBL,True
2024021161,2025-03-29,COL,STL,1.0,2.0,0.0,0.6597852097182583,0.6597852097182583,COL,STL,False
2024021162,2025-03-29,MIN,NJD,2.0,5.0,0.0,0.4516143308290856,0.4516143308290856,NJD,NJD,True
2024021163,2025-03-29,NSH,VGK,1.0,3.0,0.0,0.5308299267945926,0.5308299267945926,NSH,VGK,False
2024021164,2025-03-29,OTT,CBJ,3.0,2.0,1.0,0.5841242785986958,0.5841242785986958,OTT,OTT,True
2024021165,2025-03-29,LAK,TOR,1.0,3.0,0.0,0.6328846158231215,0.6328846158231215,LAK,TOR,False
2024021166,2025-03-29,DET,BOS,2.0,1.0,1.0,0.6840813936035937,0.6840813936035937,DET,DET,True
2024021167,2025-03-29,EDM,CGY,3.0,2.0,1.0,0.5464364959202951,0.5464364959202951,EDM,EDM,True
2024021168,2025-03-29,SJS,NYR,1.0,6.0,0.0,0.47819728447316917,0.47819728447316917,NYR,NYR,True
2024021169,2025-03-29,SEA,DAL,1.0,5.0,0.0,0.5453379621841892,0.5453379621841892,SEA,DAL,False
2024021170,2025-03-30,FLA,MTL,2.0,4.0,0.0,0.6656822043484322,0.6656822043484322,FLA,MTL,False
2024021171,2025-03-30,WSH,BUF,5.0,8.0,0.0,0.6990148828462448,0.6990148828462448,WSH,BUF,False
2024021172,2025-03-30,WPG,VAN,3.0,1.0,1.0,0.661054436300134,0.661054436300134,WPG,WPG,True
2024021173,2025-03-30,CHI,UTA,2.0,5.0,0.0,0.48454645962837684,0.48454645962837684,UTA,UTA,True
2024021174,2025-03-30,PIT,OTT,1.0,0.0,1.0,0.5318276680206244,0.5318276680206244,PIT,PIT,True
2024021175,2025-03-30,CAR,NYI,6.0,4.0,1.0,0.6888929614313116,0.6888929614313116,CAR,CAR,True
2024021176,2025-03-30,ANA,TOR,2.0,3.0,0.0,0.4979179686752783,0.4979179686752783,TOR,TOR,True
2024021177,2025-03-30,LAK,SJS,8.0,1.0,1.0,0.7172151462349167,0.7172151462349167,LAK,LAK,True
2024021178,2025-03-31,NJD,MIN,3.0,2.0,1.0,0.6166814248742097,0.6166814248742097,NJD,NJD,True
2024021179,2025-03-31,PHI,NSH,2.0,1.0,1.0,0.6311851579114788,0.6311851579114788,PHI,PHI,True
2024021180,2025-03-31,COL,CGY,2.0,3.0,0.0,0.653958712284391,0.653958712284391,COL,CGY,False
2024021181,2025-03-31,SEA,DAL,1.0,3.0,0.0,0.5642883889554141,0.5642883889554141,SEA,DAL,False
2024021182,2025-04-01,BOS,WSH,3.0,4.0,0.0,0.4774916476674239,0.4774916476674239,WSH,WSH,True
2024021183,2025-04-01,MTL,FLA,3.0,2.0,1.0,0.4344815940283951,0.4344815940283951,FLA,MTL,False
2024021184,2025-04-01,OTT,BUF,2.0,5.0,0.0,0.6579579309206207,0.6579579309206207,OTT,BUF,False
2024021185,2025-04-01,CBJ,NSH,8.0,4.0,1.0,0.6460849312372541,0.6460849312372541,CBJ,CBJ,True
2024021186,2025-04-01,NYI,TBL,1.0,4.0,0.0,0.5576198708990009,0.5576198708990009,NYI,TBL,False
2024021187,2025-04-01,STL,DET,2.0,1.0,1.0,0.6064818515689407,0.6064818515689407,STL,STL,True
2024021188,2025-04-01,UTA,CGY,3.0,1.0,1.0,0.6005863482936307,0.6005863482936307,UTA,UTA,True
2024021189,2025-04-01,VGK,EDM,2.0,3.0,0.0,0.618476967578812,0.618476967578812,VGK,EDM,False
2024021190,2025-04-01,ANA,SJS,4.0,3.0,1.0,0.70492801404402,0.70492801404402,ANA,ANA,True
2024021191,2025-04-01,LAK,WPG,4.0,1.0,1.0,0.6288077270728847,0.6288077270728847,LAK,LAK,True
2024021192,2025-04-02,NYR,MIN,5.0,4.0,1.0,0.539404385156484,0.539404385156484,NYR,NYR,True
2024021193,2025-04-02,CAR,WSH,5.0,1.0,1.0,0.6248185903039585,0.6248185903039585,CAR,CAR,True
2024021194,2025-04-02,TOR,FLA,3.0,2.0,1.0,0.499164541071895,0.499164541071895,FLA,TOR,False
2024021195,2025-04-02,CHI,COL,2.0,3.0,0.0,0.5088007211521036,0.5088007211521036,CHI,COL,False
2024021196,2025-04-02,VAN,SEA,0.0,5.0,0.0,0.5426701314759457,0.5426701314759457,VAN,SEA,False
2024021197,2025-04-03,MTL,BOS,4.0,1.0,1.0,0.6592627995084818,0.6592627995084818,MTL,MTL,True
2024021198,2025-04-03,OTT,TBL,2.0,1.0,1.0,0.5319504382788879,0.5319504382788879,OTT,OTT,True
2024021199,2025-04-03,CBJ,COL,3.0,7.0,0.0,0.49018269396880204,0.49018269396880204,COL,COL,True
2024021200,2025-04-03,STL,PIT,5.0,4.0,1.0,0.7008335472033014,0.7008335472033014,STL,STL,True
2024021201,2025-04-03,DAL,NSH,5.0,1.0,1.0,0.7052343647902646,0.7052343647902646,DAL,DAL,True
2024021202,2025-04-03,UTA,LAK,2.0,4.0,0.0,0.5604821209549233,0.5604821209549233,UTA,LAK,False
2024021203,2025-04-03,CGY,ANA,4.0,1.0,1.0,0.52992050425917,0.52992050425917,CGY,CGY,True
2024021204,2025-04-03,VGK,WPG,0.0,4.0,0.0,0.6541928644666174,0.6541928644666174,VGK,WPG,False
2024021205,2025-04-03,SJS,EDM,2.0,3.0,0.0,0.3858856507647011,0.3858856507647011,EDM,EDM,True
2024021206,2025-04-04,DET,CAR,5.0,3.0,1.0,0.5705137159796717,0.5705137159796717,DET,DET,True
2024021207,2025-04-04,WSH,CHI,5.0,3.0,1.0,0.7168560837608742,0.7168560837608742,WSH,WSH,True
2024021208,2025-04-04,NYI,MIN,3.0,1.0,1.0,0.5803707770618572,0.5803707770618572,NYI,NYI,True
2024021209,2025-04-05,NJD,NYR,4.0,0.0,1.0,0.6130408094255125,0.6130408094255125,NJD,NJD,True
2024021210,2025-04-05,OTT,FLA,3.0,0.0,1.0,0.4777906370908817,0.4777906370908817,FLA,OTT,False
2024021211,2025-04-05,DAL,PIT,3.0,5.0,0.0,0.6320645910263694,0.6320645910263694,DAL,PIT,False
2024021212,2025-04-05,VAN,ANA,6.0,2.0,1.0,0.5058917761935292,0.5058917761935292,VAN,VAN,True
2024021213,2025-04-05,LAK,EDM,3.0,0.0,1.0,0.6101609326770877,0.6101609326770877,LAK,LAK,True
2024021214,2025-04-05,BOS,CAR,5.0,1.0,1.0,0.5061328658501918,0.5061328658501918,BOS,BOS,True
2024021215,2025-04-05,BUF,TBL,3.0,2.0,1.0,0.47542459153261474,0.47542459153261474,TBL,BUF,False
2024021216,2025-04-05,TOR,CBJ,5.0,0.0,1.0,0.6284251419352049,0.6284251419352049,TOR,TOR,True
2024021217,2025-04-05,MTL,PHI,3.0,2.0,1.0,0.6019331637222146,0.6019331637222146,MTL,MTL,True
2024021218,2025-04-05,STL,COL,5.0,4.0,1.0,0.5004911939756502,0.5004911939756502,STL,STL,True
2024021219,2025-04-05,UTA,WPG,4.0,1.0,1.0,0.530290252206215,0.530290252206215,UTA,UTA,True
2024021220,2025-04-05,CGY,VGK,2.0,3.0,0.0,0.4917190772434902,0.4917190772434902,VGK,VGK,True
2024021221,2025-04-05,SJS,SEA,1.0,5.0,0.0,0.4337298716776662,0.4337298716776662,SEA,SEA,True
2024021222,2025-04-06,NYI,WSH,4.0,1.0,1.0,0.42850976329345797,0.42850976329345797,WSH,NYI,False
2024021223,2025-04-06,MIN,DAL,3.0,2.0,1.0,0.49002740118042487,0.49002740118042487,DAL,MIN,False
2024021224,2025-04-06,OTT,CBJ,4.0,0.0,1.0,0.5980400603951584,0.5980400603951584,OTT,OTT,True
2024021225,2025-04-06,DET,FLA,2.0,1.0,1.0,0.46559704959477316,0.46559704959477316,FLA,DET,False
2024021226,2025-04-06,BUF,BOS,6.0,3.0,1.0,0.7012731399157202,0.7012731399157202,BUF,BUF,True
2024021227,2025-04-06,CHI,PIT,3.0,1.0,1.0,0.5085919161657646,0.5085919161657646,CHI,CHI,True
2024021228,2025-04-06,NSH,MTL,1.0,2.0,0.0,0.6240205606523892,0.6240205606523892,NSH,MTL,False
2024021229,2025-04-06,VAN,VGK,2.0,3.0,0.0,0.4481999080827273,0.4481999080827273,VGK,VGK,True
2024021230,2025-04-07,NYR,TBL,1.0,5.0,0.0,0.6016143889896605,0.6016143889896605,NYR,TBL,False
2024021231,2025-04-07,WPG,STL,3.0,1.0,1.0,0.6483771231152969,0.6483771231152969,WPG,WPG,True
2024021232,2025-04-07,ANA,EDM,3.0,2.0,1.0,0.48924415570724733,0.48924415570724733,EDM,ANA,False
2024021233,2025-04-07,LAK,SEA,1.0,2.0,0.0,0.6537978171296899,0.6537978171296899,LAK,SEA,False
2024021234,2025-04-07,SJS,CGY,2.0,3.0,0.0,0.4841862297676081,0.4841862297676081,CGY,CGY,True
2024021235,2025-04-08,BUF,CAR,3.0,0.0,1.0,0.49418036604988635,0.49418036604988635,CAR,BUF,False
2024021236,2025-04-08,MTL,DET,4.0,1.0,1.0,0.5718284614541098,0.5718284614541098,MTL,MTL,True
2024021237,2025-04-08,FLA,TOR,3.0,1.0,1.0,0.6428792319648192,0.6428792319648192,FLA,FLA,True
2024021238,2025-04-08,NJD,BOS,2.0,7.0,0.0,0.7014072406735512,0.7014072406735512,NJD,BOS,False
2024021239,2025-04-08,CBJ,OTT,5.0,2.0,1.0,0.584417397771633,0.584417397771633,CBJ,CBJ,True
2024021240,2025-04-08,PIT,CHI,5.0,0.0,1.0,0.712711577972706,0.712711577972706,PIT,PIT,True
2024021241,2025-04-08,NSH,NYI,7.0,6.0,1.0,0.5629505405465742,0.5629505405465742,NSH,NSH,True
2024021242,2025-04-08,DAL,VAN,5.0,6.0,0.0,0.6116244006553878,0.6116244006553878,DAL,VAN,False
2024021243,2025-04-08,UTA,SEA,7.0,1.0,1.0,0.5604491637492518,0.5604491637492518,UTA,UTA,True
2024021244,2025-04-08,COL,VGK,3.0,2.0,1.0,0.5190558613823923,0.5190558613823923,COL,COL,True
2024021245,2025-04-09,TBL,TOR,3.0,4.0,0.0,0.5889581078156028,0.5889581078156028,TBL,TOR,False
2024021246,2025-04-09,NYR,PHI,5.0,8.0,0.0,0.6044736376982981,0.6044736376982981,NYR,PHI,False
2024021247,2025-04-09,MIN,SJS,8.0,7.0,1.0,0.5992025960420092,0.5992025960420092,MIN,MIN,True
2024021248,2025-04-09,EDM,STL,4.0,3.0,1.0,0.5974370408326071,0.5974370408326071,EDM,EDM,True
2024021249,2025-04-09,ANA,CGY,4.0,3.0,1.0,0.5168510481826618,0.5168510481826618,ANA,ANA,True
2024021250,2025-04-10,BOS,CHI,2.0,5.0,0.0,0.6508227851175912,0.6508227851175912,BOS,CHI,False
2024021251,2025-04-10,FLA,DET,4.0,1.0,1.0,0.6574956784568285,0.6574956784568285,FLA,FLA,True
2024021252,2025-04-10,WSH,CAR,5.0,4.0,1.0,0.6200543125580468,0.6200543125580468,WSH,WSH,True
2024021253,2025-04-10,CBJ,BUF,3.0,2.0,1.0,0.6228115550298553,0.6228115550298553,CBJ,CBJ,True
2024021254,2025-04-10,NYI,NYR,2.0,9.0,0.0,0.5153756626675872,0.5153756626675872,NYI,NYR,False
2024021255,2025-04-10,DAL,WPG,0.0,4.0,0.0,0.47812061515404664,0.47812061515404664,WPG,WPG,True
2024021256,2025-04-10,COL,VAN,1.0,4.0,0.0,0.6777499263327579,0.6777499263327579,COL,VAN,False
2024021257,2025-04-10,UTA,NSH,3.0,4.0,0.0,0.6279328172656589,0.6279328172656589,UTA,NSH,False
2024021258,2025-04-10,VGK,SEA,2.0,1.0,1.0,0.6959321445129059,0.6959321445129059,VGK,VGK,True
2024021259,2025-04-10,LAK,ANA,6.0,1.0,1.0,0.6822693843441042,0.6822693843441042,LAK,LAK,True
2024021260,2025-04-11,OTT,MTL,5.0,2.0,1.0,0.6192363683012009,0.6192363683012009,OTT,OTT,True
2024021261,2025-04-11,TBL,DET,3.0,4.0,0.0,0.6416759500443628,0.6416759500443628,TBL,DET,False
2024021262,2025-04-11,NJD,PIT,2.0,4.0,0.0,0.6245036364786635,0.6245036364786635,NJD,PIT,False
2024021263,2025-04-11,EDM,SJS,4.0,2.0,1.0,0.6648288433373306,0.6648288433373306,EDM,EDM,True
2024021264,2025-04-11,CGY,MIN,4.0,2.0,1.0,0.5720732888507993,0.5720732888507993,CGY,CGY,True
2024021265,2025-04-12,PHI,NYI,4.0,3.0,1.0,0.5671669325420335,0.5671669325420335,PHI,PHI,True
2024021266,2025-04-12,CAR,NYR,7.0,3.0,1.0,0.6921416171265896,0.6921416171265896,CAR,CAR,True
2024021267,2025-04-12,LAK,COL,5.0,4.0,1.0,0.5638564625634382,0.5638564625634382,LAK,LAK,True
2024021268,2025-04-12,FLA,BUF,3.0,2.0,1.0,0.678307455743471,0.678307455743471,FLA,FLA,True
2024021269,2025-04-12,TOR,MTL,1.0,0.0,1.0,0.6386683827005917,0.6386683827005917,TOR,TOR,True
2024021270,2025-04-12,CBJ,WSH,7.0,0.0,1.0,0.4579156404071661,0.4579156404071661,WSH,CBJ,False
2024021271,2025-04-12,CHI,WPG,4.0,5.0,0.0,0.44227164930666407,0.44227164930666407,WPG,WPG,True
2024021272,2025-04-12,DAL,UTA,3.0,5.0,0.0,0.5180545264198924,0.5180545264198924,DAL,UTA,False
2024021273,2025-04-12,VAN,MIN,2.0,3.0,0.0,0.5295845763879239,0.5295845763879239,VAN,MIN,False
2024021274,2025-04-12,VGK,NSH,5.0,3.0,1.0,0.7069038622745824,0.7069038622745824,VGK,VGK,True
2024021275,2025-04-12,SEA,STL,4.0,3.0,1.0,0.5673201617069292,0.5673201617069292,SEA,SEA,True
2024021276,2025-04-13,OTT,PHI,4.0,3.0,1.0,0.6422222268475052,0.6422222268475052,OTT,OTT,True
2024021277,2025-04-13,NJD,NYI,0.0,1.0,0.0,0.5898030327083972,0.5898030327083972,NJD,NYI,False
2024021278,2025-04-13,PIT,BOS,1.0,4.0,0.0,0.717536010859845,0.717536010859845,PIT,BOS,False
2024021279,2025-04-13,CAR,TOR,1.0,4.0,0.0,0.6968983510881228,0.6968983510881228,CAR,TOR,False
2024021280,2025-04-13,TBL,BUF,7.0,4.0,1.0,0.6339698846342043,0.6339698846342043,TBL,TBL,True
2024021281,2025-04-13,WSH,CBJ,1.0,4.0,0.0,0.6914200187104671,0.6914200187104671,WSH,CBJ,False
2024021282,2025-04-13,WPG,EDM,1.0,4.0,0.0,0.6459637240797267,0.6459637240797267,WPG,EDM,False
2024021283,2025-04-13,CGY,SJS,5.0,2.0,1.0,0.693100463722418,0.693100463722418,CGY,CGY,True
2024021284,2025-04-13,ANA,COL,2.0,4.0,0.0,0.4876397397686999,0.4876397397686999,COL,COL,True
2024021285,2025-04-14,MTL,CHI,3.0,4.0,0.0,0.6095482627389691,0.6095482627389691,MTL,CHI,False
2024021286,2025-04-14,DET,DAL,6.0,4.0,1.0,0.5901903211115578,0.5901903211115578,DET,DET,True
2024021287,2025-04-14,FLA,NYR,3.0,5.0,0.0,0.672829852313801,0.672829852313801,FLA,NYR,False
2024021288,2025-04-14,NSH,UTA,3.0,7.0,0.0,0.4672920355258034,0.4672920355258034,UTA,UTA,True
2024021289,2025-04-14,EDM,LAK,0.0,5.0,0.0,0.6522100097945293,0.6522100097945293,EDM,LAK,False
2024021290,2025-04-14,VAN,SJS,2.0,1.0,1.0,0.639406281500028,0.639406281500028,VAN,VAN,True
2024021291,2025-04-15,BOS,NJD,4.0,5.0,0.0,0.4619080077896097,0.4619080077896097,NJD,NJD,True
2024021292,2025-04-15,BUF,TOR,0.0,4.0,0.0,0.5793136633568802,0.5793136633568802,BUF,TOR,False
2024021293,2025-04-15,OTT,CHI,3.0,4.0,0.0,0.724461462509487,0.724461462509487,OTT,CHI,False
2024021294,2025-04-15,TBL,FLA,5.0,1.0,1.0,0.5364249366140197,0.5364249366140197,TBL,TBL,True
2024021295,2025-04-15,PHI,CBJ,0.0,3.0,0.0,0.655066007804807,0.655066007804807,PHI,CBJ,False
2024021296,2025-04-15,NYI,WSH,1.0,3.0,0.0,0.4109641228633282,0.4109641228633282,WSH,WSH,True
2024021297,2025-04-15,STL,UTA,6.0,1.0,1.0,0.5625110756400935,0.5625110756400935,STL,STL,True
2024021298,2025-04-15,MIN,ANA,3.0,2.0,1.0,0.6123704670933232,0.6123704670933232,MIN,MIN,True
2024021299,2025-04-15,CGY,VGK,5.0,4.0,1.0,0.49623439561069005,0.49623439561069005,VGK,CGY,False
2024021300,2025-04-15,SEA,LAK,5.0,6.0,0.0,0.6167636577167853,0.6167636577167853,SEA,LAK,False
2024021301,2025-04-16,MTL,CAR,4.0,2.0,1.0,0.4894209060891636,0.4894209060891636,CAR,MTL,False
2024021302,2025-04-16,WPG,ANA,2.0,1.0,1.0,0.7211118943555499,0.7211118943555499,WPG,WPG,True
2024021303,2025-04-16,NJD,DET,2.0,5.0,0.0,0.5817400089148242,0.5817400089148242,NJD,DET,False
2024021304,2025-04-16,NSH,DAL,5.0,1.0,1.0,0.4743846604063806,0.4743846604063806,DAL,NSH,False
2024021305,2025-04-16,VAN,VGK,1.0,4.0,0.0,0.4383752097733709,0.4383752097733709,VGK,VGK,True
2024021306,2025-04-16,SJS,EDM,0.0,3.0,0.0,0.43893888797000036,0.43893888797000036,EDM,EDM,True
2024020653,2025-04-17,LAK,CGY,1.0,5.0,0.0,0.6684025509360225,0.6684025509360225,LAK,CGY,False
2024021307,2025-04-17,BUF,PHI,5.0,4.0,1.0,0.610000068430671,0.610000068430671,BUF,BUF,True
2024021308,2025-04-17,TOR,DET,4.0,3.0,1.0,0.5639089121425129,0.5639089121425129,TOR,TOR,True
2024021309,2025-04-17,OTT,CAR,7.0,5.0,1.0,0.5927938213465085,0.5927938213465085,OTT,OTT,True
2024021310,2025-04-17,NYR,TBL,4.0,0.0,1.0,0.4692978908080391,0.4692978908080391,TBL,NYR,False
2024021311,2025-04-17,PIT,WSH,5.0,2.0,1.0,0.4008414739725283,0.4008414739725283,WSH,PIT,False
2024021312,2025-04-17,CBJ,NYI,6.0,1.0,1.0,0.5930571493068146,0.5930571493068146,CBJ,CBJ,True
2024030151,2025-04-19,WPG,STL,5.0,3.0,1.0,0.6334155939721645,0.6334155939721645,WPG,WPG,True
2024030161,2025-04-19,DAL,COL,1.0,5.0,0.0,0.52166344545524,0.52166344545524,DAL,COL,False
2024030111,2025-04-20,TOR,OTT,6.0,2.0,1.0,0.5585873611666017,0.5585873611666017,TOR,TOR,True
2024030141,2025-04-20,CAR,NJD,4.0,1.0,1.0,0.5683415948460653,0.5683415948460653,CAR,CAR,True
2024030171,2025-04-20,VGK,MIN,4.0,2.0,1.0,0.6266441645475419,0.6266441645475419,VGK,VGK,True
2024030131,2025-04-21,WSH,MTL,3.0,2.0,1.0,0.6760044758074024,0.6760044758074024,WSH,WSH,True
2024030152,2025-04-21,WPG,STL,2.0,1.0,1.0,0.6049582222340567,0.6049582222340567,WPG,WPG,True
2024030162,2025-04-21,DAL,COL,4.0,3.0,1.0,0.5227377572020891,0.5227377572020891,DAL,DAL,True
2024030181,2025-04-21,LAK,EDM,6.0,5.0,1.0,0.5436178297343851,0.5436178297343851,LAK,LAK,True
2024030112,2025-04-22,TOR,OTT,3.0,2.0,1.0,0.535418164369512,0.535418164369512,TOR,TOR,True
2024030121,2025-04-22,TBL,FLA,2.0,6.0,0.0,0.5852227915884265,0.5852227915884265,TBL,FLA,False
2024030142,2025-04-22,CAR,NJD,3.0,1.0,1.0,0.625880160924717,0.625880160924717,CAR,CAR,True
2024030172,2025-04-22,VGK,MIN,2.0,5.0,0.0,0.6521188063447284,0.6521188063447284,VGK,MIN,False
2024030132,2025-04-23,WSH,MTL,3.0,1.0,1.0,0.6777976056799714,0.6777976056799714,WSH,WSH,True
2024030163,2025-04-23,COL,DAL,1.0,2.0,0.0,0.5564870456627224,0.5564870456627224,COL,DAL,False
2024030182,2025-04-23,LAK,EDM,6.0,2.0,1.0,0.5601378623650619,0.5601378623650619,LAK,LAK,True
2024030113,2025-04-24,OTT,TOR,2.0,3.0,0.0,0.6322736430021398,0.6322736430021398,OTT,TOR,False
2024030122,2025-04-24,TBL,FLA,0.0,2.0,0.0,0.6492153037738495,0.6492153037738495,TBL,FLA,False
2024030153,2025-04-24,STL,WPG,7.0,2.0,1.0,0.545417989872602,0.545417989872602,STL,STL,True
2024030173,2025-04-24,MIN,VGK,5.0,2.0,1.0,0.44666219936528506,0.44666219936528506,VGK,MIN,False
2024030133,2025-04-25,MTL,WSH,6.0,3.0,1.0,0.45888332716973435,0.45888332716973435,WSH,MTL,False
2024030143,2025-04-25,NJD,CAR,3.0,2.0,1.0,0.4911478785626065,0.4911478785626065,CAR,NJD,False
2024030183,2025-04-25,EDM,LAK,7.0,4.0,1.0,0.5969219851835029,0.5969219851835029,EDM,EDM,True
2024030114,2025-04-26,OTT,TOR,4.0,3.0,1.0,0.5808905204753981,0.5808905204753981,OTT,OTT,True
2024030123,2025-04-26,FLA,TBL,1.0,5.0,0.0,0.6343324611191336,0.6343324611191336,FLA,TBL,False
2024030164,2025-04-26,COL,DAL,4.0,0.0,1.0,0.5263836559136582,0.5263836559136582,COL,COL,True
2024030174,2025-04-26,MIN,VGK,3.0,4.0,0.0,0.5063048431441252,0.5063048431441252,MIN,VGK,False
2024030134,2025-04-27,MTL,WSH,2.0,5.0,0.0,0.48935959501990656,0.48935959501990656,WSH,WSH,True
2024030144,2025-04-27,NJD,CAR,2.0,5.0,0.0,0.4989946709413991,0.4989946709413991,CAR,CAR,True
2024030154,2025-04-27,STL,WPG,5.0,1.0,1.0,0.5400291302097248,0.5400291302097248,STL,STL,True
2024030184,2025-04-27,EDM,LAK,4.0,3.0,1.0,0.5859810326184077,0.5859810326184077,EDM,EDM,True
2024030124,2025-04-28,FLA,TBL,4.0,2.0,1.0,0.6689378811395937,0.6689378811395937,FLA,FLA,True
2024030165,2025-04-28,DAL,COL,6.0,2.0,1.0,0.5347723248510708,0.5347723248510708,DAL,DAL,True
2024030115,2025-04-29,TOR,OTT,0.0,4.0,0.0,0.634089685264052,0.634089685264052,TOR,OTT,False
2024030145,2025-04-29,CAR,NJD,5.0,4.0,1.0,0.662829621658259,0.662829621658259,CAR,CAR,True
2024030175,2025-04-29,VGK,MIN,3.0,2.0,1.0,0.6442622237568293,0.6442622237568293,VGK,VGK,True
2024030185,2025-04-29,LAK,EDM,1.0,3.0,0.0,0.5531649389970413,0.5531649389970413,LAK,EDM,False
2024030125,2025-04-30,TBL,FLA,3.0,6.0,0.0,0.5890834832524091,0.5890834832524091,TBL,FLA,False
2024030135,2025-04-30,WSH,MTL,4.0,1.0,1.0,0.651355137977085,0.651355137977085,WSH,WSH,True
2024030155,2025-04-30,WPG,STL,5.0,3.0,1.0,0.6983572169272729,0.6983572169272729,WPG,WPG,True
2024030116,2025-05-01,OTT,TOR,2.0,4.0,0.0,0.5432323564105839,0.5432323564105839,OTT,TOR,False
2024030166,2025-05-01,COL,DAL,7.0,4.0,1.0,0.5496070793286952,0.5496070793286952,COL,COL,True
2024030176,2025-05-01,MIN,VGK,2.0,3.0,0.0,0.46063359937659226,0.46063359937659226,VGK,VGK,True
2024030186,2025-05-01,EDM,LAK,6.0,4.0,1.0,0.5870589926132738,0.5870589926132738,EDM,EDM,True
2024030156,2025-05-02,STL,WPG,5.0,2.0,1.0,0.5461384125759448,0.5461384125759448,STL,STL,True
2024030167,2025-05-03,DAL,COL,4.0,2.0,1.0,0.5457906929389544,0.5457906929389544,DAL,DAL,True
2024030157,2025-05-04,WPG,STL,4.0,3.0,1.0,0.7012302105512361,0.7012302105512361,WPG,WPG,True
2024030211,2025-05-05,TOR,FLA,5.0,4.0,1.0,0.5953674597869396,0.5953674597869396,TOR,TOR,True
2024030221,2025-05-06,WSH,CAR,1.0,2.0,0.0,0.6015278440547324,0.6015278440547324,WSH,CAR,False
2024030241,2025-05-06,VGK,EDM,2.0,4.0,0.0,0.6039009902076072,0.6039009902076072,VGK,EDM,False
2024030212,2025-05-07,TOR,FLA,4.0,3.0,1.0,0.608495321852822,0.608495321852822,TOR,TOR,True
2024030231,2025-05-07,WPG,DAL,2.0,3.0,0.0,0.6584438327046478,0.6584438327046478,WPG,DAL,False
2024030222,2025-05-08,WSH,CAR,3.0,1.0,1.0,0.5991947192707935,0.5991947192707935,WSH,WSH,True
2024030242,2025-05-08,VGK,EDM,4.0,5.0,0.0,0.5932379148192735,0.5932379148192735,VGK,EDM,False
2024030213,2025-05-09,FLA,TOR,5.0,4.0,1.0,0.6247224854664276,0.6247224854664276,FLA,FLA,True
2024030232,2025-05-09,WPG,DAL,4.0,0.0,1.0,0.6763389336292186,0.6763389336292186,WPG,WPG,True
2024030223,2025-05-10,CAR,WSH,4.0,0.0,1.0,0.6623950142932246,0.6623950142932246,CAR,CAR,True
2024030243,2025-05-10,EDM,VGK,3.0,4.0,0.0,0.5496250324393552,0.5496250324393552,EDM,VGK,False
2024030214,2025-05-11,FLA,TOR,2.0,0.0,1.0,0.6218375730473352,0.6218375730473352,FLA,FLA,True
2024030233,2025-05-11,DAL,WPG,5.0,2.0,1.0,0.49411196809249613,0.49411196809249613,WPG,DAL,False
2024030224,2025-05-12,CAR,WSH,5.0,2.0,1.0,0.6710100984625996,0.6710100984625996,CAR,CAR,True
2024030244,2025-05-12,EDM,VGK,3.0,0.0,1.0,0.5939976613904849,0.5939976613904849,EDM,EDM,True
2024030234,2025-05-13,DAL,WPG,3.0,1.0,1.0,0.48902812252196004,0.48902812252196004,WPG,DAL,False
2024030215,2025-05-14,TOR,FLA,1.0,6.0,0.0,0.5492573971543174,0.5492573971543174,TOR,FLA,False
2024030245,2025-05-14,VGK,EDM,0.0,1.0,0.0,0.587212245423941,0.587212245423941,VGK,EDM,False
2024030225,2025-05-15,WSH,CAR,1.0,3.0,0.0,0.5559517960835978,0.5559517960835978,WSH,CAR,False
2024030235,2025-05-15,WPG,DAL,4.0,0.0,1.0,0.6551077087944647,0.6551077087944647,WPG,WPG,True
2024030216,2025-05-16,FLA,TOR,0.0,2.0,0.0,0.6410779211465933,0.6410779211465933,FLA,TOR,False
2024030236,2025-05-17,DAL,WPG,2.0,1.0,1.0,0.5382301815606289,0.5382301815606289,DAL,DAL,True
2024030217,2025-05-18,TOR,FLA,1.0,6.0,0.0,0.5230110339131944,0.5230110339131944,TOR,FLA,False
2024030311,2025-05-20,CAR,FLA,2.0,5.0,0.0,0.6651052301169522,0.6651052301169522,CAR,FLA,False
2024030321,2025-05-21,DAL,EDM,6.0,3.0,1.0,0.5651267713789454,0.5651267713789454,DAL,DAL,True
2024030312,2025-05-22,CAR,FLA,0.0,5.0,0.0,0.6457371582827482,0.6457371582827482,CAR,FLA,False
2024030322,2025-05-23,DAL,EDM,0.0,3.0,0.0,0.5654865599706461,0.5654865599706461,DAL,EDM,False
2024030313,2025-05-24,FLA,CAR,6.0,2.0,1.0,0.6389499741646906,0.6389499741646906,FLA,FLA,True
2024030323,2025-05-25,EDM,DAL,6.0,1.0,1.0,0.6034466855965327,0.6034466855965327,EDM,EDM,True
2024030314,2025-05-26,FLA,CAR,0.0,3.0,0.0,0.6761332982927345,0.6761332982927345,FLA,CAR,False
2024030324,2025-05-27,EDM,DAL,4.0,1.0,1.0,0.564646523586445,0.564646523586445,EDM,EDM,True
2024030315,2025-05-28,CAR,FLA,3.0,5.0,0.0,0.6366492464254918,0.6366492464254918,CAR,FLA,False
2024030325,2025-05-29,DAL,EDM,3.0,6.0,0.0,0.6237881757742048,0.6237881757742048,DAL,EDM,False
2024030411,2025-06-04,EDM,FLA,4.0,3.0,1.0,0.5217094893955826,0.5217094893955826,EDM,EDM,True
2024030412,2025-06-06,EDM,FLA,4.0,5.0,0.0,0.5666569207982105,0.5666569207982105,EDM,FLA,False
2024030413,2025-06-09,FLA,EDM,6.0,1.0,1.0,0.44920238451974315,0.44920238451974315,EDM,FLA,False
2024030414,2025-06-12,FLA,EDM,4.0,5.0,0.0,0.44623570992079553,0.44623570992079553,EDM,EDM,True
2024030415,2025-06-14,EDM,FLA,2.0,5.0,0.0,0.5372065260494145,0.5372065260494145,EDM,FLA,False
2024030416,2025-06-17,FLA,EDM,5.0,1.0,1.0,0.477338919437353,0.477338919437353,EDM,FLA,False
2025020001,2025-10-07,FLA,CHI,3.0,2.0,1.0,0.6479270973831671,0.6479270973831671,FLA,FLA,True
2025020002,2025-10-07,NYR,PIT,0.0,3.0,0.0,0.4400806811970841,0.4400806811970841,PIT,PIT,True
2025020003,2025-10-07,LAK,COL,1.0,4.0,0.0,0.5007429687072811,0.5007429687072811,LAK,COL,False
2025020004,2025-10-08,TOR,MTL,5.0,2.0,1.0,0.5618229350478565,0.5618229350478565,TOR,TOR,True
2025020005,2025-10-08,WSH,BOS,1.0,3.0,0.0,0.6020302986963765,0.6020302986963765,WSH,BOS,False
2025020006,2025-10-08,EDM,CGY,3.0,4.0,0.0,0.5047791253559034,0.5047791253559034,EDM,CGY,False
2025020007,2025-10-08,VGK,LAK,5.0,6.0,0.0,0.7203763707677932,0.7203763707677932,VGK,LAK,False
2025020008,2025-10-09,BOS,CHI,4.0,3.0,1.0,0.6627264963996566,0.6627264963996566,BOS,BOS,True
2025020009,2025-10-09,BUF,NYR,0.0,4.0,0.0,0.5592634594276571,0.5592634594276571,BUF,NYR,False
2025020010,2025-10-09,DET,MTL,1.0,5.0,0.0,0.591784853517875,0.591784853517875,DET,MTL,False
2025020011,2025-10-09,TBL,OTT,4.0,5.0,0.0,0.5828103369934015,0.5828103369934015,TBL,OTT,False
2025020012,2025-10-09,FLA,PHI,2.0,1.0,1.0,0.6789640215891756,0.6789640215891756,FLA,FLA,True
2025020013,2025-10-09,PIT,NYI,4.0,3.0,1.0,0.5312208855198699,0.5312208855198699,PIT,PIT,True
2025020014,2025-10-09,CAR,NJD,6.0,3.0,1.0,0.6420929187830657,0.6420929187830657,CAR,CAR,True
2025020015,2025-10-09,STL,MIN,0.0,5.0,0.0,0.5124804504070181,0.5124804504070181,STL,MIN,False
2025020016,2025-10-09,NSH,CBJ,2.0,1.0,1.0,0.5462881704104994,0.5462881704104994,NSH,NSH,True
2025020017,2025-10-09,WPG,DAL,4.0,5.0,0.0,0.6326195692722427,0.6326195692722427,WPG,DAL,False
2025020018,2025-10-09,COL,UTA,2.0,1.0,1.0,0.5531024548151562,0.5531024548151562,COL,COL,True
2025020019,2025-10-09,VAN,CGY,5.0,1.0,1.0,0.5069722502776689,0.5069722502776689,VAN,VAN,True
2025020020,2025-10-09,SJS,VGK,3.0,4.0,0.0,0.4047744646013544,0.4047744646013544,VGK,VGK,True
2025020021,2025-10-09,SEA,ANA,3.0,1.0,1.0,0.5400655412283184,0.5400655412283184,SEA,SEA,True
2025020022,2025-10-11,WPG,LAK,3.0,2.0,1.0,0.6922426924754804,0.6922426924754804,WPG,WPG,True
2025020023,2025-10-11,CGY,STL,2.0,4.0,0.0,0.5444791694529282,0.5444791694529282,CGY,STL,False
2025020024,2025-10-11,BOS,BUF,3.0,1.0,1.0,0.5399029454397425,0.5399029454397425,BOS,BOS,True
2025020025,2025-10-11,DET,TOR,6.0,3.0,1.0,0.6099148879465962,0.6099148879465962,DET,DET,True
2025020026,2025-10-11,TBL,NJD,3.0,5.0,0.0,0.559764211314782,0.559764211314782,TBL,NJD,False
2025020027,2025-10-11,FLA,OTT,6.0,2.0,1.0,0.6965562016598704,0.6965562016598704,FLA,FLA,True
2025020028,2025-10-11,NYI,WSH,2.0,4.0,0.0,0.49484001899797136,0.49484001899797136,WSH,WSH,True
2025020029,2025-10-11,PIT,NYR,1.0,6.0,0.0,0.5185442270280753,0.5185442270280753,PIT,NYR,False
2025020030,2025-10-11,CAR,PHI,4.0,3.0,1.0,0.7351520056427719,0.7351520056427719,CAR,CAR,True
2025020031,2025-10-11,CHI,MTL,2.0,3.0,0.0,0.48357014421301525,0.48357014421301525,MTL,MTL,True
2025020032,2025-10-11,NSH,UTA,2.0,3.0,0.0,0.4192210972512837,0.4192210972512837,UTA,UTA,True
2025020033,2025-10-11,MIN,CBJ,4.0,7.0,0.0,0.5469707625286511,0.5469707625286511,MIN,CBJ,False
2025020034,2025-10-11,COL,DAL,4.0,5.0,0.0,0.5376878115154773,0.5376878115154773,COL,DAL,False
2025020035,2025-10-11,EDM,VAN,3.0,1.0,1.0,0.5812118927841294,0.5812118927841294,EDM,EDM,True
2025020036,2025-10-11,SJS,ANA,6.0,7.0,0.0,0.5132537545729667,0.5132537545729667,SJS,ANA,False
2025020037,2025-10-11,SEA,VGK,2.0,1.0,1.0,0.4408730328987659,0.4408730328987659,VGK,SEA,False
2025020038,2025-10-12,NYR,WSH,0.0,1.0,0.0,0.4958448848304308,0.4958448848304308,WSH,WSH,True
2025020039,2025-10-13,BUF,COL,1.0,3.0,0.0,0.4649505186344281,0.4649505186344281,COL,COL,True
2025020040,2025-10-13,BOS,TBL,3.0,4.0,0.0,0.5383963861865375,0.5383963861865375,BOS,TBL,False
2025020041,2025-10-13,OTT,NSH,1.0,4.0,0.0,0.6904822422114841,0.6904822422114841,OTT,NSH,False
2025020042,2025-10-13,NYI,WPG,2.0,5.0,0.0,0.5079719592274846,0.5079719592274846,NYI,WPG,False
2025020043,2025-10-13,TOR,DET,2.0,3.0,0.0,0.5242720884382169,0.5242720884382169,TOR,DET,False
2025020044,2025-10-13,PHI,FLA,5.0,2.0,1.0,0.41125788807430325,0.41125788807430325,FLA,PHI,False
2025020045,2025-10-13,CBJ,NJD,2.0,3.0,0.0,0.5391724013389156,0.5391724013389156,CBJ,NJD,False
2025020046,2025-10-13,VAN,STL,2.0,5.0,0.0,0.5263395458523408,0.5263395458523408,VAN,STL,False
2025020047,2025-10-13,MIN,LAK,4.0,3.0,1.0,0.6169900144952803,0.6169900144952803,MIN,MIN,True
2025020048,2025-10-13,CHI,UTA,3.0,1.0,1.0,0.39545949409037656,0.39545949409037656,UTA,CHI,False
2025020049,2025-10-14,TOR,NSH,7.0,4.0,1.0,0.7022013852769472,0.7022013852769472,TOR,TOR,True
2025020050,2025-10-14,MTL,SEA,5.0,4.0,1.0,0.5561666211437748,0.5561666211437748,MTL,MTL,True
2025020051,2025-10-14,NYR,EDM,0.0,2.0,0.0,0.4650900826244908,0.4650900826244908,EDM,EDM,True
2025020052,2025-10-14,WSH,TBL,3.0,2.0,1.0,0.6081897964419984,0.6081897964419984,WSH,WSH,True
2025020053,2025-10-14,CGY,VGK,2.0,4.0,0.0,0.49499500453851103,0.49499500453851103,VGK,VGK,True
2025020054,2025-10-14,DAL,MIN,5.0,2.0,1.0,0.571320792558311,0.571320792558311,DAL,DAL,True
2025020055,2025-10-14,SJS,CAR,1.0,5.0,0.0,0.43792197213238887,0.43792197213238887,CAR,CAR,True
2025020056,2025-10-14,ANA,PIT,4.0,3.0,1.0,0.5404692523991084,0.5404692523991084,ANA,ANA,True
2025020057,2025-10-15,BUF,OTT,8.0,4.0,1.0,0.5252556396313048,0.5252556396313048,BUF,BUF,True
2025020058,2025-10-15,DET,FLA,4.0,1.0,1.0,0.44926439621710984,0.44926439621710984,FLA,DET,False
2025020059,2025-10-15,STL,CHI,3.0,8.0,0.0,0.720617365371865,0.720617365371865,STL,CHI,False
2025020060,2025-10-15,UTA,CGY,3.0,1.0,1.0,0.6179251620115765,0.6179251620115765,UTA,UTA,True
2025020061,2025-10-16,TOR,NYR,2.0,1.0,1.0,0.5414537438041342,0.5414537438041342,TOR,TOR,True
2025020062,2025-10-16,MTL,NSH,3.0,2.0,1.0,0.5970930652166208,0.5970930652166208,MTL,MTL,True
2025020063,2025-10-16,OTT,SEA,4.0,3.0,1.0,0.6372828991435532,0.6372828991435532,OTT,OTT,True
2025020064,2025-10-16,NJD,FLA,3.0,1.0,1.0,0.39880905563641394,0.39880905563641394,FLA,NJD,False
2025020065,2025-10-16,NYI,EDM,4.0,2.0,1.0,0.4671017930632895,0.4671017930632895,EDM,NYI,False
2025020066,2025-10-16,PHI,WPG,2.0,5.0,0.0,0.46689197490879786,0.46689197490879786,WPG,WPG,True
2025020067,2025-10-16,CBJ,COL,1.0,4.0,0.0,0.4726143412745216,0.4726143412745216,COL,COL,True
2025020068,2025-10-16,DAL,VAN,3.0,5.0,0.0,0.5587472967932476,0.5587472967932476,DAL,VAN,False
2025020069,2025-10-16,VGK,BOS,6.0,5.0,1.0,0.6564026418810318,0.6564026418810318,VGK,VGK,True
2025020070,2025-10-16,ANA,CAR,1.0,4.0,0.0,0.5058764601224874,0.5058764601224874,ANA,CAR,False
2025020071,2025-10-16,LAK,PIT,2.0,4.0,0.0,0.5981471668779021,0.5981471668779021,LAK,PIT,False
2025020072,2025-10-17,DET,TBL,2.0,1.0,1.0,0.6274112746146089,0.6274112746146089,DET,DET,True
2025020073,2025-10-17,WSH,MIN,5.0,1.0,1.0,0.5612305366109056,0.5612305366109056,WSH,WSH,True
2025020074,2025-10-17,CHI,VAN,2.0,3.0,0.0,0.4984916274328404,0.4984916274328404,VAN,VAN,True
2025020075,2025-10-17,UTA,SJS,6.0,3.0,1.0,0.7103018873791892,0.7103018873791892,UTA,UTA,True
2025020076,2025-10-18,BUF,FLA,3.0,0.0,1.0,0.47923504184062105,0.47923504184062105,FLA,BUF,False
2025020077,2025-10-18,OTT,NYI,4.0,5.0,0.0,0.568833518525199,0.568833518525199,OTT,NYI,False
2025020078,2025-10-18,NJD,EDM,5.0,3.0,1.0,0.3741564003130914,0.3741564003130914,EDM,NJD,False
2025020079,2025-10-18,TOR,SEA,3.0,4.0,0.0,0.6175258606048355,0.6175258606048355,TOR,SEA,False
2025020080,2025-10-18,MTL,NYR,3.0,4.0,0.0,0.5345406007999947,0.5345406007999947,MTL,NYR,False
2025020081,2025-10-18,PHI,MIN,2.0,1.0,1.0,0.532331916752943,0.532331916752943,PHI,PHI,True
2025020082,2025-10-18,CBJ,TBL,3.0,2.0,1.0,0.5376062243119085,0.5376062243119085,CBJ,CBJ,True
2025020083,2025-10-18,STL,DAL,3.0,1.0,1.0,0.5200479449274046,0.5200479449274046,STL,STL,True
2025020084,2025-10-18,WPG,NSH,4.0,1.0,1.0,0.6956344721541744,0.6956344721541744,WPG,WPG,True
2025020085,2025-10-18,COL,BOS,4.0,1.0,1.0,0.6504328894433518,0.6504328894433518,COL,COL,True
2025020086,2025-10-18,LAK,CAR,3.0,4.0,0.0,0.579323044621506,0.579323044621506,LAK,CAR,False
2025020087,2025-10-18,VGK,CGY,6.0,1.0,1.0,0.6972744611280972,0.6972744611280972,VGK,VGK,True
2025020088,2025-10-18,SJS,PIT,0.0,3.0,0.0,0.42216611966776496,0.42216611966776496,PIT,PIT,True
2025020089,2025-10-19,WSH,VAN,3.0,4.0,0.0,0.6543135711136678,0.6543135711136678,WSH,VAN,False
2025020090,2025-10-19,DET,EDM,4.0,2.0,1.0,0.513521106313063,0.513521106313063,DET,DET,True
2025020091,2025-10-19,CHI,ANA,2.0,1.0,1.0,0.4868470186684134,0.4868470186684134,ANA,CHI,False
2025020092,2025-10-19,UTA,BOS,3.0,2.0,1.0,0.6860500094766762,0.6860500094766762,UTA,UTA,True
2025020093,2025-10-20,NYR,MIN,1.0,3.0,0.0,0.5532537517148793,0.5532537517148793,NYR,MIN,False
2025020094,2025-10-20,PHI,SEA,5.0,2.0,1.0,0.5448875090610442,0.5448875090610442,PHI,PHI,True
2025020095,2025-10-20,MTL,BUF,4.0,2.0,1.0,0.6072679611431262,0.6072679611431262,MTL,MTL,True
2025020096,2025-10-20,CGY,WPG,1.0,2.0,0.0,0.47019813435728713,0.47019813435728713,WPG,WPG,True
2025020097,2025-10-20,VGK,CAR,4.0,1.0,1.0,0.5991869582193167,0.5991869582193167,VGK,VGK,True
2025020098,2025-10-21,TOR,NJD,2.0,5.0,0.0,0.5663954105503693,0.5663954105503693,TOR,NJD,False
2025020099,2025-10-21,OTT,EDM,2.0,3.0,0.0,0.5292723967242574,0.5292723967242574,OTT,EDM,False
2025020100,2025-10-21,NYI,SJS,4.0,3.0,1.0,0.697176600157096,0.697176600157096,NYI,NYI,True
2025020101,2025-10-21,PIT,VAN,5.0,1.0,1.0,0.5216892374676846,0.5216892374676846,PIT,PIT,True
2025020102,2025-10-21,WSH,SEA,4.0,1.0,1.0,0.6657736629616383,0.6657736629616383,WSH,WSH,True
2025020103,2025-10-21,BOS,FLA,3.0,4.0,0.0,0.43940075134570955,0.43940075134570955,FLA,FLA,True
2025020104,2025-10-21,STL,LAK,1.0,2.0,0.0,0.6215832190973243,0.6215832190973243,STL,LAK,False
2025020105,2025-10-21,NSH,ANA,2.0,5.0,0.0,0.5129152572676489,0.5129152572676489,NSH,ANA,False
2025020106,2025-10-21,DAL,CBJ,1.0,5.0,0.0,0.6288765564093597,0.6288765564093597,DAL,CBJ,False
2025020107,2025-10-21,UTA,COL,4.0,3.0,1.0,0.5307084185916057,0.5307084185916057,UTA,UTA,True
2025020108,2025-10-22,NJD,MIN,4.0,1.0,1.0,0.5390098189206592,0.5390098189206592,NJD,NJD,True
2025020109,2025-10-22,BUF,DET,4.0,2.0,1.0,0.4900285608510495,0.4900285608510495,DET,BUF,False
2025020110,2025-10-22,CGY,MTL,1.0,2.0,0.0,0.5075572730419986,0.5075572730419986,CGY,MTL,False
2025020111,2025-10-23,BOS,ANA,5.0,7.0,0.0,0.5050957761211072,0.5050957761211072,BOS,ANA,False
2025020112,2025-10-23,OTT,PHI,2.0,1.0,1.0,0.6410339166513258,0.6410339166513258,OTT,OTT,True
2025020113,2025-10-23,TBL,CHI,2.0,3.0,0.0,0.6542030410342253,0.6542030410342253,TBL,CHI,False
2025020114,2025-10-23,FLA,PIT,3.0,5.0,0.0,0.6123312181146214,0.6123312181146214,FLA,PIT,False
2025020115,2025-10-23,NYI,DET,7.0,2.0,1.0,0.5208873420642596,0.5208873420642596,NYI,NYI,True
2025020116,2025-10-23,NYR,SJS,5.0,6.0,0.0,0.6966166761435776,0.6966166761435776,NYR,SJS,False
2025020117,2025-10-23,STL,UTA,4.0,7.0,0.0,0.5151178676469721,0.5151178676469721,STL,UTA,False
2025020118,2025-10-23,NSH,VAN,2.0,1.0,1.0,0.4956118140012379,0.4956118140012379,VAN,NSH,False
2025020119,2025-10-23,DAL,LAK,2.0,3.0,0.0,0.5941521713110332,0.5941521713110332,DAL,LAK,False
2025020120,2025-10-23,WPG,SEA,0.0,3.0,0.0,0.63415255841715,0.63415255841715,WPG,SEA,False
2025020121,2025-10-23,COL,CAR,4.0,5.0,0.0,0.5750694303742967,0.5750694303742967,COL,CAR,False
2025020122,2025-10-23,EDM,MTL,6.0,5.0,1.0,0.6268798694434695,0.6268798694434695,EDM,EDM,True
2025020123,2025-10-24,BUF,TOR,5.0,3.0,1.0,0.4583725612014348,0.4583725612014348,TOR,BUF,False
2025020124,2025-10-24,NJD,SJS,3.0,1.0,1.0,0.707624472558511,0.707624472558511,NJD,NJD,True
2025020125,2025-10-24,CBJ,WSH,1.0,5.0,0.0,0.44734253294461485,0.44734253294461485,WSH,WSH,True
2025020126,2025-10-24,WPG,CGY,5.0,3.0,1.0,0.6002425387906284,0.6002425387906284,WPG,WPG,True
2025020127,2025-10-25,PHI,NYI,4.0,3.0,1.0,0.5915379292990296,0.5915379292990296,PHI,PHI,True
2025020128,2025-10-25,BOS,COL,3.0,2.0,1.0,0.40670267491247863,0.40670267491247863,COL,BOS,False
2025020129,2025-10-25,TBL,ANA,4.0,3.0,1.0,0.5658274678321129,0.5658274678321129,TBL,TBL,True
2025020130,2025-10-25,FLA,VGK,3.0,0.0,1.0,0.530188509477129,0.530188509477129,FLA,FLA,True
2025020131,2025-10-25,MIN,UTA,2.0,6.0,0.0,0.4291127008140212,0.4291127008140212,UTA,UTA,True
2025020132,2025-10-25,TOR,BUF,4.0,3.0,1.0,0.6426062878546376,0.6426062878546376,TOR,TOR,True
2025020133,2025-10-25,DET,STL,6.0,4.0,1.0,0.5854536284252376,0.5854536284252376,DET,DET,True
2025020134,2025-10-25,PIT,CBJ,4.0,5.0,0.0,0.5610831232801424,0.5610831232801424,PIT,CBJ,False
2025020135,2025-10-25,WSH,OTT,1.0,7.0,0.0,0.6299196057635728,0.6299196057635728,WSH,OTT,False
2025020136,2025-10-25,VAN,MTL,3.0,4.0,0.0,0.47369882006717384,0.47369882006717384,MTL,MTL,True
2025020137,2025-10-25,NSH,LAK,5.0,4.0,1.0,0.5038999820687271,0.5038999820687271,NSH,NSH,True
2025020138,2025-10-25,DAL,CAR,3.0,2.0,1.0,0.5357907454505842,0.5357907454505842,DAL,DAL,True
2025020139,2025-10-25,SEA,EDM,3.0,2.0,1.0,0.4288555356579006,0.4288555356579006,EDM,SEA,False
2025020140,2025-10-26,NJD,COL,4.0,3.0,1.0,0.5304154023676714,0.5304154023676714,NJD,NJD,True
2025020141,2025-10-26,TBL,VGK,2.0,1.0,1.0,0.5009710938088259,0.5009710938088259,TBL,TBL,True
2025020142,2025-10-26,MIN,SJS,5.0,6.0,0.0,0.5920660270412017,0.5920660270412017,MIN,SJS,False
2025020143,2025-10-26,WPG,UTA,2.0,3.0,0.0,0.5750690923775664,0.5750690923775664,WPG,UTA,False
2025020144,2025-10-26,CHI,LAK,1.0,3.0,0.0,0.4729416369084076,0.4729416369084076,LAK,LAK,True
2025020145,2025-10-26,NSH,DAL,2.0,3.0,0.0,0.45350696011836156,0.45350696011836156,DAL,DAL,True
2025020146,2025-10-26,CGY,NYR,5.0,1.0,1.0,0.5069877371370067,0.5069877371370067,CGY,CGY,True
2025020147,2025-10-26,VAN,EDM,4.0,3.0,1.0,0.46103510320468605,0.46103510320468605,EDM,VAN,False
2025020148,2025-10-27,PIT,STL,6.0,3.0,1.0,0.5160318855738621,0.5160318855738621,PIT,PIT,True
2025020149,2025-10-27,OTT,BOS,7.0,2.0,1.0,0.6954420219033123,0.6954420219033123,OTT,OTT,True
2025020150,2025-10-28,PHI,PIT,3.0,2.0,1.0,0.5994542543333226,0.5994542543333226,PHI,PHI,True
2025020151,2025-10-28,TOR,CGY,4.0,3.0,1.0,0.6097617868258064,0.6097617868258064,TOR,TOR,True
2025020152,2025-10-28,BUF,CBJ,3.0,4.0,0.0,0.5280348475480874,0.5280348475480874,BUF,CBJ,False
2025020153,2025-10-28,FLA,ANA,2.0,3.0,0.0,0.6549393931233493,0.6549393931233493,FLA,ANA,False
2025020154,2025-10-28,BOS,NYI,5.0,2.0,1.0,0.5402379765899462,0.5402379765899462,BOS,BOS,True
2025020155,2025-10-28,CAR,VGK,3.0,6.0,0.0,0.6097591813921173,0.6097591813921173,CAR,VGK,False
2025020156,2025-10-28,NSH,TBL,2.0,5.0,0.0,0.47861306282662414,0.47861306282662414,TBL,TBL,True
2025020157,2025-10-28,MIN,WPG,3.0,4.0,0.0,0.48410929502993616,0.48410929502993616,WPG,WPG,True
2025020158,2025-10-28,STL,DET,2.0,5.0,0.0,0.5178915467237821,0.5178915467237821,STL,DET,False
2025020159,2025-10-28,DAL,WSH,1.0,0.0,1.0,0.5022057503391557,0.5022057503391557,DAL,DAL,True
2025020160,2025-10-28,CHI,OTT,7.0,3.0,1.0,0.46151656856936624,0.46151656856936624,OTT,CHI,False
2025020161,2025-10-28,COL,NJD,8.0,4.0,1.0,0.5710134455274319,0.5710134455274319,COL,COL,True
2025020162,2025-10-28,EDM,UTA,6.0,3.0,1.0,0.5700840871456812,0.5700840871456812,EDM,EDM,True
2025020163,2025-10-28,VAN,NYR,0.0,2.0,0.0,0.4413736094052375,0.4413736094052375,NYR,NYR,True
2025020164,2025-10-28,SEA,MTL,3.0,4.0,0.0,0.47830655635430924,0.47830655635430924,MTL,MTL,True
2025020165,2025-10-28,SJS,LAK,3.0,4.0,0.0,0.4436084420318533,0.4436084420318533,LAK,LAK,True
2025020166,2025-10-29,CBJ,TOR,6.0,3.0,1.0,0.54969384148178,0.54969384148178,CBJ,CBJ,True
2025020167,2025-10-30,BOS,BUF,4.0,3.0,1.0,0.5358024237411227,0.5358024237411227,BOS,BOS,True
2025020168,2025-10-30,OTT,CGY,4.0,3.0,1.0,0.6702114700649907,0.6702114700649907,OTT,OTT,True
2025020169,2025-10-30,TBL,DAL,2.0,1.0,1.0,0.5528780592623449,0.5528780592623449,TBL,TBL,True
2025020170,2025-10-30,PHI,NSH,4.0,1.0,1.0,0.6626242384403804,0.6626242384403804,PHI,PHI,True
2025020171,2025-10-30,CAR,NYI,6.0,2.0,1.0,0.6388157860444088,0.6388157860444088,CAR,CAR,True
2025020172,2025-10-30,STL,VAN,3.0,4.0,0.0,0.5529105410377418,0.5529105410377418,STL,VAN,False
2025020173,2025-10-30,MIN,PIT,1.0,4.0,0.0,0.5927860590339619,0.5927860590339619,MIN,PIT,False
2025020174,2025-10-30,WPG,CHI,6.0,3.0,1.0,0.6567359722949702,0.6567359722949702,WPG,WPG,True
2025020175,2025-10-30,EDM,NYR,3.0,4.0,0.0,0.5844357872140605,0.5844357872140605,EDM,NYR,False
2025020176,2025-10-30,SJS,NJD,5.0,2.0,1.0,0.42524618763549943,0.42524618763549943,NJD,SJS,False
2025020177,2025-10-30,LAK,DET,3.0,4.0,0.0,0.5232944981056025,0.5232944981056025,LAK,DET,False
2025020178,2025-10-31,VGK,COL,2.0,4.0,0.0,0.5863089352244362,0.5863089352244362,VGK,COL,False
2025020179,2025-10-31,WSH,NYI,1.0,3.0,0.0,0.6861259538160319,0.6861259538160319,WSH,NYI,False
2025020180,2025-10-31,ANA,DET,5.0,2.0,1.0,0.518796820939996,0.518796820939996,ANA,ANA,True
2025020181,2025-11-01,BOS,CAR,2.0,1.0,1.0,0.5105218805020735,0.5105218805020735,BOS,BOS,True
2025020182,2025-11-01,WPG,PIT,5.0,2.0,1.0,0.5987333801466873,0.5987333801466873,WPG,WPG,True
2025020183,2025-11-01,NSH,CGY,4.0,2.0,1.0,0.5304978295455349,0.5304978295455349,NSH,NSH,True
2025020184,2025-11-01,SJS,COL,3.0,2.0,1.0,0.4805803569373753,0.4805803569373753,COL,SJS,False
2025020185,2025-11-01,FLA,DAL,4.0,3.0,1.0,0.6506603651371131,0.6506603651371131,FLA,FLA,True
2025020186,2025-11-01,BUF,WSH,4.0,3.0,1.0,0.5463350928260455,0.5463350928260455,BUF,BUF,True
2025020187,2025-11-01,MTL,OTT,4.0,3.0,1.0,0.507603716610826,0.507603716610826,MTL,MTL,True
2025020188,2025-11-01,PHI,TOR,2.0,5.0,0.0,0.4992049599969872,0.4992049599969872,TOR,TOR,True
2025020189,2025-11-01,CBJ,STL,3.0,2.0,1.0,0.5789402871328633,0.5789402871328633,CBJ,CBJ,True
2025020190,2025-11-01,MIN,VAN,5.0,2.0,1.0,0.5187981988887501,0.5187981988887501,MIN,MIN,True
2025020191,2025-11-01,LAK,NJD,1.0,4.0,0.0,0.46161762665026285,0.46161762665026285,NJD,NJD,True
2025020192,2025-11-01,EDM,CHI,3.0,2.0,1.0,0.6542940237822379,0.6542940237822379,EDM,EDM,True
2025020193,2025-11-01,SEA,NYR,2.0,3.0,0.0,0.4323303785008733,0.4323303785008733,NYR,NYR,True
2025020194,2025-11-02,UTA,TBL,2.0,4.0,0.0,0.5807233686956946,0.5807233686956946,UTA,TBL,False
2025020195,2025-11-02,NYI,CBJ,3.0,2.0,1.0,0.5760395556443612,0.5760395556443612,NYI,NYI,True
2025020196,2025-11-02,PHI,CGY,1.0,2.0,0.0,0.5716748895222507,0.5716748895222507,PHI,CGY,False
2025020197,2025-11-02,ANA,NJD,4.0,1.0,1.0,0.5366755526564012,0.5366755526564012,ANA,ANA,True
2025020198,2025-11-02,SJS,DET,2.0,3.0,0.0,0.4320193130005079,0.4320193130005079,DET,DET,True
2025020199,2025-11-03,TOR,PIT,4.0,3.0,1.0,0.5809541802524045,0.5809541802524045,TOR,TOR,True
2025020200,2025-11-03,STL,EDM,3.0,2.0,1.0,0.4990713267424155,0.4990713267424155,EDM,STL,False
2025020201,2025-11-03,NSH,VAN,4.0,5.0,0.0,0.48241215290218226,0.48241215290218226,VAN,VAN,True
2025020202,2025-11-03,SEA,CHI,3.0,1.0,1.0,0.49535156601358377,0.49535156601358377,CHI,SEA,False
2025020203,2025-11-04,BUF,UTA,1.0,2.0,0.0,0.5026255329548505,0.5026255329548505,BUF,UTA,False
2025020204,2025-11-04,MTL,PHI,4.0,5.0,0.0,0.6072765253421134,0.6072765253421134,MTL,PHI,False
2025020205,2025-11-04,NYI,BOS,3.0,4.0,0.0,0.6813754137039282,0.6813754137039282,NYI,BOS,False
2025020206,2025-11-04,NYR,CAR,0.0,3.0,0.0,0.5419522509063766,0.5419522509063766,NYR,CAR,False
2025020207,2025-11-04,DAL,EDM,4.0,3.0,1.0,0.5662560553870976,0.5662560553870976,DAL,DAL,True
2025020208,2025-11-04,MIN,NSH,3.0,2.0,1.0,0.6412113793827887,0.6412113793827887,MIN,MIN,True
2025020209,2025-11-04,COL,TBL,3.0,2.0,1.0,0.6514128295701447,0.6514128295701447,COL,COL,True
2025020210,2025-11-04,VGK,DET,1.0,0.0,1.0,0.5608204838104126,0.5608204838104126,VGK,VGK,True
2025020211,2025-11-04,ANA,FLA,7.0,3.0,1.0,0.41426563417398005,0.41426563417398005,FLA,ANA,False
2025020212,2025-11-04,LAK,WPG,3.0,0.0,1.0,0.4939143094810533,0.4939143094810533,WPG,LAK,False
2025020213,2025-11-05,TOR,UTA,5.0,3.0,1.0,0.5414710290820635,0.5414710290820635,TOR,TOR,True
2025020214,2025-11-05,WSH,STL,6.0,1.0,1.0,0.5142759696456517,0.5142759696456517,WSH,WSH,True
2025020215,2025-11-05,CGY,CBJ,5.0,1.0,1.0,0.5717515937827785,0.5717515937827785,CGY,CGY,True
2025020216,2025-11-05,VAN,CHI,2.0,5.0,0.0,0.5564221397813712,0.5564221397813712,VAN,CHI,False
2025020217,2025-11-05,SEA,SJS,1.0,6.0,0.0,0.554799015828992,0.554799015828992,SEA,SJS,False
2025020218,2025-11-06,BOS,OTT,3.0,2.0,1.0,0.452461078271109,0.452461078271109,OTT,BOS,False
2025020219,2025-11-06,BUF,STL,0.0,3.0,0.0,0.5306745168812178,0.5306745168812178,BUF,STL,False
2025020220,2025-11-06,NJD,MTL,4.0,3.0,1.0,0.5272877603212606,0.5272877603212606,NJD,NJD,True
2025020221,2025-11-06,PIT,WSH,5.0,3.0,1.0,0.5559383656634794,0.5559383656634794,PIT,PIT,True
2025020222,2025-11-06,CAR,MIN,4.0,3.0,1.0,0.6209795280362287,0.6209795280362287,CAR,CAR,True
2025020223,2025-11-06,NSH,PHI,1.0,3.0,0.0,0.4839390670397623,0.4839390670397623,PHI,PHI,True
2025020224,2025-11-06,DAL,ANA,5.0,7.0,0.0,0.5752284830991166,0.5752284830991166,DAL,ANA,False
2025020225,2025-11-06,VGK,TBL,3.0,6.0,0.0,0.5542213587263268,0.5542213587263268,VGK,TBL,False
2025020226,2025-11-06,LAK,FLA,2.0,5.0,0.0,0.4479611113917008,0.4479611113917008,FLA,FLA,True
2025020227,2025-11-07,DET,NYR,1.0,4.0,0.0,0.5312698517162026,0.5312698517162026,DET,NYR,False
2025020228,2025-11-07,NYI,MIN,2.0,5.0,0.0,0.5909630172098604,0.5909630172098604,NYI,MIN,False
2025020229,2025-11-07,CGY,CHI,0.0,4.0,0.0,0.5808376769820809,0.5808376769820809,CGY,CHI,False
2025020230,2025-11-07,SJS,WPG,2.0,1.0,1.0,0.42285199479263225,0.42285199479263225,WPG,SJS,False
2025020231,2025-11-08,NJD,PIT,2.0,1.0,1.0,0.4708050694068934,0.4708050694068934,PIT,NJD,False
2025020232,2025-11-08,PHI,OTT,2.0,3.0,0.0,0.5583401363738218,0.5583401363738218,PHI,OTT,False
2025020233,2025-11-08,NSH,DAL,4.0,5.0,0.0,0.5081498361426462,0.5081498361426462,NSH,DAL,False
2025020234,2025-11-08,TOR,BOS,3.0,5.0,0.0,0.6783606988505541,0.6783606988505541,TOR,BOS,False
2025020235,2025-11-08,MTL,UTA,6.0,2.0,1.0,0.48875000993858725,0.48875000993858725,UTA,MTL,False
2025020236,2025-11-08,TBL,WSH,3.0,2.0,1.0,0.5241687739173493,0.5241687739173493,TBL,TBL,True
2025020237,2025-11-08,NYR,NYI,0.0,5.0,0.0,0.5410755517211548,0.5410755517211548,NYR,NYI,False
2025020238,2025-11-08,CAR,BUF,6.0,3.0,1.0,0.6856778427227489,0.6856778427227489,CAR,CAR,True
2025020239,2025-11-08,STL,SEA,3.0,4.0,0.0,0.605491737687994,0.605491737687994,STL,SEA,False
2025020240,2025-11-08,EDM,COL,1.0,9.0,0.0,0.5011782556195262,0.5011782556195262,EDM,COL,False
2025020241,2025-11-08,VAN,CBJ,4.0,3.0,1.0,0.5675191901378074,0.5675191901378074,VAN,VAN,True
2025020242,2025-11-08,VGK,ANA,3.0,4.0,0.0,0.6109055338685379,0.6109055338685379,VGK,ANA,False
2025020243,2025-11-08,SJS,FLA,3.0,1.0,1.0,0.3378156694289581,0.3378156694289581,FLA,SJS,False
2025020244,2025-11-09,DET,CHI,1.0,5.0,0.0,0.6413435337193294,0.6413435337193294,DET,CHI,False
2025020245,2025-11-09,PIT,LAK,2.0,3.0,0.0,0.584830742028264,0.584830742028264,PIT,LAK,False
2025020246,2025-11-09,TOR,CAR,4.0,5.0,0.0,0.5151258080568909,0.5151258080568909,TOR,CAR,False
2025020247,2025-11-09,OTT,UTA,4.0,2.0,1.0,0.5086434406452449,0.5086434406452449,OTT,OTT,True
2025020248,2025-11-09,DAL,SEA,2.0,1.0,1.0,0.6417658725013855,0.6417658725013855,DAL,DAL,True
2025020249,2025-11-09,MIN,CGY,2.0,0.0,1.0,0.578887982405921,0.578887982405921,MIN,MIN,True
2025020250,2025-11-09,VAN,COL,4.0,5.0,0.0,0.4177185493948808,0.4177185493948808,COL,COL,True
2025020251,2025-11-09,ANA,WPG,4.0,1.0,1.0,0.48275489549868017,0.48275489549868017,WPG,ANA,False
2025020252,2025-11-10,NJD,NYI,2.0,3.0,0.0,0.5177937543114021,0.5177937543114021,NJD,NYI,False
2025020253,2025-11-10,NYR,NSH,6.0,3.0,1.0,0.6157984375342933,0.6157984375342933,NYR,NYR,True
2025020254,2025-11-10,EDM,CBJ,5.0,4.0,1.0,0.5892484915444898,0.5892484915444898,EDM,EDM,True
2025020255,2025-11-10,VGK,FLA,2.0,3.0,0.0,0.49467112504584165,0.49467112504584165,FLA,FLA,True
2025020256,2025-11-11,BOS,TOR,5.0,3.0,1.0,0.5160334956632263,0.5160334956632263,BOS,BOS,True
2025020257,2025-11-11,MTL,LAK,1.0,5.0,0.0,0.5785817364694211,0.5785817364694211,MTL,LAK,False
2025020258,2025-11-11,OTT,DAL,2.0,3.0,0.0,0.5701157892827378,0.5701157892827378,OTT,DAL,False
2025020259,2025-11-11,CAR,WSH,1.0,4.0,0.0,0.6763048365245714,0.6763048365245714,CAR,WSH,False
2025020260,2025-11-11,STL,CGY,3.0,2.0,1.0,0.4886245198780473,0.4886245198780473,CGY,STL,False
2025020261,2025-11-11,MIN,SJS,1.0,2.0,0.0,0.6472387561884804,0.6472387561884804,MIN,SJS,False
2025020262,2025-11-11,COL,ANA,4.0,1.0,1.0,0.6790191107986372,0.6790191107986372,COL,COL,True
2025020263,2025-11-11,VAN,WPG,3.0,5.0,0.0,0.42662615974622253,0.42662615974622253,WPG,WPG,True
2025020264,2025-11-11,SEA,CBJ,1.0,2.0,0.0,0.5841815670795375,0.5841815670795375,SEA,CBJ,False
2025020265,2025-11-12,TBL,NYR,3.0,7.0,0.0,0.511042098877133,0.511042098877133,TBL,NYR,False
2025020266,2025-11-12,PHI,EDM,1.0,2.0,0.0,0.5969917642160916,0.5969917642160916,PHI,EDM,False
2025020267,2025-11-12,UTA,BUF,5.0,2.0,1.0,0.6509978133561636,0.6509978133561636,UTA,UTA,True
2025020268,2025-11-12,CHI,NJD,3.0,4.0,0.0,0.40519252321876914,0.40519252321876914,NJD,NJD,True
2025020269,2025-11-13,TOR,LAK,3.0,4.0,0.0,0.5312534362656952,0.5312534362656952,TOR,LAK,False
2025020270,2025-11-13,MTL,DAL,0.0,7.0,0.0,0.4985577359420889,0.4985577359420889,DAL,DAL,True
2025020271,2025-11-13,OTT,BOS,5.0,3.0,1.0,0.6244751322302728,0.6244751322302728,OTT,OTT,True
2025020272,2025-11-13,DET,ANA,6.0,3.0,1.0,0.6179950398194984,0.6179950398194984,DET,DET,True
2025020273,2025-11-13,FLA,WSH,6.0,3.0,1.0,0.5463101408096224,0.5463101408096224,FLA,FLA,True
2025020274,2025-11-13,CBJ,EDM,5.0,4.0,1.0,0.5829868122335579,0.5829868122335579,CBJ,CBJ,True
2025020275,2025-11-13,COL,BUF,6.0,3.0,1.0,0.7370952656981157,0.7370952656981157,COL,COL,True
2025020276,2025-11-13,CGY,SJS,2.0,0.0,1.0,0.6780145631730128,0.6780145631730128,CGY,CGY,True
2025020277,2025-11-13,VGK,NYI,3.0,4.0,0.0,0.6194719052737934,0.6194719052737934,VGK,NYI,False
2025020278,2025-11-13,SEA,WPG,5.0,3.0,1.0,0.44534473655508666,0.44534473655508666,WPG,SEA,False
2025020279,2025-11-14,CAR,VAN,4.0,3.0,1.0,0.6815591974958658,0.6815591974958658,CAR,CAR,True
2025020280,2025-11-14,STL,PHI,5.0,6.0,0.0,0.5024865752070472,0.5024865752070472,STL,PHI,False
2025020281,2025-11-14,NSH,PIT,2.0,1.0,1.0,0.4944974856189871,0.4944974856189871,PIT,NSH,False
2025020282,2025-11-14,UTA,NYI,2.0,3.0,0.0,0.7106096771174064,0.7106096771174064,UTA,NYI,False
2025020283,2025-11-15,FLA,TBL,1.0,3.0,0.0,0.5287071167543784,0.5287071167543784,FLA,TBL,False
2025020284,2025-11-15,MIN,ANA,2.0,0.0,1.0,0.5419153591211199,0.5419153591211199,MIN,MIN,True
2025020285,2025-11-15,MTL,BOS,2.0,3.0,0.0,0.5365441707311959,0.5365441707311959,MTL,BOS,False
2025020286,2025-11-15,OTT,LAK,0.0,1.0,0.0,0.5559885993988978,0.5559885993988978,OTT,LAK,False
2025020287,2025-11-15,DET,BUF,4.0,5.0,0.0,0.7067889480964274,0.7067889480964274,DET,BUF,False
2025020288,2025-11-15,WSH,NJD,2.0,3.0,0.0,0.49358025721427196,0.49358025721427196,NJD,NJD,True
2025020289,2025-11-15,CAR,EDM,3.0,4.0,0.0,0.6690610205422376,0.6690610205422376,CAR,EDM,False
2025020290,2025-11-15,CBJ,NYR,1.0,2.0,0.0,0.616885935738535,0.616885935738535,CBJ,NYR,False
2025020291,2025-11-15,CHI,TOR,3.0,2.0,1.0,0.46760927073030906,0.46760927073030906,TOR,CHI,False
2025020292,2025-11-15,STL,VGK,1.0,4.0,0.0,0.4009814125592653,0.4009814125592653,VGK,VGK,True
2025020293,2025-11-15,DAL,PHI,5.0,1.0,1.0,0.6042667739001304,0.6042667739001304,DAL,DAL,True
2025020294,2025-11-15,CGY,WPG,3.0,4.0,0.0,0.48612004847199414,0.48612004847199414,WPG,WPG,True
2025020295,2025-11-15,SEA,SJS,4.0,1.0,1.0,0.6172837082889313,0.6172837082889313,SEA,SEA,True
2025020296,2025-11-16,PIT,NSH,4.0,0.0,1.0,0.5769494759318616,0.5769494759318616,PIT,PIT,True
2025020297,2025-11-16,TBL,VAN,2.0,6.0,0.0,0.5072428830636645,0.5072428830636645,TBL,VAN,False
2025020298,2025-11-16,MIN,VGK,3.0,2.0,1.0,0.45045158202621444,0.45045158202621444,VGK,MIN,False
2025020299,2025-11-16,NYR,DET,1.0,2.0,0.0,0.4482511601883846,0.4482511601883846,DET,DET,True
2025020300,2025-11-16,COL,NYI,4.0,1.0,1.0,0.7050858787184853,0.7050858787184853,COL,COL,True
2025020301,2025-11-17,BOS,CAR,1.0,3.0,0.0,0.4527988232763993,0.4527988232763993,CAR,CAR,True
2025020302,2025-11-17,BUF,EDM,5.0,1.0,1.0,0.5322522266192778,0.5322522266192778,BUF,BUF,True
2025020303,2025-11-17,FLA,VAN,8.0,5.0,1.0,0.6414657326111542,0.6414657326111542,FLA,FLA,True
2025020304,2025-11-17,WSH,LAK,2.0,1.0,1.0,0.5529853527549996,0.5529853527549996,WSH,WSH,True
2025020305,2025-11-17,CBJ,MTL,4.0,3.0,1.0,0.5926665992701633,0.5926665992701633,CBJ,CBJ,True
2025020306,2025-11-17,ANA,UTA,3.0,2.0,1.0,0.4811366281185266,0.4811366281185266,UTA,ANA,False
2025020307,2025-11-18,TOR,STL,3.0,2.0,1.0,0.5388105287991622,0.5388105287991622,TOR,TOR,True
2025020308,2025-11-18,DET,SEA,4.0,2.0,1.0,0.6739215847121889,0.6739215847121889,DET,DET,True
2025020309,2025-11-18,TBL,NJD,5.0,1.0,1.0,0.5345332705579526,0.5345332705579526,TBL,TBL,True
2025020310,2025-11-18,DAL,NYI,2.0,3.0,0.0,0.6575668278549327,0.6575668278549327,DAL,NYI,False
2025020311,2025-11-18,WPG,CBJ,5.0,2.0,1.0,0.677711739855702,0.677711739855702,WPG,WPG,True
2025020312,2025-11-18,CHI,CGY,5.0,2.0,1.0,0.44750654451261096,0.44750654451261096,CGY,CHI,False
2025020313,2025-11-18,VGK,NYR,3.0,2.0,1.0,0.608072759056412,0.608072759056412,VGK,VGK,True
2025020314,2025-11-18,SJS,UTA,3.0,2.0,1.0,0.4326940438849081,0.4326940438849081,UTA,SJS,False
2025020315,2025-11-19,WSH,EDM,7.0,4.0,1.0,0.553696068000368,0.553696068000368,WSH,WSH,True
2025020316,2025-11-19,BUF,CGY,2.0,6.0,0.0,0.49958980739956055,0.49958980739956055,CGY,CGY,True
2025020317,2025-11-19,MIN,CAR,4.0,3.0,1.0,0.4398271634137217,0.4398271634137217,CAR,MIN,False
2025020318,2025-11-19,ANA,BOS,4.0,3.0,1.0,0.6062760439290209,0.6062760439290209,ANA,ANA,True
2025020319,2025-11-20,TOR,CBJ,2.0,3.0,0.0,0.5304770169966979,0.5304770169966979,TOR,CBJ,False
2025020320,2025-11-20,MTL,WSH,4.0,8.0,0.0,0.5876110498143692,0.5876110498143692,MTL,WSH,False
2025020321,2025-11-20,DET,NYI,0.0,5.0,0.0,0.6817040882272728,0.6817040882272728,DET,NYI,False
2025020322,2025-11-20,TBL,EDM,2.0,1.0,1.0,0.6110066586920898,0.6110066586920898,TBL,TBL,True
2025020323,2025-11-20,FLA,NJD,1.0,0.0,1.0,0.581203036488743,0.581203036488743,FLA,FLA,True
2025020324,2025-11-20,PHI,STL,3.0,2.0,1.0,0.5811367831997926,0.5811367831997926,PHI,PHI,True
2025020325,2025-11-20,CHI,SEA,2.0,3.0,0.0,0.5038837440009991,0.5038837440009991,CHI,SEA,False
2025020326,2025-11-20,COL,NYR,6.0,3.0,1.0,0.6659144729665075,0.6659144729665075,COL,COL,True
2025020327,2025-11-20,UTA,VGK,1.0,4.0,0.0,0.545365788551634,0.545365788551634,UTA,VGK,False
2025020328,2025-11-20,VAN,DAL,2.0,4.0,0.0,0.4311252363827013,0.4311252363827013,DAL,DAL,True
2025020329,2025-11-20,ANA,OTT,2.0,3.0,0.0,0.5262712367079063,0.5262712367079063,ANA,OTT,False
2025020330,2025-11-20,SJS,LAK,4.0,3.0,1.0,0.4086283857398527,0.4086283857398527,LAK,SJS,False
2025020331,2025-11-21,BUF,CHI,9.0,3.0,1.0,0.6327575273058517,0.6327575273058517,BUF,BUF,True
2025020332,2025-11-21,PIT,MIN,0.0,5.0,0.0,0.525214614472845,0.525214614472845,PIT,MIN,False
2025020333,2025-11-21,WPG,CAR,3.0,4.0,0.0,0.5285128144711783,0.5285128144711783,WPG,CAR,False
2025020334,2025-11-21,LAK,BOS,1.0,2.0,0.0,0.538209480917802,0.538209480917802,LAK,BOS,False
2025020335,2025-11-22,DET,CBJ,4.0,3.0,1.0,0.648547768004132,0.648547768004132,DET,DET,True
2025020336,2025-11-22,NYI,STL,1.0,2.0,0.0,0.5627115947396237,0.5627115947396237,NYI,STL,False
2025020337,2025-11-22,MTL,TOR,5.0,2.0,1.0,0.504098719847268,0.504098719847268,MTL,MTL,True
2025020338,2025-11-22,FLA,EDM,3.0,6.0,0.0,0.6313603989310657,0.6313603989310657,FLA,EDM,False
2025020339,2025-11-22,PHI,NJD,6.0,3.0,1.0,0.48589895783107134,0.48589895783107134,NJD,PHI,False
2025020340,2025-11-22,PIT,SEA,2.0,3.0,0.0,0.5943425758439274,0.5943425758439274,PIT,SEA,False
2025020341,2025-11-22,WSH,TBL,3.0,5.0,0.0,0.5317005356550879,0.5317005356550879,WSH,TBL,False
2025020342,2025-11-22,SJS,OTT,2.0,3.0,0.0,0.46229615602199886,0.46229615602199886,OTT,OTT,True
2025020343,2025-11-22,NSH,COL,0.0,3.0,0.0,0.554429637961092,0.554429637961092,NSH,COL,False
2025020344,2025-11-22,UTA,NYR,3.0,2.0,1.0,0.6384468321638666,0.6384468321638666,UTA,UTA,True
2025020345,2025-11-22,CGY,DAL,3.0,2.0,1.0,0.52339287370241,0.52339287370241,CGY,CGY,True
2025020346,2025-11-22,ANA,VGK,4.0,3.0,1.0,0.46497981361818236,0.46497981361818236,VGK,ANA,False
2025020347,2025-11-23,BUF,CAR,4.0,1.0,1.0,0.46419186750352653,0.46419186750352653,CAR,BUF,False
2025020348,2025-11-23,WPG,MIN,0.0,3.0,0.0,0.5961670655247758,0.5961670655247758,WPG,MIN,False
2025020349,2025-11-23,NYI,SEA,1.0,0.0,1.0,0.5882087496241091,0.5882087496241091,NYI,NYI,True
2025020350,2025-11-23,CHI,COL,0.0,1.0,0.0,0.4689987666419673,0.4689987666419673,COL,COL,True
2025020351,2025-11-23,SJS,BOS,3.0,1.0,1.0,0.4526380894763868,0.4526380894763868,BOS,SJS,False
2025020352,2025-11-23,VAN,CGY,2.0,5.0,0.0,0.4981415234157662,0.4981415234157662,CGY,CGY,True
2025020353,2025-11-24,TBL,PHI,3.0,0.0,1.0,0.6093504925631835,0.6093504925631835,TBL,TBL,True
2025020354,2025-11-24,NJD,DET,4.0,3.0,1.0,0.4804077920862929,0.4804077920862929,DET,NJD,False
2025020355,2025-11-24,NYR,STL,3.0,2.0,1.0,0.5230484777072196,0.5230484777072196,NYR,NYR,True
2025020356,2025-11-24,WSH,CBJ,5.0,1.0,1.0,0.6274748498224375,0.6274748498224375,WSH,WSH,True
2025020357,2025-11-24,NSH,FLA,3.0,8.0,0.0,0.5177600109278497,0.5177600109278497,NSH,FLA,False
2025020358,2025-11-24,UTA,VGK,5.0,1.0,1.0,0.5655623444476787,0.5655623444476787,UTA,UTA,True
2025020359,2025-11-24,LAK,OTT,2.0,1.0,1.0,0.5706110779661773,0.5706110779661773,LAK,LAK,True
2025020360,2025-11-25,EDM,DAL,3.0,8.0,0.0,0.5283663719772979,0.5283663719772979,EDM,DAL,False
2025020361,2025-11-26,DET,NSH,3.0,6.0,0.0,0.6100318783822076,0.6100318783822076,DET,NSH,False
2025020362,2025-11-26,TBL,CGY,5.0,1.0,1.0,0.5925814870246124,0.5925814870246124,TBL,TBL,True
2025020363,2025-11-26,FLA,PHI,2.0,4.0,0.0,0.6596307102423157,0.6596307102423157,FLA,PHI,False
2025020364,2025-11-26,NJD,STL,3.0,2.0,1.0,0.5784848119885371,0.5784848119885371,NJD,NJD,True
2025020365,2025-11-26,NYI,BOS,1.0,3.0,0.0,0.6089942054531251,0.6089942054531251,NYI,BOS,False
2025020366,2025-11-26,PIT,BUF,4.0,2.0,1.0,0.6418278640411811,0.6418278640411811,PIT,PIT,True
2025020367,2025-11-26,WSH,WPG,4.0,3.0,1.0,0.5625264935577686,0.5625264935577686,WSH,WSH,True
2025020368,2025-11-26,CAR,NYR,2.0,4.0,0.0,0.7188990863190613,0.7188990863190613,CAR,NYR,False
2025020369,2025-11-26,CBJ,TOR,1.0,2.0,0.0,0.5543803860963129,0.5543803860963129,CBJ,TOR,False
2025020370,2025-11-26,CHI,MIN,3.0,4.0,0.0,0.4848415312168311,0.4848415312168311,MIN,MIN,True
2025020371,2025-11-26,COL,SJS,6.0,0.0,1.0,0.737357215083392,0.737357215083392,COL,COL,True
2025020372,2025-11-26,UTA,MTL,3.0,4.0,0.0,0.556939651430332,0.556939651430332,UTA,MTL,False
2025020373,2025-11-26,VGK,OTT,3.0,4.0,0.0,0.5216779055513786,0.5216779055513786,VGK,OTT,False
2025020374,2025-11-26,ANA,VAN,4.0,5.0,0.0,0.5605676468823415,0.5605676468823415,ANA,VAN,False
2025020375,2025-11-26,SEA,DAL,2.0,3.0,0.0,0.45802390045431524,0.45802390045431524,DAL,DAL,True
2025020376,2025-11-28,BOS,NYR,2.0,6.0,0.0,0.5187686314486276,0.5187686314486276,BOS,NYR,False
2025020377,2025-11-28,DET,TBL,3.0,6.0,0.0,0.5792320703693822,0.5792320703693822,DET,TBL,False
2025020378,2025-11-28,MIN,COL,3.0,2.0,1.0,0.48970535577221197,0.48970535577221197,COL,MIN,False
2025020379,2025-11-28,BUF,NJD,0.0,5.0,0.0,0.5027829066264062,0.5027829066264062,BUF,NJD,False
2025020380,2025-11-28,FLA,CGY,3.0,5.0,0.0,0.6588219898388706,0.6588219898388706,FLA,CGY,False
2025020381,2025-11-28,NYI,PHI,3.0,4.0,0.0,0.6134119262525419,0.6134119262525419,NYI,PHI,False
2025020382,2025-11-28,STL,OTT,4.0,3.0,1.0,0.4998236798338919,0.4998236798338919,OTT,STL,False
2025020383,2025-11-28,VGK,MTL,1.0,4.0,0.0,0.601089593068359,0.601089593068359,VGK,MTL,False
2025020384,2025-11-28,ANA,LAK,5.0,4.0,1.0,0.5853609833351602,0.5853609833351602,ANA,ANA,True
2025020385,2025-11-28,SJS,VAN,3.0,2.0,1.0,0.4240946760536221,0.4240946760536221,VAN,SJS,False
2025020386,2025-11-28,WSH,TOR,4.0,2.0,1.0,0.6355600120361692,0.6355600120361692,WSH,WSH,True
2025020387,2025-11-28,CAR,WPG,5.0,1.0,1.0,0.6355367432638556,0.6355367432638556,CAR,CAR,True
2025020388,2025-11-28,CBJ,PIT,3.0,4.0,0.0,0.5524169711009028,0.5524169711009028,CBJ,PIT,False
2025020389,2025-11-28,CHI,NSH,3.0,4.0,0.0,0.5286860197629336,0.5286860197629336,CHI,NSH,False
2025020390,2025-11-28,DAL,UTA,4.0,3.0,1.0,0.5141083973948686,0.5141083973948686,DAL,DAL,True
2025020391,2025-11-29,NYR,TBL,1.0,4.0,0.0,0.49984416294629624,0.49984416294629624,TBL,TBL,True
2025020392,2025-11-29,COL,MTL,7.0,2.0,1.0,0.6819216985641975,0.6819216985641975,COL,COL,True
2025020393,2025-11-29,SEA,EDM,0.0,4.0,0.0,0.4917002618853245,0.4917002618853245,EDM,EDM,True
2025020394,2025-11-29,BOS,DET,3.0,2.0,1.0,0.41623265175192853,0.41623265175192853,DET,BOS,False
2025020395,2025-11-29,NJD,PHI,3.0,5.0,0.0,0.5803391201477275,0.5803391201477275,NJD,PHI,False
2025020396,2025-11-29,PIT,TOR,2.0,7.0,0.0,0.5594295213042219,0.5594295213042219,PIT,TOR,False
2025020397,2025-11-29,NSH,WPG,2.0,5.0,0.0,0.5390036567311499,0.5390036567311499,NSH,WPG,False
2025020398,2025-11-29,STL,UTA,1.0,0.0,1.0,0.4858317124654837,0.4858317124654837,UTA,STL,False
2025020399,2025-11-29,MIN,BUF,2.0,3.0,0.0,0.5537187314378541,0.5537187314378541,MIN,BUF,False
2025020400,2025-11-29,VGK,SJS,4.0,3.0,1.0,0.6838032188838047,0.6838032188838047,VGK,VGK,True
2025020401,2025-11-29,LAK,VAN,2.0,1.0,1.0,0.5311602558659425,0.5311602558659425,LAK,LAK,True
2025020402,2025-11-30,NYI,WSH,1.0,4.0,0.0,0.49106633724880383,0.49106633724880383,WSH,WSH,True
2025020403,2025-11-30,CHI,ANA,5.0,3.0,1.0,0.4885379536709554,0.4885379536709554,ANA,CHI,False
2025020404,2025-11-30,CAR,CGY,1.0,0.0,1.0,0.688667397024406,0.688667397024406,CAR,CAR,True
2025020405,2025-11-30,DAL,OTT,6.0,1.0,1.0,0.5555765479429492,0.5555765479429492,DAL,DAL,True
2025020406,2025-12-01,NJD,CBJ,3.0,5.0,0.0,0.49307726302382626,0.49307726302382626,CBJ,CBJ,True
2025020407,2025-12-01,PHI,PIT,1.0,5.0,0.0,0.4653217268387719,0.4653217268387719,PIT,PIT,True
2025020408,2025-12-01,BUF,WPG,5.0,1.0,1.0,0.6061376738538824,0.6061376738538824,BUF,BUF,True
2025020409,2025-12-01,STL,ANA,1.0,4.0,0.0,0.5649960112215162,0.5649960112215162,STL,ANA,False
2025020410,2025-12-01,SJS,UTA,6.0,3.0,1.0,0.40727128485054254,0.40727128485054254,UTA,SJS,False
2025020411,2025-12-02,MTL,OTT,2.0,5.0,0.0,0.48830235984797643,0.48830235984797643,OTT,OTT,True
2025020412,2025-12-02,DET,BOS,5.0,4.0,1.0,0.6539425974304593,0.6539425974304593,DET,DET,True
2025020413,2025-12-02,FLA,TOR,1.0,4.0,0.0,0.6141775517828479,0.6141775517828479,FLA,TOR,False
2025020414,2025-12-02,NYI,TBL,2.0,1.0,1.0,0.5846599766942094,0.5846599766942094,NYI,NYI,True
2025020415,2025-12-02,NYR,DAL,3.0,2.0,1.0,0.45050585349195527,0.45050585349195527,DAL,NYR,False
2025020416,2025-12-02,NSH,CGY,5.0,1.0,1.0,0.5659902009835487,0.5659902009835487,NSH,NSH,True
2025020417,2025-12-02,COL,VAN,3.0,1.0,1.0,0.632426263770626,0.632426263770626,COL,COL,True
2025020418,2025-12-02,EDM,MIN,0.0,1.0,0.0,0.5522702235844604,0.5522702235844604,EDM,MIN,False
2025020419,2025-12-02,VGK,CHI,4.0,3.0,1.0,0.6517010904475806,0.6517010904475806,VGK,VGK,True
2025020420,2025-12-02,LAK,WSH,1.0,3.0,0.0,0.4520562784746239,0.4520562784746239,WSH,WSH,True
2025020421,2025-12-03,NJD,DAL,0.0,3.0,0.0,0.5568582047663357,0.5568582047663357,NJD,DAL,False
2025020422,2025-12-03,MTL,WPG,3.0,2.0,1.0,0.4775746583922345,0.4775746583922345,WPG,MTL,False
2025020423,2025-12-03,PHI,BUF,5.0,2.0,1.0,0.49793590832258267,0.49793590832258267,BUF,PHI,False
2025020424,2025-12-03,ANA,UTA,0.0,7.0,0.0,0.5609464369598249,0.5609464369598249,ANA,UTA,False
2025020425,2025-12-03,SJS,WSH,1.0,7.0,0.0,0.4232509189259652,0.4232509189259652,WSH,WSH,True
2025020426,2025-12-04,BOS,STL,5.0,2.0,1.0,0.48768423485421153,0.48768423485421153,STL,BOS,False
2025020427,2025-12-04,OTT,NYR,2.0,4.0,0.0,0.5883202254399968,0.5883202254399968,OTT,NYR,False
2025020428,2025-12-04,TBL,PIT,3.0,4.0,0.0,0.6295678115422416,0.6295678115422416,TBL,PIT,False
2025020429,2025-12-04,FLA,NSH,1.0,2.0,0.0,0.612377313332374,0.612377313332374,FLA,NSH,False
2025020430,2025-12-04,NYI,COL,6.0,3.0,1.0,0.5273517470898302,0.5273517470898302,NYI,NYI,True
2025020431,2025-12-04,CAR,TOR,1.0,5.0,0.0,0.6776060994492691,0.6776060994492691,CAR,TOR,False
2025020432,2025-12-04,CBJ,DET,6.0,5.0,1.0,0.4793760802083149,0.4793760802083149,DET,CBJ,False
2025020433,2025-12-04,CGY,MIN,4.0,1.0,1.0,0.54627499184357,0.54627499184357,CGY,CGY,True
2025020434,2025-12-04,EDM,SEA,9.0,4.0,1.0,0.6035444206469827,0.6035444206469827,EDM,EDM,True
2025020435,2025-12-04,LAK,CHI,1.0,2.0,0.0,0.5359848527386011,0.5359848527386011,LAK,CHI,False
2025020436,2025-12-05,NJD,VGK,0.0,3.0,0.0,0.46201360421117915,0.46201360421117915,VGK,VGK,True
2025020437,2025-12-05,WPG,BUF,4.0,1.0,1.0,0.5270396400718336,0.5270396400718336,WPG,WPG,True
2025020438,2025-12-05,DAL,SJS,4.0,1.0,1.0,0.6656095492157382,0.6656095492157382,DAL,DAL,True
2025020439,2025-12-05,VAN,UTA,1.0,4.0,0.0,0.4074575740860212,0.4074575740860212,UTA,UTA,True
2025020440,2025-12-05,ANA,WSH,4.0,3.0,1.0,0.5061446283466897,0.5061446283466897,ANA,ANA,True
2025020441,2025-12-06,NYR,COL,2.0,3.0,0.0,0.47923612099704815,0.47923612099704815,COL,COL,True
2025020442,2025-12-06,FLA,CBJ,7.0,6.0,1.0,0.5867462165721632,0.5867462165721632,FLA,FLA,True
2025020443,2025-12-06,BOS,NJD,4.0,1.0,1.0,0.4749387711638474,0.4749387711638474,NJD,BOS,False
2025020444,2025-12-06,TOR,MTL,1.0,2.0,0.0,0.5901801853193781,0.5901801853193781,TOR,MTL,False
2025020445,2025-12-06,OTT,STL,1.0,2.0,0.0,0.5505129826496161,0.5505129826496161,OTT,STL,False
2025020446,2025-12-06,TBL,NYI,0.0,2.0,0.0,0.5596266833915027,0.5596266833915027,TBL,NYI,False
2025020447,2025-12-06,CAR,NSH,6.0,3.0,1.0,0.7227745440549859,0.7227745440549859,CAR,CAR,True
2025020448,2025-12-06,CGY,UTA,2.0,0.0,1.0,0.5206738084222937,0.5206738084222937,CGY,CGY,True
2025020449,2025-12-06,LAK,CHI,6.0,0.0,1.0,0.5056081515458484,0.5056081515458484,LAK,LAK,True
2025020450,2025-12-06,EDM,WPG,6.0,2.0,1.0,0.6108440080599083,0.6108440080599083,EDM,EDM,True
2025020451,2025-12-06,VAN,MIN,4.0,2.0,1.0,0.5101900439504558,0.5101900439504558,VAN,VAN,True
2025020452,2025-12-06,SEA,DET,3.0,4.0,0.0,0.44878411589722206,0.44878411589722206,DET,DET,True
2025020453,2025-12-07,PHI,COL,2.0,3.0,0.0,0.528030537085808,0.528030537085808,PHI,COL,False
2025020454,2025-12-07,FLA,NYI,4.0,1.0,1.0,0.6126710817570435,0.6126710817570435,FLA,FLA,True
2025020455,2025-12-07,CAR,SJS,1.0,4.0,0.0,0.7120520804631189,0.7120520804631189,CAR,SJS,False
2025020456,2025-12-07,DAL,PIT,3.0,2.0,1.0,0.5928928962241731,0.5928928962241731,DAL,DAL,True
2025020457,2025-12-07,MTL,STL,3.0,4.0,0.0,0.526119773403382,0.526119773403382,MTL,STL,False
2025020458,2025-12-07,NYR,VGK,2.0,3.0,0.0,0.40609572296683794,0.40609572296683794,VGK,VGK,True
2025020459,2025-12-07,WSH,CBJ,2.0,0.0,1.0,0.6498692839543634,0.6498692839543634,WSH,WSH,True
2025020460,2025-12-07,ANA,CHI,7.0,1.0,1.0,0.6613860787254182,0.6613860787254182,ANA,ANA,True
2025020461,2025-12-08,TOR,TBL,2.0,0.0,1.0,0.45505145867745217,0.45505145867745217,TBL,TOR,False
2025020462,2025-12-08,UTA,LAK,2.0,4.0,0.0,0.6036602071399084,0.6036602071399084,UTA,LAK,False
2025020463,2025-12-08,CGY,BUF,7.0,4.0,1.0,0.47665989901633093,0.47665989901633093,BUF,CGY,False
2025020464,2025-12-08,VAN,DET,0.0,4.0,0.0,0.45235678005448704,0.45235678005448704,DET,DET,True
2025020465,2025-12-08,SEA,MIN,1.0,4.0,0.0,0.4844654115240605,0.4844654115240605,MIN,MIN,True
2025020466,2025-12-09,MTL,TBL,1.0,6.0,0.0,0.5014518422026384,0.5014518422026384,MTL,TBL,False
2025020467,2025-12-09,OTT,NJD,3.0,4.0,0.0,0.5218469933235474,0.5218469933235474,OTT,NJD,False
2025020468,2025-12-09,NYI,VGK,5.0,4.0,1.0,0.44909360724685604,0.44909360724685604,VGK,NYI,False
2025020469,2025-12-09,PHI,SJS,4.0,1.0,1.0,0.6002693599444315,0.6002693599444315,PHI,PHI,True
2025020470,2025-12-09,PIT,ANA,3.0,4.0,0.0,0.46869162723562285,0.46869162723562285,ANA,ANA,True
2025020471,2025-12-09,CAR,CBJ,4.0,1.0,1.0,0.6979682714758223,0.6979682714758223,CAR,CAR,True
2025020472,2025-12-09,STL,BOS,2.0,5.0,0.0,0.5567528514401643,0.5567528514401643,STL,BOS,False
2025020473,2025-12-09,WPG,DAL,3.0,4.0,0.0,0.5293777647625243,0.5293777647625243,WPG,DAL,False
2025020474,2025-12-09,EDM,BUF,3.0,4.0,0.0,0.6376221192153012,0.6376221192153012,EDM,BUF,False
2025020475,2025-12-09,NSH,COL,4.0,3.0,1.0,0.46877690438904396,0.46877690438904396,COL,NSH,False
2025020476,2025-12-10,CHI,NYR,3.0,0.0,1.0,0.47525943947977173,0.47525943947977173,NYR,CHI,False
2025020477,2025-12-10,CGY,DET,3.0,4.0,0.0,0.5239022400596922,0.5239022400596922,CGY,DET,False
2025020478,2025-12-10,UTA,FLA,3.0,4.0,0.0,0.5059733199944623,0.5059733199944623,UTA,FLA,False
2025020479,2025-12-10,SEA,LAK,3.0,2.0,1.0,0.4868754245346081,0.4868754245346081,LAK,SEA,False
2025020480,2025-12-11,TOR,SJS,2.0,3.0,0.0,0.6101004760710653,0.6101004760710653,TOR,SJS,False
2025020481,2025-12-11,NJD,TBL,4.0,8.0,0.0,0.4778706934418549,0.4778706934418549,TBL,TBL,True
2025020482,2025-12-11,NYI,ANA,5.0,2.0,1.0,0.4241893038111065,0.4241893038111065,ANA,NYI,False
2025020483,2025-12-11,PHI,VGK,2.0,3.0,0.0,0.5017048601903227,0.5017048601903227,PHI,VGK,False
2025020484,2025-12-11,PIT,MTL,2.0,4.0,0.0,0.5112602337026105,0.5112602337026105,PIT,MTL,False
2025020485,2025-12-11,WSH,CAR,2.0,3.0,0.0,0.4955402043939007,0.4955402043939007,CAR,CAR,True
2025020486,2025-12-11,CBJ,OTT,3.0,6.0,0.0,0.5142768482394316,0.5142768482394316,CBJ,OTT,False
2025020487,2025-12-11,NSH,STL,7.0,2.0,1.0,0.4786824129840647,0.4786824129840647,STL,NSH,False
2025020488,2025-12-11,MIN,DAL,5.0,2.0,1.0,0.5493207918154343,0.5493207918154343,MIN,MIN,True
2025020489,2025-12-11,WPG,BOS,3.0,6.0,0.0,0.5739850471130606,0.5739850471130606,WPG,BOS,False
2025020490,2025-12-11,COL,FLA,6.0,2.0,1.0,0.6362356717818595,0.6362356717818595,COL,COL,True
2025020491,2025-12-11,EDM,DET,4.0,1.0,1.0,0.623479163314689,0.623479163314689,EDM,EDM,True
2025020492,2025-12-11,VAN,BUF,2.0,3.0,0.0,0.523124303519104,0.523124303519104,VAN,BUF,False
2025020493,2025-12-12,STL,CHI,3.0,2.0,1.0,0.5261358554653723,0.5261358554653723,STL,STL,True
2025020494,2025-12-12,UTA,SEA,5.0,3.0,1.0,0.5590671394654178,0.5590671394654178,UTA,UTA,True
2025020495,2025-12-13,NJD,ANA,4.0,1.0,1.0,0.5325519245160297,0.5325519245160297,NJD,NJD,True
2025020496,2025-12-13,MIN,OTT,3.0,2.0,1.0,0.5136438020587955,0.5136438020587955,MIN,MIN,True
2025020497,2025-12-13,PIT,SJS,5.0,6.0,0.0,0.5902589352711305,0.5902589352711305,PIT,SJS,False
2025020498,2025-12-13,NYI,TBL,3.0,2.0,1.0,0.47458178571510934,0.47458178571510934,TBL,NYI,False
2025020499,2025-12-13,TOR,EDM,3.0,6.0,0.0,0.4502787326224369,0.4502787326224369,EDM,EDM,True
2025020500,2025-12-13,NYR,MTL,5.0,4.0,1.0,0.4259132584293078,0.4259132584293078,MTL,NYR,False
2025020501,2025-12-13,PHI,CAR,3.0,4.0,0.0,0.4520166876093394,0.4520166876093394,CAR,CAR,True
2025020502,2025-12-13,CBJ,VGK,2.0,3.0,0.0,0.5011133207370616,0.5011133207370616,CBJ,VGK,False
2025020503,2025-12-13,WPG,WSH,5.0,1.0,1.0,0.5648218665962152,0.5648218665962152,WPG,WPG,True
2025020504,2025-12-13,CHI,DET,0.0,4.0,0.0,0.44385110051942667,0.44385110051942667,DET,DET,True
2025020505,2025-12-13,DAL,FLA,0.0,4.0,0.0,0.559081508555523,0.559081508555523,DAL,FLA,False
2025020506,2025-12-13,COL,NSH,4.0,2.0,1.0,0.6989096708234542,0.6989096708234542,COL,COL,True
2025020507,2025-12-13,LAK,CGY,1.0,2.0,0.0,0.48654805634768683,0.48654805634768683,CGY,CGY,True
2025020508,2025-12-14,NJD,VAN,1.0,2.0,0.0,0.4515091911999545,0.4515091911999545,VAN,VAN,True
2025020509,2025-12-14,PIT,UTA,4.0,5.0,0.0,0.5139180789051248,0.5139180789051248,PIT,UTA,False
2025020510,2025-12-14,CAR,PHI,3.0,2.0,1.0,0.6913932035714736,0.6913932035714736,CAR,CAR,True
2025020511,2025-12-14,MIN,BOS,6.0,2.0,1.0,0.5086069184486208,0.5086069184486208,MIN,MIN,True
2025020512,2025-12-14,MTL,EDM,4.0,1.0,1.0,0.4997428136569669,0.4997428136569669,EDM,MTL,False
2025020513,2025-12-14,SEA,BUF,1.0,3.0,0.0,0.5308873624919772,0.5308873624919772,SEA,BUF,False
2025020514,2025-12-15,TBL,FLA,2.0,5.0,0.0,0.559843377790244,0.559843377790244,TBL,FLA,False
2025020515,2025-12-15,NYR,ANA,1.0,4.0,0.0,0.4966366749640722,0.4966366749640722,ANA,ANA,True
2025020516,2025-12-15,WPG,OTT,2.0,3.0,0.0,0.5177731914863569,0.5177731914863569,WPG,OTT,False
2025020517,2025-12-15,STL,NSH,2.0,5.0,0.0,0.5355353747299204,0.5355353747299204,STL,NSH,False
2025020518,2025-12-15,DAL,LAK,4.0,1.0,1.0,0.6125212076875378,0.6125212076875378,DAL,DAL,True
2025020519,2025-12-16,BOS,UTA,4.0,1.0,1.0,0.475788602628273,0.475788602628273,UTA,BOS,False
2025020520,2025-12-16,TOR,CHI,3.0,2.0,1.0,0.5733868689448041,0.5733868689448041,TOR,TOR,True
2025020521,2025-12-16,MTL,PHI,1.0,4.0,0.0,0.5447792065753796,0.5447792065753796,MTL,PHI,False
2025020522,2025-12-16,DET,NYI,3.0,2.0,1.0,0.5834755821010029,0.5834755821010029,DET,DET,True
2025020523,2025-12-16,NYR,VAN,0.0,3.0,0.0,0.4567342509342111,0.4567342509342111,VAN,VAN,True
2025020524,2025-12-16,PIT,EDM,4.0,6.0,0.0,0.5039710665831294,0.5039710665831294,PIT,EDM,False
2025020525,2025-12-16,CBJ,ANA,4.0,3.0,1.0,0.6032027758259952,0.6032027758259952,CBJ,CBJ,True
2025020526,2025-12-16,MIN,WSH,5.0,0.0,1.0,0.5795678615764269,0.5795678615764269,MIN,MIN,True
2025020527,2025-12-16,SJS,CGY,6.0,3.0,1.0,0.43032658205535823,0.43032658205535823,CGY,SJS,False
2025020528,2025-12-16,SEA,COL,3.0,5.0,0.0,0.47270053170788073,0.47270053170788073,COL,COL,True
2025020529,2025-12-17,FLA,LAK,3.0,2.0,1.0,0.640809024961596,0.640809024961596,FLA,FLA,True
2025020530,2025-12-17,DET,UTA,1.0,4.0,0.0,0.5198070749202691,0.5198070749202691,DET,UTA,False
2025020531,2025-12-17,STL,WPG,1.0,0.0,1.0,0.4406438257108188,0.4406438257108188,WPG,STL,False
2025020532,2025-12-17,NSH,CAR,1.0,4.0,0.0,0.43800801216636814,0.43800801216636814,CAR,CAR,True
2025020533,2025-12-17,VGK,NJD,1.0,2.0,0.0,0.5098490252310336,0.5098490252310336,VGK,NJD,False
2025020534,2025-12-18,BOS,EDM,1.0,3.0,0.0,0.4946058138714571,0.4946058138714571,EDM,EDM,True
2025020535,2025-12-18,BUF,PHI,5.0,3.0,1.0,0.5543687870843574,0.5543687870843574,BUF,BUF,True
2025020536,2025-12-18,MTL,CHI,4.0,1.0,1.0,0.6166542852402123,0.6166542852402123,MTL,MTL,True
2025020537,2025-12-18,OTT,PIT,4.0,0.0,1.0,0.5683762235167273,0.5683762235167273,OTT,OTT,True
2025020538,2025-12-18,TBL,LAK,1.0,2.0,0.0,0.6920732106019585,0.6920732106019585,TBL,LAK,False
2025020539,2025-12-18,WSH,TOR,4.0,0.0,1.0,0.5031377502478992,0.5031377502478992,WSH,WSH,True
2025020540,2025-12-18,CBJ,MIN,2.0,5.0,0.0,0.564349163510123,0.564349163510123,CBJ,MIN,False
2025020541,2025-12-18,STL,NYR,1.0,2.0,0.0,0.4219563018356279,0.4219563018356279,NYR,NYR,True
2025020542,2025-12-18,CGY,SEA,4.0,2.0,1.0,0.5728395865936083,0.5728395865936083,CGY,CGY,True
2025020543,2025-12-18,SJS,DAL,3.0,5.0,0.0,0.47700831583544795,0.47700831583544795,DAL,DAL,True
2025020544,2025-12-19,FLA,CAR,4.0,3.0,1.0,0.48010588739373783,0.48010588739373783,CAR,FLA,False
2025020545,2025-12-19,NYI,VAN,1.0,4.0,0.0,0.49907674420321574,0.49907674420321574,VAN,VAN,True
2025020546,2025-12-19,COL,WPG,3.0,2.0,1.0,0.6323556526239674,0.6323556526239674,COL,COL,True
2025020547,2025-12-19,UTA,NJD,1.0,2.0,0.0,0.5235281344416304,0.5235281344416304,UTA,NJD,False
2025020548,2025-12-19,ANA,DAL,3.0,8.0,0.0,0.6139453604448166,0.6139453604448166,ANA,DAL,False
2025020549,2025-12-20,NYR,PHI,5.0,4.0,1.0,0.5466329039798672,0.5466329039798672,NYR,NYR,True
2025020550,2025-12-20,WSH,DET,2.0,5.0,0.0,0.5397812883377467,0.5397812883377467,WSH,DET,False
2025020551,2025-12-20,OTT,CHI,6.0,4.0,1.0,0.6491491724436494,0.6491491724436494,OTT,OTT,True
2025020552,2025-12-20,MIN,EDM,5.0,2.0,1.0,0.5200614066773173,0.5200614066773173,MIN,MIN,True
2025020553,2025-12-20,BUF,NYI,3.0,2.0,1.0,0.6335952536006384,0.6335952536006384,BUF,BUF,True
2025020554,2025-12-20,FLA,STL,2.0,6.0,0.0,0.5953885894766433,0.5953885894766433,FLA,STL,False
2025020555,2025-12-20,BOS,VAN,4.0,5.0,0.0,0.5486655360235493,0.5486655360235493,BOS,VAN,False
2025020556,2025-12-20,MTL,PIT,4.0,0.0,1.0,0.5243878817141937,0.5243878817141937,MTL,MTL,True
2025020557,2025-12-20,TBL,CAR,6.0,4.0,1.0,0.5873369926220964,0.5873369926220964,TBL,TBL,True
2025020558,2025-12-20,NSH,TOR,5.0,3.0,1.0,0.5102786872883258,0.5102786872883258,NSH,NSH,True
2025020559,2025-12-20,CGY,VGK,6.0,3.0,1.0,0.5390302309051271,0.5390302309051271,CGY,CGY,True
2025020560,2025-12-20,ANA,CBJ,4.0,3.0,1.0,0.5417303157409191,0.5417303157409191,ANA,ANA,True
2025020561,2025-12-20,SJS,SEA,2.0,4.0,0.0,0.5375173364989735,0.5375173364989735,SJS,SEA,False
2025020562,2025-12-21,DET,WSH,3.0,2.0,1.0,0.6269065889121205,0.6269065889121205,DET,DET,True
2025020563,2025-12-21,MIN,COL,1.0,5.0,0.0,0.45422472623576887,0.45422472623576887,COL,COL,True
2025020564,2025-12-21,BOS,OTT,2.0,6.0,0.0,0.5403500537578124,0.5403500537578124,BOS,OTT,False
2025020565,2025-12-21,NJD,BUF,1.0,3.0,0.0,0.5893817641705505,0.5893817641705505,NJD,BUF,False
2025020566,2025-12-21,PIT,MTL,4.0,3.0,1.0,0.49794166101930454,0.49794166101930454,MTL,PIT,False
2025020567,2025-12-21,NSH,NYR,2.0,1.0,1.0,0.5078210058775272,0.5078210058775272,NSH,NSH,True
2025020568,2025-12-21,DAL,TOR,5.0,1.0,1.0,0.640625833573019,0.640625833573019,DAL,DAL,True
2025020569,2025-12-21,UTA,WPG,4.0,3.0,1.0,0.590234660026174,0.590234660026174,UTA,UTA,True
2025020570,2025-12-21,EDM,VGK,4.0,3.0,1.0,0.529677735185541,0.529677735185541,EDM,EDM,True
2025020571,2025-12-22,TBL,STL,4.0,1.0,1.0,0.6404346005957946,0.6404346005957946,TBL,TBL,True
2025020572,2025-12-22,PHI,VAN,5.0,2.0,1.0,0.5026033930403978,0.5026033930403978,PHI,PHI,True
2025020573,2025-12-22,ANA,SEA,1.0,3.0,0.0,0.6162754731239213,0.6162754731239213,ANA,SEA,False
2025020574,2025-12-22,LAK,CBJ,1.0,3.0,0.0,0.5052247114501448,0.5052247114501448,LAK,CBJ,False
2025020575,2025-12-23,TOR,PIT,6.0,3.0,1.0,0.48774254148983187,0.48774254148983187,PIT,TOR,False
2025020576,2025-12-23,WSH,NYR,3.0,7.0,0.0,0.5406490484981853,0.5406490484981853,WSH,NYR,False
2025020577,2025-12-23,BOS,MTL,2.0,6.0,0.0,0.5322940507530604,0.5322940507530604,BOS,MTL,False
2025020578,2025-12-23,OTT,BUF,2.0,3.0,0.0,0.658427988538949,0.658427988538949,OTT,BUF,False
2025020579,2025-12-23,DET,DAL,4.0,3.0,1.0,0.545902673467553,0.545902673467553,DET,DET,True
2025020580,2025-12-23,NYI,NJD,2.0,1.0,1.0,0.4980553752050635,0.4980553752050635,NJD,NYI,False
2025020581,2025-12-23,CAR,FLA,2.0,5.0,0.0,0.5770923599159289,0.5770923599159289,CAR,FLA,False
2025020582,2025-12-23,MIN,NSH,2.0,3.0,0.0,0.5242521248051177,0.5242521248051177,MIN,NSH,False
2025020583,2025-12-23,CHI,PHI,1.0,3.0,0.0,0.5180551210641752,0.5180551210641752,CHI,PHI,False
2025020584,2025-12-23,COL,UTA,1.0,0.0,1.0,0.6377469757635533,0.6377469757635533,COL,COL,True
2025020585,2025-12-23,EDM,CGY,5.0,1.0,1.0,0.5497497943934194,0.5497497943934194,EDM,EDM,True
2025020586,2025-12-23,VGK,SJS,7.0,2.0,1.0,0.6302485387751473,0.6302485387751473,VGK,VGK,True
2025020587,2025-12-23,LAK,SEA,2.0,3.0,0.0,0.6165141208338593,0.6165141208338593,LAK,SEA,False
2025020588,2025-12-27,NYI,NYR,2.0,0.0,1.0,0.4900171260023187,0.4900171260023187,NYR,NYI,False
2025020589,2025-12-27,BUF,BOS,4.0,1.0,1.0,0.5524782751584791,0.5524782751584791,BUF,BUF,True
2025020590,2025-12-27,TOR,OTT,7.0,5.0,1.0,0.45937988401586305,0.45937988401586305,OTT,TOR,False
2025020591,2025-12-27,FLA,TBL,2.0,4.0,0.0,0.5322737672662876,0.5322737672662876,FLA,TBL,False
2025020592,2025-12-27,NJD,WSH,3.0,4.0,0.0,0.5206515148325966,0.5206515148325966,NJD,WSH,False
2025020593,2025-12-27,CAR,DET,5.0,2.0,1.0,0.5811569105819553,0.5811569105819553,CAR,CAR,True
2025020594,2025-12-27,WPG,MIN,3.0,4.0,0.0,0.5423441490616999,0.5423441490616999,WPG,MIN,False
2025020595,2025-12-27,STL,NSH,3.0,2.0,1.0,0.544720857281842,0.544720857281842,STL,STL,True
2025020596,2025-12-27,DAL,CHI,3.0,4.0,0.0,0.651663262281408,0.651663262281408,DAL,CHI,False
2025020597,2025-12-27,LAK,ANA,6.0,1.0,1.0,0.4945584296369453,0.4945584296369453,ANA,LAK,False
2025020598,2025-12-27,CGY,EDM,3.0,2.0,1.0,0.5383737812045796,0.5383737812045796,CGY,CGY,True
2025020599,2025-12-27,VAN,SJS,3.0,6.0,0.0,0.5339450749318032,0.5339450749318032,VAN,SJS,False
2025020600,2025-12-27,VGK,COL,5.0,6.0,0.0,0.5087025876448037,0.5087025876448037,VGK,COL,False
2025020601,2025-12-28,DET,TOR,3.0,2.0,1.0,0.5244046710650954,0.5244046710650954,DET,DET,True
2025020602,2025-12-28,TBL,MTL,5.0,4.0,1.0,0.5687680783594855,0.5687680783594855,TBL,TBL,True
2025020603,2025-12-28,CBJ,NYI,4.0,2.0,1.0,0.6361929381206907,0.6361929381206907,CBJ,CBJ,True
2025020604,2025-12-28,CHI,PIT,3.0,7.0,0.0,0.3942026361604919,0.3942026361604919,PIT,PIT,True
2025020605,2025-12-28,SEA,PHI,4.0,1.0,1.0,0.4254666019634729,0.4254666019634729,PHI,SEA,False
2025020606,2025-12-29,OTT,CBJ,1.0,4.0,0.0,0.6415210565595099,0.6415210565595099,OTT,CBJ,False
2025020607,2025-12-29,FLA,WSH,5.0,3.0,1.0,0.6029207615813194,0.6029207615813194,FLA,FLA,True
2025020608,2025-12-29,CAR,NYR,3.0,2.0,1.0,0.6532698967707985,0.6532698967707985,CAR,CAR,True
2025020609,2025-12-29,WPG,EDM,1.0,3.0,0.0,0.5153301233474598,0.5153301233474598,WPG,EDM,False
2025020610,2025-12-29,STL,BUF,2.0,4.0,0.0,0.5348612916707344,0.5348612916707344,STL,BUF,False
2025020611,2025-12-29,COL,LAK,5.0,2.0,1.0,0.6974515823430711,0.6974515823430711,COL,COL,True
2025020612,2025-12-29,UTA,NSH,3.0,4.0,0.0,0.5811203925538702,0.5811203925538702,UTA,NSH,False
2025020613,2025-12-29,CGY,BOS,2.0,1.0,1.0,0.5362762712454167,0.5362762712454167,CGY,CGY,True
2025020614,2025-12-29,VGK,MIN,2.0,5.0,0.0,0.5511100714157088,0.5511100714157088,VGK,MIN,False
2025020615,2025-12-29,ANA,SJS,4.0,5.0,0.0,0.6010133902859718,0.6010133902859718,ANA,SJS,False
2025020616,2025-12-29,SEA,VAN,2.0,3.0,0.0,0.43156815336383786,0.43156815336383786,VAN,VAN,True
2025020617,2025-12-30,TOR,NJD,4.0,0.0,1.0,0.45600869579712866,0.45600869579712866,NJD,TOR,False
2025020618,2025-12-30,FLA,MTL,2.0,3.0,0.0,0.5504664701192798,0.5504664701192798,FLA,MTL,False
2025020619,2025-12-30,PIT,CAR,5.0,1.0,1.0,0.5293522148536153,0.5293522148536153,PIT,PIT,True
2025020620,2025-12-30,CHI,NYI,2.0,3.0,0.0,0.5132364559202749,0.5132364559202749,CHI,NYI,False
2025020621,2025-12-30,VAN,PHI,3.0,6.0,0.0,0.38911666713426535,0.38911666713426535,PHI,PHI,True
2025020622,2025-12-31,WSH,NYR,6.0,3.0,1.0,0.6189665194003221,0.6189665194003221,WSH,WSH,True
2025020623,2025-12-31,VGK,NSH,2.0,4.0,0.0,0.548756250837549,0.548756250837549,VGK,NSH,False
2025020624,2025-12-31,ANA,TBL,3.0,4.0,0.0,0.5745599827264362,0.5745599827264362,ANA,TBL,False
2025020625,2025-12-31,SJS,MIN,4.0,3.0,1.0,0.45379740136341,0.45379740136341,MIN,SJS,False
2025020626,2025-12-31,DET,WPG,2.0,1.0,1.0,0.5099958640498427,0.5099958640498427,DET,DET,True
2025020627,2025-12-31,CBJ,NJD,2.0,3.0,0.0,0.5887327581237654,0.5887327581237654,CBJ,NJD,False
2025020628,2025-12-31,DAL,BUF,1.0,4.0,0.0,0.5336565515831326,0.5336565515831326,DAL,BUF,False
2025020629,2025-12-31,COL,STL,6.0,1.0,1.0,0.7129304757445075,0.7129304757445075,COL,COL,True
2025020630,2025-12-31,CGY,PHI,5.0,1.0,1.0,0.5504610766911676,0.5504610766911676,CGY,CGY,True
2025020631,2025-12-31,EDM,BOS,2.0,6.0,0.0,0.5859744882591237,0.5859744882591237,EDM,BOS,False
2025020632,2026-01-01,OTT,WSH,4.0,3.0,1.0,0.59181687857018,0.59181687857018,OTT,OTT,True
2025020633,2026-01-01,NYI,UTA,2.0,7.0,0.0,0.49212105266915196,0.49212105266915196,UTA,UTA,True
2025020634,2026-01-01,TOR,WPG,6.0,5.0,1.0,0.5296982316006077,0.5296982316006077,TOR,TOR,True
2025020635,2026-01-01,PIT,DET,4.0,3.0,1.0,0.5622904855890349,0.5622904855890349,PIT,PIT,True
2025020636,2026-01-01,CAR,MTL,5.0,7.0,0.0,0.6577203642395824,0.6577203642395824,CAR,MTL,False
2025020637,2026-01-01,CHI,DAL,4.0,3.0,1.0,0.4888635258963974,0.4888635258963974,DAL,CHI,False
2025020638,2026-01-01,SEA,NSH,4.0,1.0,1.0,0.5043277190033933,0.5043277190033933,SEA,SEA,True
2025020639,2026-01-01,LAK,TBL,3.0,5.0,0.0,0.5487276478611239,0.5487276478611239,LAK,TBL,False
2025020640,2026-01-02,STL,VGK,4.0,3.0,1.0,0.43970095423234823,0.43970095423234823,VGK,STL,False
2025020641,2026-01-02,FLA,NYR,1.0,5.0,0.0,0.6454194859263521,0.6454194859263521,FLA,NYR,False
2025020642,2026-01-02,VAN,SEA,3.0,4.0,0.0,0.5078542280682572,0.5078542280682572,VAN,SEA,False
2025020643,2026-01-02,ANA,MIN,2.0,5.0,0.0,0.6090595160047708,0.6090595160047708,ANA,MIN,False
2025020644,2026-01-03,DET,PIT,1.0,4.0,0.0,0.48954354399788025,0.48954354399788025,PIT,PIT,True
2025020645,2026-01-03,NJD,UTA,4.0,1.0,1.0,0.49232287108572587,0.49232287108572587,UTA,NJD,False
2025020646,2026-01-03,CBJ,BUF,5.0,1.0,1.0,0.5637628940231096,0.5637628940231096,CBJ,CBJ,True
2025020647,2026-01-03,EDM,PHI,2.0,5.0,0.0,0.5627940389643786,0.5627940389643786,EDM,PHI,False
2025020648,2026-01-03,STL,MTL,2.0,0.0,1.0,0.43127779513551856,0.43127779513551856,MTL,STL,False
2025020649,2026-01-03,SJS,TBL,3.0,7.0,0.0,0.45885918858747476,0.45885918858747476,TBL,TBL,True
2025020650,2026-01-03,OTT,WPG,4.0,2.0,1.0,0.5662534748751802,0.5662534748751802,OTT,OTT,True
2025020651,2026-01-03,NYI,TOR,4.0,3.0,1.0,0.5493339906376421,0.5493339906376421,NYI,NYI,True
2025020652,2026-01-03,WSH,CHI,2.0,3.0,0.0,0.6112896508048012,0.6112896508048012,WSH,CHI,False
2025020653,2026-01-03,CAR,COL,3.0,5.0,0.0,0.5575242062975979,0.5575242062975979,CAR,COL,False
2025020654,2026-01-03,CGY,NSH,3.0,4.0,0.0,0.5150240907314345,0.5150240907314345,CGY,NSH,False
2025020655,2026-01-03,LAK,MIN,5.0,4.0,1.0,0.5552517603821798,0.5552517603821798,LAK,LAK,True
2025020656,2026-01-03,VAN,BOS,2.0,3.0,0.0,0.43735057003988703,0.43735057003988703,BOS,BOS,True
2025020657,2026-01-04,DAL,MTL,3.0,4.0,0.0,0.5714104562272916,0.5714104562272916,DAL,MTL,False
2025020658,2026-01-04,CBJ,PIT,4.0,5.0,0.0,0.5358552164671534,0.5358552164671534,CBJ,PIT,False
2025020659,2026-01-04,FLA,COL,2.0,1.0,1.0,0.5647323007493315,0.5647323007493315,FLA,FLA,True
2025020660,2026-01-04,NJD,CAR,1.0,3.0,0.0,0.43961038078217196,0.43961038078217196,CAR,CAR,True
2025020661,2026-01-04,CHI,VGK,3.0,2.0,1.0,0.4527654102586016,0.4527654102586016,VGK,CHI,False
2025020662,2026-01-05,NYR,UTA,2.0,3.0,0.0,0.4496282869360185,0.4496282869360185,UTA,UTA,True
2025020663,2026-01-05,WSH,ANA,7.0,4.0,1.0,0.5030070301989155,0.5030070301989155,WSH,WSH,True
2025020664,2026-01-05,OTT,DET,3.0,5.0,0.0,0.602433520478696,0.602433520478696,OTT,DET,False
2025020665,2026-01-05,CGY,SEA,1.0,5.0,0.0,0.5130893942014975,0.5130893942014975,CGY,SEA,False
2025020666,2026-01-05,LAK,MIN,4.0,2.0,1.0,0.5534543794333118,0.5534543794333118,LAK,LAK,True
2025020667,2026-01-06,BUF,VAN,5.0,3.0,1.0,0.6195941121272927,0.6195941121272927,BUF,BUF,True
2025020668,2026-01-06,TBL,COL,4.0,2.0,1.0,0.5173445810886045,0.5173445810886045,TBL,TBL,True
2025020669,2026-01-06,NYI,NJD,9.0,0.0,1.0,0.5328055906757765,0.5328055906757765,NYI,NYI,True
2025020670,2026-01-06,PHI,ANA,5.0,2.0,1.0,0.5339219747932378,0.5339219747932378,PHI,PHI,True
2025020671,2026-01-06,CAR,DAL,6.0,3.0,1.0,0.6252448956111859,0.6252448956111859,CAR,CAR,True
2025020672,2026-01-06,TOR,FLA,4.0,1.0,1.0,0.42845517520015486,0.42845517520015486,FLA,TOR,False
2025020673,2026-01-06,WPG,VGK,3.0,4.0,0.0,0.5505254382840447,0.5505254382840447,WPG,VGK,False
2025020674,2026-01-06,EDM,NSH,6.0,2.0,1.0,0.5449365774272276,0.5449365774272276,EDM,EDM,True
2025020675,2026-01-06,SJS,CBJ,5.0,2.0,1.0,0.5362657519394463,0.5362657519394463,SJS,SJS,True
2025020676,2026-01-06,SEA,BOS,7.0,4.0,1.0,0.4619179651053878,0.4619179651053878,BOS,SEA,False
2025020677,2026-01-07,WSH,DAL,1.0,4.0,0.0,0.5693153235171777,0.5693153235171777,WSH,DAL,False
2025020678,2026-01-07,MTL,CGY,4.0,1.0,1.0,0.5260587200425163,0.5260587200425163,MTL,MTL,True
2025020679,2026-01-07,CHI,STL,7.0,3.0,1.0,0.5933472600915357,0.5933472600915357,CHI,CHI,True
2025020680,2026-01-07,UTA,OTT,3.0,1.0,1.0,0.5467262546288643,0.5467262546288643,UTA,UTA,True
2025020681,2026-01-07,LAK,SJS,3.0,4.0,0.0,0.6294962282607033,0.6294962282607033,LAK,SJS,False
2025020682,2026-01-08,BOS,CGY,4.0,1.0,1.0,0.5944329562404654,0.5944329562404654,BOS,BOS,True
2025020683,2026-01-08,MTL,FLA,6.0,2.0,1.0,0.44212278354984197,0.44212278354984197,FLA,MTL,False
2025020684,2026-01-08,DET,VAN,5.0,1.0,1.0,0.5175124986067913,0.5175124986067913,DET,DET,True
2025020685,2026-01-08,NYR,BUF,2.0,5.0,0.0,0.4610689059935336,0.4610689059935336,BUF,BUF,True
2025020686,2026-01-08,PHI,TOR,1.0,2.0,0.0,0.5706018804700228,0.5706018804700228,PHI,TOR,False
2025020687,2026-01-08,PIT,NJD,4.0,1.0,1.0,0.538682738040457,0.538682738040457,PIT,PIT,True
2025020688,2026-01-08,CAR,ANA,5.0,2.0,1.0,0.6299264031676568,0.6299264031676568,CAR,CAR,True
2025020689,2026-01-08,NSH,NYI,2.0,1.0,1.0,0.5656595451368195,0.5656595451368195,NSH,NSH,True
2025020690,2026-01-08,WPG,EDM,3.0,4.0,0.0,0.5480695062988082,0.5480695062988082,WPG,EDM,False
2025020691,2026-01-08,COL,OTT,8.0,2.0,1.0,0.7159509634868575,0.7159509634868575,COL,COL,True
2025020692,2026-01-08,VGK,CBJ,5.0,3.0,1.0,0.6468053718831493,0.6468053718831493,VGK,VGK,True
2025020693,2026-01-08,SEA,MIN,2.0,3.0,0.0,0.48136288875485095,0.48136288875485095,MIN,MIN,True
2025020694,2026-01-09,CHI,WSH,1.0,5.0,0.0,0.5588677436577496,0.5588677436577496,CHI,WSH,False
2025020695,2026-01-09,WPG,LAK,5.0,1.0,1.0,0.4900579346942398,0.4900579346942398,LAK,WPG,False
2025020696,2026-01-09,UTA,STL,4.0,2.0,1.0,0.6570785001617515,0.6570785001617515,UTA,UTA,True
2025020697,2026-01-10,BOS,NYR,10.0,2.0,1.0,0.5599370863765842,0.5599370863765842,BOS,BOS,True
2025020698,2026-01-10,PIT,CGY,1.0,2.0,0.0,0.5886553139029224,0.5886553139029224,PIT,CGY,False
2025020699,2026-01-10,COL,CBJ,4.0,0.0,1.0,0.7451699574594292,0.7451699574594292,COL,COL,True
2025020700,2026-01-10,SJS,DAL,5.0,4.0,1.0,0.4654994449296961,0.4654994449296961,DAL,SJS,False
2025020701,2026-01-10,BUF,ANA,5.0,3.0,1.0,0.5952678198717815,0.5952678198717815,BUF,BUF,True
2025020702,2026-01-10,TOR,VAN,5.0,0.0,1.0,0.5025958625653227,0.5025958625653227,TOR,TOR,True
2025020703,2026-01-10,MTL,DET,0.0,4.0,0.0,0.5353027903215566,0.5353027903215566,MTL,DET,False
2025020704,2026-01-10,OTT,FLA,2.0,3.0,0.0,0.5042073645218996,0.5042073645218996,OTT,FLA,False
2025020705,2026-01-10,PHI,TBL,2.0,7.0,0.0,0.5180028605242336,0.5180028605242336,PHI,TBL,False
2025020706,2026-01-10,CAR,SEA,3.0,2.0,1.0,0.6619087967248176,0.6619087967248176,CAR,CAR,True
2025020707,2026-01-10,NSH,CHI,0.0,3.0,0.0,0.6188269459405866,0.6188269459405866,NSH,CHI,False
2025020708,2026-01-10,MIN,NYI,3.0,4.0,0.0,0.5291990249621307,0.5291990249621307,MIN,NYI,False
2025020709,2026-01-10,EDM,LAK,3.0,4.0,0.0,0.6356876056744197,0.6356876056744197,EDM,LAK,False
2025020710,2026-01-10,VGK,STL,4.0,2.0,1.0,0.6950098874479529,0.6950098874479529,VGK,VGK,True
2025020711,2026-01-11,WPG,NJD,4.0,3.0,1.0,0.47825941125644855,0.47825941125644855,NJD,WPG,False
2025020712,2026-01-11,BOS,PIT,1.0,0.0,1.0,0.475917070814512,0.475917070814512,PIT,BOS,False
2025020713,2026-01-11,NSH,WSH,3.0,2.0,1.0,0.5545786723106207,0.5545786723106207,NSH,NSH,True
2025020714,2026-01-11,UTA,CBJ,2.0,3.0,0.0,0.6694199801887678,0.6694199801887678,UTA,CBJ,False
2025020715,2026-01-11,SJS,VGK,2.0,7.0,0.0,0.49613808513647245,0.49613808513647245,VGK,VGK,True
2025020716,2026-01-12,BUF,FLA,3.0,4.0,0.0,0.45676318273073047,0.45676318273073047,FLA,FLA,True
2025020717,2026-01-12,DET,CAR,4.0,3.0,1.0,0.436402776477859,0.436402776477859,CAR,DET,False
2025020718,2026-01-12,NYR,SEA,2.0,4.0,0.0,0.5385628448972113,0.5385628448972113,NYR,SEA,False
2025020719,2026-01-12,PHI,TBL,1.0,5.0,0.0,0.52321600882107,0.52321600882107,PHI,TBL,False
2025020720,2026-01-12,MTL,VAN,6.0,3.0,1.0,0.5283773050253184,0.5283773050253184,MTL,MTL,True
2025020721,2026-01-12,MIN,NJD,2.0,5.0,0.0,0.5243232274295376,0.5243232274295376,MIN,NJD,False
2025020722,2026-01-12,CHI,EDM,1.0,4.0,0.0,0.4709972685445364,0.4709972685445364,EDM,EDM,True
2025020723,2026-01-12,COL,TOR,3.0,4.0,0.0,0.6779966423673668,0.6779966423673668,COL,TOR,False
2025020724,2026-01-12,LAK,DAL,1.0,3.0,0.0,0.5456857452578154,0.5456857452578154,LAK,DAL,False
2025020725,2026-01-13,OTT,VAN,2.0,1.0,1.0,0.5962109768250923,0.5962109768250923,OTT,OTT,True
2025020726,2026-01-13,PIT,TBL,1.0,2.0,0.0,0.5507260849103062,0.5507260849103062,PIT,TBL,False
2025020727,2026-01-13,WSH,MTL,3.0,2.0,1.0,0.5147841020682496,0.5147841020682496,WSH,WSH,True
2025020728,2026-01-13,CBJ,CGY,5.0,3.0,1.0,0.5357024006360277,0.5357024006360277,CBJ,CBJ,True
2025020729,2026-01-13,BOS,DET,3.0,0.0,1.0,0.6049184389588557,0.6049184389588557,BOS,BOS,True
2025020730,2026-01-13,STL,CAR,3.0,0.0,1.0,0.459572211340884,0.459572211340884,CAR,STL,False
2025020731,2026-01-13,NSH,EDM,4.0,3.0,1.0,0.5501544572754131,0.5501544572754131,NSH,NSH,True
2025020732,2026-01-13,WPG,NYI,5.0,4.0,1.0,0.5466003079557745,0.5466003079557745,WPG,WPG,True
2025020733,2026-01-13,UTA,TOR,6.0,1.0,1.0,0.5943921020569937,0.5943921020569937,UTA,UTA,True
2025020734,2026-01-13,ANA,DAL,3.0,1.0,1.0,0.5679970458790184,0.5679970458790184,ANA,ANA,True
2025020735,2026-01-14,NJD,SEA,3.0,2.0,1.0,0.616197739825027,0.616197739825027,NJD,NJD,True
2025020736,2026-01-14,BUF,PHI,5.0,2.0,1.0,0.5374436183763196,0.5374436183763196,BUF,BUF,True
2025020737,2026-01-14,NYR,OTT,4.0,8.0,0.0,0.47169345193662826,0.47169345193662826,OTT,OTT,True
2025020738,2026-01-14,LAK,VGK,2.0,3.0,0.0,0.4913822490980698,0.4913822490980698,VGK,VGK,True
2025020739,2026-01-15,BOS,SEA,4.0,2.0,1.0,0.6566622929045808,0.6566622929045808,BOS,BOS,True
2025020740,2026-01-15,BUF,MTL,5.0,3.0,1.0,0.5067276135886909,0.5067276135886909,BUF,BUF,True
2025020741,2026-01-15,PIT,PHI,6.0,3.0,1.0,0.5407982798649787,0.5407982798649787,PIT,PIT,True
2025020742,2026-01-15,WSH,SJS,2.0,3.0,0.0,0.5531046546205188,0.5531046546205188,WSH,SJS,False
2025020743,2026-01-15,CBJ,VAN,4.0,1.0,1.0,0.5939419012771644,0.5939419012771644,CBJ,CBJ,True
2025020744,2026-01-15,MIN,WPG,2.0,6.0,0.0,0.5429644782439162,0.5429644782439162,MIN,WPG,False
2025020745,2026-01-15,CHI,CGY,1.0,3.0,0.0,0.5260127158562908,0.5260127158562908,CHI,CGY,False
2025020746,2026-01-15,UTA,DAL,2.0,1.0,1.0,0.5689060657957622,0.5689060657957622,UTA,UTA,True
2025020747,2026-01-15,EDM,NYI,0.0,1.0,0.0,0.6384735187959951,0.6384735187959951,EDM,NYI,False
2025020748,2026-01-15,VGK,TOR,6.0,5.0,1.0,0.6229854003464005,0.6229854003464005,VGK,VGK,True
2025020749,2026-01-16,DET,SJS,4.0,2.0,1.0,0.5582833808257992,0.5582833808257992,DET,DET,True
2025020750,2026-01-16,CAR,FLA,9.0,1.0,1.0,0.6152918746417612,0.6152918746417612,CAR,CAR,True
2025020751,2026-01-16,STL,TBL,3.0,2.0,1.0,0.44952405355718356,0.44952405355718356,TBL,STL,False
2025020752,2026-01-16,COL,NSH,3.0,7.0,0.0,0.6745713781345354,0.6745713781345354,COL,NSH,False
2025020753,2026-01-16,LAK,ANA,2.0,3.0,0.0,0.6064087368912335,0.6064087368912335,LAK,ANA,False
2025020754,2026-01-17,BUF,MIN,4.0,5.0,0.0,0.5646486623775914,0.5646486623775914,BUF,MIN,False
2025020755,2026-01-17,PHI,NYR,3.0,6.0,0.0,0.5793149828805867,0.5793149828805867,PHI,NYR,False
2025020756,2026-01-17,CGY,NYI,4.0,2.0,1.0,0.5960901493094766,0.5960901493094766,CGY,CGY,True
2025020757,2026-01-17,UTA,SEA,6.0,3.0,1.0,0.5779434294215783,0.5779434294215783,UTA,UTA,True
2025020758,2026-01-17,OTT,MTL,5.0,6.0,0.0,0.5835610442907275,0.5835610442907275,OTT,MTL,False
2025020759,2026-01-17,NJD,CAR,1.0,4.0,0.0,0.5180477696461909,0.5180477696461909,NJD,CAR,False
2025020760,2026-01-17,PIT,CBJ,3.0,4.0,0.0,0.5103603236437786,0.5103603236437786,PIT,CBJ,False
2025020761,2026-01-17,WSH,FLA,2.0,5.0,0.0,0.5476026030134338,0.5476026030134338,WSH,FLA,False
2025020762,2026-01-17,WPG,TOR,3.0,4.0,0.0,0.529026352371772,0.529026352371772,WPG,TOR,False
2025020763,2026-01-17,CHI,BOS,2.0,5.0,0.0,0.44264688403584296,0.44264688403584296,BOS,BOS,True
2025020764,2026-01-17,VAN,EDM,0.0,6.0,0.0,0.4256875949323549,0.4256875949323549,EDM,EDM,True
2025020765,2026-01-17,VGK,NSH,7.0,2.0,1.0,0.6505351265904121,0.6505351265904121,VGK,VGK,True
2025020766,2026-01-17,ANA,LAK,2.0,1.0,1.0,0.5368187297528482,0.5368187297528482,ANA,ANA,True
2025020767,2026-01-18,DAL,TBL,1.0,4.0,0.0,0.5259943805662255,0.5259943805662255,DAL,TBL,False
2025020768,2026-01-18,DET,OTT,4.0,3.0,1.0,0.5437849748028215,0.5437849748028215,DET,DET,True
2025020769,2026-01-18,EDM,STL,5.0,0.0,1.0,0.6323062485672839,0.6323062485672839,EDM,EDM,True
2025020770,2026-01-19,CAR,BUF,2.0,1.0,1.0,0.6976045044219166,0.6976045044219166,CAR,CAR,True
2025020771,2026-01-19,COL,WSH,5.0,2.0,1.0,0.5929918507487958,0.5929918507487958,COL,COL,True
2025020772,2026-01-19,SEA,PIT,3.0,6.0,0.0,0.461285600263601,0.461285600263601,PIT,PIT,True
2025020773,2026-01-19,FLA,SJS,1.0,4.0,0.0,0.6336542811895067,0.6336542811895067,FLA,SJS,False
2025020774,2026-01-19,TOR,MIN,3.0,6.0,0.0,0.46845823737283404,0.46845823737283404,MIN,MIN,True
2025020775,2026-01-19,VGK,PHI,1.0,2.0,0.0,0.5914394114078927,0.5914394114078927,VGK,PHI,False
2025020776,2026-01-19,CHI,WPG,2.0,0.0,1.0,0.4919168833523759,0.4919168833523759,WPG,CHI,False
2025020777,2026-01-19,CGY,NJD,1.0,2.0,0.0,0.46094458966546764,0.46094458966546764,NJD,NJD,True
2025020778,2026-01-19,VAN,NYI,3.0,4.0,0.0,0.4764655666099565,0.4764655666099565,NYI,NYI,True
2025020779,2026-01-19,ANA,NYR,5.0,3.0,1.0,0.6054784869510814,0.6054784869510814,ANA,ANA,True
2025020780,2026-01-20,MTL,MIN,4.0,3.0,1.0,0.5322331040562679,0.5322331040562679,MTL,MTL,True
2025020781,2026-01-20,TBL,SJS,4.0,1.0,1.0,0.7085246237240302,0.7085246237240302,TBL,TBL,True
2025020782,2026-01-20,CBJ,OTT,1.0,4.0,0.0,0.490951446358314,0.490951446358314,OTT,OTT,True
2025020783,2026-01-20,DAL,BOS,6.0,2.0,1.0,0.5120918821371118,0.5120918821371118,DAL,DAL,True
2025020784,2026-01-20,NSH,BUF,3.0,5.0,0.0,0.6048120842058143,0.6048120842058143,NSH,BUF,False
2025020785,2026-01-20,WPG,STL,3.0,1.0,1.0,0.5073220442225815,0.5073220442225815,WPG,WPG,True
2025020786,2026-01-20,EDM,NJD,1.0,2.0,0.0,0.595194069720335,0.595194069720335,EDM,NJD,False
2025020787,2026-01-20,LAK,NYR,4.0,3.0,1.0,0.6295570269362633,0.6295570269362633,LAK,LAK,True
2025020788,2026-01-21,TOR,DET,1.0,2.0,0.0,0.4445203657285434,0.4445203657285434,DET,DET,True
2025020789,2026-01-21,COL,ANA,1.0,2.0,0.0,0.6088824592809932,0.6088824592809932,COL,ANA,False
2025020790,2026-01-21,UTA,PHI,5.0,4.0,1.0,0.6179913233838614,0.6179913233838614,UTA,UTA,True
2025020791,2026-01-21,CGY,PIT,1.0,4.0,0.0,0.4509080001729586,0.4509080001729586,PIT,PIT,True
2025020792,2026-01-21,VAN,WSH,4.0,3.0,1.0,0.4340184734425138,0.4340184734425138,WSH,VAN,False
2025020793,2026-01-21,SEA,NYI,4.0,1.0,1.0,0.5274489501848321,0.5274489501848321,SEA,SEA,True
2025020794,2026-01-22,BOS,VGK,4.0,3.0,1.0,0.49875461413047223,0.49875461413047223,VGK,BOS,False
2025020795,2026-01-22,MTL,BUF,2.0,4.0,0.0,0.543897174012032,0.543897174012032,MTL,BUF,False
2025020796,2026-01-22,CAR,CHI,3.0,4.0,0.0,0.7458545430567569,0.7458545430567569,CAR,CHI,False
2025020797,2026-01-22,CBJ,DAL,1.0,0.0,1.0,0.555524159244334,0.555524159244334,CBJ,CBJ,True
2025020798,2026-01-22,NSH,OTT,5.0,3.0,1.0,0.46695566042166486,0.46695566042166486,OTT,NSH,False
2025020799,2026-01-22,WPG,FLA,1.0,2.0,0.0,0.4562834775564795,0.4562834775564795,FLA,FLA,True
2025020800,2026-01-22,EDM,PIT,2.0,6.0,0.0,0.6502332520033408,0.6502332520033408,EDM,PIT,False
2025020801,2026-01-22,MIN,DET,4.0,3.0,1.0,0.5652204149685295,0.5652204149685295,MIN,MIN,True
2025020802,2026-01-23,TOR,VGK,3.0,6.0,0.0,0.4605071704201915,0.4605071704201915,VGK,VGK,True
2025020803,2026-01-23,CHI,TBL,1.0,2.0,0.0,0.3921623406116406,0.3921623406116406,TBL,TBL,True
2025020804,2026-01-23,DAL,STL,3.0,2.0,1.0,0.5520959516464876,0.5520959516464876,DAL,DAL,True
2025020805,2026-01-23,COL,PHI,3.0,7.0,0.0,0.6476825232439313,0.6476825232439313,COL,PHI,False
2025020806,2026-01-23,CGY,WSH,1.0,3.0,0.0,0.5121416596098997,0.5121416596098997,CGY,WSH,False
2025020807,2026-01-23,VAN,NJD,4.0,5.0,0.0,0.3987588523111987,0.3987588523111987,NJD,NJD,True
2025020808,2026-01-23,SJS,NYR,3.0,1.0,1.0,0.5565298048231532,0.5565298048231532,SJS,SJS,True
2025020809,2026-01-23,SEA,ANA,2.0,4.0,0.0,0.47775144425633603,0.47775144425633603,ANA,ANA,True
2025020810,2026-01-24,NYI,BUF,0.0,5.0,0.0,0.5667011516435376,0.5667011516435376,NYI,BUF,False
2025020811,2026-01-24,NSH,UTA,2.0,5.0,0.0,0.5157673431531845,0.5157673431531845,NSH,UTA,False
2025020812,2026-01-24,BOS,MTL,4.0,3.0,1.0,0.5465903878379138,0.5465903878379138,BOS,BOS,True
2025020813,2026-01-24,OTT,CAR,1.0,4.0,0.0,0.4844279012638597,0.4844279012638597,CAR,CAR,True
2025020814,2026-01-24,CBJ,TBL,8.0,5.0,1.0,0.5232290646889038,0.5232290646889038,CBJ,CBJ,True
2025020815,2026-01-24,WPG,DET,1.0,5.0,0.0,0.516819636283343,0.516819636283343,WPG,DET,False
2025020816,2026-01-24,STL,LAK,4.0,5.0,0.0,0.5020484546052236,0.5020484546052236,STL,LAK,False
2025020817,2026-01-24,MIN,FLA,3.0,4.0,0.0,0.46268715029212265,0.46268715029212265,FLA,FLA,True
2025020818,2026-01-24,EDM,WSH,6.0,5.0,1.0,0.6581551082611712,0.6581551082611712,EDM,EDM,True
2025020819,2026-01-25,TOR,COL,1.0,4.0,0.0,0.40515110981917596,0.40515110981917596,COL,COL,True
2025020820,2026-01-25,SEA,NJD,4.0,2.0,1.0,0.43390594395490023,0.43390594395490023,NJD,SEA,False
2025020821,2026-01-25,OTT,VGK,7.0,1.0,1.0,0.5014190368477601,0.5014190368477601,OTT,OTT,True
2025020822,2026-01-25,VAN,PIT,2.0,3.0,0.0,0.4699312581774241,0.4699312581774241,PIT,PIT,True
2025020823,2026-01-25,CHI,FLA,1.0,5.0,0.0,0.47286139205084443,0.47286139205084443,FLA,FLA,True
2025020824,2026-01-25,CGY,ANA,3.0,4.0,0.0,0.48933348442971547,0.48933348442971547,ANA,ANA,True
2025020825,2026-01-26,TBL,UTA,2.0,0.0,1.0,0.588902942350012,0.588902942350012,TBL,TBL,True
2025020826,2026-01-26,NYR,BOS,4.0,3.0,1.0,0.4685007883703621,0.4685007883703621,BOS,NYR,False
2025020827,2026-01-26,PHI,NYI,0.0,4.0,0.0,0.5161662923227935,0.5161662923227935,PHI,NYI,False
2025020829,2026-01-26,EDM,ANA,7.0,4.0,1.0,0.661929163511164,0.661929163511164,EDM,EDM,True
2025020830,2026-01-27,BOS,NSH,3.0,2.0,1.0,0.5744384383941127,0.5744384383941127,BOS,BOS,True
2025020831,2026-01-27,TOR,BUF,4.0,7.0,0.0,0.4962168617808166,0.4962168617808166,BUF,BUF,True
2025020832,2026-01-27,MTL,VGK,3.0,2.0,1.0,0.5155946962296598,0.5155946962296598,MTL,MTL,True
2025020833,2026-01-27,DET,LAK,1.0,3.0,0.0,0.589712511805006,0.589712511805006,DET,LAK,False
2025020834,2026-01-27,FLA,UTA,3.0,4.0,0.0,0.6188562080202153,0.6188562080202153,FLA,UTA,False
2025020835,2026-01-27,NJD,WPG,3.0,4.0,0.0,0.5856310044436276,0.5856310044436276,NJD,WPG,False
2025020836,2026-01-27,STL,DAL,3.0,4.0,0.0,0.46079795475171137,0.46079795475171137,DAL,DAL,True
2025020837,2026-01-27,MIN,CHI,4.0,3.0,1.0,0.591593149423805,0.591593149423805,MIN,MIN,True
2025020838,2026-01-27,VAN,SJS,2.0,5.0,0.0,0.49260589013321443,0.49260589013321443,SJS,SJS,True
2025020839,2026-01-27,SEA,WSH,5.0,1.0,1.0,0.5018656838384354,0.5018656838384354,SEA,SEA,True
2025020840,2026-01-28,CBJ,PHI,5.0,3.0,1.0,0.551256798933451,0.551256798933451,CBJ,CBJ,True
2025020841,2026-01-28,OTT,COL,5.0,2.0,1.0,0.45979058846577625,0.45979058846577625,COL,OTT,False
2025020842,2026-01-28,NYI,NYR,5.0,2.0,1.0,0.5686481258644254,0.5686481258644254,NYI,NYI,True
2025020843,2026-01-29,BOS,PHI,6.0,3.0,1.0,0.6386084639508466,0.6386084639508466,BOS,BOS,True
2025020844,2026-01-29,BUF,LAK,4.0,1.0,1.0,0.5841768033319527,0.5841768033319527,BUF,BUF,True
2025020845,2026-01-29,MTL,COL,7.0,3.0,1.0,0.5059923931102221,0.5059923931102221,MTL,MTL,True
2025020846,2026-01-29,DET,WSH,3.0,4.0,0.0,0.5860846178160612,0.5860846178160612,DET,WSH,False
2025020847,2026-01-29,TBL,WPG,4.0,1.0,1.0,0.6432235961405203,0.6432235961405203,TBL,TBL,True
2025020848,2026-01-29,NJD,NSH,3.0,2.0,1.0,0.5829311690993818,0.5829311690993818,NJD,NJD,True
2025020849,2026-01-29,NYR,NYI,1.0,2.0,0.0,0.4622967412723492,0.4622967412723492,NYI,NYI,True
2025020850,2026-01-29,PIT,CHI,6.0,2.0,1.0,0.6068613985813173,0.6068613985813173,PIT,PIT,True
2025020851,2026-01-29,CAR,UTA,5.0,4.0,1.0,0.6164417560391532,0.6164417560391532,CAR,CAR,True
2025020852,2026-01-29,STL,FLA,5.0,4.0,1.0,0.4795709859051145,0.4795709859051145,FLA,STL,False
2025020853,2026-01-29,MIN,CGY,4.0,1.0,1.0,0.5550006640567098,0.5550006640567098,MIN,MIN,True
2025020854,2026-01-29,EDM,SJS,4.0,3.0,1.0,0.6104151319710385,0.6104151319710385,EDM,EDM,True
2025020855,2026-01-29,VAN,ANA,2.0,0.0,1.0,0.49710401046665115,0.49710401046665115,ANA,VAN,False
2025020856,2026-01-29,VGK,DAL,4.0,5.0,0.0,0.5241452049572399,0.5241452049572399,VGK,DAL,False
2025020857,2026-01-29,SEA,TOR,5.0,2.0,1.0,0.5953255756790531,0.5953255756790531,SEA,SEA,True
2025020858,2026-01-30,CHI,CBJ,2.0,4.0,0.0,0.4334798616384215,0.4334798616384215,CBJ,CBJ,True
2025020859,2026-01-31,PHI,LAK,2.0,3.0,0.0,0.532579733463719,0.532579733463719,PHI,LAK,False
2025020860,2026-01-31,DET,COL,0.0,5.0,0.0,0.43789723548219495,0.43789723548219495,COL,COL,True
2025020861,2026-01-31,PIT,NYR,6.0,5.0,1.0,0.6548533208033572,0.6548533208033572,PIT,PIT,True
2025020862,2026-01-31,FLA,WPG,1.0,2.0,0.0,0.6428827173452242,0.6428827173452242,FLA,WPG,False
2025020863,2026-01-31,CGY,SJS,3.0,2.0,1.0,0.4861075673136426,0.4861075673136426,SJS,CGY,False
2025020864,2026-01-31,WSH,CAR,4.0,3.0,1.0,0.4783762027017977,0.4783762027017977,CAR,WSH,False
2025020865,2026-01-31,BUF,MTL,2.0,4.0,0.0,0.5054547442311211,0.5054547442311211,BUF,MTL,False
2025020866,2026-01-31,OTT,NJD,4.0,1.0,1.0,0.5417582551720764,0.5417582551720764,OTT,OTT,True
2025020867,2026-01-31,NYI,NSH,3.0,4.0,0.0,0.5573156046166265,0.5573156046166265,NYI,NSH,False
2025020868,2026-01-31,STL,CBJ,3.0,5.0,0.0,0.5700996148691546,0.5700996148691546,STL,CBJ,False
2025020869,2026-01-31,VAN,TOR,2.0,3.0,0.0,0.5487999570609178,0.5487999570609178,VAN,TOR,False
2025020870,2026-01-31,UTA,DAL,2.0,3.0,0.0,0.5294888783330328,0.5294888783330328,UTA,DAL,False
2025020871,2026-01-31,EDM,MIN,3.0,7.0,0.0,0.6200231188482339,0.6200231188482339,EDM,MIN,False
2025020872,2026-01-31,VGK,SEA,2.0,3.0,0.0,0.5736360312096134,0.5736360312096134,VGK,SEA,False
2025020873,2026-02-01,TBL,BOS,6.0,5.0,1.0,0.6433270417620243,0.6433270417620243,TBL,TBL,True
2025020874,2026-02-01,CAR,LAK,3.0,2.0,1.0,0.651882411455195,0.651882411455195,CAR,CAR,True
2025020875,2026-02-01,ANA,VGK,4.0,3.0,1.0,0.5781584732358238,0.5781584732358238,ANA,ANA,True
2025020876,2026-02-02,FLA,BUF,3.0,5.0,0.0,0.6049392886297923,0.6049392886297923,FLA,BUF,False
2025020877,2026-02-02,PIT,OTT,2.0,3.0,0.0,0.4924264025534047,0.4924264025534047,OTT,OTT,True
2025020878,2026-02-02,WSH,NYI,4.0,1.0,1.0,0.5580068063312303,0.5580068063312303,WSH,WSH,True
2025020879,2026-02-02,MIN,MTL,4.0,3.0,1.0,0.48920729392012957,0.48920729392012957,MTL,MIN,False
2025020880,2026-02-02,NSH,STL,6.0,5.0,1.0,0.5468500045903186,0.5468500045903186,NSH,NSH,True
2025020881,2026-02-02,CHI,SJS,6.0,3.0,1.0,0.4682756788027672,0.4682756788027672,SJS,CHI,False
2025020882,2026-02-02,DAL,WPG,4.0,3.0,1.0,0.6312839342561098,0.6312839342561098,DAL,DAL,True
2025020883,2026-02-02,COL,DET,0.0,2.0,0.0,0.6243870927916416,0.6243870927916416,COL,DET,False
2025020884,2026-02-02,UTA,VAN,6.0,2.0,1.0,0.6206787852068144,0.6206787852068144,UTA,UTA,True
2025020885,2026-02-02,CGY,TOR,2.0,4.0,0.0,0.534572712417873,0.534572712417873,CGY,TOR,False
2025020886,2026-02-03,TBL,BUF,4.0,3.0,1.0,0.6542770317053972,0.6542770317053972,TBL,TBL,True
2025020887,2026-02-03,NJD,CBJ,0.0,3.0,0.0,0.5591352923660332,0.5591352923660332,NJD,CBJ,False
2025020888,2026-02-03,NYI,PIT,5.0,4.0,1.0,0.490290918332764,0.490290918332764,PIT,NYI,False
2025020889,2026-02-03,PHI,WSH,4.0,2.0,1.0,0.5532490200176025,0.5532490200176025,PHI,PHI,True
2025020890,2026-02-03,CAR,OTT,4.0,3.0,1.0,0.6110793593682458,0.6110793593682458,CAR,CAR,True
2025020891,2026-02-03,EDM,TOR,2.0,5.0,0.0,0.6642277253467748,0.6642277253467748,EDM,TOR,False
2025020892,2026-02-03,ANA,SEA,4.0,2.0,1.0,0.5919091781077274,0.5919091781077274,ANA,ANA,True
2025020893,2026-02-04,FLA,BOS,5.0,4.0,1.0,0.6318888864397538,0.6318888864397538,FLA,FLA,True
2025020894,2026-02-04,CBJ,CHI,4.0,0.0,1.0,0.6304913336804798,0.6304913336804798,CBJ,CBJ,True
2025020895,2026-02-04,WPG,MTL,1.0,5.0,0.0,0.46341117259713155,0.46341117259713155,MTL,MTL,True
2025020896,2026-02-04,NSH,MIN,5.0,6.0,0.0,0.5690408544598687,0.5690408544598687,NSH,MIN,False
2025020897,2026-02-04,COL,SJS,4.0,2.0,1.0,0.6330122617132087,0.6330122617132087,COL,COL,True
2025020898,2026-02-04,UTA,DET,4.0,1.0,1.0,0.5384227162161286,0.5384227162161286,UTA,UTA,True
2025020899,2026-02-04,DAL,STL,5.0,4.0,1.0,0.6076466967869225,0.6076466967869225,DAL,DAL,True
2025020900,2026-02-04,CGY,EDM,4.0,3.0,1.0,0.5483794024109651,0.5483794024109651,CGY,CGY,True
2025020901,2026-02-04,VGK,VAN,5.0,2.0,1.0,0.5951508539132951,0.5951508539132951,VGK,VGK,True
2025020902,2026-02-04,LAK,SEA,2.0,4.0,0.0,0.6143469681910488,0.6143469681910488,LAK,SEA,False
2025020903,2026-02-05,BUF,PIT,2.0,5.0,0.0,0.486091431537122,0.486091431537122,PIT,PIT,True
2025020904,2026-02-05,TBL,FLA,6.0,1.0,1.0,0.6201005066287676,0.6201005066287676,TBL,TBL,True
2025020905,2026-02-05,NJD,NYI,1.0,3.0,0.0,0.6001588553917881,0.6001588553917881,NJD,NYI,False
2025020906,2026-02-05,NYR,CAR,0.0,2.0,0.0,0.4178378760464772,0.4178378760464772,CAR,CAR,True
2025020907,2026-02-05,PHI,OTT,1.0,2.0,0.0,0.43817422657717864,0.43817422657717864,OTT,OTT,True
2025020908,2026-02-05,WSH,NSH,4.0,2.0,1.0,0.6183401548907734,0.6183401548907734,WSH,WSH,True
2025020909,2026-02-05,VGK,LAK,4.0,1.0,1.0,0.5475203451148123,0.5475203451148123,VGK,VGK,True
2025020910,2026-02-25,NJD,BUF,1.0,2.0,0.0,0.5814253005415411,0.5814253005415411,NJD,BUF,False
2025020911,2026-02-25,WSH,PHI,3.0,1.0,1.0,0.6063175871147111,0.6063175871147111,WSH,WSH,True
2025020912,2026-02-25,TBL,TOR,4.0,2.0,1.0,0.6600900125278747,0.6600900125278747,TBL,TBL,True
2025020913,2026-02-25,DAL,SEA,4.0,1.0,1.0,0.6020268405747888,0.6020268405747888,DAL,DAL,True
2025020914,2026-02-25,UTA,COL,2.0,4.0,0.0,0.538175950856292,0.538175950856292,UTA,COL,False
2025020915,2026-02-25,VAN,WPG,2.0,3.0,0.0,0.4831335108705416,0.4831335108705416,WPG,WPG,True
2025020916,2026-02-25,LAK,VGK,4.0,6.0,0.0,0.5665080350276985,0.5665080350276985,LAK,VGK,False
2025020917,2026-02-25,ANA,EDM,6.0,5.0,1.0,0.5294963624166166,0.5294963624166166,ANA,ANA,True
2025020918,2026-02-26,BOS,CBJ,4.0,2.0,1.0,0.517356293786102,0.517356293786102,BOS,BOS,True
2025020919,2026-02-26,MTL,NYI,3.0,4.0,0.0,0.5715845583682003,0.5715845583682003,MTL,NYI,False
2025020920,2026-02-26,OTT,DET,1.0,2.0,0.0,0.6206305319025975,0.6206305319025975,OTT,DET,False
2025020921,2026-02-26,FLA,TOR,5.0,1.0,1.0,0.6249780240995957,0.6249780240995957,FLA,FLA,True
2025020922,2026-02-26,PIT,NJD,4.0,1.0,1.0,0.6257585229471728,0.6257585229471728,PIT,PIT,True
2025020923,2026-02-26,CAR,TBL,5.0,4.0,1.0,0.6486915404777326,0.6486915404777326,CAR,CAR,True
2025020924,2026-02-26,NYR,PHI,2.0,3.0,0.0,0.4935289506990787,0.4935289506990787,PHI,PHI,True
2025020925,2026-02-26,STL,SEA,5.0,1.0,1.0,0.5711733151037736,0.5711733151037736,STL,STL,True
2025020926,2026-02-26,NSH,CHI,4.0,2.0,1.0,0.614505154607485,0.614505154607485,NSH,NSH,True
2025020927,2026-02-26,COL,MIN,2.0,5.0,0.0,0.5726911980732045,0.5726911980732045,COL,MIN,False
2025020928,2026-02-26,SJS,CGY,1.0,4.0,0.0,0.5223159089578385,0.5223159089578385,SJS,CGY,False
2025020929,2026-02-26,LAK,EDM,1.0,8.0,0.0,0.5541459617111479,0.5541459617111479,LAK,EDM,False
2025020930,2026-02-27,FLA,BUF,2.0,3.0,0.0,0.6107670002996944,0.6107670002996944,FLA,BUF,False
2025020931,2026-02-27,WSH,VGK,3.0,2.0,1.0,0.5578121885365674,0.5578121885365674,WSH,WSH,True
2025020932,2026-02-27,UTA,MIN,5.0,2.0,1.0,0.6278867209474647,0.6278867209474647,UTA,UTA,True
2025020933,2026-02-27,ANA,WPG,5.0,4.0,1.0,0.6026521728422852,0.6026521728422852,ANA,ANA,True
2025020934,2026-02-28,NYR,PIT,3.0,2.0,1.0,0.41416784773997567,0.41416784773997567,PIT,NYR,False
2025020935,2026-02-28,PHI,BOS,3.0,1.0,1.0,0.5635357334059409,0.5635357334059409,PHI,PHI,True
2025020936,2026-02-28,SJS,EDM,5.0,4.0,1.0,0.48293559540863573,0.48293559540863573,EDM,SJS,False
2025020937,2026-02-28,CBJ,NYI,3.0,4.0,0.0,0.6590649730108972,0.6590649730108972,CBJ,NYI,False
2025020938,2026-02-28,COL,CHI,3.0,1.0,1.0,0.6955312205027012,0.6955312205027012,COL,COL,True
2025020939,2026-02-28,TOR,OTT,2.0,5.0,0.0,0.40381255330126,0.40381255330126,OTT,OTT,True
2025020940,2026-02-28,MTL,WSH,6.0,2.0,1.0,0.5352263211101437,0.5352263211101437,MTL,MTL,True
2025020941,2026-02-28,TBL,BUF,2.0,6.0,0.0,0.671579496515869,0.671579496515869,TBL,BUF,False
2025020942,2026-02-28,CAR,DET,5.0,2.0,1.0,0.6549815225873142,0.6549815225873142,CAR,CAR,True
2025020943,2026-02-28,STL,NJD,1.0,3.0,0.0,0.5469232076360202,0.5469232076360202,STL,NJD,False
2025020944,2026-02-28,LAK,CGY,2.0,0.0,1.0,0.5491975578973842,0.5491975578973842,LAK,LAK,True
2025020945,2026-02-28,DAL,NSH,3.0,2.0,1.0,0.6273133081739332,0.6273133081739332,DAL,DAL,True
2025020946,2026-02-28,SEA,VAN,5.0,1.0,1.0,0.5653045765994494,0.5653045765994494,SEA,SEA,True
2025020947,2026-03-01,PIT,VGK,5.0,0.0,1.0,0.4744059336037769,0.4744059336037769,VGK,PIT,False
2025020948,2026-03-01,NYI,FLA,5.0,4.0,1.0,0.44576501796169377,0.44576501796169377,FLA,NYI,False
2025020949,2026-03-01,UTA,CHI,0.0,4.0,0.0,0.7124557180612575,0.7124557180612575,UTA,CHI,False
2025020950,2026-03-01,SJS,WPG,2.0,1.0,1.0,0.4717729197468768,0.4717729197468768,WPG,SJS,False
2025020951,2026-03-01,MIN,STL,1.0,3.0,0.0,0.6124346256414516,0.6124346256414516,MIN,STL,False
2025020952,2026-03-01,ANA,CGY,3.0,2.0,1.0,0.6813828635128062,0.6813828635128062,ANA,ANA,True
2025020953,2026-03-02,NYR,CBJ,4.0,5.0,0.0,0.4232023750410877,0.4232023750410877,CBJ,CBJ,True
2025020954,2026-03-02,TOR,PHI,2.0,3.0,0.0,0.4808944961952588,0.4808944961952588,PHI,PHI,True
2025020955,2026-03-02,NSH,DET,2.0,4.0,0.0,0.5390937148523143,0.5390937148523143,NSH,DET,False
2025020956,2026-03-02,VAN,DAL,1.0,6.0,0.0,0.3943509288904278,0.3943509288904278,DAL,DAL,True
2025020957,2026-03-02,SEA,CAR,2.0,1.0,1.0,0.42931924914362607,0.42931924914362607,CAR,SEA,False
2025020958,2026-03-02,LAK,COL,2.0,4.0,0.0,0.46812408602237005,0.46812408602237005,COL,COL,True
2025020959,2026-03-03,BOS,PIT,2.0,1.0,1.0,0.5093020383225211,0.5093020383225211,BOS,BOS,True
2025020960,2026-03-03,BUF,VGK,3.0,2.0,1.0,0.5484793905673228,0.5484793905673228,BUF,BUF,True
2025020961,2026-03-03,NJD,FLA,5.0,1.0,1.0,0.5240249628481954,0.5240249628481954,NJD,NJD,True
2025020962,2026-03-03,WSH,UTA,2.0,3.0,0.0,0.5647670579403729,0.5647670579403729,WSH,UTA,False
2025020963,2026-03-03,CBJ,NSH,3.0,2.0,1.0,0.626649879592823,0.626649879592823,CBJ,CBJ,True
2025020964,2026-03-03,WPG,CHI,3.0,2.0,1.0,0.5709376331213896,0.5709376331213896,WPG,WPG,True
2025020965,2026-03-03,CGY,DAL,1.0,6.0,0.0,0.46977111055048515,0.46977111055048515,DAL,DAL,True
2025020966,2026-03-03,EDM,OTT,5.0,4.0,1.0,0.5043111033998019,0.5043111033998019,EDM,EDM,True
2025020967,2026-03-03,MIN,TBL,5.0,1.0,1.0,0.5266551232246341,0.5266551232246341,MIN,MIN,True
2025020968,2026-03-03,ANA,COL,1.0,5.0,0.0,0.5421756519565032,0.5421756519565032,ANA,COL,False
2025020969,2026-03-03,SJS,MTL,7.0,5.0,1.0,0.5723477327386174,0.5723477327386174,SJS,SJS,True
2025020970,2026-03-04,DET,VGK,3.0,4.0,0.0,0.5550186063430645,0.5550186063430645,DET,VGK,False
2025020971,2026-03-04,NJD,TOR,4.0,3.0,1.0,0.5686343421531496,0.5686343421531496,NJD,NJD,True
2025020972,2026-03-04,VAN,CAR,4.0,6.0,0.0,0.39906774580496135,0.39906774580496135,CAR,CAR,True
2025020973,2026-03-04,ANA,NYI,5.0,1.0,1.0,0.5956993353342659,0.5956993353342659,ANA,ANA,True
2025020974,2026-03-04,SEA,STL,2.0,3.0,0.0,0.4960187097950269,0.4960187097950269,STL,STL,True
2025020975,2026-03-05,NYR,TOR,6.0,2.0,1.0,0.5686899899768454,0.5686899899768454,NYR,NYR,True
2025020976,2026-03-05,PHI,UTA,0.0,3.0,0.0,0.46042285199255406,0.46042285199255406,UTA,UTA,True
2025020977,2026-03-05,PIT,BUF,1.0,5.0,0.0,0.548266314903894,0.548266314903894,PIT,BUF,False
2025020978,2026-03-05,CBJ,FLA,4.0,2.0,1.0,0.5856974292190713,0.5856974292190713,CBJ,CBJ,True
2025020979,2026-03-05,NSH,BOS,6.0,3.0,1.0,0.6027103360621993,0.6027103360621993,NSH,NSH,True
2025020980,2026-03-05,WPG,TBL,4.0,1.0,1.0,0.5000728271584727,0.5000728271584727,WPG,WPG,True
2025020981,2026-03-05,CGY,OTT,1.0,4.0,0.0,0.4222909207059077,0.4222909207059077,OTT,OTT,True
2025020982,2026-03-05,LAK,NYI,5.0,3.0,1.0,0.5785142996508154,0.5785142996508154,LAK,LAK,True
2025020983,2026-03-06,DET,FLA,1.0,3.0,0.0,0.5577679099498709,0.5577679099498709,DET,FLA,False
2025020984,2026-03-06,DAL,COL,4.0,5.0,0.0,0.5876039575818578,0.5876039575818578,DAL,COL,False
2025020985,2026-03-06,CHI,VAN,3.0,6.0,0.0,0.5804332380209538,0.5804332380209538,CHI,VAN,False
2025020986,2026-03-06,EDM,CAR,3.0,6.0,0.0,0.5234955070021637,0.5234955070021637,EDM,CAR,False
2025020987,2026-03-06,ANA,MTL,6.0,5.0,1.0,0.5762785055403186,0.5762785055403186,ANA,ANA,True
2025020988,2026-03-06,VGK,MIN,2.0,4.0,0.0,0.5680984537875409,0.5680984537875409,VGK,MIN,False
2025020989,2026-03-06,SJS,STL,2.0,3.0,0.0,0.5867505724828933,0.5867505724828933,SJS,STL,False
2025020990,2026-03-07,BOS,WSH,3.0,1.0,1.0,0.49584485509939835,0.49584485509939835,WSH,BOS,False
2025020991,2026-03-07,NJD,NYR,6.0,3.0,1.0,0.6064215145806909,0.6064215145806909,NJD,NJD,True
2025020992,2026-03-07,BUF,NSH,3.0,2.0,1.0,0.5847286379141663,0.5847286379141663,BUF,BUF,True
2025020993,2026-03-07,PIT,PHI,3.0,4.0,0.0,0.6098499964203609,0.6098499964203609,PIT,PHI,False
2025020994,2026-03-07,TOR,TBL,2.0,5.0,0.0,0.4584161912944774,0.4584161912944774,TBL,TBL,True
2025020995,2026-03-07,CBJ,UTA,4.0,5.0,0.0,0.5286164555262054,0.5286164555262054,CBJ,UTA,False
2025020996,2026-03-07,WPG,VAN,3.0,2.0,1.0,0.6585520125487557,0.6585520125487557,WPG,WPG,True
2025020997,2026-03-07,LAK,MTL,3.0,4.0,0.0,0.5422521086620518,0.5422521086620518,LAK,MTL,False
2025020998,2026-03-07,CGY,CAR,5.0,4.0,1.0,0.4589438559020782,0.4589438559020782,CAR,CGY,False
2025020999,2026-03-07,SJS,NYI,1.0,2.0,0.0,0.5596126553447275,0.5596126553447275,SJS,NYI,False
2025021000,2026-03-07,SEA,OTT,4.0,7.0,0.0,0.41923989858299526,0.41923989858299526,OTT,OTT,True
2025021001,2026-03-08,COL,MIN,3.0,2.0,1.0,0.6433390040241307,0.6433390040241307,COL,COL,True
2025021002,2026-03-08,PIT,BOS,5.0,4.0,1.0,0.6091544666300082,0.6091544666300082,PIT,PIT,True
2025021003,2026-03-08,BUF,TBL,8.0,7.0,1.0,0.6081349806943349,0.6081349806943349,BUF,BUF,True
2025021004,2026-03-08,DAL,CHI,4.0,3.0,1.0,0.6968899631960777,0.6968899631960777,DAL,DAL,True
2025021005,2026-03-08,NJD,DET,0.0,3.0,0.0,0.5466433948812787,0.5466433948812787,NJD,DET,False
2025021006,2026-03-08,ANA,STL,0.0,4.0,0.0,0.6270476434362214,0.6270476434362214,ANA,STL,False
2025021007,2026-03-08,VGK,EDM,2.0,4.0,0.0,0.537971622912709,0.537971622912709,VGK,EDM,False
2025020828,2026-03-09,CBJ,LAK,4.0,5.0,0.0,0.6326010767176128,0.6326010767176128,CBJ,LAK,False
2025021008,2026-03-09,PHI,NYR,2.0,6.0,0.0,0.5891129791139698,0.5891129791139698,PHI,NYR,False
2025021009,2026-03-09,WSH,CGY,7.0,3.0,1.0,0.6615715397275428,0.6615715397275428,WSH,WSH,True
2025021010,2026-03-09,CHI,UTA,3.0,2.0,1.0,0.3632498303247765,0.3632498303247765,UTA,CHI,False
2025021011,2026-03-09,VAN,OTT,0.0,2.0,0.0,0.37391738522527784,0.37391738522527784,OTT,OTT,True
2025021012,2026-03-10,BOS,LAK,2.0,1.0,1.0,0.629654223086325,0.629654223086325,BOS,BOS,True
2025021013,2026-03-10,BUF,SJS,6.0,3.0,1.0,0.633709264966178,0.633709264966178,BUF,BUF,True
2025021014,2026-03-10,MTL,TOR,3.0,1.0,1.0,0.5928730284692981,0.5928730284692981,MTL,MTL,True
2025021015,2026-03-10,TBL,CBJ,2.0,5.0,0.0,0.6028249464369987,0.6028249464369987,TBL,CBJ,False
2025021016,2026-03-10,FLA,DET,4.0,3.0,1.0,0.5195091603566596,0.5195091603566596,FLA,FLA,True
2025021017,2026-03-10,NYR,CGY,4.0,0.0,1.0,0.5566528167173008,0.5566528167173008,NYR,NYR,True
2025021018,2026-03-10,CAR,PIT,5.0,4.0,1.0,0.6642119830765524,0.6642119830765524,CAR,CAR,True
2025021019,2026-03-10,STL,NYI,3.0,4.0,0.0,0.52654164098125,0.52654164098125,STL,NYI,False
2025021020,2026-03-10,DAL,VGK,2.0,1.0,1.0,0.6327634594997922,0.6327634594997922,DAL,DAL,True
2025021021,2026-03-10,MIN,UTA,5.0,0.0,1.0,0.4832946650413599,0.4832946650413599,UTA,MIN,False
2025021022,2026-03-10,WPG,ANA,1.0,4.0,0.0,0.5179084303094698,0.5179084303094698,WPG,ANA,False
2025021023,2026-03-10,COL,EDM,3.0,4.0,0.0,0.6595947643433387,0.6595947643433387,COL,EDM,False
2025021024,2026-03-10,SEA,NSH,2.0,4.0,0.0,0.4472873142535238,0.4472873142535238,NSH,NSH,True
2025021025,2026-03-11,OTT,MTL,2.0,3.0,0.0,0.6593185526602029,0.6593185526602029,OTT,MTL,False
2025021026,2026-03-11,PHI,WSH,4.0,1.0,1.0,0.49265444559036486,0.49265444559036486,WSH,PHI,False
2025021027,2026-03-12,BOS,SJS,2.0,4.0,0.0,0.5650932535916068,0.5650932535916068,BOS,SJS,False
2025021028,2026-03-12,BUF,WSH,1.0,2.0,0.0,0.6859164868284111,0.6859164868284111,BUF,WSH,False
2025021029,2026-03-12,TOR,ANA,6.0,4.0,1.0,0.44663339872140057,0.44663339872140057,ANA,TOR,False
2025021030,2026-03-12,TBL,DET,4.0,1.0,1.0,0.5331927043688847,0.5331927043688847,TBL,TBL,True
2025021031,2026-03-12,FLA,CBJ,2.0,1.0,1.0,0.5076219365561077,0.5076219365561077,FLA,FLA,True
2025021032,2026-03-12,NJD,CGY,4.0,5.0,0.0,0.6457784929221673,0.6457784929221673,NJD,CGY,False
2025021033,2026-03-12,CAR,STL,1.0,3.0,0.0,0.7208877125529606,0.7208877125529606,CAR,STL,False
2025021034,2026-03-12,DAL,EDM,7.0,2.0,1.0,0.6397932578557409,0.6397932578557409,DAL,DAL,True
2025021035,2026-03-12,MIN,PHI,2.0,3.0,0.0,0.6186080434097797,0.6186080434097797,MIN,PHI,False
2025021036,2026-03-12,WPG,NYR,3.0,6.0,0.0,0.5626298932396511,0.5626298932396511,WPG,NYR,False
2025021037,2026-03-12,UTA,CHI,2.0,3.0,0.0,0.6532934952622421,0.6532934952622421,UTA,CHI,False
2025021038,2026-03-12,VAN,NSH,4.0,3.0,1.0,0.4483527005986305,0.4483527005986305,NSH,VAN,False
2025021039,2026-03-12,VGK,PIT,6.0,2.0,1.0,0.5663636996985598,0.5663636996985598,VGK,VGK,True
2025021040,2026-03-12,SEA,COL,1.0,5.0,0.0,0.40346486983656377,0.40346486983656377,COL,COL,True
2025021041,2026-03-13,NYI,LAK,2.0,3.0,0.0,0.5658751841046648,0.5658751841046648,NYI,LAK,False
2025021042,2026-03-13,STL,EDM,3.0,2.0,1.0,0.47650512390075633,0.47650512390075633,EDM,STL,False
2025021043,2026-03-14,OTT,ANA,2.0,0.0,1.0,0.5708026190842032,0.5708026190842032,OTT,OTT,True
2025021044,2026-03-14,WSH,BOS,2.0,3.0,0.0,0.6075584242074334,0.6075584242074334,WSH,BOS,False
2025021045,2026-03-14,WPG,COL,3.0,1.0,1.0,0.4800178189534062,0.4800178189534062,COL,WPG,False
2025021046,2026-03-14,MIN,NYR,2.0,4.0,0.0,0.585667429293358,0.585667429293358,MIN,NYR,False
2025021047,2026-03-14,BUF,TOR,3.0,2.0,1.0,0.7104447517263803,0.7104447517263803,BUF,BUF,True
2025021048,2026-03-14,MTL,SJS,2.0,4.0,0.0,0.5863595705576035,0.5863595705576035,MTL,SJS,False
2025021049,2026-03-14,TBL,CAR,2.0,4.0,0.0,0.4877431337847343,0.4877431337847343,CAR,CAR,True
2025021050,2026-03-14,NJD,LAK,6.0,4.0,1.0,0.6288745231141584,0.6288745231141584,NJD,NJD,True
2025021051,2026-03-14,NYI,CGY,3.0,2.0,1.0,0.560553582871517,0.560553582871517,NYI,NYI,True
2025021052,2026-03-14,PHI,CBJ,1.0,2.0,0.0,0.4959657258412908,0.4959657258412908,CBJ,CBJ,True
2025021053,2026-03-14,DAL,DET,3.0,2.0,1.0,0.6154140478063235,0.6154140478063235,DAL,DAL,True
2025021054,2026-03-14,UTA,PIT,3.0,4.0,0.0,0.5776736833938543,0.5776736833938543,UTA,PIT,False
2025021055,2026-03-14,VAN,SEA,2.0,5.0,0.0,0.49902272688788485,0.49902272688788485,SEA,SEA,True
2025021056,2026-03-14,VGK,CHI,4.0,0.0,1.0,0.6726730371355294,0.6726730371355294,VGK,VGK,True
2025021057,2026-03-15,WPG,STL,3.0,2.0,1.0,0.5758840772756901,0.5758840772756901,WPG,WPG,True
2025021058,2026-03-15,OTT,SJS,7.0,4.0,1.0,0.639525529637955,0.639525529637955,OTT,OTT,True
2025021059,2026-03-15,MTL,ANA,3.0,4.0,0.0,0.5137358389182867,0.5137358389182867,MTL,ANA,False
2025021060,2026-03-15,MIN,TOR,2.0,4.0,0.0,0.6212164343759573,0.6212164343759573,MIN,TOR,False
2025021061,2026-03-15,EDM,NSH,3.0,1.0,1.0,0.6368903191548952,0.6368903191548952,EDM,EDM,True
2025021062,2026-03-15,SEA,FLA,6.0,2.0,1.0,0.46519802414177763,0.46519802414177763,FLA,SEA,False
2025021063,2026-03-16,DET,CGY,5.0,2.0,1.0,0.5781843843682692,0.5781843843682692,DET,DET,True
2025021064,2026-03-16,NJD,BOS,4.0,3.0,1.0,0.5557743831890603,0.5557743831890603,NJD,NJD,True
2025021065,2026-03-16,NYR,LAK,1.0,4.0,0.0,0.4811888828621961,0.4811888828621961,LAK,LAK,True
2025021066,2026-03-16,DAL,UTA,3.0,6.0,0.0,0.6005970139182036,0.6005970139182036,DAL,UTA,False
2025021067,2026-03-16,COL,PIT,2.0,7.0,0.0,0.6488024821852113,0.6488024821852113,COL,PIT,False
2025021068,2026-03-17,TOR,NYI,1.0,3.0,0.0,0.4780763507031112,0.4780763507031112,NYI,NYI,True
2025021069,2026-03-17,MTL,BOS,3.0,2.0,1.0,0.6284723467895008,0.6284723467895008,MTL,MTL,True
2025021070,2026-03-17,CBJ,CAR,5.0,1.0,1.0,0.5412921473588617,0.5412921473588617,CBJ,CBJ,True
2025021071,2026-03-17,WPG,NSH,3.0,4.0,0.0,0.5682642104642447,0.5682642104642447,WPG,NSH,False
2025021072,2026-03-17,CHI,MIN,3.0,4.0,0.0,0.423371634902198,0.423371634902198,MIN,MIN,True
2025021073,2026-03-17,EDM,SJS,5.0,3.0,1.0,0.6423658079678017,0.6423658079678017,EDM,EDM,True
2025021074,2026-03-17,VAN,FLA,5.0,2.0,1.0,0.4889951546133808,0.4889951546133808,FLA,VAN,False
2025021075,2026-03-17,VGK,BUF,0.0,2.0,0.0,0.5278956273339105,0.5278956273339105,VGK,BUF,False
2025021076,2026-03-17,SEA,TBL,2.0,6.0,0.0,0.5034923172654675,0.5034923172654675,SEA,TBL,False
2025021077,2026-03-18,NYR,NJD,3.0,6.0,0.0,0.4326998378617776,0.4326998378617776,NJD,NJD,True
2025021078,2026-03-18,CAR,PIT,6.0,5.0,1.0,0.6614877714353795,0.6614877714353795,CAR,CAR,True
2025021079,2026-03-18,WSH,OTT,4.0,1.0,1.0,0.49420500633010267,0.49420500633010267,OTT,WSH,False
2025021080,2026-03-18,COL,DAL,1.0,2.0,0.0,0.6105231751780189,0.6105231751780189,COL,DAL,False
2025021081,2026-03-18,CGY,STL,2.0,1.0,1.0,0.5436421936667518,0.5436421936667518,CGY,CGY,True
2025021082,2026-03-18,ANA,PHI,2.0,3.0,0.0,0.6213662423196219,0.6213662423196219,ANA,PHI,False
2025021083,2026-03-19,BOS,WPG,6.0,1.0,1.0,0.5864596589613825,0.5864596589613825,BOS,BOS,True
2025021084,2026-03-19,OTT,NYI,3.0,2.0,1.0,0.5822598110239946,0.5822598110239946,OTT,OTT,True
2025021085,2026-03-19,DET,MTL,3.0,1.0,1.0,0.4582174198901191,0.4582174198901191,MTL,DET,False
2025021086,2026-03-19,CBJ,NYR,6.0,3.0,1.0,0.7022050464684251,0.7022050464684251,CBJ,CBJ,True
2025021087,2026-03-19,NSH,SEA,3.0,1.0,1.0,0.46062472412870453,0.46062472412870453,SEA,NSH,False
2025021088,2026-03-19,MIN,CHI,1.0,2.0,0.0,0.6693866903850644,0.6693866903850644,MIN,CHI,False
2025021089,2026-03-19,EDM,FLA,0.0,4.0,0.0,0.598909137213956,0.598909137213956,EDM,FLA,False
2025021090,2026-03-19,VAN,TBL,2.0,6.0,0.0,0.47311842970882995,0.47311842970882995,TBL,TBL,True
2025021091,2026-03-19,VGK,UTA,0.0,4.0,0.0,0.5548709542810873,0.5548709542810873,VGK,UTA,False
2025021092,2026-03-19,SJS,BUF,0.0,5.0,0.0,0.45919662721625887,0.45919662721625887,BUF,BUF,True
2025021093,2026-03-19,LAK,PHI,3.0,4.0,0.0,0.5989787225108484,0.5989787225108484,LAK,PHI,False
2025021094,2026-03-20,TOR,CAR,3.0,4.0,0.0,0.43262563482276173,0.43262563482276173,CAR,CAR,True
2025021095,2026-03-20,WSH,NJD,2.0,1.0,1.0,0.4908487429949749,0.4908487429949749,NJD,WSH,False
2025021096,2026-03-20,CHI,COL,1.0,4.0,0.0,0.3406327704280988,0.3406327704280988,COL,COL,True
2025021097,2026-03-20,CGY,FLA,4.0,1.0,1.0,0.5312709448147782,0.5312709448147782,CGY,CGY,True
2025021098,2026-03-20,UTA,ANA,1.0,4.0,0.0,0.4545705097618909,0.4545705097618909,ANA,ANA,True
2025021099,2026-03-21,PIT,WPG,5.0,4.0,1.0,0.5353212753296711,0.5353212753296711,PIT,PIT,True
2025021100,2026-03-21,NSH,VGK,4.0,1.0,1.0,0.4304255780426274,0.4304255780426274,VGK,NSH,False
2025021101,2026-03-21,MIN,DAL,2.0,1.0,1.0,0.5696185231775581,0.5696185231775581,MIN,MIN,True
2025021102,2026-03-21,LAK,BUF,1.0,4.0,0.0,0.48952656106505754,0.48952656106505754,BUF,BUF,True
2025021103,2026-03-21,SJS,PHI,1.0,4.0,0.0,0.5429944009658695,0.5429944009658695,SJS,PHI,False
2025021104,2026-03-21,CBJ,SEA,5.0,2.0,1.0,0.6687217835980649,0.6687217835980649,CBJ,CBJ,True
2025021105,2026-03-21,MTL,NYI,7.0,3.0,1.0,0.54720005455971,0.54720005455971,MTL,MTL,True
2025021106,2026-03-21,OTT,TOR,5.0,2.0,1.0,0.7166218005893946,0.7166218005893946,OTT,OTT,True
2025021107,2026-03-21,VAN,STL,1.0,3.0,0.0,0.554487082803493,0.554487082803493,VAN,STL,False
2025021108,2026-03-21,DET,BOS,2.0,4.0,0.0,0.5426214504813704,0.5426214504813704,DET,BOS,False
2025021109,2026-03-21,EDM,TBL,2.0,5.0,0.0,0.5762665989656175,0.5762665989656175,EDM,TBL,False
2025021110,2026-03-22,NYR,WPG,2.0,3.0,0.0,0.515178689212053,0.515178689212053,NYR,WPG,False
2025021111,2026-03-22,WSH,COL,2.0,3.0,0.0,0.43611565048758644,0.43611565048758644,COL,COL,True
2025021112,2026-03-22,PIT,CAR,1.0,5.0,0.0,0.44609109986796347,0.44609109986796347,CAR,CAR,True
2025021113,2026-03-22,CHI,NSH,2.0,3.0,0.0,0.49475278351406915,0.49475278351406915,NSH,NSH,True
2025021114,2026-03-22,NYI,CBJ,1.0,0.0,1.0,0.4560801956645555,0.4560801956645555,CBJ,NYI,False
2025021115,2026-03-22,DAL,VGK,2.0,3.0,0.0,0.5201525862542475,0.5201525862542475,DAL,VGK,False
2025021116,2026-03-22,CGY,TBL,4.0,3.0,1.0,0.5120489674404396,0.5120489674404396,CGY,CGY,True
2025021117,2026-03-22,ANA,BUF,6.0,5.0,1.0,0.5910432712827938,0.5910432712827938,ANA,ANA,True
2025021118,2026-03-22,UTA,LAK,4.0,3.0,1.0,0.6183263470891046,0.6183263470891046,UTA,UTA,True
2025021119,2026-03-23,NYR,OTT,1.0,2.0,0.0,0.3425816543754833,0.3425816543754833,OTT,OTT,True
2025021120,2026-03-24,BOS,TOR,2.0,4.0,0.0,0.6216308140079442,0.6216308140079442,BOS,TOR,False
2025021121,2026-03-24,MTL,CAR,5.0,2.0,1.0,0.5261045658103607,0.5261045658103607,MTL,MTL,True
2025021122,2026-03-24,DET,OTT,2.0,3.0,0.0,0.49847858556978053,0.49847858556978053,OTT,OTT,True
2025021123,2026-03-24,FLA,SEA,5.0,4.0,1.0,0.5740560284932869,0.5740560284932869,FLA,FLA,True
2025021124,2026-03-24,NYI,CHI,3.0,4.0,0.0,0.6436875695066973,0.6436875695066973,NYI,CHI,False
2025021125,2026-03-24,PHI,CBJ,2.0,3.0,0.0,0.4482302542192973,0.4482302542192973,CBJ,CBJ,True
2025021126,2026-03-24,PIT,COL,2.0,6.0,0.0,0.42776960010387266,0.42776960010387266,COL,COL,True
2025021127,2026-03-24,TBL,MIN,6.0,3.0,1.0,0.514211888448425,0.514211888448425,TBL,TBL,True
2025021128,2026-03-24,STL,WSH,3.0,0.0,1.0,0.5200903256047263,0.5200903256047263,STL,STL,True
2025021129,2026-03-24,NSH,SJS,6.0,3.0,1.0,0.5183475451033708,0.5183475451033708,NSH,NSH,True
2025021130,2026-03-24,DAL,NJD,4.0,6.0,0.0,0.5141538545164629,0.5141538545164629,DAL,NJD,False
2025021131,2026-03-24,WPG,VGK,4.0,1.0,1.0,0.43743839968099635,0.43743839968099635,VGK,WPG,False
2025021132,2026-03-24,UTA,EDM,2.0,5.0,0.0,0.5093105141987012,0.5093105141987012,UTA,EDM,False
2025021133,2026-03-24,CGY,LAK,3.0,2.0,1.0,0.5267534349336652,0.5267534349336652,CGY,CGY,True
2025021134,2026-03-24,VAN,ANA,3.0,5.0,0.0,0.42445853955798457,0.42445853955798457,ANA,ANA,True
2025021135,2026-03-25,BUF,BOS,3.0,4.0,0.0,0.7242861086934513,0.7242861086934513,BUF,BOS,False
2025021136,2026-03-25,TOR,NYR,4.0,3.0,1.0,0.5100219463432796,0.5100219463432796,TOR,TOR,True
2025021137,2026-03-26,MTL,CBJ,2.0,1.0,1.0,0.5044743858512692,0.5044743858512692,MTL,MTL,True
2025021138,2026-03-26,OTT,PIT,3.0,4.0,0.0,0.7009607668159167,0.7009607668159167,OTT,PIT,False
2025021139,2026-03-26,TBL,SEA,3.0,4.0,0.0,0.6441998246413553,0.6441998246413553,TBL,SEA,False
2025021140,2026-03-26,FLA,MIN,2.0,3.0,0.0,0.48686385576382957,0.48686385576382957,MIN,MIN,True
2025021141,2026-03-26,NYI,DAL,2.0,1.0,1.0,0.5091386064332009,0.5091386064332009,NYI,NYI,True
2025021142,2026-03-26,PHI,CHI,5.0,1.0,1.0,0.6514966726198286,0.6514966726198286,PHI,PHI,True
2025021143,2026-03-26,STL,SJS,2.0,1.0,1.0,0.5511452382177817,0.5511452382177817,STL,STL,True
2025021144,2026-03-26,NSH,NJD,2.0,4.0,0.0,0.44847916900526547,0.44847916900526547,NJD,NJD,True
2025021145,2026-03-26,WPG,COL,2.0,3.0,0.0,0.40450862028987256,0.40450862028987256,COL,COL,True
2025021146,2026-03-26,UTA,WSH,4.0,7.0,0.0,0.564077751402116,0.564077751402116,UTA,WSH,False
2025021147,2026-03-26,CGY,ANA,2.0,3.0,0.0,0.45944626134101346,0.45944626134101346,ANA,ANA,True
2025021148,2026-03-26,VGK,EDM,3.0,4.0,0.0,0.5930780066207356,0.5930780066207356,VGK,EDM,False
2025021149,2026-03-26,VAN,LAK,0.0,4.0,0.0,0.4694293978318563,0.4694293978318563,LAK,LAK,True
2025021150,2026-03-27,BUF,DET,2.0,5.0,0.0,0.5782739617210949,0.5782739617210949,BUF,DET,False
2025021151,2026-03-27,NYR,CHI,6.0,1.0,1.0,0.6339809434000794,0.6339809434000794,NYR,NYR,True
2025021152,2026-03-28,TBL,OTT,4.0,2.0,1.0,0.5624310759851321,0.5624310759851321,TBL,TBL,True
2025021153,2026-03-28,NYI,FLA,5.0,2.0,1.0,0.581877507105948,0.581877507105948,NYI,NYI,True
2025021154,2026-03-28,EDM,ANA,4.0,2.0,1.0,0.5406697400943756,0.5406697400943756,EDM,EDM,True
2025021155,2026-03-28,BOS,MIN,6.0,3.0,1.0,0.44279366298667383,0.44279366298667383,MIN,BOS,False
2025021156,2026-03-28,PIT,DAL,3.0,6.0,0.0,0.5194742085016618,0.5194742085016618,PIT,DAL,False
2025021157,2026-03-28,CAR,NJD,5.0,2.0,1.0,0.6100016175497776,0.6100016175497776,CAR,CAR,True
2025021158,2026-03-28,CBJ,SJS,2.0,3.0,0.0,0.6363867095796301,0.6363867095796301,CBJ,SJS,False
2025021159,2026-03-28,BUF,SEA,3.0,2.0,1.0,0.6095478783533322,0.6095478783533322,BUF,BUF,True
2025021160,2026-03-28,STL,TOR,5.0,1.0,1.0,0.6102852696823203,0.6102852696823203,STL,STL,True
2025021161,2026-03-28,NSH,MTL,1.0,4.0,0.0,0.4388034874649939,0.4388034874649939,MTL,MTL,True
2025021162,2026-03-28,COL,WPG,2.0,4.0,0.0,0.7035895582067021,0.7035895582067021,COL,WPG,False
2025021163,2026-03-28,DET,PHI,3.0,5.0,0.0,0.4951052185176445,0.4951052185176445,PHI,PHI,True
2025021164,2026-03-28,LAK,UTA,2.0,6.0,0.0,0.5135819833301698,0.5135819833301698,LAK,UTA,False
2025021165,2026-03-28,CGY,VAN,7.0,3.0,1.0,0.5854454957077658,0.5854454957077658,CGY,CGY,True
2025021166,2026-03-28,VGK,WSH,4.0,5.0,0.0,0.6415604831684892,0.6415604831684892,VGK,WSH,False
2025021167,2026-03-29,NYR,FLA,3.0,1.0,1.0,0.5846321131680956,0.5846321131680956,NYR,NYR,True
2025021168,2026-03-29,TBL,NSH,3.0,2.0,1.0,0.6671950240186998,0.6671950240186998,TBL,TBL,True
2025021169,2026-03-29,CAR,MTL,1.0,3.0,0.0,0.6324997502673319,0.6324997502673319,CAR,MTL,False
2025021170,2026-03-29,CBJ,BOS,3.0,4.0,0.0,0.6520553494096417,0.6520553494096417,CBJ,BOS,False
2025021171,2026-03-29,NJD,CHI,5.0,3.0,1.0,0.6640703318548391,0.6640703318548391,NJD,NJD,True
2025021172,2026-03-29,PHI,DAL,2.0,1.0,1.0,0.5019406928055657,0.5019406928055657,PHI,PHI,True
2025021173,2026-03-30,NYI,PIT,3.0,8.0,0.0,0.5872920932111366,0.5872920932111366,NYI,PIT,False
2025021174,2026-03-30,COL,CGY,9.0,2.0,1.0,0.6913904050979626,0.6913904050979626,COL,COL,True
2025021175,2026-03-30,VGK,VAN,4.0,2.0,1.0,0.6895267696327204,0.6895267696327204,VGK,VGK,True
2025021176,2026-03-30,ANA,TOR,4.0,5.0,0.0,0.6736605739816879,0.6736605739816879,ANA,TOR,False
2025021177,2026-03-30,SJS,STL,5.0,4.0,1.0,0.5412471283257654,0.5412471283257654,SJS,SJS,True
2025021178,2026-03-31,BOS,DAL,6.0,3.0,1.0,0.4795292432794402,0.4795292432794402,DAL,BOS,False
2025021179,2026-03-31,BUF,NYI,4.0,3.0,1.0,0.6199739166475011,0.6199739166475011,BUF,BUF,True
2025021180,2026-03-31,TBL,MTL,1.0,4.0,0.0,0.5709001502879615,0.5709001502879615,TBL,MTL,False
2025021181,2026-03-31,FLA,OTT,6.0,3.0,1.0,0.4414736915334598,0.4414736915334598,OTT,FLA,False
2025021182,2026-03-31,NYR,NJD,4.0,1.0,1.0,0.44002656602162665,0.44002656602162665,NJD,NYR,False
2025021183,2026-03-31,PIT,DET,5.0,1.0,1.0,0.49195366122913914,0.49195366122913914,DET,PIT,False
2025021184,2026-03-31,WSH,PHI,6.0,4.0,1.0,0.5162051873261942,0.5162051873261942,WSH,WSH,True
2025021185,2026-03-31,CBJ,CAR,2.0,5.0,0.0,0.4804071954990401,0.4804071954990401,CAR,CAR,True
2025021186,2026-03-31,CHI,WPG,3.0,4.0,0.0,0.4158604964699515,0.4158604964699515,WPG,WPG,True
2025021187,2026-03-31,EDM,SEA,3.0,0.0,1.0,0.6672203684241057,0.6672203684241057,EDM,EDM,True
2025021188,2026-04-01,COL,VAN,6.0,8.0,0.0,0.7150783088154169,0.7150783088154169,COL,VAN,False
2025021189,2026-04-01,LAK,STL,2.0,1.0,1.0,0.5075074138422783,0.5075074138422783,LAK,LAK,True
2025021190,2026-04-01,SJS,ANA,4.0,3.0,1.0,0.5077190410026279,0.5077190410026279,SJS,SJS,True
2025021191,2026-04-02,OTT,BUF,4.0,1.0,1.0,0.5542133492445473,0.5542133492445473,OTT,OTT,True
2025021192,2026-04-02,TBL,PIT,6.0,3.0,1.0,0.6010542493516372,0.6010542493516372,TBL,TBL,True
2025021193,2026-04-02,FLA,BOS,2.0,1.0,1.0,0.5046159122644375,0.5046159122644375,FLA,FLA,True
2025021194,2026-04-02,NJD,WSH,7.0,3.0,1.0,0.5495152387927644,0.5495152387927644,NJD,NJD,True
2025021195,2026-04-02,NYR,MTL,2.0,3.0,0.0,0.5394107204601765,0.5394107204601765,NYR,MTL,False
2025021196,2026-04-02,PHI,DET,2.0,4.0,0.0,0.5359676704816035,0.5359676704816035,PHI,DET,False
2025021197,2026-04-02,CAR,CBJ,5.0,1.0,1.0,0.7090209579046812,0.7090209579046812,CAR,CAR,True
2025021198,2026-04-02,DAL,WPG,3.0,0.0,1.0,0.5760362309067613,0.5760362309067613,DAL,DAL,True
2025021199,2026-04-02,MIN,VAN,5.0,2.0,1.0,0.6982808659716656,0.6982808659716656,MIN,MIN,True
2025021200,2026-04-02,EDM,CHI,3.0,1.0,1.0,0.7237375204301981,0.7237375204301981,EDM,EDM,True
2025021201,2026-04-02,VGK,CGY,6.0,3.0,1.0,0.6975533591457872,0.6975533591457872,VGK,VGK,True
2025021202,2026-04-02,SJS,TOR,4.0,1.0,1.0,0.5979705661803479,0.5979705661803479,SJS,SJS,True
2025021203,2026-04-02,SEA,UTA,2.0,6.0,0.0,0.45688955516441754,0.45688955516441754,UTA,UTA,True
2025021204,2026-04-02,LAK,NSH,4.0,5.0,0.0,0.5407358130371137,0.5407358130371137,LAK,NSH,False
2025021205,2026-04-03,NYI,PHI,1.0,4.0,0.0,0.542151346724363,0.542151346724363,NYI,PHI,False
2025021206,2026-04-03,ANA,STL,2.0,6.0,0.0,0.6148033046155565,0.6148033046155565,ANA,STL,False
2025021207,2026-04-04,NYR,DET,4.0,1.0,1.0,0.5052900769744108,0.5052900769744108,NYR,NYR,True
2025021208,2026-04-04,OTT,MIN,1.0,4.0,0.0,0.4995435429978178,0.4995435429978178,MIN,MIN,True
2025021209,2026-04-04,DAL,COL,0.0,2.0,0.0,0.5008045037292053,0.5008045037292053,DAL,COL,False
2025021210,2026-04-04,TBL,BOS,3.0,1.0,1.0,0.6017800970554096,0.6017800970554096,TBL,TBL,True
2025021211,2026-04-04,PIT,FLA,9.0,4.0,1.0,0.5912038416232038,0.5912038416232038,PIT,PIT,True
2025021212,2026-04-04,NJD,MTL,3.0,4.0,0.0,0.5033700768725671,0.5033700768725671,NJD,MTL,False
2025021213,2026-04-04,WSH,BUF,6.0,2.0,1.0,0.5006822393753487,0.5006822393753487,WSH,WSH,True
2025021214,2026-04-04,CAR,NYI,4.0,3.0,1.0,0.7212799755445397,0.7212799755445397,CAR,CAR,True
2025021215,2026-04-04,CBJ,WPG,1.0,2.0,0.0,0.580019892752926,0.580019892752926,CBJ,WPG,False
2025021216,2026-04-04,VAN,UTA,4.0,7.0,0.0,0.3891761387798168,0.3891761387798168,UTA,UTA,True
2025021217,2026-04-04,LAK,TOR,7.0,6.0,1.0,0.567207022360427,0.567207022360427,LAK,LAK,True
2025021218,2026-04-04,EDM,VGK,1.0,5.0,0.0,0.5889705088890947,0.5889705088890947,EDM,VGK,False
2025021219,2026-04-04,ANA,CGY,3.0,5.0,0.0,0.6786059059489783,0.6786059059489783,ANA,CGY,False
2025021220,2026-04-04,SJS,NSH,3.0,6.0,0.0,0.6179728455959106,0.6179728455959106,SJS,NSH,False
2025021221,2026-04-04,SEA,CHI,2.0,4.0,0.0,0.6161855218441584,0.6161855218441584,SEA,CHI,False
2025021222,2026-04-05,DET,MIN,4.0,5.0,0.0,0.47380204100430495,0.47380204100430495,MIN,MIN,True
2025021223,2026-04-05,PIT,FLA,5.0,2.0,1.0,0.6126909333391745,0.6126909333391745,PIT,PIT,True
2025021224,2026-04-05,PHI,BOS,2.0,1.0,1.0,0.5898281866410654,0.5898281866410654,PHI,PHI,True
2025021225,2026-04-05,OTT,CAR,6.0,3.0,1.0,0.46279472329979215,0.46279472329979215,CAR,OTT,False
2025021226,2026-04-05,MTL,NJD,0.0,3.0,0.0,0.5205432111416891,0.5205432111416891,MTL,NJD,False
2025021227,2026-04-05,NYR,WSH,8.0,1.0,1.0,0.5415218602129254,0.5415218602129254,NYR,NYR,True
2025021228,2026-04-05,COL,STL,2.0,3.0,0.0,0.6204619752999403,0.6204619752999403,COL,STL,False
2025021229,2026-04-06,BUF,TBL,4.0,2.0,1.0,0.542826276114448,0.542826276114448,BUF,BUF,True
2025021230,2026-04-06,WPG,SEA,6.0,2.0,1.0,0.6008127563395327,0.6008127563395327,WPG,WPG,True
2025021231,2026-04-06,SJS,CHI,3.0,2.0,1.0,0.6500497496127076,0.6500497496127076,SJS,SJS,True
2025021232,2026-04-06,LAK,NSH,3.0,2.0,1.0,0.5733383680044859,0.5733383680044859,LAK,LAK,True
2025021233,2026-04-07,MTL,FLA,4.0,3.0,1.0,0.5433642561005824,0.5433642561005824,MTL,MTL,True
2025021234,2026-04-07,OTT,TBL,6.0,2.0,1.0,0.6041869235895614,0.6041869235895614,OTT,OTT,True
2025021235,2026-04-07,DET,CBJ,3.0,4.0,0.0,0.5742853010015894,0.5742853010015894,DET,CBJ,False
2025021236,2026-04-07,NJD,PHI,1.0,5.0,0.0,0.5170977347276907,0.5170977347276907,NJD,PHI,False
2025021237,2026-04-07,CAR,BOS,6.0,5.0,1.0,0.6675000334593308,0.6675000334593308,CAR,CAR,True
2025021238,2026-04-07,STL,COL,1.0,3.0,0.0,0.4499504178120586,0.4499504178120586,COL,COL,True
2025021239,2026-04-07,DAL,CGY,4.0,3.0,1.0,0.6965537334490801,0.6965537334490801,DAL,DAL,True
2025021240,2026-04-07,MIN,SEA,5.0,2.0,1.0,0.6724947557347019,0.6724947557347019,MIN,MIN,True
2025021241,2026-04-07,UTA,EDM,6.0,5.0,1.0,0.5153109449396557,0.5153109449396557,UTA,UTA,True
2025021242,2026-04-07,VAN,VGK,1.0,2.0,0.0,0.40847471124125323,0.40847471124125323,VGK,VGK,True
2025021243,2026-04-07,ANA,NSH,0.0,5.0,0.0,0.6841322164083702,0.6841322164083702,ANA,NSH,False
2025021244,2026-04-08,NYR,BUF,3.0,5.0,0.0,0.5155306978918354,0.5155306978918354,NYR,BUF,False
2025021245,2026-04-08,TOR,WSH,0.0,4.0,0.0,0.4748880264315329,0.4748880264315329,WSH,WSH,True
2025021246,2026-04-08,SJS,EDM,2.0,5.0,0.0,0.5444723191909073,0.5444723191909073,SJS,EDM,False
2025021247,2026-04-09,BUF,CBJ,5.0,0.0,1.0,0.611109446852777,0.611109446852777,BUF,BUF,True
2025021248,2026-04-09,MTL,TBL,2.0,1.0,1.0,0.5009324996380721,0.5009324996380721,MTL,MTL,True
2025021249,2026-04-09,OTT,FLA,5.0,1.0,1.0,0.6330686988941427,0.6330686988941427,OTT,OTT,True
2025021250,2026-04-09,DET,PHI,6.0,3.0,1.0,0.4953452626906852,0.4953452626906852,PHI,DET,False
2025021251,2026-04-09,NJD,PIT,2.0,5.0,0.0,0.5458690917299289,0.5458690917299289,NJD,PIT,False
2025021252,2026-04-09,NYI,TOR,5.0,3.0,1.0,0.5984416229090262,0.5984416229090262,NYI,NYI,True
2025021253,2026-04-09,STL,WPG,2.0,3.0,0.0,0.4795609258147615,0.4795609258147615,WPG,WPG,True
2025021254,2026-04-09,DAL,MIN,5.0,4.0,1.0,0.5290783297483189,0.5290783297483189,DAL,DAL,True
2025021255,2026-04-09,CHI,CAR,2.0,7.0,0.0,0.331833082058334,0.331833082058334,CAR,CAR,True
2025021256,2026-04-09,COL,CGY,3.0,1.0,1.0,0.7363594727201153,0.7363594727201153,COL,COL,True
2025021257,2026-04-09,UTA,NSH,4.0,1.0,1.0,0.6120981499767111,0.6120981499767111,UTA,UTA,True
2025021258,2026-04-09,ANA,SJS,6.0,1.0,1.0,0.6932319623143492,0.6932319623143492,ANA,ANA,True
2025021259,2026-04-09,SEA,VGK,4.0,3.0,1.0,0.429609459883918,0.429609459883918,VGK,SEA,False
2025021260,2026-04-09,LAK,VAN,4.0,1.0,1.0,0.6174436278173936,0.6174436278173936,LAK,LAK,True
2025021261,2026-04-11,BOS,TBL,1.0,2.0,0.0,0.5078823108865459,0.5078823108865459,BOS,TBL,False
2025021262,2026-04-11,NYI,OTT,0.0,3.0,0.0,0.4819985912905855,0.4819985912905855,OTT,OTT,True
2025021263,2026-04-11,PIT,WSH,3.0,6.0,0.0,0.5769697489611013,0.5769697489611013,PIT,WSH,False
2025021264,2026-04-11,LAK,EDM,1.0,0.0,1.0,0.4624091340282396,0.4624091340282396,EDM,LAK,False
2025021265,2026-04-11,DET,NJD,3.0,5.0,0.0,0.4917363235245409,0.4917363235245409,NJD,NJD,True
2025021266,2026-04-11,CHI,STL,3.0,5.0,0.0,0.5066094649503392,0.5066094649503392,CHI,STL,False
2025021267,2026-04-11,NSH,MIN,2.0,1.0,1.0,0.4190829903003812,0.4190829903003812,MIN,NSH,False
2025021268,2026-04-11,DAL,NYR,2.0,0.0,1.0,0.5865969615930101,0.5865969615930101,DAL,DAL,True
2025021269,2026-04-11,UTA,CAR,1.0,4.0,0.0,0.47874776185979157,0.47874776185979157,CAR,CAR,True
2025021270,2026-04-11,TOR,FLA,2.0,6.0,0.0,0.4871562204472487,0.4871562204472487,FLA,FLA,True
2025021271,2026-04-11,MTL,CBJ,2.0,5.0,0.0,0.5881834438226307,0.5881834438226307,MTL,CBJ,False
2025021272,2026-04-11,WPG,PHI,1.0,7.0,0.0,0.5459622883668459,0.5459622883668459,WPG,PHI,False
2025021273,2026-04-11,SEA,CGY,4.0,1.0,1.0,0.6024012658247434,0.6024012658247434,SEA,SEA,True
2025021274,2026-04-11,COL,VGK,2.0,3.0,0.0,0.6320218869107497,0.6320218869107497,COL,VGK,False
2025021275,2026-04-11,SJS,VAN,3.0,4.0,0.0,0.6043744276289715,0.6043744276289715,SJS,VAN,False
2025021276,2026-04-12,WSH,PIT,3.0,0.0,1.0,0.5797217402723179,0.5797217402723179,WSH,WSH,True
2025021277,2026-04-12,NYI,MTL,1.0,4.0,0.0,0.5220952861927205,0.5220952861927205,NYI,MTL,False
2025021278,2026-04-12,CBJ,BOS,2.0,3.0,0.0,0.6109561322843514,0.6109561322843514,CBJ,BOS,False
2025021279,2026-04-12,NJD,OTT,4.0,3.0,1.0,0.5163899628234309,0.5163899628234309,NJD,NJD,True
2025021280,2026-04-12,ANA,VAN,3.0,4.0,0.0,0.7510201920630044,0.7510201920630044,ANA,VAN,False
2025021281,2026-04-12,CGY,UTA,4.0,1.0,1.0,0.44349902470202,0.44349902470202,UTA,CGY,False
2025021282,2026-04-13,TBL,DET,4.0,3.0,1.0,0.5706762456768228,0.5706762456768228,TBL,TBL,True
2025021283,2026-04-13,FLA,NYR,3.0,2.0,1.0,0.5506374542503123,0.5506374542503123,FLA,FLA,True
2025021284,2026-04-13,PHI,CAR,3.0,2.0,1.0,0.4753033098843867,0.4753033098843867,CAR,PHI,False
2025021285,2026-04-13,TOR,DAL,5.0,6.0,0.0,0.43611201806440075,0.43611201806440075,DAL,DAL,True
2025021286,2026-04-13,STL,MIN,6.0,3.0,1.0,0.39820824664985827,0.39820824664985827,MIN,STL,False
2025021287,2026-04-13,NSH,SJS,2.0,3.0,0.0,0.5871447907998806,0.5871447907998806,NSH,SJS,False
2025021288,2026-04-13,CHI,BUF,1.0,5.0,0.0,0.42339140534776776,0.42339140534776776,BUF,BUF,True
2025021289,2026-04-13,EDM,COL,1.0,2.0,0.0,0.5262424036813582,0.5262424036813582,EDM,COL,False
2025021290,2026-04-13,VGK,WPG,6.0,2.0,1.0,0.5511452999820651,0.5511452999820651,VGK,VGK,True
2025021291,2026-04-13,SEA,LAK,3.0,5.0,0.0,0.4812819555834682,0.4812819555834682,LAK,LAK,True
2025021292,2026-04-14,BOS,NJD,4.0,0.0,1.0,0.47638001747927644,0.47638001747927644,NJD,BOS,False
2025021293,2026-04-14,NYI,CAR,1.0,2.0,0.0,0.5334852299857613,0.5334852299857613,NYI,CAR,False
2025021294,2026-04-14,PHI,MTL,4.0,2.0,1.0,0.4835689741008321,0.4835689741008321,MTL,PHI,False
2025021295,2026-04-14,CBJ,WSH,1.0,2.0,0.0,0.5475872877183233,0.5475872877183233,CBJ,WSH,False
2025021296,2026-04-14,MIN,ANA,3.0,2.0,1.0,0.48107162531072933,0.48107162531072933,ANA,MIN,False
2025021297,2026-04-14,UTA,WPG,5.0,3.0,1.0,0.5735238199280289,0.5735238199280289,UTA,UTA,True
2025021298,2026-04-14,CGY,COL,1.0,3.0,0.0,0.4644438063673861,0.4644438063673861,COL,COL,True
2025021299,2026-04-14,STL,PIT,7.0,5.0,1.0,0.45773954512569937,0.45773954512569937,PIT,STL,False
2025021300,2026-04-14,VAN,LAK,4.0,3.0,1.0,0.4863651671712358,0.4863651671712358,LAK,VAN,False
2025021301,2026-04-15,BUF,DAL,3.0,4.0,0.0,0.5943124510821233,0.5943124510821233,BUF,DAL,False
2025021302,2026-04-15,TBL,NYR,2.0,4.0,0.0,0.5653431450182115,0.5653431450182115,TBL,NYR,False
2025021303,2026-04-15,FLA,DET,8.0,1.0,1.0,0.528404096355327,0.528404096355327,FLA,FLA,True
2025021304,2026-04-15,OTT,TOR,3.0,1.0,1.0,0.6641984159140085,0.6641984159140085,OTT,OTT,True
2025021305,2026-04-15,CHI,SJS,5.0,2.0,1.0,0.530070353859249,0.530070353859249,CHI,CHI,True
2025021306,2026-04-15,VGK,SEA,4.0,1.0,1.0,0.6552872730123677,0.6552872730123677,VGK,VGK,True
2025021307,2026-04-16,NSH,ANA,4.0,5.0,0.0,0.3898420541034682,0.3898420541034682,ANA,ANA,True
2025021308,2026-04-16,WPG,SJS,1.0,6.0,0.0,0.6239092802592112,0.6239092802592112,WPG,SJS,False
2025021309,2026-04-16,UTA,STL,3.0,5.0,0.0,0.6226987054575505,0.6226987054575505,UTA,STL,False
2025021310,2026-04-16,CGY,LAK,3.0,1.0,1.0,0.4886846897995216,0.4886846897995216,LAK,CGY,False
2025021311,2026-04-16,EDM,VAN,6.0,1.0,1.0,0.6633442000551953,0.6633442000551953,EDM,EDM,True
2025021312,2026-04-16,COL,SEA,2.0,0.0,1.0,0.6973275858231935,0.6973275858231935,COL,COL,True
2025030131,2026-04-18,CAR,OTT,2.0,0.0,1.0,0.605621902014296,0.605621902014296,CAR,CAR,True
2025030141,2026-04-18,PIT,PHI,2.0,3.0,0.0,0.515046148303146,0.515046148303146,PIT,PHI,False
2025030161,2026-04-18,DAL,MIN,1.0,6.0,0.0,0.5337293045888432,0.5337293045888432,DAL,MIN,False
2025030111,2026-04-19,BUF,BOS,4.0,3.0,1.0,0.6505085032832907,0.6505085032832907,BUF,BUF,True
2025030121,2026-04-19,TBL,MTL,3.0,4.0,0.0,0.5893017916595101,0.5893017916595101,TBL,MTL,False
2025030151,2026-04-19,COL,LAK,2.0,1.0,1.0,0.6211888020967804,0.6211888020967804,COL,COL,True
2025030171,2026-04-19,VGK,UTA,4.0,2.0,1.0,0.6104022716990877,0.6104022716990877,VGK,VGK,True
2025030132,2026-04-20,CAR,OTT,3.0,2.0,1.0,0.6216357245293991,0.6216357245293991,CAR,CAR,True
2025030142,2026-04-20,PIT,PHI,0.0,3.0,0.0,0.5218163829846378,0.5218163829846378,PIT,PHI,False
2025030162,2026-04-20,DAL,MIN,4.0,2.0,1.0,0.496755757133829,0.496755757133829,MIN,DAL,False
2025030181,2026-04-20,EDM,ANA,4.0,3.0,1.0,0.5350613575312121,0.5350613575312121,EDM,EDM,True
2025030112,2026-04-21,BUF,BOS,2.0,4.0,0.0,0.6798379164366293,0.6798379164366293,BUF,BOS,False
2025030122,2026-04-21,TBL,MTL,3.0,2.0,1.0,0.582661578384744,0.582661578384744,TBL,TBL,True
2025030152,2026-04-21,COL,LAK,2.0,1.0,1.0,0.6701258678853971,0.6701258678853971,COL,COL,True
2025030172,2026-04-21,VGK,UTA,2.0,3.0,0.0,0.610959341707931,0.610959341707931,VGK,UTA,False
2025030143,2026-04-22,PHI,PIT,5.0,2.0,1.0,0.6013864315933423,0.6013864315933423,PHI,PHI,True
2025030163,2026-04-22,MIN,DAL,3.0,4.0,0.0,0.5485647213533572,0.5485647213533572,MIN,DAL,False
2025030182,2026-04-22,EDM,ANA,4.0,6.0,0.0,0.587903336386661,0.587903336386661,EDM,ANA,False
2025030113,2026-04-23,BOS,BUF,1.0,3.0,0.0,0.4772257265418124,0.4772257265418124,BUF,BUF,True
2025030133,2026-04-23,OTT,CAR,1.0,2.0,0.0,0.5380954970612496,0.5380954970612496,OTT,CAR,False
2025030153,2026-04-23,LAK,COL,2.0,4.0,0.0,0.4606526062602159,0.4606526062602159,COL,COL,True
2025030123,2026-04-24,MTL,TBL,3.0,2.0,1.0,0.5148053551153523,0.5148053551153523,MTL,MTL,True
2025030173,2026-04-24,UTA,VGK,4.0,2.0,1.0,0.5475014659682194,0.5475014659682194,UTA,UTA,True
2025030183,2026-04-24,ANA,EDM,7.0,4.0,1.0,0.575841747886628,0.575841747886628,ANA,ANA,True
2025030134,2026-04-25,OTT,CAR,2.0,4.0,0.0,0.5254594980947526,0.5254594980947526,OTT,CAR,False
2025030144,2026-04-25,PHI,PIT,2.0,4.0,0.0,0.5921011803583378,0.5921011803583378,PHI,PIT,False
2025030164,2026-04-25,MIN,DAL,3.0,2.0,1.0,0.5383605746358934,0.5383605746358934,MIN,MIN,True
2025030114,2026-04-26,BOS,BUF,1.0,6.0,0.0,0.4551933753687105,0.4551933753687105,BUF,BUF,True
2025030124,2026-04-26,MTL,TBL,2.0,3.0,0.0,0.5475788535313999,0.5475788535313999,MTL,TBL,False
2025030154,2026-04-26,LAK,COL,1.0,5.0,0.0,0.46531929260174115,0.46531929260174115,COL,COL,True
2025030184,2026-04-26,ANA,EDM,4.0,3.0,1.0,0.6159362593637315,0.6159362593637315,ANA,ANA,True
2025030145,2026-04-27,PIT,PHI,3.0,2.0,1.0,0.4882887133889194,0.4882887133889194,PHI,PIT,False
2025030174,2026-04-27,UTA,VGK,4.0,5.0,0.0,0.5063513213144978,0.5063513213144978,UTA,VGK,False
2025030115,2026-04-28,BUF,BOS,1.0,2.0,0.0,0.6698799170306113,0.6698799170306113,BUF,BOS,False
2025030165,2026-04-28,DAL,MIN,2.0,4.0,0.0,0.5567522504867868,0.5567522504867868,DAL,MIN,False
2025030185,2026-04-28,EDM,ANA,4.0,1.0,1.0,0.5239584742475798,0.5239584742475798,EDM,EDM,True
2025030125,2026-04-29,TBL,MTL,2.0,3.0,0.0,0.5680859978852838,0.5680859978852838,TBL,MTL,False
2025030146,2026-04-29,PHI,PIT,1.0,0.0,1.0,0.5713143781562866,0.5713143781562866,PHI,PHI,True
2025030175,2026-04-29,VGK,UTA,5.0,4.0,1.0,0.6254005726623656,0.6254005726623656,VGK,VGK,True
2025030166,2026-04-30,MIN,DAL,5.0,2.0,1.0,0.5629519068326321,0.5629519068326321,MIN,MIN,True
2025030186,2026-04-30,ANA,EDM,5.0,2.0,1.0,0.6260896340450766,0.6260896340450766,ANA,ANA,True
2025030116,2026-05-01,BOS,BUF,1.0,4.0,0.0,0.4479863533161674,0.4479863533161674,BUF,BUF,True
2025030126,2026-05-01,MTL,TBL,0.0,1.0,0.0,0.5316768527505584,0.5316768527505584,MTL,TBL,False
2025030176,2026-05-01,UTA,VGK,1.0,5.0,0.0,0.5052881637240911,0.5052881637240911,UTA,VGK,False
2025030221,2026-05-02,CAR,PHI,3.0,0.0,1.0,0.6416914887552454,0.6416914887552454,CAR,CAR,True
2025030127,2026-05-03,TBL,MTL,1.0,2.0,0.0,0.5779867898186669,0.5779867898186669,TBL,MTL,False
2025030231,2026-05-03,COL,MIN,9.0,6.0,1.0,0.6273513107285537,0.6273513107285537,COL,COL,True
2025030222,2026-05-04,CAR,PHI,3.0,2.0,1.0,0.6660767997225643,0.6660767997225643,CAR,CAR,True
2025030241,2026-05-04,VGK,ANA,3.0,1.0,1.0,0.5418673536991676,0.5418673536991676,VGK,VGK,True
2025030232,2026-05-05,COL,MIN,5.0,2.0,1.0,0.6504177577838613,0.6504177577838613,COL,COL,True
2025030211,2026-05-06,BUF,MTL,4.0,2.0,1.0,0.565361671806089,0.565361671806089,BUF,BUF,True
2025030242,2026-05-06,VGK,ANA,1.0,3.0,0.0,0.5309473196009595,0.5309473196009595,VGK,ANA,False
2025030223,2026-05-07,PHI,CAR,1.0,4.0,0.0,0.44621088658053254,0.44621088658053254,CAR,CAR,True
2025030212,2026-05-08,BUF,MTL,1.0,5.0,0.0,0.5707926544286042,0.5707926544286042,BUF,MTL,False
2025030243,2026-05-08,ANA,VGK,2.0,6.0,0.0,0.6274719272204439,0.6274719272204439,ANA,VGK,False
2025030224,2026-05-09,PHI,CAR,2.0,3.0,0.0,0.4160449552987951,0.4160449552987951,CAR,CAR,True
2025030233,2026-05-09,MIN,COL,5.0,1.0,1.0,0.462346353370201,0.462346353370201,COL,MIN,False
2025030213,2026-05-10,MTL,BUF,6.0,2.0,1.0,0.501438532491812,0.501438532491812,MTL,MTL,True
2025030244,2026-05-10,ANA,VGK,4.0,3.0,1.0,0.6238455085933006,0.6238455085933006,ANA,ANA,True
2025030234,2026-05-11,MIN,COL,2.0,5.0,0.0,0.48013687997699045,0.48013687997699045,COL,COL,True
2025030214,2026-05-12,MTL,BUF,2.0,3.0,0.0,0.54821666667735,0.54821666667735,MTL,BUF,False
2025030245,2026-05-12,VGK,ANA,3.0,2.0,1.0,0.5030021276011725,0.5030021276011725,VGK,VGK,True
2025030235,2026-05-13,COL,MIN,4.0,3.0,1.0,0.6508004966115889,0.6508004966115889,COL,COL,True
2025030215,2026-05-14,BUF,MTL,3.0,6.0,0.0,0.5122285272051471,0.5122285272051471,BUF,MTL,False
2025030246,2026-05-14,ANA,VGK,1.0,5.0,0.0,0.6139806164174809,0.6139806164174809,ANA,VGK,False
2025030216,2026-05-16,MTL,BUF,3.0,8.0,0.0,0.5681659993379107,0.5681659993379107,MTL,BUF,False
2025030217,2026-05-18,BUF,MTL,2.0,3.0,0.0,0.5627468592784621,0.5627468592784621,BUF,MTL,False
2025030321,2026-05-20,COL,VGK,2.0,4.0,0.0,0.630898327022438,0.630898327022438,COL,VGK,False
2025030311,2026-05-21,CAR,MTL,2.0,6.0,0.0,0.6642518606438702,0.6642518606438702,CAR,MTL,False
2025030322,2026-05-22,COL,VGK,1.0,3.0,0.0,0.6323249032547281,0.6323249032547281,COL,VGK,False
2025030312,2026-05-23,CAR,MTL,3.0,2.0,1.0,0.6300732273892813,0.6300732273892813,CAR,CAR,True
2025030323,2026-05-24,VGK,COL,5.0,3.0,1.0,0.47439980073053384,0.47439980073053384,COL,VGK,False
2025030313,2026-05-25,MTL,CAR,2.0,3.0,0.0,0.443798243423332,0.443798243423332,CAR,CAR,True
2025030324,2026-05-26,VGK,COL,2.0,1.0,1.0,0.4631588212475735,0.4631588212475735,COL,VGK,False
2025030314,2026-05-27,MTL,CAR,0.0,4.0,0.0,0.408009696287771,0.408009696287771,CAR,CAR,True
2025030315,2026-05-29,CAR,MTL,6.0,1.0,1.0,0.697465491662276,0.697465491662276,CAR,CAR,True
2025030411,2026-06-02,CAR,VGK,4.0,5.0,0.0,0.6101491165433479,0.6101491165433479,CAR,VGK,False
2025030412,2026-06-04,CAR,VGK,4.0,3.0,1.0,0.607563404578312,0.607563404578312,CAR,CAR,True
2025030413,2026-06-06,VGK,CAR,5.0,4.0,1.0,0.4641872068512379,0.4641872068512379,CAR,VGK,False
2025030414,2026-06-09,VGK,CAR,3.0,5.0,0.0,0.48613124486126935,0.48613124486126935,CAR,CAR,True
2025030415,2026-06-11,CAR,VGK,4.0,2.0,1.0,0.5608585861843437,0.5608585861843437,CAR,CAR,True
2025030416,2026-06-14,VGK,CAR,0.0,3.0,0.0,0.49310406755664615,0.49310406755664615,CAR,CAR,True
2026020009,2026-10-01,NJD,PHI,3.0,2.0,1.0,0.5604529710823407,0.5604529710823407,NJD,NJD,True
2026020010,2026-10-01,NYR,TBL,5.0,1.0,1.0,0.4284844693861357,0.4284844693861357,TBL,NYR,False
2026020011,2026-10-01,CBJ,BUF,6.0,3.0,1.0,0.4921419428503255,0.4921419428503255,BUF,CBJ,False
2026020012,2026-10-01,NSH,MIN,1.0,3.0,0.0,0.4921688149148017,0.4921688149148017,MIN,MIN,True
2026020013,2026-10-01,UTA,CHI,6.0,0.0,1.0,0.5451873107050305,0.5451873107050305,UTA,UTA,True
2026020014,2026-10-01,CGY,SEA,1.0,6.0,0.0,0.5158047553086959,0.5158047553086959,CGY,SEA,False
2026020015,2026-10-01,VAN,EDM,7.0,9.0,0.0,0.4307248340322457,0.4307248340322457,EDM,EDM,True
2026020016,2026-10-01,SJS,FLA,4.0,3.0,1.0,0.4991109370269639,0.4991109370269639,FLA,SJS,False
2026020017,2026-10-02,DET,NYR,0.0,2.0,0.0,0.4308585305245378,0.4308585305245378,NYR,NYR,True
2026020018,2026-10-02,CAR,WSH,2.0,5.0,0.0,0.6335624547045421,0.6335624547045421,CAR,WSH,False
2026020019,2026-10-02,WPG,BOS,3.0,4.0,0.0,0.5153967187952311,0.5153967187952311,WPG,BOS,False
2026020020,2026-10-02,DAL,STL,0.0,4.0,0.0,0.5671953156892575,0.5671953156892575,DAL,STL,False
2026020021,2026-10-02,VGK,ANA,3.0,4.0,0.0,0.4978268246820293,0.4978268246820293,ANA,ANA,True
2026020022,2026-10-03,BUF,CHI,4.0,3.0,1.0,0.6507093833837729,0.6507093833837729,BUF,BUF,True
2026020023,2026-10-03,TOR,OTT,2.0,3.0,0.0,0.464682316563694,0.464682316563694,OTT,OTT,True
2026020024,2026-10-03,TBL,WSH,3.0,1.0,1.0,0.6257599767133439,0.6257599767133439,TBL,TBL,True
2026020025,2026-10-03,PHI,CAR,2.0,3.0,0.0,0.425358481132917,0.425358481132917,CAR,CAR,True
2026020026,2026-10-03,PIT,MTL,6.0,5.0,1.0,0.5223150923642575,0.5223150923642575,PIT,PIT,True
2026020027,2026-10-03,CBJ,UTA,1.0,4.0,0.0,0.5914608805239507,0.5914608805239507,CBJ,UTA,False
2026020028,2026-10-03,EDM,SEA,3.0,1.0,1.0,0.5317174627737055,0.5317174627737055,EDM,EDM,True
2026020029,2026-10-03,NYI,NJD,6.0,0.0,1.0,0.43547812376621836,0.43547812376621836,NJD,NYI,False
2026020030,2026-10-03,NSH,DAL,2.0,1.0,1.0,0.5265036690004596,0.5265036690004596,NSH,NSH,True
2026020031,2026-10-03,MIN,BOS,4.0,1.0,1.0,0.6186100640176218,0.6186100640176218,MIN,MIN,True
2026020032,2026-10-03,COL,STL,6.0,1.0,1.0,0.57364520414567,0.57364520414567,COL,COL,True
2026020033,2026-10-03,VAN,CGY,4.0,1.0,1.0,0.45854036235911316,0.45854036235911316,CGY,VAN,False
2026020034,2026-10-03,SJS,LAK,5.0,4.0,1.0,0.646781531264661,0.646781531264661,SJS,SJS,True
2026020035,2026-10-04,DET,WPG,2.0,3.0,0.0,0.572112614372641,0.572112614372641,DET,WPG,False
2026020036,2026-10-04,NYR,UTA,4.0,2.0,1.0,0.5530484362370583,0.5530484362370583,NYR,NYR,True
