game_id,game_date,home_team,away_team,home_score,away_score,home_win,home_win_prob_model,home_win_prob_model_calibrated,model_pick,actual_winner,correct
20260925_ATL@MIA,2026-09-25,MIA,ATL,3,0,1.0,0.45556262135505676,0.4529,ATL,MIA,0
20260925_AZ@SD,2026-09-25,SD,AZ,4,11,0.0,0.5105985999107361,0.5,SD,AZ,0
20260925_BAL@NYY,2026-09-25,NYY,BAL,6,3,1.0,0.5300613641738892,0.5253,NYY,NYY,1
20260925_BAL@NYY_2,2026-09-25,NYY,BAL,2,10,0.0,0.5300613641738892,0.5253,NYY,BAL,0
20260925_CHC@BOS,2026-09-25,BOS,CHC,2,0,1.0,0.5274392366409302,0.5213,BOS,BOS,1
20260925_CHC@BOS_2,2026-09-25,BOS,CHC,4,3,1.0,0.5102273225784302,0.5,BOS,BOS,1
20260925_CIN@TOR,2026-09-25,TOR,CIN,6,5,1.0,0.5444487929344177,0.5471,TOR,TOR,1
20260925_CLE@KC,2026-09-25,KC,CLE,9,12,0.0,0.4984861016273498,0.5,CLE,CLE,1
20260925_COL@CWS,2026-09-25,CWS,COL,6,1,1.0,0.5613414645195007,0.5727,CWS,CWS,1
20260925_HOU@ATH,2026-09-25,ATH,HOU,6,5,1.0,0.4883460402488708,0.5,HOU,ATH,0
20260925_LAA@SEA,2026-09-25,SEA,LAA,5,7,0.0,0.5574856996536255,0.5669,SEA,LAA,0
20260925_LAD@SF,2026-09-25,SF,LAD,0,2,0.0,0.4936839044094086,0.5,LAD,LAD,1
20260925_NYM@WSH,2026-09-25,WSH,NYM,7,6,1.0,0.4922569692134857,0.5,NYM,WSH,0
20260925_PIT@DET,2026-09-25,DET,PIT,8,7,1.0,0.5220604538917542,0.5131,DET,DET,1
20260925_STL@MIL,2026-09-25,MIL,STL,8,4,1.0,0.5587618350982666,0.5688,MIL,MIL,1
20260925_TB@PHI,2026-09-25,PHI,TB,0,2,0.0,0.5359148979187012,0.5342,PHI,TB,0
20260925_TEX@MIN,2026-09-25,MIN,TEX,10,2,1.0,0.5220229625701904,0.513,MIN,MIN,1
20260924_AZ@COL,2026-09-24,COL,AZ,8,12,0.0,0.4888122081756591,0.5,AZ,AZ,1
20260924_CIN@ATL,2026-09-24,ATL,CIN,6,7,0.0,0.5904636979103088,0.6163,ATL,CIN,0
20260924_CLE@BOS,2026-09-24,BOS,CLE,0,1,0.0,0.5144233107566833,0.5015,BOS,CLE,0
20260924_CWS@KC,2026-09-24,KC,CWS,1,9,0.0,0.5454826354980469,0.5487,KC,CWS,0
20260924_HOU@ATH,2026-09-24,ATH,HOU,5,7,0.0,0.4794299006462098,0.4892,HOU,HOU,1
20260924_LAA@SEA,2026-09-24,SEA,LAA,4,6,0.0,0.5766938924789429,0.5958,SEA,LAA,0
20260924_MIA@CHC,2026-09-24,CHC,MIA,2,1,1.0,0.5477017164230347,0.552,CHC,CHC,1
20260924_MIL@PHI,2026-09-24,PHI,MIL,1,5,0.0,0.5122264623641968,0.5,PHI,MIL,0
20260924_NYM@TEX,2026-09-24,TEX,NYM,3,1,1.0,0.5254983305931091,0.5183,TEX,TEX,1
20260924_SD@LAD,2026-09-24,LAD,SD,2,4,0.0,0.5323154330253601,0.5287,LAD,SD,0
20260924_STL@PIT,2026-09-24,PIT,STL,2,1,1.0,0.5411643385887146,0.5421,PIT,PIT,1
20260924_TB@NYY,2026-09-24,NYY,TB,6,4,1.0,0.59120774269104,0.6174,NYY,NYY,1
20260923_AZ@COL,2026-09-23,COL,AZ,3,5,0.0,0.48256713151931757,0.494,AZ,AZ,1
20260923_CIN@ATL,2026-09-23,ATL,CIN,3,2,1.0,0.5904636979103088,0.6163,ATL,ATL,1
20260923_CLE@BOS,2026-09-23,BOS,CLE,1,0,1.0,0.48640331625938404,0.4998,CLE,BOS,0
20260923_CWS@KC,2026-09-23,KC,CWS,5,4,1.0,0.5586779713630676,0.5687,KC,KC,1
20260923_HOU@SEA,2026-09-23,SEA,HOU,6,5,1.0,0.5199486613273621,0.5099,SEA,SEA,1
20260923_LAA@ATH,2026-09-23,ATH,LAA,7,3,1.0,0.5299976468086243,0.5252,ATH,ATH,1
20260923_MIA@CHC,2026-09-23,CHC,MIA,2,3,0.0,0.5549275875091553,0.563,CHC,MIA,0
20260923_MIL@PHI,2026-09-23,PHI,MIL,1,4,0.0,0.5122264623641968,0.5,PHI,MIL,0
20260923_MIN@SF,2026-09-23,SF,MIN,2,4,0.0,0.5345421433448792,0.5321,SF,MIN,0
20260923_NYM@TEX,2026-09-23,TEX,NYM,2,7,0.0,0.5441513061523438,0.5467,TEX,NYM,0
20260923_SD@LAD,2026-09-23,LAD,SD,1,5,0.0,0.5674120187759399,0.5818,LAD,SD,0
20260923_STL@PIT,2026-09-23,PIT,STL,1,5,0.0,0.5339027047157288,0.5311,PIT,STL,0
20260923_TB@NYY,2026-09-23,NYY,TB,9,2,1.0,0.556398868560791,0.5652,NYY,NYY,1
20260923_TOR@BAL,2026-09-23,BAL,TOR,4,2,1.0,0.5406025052070618,0.5413,BAL,BAL,1
20260923_TOR@BAL_2,2026-09-23,BAL,TOR,4,2,1.0,0.5406025052070618,0.5413,BAL,BAL,1
20260923_WSH@DET,2026-09-23,DET,WSH,2,4,0.0,0.5313065052032471,0.5271,DET,WSH,0
20260922_AZ@COL,2026-09-22,COL,AZ,2,7,0.0,0.4883460402488708,0.5,AZ,AZ,1
20260922_CIN@ATL,2026-09-22,ATL,CIN,0,4,0.0,0.539128303527832,0.539,ATL,CIN,0
20260922_CLE@BOS,2026-09-22,BOS,CLE,2,3,0.0,0.49427920579910284,0.5,CLE,CLE,1
20260922_CWS@KC,2026-09-22,KC,CWS,11,14,0.0,0.5586779713630676,0.5687,KC,CWS,0
20260922_HOU@SEA,2026-09-22,SEA,HOU,0,7,0.0,0.5514340400695801,0.5577,SEA,HOU,0
20260922_LAA@ATH,2026-09-22,ATH,LAA,9,7,1.0,0.5555504560470581,0.5639,ATH,ATH,1
20260922_MIA@CHC,2026-09-22,CHC,MIA,2,8,0.0,0.5549275875091553,0.563,CHC,MIA,0
20260922_MIL@PHI,2026-09-22,PHI,MIL,6,4,1.0,0.5220947861671448,0.5131,PHI,PHI,1
20260922_MIN@SF,2026-09-22,SF,MIN,2,3,0.0,0.5211113095283508,0.5116,SF,MIN,0
20260922_NYM@TEX,2026-09-22,TEX,NYM,3,6,0.0,0.5275487303733826,0.5214,TEX,NYM,0
20260922_SD@LAD,2026-09-22,LAD,SD,7,0,1.0,0.5323154330253601,0.5287,LAD,LAD,1
20260922_STL@PIT,2026-09-22,PIT,STL,2,0,1.0,0.5339027047157288,0.5311,PIT,PIT,1
20260922_TB@NYY,2026-09-22,NYY,TB,1,6,0.0,0.5471404194831848,0.5512,NYY,TB,0
20260922_TB@NYY_2,2026-09-22,NYY,TB,2,0,1.0,0.5398929715156555,0.5402,NYY,NYY,1
20260922_WSH@DET,2026-09-22,DET,WSH,1,3,0.0,0.5568476319313049,0.5659,DET,WSH,0
20260921_MIN@SF,2026-09-21,SF,MIN,5,2,1.0,0.5077816843986511,0.5,SF,SF,1
20260921_TOR@BAL,2026-09-21,BAL,TOR,4,3,1.0,0.46406409144401556,0.4662,TOR,BAL,0
20260921_WSH@DET,2026-09-21,DET,WSH,9,2,1.0,0.5798273682594299,0.5991,DET,DET,1
20260920_ATH@CLE,2026-09-20,CLE,ATH,1,0,1.0,0.6150763630867004,0.6505,CLE,CLE,1
20260920_ATL@HOU,2026-09-20,HOU,ATL,2,4,0.0,0.5188761353492737,0.5083,HOU,ATL,0
20260920_BOS@TB,2026-09-20,TB,BOS,5,1,1.0,0.5179558396339417,0.5069,TB,TB,1
20260920_CHC@CIN,2026-09-20,CIN,CHC,1,9,0.0,0.45729607343673706,0.456,CHC,CHC,1
20260920_DET@CWS,2026-09-20,CWS,DET,8,1,1.0,0.41933369636535645,0.3996,DET,CWS,0
20260920_KC@PIT,2026-09-20,PIT,KC,4,3,1.0,0.5817276239395142,0.6019,PIT,PIT,1
20260920_MIA@SD,2026-09-20,SD,MIA,7,3,1.0,0.6511380672454834,0.7013,SD,SD,1
20260920_MIL@BAL,2026-09-20,BAL,MIL,0,3,0.0,0.45241957902908325,0.4488,MIL,MIL,1
20260920_MIN@LAA,2026-09-20,LAA,MIN,0,8,0.0,0.45488786697387695,0.4524,MIN,MIN,1
20260920_NYY@AZ,2026-09-20,AZ,NYY,8,4,1.0,0.4721058011054993,0.4782,NYY,AZ,0
20260920_PHI@NYM,2026-09-20,NYM,PHI,2,7,0.0,0.5413763523101807,0.542,NYM,PHI,0
20260920_SEA@COL,2026-09-20,COL,SEA,1,2,0.0,0.3855879604816437,0.3505,SEA,SEA,1
20260920_SF@LAD,2026-09-20,LAD,SF,3,1,1.0,0.6152645349502563,0.6508,LAD,LAD,1
20260920_TOR@TEX,2026-09-20,TEX,TOR,2,7,0.0,0.596320390701294,0.6233,TEX,TOR,0
20260920_WSH@STL,2026-09-20,STL,WSH,5,3,1.0,0.6236158013343811,0.6627,STL,STL,1
20260919_ATH@CLE,2026-09-19,CLE,ATH,12,6,1.0,0.6365370750427246,0.681,CLE,CLE,1
20260919_ATL@HOU,2026-09-19,HOU,ATL,3,6,0.0,0.5012361407279968,0.5,HOU,ATL,0
20260919_BOS@TB,2026-09-19,TB,BOS,2,1,1.0,0.5089885592460632,0.5,TB,TB,1
20260919_CHC@CIN,2026-09-19,CIN,CHC,2,5,0.0,0.47497507929801946,0.4825,CHC,CHC,1
20260919_DET@CWS,2026-09-19,CWS,DET,3,1,1.0,0.4073103368282318,0.382,DET,CWS,0
20260919_KC@PIT,2026-09-19,PIT,KC,6,5,1.0,0.5492145419120789,0.5537,PIT,PIT,1
20260919_MIA@SD,2026-09-19,SD,MIA,7,6,1.0,0.6231095790863036,0.662,SD,SD,1
20260919_MIL@BAL,2026-09-19,BAL,MIL,0,1,0.0,0.4638307988643647,0.4658,MIL,MIL,1
20260919_MIN@LAA,2026-09-19,LAA,MIN,6,5,1.0,0.5079279541969299,0.5,LAA,LAA,1
20260919_NYY@AZ,2026-09-19,AZ,NYY,5,3,1.0,0.4144360423088073,0.3924,NYY,AZ,0
20260919_PHI@NYM,2026-09-19,NYM,PHI,10,3,1.0,0.5555469393730164,0.5631,NYM,NYM,1
20260919_SEA@COL,2026-09-19,COL,SEA,5,3,1.0,0.45370155572891235,0.4507,SEA,COL,0
20260919_SF@LAD,2026-09-19,LAD,SF,10,4,1.0,0.6292303204536438,0.6707,LAD,LAD,1
20260919_TOR@TEX,2026-09-19,TEX,TOR,6,2,1.0,0.5342971086502075,0.5314,TEX,TEX,1
20260919_WSH@STL,2026-09-19,STL,WSH,5,8,0.0,0.6091078519821167,0.6419,STL,WSH,0
20260918_ATH@CLE,2026-09-18,CLE,ATH,5,3,1.0,0.64524906873703,0.6932,CLE,CLE,1
20260918_ATL@HOU,2026-09-18,HOU,ATL,2,6,0.0,0.5245410203933716,0.5168,HOU,ATL,0
20260918_BOS@TB,2026-09-18,TB,BOS,2,4,0.0,0.556256890296936,0.5642,TB,BOS,0
20260918_CHC@CIN,2026-09-18,CIN,CHC,6,4,1.0,0.5205980539321899,0.5109,CIN,CIN,1
20260918_DET@CWS,2026-09-18,CWS,DET,8,11,0.0,0.414773315191269,0.3929,DET,DET,1
20260918_KC@PIT,2026-09-18,PIT,KC,8,5,1.0,0.6186322569847107,0.6556,PIT,PIT,1
20260918_MIA@SD,2026-09-18,SD,MIA,8,2,1.0,0.6749089956283569,0.7336,SD,SD,1
20260918_MIL@BAL,2026-09-18,BAL,MIL,5,6,0.0,0.4483714401721955,0.4427,MIL,MIL,1
20260918_MIN@LAA,2026-09-18,LAA,MIN,0,3,0.0,0.44611698389053345,0.4394,MIN,MIN,1
20260918_NYY@AZ,2026-09-18,AZ,NYY,2,9,0.0,0.5004329681396484,0.5,AZ,NYY,0
20260918_PHI@NYM,2026-09-18,NYM,PHI,6,3,1.0,0.524044394493103,0.516,NYM,NYM,1
20260918_SEA@COL,2026-09-18,COL,SEA,4,5,0.0,0.3956302106380462,0.365,SEA,SEA,1
20260918_SF@LAD,2026-09-18,LAD,SF,8,2,1.0,0.6231785416603088,0.6621,LAD,LAD,1
20260918_TOR@TEX,2026-09-18,TEX,TOR,7,1,1.0,0.489465981721878,0.5,TOR,TEX,0
20260918_WSH@STL,2026-09-18,STL,WSH,1,9,0.0,0.58493971824646,0.6067,STL,WSH,0
20260917_ATH@TB,2026-09-17,TB,ATH,10,1,1.0,0.6690145134925841,0.7257,TB,TB,1
20260917_BOS@TEX,2026-09-17,TEX,BOS,3,4,0.0,0.43186575174331665,0.4182,BOS,BOS,1
20260917_DET@CWS,2026-09-17,CWS,DET,3,1,1.0,0.4292342066764832,0.4143,DET,CWS,0
20260917_KC@HOU,2026-09-17,HOU,KC,6,2,1.0,0.5489996075630188,0.5534,HOU,HOU,1
20260917_LAD@CIN,2026-09-17,CIN,LAD,2,8,0.0,0.3260163366794586,0.2677,LAD,LAD,1
20260917_MIL@PIT,2026-09-17,PIT,MIL,7,4,1.0,0.5280894637107849,0.5221,PIT,PIT,1
20260917_MIN@LAA,2026-09-17,LAA,MIN,5,4,1.0,0.5040163397789001,0.5,LAA,LAA,1
20260917_PHI@NYM,2026-09-17,NYM,PHI,0,3,0.0,0.5793139934539795,0.5984,NYM,PHI,0
20260917_SD@COL,2026-09-17,COL,SD,2,9,0.0,0.3145020306110382,0.2524,SD,SD,1
20260916_ATH@TB,2026-09-16,TB,ATH,4,3,1.0,0.6615428924560547,0.7156,TB,TB,1
20260916_ATL@CHC,2026-09-16,CHC,ATL,8,4,1.0,0.5398048162460328,0.5396,CHC,CHC,1
20260916_BAL@NYM,2026-09-16,NYM,BAL,1,7,0.0,0.40848714113235474,0.3837,BAL,BAL,1
20260916_BOS@TEX,2026-09-16,TEX,BOS,7,3,1.0,0.4750206470489502,0.4826,BOS,TEX,0
20260916_CWS@CLE,2026-09-16,CLE,CWS,6,3,1.0,0.6920811533927917,0.7561,CLE,CLE,1
20260916_DET@TOR,2026-09-16,TOR,DET,5,1,1.0,0.5067732334136963,0.5,TOR,TOR,1
20260916_KC@HOU,2026-09-16,HOU,KC,2,5,0.0,0.5465848445892334,0.5498,HOU,KC,0
20260916_LAD@CIN,2026-09-16,CIN,LAD,6,2,1.0,0.3104034960269928,0.2471,LAD,CIN,0
20260916_MIA@AZ,2026-09-16,AZ,MIA,3,4,0.0,0.4957601726055146,0.5,MIA,MIA,1
20260916_MIL@PIT,2026-09-16,PIT,MIL,4,5,0.0,0.4666524529457092,0.47,MIL,MIL,1
20260916_NYY@MIN,2026-09-16,MIN,NYY,5,4,1.0,0.44478067755699163,0.4374,NYY,MIN,0
20260916_PHI@WSH,2026-09-16,WSH,PHI,0,3,0.0,0.40252986550331116,0.375,PHI,PHI,1
20260916_SD@COL,2026-09-16,COL,SD,3,9,0.0,0.34255102276802063,0.29,SD,SD,1
20260916_SEA@LAA,2026-09-16,LAA,SEA,2,7,0.0,0.5023031830787659,0.5,LAA,SEA,0
20260916_SF@STL,2026-09-16,STL,SF,5,6,0.0,0.5311660170555115,0.5267,STL,SF,0
20260915_ATH@TB,2026-09-15,TB,ATH,2,1,1.0,0.6685075759887695,0.725,TB,TB,1
20260915_ATL@CHC,2026-09-15,CHC,ATL,3,6,0.0,0.5483562350273132,0.5524,CHC,ATL,0
20260915_BAL@NYM,2026-09-15,NYM,BAL,5,7,0.0,0.41712504625320435,0.3964,BAL,BAL,1
20260915_BOS@TEX,2026-09-15,TEX,BOS,4,2,1.0,0.5839324593544006,0.6052,TEX,TEX,1
20260915_CWS@CLE,2026-09-15,CLE,CWS,7,6,1.0,0.6465706825256348,0.695,CLE,CLE,1
20260915_DET@TOR,2026-09-15,TOR,DET,1,10,0.0,0.5295308232307434,0.5242,TOR,DET,0
20260915_KC@HOU,2026-09-15,HOU,KC,4,2,1.0,0.5300261974334717,0.525,HOU,HOU,1
20260915_LAD@CIN,2026-09-15,CIN,LAD,0,4,0.0,0.3898903429508209,0.3567,LAD,LAD,1
20260915_MIA@AZ,2026-09-15,AZ,MIA,2,4,0.0,0.5475181937217712,0.5511,AZ,MIA,0
20260915_MIL@PIT,2026-09-15,PIT,MIL,1,5,0.0,0.4590810537338257,0.4587,MIL,MIL,1
20260915_NYY@MIN,2026-09-15,MIN,NYY,1,8,0.0,0.38054695725440985,0.3432,NYY,NYY,1
20260915_PHI@WSH,2026-09-15,WSH,PHI,6,3,1.0,0.4121377170085907,0.389,PHI,WSH,0
20260915_SD@COL,2026-09-15,COL,SD,9,3,1.0,0.3187968134880066,0.2581,SD,COL,0
20260915_SEA@LAA,2026-09-15,LAA,SEA,2,1,1.0,0.48649555444717413,0.4998,SEA,LAA,0
20260915_SF@STL,2026-09-15,STL,SF,3,10,0.0,0.5387435555458069,0.538,STL,SF,0
20260914_ATL@CHC,2026-09-14,CHC,ATL,7,3,1.0,0.5600746273994446,0.5691,CHC,CHC,1
20260914_BAL@NYM,2026-09-14,NYM,BAL,1,2,0.0,0.46298220753669744,0.4653,BAL,BAL,1
20260914_CWS@CLE,2026-09-14,CLE,CWS,3,7,0.0,0.6442874073982239,0.6911,CLE,CWS,0
20260914_DET@TOR,2026-09-14,TOR,DET,5,6,0.0,0.5550848841667175,0.5617,TOR,DET,0
20260914_LAD@CIN,2026-09-14,CIN,LAD,1,4,0.0,0.42187833786010737,0.4041,LAD,LAD,1
20260914_MIA@AZ,2026-09-14,AZ,MIA,8,7,1.0,0.6503053903579712,0.6995,AZ,AZ,1
20260914_NYY@MIN,2026-09-14,MIN,NYY,3,8,0.0,0.42492589354515076,0.4086,NYY,NYY,1
20260914_SD@COL,2026-09-14,COL,SD,7,8,0.0,0.3759084641933441,0.3373,SD,SD,1
20260914_SEA@LAA,2026-09-14,LAA,SEA,6,4,1.0,0.5683318376541138,0.5814,LAA,LAA,1
20260914_SF@STL,2026-09-14,STL,SF,2,1,1.0,0.5153205394744873,0.5022,STL,STL,1
20260913_BAL@TOR,2026-09-13,TOR,BAL,8,1,1.0,0.5343647003173828,0.5307,TOR,TOR,1
20260913_CIN@MIL,2026-09-13,MIL,CIN,3,4,0.0,0.5608492493629456,0.5703,MIL,CIN,0
20260913_CLE@MIN,2026-09-13,MIN,CLE,2,9,0.0,0.39828598499298096,0.3695,CLE,CLE,1
20260913_COL@DET,2026-09-13,DET,COL,8,1,1.0,0.6575236916542053,0.7094,DET,DET,1
20260913_CWS@STL,2026-09-13,STL,CWS,3,1,1.0,0.544908344745636,0.5465,STL,STL,1
20260913_HOU@TB,2026-09-13,TB,HOU,14,4,1.0,0.5588012933731079,0.5672,TB,TB,1
20260913_KC@BOS,2026-09-13,BOS,KC,4,1,1.0,0.545944094657898,0.548,BOS,BOS,1
20260913_LAA@WSH,2026-09-13,WSH,LAA,6,5,1.0,0.5501236915588379,0.5543,WSH,WSH,1
20260913_LAD@MIA,2026-09-13,MIA,LAD,6,4,1.0,0.40321108698844904,0.3767,LAD,MIA,0
20260913_NYM@NYY,2026-09-13,NYY,NYM,2,0,1.0,0.6078659892082214,0.6394,NYY,NYY,1
20260913_PHI@ATL,2026-09-13,ATL,PHI,4,9,0.0,0.5181868672370911,0.5065,ATL,PHI,0
20260913_PIT@CHC,2026-09-13,CHC,PIT,3,4,0.0,0.5751955509185791,0.5916,CHC,PIT,0
20260913_SD@SF,2026-09-13,SF,SD,4,6,0.0,0.44974014163017273,0.4455,SD,SD,1
20260913_SEA@ATH,2026-09-13,ATH,SEA,8,7,1.0,0.5000320672988892,0.5,ATH,ATH,1
20260913_TEX@AZ,2026-09-13,AZ,TEX,6,7,0.0,0.5445635914802551,0.546,AZ,TEX,0
20260912_BAL@TOR,2026-09-12,TOR,BAL,7,3,1.0,0.5718229413032532,0.5866,TOR,TOR,1
20260912_CIN@MIL,2026-09-12,MIL,CIN,13,9,1.0,0.6404387950897217,0.6858,MIL,MIL,1
20260912_CLE@MIN,2026-09-12,MIN,CLE,4,3,1.0,0.34984537959098816,0.3007,CLE,MIN,0
20260912_COL@DET,2026-09-12,DET,COL,11,7,1.0,0.6691282987594604,0.7252,DET,DET,1
20260912_CWS@STL,2026-09-12,STL,CWS,5,6,0.0,0.5873235464096069,0.6094,STL,CWS,0
20260912_HOU@TB,2026-09-12,TB,HOU,3,2,1.0,0.5066860914230347,0.5,TB,TB,1
20260912_KC@BOS,2026-09-12,BOS,KC,5,1,1.0,0.5190593600273132,0.5078,BOS,BOS,1
20260912_LAA@WSH,2026-09-12,WSH,LAA,6,5,1.0,0.49229693412780756,0.5,LAA,WSH,0
20260912_LAD@MIA,2026-09-12,MIA,LAD,4,3,1.0,0.42275920510292053,0.4054,LAD,MIA,0
20260912_NYM@NYY,2026-09-12,NYY,NYM,2,12,0.0,0.5872690677642822,0.6094,NYY,NYM,0
20260912_PHI@ATL,2026-09-12,ATL,PHI,12,2,1.0,0.5206291079521179,0.5102,ATL,ATL,1
20260912_PIT@CHC,2026-09-12,CHC,PIT,4,3,1.0,0.5498037934303284,0.5538,CHC,CHC,1
20260912_SD@SF,2026-09-12,SF,SD,6,7,0.0,0.47255226969718933,0.4796,SD,SD,1
20260912_SEA@ATH,2026-09-12,ATH,SEA,1,19,0.0,0.508615255355835,0.5,ATH,SEA,0
20260912_TEX@AZ,2026-09-12,AZ,TEX,2,6,0.0,0.6501984596252441,0.6993,AZ,TEX,0
20260911_BAL@TOR,2026-09-11,TOR,BAL,4,7,0.0,0.5105707049369812,0.5,TOR,BAL,0
20260911_CIN@MIL,2026-09-11,MIL,CIN,20,0,1.0,0.6102138757705688,0.6428,MIL,MIL,1
20260911_CLE@MIN,2026-09-11,MIN,CLE,2,5,0.0,0.417316883802414,0.3974,CLE,CLE,1
20260911_COL@DET,2026-09-11,DET,COL,6,2,1.0,0.5861671566963196,0.6077,DET,DET,1
20260911_CWS@STL,2026-09-11,STL,CWS,7,3,1.0,0.6087161898612976,0.6406,STL,STL,1
20260911_HOU@TB,2026-09-11,TB,HOU,3,1,1.0,0.5334098935127259,0.5293,TB,TB,1
20260911_KC@BOS,2026-09-11,BOS,KC,2,3,0.0,0.586049497127533,0.6076,BOS,KC,0
20260911_LAA@WSH,2026-09-11,WSH,LAA,4,3,1.0,0.6023333668708801,0.6314,WSH,WSH,1
20260911_LAD@MIA,2026-09-11,MIA,LAD,2,6,0.0,0.3916902542114257,0.36,LAD,LAD,1
20260911_NYM@NYY,2026-09-11,NYY,NYM,6,4,1.0,0.5187832713127136,0.5074,NYY,NYY,1
20260911_PHI@ATL,2026-09-11,ATL,PHI,6,5,1.0,0.5006698369979858,0.5,ATL,ATL,1
20260911_PIT@CHC,2026-09-11,CHC,PIT,12,2,1.0,0.5058242082595825,0.5,CHC,CHC,1
20260911_SD@SF,2026-09-11,SF,SD,5,7,0.0,0.4562938213348388,0.4553,SD,SD,1
20260911_SEA@ATH,2026-09-11,ATH,SEA,6,5,1.0,0.4478129744529724,0.4426,SEA,ATH,0
20260911_TEX@AZ,2026-09-11,AZ,TEX,9,1,1.0,0.539076566696167,0.5378,AZ,AZ,1
20260910_COL@NYY,2026-09-10,NYY,COL,10,3,1.0,0.7115513682365417,0.7803,NYY,NYY,1
20260910_HOU@PHI,2026-09-10,PHI,HOU,1,2,0.0,0.5657547116279602,0.5776,PHI,HOU,0
20260910_PIT@CWS,2026-09-10,CWS,PIT,0,2,0.0,0.533541202545166,0.5295,CWS,PIT,0
20260910_TB@ATL,2026-09-10,ATL,TB,3,1,1.0,0.5687058568000793,0.5819,ATL,ATL,1
20260910_TEX@SEA,2026-09-10,SEA,TEX,4,3,1.0,0.5890820026397705,0.612,SEA,SEA,1
20260909_AZ@KC,2026-09-09,KC,AZ,5,2,1.0,0.4912534058094024,0.5,AZ,KC,0
20260909_CHC@MIL,2026-09-09,MIL,CHC,8,6,1.0,0.5322954058647156,0.5276,MIL,MIL,1
20260909_CIN@LAD,2026-09-09,LAD,CIN,14,1,1.0,0.6615201234817505,0.7149,LAD,LAD,1
20260909_CLE@BAL,2026-09-09,BAL,CLE,9,5,1.0,0.3940148055553436,0.3633,CLE,BAL,0
20260909_COL@NYY,2026-09-09,NYY,COL,6,1,1.0,0.7270491123199463,0.7993,NYY,NYY,1
20260909_HOU@PHI,2026-09-09,PHI,HOU,11,7,1.0,0.6050803661346436,0.6353,PHI,PHI,1
20260909_LAA@BOS,2026-09-09,BOS,LAA,4,6,0.0,0.6249146461486815,0.6639,BOS,LAA,0
20260909_MIN@DET,2026-09-09,DET,MIN,7,2,1.0,0.5286880135536194,0.5222,DET,DET,1
20260909_NYM@MIA,2026-09-09,MIA,NYM,14,15,0.0,0.43814057111740107,0.4282,NYM,NYM,1
20260909_PIT@CWS,2026-09-09,CWS,PIT,2,4,0.0,0.5495563745498657,0.5534,CWS,PIT,0
20260909_STL@SF,2026-09-09,SF,STL,7,6,1.0,0.47400486469268793,0.4818,STL,SF,0
20260909_TB@ATL,2026-09-09,ATL,TB,2,7,0.0,0.5613642334938049,0.571,ATL,TB,0
20260909_TEX@SEA,2026-09-09,SEA,TEX,3,2,1.0,0.6328884959220886,0.6752,SEA,SEA,1
20260909_TOR@ATH,2026-09-09,ATH,TOR,2,0,1.0,0.4381048977375031,0.4282,TOR,ATH,0
20260909_WSH@SD,2026-09-09,SD,WSH,9,2,1.0,0.638805627822876,0.6835,SD,SD,1
20260908_AZ@KC,2026-09-08,KC,AZ,3,5,0.0,0.45628550648689264,0.4553,AZ,AZ,1
20260908_CHC@MIL,2026-09-08,MIL,CHC,4,3,1.0,0.6388119459152222,0.6835,MIL,MIL,1
20260908_CIN@LAD,2026-09-08,LAD,CIN,3,2,1.0,0.6531357765197754,0.7034,LAD,LAD,1
20260908_CLE@BAL,2026-09-08,BAL,CLE,5,9,0.0,0.455191433429718,0.4537,CLE,CLE,1
20260908_COL@NYY,2026-09-08,NYY,COL,5,3,1.0,0.7496849894523621,0.826,NYY,NYY,1
20260908_HOU@PHI,2026-09-08,PHI,HOU,5,6,0.0,0.5607808232307434,0.5702,PHI,HOU,0
20260908_LAA@BOS,2026-09-08,BOS,LAA,1,6,0.0,0.5517818927764893,0.5568,BOS,LAA,0
20260908_MIN@DET,2026-09-08,DET,MIN,2,3,0.0,0.5259696245193481,0.5182,DET,MIN,0
20260908_NYM@MIA,2026-09-08,MIA,NYM,5,7,0.0,0.4732034802436829,0.4806,NYM,NYM,1
20260908_PIT@CWS,2026-09-08,CWS,PIT,3,9,0.0,0.5667686462402344,0.5791,CWS,PIT,0
20260908_STL@SF,2026-09-08,SF,STL,2,1,1.0,0.5047821998596191,0.5,SF,SF,1
20260908_TB@ATL,2026-09-08,ATL,TB,1,7,0.0,0.6010840535163879,0.6295,ATL,TB,0
20260908_TEX@SEA,2026-09-08,SEA,TEX,5,10,0.0,0.6096850633621216,0.642,SEA,TEX,0
20260908_TOR@ATH,2026-09-08,ATH,TOR,2,4,0.0,0.3962908089160919,0.3666,TOR,TOR,1
20260908_WSH@SD,2026-09-08,SD,WSH,5,4,1.0,0.5514263510704042,0.5562,SD,SD,1
20260907_ATL@PHI,2026-09-07,PHI,ATL,1,0,1.0,0.5747441649436951,0.5914,PHI,PHI,1
20260907_AZ@KC,2026-09-07,KC,AZ,4,5,0.0,0.5526560544967651,0.558,KC,AZ,0
20260907_CHC@MIL,2026-09-07,MIL,CHC,4,3,1.0,0.5575679540634155,0.5655,MIL,MIL,1
20260907_CIN@LAD,2026-09-07,LAD,CIN,6,3,1.0,0.5586317181587219,0.5671,LAD,LAD,1
20260907_CLE@BAL,2026-09-07,BAL,CLE,6,4,1.0,0.4904956817626953,0.5,CLE,BAL,0
20260907_LAA@BOS,2026-09-07,BOS,LAA,5,2,1.0,0.5795032382011412,0.5985,BOS,BOS,1
20260907_MIN@DET,2026-09-07,DET,MIN,5,4,1.0,0.5785218477249146,0.597,DET,DET,1
20260907_NYM@MIA,2026-09-07,MIA,NYM,4,9,0.0,0.4827933609485626,0.4959,NYM,NYM,1
20260907_STL@SF,2026-09-07,SF,STL,5,4,1.0,0.5044578313827515,0.5,SF,SF,1
20260907_TOR@ATH,2026-09-07,ATH,TOR,6,5,1.0,0.398878812789917,0.3693,TOR,ATH,0
20260907_WSH@SD,2026-09-07,SD,WSH,3,2,1.0,0.6273530721664429,0.669,SD,SD,1
20260906_ATH@SEA,2026-09-06,SEA,ATH,2,0,1.0,0.6123371720314026,0.6472,SEA,SEA,1
20260906_ATL@PHI,2026-09-06,PHI,ATL,4,5,0.0,0.5571098327636719,0.5648,PHI,ATL,0
20260906_AZ@HOU,2026-09-06,HOU,AZ,2,3,0.0,0.5369470715522766,0.5342,HOU,AZ,0
20260906_BOS@BAL,2026-09-06,BAL,BOS,1,3,0.0,0.4347893297672272,0.423,BOS,BOS,1
20260906_CHC@MIA,2026-09-06,MIA,CHC,10,3,1.0,0.46192702651023865,0.4641,CHC,MIA,0
20260906_DET@CLE,2026-09-06,CLE,DET,3,2,1.0,0.5948920845985413,0.6215,CLE,CLE,1
20260906_LAA@PIT,2026-09-06,PIT,LAA,1,0,1.0,0.5908599495887756,0.6155,PIT,PIT,1
20260906_MIL@CIN,2026-09-06,CIN,MIL,12,8,1.0,0.44486963748931885,0.4382,MIL,CIN,0
20260906_MIN@CWS,2026-09-06,CWS,MIN,10,1,1.0,0.5620412826538086,0.5722,CWS,CWS,1
20260906_NYY@SD,2026-09-06,SD,NYY,4,3,1.0,0.5300047397613525,0.5236,SD,SD,1
20260906_SF@NYM,2026-09-06,NYM,SF,4,2,1.0,0.5287725925445557,0.5217,NYM,NYM,1
20260906_STL@COL,2026-09-06,COL,STL,8,10,0.0,0.4119773209095002,0.3887,STL,STL,1
20260906_TB@TEX,2026-09-06,TEX,TB,8,6,1.0,0.5298172831535339,0.5233,TEX,TEX,1
20260906_TOR@KC,2026-09-06,KC,TOR,6,1,1.0,0.569894015789032,0.5841,KC,KC,1
20260906_WSH@LAD,2026-09-06,LAD,WSH,7,5,1.0,0.629264235496521,0.6717,LAD,LAD,1
20260905_ATH@SEA,2026-09-05,SEA,ATH,2,6,0.0,0.6287506818771362,0.671,SEA,ATH,0
20260905_ATL@PHI,2026-09-05,PHI,ATL,4,2,1.0,0.5786304473876953,0.5972,PHI,PHI,1
20260905_AZ@HOU,2026-09-05,HOU,AZ,3,4,0.0,0.5011589527130127,0.5,HOU,AZ,0
20260905_BOS@BAL,2026-09-05,BAL,BOS,0,5,0.0,0.478013813495636,0.4886,BOS,BOS,1
20260905_CHC@MIA,2026-09-05,MIA,CHC,5,6,0.0,0.4640696942806244,0.4674,CHC,CHC,1
20260905_DET@CLE,2026-09-05,CLE,DET,0,6,0.0,0.6043074131011963,0.6354,CLE,DET,0
20260905_LAA@PIT,2026-09-05,PIT,LAA,1,6,0.0,0.6360524296760559,0.6814,PIT,LAA,0
20260905_MIL@CIN,2026-09-05,CIN,MIL,5,3,1.0,0.38576570153236395,0.3501,MIL,CIN,0
20260905_MIN@CWS,2026-09-05,CWS,MIN,4,6,0.0,0.509827733039856,0.5,CWS,MIN,0
20260905_NYY@SD,2026-09-05,SD,NYY,1,5,0.0,0.5292279124259949,0.5224,SD,NYY,0
20260905_SF@NYM,2026-09-05,NYM,SF,5,9,0.0,0.5897718071937561,0.6139,NYM,SF,0
20260905_STL@COL,2026-09-05,COL,STL,10,7,1.0,0.46536195278167725,0.4694,STL,COL,0
20260905_TB@TEX,2026-09-05,TEX,TB,3,6,0.0,0.5405868887901306,0.5397,TEX,TB,0
20260905_TOR@KC,2026-09-05,KC,TOR,3,4,0.0,0.5154052972793579,0.5014,KC,TOR,0
20260905_WSH@LAD,2026-09-05,LAD,WSH,6,5,1.0,0.6167502999305725,0.6536,LAD,LAD,1
20260904_ATH@SEA,2026-09-04,SEA,ATH,6,7,0.0,0.650181233882904,0.7014,SEA,ATH,0
20260904_ATL@PHI,2026-09-04,PHI,ATL,2,5,0.0,0.5415424108505249,0.5411,PHI,ATL,0
20260904_AZ@HOU,2026-09-04,HOU,AZ,3,1,1.0,0.5196772217750549,0.5079,HOU,HOU,1
20260904_BOS@BAL,2026-09-04,BAL,BOS,0,1,0.0,0.4563380777835846,0.4556,BOS,BOS,1
20260904_CHC@MIA,2026-09-04,MIA,CHC,1,6,0.0,0.44532290101051336,0.4389,CHC,CHC,1
20260904_DET@CLE,2026-09-04,CLE,DET,7,6,1.0,0.5072203874588013,0.5,CLE,CLE,1
20260904_DET@CLE_2,2026-09-04,CLE,DET,4,3,1.0,0.5681593418121338,0.5815,CLE,CLE,1
20260904_LAA@PIT,2026-09-04,PIT,LAA,1,0,1.0,0.6342601180076599,0.6789,PIT,PIT,1
20260904_MIL@CIN,2026-09-04,CIN,MIL,7,10,0.0,0.452237218618393,0.4494,MIL,MIL,1
20260904_MIN@CWS,2026-09-04,CWS,MIN,4,1,1.0,0.5308355689048767,0.5249,CWS,CWS,1
20260904_NYY@SD,2026-09-04,SD,NYY,3,2,1.0,0.557990550994873,0.5661,SD,SD,1
20260904_SF@NYM,2026-09-04,NYM,SF,10,6,1.0,0.5294578671455383,0.5228,NYM,NYM,1
20260904_STL@COL,2026-09-04,COL,STL,6,7,0.0,0.41790255904197693,0.3976,STL,STL,1
20260904_TB@TEX,2026-09-04,TEX,TB,6,7,0.0,0.5063913464546204,0.5,TEX,TB,0
20260904_TOR@KC,2026-09-04,KC,TOR,2,9,0.0,0.5708186626434326,0.5855,KC,TOR,0
20260904_WSH@LAD,2026-09-04,LAD,WSH,5,3,1.0,0.6323488354682923,0.6761,LAD,LAD,1
20260903_ATH@SEA,2026-09-03,SEA,ATH,4,7,0.0,0.6137601137161255,0.6492,SEA,ATH,0
20260903_BOS@BAL,2026-09-03,BAL,BOS,5,6,0.0,0.45444488525390625,0.4528,BOS,BOS,1
20260903_CWS@HOU,2026-09-03,HOU,CWS,6,2,1.0,0.6267433762550354,0.6681,HOU,HOU,1
20260903_MIA@KC,2026-09-03,KC,MIA,7,3,1.0,0.5496979355812073,0.5535,KC,KC,1
20260903_MIL@CHC,2026-09-03,CHC,MIL,2,1,1.0,0.4788743257522583,0.4899,MIL,CHC,0
20260903_SF@PIT,2026-09-03,PIT,SF,5,2,1.0,0.5337744355201721,0.5293,PIT,PIT,1
20260903_STL@LAD,2026-09-03,LAD,STL,3,2,1.0,0.6036000847816467,0.6343,LAD,LAD,1
20260903_TB@TEX,2026-09-03,TEX,TB,6,0,1.0,0.5415367484092712,0.5411,TEX,TEX,1
20260903_TOR@CLE,2026-09-03,CLE,TOR,3,6,0.0,0.5458254814147949,0.5477,CLE,TOR,0
20260902_ATH@TEX,2026-09-02,TEX,ATH,2,9,0.0,0.609572172164917,0.6431,TEX,ATH,0
20260902_ATL@WSH,2026-09-02,WSH,ATL,0,9,0.0,0.42364928126335144,0.4062,ATL,ATL,1
20260902_BAL@COL,2026-09-02,COL,BAL,6,5,1.0,0.3717411756515503,0.3297,BAL,COL,0
20260902_CWS@HOU,2026-09-02,HOU,CWS,2,0,1.0,0.631806492805481,0.6754,HOU,HOU,1
20260902_DET@MIN,2026-09-02,MIN,DET,6,11,0.0,0.4852233827114105,0.4996,DET,DET,1
20260902_MIA@KC,2026-09-02,KC,MIA,6,9,0.0,0.4677044749259948,0.4729,MIA,MIA,1
20260902_MIL@CHC,2026-09-02,CHC,MIL,5,9,0.0,0.4213722646236419,0.4028,MIL,MIL,1
20260902_NYM@TB,2026-09-02,TB,NYM,4,10,0.0,0.5409911274909973,0.5403,TB,NYM,0
20260902_NYY@LAA,2026-09-02,LAA,NYY,3,6,0.0,0.38699448108673096,0.3519,NYY,NYY,1
20260902_PHI@AZ,2026-09-02,AZ,PHI,1,0,1.0,0.5092771649360657,0.5,AZ,AZ,1
20260902_SD@CIN,2026-09-02,CIN,SD,7,3,1.0,0.47101226449012756,0.478,SD,CIN,0
20260902_SEA@BOS,2026-09-02,BOS,SEA,3,8,0.0,0.5804446935653687,0.5999,BOS,SEA,0
20260902_SF@PIT,2026-09-02,PIT,SF,4,5,0.0,0.5213688611984253,0.5104,PIT,SF,0
20260902_STL@LAD,2026-09-02,LAD,STL,6,8,0.0,0.5424837470054626,0.5426,LAD,STL,0
20260902_TOR@CLE,2026-09-02,CLE,TOR,0,11,0.0,0.4223453402519226,0.4043,TOR,TOR,1
20260901_ATH@TEX,2026-09-01,TEX,ATH,8,5,1.0,0.6152784824371338,0.6515,TEX,TEX,1
20260901_ATL@WSH,2026-09-01,WSH,ATL,9,5,1.0,0.394349604845047,0.3626,ATL,WSH,0
20260901_BAL@COL,2026-09-01,COL,BAL,4,2,1.0,0.35269719362258906,0.3027,BAL,COL,0
20260901_CWS@HOU,2026-09-01,HOU,CWS,1,5,0.0,0.6042751669883728,0.6353,HOU,CWS,0
20260901_DET@MIN,2026-09-01,MIN,DET,15,2,1.0,0.5315899848937988,0.526,MIN,MIN,1
20260901_MIA@KC,2026-09-01,KC,MIA,3,6,0.0,0.5316486954689026,0.5261,KC,MIA,0
20260901_MIL@CHC,2026-09-01,CHC,MIL,4,9,0.0,0.5683838725090027,0.5818,CHC,MIL,0
20260901_NYM@TB,2026-09-01,TB,NYM,6,2,1.0,0.5545167922973633,0.5608,TB,TB,1
20260901_NYY@LAA,2026-09-01,LAA,NYY,3,7,0.0,0.37374380230903625,0.3326,NYY,NYY,1
20260901_PHI@AZ,2026-09-01,AZ,PHI,1,7,0.0,0.4702950119972229,0.4769,PHI,PHI,1
20260901_SD@CIN,2026-09-01,CIN,SD,4,3,1.0,0.4220790266990662,0.4039,SD,CIN,0
20260901_SEA@BOS,2026-09-01,BOS,SEA,6,9,0.0,0.6050857901573181,0.6365,BOS,SEA,0
20260901_SF@PIT,2026-09-01,PIT,SF,13,12,1.0,0.5187275409698486,0.5064,PIT,PIT,1
20260901_STL@LAD,2026-09-01,LAD,STL,8,13,0.0,0.5915619730949402,0.6165,LAD,STL,0
20260901_TOR@CLE,2026-09-01,CLE,TOR,6,1,1.0,0.5145872235298157,0.5001,CLE,CLE,1
20260831_ATH@TEX,2026-08-31,TEX,ATH,8,1,1.0,0.5666483044624329,0.5799,TEX,TEX,1
20260831_BAL@COL,2026-08-31,COL,BAL,1,2,0.0,0.3718405961990356,0.3302,BAL,BAL,1
20260831_CWS@HOU,2026-08-31,HOU,CWS,6,3,1.0,0.6039804220199585,0.635,HOU,HOU,1
20260831_DET@MIN,2026-08-31,MIN,DET,11,1,1.0,0.46776947379112244,0.4716,DET,MIN,0
20260831_MIA@WSH,2026-08-31,WSH,MIA,6,3,1.0,0.4571708738803863,0.4557,MIA,WSH,0
20260831_MIL@CHC,2026-08-31,CHC,MIL,17,3,1.0,0.5233597755432129,0.5151,CHC,CHC,1
20260831_NYM@TB,2026-08-31,TB,NYM,2,3,0.0,0.5682417750358582,0.5823,TB,NYM,0
20260831_NYY@LAA,2026-08-31,LAA,NYY,10,1,1.0,0.35179653763771057,0.3021,NYY,LAA,0
20260831_PHI@AZ,2026-08-31,AZ,PHI,1,2,0.0,0.522579550743103,0.5139,AZ,PHI,0
20260831_SD@CIN,2026-08-31,CIN,SD,0,5,0.0,0.39125788211822515,0.3581,SD,SD,1
20260831_SEA@BOS,2026-08-31,BOS,SEA,9,8,1.0,0.6065436601638795,0.6387,BOS,BOS,1
20260831_SF@ATL,2026-08-31,ATL,SF,3,7,0.0,0.5922759771347046,0.6179,ATL,SF,0
20260830_BAL@ATH,2026-08-30,ATH,BAL,5,8,0.0,0.36658427119255066,0.3228,BAL,BAL,1
20260830_BOS@NYY,2026-08-30,NYY,BOS,16,1,1.0,0.4561426341533661,0.4541,BOS,NYY,0
20260830_CIN@CHC,2026-08-30,CHC,CIN,5,7,0.0,0.5003056526184082,0.5,CHC,CIN,0
20260830_COL@ATL,2026-08-30,ATL,COL,3,2,1.0,0.6404975652694702,0.6872,ATL,ATL,1
20260830_CWS@MIN,2026-08-30,MIN,CWS,5,1,1.0,0.5177950263023376,0.5067,MIN,MIN,1
20260830_HOU@NYM,2026-08-30,NYM,HOU,3,6,0.0,0.5168787240982056,0.5053,NYM,HOU,0
20260830_KC@CLE,2026-08-30,CLE,KC,11,1,1.0,0.5937662720680237,0.6201,CLE,CLE,1
20260830_LAD@DET,2026-08-30,DET,LAD,1,6,0.0,0.38646358251571655,0.3512,LAD,LAD,1
20260830_MIA@WSH,2026-08-30,WSH,MIA,2,6,0.0,0.48204696178436274,0.4931,MIA,MIA,1
20260830_PHI@LAA,2026-08-30,LAA,PHI,2,5,0.0,0.3712777197360993,0.3294,PHI,PHI,1
20260830_PIT@STL,2026-08-30,STL,PIT,4,5,0.0,0.5596775412559509,0.5695,STL,PIT,0
20260830_SD@TB,2026-08-30,TB,SD,5,4,1.0,0.49413159489631653,0.5,SD,TB,0
20260830_SEA@TOR,2026-08-30,TOR,SEA,7,0,1.0,0.505897581577301,0.5,TOR,TOR,1
20260830_TEX@MIL,2026-08-30,MIL,TEX,4,7,0.0,0.6403246521949768,0.687,MIL,TEX,0
20260829_AZ@SF,2026-08-29,SF,AZ,1,7,0.0,0.5653018355369568,0.5779,SF,AZ,0
20260829_AZ@SF_2,2026-08-29,SF,AZ,7,2,1.0,0.45173302292823786,0.4475,AZ,SF,0
20260829_BAL@ATH,2026-08-29,ATH,BAL,3,5,0.0,0.41079941391944885,0.3867,BAL,BAL,1
20260829_BOS@NYY,2026-08-29,NYY,BOS,9,2,1.0,0.5512853264808655,0.557,NYY,NYY,1
20260829_BOS@NYY_2,2026-08-29,NYY,BOS,0,6,0.0,0.45772114396095276,0.4565,BOS,BOS,1
20260829_CIN@CHC,2026-08-29,CHC,CIN,17,5,1.0,0.6333773732185364,0.6772,CHC,CHC,1
20260829_COL@ATL,2026-08-29,ATL,COL,2,1,1.0,0.6567676067352295,0.7098,ATL,ATL,1
20260829_CWS@MIN,2026-08-29,MIN,CWS,2,3,0.0,0.5181605815887451,0.5072,MIN,CWS,0
20260829_HOU@NYM,2026-08-29,NYM,HOU,6,2,1.0,0.48598966002464294,0.499,HOU,NYM,0
20260829_KC@CLE,2026-08-29,CLE,KC,3,8,0.0,0.525750994682312,0.5187,CLE,KC,0
20260829_LAD@DET,2026-08-29,DET,LAD,2,1,1.0,0.41542577743530273,0.3935,LAD,DET,0
20260829_MIA@WSH,2026-08-29,WSH,MIA,5,4,1.0,0.48503929376602173,0.4976,MIA,WSH,0
20260829_PHI@LAA,2026-08-29,LAA,PHI,2,4,0.0,0.3478796184062958,0.2966,PHI,PHI,1
20260829_PIT@STL,2026-08-29,STL,PIT,2,6,0.0,0.5979613661766052,0.6262,STL,PIT,0
20260829_SD@TB,2026-08-29,TB,SD,7,6,1.0,0.5442783832550049,0.5465,TB,TB,1
20260829_SEA@TOR,2026-08-29,TOR,SEA,4,3,1.0,0.6156932711601257,0.6519,TOR,TOR,1
20260829_TEX@MIL,2026-08-29,MIL,TEX,5,3,1.0,0.6146307587623596,0.6504,MIL,MIL,1
20260828_AZ@SF,2026-08-28,SF,AZ,6,10,0.0,0.5144864916801453,0.5017,SF,AZ,0
20260828_BAL@ATH,2026-08-28,ATH,BAL,3,4,0.0,0.4200199544429779,0.4003,BAL,BAL,1
20260828_BOS@NYY,2026-08-28,NYY,BOS,1,0,1.0,0.48317176103591924,0.4948,BOS,NYY,0
20260828_CIN@CHC,2026-08-28,CHC,CIN,8,10,0.0,0.6458507776260376,0.6947,CHC,CIN,0
20260828_COL@ATL,2026-08-28,ATL,COL,6,4,1.0,0.7088876366615295,0.7784,ATL,ATL,1
20260828_CWS@MIN,2026-08-28,MIN,CWS,4,7,0.0,0.5958971977233887,0.6232,MIN,CWS,0
20260828_HOU@NYM,2026-08-28,NYM,HOU,1,3,0.0,0.49919307231903076,0.5,HOU,HOU,1
20260828_KC@CLE,2026-08-28,CLE,KC,0,3,0.0,0.5708216428756714,0.5862,CLE,KC,0
20260828_LAD@DET,2026-08-28,DET,LAD,1,2,0.0,0.3946717977523803,0.3631,LAD,LAD,1
20260828_MIA@WSH,2026-08-28,WSH,MIA,9,2,1.0,0.4153146743774414,0.3933,MIA,WSH,0
20260828_PHI@LAA,2026-08-28,LAA,PHI,3,5,0.0,0.36603599786758423,0.322,PHI,PHI,1
20260828_PIT@STL,2026-08-28,STL,PIT,4,1,1.0,0.5379579067230225,0.537,STL,STL,1
20260828_SD@TB,2026-08-28,TB,SD,9,4,1.0,0.49047124385833746,0.5,SD,TB,0
20260828_SEA@TOR,2026-08-28,TOR,SEA,8,1,1.0,0.6318480968475342,0.675,TOR,TOR,1
20260828_TEX@MIL,2026-08-28,MIL,TEX,6,1,1.0,0.6575166583061218,0.7108,MIL,MIL,1
20260827_AZ@SF,2026-08-27,SF,AZ,6,1,1.0,0.4635565876960754,0.4653,AZ,SF,0
20260827_BAL@STL,2026-08-27,STL,BAL,7,5,1.0,0.5174699425697327,0.5062,STL,STL,1
20260827_COL@WSH,2026-08-27,WSH,COL,7,1,1.0,0.5660521984100342,0.5791,WSH,WSH,1
20260827_HOU@NYY,2026-08-27,NYY,HOU,1,5,0.0,0.5748242735862732,0.5921,NYY,HOU,0
20260827_KC@TOR,2026-08-27,TOR,KC,2,13,0.0,0.5080397725105285,0.5,TOR,KC,0
20260827_LAD@ATL,2026-08-27,ATL,LAD,1,0,1.0,0.511663019657135,0.5,ATL,ATL,1
20260827_MIL@NYM,2026-08-27,NYM,MIL,2,8,0.0,0.3701547384262085,0.3278,MIL,MIL,1
20260826_BAL@STL,2026-08-26,STL,BAL,7,8,0.0,0.4526488482952118,0.4489,BAL,BAL,1
20260826_BOS@MIA,2026-08-26,MIA,BOS,4,0,1.0,0.37796345353126526,0.339,BOS,MIA,0
20260826_CHC@AZ,2026-08-26,AZ,CHC,2,0,1.0,0.530340313911438,0.5256,AZ,AZ,1
20260826_CIN@SF,2026-08-26,SF,CIN,9,10,0.0,0.5901392102241516,0.6147,SF,CIN,0
20260826_CLE@LAA,2026-08-26,LAA,CLE,3,4,0.0,0.351309597492218,0.3014,CLE,CLE,1
20260826_COL@WSH,2026-08-26,WSH,COL,1,13,0.0,0.5988475680351257,0.6275,WSH,COL,0
20260826_HOU@NYY,2026-08-26,NYY,HOU,9,3,1.0,0.5930549502372742,0.619,NYY,NYY,1
20260826_KC@TOR,2026-08-26,TOR,KC,3,0,1.0,0.559518039226532,0.5693,TOR,TOR,1
20260826_LAD@ATL,2026-08-26,ATL,LAD,6,5,1.0,0.4550003111362457,0.4524,LAD,ATL,0
20260826_MIL@NYM,2026-08-26,NYM,MIL,1,8,0.0,0.45748934149742126,0.4562,MIL,MIL,1
20260826_MIN@ATH,2026-08-26,ATH,MIN,7,4,1.0,0.43289053440093994,0.4194,MIN,ATH,0
20260826_PHI@SEA,2026-08-26,SEA,PHI,0,6,0.0,0.5305103063583374,0.5258,SEA,PHI,0
20260826_PIT@SD,2026-08-26,SD,PIT,3,0,1.0,0.6371323466300964,0.6825,SD,SD,1
20260826_TB@DET,2026-08-26,DET,TB,0,3,0.0,0.5230827331542969,0.5146,DET,TB,0
20260826_TEX@CWS,2026-08-26,CWS,TEX,10,4,1.0,0.5160073637962341,0.504,CWS,CWS,1
20260825_BAL@STL,2026-08-25,STL,BAL,1,13,0.0,0.5385097861289978,0.5378,STL,BAL,0
20260825_BOS@MIA,2026-08-25,MIA,BOS,3,7,0.0,0.3696238994598388,0.3271,BOS,BOS,1
20260825_CHC@AZ,2026-08-25,AZ,CHC,5,4,1.0,0.5252894759178162,0.518,AZ,AZ,1
20260825_CIN@SF,2026-08-25,SF,CIN,3,1,1.0,0.542664647102356,0.5441,SF,SF,1
20260825_CLE@LAA,2026-08-25,LAA,CLE,6,8,0.0,0.34831130504608154,0.2972,CLE,CLE,1
20260825_COL@WSH,2026-08-25,WSH,COL,1,3,0.0,0.5705491900444031,0.5857,WSH,COL,0
20260825_HOU@NYY,2026-08-25,NYY,HOU,7,9,0.0,0.5479922890663147,0.5521,NYY,HOU,0
20260825_KC@TOR,2026-08-25,TOR,KC,3,5,0.0,0.572080969810486,0.588,TOR,KC,0
20260825_LAD@ATL,2026-08-25,ATL,LAD,4,3,1.0,0.4174680113792419,0.3965,LAD,ATL,0
20260825_MIL@NYM,2026-08-25,NYM,MIL,3,2,1.0,0.47661927342414856,0.4849,MIL,NYM,0
20260825_MIN@ATH,2026-08-25,ATH,MIN,4,2,1.0,0.4358431696891784,0.4238,MIN,ATH,0
20260825_PHI@SEA,2026-08-25,SEA,PHI,4,1,1.0,0.49972465634346,0.5,PHI,SEA,0
20260825_PIT@SD,2026-08-25,SD,PIT,0,1,0.0,0.6580567955970764,0.7115,SD,PIT,0
20260825_TB@DET,2026-08-25,DET,TB,4,1,1.0,0.609103798866272,0.6424,DET,DET,1
20260825_TEX@CWS,2026-08-25,CWS,TEX,11,7,1.0,0.5503522753715515,0.5556,CWS,CWS,1
20260824_BOS@MIA,2026-08-24,MIA,BOS,2,4,0.0,0.39306345582008356,0.3624,BOS,BOS,1
20260824_CHC@AZ,2026-08-24,AZ,CHC,0,7,0.0,0.517906665802002,0.5071,AZ,CHC,0
20260824_CIN@SF,2026-08-24,SF,CIN,5,0,1.0,0.5135995745658875,0.5008,SF,SF,1
20260824_CLE@LAA,2026-08-24,LAA,CLE,2,4,0.0,0.39965781569480896,0.3719,CLE,CLE,1
20260824_COL@WSH,2026-08-24,WSH,COL,13,3,1.0,0.5810917615890503,0.6002,WSH,WSH,1
20260824_MIN@ATH,2026-08-24,ATH,MIN,6,9,0.0,0.46905234456062317,0.4736,MIN,MIN,1
20260824_PHI@SEA,2026-08-24,SEA,PHI,9,2,1.0,0.4800271987915039,0.4898,PHI,SEA,0
20260824_PIT@SD,2026-08-24,SD,PIT,2,3,0.0,0.627541720867157,0.6668,SD,PIT,0
20260824_TB@DET,2026-08-24,DET,TB,1,4,0.0,0.5126228332519531,0.5,DET,TB,0
20260824_TEX@CWS,2026-08-24,CWS,TEX,2,11,0.0,0.5364003777503967,0.5345,CWS,TEX,0
20260823_ATH@HOU,2026-08-23,HOU,ATH,6,7,0.0,0.5849412083625793,0.6058,HOU,ATH,0
20260823_ATL@MIL,2026-08-23,MIL,ATL,2,4,0.0,0.5487064719200134,0.5527,MIL,ATL,0
20260823_CHC@SEA,2026-08-23,SEA,CHC,2,19,0.0,0.5418886542320251,0.5426,SEA,CHC,0
20260823_CIN@AZ,2026-08-23,AZ,CIN,5,3,1.0,0.5345333814620972,0.5317,AZ,AZ,1
20260823_CLE@COL,2026-08-23,COL,CLE,2,7,0.0,0.4146599173545838,0.3936,CLE,CLE,1
20260823_DET@KC,2026-08-23,KC,DET,11,7,1.0,0.5217833518981934,0.5129,KC,KC,1
20260823_LAA@TEX,2026-08-23,TEX,LAA,5,3,1.0,0.6371178030967712,0.6802,TEX,TEX,1
20260823_MIN@SD,2026-08-23,SD,MIN,8,1,1.0,0.6262950301170349,0.6651,SD,SD,1
20260823_NYM@CWS,2026-08-23,CWS,NYM,2,1,1.0,0.4601027965545655,0.4603,NYM,CWS,0
20260823_PIT@LAD,2026-08-23,LAD,PIT,4,0,1.0,0.6296136379241943,0.6697,LAD,LAD,1
20260823_SF@BOS,2026-08-23,BOS,SF,5,4,1.0,0.6126847863197327,0.6458,BOS,BOS,1
20260823_STL@PHI,2026-08-23,PHI,STL,6,4,1.0,0.5753083825111389,0.5918,PHI,PHI,1
20260823_TB@BAL,2026-08-23,BAL,TB,1,3,0.0,0.5228478312492371,0.5144,BAL,TB,0
20260823_TOR@NYY,2026-08-23,NYY,TOR,8,3,1.0,0.5168027877807617,0.5055,NYY,NYY,1
20260823_WSH@MIA,2026-08-23,MIA,WSH,6,2,1.0,0.4831104576587677,0.4944,WSH,MIA,0
20260822_ATH@HOU,2026-08-22,HOU,ATH,3,4,0.0,0.5849905610084534,0.6059,HOU,ATH,0
20260822_ATL@MIL,2026-08-22,MIL,ATL,4,1,1.0,0.5667070746421814,0.5792,MIL,MIL,1
20260822_CHC@SEA,2026-08-22,SEA,CHC,5,4,1.0,0.48187658190727234,0.4925,CHC,SEA,0
20260822_CIN@AZ,2026-08-22,AZ,CIN,5,11,0.0,0.5922029614448547,0.6164,AZ,CIN,0
20260822_CLE@COL,2026-08-22,COL,CLE,3,4,0.0,0.3817429840564728,0.3463,CLE,CLE,1
20260822_DET@KC,2026-08-22,KC,DET,3,1,1.0,0.4828489422798157,0.494,DET,KC,0
20260822_LAA@TEX,2026-08-22,TEX,LAA,0,3,0.0,0.6467660665512086,0.6936,TEX,LAA,0
20260822_MIN@SD,2026-08-22,SD,MIN,7,5,1.0,0.572308838367462,0.5874,SD,SD,1
20260822_NYM@CWS,2026-08-22,CWS,NYM,5,10,0.0,0.42124503850936884,0.4032,NYM,NYM,1
20260822_PIT@LAD,2026-08-22,LAD,PIT,4,3,1.0,0.640465259552002,0.6849,LAD,LAD,1
20260822_SF@BOS,2026-08-22,BOS,SF,3,2,1.0,0.5591230988502502,0.568,BOS,BOS,1
20260822_STL@PHI,2026-08-22,PHI,STL,12,3,1.0,0.5352038145065308,0.5327,PHI,PHI,1
20260822_TB@BAL,2026-08-22,BAL,TB,3,2,1.0,0.44245702028274536,0.4343,TB,BAL,0
20260822_TOR@NYY,2026-08-22,NYY,TOR,3,4,0.0,0.4814694821834564,0.4919,TOR,TOR,1
20260822_WSH@MIA,2026-08-22,MIA,WSH,4,2,1.0,0.4832463562488556,0.4946,WSH,MIA,0
20260821_ATH@HOU,2026-08-21,HOU,ATH,4,0,1.0,0.5686063170433044,0.582,HOU,HOU,1
20260821_ATL@MIL,2026-08-21,MIL,ATL,2,1,1.0,0.6414735913276672,0.6863,MIL,MIL,1
20260821_CHC@SEA,2026-08-21,SEA,CHC,6,5,1.0,0.47525078058242803,0.4827,CHC,SEA,0
20260821_CIN@AZ,2026-08-21,AZ,CIN,9,0,1.0,0.5550827980041504,0.5621,AZ,AZ,1
20260821_CLE@COL,2026-08-21,COL,CLE,1,9,0.0,0.4187155365943908,0.3995,CLE,CLE,1
20260821_DET@KC,2026-08-21,KC,DET,5,2,1.0,0.47026136517524714,0.4753,DET,KC,0
20260821_LAA@TEX,2026-08-21,TEX,LAA,2,1,1.0,0.6406629085540771,0.6851,TEX,TEX,1
20260821_MIN@SD,2026-08-21,SD,MIN,6,2,1.0,0.5893607139587402,0.6123,SD,SD,1
20260821_NYM@CWS,2026-08-21,CWS,NYM,6,4,1.0,0.49429264664649963,0.5,NYM,CWS,0
20260821_PIT@LAD,2026-08-21,LAD,PIT,5,4,1.0,0.5978874564170837,0.6246,LAD,LAD,1
20260821_SF@BOS,2026-08-21,BOS,SF,6,4,1.0,0.5964282155036926,0.6225,BOS,BOS,1
20260821_STL@PHI,2026-08-21,PHI,STL,7,6,1.0,0.5431384444236755,0.5445,PHI,PHI,1
20260821_TB@BAL,2026-08-21,BAL,TB,5,3,1.0,0.4583187103271485,0.4577,TB,BAL,0
20260821_TOR@NYY,2026-08-21,NYY,TOR,3,1,1.0,0.5280907154083252,0.5222,NYY,NYY,1
20260821_WSH@MIA,2026-08-21,MIA,WSH,3,2,1.0,0.49668762087821955,0.5,WSH,MIA,0
20260820_ATH@KC,2026-08-20,KC,ATH,6,2,1.0,0.5716374516487123,0.5864,KC,KC,1
20260820_ATL@CWS,2026-08-20,CWS,ATL,0,2,0.0,0.44308361411094666,0.4352,ATL,ATL,1
20260820_LAA@HOU,2026-08-20,HOU,LAA,3,18,0.0,0.5932713747024536,0.6179,HOU,LAA,0
20260820_NYY@BAL,2026-08-20,BAL,NYY,1,6,0.0,0.44053307175636286,0.4314,NYY,NYY,1
20260820_SEA@MIL,2026-08-20,MIL,SEA,7,4,1.0,0.6209639310836792,0.6576,MIL,MIL,1
20260820_SF@CLE,2026-08-20,CLE,SF,5,2,1.0,0.6060001254081726,0.6363,CLE,CLE,1
20260820_STL@CIN,2026-08-20,CIN,STL,9,10,0.0,0.5372502207756042,0.5358,CIN,STL,0
20260820_TOR@TB,2026-08-20,TB,TOR,1,5,0.0,0.5486665368080139,0.5526,TB,TOR,0
20260820_WSH@TEX,2026-08-20,TEX,WSH,2,0,1.0,0.5487353205680847,0.5527,TEX,TEX,1
20260819_ATH@KC,2026-08-19,KC,ATH,9,7,1.0,0.5692762732505798,0.583,KC,KC,1
20260819_ATL@MIN,2026-08-19,MIN,ATL,6,4,1.0,0.4626799523830414,0.4641,ATL,MIN,0
20260819_AZ@BOS,2026-08-19,BOS,AZ,6,7,0.0,0.4961727559566498,0.5,AZ,AZ,1
20260819_CWS@CHC,2026-08-19,CHC,CWS,0,3,0.0,0.6552507281303405,0.7052,CHC,CWS,0
20260819_DET@PIT,2026-08-19,PIT,DET,4,3,1.0,0.5252373814582826,0.518,PIT,PIT,1
20260819_LAA@HOU,2026-08-19,HOU,LAA,3,2,1.0,0.5812558531761169,0.6005,HOU,HOU,1
20260819_LAD@COL,2026-08-19,COL,LAD,4,6,0.0,0.3809114396572113,0.3451,LAD,LAD,1
20260819_MIA@PHI,2026-08-19,PHI,MIA,4,1,1.0,0.5331928133964539,0.5298,PHI,PHI,1
20260819_NYY@BAL,2026-08-19,BAL,NYY,3,5,0.0,0.4479217231273651,0.4423,NYY,NYY,1
20260819_SD@NYM,2026-08-19,NYM,SD,4,2,1.0,0.47849971055984497,0.4875,SD,NYM,0
20260819_SEA@MIL,2026-08-19,MIL,SEA,5,7,0.0,0.632703959941864,0.6741,MIL,SEA,0
20260819_SF@CLE,2026-08-19,CLE,SF,0,1,0.0,0.5890675187110901,0.6118,CLE,SF,0
20260819_STL@CIN,2026-08-19,CIN,STL,5,4,1.0,0.5231378674507141,0.5149,CIN,CIN,1
20260819_TOR@TB,2026-08-19,TB,TOR,7,6,1.0,0.5608319044113159,0.5706,TB,TB,1
20260819_WSH@TEX,2026-08-19,TEX,WSH,0,6,0.0,0.5165033936500549,0.5051,TEX,WSH,0
20260818_ATH@KC,2026-08-18,KC,ATH,4,3,1.0,0.5470330715179443,0.5502,KC,KC,1
20260818_ATL@MIN,2026-08-18,MIN,ATL,4,1,1.0,0.4360339045524597,0.4248,ATL,MIN,0
20260818_AZ@BOS,2026-08-18,BOS,AZ,9,4,1.0,0.5288210511207581,0.5233,BOS,BOS,1
20260818_CWS@CHC,2026-08-18,CHC,CWS,4,3,1.0,0.6133652329444885,0.6468,CHC,CHC,1
20260818_DET@PIT,2026-08-18,PIT,DET,4,1,1.0,0.5124231576919556,0.5,PIT,PIT,1
20260818_LAA@HOU,2026-08-18,HOU,LAA,1,3,0.0,0.6017143726348877,0.6301,HOU,LAA,0
20260818_LAD@COL,2026-08-18,COL,LAD,6,7,0.0,0.3817112147808075,0.3462,LAD,LAD,1
20260818_MIA@PHI,2026-08-18,PHI,MIA,6,4,1.0,0.5969412922859191,0.6232,PHI,PHI,1
20260818_NYY@BAL,2026-08-18,BAL,NYY,1,3,0.0,0.459641695022583,0.4596,NYY,NYY,1
20260818_SD@NYM,2026-08-18,NYM,SD,2,5,0.0,0.5232059359550476,0.515,NYM,SD,0
20260818_SEA@MIL,2026-08-18,MIL,SEA,22,0,1.0,0.6289323568344116,0.6688,MIL,MIL,1
20260818_SF@CLE,2026-08-18,CLE,SF,8,1,1.0,0.5877035856246948,0.6099,CLE,CLE,1
20260818_STL@CIN,2026-08-18,CIN,STL,0,3,0.0,0.5142654180526733,0.5017,CIN,STL,0
20260818_TOR@TB,2026-08-18,TB,TOR,5,10,0.0,0.570944607257843,0.5854,TB,TOR,0
20260818_WSH@TEX,2026-08-18,TEX,WSH,5,0,1.0,0.519926905632019,0.5101,TEX,TEX,1
20260817_ATH@KC,2026-08-17,KC,ATH,9,5,1.0,0.5306578874588013,0.5262,KC,KC,1
20260817_ATL@MIN,2026-08-17,MIN,ATL,4,2,1.0,0.5251744389533997,0.5181,MIN,MIN,1
20260817_AZ@BOS,2026-08-17,BOS,AZ,11,1,1.0,0.5393801927566528,0.5391,BOS,BOS,1
20260817_BAL@TB,2026-08-17,TB,BAL,7,6,1.0,0.5306578874588013,0.5262,TB,TB,1
20260817_CWS@CHC,2026-08-17,CHC,CWS,7,5,1.0,0.5306578874588013,0.5262,CHC,CHC,1
20260817_DET@PIT,2026-08-17,PIT,DET,5,8,0.0,0.5306578874588013,0.5262,PIT,DET,0
20260817_LAD@COL,2026-08-17,COL,LAD,5,11,0.0,0.5152477025985718,0.5035,COL,LAD,0
20260817_MIA@PHI,2026-08-17,PHI,MIA,6,5,1.0,0.5306578874588013,0.5262,PHI,PHI,1
20260817_SD@NYM,2026-08-17,NYM,SD,2,1,1.0,0.5306578874588013,0.5262,NYM,NYM,1
20260817_STL@CIN,2026-08-17,CIN,STL,1,2,0.0,0.5152477025985718,0.5035,CIN,STL,0
20260817_STL@CIN_2,2026-08-17,CIN,STL,6,5,1.0,0.5152477025985718,0.5035,CIN,CIN,1
20260816_AZ@ATL,2026-08-16,ATL,AZ,5,3,1.0,0.5306578874588013,0.5262,ATL,ATL,1
20260816_BAL@TB,2026-08-16,TB,BAL,2,10,0.0,0.5306578874588013,0.5262,TB,BAL,0
20260816_BOS@PIT,2026-08-16,PIT,BOS,8,3,1.0,0.5306578874588013,0.5262,PIT,PIT,1
20260816_COL@SF,2026-08-16,SF,COL,7,13,0.0,0.5393801927566528,0.5391,SF,COL,0
20260816_CWS@DET,2026-08-16,DET,CWS,5,7,0.0,0.5306578874588013,0.5262,DET,CWS,0
20260816_KC@LAA,2026-08-16,LAA,KC,0,3,0.0,0.5152477025985718,0.5035,LAA,KC,0
20260816_MIA@CIN,2026-08-16,CIN,MIA,1,7,0.0,0.5251744389533997,0.5181,CIN,MIA,0
20260816_MIL@LAD,2026-08-16,LAD,MIL,2,6,0.0,0.5393801927566528,0.5391,LAD,MIL,0
20260816_NYY@TOR,2026-08-16,TOR,NYY,3,4,0.0,0.5306578874588013,0.5262,TOR,NYY,0
20260816_PHI@MIN,2026-08-16,MIN,PHI,5,7,0.0,0.5251744389533997,0.5181,MIN,PHI,0
20260816_SD@CLE,2026-08-16,CLE,SD,0,5,0.0,0.5306578874588013,0.5262,CLE,SD,0
20260816_SEA@HOU,2026-08-16,HOU,SEA,2,3,0.0,0.5306578874588013,0.5262,HOU,SEA,0
20260816_STL@CHC,2026-08-16,CHC,STL,4,11,0.0,0.5393801927566528,0.5391,CHC,STL,0
20260816_TEX@ATH,2026-08-16,ATH,TEX,5,2,1.0,0.5152477025985718,0.5035,ATH,ATH,1
20260816_WSH@NYM,2026-08-16,NYM,WSH,4,3,1.0,0.5306578874588013,0.5262,NYM,NYM,1
20260815_AZ@ATL,2026-08-15,ATL,AZ,3,10,0.0,0.5306578874588013,0.5262,ATL,AZ,0
20260815_BAL@TB,2026-08-15,TB,BAL,3,4,0.0,0.5306578874588013,0.5262,TB,BAL,0
20260815_BOS@PIT,2026-08-15,PIT,BOS,0,4,0.0,0.5393801927566528,0.5391,PIT,BOS,0
20260815_COL@SF,2026-08-15,SF,COL,7,1,1.0,0.5306578874588013,0.5262,SF,SF,1
20260815_CWS@DET,2026-08-15,DET,CWS,3,4,0.0,0.5306578874588013,0.5262,DET,CWS,0
20260815_KC@LAA,2026-08-15,LAA,KC,1,0,1.0,0.5152477025985718,0.5035,LAA,LAA,1
20260815_MIA@CIN,2026-08-15,CIN,MIA,4,8,0.0,0.5251744389533997,0.5181,CIN,MIA,0
20260815_MIL@LAD,2026-08-15,LAD,MIL,1,4,0.0,0.5306578874588013,0.5262,LAD,MIL,0
20260815_NYY@TOR,2026-08-15,TOR,NYY,4,1,1.0,0.5306578874588013,0.5262,TOR,TOR,1
20260815_PHI@MIN,2026-08-15,MIN,PHI,1,9,0.0,0.5251744389533997,0.5181,MIN,PHI,0
20260815_SD@CLE,2026-08-15,CLE,SD,6,1,1.0,0.5306578874588013,0.5262,CLE,CLE,1
20260815_SEA@HOU,2026-08-15,HOU,SEA,5,10,0.0,0.5306578874588013,0.5262,HOU,SEA,0
20260815_STL@CHC,2026-08-15,CHC,STL,4,8,0.0,0.5306578874588013,0.5262,CHC,STL,0
20260815_TEX@ATH,2026-08-15,ATH,TEX,3,5,0.0,0.5152477025985718,0.5035,ATH,TEX,0
20260815_WSH@NYM,2026-08-15,NYM,WSH,5,4,1.0,0.5306578874588013,0.5262,NYM,NYM,1
20260814_AZ@ATL,2026-08-14,ATL,AZ,0,2,0.0,0.5393801927566528,0.5391,ATL,AZ,0
20260814_BAL@TB,2026-08-14,TB,BAL,5,6,0.0,0.5306578874588013,0.5262,TB,BAL,0
20260814_BOS@PIT,2026-08-14,PIT,BOS,8,4,1.0,0.5393801927566528,0.5391,PIT,PIT,1
20260814_COL@SF,2026-08-14,SF,COL,2,5,0.0,0.5306578874588013,0.5262,SF,COL,0
20260814_CWS@DET,2026-08-14,DET,CWS,5,9,0.0,0.5306578874588013,0.5262,DET,CWS,0
20260814_KC@LAA,2026-08-14,LAA,KC,6,7,0.0,0.5152477025985718,0.5035,LAA,KC,0
20260814_MIA@CIN,2026-08-14,CIN,MIA,1,0,1.0,0.5251744389533997,0.5181,CIN,CIN,1
20260814_MIL@LAD,2026-08-14,LAD,MIL,3,1,1.0,0.5393801927566528,0.5391,LAD,LAD,1
20260814_NYY@TOR,2026-08-14,TOR,NYY,3,1,1.0,0.5306578874588013,0.5262,TOR,TOR,1
20260814_SD@CLE,2026-08-14,CLE,SD,5,7,0.0,0.5393801927566528,0.5391,CLE,SD,0
20260814_SEA@HOU,2026-08-14,HOU,SEA,10,7,1.0,0.5306578874588013,0.5262,HOU,HOU,1
20260814_STL@CHC,2026-08-14,CHC,STL,3,0,1.0,0.5306578874588013,0.5262,CHC,CHC,1
20260814_TEX@ATH,2026-08-14,ATH,TEX,8,3,1.0,0.5152477025985718,0.5035,ATH,ATH,1
20260814_WSH@NYM,2026-08-14,NYM,WSH,4,1,1.0,0.5393801927566528,0.5391,NYM,NYM,1
20260813_BOS@TOR,2026-08-13,TOR,BOS,0,7,0.0,0.5306578874588013,0.5262,TOR,BOS,0
20260813_CHC@WSH,2026-08-13,WSH,CHC,7,0,1.0,0.5251744389533997,0.5181,WSH,WSH,1
20260813_CIN@CWS,2026-08-13,CWS,CIN,8,9,0.0,0.5152477025985718,0.5035,CWS,CIN,0
20260813_CLE@DET,2026-08-13,DET,CLE,3,0,1.0,0.5306578874588013,0.5262,DET,DET,1
20260813_MIL@LAD,2026-08-13,LAD,MIL,4,5,0.0,0.5393801927566528,0.5391,LAD,MIL,0
20260813_PHI@MIN,2026-08-13,MIN,PHI,1,7,0.0,0.5152477025985718,0.5035,MIN,PHI,0
20260813_PIT@MIA,2026-08-13,MIA,PIT,1,13,0.0,0.5251744389533997,0.5181,MIA,PIT,0
20260813_SEA@NYY,2026-08-13,NYY,SEA,0,1,0.0,0.5306578874588013,0.5262,NYY,SEA,0
20260813_TEX@LAA,2026-08-13,LAA,TEX,7,0,1.0,0.5152477025985718,0.5035,LAA,LAA,1
20260812_BAL@MIN,2026-08-12,MIN,BAL,7,5,1.0,0.5152477025985718,0.5035,MIN,MIN,1
20260812_BOS@TOR,2026-08-12,TOR,BOS,6,4,1.0,0.5393801927566528,0.5391,TOR,TOR,1
20260812_CHC@WSH,2026-08-12,WSH,CHC,6,12,0.0,0.5251744389533997,0.5181,WSH,CHC,0
20260812_CIN@CWS,2026-08-12,CWS,CIN,5,0,1.0,0.5152477025985718,0.5035,CWS,CWS,1
20260812_CLE@DET,2026-08-12,DET,CLE,4,6,0.0,0.5306578874588013,0.5262,DET,CLE,0
20260812_COL@AZ,2026-08-12,AZ,COL,4,6,0.0,0.5306578874588013,0.5262,AZ,COL,0
20260812_HOU@SF,2026-08-12,SF,HOU,1,2,0.0,0.5393801927566528,0.5391,SF,HOU,0
20260812_KC@LAD,2026-08-12,LAD,KC,4,2,1.0,0.5306578874588013,0.5262,LAD,LAD,1
20260812_MIL@SD,2026-08-12,SD,MIL,4,3,1.0,0.5306578874588013,0.5262,SD,SD,1
20260812_NYM@ATL,2026-08-12,ATL,NYM,6,3,1.0,0.5306578874588013,0.5262,ATL,ATL,1
20260812_PHI@STL,2026-08-12,STL,PHI,7,1,1.0,0.5306578874588013,0.5262,STL,STL,1
20260812_PIT@MIA,2026-08-12,MIA,PIT,8,2,1.0,0.5251744389533997,0.5181,MIA,MIA,1
20260812_SEA@NYY,2026-08-12,NYY,SEA,10,5,1.0,0.5306578874588013,0.5262,NYY,NYY,1
20260812_TB@ATH,2026-08-12,ATH,TB,4,8,0.0,0.5152477025985718,0.5035,ATH,TB,0
20260812_TEX@LAA,2026-08-12,LAA,TEX,5,2,1.0,0.5152477025985718,0.5035,LAA,LAA,1
20260811_BAL@MIN,2026-08-11,MIN,BAL,2,5,0.0,0.5152477025985718,0.5035,MIN,BAL,0
20260811_BOS@TOR,2026-08-11,TOR,BOS,5,3,1.0,0.5306578874588013,0.5262,TOR,TOR,1
20260811_CHC@WSH,2026-08-11,WSH,CHC,6,8,0.0,0.5251744389533997,0.5181,WSH,CHC,0
20260811_CIN@CWS,2026-08-11,CWS,CIN,4,5,0.0,0.5251744389533997,0.5181,CWS,CIN,0
20260811_CLE@DET,2026-08-11,DET,CLE,6,4,1.0,0.5306578874588013,0.5262,DET,DET,1
20260811_COL@AZ,2026-08-11,AZ,COL,2,3,0.0,0.5306578874588013,0.5262,AZ,COL,0
20260811_HOU@SF,2026-08-11,SF,HOU,4,1,1.0,0.5306578874588013,0.5262,SF,SF,1
20260811_KC@LAD,2026-08-11,LAD,KC,5,4,1.0,0.5393801927566528,0.5391,LAD,LAD,1
20260811_MIL@SD,2026-08-11,SD,MIL,11,2,1.0,0.5306578874588013,0.5262,SD,SD,1
20260811_NYM@ATL,2026-08-11,ATL,NYM,4,0,1.0,0.5306578874588013,0.5262,ATL,ATL,1
20260811_PHI@STL,2026-08-11,STL,PHI,2,0,1.0,0.5306578874588013,0.5262,STL,STL,1
20260811_PIT@MIA,2026-08-11,MIA,PIT,2,0,1.0,0.5251744389533997,0.5181,MIA,MIA,1
20260811_SEA@NYY,2026-08-11,NYY,SEA,4,1,1.0,0.5306578874588013,0.5262,NYY,NYY,1
20260811_TB@ATH,2026-08-11,ATH,TB,4,12,0.0,0.5152477025985718,0.5035,ATH,TB,0
20260811_TEX@LAA,2026-08-11,LAA,TEX,3,2,1.0,0.5152477025985718,0.5035,LAA,LAA,1
20260810_BAL@MIN,2026-08-10,MIN,BAL,9,5,1.0,0.46912625432014465,0.4734,BAL,MIN,0
20260810_BOS@TOR,2026-08-10,TOR,BOS,2,1,1.0,0.48506930470466614,0.4969,BOS,TOR,0
20260810_COL@AZ,2026-08-10,AZ,COL,9,0,1.0,0.6358237266540527,0.6784,AZ,AZ,1
20260810_HOU@SF,2026-08-10,SF,HOU,3,6,0.0,0.4975165128707885,0.5,HOU,HOU,1
20260810_KC@LAD,2026-08-10,LAD,KC,6,5,1.0,0.6506938934326171,0.699,LAD,LAD,1
20260810_MIL@SD,2026-08-10,SD,MIL,3,2,1.0,0.5226110219955443,0.5144,SD,SD,1
20260810_NYM@ATL,2026-08-10,ATL,NYM,5,8,0.0,0.5121563673019409,0.5,ATL,NYM,0
20260810_PHI@STL,2026-08-10,STL,PHI,5,6,0.0,0.5224325656890869,0.5141,STL,PHI,0
20260810_TB@ATH,2026-08-10,ATH,TB,6,10,0.0,0.4672389328479767,0.4706,TB,TB,1
20260810_TEX@LAA,2026-08-10,LAA,TEX,1,4,0.0,0.5050792694091797,0.5,LAA,TEX,0
20260809_ATH@BOS,2026-08-09,BOS,ATH,3,4,0.0,0.5838063955307007,0.6043,BOS,ATH,0
20260809_ATL@NYY,2026-08-09,NYY,ATL,1,2,0.0,0.5399779081344604,0.5401,NYY,ATL,0
20260809_BAL@TEX,2026-08-09,TEX,BAL,5,10,0.0,0.5057791471481323,0.5,TEX,BAL,0
20260809_CHC@KC,2026-08-09,KC,CHC,2,10,0.0,0.4812112748622895,0.4912,CHC,CHC,1
20260809_CIN@WSH,2026-08-09,WSH,CIN,7,1,1.0,0.43840816617012024,0.4281,CIN,WSH,0
20260809_CLE@CWS,2026-08-09,CWS,CLE,5,3,1.0,0.4324091970920562,0.4193,CLE,CWS,0
20260809_COL@STL,2026-08-09,STL,COL,7,4,1.0,0.6241591572761536,0.6621,STL,STL,1
20260809_DET@SF,2026-08-09,SF,DET,1,3,0.0,0.454832673072815,0.4523,DET,DET,1
20260809_HOU@SD,2026-08-09,SD,HOU,7,2,1.0,0.5556119680404663,0.5631,SD,SD,1
20260809_LAA@MIA,2026-08-09,MIA,LAA,12,3,1.0,0.5870054364204407,0.609,MIA,MIA,1
20260809_LAD@AZ,2026-08-09,AZ,LAD,4,2,1.0,0.5129083395004272,0.5001,AZ,AZ,1
20260809_MIN@MIL,2026-08-09,MIL,MIN,4,3,1.0,0.6114620566368103,0.6441,MIL,MIL,1
20260809_NYM@PIT,2026-08-09,PIT,NYM,1,11,0.0,0.546555757522583,0.5498,PIT,NYM,0
20260809_TB@SEA,2026-08-09,SEA,TB,1,4,0.0,0.5596944093704224,0.5691,SEA,TB,0
20260809_TOR@PHI,2026-08-09,PHI,TOR,7,6,1.0,0.6619648337364196,0.7142,PHI,PHI,1
20260808_ATH@BOS,2026-08-08,BOS,ATH,3,7,0.0,0.6013537645339966,0.6297,BOS,ATH,0
20260808_ATL@NYY,2026-08-08,NYY,ATL,5,4,1.0,0.491516500711441,0.5,ATL,NYY,0
20260808_BAL@TEX,2026-08-08,TEX,BAL,5,1,1.0,0.5258471369743347,0.5192,TEX,TEX,1
20260808_CHC@KC,2026-08-08,KC,CHC,6,3,1.0,0.4352084994316101,0.4234,CHC,KC,0
20260808_CIN@WSH,2026-08-08,WSH,CIN,8,2,1.0,0.44133380055427557,0.4324,CIN,WSH,0
20260808_CLE@CWS,2026-08-08,CWS,CLE,6,3,1.0,0.3965138792991639,0.3673,CLE,CWS,0
20260808_COL@STL,2026-08-08,STL,COL,6,8,0.0,0.6015925407409668,0.63,STL,COL,0
20260808_DET@SF,2026-08-08,SF,DET,0,8,0.0,0.4958918690681458,0.5,DET,DET,1
20260808_HOU@SD,2026-08-08,SD,HOU,3,2,1.0,0.5193960666656494,0.5097,SD,SD,1
20260808_LAA@MIA,2026-08-08,MIA,LAA,7,0,1.0,0.5461955070495605,0.5492,MIA,MIA,1
20260808_LAD@AZ,2026-08-08,AZ,LAD,1,2,0.0,0.4872437119483948,0.5,LAD,LAD,1
20260808_MIN@MIL,2026-08-08,MIL,MIN,4,3,1.0,0.5807052254676819,0.5998,MIL,MIL,1
20260808_NYM@PIT,2026-08-08,PIT,NYM,9,0,1.0,0.5383930802345276,0.5377,PIT,PIT,1
20260808_TB@SEA,2026-08-08,SEA,TB,2,3,0.0,0.5991629362106323,0.6265,SEA,TB,0
20260808_TOR@PHI,2026-08-08,PHI,TOR,5,7,0.0,0.6300121545791626,0.6703,PHI,TOR,0
20260807_ATH@BOS,2026-08-07,BOS,ATH,13,1,1.0,0.6003915071487427,0.6283,BOS,BOS,1
20260807_ATL@NYY,2026-08-07,NYY,ATL,3,2,1.0,0.5221901535987854,0.5138,NYY,NYY,1
20260807_BAL@TEX,2026-08-07,TEX,BAL,2,1,1.0,0.516665518283844,0.5056,TEX,TEX,1
20260807_CHC@KC,2026-08-07,KC,CHC,4,6,0.0,0.4599445164203643,0.4598,CHC,CHC,1
20260807_CIN@WSH,2026-08-07,WSH,CIN,5,3,1.0,0.5140926837921143,0.5018,WSH,WSH,1
20260807_CLE@CWS,2026-08-07,CWS,CLE,2,8,0.0,0.45299449563026434,0.4496,CLE,CLE,1
20260807_COL@STL,2026-08-07,STL,COL,3,2,1.0,0.6092249751091003,0.641,STL,STL,1
20260807_DET@SF,2026-08-07,SF,DET,5,2,1.0,0.5009985566139221,0.5,SF,SF,1
20260807_HOU@SD,2026-08-07,SD,HOU,3,6,0.0,0.5359646677970886,0.5341,SD,HOU,0
20260807_LAA@MIA,2026-08-07,MIA,LAA,3,4,0.0,0.5660058259963989,0.5784,MIA,LAA,0
20260807_LAD@AZ,2026-08-07,AZ,LAD,4,3,1.0,0.5053713321685791,0.5,AZ,AZ,1
20260807_MIN@MIL,2026-08-07,MIL,MIN,6,8,0.0,0.5801897644996643,0.5991,MIL,MIN,0
20260807_NYM@PIT,2026-08-07,PIT,NYM,4,6,0.0,0.522786021232605,0.5147,PIT,NYM,0
20260807_TB@SEA,2026-08-07,SEA,TB,1,2,0.0,0.5931451320648193,0.6179,SEA,TB,0
20260807_TOR@PHI,2026-08-07,PHI,TOR,4,5,0.0,0.5920323133468628,0.6163,PHI,TOR,0
20260806_ATH@CIN,2026-08-06,CIN,ATH,6,5,1.0,0.5938755869865417,0.6189,CIN,CIN,1
20260806_CWS@BOS,2026-08-06,BOS,CWS,12,11,1.0,0.6243054866790771,0.6623,BOS,BOS,1
20260806_DET@SEA,2026-08-06,SEA,DET,0,11,0.0,0.5691995620727539,0.583,SEA,DET,0
20260806_LAA@BAL,2026-08-06,BAL,LAA,1,4,0.0,0.595228612422943,0.6209,BAL,LAA,0
20260806_MIA@ATL,2026-08-06,ATL,MIA,11,3,1.0,0.5434949398040771,0.5453,ATL,ATL,1
20260806_MIN@KC,2026-08-06,KC,MIN,3,4,0.0,0.5217412710189819,0.5131,KC,MIN,0
20260806_NYM@CLE,2026-08-06,CLE,NYM,6,13,0.0,0.5590658783912659,0.5682,CLE,NYM,0
20260806_PIT@MIL,2026-08-06,MIL,PIT,5,2,1.0,0.5788349509239197,0.5971,MIL,MIL,1
20260806_SD@AZ,2026-08-06,AZ,SD,1,5,0.0,0.5315312147140503,0.5276,AZ,SD,0
20260806_TOR@CHC,2026-08-06,CHC,TOR,3,2,1.0,0.4884089827537537,0.5,TOR,CHC,0
20260806_WSH@PHI,2026-08-06,PHI,WSH,7,3,1.0,0.5953648090362548,0.6211,PHI,PHI,1
20260805_ATH@CIN,2026-08-05,CIN,ATH,3,2,1.0,0.5858679413795471,0.6073,CIN,CIN,1
20260805_CWS@BOS,2026-08-05,BOS,CWS,4,0,1.0,0.5386781692504883,0.5381,BOS,BOS,1
20260805_DET@SEA,2026-08-05,SEA,DET,4,2,1.0,0.539581835269928,0.5395,SEA,SEA,1
20260805_LAA@BAL,2026-08-05,BAL,LAA,5,2,1.0,0.5871036648750305,0.6091,BAL,BAL,1
20260805_LAD@CHC,2026-08-05,CHC,LAD,7,6,1.0,0.5434657335281372,0.5452,CHC,CHC,1
20260805_MIA@ATL,2026-08-05,ATL,MIA,4,1,1.0,0.49492543935775757,0.5,MIA,ATL,0
20260805_MIN@KC,2026-08-05,KC,MIN,2,1,1.0,0.47179514169692993,0.4773,MIN,KC,0
20260805_NYM@CLE,2026-08-05,CLE,NYM,5,6,0.0,0.5360488295555115,0.5343,CLE,NYM,0
20260805_PIT@MIL,2026-08-05,MIL,PIT,4,2,1.0,0.6002148985862732,0.6281,MIL,MIL,1
20260805_SD@AZ,2026-08-05,AZ,SD,10,4,1.0,0.49113705754280085,0.5,SD,AZ,0
20260805_SF@TEX,2026-08-05,TEX,SF,6,0,1.0,0.5533302426338196,0.5597,TEX,TEX,1
20260805_STL@NYY,2026-08-05,NYY,STL,1,3,0.0,0.5705634951591492,0.585,NYY,STL,0
20260805_TB@COL,2026-08-05,COL,TB,0,4,0.0,0.4382822215557099,0.4279,TB,TB,1
20260805_TOR@HOU,2026-08-05,HOU,TOR,4,5,0.0,0.5991201400756836,0.6265,HOU,TOR,0
20260805_WSH@PHI,2026-08-05,PHI,WSH,4,10,0.0,0.565727949142456,0.578,PHI,WSH,0
20260804_ATH@CIN,2026-08-04,CIN,ATH,5,4,1.0,0.5939412713050842,0.619,CIN,CIN,1
20260804_CWS@BOS,2026-08-04,BOS,CWS,14,2,1.0,0.5869349241256714,0.6089,BOS,BOS,1
20260804_DET@SEA,2026-08-04,SEA,DET,0,8,0.0,0.5280920267105101,0.5225,SEA,DET,0
20260804_LAA@BAL,2026-08-04,BAL,LAA,3,1,1.0,0.5980854034423828,0.625,BAL,BAL,1
20260804_LAD@CHC,2026-08-04,CHC,LAD,5,1,1.0,0.5065830945968628,0.5,CHC,CHC,1
20260804_MIA@ATL,2026-08-04,ATL,MIA,4,2,1.0,0.59657222032547,0.6228,ATL,ATL,1
20260804_MIN@KC,2026-08-04,KC,MIN,8,2,1.0,0.5648598670959473,0.5767,KC,KC,1
20260804_NYM@CLE,2026-08-04,CLE,NYM,2,6,0.0,0.5780470967292786,0.596,CLE,NYM,0
20260804_PIT@MIL,2026-08-04,MIL,PIT,4,2,1.0,0.5784686803817749,0.5966,MIL,MIL,1
20260804_SD@AZ,2026-08-04,AZ,SD,4,9,0.0,0.48186197876930237,0.4922,SD,SD,1
20260804_SF@TEX,2026-08-04,TEX,SF,5,4,1.0,0.5420317053794861,0.5431,TEX,TEX,1
20260804_STL@NYY,2026-08-04,NYY,STL,2,0,1.0,0.5499181151390076,0.5547,NYY,NYY,1
20260804_TB@COL,2026-08-04,COL,TB,7,9,0.0,0.37063124775886536,0.3306,TB,TB,1
20260804_TOR@HOU,2026-08-04,HOU,TOR,7,2,1.0,0.4947368204593658,0.5,TOR,HOU,0
20260804_WSH@PHI,2026-08-04,PHI,WSH,5,0,1.0,0.5904457569122314,0.614,PHI,PHI,1
20260803_LAD@CHC,2026-08-03,CHC,LAD,10,5,1.0,0.5141425132751465,0.5018,CHC,CHC,1
20260803_PIT@MIL,2026-08-03,MIL,PIT,3,4,0.0,0.5499782562255859,0.5547,MIL,PIT,0
20260803_SD@AZ,2026-08-03,AZ,SD,5,1,1.0,0.5019123554229736,0.5,AZ,AZ,1
20260803_SF@TEX,2026-08-03,TEX,SF,1,5,0.0,0.5519612431526184,0.5576,TEX,SF,0
20260803_STL@NYY,2026-08-03,NYY,STL,7,13,0.0,0.5620002746582031,0.5723,NYY,STL,0
20260803_TB@COL,2026-08-03,COL,TB,9,13,0.0,0.46743628382682795,0.471,TB,TB,1
20260803_TOR@HOU,2026-08-03,HOU,TOR,1,3,0.0,0.5494160652160645,0.5538,HOU,TOR,0
20260803_WSH@PHI,2026-08-03,PHI,WSH,6,3,1.0,0.5360943675041199,0.5342,PHI,PHI,1
20260802_AZ@CLE,2026-08-02,CLE,AZ,5,0,1.0,0.5530621409416199,0.5592,CLE,CLE,1
20260802_BOS@LAD,2026-08-02,LAD,BOS,4,8,0.0,0.5135332345962524,0.5009,LAD,BOS,0
20260802_CWS@TB,2026-08-02,TB,CWS,1,9,0.0,0.5737883448600769,0.5896,TB,CWS,0
20260802_DET@ATH,2026-08-02,ATH,DET,0,11,0.0,0.48999038338661194,0.5,DET,DET,1
20260802_KC@COL,2026-08-02,COL,KC,8,1,1.0,0.5061869025230408,0.5,COL,COL,1
20260802_MIA@NYM,2026-08-02,NYM,MIA,0,2,0.0,0.5299314260482788,0.5251,NYM,MIA,0
20260802_MIL@LAA,2026-08-02,LAA,MIL,3,0,1.0,0.4575234353542328,0.4564,MIL,LAA,0
20260802_MIN@SEA,2026-08-02,SEA,MIN,7,6,1.0,0.5529571175575256,0.5591,SEA,SEA,1
20260802_NYY@CHC,2026-08-02,CHC,NYY,1,2,0.0,0.5134734511375427,0.5009,CHC,NYY,0
20260802_PHI@BAL,2026-08-02,BAL,PHI,0,8,0.0,0.5010182857513428,0.5,BAL,PHI,0
20260802_PIT@CIN,2026-08-02,CIN,PIT,10,2,1.0,0.5762142539024353,0.5931,CIN,CIN,1
20260802_SF@SD,2026-08-02,SD,SF,5,4,1.0,0.560903787612915,0.5707,SD,SD,1
20260802_STL@TOR,2026-08-02,TOR,STL,1,5,0.0,0.5325236916542053,0.529,TOR,STL,0
20260802_TEX@HOU,2026-08-02,HOU,TEX,7,3,1.0,0.5485368371009827,0.5526,HOU,HOU,1
20260802_WSH@ATL,2026-08-02,ATL,WSH,4,2,1.0,0.5307210087776184,0.5263,ATL,ATL,1
20260801_AZ@CLE,2026-08-01,CLE,AZ,8,12,0.0,0.5620002746582031,0.5723,CLE,AZ,0
20260801_BOS@LAD,2026-08-01,LAD,BOS,2,3,0.0,0.5336840152740479,0.5307,LAD,BOS,0
20260801_CWS@TB,2026-08-01,TB,CWS,1,0,1.0,0.5737883448600769,0.5896,TB,TB,1
20260801_DET@ATH,2026-08-01,ATH,DET,6,8,0.0,0.5089199542999268,0.5,ATH,DET,0
20260801_KC@COL,2026-08-01,COL,KC,12,6,1.0,0.5099592208862305,0.5,COL,COL,1
20260801_MIA@NYM,2026-08-01,NYM,MIA,2,6,0.0,0.5480454564094543,0.5518,NYM,MIA,0
20260801_MIL@LAA,2026-08-01,LAA,MIL,1,3,0.0,0.476740837097168,0.4847,MIL,MIL,1
20260801_MIN@SEA,2026-08-01,SEA,MIN,4,3,1.0,0.5620043873786927,0.5723,SEA,SEA,1
20260801_NYY@CHC,2026-08-01,CHC,NYY,5,2,1.0,0.5031163692474365,0.5,CHC,CHC,1
20260801_PHI@BAL,2026-08-01,BAL,PHI,0,5,0.0,0.5010182857513428,0.5,BAL,PHI,0
20260801_PIT@CIN,2026-08-01,CIN,PIT,1,4,0.0,0.5452898144721985,0.5478,CIN,PIT,0
20260801_SF@SD,2026-08-01,SD,SF,6,5,1.0,0.560903787612915,0.5707,SD,SD,1
20260801_STL@TOR,2026-08-01,TOR,STL,5,1,1.0,0.543599009513855,0.5453,TOR,TOR,1
20260801_TEX@HOU,2026-08-01,HOU,TEX,5,4,1.0,0.5375892519950867,0.5364,HOU,HOU,1
20260801_WSH@ATL,2026-08-01,ATL,WSH,8,3,1.0,0.5397339463233948,0.5396,ATL,ATL,1
20260731_AZ@CLE,2026-07-31,CLE,AZ,1,4,0.0,0.5525732040405273,0.5585,CLE,AZ,0
20260731_BOS@LAD,2026-07-31,LAD,BOS,4,9,0.0,0.5340662598609924,0.5312,LAD,BOS,0
20260731_CWS@TB,2026-07-31,TB,CWS,1,6,0.0,0.5728514194488525,0.5882,TB,CWS,0
20260731_DET@ATH,2026-07-31,ATH,DET,1,13,0.0,0.48999038338661194,0.5,DET,DET,1
20260731_KC@COL,2026-07-31,COL,KC,3,1,1.0,0.5040201544761658,0.5,COL,COL,1
20260731_MIA@NYM,2026-07-31,NYM,MIA,2,5,0.0,0.527966320514679,0.5222,NYM,MIA,0
20260731_MIL@LAA,2026-07-31,LAA,MIL,2,6,0.0,0.4776971340179444,0.4861,MIL,MIL,1
20260731_MIN@SEA,2026-07-31,SEA,MIN,3,5,0.0,0.5750901699066162,0.5915,SEA,MIN,0
20260731_NYY@CHC,2026-07-31,CHC,NYY,0,2,0.0,0.555885374546051,0.5634,CHC,NYY,0
20260731_PHI@BAL,2026-07-31,BAL,PHI,6,4,1.0,0.5363129377365112,0.5345,BAL,BAL,1
20260731_PIT@CIN,2026-07-31,CIN,PIT,8,7,1.0,0.5433336496353149,0.5449,CIN,CIN,1
20260731_SF@SD,2026-07-31,SD,SF,7,0,1.0,0.5545502305030823,0.5614,SD,SD,1
20260731_STL@TOR,2026-07-31,TOR,STL,3,1,1.0,0.543599009513855,0.5453,TOR,TOR,1
20260731_TEX@HOU,2026-07-31,HOU,TEX,11,2,1.0,0.5485368371009827,0.5526,HOU,HOU,1
20260731_WSH@ATL,2026-07-31,ATL,WSH,6,2,1.0,0.5397339463233948,0.5396,ATL,ATL,1
20260730_BOS@ATH,2026-07-30,ATH,BOS,4,5,0.0,0.4590897858142852,0.4587,BOS,BOS,1
20260730_CHC@STL,2026-07-30,STL,CHC,2,4,0.0,0.5044893026351929,0.5,STL,CHC,0
20260730_KC@MIN,2026-07-30,MIN,KC,4,3,1.0,0.5512058734893799,0.5565,MIN,MIN,1
20260730_MIA@NYM,2026-07-30,NYM,MIA,4,2,1.0,0.5299314260482788,0.5251,NYM,NYM,1
20260730_NYY@CWS,2026-07-30,CWS,NYY,2,1,1.0,0.46947461366653437,0.474,NYY,CWS,0
20260730_PIT@CIN,2026-07-30,CIN,PIT,3,2,1.0,0.5336482524871826,0.5306,CIN,CIN,1
20260730_SEA@LAD,2026-07-30,LAD,SEA,6,2,1.0,0.5620002746582031,0.5723,LAD,LAD,1
20260730_SF@SD,2026-07-30,SD,SF,1,4,0.0,0.560903787612915,0.5707,SD,SF,0
20260730_TEX@TB,2026-07-30,TB,TEX,3,2,1.0,0.5609208345413208,0.5707,TB,TB,1
20260730_WSH@ATL,2026-07-30,ATL,WSH,5,4,1.0,0.5307210087776184,0.5263,ATL,ATL,1
20260729_ATL@NYM,2026-07-29,NYM,ATL,0,1,0.0,0.5087789297103882,0.5,NYM,ATL,0
20260729_ATL@NYM_2,2026-07-29,NYM,ATL,3,2,1.0,0.5321149826049805,0.5284,NYM,NYM,1
20260729_AZ@PIT,2026-07-29,PIT,AZ,0,3,0.0,0.5207871794700623,0.5116,PIT,AZ,0
20260729_BAL@DET,2026-07-29,DET,BAL,9,10,0.0,0.5210332274436951,0.512,DET,BAL,0
20260729_BOS@ATH,2026-07-29,ATH,BOS,2,4,0.0,0.47200155258178705,0.4777,BOS,BOS,1
20260729_CHC@STL,2026-07-29,STL,CHC,3,2,1.0,0.5357598662376404,0.5337,STL,STL,1
20260729_CLE@CIN,2026-07-29,CIN,CLE,1,6,0.0,0.48151943087577814,0.4918,CLE,CLE,1
20260729_COL@SD,2026-07-29,SD,COL,3,1,1.0,0.5915853381156921,0.6154,SD,SD,1
20260729_HOU@LAA,2026-07-29,LAA,HOU,4,7,0.0,0.4908263981342316,0.5,HOU,HOU,1
20260729_KC@MIN,2026-07-29,MIN,KC,0,4,0.0,0.5182299017906189,0.5079,MIN,KC,0
20260729_MIL@SF,2026-07-29,SF,MIL,16,3,1.0,0.4860997498035431,0.4985,MIL,SF,0
20260729_NYY@CWS,2026-07-29,CWS,NYY,6,5,1.0,0.48660081624984736,0.4993,NYY,CWS,0
20260729_PHI@MIA,2026-07-29,MIA,PHI,8,6,1.0,0.45401382446289057,0.4512,PHI,MIA,0
20260729_SEA@LAD,2026-07-29,LAD,SEA,4,2,1.0,0.5234941244125366,0.5156,LAD,LAD,1
20260729_TEX@TB,2026-07-29,TB,TEX,3,0,1.0,0.551978349685669,0.5576,TB,TB,1
20260729_TOR@WSH,2026-07-29,WSH,TOR,2,5,0.0,0.5081382989883423,0.5,WSH,TOR,0
20260728_AZ@PIT,2026-07-28,PIT,AZ,7,8,0.0,0.5298219323158264,0.525,PIT,AZ,0
20260728_BAL@DET,2026-07-28,DET,BAL,14,0,1.0,0.5486707091331482,0.5528,DET,DET,1
20260728_BOS@ATH,2026-07-28,ATH,BOS,4,3,1.0,0.45186021924018854,0.448,BOS,ATH,0
20260728_CHC@STL,2026-07-28,STL,CHC,2,10,0.0,0.5044893026351929,0.5,STL,CHC,0
20260728_CLE@CIN,2026-07-28,CIN,CLE,5,6,0.0,0.48151943087577814,0.4918,CLE,CLE,1
20260728_CLE@CIN_2,2026-07-28,CIN,CLE,2,0,1.0,0.4777832627296448,0.4862,CLE,CIN,0
20260728_COL@SD,2026-07-28,SD,COL,8,7,1.0,0.6148632168769836,0.6487,SD,SD,1
20260728_HOU@LAA,2026-07-28,LAA,HOU,2,3,0.0,0.5097559690475464,0.5,LAA,HOU,0
20260728_KC@MIN,2026-07-28,MIN,KC,3,2,1.0,0.5201776027679443,0.5107,MIN,MIN,1
20260728_MIL@SF,2026-07-28,SF,MIL,2,8,0.0,0.47694388031959534,0.485,MIL,MIL,1
20260728_NYY@CWS,2026-07-28,CWS,NYY,2,3,0.0,0.47107100486755366,0.4763,NYY,NYY,1
20260728_PHI@MIA,2026-07-28,MIA,PHI,1,0,1.0,0.4848357141017913,0.4966,PHI,MIA,0
20260728_SEA@LAD,2026-07-28,LAD,SEA,6,7,0.0,0.543599009513855,0.5453,LAD,SEA,0
20260728_TEX@TB,2026-07-28,TB,TEX,1,4,0.0,0.5510309934616089,0.5562,TB,TEX,0
20260728_TOR@WSH,2026-07-28,WSH,TOR,8,6,1.0,0.477207213640213,0.4854,TOR,WSH,0
20260727_ATL@NYM,2026-07-27,NYM,ATL,14,3,1.0,0.5158991813659668,0.5054,NYM,NYM,1
20260727_AZ@PIT,2026-07-27,PIT,AZ,3,2,1.0,0.49244722723960876,0.5,AZ,PIT,0
20260727_BAL@DET,2026-07-27,DET,BAL,5,8,0.0,0.49493908882141113,0.5,BAL,BAL,1
20260727_BOS@ATH,2026-07-27,ATH,BOS,2,4,0.0,0.427827924489975,0.4121,BOS,BOS,1
20260727_CHC@STL,2026-07-27,STL,CHC,3,7,0.0,0.5461720824241638,0.5499,STL,CHC,0
20260727_HOU@LAA,2026-07-27,LAA,HOU,4,6,0.0,0.5180849432945251,0.5086,LAA,HOU,0
20260727_MIL@SF,2026-07-27,SF,MIL,3,0,1.0,0.47360342741012573,0.4792,MIL,SF,0
20260727_NYY@CWS,2026-07-27,CWS,NYY,5,9,0.0,0.42364707589149475,0.406,NYY,NYY,1
20260727_PHI@MIA,2026-07-27,MIA,PHI,8,7,1.0,0.4428870379924774,0.4341,PHI,MIA,0
20260727_SEA@TEX,2026-07-27,TEX,SEA,7,3,1.0,0.541879415512085,0.5436,TEX,TEX,1
20260727_TOR@WSH,2026-07-27,WSH,TOR,2,3,0.0,0.4736212491989135,0.4792,TOR,TOR,1
20260726_ATH@MIN,2026-07-26,MIN,ATH,11,8,1.0,0.4960488677024842,0.5,ATH,MIN,0
20260726_ATL@BAL,2026-07-26,BAL,ATL,2,3,0.0,0.5169921517372131,0.507,BAL,ATL,0
20260726_AZ@WSH,2026-07-26,WSH,AZ,10,7,1.0,0.46314200758934027,0.4638,AZ,WSH,0
20260726_CHC@PIT,2026-07-26,PIT,CHC,8,7,1.0,0.5112131237983704,0.5,PIT,PIT,1
20260726_CIN@STL,2026-07-26,STL,CIN,3,5,0.0,0.512021541595459,0.5,STL,CIN,0
20260726_CLE@TB,2026-07-26,TB,CLE,1,0,1.0,0.5513424873352051,0.5575,TB,TB,1
20260726_COL@MIL,2026-07-26,MIL,COL,11,2,1.0,0.6923027038574219,0.754,MIL,MIL,1
20260726_HOU@CWS,2026-07-26,CWS,HOU,12,3,1.0,0.49679863452911377,0.5,HOU,CWS,0
20260726_KC@DET,2026-07-26,DET,KC,4,5,0.0,0.5189473628997803,0.5099,DET,KC,0
20260726_LAA@SF,2026-07-26,SF,LAA,3,4,0.0,0.5860929489135742,0.6081,SF,LAA,0
20260726_LAD@NYM,2026-07-26,NYM,LAD,8,3,1.0,0.4592437148094177,0.4581,LAD,NYM,0
20260726_NYY@PHI,2026-07-26,PHI,NYY,11,4,1.0,0.5598247647285463,0.5699,PHI,PHI,1
20260726_SD@MIA,2026-07-26,MIA,SD,3,5,0.0,0.4341713488101959,0.4213,SD,SD,1
20260726_SEA@TEX,2026-07-26,TEX,SEA,4,6,0.0,0.5629000663757324,0.5744,TEX,SEA,0
20260726_TOR@BOS,2026-07-26,BOS,TOR,6,1,1.0,0.534550666809082,0.5328,BOS,BOS,1
20260725_ATH@MIN,2026-07-25,MIN,ATH,2,0,1.0,0.521786093711853,0.514,MIN,MIN,1
20260725_ATL@BAL,2026-07-25,BAL,ATL,3,2,1.0,0.5137717127799988,0.5022,BAL,BAL,1
20260725_AZ@WSH,2026-07-25,WSH,AZ,5,3,1.0,0.5130323767662048,0.5012,WSH,WSH,1
20260725_CHC@PIT,2026-07-25,PIT,CHC,0,11,0.0,0.5488829016685486,0.5539,PIT,CHC,0
20260725_CIN@STL,2026-07-25,STL,CIN,7,0,1.0,0.5220950245857239,0.5145,STL,STL,1
20260725_CLE@TB,2026-07-25,TB,CLE,3,0,1.0,0.5605202317237854,0.5709,TB,TB,1
20260725_COL@MIL,2026-07-25,MIL,COL,8,5,1.0,0.6519842743873596,0.7008,MIL,MIL,1
20260725_HOU@CWS,2026-07-25,CWS,HOU,1,4,0.0,0.5220460295677184,0.5144,CWS,HOU,0
20260725_KC@DET,2026-07-25,DET,KC,2,3,0.0,0.598792552947998,0.6264,DET,KC,0
20260725_LAA@SF,2026-07-25,SF,LAA,9,2,1.0,0.595550537109375,0.6217,SF,SF,1
20260725_LAD@NYM,2026-07-25,NYM,LAD,3,4,0.0,0.48181220889091486,0.4913,LAD,LAD,1
20260725_NYY@PHI,2026-07-25,PHI,NYY,1,3,0.0,0.5023279786109924,0.5,PHI,NYY,0
20260725_SD@MIA,2026-07-25,MIA,SD,2,7,0.0,0.4712121486663819,0.4757,SD,SD,1
20260725_SEA@TEX,2026-07-25,TEX,SEA,7,1,1.0,0.5585310459136963,0.568,TEX,TEX,1
20260725_TOR@BOS,2026-07-25,BOS,TOR,0,6,0.0,0.49203914403915405,0.5,TOR,TOR,1
20260724_ATH@MIN,2026-07-24,MIN,ATH,0,2,0.0,0.5053015947341919,0.5,MIN,ATH,0
20260724_ATL@BAL,2026-07-24,BAL,ATL,6,7,0.0,0.5071898102760316,0.5,BAL,ATL,0
20260724_AZ@WSH,2026-07-24,WSH,AZ,2,3,0.0,0.41399580240249634,0.392,AZ,AZ,1
20260724_CHC@PIT,2026-07-24,PIT,CHC,2,3,0.0,0.5311793088912964,0.5279,PIT,CHC,0
20260724_CIN@STL,2026-07-24,STL,CIN,2,4,0.0,0.5241878032684326,0.5176,STL,CIN,0
20260724_CLE@TB,2026-07-24,TB,CLE,11,3,1.0,0.5608724355697632,0.5714,TB,TB,1
20260724_COL@MIL,2026-07-24,MIL,COL,2,5,0.0,0.7048698663711548,0.7699,MIL,COL,0
20260724_HOU@CWS,2026-07-24,CWS,HOU,5,9,0.0,0.5207127332687378,0.5125,CWS,HOU,0
20260724_KC@DET,2026-07-24,DET,KC,2,1,1.0,0.5808151960372925,0.6005,DET,DET,1
20260724_LAA@SF,2026-07-24,SF,LAA,7,6,1.0,0.5844901204109192,0.6058,SF,SF,1
20260724_LAD@NYM,2026-07-24,NYM,LAD,2,4,0.0,0.46355602145195013,0.4644,LAD,LAD,1
20260724_NYY@PHI,2026-07-24,PHI,NYY,0,1,0.0,0.5363554954528809,0.5355,PHI,NYY,0
20260724_SD@MIA,2026-07-24,MIA,SD,2,4,0.0,0.42121103405952454,0.4025,SD,SD,1
20260724_SEA@TEX,2026-07-24,TEX,SEA,5,4,1.0,0.5365092158317566,0.5357,TEX,TEX,1
20260724_TOR@BOS,2026-07-24,BOS,TOR,6,4,1.0,0.5489723682403564,0.554,BOS,BOS,1
20260723_AZ@STL,2026-07-23,STL,AZ,6,10,0.0,0.5290945172309875,0.5248,STL,AZ,0
20260723_KC@DET,2026-07-23,DET,KC,4,3,1.0,0.5793908834457396,0.5984,DET,DET,1
20260723_MIN@CLE,2026-07-23,CLE,MIN,1,3,0.0,0.538243293762207,0.5382,CLE,MIN,0
20260723_SD@ATL,2026-07-23,ATL,SD,6,5,1.0,0.5766124725341796,0.5944,ATL,ATL,1
20260723_TB@TOR,2026-07-23,TOR,TB,3,1,1.0,0.5843709707260132,0.6056,TOR,TOR,1
20260722_ATH@AZ,2026-07-22,AZ,ATH,15,5,1.0,0.5453376173973083,0.5487,AZ,AZ,1
20260722_BAL@BOS,2026-07-22,BOS,BAL,1,5,0.0,0.5015214681625366,0.5,BOS,BAL,0
20260722_BAL@BOS_2,2026-07-22,BOS,BAL,6,3,1.0,0.5314915776252747,0.5283,BOS,BOS,1
20260722_CIN@SEA,2026-07-22,SEA,CIN,3,5,0.0,0.6005122065544128,0.6288,SEA,CIN,0
20260722_CWS@TEX,2026-07-22,TEX,CWS,2,4,0.0,0.6102532148361206,0.6427,TEX,CWS,0
20260722_DET@CHC,2026-07-22,CHC,DET,1,5,0.0,0.5057439208030701,0.5,CHC,DET,0
20260722_LAD@PHI,2026-07-22,PHI,LAD,5,9,0.0,0.5209726095199586,0.5128,PHI,LAD,0
20260722_MIA@HOU,2026-07-22,HOU,MIA,5,2,1.0,0.5487220287322998,0.5536,HOU,HOU,1
20260722_MIN@CLE,2026-07-22,CLE,MIN,6,10,0.0,0.5706879496574402,0.5858,CLE,MIN,0
20260722_NYM@MIL,2026-07-22,MIL,NYM,4,3,1.0,0.5980263948440552,0.6253,MIL,MIL,1
20260722_PIT@NYY,2026-07-22,NYY,PIT,3,5,0.0,0.6495714783668518,0.6975,NYY,PIT,0
20260722_PIT@NYY_2,2026-07-22,NYY,PIT,2,0,1.0,0.5769456624984741,0.5949,NYY,NYY,1
20260722_SD@ATL,2026-07-22,ATL,SD,7,6,1.0,0.4497488737106323,0.4441,SD,ATL,0
20260722_SF@KC,2026-07-22,KC,SF,5,4,1.0,0.48473900556564337,0.4956,SF,KC,0
20260722_STL@LAA,2026-07-22,LAA,STL,0,1,0.0,0.4277170896530151,0.4119,STL,STL,1
20260722_TB@TOR,2026-07-22,TOR,TB,2,4,0.0,0.5852602124214172,0.6069,TOR,TB,0
20260722_WSH@COL,2026-07-22,COL,WSH,0,8,0.0,0.42069581151008606,0.4017,WSH,WSH,1
20260721_ATH@AZ,2026-07-21,AZ,ATH,6,5,1.0,0.5448507070541382,0.548,AZ,AZ,1
20260721_CIN@SEA,2026-07-21,SEA,CIN,2,4,0.0,0.5341311097145081,0.5322,SEA,CIN,0
20260721_CWS@TEX,2026-07-21,TEX,CWS,10,0,1.0,0.6318380236625671,0.6731,TEX,TEX,1
20260721_DET@CHC,2026-07-21,CHC,DET,11,2,1.0,0.4797443449497223,0.4882,DET,CHC,0
20260721_LAD@PHI,2026-07-21,PHI,LAD,1,2,0.0,0.5531431436538696,0.5601,PHI,LAD,0
20260721_MIA@HOU,2026-07-21,HOU,MIA,5,3,1.0,0.5509267449378967,0.5569,HOU,HOU,1
20260721_MIN@CLE,2026-07-21,CLE,MIN,5,2,1.0,0.566218376159668,0.5792,CLE,CLE,1
20260721_NYM@MIL,2026-07-21,MIL,NYM,0,4,0.0,0.6179857850074768,0.6537,MIL,NYM,0
20260721_SD@ATL,2026-07-21,ATL,SD,3,8,0.0,0.5816280841827393,0.6016,ATL,SD,0
20260721_SF@KC,2026-07-21,KC,SF,3,2,1.0,0.5226042866706848,0.5152,KC,KC,1
20260721_STL@LAA,2026-07-21,LAA,STL,5,1,1.0,0.46538513898849493,0.4671,STL,LAA,0
20260721_TB@TOR,2026-07-21,TOR,TB,2,12,0.0,0.5363267660140991,0.5354,TOR,TB,0
20260721_WSH@COL,2026-07-21,COL,WSH,8,7,1.0,0.4163739681243896,0.3955,WSH,COL,0
20260720_ATH@AZ,2026-07-20,AZ,ATH,2,5,0.0,0.5465750694274902,0.5506,AZ,ATH,0
20260720_BAL@BOS,2026-07-20,BOS,BAL,6,5,1.0,0.500673770904541,0.5,BOS,BOS,1
20260720_CIN@SEA,2026-07-20,SEA,CIN,8,0,1.0,0.613831639289856,0.648,SEA,SEA,1
20260720_CWS@TEX,2026-07-20,TEX,CWS,3,10,0.0,0.6327875852584839,0.6747,TEX,CWS,0
20260720_DET@CHC,2026-07-20,CHC,DET,6,8,0.0,0.5053584575653076,0.5,CHC,DET,0
20260720_LAD@PHI,2026-07-20,PHI,LAD,10,7,1.0,0.48140129446983343,0.4906,LAD,PHI,0
20260720_MIA@HOU,2026-07-20,HOU,MIA,8,5,1.0,0.5806728601455688,0.6005,HOU,HOU,1
20260720_MIN@CLE,2026-07-20,CLE,MIN,13,4,1.0,0.5658032298088074,0.5788,CLE,CLE,1
20260720_NYM@MIL,2026-07-20,MIL,NYM,8,3,1.0,0.6443753838539124,0.6907,MIL,MIL,1
20260720_PIT@NYY,2026-07-20,NYY,PIT,8,5,1.0,0.5671628713607788,0.5808,NYY,NYY,1
20260720_SD@ATL,2026-07-20,ATL,SD,3,2,1.0,0.5042929649353027,0.5,ATL,ATL,1
20260720_SF@KC,2026-07-20,KC,SF,4,3,1.0,0.5374985933303833,0.5373,KC,KC,1
20260720_STL@LAA,2026-07-20,LAA,STL,3,2,1.0,0.47707715630531305,0.4842,STL,LAA,0
20260720_TB@TOR,2026-07-20,TOR,TB,1,7,0.0,0.5327656865119934,0.5303,TOR,TB,0
20260720_WSH@COL,2026-07-20,COL,WSH,3,7,0.0,0.4314155578613281,0.4171,WSH,WSH,1
20260719_BAL@HOU,2026-07-19,HOU,BAL,2,5,0.0,0.5233823657035828,0.5165,HOU,BAL,0
20260719_CIN@COL,2026-07-19,COL,CIN,6,9,0.0,0.4555813372135162,0.4525,CIN,CIN,1
20260719_CWS@TOR,2026-07-19,TOR,CWS,0,3,0.0,0.6490015387535095,0.697,TOR,CWS,0
20260719_DET@LAA,2026-07-19,LAA,DET,3,2,1.0,0.5014212131500244,0.5,LAA,LAA,1
20260719_LAD@NYY,2026-07-19,NYY,LAD,2,8,0.0,0.5033761858940125,0.5,NYY,LAD,0
20260719_LAD@NYY_2,2026-07-19,NYY,LAD,2,1,1.0,0.39831492304801946,0.3693,LAD,NYY,0
20260719_MIA@MIL,2026-07-19,MIL,MIA,3,1,1.0,0.47373417019844055,0.4793,MIA,MIL,0
20260719_MIN@CHC,2026-07-19,CHC,MIN,10,1,1.0,0.5585150122642517,0.5682,CHC,CHC,1
20260719_NYM@PHI,2026-07-19,PHI,NYM,1,6,0.0,0.5622227787971497,0.5736,PHI,NYM,0
20260719_PIT@CLE,2026-07-19,CLE,PIT,1,7,0.0,0.5961911678314209,0.6229,CLE,PIT,0
20260719_SD@KC,2026-07-19,KC,SD,2,19,0.0,0.3921638727188111,0.3605,SD,SD,1
20260719_SF@SEA,2026-07-19,SEA,SF,6,3,1.0,0.5920039415359497,0.6168,SEA,SEA,1
20260719_STL@AZ,2026-07-19,AZ,STL,8,7,1.0,0.5542919039726257,0.562,AZ,AZ,1
20260719_TB@BOS,2026-07-19,BOS,TB,6,1,1.0,0.5482600331306458,0.5531,BOS,BOS,1
20260719_TEX@ATL,2026-07-19,ATL,TEX,8,5,1.0,0.5358672142028809,0.5349,ATL,ATL,1
20260719_WSH@ATH,2026-07-19,ATH,WSH,2,5,0.0,0.48187345266342163,0.4913,WSH,WSH,1
20260718_BAL@HOU,2026-07-18,HOU,BAL,2,4,0.0,0.5139450430870056,0.5026,HOU,BAL,0
20260718_CIN@COL,2026-07-18,COL,CIN,10,3,1.0,0.46055278182029724,0.4599,CIN,COL,0
20260718_CWS@TOR,2026-07-18,TOR,CWS,1,0,1.0,0.6464024186134338,0.6934,TOR,TOR,1
20260718_DET@LAA,2026-07-18,LAA,DET,0,7,0.0,0.46017649769783014,0.4593,DET,DET,1
20260718_MIA@MIL,2026-07-18,MIL,MIA,8,6,1.0,0.5853281617164612,0.6072,MIL,MIL,1
20260718_MIN@CHC,2026-07-18,CHC,MIN,6,2,1.0,0.45915853977203375,0.4578,MIN,CHC,0
20260718_NYM@PHI,2026-07-18,PHI,NYM,6,1,1.0,0.5733014941215515,0.5898,PHI,PHI,1
20260718_PIT@CLE,2026-07-18,CLE,PIT,5,3,1.0,0.40050542354583735,0.3724,PIT,CLE,0
20260718_PIT@CLE_2,2026-07-18,CLE,PIT,1,7,0.0,0.5030084848403931,0.5,CLE,PIT,0
20260718_SD@KC,2026-07-18,KC,SD,6,1,1.0,0.4689745604991913,0.4723,SD,KC,0
20260718_SF@SEA,2026-07-18,SEA,SF,4,3,1.0,0.5803322792053223,0.6,SEA,SEA,1
20260718_STL@AZ,2026-07-18,AZ,STL,5,3,1.0,0.5633831024169922,0.5753,AZ,AZ,1
20260718_TB@BOS,2026-07-18,BOS,TB,7,6,1.0,0.45492827892303467,0.4516,TB,BOS,0
20260718_TEX@ATL,2026-07-18,ATL,TEX,6,7,0.0,0.5484510660171509,0.5534,ATL,TEX,0
20260718_WSH@ATH,2026-07-18,ATH,WSH,15,1,1.0,0.4755295813083649,0.4819,WSH,ATH,0
20260717_BAL@HOU,2026-07-17,HOU,BAL,2,3,0.0,0.519376277923584,0.5106,HOU,BAL,0
20260717_CIN@COL,2026-07-17,COL,CIN,2,7,0.0,0.512732982635498,0.5008,COL,CIN,0
20260717_CWS@TOR,2026-07-17,TOR,CWS,4,12,0.0,0.6464195847511292,0.6935,TOR,CWS,0
20260717_DET@LAA,2026-07-17,LAA,DET,1,2,0.0,0.47027361392974854,0.4742,DET,DET,1
20260717_LAD@NYY,2026-07-17,NYY,LAD,1,2,0.0,0.522993266582489,0.5159,NYY,LAD,0
20260717_MIA@MIL,2026-07-17,MIL,MIA,2,1,1.0,0.5314759016036987,0.5284,MIL,MIL,1
20260717_MIN@CHC,2026-07-17,CHC,MIN,2,5,0.0,0.5621256828308105,0.5734,CHC,MIN,0
20260717_SD@KC,2026-07-17,KC,SD,7,6,1.0,0.3552932143211364,0.3089,SD,KC,0
20260717_SF@SEA,2026-07-17,SEA,SF,0,7,0.0,0.6074453592300415,0.639,SEA,SF,0
20260717_STL@AZ,2026-07-17,AZ,STL,4,5,0.0,0.5156084299087524,0.505,AZ,STL,0
20260717_TB@BOS,2026-07-17,BOS,TB,5,3,1.0,0.5298250317573547,0.526,BOS,BOS,1
20260717_TB@BOS_2,2026-07-17,BOS,TB,10,0,1.0,0.5268314480781555,0.5216,BOS,BOS,1
20260717_TEX@ATL,2026-07-17,ATL,TEX,15,1,1.0,0.6241083741188049,0.6625,ATL,ATL,1
20260717_WSH@ATH,2026-07-17,ATH,WSH,4,23,0.0,0.4659434854984283,0.4678,WSH,WSH,1
20260716_NYM@PHI,2026-07-16,PHI,NYM,1,4,0.0,0.5178647041320801,0.5083,PHI,NYM,0
20260712_ATH@CWS,2026-07-12,CWS,ATH,9,1,1.0,0.5587013959884644,0.5684,CWS,CWS,1
20260712_ATL@STL,2026-07-12,STL,ATL,3,4,0.0,0.4895696640014649,0.5,ATL,ATL,1
20260712_AZ@LAD,2026-07-12,LAD,AZ,3,5,0.0,0.5591092705726624,0.569,LAD,AZ,0
20260712_BOS@NYM,2026-07-12,NYM,BOS,2,3,0.0,0.4427635967731476,0.4337,BOS,BOS,1
20260712_CHC@CIN,2026-07-12,CIN,CHC,4,8,0.0,0.47431978583335876,0.4801,CHC,CHC,1
20260712_CLE@MIA,2026-07-12,MIA,CLE,2,5,0.0,0.47065687179565435,0.4747,CLE,CLE,1
20260712_COL@SF,2026-07-12,SF,COL,3,1,1.0,0.6288611888885498,0.6692,SF,SF,1
20260712_HOU@TEX,2026-07-12,TEX,HOU,6,5,1.0,0.5586556792259216,0.5684,TEX,TEX,1
20260712_KC@BAL,2026-07-12,BAL,KC,8,2,1.0,0.5486701726913452,0.5537,BAL,BAL,1
20260712_LAA@MIN,2026-07-12,MIN,LAA,4,2,1.0,0.5799968242645264,0.5995,MIN,MIN,1
20260712_MIL@PIT,2026-07-12,PIT,MIL,14,5,1.0,0.48931735754013067,0.5,MIL,PIT,0
20260712_NYY@WSH,2026-07-12,WSH,NYY,3,5,0.0,0.4380975663661957,0.4269,NYY,NYY,1
20260712_PHI@DET,2026-07-12,DET,PHI,0,5,0.0,0.5154324173927307,0.5048,DET,PHI,0
20260712_SEA@TB,2026-07-12,TB,SEA,2,8,0.0,0.6007575392723083,0.6294,TB,SEA,0
20260712_TOR@SD,2026-07-12,SD,TOR,5,4,1.0,0.5879470109939574,0.611,SD,SD,1
20260711_ATH@CWS,2026-07-11,CWS,ATH,1,0,1.0,0.5287302732467651,0.5244,CWS,CWS,1
20260711_ATL@STL,2026-07-11,STL,ATL,4,1,1.0,0.4717409014701844,0.4763,ATL,STL,0
20260711_AZ@LAD,2026-07-11,LAD,AZ,2,9,0.0,0.5885732769966125,0.6119,LAD,AZ,0
20260711_BOS@NYM,2026-07-11,NYM,BOS,0,4,0.0,0.44889435172081,0.4427,BOS,BOS,1
20260711_CHC@CIN,2026-07-11,CIN,CHC,3,5,0.0,0.5154660940170288,0.5048,CIN,CHC,0
20260711_CLE@MIA,2026-07-11,MIA,CLE,1,4,0.0,0.47722133994102484,0.4844,CLE,CLE,1
20260711_COL@SF,2026-07-11,SF,COL,4,2,1.0,0.6891584396362305,0.7503,SF,SF,1
20260711_HOU@TEX,2026-07-11,TEX,HOU,3,9,0.0,0.5238184332847595,0.5171,TEX,HOU,0
20260711_KC@BAL,2026-07-11,BAL,KC,6,1,1.0,0.5624834299087524,0.574,BAL,BAL,1
20260711_LAA@MIN,2026-07-11,MIN,LAA,5,3,1.0,0.5584800839424133,0.5681,MIN,MIN,1
20260711_MIL@PIT,2026-07-11,PIT,MIL,7,6,1.0,0.5038273334503174,0.5,PIT,PIT,1
20260711_MIL@PIT_2,2026-07-11,PIT,MIL,3,2,1.0,0.47710114717483526,0.4842,MIL,PIT,0
20260711_NYY@WSH,2026-07-11,WSH,NYY,2,4,0.0,0.4264954626560211,0.41,NYY,NYY,1
20260711_PHI@DET,2026-07-11,DET,PHI,2,4,0.0,0.59385746717453,0.6195,DET,PHI,0
20260711_SEA@TB,2026-07-11,TB,SEA,6,1,1.0,0.574482262134552,0.5915,TB,TB,1
20260711_TOR@SD,2026-07-11,SD,TOR,8,7,1.0,0.5369012951850891,0.5364,SD,SD,1
20260710_ATH@CWS,2026-07-10,CWS,ATH,14,1,1.0,0.5847702026367188,0.6078,CWS,CWS,1
20260710_ATL@STL,2026-07-10,STL,ATL,2,1,1.0,0.5113898515701294,0.5,STL,STL,1
20260710_AZ@LAD,2026-07-10,LAD,AZ,3,9,0.0,0.6003929972648621,0.6308,LAD,AZ,0
20260710_BOS@NYM,2026-07-10,NYM,BOS,2,6,0.0,0.5346075892448425,0.5326,NYM,BOS,0
20260710_CHC@CIN,2026-07-10,CIN,CHC,4,0,1.0,0.4626474976539611,0.4632,CHC,CIN,0
20260710_CLE@MIA,2026-07-10,MIA,CLE,2,3,0.0,0.4249715209007264,0.4067,CLE,CLE,1
20260710_COL@SF,2026-07-10,SF,COL,3,4,0.0,0.6959535479545593,0.7632,SF,COL,0
20260710_HOU@TEX,2026-07-10,TEX,HOU,7,3,1.0,0.44976985454559326,0.4438,HOU,TEX,0
20260710_KC@BAL,2026-07-10,BAL,KC,5,3,1.0,0.49560943245887756,0.5,KC,BAL,0
20260710_LAA@MIN,2026-07-10,MIN,LAA,3,4,0.0,0.601784348487854,0.6328,MIN,LAA,0
20260710_NYY@WSH,2026-07-10,WSH,NYY,3,5,0.0,0.33052653074264526,0.2717,NYY,NYY,1
20260710_PHI@DET,2026-07-10,DET,PHI,10,2,1.0,0.5803361535072327,0.6012,DET,DET,1
20260710_SEA@TB,2026-07-10,TB,SEA,7,2,1.0,0.5585092306137085,0.5686,TB,TB,1
20260710_TOR@SD,2026-07-10,SD,TOR,3,5,0.0,0.5970572829246521,0.6259,SD,TOR,0
20260709_ATH@DET,2026-07-09,DET,ATH,4,1,1.0,0.4677651822566986,0.4709,ATH,DET,0
20260709_ATL@PIT,2026-07-09,PIT,ATL,5,10,0.0,0.4649915695190429,0.4667,ATL,ATL,1
20260709_AZ@SD,2026-07-09,SD,AZ,1,3,0.0,0.545680582523346,0.5493,SD,AZ,0
20260709_BOS@CWS,2026-07-09,CWS,BOS,1,2,0.0,0.4260205626487732,0.4083,BOS,BOS,1
20260709_CHC@BAL,2026-07-09,BAL,CHC,3,2,1.0,0.5126813054084778,0.5,BAL,BAL,1
20260709_CLE@MIN,2026-07-09,MIN,CLE,2,5,0.0,0.4106334149837494,0.3854,CLE,CLE,1
20260709_COL@SF,2026-07-09,SF,COL,8,2,1.0,0.6909393072128296,0.7567,SF,SF,1
20260709_KC@NYM,2026-07-09,NYM,KC,7,3,1.0,0.46909183263778687,0.4729,KC,NYM,0
20260709_LAA@TEX,2026-07-09,TEX,LAA,7,6,1.0,0.6761791110038757,0.7373,TEX,TEX,1
20260709_MIL@STL,2026-07-09,STL,MIL,4,8,0.0,0.4387891590595245,0.4273,MIL,MIL,1
20260709_NYY@TB,2026-07-09,TB,NYY,4,12,0.0,0.5389207005500793,0.5392,TB,NYY,0
20260709_PHI@CIN,2026-07-09,CIN,PHI,0,1,0.0,0.37771305441856384,0.3375,PHI,PHI,1
20260709_SEA@MIA,2026-07-09,MIA,SEA,8,4,1.0,0.38409560918807983,0.3467,SEA,MIA,0
20260708_ATH@DET,2026-07-08,DET,ATH,6,1,1.0,0.6513459086418152,0.7035,DET,DET,1
20260708_ATL@PIT,2026-07-08,PIT,ATL,0,3,0.0,0.49511882662773127,0.5,ATL,ATL,1
20260708_AZ@SD,2026-07-08,SD,AZ,10,4,1.0,0.5870979428291321,0.6112,SD,SD,1
20260708_BOS@CWS,2026-07-08,CWS,BOS,0,5,0.0,0.4794849157333374,0.4886,BOS,BOS,1
20260708_CHC@BAL,2026-07-08,BAL,CHC,7,9,0.0,0.4508054554462433,0.4454,CHC,CHC,1
20260708_CLE@MIN,2026-07-08,MIN,CLE,6,5,1.0,0.4477166533470153,0.4407,CLE,MIN,0
20260708_COL@LAD,2026-07-08,LAD,COL,4,3,1.0,0.7021158337593079,0.7711,LAD,LAD,1
20260708_HOU@WSH,2026-07-08,WSH,HOU,8,2,1.0,0.47734516859054565,0.4854,HOU,WSH,0
20260708_KC@NYM,2026-07-08,NYM,KC,6,2,1.0,0.45464816689491266,0.4512,KC,NYM,0
20260708_LAA@TEX,2026-07-08,TEX,LAA,1,13,0.0,0.6783035397529602,0.7401,TEX,LAA,0
20260708_MIL@STL,2026-07-08,STL,MIL,5,1,1.0,0.44430339336395264,0.4356,MIL,STL,0
20260708_NYY@TB,2026-07-08,TB,NYY,3,0,1.0,0.492621660232544,0.5,NYY,TB,0
20260708_PHI@CIN,2026-07-08,CIN,PHI,11,5,1.0,0.44800639152526855,0.4412,PHI,CIN,0
20260708_SEA@MIA,2026-07-08,MIA,SEA,2,0,1.0,0.4650292098522186,0.4668,SEA,MIA,0
20260708_TOR@SF,2026-07-08,SF,TOR,0,10,0.0,0.4260837733745575,0.4083,TOR,TOR,1
20260707_ATH@DET,2026-07-07,DET,ATH,6,2,1.0,0.4752433001995087,0.4822,ATH,DET,0
20260707_ATL@PIT,2026-07-07,PIT,ATL,12,4,1.0,0.5000301003456116,0.5,PIT,PIT,1
20260707_AZ@SD,2026-07-07,SD,AZ,4,1,1.0,0.6582270860671997,0.713,SD,SD,1
20260707_BOS@CWS,2026-07-07,CWS,BOS,1,8,0.0,0.4629639089107513,0.4637,BOS,BOS,1
20260707_CHC@BAL,2026-07-07,BAL,CHC,2,5,0.0,0.4277402460575104,0.4108,CHC,CHC,1
20260707_CLE@MIN,2026-07-07,MIN,CLE,3,1,1.0,0.44335427880287176,0.4342,CLE,MIN,0
20260707_COL@LAD,2026-07-07,LAD,COL,3,4,0.0,0.7896212339401245,0.8717,LAD,COL,0
20260707_HOU@WSH,2026-07-07,WSH,HOU,3,6,0.0,0.47606754302978516,0.4835,HOU,HOU,1
20260707_KC@NYM,2026-07-07,NYM,KC,12,16,0.0,0.5768686532974243,0.596,NYM,KC,0
20260707_LAA@TEX,2026-07-07,TEX,LAA,8,3,1.0,0.6592751741409302,0.7144,TEX,TEX,1
20260707_MIL@STL,2026-07-07,STL,MIL,2,10,0.0,0.5291011929512024,0.5243,STL,MIL,0
20260707_MIL@STL_2,2026-07-07,STL,MIL,3,4,0.0,0.3376010954380035,0.2813,MIL,MIL,1
20260707_NYY@TB,2026-07-07,TB,NYY,6,4,1.0,0.556631326675415,0.5658,TB,TB,1
20260707_PHI@CIN,2026-07-07,CIN,PHI,1,4,0.0,0.34559768438339233,0.2923,PHI,PHI,1
20260707_SEA@MIA,2026-07-07,MIA,SEA,6,5,1.0,0.5640043616294861,0.5769,MIA,MIA,1
20260707_TOR@SF,2026-07-07,SF,TOR,3,9,0.0,0.48512333631515503,0.4971,TOR,TOR,1
20260706_AZ@SD,2026-07-06,SD,AZ,0,8,0.0,0.5521185994148254,0.559,SD,AZ,0
20260706_COL@LAD,2026-07-06,LAD,COL,8,7,1.0,0.7781642675399781,0.8598,LAD,LAD,1
20260706_HOU@WSH,2026-07-06,WSH,HOU,12,11,1.0,0.43302059173583984,0.4187,HOU,WSH,0
20260706_MIL@STL,2026-07-06,STL,MIL,3,4,0.0,0.46161088347435,0.4616,MIL,MIL,1
20260706_NYM@ATL,2026-07-06,ATL,NYM,6,7,0.0,0.5676543116569519,0.5823,ATL,NYM,0
20260706_NYY@TB,2026-07-06,TB,NYY,1,5,0.0,0.5004247426986694,0.5,TB,NYY,0
20260706_PHI@KC,2026-07-06,KC,PHI,15,1,1.0,0.2880682349205017,0.2166,PHI,KC,0
20260706_TOR@SF,2026-07-06,SF,TOR,10,1,1.0,0.5232473015785217,0.5155,SF,SF,1
20260705_BAL@CIN,2026-07-05,CIN,BAL,3,2,1.0,0.47551500797271734,0.4826,BAL,CIN,0
20260705_BOS@LAA,2026-07-05,LAA,BOS,5,7,0.0,0.42720010876655584,0.41,BOS,BOS,1
20260705_CWS@CLE,2026-07-05,CLE,CWS,6,7,0.0,0.5746703147888184,0.5928,CLE,CWS,0
20260705_DET@TEX,2026-07-05,TEX,DET,3,6,0.0,0.45809209346771246,0.4563,DET,DET,1
20260705_MIA@ATH,2026-07-05,ATH,MIA,8,9,0.0,0.4936745762825013,0.5,MIA,MIA,1
20260705_MIL@AZ,2026-07-05,AZ,MIL,2,3,0.0,0.45217412710189814,0.4474,MIL,MIL,1
20260705_MIN@NYY,2026-07-05,NYY,MIN,1,6,0.0,0.4740649163722992,0.4804,MIN,MIN,1
20260705_NYM@ATL,2026-07-05,ATL,NYM,9,10,0.0,0.5012463331222534,0.5,ATL,NYM,0
20260705_PHI@KC,2026-07-05,KC,PHI,5,2,1.0,0.4218176305294037,0.402,PHI,KC,0
20260705_PIT@WSH,2026-07-05,WSH,PIT,5,11,0.0,0.4786642789840699,0.4874,PIT,PIT,1
20260705_SD@LAD,2026-07-05,LAD,SD,2,5,0.0,0.6508917212486267,0.7029,LAD,SD,0
20260705_SF@COL,2026-07-05,COL,SF,7,6,1.0,0.5007107853889465,0.5,COL,COL,1
20260705_STL@CHC,2026-07-05,CHC,STL,6,4,1.0,0.6850435137748718,0.749,CHC,CHC,1
20260705_TB@HOU,2026-07-05,HOU,TB,2,0,1.0,0.5916907787322998,0.618,HOU,HOU,1
20260705_TOR@SEA,2026-07-05,SEA,TOR,4,0,1.0,0.5631183385848999,0.5755,SEA,SEA,1
20260704_BAL@CIN,2026-07-04,CIN,BAL,5,8,0.0,0.49215877056121826,0.5,BAL,BAL,1
20260704_BOS@LAA,2026-07-04,LAA,BOS,1,8,0.0,0.36059942841529846,0.3132,BOS,BOS,1
20260704_CWS@CLE,2026-07-04,CLE,CWS,1,3,0.0,0.6701766848564148,0.7292,CLE,CWS,0
20260704_DET@TEX,2026-07-04,TEX,DET,0,3,0.0,0.46401664614677435,0.4653,DET,DET,1
20260704_MIA@ATH,2026-07-04,ATH,MIA,2,7,0.0,0.4422931671142578,0.4326,MIA,MIA,1
20260704_MIL@AZ,2026-07-04,AZ,MIL,4,3,1.0,0.48526772856712336,0.4973,MIL,AZ,0
20260704_MIN@NYY,2026-07-04,NYY,MIN,4,11,0.0,0.5418336391448975,0.5435,NYY,MIN,0
20260704_NYM@ATL,2026-07-04,ATL,NYM,14,3,1.0,0.6076549291610718,0.6414,ATL,ATL,1
20260704_PHI@KC,2026-07-04,KC,PHI,1,6,0.0,0.3794752359390259,0.34,PHI,PHI,1
20260704_PIT@WSH,2026-07-04,WSH,PIT,1,7,0.0,0.41406041383743286,0.3905,PIT,PIT,1
20260704_SD@LAD,2026-07-04,LAD,SD,3,0,1.0,0.6441242694854736,0.6934,LAD,LAD,1
20260704_SF@COL,2026-07-04,COL,SF,4,6,0.0,0.40524527430534363,0.3775,SF,SF,1
20260704_STL@CHC,2026-07-04,CHC,STL,0,3,0.0,0.6243181228637695,0.6654,CHC,STL,0
20260704_TB@HOU,2026-07-04,HOU,TB,10,8,1.0,0.5049061179161072,0.5,HOU,HOU,1
20260704_TOR@SEA,2026-07-04,SEA,TOR,11,0,1.0,0.6372123956680298,0.6837,SEA,SEA,1
20260703_BAL@CIN,2026-07-03,CIN,BAL,0,3,0.0,0.3965345621109008,0.3633,BAL,BAL,1
20260703_BOS@LAA,2026-07-03,LAA,BOS,2,5,0.0,0.4335486590862274,0.4185,BOS,BOS,1
20260703_CWS@CLE,2026-07-03,CLE,CWS,4,3,1.0,0.6780823469161987,0.7418,CLE,CLE,1
20260703_MIA@ATH,2026-07-03,ATH,MIA,5,12,0.0,0.5319029688835144,0.5291,ATH,MIA,0
20260703_MIL@AZ,2026-07-03,AZ,MIL,4,7,0.0,0.5008980631828308,0.5,AZ,MIL,0
20260703_MIN@NYY,2026-07-03,NYY,MIN,5,2,1.0,0.5905368328094482,0.6175,NYY,NYY,1
20260703_NYM@ATL,2026-07-03,ATL,NYM,5,3,1.0,0.5082195997238159,0.5,ATL,ATL,1
20260703_PIT@WSH,2026-07-03,WSH,PIT,9,5,1.0,0.5097115635871887,0.5,WSH,WSH,1
20260703_SD@LAD,2026-07-03,LAD,SD,4,3,1.0,0.6322999000549316,0.6785,LAD,LAD,1
20260703_SF@COL,2026-07-03,COL,SF,15,3,1.0,0.4821467995643616,0.4923,SF,COL,0
20260703_STL@CHC,2026-07-03,CHC,STL,1,17,0.0,0.5033898949623108,0.5,CHC,STL,0
20260703_TB@HOU,2026-07-03,HOU,TB,1,3,0.0,0.5163159966468811,0.5054,HOU,TB,0
20260703_TOR@SEA,2026-07-03,SEA,TOR,0,2,0.0,0.4690700173377991,0.4724,TOR,TOR,1
20260702_CIN@MIL,2026-07-02,MIL,CIN,2,7,0.0,0.6006050109863282,0.6324,MIL,CIN,0
20260702_CWS@CLE,2026-07-02,CLE,CWS,6,5,1.0,0.6976879835128784,0.7675,CLE,CLE,1
20260702_DET@TEX,2026-07-02,TEX,DET,10,4,1.0,0.5828814506530762,0.6061,TEX,TEX,1
20260702_LAA@SEA,2026-07-02,SEA,LAA,1,0,1.0,0.632702648639679,0.679,SEA,SEA,1
20260702_MIA@COL,2026-07-02,COL,MIA,14,4,1.0,0.46089318394660944,0.4599,MIA,COL,0
20260702_PIT@PHI,2026-07-02,PHI,PIT,1,6,0.0,0.6009374260902405,0.6329,PHI,PIT,0
20260702_SD@LAD,2026-07-02,LAD,SD,12,7,1.0,0.672042965888977,0.7337,LAD,LAD,1
20260702_STL@ATL,2026-07-02,ATL,STL,5,11,0.0,0.5266873836517334,0.5212,ATL,STL,0
20260702_TB@KC,2026-07-02,KC,TB,2,5,0.0,0.5251747965812683,0.5189,KC,TB,0
20260701_CIN@MIL,2026-07-01,MIL,CIN,4,2,1.0,0.5852126479148865,0.6096,MIL,MIL,1
20260701_CWS@BAL,2026-07-01,BAL,CWS,6,1,1.0,0.7359828948974609,0.8148,BAL,BAL,1
20260701_DET@NYY,2026-07-01,NYY,DET,2,6,0.0,0.49733677506446844,0.5,DET,DET,1
20260701_LAD@ATH,2026-07-01,ATH,LAD,7,1,1.0,0.4735893607139587,0.4793,LAD,ATH,0
20260701_MIA@COL,2026-07-01,COL,MIA,6,3,1.0,0.43020293116569525,0.4135,MIA,COL,0
20260701_MIN@HOU,2026-07-01,HOU,MIN,3,8,0.0,0.5020164251327515,0.5,HOU,MIN,0
20260701_NYM@TOR,2026-07-01,TOR,NYM,9,3,1.0,0.5195806622505188,0.5103,TOR,TOR,1
20260701_PIT@PHI,2026-07-01,PHI,PIT,10,6,1.0,0.6076966524124144,0.6429,PHI,PHI,1
20260701_SD@CHC,2026-07-01,CHC,SD,23,3,1.0,0.5493876934051514,0.5557,CHC,CHC,1
20260701_SF@AZ,2026-07-01,AZ,SF,4,6,0.0,0.5114473104476929,0.5,AZ,SF,0
20260701_STL@ATL,2026-07-01,ATL,STL,5,1,1.0,0.5517570376396179,0.5593,ATL,ATL,1
20260701_TB@KC,2026-07-01,KC,TB,0,4,0.0,0.5311570167541504,0.528,KC,TB,0
20260701_TEX@CLE,2026-07-01,CLE,TEX,9,4,1.0,0.5838718414306641,0.6076,CLE,CLE,1
20260701_WSH@BOS,2026-07-01,BOS,WSH,2,10,0.0,0.5182707905769348,0.5083,BOS,WSH,0
20260630_CIN@MIL,2026-06-30,MIL,CIN,7,2,1.0,0.610377848148346,0.6468,MIL,MIL,1
20260630_CWS@BAL,2026-06-30,BAL,CWS,3,9,0.0,0.682823896408081,0.7481,BAL,CWS,0
20260630_DET@NYY,2026-06-30,NYY,DET,3,9,0.0,0.5188572406768799,0.5092,NYY,DET,0
20260630_LAA@SEA,2026-06-30,SEA,LAA,8,3,1.0,0.6376860141754152,0.6861,SEA,SEA,1
20260630_LAD@ATH,2026-06-30,ATH,LAD,3,9,0.0,0.3501888811588288,0.2968,LAD,LAD,1
20260630_MIA@COL,2026-06-30,COL,MIA,3,14,0.0,0.4722486734390259,0.4772,MIA,MIA,1
20260630_MIN@HOU,2026-06-30,HOU,MIN,6,4,1.0,0.4433397948741913,0.4333,MIN,HOU,0
20260630_NYM@TOR,2026-06-30,TOR,NYM,0,3,0.0,0.4826118052005768,0.493,NYM,NYM,1
20260630_PIT@PHI,2026-06-30,PHI,PIT,8,0,1.0,0.6428106427192688,0.6934,PHI,PHI,1
20260630_SD@CHC,2026-06-30,CHC,SD,9,7,1.0,0.5826734900474548,0.6058,CHC,CHC,1
20260630_SF@AZ,2026-06-30,AZ,SF,8,2,1.0,0.47907412052154535,0.4876,SF,AZ,0
20260630_STL@ATL,2026-06-30,ATL,STL,3,5,0.0,0.4979013502597809,0.5,STL,STL,1
20260630_TB@KC,2026-06-30,KC,TB,4,10,0.0,0.5029152035713195,0.5,KC,TB,0
20260630_TEX@CLE,2026-06-30,CLE,TEX,2,4,0.0,0.5564551949501038,0.5664,CLE,TEX,0
20260630_WSH@BOS,2026-06-30,BOS,WSH,1,8,0.0,0.48093381524085993,0.4904,WSH,WSH,1
20260629_CIN@MIL,2026-06-29,MIL,CIN,5,3,1.0,0.6277820467948914,0.672,MIL,MIL,1
20260629_CWS@BAL,2026-06-29,BAL,CWS,2,8,0.0,0.6983914375305176,0.7684,BAL,CWS,0
20260629_DET@NYY,2026-06-29,NYY,DET,3,7,0.0,0.534000039100647,0.5323,NYY,DET,0
20260629_LAA@SEA,2026-06-29,SEA,LAA,6,2,1.0,0.6544987559318542,0.7097,SEA,SEA,1
20260629_LAD@ATH,2026-06-29,ATH,LAD,4,9,0.0,0.4772905111312866,0.4849,LAD,LAD,1
20260629_MIA@COL,2026-06-29,COL,MIA,7,10,0.0,0.47435063123703003,0.4804,MIA,MIA,1
20260629_MIN@HOU,2026-06-29,HOU,MIN,4,5,0.0,0.49380889534950256,0.5,MIN,MIN,1
20260629_NYM@TOR,2026-06-29,TOR,NYM,2,1,1.0,0.5891404151916504,0.6155,TOR,TOR,1
20260629_PIT@PHI,2026-06-29,PHI,PIT,7,11,0.0,0.558394730091095,0.5693,PHI,PIT,0
20260629_SD@CHC,2026-06-29,CHC,SD,3,2,1.0,0.49952724575996393,0.5,SD,CHC,0
20260629_SF@AZ,2026-06-29,AZ,SF,5,4,1.0,0.487899661064148,0.5,SF,AZ,0
20260629_TEX@CLE,2026-06-29,CLE,TEX,3,6,0.0,0.6366485953330994,0.6846,CLE,TEX,0
20260629_WSH@BOS,2026-06-29,BOS,WSH,6,3,1.0,0.527737021446228,0.5228,BOS,BOS,1
20260628_ATH@LAA,2026-06-28,LAA,ATH,4,1,1.0,0.503752589225769,0.5,LAA,LAA,1
20260628_ATL@SF,2026-06-28,SF,ATL,3,2,1.0,0.4981900155544281,0.5,ATL,SF,0
20260628_AZ@TB,2026-06-28,TB,AZ,5,1,1.0,0.5878570675849915,0.6136,TB,TB,1
20260628_CHC@MIL,2026-06-28,MIL,CHC,3,4,0.0,0.5621272325515747,0.575,MIL,CHC,0
20260628_CIN@PIT,2026-06-28,PIT,CIN,9,4,1.0,0.5689881443977355,0.5853,PIT,PIT,1
20260628_COL@MIN,2026-06-28,MIN,COL,3,2,1.0,0.6325347423553467,0.6788,MIN,MIN,1
20260628_HOU@DET,2026-06-28,DET,HOU,5,7,0.0,0.42049273848533625,0.3989,HOU,HOU,1
20260628_KC@CWS,2026-06-28,CWS,KC,4,5,0.0,0.527748703956604,0.5228,CWS,KC,0
20260628_LAD@SD,2026-06-28,SD,LAD,2,4,0.0,0.4748380780220032,0.4812,LAD,LAD,1
20260628_MIA@STL,2026-06-28,STL,MIA,2,1,1.0,0.5318253636360168,0.529,STL,STL,1
20260628_NYY@BOS,2026-06-28,BOS,NYY,5,4,1.0,0.3772363960742951,0.3352,NYY,BOS,0
20260628_PHI@NYM,2026-06-28,NYM,PHI,4,5,0.0,0.4695594906806945,0.4731,PHI,PHI,1
20260628_SEA@CLE,2026-06-28,CLE,SEA,6,5,1.0,0.6353350281715393,0.6828,CLE,CLE,1
20260628_TEX@TOR,2026-06-28,TOR,TEX,2,3,0.0,0.5698330998420715,0.5866,TOR,TEX,0
20260628_WSH@BAL,2026-06-28,BAL,WSH,4,6,0.0,0.6087774634361267,0.6444,BAL,WSH,0
20260627_ATH@LAA,2026-06-27,LAA,ATH,5,2,1.0,0.5049501657485962,0.5,LAA,LAA,1
20260627_ATL@SF,2026-06-27,SF,ATL,5,0,1.0,0.49026334285736084,0.5,ATL,SF,0
20260627_AZ@TB,2026-06-27,TB,AZ,4,2,1.0,0.5157860517501831,0.5046,TB,TB,1
20260627_CHC@MIL,2026-06-27,MIL,CHC,2,8,0.0,0.6647549867630006,0.7238,MIL,CHC,0
20260627_CIN@PIT,2026-06-27,PIT,CIN,7,9,0.0,0.4950289428234101,0.5,CIN,CIN,1
20260627_COL@MIN,2026-06-27,MIN,COL,5,8,0.0,0.6342237591743469,0.6812,MIN,COL,0
20260627_HOU@DET,2026-06-27,DET,HOU,6,8,0.0,0.5444344282150269,0.5482,DET,HOU,0
20260627_KC@CWS,2026-06-27,CWS,KC,2,1,1.0,0.4872918426990509,0.5,KC,CWS,0
20260627_LAD@SD,2026-06-27,SD,LAD,3,15,0.0,0.5215656161308289,0.5134,SD,LAD,0
20260627_MIA@STL,2026-06-27,STL,MIA,1,5,0.0,0.5865545272827148,0.6116,STL,MIA,0
20260627_NYY@BOS,2026-06-27,BOS,NYY,4,1,1.0,0.40067857503890997,0.3695,NYY,BOS,0
20260627_PHI@NYM,2026-06-27,NYM,PHI,6,2,1.0,0.5118530988693237,0.5,NYM,NYM,1
20260627_SEA@CLE,2026-06-27,CLE,SEA,4,3,1.0,0.5288683772087097,0.5245,CLE,CLE,1
20260627_TEX@TOR,2026-06-27,TOR,TEX,4,7,0.0,0.6365575194358826,0.6845,TOR,TEX,0
20260627_WSH@BAL,2026-06-27,BAL,WSH,3,4,0.0,0.5861502289772034,0.611,BAL,WSH,0
20260626_ATH@LAA,2026-06-26,LAA,ATH,3,9,0.0,0.5047522187232971,0.5,LAA,ATH,0
20260626_ATL@SF,2026-06-26,SF,ATL,1,3,0.0,0.49276676774024963,0.5,ATL,ATL,1
20260626_AZ@TB,2026-06-26,TB,AZ,6,1,1.0,0.566476047039032,0.5826,TB,TB,1
20260626_CHC@MIL,2026-06-26,MIL,CHC,6,2,1.0,0.57462078332901,0.5947,MIL,MIL,1
20260626_CIN@PIT,2026-06-26,PIT,CIN,4,6,0.0,0.5520661473274231,0.561,PIT,CIN,0
20260626_COL@MIN,2026-06-26,MIN,COL,9,8,1.0,0.5774048566818237,0.5988,MIN,MIN,1
20260626_HOU@DET,2026-06-26,DET,HOU,8,0,1.0,0.5335766673088074,0.5331,DET,DET,1
20260626_KC@CWS,2026-06-26,CWS,KC,22,1,1.0,0.4849635064601899,0.4949,KC,CWS,0
20260626_LAD@SD,2026-06-26,SD,LAD,7,1,1.0,0.5304667949676515,0.5284,SD,SD,1
20260626_MIA@STL,2026-06-26,STL,MIA,0,4,0.0,0.5316987633705139,0.5303,STL,MIA,0
20260626_NYY@BOS,2026-06-26,BOS,NYY,6,1,1.0,0.4694718718528748,0.4715,NYY,BOS,0
20260626_PHI@NYM,2026-06-26,NYM,PHI,1,2,0.0,0.5271998047828674,0.5235,NYM,PHI,0
20260626_SEA@CLE,2026-06-26,CLE,SEA,1,3,0.0,0.5382459163665771,0.5402,CLE,SEA,0
20260626_TEX@TOR,2026-06-26,TOR,TEX,4,5,0.0,0.5660209655761719,0.5819,TOR,TEX,0
20260626_WSH@BAL,2026-06-26,BAL,WSH,3,1,1.0,0.5459471344947815,0.5518,BAL,BAL,1
20260625_ATH@SF,2026-06-25,SF,ATH,6,9,0.0,0.4895845353603363,0.5,ATH,ATH,1
20260625_CHC@NYM,2026-06-25,NYM,CHC,3,4,0.0,0.524152398109436,0.5189,NYM,CHC,0
20260625_HOU@DET,2026-06-25,DET,HOU,1,2,0.0,0.5456399917602539,0.5513,DET,HOU,0
20260625_KC@TB,2026-06-25,TB,KC,13,2,1.0,0.5562856793403625,0.5673,TB,TB,1
20260625_NYY@BOS,2026-06-25,BOS,NYY,6,3,1.0,0.47516894340515137,0.4801,NYY,BOS,0
20260625_PHI@WSH,2026-06-25,WSH,PHI,5,10,0.0,0.4953176081180573,0.5,PHI,PHI,1
20260625_SEA@PIT,2026-06-25,PIT,SEA,5,1,1.0,0.5303505659103394,0.5283,PIT,PIT,1
20260625_TEX@TOR,2026-06-25,TOR,TEX,5,6,0.0,0.560951828956604,0.5743,TOR,TEX,0
20260624_ATH@SF,2026-06-24,SF,ATH,2,1,1.0,0.5090076923370361,0.5,SF,SF,1
20260624_ATL@SD,2026-06-24,SD,ATL,5,2,1.0,0.5220409631729126,0.5157,SD,SD,1
20260624_AZ@STL,2026-06-24,STL,AZ,4,9,0.0,0.5192931890487671,0.5116,STL,AZ,0
20260624_BAL@LAA,2026-06-24,LAA,BAL,7,6,1.0,0.48937842249870295,0.5,BAL,LAA,0
20260624_BOS@COL,2026-06-24,COL,BOS,8,6,1.0,0.4653246104717255,0.4652,BOS,COL,0
20260624_CHC@NYM,2026-06-24,NYM,CHC,5,10,0.0,0.524152398109436,0.5189,NYM,CHC,0
20260624_CHC@NYM_2,2026-06-24,NYM,CHC,3,10,0.0,0.5334383845329285,0.5329,NYM,CHC,0
20260624_CLE@CWS,2026-06-24,CWS,CLE,3,4,0.0,0.46952375769615173,0.4716,CLE,CLE,1
20260624_HOU@TOR,2026-06-24,TOR,HOU,1,3,0.0,0.5212206840515137,0.5145,TOR,HOU,0
20260624_KC@TB,2026-06-24,TB,KC,5,3,1.0,0.5466601252555847,0.5528,TB,TB,1
20260624_LAD@MIN,2026-06-24,MIN,LAD,3,4,0.0,0.48196625709533686,0.4903,LAD,LAD,1
20260624_MIL@CIN,2026-06-24,CIN,MIL,5,6,0.0,0.47862032055854803,0.4853,MIL,MIL,1
20260624_NYY@DET,2026-06-24,DET,NYY,2,4,0.0,0.5240750908851624,0.5188,DET,NYY,0
20260624_PHI@WSH,2026-06-24,WSH,PHI,4,5,0.0,0.4953176081180573,0.5,PHI,PHI,1
20260624_SEA@PIT,2026-06-24,PIT,SEA,11,1,1.0,0.5396218895912172,0.5422,PIT,PIT,1
20260624_TEX@MIA,2026-06-24,MIA,TEX,4,2,1.0,0.5647960305213928,0.5801,MIA,MIA,1
20260623_ATH@SF,2026-06-23,SF,ATH,3,1,1.0,0.5048435926437378,0.5,SF,SF,1
20260623_ATL@SD,2026-06-23,SD,ATL,7,6,1.0,0.5410090684890747,0.5443,SD,SD,1
20260623_AZ@STL,2026-06-23,STL,AZ,3,4,0.0,0.538908839225769,0.5412,STL,AZ,0
20260623_BAL@LAA,2026-06-23,LAA,BAL,5,1,1.0,0.49001145362854,0.5,BAL,LAA,0
20260623_BOS@COL,2026-06-23,COL,BOS,2,5,0.0,0.49186050891876215,0.5,BOS,BOS,1
20260623_CHC@NYM,2026-06-23,NYM,CHC,6,9,0.0,0.5338433980941772,0.5335,NYM,CHC,0
20260623_CLE@CWS,2026-06-23,CWS,CLE,2,1,1.0,0.46952375769615173,0.4716,CLE,CWS,0
20260623_HOU@TOR,2026-06-23,TOR,HOU,7,9,0.0,0.5170618891716003,0.5082,TOR,HOU,0
20260623_KC@TB,2026-06-23,TB,KC,5,12,0.0,0.5374090671539307,0.5389,TB,KC,0
20260623_LAD@MIN,2026-06-23,MIN,LAD,3,12,0.0,0.4726955294609069,0.4763,LAD,LAD,1
20260623_MIL@CIN,2026-06-23,CIN,MIL,0,2,0.0,0.4710947573184967,0.4739,MIL,MIL,1
20260623_NYY@DET,2026-06-23,DET,NYY,3,4,0.0,0.5165428519248962,0.5074,DET,NYY,0
20260623_PHI@WSH,2026-06-23,WSH,PHI,9,14,0.0,0.4867074787616729,0.4975,PHI,PHI,1
20260623_SEA@PIT,2026-06-23,PIT,SEA,2,3,0.0,0.5096189975738525,0.5,PIT,SEA,0
20260623_TEX@MIA,2026-06-23,MIA,TEX,6,4,1.0,0.5112749338150024,0.5,MIA,MIA,1
20260622_ATL@SD,2026-06-22,SD,ATL,1,0,1.0,0.5179116725921631,0.5095,SD,SD,1
20260622_AZ@STL,2026-06-22,STL,AZ,3,2,1.0,0.5351628065109253,0.5355,STL,STL,1
20260622_BAL@LAA,2026-06-22,LAA,BAL,1,6,0.0,0.4879879057407379,0.4994,BAL,BAL,1
20260622_BOS@COL,2026-06-22,COL,BOS,3,2,1.0,0.4770382642745972,0.4829,BOS,COL,0
20260622_CLE@CWS,2026-06-22,CWS,CLE,6,5,1.0,0.4502302408218384,0.4425,CLE,CWS,0
20260622_HOU@TOR,2026-06-22,TOR,HOU,4,2,1.0,0.5305126905441284,0.5285,TOR,TOR,1
20260622_KC@TB,2026-06-22,TB,KC,1,2,0.0,0.5634907484054565,0.5781,TB,KC,0
20260622_LAD@MIN,2026-06-22,MIN,LAD,1,2,0.0,0.4610377252101898,0.4588,LAD,LAD,1
20260622_MIL@CIN,2026-06-22,CIN,MIL,1,2,0.0,0.4710947573184967,0.4739,MIL,MIL,1
20260622_NYY@DET,2026-06-22,DET,NYY,5,3,1.0,0.5123814344406128,0.5011,DET,DET,1
20260622_PHI@WSH,2026-06-22,WSH,PHI,4,1,1.0,0.4994823932647704,0.5,PHI,WSH,0
20260622_TEX@MIA,2026-06-22,MIA,TEX,3,4,0.0,0.5223820209503174,0.5162,MIA,TEX,0
20260621_BAL@LAD,2026-06-21,LAD,BAL,1,12,0.0,0.557808518409729,0.5696,LAD,BAL,0
20260621_BOS@SEA,2026-06-21,SEA,BOS,3,1,1.0,0.5095326900482178,0.5,SEA,SEA,1
20260621_CIN@NYY,2026-06-21,NYY,CIN,1,4,0.0,0.5205771327018738,0.5135,NYY,CIN,0
20260621_CLE@HOU,2026-06-21,HOU,CLE,2,1,1.0,0.526218593120575,0.522,HOU,HOU,1
20260621_CWS@DET,2026-06-21,DET,CWS,5,4,1.0,0.5896486639976503,0.617,DET,DET,1
20260621_LAA@ATH,2026-06-21,ATH,LAA,7,9,0.0,0.5274202823638916,0.5238,ATH,LAA,0
20260621_MIL@ATL,2026-06-21,ATL,MIL,4,9,0.0,0.5160680413246155,0.5067,ATL,MIL,0
20260621_MIN@AZ,2026-06-21,AZ,MIN,2,4,0.0,0.5459616780281068,0.5518,AZ,MIN,0
20260621_NYM@PHI,2026-06-21,PHI,NYM,6,2,1.0,0.5966692566871643,0.6273,PHI,PHI,1
20260621_PIT@COL,2026-06-21,COL,PIT,6,8,0.0,0.4896991848945617,0.5,PIT,PIT,1
20260621_SD@TEX,2026-06-21,TEX,SD,4,3,1.0,0.5461908578872681,0.5521,TEX,TEX,1
20260621_SF@MIA,2026-06-21,MIA,SF,2,1,1.0,0.49001145362854,0.5,SF,MIA,0
20260621_STL@KC,2026-06-21,KC,STL,10,12,0.0,0.5263528227806091,0.5222,KC,STL,0
20260621_WSH@TB,2026-06-21,TB,WSH,4,3,1.0,0.5677564740180969,0.5845,TB,TB,1
20260620_BAL@LAD,2026-06-20,LAD,BAL,2,3,0.0,0.5485970973968506,0.5558,LAD,BAL,0
20260620_BOS@SEA,2026-06-20,SEA,BOS,1,5,0.0,0.512910783290863,0.5019,SEA,BOS,0
20260620_CIN@NYY,2026-06-20,NYY,CIN,2,10,0.0,0.5513179898262024,0.5598,NYY,CIN,0
20260620_CLE@HOU,2026-06-20,HOU,CLE,1,8,0.0,0.5441809892654419,0.5491,HOU,CLE,0
20260620_CWS@DET,2026-06-20,DET,CWS,4,1,1.0,0.5896486639976503,0.617,DET,DET,1
20260620_LAA@ATH,2026-06-20,ATH,LAA,0,7,0.0,0.5434216856956482,0.548,ATH,LAA,0
20260620_MIL@ATL,2026-06-20,ATL,MIL,4,3,1.0,0.4997684955596924,0.5,MIL,ATL,0
20260620_MIN@AZ,2026-06-20,AZ,MIN,8,16,0.0,0.5551832318305969,0.5656,AZ,MIN,0
20260620_NYM@PHI,2026-06-20,PHI,NYM,15,3,1.0,0.5516183376312256,0.5603,PHI,PHI,1
20260620_PIT@COL,2026-06-20,COL,PIT,2,1,1.0,0.4896991848945617,0.5,PIT,COL,0
20260620_SD@TEX,2026-06-20,TEX,SD,4,6,0.0,0.5351014733314514,0.5354,TEX,SD,0
20260620_SF@MIA,2026-06-20,MIA,SF,6,3,1.0,0.49417537450790405,0.5,SF,MIA,0
20260620_TOR@CHC,2026-06-20,CHC,TOR,6,8,0.0,0.5769453644752502,0.5982,CHC,TOR,0
20260620_WSH@TB,2026-06-20,TB,WSH,3,4,0.0,0.5718402862548829,0.5906,TB,WSH,0
20260619_BAL@LAD,2026-06-19,LAD,BAL,6,5,1.0,0.5529806017875671,0.562,LAD,LAD,1
20260619_BOS@SEA,2026-06-19,SEA,BOS,2,6,0.0,0.5477554798126221,0.5542,SEA,BOS,0
20260619_CIN@NYY,2026-06-19,NYY,CIN,5,0,1.0,0.5529806017875671,0.562,NYY,NYY,1
20260619_CLE@HOU,2026-06-19,HOU,CLE,9,3,1.0,0.49739119410514826,0.5,CLE,HOU,0
20260619_CWS@DET,2026-06-19,DET,CWS,4,3,1.0,0.6041145920753479,0.6374,DET,DET,1
20260619_LAA@ATH,2026-06-19,ATH,LAA,12,11,1.0,0.5349590182304383,0.5351,ATH,ATH,1
20260619_MIL@ATL,2026-06-19,ATL,MIL,3,2,1.0,0.5078095197677612,0.5,ATL,ATL,1
20260619_MIN@AZ,2026-06-19,AZ,MIN,9,5,1.0,0.5634648203849792,0.5776,AZ,AZ,1
20260619_PIT@COL,2026-06-19,COL,PIT,4,3,1.0,0.4949090182781219,0.5,PIT,COL,0
20260619_SD@TEX,2026-06-19,TEX,SD,9,7,1.0,0.525235116481781,0.5205,TEX,TEX,1
20260619_SF@MIA,2026-06-19,MIA,SF,4,3,1.0,0.47819110751152033,0.4847,SF,MIA,0
20260619_STL@KC,2026-06-19,KC,STL,6,5,1.0,0.531311869621277,0.5296,KC,KC,1
20260619_TOR@CHC,2026-06-19,CHC,TOR,16,2,1.0,0.5514639616012573,0.5598,CHC,CHC,1
20260619_WSH@TB,2026-06-19,TB,WSH,5,2,1.0,0.5365662574768066,0.5375,TB,TB,1
20260618_BAL@SEA,2026-06-18,SEA,BAL,3,0,1.0,0.5537558197975158,0.5632,SEA,SEA,1
20260618_CLE@MIL,2026-06-18,MIL,CLE,2,4,0.0,0.5036675930023193,0.5,MIL,CLE,0
20260618_CWS@NYY,2026-06-18,NYY,CWS,1,5,0.0,0.5926100015640259,0.6206,NYY,CWS,0
20260618_LAA@ATH,2026-06-18,ATH,LAA,5,0,1.0,0.5302871465682983,0.5281,ATH,ATH,1
20260618_MIN@TEX,2026-06-18,TEX,MIN,3,9,0.0,0.5437895059585571,0.5483,TEX,MIN,0
20260618_NYM@PHI,2026-06-18,PHI,NYM,4,6,0.0,0.535700261592865,0.5362,PHI,NYM,0
20260618_STL@KC,2026-06-18,KC,STL,14,6,1.0,0.5218782424926758,0.5154,KC,KC,1
20260618_TOR@BOS,2026-06-18,BOS,TOR,3,4,0.0,0.5327709317207336,0.5318,BOS,TOR,0
20260617_BAL@SEA,2026-06-17,SEA,BAL,3,5,0.0,0.5443865656852722,0.5492,SEA,BAL,0
20260617_CLE@MIL,2026-06-17,MIL,CLE,9,4,1.0,0.514110267162323,0.5038,MIL,MIL,1
20260617_COL@CHC,2026-06-17,CHC,COL,8,6,1.0,0.615991473197937,0.6545,CHC,CHC,1
20260617_CWS@NYY,2026-06-17,NYY,CWS,10,5,1.0,0.6091728806495667,0.6447,NYY,NYY,1
20260617_DET@HOU,2026-06-17,HOU,DET,4,2,1.0,0.5284850001335144,0.5253,HOU,HOU,1
20260617_KC@WSH,2026-06-17,WSH,KC,2,6,0.0,0.5234094858169556,0.5177,WSH,KC,0
20260617_LAA@AZ,2026-06-17,AZ,LAA,8,1,1.0,0.581301748752594,0.604,AZ,AZ,1
20260617_MIA@PHI,2026-06-17,PHI,MIA,4,12,0.0,0.525293231010437,0.5206,PHI,MIA,0
20260617_NYM@CIN,2026-06-17,CIN,NYM,1,9,0.0,0.5061227679252625,0.5,CIN,NYM,0
20260617_PIT@ATH,2026-06-17,ATH,PIT,4,12,0.0,0.5099588632583618,0.5,ATH,PIT,0
20260617_SD@STL,2026-06-17,STL,SD,1,6,0.0,0.5370801687240601,0.5382,STL,SD,0
20260617_SF@ATL,2026-06-17,ATL,SF,5,7,0.0,0.5396180748939514,0.542,ATL,SF,0
20260617_TB@LAD,2026-06-17,LAD,TB,5,4,1.0,0.5529806017875671,0.562,LAD,LAD,1
20260617_TOR@BOS,2026-06-17,BOS,TOR,0,3,0.0,0.5327709317207336,0.5318,BOS,TOR,0
20260616_BAL@SEA,2026-06-16,SEA,BAL,3,1,1.0,0.5529806017875671,0.562,SEA,SEA,1
20260616_CLE@MIL,2026-06-16,MIL,CLE,2,1,1.0,0.5036675930023193,0.5,MIL,MIL,1
20260616_COL@CHC,2026-06-16,CHC,COL,2,5,0.0,0.615991473197937,0.6545,CHC,COL,0
20260616_CWS@NYY,2026-06-16,NYY,CWS,12,2,1.0,0.5888692736625671,0.6152,NYY,NYY,1
20260616_DET@HOU,2026-06-16,HOU,DET,4,2,1.0,0.5284850001335144,0.5253,HOU,HOU,1
20260616_KC@WSH,2026-06-16,WSH,KC,6,4,1.0,0.47707629203796387,0.483,KC,WSH,0
20260616_LAA@AZ,2026-06-16,AZ,LAA,0,7,0.0,0.5788779854774475,0.6005,AZ,LAA,0
20260616_MIA@PHI,2026-06-16,PHI,MIA,8,2,1.0,0.5443210005760193,0.5491,PHI,PHI,1
20260616_MIN@TEX,2026-06-16,TEX,MIN,2,12,0.0,0.554135262966156,0.5637,TEX,MIN,0
20260616_NYM@CIN,2026-06-16,CIN,NYM,5,3,1.0,0.5061227679252625,0.5,CIN,CIN,1
20260616_PIT@ATH,2026-06-16,ATH,PIT,5,6,0.0,0.5099588632583618,0.5,ATH,PIT,0
20260616_SD@STL,2026-06-16,STL,SD,3,2,1.0,0.5266766548156738,0.5226,STL,STL,1
20260616_SF@ATL,2026-06-16,ATL,SF,2,7,0.0,0.5396180748939514,0.542,ATL,SF,0
20260616_TB@LAD,2026-06-16,LAD,TB,1,0,1.0,0.5537558197975158,0.5632,LAD,LAD,1
20260616_TOR@BOS,2026-06-16,BOS,TOR,1,6,0.0,0.4967364966869354,0.5,TOR,TOR,1
20260615_COL@CHC,2026-06-15,CHC,COL,5,4,1.0,0.6184825301170349,0.6581,CHC,CHC,1
20260615_DET@HOU,2026-06-15,HOU,DET,3,9,0.0,0.5087595582008362,0.5,HOU,DET,0
20260615_KC@WSH,2026-06-15,WSH,KC,7,3,1.0,0.4755872189998626,0.4808,KC,WSH,0
20260615_LAA@AZ,2026-06-15,AZ,LAA,4,3,1.0,0.581301748752594,0.604,AZ,AZ,1
20260615_MIA@PHI,2026-06-15,PHI,MIA,7,0,1.0,0.5443210005760193,0.5491,PHI,PHI,1
20260615_MIN@TEX,2026-06-15,TEX,MIN,2,4,0.0,0.554135262966156,0.5637,TEX,MIN,0
20260615_NYM@CIN,2026-06-15,CIN,NYM,12,0,1.0,0.5155786275863647,0.506,CIN,CIN,1
20260615_PIT@ATH,2026-06-15,ATH,PIT,11,2,1.0,0.5121742486953735,0.5009,ATH,ATH,1
20260615_SD@STL,2026-06-15,STL,SD,3,0,1.0,0.5284411907196045,0.5253,STL,STL,1
20260615_TB@LAD,2026-06-15,LAD,TB,4,3,1.0,0.5434085130691528,0.5477,LAD,LAD,1
20260614_ATL@NYM,2026-06-14,NYM,ATL,8,1,1.0,0.5157044529914856,0.5062,NYM,NYM,1
20260614_AZ@CIN,2026-06-14,CIN,AZ,3,5,0.0,0.5489482879638672,0.556,CIN,AZ,0
20260614_CHC@SF,2026-06-14,SF,CHC,5,1,1.0,0.5133494138717651,0.5026,SF,SF,1
20260614_COL@ATH,2026-06-14,ATH,COL,9,23,0.0,0.5668549537658691,0.5827,ATH,COL,0
20260614_HOU@KC,2026-06-14,KC,HOU,4,0,1.0,0.5285879969596863,0.5255,KC,KC,1
20260614_LAD@CWS,2026-06-14,CWS,LAD,6,4,1.0,0.4837555587291717,0.493,LAD,CWS,0
20260614_MIA@PIT,2026-06-14,PIT,MIA,2,4,0.0,0.527314305305481,0.5236,PIT,MIA,0
20260614_NYY@TOR,2026-06-14,TOR,NYY,3,8,0.0,0.5078368782997131,0.5,TOR,NYY,0
20260614_PHI@MIL,2026-06-14,MIL,PHI,4,0,1.0,0.5351333618164062,0.5353,MIL,MIL,1
20260614_SD@BAL,2026-06-14,BAL,SD,2,5,0.0,0.47068139910697937,0.4734,SD,SD,1
20260614_SEA@WSH,2026-06-14,WSH,SEA,10,1,1.0,0.4958769679069519,0.5,SEA,WSH,0
20260614_STL@MIN,2026-06-14,MIN,STL,5,4,1.0,0.5055752396583557,0.5,MIN,MIN,1
20260614_TB@LAA,2026-06-14,LAA,TB,3,8,0.0,0.5234094858169556,0.5177,LAA,TB,0
20260614_TEX@BOS,2026-06-14,BOS,TEX,4,6,0.0,0.519677996635437,0.5121,BOS,TEX,0
20260613_ATL@NYM,2026-06-13,NYM,ATL,1,3,0.0,0.505263090133667,0.5,NYM,ATL,0
20260613_AZ@CIN,2026-06-13,CIN,AZ,2,1,1.0,0.5395620465278625,0.542,CIN,CIN,1
20260613_CHC@SF,2026-06-13,SF,CHC,1,6,0.0,0.5227974653244019,0.5168,SF,CHC,0
20260613_COL@ATH,2026-06-13,ATH,COL,7,5,1.0,0.5668549537658691,0.5827,ATH,ATH,1
20260613_DET@CLE,2026-06-13,CLE,DET,3,1,1.0,0.56910640001297,0.586,CLE,CLE,1
20260613_HOU@KC,2026-06-13,KC,HOU,7,8,0.0,0.5285879969596863,0.5255,KC,HOU,0
20260613_LAD@CWS,2026-06-13,CWS,LAD,1,7,0.0,0.4672004282474518,0.4682,LAD,LAD,1
20260613_MIA@PIT,2026-06-13,PIT,MIA,3,2,1.0,0.527314305305481,0.5236,PIT,PIT,1
20260613_NYY@TOR,2026-06-13,TOR,NYY,1,3,0.0,0.49739119410514826,0.5,NYY,NYY,1
20260613_PHI@MIL,2026-06-13,MIL,PHI,8,9,0.0,0.5437555909156799,0.5482,MIL,PHI,0
20260613_SD@BAL,2026-06-13,BAL,SD,3,9,0.0,0.5063667893409729,0.5,BAL,SD,0
20260613_SEA@WSH,2026-06-13,WSH,SEA,8,3,1.0,0.51786071062088,0.5094,WSH,WSH,1
20260613_STL@MIN,2026-06-13,MIN,STL,6,9,0.0,0.5055752396583557,0.5,MIN,STL,0
20260613_TB@LAA,2026-06-13,LAA,TB,8,0,1.0,0.516131579875946,0.5068,LAA,LAA,1
20260613_TEX@BOS,2026-06-13,BOS,TEX,6,3,1.0,0.542443573474884,0.5463,BOS,BOS,1
20260612_ATL@NYM,2026-06-12,NYM,ATL,7,5,1.0,0.4811725914478302,0.4888,ATL,NYM,0
20260612_AZ@CIN,2026-06-12,CIN,AZ,2,5,0.0,0.5151932239532471,0.5058,CIN,AZ,0
20260612_CHC@SF,2026-06-12,SF,CHC,1,5,0.0,0.5006897449493408,0.5,SF,CHC,0
20260612_COL@ATH,2026-06-12,ATH,COL,6,4,1.0,0.6167039275169374,0.655,ATH,ATH,1
20260612_DET@CLE,2026-06-12,CLE,DET,3,2,1.0,0.5559054017066956,0.5664,CLE,CLE,1
20260612_HOU@KC,2026-06-12,KC,HOU,8,10,0.0,0.5161575078964233,0.5072,KC,HOU,0
20260612_LAD@CWS,2026-06-12,CWS,LAD,8,2,1.0,0.44669044017791754,0.4375,LAD,CWS,0
20260612_MIA@PIT,2026-06-12,PIT,MIA,3,8,0.0,0.5321096181869507,0.531,PIT,MIA,0
20260612_NYY@TOR,2026-06-12,TOR,NYY,8,5,1.0,0.5439162850379944,0.5486,TOR,TOR,1
20260612_PHI@MIL,2026-06-12,MIL,PHI,6,0,1.0,0.5571213960647583,0.5682,MIL,MIL,1
20260612_SD@BAL,2026-06-12,BAL,SD,7,3,1.0,0.5099771022796631,0.5,BAL,BAL,1
20260612_SEA@WSH,2026-06-12,WSH,SEA,2,10,0.0,0.49349653720855713,0.5,SEA,SEA,1
20260612_STL@MIN,2026-06-12,MIN,STL,9,8,1.0,0.48640620708465576,0.4966,STL,MIN,0
20260612_TB@LAA,2026-06-12,LAA,TB,4,3,1.0,0.5130658149719238,0.5026,LAA,LAA,1
20260612_TEX@BOS,2026-06-12,BOS,TEX,10,1,1.0,0.484959214925766,0.4945,TEX,BOS,0
20260611_AZ@MIA,2026-06-11,MIA,AZ,2,0,1.0,0.47345876693725586,0.4773,AZ,MIA,0
20260611_CHC@COL,2026-06-11,COL,CHC,3,9,0.0,0.44341918826103205,0.4326,CHC,CHC,1
20260611_LAD@PIT,2026-06-11,PIT,LAD,6,8,0.0,0.49394956231117254,0.5,LAD,LAD,1
20260611_MIN@DET,2026-06-11,DET,MIN,11,0,1.0,0.542272686958313,0.5461,DET,DET,1
20260611_SEA@BAL,2026-06-11,BAL,SEA,7,5,1.0,0.5488677620887756,0.5559,BAL,BAL,1
20260611_STL@NYM,2026-06-11,NYM,STL,5,4,1.0,0.5526042580604553,0.5615,NYM,NYM,1
20260611_TEX@KC,2026-06-11,KC,TEX,2,4,0.0,0.5491068959236145,0.5563,KC,TEX,0
20260610_ATL@CWS,2026-06-10,CWS,ATL,2,1,1.0,0.489208459854126,0.5,ATL,CWS,0
20260610_AZ@MIA,2026-06-10,MIA,AZ,8,0,1.0,0.4461003243923187,0.4366,AZ,MIA,0
20260610_BOS@TB,2026-06-10,TB,BOS,7,5,1.0,0.5219218134880066,0.5158,TB,TB,1
20260610_CHC@COL,2026-06-10,COL,CHC,3,2,1.0,0.4624225199222565,0.4609,CHC,COL,0
20260610_CIN@SD,2026-06-10,SD,CIN,5,4,1.0,0.5747930407524109,0.5943,SD,SD,1
20260610_HOU@LAA,2026-06-10,LAA,HOU,3,2,1.0,0.5102731585502625,0.5,LAA,LAA,1
20260610_LAD@PIT,2026-06-10,PIT,LAD,9,8,1.0,0.48385882377624506,0.4928,LAD,PIT,0
20260610_MIL@ATH,2026-06-10,ATH,MIL,4,3,1.0,0.4459379315376282,0.4363,MIL,ATH,0
20260610_MIN@DET,2026-06-10,DET,MIN,4,6,0.0,0.5749803781509399,0.5946,DET,MIN,0
20260610_NYY@CLE,2026-06-10,CLE,NYY,4,8,0.0,0.5298815369606018,0.5277,CLE,NYY,0
20260610_PHI@TOR,2026-06-10,TOR,PHI,4,7,0.0,0.4862596988677979,0.4964,PHI,PHI,1
20260610_SEA@BAL,2026-06-10,BAL,SEA,7,2,1.0,0.5321804285049438,0.5311,BAL,BAL,1
20260610_STL@NYM,2026-06-10,NYM,STL,2,9,0.0,0.562031090259552,0.5755,NYM,STL,0
20260610_TEX@KC,2026-06-10,KC,TEX,4,6,0.0,0.5465217232704163,0.5525,KC,TEX,0
20260610_WSH@SF,2026-06-10,SF,WSH,11,10,1.0,0.5221909284591675,0.5162,SF,SF,1
20260609_ATL@CWS,2026-06-09,CWS,ATL,6,5,1.0,0.4664589166641236,0.4669,ATL,CWS,0
20260609_AZ@MIA,2026-06-09,MIA,AZ,10,6,1.0,0.4695828855037689,0.4715,AZ,MIA,0
20260609_BOS@TB,2026-06-09,TB,BOS,4,3,1.0,0.5135443210601807,0.5033,TB,TB,1
20260609_CHC@COL,2026-06-09,COL,CHC,7,3,1.0,0.4891895055770874,0.5,CHC,COL,0
20260609_CIN@SD,2026-06-09,SD,CIN,3,5,0.0,0.4950049817562104,0.5,CIN,CIN,1
20260609_HOU@LAA,2026-06-09,LAA,HOU,10,1,1.0,0.46077823638916016,0.4584,HOU,LAA,0
20260609_LAD@PIT,2026-06-09,PIT,LAD,3,12,0.0,0.509763240814209,0.5,PIT,LAD,0
20260609_MIL@ATH,2026-06-09,ATH,MIL,7,5,1.0,0.4709452688694001,0.4736,MIL,ATH,0
20260609_MIN@DET,2026-06-09,DET,MIN,10,4,1.0,0.5526837110519409,0.5616,DET,DET,1
20260609_NYY@CLE,2026-06-09,CLE,NYY,2,3,0.0,0.4765467047691345,0.4819,NYY,NYY,1
20260609_PHI@TOR,2026-06-09,TOR,PHI,3,2,1.0,0.5232656002044678,0.5178,TOR,TOR,1
20260609_SEA@BAL,2026-06-09,BAL,SEA,5,6,0.0,0.5303137302398682,0.5283,BAL,SEA,0
20260609_STL@NYM,2026-06-09,NYM,STL,0,7,0.0,0.553648829460144,0.563,NYM,STL,0
20260609_TEX@KC,2026-06-09,KC,TEX,5,3,1.0,0.5586292147636414,0.5704,KC,KC,1
20260609_WSH@SF,2026-06-09,SF,WSH,3,6,0.0,0.5221909284591675,0.5162,SF,WSH,0
20260608_BOS@TB,2026-06-08,TB,BOS,3,1,1.0,0.46534341573715204,0.4652,BOS,TB,0
20260608_CIN@SD,2026-06-08,SD,CIN,6,2,1.0,0.5834574103355407,0.607,SD,SD,1
20260608_HOU@LAA,2026-06-08,LAA,HOU,4,5,0.0,0.4652945697307587,0.4651,HOU,HOU,1
20260608_MIL@ATH,2026-06-08,ATH,MIL,14,15,0.0,0.41688859462738037,0.3935,MIL,MIL,1
20260608_NYY@CLE,2026-06-08,CLE,NYY,5,7,0.0,0.5515350103378296,0.5599,CLE,NYY,0
20260608_PHI@TOR,2026-06-08,TOR,PHI,2,5,0.0,0.508408784866333,0.5,TOR,PHI,0
20260608_SEA@BAL,2026-06-08,BAL,SEA,3,6,0.0,0.495918482542038,0.5,SEA,SEA,1
20260608_WSH@SF,2026-06-08,SF,WSH,3,4,0.0,0.5398366451263428,0.5425,SF,WSH,0
20260607_ATH@HOU,2026-06-07,HOU,ATH,0,5,0.0,0.550646185874939,0.5586,HOU,ATH,0
20260607_BAL@TOR,2026-06-07,TOR,BAL,6,4,1.0,0.553978681564331,0.5635,TOR,TOR,1
20260607_BOS@NYY,2026-06-07,NYY,BOS,6,1,1.0,0.5328870415687561,0.5322,NYY,NYY,1
20260607_CIN@STL,2026-06-07,STL,CIN,5,3,1.0,0.5445066690444946,0.5495,STL,STL,1
20260607_CLE@TEX,2026-06-07,TEX,CLE,10,0,1.0,0.528802216053009,0.5261,TEX,TEX,1
20260607_CWS@PHI,2026-06-07,PHI,CWS,9,5,1.0,0.6276099085807801,0.6705,PHI,PHI,1
20260607_KC@MIN,2026-06-07,MIN,KC,5,6,0.0,0.4990246891975402,0.5,KC,KC,1
20260607_LAA@LAD,2026-06-07,LAD,LAA,5,13,0.0,0.5813823938369751,0.604,LAD,LAA,0
20260607_MIL@COL,2026-06-07,COL,MIL,4,12,0.0,0.38762384653091436,0.3511,MIL,MIL,1
20260607_NYM@SD,2026-06-07,SD,NYM,3,7,0.0,0.5110233426094055,0.5,SD,NYM,0
20260607_PIT@ATL,2026-06-07,ATL,PIT,3,2,1.0,0.5461357235908508,0.5519,ATL,ATL,1
20260607_SEA@DET,2026-06-07,DET,SEA,5,4,1.0,0.5236111283302307,0.5183,DET,DET,1
20260607_SF@CHC,2026-06-07,CHC,SF,1,2,0.0,0.5867232084274293,0.6118,CHC,SF,0
20260607_TB@MIA,2026-06-07,MIA,TB,4,1,1.0,0.5034754276275635,0.5,MIA,MIA,1
20260607_WSH@AZ,2026-06-07,AZ,WSH,5,1,1.0,0.5546934008598328,0.5646,AZ,AZ,1
20260606_ATH@HOU,2026-06-06,HOU,ATH,13,2,1.0,0.5416034460067749,0.5451,HOU,HOU,1
20260606_BAL@TOR,2026-06-06,TOR,BAL,6,4,1.0,0.565558135509491,0.5807,TOR,TOR,1
20260606_CIN@STL,2026-06-06,STL,CIN,6,5,1.0,0.5642232894897461,0.5787,STL,STL,1
20260606_CLE@TEX,2026-06-06,TEX,CLE,0,6,0.0,0.528802216053009,0.5261,TEX,CLE,0
20260606_CWS@PHI,2026-06-06,PHI,CWS,3,6,0.0,0.5960678458213806,0.6254,PHI,CWS,0
20260606_KC@MIN,2026-06-06,MIN,KC,2,3,0.0,0.4877344965934754,0.4986,KC,KC,1
20260606_LAA@LAD,2026-06-06,LAD,LAA,9,2,1.0,0.6103202104568481,0.6459,LAD,LAD,1
20260606_MIL@COL,2026-06-06,COL,MIL,1,7,0.0,0.40110549330711365,0.3705,MIL,MIL,1
20260606_NYM@SD,2026-06-06,SD,NYM,3,2,1.0,0.5180380940437317,0.51,SD,SD,1
20260606_PIT@ATL,2026-06-06,ATL,PIT,6,3,1.0,0.5324844717979431,0.5316,ATL,ATL,1
20260606_SEA@DET,2026-06-06,DET,SEA,0,4,0.0,0.5140722990036011,0.5041,DET,SEA,0
20260606_SF@CHC,2026-06-06,CHC,SF,3,2,1.0,0.5779868364334108,0.599,CHC,CHC,1
20260606_TB@MIA,2026-06-06,MIA,TB,4,3,1.0,0.4839324951171875,0.4929,TB,MIA,0
20260606_WSH@AZ,2026-06-06,AZ,WSH,1,6,0.0,0.5484126210212708,0.5553,AZ,WSH,0
20260605_ATH@HOU,2026-06-05,HOU,ATH,5,1,1.0,0.5309828519821167,0.5286,HOU,HOU,1
20260605_BAL@TOR,2026-06-05,TOR,BAL,3,13,0.0,0.5523387789726257,0.5606,TOR,BAL,0
20260605_BOS@NYY,2026-06-05,NYY,BOS,3,5,0.0,0.5257120728492737,0.5207,NYY,BOS,0
20260605_CIN@STL,2026-06-05,STL,CIN,10,3,1.0,0.5307137966156006,0.5282,STL,STL,1
20260605_CLE@TEX,2026-06-05,TEX,CLE,3,2,1.0,0.5053468942642212,0.5,TEX,TEX,1
20260605_CWS@PHI,2026-06-05,PHI,CWS,8,6,1.0,0.5779504776000977,0.5988,PHI,PHI,1
20260605_KC@MIN,2026-06-05,MIN,KC,5,3,1.0,0.5290544033050536,0.5257,MIN,MIN,1
20260605_LAA@LAD,2026-06-05,LAD,LAA,1,0,1.0,0.5935041904449463,0.6217,LAD,LAD,1
20260605_MIL@COL,2026-06-05,COL,MIL,7,9,0.0,0.45721262693405146,0.4537,MIL,MIL,1
20260605_NYM@SD,2026-06-05,SD,NYM,0,5,0.0,0.520149290561676,0.5123,SD,NYM,0
20260605_PIT@ATL,2026-06-05,ATL,PIT,6,3,1.0,0.530791699886322,0.5283,ATL,ATL,1
20260605_SEA@DET,2026-06-05,DET,SEA,7,3,1.0,0.536443293094635,0.5368,DET,DET,1
20260605_SF@CHC,2026-06-05,CHC,SF,3,18,0.0,0.5628625750541687,0.5764,CHC,SF,0
20260605_TB@MIA,2026-06-05,MIA,TB,0,6,0.0,0.49549502134323126,0.5,TB,TB,1
20260605_WSH@AZ,2026-06-05,AZ,WSH,1,14,0.0,0.5484240651130676,0.5548,AZ,WSH,0
20260604_ATH@CHC,2026-06-04,CHC,ATH,7,6,1.0,0.5418450236320496,0.5449,CHC,CHC,1
20260604_BAL@BOS,2026-06-04,BOS,BAL,2,8,0.0,0.4831856787204742,0.4927,BAL,BAL,1
20260604_CLE@NYY,2026-06-04,NYY,CLE,2,1,1.0,0.537017822265625,0.5377,NYY,NYY,1
20260604_KC@MIN,2026-06-04,MIN,KC,6,8,0.0,0.5384109020233154,0.5398,MIN,KC,0
20260604_LAD@AZ,2026-06-04,AZ,LAD,3,2,1.0,0.5011298060417175,0.5,AZ,AZ,1
20260604_PIT@HOU,2026-06-04,HOU,PIT,1,5,0.0,0.557717502117157,0.5687,HOU,PIT,0
20260604_SD@PHI,2026-06-04,PHI,SD,6,4,1.0,0.5543994307518005,0.5637,PHI,PHI,1
20260604_SF@MIL,2026-06-04,MIL,SF,9,12,0.0,0.5954225063323975,0.6245,MIL,SF,0
20260604_TOR@ATL,2026-06-04,ATL,TOR,2,7,0.0,0.5133839249610901,0.5022,ATL,TOR,0
20260603_ATH@CHC,2026-06-03,CHC,ATH,4,5,0.0,0.5418450236320496,0.5449,CHC,ATH,0
20260603_BAL@BOS,2026-06-03,BOS,BAL,8,1,1.0,0.4857132732868195,0.4965,BAL,BOS,0
20260603_CLE@NYY,2026-06-03,NYY,CLE,4,5,0.0,0.5264686346054077,0.5218,NYY,CLE,0
20260603_COL@LAA,2026-06-03,LAA,COL,11,4,1.0,0.5317525267601013,0.5298,LAA,LAA,1
20260603_CWS@MIN,2026-06-03,MIN,CWS,0,8,0.0,0.5449296832084656,0.5495,MIN,CWS,0
20260603_DET@TB,2026-06-03,TB,DET,2,7,0.0,0.568821907043457,0.5852,TB,DET,0
20260603_KC@CIN,2026-06-03,CIN,KC,2,5,0.0,0.5239637494087219,0.5181,CIN,KC,0
20260603_LAD@AZ,2026-06-03,AZ,LAD,0,7,0.0,0.4883429110050201,0.5,LAD,LAD,1
20260603_MIA@WSH,2026-06-03,WSH,MIA,1,4,0.0,0.49070122838020325,0.5,MIA,MIA,1
20260603_NYM@SEA,2026-06-03,SEA,NYM,1,7,0.0,0.5236013531684875,0.5175,SEA,NYM,0
20260603_PIT@HOU,2026-06-03,HOU,PIT,11,9,1.0,0.557717502117157,0.5687,HOU,HOU,1
20260603_SD@PHI,2026-06-03,PHI,SD,3,2,1.0,0.5825735926628113,0.6056,PHI,PHI,1
20260603_SF@MIL,2026-06-03,MIL,SF,0,1,0.0,0.5760210752487184,0.5959,MIL,SF,0
20260603_TEX@STL,2026-06-03,STL,TEX,5,3,1.0,0.555942714214325,0.566,STL,STL,1
20260603_TOR@ATL,2026-06-03,ATL,TOR,7,3,1.0,0.5273875594139099,0.5232,ATL,ATL,1
20260602_ATH@CHC,2026-06-02,CHC,ATH,1,2,0.0,0.5418450236320496,0.5449,CHC,ATH,0
20260602_BAL@BOS,2026-06-02,BOS,BAL,2,4,0.0,0.4436454474925995,0.4334,BAL,BAL,1
20260602_CLE@NYY,2026-06-02,NYY,CLE,4,9,0.0,0.5264686346054077,0.5218,NYY,CLE,0
20260602_COL@LAA,2026-06-02,LAA,COL,2,8,0.0,0.5317525267601013,0.5298,LAA,COL,0
20260602_CWS@MIN,2026-06-02,MIN,CWS,6,4,1.0,0.550900399684906,0.5585,MIN,MIN,1
20260602_DET@TB,2026-06-02,TB,DET,0,8,0.0,0.5778336524963379,0.5986,TB,DET,0
20260602_KC@CIN,2026-06-02,CIN,KC,4,3,1.0,0.5500463843345642,0.5572,CIN,CIN,1
20260602_LAD@AZ,2026-06-02,AZ,LAD,5,6,0.0,0.5370044112205505,0.5377,AZ,LAD,0
20260602_MIA@WSH,2026-06-02,WSH,MIA,3,7,0.0,0.540327787399292,0.5426,WSH,MIA,0
20260602_NYM@SEA,2026-06-02,SEA,NYM,8,3,1.0,0.5437830090522766,0.5478,SEA,SEA,1
20260602_PIT@HOU,2026-06-02,HOU,PIT,6,10,0.0,0.5484240651130676,0.5548,HOU,PIT,0
20260602_SD@PHI,2026-06-02,PHI,SD,3,2,1.0,0.5290495753288269,0.5257,PHI,PHI,1
20260602_SF@MIL,2026-06-02,MIL,SF,8,3,1.0,0.5760210752487184,0.5959,MIL,MIL,1
20260602_TEX@STL,2026-06-02,STL,TEX,4,7,0.0,0.5661880970001221,0.5813,STL,TEX,0
20260602_TOR@ATL,2026-06-02,ATL,TOR,4,3,1.0,0.5367482304573059,0.5373,ATL,ATL,1
20260601_COL@LAA,2026-06-01,LAA,COL,8,9,0.0,0.5317525267601013,0.5298,LAA,COL,0
20260601_CWS@MIN,2026-06-01,MIN,CWS,9,6,1.0,0.550900399684906,0.5585,MIN,MIN,1
20260601_DET@TB,2026-06-01,TB,DET,9,10,0.0,0.545400857925415,0.5503,TB,DET,0
20260601_KC@CIN,2026-06-01,CIN,KC,2,9,0.0,0.5239637494087219,0.5181,CIN,KC,0
20260601_LAD@AZ,2026-06-01,AZ,LAD,4,1,1.0,0.5118824243545532,0.5,AZ,AZ,1
20260601_MIA@WSH,2026-06-01,WSH,MIA,3,7,0.0,0.4912425577640533,0.5,MIA,MIA,1
20260601_NYM@SEA,2026-06-01,SEA,NYM,3,2,1.0,0.520149290561676,0.5123,SEA,SEA,1
20260601_SF@MIL,2026-06-01,MIL,SF,16,2,1.0,0.588848888874054,0.6148,MIL,MIL,1
20260601_TEX@STL,2026-06-01,STL,TEX,1,2,0.0,0.5840845704078674,0.6078,STL,TEX,0
20260531_ATL@CIN,2026-05-31,CIN,ATL,6,4,1.0,0.4936176836490631,0.5,ATL,CIN,0
20260531_AZ@SEA,2026-05-31,SEA,AZ,3,2,1.0,0.5565102100372314,0.5669,SEA,SEA,1
20260531_BOS@CLE,2026-05-31,CLE,BOS,4,9,0.0,0.5368298888206482,0.5374,CLE,BOS,0
20260531_CHC@STL,2026-05-31,STL,CHC,5,1,1.0,0.5484240651130676,0.5548,STL,STL,1
20260531_DET@CWS,2026-05-31,CWS,DET,2,1,1.0,0.5496469140052795,0.5566,CWS,CWS,1
20260531_KC@TEX,2026-05-31,TEX,KC,6,3,1.0,0.5708924531936646,0.5883,TEX,TEX,1
20260531_LAA@TB,2026-05-31,TB,LAA,5,2,1.0,0.6036841869354248,0.6365,TB,TB,1
20260531_MIA@NYM,2026-05-31,NYM,MIA,10,1,1.0,0.5418450236320496,0.5449,NYM,NYM,1
20260531_MIL@HOU,2026-05-31,HOU,MIL,0,2,0.0,0.5011298060417175,0.5,HOU,MIL,0
20260531_MIN@PIT,2026-05-31,PIT,MIN,9,3,1.0,0.5430490374565125,0.5467,PIT,PIT,1
20260531_NYY@ATH,2026-05-31,ATH,NYY,8,13,0.0,0.47450420260429377,0.4796,NYY,NYY,1
20260531_PHI@LAD,2026-05-31,LAD,PHI,9,1,1.0,0.5195608139038087,0.5114,LAD,LAD,1
20260531_SD@WSH,2026-05-31,WSH,SD,4,2,1.0,0.4546956419944763,0.4499,SD,WSH,0
20260531_SF@COL,2026-05-31,COL,SF,6,19,0.0,0.5116201043128968,0.5,COL,SF,0
20260531_TOR@BAL,2026-05-31,BAL,TOR,9,5,1.0,0.5379492640495301,0.5391,BAL,BAL,1
20260530_ATL@CIN,2026-05-30,CIN,ATL,2,5,0.0,0.47960084676742554,0.4873,ATL,ATL,1
20260530_AZ@SEA,2026-05-30,SEA,AZ,5,1,1.0,0.5472120046615601,0.553,SEA,SEA,1
20260530_BOS@CLE,2026-05-30,CLE,BOS,1,9,0.0,0.5203683376312256,0.5127,CLE,BOS,0
20260530_CHC@STL,2026-05-30,STL,CHC,1,6,0.0,0.557717502117157,0.5687,STL,CHC,0
20260530_DET@CWS,2026-05-30,CWS,DET,7,1,1.0,0.5101289749145508,0.5,CWS,CWS,1
20260530_KC@TEX,2026-05-30,TEX,KC,7,6,1.0,0.5616582632064819,0.5746,TEX,TEX,1
20260530_LAA@TB,2026-05-30,TB,LAA,3,14,0.0,0.5935041904449463,0.6217,TB,LAA,0
20260530_MIA@NYM,2026-05-30,NYM,MIA,6,1,1.0,0.5324976444244385,0.5309,NYM,NYM,1
20260530_MIL@HOU,2026-05-30,HOU,MIL,9,2,1.0,0.5214806795120239,0.5143,HOU,HOU,1
20260530_MIN@PIT,2026-05-30,PIT,MIN,10,9,1.0,0.5523627996444702,0.5607,PIT,PIT,1
20260530_NYY@ATH,2026-05-30,ATH,NYY,6,4,1.0,0.4787798523902893,0.4861,NYY,ATH,0
20260530_PHI@LAD,2026-05-30,LAD,PHI,3,4,0.0,0.5266630053520203,0.5221,LAD,PHI,0
20260530_SD@WSH,2026-05-30,WSH,SD,9,4,1.0,0.4787798523902893,0.4861,SD,WSH,0
20260530_SF@COL,2026-05-30,COL,SF,8,3,1.0,0.5116201043128968,0.5,COL,COL,1
20260530_TOR@BAL,2026-05-30,BAL,TOR,6,5,1.0,0.5379492640495301,0.5391,BAL,BAL,1
20260529_ATL@CIN,2026-05-29,CIN,ATL,3,8,0.0,0.330169677734375,0.273,ATL,ATL,1
20260529_AZ@SEA,2026-05-29,SEA,AZ,7,6,1.0,0.5852153301239014,0.6097,SEA,SEA,1
20260529_BOS@CLE,2026-05-29,CLE,BOS,4,3,1.0,0.55765300989151,0.5697,CLE,CLE,1
20260529_CHC@STL,2026-05-29,STL,CHC,6,5,1.0,0.5008671283721924,0.5,STL,STL,1
20260529_DET@CWS,2026-05-29,CWS,DET,4,3,1.0,0.49935972690582275,0.5,DET,CWS,0
20260529_KC@TEX,2026-05-29,TEX,KC,9,1,1.0,0.6836719512939453,0.7451,TEX,TEX,1
20260529_LAA@TB,2026-05-29,TB,LAA,8,5,1.0,0.7607912421226501,0.8375,TB,TB,1
20260529_MIA@NYM,2026-05-29,NYM,MIA,9,7,1.0,0.5980224013328552,0.6281,NYM,NYM,1
20260529_MIL@HOU,2026-05-29,HOU,MIL,4,5,0.0,0.488456666469574,0.4979,MIL,MIL,1
20260529_MIN@PIT,2026-05-29,PIT,MIN,6,5,1.0,0.4782655239105225,0.483,MIN,PIT,0
20260529_NYY@ATH,2026-05-29,ATH,NYY,2,8,0.0,0.3933283388614654,0.3596,NYY,NYY,1
20260529_PHI@LAD,2026-05-29,LAD,PHI,4,2,1.0,0.6242669224739076,0.6651,LAD,LAD,1
20260529_SD@WSH,2026-05-29,WSH,SD,5,7,0.0,0.41417607665061956,0.3894,SD,SD,1
20260529_SF@COL,2026-05-29,COL,SF,8,6,1.0,0.43069046735763555,0.4133,SF,COL,0
20260529_TOR@BAL,2026-05-29,BAL,TOR,5,6,0.0,0.5304027199745178,0.5298,BAL,TOR,0
20260528_ATL@BOS,2026-05-28,BOS,ATL,2,10,0.0,0.4499959349632263,0.4415,ATL,ATL,1
20260528_CHC@PIT,2026-05-28,PIT,CHC,2,7,0.0,0.46827265620231634,0.4683,CHC,CHC,1
20260528_HOU@TEX,2026-05-28,TEX,HOU,1,5,0.0,0.5499768853187561,0.5585,TEX,HOU,0
20260528_LAA@DET,2026-05-28,DET,LAA,1,7,0.0,0.5332940220832825,0.534,DET,LAA,0
20260528_MIN@CWS,2026-05-28,CWS,MIN,6,2,1.0,0.46703511476516724,0.4665,MIN,CWS,0
20260528_TOR@BAL,2026-05-28,BAL,TOR,1,2,0.0,0.5300282835960388,0.5292,BAL,TOR,0
20260527_ATL@BOS,2026-05-27,BOS,ATL,8,0,1.0,0.44020101428031927,0.4272,ATL,BOS,0
20260527_AZ@SF,2026-05-27,SF,AZ,2,3,0.0,0.5938621163368225,0.6221,SF,AZ,0
20260527_CHC@PIT,2026-05-27,PIT,CHC,4,10,0.0,0.41841232776641846,0.3955,CHC,CHC,1
20260527_CIN@NYM,2026-05-27,NYM,CIN,4,2,1.0,0.476016640663147,0.4797,CIN,NYM,0
20260527_COL@LAD,2026-05-27,LAD,COL,4,1,1.0,0.850726544857025,0.9239,LAD,LAD,1
20260527_HOU@TEX,2026-05-27,TEX,HOU,3,4,0.0,0.5447109937667847,0.5508,TEX,HOU,0
20260527_LAA@DET,2026-05-27,DET,LAA,4,0,1.0,0.5605772733688354,0.574,DET,DET,1
20260527_MIA@TOR,2026-05-27,TOR,MIA,2,1,1.0,0.5662152767181396,0.5822,TOR,TOR,1
20260527_MIN@CWS,2026-05-27,CWS,MIN,15,2,1.0,0.4352084398269654,0.4199,MIN,CWS,0
20260527_NYY@KC,2026-05-27,KC,NYY,0,7,0.0,0.348097950220108,0.2969,NYY,NYY,1
20260527_PHI@SD,2026-05-27,SD,PHI,0,3,0.0,0.49014842510223383,0.5,PHI,PHI,1
20260527_SEA@ATH,2026-05-27,ATH,SEA,1,9,0.0,0.40893062949180603,0.3819,SEA,SEA,1
20260527_STL@MIL,2026-05-27,MIL,STL,2,1,1.0,0.5225161910057068,0.5182,MIL,MIL,1
20260527_TB@BAL,2026-05-27,BAL,TB,11,2,1.0,0.4953283667564392,0.5,TB,BAL,0
20260527_WSH@CLE,2026-05-27,CLE,WSH,3,2,1.0,0.5718863606452942,0.5904,CLE,CLE,1
20260526_ATL@BOS,2026-05-26,BOS,ATL,6,7,0.0,0.41283291578292847,0.3875,ATL,ATL,1
20260526_AZ@SF,2026-05-26,SF,AZ,5,7,0.0,0.4743045866489411,0.4771,AZ,AZ,1
20260526_CHC@PIT,2026-05-26,PIT,CHC,12,1,1.0,0.47239333391189575,0.4743,CHC,PIT,0
20260526_CIN@NYM,2026-05-26,NYM,CIN,2,7,0.0,0.45036682486534124,0.442,CIN,CIN,1
20260526_COL@LAD,2026-05-26,LAD,COL,15,6,1.0,0.8139144778251648,0.8917,LAD,LAD,1
20260526_HOU@TEX,2026-05-26,TEX,HOU,10,7,1.0,0.5879629254341125,0.6136,TEX,TEX,1
20260526_LAA@DET,2026-05-26,DET,LAA,6,10,0.0,0.6410038471221923,0.6882,DET,LAA,0
20260526_MIA@TOR,2026-05-26,TOR,MIA,8,1,1.0,0.6182474493980408,0.6567,TOR,TOR,1
20260526_MIN@CWS,2026-05-26,CWS,MIN,3,5,0.0,0.3889987766742707,0.3535,MIN,MIN,1
20260526_NYY@KC,2026-05-26,KC,NYY,1,15,0.0,0.3063029646873474,0.2421,NYY,NYY,1
20260526_PHI@SD,2026-05-26,SD,PHI,3,4,0.0,0.5972722172737122,0.627,SD,PHI,0
20260526_SEA@ATH,2026-05-26,ATH,SEA,1,4,0.0,0.443587839603424,0.4321,SEA,SEA,1
20260526_STL@MIL,2026-05-26,MIL,STL,6,0,1.0,0.6238672733306885,0.6645,MIL,MIL,1
20260526_TB@BAL,2026-05-26,BAL,TB,6,1,1.0,0.519969642162323,0.5144,BAL,BAL,1
20260526_WSH@CLE,2026-05-26,CLE,WSH,3,6,0.0,0.5425477027893066,0.5476,CLE,WSH,0
20260525_AZ@SF,2026-05-25,SF,AZ,2,6,0.0,0.5830665230751038,0.6066,SF,AZ,0
20260525_CHC@PIT,2026-05-25,PIT,CHC,2,1,1.0,0.39430963993072504,0.361,CHC,PIT,0
20260525_CIN@NYM,2026-05-25,NYM,CIN,2,7,0.0,0.5504448413848877,0.5592,NYM,CIN,0
20260525_COL@LAD,2026-05-25,LAD,COL,5,3,1.0,0.8009478449821471,0.8792,LAD,LAD,1
20260525_HOU@TEX,2026-05-25,TEX,HOU,0,9,0.0,0.5010663270950317,0.5,TEX,HOU,0
20260525_MIA@TOR,2026-05-25,TOR,MIA,2,8,0.0,0.6029857993125916,0.6351,TOR,MIA,0
20260525_MIN@CWS,2026-05-25,CWS,MIN,3,1,1.0,0.370405375957489,0.3275,MIN,CWS,0
20260525_NYY@KC,2026-05-25,KC,NYY,3,4,0.0,0.36331030726432795,0.3177,NYY,NYY,1
20260525_PHI@SD,2026-05-25,SD,PHI,0,3,0.0,0.532056450843811,0.5322,SD,PHI,0
20260525_SEA@ATH,2026-05-25,ATH,SEA,2,9,0.0,0.43216252326965326,0.4155,SEA,SEA,1
20260525_STL@MIL,2026-05-25,MIL,STL,5,1,1.0,0.5297186970710754,0.5288,MIL,MIL,1
20260525_TB@BAL,2026-05-25,BAL,TB,9,7,1.0,0.436142772436142,0.4212,TB,BAL,0
20260525_WSH@CLE,2026-05-25,CLE,WSH,2,10,0.0,0.5678656697273254,0.5846,CLE,WSH,0
20260524_ATH@SD,2026-05-24,SD,ATH,2,5,0.0,0.5702394843101501,0.588,SD,ATH,0
20260524_CLE@PHI,2026-05-24,PHI,CLE,1,3,0.0,0.4978415369987487,0.5,CLE,CLE,1
20260524_COL@AZ,2026-05-24,AZ,COL,9,1,1.0,0.7085198163986206,0.7764,AZ,AZ,1
20260524_CWS@SF,2026-05-24,SF,CWS,8,5,1.0,0.6136687397956848,0.6502,SF,SF,1
20260524_DET@BAL,2026-05-24,BAL,DET,5,3,1.0,0.3513666093349457,0.3014,DET,BAL,0
20260524_DET@BAL_2,2026-05-24,BAL,DET,1,4,0.0,0.3783895373344421,0.3386,DET,DET,1
20260524_HOU@CHC,2026-05-24,CHC,HOU,5,8,0.0,0.5449963212013245,0.5512,CHC,HOU,0
20260524_LAD@MIL,2026-05-24,MIL,LAD,1,5,0.0,0.5199133157730103,0.5144,MIL,LAD,0
20260524_MIN@BOS,2026-05-24,BOS,MIN,5,6,0.0,0.6075953245162964,0.6417,BOS,MIN,0
20260524_NYM@MIA,2026-05-24,MIA,NYM,4,0,1.0,0.4599492549896241,0.4561,NYM,MIA,0
20260524_PIT@TOR,2026-05-24,TOR,PIT,1,4,0.0,0.7010604739189148,0.7672,TOR,PIT,0
20260524_SEA@KC,2026-05-24,KC,SEA,8,6,1.0,0.4913118779659272,0.5,SEA,KC,0
20260524_TB@NYY,2026-05-24,NYY,TB,2,0,1.0,0.6824232935905457,0.7434,NYY,NYY,1
20260524_TEX@LAA,2026-05-24,LAA,TEX,2,1,1.0,0.4701154232025146,0.471,TEX,LAA,0
20260524_WSH@ATL,2026-05-24,ATL,WSH,1,2,0.0,0.596373438835144,0.6257,ATL,WSH,0
20260523_ATH@SD,2026-05-23,SD,ATH,2,0,1.0,0.6523206233978271,0.7036,SD,SD,1
20260523_CLE@PHI,2026-05-23,PHI,CLE,3,0,1.0,0.47010329365730286,0.471,CLE,PHI,0
20260523_COL@AZ,2026-05-23,AZ,COL,5,4,1.0,0.6992523074150087,0.7649,AZ,AZ,1
20260523_CWS@SF,2026-05-23,SF,CWS,10,3,1.0,0.6328632235527039,0.677,SF,SF,1
20260523_HOU@CHC,2026-05-23,CHC,HOU,0,3,0.0,0.5433965921401978,0.5489,CHC,HOU,0
20260523_LAD@MIL,2026-05-23,MIL,LAD,3,11,0.0,0.4921168386936188,0.5,LAD,LAD,1
20260523_MIN@BOS,2026-05-23,BOS,MIN,2,4,0.0,0.5030703544616699,0.5,BOS,MIN,0
20260523_NYM@MIA,2026-05-23,MIA,NYM,4,1,1.0,0.47668570280075073,0.4806,NYM,MIA,0
20260523_PIT@TOR,2026-05-23,TOR,PIT,5,2,1.0,0.5479205846786499,0.5555,TOR,TOR,1
20260523_SEA@KC,2026-05-23,KC,SEA,5,0,1.0,0.5394425392150879,0.5431,KC,KC,1
20260523_STL@CIN,2026-05-23,CIN,STL,7,6,1.0,0.43654823303222656,0.4218,STL,CIN,0
20260523_STL@CIN_2,2026-05-23,CIN,STL,1,8,0.0,0.39768293499946594,0.3658,STL,STL,1
20260523_TEX@LAA,2026-05-23,LAA,TEX,5,2,1.0,0.46886992454528814,0.4692,TEX,LAA,0
20260523_WSH@ATL,2026-05-23,ATL,WSH,0,2,0.0,0.5096330046653748,0.5,ATL,WSH,0
20260522_ATH@SD,2026-05-22,SD,ATH,7,3,1.0,0.5452066659927368,0.5531,SD,SD,1
20260522_CLE@PHI,2026-05-22,PHI,CLE,0,1,0.0,0.5215640068054199,0.5187,PHI,CLE,0
20260522_COL@AZ,2026-05-22,AZ,COL,2,3,0.0,0.5551280975341797,0.5675,AZ,COL,0
20260522_CWS@SF,2026-05-22,SF,CWS,4,9,0.0,0.5466418862342834,0.5552,SF,CWS,0
20260522_DET@BAL,2026-05-22,BAL,DET,7,4,1.0,0.518151044845581,0.5137,BAL,BAL,1
20260522_HOU@CHC,2026-05-22,CHC,HOU,2,4,0.0,0.5580938458442688,0.5718,CHC,HOU,0
20260522_LAD@MIL,2026-05-22,MIL,LAD,5,1,1.0,0.5215640068054199,0.5187,MIL,MIL,1
20260522_MIN@BOS,2026-05-22,BOS,MIN,6,8,0.0,0.5013535022735595,0.5,BOS,MIN,0
20260522_NYM@MIA,2026-05-22,MIA,NYM,2,1,1.0,0.5261312127113342,0.5254,MIA,MIA,1
20260522_PIT@TOR,2026-05-22,TOR,PIT,6,2,1.0,0.5375283956527709,0.5419,TOR,TOR,1
20260522_SEA@KC,2026-05-22,KC,SEA,0,2,0.0,0.5362813472747803,0.5401,KC,SEA,0
20260522_TB@NYY,2026-05-22,NYY,TB,2,4,0.0,0.5464162826538086,0.5549,NYY,TB,0
20260522_TEX@LAA,2026-05-22,LAA,TEX,9,6,1.0,0.4965497851371765,0.5,TEX,LAA,0
20260522_WSH@ATL,2026-05-22,ATL,WSH,5,4,1.0,0.5535450577735901,0.5652,ATL,ATL,1
20260521_ATH@LAA,2026-05-21,LAA,ATH,2,3,0.0,0.507457435131073,0.5,LAA,ATH,0
20260521_ATL@MIA,2026-05-21,MIA,ATL,3,9,0.0,0.528131902217865,0.5283,MIA,ATL,0
20260521_CLE@DET,2026-05-21,DET,CLE,1,3,0.0,0.5274966359138489,0.5273,DET,CLE,0
20260521_COL@AZ,2026-05-21,AZ,COL,2,1,1.0,0.5733344554901123,0.5937,AZ,AZ,1
20260521_NYM@WSH,2026-05-21,WSH,NYM,1,2,0.0,0.5117039084434509,0.5043,WSH,NYM,0
20260521_PIT@STL,2026-05-21,STL,PIT,2,6,0.0,0.5552458763122559,0.5676,STL,PIT,0
20260521_TOR@NYY,2026-05-21,NYY,TOR,0,2,0.0,0.5582114458084106,0.5719,NYY,TOR,0
20260520_ATH@LAA,2026-05-20,LAA,ATH,5,6,0.0,0.5094634294509888,0.5011,LAA,ATH,0
20260520_ATL@MIA,2026-05-20,MIA,ATL,1,9,0.0,0.528131902217865,0.5283,MIA,ATL,0
20260520_BAL@TB,2026-05-20,TB,BAL,5,3,1.0,0.5362813472747803,0.5401,TB,TB,1
20260520_BOS@KC,2026-05-20,KC,BOS,3,4,0.0,0.5274966359138489,0.5273,KC,BOS,0
20260520_CIN@PHI,2026-05-20,PHI,CIN,4,9,0.0,0.5303608775138855,0.5315,PHI,CIN,0
20260520_CLE@DET,2026-05-20,DET,CLE,2,3,0.0,0.5274966359138489,0.5273,DET,CLE,0
20260520_CWS@SEA,2026-05-20,SEA,CWS,5,4,1.0,0.5375283956527709,0.5419,SEA,SEA,1
20260520_HOU@MIN,2026-05-20,MIN,HOU,4,1,1.0,0.518151044845581,0.5137,MIN,MIN,1
20260520_LAD@SD,2026-05-20,SD,LAD,0,4,0.0,0.536444902420044,0.5404,SD,LAD,0
20260520_MIL@CHC,2026-05-20,CHC,MIL,0,5,0.0,0.5376580357551575,0.5421,CHC,MIL,0
20260520_NYM@WSH,2026-05-20,WSH,NYM,8,4,1.0,0.507457435131073,0.5,WSH,WSH,1
20260520_PIT@STL,2026-05-20,STL,PIT,0,7,0.0,0.5434362888336182,0.5505,STL,PIT,0
20260520_SF@AZ,2026-05-20,AZ,SF,6,3,1.0,0.5480039715766907,0.5572,AZ,AZ,1
20260520_TEX@COL,2026-05-20,COL,TEX,4,5,0.0,0.5146546363830566,0.5086,COL,TEX,0
20260520_TOR@NYY,2026-05-20,NYY,TOR,1,2,0.0,0.5464162826538086,0.5549,NYY,TOR,0
20260519_ATH@LAA,2026-05-19,LAA,ATH,6,14,0.0,0.5094634294509888,0.5011,LAA,ATH,0
20260519_ATL@MIA,2026-05-19,MIA,ATL,4,8,0.0,0.49415293335914606,0.5,ATL,ATL,1
20260519_BAL@TB,2026-05-19,TB,BAL,4,1,1.0,0.5481221079826355,0.5573,TB,TB,1
20260519_BOS@KC,2026-05-19,KC,BOS,1,7,0.0,0.5274966359138489,0.5273,KC,BOS,0
20260519_CIN@PHI,2026-05-19,PHI,CIN,1,4,0.0,0.5303608775138855,0.5315,PHI,CIN,0
20260519_CLE@DET,2026-05-19,DET,CLE,3,4,0.0,0.5274966359138489,0.5273,DET,CLE,0
20260519_CWS@SEA,2026-05-19,SEA,CWS,1,2,0.0,0.5493640303611755,0.5591,SEA,CWS,0
20260519_HOU@MIN,2026-05-19,MIN,HOU,1,2,0.0,0.518151044845581,0.5137,MIN,HOU,0
20260519_LAD@SD,2026-05-19,SD,LAD,4,5,0.0,0.536444902420044,0.5404,SD,LAD,0
20260519_MIL@CHC,2026-05-19,CHC,MIL,2,5,0.0,0.549493134021759,0.5593,CHC,MIL,0
20260519_NYM@WSH,2026-05-19,WSH,NYM,9,6,1.0,0.5094634294509888,0.5011,WSH,WSH,1
20260519_PIT@STL,2026-05-19,STL,PIT,9,6,1.0,0.5552458763122559,0.5676,STL,STL,1
20260519_SF@AZ,2026-05-19,AZ,SF,5,3,1.0,0.5480039715766907,0.5572,AZ,AZ,1
20260519_TEX@COL,2026-05-19,COL,TEX,0,10,0.0,0.5333064794540405,0.5358,COL,TEX,0
20260519_TOR@NYY,2026-05-19,NYY,TOR,5,4,1.0,0.5464162826538086,0.5549,NYY,NYY,1
20260518_ATH@LAA,2026-05-18,LAA,ATH,2,1,1.0,0.507457435131073,0.5,LAA,LAA,1
20260518_ATL@MIA,2026-05-18,MIA,ATL,12,0,1.0,0.528131902217865,0.5283,MIA,MIA,1
20260518_BAL@TB,2026-05-18,TB,BAL,16,6,1.0,0.5362813472747803,0.5401,TB,TB,1
20260518_BOS@KC,2026-05-18,KC,BOS,1,3,0.0,0.5392504930496216,0.5444,KC,BOS,0
20260518_CIN@PHI,2026-05-18,PHI,CIN,5,4,1.0,0.5303608775138855,0.5315,PHI,PHI,1
20260518_CLE@DET,2026-05-18,DET,CLE,2,8,0.0,0.5274966359138489,0.5273,DET,CLE,0
20260518_CWS@SEA,2026-05-18,SEA,CWS,6,1,1.0,0.5375283956527709,0.5419,SEA,SEA,1
20260518_HOU@MIN,2026-05-18,MIN,HOU,6,3,1.0,0.518151044845581,0.5137,MIN,MIN,1
20260518_LAD@SD,2026-05-18,SD,LAD,1,0,1.0,0.5482850074768066,0.5576,SD,SD,1
20260518_MIL@CHC,2026-05-18,CHC,MIL,3,9,0.0,0.5376580357551575,0.5421,CHC,MIL,0
20260518_NYM@WSH,2026-05-18,WSH,NYM,7,16,0.0,0.507457435131073,0.5,WSH,NYM,0
20260518_SF@AZ,2026-05-18,AZ,SF,12,2,1.0,0.5481221079826355,0.5573,AZ,AZ,1
20260518_TEX@COL,2026-05-18,COL,TEX,7,6,1.0,0.5333064794540405,0.5358,COL,COL,1
20260518_TOR@NYY,2026-05-18,NYY,TOR,7,6,1.0,0.5464162826538086,0.5549,NYY,NYY,1
20260517_AZ@COL,2026-05-17,COL,AZ,6,8,0.0,0.528131902217865,0.5283,COL,AZ,0
20260517_BAL@WSH,2026-05-17,WSH,BAL,3,7,0.0,0.49191194772720337,0.5,BAL,BAL,1
20260517_BOS@ATL,2026-05-17,ATL,BOS,8,1,1.0,0.5676335096359253,0.5855,ATL,ATL,1
20260517_CHC@CWS,2026-05-17,CWS,CHC,9,8,1.0,0.5261312127113342,0.5254,CWS,CWS,1
20260517_CIN@CLE,2026-05-17,CLE,CIN,10,3,1.0,0.5303608775138855,0.5315,CLE,CLE,1
20260517_KC@STL,2026-05-17,STL,KC,0,2,0.0,0.5480039715766907,0.5572,STL,KC,0
20260517_LAD@LAA,2026-05-17,LAA,LAD,1,10,0.0,0.49863716959953314,0.5,LAD,LAD,1
20260517_MIA@TB,2026-05-17,TB,MIA,6,3,1.0,0.5434362888336182,0.5505,TB,TB,1
20260517_MIL@MIN,2026-05-17,MIN,MIL,5,4,1.0,0.5093371272087097,0.5009,MIN,MIN,1
20260517_NYY@NYM,2026-05-17,NYM,NYY,7,6,1.0,0.536444902420044,0.5404,NYM,NYM,1
20260517_PHI@PIT,2026-05-17,PIT,PHI,0,6,0.0,0.5362813472747803,0.5401,PIT,PHI,0
20260517_SD@SEA,2026-05-17,SEA,SD,3,8,0.0,0.5464162826538086,0.5549,SEA,SD,0
20260517_SF@ATH,2026-05-17,ATH,SF,1,10,0.0,0.528131902217865,0.5283,ATH,SF,0
20260517_TEX@HOU,2026-05-17,HOU,TEX,0,8,0.0,0.5434362888336182,0.5505,HOU,TEX,0
20260517_TOR@DET,2026-05-17,DET,TOR,1,4,0.0,0.5362813472747803,0.5401,DET,TOR,0
20260516_AZ@COL,2026-05-16,COL,AZ,4,2,1.0,0.528131902217865,0.5283,COL,COL,1
20260516_BAL@WSH,2026-05-16,WSH,BAL,13,3,1.0,0.5094634294509888,0.5011,WSH,WSH,1
20260516_BOS@ATL,2026-05-16,ATL,BOS,2,3,0.0,0.5493751168251038,0.5591,ATL,BOS,0
20260516_CHC@CWS,2026-05-16,CWS,CHC,8,3,1.0,0.528131902217865,0.5283,CWS,CWS,1
20260516_CIN@CLE,2026-05-16,CLE,CIN,7,4,1.0,0.5303608775138855,0.5315,CLE,CLE,1
20260516_KC@STL,2026-05-16,STL,KC,4,2,1.0,0.566274106502533,0.5836,STL,STL,1
20260516_LAD@LAA,2026-05-16,LAA,LAD,2,15,0.0,0.5006437301635742,0.5,LAA,LAD,0
20260516_MIA@TB,2026-05-16,TB,MIA,5,10,0.0,0.5434362888336182,0.5505,TB,MIA,0
20260516_MIL@MIN,2026-05-16,MIN,MIL,1,2,0.0,0.5093371272087097,0.5009,MIN,MIL,0
20260516_NYY@NYM,2026-05-16,NYM,NYY,6,3,1.0,0.5215640068054199,0.5187,NYM,NYM,1
20260516_PHI@PIT,2026-05-16,PIT,PHI,0,6,0.0,0.5362813472747803,0.5401,PIT,PHI,0
20260516_SD@SEA,2026-05-16,SEA,SD,4,7,0.0,0.5464162826538086,0.5549,SEA,SD,0
20260516_SF@ATH,2026-05-16,ATH,SF,4,6,0.0,0.5261312127113342,0.5254,ATH,SF,0
20260516_TEX@HOU,2026-05-16,HOU,TEX,4,1,1.0,0.5434362888336182,0.5505,HOU,HOU,1
20260516_TOR@DET,2026-05-16,DET,TOR,1,2,0.0,0.5362813472747803,0.5401,DET,TOR,0
20260515_AZ@COL,2026-05-15,COL,AZ,1,9,0.0,0.521142303943634,0.5163,COL,AZ,0
20260515_BAL@WSH,2026-05-15,WSH,BAL,3,2,1.0,0.5094464421272278,0.5,WSH,WSH,1
20260515_BOS@ATL,2026-05-15,ATL,BOS,3,2,1.0,0.5424090623855591,0.5476,ATL,ATL,1
20260515_CHC@CWS,2026-05-15,CWS,CHC,5,10,0.0,0.5094464421272278,0.5,CWS,CHC,0
20260515_CIN@CLE,2026-05-15,CLE,CIN,6,7,0.0,0.5338498950004578,0.535,CLE,CIN,0
20260515_KC@STL,2026-05-15,STL,KC,5,4,1.0,0.5320199728012085,0.5323,STL,STL,1
20260515_LAD@LAA,2026-05-15,LAA,LAD,0,6,0.0,0.5007834434509276,0.5,LAA,LAD,0
20260515_MIA@TB,2026-05-15,TB,MIA,7,2,1.0,0.5320199728012085,0.5323,TB,TB,1
20260515_MIL@MIN,2026-05-15,MIN,MIL,2,3,0.0,0.5320199728012085,0.5323,MIN,MIL,0
20260515_NYY@NYM,2026-05-15,NYM,NYY,2,5,0.0,0.5487597584724426,0.5569,NYM,NYY,0
20260515_PHI@PIT,2026-05-15,PIT,PHI,9,11,0.0,0.5320199728012085,0.5323,PIT,PHI,0
20260515_SD@SEA,2026-05-15,SEA,SD,0,2,0.0,0.5501490831375123,0.5589,SEA,SD,0
20260515_SF@ATH,2026-05-15,ATH,SF,5,2,1.0,0.546838641166687,0.5541,ATH,ATH,1
20260515_TEX@HOU,2026-05-15,HOU,TEX,2,0,1.0,0.5397866368293762,0.5437,HOU,HOU,1
20260515_TOR@DET,2026-05-15,DET,TOR,3,2,1.0,0.5397866368293762,0.5437,DET,DET,1
20260514_CHC@ATL,2026-05-14,ATL,CHC,0,2,0.0,0.5424090623855591,0.5476,ATL,CHC,0
20260514_COL@PIT,2026-05-14,PIT,COL,7,2,1.0,0.5320199728012085,0.5323,PIT,PIT,1
20260514_DET@NYM,2026-05-14,NYM,DET,9,4,1.0,0.5487597584724426,0.5569,NYM,NYM,1
20260514_KC@CWS,2026-05-14,CWS,KC,6,2,1.0,0.5094464421272278,0.5,CWS,CWS,1
20260514_MIA@MIN,2026-05-14,MIN,MIA,9,1,1.0,0.5320199728012085,0.5323,MIN,MIN,1
20260514_PHI@BOS,2026-05-14,BOS,PHI,1,3,0.0,0.5064979791641235,0.5,BOS,PHI,0
20260514_SD@MIL,2026-05-14,MIL,SD,7,1,1.0,0.5338498950004578,0.535,MIL,MIL,1
20260514_SEA@HOU,2026-05-14,HOU,SEA,3,8,0.0,0.5338498950004578,0.535,HOU,SEA,0
20260514_SF@LAD,2026-05-14,LAD,SF,5,2,1.0,0.5501490831375123,0.5589,LAD,LAD,1
20260514_STL@ATH,2026-05-14,ATH,STL,4,5,0.0,0.521142303943634,0.5163,ATH,STL,0
20260514_WSH@CIN,2026-05-14,CIN,WSH,15,1,1.0,0.5320199728012085,0.5323,CIN,CIN,1
20260513_AZ@TEX,2026-05-13,TEX,AZ,6,5,1.0,0.5320199728012085,0.5323,TEX,TEX,1
20260513_CHC@ATL,2026-05-13,ATL,CHC,4,1,1.0,0.5424090623855591,0.5476,ATL,ATL,1
20260513_COL@PIT,2026-05-13,PIT,COL,4,10,0.0,0.5320199728012085,0.5323,PIT,COL,0
20260513_DET@NYM,2026-05-13,NYM,DET,3,2,1.0,0.5338498950004578,0.535,NYM,NYM,1
20260513_KC@CWS,2026-05-13,CWS,KC,6,5,1.0,0.5189830660820007,0.5132,CWS,CWS,1
20260513_LAA@CLE,2026-05-13,CLE,LAA,4,2,1.0,0.5338498950004578,0.535,CLE,CLE,1
20260513_MIA@MIN,2026-05-13,MIN,MIA,5,9,0.0,0.5320199728012085,0.5323,MIN,MIA,0
20260513_NYY@BAL,2026-05-13,BAL,NYY,7,0,1.0,0.5260710120201111,0.5236,BAL,BAL,1
20260513_PHI@BOS,2026-05-13,BOS,PHI,3,1,1.0,0.5213741660118104,0.5167,BOS,BOS,1
20260513_SD@MIL,2026-05-13,MIL,SD,1,3,0.0,0.5338498950004578,0.535,MIL,SD,0
20260513_SEA@HOU,2026-05-13,HOU,SEA,4,3,1.0,0.5338498950004578,0.535,HOU,HOU,1
20260513_SF@LAD,2026-05-13,LAD,SF,4,0,1.0,0.5501490831375123,0.5589,LAD,LAD,1
20260513_STL@ATH,2026-05-13,ATH,STL,6,2,1.0,0.5007834434509276,0.5,ATH,ATH,1
20260513_TB@TOR,2026-05-13,TOR,TB,5,3,1.0,0.5338498950004578,0.535,TOR,TOR,1
20260513_WSH@CIN,2026-05-13,CIN,WSH,7,8,0.0,0.5320199728012085,0.5323,CIN,WSH,0
20260512_AZ@TEX,2026-05-12,TEX,AZ,7,4,1.0,0.5320199728012085,0.5323,TEX,TEX,1
20260512_CHC@ATL,2026-05-12,ATL,CHC,5,2,1.0,0.5424090623855591,0.5476,ATL,ATL,1
20260512_COL@PIT,2026-05-12,PIT,COL,3,1,1.0,0.5320199728012085,0.5323,PIT,PIT,1
20260512_DET@NYM,2026-05-12,NYM,DET,10,2,1.0,0.5487597584724426,0.5569,NYM,NYM,1
20260512_KC@CWS,2026-05-12,CWS,KC,6,5,1.0,0.5189830660820007,0.5132,CWS,CWS,1
20260512_LAA@CLE,2026-05-12,CLE,LAA,3,2,1.0,0.5338498950004578,0.535,CLE,CLE,1
20260512_MIA@MIN,2026-05-12,MIN,MIA,3,0,1.0,0.5320199728012085,0.5323,MIN,MIN,1
20260512_NYY@BAL,2026-05-12,BAL,NYY,2,6,0.0,0.5260710120201111,0.5236,BAL,NYY,0
20260512_PHI@BOS,2026-05-12,BOS,PHI,1,2,0.0,0.5213741660118104,0.5167,BOS,PHI,0
20260512_SD@MIL,2026-05-12,MIL,SD,6,4,1.0,0.5338498950004578,0.535,MIL,MIL,1
20260512_SEA@HOU,2026-05-12,HOU,SEA,2,10,0.0,0.5338498950004578,0.535,HOU,SEA,0
20260512_SF@LAD,2026-05-12,LAD,SF,2,6,0.0,0.5501490831375123,0.5589,LAD,SF,0
20260512_STL@ATH,2026-05-12,ATH,STL,4,6,0.0,0.521142303943634,0.5163,ATH,STL,0
20260512_TB@TOR,2026-05-12,TOR,TB,6,7,0.0,0.5501490831375123,0.5589,TOR,TB,0
20260512_WSH@CIN,2026-05-12,CIN,WSH,4,10,0.0,0.5320199728012085,0.5323,CIN,WSH,0
20260511_AZ@TEX,2026-05-11,TEX,AZ,0,1,0.0,0.5320199728012085,0.5323,TEX,AZ,0
20260511_LAA@CLE,2026-05-11,CLE,LAA,7,2,1.0,0.5338498950004578,0.535,CLE,CLE,1
20260511_NYY@BAL,2026-05-11,BAL,NYY,3,2,1.0,0.5260710120201111,0.5236,BAL,BAL,1
20260511_SEA@HOU,2026-05-11,HOU,SEA,1,3,0.0,0.5338498950004578,0.535,HOU,SEA,0
20260511_SF@LAD,2026-05-11,LAD,SF,3,9,0.0,0.5501490831375123,0.5589,LAD,SF,0
20260511_TB@TOR,2026-05-11,TOR,TB,5,8,0.0,0.5501490831375123,0.5589,TOR,TB,0
20260510_ATH@BAL,2026-05-10,BAL,ATH,2,1,1.0,0.5260710120201111,0.5236,BAL,BAL,1
20260510_ATL@LAD,2026-05-10,LAD,ATL,2,7,0.0,0.5338498950004578,0.535,LAD,ATL,0
20260510_CHC@TEX,2026-05-10,TEX,CHC,3,0,1.0,0.5260710120201111,0.5236,TEX,TEX,1
20260510_COL@PHI,2026-05-10,PHI,COL,6,0,1.0,0.5338498950004578,0.535,PHI,PHI,1
20260510_DET@KC,2026-05-10,KC,DET,3,6,0.0,0.5260710120201111,0.5236,KC,DET,0
20260510_HOU@CIN,2026-05-10,CIN,HOU,5,0,1.0,0.5260710120201111,0.5236,CIN,CIN,1
20260510_LAA@TOR,2026-05-10,TOR,LAA,1,6,0.0,0.5338498950004578,0.535,TOR,LAA,0
20260510_MIN@CLE,2026-05-10,CLE,MIN,4,5,0.0,0.5338498950004578,0.535,CLE,MIN,0
20260510_NYM@AZ,2026-05-10,AZ,NYM,5,1,1.0,0.5397866368293762,0.5437,AZ,AZ,1
20260510_NYY@MIL,2026-05-10,MIL,NYY,4,3,1.0,0.5338498950004578,0.535,MIL,MIL,1
20260510_PIT@SF,2026-05-10,SF,PIT,7,6,1.0,0.5064979791641235,0.5,SF,SF,1
20260510_SEA@CWS,2026-05-10,CWS,SEA,2,1,1.0,0.521142303943634,0.5163,CWS,CWS,1
20260510_STL@SD,2026-05-10,SD,STL,3,2,1.0,0.5487597584724426,0.5569,SD,SD,1
20260510_TB@BOS,2026-05-10,BOS,TB,1,4,0.0,0.5064979791641235,0.5,BOS,TB,0
20260510_WSH@MIA,2026-05-10,MIA,WSH,5,2,1.0,0.521142303943634,0.5163,MIA,MIA,1
20260509_ATH@BAL,2026-05-09,BAL,ATH,2,6,0.0,0.5260710120201111,0.5236,BAL,ATH,0
20260509_ATL@LAD,2026-05-09,LAD,ATL,2,7,0.0,0.5338498950004578,0.535,LAD,ATL,0
20260509_CHC@TEX,2026-05-09,TEX,CHC,6,0,1.0,0.5410157442092896,0.5455,TEX,TEX,1
20260509_COL@PHI,2026-05-09,PHI,COL,9,3,1.0,0.5338498950004578,0.535,PHI,PHI,1
20260509_DET@KC,2026-05-09,KC,DET,5,1,1.0,0.5260710120201111,0.5236,KC,KC,1
20260509_HOU@CIN,2026-05-09,CIN,HOU,3,1,1.0,0.5260710120201111,0.5236,CIN,CIN,1
20260509_LAA@TOR,2026-05-09,TOR,LAA,14,1,1.0,0.5338498950004578,0.535,TOR,TOR,1
20260509_MIN@CLE,2026-05-09,CLE,MIN,1,2,0.0,0.5338498950004578,0.535,CLE,MIN,0
20260509_NYM@AZ,2026-05-09,AZ,NYM,2,1,1.0,0.5397866368293762,0.5437,AZ,AZ,1
20260509_NYY@MIL,2026-05-09,MIL,NYY,4,3,1.0,0.5338498950004578,0.535,MIL,MIL,1
20260509_PIT@SF,2026-05-09,SF,PIT,3,13,0.0,0.523532509803772,0.5199,SF,PIT,0
20260509_SEA@CWS,2026-05-09,CWS,SEA,6,1,1.0,0.5041032433509827,0.5,CWS,CWS,1
20260509_STL@SD,2026-05-09,SD,STL,4,2,1.0,0.5487597584724426,0.5569,SD,SD,1
20260509_WSH@MIA,2026-05-09,MIA,WSH,8,7,1.0,0.521142303943634,0.5163,MIA,MIA,1
20260508_ATH@BAL,2026-05-08,BAL,ATH,3,4,0.0,0.5326776504516602,0.5314,BAL,ATH,0
20260508_ATL@LAD,2026-05-08,LAD,ATL,3,1,1.0,0.5080418586730957,0.5,LAD,LAD,1
20260508_CHC@TEX,2026-05-08,TEX,CHC,1,7,0.0,0.4880735576152802,0.4995,CHC,CHC,1
20260508_COL@PHI,2026-05-08,PHI,COL,7,9,0.0,0.6895387768745422,0.7541,PHI,COL,0
20260508_DET@KC,2026-05-08,KC,DET,4,3,1.0,0.49535927176475525,0.5,DET,KC,0
20260508_HOU@CIN,2026-05-08,CIN,HOU,0,10,0.0,0.5299013257026672,0.5273,CIN,HOU,0
20260508_LAA@TOR,2026-05-08,TOR,LAA,2,0,1.0,0.6450247168540956,0.6945,TOR,TOR,1
20260508_MIN@CLE,2026-05-08,CLE,MIN,6,4,1.0,0.620184600353241,0.6597,CLE,CLE,1
20260508_NYM@AZ,2026-05-08,AZ,NYM,1,3,0.0,0.5279445052146912,0.5244,AZ,NYM,0
20260508_NYY@MIL,2026-05-08,MIL,NYY,6,0,1.0,0.4754276871681213,0.4807,NYY,MIL,0
20260508_PIT@SF,2026-05-08,SF,PIT,5,2,1.0,0.5755183696746825,0.595,SF,SF,1
20260508_SEA@CWS,2026-05-08,CWS,SEA,8,12,0.0,0.39341017603874207,0.3598,SEA,SEA,1
20260508_STL@SD,2026-05-08,SD,STL,0,6,0.0,0.5589117407798767,0.5705,SD,STL,0
20260508_TB@BOS,2026-05-08,BOS,TB,2,0,1.0,0.5562207102775574,0.5665,BOS,BOS,1
20260508_WSH@MIA,2026-05-08,MIA,WSH,2,3,0.0,0.4662754237651825,0.467,WSH,WSH,1
20260507_ATH@PHI,2026-05-07,PHI,ATH,1,12,0.0,0.5512079000473022,0.559,PHI,ATH,0
20260507_BAL@MIA,2026-05-07,MIA,BAL,4,3,1.0,0.48424506187438965,0.4938,BAL,MIA,0
20260507_CIN@CHC,2026-05-07,CHC,CIN,8,3,1.0,0.5685999989509583,0.5848,CHC,CHC,1
20260507_CLE@KC,2026-05-07,KC,CLE,5,8,0.0,0.4851990342140198,0.4952,CLE,CLE,1
20260507_MIN@WSH,2026-05-07,WSH,MIN,7,5,1.0,0.4708476662635803,0.4738,MIN,WSH,0
20260507_NYM@COL,2026-05-07,COL,NYM,6,2,1.0,0.3938039243221283,0.3603,NYM,COL,0
20260507_PIT@AZ,2026-05-07,AZ,PIT,2,4,0.0,0.5532187819480896,0.562,AZ,PIT,0
20260507_STL@SD,2026-05-07,SD,STL,1,2,0.0,0.5426467657089233,0.5463,SD,STL,0
20260507_TB@BOS,2026-05-07,BOS,TB,4,8,0.0,0.6059603095054626,0.6393,BOS,TB,0
20260507_TEX@NYY,2026-05-07,NYY,TEX,9,2,1.0,0.5876213908195496,0.6127,NYY,NYY,1
20260506_ATH@PHI,2026-05-06,PHI,ATH,6,3,1.0,0.5939121842384338,0.6219,PHI,PHI,1
20260506_ATL@SEA,2026-05-06,SEA,ATL,3,1,1.0,0.5529877543449402,0.5617,SEA,SEA,1
20260506_BAL@MIA,2026-05-06,MIA,BAL,4,7,0.0,0.42553201317787165,0.4066,BAL,BAL,1
20260506_BOS@DET,2026-05-06,DET,BOS,0,4,0.0,0.548481285572052,0.555,DET,BOS,0
20260506_CIN@CHC,2026-05-06,CHC,CIN,7,6,1.0,0.581945538520813,0.6044,CHC,CHC,1
20260506_CLE@KC,2026-05-06,KC,CLE,1,3,0.0,0.48288094997406006,0.4918,CLE,CLE,1
20260506_CWS@LAA,2026-05-06,LAA,CWS,8,2,1.0,0.5252091884613037,0.5203,LAA,LAA,1
20260506_LAD@HOU,2026-05-06,HOU,LAD,2,12,0.0,0.48388749361038214,0.4933,LAD,LAD,1
20260506_MIL@STL,2026-05-06,STL,MIL,2,6,0.0,0.530177116394043,0.5277,STL,MIL,0
20260506_MIN@WSH,2026-05-06,WSH,MIN,15,2,1.0,0.5324989557266235,0.5312,WSH,WSH,1
20260506_NYM@COL,2026-05-06,COL,NYM,5,10,0.0,0.38771009445190424,0.3516,NYM,NYM,1
20260506_PIT@AZ,2026-05-06,AZ,PIT,0,1,0.0,0.5387701988220215,0.5405,AZ,PIT,0
20260506_SD@SF,2026-05-06,SF,SD,1,5,0.0,0.47120487689971924,0.4744,SD,SD,1
20260506_TEX@NYY,2026-05-06,NYY,TEX,1,6,0.0,0.628801703453064,0.6719,NYY,TEX,0
20260506_TOR@TB,2026-05-06,TB,TOR,3,0,1.0,0.6020531058311462,0.6337,TB,TB,1
20260505_ATH@PHI,2026-05-05,PHI,ATH,9,1,1.0,0.5792918801307677,0.6005,PHI,PHI,1
20260505_ATL@SEA,2026-05-05,SEA,ATL,2,3,0.0,0.5528163909912109,0.5614,SEA,ATL,0
20260505_BAL@MIA,2026-05-05,MIA,BAL,7,9,0.0,0.4998217821121215,0.5,BAL,BAL,1
20260505_BOS@DET,2026-05-05,DET,BOS,3,10,0.0,0.5695925354957581,0.5863,DET,BOS,0
20260505_CIN@CHC,2026-05-05,CHC,CIN,3,2,1.0,0.5592527389526367,0.571,CHC,CHC,1
20260505_CLE@KC,2026-05-05,KC,CLE,5,3,1.0,0.4525429308414459,0.4465,CLE,KC,0
20260505_CWS@LAA,2026-05-05,LAA,CWS,4,3,1.0,0.5169761180877686,0.508,LAA,LAA,1
20260505_LAD@HOU,2026-05-05,HOU,LAD,2,1,1.0,0.47703027725219727,0.4831,LAD,HOU,0
20260505_MIN@WSH,2026-05-05,WSH,MIN,3,11,0.0,0.5567007660865785,0.5672,WSH,MIN,0
20260505_PIT@AZ,2026-05-05,AZ,PIT,9,0,1.0,0.5099863409996033,0.5,AZ,AZ,1
20260505_SD@SF,2026-05-05,SF,SD,5,10,0.0,0.4519392848014831,0.4456,SD,SD,1
20260505_TEX@NYY,2026-05-05,NYY,TEX,7,4,1.0,0.5864835381507874,0.6111,NYY,NYY,1
20260505_TOR@TB,2026-05-05,TB,TOR,4,3,1.0,0.5754165053367615,0.5948,TB,TB,1
20260504_ATL@SEA,2026-05-04,SEA,ATL,5,4,1.0,0.5074056386947632,0.5,SEA,SEA,1
20260504_BAL@NYY,2026-05-04,NYY,BAL,12,1,1.0,0.6029491424560547,0.635,NYY,NYY,1
20260504_BOS@DET,2026-05-04,DET,BOS,4,5,0.0,0.4657755196094513,0.4663,BOS,BOS,1
20260504_CIN@CHC,2026-05-04,CHC,CIN,5,4,1.0,0.5507500767707826,0.5584,CHC,CHC,1
20260504_CLE@KC,2026-05-04,KC,CLE,6,2,1.0,0.4441672265529633,0.4341,CLE,KC,0
20260504_CWS@LAA,2026-05-04,LAA,CWS,0,6,0.0,0.4997186958789826,0.5,CWS,CWS,1
20260504_LAD@HOU,2026-05-04,HOU,LAD,3,8,0.0,0.46470904350280756,0.4647,LAD,LAD,1
20260504_MIL@STL,2026-05-04,STL,MIL,6,3,1.0,0.5253534913063049,0.5205,STL,STL,1
20260504_NYM@COL,2026-05-04,COL,NYM,2,4,0.0,0.4404574930667877,0.4286,NYM,NYM,1
20260504_PHI@MIA,2026-05-04,MIA,PHI,0,1,0.0,0.48628574609756475,0.4969,PHI,PHI,1
20260504_SD@SF,2026-05-04,SF,SD,3,2,1.0,0.464689701795578,0.4646,SD,SF,0
20260504_TOR@TB,2026-05-04,TB,TOR,5,1,1.0,0.5798237919807434,0.6013,TB,TB,1
20260503_ATL@COL,2026-05-03,COL,ATL,6,11,0.0,0.39300215244293213,0.3592,ATL,ATL,1
20260503_AZ@CHC,2026-05-03,CHC,AZ,8,4,1.0,0.570384681224823,0.5874,CHC,CHC,1
20260503_BAL@NYY,2026-05-03,NYY,BAL,11,3,1.0,0.5414626002311707,0.5445,NYY,NYY,1
20260503_CIN@PIT,2026-05-03,PIT,CIN,1,0,1.0,0.5545306205749512,0.564,PIT,PIT,1
20260503_CLE@ATH,2026-05-03,ATH,CLE,7,1,1.0,0.4469901025295258,0.4383,CLE,ATH,0
20260503_CWS@SD,2026-05-03,SD,CWS,4,3,1.0,0.6632883548736572,0.7195,SD,SD,1
20260503_HOU@BOS,2026-05-03,BOS,HOU,1,3,0.0,0.5595458745956421,0.5714,BOS,HOU,0
20260503_KC@SEA,2026-05-03,SEA,KC,1,4,0.0,0.5639330744743347,0.5779,SEA,KC,0
20260503_LAD@STL,2026-05-03,STL,LAD,1,4,0.0,0.5174734592437744,0.5087,STL,LAD,0
20260503_MIL@WSH,2026-05-03,WSH,MIL,3,2,1.0,0.4198165535926819,0.3982,MIL,WSH,0
20260503_NYM@LAA,2026-05-03,LAA,NYM,1,5,0.0,0.4378028810024262,0.4247,NYM,NYM,1
20260503_PHI@MIA,2026-05-03,MIA,PHI,2,7,0.0,0.4779348969459533,0.4844,PHI,PHI,1
20260503_SF@TB,2026-05-03,TB,SF,2,1,1.0,0.5789233446121216,0.6,TB,TB,1
20260503_TEX@DET,2026-05-03,DET,TEX,7,1,1.0,0.5185146927833557,0.5103,DET,DET,1
20260503_TOR@MIN,2026-05-03,MIN,TOR,4,3,1.0,0.5148186683654785,0.5048,MIN,MIN,1
20260502_ATL@COL,2026-05-02,COL,ATL,1,9,0.0,0.38017657399177546,0.3408,ATL,ATL,1
20260502_AZ@CHC,2026-05-02,CHC,AZ,2,0,1.0,0.5437760353088379,0.548,CHC,CHC,1
20260502_BAL@NYY,2026-05-02,NYY,BAL,9,4,1.0,0.5776454210281372,0.5981,NYY,NYY,1
20260502_CIN@PIT,2026-05-02,PIT,CIN,17,7,1.0,0.5372712016105652,0.5383,PIT,PIT,1
20260502_CLE@ATH,2026-05-02,ATH,CLE,6,14,0.0,0.43717160820961,0.4237,CLE,CLE,1
20260502_CWS@SD,2026-05-02,SD,CWS,0,4,0.0,0.6353058815002441,0.681,SD,CWS,0
20260502_HOU@BOS,2026-05-02,BOS,HOU,3,6,0.0,0.477862685918808,0.4843,HOU,HOU,1
20260502_KC@SEA,2026-05-02,SEA,KC,2,3,0.0,0.5932443737983704,0.6209,SEA,KC,0
20260502_LAD@STL,2026-05-02,STL,LAD,3,2,1.0,0.5284264087677002,0.5251,STL,STL,1
20260502_MIL@WSH,2026-05-02,WSH,MIL,1,4,0.0,0.40985456109046936,0.3836,MIL,MIL,1
20260502_NYM@LAA,2026-05-02,LAA,NYM,4,3,1.0,0.4370455145835876,0.4235,NYM,LAA,0
20260502_PHI@MIA,2026-05-02,MIA,PHI,4,0,1.0,0.45994114875793457,0.4576,PHI,MIA,0
20260502_SF@TB,2026-05-02,TB,SF,5,1,1.0,0.5341963171958923,0.5337,TB,TB,1
20260502_TEX@DET,2026-05-02,DET,TEX,5,1,1.0,0.6126911640167236,0.649,DET,DET,1
20260502_TOR@MIN,2026-05-02,MIN,TOR,4,11,0.0,0.49732714891433716,0.5,TOR,TOR,1
20260501_ATL@COL,2026-05-01,COL,ATL,6,8,0.0,0.5187756419181824,0.5113,COL,ATL,0
20260501_AZ@CHC,2026-05-01,CHC,AZ,6,5,1.0,0.5344140529632567,0.5346,CHC,CHC,1
20260501_BAL@NYY,2026-05-01,NYY,BAL,7,2,1.0,0.5417038202285767,0.5454,NYY,NYY,1
20260501_CIN@PIT,2026-05-01,PIT,CIN,9,1,1.0,0.5339689254760742,0.5339,PIT,PIT,1
20260501_CLE@ATH,2026-05-01,ATH,CLE,5,8,0.0,0.5219396352767944,0.516,ATH,CLE,0
20260501_CWS@SD,2026-05-01,SD,CWS,2,8,0.0,0.5344140529632567,0.5346,SD,CWS,0
20260501_HOU@BOS,2026-05-01,BOS,HOU,3,1,1.0,0.5333061218261719,0.5329,BOS,BOS,1
20260501_KC@SEA,2026-05-01,SEA,KC,6,7,0.0,0.5501519441604614,0.5579,SEA,KC,0
20260501_LAD@STL,2026-05-01,STL,LAD,7,2,1.0,0.5266636610031128,0.5231,STL,STL,1
20260501_MIL@WSH,2026-05-01,WSH,MIL,1,6,0.0,0.5219396352767944,0.516,WSH,MIL,0
20260501_NYM@LAA,2026-05-01,LAA,NYM,3,4,0.0,0.5050549507141113,0.5,LAA,NYM,0
20260501_PHI@MIA,2026-05-01,MIA,PHI,5,6,0.0,0.5106836557388306,0.5,MIA,PHI,0
20260501_SF@TB,2026-05-01,TB,SF,3,0,1.0,0.5623617768287659,0.576,TB,TB,1
20260501_TEX@DET,2026-05-01,DET,TEX,4,5,0.0,0.5344140529632567,0.5346,DET,TEX,0
20260501_TOR@MIN,2026-05-01,MIN,TOR,3,7,0.0,0.5266636610031128,0.5231,MIN,TOR,0
20260430_AZ@MIL,2026-04-30,MIL,AZ,13,1,1.0,0.5344140529632567,0.5346,MIL,MIL,1
20260430_COL@CIN,2026-04-30,CIN,COL,6,4,1.0,0.5266636610031128,0.5231,CIN,CIN,1
20260430_DET@ATL,2026-04-30,ATL,DET,2,5,0.0,0.5339689254760742,0.5339,ATL,DET,0
20260430_HOU@BAL,2026-04-30,BAL,HOU,5,11,0.0,0.5501519441604614,0.5579,BAL,HOU,0
20260430_HOU@BAL_2,2026-04-30,BAL,HOU,10,3,1.0,0.5501519441604614,0.5579,BAL,BAL,1
20260430_KC@ATH,2026-04-30,ATH,KC,6,3,1.0,0.5187756419181824,0.5113,ATH,ATH,1
20260430_SF@PHI,2026-04-30,PHI,SF,3,2,1.0,0.5344140529632567,0.5346,PHI,PHI,1
20260430_SF@PHI_2,2026-04-30,PHI,SF,6,5,1.0,0.5344140529632567,0.5346,PHI,PHI,1
20260430_STL@PIT,2026-04-30,PIT,STL,5,10,0.0,0.5339689254760742,0.5339,PIT,STL,0
20260430_TOR@MIN,2026-04-30,MIN,TOR,7,1,1.0,0.5266636610031128,0.5231,MIN,MIN,1
20260430_WSH@NYM,2026-04-30,NYM,WSH,4,5,0.0,0.5417038202285767,0.5454,NYM,WSH,0
20260429_AZ@MIL,2026-04-29,MIL,AZ,2,6,0.0,0.5344140529632567,0.5346,MIL,AZ,0
20260429_BOS@TOR,2026-04-29,TOR,BOS,8,1,1.0,0.5623617768287659,0.576,TOR,TOR,1
20260429_CHC@SD,2026-04-29,SD,CHC,4,5,0.0,0.5344140529632567,0.5346,SD,CHC,0
20260429_COL@CIN,2026-04-29,CIN,COL,2,13,0.0,0.5266636610031128,0.5231,CIN,COL,0
20260429_DET@ATL,2026-04-29,ATL,DET,4,3,1.0,0.5266636610031128,0.5231,ATL,ATL,1
20260429_KC@ATH,2026-04-29,ATH,KC,5,2,1.0,0.5187756419181824,0.5113,ATH,ATH,1
20260429_LAA@CWS,2026-04-29,CWS,LAA,3,2,1.0,0.5187756419181824,0.5113,CWS,CWS,1
20260429_MIA@LAD,2026-04-29,LAD,MIA,2,3,0.0,0.5417038202285767,0.5454,LAD,MIA,0
20260429_NYY@TEX,2026-04-29,TEX,NYY,3,0,1.0,0.5339689254760742,0.5339,TEX,TEX,1
20260429_SEA@MIN,2026-04-29,MIN,SEA,3,5,0.0,0.5339689254760742,0.5339,MIN,SEA,0
20260429_STL@PIT,2026-04-29,PIT,STL,4,5,0.0,0.5339689254760742,0.5339,PIT,STL,0
20260429_TB@CLE,2026-04-29,CLE,TB,3,1,1.0,0.5339689254760742,0.5339,CLE,CLE,1
20260429_WSH@NYM,2026-04-29,NYM,WSH,2,14,0.0,0.5344140529632567,0.5346,NYM,WSH,0
20260428_AZ@MIL,2026-04-28,MIL,AZ,13,2,1.0,0.5417038202285767,0.5454,MIL,MIL,1
20260428_BOS@TOR,2026-04-28,TOR,BOS,3,0,1.0,0.5501519441604614,0.5579,TOR,TOR,1
20260428_CHC@SD,2026-04-28,SD,CHC,3,8,0.0,0.5344140529632567,0.5346,SD,CHC,0
20260428_COL@CIN,2026-04-28,CIN,COL,7,2,1.0,0.5339689254760742,0.5339,CIN,CIN,1
20260428_DET@ATL,2026-04-28,ATL,DET,5,2,1.0,0.5339689254760742,0.5339,ATL,ATL,1
20260428_HOU@BAL,2026-04-28,BAL,HOU,5,3,1.0,0.5501519441604614,0.5579,BAL,BAL,1
20260428_KC@ATH,2026-04-28,ATH,KC,1,4,0.0,0.5106836557388306,0.5,ATH,KC,0
20260428_LAA@CWS,2026-04-28,CWS,LAA,5,2,1.0,0.5490098595619202,0.5562,CWS,CWS,1
20260428_MIA@LAD,2026-04-28,LAD,MIA,1,2,0.0,0.5417038202285767,0.5454,LAD,MIA,0
20260428_NYY@TEX,2026-04-28,TEX,NYY,2,3,0.0,0.5339689254760742,0.5339,TEX,NYY,0
20260428_SEA@MIN,2026-04-28,MIN,SEA,1,7,0.0,0.5266636610031128,0.5231,MIN,SEA,0
20260428_SF@PHI,2026-04-28,PHI,SF,7,0,1.0,0.5417038202285767,0.5454,PHI,PHI,1
20260428_STL@PIT,2026-04-28,PIT,STL,7,11,0.0,0.5339689254760742,0.5339,PIT,STL,0
20260428_TB@CLE,2026-04-28,CLE,TB,0,1,0.0,0.5266636610031128,0.5231,CLE,TB,0
20260428_WSH@NYM,2026-04-28,NYM,WSH,8,0,1.0,0.5417038202285767,0.5454,NYM,NYM,1
20260427_BOS@TOR,2026-04-27,TOR,BOS,0,5,0.0,0.5623617768287659,0.576,TOR,BOS,0
20260427_CHC@SD,2026-04-27,SD,CHC,9,7,1.0,0.5417038202285767,0.5454,SD,SD,1
20260427_LAA@CWS,2026-04-27,CWS,LAA,8,7,1.0,0.5187756419181824,0.5113,CWS,CWS,1
20260427_MIA@LAD,2026-04-27,LAD,MIA,5,4,1.0,0.5417038202285767,0.5454,LAD,LAD,1
20260427_NYY@TEX,2026-04-27,TEX,NYY,2,4,0.0,0.5266636610031128,0.5231,TEX,NYY,0
20260427_SEA@MIN,2026-04-27,MIN,SEA,11,4,1.0,0.5339689254760742,0.5339,MIN,MIN,1
20260427_STL@PIT,2026-04-27,PIT,STL,2,4,0.0,0.5339689254760742,0.5339,PIT,STL,0
20260427_TB@CLE,2026-04-27,CLE,TB,2,3,0.0,0.5339689254760742,0.5339,CLE,TB,0
20260426_ATH@TEX,2026-04-26,TEX,ATH,1,2,0.0,0.5339689254760742,0.5339,TEX,ATH,0
20260426_BOS@BAL,2026-04-26,BAL,BOS,3,5,0.0,0.5501519441604614,0.5579,BAL,BOS,0
20260426_CHC@LAD,2026-04-26,LAD,CHC,6,0,1.0,0.5344140529632567,0.5346,LAD,LAD,1
20260426_CLE@TOR,2026-04-26,TOR,CLE,4,2,1.0,0.5417038202285767,0.5454,TOR,TOR,1
20260426_COL@NYM,2026-04-26,NYM,COL,1,3,0.0,0.5623617768287659,0.576,NYM,COL,0
20260426_COL@NYM_2,2026-04-26,NYM,COL,0,3,0.0,0.5344140529632567,0.5346,NYM,COL,0
20260426_DET@CIN,2026-04-26,CIN,DET,3,8,0.0,0.5266636610031128,0.5231,CIN,DET,0
20260426_LAA@KC,2026-04-26,KC,LAA,11,9,1.0,0.5339689254760742,0.5339,KC,KC,1
20260426_MIA@SF,2026-04-26,SF,MIA,6,3,1.0,0.5235169529914856,0.5184,SF,SF,1
20260426_MIN@TB,2026-04-26,TB,MIN,4,2,1.0,0.5266636610031128,0.5231,TB,TB,1
20260426_NYY@HOU,2026-04-26,HOU,NYY,7,4,1.0,0.5417038202285767,0.5454,HOU,HOU,1
20260426_PHI@ATL,2026-04-26,ATL,PHI,6,2,1.0,0.5501519441604614,0.5579,ATL,ATL,1
20260426_PIT@MIL,2026-04-26,MIL,PIT,5,0,1.0,0.5417038202285767,0.5454,MIL,MIL,1
20260426_SD@AZ,2026-04-26,AZ,SD,12,7,1.0,0.5344140529632567,0.5346,AZ,AZ,1
20260426_SEA@STL,2026-04-26,STL,SEA,2,3,0.0,0.5339689254760742,0.5339,STL,SEA,0
20260426_WSH@CWS,2026-04-26,CWS,WSH,1,2,0.0,0.5050549507141113,0.5,CWS,WSH,0
20260425_ATH@TEX,2026-04-25,TEX,ATH,4,3,1.0,0.5266636610031128,0.5231,TEX,TEX,1
20260425_BOS@BAL,2026-04-25,BAL,BOS,1,17,0.0,0.5623617768287659,0.576,BAL,BOS,0
20260425_CHC@LAD,2026-04-25,LAD,CHC,12,4,1.0,0.5344140529632567,0.5346,LAD,LAD,1
20260425_CLE@TOR,2026-04-25,TOR,CLE,5,3,1.0,0.5417038202285767,0.5454,TOR,TOR,1
20260425_DET@CIN,2026-04-25,CIN,DET,9,2,1.0,0.5266636610031128,0.5231,CIN,CIN,1
20260425_LAA@KC,2026-04-25,KC,LAA,12,1,1.0,0.5339689254760742,0.5339,KC,KC,1
20260425_MIA@SF,2026-04-25,SF,MIA,6,2,1.0,0.506635308265686,0.5,SF,SF,1
20260425_MIN@TB,2026-04-25,TB,MIN,6,1,1.0,0.5339689254760742,0.5339,TB,TB,1
20260425_NYY@HOU,2026-04-25,HOU,NYY,3,8,0.0,0.5344140529632567,0.5346,HOU,NYY,0
20260425_PHI@ATL,2026-04-25,ATL,PHI,5,8,0.0,0.5675919651985168,0.5837,ATL,PHI,0
20260425_PIT@MIL,2026-04-25,MIL,PIT,3,6,0.0,0.5417038202285767,0.5454,MIL,PIT,0
20260425_SD@AZ,2026-04-25,AZ,SD,4,6,0.0,0.5417038202285767,0.5454,AZ,SD,0
20260425_SEA@STL,2026-04-25,STL,SEA,9,11,0.0,0.5266636610031128,0.5231,STL,SEA,0
20260425_WSH@CWS,2026-04-25,CWS,WSH,3,6,0.0,0.5050549507141113,0.5,CWS,WSH,0
20260424_ATH@TEX,2026-04-24,TEX,ATH,1,8,0.0,0.5234785676002502,0.519,TEX,ATH,0
20260424_BOS@BAL,2026-04-24,BAL,BOS,10,3,1.0,0.5134028196334839,0.504,BAL,BAL,1
20260424_CHC@LAD,2026-04-24,LAD,CHC,4,6,0.0,0.5399314761161804,0.5434,LAD,CHC,0
20260424_CLE@TOR,2026-04-24,TOR,CLE,6,8,0.0,0.5399314761161804,0.5434,TOR,CLE,0
20260424_COL@NYM,2026-04-24,NYM,COL,3,4,0.0,0.5842127203941345,0.6084,NYM,COL,0
20260424_DET@CIN,2026-04-24,CIN,DET,9,8,1.0,0.5245926976203918,0.5206,CIN,CIN,1
20260424_LAA@KC,2026-04-24,KC,LAA,6,3,1.0,0.535602867603302,0.5369,KC,KC,1
20260424_MIA@SF,2026-04-24,SF,MIA,4,9,0.0,0.5244371891021729,0.5204,SF,MIA,0
20260424_MIN@TB,2026-04-24,TB,MIN,6,2,1.0,0.5433486104011536,0.5484,TB,TB,1
20260424_NYY@HOU,2026-04-24,HOU,NYY,4,12,0.0,0.5399314761161804,0.5434,HOU,NYY,0
20260424_PHI@ATL,2026-04-24,ATL,PHI,5,3,1.0,0.5354584455490112,0.5367,ATL,ATL,1
20260424_PIT@MIL,2026-04-24,MIL,PIT,0,6,0.0,0.5431651473045349,0.5481,MIL,PIT,0
20260424_SEA@STL,2026-04-24,STL,SEA,2,3,0.0,0.5481719970703125,0.5555,STL,SEA,0
20260424_WSH@CWS,2026-04-24,CWS,WSH,5,4,1.0,0.5214751958847046,0.516,CWS,CWS,1
20260423_ATL@WSH,2026-04-23,WSH,ATL,2,7,0.0,0.5104362964630127,0.5,WSH,ATL,0
20260423_CWS@AZ,2026-04-23,AZ,CWS,1,4,0.0,0.5522182583808899,0.5615,AZ,CWS,0
20260423_LAD@SF,2026-04-23,SF,LAD,0,3,0.0,0.5134028196334839,0.504,SF,LAD,0
20260423_MIL@DET,2026-04-23,DET,MIL,5,4,1.0,0.5541394948959351,0.5643,DET,DET,1
20260423_MIN@NYM,2026-04-23,NYM,MIN,10,8,1.0,0.5431651473045349,0.5481,NYM,NYM,1
20260423_NYY@BOS,2026-04-23,BOS,NYY,2,4,0.0,0.5134028196334839,0.504,BOS,NYY,0
20260423_PHI@CHC,2026-04-23,CHC,PHI,8,7,1.0,0.5430210828781128,0.5479,CHC,CHC,1
20260423_PIT@TEX,2026-04-23,TEX,PIT,6,1,1.0,0.535602867603302,0.5369,TEX,TEX,1
20260423_SD@COL,2026-04-23,COL,SD,8,10,0.0,0.5247533917427063,0.5209,COL,SD,0
20260422_ATH@SEA,2026-04-22,SEA,ATH,5,4,1.0,0.5508905649185181,0.5595,SEA,SEA,1
20260422_ATL@WSH,2026-04-22,WSH,ATL,6,8,0.0,0.5024073123931885,0.5,WSH,ATL,0
20260422_BAL@KC,2026-04-22,KC,BAL,6,8,0.0,0.5388697981834412,0.5418,KC,BAL,0
20260422_CIN@TB,2026-04-22,TB,CIN,6,1,1.0,0.5323618054389954,0.5321,TB,TB,1
20260422_CWS@AZ,2026-04-22,AZ,CWS,11,7,1.0,0.5522182583808899,0.5615,AZ,AZ,1
20260422_HOU@CLE,2026-04-22,CLE,HOU,0,2,0.0,0.5496893525123595,0.5578,CLE,HOU,0
20260422_LAD@SF,2026-04-22,SF,LAD,3,0,1.0,0.5236627459526062,0.5193,SF,SF,1
20260422_MIL@DET,2026-04-22,DET,MIL,5,2,1.0,0.5541394948959351,0.5643,DET,DET,1
20260422_MIN@NYM,2026-04-22,NYM,MIN,3,2,1.0,0.5431651473045349,0.5481,NYM,NYM,1
20260422_NYY@BOS,2026-04-22,BOS,NYY,1,4,0.0,0.5236627459526062,0.5193,BOS,NYY,0
20260422_PHI@CHC,2026-04-22,CHC,PHI,7,2,1.0,0.5572119355201721,0.5689,CHC,CHC,1
20260422_PIT@TEX,2026-04-22,TEX,PIT,4,8,0.0,0.5234785676002502,0.519,TEX,PIT,0
20260422_SD@COL,2026-04-22,COL,SD,8,3,1.0,0.5024073123931885,0.5,COL,COL,1
20260422_STL@MIA,2026-04-22,MIA,STL,4,1,1.0,0.5317201614379883,0.5312,MIA,MIA,1
20260422_TOR@LAA,2026-04-22,LAA,TOR,7,3,1.0,0.5349907279014587,0.536,LAA,LAA,1
20260421_ATH@SEA,2026-04-21,SEA,ATH,2,5,0.0,0.5508905649185181,0.5595,SEA,ATH,0
20260421_ATL@WSH,2026-04-21,WSH,ATL,11,4,1.0,0.5207003951072693,0.5149,WSH,WSH,1
20260421_BAL@KC,2026-04-21,KC,BAL,6,5,1.0,0.5245926976203918,0.5206,KC,KC,1
20260421_CIN@TB,2026-04-21,TB,CIN,6,12,0.0,0.5323618054389954,0.5321,TB,CIN,0
20260421_CWS@AZ,2026-04-21,AZ,CWS,5,11,0.0,0.5522182583808899,0.5615,AZ,CWS,0
20260421_HOU@CLE,2026-04-21,CLE,HOU,8,5,1.0,0.5496893525123595,0.5578,CLE,CLE,1
20260421_LAD@SF,2026-04-21,SF,LAD,3,1,1.0,0.5236627459526062,0.5193,SF,SF,1
20260421_MIL@DET,2026-04-21,DET,MIL,4,12,0.0,0.5399314761161804,0.5434,DET,MIL,0
20260421_MIN@NYM,2026-04-21,NYM,MIN,3,5,0.0,0.5310654640197754,0.5302,NYM,MIN,0
20260421_NYY@BOS,2026-04-21,BOS,NYY,0,4,0.0,0.5134028196334839,0.504,BOS,NYY,0
20260421_PHI@CHC,2026-04-21,CHC,PHI,7,4,1.0,0.5430210828781128,0.5479,CHC,CHC,1
20260421_PIT@TEX,2026-04-21,TEX,PIT,5,1,1.0,0.535602867603302,0.5369,TEX,TEX,1
20260421_SD@COL,2026-04-21,COL,SD,0,1,0.0,0.5024073123931885,0.5,COL,SD,0
20260421_STL@MIA,2026-04-21,MIA,STL,3,5,0.0,0.5317201614379883,0.5312,MIA,STL,0
20260421_TOR@LAA,2026-04-21,LAA,TOR,2,4,0.0,0.4821517765522003,0.4894,TOR,TOR,1
20260420_ATH@SEA,2026-04-20,SEA,ATH,4,6,0.0,0.5508905649185181,0.5595,SEA,ATH,0
20260420_ATL@WSH,2026-04-20,WSH,ATL,4,9,0.0,0.5207003951072693,0.5149,WSH,ATL,0
20260420_BAL@KC,2026-04-20,KC,BAL,5,7,0.0,0.5388697981834412,0.5418,KC,BAL,0
20260420_CIN@TB,2026-04-20,TB,CIN,1,6,0.0,0.5323618054389954,0.5321,TB,CIN,0
20260420_DET@BOS,2026-04-20,BOS,DET,8,6,1.0,0.5236627459526062,0.5193,BOS,BOS,1
20260420_HOU@CLE,2026-04-20,CLE,HOU,2,9,0.0,0.5354584455490112,0.5367,CLE,HOU,0
20260420_LAD@COL,2026-04-20,COL,LAD,3,12,0.0,0.4821517765522003,0.4894,LAD,LAD,1
20260420_PHI@CHC,2026-04-20,CHC,PHI,5,1,1.0,0.5430210828781128,0.5479,CHC,CHC,1
20260420_STL@MIA,2026-04-20,MIA,STL,5,3,1.0,0.5012906193733215,0.5,MIA,MIA,1
20260420_TOR@LAA,2026-04-20,LAA,TOR,2,5,0.0,0.4821517765522003,0.4894,TOR,TOR,1
20260419_ATL@PHI,2026-04-19,PHI,ATL,2,4,0.0,0.5321776866912843,0.5319,PHI,ATL,0
20260419_BAL@CLE,2026-04-19,CLE,BAL,8,4,1.0,0.5323618054389954,0.5321,CLE,CLE,1
20260419_CIN@MIN,2026-04-19,MIN,CIN,4,7,0.0,0.5323618054389954,0.5321,MIN,CIN,0
20260419_CWS@ATH,2026-04-19,ATH,CWS,4,7,0.0,0.5383371114730835,0.541,ATH,CWS,0
20260419_DET@BOS,2026-04-19,BOS,DET,2,6,0.0,0.5134028196334839,0.504,BOS,DET,0
20260419_KC@NYY,2026-04-19,NYY,KC,7,0,1.0,0.5568019151687622,0.5683,NYY,NYY,1
20260419_LAD@COL,2026-04-19,COL,LAD,9,6,1.0,0.4821517765522003,0.4894,LAD,COL,0
20260419_MIL@MIA,2026-04-19,MIA,MIL,5,3,1.0,0.5024073123931885,0.5,MIA,MIA,1
20260419_NYM@CHC,2026-04-19,CHC,NYM,2,1,1.0,0.5430210828781128,0.5479,CHC,CHC,1
20260419_SD@LAA,2026-04-19,LAA,SD,1,2,0.0,0.5104362964630127,0.5,LAA,SD,0
20260419_SF@WSH,2026-04-19,WSH,SF,3,0,1.0,0.5104362964630127,0.5,WSH,WSH,1
20260419_STL@HOU,2026-04-19,HOU,STL,5,7,0.0,0.5508905649185181,0.5595,HOU,STL,0
20260419_TB@PIT,2026-04-19,PIT,TB,6,3,1.0,0.5433486104011536,0.5484,PIT,PIT,1
20260419_TEX@SEA,2026-04-19,SEA,TEX,5,2,1.0,0.5388217568397522,0.5417,SEA,SEA,1
20260419_TOR@AZ,2026-04-19,AZ,TOR,4,10,0.0,0.5430210828781128,0.5479,AZ,TOR,0
20260418_ATL@PHI,2026-04-18,PHI,ATL,1,3,0.0,0.5321776866912843,0.5319,PHI,ATL,0
20260418_BAL@CLE,2026-04-18,CLE,BAL,4,2,1.0,0.5323618054389954,0.5321,CLE,CLE,1
20260418_CIN@MIN,2026-04-18,MIN,CIN,4,5,0.0,0.546607255935669,0.5532,MIN,CIN,0
20260418_CWS@ATH,2026-04-18,ATH,CWS,7,6,1.0,0.5383371114730835,0.541,ATH,ATH,1
20260418_DET@BOS,2026-04-18,BOS,DET,1,4,0.0,0.5134028196334839,0.504,BOS,DET,0
20260418_KC@NYY,2026-04-18,NYY,KC,13,4,1.0,0.5568019151687622,0.5683,NYY,NYY,1
20260418_LAD@COL,2026-04-18,COL,LAD,4,3,1.0,0.4821517765522003,0.4894,LAD,COL,0
20260418_MIL@MIA,2026-04-18,MIA,MIL,2,5,0.0,0.5207003951072693,0.5149,MIA,MIL,0
20260418_NYM@CHC,2026-04-18,CHC,NYM,4,2,1.0,0.5430210828781128,0.5479,CHC,CHC,1
20260418_SD@LAA,2026-04-18,LAA,SD,1,4,0.0,0.4821517765522003,0.4894,SD,SD,1
20260418_SF@WSH,2026-04-18,WSH,SF,6,7,0.0,0.4821517765522003,0.4894,SF,SF,1
20260418_STL@HOU,2026-04-18,HOU,STL,5,7,0.0,0.5508905649185181,0.5595,HOU,STL,0
20260418_TB@PIT,2026-04-18,PIT,TB,7,8,0.0,0.5312496423721313,0.5305,PIT,TB,0
20260418_TEX@SEA,2026-04-18,SEA,TEX,7,3,1.0,0.5388217568397522,0.5417,SEA,SEA,1
20260418_TOR@AZ,2026-04-18,AZ,TOR,6,2,1.0,0.5430210828781128,0.5479,AZ,AZ,1
20260417_ATL@PHI,2026-04-17,PHI,ATL,0,9,0.0,0.5392195582389832,0.5412,PHI,ATL,0
20260417_BAL@CLE,2026-04-17,CLE,BAL,4,6,0.0,0.5409050583839417,0.5437,CLE,BAL,0
20260417_CIN@MIN,2026-04-17,MIN,CIN,1,2,0.0,0.5124416947364807,0.501,MIN,CIN,0
20260417_CWS@ATH,2026-04-17,ATH,CWS,2,9,0.0,0.5671246647834778,0.5829,ATH,CWS,0
20260417_DET@BOS,2026-04-17,BOS,DET,1,0,1.0,0.530285120010376,0.5278,BOS,BOS,1
20260417_KC@NYY,2026-04-17,NYY,KC,4,2,1.0,0.5844954252243042,0.6086,NYY,NYY,1
20260417_LAD@COL,2026-04-17,COL,LAD,1,7,0.0,0.4909370541572571,0.5,LAD,LAD,1
20260417_MIL@MIA,2026-04-17,MIA,MIL,5,7,0.0,0.4955648183822632,0.5,MIL,MIL,1
20260417_NYM@CHC,2026-04-17,CHC,NYM,12,4,1.0,0.5549364686012268,0.5647,CHC,CHC,1
20260417_SD@LAA,2026-04-17,LAA,SD,8,0,1.0,0.4882179796695709,0.5,SD,LAA,0
20260417_SF@WSH,2026-04-17,WSH,SF,5,10,0.0,0.4738433361053467,0.4784,SF,SF,1
20260417_STL@HOU,2026-04-17,HOU,STL,4,9,0.0,0.5534231066703796,0.5625,HOU,STL,0
20260417_TB@PIT,2026-04-17,PIT,TB,5,1,1.0,0.5392420291900635,0.5412,PIT,PIT,1
20260417_TEX@SEA,2026-04-17,SEA,TEX,0,5,0.0,0.5430845618247987,0.547,SEA,TEX,0
20260417_TOR@AZ,2026-04-17,AZ,TOR,6,3,1.0,0.5517507195472717,0.56,AZ,AZ,1
20260416_BAL@CLE,2026-04-16,CLE,BAL,4,2,1.0,0.5150043368339539,0.5048,CLE,CLE,1
20260416_COL@HOU,2026-04-16,HOU,COL,2,3,0.0,0.607872724533081,0.6427,HOU,COL,0
20260416_KC@DET,2026-04-16,DET,KC,10,9,1.0,0.545470118522644,0.5506,DET,DET,1
20260416_LAA@NYY,2026-04-16,NYY,LAA,4,11,0.0,0.5602918863296509,0.5727,NYY,LAA,0
20260416_SEA@SD,2026-04-16,SD,SEA,5,2,1.0,0.5758135318756104,0.5958,SD,SD,1
20260416_SF@CIN,2026-04-16,CIN,SF,0,3,0.0,0.5414183139801025,0.5445,CIN,SF,0
20260416_TB@CWS,2026-04-16,CWS,TB,3,5,0.0,0.4784606695175171,0.4853,TB,TB,1
20260416_TEX@ATH,2026-04-16,ATH,TEX,6,9,0.0,0.4933392405509949,0.5,TEX,TEX,1
20260416_TOR@MIL,2026-04-16,MIL,TOR,2,1,1.0,0.5717924237251282,0.5898,MIL,MIL,1
20260416_WSH@PIT,2026-04-16,PIT,WSH,7,8,0.0,0.5674847364425659,0.5834,PIT,WSH,0
20260415_AZ@BAL,2026-04-15,BAL,AZ,5,8,0.0,0.5072870850563049,0.5,BAL,AZ,0
20260415_BOS@MIN,2026-04-15,MIN,BOS,5,9,0.0,0.5194034576416016,0.5114,MIN,BOS,0
20260415_CHC@PHI,2026-04-15,PHI,CHC,2,11,0.0,0.5496304035186768,0.5568,PHI,CHC,0
20260415_CLE@STL,2026-04-15,STL,CLE,5,3,1.0,0.5469996333122253,0.5529,STL,STL,1
20260415_COL@HOU,2026-04-15,HOU,COL,3,1,1.0,0.5923339128494263,0.6201,HOU,HOU,1
20260415_KC@DET,2026-04-15,DET,KC,2,1,1.0,0.5350443720817566,0.5349,DET,DET,1
20260415_LAA@NYY,2026-04-15,NYY,LAA,5,4,1.0,0.5447463393211365,0.5495,NYY,NYY,1
20260415_MIA@ATL,2026-04-15,ATL,MIA,6,3,1.0,0.5538811087608337,0.5631,ATL,ATL,1
20260415_NYM@LAD,2026-04-15,LAD,NYM,8,2,1.0,0.5578166842460632,0.569,LAD,LAD,1
20260415_SEA@SD,2026-04-15,SD,SEA,7,6,1.0,0.5625712275505066,0.5761,SD,SD,1
20260415_SF@CIN,2026-04-15,CIN,SF,8,3,1.0,0.5414183139801025,0.5445,CIN,CIN,1
20260415_TB@CWS,2026-04-15,CWS,TB,3,8,0.0,0.499313235282898,0.5,TB,TB,1
20260415_TEX@ATH,2026-04-15,ATH,TEX,6,5,1.0,0.4977148771286011,0.5,TEX,ATH,0
20260415_TOR@MIL,2026-04-15,MIL,TOR,2,1,1.0,0.5409073233604431,0.5437,MIL,MIL,1
20260415_WSH@PIT,2026-04-15,PIT,WSH,2,0,1.0,0.5534804463386536,0.5626,PIT,PIT,1
20260414_AZ@BAL,2026-04-14,BAL,AZ,3,4,0.0,0.5305236577987671,0.5281,BAL,AZ,0
20260414_BOS@MIN,2026-04-14,MIN,BOS,6,0,1.0,0.5355424284934998,0.5357,MIN,MIN,1
20260414_CHC@PHI,2026-04-14,PHI,CHC,4,10,0.0,0.5269116163253784,0.5227,PHI,CHC,0
20260414_CLE@STL,2026-04-14,STL,CLE,6,5,1.0,0.5484212636947631,0.555,STL,STL,1
20260414_COL@HOU,2026-04-14,HOU,COL,7,6,1.0,0.5923339128494263,0.6201,HOU,HOU,1
20260414_KC@DET,2026-04-14,DET,KC,2,1,1.0,0.5284854173660278,0.5251,DET,DET,1
20260414_LAA@NYY,2026-04-14,NYY,LAA,1,7,0.0,0.5447463393211365,0.5495,NYY,LAA,0
20260414_MIA@ATL,2026-04-14,ATL,MIA,6,5,1.0,0.5538811087608337,0.5631,ATL,ATL,1
20260414_NYM@LAD,2026-04-14,LAD,NYM,2,1,1.0,0.5474392175674438,0.5535,LAD,LAD,1
20260414_SEA@SD,2026-04-14,SD,SEA,4,1,1.0,0.5625712275505066,0.5761,SD,SD,1
20260414_SF@CIN,2026-04-14,CIN,SF,2,1,1.0,0.5414183139801025,0.5445,CIN,CIN,1
20260414_TB@CWS,2026-04-14,CWS,TB,5,8,0.0,0.4950728118419648,0.5,TB,TB,1
20260414_TEX@ATH,2026-04-14,ATH,TEX,2,1,1.0,0.4979502856731414,0.5,TEX,ATH,0
20260414_TOR@MIL,2026-04-14,MIL,TOR,7,9,0.0,0.5621083974838257,0.5754,MIL,TOR,0
20260414_WSH@PIT,2026-04-14,PIT,WSH,4,5,0.0,0.5793572664260864,0.601,PIT,WSH,0
20260413_AZ@BAL,2026-04-13,BAL,AZ,9,7,1.0,0.5116375684738159,0.5,BAL,BAL,1
20260413_BOS@MIN,2026-04-13,MIN,BOS,13,6,1.0,0.5194034576416016,0.5114,MIN,MIN,1
20260413_CHC@PHI,2026-04-13,PHI,CHC,13,7,1.0,0.5392195582389832,0.5412,PHI,PHI,1
20260413_CLE@STL,2026-04-13,STL,CLE,3,9,0.0,0.5535826683044434,0.5627,STL,CLE,0
20260413_HOU@SEA,2026-04-13,SEA,HOU,6,2,1.0,0.533905029296875,0.5332,SEA,SEA,1
20260413_LAA@NYY,2026-04-13,NYY,LAA,11,10,1.0,0.5447463393211365,0.5495,NYY,NYY,1
20260413_MIA@ATL,2026-04-13,ATL,MIA,4,10,0.0,0.5151928067207336,0.5051,ATL,MIA,0
20260413_NYM@LAD,2026-04-13,LAD,NYM,4,0,1.0,0.5421175956726074,0.5455,LAD,LAD,1
20260413_TEX@ATH,2026-04-13,ATH,TEX,1,8,0.0,0.518572211265564,0.5102,ATH,TEX,0
20260413_WSH@PIT,2026-04-13,PIT,WSH,16,5,1.0,0.555101752281189,0.565,PIT,PIT,1
20260412_ATH@NYM,2026-04-12,NYM,ATH,0,1,0.0,0.5529674291610718,0.5618,NYM,ATH,0
20260412_AZ@PHI,2026-04-12,PHI,AZ,3,4,0.0,0.5377933979034424,0.5391,PHI,AZ,0
20260412_BOS@STL,2026-04-12,STL,BOS,3,9,0.0,0.575971245765686,0.596,STL,BOS,0
20260412_CLE@ATL,2026-04-12,ATL,CLE,13,1,1.0,0.5127816796302795,0.5015,ATL,ATL,1
20260412_COL@SD,2026-04-12,SD,COL,7,2,1.0,0.5923339128494263,0.6201,SD,SD,1
20260412_CWS@KC,2026-04-12,KC,CWS,5,6,0.0,0.5785366296768188,0.5998,KC,CWS,0
20260412_HOU@SEA,2026-04-12,SEA,HOU,6,1,1.0,0.5499789118766784,0.5573,SEA,SEA,1
20260412_LAA@CIN,2026-04-12,CIN,LAA,6,9,0.0,0.5331732034683228,0.5321,CIN,LAA,0
20260412_MIA@DET,2026-04-12,DET,MIA,8,2,1.0,0.5427392125129701,0.5465,DET,DET,1
20260412_MIN@TOR,2026-04-12,TOR,MIN,2,8,0.0,0.5611249208450317,0.574,TOR,MIN,0
20260412_NYY@TB,2026-04-12,TB,NYY,5,4,1.0,0.50703364610672,0.5,TB,TB,1
20260412_PIT@CHC,2026-04-12,CHC,PIT,7,6,1.0,0.5600337386131287,0.5723,CHC,CHC,1
20260412_SF@BAL,2026-04-12,BAL,SF,6,2,1.0,0.5138697028160095,0.5031,BAL,BAL,1
20260412_TEX@LAD,2026-04-12,LAD,TEX,2,5,0.0,0.555101752281189,0.565,LAD,TEX,0
20260412_WSH@MIL,2026-04-12,MIL,WSH,6,8,0.0,0.5690948367118835,0.5858,MIL,WSH,0
20260411_ATH@NYM,2026-04-11,NYM,ATH,6,11,0.0,0.5515483617782592,0.5597,NYM,ATH,0
20260411_AZ@PHI,2026-04-11,PHI,AZ,4,3,1.0,0.5273441672325134,0.5234,PHI,PHI,1
20260411_BOS@STL,2026-04-11,STL,BOS,1,7,0.0,0.5737243890762329,0.5927,STL,BOS,0
20260411_CLE@ATL,2026-04-11,ATL,CLE,0,6,0.0,0.5132113099098206,0.5021,ATL,CLE,0
20260411_COL@SD,2026-04-11,SD,COL,9,5,1.0,0.5859577059745789,0.6107,SD,SD,1
20260411_CWS@KC,2026-04-11,KC,CWS,2,0,1.0,0.6089892983436584,0.6443,KC,KC,1
20260411_HOU@SEA,2026-04-11,SEA,HOU,8,7,1.0,0.5377933979034424,0.5391,SEA,SEA,1
20260411_LAA@CIN,2026-04-11,CIN,LAA,7,3,1.0,0.5142961740493774,0.5038,CIN,CIN,1
20260411_MIA@DET,2026-04-11,DET,MIA,6,1,1.0,0.5306704640388489,0.5284,DET,DET,1
20260411_MIN@TOR,2026-04-11,TOR,MIN,4,7,0.0,0.5491383075714111,0.5561,TOR,MIN,0
20260411_NYY@TB,2026-04-11,TB,NYY,5,4,1.0,0.48118633031845087,0.4894,NYY,TB,0
20260411_PIT@CHC,2026-04-11,CHC,PIT,3,4,0.0,0.555101752281189,0.565,CHC,PIT,0
20260411_SF@BAL,2026-04-11,BAL,SF,6,2,1.0,0.5072870850563049,0.5,BAL,BAL,1
20260411_TEX@LAD,2026-04-11,LAD,TEX,6,3,1.0,0.5602583289146423,0.5727,LAD,LAD,1
20260411_WSH@MIL,2026-04-11,MIL,WSH,1,3,0.0,0.5774722695350647,0.5982,MIL,WSH,0
20260410_ATH@NYM,2026-04-10,NYM,ATH,0,4,0.0,0.5743416547775267,0.5936,NYM,ATH,0
20260410_AZ@PHI,2026-04-10,PHI,AZ,4,5,0.0,0.5247536301612854,0.5191,PHI,AZ,0
20260410_BOS@STL,2026-04-10,STL,BOS,3,2,1.0,0.5407708287239075,0.5433,STL,STL,1
20260410_CLE@ATL,2026-04-10,ATL,CLE,11,5,1.0,0.5276692509651184,0.5235,ATL,ATL,1
20260410_COL@SD,2026-04-10,SD,COL,5,2,1.0,0.5550987124443054,0.5648,SD,SD,1
20260410_CWS@KC,2026-04-10,KC,CWS,2,0,1.0,0.5870779752731323,0.6125,KC,KC,1
20260410_HOU@SEA,2026-04-10,SEA,HOU,9,6,1.0,0.5331099033355713,0.5317,SEA,SEA,1
20260410_LAA@CIN,2026-04-10,CIN,LAA,2,10,0.0,0.5436630845069885,0.5476,CIN,LAA,0
20260410_MIA@DET,2026-04-10,DET,MIA,2,0,1.0,0.5229800939559937,0.5164,DET,DET,1
20260410_MIN@TOR,2026-04-10,TOR,MIN,10,4,1.0,0.5504577159881592,0.5578,TOR,TOR,1
20260410_NYY@TB,2026-04-10,TB,NYY,5,3,1.0,0.5171052813529968,0.5075,TB,TB,1
20260410_PIT@CHC,2026-04-10,CHC,PIT,0,2,0.0,0.5329648852348328,0.5315,CHC,PIT,0
20260410_SF@BAL,2026-04-10,BAL,SF,3,6,0.0,0.536837100982666,0.5373,BAL,SF,0
20260410_TEX@LAD,2026-04-10,LAD,TEX,8,7,1.0,0.5421452522277832,0.5453,LAD,LAD,1
20260410_WSH@MIL,2026-04-10,MIL,WSH,3,7,0.0,0.5599756240844727,0.5721,MIL,WSH,0
20260409_ATH@NYY,2026-04-09,NYY,ATH,0,1,0.0,0.5599756240844727,0.5721,NYY,ATH,0
20260409_AZ@NYM,2026-04-09,NYM,AZ,1,7,0.0,0.5339543223381041,0.533,NYM,AZ,0
20260409_CIN@MIA,2026-04-09,MIA,CIN,8,1,1.0,0.526263415813446,0.5214,MIA,MIA,1
20260409_COL@SD,2026-04-09,SD,COL,7,3,1.0,0.5550987124443054,0.5648,SD,SD,1
20260409_CWS@KC,2026-04-09,KC,CWS,0,2,0.0,0.5728219747543335,0.5913,KC,CWS,0
20260409_DET@MIN,2026-04-09,MIN,DET,3,1,1.0,0.5111057162284851,0.5,MIN,MIN,1
20260408_ATH@NYY,2026-04-08,NYY,ATH,2,3,0.0,0.5599756240844727,0.5721,NYY,ATH,0
20260408_ATL@LAA,2026-04-08,LAA,ATL,2,8,0.0,0.49249476194381714,0.5,ATL,ATL,1
20260408_AZ@NYM,2026-04-08,NYM,AZ,2,7,0.0,0.5228254199028015,0.5162,NYM,AZ,0
20260408_BAL@CWS,2026-04-08,CWS,BAL,3,5,0.0,0.49530404806137085,0.5,BAL,BAL,1
20260408_CHC@TB,2026-04-08,TB,CHC,2,6,0.0,0.5161125063896179,0.506,TB,CHC,0
20260408_CIN@MIA,2026-04-08,MIA,CIN,7,4,1.0,0.49022737145423895,0.5,CIN,MIA,0
20260408_DET@MIN,2026-04-08,MIN,DET,8,6,1.0,0.5524622201919556,0.5608,MIN,MIN,1
20260408_HOU@COL,2026-04-08,COL,HOU,9,1,1.0,0.4930322766304016,0.5,HOU,COL,0
20260408_KC@CLE,2026-04-08,CLE,KC,10,2,1.0,0.5219789147377014,0.5149,CLE,CLE,1
20260408_LAD@TOR,2026-04-08,TOR,LAD,4,3,1.0,0.5353422164916992,0.5351,TOR,TOR,1
20260408_MIL@BOS,2026-04-08,BOS,MIL,5,0,1.0,0.5205426216125488,0.5127,BOS,BOS,1
20260408_PHI@SF,2026-04-08,SF,PHI,5,0,1.0,0.5121961236000061,0.5001,SF,SF,1
20260408_SD@PIT,2026-04-08,PIT,SD,2,8,0.0,0.5228254199028015,0.5162,PIT,SD,0
20260408_SEA@TEX,2026-04-08,TEX,SEA,3,0,1.0,0.5599756240844727,0.5721,TEX,TEX,1
20260408_STL@WSH,2026-04-08,WSH,STL,1,6,0.0,0.5147038698196411,0.5039,WSH,STL,0
20260407_ATH@NYY,2026-04-07,NYY,ATH,5,3,1.0,0.5599756240844727,0.5721,NYY,NYY,1
20260407_ATL@LAA,2026-04-07,LAA,ATL,2,7,0.0,0.513724148273468,0.5024,LAA,ATL,0
20260407_AZ@NYM,2026-04-07,NYM,AZ,4,3,1.0,0.5422899127006531,0.5455,NYM,NYM,1
20260407_BAL@CWS,2026-04-07,CWS,BAL,2,4,0.0,0.5036594271659851,0.5,CWS,BAL,0
20260407_CHC@TB,2026-04-07,TB,CHC,2,9,0.0,0.5304739475250244,0.5277,TB,CHC,0
20260407_CIN@MIA,2026-04-07,MIA,CIN,3,6,0.0,0.49022737145423895,0.5,CIN,CIN,1
20260407_DET@MIN,2026-04-07,MIN,DET,4,2,1.0,0.5413957238197327,0.5442,MIN,MIN,1
20260407_HOU@COL,2026-04-07,COL,HOU,5,1,1.0,0.4930322766304016,0.5,HOU,COL,0
20260407_KC@CLE,2026-04-07,CLE,KC,2,1,1.0,0.5422899127006531,0.5455,CLE,CLE,1
20260407_LAD@TOR,2026-04-07,TOR,LAD,1,4,0.0,0.5353422164916992,0.5351,TOR,LAD,0
20260407_MIL@BOS,2026-04-07,BOS,MIL,3,2,1.0,0.5205426216125488,0.5127,BOS,BOS,1
20260407_PHI@SF,2026-04-07,SF,PHI,6,0,1.0,0.5121961236000061,0.5001,SF,SF,1
20260407_SD@PIT,2026-04-07,PIT,SD,7,1,1.0,0.5247536301612854,0.5191,PIT,PIT,1
20260407_SEA@TEX,2026-04-07,TEX,SEA,3,2,1.0,0.5599756240844727,0.5721,TEX,TEX,1
20260407_STL@WSH,2026-04-07,WSH,STL,6,7,0.0,0.5436199307441711,0.5475,WSH,STL,0
20260406_ATL@LAA,2026-04-06,LAA,ATL,6,2,1.0,0.4888332784175873,0.5,ATL,LAA,0
20260406_BAL@CWS,2026-04-06,CWS,BAL,1,2,0.0,0.5036594271659851,0.5,CWS,BAL,0
20260406_CHC@TB,2026-04-06,TB,CHC,6,4,1.0,0.5253291130065918,0.52,TB,TB,1
20260406_CIN@MIA,2026-04-06,MIA,CIN,0,2,0.0,0.5234606266021729,0.5171,MIA,CIN,0
20260406_DET@MIN,2026-04-06,MIN,DET,7,3,1.0,0.5124632716178894,0.5005,MIN,MIN,1
20260406_HOU@COL,2026-04-06,COL,HOU,9,7,1.0,0.5067171454429626,0.5,COL,COL,1
20260406_KC@CLE,2026-04-06,CLE,KC,2,4,0.0,0.5331099033355713,0.5317,CLE,KC,0
20260406_LAD@TOR,2026-04-06,TOR,LAD,2,14,0.0,0.5353422164916992,0.5351,TOR,LAD,0
20260406_MIL@BOS,2026-04-06,BOS,MIL,6,8,0.0,0.49402344226837164,0.5,MIL,MIL,1
20260406_PHI@SF,2026-04-06,SF,PHI,4,6,0.0,0.5051882863044739,0.5,SF,PHI,0
20260406_SD@PIT,2026-04-06,PIT,SD,0,5,0.0,0.5339543223381041,0.533,PIT,SD,0
20260406_SEA@TEX,2026-04-06,TEX,SEA,2,1,1.0,0.5743416547775267,0.5936,TEX,TEX,1
20260406_STL@WSH,2026-04-06,WSH,STL,9,6,1.0,0.5304225087165833,0.5276,WSH,WSH,1
20260405_ATL@AZ,2026-04-05,AZ,ATL,6,5,1.0,0.5339543223381041,0.533,AZ,AZ,1
20260405_BAL@PIT,2026-04-05,PIT,BAL,8,2,1.0,0.5518399477005005,0.5599,PIT,PIT,1
20260405_CHC@CLE,2026-04-05,CLE,CHC,0,1,0.0,0.5421452522277832,0.5453,CLE,CHC,0
20260405_CHC@CLE_2,2026-04-05,CLE,CHC,6,5,1.0,0.5329648852348328,0.5315,CLE,CLE,1
20260405_CIN@TEX,2026-04-05,TEX,CIN,1,2,0.0,0.5331099033355713,0.5317,TEX,CIN,0
20260405_HOU@ATH,2026-04-05,ATH,HOU,12,10,1.0,0.5194017887115479,0.511,ATH,ATH,1
20260405_LAD@WSH,2026-04-05,WSH,LAD,6,8,0.0,0.49530404806137085,0.5,LAD,LAD,1
20260405_MIA@NYY,2026-04-05,NYY,MIA,6,7,0.0,0.5329648852348328,0.5315,NYY,MIA,0
20260405_MIL@KC,2026-04-05,KC,MIL,5,8,0.0,0.5261446237564087,0.5212,KC,MIL,0
20260405_NYM@SF,2026-04-05,SF,NYM,2,5,0.0,0.5051882863044739,0.5,SF,NYM,0
20260405_PHI@COL,2026-04-05,COL,PHI,4,1,1.0,0.5109161138534546,0.5,COL,COL,1
20260405_SD@BOS,2026-04-05,BOS,SD,6,8,0.0,0.5250369906425476,0.5195,BOS,SD,0
20260405_SEA@LAA,2026-04-05,LAA,SEA,8,7,1.0,0.5302850008010864,0.5274,LAA,LAA,1
20260405_STL@DET,2026-04-05,DET,STL,3,5,0.0,0.5504577159881592,0.5578,DET,STL,0
20260405_TB@MIN,2026-04-05,MIN,TB,1,4,0.0,0.5461321473121644,0.5513,MIN,TB,0
20260405_TOR@CWS,2026-04-05,CWS,TOR,3,0,1.0,0.49249476194381714,0.5,TOR,CWS,0
20260404_ATL@AZ,2026-04-04,AZ,ATL,2,1,1.0,0.5339543223381041,0.533,AZ,AZ,1
20260404_BAL@PIT,2026-04-04,PIT,BAL,3,2,1.0,0.5422899127006531,0.5455,PIT,PIT,1
20260404_CIN@TEX,2026-04-04,TEX,CIN,0,2,0.0,0.5311853289604187,0.5288,TEX,CIN,0
20260404_HOU@ATH,2026-04-04,ATH,HOU,0,11,0.0,0.4928810000419616,0.5,HOU,HOU,1
20260404_LAD@WSH,2026-04-04,WSH,LAD,5,10,0.0,0.49249476194381714,0.5,LAD,LAD,1
20260404_MIA@NYY,2026-04-04,NYY,MIA,9,7,1.0,0.5421452522277832,0.5453,NYY,NYY,1
20260404_MIL@KC,2026-04-04,KC,MIL,2,5,0.0,0.5353422164916992,0.5351,KC,MIL,0
20260404_MIL@KC_2,2026-04-04,KC,MIL,8,2,1.0,0.5228254199028015,0.5162,KC,KC,1
20260404_NYM@SF,2026-04-04,SF,NYM,0,9,0.0,0.509387731552124,0.5,SF,NYM,0
20260404_PHI@COL,2026-04-04,COL,PHI,1,2,0.0,0.5220688581466675,0.515,COL,PHI,0
20260404_SD@BOS,2026-04-04,BOS,SD,2,3,0.0,0.5478792786598206,0.554,BOS,SD,0
20260404_SEA@LAA,2026-04-04,LAA,SEA,1,0,1.0,0.5149519443511963,0.5043,LAA,LAA,1
20260404_STL@DET,2026-04-04,DET,STL,11,6,1.0,0.5504577159881592,0.5578,DET,DET,1
20260404_TB@MIN,2026-04-04,MIN,TB,1,7,0.0,0.5605956315994263,0.573,MIN,TB,0
20260404_TOR@CWS,2026-04-04,CWS,TOR,6,3,1.0,0.5036594271659851,0.5,CWS,CWS,1
20260403_ATL@AZ,2026-04-03,AZ,ATL,0,2,0.0,0.534203290939331,0.5318,AZ,ATL,0
20260403_BAL@PIT,2026-04-03,PIT,BAL,5,4,1.0,0.534203290939331,0.5318,PIT,PIT,1
20260403_CHC@CLE,2026-04-03,CLE,CHC,4,1,1.0,0.534203290939331,0.5318,CLE,CLE,1
20260403_CIN@TEX,2026-04-03,TEX,CIN,3,5,0.0,0.534203290939331,0.5318,TEX,CIN,0
20260403_HOU@ATH,2026-04-03,ATH,HOU,11,4,1.0,0.5138096213340759,0.5008,ATH,ATH,1
20260403_LAD@WSH,2026-04-03,WSH,LAD,6,13,0.0,0.5138096213340759,0.5008,WSH,LAD,0
20260403_MIA@NYY,2026-04-03,NYY,MIA,8,2,1.0,0.534203290939331,0.5318,NYY,NYY,1
20260403_NYM@SF,2026-04-03,SF,NYM,3,10,0.0,0.534203290939331,0.5318,SF,NYM,0
20260403_PHI@COL,2026-04-03,COL,PHI,1,10,0.0,0.5138096213340759,0.5008,COL,PHI,0
20260403_SD@BOS,2026-04-03,BOS,SD,5,2,1.0,0.534203290939331,0.5318,BOS,BOS,1
20260403_SEA@LAA,2026-04-03,LAA,SEA,1,3,0.0,0.5319852828979492,0.5284,LAA,SEA,0
20260403_STL@DET,2026-04-03,DET,STL,4,0,1.0,0.534203290939331,0.5318,DET,DET,1
20260403_TB@MIN,2026-04-03,MIN,TB,10,4,1.0,0.5138096213340759,0.5008,MIN,MIN,1
20260403_TOR@CWS,2026-04-03,CWS,TOR,5,4,1.0,0.5292830467224121,0.5243,CWS,CWS,1
20260402_ATL@AZ,2026-04-02,AZ,ATL,2,17,0.0,0.534203290939331,0.5318,AZ,ATL,0
20260402_MIN@KC,2026-04-02,KC,MIN,1,5,0.0,0.5657783150672913,0.5797,KC,MIN,0
20260402_NYM@SF,2026-04-02,SF,NYM,7,2,1.0,0.534203290939331,0.5318,SF,SF,1
20260401_ATH@ATL,2026-04-01,ATL,ATH,5,1,1.0,0.5319852828979492,0.5284,ATL,ATL,1
20260401_BOS@HOU,2026-04-01,HOU,BOS,6,4,1.0,0.5657783150672913,0.5797,HOU,HOU,1
20260401_CLE@LAD,2026-04-01,LAD,CLE,1,4,0.0,0.534203290939331,0.5318,LAD,CLE,0
20260401_COL@TOR,2026-04-01,TOR,COL,1,2,0.0,0.5657783150672913,0.5797,TOR,COL,0
20260401_CWS@MIA,2026-04-01,MIA,CWS,10,0,1.0,0.5138562321662903,0.5008,MIA,MIA,1
20260401_DET@AZ,2026-04-01,AZ,DET,1,0,1.0,0.534203290939331,0.5318,AZ,AZ,1
20260401_LAA@CHC,2026-04-01,CHC,LAA,6,2,1.0,0.534203290939331,0.5318,CHC,CHC,1
20260401_MIN@KC,2026-04-01,KC,MIN,13,9,1.0,0.5657783150672913,0.5797,KC,KC,1
20260401_NYM@STL,2026-04-01,STL,NYM,2,1,1.0,0.534203290939331,0.5318,STL,STL,1
20260401_NYY@SEA,2026-04-01,SEA,NYY,3,5,0.0,0.534203290939331,0.5318,SEA,NYY,0
20260401_PIT@CIN,2026-04-01,CIN,PIT,3,8,0.0,0.5319852828979492,0.5284,CIN,PIT,0
20260401_SF@SD,2026-04-01,SD,SF,7,1,1.0,0.534203290939331,0.5318,SD,SD,1
20260401_TB@MIL,2026-04-01,MIL,TB,8,2,1.0,0.534203290939331,0.5318,MIL,MIL,1
20260401_TEX@BAL,2026-04-01,BAL,TEX,8,3,1.0,0.5138096213340759,0.5008,BAL,BAL,1
20260401_WSH@PHI,2026-04-01,PHI,WSH,6,5,1.0,0.534203290939331,0.5318,PHI,PHI,1
20260331_ATH@ATL,2026-03-31,ATL,ATH,2,5,0.0,0.5319852828979492,0.5284,ATL,ATH,0
20260331_BOS@HOU,2026-03-31,HOU,BOS,9,2,1.0,0.5657783150672913,0.5797,HOU,HOU,1
20260331_CLE@LAD,2026-03-31,LAD,CLE,4,1,1.0,0.534203290939331,0.5318,LAD,LAD,1
20260331_COL@TOR,2026-03-31,TOR,COL,5,1,1.0,0.5657783150672913,0.5797,TOR,TOR,1
20260331_CWS@MIA,2026-03-31,MIA,CWS,9,2,1.0,0.5319852828979492,0.5284,MIA,MIA,1
20260331_DET@AZ,2026-03-31,AZ,DET,7,5,1.0,0.534203290939331,0.5318,AZ,AZ,1
20260331_LAA@CHC,2026-03-31,CHC,LAA,0,2,0.0,0.534203290939331,0.5318,CHC,LAA,0
20260331_NYM@STL,2026-03-31,STL,NYM,3,0,1.0,0.534203290939331,0.5318,STL,STL,1
20260331_NYY@SEA,2026-03-31,SEA,NYY,0,5,0.0,0.534203290939331,0.5318,SEA,NYY,0
20260331_PIT@CIN,2026-03-31,CIN,PIT,3,8,0.0,0.5319852828979492,0.5284,CIN,PIT,0
20260331_SF@SD,2026-03-31,SD,SF,3,9,0.0,0.5482890009880066,0.5532,SD,SF,0
20260331_TB@MIL,2026-03-31,MIL,TB,6,2,1.0,0.534203290939331,0.5318,MIL,MIL,1
20260331_TEX@BAL,2026-03-31,BAL,TEX,5,8,0.0,0.5319852828979492,0.5284,BAL,TEX,0
20260331_WSH@PHI,2026-03-31,PHI,WSH,3,2,1.0,0.534203290939331,0.5318,PHI,PHI,1
20260330_ATH@ATL,2026-03-30,ATL,ATH,4,0,1.0,0.5319852828979492,0.5284,ATL,ATL,1
20260330_BOS@HOU,2026-03-30,HOU,BOS,8,1,1.0,0.534203290939331,0.5318,HOU,HOU,1
20260330_CLE@LAD,2026-03-30,LAD,CLE,2,4,0.0,0.5492421984672546,0.5547,LAD,CLE,0
20260330_COL@TOR,2026-03-30,TOR,COL,5,14,0.0,0.5482890009880066,0.5532,TOR,COL,0
20260330_CWS@MIA,2026-03-30,MIA,CWS,4,9,0.0,0.5319852828979492,0.5284,MIA,CWS,0
20260330_DET@AZ,2026-03-30,AZ,DET,9,6,1.0,0.534203290939331,0.5318,AZ,AZ,1
20260330_LAA@CHC,2026-03-30,CHC,LAA,7,2,1.0,0.534203290939331,0.5318,CHC,CHC,1
20260330_MIN@KC,2026-03-30,KC,MIN,3,1,1.0,0.534203290939331,0.5318,KC,KC,1
20260330_NYM@STL,2026-03-30,STL,NYM,2,4,0.0,0.534203290939331,0.5318,STL,NYM,0
20260330_NYY@SEA,2026-03-30,SEA,NYY,2,1,1.0,0.534203290939331,0.5318,SEA,SEA,1
20260330_PIT@CIN,2026-03-30,CIN,PIT,2,0,1.0,0.5319852828979492,0.5284,CIN,CIN,1
20260330_SF@SD,2026-03-30,SD,SF,2,3,0.0,0.5482890009880066,0.5532,SD,SF,0
20260330_TB@MIL,2026-03-30,MIL,TB,2,3,0.0,0.534203290939331,0.5318,MIL,TB,0
20260330_TEX@BAL,2026-03-30,BAL,TEX,2,5,0.0,0.5138096213340759,0.5008,BAL,TEX,0
20260330_WSH@PHI,2026-03-30,PHI,WSH,2,13,0.0,0.534203290939331,0.5318,PHI,WSH,0
20260329_ATH@TOR,2026-03-29,TOR,ATH,5,2,1.0,0.5482890009880066,0.5532,TOR,TOR,1
20260329_BOS@CIN,2026-03-29,CIN,BOS,3,2,1.0,0.5319852828979492,0.5284,CIN,CIN,1
20260329_CLE@SEA,2026-03-29,SEA,CLE,8,0,1.0,0.534203290939331,0.5318,SEA,SEA,1
20260329_COL@MIA,2026-03-29,MIA,COL,4,3,1.0,0.5319852828979492,0.5284,MIA,MIA,1
20260329_CWS@MIL,2026-03-29,MIL,CWS,9,7,1.0,0.5482890009880066,0.5532,MIL,MIL,1
20260329_KC@ATL,2026-03-29,ATL,KC,1,4,0.0,0.5319852828979492,0.5284,ATL,KC,0
20260329_LAA@HOU,2026-03-29,HOU,LAA,9,7,1.0,0.534203290939331,0.5318,HOU,HOU,1
20260329_MIN@BAL,2026-03-29,BAL,MIN,8,6,1.0,0.5319852828979492,0.5284,BAL,BAL,1
20260329_PIT@NYM,2026-03-29,NYM,PIT,3,4,0.0,0.5482890009880066,0.5532,NYM,PIT,0
20260329_TB@STL,2026-03-29,STL,TB,7,11,0.0,0.5657783150672913,0.5797,STL,TB,0
20260329_TEX@PHI,2026-03-29,PHI,TEX,3,8,0.0,0.534203290939331,0.5318,PHI,TEX,0
20260329_WSH@CHC,2026-03-29,CHC,WSH,3,6,0.0,0.534203290939331,0.5318,CHC,WSH,0
20260328_ATH@TOR,2026-03-28,TOR,ATH,8,7,1.0,0.5482890009880066,0.5532,TOR,TOR,1
20260328_AZ@LAD,2026-03-28,LAD,AZ,3,2,1.0,0.5657783150672913,0.5797,LAD,LAD,1
20260328_BOS@CIN,2026-03-28,CIN,BOS,6,5,1.0,0.5319852828979492,0.5284,CIN,CIN,1
20260328_CLE@SEA,2026-03-28,SEA,CLE,5,6,0.0,0.534203290939331,0.5318,SEA,CLE,0
20260328_COL@MIA,2026-03-28,MIA,COL,4,3,1.0,0.5319852828979492,0.5284,MIA,MIA,1
20260328_CWS@MIL,2026-03-28,MIL,CWS,6,1,1.0,0.5482890009880066,0.5532,MIL,MIL,1
20260328_DET@SD,2026-03-28,SD,DET,3,0,1.0,0.534203290939331,0.5318,SD,SD,1
20260328_KC@ATL,2026-03-28,ATL,KC,6,2,1.0,0.5319852828979492,0.5284,ATL,ATL,1
20260328_LAA@HOU,2026-03-28,HOU,LAA,11,9,1.0,0.534203290939331,0.5318,HOU,HOU,1
20260328_MIN@BAL,2026-03-28,BAL,MIN,1,4,0.0,0.5138096213340759,0.5008,BAL,MIN,0
20260328_NYY@SF,2026-03-28,SF,NYY,1,3,0.0,0.534203290939331,0.5318,SF,NYY,0
20260328_PIT@NYM,2026-03-28,NYM,PIT,4,2,1.0,0.5482890009880066,0.5532,NYM,NYM,1
20260328_TB@STL,2026-03-28,STL,TB,6,5,1.0,0.5657783150672913,0.5797,STL,STL,1
20260328_TEX@PHI,2026-03-28,PHI,TEX,4,5,0.0,0.5657783150672913,0.5797,PHI,TEX,0
20260328_WSH@CHC,2026-03-28,CHC,WSH,10,2,1.0,0.534203290939331,0.5318,CHC,CHC,1
20250930_BOS@NYY,2025-09-30,NYY,BOS,1,3,0.0,0.48372137546539307,0.495,BOS,BOS,1
20250930_CIN@LAD,2025-09-30,LAD,CIN,10,5,1.0,0.6039698719978333,0.6367,LAD,LAD,1
20250930_DET@CLE,2025-09-30,CLE,DET,1,2,0.0,0.5258528590202332,0.5195,CLE,DET,0
20250930_SD@CHC,2025-09-30,CHC,SD,3,1,1.0,0.5235803723335266,0.5161,CHC,CHC,1
20250928_AZ@SD,2025-09-28,SD,AZ,12,4,1.0,0.6029108166694641,0.6352,SD,SD,1
20250928_BAL@NYY,2025-09-28,NYY,BAL,3,2,1.0,0.4720583856105805,0.4773,BAL,NYY,0
20250928_CIN@MIL,2025-09-28,MIL,CIN,4,2,1.0,0.6195255517959595,0.6594,MIL,MIL,1
20250928_COL@SF,2025-09-28,SF,COL,4,0,1.0,0.6519228219985962,0.7053,SF,SF,1
20250928_CWS@WSH,2025-09-28,WSH,CWS,0,8,0.0,0.6013298034667969,0.6329,WSH,CWS,0
20250928_DET@BOS,2025-09-28,BOS,DET,4,3,1.0,0.5411306023597717,0.5427,BOS,BOS,1
20250928_HOU@LAA,2025-09-28,LAA,HOU,2,6,0.0,0.4217422306537628,0.4014,HOU,HOU,1
20250928_KC@ATH,2025-09-28,ATH,KC,2,9,0.0,0.4087538719177246,0.382,KC,KC,1
20250928_LAD@SEA,2025-09-28,SEA,LAD,1,6,0.0,0.5873125791549682,0.6121,SEA,LAD,0
20250928_MIN@PHI,2025-09-28,PHI,MIN,2,1,1.0,0.7331972718238832,0.8106,PHI,PHI,1
20250928_NYM@MIA,2025-09-28,MIA,NYM,4,0,1.0,0.4078144133090973,0.3806,NYM,MIA,0
20250928_PIT@ATL,2025-09-28,ATL,PIT,4,1,1.0,0.5040019154548645,0.5,ATL,ATL,1
20250928_STL@CHC,2025-09-28,CHC,STL,2,0,1.0,0.5816410779953002,0.6037,CHC,CHC,1
20250928_TB@TOR,2025-09-28,TOR,TB,13,4,1.0,0.5815489888191223,0.6036,TOR,TOR,1
20250928_TEX@CLE,2025-09-28,CLE,TEX,9,8,1.0,0.6627007722854614,0.7202,CLE,CLE,1
20250927_AZ@SD,2025-09-27,SD,AZ,5,1,1.0,0.5655395388603212,0.5796,SD,SD,1
20250927_BAL@NYY,2025-09-27,NYY,BAL,6,1,1.0,0.5665621161460876,0.5811,NYY,NYY,1
20250927_CIN@MIL,2025-09-27,MIL,CIN,4,7,0.0,0.6340581774711609,0.6802,MIL,CIN,0
20250927_COL@SF,2025-09-27,SF,COL,4,3,1.0,0.6703973412513734,0.7306,SF,SF,1
20250927_CWS@WSH,2025-09-27,WSH,CWS,6,5,1.0,0.5450302958488464,0.5486,WSH,WSH,1
20250927_DET@BOS,2025-09-27,BOS,DET,1,2,0.0,0.5244444012641907,0.5174,BOS,DET,0
20250927_HOU@LAA,2025-09-27,LAA,HOU,1,6,0.0,0.38173025846481323,0.3424,HOU,HOU,1
20250927_KC@ATH,2025-09-27,ATH,KC,2,4,0.0,0.5094059705734253,0.5,ATH,KC,0
20250927_LAD@SEA,2025-09-27,SEA,LAD,3,5,0.0,0.5830523371696472,0.6058,SEA,LAD,0
20250927_MIN@PHI,2025-09-27,PHI,MIN,0,5,0.0,0.676197350025177,0.7384,PHI,MIN,0
20250927_NYM@MIA,2025-09-27,MIA,NYM,0,5,0.0,0.38075801730155945,0.341,NYM,NYM,1
20250927_PIT@ATL,2025-09-27,ATL,PIT,1,3,0.0,0.5442087054252625,0.5474,ATL,PIT,0
20250927_STL@CHC,2025-09-27,CHC,STL,7,3,1.0,0.5857702493667603,0.6098,CHC,CHC,1
20250927_TB@TOR,2025-09-27,TOR,TB,5,1,1.0,0.5676288604736328,0.5827,TOR,TOR,1
20250927_TEX@CLE,2025-09-27,CLE,TEX,3,2,1.0,0.6617608666419983,0.7189,CLE,CLE,1
20250926_AZ@SD,2025-09-26,SD,AZ,7,4,1.0,0.6084054112434387,0.6432,SD,SD,1
20250926_BAL@NYY,2025-09-26,NYY,BAL,8,4,1.0,0.5024678707122803,0.5,NYY,NYY,1
20250926_CIN@MIL,2025-09-26,MIL,CIN,1,3,0.0,0.6382793188095093,0.6862,MIL,CIN,0
20250926_COL@SF,2025-09-26,SF,COL,6,3,1.0,0.7513480186462402,0.8318,SF,SF,1
20250926_CWS@WSH,2025-09-26,WSH,CWS,9,10,0.0,0.5991533994674683,0.6297,WSH,CWS,0
20250926_DET@BOS,2025-09-26,BOS,DET,4,3,1.0,0.5222843289375305,0.5141,BOS,BOS,1
20250926_HOU@LAA,2025-09-26,LAA,HOU,4,3,1.0,0.44118988513946533,0.4306,HOU,LAA,0
20250926_KC@ATH,2025-09-26,ATH,KC,4,3,1.0,0.47571903467178345,0.4829,KC,ATH,0
20250926_LAD@SEA,2025-09-26,SEA,LAD,2,3,0.0,0.5845385789871216,0.608,SEA,LAD,0
20250926_MIN@PHI,2025-09-26,PHI,MIN,3,1,1.0,0.6281742453575134,0.6718,PHI,PHI,1
20250926_NYM@MIA,2025-09-26,MIA,NYM,6,2,1.0,0.49343168735504156,0.5,NYM,MIA,0
20250926_PIT@ATL,2025-09-26,ATL,PIT,3,9,0.0,0.5930877923965454,0.6207,ATL,PIT,0
20250926_STL@CHC,2025-09-26,CHC,STL,12,1,1.0,0.5893806219100952,0.6152,CHC,CHC,1
20250926_TB@TOR,2025-09-26,TOR,TB,4,2,1.0,0.48834699392318726,0.5,TB,TOR,0
20250926_TEX@CLE,2025-09-26,CLE,TEX,3,7,0.0,0.6514269113540649,0.7046,CLE,TEX,0
20250925_BOS@TOR,2025-09-25,TOR,BOS,6,1,1.0,0.51456618309021,0.5024,TOR,TOR,1
20250925_COL@SEA,2025-09-25,SEA,COL,6,2,1.0,0.7750993967056274,0.8579,SEA,SEA,1
20250925_CWS@NYY,2025-09-25,NYY,CWS,5,3,1.0,0.7131608128547668,0.7862,NYY,NYY,1
20250925_DET@CLE,2025-09-25,CLE,DET,2,4,0.0,0.5702221989631653,0.5866,CLE,DET,0
20250925_HOU@ATH,2025-09-25,ATH,HOU,5,11,0.0,0.4907146394252777,0.5,HOU,HOU,1
20250925_KC@LAA,2025-09-25,LAA,KC,4,9,0.0,0.4239321351051331,0.4046,KC,KC,1
20250925_LAD@AZ,2025-09-25,AZ,LAD,0,8,0.0,0.47847911715507513,0.487,LAD,LAD,1
20250925_MIA@PHI,2025-09-25,PHI,MIA,1,0,1.0,0.6452922224998474,0.6961,PHI,PHI,1
20250925_MIN@TEX,2025-09-25,TEX,MIN,0,4,0.0,0.6206358075141907,0.661,TEX,MIN,0
20250925_NYM@CHC,2025-09-25,CHC,NYM,5,8,0.0,0.4892397224903107,0.5,NYM,NYM,1
20250925_PIT@CIN,2025-09-25,CIN,PIT,2,1,1.0,0.5474700927734375,0.5523,CIN,CIN,1
20250925_TB@BAL,2025-09-25,BAL,TB,6,5,1.0,0.42919000983238226,0.4125,TB,BAL,0
20250924_BOS@TOR,2025-09-24,TOR,BOS,1,7,0.0,0.47964721918106074,0.4888,BOS,BOS,1
20250924_COL@SEA,2025-09-24,SEA,COL,9,2,1.0,0.816623866558075,0.899,SEA,SEA,1
20250924_CWS@NYY,2025-09-24,NYY,CWS,8,1,1.0,0.6385040283203126,0.6865,NYY,NYY,1
20250924_DET@CLE,2025-09-24,CLE,DET,5,1,1.0,0.5766355395317078,0.5962,CLE,CLE,1
20250924_HOU@ATH,2025-09-24,ATH,HOU,6,0,1.0,0.4629415273666382,0.4635,HOU,ATH,0
20250924_KC@LAA,2025-09-24,LAA,KC,3,2,1.0,0.3934030830860138,0.3594,KC,LAA,0
20250924_LAD@AZ,2025-09-24,AZ,LAD,4,5,0.0,0.5564306974411011,0.5659,AZ,LAD,0
20250924_MIA@PHI,2025-09-24,PHI,MIA,11,1,1.0,0.5575568675994873,0.5676,PHI,PHI,1
20250924_MIL@SD,2025-09-24,SD,MIL,1,3,0.0,0.5323972105979919,0.5295,SD,MIL,0
20250924_MIN@TEX,2025-09-24,TEX,MIN,4,2,1.0,0.6775951981544495,0.7403,TEX,TEX,1
20250924_NYM@CHC,2025-09-24,CHC,NYM,10,3,1.0,0.5405882000923157,0.5419,CHC,CHC,1
20250924_PIT@CIN,2025-09-24,CIN,PIT,3,4,0.0,0.5853422284126282,0.6092,CIN,PIT,0
20250924_STL@SF,2025-09-24,SF,STL,4,3,1.0,0.46379837393760687,0.4648,STL,SF,0
20250924_TB@BAL,2025-09-24,BAL,TB,2,6,0.0,0.4458101391792297,0.4375,TB,TB,1
20250924_WSH@ATL,2025-09-24,ATL,WSH,3,4,0.0,0.5616912841796875,0.5738,ATL,WSH,0
20250923_BOS@TOR,2025-09-23,TOR,BOS,1,4,0.0,0.47944661974906927,0.4885,BOS,BOS,1
20250923_COL@SEA,2025-09-23,SEA,COL,4,3,1.0,0.797187864780426,0.8805,SEA,SEA,1
20250923_CWS@NYY,2025-09-23,NYY,CWS,3,2,1.0,0.6557764410972596,0.7107,NYY,NYY,1
20250923_DET@CLE,2025-09-23,CLE,DET,5,2,1.0,0.5702027678489685,0.5866,CLE,CLE,1
20250923_HOU@ATH,2025-09-23,ATH,HOU,5,1,1.0,0.4530965983867645,0.4485,HOU,ATH,0
20250923_KC@LAA,2025-09-23,LAA,KC,4,8,0.0,0.3777881562709809,0.3367,KC,KC,1
20250923_LAD@AZ,2025-09-23,AZ,LAD,5,4,1.0,0.4460994899272919,0.438,LAD,AZ,0
20250923_MIA@PHI,2025-09-23,PHI,MIA,5,6,0.0,0.5475717782974243,0.5525,PHI,MIA,0
20250923_MIL@SD,2025-09-23,SD,MIL,7,0,1.0,0.5098426938056946,0.5,SD,SD,1
20250923_MIN@TEX,2025-09-23,TEX,MIN,1,4,0.0,0.6293084025382996,0.6734,TEX,MIN,0
20250923_NYM@CHC,2025-09-23,CHC,NYM,7,9,0.0,0.5788926482200623,0.5996,CHC,NYM,0
20250923_PIT@CIN,2025-09-23,CIN,PIT,2,4,0.0,0.5590393543243408,0.5698,CIN,PIT,0
20250923_STL@SF,2025-09-23,SF,STL,8,9,0.0,0.4819283187389374,0.4923,STL,STL,1
20250923_TB@BAL,2025-09-23,BAL,TB,6,0,1.0,0.4664908349514007,0.4688,TB,BAL,0
20250923_WSH@ATL,2025-09-23,ATL,WSH,3,2,1.0,0.6344379186630249,0.6808,ATL,ATL,1
20250922_MIL@SD,2025-09-22,SD,MIL,5,4,1.0,0.48075729608535767,0.4891,MIL,SD,0
20250922_STL@SF,2025-09-22,SF,STL,5,6,0.0,0.5445115566253662,0.5491,SF,STL,0
20250922_WSH@ATL,2025-09-22,ATL,WSH,11,5,1.0,0.6281486749649047,0.6727,ATL,ATL,1
20250921_ATH@PIT,2025-09-21,PIT,ATH,11,0,1.0,0.5998122096061707,0.6316,PIT,PIT,1
20250921_ATL@DET,2025-09-21,DET,ATL,2,6,0.0,0.5474010705947876,0.5535,DET,ATL,0
20250921_BOS@TB,2025-09-21,TB,BOS,7,3,1.0,0.4379489719867707,0.4245,BOS,TB,0
20250921_CHC@CIN,2025-09-21,CIN,CHC,1,0,1.0,0.4954541325569152,0.5,CHC,CIN,0
20250921_CLE@MIN,2025-09-21,MIN,CLE,6,2,1.0,0.4994788765907287,0.5,CLE,MIN,0
20250921_LAA@COL,2025-09-21,COL,LAA,3,1,1.0,0.3687290549278259,0.3229,LAA,COL,0
20250921_MIA@TEX,2025-09-21,TEX,MIA,2,4,0.0,0.5510738492012024,0.559,TEX,MIA,0
20250921_MIL@STL,2025-09-21,STL,MIL,5,1,1.0,0.44753363728523254,0.4389,MIL,STL,0
20250921_NYY@BAL,2025-09-21,BAL,NYY,1,7,0.0,0.47916048765182495,0.4867,NYY,NYY,1
20250921_PHI@AZ,2025-09-21,AZ,PHI,9,2,1.0,0.4636876583099365,0.4633,PHI,AZ,0
20250921_SD@CWS,2025-09-21,CWS,SD,2,3,0.0,0.39060679078102106,0.3544,SD,SD,1
20250921_SEA@HOU,2025-09-21,HOU,SEA,3,7,0.0,0.5166851878166199,0.507,HOU,SEA,0
20250921_SF@LAD,2025-09-21,LAD,SF,1,3,0.0,0.661508858203888,0.7193,LAD,SF,0
20250921_TOR@KC,2025-09-21,KC,TOR,5,8,0.0,0.5437090992927551,0.5479,KC,TOR,0
20250921_WSH@NYM,2025-09-21,NYM,WSH,2,3,0.0,0.6849763989448547,0.7507,NYM,WSH,0
20250920_ATH@PIT,2025-09-20,PIT,ATH,2,0,1.0,0.5567455887794495,0.5676,PIT,PIT,1
20250920_ATL@DET,2025-09-20,DET,ATL,5,6,0.0,0.5549959540367126,0.5649,DET,ATL,0
20250920_BOS@TB,2025-09-20,TB,BOS,3,6,0.0,0.5091621279716492,0.5,TB,BOS,0
20250920_CHC@CIN,2025-09-20,CIN,CHC,6,3,1.0,0.5027768015861511,0.5,CIN,CIN,1
20250920_CLE@MIN,2025-09-20,MIN,CLE,0,8,0.0,0.5110456943511963,0.5,MIN,CLE,0
20250920_CLE@MIN_2,2025-09-20,MIN,CLE,0,6,0.0,0.522808313369751,0.5163,MIN,CLE,0
20250920_LAA@COL,2025-09-20,COL,LAA,0,3,0.0,0.4903495609760284,0.5,LAA,LAA,1
20250920_MIA@TEX,2025-09-20,TEX,MIA,3,4,0.0,0.5751481056213379,0.5951,TEX,MIA,0
20250920_MIL@STL,2025-09-20,STL,MIL,2,3,0.0,0.4406295418739319,0.4285,MIL,MIL,1
20250920_NYY@BAL,2025-09-20,BAL,NYY,1,6,0.0,0.43454167246818537,0.4194,NYY,NYY,1
20250920_PHI@AZ,2025-09-20,AZ,PHI,4,3,1.0,0.5531632900238037,0.5622,AZ,AZ,1
20250920_SD@CWS,2025-09-20,CWS,SD,3,7,0.0,0.3774230480194092,0.3353,SD,SD,1
20250920_SEA@HOU,2025-09-20,HOU,SEA,4,6,0.0,0.5541096329689026,0.5636,HOU,SEA,0
20250920_SF@LAD,2025-09-20,LAD,SF,7,5,1.0,0.5894380807876587,0.6164,LAD,LAD,1
20250920_TOR@KC,2025-09-20,KC,TOR,2,1,1.0,0.5268795490264893,0.5224,KC,KC,1
20250920_WSH@NYM,2025-09-20,NYM,WSH,3,5,0.0,0.6722599864006042,0.7338,NYM,WSH,0
20250919_ATH@PIT,2025-09-19,PIT,ATH,3,4,0.0,0.5281141996383667,0.5243,PIT,ATH,0
20250919_ATL@DET,2025-09-19,DET,ATL,1,10,0.0,0.5091782808303833,0.5,DET,ATL,0
20250919_BOS@TB,2025-09-19,TB,BOS,7,11,0.0,0.4432661533355713,0.4325,BOS,BOS,1
20250919_CHC@CIN,2025-09-19,CIN,CHC,7,4,1.0,0.48958796262741094,0.5,CHC,CIN,0
20250919_CLE@MIN,2025-09-19,MIN,CLE,2,6,0.0,0.476297676563263,0.4824,CLE,CLE,1
20250919_LAA@COL,2025-09-19,COL,LAA,7,6,1.0,0.4923098385334015,0.5,LAA,COL,0
20250919_MIA@TEX,2025-09-19,TEX,MIA,4,6,0.0,0.5707824230194092,0.5886,TEX,MIA,0
20250919_MIL@STL,2025-09-19,STL,MIL,7,1,1.0,0.40635803341865545,0.3774,MIL,STL,0
20250919_NYY@BAL,2025-09-19,BAL,NYY,4,2,1.0,0.4749959409236908,0.4804,NYY,BAL,0
20250919_PHI@AZ,2025-09-19,AZ,PHI,2,8,0.0,0.5405129194259644,0.5431,AZ,PHI,0
20250919_SD@CWS,2025-09-19,CWS,SD,4,3,1.0,0.45795533061027527,0.4546,SD,CWS,0
20250919_SEA@HOU,2025-09-19,HOU,SEA,0,4,0.0,0.5945157408714294,0.6239,HOU,SEA,0
20250919_SF@LAD,2025-09-19,LAD,SF,6,3,1.0,0.561160683631897,0.5742,LAD,LAD,1
20250919_TOR@KC,2025-09-19,KC,TOR,20,1,1.0,0.5618537068367004,0.5752,KC,KC,1
20250919_WSH@NYM,2025-09-19,NYM,WSH,12,6,1.0,0.6637046933174133,0.7223,NYM,NYM,1
20250918_ATH@BOS,2025-09-18,BOS,ATH,3,5,0.0,0.5015441179275513,0.5,BOS,ATH,0
20250918_CHC@CIN,2025-09-18,CIN,CHC,1,0,1.0,0.5218010544776917,0.5147,CIN,CIN,1
20250918_CLE@DET,2025-09-18,DET,CLE,1,3,0.0,0.5940101742744446,0.6231,DET,CLE,0
20250918_LAA@MIL,2025-09-18,MIL,LAA,5,2,1.0,0.609845757484436,0.6463,MIL,MIL,1
20250918_MIA@COL,2025-09-18,COL,MIA,7,9,0.0,0.41426265239715576,0.3891,MIA,MIA,1
20250918_NYY@BAL,2025-09-18,BAL,NYY,0,7,0.0,0.357723593711853,0.3074,NYY,NYY,1
20250918_SD@NYM,2025-09-18,NYM,SD,6,1,1.0,0.5217434167861938,0.5146,NYM,NYM,1
20250918_SEA@KC,2025-09-18,KC,SEA,0,2,0.0,0.5673696398735046,0.5835,KC,SEA,0
20250918_SF@LAD,2025-09-18,LAD,SF,2,1,1.0,0.6179366111755371,0.658,LAD,LAD,1
20250918_TOR@TB,2025-09-18,TB,TOR,4,0,1.0,0.49531996250152593,0.5,TOR,TB,0
20250917_ATH@BOS,2025-09-17,BOS,ATH,5,4,1.0,0.4944286942481994,0.5,ATH,BOS,0
20250917_ATL@WSH,2025-09-17,WSH,ATL,4,9,0.0,0.41542577743530273,0.3908,ATL,ATL,1
20250917_BAL@CWS,2025-09-17,CWS,BAL,1,3,0.0,0.4325613975524903,0.4164,BAL,BAL,1
20250917_CHC@PIT,2025-09-17,PIT,CHC,4,8,0.0,0.4679440259933471,0.4697,CHC,CHC,1
20250917_CIN@STL,2025-09-17,STL,CIN,2,6,0.0,0.4484397768974304,0.4403,CIN,CIN,1
20250917_CLE@DET,2025-09-17,DET,CLE,0,4,0.0,0.5492344498634338,0.5562,DET,CLE,0
20250917_LAA@MIL,2025-09-17,MIL,LAA,9,2,1.0,0.6117730140686035,0.6491,MIL,MIL,1
20250917_MIA@COL,2025-09-17,COL,MIA,4,8,0.0,0.4232478737831116,0.4025,MIA,MIA,1
20250917_NYY@MIN,2025-09-17,MIN,NYY,5,10,0.0,0.4909999668598175,0.5,NYY,NYY,1
20250917_PHI@LAD,2025-09-17,LAD,PHI,5,0,1.0,0.556551992893219,0.5673,LAD,LAD,1
20250917_SD@NYM,2025-09-17,NYM,SD,4,7,0.0,0.4720737636089325,0.476,SD,SD,1
20250917_SEA@KC,2025-09-17,KC,SEA,7,5,1.0,0.5585846304893494,0.5703,KC,KC,1
20250917_SF@AZ,2025-09-17,AZ,SF,1,5,0.0,0.4543381929397583,0.4492,SF,SF,1
20250917_TEX@HOU,2025-09-17,HOU,TEX,5,2,1.0,0.5458042621612549,0.5511,HOU,HOU,1
20250917_TOR@TB,2025-09-17,TB,TOR,2,1,1.0,0.5571218729019165,0.5681,TB,TB,1
20250916_ATH@BOS,2025-09-16,BOS,ATH,1,2,0.0,0.540569007396698,0.5431,BOS,ATH,0
20250916_ATL@WSH,2025-09-16,WSH,ATL,0,5,0.0,0.4055051803588867,0.3762,ATL,ATL,1
20250916_ATL@WSH_2,2025-09-16,WSH,ATL,3,6,0.0,0.41826573014259333,0.3951,ATL,ATL,1
20250916_BAL@CWS,2025-09-16,CWS,BAL,7,8,0.0,0.4525311589241028,0.4464,BAL,BAL,1
20250916_CHC@PIT,2025-09-16,PIT,CHC,1,4,0.0,0.48987963795661926,0.5,CHC,CHC,1
20250916_CIN@STL,2025-09-16,STL,CIN,3,0,1.0,0.41613826155662537,0.3919,CIN,STL,0
20250916_CLE@DET,2025-09-16,DET,CLE,5,7,0.0,0.5812276005744934,0.6042,DET,CLE,0
20250916_LAA@MIL,2025-09-16,MIL,LAA,9,2,1.0,0.6810219287872314,0.7455,MIL,MIL,1
20250916_MIA@COL,2025-09-16,COL,MIA,5,6,0.0,0.43974354863166804,0.4272,MIA,MIA,1
20250916_NYY@MIN,2025-09-16,MIN,NYY,9,10,0.0,0.4674740135669708,0.469,NYY,NYY,1
20250916_PHI@LAD,2025-09-16,LAD,PHI,6,9,0.0,0.5652723908424377,0.5804,LAD,PHI,0
20250916_SD@NYM,2025-09-16,NYM,SD,8,3,1.0,0.487023413181305,0.4986,SD,NYM,0
20250916_SEA@KC,2025-09-16,KC,SEA,5,12,0.0,0.5176806449890136,0.5085,KC,SEA,0
20250916_SF@AZ,2025-09-16,AZ,SF,6,5,1.0,0.5112283825874329,0.5,AZ,AZ,1
20250916_TEX@HOU,2025-09-16,HOU,TEX,6,5,1.0,0.5924524068832397,0.6208,HOU,HOU,1
20250916_TOR@TB,2025-09-16,TB,TOR,5,6,0.0,0.5655522346496582,0.5808,TB,TOR,0
20250915_ATL@WSH,2025-09-15,WSH,ATL,3,11,0.0,0.43589746952056885,0.4219,ATL,ATL,1
20250915_BAL@CWS,2025-09-15,CWS,BAL,1,4,0.0,0.31700441241264343,0.2521,BAL,BAL,1
20250915_CHC@PIT,2025-09-15,PIT,CHC,0,4,0.0,0.4185932278633117,0.396,CHC,CHC,1
20250915_CIN@STL,2025-09-15,STL,CIN,6,11,0.0,0.3800933361053467,0.3395,CIN,CIN,1
20250915_NYY@MIN,2025-09-15,MIN,NYY,7,0,1.0,0.3689192831516266,0.3234,NYY,MIN,0
20250915_PHI@LAD,2025-09-15,LAD,PHI,5,6,0.0,0.5696406960487367,0.5865,LAD,PHI,0
20250915_SF@AZ,2025-09-15,AZ,SF,8,1,1.0,0.4504642188549041,0.4438,SF,AZ,0
20250915_TEX@HOU,2025-09-15,HOU,TEX,6,3,1.0,0.5914087295532227,0.6189,HOU,HOU,1
20250915_TOR@TB,2025-09-15,TB,TOR,1,2,0.0,0.6289297938346863,0.6735,TB,TOR,0
20250914_AZ@MIN,2025-09-14,MIN,AZ,4,6,0.0,0.4714160859584809,0.4756,AZ,AZ,1
20250914_BAL@TOR,2025-09-14,TOR,BAL,11,2,1.0,0.5753037929534912,0.5949,TOR,TOR,1
20250914_CIN@ATH,2025-09-14,ATH,CIN,7,4,1.0,0.5494916439056396,0.5561,ATH,ATH,1
20250914_COL@SD,2025-09-14,SD,COL,9,6,1.0,0.7210825681686401,0.7964,SD,SD,1
20250914_CWS@CLE,2025-09-14,CLE,CWS,3,2,1.0,0.6072858572006226,0.6422,CLE,CLE,1
20250914_DET@MIA,2025-09-14,MIA,DET,0,2,0.0,0.4003067016601562,0.3689,DET,DET,1
20250914_HOU@ATL,2025-09-14,ATL,HOU,8,3,1.0,0.41828012466430664,0.3955,HOU,ATL,0
20250914_KC@PHI,2025-09-14,PHI,KC,3,10,0.0,0.5185401439666749,0.5092,PHI,KC,0
20250914_LAA@SEA,2025-09-14,SEA,LAA,11,2,1.0,0.6799126267433167,0.7439,SEA,SEA,1
20250914_LAD@SF,2025-09-14,SF,LAD,2,10,0.0,0.4312440156936645,0.4149,LAD,LAD,1
20250914_NYY@BOS,2025-09-14,BOS,NYY,6,4,1.0,0.3953384459018708,0.3616,NYY,BOS,0
20250914_PIT@WSH,2025-09-14,WSH,PIT,4,3,1.0,0.4869897067546845,0.4992,PIT,WSH,0
20250914_STL@MIL,2025-09-14,MIL,STL,2,3,0.0,0.5791316032409668,0.6006,MIL,STL,0
20250914_TB@CHC,2025-09-14,CHC,TB,4,3,1.0,0.4797472059726715,0.4882,TB,CHC,0
20250914_TEX@NYM,2025-09-14,NYM,TEX,5,2,1.0,0.6054670214653015,0.6396,NYM,NYM,1
20250913_AZ@MIN,2025-09-13,MIN,AZ,2,5,0.0,0.40732675790786743,0.3792,AZ,AZ,1
20250913_BAL@TOR,2025-09-13,TOR,BAL,5,4,1.0,0.5385453701019287,0.5396,TOR,TOR,1
20250913_CIN@ATH,2025-09-13,ATH,CIN,11,5,1.0,0.46930938959121704,0.4724,CIN,ATH,0
20250913_COL@SD,2025-09-13,SD,COL,11,3,1.0,0.7024070024490356,0.7731,SD,SD,1
20250913_CWS@CLE,2025-09-13,CLE,CWS,3,1,1.0,0.634247899055481,0.6811,CLE,CLE,1
20250913_DET@MIA,2025-09-13,MIA,DET,6,4,1.0,0.4571103751659394,0.4539,DET,MIA,0
20250913_HOU@ATL,2025-09-13,ATL,HOU,2,6,0.0,0.3780602514743805,0.3365,HOU,HOU,1
20250913_KC@PHI,2025-09-13,PHI,KC,8,6,1.0,0.5836962461471558,0.6074,PHI,PHI,1
20250913_LAA@SEA,2025-09-13,SEA,LAA,5,3,1.0,0.6890964508056641,0.7559,SEA,SEA,1
20250913_LAD@SF,2025-09-13,SF,LAD,7,13,0.0,0.553112268447876,0.5616,SF,LAD,0
20250913_NYY@BOS,2025-09-13,BOS,NYY,3,5,0.0,0.40860587358474737,0.3811,NYY,NYY,1
20250913_PIT@WSH,2025-09-13,WSH,PIT,1,5,0.0,0.5292152166366577,0.5254,WSH,PIT,0
20250913_STL@MIL,2025-09-13,MIL,STL,9,8,1.0,0.5757100582122803,0.5955,MIL,MIL,1
20250913_TB@CHC,2025-09-13,CHC,TB,4,5,0.0,0.49199205636978144,0.5,TB,TB,1
20250913_TEX@NYM,2025-09-13,NYM,TEX,2,3,0.0,0.602445662021637,0.6351,NYM,TEX,0
20250912_AZ@MIN,2025-09-12,MIN,AZ,9,8,1.0,0.4556928873062134,0.4517,AZ,MIN,0
20250912_BAL@TOR,2025-09-12,TOR,BAL,6,1,1.0,0.5001251697540283,0.5,TOR,TOR,1
20250912_CIN@ATH,2025-09-12,ATH,CIN,3,0,1.0,0.5343056917190552,0.5331,ATH,ATH,1
20250912_COL@SD,2025-09-12,SD,COL,2,4,0.0,0.7520589232444763,0.8328,SD,COL,0
20250912_CWS@CLE,2025-09-12,CLE,CWS,4,0,1.0,0.6040878295898438,0.6375,CLE,CLE,1
20250912_DET@MIA,2025-09-12,MIA,DET,8,2,1.0,0.31596869230270386,0.2507,DET,MIA,0
20250912_HOU@ATL,2025-09-12,ATL,HOU,3,11,0.0,0.4347331225872039,0.4201,HOU,HOU,1
20250912_KC@PHI,2025-09-12,PHI,KC,8,2,1.0,0.6735726594924926,0.7354,PHI,PHI,1
20250912_LAA@SEA,2025-09-12,SEA,LAA,2,1,1.0,0.6494836211204529,0.7025,SEA,SEA,1
20250912_LAD@SF,2025-09-12,SF,LAD,5,1,1.0,0.4945812225341797,0.5,LAD,SF,0
20250912_NYY@BOS,2025-09-12,BOS,NYY,1,4,0.0,0.42510658502578735,0.4057,NYY,NYY,1
20250912_PIT@WSH,2025-09-12,WSH,PIT,6,5,1.0,0.5013188719749451,0.5,WSH,WSH,1
20250912_STL@MIL,2025-09-12,MIL,STL,8,2,1.0,0.5968599915504456,0.6269,MIL,MIL,1
20250912_TB@CHC,2025-09-12,CHC,TB,6,4,1.0,0.4778648018836975,0.4853,TB,CHC,0
20250912_TEX@NYM,2025-09-12,NYM,TEX,3,8,0.0,0.5161729454994202,0.5056,NYM,TEX,0
20250911_COL@SD,2025-09-11,SD,COL,2,0,1.0,0.7946810126304626,0.8782,SD,SD,1
20250911_DET@NYY,2025-09-11,NYY,DET,9,3,1.0,0.5073385238647461,0.5,NYY,NYY,1
20250911_HOU@TOR,2025-09-11,TOR,HOU,6,0,1.0,0.5418328046798706,0.5445,TOR,TOR,1
20250911_KC@CLE,2025-09-11,CLE,KC,3,2,1.0,0.4567837119102478,0.4534,KC,CLE,0
20250911_LAA@SEA,2025-09-11,SEA,LAA,7,6,1.0,0.6311404705047607,0.6766,SEA,SEA,1
20250911_NYM@PHI,2025-09-11,PHI,NYM,6,4,1.0,0.7107283473014832,0.7836,PHI,PHI,1
20250911_PIT@BAL,2025-09-11,BAL,PIT,3,2,1.0,0.5440306663513184,0.5479,BAL,BAL,1
20250911_TB@CWS,2025-09-11,CWS,TB,5,1,1.0,0.35599303245544434,0.3052,TB,CWS,0
20250911_WSH@MIA,2025-09-11,MIA,WSH,5,0,1.0,0.3571395576000213,0.3068,WSH,MIA,0
20250910_AZ@SF,2025-09-10,SF,AZ,3,5,0.0,0.4532940983772278,0.4481,AZ,AZ,1
20250910_BOS@ATH,2025-09-10,ATH,BOS,5,4,1.0,0.41037479043006897,0.3838,BOS,ATH,0
20250910_CHC@ATL,2025-09-10,ATL,CHC,2,3,0.0,0.5842275619506836,0.6082,ATL,CHC,0
20250910_CIN@SD,2025-09-10,SD,CIN,1,2,0.0,0.6153788566589355,0.654,SD,CIN,0
20250910_COL@LAD,2025-09-10,LAD,COL,9,0,1.0,0.794214904308319,0.8777,LAD,LAD,1
20250910_DET@NYY,2025-09-10,NYY,DET,1,11,0.0,0.4945860207080841,0.5,DET,DET,1
20250910_HOU@TOR,2025-09-10,TOR,HOU,2,3,0.0,0.5422712564468384,0.5452,TOR,HOU,0
20250910_KC@CLE,2025-09-10,CLE,KC,3,4,0.0,0.39230480790138245,0.3572,KC,KC,1
20250910_MIL@TEX,2025-09-10,TEX,MIL,6,3,1.0,0.48219966888427734,0.4919,MIL,TEX,0
20250910_MIN@LAA,2025-09-10,LAA,MIN,4,3,1.0,0.518417239189148,0.509,LAA,LAA,1
20250910_NYM@PHI,2025-09-10,PHI,NYM,11,3,1.0,0.6439069509506226,0.6947,PHI,PHI,1
20250910_PIT@BAL,2025-09-10,BAL,PIT,2,1,1.0,0.5616816282272339,0.5745,BAL,BAL,1
20250910_STL@SEA,2025-09-10,SEA,STL,4,2,1.0,0.6242949366569519,0.6668,SEA,SEA,1
20250910_TB@CWS,2025-09-10,CWS,TB,6,5,1.0,0.43539395928382874,0.4211,TB,CWS,0
20250910_WSH@MIA,2025-09-10,MIA,WSH,8,3,1.0,0.36959615349769587,0.3244,WSH,MIA,0
20250909_AZ@SF,2025-09-09,SF,AZ,5,3,1.0,0.5001644492149353,0.5,SF,SF,1
20250909_BOS@ATH,2025-09-09,ATH,BOS,0,6,0.0,0.45453229546546936,0.45,BOS,BOS,1
20250909_CHC@ATL,2025-09-09,ATL,CHC,1,6,0.0,0.49092763662338257,0.5,CHC,CHC,1
20250909_CIN@SD,2025-09-09,SD,CIN,2,4,0.0,0.5869202613830566,0.6122,SD,CIN,0
20250909_COL@LAD,2025-09-09,LAD,COL,7,2,1.0,0.810197949409485,0.8932,LAD,LAD,1
20250909_DET@NYY,2025-09-09,NYY,DET,2,12,0.0,0.5467202663421631,0.5519,NYY,DET,0
20250909_HOU@TOR,2025-09-09,TOR,HOU,4,3,1.0,0.577974796295166,0.5989,TOR,TOR,1
20250909_KC@CLE,2025-09-09,CLE,KC,2,0,1.0,0.47405070066452026,0.4795,KC,CLE,0
20250909_MIL@TEX,2025-09-09,TEX,MIL,5,4,1.0,0.515156090259552,0.5041,TEX,TEX,1
20250909_MIN@LAA,2025-09-09,LAA,MIN,12,2,1.0,0.5128232836723328,0.5005,LAA,LAA,1
20250909_NYM@PHI,2025-09-09,PHI,NYM,9,3,1.0,0.6228113174438477,0.6647,PHI,PHI,1
20250909_PIT@BAL,2025-09-09,BAL,PIT,3,2,1.0,0.5998014211654663,0.6313,BAL,BAL,1
20250909_STL@SEA,2025-09-09,SEA,STL,5,3,1.0,0.582464873790741,0.6056,SEA,SEA,1
20250909_TB@CWS,2025-09-09,CWS,TB,4,5,0.0,0.44207590818405157,0.4312,TB,TB,1
20250909_WSH@MIA,2025-09-09,MIA,WSH,5,7,0.0,0.34543657302856445,0.2905,WSH,WSH,1
20250908_AZ@SF,2025-09-08,SF,AZ,11,5,1.0,0.5283142328262329,0.5236,SF,SF,1
20250908_BOS@ATH,2025-09-08,ATH,BOS,0,7,0.0,0.49008783698081965,0.5,BOS,BOS,1
20250908_CHC@ATL,2025-09-08,ATL,CHC,4,1,1.0,0.5239239931106567,0.5169,ATL,ATL,1
20250908_CIN@SD,2025-09-08,SD,CIN,4,3,1.0,0.5349797010421753,0.5338,SD,SD,1
20250908_COL@LAD,2025-09-08,LAD,COL,3,1,1.0,0.6498996019363404,0.7035,LAD,LAD,1
20250908_KC@CLE,2025-09-08,CLE,KC,10,2,1.0,0.5368409156799316,0.5366,CLE,CLE,1
20250908_MIL@TEX,2025-09-08,TEX,MIL,5,0,1.0,0.5488306283950806,0.5549,TEX,TEX,1
20250908_MIN@LAA,2025-09-08,LAA,MIN,3,12,0.0,0.5426539778709412,0.5455,LAA,MIN,0
20250908_NYM@PHI,2025-09-08,PHI,NYM,1,0,1.0,0.5263003706932068,0.5206,PHI,PHI,1
20250908_STL@SEA,2025-09-08,SEA,STL,4,2,1.0,0.5515187382698059,0.559,SEA,SEA,1
20250908_WSH@MIA,2025-09-08,MIA,WSH,7,15,0.0,0.5157643556594849,0.5045,MIA,WSH,0
20250907_ATH@LAA,2025-09-07,LAA,ATH,4,3,1.0,0.509263277053833,0.5,LAA,LAA,1
20250907_BOS@AZ,2025-09-07,AZ,BOS,4,7,0.0,0.5375105738639832,0.5376,AZ,BOS,0
20250907_CLE@TB,2025-09-07,TB,CLE,1,2,0.0,0.5283023118972778,0.5236,TB,CLE,0
20250907_CWS@DET,2025-09-07,DET,CWS,4,6,0.0,0.563022792339325,0.5764,DET,CWS,0
20250907_HOU@TEX,2025-09-07,TEX,HOU,4,2,1.0,0.5349797010421753,0.5338,TEX,TEX,1
20250907_LAD@BAL,2025-09-07,BAL,LAD,2,5,0.0,0.5098817348480225,0.5,BAL,LAD,0
20250907_MIL@PIT,2025-09-07,PIT,MIL,2,10,0.0,0.517723023891449,0.5075,PIT,MIL,0
20250907_MIN@KC,2025-09-07,KC,MIN,1,5,0.0,0.5903948545455933,0.6175,KC,MIN,0
20250907_NYM@CIN,2025-09-07,CIN,NYM,3,2,1.0,0.5062518119812012,0.5,CIN,CIN,1
20250907_PHI@MIA,2025-09-07,MIA,PHI,5,4,1.0,0.45057690143585205,0.4442,PHI,MIA,0
20250907_SD@COL,2025-09-07,COL,SD,1,8,0.0,0.4258003234863282,0.4068,SD,SD,1
20250907_SEA@ATL,2025-09-07,ATL,SEA,2,18,0.0,0.5152208805084229,0.5037,ATL,SEA,0
20250907_SF@STL,2025-09-07,STL,SF,4,3,1.0,0.5175881385803223,0.5073,STL,STL,1
20250907_TOR@NYY,2025-09-07,NYY,TOR,4,3,1.0,0.5399904251098632,0.5414,NYY,NYY,1
20250907_WSH@CHC,2025-09-07,CHC,WSH,3,6,0.0,0.5705617666244507,0.5878,CHC,WSH,0
20250906_ATH@LAA,2025-09-06,LAA,ATH,4,17,0.0,0.509263277053833,0.5,LAA,ATH,0
20250906_BOS@AZ,2025-09-06,AZ,BOS,5,1,1.0,0.5248696208000183,0.5184,AZ,AZ,1
20250906_CLE@TB,2025-09-06,TB,CLE,2,3,0.0,0.5406230688095093,0.5424,TB,CLE,0
20250906_CWS@DET,2025-09-06,DET,CWS,6,0,1.0,0.6016843318939209,0.6342,DET,DET,1
20250906_HOU@TEX,2025-09-06,TEX,HOU,0,11,0.0,0.5349797010421753,0.5338,TEX,HOU,0
20250906_LAD@BAL,2025-09-06,BAL,LAD,4,3,1.0,0.5098817348480225,0.5,BAL,BAL,1
20250906_MIL@PIT,2025-09-06,PIT,MIL,1,4,0.0,0.517723023891449,0.5075,PIT,MIL,0
20250906_MIN@KC,2025-09-06,KC,MIN,11,2,1.0,0.5659419894218445,0.5808,KC,KC,1
20250906_NYM@CIN,2025-09-06,CIN,NYM,6,3,1.0,0.5062518119812012,0.5,CIN,CIN,1
20250906_PHI@MIA,2025-09-06,MIA,PHI,2,4,0.0,0.4746771156787872,0.4809,PHI,PHI,1
20250906_SD@COL,2025-09-06,COL,SD,8,10,0.0,0.41435691714286804,0.3896,SD,SD,1
20250906_SEA@ATL,2025-09-06,ATL,SEA,2,10,0.0,0.5278875827789307,0.523,ATL,SEA,0
20250906_SF@STL,2025-09-06,STL,SF,3,2,1.0,0.5175881385803223,0.5073,STL,STL,1
20250906_TOR@NYY,2025-09-06,NYY,TOR,3,1,1.0,0.5522646307945251,0.5601,NYY,NYY,1
20250906_WSH@CHC,2025-09-06,CHC,WSH,1,2,0.0,0.6019822359085083,0.6346,CHC,WSH,0
20250905_ATH@LAA,2025-09-05,LAA,ATH,4,10,0.0,0.509263277053833,0.5,LAA,ATH,0
20250905_BOS@AZ,2025-09-05,AZ,BOS,10,5,1.0,0.5248696208000183,0.5184,AZ,AZ,1
20250905_CLE@TB,2025-09-05,TB,CLE,1,7,0.0,0.5180429220199585,0.508,TB,CLE,0
20250905_CWS@DET,2025-09-05,DET,CWS,5,7,0.0,0.5705617666244507,0.5878,DET,CWS,0
20250905_HOU@TEX,2025-09-05,TEX,HOU,4,3,1.0,0.5349797010421753,0.5338,TEX,TEX,1
20250905_LAD@BAL,2025-09-05,BAL,LAD,2,1,1.0,0.5121739506721497,0.5,BAL,BAL,1
20250905_MIL@PIT,2025-09-05,PIT,MIL,2,5,0.0,0.517723023891449,0.5075,PIT,MIL,0
20250905_MIN@KC,2025-09-05,KC,MIN,2,1,1.0,0.5659419894218445,0.5808,KC,KC,1
20250905_NYM@CIN,2025-09-05,CIN,NYM,4,5,0.0,0.5062518119812012,0.5,CIN,NYM,0
20250905_PHI@MIA,2025-09-05,MIA,PHI,3,9,0.0,0.4746771156787872,0.4809,PHI,PHI,1
20250905_SD@COL,2025-09-05,COL,SD,3,0,1.0,0.4258003234863282,0.4068,SD,COL,0
20250905_SEA@ATL,2025-09-05,ATL,SEA,4,1,1.0,0.5152208805084229,0.5037,ATL,ATL,1
20250905_SF@STL,2025-09-05,STL,SF,2,8,0.0,0.5175881385803223,0.5073,STL,SF,0
20250905_TOR@NYY,2025-09-05,NYY,TOR,1,7,0.0,0.5297589302062988,0.5258,NYY,TOR,0
20250905_WSH@CHC,2025-09-05,CHC,WSH,11,5,1.0,0.5829529762268066,0.6064,CHC,CHC,1
20250904_CLE@TB,2025-09-04,TB,CLE,4,2,1.0,0.5417125821113586,0.544,TB,TB,1
20250904_CWS@MIN,2025-09-04,MIN,CWS,8,11,0.0,0.5614805221557617,0.574,MIN,CWS,0
20250904_LAA@KC,2025-09-04,KC,LAA,4,3,1.0,0.5817086100578308,0.6045,KC,KC,1
20250904_LAD@PIT,2025-09-04,PIT,LAD,5,3,1.0,0.5264180898666382,0.5207,PIT,PIT,1
20250904_NYY@HOU,2025-09-04,HOU,NYY,4,8,0.0,0.5278483629226685,0.5229,HOU,NYY,0
20250904_PHI@MIL,2025-09-04,MIL,PHI,0,2,0.0,0.5472755432128906,0.5525,MIL,PHI,0
20250903_ATH@STL,2025-09-03,STL,ATH,5,1,1.0,0.5302619338035583,0.5266,STL,STL,1
20250903_ATL@CHC,2025-09-03,CHC,ATL,1,5,0.0,0.5169472694396973,0.5063,CHC,ATL,0
20250903_BAL@SD,2025-09-03,SD,BAL,5,7,0.0,0.5451951026916504,0.5493,SD,BAL,0
20250903_CLE@BOS,2025-09-03,BOS,CLE,1,8,0.0,0.5380849242210387,0.5385,BOS,CLE,0
20250903_CWS@MIN,2025-09-03,MIN,CWS,3,4,0.0,0.5528824329376221,0.561,MIN,CWS,0
20250903_LAA@KC,2025-09-03,KC,LAA,3,4,0.0,0.542378842830658,0.5451,KC,LAA,0
20250903_LAD@PIT,2025-09-03,PIT,LAD,3,0,1.0,0.5351141095161438,0.534,PIT,PIT,1
20250903_MIA@WSH,2025-09-03,WSH,MIA,10,5,1.0,0.509263277053833,0.5,WSH,WSH,1
20250903_NYM@DET,2025-09-03,DET,NYM,6,2,1.0,0.5263003706932068,0.5206,DET,DET,1
20250903_NYY@HOU,2025-09-03,HOU,NYY,8,7,1.0,0.5391755700111389,0.5402,HOU,HOU,1
20250903_PHI@MIL,2025-09-03,MIL,PHI,6,3,1.0,0.5349797010421753,0.5338,MIL,MIL,1
20250903_SEA@TB,2025-09-03,TB,SEA,9,4,1.0,0.5307156443595886,0.5273,TB,TB,1
20250903_SF@COL,2025-09-03,COL,SF,8,10,0.0,0.45019578933715815,0.4437,SF,SF,1
20250903_TEX@AZ,2025-09-03,AZ,TEX,2,0,1.0,0.5614805221557617,0.574,AZ,AZ,1
20250903_TOR@CIN,2025-09-03,CIN,TOR,9,13,0.0,0.5273298621177673,0.5221,CIN,TOR,0
20250902_ATH@STL,2025-09-02,STL,ATH,2,1,1.0,0.5302619338035583,0.5266,STL,STL,1
20250902_ATL@CHC,2025-09-02,CHC,ATL,4,3,1.0,0.504573404788971,0.5,CHC,CHC,1
20250902_BAL@SD,2025-09-02,SD,BAL,2,6,0.0,0.5451951026916504,0.5493,SD,BAL,0
20250902_CLE@BOS,2025-09-02,BOS,CLE,11,7,1.0,0.5267544388771057,0.5213,BOS,BOS,1
20250902_CWS@MIN,2025-09-02,MIN,CWS,3,12,0.0,0.5847853422164917,0.6091,MIN,CWS,0
20250902_LAA@KC,2025-09-02,KC,LAA,1,5,0.0,0.542378842830658,0.5451,KC,LAA,0
20250902_LAD@PIT,2025-09-02,PIT,LAD,9,7,1.0,0.5599533915519714,0.5717,PIT,PIT,1
20250902_MIA@WSH,2025-09-02,WSH,MIA,5,2,1.0,0.4850283563137055,0.4967,MIA,WSH,0
20250902_NYM@DET,2025-09-02,DET,NYM,5,12,0.0,0.5263003706932068,0.5206,DET,NYM,0
20250902_NYY@HOU,2025-09-02,HOU,NYY,1,7,0.0,0.5453874468803406,0.5496,HOU,NYY,0
20250902_SEA@TB,2025-09-02,TB,SEA,6,5,1.0,0.5307156443595886,0.5273,TB,TB,1
20250902_SF@COL,2025-09-02,COL,SF,4,7,0.0,0.45019578933715815,0.4437,SF,SF,1
20250902_TEX@AZ,2025-09-02,AZ,TEX,5,3,1.0,0.5614805221557617,0.574,AZ,AZ,1
20250902_TOR@CIN,2025-09-02,CIN,TOR,9,12,0.0,0.5097203850746155,0.5,CIN,TOR,0
20250901_ATH@STL,2025-09-01,STL,ATH,3,11,0.0,0.4656878113746643,0.4679,ATH,ATH,1
20250901_ATL@CHC,2025-09-01,CHC,ATL,7,6,1.0,0.5657458305358887,0.5808,CHC,CHC,1
20250901_BAL@SD,2025-09-01,SD,BAL,3,4,0.0,0.5334951281547546,0.5308,SD,BAL,0
20250901_CLE@BOS,2025-09-01,BOS,CLE,6,4,1.0,0.5837889313697815,0.6085,BOS,BOS,1
20250901_CWS@MIN,2025-09-01,MIN,CWS,5,6,0.0,0.49599960446357727,0.5,CWS,CWS,1
20250901_LAA@HOU,2025-09-01,HOU,LAA,8,3,1.0,0.5775042772293091,0.5989,HOU,HOU,1
20250901_MIA@WSH,2025-09-01,WSH,MIA,2,0,1.0,0.5300763249397278,0.5255,WSH,WSH,1
20250901_NYM@DET,2025-09-01,DET,NYM,8,10,0.0,0.47836530208587646,0.4877,NYM,NYM,1
20250901_PHI@MIL,2025-09-01,MIL,PHI,8,10,0.0,0.6042425036430359,0.6395,MIL,PHI,0
20250901_SEA@TB,2025-09-01,TB,SEA,10,2,1.0,0.626197099685669,0.672,TB,TB,1
20250901_SF@COL,2025-09-01,COL,SF,2,8,0.0,0.41718286275863653,0.393,SF,SF,1
20250901_TEX@AZ,2025-09-01,AZ,TEX,5,7,0.0,0.6200534701347351,0.663,AZ,TEX,0
20250901_TOR@CIN,2025-09-01,CIN,TOR,5,4,1.0,0.5092933773994446,0.5,CIN,CIN,1
20250831_ATL@PHI,2025-08-31,PHI,ATL,1,3,0.0,0.5954565405845642,0.6262,PHI,ATL,0
20250831_AZ@LAD,2025-08-31,LAD,AZ,5,4,1.0,0.5133322477340698,0.5,LAD,LAD,1
20250831_BAL@SF,2025-08-31,SF,BAL,13,2,1.0,0.46296197175979614,0.4637,BAL,SF,0
20250831_CHC@COL,2025-08-31,COL,CHC,6,5,1.0,0.46015575528144836,0.4593,CHC,COL,0
20250831_DET@KC,2025-08-31,KC,DET,0,5,0.0,0.46441328525543213,0.466,DET,DET,1
20250831_LAA@HOU,2025-08-31,HOU,LAA,0,3,0.0,0.5675770044326782,0.5836,HOU,LAA,0
20250831_MIA@NYM,2025-08-31,NYM,MIA,1,5,0.0,0.5857501029968263,0.6115,NYM,MIA,0
20250831_MIL@TOR,2025-08-31,TOR,MIL,8,4,1.0,0.4391029477119446,0.4267,MIL,TOR,0
20250831_NYY@CWS,2025-08-31,CWS,NYY,3,2,1.0,0.4377920031547546,0.4246,NYY,CWS,0
20250831_PIT@BOS,2025-08-31,BOS,PIT,5,2,1.0,0.5888350605964661,0.6162,BOS,BOS,1
20250831_SD@MIN,2025-08-31,MIN,SD,7,2,1.0,0.4266886711120605,0.4075,SD,MIN,0
20250831_SEA@CLE,2025-08-31,CLE,SEA,2,4,0.0,0.49354287981986994,0.5,SEA,SEA,1
20250831_STL@CIN,2025-08-31,CIN,STL,7,4,1.0,0.5707196593284607,0.5885,CIN,CIN,1
20250831_TB@WSH,2025-08-31,WSH,TB,4,7,0.0,0.48395273089408875,0.4964,TB,TB,1
20250831_TEX@ATH,2025-08-31,ATH,TEX,6,9,0.0,0.5022155046463013,0.5,ATH,TEX,0
20250830_ATL@PHI,2025-08-30,PHI,ATL,3,2,1.0,0.557977020740509,0.5688,PHI,PHI,1
20250830_AZ@LAD,2025-08-30,LAD,AZ,1,6,0.0,0.5261206030845642,0.5193,LAD,AZ,0
20250830_BAL@SF,2025-08-30,SF,BAL,1,11,0.0,0.45952764153480535,0.4583,BAL,BAL,1
20250830_CHC@COL,2025-08-30,COL,CHC,3,4,0.0,0.43982535600662237,0.4278,CHC,CHC,1
20250830_DET@KC,2025-08-30,KC,DET,3,1,1.0,0.5147581100463867,0.5016,KC,KC,1
20250830_LAA@HOU,2025-08-30,HOU,LAA,1,4,0.0,0.6053670048713684,0.6412,HOU,LAA,0
20250830_MIA@NYM,2025-08-30,NYM,MIA,8,11,0.0,0.5468828678131104,0.5516,NYM,MIA,0
20250830_MIL@TOR,2025-08-30,TOR,MIL,1,4,0.0,0.5250517725944519,0.5176,TOR,MIL,0
20250830_NYY@CWS,2025-08-30,CWS,NYY,3,5,0.0,0.43419295549392706,0.4191,NYY,NYY,1
20250830_PIT@BOS,2025-08-30,BOS,PIT,3,10,0.0,0.5389510989189148,0.5393,BOS,PIT,0
20250830_SD@MIN,2025-08-30,MIN,SD,3,12,0.0,0.44639417529106135,0.438,SD,SD,1
20250830_SEA@CLE,2025-08-30,CLE,SEA,4,3,1.0,0.49300080537796026,0.5,SEA,CLE,0
20250830_STL@CIN,2025-08-30,CIN,STL,2,4,0.0,0.5707196593284607,0.5885,CIN,STL,0
20250830_TB@WSH,2025-08-30,WSH,TB,1,4,0.0,0.4738982319831848,0.4807,TB,TB,1
20250830_TEX@ATH,2025-08-30,ATH,TEX,3,9,0.0,0.5659570097923279,0.5811,ATH,TEX,0
20250829_ATL@PHI,2025-08-29,PHI,ATL,2,1,1.0,0.6067012548446655,0.6432,PHI,PHI,1
20250829_AZ@LAD,2025-08-29,LAD,AZ,0,3,0.0,0.5560517907142639,0.5658,LAD,AZ,0
20250829_BAL@SF,2025-08-29,SF,BAL,15,8,1.0,0.46609359979629517,0.4686,BAL,SF,0
20250829_CHC@COL,2025-08-29,COL,CHC,7,11,0.0,0.3628442883491516,0.312,CHC,CHC,1
20250829_DET@KC,2025-08-29,KC,DET,3,5,0.0,0.49180570244789124,0.5,DET,DET,1
20250829_LAA@HOU,2025-08-29,HOU,LAA,2,0,1.0,0.5592044591903687,0.5707,HOU,HOU,1
20250829_MIA@NYM,2025-08-29,NYM,MIA,19,9,1.0,0.5904827117919922,0.6187,NYM,NYM,1
20250829_MIL@TOR,2025-08-29,TOR,MIL,2,7,0.0,0.5459635257720947,0.5502,TOR,MIL,0
20250829_NYY@CWS,2025-08-29,CWS,NYY,2,10,0.0,0.4386623799800872,0.426,NYY,NYY,1
20250829_PIT@BOS,2025-08-29,BOS,PIT,2,4,0.0,0.6458826661109925,0.7005,BOS,PIT,0
20250829_SD@MIN,2025-08-29,MIN,SD,7,4,1.0,0.45171442627906794,0.4462,SD,MIN,0
20250829_SEA@CLE,2025-08-29,CLE,SEA,5,4,1.0,0.46818703413009644,0.4718,SEA,CLE,0
20250829_STL@CIN,2025-08-29,CIN,STL,5,7,0.0,0.5609316825866699,0.5734,CIN,STL,0
20250829_TB@WSH,2025-08-29,WSH,TB,1,4,0.0,0.4830145239830017,0.4949,TB,TB,1
20250829_TEX@ATH,2025-08-29,ATH,TEX,2,5,0.0,0.540324091911316,0.5414,ATH,TEX,0
20250828_ATL@PHI,2025-08-28,PHI,ATL,19,4,1.0,0.5560992956161499,0.5659,PHI,PHI,1
20250828_AZ@MIL,2025-08-28,MIL,AZ,4,6,0.0,0.5574374198913574,0.568,MIL,AZ,0
20250828_BOS@BAL,2025-08-28,BAL,BOS,2,3,0.0,0.38218769431114197,0.3403,BOS,BOS,1
20250828_CHC@SF,2025-08-28,SF,CHC,4,3,1.0,0.4272397458553315,0.4084,CHC,SF,0
20250828_COL@HOU,2025-08-28,HOU,COL,4,3,1.0,0.7040500044822693,0.7796,HOU,HOU,1
20250828_MIA@NYM,2025-08-28,NYM,MIA,4,7,0.0,0.5737899541854858,0.5932,NYM,MIA,0
20250828_NYY@CWS,2025-08-28,CWS,NYY,4,10,0.0,0.3513423800468445,0.2955,NYY,NYY,1
20250828_PIT@STL,2025-08-28,STL,PIT,4,1,1.0,0.5078218579292297,0.5,STL,STL,1
20250827_ATL@MIA,2025-08-27,MIA,ATL,1,12,0.0,0.4488501846790313,0.4418,ATL,ATL,1
20250827_AZ@MIL,2025-08-27,MIL,AZ,2,3,0.0,0.5616274476051331,0.5745,MIL,AZ,0
20250827_BOS@BAL,2025-08-27,BAL,BOS,2,3,0.0,0.4509034156799317,0.4449,BOS,BOS,1
20250827_CHC@SF,2025-08-27,SF,CHC,12,3,1.0,0.4433669447898864,0.4333,CHC,SF,0
20250827_CIN@LAD,2025-08-27,LAD,CIN,5,1,1.0,0.6545606851577759,0.7128,LAD,LAD,1
20250827_COL@HOU,2025-08-27,HOU,COL,4,0,1.0,0.7163498401641846,0.7951,HOU,HOU,1
20250827_DET@ATH,2025-08-27,ATH,DET,7,0,1.0,0.506687343120575,0.5,ATH,ATH,1
20250827_KC@CWS,2025-08-27,CWS,KC,1,12,0.0,0.4462792873382569,0.4378,KC,KC,1
20250827_LAA@TEX,2025-08-27,TEX,LAA,20,3,1.0,0.597252368927002,0.6289,TEX,TEX,1
20250827_MIN@TOR,2025-08-27,TOR,MIN,9,8,1.0,0.6210428476333618,0.6645,TOR,TOR,1
20250827_PHI@NYM,2025-08-27,NYM,PHI,6,0,1.0,0.5765392184257507,0.5974,NYM,NYM,1
20250827_PIT@STL,2025-08-27,STL,PIT,1,2,0.0,0.5514011383056641,0.5586,STL,PIT,0
20250827_SD@SEA,2025-08-27,SEA,SD,4,3,1.0,0.5245435237884521,0.5168,SEA,SEA,1
20250827_TB@CLE,2025-08-27,CLE,TB,4,3,1.0,0.5127673745155334,0.5,CLE,CLE,1
20250827_WSH@NYY,2025-08-27,NYY,WSH,11,2,1.0,0.6269957423210144,0.6732,NYY,NYY,1
20250826_ATL@MIA,2025-08-26,MIA,ATL,2,11,0.0,0.4344688355922699,0.4195,ATL,ATL,1
20250826_AZ@MIL,2025-08-26,MIL,AZ,9,8,1.0,0.5703009366989136,0.5878,MIL,MIL,1
20250826_BOS@BAL,2025-08-26,BAL,BOS,0,5,0.0,0.4509034156799317,0.4449,BOS,BOS,1
20250826_CHC@SF,2025-08-26,SF,CHC,5,2,1.0,0.4614302515983581,0.4613,CHC,SF,0
20250826_CIN@LAD,2025-08-26,LAD,CIN,6,3,1.0,0.5998169779777527,0.6328,LAD,LAD,1
20250826_COL@HOU,2025-08-26,HOU,COL,1,6,0.0,0.7073396444320679,0.7838,HOU,COL,0
20250826_DET@ATH,2025-08-26,ATH,DET,7,6,1.0,0.47757464647293085,0.4865,DET,ATH,0
20250826_KC@CWS,2025-08-26,CWS,KC,4,5,0.0,0.46997776627540594,0.4746,KC,KC,1
20250826_LAA@TEX,2025-08-26,TEX,LAA,7,3,1.0,0.554735004901886,0.5638,TEX,TEX,1
20250826_MIN@TOR,2025-08-26,TOR,MIN,5,7,0.0,0.6658275127410889,0.7286,TOR,MIN,0
20250826_PHI@NYM,2025-08-26,NYM,PHI,6,5,1.0,0.5066490173339844,0.5,NYM,NYM,1
20250826_PIT@STL,2025-08-26,STL,PIT,3,8,0.0,0.590726912021637,0.6191,STL,PIT,0
20250826_SD@SEA,2025-08-26,SEA,SD,6,7,0.0,0.5091303586959839,0.5,SEA,SD,0
20250826_TB@CLE,2025-08-26,CLE,TB,3,0,1.0,0.5403717756271362,0.5415,CLE,CLE,1
20250826_WSH@NYY,2025-08-26,NYY,WSH,5,1,1.0,0.6322064995765686,0.6808,NYY,NYY,1
20250825_ATL@MIA,2025-08-25,MIA,ATL,2,1,1.0,0.47834956645965576,0.4886,ATL,MIA,0
20250825_AZ@MIL,2025-08-25,MIL,AZ,7,5,1.0,0.5562002062797546,0.5646,MIL,MIL,1
20250825_BOS@BAL,2025-08-25,BAL,BOS,3,4,0.0,0.5111442804336548,0.5,BAL,BOS,0
20250825_CIN@LAD,2025-08-25,LAD,CIN,7,0,1.0,0.5266227126121521,0.5191,LAD,LAD,1
20250825_DET@ATH,2025-08-25,ATH,DET,8,3,1.0,0.45456489920616155,0.4519,DET,ATH,0
20250825_KC@CWS,2025-08-25,CWS,KC,7,0,1.0,0.5455377697944641,0.5482,CWS,CWS,1
20250825_LAA@TEX,2025-08-25,TEX,LAA,0,4,0.0,0.5501564741134644,0.5553,TEX,LAA,0
20250825_MIN@TOR,2025-08-25,TOR,MIN,10,4,1.0,0.5758565068244934,0.5946,TOR,TOR,1
20250825_PHI@NYM,2025-08-25,NYM,PHI,13,3,1.0,0.5141572952270508,0.5,NYM,NYM,1
20250825_PIT@STL,2025-08-25,STL,PIT,7,6,1.0,0.5285727381706238,0.5221,STL,STL,1
20250825_SD@SEA,2025-08-25,SEA,SD,9,6,1.0,0.5062808990478516,0.5,SEA,SEA,1
20250825_TB@CLE,2025-08-25,CLE,TB,0,9,0.0,0.5221432447433472,0.5122,CLE,TB,0
20250825_WSH@NYY,2025-08-25,NYY,WSH,10,5,1.0,0.5939924716949463,0.622,NYY,NYY,1
20250824_ATH@SEA,2025-08-24,SEA,ATH,11,4,1.0,0.5559196472167969,0.5642,SEA,SEA,1
20250824_BOS@NYY,2025-08-24,NYY,BOS,7,2,1.0,0.52561354637146,0.5175,NYY,NYY,1
20250824_CHC@LAA,2025-08-24,LAA,CHC,3,4,0.0,0.4614129960536957,0.4625,CHC,CHC,1
20250824_CIN@AZ,2025-08-24,AZ,CIN,1,6,0.0,0.5481382012367249,0.5522,AZ,CIN,0
20250824_CLE@TEX,2025-08-24,TEX,CLE,5,0,1.0,0.5417435169219971,0.5424,TEX,TEX,1
20250824_COL@PIT,2025-08-24,PIT,COL,4,0,1.0,0.6461552381515503,0.6983,PIT,PIT,1
20250824_HOU@BAL,2025-08-24,BAL,HOU,3,2,1.0,0.5734072327613831,0.5909,BAL,BAL,1
20250824_KC@DET,2025-08-24,DET,KC,8,10,0.0,0.5241302251815796,0.5152,DET,KC,0
20250824_LAD@SD,2025-08-24,SD,LAD,2,8,0.0,0.5370091199874878,0.5351,SD,LAD,0
20250824_MIN@CWS,2025-08-24,CWS,MIN,8,0,1.0,0.5081422328948975,0.5,CWS,CWS,1
20250824_NYM@ATL,2025-08-24,ATL,NYM,4,3,1.0,0.5196903347969055,0.5084,ATL,ATL,1
20250824_SF@MIL,2025-08-24,MIL,SF,3,4,0.0,0.5562002062797546,0.5646,MIL,SF,0
20250824_STL@TB,2025-08-24,TB,STL,7,2,1.0,0.5155231952667236,0.502,TB,TB,1
20250824_TOR@MIA,2025-08-24,MIA,TOR,5,3,1.0,0.5117403268814087,0.5,MIA,MIA,1
20250824_WSH@PHI,2025-08-24,PHI,WSH,3,2,1.0,0.6279217600822449,0.6722,PHI,PHI,1
20250823_ATH@SEA,2025-08-23,SEA,ATH,1,2,0.0,0.55251544713974,0.5589,SEA,ATH,0
20250823_BOS@NYY,2025-08-23,NYY,BOS,1,12,0.0,0.5042572617530823,0.5,NYY,BOS,0
20250823_CHC@LAA,2025-08-23,LAA,CHC,1,12,0.0,0.5078560113906859,0.5,LAA,CHC,0
20250823_CIN@AZ,2025-08-23,AZ,CIN,10,1,1.0,0.5481382012367249,0.5522,AZ,AZ,1
20250823_CLE@TEX,2025-08-23,TEX,CLE,10,0,1.0,0.5434162616729736,0.545,TEX,TEX,1
20250823_COL@PIT,2025-08-23,PIT,COL,5,1,1.0,0.6126319766044617,0.6498,PIT,PIT,1
20250823_HOU@BAL,2025-08-23,BAL,HOU,8,9,0.0,0.5161654353141785,0.503,BAL,HOU,0
20250823_KC@DET,2025-08-23,DET,KC,4,2,1.0,0.5168125629425049,0.504,DET,DET,1
20250823_LAD@SD,2025-08-23,SD,LAD,5,1,1.0,0.4992783963680267,0.5,LAD,SD,0
20250823_MIN@CWS,2025-08-23,CWS,MIN,7,3,1.0,0.5059559941291809,0.5,CWS,CWS,1
20250823_NYM@ATL,2025-08-23,ATL,NYM,2,9,0.0,0.5566824078559875,0.5653,ATL,NYM,0
20250823_SF@MIL,2025-08-23,MIL,SF,1,7,0.0,0.5541157126426697,0.5614,MIL,SF,0
20250823_TOR@MIA,2025-08-23,MIA,TOR,6,7,0.0,0.5220305323600769,0.512,MIA,TOR,0
20250823_WSH@PHI,2025-08-23,PHI,WSH,6,4,1.0,0.6433305144309998,0.6943,PHI,PHI,1
20250822_ATH@SEA,2025-08-22,SEA,ATH,3,2,1.0,0.5040702223777771,0.5,SEA,SEA,1
20250822_BOS@NYY,2025-08-22,NYY,BOS,0,1,0.0,0.5446455478668213,0.5469,NYY,BOS,0
20250822_CHC@LAA,2025-08-22,LAA,CHC,2,3,0.0,0.48402765393257136,0.4973,CHC,CHC,1
20250822_CIN@AZ,2025-08-22,AZ,CIN,6,5,1.0,0.5715073943138123,0.588,AZ,AZ,1
20250822_CLE@TEX,2025-08-22,TEX,CLE,4,3,1.0,0.5856854915618896,0.6095,TEX,TEX,1
20250822_COL@PIT,2025-08-22,PIT,COL,9,0,1.0,0.6273269057273865,0.6713,PIT,PIT,1
20250822_HOU@BAL,2025-08-22,BAL,HOU,7,10,0.0,0.5356287956237793,0.533,BAL,HOU,0
20250822_KC@DET,2025-08-22,DET,KC,7,5,1.0,0.5035071969032288,0.5,DET,DET,1
20250822_LAD@SD,2025-08-22,SD,LAD,2,1,1.0,0.540358304977417,0.5403,SD,SD,1
20250822_MIN@CWS,2025-08-22,CWS,MIN,7,9,0.0,0.4628984034061432,0.4648,MIN,MIN,1
20250822_NYM@ATL,2025-08-22,ATL,NYM,7,12,0.0,0.5222429037094116,0.5123,ATL,NYM,0
20250822_SF@MIL,2025-08-22,MIL,SF,5,4,1.0,0.5673872828483582,0.5817,MIL,MIL,1
20250822_STL@TB,2025-08-22,TB,STL,10,6,1.0,0.5225022435188293,0.5127,TB,TB,1
20250822_TOR@MIA,2025-08-22,MIA,TOR,2,5,0.0,0.4831312596797943,0.496,TOR,TOR,1
20250822_WSH@PHI,2025-08-22,PHI,WSH,4,5,0.0,0.6120942234992981,0.649,PHI,WSH,0
20250821_ATH@MIN,2025-08-21,MIN,ATH,3,8,0.0,0.5468142032623291,0.5502,MIN,ATH,0
20250821_BOS@NYY,2025-08-21,NYY,BOS,3,6,0.0,0.5479859709739685,0.552,NYY,BOS,0
20250821_HOU@BAL,2025-08-21,BAL,HOU,2,7,0.0,0.5275043845176697,0.5204,BAL,HOU,0
20250821_LAD@COL,2025-08-21,COL,LAD,5,9,0.0,0.4320000410079956,0.4173,LAD,LAD,1
20250821_MIL@CHC,2025-08-21,CHC,MIL,1,4,0.0,0.48467704653739924,0.4983,MIL,MIL,1
20250821_NYM@WSH,2025-08-21,WSH,NYM,9,3,1.0,0.4597408473491668,0.4599,NYM,WSH,0
20250821_SF@SD,2025-08-21,SD,SF,8,4,1.0,0.5279540419578552,0.5211,SD,SD,1
20250821_STL@TB,2025-08-21,TB,STL,4,7,0.0,0.5354644060134888,0.5327,TB,STL,0
20250821_TEX@KC,2025-08-21,KC,TEX,6,4,1.0,0.5796894431114197,0.6004,KC,KC,1
20250820_ATH@MIN,2025-08-20,MIN,ATH,2,4,0.0,0.5077114105224609,0.5,MIN,ATH,0
20250820_CIN@LAA,2025-08-20,LAA,CIN,2,1,1.0,0.47097608447074885,0.4772,CIN,LAA,0
20250820_CLE@AZ,2025-08-20,AZ,CLE,3,2,1.0,0.4832917451858521,0.4962,CLE,AZ,0
20250820_CWS@ATL,2025-08-20,ATL,CWS,1,0,1.0,0.6513761281967164,0.7057,ATL,ATL,1
20250820_HOU@DET,2025-08-20,DET,HOU,7,2,1.0,0.5322971343994141,0.5278,DET,DET,1
20250820_LAD@COL,2025-08-20,COL,LAD,8,3,1.0,0.4382365345954895,0.4269,LAD,COL,0
20250820_MIL@CHC,2025-08-20,CHC,MIL,4,3,1.0,0.4699919521808624,0.4757,MIL,CHC,0
20250820_NYM@WSH,2025-08-20,WSH,NYM,5,4,1.0,0.5058134198188782,0.5,WSH,WSH,1
20250820_NYY@TB,2025-08-20,TB,NYY,4,6,0.0,0.44481793045997625,0.437,NYY,NYY,1
20250820_SEA@PHI,2025-08-20,PHI,SEA,11,2,1.0,0.5883234739303589,0.6135,PHI,PHI,1
20250820_SF@SD,2025-08-20,SD,SF,8,1,1.0,0.5393253564834595,0.5387,SD,SD,1
20250820_STL@MIA,2025-08-20,MIA,STL,6,2,1.0,0.4765496253967285,0.4858,STL,MIA,0
20250820_TEX@KC,2025-08-20,KC,TEX,3,6,0.0,0.5980912446975708,0.6282,KC,TEX,0
20250820_TOR@PIT,2025-08-20,PIT,TOR,2,1,1.0,0.5253838896751404,0.5172,PIT,PIT,1
20250819_ATH@MIN,2025-08-19,MIN,ATH,3,6,0.0,0.5468142032623291,0.5502,MIN,ATH,0
20250819_BAL@BOS,2025-08-19,BOS,BAL,3,4,0.0,0.5164790749549866,0.5034,BOS,BAL,0
20250819_CIN@LAA,2025-08-19,LAA,CIN,4,6,0.0,0.4981191158294678,0.5,CIN,CIN,1
20250819_CLE@AZ,2025-08-19,AZ,CLE,6,5,1.0,0.5022904276847839,0.5,AZ,AZ,1
20250819_CWS@ATL,2025-08-19,ATL,CWS,11,10,1.0,0.647528350353241,0.7003,ATL,ATL,1
20250819_HOU@DET,2025-08-19,DET,HOU,1,0,1.0,0.52183997631073,0.5117,DET,DET,1
20250819_LAD@COL,2025-08-19,COL,LAD,4,11,0.0,0.4510309696197509,0.4465,LAD,LAD,1
20250819_MIL@CHC,2025-08-19,CHC,MIL,4,1,1.0,0.47380736470222473,0.4816,MIL,CHC,0
20250819_MIL@CHC_2,2025-08-19,CHC,MIL,6,4,1.0,0.48467704653739924,0.4983,MIL,CHC,0
20250819_NYM@WSH,2025-08-19,WSH,NYM,1,8,0.0,0.4625718891620636,0.4643,NYM,NYM,1
20250819_NYY@TB,2025-08-19,TB,NYY,3,13,0.0,0.4570421278476715,0.4557,NYY,NYY,1
20250819_SEA@PHI,2025-08-19,PHI,SEA,6,4,1.0,0.5903059244155884,0.6165,PHI,PHI,1
20250819_SF@SD,2025-08-19,SD,SF,5,1,1.0,0.5979425907135009,0.6279,SD,SD,1
20250819_STL@MIA,2025-08-19,MIA,STL,4,7,0.0,0.4888668358325959,0.5,STL,STL,1
20250819_TEX@KC,2025-08-19,KC,TEX,5,2,1.0,0.5980912446975708,0.6282,KC,KC,1
20250819_TOR@PIT,2025-08-19,PIT,TOR,3,7,0.0,0.5514881610870361,0.5574,PIT,TOR,0
20250818_BAL@BOS,2025-08-18,BOS,BAL,3,6,0.0,0.5390021800994873,0.5405,BOS,BAL,0
20250818_CIN@LAA,2025-08-18,LAA,CIN,1,4,0.0,0.46970897912979126,0.4727,CIN,CIN,1
20250818_CLE@AZ,2025-08-18,AZ,CLE,1,3,0.0,0.5240364670753479,0.5179,AZ,CLE,0
20250818_CWS@ATL,2025-08-18,ATL,CWS,9,13,0.0,0.5829058885574341,0.6065,ATL,CWS,0
20250818_HOU@DET,2025-08-18,DET,HOU,10,0,1.0,0.5187749862670898,0.5099,DET,DET,1
20250818_LAD@COL,2025-08-18,COL,LAD,4,3,1.0,0.48763957619667053,0.4998,LAD,COL,0
20250818_MIL@CHC,2025-08-18,CHC,MIL,0,7,0.0,0.49091154336929327,0.5,MIL,MIL,1
20250818_SEA@PHI,2025-08-18,PHI,SEA,12,7,1.0,0.5460093021392822,0.5511,PHI,PHI,1
20250818_SF@SD,2025-08-18,SD,SF,3,4,0.0,0.5414502024650574,0.5442,SD,SF,0
20250818_STL@MIA,2025-08-18,MIA,STL,3,8,0.0,0.5182536244392395,0.5091,MIA,STL,0
20250818_TEX@KC,2025-08-18,KC,TEX,4,3,1.0,0.5793155431747437,0.6011,KC,KC,1
20250818_TOR@PIT,2025-08-18,PIT,TOR,5,2,1.0,0.5698548555374146,0.587,PIT,PIT,1
20250817_ATL@CLE,2025-08-17,CLE,ATL,4,5,0.0,0.5475478768348694,0.5534,CLE,ATL,0
20250817_AZ@COL,2025-08-17,COL,AZ,6,5,1.0,0.44316157698631287,0.4325,AZ,COL,0
20250817_BAL@HOU,2025-08-17,HOU,BAL,0,12,0.0,0.5184990167617798,0.5095,HOU,BAL,0
20250817_CWS@KC,2025-08-17,KC,CWS,6,2,1.0,0.601815938949585,0.6344,KC,KC,1
20250817_DET@MIN,2025-08-17,MIN,DET,8,1,1.0,0.5273863077163696,0.5229,MIN,MIN,1
20250817_LAA@ATH,2025-08-17,ATH,LAA,5,11,0.0,0.5408715009689331,0.5434,ATH,LAA,0
20250817_MIA@BOS,2025-08-17,BOS,MIA,3,5,0.0,0.5638075470924377,0.5779,BOS,MIA,0
20250817_MIL@CIN,2025-08-17,CIN,MIL,3,2,1.0,0.46189215779304504,0.4608,MIL,CIN,0
20250817_NYY@STL,2025-08-17,STL,NYY,4,8,0.0,0.5130054950714111,0.5011,STL,NYY,0
20250817_PHI@WSH,2025-08-17,WSH,PHI,9,11,0.0,0.5025032758712769,0.5,WSH,PHI,0
20250817_PIT@CHC,2025-08-17,CHC,PIT,4,3,1.0,0.5528221726417542,0.5614,CHC,CHC,1
20250817_SD@LAD,2025-08-17,LAD,SD,5,4,1.0,0.5147578120231628,0.5038,LAD,LAD,1
20250817_SEA@NYM,2025-08-17,NYM,SEA,7,3,1.0,0.5450993776321411,0.5497,NYM,NYM,1
20250817_TB@SF,2025-08-17,SF,TB,7,1,1.0,0.5320614576339722,0.53,SF,SF,1
20250817_TEX@TOR,2025-08-17,TOR,TEX,4,10,0.0,0.5793155431747437,0.6011,TOR,TEX,0
20250816_ATL@CLE,2025-08-16,CLE,ATL,1,10,0.0,0.5475478768348694,0.5534,CLE,ATL,0
20250816_AZ@COL,2025-08-16,COL,AZ,10,7,1.0,0.44812595844268804,0.44,AZ,COL,0
20250816_BAL@HOU,2025-08-16,HOU,BAL,5,4,1.0,0.5168458223342896,0.507,HOU,HOU,1
20250816_CWS@KC,2025-08-16,KC,CWS,6,2,1.0,0.601815938949585,0.6344,KC,KC,1
20250816_DET@MIN,2025-08-16,MIN,DET,5,8,0.0,0.5385392308235168,0.5398,MIN,DET,0
20250816_LAA@ATH,2025-08-16,ATH,LAA,7,2,1.0,0.4872371554374695,0.4992,LAA,ATH,0
20250816_MIA@BOS,2025-08-16,BOS,MIA,7,5,1.0,0.539795994758606,0.5417,BOS,BOS,1
20250816_MIL@CIN,2025-08-16,CIN,MIL,5,6,0.0,0.4692078232765198,0.4719,MIL,MIL,1
20250816_NYY@STL,2025-08-16,STL,NYY,8,12,0.0,0.5187749862670898,0.5099,STL,NYY,0
20250816_PHI@WSH,2025-08-16,WSH,PHI,2,0,1.0,0.4797946214675903,0.4879,PHI,WSH,0
20250816_PIT@CHC,2025-08-16,CHC,PIT,3,1,1.0,0.5624297261238098,0.5759,CHC,CHC,1
20250816_SD@LAD,2025-08-16,LAD,SD,6,0,1.0,0.5147578120231628,0.5038,LAD,LAD,1
20250816_SEA@NYM,2025-08-16,NYM,SEA,3,1,1.0,0.5408638119697571,0.5433,NYM,NYM,1
20250816_TB@SF,2025-08-16,SF,TB,1,2,0.0,0.5207309126853943,0.5129,SF,TB,0
20250816_TEX@TOR,2025-08-16,TOR,TEX,14,2,1.0,0.5793155431747437,0.6011,TOR,TOR,1
20250815_ATL@CLE,2025-08-15,CLE,ATL,0,2,0.0,0.5541591048240662,0.5634,CLE,ATL,0
20250815_AZ@COL,2025-08-15,COL,AZ,4,3,1.0,0.48927295207977295,0.5,AZ,COL,0
20250815_BAL@HOU,2025-08-15,HOU,BAL,0,7,0.0,0.5296746492385864,0.5264,HOU,BAL,0
20250815_CWS@KC,2025-08-15,KC,CWS,3,1,1.0,0.619974911212921,0.6608,KC,KC,1
20250815_DET@MIN,2025-08-15,MIN,DET,0,7,0.0,0.5126456022262573,0.5006,MIN,DET,0
20250815_LAA@ATH,2025-08-15,ATH,LAA,10,3,1.0,0.49965846538543707,0.5,LAA,ATH,0
20250815_MIA@BOS,2025-08-15,BOS,MIA,2,1,1.0,0.539795994758606,0.5417,BOS,BOS,1
20250815_MIL@CIN,2025-08-15,CIN,MIL,8,10,0.0,0.49702665209770214,0.5,MIL,MIL,1
20250815_NYY@STL,2025-08-15,STL,NYY,3,4,0.0,0.5027445554733276,0.5,STL,NYY,0
20250815_PHI@WSH,2025-08-15,WSH,PHI,2,6,0.0,0.5081164836883545,0.5,WSH,PHI,0
20250815_PIT@CHC,2025-08-15,CHC,PIT,2,3,0.0,0.5554065108299254,0.5653,CHC,PIT,0
20250815_SD@LAD,2025-08-15,LAD,SD,3,2,1.0,0.5253824591636658,0.5199,LAD,LAD,1
20250815_SEA@NYM,2025-08-15,NYM,SEA,9,11,0.0,0.5408638119697571,0.5433,NYM,SEA,0
20250815_TB@SF,2025-08-15,SF,TB,6,7,0.0,0.5426395535469055,0.546,SF,TB,0
20250815_TEX@TOR,2025-08-15,TOR,TEX,6,5,1.0,0.5793155431747437,0.6011,TOR,TOR,1
20250814_ATL@NYM,2025-08-14,NYM,ATL,3,4,0.0,0.545937716960907,0.551,NYM,ATL,0
20250814_AZ@COL,2025-08-14,COL,AZ,2,8,0.0,0.43589746952056885,0.4216,AZ,AZ,1
20250814_CHC@TOR,2025-08-14,TOR,CHC,2,1,1.0,0.5456070899963379,0.5505,TOR,TOR,1
20250814_DET@MIN,2025-08-14,MIN,DET,3,4,0.0,0.5121844410896301,0.5,MIN,DET,0
20250814_MIA@CLE,2025-08-14,CLE,MIA,9,4,1.0,0.5453690886497498,0.5502,CLE,CLE,1
20250814_PHI@WSH,2025-08-14,WSH,PHI,3,2,1.0,0.5088802576065063,0.5,WSH,WSH,1
20250814_SEA@BAL,2025-08-14,BAL,SEA,5,3,1.0,0.5406705737113953,0.5431,BAL,BAL,1
20250813_ATL@NYM,2025-08-13,NYM,ATL,6,11,0.0,0.545937716960907,0.551,NYM,ATL,0
20250813_AZ@TEX,2025-08-13,TEX,AZ,4,6,0.0,0.5135650038719177,0.502,TEX,AZ,0
20250813_BOS@HOU,2025-08-13,HOU,BOS,4,1,1.0,0.5225194096565247,0.5156,HOU,HOU,1
20250813_CHC@TOR,2025-08-13,TOR,CHC,1,4,0.0,0.5561386942863464,0.5664,TOR,CHC,0
20250813_COL@STL,2025-08-13,STL,COL,5,6,0.0,0.5874010324478149,0.6131,STL,COL,0
20250813_DET@CWS,2025-08-13,CWS,DET,0,1,0.0,0.5079625844955444,0.5,CWS,DET,0
20250813_LAD@LAA,2025-08-13,LAA,LAD,6,5,1.0,0.5155336856842041,0.505,LAA,LAA,1
20250813_MIA@CLE,2025-08-13,CLE,MIA,4,13,0.0,0.5518438220024109,0.5599,CLE,MIA,0
20250813_MIN@NYY,2025-08-13,NYY,MIN,1,4,0.0,0.5492352247238159,0.556,NYY,MIN,0
20250813_PHI@CIN,2025-08-13,CIN,PHI,8,0,1.0,0.49344253540039057,0.5,PHI,CIN,0
20250813_PIT@MIL,2025-08-13,MIL,PIT,12,5,1.0,0.5673732161521912,0.5833,MIL,MIL,1
20250813_SD@SF,2025-08-13,SF,SD,1,11,0.0,0.5025299787521363,0.5,SF,SD,0
20250813_SEA@BAL,2025-08-13,BAL,SEA,4,3,1.0,0.5252631306648254,0.5197,BAL,BAL,1
20250813_TB@ATH,2025-08-13,ATH,TB,2,8,0.0,0.5188379287719727,0.51,ATH,TB,0
20250813_WSH@KC,2025-08-13,KC,WSH,7,8,0.0,0.5793155431747437,0.6011,KC,WSH,0
20250812_ATL@NYM,2025-08-12,NYM,ATL,13,5,1.0,0.5338651537895203,0.5328,NYM,NYM,1
20250812_AZ@TEX,2025-08-12,TEX,AZ,2,3,0.0,0.5442236065864563,0.5484,TEX,AZ,0
20250812_BOS@HOU,2025-08-12,HOU,BOS,1,14,0.0,0.5292830467224121,0.5258,HOU,BOS,0
20250812_CHC@TOR,2025-08-12,TOR,CHC,5,1,1.0,0.5561386942863464,0.5664,TOR,TOR,1
20250812_COL@STL,2025-08-12,STL,COL,0,3,0.0,0.6197995543479919,0.6605,STL,COL,0
20250812_DET@CWS,2025-08-12,CWS,DET,9,6,1.0,0.49368345737457264,0.5,DET,CWS,0
20250812_LAD@LAA,2025-08-12,LAA,LAD,7,6,1.0,0.5105132460594177,0.5,LAA,LAA,1
20250812_MIA@CLE,2025-08-12,CLE,MIA,4,3,1.0,0.539795994758606,0.5417,CLE,CLE,1
20250812_MIN@NYY,2025-08-12,NYY,MIN,9,1,1.0,0.5437651872634888,0.5477,NYY,NYY,1
20250812_PHI@CIN,2025-08-12,CIN,PHI,6,1,1.0,0.4940023124217987,0.5,PHI,CIN,0
20250812_PIT@MIL,2025-08-12,MIL,PIT,14,0,1.0,0.5698526501655579,0.587,MIL,MIL,1
20250812_SD@SF,2025-08-12,SF,SD,1,5,0.0,0.49173229932785034,0.5,SD,SD,1
20250812_SEA@BAL,2025-08-12,BAL,SEA,0,1,0.0,0.5358651876449585,0.5358,BAL,SEA,0
20250812_TB@ATH,2025-08-12,ATH,TB,6,0,1.0,0.5138151049613953,0.5024,ATH,ATH,1
20250812_WSH@KC,2025-08-12,KC,WSH,8,5,1.0,0.5793155431747437,0.6011,KC,KC,1
20250811_AZ@TEX,2025-08-11,TEX,AZ,7,6,1.0,0.4632899761199952,0.4639,AZ,TEX,0
20250811_BOS@HOU,2025-08-11,HOU,BOS,7,6,1.0,0.3504679799079895,0.3012,BOS,HOU,0
20250811_COL@STL,2025-08-11,STL,COL,3,2,1.0,0.5891819000244141,0.6133,STL,STL,1
20250811_DET@CWS,2025-08-11,CWS,DET,1,2,0.0,0.536052942276001,0.5351,CWS,DET,0
20250811_LAD@LAA,2025-08-11,LAA,LAD,7,4,1.0,0.4394018352031707,0.4286,LAD,LAA,0
20250811_MIN@NYY,2025-08-11,NYY,MIN,6,2,1.0,0.5557745695114136,0.5643,NYY,NYY,1
20250811_PHI@CIN,2025-08-11,CIN,PHI,1,4,0.0,0.4541524052619934,0.4504,PHI,PHI,1
20250811_PIT@MIL,2025-08-11,MIL,PIT,7,1,1.0,0.6921488642692566,0.7555,MIL,MIL,1
20250811_SD@SF,2025-08-11,SF,SD,1,4,0.0,0.4353890717029572,0.4227,SD,SD,1
20250811_TB@ATH,2025-08-11,ATH,TB,4,7,0.0,0.27335453033447266,0.2015,TB,TB,1
20250811_WSH@KC,2025-08-11,KC,WSH,7,4,1.0,0.42412710189819336,0.4061,WSH,KC,0
20250810_ATH@BAL,2025-08-10,BAL,ATH,2,3,0.0,0.48118522763252264,0.4905,ATH,ATH,1
20250810_BOS@SD,2025-08-10,SD,BOS,6,2,1.0,0.6299601793289185,0.6716,SD,SD,1
20250810_CHC@STL,2025-08-10,STL,CHC,3,2,1.0,0.5963419079780579,0.6237,STL,STL,1
20250810_CIN@PIT,2025-08-10,PIT,CIN,8,14,0.0,0.493333488702774,0.5,CIN,CIN,1
20250810_CLE@CWS,2025-08-10,CWS,CLE,6,4,1.0,0.43265563249588007,0.4186,CLE,CWS,0
20250810_COL@AZ,2025-08-10,AZ,COL,13,6,1.0,0.7321336269378663,0.805,AZ,AZ,1
20250810_HOU@NYY,2025-08-10,NYY,HOU,1,7,0.0,0.5784070491790771,0.5976,NYY,HOU,0
20250810_KC@MIN,2025-08-10,MIN,KC,5,3,1.0,0.6099193692207336,0.6432,MIN,MIN,1
20250810_LAA@DET,2025-08-10,DET,LAA,9,5,1.0,0.5515668988227844,0.5581,DET,DET,1
20250810_MIA@ATL,2025-08-10,ATL,MIA,7,1,1.0,0.6817802786827087,0.7421,ATL,ATL,1
20250810_NYM@MIL,2025-08-10,MIL,NYM,7,6,1.0,0.4901929795742035,0.5,NYM,MIL,0
20250810_PHI@TEX,2025-08-10,TEX,PHI,2,4,0.0,0.6334831714630127,0.6766,TEX,PHI,0
20250810_TB@SEA,2025-08-10,SEA,TB,6,3,1.0,0.5290265083312988,0.5246,SEA,SEA,1
20250810_TOR@LAD,2025-08-10,LAD,TOR,4,5,0.0,0.663966178894043,0.7184,LAD,TOR,0
20250810_WSH@SF,2025-08-10,SF,WSH,0,8,0.0,0.4639005661010742,0.4649,WSH,WSH,1
20250809_ATH@BAL,2025-08-09,BAL,ATH,3,11,0.0,0.40167877078056335,0.3734,ATH,ATH,1
20250809_BOS@SD,2025-08-09,SD,BOS,5,4,1.0,0.5421422123908997,0.5441,SD,SD,1
20250809_CHC@STL,2025-08-09,STL,CHC,1,9,0.0,0.41227486729621887,0.3888,CHC,CHC,1
20250809_CIN@PIT,2025-08-09,PIT,CIN,1,2,0.0,0.5720921158790588,0.5883,PIT,CIN,0
20250809_CLE@CWS,2025-08-09,CWS,CLE,1,3,0.0,0.4421107769012451,0.4326,CLE,CLE,1
20250809_COL@AZ,2025-08-09,AZ,COL,6,5,1.0,0.5927311778068542,0.6185,AZ,AZ,1
20250809_HOU@NYY,2025-08-09,NYY,HOU,5,4,1.0,0.5175946354866028,0.5077,NYY,NYY,1
20250809_KC@MIN,2025-08-09,MIN,KC,0,2,0.0,0.6019684672355652,0.6318,MIN,KC,0
20250809_LAA@DET,2025-08-09,DET,LAA,4,7,0.0,0.5572019815444946,0.5664,DET,LAA,0
20250809_MIA@ATL,2025-08-09,ATL,MIA,7,1,1.0,0.6788786053657532,0.7383,ATL,ATL,1
20250809_MIA@ATL_2,2025-08-09,ATL,MIA,8,6,1.0,0.4849061071872711,0.4961,MIA,ATL,0
20250809_NYM@MIL,2025-08-09,MIL,NYM,7,4,1.0,0.5007966756820679,0.5,MIL,MIL,1
20250809_PHI@TEX,2025-08-09,TEX,PHI,2,3,0.0,0.6001055836677551,0.6291,TEX,PHI,0
20250809_TB@SEA,2025-08-09,SEA,TB,7,4,1.0,0.6324868202209473,0.6752,SEA,SEA,1
20250809_TOR@LAD,2025-08-09,LAD,TOR,9,1,1.0,0.6644895672798157,0.7191,LAD,LAD,1
20250809_WSH@SF,2025-08-09,SF,WSH,2,4,0.0,0.5425048470497131,0.5446,SF,WSH,0
20250808_ATH@BAL,2025-08-08,BAL,ATH,3,2,1.0,0.5434447526931763,0.546,BAL,BAL,1
20250808_BOS@SD,2025-08-08,SD,BOS,2,10,0.0,0.558209240436554,0.5679,SD,BOS,0
20250808_CHC@STL,2025-08-08,STL,CHC,5,0,1.0,0.44386377930641174,0.4352,CHC,STL,0
20250808_CIN@PIT,2025-08-08,PIT,CIN,3,2,1.0,0.40904927253723145,0.3841,CIN,PIT,0
20250808_CLE@CWS,2025-08-08,CWS,CLE,5,9,0.0,0.4087112843990326,0.3836,CLE,CLE,1
20250808_COL@AZ,2025-08-08,AZ,COL,6,1,1.0,0.6308663487434386,0.6729,AZ,AZ,1
20250808_HOU@NYY,2025-08-08,NYY,HOU,3,5,0.0,0.4121142327785492,0.3886,HOU,HOU,1
20250808_KC@MIN,2025-08-08,MIN,KC,9,4,1.0,0.5741249322891235,0.5913,MIN,MIN,1
20250808_LAA@DET,2025-08-08,DET,LAA,6,5,1.0,0.7605581283569336,0.8377,DET,DET,1
20250808_MIA@ATL,2025-08-08,ATL,MIA,1,5,0.0,0.498003751039505,0.5,MIA,MIA,1
20250808_NYM@MIL,2025-08-08,MIL,NYM,3,2,1.0,0.5239935517311096,0.5172,MIL,MIL,1
20250808_PHI@TEX,2025-08-08,TEX,PHI,1,9,0.0,0.45691895484924316,0.4545,PHI,PHI,1
20250808_TB@SEA,2025-08-08,SEA,TB,3,2,1.0,0.5644258260726929,0.5771,SEA,SEA,1
20250808_TOR@LAD,2025-08-08,LAD,TOR,5,1,1.0,0.5959558486938475,0.6231,LAD,LAD,1
20250808_WSH@SF,2025-08-08,SF,WSH,5,0,1.0,0.6160534620285034,0.652,SF,SF,1
20250807_ATH@WSH,2025-08-07,WSH,ATH,0,6,0.0,0.37873974442481995,0.3406,ATH,ATH,1
20250807_CIN@PIT,2025-08-07,PIT,CIN,7,0,1.0,0.6794497966766357,0.739,PIT,PIT,1
20250807_CWS@SEA,2025-08-07,SEA,CWS,4,3,1.0,0.8031910657882692,0.8822,SEA,SEA,1
20250807_MIA@ATL,2025-08-07,ATL,MIA,8,6,1.0,0.5551220178604126,0.5633,ATL,ATL,1
20250806_ATH@WSH,2025-08-06,WSH,ATH,2,1,1.0,0.414498656988144,0.3921,ATH,WSH,0
20250806_BAL@PHI,2025-08-06,PHI,BAL,1,5,0.0,0.49890762567520136,0.5,BAL,BAL,1
20250806_CIN@CHC,2025-08-06,CHC,CIN,6,1,1.0,0.5673763155937195,0.5814,CHC,CHC,1
20250806_CLE@NYM,2025-08-06,NYM,CLE,1,4,0.0,0.5754976272583008,0.5933,NYM,CLE,0
20250806_CWS@SEA,2025-08-06,SEA,CWS,8,6,1.0,0.7418632507324219,0.8165,SEA,SEA,1
20250806_HOU@MIA,2025-08-06,MIA,HOU,6,4,1.0,0.4680995047092438,0.4711,HOU,MIA,0
20250806_KC@BOS,2025-08-06,BOS,KC,3,7,0.0,0.45771995186805725,0.4557,KC,KC,1
20250806_MIL@ATL,2025-08-06,ATL,MIL,4,5,0.0,0.4999275803565979,0.5,MIL,MIL,1
20250806_MIN@DET,2025-08-06,DET,MIN,4,9,0.0,0.5975190997123718,0.6254,DET,MIN,0
20250806_NYY@TEX,2025-08-06,TEX,NYY,2,3,0.0,0.3365583121776581,0.2823,NYY,NYY,1
20250806_SD@AZ,2025-08-06,AZ,SD,2,3,0.0,0.5165483355522156,0.5061,AZ,SD,0
20250806_SF@PIT,2025-08-06,PIT,SF,2,4,0.0,0.44007205963134766,0.4296,SF,SF,1
20250806_STL@LAD,2025-08-06,LAD,STL,3,5,0.0,0.5525562167167664,0.5595,LAD,STL,0
20250806_TB@LAA,2025-08-06,LAA,TB,4,5,0.0,0.3657282590866089,0.3223,TB,TB,1
20250806_TOR@COL,2025-08-06,COL,TOR,1,20,0.0,0.39420527219772344,0.3627,TOR,TOR,1
20250805_ATH@WSH,2025-08-05,WSH,ATH,7,16,0.0,0.4662758708000183,0.4684,ATH,ATH,1
20250805_BAL@PHI,2025-08-05,PHI,BAL,5,0,1.0,0.5930169820785522,0.6189,PHI,PHI,1
20250805_CIN@CHC,2025-08-05,CHC,CIN,1,5,0.0,0.5969998836517334,0.6246,CHC,CIN,0
20250805_CLE@NYM,2025-08-05,NYM,CLE,2,3,0.0,0.5806574821472168,0.6009,NYM,CLE,0
20250805_CWS@SEA,2025-08-05,SEA,CWS,8,3,1.0,0.7453529238700867,0.8205,SEA,SEA,1
20250805_HOU@MIA,2025-08-05,MIA,HOU,3,7,0.0,0.3745680153369903,0.3347,HOU,HOU,1
20250805_KC@BOS,2025-08-05,BOS,KC,6,2,1.0,0.4803833663463593,0.4893,KC,BOS,0
20250805_MIL@ATL,2025-08-05,ATL,MIL,2,7,0.0,0.35928210616111755,0.3133,MIL,MIL,1
20250805_MIN@DET,2025-08-05,DET,MIN,3,6,0.0,0.47378152608871466,0.4795,MIN,MIN,1
20250805_NYY@TEX,2025-08-05,TEX,NYY,2,0,1.0,0.4532136619091034,0.449,NYY,TEX,0
20250805_SD@AZ,2025-08-05,AZ,SD,5,10,0.0,0.3977103233337403,0.3677,SD,SD,1
20250805_SF@PIT,2025-08-05,PIT,SF,1,8,0.0,0.646004319190979,0.694,PIT,SF,0
20250805_STL@LAD,2025-08-05,LAD,STL,12,6,1.0,0.5116090774536133,0.5,LAD,LAD,1
20250805_TB@LAA,2025-08-05,LAA,TB,3,7,0.0,0.34258711338043213,0.2904,TB,TB,1
20250805_TOR@COL,2025-08-05,COL,TOR,4,10,0.0,0.4351150393486023,0.4223,TOR,TOR,1
20250804_BAL@PHI,2025-08-04,PHI,BAL,13,3,1.0,0.5450540781021118,0.5466,PHI,PHI,1
20250804_CIN@CHC,2025-08-04,CHC,CIN,2,3,0.0,0.5315544009208679,0.5264,CHC,CIN,0
20250804_CLE@NYM,2025-08-04,NYM,CLE,6,7,0.0,0.5315544009208679,0.5264,NYM,CLE,0
20250804_HOU@MIA,2025-08-04,MIA,HOU,2,8,0.0,0.4903897941112519,0.5,HOU,HOU,1
20250804_KC@BOS,2025-08-04,BOS,KC,8,5,1.0,0.5315544009208679,0.5264,BOS,BOS,1
20250804_MIL@ATL,2025-08-04,ATL,MIL,1,3,0.0,0.5315544009208679,0.5264,ATL,MIL,0
20250804_MIN@DET,2025-08-04,DET,MIN,6,3,1.0,0.5315544009208679,0.5264,DET,DET,1
20250804_NYY@TEX,2025-08-04,TEX,NYY,8,5,1.0,0.5315544009208679,0.5264,TEX,TEX,1
20250804_SD@AZ,2025-08-04,AZ,SD,6,2,1.0,0.5315544009208679,0.5264,AZ,AZ,1
20250804_SF@PIT,2025-08-04,PIT,SF,5,4,1.0,0.5315544009208679,0.5264,PIT,PIT,1
20250804_STL@LAD,2025-08-04,LAD,STL,2,3,0.0,0.5450540781021118,0.5466,LAD,STL,0
20250804_TB@LAA,2025-08-04,LAA,TB,5,1,1.0,0.5293521285057068,0.5231,LAA,LAA,1
20250804_TOR@COL,2025-08-04,COL,TOR,1,15,0.0,0.5293521285057068,0.5231,COL,TOR,0
20250803_AZ@ATH,2025-08-03,ATH,AZ,4,6,0.0,0.5156387090682983,0.5025,ATH,AZ,0
20250803_BAL@CHC,2025-08-03,CHC,BAL,5,3,1.0,0.5315544009208679,0.5264,CHC,CHC,1
20250803_CWS@LAA,2025-08-03,LAA,CWS,8,5,1.0,0.5293521285057068,0.5231,LAA,LAA,1
20250803_DET@PHI,2025-08-03,PHI,DET,2,0,1.0,0.5315544009208679,0.5264,PHI,PHI,1
20250803_HOU@BOS,2025-08-03,BOS,HOU,6,1,1.0,0.5315544009208679,0.5264,BOS,BOS,1
20250803_KC@TOR,2025-08-03,TOR,KC,4,7,0.0,0.5315544009208679,0.5264,TOR,KC,0
20250803_LAD@TB,2025-08-03,TB,LAD,0,3,0.0,0.5450540781021118,0.5466,TB,LAD,0
20250803_MIL@WSH,2025-08-03,WSH,MIL,3,14,0.0,0.5156387090682983,0.5025,WSH,MIL,0
20250803_MIN@CLE,2025-08-03,CLE,MIN,4,5,0.0,0.5315544009208679,0.5264,CLE,MIN,0
20250803_NYY@MIA,2025-08-03,MIA,NYY,7,3,1.0,0.5293521285057068,0.5231,MIA,MIA,1
20250803_PIT@COL,2025-08-03,COL,PIT,5,9,0.0,0.5293521285057068,0.5231,COL,PIT,0
20250803_SF@NYM,2025-08-03,NYM,SF,4,12,0.0,0.5315544009208679,0.5264,NYM,SF,0
20250803_STL@SD,2025-08-03,SD,STL,7,3,1.0,0.5450540781021118,0.5466,SD,SD,1
20250803_TEX@SEA,2025-08-03,SEA,TEX,5,4,1.0,0.5315544009208679,0.5264,SEA,SEA,1
20250802_ATL@CIN,2025-08-02,CIN,ATL,2,4,0.0,0.4903897941112519,0.5,ATL,ATL,1
20250802_AZ@ATH,2025-08-02,ATH,AZ,2,7,0.0,0.5293521285057068,0.5231,ATH,AZ,0
20250802_BAL@CHC,2025-08-02,CHC,BAL,3,4,0.0,0.5315544009208679,0.5264,CHC,BAL,0
20250802_CWS@LAA,2025-08-02,LAA,CWS,0,1,0.0,0.5293521285057068,0.5231,LAA,CWS,0
20250802_DET@PHI,2025-08-02,PHI,DET,5,7,0.0,0.5315544009208679,0.5264,PHI,DET,0
20250802_HOU@BOS,2025-08-02,BOS,HOU,7,3,1.0,0.5315544009208679,0.5264,BOS,BOS,1
20250802_KC@TOR,2025-08-02,TOR,KC,4,2,1.0,0.5315544009208679,0.5264,TOR,TOR,1
20250802_LAD@TB,2025-08-02,TB,LAD,4,0,1.0,0.5315544009208679,0.5264,TB,TB,1
20250802_MIL@WSH,2025-08-02,WSH,MIL,2,8,0.0,0.5293521285057068,0.5231,WSH,MIL,0
20250802_MIN@CLE,2025-08-02,CLE,MIN,5,4,1.0,0.5315544009208679,0.5264,CLE,CLE,1
20250802_NYY@MIA,2025-08-02,MIA,NYY,2,0,1.0,0.5293521285057068,0.5231,MIA,MIA,1
20250802_PIT@COL,2025-08-02,COL,PIT,8,5,1.0,0.5293521285057068,0.5231,COL,COL,1
20250802_SF@NYM,2025-08-02,NYM,SF,12,6,1.0,0.5315544009208679,0.5264,NYM,NYM,1
20250802_STL@SD,2025-08-02,SD,STL,5,8,0.0,0.5315544009208679,0.5264,SD,STL,0
20250802_TEX@SEA,2025-08-02,SEA,TEX,4,6,0.0,0.5315544009208679,0.5264,SEA,TEX,0
20250801_ATL@CIN,2025-08-01,CIN,ATL,3,2,1.0,0.5293521285057068,0.5231,CIN,CIN,1
20250801_AZ@ATH,2025-08-01,ATH,AZ,5,1,1.0,0.5293521285057068,0.5231,ATH,ATH,1
20250801_BAL@CHC,2025-08-01,CHC,BAL,1,0,1.0,0.5315544009208679,0.5264,CHC,CHC,1
20250801_CWS@LAA,2025-08-01,LAA,CWS,3,6,0.0,0.5293521285057068,0.5231,LAA,CWS,0
20250801_DET@PHI,2025-08-01,PHI,DET,5,4,1.0,0.5315544009208679,0.5264,PHI,PHI,1
20250801_HOU@BOS,2025-08-01,BOS,HOU,2,1,1.0,0.5315544009208679,0.5264,BOS,BOS,1
20250801_KC@TOR,2025-08-01,TOR,KC,3,9,0.0,0.5315544009208679,0.5264,TOR,KC,0
20250801_LAD@TB,2025-08-01,TB,LAD,0,5,0.0,0.5450540781021118,0.5466,TB,LAD,0
20250801_MIL@WSH,2025-08-01,WSH,MIL,9,16,0.0,0.4903897941112519,0.5,MIL,MIL,1
20250801_MIN@CLE,2025-08-01,CLE,MIN,3,2,1.0,0.5315544009208679,0.5264,CLE,CLE,1
20250801_NYY@MIA,2025-08-01,MIA,NYY,13,12,1.0,0.5133006572723389,0.5,MIA,MIA,1
20250801_PIT@COL,2025-08-01,COL,PIT,17,16,1.0,0.4903897941112519,0.5,PIT,COL,0
20250801_SF@NYM,2025-08-01,NYM,SF,3,4,0.0,0.5315544009208679,0.5264,NYM,SF,0
20250801_STL@SD,2025-08-01,SD,STL,4,1,1.0,0.5315544009208679,0.5264,SD,SD,1
20250801_TEX@SEA,2025-08-01,SEA,TEX,4,3,1.0,0.5315544009208679,0.5264,SEA,SEA,1
20250731_ATL@CIN,2025-07-31,CIN,ATL,11,12,0.0,0.5156387090682983,0.5025,CIN,ATL,0
20250731_TB@NYY,2025-07-31,NYY,TB,7,4,1.0,0.5315544009208679,0.5264,NYY,NYY,1
20250731_TEX@SEA,2025-07-31,SEA,TEX,6,0,1.0,0.5315544009208679,0.5264,SEA,SEA,1
20250730_ATL@KC,2025-07-30,KC,ATL,1,0,1.0,0.5315544009208679,0.5264,KC,KC,1
20250730_AZ@DET,2025-07-30,DET,AZ,7,2,1.0,0.5315544009208679,0.5264,DET,DET,1
20250730_BOS@MIN,2025-07-30,MIN,BOS,1,13,0.0,0.5315544009208679,0.5264,MIN,BOS,0
20250730_CHC@MIL,2025-07-30,MIL,CHC,3,10,0.0,0.5450540781021118,0.5466,MIL,CHC,0
20250730_COL@CLE,2025-07-30,CLE,COL,5,0,1.0,0.5671789050102235,0.5796,CLE,CLE,1
20250730_LAD@CIN,2025-07-30,CIN,LAD,5,2,1.0,0.5293521285057068,0.5231,CIN,CIN,1
20250730_MIA@STL,2025-07-30,STL,MIA,0,2,0.0,0.5315544009208679,0.5264,STL,MIA,0
20250730_NYM@SD,2025-07-30,SD,NYM,5,0,1.0,0.5315544009208679,0.5264,SD,SD,1
20250730_PHI@CWS,2025-07-30,CWS,PHI,9,3,1.0,0.5293521285057068,0.5231,CWS,CWS,1
20250730_PIT@SF,2025-07-30,SF,PIT,1,2,0.0,0.5315544009208679,0.5264,SF,PIT,0
20250730_SEA@ATH,2025-07-30,ATH,SEA,5,4,1.0,0.5293521285057068,0.5231,ATH,ATH,1
20250730_TB@NYY,2025-07-30,NYY,TB,5,4,1.0,0.5315544009208679,0.5264,NYY,NYY,1
20250730_TEX@LAA,2025-07-30,LAA,TEX,3,6,0.0,0.5156387090682983,0.5025,LAA,TEX,0
20250730_TOR@BAL,2025-07-30,BAL,TOR,8,9,0.0,0.5315544009208679,0.5264,BAL,TOR,0
20250730_WSH@HOU,2025-07-30,HOU,WSH,9,1,1.0,0.5315544009208679,0.5264,HOU,HOU,1
20250729_ATL@KC,2025-07-29,KC,ATL,9,6,1.0,0.5315544009208679,0.5264,KC,KC,1
20250729_AZ@DET,2025-07-29,DET,AZ,12,2,1.0,0.5315544009208679,0.5264,DET,DET,1
20250729_BOS@MIN,2025-07-29,MIN,BOS,5,8,0.0,0.5315544009208679,0.5264,MIN,BOS,0
20250729_CHC@MIL,2025-07-29,MIL,CHC,9,3,1.0,0.5315544009208679,0.5264,MIL,MIL,1
20250729_COL@CLE,2025-07-29,CLE,COL,10,4,1.0,0.5671789050102235,0.5796,CLE,CLE,1
20250729_LAD@CIN,2025-07-29,CIN,LAD,4,5,0.0,0.5133006572723389,0.5,CIN,LAD,0
20250729_MIA@STL,2025-07-29,STL,MIA,0,5,0.0,0.5315544009208679,0.5264,STL,MIA,0
20250729_NYM@SD,2025-07-29,SD,NYM,7,1,1.0,0.5315544009208679,0.5264,SD,SD,1
20250729_PHI@CWS,2025-07-29,CWS,PHI,3,6,0.0,0.5293521285057068,0.5231,CWS,PHI,0
20250729_PIT@SF,2025-07-29,SF,PIT,1,3,0.0,0.5315544009208679,0.5264,SF,PIT,0
20250729_SEA@ATH,2025-07-29,ATH,SEA,6,1,1.0,0.4903897941112519,0.5,SEA,ATH,0
20250729_TB@NYY,2025-07-29,NYY,TB,7,5,1.0,0.5315544009208679,0.5264,NYY,NYY,1
20250729_TEX@LAA,2025-07-29,LAA,TEX,8,5,1.0,0.5156387090682983,0.5025,LAA,LAA,1
20250729_TOR@BAL,2025-07-29,BAL,TOR,3,2,1.0,0.5315544009208679,0.5264,BAL,BAL,1
20250729_TOR@BAL_2,2025-07-29,BAL,TOR,16,4,1.0,0.5315544009208679,0.5264,BAL,BAL,1
20250729_WSH@HOU,2025-07-29,HOU,WSH,7,4,1.0,0.5315544009208679,0.5264,HOU,HOU,1
20250728_ATL@KC,2025-07-28,KC,ATL,7,10,0.0,0.5319713950157166,0.5271,KC,ATL,0
20250728_AZ@DET,2025-07-28,DET,AZ,5,1,1.0,0.5448818206787109,0.5464,DET,DET,1
20250728_BOS@MIN,2025-07-28,MIN,BOS,5,4,1.0,0.5319713950157166,0.5271,MIN,MIN,1
20250728_CHC@MIL,2025-07-28,MIL,CHC,8,4,1.0,0.5448818206787109,0.5464,MIL,MIL,1
20250728_COL@CLE,2025-07-28,CLE,COL,6,8,0.0,0.5679447054862976,0.5808,CLE,COL,0
20250728_LAD@CIN,2025-07-28,CIN,LAD,2,5,0.0,0.49535661935806274,0.5,LAD,LAD,1
20250728_MIA@STL,2025-07-28,STL,MIA,7,1,1.0,0.5319713950157166,0.5271,STL,STL,1
20250728_NYM@SD,2025-07-28,SD,NYM,7,6,1.0,0.5319713950157166,0.5271,SD,SD,1
20250728_PHI@CWS,2025-07-28,CWS,PHI,6,2,1.0,0.5285557508468628,0.522,CWS,CWS,1
20250728_PIT@SF,2025-07-28,SF,PIT,5,6,0.0,0.5319713950157166,0.5271,SF,PIT,0
20250728_SEA@ATH,2025-07-28,ATH,SEA,1,3,0.0,0.5285557508468628,0.522,ATH,SEA,0
20250728_TB@NYY,2025-07-28,NYY,TB,2,4,0.0,0.5319713950157166,0.5271,NYY,TB,0
20250728_TEX@LAA,2025-07-28,LAA,TEX,6,4,1.0,0.5285557508468628,0.522,LAA,LAA,1
20250728_TOR@BAL,2025-07-28,BAL,TOR,11,4,1.0,0.5319713950157166,0.5271,BAL,BAL,1
20250728_WSH@HOU,2025-07-28,HOU,WSH,1,2,0.0,0.5319713950157166,0.5271,HOU,WSH,0
20250727_ATH@HOU,2025-07-27,HOU,ATH,1,7,0.0,0.5319713950157166,0.5271,HOU,ATH,0
20250727_ATL@TEX,2025-07-27,TEX,ATL,8,1,1.0,0.5448818206787109,0.5464,TEX,TEX,1
20250727_AZ@PIT,2025-07-27,PIT,AZ,6,0,1.0,0.5448818206787109,0.5464,PIT,PIT,1
20250727_CHC@CWS,2025-07-27,CWS,CHC,4,5,0.0,0.5134528279304504,0.5,CWS,CHC,0
20250727_CLE@KC,2025-07-27,KC,CLE,4,1,1.0,0.5319713950157166,0.5271,KC,KC,1
20250727_COL@BAL,2025-07-27,BAL,COL,5,1,1.0,0.5679447054862976,0.5808,BAL,BAL,1
20250727_LAD@BOS,2025-07-27,BOS,LAD,4,3,1.0,0.5319713950157166,0.5271,BOS,BOS,1
20250727_MIA@MIL,2025-07-27,MIL,MIA,3,2,1.0,0.5319713950157166,0.5271,MIL,MIL,1
20250727_NYM@SF,2025-07-27,SF,NYM,3,5,0.0,0.5319713950157166,0.5271,SF,NYM,0
20250727_PHI@NYY,2025-07-27,NYY,PHI,4,3,1.0,0.5319713950157166,0.5271,NYY,NYY,1
20250727_SD@STL,2025-07-27,STL,SD,2,9,0.0,0.5319713950157166,0.5271,STL,SD,0
20250727_SEA@LAA,2025-07-27,LAA,SEA,4,1,1.0,0.5285557508468628,0.522,LAA,LAA,1
20250727_TB@CIN,2025-07-27,CIN,TB,2,1,1.0,0.5285557508468628,0.522,CIN,CIN,1
20250727_TOR@DET,2025-07-27,DET,TOR,10,4,1.0,0.5319713950157166,0.5271,DET,DET,1
20250727_WSH@MIN,2025-07-27,MIN,WSH,2,7,0.0,0.5319713950157166,0.5271,MIN,WSH,0
20250726_ATH@HOU,2025-07-26,HOU,ATH,1,5,0.0,0.5448818206787109,0.5464,HOU,ATH,0
20250726_ATL@TEX,2025-07-26,TEX,ATL,6,5,1.0,0.5319713950157166,0.5271,TEX,TEX,1
20250726_AZ@PIT,2025-07-26,PIT,AZ,2,0,1.0,0.5319713950157166,0.5271,PIT,PIT,1
20250726_CHC@CWS,2025-07-26,CWS,CHC,1,6,0.0,0.5134528279304504,0.5,CWS,CHC,0
20250726_CLE@KC,2025-07-26,KC,CLE,5,3,1.0,0.5319713950157166,0.5271,KC,KC,1
20250726_CLE@KC_2,2025-07-26,KC,CLE,4,6,0.0,0.5319713950157166,0.5271,KC,CLE,0
20250726_COL@BAL,2025-07-26,BAL,COL,18,0,1.0,0.5679447054862976,0.5808,BAL,BAL,1
20250726_LAD@BOS,2025-07-26,BOS,LAD,4,2,1.0,0.5448818206787109,0.5464,BOS,BOS,1
20250726_MIA@MIL,2025-07-26,MIL,MIA,4,7,0.0,0.5319713950157166,0.5271,MIL,MIA,0
20250726_NYM@SF,2025-07-26,SF,NYM,1,2,0.0,0.5319713950157166,0.5271,SF,NYM,0
20250726_PHI@NYY,2025-07-26,NYY,PHI,4,9,0.0,0.5319713950157166,0.5271,NYY,PHI,0
20250726_SD@STL,2025-07-26,STL,SD,1,3,0.0,0.5319713950157166,0.5271,STL,SD,0
20250726_SEA@LAA,2025-07-26,LAA,SEA,2,7,0.0,0.5285557508468628,0.522,LAA,SEA,0
20250726_TB@CIN,2025-07-26,CIN,TB,6,2,1.0,0.5285557508468628,0.522,CIN,CIN,1
20250726_TOR@DET,2025-07-26,DET,TOR,1,6,0.0,0.5319713950157166,0.5271,DET,TOR,0
20250726_WSH@MIN,2025-07-26,MIN,WSH,3,9,0.0,0.5319713950157166,0.5271,MIN,WSH,0
20250725_ATH@HOU,2025-07-25,HOU,ATH,3,15,0.0,0.5448818206787109,0.5464,HOU,ATH,0
20250725_ATL@TEX,2025-07-25,TEX,ATL,8,3,1.0,0.5319713950157166,0.5271,TEX,TEX,1
20250725_AZ@PIT,2025-07-25,PIT,AZ,0,1,0.0,0.5319713950157166,0.5271,PIT,AZ,0
20250725_CHC@CWS,2025-07-25,CWS,CHC,12,5,1.0,0.49535661935806274,0.5,CHC,CWS,0
20250725_COL@BAL,2025-07-25,BAL,COL,5,6,0.0,0.5679447054862976,0.5808,BAL,COL,0
20250725_LAD@BOS,2025-07-25,BOS,LAD,2,5,0.0,0.5319713950157166,0.5271,BOS,LAD,0
20250725_MIA@MIL,2025-07-25,MIL,MIA,1,5,0.0,0.5319713950157166,0.5271,MIL,MIA,0
20250725_NYM@SF,2025-07-25,SF,NYM,1,8,0.0,0.5319713950157166,0.5271,SF,NYM,0
20250725_PHI@NYY,2025-07-25,NYY,PHI,5,12,0.0,0.5319713950157166,0.5271,NYY,PHI,0
20250725_SD@STL,2025-07-25,STL,SD,3,0,1.0,0.5319713950157166,0.5271,STL,STL,1
20250725_SEA@LAA,2025-07-25,LAA,SEA,3,2,1.0,0.5285557508468628,0.522,LAA,LAA,1
20250725_TB@CIN,2025-07-25,CIN,TB,7,2,1.0,0.5285557508468628,0.522,CIN,CIN,1
20250725_TOR@DET,2025-07-25,DET,TOR,2,6,0.0,0.5319713950157166,0.5271,DET,TOR,0
20250725_WSH@MIN,2025-07-25,MIN,WSH,1,0,1.0,0.5319713950157166,0.5271,MIN,MIN,1
20250724_ATH@HOU,2025-07-24,HOU,ATH,2,5,0.0,0.5319713950157166,0.5271,HOU,ATH,0
20250724_BAL@CLE,2025-07-24,CLE,BAL,3,4,0.0,0.5319713950157166,0.5271,CLE,BAL,0
20250724_SD@STL,2025-07-24,STL,SD,9,7,1.0,0.5319713950157166,0.5271,STL,STL,1
20250724_SEA@LAA,2025-07-24,LAA,SEA,2,4,0.0,0.5200873613357544,0.5094,LAA,SEA,0
20250724_TOR@DET,2025-07-24,DET,TOR,4,11,0.0,0.5319713950157166,0.5271,DET,TOR,0
20250723_ATH@TEX,2025-07-23,TEX,ATH,2,1,1.0,0.5319713950157166,0.5271,TEX,TEX,1
20250723_BAL@CLE,2025-07-23,CLE,BAL,3,2,1.0,0.5319713950157166,0.5271,CLE,CLE,1
20250723_BOS@PHI,2025-07-23,PHI,BOS,8,9,0.0,0.5319713950157166,0.5271,PHI,BOS,0
20250723_CIN@WSH,2025-07-23,WSH,CIN,0,5,0.0,0.5285557508468628,0.522,WSH,CIN,0
20250723_CWS@TB,2025-07-23,TB,CWS,9,11,0.0,0.5319713950157166,0.5271,TB,CWS,0
20250723_DET@PIT,2025-07-23,PIT,DET,6,1,1.0,0.5319713950157166,0.5271,PIT,PIT,1
20250723_HOU@AZ,2025-07-23,AZ,HOU,3,4,0.0,0.5319713950157166,0.5271,AZ,HOU,0
20250723_KC@CHC,2025-07-23,CHC,KC,4,8,0.0,0.5319713950157166,0.5271,CHC,KC,0
20250723_LAA@NYM,2025-07-23,NYM,LAA,6,3,1.0,0.5319713950157166,0.5271,NYM,NYM,1
20250723_MIL@SEA,2025-07-23,SEA,MIL,2,10,0.0,0.5319713950157166,0.5271,SEA,MIL,0
20250723_MIN@LAD,2025-07-23,LAD,MIN,4,3,1.0,0.5319713950157166,0.5271,LAD,LAD,1
20250723_NYY@TOR,2025-07-23,TOR,NYY,8,4,1.0,0.5319713950157166,0.5271,TOR,TOR,1
20250723_SD@MIA,2025-07-23,MIA,SD,3,2,1.0,0.5285557508468628,0.522,MIA,MIA,1
20250723_SF@ATL,2025-07-23,ATL,SF,3,9,0.0,0.5319713950157166,0.5271,ATL,SF,0
20250723_STL@COL,2025-07-23,COL,STL,6,0,1.0,0.5285557508468628,0.522,COL,COL,1
20250722_ATH@TEX,2025-07-22,TEX,ATH,6,2,1.0,0.5448818206787109,0.5464,TEX,TEX,1
20250722_BAL@CLE,2025-07-22,CLE,BAL,6,3,1.0,0.5319713950157166,0.5271,CLE,CLE,1
20250722_BOS@PHI,2025-07-22,PHI,BOS,4,1,1.0,0.5319713950157166,0.5271,PHI,PHI,1
20250722_CIN@WSH,2025-07-22,WSH,CIN,6,1,1.0,0.5134528279304504,0.5,WSH,WSH,1
20250722_CWS@TB,2025-07-22,TB,CWS,4,3,1.0,0.5319713950157166,0.5271,TB,TB,1
20250722_DET@PIT,2025-07-22,PIT,DET,8,5,1.0,0.5319713950157166,0.5271,PIT,PIT,1
20250722_HOU@AZ,2025-07-22,AZ,HOU,1,3,0.0,0.5319713950157166,0.5271,AZ,HOU,0
20250722_KC@CHC,2025-07-22,CHC,KC,6,0,1.0,0.5448818206787109,0.5464,CHC,CHC,1
20250722_LAA@NYM,2025-07-22,NYM,LAA,3,2,1.0,0.5448818206787109,0.5464,NYM,NYM,1
20250722_MIL@SEA,2025-07-22,SEA,MIL,1,0,1.0,0.5319713950157166,0.5271,SEA,SEA,1
20250722_MIN@LAD,2025-07-22,LAD,MIN,7,10,0.0,0.5319713950157166,0.5271,LAD,MIN,0
20250722_NYY@TOR,2025-07-22,TOR,NYY,4,5,0.0,0.5319713950157166,0.5271,TOR,NYY,0
20250722_SD@MIA,2025-07-22,MIA,SD,4,3,1.0,0.5200873613357544,0.5094,MIA,MIA,1
20250722_SF@ATL,2025-07-22,ATL,SF,0,9,0.0,0.5319713950157166,0.5271,ATL,SF,0
20250722_STL@COL,2025-07-22,COL,STL,8,4,1.0,0.5285557508468628,0.522,COL,COL,1
20250721_ATH@TEX,2025-07-21,TEX,ATH,7,2,1.0,0.5231398344039917,0.5144,TEX,TEX,1
20250721_BAL@CLE,2025-07-21,CLE,BAL,10,5,1.0,0.5442906618118286,0.5459,CLE,CLE,1
20250721_BOS@PHI,2025-07-21,PHI,BOS,3,2,1.0,0.5464431047439575,0.5491,PHI,PHI,1
20250721_CIN@WSH,2025-07-21,WSH,CIN,10,8,1.0,0.5060413479804993,0.5,WSH,WSH,1
20250721_CWS@TB,2025-07-21,TB,CWS,3,8,0.0,0.5412805676460266,0.5414,TB,CWS,0
20250721_DET@PIT,2025-07-21,PIT,DET,3,0,1.0,0.5442906618118286,0.5459,PIT,PIT,1
20250721_HOU@AZ,2025-07-21,AZ,HOU,3,6,0.0,0.5412805676460266,0.5414,AZ,HOU,0
20250721_KC@CHC,2025-07-21,CHC,KC,4,12,0.0,0.5412805676460266,0.5414,CHC,KC,0
20250721_LAA@NYM,2025-07-21,NYM,LAA,7,5,1.0,0.5231398344039917,0.5144,NYM,NYM,1
20250721_MIL@SEA,2025-07-21,SEA,MIL,0,6,0.0,0.5316606163978577,0.5271,SEA,MIL,0
20250721_MIN@LAD,2025-07-21,LAD,MIN,5,2,1.0,0.5327810049057007,0.5288,LAD,LAD,1
20250721_NYY@TOR,2025-07-21,TOR,NYY,4,1,1.0,0.5412805676460266,0.5414,TOR,TOR,1
20250721_SD@MIA,2025-07-21,MIA,SD,1,2,0.0,0.5114343166351318,0.5,MIA,SD,0
20250721_SF@ATL,2025-07-21,ATL,SF,9,5,1.0,0.5327810049057007,0.5288,ATL,ATL,1
20250721_STL@COL,2025-07-21,COL,STL,2,6,0.0,0.5114343166351318,0.5,COL,STL,0
20250720_ATH@CLE,2025-07-20,CLE,ATH,8,2,1.0,0.5442906618118286,0.5459,CLE,CLE,1
20250720_BAL@TB,2025-07-20,TB,BAL,3,5,0.0,0.5412805676460266,0.5414,TB,BAL,0
20250720_BOS@CHC,2025-07-20,CHC,BOS,1,6,0.0,0.5327810049057007,0.5288,CHC,BOS,0
20250720_CIN@NYM,2025-07-20,NYM,CIN,3,2,1.0,0.5231398344039917,0.5144,NYM,NYM,1
20250720_CWS@PIT,2025-07-20,PIT,CWS,2,7,0.0,0.5231398344039917,0.5144,PIT,CWS,0
20250720_DET@TEX,2025-07-20,TEX,DET,1,2,0.0,0.5231398344039917,0.5144,TEX,DET,0
20250720_HOU@SEA,2025-07-20,SEA,HOU,3,11,0.0,0.5412805676460266,0.5414,SEA,HOU,0
20250720_KC@MIA,2025-07-20,MIA,KC,4,7,0.0,0.5403091907501221,0.54,MIA,KC,0
20250720_LAA@PHI,2025-07-20,PHI,LAA,2,8,0.0,0.5316606163978577,0.5271,PHI,LAA,0
20250720_MIL@LAD,2025-07-20,LAD,MIL,5,6,0.0,0.5442906618118286,0.5459,LAD,MIL,0
20250720_MIN@COL,2025-07-20,COL,MIN,1,7,0.0,0.5060413479804993,0.5,COL,MIN,0
20250720_NYY@ATL,2025-07-20,ATL,NYY,2,4,0.0,0.5231398344039917,0.5144,ATL,NYY,0
20250720_SD@WSH,2025-07-20,WSH,SD,1,8,0.0,0.5060413479804993,0.5,WSH,SD,0
20250720_SF@TOR,2025-07-20,TOR,SF,8,6,1.0,0.5412805676460266,0.5414,TOR,TOR,1
20250720_STL@AZ,2025-07-20,AZ,STL,5,3,1.0,0.5549017190933228,0.5617,AZ,AZ,1
20250719_ATH@CLE,2025-07-19,CLE,ATH,2,8,0.0,0.5442906618118286,0.5459,CLE,ATH,0
20250719_BAL@TB,2025-07-19,TB,BAL,4,3,1.0,0.5549017190933228,0.5617,TB,TB,1
20250719_BOS@CHC,2025-07-19,CHC,BOS,6,0,1.0,0.5464431047439575,0.5491,CHC,CHC,1
20250719_CIN@NYM,2025-07-19,NYM,CIN,2,5,0.0,0.5316606163978577,0.5271,NYM,CIN,0
20250719_CWS@PIT,2025-07-19,PIT,CWS,4,10,0.0,0.5527566075325012,0.5586,PIT,CWS,0
20250719_DET@TEX,2025-07-19,TEX,DET,4,1,1.0,0.5316606163978577,0.5271,TEX,TEX,1
20250719_HOU@SEA,2025-07-19,SEA,HOU,7,6,1.0,0.5412805676460266,0.5414,SEA,SEA,1
20250719_KC@MIA,2025-07-19,MIA,KC,3,1,1.0,0.5114343166351318,0.5,MIA,MIA,1
20250719_LAA@PHI,2025-07-19,PHI,LAA,9,5,1.0,0.5327810049057007,0.5288,PHI,PHI,1
20250719_MIL@LAD,2025-07-19,LAD,MIL,7,8,0.0,0.5527566075325012,0.5586,LAD,MIL,0
20250719_MIN@COL,2025-07-19,COL,MIN,10,6,1.0,0.4657850563526153,0.4691,MIN,COL,0
20250719_NYY@ATL,2025-07-19,ATL,NYY,9,12,0.0,0.5231398344039917,0.5144,ATL,NYY,0
20250719_SD@WSH,2025-07-19,WSH,SD,4,2,1.0,0.5114343166351318,0.5,WSH,WSH,1
20250719_SF@TOR,2025-07-19,TOR,SF,6,3,1.0,0.5412805676460266,0.5414,TOR,TOR,1
20250719_STL@AZ,2025-07-19,AZ,STL,10,1,1.0,0.5412805676460266,0.5414,AZ,AZ,1
20250718_ATH@CLE,2025-07-18,CLE,ATH,8,6,1.0,0.5442906618118286,0.5459,CLE,CLE,1
20250718_BAL@TB,2025-07-18,TB,BAL,11,1,1.0,0.5412805676460266,0.5414,TB,TB,1
20250718_BOS@CHC,2025-07-18,CHC,BOS,4,1,1.0,0.5412805676460266,0.5414,CHC,CHC,1
20250718_CIN@NYM,2025-07-18,NYM,CIN,4,8,0.0,0.5327810049057007,0.5288,NYM,CIN,0
20250718_CWS@PIT,2025-07-18,PIT,CWS,1,10,0.0,0.580517053604126,0.5997,PIT,CWS,0
20250718_DET@TEX,2025-07-18,TEX,DET,2,0,1.0,0.5231398344039917,0.5144,TEX,TEX,1
20250718_HOU@SEA,2025-07-18,SEA,HOU,6,1,1.0,0.5412805676460266,0.5414,SEA,SEA,1
20250718_KC@MIA,2025-07-18,MIA,KC,8,7,1.0,0.5060413479804993,0.5,MIA,MIA,1
20250718_LAA@PHI,2025-07-18,PHI,LAA,5,6,0.0,0.5412805676460266,0.5414,PHI,LAA,0
20250718_MIL@LAD,2025-07-18,LAD,MIL,0,2,0.0,0.5527566075325012,0.5586,LAD,MIL,0
20250718_MIN@COL,2025-07-18,COL,MIN,6,4,1.0,0.5114343166351318,0.5,COL,COL,1
20250718_NYY@ATL,2025-07-18,ATL,NYY,7,3,1.0,0.5231398344039917,0.5144,ATL,ATL,1
20250718_SD@WSH,2025-07-18,WSH,SD,2,7,0.0,0.5060413479804993,0.5,WSH,SD,0
20250718_SF@TOR,2025-07-18,TOR,SF,4,0,1.0,0.5412805676460266,0.5414,TOR,TOR,1
20250718_STL@AZ,2025-07-18,AZ,STL,7,3,1.0,0.5549017190933228,0.5617,AZ,AZ,1
20250713_ATL@STL,2025-07-13,STL,ATL,5,4,1.0,0.5412805676460266,0.5414,STL,STL,1
20250713_AZ@LAA,2025-07-13,LAA,AZ,1,5,0.0,0.5060413479804993,0.5,LAA,AZ,0
20250713_CHC@NYY,2025-07-13,NYY,CHC,1,4,0.0,0.5549017190933228,0.5617,NYY,CHC,0
20250713_CLE@CWS,2025-07-13,CWS,CLE,5,6,0.0,0.5114343166351318,0.5,CWS,CLE,0
20250713_COL@CIN,2025-07-13,CIN,COL,4,2,1.0,0.542458176612854,0.5432,CIN,CIN,1
20250713_LAD@SF,2025-07-13,SF,LAD,2,5,0.0,0.5231398344039917,0.5144,SF,LAD,0
20250713_MIA@BAL,2025-07-13,BAL,MIA,1,11,0.0,0.5412805676460266,0.5414,BAL,MIA,0
20250713_NYM@KC,2025-07-13,KC,NYM,3,2,1.0,0.5316606163978577,0.5271,KC,KC,1
20250713_PHI@SD,2025-07-13,SD,PHI,1,2,0.0,0.5442906618118286,0.5459,SD,PHI,0
20250713_PIT@MIN,2025-07-13,MIN,PIT,1,2,0.0,0.5549017190933228,0.5617,MIN,PIT,0
20250713_SEA@DET,2025-07-13,DET,SEA,4,8,0.0,0.5412805676460266,0.5414,DET,SEA,0
20250713_TB@BOS,2025-07-13,BOS,TB,4,1,1.0,0.5100927948951721,0.5,BOS,BOS,1
20250713_TEX@HOU,2025-07-13,HOU,TEX,1,5,0.0,0.5327810049057007,0.5288,HOU,TEX,0
20250713_TOR@ATH,2025-07-13,ATH,TOR,6,3,1.0,0.5114343166351318,0.5,ATH,ATH,1
20250713_WSH@MIL,2025-07-13,MIL,WSH,8,1,1.0,0.5549017190933228,0.5617,MIL,MIL,1
20250712_ATL@STL,2025-07-12,STL,ATL,6,7,0.0,0.5327810049057007,0.5288,STL,ATL,0
20250712_AZ@LAA,2025-07-12,LAA,AZ,10,5,1.0,0.5403091907501221,0.54,LAA,LAA,1
20250712_CHC@NYY,2025-07-12,NYY,CHC,2,5,0.0,0.5412805676460266,0.5414,NYY,CHC,0
20250712_CLE@CWS,2025-07-12,CWS,CLE,2,6,0.0,0.5060413479804993,0.5,CWS,CLE,0
20250712_COL@CIN,2025-07-12,CIN,COL,4,3,1.0,0.542458176612854,0.5432,CIN,CIN,1
20250712_LAD@SF,2025-07-12,SF,LAD,1,2,0.0,0.5316606163978577,0.5271,SF,LAD,0
20250712_MIA@BAL,2025-07-12,BAL,MIA,0,6,0.0,0.5412805676460266,0.5414,BAL,MIA,0
20250712_NYM@KC,2025-07-12,KC,NYM,1,3,0.0,0.5316606163978577,0.5271,KC,NYM,0
20250712_PHI@SD,2025-07-12,SD,PHI,5,4,1.0,0.5442906618118286,0.5459,SD,SD,1
20250712_PIT@MIN,2025-07-12,MIN,PIT,12,4,1.0,0.5412805676460266,0.5414,MIN,MIN,1
20250712_SEA@DET,2025-07-12,DET,SEA,7,15,0.0,0.5412805676460266,0.5414,DET,SEA,0
20250712_TB@BOS,2025-07-12,BOS,TB,1,0,1.0,0.5269156694412231,0.52,BOS,BOS,1
20250712_TEX@HOU,2025-07-12,HOU,TEX,5,4,1.0,0.5412805676460266,0.5414,HOU,HOU,1
20250712_TOR@ATH,2025-07-12,ATH,TOR,4,3,1.0,0.5060413479804993,0.5,ATH,ATH,1
20250712_WSH@MIL,2025-07-12,MIL,WSH,6,5,1.0,0.5549017190933228,0.5617,MIL,MIL,1
20250711_ATL@STL,2025-07-11,STL,ATL,5,6,0.0,0.5412805676460266,0.5414,STL,ATL,0
20250711_AZ@LAA,2025-07-11,LAA,AZ,6,5,1.0,0.5060413479804993,0.5,LAA,LAA,1
20250711_CHC@NYY,2025-07-11,NYY,CHC,11,0,1.0,0.5549017190933228,0.5617,NYY,NYY,1
20250711_CLE@CWS,2025-07-11,CWS,CLE,2,4,0.0,0.5060413479804993,0.5,CWS,CLE,0
20250711_CLE@CWS_2,2025-07-11,CWS,CLE,5,4,1.0,0.5060413479804993,0.5,CWS,CWS,1
20250711_COL@CIN,2025-07-11,CIN,COL,2,3,0.0,0.542458176612854,0.5432,CIN,COL,0
20250711_LAD@SF,2025-07-11,SF,LAD,8,7,1.0,0.5316606163978577,0.5271,SF,SF,1
20250711_MIA@BAL,2025-07-11,BAL,MIA,5,2,1.0,0.5412805676460266,0.5414,BAL,BAL,1
20250711_NYM@KC,2025-07-11,KC,NYM,3,8,0.0,0.5231398344039917,0.5144,KC,NYM,0
20250711_PHI@SD,2025-07-11,SD,PHI,4,2,1.0,0.5442906618118286,0.5459,SD,SD,1
20250711_PIT@MIN,2025-07-11,MIN,PIT,2,1,1.0,0.5412805676460266,0.5414,MIN,MIN,1
20250711_SEA@DET,2025-07-11,DET,SEA,3,12,0.0,0.5412805676460266,0.5414,DET,SEA,0
20250711_TB@BOS,2025-07-11,BOS,TB,5,4,1.0,0.5295048952102661,0.5239,BOS,BOS,1
20250711_TEX@HOU,2025-07-11,HOU,TEX,3,7,0.0,0.5549017190933228,0.5617,HOU,TEX,0
20250711_TOR@ATH,2025-07-11,ATH,TOR,6,7,0.0,0.5114343166351318,0.5,ATH,TOR,0
20250711_WSH@MIL,2025-07-11,MIL,WSH,8,3,1.0,0.5549017190933228,0.5617,MIL,MIL,1
20250710_ATL@ATH,2025-07-10,ATH,ATL,5,4,1.0,0.4973212480545044,0.5,ATL,ATH,0
20250710_AZ@SD,2025-07-10,SD,AZ,4,3,1.0,0.5176379680633545,0.5073,SD,SD,1
20250710_CHC@MIN,2025-07-10,MIN,CHC,1,8,0.0,0.5082017779350281,0.5,MIN,CHC,0
20250710_MIA@CIN,2025-07-10,CIN,MIA,6,0,1.0,0.4972677826881408,0.5,MIA,CIN,0
20250710_NYM@BAL,2025-07-10,BAL,NYM,3,1,1.0,0.5202825665473938,0.5112,BAL,BAL,1
20250710_NYM@BAL_2,2025-07-10,BAL,NYM,7,3,1.0,0.4932068586349487,0.5,NYM,BAL,0
20250710_SEA@NYY,2025-07-10,NYY,SEA,6,5,1.0,0.4899551272392273,0.5,SEA,NYY,0
20250710_TB@BOS,2025-07-10,BOS,TB,4,3,1.0,0.4872595667839051,0.4999,TB,BOS,0
20250710_TEX@LAA,2025-07-10,LAA,TEX,4,11,0.0,0.4770761728286743,0.485,TEX,TEX,1
20250710_WSH@STL,2025-07-10,STL,WSH,8,1,1.0,0.5813286900520325,0.6002,STL,STL,1
20250709_ATL@ATH,2025-07-09,ATH,ATL,2,9,0.0,0.5131523609161377,0.5007,ATH,ATL,0
20250709_AZ@SD,2025-07-09,SD,AZ,2,8,0.0,0.5403956174850464,0.5406,SD,AZ,0
20250709_CHC@MIN,2025-07-09,MIN,CHC,4,2,1.0,0.4581413269042968,0.4572,CHC,MIN,0
20250709_CLE@HOU,2025-07-09,HOU,CLE,2,4,0.0,0.5904556512832642,0.6134,HOU,CLE,0
20250709_COL@BOS,2025-07-09,BOS,COL,10,2,1.0,0.6204779744148254,0.656,BOS,BOS,1
20250709_LAD@MIL,2025-07-09,MIL,LAD,3,2,1.0,0.4411907196044922,0.4325,LAD,MIL,0
20250709_MIA@CIN,2025-07-09,CIN,MIA,7,2,1.0,0.4208504259586334,0.4029,MIA,CIN,0
20250709_PHI@SF,2025-07-09,SF,PHI,0,13,0.0,0.5004193186759949,0.5,SF,PHI,0
20250709_PIT@KC,2025-07-09,KC,PIT,4,3,1.0,0.5486747622489929,0.5528,KC,KC,1
20250709_SEA@NYY,2025-07-09,NYY,SEA,9,6,1.0,0.5565816760063171,0.5643,NYY,NYY,1
20250709_TB@DET,2025-07-09,DET,TB,3,7,0.0,0.5407018661499023,0.5411,DET,TB,0
20250709_TEX@LAA,2025-07-09,LAA,TEX,11,8,1.0,0.49012804031372076,0.5,TEX,LAA,0
20250709_TOR@CWS,2025-07-09,CWS,TOR,2,1,1.0,0.4618789851665497,0.4627,TOR,CWS,0
20250709_WSH@STL,2025-07-09,STL,WSH,2,8,0.0,0.5992043614387512,0.6259,STL,WSH,0
20250708_ATL@ATH,2025-07-08,ATH,ATL,10,1,1.0,0.5077618360519409,0.5,ATH,ATH,1
20250708_AZ@SD,2025-07-08,SD,AZ,1,0,1.0,0.5161899328231812,0.5052,SD,SD,1
20250708_CHC@MIN,2025-07-08,MIN,CHC,8,1,1.0,0.4785951972007752,0.4872,CHC,MIN,0
20250708_CLE@HOU,2025-07-08,HOU,CLE,6,10,0.0,0.5791242718696594,0.597,HOU,CLE,0
20250708_COL@BOS,2025-07-08,BOS,COL,10,2,1.0,0.6952692270278931,0.7565,BOS,BOS,1
20250708_LAD@MIL,2025-07-08,MIL,LAD,3,1,1.0,0.5538786053657532,0.5604,MIL,MIL,1
20250708_MIA@CIN,2025-07-08,CIN,MIA,2,12,0.0,0.4395407140254975,0.4301,MIA,MIA,1
20250708_NYM@BAL,2025-07-08,BAL,NYM,6,7,0.0,0.5152081847190857,0.5037,BAL,NYM,0
20250708_PHI@SF,2025-07-08,SF,PHI,4,3,1.0,0.5153636932373047,0.504,SF,SF,1
20250708_PIT@KC,2025-07-08,KC,PIT,4,3,1.0,0.4769725501537323,0.4848,PIT,KC,0
20250708_SEA@NYY,2025-07-08,NYY,SEA,10,3,1.0,0.5344038605690002,0.5319,NYY,NYY,1
20250708_TB@DET,2025-07-08,DET,TB,4,2,1.0,0.5330881476402283,0.5299,DET,DET,1
20250708_TEX@LAA,2025-07-08,LAA,TEX,1,13,0.0,0.5286344885826111,0.5234,LAA,TEX,0
20250708_TOR@CWS,2025-07-08,CWS,TOR,1,6,0.0,0.44858771562576294,0.4432,TOR,TOR,1
20250708_WSH@STL,2025-07-08,STL,WSH,4,2,1.0,0.6659421324729919,0.7183,STL,STL,1
20250707_AZ@SD,2025-07-07,SD,AZ,3,6,0.0,0.5161899328231812,0.5052,SD,AZ,0
20250707_CLE@HOU,2025-07-07,HOU,CLE,5,7,0.0,0.6029402613639832,0.6312,HOU,CLE,0
20250707_COL@BOS,2025-07-07,BOS,COL,9,3,1.0,0.665905773639679,0.7182,BOS,BOS,1
20250707_LAD@MIL,2025-07-07,MIL,LAD,9,1,1.0,0.5119019746780396,0.5,MIL,MIL,1
20250707_MIA@CIN,2025-07-07,CIN,MIA,1,5,0.0,0.4682056307792664,0.472,MIA,MIA,1
20250707_PHI@SF,2025-07-07,SF,PHI,3,1,1.0,0.49789685010910034,0.5,PHI,SF,0
20250707_PIT@KC,2025-07-07,KC,PIT,9,3,1.0,0.5603609085083008,0.5698,KC,KC,1
20250707_TB@DET,2025-07-07,DET,TB,5,1,1.0,0.5262648463249207,0.5199,DET,DET,1
20250707_TEX@LAA,2025-07-07,LAA,TEX,6,5,1.0,0.5191118717193604,0.5095,LAA,LAA,1
20250707_TOR@CWS,2025-07-07,CWS,TOR,4,8,0.0,0.5319658517837524,0.5283,CWS,TOR,0
20250706_BAL@ATL,2025-07-06,ATL,BAL,1,2,0.0,0.48246893286705017,0.4929,BAL,BAL,1
20250706_BOS@WSH,2025-07-06,WSH,BOS,4,6,0.0,0.4271642863750458,0.4121,BOS,BOS,1
20250706_CIN@PHI,2025-07-06,PHI,CIN,3,1,1.0,0.5902281999588013,0.613,PHI,PHI,1
20250706_CWS@COL,2025-07-06,COL,CWS,6,4,1.0,0.5608856678009033,0.5706,COL,COL,1
20250706_DET@CLE,2025-07-06,CLE,DET,2,7,0.0,0.45857760310173035,0.4579,DET,DET,1
20250706_HOU@LAD,2025-07-06,LAD,HOU,1,5,0.0,0.6076152324676514,0.6379,LAD,HOU,0
20250706_KC@AZ,2025-07-06,AZ,KC,0,4,0.0,0.5299732089042664,0.5254,AZ,KC,0
20250706_LAA@TOR,2025-07-06,TOR,LAA,3,2,1.0,0.6026670932769775,0.6308,TOR,TOR,1
20250706_MIL@MIA,2025-07-06,MIA,MIL,1,3,0.0,0.4520486891269684,0.4483,MIL,MIL,1
20250706_NYY@NYM,2025-07-06,NYM,NYY,4,6,0.0,0.5583676695823669,0.5669,NYM,NYY,0
20250706_PIT@SEA,2025-07-06,SEA,PIT,1,0,1.0,0.5998886823654175,0.6269,SEA,SEA,1
20250706_SF@ATH,2025-07-06,ATH,SF,2,6,0.0,0.4387885332107544,0.429,SF,SF,1
20250706_STL@CHC,2025-07-06,CHC,STL,11,0,1.0,0.6325988173484802,0.6729,CHC,CHC,1
20250706_TB@MIN,2025-07-06,MIN,TB,5,7,0.0,0.4515734910964965,0.4476,TB,TB,1
20250706_TEX@SD,2025-07-06,SD,TEX,4,1,1.0,0.5626081228256227,0.5731,SD,SD,1
20250705_BAL@ATL,2025-07-05,ATL,BAL,6,9,0.0,0.4501384794712067,0.4455,BAL,BAL,1
20250705_BOS@WSH,2025-07-05,WSH,BOS,3,10,0.0,0.4687169194221496,0.4727,BOS,BOS,1
20250705_CIN@PHI,2025-07-05,PHI,CIN,5,1,1.0,0.5326403379440308,0.5293,PHI,PHI,1
20250705_CWS@COL,2025-07-05,COL,CWS,3,10,0.0,0.569837749004364,0.5836,COL,CWS,0
20250705_DET@CLE,2025-07-05,CLE,DET,0,1,0.0,0.4628121852874756,0.4641,DET,DET,1
20250705_HOU@LAD,2025-07-05,LAD,HOU,4,6,0.0,0.6212683916091919,0.6571,LAD,HOU,0
20250705_KC@AZ,2025-07-05,AZ,KC,7,1,1.0,0.5391196012496948,0.5388,AZ,AZ,1
20250705_LAA@TOR,2025-07-05,TOR,LAA,4,3,1.0,0.5789191722869873,0.5967,TOR,TOR,1
20250705_MIL@MIA,2025-07-05,MIA,MIL,4,2,1.0,0.4615103602409362,0.4621,MIL,MIA,0
20250705_NYY@NYM,2025-07-05,NYM,NYY,12,6,1.0,0.5336557030677795,0.5308,NYM,NYM,1
20250705_PIT@SEA,2025-07-05,SEA,PIT,1,0,1.0,0.6103020906448364,0.6417,SEA,SEA,1
20250705_SF@ATH,2025-07-05,ATH,SF,2,7,0.0,0.4718333482742309,0.4773,SF,SF,1
20250705_STL@CHC,2025-07-05,CHC,STL,6,8,0.0,0.6304839849472046,0.67,CHC,STL,0
20250705_TB@MIN,2025-07-05,MIN,TB,6,5,1.0,0.4843662977218628,0.4956,TB,MIN,0
20250705_TEX@SD,2025-07-05,SD,TEX,4,7,0.0,0.5725961327552795,0.5876,SD,TEX,0
20250704_BAL@ATL,2025-07-04,ATL,BAL,2,3,0.0,0.5228419303894043,0.5149,ATL,BAL,0
20250704_BOS@WSH,2025-07-04,WSH,BOS,2,11,0.0,0.49130082130432134,0.5,BOS,BOS,1
20250704_CIN@PHI,2025-07-04,PHI,CIN,6,9,0.0,0.5912262797355652,0.6145,PHI,CIN,0
20250704_CWS@COL,2025-07-04,COL,CWS,2,3,0.0,0.5701033473014832,0.584,COL,CWS,0
20250704_DET@CLE,2025-07-04,CLE,DET,1,2,0.0,0.5037028193473816,0.5,CLE,DET,0
20250704_HOU@LAD,2025-07-04,LAD,HOU,1,18,0.0,0.5456723570823669,0.5484,LAD,HOU,0
20250704_KC@AZ,2025-07-04,AZ,KC,3,9,0.0,0.5141408443450928,0.5022,AZ,KC,0
20250704_LAA@TOR,2025-07-04,TOR,LAA,4,3,1.0,0.5960522294044494,0.6214,TOR,TOR,1
20250704_MIL@MIA,2025-07-04,MIA,MIL,5,6,0.0,0.4350278079509735,0.4235,MIL,MIL,1
20250704_NYY@NYM,2025-07-04,NYM,NYY,6,5,1.0,0.5490877628326416,0.5534,NYM,NYM,1
20250704_PIT@SEA,2025-07-04,SEA,PIT,6,0,1.0,0.6493864059448242,0.696,SEA,SEA,1
20250704_SF@ATH,2025-07-04,ATH,SF,11,2,1.0,0.4758001565933227,0.4831,SF,ATH,0
20250704_STL@CHC,2025-07-04,CHC,STL,11,3,1.0,0.6633116602897644,0.7148,CHC,CHC,1
20250704_TB@MIN,2025-07-04,MIN,TB,4,3,1.0,0.5124704837799072,0.5,MIN,MIN,1
20250704_TEX@SD,2025-07-04,SD,TEX,3,2,1.0,0.5748484134674072,0.5909,SD,SD,1
20250703_CLE@CHC,2025-07-03,CHC,CLE,1,0,1.0,0.5545904040336609,0.5595,CHC,CHC,1
20250703_CWS@LAD,2025-07-03,LAD,CWS,6,2,1.0,0.5387425422668457,0.536,LAD,LAD,1
20250703_DET@WSH,2025-07-03,WSH,DET,11,7,1.0,0.5121433138847351,0.5,WSH,WSH,1
20250703_HOU@COL,2025-07-03,COL,HOU,7,6,1.0,0.4947173893451691,0.5,HOU,COL,0
20250703_KC@SEA,2025-07-03,SEA,KC,2,3,0.0,0.5545904040336609,0.5595,SEA,KC,0
20250703_LAA@ATL,2025-07-03,ATL,LAA,1,5,0.0,0.5335098505020142,0.5282,ATL,LAA,0
20250703_MIL@NYM,2025-07-03,NYM,MIL,3,2,1.0,0.5221461057662964,0.5112,NYM,NYM,1
20250703_MIN@MIA,2025-07-03,MIA,MIN,4,1,1.0,0.4997355043888092,0.5,MIN,MIA,0
20250703_NYY@TOR,2025-07-03,TOR,NYY,8,5,1.0,0.5387425422668457,0.536,TOR,TOR,1
20250703_SF@AZ,2025-07-03,AZ,SF,2,7,0.0,0.5387425422668457,0.536,AZ,SF,0
20250702_ATH@TB,2025-07-02,TB,ATH,6,5,1.0,0.5387425422668457,0.536,TB,TB,1
20250702_BAL@TEX,2025-07-02,TEX,BAL,6,0,1.0,0.5335098505020142,0.5282,TEX,TEX,1
20250702_CIN@BOS,2025-07-02,BOS,CIN,4,8,0.0,0.5121433138847351,0.5,BOS,CIN,0
20250702_CLE@CHC,2025-07-02,CHC,CLE,5,4,1.0,0.5387425422668457,0.536,CHC,CHC,1
20250702_CWS@LAD,2025-07-02,LAD,CWS,5,4,1.0,0.5387425422668457,0.536,LAD,LAD,1
20250702_DET@WSH,2025-07-02,WSH,DET,9,4,1.0,0.5121433138847351,0.5,WSH,WSH,1
20250702_DET@WSH_2,2025-07-02,WSH,DET,2,11,0.0,0.5121433138847351,0.5,WSH,DET,0
20250702_HOU@COL,2025-07-02,COL,HOU,3,5,0.0,0.4947173893451691,0.5,HOU,HOU,1
20250702_KC@SEA,2025-07-02,SEA,KC,3,2,1.0,0.561032235622406,0.5691,SEA,SEA,1
20250702_LAA@ATL,2025-07-02,ATL,LAA,8,3,1.0,0.5335098505020142,0.5282,ATL,ATL,1
20250702_MIL@NYM,2025-07-02,NYM,MIL,7,3,1.0,0.5380752086639404,0.535,NYM,NYM,1
20250702_MIL@NYM_2,2025-07-02,NYM,MIL,2,7,0.0,0.5380752086639404,0.535,NYM,MIL,0
20250702_MIN@MIA,2025-07-02,MIA,MIN,1,2,0.0,0.4997355043888092,0.5,MIN,MIN,1
20250702_NYY@TOR,2025-07-02,TOR,NYY,11,9,1.0,0.5387425422668457,0.536,TOR,TOR,1
20250702_SD@PHI,2025-07-02,PHI,SD,5,1,1.0,0.5545904040336609,0.5595,PHI,PHI,1
20250702_SD@PHI_2,2025-07-02,PHI,SD,4,6,0.0,0.5387425422668457,0.536,PHI,SD,0
20250702_SF@AZ,2025-07-02,AZ,SF,5,6,0.0,0.5387425422668457,0.536,AZ,SF,0
20250702_STL@PIT,2025-07-02,PIT,STL,5,0,1.0,0.5212455987930298,0.5099,PIT,PIT,1
20250701_ATH@TB,2025-07-01,TB,ATH,3,4,0.0,0.5387425422668457,0.536,TB,ATH,0
20250701_BAL@TEX,2025-07-01,TEX,BAL,10,2,1.0,0.5493870973587036,0.5518,TEX,TEX,1
20250701_CIN@BOS,2025-07-01,BOS,CIN,5,3,1.0,0.5121433138847351,0.5,BOS,BOS,1
20250701_CLE@CHC,2025-07-01,CHC,CLE,5,2,1.0,0.5387425422668457,0.536,CHC,CHC,1
20250701_CWS@LAD,2025-07-01,LAD,CWS,6,1,1.0,0.5387425422668457,0.536,LAD,LAD,1
20250701_HOU@COL,2025-07-01,COL,HOU,5,6,0.0,0.4823142886161804,0.4954,HOU,HOU,1
20250701_KC@SEA,2025-07-01,SEA,KC,3,6,0.0,0.5387425422668457,0.536,SEA,KC,0
20250701_LAA@ATL,2025-07-01,ATL,LAA,0,4,0.0,0.5335098505020142,0.5282,ATL,LAA,0
20250701_MIN@MIA,2025-07-01,MIA,MIN,2,0,1.0,0.5121433138847351,0.5,MIA,MIA,1
20250701_NYY@TOR,2025-07-01,TOR,NYY,12,5,1.0,0.5387425422668457,0.536,TOR,TOR,1
20250701_SF@AZ,2025-07-01,AZ,SF,8,2,1.0,0.5387425422668457,0.536,AZ,AZ,1
20250701_STL@PIT,2025-07-01,PIT,STL,1,0,1.0,0.5212455987930298,0.5099,PIT,PIT,1
20250630_ATH@TB,2025-06-30,TB,ATH,4,6,0.0,0.5387425422668457,0.536,TB,ATH,0
20250630_BAL@TEX,2025-06-30,TEX,BAL,6,10,0.0,0.5335098505020142,0.5282,TEX,BAL,0
20250630_CIN@BOS,2025-06-30,BOS,CIN,13,6,1.0,0.4997355043888092,0.5,CIN,BOS,0
20250630_KC@SEA,2025-06-30,SEA,KC,6,2,1.0,0.5545904040336609,0.5595,SEA,SEA,1
20250630_NYY@TOR,2025-06-30,TOR,NYY,5,4,1.0,0.5387425422668457,0.536,TOR,TOR,1
20250630_SD@PHI,2025-06-30,PHI,SD,4,0,1.0,0.5387425422668457,0.536,PHI,PHI,1
20250630_SF@AZ,2025-06-30,AZ,SF,4,2,1.0,0.5387425422668457,0.536,AZ,AZ,1
20250630_STL@PIT,2025-06-30,PIT,STL,7,0,1.0,0.5212455987930298,0.5099,PIT,PIT,1
20250629_ATH@NYY,2025-06-29,NYY,ATH,12,5,1.0,0.5387425422668457,0.536,NYY,NYY,1
20250629_CHC@HOU,2025-06-29,HOU,CHC,2,0,1.0,0.5387425422668457,0.536,HOU,HOU,1
20250629_COL@MIL,2025-06-29,MIL,COL,3,4,0.0,0.5738109350204468,0.588,MIL,COL,0
20250629_LAD@KC,2025-06-29,KC,LAD,1,5,0.0,0.5212455987930298,0.5099,KC,LAD,0
20250629_MIA@AZ,2025-06-29,AZ,MIA,4,6,0.0,0.5387425422668457,0.536,AZ,MIA,0
20250629_MIN@DET,2025-06-29,DET,MIN,3,0,1.0,0.5545904040336609,0.5595,DET,DET,1
20250629_NYM@PIT,2025-06-29,PIT,NYM,12,1,1.0,0.5212455987930298,0.5099,PIT,PIT,1
20250629_PHI@ATL,2025-06-29,ATL,PHI,1,2,0.0,0.5387425422668457,0.536,ATL,PHI,0
20250629_SD@CIN,2025-06-29,CIN,SD,3,2,1.0,0.5172905325889587,0.504,CIN,CIN,1
20250629_SEA@TEX,2025-06-29,TEX,SEA,4,6,0.0,0.5380752086639404,0.535,TEX,SEA,0
20250629_SF@CWS,2025-06-29,CWS,SF,5,2,1.0,0.5121433138847351,0.5,CWS,CWS,1
20250629_STL@CLE,2025-06-29,CLE,STL,0,7,0.0,0.5335098505020142,0.5282,CLE,STL,0
20250629_TB@BAL,2025-06-29,BAL,TB,5,1,1.0,0.5120348930358887,0.5,BAL,BAL,1
20250629_TOR@BOS,2025-06-29,BOS,TOR,3,5,0.0,0.4997355043888092,0.5,TOR,TOR,1
20250629_WSH@LAA,2025-06-29,LAA,WSH,4,7,0.0,0.5313342809677124,0.5249,LAA,WSH,0
20250628_ATH@NYY,2025-06-28,NYY,ATH,0,7,0.0,0.5387425422668457,0.536,NYY,ATH,0
20250628_CHC@HOU,2025-06-28,HOU,CHC,3,12,0.0,0.5545904040336609,0.5595,HOU,CHC,0
20250628_COL@MIL,2025-06-28,MIL,COL,5,0,1.0,0.5738109350204468,0.588,MIL,MIL,1
20250628_LAD@KC,2025-06-28,KC,LAD,9,5,1.0,0.5212455987930298,0.5099,KC,KC,1
20250628_MIA@AZ,2025-06-28,AZ,MIA,7,8,0.0,0.5387425422668457,0.536,AZ,MIA,0
20250628_MIN@DET,2025-06-28,DET,MIN,10,5,1.0,0.5387425422668457,0.536,DET,DET,1
20250628_NYM@PIT,2025-06-28,PIT,NYM,9,2,1.0,0.5212455987930298,0.5099,PIT,PIT,1
20250628_PHI@ATL,2025-06-28,ATL,PHI,6,1,1.0,0.5335098505020142,0.5282,ATL,ATL,1
20250628_SD@CIN,2025-06-28,CIN,SD,4,6,0.0,0.5172905325889587,0.504,CIN,SD,0
20250628_SEA@TEX,2025-06-28,TEX,SEA,3,2,1.0,0.5380752086639404,0.535,TEX,TEX,1
20250628_SF@CWS,2025-06-28,CWS,SF,1,0,1.0,0.5121433138847351,0.5,CWS,CWS,1
20250628_STL@CLE,2025-06-28,CLE,STL,6,9,0.0,0.5335098505020142,0.5282,CLE,STL,0
20250628_TB@BAL,2025-06-28,BAL,TB,3,11,0.0,0.5120348930358887,0.5,BAL,TB,0
20250628_TOR@BOS,2025-06-28,BOS,TOR,15,1,1.0,0.4997355043888092,0.5,TOR,BOS,0
20250628_WSH@LAA,2025-06-28,LAA,WSH,8,2,1.0,0.5121433138847351,0.5,LAA,LAA,1
20250627_ATH@NYY,2025-06-27,NYY,ATH,3,0,1.0,0.5387425422668457,0.536,NYY,NYY,1
20250627_CHC@HOU,2025-06-27,HOU,CHC,7,4,1.0,0.561032235622406,0.5691,HOU,HOU,1
20250627_COL@MIL,2025-06-27,MIL,COL,10,6,1.0,0.5738109350204468,0.588,MIL,MIL,1
20250627_LAD@KC,2025-06-27,KC,LAD,4,5,0.0,0.5212455987930298,0.5099,KC,LAD,0
20250627_MIA@AZ,2025-06-27,AZ,MIA,8,9,0.0,0.5387425422668457,0.536,AZ,MIA,0
20250627_MIN@DET,2025-06-27,DET,MIN,1,4,0.0,0.5387425422668457,0.536,DET,MIN,0
20250627_NYM@PIT,2025-06-27,PIT,NYM,9,1,1.0,0.5212455987930298,0.5099,PIT,PIT,1
20250627_PHI@ATL,2025-06-27,ATL,PHI,0,13,0.0,0.5387425422668457,0.536,ATL,PHI,0
20250627_SD@CIN,2025-06-27,CIN,SD,8,1,1.0,0.5172905325889587,0.504,CIN,CIN,1
20250627_SEA@TEX,2025-06-27,TEX,SEA,6,7,0.0,0.5221461057662964,0.5112,TEX,SEA,0
20250627_SF@CWS,2025-06-27,CWS,SF,1,3,0.0,0.5121433138847351,0.5,CWS,SF,0
20250627_STL@CLE,2025-06-27,CLE,STL,0,5,0.0,0.5493870973587036,0.5518,CLE,STL,0
20250627_TB@BAL,2025-06-27,BAL,TB,22,8,1.0,0.5120348930358887,0.5,BAL,BAL,1
20250627_TOR@BOS,2025-06-27,BOS,TOR,0,9,0.0,0.4997355043888092,0.5,TOR,TOR,1
20250627_WSH@LAA,2025-06-27,LAA,WSH,9,15,0.0,0.5313342809677124,0.5249,LAA,WSH,0
20250626_ATH@DET,2025-06-26,DET,ATH,8,0,1.0,0.6118374466896057,0.644,DET,DET,1
20250626_ATL@NYM,2025-06-26,NYM,ATL,4,0,1.0,0.5536565780639648,0.558,NYM,NYM,1
20250626_CHC@STL,2025-06-26,STL,CHC,0,3,0.0,0.5306782126426697,0.5235,STL,CHC,0
20250626_LAD@COL,2025-06-26,COL,LAD,1,3,0.0,0.4392258822917938,0.4313,LAD,LAD,1
20250626_MIA@SF,2025-06-26,SF,MIA,5,12,0.0,0.5372797846794128,0.5335,SF,MIA,0
20250626_PHI@HOU,2025-06-26,HOU,PHI,2,1,1.0,0.5723540782928467,0.5859,HOU,HOU,1
20250626_SEA@MIN,2025-06-26,MIN,SEA,10,1,1.0,0.5665960311889648,0.5774,MIN,MIN,1
20250626_TB@KC,2025-06-26,KC,TB,0,4,0.0,0.4386027753353119,0.4304,TB,TB,1
20250626_TOR@CLE,2025-06-26,CLE,TOR,0,6,0.0,0.5369819402694702,0.533,CLE,TOR,0
20250625_ATH@DET,2025-06-25,DET,ATH,0,3,0.0,0.5982732176780701,0.6242,DET,ATH,0
20250625_ATL@NYM,2025-06-25,NYM,ATL,7,3,1.0,0.5376051068305969,0.5339,NYM,NYM,1
20250625_AZ@CWS,2025-06-25,CWS,AZ,7,3,1.0,0.4229378998279572,0.4071,AZ,CWS,0
20250625_BOS@LAA,2025-06-25,LAA,BOS,5,2,1.0,0.47240653634071345,0.4811,BOS,LAA,0
20250625_CHC@STL,2025-06-25,STL,CHC,0,8,0.0,0.5456088781356812,0.546,STL,CHC,0
20250625_LAD@COL,2025-06-25,COL,LAD,1,8,0.0,0.44479879736900335,0.4397,LAD,LAD,1
20250625_MIA@SF,2025-06-25,SF,MIA,5,8,0.0,0.5579060316085815,0.5644,SF,MIA,0
20250625_NYY@CIN,2025-06-25,CIN,NYY,1,7,0.0,0.5077535510063171,0.5,CIN,NYY,0
20250625_PHI@HOU,2025-06-25,HOU,PHI,2,0,1.0,0.530176043510437,0.5228,HOU,HOU,1
20250625_PIT@MIL,2025-06-25,MIL,PIT,4,2,1.0,0.5844236016273497,0.6038,MIL,MIL,1
20250625_SEA@MIN,2025-06-25,MIN,SEA,2,0,1.0,0.5148874521255493,0.5,MIN,MIN,1
20250625_TB@KC,2025-06-25,KC,TB,0,3,0.0,0.4386027753353119,0.4304,TB,TB,1
20250625_TEX@BAL,2025-06-25,BAL,TEX,0,7,0.0,0.5104371309280396,0.5,BAL,TEX,0
20250625_TOR@CLE,2025-06-25,CLE,TOR,5,4,1.0,0.5220161080360413,0.5105,CLE,CLE,1
20250625_WSH@SD,2025-06-25,SD,WSH,1,0,1.0,0.5707151293754578,0.5835,SD,SD,1
20250624_ATH@DET,2025-06-24,DET,ATH,11,4,1.0,0.585829496383667,0.6059,DET,DET,1
20250624_ATL@NYM,2025-06-24,NYM,ATL,4,7,0.0,0.5355294346809387,0.5308,NYM,ATL,0
20250624_AZ@CWS,2025-06-24,CWS,AZ,1,4,0.0,0.4609340131282806,0.4639,AZ,AZ,1
20250624_BOS@LAA,2025-06-24,LAA,BOS,3,2,1.0,0.4680225551128388,0.4745,BOS,LAA,0
20250624_CHC@STL,2025-06-24,STL,CHC,8,7,1.0,0.5456088781356812,0.546,STL,STL,1
20250624_LAD@COL,2025-06-24,COL,LAD,7,9,0.0,0.4248734414577484,0.4099,LAD,LAD,1
20250624_MIA@SF,2025-06-24,SF,MIA,2,4,0.0,0.6054600477218629,0.6347,SF,MIA,0
20250624_NYY@CIN,2025-06-24,CIN,NYY,5,4,1.0,0.5139324069023132,0.5,CIN,CIN,1
20250624_PHI@HOU,2025-06-24,HOU,PHI,1,0,1.0,0.5412822365760803,0.5395,HOU,HOU,1
20250624_PIT@MIL,2025-06-24,MIL,PIT,9,3,1.0,0.5971201062202454,0.6225,MIL,MIL,1
20250624_SEA@MIN,2025-06-24,MIN,SEA,5,6,0.0,0.5148874521255493,0.5,MIN,SEA,0
20250624_TB@KC,2025-06-24,KC,TB,1,5,0.0,0.4675511419773102,0.4738,TB,TB,1
20250624_TEX@BAL,2025-06-24,BAL,TEX,5,6,0.0,0.5403412580490112,0.5381,BAL,TEX,0
20250624_TOR@CLE,2025-06-24,CLE,TOR,6,10,0.0,0.5125293731689453,0.5,CLE,TOR,0
20250624_WSH@SD,2025-06-24,SD,WSH,4,3,1.0,0.5746621489524842,0.5894,SD,SD,1
20250623_ATL@NYM,2025-06-23,NYM,ATL,2,3,0.0,0.5245264768600464,0.5143,NYM,ATL,0
20250623_AZ@CWS,2025-06-23,CWS,AZ,0,10,0.0,0.4179724156856537,0.3997,AZ,AZ,1
20250623_BOS@LAA,2025-06-23,LAA,BOS,9,5,1.0,0.4555078148841858,0.4557,BOS,LAA,0
20250623_CHC@STL,2025-06-23,STL,CHC,8,2,1.0,0.5356533527374268,0.531,STL,STL,1
20250623_NYY@CIN,2025-06-23,CIN,NYY,6,1,1.0,0.47742328047752386,0.4886,NYY,CIN,0
20250623_PIT@MIL,2025-06-23,MIL,PIT,4,5,0.0,0.5844236016273497,0.6038,MIL,PIT,0
20250623_SEA@MIN,2025-06-23,MIN,SEA,2,11,0.0,0.5148874521255493,0.5,MIN,SEA,0
20250623_TEX@BAL,2025-06-23,BAL,TEX,6,0,1.0,0.5800839066505432,0.5974,BAL,BAL,1
20250623_WSH@SD,2025-06-23,SD,WSH,6,10,0.0,0.607345461845398,0.6374,SD,WSH,0
20250622_ATL@MIA,2025-06-22,MIA,ATL,5,3,1.0,0.4907355010509491,0.5,ATL,MIA,0
20250622_AZ@COL,2025-06-22,COL,AZ,4,2,1.0,0.42866197228431707,0.4156,AZ,COL,0
20250622_BAL@NYY,2025-06-22,NYY,BAL,4,2,1.0,0.5668168067932129,0.5777,NYY,NYY,1
20250622_BOS@SF,2025-06-22,SF,BOS,9,5,1.0,0.5241432189941406,0.5137,SF,SF,1
20250622_CIN@STL,2025-06-22,STL,CIN,1,4,0.0,0.5364130139350891,0.5322,STL,CIN,0
20250622_CLE@ATH,2025-06-22,ATH,CLE,0,3,0.0,0.48256373405456543,0.4964,CLE,CLE,1
20250622_CWS@TOR,2025-06-22,TOR,CWS,2,4,0.0,0.6468563675880432,0.6938,TOR,CWS,0
20250622_DET@TB,2025-06-22,TB,DET,3,9,0.0,0.52797931432724,0.5195,TB,DET,0
20250622_HOU@LAA,2025-06-22,LAA,HOU,7,8,0.0,0.43286237120628357,0.4218,HOU,HOU,1
20250622_KC@SD,2025-06-22,SD,KC,3,2,1.0,0.5249935984611511,0.515,SD,SD,1
20250622_MIL@MIN,2025-06-22,MIN,MIL,8,9,0.0,0.4655582308769226,0.4708,MIL,MIL,1
20250622_NYM@PHI,2025-06-22,PHI,NYM,7,1,1.0,0.544317901134491,0.544,PHI,PHI,1
20250622_SEA@CHC,2025-06-22,CHC,SEA,6,14,0.0,0.5469141602516174,0.5479,CHC,SEA,0
20250622_TEX@PIT,2025-06-22,PIT,TEX,8,3,1.0,0.537053108215332,0.5331,PIT,PIT,1
20250622_WSH@LAD,2025-06-22,LAD,WSH,13,7,1.0,0.5999417304992676,0.6266,LAD,LAD,1
20250621_ATL@MIA,2025-06-21,MIA,ATL,0,7,0.0,0.4786016345024109,0.4904,ATL,ATL,1
20250621_AZ@COL,2025-06-21,COL,AZ,3,5,0.0,0.42027390003204346,0.4031,AZ,AZ,1
20250621_BAL@NYY,2025-06-21,NYY,BAL,9,0,1.0,0.5468088984489441,0.5478,NYY,NYY,1
20250621_BOS@SF,2025-06-21,SF,BOS,3,2,1.0,0.5241432189941406,0.5137,SF,SF,1
20250621_CIN@STL,2025-06-21,STL,CIN,6,5,1.0,0.5456088781356812,0.546,STL,STL,1
20250621_CLE@ATH,2025-06-21,ATH,CLE,2,4,0.0,0.4698807895183563,0.4773,CLE,CLE,1
20250621_CWS@TOR,2025-06-21,TOR,CWS,7,1,1.0,0.6468563675880432,0.6938,TOR,TOR,1
20250621_DET@TB,2025-06-21,TB,DET,8,3,1.0,0.52797931432724,0.5195,TB,TB,1
20250621_HOU@LAA,2025-06-21,LAA,HOU,9,1,1.0,0.4525372982025147,0.4513,HOU,LAA,0
20250621_KC@SD,2025-06-21,SD,KC,5,1,1.0,0.5436795353889465,0.5431,SD,SD,1
20250621_MIL@MIN,2025-06-21,MIN,MIL,0,9,0.0,0.5439096689224243,0.5434,MIN,MIL,0
20250621_NYM@PHI,2025-06-21,PHI,NYM,4,11,0.0,0.5538788437843323,0.5584,PHI,NYM,0
20250621_SEA@CHC,2025-06-21,CHC,SEA,10,7,1.0,0.5778195261955261,0.594,CHC,CHC,1
20250621_TEX@PIT,2025-06-21,PIT,TEX,2,3,0.0,0.5434014797210693,0.5426,PIT,TEX,0
20250621_WSH@LAD,2025-06-21,LAD,WSH,3,7,0.0,0.612478494644165,0.6449,LAD,WSH,0
20250620_ATL@MIA,2025-06-20,MIA,ATL,6,2,1.0,0.4842455983161926,0.4989,ATL,MIA,0
20250620_AZ@COL,2025-06-20,COL,AZ,8,14,0.0,0.4260435402393341,0.4117,AZ,AZ,1
20250620_BAL@NYY,2025-06-20,NYY,BAL,3,5,0.0,0.5421124696731567,0.5407,NYY,BAL,0
20250620_BOS@SF,2025-06-20,SF,BOS,5,7,0.0,0.5241432189941406,0.5137,SF,BOS,0
20250620_CIN@STL,2025-06-20,STL,CIN,6,1,1.0,0.5456088781356812,0.546,STL,STL,1
20250620_CLE@ATH,2025-06-20,ATH,CLE,5,1,1.0,0.4122124016284942,0.3912,CLE,ATH,0
20250620_CWS@TOR,2025-06-20,TOR,CWS,1,7,0.0,0.6227375268936157,0.6597,TOR,CWS,0
20250620_DET@TB,2025-06-20,TB,DET,14,8,1.0,0.509732723236084,0.5,TB,TB,1
20250620_HOU@LAA,2025-06-20,LAA,HOU,2,3,0.0,0.4822986125946045,0.496,HOU,HOU,1
20250620_KC@SD,2025-06-20,SD,KC,5,6,0.0,0.5436795353889465,0.5431,SD,KC,0
20250620_MIL@MIN,2025-06-20,MIN,MIL,6,17,0.0,0.495430588722229,0.5,MIL,MIL,1
20250620_NYM@PHI,2025-06-20,PHI,NYM,10,2,1.0,0.5668168067932129,0.5777,PHI,PHI,1
20250620_SEA@CHC,2025-06-20,CHC,SEA,4,9,0.0,0.5553020238876343,0.5605,CHC,SEA,0
20250620_TEX@PIT,2025-06-20,PIT,TEX,2,6,0.0,0.5661858320236206,0.5767,PIT,TEX,0
20250620_WSH@LAD,2025-06-20,LAD,WSH,6,5,1.0,0.5575857162475586,0.5639,LAD,LAD,1
20250619_AZ@TOR,2025-06-19,TOR,AZ,5,9,0.0,0.5234765410423279,0.51,TOR,AZ,0
20250619_BAL@TB,2025-06-19,TB,BAL,1,4,0.0,0.52330482006073,0.5097,TB,BAL,0
20250619_CLE@SF,2025-06-19,SF,CLE,2,1,1.0,0.5470804572105408,0.5465,SF,SF,1
20250619_COL@WSH,2025-06-19,WSH,COL,4,3,1.0,0.5768051147460938,0.5922,WSH,WSH,1
20250619_HOU@ATH,2025-06-19,ATH,HOU,6,4,1.0,0.5126371383666992,0.5,ATH,ATH,1
20250619_KC@TEX,2025-06-19,TEX,KC,1,4,0.0,0.5117241740226746,0.5,TEX,KC,0
20250619_LAA@NYY,2025-06-19,NYY,LAA,7,3,1.0,0.5306815505027771,0.5212,NYY,NYY,1
20250619_MIL@CHC,2025-06-19,CHC,MIL,7,8,0.0,0.5372146368026733,0.5313,CHC,MIL,0
20250619_MIN@CIN,2025-06-19,CIN,MIN,5,12,0.0,0.5280163288116455,0.517,CIN,MIN,0
20250619_NYM@ATL,2025-06-19,ATL,NYM,7,1,1.0,0.5234765410423279,0.51,ATL,ATL,1
20250619_PHI@MIA,2025-06-19,MIA,PHI,1,2,0.0,0.4957621097564697,0.5,PHI,PHI,1
20250619_PIT@DET,2025-06-19,DET,PIT,9,2,1.0,0.5526109933853149,0.555,DET,DET,1
20250619_PIT@DET_2,2025-06-19,DET,PIT,4,8,0.0,0.5526109933853149,0.555,DET,PIT,0
20250619_SD@LAD,2025-06-19,LAD,SD,3,5,0.0,0.5372146368026733,0.5313,LAD,SD,0
20250619_STL@CWS,2025-06-19,CWS,STL,6,8,0.0,0.46705162525177,0.4753,STL,STL,1
20250619_STL@CWS_2,2025-06-19,CWS,STL,4,5,0.0,0.485200434923172,0.5,STL,STL,1
20250618_AZ@TOR,2025-06-18,TOR,AZ,8,1,1.0,0.5449048280715941,0.5431,TOR,TOR,1
20250618_BAL@TB,2025-06-18,TB,BAL,12,8,1.0,0.5013364553451538,0.5,TB,TB,1
20250618_BOS@SEA,2025-06-18,SEA,BOS,1,3,0.0,0.541175365447998,0.5374,SEA,BOS,0
20250618_CLE@SF,2025-06-18,SF,CLE,2,4,0.0,0.5254940986633301,0.5131,SF,CLE,0
20250618_COL@WSH,2025-06-18,WSH,COL,1,3,0.0,0.5944616198539734,0.619,WSH,COL,0
20250618_HOU@ATH,2025-06-18,ATH,HOU,4,11,0.0,0.48755487799644476,0.5,HOU,HOU,1
20250618_KC@TEX,2025-06-18,TEX,KC,3,6,0.0,0.5236607789993286,0.5103,TEX,KC,0
20250618_LAA@NYY,2025-06-18,NYY,LAA,2,3,0.0,0.5593925118446349,0.5655,NYY,LAA,0
20250618_MIN@CIN,2025-06-18,CIN,MIN,4,2,1.0,0.5280163288116455,0.517,CIN,CIN,1
20250618_NYM@ATL,2025-06-18,ATL,NYM,5,0,1.0,0.5449048280715941,0.5431,ATL,ATL,1
20250618_PHI@MIA,2025-06-18,MIA,PHI,2,4,0.0,0.4957621097564697,0.5,PHI,PHI,1
20250618_SD@LAD,2025-06-18,LAD,SD,4,3,1.0,0.5372146368026733,0.5313,LAD,LAD,1
20250617_AZ@TOR,2025-06-17,TOR,AZ,5,4,1.0,0.5449048280715941,0.5431,TOR,TOR,1
20250617_BAL@TB,2025-06-17,TB,BAL,1,5,0.0,0.52330482006073,0.5097,TB,BAL,0
20250617_BOS@SEA,2025-06-17,SEA,BOS,8,0,1.0,0.5258837342262268,0.5137,SEA,SEA,1
20250617_CLE@SF,2025-06-17,SF,CLE,2,3,0.0,0.5373983383178711,0.5315,SF,CLE,0
20250617_COL@WSH,2025-06-17,WSH,COL,6,10,0.0,0.6211204528808594,0.6588,WSH,COL,0
20250617_HOU@ATH,2025-06-17,ATH,HOU,3,13,0.0,0.4991020560264587,0.5,HOU,HOU,1
20250617_KC@TEX,2025-06-17,TEX,KC,1,6,0.0,0.5258837342262268,0.5137,TEX,KC,0
20250617_LAA@NYY,2025-06-17,NYY,LAA,0,4,0.0,0.5593925118446349,0.5655,NYY,LAA,0
20250617_MIL@CHC,2025-06-17,CHC,MIL,5,3,1.0,0.5372146368026733,0.5313,CHC,CHC,1
20250617_MIN@CIN,2025-06-17,CIN,MIN,6,5,1.0,0.5280163288116455,0.517,CIN,CIN,1
20250617_NYM@ATL,2025-06-17,ATL,NYM,5,4,1.0,0.5372146368026733,0.5313,ATL,ATL,1
20250617_PHI@MIA,2025-06-17,MIA,PHI,8,3,1.0,0.4877899587154388,0.5,PHI,MIA,0
20250617_PIT@DET,2025-06-17,DET,PIT,7,3,1.0,0.5695394277572632,0.5811,DET,DET,1
20250617_SD@LAD,2025-06-17,LAD,SD,8,6,1.0,0.5798311829566956,0.5968,LAD,LAD,1
20250617_STL@CWS,2025-06-17,CWS,STL,2,12,0.0,0.48899087309837347,0.5,STL,STL,1
20250616_BAL@TB,2025-06-16,TB,BAL,7,1,1.0,0.52330482006073,0.5097,TB,TB,1
20250616_BOS@SEA,2025-06-16,SEA,BOS,0,2,0.0,0.5117241740226746,0.5,SEA,BOS,0
20250616_COL@WSH,2025-06-16,WSH,COL,4,6,0.0,0.5768051147460938,0.5922,WSH,COL,0
20250616_HOU@ATH,2025-06-16,ATH,HOU,3,1,1.0,0.4995549619197846,0.5,HOU,ATH,0
20250616_LAA@NYY,2025-06-16,NYY,LAA,0,1,0.0,0.5423856377601624,0.5392,NYY,LAA,0
20250616_PHI@MIA,2025-06-16,MIA,PHI,2,5,0.0,0.4995549619197846,0.5,PHI,PHI,1
20250616_SD@LAD,2025-06-16,LAD,SD,6,3,1.0,0.5372146368026733,0.5313,LAD,LAD,1
20250615_ATH@KC,2025-06-15,KC,ATH,2,3,0.0,0.5519727468490601,0.554,KC,ATH,0
20250615_CIN@DET,2025-06-15,DET,CIN,4,8,0.0,0.5236607789993286,0.5103,DET,CIN,0
20250615_CLE@SEA,2025-06-15,SEA,CLE,6,0,1.0,0.5254940986633301,0.5131,SEA,SEA,1
20250615_COL@ATL,2025-06-15,ATL,COL,1,10,0.0,0.5913684368133545,0.6143,ATL,COL,0
20250615_CWS@TEX,2025-06-15,TEX,CWS,2,1,1.0,0.556925892829895,0.5617,TEX,TEX,1
20250615_LAA@BAL,2025-06-15,BAL,LAA,11,2,1.0,0.5034920573234558,0.5,BAL,BAL,1
20250615_MIA@WSH,2025-06-15,WSH,MIA,1,3,0.0,0.5257906913757324,0.5136,WSH,MIA,0
20250615_MIN@HOU,2025-06-15,HOU,MIN,2,1,1.0,0.558546245098114,0.5642,HOU,HOU,1
20250615_NYY@BOS,2025-06-15,BOS,NYY,2,0,1.0,0.5026572346687317,0.5,BOS,BOS,1
20250615_PIT@CHC,2025-06-15,CHC,PIT,3,2,1.0,0.5526109933853149,0.555,CHC,CHC,1
20250615_SD@AZ,2025-06-15,AZ,SD,2,8,0.0,0.5227391123771667,0.5089,AZ,SD,0
20250615_SF@LAD,2025-06-15,LAD,SF,5,4,1.0,0.5372146368026733,0.5313,LAD,LAD,1
20250615_STL@MIL,2025-06-15,MIL,STL,3,2,1.0,0.5614705085754395,0.5687,MIL,MIL,1
20250615_TB@NYM,2025-06-15,NYM,TB,0,9,0.0,0.5372146368026733,0.5313,NYM,TB,0
20250615_TOR@PHI,2025-06-15,PHI,TOR,11,4,1.0,0.5286662578582764,0.518,PHI,PHI,1
20250614_ATH@KC,2025-06-14,KC,ATH,0,4,0.0,0.5519727468490601,0.554,KC,ATH,0
20250614_CIN@DET,2025-06-14,DET,CIN,1,11,0.0,0.5376031994819641,0.5319,DET,CIN,0
20250614_CLE@SEA,2025-06-14,SEA,CLE,4,3,1.0,0.5254940986633301,0.5131,SEA,SEA,1
20250614_COL@ATL,2025-06-14,ATL,COL,4,1,1.0,0.6148560047149658,0.6495,ATL,ATL,1
20250614_CWS@TEX,2025-06-14,TEX,CWS,5,4,1.0,0.616669237613678,0.6522,TEX,TEX,1
20250614_LAA@BAL,2025-06-14,BAL,LAA,6,5,1.0,0.5072846412658691,0.5,BAL,BAL,1
20250614_MIA@WSH,2025-06-14,WSH,MIA,3,4,0.0,0.5650873184204102,0.5742,WSH,MIA,0
20250614_MIN@HOU,2025-06-14,HOU,MIN,3,2,1.0,0.5372146368026733,0.5313,HOU,HOU,1
20250614_NYY@BOS,2025-06-14,BOS,NYY,4,3,1.0,0.4957621097564697,0.5,NYY,BOS,0
20250614_PIT@CHC,2025-06-14,CHC,PIT,2,1,1.0,0.5526109933853149,0.555,CHC,CHC,1
20250614_SD@AZ,2025-06-14,AZ,SD,8,7,1.0,0.5227391123771667,0.5089,AZ,AZ,1
20250614_SF@LAD,2025-06-14,LAD,SF,11,5,1.0,0.5587156414985657,0.5644,LAD,LAD,1
20250614_STL@MIL,2025-06-14,MIL,STL,5,8,0.0,0.5474591255187988,0.5471,MIL,STL,0
20250614_TB@NYM,2025-06-14,NYM,TB,4,8,0.0,0.5372146368026733,0.5313,NYM,TB,0
20250614_TOR@PHI,2025-06-14,PHI,TOR,3,2,1.0,0.550061821937561,0.5511,PHI,PHI,1
20250613_ATH@KC,2025-06-13,KC,ATH,4,6,0.0,0.6049145460128784,0.6347,KC,ATH,0
20250613_CIN@DET,2025-06-13,DET,CIN,11,5,1.0,0.5236607789993286,0.5103,DET,DET,1
20250613_CLE@SEA,2025-06-13,SEA,CLE,7,2,1.0,0.5254940986633301,0.5131,SEA,SEA,1
20250613_COL@ATL,2025-06-13,ATL,COL,12,4,1.0,0.5704909563064575,0.5825,ATL,ATL,1
20250613_CWS@TEX,2025-06-13,TEX,CWS,3,1,1.0,0.556925892829895,0.5617,TEX,TEX,1
20250613_LAA@BAL,2025-06-13,BAL,LAA,2,0,1.0,0.5326349139213562,0.5242,BAL,BAL,1
20250613_MIA@WSH,2025-06-13,WSH,MIA,9,11,0.0,0.5477232933044434,0.5475,WSH,MIA,0
20250613_MIN@HOU,2025-06-13,HOU,MIN,10,3,1.0,0.5372146368026733,0.5313,HOU,HOU,1
20250613_NYY@BOS,2025-06-13,BOS,NYY,2,1,1.0,0.46562144160270685,0.4731,NYY,BOS,0
20250613_PIT@CHC,2025-06-13,CHC,PIT,1,2,0.0,0.5526109933853149,0.555,CHC,PIT,0
20250613_SD@AZ,2025-06-13,AZ,SD,5,1,1.0,0.5227391123771667,0.5089,AZ,AZ,1
20250613_SF@LAD,2025-06-13,LAD,SF,2,6,0.0,0.5372146368026733,0.5313,LAD,SF,0
20250613_STL@MIL,2025-06-13,MIL,STL,3,2,1.0,0.5474591255187988,0.5471,MIL,MIL,1
20250613_TB@NYM,2025-06-13,NYM,TB,5,7,0.0,0.5512832403182983,0.553,NYM,TB,0
20250613_TOR@PHI,2025-06-13,PHI,TOR,8,0,1.0,0.5169238448143005,0.5,PHI,PHI,1
20250612_CWS@HOU,2025-06-12,HOU,CWS,4,3,1.0,0.6704388856887817,0.7297,HOU,HOU,1
20250612_DET@BAL,2025-06-12,BAL,DET,1,4,0.0,0.4751454889774323,0.4871,DET,DET,1
20250612_NYY@KC,2025-06-12,KC,NYY,0,1,0.0,0.4679298400878907,0.4759,NYY,NYY,1
20250612_PIT@CHC,2025-06-12,CHC,PIT,3,2,1.0,0.6275214552879333,0.6687,CHC,CHC,1
20250612_SF@COL,2025-06-12,COL,SF,8,7,1.0,0.44432240724563593,0.4395,SF,COL,0
20250612_STL@MIL,2025-06-12,MIL,STL,6,0,1.0,0.4958054721355438,0.5,STL,MIL,0
20250612_TEX@MIN,2025-06-12,MIN,TEX,3,16,0.0,0.5852678418159485,0.6057,MIN,TEX,0
20250612_WSH@NYM,2025-06-12,NYM,WSH,4,3,1.0,0.6231817007064819,0.6624,NYM,NYM,1
20250611_ATH@LAA,2025-06-11,LAA,ATH,6,5,1.0,0.5339732766151427,0.527,LAA,LAA,1
20250611_ATL@MIL,2025-06-11,MIL,ATL,2,6,0.0,0.5356910824775696,0.5297,MIL,ATL,0
20250611_CHC@PHI,2025-06-11,PHI,CHC,7,2,1.0,0.4950950443744659,0.5,CHC,PHI,0
20250611_CIN@CLE,2025-06-11,CLE,CIN,11,2,1.0,0.5413566231727601,0.5384,CLE,CLE,1
20250611_CWS@HOU,2025-06-11,HOU,CWS,10,2,1.0,0.7176387310028076,0.7919,HOU,HOU,1
20250611_DET@BAL,2025-06-11,BAL,DET,10,1,1.0,0.47242483496665955,0.4829,DET,BAL,0
20250611_LAD@SD,2025-06-11,SD,LAD,2,5,0.0,0.46316748857498163,0.4686,LAD,LAD,1
20250611_MIA@PIT,2025-06-11,PIT,MIA,5,2,1.0,0.6423659324645996,0.6902,PIT,PIT,1
20250611_NYY@KC,2025-06-11,KC,NYY,3,6,0.0,0.5060707926750183,0.5,KC,NYY,0
20250611_SEA@AZ,2025-06-11,AZ,SEA,5,2,1.0,0.5526946187019348,0.5559,AZ,AZ,1
20250611_SF@COL,2025-06-11,COL,SF,7,10,0.0,0.3735518157482148,0.3329,SF,SF,1
20250611_TB@BOS,2025-06-11,BOS,TB,4,3,1.0,0.4584943056106567,0.4614,TB,BOS,0
20250611_TEX@MIN,2025-06-11,MIN,TEX,6,2,1.0,0.5953988432884216,0.621,MIN,MIN,1
20250611_TOR@STL,2025-06-11,STL,TOR,2,5,0.0,0.5366507768630981,0.5312,STL,TOR,0
20250611_WSH@NYM,2025-06-11,NYM,WSH,5,0,1.0,0.6308079361915588,0.6735,NYM,NYM,1
20250610_ATH@LAA,2025-06-10,LAA,ATH,2,1,1.0,0.4958581030368805,0.5,ATH,LAA,0
20250610_ATL@MIL,2025-06-10,MIL,ATL,4,1,1.0,0.5680244565010071,0.5794,MIL,MIL,1
20250610_CHC@PHI,2025-06-10,PHI,CHC,4,8,0.0,0.5524794459342957,0.5556,PHI,CHC,0
20250610_CIN@CLE,2025-06-10,CLE,CIN,0,1,0.0,0.4923419058322906,0.5,CIN,CIN,1
20250610_CWS@HOU,2025-06-10,HOU,CWS,2,4,0.0,0.6655907630920409,0.723,HOU,CWS,0
20250610_DET@BAL,2025-06-10,BAL,DET,3,5,0.0,0.4894848763942719,0.5,DET,DET,1
20250610_LAD@SD,2025-06-10,SD,LAD,11,1,1.0,0.5340054035186768,0.5271,SD,SD,1
20250610_MIA@PIT,2025-06-10,PIT,MIA,2,3,0.0,0.556005597114563,0.561,PIT,MIA,0
20250610_NYY@KC,2025-06-10,KC,NYY,2,10,0.0,0.4801281392574311,0.4948,NYY,NYY,1
20250610_SEA@AZ,2025-06-10,AZ,SEA,10,3,1.0,0.5331382155418396,0.5257,AZ,AZ,1
20250610_SF@COL,2025-06-10,COL,SF,5,6,0.0,0.4387091994285584,0.4309,SF,SF,1
20250610_TB@BOS,2025-06-10,BOS,TB,3,1,1.0,0.4424473941326142,0.4366,TB,BOS,0
20250610_TEX@MIN,2025-06-10,MIN,TEX,4,16,0.0,0.6224639415740966,0.6613,MIN,TEX,0
20250610_TOR@STL,2025-06-10,STL,TOR,9,10,0.0,0.5801100134849548,0.5979,STL,TOR,0
20250610_WSH@NYM,2025-06-10,NYM,WSH,5,4,1.0,0.5640344619750977,0.5733,NYM,NYM,1
20250609_ATH@LAA,2025-06-09,LAA,ATH,7,4,1.0,0.5273774266242981,0.5168,LAA,LAA,1
20250609_ATL@MIL,2025-06-09,MIL,ATL,1,7,0.0,0.537068784236908,0.5318,MIL,ATL,0
20250609_CHC@PHI,2025-06-09,PHI,CHC,4,3,1.0,0.5224840044975281,0.5093,PHI,PHI,1
20250609_CIN@CLE,2025-06-09,CLE,CIN,4,7,0.0,0.5500704050064086,0.5518,CLE,CIN,0
20250609_LAD@SD,2025-06-09,SD,LAD,7,8,0.0,0.4544227123260498,0.4551,LAD,LAD,1
20250609_MIA@PIT,2025-06-09,PIT,MIA,10,3,1.0,0.5372273921966553,0.532,PIT,PIT,1
20250609_SEA@AZ,2025-06-09,AZ,SEA,8,4,1.0,0.6010522842407227,0.6295,AZ,AZ,1
20250609_TB@BOS,2025-06-09,BOS,TB,8,10,0.0,0.4147936701774597,0.3944,TB,TB,1
20250609_TOR@STL,2025-06-09,STL,TOR,4,5,0.0,0.5722691416740417,0.5859,STL,TOR,0
20250608_ATL@SF,2025-06-08,SF,ATL,4,3,1.0,0.5467578172683716,0.5467,SF,SF,1
20250608_AZ@CIN,2025-06-08,CIN,AZ,4,2,1.0,0.4512191414833069,0.4501,AZ,CIN,0
20250608_BAL@ATH,2025-06-08,ATH,BAL,5,1,1.0,0.4300805628299713,0.4177,BAL,ATH,0
20250608_BOS@NYY,2025-06-08,NYY,BOS,7,11,0.0,0.5540720820426941,0.558,NYY,BOS,0
20250608_CHC@DET,2025-06-08,DET,CHC,4,0,1.0,0.4932154417037964,0.5,CHC,DET,0
20250608_HOU@CLE,2025-06-08,CLE,HOU,4,2,1.0,0.5471616387367249,0.5474,CLE,CLE,1
20250608_KC@CWS,2025-06-08,CWS,KC,5,7,0.0,0.4410252571105957,0.4345,KC,KC,1
20250608_LAD@STL,2025-06-08,STL,LAD,3,7,0.0,0.5354858040809631,0.5294,STL,LAD,0
20250608_MIA@TB,2025-06-08,TB,MIA,3,2,1.0,0.6250799894332886,0.6651,TB,TB,1
20250608_NYM@COL,2025-06-08,COL,NYM,5,13,0.0,0.3784708380699157,0.3401,NYM,NYM,1
20250608_PHI@PIT,2025-06-08,PIT,PHI,2,1,1.0,0.48310109972953796,0.4993,PHI,PIT,0
20250608_SD@MIL,2025-06-08,MIL,SD,0,1,0.0,0.5602746605873108,0.5675,MIL,SD,0
20250608_SEA@LAA,2025-06-08,LAA,SEA,2,3,0.0,0.47135835886001587,0.4812,SEA,SEA,1
20250608_TEX@WSH,2025-06-08,WSH,TEX,2,4,0.0,0.5441142916679382,0.5427,WSH,TEX,0
20250608_TOR@MIN,2025-06-08,MIN,TOR,6,3,1.0,0.5736146569252014,0.588,MIN,MIN,1
20250607_ATL@SF,2025-06-07,SF,ATL,3,2,1.0,0.5443146824836731,0.543,SF,SF,1
20250607_AZ@CIN,2025-06-07,CIN,AZ,13,1,1.0,0.38832134008407587,0.3546,AZ,CIN,0
20250607_BAL@ATH,2025-06-07,ATH,BAL,4,7,0.0,0.4659475386142731,0.4729,BAL,BAL,1
20250607_BOS@NYY,2025-06-07,NYY,BOS,7,10,0.0,0.536624550819397,0.5311,NYY,BOS,0
20250607_CHC@DET,2025-06-07,DET,CHC,1,6,0.0,0.46474736928939825,0.471,CHC,CHC,1
20250607_HOU@CLE,2025-06-07,CLE,HOU,3,5,0.0,0.5168527364730835,0.5006,CLE,HOU,0
20250607_KC@CWS,2025-06-07,CWS,KC,4,1,1.0,0.41774147748947144,0.3989,KC,CWS,0
20250607_LAD@STL,2025-06-07,STL,LAD,2,1,1.0,0.45308256149291987,0.453,LAD,STL,0
20250607_MIA@TB,2025-06-07,TB,MIA,10,11,0.0,0.6166394948959351,0.6527,TB,MIA,0
20250607_NYM@COL,2025-06-07,COL,NYM,1,8,0.0,0.3903628587722778,0.3577,NYM,NYM,1
20250607_PHI@PIT,2025-06-07,PIT,PHI,2,1,1.0,0.4862131476402282,0.5,PHI,PIT,0
20250607_SD@MIL,2025-06-07,MIL,SD,4,3,1.0,0.5331300497055054,0.5257,MIL,MIL,1
20250607_SEA@LAA,2025-06-07,LAA,SEA,8,6,1.0,0.4722589254379273,0.4826,SEA,LAA,0
20250607_TEX@WSH,2025-06-07,WSH,TEX,0,5,0.0,0.5374889373779297,0.5324,WSH,TEX,0
20250607_TOR@MIN,2025-06-07,MIN,TOR,4,5,0.0,0.5818237662315369,0.6005,MIN,TOR,0
20250606_ATL@SF,2025-06-06,SF,ATL,5,4,1.0,0.5520191192626953,0.5548,SF,SF,1
20250606_AZ@CIN,2025-06-06,CIN,AZ,4,3,1.0,0.390168309211731,0.3574,AZ,CIN,0
20250606_BAL@ATH,2025-06-06,ATH,BAL,5,4,1.0,0.5110877752304077,0.5,ATH,ATH,1
20250606_BOS@NYY,2025-06-06,NYY,BOS,9,6,1.0,0.5680820345878601,0.5795,NYY,NYY,1
20250606_CHC@DET,2025-06-06,DET,CHC,3,1,1.0,0.5608474612236023,0.5684,DET,DET,1
20250606_HOU@CLE,2025-06-06,CLE,HOU,2,4,0.0,0.5270359516143799,0.5163,CLE,HOU,0
20250606_KC@CWS,2025-06-06,CWS,KC,7,2,1.0,0.3812616169452667,0.3442,KC,CWS,0
20250606_LAD@STL,2025-06-06,STL,LAD,5,0,1.0,0.5322721600532532,0.5244,STL,STL,1
20250606_MIA@TB,2025-06-06,TB,MIA,4,3,1.0,0.6722832322120667,0.7322,TB,TB,1
20250606_NYM@COL,2025-06-06,COL,NYM,2,4,0.0,0.4080893397331238,0.3842,NYM,NYM,1
20250606_PHI@PIT,2025-06-06,PIT,PHI,5,4,1.0,0.5174745321273804,0.5015,PIT,PIT,1
20250606_SD@MIL,2025-06-06,MIL,SD,0,2,0.0,0.48955905437469477,0.5,SD,SD,1
20250606_SEA@LAA,2025-06-06,LAA,SEA,5,4,1.0,0.45931181311607355,0.4626,SEA,LAA,0
20250606_TEX@WSH,2025-06-06,WSH,TEX,2,0,1.0,0.5656446814537048,0.5758,WSH,WSH,1
20250606_TOR@MIN,2025-06-06,MIN,TOR,4,6,0.0,0.560125470161438,0.5673,MIN,TOR,0
20250605_AZ@ATL,2025-06-05,ATL,AZ,10,11,0.0,0.49879550933837896,0.5,AZ,AZ,1
20250605_BAL@SEA,2025-06-05,SEA,BAL,3,4,0.0,0.5630440711975098,0.5738,SEA,BAL,0
20250605_CHC@WSH,2025-06-05,WSH,CHC,1,7,0.0,0.4186320602893829,0.3981,CHC,CHC,1
20250605_CLE@NYY,2025-06-05,NYY,CLE,4,0,1.0,0.5585877895355226,0.567,NYY,NYY,1
20250605_DET@CWS,2025-06-05,CWS,DET,3,2,1.0,0.37826135754585266,0.3376,DET,CWS,0
20250605_HOU@PIT,2025-06-05,PIT,HOU,2,8,0.0,0.49065953493118286,0.5,HOU,HOU,1
20250605_KC@STL,2025-06-05,STL,KC,5,7,0.0,0.5363378524780273,0.5326,STL,KC,0
20250605_KC@STL_2,2025-06-05,STL,KC,6,5,1.0,0.6849082112312317,0.7514,STL,STL,1
20250605_MIN@ATH,2025-06-05,ATH,MIN,14,3,1.0,0.4143638014793396,0.3916,MIN,ATH,0
20250605_NYM@LAD,2025-06-05,LAD,NYM,6,5,1.0,0.6162725090980531,0.6543,LAD,LAD,1
20250605_PHI@TOR,2025-06-05,TOR,PHI,9,1,1.0,0.5800599455833435,0.5999,TOR,TOR,1
20250605_SD@SF,2025-06-05,SF,SD,3,2,1.0,0.35917118191719055,0.3099,SD,SF,0
20250605_TEX@TB,2025-06-05,TB,TEX,4,3,1.0,0.5843293070793152,0.6064,TB,TB,1
20250604_AZ@ATL,2025-06-04,ATL,AZ,1,2,0.0,0.5396459102630615,0.5377,ATL,AZ,0
20250604_BAL@SEA,2025-06-04,SEA,BAL,2,3,0.0,0.570767343044281,0.5857,SEA,BAL,0
20250604_CHC@WSH,2025-06-04,WSH,CHC,2,0,1.0,0.4185386896133423,0.398,CHC,WSH,0
20250604_CLE@NYY,2025-06-04,NYY,CLE,0,4,0.0,0.5777127146720886,0.5963,NYY,CLE,0
20250604_COL@MIA,2025-06-04,MIA,COL,2,3,0.0,0.6536487936973572,0.7084,MIA,COL,0
20250604_DET@CWS,2025-06-04,CWS,DET,4,5,0.0,0.3581755757331848,0.3084,DET,DET,1
20250604_HOU@PIT,2025-06-04,PIT,HOU,3,0,1.0,0.4569314122200013,0.457,HOU,PIT,0
20250604_LAA@BOS,2025-06-04,BOS,LAA,11,9,1.0,0.5001735687255859,0.5,BOS,BOS,1
20250604_MIL@CIN,2025-06-04,CIN,MIL,1,9,0.0,0.5294489860534668,0.5219,CIN,MIL,0
20250604_MIN@ATH,2025-06-04,ATH,MIN,1,6,0.0,0.27530211210250854,0.1975,MIN,MIN,1
20250604_NYM@LAD,2025-06-04,LAD,NYM,1,6,0.0,0.5788407325744629,0.598,LAD,NYM,0
20250604_PHI@TOR,2025-06-04,TOR,PHI,2,1,1.0,0.5724842548370361,0.5883,TOR,TOR,1
20250604_SD@SF,2025-06-04,SF,SD,6,5,1.0,0.5391966104507445,0.537,SF,SF,1
20250604_TEX@TB,2025-06-04,TB,TEX,5,4,1.0,0.576753258705139,0.5948,TB,TB,1
20250603_AZ@ATL,2025-06-03,ATL,AZ,3,8,0.0,0.49315187335014343,0.5,AZ,AZ,1
20250603_BAL@SEA,2025-06-03,SEA,BAL,1,5,0.0,0.6269208788871765,0.67,SEA,BAL,0
20250603_CHC@WSH,2025-06-03,WSH,CHC,3,8,0.0,0.3613506853580475,0.313,CHC,CHC,1
20250603_CLE@NYY,2025-06-03,NYY,CLE,3,2,1.0,0.6386351585388184,0.687,NYY,NYY,1
20250603_COL@MIA,2025-06-03,MIA,COL,2,3,0.0,0.5759719610214232,0.5936,MIA,COL,0
20250603_DET@CWS,2025-06-03,CWS,DET,8,1,1.0,0.30180203914642334,0.231,DET,CWS,0
20250603_HOU@PIT,2025-06-03,PIT,HOU,0,3,0.0,0.46927326917648315,0.4761,HOU,HOU,1
20250603_KC@STL,2025-06-03,STL,KC,7,10,0.0,0.541235089302063,0.5402,STL,KC,0
20250603_LAA@BOS,2025-06-03,BOS,LAA,3,4,0.0,0.45106750726699835,0.4479,LAA,LAA,1
20250603_MIL@CIN,2025-06-03,CIN,MIL,4,2,1.0,0.4771591126918792,0.4883,MIL,CIN,0
20250603_MIN@ATH,2025-06-03,ATH,MIN,3,10,0.0,0.31590819358825684,0.2497,MIN,MIN,1
20250603_NYM@LAD,2025-06-03,LAD,NYM,6,5,1.0,0.6060832738876343,0.6392,LAD,LAD,1
20250603_PHI@TOR,2025-06-03,TOR,PHI,3,8,0.0,0.4279341399669647,0.4123,PHI,PHI,1
20250603_SD@SF,2025-06-03,SF,SD,2,3,0.0,0.42219510674476624,0.4036,SD,SD,1
20250603_TEX@TB,2025-06-03,TB,TEX,5,1,1.0,0.6299772262573242,0.6744,TB,TB,1
20250602_COL@MIA,2025-06-02,MIA,COL,4,6,0.0,0.6295103430747986,0.6738,MIA,COL,0
20250602_DET@CWS,2025-06-02,CWS,DET,1,13,0.0,0.3329314589500427,0.2729,DET,DET,1
20250602_LAA@BOS,2025-06-02,BOS,LAA,6,7,0.0,0.5006442666053772,0.5,BOS,LAA,0
20250602_MIL@CIN,2025-06-02,CIN,MIL,2,3,0.0,0.42121458053588867,0.4021,MIL,MIL,1
20250602_MIN@ATH,2025-06-02,ATH,MIN,4,10,0.0,0.46634393930435175,0.4715,MIN,MIN,1
20250602_NYM@LAD,2025-06-02,LAD,NYM,3,4,0.0,0.7004355788230896,0.7719,LAD,NYM,0
20250602_SD@SF,2025-06-02,SF,SD,0,1,0.0,0.5072944164276123,0.5,SF,SD,0
20250601_ATH@TOR,2025-06-01,TOR,ATH,8,4,1.0,0.6272408962249756,0.6704,TOR,TOR,1
20250601_BOS@ATL,2025-06-01,ATL,BOS,1,3,0.0,0.563876211643219,0.5751,ATL,BOS,0
20250601_CIN@CHC,2025-06-01,CHC,CIN,7,3,1.0,0.5679053068161011,0.5813,CHC,CHC,1
20250601_COL@NYM,2025-06-01,NYM,COL,5,3,1.0,0.7815868854522706,0.8673,NYM,NYM,1
20250601_CWS@BAL,2025-06-01,BAL,CWS,3,2,1.0,0.6158959269523622,0.6538,BAL,BAL,1
20250601_DET@KC,2025-06-01,KC,DET,0,1,0.0,0.5594147443771362,0.5683,KC,DET,0
20250601_LAA@CLE,2025-06-01,CLE,LAA,4,2,1.0,0.6688565015792847,0.7296,CLE,CLE,1
20250601_MIL@PHI,2025-06-01,PHI,MIL,2,5,0.0,0.6460294723510742,0.6976,PHI,MIL,0
20250601_MIN@SEA,2025-06-01,SEA,MIN,2,1,1.0,0.632964551448822,0.6788,SEA,SEA,1
20250601_NYY@LAD,2025-06-01,LAD,NYY,3,7,0.0,0.6350033283233643,0.6817,LAD,NYY,0
20250601_PIT@SD,2025-06-01,SD,PIT,6,4,1.0,0.7029641270637512,0.7751,SD,SD,1
20250601_SF@MIA,2025-06-01,MIA,SF,2,4,0.0,0.5089028477668762,0.5,MIA,SF,0
20250601_STL@TEX,2025-06-01,TEX,STL,8,1,1.0,0.6011109352111816,0.6317,TEX,TEX,1
20250601_TB@HOU,2025-06-01,HOU,TB,1,0,1.0,0.5447466969490051,0.5456,HOU,HOU,1
20250601_WSH@AZ,2025-06-01,AZ,WSH,3,1,1.0,0.6872346997261046,0.7545,AZ,AZ,1
20250531_ATH@TOR,2025-05-31,TOR,ATH,8,7,1.0,0.5804795026779175,0.6005,TOR,TOR,1
20250531_BOS@ATL,2025-05-31,ATL,BOS,5,0,1.0,0.6631994843482971,0.7218,ATL,ATL,1
20250531_CIN@CHC,2025-05-31,CHC,CIN,2,0,1.0,0.591213881969452,0.6168,CHC,CHC,1
20250531_COL@NYM,2025-05-31,NYM,COL,8,2,1.0,0.8239099383354188,0.9082,NYM,NYM,1
20250531_CWS@BAL,2025-05-31,BAL,CWS,4,2,1.0,0.669313907623291,0.7302,BAL,BAL,1
20250531_DET@KC,2025-05-31,KC,DET,1,0,1.0,0.4272525012493134,0.4113,DET,KC,0
20250531_LAA@CLE,2025-05-31,CLE,LAA,7,5,1.0,0.623436450958252,0.6649,CLE,CLE,1
20250531_MIL@PHI,2025-05-31,PHI,MIL,7,17,0.0,0.6217051148414612,0.6623,PHI,MIL,0
20250531_MIN@SEA,2025-05-31,SEA,MIN,5,4,1.0,0.641029953956604,0.6904,SEA,SEA,1
20250531_NYY@LAD,2025-05-31,LAD,NYY,18,2,1.0,0.500036895275116,0.5,LAD,LAD,1
20250531_PIT@SD,2025-05-31,SD,PIT,0,5,0.0,0.6518189907073975,0.7058,SD,PIT,0
20250531_SF@MIA,2025-05-31,MIA,SF,1,0,1.0,0.43201285600662237,0.4186,SF,MIA,0
20250531_STL@TEX,2025-05-31,TEX,STL,0,2,0.0,0.5229920744895935,0.5119,TEX,STL,0
20250531_TB@HOU,2025-05-31,HOU,TB,3,16,0.0,0.5322411060333252,0.5263,HOU,TB,0
20250531_WSH@AZ,2025-05-31,AZ,WSH,7,11,0.0,0.5668812394142151,0.5797,AZ,WSH,0
20250530_ATH@TOR,2025-05-30,TOR,ATH,11,7,1.0,0.6279277205467224,0.6715,TOR,TOR,1
20250530_BOS@ATL,2025-05-30,ATL,BOS,1,5,0.0,0.5983778834342957,0.6276,ATL,BOS,0
20250530_CIN@CHC,2025-05-30,CHC,CIN,2,6,0.0,0.5609187483787537,0.5706,CHC,CIN,0
20250530_COL@NYM,2025-05-30,NYM,COL,4,2,1.0,0.8301258683204652,0.9136,NYM,NYM,1
20250530_CWS@BAL,2025-05-30,BAL,CWS,2,1,1.0,0.6848418712615967,0.7513,BAL,BAL,1
20250530_DET@KC,2025-05-30,KC,DET,5,7,0.0,0.5094287395477295,0.5,KC,DET,0
20250530_LAA@CLE,2025-05-30,CLE,LAA,1,4,0.0,0.6494171023368835,0.7024,CLE,LAA,0
20250530_MIL@PHI,2025-05-30,PHI,MIL,2,6,0.0,0.524743378162384,0.5147,PHI,MIL,0
20250530_MIN@SEA,2025-05-30,SEA,MIN,6,12,0.0,0.531057596206665,0.5244,SEA,MIN,0
20250530_NYY@LAD,2025-05-30,LAD,NYY,8,5,1.0,0.6614722609519958,0.7194,LAD,LAD,1
20250530_PIT@SD,2025-05-30,SD,PIT,3,2,1.0,0.6115001440048218,0.6472,SD,SD,1
20250530_SF@MIA,2025-05-30,MIA,SF,0,2,0.0,0.43066516518592834,0.4165,SF,SF,1
20250530_STL@TEX,2025-05-30,TEX,STL,11,1,1.0,0.6701362133026123,0.7314,TEX,TEX,1
20250530_TB@HOU,2025-05-30,HOU,TB,2,1,1.0,0.555221199989319,0.5618,HOU,HOU,1
20250530_WSH@AZ,2025-05-30,AZ,WSH,7,9,0.0,0.6003302335739137,0.6306,AZ,WSH,0
20250529_ATH@TOR,2025-05-29,TOR,ATH,12,0,1.0,0.5639162063598633,0.5751,TOR,TOR,1
20250529_ATL@PHI,2025-05-29,PHI,ATL,5,4,1.0,0.594296395778656,0.6218,PHI,PHI,1
20250529_ATL@PHI_2,2025-05-29,PHI,ATL,3,9,0.0,0.6062771081924438,0.6399,PHI,ATL,0
20250529_TB@HOU,2025-05-29,HOU,TB,3,13,0.0,0.5033379197120665,0.5,HOU,TB,0
20250529_WSH@SEA,2025-05-29,SEA,WSH,3,9,0.0,0.5566071271896362,0.5637,SEA,WSH,0
20250528_ATH@HOU,2025-05-28,HOU,ATH,5,3,1.0,0.5397551655769348,0.5375,HOU,HOU,1
20250528_BOS@MIL,2025-05-28,MIL,BOS,6,5,1.0,0.5578681826591492,0.5657,MIL,MIL,1
20250528_CIN@KC,2025-05-28,KC,CIN,3,2,1.0,0.5497832894325256,0.5531,KC,KC,1
20250528_COL@CHC,2025-05-28,CHC,COL,2,1,1.0,0.7659918665885925,0.8521,CHC,CHC,1
20250528_CWS@NYM,2025-05-28,NYM,CWS,4,9,0.0,0.7312334775924683,0.812,NYM,CWS,0
20250528_LAD@CLE,2025-05-28,CLE,LAD,7,4,1.0,0.4623179733753205,0.4658,LAD,CLE,0
20250528_MIA@SD,2025-05-28,SD,MIA,8,10,0.0,0.504265010356903,0.5,SD,MIA,0
20250528_MIN@TB,2025-05-28,TB,MIN,5,0,1.0,0.5333945155143738,0.5275,TB,TB,1
20250528_NYY@LAA,2025-05-28,LAA,NYY,0,1,0.0,0.3285849094390869,0.2657,NYY,NYY,1
20250528_PIT@AZ,2025-05-28,AZ,PIT,1,10,0.0,0.6247878670692444,0.6675,AZ,PIT,0
20250528_SF@DET,2025-05-28,DET,SF,4,3,1.0,0.6292186975479126,0.6741,DET,DET,1
20250528_STL@BAL,2025-05-28,BAL,STL,4,6,0.0,0.5759096741676331,0.5936,BAL,STL,0
20250528_TOR@TEX,2025-05-28,TEX,TOR,0,2,0.0,0.46589288115501404,0.4713,TOR,TOR,1
20250528_WSH@SEA,2025-05-28,SEA,WSH,0,9,0.0,0.6857785582542419,0.7538,SEA,WSH,0
20250527_ATH@HOU,2025-05-27,HOU,ATH,11,1,1.0,0.7281138300895691,0.8082,HOU,HOU,1
20250527_ATL@PHI,2025-05-27,PHI,ATL,2,0,1.0,0.6332405805587769,0.68,PHI,PHI,1
20250527_BOS@MIL,2025-05-27,MIL,BOS,5,1,1.0,0.401785671710968,0.3723,BOS,MIL,0
20250527_CIN@KC,2025-05-27,KC,CIN,2,7,0.0,0.45589300990104675,0.4557,CIN,CIN,1
20250527_COL@CHC,2025-05-27,CHC,COL,4,3,1.0,0.7545775175094604,0.8394,CHC,CHC,1
20250527_CWS@NYM,2025-05-27,NYM,CWS,6,4,1.0,0.7210695743560791,0.7995,NYM,NYM,1
20250527_LAD@CLE,2025-05-27,CLE,LAD,5,9,0.0,0.41232812404632563,0.3883,LAD,LAD,1
20250527_MIA@SD,2025-05-27,SD,MIA,8,6,1.0,0.6442227959632874,0.6959,SD,SD,1
20250527_MIN@TB,2025-05-27,TB,MIN,2,4,0.0,0.4838647246360779,0.4994,MIN,MIN,1
20250527_NYY@LAA,2025-05-27,LAA,NYY,2,3,0.0,0.4867682754993439,0.5,NYY,NYY,1
20250527_PIT@AZ,2025-05-27,AZ,PIT,6,9,0.0,0.7376701831817627,0.8197,AZ,PIT,0
20250527_SF@DET,2025-05-27,DET,SF,3,1,1.0,0.5004199147224426,0.5,DET,DET,1
20250527_STL@BAL,2025-05-27,BAL,STL,4,7,0.0,0.5433672666549683,0.5431,BAL,STL,0
20250527_TOR@TEX,2025-05-27,TEX,TOR,2,0,1.0,0.5203491449356079,0.5072,TEX,TEX,1
20250527_WSH@SEA,2025-05-27,SEA,WSH,9,1,1.0,0.6343898177146912,0.6816,SEA,SEA,1
20250526_BOS@MIL,2025-05-26,MIL,BOS,3,2,1.0,0.40527036786079407,0.3776,BOS,MIL,0
20250526_CIN@KC,2025-05-26,KC,CIN,4,7,0.0,0.5309439301490785,0.5237,KC,CIN,0
20250526_COL@CHC,2025-05-26,CHC,COL,3,1,1.0,0.8044437766075134,0.8917,CHC,CHC,1
20250526_CWS@NYM,2025-05-26,NYM,CWS,2,1,1.0,0.7411155104637145,0.8238,NYM,NYM,1
20250526_LAD@CLE,2025-05-26,CLE,LAD,2,7,0.0,0.426114946603775,0.4095,LAD,LAD,1
20250526_MIA@SD,2025-05-26,SD,MIA,4,3,1.0,0.593505859375,0.6206,SD,SD,1
20250526_MIN@TB,2025-05-26,TB,MIN,7,2,1.0,0.5959761142730713,0.6243,TB,TB,1
20250526_NYY@LAA,2025-05-26,LAA,NYY,1,5,0.0,0.2702982723712921,0.1899,NYY,NYY,1
20250526_PIT@AZ,2025-05-26,AZ,PIT,5,0,1.0,0.6895361542701721,0.7589,AZ,AZ,1
20250526_SF@DET,2025-05-26,DET,SF,3,1,1.0,0.4716798961162567,0.4804,SF,DET,0
20250526_STL@BAL,2025-05-26,BAL,STL,5,2,1.0,0.5646244883537292,0.5762,BAL,BAL,1
20250526_TOR@TEX,2025-05-26,TEX,TOR,1,2,0.0,0.5292314887046814,0.521,TEX,TOR,0
20250525_AZ@STL,2025-05-25,STL,AZ,4,3,1.0,0.5400112271308898,0.5379,STL,STL,1
20250525_BAL@BOS,2025-05-25,BOS,BAL,1,5,0.0,0.5117288827896118,0.5,BOS,BAL,0
20250525_CHC@CIN,2025-05-25,CIN,CHC,8,11,0.0,0.37252986431121826,0.3285,CHC,CHC,1
20250525_CLE@DET,2025-05-25,DET,CLE,5,0,1.0,0.6735402345657349,0.7372,DET,DET,1
20250525_KC@MIN,2025-05-25,MIN,KC,1,2,0.0,0.6732224225997925,0.7368,MIN,KC,0
20250525_LAD@NYM,2025-05-25,NYM,LAD,3,1,1.0,0.4281569123268127,0.4126,LAD,NYM,0
20250525_MIA@LAA,2025-05-25,LAA,MIA,0,3,0.0,0.4160110354423523,0.394,MIA,MIA,1
20250525_MIL@PIT,2025-05-25,PIT,MIL,5,6,0.0,0.44648250937461853,0.4411,MIL,MIL,1
20250525_NYY@COL,2025-05-25,COL,NYY,4,5,0.0,0.30186301469802856,0.2298,NYY,NYY,1
20250525_PHI@ATH,2025-05-25,ATH,PHI,5,4,1.0,0.4569684267044068,0.4574,PHI,ATH,0
20250525_SD@ATL,2025-05-25,ATL,SD,3,5,0.0,0.47479140758514404,0.4852,SD,SD,1
20250525_SEA@HOU,2025-05-25,HOU,SEA,5,3,1.0,0.5448485612869263,0.5454,HOU,HOU,1
20250525_SF@WSH,2025-05-25,WSH,SF,2,3,0.0,0.39536929130554194,0.3626,SF,SF,1
20250525_TEX@CWS,2025-05-25,CWS,TEX,4,5,0.0,0.5044870972633362,0.5,CWS,TEX,0
20250525_TOR@TB,2025-05-25,TB,TOR,13,0,1.0,0.5266308188438416,0.517,TB,TB,1
20250524_AZ@STL,2025-05-24,STL,AZ,6,5,1.0,0.5696496963500977,0.584,STL,STL,1
20250524_BAL@BOS,2025-05-24,BOS,BAL,6,5,1.0,0.541618287563324,0.5404,BOS,BOS,1
20250524_BAL@BOS_2,2025-05-24,BOS,BAL,1,2,0.0,0.5626692771911621,0.5732,BOS,BAL,0
20250524_CHC@CIN,2025-05-24,CIN,CHC,6,4,1.0,0.4163945615291595,0.3945,CHC,CIN,0
20250524_CLE@DET,2025-05-24,DET,CLE,5,7,0.0,0.5098463892936707,0.5,DET,CLE,0
20250524_KC@MIN,2025-05-24,MIN,KC,5,4,1.0,0.567940890789032,0.5813,MIN,MIN,1
20250524_LAD@NYM,2025-05-24,NYM,LAD,5,2,1.0,0.42834213376045227,0.4129,LAD,NYM,0
20250524_MIA@LAA,2025-05-24,LAA,MIA,2,6,0.0,0.39377301931381226,0.3602,MIA,MIA,1
20250524_MIL@PIT,2025-05-24,PIT,MIL,2,1,1.0,0.4893131256103516,0.5,MIL,PIT,0
20250524_NYY@COL,2025-05-24,COL,NYY,1,13,0.0,0.261262983083725,0.179,NYY,NYY,1
20250524_PHI@ATH,2025-05-24,ATH,PHI,6,9,0.0,0.4561726450920105,0.4562,PHI,PHI,1
20250524_SD@ATL,2025-05-24,ATL,SD,7,1,1.0,0.45421853661537176,0.4531,SD,ATL,0
20250524_SEA@HOU,2025-05-24,HOU,SEA,2,1,1.0,0.6193885207176208,0.6595,HOU,HOU,1
20250524_SF@WSH,2025-05-24,WSH,SF,3,0,1.0,0.4996527433395386,0.5,SF,WSH,0
20250524_TEX@CWS,2025-05-24,CWS,TEX,10,5,1.0,0.4138796031475067,0.3907,TEX,CWS,0
20250524_TOR@TB,2025-05-24,TB,TOR,3,1,1.0,0.5560390949249268,0.5629,TB,TB,1
20250523_AZ@STL,2025-05-23,STL,AZ,4,3,1.0,0.5959097146987915,0.6242,STL,STL,1
20250523_BAL@BOS,2025-05-23,BOS,BAL,19,5,1.0,0.5754600167274475,0.5929,BOS,BOS,1
20250523_CHC@CIN,2025-05-23,CIN,CHC,6,13,0.0,0.41589140892028814,0.3938,CHC,CHC,1
20250523_CLE@DET,2025-05-23,DET,CLE,1,3,0.0,0.4862849414348603,0.5,CLE,CLE,1
20250523_KC@MIN,2025-05-23,MIN,KC,3,1,1.0,0.5732833743095398,0.5896,MIN,MIN,1
20250523_LAD@NYM,2025-05-23,NYM,LAD,5,7,0.0,0.537917971611023,0.5346,NYM,LAD,0
20250523_MIA@LAA,2025-05-23,LAA,MIA,7,4,1.0,0.4907824099063874,0.5,MIA,LAA,0
20250523_MIL@PIT,2025-05-23,PIT,MIL,6,5,1.0,0.5421433448791504,0.5412,PIT,PIT,1
20250523_NYY@COL,2025-05-23,COL,NYY,3,2,1.0,0.2454131990671158,0.1606,NYY,COL,0
20250523_PHI@ATH,2025-05-23,ATH,PHI,3,4,0.0,0.2787420153617859,0.2003,PHI,PHI,1
20250523_SD@ATL,2025-05-23,ATL,SD,1,2,0.0,0.5002937316894531,0.5,ATL,SD,0
20250523_SEA@HOU,2025-05-23,HOU,SEA,3,5,0.0,0.5926074981689453,0.6192,HOU,SEA,0
20250523_SF@WSH,2025-05-23,WSH,SF,0,4,0.0,0.46482771635055536,0.4697,SF,SF,1
20250523_TEX@CWS,2025-05-23,CWS,TEX,4,1,1.0,0.43983587622642517,0.4307,TEX,CWS,0
20250523_TOR@TB,2025-05-23,TB,TOR,3,1,1.0,0.5315483808517456,0.5247,TB,TB,1
20250522_ATL@WSH,2025-05-22,WSH,ATL,8,7,1.0,0.5010528197347762,0.5,WSH,WSH,1
20250522_CLE@DET,2025-05-22,DET,CLE,0,7,0.0,0.535024176571269,0.5291,DET,CLE,0
20250522_LAA@ATH,2025-05-22,ATH,LAA,5,10,0.0,0.5477442322704377,0.5492,ATH,LAA,0
20250522_MIL@PIT,2025-05-22,PIT,MIL,5,8,0.0,0.4901092841655054,0.5,MIL,MIL,1
20250522_PHI@COL,2025-05-22,COL,PHI,0,2,0.0,0.45695931057711897,0.4582,PHI,PHI,1
20250522_SD@TOR,2025-05-22,TOR,SD,7,6,1.0,0.5136425625682575,0.5,TOR,TOR,1
20250522_SEA@HOU,2025-05-22,HOU,SEA,9,2,1.0,0.5341007864623982,0.5277,HOU,HOU,1
20250522_TEX@NYY,2025-05-22,NYY,TEX,1,0,1.0,0.5684970984401968,0.5818,NYY,NYY,1
20250521_AZ@LAD,2025-05-21,LAD,AZ,3,1,1.0,0.5344049533795292,0.5281,LAD,LAD,1
20250521_BAL@MIL,2025-05-21,MIL,BAL,4,8,0.0,0.5445723050926277,0.5442,MIL,BAL,0
20250521_CHC@MIA,2025-05-21,MIA,CHC,1,2,0.0,0.49445888761399803,0.5,CHC,CHC,1
20250521_CIN@PIT,2025-05-21,PIT,CIN,3,1,1.0,0.4828983876067028,0.4992,CIN,PIT,0
20250521_CLE@MIN,2025-05-21,MIN,CLE,1,5,0.0,0.5348616064755027,0.5289,MIN,CLE,0
20250521_DET@STL,2025-05-21,STL,DET,1,5,0.0,0.5410947298918695,0.5387,STL,DET,0
20250521_HOU@TB,2025-05-21,TB,HOU,8,4,1.0,0.4860284979972373,0.5,HOU,TB,0
20250521_KC@SF,2025-05-21,SF,KC,4,8,0.0,0.560828995157987,0.5698,SF,KC,0
20250521_LAA@ATH,2025-05-21,ATH,LAA,5,10,0.0,0.5226913907547839,0.5096,ATH,LAA,0
20250521_NYM@BOS,2025-05-21,BOS,NYM,1,5,0.0,0.493545984392816,0.5,NYM,NYM,1
20250521_PHI@COL,2025-05-21,COL,PHI,5,9,0.0,0.4905284790234232,0.5,PHI,PHI,1
20250521_SD@TOR,2025-05-21,TOR,SD,14,0,1.0,0.4659885894544911,0.4725,SD,TOR,0
20250521_SEA@CWS,2025-05-21,CWS,SEA,5,6,0.0,0.45753387749256136,0.4591,SEA,SEA,1
20250521_TEX@NYY,2025-05-21,NYY,TEX,4,3,1.0,0.5679311491401532,0.5809,NYY,NYY,1
20250520_ATL@WSH,2025-05-20,WSH,ATL,5,3,1.0,0.49055916232617586,0.5,ATL,WSH,0
20250520_AZ@LAD,2025-05-20,LAD,AZ,4,3,1.0,0.5341617552732828,0.5277,LAD,LAD,1
20250520_BAL@MIL,2025-05-20,MIL,BAL,5,2,1.0,0.5726991970339101,0.5884,MIL,MIL,1
20250520_CHC@MIA,2025-05-20,MIA,CHC,1,14,0.0,0.466376234926542,0.4731,CHC,CHC,1
20250520_CIN@PIT,2025-05-20,PIT,CIN,1,0,1.0,0.5097628193389021,0.5,PIT,PIT,1
20250520_DET@STL,2025-05-20,STL,DET,4,5,0.0,0.5560277477348736,0.5623,STL,DET,0
20250520_HOU@TB,2025-05-20,TB,HOU,3,2,1.0,0.48573370340731115,0.5,HOU,TB,0
20250520_KC@SF,2025-05-20,SF,KC,3,2,1.0,0.5599713515508682,0.5685,SF,SF,1
20250520_LAA@ATH,2025-05-20,ATH,LAA,5,7,0.0,0.5627466230759769,0.5728,ATH,LAA,0
20250520_NYM@BOS,2025-05-20,BOS,NYM,2,0,1.0,0.49341220756320414,0.5,NYM,BOS,0
20250520_PHI@COL,2025-05-20,COL,PHI,4,7,0.0,0.45472300528665227,0.4547,PHI,PHI,1
20250520_SD@TOR,2025-05-20,TOR,SD,3,0,1.0,0.5147385138499629,0.5,TOR,TOR,1
20250520_SEA@CWS,2025-05-20,CWS,SEA,1,0,1.0,0.49509961376872536,0.5,SEA,CWS,0
20250520_TEX@NYY,2025-05-20,NYY,TEX,5,2,1.0,0.5679490034207265,0.581,NYY,NYY,1
20250519_AZ@LAD,2025-05-19,LAD,AZ,5,9,0.0,0.5342892505110256,0.528,LAD,AZ,0
20250519_BAL@MIL,2025-05-19,MIL,BAL,5,4,1.0,0.546204469507214,0.5468,MIL,MIL,1
20250519_CHC@MIA,2025-05-19,MIA,CHC,8,7,1.0,0.5026683757050309,0.5,MIA,MIA,1
20250519_CIN@PIT,2025-05-19,PIT,CIN,1,7,0.0,0.48169788098575855,0.4973,CIN,CIN,1
20250519_CLE@MIN,2025-05-19,MIN,CLE,6,5,1.0,0.5148741103317653,0.5,MIN,MIN,1
20250519_DET@STL,2025-05-19,STL,DET,11,4,1.0,0.518893277633822,0.5036,STL,STL,1
20250519_HOU@TB,2025-05-19,TB,HOU,3,4,0.0,0.496540256743992,0.5,HOU,HOU,1
20250519_KC@SF,2025-05-19,SF,KC,1,3,0.0,0.5539385679523822,0.559,SF,KC,0
20250519_LAA@ATH,2025-05-19,ATH,LAA,3,4,0.0,0.5468775239043513,0.5478,ATH,LAA,0
20250519_NYM@BOS,2025-05-19,BOS,NYM,3,1,1.0,0.4818144197895061,0.4975,NYM,BOS,0
20250519_PHI@COL,2025-05-19,COL,PHI,3,9,0.0,0.45178817582458036,0.4501,PHI,PHI,1
20250519_SEA@CWS,2025-05-19,CWS,SEA,1,5,0.0,0.4848700818719765,0.5,SEA,SEA,1
20250518_ATH@SF,2025-05-18,SF,ATH,3,2,1.0,0.5551127372502366,0.5608,SF,SF,1
20250518_ATL@BOS,2025-05-18,BOS,ATL,4,10,0.0,0.4897212799903061,0.5,ATL,ATL,1
20250518_CLE@CIN,2025-05-18,CIN,CLE,3,1,1.0,0.5018996592525728,0.5,CIN,CIN,1
20250518_COL@AZ,2025-05-18,AZ,COL,1,0,1.0,0.6387319178460785,0.6888,AZ,AZ,1
20250518_CWS@CHC,2025-05-18,CHC,CWS,6,2,1.0,0.6221534786114699,0.6642,CHC,CHC,1
20250518_DET@TOR,2025-05-18,TOR,DET,2,3,0.0,0.48682093556811734,0.5,DET,DET,1
20250518_HOU@TEX,2025-05-18,TEX,HOU,3,4,0.0,0.5330409827704122,0.526,TEX,HOU,0
20250518_LAA@LAD,2025-05-18,LAD,LAA,4,6,0.0,0.5908516744906493,0.6166,LAD,LAA,0
20250518_MIN@MIL,2025-05-18,MIL,MIN,5,2,1.0,0.5388788740930115,0.5352,MIL,MIL,1
20250518_NYM@NYY,2025-05-18,NYY,NYM,8,2,1.0,0.5302174363017889,0.5215,NYY,NYY,1
20250518_PIT@PHI,2025-05-18,PHI,PIT,1,0,1.0,0.5976622219579086,0.6271,PHI,PHI,1
20250518_SEA@SD,2025-05-18,SD,SEA,1,6,0.0,0.5773994668460649,0.5957,SD,SEA,0
20250518_STL@KC,2025-05-18,KC,STL,2,1,1.0,0.5382878957494192,0.5343,KC,KC,1
20250518_TB@MIA,2025-05-18,MIA,TB,5,1,1.0,0.4952392701961505,0.5,TB,MIA,0
20250518_WSH@BAL,2025-05-18,BAL,WSH,4,10,0.0,0.5431755868996164,0.542,BAL,WSH,0
20250517_ATH@SF,2025-05-17,SF,ATH,1,0,1.0,0.5753143392219384,0.5925,SF,SF,1
20250517_ATL@BOS,2025-05-17,BOS,ATL,7,6,1.0,0.49127080447400506,0.5,ATL,BOS,0
20250517_CLE@CIN,2025-05-17,CIN,CLE,4,1,1.0,0.5139816196431488,0.5,CIN,CIN,1
20250517_COL@AZ,2025-05-17,AZ,COL,12,14,0.0,0.6235218749379806,0.6663,AZ,COL,0
20250517_CWS@CHC,2025-05-17,CHC,CWS,7,3,1.0,0.6225606900236225,0.6648,CHC,CHC,1
20250517_DET@TOR,2025-05-17,TOR,DET,2,1,1.0,0.5367596197352724,0.5319,TOR,TOR,1
20250517_HOU@TEX,2025-05-17,TEX,HOU,5,1,1.0,0.5045932581441718,0.5,TEX,TEX,1
20250517_LAA@LAD,2025-05-17,LAD,LAA,9,11,0.0,0.5731331421346904,0.5891,LAD,LAA,0
20250517_MIN@MIL,2025-05-17,MIL,MIN,0,7,0.0,0.5211329301078088,0.5071,MIL,MIN,0
20250517_NYM@NYY,2025-05-17,NYY,NYM,2,3,0.0,0.5298453411094763,0.5209,NYY,NYM,0
20250517_PIT@PHI,2025-05-17,PHI,PIT,5,2,1.0,0.6300631320205408,0.676,PHI,PHI,1
20250517_SEA@SD,2025-05-17,SD,SEA,1,4,0.0,0.5575300561638991,0.5646,SD,SEA,0
20250517_STL@KC,2025-05-17,KC,STL,0,1,0.0,0.5612353045933591,0.5704,KC,STL,0
20250517_TB@MIA,2025-05-17,MIA,TB,0,4,0.0,0.4752542895588226,0.4871,TB,TB,1
20250517_WSH@BAL,2025-05-17,BAL,WSH,6,10,0.0,0.5347440734623045,0.5287,BAL,WSH,0
20250516_ATH@SF,2025-05-16,SF,ATH,9,1,1.0,0.5410132690959014,0.5386,SF,SF,1
20250516_ATL@BOS,2025-05-16,BOS,ATL,2,4,0.0,0.5075974588453671,0.5,BOS,ATL,0
20250516_CLE@CIN,2025-05-16,CIN,CLE,5,4,1.0,0.5133551621287559,0.5,CIN,CIN,1
20250516_COL@AZ,2025-05-16,AZ,COL,8,0,1.0,0.6434100148850118,0.6956,AZ,AZ,1
20250516_CWS@CHC,2025-05-16,CHC,CWS,13,3,1.0,0.6211664375834387,0.6628,CHC,CHC,1
20250516_DET@TOR,2025-05-16,TOR,DET,4,5,0.0,0.481306996327519,0.4967,DET,DET,1
20250516_HOU@TEX,2025-05-16,TEX,HOU,3,6,0.0,0.5059517584644752,0.5,TEX,HOU,0
20250516_LAA@LAD,2025-05-16,LAD,LAA,2,6,0.0,0.6048409356129449,0.6381,LAD,LAA,0
20250516_MIN@MIL,2025-05-16,MIL,MIN,0,3,0.0,0.5215322203711078,0.5078,MIL,MIN,0
20250516_NYM@NYY,2025-05-16,NYY,NYM,6,2,1.0,0.5303527320466129,0.5217,NYY,NYY,1
20250516_PIT@PHI,2025-05-16,PHI,PIT,8,4,1.0,0.5985995656724108,0.6285,PHI,PHI,1
20250516_SEA@SD,2025-05-16,SD,SEA,1,5,0.0,0.5367741381613147,0.5319,SD,SEA,0
20250516_STL@KC,2025-05-16,KC,STL,3,10,0.0,0.5578055541648756,0.5651,KC,STL,0
20250516_TB@MIA,2025-05-16,MIA,TB,9,4,1.0,0.45563758148989497,0.4561,TB,MIA,0
20250516_WSH@BAL,2025-05-16,BAL,WSH,3,4,0.0,0.5363682498487897,0.5312,BAL,WSH,0
20250515_ATH@LAD,2025-05-15,LAD,ATH,19,2,1.0,0.5513760564054516,0.5544,LAD,LAD,1
20250515_CWS@CIN,2025-05-15,CIN,CWS,7,1,1.0,0.575530525332483,0.5922,CIN,CIN,1
20250515_HOU@TEX,2025-05-15,TEX,HOU,1,0,1.0,0.5023282069750102,0.5,TEX,TEX,1
20250515_MIN@BAL,2025-05-15,BAL,MIN,0,4,0.0,0.5191317638790919,0.5035,BAL,MIN,0
20250515_TB@TOR,2025-05-15,TOR,TB,3,8,0.0,0.4998828669291513,0.5,TB,TB,1
20250515_WSH@ATL,2025-05-15,ATL,WSH,5,2,1.0,0.5841822792612009,0.6057,ATL,ATL,1
20250514_ATH@LAD,2025-05-14,LAD,ATH,9,3,1.0,0.5506810515466695,0.5533,LAD,LAD,1
20250514_AZ@SF,2025-05-14,SF,AZ,7,8,0.0,0.500508840153878,0.5,SF,AZ,0
20250514_BOS@DET,2025-05-14,DET,BOS,6,5,1.0,0.5444871008476462,0.5435,DET,DET,1
20250514_COL@TEX,2025-05-14,TEX,COL,8,3,1.0,0.6017086032564599,0.6327,TEX,TEX,1
20250514_CWS@CIN,2025-05-14,CIN,CWS,2,4,0.0,0.5763656155415904,0.5935,CIN,CWS,0
20250514_KC@HOU,2025-05-14,HOU,KC,4,3,1.0,0.5398311949941539,0.5362,HOU,HOU,1
20250514_LAA@SD,2025-05-14,SD,LAA,5,1,1.0,0.5843860368019795,0.606,SD,SD,1
20250514_MIA@CHC,2025-05-14,CHC,MIA,1,3,0.0,0.5536727756424675,0.558,CHC,MIA,0
20250514_MIL@CLE,2025-05-14,CLE,MIL,5,9,0.0,0.5305423479570831,0.5215,CLE,MIL,0
20250514_MIN@BAL,2025-05-14,BAL,MIN,6,8,0.0,0.5188684665950031,0.5031,BAL,MIN,0
20250514_MIN@BAL_2,2025-05-14,BAL,MIN,3,6,0.0,0.5181874473249486,0.502,BAL,MIN,0
20250514_NYY@SEA,2025-05-14,SEA,NYY,2,3,0.0,0.5400975200069849,0.5366,SEA,NYY,0
20250514_PIT@NYM,2025-05-14,NYM,PIT,0,4,0.0,0.6014582964286412,0.6323,NYM,PIT,0
20250514_STL@PHI,2025-05-14,PHI,STL,2,1,1.0,0.5503857192160716,0.5528,PHI,PHI,1
20250514_STL@PHI_2,2025-05-14,PHI,STL,7,14,0.0,0.5349106327578839,0.5284,PHI,STL,0
20250514_TB@TOR,2025-05-14,TOR,TB,3,1,1.0,0.5163484165889737,0.5,TOR,TOR,1
20250514_WSH@ATL,2025-05-14,ATL,WSH,4,5,0.0,0.5831963421172417,0.6041,ATL,WSH,0
20250513_ATH@LAD,2025-05-13,LAD,ATH,1,11,0.0,0.5513350487696953,0.5543,LAD,ATH,0
20250513_AZ@SF,2025-05-13,SF,AZ,10,6,1.0,0.5162964914999904,0.5,SF,SF,1
20250513_BOS@DET,2025-05-13,DET,BOS,10,9,1.0,0.5422972349030265,0.5401,DET,DET,1
20250513_COL@TEX,2025-05-13,TEX,COL,4,1,1.0,0.6010831063338055,0.6317,TEX,TEX,1
20250513_CWS@CIN,2025-05-13,CIN,CWS,1,5,0.0,0.5579211613468442,0.5647,CIN,CWS,0
20250513_KC@HOU,2025-05-13,HOU,KC,2,1,1.0,0.541989905918383,0.5396,HOU,HOU,1
20250513_LAA@SD,2025-05-13,SD,LAA,6,4,1.0,0.5854215743709779,0.6076,SD,SD,1
20250513_MIA@CHC,2025-05-13,CHC,MIA,5,4,1.0,0.5726326467132756,0.5877,CHC,CHC,1
20250513_MIL@CLE,2025-05-13,CLE,MIL,2,0,1.0,0.5293975334918924,0.5197,CLE,CLE,1
20250513_NYY@SEA,2025-05-13,SEA,NYY,2,1,1.0,0.5268356844383494,0.5156,SEA,SEA,1
20250513_PIT@NYM,2025-05-13,NYM,PIT,2,1,1.0,0.600974729715809,0.6315,NYM,NYM,1
20250513_TB@TOR,2025-05-13,TOR,TB,9,11,0.0,0.515361885736542,0.5,TOR,TB,0
20250513_WSH@ATL,2025-05-13,ATL,WSH,5,2,1.0,0.5654779981162812,0.5765,ATL,ATL,1
20250512_AZ@SF,2025-05-12,SF,AZ,1,2,0.0,0.5011406112636083,0.5,SF,AZ,0
20250512_BOS@DET,2025-05-12,DET,BOS,14,2,1.0,0.5437950922731417,0.5424,DET,DET,1
20250512_COL@TEX,2025-05-12,TEX,COL,2,1,1.0,0.5836389664705441,0.6048,TEX,TEX,1
20250512_KC@HOU,2025-05-12,HOU,KC,5,7,0.0,0.5422299241844158,0.5399,HOU,KC,0
20250512_LAA@SD,2025-05-12,SD,LAA,5,9,0.0,0.5671243933573313,0.5791,SD,LAA,0
20250512_MIA@CHC,2025-05-12,CHC,MIA,5,2,1.0,0.572728344949685,0.5879,CHC,CHC,1
20250512_MIL@CLE,2025-05-12,CLE,MIL,5,0,1.0,0.5285869336568438,0.5184,CLE,CLE,1
20250512_NYY@SEA,2025-05-12,SEA,NYY,5,11,0.0,0.5416536797163196,0.539,SEA,NYY,0
20250512_PIT@NYM,2025-05-12,NYM,PIT,4,3,1.0,0.5829479166116632,0.6038,NYM,NYM,1
20250512_STL@PHI,2025-05-12,PHI,STL,2,3,0.0,0.5498587746253069,0.552,PHI,STL,0
20250512_WSH@ATL,2025-05-12,ATL,WSH,4,3,1.0,0.5841976230083091,0.6057,ATL,ATL,1
20250511_ATL@PIT,2025-05-11,PIT,ATL,4,3,1.0,0.49982572936276864,0.5,ATL,PIT,0
20250511_BAL@LAA,2025-05-11,LAA,BAL,3,7,0.0,0.5228162833619738,0.5093,LAA,BAL,0
20250511_BOS@KC,2025-05-11,KC,BOS,1,3,0.0,0.5170404917388993,0.5002,KC,BOS,0
20250511_CHC@NYM,2025-05-11,NYM,CHC,6,2,1.0,0.533034470305965,0.5254,NYM,NYM,1
20250511_CIN@HOU,2025-05-11,HOU,CIN,6,0,1.0,0.5639219124541135,0.5741,HOU,HOU,1
20250511_LAD@AZ,2025-05-11,AZ,LAD,1,8,0.0,0.5304001753441361,0.5213,AZ,LAD,0
20250511_MIA@CWS,2025-05-11,CWS,MIA,4,2,1.0,0.5138116567222689,0.5,CWS,CWS,1
20250511_MIL@TB,2025-05-11,TB,MIL,2,4,0.0,0.47607353042948314,0.489,MIL,MIL,1
20250511_NYY@ATH,2025-05-11,ATH,NYY,2,12,0.0,0.4885814878758896,0.5,NYY,NYY,1
20250511_PHI@CLE,2025-05-11,CLE,PHI,0,3,0.0,0.5291259980709323,0.5193,CLE,PHI,0
20250511_SD@COL,2025-05-11,COL,SD,9,3,1.0,0.502129706360974,0.5,COL,COL,1
20250511_SF@MIN,2025-05-11,MIN,SF,7,6,1.0,0.5545905776491507,0.5594,MIN,MIN,1
20250511_STL@WSH,2025-05-11,WSH,STL,1,6,0.0,0.502203753204928,0.5,WSH,STL,0
20250511_TEX@DET,2025-05-11,DET,TEX,1,6,0.0,0.5612015272061441,0.5698,DET,TEX,0
20250511_TOR@SEA,2025-05-11,SEA,TOR,1,9,0.0,0.5603136388968202,0.5684,SEA,TOR,0
20250510_ATL@PIT,2025-05-10,PIT,ATL,2,3,0.0,0.5205235358284195,0.5057,PIT,ATL,0
20250510_BAL@LAA,2025-05-10,LAA,BAL,5,2,1.0,0.5384325217601895,0.534,LAA,LAA,1
20250510_BOS@KC,2025-05-10,KC,BOS,1,10,0.0,0.5393586462877443,0.5354,KC,BOS,0
20250510_CHC@NYM,2025-05-10,NYM,CHC,5,6,0.0,0.5331747613970027,0.5257,NYM,CHC,0
20250510_CIN@HOU,2025-05-10,HOU,CIN,9,13,0.0,0.5666508693030533,0.5784,HOU,CIN,0
20250510_LAD@AZ,2025-05-10,AZ,LAD,3,0,1.0,0.5300709166556872,0.5208,AZ,AZ,1
20250510_MIA@CWS,2025-05-10,CWS,MIA,1,3,0.0,0.5314368309481413,0.5229,CWS,MIA,0
20250510_MIL@TB,2025-05-10,TB,MIL,3,2,1.0,0.524442471054444,0.5119,TB,TB,1
20250510_NYY@ATH,2025-05-10,ATH,NYY,11,7,1.0,0.5014694200365487,0.5,ATH,ATH,1
20250510_PHI@CLE,2025-05-10,CLE,PHI,1,7,0.0,0.528829207500254,0.5188,CLE,PHI,0
20250510_SD@COL,2025-05-10,COL,SD,0,21,0.0,0.48668127026685837,0.5,SD,SD,1
20250510_SF@MIN,2025-05-10,MIN,SF,2,1,1.0,0.5303258481992589,0.5212,MIN,MIN,1
20250510_STL@WSH,2025-05-10,WSH,STL,2,4,0.0,0.522011341540896,0.508,WSH,STL,0
20250510_TEX@DET,2025-05-10,DET,TEX,3,10,0.0,0.5583350691589523,0.5653,DET,TEX,0
20250510_TOR@SEA,2025-05-10,SEA,TOR,3,6,0.0,0.5763228975728061,0.5935,SEA,TOR,0
20250509_ATL@PIT,2025-05-09,PIT,ATL,3,2,1.0,0.5009854912023936,0.5,PIT,PIT,1
20250509_BAL@LAA,2025-05-09,LAA,BAL,1,4,0.0,0.537556147455594,0.5326,LAA,BAL,0
20250509_BOS@KC,2025-05-09,KC,BOS,2,1,1.0,0.5304876594656796,0.5214,KC,KC,1
20250509_CHC@NYM,2025-05-09,NYM,CHC,7,2,1.0,0.531977284470226,0.5238,NYM,NYM,1
20250509_CIN@HOU,2025-05-09,HOU,CIN,3,0,1.0,0.5428838528604554,0.541,HOU,HOU,1
20250509_LAD@AZ,2025-05-09,AZ,LAD,11,14,0.0,0.5292984048913117,0.5195,AZ,LAD,0
20250509_MIA@CWS,2025-05-09,CWS,MIA,6,2,1.0,0.5124527409944087,0.5,CWS,CWS,1
20250509_MIL@TB,2025-05-09,TB,MIL,4,3,1.0,0.5239419529094572,0.5111,TB,TB,1
20250509_NYY@ATH,2025-05-09,ATH,NYY,2,10,0.0,0.4836598063955736,0.5,NYY,NYY,1
20250509_PHI@CLE,2025-05-09,CLE,PHI,6,0,1.0,0.5440853651333375,0.5429,CLE,CLE,1
20250509_SD@COL,2025-05-09,COL,SD,9,13,0.0,0.508539032829359,0.5,COL,SD,0
20250509_SF@MIN,2025-05-09,MIN,SF,3,1,1.0,0.5307231266027327,0.5218,MIN,MIN,1
20250509_STL@WSH,2025-05-09,WSH,STL,0,10,0.0,0.5216973376678249,0.5075,WSH,STL,0
20250509_TEX@DET,2025-05-09,DET,TEX,2,1,1.0,0.5769163339161197,0.5944,DET,DET,1
20250509_TOR@SEA,2025-05-09,SEA,TOR,3,6,0.0,0.5597230633320428,0.5675,SEA,TOR,0
20250508_BAL@MIN,2025-05-08,MIN,BAL,5,2,1.0,0.5821025384545919,0.6005,MIN,MIN,1
20250508_CIN@ATL,2025-05-08,ATL,CIN,5,4,1.0,0.5730611386538993,0.587,ATL,ATL,1
20250508_CWS@KC,2025-05-08,KC,CWS,10,0,1.0,0.7671949875052715,0.8469,KC,KC,1
20250508_DET@COL,2025-05-08,COL,DET,1,11,0.0,0.3311044943357313,0.2749,DET,DET,1
20250508_DET@COL_2,2025-05-08,COL,DET,2,10,0.0,0.430966583753996,0.4191,DET,DET,1
20250508_LAD@AZ,2025-05-08,AZ,LAD,5,3,1.0,0.42108586111900154,0.4043,LAD,AZ,0
20250508_PHI@TB,2025-05-08,TB,PHI,6,7,0.0,0.5345288846024874,0.5288,TB,PHI,0
20250508_TEX@BOS,2025-05-08,BOS,TEX,5,0,1.0,0.529135634361387,0.5206,BOS,BOS,1
20250508_TOR@LAA,2025-05-08,LAA,TOR,5,8,0.0,0.4353752660306169,0.4257,TOR,TOR,1
20250507_BAL@MIN,2025-05-07,MIN,BAL,5,2,1.0,0.5294030308931863,0.521,MIN,MIN,1
20250507_CIN@ATL,2025-05-07,ATL,CIN,3,4,0.0,0.5166603598508325,0.5017,ATL,CIN,0
20250507_CLE@WSH,2025-05-07,WSH,CLE,6,8,0.0,0.457436781914519,0.459,CLE,CLE,1
20250507_CWS@KC,2025-05-07,KC,CWS,2,1,1.0,0.7157100319554373,0.7863,KC,KC,1
20250507_DET@COL,2025-05-07,COL,DET,6,8,0.0,0.4448741300831728,0.44,DET,DET,1
20250507_HOU@MIL,2025-05-07,MIL,HOU,1,9,0.0,0.5195237682991697,0.5061,MIL,HOU,0
20250507_LAD@MIA,2025-05-07,MIA,LAD,1,10,0.0,0.33364001988219333,0.2784,LAD,LAD,1
20250507_NYM@AZ,2025-05-07,AZ,NYM,1,7,0.0,0.5276419278518594,0.5184,AZ,NYM,0
20250507_PHI@TB,2025-05-07,TB,PHI,0,7,0.0,0.4719400829017042,0.481,PHI,PHI,1
20250507_PIT@STL,2025-05-07,STL,PIT,5,0,1.0,0.6774562906128488,0.7367,STL,STL,1
20250507_SD@NYY,2025-05-07,NYY,SD,4,3,1.0,0.43273499834101997,0.4217,SD,NYY,0
20250507_SEA@ATH,2025-05-07,ATH,SEA,5,6,0.0,0.5240636527740831,0.5129,ATH,SEA,0
20250507_SF@CHC,2025-05-07,CHC,SF,1,3,0.0,0.472168013766619,0.4813,SF,SF,1
20250507_TEX@BOS,2025-05-07,BOS,TEX,6,4,1.0,0.5195599608805634,0.5061,BOS,BOS,1
20250507_TOR@LAA,2025-05-07,LAA,TOR,5,4,1.0,0.5171175741381852,0.5024,LAA,LAA,1
20250506_BAL@MIN,2025-05-06,MIN,BAL,9,1,1.0,0.5466644927079453,0.5472,MIN,MIN,1
20250506_CIN@ATL,2025-05-06,ATL,CIN,2,1,1.0,0.5680022407218829,0.5794,ATL,ATL,1
20250506_CLE@WSH,2025-05-06,WSH,CLE,10,9,1.0,0.44615208614010743,0.442,CLE,WSH,0
20250506_CLE@WSH_2,2025-05-06,WSH,CLE,1,9,0.0,0.5731933531354361,0.5872,WSH,CLE,0
20250506_CWS@KC,2025-05-06,KC,CWS,4,3,1.0,0.7526498081455735,0.8306,KC,KC,1
20250506_HOU@MIL,2025-05-06,MIL,HOU,4,3,1.0,0.5267236909048467,0.517,MIL,MIL,1
20250506_LAD@MIA,2025-05-06,MIA,LAD,5,4,1.0,0.42900124297026593,0.4161,LAD,MIA,0
20250506_NYM@AZ,2025-05-06,AZ,NYM,5,1,1.0,0.4977311790403671,0.5,NYM,AZ,0
20250506_PHI@TB,2025-05-06,TB,PHI,4,8,0.0,0.5044660374461812,0.5,TB,PHI,0
20250506_PIT@STL,2025-05-06,STL,PIT,2,1,1.0,0.695339618303222,0.7603,STL,STL,1
20250506_SD@NYY,2025-05-06,NYY,SD,12,3,1.0,0.5990263087718755,0.6256,NYY,NYY,1
20250506_SEA@ATH,2025-05-06,ATH,SEA,3,5,0.0,0.6170970174682459,0.6521,ATH,SEA,0
20250506_SF@CHC,2025-05-06,CHC,SF,5,14,0.0,0.6083583018365984,0.6393,CHC,SF,0
20250506_TEX@BOS,2025-05-06,BOS,TEX,1,6,0.0,0.5936388317347797,0.6176,BOS,TEX,0
20250506_TOR@LAA,2025-05-06,LAA,TOR,8,3,1.0,0.48805426103765354,0.5,TOR,LAA,0
20250505_CIN@ATL,2025-05-05,ATL,CIN,4,0,1.0,0.555317708860936,0.5603,ATL,ATL,1
20250505_CWS@KC,2025-05-05,KC,CWS,3,0,1.0,0.6944124556056084,0.7591,KC,KC,1
20250505_HOU@MIL,2025-05-05,MIL,HOU,5,1,1.0,0.6325990361956947,0.6744,MIL,MIL,1
20250505_LAD@MIA,2025-05-05,MIA,LAD,4,7,0.0,0.4295797963190178,0.417,LAD,LAD,1
20250505_NYM@AZ,2025-05-05,AZ,NYM,4,5,0.0,0.5108610739929529,0.5,AZ,NYM,0
20250505_PIT@STL,2025-05-05,STL,PIT,6,3,1.0,0.5687412068670336,0.5805,STL,STL,1
20250505_SD@NYY,2025-05-05,NYY,SD,3,4,0.0,0.5271905623239728,0.5177,NYY,SD,0
20250505_SEA@ATH,2025-05-05,ATH,SEA,7,6,1.0,0.6155863411018557,0.6499,ATH,ATH,1
20250505_SF@CHC,2025-05-05,CHC,SF,9,2,1.0,0.65981707310832,0.7127,CHC,CHC,1
20250504_ATH@MIA,2025-05-04,MIA,ATH,2,3,0.0,0.42185691565643707,0.4054,ATH,ATH,1
20250504_AZ@PHI,2025-05-04,PHI,AZ,9,11,0.0,0.521686328330169,0.5093,PHI,AZ,0
20250504_CHC@MIL,2025-05-04,MIL,CHC,4,0,1.0,0.5532787427461296,0.5572,MIL,MIL,1
20250504_CLE@TOR,2025-05-04,TOR,CLE,4,5,0.0,0.38679207813586797,0.3536,CLE,CLE,1
20250504_COL@SF,2025-05-04,SF,COL,9,3,1.0,0.745942257979209,0.8228,SF,SF,1
20250504_DET@LAA,2025-05-04,LAA,DET,1,13,0.0,0.46463521616136544,0.4699,DET,DET,1
20250504_HOU@CWS,2025-05-04,CWS,HOU,5,4,1.0,0.371576797744263,0.3316,HOU,CWS,0
20250504_KC@BAL,2025-05-04,BAL,KC,6,11,0.0,0.6569063846978926,0.7086,BAL,KC,0
20250504_LAD@ATL,2025-05-04,ATL,LAD,4,3,1.0,0.455155864587575,0.4556,LAD,ATL,0
20250504_MIN@BOS,2025-05-04,BOS,MIN,4,5,0.0,0.595264672477704,0.62,BOS,MIN,0
20250504_NYM@STL,2025-05-04,STL,NYM,6,5,1.0,0.4644254725544917,0.4696,NYM,STL,0
20250504_NYM@STL_2,2025-05-04,STL,NYM,5,4,1.0,0.6461942619747182,0.6937,STL,STL,1
20250504_SD@PIT,2025-05-04,PIT,SD,0,4,0.0,0.476984635035634,0.4886,SD,SD,1
20250504_SEA@TEX,2025-05-04,TEX,SEA,8,1,1.0,0.662736253769551,0.7167,TEX,TEX,1
20250504_TB@NYY,2025-05-04,NYY,TB,5,7,0.0,0.49510292115060234,0.5,TB,TB,1
20250504_WSH@CIN,2025-05-04,CIN,WSH,1,4,0.0,0.44137758920812936,0.4348,WSH,WSH,1
20250503_ATH@MIA,2025-05-03,MIA,ATH,9,6,1.0,0.46272811386198537,0.467,ATH,MIA,0
20250503_AZ@PHI,2025-05-03,PHI,AZ,7,2,1.0,0.40145298001735236,0.3751,AZ,PHI,0
20250503_CHC@MIL,2025-05-03,MIL,CHC,2,6,0.0,0.5925222234281977,0.616,MIL,CHC,0
20250503_CLE@TOR,2025-05-03,TOR,CLE,3,5,0.0,0.3919630552218931,0.3612,CLE,CLE,1
20250503_COL@SF,2025-05-03,SF,COL,6,3,1.0,0.7695270402430838,0.8494,SF,SF,1
20250503_DET@LAA,2025-05-03,LAA,DET,5,2,1.0,0.45556498768942716,0.4562,DET,LAA,0
20250503_HOU@CWS,2025-05-03,CWS,HOU,3,8,0.0,0.2759272978202804,0.2033,HOU,HOU,1
20250503_KC@BAL,2025-05-03,BAL,KC,0,4,0.0,0.4977768280121421,0.5,KC,KC,1
20250503_LAD@ATL,2025-05-03,ATL,LAD,3,10,0.0,0.4877989215478094,0.5,LAD,LAD,1
20250503_MIN@BOS,2025-05-03,BOS,MIN,3,4,0.0,0.54918142320486,0.551,BOS,MIN,0
20250503_SD@PIT,2025-05-03,PIT,SD,1,2,0.0,0.5358553901305271,0.5308,PIT,SD,0
20250503_SEA@TEX,2025-05-03,TEX,SEA,1,2,0.0,0.6701693862294995,0.7268,TEX,SEA,0
20250503_TB@NYY,2025-05-03,NYY,TB,2,3,0.0,0.49481103787683584,0.5,TB,TB,1
20250503_WSH@CIN,2025-05-03,CIN,WSH,6,11,0.0,0.500966241177231,0.5,CIN,WSH,0
20250502_ATH@MIA,2025-05-02,MIA,ATH,1,6,0.0,0.44976124970460385,0.4474,ATH,ATH,1
20250502_AZ@PHI,2025-05-02,PHI,AZ,3,2,1.0,0.5230369061413938,0.5114,PHI,PHI,1
20250502_CHC@MIL,2025-05-02,MIL,CHC,0,10,0.0,0.43666682270821405,0.4277,CHC,CHC,1
20250502_CLE@TOR,2025-05-02,TOR,CLE,5,3,1.0,0.43967367905380283,0.4322,CLE,TOR,0
20250502_COL@SF,2025-05-02,SF,COL,4,0,1.0,0.8155790643789901,0.8962,SF,SF,1
20250502_DET@LAA,2025-05-02,LAA,DET,1,9,0.0,0.40127330633838754,0.3748,DET,DET,1
20250502_HOU@CWS,2025-05-02,CWS,HOU,7,3,1.0,0.41596065217745987,0.3966,HOU,CWS,0
20250502_KC@BAL,2025-05-02,BAL,KC,3,0,1.0,0.6741418657363262,0.7322,BAL,BAL,1
20250502_LAD@ATL,2025-05-02,ATL,LAD,1,2,0.0,0.5099278292599367,0.5,ATL,LAD,0
20250502_MIN@BOS,2025-05-02,BOS,MIN,6,1,1.0,0.581999638965577,0.6003,BOS,BOS,1
20250502_NYM@STL,2025-05-02,STL,NYM,3,9,0.0,0.5492599007334319,0.5511,STL,NYM,0
20250502_SD@PIT,2025-05-02,PIT,SD,4,9,0.0,0.41281165237217604,0.3919,SD,SD,1
20250502_SEA@TEX,2025-05-02,TEX,SEA,1,13,0.0,0.5672028895035083,0.5782,TEX,SEA,0
20250502_TB@NYY,2025-05-02,NYY,TB,3,0,1.0,0.5702059455962031,0.5827,NYY,NYY,1
20250502_WSH@CIN,2025-05-02,CIN,WSH,6,1,1.0,0.5390659229463275,0.5357,CIN,CIN,1
20250501_ATH@TEX,2025-05-01,TEX,ATH,0,3,0.0,0.5963361357343717,0.6214,TEX,ATH,0
20250501_AZ@NYM,2025-05-01,NYM,AZ,2,4,0.0,0.5509154037249485,0.5522,NYM,AZ,0
20250501_BOS@TOR,2025-05-01,TOR,BOS,4,2,1.0,0.45799592506469283,0.4615,BOS,TOR,0
20250501_CHC@PIT,2025-05-01,PIT,CHC,3,8,0.0,0.4830158598670932,0.5,CHC,CHC,1
20250501_COL@SF,2025-05-01,SF,COL,3,4,0.0,0.659877349996884,0.7141,SF,COL,0
20250501_DET@LAA,2025-05-01,LAA,DET,4,10,0.0,0.41871089302367676,0.4013,DET,DET,1
20250501_KC@TB,2025-05-01,TB,KC,2,8,0.0,0.5085795836995515,0.5,TB,KC,0
20250501_MIL@CWS,2025-05-01,CWS,MIL,8,0,1.0,0.3734155857309983,0.3337,MIL,CWS,0
20250501_MIN@CLE,2025-05-01,CLE,MIN,4,3,1.0,0.5711289859389241,0.5832,CLE,CLE,1
20250501_STL@CIN,2025-05-01,CIN,STL,9,1,1.0,0.44886691078212576,0.4475,STL,CIN,0
20250501_WSH@PHI,2025-05-01,PHI,WSH,2,4,0.0,0.6469266138540997,0.6957,PHI,WSH,0
20250430_ATH@TEX,2025-04-30,TEX,ATH,1,7,0.0,0.542742975621208,0.5396,TEX,ATH,0
20250430_ATL@COL,2025-04-30,COL,ATL,2,1,1.0,0.3711994341169463,0.3304,ATL,COL,0
20250430_AZ@NYM,2025-04-30,NYM,AZ,3,4,0.0,0.5239999095839288,0.5107,NYM,AZ,0
20250430_BOS@TOR,2025-04-30,TOR,BOS,7,6,1.0,0.42167799842838366,0.4058,BOS,TOR,0
20250430_CHC@PIT,2025-04-30,PIT,CHC,4,3,1.0,0.5625068819472036,0.57,PIT,PIT,1
20250430_DET@HOU,2025-04-30,HOU,DET,4,7,0.0,0.47388452350446486,0.4861,DET,DET,1
20250430_KC@TB,2025-04-30,TB,KC,0,3,0.0,0.5009265063980856,0.5,TB,KC,0
20250430_LAA@SEA,2025-04-30,SEA,LAA,9,3,1.0,0.5920830199609999,0.615,SEA,SEA,1
20250430_MIA@LAD,2025-04-30,LAD,MIA,12,7,1.0,0.6251471049677786,0.6642,LAD,LAD,1
20250430_MIL@CWS,2025-04-30,CWS,MIL,4,6,0.0,0.4219057350232746,0.4062,MIL,MIL,1
20250430_MIN@CLE,2025-04-30,CLE,MIN,4,2,1.0,0.6140930153046611,0.6479,CLE,CLE,1
20250430_NYY@BAL,2025-04-30,BAL,NYY,5,4,1.0,0.515147574643611,0.5,BAL,BAL,1
20250430_SF@SD,2025-04-30,SD,SF,5,3,1.0,0.5891888295850601,0.6106,SD,SD,1
20250430_STL@CIN,2025-04-30,CIN,STL,0,6,0.0,0.5383425435318011,0.5328,CIN,STL,0
20250430_STL@CIN_2,2025-04-30,CIN,STL,1,9,0.0,0.5553260710238687,0.559,CIN,STL,0
20250430_WSH@PHI,2025-04-30,PHI,WSH,7,2,1.0,0.6418744496688803,0.6885,PHI,PHI,1
20250429_ATH@TEX,2025-04-29,TEX,ATH,15,2,1.0,0.5410640029562298,0.537,TEX,TEX,1
20250429_ATL@COL,2025-04-29,COL,ATL,2,8,0.0,0.4342810135926089,0.4251,ATL,ATL,1
20250429_AZ@NYM,2025-04-29,NYM,AZ,8,3,1.0,0.5714242737189741,0.5836,NYM,NYM,1
20250429_BOS@TOR,2025-04-29,TOR,BOS,2,10,0.0,0.4358813865554839,0.4275,BOS,BOS,1
20250429_CHC@PIT,2025-04-29,PIT,CHC,0,9,0.0,0.45729004800021517,0.4605,CHC,CHC,1
20250429_DET@HOU,2025-04-29,HOU,DET,6,4,1.0,0.4726697909161029,0.4842,DET,HOU,0
20250429_KC@TB,2025-04-29,TB,KC,1,3,0.0,0.47113703602219,0.4818,KC,KC,1
20250429_LAA@SEA,2025-04-29,SEA,LAA,5,3,1.0,0.6313362728589397,0.6733,SEA,SEA,1
20250429_MIA@LAD,2025-04-29,LAD,MIA,15,2,1.0,0.6524544775889763,0.7036,LAD,LAD,1
20250429_MIL@CWS,2025-04-29,CWS,MIL,2,7,0.0,0.3872050866960304,0.354,MIL,MIL,1
20250429_MIN@CLE,2025-04-29,CLE,MIN,2,1,1.0,0.5908169801904618,0.6131,CLE,CLE,1
20250429_NYY@BAL,2025-04-29,BAL,NYY,3,15,0.0,0.44600223738702516,0.4431,NYY,NYY,1
20250429_SF@SD,2025-04-29,SD,SF,7,4,1.0,0.5209733806800333,0.506,SD,SD,1
20250429_WSH@PHI,2025-04-29,PHI,WSH,7,6,1.0,0.6641145480013266,0.72,PHI,PHI,1
20250428_ATH@TEX,2025-04-28,TEX,ATH,1,2,0.0,0.5881225058399805,0.609,TEX,ATH,0
20250428_ATL@COL,2025-04-28,COL,ATL,3,6,0.0,0.4777656045268965,0.492,ATL,ATL,1
20250428_DET@HOU,2025-04-28,HOU,DET,8,5,1.0,0.4310971860983101,0.4202,DET,HOU,0
20250428_MIA@LAD,2025-04-28,LAD,MIA,7,6,1.0,0.5934313354772455,0.617,LAD,LAD,1
20250428_MIN@CLE,2025-04-28,CLE,MIN,1,11,0.0,0.6123536183640311,0.6454,CLE,MIN,0
20250428_NYM@WSH,2025-04-28,WSH,NYM,5,19,0.0,0.4391546287715359,0.4326,NYM,NYM,1
20250428_NYY@BAL,2025-04-28,BAL,NYY,4,3,1.0,0.5100516474043244,0.5,BAL,BAL,1
20250428_STL@CIN,2025-04-28,CIN,STL,3,1,1.0,0.551334386977188,0.5528,CIN,CIN,1
20250427_ATL@AZ,2025-04-27,AZ,ATL,6,4,1.0,0.5415981456953036,0.5378,AZ,AZ,1
20250427_BAL@DET,2025-04-27,DET,BAL,7,0,1.0,0.577215386160314,0.5925,DET,DET,1
20250427_BOS@CLE,2025-04-27,CLE,BOS,3,13,0.0,0.5795605018999506,0.596,CLE,BOS,0
20250427_CIN@COL,2025-04-27,COL,CIN,1,8,0.0,0.45239667785841864,0.4529,CIN,CIN,1
20250427_CWS@ATH,2025-04-27,ATH,CWS,3,2,1.0,0.6307652985356766,0.6724,ATH,ATH,1
20250427_HOU@KC,2025-04-27,KC,HOU,3,7,0.0,0.4667708725338311,0.4751,HOU,HOU,1
20250427_LAA@MIN,2025-04-27,MIN,LAA,5,0,1.0,0.5281805699503677,0.5171,MIN,MIN,1
20250427_MIA@SEA,2025-04-27,SEA,MIA,7,6,1.0,0.5407030751088004,0.5364,SEA,SEA,1
20250427_MIL@STL,2025-04-27,STL,MIL,1,7,0.0,0.5549302109525291,0.5583,STL,MIL,0
20250427_NYM@WSH,2025-04-27,WSH,NYM,8,7,1.0,0.4570148713716295,0.46,NYM,WSH,0
20250427_PHI@CHC,2025-04-27,CHC,PHI,1,3,0.0,0.5732754433088132,0.5865,CHC,PHI,0
20250427_PIT@LAD,2025-04-27,LAD,PIT,9,2,1.0,0.6016154212530432,0.6293,LAD,LAD,1
20250427_TB@SD,2025-04-27,SD,TB,2,4,0.0,0.5524021839416264,0.5545,SD,TB,0
20250427_TEX@SF,2025-04-27,SF,TEX,3,2,1.0,0.6044691593142268,0.6336,SF,SF,1
20250427_TOR@NYY,2025-04-27,NYY,TOR,5,1,1.0,0.606706789838571,0.637,NYY,NYY,1
20250427_TOR@NYY_2,2025-04-27,NYY,TOR,11,2,1.0,0.6094399819636178,0.641,NYY,NYY,1
20250426_ATL@AZ,2025-04-26,AZ,ATL,7,8,0.0,0.477237828143909,0.4912,ATL,ATL,1
20250426_BAL@DET,2025-04-26,DET,BAL,4,3,1.0,0.6188927512386658,0.655,DET,DET,1
20250426_BAL@DET_2,2025-04-26,DET,BAL,6,2,1.0,0.4891166687096742,0.5,BAL,DET,0
20250426_BOS@CLE,2025-04-26,CLE,BOS,3,7,0.0,0.544827728690654,0.5428,CLE,BOS,0
20250426_BOS@CLE_2,2025-04-26,CLE,BOS,5,4,1.0,0.545854890927036,0.5444,CLE,CLE,1
20250426_CIN@COL,2025-04-26,COL,CIN,4,6,0.0,0.4332326532247415,0.4235,CIN,CIN,1
20250426_CWS@ATH,2025-04-26,ATH,CWS,3,10,0.0,0.5829993364939909,0.6013,ATH,CWS,0
20250426_HOU@KC,2025-04-26,KC,HOU,2,0,1.0,0.5334572868271757,0.5253,KC,KC,1
20250426_LAA@MIN,2025-04-26,MIN,LAA,5,1,1.0,0.5367127828845438,0.5303,MIN,MIN,1
20250426_MIA@SEA,2025-04-26,SEA,MIA,14,0,1.0,0.5955714534006771,0.6203,SEA,SEA,1
20250426_MIL@STL,2025-04-26,STL,MIL,6,5,1.0,0.5539895690912088,0.5569,STL,STL,1
20250426_NYM@WSH,2025-04-26,WSH,NYM,0,2,0.0,0.4767155362145039,0.4904,NYM,NYM,1
20250426_PHI@CHC,2025-04-26,CHC,PHI,4,10,0.0,0.5424484259064607,0.5391,CHC,PHI,0
20250426_PIT@LAD,2025-04-26,LAD,PIT,8,4,1.0,0.6280239183639826,0.6684,LAD,LAD,1
20250426_TB@SD,2025-04-26,SD,TB,1,4,0.0,0.5486800198725766,0.5487,SD,TB,0
20250426_TEX@SF,2025-04-26,SF,TEX,3,2,1.0,0.6195056066432045,0.6559,SF,SF,1
20250425_ATL@AZ,2025-04-25,AZ,ATL,2,8,0.0,0.5083329921561149,0.5,AZ,ATL,0
20250425_CIN@COL,2025-04-25,COL,CIN,7,8,0.0,0.43412451486765624,0.4249,CIN,CIN,1
20250425_CWS@ATH,2025-04-25,ATH,CWS,6,5,1.0,0.6482113642204114,0.6976,ATH,ATH,1
20250425_HOU@KC,2025-04-25,KC,HOU,2,0,1.0,0.5072678659798541,0.5,KC,KC,1
20250425_LAA@MIN,2025-04-25,MIN,LAA,11,4,1.0,0.5154561297430446,0.5,MIN,MIN,1
20250425_MIA@SEA,2025-04-25,SEA,MIA,4,8,0.0,0.6132389291983809,0.6467,SEA,MIA,0
20250425_MIL@STL,2025-04-25,STL,MIL,3,2,1.0,0.5416408588364604,0.5379,STL,STL,1
20250425_NYM@WSH,2025-04-25,WSH,NYM,5,4,1.0,0.46747779998306854,0.4762,NYM,WSH,0
20250425_PHI@CHC,2025-04-25,CHC,PHI,4,0,1.0,0.5535965081899417,0.5563,CHC,CHC,1
20250425_PIT@LAD,2025-04-25,LAD,PIT,0,3,0.0,0.6407270909443972,0.6869,LAD,PIT,0
20250425_TB@SD,2025-04-25,SD,TB,0,1,0.0,0.5901181968495419,0.612,SD,TB,0
20250425_TEX@SF,2025-04-25,SF,TEX,0,2,0.0,0.5687390656414967,0.5795,SF,TEX,0
20250425_TOR@NYY,2025-04-25,NYY,TOR,2,4,0.0,0.6239125518766603,0.6624,NYY,TOR,0
20250424_BAL@WSH,2025-04-24,WSH,BAL,1,2,0.0,0.45444485790685324,0.4535,BAL,BAL,1
20250424_COL@KC,2025-04-24,KC,COL,6,2,1.0,0.6830027669058559,0.7474,KC,KC,1
20250424_COL@KC_2,2025-04-24,KC,COL,7,4,1.0,0.7418072029483386,0.8216,KC,KC,1
20250424_CWS@MIN,2025-04-24,MIN,CWS,0,3,0.0,0.6122047771437342,0.6473,MIN,CWS,0
20250424_MIL@SF,2025-04-24,SF,MIL,6,5,1.0,0.44073798048608404,0.4325,MIL,SF,0
20250424_PIT@LAA,2025-04-24,LAA,PIT,4,3,1.0,0.4796938716291001,0.4924,PIT,LAA,0
20250424_SEA@BOS,2025-04-24,BOS,SEA,3,4,0.0,0.6261349359485562,0.6677,BOS,SEA,0
20250424_TB@AZ,2025-04-24,AZ,TB,4,7,0.0,0.450873949397405,0.4481,TB,TB,1
20250424_TEX@ATH,2025-04-24,ATH,TEX,4,3,1.0,0.4997665002767788,0.5,TEX,ATH,0
20250423_BAL@WSH,2025-04-23,WSH,BAL,4,3,1.0,0.424059947021186,0.4071,BAL,WSH,0
20250423_CIN@MIA,2025-04-23,MIA,CIN,2,5,0.0,0.3679135162631023,0.3236,CIN,CIN,1
20250423_CWS@MIN,2025-04-23,MIN,CWS,6,3,1.0,0.7132287910710604,0.7868,MIN,MIN,1
20250423_LAD@CHC,2025-04-23,CHC,LAD,7,6,1.0,0.45387752318258173,0.4527,LAD,CHC,0
20250423_MIL@SF,2025-04-23,SF,MIL,4,2,1.0,0.4475409952806714,0.4429,MIL,SF,0
20250423_NYY@CLE,2025-04-23,CLE,NYY,1,5,0.0,0.5969401577467284,0.6246,CLE,NYY,0
20250423_PHI@NYM,2025-04-23,NYM,PHI,4,3,1.0,0.7179997936329101,0.7927,NYM,NYM,1
20250423_PIT@LAA,2025-04-23,LAA,PIT,0,3,0.0,0.5034193421242732,0.5,LAA,PIT,0
20250423_SD@DET,2025-04-23,DET,SD,6,0,1.0,0.5918141124993004,0.6169,DET,DET,1
20250423_SEA@BOS,2025-04-23,BOS,SEA,5,8,0.0,0.640695080313719,0.6888,BOS,SEA,0
20250423_STL@ATL,2025-04-23,ATL,STL,4,1,1.0,0.7753816619330846,0.8593,ATL,ATL,1
20250423_TB@AZ,2025-04-23,AZ,TB,6,7,0.0,0.4768831840964452,0.4881,TB,TB,1
20250423_TEX@ATH,2025-04-23,ATH,TEX,5,2,1.0,0.5059540901838487,0.5,ATH,ATH,1
20250423_TOR@HOU,2025-04-23,HOU,TOR,3,1,1.0,0.4249845869910237,0.4085,TOR,HOU,0
20250422_BAL@WSH,2025-04-22,WSH,BAL,7,0,1.0,0.36742048916445225,0.3229,BAL,WSH,0
20250422_CIN@MIA,2025-04-22,MIA,CIN,4,3,1.0,0.36605744537887003,0.321,CIN,MIA,0
20250422_COL@KC,2025-04-22,KC,COL,4,3,1.0,0.6437535062608833,0.6931,KC,KC,1
20250422_CWS@MIN,2025-04-22,MIN,CWS,4,2,1.0,0.7391139124568205,0.8184,MIN,MIN,1
20250422_LAD@CHC,2025-04-22,CHC,LAD,11,10,1.0,0.5451075646030454,0.5458,CHC,CHC,1
20250422_MIL@SF,2025-04-22,SF,MIL,3,11,0.0,0.4576807859194688,0.4585,MIL,MIL,1
20250422_NYY@CLE,2025-04-22,CLE,NYY,3,2,1.0,0.5310989478079176,0.5242,CLE,CLE,1
20250422_PHI@NYM,2025-04-22,NYM,PHI,5,1,1.0,0.6397593169866115,0.6874,NYM,NYM,1
20250422_PIT@LAA,2025-04-22,LAA,PIT,3,9,0.0,0.5308352032980648,0.5238,LAA,PIT,0
20250422_SD@DET,2025-04-22,DET,SD,0,2,0.0,0.41020226867515086,0.3861,SD,SD,1
20250422_SEA@BOS,2025-04-22,BOS,SEA,8,3,1.0,0.5740433594718067,0.59,BOS,BOS,1
20250422_STL@ATL,2025-04-22,ATL,STL,4,10,0.0,0.592628133503346,0.6181,ATL,STL,0
20250422_TB@AZ,2025-04-22,AZ,TB,5,1,1.0,0.5569281255026128,0.5639,AZ,AZ,1
20250422_TEX@ATH,2025-04-22,ATH,TEX,5,8,0.0,0.3475133650064246,0.2945,TEX,TEX,1
20250422_TOR@HOU,2025-04-22,HOU,TOR,5,1,1.0,0.3669134661763566,0.3222,TOR,HOU,0
20250421_CIN@MIA,2025-04-21,MIA,CIN,6,3,1.0,0.38586329982499945,0.3499,CIN,MIA,0
20250421_CWS@BOS,2025-04-21,BOS,CWS,4,2,1.0,0.7241189329698303,0.8003,BOS,BOS,1
20250421_MIL@SF,2025-04-21,SF,MIL,5,2,1.0,0.4465356745308364,0.4414,MIL,SF,0
20250421_NYY@CLE,2025-04-21,CLE,NYY,6,4,1.0,0.613556792526253,0.6493,CLE,CLE,1
20250421_PHI@NYM,2025-04-21,NYM,PHI,5,4,1.0,0.5383670661526184,0.5354,NYM,NYM,1
20250421_SD@DET,2025-04-21,DET,SD,6,4,1.0,0.5018044411727484,0.5,DET,DET,1
20250421_STL@ATL,2025-04-21,ATL,STL,7,6,1.0,0.6237503732495011,0.6643,ATL,ATL,1
20250421_TOR@HOU,2025-04-21,HOU,TOR,7,0,1.0,0.5195241237609559,0.5064,HOU,HOU,1
20250420_ATH@MIL,2025-04-20,MIL,ATH,14,1,1.0,0.6484439127275967,0.6998,MIL,MIL,1
20250420_AZ@CHC,2025-04-20,CHC,AZ,2,3,0.0,0.42507714710634154,0.4086,AZ,AZ,1
20250420_CIN@BAL,2025-04-20,BAL,CIN,2,24,0.0,0.602390517894476,0.6327,BAL,CIN,0
20250420_CLE@PIT,2025-04-20,PIT,CLE,4,5,0.0,0.4140130928342335,0.3919,CLE,CLE,1
20250420_CWS@BOS,2025-04-20,BOS,CWS,4,8,0.0,0.6801154890169862,0.7436,BOS,CWS,0
20250420_KC@DET,2025-04-20,DET,KC,3,4,0.0,0.6836825370442076,0.7484,DET,KC,0
20250420_LAD@TEX,2025-04-20,TEX,LAD,0,1,0.0,0.5418960445903797,0.5408,TEX,LAD,0
20250420_MIA@PHI,2025-04-20,PHI,MIA,5,7,0.0,0.59480768153087,0.6214,PHI,MIA,0
20250420_MIN@ATL,2025-04-20,ATL,MIN,6,2,1.0,0.6800845412178319,0.7435,ATL,ATL,1
20250420_NYY@TB,2025-04-20,TB,NYY,0,4,0.0,0.46322346075880716,0.467,NYY,NYY,1
20250420_SD@HOU,2025-04-20,HOU,SD,2,3,0.0,0.4166612230315881,0.3959,SD,SD,1
20250420_SEA@TOR,2025-04-20,TOR,SEA,3,8,0.0,0.637361657236695,0.684,TOR,SEA,0
20250420_SF@LAA,2025-04-20,LAA,SF,5,4,1.0,0.4334497708669907,0.4214,SF,LAA,0
20250420_STL@NYM,2025-04-20,NYM,STL,7,4,1.0,0.6447849952156206,0.6946,NYM,NYM,1
20250420_WSH@COL,2025-04-20,COL,WSH,2,3,0.0,0.643840057504758,0.6932,COL,WSH,0
20250420_WSH@COL_2,2025-04-20,COL,WSH,3,1,1.0,0.5303381889605099,0.5231,COL,COL,1
20250419_ATH@MIL,2025-04-19,MIL,ATH,1,3,0.0,0.597590092939381,0.6256,MIL,ATH,0
20250419_AZ@CHC,2025-04-19,CHC,AZ,6,2,1.0,0.3682483617286894,0.3241,AZ,CHC,0
20250419_CIN@BAL,2025-04-19,BAL,CIN,9,5,1.0,0.46194253736509777,0.4651,CIN,BAL,0
20250419_CLE@PIT,2025-04-19,PIT,CLE,0,3,0.0,0.5536401386473813,0.5589,PIT,CLE,0
20250419_CWS@BOS,2025-04-19,BOS,CWS,4,3,1.0,0.6435346124529252,0.6928,BOS,BOS,1
20250419_KC@DET,2025-04-19,DET,KC,3,1,1.0,0.5846021529471271,0.606,DET,DET,1
20250419_LAD@TEX,2025-04-19,TEX,LAD,4,3,1.0,0.570006227888911,0.5839,TEX,TEX,1
20250419_MIA@PHI,2025-04-19,PHI,MIA,11,10,1.0,0.7732711660372132,0.857,PHI,PHI,1
20250419_MIN@ATL,2025-04-19,ATL,MIN,4,3,1.0,0.7419275545075478,0.8217,ATL,ATL,1
20250419_NYY@TB,2025-04-19,TB,NYY,10,8,1.0,0.6887299144318842,0.7551,TB,TB,1
20250419_SD@HOU,2025-04-19,HOU,SD,3,2,1.0,0.5792614677869203,0.5979,HOU,HOU,1
20250419_SEA@TOR,2025-04-19,TOR,SEA,4,8,0.0,0.2816367278909217,0.2068,SEA,SEA,1
20250419_SF@LAA,2025-04-19,LAA,SF,2,3,0.0,0.31097941063977447,0.2445,SF,SF,1
20250419_STL@NYM,2025-04-19,NYM,STL,3,0,1.0,0.6479760563777234,0.6991,NYM,NYM,1
20250419_WSH@COL,2025-04-19,COL,WSH,11,12,0.0,0.5349543609668443,0.5302,COL,WSH,0
20250418_ATH@MIL,2025-04-18,MIL,ATH,5,3,1.0,0.491386474103691,0.5,ATH,MIL,0
20250418_AZ@CHC,2025-04-18,CHC,AZ,13,11,1.0,0.43881715343509686,0.4296,AZ,CHC,0
20250418_CIN@BAL,2025-04-18,BAL,CIN,3,8,0.0,0.5478541274869736,0.55,BAL,CIN,0
20250418_CLE@PIT,2025-04-18,PIT,CLE,7,10,0.0,0.613311735079635,0.6489,PIT,CLE,0
20250418_CWS@BOS,2025-04-18,BOS,CWS,10,3,1.0,0.6862288922859506,0.7518,BOS,BOS,1
20250418_KC@DET,2025-04-18,DET,KC,7,3,1.0,0.5583435119915009,0.5661,DET,DET,1
20250418_LAD@TEX,2025-04-18,TEX,LAD,0,3,0.0,0.5724456525836793,0.5876,TEX,LAD,0
20250418_MIA@PHI,2025-04-18,PHI,MIA,7,2,1.0,0.7984326900353973,0.8829,PHI,PHI,1
20250418_MIN@ATL,2025-04-18,ATL,MIN,6,4,1.0,0.6482615574882479,0.6995,ATL,ATL,1
20250418_NYY@TB,2025-04-18,TB,NYY,0,1,0.0,0.6222474559350596,0.6621,TB,NYY,0
20250418_SD@HOU,2025-04-18,HOU,SD,6,4,1.0,0.7036897650855864,0.7746,HOU,HOU,1
20250418_SEA@TOR,2025-04-18,TOR,SEA,3,1,1.0,0.5549898441713087,0.5609,TOR,TOR,1
20250418_SF@LAA,2025-04-18,LAA,SF,2,0,1.0,0.43331870495620906,0.4212,SF,LAA,0
20250418_STL@NYM,2025-04-18,NYM,STL,5,4,1.0,0.7658206347249741,0.8489,NYM,NYM,1
20250417_ATH@CWS,2025-04-17,CWS,ATH,0,8,0.0,0.47435441372042336,0.4849,ATH,ATH,1
20250417_AZ@MIA,2025-04-17,MIA,AZ,4,6,0.0,0.3333623670420727,0.2861,AZ,AZ,1
20250417_CLE@BAL,2025-04-17,BAL,CLE,6,2,1.0,0.5389567529376144,0.5343,BAL,BAL,1
20250417_KC@DET,2025-04-17,DET,KC,6,1,1.0,0.6419446569796133,0.6805,DET,DET,1
20250417_LAA@TEX,2025-04-17,TEX,LAA,5,3,1.0,0.6270510428445888,0.66,TEX,TEX,1
20250417_NYY@TB,2025-04-17,TB,NYY,3,6,0.0,0.5912319880529786,0.6096,TB,NYY,0
20250417_SEA@CIN,2025-04-17,CIN,SEA,7,11,0.0,0.458832444848669,0.4625,SEA,SEA,1
20250417_SF@PHI,2025-04-17,PHI,SF,6,4,1.0,0.6367098389562075,0.6733,PHI,PHI,1
20250417_STL@NYM,2025-04-17,NYM,STL,4,1,1.0,0.5503016929951411,0.5508,NYM,NYM,1
20250417_WSH@PIT,2025-04-17,PIT,WSH,1,0,1.0,0.6046241249310018,0.6286,PIT,PIT,1
20250416_ATH@CWS,2025-04-16,CWS,ATH,1,3,0.0,0.3757651905104179,0.3439,ATH,ATH,1
20250416_ATL@TOR,2025-04-16,TOR,ATL,3,1,1.0,0.5674642642120036,0.5755,TOR,TOR,1
20250416_AZ@MIA,2025-04-16,MIA,AZ,2,6,0.0,0.43404857431280863,0.4266,AZ,AZ,1
20250416_BOS@TB,2025-04-16,TB,BOS,0,1,0.0,0.5592865303026597,0.5637,TB,BOS,0
20250416_CHC@SD,2025-04-16,SD,CHC,4,2,1.0,0.5613832078481474,0.5668,SD,SD,1
20250416_CLE@BAL,2025-04-16,BAL,CLE,9,1,1.0,0.4782247999173526,0.4906,CLE,BAL,0
20250416_COL@LAD,2025-04-16,LAD,COL,8,7,1.0,0.7639383681455585,0.8335,LAD,LAD,1
20250416_DET@MIL,2025-04-16,MIL,DET,5,1,1.0,0.584512569034086,0.6,MIL,MIL,1
20250416_HOU@STL,2025-04-16,STL,HOU,4,1,1.0,0.5543903517216066,0.5567,STL,STL,1
20250416_KC@NYY,2025-04-16,NYY,KC,4,3,1.0,0.5471920687765679,0.5463,NYY,NYY,1
20250416_LAA@TEX,2025-04-16,TEX,LAA,3,1,1.0,0.5383349448540915,0.5334,TEX,TEX,1
20250416_NYM@MIN,2025-04-16,MIN,NYM,4,3,1.0,0.4982365078465997,0.5,NYM,MIN,0
20250416_SEA@CIN,2025-04-16,CIN,SEA,3,5,0.0,0.4410863926060321,0.4368,SEA,SEA,1
20250416_SF@PHI,2025-04-16,PHI,SF,4,11,0.0,0.5766767913118024,0.5888,PHI,SF,0
20250416_WSH@PIT,2025-04-16,PIT,WSH,6,1,1.0,0.5157461526012136,0.5007,PIT,PIT,1
20250415_ATH@CWS,2025-04-15,CWS,ATH,3,12,0.0,0.5039848408131083,0.5,CWS,ATH,0
20250415_ATL@TOR,2025-04-15,TOR,ATL,6,3,1.0,0.5511463457554149,0.552,TOR,TOR,1
20250415_AZ@MIA,2025-04-15,MIA,AZ,4,10,0.0,0.34006004214206165,0.2951,AZ,AZ,1
20250415_BOS@TB,2025-04-15,TB,BOS,4,7,0.0,0.612830123095967,0.6401,TB,BOS,0
20250415_CHC@SD,2025-04-15,SD,CHC,1,2,0.0,0.564988934912899,0.572,SD,CHC,0
20250415_CLE@BAL,2025-04-15,BAL,CLE,3,6,0.0,0.6268297661642107,0.6597,BAL,CLE,0
20250415_COL@LAD,2025-04-15,LAD,COL,6,2,1.0,0.7432265328747794,0.8099,LAD,LAD,1
20250415_DET@MIL,2025-04-15,MIL,DET,5,0,1.0,0.544620768385376,0.5425,MIL,MIL,1
20250415_HOU@STL,2025-04-15,STL,HOU,0,2,0.0,0.5127101133938884,0.5,STL,HOU,0
20250415_KC@NYY,2025-04-15,NYY,KC,4,2,1.0,0.5716145953985966,0.5815,NYY,NYY,1
20250415_LAA@TEX,2025-04-15,TEX,LAA,4,0,1.0,0.5902048249725436,0.6081,TEX,TEX,1
20250415_NYM@MIN,2025-04-15,MIN,NYM,6,3,1.0,0.3846414546346076,0.3563,NYM,MIN,0
20250415_SEA@CIN,2025-04-15,CIN,SEA,8,4,1.0,0.4948808136238711,0.5,SEA,CIN,0
20250415_SF@PHI,2025-04-15,PHI,SF,6,4,1.0,0.6195055621277357,0.6495,PHI,PHI,1
20250415_WSH@PIT,2025-04-15,PIT,WSH,0,3,0.0,0.5707330485186314,0.5802,PIT,WSH,0
20250414_ATL@TOR,2025-04-14,TOR,ATL,4,8,0.0,0.6001291249967747,0.6222,TOR,ATL,0
20250414_BOS@TB,2025-04-14,TB,BOS,16,1,1.0,0.5649708260159572,0.5719,TB,TB,1
20250414_CHC@SD,2025-04-14,SD,CHC,10,4,1.0,0.572534478239508,0.5828,SD,SD,1
20250414_COL@LAD,2025-04-14,LAD,COL,5,3,1.0,0.758180304621831,0.827,LAD,LAD,1
20250414_DET@MIL,2025-04-14,MIL,DET,1,9,0.0,0.5670564088188201,0.5749,MIL,DET,0
20250414_HOU@STL,2025-04-14,STL,HOU,8,3,1.0,0.4398119645530522,0.435,HOU,STL,0
20250414_KC@NYY,2025-04-14,NYY,KC,4,1,1.0,0.5270472215303292,0.5171,NYY,NYY,1
20250414_NYM@MIN,2025-04-14,MIN,NYM,1,5,0.0,0.456644446476209,0.4593,NYM,NYM,1
20250414_SF@PHI,2025-04-14,PHI,SF,4,10,0.0,0.5414133523455341,0.5379,PHI,SF,0
20250414_WSH@PIT,2025-04-14,PIT,WSH,10,3,1.0,0.571105537842191,0.5808,PIT,PIT,1
20250413_ATL@TB,2025-04-13,TB,ATL,8,3,1.0,0.5538911738839417,0.5559,TB,TB,1
20250413_BOS@CWS,2025-04-13,CWS,BOS,1,3,0.0,0.3750700316598267,0.3429,BOS,BOS,1
20250413_CHC@LAD,2025-04-13,LAD,CHC,2,4,0.0,0.6014493932493806,0.6241,LAD,CHC,0
20250413_COL@SD,2025-04-13,SD,COL,6,0,1.0,0.7481213100217975,0.8155,SD,SD,1
20250413_DET@MIN,2025-04-13,MIN,DET,5,1,1.0,0.41549267884407365,0.4,DET,MIN,0
20250413_KC@CLE,2025-04-13,CLE,KC,2,4,0.0,0.4452048324002507,0.4427,KC,KC,1
20250413_LAA@HOU,2025-04-13,HOU,LAA,7,3,1.0,0.5423032900066369,0.5392,HOU,HOU,1
20250413_MIL@AZ,2025-04-13,AZ,MIL,5,2,1.0,0.4507034572182356,0.4507,MIL,AZ,0
20250413_NYM@ATH,2025-04-13,ATH,NYM,0,8,0.0,0.39016662504567445,0.3641,NYM,NYM,1
20250413_PHI@STL,2025-04-13,STL,PHI,7,0,1.0,0.5355260236884243,0.5294,STL,STL,1
20250413_PIT@CIN,2025-04-13,CIN,PIT,4,0,1.0,0.5331699733439554,0.526,CIN,CIN,1
20250413_SF@NYY,2025-04-13,NYY,SF,4,5,0.0,0.5312319193223497,0.5231,NYY,SF,0
20250413_TEX@SEA,2025-04-13,SEA,TEX,3,1,1.0,0.5605437080844514,0.5656,SEA,SEA,1
20250413_TOR@BAL,2025-04-13,BAL,TOR,6,7,0.0,0.5589134422015349,0.5632,BAL,TOR,0
20250413_WSH@MIA,2025-04-13,MIA,WSH,11,4,1.0,0.5038970956533657,0.5,MIA,MIA,1
20250412_ATL@TB,2025-04-12,TB,ATL,4,5,0.0,0.5726929492993659,0.5831,TB,ATL,0
20250412_BOS@CWS,2025-04-12,CWS,BOS,3,2,1.0,0.3887945591523004,0.3621,BOS,CWS,0
20250412_CHC@LAD,2025-04-12,LAD,CHC,0,16,0.0,0.5024863839328335,0.5,LAD,CHC,0
20250412_COL@SD,2025-04-12,SD,COL,2,0,1.0,0.66510451463569,0.7118,SD,SD,1
20250412_DET@MIN,2025-04-12,MIN,DET,0,4,0.0,0.4609015421119697,0.4655,DET,DET,1
20250412_KC@CLE,2025-04-12,CLE,KC,6,3,1.0,0.653086414274961,0.6957,CLE,CLE,1
20250412_LAA@HOU,2025-04-12,HOU,LAA,1,4,0.0,0.5885695116811586,0.6058,HOU,LAA,0
20250412_MIL@AZ,2025-04-12,AZ,MIL,5,4,1.0,0.46079339479869985,0.4653,MIL,AZ,0
20250412_NYM@ATH,2025-04-12,ATH,NYM,3,1,1.0,0.44513341748817475,0.4426,NYM,ATH,0
20250412_PHI@STL,2025-04-12,STL,PHI,1,4,0.0,0.5425529130685287,0.5395,STL,PHI,0
20250412_PIT@CIN,2025-04-12,CIN,PIT,5,2,1.0,0.5033048359767542,0.5,CIN,CIN,1
20250412_SF@NYY,2025-04-12,NYY,SF,8,4,1.0,0.4747631320991563,0.4855,SF,NYY,0
20250412_TEX@SEA,2025-04-12,SEA,TEX,9,2,1.0,0.6638074591136821,0.7101,SEA,SEA,1
20250412_TOR@BAL,2025-04-12,BAL,TOR,5,4,1.0,0.5827531174669993,0.5975,BAL,BAL,1
20250412_WSH@MIA,2025-04-12,MIA,WSH,7,6,1.0,0.48569584446702985,0.5,WSH,MIA,0
20250411_ATL@TB,2025-04-11,TB,ATL,6,3,1.0,0.5527885653930211,0.5544,TB,TB,1
20250411_BOS@CWS,2025-04-11,CWS,BOS,11,1,1.0,0.4692544478145911,0.4776,BOS,CWS,0
20250411_CHC@LAD,2025-04-11,LAD,CHC,3,0,1.0,0.6445024693961864,0.684,LAD,LAD,1
20250411_COL@SD,2025-04-11,SD,COL,8,0,1.0,0.7149733783602783,0.7759,SD,SD,1
20250411_DET@MIN,2025-04-11,MIN,DET,6,7,0.0,0.38507262759014854,0.3569,DET,DET,1
20250411_KC@CLE,2025-04-11,CLE,KC,7,0,1.0,0.5035604324328561,0.5,CLE,CLE,1
20250411_LAA@HOU,2025-04-11,HOU,LAA,14,3,1.0,0.5182306508831773,0.5043,HOU,HOU,1
20250411_MIL@AZ,2025-04-11,AZ,MIL,0,7,0.0,0.47954783940999607,0.4925,MIL,MIL,1
20250411_NYM@ATH,2025-04-11,ATH,NYM,6,7,0.0,0.3397581218752303,0.2947,NYM,NYM,1
20250411_PHI@STL,2025-04-11,STL,PHI,2,0,1.0,0.5415417986045094,0.5381,STL,STL,1
20250411_PIT@CIN,2025-04-11,CIN,PIT,5,3,1.0,0.56563787312377,0.5729,CIN,CIN,1
20250411_SF@NYY,2025-04-11,NYY,SF,1,9,0.0,0.49029618253919977,0.5,SF,SF,1
20250411_TEX@SEA,2025-04-11,SEA,TEX,5,3,1.0,0.6219329157176832,0.6529,SEA,SEA,1
20250411_WSH@MIA,2025-04-11,MIA,WSH,4,7,0.0,0.47697304628402304,0.4887,WSH,WSH,1
20250410_CWS@CLE,2025-04-10,CLE,CWS,6,1,1.0,0.5627902132731348,0.566,CLE,CLE,1
20250410_LAA@TB,2025-04-10,TB,LAA,1,11,0.0,0.5226659590370158,0.5081,TB,LAA,0
20250410_MIL@COL,2025-04-10,COL,MIL,7,2,1.0,0.5192268922122715,0.5032,COL,COL,1
20250410_MIN@KC,2025-04-10,KC,MIN,3,2,1.0,0.5306262466896157,0.5196,KC,KC,1
20250410_PHI@ATL,2025-04-10,ATL,PHI,4,2,1.0,0.5210274828482782,0.5058,ATL,ATL,1
20250410_TOR@BOS,2025-04-10,BOS,TOR,4,3,1.0,0.4993723730276607,0.5,TOR,BOS,0
20250409_BAL@AZ,2025-04-09,AZ,BAL,9,0,1.0,0.5317237563185322,0.5212,AZ,AZ,1
20250409_CIN@SF,2025-04-09,SF,CIN,8,6,1.0,0.5564578932087458,0.5569,SF,SF,1
20250409_CWS@CLE,2025-04-09,CLE,CWS,3,2,1.0,0.5526099356496014,0.5514,CLE,CLE,1
20250409_HOU@SEA,2025-04-09,SEA,HOU,7,6,1.0,0.5167198158504183,0.5,SEA,SEA,1
20250409_LAA@TB,2025-04-09,TB,LAA,5,4,1.0,0.5333267705330752,0.5235,TB,TB,1
20250409_LAD@WSH,2025-04-09,WSH,LAD,5,6,0.0,0.46167133967239693,0.4692,LAD,LAD,1
20250409_MIA@NYM,2025-04-09,NYM,MIA,0,5,0.0,0.5392165920676734,0.532,NYM,MIA,0
20250409_MIL@COL,2025-04-09,COL,MIL,2,17,0.0,0.5064569527054784,0.5,COL,MIL,0
20250409_MIN@KC,2025-04-09,KC,MIN,0,4,0.0,0.5349609617137675,0.5259,KC,MIN,0
20250409_NYY@DET,2025-04-09,DET,NYY,3,4,0.0,0.5004882096021274,0.5,DET,NYY,0
20250409_PHI@ATL,2025-04-09,ATL,PHI,3,4,0.0,0.5321508611352738,0.5218,ATL,PHI,0
20250409_SD@ATH,2025-04-09,ATH,SD,1,2,0.0,0.514856111872938,0.5,ATH,SD,0
20250409_STL@PIT,2025-04-09,PIT,STL,2,1,1.0,0.4900503514294263,0.5,STL,PIT,0
20250409_TEX@CHC,2025-04-09,CHC,TEX,2,6,0.0,0.5305495898328659,0.5195,CHC,TEX,0
20250409_TOR@BOS,2025-04-09,BOS,TOR,1,2,0.0,0.5113228836372052,0.5,BOS,TOR,0
20250408_BAL@AZ,2025-04-08,AZ,BAL,4,3,1.0,0.5191316316867053,0.503,AZ,AZ,1
20250408_CIN@SF,2025-04-08,SF,CIN,0,1,0.0,0.5442040949822443,0.5392,SF,CIN,0
20250408_CWS@CLE,2025-04-08,CLE,CWS,1,0,1.0,0.5354803117187125,0.5266,CLE,CLE,1
20250408_HOU@SEA,2025-04-08,SEA,HOU,1,2,0.0,0.5262112897838079,0.5133,SEA,HOU,0
20250408_LAA@TB,2025-04-08,TB,LAA,3,4,0.0,0.5316200496064102,0.5211,TB,LAA,0
20250408_LAD@WSH,2025-04-08,WSH,LAD,8,2,1.0,0.49094348546860517,0.5,LAD,WSH,0
20250408_MIA@NYM,2025-04-08,NYM,MIA,10,5,1.0,0.5393623767106238,0.5323,NYM,NYM,1
20250408_MIL@COL,2025-04-08,COL,MIL,1,7,0.0,0.5045722108259969,0.5,COL,MIL,0
20250408_MIN@KC,2025-04-08,KC,MIN,2,1,1.0,0.5526168498336558,0.5514,KC,KC,1
20250408_NYY@DET,2025-04-08,DET,NYY,5,0,1.0,0.5069115340850746,0.5,DET,DET,1
20250408_PHI@ATL,2025-04-08,ATL,PHI,7,5,1.0,0.5130565688717165,0.5,ATL,ATL,1
20250408_SD@ATH,2025-04-08,ATH,SD,10,4,1.0,0.4940218711044217,0.5,SD,ATH,0
20250408_STL@PIT,2025-04-08,PIT,STL,3,5,0.0,0.525852876143669,0.5127,PIT,STL,0
20250408_TEX@CHC,2025-04-08,CHC,TEX,10,6,1.0,0.5398297870720853,0.5329,CHC,CHC,1
20250408_TOR@BOS,2025-04-08,BOS,TOR,1,6,0.0,0.5216831308451945,0.5067,BOS,TOR,0
20250407_BAL@AZ,2025-04-07,AZ,BAL,1,5,0.0,0.5555596656427009,0.5556,AZ,BAL,0
20250407_CIN@SF,2025-04-07,SF,CIN,0,2,0.0,0.5445916772635463,0.5398,SF,CIN,0
20250407_HOU@SEA,2025-04-07,SEA,HOU,4,3,1.0,0.5233919523002902,0.5092,SEA,SEA,1
20250407_LAD@WSH,2025-04-07,WSH,LAD,6,4,1.0,0.48957217966496996,0.5,LAD,WSH,0
20250407_MIA@NYM,2025-04-07,NYM,MIA,2,0,1.0,0.5274933889806133,0.5151,NYM,NYM,1
20250407_MIN@KC,2025-04-07,KC,MIN,4,2,1.0,0.5467213095405271,0.5429,KC,KC,1
20250407_NYY@DET,2025-04-07,DET,NYY,6,2,1.0,0.5079754174572327,0.5,DET,DET,1
20250407_SD@ATH,2025-04-07,ATH,SD,4,5,0.0,0.5080297453960492,0.5,ATH,SD,0
20250407_STL@PIT,2025-04-07,PIT,STL,8,4,1.0,0.5104325639376727,0.5,PIT,PIT,1
20250407_TEX@CHC,2025-04-07,CHC,TEX,7,0,1.0,0.5238332931551375,0.5098,CHC,CHC,1
20250407_TOR@BOS,2025-04-07,BOS,TOR,2,6,0.0,0.5129470458464279,0.5,BOS,TOR,0
20250406_ATH@COL,2025-04-06,COL,ATH,12,5,1.0,0.5232108978614741,0.5089,COL,COL,1
20250406_AZ@WSH,2025-04-06,WSH,AZ,5,4,1.0,0.4981215755442529,0.5,AZ,WSH,0
20250406_BAL@KC,2025-04-06,KC,BAL,4,1,1.0,0.49305189001085203,0.5,BAL,KC,0
20250406_CIN@MIL,2025-04-06,MIL,CIN,8,2,1.0,0.5663274805440653,0.5711,MIL,MIL,1
20250406_CLE@LAA,2025-04-06,LAA,CLE,6,2,1.0,0.4837710870766359,0.5,CLE,LAA,0
20250406_CWS@DET,2025-04-06,DET,CWS,4,3,1.0,0.5345201732236375,0.5253,DET,DET,1
20250406_HOU@MIN,2025-04-06,MIN,HOU,7,9,0.0,0.5177351256864804,0.501,MIN,HOU,0
20250406_LAD@PHI,2025-04-06,PHI,LAD,8,7,1.0,0.5090768811836043,0.5,PHI,PHI,1
20250406_NYY@PIT,2025-04-06,PIT,NYY,5,4,1.0,0.4819274423552096,0.4985,NYY,PIT,0
20250406_SD@CHC,2025-04-06,CHC,SD,7,8,0.0,0.5349343687243184,0.5259,CHC,SD,0
20250406_SEA@SF,2025-04-06,SF,SEA,5,4,1.0,0.5495355562150676,0.5469,SF,SF,1
20250406_STL@BOS,2025-04-06,BOS,STL,18,7,1.0,0.5117915781732418,0.5,BOS,BOS,1
20250406_STL@BOS_2,2025-04-06,BOS,STL,5,4,1.0,0.4871074054916298,0.5,STL,BOS,0
20250406_TB@TEX,2025-04-06,TEX,TB,4,3,1.0,0.5381302960793463,0.5305,TEX,TEX,1
20250406_TOR@NYM,2025-04-06,NYM,TOR,2,1,1.0,0.5299950404076,0.5187,NYM,NYM,1
20250405_ATH@COL,2025-04-05,COL,ATH,4,7,0.0,0.50781126616578,0.5,COL,ATH,0
20250405_AZ@WSH,2025-04-05,WSH,AZ,4,3,1.0,0.5014587532495686,0.5,WSH,WSH,1
20250405_BAL@KC,2025-04-05,KC,BAL,1,8,0.0,0.524542222573732,0.5108,KC,BAL,0
20250405_CIN@MIL,2025-04-05,MIL,CIN,7,11,0.0,0.5362464447866641,0.5278,MIL,CIN,0
20250405_CLE@LAA,2025-04-05,LAA,CLE,10,4,1.0,0.5010361584293683,0.5,LAA,LAA,1
20250405_CWS@DET,2025-04-05,DET,CWS,7,2,1.0,0.5370800842781996,0.529,DET,DET,1
20250405_HOU@MIN,2025-04-05,MIN,HOU,6,1,1.0,0.5304296219024013,0.5194,MIN,MIN,1
20250405_LAD@PHI,2025-04-05,PHI,LAD,1,3,0.0,0.5250927484138675,0.5116,PHI,LAD,0
20250405_MIA@ATL,2025-04-05,ATL,MIA,0,4,0.0,0.5365072990923618,0.5281,ATL,MIA,0
20250405_NYY@PIT,2025-04-05,PIT,NYY,4,10,0.0,0.4980270237555912,0.5,NYY,NYY,1
20250405_SD@CHC,2025-04-05,CHC,SD,7,1,1.0,0.5280058708838765,0.5158,CHC,CHC,1
20250405_SEA@SF,2025-04-05,SF,SEA,4,1,1.0,0.5271875004449654,0.5147,SF,SF,1
20250405_TB@TEX,2025-04-05,TEX,TB,6,4,1.0,0.5321016568213569,0.5218,TEX,TEX,1
20250405_TOR@NYM,2025-04-05,NYM,TOR,3,2,1.0,0.5347034148502576,0.5255,NYM,NYM,1
20250404_ATH@COL,2025-04-04,COL,ATH,3,6,0.0,0.512518697167504,0.5,COL,ATH,0
20250404_AZ@WSH,2025-04-04,WSH,AZ,4,6,0.0,0.4850589679569916,0.5,AZ,AZ,1
20250404_BAL@KC,2025-04-04,KC,BAL,8,2,1.0,0.5208494366909169,0.5055,KC,KC,1
20250404_CIN@MIL,2025-04-04,MIL,CIN,3,2,1.0,0.5545985964185414,0.5542,MIL,MIL,1
20250404_CLE@LAA,2025-04-04,LAA,CLE,6,8,0.0,0.4869379149186795,0.5,CLE,CLE,1
20250404_CWS@DET,2025-04-04,DET,CWS,7,4,1.0,0.5485633571603569,0.5455,DET,DET,1
20250404_LAD@PHI,2025-04-04,PHI,LAD,3,2,1.0,0.515255455896475,0.5,PHI,PHI,1
20250404_MIA@ATL,2025-04-04,ATL,MIA,10,0,1.0,0.5265802233067441,0.5138,ATL,ATL,1
20250404_NYY@PIT,2025-04-04,PIT,NYY,4,9,0.0,0.49514317125161855,0.5,NYY,NYY,1
20250404_SD@CHC,2025-04-04,CHC,SD,3,1,1.0,0.5311267602275263,0.5204,CHC,CHC,1
20250404_SEA@SF,2025-04-04,SF,SEA,10,9,1.0,0.5439707683909596,0.5389,SF,SF,1
20250404_STL@BOS,2025-04-04,BOS,STL,13,9,1.0,0.4985864832238578,0.5,STL,BOS,0
20250404_TB@TEX,2025-04-04,TEX,TB,5,2,1.0,0.5271748228219162,0.5146,TEX,TEX,1
20250404_TOR@NYM,2025-04-04,NYM,TOR,5,0,1.0,0.5323848187479163,0.5222,NYM,NYM,1
20250403_AZ@NYY,2025-04-03,NYY,AZ,9,7,1.0,0.5368997877058912,0.5248,NYY,NYY,1
20250403_BOS@BAL,2025-04-03,BAL,BOS,4,8,0.0,0.5229881120810871,0.5043,BAL,BOS,0
20250403_CIN@MIL,2025-04-03,MIL,CIN,1,0,1.0,0.5323954438903493,0.5182,MIL,MIL,1
20250403_COL@PHI,2025-04-03,PHI,COL,3,1,1.0,0.5227134472742039,0.5039,PHI,PHI,1
20250403_HOU@MIN,2025-04-03,MIN,HOU,2,5,0.0,0.5114993092540815,0.5,MIN,HOU,0
20250402_ATL@LAD,2025-04-02,LAD,ATL,6,5,1.0,0.5530031136217783,0.5486,LAD,LAD,1
20250402_AZ@NYY,2025-04-02,NYY,AZ,3,4,0.0,0.5264132839613083,0.5094,NYY,AZ,0
20250402_BOS@BAL,2025-04-02,BAL,BOS,0,3,0.0,0.5517323938522876,0.5467,BAL,BOS,0
20250402_CHC@ATH,2025-04-02,ATH,CHC,2,10,0.0,0.5029939361789325,0.5,ATH,CHC,0
20250402_CLE@SD,2025-04-02,SD,CLE,5,2,1.0,0.5568714419451105,0.5542,SD,SD,1
20250402_COL@PHI,2025-04-02,PHI,COL,5,1,1.0,0.5271231306410535,0.5104,PHI,PHI,1
20250402_DET@SEA,2025-04-02,SEA,DET,3,2,1.0,0.5310397867927469,0.5162,SEA,SEA,1
20250402_KC@MIL,2025-04-02,MIL,KC,3,2,1.0,0.5187004783391169,0.5,MIL,MIL,1
20250402_LAA@STL,2025-04-02,STL,LAA,12,5,1.0,0.5424236808301913,0.533,STL,STL,1
20250402_MIN@CWS,2025-04-02,CWS,MIN,1,6,0.0,0.5428889720499164,0.5337,CWS,MIN,0
20250402_NYM@MIA,2025-04-02,MIA,NYM,5,6,0.0,0.484548673541573,0.5,NYM,NYM,1
20250402_PIT@TB,2025-04-02,TB,PIT,2,4,0.0,0.5169151664108602,0.5,TB,PIT,0
20250402_SF@HOU,2025-04-02,HOU,SF,3,6,0.0,0.5197033527911308,0.5,HOU,SF,0
20250402_TEX@CIN,2025-04-02,CIN,TEX,0,1,0.0,0.5162207790725034,0.5,CIN,TEX,0
20250402_WSH@TOR,2025-04-02,TOR,WSH,4,2,1.0,0.5303087167329434,0.5151,TOR,TOR,1
20250401_ATL@LAD,2025-04-01,LAD,ATL,3,1,1.0,0.551639990872178,0.5465,LAD,LAD,1
20250401_AZ@NYY,2025-04-01,NYY,AZ,5,7,0.0,0.522725693350421,0.5039,NYY,AZ,0
20250401_CHC@ATH,2025-04-01,ATH,CHC,4,7,0.0,0.5374237171891724,0.5256,ATH,CHC,0
20250401_CLE@SD,2025-04-01,SD,CLE,7,0,1.0,0.5125030682543996,0.5,SD,SD,1
20250401_DET@SEA,2025-04-01,SEA,DET,1,4,0.0,0.5341392560791156,0.5208,SEA,DET,0
20250401_KC@MIL,2025-04-01,MIL,KC,5,0,1.0,0.5234963679604145,0.5051,MIL,MIL,1
20250401_LAA@STL,2025-04-01,STL,LAA,7,9,0.0,0.5402138396989578,0.5297,STL,LAA,0
20250401_MIN@CWS,2025-04-01,CWS,MIN,3,8,0.0,0.5235342085260132,0.5051,CWS,MIN,0
20250401_NYM@MIA,2025-04-01,MIA,NYM,4,2,1.0,0.48675797642247637,0.5,NYM,MIA,0
20250401_PIT@TB,2025-04-01,TB,PIT,7,0,1.0,0.5273158811719358,0.5107,TB,TB,1
20250401_SF@HOU,2025-04-01,HOU,SF,1,3,0.0,0.5173051728920396,0.5,HOU,SF,0
20250401_TEX@CIN,2025-04-01,CIN,TEX,0,1,0.0,0.49785588959493665,0.5,TEX,TEX,1
20250401_WSH@TOR,2025-04-01,TOR,WSH,5,3,1.0,0.5071722261970713,0.5,TOR,TOR,1
20250331_ATL@LAD,2025-03-31,LAD,ATL,6,1,1.0,0.5477578064126621,0.5408,LAD,LAD,1
20250331_BOS@BAL,2025-03-31,BAL,BOS,8,5,1.0,0.5359346512759449,0.5234,BAL,BAL,1
20250331_CHC@ATH,2025-03-31,ATH,CHC,3,18,0.0,0.5023233159839796,0.5,ATH,CHC,0
20250331_CLE@SD,2025-03-31,SD,CLE,7,2,1.0,0.529685701623409,0.5142,SD,SD,1
20250331_COL@PHI,2025-03-31,PHI,COL,6,1,1.0,0.5367257592700033,0.5246,PHI,PHI,1
20250331_DET@SEA,2025-03-31,SEA,DET,6,9,0.0,0.5427329345245328,0.5334,SEA,DET,0
20250331_KC@MIL,2025-03-31,MIL,KC,1,11,0.0,0.5271479629981327,0.5104,MIL,KC,0
20250331_LAA@STL,2025-03-31,STL,LAA,4,5,0.0,0.535729378162264,0.5231,STL,LAA,0
20250331_MIN@CWS,2025-03-31,CWS,MIN,9,0,1.0,0.5267261969507814,0.5098,CWS,CWS,1
20250331_NYM@MIA,2025-03-31,MIA,NYM,4,10,0.0,0.48944583367241046,0.5,NYM,NYM,1
20250331_PIT@TB,2025-03-31,TB,PIT,6,1,1.0,0.524794518797705,0.507,TB,TB,1
20250331_SF@HOU,2025-03-31,HOU,SF,2,7,0.0,0.515732748901971,0.5,HOU,SF,0
20250331_TEX@CIN,2025-03-31,CIN,TEX,14,3,1.0,0.5055061536733344,0.5,CIN,CIN,1
20250331_WSH@TOR,2025-03-31,TOR,WSH,5,2,1.0,0.5210180979635896,0.5014,TOR,TOR,1
20250330_ATH@SEA,2025-03-30,SEA,ATH,2,1,1.0,0.531020356948973,0.5162,SEA,SEA,1
20250330_ATL@SD,2025-03-30,SD,ATL,5,0,1.0,0.5421567031901775,0.5326,SD,SD,1
20250330_BAL@TOR,2025-03-30,TOR,BAL,3,1,1.0,0.5102598840083112,0.5,TOR,TOR,1
20250330_BOS@TEX,2025-03-30,TEX,BOS,3,2,1.0,0.5353507756132985,0.5225,TEX,TEX,1
20250330_CHC@AZ,2025-03-30,AZ,CHC,10,6,1.0,0.530195603397883,0.5149,AZ,AZ,1
20250330_CLE@KC,2025-03-30,KC,CLE,2,6,0.0,0.5285125366084114,0.5125,KC,CLE,0
20250330_COL@TB,2025-03-30,TB,COL,6,4,1.0,0.5163071846300653,0.5,TB,TB,1
20250330_LAA@CWS,2025-03-30,CWS,LAA,2,3,0.0,0.5185381785883018,0.5,CWS,LAA,0
20250330_MIL@NYY,2025-03-30,NYY,MIL,12,3,1.0,0.5306605951898296,0.5156,NYY,NYY,1
20250330_MIN@STL,2025-03-30,STL,MIN,9,2,1.0,0.5236700765948881,0.5053,STL,STL,1
20250330_PHI@WSH,2025-03-30,WSH,PHI,5,1,1.0,0.5083482599945478,0.5,WSH,WSH,1
20250330_PIT@MIA,2025-03-30,MIA,PIT,3,2,1.0,0.49002766637342987,0.5,PIT,MIA,0
20250330_SF@CIN,2025-03-30,CIN,SF,3,6,0.0,0.5140304345271637,0.5,CIN,SF,0
20250329_ATH@SEA,2025-03-29,SEA,ATH,2,4,0.0,0.5301300432947977,0.5148,SEA,ATH,0
20250329_ATL@SD,2025-03-29,SD,ATL,1,0,1.0,0.5457247991221955,0.5378,SD,SD,1
20250329_BAL@TOR,2025-03-29,TOR,BAL,5,9,0.0,0.5124689997913509,0.5,TOR,BAL,0
20250329_BOS@TEX,2025-03-29,TEX,BOS,4,3,1.0,0.5287236590270632,0.5128,TEX,TEX,1
20250329_CHC@AZ,2025-03-29,AZ,CHC,3,4,0.0,0.5368700451356797,0.5248,AZ,CHC,0
20250329_CLE@KC,2025-03-29,KC,CLE,4,3,1.0,0.5143103153528017,0.5,KC,KC,1
20250329_COL@TB,2025-03-29,TB,COL,1,2,0.0,0.5172128323295277,0.5,TB,COL,0
20250329_DET@LAD,2025-03-29,LAD,DET,7,3,1.0,0.5472733750349781,0.5401,LAD,LAD,1
20250329_LAA@CWS,2025-03-29,CWS,LAA,0,1,0.0,0.5183701203247435,0.5,CWS,LAA,0
20250329_MIL@NYY,2025-03-29,NYY,MIL,20,9,1.0,0.534834428476103,0.5218,NYY,NYY,1
20250329_MIN@STL,2025-03-29,STL,MIN,5,1,1.0,0.5323573495743913,0.5181,STL,STL,1
20250329_NYM@HOU,2025-03-29,HOU,NYM,2,1,1.0,0.5155617307503031,0.5,HOU,HOU,1
20250329_PHI@WSH,2025-03-29,WSH,PHI,6,11,0.0,0.5083986703847319,0.5,WSH,PHI,0
20250329_PIT@MIA,2025-03-29,MIA,PIT,5,4,1.0,0.4877374388302363,0.5,PIT,MIA,0
20250329_SF@CIN,2025-03-29,CIN,SF,3,2,1.0,0.5110130248453718,0.5,CIN,CIN,1
20250328_ATH@SEA,2025-03-28,SEA,ATH,0,7,0.0,0.5336564217401644,0.52,SEA,ATH,0
20250328_ATL@SD,2025-03-28,SD,ATL,4,3,1.0,0.531129761963309,0.5163,SD,SD,1
20250328_BAL@TOR,2025-03-28,TOR,BAL,8,2,1.0,0.5122498068695325,0.5,TOR,TOR,1
20250328_BOS@TEX,2025-03-28,TEX,BOS,4,1,1.0,0.5299536588074178,0.5146,TEX,TEX,1
20250328_CHC@AZ,2025-03-28,AZ,CHC,8,1,1.0,0.5300364399288723,0.5147,AZ,AZ,1
20250328_COL@TB,2025-03-28,TB,COL,3,2,1.0,0.5191068900064266,0.5,TB,TB,1
20250328_DET@LAD,2025-03-28,LAD,DET,8,5,1.0,0.5452865662067962,0.5372,LAD,LAD,1
20250328_NYM@HOU,2025-03-28,HOU,NYM,1,3,0.0,0.5155183939915212,0.5,HOU,NYM,0
20250328_PIT@MIA,2025-03-28,MIA,PIT,3,4,0.0,0.49262846708827585,0.5,PIT,PIT,1
20240929_ATH@SEA,2024-09-29,SEA,ATH,6,4,1.0,0.539782763736661,0.532,SEA,SEA,1
20240929_BAL@MIN,2024-09-29,MIN,BAL,2,6,0.0,0.510680434510473,0.5,MIN,BAL,0
20240929_CIN@CHC,2024-09-29,CHC,CIN,0,3,0.0,0.5281190122655445,0.5153,CHC,CIN,0
20240929_CWS@DET,2024-09-29,DET,CWS,5,9,0.0,0.5547077946697907,0.5533,DET,CWS,0
20240929_KC@ATL,2024-09-29,ATL,KC,2,4,0.0,0.5352749770081452,0.5256,ATL,KC,0
20240929_LAD@COL,2024-09-29,COL,LAD,1,2,0.0,0.5059084325432802,0.5,COL,LAD,0
20240929_MIA@TOR,2024-09-29,TOR,MIA,1,3,0.0,0.505790825605304,0.5,TOR,MIA,0
20240929_NYM@MIL,2024-09-29,MIL,NYM,0,5,0.0,0.5305241949621706,0.5188,MIL,NYM,0
20240929_PHI@WSH,2024-09-29,WSH,PHI,3,6,0.0,0.5083205378132281,0.5,WSH,PHI,0
20240929_PIT@NYY,2024-09-29,NYY,PIT,6,4,1.0,0.5335288802119735,0.5231,NYY,NYY,1
20240929_SD@AZ,2024-09-29,AZ,SD,11,2,1.0,0.5325469758883771,0.5217,AZ,AZ,1
20240929_STL@SF,2024-09-29,SF,STL,1,6,0.0,0.5248662687037553,0.5107,SF,STL,0
20240929_TB@BOS,2024-09-29,BOS,TB,3,1,1.0,0.5008573639618954,0.5,BOS,BOS,1
20240929_TEX@LAA,2024-09-29,LAA,TEX,0,8,0.0,0.5139866742419659,0.5,LAA,TEX,0
20240928_ATH@SEA,2024-09-28,SEA,ATH,7,6,1.0,0.5347325274418119,0.5248,SEA,SEA,1
20240928_BAL@MIN,2024-09-28,MIN,BAL,2,9,0.0,0.5153605982672684,0.5,MIN,BAL,0
20240928_CIN@CHC,2024-09-28,CHC,CIN,3,0,1.0,0.5310988494675328,0.5196,CHC,CHC,1
20240928_CWS@DET,2024-09-28,DET,CWS,0,4,0.0,0.5556661782624097,0.5547,DET,CWS,0
20240928_HOU@CLE,2024-09-28,CLE,HOU,3,4,0.0,0.5296406937243259,0.5175,CLE,HOU,0
20240928_KC@ATL,2024-09-28,ATL,KC,2,1,1.0,0.5368991538513872,0.5279,ATL,ATL,1
20240928_LAD@COL,2024-09-28,COL,LAD,2,13,0.0,0.5080806838505695,0.5,COL,LAD,0
20240928_MIA@TOR,2024-09-28,TOR,MIA,1,8,0.0,0.5217530665146296,0.5062,TOR,MIA,0
20240928_NYM@MIL,2024-09-28,MIL,NYM,6,0,1.0,0.528630770896592,0.5161,MIL,MIL,1
20240928_PHI@WSH,2024-09-28,WSH,PHI,6,3,1.0,0.5067731996385431,0.5,WSH,WSH,1
20240928_PIT@NYY,2024-09-28,NYY,PIT,4,9,0.0,0.5328518295241415,0.5221,NYY,PIT,0
20240928_SD@AZ,2024-09-28,AZ,SD,0,5,0.0,0.5281670187186559,0.5154,AZ,SD,0
20240928_STL@SF,2024-09-28,SF,STL,6,5,1.0,0.5253472573962816,0.5114,SF,SF,1
20240928_TB@BOS,2024-09-28,BOS,TB,2,7,0.0,0.5149018908260221,0.5,BOS,TB,0
20240928_TEX@LAA,2024-09-28,LAA,TEX,8,9,0.0,0.5091707434384146,0.5,LAA,TEX,0
20240927_ATH@SEA,2024-09-27,SEA,ATH,2,0,1.0,0.5339242399046958,0.5236,SEA,SEA,1
20240927_BAL@MIN,2024-09-27,MIN,BAL,2,7,0.0,0.5295002205644358,0.5173,MIN,BAL,0
20240927_CIN@CHC,2024-09-27,CHC,CIN,1,0,1.0,0.5367427699794833,0.5277,CHC,CHC,1
20240927_CWS@DET,2024-09-27,DET,CWS,4,1,1.0,0.5529492580025317,0.5508,DET,DET,1
20240927_HOU@CLE,2024-09-27,CLE,HOU,2,5,0.0,0.5289896386720182,0.5166,CLE,HOU,0
20240927_KC@ATL,2024-09-27,ATL,KC,3,0,1.0,0.5278162702328996,0.5149,ATL,ATL,1
20240927_LAD@COL,2024-09-27,COL,LAD,4,11,0.0,0.5122106487180376,0.5,COL,LAD,0
20240927_MIA@TOR,2024-09-27,TOR,MIA,5,15,0.0,0.5200649212987071,0.5038,TOR,MIA,0
20240927_NYM@MIL,2024-09-27,MIL,NYM,8,4,1.0,0.5357669314763546,0.5263,MIL,MIL,1
20240927_PHI@WSH,2024-09-27,WSH,PHI,9,1,1.0,0.5092850918762489,0.5,WSH,WSH,1
20240927_PIT@NYY,2024-09-27,NYY,PIT,2,4,0.0,0.5355340264138266,0.5259,NYY,PIT,0
20240927_SD@AZ,2024-09-27,AZ,SD,3,5,0.0,0.5252997648361923,0.5113,AZ,SD,0
20240927_STL@SF,2024-09-27,SF,STL,3,6,0.0,0.527735665959977,0.5148,SF,STL,0
20240927_TB@BOS,2024-09-27,BOS,TB,1,2,0.0,0.514102006719088,0.5,BOS,TB,0
20240927_TEX@LAA,2024-09-27,LAA,TEX,2,5,0.0,0.5069034049588356,0.5,LAA,TEX,0
20240926_BAL@NYY,2024-09-26,NYY,BAL,10,1,1.0,0.530013799132131,0.518,NYY,NYY,1
20240926_KC@WSH,2024-09-26,WSH,KC,4,7,0.0,0.5120425554267825,0.5,WSH,KC,0
20240926_LAA@CWS,2024-09-26,CWS,LAA,7,0,1.0,0.526959999490816,0.5137,CWS,CWS,1
20240926_MIA@MIN,2024-09-26,MIN,MIA,6,8,0.0,0.5398790813240258,0.5321,MIN,MIA,0
20240926_MIL@PIT,2024-09-26,PIT,MIL,2,5,0.0,0.5255234398723748,0.5116,PIT,MIL,0
20240926_SD@LAD,2024-09-26,LAD,SD,7,2,1.0,0.529435688030165,0.5172,LAD,LAD,1
20240926_STL@COL,2024-09-26,COL,STL,10,8,1.0,0.5093720640008728,0.5,COL,COL,1
20240926_TB@DET,2024-09-26,DET,TB,4,3,1.0,0.5109487361027171,0.5,DET,DET,1
20240926_TEX@ATH,2024-09-26,ATH,TEX,3,2,1.0,0.5126561771866552,0.5,ATH,ATH,1
20240925_BAL@NYY,2024-09-25,NYY,BAL,7,9,0.0,0.5286134820430428,0.516,NYY,BAL,0
20240925_BOS@TOR,2024-09-25,TOR,BOS,6,1,1.0,0.5133392872920673,0.5,TOR,TOR,1
20240925_CHC@PHI,2024-09-25,PHI,CHC,9,6,1.0,0.5347062305973806,0.5248,PHI,PHI,1
20240925_CIN@CLE,2024-09-25,CLE,CIN,5,2,1.0,0.5374240619481927,0.5286,CLE,CLE,1
20240925_KC@WSH,2024-09-25,WSH,KC,0,3,0.0,0.4985098966501959,0.5,KC,KC,1
20240925_LAA@CWS,2024-09-25,CWS,LAA,4,3,1.0,0.5284042444281759,0.5157,CWS,CWS,1
20240925_MIA@MIN,2024-09-25,MIN,MIA,8,3,1.0,0.5319508848303853,0.5208,MIN,MIN,1
20240925_MIL@PIT,2024-09-25,PIT,MIL,2,1,1.0,0.526029753790893,0.5123,PIT,PIT,1
20240925_SD@LAD,2024-09-25,LAD,SD,4,3,1.0,0.5264481116951929,0.5129,LAD,LAD,1
20240925_SEA@HOU,2024-09-25,HOU,SEA,1,8,0.0,0.5290503199297886,0.5167,HOU,SEA,0
20240925_SF@AZ,2024-09-25,AZ,SF,8,2,1.0,0.5379144072751093,0.5293,AZ,AZ,1
20240925_STL@COL,2024-09-25,COL,STL,2,5,0.0,0.5070575219075526,0.5,COL,STL,0
20240925_TB@DET,2024-09-25,DET,TB,7,1,1.0,0.5057495763362402,0.5,DET,DET,1
20240925_TEX@ATH,2024-09-25,ATH,TEX,1,5,0.0,0.5222410860937305,0.5069,ATH,TEX,0
20240924_BAL@NYY,2024-09-24,NYY,BAL,3,5,0.0,0.5313432190499173,0.5199,NYY,BAL,0
20240924_BOS@TOR,2024-09-24,TOR,BOS,5,6,0.0,0.5192489795662693,0.5027,TOR,BOS,0
20240924_CHC@PHI,2024-09-24,PHI,CHC,4,10,0.0,0.5334909034472205,0.523,PHI,CHC,0
20240924_CIN@CLE,2024-09-24,CLE,CIN,6,1,1.0,0.535941152086438,0.5265,CLE,CLE,1
20240924_KC@WSH,2024-09-24,WSH,KC,0,1,0.0,0.5096820761403867,0.5,WSH,KC,0
20240924_LAA@CWS,2024-09-24,CWS,LAA,3,2,1.0,0.5264155428553069,0.5129,CWS,CWS,1
20240924_MIA@MIN,2024-09-24,MIN,MIA,1,4,0.0,0.5349041457532958,0.525,MIN,MIA,0
20240924_MIL@PIT,2024-09-24,PIT,MIL,2,7,0.0,0.5219442756388716,0.5065,PIT,MIL,0
20240924_NYM@ATL,2024-09-24,ATL,NYM,5,1,1.0,0.5302414405848741,0.5184,ATL,ATL,1
20240924_SD@LAD,2024-09-24,LAD,SD,2,4,0.0,0.5303123436203993,0.5185,LAD,SD,0
20240924_SEA@HOU,2024-09-24,HOU,SEA,4,3,1.0,0.5347467814326834,0.5248,HOU,HOU,1
20240924_SF@AZ,2024-09-24,AZ,SF,0,11,0.0,0.5378705585786278,0.5293,AZ,SF,0
20240924_STL@COL,2024-09-24,COL,STL,3,7,0.0,0.5095460802196161,0.5,COL,STL,0
20240924_TB@DET,2024-09-24,DET,TB,2,1,1.0,0.5213133951167366,0.5056,DET,DET,1
20240924_TEX@ATH,2024-09-24,ATH,TEX,5,4,1.0,0.5176040594332145,0.5003,ATH,ATH,1
20240923_BOS@TOR,2024-09-23,TOR,BOS,1,4,0.0,0.5199122927011948,0.5036,TOR,BOS,0
20240923_CHC@PHI,2024-09-23,PHI,CHC,6,2,1.0,0.5379693968316095,0.5294,PHI,PHI,1
20240923_SEA@HOU,2024-09-23,HOU,SEA,1,6,0.0,0.5305992379884227,0.5189,HOU,SEA,0
20240923_SF@AZ,2024-09-23,AZ,SF,3,6,0.0,0.5415256142674442,0.5345,AZ,SF,0
20240922_ATL@MIA,2024-09-22,MIA,ATL,4,5,0.0,0.4666066328872897,0.4746,ATL,ATL,1
20240922_AZ@MIL,2024-09-22,MIL,AZ,10,9,1.0,0.4867886244233022,0.5,AZ,MIL,0
20240922_CLE@STL,2024-09-22,STL,CLE,2,1,1.0,0.4563452106107462,0.4603,CLE,STL,0
20240922_COL@LAD,2024-09-22,LAD,COL,6,5,1.0,0.7885833536049952,0.8519,LAD,LAD,1
20240922_CWS@SD,2024-09-22,SD,CWS,4,2,1.0,0.6072441364368427,0.6277,SD,SD,1
20240922_DET@BAL,2024-09-22,BAL,DET,3,4,0.0,0.5940715194242848,0.6097,BAL,DET,0
20240922_LAA@HOU,2024-09-22,HOU,LAA,8,9,0.0,0.6115824622841015,0.6336,HOU,LAA,0
20240922_MIN@BOS,2024-09-22,BOS,MIN,8,1,1.0,0.4202976586804316,0.4102,MIN,BOS,0
20240922_MIN@BOS_2,2024-09-22,BOS,MIN,9,3,1.0,0.4445949395300569,0.4439,MIN,BOS,0
20240922_NYY@ATH,2024-09-22,ATH,NYY,4,7,0.0,0.3514876071382563,0.3168,NYY,NYY,1
20240922_PHI@NYM,2024-09-22,NYM,PHI,2,1,1.0,0.4963493336039859,0.5,PHI,NYM,0
20240922_PIT@CIN,2024-09-22,CIN,PIT,0,2,0.0,0.3238019390686994,0.2807,PIT,PIT,1
20240922_SEA@TEX,2024-09-22,TEX,SEA,6,5,1.0,0.584601798288613,0.5966,TEX,TEX,1
20240922_SF@KC,2024-09-22,KC,SF,0,2,0.0,0.6276870938232094,0.6554,KC,SF,0
20240922_TOR@TB,2024-09-22,TB,TOR,4,3,1.0,0.39297456837247013,0.3726,TOR,TB,0
20240922_WSH@CHC,2024-09-22,CHC,WSH,5,0,1.0,0.7213048645259142,0.7756,CHC,CHC,1
20240921_ATL@MIA,2024-09-21,MIA,ATL,2,6,0.0,0.44746236037950027,0.4479,ATL,ATL,1
20240921_AZ@MIL,2024-09-21,MIL,AZ,0,5,0.0,0.45341247376173455,0.4562,AZ,AZ,1
20240921_CLE@STL,2024-09-21,STL,CLE,6,5,1.0,0.5117952904566957,0.5,STL,STL,1
20240921_COL@LAD,2024-09-21,LAD,COL,3,6,0.0,0.7412693276628167,0.7993,LAD,COL,0
20240921_CWS@SD,2024-09-21,SD,CWS,6,2,1.0,0.7342434261685036,0.791,SD,SD,1
20240921_DET@BAL,2024-09-21,BAL,DET,4,6,0.0,0.558345961361555,0.5602,BAL,DET,0
20240921_LAA@HOU,2024-09-21,HOU,LAA,10,4,1.0,0.6227973469590047,0.6488,HOU,HOU,1
20240921_NYY@ATH,2024-09-21,ATH,NYY,0,10,0.0,0.3860462695424833,0.3632,NYY,NYY,1
20240921_PHI@NYM,2024-09-21,NYM,PHI,6,3,1.0,0.4625215967394414,0.4689,PHI,NYM,0
20240921_PIT@CIN,2024-09-21,CIN,PIT,7,1,1.0,0.3842019230239835,0.3607,PIT,CIN,0
20240921_SEA@TEX,2024-09-21,TEX,SEA,4,8,0.0,0.566344938900782,0.5713,TEX,SEA,0
20240921_SF@KC,2024-09-21,KC,SF,0,9,0.0,0.5892863117400534,0.6031,KC,SF,0
20240921_TOR@TB,2024-09-21,TB,TOR,3,2,1.0,0.4634641835396432,0.4702,TOR,TB,0
20240921_WSH@CHC,2024-09-21,CHC,WSH,1,5,0.0,0.5629309706636196,0.5666,CHC,WSH,0
20240920_ATL@MIA,2024-09-20,MIA,ATL,4,3,1.0,0.49390843145913305,0.5,ATL,MIA,0
20240920_AZ@MIL,2024-09-20,MIL,AZ,4,7,0.0,0.5082989303368793,0.5,MIL,AZ,0
20240920_CLE@STL,2024-09-20,STL,CLE,1,5,0.0,0.48542331546183604,0.5,CLE,CLE,1
20240920_COL@LAD,2024-09-20,LAD,COL,6,4,1.0,0.6195886609380896,0.6445,LAD,LAD,1
20240920_CWS@SD,2024-09-20,SD,CWS,3,2,1.0,0.5922871541785835,0.6072,SD,SD,1
20240920_DET@BAL,2024-09-20,BAL,DET,7,1,1.0,0.6208915621710456,0.6463,BAL,BAL,1
20240920_LAA@HOU,2024-09-20,HOU,LAA,9,7,1.0,0.6678849836193087,0.7086,HOU,HOU,1
20240920_MIN@BOS,2024-09-20,BOS,MIN,2,4,0.0,0.4944944198895671,0.5,MIN,MIN,1
20240920_NYY@ATH,2024-09-20,ATH,NYY,2,4,0.0,0.3549111679348638,0.3213,NYY,NYY,1
20240920_PHI@NYM,2024-09-20,NYM,PHI,2,12,0.0,0.5839731797556581,0.5957,NYM,PHI,0
20240920_PIT@CIN,2024-09-20,CIN,PIT,8,3,1.0,0.5175713455149159,0.5033,CIN,CIN,1
20240920_SEA@TEX,2024-09-20,TEX,SEA,2,8,0.0,0.516887809174837,0.5023,TEX,SEA,0
20240920_SF@KC,2024-09-20,KC,SF,1,2,0.0,0.7113186239046336,0.7635,KC,SF,0
20240920_TOR@TB,2024-09-20,TB,TOR,1,0,1.0,0.49105595495880044,0.5,TOR,TB,0
20240920_WSH@CHC,2024-09-20,CHC,WSH,3,1,1.0,0.6495807514648271,0.6846,CHC,CHC,1
20240919_ATL@CIN,2024-09-19,CIN,ATL,3,15,0.0,0.32017689863508586,0.276,ATL,ATL,1
20240919_AZ@MIL,2024-09-19,MIL,AZ,1,5,0.0,0.44297854655042346,0.4417,AZ,AZ,1
20240919_BOS@TB,2024-09-19,TB,BOS,2,0,1.0,0.43693144646334725,0.4332,BOS,TB,0
20240919_LAA@HOU,2024-09-19,HOU,LAA,3,1,1.0,0.5882478440501965,0.6016,HOU,HOU,1
20240919_LAD@MIA,2024-09-19,MIA,LAD,4,20,0.0,0.3954693711502565,0.376,LAD,LAD,1
20240919_MIN@CLE,2024-09-19,CLE,MIN,3,2,1.0,0.5891635090558257,0.6029,CLE,CLE,1
20240919_NYY@SEA,2024-09-19,SEA,NYY,3,2,1.0,0.5291417730116587,0.5194,SEA,SEA,1
20240919_PHI@NYM,2024-09-19,NYM,PHI,10,6,1.0,0.6100767783364918,0.6316,NYM,NYM,1
20240919_PIT@STL,2024-09-19,STL,PIT,2,3,0.0,0.41571454038920147,0.4038,PIT,PIT,1
20240919_SF@BAL,2024-09-19,BAL,SF,5,3,1.0,0.6465589002347076,0.6806,BAL,BAL,1
20240919_TOR@TEX,2024-09-19,TEX,TOR,0,4,0.0,0.5202057198358416,0.507,TEX,TOR,0
20240919_WSH@CHC,2024-09-19,CHC,WSH,7,6,1.0,0.6688444464011384,0.7099,CHC,CHC,1
20240918_ATH@CHC,2024-09-18,CHC,ATH,3,5,0.0,0.5590378434410415,0.5611,CHC,ATH,0
20240918_ATL@CIN,2024-09-18,CIN,ATL,1,7,0.0,0.3592606301906404,0.3271,ATL,ATL,1
20240918_AZ@COL,2024-09-18,COL,AZ,4,9,0.0,0.5182793586521827,0.5043,COL,AZ,0
20240918_BOS@TB,2024-09-18,TB,BOS,1,2,0.0,0.4556126220527932,0.4593,BOS,BOS,1
20240918_CWS@LAA,2024-09-18,LAA,CWS,4,3,1.0,0.6447460286839177,0.6782,LAA,LAA,1
20240918_DET@KC,2024-09-18,KC,DET,2,4,0.0,0.47444592654282713,0.4856,DET,DET,1
20240918_HOU@SD,2024-09-18,SD,HOU,4,0,1.0,0.43598824648686463,0.4319,HOU,SD,0
20240918_LAD@MIA,2024-09-18,MIA,LAD,4,8,0.0,0.4420364539730209,0.4404,LAD,LAD,1
20240918_MIN@CLE,2024-09-18,CLE,MIN,5,4,1.0,0.5544426046989327,0.5547,CLE,CLE,1
20240918_NYY@SEA,2024-09-18,SEA,NYY,1,2,0.0,0.5305103838825356,0.5214,SEA,NYY,0
20240918_PHI@MIL,2024-09-18,MIL,PHI,2,1,1.0,0.5263353393426287,0.5155,MIL,MIL,1
20240918_PIT@STL,2024-09-18,STL,PIT,10,5,1.0,0.6169680814324413,0.6409,STL,STL,1
20240918_SF@BAL,2024-09-18,BAL,SF,3,5,0.0,0.6495665705078308,0.6846,BAL,SF,0
20240918_TOR@TEX,2024-09-18,TEX,TOR,2,0,1.0,0.5328920209287678,0.5247,TEX,TEX,1
20240918_WSH@NYM,2024-09-18,NYM,WSH,10,0,1.0,0.6406492552424248,0.6728,NYM,NYM,1
20240917_ATH@CHC,2024-09-17,CHC,ATH,3,4,0.0,0.5463027482009816,0.5434,CHC,ATH,0
20240917_ATL@CIN,2024-09-17,CIN,ATL,6,5,1.0,0.420960896924674,0.4111,ATL,CIN,0
20240917_AZ@COL,2024-09-17,COL,AZ,8,2,1.0,0.5468964219292339,0.5442,COL,COL,1
20240917_BOS@TB,2024-09-17,TB,BOS,8,3,1.0,0.4616691099389942,0.4677,BOS,TB,0
20240917_CWS@LAA,2024-09-17,LAA,CWS,5,0,1.0,0.6588013726576073,0.6968,LAA,LAA,1
20240917_DET@KC,2024-09-17,KC,DET,1,3,0.0,0.4958438574730339,0.5,DET,DET,1
20240917_HOU@SD,2024-09-17,SD,HOU,3,4,0.0,0.46112147784391166,0.467,HOU,HOU,1
20240917_LAD@MIA,2024-09-17,MIA,LAD,11,9,1.0,0.37881178483301975,0.3533,LAD,MIA,0
20240917_MIN@CLE,2024-09-17,CLE,MIN,1,4,0.0,0.4785988836884502,0.4914,MIN,MIN,1
20240917_NYY@SEA,2024-09-17,SEA,NYY,2,11,0.0,0.47051976018367636,0.4801,NYY,NYY,1
20240917_PHI@MIL,2024-09-17,MIL,PHI,1,5,0.0,0.42848938087671656,0.4215,PHI,PHI,1
20240917_PIT@STL,2024-09-17,STL,PIT,3,1,1.0,0.4726296301245333,0.483,PIT,STL,0
20240917_SF@BAL,2024-09-17,BAL,SF,0,10,0.0,0.5839080659532836,0.5956,BAL,SF,0
20240917_TOR@TEX,2024-09-17,TEX,TOR,13,8,1.0,0.49700934988129253,0.5,TOR,TEX,0
20240917_WSH@NYM,2024-09-17,NYM,WSH,10,1,1.0,0.6134722223021394,0.6362,NYM,NYM,1
20240916_ATH@CHC,2024-09-16,CHC,ATH,9,2,1.0,0.6119565264559648,0.6341,CHC,CHC,1
20240916_AZ@COL,2024-09-16,COL,AZ,3,2,1.0,0.49052416305108476,0.5,AZ,COL,0
20240916_CWS@LAA,2024-09-16,LAA,CWS,4,8,0.0,0.648028501545933,0.6826,LAA,CWS,0
20240916_DET@KC,2024-09-16,KC,DET,6,7,0.0,0.518435670735098,0.5045,KC,DET,0
20240916_HOU@SD,2024-09-16,SD,HOU,3,1,1.0,0.41348629055154507,0.4008,HOU,SD,0
20240916_LAD@ATL,2024-09-16,ATL,LAD,0,9,0.0,0.36223394364021605,0.3311,LAD,LAD,1
20240916_MIN@CLE,2024-09-16,CLE,MIN,4,3,1.0,0.46234666382803646,0.4687,MIN,CLE,0
20240916_PHI@MIL,2024-09-16,MIL,PHI,6,2,1.0,0.5230568283059002,0.511,MIL,MIL,1
20240916_PIT@STL,2024-09-16,STL,PIT,4,0,1.0,0.4239559860581186,0.4152,PIT,STL,0
20240916_WSH@NYM,2024-09-16,NYM,WSH,2,1,1.0,0.6665972152240797,0.7069,NYM,NYM,1
20240915_ATH@CWS,2024-09-15,CWS,ATH,4,3,1.0,0.3486695700882315,0.3105,ATH,CWS,0
20240915_BAL@DET,2024-09-15,DET,BAL,4,2,1.0,0.43202315328535135,0.4264,BAL,DET,0
20240915_BOS@NYY,2024-09-15,NYY,BOS,5,2,1.0,0.515805074762684,0.5,NYY,NYY,1
20240915_CHC@COL,2024-09-15,COL,CHC,2,6,0.0,0.4524498382448006,0.4555,CHC,CHC,1
20240915_CIN@MIN,2024-09-15,MIN,CIN,9,2,1.0,0.4874494774919214,0.5,CIN,MIN,0
20240915_HOU@LAA,2024-09-15,LAA,HOU,4,6,0.0,0.39147735039899806,0.3692,HOU,HOU,1
20240915_KC@PIT,2024-09-15,PIT,KC,4,3,1.0,0.46416067513554493,0.4722,KC,PIT,0
20240915_LAD@ATL,2024-09-15,ATL,LAD,2,9,0.0,0.4867055258160358,0.5,LAD,LAD,1
20240915_MIA@WSH,2024-09-15,WSH,MIA,4,3,1.0,0.5315247622071162,0.5216,WSH,WSH,1
20240915_MIL@AZ,2024-09-15,AZ,MIL,11,10,1.0,0.48795037489781806,0.5,MIL,AZ,0
20240915_NYM@PHI,2024-09-15,PHI,NYM,2,1,1.0,0.5494568770205127,0.5472,PHI,PHI,1
20240915_SD@SF,2024-09-15,SF,SD,3,4,0.0,0.49122378906074476,0.5,SD,SD,1
20240915_STL@TOR,2024-09-15,TOR,STL,3,2,1.0,0.4575271900366564,0.4627,STL,TOR,0
20240915_TB@CLE,2024-09-15,CLE,TB,2,0,1.0,0.49981898686937204,0.5,TB,CLE,0
20240915_TEX@SEA,2024-09-15,SEA,TEX,7,0,1.0,0.6246367630599092,0.6531,SEA,SEA,1
20240914_ATH@CWS,2024-09-14,CWS,ATH,7,6,1.0,0.3418306211543731,0.3014,ATH,CWS,0
20240914_BAL@DET,2024-09-14,DET,BAL,2,4,0.0,0.48668989129896356,0.5,BAL,BAL,1
20240914_BOS@NYY,2024-09-14,NYY,BOS,1,7,0.0,0.5601911369063394,0.5625,NYY,BOS,0
20240914_CHC@COL,2024-09-14,COL,CHC,6,5,1.0,0.48687820820615735,0.5,CHC,COL,0
20240914_CIN@MIN,2024-09-14,MIN,CIN,1,11,0.0,0.5435967397566782,0.5389,MIN,CIN,0
20240914_HOU@LAA,2024-09-14,LAA,HOU,3,5,0.0,0.46285277973542494,0.4703,HOU,HOU,1
20240914_KC@PIT,2024-09-14,PIT,KC,1,5,0.0,0.47874533291943805,0.493,KC,KC,1
20240914_LAD@ATL,2024-09-14,ATL,LAD,10,1,1.0,0.5137558448404366,0.5,ATL,ATL,1
20240914_MIA@WSH,2024-09-14,WSH,MIA,4,1,1.0,0.5383043794715188,0.5313,WSH,WSH,1
20240914_MIL@AZ,2024-09-14,AZ,MIL,8,15,0.0,0.45786270904047316,0.4632,MIL,MIL,1
20240914_NYM@PHI,2024-09-14,PHI,NYM,6,4,1.0,0.536861611519981,0.5293,PHI,PHI,1
20240914_SD@SF,2024-09-14,SF,SD,0,8,0.0,0.4337355092122467,0.4288,SD,SD,1
20240914_STL@TOR,2024-09-14,TOR,STL,7,2,1.0,0.49521892393147127,0.5,STL,TOR,0
20240914_TB@CLE,2024-09-14,CLE,TB,6,1,1.0,0.4738587309933668,0.4861,TB,CLE,0
20240914_TEX@SEA,2024-09-14,SEA,TEX,5,4,1.0,0.6433690254997032,0.6787,SEA,SEA,1
20240913_ATH@CWS,2024-09-13,CWS,ATH,0,2,0.0,0.39775518130249465,0.378,ATH,ATH,1
20240913_BAL@DET,2024-09-13,DET,BAL,1,0,1.0,0.4975661914294294,0.5,BAL,DET,0
20240913_BOS@NYY,2024-09-13,NYY,BOS,5,4,1.0,0.6065959806736533,0.6281,NYY,NYY,1
20240913_CHC@COL,2024-09-13,COL,CHC,9,5,1.0,0.42825079564509916,0.421,CHC,COL,0
20240913_CIN@MIN,2024-09-13,MIN,CIN,4,8,0.0,0.5128312166940867,0.5,MIN,CIN,0
20240913_HOU@LAA,2024-09-13,LAA,HOU,3,5,0.0,0.4179285265107112,0.4064,HOU,HOU,1
20240913_KC@PIT,2024-09-13,PIT,KC,3,8,0.0,0.5109751775147896,0.5,PIT,KC,0
20240913_LAD@ATL,2024-09-13,ATL,LAD,6,2,1.0,0.5360591375756414,0.5281,ATL,ATL,1
20240913_MIA@WSH,2024-09-13,WSH,MIA,4,1,1.0,0.5218256502051394,0.5078,WSH,WSH,1
20240913_MIL@AZ,2024-09-13,AZ,MIL,1,2,0.0,0.4781707432032305,0.4922,MIL,MIL,1
20240913_NYM@PHI,2024-09-13,PHI,NYM,3,11,0.0,0.5455496173398884,0.5417,PHI,NYM,0
20240913_SD@SF,2024-09-13,SF,SD,0,5,0.0,0.5453202740361149,0.5413,SF,SD,0
20240913_STL@TOR,2024-09-13,TOR,STL,4,3,1.0,0.46534739041705403,0.4739,STL,TOR,0
20240913_TB@CLE,2024-09-13,CLE,TB,1,3,0.0,0.6377546653888362,0.6711,CLE,TB,0
20240913_TEX@SEA,2024-09-13,SEA,TEX,5,4,1.0,0.6521311705521073,0.6905,SEA,SEA,1
20240912_ATH@HOU,2024-09-12,HOU,ATH,6,3,1.0,0.5548141601608276,0.5549,HOU,HOU,1
20240912_BOS@NYY,2024-09-12,NYY,BOS,2,1,1.0,0.5549338429789925,0.5551,NYY,NYY,1
20240912_CIN@STL,2024-09-12,STL,CIN,6,1,1.0,0.5224669018057763,0.5087,STL,STL,1
20240912_COL@DET,2024-09-12,DET,COL,2,4,0.0,0.6130162916534706,0.637,DET,COL,0
20240912_MIA@WSH,2024-09-12,WSH,MIA,3,6,0.0,0.5602375404381308,0.5626,WSH,MIA,0
20240912_MIL@SF,2024-09-12,SF,MIL,0,3,0.0,0.49513784815894785,0.5,MIL,MIL,1
20240912_TB@CLE,2024-09-12,CLE,TB,2,5,0.0,0.5286112200126082,0.5175,CLE,TB,0
20240912_TEX@SEA,2024-09-12,SEA,TEX,4,5,0.0,0.6333055914822369,0.665,SEA,TEX,0
20240911_ATH@HOU,2024-09-11,HOU,ATH,4,5,0.0,0.6224306402643663,0.6501,HOU,ATH,0
20240911_ATL@WSH,2024-09-11,WSH,ATL,5,1,1.0,0.4833082531465403,0.4996,ATL,WSH,0
20240911_BAL@BOS,2024-09-11,BOS,BAL,5,3,1.0,0.4690453685830853,0.4792,BAL,BOS,0
20240911_CHC@LAD,2024-09-11,LAD,CHC,10,8,1.0,0.618794958070416,0.645,LAD,LAD,1
20240911_CIN@STL,2024-09-11,STL,CIN,2,1,1.0,0.5552023057755816,0.5554,STL,STL,1
20240911_CLE@CWS,2024-09-11,CWS,CLE,4,6,0.0,0.35950665462482057,0.3252,CLE,CLE,1
20240911_COL@DET,2024-09-11,DET,COL,7,4,1.0,0.5703876362331421,0.5771,DET,DET,1
20240911_KC@NYY,2024-09-11,NYY,KC,4,3,1.0,0.51829204976888,0.5027,NYY,NYY,1
20240911_LAA@MIN,2024-09-11,MIN,LAA,6,4,1.0,0.5406660068130318,0.5347,MIN,MIN,1
20240911_MIA@PIT,2024-09-11,PIT,MIA,3,1,1.0,0.6073357888203212,0.6291,PIT,PIT,1
20240911_MIL@SF,2024-09-11,SF,MIL,13,2,1.0,0.5612845703536142,0.5641,SF,SF,1
20240911_NYM@TOR,2024-09-11,TOR,NYM,2,6,0.0,0.44374766269643034,0.4431,NYM,NYM,1
20240911_SD@SEA,2024-09-11,SEA,SD,5,2,1.0,0.49190345255145856,0.5,SD,SEA,0
20240911_TB@PHI,2024-09-11,PHI,TB,3,2,1.0,0.6037848457921969,0.6242,PHI,PHI,1
20240911_TEX@AZ,2024-09-11,AZ,TEX,14,4,1.0,0.6193711107693005,0.6458,AZ,AZ,1
20240910_ATH@HOU,2024-09-10,HOU,ATH,3,4,0.0,0.6734619520307057,0.7189,HOU,ATH,0
20240910_ATL@WSH,2024-09-10,WSH,ATL,0,12,0.0,0.493445209456849,0.5,ATL,ATL,1
20240910_BAL@BOS,2024-09-10,BOS,BAL,3,5,0.0,0.4251776896192245,0.4167,BAL,BAL,1
20240910_CHC@LAD,2024-09-10,LAD,CHC,3,6,0.0,0.5958866065885428,0.6131,LAD,CHC,0
20240910_CIN@STL,2024-09-10,STL,CIN,0,3,0.0,0.5220806875325471,0.5081,STL,CIN,0
20240910_CLE@CWS,2024-09-10,CWS,CLE,0,5,0.0,0.34562147770367235,0.3064,CLE,CLE,1
20240910_COL@DET,2024-09-10,DET,COL,11,0,1.0,0.565023896844429,0.5694,DET,DET,1
20240910_KC@NYY,2024-09-10,NYY,KC,0,5,0.0,0.5192317438366589,0.5041,NYY,KC,0
20240910_LAA@MIN,2024-09-10,MIN,LAA,10,5,1.0,0.6530815202378277,0.6918,MIN,MIN,1
20240910_MIA@PIT,2024-09-10,PIT,MIA,6,4,1.0,0.5683635239326646,0.5742,PIT,PIT,1
20240910_MIL@SF,2024-09-10,SF,MIL,2,3,0.0,0.5400652946334201,0.5338,SF,MIL,0
20240910_NYM@TOR,2024-09-10,TOR,NYM,6,2,1.0,0.4657746106814499,0.4745,NYM,TOR,0
20240910_SD@SEA,2024-09-10,SEA,SD,3,7,0.0,0.4325818051455151,0.4272,SD,SD,1
20240910_TB@PHI,2024-09-10,PHI,TB,9,4,1.0,0.5081673986822233,0.5,PHI,PHI,1
20240910_TEX@AZ,2024-09-10,AZ,TEX,6,0,1.0,0.6328701758306696,0.6644,AZ,AZ,1
20240909_BAL@BOS,2024-09-09,BOS,BAL,12,3,1.0,0.4277319796343957,0.4203,BAL,BOS,0
20240909_CHC@LAD,2024-09-09,LAD,CHC,4,10,0.0,0.6122893592267009,0.636,LAD,CHC,0
20240909_CIN@ATL,2024-09-09,ATL,CIN,0,1,0.0,0.5427731646372225,0.5377,ATL,CIN,0
20240909_CLE@CWS,2024-09-09,CWS,CLE,3,5,0.0,0.34115316423944086,0.3005,CLE,CLE,1
20240909_KC@NYY,2024-09-09,NYY,KC,10,4,1.0,0.5706685998385604,0.5775,NYY,NYY,1
20240909_LAA@MIN,2024-09-09,MIN,LAA,2,6,0.0,0.6530216608717451,0.6917,MIN,LAA,0
20240909_MIA@PIT,2024-09-09,PIT,MIA,3,2,1.0,0.5519986120616268,0.5509,PIT,PIT,1
20240909_NYM@TOR,2024-09-09,TOR,NYM,2,3,0.0,0.48646352760256456,0.5,NYM,NYM,1
20240909_TB@PHI,2024-09-09,PHI,TB,2,1,1.0,0.6264726816793966,0.6556,PHI,PHI,1
20240908_AZ@HOU,2024-09-08,HOU,AZ,6,12,0.0,0.5286155752684566,0.5162,HOU,AZ,0
20240908_CIN@NYM,2024-09-08,NYM,CIN,1,3,0.0,0.5438222325500885,0.538,NYM,CIN,0
20240908_CLE@LAD,2024-09-08,LAD,CLE,4,0,1.0,0.5322795283642956,0.5214,LAD,LAD,1
20240908_COL@MIL,2024-09-08,MIL,COL,1,4,0.0,0.5399113195416902,0.5324,MIL,COL,0
20240908_CWS@BOS,2024-09-08,BOS,CWS,2,7,0.0,0.5267939718813222,0.5136,BOS,CWS,0
20240908_DET@ATH,2024-09-08,ATH,DET,1,9,0.0,0.5257334201109747,0.512,ATH,DET,0
20240908_LAA@TEX,2024-09-08,TEX,LAA,7,4,1.0,0.5450797182750872,0.5398,TEX,TEX,1
20240908_MIN@KC,2024-09-08,KC,MIN,2,0,1.0,0.5322310962842317,0.5214,KC,KC,1
20240908_NYY@CHC,2024-09-08,CHC,NYY,2,1,1.0,0.5386448614296352,0.5306,CHC,CHC,1
20240908_PHI@MIA,2024-09-08,MIA,PHI,10,1,1.0,0.49223891773906364,0.5,PHI,MIA,0
20240908_SEA@STL,2024-09-08,STL,SEA,4,10,0.0,0.5406276928315745,0.5334,STL,SEA,0
20240908_SF@SD,2024-09-08,SD,SF,6,7,0.0,0.5523005622712092,0.5502,SD,SF,0
20240908_TB@BAL,2024-09-08,BAL,TB,0,2,0.0,0.533677677582422,0.5235,BAL,TB,0
20240908_TOR@ATL,2024-09-08,ATL,TOR,4,3,1.0,0.5316312829558762,0.5205,ATL,ATL,1
20240908_WSH@PIT,2024-09-08,PIT,WSH,7,3,1.0,0.5326014240414364,0.5219,PIT,PIT,1
20240907_AZ@HOU,2024-09-07,HOU,AZ,11,5,1.0,0.5425309680094583,0.5362,HOU,HOU,1
20240907_CIN@NYM,2024-09-07,NYM,CIN,4,0,1.0,0.532326690975221,0.5215,NYM,NYM,1
20240907_CLE@LAD,2024-09-07,LAD,CLE,7,2,1.0,0.5330717854115102,0.5226,LAD,LAD,1
20240907_COL@MIL,2024-09-07,MIL,COL,5,2,1.0,0.5400408216067679,0.5326,MIL,MIL,1
20240907_CWS@BOS,2024-09-07,BOS,CWS,7,5,1.0,0.5336962340634396,0.5235,BOS,BOS,1
20240907_DET@ATH,2024-09-07,ATH,DET,1,2,0.0,0.46736411163116987,0.478,DET,DET,1
20240907_LAA@TEX,2024-09-07,TEX,LAA,6,4,1.0,0.5332845150283286,0.5229,TEX,TEX,1
20240907_MIN@KC,2024-09-07,KC,MIN,4,2,1.0,0.5318310732306823,0.5208,KC,KC,1
20240907_NYY@CHC,2024-09-07,CHC,NYY,0,2,0.0,0.5050516977112414,0.5,CHC,NYY,0
20240907_PHI@MIA,2024-09-07,MIA,PHI,9,5,1.0,0.5015607820918445,0.5,MIA,MIA,1
20240907_SEA@STL,2024-09-07,STL,SEA,2,0,1.0,0.5292789786400747,0.5171,STL,STL,1
20240907_SF@SD,2024-09-07,SD,SF,3,6,0.0,0.5396196441422988,0.532,SD,SF,0
20240907_TB@BAL,2024-09-07,BAL,TB,1,7,0.0,0.5345800072157552,0.5248,BAL,TB,0
20240907_TOR@ATL,2024-09-07,ATL,TOR,5,9,0.0,0.5137587652867635,0.5,ATL,TOR,0
20240907_WSH@PIT,2024-09-07,PIT,WSH,6,8,0.0,0.5312905833326154,0.52,PIT,WSH,0
20240907_WSH@PIT_2,2024-09-07,PIT,WSH,3,5,0.0,0.5450000508280785,0.5397,PIT,WSH,0
20240906_AZ@HOU,2024-09-06,HOU,AZ,8,0,1.0,0.5286775860771955,0.5163,HOU,HOU,1
20240906_CIN@NYM,2024-09-06,NYM,CIN,6,4,1.0,0.5426872224570936,0.5364,NYM,NYM,1
20240906_CLE@LAD,2024-09-06,LAD,CLE,1,3,0.0,0.5313807941383316,0.5202,LAD,CLE,0
20240906_COL@MIL,2024-09-06,MIL,COL,2,3,0.0,0.5384833191409377,0.5304,MIL,COL,0
20240906_CWS@BOS,2024-09-06,BOS,CWS,3,1,1.0,0.5260472088223181,0.5125,BOS,BOS,1
20240906_DET@ATH,2024-09-06,ATH,DET,7,6,1.0,0.49121595521842115,0.5,DET,ATH,0
20240906_LAA@TEX,2024-09-06,TEX,LAA,1,5,0.0,0.5467927096438774,0.5423,TEX,LAA,0
20240906_MIN@KC,2024-09-06,KC,MIN,5,0,1.0,0.5337685301760284,0.5236,KC,KC,1
20240906_NYY@CHC,2024-09-06,CHC,NYY,0,3,0.0,0.5416844404939596,0.535,CHC,NYY,0
20240906_PHI@MIA,2024-09-06,MIA,PHI,2,16,0.0,0.5211156812053835,0.5054,MIA,PHI,0
20240906_SEA@STL,2024-09-06,STL,SEA,1,6,0.0,0.5289215237130384,0.5166,STL,SEA,0
20240906_SF@SD,2024-09-06,SD,SF,5,1,1.0,0.5509968209121472,0.5483,SD,SD,1
20240906_TB@BAL,2024-09-06,BAL,TB,2,0,1.0,0.512166669026752,0.5,BAL,BAL,1
20240906_TOR@ATL,2024-09-06,ATL,TOR,3,1,1.0,0.5292610668079513,0.5171,ATL,ATL,1
20240905_AZ@SF,2024-09-05,SF,AZ,3,2,1.0,0.5192633704990283,0.5027,SF,SF,1
20240905_COL@ATL,2024-09-05,ATL,COL,1,3,0.0,0.5532779102351273,0.5516,ATL,COL,0
20240905_DET@SD,2024-09-05,SD,DET,3,4,0.0,0.5334395979992769,0.5231,SD,DET,0
20240905_HOU@CIN,2024-09-05,CIN,HOU,1,0,1.0,0.5037426344753105,0.5,CIN,CIN,1
20240905_LAA@TEX,2024-09-05,TEX,LAA,3,1,1.0,0.5427950800541307,0.5366,TEX,TEX,1
20240905_MIN@TB,2024-09-05,TB,MIN,3,4,0.0,0.509616676630455,0.5,TB,MIN,0
20240905_PHI@MIA,2024-09-05,MIA,PHI,2,5,0.0,0.510381218025018,0.5,MIA,PHI,0
20240905_SEA@ATH,2024-09-05,ATH,SEA,4,6,0.0,0.5100676123644858,0.5,ATH,SEA,0
20240905_WSH@PIT,2024-09-05,PIT,WSH,9,4,1.0,0.5317445736757748,0.5207,PIT,PIT,1
20240904_AZ@SF,2024-09-04,SF,AZ,4,6,0.0,0.5029182966982637,0.5,SF,AZ,0
20240904_BOS@NYM,2024-09-04,NYM,BOS,8,3,1.0,0.5091560903301094,0.5,NYM,NYM,1
20240904_CLE@KC,2024-09-04,KC,CLE,4,1,1.0,0.5320201752579072,0.5211,KC,KC,1
20240904_COL@ATL,2024-09-04,ATL,COL,5,2,1.0,0.5373499436984822,0.5287,ATL,ATL,1
20240904_CWS@BAL,2024-09-04,BAL,CWS,1,8,0.0,0.5657513679220569,0.5695,BAL,CWS,0
20240904_DET@SD,2024-09-04,SD,DET,6,5,1.0,0.5357987538244333,0.5265,SD,SD,1
20240904_HOU@CIN,2024-09-04,CIN,HOU,12,5,1.0,0.5231772577036647,0.5084,CIN,CIN,1
20240904_LAD@LAA,2024-09-04,LAA,LAD,10,1,1.0,0.48904910687891495,0.5,LAD,LAA,0
20240904_MIN@TB,2024-09-04,TB,MIN,9,4,1.0,0.510432562145284,0.5,TB,TB,1
20240904_NYY@TEX,2024-09-04,TEX,NYY,10,6,1.0,0.5250691627517198,0.5111,TEX,TEX,1
20240904_PHI@TOR,2024-09-04,TOR,PHI,2,4,0.0,0.5057954126491863,0.5,TOR,PHI,0
20240904_PIT@CHC,2024-09-04,CHC,PIT,12,0,1.0,0.5366235198444245,0.5277,CHC,CHC,1
20240904_SEA@ATH,2024-09-04,ATH,SEA,3,16,0.0,0.5314958191379666,0.5203,ATH,SEA,0
20240904_STL@MIL,2024-09-04,MIL,STL,2,3,0.0,0.5328067588787896,0.5222,MIL,STL,0
20240904_WSH@MIA,2024-09-04,MIA,WSH,4,3,1.0,0.5243946629435168,0.5101,MIA,MIA,1
20240903_AZ@SF,2024-09-03,SF,AZ,7,8,0.0,0.5052275622046495,0.5,SF,AZ,0
20240903_BOS@NYM,2024-09-03,NYM,BOS,7,2,1.0,0.5313192609799853,0.5201,NYM,NYM,1
20240903_CLE@KC,2024-09-03,KC,CLE,1,7,0.0,0.5296479708063748,0.5177,KC,CLE,0
20240903_COL@ATL,2024-09-03,ATL,COL,3,0,1.0,0.5498487258508687,0.5467,ATL,ATL,1
20240903_CWS@BAL,2024-09-03,BAL,CWS,9,0,1.0,0.5629053716966483,0.5654,BAL,BAL,1
20240903_LAD@LAA,2024-09-03,LAA,LAD,2,6,0.0,0.5074521503152791,0.5,LAA,LAD,0
20240903_MIN@TB,2024-09-03,TB,MIN,2,1,1.0,0.5092482976034257,0.5,TB,TB,1
20240903_NYY@TEX,2024-09-03,TEX,NYY,7,4,1.0,0.5077879965750626,0.5,TEX,TEX,1
20240903_PHI@TOR,2024-09-03,TOR,PHI,9,10,0.0,0.5283113300271871,0.5157,TOR,PHI,0
20240903_PIT@CHC,2024-09-03,CHC,PIT,0,5,0.0,0.5308708744315738,0.5194,CHC,PIT,0
20240903_SEA@ATH,2024-09-03,ATH,SEA,3,2,1.0,0.5306506010896684,0.5191,ATH,ATH,1
20240903_STL@MIL,2024-09-03,MIL,STL,4,7,0.0,0.5333784547381227,0.523,MIL,STL,0
20240903_WSH@MIA,2024-09-03,MIA,WSH,2,6,0.0,0.49674747906659916,0.5,WSH,WSH,1
20240902_BOS@NYM,2024-09-02,NYM,BOS,4,1,1.0,0.5127226221494897,0.5,NYM,NYM,1
20240902_CLE@KC,2024-09-02,KC,CLE,2,4,0.0,0.5315762629730583,0.5204,KC,CLE,0
20240902_CWS@BAL,2024-09-02,BAL,CWS,13,3,1.0,0.5638322043921491,0.5667,BAL,BAL,1
20240902_DET@SD,2024-09-02,SD,DET,3,0,1.0,0.5494217097775368,0.5461,SD,SD,1
20240902_HOU@CIN,2024-09-02,CIN,HOU,5,3,1.0,0.5131935682488121,0.5,CIN,CIN,1
20240902_LAD@AZ,2024-09-02,AZ,LAD,6,11,0.0,0.5112152784534786,0.5,AZ,LAD,0
20240902_MIN@TB,2024-09-02,TB,MIN,4,5,0.0,0.5353117563179302,0.5258,TB,MIN,0
20240902_NYY@TEX,2024-09-02,TEX,NYY,4,8,0.0,0.48323225835736555,0.5,NYY,NYY,1
20240902_PIT@CHC,2024-09-02,CHC,PIT,3,5,0.0,0.5344577151201283,0.5246,CHC,PIT,0
20240902_SEA@ATH,2024-09-02,ATH,SEA,5,4,1.0,0.5308648732742708,0.5194,ATH,ATH,1
20240902_STL@MIL,2024-09-02,MIL,STL,9,3,1.0,0.5323697864111173,0.5216,MIL,MIL,1
20240901_ATH@TEX,2024-09-01,TEX,ATH,6,4,1.0,0.4985531185639412,0.5,ATH,TEX,0
20240901_ATL@PHI,2024-09-01,PHI,ATL,3,2,1.0,0.5245233095929793,0.5122,PHI,PHI,1
20240901_BAL@COL,2024-09-01,COL,BAL,1,6,0.0,0.48977953255045875,0.5,BAL,BAL,1
20240901_BOS@DET,2024-09-01,DET,BOS,4,1,1.0,0.4590387880391114,0.4642,BOS,DET,0
20240901_CHC@WSH,2024-09-01,WSH,CHC,1,14,0.0,0.5107460610326088,0.5,WSH,CHC,0
20240901_KC@HOU,2024-09-01,HOU,KC,7,2,1.0,0.576670029882562,0.5868,HOU,HOU,1
20240901_LAD@AZ,2024-09-01,AZ,LAD,14,3,1.0,0.5057806722398132,0.5,AZ,AZ,1
20240901_MIA@SF,2024-09-01,SF,MIA,5,7,0.0,0.6367564848442823,0.6708,SF,MIA,0
20240901_MIL@CIN,2024-09-01,CIN,MIL,4,3,1.0,0.5346873298434422,0.5268,CIN,CIN,1
20240901_NYM@CWS,2024-09-01,CWS,NYM,0,2,0.0,0.4438573505701129,0.4425,NYM,NYM,1
20240901_PIT@CLE,2024-09-01,CLE,PIT,6,1,1.0,0.5957016520457682,0.6138,CLE,CLE,1
20240901_SD@TB,2024-09-01,TB,SD,3,4,0.0,0.4550820865140858,0.4585,SD,SD,1
20240901_SEA@LAA,2024-09-01,LAA,SEA,3,2,1.0,0.5134055312310049,0.5,LAA,LAA,1
20240901_STL@NYY,2024-09-01,NYY,STL,7,14,0.0,0.5786807687095149,0.5897,NYY,STL,0
20240901_TOR@MIN,2024-09-01,MIN,TOR,4,3,1.0,0.5622440873019304,0.5663,MIN,MIN,1
20240831_ATH@TEX,2024-08-31,TEX,ATH,3,2,1.0,0.45434583679745244,0.4575,ATH,TEX,0
20240831_ATL@PHI,2024-08-31,PHI,ATL,3,0,1.0,0.547528274987575,0.5452,PHI,PHI,1
20240831_BAL@COL,2024-08-31,COL,BAL,7,5,1.0,0.511952268296224,0.5,COL,COL,1
20240831_BOS@DET,2024-08-31,DET,BOS,2,1,1.0,0.4488426385037604,0.4496,BOS,DET,0
20240831_CHC@WSH,2024-08-31,WSH,CHC,3,5,0.0,0.5502281009384568,0.5491,WSH,CHC,0
20240831_KC@HOU,2024-08-31,HOU,KC,5,2,1.0,0.5506549471409775,0.5497,HOU,HOU,1
20240831_LAD@AZ,2024-08-31,AZ,LAD,6,8,0.0,0.5685105969073473,0.5752,AZ,LAD,0
20240831_MIA@SF,2024-08-31,SF,MIA,3,4,0.0,0.5644423412685149,0.5694,SF,MIA,0
20240831_MIL@CIN,2024-08-31,CIN,MIL,4,5,0.0,0.5367549324504701,0.5298,CIN,MIL,0
20240831_NYM@CWS,2024-08-31,CWS,NYM,3,5,0.0,0.4230238332641238,0.4127,NYM,NYM,1
20240831_PIT@CLE,2024-08-31,CLE,PIT,0,3,0.0,0.5482344061104845,0.5462,CLE,PIT,0
20240831_SD@TB,2024-08-31,TB,SD,11,4,1.0,0.4148464984423874,0.4011,SD,TB,0
20240831_SEA@LAA,2024-08-31,LAA,SEA,5,4,1.0,0.4816707416462827,0.4966,SEA,LAA,0
20240831_STL@NYY,2024-08-31,NYY,STL,5,6,0.0,0.5627082440438631,0.5669,NYY,STL,0
20240831_TOR@MIN,2024-08-31,MIN,TOR,0,15,0.0,0.5483584290831234,0.5464,MIN,TOR,0
20240830_ATH@TEX,2024-08-30,TEX,ATH,2,9,0.0,0.5016072448876293,0.5,TEX,ATH,0
20240830_ATL@PHI,2024-08-30,PHI,ATL,2,7,0.0,0.5244155685435251,0.5121,PHI,ATL,0
20240830_BAL@COL,2024-08-30,COL,BAL,3,5,0.0,0.4868807100304297,0.5,BAL,BAL,1
20240830_BOS@DET,2024-08-30,DET,BOS,5,7,0.0,0.4218403626178161,0.4111,BOS,BOS,1
20240830_CHC@WSH,2024-08-30,WSH,CHC,6,7,0.0,0.503087375819632,0.5,WSH,CHC,0
20240830_KC@HOU,2024-08-30,HOU,KC,3,2,1.0,0.5767688815973159,0.587,HOU,HOU,1
20240830_LAD@AZ,2024-08-30,AZ,LAD,9,10,0.0,0.565547759698812,0.571,AZ,LAD,0
20240830_MIA@SF,2024-08-30,SF,MIA,3,1,1.0,0.7020412653870393,0.7567,SF,SF,1
20240830_MIL@CIN,2024-08-30,CIN,MIL,0,14,0.0,0.4793784512330712,0.4933,MIL,MIL,1
20240830_MIL@CIN_2,2024-08-30,CIN,MIL,4,5,0.0,0.48267880871299285,0.4981,MIL,MIL,1
20240830_NYM@CWS,2024-08-30,CWS,NYM,1,5,0.0,0.44779033218644887,0.4481,NYM,NYM,1
20240830_PIT@CLE,2024-08-30,CLE,PIT,10,8,1.0,0.5386549435547227,0.5325,CLE,CLE,1
20240830_SD@TB,2024-08-30,TB,SD,5,13,0.0,0.40383728911463285,0.3856,SD,SD,1
20240830_SEA@LAA,2024-08-30,LAA,SEA,5,9,0.0,0.4517212572276806,0.4537,SEA,SEA,1
20240830_STL@NYY,2024-08-30,NYY,STL,6,3,1.0,0.5775200992957776,0.588,NYY,NYY,1
20240830_TOR@MIN,2024-08-30,MIN,TOR,2,0,1.0,0.5511578859133885,0.5504,MIN,MIN,1
20240829_ATH@CIN,2024-08-29,CIN,ATH,10,9,1.0,0.47856736549791073,0.4922,ATH,CIN,0
20240829_ATL@PHI,2024-08-29,PHI,ATL,5,4,1.0,0.5319272155934079,0.5229,PHI,PHI,1
20240829_BAL@LAD,2024-08-29,LAD,BAL,6,3,1.0,0.4889569143892894,0.5,BAL,LAD,0
20240829_KC@HOU,2024-08-29,HOU,KC,6,3,1.0,0.575877870116918,0.5857,HOU,HOU,1
20240829_LAA@DET,2024-08-29,DET,LAA,0,3,0.0,0.6197606527586308,0.6474,DET,LAA,0
20240829_MIA@COL,2024-08-29,COL,MIA,8,12,0.0,0.5566268502162309,0.5582,COL,MIA,0
20240829_NYM@AZ,2024-08-29,AZ,NYM,2,3,0.0,0.5813241611581719,0.5934,AZ,NYM,0
20240829_SD@STL,2024-08-29,STL,SD,4,1,1.0,0.47797292286265664,0.4913,SD,STL,0
20240829_SF@MIL,2024-08-29,MIL,SF,6,0,1.0,0.5573060614726929,0.5592,MIL,MIL,1
20240829_TEX@CWS,2024-08-29,CWS,TEX,1,2,0.0,0.4451492134258108,0.4443,TEX,TEX,1
20240829_TOR@BOS,2024-08-29,BOS,TOR,0,2,0.0,0.5239149220965965,0.5114,BOS,TOR,0
20240828_ATH@CIN,2024-08-28,CIN,ATH,6,9,0.0,0.48802004667529075,0.5,ATH,ATH,1
20240828_ATL@MIN,2024-08-28,MIN,ATL,1,5,0.0,0.5294800170096381,0.5194,MIN,ATL,0
20240828_BAL@LAD,2024-08-28,LAD,BAL,6,4,1.0,0.48474875263703693,0.5,BAL,LAD,0
20240828_CHC@PIT,2024-08-28,PIT,CHC,10,14,0.0,0.6148579684701343,0.6406,PIT,CHC,0
20240828_HOU@PHI,2024-08-28,PHI,HOU,0,10,0.0,0.5068668245361195,0.5,PHI,HOU,0
20240828_KC@CLE,2024-08-28,CLE,KC,7,5,1.0,0.5769482975572723,0.5872,CLE,CLE,1
20240828_LAA@DET,2024-08-28,DET,LAA,3,2,1.0,0.6126551770874609,0.6375,DET,DET,1
20240828_MIA@COL,2024-08-28,COL,MIA,8,2,1.0,0.5105277207133074,0.5,COL,COL,1
20240828_NYM@AZ,2024-08-28,AZ,NYM,8,5,1.0,0.5996584322582204,0.6193,AZ,AZ,1
20240828_NYY@WSH,2024-08-28,WSH,NYY,5,2,1.0,0.41206197961609653,0.3972,NYY,WSH,0
20240828_SD@STL,2024-08-28,STL,SD,4,3,1.0,0.44846974042011933,0.4491,SD,STL,0
20240828_SF@MIL,2024-08-28,MIL,SF,5,3,1.0,0.6582353549099816,0.6998,MIL,MIL,1
20240828_TB@SEA,2024-08-28,SEA,TB,6,2,1.0,0.49110538285966104,0.5,TB,SEA,0
20240828_TEX@CWS,2024-08-28,CWS,TEX,3,4,0.0,0.39397997052033895,0.3718,TEX,TEX,1
20240828_TOR@BOS,2024-08-28,BOS,TOR,3,0,1.0,0.5426276832420838,0.5382,BOS,BOS,1
20240827_ATH@CIN,2024-08-27,CIN,ATH,4,5,0.0,0.5091335970973119,0.5,CIN,ATH,0
20240827_ATL@MIN,2024-08-27,MIN,ATL,6,8,0.0,0.49786687173753924,0.5,ATL,ATL,1
20240827_BAL@LAD,2024-08-27,LAD,BAL,2,3,0.0,0.6078428753623711,0.6308,LAD,BAL,0
20240827_CHC@PIT,2024-08-27,PIT,CHC,5,9,0.0,0.4859583696756616,0.5,CHC,CHC,1
20240827_HOU@PHI,2024-08-27,PHI,HOU,5,0,1.0,0.5080891664410656,0.5,PHI,PHI,1
20240827_KC@CLE,2024-08-27,CLE,KC,1,6,0.0,0.4598439786885946,0.4653,KC,KC,1
20240827_LAA@DET,2024-08-27,DET,LAA,6,2,1.0,0.6765819045240703,0.7241,DET,DET,1
20240827_MIA@COL,2024-08-27,COL,MIA,8,9,0.0,0.5492116597897243,0.5476,COL,MIA,0
20240827_NYM@AZ,2024-08-27,AZ,NYM,3,8,0.0,0.6120771814373288,0.6367,AZ,NYM,0
20240827_NYY@WSH,2024-08-27,WSH,NYY,4,2,1.0,0.41798824521061123,0.4056,NYY,WSH,0
20240827_SD@STL,2024-08-27,STL,SD,5,7,0.0,0.4411561518712383,0.4386,SD,SD,1
20240827_SF@MIL,2024-08-27,MIL,SF,4,5,0.0,0.576780517844584,0.587,MIL,SF,0
20240827_TB@SEA,2024-08-27,SEA,TB,2,3,0.0,0.5157351106469098,0.5,SEA,TB,0
20240827_TEX@CWS,2024-08-27,CWS,TEX,1,3,0.0,0.4247362957579018,0.4152,TEX,TEX,1
20240827_TOR@BOS,2024-08-27,BOS,TOR,6,3,1.0,0.5540510233382745,0.5546,BOS,BOS,1
20240826_ATL@MIN,2024-08-26,MIN,ATL,6,10,0.0,0.49422437000513686,0.5,ATL,ATL,1
20240826_CHC@PIT,2024-08-26,PIT,CHC,8,18,0.0,0.5733249248859759,0.5821,PIT,CHC,0
20240826_DET@CWS,2024-08-26,CWS,DET,3,6,0.0,0.3999035523410731,0.3801,DET,DET,1
20240826_HOU@PHI,2024-08-26,PHI,HOU,3,2,1.0,0.4670444058001736,0.4757,HOU,PHI,0
20240826_KC@CLE,2024-08-26,CLE,KC,3,4,0.0,0.5033469701509291,0.5,CLE,KC,0
20240826_KC@CLE_2,2024-08-26,CLE,KC,4,9,0.0,0.5276952968999589,0.5168,CLE,KC,0
20240826_MIA@COL,2024-08-26,COL,MIA,3,2,1.0,0.4603751041780714,0.4661,MIA,COL,0
20240826_NYY@WSH,2024-08-26,WSH,NYY,2,5,0.0,0.46156080353118584,0.4678,NYY,NYY,1
20240826_SD@STL,2024-08-26,STL,SD,4,7,0.0,0.43193084827509687,0.4254,SD,SD,1
20240826_TB@SEA,2024-08-26,SEA,TB,5,1,1.0,0.5331525331439843,0.5246,SEA,SEA,1
20240826_TOR@BOS,2024-08-26,BOS,TOR,3,7,0.0,0.507105971590671,0.5,BOS,TOR,0
20240825_AZ@BOS,2024-08-25,BOS,AZ,5,7,0.0,0.4784831282616842,0.4937,AZ,AZ,1
20240825_CHC@MIA,2024-08-25,MIA,CHC,7,2,1.0,0.399305685903457,0.3806,CHC,MIA,0
20240825_CIN@PIT,2024-08-25,PIT,CIN,4,3,1.0,0.42154263530233105,0.4121,CIN,PIT,0
20240825_COL@NYY,2024-08-25,NYY,COL,10,3,1.0,0.6291787932927364,0.6591,NYY,NYY,1
20240825_DET@CWS,2024-08-25,CWS,DET,4,9,0.0,0.4015852777158373,0.3838,DET,DET,1
20240825_HOU@BAL,2024-08-25,BAL,HOU,3,6,0.0,0.4946095783802089,0.5,HOU,HOU,1
20240825_LAA@TOR,2024-08-25,TOR,LAA,8,2,1.0,0.6285393881335644,0.6582,TOR,TOR,1
20240825_MIL@ATH,2024-08-25,ATH,MIL,4,3,1.0,0.5471781169413485,0.5432,ATH,ATH,1
20240825_NYM@SD,2024-08-25,SD,NYM,3,2,1.0,0.45776739994623733,0.4639,NYM,SD,0
20240825_PHI@KC,2024-08-25,KC,PHI,3,11,0.0,0.5442357112668024,0.539,KC,PHI,0
20240825_SF@SEA,2024-08-25,SEA,SF,4,3,1.0,0.568998215044969,0.5744,SEA,SEA,1
20240825_STL@MIN,2024-08-25,MIN,STL,2,3,0.0,0.6122768736339513,0.6356,MIN,STL,0
20240825_TB@LAD,2024-08-25,LAD,TB,3,1,1.0,0.750975349213596,0.815,LAD,LAD,1
20240825_TEX@CLE,2024-08-25,CLE,TEX,4,2,1.0,0.6024988211529035,0.6219,CLE,CLE,1
20240825_WSH@ATL,2024-08-25,ATL,WSH,1,5,0.0,0.4770322025426862,0.4916,WSH,WSH,1
20240824_AZ@BOS,2024-08-24,BOS,AZ,1,4,0.0,0.4930302614621797,0.5,AZ,AZ,1
20240824_CHC@MIA,2024-08-24,MIA,CHC,2,14,0.0,0.46910990443844114,0.4802,CHC,CHC,1
20240824_CIN@PIT,2024-08-24,PIT,CIN,2,10,0.0,0.41434932104620137,0.4019,CIN,CIN,1
20240824_COL@NYY,2024-08-24,NYY,COL,2,9,0.0,0.5492815392158906,0.5462,NYY,COL,0
20240824_DET@CWS,2024-08-24,CWS,DET,4,13,0.0,0.4945139972252169,0.5,DET,DET,1
20240824_HOU@BAL,2024-08-24,BAL,HOU,3,2,1.0,0.5663223794137476,0.5706,BAL,BAL,1
20240824_LAA@TOR,2024-08-24,TOR,LAA,3,1,1.0,0.5483845238935292,0.5449,TOR,TOR,1
20240824_MIL@ATH,2024-08-24,ATH,MIL,5,9,0.0,0.5196317657088602,0.5036,ATH,MIL,0
20240824_NYM@SD,2024-08-24,SD,NYM,1,7,0.0,0.519586803661732,0.5036,SD,NYM,0
20240824_PHI@KC,2024-08-24,KC,PHI,2,11,0.0,0.5206339559156903,0.5051,KC,PHI,0
20240824_SF@SEA,2024-08-24,SEA,SF,3,4,0.0,0.5723123912504471,0.5791,SEA,SF,0
20240824_STL@MIN,2024-08-24,MIN,STL,6,0,1.0,0.5675369910981048,0.5723,MIN,MIN,1
20240824_TB@LAD,2024-08-24,LAD,TB,8,9,0.0,0.5060451795871769,0.5,LAD,TB,0
20240824_TEX@CLE,2024-08-24,CLE,TEX,13,5,1.0,0.41714749971140086,0.4059,TEX,CLE,0
20240824_WSH@ATL,2024-08-24,ATL,WSH,4,2,1.0,0.416816521333842,0.4054,WSH,ATL,0
20240823_AZ@BOS,2024-08-23,BOS,AZ,2,12,0.0,0.5075090928957224,0.5,BOS,AZ,0
20240823_CHC@MIA,2024-08-23,MIA,CHC,3,6,0.0,0.46208677893679734,0.4701,CHC,CHC,1
20240823_CIN@PIT,2024-08-23,PIT,CIN,6,5,1.0,0.4875525053201661,0.5,CIN,PIT,0
20240823_COL@NYY,2024-08-23,NYY,COL,3,0,1.0,0.6016226067687456,0.6207,NYY,NYY,1
20240823_DET@CWS,2024-08-23,CWS,DET,2,5,0.0,0.37736514391718917,0.35,DET,DET,1
20240823_HOU@BAL,2024-08-23,BAL,HOU,7,5,1.0,0.4296236616995014,0.4236,HOU,BAL,0
20240823_LAA@TOR,2024-08-23,TOR,LAA,5,4,1.0,0.6140350031187628,0.6381,TOR,TOR,1
20240823_MIL@ATH,2024-08-23,ATH,MIL,3,11,0.0,0.495277530726533,0.5,MIL,MIL,1
20240823_NYM@SD,2024-08-23,SD,NYM,7,0,1.0,0.5345539049422693,0.5251,SD,SD,1
20240823_PHI@KC,2024-08-23,KC,PHI,7,4,1.0,0.5308461872805754,0.5197,KC,KC,1
20240823_SF@SEA,2024-08-23,SEA,SF,6,5,1.0,0.5699254666952659,0.5757,SEA,SEA,1
20240823_STL@MIN,2024-08-23,MIN,STL,1,6,0.0,0.6529905988258037,0.6916,MIN,STL,0
20240823_TB@LAD,2024-08-23,LAD,TB,7,3,1.0,0.5910726768253755,0.6058,LAD,LAD,1
20240823_TEX@CLE,2024-08-23,CLE,TEX,3,5,0.0,0.5344598204740688,0.5249,CLE,TEX,0
20240823_WSH@ATL,2024-08-23,ATL,WSH,3,2,1.0,0.46598397505328437,0.4757,WSH,ATL,0
20240822_CIN@PIT,2024-08-22,PIT,CIN,7,0,1.0,0.6034515243733226,0.6232,PIT,PIT,1
20240822_CLE@NYY,2024-08-22,NYY,CLE,6,0,1.0,0.37959571567355294,0.3531,CLE,NYY,0
20240822_COL@WSH,2024-08-22,WSH,COL,8,3,1.0,0.6318950124622811,0.6628,WSH,WSH,1
20240822_DET@CHC,2024-08-22,CHC,DET,10,2,1.0,0.6528793581037331,0.6914,CHC,CHC,1
20240822_HOU@BAL,2024-08-22,BAL,HOU,0,6,0.0,0.5635831450906578,0.5667,BAL,HOU,0
20240822_LAA@TOR,2024-08-22,TOR,LAA,5,3,1.0,0.58491848911398,0.5971,TOR,TOR,1
20240822_MIL@STL,2024-08-22,STL,MIL,3,0,1.0,0.5370199924944926,0.5286,STL,STL,1
20240822_NYM@SD,2024-08-22,SD,NYM,3,8,0.0,0.5369892109668286,0.5286,SD,NYM,0
20240822_PHI@ATL,2024-08-22,ATL,PHI,3,2,1.0,0.5180440082488291,0.5014,ATL,ATL,1
20240822_TB@ATH,2024-08-22,ATH,TB,3,1,1.0,0.5423003472821374,0.5362,ATH,ATH,1
20240821_AZ@MIA,2024-08-21,MIA,AZ,8,10,0.0,0.3524152909241029,0.3158,AZ,AZ,1
20240821_BAL@NYM,2024-08-21,NYM,BAL,4,3,1.0,0.5959764216764192,0.6127,NYM,NYM,1
20240821_BOS@HOU,2024-08-21,HOU,BOS,1,4,0.0,0.44250331002565907,0.442,BOS,BOS,1
20240821_CIN@TOR,2024-08-21,TOR,CIN,7,11,0.0,0.5297211382650183,0.5181,TOR,CIN,0
20240821_CLE@NYY,2024-08-21,NYY,CLE,8,1,1.0,0.45940862016720413,0.4663,CLE,NYY,0
20240821_COL@WSH,2024-08-21,WSH,COL,6,1,1.0,0.5784343050141709,0.5878,WSH,WSH,1
20240821_CWS@SF,2024-08-21,SF,CWS,2,6,0.0,0.7732106776898088,0.84,SF,CWS,0
20240821_DET@CHC,2024-08-21,CHC,DET,2,8,0.0,0.5165396672739503,0.5,CHC,DET,0
20240821_LAA@KC,2024-08-21,KC,LAA,3,0,1.0,0.6640912046092482,0.7064,KC,KC,1
20240821_MIL@STL,2024-08-21,STL,MIL,10,6,1.0,0.6065647717826748,0.6276,STL,STL,1
20240821_MIN@SD,2024-08-21,SD,MIN,4,11,0.0,0.6251520798108291,0.6535,SD,MIN,0
20240821_PHI@ATL,2024-08-21,ATL,PHI,2,3,0.0,0.5212572258943421,0.506,ATL,PHI,0
20240821_PIT@TEX,2024-08-21,TEX,PIT,1,0,1.0,0.5403231839961493,0.5333,TEX,TEX,1
20240821_SEA@LAD,2024-08-21,LAD,SEA,8,4,1.0,0.5588779550333829,0.5599,LAD,LAD,1
20240821_TB@ATH,2024-08-21,ATH,TB,2,4,0.0,0.4564826324546604,0.4621,TB,TB,1
20240820_AZ@MIA,2024-08-20,MIA,AZ,1,3,0.0,0.4061826710897252,0.3903,AZ,AZ,1
20240820_BAL@NYM,2024-08-20,NYM,BAL,5,9,0.0,0.40655801236271644,0.3909,BAL,BAL,1
20240820_BOS@HOU,2024-08-20,HOU,BOS,5,6,0.0,0.3378258886651505,0.2961,BOS,BOS,1
20240820_CIN@TOR,2024-08-20,TOR,CIN,10,3,1.0,0.5264453445977963,0.5134,TOR,TOR,1
20240820_CLE@NYY,2024-08-20,NYY,CLE,5,9,0.0,0.3977346744889732,0.3784,CLE,CLE,1
20240820_COL@WSH,2024-08-20,WSH,COL,1,3,0.0,0.57146702019221,0.5779,WSH,COL,0
20240820_CWS@SF,2024-08-20,SF,CWS,4,1,1.0,0.7181178763564955,0.7758,SF,SF,1
20240820_DET@CHC,2024-08-20,CHC,DET,3,1,1.0,0.573985692841957,0.5815,CHC,CHC,1
20240820_LAA@KC,2024-08-20,KC,LAA,5,9,0.0,0.7042951334701993,0.7586,KC,LAA,0
20240820_MIL@STL,2024-08-20,STL,MIL,2,3,0.0,0.5483325392641615,0.5448,STL,MIL,0
20240820_MIN@SD,2024-08-20,SD,MIN,7,5,1.0,0.5511630647876568,0.5489,SD,SD,1
20240820_PHI@ATL,2024-08-20,ATL,PHI,3,1,1.0,0.4238984876126083,0.4155,PHI,ATL,0
20240820_PIT@TEX,2024-08-20,TEX,PIT,0,4,0.0,0.4956691399684325,0.5,PIT,PIT,1
20240820_SEA@LAD,2024-08-20,LAD,SEA,6,3,1.0,0.5179645482203054,0.5013,LAD,LAD,1
20240820_TB@ATH,2024-08-20,ATH,TB,0,1,0.0,0.5297133569039787,0.5181,ATH,TB,0
20240819_AZ@MIA,2024-08-19,MIA,AZ,6,9,0.0,0.36930429574692697,0.3388,AZ,AZ,1
20240819_BAL@NYM,2024-08-19,NYM,BAL,4,3,1.0,0.4388187266534237,0.4368,BAL,NYM,0
20240819_BOS@HOU,2024-08-19,HOU,BOS,5,4,1.0,0.37634974255195264,0.3486,BOS,HOU,0
20240819_CIN@TOR,2024-08-19,TOR,CIN,3,6,0.0,0.4498684768942921,0.4526,CIN,CIN,1
20240819_CWS@SF,2024-08-19,SF,CWS,5,3,1.0,0.7946699074596862,0.8629,SF,SF,1
20240819_LAA@KC,2024-08-19,KC,LAA,5,3,1.0,0.7466326715138119,0.8099,KC,KC,1
20240819_MIN@SD,2024-08-19,SD,MIN,5,3,1.0,0.5732785032957688,0.5805,SD,SD,1
20240819_PIT@TEX,2024-08-19,TEX,PIT,4,3,1.0,0.4997078347577244,0.5,PIT,TEX,0
20240819_SEA@LAD,2024-08-19,LAD,SEA,3,0,1.0,0.6303943123847716,0.6607,LAD,LAD,1
20240819_TB@ATH,2024-08-19,ATH,TB,3,0,1.0,0.4511987917811845,0.4545,TB,ATH,0
20240818_ATL@LAA,2024-08-18,LAA,ATL,1,3,0.0,0.49638547616613665,0.5,ATL,ATL,1
20240818_AZ@TB,2024-08-18,TB,AZ,8,7,1.0,0.41795240151744945,0.4071,AZ,TB,0
20240818_BOS@BAL,2024-08-18,BAL,BOS,4,2,1.0,0.5067914704172473,0.5,BAL,BAL,1
20240818_CLE@MIL,2024-08-18,MIL,CLE,2,0,1.0,0.494898146866335,0.5,CLE,MIL,0
20240818_CWS@HOU,2024-08-18,HOU,CWS,2,0,1.0,0.6510964321011284,0.6822,HOU,HOU,1
20240818_KC@CIN,2024-08-18,CIN,KC,1,8,0.0,0.4979606814100488,0.5,KC,KC,1
20240818_LAD@STL,2024-08-18,STL,LAD,1,2,0.0,0.5646596179720139,0.57,STL,LAD,0
20240818_MIA@NYM,2024-08-18,NYM,MIA,2,3,0.0,0.559409192698925,0.5631,NYM,MIA,0
20240818_MIN@TEX,2024-08-18,TEX,MIN,6,5,1.0,0.5193991765115741,0.51,TEX,TEX,1
20240818_NYY@DET,2024-08-18,DET,NYY,3,2,1.0,0.3843022654561844,0.3631,NYY,DET,0
20240818_SD@COL,2024-08-18,COL,SD,3,2,1.0,0.5139898817199471,0.5028,COL,COL,1
20240818_SEA@PIT,2024-08-18,PIT,SEA,3,10,0.0,0.5245283082877568,0.5168,PIT,SEA,0
20240818_SF@ATH,2024-08-18,ATH,SF,2,4,0.0,0.5452918085389356,0.5444,ATH,SF,0
20240818_TOR@CHC,2024-08-18,CHC,TOR,0,1,0.0,0.5426687236230674,0.5409,CHC,TOR,0
20240818_WSH@PHI,2024-08-18,PHI,WSH,4,6,0.0,0.5932528924263785,0.6076,PHI,WSH,0
20240817_ATL@LAA,2024-08-17,LAA,ATL,3,11,0.0,0.5028983473549418,0.5,LAA,ATL,0
20240817_AZ@TB,2024-08-17,TB,AZ,6,1,1.0,0.4311594312209814,0.4245,AZ,TB,0
20240817_BOS@BAL,2024-08-17,BAL,BOS,1,5,0.0,0.5520106865602328,0.5533,BAL,BOS,0
20240817_CLE@MIL,2024-08-17,MIL,CLE,2,1,1.0,0.493853908431221,0.5,CLE,MIL,0
20240817_CWS@HOU,2024-08-17,HOU,CWS,6,1,1.0,0.6860152873282853,0.7257,HOU,HOU,1
20240817_KC@CIN,2024-08-17,CIN,KC,1,13,0.0,0.5139688588825531,0.5028,CIN,KC,0
20240817_LAD@STL,2024-08-17,STL,LAD,5,2,1.0,0.4951966157707615,0.5,LAD,STL,0
20240817_MIA@NYM,2024-08-17,NYM,MIA,4,0,1.0,0.6110042014865019,0.6308,NYM,NYM,1
20240817_MIN@TEX,2024-08-17,TEX,MIN,2,5,0.0,0.4828394801339086,0.493,MIN,MIN,1
20240817_NYY@DET,2024-08-17,DET,NYY,4,0,1.0,0.4567414252573651,0.4583,NYY,DET,0
20240817_SD@COL,2024-08-17,COL,SD,3,8,0.0,0.4533264662363905,0.4538,SD,SD,1
20240817_SEA@PIT,2024-08-17,PIT,SEA,7,2,1.0,0.49038971417499383,0.5,SEA,PIT,0
20240817_SF@ATH,2024-08-17,ATH,SF,2,0,1.0,0.5477409716712472,0.5476,ATH,ATH,1
20240817_TOR@CHC,2024-08-17,CHC,TOR,3,2,1.0,0.5181607528120202,0.5084,CHC,CHC,1
20240817_WSH@PHI,2024-08-17,PHI,WSH,5,1,1.0,0.5688847716707399,0.5756,PHI,PHI,1
20240816_ATL@LAA,2024-08-16,LAA,ATL,3,2,1.0,0.49418984556884266,0.5,ATL,LAA,0
20240816_AZ@TB,2024-08-16,TB,AZ,5,4,1.0,0.4831930145217205,0.4934,AZ,TB,0
20240816_BOS@BAL,2024-08-16,BAL,BOS,10,12,0.0,0.5740055643196442,0.5823,BAL,BOS,0
20240816_CLE@MIL,2024-08-16,MIL,CLE,5,3,1.0,0.48644809315770005,0.4977,CLE,MIL,0
20240816_CWS@HOU,2024-08-16,HOU,CWS,4,5,0.0,0.6146822376191731,0.6355,HOU,CWS,0
20240816_KC@CIN,2024-08-16,CIN,KC,1,7,0.0,0.5165958916979105,0.5063,CIN,KC,0
20240816_LAD@STL,2024-08-16,STL,LAD,6,7,0.0,0.549372089005032,0.5498,STL,LAD,0
20240816_MIA@NYM,2024-08-16,NYM,MIA,7,3,1.0,0.6702372337796,0.7062,NYM,NYM,1
20240816_MIN@TEX,2024-08-16,TEX,MIN,3,4,0.0,0.5302840921800037,0.5245,TEX,MIN,0
20240816_NYY@DET,2024-08-16,DET,NYY,0,3,0.0,0.3876730187916407,0.3675,NYY,NYY,1
20240816_SD@COL,2024-08-16,COL,SD,7,3,1.0,0.53915178458826,0.5362,COL,COL,1
20240816_SEA@PIT,2024-08-16,PIT,SEA,5,3,1.0,0.5413140101538207,0.5391,PIT,PIT,1
20240816_TOR@CHC,2024-08-16,CHC,TOR,6,5,1.0,0.4779049123777258,0.4864,TOR,CHC,0
20240816_WSH@PHI,2024-08-16,PHI,WSH,3,2,1.0,0.5881447468735896,0.6009,PHI,PHI,1
20240815_ATH@NYM,2024-08-15,NYM,ATH,6,7,0.0,0.5410991142448364,0.5388,NYM,ATH,0
20240815_ATL@SF,2024-08-15,SF,ATL,6,0,1.0,0.5331561878506489,0.5283,SF,SF,1
20240815_BOS@BAL,2024-08-15,BAL,BOS,5,1,1.0,0.5551742941613335,0.5575,BAL,BAL,1
20240815_LAD@MIL,2024-08-15,MIL,LAD,6,4,1.0,0.5650233940032221,0.5705,MIL,MIL,1
20240815_MIN@TEX,2024-08-15,TEX,MIN,2,3,0.0,0.5309015985205463,0.5253,TEX,MIN,0
20240815_SEA@DET,2024-08-15,DET,SEA,2,1,1.0,0.47992280513679286,0.4891,SEA,DET,0
20240815_WSH@PHI,2024-08-15,PHI,WSH,13,3,1.0,0.5955748847072011,0.6107,PHI,PHI,1
20240814_ATH@NYM,2024-08-14,NYM,ATH,9,1,1.0,0.6009799115656799,0.6177,NYM,NYM,1
20240814_ATL@SF,2024-08-14,SF,ATL,2,13,0.0,0.5513209889688381,0.5523,SF,ATL,0
20240814_CHC@CLE,2024-08-14,CLE,CHC,6,1,1.0,0.5216651571885699,0.513,CLE,CLE,1
20240814_COL@AZ,2024-08-14,AZ,COL,11,4,1.0,0.6093080611902646,0.6286,AZ,AZ,1
20240814_HOU@TB,2024-08-14,TB,HOU,1,2,0.0,0.4160305642274448,0.4046,HOU,HOU,1
20240814_KC@MIN,2024-08-14,MIN,KC,1,4,0.0,0.48417130390160745,0.4947,KC,KC,1
20240814_LAD@MIL,2024-08-14,MIL,LAD,5,4,1.0,0.5317146309271649,0.5263,MIL,MIL,1
20240814_MIA@PHI,2024-08-14,PHI,MIA,9,5,1.0,0.5065591771152879,0.5,PHI,PHI,1
20240814_NYY@CWS,2024-08-14,CWS,NYY,2,10,0.0,0.37526315916752334,0.3515,NYY,NYY,1
20240814_PIT@SD,2024-08-14,SD,PIT,8,2,1.0,0.5622441663233951,0.5668,SD,SD,1
20240814_SEA@DET,2024-08-14,DET,SEA,3,2,1.0,0.44548285627845097,0.4434,SEA,DET,0
20240814_STL@CIN,2024-08-14,CIN,STL,9,2,1.0,0.5503063519512494,0.551,CIN,CIN,1
20240814_TEX@BOS,2024-08-14,BOS,TEX,7,9,0.0,0.6035604141055206,0.6211,BOS,TEX,0
20240814_TOR@LAA,2024-08-14,LAA,TOR,2,9,0.0,0.5579382543206441,0.5611,LAA,TOR,0
20240814_WSH@BAL,2024-08-14,BAL,WSH,4,1,1.0,0.5426820368243958,0.5409,BAL,BAL,1
20240813_ATH@NYM,2024-08-13,NYM,ATH,4,9,0.0,0.5250249516971462,0.5175,NYM,ATH,0
20240813_ATL@SF,2024-08-13,SF,ATL,3,4,0.0,0.5389264480885797,0.5359,SF,ATL,0
20240813_CHC@CLE,2024-08-13,CLE,CHC,2,1,1.0,0.49873259047434887,0.5,CHC,CLE,0
20240813_COL@AZ,2024-08-13,AZ,COL,4,3,1.0,0.6413529521673905,0.6698,AZ,AZ,1
20240813_HOU@TB,2024-08-13,TB,HOU,2,3,0.0,0.4813232833077285,0.491,HOU,HOU,1
20240813_KC@MIN,2024-08-13,MIN,KC,13,3,1.0,0.5335246282627109,0.5288,MIN,MIN,1
20240813_LAD@MIL,2024-08-13,MIL,LAD,2,7,0.0,0.5116465459868882,0.5,MIL,LAD,0
20240813_MIA@PHI,2024-08-13,PHI,MIA,0,5,0.0,0.5639206516572535,0.569,PHI,MIA,0
20240813_NYY@CWS,2024-08-13,CWS,NYY,1,4,0.0,0.3641383333118019,0.3372,NYY,NYY,1
20240813_PIT@SD,2024-08-13,SD,PIT,3,0,1.0,0.6495575021502521,0.6803,SD,SD,1
20240813_SEA@DET,2024-08-13,DET,SEA,15,1,1.0,0.5214352691830519,0.5127,DET,DET,1
20240813_STL@CIN,2024-08-13,CIN,STL,4,1,1.0,0.526182618934298,0.519,CIN,CIN,1
20240813_TEX@BOS,2024-08-13,BOS,TEX,9,4,1.0,0.5737966220201551,0.5821,BOS,BOS,1
20240813_TOR@LAA,2024-08-13,LAA,TOR,1,6,0.0,0.5017949782994383,0.5,LAA,TOR,0
20240813_WSH@BAL,2024-08-13,BAL,WSH,3,9,0.0,0.5967058761457126,0.6121,BAL,WSH,0
20240812_ATL@SF,2024-08-12,SF,ATL,0,1,0.0,0.5051528412679553,0.5,SF,ATL,0
20240812_CHC@CLE,2024-08-12,CLE,CHC,9,8,1.0,0.4947216976158025,0.5,CHC,CLE,0
20240812_COL@AZ,2024-08-12,AZ,COL,5,4,1.0,0.6345768280662157,0.6612,AZ,AZ,1
20240812_HOU@TB,2024-08-12,TB,HOU,1,6,0.0,0.4943668914186542,0.5,HOU,HOU,1
20240812_KC@MIN,2024-08-12,MIN,KC,8,3,1.0,0.5374312477350744,0.5339,MIN,MIN,1
20240812_LAD@MIL,2024-08-12,MIL,LAD,2,5,0.0,0.5487675662311813,0.549,MIL,LAD,0
20240812_NYY@CWS,2024-08-12,CWS,NYY,12,2,1.0,0.36762941002736693,0.3416,NYY,CWS,0
20240812_PIT@SD,2024-08-12,SD,PIT,2,1,1.0,0.5905730317555409,0.6041,SD,SD,1
20240812_STL@CIN,2024-08-12,CIN,STL,6,1,1.0,0.46675835435019963,0.4716,STL,CIN,0
20240812_TEX@BOS,2024-08-12,BOS,TEX,5,4,1.0,0.5579693672735075,0.5612,BOS,BOS,1
20240812_TOR@LAA,2024-08-12,LAA,TOR,2,4,0.0,0.5293279310226139,0.5232,LAA,TOR,0
20240811_ATH@TOR,2024-08-11,TOR,ATH,4,8,0.0,0.589819372038326,0.6032,TOR,ATH,0
20240811_ATL@COL,2024-08-11,COL,ATL,9,8,1.0,0.4836306764389566,0.4937,ATL,COL,0
20240811_BAL@TB,2024-08-11,TB,BAL,2,1,1.0,0.4614098921731763,0.4643,BAL,TB,0
20240811_CIN@MIL,2024-08-11,MIL,CIN,3,4,0.0,0.4785437298526986,0.4869,CIN,CIN,1
20240811_CLE@MIN,2024-08-11,MIN,CLE,3,5,0.0,0.48853391162340964,0.5,CLE,CLE,1
20240811_DET@SF,2024-08-11,SF,DET,4,5,0.0,0.6111789781356005,0.631,SF,DET,0
20240811_HOU@BOS,2024-08-11,BOS,HOU,2,10,0.0,0.5416728809283998,0.5398,BOS,HOU,0
20240811_LAA@WSH,2024-08-11,WSH,LAA,4,6,0.0,0.5742349453997746,0.5827,WSH,LAA,0
20240811_NYM@SEA,2024-08-11,SEA,NYM,12,1,1.0,0.5225068445782767,0.5144,SEA,SEA,1
20240811_PHI@AZ,2024-08-11,AZ,PHI,12,5,1.0,0.5903340163399353,0.6038,AZ,AZ,1
20240811_PIT@LAD,2024-08-11,LAD,PIT,6,5,1.0,0.586409663832057,0.5987,LAD,LAD,1
20240811_SD@MIA,2024-08-11,MIA,SD,7,6,1.0,0.38430593976868827,0.3632,SD,MIA,0
20240811_TEX@NYY,2024-08-11,NYY,TEX,8,7,1.0,0.57900721080079,0.589,NYY,NYY,1
20240810_ATH@TOR,2024-08-10,TOR,ATH,0,1,0.0,0.49667190369706365,0.5,ATH,ATH,1
20240810_ATL@COL,2024-08-10,COL,ATL,8,11,0.0,0.4604428448007989,0.463,ATL,ATL,1
20240810_BAL@TB,2024-08-10,TB,BAL,5,7,0.0,0.40828570082667254,0.3944,BAL,BAL,1
20240810_CHC@CWS,2024-08-10,CWS,CHC,1,3,0.0,0.42651011625989443,0.4182,CHC,CHC,1
20240810_CIN@MIL,2024-08-10,MIL,CIN,1,0,1.0,0.5958722924068697,0.6111,MIL,MIL,1
20240810_CLE@MIN,2024-08-10,MIN,CLE,1,2,0.0,0.4963615121687009,0.5,CLE,CLE,1
20240810_DET@SF,2024-08-10,SF,DET,3,1,1.0,0.65126802417916,0.6822,SF,SF,1
20240810_HOU@BOS,2024-08-10,BOS,HOU,4,5,0.0,0.5421762545477853,0.5405,BOS,HOU,0
20240810_LAA@WSH,2024-08-10,WSH,LAA,5,4,1.0,0.485477349585762,0.4961,LAA,WSH,0
20240810_NYM@SEA,2024-08-10,SEA,NYM,4,0,1.0,0.5520114443118586,0.5535,SEA,SEA,1
20240810_PHI@AZ,2024-08-10,AZ,PHI,11,1,1.0,0.5543455628109866,0.5565,AZ,AZ,1
20240810_PIT@LAD,2024-08-10,LAD,PIT,4,1,1.0,0.4502974772549691,0.4496,PIT,LAD,0
20240810_SD@MIA,2024-08-10,MIA,SD,8,9,0.0,0.5476832704731154,0.5477,MIA,SD,0
20240810_STL@KC,2024-08-10,KC,STL,8,3,1.0,0.5288591536245015,0.5228,KC,KC,1
20240810_TEX@NYY,2024-08-10,NYY,TEX,8,0,1.0,0.6156874752177975,0.6368,NYY,NYY,1
20240810_TEX@NYY_2,2024-08-10,NYY,TEX,4,9,0.0,0.5839743770291486,0.5955,NYY,TEX,0
20240809_ATH@TOR,2024-08-09,TOR,ATH,3,1,1.0,0.5973368700294133,0.613,TOR,TOR,1
20240809_ATL@COL,2024-08-09,COL,ATL,6,5,1.0,0.4564633204019567,0.4577,ATL,COL,0
20240809_BAL@TB,2024-08-09,TB,BAL,1,4,0.0,0.40103468391048575,0.3849,BAL,BAL,1
20240809_CHC@CWS,2024-08-09,CWS,CHC,6,7,0.0,0.30767130093786543,0.2669,CHC,CHC,1
20240809_CIN@MIL,2024-08-09,MIL,CIN,8,3,1.0,0.5867067144560831,0.5991,MIL,MIL,1
20240809_CLE@MIN,2024-08-09,MIN,CLE,4,2,1.0,0.6075414519579784,0.6262,MIN,MIN,1
20240809_CLE@MIN_2,2024-08-09,MIN,CLE,6,3,1.0,0.47814502434636197,0.4864,CLE,MIN,0
20240809_DET@SF,2024-08-09,SF,DET,3,2,1.0,0.5764921998431084,0.5857,SF,SF,1
20240809_HOU@BOS,2024-08-09,BOS,HOU,4,8,0.0,0.5662888698600728,0.5723,BOS,HOU,0
20240809_LAA@WSH,2024-08-09,WSH,LAA,3,2,1.0,0.44933229256557733,0.4483,LAA,WSH,0
20240809_NYM@SEA,2024-08-09,SEA,NYM,6,0,1.0,0.5104618572050668,0.5,SEA,SEA,1
20240809_PHI@AZ,2024-08-09,AZ,PHI,3,2,1.0,0.5091325760380627,0.5,AZ,AZ,1
20240809_PIT@LAD,2024-08-09,LAD,PIT,9,5,1.0,0.6212956413778419,0.644,LAD,LAD,1
20240809_SD@MIA,2024-08-09,MIA,SD,2,6,0.0,0.5387632981724798,0.5359,MIA,SD,0
20240809_STL@KC,2024-08-09,KC,STL,5,8,0.0,0.5613783723901508,0.5658,KC,STL,0
20240808_BAL@TOR,2024-08-08,TOR,BAL,7,6,1.0,0.5176125556278887,0.508,TOR,TOR,1
20240808_CIN@MIA,2024-08-08,MIA,CIN,4,10,0.0,0.40668549469578347,0.3923,CIN,CIN,1
20240808_DET@SEA,2024-08-08,SEA,DET,4,3,1.0,0.6316355264301156,0.6573,SEA,SEA,1
20240808_LAA@NYY,2024-08-08,NYY,LAA,4,9,0.0,0.6177788973285827,0.6395,NYY,LAA,0
20240808_MIL@ATL,2024-08-08,ATL,MIL,7,16,0.0,0.5437762495160574,0.5426,ATL,MIL,0
20240808_NYM@COL,2024-08-08,COL,NYM,1,9,0.0,0.4004976283426314,0.3842,NYM,NYM,1
20240808_PHI@AZ,2024-08-08,AZ,PHI,4,6,0.0,0.5567258363216022,0.5597,AZ,PHI,0
20240808_SD@PIT,2024-08-08,PIT,SD,6,7,0.0,0.5381494168303848,0.5351,PIT,SD,0
20240808_SF@WSH,2024-08-08,WSH,SF,5,9,0.0,0.5776225433798247,0.5872,WSH,SF,0
20240808_TB@STL,2024-08-08,STL,TB,4,6,0.0,0.48040297497481005,0.4894,TB,TB,1
20240807_AZ@CLE,2024-08-07,CLE,AZ,3,5,0.0,0.517440466191493,0.5077,CLE,AZ,0
20240807_AZ@CLE_2,2024-08-07,CLE,AZ,3,7,0.0,0.4302645849888959,0.4232,AZ,AZ,1
20240807_BAL@TOR,2024-08-07,TOR,BAL,3,7,0.0,0.4624171989151892,0.4656,BAL,BAL,1
20240807_BOS@KC,2024-08-07,KC,BOS,8,4,1.0,0.5678225467184373,0.5743,KC,KC,1
20240807_CIN@MIA,2024-08-07,MIA,CIN,6,4,1.0,0.5504471562422004,0.5514,MIA,MIA,1
20240807_CWS@ATH,2024-08-07,ATH,CWS,3,2,1.0,0.7586897097226396,0.8103,ATH,ATH,1
20240807_DET@SEA,2024-08-07,SEA,DET,2,6,0.0,0.5523535292263332,0.5539,SEA,DET,0
20240807_HOU@TEX,2024-08-07,TEX,HOU,4,6,0.0,0.603372458513182,0.6208,TEX,HOU,0
20240807_LAA@NYY,2024-08-07,NYY,LAA,2,8,0.0,0.6258537998830559,0.6499,NYY,LAA,0
20240807_LAA@NYY_2,2024-08-07,NYY,LAA,5,2,1.0,0.5867294920209938,0.5991,NYY,NYY,1
20240807_MIL@ATL,2024-08-07,ATL,MIL,5,8,0.0,0.48479053814448203,0.4952,MIL,MIL,1
20240807_MIN@CHC,2024-08-07,CHC,MIN,8,2,1.0,0.47282725428564676,0.4794,MIN,CHC,0
20240807_NYM@COL,2024-08-07,COL,NYM,3,5,0.0,0.5300596902897722,0.5244,COL,NYM,0
20240807_PHI@LAD,2024-08-07,LAD,PHI,4,9,0.0,0.5087218447429889,0.5,LAD,PHI,0
20240807_SD@PIT,2024-08-07,PIT,SD,8,9,0.0,0.38593501381899503,0.3653,SD,SD,1
20240807_SF@WSH,2024-08-07,WSH,SF,4,7,0.0,0.42562131141104315,0.4171,SF,SF,1
20240807_TB@STL,2024-08-07,STL,TB,5,2,1.0,0.40030655901454015,0.384,TB,STL,0
20240806_BAL@TOR,2024-08-06,TOR,BAL,5,2,1.0,0.536501186359651,0.533,TOR,TOR,1
20240806_BOS@KC,2024-08-06,KC,BOS,5,6,0.0,0.46078277189612243,0.4635,BOS,BOS,1
20240806_CIN@MIA,2024-08-06,MIA,CIN,2,8,0.0,0.5647668833844199,0.5703,MIA,CIN,0
20240806_CWS@ATH,2024-08-06,ATH,CWS,1,5,0.0,0.6263379043995124,0.6505,ATH,CWS,0
20240806_DET@SEA,2024-08-06,SEA,DET,2,4,0.0,0.6107115681581559,0.6303,SEA,DET,0
20240806_HOU@TEX,2024-08-06,TEX,HOU,2,4,0.0,0.5499478208999329,0.5507,TEX,HOU,0
20240806_MIL@ATL,2024-08-06,ATL,MIL,0,10,0.0,0.4876911403975372,0.499,MIL,MIL,1
20240806_MIN@CHC,2024-08-06,CHC,MIN,7,3,1.0,0.4880173833802886,0.4995,MIN,CHC,0
20240806_NYM@COL,2024-08-06,COL,NYM,6,3,1.0,0.4222557216431143,0.4127,NYM,COL,0
20240806_PHI@LAD,2024-08-06,LAD,PHI,2,6,0.0,0.4582726556451016,0.4601,PHI,PHI,1
20240806_SD@PIT,2024-08-06,PIT,SD,0,6,0.0,0.374509138073337,0.3506,SD,SD,1
20240806_SF@WSH,2024-08-06,WSH,SF,11,5,1.0,0.462501253927818,0.4657,SF,WSH,0
20240806_TB@STL,2024-08-06,STL,TB,4,3,1.0,0.6476098493420297,0.6776,STL,STL,1
20240805_AZ@CLE,2024-08-05,CLE,AZ,6,7,0.0,0.45701573679047813,0.4585,AZ,AZ,1
20240805_BOS@KC,2024-08-05,KC,BOS,5,9,0.0,0.45724907116495966,0.4588,BOS,BOS,1
20240805_CIN@MIA,2024-08-05,MIA,CIN,3,10,0.0,0.5588147865439792,0.5624,MIA,CIN,0
20240805_CWS@ATH,2024-08-05,ATH,CWS,5,1,1.0,0.7547801275890399,0.806,ATH,ATH,1
20240805_HOU@TEX,2024-08-05,TEX,HOU,4,3,1.0,0.513132148471861,0.502,TEX,TEX,1
20240805_MIN@CHC,2024-08-05,CHC,MIN,0,3,0.0,0.43575978723737013,0.4304,MIN,MIN,1
20240805_NYM@STL,2024-08-05,STL,NYM,0,6,0.0,0.4894428843364672,0.5,NYM,NYM,1
20240805_PHI@LAD,2024-08-05,LAD,PHI,5,3,1.0,0.5590660961297451,0.5628,LAD,LAD,1
20240805_SF@WSH,2024-08-05,WSH,SF,1,4,0.0,0.565521649012124,0.5713,WSH,SF,0
20240804_AZ@PIT,2024-08-04,PIT,AZ,5,6,0.0,0.5263568666620186,0.5189,PIT,AZ,0
20240804_BAL@CLE,2024-08-04,CLE,BAL,5,9,0.0,0.4025342876755302,0.3966,BAL,BAL,1
20240804_BOS@TEX,2024-08-04,TEX,BOS,2,7,0.0,0.4622305737491577,0.4675,BOS,BOS,1
20240804_COL@SD,2024-08-04,SD,COL,10,2,1.0,0.6074224165112836,0.6151,SD,SD,1
20240804_CWS@MIN,2024-08-04,MIN,CWS,13,7,1.0,0.6732167101032157,0.6919,MIN,MIN,1
20240804_KC@DET,2024-08-04,DET,KC,2,3,0.0,0.41223311442205507,0.4081,KC,KC,1
20240804_LAD@ATH,2024-08-04,ATH,LAD,2,3,0.0,0.510228167618508,0.5,ATH,LAD,0
20240804_MIA@ATL,2024-08-04,ATL,MIA,0,7,0.0,0.492444172823628,0.5,MIA,MIA,1
20240804_MIL@WSH,2024-08-04,WSH,MIL,4,3,1.0,0.5468914285835842,0.5433,WSH,WSH,1
20240804_NYM@LAA,2024-08-04,LAA,NYM,3,2,1.0,0.5027661245742854,0.5,LAA,LAA,1
20240804_PHI@SEA,2024-08-04,SEA,PHI,0,6,0.0,0.5244344885858933,0.5166,SEA,PHI,0
20240804_SF@CIN,2024-08-04,CIN,SF,2,8,0.0,0.4871455254467589,0.4972,SF,SF,1
20240804_STL@CHC,2024-08-04,CHC,STL,6,2,1.0,0.48912749957701096,0.4995,STL,CHC,0
20240804_TB@HOU,2024-08-04,HOU,TB,0,1,0.0,0.4640755262064306,0.4697,TB,TB,1
20240804_TOR@NYY,2024-08-04,NYY,TOR,4,3,1.0,0.5928281742663898,0.5979,NYY,NYY,1
20240803_AZ@PIT,2024-08-03,PIT,AZ,4,2,1.0,0.45611718461235573,0.4602,AZ,PIT,0
20240803_BAL@CLE,2024-08-03,CLE,BAL,4,7,0.0,0.42281548862272694,0.4207,BAL,BAL,1
20240803_BOS@TEX,2024-08-03,TEX,BOS,7,4,1.0,0.513137246436531,0.5032,TEX,TEX,1
20240803_COL@SD,2024-08-03,SD,COL,3,2,1.0,0.5709499097551227,0.5719,SD,SD,1
20240803_CWS@MIN,2024-08-03,MIN,CWS,6,2,1.0,0.6659197969485701,0.6835,MIN,MIN,1
20240803_KC@DET,2024-08-03,DET,KC,6,5,1.0,0.47441416825236304,0.482,KC,DET,0
20240803_LAD@ATH,2024-08-03,ATH,LAD,0,10,0.0,0.48912115096299613,0.4995,LAD,LAD,1
20240803_MIA@ATL,2024-08-03,ATL,MIA,3,4,0.0,0.5332635434322135,0.5271,ATL,MIA,0
20240803_MIL@WSH,2024-08-03,WSH,MIL,6,4,1.0,0.5713652069772767,0.5724,WSH,WSH,1
20240803_NYM@LAA,2024-08-03,LAA,NYM,5,4,1.0,0.39000978755619736,0.3818,NYM,LAA,0
20240803_PHI@SEA,2024-08-03,SEA,PHI,6,5,1.0,0.45022264329490486,0.4532,PHI,SEA,0
20240803_SF@CIN,2024-08-03,CIN,SF,6,4,1.0,0.47581715335351316,0.4837,SF,CIN,0
20240803_STL@CHC,2024-08-03,CHC,STL,4,5,0.0,0.45565150197876103,0.4597,STL,STL,1
20240803_TB@HOU,2024-08-03,HOU,TB,1,6,0.0,0.5381687579858941,0.533,HOU,TB,0
20240803_TOR@NYY,2024-08-03,NYY,TOR,8,3,1.0,0.7026440048251688,0.7256,NYY,NYY,1
20240802_AZ@PIT,2024-08-02,PIT,AZ,8,9,0.0,0.47714199384272454,0.4853,AZ,AZ,1
20240802_BAL@CLE,2024-08-02,CLE,BAL,8,4,1.0,0.356378841768604,0.3424,BAL,CLE,0
20240802_BOS@TEX,2024-08-02,TEX,BOS,6,11,0.0,0.42805110179765166,0.4269,BOS,BOS,1
20240802_COL@SD,2024-08-02,SD,COL,2,5,0.0,0.5900679025666558,0.5946,SD,COL,0
20240802_CWS@MIN,2024-08-02,MIN,CWS,10,2,1.0,0.6167182623870249,0.6261,MIN,MIN,1
20240802_KC@DET,2024-08-02,DET,KC,2,9,0.0,0.4604192989391026,0.4654,KC,KC,1
20240802_LAD@ATH,2024-08-02,ATH,LAD,6,5,1.0,0.49106758482231083,0.5,LAD,ATH,0
20240802_MIA@ATL,2024-08-02,ATL,MIA,5,3,1.0,0.5060804758808727,0.5,ATL,ATL,1
20240802_MIL@WSH,2024-08-02,WSH,MIL,3,8,0.0,0.4358332778415655,0.4361,MIL,MIL,1
20240802_NYM@LAA,2024-08-02,LAA,NYM,1,5,0.0,0.40030093341679457,0.394,NYM,NYM,1
20240802_PHI@SEA,2024-08-02,SEA,PHI,10,2,1.0,0.5377006743087362,0.5324,SEA,SEA,1
20240802_SF@CIN,2024-08-02,CIN,SF,0,3,0.0,0.39362646314756466,0.3861,SF,SF,1
20240802_STL@CHC,2024-08-02,CHC,STL,6,3,1.0,0.4073269457204957,0.4023,STL,CHC,0
20240802_TB@HOU,2024-08-02,HOU,TB,3,2,1.0,0.4921325160473376,0.5,TB,HOU,0
20240802_TOR@NYY,2024-08-02,NYY,TOR,5,8,0.0,0.5517430919420916,0.5491,NYY,TOR,0
20240801_BAL@CLE,2024-08-01,CLE,BAL,10,3,1.0,0.47594893255951376,0.4838,BAL,CLE,0
20240801_COL@LAA,2024-08-01,LAA,COL,4,5,0.0,0.5895724200451394,0.594,LAA,COL,0
20240801_KC@DET,2024-08-01,DET,KC,1,7,0.0,0.35776870476052053,0.344,KC,KC,1
20240801_MIA@ATL,2024-08-01,ATL,MIA,4,2,1.0,0.5511092492507744,0.5484,ATL,ATL,1
20240801_STL@CHC,2024-08-01,CHC,STL,5,4,1.0,0.4381762643765087,0.4389,STL,CHC,0
20240731_ATH@SF,2024-07-31,SF,ATH,1,0,1.0,0.5920345282290317,0.597,SF,SF,1
20240731_ATL@MIL,2024-07-31,MIL,ATL,2,6,0.0,0.5156560026114628,0.5062,MIL,ATL,0
20240731_CHC@CIN,2024-07-31,CIN,CHC,4,13,0.0,0.6170039650477037,0.6264,CIN,CHC,0
20240731_COL@LAA,2024-07-31,LAA,COL,1,2,0.0,0.5246988726018782,0.5169,LAA,COL,0
20240731_KC@CWS,2024-07-31,CWS,KC,3,10,0.0,0.34405878832188774,0.328,KC,KC,1
20240731_LAD@SD,2024-07-31,SD,LAD,8,1,1.0,0.5521061986381872,0.5495,SD,SD,1
20240731_MIA@TB,2024-07-31,TB,MIA,2,6,0.0,0.5633062152947054,0.5629,TB,MIA,0
20240731_MIN@NYM,2024-07-31,NYM,MIN,3,8,0.0,0.48196995191592906,0.491,MIN,MIN,1
20240731_NYY@PHI,2024-07-31,PHI,NYY,5,6,0.0,0.5724934802294808,0.5738,PHI,NYY,0
20240731_PIT@HOU,2024-07-31,HOU,PIT,5,4,1.0,0.7003882274647931,0.723,HOU,HOU,1
20240731_SEA@BOS,2024-07-31,BOS,SEA,3,2,1.0,0.5097703712975276,0.5,BOS,BOS,1
20240731_TEX@STL,2024-07-31,STL,TEX,10,1,1.0,0.4442236311540398,0.4461,TEX,STL,0
20240731_TOR@BAL,2024-07-31,BAL,TOR,10,4,1.0,0.730270859930046,0.7566,BAL,BAL,1
20240731_WSH@AZ,2024-07-31,AZ,WSH,5,4,1.0,0.5123418547570958,0.5022,AZ,AZ,1
20240730_ATH@SF,2024-07-30,SF,ATH,2,5,0.0,0.56476201619016,0.5646,SF,ATH,0
20240730_ATL@MIL,2024-07-30,MIL,ATL,1,5,0.0,0.5585499946887378,0.5572,MIL,ATL,0
20240730_CHC@CIN,2024-07-30,CIN,CHC,6,3,1.0,0.5699957401931239,0.5708,CIN,CIN,1
20240730_CLE@DET,2024-07-30,DET,CLE,0,5,0.0,0.44934867228533826,0.4522,CLE,CLE,1
20240730_COL@LAA,2024-07-30,LAA,COL,10,7,1.0,0.5595922645902717,0.5584,LAA,LAA,1
20240730_KC@CWS,2024-07-30,CWS,KC,3,4,0.0,0.375542701947481,0.3648,KC,KC,1
20240730_LAD@SD,2024-07-30,SD,LAD,6,5,1.0,0.504145862128254,0.5,SD,SD,1
20240730_MIA@TB,2024-07-30,TB,MIA,9,3,1.0,0.4691573660907796,0.4758,MIA,TB,0
20240730_MIN@NYM,2024-07-30,NYM,MIN,2,0,1.0,0.44615550281698824,0.4484,MIN,NYM,0
20240730_NYY@PHI,2024-07-30,PHI,NYY,6,7,0.0,0.4560919399864052,0.4602,NYY,NYY,1
20240730_PIT@HOU,2024-07-30,HOU,PIT,2,6,0.0,0.6188788241126418,0.6286,HOU,PIT,0
20240730_SEA@BOS,2024-07-30,BOS,SEA,6,10,0.0,0.501504062609751,0.5,BOS,SEA,0
20240730_TEX@STL,2024-07-30,STL,TEX,8,1,1.0,0.5508613156582359,0.5481,STL,STL,1
20240730_TOR@BAL,2024-07-30,BAL,TOR,6,2,1.0,0.6312150048046317,0.6431,BAL,BAL,1
20240730_WSH@AZ,2024-07-30,AZ,WSH,17,0,1.0,0.5794318735782577,0.582,AZ,AZ,1
20240729_ATL@MIL,2024-07-29,MIL,ATL,8,3,1.0,0.5545273719474345,0.5524,MIL,MIL,1
20240729_CHC@CIN,2024-07-29,CIN,CHC,7,1,1.0,0.5715632561532201,0.5727,CIN,CIN,1
20240729_CLE@DET,2024-07-29,DET,CLE,4,8,0.0,0.5252384021353462,0.5176,DET,CLE,0
20240729_KC@CWS,2024-07-29,CWS,KC,5,8,0.0,0.3194268470742227,0.2996,KC,KC,1
20240729_MIN@NYM,2024-07-29,NYM,MIN,15,2,1.0,0.5292711645288014,0.5224,NYM,NYM,1
20240729_NYY@PHI,2024-07-29,PHI,NYY,4,14,0.0,0.4713130514881376,0.4783,NYY,NYY,1
20240729_PIT@HOU,2024-07-29,HOU,PIT,3,5,0.0,0.5443299721369391,0.5403,HOU,PIT,0
20240729_SEA@BOS,2024-07-29,BOS,SEA,14,7,1.0,0.5676429681609005,0.568,BOS,BOS,1
20240729_TEX@STL,2024-07-29,STL,TEX,3,6,0.0,0.46782269356706147,0.4742,TEX,TEX,1
20240729_TOR@BAL,2024-07-29,BAL,TOR,4,8,0.0,0.5738756245045106,0.5754,BAL,TOR,0
20240729_TOR@BAL_2,2024-07-29,BAL,TOR,11,5,1.0,0.5553579653985765,0.5534,BAL,BAL,1
20240729_WSH@AZ,2024-07-29,AZ,WSH,9,8,1.0,0.5557360017033808,0.5539,AZ,AZ,1
20240728_ATH@LAA,2024-07-28,LAA,ATH,8,6,1.0,0.5090237161409744,0.5,LAA,LAA,1
20240728_ATL@NYM,2024-07-28,NYM,ATL,2,9,0.0,0.529527095599783,0.5184,NYM,ATL,0
20240728_CHC@KC,2024-07-28,KC,CHC,3,7,0.0,0.711969676268882,0.7668,KC,CHC,0
20240728_CIN@TB,2024-07-28,TB,CIN,2,1,1.0,0.32281565687602876,0.2774,CIN,TB,0
20240728_CLE@PHI,2024-07-28,PHI,CLE,3,4,0.0,0.5406190247799799,0.5342,PHI,CLE,0
20240728_COL@SF,2024-07-28,SF,COL,5,4,1.0,0.7037919905983528,0.7566,SF,SF,1
20240728_LAD@HOU,2024-07-28,HOU,LAD,2,6,0.0,0.6154901390289219,0.6396,HOU,LAD,0
20240728_MIA@MIL,2024-07-28,MIL,MIA,6,2,1.0,0.5709890903760315,0.5773,MIL,MIL,1
20240728_MIN@DET,2024-07-28,DET,MIN,0,5,0.0,0.4670375338600028,0.4767,MIN,MIN,1
20240728_NYY@BOS,2024-07-28,BOS,NYY,2,8,0.0,0.5382323936817907,0.5308,BOS,NYY,0
20240728_PIT@AZ,2024-07-28,AZ,PIT,5,6,0.0,0.6576188564063862,0.6968,AZ,PIT,0
20240728_SD@BAL,2024-07-28,BAL,SD,8,6,1.0,0.45731752718953833,0.4629,SD,BAL,0
20240728_SEA@CWS,2024-07-28,CWS,SEA,3,6,0.0,0.3267461710944766,0.2825,SEA,SEA,1
20240728_TEX@TOR,2024-07-28,TOR,TEX,7,3,1.0,0.5830025584828862,0.5942,TOR,TOR,1
20240728_WSH@STL,2024-07-28,STL,WSH,4,3,1.0,0.6053821688508929,0.6256,STL,STL,1
20240727_ATH@LAA,2024-07-27,LAA,ATH,1,3,0.0,0.45995654804136443,0.4666,ATH,ATH,1
20240727_ATL@NYM,2024-07-27,NYM,ATL,0,4,0.0,0.48279776376416167,0.4991,ATL,ATL,1
20240727_CHC@KC,2024-07-27,KC,CHC,4,9,0.0,0.5803110311946433,0.5904,KC,CHC,0
20240727_CIN@TB,2024-07-27,TB,CIN,4,0,1.0,0.46520582864321786,0.4741,CIN,TB,0
20240727_CLE@PHI,2024-07-27,PHI,CLE,8,0,1.0,0.5965768114689056,0.6133,PHI,PHI,1
20240727_COL@SF,2024-07-27,SF,COL,4,1,1.0,0.6347400959105043,0.666,SF,SF,1
20240727_COL@SF_2,2024-07-27,SF,COL,5,0,1.0,0.7368355063149306,0.7969,SF,SF,1
20240727_LAD@HOU,2024-07-27,HOU,LAD,7,6,1.0,0.534721659528968,0.5258,HOU,HOU,1
20240727_MIA@MIL,2024-07-27,MIL,MIA,3,7,0.0,0.4387934089306721,0.4366,MIA,MIA,1
20240727_MIN@DET,2024-07-27,DET,MIN,7,2,1.0,0.31115610489116174,0.2624,MIN,DET,0
20240727_NYY@BOS,2024-07-27,BOS,NYY,8,11,0.0,0.42397237630426615,0.4156,NYY,NYY,1
20240727_PIT@AZ,2024-07-27,AZ,PIT,9,5,1.0,0.5626070116811477,0.5654,AZ,AZ,1
20240727_SD@BAL,2024-07-27,BAL,SD,4,9,0.0,0.43163278803551225,0.4264,SD,SD,1
20240727_SEA@CWS,2024-07-27,CWS,SEA,3,6,0.0,0.41599947140092786,0.4044,SEA,SEA,1
20240727_TEX@TOR,2024-07-27,TOR,TEX,7,3,1.0,0.5053620197856257,0.5,TOR,TOR,1
20240727_WSH@STL,2024-07-27,STL,WSH,3,14,0.0,0.5694807847102061,0.5752,STL,WSH,0
20240726_ATH@LAA,2024-07-26,LAA,ATH,4,5,0.0,0.4416024892910377,0.4405,ATH,ATH,1
20240726_ATL@NYM,2024-07-26,NYM,ATL,8,4,1.0,0.4708193461416282,0.4821,ATL,NYM,0
20240726_CHC@KC,2024-07-26,KC,CHC,6,0,1.0,0.6440896377258075,0.6787,KC,KC,1
20240726_CIN@TB,2024-07-26,TB,CIN,2,3,0.0,0.4881538156919796,0.5,CIN,CIN,1
20240726_CLE@PHI,2024-07-26,PHI,CLE,1,3,0.0,0.602565096501318,0.6216,PHI,CLE,0
20240726_COL@SF,2024-07-26,SF,COL,11,4,1.0,0.5719720022039072,0.5787,SF,SF,1
20240726_LAD@HOU,2024-07-26,HOU,LAD,5,0,1.0,0.5963667622363023,0.613,HOU,HOU,1
20240726_MIA@MIL,2024-07-26,MIL,MIA,2,6,0.0,0.6558953776786411,0.6945,MIL,MIA,0
20240726_MIN@DET,2024-07-26,DET,MIN,3,9,0.0,0.4452823783674827,0.4458,MIN,MIN,1
20240726_NYY@BOS,2024-07-26,BOS,NYY,9,7,1.0,0.47135959689730667,0.4828,NYY,BOS,0
20240726_PIT@AZ,2024-07-26,AZ,PIT,4,3,1.0,0.6077955122849146,0.6289,AZ,AZ,1
20240726_SD@BAL,2024-07-26,BAL,SD,4,6,0.0,0.609030964488265,0.6306,BAL,SD,0
20240726_SEA@CWS,2024-07-26,CWS,SEA,0,10,0.0,0.441828905284658,0.4409,SEA,SEA,1
20240726_TEX@TOR,2024-07-26,TOR,TEX,6,5,1.0,0.5106521751087789,0.5,TOR,TOR,1
20240726_WSH@STL,2024-07-26,STL,WSH,8,10,0.0,0.49548138205800324,0.5,WSH,WSH,1
20240725_ATH@LAA,2024-07-25,LAA,ATH,5,6,0.0,0.4854996817410295,0.5,ATH,ATH,1
20240725_ATL@NYM,2024-07-25,NYM,ATL,3,2,1.0,0.48151407213319036,0.4973,ATL,NYM,0
20240725_BAL@MIA,2024-07-25,MIA,BAL,6,7,0.0,0.2626965089549289,0.2025,BAL,BAL,1
20240725_CWS@TEX,2024-07-25,TEX,CWS,2,1,1.0,0.5550991325731859,0.5548,TEX,TEX,1
20240725_DET@CLE,2024-07-25,CLE,DET,0,3,0.0,0.5376797683872563,0.53,CLE,DET,0
20240725_SD@WSH,2024-07-25,WSH,SD,0,3,0.0,0.5650153932460235,0.5688,WSH,SD,0
20240725_SF@LAD,2024-07-25,LAD,SF,6,4,1.0,0.48587463096491923,0.5,SF,LAD,0
20240725_TB@TOR,2024-07-25,TOR,TB,0,13,0.0,0.37216958900572905,0.3434,TB,TB,1
20240724_AZ@KC,2024-07-24,KC,AZ,6,8,0.0,0.541168829682214,0.535,KC,AZ,0
20240724_BAL@MIA,2024-07-24,MIA,BAL,6,3,1.0,0.3005583854910568,0.2489,BAL,MIA,0
20240724_BOS@COL,2024-07-24,COL,BOS,20,7,1.0,0.45755958426750964,0.4632,BOS,COL,0
20240724_CIN@ATL,2024-07-24,ATL,CIN,4,9,0.0,0.3829593843908655,0.3583,CIN,CIN,1
20240724_CWS@TEX,2024-07-24,TEX,CWS,10,2,1.0,0.5897732680447889,0.6038,TEX,TEX,1
20240724_DET@CLE,2024-07-24,CLE,DET,2,1,1.0,0.5763703131997817,0.5849,CLE,CLE,1
20240724_HOU@ATH,2024-07-24,ATH,HOU,1,8,0.0,0.48245488706065776,0.4986,HOU,HOU,1
20240724_LAA@SEA,2024-07-24,SEA,LAA,1,2,0.0,0.5195801982697126,0.5043,SEA,LAA,0
20240724_MIL@CHC,2024-07-24,CHC,MIL,2,3,0.0,0.5193297431955008,0.5039,CHC,MIL,0
20240724_NYM@NYY,2024-07-24,NYY,NYM,3,12,0.0,0.6015988026358249,0.6203,NYY,NYM,0
20240724_PHI@MIN,2024-07-24,MIN,PHI,5,4,1.0,0.5842171954802065,0.5959,MIN,MIN,1
20240724_SD@WSH,2024-07-24,WSH,SD,3,12,0.0,0.5061954985942039,0.5,WSH,SD,0
20240724_SF@LAD,2024-07-24,LAD,SF,3,8,0.0,0.6178553576593855,0.6429,LAD,SF,0
20240724_STL@PIT,2024-07-24,PIT,STL,5,0,1.0,0.40832605778176273,0.3936,STL,PIT,0
20240724_TB@TOR,2024-07-24,TOR,TB,6,3,1.0,0.5677971767713704,0.5728,TOR,TOR,1
20240723_AZ@KC,2024-07-23,KC,AZ,2,6,0.0,0.4623427516440826,0.47,AZ,AZ,1
20240723_BAL@MIA,2024-07-23,MIA,BAL,6,3,1.0,0.41440082867857253,0.4021,BAL,MIA,0
20240723_BOS@COL,2024-07-23,COL,BOS,0,6,0.0,0.4211731959423368,0.4116,BOS,BOS,1
20240723_CWS@TEX,2024-07-23,TEX,CWS,3,2,1.0,0.6947956272066297,0.7452,TEX,TEX,1
20240723_DET@CLE,2024-07-23,CLE,DET,5,4,1.0,0.6272321242739005,0.6558,CLE,CLE,1
20240723_HOU@ATH,2024-07-23,ATH,HOU,8,2,1.0,0.5796755302860036,0.5896,ATH,ATH,1
20240723_LAA@SEA,2024-07-23,SEA,LAA,1,5,0.0,0.5687684059451638,0.5742,SEA,LAA,0
20240723_MIL@CHC,2024-07-23,CHC,MIL,0,1,0.0,0.4027195820624017,0.3857,MIL,MIL,1
20240723_NYM@NYY,2024-07-23,NYY,NYM,2,3,0.0,0.6411233388338986,0.6747,NYY,NYM,0
20240723_PHI@MIN,2024-07-23,MIN,PHI,0,3,0.0,0.49973597924108226,0.5,PHI,PHI,1
20240723_SD@WSH,2024-07-23,WSH,SD,0,4,0.0,0.6514999212739511,0.6887,WSH,SD,0
20240723_SF@LAD,2024-07-23,LAD,SF,5,2,1.0,0.6920908042837833,0.7418,LAD,LAD,1
20240723_STL@PIT,2024-07-23,PIT,STL,1,2,0.0,0.40981194614690336,0.3957,STL,STL,1
20240723_TB@TOR,2024-07-23,TOR,TB,2,4,0.0,0.4909643184830728,0.5,TB,TB,1
20240722_AZ@KC,2024-07-22,KC,AZ,10,4,1.0,0.60499964338112,0.625,KC,KC,1
20240722_BOS@COL,2024-07-22,COL,BOS,9,8,1.0,0.28041608528475165,0.2239,BOS,COL,0
20240722_CIN@ATL,2024-07-22,ATL,CIN,1,4,0.0,0.43461581228503376,0.4306,CIN,CIN,1
20240722_CWS@TEX,2024-07-22,TEX,CWS,4,3,1.0,0.7406147459074532,0.8014,TEX,TEX,1
20240722_DET@CLE,2024-07-22,CLE,DET,2,8,0.0,0.561455300369551,0.5638,CLE,DET,0
20240722_HOU@ATH,2024-07-22,ATH,HOU,4,0,1.0,0.5894049654715323,0.6032,ATH,ATH,1
20240722_LAA@SEA,2024-07-22,SEA,LAA,1,3,0.0,0.5036247416581928,0.5,SEA,LAA,0
20240722_MIL@CHC,2024-07-22,CHC,MIL,3,1,1.0,0.4901852683231594,0.5,MIL,CHC,0
20240722_NYM@MIA,2024-07-22,MIA,NYM,4,6,0.0,0.37145024701003304,0.3424,NYM,NYM,1
20240722_PHI@MIN,2024-07-22,MIN,PHI,7,2,1.0,0.5486254237594679,0.5456,MIN,MIN,1
20240722_SF@LAD,2024-07-22,LAD,SF,3,2,1.0,0.543619904075017,0.5385,LAD,LAD,1
20240722_STL@PIT,2024-07-22,PIT,STL,2,1,1.0,0.4499397507135602,0.4524,STL,PIT,0
20240722_TB@NYY,2024-07-22,NYY,TB,9,1,1.0,0.5720425488340924,0.5788,NYY,NYY,1
20240721_AZ@CHC,2024-07-21,CHC,AZ,2,1,1.0,0.5038071076630549,0.5,CHC,CHC,1
20240721_BAL@TEX,2024-07-21,TEX,BAL,3,2,1.0,0.526255617436672,0.513,TEX,TEX,1
20240721_BOS@LAD,2024-07-21,LAD,BOS,9,6,1.0,0.5300434496707166,0.5183,LAD,LAD,1
20240721_CIN@WSH,2024-07-21,WSH,CIN,5,2,1.0,0.5047993307039949,0.5,WSH,WSH,1
20240721_CWS@KC,2024-07-21,KC,CWS,4,1,1.0,0.6132552257336881,0.6342,KC,KC,1
20240721_DET@TOR,2024-07-21,TOR,DET,5,4,1.0,0.5175220755618142,0.5008,TOR,TOR,1
20240721_HOU@SEA,2024-07-21,SEA,HOU,6,4,1.0,0.5189258406403279,0.5027,SEA,SEA,1
20240721_LAA@ATH,2024-07-21,ATH,LAA,5,8,0.0,0.5282161439100924,0.5158,ATH,LAA,0
20240721_MIL@MIN,2024-07-21,MIN,MIL,7,8,0.0,0.5210981669838078,0.5058,MIN,MIL,0
20240721_NYM@MIA,2024-07-21,MIA,NYM,4,2,1.0,0.47559070624264194,0.4896,NYM,MIA,0
20240721_PHI@PIT,2024-07-21,PIT,PHI,0,6,0.0,0.5086648453189085,0.5,PIT,PHI,0
20240721_SD@CLE,2024-07-21,CLE,SD,1,2,0.0,0.564326109350025,0.5664,CLE,SD,0
20240721_SF@COL,2024-07-21,COL,SF,2,3,0.0,0.5034954073083683,0.5,COL,SF,0
20240721_STL@ATL,2024-07-21,ATL,STL,2,6,0.0,0.5458850736798819,0.5406,ATL,STL,0
20240721_TB@NYY,2024-07-21,NYY,TB,4,6,0.0,0.5287258384587379,0.5165,NYY,TB,0
20240720_AZ@CHC,2024-07-20,CHC,AZ,0,3,0.0,0.5100688313483003,0.5,CHC,AZ,0
20240720_BAL@TEX,2024-07-20,TEX,BAL,4,8,0.0,0.49346187727532886,0.5,BAL,BAL,1
20240720_BOS@LAD,2024-07-20,LAD,BOS,7,6,1.0,0.5173271023368584,0.5005,LAD,LAD,1
20240720_CIN@WSH,2024-07-20,WSH,CIN,5,4,1.0,0.5052244377025912,0.5,WSH,WSH,1
20240720_CWS@KC,2024-07-20,KC,CWS,6,1,1.0,0.6121277606887315,0.6327,KC,KC,1
20240720_DET@TOR,2024-07-20,TOR,DET,3,7,0.0,0.5184506963157286,0.5021,TOR,DET,0
20240720_HOU@SEA,2024-07-20,SEA,HOU,2,4,0.0,0.5251562179332755,0.5115,SEA,HOU,0
20240720_LAA@ATH,2024-07-20,ATH,LAA,8,2,1.0,0.5399819010974436,0.5323,ATH,ATH,1
20240720_MIL@MIN,2024-07-20,MIN,MIL,4,8,0.0,0.5097908155418875,0.5,MIN,MIL,0
20240720_NYM@MIA,2024-07-20,MIA,NYM,0,1,0.0,0.4510551369684944,0.4551,NYM,NYM,1
20240720_PHI@PIT,2024-07-20,PIT,PHI,4,1,1.0,0.5051540712908718,0.5,PIT,PIT,1
20240720_SD@CLE,2024-07-20,CLE,SD,0,7,0.0,0.5627231881016161,0.5642,CLE,SD,0
20240720_SF@COL,2024-07-20,COL,SF,4,3,1.0,0.517857031560844,0.5012,COL,COL,1
20240720_STL@ATL,2024-07-20,ATL,STL,5,9,0.0,0.5468708142220732,0.5419,ATL,STL,0
20240720_STL@ATL_2,2024-07-20,ATL,STL,3,2,1.0,0.5414270242204972,0.5343,ATL,ATL,1
20240720_TB@NYY,2024-07-20,NYY,TB,1,9,0.0,0.5193910974788729,0.5034,NYY,TB,0
20240719_AZ@CHC,2024-07-19,CHC,AZ,2,5,0.0,0.5197934163702917,0.5039,CHC,AZ,0
20240719_BAL@TEX,2024-07-19,TEX,BAL,1,9,0.0,0.5078693163853716,0.5,TEX,BAL,0
20240719_BOS@LAD,2024-07-19,LAD,BOS,4,1,1.0,0.5114687726249675,0.5,LAD,LAD,1
20240719_CIN@WSH,2024-07-19,WSH,CIN,8,5,1.0,0.4769005571415012,0.4914,CIN,WSH,0
20240719_CWS@KC,2024-07-19,KC,CWS,7,1,1.0,0.6050264947395454,0.6229,KC,KC,1
20240719_DET@TOR,2024-07-19,TOR,DET,4,5,0.0,0.5365430767453806,0.5274,TOR,DET,0
20240719_HOU@SEA,2024-07-19,SEA,HOU,0,3,0.0,0.5266360961206166,0.5135,SEA,HOU,0
20240719_LAA@ATH,2024-07-19,ATH,LAA,13,3,1.0,0.5545052945679033,0.5526,ATH,ATH,1
20240719_NYM@MIA,2024-07-19,MIA,NYM,6,4,1.0,0.45886828423780324,0.4661,NYM,MIA,0
20240719_PHI@PIT,2024-07-19,PIT,PHI,8,7,1.0,0.5218165925307482,0.5068,PIT,PIT,1
20240719_SD@CLE,2024-07-19,CLE,SD,7,0,1.0,0.5784156785200237,0.5861,CLE,CLE,1
20240719_SF@COL,2024-07-19,COL,SF,7,3,1.0,0.5146794076075092,0.5,COL,COL,1
20240719_TB@NYY,2024-07-19,NYY,TB,6,1,1.0,0.5527160400876834,0.5501,NYY,NYY,1
20240714_ATH@PHI,2024-07-14,PHI,ATH,3,18,0.0,0.5802766297935916,0.5887,PHI,ATH,0
20240714_ATL@SD,2024-07-14,SD,ATL,3,6,0.0,0.5345406560774916,0.5246,SD,ATL,0
20240714_CHC@STL,2024-07-14,STL,CHC,3,8,0.0,0.5445024104034184,0.5386,STL,CHC,0
20240714_CLE@TB,2024-07-14,TB,CLE,2,0,1.0,0.5237232015343168,0.5095,TB,TB,1
20240714_COL@NYM,2024-07-14,NYM,COL,5,8,0.0,0.5542559143064306,0.5523,NYM,COL,0
20240714_KC@BOS,2024-07-14,BOS,KC,5,4,1.0,0.5220193210168205,0.5071,BOS,BOS,1
20240714_LAD@DET,2024-07-14,DET,LAD,4,3,1.0,0.5040045848182965,0.5,DET,DET,1
20240714_MIA@CIN,2024-07-14,CIN,MIA,2,3,0.0,0.602620523167896,0.6196,CIN,MIA,0
20240714_MIN@SF,2024-07-14,SF,MIN,3,2,1.0,0.5148787363028208,0.5,SF,SF,1
20240714_NYY@BAL,2024-07-14,BAL,NYY,6,5,1.0,0.5215504576812674,0.5064,BAL,BAL,1
20240714_PIT@CWS,2024-07-14,CWS,PIT,4,9,0.0,0.5087662315407945,0.5,CWS,PIT,0
20240714_SEA@LAA,2024-07-14,LAA,SEA,3,2,1.0,0.5169059051904731,0.5,LAA,LAA,1
20240714_TEX@HOU,2024-07-14,HOU,TEX,2,4,0.0,0.566954972969041,0.5701,HOU,TEX,0
20240714_TOR@AZ,2024-07-14,AZ,TOR,7,8,0.0,0.5193295429330499,0.5033,AZ,TOR,0
20240714_WSH@MIL,2024-07-14,MIL,WSH,9,3,1.0,0.5448672405000935,0.5391,MIL,MIL,1
20240713_ATH@PHI,2024-07-13,PHI,ATH,11,5,1.0,0.5678588214238515,0.5713,PHI,PHI,1
20240713_ATL@SD,2024-07-13,SD,ATL,4,0,1.0,0.531648674521159,0.5206,SD,SD,1
20240713_CHC@STL,2024-07-13,STL,CHC,5,4,1.0,0.5420469881391445,0.5352,STL,STL,1
20240713_CHC@STL_2,2024-07-13,STL,CHC,11,3,1.0,0.5593028973709572,0.5594,STL,STL,1
20240713_CLE@TB,2024-07-13,TB,CLE,2,4,0.0,0.4868895094329798,0.5,CLE,CLE,1
20240713_COL@NYM,2024-07-13,NYM,COL,7,3,1.0,0.5715303000035127,0.5765,NYM,NYM,1
20240713_KC@BOS,2024-07-13,BOS,KC,5,0,1.0,0.5080064854656001,0.5,BOS,BOS,1
20240713_LAD@DET,2024-07-13,DET,LAD,11,9,1.0,0.5130466636226373,0.5,DET,DET,1
20240713_MIA@CIN,2024-07-13,CIN,MIA,10,6,1.0,0.6005831897835795,0.6168,CIN,CIN,1
20240713_MIN@SF,2024-07-13,SF,MIN,2,4,0.0,0.5189539509795824,0.5028,SF,MIN,0
20240713_NYY@BAL,2024-07-13,BAL,NYY,1,6,0.0,0.5366573277415582,0.5276,BAL,NYY,0
20240713_PIT@CWS,2024-07-13,CWS,PIT,2,6,0.0,0.5318039431821725,0.5208,CWS,PIT,0
20240713_SEA@LAA,2024-07-13,LAA,SEA,2,1,1.0,0.5291274331338925,0.517,LAA,LAA,1
20240713_TEX@HOU,2024-07-13,HOU,TEX,1,2,0.0,0.5395109419511585,0.5316,HOU,TEX,0
20240713_TOR@AZ,2024-07-13,AZ,TOR,12,1,1.0,0.5187738548055906,0.5025,AZ,AZ,1
20240713_WSH@MIL,2024-07-13,MIL,WSH,5,6,0.0,0.5235357363073427,0.5092,MIL,WSH,0
20240712_ATH@PHI,2024-07-12,PHI,ATH,2,6,0.0,0.575758094348965,0.5824,PHI,ATH,0
20240712_ATL@SD,2024-07-12,SD,ATL,1,6,0.0,0.5288136201719186,0.5166,SD,ATL,0
20240712_CHC@STL,2024-07-12,STL,CHC,1,5,0.0,0.551079290981373,0.5478,STL,CHC,0
20240712_CLE@TB,2024-07-12,TB,CLE,2,0,1.0,0.5238342045776297,0.5096,TB,TB,1
20240712_COL@NYM,2024-07-12,NYM,COL,7,6,1.0,0.569838714335792,0.5741,NYM,NYM,1
20240712_KC@BOS,2024-07-12,BOS,KC,1,6,0.0,0.5417930094032828,0.5348,BOS,KC,0
20240712_LAD@DET,2024-07-12,DET,LAD,3,4,0.0,0.4888557593063655,0.5,LAD,LAD,1
20240712_MIA@CIN,2024-07-12,CIN,MIA,7,4,1.0,0.6068535045651033,0.6255,CIN,CIN,1
20240712_MIN@SF,2024-07-12,SF,MIN,7,1,1.0,0.4911427455126837,0.5,MIN,SF,0
20240712_NYY@BAL,2024-07-12,BAL,NYY,1,4,0.0,0.5003621142908865,0.5,BAL,NYY,0
20240712_PIT@CWS,2024-07-12,CWS,PIT,1,4,0.0,0.5319931023167023,0.5211,CWS,PIT,0
20240712_SEA@LAA,2024-07-12,LAA,SEA,6,5,1.0,0.5356330194742972,0.5262,LAA,LAA,1
20240712_TEX@HOU,2024-07-12,HOU,TEX,6,3,1.0,0.5609036736514273,0.5616,HOU,HOU,1
20240712_TOR@AZ,2024-07-12,AZ,TOR,5,4,1.0,0.5185739303751851,0.5022,AZ,AZ,1
20240712_WSH@MIL,2024-07-12,MIL,WSH,2,5,0.0,0.568526754564625,0.5723,MIL,WSH,0
20240711_ATH@BOS,2024-07-11,BOS,ATH,7,0,1.0,0.5439414147623826,0.5378,BOS,BOS,1
20240711_ATL@AZ,2024-07-11,AZ,ATL,1,0,1.0,0.5217934662715153,0.5067,AZ,AZ,1
20240711_CHC@BAL,2024-07-11,BAL,CHC,0,8,0.0,0.5580982077685624,0.5577,BAL,CHC,0
20240711_CLE@DET,2024-07-11,DET,CLE,10,1,1.0,0.5338466709582534,0.5237,DET,DET,1
20240711_COL@CIN,2024-07-11,CIN,COL,8,1,1.0,0.5771272038175317,0.5843,CIN,CIN,1
20240711_LAD@PHI,2024-07-11,PHI,LAD,5,1,1.0,0.5381251035957444,0.5297,PHI,PHI,1
20240711_MIA@HOU,2024-07-11,HOU,MIA,6,3,1.0,0.5924892034262794,0.6056,HOU,HOU,1
20240711_NYY@TB,2024-07-11,TB,NYY,5,4,1.0,0.49735962530669603,0.5,NYY,TB,0
20240711_PIT@MIL,2024-07-11,MIL,PIT,0,1,0.0,0.521240594855278,0.506,MIL,PIT,0
20240711_SEA@LAA,2024-07-11,LAA,SEA,0,11,0.0,0.5198259691366328,0.504,LAA,SEA,0
20240711_TOR@SF,2024-07-11,SF,TOR,3,5,0.0,0.5211254992818791,0.5058,SF,TOR,0
20240711_WSH@NYM,2024-07-11,NYM,WSH,7,0,1.0,0.5474469377562119,0.5427,NYM,NYM,1
20240710_ATH@BOS,2024-07-10,BOS,ATH,2,5,0.0,0.6108986707271056,0.6379,BOS,ATH,0
20240710_ATL@AZ,2024-07-10,AZ,ATL,7,5,1.0,0.4535638828149807,0.4499,ATL,AZ,0
20240710_CHC@BAL,2024-07-10,BAL,CHC,0,4,0.0,0.6041590510133017,0.6289,BAL,CHC,0
20240710_CLE@DET,2024-07-10,DET,CLE,5,4,1.0,0.5352699494435651,0.5347,DET,DET,1
20240710_COL@CIN,2024-07-10,CIN,COL,5,6,0.0,0.538037221059469,0.5385,CIN,COL,0
20240710_KC@STL,2024-07-10,STL,KC,5,8,0.0,0.5658623235079753,0.5768,STL,KC,0
20240710_KC@STL_2,2024-07-10,STL,KC,4,6,0.0,0.5396030586421436,0.5407,STL,KC,0
20240710_LAD@PHI,2024-07-10,PHI,LAD,4,3,1.0,0.5873901969328684,0.6062,PHI,PHI,1
20240710_MIA@HOU,2024-07-10,HOU,MIA,9,1,1.0,0.6155577343262393,0.6442,HOU,HOU,1
20240710_MIN@CWS,2024-07-10,CWS,MIN,3,1,1.0,0.46571784498705043,0.4666,MIN,CWS,0
20240710_MIN@CWS_2,2024-07-10,CWS,MIN,2,3,0.0,0.4537080567149336,0.4501,MIN,MIN,1
20240710_NYY@TB,2024-07-10,TB,NYY,1,2,0.0,0.47264831051663325,0.4762,NYY,NYY,1
20240710_PIT@MIL,2024-07-10,MIL,PIT,9,0,1.0,0.5679557470814292,0.5797,MIL,MIL,1
20240710_SEA@SD,2024-07-10,SD,SEA,0,2,0.0,0.5700456134183167,0.5825,SD,SEA,0
20240710_TEX@LAA,2024-07-10,LAA,TEX,7,2,1.0,0.4896080813522072,0.4996,TEX,LAA,0
20240710_TOR@SF,2024-07-10,SF,TOR,6,10,0.0,0.6352014175762806,0.6702,SF,TOR,0
20240710_WSH@NYM,2024-07-10,NYM,WSH,6,2,1.0,0.5975978224994478,0.62,NYM,NYM,1
20240709_ATH@BOS,2024-07-09,BOS,ATH,12,9,1.0,0.6306377925550365,0.6642,BOS,BOS,1
20240709_ATL@AZ,2024-07-09,AZ,ATL,2,6,0.0,0.5353560378743834,0.5348,AZ,ATL,0
20240709_CHC@BAL,2024-07-09,BAL,CHC,2,9,0.0,0.6272702505145676,0.6597,BAL,CHC,0
20240709_CLE@DET,2024-07-09,DET,CLE,8,9,0.0,0.46221486831438857,0.4618,CLE,CLE,1
20240709_COL@CIN,2024-07-09,CIN,COL,12,6,1.0,0.5872955649163436,0.6061,CIN,CIN,1
20240709_LAD@PHI,2024-07-09,PHI,LAD,10,1,1.0,0.5820691477685045,0.599,PHI,PHI,1
20240709_MIA@HOU,2024-07-09,HOU,MIA,4,3,1.0,0.6768572851738344,0.7239,HOU,HOU,1
20240709_NYY@TB,2024-07-09,TB,NYY,5,3,1.0,0.47699969668979075,0.4822,NYY,TB,0
20240709_PIT@MIL,2024-07-09,MIL,PIT,2,12,0.0,0.5928994072504159,0.6137,MIL,PIT,0
20240709_SEA@SD,2024-07-09,SD,SEA,3,8,0.0,0.5275250628377715,0.524,SD,SEA,0
20240709_TEX@LAA,2024-07-09,LAA,TEX,4,5,0.0,0.4597635029283427,0.4584,TEX,TEX,1
20240709_TOR@SF,2024-07-09,SF,TOR,4,3,1.0,0.5331772390826183,0.5318,SF,SF,1
20240709_WSH@NYM,2024-07-09,NYM,WSH,7,5,1.0,0.541831094516503,0.5438,NYM,NYM,1
20240708_ATL@AZ,2024-07-08,AZ,ATL,4,5,0.0,0.5555645574736715,0.5627,AZ,ATL,0
20240708_CLE@DET,2024-07-08,DET,CLE,1,0,1.0,0.45469532766772147,0.4515,CLE,DET,0
20240708_COL@CIN,2024-07-08,CIN,COL,6,0,1.0,0.5892574033506588,0.6087,CIN,CIN,1
20240708_MIN@CWS,2024-07-08,CWS,MIN,6,8,0.0,0.41298627665243615,0.3943,MIN,MIN,1
20240708_NYM@PIT,2024-07-08,PIT,NYM,8,2,1.0,0.5307349307469886,0.5285,PIT,PIT,1
20240708_STL@WSH,2024-07-08,WSH,STL,0,6,0.0,0.5079660145902537,0.5,WSH,STL,0
20240708_TEX@LAA,2024-07-08,LAA,TEX,4,9,0.0,0.5659528721825221,0.5769,LAA,TEX,0
20240707_AZ@SD,2024-07-07,SD,AZ,1,9,0.0,0.5778673246167849,0.5932,SD,AZ,0
20240707_BAL@ATH,2024-07-07,ATH,BAL,3,6,0.0,0.45306366980896395,0.4492,BAL,BAL,1
20240707_BOS@NYY,2024-07-07,NYY,BOS,0,3,0.0,0.5721760169540943,0.5854,NYY,BOS,0
20240707_CWS@MIA,2024-07-07,MIA,CWS,7,4,1.0,0.5678637402618106,0.5795,MIA,MIA,1
20240707_DET@CIN,2024-07-07,CIN,DET,1,5,0.0,0.533283454899063,0.532,CIN,DET,0
20240707_HOU@MIN,2024-07-07,MIN,HOU,3,2,1.0,0.5560790380879758,0.5634,MIN,MIN,1
20240707_KC@COL,2024-07-07,COL,KC,1,10,0.0,0.465102437995894,0.4658,KC,KC,1
20240707_LAA@CHC,2024-07-07,CHC,LAA,5,0,1.0,0.5747234507465879,0.5889,CHC,CHC,1
20240707_MIL@LAD,2024-07-07,LAD,MIL,2,9,0.0,0.5850267822910907,0.603,LAD,MIL,0
20240707_NYM@PIT,2024-07-07,PIT,NYM,2,3,0.0,0.5006583336327465,0.5,PIT,NYM,0
20240707_PHI@ATL,2024-07-07,ATL,PHI,6,0,1.0,0.4420112683044722,0.434,PHI,ATL,0
20240707_SF@CLE,2024-07-07,CLE,SF,5,4,1.0,0.5846937861535144,0.6025,CLE,CLE,1
20240707_STL@WSH,2024-07-07,WSH,STL,3,8,0.0,0.49536907558635446,0.5,STL,STL,1
20240707_TB@TEX,2024-07-07,TEX,TB,13,2,1.0,0.5354141901892093,0.5349,TEX,TEX,1
20240707_TOR@SEA,2024-07-07,SEA,TOR,4,5,0.0,0.5970640108929016,0.6193,SEA,TOR,0
20240706_AZ@SD,2024-07-06,SD,AZ,5,7,0.0,0.5313707802712566,0.5293,SD,AZ,0
20240706_BAL@ATH,2024-07-06,ATH,BAL,19,8,1.0,0.5366768392516204,0.5367,ATH,ATH,1
20240706_BOS@NYY,2024-07-06,NYY,BOS,14,4,1.0,0.5510783326470247,0.5565,NYY,NYY,1
20240706_CWS@MIA,2024-07-06,MIA,CWS,4,3,1.0,0.5225739753186316,0.5172,MIA,MIA,1
20240706_DET@CIN,2024-07-06,CIN,DET,3,5,0.0,0.5511884307775118,0.5567,CIN,DET,0
20240706_HOU@MIN,2024-07-06,MIN,HOU,9,3,1.0,0.5217271849804103,0.516,MIN,MIN,1
20240706_KC@COL,2024-07-06,COL,KC,3,1,1.0,0.506757588192932,0.5,COL,COL,1
20240706_LAA@CHC,2024-07-06,CHC,LAA,0,7,0.0,0.6023143990968526,0.6264,CHC,LAA,0
20240706_MIL@LAD,2024-07-06,LAD,MIL,5,3,1.0,0.5420424984256849,0.5441,LAD,LAD,1
20240706_NYM@PIT,2024-07-06,PIT,NYM,2,5,0.0,0.4661576145501655,0.4673,NYM,NYM,1
20240706_PHI@ATL,2024-07-06,ATL,PHI,5,1,1.0,0.5840094731536466,0.6016,ATL,ATL,1
20240706_SF@CLE,2024-07-06,CLE,SF,5,4,1.0,0.582628987494758,0.5997,CLE,CLE,1
20240706_STL@WSH,2024-07-06,WSH,STL,14,6,1.0,0.5081514535084038,0.5,WSH,WSH,1
20240706_TB@TEX,2024-07-06,TEX,TB,4,3,1.0,0.4760772656463549,0.4809,TB,TEX,0
20240706_TOR@SEA,2024-07-06,SEA,TOR,4,5,0.0,0.5882134318567007,0.6073,SEA,TOR,0
20240705_AZ@SD,2024-07-05,SD,AZ,10,8,1.0,0.5838394412563723,0.6014,SD,SD,1
20240705_BAL@ATH,2024-07-05,ATH,BAL,2,3,0.0,0.4625843805220192,0.4623,BAL,BAL,1
20240705_BOS@NYY,2024-07-05,NYY,BOS,3,5,0.0,0.521170455706429,0.5153,NYY,BOS,0
20240705_CWS@MIA,2024-07-05,MIA,CWS,2,3,0.0,0.590622158937102,0.6106,MIA,CWS,0
20240705_DET@CIN,2024-07-05,CIN,DET,4,5,0.0,0.5541604872719502,0.5607,CIN,DET,0
20240705_HOU@MIN,2024-07-05,MIN,HOU,12,13,0.0,0.5395126623249575,0.5406,MIN,HOU,0
20240705_KC@COL,2024-07-05,COL,KC,4,2,1.0,0.48165062430034017,0.4886,KC,COL,0
20240705_LAA@CHC,2024-07-05,CHC,LAA,5,1,1.0,0.6100654645996606,0.6368,CHC,CHC,1
20240705_MIL@LAD,2024-07-05,LAD,MIL,8,5,1.0,0.5879775962059247,0.607,LAD,LAD,1
20240705_NYM@PIT,2024-07-05,PIT,NYM,14,2,1.0,0.4908192495018278,0.5,NYM,PIT,0
20240705_PHI@ATL,2024-07-05,ATL,PHI,6,8,0.0,0.5577783999692646,0.5657,ATL,PHI,0
20240705_SF@CLE,2024-07-05,CLE,SF,2,4,0.0,0.5788773487224821,0.5946,CLE,SF,0
20240705_STL@WSH,2024-07-05,WSH,STL,6,7,0.0,0.43461825633209233,0.4239,STL,STL,1
20240705_TB@TEX,2024-07-05,TEX,TB,3,0,1.0,0.4769923036557327,0.4822,TB,TEX,0
20240705_TOR@SEA,2024-07-05,SEA,TOR,2,1,1.0,0.5796115986484812,0.5956,SEA,SEA,1
20240704_AZ@LAD,2024-07-04,LAD,AZ,3,9,0.0,0.5393141703773627,0.5403,LAD,AZ,0
20240704_BAL@SEA,2024-07-04,SEA,BAL,7,3,1.0,0.4468968490681149,0.4407,BAL,SEA,0
20240704_BOS@MIA,2024-07-04,MIA,BOS,5,6,0.0,0.41561565747988927,0.3979,BOS,BOS,1
20240704_CIN@NYY,2024-07-04,NYY,CIN,4,8,0.0,0.5147079753876768,0.5063,NYY,CIN,0
20240704_CWS@CLE,2024-07-04,CLE,CWS,8,4,1.0,0.6597883749886291,0.7022,CLE,CLE,1
20240704_DET@MIN,2024-07-04,MIN,DET,12,3,1.0,0.5882741169477655,0.6074,MIN,MIN,1
20240704_HOU@TOR,2024-07-04,TOR,HOU,3,5,0.0,0.5258503700203522,0.5217,TOR,HOU,0
20240704_LAA@ATH,2024-07-04,ATH,LAA,5,0,1.0,0.5290990628127847,0.5262,ATH,ATH,1
20240704_MIL@COL,2024-07-04,COL,MIL,4,3,1.0,0.4569094624606459,0.4545,MIL,COL,0
20240704_NYM@WSH,2024-07-04,WSH,NYM,1,0,1.0,0.4904179635135393,0.5,NYM,WSH,0
20240704_PHI@CHC,2024-07-04,CHC,PHI,10,2,1.0,0.4411496517908755,0.4328,PHI,CHC,0
20240704_SD@TEX,2024-07-04,TEX,SD,1,3,0.0,0.5208543793957033,0.5148,TEX,SD,0
20240704_SF@ATL,2024-07-04,ATL,SF,2,4,0.0,0.5589544478214051,0.5673,ATL,SF,0
20240704_STL@PIT,2024-07-04,PIT,STL,2,3,0.0,0.5029362308438567,0.5,PIT,STL,0
20240704_TB@KC,2024-07-04,KC,TB,8,10,0.0,0.5512265314440336,0.5567,KC,TB,0
20240703_AZ@LAD,2024-07-03,LAD,AZ,4,12,0.0,0.5332957059951704,0.5311,LAD,AZ,0
20240703_BAL@SEA,2024-07-03,SEA,BAL,1,4,0.0,0.4981326762679968,0.5,BAL,BAL,1
20240703_BOS@MIA,2024-07-03,MIA,BOS,2,7,0.0,0.4971873393059198,0.5,BOS,BOS,1
20240703_CIN@NYY,2024-07-03,NYY,CIN,2,3,0.0,0.5568298939109794,0.5652,NYY,CIN,0
20240703_CWS@CLE,2024-07-03,CLE,CWS,2,8,0.0,0.5799180944738351,0.5985,CLE,CWS,0
20240703_DET@MIN,2024-07-03,MIN,DET,2,9,0.0,0.5606272799906296,0.5707,MIN,DET,0
20240703_HOU@TOR,2024-07-03,TOR,HOU,2,9,0.0,0.5339941351953295,0.5321,TOR,HOU,0
20240703_LAA@ATH,2024-07-03,ATH,LAA,5,0,1.0,0.5162143380079165,0.5062,ATH,ATH,1
20240703_MIL@COL,2024-07-03,COL,MIL,0,3,0.0,0.47576114875104736,0.4821,MIL,MIL,1
20240703_NYM@WSH,2024-07-03,WSH,NYM,7,5,1.0,0.5052492873302786,0.5,WSH,WSH,1
20240703_PHI@CHC,2024-07-03,CHC,PHI,3,5,0.0,0.5143732189643667,0.5036,CHC,PHI,0
20240703_SD@TEX,2024-07-03,TEX,SD,4,6,0.0,0.5374111379425714,0.5371,TEX,SD,0
20240703_SF@ATL,2024-07-03,ATL,SF,3,1,1.0,0.5580225960632846,0.567,ATL,ATL,1
20240703_STL@PIT,2024-07-03,PIT,STL,5,4,1.0,0.5488214926657841,0.5536,PIT,PIT,1
20240703_TB@KC,2024-07-03,KC,TB,4,2,1.0,0.5485619247354125,0.5533,KC,KC,1
20240702_AZ@LAD,2024-07-02,LAD,AZ,6,5,1.0,0.5603226036043676,0.5703,LAD,LAD,1
20240702_BAL@SEA,2024-07-02,SEA,BAL,0,2,0.0,0.49656554530192876,0.5,BAL,BAL,1
20240702_BOS@MIA,2024-07-02,MIA,BOS,3,8,0.0,0.49699198090141417,0.5,BOS,BOS,1
20240702_CIN@NYY,2024-07-02,NYY,CIN,4,5,0.0,0.5552330134810831,0.5629,NYY,CIN,0
20240702_CWS@CLE,2024-07-02,CLE,CWS,7,6,1.0,0.6034369097492162,0.632,CLE,CLE,1
20240702_DET@MIN,2024-07-02,MIN,DET,5,3,1.0,0.5430729523536051,0.5453,MIN,MIN,1
20240702_HOU@TOR,2024-07-02,TOR,HOU,7,6,1.0,0.535427777367617,0.5342,TOR,TOR,1
20240702_LAA@ATH,2024-07-02,ATH,LAA,7,5,1.0,0.5232620603638377,0.5165,ATH,ATH,1
20240702_MIL@COL,2024-07-02,COL,MIL,3,4,0.0,0.5408099815590856,0.542,COL,MIL,0
20240702_NYM@WSH,2024-07-02,WSH,NYM,2,7,0.0,0.5147261802398022,0.5041,WSH,NYM,0
20240702_PHI@CHC,2024-07-02,CHC,PHI,4,6,0.0,0.5096097743116242,0.5,CHC,PHI,0
20240702_SD@TEX,2024-07-02,TEX,SD,7,0,1.0,0.5121737675110555,0.5004,TEX,TEX,1
20240702_SF@ATL,2024-07-02,ATL,SF,3,5,0.0,0.5562788689383397,0.5644,ATL,SF,0
20240702_STL@PIT,2024-07-02,PIT,STL,4,7,0.0,0.5356759605738934,0.5345,PIT,STL,0
20240702_TB@KC,2024-07-02,KC,TB,1,5,0.0,0.5409201397359228,0.5422,KC,TB,0
20240701_HOU@TOR,2024-07-01,TOR,HOU,1,3,0.0,0.5249781909406989,0.519,TOR,HOU,0
20240701_MIL@COL,2024-07-01,COL,MIL,8,7,1.0,0.5036025368334343,0.5,COL,COL,1
20240701_NYM@WSH,2024-07-01,WSH,NYM,7,9,0.0,0.5120447845902939,0.5002,WSH,NYM,0
20240630_ATH@AZ,2024-06-30,AZ,ATH,5,1,1.0,0.5891872938064083,0.6117,AZ,AZ,1
20240630_CHC@MIL,2024-06-30,MIL,CHC,7,1,1.0,0.5898891193189555,0.6127,MIL,MIL,1
20240630_CIN@STL,2024-06-30,STL,CIN,2,0,1.0,0.5265464363031431,0.5213,STL,STL,1
20240630_CLE@KC,2024-06-30,KC,CLE,6,2,1.0,0.5371126941042862,0.5366,KC,KC,1
20240630_COL@CWS,2024-06-30,CWS,COL,4,5,0.0,0.5556445296616729,0.5635,CWS,COL,0
20240630_DET@LAA,2024-06-30,LAA,DET,6,7,0.0,0.527200095510693,0.5222,LAA,DET,0
20240630_HOU@NYM,2024-06-30,NYM,HOU,5,10,0.0,0.5433625181478648,0.5457,NYM,HOU,0
20240630_LAD@SF,2024-06-30,SF,LAD,10,4,1.0,0.534827804918651,0.5333,SF,SF,1
20240630_MIA@PHI,2024-06-30,PHI,MIA,7,6,1.0,0.5692362280659894,0.5831,PHI,PHI,1
20240630_MIN@SEA,2024-06-30,SEA,MIN,3,5,0.0,0.5374104074625287,0.5371,SEA,MIN,0
20240630_NYY@TOR,2024-06-30,TOR,NYY,1,8,0.0,0.52570887889367,0.5201,TOR,NYY,0
20240630_PIT@ATL,2024-06-30,ATL,PIT,2,4,0.0,0.5585778420575619,0.5678,ATL,PIT,0
20240630_SD@BOS,2024-06-30,BOS,SD,4,1,1.0,0.5356823162533203,0.5346,BOS,BOS,1
20240630_TEX@BAL,2024-06-30,BAL,TEX,2,11,0.0,0.5803692649027897,0.5991,BAL,TEX,0
20240630_WSH@TB,2024-06-30,TB,WSH,5,0,1.0,0.5354807785215431,0.5343,TB,TB,1
20240629_ATH@AZ,2024-06-29,AZ,ATH,3,0,1.0,0.5933044522595484,0.6176,AZ,AZ,1
20240629_CHC@MIL,2024-06-29,MIL,CHC,3,5,0.0,0.579639430905046,0.5981,MIL,CHC,0
20240629_CIN@STL,2024-06-29,STL,CIN,4,9,0.0,0.5345492755951909,0.5329,STL,CIN,0
20240629_CLE@KC,2024-06-29,KC,CLE,2,7,0.0,0.5358476968655563,0.5348,KC,CLE,0
20240629_COL@CWS,2024-06-29,CWS,COL,11,3,1.0,0.5586573396786383,0.5679,CWS,CWS,1
20240629_DET@LAA,2024-06-29,LAA,DET,6,5,1.0,0.5341727311886417,0.5324,LAA,LAA,1
20240629_HOU@NYM,2024-06-29,NYM,HOU,6,9,0.0,0.5366534956095531,0.536,NYM,HOU,0
20240629_LAD@SF,2024-06-29,SF,LAD,7,14,0.0,0.5050270367846282,0.5,SF,LAD,0
20240629_MIA@PHI,2024-06-29,PHI,MIA,2,3,0.0,0.5728654965939365,0.5884,PHI,MIA,0
20240629_MIN@SEA,2024-06-29,SEA,MIN,1,5,0.0,0.5570633148065918,0.5656,SEA,MIN,0
20240629_NYY@TOR,2024-06-29,TOR,NYY,9,3,1.0,0.5193277174314743,0.5108,TOR,TOR,1
20240629_PIT@ATL,2024-06-29,ATL,PIT,2,1,1.0,0.5507315248066561,0.5564,ATL,ATL,1
20240629_SD@BOS,2024-06-29,BOS,SD,1,11,0.0,0.5304715768414395,0.527,BOS,SD,0
20240629_TEX@BAL,2024-06-29,BAL,TEX,6,5,1.0,0.5637181238258087,0.5752,BAL,BAL,1
20240629_WSH@TB,2024-06-29,TB,WSH,1,8,0.0,0.5195834382077906,0.5111,TB,WSH,0
20240628_ATH@AZ,2024-06-28,AZ,ATH,4,9,0.0,0.5687893212101899,0.5825,AZ,ATH,0
20240628_CHC@MIL,2024-06-28,MIL,CHC,4,2,1.0,0.5861626874823449,0.6074,MIL,MIL,1
20240628_CIN@STL,2024-06-28,STL,CIN,1,0,1.0,0.5393994135982492,0.54,STL,STL,1
20240628_CLE@KC,2024-06-28,KC,CLE,10,3,1.0,0.5315660431438619,0.5286,KC,KC,1
20240628_COL@CWS,2024-06-28,CWS,COL,5,3,1.0,0.5622242741002386,0.573,CWS,CWS,1
20240628_DET@LAA,2024-06-28,LAA,DET,5,2,1.0,0.5161476579371136,0.5061,LAA,LAA,1
20240628_HOU@NYM,2024-06-28,NYM,HOU,7,2,1.0,0.5297066207010154,0.5259,NYM,NYM,1
20240628_LAD@SF,2024-06-28,SF,LAD,5,3,1.0,0.5082568083952103,0.5,SF,SF,1
20240628_MIA@PHI,2024-06-28,PHI,MIA,2,0,1.0,0.570623607979171,0.5851,PHI,PHI,1
20240628_MIN@SEA,2024-06-28,SEA,MIN,3,2,1.0,0.5526537491315723,0.5592,SEA,SEA,1
20240628_NYY@TOR,2024-06-28,TOR,NYY,5,16,0.0,0.507224193688601,0.5,TOR,NYY,0
20240628_PIT@ATL,2024-06-28,ATL,PIT,6,1,1.0,0.5625698537050886,0.5735,ATL,ATL,1
20240628_SD@BOS,2024-06-28,BOS,SD,2,9,0.0,0.536738637861186,0.5361,BOS,SD,0
20240628_TEX@BAL,2024-06-28,BAL,TEX,2,1,1.0,0.5609213874351623,0.5711,BAL,BAL,1
20240628_WSH@TB,2024-06-28,TB,WSH,3,1,1.0,0.5199163267728992,0.5116,TB,TB,1
20240627_ATL@CWS,2024-06-27,CWS,ATL,1,0,1.0,0.5115821974586111,0.5,CWS,CWS,1
20240627_CHC@SF,2024-06-27,SF,CHC,3,5,0.0,0.5715256775220241,0.5864,SF,CHC,0
20240627_CIN@STL,2024-06-27,STL,CIN,4,11,0.0,0.5379060234979991,0.5378,STL,CIN,0
20240627_CLE@KC,2024-06-27,KC,CLE,2,1,1.0,0.5308744813316931,0.5276,KC,KC,1
20240627_DET@LAA,2024-06-27,LAA,DET,5,0,1.0,0.5038569910140779,0.5,LAA,LAA,1
20240627_MIA@PHI,2024-06-27,PHI,MIA,4,7,0.0,0.5796159762705869,0.5981,PHI,MIA,0
20240627_MIN@AZ,2024-06-27,AZ,MIN,6,13,0.0,0.5043231356843927,0.5,AZ,MIN,0
20240627_NYY@TOR,2024-06-27,TOR,NYY,9,2,1.0,0.4854060527075372,0.4961,NYY,TOR,0
20240627_TEX@BAL,2024-06-27,BAL,TEX,11,2,1.0,0.5598780385003749,0.5696,BAL,BAL,1
20240626_ATH@LAA,2024-06-26,LAA,ATH,5,2,1.0,0.5973188876486237,0.6179,LAA,LAA,1
20240626_ATL@STL,2024-06-26,STL,ATL,4,1,1.0,0.5441202909041452,0.5431,STL,STL,1
20240626_ATL@STL_2,2024-06-26,STL,ATL,2,6,0.0,0.5129616504517477,0.5,STL,ATL,0
20240626_CHC@SF,2024-06-26,SF,CHC,4,3,1.0,0.5193457272570408,0.508,SF,SF,1
20240626_CLE@BAL,2024-06-26,BAL,CLE,4,2,1.0,0.5294674807631146,0.5223,BAL,BAL,1
20240626_COL@HOU,2024-06-26,HOU,COL,7,1,1.0,0.5941960217081276,0.6135,HOU,HOU,1
20240626_LAD@CWS,2024-06-26,CWS,LAD,0,4,0.0,0.48233705728135656,0.4944,LAD,LAD,1
20240626_MIA@KC,2024-06-26,KC,MIA,5,1,1.0,0.613771796792226,0.6406,KC,KC,1
20240626_MIN@AZ,2024-06-26,AZ,MIN,3,8,0.0,0.5327033023411563,0.5269,AZ,MIN,0
20240626_NYY@NYM,2024-06-26,NYM,NYY,12,2,1.0,0.5053352321914064,0.5,NYM,NYM,1
20240626_PHI@DET,2024-06-26,DET,PHI,2,6,0.0,0.5142555276179296,0.5008,DET,PHI,0
20240626_PIT@CIN,2024-06-26,CIN,PIT,1,6,0.0,0.5605099576210305,0.5663,CIN,PIT,0
20240626_SEA@TB,2024-06-26,TB,SEA,2,5,0.0,0.5108944299660483,0.5,TB,SEA,0
20240626_TEX@MIL,2024-06-26,MIL,TEX,6,5,1.0,0.4947524885726208,0.5,TEX,MIL,0
20240626_TOR@BOS,2024-06-26,BOS,TOR,1,4,0.0,0.5449060912390276,0.5442,BOS,TOR,0
20240626_WSH@SD,2024-06-26,SD,WSH,8,5,1.0,0.5333143007641326,0.5278,SD,SD,1
20240625_ATH@LAA,2024-06-25,LAA,ATH,7,5,1.0,0.5440431990268927,0.543,LAA,LAA,1
20240625_CHC@SF,2024-06-25,SF,CHC,5,1,1.0,0.5644689841927069,0.5719,SF,SF,1
20240625_CLE@BAL,2024-06-25,BAL,CLE,8,10,0.0,0.5400089187814876,0.5373,BAL,CLE,0
20240625_COL@HOU,2024-06-25,HOU,COL,5,2,1.0,0.568336404545132,0.5773,HOU,HOU,1
20240625_LAD@CWS,2024-06-25,CWS,LAD,3,4,0.0,0.49456009673679696,0.5,LAD,LAD,1
20240625_MIA@KC,2024-06-25,KC,MIA,1,2,0.0,0.6182406449870698,0.6467,KC,MIA,0
20240625_MIN@AZ,2024-06-25,AZ,MIN,5,4,1.0,0.47506732992458467,0.4841,MIN,AZ,0
20240625_NYY@NYM,2024-06-25,NYM,NYY,9,7,1.0,0.483783599927045,0.4964,NYY,NYM,0
20240625_PHI@DET,2024-06-25,DET,PHI,4,1,1.0,0.4535180825619204,0.4536,PHI,DET,0
20240625_PIT@CIN,2024-06-25,CIN,PIT,5,9,0.0,0.5620581206045345,0.5685,CIN,PIT,0
20240625_SEA@TB,2024-06-25,TB,SEA,11,3,1.0,0.5027244238048905,0.5,TB,TB,1
20240625_TEX@MIL,2024-06-25,MIL,TEX,3,1,1.0,0.5600747683885556,0.5657,MIL,MIL,1
20240625_TOR@BOS,2024-06-25,BOS,TOR,4,9,0.0,0.5441599131999705,0.5432,BOS,TOR,0
20240625_WSH@SD,2024-06-25,SD,WSH,9,7,1.0,0.5457346308868145,0.5454,SD,SD,1
20240624_ATH@LAA,2024-06-24,LAA,ATH,5,1,1.0,0.5407098292587167,0.5383,LAA,LAA,1
20240624_ATL@STL,2024-06-24,STL,ATL,4,3,1.0,0.5297114554033243,0.5227,STL,STL,1
20240624_CHC@SF,2024-06-24,SF,CHC,5,4,1.0,0.5754703699330364,0.5873,SF,SF,1
20240624_CLE@BAL,2024-06-24,BAL,CLE,2,3,0.0,0.5578786780252548,0.5626,BAL,CLE,0
20240624_LAD@CWS,2024-06-24,CWS,LAD,0,3,0.0,0.5034235686413926,0.5,CWS,LAD,0
20240624_MIA@KC,2024-06-24,KC,MIA,4,1,1.0,0.6222038871471854,0.6521,KC,KC,1
20240624_PHI@DET,2024-06-24,DET,PHI,1,8,0.0,0.4810888556483131,0.4926,PHI,PHI,1
20240624_PIT@CIN,2024-06-24,CIN,PIT,11,5,1.0,0.547590567533535,0.548,CIN,CIN,1
20240624_SEA@TB,2024-06-24,TB,SEA,4,3,1.0,0.5120680056948994,0.5,TB,TB,1
20240624_TEX@MIL,2024-06-24,MIL,TEX,6,3,1.0,0.55995112081244,0.5655,MIL,MIL,1
20240624_TOR@BOS,2024-06-24,BOS,TOR,7,6,1.0,0.5690904546650583,0.5784,BOS,BOS,1
20240624_WSH@SD,2024-06-24,SD,WSH,7,6,1.0,0.5506077090548147,0.5523,SD,SD,1
20240623_ATL@NYY,2024-06-23,NYY,ATL,1,3,0.0,0.6163075171093171,0.6441,NYY,ATL,0
20240623_AZ@PHI,2024-06-23,PHI,AZ,4,1,1.0,0.5799215229820416,0.5936,PHI,PHI,1
20240623_BAL@HOU,2024-06-23,HOU,BAL,8,1,1.0,0.5144039214963834,0.501,HOU,HOU,1
20240623_BOS@CIN,2024-06-23,CIN,BOS,4,7,0.0,0.5019966301502133,0.5,CIN,BOS,0
20240623_CWS@DET,2024-06-23,DET,CWS,11,2,1.0,0.5853911390014243,0.6012,DET,DET,1
20240623_KC@TEX,2024-06-23,TEX,KC,4,0,1.0,0.4864605833245405,0.5,KC,TEX,0
20240623_MIL@SD,2024-06-23,SD,MIL,2,6,0.0,0.5701612285060027,0.5799,SD,MIL,0
20240623_MIN@ATH,2024-06-23,ATH,MIN,0,3,0.0,0.49343414429517934,0.5,MIN,MIN,1
20240623_NYM@CHC,2024-06-23,CHC,NYM,2,5,0.0,0.533082773432676,0.5275,CHC,NYM,0
20240623_SEA@MIA,2024-06-23,MIA,SEA,6,4,1.0,0.5036082246419411,0.5,MIA,MIA,1
20240623_SF@STL,2024-06-23,STL,SF,5,3,1.0,0.5892943547973092,0.6067,STL,STL,1
20240623_TB@PIT,2024-06-23,PIT,TB,1,3,0.0,0.5319422842147085,0.5259,PIT,TB,0
20240623_TOR@CLE,2024-06-23,CLE,TOR,6,5,1.0,0.5712128498925839,0.5813,CLE,CLE,1
20240623_WSH@COL,2024-06-23,COL,WSH,1,2,0.0,0.5071531299249347,0.5,COL,WSH,0
20240622_ATL@NYY,2024-06-22,NYY,ATL,8,3,1.0,0.6085756446398973,0.6334,NYY,NYY,1
20240622_AZ@PHI,2024-06-22,PHI,AZ,12,1,1.0,0.6004655481027824,0.6222,PHI,PHI,1
20240622_BAL@HOU,2024-06-22,HOU,BAL,5,1,1.0,0.5015354457480325,0.5,HOU,HOU,1
20240622_BOS@CIN,2024-06-22,CIN,BOS,3,4,0.0,0.4650330904497764,0.4699,BOS,BOS,1
20240622_CWS@DET,2024-06-22,DET,CWS,1,5,0.0,0.5457212055322248,0.5454,DET,CWS,0
20240622_KC@TEX,2024-06-22,TEX,KC,6,0,1.0,0.5040854118874875,0.5,TEX,TEX,1
20240622_LAA@LAD,2024-06-22,LAD,LAA,7,2,1.0,0.5871145961933417,0.6036,LAD,LAD,1
20240622_MIL@SD,2024-06-22,SD,MIL,6,4,1.0,0.5231911841740919,0.5134,SD,SD,1
20240622_MIN@ATH,2024-06-22,ATH,MIN,2,10,0.0,0.5207827637939222,0.51,ATH,MIN,0
20240622_NYM@CHC,2024-06-22,CHC,NYM,8,1,1.0,0.5379186101493059,0.5343,CHC,CHC,1
20240622_SEA@MIA,2024-06-22,MIA,SEA,0,9,0.0,0.5009935630246126,0.5,MIA,SEA,0
20240622_SF@STL,2024-06-22,STL,SF,9,4,1.0,0.5478264779302395,0.5483,STL,STL,1
20240622_TB@PIT,2024-06-22,PIT,TB,4,3,1.0,0.5412915711659935,0.5391,PIT,PIT,1
20240622_TOR@CLE,2024-06-22,CLE,TOR,6,3,1.0,0.5828147482914056,0.5976,CLE,CLE,1
20240622_WSH@COL,2024-06-22,COL,WSH,8,7,1.0,0.49770615394168605,0.5,WSH,COL,0
20240621_ATL@NYY,2024-06-21,NYY,ATL,1,8,0.0,0.5682463127881974,0.5772,NYY,ATL,0
20240621_AZ@PHI,2024-06-21,PHI,AZ,4,5,0.0,0.6218828704218886,0.6517,PHI,AZ,0
20240621_BAL@HOU,2024-06-21,HOU,BAL,14,11,1.0,0.4667710094295309,0.4723,BAL,HOU,0
20240621_BOS@CIN,2024-06-21,CIN,BOS,5,2,1.0,0.5202900327908774,0.5093,CIN,CIN,1
20240621_CWS@DET,2024-06-21,DET,CWS,2,1,1.0,0.5573761584113976,0.5618,DET,DET,1
20240621_KC@TEX,2024-06-21,TEX,KC,6,2,1.0,0.5250056735336055,0.516,TEX,TEX,1
20240621_LAA@LAD,2024-06-21,LAD,LAA,2,3,0.0,0.6100210500328128,0.6354,LAD,LAA,0
20240621_MIL@SD,2024-06-21,SD,MIL,9,5,1.0,0.5127266368763418,0.5,SD,SD,1
20240621_MIN@ATH,2024-06-21,ATH,MIN,6,5,1.0,0.4825588307430139,0.4947,MIN,ATH,0
20240621_NYM@CHC,2024-06-21,CHC,NYM,1,11,0.0,0.5297939494228955,0.5228,CHC,NYM,0
20240621_SEA@MIA,2024-06-21,MIA,SEA,3,2,1.0,0.5112196014795006,0.5,MIA,MIA,1
20240621_TB@PIT,2024-06-21,PIT,TB,3,10,0.0,0.5202690777269545,0.5093,PIT,TB,0
20240621_TOR@CLE,2024-06-21,CLE,TOR,7,1,1.0,0.5568781623282849,0.5611,CLE,CLE,1
20240621_WSH@COL,2024-06-21,COL,WSH,5,11,0.0,0.5342309135323438,0.5291,COL,WSH,0
20240620_AZ@WSH,2024-06-20,WSH,AZ,2,5,0.0,0.5498111547210666,0.5512,WSH,AZ,0
20240620_BAL@NYY,2024-06-20,NYY,BAL,5,17,0.0,0.5377954018520691,0.5341,NYY,BAL,0
20240620_HOU@CWS,2024-06-20,CWS,HOU,3,5,0.0,0.49509096185785056,0.5,HOU,HOU,1
20240620_KC@ATH,2024-06-20,ATH,KC,2,3,0.0,0.5079990250266863,0.5,ATH,KC,0
20240620_LAD@COL,2024-06-20,COL,LAD,3,5,0.0,0.47918053170662517,0.4899,LAD,LAD,1
20240620_MIL@SD,2024-06-20,SD,MIL,7,6,1.0,0.4946596362919699,0.5,MIL,SD,0
20240620_SEA@CLE,2024-06-20,CLE,SEA,6,3,1.0,0.5733832389737612,0.5844,CLE,CLE,1
20240620_SF@STL,2024-06-20,STL,SF,6,5,1.0,0.5493106688088227,0.5504,STL,STL,1
20240620_TB@MIN,2024-06-20,MIN,TB,6,7,0.0,0.5510973658405643,0.553,MIN,TB,0
20240619_AZ@WSH,2024-06-19,WSH,AZ,3,1,1.0,0.5054030402656337,0.5,WSH,WSH,1
20240619_BAL@NYY,2024-06-19,NYY,BAL,6,7,0.0,0.5442601998919624,0.5412,NYY,BAL,0
20240619_BOS@TOR,2024-06-19,TOR,BOS,3,7,0.0,0.466677498403082,0.4738,BOS,BOS,1
20240619_CIN@PIT,2024-06-19,PIT,CIN,1,0,1.0,0.46022382643245713,0.4649,CIN,PIT,0
20240619_DET@ATL,2024-06-19,ATL,DET,7,0,1.0,0.5687008476965861,0.5746,ATL,ATL,1
20240619_HOU@CWS,2024-06-19,CWS,HOU,1,4,0.0,0.5449199737042011,0.5421,CWS,HOU,0
20240619_KC@ATH,2024-06-19,ATH,KC,5,1,1.0,0.5391125245328433,0.5342,ATH,ATH,1
20240619_LAD@COL,2024-06-19,COL,LAD,7,6,1.0,0.443973257145797,0.4427,LAD,COL,0
20240619_MIL@LAA,2024-06-19,LAA,MIL,0,2,0.0,0.4366072687268692,0.4326,MIL,MIL,1
20240619_NYM@TEX,2024-06-19,TEX,NYM,5,3,1.0,0.4591230768596523,0.4634,NYM,TEX,0
20240619_SD@PHI,2024-06-19,PHI,SD,2,5,0.0,0.6275161858224724,0.6537,PHI,SD,0
20240619_SEA@CLE,2024-06-19,CLE,SEA,8,0,1.0,0.6291202785084923,0.6559,CLE,CLE,1
20240619_SF@CHC,2024-06-19,CHC,SF,6,5,1.0,0.5000566228836841,0.5,CHC,CHC,1
20240619_STL@MIA,2024-06-19,MIA,STL,4,3,1.0,0.3768249578430863,0.352,STL,MIA,0
20240619_TB@MIN,2024-06-19,MIN,TB,2,3,0.0,0.5584436864671025,0.5606,MIN,TB,0
20240618_AZ@WSH,2024-06-18,WSH,AZ,0,5,0.0,0.5924258083870675,0.6068,WSH,AZ,0
20240618_BAL@NYY,2024-06-18,NYY,BAL,4,2,1.0,0.5382263147404613,0.533,NYY,NYY,1
20240618_BOS@TOR,2024-06-18,TOR,BOS,3,4,0.0,0.48540597457315343,0.4994,BOS,BOS,1
20240618_CIN@PIT,2024-06-18,PIT,CIN,1,2,0.0,0.42650269438935834,0.4189,CIN,CIN,1
20240618_DET@ATL,2024-06-18,ATL,DET,2,1,1.0,0.5813338660486214,0.5918,ATL,ATL,1
20240618_HOU@CWS,2024-06-18,CWS,HOU,2,0,1.0,0.5250212279723573,0.5149,CWS,CWS,1
20240618_KC@ATH,2024-06-18,ATH,KC,7,5,1.0,0.474298694771945,0.4842,KC,ATH,0
20240618_LAD@COL,2024-06-18,COL,LAD,9,11,0.0,0.40210259111910884,0.3858,LAD,LAD,1
20240618_MIL@LAA,2024-06-18,LAA,MIL,3,6,0.0,0.41543697047063793,0.4039,MIL,MIL,1
20240618_NYM@TEX,2024-06-18,TEX,NYM,6,7,0.0,0.49845709575010416,0.5,NYM,NYM,1
20240618_SD@PHI,2024-06-18,PHI,SD,4,3,1.0,0.5959603569181008,0.6115,PHI,PHI,1
20240618_SEA@CLE,2024-06-18,CLE,SEA,5,8,0.0,0.5889870799633278,0.6021,CLE,SEA,0
20240618_SF@CHC,2024-06-18,CHC,SF,5,2,1.0,0.4864515679146486,0.5,SF,CHC,0
20240618_STL@MIA,2024-06-18,MIA,STL,9,8,1.0,0.500803502759589,0.5,MIA,MIA,1
20240618_TB@MIN,2024-06-18,MIN,TB,7,6,1.0,0.5721326752561479,0.5793,MIN,MIN,1
20240617_BOS@TOR,2024-06-17,TOR,BOS,3,7,0.0,0.49969666330265633,0.5,BOS,BOS,1
20240617_CIN@PIT,2024-06-17,PIT,CIN,4,1,1.0,0.5014785832087879,0.5,PIT,PIT,1
20240617_DET@ATL,2024-06-17,ATL,DET,2,1,1.0,0.7034095616441046,0.7508,ATL,ATL,1
20240617_LAD@COL,2024-06-17,COL,LAD,5,9,0.0,0.47080020640038894,0.4794,LAD,LAD,1
20240617_MIL@LAA,2024-06-17,LAA,MIL,5,3,1.0,0.40147022347863814,0.385,MIL,LAA,0
20240617_NYM@TEX,2024-06-17,TEX,NYM,2,14,0.0,0.528492632206732,0.5196,TEX,NYM,0
20240617_SD@PHI,2024-06-17,PHI,SD,9,2,1.0,0.559573135265593,0.5621,PHI,PHI,1
20240617_SF@CHC,2024-06-17,CHC,SF,6,7,0.0,0.4571643221305132,0.4607,SF,SF,1
20240617_STL@MIA,2024-06-17,MIA,STL,6,7,0.0,0.4639356121201845,0.47,STL,STL,1
20240616_ATH@MIN,2024-06-16,MIN,ATH,6,2,1.0,0.6652549252494805,0.7029,MIN,MIN,1
20240616_ATH@MIN_2,2024-06-16,MIN,ATH,8,7,1.0,0.6797460396034856,0.7214,MIN,MIN,1
20240616_CIN@MIL,2024-06-16,MIL,CIN,5,4,1.0,0.555652313279352,0.5568,MIL,MIL,1
20240616_CLE@TOR,2024-06-16,TOR,CLE,7,6,1.0,0.5106935898253865,0.5,TOR,TOR,1
20240616_CWS@AZ,2024-06-16,AZ,CWS,12,5,1.0,0.642013661515003,0.6728,AZ,AZ,1
20240616_DET@HOU,2024-06-16,HOU,DET,4,1,1.0,0.49692219062919224,0.5,DET,HOU,0
20240616_KC@LAD,2024-06-16,LAD,KC,3,0,1.0,0.6165073764453212,0.6391,LAD,LAD,1
20240616_LAA@SF,2024-06-16,SF,LAA,13,6,1.0,0.44201183410966266,0.44,LAA,SF,0
20240616_MIA@WSH,2024-06-16,WSH,MIA,3,1,1.0,0.602570314229373,0.6204,WSH,WSH,1
20240616_NYY@BOS,2024-06-16,BOS,NYY,9,3,1.0,0.49022349161916995,0.5,NYY,BOS,0
20240616_PHI@BAL,2024-06-16,BAL,PHI,8,3,1.0,0.49598154853113324,0.5,PHI,BAL,0
20240616_PIT@COL,2024-06-16,COL,PIT,2,8,0.0,0.5341079966190347,0.5273,COL,PIT,0
20240616_SD@NYM,2024-06-16,NYM,SD,11,6,1.0,0.41156887254087965,0.3986,SD,NYM,0
20240616_STL@CHC,2024-06-16,CHC,STL,1,2,0.0,0.5590868844746044,0.5615,CHC,STL,0
20240616_TB@ATL,2024-06-16,ATL,TB,6,8,0.0,0.5520898654960373,0.5519,ATL,TB,0
20240616_TEX@SEA,2024-06-16,SEA,TEX,5,0,1.0,0.5786867562325654,0.5882,SEA,SEA,1
20240615_CIN@MIL,2024-06-15,MIL,CIN,3,1,1.0,0.5697678372172218,0.576,MIL,MIL,1
20240615_CLE@TOR,2024-06-15,TOR,CLE,5,0,1.0,0.47394259565526037,0.4837,CLE,TOR,0
20240615_CWS@AZ,2024-06-15,AZ,CWS,2,9,0.0,0.6390060511766202,0.6689,AZ,CWS,0
20240615_DET@HOU,2024-06-15,HOU,DET,5,13,0.0,0.5133825889117434,0.5,HOU,DET,0
20240615_KC@LAD,2024-06-15,LAD,KC,2,7,0.0,0.5722854392939141,0.5795,LAD,KC,0
20240615_LAA@SF,2024-06-15,SF,LAA,3,4,0.0,0.3954167118431152,0.3768,LAA,LAA,1
20240615_MIA@WSH,2024-06-15,WSH,MIA,4,0,1.0,0.6077571108502973,0.6274,WSH,WSH,1
20240615_NYY@BOS,2024-06-15,BOS,NYY,8,4,1.0,0.31795953461589027,0.2757,NYY,BOS,0
20240615_PHI@BAL,2024-06-15,BAL,PHI,6,2,1.0,0.5522515755771638,0.5521,BAL,BAL,1
20240615_PIT@COL,2024-06-15,COL,PIT,16,4,1.0,0.4479860230495946,0.4482,PIT,COL,0
20240615_SD@NYM,2024-06-15,NYM,SD,5,1,1.0,0.4176746639338992,0.4069,SD,NYM,0
20240615_STL@CHC,2024-06-15,CHC,STL,5,1,1.0,0.5625780813979014,0.5662,CHC,CHC,1
20240615_TB@ATL,2024-06-15,ATL,TB,9,2,1.0,0.5944735522783059,0.6095,ATL,ATL,1
20240615_TEX@SEA,2024-06-15,SEA,TEX,7,5,1.0,0.5314071731273129,0.5236,SEA,SEA,1
20240614_ATH@MIN,2024-06-14,MIN,ATH,6,5,1.0,0.6614537863350463,0.6981,MIN,MIN,1
20240614_CIN@MIL,2024-06-14,MIL,CIN,5,6,0.0,0.4440835952813863,0.4429,CIN,CIN,1
20240614_CLE@TOR,2024-06-14,TOR,CLE,1,3,0.0,0.40080327044309494,0.3841,CLE,CLE,1
20240614_CWS@AZ,2024-06-14,AZ,CWS,7,1,1.0,0.7038330871631446,0.7513,AZ,AZ,1
20240614_DET@HOU,2024-06-14,HOU,DET,4,0,1.0,0.48826133734698335,0.5,DET,HOU,0
20240614_KC@LAD,2024-06-14,LAD,KC,4,3,1.0,0.5628270360255292,0.5666,LAD,LAD,1
20240614_LAA@SF,2024-06-14,SF,LAA,6,8,0.0,0.5521995185912817,0.5521,SF,LAA,0
20240614_MIA@WSH,2024-06-14,WSH,MIA,8,1,1.0,0.6242215082186198,0.6494,WSH,WSH,1
20240614_NYY@BOS,2024-06-14,BOS,NYY,1,8,0.0,0.3491330853517452,0.3156,NYY,NYY,1
20240614_PHI@BAL,2024-06-14,BAL,PHI,3,5,0.0,0.47240288390500595,0.4816,PHI,PHI,1
20240614_PIT@COL,2024-06-14,COL,PIT,2,5,0.0,0.5122948108582351,0.5,COL,PIT,0
20240614_SD@NYM,2024-06-14,NYM,SD,2,1,1.0,0.4399404943338846,0.4372,SD,NYM,0
20240614_STL@CHC,2024-06-14,CHC,STL,0,3,0.0,0.5841256746075948,0.5955,CHC,STL,0
20240614_TB@ATL,2024-06-14,ATL,TB,7,3,1.0,0.6229718609839121,0.6477,ATL,ATL,1
20240614_TEX@SEA,2024-06-14,SEA,TEX,3,2,1.0,0.5545937311016155,0.5553,SEA,SEA,1
20240613_ATH@MIN,2024-06-13,MIN,ATH,6,2,1.0,0.685130167902818,0.7281,MIN,MIN,1
20240613_ATL@BAL,2024-06-13,BAL,ATL,3,6,0.0,0.5652319460623194,0.5699,BAL,ATL,0
20240613_CHC@TB,2024-06-13,TB,CHC,3,2,1.0,0.5029988716322135,0.5,TB,TB,1
20240613_CWS@SEA,2024-06-13,SEA,CWS,2,3,0.0,0.6426445993070167,0.6736,SEA,CWS,0
20240613_LAA@AZ,2024-06-13,AZ,LAA,11,1,1.0,0.5485627161839223,0.5471,AZ,AZ,1
20240613_MIA@NYM,2024-06-13,NYM,MIA,3,2,1.0,0.5911425286765276,0.605,NYM,NYM,1
20240613_NYY@KC,2024-06-13,KC,NYY,4,3,1.0,0.5321338942960183,0.5246,KC,KC,1
20240613_PHI@BOS,2024-06-13,BOS,PHI,9,3,1.0,0.46745891716037685,0.4748,PHI,BOS,0
20240613_PIT@STL,2024-06-13,STL,PIT,4,3,1.0,0.47340357285477824,0.483,PIT,STL,0
20240613_TEX@LAD,2024-06-13,LAD,TEX,1,3,0.0,0.48210441190301556,0.4949,TEX,TEX,1
20240613_WSH@DET,2024-06-13,DET,WSH,7,2,1.0,0.44806583919336546,0.4483,WSH,DET,0
20240612_ATH@SD,2024-06-12,SD,ATH,5,4,1.0,0.6029414532839934,0.6102,SD,SD,1
20240612_ATL@BAL,2024-06-12,BAL,ATL,4,2,1.0,0.6035131543248847,0.6109,BAL,BAL,1
20240612_CHC@TB,2024-06-12,TB,CHC,3,4,0.0,0.4886729611655887,0.5,CHC,CHC,1
20240612_CLE@CIN,2024-06-12,CIN,CLE,4,2,1.0,0.49353212918498834,0.5,CLE,CIN,0
20240612_COL@MIN,2024-06-12,MIN,COL,17,9,1.0,0.5646932822810744,0.5589,MIN,MIN,1
20240612_CWS@SEA,2024-06-12,SEA,CWS,2,1,1.0,0.6243683708870186,0.6386,SEA,SEA,1
20240612_HOU@SF,2024-06-12,SF,HOU,5,3,1.0,0.5549524199795766,0.5457,SF,SF,1
20240612_LAA@AZ,2024-06-12,AZ,LAA,3,8,0.0,0.5033663483708416,0.5,AZ,LAA,0
20240612_MIA@NYM,2024-06-12,NYM,MIA,10,4,1.0,0.5434637391810975,0.5302,NYM,NYM,1
20240612_NYY@KC,2024-06-12,KC,NYY,5,11,0.0,0.4734184215847482,0.4925,NYY,NYY,1
20240612_PHI@BOS,2024-06-12,BOS,PHI,8,6,1.0,0.4448208673792341,0.454,PHI,BOS,0
20240612_PIT@STL,2024-06-12,STL,PIT,4,2,1.0,0.5010978607667749,0.5,STL,STL,1
20240612_TEX@LAD,2024-06-12,LAD,TEX,2,3,0.0,0.5692435549706487,0.565,LAD,TEX,0
20240612_TOR@MIL,2024-06-12,MIL,TOR,5,4,1.0,0.5593510076711271,0.5517,MIL,MIL,1
20240612_WSH@DET,2024-06-12,DET,WSH,5,7,0.0,0.5381164155901064,0.523,DET,WSH,0
20240611_ATH@SD,2024-06-11,SD,ATH,4,3,1.0,0.5456823022854451,0.5332,SD,SD,1
20240611_ATL@BAL,2024-06-11,BAL,ATL,4,0,1.0,0.6062368752515552,0.6146,BAL,BAL,1
20240611_CHC@TB,2024-06-11,TB,CHC,5,2,1.0,0.5150081724709114,0.5,TB,TB,1
20240611_CLE@CIN,2024-06-11,CIN,CLE,3,5,0.0,0.4658479074362099,0.4823,CLE,CLE,1
20240611_COL@MIN,2024-06-11,MIN,COL,4,5,0.0,0.5601048707243252,0.5527,MIN,COL,0
20240611_CWS@SEA,2024-06-11,SEA,CWS,4,3,1.0,0.6233283122369635,0.6373,SEA,SEA,1
20240611_HOU@SF,2024-06-11,SF,HOU,1,3,0.0,0.5387186611362523,0.5238,SF,HOU,0
20240611_LAA@AZ,2024-06-11,AZ,LAA,9,4,1.0,0.501600664619125,0.5,AZ,AZ,1
20240611_MIA@NYM,2024-06-11,NYM,MIA,2,4,0.0,0.5402608360799761,0.5259,NYM,MIA,0
20240611_NYY@KC,2024-06-11,KC,NYY,1,10,0.0,0.44031009931521337,0.4479,NYY,NYY,1
20240611_PHI@BOS,2024-06-11,BOS,PHI,1,4,0.0,0.3963576562730372,0.3889,PHI,PHI,1
20240611_PIT@STL,2024-06-11,STL,PIT,1,2,0.0,0.48890582779128966,0.5,PIT,PIT,1
20240611_TEX@LAD,2024-06-11,LAD,TEX,15,2,1.0,0.5677418615966421,0.563,LAD,LAD,1
20240611_TOR@MIL,2024-06-11,MIL,TOR,0,3,0.0,0.5063298805309779,0.5,MIL,TOR,0
20240611_WSH@DET,2024-06-11,DET,WSH,4,5,0.0,0.5307970093294709,0.5132,DET,WSH,0
20240610_ATH@SD,2024-06-10,SD,ATH,6,1,1.0,0.540326047204014,0.526,SD,SD,1
20240610_BAL@TB,2024-06-10,TB,BAL,2,5,0.0,0.46652976025211096,0.4832,BAL,BAL,1
20240610_COL@MIN,2024-06-10,MIN,COL,5,0,1.0,0.5882062434604189,0.5905,MIN,MIN,1
20240610_CWS@SEA,2024-06-10,SEA,CWS,8,4,1.0,0.681666221683781,0.7129,SEA,SEA,1
20240610_HOU@SF,2024-06-10,SF,HOU,4,3,1.0,0.5180849926767372,0.5,SF,SF,1
20240610_NYY@KC,2024-06-10,KC,NYY,2,4,0.0,0.5289058645031733,0.5106,KC,NYY,0
20240610_TOR@MIL,2024-06-10,MIL,TOR,3,1,1.0,0.5696821169519339,0.5656,MIL,MIL,1
20240609_ATL@WSH,2024-06-09,WSH,ATL,8,5,1.0,0.38420780756359774,0.3727,ATL,WSH,0
20240609_AZ@SD,2024-06-09,SD,AZ,3,9,0.0,0.5398677085423569,0.5254,SD,AZ,0
20240609_BAL@TB,2024-06-09,TB,BAL,2,9,0.0,0.3700459024833789,0.354,BAL,BAL,1
20240609_BOS@CWS,2024-06-09,CWS,BOS,4,6,0.0,0.4945933683531069,0.5,BOS,BOS,1
20240609_CHC@CIN,2024-06-09,CIN,CHC,2,4,0.0,0.5349296979702891,0.5187,CIN,CHC,0
20240609_CLE@MIA,2024-06-09,MIA,CLE,3,6,0.0,0.3798728882794682,0.367,CLE,CLE,1
20240609_COL@STL,2024-06-09,STL,COL,5,1,1.0,0.5074561819320068,0.5,STL,STL,1
20240609_HOU@LAA,2024-06-09,LAA,HOU,9,7,1.0,0.5236924963840424,0.5036,LAA,LAA,1
20240609_LAD@NYY,2024-06-09,NYY,LAD,6,4,1.0,0.5748946168544324,0.5726,NYY,NYY,1
20240609_MIL@DET,2024-06-09,DET,MIL,10,2,1.0,0.5072467246220846,0.5,DET,DET,1
20240609_MIN@PIT,2024-06-09,PIT,MIN,5,11,0.0,0.4966983046247887,0.5,MIN,MIN,1
20240609_NYM@PHI,2024-06-09,PHI,NYM,5,6,0.0,0.6196813067238692,0.6324,PHI,NYM,0
20240609_SEA@KC,2024-06-09,KC,SEA,5,6,0.0,0.5905845618609337,0.5937,KC,SEA,0
20240609_SF@TEX,2024-06-09,TEX,SF,7,2,1.0,0.5346384284741916,0.5183,TEX,TEX,1
20240609_TOR@ATH,2024-06-09,ATH,TOR,4,6,0.0,0.5226737083754174,0.5022,ATH,TOR,0
20240608_ATL@WSH,2024-06-08,WSH,ATL,7,3,1.0,0.5047129251173302,0.5,WSH,WSH,1
20240608_AZ@SD,2024-06-08,SD,AZ,13,1,1.0,0.5591207786519736,0.5514,SD,SD,1
20240608_BAL@TB,2024-06-08,TB,BAL,0,5,0.0,0.3532295977670436,0.3319,BAL,BAL,1
20240608_BOS@CWS,2024-06-08,CWS,BOS,6,1,1.0,0.39777463627301207,0.3908,BOS,CWS,0
20240608_CHC@CIN,2024-06-08,CIN,CHC,4,3,1.0,0.5330440365931188,0.5162,CIN,CIN,1
20240608_CLE@MIA,2024-06-08,MIA,CLE,0,8,0.0,0.37572552437039763,0.3615,CLE,CLE,1
20240608_COL@STL,2024-06-08,STL,COL,5,6,0.0,0.5821535140795816,0.5824,STL,COL,0
20240608_HOU@LAA,2024-06-08,LAA,HOU,1,6,0.0,0.5322022367282123,0.5151,LAA,HOU,0
20240608_LAD@NYY,2024-06-08,NYY,LAD,3,11,0.0,0.6083889666288153,0.6174,NYY,LAD,0
20240608_MIL@DET,2024-06-08,DET,MIL,4,5,0.0,0.4944667440067833,0.5,MIL,MIL,1
20240608_MIN@PIT,2024-06-08,PIT,MIN,4,0,1.0,0.4999083120372652,0.5,MIN,PIT,0
20240608_PHI@NYM,2024-06-08,NYM,PHI,2,7,0.0,0.43343974252988954,0.4386,PHI,PHI,1
20240608_SEA@KC,2024-06-08,KC,SEA,8,4,1.0,0.5882316945665494,0.5905,KC,KC,1
20240608_SF@TEX,2024-06-08,TEX,SF,1,3,0.0,0.4471874363950977,0.4572,SF,SF,1
20240608_TOR@ATH,2024-06-08,ATH,TOR,0,7,0.0,0.49459177432709533,0.5,TOR,TOR,1
20240607_ATL@WSH,2024-06-07,WSH,ATL,2,1,1.0,0.49492090040554915,0.5,ATL,WSH,0
20240607_AZ@SD,2024-06-07,SD,AZ,10,3,1.0,0.5280388770108445,0.5095,SD,SD,1
20240607_BAL@TB,2024-06-07,TB,BAL,3,6,0.0,0.4550653106884062,0.4678,BAL,BAL,1
20240607_BOS@CWS,2024-06-07,CWS,BOS,7,2,1.0,0.5077700086699214,0.5,CWS,CWS,1
20240607_CHC@CIN,2024-06-07,CIN,CHC,3,2,1.0,0.5642111382645314,0.5582,CIN,CIN,1
20240607_CLE@MIA,2024-06-07,MIA,CLE,3,2,1.0,0.41612281226708847,0.4153,CLE,MIA,0
20240607_COL@STL,2024-06-07,STL,COL,8,5,1.0,0.5883076385820994,0.5906,STL,STL,1
20240607_HOU@LAA,2024-06-07,LAA,HOU,1,7,0.0,0.4886170251404417,0.5,HOU,HOU,1
20240607_LAD@NYY,2024-06-07,NYY,LAD,1,2,0.0,0.5992616347004636,0.6053,NYY,LAD,0
20240607_MIL@DET,2024-06-07,DET,MIL,0,10,0.0,0.5385867981598629,0.5237,DET,MIL,0
20240607_MIN@PIT,2024-06-07,PIT,MIN,3,0,1.0,0.49992357024167683,0.5,MIN,PIT,0
20240607_SEA@KC,2024-06-07,KC,SEA,10,9,1.0,0.5892815830649162,0.5919,KC,KC,1
20240607_SF@TEX,2024-06-07,TEX,SF,2,5,0.0,0.5652643625975261,0.5596,TEX,SF,0
20240607_TOR@ATH,2024-06-07,ATH,TOR,2,1,1.0,0.4922942761725831,0.5,TOR,ATH,0
20240606_ATL@WSH,2024-06-06,WSH,ATL,2,5,0.0,0.4274823251087767,0.4306,ATL,ATL,1
20240606_AZ@SD,2024-06-06,SD,AZ,3,4,0.0,0.5047142964249842,0.5,SD,AZ,0
20240606_BAL@TOR,2024-06-06,TOR,BAL,6,5,1.0,0.4052482711847662,0.4008,BAL,TOR,0
20240606_BOS@CWS,2024-06-06,CWS,BOS,2,14,0.0,0.38851996678647555,0.3784,BOS,BOS,1
20240606_CHC@CIN,2024-06-06,CIN,CHC,8,4,1.0,0.4831129860098173,0.5,CHC,CIN,0
20240606_COL@STL,2024-06-06,STL,COL,2,3,0.0,0.6036009251441758,0.6111,STL,COL,0
20240606_KC@CLE,2024-06-06,CLE,KC,3,4,0.0,0.5994948753643542,0.6056,CLE,KC,0
20240606_LAD@PIT,2024-06-06,PIT,LAD,7,11,0.0,0.5222597975851726,0.5017,PIT,LAD,0
20240606_MIN@NYY,2024-06-06,NYY,MIN,8,5,1.0,0.6425417565837914,0.6625,NYY,NYY,1
20240606_SEA@ATH,2024-06-06,ATH,SEA,0,3,0.0,0.49733709988730174,0.5,SEA,SEA,1
20240605_ATL@BOS,2024-06-05,BOS,ATL,9,0,1.0,0.4993104583313512,0.5,ATL,BOS,0
20240605_BAL@TOR,2024-06-05,TOR,BAL,3,2,1.0,0.506845982598648,0.5,TOR,TOR,1
20240605_CIN@COL,2024-06-05,COL,CIN,7,12,0.0,0.6113156665334917,0.621,COL,CIN,0
20240605_CWS@CHC,2024-06-05,CHC,CWS,7,6,1.0,0.6073313911374504,0.6153,CHC,CHC,1
20240605_DET@TEX,2024-06-05,TEX,DET,9,1,1.0,0.4233180723206761,0.4289,DET,TEX,0
20240605_LAD@PIT,2024-06-05,PIT,LAD,10,6,1.0,0.5152203763641864,0.5,PIT,PIT,1
20240605_MIL@PHI,2024-06-05,PHI,MIL,2,0,1.0,0.5609299971462592,0.5482,PHI,PHI,1
20240605_MIN@NYY,2024-06-05,NYY,MIN,9,5,1.0,0.6194515807998504,0.6327,NYY,NYY,1
20240605_NYM@WSH,2024-06-05,WSH,NYM,1,9,0.0,0.5053011359490851,0.5,WSH,NYM,0
20240605_SD@LAA,2024-06-05,LAA,SD,3,2,1.0,0.38928839093455303,0.3798,SD,LAA,0
20240605_SEA@ATH,2024-06-05,ATH,SEA,2,1,1.0,0.48348826347482465,0.5,SEA,ATH,0
20240605_SF@AZ,2024-06-05,AZ,SF,3,9,0.0,0.4723458346335924,0.5,SF,SF,1
20240605_STL@HOU,2024-06-05,HOU,STL,2,4,0.0,0.5709379918978938,0.5628,HOU,STL,0
20240605_TB@MIA,2024-06-05,MIA,TB,3,5,0.0,0.48987958216017713,0.5,TB,TB,1
20240604_ATL@BOS,2024-06-04,BOS,ATL,3,8,0.0,0.5238250753233472,0.5,BOS,ATL,0
20240604_BAL@TOR,2024-06-04,TOR,BAL,1,10,0.0,0.4508971678779065,0.469,BAL,BAL,1
20240604_CIN@COL,2024-06-04,COL,CIN,1,4,0.0,0.5358450130673319,0.5118,COL,CIN,0
20240604_CWS@CHC,2024-06-04,CHC,CWS,7,6,1.0,0.6036755031121541,0.6101,CHC,CHC,1
20240604_DET@TEX,2024-06-04,TEX,DET,1,3,0.0,0.48540754003638337,0.5,DET,DET,1
20240604_KC@CLE,2024-06-04,CLE,KC,8,5,1.0,0.5066203188804181,0.5,CLE,CLE,1
20240604_LAD@PIT,2024-06-04,PIT,LAD,1,0,1.0,0.4369519510438167,0.4487,LAD,PIT,0
20240604_MIL@PHI,2024-06-04,PHI,MIL,2,1,1.0,0.5549395254793755,0.5395,PHI,PHI,1
20240604_MIN@NYY,2024-06-04,NYY,MIN,5,1,1.0,0.5768407603854386,0.5713,NYY,NYY,1
20240604_NYM@WSH,2024-06-04,WSH,NYM,3,6,0.0,0.4360930649019588,0.4475,NYM,NYM,1
20240604_SD@LAA,2024-06-04,LAA,SD,4,2,1.0,0.38320828567951676,0.3711,SD,LAA,0
20240604_SEA@ATH,2024-06-04,ATH,SEA,3,4,0.0,0.4845603418027402,0.5,SEA,SEA,1
20240604_SF@AZ,2024-06-04,AZ,SF,8,5,1.0,0.554054469588326,0.5382,AZ,AZ,1
20240604_STL@HOU,2024-06-04,HOU,STL,8,5,1.0,0.539837041761313,0.5176,HOU,HOU,1
20240604_TB@MIA,2024-06-04,MIA,TB,5,9,0.0,0.5057005418194154,0.5,MIA,TB,0
20240603_BAL@TOR,2024-06-03,TOR,BAL,2,7,0.0,0.4826198877365971,0.5,BAL,BAL,1
20240603_CIN@COL,2024-06-03,COL,CIN,3,13,0.0,0.5588598715319713,0.5452,COL,CIN,0
20240603_DET@TEX,2024-06-03,TEX,DET,1,2,0.0,0.5168872209149675,0.5,TEX,DET,0
20240603_MIL@PHI,2024-06-03,PHI,MIL,3,1,1.0,0.5735888973071483,0.5666,PHI,PHI,1
20240603_NYM@WSH,2024-06-03,WSH,NYM,7,8,0.0,0.4849592322370725,0.5,NYM,NYM,1
20240603_SD@LAA,2024-06-03,LAA,SD,2,1,1.0,0.48998332048933874,0.5,SD,LAA,0
20240603_SF@AZ,2024-06-03,AZ,SF,4,2,1.0,0.5227268780406125,0.5,AZ,AZ,1
20240603_STL@HOU,2024-06-03,HOU,STL,7,4,1.0,0.5408435128613721,0.519,HOU,HOU,1
20240602_ATH@ATL,2024-06-02,ATL,ATH,3,1,1.0,0.5113382216126668,0.5,ATL,ATL,1
20240602_AZ@NYM,2024-06-02,NYM,AZ,4,5,0.0,0.5504942811062375,0.533,NYM,AZ,0
20240602_CIN@CHC,2024-06-02,CHC,CIN,2,5,0.0,0.5753609017385669,0.5692,CHC,CIN,0
20240602_COL@LAD,2024-06-02,LAD,COL,4,0,1.0,0.598687059972468,0.6029,LAD,LAD,1
20240602_CWS@MIL,2024-06-02,MIL,CWS,6,3,1.0,0.60467348070687,0.6115,MIL,MIL,1
20240602_DET@BOS,2024-06-02,BOS,DET,4,8,0.0,0.5507954058326582,0.5335,BOS,DET,0
20240602_LAA@SEA,2024-06-02,SEA,LAA,5,1,1.0,0.6024350338050473,0.6083,SEA,SEA,1
20240602_MIN@HOU,2024-06-02,HOU,MIN,3,4,0.0,0.5035441674431838,0.5,HOU,MIN,0
20240602_NYY@SF,2024-06-02,SF,NYY,5,7,0.0,0.48546542376829616,0.5,NYY,NYY,1
20240602_PIT@TOR,2024-06-02,TOR,PIT,5,4,1.0,0.5532704393323966,0.5371,TOR,TOR,1
20240602_SD@KC,2024-06-02,KC,SD,4,3,1.0,0.5765081881296705,0.5708,KC,KC,1
20240602_STL@PHI,2024-06-02,PHI,STL,4,5,0.0,0.6069304966346097,0.6148,PHI,STL,0
20240602_TB@BAL,2024-06-02,BAL,TB,3,4,0.0,0.6036053004712798,0.61,BAL,TB,0
20240602_TEX@MIA,2024-06-02,MIA,TEX,0,6,0.0,0.4086865473776193,0.4077,TEX,TEX,1
20240602_WSH@CLE,2024-06-02,CLE,WSH,2,5,0.0,0.5855839689358658,0.584,CLE,WSH,0
20240601_ATH@ATL,2024-06-01,ATL,ATH,9,11,0.0,0.6322991443658034,0.6509,ATL,ATH,0
20240601_AZ@NYM,2024-06-01,NYM,AZ,5,10,0.0,0.530968245813767,0.5047,NYM,AZ,0
20240601_CIN@CHC,2024-06-01,CHC,CIN,7,5,1.0,0.520720600903394,0.5,CHC,CHC,1
20240601_COL@LAD,2024-06-01,LAD,COL,4,1,1.0,0.6002315711702739,0.6051,LAD,LAD,1
20240601_CWS@MIL,2024-06-01,MIL,CWS,4,3,1.0,0.5469486009977264,0.5279,MIL,MIL,1
20240601_DET@BOS,2024-06-01,BOS,DET,6,3,1.0,0.5108115085596736,0.5,BOS,BOS,1
20240601_LAA@SEA,2024-06-01,SEA,LAA,9,0,1.0,0.545596636818523,0.5259,SEA,SEA,1
20240601_MIN@HOU,2024-06-01,HOU,MIN,5,2,1.0,0.4690996846556656,0.4954,MIN,HOU,0
20240601_NYY@SF,2024-06-01,SF,NYY,3,7,0.0,0.4701328715570161,0.4969,NYY,NYY,1
20240601_PIT@TOR,2024-06-01,TOR,PIT,1,8,0.0,0.5351771002486962,0.5108,TOR,PIT,0
20240601_SD@KC,2024-06-01,KC,SD,3,7,0.0,0.5562451801044508,0.5414,KC,SD,0
20240601_STL@PHI,2024-06-01,PHI,STL,6,1,1.0,0.6177209681875173,0.6302,PHI,PHI,1
20240601_TB@BAL,2024-06-01,BAL,TB,9,5,1.0,0.5936484783845303,0.5956,BAL,BAL,1
20240601_TEX@MIA,2024-06-01,MIA,TEX,0,7,0.0,0.5114080916321211,0.5,MIA,TEX,0
20240601_WSH@CLE,2024-06-01,CLE,WSH,3,2,1.0,0.6001226759027514,0.605,CLE,CLE,1
20240531_ATH@ATL,2024-05-31,ATL,ATH,4,2,1.0,0.618826277299195,0.6318,ATL,ATL,1
20240531_AZ@NYM,2024-05-31,NYM,AZ,10,9,1.0,0.5268862393935695,0.5,NYM,NYM,1
20240531_CIN@CHC,2024-05-31,CHC,CIN,4,5,0.0,0.6301714850869055,0.6479,CHC,CIN,0
20240531_COL@LAD,2024-05-31,LAD,COL,1,4,0.0,0.6250465904644165,0.6406,LAD,COL,0
20240531_CWS@MIL,2024-05-31,MIL,CWS,12,5,1.0,0.569013252135034,0.56,MIL,MIL,1
20240531_DET@BOS,2024-05-31,BOS,DET,7,3,1.0,0.5232950078319443,0.5,BOS,BOS,1
20240531_LAA@SEA,2024-05-31,SEA,LAA,5,4,1.0,0.5587002072406724,0.545,SEA,SEA,1
20240531_MIN@HOU,2024-05-31,HOU,MIN,1,6,0.0,0.5571694156567382,0.5428,HOU,MIN,0
20240531_NYY@SF,2024-05-31,SF,NYY,2,6,0.0,0.4630805404026663,0.4867,NYY,NYY,1
20240531_PIT@TOR,2024-05-31,TOR,PIT,5,3,1.0,0.538585159982186,0.5157,TOR,TOR,1
20240531_SD@KC,2024-05-31,KC,SD,8,11,0.0,0.5545567383106851,0.539,KC,SD,0
20240531_STL@PHI,2024-05-31,PHI,STL,4,2,1.0,0.582084815211209,0.5789,PHI,PHI,1
20240531_TB@BAL,2024-05-31,BAL,TB,3,1,1.0,0.5640402638671552,0.5527,BAL,BAL,1
20240531_TEX@MIA,2024-05-31,MIA,TEX,8,2,1.0,0.45831008617024044,0.4797,TEX,MIA,0
20240531_WSH@CLE,2024-05-31,CLE,WSH,7,1,1.0,0.6286480634120665,0.6457,CLE,CLE,1
20240530_ATH@TB,2024-05-30,TB,ATH,6,5,1.0,0.5674659261462842,0.5577,TB,TB,1
20240530_AZ@NYM,2024-05-30,NYM,AZ,3,2,1.0,0.4786450115902538,0.5,AZ,NYM,0
20240530_CHC@MIL,2024-05-30,MIL,CHC,6,4,1.0,0.5966654622707124,0.6,MIL,MIL,1
20240530_DET@BOS,2024-05-30,BOS,DET,0,5,0.0,0.5259342986356726,0.5,BOS,DET,0
20240530_HOU@SEA,2024-05-30,SEA,HOU,0,4,0.0,0.5478414483684441,0.5292,SEA,HOU,0
20240530_KC@MIN,2024-05-30,MIN,KC,7,6,1.0,0.558627884530385,0.5449,MIN,MIN,1
20240530_NYY@LAA,2024-05-30,LAA,NYY,3,8,0.0,0.4326830048497542,0.4425,NYY,NYY,1
20240530_WSH@ATL,2024-05-30,ATL,WSH,1,3,0.0,0.5548388922773518,0.5394,ATL,WSH,0
20240529_ATH@TB,2024-05-29,TB,ATH,4,3,1.0,0.5703344916897073,0.5546,TB,TB,1
20240529_AZ@TEX,2024-05-29,TEX,AZ,6,1,1.0,0.5443411422719894,0.5212,TEX,TEX,1
20240529_BOS@BAL,2024-05-29,BAL,BOS,6,1,1.0,0.49356096448567444,0.5,BOS,BAL,0
20240529_CHC@MIL,2024-05-29,MIL,CHC,10,6,1.0,0.49833917794092236,0.5,CHC,MIL,0
20240529_CLE@COL,2024-05-29,COL,CLE,7,4,1.0,0.514721162793203,0.5,COL,COL,1
20240529_HOU@SEA,2024-05-29,SEA,HOU,2,1,1.0,0.5135170997748238,0.5,SEA,SEA,1
20240529_KC@MIN,2024-05-29,MIN,KC,1,6,0.0,0.5584329030858977,0.5393,MIN,KC,0
20240529_LAD@NYM,2024-05-29,NYM,LAD,3,10,0.0,0.450962264814828,0.4727,LAD,LAD,1
20240529_MIA@SD,2024-05-29,SD,MIA,1,9,0.0,0.5476399493766736,0.5255,SD,MIA,0
20240529_NYY@LAA,2024-05-29,LAA,NYY,1,2,0.0,0.4713869332702426,0.4989,NYY,NYY,1
20240529_PHI@SF,2024-05-29,SF,PHI,1,6,0.0,0.5481032786148354,0.5261,SF,PHI,0
20240529_PIT@DET,2024-05-29,DET,PIT,8,0,1.0,0.5541069479637185,0.5338,DET,DET,1
20240529_PIT@DET_2,2024-05-29,DET,PIT,2,10,0.0,0.49016768265668564,0.5,PIT,PIT,1
20240529_STL@CIN,2024-05-29,CIN,STL,3,5,0.0,0.47453675221906677,0.5,STL,STL,1
20240529_TOR@CWS,2024-05-29,CWS,TOR,1,3,0.0,0.5475782252096263,0.5254,CWS,TOR,0
20240529_WSH@ATL,2024-05-29,ATL,WSH,2,7,0.0,0.5095244638425257,0.5,ATL,WSH,0
20240528_ATH@TB,2024-05-28,TB,ATH,0,3,0.0,0.5325547995572293,0.5061,TB,ATH,0
20240528_AZ@TEX,2024-05-28,TEX,AZ,4,2,1.0,0.5128909192891016,0.5,TEX,TEX,1
20240528_BOS@BAL,2024-05-28,BAL,BOS,3,8,0.0,0.5640944905762239,0.5466,BAL,BOS,0
20240528_CHC@MIL,2024-05-28,MIL,CHC,3,6,0.0,0.5087161244757591,0.5,MIL,CHC,0
20240528_CLE@COL,2024-05-28,COL,CLE,7,13,0.0,0.49774272500143596,0.5,CLE,CLE,1
20240528_HOU@SEA,2024-05-28,SEA,HOU,4,2,1.0,0.583646248384921,0.5717,SEA,SEA,1
20240528_KC@MIN,2024-05-28,MIN,KC,4,2,1.0,0.5874580723373533,0.5766,MIN,MIN,1
20240528_LAD@NYM,2024-05-28,NYM,LAD,2,5,0.0,0.5034345791800163,0.5,NYM,LAD,0
20240528_LAD@NYM_2,2024-05-28,NYM,LAD,0,3,0.0,0.49459698917154576,0.5,LAD,LAD,1
20240528_MIA@SD,2024-05-28,SD,MIA,4,0,1.0,0.5299524668331235,0.5028,SD,SD,1
20240528_NYY@LAA,2024-05-28,LAA,NYY,4,3,1.0,0.5097706053433856,0.5,LAA,LAA,1
20240528_PHI@SF,2024-05-28,SF,PHI,1,0,1.0,0.4919507972513186,0.5,PHI,SF,0
20240528_STL@CIN,2024-05-28,CIN,STL,1,7,0.0,0.5057893947301135,0.5,CIN,STL,0
20240528_TOR@CWS,2024-05-28,CWS,TOR,2,7,0.0,0.5279509287886585,0.5002,CWS,TOR,0
20240528_WSH@ATL,2024-05-28,ATL,WSH,2,0,1.0,0.5552242298181279,0.5352,ATL,ATL,1
20240527_BOS@BAL,2024-05-27,BAL,BOS,11,3,1.0,0.5527543923689756,0.532,BAL,BAL,1
20240527_CHC@MIL,2024-05-27,MIL,CHC,5,1,1.0,0.5470402885961253,0.5247,MIL,MIL,1
20240527_CLE@COL,2024-05-27,COL,CLE,8,6,1.0,0.4865255295776149,0.5,CLE,COL,0
20240527_HOU@SEA,2024-05-27,SEA,HOU,3,2,1.0,0.5240643047677253,0.5,SEA,SEA,1
20240527_KC@MIN,2024-05-27,MIN,KC,6,5,1.0,0.553900957308726,0.5335,MIN,MIN,1
20240527_MIA@SD,2024-05-27,SD,MIA,2,1,1.0,0.5025261343955352,0.5,SD,SD,1
20240527_PHI@SF,2024-05-27,SF,PHI,8,4,1.0,0.4933581875966677,0.5,PHI,SF,0
20240527_STL@CIN,2024-05-27,CIN,STL,3,1,1.0,0.50262690662496,0.5,CIN,CIN,1
20240527_TOR@CWS,2024-05-27,CWS,TOR,1,5,0.0,0.5348501258787935,0.5091,CWS,TOR,0
20240527_WSH@ATL,2024-05-27,ATL,WSH,4,8,0.0,0.5636050678377889,0.546,ATL,WSH,0
20240526_ATL@PIT,2024-05-26,PIT,ATL,1,8,0.0,0.5133738238442088,0.5,PIT,ATL,0
20240526_BAL@CWS,2024-05-26,CWS,BAL,1,4,0.0,0.49130534628735417,0.5,BAL,BAL,1
20240526_CHC@STL,2024-05-26,STL,CHC,4,3,1.0,0.5214988276135996,0.5,STL,STL,1
20240526_CLE@LAA,2024-05-26,LAA,CLE,4,5,0.0,0.4882054730351664,0.5,CLE,CLE,1
20240526_HOU@ATH,2024-05-26,ATH,HOU,2,5,0.0,0.5027350127102467,0.5,ATH,HOU,0
20240526_KC@TB,2024-05-26,TB,KC,4,1,1.0,0.5299982940957192,0.5029,TB,TB,1
20240526_LAD@CIN,2024-05-26,CIN,LAD,4,1,1.0,0.40863318547313054,0.4183,LAD,CIN,0
20240526_MIA@AZ,2024-05-26,AZ,MIA,1,3,0.0,0.5362577844157798,0.5109,AZ,MIA,0
20240526_MIL@BOS,2024-05-26,BOS,MIL,2,1,1.0,0.4951427202592938,0.5,MIL,BOS,0
20240526_NYY@SD,2024-05-26,SD,NYY,5,2,1.0,0.45861342742854955,0.4826,NYY,SD,0
20240526_PHI@COL,2024-05-26,COL,PHI,5,2,1.0,0.4997301546133818,0.5,PHI,COL,0
20240526_SEA@WSH,2024-05-26,WSH,SEA,5,9,0.0,0.4867332056478608,0.5,SEA,SEA,1
20240526_SF@NYM,2024-05-26,NYM,SF,4,3,1.0,0.5485549792345245,0.5266,NYM,NYM,1
20240526_TEX@MIN,2024-05-26,MIN,TEX,2,6,0.0,0.5199251806118341,0.5,MIN,TEX,0
20240526_TOR@DET,2024-05-26,DET,TOR,14,11,1.0,0.5423989055516404,0.5187,DET,DET,1
20240525_ATL@PIT,2024-05-25,PIT,ATL,4,1,1.0,0.5056489495807469,0.5,PIT,PIT,1
20240525_BAL@CWS,2024-05-25,CWS,BAL,3,5,0.0,0.583790257881955,0.5719,CWS,BAL,0
20240525_CHC@STL,2024-05-25,STL,CHC,7,6,1.0,0.5663422260918893,0.5495,STL,STL,1
20240525_CLE@LAA,2024-05-25,LAA,CLE,3,4,0.0,0.5182102760795342,0.5,LAA,CLE,0
20240525_HOU@ATH,2024-05-25,ATH,HOU,3,1,1.0,0.5266656893467759,0.5,ATH,ATH,1
20240525_KC@TB,2024-05-25,TB,KC,4,7,0.0,0.5134273394908393,0.5,TB,KC,0
20240525_LAD@CIN,2024-05-25,CIN,LAD,3,1,1.0,0.43808914866211485,0.4562,LAD,CIN,0
20240525_MIA@AZ,2024-05-25,AZ,MIA,3,2,1.0,0.586442223039286,0.5753,AZ,AZ,1
20240525_MIL@BOS,2024-05-25,BOS,MIL,3,6,0.0,0.4983775492160584,0.5,MIL,MIL,1
20240525_NYY@SD,2024-05-25,SD,NYY,1,4,0.0,0.4723442381792182,0.5,NYY,NYY,1
20240525_PHI@COL,2024-05-25,COL,PHI,4,8,0.0,0.5012571212247369,0.5,COL,PHI,0
20240525_SEA@WSH,2024-05-25,WSH,SEA,3,1,1.0,0.47223184205104307,0.5,SEA,WSH,0
20240525_SF@NYM,2024-05-25,NYM,SF,2,7,0.0,0.5178053605247666,0.5,NYM,SF,0
20240525_TEX@MIN,2024-05-25,MIN,TEX,5,3,1.0,0.53901687173203,0.5144,MIN,MIN,1
20240525_TOR@DET,2024-05-25,DET,TOR,2,1,1.0,0.533590980076379,0.5075,DET,DET,1
20240524_ATL@PIT,2024-05-24,PIT,ATL,11,5,1.0,0.4778012363226895,0.5,ATL,PIT,0
20240524_BAL@CWS,2024-05-24,CWS,BAL,4,6,0.0,0.544272057288476,0.5212,CWS,BAL,0
20240524_CLE@LAA,2024-05-24,LAA,CLE,4,10,0.0,0.5558478174746139,0.536,LAA,CLE,0
20240524_HOU@ATH,2024-05-24,ATH,HOU,3,6,0.0,0.5141993714801988,0.5,ATH,HOU,0
20240524_KC@TB,2024-05-24,TB,KC,1,8,0.0,0.47198292031909583,0.4997,KC,KC,1
20240524_LAD@CIN,2024-05-24,CIN,LAD,9,6,1.0,0.45904611733006884,0.4831,LAD,CIN,0
20240524_MIA@AZ,2024-05-24,AZ,MIA,0,3,0.0,0.5750061865654941,0.5606,AZ,MIA,0
20240524_MIL@BOS,2024-05-24,BOS,MIL,2,7,0.0,0.4950185153711824,0.5,MIL,MIL,1
20240524_NYY@SD,2024-05-24,SD,NYY,0,8,0.0,0.4402701670396919,0.459,NYY,NYY,1
20240524_PHI@COL,2024-05-24,COL,PHI,3,2,1.0,0.4618289949466562,0.4867,PHI,COL,0
20240524_SEA@WSH,2024-05-24,WSH,SEA,6,1,1.0,0.49606156045474664,0.5,SEA,WSH,0
20240524_SF@NYM,2024-05-24,NYM,SF,7,8,0.0,0.518444557855414,0.5,NYM,SF,0
20240524_TEX@MIN,2024-05-24,MIN,TEX,3,2,1.0,0.5624542188642142,0.5445,MIN,MIN,1
20240524_TOR@DET,2024-05-24,DET,TOR,6,2,1.0,0.5144228918125169,0.5,DET,DET,1
20240523_ATL@CHC,2024-05-23,CHC,ATL,0,3,0.0,0.4781053794022043,0.5,ATL,ATL,1
20240523_BAL@CWS,2024-05-23,CWS,BAL,6,8,0.0,0.5192265118870352,0.5,CWS,BAL,0
20240523_COL@ATH,2024-05-23,ATH,COL,10,9,1.0,0.560317121605882,0.5418,ATH,ATH,1
20240523_SD@CIN,2024-05-23,CIN,SD,4,6,0.0,0.4477521048887259,0.4686,SD,SD,1
20240523_SEA@NYY,2024-05-23,NYY,SEA,5,0,1.0,0.6191487588599617,0.6173,NYY,NYY,1
20240523_SF@PIT,2024-05-23,PIT,SF,6,7,0.0,0.5272680981883299,0.5,PIT,SF,0
20240523_TEX@PHI,2024-05-23,PHI,TEX,5,2,1.0,0.604901893912828,0.599,PHI,PHI,1
20240523_TOR@DET,2024-05-23,DET,TOR,1,9,0.0,0.5251639125829582,0.5,DET,TOR,0
20240522_ATL@CHC,2024-05-22,CHC,ATL,2,9,0.0,0.4615711793508115,0.4616,ATL,ATL,1
20240522_AZ@LAD,2024-05-22,LAD,AZ,0,6,0.0,0.5500777401816832,0.5501,LAD,AZ,0
20240522_BAL@STL,2024-05-22,STL,BAL,5,4,1.0,0.5051280778004389,0.5051,STL,STL,1
20240522_BOS@TB,2024-05-22,TB,BOS,5,8,0.0,0.46208113553057484,0.4621,BOS,BOS,1
20240522_COL@ATH,2024-05-22,ATH,COL,3,4,0.0,0.6912192269980403,0.6912,ATH,COL,0
20240522_CWS@TOR,2024-05-22,TOR,CWS,9,2,1.0,0.5856486411332136,0.5856,TOR,TOR,1
20240522_DET@KC,2024-05-22,KC,DET,8,3,1.0,0.562042904111972,0.562,KC,KC,1
20240522_LAA@HOU,2024-05-22,HOU,LAA,1,2,0.0,0.5721841464153264,0.5722,HOU,LAA,0
20240522_MIL@MIA,2024-05-22,MIA,MIL,1,0,1.0,0.4328052585855588,0.4328,MIL,MIA,0
20240522_MIN@WSH,2024-05-22,WSH,MIN,2,3,0.0,0.508925540083823,0.5089,WSH,MIN,0
20240522_NYM@CLE,2024-05-22,CLE,NYM,6,3,1.0,0.5744774191756784,0.5745,CLE,CLE,1
20240522_SD@CIN,2024-05-22,CIN,SD,3,7,0.0,0.4253949195873692,0.4254,SD,SD,1
20240522_SEA@NYY,2024-05-22,NYY,SEA,7,3,1.0,0.5842320914459656,0.5842,NYY,NYY,1
20240522_SF@PIT,2024-05-22,PIT,SF,5,9,0.0,0.4688720500853029,0.4689,SF,SF,1
20240522_TEX@PHI,2024-05-22,PHI,TEX,11,4,1.0,0.5658372875226649,0.5658,PHI,PHI,1
20240521_ATL@CHC,2024-05-21,CHC,ATL,4,3,1.0,0.47555837604804013,0.4756,ATL,CHC,0
20240521_AZ@LAD,2024-05-21,LAD,AZ,3,7,0.0,0.5779552991589461,0.578,LAD,AZ,0
20240521_BAL@STL,2024-05-21,STL,BAL,3,1,1.0,0.4289321529322136,0.4289,BAL,STL,0
20240521_BOS@TB,2024-05-21,TB,BOS,2,5,0.0,0.46196743690091824,0.462,BOS,BOS,1
20240521_COL@ATH,2024-05-21,ATH,COL,5,4,1.0,0.6510300371874286,0.651,ATH,ATH,1
20240521_CWS@TOR,2024-05-21,TOR,CWS,0,5,0.0,0.4844141635900845,0.4844,CWS,CWS,1
20240521_DET@KC,2024-05-21,KC,DET,10,3,1.0,0.5519699390614774,0.552,KC,KC,1
20240521_LAA@HOU,2024-05-21,HOU,LAA,6,5,1.0,0.5912997125903876,0.5913,HOU,HOU,1
20240521_MIL@MIA,2024-05-21,MIA,MIL,5,7,0.0,0.4372796716961272,0.4373,MIL,MIL,1
20240521_MIN@WSH,2024-05-21,WSH,MIN,0,10,0.0,0.5029081958995936,0.5029,WSH,MIN,0
20240521_NYM@CLE,2024-05-21,CLE,NYM,7,6,1.0,0.5966938646363477,0.5967,CLE,CLE,1
20240521_SD@CIN,2024-05-21,CIN,SD,2,0,1.0,0.4455252489831376,0.4455,SD,CIN,0
20240521_SEA@NYY,2024-05-21,NYY,SEA,3,6,0.0,0.6871428838169524,0.6871,NYY,SEA,0
20240521_SF@PIT,2024-05-21,PIT,SF,7,6,1.0,0.49290385503994566,0.4929,SF,PIT,0
20240521_TEX@PHI,2024-05-21,PHI,TEX,5,2,1.0,0.5217912155251312,0.5218,PHI,PHI,1
20240520_AZ@LAD,2024-05-20,LAD,AZ,6,4,1.0,0.5292847086351374,0.5293,LAD,LAD,1
20240520_BAL@STL,2024-05-20,STL,BAL,6,3,1.0,0.48085626661848146,0.4809,BAL,STL,0
20240520_BOS@TB,2024-05-20,TB,BOS,0,5,0.0,0.5443656173843334,0.5444,TB,BOS,0
20240520_CWS@TOR,2024-05-20,TOR,CWS,9,3,1.0,0.5003345775362497,0.5003,TOR,TOR,1
20240520_DET@KC,2024-05-20,KC,DET,8,3,1.0,0.5695633132614496,0.5696,KC,KC,1
20240520_LAA@HOU,2024-05-20,HOU,LAA,7,9,0.0,0.57394950751209,0.5739,HOU,LAA,0
20240520_MIL@MIA,2024-05-20,MIA,MIL,3,2,1.0,0.46049734680908777,0.4605,MIL,MIA,0
20240520_MIN@WSH,2024-05-20,WSH,MIN,12,3,1.0,0.5339432764669901,0.5339,WSH,WSH,1
20240520_NYM@CLE,2024-05-20,CLE,NYM,3,1,1.0,0.4912515868292197,0.4913,NYM,CLE,0
20240520_SD@ATL,2024-05-20,ATL,SD,3,0,1.0,0.6105096620166457,0.6105,ATL,ATL,1
20240520_SD@ATL_2,2024-05-20,ATL,SD,5,6,0.0,0.46848778865675816,0.4685,SD,SD,1
20240520_SEA@NYY,2024-05-20,NYY,SEA,4,5,0.0,0.5918897859879598,0.5919,NYY,SEA,0
20240519_ATH@KC,2024-05-19,KC,ATH,8,4,1.0,0.5651085416625393,0.5651,KC,KC,1
20240519_BOS@STL,2024-05-19,STL,BOS,3,11,0.0,0.5641641338393287,0.5642,STL,BOS,0
20240519_CIN@LAD,2024-05-19,LAD,CIN,3,2,1.0,0.6514880904654539,0.6515,LAD,LAD,1
20240519_COL@SF,2024-05-19,SF,COL,4,1,1.0,0.5336703553912686,0.5337,SF,SF,1
20240519_CWS@NYY,2024-05-19,NYY,CWS,7,2,1.0,0.6681936358022857,0.6682,NYY,NYY,1
20240519_DET@AZ,2024-05-19,AZ,DET,6,4,1.0,0.5305372595981278,0.5305,AZ,AZ,1
20240519_LAA@TEX,2024-05-19,TEX,LAA,1,4,0.0,0.5452741614425609,0.5453,TEX,LAA,0
20240519_MIL@HOU,2024-05-19,HOU,MIL,9,4,1.0,0.54357381320701,0.5436,HOU,HOU,1
20240519_MIN@CLE,2024-05-19,CLE,MIN,5,2,1.0,0.5409623663021076,0.541,CLE,CLE,1
20240519_NYM@MIA,2024-05-19,MIA,NYM,3,7,0.0,0.39215186144364145,0.3922,NYM,NYM,1
20240519_PIT@CHC,2024-05-19,CHC,PIT,2,3,0.0,0.5877295105422203,0.5877,CHC,PIT,0
20240519_SD@ATL,2024-05-19,ATL,SD,1,9,0.0,0.552642428697248,0.5526,ATL,SD,0
20240519_SEA@BAL,2024-05-19,BAL,SEA,6,3,1.0,0.5229503386932914,0.523,BAL,BAL,1
20240519_TB@TOR,2024-05-19,TOR,TB,5,2,1.0,0.4214258647080145,0.4214,TB,TOR,0
20240519_WSH@PHI,2024-05-19,PHI,WSH,11,5,1.0,0.5990164741785785,0.599,PHI,PHI,1
20240518_ATH@KC,2024-05-18,KC,ATH,5,3,1.0,0.572240584220039,0.5722,KC,KC,1
20240518_BOS@STL,2024-05-18,STL,BOS,7,2,1.0,0.530904995801138,0.5309,STL,STL,1
20240518_CIN@LAD,2024-05-18,LAD,CIN,4,0,1.0,0.6864712927198616,0.6865,LAD,LAD,1
20240518_COL@SF,2024-05-18,SF,COL,14,4,1.0,0.5951867768488417,0.5952,SF,SF,1
20240518_CWS@NYY,2024-05-18,NYY,CWS,6,1,1.0,0.6868059900639242,0.6868,NYY,NYY,1
20240518_DET@AZ,2024-05-18,AZ,DET,3,8,0.0,0.5498335254529985,0.5498,AZ,DET,0
20240518_LAA@TEX,2024-05-18,TEX,LAA,3,2,1.0,0.5127106262510313,0.5127,TEX,TEX,1
20240518_MIL@HOU,2024-05-18,HOU,MIL,2,4,0.0,0.4980181980807517,0.498,MIL,MIL,1
20240518_MIN@CLE,2024-05-18,CLE,MIN,11,4,1.0,0.542308576252119,0.5423,CLE,CLE,1
20240518_NYM@MIA,2024-05-18,MIA,NYM,10,9,1.0,0.45785737671267746,0.4579,NYM,MIA,0
20240518_PIT@CHC,2024-05-18,CHC,PIT,1,0,1.0,0.6285358779132346,0.6285,CHC,CHC,1
20240518_SEA@BAL,2024-05-18,BAL,SEA,3,4,0.0,0.6092762862366524,0.6093,BAL,SEA,0
20240518_TB@TOR,2024-05-18,TOR,TB,4,5,0.0,0.5265467672399043,0.5265,TOR,TB,0
20240518_WSH@PHI,2024-05-18,PHI,WSH,4,3,1.0,0.6214560330596333,0.6215,PHI,PHI,1
20240517_ATH@KC,2024-05-17,KC,ATH,6,2,1.0,0.5971668157086203,0.5972,KC,KC,1
20240517_BOS@STL,2024-05-17,STL,BOS,10,6,1.0,0.6265917610897093,0.6266,STL,STL,1
20240517_CIN@LAD,2024-05-17,LAD,CIN,7,3,1.0,0.6553323113450313,0.6553,LAD,LAD,1
20240517_COL@SF,2024-05-17,SF,COL,10,5,1.0,0.6038036910540839,0.6038,SF,SF,1
20240517_CWS@NYY,2024-05-17,NYY,CWS,4,2,1.0,0.6530484462120143,0.653,NYY,NYY,1
20240517_DET@AZ,2024-05-17,AZ,DET,0,13,0.0,0.5883220182984369,0.5883,AZ,DET,0
20240517_LAA@TEX,2024-05-17,TEX,LAA,3,9,0.0,0.6050487319254974,0.605,TEX,LAA,0
20240517_MIL@HOU,2024-05-17,HOU,MIL,5,4,1.0,0.49899588641290027,0.499,MIL,HOU,0
20240517_MIN@CLE,2024-05-17,CLE,MIN,3,2,1.0,0.5012670902270421,0.5013,CLE,CLE,1
20240517_NYM@MIA,2024-05-17,MIA,NYM,8,0,1.0,0.42584986977184813,0.4258,NYM,MIA,0
20240517_PIT@CHC,2024-05-17,CHC,PIT,3,9,0.0,0.5664462071887763,0.5664,CHC,PIT,0
20240517_SD@ATL,2024-05-17,ATL,SD,1,3,0.0,0.5334370596930854,0.5334,ATL,SD,0
20240517_SEA@BAL,2024-05-17,BAL,SEA,9,2,1.0,0.5294214395805504,0.5294,BAL,BAL,1
20240517_TB@TOR,2024-05-17,TOR,TB,3,4,0.0,0.5250960103470663,0.5251,TOR,TB,0
20240517_WSH@PHI,2024-05-17,PHI,WSH,4,2,1.0,0.6464112499809209,0.6464,PHI,PHI,1
20240516_ATH@HOU,2024-05-16,HOU,ATH,8,1,1.0,0.5972064967541733,0.5972,HOU,HOU,1
20240516_CIN@LAD,2024-05-16,LAD,CIN,2,7,0.0,0.654189379460695,0.6542,LAD,CIN,0
20240516_NYM@PHI,2024-05-16,PHI,NYM,5,6,0.0,0.6239384415018843,0.6239,PHI,NYM,0
20240516_NYY@MIN,2024-05-16,MIN,NYY,0,5,0.0,0.3956587416690294,0.3957,NYY,NYY,1
20240516_PIT@CHC,2024-05-16,CHC,PIT,4,5,0.0,0.5390972355630492,0.5391,CHC,PIT,0
20240516_TB@BOS,2024-05-16,BOS,TB,5,7,0.0,0.5074088290673603,0.5074,BOS,TB,0
20240515_ATH@HOU,2024-05-15,HOU,ATH,3,0,1.0,0.49951622404459617,0.4995,ATH,HOU,0
20240515_CHC@ATL,2024-05-15,ATL,CHC,1,7,0.0,0.5565534116889364,0.5566,ATL,CHC,0
20240515_CIN@AZ,2024-05-15,AZ,CIN,2,1,1.0,0.5301277411016222,0.5301,AZ,AZ,1
20240515_CLE@TEX,2024-05-15,TEX,CLE,4,0,1.0,0.4949429060969724,0.4949,CLE,TEX,0
20240515_COL@SD,2024-05-15,SD,COL,0,8,0.0,0.5430439825012635,0.543,SD,COL,0
20240515_KC@SEA,2024-05-15,SEA,KC,4,2,1.0,0.48425679387225423,0.4843,KC,SEA,0
20240515_LAD@SF,2024-05-15,SF,LAD,4,1,1.0,0.43741482477188076,0.4374,LAD,SF,0
20240515_MIA@DET,2024-05-15,DET,MIA,0,2,0.0,0.5783149013412415,0.5783,DET,MIA,0
20240515_NYM@PHI,2024-05-15,PHI,NYM,10,5,1.0,0.5680185765370043,0.568,PHI,PHI,1
20240515_NYY@MIN,2024-05-15,MIN,NYY,0,4,0.0,0.5237960028478468,0.5238,MIN,NYY,0
20240515_PIT@MIL,2024-05-15,MIL,PIT,10,2,1.0,0.5553342512507815,0.5553,MIL,MIL,1
20240515_STL@LAA,2024-05-15,LAA,STL,7,2,1.0,0.47971717511025613,0.4797,STL,LAA,0
20240515_TB@BOS,2024-05-15,BOS,TB,3,4,0.0,0.5152585709912956,0.5153,BOS,TB,0
20240515_TOR@BAL,2024-05-15,BAL,TOR,3,2,1.0,0.5726546569003429,0.5727,BAL,BAL,1
20240515_WSH@CWS,2024-05-15,CWS,WSH,2,0,1.0,0.4630363238602438,0.463,WSH,CWS,0
20240514_ATH@HOU,2024-05-14,HOU,ATH,2,1,1.0,0.4947195230343149,0.4947,ATH,HOU,0
20240514_CHC@ATL,2024-05-14,ATL,CHC,7,0,1.0,0.5380536964285919,0.5381,ATL,ATL,1
20240514_CIN@AZ,2024-05-14,AZ,CIN,2,6,0.0,0.5330538572381222,0.5331,AZ,CIN,0
20240514_CLE@TEX,2024-05-14,TEX,CLE,4,7,0.0,0.5243898608515251,0.5244,TEX,CLE,0
20240514_COL@SD,2024-05-14,SD,COL,3,6,0.0,0.5709557590403932,0.571,SD,COL,0
20240514_KC@SEA,2024-05-14,SEA,KC,2,4,0.0,0.5076634853557896,0.5077,SEA,KC,0
20240514_LAD@SF,2024-05-14,SF,LAD,2,10,0.0,0.4376943498973247,0.4377,LAD,LAD,1
20240514_MIA@DET,2024-05-14,DET,MIA,0,1,0.0,0.5729295754274224,0.5729,DET,MIA,0
20240514_NYY@MIN,2024-05-14,MIN,NYY,1,5,0.0,0.48810697303710604,0.4881,NYY,NYY,1
20240514_PHI@NYM,2024-05-14,NYM,PHI,0,4,0.0,0.45760386222594857,0.4576,PHI,PHI,1
20240514_PIT@MIL,2024-05-14,MIL,PIT,4,3,1.0,0.5390811918409619,0.5391,MIL,MIL,1
20240514_STL@LAA,2024-05-14,LAA,STL,6,7,0.0,0.5208890395889337,0.5209,LAA,STL,0
20240514_TB@BOS,2024-05-14,BOS,TB,5,4,1.0,0.5251059680686327,0.5251,BOS,BOS,1
20240514_WSH@CWS,2024-05-14,CWS,WSH,4,0,1.0,0.4357506045755475,0.4358,WSH,CWS,0
20240514_WSH@CWS_2,2024-05-14,CWS,WSH,3,6,0.0,0.46800655493198884,0.468,WSH,WSH,1
20240513_ATH@HOU,2024-05-13,HOU,ATH,9,2,1.0,0.4776248558470731,0.4776,ATH,HOU,0
20240513_CHC@ATL,2024-05-13,ATL,CHC,2,0,1.0,0.5659458223159327,0.5659,ATL,ATL,1
20240513_CIN@AZ,2024-05-13,AZ,CIN,6,5,1.0,0.5248458960565496,0.5248,AZ,AZ,1
20240513_CLE@TEX,2024-05-13,TEX,CLE,0,7,0.0,0.48311378816746203,0.4831,CLE,CLE,1
20240513_COL@SD,2024-05-13,SD,COL,4,5,0.0,0.5803659618191375,0.5804,SD,COL,0
20240513_KC@SEA,2024-05-13,SEA,KC,6,2,1.0,0.5019121164520376,0.5019,SEA,SEA,1
20240513_LAD@SF,2024-05-13,SF,LAD,4,6,0.0,0.439644515264588,0.4396,LAD,LAD,1
20240513_MIA@DET,2024-05-13,DET,MIA,6,5,1.0,0.560451906200432,0.5605,DET,DET,1
20240513_PHI@NYM,2024-05-13,NYM,PHI,4,5,0.0,0.4434070508527763,0.4434,PHI,PHI,1
20240513_PIT@MIL,2024-05-13,MIL,PIT,6,8,0.0,0.5616472872014571,0.5616,MIL,PIT,0
20240513_STL@LAA,2024-05-13,LAA,STL,5,10,0.0,0.5137265825099835,0.5137,LAA,STL,0
20240513_TB@BOS,2024-05-13,BOS,TB,3,5,0.0,0.522269004968325,0.5223,BOS,TB,0
20240513_TOR@BAL,2024-05-13,BAL,TOR,2,3,0.0,0.575640383951442,0.5756,BAL,TOR,0
20240512_ATH@SEA,2024-05-12,SEA,ATH,8,4,1.0,0.51491157681573,0.5149,SEA,SEA,1
20240512_ATL@NYM,2024-05-12,NYM,ATL,4,3,1.0,0.4497878242102799,0.4498,ATL,NYM,0
20240512_AZ@BAL,2024-05-12,BAL,AZ,2,9,0.0,0.5840441224195564,0.584,BAL,AZ,0
20240512_CHC@PIT,2024-05-12,PIT,CHC,4,5,0.0,0.4656999667458242,0.4657,CHC,CHC,1
20240512_CIN@SF,2024-05-12,SF,CIN,6,5,1.0,0.5001442985953207,0.5001,SF,SF,1
20240512_CLE@CWS,2024-05-12,CWS,CLE,0,7,0.0,0.4261783526762652,0.4262,CLE,CLE,1
20240512_HOU@DET,2024-05-12,DET,HOU,3,9,0.0,0.5315448836007824,0.5315,DET,HOU,0
20240512_KC@LAA,2024-05-12,LAA,KC,2,4,0.0,0.44494653690581737,0.4449,KC,KC,1
20240512_LAD@SD,2024-05-12,SD,LAD,4,0,1.0,0.45942296949871747,0.4594,LAD,SD,0
20240512_MIN@TOR,2024-05-12,TOR,MIN,1,5,0.0,0.46893294540801733,0.4689,MIN,MIN,1
20240512_NYY@TB,2024-05-12,TB,NYY,6,10,0.0,0.4845630920070689,0.4846,NYY,NYY,1
20240512_PHI@MIA,2024-05-12,MIA,PHI,7,6,1.0,0.39282710259485826,0.3928,PHI,MIA,0
20240512_STL@MIL,2024-05-12,MIL,STL,3,4,0.0,0.5783401886501511,0.5783,MIL,STL,0
20240512_TEX@COL,2024-05-12,COL,TEX,3,1,1.0,0.35473053597480964,0.3547,TEX,COL,0
20240512_WSH@BOS,2024-05-12,BOS,WSH,3,2,1.0,0.5163453296272381,0.5163,BOS,BOS,1
20240511_ATH@SEA,2024-05-11,SEA,ATH,1,8,0.0,0.5205152924343808,0.5205,SEA,ATH,0
20240511_ATL@NYM,2024-05-11,NYM,ATL,1,4,0.0,0.4574388570168822,0.4574,ATL,ATL,1
20240511_AZ@BAL,2024-05-11,BAL,AZ,5,4,1.0,0.5613618721627021,0.5614,BAL,BAL,1
20240511_CHC@PIT,2024-05-11,PIT,CHC,10,9,1.0,0.4622724701365817,0.4623,CHC,PIT,0
20240511_CIN@SF,2024-05-11,SF,CIN,5,1,1.0,0.5129949851807865,0.513,SF,SF,1
20240511_CLE@CWS,2024-05-11,CWS,CLE,3,1,1.0,0.4278072685145481,0.4278,CLE,CWS,0
20240511_HOU@DET,2024-05-11,DET,HOU,8,2,1.0,0.55004546244117,0.55,DET,DET,1
20240511_KC@LAA,2024-05-11,LAA,KC,9,3,1.0,0.44131641253352594,0.4413,KC,LAA,0
20240511_LAD@SD,2024-05-11,SD,LAD,0,5,0.0,0.44689512429491873,0.4469,LAD,LAD,1
20240511_MIN@TOR,2024-05-11,TOR,MIN,10,8,1.0,0.47098284699869847,0.471,MIN,TOR,0
20240511_NYY@TB,2024-05-11,TB,NYY,7,2,1.0,0.45654074317177906,0.4565,NYY,TB,0
20240511_PHI@MIA,2024-05-11,MIA,PHI,3,8,0.0,0.38856239444309376,0.3886,PHI,PHI,1
20240511_STL@MIL,2024-05-11,MIL,STL,5,3,1.0,0.5719981112751835,0.572,MIL,MIL,1
20240511_TEX@COL,2024-05-11,COL,TEX,8,3,1.0,0.49984363362768197,0.4998,TEX,COL,0
20240511_WSH@BOS,2024-05-11,BOS,WSH,4,2,1.0,0.5023979452365444,0.5024,BOS,BOS,1
20240510_ATH@SEA,2024-05-10,SEA,ATH,8,1,1.0,0.5043896085670971,0.5044,SEA,SEA,1
20240510_ATL@NYM,2024-05-10,NYM,ATL,2,4,0.0,0.455301363216828,0.4553,ATL,ATL,1
20240510_AZ@BAL,2024-05-10,BAL,AZ,4,2,1.0,0.5443795379454393,0.5444,BAL,BAL,1
20240510_CHC@PIT,2024-05-10,PIT,CHC,2,7,0.0,0.48763998697739935,0.4876,CHC,CHC,1
20240510_CIN@SF,2024-05-10,SF,CIN,2,4,0.0,0.5387801051269441,0.5388,SF,CIN,0
20240510_CLE@CWS,2024-05-10,CWS,CLE,6,3,1.0,0.4310464696580737,0.431,CLE,CWS,0
20240510_HOU@DET,2024-05-10,DET,HOU,2,5,0.0,0.5626032461604212,0.5626,DET,HOU,0
20240510_KC@LAA,2024-05-10,LAA,KC,1,2,0.0,0.4448330027196083,0.4448,KC,KC,1
20240510_LAD@SD,2024-05-10,SD,LAD,2,1,1.0,0.45139703464938746,0.4514,LAD,SD,0
20240510_MIN@TOR,2024-05-10,TOR,MIN,2,3,0.0,0.46127901945376587,0.4613,MIN,MIN,1
20240510_NYY@TB,2024-05-10,TB,NYY,0,2,0.0,0.45825544091189385,0.4583,NYY,NYY,1
20240510_PHI@MIA,2024-05-10,MIA,PHI,2,8,0.0,0.36766089692421916,0.3677,PHI,PHI,1
20240510_STL@MIL,2024-05-10,MIL,STL,11,2,1.0,0.586780167790456,0.5868,MIL,MIL,1
20240510_TEX@COL,2024-05-10,COL,TEX,4,2,1.0,0.36344830205976775,0.3634,TEX,COL,0
20240510_WSH@BOS,2024-05-10,BOS,WSH,1,5,0.0,0.5045878842487147,0.5046,BOS,WSH,0
20240509_AZ@CIN,2024-05-09,CIN,AZ,4,5,0.0,0.5255695246921386,0.5256,CIN,AZ,0
20240509_CLE@CWS,2024-05-09,CWS,CLE,3,2,1.0,0.41128484920742475,0.4113,CLE,CWS,0
20240509_HOU@NYY,2024-05-09,NYY,HOU,3,4,0.0,0.5871680097193943,0.5872,NYY,HOU,0
20240509_KC@LAA,2024-05-09,LAA,KC,4,10,0.0,0.4605520711325494,0.4606,KC,KC,1
20240509_SEA@MIN,2024-05-09,MIN,SEA,11,1,1.0,0.49933167550975854,0.4993,SEA,MIN,0
20240509_SF@COL,2024-05-09,COL,SF,9,1,1.0,0.4291171393113384,0.4291,SF,COL,0
20240509_STL@MIL,2024-05-09,MIL,STL,7,1,1.0,0.5822261870089636,0.5822,MIL,MIL,1
20240508_AZ@CIN,2024-05-08,CIN,AZ,3,4,0.0,0.5298766195884771,0.5299,CIN,AZ,0
20240508_BAL@WSH,2024-05-08,WSH,BAL,6,7,0.0,0.4348314489193213,0.4348,BAL,BAL,1
20240508_BOS@ATL,2024-05-08,ATL,BOS,5,0,1.0,0.4878754051050056,0.4879,BOS,ATL,0
20240508_CWS@TB,2024-05-08,TB,CWS,1,4,0.0,0.5457988669531028,0.5458,TB,CWS,0
20240508_DET@CLE,2024-05-08,CLE,DET,5,4,1.0,0.5116308836240931,0.5116,CLE,CLE,1
20240508_HOU@NYY,2024-05-08,NYY,HOU,9,4,1.0,0.5322091976816309,0.5322,NYY,NYY,1
20240508_LAA@PIT,2024-05-08,PIT,LAA,4,5,0.0,0.46349310691402,0.4635,LAA,LAA,1
20240508_MIA@LAD,2024-05-08,LAD,MIA,3,1,1.0,0.5543707954790406,0.5544,LAD,LAD,1
20240508_MIL@KC,2024-05-08,KC,MIL,6,4,1.0,0.45444530974812314,0.4544,MIL,KC,0
20240508_SD@CHC,2024-05-08,CHC,SD,0,3,0.0,0.48620410497114547,0.4862,SD,SD,1
20240508_SEA@MIN,2024-05-08,MIN,SEA,6,3,1.0,0.47588849272957695,0.4759,SEA,MIN,0
20240508_SF@COL,2024-05-08,COL,SF,6,8,0.0,0.4436394266177046,0.4436,SF,SF,1
20240508_TEX@ATH,2024-05-08,ATH,TEX,11,12,0.0,0.4812241875329073,0.4812,TEX,TEX,1
20240508_TEX@ATH_2,2024-05-08,ATH,TEX,9,4,1.0,0.4947212508323965,0.4947,TEX,ATH,0
20240508_TOR@PHI,2024-05-08,PHI,TOR,3,5,0.0,0.5227252177221798,0.5227,PHI,TOR,0
20240507_AZ@CIN,2024-05-07,CIN,AZ,2,6,0.0,0.4711246511422563,0.4711,AZ,AZ,1
20240507_BAL@WSH,2024-05-07,WSH,BAL,3,0,1.0,0.44372277141176303,0.4437,BAL,WSH,0
20240507_BOS@ATL,2024-05-07,ATL,BOS,4,2,1.0,0.5370989275217556,0.5371,ATL,ATL,1
20240507_CWS@TB,2024-05-07,TB,CWS,5,1,1.0,0.5498663423976275,0.5499,TB,TB,1
20240507_DET@CLE,2024-05-07,CLE,DET,7,11,0.0,0.5125964531286673,0.5126,CLE,DET,0
20240507_HOU@NYY,2024-05-07,NYY,HOU,10,3,1.0,0.5401210820078355,0.5401,NYY,NYY,1
20240507_LAA@PIT,2024-05-07,PIT,LAA,0,9,0.0,0.5233291693502206,0.5233,PIT,LAA,0
20240507_MIA@LAD,2024-05-07,LAD,MIA,8,2,1.0,0.5728572685172024,0.5729,LAD,LAD,1
20240507_MIL@KC,2024-05-07,KC,MIL,5,6,0.0,0.48534012221975614,0.4853,MIL,MIL,1
20240507_NYM@STL,2024-05-07,STL,NYM,5,7,0.0,0.47674647126209374,0.4767,NYM,NYM,1
20240507_SD@CHC,2024-05-07,CHC,SD,3,2,1.0,0.4939044796538601,0.4939,SD,CHC,0
20240507_SEA@MIN,2024-05-07,MIN,SEA,6,10,0.0,0.4950593673412606,0.4951,SEA,SEA,1
20240507_SF@COL,2024-05-07,COL,SF,0,5,0.0,0.4541186856621542,0.4541,SF,SF,1
20240507_TEX@ATH,2024-05-07,ATH,TEX,8,15,0.0,0.4767200487692979,0.4767,TEX,TEX,1
20240507_TOR@PHI,2024-05-07,PHI,TOR,10,1,1.0,0.5389354240496858,0.5389,PHI,PHI,1
20240506_CWS@TB,2024-05-06,TB,CWS,8,2,1.0,0.543903832008756,0.5439,TB,TB,1
20240506_DET@CLE,2024-05-06,CLE,DET,2,1,1.0,0.4860958184872744,0.4861,DET,CLE,0
20240506_LAA@PIT,2024-05-06,PIT,LAA,4,1,1.0,0.517850468437561,0.5179,PIT,PIT,1
20240506_MIA@LAD,2024-05-06,LAD,MIA,6,3,1.0,0.568283403087503,0.5683,LAD,LAD,1
20240506_MIL@KC,2024-05-06,KC,MIL,3,2,1.0,0.5090489082111147,0.509,KC,KC,1
20240506_NYM@STL,2024-05-06,STL,NYM,3,4,0.0,0.47309990318349093,0.4731,NYM,NYM,1
20240506_SD@CHC,2024-05-06,CHC,SD,3,6,0.0,0.5102779692690528,0.5103,CHC,SD,0
20240506_SEA@MIN,2024-05-06,MIN,SEA,3,1,1.0,0.48852739024511055,0.4885,SEA,MIN,0
20240506_SF@PHI,2024-05-06,PHI,SF,6,1,1.0,0.5300893829008199,0.5301,PHI,PHI,1
20240506_TEX@ATH,2024-05-06,ATH,TEX,2,4,0.0,0.5040994785546258,0.5041,ATH,TEX,0
20240505_ATL@LAD,2024-05-05,LAD,ATL,5,1,1.0,0.4948177855726733,0.4948,ATL,LAD,0
20240505_BAL@CIN,2024-05-05,CIN,BAL,1,11,0.0,0.4380337594207902,0.438,BAL,BAL,1
20240505_BOS@MIN,2024-05-05,MIN,BOS,2,9,0.0,0.517839023794329,0.5178,MIN,BOS,0
20240505_COL@PIT,2024-05-05,PIT,COL,5,3,1.0,0.5018557298952955,0.5019,PIT,PIT,1
20240505_CWS@STL,2024-05-05,STL,CWS,1,5,0.0,0.5533339977424621,0.5533,STL,CWS,0
20240505_DET@NYY,2024-05-05,NYY,DET,5,2,1.0,0.5171164010903555,0.5171,NYY,NYY,1
20240505_LAA@CLE,2024-05-05,CLE,LAA,4,1,1.0,0.5167356981470866,0.5167,CLE,CLE,1
20240505_MIA@ATH,2024-05-05,ATH,MIA,3,12,0.0,0.5531366072054527,0.5531,ATH,MIA,0
20240505_MIL@CHC,2024-05-05,CHC,MIL,5,0,1.0,0.4798164870611932,0.4798,MIL,CHC,0
20240505_NYM@TB,2024-05-05,TB,NYM,7,6,1.0,0.49098434623321385,0.491,NYM,TB,0
20240505_SD@AZ,2024-05-05,AZ,SD,11,4,1.0,0.46525253573867054,0.4653,SD,AZ,0
20240505_SEA@HOU,2024-05-05,HOU,SEA,4,5,0.0,0.4628586557410552,0.4629,SEA,SEA,1
20240505_SF@PHI,2024-05-05,PHI,SF,5,4,1.0,0.5200603165693088,0.5201,PHI,PHI,1
20240505_TEX@KC,2024-05-05,KC,TEX,2,3,0.0,0.5018386006235594,0.5018,KC,TEX,0
20240505_TOR@WSH,2024-05-05,WSH,TOR,11,8,1.0,0.48717535598801853,0.4872,TOR,WSH,0
20240504_ATL@LAD,2024-05-04,LAD,ATL,11,2,1.0,0.5102245488972881,0.5102,LAD,LAD,1
20240504_BAL@CIN,2024-05-04,CIN,BAL,1,2,0.0,0.43687269080616536,0.4369,BAL,BAL,1
20240504_BOS@MIN,2024-05-04,MIN,BOS,3,1,1.0,0.5110088877021775,0.511,MIN,MIN,1
20240504_COL@PIT,2024-05-04,PIT,COL,1,0,1.0,0.5618913155912149,0.5619,PIT,PIT,1
20240504_CWS@STL,2024-05-04,STL,CWS,5,6,0.0,0.5334921930964417,0.5335,STL,CWS,0
20240504_DET@NYY,2024-05-04,NYY,DET,5,3,1.0,0.5038026825145906,0.5038,NYY,NYY,1
20240504_LAA@CLE,2024-05-04,CLE,LAA,7,1,1.0,0.518634684604964,0.5186,CLE,CLE,1
20240504_MIA@ATH,2024-05-04,ATH,MIA,20,4,1.0,0.5284231144055134,0.5284,ATH,ATH,1
20240504_MIL@CHC,2024-05-04,CHC,MIL,6,5,1.0,0.47017607295603137,0.4702,MIL,CHC,0
20240504_NYM@TB,2024-05-04,TB,NYM,3,1,1.0,0.48477305880355587,0.4848,NYM,TB,0
20240504_SD@AZ,2024-05-04,AZ,SD,1,13,0.0,0.4724643703587406,0.4725,SD,SD,1
20240504_SEA@HOU,2024-05-04,HOU,SEA,0,5,0.0,0.5271947593499781,0.5272,HOU,SEA,0
20240504_SF@PHI,2024-05-04,PHI,SF,14,3,1.0,0.5366374040905962,0.5366,PHI,PHI,1
20240504_TEX@KC,2024-05-04,KC,TEX,4,15,0.0,0.5298122585643188,0.5298,KC,TEX,0
20240504_TOR@WSH,2024-05-04,WSH,TOR,3,6,0.0,0.5083500961865008,0.5084,WSH,TOR,0
20240503_ATL@LAD,2024-05-03,LAD,ATL,4,3,1.0,0.4982648985729976,0.4983,ATL,LAD,0
20240503_BAL@CIN,2024-05-03,CIN,BAL,0,3,0.0,0.5312699594494175,0.5313,CIN,BAL,0
20240503_BOS@MIN,2024-05-03,MIN,BOS,5,2,1.0,0.4954131326967292,0.4954,BOS,MIN,0
20240503_COL@PIT,2024-05-03,PIT,COL,2,3,0.0,0.5208829423145792,0.5209,PIT,COL,0
20240503_CWS@STL,2024-05-03,STL,CWS,3,0,1.0,0.548956415825232,0.549,STL,STL,1
20240503_DET@NYY,2024-05-03,NYY,DET,2,1,1.0,0.5065304616808596,0.5065,NYY,NYY,1
20240503_LAA@CLE,2024-05-03,CLE,LAA,0,6,0.0,0.5154176085627389,0.5154,CLE,LAA,0
20240503_MIA@ATH,2024-05-03,ATH,MIA,3,1,1.0,0.5169828184930957,0.517,ATH,ATH,1
20240503_MIL@CHC,2024-05-03,CHC,MIL,1,3,0.0,0.4765605679701424,0.4766,MIL,MIL,1
20240503_NYM@TB,2024-05-03,TB,NYM,10,8,1.0,0.4726723304829818,0.4727,NYM,TB,0
20240503_SD@AZ,2024-05-03,AZ,SD,1,7,0.0,0.4614388830365994,0.4614,SD,SD,1
20240503_SEA@HOU,2024-05-03,HOU,SEA,5,3,1.0,0.45865901771476775,0.4587,SEA,HOU,0
20240503_SF@PHI,2024-05-03,PHI,SF,4,3,1.0,0.5287498404826062,0.5287,PHI,PHI,1
20240503_TEX@KC,2024-05-03,KC,TEX,7,1,1.0,0.46492360643958547,0.4649,TEX,KC,0
20240503_TOR@WSH,2024-05-03,WSH,TOR,9,3,1.0,0.47006208060381655,0.4701,TOR,WSH,0
20240502_CHC@NYM,2024-05-02,NYM,CHC,7,6,1.0,0.48291533966315636,0.4829,CHC,NYM,0
20240502_CLE@HOU,2024-05-02,HOU,CLE,8,2,1.0,0.457520203533703,0.4575,CLE,HOU,0
20240502_COL@MIA,2024-05-02,MIA,COL,5,4,1.0,0.49913855539784596,0.4991,COL,MIA,0
20240502_NYY@BAL,2024-05-02,BAL,NYY,7,2,1.0,0.5066291021350421,0.5066,BAL,BAL,1
20240502_SF@BOS,2024-05-02,BOS,SF,1,3,0.0,0.5273060347342875,0.5273,BOS,SF,0
20240502_WSH@TEX,2024-05-02,TEX,WSH,6,0,1.0,0.4950174962656683,0.495,WSH,TEX,0
20240501_ATL@SEA,2024-05-01,SEA,ATL,2,5,0.0,0.4919469704560456,0.4919,ATL,ATL,1
20240501_CHC@NYM,2024-05-01,NYM,CHC,0,1,0.0,0.48177995731410655,0.4818,CHC,CHC,1
20240501_CIN@SD,2024-05-01,SD,CIN,6,2,1.0,0.49769172402706746,0.4977,CIN,SD,0
20240501_CLE@HOU,2024-05-01,HOU,CLE,2,3,0.0,0.5339223034298036,0.5339,HOU,CLE,0
20240501_COL@MIA,2024-05-01,MIA,COL,4,1,1.0,0.4958341872536117,0.4958,COL,MIA,0
20240501_KC@TOR,2024-05-01,TOR,KC,1,6,0.0,0.4680298471951264,0.468,KC,KC,1
20240501_LAD@AZ,2024-05-01,AZ,LAD,0,8,0.0,0.47230127525976007,0.4723,LAD,LAD,1
20240501_MIN@CWS,2024-05-01,CWS,MIN,5,10,0.0,0.48857582211235456,0.4886,MIN,MIN,1
20240501_NYY@BAL,2024-05-01,BAL,NYY,0,2,0.0,0.5132437346134369,0.5132,BAL,NYY,0
20240501_PHI@LAA,2024-05-01,LAA,PHI,1,2,0.0,0.457806792436961,0.4578,PHI,PHI,1
20240501_PIT@ATH,2024-05-01,ATH,PIT,4,0,1.0,0.4983594830532491,0.4984,PIT,ATH,0
20240501_SF@BOS,2024-05-01,BOS,SF,6,2,1.0,0.5164747346453479,0.5165,BOS,BOS,1
20240501_STL@DET,2024-05-01,DET,STL,4,1,1.0,0.4975884286454074,0.4976,STL,DET,0
20240501_TB@MIL,2024-05-01,MIL,TB,7,1,1.0,0.5465206352574047,0.5465,MIL,MIL,1
20240501_WSH@TEX,2024-05-01,TEX,WSH,0,1,0.0,0.4943771401001713,0.4944,WSH,WSH,1
20240430_ATL@SEA,2024-04-30,SEA,ATL,3,2,1.0,0.46206739496474547,0.4621,ATL,SEA,0
20240430_CHC@NYM,2024-04-30,NYM,CHC,4,2,1.0,0.47134065324631674,0.4713,CHC,NYM,0
20240430_CIN@SD,2024-04-30,SD,CIN,6,4,1.0,0.48935401931806743,0.4894,CIN,SD,0
20240430_CLE@HOU,2024-04-30,HOU,CLE,10,9,1.0,0.504499268043413,0.5045,HOU,HOU,1
20240430_COL@MIA,2024-04-30,MIA,COL,7,6,1.0,0.48978379452684223,0.4898,COL,MIA,0
20240430_KC@TOR,2024-04-30,TOR,KC,1,4,0.0,0.49408547907982914,0.4941,KC,KC,1
20240430_LAD@AZ,2024-04-30,AZ,LAD,4,3,1.0,0.4664620368519051,0.4665,LAD,AZ,0
20240430_MIN@CWS,2024-04-30,CWS,MIN,5,6,0.0,0.47073663150592526,0.4707,MIN,MIN,1
20240430_NYY@BAL,2024-04-30,BAL,NYY,4,2,1.0,0.5161150353616385,0.5161,BAL,BAL,1
20240430_PHI@LAA,2024-04-30,LAA,PHI,5,7,0.0,0.518110870923739,0.5181,LAA,PHI,0
20240430_PIT@ATH,2024-04-30,ATH,PIT,5,2,1.0,0.4836631141421614,0.4837,PIT,ATH,0
20240430_SF@BOS,2024-04-30,BOS,SF,4,0,1.0,0.5224813383892861,0.5225,BOS,BOS,1
20240430_STL@DET,2024-04-30,DET,STL,1,2,0.0,0.4963453943357678,0.4963,STL,STL,1
20240430_STL@DET_2,2024-04-30,DET,STL,11,6,1.0,0.5071861001955666,0.5072,DET,DET,1
20240430_TB@MIL,2024-04-30,MIL,TB,8,2,1.0,0.51966297011171,0.5197,MIL,MIL,1
20240430_WSH@TEX,2024-04-30,TEX,WSH,7,1,1.0,0.5065219638455006,0.5065,TEX,TEX,1
20240429_ATL@SEA,2024-04-29,SEA,ATL,2,1,1.0,0.4778961686579458,0.4779,ATL,SEA,0
20240429_CHC@NYM,2024-04-29,NYM,CHC,1,3,0.0,0.4981589404120548,0.4982,CHC,CHC,1
20240429_CIN@SD,2024-04-29,SD,CIN,2,5,0.0,0.49029170084405665,0.4903,CIN,CIN,1
20240429_KC@TOR,2024-04-29,TOR,KC,6,5,1.0,0.4487321615782991,0.4487,KC,TOR,0
20240429_LAD@AZ,2024-04-29,AZ,LAD,4,8,0.0,0.494185428862805,0.4942,LAD,LAD,1
20240429_MIN@CWS,2024-04-29,CWS,MIN,2,3,0.0,0.4752100830311411,0.4752,MIN,MIN,1
20240429_NYY@BAL,2024-04-29,BAL,NYY,2,0,1.0,0.5107310633916762,0.5107,BAL,BAL,1
20240429_PHI@LAA,2024-04-29,LAA,PHI,6,5,1.0,0.4973198551696417,0.4973,PHI,LAA,0
20240429_PIT@ATH,2024-04-29,ATH,PIT,5,1,1.0,0.4779753499155357,0.478,PIT,ATH,0
20240429_TB@MIL,2024-04-29,MIL,TB,0,1,0.0,0.5404452235986477,0.5404,MIL,TB,0
20240429_WSH@MIA,2024-04-29,MIA,WSH,2,7,0.0,0.5031670775716394,0.5032,MIA,WSH,0
20240428_ATH@BAL,2024-04-28,BAL,ATH,6,7,0.0,0.5487404138962254,0.5487,BAL,ATH,0
20240428_AZ@SEA,2024-04-28,SEA,AZ,2,3,0.0,0.5146304683454854,0.5146,SEA,AZ,0
20240428_CHC@BOS,2024-04-28,BOS,CHC,5,4,1.0,0.5083357165267627,0.5083,BOS,BOS,1
20240428_CIN@TEX,2024-04-28,TEX,CIN,4,3,1.0,0.510091149012866,0.5101,TEX,TEX,1
20240428_CLE@ATL,2024-04-28,ATL,CLE,4,3,1.0,0.529877396918377,0.5299,ATL,ATL,1
20240428_HOU@COL,2024-04-28,COL,HOU,2,8,0.0,0.4874000094514995,0.4874,HOU,HOU,1
20240428_KC@DET,2024-04-28,DET,KC,4,1,1.0,0.4915948541963092,0.4916,KC,DET,0
20240428_LAD@TOR,2024-04-28,TOR,LAD,3,1,1.0,0.4713970653473825,0.4714,LAD,TOR,0
20240428_MIN@LAA,2024-04-28,LAA,MIN,5,11,0.0,0.4828992189015942,0.4829,MIN,MIN,1
20240428_NYY@MIL,2024-04-28,MIL,NYY,5,15,0.0,0.5230467372063932,0.523,MIL,NYY,0
20240428_PHI@SD,2024-04-28,SD,PHI,6,8,0.0,0.46064843460149035,0.4606,PHI,PHI,1
20240428_PIT@SF,2024-04-28,SF,PIT,3,2,1.0,0.5071655601624933,0.5072,SF,SF,1
20240428_STL@NYM,2024-04-28,NYM,STL,4,2,1.0,0.5387891112182144,0.5388,NYM,NYM,1
20240428_TB@CWS,2024-04-28,CWS,TB,4,2,1.0,0.48726894933622805,0.4873,TB,CWS,0
20240428_WSH@MIA,2024-04-28,MIA,WSH,9,12,0.0,0.4777439040627609,0.4777,WSH,WSH,1
20240427_ATH@BAL,2024-04-27,BAL,ATH,7,0,1.0,0.5603367815804979,0.5603,BAL,BAL,1
20240427_AZ@SEA,2024-04-27,SEA,AZ,3,1,1.0,0.5156496320440034,0.5156,SEA,SEA,1
20240427_CHC@BOS,2024-04-27,BOS,CHC,17,0,1.0,0.4832847534096859,0.4833,CHC,BOS,0
20240427_CIN@TEX,2024-04-27,TEX,CIN,4,8,0.0,0.5005198560705877,0.5005,TEX,CIN,0
20240427_CLE@ATL,2024-04-27,ATL,CLE,2,4,0.0,0.5392642530064993,0.5393,ATL,CLE,0
20240427_HOU@COL,2024-04-27,COL,HOU,4,12,0.0,0.4999598105045012,0.5,HOU,HOU,1
20240427_KC@DET,2024-04-27,DET,KC,6,5,1.0,0.49335775653025316,0.4934,KC,DET,0
20240427_LAD@TOR,2024-04-27,TOR,LAD,2,4,0.0,0.511817524538125,0.5118,TOR,LAD,0
20240427_MIN@LAA,2024-04-27,LAA,MIN,5,16,0.0,0.5244632509482061,0.5245,LAA,MIN,0
20240427_NYY@MIL,2024-04-27,MIL,NYY,3,15,0.0,0.4897512111291828,0.4898,NYY,NYY,1
20240427_PHI@SD,2024-04-27,SD,PHI,1,5,0.0,0.5023494348882885,0.5023,SD,PHI,0
20240427_PIT@SF,2024-04-27,SF,PIT,3,4,0.0,0.501377460738792,0.5014,SF,PIT,0
20240427_STL@NYM,2024-04-27,NYM,STL,4,7,0.0,0.520467779832703,0.5205,NYM,STL,0
20240427_TB@CWS,2024-04-27,CWS,TB,8,7,1.0,0.4835070710958978,0.4835,TB,CWS,0
20240427_WSH@MIA,2024-04-27,MIA,WSH,4,11,0.0,0.476601674351732,0.4766,WSH,WSH,1
20240426_ATH@BAL,2024-04-26,BAL,ATH,2,3,0.0,0.5531140195989473,0.5531,BAL,ATH,0
20240426_AZ@SEA,2024-04-26,SEA,AZ,6,1,1.0,0.49052805040483427,0.4905,AZ,SEA,0
20240426_CHC@BOS,2024-04-26,BOS,CHC,1,7,0.0,0.5053639384408644,0.5054,BOS,CHC,0
20240426_CIN@TEX,2024-04-26,TEX,CIN,2,1,1.0,0.5050562247623642,0.5051,TEX,TEX,1
20240426_CLE@ATL,2024-04-26,ATL,CLE,6,2,1.0,0.5440210901120089,0.544,ATL,ATL,1
20240426_KC@DET,2024-04-26,DET,KC,0,8,0.0,0.4629858848447735,0.463,KC,KC,1
20240426_LAD@TOR,2024-04-26,TOR,LAD,2,12,0.0,0.5010703037481776,0.5011,TOR,LAD,0
20240426_MIN@LAA,2024-04-26,LAA,MIN,3,5,0.0,0.5154668556789146,0.5155,LAA,MIN,0
20240426_NYY@MIL,2024-04-26,MIL,NYY,7,6,1.0,0.5153781016136892,0.5154,MIL,MIL,1
20240426_PHI@SD,2024-04-26,SD,PHI,3,9,0.0,0.5303118727421867,0.5303,SD,PHI,0
20240426_PIT@SF,2024-04-26,SF,PIT,3,0,1.0,0.4904194018400587,0.4904,PIT,SF,0
20240426_STL@NYM,2024-04-26,NYM,STL,2,4,0.0,0.5298697726433267,0.5299,NYM,STL,0
20240426_TB@CWS,2024-04-26,CWS,TB,9,4,1.0,0.4622531326948238,0.4623,TB,CWS,0
20240426_WSH@MIA,2024-04-26,MIA,WSH,1,3,0.0,0.46451676708242434,0.4645,WSH,WSH,1
20240425_ATH@NYY,2024-04-25,NYY,ATH,1,3,0.0,0.548125681540927,0.5481,NYY,ATH,0
20240425_BOS@CLE,2024-04-25,CLE,BOS,6,4,1.0,0.5206031040533936,0.5206,CLE,CLE,1
20240425_CWS@MIN,2024-04-25,MIN,CWS,6,3,1.0,0.5145906521380351,0.5146,MIN,MIN,1
20240425_HOU@CHC,2024-04-25,CHC,HOU,3,1,1.0,0.5420851654400635,0.5421,CHC,CHC,1
20240425_LAD@WSH,2024-04-25,WSH,LAD,1,2,0.0,0.5212334817319264,0.5212,WSH,LAD,0
20240425_MIL@PIT,2024-04-25,PIT,MIL,5,7,0.0,0.45278002473907514,0.4528,MIL,MIL,1
20240425_PHI@CIN,2024-04-25,CIN,PHI,0,5,0.0,0.48465100876531525,0.4847,PHI,PHI,1
20240425_SD@COL,2024-04-25,COL,SD,10,9,1.0,0.46474854377373076,0.4647,SD,COL,0
20240425_SEA@TEX,2024-04-25,TEX,SEA,3,4,0.0,0.5067201278760607,0.5067,TEX,SEA,0
20240425_TOR@KC,2024-04-25,KC,TOR,2,1,1.0,0.49968835858997257,0.4997,TOR,KC,0
