game_id,game_date,home_team,away_team,home_score,away_score,home_win,home_win_prob_model,home_win_prob_model_calibrated,model_pick,actual_winner,correct
20261001_PHI@ATL,2026-10-01,ATL,PHI,6,2,1.0,0.5388726300423624,0.5344,ATL,ATL,1
20260930_BOS@NYY,2026-09-30,NYY,BOS,9,2,1.0,0.5551505912023225,0.5536,NYY,NYY,1
20260930_CHC@SD,2026-09-30,SD,CHC,4,1,1.0,0.5785289199789669,0.581,SD,SD,1
20260930_CWS@HOU,2026-09-30,HOU,CWS,3,7,0.0,0.5653728517941962,0.5656,HOU,CWS,0
20260930_PHI@ATL,2026-09-30,ATL,PHI,3,4,0.0,0.5290471788453585,0.5229,ATL,PHI,0
20260929_BOS@NYY,2026-09-29,NYY,BOS,9,0,1.0,0.5619754130261179,0.5609,NYY,NYY,1
20260929_CHC@SD,2026-09-29,SD,CHC,8,0,1.0,0.5550378795137205,0.5527,SD,SD,1
20260929_CWS@HOU,2026-09-29,HOU,CWS,3,6,0.0,0.5571305020515837,0.5552,HOU,CWS,0
20260929_PHI@ATL,2026-09-29,ATL,PHI,5,3,1.0,0.5505319906196984,0.5474,ATL,ATL,1
20260927_ATL@MIA,2026-09-27,MIA,ATL,5,3,1.0,0.47409179762084036,0.4818,ATL,MIA,0
20260927_AZ@SD,2026-09-27,SD,AZ,9,4,1.0,0.5192446438807947,0.5104,SD,SD,1
20260927_CHC@BOS,2026-09-27,BOS,CHC,2,6,0.0,0.4946125739314084,0.5,CHC,CHC,1
20260927_CIN@TOR,2026-09-27,TOR,CIN,5,1,1.0,0.5562184539668885,0.5541,TOR,TOR,1
20260927_CLE@KC,2026-09-27,KC,CLE,3,2,1.0,0.42941908685758523,0.4289,CLE,KC,0
20260927_COL@CWS,2026-09-27,CWS,COL,4,2,1.0,0.5667251690851343,0.5665,CWS,CWS,1
20260927_HOU@ATH,2026-09-27,ATH,HOU,0,9,0.0,0.46749019032451344,0.4739,HOU,HOU,1
20260927_LAA@SEA,2026-09-27,SEA,LAA,7,3,1.0,0.6044819326981078,0.611,SEA,SEA,1
20260927_LAD@SF,2026-09-27,SF,LAD,1,5,0.0,0.404292908581742,0.3993,LAD,LAD,1
20260927_NYM@WSH,2026-09-27,WSH,NYM,6,4,1.0,0.506710509561119,0.5,WSH,WSH,1
20260927_PIT@DET,2026-09-27,DET,PIT,2,4,0.0,0.5282690925181021,0.521,DET,PIT,0
20260927_STL@MIL,2026-09-27,MIL,STL,6,4,1.0,0.6621099537569296,0.6782,MIL,MIL,1
20260927_TB@PHI,2026-09-27,PHI,TB,7,3,1.0,0.5561607837826056,0.554,PHI,PHI,1
20260927_TEX@MIN,2026-09-27,MIN,TEX,6,4,1.0,0.5342982815790588,0.5282,MIN,MIN,1
20260926_ATL@MIA,2026-09-26,MIA,ATL,3,8,0.0,0.49726491763185976,0.5,ATL,ATL,1
20260926_AZ@SD,2026-09-26,SD,AZ,10,7,1.0,0.5408044883232915,0.5359,SD,SD,1
20260926_CIN@TOR,2026-09-26,TOR,CIN,1,5,0.0,0.585976291105289,0.5893,TOR,CIN,0
20260926_CLE@KC,2026-09-26,KC,CLE,5,11,0.0,0.48732576387334664,0.4974,CLE,CLE,1
20260926_COL@CWS,2026-09-26,CWS,COL,6,9,0.0,0.5977460785611761,0.6031,CWS,COL,0
20260926_HOU@ATH,2026-09-26,ATH,HOU,2,13,0.0,0.4796972155925808,0.4884,HOU,HOU,1
20260926_LAA@SEA,2026-09-26,SEA,LAA,8,4,1.0,0.6278572454986504,0.6384,SEA,SEA,1
20260926_LAD@SF,2026-09-26,SF,LAD,3,4,0.0,0.379169055847651,0.3698,LAD,LAD,1
20260926_NYM@WSH,2026-09-26,WSH,NYM,1,7,0.0,0.46829398269672445,0.4749,NYM,NYM,1
20260926_PIT@DET,2026-09-26,DET,PIT,4,3,1.0,0.5394569413713016,0.5343,DET,DET,1
20260926_STL@MIL,2026-09-26,MIL,STL,3,2,1.0,0.6170071028376372,0.6257,MIL,MIL,1
20260926_TB@PHI,2026-09-26,PHI,TB,1,12,0.0,0.512845475606224,0.5028,PHI,TB,0
20260926_TEX@MIN,2026-09-26,MIN,TEX,2,6,0.0,0.5349503928127125,0.5289,MIN,TEX,0
20260925_ATL@MIA,2026-09-25,MIA,ATL,3,0,1.0,0.49146848191402304,0.5,ATL,MIA,0
20260925_AZ@SD,2026-09-25,SD,AZ,4,11,0.0,0.5368079200354308,0.5311,SD,AZ,0
20260925_BAL@NYY,2026-09-25,NYY,BAL,2,10,0.0,0.5579675894497929,0.5562,NYY,BAL,0
20260925_BAL@NYY_2,2026-09-25,NYY,BAL,6,3,1.0,0.552293203665806,0.5495,NYY,NYY,1
20260925_CHC@BOS,2026-09-25,BOS,CHC,2,0,1.0,0.5128345893605157,0.5028,BOS,BOS,1
20260925_CHC@BOS_2,2026-09-25,BOS,CHC,4,3,1.0,0.5146794580752371,0.505,BOS,BOS,1
20260925_CIN@TOR,2026-09-25,TOR,CIN,6,5,1.0,0.5724873368159151,0.5733,TOR,TOR,1
20260925_CLE@KC,2026-09-25,KC,CLE,9,12,0.0,0.4530600962949391,0.4569,CLE,CLE,1
20260925_COL@CWS,2026-09-25,CWS,COL,6,1,1.0,0.5917395300834799,0.596,CWS,CWS,1
20260925_HOU@ATH,2026-09-25,ATH,HOU,6,5,1.0,0.42256772195100617,0.4208,HOU,ATH,0
20260925_LAA@SEA,2026-09-25,SEA,LAA,5,7,0.0,0.5876635715725331,0.5912,SEA,LAA,0
20260925_LAD@SF,2026-09-25,SF,LAD,0,2,0.0,0.3825383304806712,0.3737,LAD,LAD,1
20260925_NYM@WSH,2026-09-25,WSH,NYM,7,6,1.0,0.5001777320317596,0.5,WSH,WSH,1
20260925_PIT@DET,2026-09-25,DET,PIT,8,7,1.0,0.5186506714050002,0.5097,DET,DET,1
20260925_STL@MIL,2026-09-25,MIL,STL,8,4,1.0,0.6302613698450793,0.6412,MIL,MIL,1
20260925_TB@PHI,2026-09-25,PHI,TB,0,2,0.0,0.5333712366344319,0.5271,PHI,TB,0
20260925_TEX@MIN,2026-09-25,MIN,TEX,10,2,1.0,0.4945438091299798,0.5,TEX,MIN,0
20260924_AZ@COL,2026-09-24,COL,AZ,8,12,0.0,0.43762441238643873,0.4386,AZ,AZ,1
20260924_CIN@ATL,2026-09-24,ATL,CIN,6,7,0.0,0.6137976572123807,0.622,ATL,CIN,0
20260924_CLE@BOS,2026-09-24,BOS,CLE,0,1,0.0,0.48789211775087415,0.4981,CLE,CLE,1
20260924_CWS@KC,2026-09-24,KC,CWS,1,9,0.0,0.5397305583534421,0.5346,KC,CWS,0
20260924_HOU@ATH,2026-09-24,ATH,HOU,5,7,0.0,0.45541652596385634,0.4597,HOU,HOU,1
20260924_LAA@SEA,2026-09-24,SEA,LAA,4,6,0.0,0.6121035838576733,0.62,SEA,LAA,0
20260924_MIA@CHC,2026-09-24,CHC,MIA,2,1,1.0,0.5762655722798159,0.5778,CHC,CHC,1
20260924_MIL@PHI,2026-09-24,PHI,MIL,1,5,0.0,0.5036482957296263,0.5,PHI,MIL,0
20260924_NYM@TEX,2026-09-24,TEX,NYM,3,1,1.0,0.5502601854228087,0.5471,TEX,TEX,1
20260924_SD@LAD,2026-09-24,LAD,SD,2,4,0.0,0.543101933981077,0.5386,LAD,SD,0
20260924_STL@PIT,2026-09-24,PIT,STL,2,1,1.0,0.5485105953206704,0.545,PIT,PIT,1
20260924_TB@NYY,2026-09-24,NYY,TB,6,4,1.0,0.565261472254773,0.5648,NYY,NYY,1
20260923_AZ@COL,2026-09-23,COL,AZ,3,5,0.0,0.44400105302813164,0.4461,AZ,AZ,1
20260923_CIN@ATL,2026-09-23,ATL,CIN,3,2,1.0,0.6063774828861359,0.6133,ATL,ATL,1
20260923_CLE@BOS,2026-09-23,BOS,CLE,1,0,1.0,0.5002202144552784,0.5,BOS,BOS,1
20260923_CWS@KC,2026-09-23,KC,CWS,5,4,1.0,0.5492248638688587,0.5458,KC,KC,1
20260923_HOU@SEA,2026-09-23,SEA,HOU,6,5,1.0,0.5365968210839984,0.5309,SEA,SEA,1
20260923_LAA@ATH,2026-09-23,ATH,LAA,7,3,1.0,0.4872605605802525,0.4973,LAA,ATH,0
20260923_MIA@CHC,2026-09-23,CHC,MIA,2,3,0.0,0.5786847069027565,0.5807,CHC,MIA,0
20260923_MIL@PHI,2026-09-23,PHI,MIL,1,4,0.0,0.5026888383598208,0.5,PHI,MIL,0
20260923_MIN@SF,2026-09-23,SF,MIN,2,4,0.0,0.5091657010004179,0.5,SF,MIN,0
20260923_NYM@TEX,2026-09-23,TEX,NYM,2,7,0.0,0.5186067776827343,0.5096,TEX,NYM,0
20260923_SD@LAD,2026-09-23,LAD,SD,1,5,0.0,0.5779371521163003,0.5798,LAD,SD,0
20260923_STL@PIT,2026-09-23,PIT,STL,1,5,0.0,0.5356410292339197,0.5298,PIT,STL,0
20260923_TB@NYY,2026-09-23,NYY,TB,9,2,1.0,0.5396020867941898,0.5345,NYY,NYY,1
20260923_TOR@BAL,2026-09-23,BAL,TOR,4,2,1.0,0.5039796272435183,0.5,BAL,BAL,1
20260923_TOR@BAL_2,2026-09-23,BAL,TOR,4,2,1.0,0.5178595326270579,0.5087,BAL,BAL,1
20260923_WSH@DET,2026-09-23,DET,WSH,2,4,0.0,0.5578992970513297,0.5561,DET,WSH,0
20260922_AZ@COL,2026-09-22,COL,AZ,2,7,0.0,0.3981495224392264,0.3921,AZ,AZ,1
20260922_CIN@ATL,2026-09-22,ATL,CIN,0,4,0.0,0.5902283765034145,0.5943,ATL,CIN,0
20260922_CLE@BOS,2026-09-22,BOS,CLE,2,3,0.0,0.5031250054239086,0.5,BOS,CLE,0
20260922_CWS@KC,2026-09-22,KC,CWS,11,14,0.0,0.548894266076631,0.5454,KC,CWS,0
20260922_HOU@SEA,2026-09-22,SEA,HOU,0,7,0.0,0.5379726691355761,0.5325,SEA,HOU,0
20260922_LAA@ATH,2026-09-22,ATH,LAA,9,7,1.0,0.5238112535676664,0.5158,ATH,ATH,1
20260922_MIA@CHC,2026-09-22,CHC,MIA,2,8,0.0,0.5942014026275578,0.5989,CHC,MIA,0
20260922_MIL@PHI,2026-09-22,PHI,MIL,6,4,1.0,0.5341491679606772,0.528,PHI,PHI,1
20260922_MIN@SF,2026-09-22,SF,MIN,2,3,0.0,0.48797149775832516,0.4982,MIN,MIN,1
20260922_NYM@TEX,2026-09-22,TEX,NYM,3,6,0.0,0.56576508617056,0.5654,TEX,NYM,0
20260922_SD@LAD,2026-09-22,LAD,SD,7,0,1.0,0.54057579094639,0.5356,LAD,LAD,1
20260922_STL@PIT,2026-09-22,PIT,STL,2,0,1.0,0.5488371880553858,0.5454,PIT,PIT,1
20260922_TB@NYY,2026-09-22,NYY,TB,1,6,0.0,0.5330413350426528,0.5267,NYY,TB,0
20260922_TB@NYY_2,2026-09-22,NYY,TB,2,0,1.0,0.5316462528295655,0.525,NYY,NYY,1
20260922_WSH@DET,2026-09-22,DET,WSH,1,3,0.0,0.5510548884902561,0.548,DET,WSH,0
20260921_MIN@SF,2026-09-21,SF,MIN,5,2,1.0,0.5098506328816383,0.5,SF,SF,1
20260921_TOR@BAL,2026-09-21,BAL,TOR,4,3,1.0,0.5129946712474138,0.5032,BAL,BAL,1
20260921_WSH@DET,2026-09-21,DET,WSH,9,2,1.0,0.5376042486502567,0.5315,DET,DET,1
20260920_ATH@CLE,2026-09-20,CLE,ATH,1,0,1.0,0.6135920919159997,0.6188,CLE,CLE,1
20260920_ATL@HOU,2026-09-20,HOU,ATL,2,4,0.0,0.5318131938805545,0.5249,HOU,ATL,0
20260920_BOS@TB,2026-09-20,TB,BOS,5,1,1.0,0.5633119212632681,0.5611,TB,TB,1
20260920_CHC@CIN,2026-09-20,CIN,CHC,1,9,0.0,0.44966702362934735,0.4538,CHC,CHC,1
20260920_DET@CWS,2026-09-20,CWS,DET,8,1,1.0,0.4803967711347561,0.4892,DET,CWS,0
20260920_KC@PIT,2026-09-20,PIT,KC,4,3,1.0,0.5486471000121365,0.5442,PIT,PIT,1
20260920_MIA@SD,2026-09-20,SD,MIA,7,3,1.0,0.6058269132661095,0.6099,SD,SD,1
20260920_MIL@BAL,2026-09-20,BAL,MIL,0,3,0.0,0.4262609869976061,0.4269,MIL,MIL,1
20260920_MIN@LAA,2026-09-20,LAA,MIN,0,8,0.0,0.4885809545687905,0.4986,MIN,MIN,1
20260920_NYY@AZ,2026-09-20,AZ,NYY,8,4,1.0,0.4994638835197198,0.5,NYY,AZ,0
20260920_PHI@NYM,2026-09-20,NYM,PHI,2,7,0.0,0.4828373570279637,0.492,PHI,PHI,1
20260920_SEA@COL,2026-09-20,COL,SEA,1,2,0.0,0.46395755217019957,0.4703,SEA,SEA,1
20260920_SF@LAD,2026-09-20,LAD,SF,3,1,1.0,0.6129976779650286,0.6181,LAD,LAD,1
20260920_TOR@TEX,2026-09-20,TEX,TOR,2,7,0.0,0.5467712295798873,0.5421,TEX,TOR,0
20260920_WSH@STL,2026-09-20,STL,WSH,5,3,1.0,0.5383726709377976,0.5324,STL,STL,1
20260919_ATH@CLE,2026-09-19,CLE,ATH,12,6,1.0,0.6047212335833175,0.6087,CLE,CLE,1
20260919_ATL@HOU,2026-09-19,HOU,ATL,3,6,0.0,0.5047589624300741,0.5,HOU,ATL,0
20260919_BOS@TB,2026-09-19,TB,BOS,2,1,1.0,0.5660486901565129,0.5643,TB,TB,1
20260919_CHC@CIN,2026-09-19,CIN,CHC,2,5,0.0,0.4558639857112994,0.461,CHC,CHC,1
20260919_DET@CWS,2026-09-19,CWS,DET,3,1,1.0,0.48394070952228146,0.4933,DET,CWS,0
20260919_KC@PIT,2026-09-19,PIT,KC,6,5,1.0,0.5458115593480228,0.541,PIT,PIT,1
20260919_MIA@SD,2026-09-19,SD,MIA,7,6,1.0,0.5849308746638291,0.586,SD,SD,1
20260919_MIL@BAL,2026-09-19,BAL,MIL,0,1,0.0,0.45711285004751306,0.4624,MIL,MIL,1
20260919_MIN@LAA,2026-09-19,LAA,MIN,6,5,1.0,0.504405628075506,0.5,LAA,LAA,1
20260919_NYY@AZ,2026-09-19,AZ,NYY,5,3,1.0,0.4805920455380026,0.4894,NYY,AZ,0
20260919_PHI@NYM,2026-09-19,NYM,PHI,10,3,1.0,0.5148501356571159,0.5053,NYM,NYM,1
20260919_SEA@COL,2026-09-19,COL,SEA,5,3,1.0,0.5006033361920673,0.5,COL,COL,1
20260919_SF@LAD,2026-09-19,LAD,SF,10,4,1.0,0.6656715998948651,0.678,LAD,LAD,1
20260919_TOR@TEX,2026-09-19,TEX,TOR,6,2,1.0,0.5143781426981775,0.5048,TEX,TEX,1
20260919_WSH@STL,2026-09-19,STL,WSH,5,8,0.0,0.5249913058254932,0.517,STL,WSH,0
20260918_ATH@CLE,2026-09-18,CLE,ATH,5,3,1.0,0.5916277969771171,0.5936,CLE,CLE,1
20260918_ATL@HOU,2026-09-18,HOU,ATL,2,6,0.0,0.49890535234818906,0.5,ATL,ATL,1
20260918_BOS@TB,2026-09-18,TB,BOS,2,4,0.0,0.546109935228973,0.5413,TB,BOS,0
20260918_CHC@CIN,2026-09-18,CIN,CHC,6,4,1.0,0.48187185652953185,0.4909,CHC,CIN,0
20260918_DET@CWS,2026-09-18,CWS,DET,8,11,0.0,0.5239178395192793,0.5158,CWS,DET,0
20260918_KC@PIT,2026-09-18,PIT,KC,8,5,1.0,0.5617686544850355,0.5593,PIT,PIT,1
20260918_MIA@SD,2026-09-18,SD,MIA,8,2,1.0,0.6106133654772381,0.6154,SD,SD,1
20260918_MIL@BAL,2026-09-18,BAL,MIL,5,6,0.0,0.4728129861844522,0.4805,MIL,MIL,1
20260918_MIN@LAA,2026-09-18,LAA,MIN,0,3,0.0,0.4840765651119813,0.4934,MIN,MIN,1
20260918_NYY@AZ,2026-09-18,AZ,NYY,2,9,0.0,0.5023446854754564,0.5,AZ,NYY,0
20260918_PHI@NYM,2026-09-18,NYM,PHI,6,3,1.0,0.4963047470787427,0.5,PHI,NYM,0
20260918_SEA@COL,2026-09-18,COL,SEA,4,5,0.0,0.4505083205018431,0.4548,SEA,SEA,1
20260918_SF@LAD,2026-09-18,LAD,SF,8,2,1.0,0.6435588854404883,0.653,LAD,LAD,1
20260918_TOR@TEX,2026-09-18,TEX,TOR,7,1,1.0,0.4968091150051031,0.5,TOR,TEX,0
20260918_WSH@STL,2026-09-18,STL,WSH,1,9,0.0,0.5482913971654059,0.5438,STL,WSH,0
20260917_ATH@TB,2026-09-17,TB,ATH,10,1,1.0,0.6284959683491386,0.6358,TB,TB,1
20260917_BOS@TEX,2026-09-17,TEX,BOS,3,4,0.0,0.4981124008588285,0.5,BOS,BOS,1
20260917_DET@CWS,2026-09-17,CWS,DET,3,1,1.0,0.49556387860702017,0.5,DET,CWS,0
20260917_KC@HOU,2026-09-17,HOU,KC,6,2,1.0,0.5913663280498218,0.5933,HOU,HOU,1
20260917_LAD@CIN,2026-09-17,CIN,LAD,2,8,0.0,0.43731015187433775,0.4396,LAD,LAD,1
20260917_MIL@PIT,2026-09-17,PIT,MIL,7,4,1.0,0.47260163143370915,0.4802,MIL,PIT,0
20260917_MIN@LAA,2026-09-17,LAA,MIN,5,4,1.0,0.4954309021899898,0.5,MIN,LAA,0
20260917_PHI@NYM,2026-09-17,NYM,PHI,0,3,0.0,0.5149374766040762,0.5054,NYM,PHI,0
20260917_SD@COL,2026-09-17,COL,SD,2,9,0.0,0.3710936099181931,0.3637,SD,SD,1
20260916_ATH@TB,2026-09-16,TB,ATH,4,3,1.0,0.5892250475103366,0.5909,TB,TB,1
20260916_ATL@CHC,2026-09-16,CHC,ATL,8,4,1.0,0.5496646311965406,0.5454,CHC,CHC,1
20260916_BAL@NYM,2026-09-16,NYM,BAL,1,7,0.0,0.5098856103811007,0.5,NYM,BAL,0
20260916_BOS@TEX,2026-09-16,TEX,BOS,7,3,1.0,0.5316402411212804,0.5247,TEX,TEX,1
20260916_CWS@CLE,2026-09-16,CLE,CWS,6,3,1.0,0.5735752745052322,0.5729,CLE,CLE,1
20260916_DET@TOR,2026-09-16,TOR,DET,5,1,1.0,0.5385054340779523,0.5326,TOR,TOR,1
20260916_KC@HOU,2026-09-16,HOU,KC,2,5,0.0,0.548901070820496,0.5445,HOU,KC,0
20260916_LAD@CIN,2026-09-16,CIN,LAD,6,2,1.0,0.40608294426070696,0.4037,LAD,CIN,0
20260916_MIA@AZ,2026-09-16,AZ,MIA,3,4,0.0,0.5507192110405361,0.5466,AZ,MIA,0
20260916_MIL@PIT,2026-09-16,PIT,MIL,4,5,0.0,0.481693562660247,0.4907,MIL,MIL,1
20260916_NYY@MIN,2026-09-16,MIN,NYY,5,4,1.0,0.46849597856138236,0.4755,NYY,MIN,0
20260916_PHI@WSH,2026-09-16,WSH,PHI,0,3,0.0,0.44145102701291383,0.4444,PHI,PHI,1
20260916_SD@COL,2026-09-16,COL,SD,3,9,0.0,0.40872361965204573,0.4068,SD,SD,1
20260916_SEA@LAA,2026-09-16,LAA,SEA,2,7,0.0,0.4961060768064681,0.5,SEA,SEA,1
20260916_SF@STL,2026-09-16,STL,SF,5,6,0.0,0.5748965555736599,0.5744,STL,SF,0
20260915_ATH@TB,2026-09-15,TB,ATH,2,1,1.0,0.6070807138572292,0.6114,TB,TB,1
20260915_ATL@CHC,2026-09-15,CHC,ATL,3,6,0.0,0.5677359253314765,0.5662,CHC,ATL,0
20260915_BAL@NYM,2026-09-15,NYM,BAL,5,7,0.0,0.5011990390024766,0.5,NYM,BAL,0
20260915_BOS@TEX,2026-09-15,TEX,BOS,4,2,1.0,0.5451403270405067,0.5402,TEX,TEX,1
20260915_CWS@CLE,2026-09-15,CLE,CWS,7,6,1.0,0.5512402260924527,0.5472,CLE,CLE,1
20260915_DET@TOR,2026-09-15,TOR,DET,1,10,0.0,0.5392507824685884,0.5334,TOR,DET,0
20260915_KC@HOU,2026-09-15,HOU,KC,4,2,1.0,0.5477183861512243,0.5432,HOU,HOU,1
20260915_LAD@CIN,2026-09-15,CIN,LAD,0,4,0.0,0.4306228228881875,0.4319,LAD,LAD,1
20260915_MIA@AZ,2026-09-15,AZ,MIA,2,4,0.0,0.577359012253246,0.5773,AZ,MIA,0
20260915_MIL@PIT,2026-09-15,PIT,MIL,1,5,0.0,0.46646440193186445,0.4732,MIL,MIL,1
20260915_NYY@MIN,2026-09-15,MIN,NYY,1,8,0.0,0.4399920016317797,0.4427,NYY,NYY,1
20260915_PHI@WSH,2026-09-15,WSH,PHI,6,3,1.0,0.44957297302647303,0.4537,PHI,WSH,0
20260915_SD@COL,2026-09-15,COL,SD,9,3,1.0,0.40332945180957414,0.4006,SD,COL,0
20260915_SEA@LAA,2026-09-15,LAA,SEA,2,1,1.0,0.4584484941285702,0.4639,SEA,LAA,0
20260915_SF@STL,2026-09-15,STL,SF,3,10,0.0,0.5876318050643271,0.5891,STL,SF,0
20260914_ATL@CHC,2026-09-14,CHC,ATL,7,3,1.0,0.5432209262810683,0.5381,CHC,CHC,1
20260914_BAL@NYM,2026-09-14,NYM,BAL,1,2,0.0,0.533403245573218,0.5271,NYM,BAL,0
20260914_CWS@CLE,2026-09-14,CLE,CWS,3,7,0.0,0.5874534529822885,0.5875,CLE,CWS,0
20260914_DET@TOR,2026-09-14,TOR,DET,5,6,0.0,0.5741487366290923,0.5726,TOR,DET,0
20260914_LAD@CIN,2026-09-14,CIN,LAD,1,4,0.0,0.4654140305910474,0.4716,LAD,LAD,1
20260914_MIA@AZ,2026-09-14,AZ,MIA,8,7,1.0,0.5903704132915528,0.5907,AZ,AZ,1
20260914_NYY@MIN,2026-09-14,MIN,NYY,3,8,0.0,0.4757861131649095,0.4832,NYY,NYY,1
20260914_SD@COL,2026-09-14,COL,SD,7,8,0.0,0.3999898738335926,0.3985,SD,SD,1
20260914_SEA@LAA,2026-09-14,LAA,SEA,6,4,1.0,0.4929688623078693,0.5,SEA,LAA,0
20260914_SF@STL,2026-09-14,STL,SF,2,1,1.0,0.5579355057475259,0.5545,STL,STL,1
20260913_BAL@TOR,2026-09-13,TOR,BAL,8,1,1.0,0.5718189501763672,0.57,TOR,TOR,1
20260913_CIN@MIL,2026-09-13,MIL,CIN,3,4,0.0,0.5819877561676663,0.5814,MIL,CIN,0
20260913_CLE@MIN,2026-09-13,MIN,CLE,2,9,0.0,0.5018964438515612,0.5,MIN,CLE,0
20260913_COL@DET,2026-09-13,DET,COL,8,1,1.0,0.6251805445367432,0.6295,DET,DET,1
20260913_CWS@STL,2026-09-13,STL,CWS,3,1,1.0,0.547497191598776,0.5428,STL,STL,1
20260913_HOU@TB,2026-09-13,TB,HOU,14,4,1.0,0.5898383761163869,0.5901,TB,TB,1
20260913_KC@BOS,2026-09-13,BOS,KC,4,1,1.0,0.5663799140912404,0.5639,BOS,BOS,1
20260913_LAA@WSH,2026-09-13,WSH,LAA,6,5,1.0,0.5549458948725209,0.5512,WSH,WSH,1
20260913_LAD@MIA,2026-09-13,MIA,LAD,6,4,1.0,0.4413400357706716,0.4447,LAD,MIA,0
20260913_NYM@NYY,2026-09-13,NYY,NYM,2,0,1.0,0.5427042936291829,0.5375,NYY,NYY,1
20260913_PHI@ATL,2026-09-13,ATL,PHI,4,9,0.0,0.5517899689175122,0.5476,ATL,PHI,0
20260913_PIT@CHC,2026-09-13,CHC,PIT,3,4,0.0,0.5609531196970279,0.5579,CHC,PIT,0
20260913_SD@SF,2026-09-13,SF,SD,4,6,0.0,0.44996426610603374,0.4543,SD,SD,1
20260913_SEA@ATH,2026-09-13,ATH,SEA,8,7,1.0,0.5055249160765327,0.5,ATH,ATH,1
20260913_TEX@AZ,2026-09-13,AZ,TEX,6,7,0.0,0.5916582371529238,0.5921,AZ,TEX,0
20260912_BAL@TOR,2026-09-12,TOR,BAL,7,3,1.0,0.5693798471365795,0.5673,TOR,TOR,1
20260912_CIN@MIL,2026-09-12,MIL,CIN,13,9,1.0,0.619576367076395,0.6232,MIL,MIL,1
20260912_CLE@MIN,2026-09-12,MIN,CLE,4,3,1.0,0.4531882591515663,0.4579,CLE,MIN,0
20260912_COL@DET,2026-09-12,DET,COL,11,7,1.0,0.5735615975246988,0.572,DET,DET,1
20260912_CWS@STL,2026-09-12,STL,CWS,5,6,0.0,0.5437603043458329,0.5387,STL,CWS,0
20260912_HOU@TB,2026-09-12,TB,HOU,3,2,1.0,0.5548459975082104,0.551,TB,TB,1
20260912_KC@BOS,2026-09-12,BOS,KC,5,1,1.0,0.5449710480598216,0.54,BOS,BOS,1
20260912_LAA@WSH,2026-09-12,WSH,LAA,6,5,1.0,0.5500204549434003,0.5457,WSH,WSH,1
20260912_LAD@MIA,2026-09-12,MIA,LAD,4,3,1.0,0.44347534397995136,0.4471,LAD,MIA,0
20260912_NYM@NYY,2026-09-12,NYY,NYM,2,12,0.0,0.5630878122430751,0.5603,NYY,NYM,0
20260912_PHI@ATL,2026-09-12,ATL,PHI,12,2,1.0,0.5469229263538332,0.5422,ATL,ATL,1
20260912_PIT@CHC,2026-09-12,CHC,PIT,4,3,1.0,0.5327152798881544,0.5263,CHC,CHC,1
20260912_SD@SF,2026-09-12,SF,SD,6,7,0.0,0.467529150627231,0.474,SD,SD,1
20260912_SEA@ATH,2026-09-12,ATH,SEA,1,19,0.0,0.5032331477436018,0.5,ATH,SEA,0
20260912_TEX@AZ,2026-09-12,AZ,TEX,2,6,0.0,0.6112650749212767,0.614,AZ,TEX,0
20260911_BAL@TOR,2026-09-11,TOR,BAL,4,7,0.0,0.5567055719713524,0.5531,TOR,BAL,0
20260911_CIN@MIL,2026-09-11,MIL,CIN,20,0,1.0,0.5943785404695123,0.5952,MIL,MIL,1
20260911_CLE@MIN,2026-09-11,MIN,CLE,2,5,0.0,0.5102722841441636,0.5013,MIN,CLE,0
20260911_COL@DET,2026-09-11,DET,COL,6,2,1.0,0.5553023568834613,0.5516,DET,DET,1
20260911_CWS@STL,2026-09-11,STL,CWS,7,3,1.0,0.5263591993188574,0.5192,STL,STL,1
20260911_HOU@TB,2026-09-11,TB,HOU,3,1,1.0,0.5451830646413817,0.5402,TB,TB,1
20260911_KC@BOS,2026-09-11,BOS,KC,2,3,0.0,0.554897477744881,0.5511,BOS,KC,0
20260911_LAA@WSH,2026-09-11,WSH,LAA,4,3,1.0,0.5829371670019384,0.5824,WSH,WSH,1
20260911_LAD@MIA,2026-09-11,MIA,LAD,2,6,0.0,0.42374647235694374,0.425,LAD,LAD,1
20260911_NYM@NYY,2026-09-11,NYY,NYM,6,4,1.0,0.5386779632753791,0.533,NYY,NYY,1
20260911_PHI@ATL,2026-09-11,ATL,PHI,6,5,1.0,0.541364722111906,0.536,ATL,ATL,1
20260911_PIT@CHC,2026-09-11,CHC,PIT,12,2,1.0,0.531541007554265,0.525,CHC,CHC,1
20260911_SD@SF,2026-09-11,SF,SD,5,7,0.0,0.4679272662016722,0.4744,SD,SD,1
20260911_SEA@ATH,2026-09-11,ATH,SEA,6,5,1.0,0.48014762012415874,0.488,SEA,ATH,0
20260911_TEX@AZ,2026-09-11,AZ,TEX,9,1,1.0,0.5814992963546811,0.5808,AZ,AZ,1
20260910_COL@NYY,2026-09-10,NYY,COL,10,3,1.0,0.6516125472140665,0.6587,NYY,NYY,1
20260910_HOU@PHI,2026-09-10,PHI,HOU,1,2,0.0,0.5882116600765914,0.5883,PHI,HOU,0
20260910_PIT@CWS,2026-09-10,CWS,PIT,0,2,0.0,0.5347976946829637,0.5286,CWS,PIT,0
20260910_TB@ATL,2026-09-10,ATL,TB,3,1,1.0,0.5159666739365892,0.5076,ATL,ATL,1
20260910_TEX@SEA,2026-09-10,SEA,TEX,4,3,1.0,0.5726657026525566,0.571,SEA,SEA,1
20260909_AZ@KC,2026-09-09,KC,AZ,5,2,1.0,0.48075095864510425,0.4887,AZ,KC,0
20260909_CHC@MIL,2026-09-09,MIL,CHC,8,6,1.0,0.5722582182312257,0.5705,MIL,MIL,1
20260909_CIN@LAD,2026-09-09,LAD,CIN,14,1,1.0,0.607535038061288,0.6098,LAD,LAD,1
20260909_CLE@BAL,2026-09-09,BAL,CLE,9,5,1.0,0.49262481272028247,0.5,CLE,BAL,0
20260909_COL@NYY,2026-09-09,NYY,COL,6,1,1.0,0.6484330005740924,0.6552,NYY,NYY,1
20260909_HOU@PHI,2026-09-09,PHI,HOU,11,7,1.0,0.5620417108669661,0.5591,PHI,PHI,1
20260909_LAA@BOS,2026-09-09,BOS,LAA,4,6,0.0,0.6156048539235179,0.6188,BOS,LAA,0
20260909_MIN@DET,2026-09-09,DET,MIN,7,2,1.0,0.49666895218991636,0.5,MIN,DET,0
20260909_NYM@MIA,2026-09-09,MIA,NYM,14,15,0.0,0.5167811116205292,0.5085,MIA,NYM,0
20260909_PIT@CWS,2026-09-09,CWS,PIT,2,4,0.0,0.5197757095762189,0.5119,CWS,PIT,0
20260909_STL@SF,2026-09-09,SF,STL,7,6,1.0,0.4967749547691314,0.5,STL,SF,0
20260909_TB@ATL,2026-09-09,ATL,TB,2,7,0.0,0.5241075438089157,0.5167,ATL,TB,0
20260909_TEX@SEA,2026-09-09,SEA,TEX,3,2,1.0,0.575055396826631,0.5736,SEA,SEA,1
20260909_TOR@ATH,2026-09-09,ATH,TOR,2,0,1.0,0.4273725372719256,0.4291,TOR,ATH,0
20260909_WSH@SD,2026-09-09,SD,WSH,9,2,1.0,0.6014261426425382,0.603,SD,SD,1
20260908_AZ@KC,2026-09-08,KC,AZ,3,5,0.0,0.49836179119407503,0.5,AZ,AZ,1
20260908_CHC@MIL,2026-09-08,MIL,CHC,4,3,1.0,0.5901532689504143,0.5905,MIL,MIL,1
20260908_CIN@LAD,2026-09-08,LAD,CIN,3,2,1.0,0.6186372020344998,0.6222,LAD,LAD,1
20260908_CLE@BAL,2026-09-08,BAL,CLE,5,9,0.0,0.5003227934244179,0.5,BAL,CLE,0
20260908_COL@NYY,2026-09-08,NYY,COL,5,3,1.0,0.6645096644181719,0.673,NYY,NYY,1
20260908_HOU@PHI,2026-09-08,PHI,HOU,5,6,0.0,0.5747030658494314,0.5732,PHI,HOU,0
20260908_LAA@BOS,2026-09-08,BOS,LAA,1,6,0.0,0.5849350248268825,0.5846,BOS,LAA,0
20260908_MIN@DET,2026-09-08,DET,MIN,2,3,0.0,0.5217600363218877,0.5141,DET,MIN,0
20260908_NYM@MIA,2026-09-08,MIA,NYM,5,7,0.0,0.5275827149426771,0.5206,MIA,NYM,0
20260908_PIT@CWS,2026-09-08,CWS,PIT,3,9,0.0,0.5271180535014323,0.5201,CWS,PIT,0
20260908_STL@SF,2026-09-08,SF,STL,2,1,1.0,0.5031481222502975,0.5,SF,SF,1
20260908_TB@ATL,2026-09-08,ATL,TB,1,7,0.0,0.5291556749975387,0.5223,ATL,TB,0
20260908_TEX@SEA,2026-09-08,SEA,TEX,5,10,0.0,0.5791448343488169,0.5782,SEA,TEX,0
20260908_TOR@ATH,2026-09-08,ATH,TOR,2,4,0.0,0.4426027670768354,0.4461,TOR,TOR,1
20260908_WSH@SD,2026-09-08,SD,WSH,5,4,1.0,0.5911134889879454,0.5915,SD,SD,1
20260907_ATL@PHI,2026-09-07,PHI,ATL,1,0,1.0,0.6004496384170492,0.6021,PHI,PHI,1
20260907_AZ@KC,2026-09-07,KC,AZ,4,5,0.0,0.5392518340955494,0.5337,KC,AZ,0
20260907_CHC@MIL,2026-09-07,MIL,CHC,4,3,1.0,0.5591628183764444,0.556,MIL,MIL,1
20260907_CIN@LAD,2026-09-07,LAD,CIN,6,3,1.0,0.5962250487969981,0.5974,LAD,LAD,1
20260907_CLE@BAL,2026-09-07,BAL,CLE,6,4,1.0,0.4860129316371197,0.4946,CLE,BAL,0
20260907_LAA@BOS,2026-09-07,BOS,LAA,5,2,1.0,0.6162582447162421,0.6197,BOS,BOS,1
20260907_MIN@DET,2026-09-07,DET,MIN,5,4,1.0,0.5044391618190127,0.5,DET,DET,1
20260907_NYM@MIA,2026-09-07,MIA,NYM,4,9,0.0,0.5276012762748874,0.5207,MIA,NYM,0
20260907_STL@SF,2026-09-07,SF,STL,5,4,1.0,0.49135420620479114,0.5,STL,SF,0
20260907_TOR@ATH,2026-09-07,ATH,TOR,6,5,1.0,0.4461298220548587,0.45,TOR,ATH,0
20260907_WSH@SD,2026-09-07,SD,WSH,3,2,1.0,0.5871957403761587,0.5873,SD,SD,1
20260906_ATH@SEA,2026-09-06,SEA,ATH,2,0,1.0,0.5558032892385437,0.5522,SEA,SEA,1
20260906_ATL@PHI,2026-09-06,PHI,ATL,4,5,0.0,0.5655426611960968,0.5631,PHI,ATL,0
20260906_AZ@HOU,2026-09-06,HOU,AZ,2,3,0.0,0.5362956771019768,0.5304,HOU,AZ,0
20260906_BOS@BAL,2026-09-06,BAL,BOS,1,3,0.0,0.45231595831253185,0.4569,BOS,BOS,1
20260906_CHC@MIA,2026-09-06,MIA,CHC,10,3,1.0,0.4916650469769841,0.5,CHC,MIA,0
20260906_DET@CLE,2026-09-06,CLE,DET,3,2,1.0,0.5446517236867624,0.5397,CLE,CLE,1
20260906_LAA@PIT,2026-09-06,PIT,LAA,1,0,1.0,0.5732237562486713,0.5717,PIT,PIT,1
20260906_MIL@CIN,2026-09-06,CIN,MIL,12,8,1.0,0.44374040859062713,0.4473,MIL,CIN,0
20260906_MIN@CWS,2026-09-06,CWS,MIN,10,1,1.0,0.5292029265821564,0.5224,CWS,CWS,1
20260906_NYY@SD,2026-09-06,SD,NYY,4,3,1.0,0.5068971096765039,0.5,SD,SD,1
20260906_SF@NYM,2026-09-06,NYM,SF,4,2,1.0,0.5689342130398184,0.5669,NYM,NYM,1
20260906_STL@COL,2026-09-06,COL,STL,8,10,0.0,0.4475310866064256,0.4515,STL,STL,1
20260906_TB@TEX,2026-09-06,TEX,TB,8,6,1.0,0.5220550371789797,0.5145,TEX,TEX,1
20260906_TOR@KC,2026-09-06,KC,TOR,6,1,1.0,0.5441441450265346,0.5392,KC,KC,1
20260906_WSH@LAD,2026-09-06,LAD,WSH,7,5,1.0,0.5944549683573028,0.5954,LAD,LAD,1
20260905_ATH@SEA,2026-09-05,SEA,ATH,2,6,0.0,0.5752594235183981,0.574,SEA,ATH,0
20260905_ATL@PHI,2026-09-05,PHI,ATL,4,2,1.0,0.5999854758730804,0.6016,PHI,PHI,1
20260905_AZ@HOU,2026-09-05,HOU,AZ,3,4,0.0,0.506614161919231,0.5,HOU,AZ,0
20260905_BOS@BAL,2026-09-05,BAL,BOS,0,5,0.0,0.46508019451061555,0.4712,BOS,BOS,1
20260905_CHC@MIA,2026-09-05,MIA,CHC,5,6,0.0,0.48605060450623533,0.4946,CHC,CHC,1
20260905_DET@CLE,2026-09-05,CLE,DET,0,6,0.0,0.5940561281312864,0.595,CLE,DET,0
20260905_LAA@PIT,2026-09-05,PIT,LAA,1,6,0.0,0.5907878395360037,0.5913,PIT,LAA,0
20260905_MIL@CIN,2026-09-05,CIN,MIL,5,3,1.0,0.44928652642419514,0.4535,MIL,CIN,0
20260905_MIN@CWS,2026-09-05,CWS,MIN,4,6,0.0,0.4980382816353604,0.5,MIN,MIN,1
20260905_NYY@SD,2026-09-05,SD,NYY,1,5,0.0,0.5288012391178374,0.522,SD,NYY,0
20260905_SF@NYM,2026-09-05,NYM,SF,5,9,0.0,0.5880949544108793,0.5883,NYM,SF,0
20260905_STL@COL,2026-09-05,COL,STL,10,7,1.0,0.4723064208415855,0.4792,STL,COL,0
20260905_TB@TEX,2026-09-05,TEX,TB,3,6,0.0,0.49776274835200995,0.5,TB,TB,1
20260905_TOR@KC,2026-09-05,KC,TOR,3,4,0.0,0.5451404978137963,0.5403,KC,TOR,0
20260905_WSH@LAD,2026-09-05,LAD,WSH,6,5,1.0,0.5972968177902741,0.5986,LAD,LAD,1
20260904_ATH@SEA,2026-09-04,SEA,ATH,6,7,0.0,0.6043642554885668,0.6065,SEA,ATH,0
20260904_ATL@PHI,2026-09-04,PHI,ATL,2,5,0.0,0.5772579581332019,0.5762,PHI,ATL,0
20260904_AZ@HOU,2026-09-04,HOU,AZ,3,1,1.0,0.5260178910317219,0.5189,HOU,HOU,1
20260904_BOS@BAL,2026-09-04,BAL,BOS,0,1,0.0,0.49997833758283844,0.5,BOS,BOS,1
20260904_CHC@MIA,2026-09-04,MIA,CHC,1,6,0.0,0.4812644169691017,0.4893,CHC,CHC,1
20260904_DET@CLE,2026-09-04,CLE,DET,7,6,1.0,0.5352102951689168,0.5292,CLE,CLE,1
20260904_DET@CLE_2,2026-09-04,CLE,DET,4,3,1.0,0.573228149279804,0.5717,CLE,CLE,1
20260904_LAA@PIT,2026-09-04,PIT,LAA,1,0,1.0,0.5941848782890246,0.5951,PIT,PIT,1
20260904_MIL@CIN,2026-09-04,CIN,MIL,7,10,0.0,0.46408825136557824,0.47,MIL,MIL,1
20260904_MIN@CWS,2026-09-04,CWS,MIN,4,1,1.0,0.5164690669278268,0.5082,CWS,CWS,1
20260904_NYY@SD,2026-09-04,SD,NYY,3,2,1.0,0.5264445492586228,0.5194,SD,SD,1
20260904_SF@NYM,2026-09-04,NYM,SF,10,6,1.0,0.5992537354554052,0.6008,NYM,NYM,1
20260904_STL@COL,2026-09-04,COL,STL,6,7,0.0,0.4507232644817215,0.4551,STL,STL,1
20260904_TB@TEX,2026-09-04,TEX,TB,6,7,0.0,0.5125634656637836,0.5038,TEX,TB,0
20260904_TOR@KC,2026-09-04,KC,TOR,2,9,0.0,0.5580894241976024,0.5548,KC,TOR,0
20260904_WSH@LAD,2026-09-04,LAD,WSH,5,3,1.0,0.6283880052007405,0.6332,LAD,LAD,1
20260903_ATH@SEA,2026-09-03,SEA,ATH,4,7,0.0,0.5721109448575008,0.5704,SEA,ATH,0
20260903_BOS@BAL,2026-09-03,BAL,BOS,5,6,0.0,0.49641931249597115,0.5,BOS,BOS,1
20260903_CWS@HOU,2026-09-03,HOU,CWS,6,2,1.0,0.5882337949465294,0.5885,HOU,HOU,1
20260903_MIA@KC,2026-09-03,KC,MIA,7,3,1.0,0.535006393825292,0.5289,KC,KC,1
20260903_MIL@CHC,2026-09-03,CHC,MIL,2,1,1.0,0.5041791180996615,0.5,CHC,CHC,1
20260903_SF@PIT,2026-09-03,PIT,SF,5,2,1.0,0.5484545425439425,0.544,PIT,PIT,1
20260903_STL@LAD,2026-09-03,LAD,STL,3,2,1.0,0.6054520034330899,0.6077,LAD,LAD,1
20260903_TB@TEX,2026-09-03,TEX,TB,6,0,1.0,0.4974265797053979,0.5,TB,TEX,0
20260903_TOR@CLE,2026-09-03,CLE,TOR,3,6,0.0,0.55930820582038,0.5561,CLE,TOR,0
20260902_ATH@TEX,2026-09-02,TEX,ATH,2,9,0.0,0.5734166283935044,0.5719,TEX,ATH,0
20260902_ATL@WSH,2026-09-02,WSH,ATL,0,9,0.0,0.455964397937088,0.461,ATL,ATL,1
20260902_BAL@COL,2026-09-02,COL,BAL,6,5,1.0,0.4324813205497898,0.4347,BAL,COL,0
20260902_CWS@HOU,2026-09-02,HOU,CWS,2,0,1.0,0.5592903155429848,0.5561,HOU,HOU,1
20260902_DET@MIN,2026-09-02,MIN,DET,6,11,0.0,0.4977914147338577,0.5,DET,DET,1
20260902_MIA@KC,2026-09-02,KC,MIA,6,9,0.0,0.5132644501079269,0.5046,KC,MIA,0
20260902_MIL@CHC,2026-09-02,CHC,MIL,5,9,0.0,0.48559251498986067,0.4941,MIL,MIL,1
20260902_NYM@TB,2026-09-02,TB,NYM,4,10,0.0,0.5747839227958952,0.5734,TB,NYM,0
20260902_NYY@LAA,2026-09-02,LAA,NYY,3,6,0.0,0.39110540415428846,0.3885,NYY,NYY,1
20260902_PHI@AZ,2026-09-02,AZ,PHI,1,0,1.0,0.4896448518870226,0.4986,PHI,AZ,0
20260902_SD@CIN,2026-09-02,CIN,SD,7,3,1.0,0.467086321383615,0.4734,SD,CIN,0
20260902_SEA@BOS,2026-09-02,BOS,SEA,3,8,0.0,0.5636000749957261,0.5609,BOS,SEA,0
20260902_SF@PIT,2026-09-02,PIT,SF,4,5,0.0,0.5519237939059285,0.5479,PIT,SF,0
20260902_STL@LAD,2026-09-02,LAD,STL,6,8,0.0,0.6056319916061749,0.6079,LAD,STL,0
20260902_TOR@CLE,2026-09-02,CLE,TOR,0,11,0.0,0.5493669256254924,0.545,CLE,TOR,0
20260901_ATH@TEX,2026-09-01,TEX,ATH,8,5,1.0,0.5971175190385184,0.5984,TEX,TEX,1
20260901_ATL@WSH,2026-09-01,WSH,ATL,9,5,1.0,0.44497891606430273,0.4487,ATL,WSH,0
20260901_BAL@COL,2026-09-01,COL,BAL,4,2,1.0,0.4215487278879452,0.4225,BAL,COL,0
20260901_CWS@HOU,2026-09-01,HOU,CWS,1,5,0.0,0.5588874811158384,0.5557,HOU,CWS,0
20260901_DET@MIN,2026-09-01,MIN,DET,15,2,1.0,0.48637548170560113,0.495,DET,MIN,0
20260901_MIA@KC,2026-09-01,KC,MIA,3,6,0.0,0.5255396988961021,0.5184,KC,MIA,0
20260901_MIL@CHC,2026-09-01,CHC,MIL,4,9,0.0,0.536467519883923,0.5306,CHC,MIL,0
20260901_NYM@TB,2026-09-01,TB,NYM,6,2,1.0,0.583601572795087,0.5833,TB,TB,1
20260901_NYY@LAA,2026-09-01,LAA,NYY,3,7,0.0,0.4059869722721358,0.4051,NYY,NYY,1
20260901_PHI@AZ,2026-09-01,AZ,PHI,1,7,0.0,0.4959188013175949,0.5,PHI,PHI,1
20260901_SD@CIN,2026-09-01,CIN,SD,4,3,1.0,0.46123798214262807,0.4669,SD,CIN,0
20260901_SEA@BOS,2026-09-01,BOS,SEA,6,9,0.0,0.5330308028588422,0.5267,BOS,SEA,0
20260901_SF@PIT,2026-09-01,PIT,SF,13,12,1.0,0.5665219442795735,0.5642,PIT,PIT,1
20260901_STL@LAD,2026-09-01,LAD,STL,8,13,0.0,0.5858408941712231,0.5858,LAD,STL,0
20260901_TOR@CLE,2026-09-01,CLE,TOR,6,1,1.0,0.5727885391432301,0.5712,CLE,CLE,1
20260831_ATH@TEX,2026-08-31,TEX,ATH,8,1,1.0,0.5800977899642106,0.5789,TEX,TEX,1
20260831_BAL@COL,2026-08-31,COL,BAL,1,2,0.0,0.4295249930054462,0.4317,BAL,BAL,1
20260831_CWS@HOU,2026-08-31,HOU,CWS,6,3,1.0,0.5443743616038165,0.5396,HOU,HOU,1
20260831_DET@MIN,2026-08-31,MIN,DET,11,1,1.0,0.48399293596092685,0.4916,DET,MIN,0
20260831_MIA@WSH,2026-08-31,WSH,MIA,6,3,1.0,0.46539716830601324,0.4711,MIA,WSH,0
20260831_MIL@CHC,2026-08-31,CHC,MIL,17,3,1.0,0.5137568492723665,0.506,CHC,CHC,1
20260831_NYM@TB,2026-08-31,TB,NYM,2,3,0.0,0.6201712069460996,0.6228,TB,NYM,0
20260831_NYY@LAA,2026-08-31,LAA,NYY,10,1,1.0,0.42363021231187736,0.4252,NYY,LAA,0
20260831_PHI@AZ,2026-08-31,AZ,PHI,1,2,0.0,0.5238219012248804,0.517,AZ,PHI,0
20260831_SD@CIN,2026-08-31,CIN,SD,0,5,0.0,0.4592711112434491,0.4644,SD,SD,1
20260831_SEA@BOS,2026-08-31,BOS,SEA,9,8,1.0,0.5854777752484623,0.5848,BOS,BOS,1
20260831_SF@ATL,2026-08-31,ATL,SF,3,7,0.0,0.587714686250523,0.5872,ATL,SF,0
20260830_BAL@ATH,2026-08-30,ATH,BAL,5,8,0.0,0.4161543400026123,0.417,BAL,BAL,1
20260830_BOS@NYY,2026-08-30,NYY,BOS,16,1,1.0,0.4931739397419898,0.5,BOS,NYY,0
20260830_CIN@CHC,2026-08-30,CHC,CIN,5,7,0.0,0.5620854176703496,0.5591,CHC,CIN,0
20260830_COL@ATL,2026-08-30,ATL,COL,3,2,1.0,0.6055305485580241,0.6068,ATL,ATL,1
20260830_CWS@MIN,2026-08-30,MIN,CWS,5,1,1.0,0.5012653376639941,0.5,MIN,MIN,1
20260830_HOU@NYM,2026-08-30,NYM,HOU,3,6,0.0,0.5456005836199752,0.541,NYM,HOU,0
20260830_KC@CLE,2026-08-30,CLE,KC,11,1,1.0,0.5858230195013224,0.5852,CLE,CLE,1
20260830_LAD@DET,2026-08-30,DET,LAD,1,6,0.0,0.44990580706734473,0.4541,LAD,LAD,1
20260830_MIA@WSH,2026-08-30,WSH,MIA,2,6,0.0,0.5130622697821737,0.5052,WSH,MIA,0
20260830_PHI@LAA,2026-08-30,LAA,PHI,2,5,0.0,0.4170185591801375,0.4179,PHI,PHI,1
20260830_PIT@STL,2026-08-30,STL,PIT,4,5,0.0,0.5249401631834762,0.5183,STL,PIT,0
20260830_SD@TB,2026-08-30,TB,SD,5,4,1.0,0.5528262713079939,0.5489,TB,TB,1
20260830_SEA@TOR,2026-08-30,TOR,SEA,7,0,1.0,0.532535674066544,0.5266,TOR,TOR,1
20260830_TEX@MIL,2026-08-30,MIL,TEX,4,7,0.0,0.6177362566336935,0.6202,MIL,TEX,0
20260829_AZ@SF,2026-08-29,SF,AZ,7,2,1.0,0.46430764836473093,0.4699,AZ,SF,0
20260829_AZ@SF_2,2026-08-29,SF,AZ,1,7,0.0,0.45956574535250294,0.4647,AZ,AZ,1
20260829_BAL@ATH,2026-08-29,ATH,BAL,3,5,0.0,0.40887261980166456,0.409,BAL,BAL,1
20260829_BOS@NYY,2026-08-29,NYY,BOS,9,2,1.0,0.5015823090742699,0.5,NYY,NYY,1
20260829_BOS@NYY_2,2026-08-29,NYY,BOS,0,6,0.0,0.5172449239306055,0.5098,NYY,BOS,0
20260829_CIN@CHC,2026-08-29,CHC,CIN,17,5,1.0,0.5966019282559784,0.597,CHC,CHC,1
20260829_COL@ATL,2026-08-29,ATL,COL,2,1,1.0,0.611494744376296,0.6133,ATL,ATL,1
20260829_CWS@MIN,2026-08-29,MIN,CWS,2,3,0.0,0.5168695443415348,0.5094,MIN,CWS,0
20260829_HOU@NYM,2026-08-29,NYM,HOU,6,2,1.0,0.5322077893609973,0.5262,NYM,NYM,1
20260829_KC@CLE,2026-08-29,CLE,KC,3,8,0.0,0.5511663202157606,0.5471,CLE,KC,0
20260829_LAD@DET,2026-08-29,DET,LAD,2,1,1.0,0.4441843042795567,0.4478,LAD,DET,0
20260829_MIA@WSH,2026-08-29,WSH,MIA,5,4,1.0,0.503257640166149,0.5,WSH,WSH,1
20260829_PHI@LAA,2026-08-29,LAA,PHI,2,4,0.0,0.40063866348818267,0.4,PHI,PHI,1
20260829_PIT@STL,2026-08-29,STL,PIT,2,6,0.0,0.5578346501279744,0.5544,STL,PIT,0
20260829_SD@TB,2026-08-29,TB,SD,7,6,1.0,0.5269944549060765,0.5205,TB,TB,1
20260829_SEA@TOR,2026-08-29,TOR,SEA,4,3,1.0,0.5671623084725252,0.5647,TOR,TOR,1
20260829_TEX@MIL,2026-08-29,MIL,TEX,5,3,1.0,0.5975252333564859,0.598,MIL,MIL,1
20260828_AZ@SF,2026-08-28,SF,AZ,6,10,0.0,0.47694360573951583,0.4838,AZ,AZ,1
20260828_BAL@ATH,2026-08-28,ATH,BAL,3,4,0.0,0.42990863073433294,0.4321,BAL,BAL,1
20260828_BOS@NYY,2026-08-28,NYY,BOS,1,0,1.0,0.5296259210982636,0.5234,NYY,NYY,1
20260828_CIN@CHC,2026-08-28,CHC,CIN,8,10,0.0,0.5963414197387839,0.5967,CHC,CIN,0
20260828_COL@ATL,2026-08-28,ATL,COL,6,4,1.0,0.6324005043571199,0.6362,ATL,ATL,1
20260828_CWS@MIN,2026-08-28,MIN,CWS,4,7,0.0,0.5268573142219425,0.5204,MIN,CWS,0
20260828_HOU@NYM,2026-08-28,NYM,HOU,1,3,0.0,0.5262713396367792,0.5197,NYM,HOU,0
20260828_KC@CLE,2026-08-28,CLE,KC,0,3,0.0,0.5442656469026813,0.5395,CLE,KC,0
20260828_LAD@DET,2026-08-28,DET,LAD,1,2,0.0,0.4670352359376385,0.4729,LAD,LAD,1
20260828_MIA@WSH,2026-08-28,WSH,MIA,9,2,1.0,0.47863805144221266,0.4857,MIA,WSH,0
20260828_PHI@LAA,2026-08-28,LAA,PHI,3,5,0.0,0.44134370845251414,0.4447,PHI,PHI,1
20260828_PIT@STL,2026-08-28,STL,PIT,4,1,1.0,0.5180932424127793,0.5107,STL,STL,1
20260828_SD@TB,2026-08-28,TB,SD,9,4,1.0,0.5180573162057877,0.5107,TB,TB,1
20260828_SEA@TOR,2026-08-28,TOR,SEA,8,1,1.0,0.5793508729794896,0.5781,TOR,TOR,1
20260828_TEX@MIL,2026-08-28,MIL,TEX,6,1,1.0,0.642193586412467,0.6469,MIL,MIL,1
20260827_AZ@SF,2026-08-27,SF,AZ,6,1,1.0,0.48178410296684726,0.4891,AZ,SF,0
20260827_BAL@STL,2026-08-27,STL,BAL,7,5,1.0,0.4950650571965751,0.5,BAL,STL,0
20260827_COL@WSH,2026-08-27,WSH,COL,7,1,1.0,0.5467527249846518,0.5422,WSH,WSH,1
20260827_HOU@NYY,2026-08-27,NYY,HOU,1,5,0.0,0.568032283649633,0.5656,NYY,HOU,0
20260827_KC@TOR,2026-08-27,TOR,KC,2,13,0.0,0.516634221335143,0.5091,TOR,KC,0
20260827_LAD@ATL,2026-08-27,ATL,LAD,1,0,1.0,0.4905874611526164,0.4988,LAD,ATL,0
20260827_MIL@NYM,2026-08-27,NYM,MIL,2,8,0.0,0.46868039833587144,0.4747,MIL,MIL,1
20260826_BAL@STL,2026-08-26,STL,BAL,7,8,0.0,0.5092553481816952,0.501,STL,BAL,0
20260826_BOS@MIA,2026-08-26,MIA,BOS,4,0,1.0,0.4703741909497092,0.4766,BOS,MIA,0
20260826_CHC@AZ,2026-08-26,AZ,CHC,2,0,1.0,0.5202879870923909,0.5131,AZ,AZ,1
20260826_CIN@SF,2026-08-26,SF,CIN,9,10,0.0,0.5167047466054274,0.5092,SF,CIN,0
20260826_CLE@LAA,2026-08-26,LAA,CLE,3,4,0.0,0.4624334851276067,0.4679,CLE,CLE,1
20260826_COL@WSH,2026-08-26,WSH,COL,1,13,0.0,0.5636568815742095,0.5608,WSH,COL,0
20260826_HOU@NYY,2026-08-26,NYY,HOU,9,3,1.0,0.5393704864388336,0.5341,NYY,NYY,1
20260826_KC@TOR,2026-08-26,TOR,KC,3,0,1.0,0.5515586843517392,0.5475,TOR,TOR,1
20260826_LAD@ATL,2026-08-26,ATL,LAD,6,5,1.0,0.4741230165481505,0.4807,LAD,ATL,0
20260826_MIL@NYM,2026-08-26,NYM,MIL,1,8,0.0,0.5204854875899454,0.5134,NYM,MIL,0
20260826_MIN@ATH,2026-08-26,ATH,MIN,7,4,1.0,0.47215686861127143,0.4786,MIN,ATH,0
20260826_PHI@SEA,2026-08-26,SEA,PHI,0,6,0.0,0.4979536618878068,0.5,PHI,PHI,1
20260826_PIT@SD,2026-08-26,SD,PIT,3,0,1.0,0.6069476265177483,0.6084,SD,SD,1
20260826_TB@DET,2026-08-26,DET,TB,0,3,0.0,0.548220846292462,0.5438,DET,TB,0
20260826_TEX@CWS,2026-08-26,CWS,TEX,10,4,1.0,0.537690682924957,0.5323,CWS,CWS,1
20260825_BAL@STL,2026-08-25,STL,BAL,1,13,0.0,0.526108557326386,0.5195,STL,BAL,0
20260825_BOS@MIA,2026-08-25,MIA,BOS,3,7,0.0,0.46697481845551897,0.4729,BOS,BOS,1
20260825_CHC@AZ,2026-08-25,AZ,CHC,5,4,1.0,0.5284905311048812,0.5222,AZ,AZ,1
20260825_CIN@SF,2026-08-25,SF,CIN,3,1,1.0,0.5389261677122196,0.5336,SF,SF,1
20260825_CLE@LAA,2026-08-25,LAA,CLE,6,8,0.0,0.4470249343038903,0.4509,CLE,CLE,1
20260825_COL@WSH,2026-08-25,WSH,COL,1,3,0.0,0.557828590205422,0.5544,WSH,COL,0
20260825_HOU@NYY,2026-08-25,NYY,HOU,7,9,0.0,0.5344852280815293,0.5287,NYY,HOU,0
20260825_KC@TOR,2026-08-25,TOR,KC,3,5,0.0,0.5303394230477302,0.5242,TOR,KC,0
20260825_LAD@ATL,2026-08-25,ATL,LAD,4,3,1.0,0.48488113386470766,0.4925,LAD,ATL,0
20260825_MIL@NYM,2026-08-25,NYM,MIL,3,2,1.0,0.4892954064179839,0.4974,MIL,NYM,0
20260825_MIN@ATH,2026-08-25,ATH,MIN,4,2,1.0,0.45489379779591504,0.4596,MIN,ATH,0
20260825_PHI@SEA,2026-08-25,SEA,PHI,4,1,1.0,0.5070575981773691,0.5,SEA,SEA,1
20260825_PIT@SD,2026-08-25,SD,PIT,0,1,0.0,0.5912861394497346,0.5912,SD,PIT,0
20260825_TB@DET,2026-08-25,DET,TB,4,1,1.0,0.5380599331567231,0.5327,DET,DET,1
20260825_TEX@CWS,2026-08-25,CWS,TEX,11,7,1.0,0.5002025466799103,0.5,CWS,CWS,1
20260824_BOS@MIA,2026-08-24,MIA,BOS,2,4,0.0,0.47979852383805743,0.4887,BOS,BOS,1
20260824_CHC@AZ,2026-08-24,AZ,CHC,0,7,0.0,0.5106444067943389,0.5008,AZ,CHC,0
20260824_CIN@SF,2026-08-24,SF,CIN,5,0,1.0,0.4832405997140821,0.4925,CIN,SF,0
20260824_CLE@LAA,2026-08-24,LAA,CLE,2,4,0.0,0.44434059140589416,0.4497,CLE,CLE,1
20260824_COL@WSH,2026-08-24,WSH,COL,13,3,1.0,0.5885124212523262,0.5864,WSH,WSH,1
20260824_MIN@ATH,2026-08-24,ATH,MIN,6,9,0.0,0.4764272521623301,0.485,MIN,MIN,1
20260824_PHI@SEA,2026-08-24,SEA,PHI,9,2,1.0,0.5023682958586866,0.5,SEA,SEA,1
20260824_PIT@SD,2026-08-24,SD,PIT,2,3,0.0,0.599391153073743,0.5983,SD,PIT,0
20260824_TB@DET,2026-08-24,DET,TB,1,4,0.0,0.5155859518678406,0.5062,DET,TB,0
20260824_TEX@CWS,2026-08-24,CWS,TEX,2,11,0.0,0.5511311601731206,0.5453,CWS,TEX,0
20260823_ATH@HOU,2026-08-23,HOU,ATH,6,7,0.0,0.5581287085452639,0.553,HOU,ATH,0
20260823_ATL@MIL,2026-08-23,MIL,ATL,2,4,0.0,0.5747517860532032,0.5712,MIL,ATL,0
20260823_CHC@SEA,2026-08-23,SEA,CHC,2,19,0.0,0.5054283230401073,0.5,SEA,CHC,0
20260823_CIN@AZ,2026-08-23,AZ,CIN,5,3,1.0,0.5826025023050858,0.5799,AZ,AZ,1
20260823_CLE@COL,2026-08-23,COL,CLE,2,7,0.0,0.4278079097905291,0.4316,CLE,CLE,1
20260823_DET@KC,2026-08-23,KC,DET,11,7,1.0,0.5119807756295617,0.5023,KC,KC,1
20260823_LAA@TEX,2026-08-23,TEX,LAA,5,3,1.0,0.5933144877941056,0.5916,TEX,TEX,1
20260823_MIN@SD,2026-08-23,SD,MIN,8,1,1.0,0.6024069246164668,0.6016,SD,SD,1
20260823_NYM@CWS,2026-08-23,CWS,NYM,2,1,1.0,0.4970640926835874,0.5,NYM,CWS,0
20260823_PIT@LAD,2026-08-23,LAD,PIT,4,0,1.0,0.6356662227315302,0.638,LAD,LAD,1
20260823_SF@BOS,2026-08-23,BOS,SF,5,4,1.0,0.6138312452704732,0.6141,BOS,BOS,1
20260823_STL@PHI,2026-08-23,PHI,STL,6,4,1.0,0.5630496859456866,0.5584,PHI,PHI,1
20260823_TB@BAL,2026-08-23,BAL,TB,1,3,0.0,0.5529776511941653,0.5473,BAL,TB,0
20260823_TOR@NYY,2026-08-23,NYY,TOR,8,3,1.0,0.5523137402506598,0.5466,NYY,NYY,1
20260823_WSH@MIA,2026-08-23,MIA,WSH,6,2,1.0,0.5104951943457776,0.5007,MIA,MIA,1
20260822_ATH@HOU,2026-08-22,HOU,ATH,3,4,0.0,0.564148892902673,0.5596,HOU,ATH,0
20260822_ATL@MIL,2026-08-22,MIL,ATL,4,1,1.0,0.5916857054745661,0.5898,MIL,MIL,1
20260822_CHC@SEA,2026-08-22,SEA,CHC,5,4,1.0,0.47641422513699133,0.485,CHC,SEA,0
20260822_CIN@AZ,2026-08-22,AZ,CIN,5,11,0.0,0.6055617341115446,0.6051,AZ,CIN,0
20260822_CLE@COL,2026-08-22,COL,CLE,3,4,0.0,0.4140093865282439,0.4164,CLE,CLE,1
20260822_DET@KC,2026-08-22,KC,DET,3,1,1.0,0.49139072062902733,0.5,DET,KC,0
20260822_LAA@TEX,2026-08-22,TEX,LAA,0,3,0.0,0.6250185256776198,0.6264,TEX,LAA,0
20260822_MIN@SD,2026-08-22,SD,MIN,7,5,1.0,0.5913550054004861,0.5895,SD,SD,1
20260822_NYM@CWS,2026-08-22,CWS,NYM,5,10,0.0,0.4838007488010661,0.4931,NYM,NYM,1
20260822_PIT@LAD,2026-08-22,LAD,PIT,4,3,1.0,0.6092495504917209,0.6091,LAD,LAD,1
20260822_SF@BOS,2026-08-22,BOS,SF,3,2,1.0,0.5975002838932073,0.5962,BOS,BOS,1
20260822_STL@PHI,2026-08-22,PHI,STL,12,3,1.0,0.5324386279571152,0.5247,PHI,PHI,1
20260822_TB@BAL,2026-08-22,BAL,TB,3,2,1.0,0.5198573581796488,0.5109,BAL,BAL,1
20260822_TOR@NYY,2026-08-22,NYY,TOR,3,4,0.0,0.5577003226229292,0.5525,NYY,TOR,0
20260822_WSH@MIA,2026-08-22,MIA,WSH,4,2,1.0,0.5415485427353222,0.5348,MIA,MIA,1
20260821_ATH@HOU,2026-08-21,HOU,ATH,4,0,1.0,0.5718106204383269,0.568,HOU,HOU,1
20260821_ATL@MIL,2026-08-21,MIL,ATL,2,1,1.0,0.564225712719131,0.5597,MIL,MIL,1
20260821_CHC@SEA,2026-08-21,SEA,CHC,6,5,1.0,0.49109687434237204,0.5,CHC,SEA,0
20260821_CIN@AZ,2026-08-21,AZ,CIN,9,0,1.0,0.5844191059016574,0.5819,AZ,AZ,1
20260821_CLE@COL,2026-08-21,COL,CLE,1,9,0.0,0.44052120906492886,0.4455,CLE,CLE,1
20260821_DET@KC,2026-08-21,KC,DET,5,2,1.0,0.4748397829144762,0.4832,DET,KC,0
20260821_LAA@TEX,2026-08-21,TEX,LAA,2,1,1.0,0.5806965030958782,0.5778,TEX,TEX,1
20260821_MIN@SD,2026-08-21,SD,MIN,6,2,1.0,0.5776977691515234,0.5745,SD,SD,1
20260821_NYM@CWS,2026-08-21,CWS,NYM,6,4,1.0,0.5012827435703074,0.5,CWS,CWS,1
20260821_PIT@LAD,2026-08-21,LAD,PIT,5,4,1.0,0.5976337667692109,0.5964,LAD,LAD,1
20260821_SF@BOS,2026-08-21,BOS,SF,6,4,1.0,0.5913185500732648,0.5894,BOS,BOS,1
20260821_STL@PHI,2026-08-21,PHI,STL,7,6,1.0,0.561167697295265,0.5563,PHI,PHI,1
20260821_TB@BAL,2026-08-21,BAL,TB,5,3,1.0,0.5251892022874906,0.5168,BAL,BAL,1
20260821_TOR@NYY,2026-08-21,NYY,TOR,3,1,1.0,0.5766014885411179,0.5733,NYY,NYY,1
20260821_WSH@MIA,2026-08-21,MIA,WSH,3,2,1.0,0.511480402235085,0.5017,MIA,MIA,1
20260820_ATH@KC,2026-08-20,KC,ATH,6,2,1.0,0.5276803442422724,0.5195,KC,KC,1
20260820_ATL@CWS,2026-08-20,CWS,ATL,0,2,0.0,0.4675631249708591,0.4753,ATL,ATL,1
20260820_LAA@HOU,2026-08-20,HOU,LAA,3,18,0.0,0.6092488916869513,0.6091,HOU,LAA,0
20260820_NYY@BAL,2026-08-20,BAL,NYY,1,6,0.0,0.47529422046260006,0.4837,NYY,NYY,1
20260820_SEA@MIL,2026-08-20,MIL,SEA,7,4,1.0,0.594225842620311,0.5926,MIL,MIL,1
20260820_SF@CLE,2026-08-20,CLE,SF,5,2,1.0,0.5946865035819586,0.5931,CLE,CLE,1
20260820_STL@CIN,2026-08-20,CIN,STL,9,10,0.0,0.502982536530263,0.5,CIN,STL,0
20260820_TOR@TB,2026-08-20,TB,TOR,1,5,0.0,0.6035190039073165,0.6028,TB,TOR,0
20260820_WSH@TEX,2026-08-20,TEX,WSH,2,0,1.0,0.5401072964934003,0.5332,TEX,TEX,1
20260819_ATH@KC,2026-08-19,KC,ATH,9,7,1.0,0.5269664143335153,0.5187,KC,KC,1
20260819_ATL@MIN,2026-08-19,MIN,ATL,6,4,1.0,0.4806892204027417,0.4897,ATL,MIN,0
20260819_AZ@BOS,2026-08-19,BOS,AZ,6,7,0.0,0.5338143352074741,0.5263,BOS,AZ,0
20260819_CWS@CHC,2026-08-19,CHC,CWS,0,3,0.0,0.614070421906011,0.6144,CHC,CWS,0
20260819_DET@PIT,2026-08-19,PIT,DET,4,3,1.0,0.5018512989861165,0.5,PIT,PIT,1
20260819_LAA@HOU,2026-08-19,HOU,LAA,3,2,1.0,0.6086912400370805,0.6085,HOU,HOU,1
20260819_LAD@COL,2026-08-19,COL,LAD,4,6,0.0,0.3745872063007784,0.3732,LAD,LAD,1
20260819_MIA@PHI,2026-08-19,PHI,MIA,4,1,1.0,0.5536171706768881,0.548,PHI,PHI,1
20260819_NYY@BAL,2026-08-19,BAL,NYY,3,5,0.0,0.4893901229997678,0.4992,NYY,NYY,1
20260819_SD@NYM,2026-08-19,NYM,SD,4,2,1.0,0.48677020407113725,0.4963,SD,NYM,0
20260819_SEA@MIL,2026-08-19,MIL,SEA,5,7,0.0,0.6109613421039377,0.611,MIL,SEA,0
20260819_SF@CLE,2026-08-19,CLE,SF,0,1,0.0,0.5808919051481771,0.578,CLE,SF,0
20260819_STL@CIN,2026-08-19,CIN,STL,5,4,1.0,0.5204137510821082,0.5115,CIN,CIN,1
20260819_TOR@TB,2026-08-19,TB,TOR,7,6,1.0,0.6192870896097474,0.6201,TB,TB,1
20260819_WSH@TEX,2026-08-19,TEX,WSH,0,6,0.0,0.516549558470624,0.5073,TEX,WSH,0
20260818_ATH@KC,2026-08-18,KC,ATH,4,3,1.0,0.547056376909355,0.5408,KC,KC,1
20260818_ATL@MIN,2026-08-18,MIN,ATL,4,1,1.0,0.4565849980910486,0.4632,ATL,MIN,0
20260818_AZ@BOS,2026-08-18,BOS,AZ,9,4,1.0,0.5325035058197289,0.5248,BOS,BOS,1
20260818_CWS@CHC,2026-08-18,CHC,CWS,4,3,1.0,0.5873804597485119,0.5851,CHC,CHC,1
20260818_DET@PIT,2026-08-18,PIT,DET,4,1,1.0,0.5002080882306948,0.5,PIT,PIT,1
20260818_LAA@HOU,2026-08-18,HOU,LAA,1,3,0.0,0.6180757171671136,0.6188,HOU,LAA,0
20260818_LAD@COL,2026-08-18,COL,LAD,6,7,0.0,0.4499189567147266,0.4559,LAD,LAD,1
20260818_MIA@PHI,2026-08-18,PHI,MIA,6,4,1.0,0.6160654922507469,0.6166,PHI,PHI,1
20260818_NYY@BAL,2026-08-18,BAL,NYY,1,3,0.0,0.4874596867418845,0.4971,NYY,NYY,1
20260818_SD@NYM,2026-08-18,NYM,SD,2,5,0.0,0.48961935772221205,0.4995,SD,SD,1
20260818_SEA@MIL,2026-08-18,MIL,SEA,22,0,1.0,0.6048349304717362,0.6043,MIL,MIL,1
20260818_SF@CLE,2026-08-18,CLE,SF,8,1,1.0,0.5831127648810672,0.5804,CLE,CLE,1
20260818_STL@CIN,2026-08-18,CIN,STL,0,3,0.0,0.49841556350744365,0.5,STL,STL,1
20260818_TOR@TB,2026-08-18,TB,TOR,5,10,0.0,0.5800403090108174,0.5771,TB,TOR,0
20260818_WSH@TEX,2026-08-18,TEX,WSH,5,0,1.0,0.5144532885150964,0.505,TEX,TEX,1
20260817_ATH@KC,2026-08-17,KC,ATH,9,5,1.0,0.5481255119257955,0.5428,KC,KC,1
20260817_ATL@MIN,2026-08-17,MIN,ATL,4,2,1.0,0.4642554859718098,0.4709,ATL,MIN,0
20260817_AZ@BOS,2026-08-17,BOS,AZ,11,1,1.0,0.514039339220836,0.5051,BOS,BOS,1
20260817_BAL@TB,2026-08-17,TB,BAL,7,6,1.0,0.5312407783259099,0.5241,TB,TB,1
20260817_CWS@CHC,2026-08-17,CHC,CWS,7,5,1.0,0.600938447148228,0.6012,CHC,CHC,1
20260817_DET@PIT,2026-08-17,PIT,DET,5,8,0.0,0.4977656182906535,0.5,DET,DET,1
20260817_LAD@COL,2026-08-17,COL,LAD,5,11,0.0,0.4007509784382028,0.4006,LAD,LAD,1
20260817_MIA@PHI,2026-08-17,PHI,MIA,6,5,1.0,0.6048038298154947,0.6055,PHI,PHI,1
20260817_SD@NYM,2026-08-17,NYM,SD,2,1,1.0,0.4729803995005842,0.4805,SD,NYM,0
20260817_STL@CIN,2026-08-17,CIN,STL,6,5,1.0,0.5003483191891502,0.5,CIN,CIN,1
20260817_STL@CIN_2,2026-08-17,CIN,STL,1,2,0.0,0.5121582318340181,0.503,CIN,STL,0
20260816_AZ@ATL,2026-08-16,ATL,AZ,5,3,1.0,0.5095378461975859,0.5001,ATL,ATL,1
20260816_BAL@TB,2026-08-16,TB,BAL,2,10,0.0,0.5435437776515345,0.5378,TB,BAL,0
20260816_BOS@PIT,2026-08-16,PIT,BOS,8,3,1.0,0.47803123939080483,0.4861,BOS,PIT,0
20260816_COL@SF,2026-08-16,SF,COL,7,13,0.0,0.5545312851904957,0.5499,SF,COL,0
20260816_CWS@DET,2026-08-16,DET,CWS,5,7,0.0,0.567516306064011,0.5643,DET,CWS,0
20260816_KC@LAA,2026-08-16,LAA,KC,0,3,0.0,0.46076284148704516,0.467,KC,KC,1
20260816_MIA@CIN,2026-08-16,CIN,MIA,1,7,0.0,0.5290417600856536,0.5217,CIN,MIA,0
20260816_MIL@LAD,2026-08-16,LAD,MIL,2,6,0.0,0.5326480708315837,0.5257,LAD,MIL,0
20260816_NYY@TOR,2026-08-16,TOR,NYY,3,4,0.0,0.5349092096870677,0.5282,TOR,NYY,0
20260816_PHI@MIN,2026-08-16,MIN,PHI,5,7,0.0,0.49043065867117486,0.4998,PHI,PHI,1
20260816_SD@CLE,2026-08-16,CLE,SD,0,5,0.0,0.457858904965437,0.4638,SD,SD,1
20260816_SEA@HOU,2026-08-16,HOU,SEA,2,3,0.0,0.59276621186191,0.5922,HOU,SEA,0
20260816_STL@CHC,2026-08-16,CHC,STL,4,11,0.0,0.5877057202356655,0.5866,CHC,STL,0
20260816_TEX@ATH,2026-08-16,ATH,TEX,5,2,1.0,0.48444950120443053,0.4932,TEX,ATH,0
20260816_WSH@NYM,2026-08-16,NYM,WSH,4,3,1.0,0.5200471693192291,0.5118,NYM,NYM,1
20260815_AZ@ATL,2026-08-15,ATL,AZ,3,10,0.0,0.5313381033523148,0.5243,ATL,AZ,0
20260815_BAL@TB,2026-08-15,TB,BAL,3,4,0.0,0.5611924219252453,0.5573,TB,BAL,0
20260815_BOS@PIT,2026-08-15,PIT,BOS,0,4,0.0,0.4757214486966714,0.4836,BOS,BOS,1
20260815_COL@SF,2026-08-15,SF,COL,7,1,1.0,0.5652663785136166,0.5618,SF,SF,1
20260815_CWS@DET,2026-08-15,DET,CWS,3,4,0.0,0.6037909836637554,0.6044,DET,CWS,0
20260815_KC@LAA,2026-08-15,LAA,KC,1,0,1.0,0.4942749152921919,0.5,KC,LAA,0
20260815_MIA@CIN,2026-08-15,CIN,MIA,4,8,0.0,0.5531434878541186,0.5484,CIN,MIA,0
20260815_MIL@LAD,2026-08-15,LAD,MIL,1,4,0.0,0.4795086717822362,0.4877,MIL,MIL,1
20260815_NYY@TOR,2026-08-15,TOR,NYY,4,1,1.0,0.48031920736396905,0.4886,NYY,TOR,0
20260815_PHI@MIN,2026-08-15,MIN,PHI,1,9,0.0,0.4803388989968936,0.4887,PHI,PHI,1
20260815_SD@CLE,2026-08-15,CLE,SD,6,1,1.0,0.4529594055512901,0.4584,SD,CLE,0
20260815_SEA@HOU,2026-08-15,HOU,SEA,5,10,0.0,0.5780095199049129,0.5759,HOU,SEA,0
20260815_STL@CHC,2026-08-15,CHC,STL,4,8,0.0,0.5920963802684649,0.5915,CHC,STL,0
20260815_TEX@ATH,2026-08-15,ATH,TEX,3,5,0.0,0.4795509649675214,0.4878,TEX,TEX,1
20260815_WSH@NYM,2026-08-15,NYM,WSH,5,4,1.0,0.5103207147402563,0.501,NYM,NYM,1
20260814_AZ@ATL,2026-08-14,ATL,AZ,0,2,0.0,0.5660161746039558,0.5626,ATL,AZ,0
20260814_BAL@TB,2026-08-14,TB,BAL,5,6,0.0,0.6023025523020482,0.6027,TB,BAL,0
20260814_BOS@PIT,2026-08-14,PIT,BOS,8,4,1.0,0.4787520143169446,0.4869,BOS,PIT,0
20260814_COL@SF,2026-08-14,SF,COL,2,5,0.0,0.5385521032500541,0.5322,SF,COL,0
20260814_CWS@DET,2026-08-14,DET,CWS,5,9,0.0,0.5928837933856218,0.5923,DET,CWS,0
20260814_KC@LAA,2026-08-14,LAA,KC,6,7,0.0,0.47734878263005165,0.4854,KC,KC,1
20260814_MIA@CIN,2026-08-14,CIN,MIA,1,0,1.0,0.5356818462211307,0.5291,CIN,CIN,1
20260814_MIL@LAD,2026-08-14,LAD,MIL,3,1,1.0,0.5286917196806526,0.5213,LAD,LAD,1
20260814_NYY@TOR,2026-08-14,TOR,NYY,3,1,1.0,0.47275694734396323,0.4803,NYY,TOR,0
20260814_SD@CLE,2026-08-14,CLE,SD,5,7,0.0,0.4805094342375832,0.4889,SD,SD,1
20260814_SEA@HOU,2026-08-14,HOU,SEA,10,7,1.0,0.5959109349725822,0.5957,HOU,HOU,1
20260814_STL@CHC,2026-08-14,CHC,STL,3,0,1.0,0.5929658693235005,0.5924,CHC,CHC,1
20260814_TEX@ATH,2026-08-14,ATH,TEX,8,3,1.0,0.4928939549045045,0.5,TEX,ATH,0
20260814_WSH@NYM,2026-08-14,NYM,WSH,4,1,1.0,0.4846554148346103,0.4934,WSH,NYM,0
20260813_BOS@TOR,2026-08-13,TOR,BOS,0,7,0.0,0.4571923313130036,0.4631,BOS,BOS,1
20260813_CHC@WSH,2026-08-13,WSH,CHC,7,0,1.0,0.4713373637361597,0.4787,CHC,WSH,0
20260813_CIN@CWS,2026-08-13,CWS,CIN,8,9,0.0,0.49817400425446806,0.5,CIN,CIN,1
20260813_CLE@DET,2026-08-13,DET,CLE,3,0,1.0,0.5217531423149355,0.5136,DET,DET,1
20260813_MIL@LAD,2026-08-13,LAD,MIL,4,5,0.0,0.5418463193763373,0.5359,LAD,MIL,0
20260813_PHI@MIN,2026-08-13,MIN,PHI,1,7,0.0,0.5242397985651877,0.5164,MIN,PHI,0
20260813_PIT@MIA,2026-08-13,MIA,PIT,1,13,0.0,0.546505804384034,0.541,MIA,PIT,0
20260813_SEA@NYY,2026-08-13,NYY,SEA,0,1,0.0,0.5720775773775338,0.5693,NYY,SEA,0
20260813_TEX@LAA,2026-08-13,LAA,TEX,7,0,1.0,0.47616741447892935,0.4841,TEX,LAA,0
20260812_BAL@MIN,2026-08-12,MIN,BAL,7,5,1.0,0.49650910130232545,0.5,BAL,MIN,0
20260812_BOS@TOR,2026-08-12,TOR,BOS,6,4,1.0,0.49327734817909136,0.5,BOS,TOR,0
20260812_CHC@WSH,2026-08-12,WSH,CHC,6,12,0.0,0.4493503382360718,0.4544,CHC,CHC,1
20260812_CIN@CWS,2026-08-12,CWS,CIN,5,0,1.0,0.4976349779916396,0.5,CIN,CWS,0
20260812_CLE@DET,2026-08-12,DET,CLE,4,6,0.0,0.5485485340187927,0.5433,DET,CLE,0
20260812_COL@AZ,2026-08-12,AZ,COL,4,6,0.0,0.6233470073941877,0.626,AZ,COL,0
20260812_HOU@SF,2026-08-12,SF,HOU,1,2,0.0,0.45497737632537877,0.4606,HOU,HOU,1
20260812_KC@LAD,2026-08-12,LAD,KC,4,2,1.0,0.5772147023174069,0.575,LAD,LAD,1
20260812_MIL@SD,2026-08-12,SD,MIL,4,3,1.0,0.5154377790765957,0.5067,SD,SD,1
20260812_NYM@ATL,2026-08-12,ATL,NYM,6,3,1.0,0.573973892077282,0.5714,ATL,ATL,1
20260812_PHI@STL,2026-08-12,STL,PHI,7,1,1.0,0.4995992644439312,0.5,PHI,STL,0
20260812_PIT@MIA,2026-08-12,MIA,PIT,8,2,1.0,0.52850925344029,0.5211,MIA,MIA,1
20260812_SEA@NYY,2026-08-12,NYY,SEA,10,5,1.0,0.565496997802837,0.5621,NYY,NYY,1
20260812_TB@ATH,2026-08-12,ATH,TB,4,8,0.0,0.39843642290308773,0.3981,TB,TB,1
20260812_TEX@LAA,2026-08-12,LAA,TEX,5,2,1.0,0.4827132713544065,0.4913,TEX,LAA,0
20260811_BAL@MIN,2026-08-11,MIN,BAL,2,5,0.0,0.5083524737891477,0.5,MIN,BAL,0
20260811_BOS@TOR,2026-08-11,TOR,BOS,5,3,1.0,0.5347748217795749,0.5281,TOR,TOR,1
20260811_CHC@WSH,2026-08-11,WSH,CHC,6,8,0.0,0.4655899732409367,0.4723,CHC,CHC,1
20260811_CIN@CWS,2026-08-11,CWS,CIN,4,5,0.0,0.48819023042964166,0.4973,CIN,CIN,1
20260811_CLE@DET,2026-08-11,DET,CLE,6,4,1.0,0.5678429429724292,0.5646,DET,DET,1
20260811_COL@AZ,2026-08-11,AZ,COL,2,3,0.0,0.6096521660405675,0.6109,AZ,COL,0
20260811_HOU@SF,2026-08-11,SF,HOU,4,1,1.0,0.44272657181162284,0.447,HOU,SF,0
20260811_KC@LAD,2026-08-11,LAD,KC,5,4,1.0,0.5711294288598666,0.5683,LAD,LAD,1
20260811_MIL@SD,2026-08-11,SD,MIL,11,2,1.0,0.49023921112409385,0.4996,MIL,SD,0
20260811_NYM@ATL,2026-08-11,ATL,NYM,4,0,1.0,0.5215298976066519,0.5134,ATL,ATL,1
20260811_PHI@STL,2026-08-11,STL,PHI,2,0,1.0,0.4788756662328278,0.487,PHI,STL,0
20260811_PIT@MIA,2026-08-11,MIA,PIT,2,0,1.0,0.51821876142797,0.5097,MIA,MIA,1
20260811_SEA@NYY,2026-08-11,NYY,SEA,4,1,1.0,0.5707270876721154,0.5678,NYY,NYY,1
20260811_TB@ATH,2026-08-11,ATH,TB,4,12,0.0,0.4331880798196046,0.4365,TB,TB,1
20260811_TEX@LAA,2026-08-11,LAA,TEX,3,2,1.0,0.45888728968143916,0.4649,TEX,LAA,0
20260810_BAL@MIN,2026-08-10,MIN,BAL,9,5,1.0,0.5004441609839123,0.5,MIN,MIN,1
20260810_BOS@TOR,2026-08-10,TOR,BOS,2,1,1.0,0.4820245231153029,0.4903,BOS,TOR,0
20260810_COL@AZ,2026-08-10,AZ,COL,9,0,1.0,0.6046183431685135,0.6043,AZ,AZ,1
20260810_HOU@SF,2026-08-10,SF,HOU,3,6,0.0,0.4940572331582147,0.5,HOU,HOU,1
20260810_KC@LAD,2026-08-10,LAD,KC,6,5,1.0,0.6186516092593624,0.6195,LAD,LAD,1
20260810_MIL@SD,2026-08-10,SD,MIL,3,2,1.0,0.5003075733531059,0.5,SD,SD,1
20260810_NYM@ATL,2026-08-10,ATL,NYM,5,8,0.0,0.5076717823192376,0.5,ATL,NYM,0
20260810_PHI@STL,2026-08-10,STL,PHI,5,6,0.0,0.5253236914556205,0.5177,STL,PHI,0
20260810_TB@ATH,2026-08-10,ATH,TB,6,10,0.0,0.45045629440552415,0.4558,TB,TB,1
20260810_TEX@LAA,2026-08-10,LAA,TEX,1,4,0.0,0.4757581967277857,0.4834,TEX,TEX,1
20260809_ATH@BOS,2026-08-09,BOS,ATH,3,4,0.0,0.6175013242253083,0.6183,BOS,ATH,0
20260809_ATL@NYY,2026-08-09,NYY,ATL,1,2,0.0,0.539227067194923,0.5329,NYY,ATL,0
20260809_BAL@TEX,2026-08-09,TEX,BAL,5,10,0.0,0.5568465184210374,0.5521,TEX,BAL,0
20260809_CHC@KC,2026-08-09,KC,CHC,2,10,0.0,0.45554375597694496,0.4614,CHC,CHC,1
20260809_CIN@WSH,2026-08-09,WSH,CIN,7,1,1.0,0.4951447985609637,0.5,CIN,WSH,0
20260809_CLE@CWS,2026-08-09,CWS,CLE,5,3,1.0,0.47779916605976835,0.4857,CLE,CWS,0
20260809_COL@STL,2026-08-09,STL,COL,7,4,1.0,0.5677982907481232,0.5641,STL,STL,1
20260809_DET@SF,2026-08-09,SF,DET,1,3,0.0,0.4838662287154502,0.4923,DET,DET,1
20260809_HOU@SD,2026-08-09,SD,HOU,7,2,1.0,0.5300872059267581,0.5229,SD,SD,1
20260809_LAA@MIA,2026-08-09,MIA,LAA,12,3,1.0,0.5803814101831716,0.5778,MIA,MIA,1
20260809_LAD@AZ,2026-08-09,AZ,LAD,4,2,1.0,0.5064326201092195,0.5,AZ,AZ,1
20260809_MIN@MIL,2026-08-09,MIL,MIN,4,3,1.0,0.6253081368785837,0.6268,MIL,MIL,1
20260809_NYM@PIT,2026-08-09,PIT,NYM,1,11,0.0,0.5544278269006737,0.5495,PIT,NYM,0
20260809_TB@SEA,2026-08-09,SEA,TB,1,4,0.0,0.5468417472246943,0.5412,SEA,TB,0
20260809_TOR@PHI,2026-08-09,PHI,TOR,7,6,1.0,0.5905177241867418,0.5889,PHI,PHI,1
20260808_ATH@BOS,2026-08-08,BOS,ATH,3,7,0.0,0.5950186686142297,0.5938,BOS,ATH,0
20260808_ATL@NYY,2026-08-08,NYY,ATL,5,4,1.0,0.48062162368926203,0.4888,ATL,NYY,0
20260808_BAL@TEX,2026-08-08,TEX,BAL,5,1,1.0,0.5501088910564362,0.5448,TEX,TEX,1
20260808_CHC@KC,2026-08-08,KC,CHC,6,3,1.0,0.4418077433426317,0.4464,CHC,KC,0
20260808_CIN@WSH,2026-08-08,WSH,CIN,8,2,1.0,0.4918702772624997,0.5,CIN,WSH,0
20260808_CLE@CWS,2026-08-08,CWS,CLE,6,3,1.0,0.4803916138159206,0.4885,CLE,CWS,0
20260808_COL@STL,2026-08-08,STL,COL,6,8,0.0,0.5820113811624388,0.5796,STL,COL,0
20260808_DET@SF,2026-08-08,SF,DET,0,8,0.0,0.5056313713822983,0.5,SF,DET,0
20260808_HOU@SD,2026-08-08,SD,HOU,3,2,1.0,0.5309821643100867,0.5239,SD,SD,1
20260808_LAA@MIA,2026-08-08,MIA,LAA,7,0,1.0,0.5687911477121574,0.5652,MIA,MIA,1
20260808_LAD@AZ,2026-08-08,AZ,LAD,1,2,0.0,0.5006239379733233,0.5,AZ,LAD,0
20260808_MIN@MIL,2026-08-08,MIL,MIN,4,3,1.0,0.5549141923559349,0.55,MIL,MIL,1
20260808_NYM@PIT,2026-08-08,PIT,NYM,9,0,1.0,0.5338262175922741,0.527,PIT,PIT,1
20260808_TB@SEA,2026-08-08,SEA,TB,2,3,0.0,0.5715398630930869,0.5682,SEA,TB,0
20260808_TOR@PHI,2026-08-08,PHI,TOR,5,7,0.0,0.5818822552394861,0.5795,PHI,TOR,0
20260807_ATH@BOS,2026-08-07,BOS,ATH,13,1,1.0,0.6063101554087815,0.6061,BOS,BOS,1
20260807_ATL@NYY,2026-08-07,NYY,ATL,3,2,1.0,0.5089705008265003,0.5,NYY,NYY,1
20260807_BAL@TEX,2026-08-07,TEX,BAL,2,1,1.0,0.5396621376201535,0.5334,TEX,TEX,1
20260807_CHC@KC,2026-08-07,KC,CHC,4,6,0.0,0.43752533747989286,0.4417,CHC,CHC,1
20260807_CIN@WSH,2026-08-07,WSH,CIN,5,3,1.0,0.5179372138353856,0.5097,WSH,WSH,1
20260807_CLE@CWS,2026-08-07,CWS,CLE,2,8,0.0,0.4819734612099231,0.4902,CLE,CLE,1
20260807_COL@STL,2026-08-07,STL,COL,3,2,1.0,0.5832829219470117,0.581,STL,STL,1
20260807_DET@SF,2026-08-07,SF,DET,5,2,1.0,0.4909299806444092,0.5,DET,SF,0
20260807_HOU@SD,2026-08-07,SD,HOU,3,6,0.0,0.5553459127549406,0.5505,SD,HOU,0
20260807_LAA@MIA,2026-08-07,MIA,LAA,3,4,0.0,0.5690478200230894,0.5655,MIA,LAA,0
20260807_LAD@AZ,2026-08-07,AZ,LAD,4,3,1.0,0.4980612108119343,0.5,LAD,AZ,0
20260807_MIN@MIL,2026-08-07,MIL,MIN,6,8,0.0,0.6081603996661572,0.6081,MIL,MIN,0
20260807_NYM@PIT,2026-08-07,PIT,NYM,4,6,0.0,0.5433948397324638,0.5375,PIT,NYM,0
20260807_TB@SEA,2026-08-07,SEA,TB,1,2,0.0,0.5541939418583668,0.5492,SEA,TB,0
20260807_TOR@PHI,2026-08-07,PHI,TOR,4,5,0.0,0.5831661960494539,0.5809,PHI,TOR,0
20260806_ATH@CIN,2026-08-06,CIN,ATH,6,5,1.0,0.5922111969615104,0.5907,CIN,CIN,1
20260806_CWS@BOS,2026-08-06,BOS,CWS,12,11,1.0,0.5856729654508648,0.5836,BOS,BOS,1
20260806_DET@SEA,2026-08-06,SEA,DET,0,11,0.0,0.553225377973278,0.5482,SEA,DET,0
20260806_LAA@BAL,2026-08-06,BAL,LAA,1,4,0.0,0.625150997090558,0.6266,BAL,LAA,0
20260806_MIA@ATL,2026-08-06,ATL,MIA,11,3,1.0,0.5446210155720229,0.5388,ATL,ATL,1
20260806_MIN@KC,2026-08-06,KC,MIN,3,4,0.0,0.5365078606785839,0.5299,KC,MIN,0
20260806_NYM@CLE,2026-08-06,CLE,NYM,6,13,0.0,0.5061533963636766,0.5,CLE,NYM,0
20260806_PIT@MIL,2026-08-06,MIL,PIT,5,2,1.0,0.6030187062501551,0.6025,MIL,MIL,1
20260806_SD@AZ,2026-08-06,AZ,SD,1,5,0.0,0.54014888751562,0.5339,AZ,SD,0
20260806_TOR@CHC,2026-08-06,CHC,TOR,3,2,1.0,0.5418911836566623,0.5358,CHC,CHC,1
20260806_WSH@PHI,2026-08-06,PHI,WSH,7,3,1.0,0.5987207136493783,0.5978,PHI,PHI,1
20260805_ATH@CIN,2026-08-05,CIN,ATH,3,2,1.0,0.5859285436319241,0.5839,CIN,CIN,1
20260805_CWS@BOS,2026-08-05,BOS,CWS,4,0,1.0,0.5441626657995903,0.5383,BOS,BOS,1
20260805_DET@SEA,2026-08-05,SEA,DET,4,2,1.0,0.5198729633649546,0.5118,SEA,SEA,1
20260805_LAA@BAL,2026-08-05,BAL,LAA,5,2,1.0,0.5900816017348196,0.5884,BAL,BAL,1
20260805_LAD@CHC,2026-08-05,CHC,LAD,7,6,1.0,0.5596539657233999,0.5552,CHC,CHC,1
20260805_MIA@ATL,2026-08-05,ATL,MIA,4,1,1.0,0.5038225729161502,0.5,ATL,ATL,1
20260805_MIN@KC,2026-08-05,KC,MIN,2,1,1.0,0.5172058531126834,0.5089,KC,KC,1
20260805_NYM@CLE,2026-08-05,CLE,NYM,5,6,0.0,0.5221169294722773,0.5142,CLE,NYM,0
20260805_PIT@MIL,2026-08-05,MIL,PIT,4,2,1.0,0.5644803966038701,0.5605,MIL,MIL,1
20260805_SD@AZ,2026-08-05,AZ,SD,10,4,1.0,0.4841492061165952,0.4926,SD,AZ,0
20260805_SF@TEX,2026-08-05,TEX,SF,6,0,1.0,0.5707725806182844,0.5673,TEX,TEX,1
20260805_STL@NYY,2026-08-05,NYY,STL,1,3,0.0,0.5588340861352459,0.5543,NYY,STL,0
20260805_TB@COL,2026-08-05,COL,TB,0,4,0.0,0.44135666936924245,0.4459,TB,TB,1
20260805_TOR@HOU,2026-08-05,HOU,TOR,4,5,0.0,0.6073365255508741,0.6072,HOU,TOR,0
20260805_WSH@PHI,2026-08-05,PHI,WSH,4,10,0.0,0.5708476683710094,0.5674,PHI,WSH,0
20260804_ATH@CIN,2026-08-04,CIN,ATH,5,4,1.0,0.5794761228051504,0.5768,CIN,CIN,1
20260804_CWS@BOS,2026-08-04,BOS,CWS,14,2,1.0,0.582092115176689,0.5797,BOS,BOS,1
20260804_DET@SEA,2026-08-04,SEA,DET,0,8,0.0,0.515472984029886,0.507,SEA,DET,0
20260804_LAA@BAL,2026-08-04,BAL,LAA,3,1,1.0,0.5740851411825064,0.571,BAL,BAL,1
20260804_LAD@CHC,2026-08-04,CHC,LAD,5,1,1.0,0.5131791167442358,0.5045,CHC,CHC,1
20260804_MIA@ATL,2026-08-04,ATL,MIA,4,2,1.0,0.5733374698439458,0.5701,ATL,ATL,1
20260804_MIN@KC,2026-08-04,KC,MIN,8,2,1.0,0.4883881680356281,0.4972,MIN,KC,0
20260804_NYM@CLE,2026-08-04,CLE,NYM,2,6,0.0,0.5646753747682616,0.5607,CLE,NYM,0
20260804_PIT@MIL,2026-08-04,MIL,PIT,4,2,1.0,0.568301639584778,0.5646,MIL,MIL,1
20260804_SD@AZ,2026-08-04,AZ,SD,4,9,0.0,0.5189526975763371,0.5108,AZ,SD,0
20260804_SF@TEX,2026-08-04,TEX,SF,5,4,1.0,0.5848142211791959,0.5827,TEX,TEX,1
20260804_STL@NYY,2026-08-04,NYY,STL,2,0,1.0,0.5655343735812831,0.5616,NYY,NYY,1
20260804_TB@COL,2026-08-04,COL,TB,7,9,0.0,0.4416536903683806,0.4462,TB,TB,1
20260804_TOR@HOU,2026-08-04,HOU,TOR,7,2,1.0,0.5255852840048724,0.518,HOU,HOU,1
20260804_WSH@PHI,2026-08-04,PHI,WSH,5,0,1.0,0.6077346826498785,0.6077,PHI,PHI,1
20260803_LAD@CHC,2026-08-03,CHC,LAD,10,5,1.0,0.5314163747669153,0.524,CHC,CHC,1
20260803_PIT@MIL,2026-08-03,MIL,PIT,3,4,0.0,0.5771588419208424,0.5748,MIL,PIT,0
20260803_SD@AZ,2026-08-03,AZ,SD,5,1,1.0,0.4783661968996813,0.4869,SD,AZ,0
20260803_SF@TEX,2026-08-03,TEX,SF,1,5,0.0,0.5652231016730299,0.5616,TEX,SF,0
20260803_STL@NYY,2026-08-03,NYY,STL,7,13,0.0,0.6014289360304763,0.6017,NYY,STL,0
20260803_TB@COL,2026-08-03,COL,TB,9,13,0.0,0.4411368919174037,0.4455,TB,TB,1
20260803_TOR@HOU,2026-08-03,HOU,TOR,1,3,0.0,0.5907008976676961,0.5898,HOU,TOR,0
20260803_WSH@PHI,2026-08-03,PHI,WSH,6,3,1.0,0.5332556736232577,0.526,PHI,PHI,1
20260802_AZ@CLE,2026-08-02,CLE,AZ,5,0,1.0,0.538701796414572,0.5321,CLE,CLE,1
20260802_BOS@LAD,2026-08-02,LAD,BOS,4,8,0.0,0.5665977581672998,0.5631,LAD,BOS,0
20260802_CWS@TB,2026-08-02,TB,CWS,1,9,0.0,0.6016063557581709,0.6019,TB,CWS,0
20260802_DET@ATH,2026-08-02,ATH,DET,0,11,0.0,0.4884673486204543,0.4981,DET,DET,1
20260802_KC@COL,2026-08-02,COL,KC,8,1,1.0,0.5014538594195558,0.5,COL,COL,1
20260802_MIA@NYM,2026-08-02,NYM,MIA,0,2,0.0,0.5029018496967405,0.5,NYM,MIA,0
20260802_MIL@LAA,2026-08-02,LAA,MIL,3,0,1.0,0.4091320347828971,0.41,MIL,LAA,0
20260802_MIN@SEA,2026-08-02,SEA,MIN,7,6,1.0,0.5213977942484549,0.5129,SEA,SEA,1
20260802_NYY@CHC,2026-08-02,CHC,NYY,1,2,0.0,0.5174293155448753,0.5085,CHC,NYY,0
20260802_PHI@BAL,2026-08-02,BAL,PHI,0,8,0.0,0.5031031849566134,0.5,BAL,PHI,0
20260802_PIT@CIN,2026-08-02,CIN,PIT,10,2,1.0,0.5624223924224462,0.5584,CIN,CIN,1
20260802_SF@SD,2026-08-02,SD,SF,5,4,1.0,0.5670358071245574,0.5636,SD,SD,1
20260802_STL@TOR,2026-08-02,TOR,STL,1,5,0.0,0.5436942629570264,0.5376,TOR,STL,0
20260802_TEX@HOU,2026-08-02,HOU,TEX,7,3,1.0,0.5854567650435796,0.584,HOU,HOU,1
20260802_WSH@ATL,2026-08-02,ATL,WSH,4,2,1.0,0.5342918615303175,0.5272,ATL,ATL,1
20260801_AZ@CLE,2026-08-01,CLE,AZ,8,12,0.0,0.528035887055335,0.5202,CLE,AZ,0
20260801_BOS@LAD,2026-08-01,LAD,BOS,2,3,0.0,0.5634397116098611,0.5596,LAD,BOS,0
20260801_CWS@TB,2026-08-01,TB,CWS,1,0,1.0,0.5610835778655762,0.557,TB,TB,1
20260801_DET@ATH,2026-08-01,ATH,DET,6,8,0.0,0.4591981618765101,0.4656,DET,DET,1
20260801_KC@COL,2026-08-01,COL,KC,12,6,1.0,0.47374363377264805,0.4817,KC,COL,0
20260801_MIA@NYM,2026-08-01,NYM,MIA,2,6,0.0,0.5286855665606123,0.521,NYM,MIA,0
20260801_MIL@LAA,2026-08-01,LAA,MIL,1,3,0.0,0.39142189897036095,0.3903,MIL,MIL,1
20260801_MIN@SEA,2026-08-01,SEA,MIN,4,3,1.0,0.5630368970869077,0.5591,SEA,SEA,1
20260801_NYY@CHC,2026-08-01,CHC,NYY,5,2,1.0,0.5373813608054114,0.5306,CHC,CHC,1
20260801_PHI@BAL,2026-08-01,BAL,PHI,0,5,0.0,0.5301428530227537,0.5226,BAL,PHI,0
20260801_PIT@CIN,2026-08-01,CIN,PIT,1,4,0.0,0.5474602121323674,0.5418,CIN,PIT,0
20260801_SF@SD,2026-08-01,SD,SF,6,5,1.0,0.5552487282209884,0.5505,SD,SD,1
20260801_STL@TOR,2026-08-01,TOR,STL,5,1,1.0,0.5589471689574181,0.5546,TOR,TOR,1
20260801_TEX@HOU,2026-08-01,HOU,TEX,5,4,1.0,0.551941615177068,0.5468,HOU,HOU,1
20260801_WSH@ATL,2026-08-01,ATL,WSH,8,3,1.0,0.5298774656502313,0.5223,ATL,ATL,1
20260731_AZ@CLE,2026-07-31,CLE,AZ,1,4,0.0,0.515814480906465,0.5067,CLE,AZ,0
20260731_BOS@LAD,2026-07-31,LAD,BOS,4,9,0.0,0.5793222452236428,0.5772,LAD,BOS,0
20260731_CWS@TB,2026-07-31,TB,CWS,1,6,0.0,0.6345854291296844,0.6384,TB,CWS,0
20260731_DET@ATH,2026-07-31,ATH,DET,1,13,0.0,0.46363287384823426,0.4705,DET,DET,1
20260731_KC@COL,2026-07-31,COL,KC,3,1,1.0,0.4837954721354831,0.4929,KC,COL,0
20260731_MIA@NYM,2026-07-31,NYM,MIA,2,5,0.0,0.5591871822901121,0.5549,NYM,MIA,0
20260731_MIL@LAA,2026-07-31,LAA,MIL,2,6,0.0,0.38804275439672653,0.3866,MIL,MIL,1
20260731_MIN@SEA,2026-07-31,SEA,MIN,3,5,0.0,0.5661018545050299,0.5625,SEA,MIN,0
20260731_NYY@CHC,2026-07-31,CHC,NYY,0,2,0.0,0.5480150802465994,0.5424,CHC,NYY,0
20260731_PHI@BAL,2026-07-31,BAL,PHI,6,4,1.0,0.5135625317525505,0.5042,BAL,BAL,1
20260731_PIT@CIN,2026-07-31,CIN,PIT,8,7,1.0,0.5147722095950027,0.5055,CIN,CIN,1
20260731_SF@SD,2026-07-31,SD,SF,7,0,1.0,0.5655377877319979,0.5619,SD,SD,1
20260731_STL@TOR,2026-07-31,TOR,STL,3,1,1.0,0.5762045892553312,0.5738,TOR,TOR,1
20260731_TEX@HOU,2026-07-31,HOU,TEX,11,2,1.0,0.5558851168344145,0.5512,HOU,HOU,1
20260731_WSH@ATL,2026-07-31,ATL,WSH,6,2,1.0,0.5147190471612132,0.5055,ATL,ATL,1
20260730_BOS@ATH,2026-07-30,ATH,BOS,4,5,0.0,0.45384226339193945,0.4596,BOS,BOS,1
20260730_CHC@STL,2026-07-30,STL,CHC,2,4,0.0,0.5031769933136387,0.5,STL,CHC,0
20260730_KC@MIN,2026-07-30,MIN,KC,4,3,1.0,0.5120210453813253,0.5025,MIN,MIN,1
20260730_MIA@NYM,2026-07-30,NYM,MIA,4,2,1.0,0.5210513593660537,0.5125,NYM,NYM,1
20260730_NYY@CWS,2026-07-30,CWS,NYY,2,1,1.0,0.4826244307134286,0.4916,NYY,CWS,0
20260730_PIT@CIN,2026-07-30,CIN,PIT,3,2,1.0,0.5084805555889462,0.5,CIN,CIN,1
20260730_SEA@LAD,2026-07-30,LAD,SEA,6,2,1.0,0.6013374138670123,0.6016,LAD,LAD,1
20260730_SF@SD,2026-07-30,SD,SF,1,4,0.0,0.5904153790836767,0.5895,SD,SF,0
20260730_TEX@TB,2026-07-30,TB,TEX,3,2,1.0,0.5953931659711423,0.5951,TB,TB,1
20260730_WSH@ATL,2026-07-30,ATL,WSH,5,4,1.0,0.5264603301411034,0.5185,ATL,ATL,1
20260729_ATL@NYM,2026-07-29,NYM,ATL,0,1,0.0,0.48664381854686817,0.496,ATL,ATL,1
20260729_ATL@NYM_2,2026-07-29,NYM,ATL,3,2,1.0,0.4984410533217678,0.5,ATL,NYM,0
20260729_AZ@PIT,2026-07-29,PIT,AZ,0,3,0.0,0.5348621876486176,0.5278,PIT,AZ,0
20260729_BAL@DET,2026-07-29,DET,BAL,9,10,0.0,0.5253670309306876,0.5173,DET,BAL,0
20260729_BOS@ATH,2026-07-29,ATH,BOS,2,4,0.0,0.42536819296108985,0.428,BOS,BOS,1
20260729_CHC@STL,2026-07-29,STL,CHC,3,2,1.0,0.49657698673961126,0.5,CHC,STL,0
20260729_CLE@CIN,2026-07-29,CIN,CLE,1,6,0.0,0.49216306754543165,0.5,CLE,CLE,1
20260729_COL@SD,2026-07-29,SD,COL,3,1,1.0,0.6039423620033608,0.6045,SD,SD,1
20260729_HOU@LAA,2026-07-29,LAA,HOU,4,7,0.0,0.48592179257352197,0.4952,HOU,HOU,1
20260729_KC@MIN,2026-07-29,MIN,KC,0,4,0.0,0.5774005910316978,0.5751,MIN,KC,0
20260729_MIL@SF,2026-07-29,SF,MIL,16,3,1.0,0.44810592138662597,0.4532,MIL,SF,0
20260729_NYY@CWS,2026-07-29,CWS,NYY,6,5,1.0,0.45572164206474924,0.4617,NYY,CWS,0
20260729_PHI@MIA,2026-07-29,MIA,PHI,8,6,1.0,0.4620051976412138,0.4687,PHI,MIA,0
20260729_SEA@LAD,2026-07-29,LAD,SEA,4,2,1.0,0.5718028745079213,0.5689,LAD,LAD,1
20260729_TEX@TB,2026-07-29,TB,TEX,3,0,1.0,0.5760149635328934,0.5735,TB,TB,1
20260729_TOR@WSH,2026-07-29,WSH,TOR,2,5,0.0,0.5032765469287722,0.5,WSH,TOR,0
20260728_AZ@PIT,2026-07-28,PIT,AZ,7,8,0.0,0.5394239138199823,0.5329,PIT,AZ,0
20260728_BAL@DET,2026-07-28,DET,BAL,14,0,1.0,0.5380142563569007,0.5313,DET,DET,1
20260728_BOS@ATH,2026-07-28,ATH,BOS,4,3,1.0,0.4448411533348902,0.4496,BOS,ATH,0
20260728_CHC@STL,2026-07-28,STL,CHC,2,10,0.0,0.49378319106718443,0.5,CHC,CHC,1
20260728_CLE@CIN,2026-07-28,CIN,CLE,2,0,1.0,0.43341221747242575,0.4369,CLE,CIN,0
20260728_CLE@CIN_2,2026-07-28,CIN,CLE,5,6,0.0,0.5490446276119612,0.5436,CIN,CLE,0
20260728_COL@SD,2026-07-28,SD,COL,8,7,1.0,0.6249076083898953,0.6277,SD,SD,1
20260728_HOU@LAA,2026-07-28,LAA,HOU,2,3,0.0,0.49608128947201735,0.5,HOU,HOU,1
20260728_KC@MIN,2026-07-28,MIN,KC,3,2,1.0,0.5893439096255517,0.5883,MIN,MIN,1
20260728_MIL@SF,2026-07-28,SF,MIL,2,8,0.0,0.4550097740283199,0.4609,MIL,MIL,1
20260728_NYY@CWS,2026-07-28,CWS,NYY,2,3,0.0,0.47921715117028607,0.4878,NYY,NYY,1
20260728_PHI@MIA,2026-07-28,MIA,PHI,1,0,1.0,0.5011367230195849,0.5,MIA,MIA,1
20260728_SEA@LAD,2026-07-28,LAD,SEA,6,7,0.0,0.5985862149485829,0.5986,LAD,SEA,0
20260728_TEX@TB,2026-07-28,TB,TEX,1,4,0.0,0.6151592111027318,0.617,TB,TEX,0
20260728_TOR@WSH,2026-07-28,WSH,TOR,8,6,1.0,0.5508337843404811,0.5456,WSH,WSH,1
20260727_ATL@NYM,2026-07-27,NYM,ATL,14,3,1.0,0.5070308008392801,0.5,NYM,NYM,1
20260727_AZ@PIT,2026-07-27,PIT,AZ,3,2,1.0,0.5065588807623124,0.5,PIT,PIT,1
20260727_BAL@DET,2026-07-27,DET,BAL,5,8,0.0,0.4999123610074895,0.5,BAL,BAL,1
20260727_BOS@ATH,2026-07-27,ATH,BOS,2,4,0.0,0.4017109133787215,0.4019,BOS,BOS,1
20260727_CHC@STL,2026-07-27,STL,CHC,3,7,0.0,0.510913610235889,0.502,STL,CHC,0
20260727_HOU@LAA,2026-07-27,LAA,HOU,4,6,0.0,0.5017907322236074,0.5,LAA,HOU,0
20260727_MIL@SF,2026-07-27,SF,MIL,3,0,1.0,0.4532685202878273,0.4586,MIL,SF,0
20260727_NYY@CWS,2026-07-27,CWS,NYY,5,9,0.0,0.4708409485795095,0.4779,NYY,NYY,1
20260727_PHI@MIA,2026-07-27,MIA,PHI,8,7,1.0,0.4576772907803613,0.4634,PHI,MIA,0
20260727_SEA@TEX,2026-07-27,TEX,SEA,7,3,1.0,0.546735377442764,0.5414,TEX,TEX,1
20260727_TOR@WSH,2026-07-27,WSH,TOR,2,3,0.0,0.5347613618485008,0.5283,WSH,TOR,0
20260726_ATH@MIN,2026-07-26,MIN,ATH,11,8,1.0,0.5462971574914044,0.5409,MIN,MIN,1
20260726_ATL@BAL,2026-07-26,BAL,ATL,2,3,0.0,0.5109529355946261,0.5021,BAL,ATL,0
20260726_AZ@WSH,2026-07-26,WSH,AZ,10,7,1.0,0.46263284225444035,0.4689,AZ,WSH,0
20260726_CHC@PIT,2026-07-26,PIT,CHC,8,7,1.0,0.5242341309368155,0.5167,PIT,PIT,1
20260726_CIN@STL,2026-07-26,STL,CIN,3,5,0.0,0.5675296309160394,0.5643,STL,CIN,0
20260726_CLE@TB,2026-07-26,TB,CLE,1,0,1.0,0.5541280478293555,0.5496,TB,TB,1
20260726_COL@MIL,2026-07-26,MIL,COL,11,2,1.0,0.675229654028115,0.6822,MIL,MIL,1
20260726_HOU@CWS,2026-07-26,CWS,HOU,12,3,1.0,0.4841426617123429,0.4925,HOU,CWS,0
20260726_KC@DET,2026-07-26,DET,KC,4,5,0.0,0.5530845274088096,0.5484,DET,KC,0
20260726_LAA@SF,2026-07-26,SF,LAA,3,4,0.0,0.5594386334962237,0.5554,SF,LAA,0
20260726_LAD@NYM,2026-07-26,NYM,LAD,8,3,1.0,0.4504669058745327,0.4555,LAD,NYM,0
20260726_NYY@PHI,2026-07-26,PHI,NYY,11,4,1.0,0.5611472741498804,0.5573,PHI,PHI,1
20260726_SD@MIA,2026-07-26,MIA,SD,3,5,0.0,0.47848509326655614,0.4863,SD,SD,1
20260726_SEA@TEX,2026-07-26,TEX,SEA,4,6,0.0,0.5607547131516478,0.5569,TEX,SEA,0
20260726_TOR@BOS,2026-07-26,BOS,TOR,6,1,1.0,0.5523428071483405,0.5476,BOS,BOS,1
20260725_ATH@MIN,2026-07-25,MIN,ATH,2,0,1.0,0.5668669740435299,0.5636,MIN,MIN,1
20260725_ATL@BAL,2026-07-25,BAL,ATL,3,2,1.0,0.5207229320481963,0.5128,BAL,BAL,1
20260725_AZ@WSH,2026-07-25,WSH,AZ,5,3,1.0,0.49253470523607273,0.5,AZ,WSH,0
20260725_CHC@PIT,2026-07-25,PIT,CHC,0,11,0.0,0.5344024099612924,0.5279,PIT,CHC,0
20260725_CIN@STL,2026-07-25,STL,CIN,7,0,1.0,0.5141135644110463,0.5056,STL,STL,1
20260725_CLE@TB,2026-07-25,TB,CLE,3,0,1.0,0.5538530170739816,0.5493,TB,TB,1
20260725_COL@MIL,2026-07-25,MIL,COL,8,5,1.0,0.6332954537877664,0.6365,MIL,MIL,1
20260725_HOU@CWS,2026-07-25,CWS,HOU,1,4,0.0,0.5216722898150002,0.5139,CWS,HOU,0
20260725_KC@DET,2026-07-25,DET,KC,2,3,0.0,0.5696991538641925,0.5667,DET,KC,0
20260725_LAA@SF,2026-07-25,SF,LAA,9,2,1.0,0.6062651890181274,0.6069,SF,SF,1
20260725_LAD@NYM,2026-07-25,NYM,LAD,3,4,0.0,0.45871341090502865,0.4646,LAD,LAD,1
20260725_NYY@PHI,2026-07-25,PHI,NYY,1,3,0.0,0.5046715471963356,0.5,PHI,NYY,0
20260725_SD@MIA,2026-07-25,MIA,SD,2,7,0.0,0.5286026386644139,0.5215,MIA,SD,0
20260725_SEA@TEX,2026-07-25,TEX,SEA,7,1,1.0,0.5669473784124914,0.5637,TEX,TEX,1
20260725_TOR@BOS,2026-07-25,BOS,TOR,0,6,0.0,0.5233325624171803,0.5157,BOS,TOR,0
20260724_ATH@MIN,2026-07-24,MIN,ATH,0,2,0.0,0.5671005821938999,0.5638,MIN,ATH,0
20260724_ATL@BAL,2026-07-24,BAL,ATL,6,7,0.0,0.5174520153728055,0.5092,BAL,ATL,0
20260724_AZ@WSH,2026-07-24,WSH,AZ,2,3,0.0,0.43705442701091635,0.4407,AZ,AZ,1
20260724_CHC@PIT,2026-07-24,PIT,CHC,2,3,0.0,0.5249317185107906,0.5174,PIT,CHC,0
20260724_CIN@STL,2026-07-24,STL,CIN,2,4,0.0,0.5457389315920835,0.5403,STL,CIN,0
20260724_CLE@TB,2026-07-24,TB,CLE,11,3,1.0,0.5496965203310601,0.5447,TB,TB,1
20260724_COL@MIL,2026-07-24,MIL,COL,2,5,0.0,0.6465074038709718,0.6509,MIL,COL,0
20260724_HOU@CWS,2026-07-24,CWS,HOU,5,9,0.0,0.5132557319381642,0.5046,CWS,HOU,0
20260724_KC@DET,2026-07-24,DET,KC,2,1,1.0,0.5868747786855837,0.5856,DET,DET,1
20260724_LAA@SF,2026-07-24,SF,LAA,7,6,1.0,0.5698532628495265,0.5669,SF,SF,1
20260724_LAD@NYM,2026-07-24,NYM,LAD,2,4,0.0,0.4516694232336707,0.4568,LAD,LAD,1
20260724_NYY@PHI,2026-07-24,PHI,NYY,0,1,0.0,0.5538083769195903,0.5492,PHI,NYY,0
20260724_SD@MIA,2026-07-24,MIA,SD,2,4,0.0,0.5119113477642359,0.5031,MIA,SD,0
20260724_SEA@TEX,2026-07-24,TEX,SEA,5,4,1.0,0.5516525547299186,0.5468,TEX,TEX,1
20260724_TOR@BOS,2026-07-24,BOS,TOR,6,4,1.0,0.5559746721558598,0.5516,BOS,BOS,1
20260723_AZ@STL,2026-07-23,STL,AZ,6,10,0.0,0.5171825471906712,0.5089,STL,AZ,0
20260723_KC@DET,2026-07-23,DET,KC,4,3,1.0,0.5830015512065543,0.5813,DET,DET,1
20260723_MIN@CLE,2026-07-23,CLE,MIN,1,3,0.0,0.5501151782110186,0.5451,CLE,MIN,0
20260723_SD@ATL,2026-07-23,ATL,SD,6,5,1.0,0.5558782274334328,0.5515,ATL,ATL,1
20260723_TB@TOR,2026-07-23,TOR,TB,3,1,1.0,0.5265780337201271,0.5193,TOR,TOR,1
20260722_ATH@AZ,2026-07-22,AZ,ATH,15,5,1.0,0.5613447306762711,0.5575,AZ,AZ,1
20260722_BAL@BOS,2026-07-22,BOS,BAL,1,5,0.0,0.5386154568383942,0.5325,BOS,BAL,0
20260722_BAL@BOS_2,2026-07-22,BOS,BAL,6,3,1.0,0.527917088681897,0.5207,BOS,BOS,1
20260722_CIN@SEA,2026-07-22,SEA,CIN,3,5,0.0,0.5903770545559681,0.5894,SEA,CIN,0
20260722_CWS@TEX,2026-07-22,TEX,CWS,2,4,0.0,0.5438471716159177,0.5383,TEX,CWS,0
20260722_DET@CHC,2026-07-22,CHC,DET,1,5,0.0,0.5334043732580113,0.5268,CHC,DET,0
20260722_LAD@PHI,2026-07-22,PHI,LAD,5,9,0.0,0.5187259211470566,0.5106,PHI,LAD,0
20260722_MIA@HOU,2026-07-22,HOU,MIA,5,2,1.0,0.5241007021432592,0.5165,HOU,HOU,1
20260722_MIN@CLE,2026-07-22,CLE,MIN,6,10,0.0,0.5745773868056134,0.5721,CLE,MIN,0
20260722_NYM@MIL,2026-07-22,MIL,NYM,4,3,1.0,0.6100221211308505,0.611,MIL,MIL,1
20260722_PIT@NYY,2026-07-22,NYY,PIT,3,5,0.0,0.5636911161741337,0.5601,NYY,PIT,0
20260722_PIT@NYY_2,2026-07-22,NYY,PIT,2,0,1.0,0.5361017091072072,0.5297,NYY,NYY,1
20260722_SD@ATL,2026-07-22,ATL,SD,7,6,1.0,0.5241969980837125,0.5166,ATL,ATL,1
20260722_SF@KC,2026-07-22,KC,SF,5,4,1.0,0.5217308685338906,0.5139,KC,KC,1
20260722_STL@LAA,2026-07-22,LAA,STL,0,1,0.0,0.4701123184113071,0.4771,STL,STL,1
20260722_TB@TOR,2026-07-22,TOR,TB,2,4,0.0,0.5083131516383795,0.5,TOR,TB,0
20260722_WSH@COL,2026-07-22,COL,WSH,0,8,0.0,0.4606596047278464,0.4667,WSH,WSH,1
20260721_ATH@AZ,2026-07-21,AZ,ATH,6,5,1.0,0.5743213202663672,0.5718,AZ,AZ,1
20260721_CIN@SEA,2026-07-21,SEA,CIN,2,4,0.0,0.556419383210531,0.5521,SEA,CIN,0
20260721_CWS@TEX,2026-07-21,TEX,CWS,10,0,1.0,0.5630426044350115,0.5594,TEX,TEX,1
20260721_DET@CHC,2026-07-21,CHC,DET,11,2,1.0,0.5264582960377386,0.5191,CHC,CHC,1
20260721_LAD@PHI,2026-07-21,PHI,LAD,1,2,0.0,0.5666835081473908,0.5634,PHI,LAD,0
20260721_MIA@HOU,2026-07-21,HOU,MIA,5,3,1.0,0.5180185671707482,0.5098,HOU,HOU,1
20260721_MIN@CLE,2026-07-21,CLE,MIN,5,2,1.0,0.524111989748201,0.5165,CLE,CLE,1
20260721_NYM@MIL,2026-07-21,MIL,NYM,0,4,0.0,0.6125413115038499,0.6138,MIL,NYM,0
20260721_SD@ATL,2026-07-21,ATL,SD,3,8,0.0,0.5746432516358928,0.5721,ATL,SD,0
20260721_SF@KC,2026-07-21,KC,SF,3,2,1.0,0.5474527975975776,0.5422,KC,KC,1
20260721_STL@LAA,2026-07-21,LAA,STL,5,1,1.0,0.4957806616863575,0.5,STL,LAA,0
20260721_TB@TOR,2026-07-21,TOR,TB,2,12,0.0,0.49079186061976876,0.4998,TB,TB,1
20260721_WSH@COL,2026-07-21,COL,WSH,8,7,1.0,0.48654357946123605,0.4952,WSH,COL,0
20260720_ATH@AZ,2026-07-20,AZ,ATH,2,5,0.0,0.6025311580675593,0.6029,AZ,ATH,0
20260720_BAL@BOS,2026-07-20,BOS,BAL,6,5,1.0,0.5526340749686562,0.5474,BOS,BOS,1
20260720_CIN@SEA,2026-07-20,SEA,CIN,8,0,1.0,0.5926258395441639,0.5919,SEA,SEA,1
20260720_CWS@TEX,2026-07-20,TEX,CWS,3,10,0.0,0.5840891234594511,0.5824,TEX,CWS,0
20260720_DET@CHC,2026-07-20,CHC,DET,6,8,0.0,0.5444273154522532,0.5383,CHC,DET,0
20260720_LAD@PHI,2026-07-20,PHI,LAD,10,7,1.0,0.5061308240830218,0.5,PHI,PHI,1
20260720_MIA@HOU,2026-07-20,HOU,MIA,8,5,1.0,0.5094293654073649,0.5,HOU,HOU,1
20260720_MIN@CLE,2026-07-20,CLE,MIN,13,4,1.0,0.5080587351217865,0.5,CLE,CLE,1
20260720_NYM@MIL,2026-07-20,MIL,NYM,8,3,1.0,0.6566103483512344,0.6628,MIL,MIL,1
20260720_PIT@NYY,2026-07-20,NYY,PIT,8,5,1.0,0.5398836667257979,0.5332,NYY,NYY,1
20260720_SD@ATL,2026-07-20,ATL,SD,3,2,1.0,0.5140138092583038,0.5044,ATL,ATL,1
20260720_SF@KC,2026-07-20,KC,SF,4,3,1.0,0.5364087543506816,0.5293,KC,KC,1
20260720_STL@LAA,2026-07-20,LAA,STL,3,2,1.0,0.4586509391861285,0.4652,STL,LAA,0
20260720_TB@TOR,2026-07-20,TOR,TB,1,7,0.0,0.5705168074571298,0.5673,TOR,TB,0
20260720_WSH@COL,2026-07-20,COL,WSH,3,7,0.0,0.47141734013522,0.4794,WSH,WSH,1
20260719_BAL@HOU,2026-07-19,HOU,BAL,2,5,0.0,0.5254715567775143,0.5171,HOU,BAL,0
20260719_CIN@COL,2026-07-19,COL,CIN,6,9,0.0,0.4370078586469526,0.4411,CIN,CIN,1
20260719_CWS@TOR,2026-07-19,TOR,CWS,0,3,0.0,0.5353502053413084,0.5281,TOR,CWS,0
20260719_DET@LAA,2026-07-19,LAA,DET,3,2,1.0,0.4056045431181178,0.4061,DET,LAA,0
20260719_LAD@NYY,2026-07-19,NYY,LAD,2,1,1.0,0.4264592559368694,0.4293,LAD,NYY,0
20260719_LAD@NYY_2,2026-07-19,NYY,LAD,2,8,0.0,0.49895791964192376,0.5,LAD,LAD,1
20260719_MIA@MIL,2026-07-19,MIL,MIA,3,1,1.0,0.5543435556810886,0.5493,MIL,MIL,1
20260719_MIN@CHC,2026-07-19,CHC,MIN,10,1,1.0,0.549452425670545,0.5439,CHC,CHC,1
20260719_NYM@PHI,2026-07-19,PHI,NYM,1,6,0.0,0.5800353434838573,0.5779,PHI,NYM,0
20260719_PIT@CLE,2026-07-19,CLE,PIT,1,7,0.0,0.5362422724455205,0.5291,CLE,PIT,0
20260719_SD@KC,2026-07-19,KC,SD,2,19,0.0,0.48921684406500954,0.4992,SD,SD,1
20260719_SF@SEA,2026-07-19,SEA,SF,6,3,1.0,0.5629428293710824,0.5589,SEA,SEA,1
20260719_STL@AZ,2026-07-19,AZ,STL,8,7,1.0,0.5509702332048537,0.5455,AZ,AZ,1
20260719_TB@BOS,2026-07-19,BOS,TB,6,1,1.0,0.5405114376945689,0.5339,BOS,BOS,1
20260719_TEX@ATL,2026-07-19,ATL,TEX,8,5,1.0,0.5279743470834453,0.5199,ATL,ATL,1
20260719_WSH@ATH,2026-07-19,ATH,WSH,2,5,0.0,0.46307650473134293,0.4701,WSH,WSH,1
20260718_BAL@HOU,2026-07-18,HOU,BAL,2,4,0.0,0.4889754674197552,0.4989,BAL,BAL,1
20260718_CIN@COL,2026-07-18,COL,CIN,10,3,1.0,0.4822247619846063,0.4914,CIN,COL,0
20260718_CWS@TOR,2026-07-18,TOR,CWS,1,0,1.0,0.5537604601827895,0.5486,TOR,TOR,1
20260718_DET@LAA,2026-07-18,LAA,DET,0,7,0.0,0.4388710076108279,0.4431,DET,DET,1
20260718_MIA@MIL,2026-07-18,MIL,MIA,8,6,1.0,0.5657097189718782,0.562,MIL,MIL,1
20260718_MIN@CHC,2026-07-18,CHC,MIN,6,2,1.0,0.4962882336994612,0.5,MIN,CHC,0
20260718_NYM@PHI,2026-07-18,PHI,NYM,6,1,1.0,0.5982177984480989,0.5981,PHI,PHI,1
20260718_PIT@CLE,2026-07-18,CLE,PIT,1,7,0.0,0.5361467947689752,0.529,CLE,PIT,0
20260718_PIT@CLE_2,2026-07-18,CLE,PIT,5,3,1.0,0.5242016693206566,0.5157,CLE,CLE,1
20260718_SD@KC,2026-07-18,KC,SD,6,1,1.0,0.449930752200072,0.4555,SD,KC,0
20260718_SF@SEA,2026-07-18,SEA,SF,4,3,1.0,0.5611881097815625,0.5569,SEA,SEA,1
20260718_STL@AZ,2026-07-18,AZ,STL,5,3,1.0,0.5340431473744427,0.5267,AZ,AZ,1
20260718_TB@BOS,2026-07-18,BOS,TB,7,6,1.0,0.5377771678179323,0.5308,BOS,BOS,1
20260718_TEX@ATL,2026-07-18,ATL,TEX,6,7,0.0,0.5568319602594434,0.5521,ATL,TEX,0
20260718_WSH@ATH,2026-07-18,ATH,WSH,15,1,1.0,0.4721835367313454,0.4802,WSH,ATH,0
20260717_BAL@HOU,2026-07-17,HOU,BAL,2,3,0.0,0.526910100840629,0.5187,HOU,BAL,0
20260717_CIN@COL,2026-07-17,COL,CIN,2,7,0.0,0.5229229079139734,0.5143,COL,CIN,0
20260717_CWS@TOR,2026-07-17,TOR,CWS,4,12,0.0,0.5724938654176939,0.5695,TOR,CWS,0
20260717_DET@LAA,2026-07-17,LAA,DET,1,2,0.0,0.45013713835924923,0.4557,DET,DET,1
20260717_LAD@NYY,2026-07-17,NYY,LAD,1,2,0.0,0.49828215695437283,0.5,LAD,LAD,1
20260717_MIA@MIL,2026-07-17,MIL,MIA,2,1,1.0,0.5819850916873928,0.5801,MIL,MIL,1
20260717_MIN@CHC,2026-07-17,CHC,MIN,2,5,0.0,0.565709677149859,0.562,CHC,MIN,0
20260717_SD@KC,2026-07-17,KC,SD,7,6,1.0,0.4548226865165853,0.4609,SD,KC,0
20260717_SF@SEA,2026-07-17,SEA,SF,0,7,0.0,0.5690978413168818,0.5657,SEA,SF,0
20260717_STL@AZ,2026-07-17,AZ,STL,4,5,0.0,0.5479927115435319,0.5422,AZ,STL,0
20260717_TB@BOS,2026-07-17,BOS,TB,5,3,1.0,0.5409090922169351,0.5343,BOS,BOS,1
20260717_TB@BOS_2,2026-07-17,BOS,TB,10,0,1.0,0.5113303852583927,0.5014,BOS,BOS,1
20260717_TEX@ATL,2026-07-17,ATL,TEX,15,1,1.0,0.5618578668310791,0.5577,ATL,ATL,1
20260717_WSH@ATH,2026-07-17,ATH,WSH,4,23,0.0,0.500434008745926,0.5,ATH,WSH,0
20260716_NYM@PHI,2026-07-16,PHI,NYM,1,4,0.0,0.5462138757118007,0.5402,PHI,NYM,0
20260712_ATH@CWS,2026-07-12,CWS,ATH,9,1,1.0,0.5566094157587037,0.5518,CWS,CWS,1
20260712_ATL@STL,2026-07-12,STL,ATL,3,4,0.0,0.5446564455889817,0.5385,STL,ATL,0
20260712_AZ@LAD,2026-07-12,LAD,AZ,3,5,0.0,0.5814612360232392,0.5795,LAD,AZ,0
20260712_BOS@NYM,2026-07-12,NYM,BOS,2,3,0.0,0.4638405590892178,0.471,BOS,BOS,1
20260712_CHC@CIN,2026-07-12,CIN,CHC,4,8,0.0,0.47540937360194035,0.4838,CHC,CHC,1
20260712_CLE@MIA,2026-07-12,MIA,CLE,2,5,0.0,0.5152512919740686,0.5058,MIA,CLE,0
20260712_COL@SF,2026-07-12,SF,COL,3,1,1.0,0.5412335879667293,0.5347,SF,SF,1
20260712_HOU@TEX,2026-07-12,TEX,HOU,6,5,1.0,0.5535368681873106,0.5484,TEX,TEX,1
20260712_KC@BAL,2026-07-12,BAL,KC,8,2,1.0,0.567410534948489,0.5639,BAL,BAL,1
20260712_LAA@MIN,2026-07-12,MIN,LAA,4,2,1.0,0.6114977873085901,0.6129,MIN,MIN,1
20260712_MIL@PIT,2026-07-12,PIT,MIL,14,5,1.0,0.5130132543549846,0.5033,PIT,PIT,1
20260712_NYY@WSH,2026-07-12,WSH,NYY,3,5,0.0,0.5043190631398163,0.5,WSH,NYY,0
20260712_PHI@DET,2026-07-12,DET,PHI,0,5,0.0,0.5318406911656236,0.5242,DET,PHI,0
20260712_SEA@TB,2026-07-12,TB,SEA,2,8,0.0,0.6010373284998703,0.6013,TB,SEA,0
20260712_TOR@SD,2026-07-12,SD,TOR,5,4,1.0,0.5238721181036008,0.5154,SD,SD,1
20260711_ATH@CWS,2026-07-11,CWS,ATH,1,0,1.0,0.5486168218150206,0.5429,CWS,CWS,1
20260711_ATL@STL,2026-07-11,STL,ATL,4,1,1.0,0.519217431843632,0.5102,STL,STL,1
20260711_AZ@LAD,2026-07-11,LAD,AZ,2,9,0.0,0.6103758659610953,0.6116,LAD,AZ,0
20260711_BOS@NYM,2026-07-11,NYM,BOS,0,4,0.0,0.5013406578259497,0.5,NYM,BOS,0
20260711_CHC@CIN,2026-07-11,CIN,CHC,3,5,0.0,0.48824100701822754,0.4981,CHC,CHC,1
20260711_CLE@MIA,2026-07-11,MIA,CLE,1,4,0.0,0.5366294093135032,0.5296,MIA,CLE,0
20260711_COL@SF,2026-07-11,SF,COL,4,2,1.0,0.5572912933562337,0.5526,SF,SF,1
20260711_HOU@TEX,2026-07-11,TEX,HOU,3,9,0.0,0.5388005528759132,0.532,TEX,HOU,0
20260711_KC@BAL,2026-07-11,BAL,KC,6,1,1.0,0.5596138966735276,0.5552,BAL,BAL,1
20260711_LAA@MIN,2026-07-11,MIN,LAA,5,3,1.0,0.6517982358170347,0.6575,MIN,MIN,1
20260711_MIL@PIT,2026-07-11,PIT,MIL,3,2,1.0,0.4860667698092252,0.4957,MIL,PIT,0
20260711_MIL@PIT_2,2026-07-11,PIT,MIL,7,6,1.0,0.4707776393890954,0.4787,MIL,PIT,0
20260711_NYY@WSH,2026-07-11,WSH,NYY,2,4,0.0,0.43322749113077624,0.4369,NYY,NYY,1
20260711_PHI@DET,2026-07-11,DET,PHI,2,4,0.0,0.5627338278201839,0.5586,DET,PHI,0
20260711_SEA@TB,2026-07-11,TB,SEA,6,1,1.0,0.5758673546036696,0.5733,TB,TB,1
20260711_TOR@SD,2026-07-11,SD,TOR,8,7,1.0,0.5219098400422256,0.5132,SD,SD,1
20260710_ATH@CWS,2026-07-10,CWS,ATH,14,1,1.0,0.556834657872738,0.5516,CWS,CWS,1
20260710_ATL@STL,2026-07-10,STL,ATL,2,1,1.0,0.5071495862277579,0.5,STL,STL,1
20260710_AZ@LAD,2026-07-10,LAD,AZ,3,9,0.0,0.612322884106908,0.6146,LAD,AZ,0
20260710_BOS@NYM,2026-07-10,NYM,BOS,2,6,0.0,0.5575017075243458,0.5524,NYM,BOS,0
20260710_CHC@CIN,2026-07-10,CIN,CHC,4,0,1.0,0.5171154100059914,0.5065,CIN,CIN,1
20260710_CLE@MIA,2026-07-10,MIA,CLE,2,3,0.0,0.5209280676187005,0.5108,MIA,CLE,0
20260710_COL@SF,2026-07-10,SF,COL,3,4,0.0,0.5740355337468545,0.5712,SF,COL,0
20260710_HOU@TEX,2026-07-10,TEX,HOU,7,3,1.0,0.5122832522571528,0.501,TEX,TEX,1
20260710_KC@BAL,2026-07-10,BAL,KC,5,3,1.0,0.5340591644992112,0.5257,BAL,BAL,1
20260710_LAA@MIN,2026-07-10,MIN,LAA,3,4,0.0,0.6119715335194525,0.6142,MIN,LAA,0
20260710_NYY@WSH,2026-07-10,WSH,NYY,3,5,0.0,0.4558255296566473,0.4628,NYY,NYY,1
20260710_PHI@DET,2026-07-10,DET,PHI,10,2,1.0,0.5338572144308781,0.5255,DET,DET,1
20260710_SEA@TB,2026-07-10,TB,SEA,7,2,1.0,0.5847220072982566,0.5833,TB,TB,1
20260710_TOR@SD,2026-07-10,SD,TOR,3,5,0.0,0.5477152928771714,0.5413,SD,TOR,0
20260709_ATH@DET,2026-07-09,DET,ATH,4,1,1.0,0.5373893419740433,0.5295,DET,DET,1
20260709_ATL@PIT,2026-07-09,PIT,ATL,5,10,0.0,0.4968536587356201,0.5,ATL,ATL,1
20260709_AZ@SD,2026-07-09,SD,AZ,1,3,0.0,0.5170826582384569,0.5065,SD,AZ,0
20260709_BOS@CWS,2026-07-09,CWS,BOS,1,2,0.0,0.5104625161358309,0.5,CWS,BOS,0
20260709_CHC@BAL,2026-07-09,BAL,CHC,3,2,1.0,0.5051394391163874,0.5,BAL,BAL,1
20260709_CLE@MIN,2026-07-09,MIN,CLE,2,5,0.0,0.5247386429090424,0.5152,MIN,CLE,0
20260709_COL@SF,2026-07-09,SF,COL,8,2,1.0,0.5572878021038407,0.5521,SF,SF,1
20260709_KC@NYM,2026-07-09,NYM,KC,7,3,1.0,0.5175020519977851,0.5069,NYM,NYM,1
20260709_LAA@TEX,2026-07-09,TEX,LAA,7,6,1.0,0.6009874683103252,0.6018,TEX,TEX,1
20260709_MIL@STL,2026-07-09,STL,MIL,4,8,0.0,0.49673513400355945,0.5,MIL,MIL,1
20260709_NYY@TB,2026-07-09,TB,NYY,4,12,0.0,0.6006598235762467,0.6014,TB,NYY,0
20260709_PHI@CIN,2026-07-09,CIN,PHI,0,1,0.0,0.472083602461075,0.4812,PHI,PHI,1
20260709_SEA@MIA,2026-07-09,MIA,SEA,8,4,1.0,0.5472623890346889,0.5408,MIA,MIA,1
20260708_ATH@DET,2026-07-08,DET,ATH,6,1,1.0,0.555891532794717,0.5506,DET,DET,1
20260708_ATL@PIT,2026-07-08,PIT,ATL,0,3,0.0,0.5108455124305034,0.5,PIT,ATL,0
20260708_AZ@SD,2026-07-08,SD,AZ,10,4,1.0,0.5420890926327713,0.5349,SD,SD,1
20260708_BOS@CWS,2026-07-08,CWS,BOS,0,5,0.0,0.5086203017706166,0.5,CWS,BOS,0
20260708_CHC@BAL,2026-07-08,BAL,CHC,7,9,0.0,0.5206758980555365,0.5105,BAL,CHC,0
20260708_CLE@MIN,2026-07-08,MIN,CLE,6,5,1.0,0.542260219761319,0.5351,MIN,MIN,1
20260708_COL@LAD,2026-07-08,LAD,COL,4,3,1.0,0.6414844242019957,0.6475,LAD,LAD,1
20260708_HOU@WSH,2026-07-08,WSH,HOU,8,2,1.0,0.5192381875537356,0.5089,WSH,WSH,1
20260708_KC@NYM,2026-07-08,NYM,KC,6,2,1.0,0.5301342696451915,0.5213,NYM,NYM,1
20260708_LAA@TEX,2026-07-08,TEX,LAA,1,13,0.0,0.5842081684765664,0.5827,TEX,LAA,0
20260708_MIL@STL,2026-07-08,STL,MIL,5,1,1.0,0.46170583780743324,0.4694,MIL,STL,0
20260708_NYY@TB,2026-07-08,TB,NYY,3,0,1.0,0.5507069341862246,0.5447,TB,TB,1
20260708_PHI@CIN,2026-07-08,CIN,PHI,11,5,1.0,0.5005213836733238,0.5,CIN,CIN,1
20260708_SEA@MIA,2026-07-08,MIA,SEA,2,0,1.0,0.5423920440675413,0.5352,MIA,MIA,1
20260708_TOR@SF,2026-07-08,SF,TOR,0,10,0.0,0.5042842846008391,0.5,SF,TOR,0
20260707_ATH@DET,2026-07-07,DET,ATH,6,2,1.0,0.5532363284582811,0.5475,DET,DET,1
20260707_ATL@PIT,2026-07-07,PIT,ATL,12,4,1.0,0.5274375592152352,0.5182,PIT,PIT,1
20260707_AZ@SD,2026-07-07,SD,AZ,4,1,1.0,0.5209249769086691,0.5108,SD,SD,1
20260707_BOS@CWS,2026-07-07,CWS,BOS,1,8,0.0,0.5140106865688968,0.503,CWS,BOS,0
20260707_CHC@BAL,2026-07-07,BAL,CHC,2,5,0.0,0.4906622367783161,0.5,CHC,CHC,1
20260707_CLE@MIN,2026-07-07,MIN,CLE,3,1,1.0,0.5376786300056478,0.5299,MIN,MIN,1
20260707_COL@LAD,2026-07-07,LAD,COL,3,4,0.0,0.6388928717623094,0.6446,LAD,COL,0
20260707_HOU@WSH,2026-07-07,WSH,HOU,3,6,0.0,0.5253031179350675,0.5158,WSH,HOU,0
20260707_KC@NYM,2026-07-07,NYM,KC,12,16,0.0,0.5796243371009151,0.5775,NYM,KC,0
20260707_LAA@TEX,2026-07-07,TEX,LAA,8,3,1.0,0.6017716940126278,0.6026,TEX,TEX,1
20260707_MIL@STL,2026-07-07,STL,MIL,3,4,0.0,0.4467644033195197,0.4525,MIL,MIL,1
20260707_MIL@STL_2,2026-07-07,STL,MIL,2,10,0.0,0.48855625770551125,0.4999,MIL,MIL,1
20260707_NYY@TB,2026-07-07,TB,NYY,6,4,1.0,0.5789264410641091,0.5767,TB,TB,1
20260707_PHI@CIN,2026-07-07,CIN,PHI,1,4,0.0,0.4717660977235588,0.4809,PHI,PHI,1
20260707_SEA@MIA,2026-07-07,MIA,SEA,6,5,1.0,0.5591510531492501,0.5543,MIA,MIA,1
20260707_TOR@SF,2026-07-07,SF,TOR,3,9,0.0,0.5329162340889516,0.5244,SF,TOR,0
20260706_AZ@SD,2026-07-06,SD,AZ,0,8,0.0,0.5305214626397767,0.5217,SD,AZ,0
20260706_COL@LAD,2026-07-06,LAD,COL,8,7,1.0,0.6329076246720109,0.6378,LAD,LAD,1
20260706_HOU@WSH,2026-07-06,WSH,HOU,12,11,1.0,0.5025563960721569,0.5,WSH,WSH,1
20260706_MIL@STL,2026-07-06,STL,MIL,3,4,0.0,0.5049200848740321,0.5,STL,MIL,0
20260706_NYM@ATL,2026-07-06,ATL,NYM,6,7,0.0,0.5835197396657952,0.5819,ATL,NYM,0
20260706_NYY@TB,2026-07-06,TB,NYY,1,5,0.0,0.5555294586783756,0.5501,TB,NYY,0
20260706_PHI@KC,2026-07-06,KC,PHI,15,1,1.0,0.416112376226438,0.4176,PHI,KC,0
20260706_TOR@SF,2026-07-06,SF,TOR,10,1,1.0,0.5440294027622999,0.5371,SF,SF,1
20260705_BAL@CIN,2026-07-05,CIN,BAL,3,2,1.0,0.49369778827127103,0.5,BAL,CIN,0
20260705_BOS@LAA,2026-07-05,LAA,BOS,5,7,0.0,0.4447618069619944,0.4502,BOS,BOS,1
20260705_CWS@CLE,2026-07-05,CLE,CWS,6,7,0.0,0.5187627859083548,0.5084,CLE,CWS,0
20260705_DET@TEX,2026-07-05,TEX,DET,3,6,0.0,0.5498141679256157,0.5437,TEX,DET,0
20260705_MIA@ATH,2026-07-05,ATH,MIA,8,9,0.0,0.47871999051882214,0.4888,MIA,MIA,1
20260705_MIL@AZ,2026-07-05,AZ,MIL,2,3,0.0,0.4585322393386621,0.4658,MIL,MIL,1
20260705_MIN@NYY,2026-07-05,NYY,MIN,1,6,0.0,0.5410625036650684,0.5337,NYY,MIN,0
20260705_NYM@ATL,2026-07-05,ATL,NYM,9,10,0.0,0.5266981296361454,0.5174,ATL,NYM,0
20260705_PHI@KC,2026-07-05,KC,PHI,5,2,1.0,0.45910936198264196,0.4665,PHI,KC,0
20260705_PIT@WSH,2026-07-05,WSH,PIT,5,11,0.0,0.5122641215608954,0.501,WSH,PIT,0
20260705_SD@LAD,2026-07-05,LAD,SD,2,5,0.0,0.6422501513781571,0.6484,LAD,SD,0
20260705_SF@COL,2026-07-05,COL,SF,7,6,1.0,0.47447555275107717,0.4839,SF,COL,0
20260705_STL@CHC,2026-07-05,CHC,STL,6,4,1.0,0.5469602464931175,0.5404,CHC,CHC,1
20260705_TB@HOU,2026-07-05,HOU,TB,2,0,1.0,0.5050006654077472,0.5,HOU,HOU,1
20260705_TOR@SEA,2026-07-05,SEA,TOR,4,0,1.0,0.5304441646714944,0.5216,SEA,SEA,1
20260704_BAL@CIN,2026-07-04,CIN,BAL,5,8,0.0,0.5032955273187132,0.5,CIN,BAL,0
20260704_BOS@LAA,2026-07-04,LAA,BOS,1,8,0.0,0.47674451956675573,0.4865,BOS,BOS,1
20260704_CWS@CLE,2026-07-04,CLE,CWS,1,3,0.0,0.5435959365635638,0.5366,CLE,CWS,0
20260704_DET@TEX,2026-07-04,TEX,DET,0,3,0.0,0.5269267898404096,0.5176,TEX,DET,0
20260704_MIA@ATH,2026-07-04,ATH,MIA,2,7,0.0,0.4419786613693801,0.447,MIA,MIA,1
20260704_MIL@AZ,2026-07-04,AZ,MIL,4,3,1.0,0.44057214704646874,0.4454,MIL,AZ,0
20260704_MIN@NYY,2026-07-04,NYY,MIN,4,11,0.0,0.5548301456733195,0.5494,NYY,MIN,0
20260704_NYM@ATL,2026-07-04,ATL,NYM,14,3,1.0,0.6113558674097311,0.6135,ATL,ATL,1
20260704_PHI@KC,2026-07-04,KC,PHI,1,6,0.0,0.44208567971026186,0.4471,PHI,PHI,1
20260704_PIT@WSH,2026-07-04,WSH,PIT,1,7,0.0,0.4488339510117788,0.4548,PIT,PIT,1
20260704_SD@LAD,2026-07-04,LAD,SD,3,0,1.0,0.6391171570860994,0.6448,LAD,LAD,1
20260704_SF@COL,2026-07-04,COL,SF,4,6,0.0,0.459255125988547,0.4667,SF,SF,1
20260704_STL@CHC,2026-07-04,CHC,STL,0,3,0.0,0.5388251422426705,0.5312,CHC,STL,0
20260704_TB@HOU,2026-07-04,HOU,TB,10,8,1.0,0.5044353102846851,0.5,HOU,HOU,1
20260704_TOR@SEA,2026-07-04,SEA,TOR,11,0,1.0,0.5535072697844268,0.5478,SEA,SEA,1
20260703_BAL@CIN,2026-07-03,CIN,BAL,0,3,0.0,0.48739375012998093,0.5,BAL,BAL,1
20260703_BOS@LAA,2026-07-03,LAA,BOS,2,5,0.0,0.5356035402630078,0.5263,LAA,BOS,0
20260703_CWS@CLE,2026-07-03,CLE,CWS,4,3,1.0,0.5339282051858347,0.5244,CLE,CLE,1
20260703_MIA@ATH,2026-07-03,ATH,MIA,5,12,0.0,0.4664967894778412,0.4761,MIA,MIA,1
20260703_MIL@AZ,2026-07-03,AZ,MIL,4,7,0.0,0.4451230228137759,0.4512,MIL,MIL,1
20260703_MIN@NYY,2026-07-03,NYY,MIN,5,2,1.0,0.5882658441194268,0.5877,NYY,NYY,1
20260703_NYM@ATL,2026-07-03,ATL,NYM,5,3,1.0,0.5349428103326167,0.5255,ATL,ATL,1
20260703_PIT@WSH,2026-07-03,WSH,PIT,9,5,1.0,0.508356580089363,0.5,WSH,WSH,1
20260703_SD@LAD,2026-07-03,LAD,SD,4,3,1.0,0.6169921919789682,0.6211,LAD,LAD,1
20260703_SF@COL,2026-07-03,COL,SF,15,3,1.0,0.5001923503686807,0.5,COL,COL,1
20260703_STL@CHC,2026-07-03,CHC,STL,1,17,0.0,0.5377970710091222,0.5289,CHC,STL,0
20260703_TB@HOU,2026-07-03,HOU,TB,1,3,0.0,0.5002334564193215,0.5,HOU,TB,0
20260703_TOR@SEA,2026-07-03,SEA,TOR,0,2,0.0,0.5193061386260184,0.5073,SEA,TOR,0
20260702_CIN@MIL,2026-07-02,MIL,CIN,2,7,0.0,0.6301923586417969,0.6364,MIL,CIN,0
20260702_CWS@CLE,2026-07-02,CLE,CWS,6,5,1.0,0.5476529966980307,0.5404,CLE,CLE,1
20260702_DET@TEX,2026-07-02,TEX,DET,10,4,1.0,0.5652562124506955,0.5609,TEX,TEX,1
20260702_LAA@SEA,2026-07-02,SEA,LAA,1,0,1.0,0.5864440216850084,0.5856,SEA,SEA,1
20260702_MIA@COL,2026-07-02,COL,MIA,14,4,1.0,0.47328317448830953,0.4841,MIA,COL,0
20260702_PIT@PHI,2026-07-02,PHI,PIT,1,6,0.0,0.5953304082276533,0.5959,PHI,PIT,0
20260702_SD@LAD,2026-07-02,LAD,SD,12,7,1.0,0.6126005525357588,0.616,LAD,LAD,1
20260702_STL@ATL,2026-07-02,ATL,STL,5,11,0.0,0.5460616848663162,0.5385,ATL,STL,0
20260702_TB@KC,2026-07-02,KC,TB,2,5,0.0,0.4711637782591426,0.4816,TB,TB,1
20260701_CIN@MIL,2026-07-01,MIL,CIN,4,2,1.0,0.608394066619361,0.6111,MIL,MIL,1
20260701_CWS@BAL,2026-07-01,BAL,CWS,6,1,1.0,0.5158620569016464,0.5033,BAL,BAL,1
20260701_DET@NYY,2026-07-01,NYY,DET,2,6,0.0,0.5425331607932705,0.5344,NYY,DET,0
20260701_LAD@ATH,2026-07-01,ATH,LAD,7,1,1.0,0.4337739606494078,0.438,LAD,ATH,0
20260701_MIA@COL,2026-07-01,COL,MIA,6,3,1.0,0.4422056789000255,0.4478,MIA,COL,0
20260701_MIN@HOU,2026-07-01,HOU,MIN,3,8,0.0,0.5503209313667898,0.5435,HOU,MIN,0
20260701_NYM@TOR,2026-07-01,TOR,NYM,9,3,1.0,0.53026855052061,0.5201,TOR,TOR,1
20260701_PIT@PHI,2026-07-01,PHI,PIT,10,6,1.0,0.5780182829418942,0.5758,PHI,PHI,1
20260701_SD@CHC,2026-07-01,CHC,SD,23,3,1.0,0.5391961914464438,0.5305,CHC,CHC,1
20260701_SF@AZ,2026-07-01,AZ,SF,4,6,0.0,0.5069483498328223,0.5,AZ,SF,0
20260701_STL@ATL,2026-07-01,ATL,STL,5,1,1.0,0.5374513602008604,0.5285,ATL,ATL,1
20260701_TB@KC,2026-07-01,KC,TB,0,4,0.0,0.4741696257578176,0.4851,TB,TB,1
20260701_TEX@CLE,2026-07-01,CLE,TEX,9,4,1.0,0.5030987983732568,0.5,CLE,CLE,1
20260701_WSH@BOS,2026-07-01,BOS,WSH,2,10,0.0,0.5349402460019118,0.5255,BOS,WSH,0
20260630_CIN@MIL,2026-06-30,MIL,CIN,7,2,1.0,0.6284623678078094,0.6344,MIL,MIL,1
20260630_CWS@BAL,2026-06-30,BAL,CWS,3,9,0.0,0.5289484332251169,0.5185,BAL,CWS,0
20260630_DET@NYY,2026-06-30,NYY,DET,3,9,0.0,0.5652402938913936,0.5609,NYY,DET,0
20260630_LAA@SEA,2026-06-30,SEA,LAA,8,3,1.0,0.5703692615038727,0.5669,SEA,SEA,1
20260630_LAD@ATH,2026-06-30,ATH,LAD,3,9,0.0,0.41959706922789636,0.4214,LAD,LAD,1
20260630_MIA@COL,2026-06-30,COL,MIA,3,14,0.0,0.4722597112079614,0.4829,MIA,MIA,1
20260630_MIN@HOU,2026-06-30,HOU,MIN,6,4,1.0,0.5341255791021886,0.5246,HOU,HOU,1
20260630_NYM@TOR,2026-06-30,TOR,NYM,0,3,0.0,0.5029721496550958,0.5,TOR,NYM,0
20260630_PIT@PHI,2026-06-30,PHI,PIT,8,0,1.0,0.5821205435272965,0.5806,PHI,PHI,1
20260630_SD@CHC,2026-06-30,CHC,SD,9,7,1.0,0.5518882550324172,0.5453,CHC,CHC,1
20260630_SF@AZ,2026-06-30,AZ,SF,8,2,1.0,0.5138552347657466,0.501,AZ,AZ,1
20260630_STL@ATL,2026-06-30,ATL,STL,3,5,0.0,0.5286514181881982,0.5182,ATL,STL,0
20260630_TB@KC,2026-06-30,KC,TB,4,10,0.0,0.4601338823403802,0.4687,TB,TB,1
20260630_TEX@CLE,2026-06-30,CLE,TEX,2,4,0.0,0.48917940743171134,0.5,TEX,TEX,1
20260630_WSH@BOS,2026-06-30,BOS,WSH,1,8,0.0,0.5220228926997069,0.5105,BOS,WSH,0
20260629_CIN@MIL,2026-06-29,MIL,CIN,5,3,1.0,0.5830267753188431,0.5816,MIL,MIL,1
20260629_CWS@BAL,2026-06-29,BAL,CWS,2,8,0.0,0.5406804511126516,0.5322,BAL,CWS,0
20260629_DET@NYY,2026-06-29,NYY,DET,3,7,0.0,0.5841455269985498,0.5829,NYY,DET,0
20260629_LAA@SEA,2026-06-29,SEA,LAA,6,2,1.0,0.5990994352914016,0.6003,SEA,SEA,1
20260629_LAD@ATH,2026-06-29,ATH,LAD,4,9,0.0,0.44915851032225096,0.4559,LAD,LAD,1
20260629_MIA@COL,2026-06-29,COL,MIA,7,10,0.0,0.4403163663337427,0.4456,MIA,MIA,1
20260629_MIN@HOU,2026-06-29,HOU,MIN,4,5,0.0,0.570836095663192,0.5674,HOU,MIN,0
20260629_NYM@TOR,2026-06-29,TOR,NYM,2,1,1.0,0.5339738283559862,0.5244,TOR,TOR,1
20260629_PIT@PHI,2026-06-29,PHI,PIT,7,11,0.0,0.5490789591120104,0.542,PHI,PIT,0
20260629_SD@CHC,2026-06-29,CHC,SD,3,2,1.0,0.5421919077459807,0.534,CHC,CHC,1
20260629_SF@AZ,2026-06-29,AZ,SF,5,4,1.0,0.5412022701242852,0.5328,AZ,AZ,1
20260629_TEX@CLE,2026-06-29,CLE,TEX,3,6,0.0,0.5339683926100488,0.5244,CLE,TEX,0
20260629_WSH@BOS,2026-06-29,BOS,WSH,6,3,1.0,0.5554753487644355,0.5495,BOS,BOS,1
20260628_ATH@LAA,2026-06-28,LAA,ATH,4,1,1.0,0.5073747219089274,0.5,LAA,LAA,1
20260628_ATL@SF,2026-06-28,SF,ATL,3,2,1.0,0.47900685615515504,0.4907,ATL,SF,0
20260628_AZ@TB,2026-06-28,TB,AZ,5,1,1.0,0.5755566823797161,0.5729,TB,TB,1
20260628_CHC@MIL,2026-06-28,MIL,CHC,3,4,0.0,0.615753143250554,0.6196,MIL,CHC,0
20260628_CIN@PIT,2026-06-28,PIT,CIN,9,4,1.0,0.522775565794302,0.5114,PIT,PIT,1
20260628_COL@MIN,2026-06-28,MIN,COL,3,2,1.0,0.5666153066817685,0.5625,MIN,MIN,1
20260628_HOU@DET,2026-06-28,DET,HOU,5,7,0.0,0.501584727302093,0.5,DET,HOU,0
20260628_KC@CWS,2026-06-28,CWS,KC,4,5,0.0,0.5489484235287969,0.5419,CWS,KC,0
20260628_LAD@SD,2026-06-28,SD,LAD,2,4,0.0,0.48520059822646383,0.4979,LAD,LAD,1
20260628_MIA@STL,2026-06-28,STL,MIA,2,1,1.0,0.5222224316669466,0.5107,STL,STL,1
20260628_NYY@BOS,2026-06-28,BOS,NYY,5,4,1.0,0.44499490882133563,0.4511,NYY,BOS,0
20260628_PHI@NYM,2026-06-28,NYM,PHI,4,5,0.0,0.4886853770283834,0.5,PHI,PHI,1
20260628_SEA@CLE,2026-06-28,CLE,SEA,6,5,1.0,0.5649579430180379,0.5606,CLE,CLE,1
20260628_TEX@TOR,2026-06-28,TOR,TEX,2,3,0.0,0.5350172489560816,0.5256,TOR,TEX,0
20260628_WSH@BAL,2026-06-28,BAL,WSH,4,6,0.0,0.5868708597739541,0.5861,BAL,WSH,0
20260627_ATH@LAA,2026-06-27,LAA,ATH,5,2,1.0,0.5069818290397419,0.5,LAA,LAA,1
20260627_ATL@SF,2026-06-27,SF,ATL,5,0,1.0,0.5289769056627202,0.5186,SF,SF,1
20260627_AZ@TB,2026-06-27,TB,AZ,4,2,1.0,0.5513323482049377,0.5447,TB,TB,1
20260627_CHC@MIL,2026-06-27,MIL,CHC,2,8,0.0,0.6348933769521781,0.6418,MIL,CHC,0
20260627_CIN@PIT,2026-06-27,PIT,CIN,7,9,0.0,0.5311686807707785,0.5211,PIT,CIN,0
20260627_COL@MIN,2026-06-27,MIN,COL,5,8,0.0,0.5935467600166522,0.5939,MIN,COL,0
20260627_HOU@DET,2026-06-27,DET,HOU,6,8,0.0,0.5372277074837224,0.5282,DET,HOU,0
20260627_KC@CWS,2026-06-27,CWS,KC,2,1,1.0,0.5350979004325694,0.5257,CWS,CWS,1
20260627_LAD@SD,2026-06-27,SD,LAD,3,15,0.0,0.49287862761602447,0.5,LAD,LAD,1
20260627_MIA@STL,2026-06-27,STL,MIA,1,5,0.0,0.5514151649538144,0.5448,STL,MIA,0
20260627_NYY@BOS,2026-06-27,BOS,NYY,4,1,1.0,0.43160720346490433,0.4354,NYY,BOS,0
20260627_PHI@NYM,2026-06-27,NYM,PHI,6,2,1.0,0.5140690089684827,0.5012,NYM,NYM,1
20260627_SEA@CLE,2026-06-27,CLE,SEA,4,3,1.0,0.5011736678712997,0.5,CLE,CLE,1
20260627_TEX@TOR,2026-06-27,TOR,TEX,4,7,0.0,0.5977772207570486,0.5988,TOR,TEX,0
20260627_WSH@BAL,2026-06-27,BAL,WSH,3,4,0.0,0.546667654819438,0.5392,BAL,WSH,0
20260626_ATH@LAA,2026-06-26,LAA,ATH,3,9,0.0,0.5138452437848597,0.5017,LAA,ATH,0
20260626_ATL@SF,2026-06-26,SF,ATL,1,3,0.0,0.5006649843465669,0.5,SF,ATL,0
20260626_AZ@TB,2026-06-26,TB,AZ,6,1,1.0,0.5646573308260955,0.5612,TB,TB,1
20260626_CHC@MIL,2026-06-26,MIL,CHC,6,2,1.0,0.6397339578822254,0.6485,MIL,MIL,1
20260626_CIN@PIT,2026-06-26,PIT,CIN,4,6,0.0,0.5548577328055188,0.5497,PIT,CIN,0
20260626_COL@MIN,2026-06-26,MIN,COL,9,8,1.0,0.5996242191960403,0.602,MIN,MIN,1
20260626_HOU@DET,2026-06-26,DET,HOU,8,0,1.0,0.5136325332381997,0.5015,DET,DET,1
20260626_KC@CWS,2026-06-26,CWS,KC,22,1,1.0,0.487040375025825,0.4993,KC,CWS,0
20260626_LAD@SD,2026-06-26,SD,LAD,7,1,1.0,0.4857505472607397,0.4978,LAD,SD,0
20260626_MIA@STL,2026-06-26,STL,MIA,0,4,0.0,0.5373469387358514,0.5292,STL,MIA,0
20260626_NYY@BOS,2026-06-26,BOS,NYY,6,1,1.0,0.4161768766543163,0.4164,NYY,BOS,0
20260626_PHI@NYM,2026-06-26,NYM,PHI,1,2,0.0,0.5275151333027756,0.5177,NYM,PHI,0
20260626_SEA@CLE,2026-06-26,CLE,SEA,1,3,0.0,0.5016652251244901,0.5,CLE,SEA,0
20260626_TEX@TOR,2026-06-26,TOR,TEX,4,5,0.0,0.5341633516516172,0.5255,TOR,TEX,0
20260626_WSH@BAL,2026-06-26,BAL,WSH,3,1,1.0,0.5251656506005037,0.515,BAL,BAL,1
20260625_ATH@SF,2026-06-25,SF,ATH,6,9,0.0,0.5770075030519648,0.5756,SF,ATH,0
20260625_CHC@NYM,2026-06-25,NYM,CHC,3,4,0.0,0.5178835782163849,0.5064,NYM,CHC,0
20260625_HOU@DET,2026-06-25,DET,HOU,1,2,0.0,0.5095787771505028,0.5,DET,HOU,0
20260625_KC@TB,2026-06-25,TB,KC,13,2,1.0,0.5474029611739979,0.541,TB,TB,1
20260625_NYY@BOS,2026-06-25,BOS,NYY,6,3,1.0,0.4056171093044571,0.4041,NYY,BOS,0
20260625_PHI@WSH,2026-06-25,WSH,PHI,5,10,0.0,0.4845916275089417,0.4964,PHI,PHI,1
20260625_SEA@PIT,2026-06-25,PIT,SEA,5,1,1.0,0.5322330194185017,0.5232,PIT,PIT,1
20260625_TEX@TOR,2026-06-25,TOR,TEX,5,6,0.0,0.5389091336691674,0.531,TOR,TEX,0
20260624_ATH@SF,2026-06-24,SF,ATH,2,1,1.0,0.5394424186466931,0.5317,SF,SF,1
20260624_ATL@SD,2026-06-24,SD,ATL,5,2,1.0,0.5421661023327563,0.5349,SD,SD,1
20260624_AZ@STL,2026-06-24,STL,AZ,4,9,0.0,0.5390098858529854,0.5312,STL,AZ,0
20260624_BAL@LAA,2026-06-24,LAA,BAL,7,6,1.0,0.49448031318011526,0.5,BAL,LAA,0
20260624_BOS@COL,2026-06-24,COL,BOS,8,6,1.0,0.45858645466516595,0.466,BOS,COL,0
20260624_CHC@NYM,2026-06-24,NYM,CHC,5,10,0.0,0.5230609002712704,0.5125,NYM,CHC,0
20260624_CHC@NYM_2,2026-06-24,NYM,CHC,3,10,0.0,0.5234752486365216,0.513,NYM,CHC,0
20260624_CLE@CWS,2026-06-24,CWS,CLE,3,4,0.0,0.5221633310626107,0.5115,CWS,CLE,0
20260624_HOU@TOR,2026-06-24,TOR,HOU,1,3,0.0,0.5483115476482376,0.542,TOR,HOU,0
20260624_KC@TB,2026-06-24,TB,KC,5,3,1.0,0.5480834158526688,0.5418,TB,TB,1
20260624_LAD@MIN,2026-06-24,MIN,LAD,3,4,0.0,0.43742139913837413,0.4413,LAD,LAD,1
20260624_MIL@CIN,2026-06-24,CIN,MIL,5,6,0.0,0.46941881634564264,0.4787,MIL,MIL,1
20260624_NYY@DET,2026-06-24,DET,NYY,2,4,0.0,0.4863333776603604,0.4985,NYY,NYY,1
20260624_PHI@WSH,2026-06-24,WSH,PHI,4,5,0.0,0.49002704822032805,0.5,PHI,PHI,1
20260624_SEA@PIT,2026-06-24,PIT,SEA,11,1,1.0,0.5361157630354235,0.5278,PIT,PIT,1
20260624_TEX@MIA,2026-06-24,MIA,TEX,4,2,1.0,0.5465656668299482,0.54,MIA,MIA,1
20260623_ATH@SF,2026-06-23,SF,ATH,3,1,1.0,0.5586705633798558,0.5542,SF,SF,1
20260623_ATL@SD,2026-06-23,SD,ATL,7,6,1.0,0.5192238595684409,0.508,SD,SD,1
20260623_AZ@STL,2026-06-23,STL,AZ,3,4,0.0,0.5480807002184462,0.5418,STL,AZ,0
20260623_BAL@LAA,2026-06-23,LAA,BAL,5,1,1.0,0.41693336545758886,0.4173,BAL,LAA,0
20260623_BOS@COL,2026-06-23,COL,BOS,2,5,0.0,0.4405823612327336,0.445,BOS,BOS,1
20260623_CHC@NYM,2026-06-23,NYM,CHC,6,9,0.0,0.5420799046164222,0.5347,NYM,CHC,0
20260623_CLE@CWS,2026-06-23,CWS,CLE,2,1,1.0,0.5197706115083176,0.5087,CWS,CWS,1
20260623_HOU@TOR,2026-06-23,TOR,HOU,7,9,0.0,0.5280415879937099,0.5183,TOR,HOU,0
20260623_KC@TB,2026-06-23,TB,KC,5,12,0.0,0.5544565640195636,0.5492,TB,KC,0
20260623_LAD@MIN,2026-06-23,MIN,LAD,3,12,0.0,0.4473451181430003,0.4529,LAD,LAD,1
20260623_MIL@CIN,2026-06-23,CIN,MIL,0,2,0.0,0.4714356558295847,0.4811,MIL,MIL,1
20260623_NYY@DET,2026-06-23,DET,NYY,3,4,0.0,0.47723920643718454,0.4879,NYY,NYY,1
20260623_PHI@WSH,2026-06-23,WSH,PHI,9,14,0.0,0.48049275348981274,0.4917,PHI,PHI,1
20260623_SEA@PIT,2026-06-23,PIT,SEA,2,3,0.0,0.5034887246957184,0.5,PIT,SEA,0
20260623_TEX@MIA,2026-06-23,MIA,TEX,6,4,1.0,0.557517163843859,0.5528,MIA,MIA,1
20260622_ATL@SD,2026-06-22,SD,ATL,1,0,1.0,0.5245080373111285,0.5142,SD,SD,1
20260622_AZ@STL,2026-06-22,STL,AZ,3,2,1.0,0.5591804379707581,0.5548,STL,STL,1
20260622_BAL@LAA,2026-06-22,LAA,BAL,1,6,0.0,0.44670051683090606,0.4521,BAL,BAL,1
20260622_BOS@COL,2026-06-22,COL,BOS,3,2,1.0,0.4821398109145043,0.4936,BOS,COL,0
20260622_CLE@CWS,2026-06-22,CWS,CLE,6,5,1.0,0.489121488882934,0.5,CLE,CWS,0
20260622_HOU@TOR,2026-06-22,TOR,HOU,4,2,1.0,0.5257299677846928,0.5156,TOR,TOR,1
20260622_KC@TB,2026-06-22,TB,KC,1,2,0.0,0.5565410764375521,0.5517,TB,KC,0
20260622_LAD@MIN,2026-06-22,MIN,LAD,1,2,0.0,0.4335682839029153,0.4368,LAD,LAD,1
20260622_MIL@CIN,2026-06-22,CIN,MIL,1,2,0.0,0.4805707514649368,0.4917,MIL,MIL,1
20260622_NYY@DET,2026-06-22,DET,NYY,5,3,1.0,0.46036135052337745,0.4681,NYY,DET,0
20260622_PHI@WSH,2026-06-22,WSH,PHI,4,1,1.0,0.4943193272101237,0.5,PHI,WSH,0
20260622_TEX@MIA,2026-06-22,MIA,TEX,3,4,0.0,0.5490715352985206,0.5429,MIA,TEX,0
20260621_BAL@LAD,2026-06-21,LAD,BAL,1,12,0.0,0.6230429391815971,0.6292,LAD,BAL,0
20260621_BOS@SEA,2026-06-21,SEA,BOS,3,1,1.0,0.5537931636138672,0.5485,SEA,SEA,1
20260621_CIN@NYY,2026-06-21,NYY,CIN,1,4,0.0,0.5696639388836942,0.567,NYY,CIN,0
20260621_CLE@HOU,2026-06-21,HOU,CLE,2,1,1.0,0.5412850748192892,0.5338,HOU,HOU,1
20260621_CWS@DET,2026-06-21,DET,CWS,5,4,1.0,0.5454016693712354,0.5386,DET,DET,1
20260621_LAA@ATH,2026-06-21,ATH,LAA,7,9,0.0,0.5460750072936448,0.5394,ATH,LAA,0
20260621_MIL@ATL,2026-06-21,ATL,MIL,4,9,0.0,0.49065206398927586,0.5,MIL,MIL,1
20260621_MIN@AZ,2026-06-21,AZ,MIN,2,4,0.0,0.5518182258998129,0.5461,AZ,MIN,0
20260621_NYM@PHI,2026-06-21,PHI,NYM,6,2,1.0,0.5808368882621903,0.5801,PHI,PHI,1
20260621_PIT@COL,2026-06-21,COL,PIT,6,8,0.0,0.47300882238030595,0.4829,PIT,PIT,1
20260621_SD@TEX,2026-06-21,TEX,SD,4,3,1.0,0.5407594585988887,0.5332,TEX,TEX,1
20260621_SF@MIA,2026-06-21,MIA,SF,2,1,1.0,0.5161279144058607,0.5044,MIA,MIA,1
20260621_STL@KC,2026-06-21,KC,STL,10,12,0.0,0.46751525280642764,0.4765,STL,STL,1
20260621_WSH@TB,2026-06-21,TB,WSH,4,3,1.0,0.5240795613698355,0.5137,TB,TB,1
20260620_BAL@LAD,2026-06-20,LAD,BAL,2,3,0.0,0.6050956739034605,0.6084,LAD,BAL,0
20260620_BOS@SEA,2026-06-20,SEA,BOS,1,5,0.0,0.5502003099451837,0.5443,SEA,BOS,0
20260620_CIN@NYY,2026-06-20,NYY,CIN,2,10,0.0,0.5830290537133274,0.5826,NYY,CIN,0
20260620_CLE@HOU,2026-06-20,HOU,CLE,1,8,0.0,0.5751233879820911,0.5734,HOU,CLE,0
20260620_CWS@DET,2026-06-20,DET,CWS,4,1,1.0,0.5433274532367632,0.5362,DET,DET,1
20260620_LAA@ATH,2026-06-20,ATH,LAA,0,7,0.0,0.5577235392181369,0.5531,ATH,LAA,0
20260620_MIL@ATL,2026-06-20,ATL,MIL,4,3,1.0,0.4907170673171862,0.5,MIL,ATL,0
20260620_MIN@AZ,2026-06-20,AZ,MIN,8,16,0.0,0.5304124994247862,0.5211,AZ,MIN,0
20260620_NYM@PHI,2026-06-20,PHI,NYM,15,3,1.0,0.5760983452778327,0.5745,PHI,PHI,1
20260620_PIT@COL,2026-06-20,COL,PIT,2,1,1.0,0.45846974641232957,0.4659,PIT,COL,0
20260620_SD@TEX,2026-06-20,TEX,SD,4,6,0.0,0.5428203012358913,0.5356,TEX,SD,0
20260620_SF@MIA,2026-06-20,MIA,SF,6,3,1.0,0.5077418752210249,0.5,MIA,MIA,1
20260620_TOR@CHC,2026-06-20,CHC,TOR,6,8,0.0,0.5536485922299423,0.5483,CHC,TOR,0
20260620_WSH@TB,2026-06-20,TB,WSH,3,4,0.0,0.5224554934284305,0.5118,TB,WSH,0
20260619_BAL@LAD,2026-06-19,LAD,BAL,6,5,1.0,0.5742161015667517,0.5724,LAD,LAD,1
20260619_BOS@SEA,2026-06-19,SEA,BOS,2,6,0.0,0.5760305324706578,0.5745,SEA,BOS,0
20260619_CIN@NYY,2026-06-19,NYY,CIN,5,0,1.0,0.5975149902012834,0.5993,NYY,NYY,1
20260619_CLE@HOU,2026-06-19,HOU,CLE,9,3,1.0,0.5496625971361117,0.5439,HOU,HOU,1
20260619_CWS@DET,2026-06-19,DET,CWS,4,3,1.0,0.5460966042933162,0.5398,DET,DET,1
20260619_LAA@ATH,2026-06-19,ATH,LAA,12,11,1.0,0.5311692628212628,0.5225,ATH,ATH,1
20260619_MIL@ATL,2026-06-19,ATL,MIL,3,2,1.0,0.4240472538595578,0.4256,MIL,ATL,0
20260619_MIN@AZ,2026-06-19,AZ,MIN,9,5,1.0,0.598264953415331,0.6002,AZ,AZ,1
20260619_PIT@COL,2026-06-19,COL,PIT,4,3,1.0,0.44989206312226454,0.4556,PIT,COL,0
20260619_SD@TEX,2026-06-19,TEX,SD,9,7,1.0,0.5445220774616515,0.538,TEX,TEX,1
20260619_SF@MIA,2026-06-19,MIA,SF,4,3,1.0,0.506406997140279,0.5,MIA,MIA,1
20260619_STL@KC,2026-06-19,KC,STL,6,5,1.0,0.48826970795631375,0.5,STL,KC,0
20260619_TOR@CHC,2026-06-19,CHC,TOR,16,2,1.0,0.5456694467901647,0.5393,CHC,CHC,1
20260619_WSH@TB,2026-06-19,TB,WSH,5,2,1.0,0.5575404083898537,0.5531,TB,TB,1
20260618_BAL@SEA,2026-06-18,SEA,BAL,3,0,1.0,0.5290391259698131,0.52,SEA,SEA,1
20260618_CLE@MIL,2026-06-18,MIL,CLE,2,4,0.0,0.5865101765406587,0.5866,MIL,CLE,0
20260618_CWS@NYY,2026-06-18,NYY,CWS,1,5,0.0,0.612609323440745,0.6167,NYY,CWS,0
20260618_LAA@ATH,2026-06-18,ATH,LAA,5,0,1.0,0.5466615502992705,0.5404,ATH,ATH,1
20260618_MIN@TEX,2026-06-18,TEX,MIN,3,9,0.0,0.5447306285442732,0.5382,TEX,MIN,0
20260618_NYM@PHI,2026-06-18,PHI,NYM,4,6,0.0,0.5276995632752182,0.5185,PHI,NYM,0
20260618_STL@KC,2026-06-18,KC,STL,14,6,1.0,0.47375357410086244,0.4832,STL,KC,0
20260618_TOR@BOS,2026-06-18,BOS,TOR,3,4,0.0,0.4870583783663802,0.4986,TOR,TOR,1
20260617_BAL@SEA,2026-06-17,SEA,BAL,3,5,0.0,0.5221796069068736,0.5121,SEA,BAL,0
20260617_CLE@MIL,2026-06-17,MIL,CLE,9,4,1.0,0.5597443013759256,0.5556,MIL,MIL,1
20260617_COL@CHC,2026-06-17,CHC,COL,8,6,1.0,0.6059439564571425,0.609,CHC,CHC,1
20260617_CWS@NYY,2026-06-17,NYY,CWS,10,5,1.0,0.6140454130598358,0.6184,NYY,NYY,1
20260617_DET@HOU,2026-06-17,HOU,DET,4,2,1.0,0.5471170751278092,0.541,HOU,HOU,1
20260617_KC@WSH,2026-06-17,WSH,KC,2,6,0.0,0.5409152619859858,0.5338,WSH,KC,0
20260617_LAA@AZ,2026-06-17,AZ,LAA,8,1,1.0,0.6114840065284599,0.6154,AZ,AZ,1
20260617_MIA@PHI,2026-06-17,PHI,MIA,4,12,0.0,0.5520752461942151,0.5467,PHI,MIA,0
20260617_NYM@CIN,2026-06-17,CIN,NYM,1,9,0.0,0.4965312857356386,0.5,NYM,NYM,1
20260617_PIT@ATH,2026-06-17,ATH,PIT,4,12,0.0,0.5149385626869799,0.5037,ATH,PIT,0
20260617_SD@STL,2026-06-17,STL,SD,1,6,0.0,0.5751011363372406,0.5734,STL,SD,0
20260617_SF@ATL,2026-06-17,ATL,SF,5,7,0.0,0.5495123830626503,0.5438,ATL,SF,0
20260617_TB@LAD,2026-06-17,LAD,TB,5,4,1.0,0.5972544140651365,0.599,LAD,LAD,1
20260617_TOR@BOS,2026-06-17,BOS,TOR,0,3,0.0,0.46789419803616084,0.4764,TOR,TOR,1
20260616_BAL@SEA,2026-06-16,SEA,BAL,3,1,1.0,0.5459475501164692,0.5396,SEA,SEA,1
20260616_CLE@MIL,2026-06-16,MIL,CLE,2,1,1.0,0.5720365193725311,0.5698,MIL,MIL,1
20260616_COL@CHC,2026-06-16,CHC,COL,2,5,0.0,0.6058208128096119,0.6089,CHC,COL,0
20260616_CWS@NYY,2026-06-16,NYY,CWS,12,2,1.0,0.585922261992071,0.5859,NYY,NYY,1
20260616_DET@HOU,2026-06-16,HOU,DET,4,2,1.0,0.5517625078639385,0.5464,HOU,HOU,1
20260616_KC@WSH,2026-06-16,WSH,KC,6,4,1.0,0.5378131372999767,0.5302,WSH,WSH,1
20260616_LAA@AZ,2026-06-16,AZ,LAA,0,7,0.0,0.5622511491905203,0.5585,AZ,LAA,0
20260616_MIA@PHI,2026-06-16,PHI,MIA,8,2,1.0,0.5543728880004614,0.5494,PHI,PHI,1
20260616_MIN@TEX,2026-06-16,TEX,MIN,2,12,0.0,0.5875948806486189,0.5879,TEX,MIN,0
20260616_NYM@CIN,2026-06-16,CIN,NYM,5,3,1.0,0.49473625469984184,0.5,NYM,CIN,0
20260616_PIT@ATH,2026-06-16,ATH,PIT,5,6,0.0,0.5559058561980099,0.5512,ATH,PIT,0
20260616_SD@STL,2026-06-16,STL,SD,3,2,1.0,0.554636955968981,0.5497,STL,STL,1
20260616_SF@ATL,2026-06-16,ATL,SF,2,7,0.0,0.5603691250139854,0.5563,ATL,SF,0
20260616_TB@LAD,2026-06-16,LAD,TB,1,0,1.0,0.5429806281825402,0.5362,LAD,LAD,1
20260616_TOR@BOS,2026-06-16,BOS,TOR,1,6,0.0,0.46573061591120735,0.4739,TOR,TOR,1
20260615_COL@CHC,2026-06-15,CHC,COL,5,4,1.0,0.5861393230094971,0.5862,CHC,CHC,1
20260615_DET@HOU,2026-06-15,HOU,DET,3,9,0.0,0.5219883684250687,0.5119,HOU,DET,0
20260615_KC@WSH,2026-06-15,WSH,KC,7,3,1.0,0.5106503550024941,0.5,WSH,WSH,1
20260615_LAA@AZ,2026-06-15,AZ,LAA,4,3,1.0,0.5749742246827794,0.5732,AZ,AZ,1
20260615_MIA@PHI,2026-06-15,PHI,MIA,7,0,1.0,0.5638244568540095,0.5603,PHI,PHI,1
20260615_MIN@TEX,2026-06-15,TEX,MIN,2,4,0.0,0.6032952055319142,0.606,TEX,MIN,0
20260615_NYM@CIN,2026-06-15,CIN,NYM,12,0,1.0,0.5056841008047972,0.5,CIN,CIN,1
20260615_PIT@ATH,2026-06-15,ATH,PIT,11,2,1.0,0.5128596527140257,0.5013,ATH,ATH,1
20260615_SD@STL,2026-06-15,STL,SD,3,0,1.0,0.560107727581762,0.556,STL,STL,1
20260615_TB@LAD,2026-06-15,LAD,TB,4,3,1.0,0.5516677749834262,0.5462,LAD,LAD,1
20260614_ATL@NYM,2026-06-14,NYM,ATL,8,1,1.0,0.5099820886257672,0.5,NYM,NYM,1
20260614_AZ@CIN,2026-06-14,CIN,AZ,3,5,0.0,0.5073369737263173,0.5,CIN,AZ,0
20260614_CHC@SF,2026-06-14,SF,CHC,5,1,1.0,0.5183148599622237,0.5076,SF,SF,1
20260614_COL@ATH,2026-06-14,ATH,COL,9,23,0.0,0.6249080834864097,0.6309,ATH,COL,0
20260614_HOU@KC,2026-06-14,KC,HOU,4,0,1.0,0.4924055230186571,0.5,HOU,KC,0
20260614_LAD@CWS,2026-06-14,CWS,LAD,6,4,1.0,0.4824762025642844,0.4933,LAD,CWS,0
20260614_MIA@PIT,2026-06-14,PIT,MIA,2,4,0.0,0.5401876145428006,0.5329,PIT,MIA,0
20260614_NYY@TOR,2026-06-14,TOR,NYY,3,8,0.0,0.5011887739806308,0.5,TOR,NYY,0
20260614_PHI@MIL,2026-06-14,MIL,PHI,4,0,1.0,0.549529557838481,0.5438,MIL,MIL,1
20260614_SD@BAL,2026-06-14,BAL,SD,2,5,0.0,0.531786539674972,0.5232,BAL,SD,0
20260614_SEA@WSH,2026-06-14,WSH,SEA,10,1,1.0,0.47487331580619535,0.4845,SEA,WSH,0
20260614_STL@MIN,2026-06-14,MIN,STL,5,4,1.0,0.4926670670888731,0.5,STL,MIN,0
20260614_TB@LAA,2026-06-14,LAA,TB,3,8,0.0,0.48974384296431195,0.5,TB,TB,1
20260614_TEX@BOS,2026-06-14,BOS,TEX,4,6,0.0,0.5040552558499288,0.5,BOS,TEX,0
20260613_ATL@NYM,2026-06-13,NYM,ATL,1,3,0.0,0.5299625049862754,0.5211,NYM,ATL,0
20260613_AZ@CIN,2026-06-13,CIN,AZ,2,1,1.0,0.49257452944953156,0.5,AZ,CIN,0
20260613_CHC@SF,2026-06-13,SF,CHC,1,6,0.0,0.4840281697163538,0.4951,CHC,CHC,1
20260613_COL@ATH,2026-06-13,ATH,COL,7,5,1.0,0.6191562180723701,0.6243,ATH,ATH,1
20260613_DET@CLE,2026-06-13,CLE,DET,3,1,1.0,0.5543825309964701,0.5494,CLE,CLE,1
20260613_HOU@KC,2026-06-13,KC,HOU,7,8,0.0,0.5326110451565589,0.5242,KC,HOU,0
20260613_LAD@CWS,2026-06-13,CWS,LAD,1,7,0.0,0.5139400047038355,0.5025,CWS,LAD,0
20260613_MIA@PIT,2026-06-13,PIT,MIA,3,2,1.0,0.5375356927479072,0.5299,PIT,PIT,1
20260613_NYY@TOR,2026-06-13,TOR,NYY,1,3,0.0,0.497927771130481,0.5,NYY,NYY,1
20260613_PHI@MIL,2026-06-13,MIL,PHI,8,9,0.0,0.5724441850615557,0.5703,MIL,PHI,0
20260613_SD@BAL,2026-06-13,BAL,SD,3,9,0.0,0.5272402417296186,0.5179,BAL,SD,0
20260613_SEA@WSH,2026-06-13,WSH,SEA,8,3,1.0,0.49568812221826747,0.5,SEA,WSH,0
20260613_STL@MIN,2026-06-13,MIN,STL,6,9,0.0,0.5117549570035027,0.5,MIN,STL,0
20260613_TB@LAA,2026-06-13,LAA,TB,8,0,1.0,0.46971864267708063,0.4785,TB,LAA,0
20260613_TEX@BOS,2026-06-13,BOS,TEX,6,3,1.0,0.47684410509131536,0.4868,TEX,BOS,0
20260612_ATL@NYM,2026-06-12,NYM,ATL,7,5,1.0,0.5009425574375469,0.5,NYM,NYM,1
20260612_AZ@CIN,2026-06-12,CIN,AZ,2,5,0.0,0.507585002683866,0.5,CIN,AZ,0
20260612_CHC@SF,2026-06-12,SF,CHC,1,5,0.0,0.5277095408589098,0.5188,SF,CHC,0
20260612_COL@ATH,2026-06-12,ATH,COL,6,4,1.0,0.5967735641186886,0.5986,ATH,ATH,1
20260612_DET@CLE,2026-06-12,CLE,DET,3,2,1.0,0.5329222247268546,0.5248,CLE,CLE,1
20260612_HOU@KC,2026-06-12,KC,HOU,8,10,0.0,0.5182069489602202,0.5078,KC,HOU,0
20260612_LAD@CWS,2026-06-12,CWS,LAD,8,2,1.0,0.46853837260156017,0.4768,LAD,CWS,0
20260612_MIA@PIT,2026-06-12,PIT,MIA,3,8,0.0,0.5578494537980635,0.5537,PIT,MIA,0
20260612_NYY@TOR,2026-06-12,TOR,NYY,8,5,1.0,0.5040236942459707,0.5,TOR,TOR,1
20260612_PHI@MIL,2026-06-12,MIL,PHI,6,0,1.0,0.5919062801659695,0.593,MIL,MIL,1
20260612_SD@BAL,2026-06-12,BAL,SD,7,3,1.0,0.5314295435522269,0.5231,BAL,BAL,1
20260612_SEA@WSH,2026-06-12,WSH,SEA,2,10,0.0,0.46224839294919495,0.4696,SEA,SEA,1
20260612_STL@MIN,2026-06-12,MIN,STL,9,8,1.0,0.5191845969094437,0.509,MIN,MIN,1
20260612_TB@LAA,2026-06-12,LAA,TB,4,3,1.0,0.4146930566824467,0.4146,TB,LAA,0
20260612_TEX@BOS,2026-06-12,BOS,TEX,10,1,1.0,0.4902121233872855,0.5,TEX,BOS,0
20260611_AZ@MIA,2026-06-11,MIA,AZ,2,0,1.0,0.4982628890174822,0.5,AZ,MIA,0
20260611_CHC@COL,2026-06-11,COL,CHC,3,9,0.0,0.45809590744257506,0.4648,CHC,CHC,1
20260611_LAD@PIT,2026-06-11,PIT,LAD,6,8,0.0,0.45205880479259525,0.4578,LAD,LAD,1
20260611_MIN@DET,2026-06-11,DET,MIN,11,0,1.0,0.5351716931162653,0.5274,DET,DET,1
20260611_SEA@BAL,2026-06-11,BAL,SEA,7,5,1.0,0.4935566729264211,0.5,SEA,BAL,0
20260611_STL@NYM,2026-06-11,NYM,STL,5,4,1.0,0.5315010751679505,0.5232,NYM,NYM,1
20260611_TEX@KC,2026-06-11,KC,TEX,2,4,0.0,0.5302865648388885,0.5218,KC,TEX,0
20260610_ATL@CWS,2026-06-10,CWS,ATL,2,1,1.0,0.4598094860527889,0.4667,ATL,CWS,0
20260610_AZ@MIA,2026-06-10,MIA,AZ,8,0,1.0,0.4649973052555422,0.4727,AZ,MIA,0
20260610_BOS@TB,2026-06-10,TB,BOS,7,5,1.0,0.549916386073125,0.5445,TB,TB,1
20260610_CHC@COL,2026-06-10,COL,CHC,3,2,1.0,0.4287049074559564,0.4308,CHC,COL,0
20260610_CIN@SD,2026-06-10,SD,CIN,5,4,1.0,0.5637046800791282,0.5604,SD,SD,1
20260610_HOU@LAA,2026-06-10,LAA,HOU,3,2,1.0,0.4790390108240083,0.489,HOU,LAA,0
20260610_LAD@PIT,2026-06-10,PIT,LAD,9,8,1.0,0.4573424409087078,0.4639,LAD,PIT,0
20260610_MIL@ATH,2026-06-10,ATH,MIL,4,3,1.0,0.4462189065495714,0.451,MIL,ATH,0
20260610_MIN@DET,2026-06-10,DET,MIN,4,6,0.0,0.5531135131939504,0.5482,DET,MIN,0
20260610_NYY@CLE,2026-06-10,CLE,NYY,4,8,0.0,0.49887235722485235,0.5,NYY,NYY,1
20260610_PHI@TOR,2026-06-10,TOR,PHI,4,7,0.0,0.5185210353144647,0.5082,TOR,PHI,0
20260610_SEA@BAL,2026-06-10,BAL,SEA,7,2,1.0,0.4888392191348697,0.5,SEA,BAL,0
20260610_STL@NYM,2026-06-10,NYM,STL,2,9,0.0,0.5451874008169624,0.539,NYM,STL,0
20260610_TEX@KC,2026-06-10,KC,TEX,4,6,0.0,0.5000371394723284,0.5,KC,TEX,0
20260610_WSH@SF,2026-06-10,SF,WSH,11,10,1.0,0.4769012500891203,0.4865,WSH,SF,0
20260609_ATL@CWS,2026-06-09,CWS,ATL,6,5,1.0,0.454880024477724,0.4611,ATL,CWS,0
20260609_AZ@MIA,2026-06-09,MIA,AZ,10,6,1.0,0.4737369755465978,0.4828,AZ,MIA,0
20260609_BOS@TB,2026-06-09,TB,BOS,4,3,1.0,0.5148722452685969,0.504,TB,TB,1
20260609_CHC@COL,2026-06-09,COL,CHC,7,3,1.0,0.440846470937153,0.4448,CHC,COL,0
20260609_CIN@SD,2026-06-09,SD,CIN,3,5,0.0,0.5124177781361917,0.5012,SD,CIN,0
20260609_HOU@LAA,2026-06-09,LAA,HOU,10,1,1.0,0.5008274785202685,0.5,LAA,LAA,1
20260609_LAD@PIT,2026-06-09,PIT,LAD,3,12,0.0,0.5140920620285651,0.5031,PIT,LAD,0
20260609_MIL@ATH,2026-06-09,ATH,MIL,7,5,1.0,0.48727052173926194,0.4985,MIL,ATH,0
20260609_MIN@DET,2026-06-09,DET,MIN,10,4,1.0,0.5195111682171769,0.5094,DET,DET,1
20260609_NYY@CLE,2026-06-09,CLE,NYY,2,3,0.0,0.4893130454843254,0.5,NYY,NYY,1
20260609_PHI@TOR,2026-06-09,TOR,PHI,3,2,1.0,0.5001137535162508,0.5,TOR,TOR,1
20260609_SEA@BAL,2026-06-09,BAL,SEA,5,6,0.0,0.4833994328758045,0.494,SEA,SEA,1
20260609_STL@NYM,2026-06-09,NYM,STL,0,7,0.0,0.5517022127959174,0.5466,NYM,STL,0
20260609_TEX@KC,2026-06-09,KC,TEX,5,3,1.0,0.5085049725227943,0.5,KC,KC,1
20260609_WSH@SF,2026-06-09,SF,WSH,3,6,0.0,0.467716859557575,0.4759,WSH,WSH,1
20260608_BOS@TB,2026-06-08,TB,BOS,3,1,1.0,0.5039465272397461,0.5,TB,TB,1
20260608_CIN@SD,2026-06-08,SD,CIN,6,2,1.0,0.5337813464997042,0.5258,SD,SD,1
20260608_HOU@LAA,2026-06-08,LAA,HOU,4,5,0.0,0.46412620720104913,0.4717,HOU,HOU,1
20260608_MIL@ATH,2026-06-08,ATH,MIL,14,15,0.0,0.404670034121594,0.4031,MIL,MIL,1
20260608_NYY@CLE,2026-06-08,CLE,NYY,5,7,0.0,0.5128734813039401,0.5017,CLE,NYY,0
20260608_PHI@TOR,2026-06-08,TOR,PHI,2,5,0.0,0.4861768021534513,0.4972,PHI,PHI,1
20260608_SEA@BAL,2026-06-08,BAL,SEA,3,6,0.0,0.49941315976512574,0.5,SEA,SEA,1
20260608_WSH@SF,2026-06-08,SF,WSH,3,4,0.0,0.5056021464586521,0.5,SF,WSH,0
20260607_ATH@HOU,2026-06-07,HOU,ATH,0,5,0.0,0.5390107507588013,0.5319,HOU,ATH,0
20260607_BAL@TOR,2026-06-07,TOR,BAL,6,4,1.0,0.5526341562095964,0.5476,TOR,TOR,1
20260607_BOS@NYY,2026-06-07,NYY,BOS,6,1,1.0,0.549484017433451,0.544,NYY,NYY,1
20260607_CIN@STL,2026-06-07,STL,CIN,5,3,1.0,0.5436184525871577,0.5372,STL,STL,1
20260607_CLE@TEX,2026-06-07,TEX,CLE,10,0,1.0,0.5473420983131158,0.5415,TEX,TEX,1
20260607_CWS@PHI,2026-06-07,PHI,CWS,9,5,1.0,0.5775347822334511,0.5764,PHI,PHI,1
20260607_KC@MIN,2026-06-07,MIN,KC,5,6,0.0,0.5296108432148355,0.521,MIN,KC,0
20260607_LAA@LAD,2026-06-07,LAD,LAA,5,13,0.0,0.6477023585042365,0.657,LAD,LAA,0
20260607_MIL@COL,2026-06-07,COL,MIL,4,12,0.0,0.3542267960981015,0.3452,MIL,MIL,1
20260607_NYM@SD,2026-06-07,SD,NYM,3,7,0.0,0.5482276945646212,0.5425,SD,NYM,0
20260607_PIT@ATL,2026-06-07,ATL,PIT,3,2,1.0,0.553802871598369,0.549,ATL,ATL,1
20260607_SEA@DET,2026-06-07,DET,SEA,5,4,1.0,0.4600591218545133,0.467,SEA,DET,0
20260607_SF@CHC,2026-06-07,CHC,SF,1,2,0.0,0.5693236242481495,0.5669,CHC,SF,0
20260607_TB@MIA,2026-06-07,MIA,TB,4,1,1.0,0.4547461482113886,0.4609,TB,MIA,0
20260607_WSH@AZ,2026-06-07,AZ,WSH,5,1,1.0,0.5195178007693513,0.5094,AZ,AZ,1
20260606_ATH@HOU,2026-06-06,HOU,ATH,13,2,1.0,0.5294180630843308,0.5208,HOU,HOU,1
20260606_BAL@TOR,2026-06-06,TOR,BAL,6,4,1.0,0.54468609694907,0.5384,TOR,TOR,1
20260606_CIN@STL,2026-06-06,STL,CIN,6,5,1.0,0.5604777922942525,0.5567,STL,STL,1
20260606_CLE@TEX,2026-06-06,TEX,CLE,0,6,0.0,0.5433914698742246,0.537,TEX,CLE,0
20260606_CWS@PHI,2026-06-06,PHI,CWS,3,6,0.0,0.5888757412711906,0.5895,PHI,CWS,0
20260606_KC@MIN,2026-06-06,MIN,KC,2,3,0.0,0.5357707799230709,0.5281,MIN,KC,0
20260606_LAA@LAD,2026-06-06,LAD,LAA,9,2,1.0,0.6758911575564127,0.689,LAD,LAD,1
20260606_MIL@COL,2026-06-06,COL,MIL,1,7,0.0,0.32476029484513746,0.3118,MIL,MIL,1
20260606_NYM@SD,2026-06-06,SD,NYM,3,2,1.0,0.5059833700893129,0.5,SD,SD,1
20260606_PIT@ATL,2026-06-06,ATL,PIT,6,3,1.0,0.5477091268920855,0.5419,ATL,ATL,1
20260606_SEA@DET,2026-06-06,DET,SEA,0,4,0.0,0.469872840064677,0.4784,SEA,SEA,1
20260606_SF@CHC,2026-06-06,CHC,SF,3,2,1.0,0.5592935584564265,0.5553,CHC,CHC,1
20260606_TB@MIA,2026-06-06,MIA,TB,4,3,1.0,0.44776237345733033,0.4528,TB,MIA,0
20260606_WSH@AZ,2026-06-06,AZ,WSH,1,6,0.0,0.5352754599707094,0.5276,AZ,WSH,0
20260605_ATH@HOU,2026-06-05,HOU,ATH,5,1,1.0,0.5200103904109166,0.5098,HOU,HOU,1
20260605_BAL@TOR,2026-06-05,TOR,BAL,3,13,0.0,0.5714660536536946,0.5706,TOR,BAL,0
20260605_BOS@NYY,2026-06-05,NYY,BOS,3,5,0.0,0.5817587459505968,0.5828,NYY,BOS,0
20260605_CIN@STL,2026-06-05,STL,CIN,10,3,1.0,0.5682865359122867,0.5669,STL,STL,1
20260605_CLE@TEX,2026-06-05,TEX,CLE,3,2,1.0,0.4991464928686925,0.5,CLE,TEX,0
20260605_CWS@PHI,2026-06-05,PHI,CWS,8,6,1.0,0.5882710126914613,0.5905,PHI,PHI,1
20260605_KC@MIN,2026-06-05,MIN,KC,5,3,1.0,0.5379703446355866,0.531,MIN,MIN,1
20260605_LAA@LAD,2026-06-05,LAD,LAA,1,0,1.0,0.6397354915566542,0.6509,LAD,LAD,1
20260605_MIL@COL,2026-06-05,COL,MIL,7,9,0.0,0.38534586683563804,0.3785,MIL,MIL,1
20260605_NYM@SD,2026-06-05,SD,NYM,0,5,0.0,0.5212188986137871,0.5112,SD,NYM,0
20260605_PIT@ATL,2026-06-05,ATL,PIT,6,3,1.0,0.5572091897312687,0.5538,ATL,ATL,1
20260605_SEA@DET,2026-06-05,DET,SEA,7,3,1.0,0.47004526479372094,0.4785,SEA,DET,0
20260605_SF@CHC,2026-06-05,CHC,SF,3,18,0.0,0.5846744728562601,0.5862,CHC,SF,0
20260605_TB@MIA,2026-06-05,MIA,TB,0,6,0.0,0.4980018715120557,0.5,TB,TB,1
20260605_WSH@AZ,2026-06-05,AZ,WSH,1,14,0.0,0.5769812141261789,0.5772,AZ,WSH,0
20260604_ATH@CHC,2026-06-04,CHC,ATH,7,6,1.0,0.5408906551723593,0.5345,CHC,CHC,1
20260604_BAL@BOS,2026-06-04,BOS,BAL,2,8,0.0,0.5203688589859895,0.5102,BOS,BAL,0
20260604_CLE@NYY,2026-06-04,NYY,CLE,2,1,1.0,0.5471399480975642,0.5419,NYY,NYY,1
20260604_KC@MIN,2026-06-04,MIN,KC,6,8,0.0,0.5549343623564251,0.5511,MIN,KC,0
20260604_LAD@AZ,2026-06-04,AZ,LAD,3,2,1.0,0.4821718397493118,0.4928,LAD,AZ,0
20260604_PIT@HOU,2026-06-04,HOU,PIT,1,5,0.0,0.5185405524166294,0.508,HOU,PIT,0
20260604_SD@PHI,2026-06-04,PHI,SD,6,4,1.0,0.5902679092801898,0.5928,PHI,PHI,1
20260604_SF@MIL,2026-06-04,MIL,SF,9,12,0.0,0.6239046810630862,0.6324,MIL,SF,0
20260604_TOR@ATL,2026-06-04,ATL,TOR,2,7,0.0,0.6037834028743887,0.6088,ATL,TOR,0
20260603_ATH@CHC,2026-06-03,CHC,ATH,4,5,0.0,0.565150213866155,0.5632,CHC,ATH,0
20260603_BAL@BOS,2026-06-03,BOS,BAL,8,1,1.0,0.510804745317911,0.5,BOS,BOS,1
20260603_CLE@NYY,2026-06-03,NYY,CLE,4,5,0.0,0.5450264984593577,0.5394,NYY,CLE,0
20260603_COL@LAA,2026-06-03,LAA,COL,11,4,1.0,0.5275362796494046,0.5187,LAA,LAA,1
20260603_CWS@MIN,2026-06-03,MIN,CWS,0,8,0.0,0.545727110555031,0.5402,MIN,CWS,0
20260603_DET@TB,2026-06-03,TB,DET,2,7,0.0,0.6045233600554137,0.6096,TB,DET,0
20260603_KC@CIN,2026-06-03,CIN,KC,2,5,0.0,0.5957567793082905,0.5993,CIN,KC,0
20260603_LAD@AZ,2026-06-03,AZ,LAD,0,7,0.0,0.4580270421015109,0.4643,LAD,LAD,1
20260603_MIA@WSH,2026-06-03,WSH,MIA,1,4,0.0,0.5289422247379624,0.5203,WSH,MIA,0
20260603_NYM@SEA,2026-06-03,SEA,NYM,1,7,0.0,0.5777451458159004,0.5781,SEA,NYM,0
20260603_PIT@HOU,2026-06-03,HOU,PIT,11,9,1.0,0.5135170874932847,0.5021,HOU,HOU,1
20260603_SD@PHI,2026-06-03,PHI,SD,3,2,1.0,0.5685992186673686,0.5672,PHI,PHI,1
20260603_SF@MIL,2026-06-03,MIL,SF,0,1,0.0,0.6341189115955733,0.6443,MIL,SF,0
20260603_TEX@STL,2026-06-03,STL,TEX,5,3,1.0,0.5617214637563056,0.5591,STL,STL,1
20260603_TOR@ATL,2026-06-03,ATL,TOR,7,3,1.0,0.587808688011355,0.5899,ATL,ATL,1
20260602_ATH@CHC,2026-06-02,CHC,ATH,1,2,0.0,0.5641297523969823,0.562,CHC,ATH,0
20260602_BAL@BOS,2026-06-02,BOS,BAL,2,4,0.0,0.5028949726436627,0.5,BOS,BAL,0
20260602_CLE@NYY,2026-06-02,NYY,CLE,4,9,0.0,0.5827108565923144,0.5839,NYY,CLE,0
20260602_COL@LAA,2026-06-02,LAA,COL,2,8,0.0,0.5337434694481924,0.526,LAA,COL,0
20260602_CWS@MIN,2026-06-02,MIN,CWS,6,4,1.0,0.5111379823896518,0.5,MIN,MIN,1
20260602_DET@TB,2026-06-02,TB,DET,0,8,0.0,0.6149087709513433,0.6218,TB,DET,0
20260602_KC@CIN,2026-06-02,CIN,KC,4,3,1.0,0.5751976625568213,0.575,CIN,CIN,1
20260602_LAD@AZ,2026-06-02,AZ,LAD,5,6,0.0,0.49359425828748255,0.5,LAD,LAD,1
20260602_MIA@WSH,2026-06-02,WSH,MIA,3,7,0.0,0.5107175256797565,0.5,WSH,MIA,0
20260602_NYM@SEA,2026-06-02,SEA,NYM,8,3,1.0,0.5779256886659606,0.5783,SEA,SEA,1
20260602_PIT@HOU,2026-06-02,HOU,PIT,6,10,0.0,0.5515998258422985,0.5471,HOU,PIT,0
20260602_SD@PHI,2026-06-02,PHI,SD,3,2,1.0,0.548500024978858,0.5435,PHI,PHI,1
20260602_SF@MIL,2026-06-02,MIL,SF,8,3,1.0,0.6417858444940274,0.6532,MIL,MIL,1
20260602_TEX@STL,2026-06-02,STL,TEX,4,7,0.0,0.574110003227949,0.5738,STL,TEX,0
20260602_TOR@ATL,2026-06-02,ATL,TOR,4,3,1.0,0.5699631569846872,0.5689,ATL,ATL,1
20260601_COL@LAA,2026-06-01,LAA,COL,8,9,0.0,0.5429071731209996,0.5368,LAA,COL,0
20260601_CWS@MIN,2026-06-01,MIN,CWS,9,6,1.0,0.537241674139943,0.5301,MIN,MIN,1
20260601_DET@TB,2026-06-01,TB,DET,9,10,0.0,0.6284872365574659,0.6377,TB,DET,0
20260601_KC@CIN,2026-06-01,CIN,KC,2,9,0.0,0.5969585958985356,0.6007,CIN,KC,0
20260601_LAD@AZ,2026-06-01,AZ,LAD,4,1,1.0,0.4478733879282859,0.4522,LAD,AZ,0
20260601_MIA@WSH,2026-06-01,WSH,MIA,3,7,0.0,0.555480339645629,0.5517,WSH,MIA,0
20260601_NYM@SEA,2026-06-01,SEA,NYM,3,2,1.0,0.5549824119285581,0.5511,SEA,SEA,1
20260601_SF@MIL,2026-06-01,MIL,SF,16,2,1.0,0.6012855607741717,0.6058,MIL,MIL,1
20260601_TEX@STL,2026-06-01,STL,TEX,1,2,0.0,0.568627010129224,0.5673,STL,TEX,0
20260531_ATL@CIN,2026-05-31,CIN,ATL,6,4,1.0,0.46356587402640953,0.4708,ATL,CIN,0
20260531_AZ@SEA,2026-05-31,SEA,AZ,3,2,1.0,0.5447591911976692,0.539,SEA,SEA,1
20260531_BOS@CLE,2026-05-31,CLE,BOS,4,9,0.0,0.5547039358370808,0.5508,CLE,BOS,0
20260531_CHC@STL,2026-05-31,STL,CHC,5,1,1.0,0.5361613974728647,0.5289,STL,STL,1
20260531_DET@CWS,2026-05-31,CWS,DET,2,1,1.0,0.5596841001220666,0.5567,CWS,CWS,1
20260531_KC@TEX,2026-05-31,TEX,KC,6,3,1.0,0.5794410871093222,0.5801,TEX,TEX,1
20260531_LAA@TB,2026-05-31,TB,LAA,5,2,1.0,0.6462365905132718,0.6584,TB,TB,1
20260531_MIA@NYM,2026-05-31,NYM,MIA,10,1,1.0,0.5841574517298481,0.5856,NYM,NYM,1
20260531_MIL@HOU,2026-05-31,HOU,MIL,0,2,0.0,0.43225784190265043,0.4338,MIL,MIL,1
20260531_MIN@PIT,2026-05-31,PIT,MIN,9,3,1.0,0.5657385017523767,0.5639,PIT,PIT,1
20260531_NYY@ATH,2026-05-31,ATH,NYY,8,13,0.0,0.43941832233314504,0.4422,NYY,NYY,1
20260531_PHI@LAD,2026-05-31,LAD,PHI,9,1,1.0,0.6065277357454896,0.612,LAD,LAD,1
20260531_SD@WSH,2026-05-31,WSH,SD,4,2,1.0,0.501759279901316,0.5,WSH,WSH,1
20260531_SF@COL,2026-05-31,COL,SF,6,19,0.0,0.46091341403343683,0.4677,SF,SF,1
20260531_TOR@BAL,2026-05-31,BAL,TOR,9,5,1.0,0.5039747850866698,0.5,BAL,BAL,1
20260530_ATL@CIN,2026-05-30,CIN,ATL,2,5,0.0,0.4610023677334902,0.4678,ATL,ATL,1
20260530_AZ@SEA,2026-05-30,SEA,AZ,5,1,1.0,0.5301681251204574,0.5218,SEA,SEA,1
20260530_BOS@CLE,2026-05-30,CLE,BOS,1,9,0.0,0.5703867215084737,0.5694,CLE,BOS,0
20260530_CHC@STL,2026-05-30,STL,CHC,1,6,0.0,0.5389365824044311,0.5321,STL,CHC,0
20260530_DET@CWS,2026-05-30,CWS,DET,7,1,1.0,0.5639703529283764,0.5618,CWS,CWS,1
20260530_KC@TEX,2026-05-30,TEX,KC,7,6,1.0,0.5704080114197019,0.5694,TEX,TEX,1
20260530_LAA@TB,2026-05-30,TB,LAA,3,14,0.0,0.6306944295598257,0.6403,TB,LAA,0
20260530_MIA@NYM,2026-05-30,NYM,MIA,6,1,1.0,0.5700072980140654,0.5689,NYM,NYM,1
20260530_MIL@HOU,2026-05-30,HOU,MIL,9,2,1.0,0.5000571165725013,0.5,HOU,HOU,1
20260530_MIN@PIT,2026-05-30,PIT,MIN,10,9,1.0,0.5522586811209858,0.5479,PIT,PIT,1
20260530_NYY@ATH,2026-05-30,ATH,NYY,6,4,1.0,0.45759191559396084,0.4637,NYY,ATH,0
20260530_PHI@LAD,2026-05-30,LAD,PHI,3,4,0.0,0.5834080757011915,0.5847,LAD,PHI,0
20260530_SD@WSH,2026-05-30,WSH,SD,9,4,1.0,0.4846655513333847,0.4958,SD,WSH,0
20260530_SF@COL,2026-05-30,COL,SF,8,3,1.0,0.4632836246794537,0.4705,SF,COL,0
20260530_TOR@BAL,2026-05-30,BAL,TOR,6,5,1.0,0.4785048225340751,0.4885,TOR,BAL,0
20260529_ATL@CIN,2026-05-29,CIN,ATL,3,8,0.0,0.45564621880890604,0.4608,ATL,ATL,1
20260529_AZ@SEA,2026-05-29,SEA,AZ,7,6,1.0,0.5182476322552964,0.5089,SEA,SEA,1
20260529_BOS@CLE,2026-05-29,CLE,BOS,4,3,1.0,0.5442145388349041,0.539,CLE,CLE,1
20260529_CHC@STL,2026-05-29,STL,CHC,6,5,1.0,0.5227517471171078,0.5141,STL,STL,1
20260529_DET@CWS,2026-05-29,CWS,DET,4,3,1.0,0.5077778597040752,0.5,CWS,CWS,1
20260529_KC@TEX,2026-05-29,TEX,KC,9,1,1.0,0.5990645834401073,0.6026,TEX,TEX,1
20260529_LAA@TB,2026-05-29,TB,LAA,8,5,1.0,0.6355656388909459,0.6446,TB,TB,1
20260529_MIA@NYM,2026-05-29,NYM,MIA,9,7,1.0,0.5388954170214809,0.5328,NYM,NYM,1
20260529_MIL@HOU,2026-05-29,HOU,MIL,4,5,0.0,0.5039981504822765,0.5,HOU,MIL,0
20260529_MIN@PIT,2026-05-29,PIT,MIN,6,5,1.0,0.5207358727475936,0.5118,PIT,PIT,1
20260529_NYY@ATH,2026-05-29,ATH,NYY,2,8,0.0,0.4681231924673807,0.4753,NYY,NYY,1
20260529_PHI@LAD,2026-05-29,LAD,PHI,4,2,1.0,0.5629099609645555,0.5607,LAD,LAD,1
20260529_SD@WSH,2026-05-29,WSH,SD,5,7,0.0,0.49475438163822844,0.5,SD,SD,1
20260529_SF@COL,2026-05-29,COL,SF,8,6,1.0,0.45232942332933196,0.457,SF,COL,0
20260529_TOR@BAL,2026-05-29,BAL,TOR,5,6,0.0,0.47522303741143695,0.4836,TOR,TOR,1
20260528_ATL@BOS,2026-05-28,BOS,ATL,2,10,0.0,0.4735299901636029,0.4816,ATL,ATL,1
20260528_CHC@PIT,2026-05-28,PIT,CHC,2,7,0.0,0.5153572482845494,0.5055,PIT,CHC,0
20260528_HOU@TEX,2026-05-28,TEX,HOU,1,5,0.0,0.5436701761978657,0.5384,TEX,HOU,0
20260528_LAA@DET,2026-05-28,DET,LAA,1,7,0.0,0.5383219757079611,0.5322,DET,LAA,0
20260528_MIN@CWS,2026-05-28,CWS,MIN,6,2,1.0,0.5321989900170033,0.5251,CWS,CWS,1
20260528_TOR@BAL,2026-05-28,BAL,TOR,1,2,0.0,0.5036878573587913,0.5,BAL,TOR,0
20260527_ATL@BOS,2026-05-27,BOS,ATL,8,0,1.0,0.490969327431981,0.5,ATL,BOS,0
20260527_AZ@SF,2026-05-27,SF,AZ,2,3,0.0,0.49124192176269255,0.5,AZ,AZ,1
20260527_CHC@PIT,2026-05-27,PIT,CHC,4,10,0.0,0.521336348982921,0.5125,PIT,CHC,0
20260527_CIN@NYM,2026-05-27,NYM,CIN,4,2,1.0,0.5210906503612207,0.5122,NYM,NYM,1
20260527_COL@LAD,2026-05-27,LAD,COL,4,1,1.0,0.7151324580810442,0.7346,LAD,LAD,1
20260527_HOU@TEX,2026-05-27,TEX,HOU,3,4,0.0,0.5645857335124349,0.5627,TEX,HOU,0
20260527_LAA@DET,2026-05-27,DET,LAA,4,0,1.0,0.5446463570763005,0.5395,DET,DET,1
20260527_MIA@TOR,2026-05-27,TOR,MIA,2,1,1.0,0.5547756920022182,0.5513,TOR,TOR,1
20260527_MIN@CWS,2026-05-27,CWS,MIN,15,2,1.0,0.485358342378163,0.4953,MIN,CWS,0
20260527_NYY@KC,2026-05-27,KC,NYY,0,7,0.0,0.44727143220413196,0.4511,NYY,NYY,1
20260527_PHI@SD,2026-05-27,SD,PHI,0,3,0.0,0.5310078343057818,0.5237,SD,PHI,0
20260527_SEA@ATH,2026-05-27,ATH,SEA,1,9,0.0,0.5137075809679162,0.5036,ATH,SEA,0
20260527_STL@MIL,2026-05-27,MIL,STL,2,1,1.0,0.5854357892699231,0.5868,MIL,MIL,1
20260527_TB@BAL,2026-05-27,BAL,TB,11,2,1.0,0.48506952499662426,0.495,TB,BAL,0
20260527_WSH@CLE,2026-05-27,CLE,WSH,3,2,1.0,0.5794580787576784,0.5799,CLE,CLE,1
20260526_ATL@BOS,2026-05-26,BOS,ATL,6,7,0.0,0.46592139055469384,0.4728,ATL,ATL,1
20260526_AZ@SF,2026-05-26,SF,AZ,5,7,0.0,0.4858028302886584,0.4958,AZ,AZ,1
20260526_CHC@PIT,2026-05-26,PIT,CHC,12,1,1.0,0.48922326379219766,0.4998,CHC,PIT,0
20260526_CIN@NYM,2026-05-26,NYM,CIN,2,7,0.0,0.5033541521122699,0.5,NYM,CIN,0
20260526_COL@LAD,2026-05-26,LAD,COL,15,6,1.0,0.7127625988338298,0.7319,LAD,LAD,1
20260526_HOU@TEX,2026-05-26,TEX,HOU,10,7,1.0,0.5755924866031006,0.5754,TEX,TEX,1
20260526_LAA@DET,2026-05-26,DET,LAA,6,10,0.0,0.5691407291561604,0.568,DET,LAA,0
20260526_MIA@TOR,2026-05-26,TOR,MIA,8,1,1.0,0.5703671845477283,0.5694,TOR,TOR,1
20260526_MIN@CWS,2026-05-26,CWS,MIN,3,5,0.0,0.4830093595192989,0.4926,MIN,MIN,1
20260526_NYY@KC,2026-05-26,KC,NYY,1,15,0.0,0.409645903713723,0.4075,NYY,NYY,1
20260526_PHI@SD,2026-05-26,SD,PHI,3,4,0.0,0.5507928697614425,0.5467,SD,PHI,0
20260526_SEA@ATH,2026-05-26,ATH,SEA,1,4,0.0,0.5093452834795879,0.5,ATH,SEA,0
20260526_STL@MIL,2026-05-26,MIL,STL,6,0,1.0,0.5937576822729392,0.5965,MIL,MIL,1
20260526_TB@BAL,2026-05-26,BAL,TB,6,1,1.0,0.474644573586007,0.4829,TB,BAL,0
20260526_WSH@CLE,2026-05-26,CLE,WSH,3,6,0.0,0.5511736502650635,0.5471,CLE,WSH,0
20260525_AZ@SF,2026-05-25,SF,AZ,2,6,0.0,0.5120426029859677,0.5017,SF,AZ,0
20260525_CHC@PIT,2026-05-25,PIT,CHC,2,1,1.0,0.47141784638348266,0.4791,CHC,PIT,0
20260525_CIN@NYM,2026-05-25,NYM,CIN,2,7,0.0,0.5417633876447515,0.5362,NYM,CIN,0
20260525_COL@LAD,2026-05-25,LAD,COL,5,3,1.0,0.7044379198738782,0.7227,LAD,LAD,1
20260525_HOU@TEX,2026-05-25,TEX,HOU,0,9,0.0,0.5723843181269622,0.5717,TEX,HOU,0
20260525_MIA@TOR,2026-05-25,TOR,MIA,2,8,0.0,0.5938165819058566,0.5965,TOR,MIA,0
20260525_MIN@CWS,2026-05-25,CWS,MIN,3,1,1.0,0.49954738649960917,0.5,MIN,CWS,0
20260525_NYY@KC,2026-05-25,KC,NYY,3,4,0.0,0.44480385155640634,0.4482,NYY,NYY,1
20260525_PHI@SD,2026-05-25,SD,PHI,0,3,0.0,0.5312864488659635,0.524,SD,PHI,0
20260525_SEA@ATH,2026-05-25,ATH,SEA,2,9,0.0,0.5133298752279514,0.5032,ATH,SEA,0
20260525_STL@MIL,2026-05-25,MIL,STL,5,1,1.0,0.5881380260472096,0.59,MIL,MIL,1
20260525_TB@BAL,2026-05-25,BAL,TB,9,7,1.0,0.47862813996747694,0.4875,TB,BAL,0
20260525_WSH@CLE,2026-05-25,CLE,WSH,2,10,0.0,0.5997040036606904,0.6033,CLE,WSH,0
20260524_ATH@SD,2026-05-24,SD,ATH,2,5,0.0,0.5740183602667064,0.5736,SD,ATH,0
20260524_CLE@PHI,2026-05-24,PHI,CLE,1,3,0.0,0.5377025497026566,0.5315,PHI,CLE,0
20260524_COL@AZ,2026-05-24,AZ,COL,9,1,1.0,0.6473010081532702,0.6581,AZ,AZ,1
20260524_CWS@SF,2026-05-24,SF,CWS,8,5,1.0,0.530850758399351,0.5235,SF,SF,1
20260524_DET@BAL,2026-05-24,BAL,DET,1,4,0.0,0.5289577863144719,0.5213,BAL,DET,0
20260524_DET@BAL_2,2026-05-24,BAL,DET,5,3,1.0,0.5154965998647026,0.5057,BAL,BAL,1
20260524_HOU@CHC,2026-05-24,CHC,HOU,5,8,0.0,0.5778984119084745,0.5781,CHC,HOU,0
20260524_LAD@MIL,2026-05-24,MIL,LAD,1,5,0.0,0.5290877054589267,0.5215,MIL,LAD,0
20260524_MIN@BOS,2026-05-24,BOS,MIN,5,6,0.0,0.5255399135936741,0.5173,BOS,MIN,0
20260524_NYM@MIA,2026-05-24,MIA,NYM,4,0,1.0,0.504345094663597,0.5,MIA,MIA,1
20260524_PIT@TOR,2026-05-24,TOR,PIT,1,4,0.0,0.5951366776347614,0.5981,TOR,PIT,0
20260524_SEA@KC,2026-05-24,KC,SEA,8,6,1.0,0.5029032038454724,0.5,KC,KC,1
20260524_TB@NYY,2026-05-24,NYY,TB,2,0,1.0,0.5485946386380244,0.5441,NYY,NYY,1
20260524_TEX@LAA,2026-05-24,LAA,TEX,2,1,1.0,0.45808949153392975,0.4637,TEX,LAA,0
20260524_WSH@ATL,2026-05-24,ATL,WSH,1,2,0.0,0.5880616529028405,0.5899,ATL,WSH,0
20260523_ATH@SD,2026-05-23,SD,ATH,2,0,1.0,0.535031988313754,0.5284,SD,SD,1
20260523_CLE@PHI,2026-05-23,PHI,CLE,3,0,1.0,0.5346727520063193,0.5279,PHI,PHI,1
20260523_COL@AZ,2026-05-23,AZ,COL,5,4,1.0,0.6267268302154235,0.6345,AZ,AZ,1
20260523_CWS@SF,2026-05-23,SF,CWS,10,3,1.0,0.5014154781452929,0.5,SF,SF,1
20260523_HOU@CHC,2026-05-23,CHC,HOU,0,3,0.0,0.5689990009394239,0.5678,CHC,HOU,0
20260523_LAD@MIL,2026-05-23,MIL,LAD,3,11,0.0,0.5288917286376024,0.5212,MIL,LAD,0
20260523_MIN@BOS,2026-05-23,BOS,MIN,2,4,0.0,0.5238964139288423,0.5154,BOS,MIN,0
20260523_NYM@MIA,2026-05-23,MIA,NYM,4,1,1.0,0.5160357042198416,0.5063,MIA,MIA,1
20260523_PIT@TOR,2026-05-23,TOR,PIT,5,2,1.0,0.524559717906391,0.5162,TOR,TOR,1
20260523_SEA@KC,2026-05-23,KC,SEA,5,0,1.0,0.5145499432913723,0.5046,KC,KC,1
20260523_STL@CIN,2026-05-23,CIN,STL,7,6,1.0,0.5151712618856642,0.5053,CIN,CIN,1
20260523_STL@CIN_2,2026-05-23,CIN,STL,1,8,0.0,0.5092547117956671,0.5,CIN,STL,0
20260523_TEX@LAA,2026-05-23,LAA,TEX,5,2,1.0,0.4529301208453198,0.4577,TEX,LAA,0
20260523_WSH@ATL,2026-05-23,ATL,WSH,0,2,0.0,0.6223372248877385,0.6294,ATL,WSH,0
20260522_ATH@SD,2026-05-22,SD,ATH,7,3,1.0,0.5481190000065321,0.5445,SD,SD,1
20260522_CLE@PHI,2026-05-22,PHI,CLE,0,1,0.0,0.550111795972928,0.5468,PHI,CLE,0
20260522_COL@AZ,2026-05-22,AZ,COL,2,3,0.0,0.6590647217967484,0.6711,AZ,COL,0
20260522_CWS@SF,2026-05-22,SF,CWS,4,9,0.0,0.5205952016486449,0.5129,SF,CWS,0
20260522_DET@BAL,2026-05-22,BAL,DET,7,4,1.0,0.5275005724139756,0.5208,BAL,BAL,1
20260522_HOU@CHC,2026-05-22,CHC,HOU,2,4,0.0,0.5852209989312627,0.5871,CHC,HOU,0
20260522_LAD@MIL,2026-05-22,MIL,LAD,5,1,1.0,0.5729700001555571,0.573,MIL,MIL,1
20260522_MIN@BOS,2026-05-22,BOS,MIN,6,8,0.0,0.5560246453572153,0.5536,BOS,MIN,0
20260522_NYM@MIA,2026-05-22,MIA,NYM,2,1,1.0,0.49506532669962877,0.5,NYM,MIA,0
20260522_PIT@TOR,2026-05-22,TOR,PIT,6,2,1.0,0.57436071571972,0.5746,TOR,TOR,1
20260522_SEA@KC,2026-05-22,KC,SEA,0,2,0.0,0.5228909142930563,0.5155,KC,SEA,0
20260522_TB@NYY,2026-05-22,NYY,TB,2,4,0.0,0.5521518377493116,0.5491,NYY,TB,0
20260522_TEX@LAA,2026-05-22,LAA,TEX,9,6,1.0,0.4387279799948091,0.4404,TEX,LAA,0
20260522_WSH@ATL,2026-05-22,ATL,WSH,5,4,1.0,0.6039972482449367,0.6086,ATL,ATL,1
20260521_ATH@LAA,2026-05-21,LAA,ATH,2,3,0.0,0.4392180417715747,0.4409,ATH,ATH,1
20260521_ATL@MIA,2026-05-21,MIA,ATL,3,9,0.0,0.4224392299966283,0.4217,ATL,ATL,1
20260521_CLE@DET,2026-05-21,DET,CLE,1,3,0.0,0.4962705586146216,0.5,CLE,CLE,1
20260521_COL@AZ,2026-05-21,AZ,COL,2,1,1.0,0.6383198424330561,0.6476,AZ,AZ,1
20260521_NYM@WSH,2026-05-21,WSH,NYM,1,2,0.0,0.5002897663390394,0.5,WSH,NYM,0
20260521_PIT@STL,2026-05-21,STL,PIT,2,6,0.0,0.5471349985240487,0.5434,STL,PIT,0
20260521_TOR@NYY,2026-05-21,NYY,TOR,0,2,0.0,0.5900621975711987,0.5926,NYY,TOR,0
20260520_ATH@LAA,2026-05-20,LAA,ATH,5,6,0.0,0.43085369842212823,0.4313,ATH,ATH,1
20260520_ATL@MIA,2026-05-20,MIA,ATL,1,9,0.0,0.44298732139179436,0.4453,ATL,ATL,1
20260520_BAL@TB,2026-05-20,TB,BAL,5,3,1.0,0.562174149506438,0.5607,TB,TB,1
20260520_BOS@KC,2026-05-20,KC,BOS,3,4,0.0,0.5070584626703253,0.5,KC,BOS,0
20260520_CIN@PHI,2026-05-20,PHI,CIN,4,9,0.0,0.5598538297043565,0.558,PHI,CIN,0
20260520_CLE@DET,2026-05-20,DET,CLE,2,3,0.0,0.493138543040078,0.5,CLE,CLE,1
20260520_CWS@SEA,2026-05-20,SEA,CWS,5,4,1.0,0.5844326165809977,0.5862,SEA,SEA,1
20260520_HOU@MIN,2026-05-20,MIN,HOU,4,1,1.0,0.5056516089587698,0.5,MIN,MIN,1
20260520_LAD@SD,2026-05-20,SD,LAD,0,4,0.0,0.5054333341823384,0.5,SD,LAD,0
20260520_MIL@CHC,2026-05-20,CHC,MIL,0,5,0.0,0.5111525507840277,0.5021,CHC,MIL,0
20260520_NYM@WSH,2026-05-20,WSH,NYM,8,4,1.0,0.48219274632659115,0.4903,NYM,WSH,0
20260520_PIT@STL,2026-05-20,STL,PIT,0,7,0.0,0.5652286015574715,0.5642,STL,PIT,0
20260520_SF@AZ,2026-05-20,AZ,SF,6,3,1.0,0.5470793971204697,0.5433,AZ,AZ,1
20260520_TEX@COL,2026-05-20,COL,TEX,4,5,0.0,0.442617327063308,0.4448,TEX,TEX,1
20260520_TOR@NYY,2026-05-20,NYY,TOR,1,2,0.0,0.5992037022887566,0.6031,NYY,TOR,0
20260519_ATH@LAA,2026-05-19,LAA,ATH,6,14,0.0,0.4835581195810447,0.4919,ATH,ATH,1
20260519_ATL@MIA,2026-05-19,MIA,ATL,4,8,0.0,0.4952187030120816,0.5,ATL,ATL,1
20260519_BAL@TB,2026-05-19,TB,BAL,4,1,1.0,0.569890927077072,0.5695,TB,TB,1
20260519_BOS@KC,2026-05-19,KC,BOS,1,7,0.0,0.4854406144662526,0.494,BOS,BOS,1
20260519_CIN@PHI,2026-05-19,PHI,CIN,1,4,0.0,0.5889240072492523,0.5913,PHI,CIN,0
20260519_CLE@DET,2026-05-19,DET,CLE,3,4,0.0,0.46736015438105644,0.4733,CLE,CLE,1
20260519_CWS@SEA,2026-05-19,SEA,CWS,1,2,0.0,0.5676021173629207,0.5669,SEA,CWS,0
20260519_HOU@MIN,2026-05-19,MIN,HOU,1,2,0.0,0.4983283039451604,0.5,HOU,HOU,1
20260519_LAD@SD,2026-05-19,SD,LAD,4,5,0.0,0.5113049017906659,0.5022,SD,LAD,0
20260519_MIL@CHC,2026-05-19,CHC,MIL,2,5,0.0,0.5143118056200681,0.5057,CHC,MIL,0
20260519_NYM@WSH,2026-05-19,WSH,NYM,9,6,1.0,0.47024596418673986,0.4766,NYM,WSH,0
20260519_PIT@STL,2026-05-19,STL,PIT,9,6,1.0,0.5789126964935853,0.5799,STL,STL,1
20260519_SF@AZ,2026-05-19,AZ,SF,5,3,1.0,0.5515161241870689,0.5484,AZ,AZ,1
20260519_TEX@COL,2026-05-19,COL,TEX,0,10,0.0,0.4889173315201945,0.498,TEX,TEX,1
20260519_TOR@NYY,2026-05-19,NYY,TOR,5,4,1.0,0.5810781556380564,0.5823,NYY,NYY,1
20260518_ATH@LAA,2026-05-18,LAA,ATH,2,1,1.0,0.44132534805344087,0.4434,ATH,LAA,0
20260518_ATL@MIA,2026-05-18,MIA,ATL,12,0,1.0,0.4618200386725009,0.4669,ATL,MIA,0
20260518_BAL@TB,2026-05-18,TB,BAL,16,6,1.0,0.5796154888812944,0.5807,TB,TB,1
20260518_BOS@KC,2026-05-18,KC,BOS,1,3,0.0,0.5163601370640702,0.508,KC,BOS,0
20260518_CIN@PHI,2026-05-18,PHI,CIN,5,4,1.0,0.5964722171150756,0.6,PHI,PHI,1
20260518_CLE@DET,2026-05-18,DET,CLE,2,8,0.0,0.4819270135045634,0.49,CLE,CLE,1
20260518_CWS@SEA,2026-05-18,SEA,CWS,6,1,1.0,0.5620742110923683,0.5605,SEA,SEA,1
20260518_HOU@MIN,2026-05-18,MIN,HOU,6,3,1.0,0.5189117868384042,0.511,MIN,MIN,1
20260518_LAD@SD,2026-05-18,SD,LAD,1,0,1.0,0.5214654502570222,0.5139,SD,SD,1
20260518_MIL@CHC,2026-05-18,CHC,MIL,3,9,0.0,0.5766841716804075,0.5773,CHC,MIL,0
20260518_NYM@WSH,2026-05-18,WSH,NYM,7,16,0.0,0.49214916236776574,0.5,NYM,NYM,1
20260518_SF@AZ,2026-05-18,AZ,SF,12,2,1.0,0.5689898278063935,0.5685,AZ,AZ,1
20260518_TEX@COL,2026-05-18,COL,TEX,7,6,1.0,0.45239206202456467,0.4561,TEX,COL,0
20260518_TOR@NYY,2026-05-18,NYY,TOR,7,6,1.0,0.6050517625732719,0.6098,NYY,NYY,1
20260517_AZ@COL,2026-05-17,COL,AZ,6,8,0.0,0.4637911025608042,0.4692,AZ,AZ,1
20260517_BAL@WSH,2026-05-17,WSH,BAL,3,7,0.0,0.5044880536775463,0.5,WSH,BAL,0
20260517_BOS@ATL,2026-05-17,ATL,BOS,8,1,1.0,0.5892817243846585,0.5917,ATL,ATL,1
20260517_CHC@CWS,2026-05-17,CWS,CHC,9,8,1.0,0.4555669362453279,0.4597,CHC,CWS,0
20260517_CIN@CLE,2026-05-17,CLE,CIN,10,3,1.0,0.5843414426078992,0.5861,CLE,CLE,1
20260517_KC@STL,2026-05-17,STL,KC,0,2,0.0,0.5665305672248784,0.5657,STL,KC,0
20260517_LAD@LAA,2026-05-17,LAA,LAD,1,10,0.0,0.41968021936096916,0.4185,LAD,LAD,1
20260517_MIA@TB,2026-05-17,TB,MIA,6,3,1.0,0.5723728968908911,0.5724,TB,TB,1
20260517_MIL@MIN,2026-05-17,MIN,MIL,5,4,1.0,0.44458816555217223,0.4471,MIL,MIN,0
20260517_NYY@NYM,2026-05-17,NYM,NYY,7,6,1.0,0.4721444101218539,0.4788,NYY,NYM,0
20260517_PHI@PIT,2026-05-17,PIT,PHI,0,6,0.0,0.5343157218183009,0.5287,PIT,PHI,0
20260517_SD@SEA,2026-05-17,SEA,SD,3,8,0.0,0.5235584504476118,0.5163,SEA,SD,0
20260517_SF@ATH,2026-05-17,ATH,SF,1,10,0.0,0.5633333148288796,0.562,ATH,SF,0
20260517_TEX@HOU,2026-05-17,HOU,TEX,0,8,0.0,0.5400757082165042,0.5353,HOU,TEX,0
20260517_TOR@DET,2026-05-17,DET,TOR,1,4,0.0,0.5133080749375385,0.5045,DET,TOR,0
20260516_AZ@COL,2026-05-16,COL,AZ,4,2,1.0,0.4655106951774319,0.4711,AZ,COL,0
20260516_BAL@WSH,2026-05-16,WSH,BAL,13,3,1.0,0.5263117239095518,0.5195,WSH,WSH,1
20260516_BOS@ATL,2026-05-16,ATL,BOS,2,3,0.0,0.5755868142466859,0.576,ATL,BOS,0
20260516_CHC@CWS,2026-05-16,CWS,CHC,8,3,1.0,0.46848603889789847,0.4746,CHC,CWS,0
20260516_CIN@CLE,2026-05-16,CLE,CIN,7,4,1.0,0.5908121110378804,0.5935,CLE,CLE,1
20260516_KC@STL,2026-05-16,STL,KC,4,2,1.0,0.5638570523576552,0.5626,STL,STL,1
20260516_LAD@LAA,2026-05-16,LAA,LAD,2,15,0.0,0.44869263679735544,0.4518,LAD,LAD,1
20260516_MIA@TB,2026-05-16,TB,MIA,5,10,0.0,0.5860804494340424,0.5881,TB,MIA,0
20260516_MIL@MIN,2026-05-16,MIN,MIL,1,2,0.0,0.4464584415072599,0.4493,MIL,MIL,1
20260516_NYY@NYM,2026-05-16,NYM,NYY,6,3,1.0,0.46161141241930354,0.4667,NYY,NYM,0
20260516_PHI@PIT,2026-05-16,PIT,PHI,0,6,0.0,0.5038795462816347,0.5,PIT,PHI,0
20260516_SD@SEA,2026-05-16,SEA,SD,4,7,0.0,0.5422989113686115,0.5378,SEA,SD,0
20260516_SF@ATH,2026-05-16,ATH,SF,4,6,0.0,0.5521638497765747,0.5492,ATH,SF,0
20260516_TEX@HOU,2026-05-16,HOU,TEX,4,1,1.0,0.5016208283610749,0.5,HOU,HOU,1
20260516_TOR@DET,2026-05-16,DET,TOR,1,2,0.0,0.5257949323365511,0.5189,DET,TOR,0
20260515_AZ@COL,2026-05-15,COL,AZ,1,9,0.0,0.45699009455572387,0.4611,AZ,AZ,1
20260515_BAL@WSH,2026-05-15,WSH,BAL,3,2,1.0,0.4724533528596349,0.4787,BAL,WSH,0
20260515_BOS@ATL,2026-05-15,ATL,BOS,3,2,1.0,0.6049619461924736,0.6093,ATL,ATL,1
20260515_CHC@CWS,2026-05-15,CWS,CHC,5,10,0.0,0.45326398518146727,0.4569,CHC,CHC,1
20260515_CIN@CLE,2026-05-15,CLE,CIN,6,7,0.0,0.5786684530836528,0.5795,CLE,CIN,0
20260515_KC@STL,2026-05-15,STL,KC,5,4,1.0,0.5523433870031282,0.5495,STL,STL,1
20260515_LAD@LAA,2026-05-15,LAA,LAD,0,6,0.0,0.40319034895568817,0.4,LAD,LAD,1
20260515_MIA@TB,2026-05-15,TB,MIA,7,2,1.0,0.5704731304755777,0.5701,TB,TB,1
20260515_MIL@MIN,2026-05-15,MIN,MIL,2,3,0.0,0.45759717417443707,0.4618,MIL,MIL,1
20260515_NYY@NYM,2026-05-15,NYM,NYY,2,5,0.0,0.4469067676072917,0.4496,NYY,NYY,1
20260515_PHI@PIT,2026-05-15,PIT,PHI,9,11,0.0,0.5386763350776018,0.534,PIT,PHI,0
20260515_SD@SEA,2026-05-15,SEA,SD,0,2,0.0,0.54595646017406,0.5423,SEA,SD,0
20260515_SF@ATH,2026-05-15,ATH,SF,5,2,1.0,0.5251835005008969,0.5186,ATH,ATH,1
20260515_TEX@HOU,2026-05-15,HOU,TEX,2,0,1.0,0.5205580956119583,0.5134,HOU,HOU,1
20260515_TOR@DET,2026-05-15,DET,TOR,3,2,1.0,0.4981646829503716,0.5,TOR,DET,0
20260514_CHC@ATL,2026-05-14,ATL,CHC,0,2,0.0,0.5479266553598245,0.5445,ATL,CHC,0
20260514_COL@PIT,2026-05-14,PIT,COL,7,2,1.0,0.5655694550488505,0.5646,PIT,PIT,1
20260514_DET@NYM,2026-05-14,NYM,DET,9,4,1.0,0.5250700703886941,0.5185,NYM,NYM,1
20260514_KC@CWS,2026-05-14,CWS,KC,6,2,1.0,0.4758822557299827,0.4826,KC,CWS,0
20260514_MIA@MIN,2026-05-14,MIN,MIA,9,1,1.0,0.5017238598334481,0.5,MIN,MIN,1
20260514_PHI@BOS,2026-05-14,BOS,PHI,1,3,0.0,0.49486920952162283,0.5,PHI,PHI,1
20260514_SD@MIL,2026-05-14,MIL,SD,7,1,1.0,0.561001493633993,0.5594,MIL,MIL,1
20260514_SEA@HOU,2026-05-14,HOU,SEA,3,8,0.0,0.5072842816857202,0.5,HOU,SEA,0
20260514_SF@LAD,2026-05-14,LAD,SF,5,2,1.0,0.6116671103868665,0.6169,LAD,LAD,1
20260514_STL@ATH,2026-05-14,ATH,STL,4,5,0.0,0.4871435789659927,0.4954,STL,STL,1
20260514_WSH@CIN,2026-05-14,CIN,WSH,15,1,1.0,0.5335959992565665,0.5282,CIN,CIN,1
20260513_AZ@TEX,2026-05-13,TEX,AZ,6,5,1.0,0.5117150828447169,0.5033,TEX,TEX,1
20260513_CHC@ATL,2026-05-13,ATL,CHC,4,1,1.0,0.5072210764810021,0.5,ATL,ATL,1
20260513_COL@PIT,2026-05-13,PIT,COL,4,10,0.0,0.6009223677936726,0.6047,PIT,COL,0
20260513_DET@NYM,2026-05-13,NYM,DET,3,2,1.0,0.5631698074481993,0.5618,NYM,NYM,1
20260513_KC@CWS,2026-05-13,CWS,KC,6,5,1.0,0.4771920480873776,0.4841,KC,CWS,0
20260513_LAA@CLE,2026-05-13,CLE,LAA,4,2,1.0,0.6085995788646043,0.6134,CLE,CLE,1
20260513_MIA@MIN,2026-05-13,MIN,MIA,5,9,0.0,0.4829452686994599,0.4906,MIA,MIA,1
20260513_NYY@BAL,2026-05-13,BAL,NYY,7,0,1.0,0.4475394893699885,0.4503,NYY,BAL,0
20260513_PHI@BOS,2026-05-13,BOS,PHI,3,1,1.0,0.5024636879505331,0.5,BOS,BOS,1
20260513_SD@MIL,2026-05-13,MIL,SD,1,3,0.0,0.5740818762998576,0.5742,MIL,SD,0
20260513_SEA@HOU,2026-05-13,HOU,SEA,4,3,1.0,0.49554112100247705,0.5,SEA,HOU,0
20260513_SF@LAD,2026-05-13,LAD,SF,4,0,1.0,0.6290023953341548,0.6364,LAD,LAD,1
20260513_STL@ATH,2026-05-13,ATH,STL,6,2,1.0,0.4637799374720746,0.4688,STL,ATH,0
20260513_TB@TOR,2026-05-13,TOR,TB,5,3,1.0,0.5438793572471062,0.5399,TOR,TOR,1
20260513_WSH@CIN,2026-05-13,CIN,WSH,7,8,0.0,0.49553629384738,0.5,WSH,WSH,1
20260512_AZ@TEX,2026-05-12,TEX,AZ,7,4,1.0,0.5298888031525134,0.524,TEX,TEX,1
20260512_CHC@ATL,2026-05-12,ATL,CHC,5,2,1.0,0.4912400667555172,0.5,CHC,ATL,0
20260512_COL@PIT,2026-05-12,PIT,COL,3,1,1.0,0.6156158744541251,0.6213,PIT,PIT,1
20260512_DET@NYM,2026-05-12,NYM,DET,10,2,1.0,0.50761843081892,0.5,NYM,NYM,1
20260512_KC@CWS,2026-05-12,CWS,KC,6,5,1.0,0.4882007375713603,0.4966,KC,CWS,0
20260512_LAA@CLE,2026-05-12,CLE,LAA,3,2,1.0,0.5517196802754184,0.5488,CLE,CLE,1
20260512_MIA@MIN,2026-05-12,MIN,MIA,3,0,1.0,0.4999360982345372,0.5,MIA,MIN,0
20260512_NYY@BAL,2026-05-12,BAL,NYY,2,6,0.0,0.42843204473941704,0.4286,NYY,NYY,1
20260512_PHI@BOS,2026-05-12,BOS,PHI,1,2,0.0,0.4938538024357935,0.5,PHI,PHI,1
20260512_SD@MIL,2026-05-12,MIL,SD,6,4,1.0,0.5581995725801318,0.5562,MIL,MIL,1
20260512_SEA@HOU,2026-05-12,HOU,SEA,2,10,0.0,0.49464435718409167,0.5,SEA,SEA,1
20260512_SF@LAD,2026-05-12,LAD,SF,2,6,0.0,0.6616911191524159,0.6731,LAD,SF,0
20260512_STL@ATH,2026-05-12,ATH,STL,4,6,0.0,0.4906557618946447,0.4994,STL,STL,1
20260512_TB@TOR,2026-05-12,TOR,TB,6,7,0.0,0.503158618638194,0.5,TOR,TB,0
20260512_WSH@CIN,2026-05-12,CIN,WSH,4,10,0.0,0.5019004325547112,0.5,CIN,WSH,0
20260511_AZ@TEX,2026-05-11,TEX,AZ,0,1,0.0,0.5192672563096383,0.5119,TEX,AZ,0
20260511_LAA@CLE,2026-05-11,CLE,LAA,7,2,1.0,0.6014617500698123,0.6053,CLE,CLE,1
20260511_NYY@BAL,2026-05-11,BAL,NYY,3,2,1.0,0.39849017231566497,0.3946,NYY,BAL,0
20260511_SEA@HOU,2026-05-11,HOU,SEA,1,3,0.0,0.50764703168467,0.5,HOU,SEA,0
20260511_SF@LAD,2026-05-11,LAD,SF,3,9,0.0,0.6542694200513326,0.6648,LAD,SF,0
20260511_TB@TOR,2026-05-11,TOR,TB,5,8,0.0,0.5262245869775133,0.5198,TOR,TB,0
20260510_ATH@BAL,2026-05-10,BAL,ATH,2,1,1.0,0.4692243157618413,0.475,ATH,BAL,0
20260510_ATL@LAD,2026-05-10,LAD,ATL,2,7,0.0,0.5292645357001421,0.5233,LAD,ATL,0
20260510_CHC@TEX,2026-05-10,TEX,CHC,3,0,1.0,0.49661044740886195,0.5,CHC,TEX,0
20260510_COL@PHI,2026-05-10,PHI,COL,6,0,1.0,0.6052635639820068,0.6096,PHI,PHI,1
20260510_DET@KC,2026-05-10,KC,DET,3,6,0.0,0.53533046057748,0.5302,KC,DET,0
20260510_HOU@CIN,2026-05-10,CIN,HOU,5,0,1.0,0.5243868242320027,0.5177,CIN,CIN,1
20260510_LAA@TOR,2026-05-10,TOR,LAA,1,6,0.0,0.5487127775221748,0.5454,TOR,LAA,0
20260510_MIN@CLE,2026-05-10,CLE,MIN,4,5,0.0,0.6007393442125979,0.6045,CLE,MIN,0
20260510_NYM@AZ,2026-05-10,AZ,NYM,5,1,1.0,0.5494875257426571,0.5463,AZ,AZ,1
20260510_NYY@MIL,2026-05-10,MIL,NYY,4,3,1.0,0.495337158998058,0.5,NYY,MIL,0
20260510_PIT@SF,2026-05-10,SF,PIT,7,6,1.0,0.4999717477702963,0.5,PIT,SF,0
20260510_SEA@CWS,2026-05-10,CWS,SEA,2,1,1.0,0.494918809512287,0.5,SEA,CWS,0
20260510_STL@SD,2026-05-10,SD,STL,3,2,1.0,0.5457621673026549,0.542,SD,SD,1
20260510_TB@BOS,2026-05-10,BOS,TB,1,4,0.0,0.513660665717157,0.5055,BOS,TB,0
20260510_WSH@MIA,2026-05-10,MIA,WSH,5,2,1.0,0.4989345843005883,0.5,WSH,MIA,0
20260509_ATH@BAL,2026-05-09,BAL,ATH,2,6,0.0,0.49332617390666955,0.5,ATH,ATH,1
20260509_ATL@LAD,2026-05-09,LAD,ATL,2,7,0.0,0.5432386273249508,0.5392,LAD,ATL,0
20260509_CHC@TEX,2026-05-09,TEX,CHC,6,0,1.0,0.4770692773771899,0.4839,CHC,TEX,0
20260509_COL@PHI,2026-05-09,PHI,COL,9,3,1.0,0.5742442070119568,0.5744,PHI,PHI,1
20260509_DET@KC,2026-05-09,KC,DET,5,1,1.0,0.5024168706183634,0.5,KC,KC,1
20260509_HOU@CIN,2026-05-09,CIN,HOU,3,1,1.0,0.5055241324945259,0.5,CIN,CIN,1
20260509_LAA@TOR,2026-05-09,TOR,LAA,14,1,1.0,0.5922558483548851,0.5949,TOR,TOR,1
20260509_MIN@CLE,2026-05-09,CLE,MIN,1,2,0.0,0.6063934598126609,0.6109,CLE,MIN,0
20260509_NYM@AZ,2026-05-09,AZ,NYM,2,1,1.0,0.5479669583619595,0.5445,AZ,AZ,1
20260509_NYY@MIL,2026-05-09,MIL,NYY,4,3,1.0,0.4957523509470765,0.5,NYY,MIL,0
20260509_PIT@SF,2026-05-09,SF,PIT,3,13,0.0,0.501665637089399,0.5,SF,PIT,0
20260509_SEA@CWS,2026-05-09,CWS,SEA,6,1,1.0,0.49882550545035886,0.5,SEA,CWS,0
20260509_STL@SD,2026-05-09,SD,STL,4,2,1.0,0.5434033950499536,0.5394,SD,SD,1
20260509_WSH@MIA,2026-05-09,MIA,WSH,8,7,1.0,0.4789885345228969,0.4861,WSH,MIA,0
20260508_ATH@BAL,2026-05-08,BAL,ATH,3,4,0.0,0.5105983194258192,0.5017,BAL,ATH,0
20260508_ATL@LAD,2026-05-08,LAD,ATL,3,1,1.0,0.526032842862331,0.519,LAD,LAD,1
20260508_CHC@TEX,2026-05-08,TEX,CHC,1,7,0.0,0.4680433751403648,0.4744,CHC,CHC,1
20260508_COL@PHI,2026-05-08,PHI,COL,7,9,0.0,0.5812882783156498,0.5807,PHI,COL,0
20260508_DET@KC,2026-05-08,KC,DET,4,3,1.0,0.5352221124942259,0.5292,KC,KC,1
20260508_HOU@CIN,2026-05-08,CIN,HOU,0,10,0.0,0.5365202367784784,0.5307,CIN,HOU,0
20260508_LAA@TOR,2026-05-08,TOR,LAA,2,0,1.0,0.596173041930127,0.5973,TOR,TOR,1
20260508_MIN@CLE,2026-05-08,CLE,MIN,6,4,1.0,0.6206925796248266,0.6245,CLE,CLE,1
20260508_NYM@AZ,2026-05-08,AZ,NYM,1,3,0.0,0.515675766148841,0.5074,AZ,NYM,0
20260508_NYY@MIL,2026-05-08,MIL,NYY,6,0,1.0,0.5065442792092083,0.5,MIL,MIL,1
20260508_PIT@SF,2026-05-08,SF,PIT,5,2,1.0,0.49209664761199445,0.5,PIT,SF,0
20260508_SEA@CWS,2026-05-08,CWS,SEA,8,12,0.0,0.5010410462151759,0.5,CWS,SEA,0
20260508_STL@SD,2026-05-08,SD,STL,0,6,0.0,0.550734101511129,0.5465,SD,STL,0
20260508_TB@BOS,2026-05-08,BOS,TB,2,0,1.0,0.5162877082587883,0.5081,BOS,BOS,1
20260508_WSH@MIA,2026-05-08,MIA,WSH,2,3,0.0,0.46965389925837053,0.4762,WSH,WSH,1
20260507_ATH@PHI,2026-05-07,PHI,ATH,1,12,0.0,0.5561310188696921,0.5526,PHI,ATH,0
20260507_BAL@MIA,2026-05-07,MIA,BAL,4,3,1.0,0.5101192116344321,0.5012,MIA,MIA,1
20260507_CIN@CHC,2026-05-07,CHC,CIN,8,3,1.0,0.6045647842477322,0.6066,CHC,CHC,1
20260507_CLE@KC,2026-05-07,KC,CLE,5,8,0.0,0.5463364791417143,0.5416,KC,CLE,0
20260507_MIN@WSH,2026-05-07,WSH,MIN,7,5,1.0,0.5508574335215606,0.5467,WSH,WSH,1
20260507_NYM@COL,2026-05-07,COL,NYM,6,2,1.0,0.4447489879788944,0.4484,NYM,COL,0
20260507_PIT@AZ,2026-05-07,AZ,PIT,2,4,0.0,0.5272443123192616,0.5203,AZ,PIT,0
20260507_STL@SD,2026-05-07,SD,STL,1,2,0.0,0.5601649917295884,0.5571,SD,STL,0
20260507_TB@BOS,2026-05-07,BOS,TB,4,8,0.0,0.5041355760904402,0.5,BOS,TB,0
20260507_TEX@NYY,2026-05-07,NYY,TEX,9,2,1.0,0.5850570981965917,0.5849,NYY,NYY,1
20260506_ATH@PHI,2026-05-06,PHI,ATH,6,3,1.0,0.5594604973426933,0.5563,PHI,PHI,1
20260506_ATL@SEA,2026-05-06,SEA,ATL,3,1,1.0,0.4957017810530805,0.5,ATL,SEA,0
20260506_BAL@MIA,2026-05-06,MIA,BAL,4,7,0.0,0.5269752402406497,0.52,MIA,BAL,0
20260506_BOS@DET,2026-05-06,DET,BOS,0,4,0.0,0.5533128347294327,0.5494,DET,BOS,0
20260506_CIN@CHC,2026-05-06,CHC,CIN,7,6,1.0,0.6083660717530177,0.6108,CHC,CHC,1
20260506_CLE@KC,2026-05-06,KC,CLE,1,3,0.0,0.5313635219948982,0.5249,KC,CLE,0
20260506_CWS@LAA,2026-05-06,LAA,CWS,8,2,1.0,0.4882828691196002,0.497,CWS,LAA,0
20260506_LAD@HOU,2026-05-06,HOU,LAD,2,12,0.0,0.4884781246026132,0.4972,LAD,LAD,1
20260506_MIL@STL,2026-05-06,STL,MIL,2,6,0.0,0.4998621369687693,0.5,MIL,MIL,1
20260506_MIN@WSH,2026-05-06,WSH,MIN,15,2,1.0,0.5363988148437704,0.5305,WSH,WSH,1
20260506_NYM@COL,2026-05-06,COL,NYM,5,10,0.0,0.452807307055637,0.4574,NYM,NYM,1
20260506_PIT@AZ,2026-05-06,AZ,PIT,0,1,0.0,0.49557867068803413,0.5,PIT,PIT,1
20260506_SD@SF,2026-05-06,SF,SD,1,5,0.0,0.4840448422441662,0.4923,SD,SD,1
20260506_TEX@NYY,2026-05-06,NYY,TEX,1,6,0.0,0.600968835656415,0.6026,NYY,TEX,0
20260506_TOR@TB,2026-05-06,TB,TOR,3,0,1.0,0.5806692255326156,0.58,TB,TB,1
20260505_ATH@PHI,2026-05-05,PHI,ATH,9,1,1.0,0.5509742658461506,0.5468,PHI,PHI,1
20260505_ATL@SEA,2026-05-05,SEA,ATL,2,3,0.0,0.4941875388359687,0.5,ATL,ATL,1
20260505_BAL@MIA,2026-05-05,MIA,BAL,7,9,0.0,0.5123244424019863,0.5037,MIA,BAL,0
20260505_BOS@DET,2026-05-05,DET,BOS,3,10,0.0,0.5605067778462381,0.5575,DET,BOS,0
20260505_CIN@CHC,2026-05-05,CHC,CIN,3,2,1.0,0.619654493902637,0.6234,CHC,CHC,1
20260505_CLE@KC,2026-05-05,KC,CLE,5,3,1.0,0.5113727847194418,0.5026,KC,KC,1
20260505_CWS@LAA,2026-05-05,LAA,CWS,4,3,1.0,0.4633759986064443,0.4692,CWS,LAA,0
20260505_LAD@HOU,2026-05-05,HOU,LAD,2,1,1.0,0.4789184242067929,0.4866,LAD,HOU,0
20260505_MIN@WSH,2026-05-05,WSH,MIN,3,11,0.0,0.5259343935559401,0.5189,WSH,MIN,0
20260505_PIT@AZ,2026-05-05,AZ,PIT,9,0,1.0,0.5093178830892108,0.5003,AZ,AZ,1
20260505_SD@SF,2026-05-05,SF,SD,5,10,0.0,0.4964656579514142,0.5,SD,SD,1
20260505_TEX@NYY,2026-05-05,NYY,TEX,7,4,1.0,0.5910215728226741,0.5915,NYY,NYY,1
20260505_TOR@TB,2026-05-05,TB,TOR,4,3,1.0,0.557657922041333,0.5543,TB,TB,1
20260504_ATL@SEA,2026-05-04,SEA,ATL,5,4,1.0,0.5007462140456911,0.5,SEA,SEA,1
20260504_BAL@NYY,2026-05-04,NYY,BAL,12,1,1.0,0.626209870559903,0.6307,NYY,NYY,1
20260504_BOS@DET,2026-05-04,DET,BOS,4,5,0.0,0.5286282393629252,0.5219,DET,BOS,0
20260504_CIN@CHC,2026-05-04,CHC,CIN,5,4,1.0,0.5983714852916424,0.5997,CHC,CHC,1
20260504_CLE@KC,2026-05-04,KC,CLE,6,2,1.0,0.5019635727613917,0.5,KC,KC,1
20260504_CWS@LAA,2026-05-04,LAA,CWS,0,6,0.0,0.47012303427919566,0.4767,CWS,CWS,1
20260504_LAD@HOU,2026-05-04,HOU,LAD,3,8,0.0,0.47115367370753114,0.4779,LAD,LAD,1
20260504_MIL@STL,2026-05-04,STL,MIL,6,3,1.0,0.5239719725258711,0.5167,STL,STL,1
20260504_NYM@COL,2026-05-04,COL,NYM,2,4,0.0,0.46931955608135545,0.4758,NYM,NYM,1
20260504_PHI@MIA,2026-05-04,MIA,PHI,0,1,0.0,0.5097743196454444,0.5008,MIA,PHI,0
20260504_SD@SF,2026-05-04,SF,SD,3,2,1.0,0.4809917241687014,0.4889,SD,SF,0
20260504_TOR@TB,2026-05-04,TB,TOR,5,1,1.0,0.547398287456241,0.5428,TB,TB,1
20260503_ATL@COL,2026-05-03,COL,ATL,6,11,0.0,0.4022704939605195,0.401,ATL,ATL,1
20260503_AZ@CHC,2026-05-03,CHC,AZ,8,4,1.0,0.6081414812241778,0.6106,CHC,CHC,1
20260503_BAL@NYY,2026-05-03,NYY,BAL,11,3,1.0,0.5933156932438224,0.5941,NYY,NYY,1
20260503_CIN@PIT,2026-05-03,PIT,CIN,1,0,1.0,0.5764798803618116,0.5753,PIT,PIT,1
20260503_CLE@ATH,2026-05-03,ATH,CLE,7,1,1.0,0.45495990716530504,0.4598,CLE,ATH,0
20260503_CWS@SD,2026-05-03,SD,CWS,4,3,1.0,0.5716012080335328,0.5699,SD,SD,1
20260503_HOU@BOS,2026-05-03,BOS,HOU,1,3,0.0,0.5332347258547832,0.527,BOS,HOU,0
20260503_KC@SEA,2026-05-03,SEA,KC,1,4,0.0,0.5556021517110856,0.552,SEA,KC,0
20260503_LAD@STL,2026-05-03,STL,LAD,1,4,0.0,0.5184262268805573,0.5105,STL,LAD,0
20260503_MIL@WSH,2026-05-03,WSH,MIL,3,2,1.0,0.4698868781697545,0.4765,MIL,WSH,0
20260503_NYM@LAA,2026-05-03,LAA,NYM,1,5,0.0,0.4752881462123598,0.4825,NYM,NYM,1
20260503_PHI@MIA,2026-05-03,MIA,PHI,2,7,0.0,0.4970646498996835,0.5,PHI,PHI,1
20260503_SF@TB,2026-05-03,TB,SF,2,1,1.0,0.562803197122986,0.56,TB,TB,1
20260503_TEX@DET,2026-05-03,DET,TEX,7,1,1.0,0.5349329956997041,0.5289,DET,DET,1
20260503_TOR@MIN,2026-05-03,MIN,TOR,4,3,1.0,0.5099573606941166,0.501,MIN,MIN,1
20260502_ATL@COL,2026-05-02,COL,ATL,1,9,0.0,0.3547266792937342,0.3482,ATL,ATL,1
20260502_AZ@CHC,2026-05-02,CHC,AZ,2,0,1.0,0.5887704910443069,0.589,CHC,CHC,1
20260502_BAL@NYY,2026-05-02,NYY,BAL,9,4,1.0,0.5852037519077338,0.585,NYY,NYY,1
20260502_CIN@PIT,2026-05-02,PIT,CIN,17,7,1.0,0.5499759592498249,0.5457,PIT,PIT,1
20260502_CLE@ATH,2026-05-02,ATH,CLE,6,14,0.0,0.5050898603964268,0.5,ATH,CLE,0
20260502_CWS@SD,2026-05-02,SD,CWS,0,4,0.0,0.5989148359588673,0.6003,SD,CWS,0
20260502_HOU@BOS,2026-05-02,BOS,HOU,3,6,0.0,0.5467853673307279,0.5421,BOS,HOU,0
20260502_KC@SEA,2026-05-02,SEA,KC,2,3,0.0,0.5779155232073772,0.5769,SEA,KC,0
20260502_LAD@STL,2026-05-02,STL,LAD,3,2,1.0,0.4901137495400712,0.4991,LAD,STL,0
20260502_MIL@WSH,2026-05-02,WSH,MIL,1,4,0.0,0.4814318829685648,0.4894,MIL,MIL,1
20260502_NYM@LAA,2026-05-02,LAA,NYM,4,3,1.0,0.47328257275453434,0.4803,NYM,LAA,0
20260502_PHI@MIA,2026-05-02,MIA,PHI,4,0,1.0,0.5389415310313594,0.5334,MIA,MIA,1
20260502_SF@TB,2026-05-02,TB,SF,5,1,1.0,0.5380499167433399,0.5324,TB,TB,1
20260502_TEX@DET,2026-05-02,DET,TEX,5,1,1.0,0.56192506045578,0.559,DET,DET,1
20260502_TOR@MIN,2026-05-02,MIN,TOR,4,11,0.0,0.47444363418456137,0.4816,TOR,TOR,1
20260501_ATL@COL,2026-05-01,COL,ATL,6,8,0.0,0.3628268184806642,0.356,ATL,ATL,1
20260501_AZ@CHC,2026-05-01,CHC,AZ,6,5,1.0,0.5669057732067959,0.5656,CHC,CHC,1
20260501_BAL@NYY,2026-05-01,NYY,BAL,7,2,1.0,0.5715062945741565,0.5708,NYY,NYY,1
20260501_CIN@PIT,2026-05-01,PIT,CIN,9,1,1.0,0.5261165370636152,0.52,PIT,PIT,1
20260501_CLE@ATH,2026-05-01,ATH,CLE,5,8,0.0,0.48902115471878965,0.497,CLE,CLE,1
20260501_CWS@SD,2026-05-01,SD,CWS,2,8,0.0,0.5733565963526044,0.5728,SD,CWS,0
20260501_HOU@BOS,2026-05-01,BOS,HOU,3,1,1.0,0.5291321348256158,0.5233,BOS,BOS,1
20260501_KC@SEA,2026-05-01,SEA,KC,6,7,0.0,0.5772501451499141,0.5772,SEA,KC,0
20260501_LAD@STL,2026-05-01,STL,LAD,7,2,1.0,0.48445800269297357,0.4919,LAD,STL,0
20260501_MIL@WSH,2026-05-01,WSH,MIL,1,6,0.0,0.46100674908675415,0.4656,MIL,MIL,1
20260501_NYM@LAA,2026-05-01,LAA,NYM,3,4,0.0,0.5092803032491627,0.5011,LAA,NYM,0
20260501_PHI@MIA,2026-05-01,MIA,PHI,5,6,0.0,0.5301118689275328,0.5244,MIA,PHI,0
20260501_SF@TB,2026-05-01,TB,SF,3,0,1.0,0.5536352139372669,0.5508,TB,TB,1
20260501_TEX@DET,2026-05-01,DET,TEX,4,5,0.0,0.562691106640498,0.5609,DET,TEX,0
20260501_TOR@MIN,2026-05-01,MIN,TOR,3,7,0.0,0.4883036073083459,0.4962,TOR,TOR,1
20260430_AZ@MIL,2026-04-30,MIL,AZ,13,1,1.0,0.49565040964070806,0.5,AZ,MIL,0
20260430_COL@CIN,2026-04-30,CIN,COL,6,4,1.0,0.5886960409812965,0.59,CIN,CIN,1
20260430_DET@ATL,2026-04-30,ATL,DET,2,5,0.0,0.5825376686798659,0.5831,ATL,DET,0
20260430_HOU@BAL,2026-04-30,BAL,HOU,10,3,1.0,0.5032967153624053,0.5,BAL,BAL,1
20260430_HOU@BAL_2,2026-04-30,BAL,HOU,5,11,0.0,0.5193718986933463,0.5124,BAL,HOU,0
20260430_KC@ATH,2026-04-30,ATH,KC,6,3,1.0,0.5607915975222562,0.5588,ATH,ATH,1
20260430_SF@PHI,2026-04-30,PHI,SF,6,5,1.0,0.5572785488001465,0.5549,PHI,PHI,1
20260430_SF@PHI_2,2026-04-30,PHI,SF,3,2,1.0,0.5861970652259794,0.5872,PHI,PHI,1
20260430_STL@PIT,2026-04-30,PIT,STL,5,10,0.0,0.5381841958422973,0.5335,PIT,STL,0
20260430_TOR@MIN,2026-04-30,MIN,TOR,7,1,1.0,0.48065060200476406,0.4876,TOR,MIN,0
20260430_WSH@NYM,2026-04-30,NYM,WSH,4,5,0.0,0.5551528436119307,0.5525,NYM,WSH,0
20260429_AZ@MIL,2026-04-29,MIL,AZ,2,6,0.0,0.5206831398147305,0.5139,MIL,AZ,0
20260429_BOS@TOR,2026-04-29,TOR,BOS,8,1,1.0,0.5580795603421482,0.5557,TOR,TOR,1
20260429_CHC@SD,2026-04-29,SD,CHC,4,5,0.0,0.5376332367862957,0.5329,SD,CHC,0
20260429_COL@CIN,2026-04-29,CIN,COL,2,13,0.0,0.6004776588373181,0.6032,CIN,COL,0
20260429_DET@ATL,2026-04-29,ATL,DET,4,3,1.0,0.5618189462751991,0.5599,ATL,ATL,1
20260429_KC@ATH,2026-04-29,ATH,KC,5,2,1.0,0.5452116216309303,0.5413,ATH,ATH,1
20260429_LAA@CWS,2026-04-29,CWS,LAA,3,2,1.0,0.5352183086225477,0.5301,CWS,CWS,1
20260429_MIA@LAD,2026-04-29,LAD,MIA,2,3,0.0,0.5956731072902072,0.5978,LAD,MIA,0
20260429_NYY@TEX,2026-04-29,TEX,NYY,3,0,1.0,0.4985821904399663,0.5,NYY,TEX,0
20260429_SEA@MIN,2026-04-29,MIN,SEA,3,5,0.0,0.5226587460196581,0.5161,MIN,SEA,0
20260429_STL@PIT,2026-04-29,PIT,STL,4,5,0.0,0.5449128921219205,0.541,PIT,STL,0
20260429_TB@CLE,2026-04-29,CLE,TB,3,1,1.0,0.529416132570986,0.5236,CLE,CLE,1
20260429_WSH@NYM,2026-04-29,NYM,WSH,2,14,0.0,0.5115604105385277,0.5037,NYM,WSH,0
20260428_AZ@MIL,2026-04-28,MIL,AZ,13,2,1.0,0.5320181842440872,0.5266,MIL,MIL,1
20260428_BOS@TOR,2026-04-28,TOR,BOS,3,0,1.0,0.5114984330104506,0.5036,TOR,TOR,1
20260428_CHC@SD,2026-04-28,SD,CHC,3,8,0.0,0.5582168915200093,0.5559,SD,CHC,0
20260428_COL@CIN,2026-04-28,CIN,COL,7,2,1.0,0.5785157600643351,0.5786,CIN,CIN,1
20260428_DET@ATL,2026-04-28,ATL,DET,5,2,1.0,0.5362669502038195,0.5313,ATL,ATL,1
20260428_HOU@BAL,2026-04-28,BAL,HOU,5,3,1.0,0.522129411590747,0.5155,BAL,BAL,1
20260428_KC@ATH,2026-04-28,ATH,KC,1,4,0.0,0.5270610895612379,0.521,ATH,KC,0
20260428_LAA@CWS,2026-04-28,CWS,LAA,5,2,1.0,0.4860822295665493,0.4937,LAA,CWS,0
20260428_MIA@LAD,2026-04-28,LAD,MIA,1,2,0.0,0.6248360455047213,0.6303,LAD,MIA,0
20260428_NYY@TEX,2026-04-28,TEX,NYY,2,3,0.0,0.48158734148044197,0.4887,NYY,NYY,1
20260428_SEA@MIN,2026-04-28,MIN,SEA,1,7,0.0,0.5217988251178185,0.5151,MIN,SEA,0
20260428_SF@PHI,2026-04-28,PHI,SF,7,0,1.0,0.5613772064939689,0.5594,PHI,PHI,1
20260428_STL@PIT,2026-04-28,PIT,STL,7,11,0.0,0.575369357510431,0.5751,PIT,STL,0
20260428_TB@CLE,2026-04-28,CLE,TB,0,1,0.0,0.5546849615599209,0.5519,CLE,TB,0
20260428_WSH@NYM,2026-04-28,NYM,WSH,8,0,1.0,0.5291786294238354,0.5234,NYM,NYM,1
20260427_BOS@TOR,2026-04-27,TOR,BOS,0,5,0.0,0.5672822883252052,0.5661,TOR,BOS,0
20260427_CHC@SD,2026-04-27,SD,CHC,9,7,1.0,0.5275651937330915,0.5216,SD,SD,1
20260427_LAA@CWS,2026-04-27,CWS,LAA,8,7,1.0,0.49841775972685964,0.5,LAA,CWS,0
20260427_MIA@LAD,2026-04-27,LAD,MIA,5,4,1.0,0.6131991596340624,0.6173,LAD,LAD,1
20260427_NYY@TEX,2026-04-27,TEX,NYY,2,4,0.0,0.4871075786956883,0.4948,NYY,NYY,1
20260427_SEA@MIN,2026-04-27,MIN,SEA,11,4,1.0,0.557705986879771,0.5553,MIN,MIN,1
20260427_STL@PIT,2026-04-27,PIT,STL,2,4,0.0,0.5656170640182014,0.5642,PIT,STL,0
20260427_TB@CLE,2026-04-27,CLE,TB,2,3,0.0,0.5747394395267094,0.5744,CLE,TB,0
20260426_ATH@TEX,2026-04-26,TEX,ATH,1,2,0.0,0.53519223601409,0.5301,TEX,ATH,0
20260426_BOS@BAL,2026-04-26,BAL,BOS,3,5,0.0,0.527837298369038,0.5219,BAL,BOS,0
20260426_CHC@LAD,2026-04-26,LAD,CHC,6,0,1.0,0.5222668140288006,0.5156,LAD,LAD,1
20260426_CLE@TOR,2026-04-26,TOR,CLE,4,2,1.0,0.5377345294674218,0.533,TOR,TOR,1
20260426_COL@NYM,2026-04-26,NYM,COL,1,3,0.0,0.6113163263908806,0.6152,NYM,COL,0
20260426_COL@NYM_2,2026-04-26,NYM,COL,0,3,0.0,0.5531539691910077,0.5502,NYM,COL,0
20260426_DET@CIN,2026-04-26,CIN,DET,3,8,0.0,0.5540661587537886,0.5513,CIN,DET,0
20260426_LAA@KC,2026-04-26,KC,LAA,11,9,1.0,0.5375903515275903,0.5328,KC,KC,1
20260426_MIA@SF,2026-04-26,SF,MIA,6,3,1.0,0.5357875560956661,0.5308,SF,SF,1
20260426_MIN@TB,2026-04-26,TB,MIN,4,2,1.0,0.5653933550013523,0.5639,TB,TB,1
20260426_NYY@HOU,2026-04-26,HOU,NYY,7,4,1.0,0.48932355494943824,0.4973,NYY,HOU,0
20260426_PHI@ATL,2026-04-26,ATL,PHI,6,2,1.0,0.6062835073945491,0.6096,ATL,ATL,1
20260426_PIT@MIL,2026-04-26,MIL,PIT,5,0,1.0,0.5438847127705518,0.5399,MIL,MIL,1
20260426_SD@AZ,2026-04-26,AZ,SD,12,7,1.0,0.48917487611109134,0.4972,SD,AZ,0
20260426_SEA@STL,2026-04-26,STL,SEA,2,3,0.0,0.5241436219628511,0.5177,STL,SEA,0
20260426_WSH@CWS,2026-04-26,CWS,WSH,1,2,0.0,0.5175469038308166,0.5104,CWS,WSH,0
20260425_ATH@TEX,2026-04-25,TEX,ATH,4,3,1.0,0.5356371256482455,0.5306,TEX,TEX,1
20260425_BOS@BAL,2026-04-25,BAL,BOS,1,17,0.0,0.5465081125014096,0.5428,BAL,BOS,0
20260425_CHC@LAD,2026-04-25,LAD,CHC,12,4,1.0,0.5518256326662309,0.5487,LAD,LAD,1
20260425_CLE@TOR,2026-04-25,TOR,CLE,5,3,1.0,0.5145834924631648,0.507,TOR,TOR,1
20260425_DET@CIN,2026-04-25,CIN,DET,9,2,1.0,0.5233978077888022,0.5169,CIN,CIN,1
20260425_LAA@KC,2026-04-25,KC,LAA,12,1,1.0,0.49655489205268705,0.5,LAA,KC,0
20260425_MIA@SF,2026-04-25,SF,MIA,6,2,1.0,0.5350490752506258,0.53,SF,SF,1
20260425_MIN@TB,2026-04-25,TB,MIN,6,1,1.0,0.5448049134580969,0.5409,TB,TB,1
20260425_NYY@HOU,2026-04-25,HOU,NYY,3,8,0.0,0.45653718112637426,0.4606,NYY,NYY,1
20260425_PHI@ATL,2026-04-25,ATL,PHI,5,8,0.0,0.6126851086306645,0.6168,ATL,PHI,0
20260425_PIT@MIL,2026-04-25,MIL,PIT,3,6,0.0,0.5804946254464467,0.5808,MIL,PIT,0
20260425_SD@AZ,2026-04-25,AZ,SD,4,6,0.0,0.5279444485995843,0.522,AZ,SD,0
20260425_SEA@STL,2026-04-25,STL,SEA,9,11,0.0,0.5447422926189875,0.5408,STL,SEA,0
20260425_WSH@CWS,2026-04-25,CWS,WSH,3,6,0.0,0.5115268978147389,0.5036,CWS,WSH,0
20260424_ATH@TEX,2026-04-24,TEX,ATH,1,8,0.0,0.5677097515148976,0.5667,TEX,ATH,0
20260424_BOS@BAL,2026-04-24,BAL,BOS,10,3,1.0,0.5160160311754672,0.5072,BAL,BAL,1
20260424_CHC@LAD,2026-04-24,LAD,CHC,4,6,0.0,0.5707012767592816,0.5702,LAD,CHC,0
20260424_CLE@TOR,2026-04-24,TOR,CLE,6,8,0.0,0.47883215708650817,0.4869,CLE,CLE,1
20260424_COL@NYM,2026-04-24,NYM,COL,3,4,0.0,0.6109674510981863,0.6164,NYM,COL,0
20260424_DET@CIN,2026-04-24,CIN,DET,9,8,1.0,0.5282549397556268,0.5213,CIN,CIN,1
20260424_LAA@KC,2026-04-24,KC,LAA,6,3,1.0,0.5057460872455439,0.5,KC,KC,1
20260424_MIA@SF,2026-04-24,SF,MIA,4,9,0.0,0.5332874937536762,0.5271,SF,MIA,0
20260424_MIN@TB,2026-04-24,TB,MIN,6,2,1.0,0.5219248534034933,0.514,TB,TB,1
20260424_NYY@HOU,2026-04-24,HOU,NYY,4,12,0.0,0.4936067960604537,0.5,NYY,NYY,1
20260424_PHI@ATL,2026-04-24,ATL,PHI,5,3,1.0,0.5678945241023354,0.5669,ATL,ATL,1
20260424_PIT@MIL,2026-04-24,MIL,PIT,0,6,0.0,0.5360639097093463,0.5303,MIL,PIT,0
20260424_SEA@STL,2026-04-24,STL,SEA,2,3,0.0,0.5404851292604391,0.5354,STL,SEA,0
20260424_WSH@CWS,2026-04-24,CWS,WSH,5,4,1.0,0.5131826310729697,0.504,CWS,CWS,1
20260423_ATL@WSH,2026-04-23,WSH,ATL,2,7,0.0,0.44646373434111836,0.4496,ATL,ATL,1
20260423_CWS@AZ,2026-04-23,AZ,CWS,1,4,0.0,0.6232998750167471,0.6305,AZ,CWS,0
20260423_LAD@SF,2026-04-23,SF,LAD,0,3,0.0,0.4539390065221201,0.4582,LAD,LAD,1
20260423_MIL@DET,2026-04-23,DET,MIL,5,4,1.0,0.5511801727107775,0.5477,DET,DET,1
20260423_MIN@NYM,2026-04-23,NYM,MIN,10,8,1.0,0.5298792712092277,0.5232,NYM,NYM,1
20260423_NYY@BOS,2026-04-23,BOS,NYY,2,4,0.0,0.44548978884940094,0.4485,NYY,NYY,1
20260423_PHI@CHC,2026-04-23,CHC,PHI,8,7,1.0,0.6047168804436753,0.6092,CHC,CHC,1
20260423_PIT@TEX,2026-04-23,TEX,PIT,6,1,1.0,0.5894261238914614,0.5917,TEX,TEX,1
20260423_SD@COL,2026-04-23,COL,SD,8,10,0.0,0.463486563342229,0.4692,SD,SD,1
20260422_ATH@SEA,2026-04-22,SEA,ATH,5,4,1.0,0.5488453982663253,0.545,SEA,SEA,1
20260422_ATL@WSH,2026-04-22,WSH,ATL,6,8,0.0,0.4447362720055304,0.4476,ATL,ATL,1
20260422_BAL@KC,2026-04-22,KC,BAL,6,8,0.0,0.5125011882559181,0.5032,KC,BAL,0
20260422_CIN@TB,2026-04-22,TB,CIN,6,1,1.0,0.5290219612975208,0.5222,TB,TB,1
20260422_CWS@AZ,2026-04-22,AZ,CWS,11,7,1.0,0.5983365447988056,0.6019,AZ,AZ,1
20260422_HOU@CLE,2026-04-22,CLE,HOU,0,2,0.0,0.5472534274768541,0.5432,CLE,HOU,0
20260422_LAD@SF,2026-04-22,SF,LAD,3,0,1.0,0.45379486559226134,0.458,LAD,SF,0
20260422_MIL@DET,2026-04-22,DET,MIL,5,2,1.0,0.5386855939010023,0.5333,DET,DET,1
20260422_MIN@NYM,2026-04-22,NYM,MIN,3,2,1.0,0.5392315397038093,0.5339,NYM,NYM,1
20260422_NYY@BOS,2026-04-22,BOS,NYY,1,4,0.0,0.4817632743947953,0.4902,NYY,NYY,1
20260422_PHI@CHC,2026-04-22,CHC,PHI,7,2,1.0,0.5906012021538347,0.593,CHC,CHC,1
20260422_PIT@TEX,2026-04-22,TEX,PIT,4,8,0.0,0.5517033908723797,0.5483,TEX,PIT,0
20260422_SD@COL,2026-04-22,COL,SD,8,3,1.0,0.43223229594773555,0.4332,SD,COL,0
20260422_STL@MIA,2026-04-22,MIA,STL,4,1,1.0,0.5008464760080237,0.5,MIA,MIA,1
20260422_TOR@LAA,2026-04-22,LAA,TOR,7,3,1.0,0.5070241891457068,0.5,LAA,LAA,1
20260421_ATH@SEA,2026-04-21,SEA,ATH,2,5,0.0,0.5375806416133563,0.532,SEA,ATH,0
20260421_ATL@WSH,2026-04-21,WSH,ATL,11,4,1.0,0.45416381045081844,0.4584,ATL,WSH,0
20260421_BAL@KC,2026-04-21,KC,BAL,6,5,1.0,0.4753261725748224,0.4828,BAL,KC,0
20260421_CIN@TB,2026-04-21,TB,CIN,6,12,0.0,0.5266849935578933,0.5195,TB,CIN,0
20260421_CWS@AZ,2026-04-21,AZ,CWS,5,11,0.0,0.6302877716013754,0.6384,AZ,CWS,0
20260421_HOU@CLE,2026-04-21,CLE,HOU,8,5,1.0,0.570496930842626,0.5699,CLE,CLE,1
20260421_LAD@SF,2026-04-21,SF,LAD,3,1,1.0,0.46062765943423994,0.4659,LAD,SF,0
20260421_MIL@DET,2026-04-21,DET,MIL,4,12,0.0,0.5472005322536609,0.5431,DET,MIL,0
20260421_MIN@NYM,2026-04-21,NYM,MIN,3,5,0.0,0.5567962271368753,0.5542,NYM,MIN,0
20260421_NYY@BOS,2026-04-21,BOS,NYY,0,4,0.0,0.5001629579516866,0.5,BOS,NYY,0
20260421_PHI@CHC,2026-04-21,CHC,PHI,7,4,1.0,0.5633210226842544,0.5617,CHC,CHC,1
20260421_PIT@TEX,2026-04-21,TEX,PIT,5,1,1.0,0.5391709050595083,0.5339,TEX,TEX,1
20260421_SD@COL,2026-04-21,COL,SD,0,1,0.0,0.43372851535436785,0.4349,SD,SD,1
20260421_STL@MIA,2026-04-21,MIA,STL,3,5,0.0,0.5181167160309857,0.5096,MIA,STL,0
20260421_TOR@LAA,2026-04-21,LAA,TOR,2,4,0.0,0.4879116678117607,0.4973,TOR,TOR,1
20260420_ATH@SEA,2026-04-20,SEA,ATH,4,6,0.0,0.5739567808355303,0.5739,SEA,ATH,0
20260420_ATL@WSH,2026-04-20,WSH,ATL,4,9,0.0,0.43878080689342575,0.4407,ATL,ATL,1
20260420_BAL@KC,2026-04-20,KC,BAL,5,7,0.0,0.48982044505693895,0.4995,BAL,BAL,1
20260420_CIN@TB,2026-04-20,TB,CIN,1,6,0.0,0.54678002363178,0.5426,TB,CIN,0
20260420_DET@BOS,2026-04-20,BOS,DET,8,6,1.0,0.5222847920965933,0.5144,BOS,BOS,1
20260420_HOU@CLE,2026-04-20,CLE,HOU,2,9,0.0,0.5355843232725335,0.5297,CLE,HOU,0
20260420_LAD@COL,2026-04-20,COL,LAD,3,12,0.0,0.3928218165121557,0.388,LAD,LAD,1
20260420_PHI@CHC,2026-04-20,CHC,PHI,5,1,1.0,0.5861235369018114,0.5879,CHC,CHC,1
20260420_STL@MIA,2026-04-20,MIA,STL,5,3,1.0,0.5001579748803162,0.5,MIA,MIA,1
20260420_TOR@LAA,2026-04-20,LAA,TOR,2,5,0.0,0.46785768916556475,0.4742,TOR,TOR,1
20260419_ATL@PHI,2026-04-19,PHI,ATL,2,4,0.0,0.5347630046332927,0.5288,PHI,ATL,0
20260419_BAL@CLE,2026-04-19,CLE,BAL,8,4,1.0,0.5162306670832788,0.5075,CLE,CLE,1
20260419_CIN@MIN,2026-04-19,MIN,CIN,4,7,0.0,0.49103905796673986,0.5,CIN,CIN,1
20260419_CWS@ATH,2026-04-19,ATH,CWS,4,7,0.0,0.5917957535986401,0.5944,ATH,CWS,0
20260419_DET@BOS,2026-04-19,BOS,DET,2,6,0.0,0.552590455611719,0.5493,BOS,DET,0
20260419_KC@NYY,2026-04-19,NYY,KC,7,0,1.0,0.5805194899191185,0.5815,NYY,NYY,1
20260419_LAD@COL,2026-04-19,COL,LAD,9,6,1.0,0.36514501128136495,0.3564,LAD,COL,0
20260419_MIL@MIA,2026-04-19,MIA,MIL,5,3,1.0,0.474459765692357,0.4818,MIL,MIA,0
20260419_NYM@CHC,2026-04-19,CHC,NYM,2,1,1.0,0.6125722581998433,0.6182,CHC,CHC,1
20260419_SD@LAA,2026-04-19,LAA,SD,1,2,0.0,0.4512511456403872,0.4551,SD,SD,1
20260419_SF@WSH,2026-04-19,WSH,SF,3,0,1.0,0.47530452893264846,0.4828,SF,WSH,0
20260419_STL@HOU,2026-04-19,HOU,STL,5,7,0.0,0.5426689091072812,0.5379,HOU,STL,0
20260419_TB@PIT,2026-04-19,PIT,TB,6,3,1.0,0.5284965049096153,0.5216,PIT,PIT,1
20260419_TEX@SEA,2026-04-19,SEA,TEX,5,2,1.0,0.5391669952728955,0.5339,SEA,SEA,1
20260419_TOR@AZ,2026-04-19,AZ,TOR,4,10,0.0,0.5680972640112629,0.5672,AZ,TOR,0
20260418_ATL@PHI,2026-04-18,PHI,ATL,1,3,0.0,0.5475022354029361,0.5435,PHI,ATL,0
20260418_BAL@CLE,2026-04-18,CLE,BAL,4,2,1.0,0.501913005164557,0.5,CLE,CLE,1
20260418_CIN@MIN,2026-04-18,MIN,CIN,4,5,0.0,0.5147004220500416,0.5057,MIN,CIN,0
20260418_CWS@ATH,2026-04-18,ATH,CWS,7,6,1.0,0.5988227646605337,0.6025,ATH,ATH,1
20260418_DET@BOS,2026-04-18,BOS,DET,1,4,0.0,0.5154778535098498,0.5066,BOS,DET,0
20260418_KC@NYY,2026-04-18,NYY,KC,13,4,1.0,0.5523531851497078,0.5491,NYY,NYY,1
20260418_LAD@COL,2026-04-18,COL,LAD,4,3,1.0,0.3838219634163677,0.3777,LAD,COL,0
20260418_MIL@MIA,2026-04-18,MIA,MIL,2,5,0.0,0.5074907886013603,0.5,MIA,MIL,0
20260418_NYM@CHC,2026-04-18,CHC,NYM,4,2,1.0,0.5772342512837563,0.5777,CHC,CHC,1
20260418_SD@LAA,2026-04-18,LAA,SD,1,4,0.0,0.47902062149690167,0.4871,SD,SD,1
20260418_SF@WSH,2026-04-18,WSH,SF,6,7,0.0,0.5158351622841931,0.507,WSH,SF,0
20260418_STL@HOU,2026-04-18,HOU,STL,5,7,0.0,0.5545867838699529,0.5516,HOU,STL,0
20260418_TB@PIT,2026-04-18,PIT,TB,7,8,0.0,0.5494116521587099,0.5457,PIT,TB,0
20260418_TEX@SEA,2026-04-18,SEA,TEX,7,3,1.0,0.5370791096804473,0.5315,SEA,SEA,1
20260418_TOR@AZ,2026-04-18,AZ,TOR,6,2,1.0,0.6021652565585842,0.6063,AZ,AZ,1
20260417_ATL@PHI,2026-04-17,PHI,ATL,0,9,0.0,0.5471515760367403,0.5434,PHI,ATL,0
20260417_BAL@CLE,2026-04-17,CLE,BAL,4,6,0.0,0.5504264407468482,0.5472,CLE,BAL,0
20260417_CIN@MIN,2026-04-17,MIN,CIN,1,2,0.0,0.517359060248943,0.5087,MIN,CIN,0
20260417_CWS@ATH,2026-04-17,ATH,CWS,2,9,0.0,0.6135488807041032,0.6203,ATH,CWS,0
20260417_DET@BOS,2026-04-17,BOS,DET,1,0,1.0,0.49019995700336344,0.5,DET,BOS,0
20260417_KC@NYY,2026-04-17,NYY,KC,4,2,1.0,0.5558884492162943,0.5535,NYY,NYY,1
20260417_LAD@COL,2026-04-17,COL,LAD,1,7,0.0,0.3733834005146977,0.3646,LAD,LAD,1
20260417_MIL@MIA,2026-04-17,MIA,MIL,5,7,0.0,0.5099581721087751,0.5001,MIA,MIL,0
20260417_NYM@CHC,2026-04-17,CHC,NYM,12,4,1.0,0.5504935350676362,0.5473,CHC,CHC,1
20260417_SD@LAA,2026-04-17,LAA,SD,8,0,1.0,0.4438852028805503,0.4462,SD,LAA,0
20260417_SF@WSH,2026-04-17,WSH,SF,5,10,0.0,0.4858290097731367,0.495,SF,SF,1
20260417_STL@HOU,2026-04-17,HOU,STL,4,9,0.0,0.5478332650584512,0.5442,HOU,STL,0
20260417_TB@PIT,2026-04-17,PIT,TB,5,1,1.0,0.5573668420712306,0.5552,PIT,PIT,1
20260417_TEX@SEA,2026-04-17,SEA,TEX,0,5,0.0,0.5437616949955056,0.5394,SEA,TEX,0
20260417_TOR@AZ,2026-04-17,AZ,TOR,6,3,1.0,0.5819943474099317,0.5838,AZ,AZ,1
20260416_BAL@CLE,2026-04-16,CLE,BAL,4,2,1.0,0.5157772168221247,0.5069,CLE,CLE,1
20260416_COL@HOU,2026-04-16,HOU,COL,2,3,0.0,0.623513496243135,0.6318,HOU,COL,0
20260416_KC@DET,2026-04-16,DET,KC,10,9,1.0,0.5421313779803225,0.5375,DET,DET,1
20260416_LAA@NYY,2026-04-16,NYY,LAA,4,11,0.0,0.603434658257773,0.6087,NYY,LAA,0
20260416_SEA@SD,2026-04-16,SD,SEA,5,2,1.0,0.5531334602595812,0.5503,SD,SD,1
20260416_SF@CIN,2026-04-16,CIN,SF,0,3,0.0,0.5630441372821895,0.5618,CIN,SF,0
20260416_TB@CWS,2026-04-16,CWS,TB,3,5,0.0,0.440794113455785,0.4426,TB,TB,1
20260416_TEX@ATH,2026-04-16,ATH,TEX,6,9,0.0,0.5095030621203515,0.5,ATH,TEX,0
20260416_TOR@MIL,2026-04-16,MIL,TOR,2,1,1.0,0.5423774830862511,0.5378,MIL,MIL,1
20260416_WSH@PIT,2026-04-16,PIT,WSH,7,8,0.0,0.5924827804690315,0.596,PIT,WSH,0
20260415_AZ@BAL,2026-04-15,BAL,AZ,5,8,0.0,0.5131618953237358,0.5039,BAL,AZ,0
20260415_BOS@MIN,2026-04-15,MIN,BOS,5,9,0.0,0.47750014587817075,0.4853,BOS,BOS,1
20260415_CHC@PHI,2026-04-15,PHI,CHC,2,11,0.0,0.5633281472466432,0.5622,PHI,CHC,0
20260415_CLE@STL,2026-04-15,STL,CLE,5,3,1.0,0.519138433085257,0.5108,STL,STL,1
20260415_COL@HOU,2026-04-15,HOU,COL,3,1,1.0,0.5921766153676525,0.5956,HOU,HOU,1
20260415_KC@DET,2026-04-15,DET,KC,2,1,1.0,0.5452989629221197,0.5412,DET,DET,1
20260415_LAA@NYY,2026-04-15,NYY,LAA,5,4,1.0,0.5877017101919495,0.5904,NYY,NYY,1
20260415_MIA@ATL,2026-04-15,ATL,MIA,6,3,1.0,0.5733854533506102,0.5738,ATL,ATL,1
20260415_NYM@LAD,2026-04-15,LAD,NYM,8,2,1.0,0.5893645842970471,0.5924,LAD,LAD,1
20260415_SEA@SD,2026-04-15,SD,SEA,7,6,1.0,0.5518585629634433,0.5488,SD,SD,1
20260415_SF@CIN,2026-04-15,CIN,SF,8,3,1.0,0.5572542674829715,0.5551,CIN,CIN,1
20260415_TB@CWS,2026-04-15,CWS,TB,3,8,0.0,0.4663404279043126,0.4723,TB,TB,1
20260415_TEX@ATH,2026-04-15,ATH,TEX,6,5,1.0,0.5025792525187833,0.5,ATH,ATH,1
20260415_TOR@MIL,2026-04-15,MIL,TOR,2,1,1.0,0.4917649477626745,0.5,TOR,MIL,0
20260415_WSH@PIT,2026-04-15,PIT,WSH,2,0,1.0,0.6009780166268314,0.6058,PIT,PIT,1
20260414_AZ@BAL,2026-04-14,BAL,AZ,3,4,0.0,0.5031037822422959,0.5,BAL,AZ,0
20260414_BOS@MIN,2026-04-14,MIN,BOS,6,0,1.0,0.4917120450208448,0.5,BOS,MIN,0
20260414_CHC@PHI,2026-04-14,PHI,CHC,4,10,0.0,0.5936744562502833,0.5974,PHI,CHC,0
20260414_CLE@STL,2026-04-14,STL,CLE,6,5,1.0,0.5026671021032771,0.5,STL,STL,1
20260414_COL@HOU,2026-04-14,HOU,COL,7,6,1.0,0.5938004555675371,0.5975,HOU,HOU,1
20260414_KC@DET,2026-04-14,DET,KC,2,1,1.0,0.5118302113436729,0.5023,DET,DET,1
20260414_LAA@NYY,2026-04-14,NYY,LAA,1,7,0.0,0.6133385020293379,0.6201,NYY,LAA,0
20260414_MIA@ATL,2026-04-14,ATL,MIA,6,5,1.0,0.5803823707777808,0.582,ATL,ATL,1
20260414_NYM@LAD,2026-04-14,LAD,NYM,2,1,1.0,0.5808506122411288,0.5825,LAD,LAD,1
20260414_SEA@SD,2026-04-14,SD,SEA,4,1,1.0,0.5369576466212581,0.5315,SD,SD,1
20260414_SF@CIN,2026-04-14,CIN,SF,2,1,1.0,0.526734725796045,0.5196,CIN,CIN,1
20260414_TB@CWS,2026-04-14,CWS,TB,5,8,0.0,0.4582586495666732,0.4629,TB,TB,1
20260414_TEX@ATH,2026-04-14,ATH,TEX,2,1,1.0,0.4806778501925204,0.489,TEX,ATH,0
20260414_TOR@MIL,2026-04-14,MIL,TOR,7,9,0.0,0.5477813509587104,0.5441,MIL,TOR,0
20260414_WSH@PIT,2026-04-14,PIT,WSH,4,5,0.0,0.5798011171640076,0.5813,PIT,WSH,0
20260413_AZ@BAL,2026-04-13,BAL,AZ,9,7,1.0,0.4940197101165542,0.5,AZ,BAL,0
20260413_BOS@MIN,2026-04-13,MIN,BOS,13,6,1.0,0.46054692242314904,0.4656,BOS,MIN,0
20260413_CHC@PHI,2026-04-13,PHI,CHC,13,7,1.0,0.6010527437664153,0.6059,PHI,PHI,1
20260413_CLE@STL,2026-04-13,STL,CLE,3,9,0.0,0.5002009017490615,0.5,STL,CLE,0
20260413_HOU@SEA,2026-04-13,SEA,HOU,6,2,1.0,0.5773027358032423,0.5784,SEA,SEA,1
20260413_LAA@NYY,2026-04-13,NYY,LAA,11,10,1.0,0.5703441641298987,0.5703,NYY,NYY,1
20260413_MIA@ATL,2026-04-13,ATL,MIA,4,10,0.0,0.568050293816232,0.5677,ATL,MIA,0
20260413_NYM@LAD,2026-04-13,LAD,NYM,4,0,1.0,0.577598058190337,0.5787,LAD,LAD,1
20260413_TEX@ATH,2026-04-13,ATH,TEX,1,8,0.0,0.4990091933370028,0.5,TEX,TEX,1
20260413_WSH@PIT,2026-04-13,PIT,WSH,16,5,1.0,0.5755205465959572,0.5763,PIT,PIT,1
20260412_ATH@NYM,2026-04-12,NYM,ATH,0,1,0.0,0.5884268589356426,0.5913,NYM,ATH,0
20260412_AZ@PHI,2026-04-12,PHI,AZ,3,4,0.0,0.5665190700704309,0.5659,PHI,AZ,0
20260412_BOS@STL,2026-04-12,STL,BOS,3,9,0.0,0.5367744807937249,0.5313,STL,BOS,0
20260412_CLE@ATL,2026-04-12,ATL,CLE,13,1,1.0,0.550266783898982,0.547,ATL,ATL,1
20260412_COL@SD,2026-04-12,SD,COL,7,2,1.0,0.6181584288917704,0.6256,SD,SD,1
20260412_CWS@KC,2026-04-12,KC,CWS,5,6,0.0,0.5660115349187149,0.5653,KC,CWS,0
20260412_HOU@SEA,2026-04-12,SEA,HOU,6,1,1.0,0.585168473275667,0.5875,SEA,SEA,1
20260412_LAA@CIN,2026-04-12,CIN,LAA,6,9,0.0,0.5417806765028146,0.5371,CIN,LAA,0
20260412_MIA@DET,2026-04-12,DET,MIA,8,2,1.0,0.513685796273889,0.5045,DET,DET,1
20260412_MIN@TOR,2026-04-12,TOR,MIN,2,8,0.0,0.5598691821267208,0.5581,TOR,MIN,0
20260412_NYY@TB,2026-04-12,TB,NYY,5,4,1.0,0.4542133013290907,0.4582,NYY,TB,0
20260412_PIT@CHC,2026-04-12,CHC,PIT,7,6,1.0,0.5460675787406615,0.5421,CHC,CHC,1
20260412_SF@BAL,2026-04-12,BAL,SF,6,2,1.0,0.5367901642270541,0.5313,BAL,BAL,1
20260412_TEX@LAD,2026-04-12,LAD,TEX,2,5,0.0,0.6019085418203193,0.6069,LAD,TEX,0
20260412_WSH@MIL,2026-04-12,MIL,WSH,6,8,0.0,0.6045256237847281,0.6099,MIL,WSH,0
20260411_ATH@NYM,2026-04-11,NYM,ATH,6,11,0.0,0.6216785860379072,0.6297,NYM,ATH,0
20260411_AZ@PHI,2026-04-11,PHI,AZ,4,3,1.0,0.5609571375601125,0.5594,PHI,PHI,1
20260411_BOS@STL,2026-04-11,STL,BOS,1,7,0.0,0.555782298418774,0.5534,STL,BOS,0
20260411_CLE@ATL,2026-04-11,ATL,CLE,0,6,0.0,0.5216648500477205,0.5137,ATL,CLE,0
20260411_COL@SD,2026-04-11,SD,COL,9,5,1.0,0.6156326429377295,0.6227,SD,SD,1
20260411_CWS@KC,2026-04-11,KC,CWS,2,0,1.0,0.6129534926564506,0.6196,KC,KC,1
20260411_HOU@SEA,2026-04-11,SEA,HOU,8,7,1.0,0.5769594091775537,0.578,SEA,SEA,1
20260411_LAA@CIN,2026-04-11,CIN,LAA,7,3,1.0,0.5290955981368286,0.5224,CIN,CIN,1
20260411_MIA@DET,2026-04-11,DET,MIA,6,1,1.0,0.52763271909243,0.5207,DET,DET,1
20260411_MIN@TOR,2026-04-11,TOR,MIN,4,7,0.0,0.5939375363139467,0.5977,TOR,MIN,0
20260411_NYY@TB,2026-04-11,TB,NYY,5,4,1.0,0.4851269951796086,0.4942,NYY,TB,0
20260411_PIT@CHC,2026-04-11,CHC,PIT,3,4,0.0,0.5479116123654425,0.5443,CHC,PIT,0
20260411_SF@BAL,2026-04-11,BAL,SF,6,2,1.0,0.5259943676303702,0.5188,BAL,BAL,1
20260411_TEX@LAD,2026-04-11,LAD,TEX,6,3,1.0,0.5863982173417396,0.5889,LAD,LAD,1
20260411_WSH@MIL,2026-04-11,MIL,WSH,1,3,0.0,0.608720096704081,0.6148,MIL,WSH,0
20260410_ATH@NYM,2026-04-10,NYM,ATH,0,4,0.0,0.6006409651761565,0.6091,NYM,ATH,0
20260410_AZ@PHI,2026-04-10,PHI,AZ,4,5,0.0,0.5636920894545415,0.5647,PHI,AZ,0
20260410_BOS@STL,2026-04-10,STL,BOS,3,2,1.0,0.5114436070502407,0.5016,STL,STL,1
20260410_CLE@ATL,2026-04-10,ATL,CLE,11,5,1.0,0.5213978153247272,0.5136,ATL,ATL,1
20260410_COL@SD,2026-04-10,SD,COL,5,2,1.0,0.6292012575431885,0.6432,SD,SD,1
20260410_CWS@KC,2026-04-10,KC,CWS,2,0,1.0,0.5967213171148779,0.6044,KC,KC,1
20260410_HOU@SEA,2026-04-10,SEA,HOU,9,6,1.0,0.5517995197432132,0.5503,SEA,SEA,1
20260410_LAA@CIN,2026-04-10,CIN,LAA,2,10,0.0,0.6400295607826029,0.656,CIN,LAA,0
20260410_MIA@DET,2026-04-10,DET,MIA,2,0,1.0,0.49271266697321425,0.5,MIA,DET,0
20260410_MIN@TOR,2026-04-10,TOR,MIN,10,4,1.0,0.5522984787938061,0.551,TOR,TOR,1
20260410_NYY@TB,2026-04-10,TB,NYY,5,3,1.0,0.4485151479798919,0.45,NYY,TB,0
20260410_PIT@CHC,2026-04-10,CHC,PIT,0,2,0.0,0.5475836455154541,0.5453,CHC,PIT,0
20260410_SF@BAL,2026-04-10,BAL,SF,3,6,0.0,0.47667023609668163,0.484,SF,SF,1
20260410_TEX@LAD,2026-04-10,LAD,TEX,8,7,1.0,0.6471077703829756,0.6643,LAD,LAD,1
20260410_WSH@MIL,2026-04-10,MIL,WSH,3,7,0.0,0.6434571830896734,0.66,MIL,WSH,0
20260409_ATH@NYY,2026-04-09,NYY,ATH,0,1,0.0,0.6453335065608989,0.6622,NYY,ATH,0
20260409_AZ@NYM,2026-04-09,NYM,AZ,1,7,0.0,0.5785333279242115,0.5826,NYM,AZ,0
20260409_CIN@MIA,2026-04-09,MIA,CIN,8,1,1.0,0.5114911732636422,0.5017,MIA,MIA,1
20260409_COL@SD,2026-04-09,SD,COL,7,3,1.0,0.5893113117211211,0.5955,SD,SD,1
20260409_CWS@KC,2026-04-09,KC,CWS,0,2,0.0,0.6133588581321175,0.6243,KC,CWS,0
20260409_DET@MIN,2026-04-09,MIN,DET,3,1,1.0,0.5213350199820131,0.5136,MIN,MIN,1
20260408_ATH@NYY,2026-04-08,NYY,ATH,2,3,0.0,0.620529025954949,0.6328,NYY,ATH,0
20260408_ATL@LAA,2026-04-08,LAA,ATL,2,8,0.0,0.41533472813562344,0.4101,ATL,ATL,1
20260408_AZ@NYM,2026-04-08,NYM,AZ,2,7,0.0,0.5820211423897337,0.5868,NYM,AZ,0
20260408_BAL@CWS,2026-04-08,CWS,BAL,3,5,0.0,0.4583661304970934,0.4619,BAL,BAL,1
20260408_CHC@TB,2026-04-08,TB,CHC,2,6,0.0,0.49784987980210527,0.5,CHC,CHC,1
20260408_CIN@MIA,2026-04-08,MIA,CIN,7,4,1.0,0.5284100689279275,0.5221,MIA,MIA,1
20260408_DET@MIN,2026-04-08,MIN,DET,8,6,1.0,0.48379376675108693,0.4926,DET,MIN,0
20260408_HOU@COL,2026-04-08,COL,HOU,9,1,1.0,0.42459347758288973,0.4212,HOU,COL,0
20260408_KC@CLE,2026-04-08,CLE,KC,10,2,1.0,0.5164871685789756,0.5077,CLE,CLE,1
20260408_LAD@TOR,2026-04-08,TOR,LAD,4,3,1.0,0.5071982670020011,0.5,TOR,TOR,1
20260408_MIL@BOS,2026-04-08,BOS,MIL,5,0,1.0,0.4957699221233069,0.5,MIL,BOS,0
20260408_PHI@SF,2026-04-08,SF,PHI,5,0,1.0,0.4893621909250325,0.4993,PHI,SF,0
20260408_SD@PIT,2026-04-08,PIT,SD,2,8,0.0,0.49883673068723705,0.5,SD,SD,1
20260408_SEA@TEX,2026-04-08,TEX,SEA,3,0,1.0,0.5321015287383384,0.5266,TEX,TEX,1
20260408_STL@WSH,2026-04-08,WSH,STL,1,6,0.0,0.5113027563001759,0.5015,WSH,STL,0
20260407_ATH@NYY,2026-04-07,NYY,ATH,5,3,1.0,0.6591056236443936,0.6784,NYY,NYY,1
20260407_ATL@LAA,2026-04-07,LAA,ATL,2,7,0.0,0.4184472805978751,0.4138,ATL,ATL,1
20260407_AZ@NYM,2026-04-07,NYM,AZ,4,3,1.0,0.5791530398212767,0.5833,NYM,NYM,1
20260407_BAL@CWS,2026-04-07,CWS,BAL,2,4,0.0,0.4288987541168536,0.4264,BAL,BAL,1
20260407_CHC@TB,2026-04-07,TB,CHC,2,9,0.0,0.5326683041702052,0.5272,TB,CHC,0
20260407_CIN@MIA,2026-04-07,MIA,CIN,3,6,0.0,0.525218760325473,0.5183,MIA,CIN,0
20260407_DET@MIN,2026-04-07,MIN,DET,4,2,1.0,0.5227632671493443,0.5153,MIN,MIN,1
20260407_HOU@COL,2026-04-07,COL,HOU,5,1,1.0,0.4223151989078911,0.4185,HOU,COL,0
20260407_KC@CLE,2026-04-07,CLE,KC,2,1,1.0,0.5427931841289925,0.5395,CLE,CLE,1
20260407_LAD@TOR,2026-04-07,TOR,LAD,1,4,0.0,0.5372734231378737,0.5328,TOR,LAD,0
20260407_MIL@BOS,2026-04-07,BOS,MIL,3,2,1.0,0.46790764303639426,0.4734,MIL,BOS,0
20260407_PHI@SF,2026-04-07,SF,PHI,6,0,1.0,0.47224311463415913,0.4787,PHI,SF,0
20260407_SD@PIT,2026-04-07,PIT,SD,7,1,1.0,0.49601085367634856,0.5,SD,PIT,0
20260407_SEA@TEX,2026-04-07,TEX,SEA,3,2,1.0,0.5435713425381291,0.5404,TEX,TEX,1
20260407_STL@WSH,2026-04-07,WSH,STL,6,7,0.0,0.5277831402140825,0.5213,WSH,STL,0
20260406_ATL@LAA,2026-04-06,LAA,ATL,6,2,1.0,0.4212067427025189,0.4171,ATL,LAA,0
20260406_BAL@CWS,2026-04-06,CWS,BAL,1,2,0.0,0.49852024137130524,0.5,BAL,BAL,1
20260406_CHC@TB,2026-04-06,TB,CHC,6,4,1.0,0.5135994320451203,0.5042,TB,TB,1
20260406_CIN@MIA,2026-04-06,MIA,CIN,0,2,0.0,0.5431704138808778,0.5399,MIA,CIN,0
20260406_DET@MIN,2026-04-06,MIN,DET,7,3,1.0,0.4802605539494224,0.4884,DET,MIN,0
20260406_HOU@COL,2026-04-06,COL,HOU,9,7,1.0,0.41262350286398536,0.4068,HOU,COL,0
20260406_KC@CLE,2026-04-06,CLE,KC,2,4,0.0,0.5570372938883885,0.5567,CLE,KC,0
20260406_LAD@TOR,2026-04-06,TOR,LAD,2,14,0.0,0.5090689829416083,0.5,TOR,LAD,0
20260406_MIL@BOS,2026-04-06,BOS,MIL,6,8,0.0,0.46224085467257214,0.4666,MIL,MIL,1
20260406_PHI@SF,2026-04-06,SF,PHI,4,6,0.0,0.4841307465894642,0.493,PHI,PHI,1
20260406_SD@PIT,2026-04-06,PIT,SD,0,5,0.0,0.5990605877149856,0.6072,PIT,SD,0
20260406_SEA@TEX,2026-04-06,TEX,SEA,2,1,1.0,0.5545642847788165,0.5537,TEX,TEX,1
20260406_STL@WSH,2026-04-06,WSH,STL,9,6,1.0,0.5027833331583241,0.5,WSH,WSH,1
20260405_ATL@AZ,2026-04-05,AZ,ATL,6,5,1.0,0.47937621595066054,0.4873,ATL,AZ,0
20260405_BAL@PIT,2026-04-05,PIT,BAL,8,2,1.0,0.5654669504133336,0.5668,PIT,PIT,1
20260405_CHC@CLE,2026-04-05,CLE,CHC,0,1,0.0,0.5449455405246771,0.5421,CLE,CHC,0
20260405_CHC@CLE_2,2026-04-05,CLE,CHC,6,5,1.0,0.5026608276133901,0.5,CLE,CLE,1
20260405_CIN@TEX,2026-04-05,TEX,CIN,1,2,0.0,0.5039505913638751,0.5,TEX,CIN,0
20260405_HOU@ATH,2026-04-05,ATH,HOU,12,10,1.0,0.4302519256738384,0.428,HOU,ATH,0
20260405_LAD@WSH,2026-04-05,WSH,LAD,6,8,0.0,0.42203260269927584,0.4181,LAD,LAD,1
20260405_MIA@NYY,2026-04-05,NYY,MIA,6,7,0.0,0.5725811445216682,0.5754,NYY,MIA,0
20260405_MIL@KC,2026-04-05,KC,MIL,5,8,0.0,0.471917070403186,0.4783,MIL,MIL,1
20260405_NYM@SF,2026-04-05,SF,NYM,2,5,0.0,0.4845621494391205,0.4936,NYM,NYM,1
20260405_PHI@COL,2026-04-05,COL,PHI,4,1,1.0,0.46033152081437767,0.4643,PHI,COL,0
20260405_SD@BOS,2026-04-05,BOS,SD,6,8,0.0,0.5321476886006907,0.5266,BOS,SD,0
20260405_SEA@LAA,2026-04-05,LAA,SEA,8,7,1.0,0.4297647319276101,0.4274,SEA,LAA,0
20260405_STL@DET,2026-04-05,DET,STL,3,5,0.0,0.5417804827730124,0.5383,DET,STL,0
20260405_TB@MIN,2026-04-05,MIN,TB,1,4,0.0,0.5337811673681377,0.5286,MIN,TB,0
20260405_TOR@CWS,2026-04-05,CWS,TOR,3,0,1.0,0.4522910758651559,0.4546,TOR,CWS,0
20260404_ATL@AZ,2026-04-04,AZ,ATL,2,1,1.0,0.514687745592572,0.5055,AZ,AZ,1
20260404_BAL@PIT,2026-04-04,PIT,BAL,3,2,1.0,0.5468941306134504,0.5444,PIT,PIT,1
20260404_CIN@TEX,2026-04-04,TEX,CIN,0,2,0.0,0.5486065831044027,0.5465,TEX,CIN,0
20260404_HOU@ATH,2026-04-04,ATH,HOU,0,11,0.0,0.5108948697226036,0.501,ATH,HOU,0
20260404_LAD@WSH,2026-04-04,WSH,LAD,5,10,0.0,0.4420705907102169,0.4423,LAD,LAD,1
20260404_MIA@NYY,2026-04-04,NYY,MIA,9,7,1.0,0.591279948995466,0.5979,NYY,NYY,1
20260404_MIL@KC,2026-04-04,KC,MIL,8,2,1.0,0.48187598309722357,0.4903,MIL,KC,0
20260404_MIL@KC_2,2026-04-04,KC,MIL,2,5,0.0,0.48507893839328836,0.4942,MIL,MIL,1
20260404_NYM@SF,2026-04-04,SF,NYM,0,9,0.0,0.49756336685332064,0.5,NYM,NYM,1
20260404_PHI@COL,2026-04-04,COL,PHI,1,2,0.0,0.3607148394537923,0.3449,PHI,PHI,1
20260404_SD@BOS,2026-04-04,BOS,SD,2,3,0.0,0.5026499852485522,0.5,BOS,SD,0
20260404_SEA@LAA,2026-04-04,LAA,SEA,1,0,1.0,0.41583001313138,0.4107,SEA,LAA,0
20260404_STL@DET,2026-04-04,DET,STL,11,6,1.0,0.5164270027545811,0.5076,DET,DET,1
20260404_TB@MIN,2026-04-04,MIN,TB,1,7,0.0,0.5716378048465995,0.5743,MIN,TB,0
20260404_TOR@CWS,2026-04-04,CWS,TOR,6,3,1.0,0.4131964722700524,0.4075,TOR,CWS,0
20260403_ATL@AZ,2026-04-03,AZ,ATL,0,2,0.0,0.4571577327128013,0.4605,ATL,ATL,1
20260403_BAL@PIT,2026-04-03,PIT,BAL,5,4,1.0,0.47802414064436355,0.4858,BAL,PIT,0
20260403_CHC@CLE,2026-04-03,CLE,CHC,4,1,1.0,0.5493055419111096,0.5473,CLE,CLE,1
20260403_CIN@TEX,2026-04-03,TEX,CIN,3,5,0.0,0.5661778246033012,0.5677,TEX,CIN,0
20260403_HOU@ATH,2026-04-03,ATH,HOU,11,4,1.0,0.4533882748653012,0.456,HOU,ATH,0
20260403_LAD@WSH,2026-04-03,WSH,LAD,6,13,0.0,0.39487870346089,0.3854,LAD,LAD,1
20260403_MIA@NYY,2026-04-03,NYY,MIA,8,2,1.0,0.5291012202274061,0.5228,NYY,NYY,1
20260403_NYM@SF,2026-04-03,SF,NYM,3,10,0.0,0.5475922620956308,0.5452,SF,NYM,0
20260403_PHI@COL,2026-04-03,COL,PHI,1,10,0.0,0.4661779698300346,0.4715,PHI,PHI,1
20260403_SD@BOS,2026-04-03,BOS,SD,5,2,1.0,0.5004889346585918,0.5,BOS,BOS,1
20260403_SEA@LAA,2026-04-03,LAA,SEA,1,3,0.0,0.4471611738244461,0.4484,SEA,SEA,1
20260403_STL@DET,2026-04-03,DET,STL,4,0,1.0,0.5633754294132323,0.5643,DET,DET,1
20260403_TB@MIN,2026-04-03,MIN,TB,10,4,1.0,0.5079570422225501,0.5,MIN,MIN,1
20260403_TOR@CWS,2026-04-03,CWS,TOR,5,4,1.0,0.42860312375055726,0.426,TOR,CWS,0
20260402_ATL@AZ,2026-04-02,AZ,ATL,2,17,0.0,0.48077387431656454,0.4891,ATL,ATL,1
20260402_MIN@KC,2026-04-02,KC,MIN,1,5,0.0,0.5467754644395275,0.5442,KC,MIN,0
20260402_NYM@SF,2026-04-02,SF,NYM,7,2,1.0,0.5056847295447591,0.5,SF,SF,1
20260401_ATH@ATL,2026-04-01,ATL,ATH,5,1,1.0,0.6395642386656132,0.6557,ATL,ATL,1
20260401_BOS@HOU,2026-04-01,HOU,BOS,6,4,1.0,0.5269498213938657,0.5202,HOU,HOU,1
20260401_CLE@LAD,2026-04-01,LAD,CLE,1,4,0.0,0.5438596470167731,0.5407,LAD,CLE,0
20260401_COL@TOR,2026-04-01,TOR,COL,1,2,0.0,0.716014352888687,0.7444,TOR,COL,0
20260401_CWS@MIA,2026-04-01,MIA,CWS,10,0,1.0,0.5662051895644772,0.5677,MIA,MIA,1
20260401_DET@AZ,2026-04-01,AZ,DET,1,0,1.0,0.4536852671185746,0.4563,DET,AZ,0
20260401_LAA@CHC,2026-04-01,CHC,LAA,6,2,1.0,0.649201874272192,0.6671,CHC,CHC,1
20260401_MIN@KC,2026-04-01,KC,MIN,13,9,1.0,0.5353276780694946,0.5304,KC,KC,1
20260401_NYM@STL,2026-04-01,STL,NYM,2,1,1.0,0.4379379473486128,0.4373,NYM,STL,0
20260401_NYY@SEA,2026-04-01,SEA,NYY,3,5,0.0,0.5003185101099704,0.5,SEA,NYY,0
20260401_PIT@CIN,2026-04-01,CIN,PIT,3,8,0.0,0.4545120317353338,0.4573,PIT,PIT,1
20260401_SF@SD,2026-04-01,SD,SF,7,1,1.0,0.5282277349614604,0.5218,SD,SD,1
20260401_TB@MIL,2026-04-01,MIL,TB,8,2,1.0,0.6232028637295847,0.6362,MIL,MIL,1
20260401_TEX@BAL,2026-04-01,BAL,TEX,8,3,1.0,0.48275029391470603,0.4915,TEX,BAL,0
20260401_WSH@PHI,2026-04-01,PHI,WSH,6,5,1.0,0.6055587621801837,0.6151,PHI,PHI,1
20260331_ATH@ATL,2026-03-31,ATL,ATH,2,5,0.0,0.5626382120834059,0.5634,ATL,ATH,0
20260331_BOS@HOU,2026-03-31,HOU,BOS,9,2,1.0,0.4906045039599058,0.5,BOS,HOU,0
20260331_CLE@LAD,2026-03-31,LAD,CLE,4,1,1.0,0.538950358299278,0.5348,LAD,LAD,1
20260331_COL@TOR,2026-03-31,TOR,COL,5,1,1.0,0.6267153726238788,0.6404,TOR,TOR,1
20260331_CWS@MIA,2026-03-31,MIA,CWS,9,2,1.0,0.5799788702467354,0.5844,MIA,MIA,1
20260331_DET@AZ,2026-03-31,AZ,DET,7,5,1.0,0.4768075584386977,0.4843,DET,AZ,0
20260331_LAA@CHC,2026-03-31,CHC,LAA,0,2,0.0,0.5800853131480959,0.5845,CHC,LAA,0
20260331_NYM@STL,2026-03-31,STL,NYM,3,0,1.0,0.4808704330365423,0.4893,NYM,STL,0
20260331_NYY@SEA,2026-03-31,SEA,NYY,0,5,0.0,0.5449116594675509,0.542,SEA,NYY,0
20260331_PIT@CIN,2026-03-31,CIN,PIT,3,8,0.0,0.5330439886694478,0.5276,CIN,PIT,0
20260331_SF@SD,2026-03-31,SD,SF,3,9,0.0,0.5102921030155166,0.5,SD,SF,0
20260331_TB@MIL,2026-03-31,MIL,TB,6,2,1.0,0.5766740597403114,0.5804,MIL,MIL,1
20260331_TEX@BAL,2026-03-31,BAL,TEX,5,8,0.0,0.5047713419528554,0.5,BAL,TEX,0
20260331_WSH@PHI,2026-03-31,PHI,WSH,3,2,1.0,0.5561114604773646,0.5555,PHI,PHI,1
20260330_ATH@ATL,2026-03-30,ATL,ATH,4,0,1.0,0.5591476682299257,0.5592,ATL,ATL,1
20260330_BOS@HOU,2026-03-30,HOU,BOS,8,1,1.0,0.5160427033404121,0.507,HOU,HOU,1
20260330_CLE@LAD,2026-03-30,LAD,CLE,2,4,0.0,0.5648725845615137,0.5661,LAD,CLE,0
20260330_COL@TOR,2026-03-30,TOR,COL,5,14,0.0,0.6385901208957638,0.6545,TOR,COL,0
20260330_CWS@MIA,2026-03-30,MIA,CWS,4,9,0.0,0.5726357522960561,0.5755,MIA,CWS,0
20260330_DET@AZ,2026-03-30,AZ,DET,9,6,1.0,0.49077123101629966,0.5,DET,AZ,0
20260330_LAA@CHC,2026-03-30,CHC,LAA,7,2,1.0,0.5765233093517812,0.5802,CHC,CHC,1
20260330_MIN@KC,2026-03-30,KC,MIN,3,1,1.0,0.5339624828730539,0.5287,KC,KC,1
20260330_NYM@STL,2026-03-30,STL,NYM,2,4,0.0,0.49461018495028963,0.5,NYM,NYM,1
20260330_NYY@SEA,2026-03-30,SEA,NYY,2,1,1.0,0.5248990033493284,0.5177,SEA,SEA,1
20260330_PIT@CIN,2026-03-30,CIN,PIT,2,0,1.0,0.542298043543474,0.5388,CIN,CIN,1
20260330_SF@SD,2026-03-30,SD,SF,2,3,0.0,0.5438764172674134,0.5407,SD,SF,0
20260330_TB@MIL,2026-03-30,MIL,TB,2,3,0.0,0.5943209601060068,0.6016,MIL,TB,0
20260330_TEX@BAL,2026-03-30,BAL,TEX,2,5,0.0,0.52924714344367,0.523,BAL,TEX,0
20260330_WSH@PHI,2026-03-30,PHI,WSH,2,13,0.0,0.5740830338207256,0.5773,PHI,WSH,0
20260329_ATH@TOR,2026-03-29,TOR,ATH,5,2,1.0,0.5792181660399583,0.5835,TOR,TOR,1
20260329_BOS@CIN,2026-03-29,CIN,BOS,3,2,1.0,0.4955626582730518,0.5,BOS,CIN,0
20260329_CLE@SEA,2026-03-29,SEA,CLE,8,0,1.0,0.5402234648388342,0.5363,SEA,SEA,1
20260329_COL@MIA,2026-03-29,MIA,COL,4,3,1.0,0.5782018838808813,0.5822,MIA,MIA,1
20260329_CWS@MIL,2026-03-29,MIL,CWS,9,7,1.0,0.6225685879372092,0.6355,MIL,MIL,1
20260329_KC@ATL,2026-03-29,ATL,KC,1,4,0.0,0.5368988077243961,0.5323,ATL,KC,0
20260329_LAA@HOU,2026-03-29,HOU,LAA,9,7,1.0,0.5514359280278733,0.5499,HOU,HOU,1
20260329_MIN@BAL,2026-03-29,BAL,MIN,8,6,1.0,0.514503209859358,0.5051,BAL,BAL,1
20260329_PIT@NYM,2026-03-29,NYM,PIT,3,4,0.0,0.609703331701216,0.6201,NYM,PIT,0
20260329_TB@STL,2026-03-29,STL,TB,7,11,0.0,0.5402849185033217,0.5364,STL,TB,0
20260329_TEX@PHI,2026-03-29,PHI,TEX,3,8,0.0,0.5810655066960075,0.5857,PHI,TEX,0
20260329_WSH@CHC,2026-03-29,CHC,WSH,3,6,0.0,0.567736095991734,0.5696,CHC,WSH,0
20260328_ATH@TOR,2026-03-28,TOR,ATH,8,7,1.0,0.5826935486884282,0.5876,TOR,TOR,1
20260328_AZ@LAD,2026-03-28,LAD,AZ,3,2,1.0,0.616999775762152,0.6288,LAD,LAD,1
20260328_BOS@CIN,2026-03-28,CIN,BOS,6,5,1.0,0.48682191369307976,0.4965,BOS,CIN,0
20260328_CLE@SEA,2026-03-28,SEA,CLE,5,6,0.0,0.5435200065208834,0.5403,SEA,CLE,0
20260328_COL@MIA,2026-03-28,MIA,COL,4,3,1.0,0.5886713057298534,0.5948,MIA,MIA,1
20260328_CWS@MIL,2026-03-28,MIL,CWS,6,1,1.0,0.6231475562208028,0.6362,MIL,MIL,1
20260328_DET@SD,2026-03-28,SD,DET,3,0,1.0,0.5414146171557298,0.5377,SD,SD,1
20260328_KC@ATL,2026-03-28,ATL,KC,6,2,1.0,0.5316094291279728,0.5259,ATL,ATL,1
20260328_LAA@HOU,2026-03-28,HOU,LAA,11,9,1.0,0.5402550044586626,0.5363,HOU,HOU,1
20260328_MIN@BAL,2026-03-28,BAL,MIN,1,4,0.0,0.5327573800653157,0.5273,BAL,MIN,0
20260328_NYY@SF,2026-03-28,SF,NYY,1,3,0.0,0.47674167600610706,0.4843,NYY,NYY,1
20260328_PIT@NYM,2026-03-28,NYM,PIT,4,2,1.0,0.5998604739661902,0.6083,NYM,NYM,1
20260328_TB@STL,2026-03-28,STL,TB,6,5,1.0,0.5448659663447729,0.5419,STL,STL,1
20260328_TEX@PHI,2026-03-28,PHI,TEX,4,5,0.0,0.6093084602293569,0.6196,PHI,TEX,0
20260328_WSH@CHC,2026-03-28,CHC,WSH,10,2,1.0,0.5512443625778273,0.5496,CHC,CHC,1
20250930_BOS@NYY,2025-09-30,NYY,BOS,1,3,0.0,0.5445746293877638,0.5421,NYY,BOS,0
20250930_CIN@LAD,2025-09-30,LAD,CIN,10,5,1.0,0.5582950224815748,0.5579,LAD,LAD,1
20250930_DET@CLE,2025-09-30,CLE,DET,1,2,0.0,0.538581807764468,0.5352,CLE,DET,0
20250930_SD@CHC,2025-09-30,CHC,SD,3,1,1.0,0.5086013912777239,0.5006,CHC,CHC,1
20250928_AZ@SD,2025-09-28,SD,AZ,12,4,1.0,0.5776650307022486,0.5802,SD,SD,1
20250928_BAL@NYY,2025-09-28,NYY,BAL,3,2,1.0,0.5754634812243908,0.5777,NYY,NYY,1
20250928_CIN@MIL,2025-09-28,MIL,CIN,4,2,1.0,0.5947042597784066,0.5998,MIL,MIL,1
20250928_COL@SF,2025-09-28,SF,COL,4,0,1.0,0.668588594763342,0.6839,SF,SF,1
20250928_CWS@WSH,2025-09-28,WSH,CWS,0,8,0.0,0.5345659302549985,0.5305,WSH,CWS,0
20250928_DET@BOS,2025-09-28,BOS,DET,4,3,1.0,0.5557677914476374,0.555,BOS,BOS,1
20250928_HOU@LAA,2025-09-28,LAA,HOU,2,6,0.0,0.4606309878688717,0.4639,HOU,HOU,1
20250928_KC@ATH,2025-09-28,ATH,KC,2,9,0.0,0.47337648965703494,0.4786,KC,KC,1
20250928_LAD@SEA,2025-09-28,SEA,LAD,1,6,0.0,0.5378917646057741,0.5344,SEA,LAD,0
20250928_MIN@PHI,2025-09-28,PHI,MIN,2,1,1.0,0.6269143470697085,0.6367,PHI,PHI,1
20250928_NYM@MIA,2025-09-28,MIA,NYM,4,0,1.0,0.4920870176705424,0.5,NYM,MIA,0
20250928_PIT@ATL,2025-09-28,ATL,PIT,4,1,1.0,0.5383232385766691,0.5349,ATL,ATL,1
20250928_STL@CHC,2025-09-28,CHC,STL,2,0,1.0,0.5744850878672538,0.5766,CHC,CHC,1
20250928_TB@TOR,2025-09-28,TOR,TB,13,4,1.0,0.5894560390928462,0.5938,TOR,TOR,1
20250928_TEX@CLE,2025-09-28,CLE,TEX,9,8,1.0,0.5745924186054843,0.5767,CLE,CLE,1
20250927_AZ@SD,2025-09-27,SD,AZ,5,1,1.0,0.5587588546204747,0.5584,SD,SD,1
20250927_BAL@NYY,2025-09-27,NYY,BAL,6,1,1.0,0.6365800097664065,0.6477,NYY,NYY,1
20250927_CIN@MIL,2025-09-27,MIL,CIN,4,7,0.0,0.6078785675531067,0.6149,MIL,CIN,0
20250927_COL@SF,2025-09-27,SF,COL,4,3,1.0,0.6419244969876599,0.6538,SF,SF,1
20250927_CWS@WSH,2025-09-27,WSH,CWS,6,5,1.0,0.49750448104990136,0.5,CWS,WSH,0
20250927_DET@BOS,2025-09-27,BOS,DET,1,2,0.0,0.5862623763469834,0.5901,BOS,DET,0
20250927_HOU@LAA,2025-09-27,LAA,HOU,1,6,0.0,0.43726356893125984,0.437,HOU,HOU,1
20250927_KC@ATH,2025-09-27,ATH,KC,2,4,0.0,0.5175521776246943,0.5109,ATH,KC,0
20250927_LAD@SEA,2025-09-27,SEA,LAD,3,5,0.0,0.5656649744056614,0.5664,SEA,LAD,0
20250927_MIN@PHI,2025-09-27,PHI,MIN,0,5,0.0,0.6314354340806919,0.6419,PHI,MIN,0
20250927_NYM@MIA,2025-09-27,MIA,NYM,0,5,0.0,0.5011792010013789,0.5,MIA,NYM,0
20250927_PIT@ATL,2025-09-27,ATL,PIT,1,3,0.0,0.5671499413125503,0.5681,ATL,PIT,0
20250927_STL@CHC,2025-09-27,CHC,STL,7,3,1.0,0.5975538877737154,0.6031,CHC,CHC,1
20250927_TB@TOR,2025-09-27,TOR,TB,5,1,1.0,0.5680414735281227,0.5691,TOR,TOR,1
20250927_TEX@CLE,2025-09-27,CLE,TEX,3,2,1.0,0.5909838702429614,0.5956,CLE,CLE,1
20250926_AZ@SD,2025-09-26,SD,AZ,7,4,1.0,0.5659852227552695,0.5668,SD,SD,1
20250926_BAL@NYY,2025-09-26,NYY,BAL,8,4,1.0,0.5545256970541395,0.5536,NYY,NYY,1
20250926_CIN@MIL,2025-09-26,MIL,CIN,1,3,0.0,0.617378418208336,0.6258,MIL,CIN,0
20250926_COL@SF,2025-09-26,SF,COL,6,3,1.0,0.6330019484189893,0.6436,SF,SF,1
20250926_CWS@WSH,2025-09-26,WSH,CWS,9,10,0.0,0.5305791689192129,0.5259,WSH,CWS,0
20250926_DET@BOS,2025-09-26,BOS,DET,4,3,1.0,0.5488047378333625,0.547,BOS,BOS,1
20250926_HOU@LAA,2025-09-26,LAA,HOU,4,3,1.0,0.43933515402038376,0.4394,HOU,LAA,0
20250926_KC@ATH,2025-09-26,ATH,KC,4,3,1.0,0.4832340672657892,0.49,KC,ATH,0
20250926_LAD@SEA,2025-09-26,SEA,LAD,2,3,0.0,0.54126487689739,0.5383,SEA,LAD,0
20250926_MIN@PHI,2025-09-26,PHI,MIN,3,1,1.0,0.6068399207795031,0.6138,PHI,PHI,1
20250926_NYM@MIA,2025-09-26,MIA,NYM,6,2,1.0,0.49977194816825743,0.5,NYM,MIA,0
20250926_PIT@ATL,2025-09-26,ATL,PIT,3,9,0.0,0.5821254238752297,0.5854,ATL,PIT,0
20250926_STL@CHC,2025-09-26,CHC,STL,12,1,1.0,0.5761842344073913,0.5785,CHC,CHC,1
20250926_TB@TOR,2025-09-26,TOR,TB,4,2,1.0,0.5890030352133883,0.5933,TOR,TOR,1
20250926_TEX@CLE,2025-09-26,CLE,TEX,3,7,0.0,0.5863009810294166,0.5902,CLE,TEX,0
20250925_BOS@TOR,2025-09-25,TOR,BOS,6,1,1.0,0.5367487638297405,0.533,TOR,TOR,1
20250925_COL@SEA,2025-09-25,SEA,COL,6,2,1.0,0.7084991449048005,0.7284,SEA,SEA,1
20250925_CWS@NYY,2025-09-25,NYY,CWS,5,3,1.0,0.6800375521968248,0.6968,NYY,NYY,1
20250925_DET@CLE,2025-09-25,CLE,DET,2,4,0.0,0.5530229802157576,0.5518,CLE,DET,0
20250925_HOU@ATH,2025-09-25,ATH,HOU,5,11,0.0,0.5306301700371379,0.526,ATH,HOU,0
20250925_KC@LAA,2025-09-25,LAA,KC,4,9,0.0,0.4689846304742094,0.4736,KC,KC,1
20250925_LAD@AZ,2025-09-25,AZ,LAD,0,8,0.0,0.47817080340408,0.4842,LAD,LAD,1
20250925_MIA@PHI,2025-09-25,PHI,MIA,1,0,1.0,0.5815600139744697,0.5847,PHI,PHI,1
20250925_MIN@TEX,2025-09-25,TEX,MIN,0,4,0.0,0.5937516669796707,0.5987,TEX,MIN,0
20250925_NYM@CHC,2025-09-25,CHC,NYM,5,8,0.0,0.4887094157122328,0.4963,NYM,NYM,1
20250925_PIT@CIN,2025-09-25,CIN,PIT,2,1,1.0,0.5183847543301664,0.5118,CIN,CIN,1
20250925_TB@BAL,2025-09-25,BAL,TB,6,5,1.0,0.49039006107792943,0.4983,TB,BAL,0
20250924_BOS@TOR,2025-09-24,TOR,BOS,1,7,0.0,0.4763464098442774,0.4821,BOS,BOS,1
20250924_COL@SEA,2025-09-24,SEA,COL,9,2,1.0,0.6972849768277668,0.716,SEA,SEA,1
20250924_CWS@NYY,2025-09-24,NYY,CWS,8,1,1.0,0.6584100373782351,0.6725,NYY,NYY,1
20250924_DET@CLE,2025-09-24,CLE,DET,5,1,1.0,0.5325257855360348,0.5282,CLE,CLE,1
20250924_HOU@ATH,2025-09-24,ATH,HOU,6,0,1.0,0.4790465848613847,0.4852,HOU,ATH,0
20250924_KC@LAA,2025-09-24,LAA,KC,3,2,1.0,0.45880372261947167,0.4618,KC,LAA,0
20250924_LAD@AZ,2025-09-24,AZ,LAD,4,5,0.0,0.4746266957842105,0.4801,LAD,LAD,1
20250924_MIA@PHI,2025-09-24,PHI,MIA,11,1,1.0,0.5906953951451801,0.5952,PHI,PHI,1
20250924_MIL@SD,2025-09-24,SD,MIL,1,3,0.0,0.5384157981350954,0.535,SD,MIL,0
20250924_MIN@TEX,2025-09-24,TEX,MIN,4,2,1.0,0.5953650631573535,0.6006,TEX,TEX,1
20250924_NYM@CHC,2025-09-24,CHC,NYM,10,3,1.0,0.493476528834972,0.5,NYM,CHC,0
20250924_PIT@CIN,2025-09-24,CIN,PIT,3,4,0.0,0.5467872056845721,0.5446,CIN,PIT,0
20250924_STL@SF,2025-09-24,SF,STL,4,3,1.0,0.5093284143901863,0.5014,SF,SF,1
20250924_TB@BAL,2025-09-24,BAL,TB,2,6,0.0,0.46755374634542635,0.4719,TB,TB,1
20250924_WSH@ATL,2025-09-24,ATL,WSH,3,4,0.0,0.6108153670795234,0.6183,ATL,WSH,0
20250923_BOS@TOR,2025-09-23,TOR,BOS,1,4,0.0,0.5499766198871409,0.5483,TOR,BOS,0
20250923_COL@SEA,2025-09-23,SEA,COL,4,3,1.0,0.7045625945567742,0.7241,SEA,SEA,1
20250923_CWS@NYY,2025-09-23,NYY,CWS,3,2,1.0,0.6527975848022869,0.6661,NYY,NYY,1
20250923_DET@CLE,2025-09-23,CLE,DET,5,2,1.0,0.5363004064338893,0.5325,CLE,CLE,1
20250923_HOU@ATH,2025-09-23,ATH,HOU,5,1,1.0,0.4911735861793403,0.4992,HOU,ATH,0
20250923_KC@LAA,2025-09-23,LAA,KC,4,8,0.0,0.49433007676025675,0.5,KC,KC,1
20250923_LAD@AZ,2025-09-23,AZ,LAD,5,4,1.0,0.46017724718117825,0.4634,LAD,AZ,0
20250923_MIA@PHI,2025-09-23,PHI,MIA,5,6,0.0,0.5907576339967121,0.5953,PHI,MIA,0
20250923_MIL@SD,2025-09-23,SD,MIL,7,0,1.0,0.5355526768643406,0.5317,SD,SD,1
20250923_MIN@TEX,2025-09-23,TEX,MIN,1,4,0.0,0.5816414117861425,0.5848,TEX,MIN,0
20250923_NYM@CHC,2025-09-23,CHC,NYM,7,9,0.0,0.5615001702879011,0.5616,CHC,NYM,0
20250923_PIT@CIN,2025-09-23,CIN,PIT,2,4,0.0,0.5406186651364848,0.5375,CIN,PIT,0
20250923_STL@SF,2025-09-23,SF,STL,8,9,0.0,0.5758646173271418,0.5782,SF,STL,0
20250923_TB@BAL,2025-09-23,BAL,TB,6,0,1.0,0.46292512254077584,0.4666,TB,BAL,0
20250923_WSH@ATL,2025-09-23,ATL,WSH,3,2,1.0,0.6420342561283675,0.6539,ATL,ATL,1
20250922_MIL@SD,2025-09-22,SD,MIL,5,4,1.0,0.5323022855920373,0.5296,SD,SD,1
20250922_STL@SF,2025-09-22,SF,STL,5,6,0.0,0.5588826979249951,0.5595,SF,STL,0
20250922_WSH@ATL,2025-09-22,ATL,WSH,11,5,1.0,0.6318207479278687,0.6412,ATL,ATL,1
20250921_ATH@PIT,2025-09-21,PIT,ATH,11,0,1.0,0.5297638666108249,0.5268,PIT,PIT,1
20250921_ATL@DET,2025-09-21,DET,ATL,2,6,0.0,0.5334224920337205,0.5309,DET,ATL,0
20250921_BOS@TB,2025-09-21,TB,BOS,7,3,1.0,0.4703750718137727,0.4734,BOS,TB,0
20250921_CHC@CIN,2025-09-21,CIN,CHC,1,0,1.0,0.5054668580326026,0.5,CIN,CIN,1
20250921_CLE@MIN,2025-09-21,MIN,CLE,6,2,1.0,0.497628878196751,0.5,CLE,MIN,0
20250921_LAA@COL,2025-09-21,COL,LAA,3,1,1.0,0.46031047934234115,0.4621,LAA,COL,0
20250921_MIA@TEX,2025-09-21,TEX,MIA,2,4,0.0,0.5527911160632087,0.5527,TEX,MIA,0
20250921_MIL@STL,2025-09-21,STL,MIL,5,1,1.0,0.4534443846826954,0.4543,MIL,STL,0
20250921_NYY@BAL,2025-09-21,BAL,NYY,1,7,0.0,0.46653913556362003,0.4691,NYY,NYY,1
20250921_PHI@AZ,2025-09-21,AZ,PHI,9,2,1.0,0.47775801132104656,0.4817,PHI,AZ,0
20250921_SD@CWS,2025-09-21,CWS,SD,2,3,0.0,0.4347891451722279,0.4333,SD,SD,1
20250921_SEA@HOU,2025-09-21,HOU,SEA,3,7,0.0,0.5067236472182796,0.5008,HOU,SEA,0
20250921_SF@LAD,2025-09-21,LAD,SF,1,3,0.0,0.6328752520136062,0.6424,LAD,SF,0
20250921_TOR@KC,2025-09-21,KC,TOR,5,8,0.0,0.5118796935808686,0.5066,KC,TOR,0
20250921_WSH@NYM,2025-09-21,NYM,WSH,2,3,0.0,0.6738264798304996,0.6877,NYM,WSH,0
20250920_ATH@PIT,2025-09-20,PIT,ATH,2,0,1.0,0.4636961087966979,0.4659,ATH,PIT,0
20250920_ATL@DET,2025-09-20,DET,ATL,5,6,0.0,0.5623015120916108,0.5634,DET,ATL,0
20250920_BOS@TB,2025-09-20,TB,BOS,3,6,0.0,0.5148426055148583,0.51,TB,BOS,0
20250920_CHC@CIN,2025-09-20,CIN,CHC,6,3,1.0,0.5053593758080208,0.5,CIN,CIN,1
20250920_CLE@MIN,2025-09-20,MIN,CLE,0,8,0.0,0.5005356484161607,0.5,MIN,CLE,0
20250920_CLE@MIN_2,2025-09-20,MIN,CLE,0,6,0.0,0.5123934460838603,0.5072,MIN,CLE,0
20250920_LAA@COL,2025-09-20,COL,LAA,0,3,0.0,0.48939741559280775,0.4948,LAA,LAA,1
20250920_MIA@TEX,2025-09-20,TEX,MIA,3,4,0.0,0.5767092912464273,0.5796,TEX,MIA,0
20250920_MIL@STL,2025-09-20,STL,MIL,2,3,0.0,0.4188082655812753,0.4154,MIL,MIL,1
20250920_NYY@BAL,2025-09-20,BAL,NYY,1,6,0.0,0.4245150907118161,0.4218,NYY,NYY,1
20250920_PHI@AZ,2025-09-20,AZ,PHI,4,3,1.0,0.5070056784614979,0.5011,AZ,AZ,1
20250920_SD@CWS,2025-09-20,CWS,SD,3,7,0.0,0.4081526992005045,0.4034,SD,SD,1
20250920_SEA@HOU,2025-09-20,HOU,SEA,4,6,0.0,0.5231173405735241,0.5193,HOU,SEA,0
20250920_SF@LAD,2025-09-20,LAD,SF,7,5,1.0,0.604377426442687,0.6106,LAD,LAD,1
20250920_TOR@KC,2025-09-20,KC,TOR,2,1,1.0,0.5223386980029816,0.5184,KC,KC,1
20250920_WSH@NYM,2025-09-20,NYM,WSH,3,5,0.0,0.6665825065598865,0.6797,NYM,WSH,0
20250919_ATH@PIT,2025-09-19,PIT,ATH,3,4,0.0,0.4865862398818574,0.4916,ATH,ATH,1
20250919_ATL@DET,2025-09-19,DET,ATL,1,10,0.0,0.519896931902127,0.5157,DET,ATL,0
20250919_BOS@TB,2025-09-19,TB,BOS,7,11,0.0,0.500617707404924,0.5,TB,BOS,0
20250919_CHC@CIN,2025-09-19,CIN,CHC,7,4,1.0,0.4914518485619635,0.4971,CHC,CIN,0
20250919_CLE@MIN,2025-09-19,MIN,CLE,2,6,0.0,0.5095992251641993,0.5041,MIN,CLE,0
20250919_LAA@COL,2025-09-19,COL,LAA,7,6,1.0,0.46374350062715053,0.4659,LAA,COL,0
20250919_MIA@TEX,2025-09-19,TEX,MIA,4,6,0.0,0.5678559462200804,0.5696,TEX,MIA,0
20250919_MIL@STL,2025-09-19,STL,MIL,7,1,1.0,0.4256590299671823,0.4231,MIL,STL,0
20250919_NYY@BAL,2025-09-19,BAL,NYY,4,2,1.0,0.4705609635321227,0.4736,NYY,BAL,0
20250919_PHI@AZ,2025-09-19,AZ,PHI,2,8,0.0,0.5278567044192971,0.5246,AZ,PHI,0
20250919_SD@CWS,2025-09-19,CWS,SD,4,3,1.0,0.3844720113670963,0.3769,SD,CWS,0
20250919_SEA@HOU,2025-09-19,HOU,SEA,0,4,0.0,0.5201859977776921,0.516,HOU,SEA,0
20250919_SF@LAD,2025-09-19,LAD,SF,6,3,1.0,0.5758682883501639,0.5786,LAD,LAD,1
20250919_TOR@KC,2025-09-19,KC,TOR,20,1,1.0,0.532921105534385,0.5303,KC,KC,1
20250919_WSH@NYM,2025-09-19,NYM,WSH,12,6,1.0,0.6425877203172866,0.6532,NYM,NYM,1
20250918_ATH@BOS,2025-09-18,BOS,ATH,3,5,0.0,0.5177439779185231,0.5132,BOS,ATH,0
20250918_CHC@CIN,2025-09-18,CIN,CHC,1,0,1.0,0.5542225382494173,0.5543,CIN,CIN,1
20250918_CLE@DET,2025-09-18,DET,CLE,1,3,0.0,0.5472223867341605,0.5464,DET,CLE,0
20250918_LAA@MIL,2025-09-18,MIL,LAA,5,2,1.0,0.633595261060114,0.6432,MIL,MIL,1
20250918_MIA@COL,2025-09-18,COL,MIA,7,9,0.0,0.4185310867252788,0.4151,MIA,MIA,1
20250918_NYY@BAL,2025-09-18,BAL,NYY,0,7,0.0,0.46510038377637364,0.4675,NYY,NYY,1
20250918_SD@NYM,2025-09-18,NYM,SD,6,1,1.0,0.5275793820438422,0.5243,NYM,NYM,1
20250918_SEA@KC,2025-09-18,KC,SEA,0,2,0.0,0.5134760527389332,0.5084,KC,SEA,0
20250918_SF@LAD,2025-09-18,LAD,SF,2,1,1.0,0.5978592635123344,0.6033,LAD,LAD,1
20250918_TOR@TB,2025-09-18,TB,TOR,4,0,1.0,0.4931055459494892,0.499,TOR,TB,0
20250917_ATH@BOS,2025-09-17,BOS,ATH,5,4,1.0,0.5285821334702039,0.5254,BOS,BOS,1
20250917_ATL@WSH,2025-09-17,WSH,ATL,4,9,0.0,0.43908303066202126,0.4382,ATL,ATL,1
20250917_BAL@CWS,2025-09-17,CWS,BAL,1,3,0.0,0.48154112922626063,0.486,BAL,BAL,1
20250917_CHC@PIT,2025-09-17,PIT,CHC,4,8,0.0,0.45517921898787156,0.4563,CHC,CHC,1
20250917_CIN@STL,2025-09-17,STL,CIN,2,6,0.0,0.5057931137347107,0.5,STL,CIN,0
20250917_CLE@DET,2025-09-17,DET,CLE,0,4,0.0,0.525339500858593,0.5218,DET,CLE,0
20250917_LAA@MIL,2025-09-17,MIL,LAA,9,2,1.0,0.6429884168873542,0.6536,MIL,MIL,1
20250917_MIA@COL,2025-09-17,COL,MIA,4,8,0.0,0.42816600950237116,0.4259,MIA,MIA,1
20250917_NYY@MIN,2025-09-17,MIN,NYY,5,10,0.0,0.47651624814700005,0.4803,NYY,NYY,1
20250917_PHI@LAD,2025-09-17,LAD,PHI,5,0,1.0,0.5245213563919477,0.5209,LAD,LAD,1
20250917_SD@NYM,2025-09-17,NYM,SD,4,7,0.0,0.5102819012661308,0.5048,NYM,SD,0
20250917_SEA@KC,2025-09-17,KC,SEA,7,5,1.0,0.4813013118016834,0.4857,SEA,KC,0
20250917_SF@AZ,2025-09-17,AZ,SF,1,5,0.0,0.5631813600993407,0.5644,AZ,SF,0
20250917_TEX@HOU,2025-09-17,HOU,TEX,5,2,1.0,0.5454019538518723,0.5444,HOU,HOU,1
20250917_TOR@TB,2025-09-17,TB,TOR,2,1,1.0,0.4975195573268384,0.5,TOR,TB,0
20250916_ATH@BOS,2025-09-16,BOS,ATH,1,2,0.0,0.5898843480601065,0.5944,BOS,ATH,0
20250916_ATL@WSH,2025-09-16,WSH,ATL,3,6,0.0,0.4479997886670753,0.4482,ATL,ATL,1
20250916_ATL@WSH_2,2025-09-16,WSH,ATL,0,5,0.0,0.4456463977443752,0.4456,ATL,ATL,1
20250916_BAL@CWS,2025-09-16,CWS,BAL,7,8,0.0,0.5021662939531429,0.5,CWS,BAL,0
20250916_CHC@PIT,2025-09-16,PIT,CHC,1,4,0.0,0.48097039685830345,0.4853,CHC,CHC,1
20250916_CIN@STL,2025-09-16,STL,CIN,3,0,1.0,0.500573432000504,0.5,STL,STL,1
20250916_CLE@DET,2025-09-16,DET,CLE,5,7,0.0,0.5334224131151406,0.5309,DET,CLE,0
20250916_LAA@MIL,2025-09-16,MIL,LAA,9,2,1.0,0.6601650893697827,0.6727,MIL,MIL,1
20250916_MIA@COL,2025-09-16,COL,MIA,5,6,0.0,0.43220408264600113,0.4304,MIA,MIA,1
20250916_NYY@MIN,2025-09-16,MIN,NYY,9,10,0.0,0.459558385531796,0.4612,NYY,NYY,1
20250916_PHI@LAD,2025-09-16,LAD,PHI,6,9,0.0,0.5155848211138951,0.5108,LAD,PHI,0
20250916_SD@NYM,2025-09-16,NYM,SD,8,3,1.0,0.5188535054659994,0.5145,NYM,NYM,1
20250916_SEA@KC,2025-09-16,KC,SEA,5,12,0.0,0.47875562811756495,0.4828,SEA,SEA,1
20250916_SF@AZ,2025-09-16,AZ,SF,6,5,1.0,0.5460079449444453,0.5451,AZ,AZ,1
20250916_TEX@HOU,2025-09-16,HOU,TEX,6,5,1.0,0.5529861421068681,0.5529,HOU,HOU,1
20250916_TOR@TB,2025-09-16,TB,TOR,5,6,0.0,0.5105824703782177,0.5052,TB,TOR,0
20250915_ATL@WSH,2025-09-15,WSH,ATL,3,11,0.0,0.4692289595789566,0.4736,ATL,ATL,1
20250915_BAL@CWS,2025-09-15,CWS,BAL,1,4,0.0,0.47828049726829314,0.4835,BAL,BAL,1
20250915_CHC@PIT,2025-09-15,PIT,CHC,0,4,0.0,0.4899160523435037,0.4963,CHC,CHC,1
20250915_CIN@STL,2025-09-15,STL,CIN,6,11,0.0,0.5493577958493226,0.5469,STL,CIN,0
20250915_NYY@MIN,2025-09-15,MIN,NYY,7,0,1.0,0.4529724418632461,0.4557,NYY,MIN,0
20250915_PHI@LAD,2025-09-15,LAD,PHI,5,6,0.0,0.5192735626645654,0.5138,LAD,PHI,0
20250915_SF@AZ,2025-09-15,AZ,SF,8,1,1.0,0.5122625789165786,0.5061,AZ,AZ,1
20250915_TEX@HOU,2025-09-15,HOU,TEX,6,3,1.0,0.5409019213241051,0.5376,HOU,HOU,1
20250915_TOR@TB,2025-09-15,TB,TOR,1,2,0.0,0.5146450714077635,0.5087,TB,TOR,0
20250914_AZ@MIN,2025-09-14,MIN,AZ,4,6,0.0,0.5084265139205976,0.5019,MIN,AZ,0
20250914_BAL@TOR,2025-09-14,TOR,BAL,11,2,1.0,0.6143632890733886,0.6182,TOR,TOR,1
20250914_CIN@ATH,2025-09-14,ATH,CIN,7,4,1.0,0.5527645330961569,0.5506,ATH,ATH,1
20250914_COL@SD,2025-09-14,SD,COL,9,6,1.0,0.6934829971726013,0.7041,SD,SD,1
20250914_CWS@CLE,2025-09-14,CLE,CWS,3,2,1.0,0.5730739076220454,0.5729,CLE,CLE,1
20250914_DET@MIA,2025-09-14,MIA,DET,0,2,0.0,0.4913522137610238,0.4979,DET,DET,1
20250914_HOU@ATL,2025-09-14,ATL,HOU,8,3,1.0,0.48775958130688385,0.4939,HOU,ATL,0
20250914_KC@PHI,2025-09-14,PHI,KC,3,10,0.0,0.5902735292698309,0.5918,PHI,KC,0
20250914_LAA@SEA,2025-09-14,SEA,LAA,11,2,1.0,0.6402682724594788,0.6465,SEA,SEA,1
20250914_LAD@SF,2025-09-14,SF,LAD,2,10,0.0,0.5060915008725076,0.5,SF,LAD,0
20250914_NYY@BOS,2025-09-14,BOS,NYY,6,4,1.0,0.5057809681669656,0.5,BOS,BOS,1
20250914_PIT@WSH,2025-09-14,WSH,PIT,4,3,1.0,0.5147004133629992,0.5088,WSH,WSH,1
20250914_STL@MIL,2025-09-14,MIL,STL,2,3,0.0,0.6334763754217926,0.639,MIL,STL,0
20250914_TB@CHC,2025-09-14,CHC,TB,4,3,1.0,0.5651042397080238,0.5642,CHC,CHC,1
20250914_TEX@NYM,2025-09-14,NYM,TEX,5,2,1.0,0.5743212103119596,0.5743,NYM,NYM,1
20250913_AZ@MIN,2025-09-13,MIN,AZ,2,5,0.0,0.5111365399163076,0.5049,MIN,AZ,0
20250913_BAL@TOR,2025-09-13,TOR,BAL,5,4,1.0,0.5804631721057417,0.581,TOR,TOR,1
20250913_CIN@ATH,2025-09-13,ATH,CIN,11,5,1.0,0.5176504708106172,0.512,ATH,ATH,1
20250913_COL@SD,2025-09-13,SD,COL,11,3,1.0,0.6700857468570717,0.6788,SD,SD,1
20250913_CWS@CLE,2025-09-13,CLE,CWS,3,1,1.0,0.5632702787538871,0.5621,CLE,CLE,1
20250913_DET@MIA,2025-09-13,MIA,DET,6,4,1.0,0.48712435909085533,0.4932,DET,MIA,0
20250913_HOU@ATL,2025-09-13,ATL,HOU,2,6,0.0,0.4885540042910017,0.4948,HOU,HOU,1
20250913_KC@PHI,2025-09-13,PHI,KC,8,6,1.0,0.5666966638560303,0.5659,PHI,PHI,1
20250913_LAA@SEA,2025-09-13,SEA,LAA,5,3,1.0,0.6433478441068275,0.6498,SEA,SEA,1
20250913_LAD@SF,2025-09-13,SF,LAD,7,13,0.0,0.5261998399720398,0.5214,SF,LAD,0
20250913_NYY@BOS,2025-09-13,BOS,NYY,3,5,0.0,0.4863029742003554,0.4923,NYY,NYY,1
20250913_PIT@WSH,2025-09-13,WSH,PIT,1,5,0.0,0.5321607249342647,0.528,WSH,PIT,0
20250913_STL@MIL,2025-09-13,MIL,STL,9,8,1.0,0.6187422583921965,0.623,MIL,MIL,1
20250913_TB@CHC,2025-09-13,CHC,TB,4,5,0.0,0.5556080272789222,0.5537,CHC,TB,0
20250913_TEX@NYM,2025-09-13,NYM,TEX,2,3,0.0,0.5735981969427177,0.5735,NYM,TEX,0
20250912_AZ@MIN,2025-09-12,MIN,AZ,9,8,1.0,0.49710647547062964,0.5,AZ,MIN,0
20250912_BAL@TOR,2025-09-12,TOR,BAL,6,1,1.0,0.538832084569709,0.5353,TOR,TOR,1
20250912_CIN@ATH,2025-09-12,ATH,CIN,3,0,1.0,0.5408743132551299,0.5375,ATH,ATH,1
20250912_COL@SD,2025-09-12,SD,COL,2,4,0.0,0.6559479805393144,0.6635,SD,COL,0
20250912_CWS@CLE,2025-09-12,CLE,CWS,4,0,1.0,0.559414528752095,0.5579,CLE,CLE,1
20250912_DET@MIA,2025-09-12,MIA,DET,8,2,1.0,0.4573213211088635,0.4605,DET,MIA,0
20250912_HOU@ATL,2025-09-12,ATL,HOU,3,11,0.0,0.5370638800902613,0.5333,ATL,HOU,0
20250912_KC@PHI,2025-09-12,PHI,KC,8,2,1.0,0.5663251810387419,0.5655,PHI,PHI,1
20250912_LAA@SEA,2025-09-12,SEA,LAA,2,1,1.0,0.5955008409823404,0.5975,SEA,SEA,1
20250912_LAD@SF,2025-09-12,SF,LAD,5,1,1.0,0.5155413277518393,0.5097,SF,SF,1
20250912_NYY@BOS,2025-09-12,BOS,NYY,1,4,0.0,0.49532452419340667,0.5,NYY,NYY,1
20250912_PIT@WSH,2025-09-12,WSH,PIT,6,5,1.0,0.5335034846702194,0.5294,WSH,WSH,1
20250912_STL@MIL,2025-09-12,MIL,STL,8,2,1.0,0.6265461470233994,0.6315,MIL,MIL,1
20250912_TB@CHC,2025-09-12,CHC,TB,6,4,1.0,0.5417229122722145,0.5385,CHC,CHC,1
20250912_TEX@NYM,2025-09-12,NYM,TEX,3,8,0.0,0.5537230134295695,0.5517,NYM,TEX,0
20250911_COL@SD,2025-09-11,SD,COL,2,0,1.0,0.672790905171614,0.6818,SD,SD,1
20250911_DET@NYY,2025-09-11,NYY,DET,9,3,1.0,0.5638692004559556,0.5628,NYY,NYY,1
20250911_HOU@TOR,2025-09-11,TOR,HOU,6,0,1.0,0.5685669344454825,0.568,TOR,TOR,1
20250911_KC@CLE,2025-09-11,CLE,KC,3,2,1.0,0.5221369830794536,0.5169,CLE,CLE,1
20250911_LAA@SEA,2025-09-11,SEA,LAA,7,6,1.0,0.5980133062764599,0.6003,SEA,SEA,1
20250911_NYM@PHI,2025-09-11,PHI,NYM,6,4,1.0,0.5788943008357498,0.5793,PHI,PHI,1
20250911_PIT@BAL,2025-09-11,BAL,PIT,3,2,1.0,0.5474340457114889,0.5447,BAL,BAL,1
20250911_TB@CWS,2025-09-11,CWS,TB,5,1,1.0,0.46434422045639756,0.4682,TB,CWS,0
20250911_WSH@MIA,2025-09-11,MIA,WSH,5,0,1.0,0.5073078028433944,0.5007,MIA,MIA,1
20250910_AZ@SF,2025-09-10,SF,AZ,3,5,0.0,0.5120069406530894,0.5058,SF,AZ,0
20250910_BOS@ATH,2025-09-10,ATH,BOS,5,4,1.0,0.47781797470295645,0.483,BOS,ATH,0
20250910_CHC@ATL,2025-09-10,ATL,CHC,2,3,0.0,0.5215950384280719,0.5163,ATL,CHC,0
20250910_CIN@SD,2025-09-10,SD,CIN,1,2,0.0,0.6191425938093059,0.6234,SD,CIN,0
20250910_COL@LAD,2025-09-10,LAD,COL,9,0,1.0,0.6752401116239884,0.6844,LAD,LAD,1
20250910_DET@NYY,2025-09-10,NYY,DET,1,11,0.0,0.5336202407705821,0.5296,NYY,DET,0
20250910_HOU@TOR,2025-09-10,TOR,HOU,2,3,0.0,0.557289762670936,0.5556,TOR,HOU,0
20250910_KC@CLE,2025-09-10,CLE,KC,3,4,0.0,0.4868164802191326,0.4929,KC,KC,1
20250910_MIL@TEX,2025-09-10,TEX,MIL,6,3,1.0,0.47272974586147865,0.4774,MIL,TEX,0
20250910_MIN@LAA,2025-09-10,LAA,MIN,4,3,1.0,0.5049506786152365,0.5,LAA,LAA,1
20250910_NYM@PHI,2025-09-10,PHI,NYM,11,3,1.0,0.5849946821754967,0.586,PHI,PHI,1
20250910_PIT@BAL,2025-09-10,BAL,PIT,2,1,1.0,0.5359226086370341,0.5321,BAL,BAL,1
20250910_STL@SEA,2025-09-10,SEA,STL,4,2,1.0,0.6379492502336677,0.6439,SEA,SEA,1
20250910_TB@CWS,2025-09-10,CWS,TB,6,5,1.0,0.468376503048706,0.4726,TB,CWS,0
20250910_WSH@MIA,2025-09-10,MIA,WSH,8,3,1.0,0.4994597631715678,0.5,WSH,MIA,0
20250909_AZ@SF,2025-09-09,SF,AZ,5,3,1.0,0.5355880373790661,0.5317,SF,SF,1
20250909_BOS@ATH,2025-09-09,ATH,BOS,0,6,0.0,0.49026101730773547,0.4967,BOS,BOS,1
20250909_CHC@ATL,2025-09-09,ATL,CHC,1,6,0.0,0.5112212315309713,0.505,ATL,CHC,0
20250909_CIN@SD,2025-09-09,SD,CIN,2,4,0.0,0.5782608271912534,0.5786,SD,CIN,0
20250909_COL@LAD,2025-09-09,LAD,COL,7,2,1.0,0.6994018611818223,0.7105,LAD,LAD,1
20250909_DET@NYY,2025-09-09,NYY,DET,2,12,0.0,0.567552901881861,0.5668,NYY,DET,0
20250909_HOU@TOR,2025-09-09,TOR,HOU,4,3,1.0,0.5658059477949848,0.5649,TOR,TOR,1
20250909_KC@CLE,2025-09-09,CLE,KC,2,0,1.0,0.5106199223619505,0.5043,CLE,CLE,1
20250909_MIL@TEX,2025-09-09,TEX,MIL,5,4,1.0,0.5100484834327752,0.5037,TEX,TEX,1
20250909_MIN@LAA,2025-09-09,LAA,MIN,12,2,1.0,0.5087875460688458,0.5023,LAA,LAA,1
20250909_NYM@PHI,2025-09-09,PHI,NYM,9,3,1.0,0.541912437075415,0.5387,PHI,PHI,1
20250909_PIT@BAL,2025-09-09,BAL,PIT,3,2,1.0,0.5812444664510805,0.5819,BAL,BAL,1
20250909_STL@SEA,2025-09-09,SEA,STL,5,3,1.0,0.5819534067997947,0.5827,SEA,SEA,1
20250909_TB@CWS,2025-09-09,CWS,TB,4,5,0.0,0.4989569225813574,0.5,TB,TB,1
20250909_WSH@MIA,2025-09-09,MIA,WSH,5,7,0.0,0.4742344138583593,0.4791,WSH,WSH,1
20250908_AZ@SF,2025-09-08,SF,AZ,11,5,1.0,0.5084291656906601,0.5012,SF,SF,1
20250908_BOS@ATH,2025-09-08,ATH,BOS,0,7,0.0,0.48024570153055074,0.4861,BOS,BOS,1
20250908_CHC@ATL,2025-09-08,ATL,CHC,4,1,1.0,0.5064787748645434,0.5,ATL,ATL,1
20250908_CIN@SD,2025-09-08,SD,CIN,4,3,1.0,0.5662880048266963,0.5663,SD,SD,1
20250908_COL@LAD,2025-09-08,LAD,COL,3,1,1.0,0.6689829631207717,0.6808,LAD,LAD,1
20250908_KC@CLE,2025-09-08,CLE,KC,10,2,1.0,0.45493476160539126,0.4576,KC,CLE,0
20250908_MIL@TEX,2025-09-08,TEX,MIL,5,0,1.0,0.4697675847746492,0.4743,MIL,TEX,0
20250908_MIN@LAA,2025-09-08,LAA,MIN,3,12,0.0,0.5124232779048586,0.5057,LAA,MIN,0
20250908_NYM@PHI,2025-09-08,PHI,NYM,1,0,1.0,0.5273123309131272,0.5224,PHI,PHI,1
20250908_STL@SEA,2025-09-08,SEA,STL,4,2,1.0,0.611814215323131,0.6173,SEA,SEA,1
20250908_WSH@MIA,2025-09-08,MIA,WSH,7,15,0.0,0.4879842427193579,0.4948,WSH,WSH,1
20250907_ATH@LAA,2025-09-07,LAA,ATH,4,3,1.0,0.46383884492590316,0.4676,ATH,LAA,0
20250907_BOS@AZ,2025-09-07,AZ,BOS,4,7,0.0,0.5346987901266089,0.5307,AZ,BOS,0
20250907_CLE@TB,2025-09-07,TB,CLE,1,2,0.0,0.5627600597646027,0.5623,TB,CLE,0
20250907_CWS@DET,2025-09-07,DET,CWS,4,6,0.0,0.6022266265910035,0.6066,DET,CWS,0
20250907_HOU@TEX,2025-09-07,TEX,HOU,4,2,1.0,0.4937183763446688,0.5,HOU,TEX,0
20250907_LAD@BAL,2025-09-07,BAL,LAD,2,5,0.0,0.520581237665261,0.5149,BAL,LAD,0
20250907_MIL@PIT,2025-09-07,PIT,MIL,2,10,0.0,0.415431344705892,0.4132,MIL,MIL,1
20250907_MIN@KC,2025-09-07,KC,MIN,1,5,0.0,0.6251023565467069,0.6322,KC,MIN,0
20250907_NYM@CIN,2025-09-07,CIN,NYM,3,2,1.0,0.46416609174181495,0.468,NYM,CIN,0
20250907_PHI@MIA,2025-09-07,MIA,PHI,5,4,1.0,0.4395345831560197,0.4403,PHI,MIA,0
20250907_SD@COL,2025-09-07,COL,SD,1,8,0.0,0.4038034426453982,0.4002,SD,SD,1
20250907_SEA@ATL,2025-09-07,ATL,SEA,2,18,0.0,0.5375476756479911,0.534,ATL,SEA,0
20250907_SF@STL,2025-09-07,STL,SF,4,3,1.0,0.5124407175097447,0.5057,STL,STL,1
20250907_TOR@NYY,2025-09-07,NYY,TOR,4,3,1.0,0.5436866016285226,0.5409,NYY,NYY,1
20250907_WSH@CHC,2025-09-07,CHC,WSH,3,6,0.0,0.5844217697227391,0.5866,CHC,WSH,0
20250906_ATH@LAA,2025-09-06,LAA,ATH,4,17,0.0,0.48358989278714,0.4898,ATH,ATH,1
20250906_BOS@AZ,2025-09-06,AZ,BOS,5,1,1.0,0.5258214316729253,0.5208,AZ,AZ,1
20250906_CLE@TB,2025-09-06,TB,CLE,2,3,0.0,0.5653913559683122,0.5653,TB,CLE,0
20250906_CWS@DET,2025-09-06,DET,CWS,6,0,1.0,0.6330732398427427,0.641,DET,DET,1
20250906_HOU@TEX,2025-09-06,TEX,HOU,0,11,0.0,0.5608232807329621,0.5601,TEX,HOU,0
20250906_LAD@BAL,2025-09-06,BAL,LAD,4,3,1.0,0.4761648759267485,0.4815,LAD,BAL,0
20250906_MIL@PIT,2025-09-06,PIT,MIL,1,4,0.0,0.4367969303807069,0.4372,MIL,MIL,1
20250906_MIN@KC,2025-09-06,KC,MIN,11,2,1.0,0.5691382913927558,0.5695,KC,KC,1
20250906_NYM@CIN,2025-09-06,CIN,NYM,6,3,1.0,0.4498765251334238,0.4519,NYM,CIN,0
20250906_PHI@MIA,2025-09-06,MIA,PHI,2,4,0.0,0.41885627828728783,0.417,PHI,PHI,1
20250906_SD@COL,2025-09-06,COL,SD,8,10,0.0,0.44539529720214305,0.4469,SD,SD,1
20250906_SEA@ATL,2025-09-06,ATL,SEA,2,10,0.0,0.531357229430498,0.527,ATL,SEA,0
20250906_SF@STL,2025-09-06,STL,SF,3,2,1.0,0.4804956223830911,0.4863,SF,STL,0
20250906_TOR@NYY,2025-09-06,NYY,TOR,3,1,1.0,0.5382914992339921,0.5348,NYY,NYY,1
20250906_WSH@CHC,2025-09-06,CHC,WSH,1,2,0.0,0.6089953855324252,0.6142,CHC,WSH,0
20250905_ATH@LAA,2025-09-05,LAA,ATH,4,10,0.0,0.5090942003281945,0.5019,LAA,ATH,0
20250905_BOS@AZ,2025-09-05,AZ,BOS,10,5,1.0,0.47721443763623134,0.4827,BOS,AZ,0
20250905_CLE@TB,2025-09-05,TB,CLE,1,7,0.0,0.5818859057292785,0.5838,TB,CLE,0
20250905_CWS@DET,2025-09-05,DET,CWS,5,7,0.0,0.629493526090045,0.6371,DET,CWS,0
20250905_HOU@TEX,2025-09-05,TEX,HOU,4,3,1.0,0.5316793309198151,0.5274,TEX,TEX,1
20250905_LAD@BAL,2025-09-05,BAL,LAD,2,1,1.0,0.4546884674952239,0.4573,LAD,BAL,0
20250905_MIL@PIT,2025-09-05,PIT,MIL,2,5,0.0,0.4877248229087011,0.4945,MIL,MIL,1
20250905_MIN@KC,2025-09-05,KC,MIN,2,1,1.0,0.6007680012285368,0.605,KC,KC,1
20250905_NYM@CIN,2025-09-05,CIN,NYM,4,5,0.0,0.4874176145020163,0.4941,NYM,NYM,1
20250905_PHI@MIA,2025-09-05,MIA,PHI,3,9,0.0,0.40280499006205345,0.399,PHI,PHI,1
20250905_SD@COL,2025-09-05,COL,SD,3,0,1.0,0.4179609151760181,0.416,SD,COL,0
20250905_SEA@ATL,2025-09-05,ATL,SEA,4,1,1.0,0.5350403262819304,0.5311,ATL,ATL,1
20250905_SF@STL,2025-09-05,STL,SF,2,8,0.0,0.48817065925251474,0.495,SF,SF,1
20250905_TOR@NYY,2025-09-05,NYY,TOR,1,7,0.0,0.5588086732604247,0.5579,NYY,TOR,0
20250905_WSH@CHC,2025-09-05,CHC,WSH,11,5,1.0,0.5784536160399759,0.5799,CHC,CHC,1
20250904_CLE@TB,2025-09-04,TB,CLE,4,2,1.0,0.5785807892949079,0.5801,TB,TB,1
20250904_CWS@MIN,2025-09-04,MIN,CWS,8,11,0.0,0.521028742137714,0.5154,MIN,CWS,0
20250904_LAA@KC,2025-09-04,KC,LAA,4,3,1.0,0.6014123885382139,0.6057,KC,KC,1
20250904_LAD@PIT,2025-09-04,PIT,LAD,5,3,1.0,0.5121261168801338,0.5054,PIT,PIT,1
20250904_NYY@HOU,2025-09-04,HOU,NYY,4,8,0.0,0.4914557822800934,0.4987,NYY,NYY,1
20250904_PHI@MIL,2025-09-04,MIL,PHI,0,2,0.0,0.5592794462951404,0.5584,MIL,PHI,0
20250903_ATH@STL,2025-09-03,STL,ATH,5,1,1.0,0.5166233654327278,0.5104,STL,STL,1
20250903_ATL@CHC,2025-09-03,CHC,ATL,1,5,0.0,0.5832957342428868,0.5854,CHC,ATL,0
20250903_BAL@SD,2025-09-03,SD,BAL,5,7,0.0,0.5432153851124008,0.5403,SD,BAL,0
20250903_CLE@BOS,2025-09-03,BOS,CLE,1,8,0.0,0.5855778462435062,0.5879,BOS,CLE,0
20250903_CWS@MIN,2025-09-03,MIN,CWS,3,4,0.0,0.5726254056124938,0.5734,MIN,CWS,0
20250903_LAA@KC,2025-09-03,KC,LAA,3,4,0.0,0.5754221565456052,0.5765,KC,LAA,0
20250903_LAD@PIT,2025-09-03,PIT,LAD,3,0,1.0,0.48208573833544427,0.4881,LAD,PIT,0
20250903_MIA@WSH,2025-09-03,WSH,MIA,10,5,1.0,0.4941977378236969,0.5,MIA,WSH,0
20250903_NYM@DET,2025-09-03,DET,NYM,6,2,1.0,0.48871100842154014,0.4956,NYM,DET,0
20250903_NYY@HOU,2025-09-03,HOU,NYY,8,7,1.0,0.48481516429183147,0.4912,NYY,HOU,0
20250903_PHI@MIL,2025-09-03,MIL,PHI,6,3,1.0,0.5362820439716842,0.5325,MIL,MIL,1
20250903_SEA@TB,2025-09-03,TB,SEA,9,4,1.0,0.505337028263201,0.5,TB,TB,1
20250903_SF@COL,2025-09-03,COL,SF,8,10,0.0,0.4283614744755338,0.4277,SF,SF,1
20250903_TEX@AZ,2025-09-03,AZ,TEX,2,0,1.0,0.5302904493529137,0.5258,AZ,AZ,1
20250903_TOR@CIN,2025-09-03,CIN,TOR,9,13,0.0,0.44671693707180327,0.4483,TOR,TOR,1
20250902_ATH@STL,2025-09-02,STL,ATH,2,1,1.0,0.5152680700322491,0.5089,STL,STL,1
20250902_ATL@CHC,2025-09-02,CHC,ATL,4,3,1.0,0.5747742106801093,0.5758,CHC,CHC,1
20250902_BAL@SD,2025-09-02,SD,BAL,2,6,0.0,0.5464539603389855,0.544,SD,BAL,0
20250902_CLE@BOS,2025-09-02,BOS,CLE,11,7,1.0,0.6249166870990657,0.632,BOS,BOS,1
20250902_CWS@MIN,2025-09-02,MIN,CWS,3,12,0.0,0.5665912756851373,0.5666,MIN,CWS,0
20250902_LAA@KC,2025-09-02,KC,LAA,1,5,0.0,0.5861335813277532,0.5886,KC,LAA,0
20250902_LAD@PIT,2025-09-02,PIT,LAD,9,7,1.0,0.5111301419082117,0.5042,PIT,PIT,1
20250902_MIA@WSH,2025-09-02,WSH,MIA,5,2,1.0,0.5343804559402477,0.5304,WSH,WSH,1
20250902_NYM@DET,2025-09-02,DET,NYM,5,12,0.0,0.4956168307248176,0.5,NYM,NYM,1
20250902_NYY@HOU,2025-09-02,HOU,NYY,1,7,0.0,0.5068747178324138,0.5,HOU,NYY,0
20250902_SEA@TB,2025-09-02,TB,SEA,6,5,1.0,0.5420466877260712,0.539,TB,TB,1
20250902_SF@COL,2025-09-02,COL,SF,4,7,0.0,0.43384729441300035,0.4339,SF,SF,1
20250902_TEX@AZ,2025-09-02,AZ,TEX,5,3,1.0,0.5293353255381155,0.5247,AZ,AZ,1
20250902_TOR@CIN,2025-09-02,CIN,TOR,9,12,0.0,0.4913521054676696,0.4986,TOR,TOR,1
20250901_ATH@STL,2025-09-01,STL,ATH,3,11,0.0,0.5350616846926686,0.5322,STL,ATH,0
20250901_ATL@CHC,2025-09-01,CHC,ATL,7,6,1.0,0.5331965063295344,0.5301,CHC,CHC,1
20250901_BAL@SD,2025-09-01,SD,BAL,3,4,0.0,0.5509884178352672,0.55,SD,BAL,0
20250901_CLE@BOS,2025-09-01,BOS,CLE,6,4,1.0,0.5757526485091811,0.5777,BOS,BOS,1
20250901_CWS@MIN,2025-09-01,MIN,CWS,5,6,0.0,0.5801965767931165,0.5826,MIN,CWS,0
20250901_LAA@HOU,2025-09-01,HOU,LAA,8,3,1.0,0.5815727756248009,0.5841,HOU,HOU,1
20250901_MIA@WSH,2025-09-01,WSH,MIA,2,0,1.0,0.525557608620002,0.5216,WSH,WSH,1
20250901_NYM@DET,2025-09-01,DET,NYM,8,10,0.0,0.5152531828305096,0.5101,DET,NYM,0
20250901_PHI@MIL,2025-09-01,MIL,PHI,8,10,0.0,0.6023491760367347,0.6073,MIL,PHI,0
20250901_SEA@TB,2025-09-01,TB,SEA,10,2,1.0,0.5326686858751682,0.5296,TB,TB,1
20250901_SF@COL,2025-09-01,COL,SF,2,8,0.0,0.4366503481461042,0.4362,SF,SF,1
20250901_TEX@AZ,2025-09-01,AZ,TEX,5,7,0.0,0.5632415986810637,0.5637,AZ,TEX,0
20250901_TOR@CIN,2025-09-01,CIN,TOR,5,4,1.0,0.4896951972905959,0.4954,TOR,CIN,0
20250831_ATL@PHI,2025-08-31,PHI,ATL,1,3,0.0,0.6564947251929556,0.6671,PHI,ATL,0
20250831_AZ@LAD,2025-08-31,LAD,AZ,5,4,1.0,0.5478734177268547,0.5465,LAD,LAD,1
20250831_BAL@SF,2025-08-31,SF,BAL,13,2,1.0,0.5560691500577358,0.5557,SF,SF,1
20250831_CHC@COL,2025-08-31,COL,CHC,6,5,1.0,0.42507308181473313,0.4233,CHC,COL,0
20250831_DET@KC,2025-08-31,KC,DET,0,5,0.0,0.4601616684013575,0.4624,DET,DET,1
20250831_LAA@HOU,2025-08-31,HOU,LAA,0,3,0.0,0.604139441256153,0.6093,HOU,LAA,0
20250831_MIA@NYM,2025-08-31,NYM,MIA,1,5,0.0,0.6111261796244809,0.617,NYM,MIA,0
20250831_MIL@TOR,2025-08-31,TOR,MIL,8,4,1.0,0.46108199726031196,0.4635,MIL,TOR,0
20250831_NYY@CWS,2025-08-31,CWS,NYY,3,2,1.0,0.4507572696932099,0.4519,NYY,CWS,0
20250831_PIT@BOS,2025-08-31,BOS,PIT,5,2,1.0,0.5720408896183397,0.5735,BOS,BOS,1
20250831_SD@MIN,2025-08-31,MIN,SD,7,2,1.0,0.47883728350999294,0.4833,SD,MIN,0
20250831_SEA@CLE,2025-08-31,CLE,SEA,2,4,0.0,0.5045841246771184,0.5,CLE,SEA,0
20250831_STL@CIN,2025-08-31,CIN,STL,7,4,1.0,0.5531061262782423,0.5524,CIN,CIN,1
20250831_TB@WSH,2025-08-31,WSH,TB,4,7,0.0,0.47860854003008885,0.483,TB,TB,1
20250831_TEX@ATH,2025-08-31,ATH,TEX,6,9,0.0,0.49726008395320825,0.5,TEX,TEX,1
20250830_ATL@PHI,2025-08-30,PHI,ATL,3,2,1.0,0.5995997986636731,0.6042,PHI,PHI,1
20250830_AZ@LAD,2025-08-30,LAD,AZ,1,6,0.0,0.5756900574905947,0.5776,LAD,AZ,0
20250830_BAL@SF,2025-08-30,SF,BAL,1,11,0.0,0.5320512640091085,0.5289,SF,BAL,0
20250830_CHC@COL,2025-08-30,COL,CHC,3,4,0.0,0.44404133430326315,0.4444,CHC,CHC,1
20250830_DET@KC,2025-08-30,KC,DET,3,1,1.0,0.48748563856236926,0.493,DET,KC,0
20250830_LAA@HOU,2025-08-30,HOU,LAA,1,4,0.0,0.6065541613801472,0.6119,HOU,LAA,0
20250830_MIA@NYM,2025-08-30,NYM,MIA,8,11,0.0,0.5817693982648884,0.5844,NYM,MIA,0
20250830_MIL@TOR,2025-08-30,TOR,MIL,1,4,0.0,0.4826750996640041,0.4876,MIL,MIL,1
20250830_NYY@CWS,2025-08-30,CWS,NYY,3,5,0.0,0.4452649853293262,0.4458,NYY,NYY,1
20250830_PIT@BOS,2025-08-30,BOS,PIT,3,10,0.0,0.5395832141704454,0.5373,BOS,PIT,0
20250830_SD@MIN,2025-08-30,MIN,SD,3,12,0.0,0.4819430799330575,0.4868,SD,SD,1
20250830_SEA@CLE,2025-08-30,CLE,SEA,4,3,1.0,0.4841535213837645,0.4892,SEA,CLE,0
20250830_STL@CIN,2025-08-30,CIN,STL,2,4,0.0,0.5356665524228893,0.5329,CIN,STL,0
20250830_TB@WSH,2025-08-30,WSH,TB,1,4,0.0,0.47387390094660425,0.4778,TB,TB,1
20250830_TEX@ATH,2025-08-30,ATH,TEX,3,9,0.0,0.5219900086879351,0.5176,ATH,TEX,0
20250829_ATL@PHI,2025-08-29,PHI,ATL,2,1,1.0,0.6114313805462906,0.6174,PHI,PHI,1
20250829_AZ@LAD,2025-08-29,LAD,AZ,0,3,0.0,0.554850611446244,0.5543,LAD,AZ,0
20250829_BAL@SF,2025-08-29,SF,BAL,15,8,1.0,0.5566047245826778,0.5563,SF,SF,1
20250829_CHC@COL,2025-08-29,COL,CHC,7,11,0.0,0.4331154529135019,0.4322,CHC,CHC,1
20250829_DET@KC,2025-08-29,KC,DET,3,5,0.0,0.5081404275545154,0.5022,KC,DET,0
20250829_LAA@HOU,2025-08-29,HOU,LAA,2,0,1.0,0.6067270751492204,0.6121,HOU,HOU,1
20250829_MIA@NYM,2025-08-29,NYM,MIA,19,9,1.0,0.572101799357384,0.5736,NYM,NYM,1
20250829_MIL@TOR,2025-08-29,TOR,MIL,2,7,0.0,0.5365583601930692,0.5339,TOR,MIL,0
20250829_NYY@CWS,2025-08-29,CWS,NYY,2,10,0.0,0.4412293013826445,0.4413,NYY,NYY,1
20250829_PIT@BOS,2025-08-29,BOS,PIT,2,4,0.0,0.5541760886654414,0.5536,BOS,PIT,0
20250829_SD@MIN,2025-08-29,MIN,SD,7,4,1.0,0.49307725692961496,0.4992,SD,MIN,0
20250829_SEA@CLE,2025-08-29,CLE,SEA,5,4,1.0,0.48011464374782714,0.4847,SEA,CLE,0
20250829_STL@CIN,2025-08-29,CIN,STL,5,7,0.0,0.5228468094114395,0.5186,CIN,STL,0
20250829_TB@WSH,2025-08-29,WSH,TB,1,4,0.0,0.4951391894957761,0.5,TB,TB,1
20250829_TEX@ATH,2025-08-29,ATH,TEX,2,5,0.0,0.5335269571677576,0.5305,ATH,TEX,0
20250828_ATL@PHI,2025-08-28,PHI,ATL,19,4,1.0,0.6049500250155918,0.6102,PHI,PHI,1
20250828_AZ@MIL,2025-08-28,MIL,AZ,4,6,0.0,0.5490756838935199,0.5479,MIL,AZ,0
20250828_BOS@BAL,2025-08-28,BAL,BOS,2,3,0.0,0.4461223999406494,0.4468,BOS,BOS,1
20250828_CHC@SF,2025-08-28,SF,CHC,4,3,1.0,0.5136142621731544,0.5083,SF,SF,1
20250828_COL@HOU,2025-08-28,HOU,COL,4,3,1.0,0.6123347199768073,0.6184,HOU,HOU,1
20250828_MIA@NYM,2025-08-28,NYM,MIA,4,7,0.0,0.5755325132134992,0.5774,NYM,MIA,0
20250828_NYY@CWS,2025-08-28,CWS,NYY,4,10,0.0,0.4295654818299167,0.4283,NYY,NYY,1
20250828_PIT@STL,2025-08-28,STL,PIT,4,1,1.0,0.5184237400025511,0.5136,STL,STL,1
20250827_ATL@MIA,2025-08-27,MIA,ATL,1,12,0.0,0.4993965083196869,0.5,ATL,ATL,1
20250827_AZ@MIL,2025-08-27,MIL,AZ,2,3,0.0,0.5914234316902254,0.5951,MIL,AZ,0
20250827_BOS@BAL,2025-08-27,BAL,BOS,2,3,0.0,0.5026779665245532,0.5,BAL,BOS,0
20250827_CHC@SF,2025-08-27,SF,CHC,12,3,1.0,0.4969272167576154,0.5,CHC,SF,0
20250827_CIN@LAD,2025-08-27,LAD,CIN,5,1,1.0,0.5872900620708734,0.5905,LAD,LAD,1
20250827_COL@HOU,2025-08-27,HOU,COL,4,0,1.0,0.6199705223397803,0.6268,HOU,HOU,1
20250827_DET@ATH,2025-08-27,ATH,DET,7,0,1.0,0.494995422541047,0.5,DET,ATH,0
20250827_KC@CWS,2025-08-27,CWS,KC,1,12,0.0,0.42075063476801666,0.4184,KC,KC,1
20250827_LAA@TEX,2025-08-27,TEX,LAA,20,3,1.0,0.5355110110219077,0.5327,TEX,TEX,1
20250827_MIN@TOR,2025-08-27,TOR,MIN,9,8,1.0,0.5802265696403356,0.5826,TOR,TOR,1
20250827_PHI@NYM,2025-08-27,NYM,PHI,6,0,1.0,0.5593131633884426,0.5593,NYM,NYM,1
20250827_PIT@STL,2025-08-27,STL,PIT,1,2,0.0,0.5474484453671394,0.5461,STL,PIT,0
20250827_SD@SEA,2025-08-27,SEA,SD,4,3,1.0,0.495666040609342,0.5,SD,SEA,0
20250827_TB@CLE,2025-08-27,CLE,TB,4,3,1.0,0.49044752520129975,0.4963,TB,CLE,0
20250827_WSH@NYY,2025-08-27,NYY,WSH,11,2,1.0,0.6148750358668519,0.6212,NYY,NYY,1
20250826_ATL@MIA,2025-08-26,MIA,ATL,2,11,0.0,0.5131208576120723,0.5077,MIA,ATL,0
20250826_AZ@MIL,2025-08-26,MIL,AZ,9,8,1.0,0.6359827364669769,0.6445,MIL,MIL,1
20250826_BOS@BAL,2025-08-26,BAL,BOS,0,5,0.0,0.4935588487257476,0.4997,BOS,BOS,1
20250826_CHC@SF,2025-08-26,SF,CHC,5,2,1.0,0.4932814804531046,0.4994,CHC,SF,0
20250826_CIN@LAD,2025-08-26,LAD,CIN,6,3,1.0,0.5770532193825141,0.5791,LAD,LAD,1
20250826_COL@HOU,2025-08-26,HOU,COL,1,6,0.0,0.6519465198251753,0.6621,HOU,COL,0
20250826_DET@ATH,2025-08-26,ATH,DET,7,6,1.0,0.4717696984370325,0.4754,DET,ATH,0
20250826_KC@CWS,2025-08-26,CWS,KC,4,5,0.0,0.45748841773500215,0.4594,KC,KC,1
20250826_LAA@TEX,2025-08-26,TEX,LAA,7,3,1.0,0.5228666243461711,0.5186,TEX,TEX,1
20250826_MIN@TOR,2025-08-26,TOR,MIN,5,7,0.0,0.5992039242659836,0.6038,TOR,MIN,0
20250826_PHI@NYM,2025-08-26,NYM,PHI,6,5,1.0,0.5006109874677276,0.5,NYM,NYM,1
20250826_PIT@STL,2025-08-26,STL,PIT,3,8,0.0,0.5488628021121382,0.5476,STL,PIT,0
20250826_SD@SEA,2025-08-26,SEA,SD,6,7,0.0,0.4744113192388525,0.4784,SD,SD,1
20250826_TB@CLE,2025-08-26,CLE,TB,3,0,1.0,0.5245721836772553,0.5205,CLE,CLE,1
20250826_WSH@NYY,2025-08-26,NYY,WSH,5,1,1.0,0.5819021802929522,0.5845,NYY,NYY,1
20250825_ATL@MIA,2025-08-25,MIA,ATL,2,1,1.0,0.5064524588193297,0.5,MIA,MIA,1
20250825_AZ@MIL,2025-08-25,MIL,AZ,7,5,1.0,0.6092389071447,0.6142,MIL,MIL,1
20250825_BOS@BAL,2025-08-25,BAL,BOS,3,4,0.0,0.49083822058431187,0.4978,BOS,BOS,1
20250825_CIN@LAD,2025-08-25,LAD,CIN,7,0,1.0,0.5828529703767321,0.5848,LAD,LAD,1
20250825_DET@ATH,2025-08-25,ATH,DET,8,3,1.0,0.4484026217211961,0.4502,DET,ATH,0
20250825_KC@CWS,2025-08-25,CWS,KC,7,0,1.0,0.4292663241127628,0.4288,KC,CWS,0
20250825_LAA@TEX,2025-08-25,TEX,LAA,0,4,0.0,0.5740899797752097,0.5749,TEX,LAA,0
20250825_MIN@TOR,2025-08-25,TOR,MIN,10,4,1.0,0.5849604825489503,0.5871,TOR,TOR,1
20250825_PHI@NYM,2025-08-25,NYM,PHI,13,3,1.0,0.47089985980354804,0.4755,PHI,NYM,0
20250825_PIT@STL,2025-08-25,STL,PIT,7,6,1.0,0.49898321101841236,0.5,PIT,STL,0
20250825_SD@SEA,2025-08-25,SEA,SD,9,6,1.0,0.5081454553296139,0.5011,SEA,SEA,1
20250825_TB@CLE,2025-08-25,CLE,TB,0,9,0.0,0.5177270624784678,0.5118,CLE,TB,0
20250825_WSH@NYY,2025-08-25,NYY,WSH,10,5,1.0,0.5981164978330641,0.6018,NYY,NYY,1
20250824_ATH@SEA,2025-08-24,SEA,ATH,11,4,1.0,0.5326089147525409,0.5285,SEA,SEA,1
20250824_BOS@NYY,2025-08-24,NYY,BOS,7,2,1.0,0.5750482430854227,0.576,NYY,NYY,1
20250824_CHC@LAA,2025-08-24,LAA,CHC,3,4,0.0,0.46029947302935326,0.4636,CHC,CHC,1
20250824_CIN@AZ,2025-08-24,AZ,CIN,1,6,0.0,0.53691656461138,0.5333,AZ,CIN,0
20250824_CLE@TEX,2025-08-24,TEX,CLE,5,0,1.0,0.5321278736415014,0.5279,TEX,TEX,1
20250824_COL@PIT,2025-08-24,PIT,COL,4,0,1.0,0.5572626517346632,0.5561,PIT,PIT,1
20250824_HOU@BAL,2025-08-24,BAL,HOU,3,2,1.0,0.5134484271441666,0.507,BAL,BAL,1
20250824_KC@DET,2025-08-24,DET,KC,8,10,0.0,0.5485507197770998,0.5463,DET,KC,0
20250824_LAD@SD,2025-08-24,SD,LAD,2,8,0.0,0.5499088292660939,0.5479,SD,LAD,0
20250824_MIN@CWS,2025-08-24,CWS,MIN,8,0,1.0,0.47060189315577544,0.4751,MIN,CWS,0
20250824_NYM@ATL,2025-08-24,ATL,NYM,4,3,1.0,0.4943125260520848,0.5,NYM,ATL,0
20250824_SF@MIL,2025-08-24,MIL,SF,3,4,0.0,0.622045135361095,0.6285,MIL,SF,0
20250824_STL@TB,2025-08-24,TB,STL,7,2,1.0,0.5361223032004726,0.5324,TB,TB,1
20250824_TOR@MIA,2025-08-24,MIA,TOR,5,3,1.0,0.45682541536630367,0.4597,TOR,MIA,0
20250824_WSH@PHI,2025-08-24,PHI,WSH,3,2,1.0,0.656473696974335,0.6666,PHI,PHI,1
20250823_ATH@SEA,2025-08-23,SEA,ATH,1,2,0.0,0.5628817018432968,0.5624,SEA,ATH,0
20250823_BOS@NYY,2025-08-23,NYY,BOS,1,12,0.0,0.5721142237826362,0.5727,NYY,BOS,0
20250823_CHC@LAA,2025-08-23,LAA,CHC,1,12,0.0,0.46705486779770955,0.4711,CHC,CHC,1
20250823_CIN@AZ,2025-08-23,AZ,CIN,10,1,1.0,0.5359524418198328,0.5322,AZ,AZ,1
20250823_CLE@TEX,2025-08-23,TEX,CLE,10,0,1.0,0.5453217898309364,0.5427,TEX,TEX,1
20250823_COL@PIT,2025-08-23,PIT,COL,5,1,1.0,0.5740497901741918,0.5749,PIT,PIT,1
20250823_HOU@BAL,2025-08-23,BAL,HOU,8,9,0.0,0.536018897200069,0.5323,BAL,HOU,0
20250823_KC@DET,2025-08-23,DET,KC,4,2,1.0,0.48594432134376503,0.4923,KC,DET,0
20250823_LAD@SD,2025-08-23,SD,LAD,5,1,1.0,0.5256785067289492,0.5207,SD,SD,1
20250823_MIN@CWS,2025-08-23,CWS,MIN,7,3,1.0,0.444942543586572,0.4464,MIN,CWS,0
20250823_NYM@ATL,2025-08-23,ATL,NYM,2,9,0.0,0.5203168993128887,0.5147,ATL,NYM,0
20250823_SF@MIL,2025-08-23,MIL,SF,1,7,0.0,0.6391407551318878,0.6474,MIL,SF,0
20250823_TOR@MIA,2025-08-23,MIA,TOR,6,7,0.0,0.43935266361179925,0.4401,TOR,TOR,1
20250823_WSH@PHI,2025-08-23,PHI,WSH,6,4,1.0,0.6496584413584098,0.6591,PHI,PHI,1
20250822_ATH@SEA,2025-08-22,SEA,ATH,3,2,1.0,0.5475647724705907,0.5452,SEA,SEA,1
20250822_BOS@NYY,2025-08-22,NYY,BOS,0,1,0.0,0.5788753645447179,0.5803,NYY,BOS,0
20250822_CHC@LAA,2025-08-22,LAA,CHC,2,3,0.0,0.464476926887642,0.4683,CHC,CHC,1
20250822_CIN@AZ,2025-08-22,AZ,CIN,6,5,1.0,0.5532356072635218,0.5516,AZ,AZ,1
20250822_CLE@TEX,2025-08-22,TEX,CLE,4,3,1.0,0.5644079960904327,0.5641,TEX,TEX,1
20250822_COL@PIT,2025-08-22,PIT,COL,9,0,1.0,0.5558134144038546,0.5545,PIT,PIT,1
20250822_HOU@BAL,2025-08-22,BAL,HOU,7,10,0.0,0.5114060868085867,0.5047,BAL,HOU,0
20250822_KC@DET,2025-08-22,DET,KC,7,5,1.0,0.48725554211814726,0.4938,KC,DET,0
20250822_LAD@SD,2025-08-22,SD,LAD,2,1,1.0,0.5334415438735034,0.5294,SD,SD,1
20250822_MIN@CWS,2025-08-22,CWS,MIN,7,9,0.0,0.4577236908655067,0.4607,MIN,MIN,1
20250822_NYM@ATL,2025-08-22,ATL,NYM,7,12,0.0,0.49917074858548727,0.5,NYM,NYM,1
20250822_SF@MIL,2025-08-22,MIL,SF,5,4,1.0,0.6444995126322104,0.6534,MIL,MIL,1
20250822_STL@TB,2025-08-22,TB,STL,10,6,1.0,0.5254573256865197,0.5205,TB,TB,1
20250822_TOR@MIA,2025-08-22,MIA,TOR,2,5,0.0,0.45629241156072065,0.4591,TOR,TOR,1
20250822_WSH@PHI,2025-08-22,PHI,WSH,4,5,0.0,0.6490172326572714,0.6584,PHI,WSH,0
20250821_ATH@MIN,2025-08-21,MIN,ATH,3,8,0.0,0.5030762688107202,0.5,MIN,ATH,0
20250821_BOS@NYY,2025-08-21,NYY,BOS,3,6,0.0,0.5880217989784832,0.5905,NYY,BOS,0
20250821_HOU@BAL,2025-08-21,BAL,HOU,2,7,0.0,0.5347134698101932,0.5308,BAL,HOU,0
20250821_LAD@COL,2025-08-21,COL,LAD,5,9,0.0,0.49983548635463226,0.5,LAD,LAD,1
20250821_MIL@CHC,2025-08-21,CHC,MIL,1,4,0.0,0.4591555277234908,0.4623,MIL,MIL,1
20250821_NYM@WSH,2025-08-21,WSH,NYM,9,3,1.0,0.4985082817785501,0.5,NYM,WSH,0
20250821_SF@SD,2025-08-21,SD,SF,8,4,1.0,0.6485530643914375,0.6579,SD,SD,1
20250821_STL@TB,2025-08-21,TB,STL,4,7,0.0,0.518802340868621,0.513,TB,STL,0
20250821_TEX@KC,2025-08-21,KC,TEX,6,4,1.0,0.5957982787059494,0.5992,KC,KC,1
20250820_ATH@MIN,2025-08-20,MIN,ATH,2,4,0.0,0.49690689026732776,0.5,ATH,ATH,1
20250820_CIN@LAA,2025-08-20,LAA,CIN,2,1,1.0,0.5239348152909689,0.5188,LAA,LAA,1
20250820_CLE@AZ,2025-08-20,AZ,CLE,3,2,1.0,0.5122633452427438,0.5057,AZ,AZ,1
20250820_CWS@ATL,2025-08-20,ATL,CWS,1,0,1.0,0.5834794998003803,0.5855,ATL,ATL,1
20250820_HOU@DET,2025-08-20,DET,HOU,7,2,1.0,0.5772807753261863,0.5785,DET,DET,1
20250820_LAD@COL,2025-08-20,COL,LAD,8,3,1.0,0.3603896654301227,0.352,LAD,COL,0
20250820_MIL@CHC,2025-08-20,CHC,MIL,4,3,1.0,0.4092173373688772,0.4064,MIL,CHC,0
20250820_NYM@WSH,2025-08-20,WSH,NYM,5,4,1.0,0.4469209641802029,0.4486,NYM,WSH,0
20250820_NYY@TB,2025-08-20,TB,NYY,4,6,0.0,0.4394749349178935,0.4402,NYY,NYY,1
20250820_SEA@PHI,2025-08-20,PHI,SEA,11,2,1.0,0.5866723263496816,0.589,PHI,PHI,1
20250820_SF@SD,2025-08-20,SD,SF,8,1,1.0,0.5999500834601854,0.6038,SD,SD,1
20250820_STL@MIA,2025-08-20,MIA,STL,6,2,1.0,0.5163695278966928,0.5103,MIA,MIA,1
20250820_TEX@KC,2025-08-20,KC,TEX,3,6,0.0,0.6255320513657647,0.6323,KC,TEX,0
20250820_TOR@PIT,2025-08-20,PIT,TOR,2,1,1.0,0.4398370389984234,0.4406,TOR,PIT,0
20250819_ATH@MIN,2025-08-19,MIN,ATH,3,6,0.0,0.5136550456272966,0.5072,MIN,ATH,0
20250819_BAL@BOS,2025-08-19,BOS,BAL,3,4,0.0,0.5285878162644283,0.524,BOS,BAL,0
20250819_CIN@LAA,2025-08-19,LAA,CIN,4,6,0.0,0.4496116906908493,0.4516,CIN,CIN,1
20250819_CLE@AZ,2025-08-19,AZ,CLE,6,5,1.0,0.5312872456208283,0.527,AZ,AZ,1
20250819_CWS@ATL,2025-08-19,ATL,CWS,11,10,1.0,0.5512016113976453,0.5493,ATL,ATL,1
20250819_HOU@DET,2025-08-19,DET,HOU,1,0,1.0,0.5834255620766289,0.5854,DET,DET,1
20250819_LAD@COL,2025-08-19,COL,LAD,4,11,0.0,0.4097852887062285,0.407,LAD,LAD,1
20250819_MIL@CHC,2025-08-19,CHC,MIL,4,1,1.0,0.4295494555746807,0.4291,MIL,CHC,0
20250819_MIL@CHC_2,2025-08-19,CHC,MIL,6,4,1.0,0.4386285840936494,0.4393,MIL,CHC,0
20250819_NYM@WSH,2025-08-19,WSH,NYM,1,8,0.0,0.43059399854039293,0.4303,NYM,NYM,1
20250819_NYY@TB,2025-08-19,TB,NYY,3,13,0.0,0.458176789998616,0.4612,NYY,NYY,1
20250819_SEA@PHI,2025-08-19,PHI,SEA,6,4,1.0,0.5833652792161453,0.5853,PHI,PHI,1
20250819_SF@SD,2025-08-19,SD,SF,5,1,1.0,0.6038125221416778,0.6082,SD,SD,1
20250819_STL@MIA,2025-08-19,MIA,STL,4,7,0.0,0.5458998160370824,0.5434,MIA,STL,0
20250819_TEX@KC,2025-08-19,KC,TEX,5,2,1.0,0.5917041920125341,0.5946,KC,KC,1
20250819_TOR@PIT,2025-08-19,PIT,TOR,3,7,0.0,0.4307739120293361,0.4305,TOR,TOR,1
20250818_BAL@BOS,2025-08-18,BOS,BAL,3,6,0.0,0.5348614348308307,0.5326,BOS,BAL,0
20250818_CIN@LAA,2025-08-18,LAA,CIN,1,4,0.0,0.5387308212057893,0.5371,LAA,CIN,0
20250818_CLE@AZ,2025-08-18,AZ,CLE,1,3,0.0,0.5235086785118414,0.5194,AZ,CLE,0
20250818_CWS@ATL,2025-08-18,ATL,CWS,9,13,0.0,0.6071820348023763,0.6166,ATL,CWS,0
20250818_HOU@DET,2025-08-18,DET,HOU,10,0,1.0,0.585395124682258,0.5914,DET,DET,1
20250818_LAD@COL,2025-08-18,COL,LAD,4,3,1.0,0.399867958279538,0.3915,LAD,COL,0
20250818_MIL@CHC,2025-08-18,CHC,MIL,0,7,0.0,0.4234879485806821,0.4189,MIL,MIL,1
20250818_SEA@PHI,2025-08-18,PHI,SEA,12,7,1.0,0.499625647056267,0.5,SEA,PHI,0
20250818_SF@SD,2025-08-18,SD,SF,3,4,0.0,0.6064000859674735,0.6157,SD,SF,0
20250818_STL@MIA,2025-08-18,MIA,STL,3,8,0.0,0.5530177951750661,0.5538,MIA,STL,0
20250818_TEX@KC,2025-08-18,KC,TEX,4,3,1.0,0.5631256839097815,0.5655,KC,KC,1
20250818_TOR@PIT,2025-08-18,PIT,TOR,5,2,1.0,0.4623847098765603,0.4642,TOR,PIT,0
20250817_ATL@CLE,2025-08-17,CLE,ATL,4,5,0.0,0.5491658560181991,0.5493,CLE,ATL,0
20250817_AZ@COL,2025-08-17,COL,AZ,6,5,1.0,0.43038622536699234,0.4269,AZ,COL,0
20250817_BAL@HOU,2025-08-17,HOU,BAL,0,12,0.0,0.5808464228016769,0.5861,HOU,BAL,0
20250817_CWS@KC,2025-08-17,KC,CWS,6,2,1.0,0.6129634379016101,0.6233,KC,KC,1
20250817_DET@MIN,2025-08-17,MIN,DET,8,1,1.0,0.5037578624530458,0.5,MIN,MIN,1
20250817_LAA@ATH,2025-08-17,ATH,LAA,5,11,0.0,0.5533327141238576,0.5541,ATH,LAA,0
20250817_MIA@BOS,2025-08-17,BOS,MIA,3,5,0.0,0.648291862752826,0.6638,BOS,MIA,0
20250817_MIL@CIN,2025-08-17,CIN,MIL,3,2,1.0,0.45110152161705586,0.451,MIL,CIN,0
20250817_NYY@STL,2025-08-17,STL,NYY,4,8,0.0,0.4906379358904304,0.4971,NYY,NYY,1
20250817_PHI@WSH,2025-08-17,WSH,PHI,9,11,0.0,0.4241139535835428,0.4196,PHI,PHI,1
20250817_PIT@CHC,2025-08-17,CHC,PIT,4,3,1.0,0.5751857122446435,0.5796,CHC,CHC,1
20250817_SD@LAD,2025-08-17,LAD,SD,5,4,1.0,0.5171836828877914,0.512,LAD,LAD,1
20250817_SEA@NYM,2025-08-17,NYM,SEA,7,3,1.0,0.5003246202590652,0.5,NYM,NYM,1
20250817_TB@SF,2025-08-17,SF,TB,7,1,1.0,0.5212486421869021,0.5167,SF,SF,1
20250817_TEX@TOR,2025-08-17,TOR,TEX,4,10,0.0,0.6053252706619444,0.6145,TOR,TEX,0
20250816_ATL@CLE,2025-08-16,CLE,ATL,1,10,0.0,0.5242853233727753,0.5203,CLE,ATL,0
20250816_AZ@COL,2025-08-16,COL,AZ,10,7,1.0,0.4457324008317657,0.4448,AZ,COL,0
20250816_BAL@HOU,2025-08-16,HOU,BAL,5,4,1.0,0.5461472403063462,0.5458,HOU,HOU,1
20250816_CWS@KC,2025-08-16,KC,CWS,6,2,1.0,0.5885329259471344,0.5951,KC,KC,1
20250816_DET@MIN,2025-08-16,MIN,DET,5,8,0.0,0.5480217655144372,0.5479,MIN,DET,0
20250816_LAA@ATH,2025-08-16,ATH,LAA,7,2,1.0,0.5501365926085952,0.5504,ATH,ATH,1
20250816_MIA@BOS,2025-08-16,BOS,MIA,7,5,1.0,0.5616847396362997,0.5639,BOS,BOS,1
20250816_MIL@CIN,2025-08-16,CIN,MIL,5,6,0.0,0.413482024976713,0.4073,MIL,MIL,1
20250816_NYY@STL,2025-08-16,STL,NYY,8,12,0.0,0.5023188040616717,0.5,STL,NYY,0
20250816_PHI@WSH,2025-08-16,WSH,PHI,2,0,1.0,0.4376873276846758,0.4354,PHI,WSH,0
20250816_PIT@CHC,2025-08-16,CHC,PIT,3,1,1.0,0.5910650702489172,0.598,CHC,CHC,1
20250816_SD@LAD,2025-08-16,LAD,SD,6,0,1.0,0.47938538797649954,0.484,SD,LAD,0
20250816_SEA@NYM,2025-08-16,NYM,SEA,3,1,1.0,0.5075616099352391,0.5008,NYM,NYM,1
20250816_TB@SF,2025-08-16,SF,TB,1,2,0.0,0.5245371729631108,0.5206,SF,TB,0
20250816_TEX@TOR,2025-08-16,TOR,TEX,14,2,1.0,0.6074038131658526,0.6169,TOR,TOR,1
20250815_ATL@CLE,2025-08-15,CLE,ATL,0,2,0.0,0.5555741291039453,0.5567,CLE,ATL,0
20250815_AZ@COL,2025-08-15,COL,AZ,4,3,1.0,0.3938194669644942,0.3845,AZ,COL,0
20250815_BAL@HOU,2025-08-15,HOU,BAL,0,7,0.0,0.6063770974939007,0.6157,HOU,BAL,0
20250815_CWS@KC,2025-08-15,KC,CWS,3,1,1.0,0.5960324794011139,0.6037,KC,KC,1
20250815_DET@MIN,2025-08-15,MIN,DET,0,7,0.0,0.5029702535480518,0.5,MIN,DET,0
20250815_LAA@ATH,2025-08-15,ATH,LAA,10,3,1.0,0.5056681415056333,0.5,ATH,ATH,1
20250815_MIA@BOS,2025-08-15,BOS,MIA,2,1,1.0,0.5636775867419342,0.5662,BOS,BOS,1
20250815_MIL@CIN,2025-08-15,CIN,MIL,8,10,0.0,0.4449496154356385,0.4439,MIL,MIL,1
20250815_NYY@STL,2025-08-15,STL,NYY,3,4,0.0,0.4491999967371263,0.4488,NYY,NYY,1
20250815_PHI@WSH,2025-08-15,WSH,PHI,2,6,0.0,0.4101913820200016,0.4035,PHI,PHI,1
20250815_PIT@CHC,2025-08-15,CHC,PIT,2,3,0.0,0.5959915986188417,0.6037,CHC,PIT,0
20250815_SD@LAD,2025-08-15,LAD,SD,3,2,1.0,0.5023821286249881,0.5,LAD,LAD,1
20250815_SEA@NYM,2025-08-15,NYM,SEA,9,11,0.0,0.5201512733870978,0.5154,NYM,SEA,0
20250815_TB@SF,2025-08-15,SF,TB,6,7,0.0,0.5079667617349678,0.5012,SF,TB,0
20250815_TEX@TOR,2025-08-15,TOR,TEX,6,5,1.0,0.5654873960995185,0.5683,TOR,TOR,1
20250814_ATL@NYM,2025-08-14,NYM,ATL,3,4,0.0,0.5671700209379478,0.5702,NYM,ATL,0
20250814_AZ@COL,2025-08-14,COL,AZ,2,8,0.0,0.3838645962906788,0.373,AZ,AZ,1
20250814_CHC@TOR,2025-08-14,TOR,CHC,2,1,1.0,0.5673888867363328,0.5705,TOR,TOR,1
20250814_DET@MIN,2025-08-14,MIN,DET,3,4,0.0,0.4423619361987259,0.4409,DET,DET,1
20250814_MIA@CLE,2025-08-14,CLE,MIA,9,4,1.0,0.5084190517089575,0.5018,CLE,CLE,1
20250814_PHI@WSH,2025-08-14,WSH,PHI,3,2,1.0,0.39637753614443155,0.3875,PHI,WSH,0
20250814_SEA@BAL,2025-08-14,BAL,SEA,5,3,1.0,0.4553117090515387,0.4559,SEA,BAL,0
20250813_ATL@NYM,2025-08-13,NYM,ATL,6,11,0.0,0.611361373434816,0.6215,NYM,ATL,0
20250813_AZ@TEX,2025-08-13,TEX,AZ,4,6,0.0,0.5343721751414934,0.532,TEX,AZ,0
20250813_BOS@HOU,2025-08-13,HOU,BOS,4,1,1.0,0.5481975442917049,0.5481,HOU,HOU,1
20250813_CHC@TOR,2025-08-13,TOR,CHC,1,4,0.0,0.5800451917959477,0.5852,TOR,CHC,0
20250813_COL@STL,2025-08-13,STL,COL,5,6,0.0,0.636549533606584,0.6504,STL,COL,0
20250813_DET@CWS,2025-08-13,CWS,DET,0,1,0.0,0.48470075564597015,0.4902,DET,DET,1
20250813_LAD@LAA,2025-08-13,LAA,LAD,6,5,1.0,0.4529762862155173,0.4532,LAD,LAA,0
20250813_MIA@CLE,2025-08-13,CLE,MIA,4,13,0.0,0.5763882477045511,0.581,CLE,MIA,0
20250813_MIN@NYY,2025-08-13,NYY,MIN,1,4,0.0,0.596594216371864,0.6044,NYY,MIN,0
20250813_PHI@CIN,2025-08-13,CIN,PHI,8,0,1.0,0.4613319245405377,0.463,PHI,CIN,0
20250813_PIT@MIL,2025-08-13,MIL,PIT,12,5,1.0,0.7029959501949701,0.7255,MIL,MIL,1
20250813_SD@SF,2025-08-13,SF,SD,1,11,0.0,0.442528109063976,0.441,SD,SD,1
20250813_SEA@BAL,2025-08-13,BAL,SEA,4,3,1.0,0.41121638227929475,0.4047,SEA,BAL,0
20250813_TB@ATH,2025-08-13,ATH,TB,2,8,0.0,0.535005764100491,0.5328,ATH,TB,0
20250813_WSH@KC,2025-08-13,KC,WSH,7,8,0.0,0.626829052884662,0.6393,KC,WSH,0
20250812_ATL@NYM,2025-08-12,NYM,ATL,13,5,1.0,0.5340291028278925,0.5316,NYM,NYM,1
20250812_AZ@TEX,2025-08-12,TEX,AZ,2,3,0.0,0.5565514366645029,0.5579,TEX,AZ,0
20250812_BOS@HOU,2025-08-12,HOU,BOS,1,14,0.0,0.5585998948198627,0.5603,HOU,BOS,0
20250812_CHC@TOR,2025-08-12,TOR,CHC,5,1,1.0,0.5629005258522448,0.5653,TOR,TOR,1
20250812_COL@STL,2025-08-12,STL,COL,0,3,0.0,0.6331437867966234,0.6465,STL,COL,0
20250812_DET@CWS,2025-08-12,CWS,DET,9,6,1.0,0.4448785239120667,0.4438,DET,CWS,0
20250812_LAD@LAA,2025-08-12,LAA,LAD,7,6,1.0,0.4777515988005723,0.4821,LAD,LAA,0
20250812_MIA@CLE,2025-08-12,CLE,MIA,4,3,1.0,0.5938550895226526,0.6012,CLE,CLE,1
20250812_MIN@NYY,2025-08-12,NYY,MIN,9,1,1.0,0.6020333891085492,0.6107,NYY,NYY,1
20250812_PHI@CIN,2025-08-12,CIN,PHI,6,1,1.0,0.46685631041861975,0.4694,PHI,CIN,0
20250812_PIT@MIL,2025-08-12,MIL,PIT,14,0,1.0,0.6389821501224718,0.6532,MIL,MIL,1
20250812_SD@SF,2025-08-12,SF,SD,1,5,0.0,0.4547503895927901,0.4553,SD,SD,1
20250812_SEA@BAL,2025-08-12,BAL,SEA,0,1,0.0,0.4471915981516544,0.4465,SEA,SEA,1
20250812_TB@ATH,2025-08-12,ATH,TB,6,0,1.0,0.5119636958950897,0.5059,ATH,ATH,1
20250812_WSH@KC,2025-08-12,KC,WSH,8,5,1.0,0.6282444312983639,0.6409,KC,KC,1
20250811_AZ@TEX,2025-08-11,TEX,AZ,7,6,1.0,0.550930118569138,0.5512,TEX,TEX,1
20250811_BOS@HOU,2025-08-11,HOU,BOS,7,6,1.0,0.5011910959282241,0.5,HOU,HOU,1
20250811_COL@STL,2025-08-11,STL,COL,3,2,1.0,0.6033192992097796,0.6097,STL,STL,1
20250811_DET@CWS,2025-08-11,CWS,DET,1,2,0.0,0.470888148903081,0.4733,DET,DET,1
20250811_LAD@LAA,2025-08-11,LAA,LAD,7,4,1.0,0.4422848271504916,0.4412,LAD,LAA,0
20250811_MIN@NYY,2025-08-11,NYY,MIN,6,2,1.0,0.5471240529831838,0.5469,NYY,NYY,1
20250811_PHI@CIN,2025-08-11,CIN,PHI,1,4,0.0,0.5325906542938739,0.5306,CIN,PHI,0
20250811_PIT@MIL,2025-08-11,MIL,PIT,7,1,1.0,0.6605260130510388,0.6731,MIL,MIL,1
20250811_SD@SF,2025-08-11,SF,SD,1,4,0.0,0.4951998192906972,0.5,SD,SD,1
20250811_TB@ATH,2025-08-11,ATH,TB,4,7,0.0,0.5168219984576701,0.5129,ATH,TB,0
20250811_WSH@KC,2025-08-11,KC,WSH,7,4,1.0,0.5525976071123876,0.553,KC,KC,1
20250810_ATH@BAL,2025-08-10,BAL,ATH,2,3,0.0,0.5474604425869817,0.5473,BAL,ATH,0
20250810_BOS@SD,2025-08-10,SD,BOS,6,2,1.0,0.5700659061974647,0.5726,SD,SD,1
20250810_CHC@STL,2025-08-10,STL,CHC,3,2,1.0,0.5197216333743361,0.5162,STL,STL,1
20250810_CIN@PIT,2025-08-10,PIT,CIN,8,14,0.0,0.5262068030203967,0.5235,PIT,CIN,0
20250810_CLE@CWS,2025-08-10,CWS,CLE,6,4,1.0,0.47168571125368336,0.4742,CLE,CWS,0
20250810_COL@AZ,2025-08-10,AZ,COL,13,6,1.0,0.6416297097946049,0.6522,AZ,AZ,1
20250810_HOU@NYY,2025-08-10,NYY,HOU,1,7,0.0,0.5594826819874144,0.5607,NYY,HOU,0
20250810_KC@MIN,2025-08-10,MIN,KC,5,3,1.0,0.46139201030731086,0.4626,KC,MIN,0
20250810_LAA@DET,2025-08-10,DET,LAA,9,5,1.0,0.5591017765294842,0.5603,DET,DET,1
20250810_MIA@ATL,2025-08-10,ATL,MIA,7,1,1.0,0.538375310862433,0.5371,ATL,ATL,1
20250810_NYM@MIL,2025-08-10,MIL,NYM,7,6,1.0,0.5828447709526101,0.5869,MIL,MIL,1
20250810_PHI@TEX,2025-08-10,TEX,PHI,2,4,0.0,0.4939049721750714,0.4991,PHI,PHI,1
20250810_TB@SEA,2025-08-10,SEA,TB,6,3,1.0,0.597367545985881,0.6031,SEA,SEA,1
20250810_TOR@LAD,2025-08-10,LAD,TOR,4,5,0.0,0.5669290263648843,0.5691,LAD,TOR,0
20250810_WSH@SF,2025-08-10,SF,WSH,0,8,0.0,0.5715047267225739,0.5742,SF,WSH,0
20250809_ATH@BAL,2025-08-09,BAL,ATH,3,11,0.0,0.4951765855387999,0.5,ATH,ATH,1
20250809_BOS@SD,2025-08-09,SD,BOS,5,4,1.0,0.5300669841707542,0.5278,SD,SD,1
20250809_CHC@STL,2025-08-09,STL,CHC,1,9,0.0,0.5157528137947955,0.5117,STL,CHC,0
20250809_CIN@PIT,2025-08-09,PIT,CIN,1,2,0.0,0.5294614866282872,0.5271,PIT,CIN,0
20250809_CLE@CWS,2025-08-09,CWS,CLE,1,3,0.0,0.46810101330754544,0.4702,CLE,CLE,1
20250809_COL@AZ,2025-08-09,AZ,COL,6,5,1.0,0.6456858562766283,0.6567,AZ,AZ,1
20250809_HOU@NYY,2025-08-09,NYY,HOU,5,4,1.0,0.5045563491771423,0.5,NYY,NYY,1
20250809_KC@MIN,2025-08-09,MIN,KC,0,2,0.0,0.469044715191413,0.4712,KC,KC,1
20250809_LAA@DET,2025-08-09,DET,LAA,4,7,0.0,0.5573701588369737,0.5584,DET,LAA,0
20250809_MIA@ATL,2025-08-09,ATL,MIA,8,6,1.0,0.46209302855651646,0.4634,MIA,ATL,0
20250809_MIA@ATL_2,2025-08-09,ATL,MIA,7,1,1.0,0.482495940030413,0.4863,MIA,ATL,0
20250809_NYM@MIL,2025-08-09,MIL,NYM,7,4,1.0,0.5678177216302774,0.5701,MIL,MIL,1
20250809_PHI@TEX,2025-08-09,TEX,PHI,2,3,0.0,0.5118579224418935,0.5074,TEX,PHI,0
20250809_TB@SEA,2025-08-09,SEA,TB,7,4,1.0,0.5804301688908973,0.5842,SEA,SEA,1
20250809_TOR@LAD,2025-08-09,LAD,TOR,9,1,1.0,0.5316232947665158,0.5295,LAD,LAD,1
20250809_WSH@SF,2025-08-09,SF,WSH,2,4,0.0,0.6112370224528979,0.6185,SF,WSH,0
20250808_ATH@BAL,2025-08-08,BAL,ATH,3,2,1.0,0.4784117422894496,0.4817,ATH,BAL,0
20250808_BOS@SD,2025-08-08,SD,BOS,2,10,0.0,0.5712837103849966,0.574,SD,BOS,0
20250808_CHC@STL,2025-08-08,STL,CHC,5,0,1.0,0.47546944327046115,0.4784,CHC,STL,0
20250808_CIN@PIT,2025-08-08,PIT,CIN,3,2,1.0,0.4665068155825767,0.4684,CIN,PIT,0
20250808_CLE@CWS,2025-08-08,CWS,CLE,5,9,0.0,0.48214742354764595,0.4859,CLE,CLE,1
20250808_COL@AZ,2025-08-08,AZ,COL,6,1,1.0,0.6194647865014441,0.6277,AZ,AZ,1
20250808_HOU@NYY,2025-08-08,NYY,HOU,3,5,0.0,0.520660215469378,0.5172,NYY,HOU,0
20250808_KC@MIN,2025-08-08,MIN,KC,9,4,1.0,0.49361402228513224,0.4988,KC,MIN,0
20250808_LAA@DET,2025-08-08,DET,LAA,6,5,1.0,0.6020513534505788,0.6083,DET,DET,1
20250808_MIA@ATL,2025-08-08,ATL,MIA,1,5,0.0,0.45606874210166204,0.4567,MIA,MIA,1
20250808_NYM@MIL,2025-08-08,MIL,NYM,3,2,1.0,0.6019475757162328,0.6082,MIL,MIL,1
20250808_PHI@TEX,2025-08-08,TEX,PHI,1,9,0.0,0.5210492012115798,0.5177,TEX,PHI,0
20250808_TB@SEA,2025-08-08,SEA,TB,3,2,1.0,0.5908174827913742,0.5958,SEA,SEA,1
20250808_TOR@LAD,2025-08-08,LAD,TOR,5,1,1.0,0.508569265414648,0.5037,LAD,LAD,1
20250808_WSH@SF,2025-08-08,SF,WSH,5,0,1.0,0.6225358116888684,0.6311,SF,SF,1
20250807_ATH@WSH,2025-08-07,WSH,ATH,0,6,0.0,0.4460789305572198,0.4455,ATH,ATH,1
20250807_CIN@PIT,2025-08-07,PIT,CIN,7,0,1.0,0.5243544766281092,0.5214,PIT,PIT,1
20250807_CWS@SEA,2025-08-07,SEA,CWS,4,3,1.0,0.6112900335574838,0.6186,SEA,SEA,1
20250807_MIA@ATL,2025-08-07,ATL,MIA,8,6,1.0,0.4606669208206657,0.4618,MIA,ATL,0
20250806_ATH@WSH,2025-08-06,WSH,ATH,2,1,1.0,0.4427888777036863,0.4418,ATH,WSH,0
20250806_BAL@PHI,2025-08-06,PHI,BAL,1,5,0.0,0.6186682345423606,0.6268,PHI,BAL,0
20250806_CIN@CHC,2025-08-06,CHC,CIN,6,1,1.0,0.5570178136820073,0.558,CHC,CHC,1
20250806_CLE@NYM,2025-08-06,NYM,CLE,1,4,0.0,0.5492920127119102,0.5493,NYM,CLE,0
20250806_CWS@SEA,2025-08-06,SEA,CWS,8,6,1.0,0.6241554580277786,0.6329,SEA,SEA,1
20250806_HOU@MIA,2025-08-06,MIA,HOU,6,4,1.0,0.48263004311073177,0.4864,HOU,MIA,0
20250806_KC@BOS,2025-08-06,BOS,KC,3,7,0.0,0.5715679298798605,0.5743,BOS,KC,0
20250806_MIL@ATL,2025-08-06,ATL,MIL,4,5,0.0,0.470727307547051,0.4731,MIL,MIL,1
20250806_MIN@DET,2025-08-06,DET,MIN,4,9,0.0,0.5906680914190838,0.5956,DET,MIN,0
20250806_NYY@TEX,2025-08-06,TEX,NYY,2,3,0.0,0.5045638450609615,0.5,TEX,NYY,0
20250806_SD@AZ,2025-08-06,AZ,SD,2,3,0.0,0.4755985069707278,0.4786,SD,SD,1
20250806_SF@PIT,2025-08-06,PIT,SF,2,4,0.0,0.5114079635282817,0.5069,PIT,SF,0
20250806_STL@LAD,2025-08-06,LAD,STL,3,5,0.0,0.6042824254126877,0.6108,LAD,STL,0
20250806_TB@LAA,2025-08-06,LAA,TB,4,5,0.0,0.4883450886270825,0.4928,TB,TB,1
20250806_TOR@COL,2025-08-06,COL,TOR,1,20,0.0,0.4078571663779269,0.4027,TOR,TOR,1
20250805_ATH@WSH,2025-08-05,WSH,ATH,7,16,0.0,0.5111827583576004,0.5066,WSH,ATH,0
20250805_BAL@PHI,2025-08-05,PHI,BAL,5,0,1.0,0.5893107950206463,0.5941,PHI,PHI,1
20250805_CIN@CHC,2025-08-05,CHC,CIN,1,5,0.0,0.5738956047073867,0.5769,CHC,CIN,0
20250805_CLE@NYM,2025-08-05,NYM,CLE,2,3,0.0,0.540165472494649,0.5391,NYM,CLE,0
20250805_CWS@SEA,2025-08-05,SEA,CWS,8,3,1.0,0.6259341383756614,0.6349,SEA,SEA,1
20250805_HOU@MIA,2025-08-05,MIA,HOU,3,7,0.0,0.4640594911156681,0.4656,HOU,HOU,1
20250805_KC@BOS,2025-08-05,BOS,KC,6,2,1.0,0.5678692825349513,0.5701,BOS,BOS,1
20250805_MIL@ATL,2025-08-05,ATL,MIL,2,7,0.0,0.41572061988100456,0.4115,MIL,MIL,1
20250805_MIN@DET,2025-08-05,DET,MIN,3,6,0.0,0.546192111034832,0.5459,DET,MIN,0
20250805_NYY@TEX,2025-08-05,TEX,NYY,2,0,1.0,0.5204151454182251,0.517,TEX,TEX,1
20250805_SD@AZ,2025-08-05,AZ,SD,5,10,0.0,0.48712465475090644,0.4915,SD,SD,1
20250805_SF@PIT,2025-08-05,PIT,SF,1,8,0.0,0.5369313068965822,0.5355,PIT,SF,0
20250805_STL@LAD,2025-08-05,LAD,STL,12,6,1.0,0.5782558000518492,0.5817,LAD,LAD,1
20250805_TB@LAA,2025-08-05,LAA,TB,3,7,0.0,0.5003534900217214,0.5,LAA,TB,0
20250805_TOR@COL,2025-08-05,COL,TOR,4,10,0.0,0.43394187934938044,0.4319,TOR,TOR,1
20250804_BAL@PHI,2025-08-04,PHI,BAL,13,3,1.0,0.5579996270644283,0.559,PHI,PHI,1
20250804_CIN@CHC,2025-08-04,CHC,CIN,2,3,0.0,0.562479398347805,0.564,CHC,CIN,0
20250804_CLE@NYM,2025-08-04,NYM,CLE,6,7,0.0,0.5980089127739027,0.6029,NYM,CLE,0
20250804_HOU@MIA,2025-08-04,MIA,HOU,2,8,0.0,0.5012712856877735,0.5,MIA,HOU,0
20250804_KC@BOS,2025-08-04,BOS,KC,8,5,1.0,0.5441869384680764,0.5439,BOS,BOS,1
20250804_MIL@ATL,2025-08-04,ATL,MIL,1,3,0.0,0.4297397769488261,0.4275,MIL,MIL,1
20250804_MIN@DET,2025-08-04,DET,MIN,6,3,1.0,0.6015080000915621,0.6067,DET,DET,1
20250804_NYY@TEX,2025-08-04,TEX,NYY,8,5,1.0,0.5264797321128555,0.5244,TEX,TEX,1
20250804_SD@AZ,2025-08-04,AZ,SD,6,2,1.0,0.46651077953803777,0.4679,SD,AZ,0
20250804_SF@PIT,2025-08-04,PIT,SF,5,4,1.0,0.5005755590984603,0.5,PIT,PIT,1
20250804_STL@LAD,2025-08-04,LAD,STL,2,3,0.0,0.5964852287897339,0.6012,LAD,STL,0
20250804_TB@LAA,2025-08-04,LAA,TB,5,1,1.0,0.5306535607297157,0.529,LAA,LAA,1
20250804_TOR@COL,2025-08-04,COL,TOR,1,15,0.0,0.4148837792106782,0.4112,TOR,TOR,1
20250803_AZ@ATH,2025-08-03,ATH,AZ,4,6,0.0,0.5149827956807473,0.5118,ATH,AZ,0
20250803_BAL@CHC,2025-08-03,CHC,BAL,5,3,1.0,0.5565854263425307,0.5575,CHC,CHC,1
20250803_CWS@LAA,2025-08-03,LAA,CWS,8,5,1.0,0.5329379143492947,0.5315,LAA,LAA,1
20250803_DET@PHI,2025-08-03,PHI,DET,2,0,1.0,0.5641016545359044,0.5657,PHI,PHI,1
20250803_HOU@BOS,2025-08-03,BOS,HOU,6,1,1.0,0.5086145443150102,0.5048,BOS,BOS,1
20250803_KC@TOR,2025-08-03,TOR,KC,4,7,0.0,0.5464651696374899,0.5464,TOR,KC,0
20250803_LAD@TB,2025-08-03,TB,LAD,0,3,0.0,0.49107316696057707,0.4949,LAD,LAD,1
20250803_MIL@WSH,2025-08-03,WSH,MIL,3,14,0.0,0.4251996911145684,0.4225,MIL,MIL,1
20250803_MIN@CLE,2025-08-03,CLE,MIN,4,5,0.0,0.6079578662547009,0.6138,CLE,MIN,0
20250803_NYY@MIA,2025-08-03,MIA,NYY,7,3,1.0,0.4912409031971815,0.495,NYY,MIA,0
20250803_PIT@COL,2025-08-03,COL,PIT,5,9,0.0,0.486412927890602,0.4897,PIT,PIT,1
20250803_SF@NYM,2025-08-03,NYM,SF,4,12,0.0,0.5765247172820358,0.5794,NYM,SF,0
20250803_STL@SD,2025-08-03,SD,STL,7,3,1.0,0.6184044182132922,0.6252,SD,SD,1
20250803_TEX@SEA,2025-08-03,SEA,TEX,5,4,1.0,0.5637882985674939,0.5654,SEA,SEA,1
20250802_ATL@CIN,2025-08-02,CIN,ATL,2,4,0.0,0.5635869112825738,0.5652,CIN,ATL,0
20250802_AZ@ATH,2025-08-02,ATH,AZ,2,7,0.0,0.5246237719238951,0.5224,ATH,AZ,0
20250802_BAL@CHC,2025-08-02,CHC,BAL,3,4,0.0,0.604314495146795,0.6098,CHC,BAL,0
20250802_CWS@LAA,2025-08-02,LAA,CWS,0,1,0.0,0.5289761230532205,0.5272,LAA,CWS,0
20250802_DET@PHI,2025-08-02,PHI,DET,5,7,0.0,0.5485911759596966,0.5487,PHI,DET,0
20250802_HOU@BOS,2025-08-02,BOS,HOU,7,3,1.0,0.5424841137636474,0.542,BOS,BOS,1
20250802_KC@TOR,2025-08-02,TOR,KC,4,2,1.0,0.5505990275139804,0.5509,TOR,TOR,1
20250802_LAD@TB,2025-08-02,TB,LAD,4,0,1.0,0.4959348603151697,0.5,LAD,TB,0
20250802_MIL@WSH,2025-08-02,WSH,MIL,2,8,0.0,0.3873059403457889,0.3811,MIL,MIL,1
20250802_MIN@CLE,2025-08-02,CLE,MIN,5,4,1.0,0.5743912118519393,0.577,CLE,CLE,1
20250802_NYY@MIA,2025-08-02,MIA,NYY,2,0,1.0,0.5249711121940391,0.5228,MIA,MIA,1
20250802_PIT@COL,2025-08-02,COL,PIT,8,5,1.0,0.41695686924928993,0.4135,PIT,COL,0
20250802_SF@NYM,2025-08-02,NYM,SF,12,6,1.0,0.5738522543558474,0.5764,NYM,NYM,1
20250802_STL@SD,2025-08-02,SD,STL,5,8,0.0,0.5825099972155328,0.5859,SD,STL,0
20250802_TEX@SEA,2025-08-02,SEA,TEX,4,6,0.0,0.5999659352846831,0.605,SEA,TEX,0
20250801_ATL@CIN,2025-08-01,CIN,ATL,3,2,1.0,0.5870158991340501,0.5909,CIN,CIN,1
20250801_AZ@ATH,2025-08-01,ATH,AZ,5,1,1.0,0.5261800521634036,0.5241,ATH,ATH,1
20250801_BAL@CHC,2025-08-01,CHC,BAL,1,0,1.0,0.5501893383629288,0.5505,CHC,CHC,1
20250801_CWS@LAA,2025-08-01,LAA,CWS,3,6,0.0,0.5493183717902302,0.5495,LAA,CWS,0
20250801_DET@PHI,2025-08-01,PHI,DET,5,4,1.0,0.5299569046304706,0.5282,PHI,PHI,1
20250801_HOU@BOS,2025-08-01,BOS,HOU,2,1,1.0,0.5295862282036765,0.5278,BOS,BOS,1
20250801_KC@TOR,2025-08-01,TOR,KC,3,9,0.0,0.579460715736577,0.5826,TOR,KC,0
20250801_LAD@TB,2025-08-01,TB,LAD,0,5,0.0,0.5029340367533076,0.5,TB,LAD,0
20250801_MIL@WSH,2025-08-01,WSH,MIL,9,16,0.0,0.41612299232727956,0.4126,MIL,MIL,1
20250801_MIN@CLE,2025-08-01,CLE,MIN,3,2,1.0,0.5619912467308213,0.5634,CLE,CLE,1
20250801_NYY@MIA,2025-08-01,MIA,NYY,13,12,1.0,0.4420222206920518,0.441,NYY,MIA,0
20250801_PIT@COL,2025-08-01,COL,PIT,17,16,1.0,0.48547785985741887,0.4887,PIT,COL,0
20250801_SF@NYM,2025-08-01,NYM,SF,3,4,0.0,0.5578427539476107,0.5589,NYM,SF,0
20250801_STL@SD,2025-08-01,SD,STL,4,1,1.0,0.5988240728218822,0.6038,SD,SD,1
20250801_TEX@SEA,2025-08-01,SEA,TEX,4,3,1.0,0.6082994004109862,0.6141,SEA,SEA,1
20250731_ATL@CIN,2025-07-31,CIN,ATL,11,12,0.0,0.5905867052307222,0.5948,CIN,ATL,0
20250731_TB@NYY,2025-07-31,NYY,TB,7,4,1.0,0.4864860220956397,0.4898,TB,NYY,0
20250731_TEX@SEA,2025-07-31,SEA,TEX,6,0,1.0,0.5817551939463981,0.5851,SEA,SEA,1
20250730_ATL@KC,2025-07-30,KC,ATL,1,0,1.0,0.5743246640368963,0.5769,KC,KC,1
20250730_AZ@DET,2025-07-30,DET,AZ,7,2,1.0,0.5506581565186351,0.551,DET,DET,1
20250730_BOS@MIN,2025-07-30,MIN,BOS,1,13,0.0,0.5137053794519613,0.5104,MIN,BOS,0
20250730_CHC@MIL,2025-07-30,MIL,CHC,3,10,0.0,0.5992235168674912,0.6042,MIL,CHC,0
20250730_COL@CLE,2025-07-30,CLE,COL,5,0,1.0,0.6476237816576794,0.6569,CLE,CLE,1
20250730_LAD@CIN,2025-07-30,CIN,LAD,5,2,1.0,0.4754920967654346,0.4777,LAD,CIN,0
20250730_MIA@STL,2025-07-30,STL,MIA,0,2,0.0,0.5105189343086378,0.5069,STL,MIA,0
20250730_NYM@SD,2025-07-30,SD,NYM,5,0,1.0,0.5458307670489402,0.5457,SD,SD,1
20250730_PHI@CWS,2025-07-30,CWS,PHI,9,3,1.0,0.48958346900549277,0.4932,PHI,CWS,0
20250730_PIT@SF,2025-07-30,SF,PIT,1,2,0.0,0.5731686872908652,0.5757,SF,PIT,0
20250730_SEA@ATH,2025-07-30,ATH,SEA,5,4,1.0,0.47925927243723454,0.4819,SEA,ATH,0
20250730_TB@NYY,2025-07-30,NYY,TB,5,4,1.0,0.5490195959892384,0.5492,NYY,NYY,1
20250730_TEX@LAA,2025-07-30,LAA,TEX,3,6,0.0,0.515397205373375,0.5122,LAA,TEX,0
20250730_TOR@BAL,2025-07-30,BAL,TOR,8,9,0.0,0.5319588751792607,0.5304,BAL,TOR,0
20250730_WSH@HOU,2025-07-30,HOU,WSH,9,1,1.0,0.5650510124709636,0.5668,HOU,HOU,1
20250729_ATL@KC,2025-07-29,KC,ATL,9,6,1.0,0.5792519634968011,0.5823,KC,KC,1
20250729_AZ@DET,2025-07-29,DET,AZ,12,2,1.0,0.542242637807047,0.5417,DET,DET,1
20250729_BOS@MIN,2025-07-29,MIN,BOS,5,8,0.0,0.4736597052874666,0.4757,BOS,BOS,1
20250729_CHC@MIL,2025-07-29,MIL,CHC,9,3,1.0,0.5775586795512397,0.5805,MIL,MIL,1
20250729_COL@CLE,2025-07-29,CLE,COL,10,4,1.0,0.6483038464969813,0.6577,CLE,CLE,1
20250729_LAD@CIN,2025-07-29,CIN,LAD,4,5,0.0,0.4860542991391966,0.4893,LAD,LAD,1
20250729_MIA@STL,2025-07-29,STL,MIA,0,5,0.0,0.5567102768016384,0.5576,STL,MIA,0
20250729_NYM@SD,2025-07-29,SD,NYM,7,1,1.0,0.5291739601189513,0.5274,SD,SD,1
20250729_PHI@CWS,2025-07-29,CWS,PHI,3,6,0.0,0.4594019237753722,0.4601,PHI,PHI,1
20250729_PIT@SF,2025-07-29,SF,PIT,1,3,0.0,0.5872028654361222,0.5911,SF,PIT,0
20250729_SEA@ATH,2025-07-29,ATH,SEA,6,1,1.0,0.4925191327820116,0.4964,SEA,ATH,0
20250729_TB@NYY,2025-07-29,NYY,TB,7,5,1.0,0.554184387910136,0.5548,NYY,NYY,1
20250729_TEX@LAA,2025-07-29,LAA,TEX,8,5,1.0,0.5572002730322493,0.5582,LAA,LAA,1
20250729_TOR@BAL,2025-07-29,BAL,TOR,16,4,1.0,0.48675945560926237,0.4901,TOR,BAL,0
20250729_TOR@BAL_2,2025-07-29,BAL,TOR,3,2,1.0,0.4888161457715362,0.4924,TOR,BAL,0
20250729_WSH@HOU,2025-07-29,HOU,WSH,7,4,1.0,0.5121680296651274,0.5087,HOU,HOU,1
20250728_ATL@KC,2025-07-28,KC,ATL,7,10,0.0,0.47842028581917634,0.4799,ATL,ATL,1
20250728_AZ@DET,2025-07-28,DET,AZ,5,1,1.0,0.5633609836564535,0.5687,DET,DET,1
20250728_BOS@MIN,2025-07-28,MIN,BOS,5,4,1.0,0.5019187297924764,0.5,MIN,MIN,1
20250728_CHC@MIL,2025-07-28,MIL,CHC,8,4,1.0,0.6069356897177222,0.6192,MIL,MIL,1
20250728_COL@CLE,2025-07-28,CLE,COL,6,8,0.0,0.6373344317283388,0.6541,CLE,COL,0
20250728_LAD@CIN,2025-07-28,CIN,LAD,2,5,0.0,0.5391625123199235,0.5406,CIN,LAD,0
20250728_MIA@STL,2025-07-28,STL,MIA,7,1,1.0,0.5189738701030279,0.517,STL,STL,1
20250728_NYM@SD,2025-07-28,SD,NYM,7,6,1.0,0.5376603365119224,0.5388,SD,SD,1
20250728_PHI@CWS,2025-07-28,CWS,PHI,6,2,1.0,0.4112750983145938,0.4018,PHI,CWS,0
20250728_PIT@SF,2025-07-28,SF,PIT,5,6,0.0,0.5993628654646135,0.6105,SF,PIT,0
20250728_SEA@ATH,2025-07-28,ATH,SEA,1,3,0.0,0.4940061596916117,0.4981,SEA,SEA,1
20250728_TB@NYY,2025-07-28,NYY,TB,2,4,0.0,0.567354889082749,0.5734,NYY,TB,0
20250728_TEX@LAA,2025-07-28,LAA,TEX,6,4,1.0,0.4964712717184615,0.5,TEX,LAA,0
20250728_TOR@BAL,2025-07-28,BAL,TOR,11,4,1.0,0.41230135137707197,0.403,TOR,BAL,0
20250728_WSH@HOU,2025-07-28,HOU,WSH,1,2,0.0,0.6219792997469784,0.6365,HOU,WSH,0
20250727_ATH@HOU,2025-07-27,HOU,ATH,1,7,0.0,0.5705081897504356,0.577,HOU,ATH,0
20250727_ATL@TEX,2025-07-27,TEX,ATL,8,1,1.0,0.5977299310919251,0.6086,TEX,TEX,1
20250727_AZ@PIT,2025-07-27,PIT,AZ,6,0,1.0,0.5193344680080617,0.5175,PIT,PIT,1
20250727_CHC@CWS,2025-07-27,CWS,CHC,4,5,0.0,0.45632774507504675,0.4542,CHC,CHC,1
20250727_CLE@KC,2025-07-27,KC,CLE,4,1,1.0,0.5027191310205064,0.5,KC,KC,1
20250727_COL@BAL,2025-07-27,BAL,COL,5,1,1.0,0.5600324202912064,0.5649,BAL,BAL,1
20250727_LAD@BOS,2025-07-27,BOS,LAD,4,3,1.0,0.5319362287020692,0.5322,BOS,BOS,1
20250727_MIA@MIL,2025-07-27,MIL,MIA,3,2,1.0,0.5594586643528133,0.5642,MIL,MIL,1
20250727_NYM@SF,2025-07-27,SF,NYM,3,5,0.0,0.48152835932552734,0.4836,NYM,NYM,1
20250727_PHI@NYY,2025-07-27,NYY,PHI,4,3,1.0,0.513943159161351,0.5112,NYY,NYY,1
20250727_SD@STL,2025-07-27,STL,SD,2,9,0.0,0.5437808812398993,0.546,STL,SD,0
20250727_SEA@LAA,2025-07-27,LAA,SEA,4,1,1.0,0.4361307244473298,0.4307,SEA,LAA,0
20250727_TB@CIN,2025-07-27,CIN,TB,2,1,1.0,0.5015364207464839,0.5,CIN,CIN,1
20250727_TOR@DET,2025-07-27,DET,TOR,10,4,1.0,0.5218496240363257,0.5204,DET,DET,1
20250727_WSH@MIN,2025-07-27,MIN,WSH,2,7,0.0,0.5876885267425066,0.597,MIN,WSH,0
20250726_ATH@HOU,2025-07-26,HOU,ATH,1,5,0.0,0.5879657733371515,0.5973,HOU,ATH,0
20250726_ATL@TEX,2025-07-26,TEX,ATL,6,5,1.0,0.5564734305545267,0.5607,TEX,TEX,1
20250726_AZ@PIT,2025-07-26,PIT,AZ,2,0,1.0,0.4163343268159513,0.4077,AZ,PIT,0
20250726_CHC@CWS,2025-07-26,CWS,CHC,1,6,0.0,0.4225767403217754,0.4149,CHC,CHC,1
20250726_CLE@KC,2025-07-26,KC,CLE,4,6,0.0,0.5116096383941172,0.5084,KC,CLE,0
20250726_CLE@KC_2,2025-07-26,KC,CLE,5,3,1.0,0.4735579165078395,0.4743,CLE,KC,0
20250726_COL@BAL,2025-07-26,BAL,COL,18,0,1.0,0.5766556892425249,0.5842,BAL,BAL,1
20250726_LAD@BOS,2025-07-26,BOS,LAD,4,2,1.0,0.5538823073116925,0.5577,BOS,BOS,1
20250726_MIA@MIL,2025-07-26,MIL,MIA,4,7,0.0,0.5893332795127125,0.5989,MIL,MIA,0
20250726_NYM@SF,2025-07-26,SF,NYM,1,2,0.0,0.5498627500413914,0.553,SF,NYM,0
20250726_PHI@NYY,2025-07-26,NYY,PHI,4,9,0.0,0.49092981459235974,0.4945,PHI,PHI,1
20250726_SD@STL,2025-07-26,STL,SD,1,3,0.0,0.5493142562346849,0.5524,STL,SD,0
20250726_SEA@LAA,2025-07-26,LAA,SEA,2,7,0.0,0.5039699142607204,0.5,LAA,SEA,0
20250726_TB@CIN,2025-07-26,CIN,TB,6,2,1.0,0.5083902703786061,0.5047,CIN,CIN,1
20250726_TOR@DET,2025-07-26,DET,TOR,1,6,0.0,0.5424217752231519,0.5444,DET,TOR,0
20250726_WSH@MIN,2025-07-26,MIN,WSH,3,9,0.0,0.611249290136203,0.6242,MIN,WSH,0
20250725_ATH@HOU,2025-07-25,HOU,ATH,3,15,0.0,0.6181204626084842,0.6321,HOU,ATH,0
20250725_ATL@TEX,2025-07-25,TEX,ATL,8,3,1.0,0.5815686064378839,0.5899,TEX,TEX,1
20250725_AZ@PIT,2025-07-25,PIT,AZ,0,1,0.0,0.48298718209927666,0.4853,AZ,AZ,1
20250725_CHC@CWS,2025-07-25,CWS,CHC,12,5,1.0,0.4449707110912518,0.4409,CHC,CWS,0
20250725_COL@BAL,2025-07-25,BAL,COL,5,6,0.0,0.569023783759732,0.5753,BAL,COL,0
20250725_LAD@BOS,2025-07-25,BOS,LAD,2,5,0.0,0.5069633078194511,0.503,BOS,LAD,0
20250725_MIA@MIL,2025-07-25,MIL,MIA,1,5,0.0,0.5843610456212475,0.5931,MIL,MIA,0
20250725_NYM@SF,2025-07-25,SF,NYM,1,8,0.0,0.5485305031747701,0.5515,SF,NYM,0
20250725_PHI@NYY,2025-07-25,NYY,PHI,5,12,0.0,0.5463201257873828,0.5489,NYY,PHI,0
20250725_SD@STL,2025-07-25,STL,SD,3,0,1.0,0.49474837561435037,0.499,SD,STL,0
20250725_SEA@LAA,2025-07-25,LAA,SEA,3,2,1.0,0.47981040146489157,0.4815,SEA,LAA,0
20250725_TB@CIN,2025-07-25,CIN,TB,7,2,1.0,0.5040358229024358,0.5,CIN,CIN,1
20250725_TOR@DET,2025-07-25,DET,TOR,2,6,0.0,0.5042244608444335,0.5,DET,TOR,0
20250725_WSH@MIN,2025-07-25,MIN,WSH,1,0,1.0,0.5781367831700628,0.5859,MIN,MIN,1
20250724_ATH@HOU,2025-07-24,HOU,ATH,2,5,0.0,0.59425524522446,0.6046,HOU,ATH,0
20250724_BAL@CLE,2025-07-24,CLE,BAL,3,4,0.0,0.5616709038415971,0.5668,CLE,BAL,0
20250724_SD@STL,2025-07-24,STL,SD,9,7,1.0,0.5535052976295458,0.5573,STL,STL,1
20250724_SEA@LAA,2025-07-24,LAA,SEA,2,4,0.0,0.5290665712604625,0.5288,LAA,SEA,0
20250724_TOR@DET,2025-07-24,DET,TOR,4,11,0.0,0.5058129572618059,0.5017,DET,TOR,0
20250723_ATH@TEX,2025-07-23,TEX,ATH,2,1,1.0,0.5688061447430968,0.5751,TEX,TEX,1
20250723_BAL@CLE,2025-07-23,CLE,BAL,3,2,1.0,0.5460795420692811,0.5486,CLE,CLE,1
20250723_BOS@PHI,2025-07-23,PHI,BOS,8,9,0.0,0.5741904489548368,0.5813,PHI,BOS,0
20250723_CIN@WSH,2025-07-23,WSH,CIN,0,5,0.0,0.5074627248250388,0.5036,WSH,CIN,0
20250723_CWS@TB,2025-07-23,TB,CWS,9,11,0.0,0.6257789172782874,0.6409,TB,CWS,0
20250723_DET@PIT,2025-07-23,PIT,DET,6,1,1.0,0.44021413959235656,0.4354,DET,PIT,0
20250723_HOU@AZ,2025-07-23,AZ,HOU,3,4,0.0,0.4898016039206981,0.4932,HOU,HOU,1
20250723_KC@CHC,2025-07-23,CHC,KC,4,8,0.0,0.5639771301596195,0.5695,CHC,KC,0
20250723_LAA@NYM,2025-07-23,NYM,LAA,6,3,1.0,0.5740451448220951,0.5812,NYM,NYM,1
20250723_MIL@SEA,2025-07-23,SEA,MIL,2,10,0.0,0.5228756559870946,0.5216,SEA,MIL,0
20250723_MIN@LAD,2025-07-23,LAD,MIN,4,3,1.0,0.6411134527218035,0.6584,LAD,LAD,1
20250723_NYY@TOR,2025-07-23,TOR,NYY,8,4,1.0,0.5444912634050969,0.5468,TOR,TOR,1
20250723_SD@MIA,2025-07-23,MIA,SD,3,2,1.0,0.4405314792100993,0.4358,SD,MIA,0
20250723_SF@ATL,2025-07-23,ATL,SF,3,9,0.0,0.5569441911757805,0.5613,ATL,SF,0
20250723_STL@COL,2025-07-23,COL,STL,6,0,1.0,0.4338235776690638,0.428,STL,COL,0
20250722_ATH@TEX,2025-07-22,TEX,ATH,6,2,1.0,0.570142721889325,0.5766,TEX,TEX,1
20250722_BAL@CLE,2025-07-22,CLE,BAL,6,3,1.0,0.5971478327615078,0.6079,CLE,CLE,1
20250722_BOS@PHI,2025-07-22,PHI,BOS,4,1,1.0,0.574214375195787,0.5814,PHI,PHI,1
20250722_CIN@WSH,2025-07-22,WSH,CIN,6,1,1.0,0.4634384854029799,0.4625,CIN,WSH,0
20250722_CWS@TB,2025-07-22,TB,CWS,4,3,1.0,0.5967299330268907,0.6074,TB,TB,1
20250722_DET@PIT,2025-07-22,PIT,DET,8,5,1.0,0.46938858478103107,0.4694,DET,PIT,0
20250722_HOU@AZ,2025-07-22,AZ,HOU,1,3,0.0,0.5069664593307202,0.503,AZ,HOU,0
20250722_KC@CHC,2025-07-22,CHC,KC,6,0,1.0,0.5887758303117352,0.5982,CHC,CHC,1
20250722_LAA@NYM,2025-07-22,NYM,LAA,3,2,1.0,0.5465692728204321,0.5492,NYM,NYM,1
20250722_MIL@SEA,2025-07-22,SEA,MIL,1,0,1.0,0.5033584152032826,0.5,SEA,SEA,1
20250722_MIN@LAD,2025-07-22,LAD,MIN,7,10,0.0,0.6111020676666613,0.624,LAD,MIN,0
20250722_NYY@TOR,2025-07-22,TOR,NYY,4,5,0.0,0.5216412847022212,0.5201,TOR,NYY,0
20250722_SD@MIA,2025-07-22,MIA,SD,4,3,1.0,0.45565272665513135,0.4534,SD,MIA,0
20250722_SF@ATL,2025-07-22,ATL,SF,0,9,0.0,0.5644141628056752,0.57,ATL,SF,0
20250722_STL@COL,2025-07-22,COL,STL,8,4,1.0,0.4272791825927642,0.4204,STL,COL,0
20250721_ATH@TEX,2025-07-21,TEX,ATH,7,2,1.0,0.516658235008292,0.5149,TEX,TEX,1
20250721_BAL@CLE,2025-07-21,CLE,BAL,10,5,1.0,0.5664126416047518,0.574,CLE,CLE,1
20250721_BOS@PHI,2025-07-21,PHI,BOS,3,2,1.0,0.5924063433011377,0.6047,PHI,PHI,1
20250721_CIN@WSH,2025-07-21,WSH,CIN,10,8,1.0,0.45067124366085287,0.4463,CIN,WSH,0
20250721_CWS@TB,2025-07-21,TB,CWS,3,8,0.0,0.6437496070007463,0.6647,TB,CWS,0
20250721_DET@PIT,2025-07-21,PIT,DET,3,0,1.0,0.46668758615439604,0.4653,DET,PIT,0
20250721_HOU@AZ,2025-07-21,AZ,HOU,3,6,0.0,0.4877210512951284,0.4903,HOU,HOU,1
20250721_KC@CHC,2025-07-21,CHC,KC,4,12,0.0,0.5562755646798185,0.562,CHC,KC,0
20250721_LAA@NYM,2025-07-21,NYM,LAA,7,5,1.0,0.5338762966304126,0.5354,NYM,NYM,1
20250721_MIL@SEA,2025-07-21,SEA,MIL,0,6,0.0,0.4990087556578018,0.5,MIL,MIL,1
20250721_MIN@LAD,2025-07-21,LAD,MIN,5,2,1.0,0.5948443877257521,0.6076,LAD,LAD,1
20250721_NYY@TOR,2025-07-21,TOR,NYY,4,1,1.0,0.5151144737138134,0.513,TOR,TOR,1
20250721_SD@MIA,2025-07-21,MIA,SD,1,2,0.0,0.5304458982181119,0.5313,MIA,SD,0
20250721_SF@ATL,2025-07-21,ATL,SF,9,5,1.0,0.47371670042190667,0.4737,SF,ATL,0
20250721_STL@COL,2025-07-21,COL,STL,2,6,0.0,0.4566661504108088,0.4534,STL,STL,1
20250720_ATH@CLE,2025-07-20,CLE,ATH,8,2,1.0,0.552254582631955,0.5572,CLE,CLE,1
20250720_BAL@TB,2025-07-20,TB,BAL,3,5,0.0,0.5558032706115512,0.5614,TB,BAL,0
20250720_BOS@CHC,2025-07-20,CHC,BOS,1,6,0.0,0.47860127189228285,0.4795,BOS,BOS,1
20250720_CIN@NYM,2025-07-20,NYM,CIN,3,2,1.0,0.5594573962480848,0.5658,NYM,NYM,1
20250720_CWS@PIT,2025-07-20,PIT,CWS,2,7,0.0,0.5771269473384267,0.5867,PIT,CWS,0
20250720_DET@TEX,2025-07-20,TEX,DET,1,2,0.0,0.47538495006117926,0.4757,DET,DET,1
20250720_HOU@SEA,2025-07-20,SEA,HOU,3,11,0.0,0.5378733281268552,0.5401,SEA,HOU,0
20250720_KC@MIA,2025-07-20,MIA,KC,4,7,0.0,0.4724502552997568,0.4722,KC,KC,1
20250720_LAA@PHI,2025-07-20,PHI,LAA,2,8,0.0,0.5672059997372818,0.575,PHI,LAA,0
20250720_MIL@LAD,2025-07-20,LAD,MIL,5,6,0.0,0.558591699492107,0.5647,LAD,MIL,0
20250720_MIN@COL,2025-07-20,COL,MIN,1,7,0.0,0.4324939752165673,0.4247,MIN,MIN,1
20250720_NYY@ATL,2025-07-20,ATL,NYY,2,4,0.0,0.5259588011041031,0.5259,ATL,NYY,0
20250720_SD@WSH,2025-07-20,WSH,SD,1,8,0.0,0.4935785447723007,0.4973,SD,SD,1
20250720_SF@TOR,2025-07-20,TOR,SF,8,6,1.0,0.5567454815924384,0.5625,TOR,TOR,1
20250720_STL@AZ,2025-07-20,AZ,STL,5,3,1.0,0.5461355729192235,0.5499,AZ,AZ,1
20250719_ATH@CLE,2025-07-19,CLE,ATH,2,8,0.0,0.5319453869367262,0.5331,CLE,ATH,0
20250719_BAL@TB,2025-07-19,TB,BAL,4,3,1.0,0.539320001211546,0.5418,TB,TB,1
20250719_BOS@CHC,2025-07-19,CHC,BOS,6,0,1.0,0.5137127081924318,0.5114,CHC,CHC,1
20250719_CIN@NYM,2025-07-19,NYM,CIN,2,5,0.0,0.5622305034700641,0.5691,NYM,CIN,0
20250719_CWS@PIT,2025-07-19,PIT,CWS,4,10,0.0,0.6048210488525484,0.6193,PIT,CWS,0
20250719_DET@TEX,2025-07-19,TEX,DET,4,1,1.0,0.5058633877754475,0.502,TEX,TEX,1
20250719_HOU@SEA,2025-07-19,SEA,HOU,7,6,1.0,0.4876708784102588,0.4903,HOU,SEA,0
20250719_KC@MIA,2025-07-19,MIA,KC,3,1,1.0,0.48645151460101044,0.4888,KC,MIA,0
20250719_LAA@PHI,2025-07-19,PHI,LAA,9,5,1.0,0.5391854554203741,0.5417,PHI,PHI,1
20250719_MIL@LAD,2025-07-19,LAD,MIL,7,8,0.0,0.5073392297855706,0.5038,LAD,MIL,0
20250719_MIN@COL,2025-07-19,COL,MIN,10,6,1.0,0.4139130996936917,0.4027,MIN,COL,0
20250719_NYY@ATL,2025-07-19,ATL,NYY,9,12,0.0,0.46049749971211945,0.4579,NYY,NYY,1
20250719_SD@WSH,2025-07-19,WSH,SD,4,2,1.0,0.448538232300892,0.4437,SD,WSH,0
20250719_SF@TOR,2025-07-19,TOR,SF,6,3,1.0,0.5581891165674177,0.5643,TOR,TOR,1
20250719_STL@AZ,2025-07-19,AZ,STL,10,1,1.0,0.49552520915921744,0.4996,STL,AZ,0
20250718_ATH@CLE,2025-07-18,CLE,ATH,8,6,1.0,0.5552138976321024,0.5607,CLE,CLE,1
20250718_BAL@TB,2025-07-18,TB,BAL,11,1,1.0,0.5379809126734054,0.5402,TB,TB,1
20250718_BOS@CHC,2025-07-18,CHC,BOS,4,1,1.0,0.5174582577614689,0.5158,CHC,CHC,1
20250718_CIN@NYM,2025-07-18,NYM,CIN,4,8,0.0,0.5921280641400921,0.6044,NYM,CIN,0
20250718_CWS@PIT,2025-07-18,PIT,CWS,1,10,0.0,0.5783641342674113,0.5882,PIT,CWS,0
20250718_DET@TEX,2025-07-18,TEX,DET,2,0,1.0,0.49804919299112066,0.5,DET,TEX,0
20250718_HOU@SEA,2025-07-18,SEA,HOU,6,1,1.0,0.5337788016429225,0.5353,SEA,SEA,1
20250718_KC@MIA,2025-07-18,MIA,KC,8,7,1.0,0.489147769569948,0.492,KC,MIA,0
20250718_LAA@PHI,2025-07-18,PHI,LAA,5,6,0.0,0.5879898281172545,0.5995,PHI,LAA,0
20250718_MIL@LAD,2025-07-18,LAD,MIL,0,2,0.0,0.5516428388297553,0.5565,LAD,MIL,0
20250718_MIN@COL,2025-07-18,COL,MIN,6,4,1.0,0.42128317360296186,0.4114,MIN,COL,0
20250718_NYY@ATL,2025-07-18,ATL,NYY,7,3,1.0,0.4980277440608466,0.5,NYY,ATL,0
20250718_SD@WSH,2025-07-18,WSH,SD,2,7,0.0,0.45485335565125684,0.4512,SD,SD,1
20250718_SF@TOR,2025-07-18,TOR,SF,4,0,1.0,0.5759946066474453,0.5854,TOR,TOR,1
20250718_STL@AZ,2025-07-18,AZ,STL,7,3,1.0,0.543514210115853,0.5468,AZ,AZ,1
20250713_ATL@STL,2025-07-13,STL,ATL,5,4,1.0,0.5524614995765393,0.5575,STL,STL,1
20250713_AZ@LAA,2025-07-13,LAA,AZ,1,5,0.0,0.4908491579076169,0.4941,AZ,AZ,1
20250713_CHC@NYY,2025-07-13,NYY,CHC,1,4,0.0,0.563316983227659,0.5703,NYY,CHC,0
20250713_CLE@CWS,2025-07-13,CWS,CLE,5,6,0.0,0.41689236251236717,0.4062,CLE,CLE,1
20250713_COL@CIN,2025-07-13,CIN,COL,4,2,1.0,0.6540979279372675,0.6767,CIN,CIN,1
20250713_LAD@SF,2025-07-13,SF,LAD,2,5,0.0,0.5031766179111572,0.5,SF,LAD,0
20250713_MIA@BAL,2025-07-13,BAL,MIA,1,11,0.0,0.5103221729975417,0.5073,BAL,MIA,0
20250713_NYM@KC,2025-07-13,KC,NYM,3,2,1.0,0.5339700119546807,0.5355,KC,KC,1
20250713_PHI@SD,2025-07-13,SD,PHI,1,2,0.0,0.5101156358725994,0.5071,SD,PHI,0
20250713_PIT@MIN,2025-07-13,MIN,PIT,1,2,0.0,0.6038558318014849,0.6182,MIN,PIT,0
20250713_SEA@DET,2025-07-13,DET,SEA,4,8,0.0,0.5057860955812372,0.5019,DET,SEA,0
20250713_TB@BOS,2025-07-13,BOS,TB,4,1,1.0,0.5179579351655078,0.5164,BOS,BOS,1
20250713_TEX@HOU,2025-07-13,HOU,TEX,1,5,0.0,0.561995294115896,0.5688,HOU,TEX,0
20250713_TOR@ATH,2025-07-13,ATH,TOR,6,3,1.0,0.5027724094625637,0.5,ATH,ATH,1
20250713_WSH@MIL,2025-07-13,MIL,WSH,8,1,1.0,0.6545451912885506,0.6772,MIL,MIL,1
20250712_ATL@STL,2025-07-12,STL,ATL,6,7,0.0,0.5727361563488321,0.5815,STL,ATL,0
20250712_AZ@LAA,2025-07-12,LAA,AZ,10,5,1.0,0.5081497248598785,0.5047,LAA,LAA,1
20250712_CHC@NYY,2025-07-12,NYY,CHC,2,5,0.0,0.547659765216099,0.5518,NYY,CHC,0
20250712_CLE@CWS,2025-07-12,CWS,CLE,2,6,0.0,0.4652717009257571,0.4636,CLE,CLE,1
20250712_COL@CIN,2025-07-12,CIN,COL,4,3,1.0,0.6089966794206958,0.6242,CIN,CIN,1
20250712_LAD@SF,2025-07-12,SF,LAD,1,2,0.0,0.5053899379578816,0.5015,SF,LAD,0
20250712_MIA@BAL,2025-07-12,BAL,MIA,0,6,0.0,0.5400207212941537,0.5427,BAL,MIA,0
20250712_NYM@KC,2025-07-12,KC,NYM,1,3,0.0,0.5487112853910228,0.553,KC,NYM,0
20250712_PHI@SD,2025-07-12,SD,PHI,5,4,1.0,0.5049322951435967,0.5009,SD,SD,1
20250712_PIT@MIN,2025-07-12,MIN,PIT,12,4,1.0,0.5502873184652433,0.5549,MIN,MIN,1
20250712_SEA@DET,2025-07-12,DET,SEA,7,15,0.0,0.5365794811684463,0.5386,DET,SEA,0
20250712_TB@BOS,2025-07-12,BOS,TB,1,0,1.0,0.5414482902662447,0.5444,BOS,BOS,1
20250712_TEX@HOU,2025-07-12,HOU,TEX,5,4,1.0,0.5731829917101958,0.582,HOU,HOU,1
20250712_TOR@ATH,2025-07-12,ATH,TOR,4,3,1.0,0.4908211125545014,0.494,TOR,ATH,0
20250712_WSH@MIL,2025-07-12,MIL,WSH,6,5,1.0,0.658346032205013,0.6816,MIL,MIL,1
20250711_ATL@STL,2025-07-11,STL,ATL,5,6,0.0,0.560085299695756,0.5665,STL,ATL,0
20250711_AZ@LAA,2025-07-11,LAA,AZ,6,5,1.0,0.4636494090762595,0.4617,AZ,LAA,0
20250711_CHC@NYY,2025-07-11,NYY,CHC,11,0,1.0,0.5647669098304483,0.5721,NYY,NYY,1
20250711_CLE@CWS,2025-07-11,CWS,CLE,2,4,0.0,0.47970905842692974,0.4808,CLE,CLE,1
20250711_CLE@CWS_2,2025-07-11,CWS,CLE,5,4,1.0,0.43987157534196974,0.4334,CLE,CWS,0
20250711_COL@CIN,2025-07-11,CIN,COL,2,3,0.0,0.6516632624650209,0.6739,CIN,COL,0
20250711_LAD@SF,2025-07-11,SF,LAD,8,7,1.0,0.5243426736815435,0.524,SF,SF,1
20250711_MIA@BAL,2025-07-11,BAL,MIA,5,2,1.0,0.49727575274072633,0.5,MIA,BAL,0
20250711_NYM@KC,2025-07-11,KC,NYM,3,8,0.0,0.5477152206148738,0.5518,KC,NYM,0
20250711_PHI@SD,2025-07-11,SD,PHI,4,2,1.0,0.4940448250547832,0.4979,PHI,SD,0
20250711_PIT@MIN,2025-07-11,MIN,PIT,2,1,1.0,0.5630916780230977,0.5701,MIN,MIN,1
20250711_SEA@DET,2025-07-11,DET,SEA,3,12,0.0,0.5946841618086653,0.6074,DET,SEA,0
20250711_TB@BOS,2025-07-11,BOS,TB,5,4,1.0,0.5307979994493007,0.5317,BOS,BOS,1
20250711_TEX@HOU,2025-07-11,HOU,TEX,3,7,0.0,0.5845815502286461,0.5955,HOU,TEX,0
20250711_TOR@ATH,2025-07-11,ATH,TOR,6,7,0.0,0.4414725909824412,0.4353,TOR,TOR,1
20250711_WSH@MIL,2025-07-11,MIL,WSH,8,3,1.0,0.6355567902435447,0.6552,MIL,MIL,1
20250710_ATL@ATH,2025-07-10,ATH,ATL,5,4,1.0,0.48242386350925903,0.4833,ATL,ATH,0
20250710_AZ@SD,2025-07-10,SD,AZ,4,3,1.0,0.48353338733512685,0.4846,AZ,SD,0
20250710_CHC@MIN,2025-07-10,MIN,CHC,1,8,0.0,0.4539440627387739,0.4499,CHC,CHC,1
20250710_MIA@CIN,2025-07-10,CIN,MIA,6,0,1.0,0.5393120527444137,0.5422,CIN,CIN,1
20250710_NYM@BAL,2025-07-10,BAL,NYM,3,1,1.0,0.489316729640536,0.4913,NYM,BAL,0
20250710_NYM@BAL_2,2025-07-10,BAL,NYM,7,3,1.0,0.47730267426706313,0.4773,NYM,BAL,0
20250710_SEA@NYY,2025-07-10,NYY,SEA,6,5,1.0,0.4647937848524434,0.4626,SEA,NYY,0
20250710_TB@BOS,2025-07-10,BOS,TB,4,3,1.0,0.5113179004889988,0.5094,BOS,BOS,1
20250710_TEX@LAA,2025-07-10,LAA,TEX,4,11,0.0,0.5005903035139245,0.5,LAA,TEX,0
20250710_WSH@STL,2025-07-10,STL,WSH,8,1,1.0,0.5417289047825691,0.545,STL,STL,1
20250709_ATL@ATH,2025-07-09,ATH,ATL,2,9,0.0,0.5570627278852274,0.5629,ATH,ATL,0
20250709_AZ@SD,2025-07-09,SD,AZ,2,8,0.0,0.550889485270462,0.5557,SD,AZ,0
20250709_CHC@MIN,2025-07-09,MIN,CHC,4,2,1.0,0.4648659809435425,0.4627,CHC,MIN,0
20250709_CLE@HOU,2025-07-09,HOU,CLE,2,4,0.0,0.6652196096862286,0.6875,HOU,CLE,0
20250709_COL@BOS,2025-07-09,BOS,COL,10,2,1.0,0.6656954786880623,0.6881,BOS,BOS,1
20250709_LAD@MIL,2025-07-09,MIL,LAD,3,2,1.0,0.5364548156055214,0.5388,MIL,MIL,1
20250709_MIA@CIN,2025-07-09,CIN,MIA,7,2,1.0,0.5082808588096142,0.5059,CIN,CIN,1
20250709_PHI@SF,2025-07-09,SF,PHI,0,13,0.0,0.4781132619152786,0.4782,PHI,PHI,1
20250709_PIT@KC,2025-07-09,KC,PIT,4,3,1.0,0.5873155785023675,0.5982,KC,KC,1
20250709_SEA@NYY,2025-07-09,NYY,SEA,9,6,1.0,0.5037939090491474,0.5006,NYY,NYY,1
20250709_TB@DET,2025-07-09,DET,TB,3,7,0.0,0.5624885831225084,0.5693,DET,TB,0
20250709_TEX@LAA,2025-07-09,LAA,TEX,11,8,1.0,0.48937720645122523,0.4914,TEX,LAA,0
20250709_TOR@CWS,2025-07-09,CWS,TOR,2,1,1.0,0.41874468730933406,0.4089,TOR,CWS,0
20250709_WSH@STL,2025-07-09,STL,WSH,2,8,0.0,0.5584907842752671,0.5646,STL,WSH,0
20250708_ATL@ATH,2025-07-08,ATH,ATL,10,1,1.0,0.5350641059953496,0.5372,ATH,ATH,1
20250708_AZ@SD,2025-07-08,SD,AZ,1,0,1.0,0.5420190836447312,0.5454,SD,SD,1
20250708_CHC@MIN,2025-07-08,MIN,CHC,8,1,1.0,0.46301620287161427,0.4605,CHC,MIN,0
20250708_CLE@HOU,2025-07-08,HOU,CLE,6,10,0.0,0.6528628252197447,0.6735,HOU,CLE,0
20250708_COL@BOS,2025-07-08,BOS,COL,10,2,1.0,0.6432138266579301,0.6625,BOS,BOS,1
20250708_LAD@MIL,2025-07-08,MIL,LAD,3,1,1.0,0.613466687273654,0.6284,MIL,MIL,1
20250708_MIA@CIN,2025-07-08,CIN,MIA,2,12,0.0,0.48039935640631976,0.4809,MIA,MIA,1
20250708_NYM@BAL,2025-07-08,BAL,NYM,6,7,0.0,0.4813557618643971,0.482,NYM,NYM,1
20250708_PHI@SF,2025-07-08,SF,PHI,4,3,1.0,0.5623780443547697,0.5691,SF,SF,1
20250708_PIT@KC,2025-07-08,KC,PIT,4,3,1.0,0.541046870651744,0.5442,KC,KC,1
20250708_SEA@NYY,2025-07-08,NYY,SEA,10,3,1.0,0.47077406975242647,0.4696,SEA,NYY,0
20250708_TB@DET,2025-07-08,DET,TB,4,2,1.0,0.5677131011998363,0.5754,DET,DET,1
20250708_TEX@LAA,2025-07-08,LAA,TEX,1,13,0.0,0.5181392556789451,0.5174,LAA,TEX,0
20250708_TOR@CWS,2025-07-08,CWS,TOR,1,6,0.0,0.4467793925810188,0.4416,TOR,TOR,1
20250708_WSH@STL,2025-07-08,STL,WSH,4,2,1.0,0.6290230589785751,0.6463,STL,STL,1
20250707_AZ@SD,2025-07-07,SD,AZ,3,6,0.0,0.5128676572352325,0.5112,SD,AZ,0
20250707_CLE@HOU,2025-07-07,HOU,CLE,5,7,0.0,0.6209091977211744,0.637,HOU,CLE,0
20250707_COL@BOS,2025-07-07,BOS,COL,9,3,1.0,0.6435598076503549,0.6629,BOS,BOS,1
20250707_LAD@MIL,2025-07-07,MIL,LAD,9,1,1.0,0.5430174461252658,0.5465,MIL,MIL,1
20250707_MIA@CIN,2025-07-07,CIN,MIA,1,5,0.0,0.5384989463683244,0.5412,CIN,MIA,0
20250707_PHI@SF,2025-07-07,SF,PHI,3,1,1.0,0.49125655897509213,0.4936,PHI,SF,0
20250707_PIT@KC,2025-07-07,KC,PIT,9,3,1.0,0.5751345659716656,0.584,KC,KC,1
20250707_TB@DET,2025-07-07,DET,TB,5,1,1.0,0.5267395370252883,0.5275,DET,DET,1
20250707_TEX@LAA,2025-07-07,LAA,TEX,6,5,1.0,0.5161714482921371,0.5151,LAA,LAA,1
20250707_TOR@CWS,2025-07-07,CWS,TOR,4,8,0.0,0.4900759564882237,0.4922,TOR,TOR,1
20250706_BAL@ATL,2025-07-06,ATL,BAL,1,2,0.0,0.5358317024240554,0.5381,ATL,BAL,0
20250706_BOS@WSH,2025-07-06,WSH,BOS,4,6,0.0,0.4279303658418003,0.4196,BOS,BOS,1
20250706_CIN@PHI,2025-07-06,PHI,CIN,3,1,1.0,0.5797086604686524,0.5893,PHI,PHI,1
20250706_CWS@COL,2025-07-06,COL,CWS,6,4,1.0,0.5222658300748196,0.5222,COL,COL,1
20250706_DET@CLE,2025-07-06,CLE,DET,2,7,0.0,0.4224093490957108,0.4131,DET,DET,1
20250706_HOU@LAD,2025-07-06,LAD,HOU,1,5,0.0,0.5272867367267193,0.5281,LAD,HOU,0
20250706_KC@AZ,2025-07-06,AZ,KC,0,4,0.0,0.5563376305051192,0.5621,AZ,KC,0
20250706_LAA@TOR,2025-07-06,TOR,LAA,3,2,1.0,0.5895413750410534,0.6007,TOR,TOR,1
20250706_MIL@MIA,2025-07-06,MIA,MIL,1,3,0.0,0.46844369556258103,0.4669,MIL,MIL,1
20250706_NYY@NYM,2025-07-06,NYM,NYY,4,6,0.0,0.5307322984451929,0.5321,NYM,NYY,0
20250706_PIT@SEA,2025-07-06,SEA,PIT,1,0,1.0,0.5591965490853399,0.5654,SEA,SEA,1
20250706_SF@ATH,2025-07-06,ATH,SF,2,6,0.0,0.5348301060523014,0.5369,ATH,SF,0
20250706_STL@CHC,2025-07-06,CHC,STL,11,0,1.0,0.597804740925472,0.6103,CHC,CHC,1
20250706_TB@MIN,2025-07-06,MIN,TB,5,7,0.0,0.4861903956634243,0.4877,TB,TB,1
20250706_TEX@SD,2025-07-06,SD,TEX,4,1,1.0,0.5792057410400666,0.5887,SD,SD,1
20250705_BAL@ATL,2025-07-05,ATL,BAL,6,9,0.0,0.5268353155988348,0.5276,ATL,BAL,0
20250705_BOS@WSH,2025-07-05,WSH,BOS,3,10,0.0,0.49050250249317445,0.4927,BOS,BOS,1
20250705_CIN@PHI,2025-07-05,PHI,CIN,5,1,1.0,0.5648405465794037,0.572,PHI,PHI,1
20250705_CWS@COL,2025-07-05,COL,CWS,3,10,0.0,0.5449412172737403,0.5488,COL,CWS,0
20250705_DET@CLE,2025-07-05,CLE,DET,0,1,0.0,0.4558100261508294,0.4521,DET,DET,1
20250705_HOU@LAD,2025-07-05,LAD,HOU,4,6,0.0,0.5585526077990831,0.5647,LAD,HOU,0
20250705_KC@AZ,2025-07-05,AZ,KC,7,1,1.0,0.5461288290917468,0.5502,AZ,AZ,1
20250705_LAA@TOR,2025-07-05,TOR,LAA,4,3,1.0,0.5951398048809109,0.6072,TOR,TOR,1
20250705_MIL@MIA,2025-07-05,MIA,MIL,4,2,1.0,0.43431797411368145,0.427,MIL,MIA,0
20250705_NYY@NYM,2025-07-05,NYM,NYY,12,6,1.0,0.5206288485469323,0.5203,NYM,NYM,1
20250705_PIT@SEA,2025-07-05,SEA,PIT,1,0,1.0,0.5653766926235846,0.5726,SEA,SEA,1
20250705_SF@ATH,2025-07-05,ATH,SF,2,7,0.0,0.4963574890740663,0.4996,SF,SF,1
20250705_STL@CHC,2025-07-05,CHC,STL,6,8,0.0,0.5847700601319537,0.5952,CHC,STL,0
20250705_TB@MIN,2025-07-05,MIN,TB,6,5,1.0,0.4794371322698207,0.4798,TB,MIN,0
20250705_TEX@SD,2025-07-05,SD,TEX,4,7,0.0,0.599245207276077,0.612,SD,TEX,0
20250704_BAL@ATL,2025-07-04,ATL,BAL,2,3,0.0,0.5447251754211788,0.5485,ATL,BAL,0
20250704_BOS@WSH,2025-07-04,WSH,BOS,2,11,0.0,0.5117809921839402,0.51,WSH,BOS,0
20250704_CIN@PHI,2025-07-04,PHI,CIN,6,9,0.0,0.5936695858882425,0.6055,PHI,CIN,0
20250704_CWS@COL,2025-07-04,COL,CWS,2,3,0.0,0.5237788764467664,0.524,COL,CWS,0
20250704_DET@CLE,2025-07-04,CLE,DET,1,2,0.0,0.5004013623733167,0.5,CLE,DET,0
20250704_HOU@LAD,2025-07-04,LAD,HOU,1,18,0.0,0.5660451855300292,0.5734,LAD,HOU,0
20250704_KC@AZ,2025-07-04,AZ,KC,3,9,0.0,0.5175991766341366,0.5168,AZ,KC,0
20250704_LAA@TOR,2025-07-04,TOR,LAA,4,3,1.0,0.6227928698491796,0.6392,TOR,TOR,1
20250704_MIL@MIA,2025-07-04,MIA,MIL,5,6,0.0,0.43895716774375604,0.4324,MIL,MIL,1
20250704_NYY@NYM,2025-07-04,NYM,NYY,6,5,1.0,0.5484806158394244,0.5529,NYM,NYM,1
20250704_PIT@SEA,2025-07-04,SEA,PIT,6,0,1.0,0.5940884222421565,0.606,SEA,SEA,1
20250704_SF@ATH,2025-07-04,ATH,SF,11,2,1.0,0.54629013161099,0.5503,ATH,ATH,1
20250704_STL@CHC,2025-07-04,CHC,STL,11,3,1.0,0.5939015015582197,0.6058,CHC,CHC,1
20250704_TB@MIN,2025-07-04,MIN,TB,4,3,1.0,0.46961883261927073,0.4683,TB,MIN,0
20250704_TEX@SD,2025-07-04,SD,TEX,3,2,1.0,0.5411228143501838,0.5443,SD,SD,1
20250703_CLE@CHC,2025-07-03,CHC,CLE,1,0,1.0,0.5991529955242572,0.6143,CHC,CHC,1
20250703_CWS@LAD,2025-07-03,LAD,CWS,6,2,1.0,0.7066626213317417,0.7367,LAD,LAD,1
20250703_DET@WSH,2025-07-03,WSH,DET,11,7,1.0,0.43191117500775783,0.422,DET,WSH,0
20250703_HOU@COL,2025-07-03,COL,HOU,7,6,1.0,0.40910960836497706,0.3953,HOU,COL,0
20250703_KC@SEA,2025-07-03,SEA,KC,2,3,0.0,0.556324249886167,0.5642,SEA,KC,0
20250703_LAA@ATL,2025-07-03,ATL,LAA,1,5,0.0,0.4994702779356852,0.5,LAA,LAA,1
20250703_MIL@NYM,2025-07-03,NYM,MIL,3,2,1.0,0.5236138072260947,0.5256,NYM,NYM,1
20250703_MIN@MIA,2025-07-03,MIA,MIN,4,1,1.0,0.5031630384331626,0.5015,MIA,MIA,1
20250703_NYY@TOR,2025-07-03,TOR,NYY,8,5,1.0,0.5255560821477666,0.5279,TOR,TOR,1
20250703_SF@AZ,2025-07-03,AZ,SF,2,7,0.0,0.5389908796513341,0.5437,AZ,SF,0
20250702_ATH@TB,2025-07-02,TB,ATH,6,5,1.0,0.58964756935102,0.6032,TB,TB,1
20250702_BAL@TEX,2025-07-02,TEX,BAL,6,0,1.0,0.5614242805881171,0.5702,TEX,TEX,1
20250702_CIN@BOS,2025-07-02,BOS,CIN,4,8,0.0,0.5170812183885609,0.5179,BOS,CIN,0
20250702_CLE@CHC,2025-07-02,CHC,CLE,5,4,1.0,0.591616562360008,0.6055,CHC,CHC,1
20250702_CWS@LAD,2025-07-02,LAD,CWS,5,4,1.0,0.6562796414336453,0.6801,LAD,LAD,1
20250702_DET@WSH,2025-07-02,WSH,DET,2,11,0.0,0.43788134774417675,0.429,DET,DET,1
20250702_DET@WSH_2,2025-07-02,WSH,DET,9,4,1.0,0.43875779294178385,0.4301,DET,WSH,0
20250702_HOU@COL,2025-07-02,COL,HOU,3,5,0.0,0.31459021869583537,0.287,HOU,HOU,1
20250702_KC@SEA,2025-07-02,SEA,KC,3,2,1.0,0.5934097000110203,0.6076,SEA,SEA,1
20250702_LAA@ATL,2025-07-02,ATL,LAA,8,3,1.0,0.49911866538713295,0.5,LAA,ATL,0
20250702_MIL@NYM,2025-07-02,NYM,MIL,7,3,1.0,0.5024111338219002,0.5006,NYM,NYM,1
20250702_MIL@NYM_2,2025-07-02,NYM,MIL,2,7,0.0,0.5154642461847152,0.516,NYM,MIL,0
20250702_MIN@MIA,2025-07-02,MIA,MIN,1,2,0.0,0.5139072200041483,0.5142,MIA,MIN,0
20250702_NYY@TOR,2025-07-02,TOR,NYY,11,9,1.0,0.5039601987273905,0.5024,TOR,TOR,1
20250702_SD@PHI,2025-07-02,PHI,SD,4,6,0.0,0.5394481696273159,0.5443,PHI,SD,0
20250702_SD@PHI_2,2025-07-02,PHI,SD,5,1,1.0,0.5434746091672846,0.549,PHI,PHI,1
20250702_SF@AZ,2025-07-02,AZ,SF,5,6,0.0,0.5973580392274491,0.6122,AZ,SF,0
20250702_STL@PIT,2025-07-02,PIT,STL,5,0,1.0,0.47683492400513905,0.4749,STL,PIT,0
20250701_ATH@TB,2025-07-01,TB,ATH,3,4,0.0,0.6027145277310698,0.6184,TB,ATH,0
20250701_BAL@TEX,2025-07-01,TEX,BAL,10,2,1.0,0.5222437505238893,0.524,TEX,TEX,1
20250701_CIN@BOS,2025-07-01,BOS,CIN,5,3,1.0,0.5037826140685571,0.5022,BOS,BOS,1
20250701_CLE@CHC,2025-07-01,CHC,CLE,5,2,1.0,0.6049511911596387,0.621,CHC,CHC,1
20250701_CWS@LAD,2025-07-01,LAD,CWS,6,1,1.0,0.6851118648937408,0.7127,LAD,LAD,1
20250701_HOU@COL,2025-07-01,COL,HOU,5,6,0.0,0.47564615237386687,0.4735,HOU,HOU,1
20250701_KC@SEA,2025-07-01,SEA,KC,3,6,0.0,0.5838439574950576,0.5964,SEA,KC,0
20250701_LAA@ATL,2025-07-01,ATL,LAA,0,4,0.0,0.5774962436699186,0.589,ATL,LAA,0
20250701_MIN@MIA,2025-07-01,MIA,MIN,2,0,1.0,0.5482636043267813,0.5547,MIA,MIA,1
20250701_NYY@TOR,2025-07-01,TOR,NYY,12,5,1.0,0.51216143236209,0.5121,TOR,TOR,1
20250701_SF@AZ,2025-07-01,AZ,SF,8,2,1.0,0.5777916616900061,0.5894,AZ,AZ,1
20250701_STL@PIT,2025-07-01,PIT,STL,1,0,1.0,0.5355328160986632,0.5397,PIT,PIT,1
20250630_ATH@TB,2025-06-30,TB,ATH,4,6,0.0,0.5814427492438523,0.5936,TB,ATH,0
20250630_BAL@TEX,2025-06-30,TEX,BAL,6,10,0.0,0.5380066133525627,0.5426,TEX,BAL,0
20250630_CIN@BOS,2025-06-30,BOS,CIN,13,6,1.0,0.47288447711730375,0.4703,CIN,BOS,0
20250630_KC@SEA,2025-06-30,SEA,KC,6,2,1.0,0.5713856885589107,0.5818,SEA,SEA,1
20250630_NYY@TOR,2025-06-30,TOR,NYY,5,4,1.0,0.4689665793410728,0.4656,NYY,TOR,0
20250630_SD@PHI,2025-06-30,PHI,SD,4,0,1.0,0.5831380790841068,0.5956,PHI,PHI,1
20250630_SF@AZ,2025-06-30,AZ,SF,4,2,1.0,0.535218436261853,0.5393,AZ,AZ,1
20250630_STL@PIT,2025-06-30,PIT,STL,7,0,1.0,0.4693658100853714,0.4661,STL,PIT,0
20250629_ATH@NYY,2025-06-29,NYY,ATH,12,5,1.0,0.5595492939321468,0.5679,NYY,NYY,1
20250629_CHC@HOU,2025-06-29,HOU,CHC,2,0,1.0,0.5606435570196571,0.5692,HOU,HOU,1
20250629_COL@MIL,2025-06-29,MIL,COL,3,4,0.0,0.6839736061529971,0.7114,MIL,COL,0
20250629_LAD@KC,2025-06-29,KC,LAD,1,5,0.0,0.46804889835112545,0.4646,LAD,LAD,1
20250629_MIA@AZ,2025-06-29,AZ,MIA,4,6,0.0,0.5914298915057389,0.6053,AZ,MIA,0
20250629_MIN@DET,2025-06-29,DET,MIN,3,0,1.0,0.6510119531187771,0.6741,DET,DET,1
20250629_NYM@PIT,2025-06-29,PIT,NYM,12,1,1.0,0.4892071967624978,0.4895,NYM,PIT,0
20250629_PHI@ATL,2025-06-29,ATL,PHI,1,2,0.0,0.5625534039798082,0.5715,ATL,PHI,0
20250629_SD@CIN,2025-06-29,CIN,SD,3,2,1.0,0.5202869188213842,0.5217,CIN,CIN,1
20250629_SEA@TEX,2025-06-29,TEX,SEA,4,6,0.0,0.5554112307552361,0.5631,TEX,SEA,0
20250629_SF@CWS,2025-06-29,CWS,SF,5,2,1.0,0.4491367232464894,0.4423,SF,CWS,0
20250629_STL@CLE,2025-06-29,CLE,STL,0,7,0.0,0.49211631280145796,0.493,STL,STL,1
20250629_TB@BAL,2025-06-29,BAL,TB,5,1,1.0,0.44927737530384976,0.4424,TB,BAL,0
20250629_TOR@BOS,2025-06-29,BOS,TOR,3,5,0.0,0.522455404741047,0.5242,BOS,TOR,0
20250629_WSH@LAA,2025-06-29,LAA,WSH,4,7,0.0,0.5261162827683766,0.5286,LAA,WSH,0
20250628_ATH@NYY,2025-06-28,NYY,ATH,0,7,0.0,0.6060838216957638,0.6224,NYY,ATH,0
20250628_CHC@HOU,2025-06-28,HOU,CHC,3,12,0.0,0.5352907102898529,0.5394,HOU,CHC,0
20250628_COL@MIL,2025-06-28,MIL,COL,5,0,1.0,0.6684694369505881,0.694,MIL,MIL,1
20250628_LAD@KC,2025-06-28,KC,LAD,9,5,1.0,0.4382406108783503,0.4295,LAD,KC,0
20250628_MIA@AZ,2025-06-28,AZ,MIA,7,8,0.0,0.5853364259549382,0.5982,AZ,MIA,0
20250628_MIN@DET,2025-06-28,DET,MIN,10,5,1.0,0.608402906611547,0.6251,DET,DET,1
20250628_NYM@PIT,2025-06-28,PIT,NYM,9,2,1.0,0.48312183183924773,0.4823,NYM,PIT,0
20250628_PHI@ATL,2025-06-28,ATL,PHI,6,1,1.0,0.47689265054385477,0.475,PHI,ATL,0
20250628_SD@CIN,2025-06-28,CIN,SD,4,6,0.0,0.5508967474935584,0.5578,CIN,SD,0
20250628_SEA@TEX,2025-06-28,TEX,SEA,3,2,1.0,0.518516524735825,0.5196,TEX,TEX,1
20250628_SF@CWS,2025-06-28,CWS,SF,1,0,1.0,0.43293377036372427,0.4232,SF,CWS,0
20250628_STL@CLE,2025-06-28,CLE,STL,6,9,0.0,0.5302048070775325,0.5334,CLE,STL,0
20250628_TB@BAL,2025-06-28,BAL,TB,3,11,0.0,0.4789591506034504,0.4774,TB,TB,1
20250628_TOR@BOS,2025-06-28,BOS,TOR,15,1,1.0,0.5069115334918913,0.5059,BOS,BOS,1
20250628_WSH@LAA,2025-06-28,LAA,WSH,8,2,1.0,0.46929400942297367,0.466,WSH,LAA,0
20250627_ATH@NYY,2025-06-27,NYY,ATH,3,0,1.0,0.6018166556225405,0.6174,NYY,NYY,1
20250627_CHC@HOU,2025-06-27,HOU,CHC,7,4,1.0,0.5599778944474706,0.5685,HOU,HOU,1
20250627_COL@MIL,2025-06-27,MIL,COL,10,6,1.0,0.6306659883990741,0.6508,MIL,MIL,1
20250627_LAD@KC,2025-06-27,KC,LAD,4,5,0.0,0.4223902254352872,0.4109,LAD,LAD,1
20250627_MIA@AZ,2025-06-27,AZ,MIA,8,9,0.0,0.6181615338966101,0.6364,AZ,MIA,0
20250627_MIN@DET,2025-06-27,DET,MIN,1,4,0.0,0.5585253343227059,0.5667,DET,MIN,0
20250627_NYM@PIT,2025-06-27,PIT,NYM,9,1,1.0,0.4590924834601322,0.454,NYM,PIT,0
20250627_PHI@ATL,2025-06-27,ATL,PHI,0,13,0.0,0.4969257467199108,0.4986,PHI,PHI,1
20250627_SD@CIN,2025-06-27,CIN,SD,8,1,1.0,0.46121536502946353,0.4565,SD,CIN,0
20250627_SEA@TEX,2025-06-27,TEX,SEA,6,7,0.0,0.4946473353480061,0.4959,SEA,SEA,1
20250627_SF@CWS,2025-06-27,CWS,SF,1,3,0.0,0.4414437954412004,0.4332,SF,SF,1
20250627_STL@CLE,2025-06-27,CLE,STL,0,5,0.0,0.5698221855437398,0.58,CLE,STL,0
20250627_TB@BAL,2025-06-27,BAL,TB,22,8,1.0,0.4010138996991271,0.3859,TB,BAL,0
20250627_TOR@BOS,2025-06-27,BOS,TOR,0,9,0.0,0.5080135796666421,0.5072,BOS,TOR,0
20250627_WSH@LAA,2025-06-27,LAA,WSH,9,15,0.0,0.5497363070826409,0.5564,LAA,WSH,0
20250626_ATH@DET,2025-06-26,DET,ATH,8,0,1.0,0.5642089318805511,0.5742,DET,DET,1
20250626_ATL@NYM,2025-06-26,NYM,ATL,4,0,1.0,0.5821850801883954,0.5951,NYM,NYM,1
20250626_CHC@STL,2025-06-26,STL,CHC,0,3,0.0,0.49966807351404047,0.5,CHC,CHC,1
20250626_LAD@COL,2025-06-26,COL,LAD,1,3,0.0,0.3769482672125571,0.3577,LAD,LAD,1
20250626_MIA@SF,2025-06-26,SF,MIA,5,12,0.0,0.5799229962173661,0.5925,SF,MIA,0
20250626_PHI@HOU,2025-06-26,HOU,PHI,2,1,1.0,0.575267699269409,0.5871,HOU,HOU,1
20250626_SEA@MIN,2025-06-26,MIN,SEA,10,1,1.0,0.5087206838996619,0.5092,MIN,MIN,1
20250626_TB@KC,2025-06-26,KC,TB,0,4,0.0,0.43966047789536744,0.4303,TB,TB,1
20250626_TOR@CLE,2025-06-26,CLE,TOR,0,6,0.0,0.5365934247794028,0.5419,CLE,TOR,0
20250625_ATH@DET,2025-06-25,DET,ATH,0,3,0.0,0.6061986100046647,0.6229,DET,ATH,0
20250625_ATL@NYM,2025-06-25,NYM,ATL,7,3,1.0,0.5798111753181866,0.5923,NYM,NYM,1
20250625_AZ@CWS,2025-06-25,CWS,AZ,7,3,1.0,0.4344723897157846,0.4243,AZ,CWS,0
20250625_BOS@LAA,2025-06-25,LAA,BOS,5,2,1.0,0.4485026448610789,0.4407,BOS,LAA,0
20250625_CHC@STL,2025-06-25,STL,CHC,0,8,0.0,0.51816879254579,0.5203,STL,CHC,0
20250625_LAD@COL,2025-06-25,COL,LAD,1,8,0.0,0.413413188198195,0.3998,LAD,LAD,1
20250625_MIA@SF,2025-06-25,SF,MIA,5,8,0.0,0.584006980193819,0.5972,SF,MIA,0
20250625_NYY@CIN,2025-06-25,CIN,NYY,1,7,0.0,0.4475963200844856,0.4396,NYY,NYY,1
20250625_PHI@HOU,2025-06-25,HOU,PHI,2,0,1.0,0.4930424862868589,0.4929,PHI,HOU,0
20250625_PIT@MIL,2025-06-25,MIL,PIT,4,2,1.0,0.5896565428750316,0.6038,MIL,MIL,1
20250625_SEA@MIN,2025-06-25,MIN,SEA,2,0,1.0,0.507374145406986,0.5076,MIN,MIN,1
20250625_TB@KC,2025-06-25,KC,TB,0,3,0.0,0.4526421426987999,0.4455,TB,TB,1
20250625_TEX@BAL,2025-06-25,BAL,TEX,0,7,0.0,0.5182533317368144,0.5204,BAL,TEX,0
20250625_TOR@CLE,2025-06-25,CLE,TOR,5,4,1.0,0.548688654479681,0.556,CLE,CLE,1
20250625_WSH@SD,2025-06-25,SD,WSH,1,0,1.0,0.5529283112388835,0.561,SD,SD,1
20250624_ATH@DET,2025-06-24,DET,ATH,11,4,1.0,0.6317816971109282,0.6523,DET,DET,1
20250624_ATL@NYM,2025-06-24,NYM,ATL,4,7,0.0,0.5553461637861974,0.5638,NYM,ATL,0
20250624_AZ@CWS,2025-06-24,CWS,AZ,1,4,0.0,0.46002243835425044,0.4542,AZ,AZ,1
20250624_BOS@LAA,2025-06-24,LAA,BOS,3,2,1.0,0.4102272887325878,0.3961,BOS,LAA,0
20250624_CHC@STL,2025-06-24,STL,CHC,8,7,1.0,0.5214646396303834,0.5241,STL,STL,1
20250624_LAD@COL,2025-06-24,COL,LAD,7,9,0.0,0.37360311301274746,0.3538,LAD,LAD,1
20250624_MIA@SF,2025-06-24,SF,MIA,2,4,0.0,0.596829187203401,0.6121,SF,MIA,0
20250624_NYY@CIN,2025-06-24,CIN,NYY,5,4,1.0,0.4624189160421166,0.457,NYY,CIN,0
20250624_PHI@HOU,2025-06-24,HOU,PHI,1,0,1.0,0.5584383480250752,0.5674,HOU,HOU,1
20250624_PIT@MIL,2025-06-24,MIL,PIT,9,3,1.0,0.6475996014643546,0.6704,MIL,MIL,1
20250624_SEA@MIN,2025-06-24,MIN,SEA,5,6,0.0,0.49500768762029834,0.4952,SEA,SEA,1
20250624_TB@KC,2025-06-24,KC,TB,1,5,0.0,0.47710152130656797,0.4742,TB,TB,1
20250624_TEX@BAL,2025-06-24,BAL,TEX,5,6,0.0,0.5489672399411032,0.5564,BAL,TEX,0
20250624_TOR@CLE,2025-06-24,CLE,TOR,6,10,0.0,0.5007578568251307,0.5,CLE,TOR,0
20250624_WSH@SD,2025-06-24,SD,WSH,4,3,1.0,0.5542459762093955,0.5625,SD,SD,1
20250623_ATL@NYM,2025-06-23,NYM,ATL,2,3,0.0,0.5349772478021516,0.54,NYM,ATL,0
20250623_AZ@CWS,2025-06-23,CWS,AZ,0,10,0.0,0.4656641931877665,0.4608,AZ,AZ,1
20250623_BOS@LAA,2025-06-23,LAA,BOS,9,5,1.0,0.4836273849728942,0.4818,BOS,LAA,0
20250623_CHC@STL,2025-06-23,STL,CHC,8,2,1.0,0.48620483437375434,0.4849,CHC,STL,0
20250623_NYY@CIN,2025-06-23,CIN,NYY,6,1,1.0,0.4459941906948514,0.4377,NYY,CIN,0
20250623_PIT@MIL,2025-06-23,MIL,PIT,4,5,0.0,0.6074513309440815,0.6244,MIL,PIT,0
20250623_SEA@MIN,2025-06-23,MIN,SEA,2,11,0.0,0.5101773144282381,0.5109,MIN,SEA,0
20250623_TEX@BAL,2025-06-23,BAL,TEX,6,0,1.0,0.5616667193568219,0.5712,BAL,BAL,1
20250623_WSH@SD,2025-06-23,SD,WSH,6,10,0.0,0.5694752974981313,0.5803,SD,WSH,0
20250622_ATL@MIA,2025-06-22,MIA,ATL,5,3,1.0,0.47150454050665763,0.4676,ATL,MIA,0
20250622_AZ@COL,2025-06-22,COL,AZ,4,2,1.0,0.41544095814174536,0.4021,AZ,COL,0
20250622_BAL@NYY,2025-06-22,NYY,BAL,4,2,1.0,0.5948402116146554,0.6098,NYY,NYY,1
20250622_BOS@SF,2025-06-22,SF,BOS,9,5,1.0,0.5448081048440231,0.5515,SF,SF,1
20250622_CIN@STL,2025-06-22,STL,CIN,1,4,0.0,0.5320072632781352,0.5365,STL,CIN,0
20250622_CLE@ATH,2025-06-22,ATH,CLE,0,3,0.0,0.4751147093031781,0.4718,CLE,CLE,1
20250622_CWS@TOR,2025-06-22,TOR,CWS,2,4,0.0,0.6490618340296249,0.672,TOR,CWS,0
20250622_DET@TB,2025-06-22,TB,DET,3,9,0.0,0.5609291056733624,0.5703,TB,DET,0
20250622_HOU@LAA,2025-06-22,LAA,HOU,7,8,0.0,0.4323953435781633,0.4219,HOU,HOU,1
20250622_KC@SD,2025-06-22,SD,KC,3,2,1.0,0.5227777733958591,0.5257,SD,SD,1
20250622_MIL@MIN,2025-06-22,MIN,MIL,8,9,0.0,0.5225684663984236,0.5254,MIN,MIL,0
20250622_NYM@PHI,2025-06-22,PHI,NYM,7,1,1.0,0.5773150136007081,0.5894,PHI,PHI,1
20250622_SEA@CHC,2025-06-22,CHC,SEA,6,14,0.0,0.5171137938316112,0.519,CHC,SEA,0
20250622_TEX@PIT,2025-06-22,PIT,TEX,8,3,1.0,0.5131914222621178,0.5144,PIT,PIT,1
20250622_WSH@LAD,2025-06-22,LAD,WSH,13,7,1.0,0.6046257659082921,0.6211,LAD,LAD,1
20250621_ATL@MIA,2025-06-21,MIA,ATL,0,7,0.0,0.45354861527410095,0.4466,ATL,ATL,1
20250621_AZ@COL,2025-06-21,COL,AZ,3,5,0.0,0.3724921465471532,0.3526,AZ,AZ,1
20250621_BAL@NYY,2025-06-21,NYY,BAL,9,0,1.0,0.5829010773377004,0.5959,NYY,NYY,1
20250621_BOS@SF,2025-06-21,SF,BOS,3,2,1.0,0.5455634940878842,0.5524,SF,SF,1
20250621_CIN@STL,2025-06-21,STL,CIN,6,5,1.0,0.5945641193689928,0.6095,STL,STL,1
20250621_CLE@ATH,2025-06-21,ATH,CLE,2,4,0.0,0.49948276266122227,0.5,CLE,CLE,1
20250621_CWS@TOR,2025-06-21,TOR,CWS,7,1,1.0,0.6386824355717827,0.6602,TOR,TOR,1
20250621_DET@TB,2025-06-21,TB,DET,8,3,1.0,0.5416569383773118,0.5478,TB,TB,1
20250621_HOU@LAA,2025-06-21,LAA,HOU,9,1,1.0,0.46980811615522255,0.4656,HOU,LAA,0
20250621_KC@SD,2025-06-21,SD,KC,5,1,1.0,0.5778505080563037,0.5901,SD,SD,1
20250621_MIL@MIN,2025-06-21,MIN,MIL,0,9,0.0,0.5557595310110972,0.5643,MIN,MIL,0
20250621_NYM@PHI,2025-06-21,PHI,NYM,4,11,0.0,0.5798345288086761,0.5924,PHI,NYM,0
20250621_SEA@CHC,2025-06-21,CHC,SEA,10,7,1.0,0.5800189726214932,0.5926,CHC,CHC,1
20250621_TEX@PIT,2025-06-21,PIT,TEX,2,3,0.0,0.5140290605580489,0.5154,PIT,TEX,0
20250621_WSH@LAD,2025-06-21,LAD,WSH,3,7,0.0,0.6819010228520007,0.709,LAD,WSH,0
20250620_ATL@MIA,2025-06-20,MIA,ATL,6,2,1.0,0.48759041142093584,0.4865,ATL,MIA,0
20250620_AZ@COL,2025-06-20,COL,AZ,8,14,0.0,0.39981777583396205,0.384,AZ,AZ,1
20250620_BAL@NYY,2025-06-20,NYY,BAL,3,5,0.0,0.5945555425153387,0.6095,NYY,BAL,0
20250620_BOS@SF,2025-06-20,SF,BOS,5,7,0.0,0.5481760461385611,0.5554,SF,BOS,0
20250620_CIN@STL,2025-06-20,STL,CIN,6,1,1.0,0.5381579870707055,0.5437,STL,STL,1
20250620_CLE@ATH,2025-06-20,ATH,CLE,5,1,1.0,0.4889899694701846,0.4881,CLE,ATH,0
20250620_CWS@TOR,2025-06-20,TOR,CWS,1,7,0.0,0.5766782597442424,0.5887,TOR,CWS,0
20250620_DET@TB,2025-06-20,TB,DET,14,8,1.0,0.5261398938635745,0.5296,TB,TB,1
20250620_HOU@LAA,2025-06-20,LAA,HOU,2,3,0.0,0.42328961033533274,0.4113,HOU,HOU,1
20250620_KC@SD,2025-06-20,SD,KC,5,6,0.0,0.5919639734672737,0.6065,SD,KC,0
20250620_MIL@MIN,2025-06-20,MIN,MIL,6,17,0.0,0.5267482906188671,0.5303,MIN,MIL,0
20250620_NYM@PHI,2025-06-20,PHI,NYM,10,2,1.0,0.534664773923221,0.5396,PHI,PHI,1
20250620_SEA@CHC,2025-06-20,CHC,SEA,4,9,0.0,0.5436048162839436,0.5501,CHC,SEA,0
20250620_TEX@PIT,2025-06-20,PIT,TEX,2,6,0.0,0.5175325650426102,0.5195,PIT,TEX,0
20250620_WSH@LAD,2025-06-20,LAD,WSH,6,5,1.0,0.5923365099353789,0.6069,LAD,LAD,1
20250619_AZ@TOR,2025-06-19,TOR,AZ,5,9,0.0,0.5088024350150347,0.5102,TOR,AZ,0
20250619_BAL@TB,2025-06-19,TB,BAL,1,4,0.0,0.5301738327603445,0.5355,TB,BAL,0
20250619_CLE@SF,2025-06-19,SF,CLE,2,1,1.0,0.5742449904341187,0.5875,SF,SF,1
20250619_COL@WSH,2025-06-19,WSH,COL,4,3,1.0,0.5920674480296214,0.6084,WSH,WSH,1
20250619_HOU@ATH,2025-06-19,ATH,HOU,6,4,1.0,0.4506907120718861,0.4418,HOU,ATH,0
20250619_KC@TEX,2025-06-19,TEX,KC,1,4,0.0,0.5500502224055502,0.559,TEX,KC,0
20250619_LAA@NYY,2025-06-19,NYY,LAA,7,3,1.0,0.6025660342911794,0.6207,NYY,NYY,1
20250619_MIL@CHC,2025-06-19,CHC,MIL,7,8,0.0,0.5284840205105915,0.5335,CHC,MIL,0
20250619_MIN@CIN,2025-06-19,CIN,MIN,5,12,0.0,0.5300521019801201,0.5354,CIN,MIN,0
20250619_NYM@ATL,2025-06-19,ATL,NYM,7,1,1.0,0.5061917951868645,0.5071,ATL,ATL,1
20250619_PHI@MIA,2025-06-19,MIA,PHI,1,2,0.0,0.45800864651632217,0.4505,PHI,PHI,1
20250619_PIT@DET,2025-06-19,DET,PIT,9,2,1.0,0.6405043748851897,0.6645,DET,DET,1
20250619_PIT@DET_2,2025-06-19,DET,PIT,4,8,0.0,0.5659807129711544,0.5778,DET,PIT,0
20250619_SD@LAD,2025-06-19,LAD,SD,3,5,0.0,0.6234899988532109,0.6449,LAD,SD,0
20250619_STL@CWS,2025-06-19,CWS,STL,6,8,0.0,0.4321366556829897,0.42,STL,STL,1
20250619_STL@CWS_2,2025-06-19,CWS,STL,4,5,0.0,0.4681458359274416,0.4625,STL,STL,1
20250618_AZ@TOR,2025-06-18,TOR,AZ,8,1,1.0,0.5132751830664705,0.5155,TOR,TOR,1
20250618_BAL@TB,2025-06-18,TB,BAL,12,8,1.0,0.5071123725578868,0.5082,TB,TB,1
20250618_BOS@SEA,2025-06-18,SEA,BOS,1,3,0.0,0.49674608412351906,0.4963,BOS,BOS,1
20250618_CLE@SF,2025-06-18,SF,CLE,2,4,0.0,0.5217781964894848,0.5256,SF,CLE,0
20250618_COL@WSH,2025-06-18,WSH,COL,1,3,0.0,0.5925443814319774,0.609,WSH,COL,0
20250618_HOU@ATH,2025-06-18,ATH,HOU,4,11,0.0,0.4057653454996272,0.3891,HOU,HOU,1
20250618_KC@TEX,2025-06-18,TEX,KC,3,6,0.0,0.5169553624723568,0.5199,TEX,KC,0
20250618_LAA@NYY,2025-06-18,NYY,LAA,2,3,0.0,0.5906811012351199,0.6068,NYY,LAA,0
20250618_MIN@CIN,2025-06-18,CIN,MIN,4,2,1.0,0.5300188349880388,0.5354,CIN,CIN,1
20250618_NYM@ATL,2025-06-18,ATL,NYM,5,0,1.0,0.5357117862645017,0.5421,ATL,ATL,1
20250618_PHI@MIA,2025-06-18,MIA,PHI,2,4,0.0,0.4374510880511948,0.4262,PHI,PHI,1
20250618_SD@LAD,2025-06-18,LAD,SD,4,3,1.0,0.5986506756565753,0.6161,LAD,LAD,1
20250617_AZ@TOR,2025-06-17,TOR,AZ,5,4,1.0,0.523966696728341,0.5282,TOR,TOR,1
20250617_BAL@TB,2025-06-17,TB,BAL,1,5,0.0,0.5533519125459899,0.5629,TB,BAL,0
20250617_BOS@SEA,2025-06-17,SEA,BOS,8,0,1.0,0.5159882943776981,0.5188,SEA,SEA,1
20250617_CLE@SF,2025-06-17,SF,CLE,2,3,0.0,0.5573916669483658,0.5677,SF,CLE,0
20250617_COL@WSH,2025-06-17,WSH,COL,6,10,0.0,0.6233086946733168,0.6447,WSH,COL,0
20250617_HOU@ATH,2025-06-17,ATH,HOU,3,13,0.0,0.48130873579807554,0.478,HOU,HOU,1
20250617_KC@TEX,2025-06-17,TEX,KC,1,6,0.0,0.5607397109549052,0.5716,TEX,KC,0
20250617_LAA@NYY,2025-06-17,NYY,LAA,0,4,0.0,0.592385864266623,0.6088,NYY,LAA,0
20250617_MIL@CHC,2025-06-17,CHC,MIL,5,3,1.0,0.5599117646206628,0.5707,CHC,CHC,1
20250617_MIN@CIN,2025-06-17,CIN,MIN,6,5,1.0,0.5429372260839885,0.5506,CIN,CIN,1
20250617_NYM@ATL,2025-06-17,ATL,NYM,5,4,1.0,0.4813338704735239,0.4781,NYM,ATL,0
20250617_PHI@MIA,2025-06-17,MIA,PHI,8,3,1.0,0.41979183278374216,0.4055,PHI,MIA,0
20250617_PIT@DET,2025-06-17,DET,PIT,7,3,1.0,0.6440728241813352,0.6686,DET,DET,1
20250617_SD@LAD,2025-06-17,LAD,SD,8,6,1.0,0.654131509791083,0.6801,LAD,LAD,1
20250617_STL@CWS,2025-06-17,CWS,STL,2,12,0.0,0.47642692801088526,0.4723,STL,STL,1
20250616_BAL@TB,2025-06-16,TB,BAL,7,1,1.0,0.5572951843045089,0.5676,TB,TB,1
20250616_BOS@SEA,2025-06-16,SEA,BOS,0,2,0.0,0.5101893505304961,0.5119,SEA,BOS,0
20250616_COL@WSH,2025-06-16,WSH,COL,4,6,0.0,0.5905845294988077,0.6067,WSH,COL,0
20250616_HOU@ATH,2025-06-16,ATH,HOU,3,1,1.0,0.4882877744053854,0.4863,HOU,ATH,0
20250616_LAA@NYY,2025-06-16,NYY,LAA,0,1,0.0,0.5951213631491448,0.612,NYY,LAA,0
20250616_PHI@MIA,2025-06-16,MIA,PHI,2,5,0.0,0.46609946001601643,0.46,PHI,PHI,1
20250616_SD@LAD,2025-06-16,LAD,SD,6,3,1.0,0.5599190314166197,0.5707,LAD,LAD,1
20250615_ATH@KC,2025-06-15,KC,ATH,2,3,0.0,0.5508474529311785,0.56,KC,ATH,0
20250615_CIN@DET,2025-06-15,DET,CIN,4,8,0.0,0.6243923884441357,0.646,DET,CIN,0
20250615_CLE@SEA,2025-06-15,SEA,CLE,6,0,1.0,0.4887143073095792,0.4868,CLE,SEA,0
20250615_COL@ATL,2025-06-15,ATL,COL,1,10,0.0,0.6688249225517228,0.6968,ATL,COL,0
20250615_CWS@TEX,2025-06-15,TEX,CWS,2,1,1.0,0.638109957523782,0.6618,TEX,TEX,1
20250615_LAA@BAL,2025-06-15,BAL,LAA,11,2,1.0,0.505471216185779,0.5063,BAL,BAL,1
20250615_MIA@WSH,2025-06-15,WSH,MIA,1,3,0.0,0.5253018587373653,0.5298,WSH,MIA,0
20250615_MIN@HOU,2025-06-15,HOU,MIN,2,1,1.0,0.5638833010005945,0.5753,HOU,HOU,1
20250615_NYY@BOS,2025-06-15,BOS,NYY,2,0,1.0,0.4468888240086069,0.4373,NYY,BOS,0
20250615_PIT@CHC,2025-06-15,CHC,PIT,3,2,1.0,0.6110944419132366,0.6306,CHC,CHC,1
20250615_SD@AZ,2025-06-15,AZ,SD,2,8,0.0,0.5261591793186082,0.5308,AZ,SD,0
20250615_SF@LAD,2025-06-15,LAD,SF,5,4,1.0,0.6522526193623183,0.678,LAD,LAD,1
20250615_STL@MIL,2025-06-15,MIL,STL,3,2,1.0,0.5439495572839108,0.5518,MIL,MIL,1
20250615_TB@NYM,2025-06-15,NYM,TB,0,9,0.0,0.5863933650178905,0.6018,NYM,TB,0
20250615_TOR@PHI,2025-06-15,PHI,TOR,11,4,1.0,0.579901093919898,0.5942,PHI,PHI,1
20250614_ATH@KC,2025-06-14,KC,ATH,0,4,0.0,0.5298888929312002,0.5352,KC,ATH,0
20250614_CIN@DET,2025-06-14,DET,CIN,1,11,0.0,0.6062866640814204,0.625,DET,CIN,0
20250614_CLE@SEA,2025-06-14,SEA,CLE,4,3,1.0,0.5272805048254662,0.5321,SEA,SEA,1
20250614_COL@ATL,2025-06-14,ATL,COL,4,1,1.0,0.6570417654305495,0.6834,ATL,ATL,1
20250614_CWS@TEX,2025-06-14,TEX,CWS,5,4,1.0,0.6449733794025041,0.6697,TEX,TEX,1
20250614_LAA@BAL,2025-06-14,BAL,LAA,6,5,1.0,0.4896808392076311,0.488,LAA,BAL,0
20250614_MIA@WSH,2025-06-14,WSH,MIA,3,4,0.0,0.5194301858451356,0.5228,WSH,MIA,0
20250614_MIN@HOU,2025-06-14,HOU,MIN,3,2,1.0,0.5568366762367672,0.567,HOU,HOU,1
20250614_NYY@BOS,2025-06-14,BOS,NYY,4,3,1.0,0.4202974565416162,0.4061,NYY,BOS,0
20250614_PIT@CHC,2025-06-14,CHC,PIT,2,1,1.0,0.6148198498084881,0.6349,CHC,CHC,1
20250614_SD@AZ,2025-06-14,AZ,SD,8,7,1.0,0.527099203618789,0.5319,AZ,AZ,1
20250614_SF@LAD,2025-06-14,LAD,SF,11,5,1.0,0.5854460232081806,0.6007,LAD,LAD,1
20250614_STL@MIL,2025-06-14,MIL,STL,5,8,0.0,0.5515727183931843,0.5608,MIL,STL,0
20250614_TB@NYM,2025-06-14,NYM,TB,4,8,0.0,0.5946893828747051,0.6115,NYM,TB,0
20250614_TOR@PHI,2025-06-14,PHI,TOR,3,2,1.0,0.5787674908600521,0.5928,PHI,PHI,1
20250613_ATH@KC,2025-06-13,KC,ATH,4,6,0.0,0.5988370064073794,0.6163,KC,ATH,0
20250613_CIN@DET,2025-06-13,DET,CIN,11,5,1.0,0.6072777856554329,0.6261,DET,DET,1
20250613_CLE@SEA,2025-06-13,SEA,CLE,7,2,1.0,0.48234823387638254,0.4793,CLE,SEA,0
20250613_COL@ATL,2025-06-13,ATL,COL,12,4,1.0,0.6650285858708276,0.6925,ATL,ATL,1
20250613_CWS@TEX,2025-06-13,TEX,CWS,3,1,1.0,0.6326857845951942,0.6556,TEX,TEX,1
20250613_LAA@BAL,2025-06-13,BAL,LAA,2,0,1.0,0.5403206592123406,0.5475,BAL,BAL,1
20250613_MIA@WSH,2025-06-13,WSH,MIA,9,11,0.0,0.5002729111716162,0.5001,WSH,MIA,0
20250613_MIN@HOU,2025-06-13,HOU,MIN,10,3,1.0,0.5760644248397714,0.5897,HOU,HOU,1
20250613_NYY@BOS,2025-06-13,BOS,NYY,2,1,1.0,0.47834800401934346,0.4745,NYY,BOS,0
20250613_PIT@CHC,2025-06-13,CHC,PIT,1,2,0.0,0.5717893360942412,0.5846,CHC,PIT,0
20250613_SD@AZ,2025-06-13,AZ,SD,5,1,1.0,0.5233622009481242,0.5275,AZ,AZ,1
20250613_SF@LAD,2025-06-13,LAD,SF,2,6,0.0,0.6203943953551673,0.6414,LAD,SF,0
20250613_STL@MIL,2025-06-13,MIL,STL,3,2,1.0,0.5691073352124315,0.5815,MIL,MIL,1
20250613_TB@NYM,2025-06-13,NYM,TB,5,7,0.0,0.6114497802651594,0.631,NYM,TB,0
20250613_TOR@PHI,2025-06-13,PHI,TOR,8,0,1.0,0.5470118700891228,0.5555,PHI,PHI,1
20250612_CWS@HOU,2025-06-12,HOU,CWS,4,3,1.0,0.6971757938562096,0.7244,HOU,HOU,1
20250612_DET@BAL,2025-06-12,BAL,DET,1,4,0.0,0.40739764400718836,0.3911,DET,DET,1
20250612_NYY@KC,2025-06-12,KC,NYY,0,1,0.0,0.42488742663233015,0.4108,NYY,NYY,1
20250612_PIT@CHC,2025-06-12,CHC,PIT,3,2,1.0,0.6371092628304877,0.6586,CHC,CHC,1
20250612_SF@COL,2025-06-12,COL,SF,8,7,1.0,0.4411043059728017,0.4291,SF,COL,0
20250612_STL@MIL,2025-06-12,MIL,STL,6,0,1.0,0.5333740908049563,0.5419,MIL,MIL,1
20250612_TEX@MIN,2025-06-12,MIN,TEX,3,16,0.0,0.6006971978760117,0.618,MIN,TEX,0
20250612_WSH@NYM,2025-06-12,NYM,WSH,4,3,1.0,0.6530719931461566,0.6763,NYM,NYM,1
20250611_ATH@LAA,2025-06-11,LAA,ATH,6,5,1.0,0.5412147897126514,0.5508,LAA,LAA,1
20250611_ATL@MIL,2025-06-11,MIL,ATL,2,6,0.0,0.5495923770464727,0.5603,MIL,ATL,0
20250611_CHC@PHI,2025-06-11,PHI,CHC,7,2,1.0,0.4736838453708239,0.4661,CHC,PHI,0
20250611_CIN@CLE,2025-06-11,CLE,CIN,11,2,1.0,0.5699956695246521,0.5834,CLE,CLE,1
20250611_CWS@HOU,2025-06-11,HOU,CWS,10,2,1.0,0.6678706384643354,0.6925,HOU,HOU,1
20250611_DET@BAL,2025-06-11,BAL,DET,10,1,1.0,0.4469604079633126,0.4358,DET,BAL,0
20250611_LAD@SD,2025-06-11,SD,LAD,2,5,0.0,0.4805563564190232,0.474,LAD,LAD,1
20250611_MIA@PIT,2025-06-11,PIT,MIA,5,2,1.0,0.5576923310648073,0.5695,PIT,PIT,1
20250611_NYY@KC,2025-06-11,KC,NYY,3,6,0.0,0.48986805922417803,0.4846,NYY,NYY,1
20250611_SEA@AZ,2025-06-11,AZ,SEA,5,2,1.0,0.5202807828972529,0.527,AZ,AZ,1
20250611_SF@COL,2025-06-11,COL,SF,7,10,0.0,0.39206853653341567,0.3739,SF,SF,1
20250611_TB@BOS,2025-06-11,BOS,TB,4,3,1.0,0.4837750834727721,0.4776,TB,BOS,0
20250611_TEX@MIN,2025-06-11,MIN,TEX,6,2,1.0,0.6087354442795481,0.627,MIN,MIN,1
20250611_TOR@STL,2025-06-11,STL,TOR,2,5,0.0,0.5598531995889438,0.5719,STL,TOR,0
20250611_WSH@NYM,2025-06-11,NYM,WSH,5,0,1.0,0.6401106701550754,0.662,NYM,NYM,1
20250610_ATH@LAA,2025-06-10,LAA,ATH,2,1,1.0,0.5158802088355852,0.522,LAA,LAA,1
20250610_ATL@MIL,2025-06-10,MIL,ATL,4,1,1.0,0.5372109313514191,0.5463,MIL,MIL,1
20250610_CHC@PHI,2025-06-10,PHI,CHC,4,8,0.0,0.5564164396045812,0.5681,PHI,CHC,0
20250610_CIN@CLE,2025-06-10,CLE,CIN,0,1,0.0,0.5329935014396028,0.5415,CLE,CIN,0
20250610_CWS@HOU,2025-06-10,HOU,CWS,2,4,0.0,0.6710820948912877,0.696,HOU,CWS,0
20250610_DET@BAL,2025-06-10,BAL,DET,3,5,0.0,0.4419471023902083,0.4301,DET,DET,1
20250610_LAD@SD,2025-06-10,SD,LAD,11,1,1.0,0.5428643821657829,0.5527,SD,SD,1
20250610_MIA@PIT,2025-06-10,PIT,MIA,2,3,0.0,0.5855193970459306,0.6009,PIT,MIA,0
20250610_NYY@KC,2025-06-10,KC,NYY,2,10,0.0,0.4437595385696009,0.4321,NYY,NYY,1
20250610_SEA@AZ,2025-06-10,AZ,SEA,10,3,1.0,0.5479259344921251,0.5584,AZ,AZ,1
20250610_SF@COL,2025-06-10,COL,SF,5,6,0.0,0.4178858935012116,0.4029,SF,SF,1
20250610_TB@BOS,2025-06-10,BOS,TB,3,1,1.0,0.46020646214043276,0.4508,TB,BOS,0
20250610_TEX@MIN,2025-06-10,MIN,TEX,4,16,0.0,0.5841713276910795,0.5994,MIN,TEX,0
20250610_TOR@STL,2025-06-10,STL,TOR,9,10,0.0,0.5603040230682445,0.5725,STL,TOR,0
20250610_WSH@NYM,2025-06-10,NYM,WSH,5,4,1.0,0.5791564016772015,0.5938,NYM,NYM,1
20250609_ATH@LAA,2025-06-09,LAA,ATH,7,4,1.0,0.5646782303048022,0.5774,LAA,LAA,1
20250609_ATL@MIL,2025-06-09,MIL,ATL,1,7,0.0,0.5347148875011838,0.5434,MIL,ATL,0
20250609_CHC@PHI,2025-06-09,PHI,CHC,4,3,1.0,0.487927150501034,0.4824,CHC,PHI,0
20250609_CIN@CLE,2025-06-09,CLE,CIN,4,7,0.0,0.6236192713881236,0.6436,CLE,CIN,0
20250609_LAD@SD,2025-06-09,SD,LAD,7,8,0.0,0.4977905244748467,0.4936,LAD,LAD,1
20250609_MIA@PIT,2025-06-09,PIT,MIA,10,3,1.0,0.5541371271418523,0.5655,PIT,PIT,1
20250609_SEA@AZ,2025-06-09,AZ,SEA,8,4,1.0,0.5622641599805279,0.5747,AZ,AZ,1
20250609_TB@BOS,2025-06-09,BOS,TB,8,10,0.0,0.47435142195158875,0.4669,TB,TB,1
20250609_TOR@STL,2025-06-09,STL,TOR,4,5,0.0,0.558902308454645,0.5709,STL,TOR,0
20250608_ATL@SF,2025-06-08,SF,ATL,4,3,1.0,0.5480851673337078,0.5586,SF,SF,1
20250608_AZ@CIN,2025-06-08,CIN,AZ,4,2,1.0,0.4938385980459479,0.4891,AZ,CIN,0
20250608_BAL@ATH,2025-06-08,ATH,BAL,5,1,1.0,0.46546623821075145,0.4568,BAL,ATH,0
20250608_BOS@NYY,2025-06-08,NYY,BOS,7,11,0.0,0.60115041563194,0.6185,NYY,BOS,0
20250608_CHC@DET,2025-06-08,DET,CHC,4,0,1.0,0.5383221388182976,0.5475,DET,DET,1
20250608_HOU@CLE,2025-06-08,CLE,HOU,4,2,1.0,0.49423288419438083,0.4895,HOU,CLE,0
20250608_KC@CWS,2025-06-08,CWS,KC,5,7,0.0,0.4538630328771282,0.4436,KC,KC,1
20250608_LAD@STL,2025-06-08,STL,LAD,3,7,0.0,0.4875043560014249,0.4819,LAD,LAD,1
20250608_MIA@TB,2025-06-08,TB,MIA,3,2,1.0,0.5849982469370799,0.6004,TB,TB,1
20250608_NYM@COL,2025-06-08,COL,NYM,5,13,0.0,0.39097897983085717,0.3727,NYM,NYM,1
20250608_PHI@PIT,2025-06-08,PIT,PHI,2,1,1.0,0.49323732067402515,0.4884,PHI,PIT,0
20250608_SD@MIL,2025-06-08,MIL,SD,0,1,0.0,0.5738252476081677,0.5877,MIL,SD,0
20250608_SEA@LAA,2025-06-08,LAA,SEA,2,3,0.0,0.47869841952100706,0.4718,SEA,SEA,1
20250608_TEX@WSH,2025-06-08,WSH,TEX,2,4,0.0,0.5446564991081693,0.5547,WSH,TEX,0
20250608_TOR@MIN,2025-06-08,MIN,TOR,6,3,1.0,0.5652060313537124,0.578,MIN,MIN,1
20250607_ATL@SF,2025-06-07,SF,ATL,3,2,1.0,0.5589329511527222,0.5709,SF,SF,1
20250607_AZ@CIN,2025-06-07,CIN,AZ,13,1,1.0,0.46490807151061203,0.4562,AZ,CIN,0
20250607_BAL@ATH,2025-06-07,ATH,BAL,4,7,0.0,0.4498526498722207,0.4391,BAL,BAL,1
20250607_BOS@NYY,2025-06-07,NYY,BOS,7,10,0.0,0.5234187800236343,0.5306,NYY,BOS,0
20250607_CHC@DET,2025-06-07,DET,CHC,1,6,0.0,0.5267857621645138,0.5344,DET,CHC,0
20250607_HOU@CLE,2025-06-07,CLE,HOU,3,5,0.0,0.5182530067765413,0.5247,CLE,HOU,0
20250607_KC@CWS,2025-06-07,CWS,KC,4,1,1.0,0.4474603582651504,0.4363,KC,CWS,0
20250607_LAD@STL,2025-06-07,STL,LAD,2,1,1.0,0.4783386784186054,0.4714,LAD,STL,0
20250607_MIA@TB,2025-06-07,TB,MIA,10,11,0.0,0.5736042120342048,0.5875,TB,MIA,0
20250607_NYM@COL,2025-06-07,COL,NYM,1,8,0.0,0.37113219301507333,0.3505,NYM,NYM,1
20250607_PHI@PIT,2025-06-07,PIT,PHI,2,1,1.0,0.4535777811703449,0.4433,PHI,PIT,0
20250607_SD@MIL,2025-06-07,MIL,SD,4,3,1.0,0.5456197605019875,0.5558,MIL,MIL,1
20250607_SEA@LAA,2025-06-07,LAA,SEA,8,6,1.0,0.46520118314060205,0.4565,SEA,LAA,0
20250607_TEX@WSH,2025-06-07,WSH,TEX,0,5,0.0,0.542640553486796,0.5524,WSH,TEX,0
20250607_TOR@MIN,2025-06-07,MIN,TOR,4,5,0.0,0.5507302716451797,0.5616,MIN,TOR,0
20250606_ATL@SF,2025-06-06,SF,ATL,5,4,1.0,0.538958050513382,0.5482,SF,SF,1
20250606_AZ@CIN,2025-06-06,CIN,AZ,4,3,1.0,0.42763852519081813,0.4139,AZ,CIN,0
20250606_BAL@ATH,2025-06-06,ATH,BAL,5,4,1.0,0.4611192788720664,0.4518,BAL,ATH,0
20250606_BOS@NYY,2025-06-06,NYY,BOS,9,6,1.0,0.5850802303821316,0.6004,NYY,NYY,1
20250606_CHC@DET,2025-06-06,DET,CHC,3,1,1.0,0.5263685449805293,0.5339,DET,DET,1
20250606_HOU@CLE,2025-06-06,CLE,HOU,2,4,0.0,0.5459216485170075,0.5561,CLE,HOU,0
20250606_KC@CWS,2025-06-06,CWS,KC,7,2,1.0,0.43118703036816725,0.4179,KC,CWS,0
20250606_LAD@STL,2025-06-06,STL,LAD,5,0,1.0,0.4886301658208571,0.4832,LAD,STL,0
20250606_MIA@TB,2025-06-06,TB,MIA,4,3,1.0,0.5736765867462982,0.5876,TB,TB,1
20250606_NYM@COL,2025-06-06,COL,NYM,2,4,0.0,0.4067832034236644,0.3904,NYM,NYM,1
20250606_PHI@PIT,2025-06-06,PIT,PHI,5,4,1.0,0.47056050266431476,0.4626,PHI,PIT,0
20250606_SD@MIL,2025-06-06,MIL,SD,0,2,0.0,0.5599796932701794,0.5721,MIL,SD,0
20250606_SEA@LAA,2025-06-06,LAA,SEA,5,4,1.0,0.4659292506352428,0.4573,SEA,LAA,0
20250606_TEX@WSH,2025-06-06,WSH,TEX,2,0,1.0,0.5674451697371343,0.5805,WSH,WSH,1
20250606_TOR@MIN,2025-06-06,MIN,TOR,4,6,0.0,0.522020295835153,0.529,MIN,TOR,0
20250605_AZ@ATL,2025-06-05,ATL,AZ,10,11,0.0,0.5157267474458024,0.5235,ATL,AZ,0
20250605_BAL@SEA,2025-06-05,SEA,BAL,3,4,0.0,0.5854155312962005,0.6026,SEA,BAL,0
20250605_CHC@WSH,2025-06-05,WSH,CHC,1,7,0.0,0.421421522454976,0.4051,CHC,CHC,1
20250605_CLE@NYY,2025-06-05,NYY,CLE,4,0,1.0,0.5624014116088636,0.5766,NYY,NYY,1
20250605_DET@CWS,2025-06-05,CWS,DET,3,2,1.0,0.39783881150481454,0.3786,DET,CWS,0
20250605_HOU@PIT,2025-06-05,PIT,HOU,2,8,0.0,0.44225748270875215,0.4287,HOU,HOU,1
20250605_KC@STL,2025-06-05,STL,KC,5,7,0.0,0.5634838970409608,0.5778,STL,KC,0
20250605_KC@STL_2,2025-06-05,STL,KC,6,5,1.0,0.5564946035689894,0.5699,STL,STL,1
20250605_MIN@ATH,2025-06-05,ATH,MIN,14,3,1.0,0.4694323202646353,0.4596,MIN,ATH,0
20250605_NYM@LAD,2025-06-05,LAD,NYM,6,5,1.0,0.5753048036494469,0.5912,LAD,LAD,1
20250605_PHI@TOR,2025-06-05,TOR,PHI,9,1,1.0,0.48173021456143306,0.4736,PHI,TOR,0
20250605_SD@SF,2025-06-05,SF,SD,3,2,1.0,0.48630839139647064,0.4789,SD,SF,0
20250605_TEX@TB,2025-06-05,TB,TEX,4,3,1.0,0.5906506499322655,0.6085,TB,TB,1
20250604_AZ@ATL,2025-06-04,ATL,AZ,1,2,0.0,0.5339753464277555,0.5443,ATL,AZ,0
20250604_BAL@SEA,2025-06-04,SEA,BAL,2,3,0.0,0.5474833151478344,0.5596,SEA,BAL,0
20250604_CHC@WSH,2025-06-04,WSH,CHC,2,0,1.0,0.46335578434131974,0.4527,CHC,WSH,0
20250604_CLE@NYY,2025-06-04,NYY,CLE,0,4,0.0,0.5653265757946268,0.5799,NYY,CLE,0
20250604_COL@MIA,2025-06-04,MIA,COL,2,3,0.0,0.6105130685106377,0.6308,MIA,COL,0
20250604_DET@CWS,2025-06-04,CWS,DET,4,5,0.0,0.387695676776492,0.3672,DET,DET,1
20250604_HOU@PIT,2025-06-04,PIT,HOU,3,0,1.0,0.44306136860535855,0.4296,HOU,PIT,0
20250604_LAA@BOS,2025-06-04,BOS,LAA,11,9,1.0,0.5515322546544662,0.5642,BOS,BOS,1
20250604_MIL@CIN,2025-06-04,CIN,MIL,1,9,0.0,0.483313873140394,0.4755,MIL,MIL,1
20250604_MIN@ATH,2025-06-04,ATH,MIN,1,6,0.0,0.46851236206521024,0.4586,MIN,MIN,1
20250604_NYM@LAD,2025-06-04,LAD,NYM,1,6,0.0,0.5742134617620713,0.5899,LAD,NYM,0
20250604_PHI@TOR,2025-06-04,TOR,PHI,2,1,1.0,0.4869653886757474,0.4796,PHI,TOR,0
20250604_SD@SF,2025-06-04,SF,SD,6,5,1.0,0.5250580802242782,0.5341,SF,SF,1
20250604_TEX@TB,2025-06-04,TB,TEX,5,4,1.0,0.5694981285847929,0.5846,TB,TB,1
20250603_AZ@ATL,2025-06-03,ATL,AZ,3,8,0.0,0.5570983340994952,0.5705,ATL,AZ,0
20250603_BAL@SEA,2025-06-03,SEA,BAL,1,5,0.0,0.6122607421318141,0.6327,SEA,BAL,0
20250603_CHC@WSH,2025-06-03,WSH,CHC,3,8,0.0,0.4410418295094949,0.4273,CHC,CHC,1
20250603_CLE@NYY,2025-06-03,NYY,CLE,3,2,1.0,0.6109043304272889,0.6312,NYY,NYY,1
20250603_COL@MIA,2025-06-03,MIA,COL,2,3,0.0,0.5914823414012695,0.6094,MIA,COL,0
20250603_DET@CWS,2025-06-03,CWS,DET,8,1,1.0,0.40997946216363007,0.3922,DET,CWS,0
20250603_HOU@PIT,2025-06-03,PIT,HOU,0,3,0.0,0.44798974284012455,0.4352,HOU,HOU,1
20250603_KC@STL,2025-06-03,STL,KC,7,10,0.0,0.5622031041414606,0.5763,STL,KC,0
20250603_LAA@BOS,2025-06-03,BOS,LAA,3,4,0.0,0.546421381496848,0.5584,BOS,LAA,0
20250603_MIL@CIN,2025-06-03,CIN,MIL,4,2,1.0,0.5360975824445406,0.5467,CIN,CIN,1
20250603_MIN@ATH,2025-06-03,ATH,MIN,3,10,0.0,0.4612168544416417,0.4503,MIN,MIN,1
20250603_NYM@LAD,2025-06-03,LAD,NYM,6,5,1.0,0.5479225710237918,0.5601,LAD,LAD,1
20250603_PHI@TOR,2025-06-03,TOR,PHI,3,8,0.0,0.46580550535862014,0.4555,PHI,PHI,1
20250603_SD@SF,2025-06-03,SF,SD,2,3,0.0,0.5074796136828142,0.514,SF,SD,0
20250603_TEX@TB,2025-06-03,TB,TEX,5,1,1.0,0.5774086981817355,0.5935,TB,TB,1
20250602_COL@MIA,2025-06-02,MIA,COL,4,6,0.0,0.6361837510159676,0.6594,MIA,COL,0
20250602_DET@CWS,2025-06-02,CWS,DET,1,13,0.0,0.3813132901275109,0.3601,DET,DET,1
20250602_LAA@BOS,2025-06-02,BOS,LAA,6,7,0.0,0.5626512485317067,0.5768,BOS,LAA,0
20250602_MIL@CIN,2025-06-02,CIN,MIL,2,3,0.0,0.5069129503328984,0.5134,CIN,MIL,0
20250602_MIN@ATH,2025-06-02,ATH,MIN,4,10,0.0,0.4668985651861695,0.4567,MIN,MIN,1
20250602_NYM@LAD,2025-06-02,LAD,NYM,3,4,0.0,0.5558583735474547,0.5691,LAD,NYM,0
20250602_SD@SF,2025-06-02,SF,SD,0,1,0.0,0.53717551793241,0.5479,SF,SD,0
20250601_ATH@TOR,2025-06-01,TOR,ATH,8,4,1.0,0.608044448611763,0.628,TOR,TOR,1
20250601_BOS@ATL,2025-06-01,ATL,BOS,1,3,0.0,0.541801829582579,0.5532,ATL,BOS,0
20250601_CIN@CHC,2025-06-01,CHC,CIN,7,3,1.0,0.6073140772736728,0.6272,CHC,CHC,1
20250601_COL@NYM,2025-06-01,NYM,COL,5,3,1.0,0.7415550042960987,0.7732,NYM,NYM,1
20250601_CWS@BAL,2025-06-01,BAL,CWS,3,2,1.0,0.5749009632740204,0.5907,BAL,BAL,1
20250601_DET@KC,2025-06-01,KC,DET,0,1,0.0,0.5028207935555865,0.5087,KC,DET,0
20250601_LAA@CLE,2025-06-01,CLE,LAA,4,2,1.0,0.6215699375158693,0.6431,CLE,CLE,1
20250601_MIL@PHI,2025-06-01,PHI,MIL,2,5,0.0,0.5799617278820554,0.5964,PHI,MIL,0
20250601_MIN@SEA,2025-06-01,SEA,MIN,2,1,1.0,0.5805130997425726,0.597,SEA,SEA,1
20250601_NYY@LAD,2025-06-01,LAD,NYY,3,7,0.0,0.586439940768268,0.6037,LAD,NYY,0
20250601_PIT@SD,2025-06-01,SD,PIT,6,4,1.0,0.6338549416774492,0.6568,SD,SD,1
20250601_SF@MIA,2025-06-01,MIA,SF,2,4,0.0,0.4722342477550439,0.4628,SF,SF,1
20250601_STL@TEX,2025-06-01,TEX,STL,8,1,1.0,0.5090572198368439,0.5158,TEX,TEX,1
20250601_TB@HOU,2025-06-01,HOU,TB,1,0,1.0,0.5724150852327852,0.5879,HOU,HOU,1
20250601_WSH@AZ,2025-06-01,AZ,WSH,3,1,1.0,0.5710353660334572,0.5863,AZ,AZ,1
20250531_ATH@TOR,2025-05-31,TOR,ATH,8,7,1.0,0.5799417614877453,0.5964,TOR,TOR,1
20250531_BOS@ATL,2025-05-31,ATL,BOS,5,0,1.0,0.5827253789683332,0.5995,ATL,ATL,1
20250531_CIN@CHC,2025-05-31,CHC,CIN,2,0,1.0,0.5978960544820121,0.6166,CHC,CHC,1
20250531_COL@NYM,2025-05-31,NYM,COL,8,2,1.0,0.7286407598391168,0.7596,NYM,NYM,1
20250531_CWS@BAL,2025-05-31,BAL,CWS,4,2,1.0,0.5714249705545134,0.5868,BAL,BAL,1
20250531_DET@KC,2025-05-31,KC,DET,1,0,1.0,0.4407510295391086,0.427,DET,KC,0
20250531_LAA@CLE,2025-05-31,CLE,LAA,7,5,1.0,0.6274550437265077,0.6497,CLE,CLE,1
20250531_MIL@PHI,2025-05-31,PHI,MIL,7,17,0.0,0.6328556157550439,0.6557,PHI,MIL,0
20250531_MIN@SEA,2025-05-31,SEA,MIN,5,4,1.0,0.550460994893099,0.563,SEA,SEA,1
20250531_NYY@LAD,2025-05-31,LAD,NYY,18,2,1.0,0.5280828849077187,0.5375,LAD,LAD,1
20250531_PIT@SD,2025-05-31,SD,PIT,0,5,0.0,0.6761553435782768,0.7033,SD,PIT,0
20250531_SF@MIA,2025-05-31,MIA,SF,1,0,1.0,0.45684860300898145,0.4453,SF,MIA,0
20250531_STL@TEX,2025-05-31,TEX,STL,0,2,0.0,0.4820859129628131,0.474,STL,STL,1
20250531_TB@HOU,2025-05-31,HOU,TB,3,16,0.0,0.5823075261053289,0.5991,HOU,TB,0
20250531_WSH@AZ,2025-05-31,AZ,WSH,7,11,0.0,0.5503590414761792,0.5629,AZ,WSH,0
20250530_ATH@TOR,2025-05-30,TOR,ATH,11,7,1.0,0.5875647415906385,0.605,TOR,TOR,1
20250530_BOS@ATL,2025-05-30,ATL,BOS,1,5,0.0,0.5764890119318177,0.5925,ATL,BOS,0
20250530_CIN@CHC,2025-05-30,CHC,CIN,2,6,0.0,0.5685188106454605,0.5835,CHC,CIN,0
20250530_COL@NYM,2025-05-30,NYM,COL,4,2,1.0,0.7347658513599513,0.7661,NYM,NYM,1
20250530_CWS@BAL,2025-05-30,BAL,CWS,2,1,1.0,0.5449444116841071,0.5567,BAL,BAL,1
20250530_DET@KC,2025-05-30,KC,DET,5,7,0.0,0.4721327516792462,0.4627,DET,DET,1
20250530_LAA@CLE,2025-05-30,CLE,LAA,1,4,0.0,0.6039283702501999,0.6234,CLE,LAA,0
20250530_MIL@PHI,2025-05-30,PHI,MIL,2,6,0.0,0.61080717210647,0.6311,PHI,MIL,0
20250530_MIN@SEA,2025-05-30,SEA,MIN,6,12,0.0,0.5232162461242137,0.532,SEA,MIN,0
20250530_NYY@LAD,2025-05-30,LAD,NYY,8,5,1.0,0.5489552985925,0.5613,LAD,LAD,1
20250530_PIT@SD,2025-05-30,SD,PIT,3,2,1.0,0.6215657756419004,0.6431,SD,SD,1
20250530_SF@MIA,2025-05-30,MIA,SF,0,2,0.0,0.4519673771646533,0.4397,SF,SF,1
20250530_STL@TEX,2025-05-30,TEX,STL,11,1,1.0,0.4837859058706844,0.476,STL,TEX,0
20250530_TB@HOU,2025-05-30,HOU,TB,2,1,1.0,0.5564190859681575,0.5698,HOU,HOU,1
20250530_WSH@AZ,2025-05-30,AZ,WSH,7,9,0.0,0.6052903179435056,0.6249,AZ,WSH,0
20250529_ATH@TOR,2025-05-29,TOR,ATH,12,0,1.0,0.5194372623636233,0.5288,TOR,TOR,1
20250529_ATL@PHI,2025-05-29,PHI,ATL,3,9,0.0,0.5700687046405166,0.5841,PHI,ATL,0
20250529_ATL@PHI_2,2025-05-29,PHI,ATL,5,4,1.0,0.5761095157264395,0.5907,PHI,PHI,1
20250529_TB@HOU,2025-05-29,HOU,TB,3,13,0.0,0.5866246157419556,0.6021,HOU,TB,0
20250529_WSH@SEA,2025-05-29,SEA,WSH,3,9,0.0,0.5506136942660764,0.5629,SEA,WSH,0
20250528_ATH@HOU,2025-05-28,HOU,ATH,5,3,1.0,0.616953142278221,0.6349,HOU,HOU,1
20250528_BOS@MIL,2025-05-28,MIL,BOS,6,5,1.0,0.566054007559883,0.5798,MIL,MIL,1
20250528_CIN@KC,2025-05-28,KC,CIN,3,2,1.0,0.47424583466502795,0.4643,CIN,KC,0
20250528_COL@CHC,2025-05-28,CHC,COL,2,1,1.0,0.7003570560792759,0.7236,CHC,CHC,1
20250528_CWS@NYM,2025-05-28,NYM,CWS,4,9,0.0,0.6532332027450114,0.6738,NYM,CWS,0
20250528_LAD@CLE,2025-05-28,CLE,LAD,7,4,1.0,0.4914856082420678,0.4832,LAD,CLE,0
20250528_MIA@SD,2025-05-28,SD,MIA,8,10,0.0,0.6197310698163214,0.6379,SD,MIA,0
20250528_MIN@TB,2025-05-28,TB,MIN,5,0,1.0,0.5076625052528364,0.5159,TB,TB,1
20250528_NYY@LAA,2025-05-28,LAA,NYY,0,1,0.0,0.40520814564457663,0.389,NYY,NYY,1
20250528_PIT@AZ,2025-05-28,AZ,PIT,1,10,0.0,0.5959233235986455,0.6122,AZ,PIT,0
20250528_SF@DET,2025-05-28,DET,SF,4,3,1.0,0.5833785489822779,0.5986,DET,DET,1
20250528_STL@BAL,2025-05-28,BAL,STL,4,6,0.0,0.47806225609982145,0.4685,STL,STL,1
20250528_TOR@TEX,2025-05-28,TEX,TOR,0,2,0.0,0.5392328923683072,0.5505,TEX,TOR,0
20250528_WSH@SEA,2025-05-28,SEA,WSH,0,9,0.0,0.6270396112970218,0.6458,SEA,WSH,0
20250527_ATH@HOU,2025-05-27,HOU,ATH,11,1,1.0,0.6239092029212487,0.6424,HOU,HOU,1
20250527_ATL@PHI,2025-05-27,PHI,ATL,2,0,1.0,0.6426279510495576,0.6625,PHI,PHI,1
20250527_BOS@MIL,2025-05-27,MIL,BOS,5,1,1.0,0.5117550479572716,0.5204,MIL,MIL,1
20250527_CIN@KC,2025-05-27,KC,CIN,2,7,0.0,0.5518526727728402,0.5643,KC,CIN,0
20250527_COL@CHC,2025-05-27,CHC,COL,4,3,1.0,0.713549117943152,0.7374,CHC,CHC,1
20250527_CWS@NYM,2025-05-27,NYM,CWS,6,4,1.0,0.686573086410063,0.7091,NYM,NYM,1
20250527_LAD@CLE,2025-05-27,CLE,LAD,5,9,0.0,0.485992760483792,0.4772,LAD,LAD,1
20250527_MIA@SD,2025-05-27,SD,MIA,8,6,1.0,0.5987862584113148,0.6153,SD,SD,1
20250527_MIN@TB,2025-05-27,TB,MIN,2,4,0.0,0.46925383104740737,0.4588,MIN,MIN,1
20250527_NYY@LAA,2025-05-27,LAA,NYY,2,3,0.0,0.37333289451608265,0.3546,NYY,NYY,1
20250527_PIT@AZ,2025-05-27,AZ,PIT,6,9,0.0,0.6747776592009993,0.6967,AZ,PIT,0
20250527_SF@DET,2025-05-27,DET,SF,3,1,1.0,0.5870346429355358,0.6026,DET,DET,1
20250527_STL@BAL,2025-05-27,BAL,STL,4,7,0.0,0.46476724162307875,0.4539,STL,STL,1
20250527_TOR@TEX,2025-05-27,TEX,TOR,2,0,1.0,0.5819469472595031,0.5971,TEX,TEX,1
20250527_WSH@SEA,2025-05-27,SEA,WSH,9,1,1.0,0.5939826558301551,0.6101,SEA,SEA,1
20250526_BOS@MIL,2025-05-26,MIL,BOS,3,2,1.0,0.5130955629832137,0.5218,MIL,MIL,1
20250526_CIN@KC,2025-05-26,KC,CIN,4,7,0.0,0.557082806342826,0.57,KC,CIN,0
20250526_COL@CHC,2025-05-26,CHC,COL,3,1,1.0,0.7230020623032918,0.7472,CHC,CHC,1
20250526_CWS@NYM,2025-05-26,NYM,CWS,2,1,1.0,0.6885223978417511,0.7112,NYM,NYM,1
20250526_LAD@CLE,2025-05-26,CLE,LAD,2,7,0.0,0.4850452479484807,0.4761,LAD,LAD,1
20250526_MIA@SD,2025-05-26,SD,MIA,4,3,1.0,0.5884381775561689,0.6041,SD,SD,1
20250526_MIN@TB,2025-05-26,TB,MIN,7,2,1.0,0.49274459941831533,0.4846,MIN,TB,0
20250526_NYY@LAA,2025-05-26,LAA,NYY,1,5,0.0,0.39744913376087215,0.3806,NYY,NYY,1
20250526_PIT@AZ,2025-05-26,AZ,PIT,5,0,1.0,0.6299658696507221,0.6489,AZ,AZ,1
20250526_SF@DET,2025-05-26,DET,SF,3,1,1.0,0.5605866527687919,0.5738,DET,DET,1
20250526_STL@BAL,2025-05-26,BAL,STL,5,2,1.0,0.48182054623836434,0.4726,STL,BAL,0
20250526_TOR@TEX,2025-05-26,TEX,TOR,1,2,0.0,0.5792665968933702,0.5941,TEX,TOR,0
20250525_AZ@STL,2025-05-25,STL,AZ,4,3,1.0,0.5611749892638044,0.5744,STL,STL,1
20250525_BAL@BOS,2025-05-25,BOS,BAL,1,5,0.0,0.5830878405242919,0.5983,BOS,BAL,0
20250525_CHC@CIN,2025-05-25,CIN,CHC,8,11,0.0,0.4494358304577121,0.4371,CHC,CHC,1
20250525_CLE@DET,2025-05-25,DET,CLE,5,0,1.0,0.6221236816623622,0.6405,DET,DET,1
20250525_KC@MIN,2025-05-25,MIN,KC,1,2,0.0,0.5028717461368971,0.5106,MIN,KC,0
20250525_LAD@NYM,2025-05-25,NYM,LAD,3,1,1.0,0.529584602632911,0.5399,NYM,NYM,1
20250525_MIA@LAA,2025-05-25,LAA,MIA,0,3,0.0,0.5265195613725908,0.5366,LAA,MIA,0
20250525_MIL@PIT,2025-05-25,PIT,MIL,5,6,0.0,0.4566688917623309,0.445,MIL,MIL,1
20250525_NYY@COL,2025-05-25,COL,NYY,4,5,0.0,0.3644229784885552,0.3451,NYY,NYY,1
20250525_PHI@ATH,2025-05-25,ATH,PHI,5,4,1.0,0.39992493850390565,0.3833,PHI,ATH,0
20250525_SD@ATL,2025-05-25,ATL,SD,3,5,0.0,0.5080899301771226,0.5163,ATL,SD,0
20250525_SEA@HOU,2025-05-25,HOU,SEA,5,3,1.0,0.5456770233456524,0.5575,HOU,HOU,1
20250525_SF@WSH,2025-05-25,WSH,SF,2,3,0.0,0.4715636530990311,0.4613,SF,SF,1
20250525_TEX@CWS,2025-05-25,CWS,TEX,4,5,0.0,0.5062989196195394,0.5144,CWS,TEX,0
20250525_TOR@TB,2025-05-25,TB,TOR,13,0,1.0,0.500416705799272,0.5079,TB,TB,1
20250524_AZ@STL,2025-05-24,STL,AZ,6,5,1.0,0.5294689373003199,0.5398,STL,STL,1
20250524_BAL@BOS,2025-05-24,BOS,BAL,1,2,0.0,0.5367887051721925,0.5478,BOS,BAL,0
20250524_BAL@BOS_2,2025-05-24,BOS,BAL,6,5,1.0,0.5404124319641884,0.5518,BOS,BOS,1
20250524_CHC@CIN,2025-05-24,CIN,CHC,6,4,1.0,0.4646716716913999,0.4538,CHC,CIN,0
20250524_CLE@DET,2025-05-24,DET,CLE,5,7,0.0,0.5396991225110339,0.551,DET,CLE,0
20250524_KC@MIN,2025-05-24,MIN,KC,5,4,1.0,0.553519165579543,0.5661,MIN,MIN,1
20250524_LAD@NYM,2025-05-24,NYM,LAD,5,2,1.0,0.48697525649251133,0.4782,LAD,NYM,0
20250524_MIA@LAA,2025-05-24,LAA,MIA,2,6,0.0,0.5407829633961279,0.5522,LAA,MIA,0
20250524_MIL@PIT,2025-05-24,PIT,MIL,2,1,1.0,0.4975286862298635,0.4898,MIL,PIT,0
20250524_NYY@COL,2025-05-24,COL,NYY,1,13,0.0,0.31814809880171063,0.2958,NYY,NYY,1
20250524_PHI@ATH,2025-05-24,ATH,PHI,6,9,0.0,0.3934160086027235,0.3763,PHI,PHI,1
20250524_SD@ATL,2025-05-24,ATL,SD,7,1,1.0,0.5449301320991544,0.5567,ATL,ATL,1
20250524_SEA@HOU,2025-05-24,HOU,SEA,2,1,1.0,0.5357191001972188,0.5466,HOU,HOU,1
20250524_SF@WSH,2025-05-24,WSH,SF,3,0,1.0,0.44169426412898233,0.4287,SF,WSH,0
20250524_TEX@CWS,2025-05-24,CWS,TEX,10,5,1.0,0.5045016714994505,0.5124,CWS,CWS,1
20250524_TOR@TB,2025-05-24,TB,TOR,3,1,1.0,0.5007602428166781,0.5083,TB,TB,1
20250523_AZ@STL,2025-05-23,STL,AZ,4,3,1.0,0.5046981753794603,0.5126,STL,STL,1
20250523_BAL@BOS,2025-05-23,BOS,BAL,19,5,1.0,0.5412953150911892,0.5527,BOS,BOS,1
20250523_CHC@CIN,2025-05-23,CIN,CHC,6,13,0.0,0.4589623022879566,0.4475,CHC,CHC,1
20250523_CLE@DET,2025-05-23,DET,CLE,1,3,0.0,0.5546822674951902,0.5674,DET,CLE,0
20250523_KC@MIN,2025-05-23,MIN,KC,3,1,1.0,0.5624422216818498,0.5758,MIN,MIN,1
20250523_LAD@NYM,2025-05-23,NYM,LAD,5,7,0.0,0.5388187939428989,0.55,NYM,LAD,0
20250523_MIA@LAA,2025-05-23,LAA,MIA,7,4,1.0,0.5459172875084632,0.5578,LAA,LAA,1
20250523_MIL@PIT,2025-05-23,PIT,MIL,6,5,1.0,0.489876169884827,0.4814,MIL,PIT,0
20250523_NYY@COL,2025-05-23,COL,NYY,3,2,1.0,0.34643815444979076,0.3258,NYY,COL,0
20250523_PHI@ATH,2025-05-23,ATH,PHI,3,4,0.0,0.4093701873674438,0.3935,PHI,PHI,1
20250523_SD@ATL,2025-05-23,ATL,SD,1,2,0.0,0.5445741265768127,0.5563,ATL,SD,0
20250523_SEA@HOU,2025-05-23,HOU,SEA,3,5,0.0,0.5612613315886995,0.5745,HOU,SEA,0
20250523_SF@WSH,2025-05-23,WSH,SF,0,4,0.0,0.5416922266592358,0.5532,WSH,SF,0
20250523_TEX@CWS,2025-05-23,CWS,TEX,4,1,1.0,0.4853252977190442,0.4764,TEX,CWS,0
20250523_TOR@TB,2025-05-23,TB,TOR,3,1,1.0,0.48227351052627104,0.4731,TOR,TB,0
20250522_ATL@WSH,2025-05-22,WSH,ATL,8,7,1.0,0.44561554954666416,0.4291,ATL,WSH,0
20250522_CLE@DET,2025-05-22,DET,CLE,0,7,0.0,0.5741092263847064,0.5917,DET,CLE,0
20250522_LAA@ATH,2025-05-22,ATH,LAA,5,10,0.0,0.5916313468035486,0.6102,ATH,LAA,0
20250522_MIL@PIT,2025-05-22,PIT,MIL,5,8,0.0,0.44687952649126944,0.4305,MIL,MIL,1
20250522_PHI@COL,2025-05-22,COL,PHI,0,2,0.0,0.38560895654798805,0.3659,PHI,PHI,1
20250522_SD@TOR,2025-05-22,TOR,SD,7,6,1.0,0.48425326574260913,0.4702,SD,TOR,0
20250522_SEA@HOU,2025-05-22,HOU,SEA,9,2,1.0,0.5246956164640831,0.5394,HOU,HOU,1
20250522_TEX@NYY,2025-05-22,NYY,TEX,1,0,1.0,0.6258263058050454,0.646,NYY,NYY,1
20250521_AZ@LAD,2025-05-21,LAD,AZ,3,1,1.0,0.5796990914042901,0.5976,LAD,LAD,1
20250521_BAL@MIL,2025-05-21,MIL,BAL,4,8,0.0,0.584025459472524,0.6022,MIL,BAL,0
20250521_CHC@MIA,2025-05-21,MIA,CHC,1,2,0.0,0.4648500772971654,0.4495,CHC,CHC,1
20250521_CIN@PIT,2025-05-21,PIT,CIN,3,1,1.0,0.47170208358891047,0.4568,CIN,PIT,0
20250521_CLE@MIN,2025-05-21,MIN,CLE,1,5,0.0,0.49438136306036745,0.481,CLE,CLE,1
20250521_DET@STL,2025-05-21,STL,DET,1,5,0.0,0.5210063191882751,0.5354,STL,DET,0
20250521_HOU@TB,2025-05-21,TB,HOU,8,4,1.0,0.43201972841656205,0.4147,HOU,TB,0
20250521_KC@SF,2025-05-21,SF,KC,4,8,0.0,0.5469837609617401,0.563,SF,KC,0
20250521_LAA@ATH,2025-05-21,ATH,LAA,5,10,0.0,0.5982626120260944,0.6172,ATH,LAA,0
20250521_NYM@BOS,2025-05-21,BOS,NYM,1,5,0.0,0.46718071284284124,0.452,NYM,NYM,1
20250521_PHI@COL,2025-05-21,COL,PHI,5,9,0.0,0.34834397666440187,0.3271,PHI,PHI,1
20250521_SD@TOR,2025-05-21,TOR,SD,14,0,1.0,0.4881176743361561,0.4743,SD,TOR,0
20250521_SEA@CWS,2025-05-21,CWS,SEA,5,6,0.0,0.46260282994928764,0.4471,SEA,SEA,1
20250521_TEX@NYY,2025-05-21,NYY,TEX,4,3,1.0,0.572885713690195,0.5904,NYY,NYY,1
20250520_ATL@WSH,2025-05-20,WSH,ATL,5,3,1.0,0.4727739207324079,0.458,ATL,WSH,0
20250520_AZ@LAD,2025-05-20,LAD,AZ,4,3,1.0,0.577487337587493,0.5953,LAD,LAD,1
20250520_BAL@MIL,2025-05-20,MIL,BAL,5,2,1.0,0.5732604383076281,0.5908,MIL,MIL,1
20250520_CHC@MIA,2025-05-20,MIA,CHC,1,14,0.0,0.441844921221295,0.4251,CHC,CHC,1
20250520_CIN@PIT,2025-05-20,PIT,CIN,1,0,1.0,0.4822528142025987,0.468,CIN,PIT,0
20250520_DET@STL,2025-05-20,STL,DET,4,5,0.0,0.5020882795455415,0.5153,STL,DET,0
20250520_HOU@TB,2025-05-20,TB,HOU,3,2,1.0,0.45271264078516354,0.4366,HOU,TB,0
20250520_KC@SF,2025-05-20,SF,KC,3,2,1.0,0.548591236539397,0.5647,SF,SF,1
20250520_LAA@ATH,2025-05-20,ATH,LAA,5,7,0.0,0.608051280630908,0.6274,ATH,LAA,0
20250520_NYM@BOS,2025-05-20,BOS,NYM,2,0,1.0,0.4673966759195937,0.4522,NYM,BOS,0
20250520_PHI@COL,2025-05-20,COL,PHI,4,7,0.0,0.3819202042904154,0.3621,PHI,PHI,1
20250520_SD@TOR,2025-05-20,TOR,SD,3,0,1.0,0.44975760712553287,0.4335,SD,TOR,0
20250520_SEA@CWS,2025-05-20,CWS,SEA,1,0,1.0,0.4217208128970005,0.4039,SEA,CWS,0
20250520_TEX@NYY,2025-05-20,NYY,TEX,5,2,1.0,0.6263284662376047,0.6465,NYY,NYY,1
20250519_AZ@LAD,2025-05-19,LAD,AZ,5,9,0.0,0.5978960734451135,0.6168,LAD,AZ,0
20250519_BAL@MIL,2025-05-19,MIL,BAL,5,4,1.0,0.6211143771166546,0.6411,MIL,MIL,1
20250519_CHC@MIA,2025-05-19,MIA,CHC,8,7,1.0,0.45134375536602295,0.4352,CHC,MIA,0
20250519_CIN@PIT,2025-05-19,PIT,CIN,1,7,0.0,0.5037906957119477,0.5171,PIT,CIN,0
20250519_CLE@MIN,2025-05-19,MIN,CLE,6,5,1.0,0.521335691993464,0.5358,MIN,MIN,1
20250519_DET@STL,2025-05-19,STL,DET,11,4,1.0,0.5326151660406497,0.5478,STL,STL,1
20250519_HOU@TB,2025-05-19,TB,HOU,3,4,0.0,0.4707921117959932,0.4558,HOU,HOU,1
20250519_KC@SF,2025-05-19,SF,KC,1,3,0.0,0.5415844189541329,0.5573,SF,KC,0
20250519_LAA@ATH,2025-05-19,ATH,LAA,3,4,0.0,0.5484826536346771,0.5646,ATH,LAA,0
20250519_NYM@BOS,2025-05-19,BOS,NYM,3,1,1.0,0.45538546904279836,0.4395,NYM,BOS,0
20250519_PHI@COL,2025-05-19,COL,PHI,3,9,0.0,0.3640985977245814,0.3435,PHI,PHI,1
20250519_SEA@CWS,2025-05-19,CWS,SEA,1,5,0.0,0.4440637956492718,0.4275,SEA,SEA,1
20250518_ATH@SF,2025-05-18,SF,ATH,3,2,1.0,0.581954215578882,0.6,SF,SF,1
20250518_ATL@BOS,2025-05-18,BOS,ATL,4,10,0.0,0.4884836578491487,0.4747,ATL,ATL,1
20250518_CLE@CIN,2025-05-18,CIN,CLE,3,1,1.0,0.49889531293702405,0.4858,CLE,CIN,0
20250518_COL@AZ,2025-05-18,AZ,COL,1,0,1.0,0.6705478780801248,0.6924,AZ,AZ,1
20250518_CWS@CHC,2025-05-18,CHC,CWS,6,2,1.0,0.6669930993247059,0.6887,CHC,CHC,1
20250518_DET@TOR,2025-05-18,TOR,DET,2,3,0.0,0.5179785595103522,0.5322,TOR,DET,0
20250518_HOU@TEX,2025-05-18,TEX,HOU,3,4,0.0,0.4965910760346887,0.4833,HOU,HOU,1
20250518_LAA@LAD,2025-05-18,LAD,LAA,4,6,0.0,0.6516107543456078,0.6728,LAD,LAA,0
20250518_MIN@MIL,2025-05-18,MIL,MIN,5,2,1.0,0.5359972980232622,0.5514,MIL,MIL,1
20250518_NYM@NYY,2025-05-18,NYY,NYM,8,2,1.0,0.5057645529406615,0.5192,NYY,NYY,1
20250518_PIT@PHI,2025-05-18,PHI,PIT,1,0,1.0,0.6182413628713262,0.6381,PHI,PHI,1
20250518_SEA@SD,2025-05-18,SD,SEA,1,6,0.0,0.5262591805233978,0.541,SD,SEA,0
20250518_STL@KC,2025-05-18,KC,STL,2,1,1.0,0.4898430453359859,0.4761,STL,KC,0
20250518_TB@MIA,2025-05-18,MIA,TB,5,1,1.0,0.45434941561857295,0.4384,TB,MIA,0
20250518_WSH@BAL,2025-05-18,BAL,WSH,4,10,0.0,0.5350209464683543,0.5503,BAL,WSH,0
20250517_ATH@SF,2025-05-17,SF,ATH,1,0,1.0,0.5834210657264078,0.6016,SF,SF,1
20250517_ATL@BOS,2025-05-17,BOS,ATL,7,6,1.0,0.48485088486019945,0.4708,ATL,BOS,0
20250517_CLE@CIN,2025-05-17,CIN,CLE,4,1,1.0,0.4677055686685464,0.4526,CLE,CIN,0
20250517_COL@AZ,2025-05-17,AZ,COL,12,14,0.0,0.7234023335316413,0.7463,AZ,COL,0
20250517_CWS@CHC,2025-05-17,CHC,CWS,7,3,1.0,0.6690128893958613,0.6908,CHC,CHC,1
20250517_DET@TOR,2025-05-17,TOR,DET,2,1,1.0,0.4946783736194651,0.4813,DET,TOR,0
20250517_HOU@TEX,2025-05-17,TEX,HOU,5,1,1.0,0.4946793242122916,0.4813,HOU,TEX,0
20250517_LAA@LAD,2025-05-17,LAD,LAA,9,11,0.0,0.6464750677443246,0.6675,LAD,LAA,0
20250517_MIN@MIL,2025-05-17,MIL,MIN,0,7,0.0,0.5467999571195457,0.5628,MIL,MIN,0
20250517_NYM@NYY,2025-05-17,NYY,NYM,2,3,0.0,0.49295646342908733,0.4795,NYM,NYM,1
20250517_PIT@PHI,2025-05-17,PHI,PIT,5,2,1.0,0.6939446077744946,0.7164,PHI,PHI,1
20250517_SEA@SD,2025-05-17,SD,SEA,1,4,0.0,0.5704188068067053,0.5878,SD,SEA,0
20250517_STL@KC,2025-05-17,KC,STL,0,1,0.0,0.516788855434258,0.5309,KC,STL,0
20250517_TB@MIA,2025-05-17,MIA,TB,0,4,0.0,0.4802814846171219,0.4659,TB,TB,1
20250517_WSH@BAL,2025-05-17,BAL,WSH,6,10,0.0,0.5516674200379073,0.568,BAL,WSH,0
20250516_ATH@SF,2025-05-16,SF,ATH,9,1,1.0,0.5761607532594318,0.5939,SF,SF,1
20250516_ATL@BOS,2025-05-16,BOS,ATL,2,4,0.0,0.49061007094056386,0.477,ATL,ATL,1
20250516_CLE@CIN,2025-05-16,CIN,CLE,5,4,1.0,0.48200376383783455,0.4678,CLE,CIN,0
20250516_COL@AZ,2025-05-16,AZ,COL,8,0,1.0,0.674913047999784,0.6969,AZ,AZ,1
20250516_CWS@CHC,2025-05-16,CHC,CWS,13,3,1.0,0.66175510039449,0.6833,CHC,CHC,1
20250516_DET@TOR,2025-05-16,TOR,DET,4,5,0.0,0.45709015060105845,0.4413,DET,DET,1
20250516_HOU@TEX,2025-05-16,TEX,HOU,3,6,0.0,0.5494593656788053,0.5657,TEX,HOU,0
20250516_LAA@LAD,2025-05-16,LAD,LAA,2,6,0.0,0.6938847720505519,0.7163,LAD,LAA,0
20250516_MIN@MIL,2025-05-16,MIL,MIN,0,3,0.0,0.544762280205367,0.5607,MIL,MIN,0
20250516_NYM@NYY,2025-05-16,NYY,NYM,6,2,1.0,0.5142948287681668,0.5283,NYY,NYY,1
20250516_PIT@PHI,2025-05-16,PHI,PIT,8,4,1.0,0.6763705508998943,0.6984,PHI,PHI,1
20250516_SEA@SD,2025-05-16,SD,SEA,1,5,0.0,0.589905565674404,0.6084,SD,SEA,0
20250516_STL@KC,2025-05-16,KC,STL,3,10,0.0,0.5624683819766988,0.5794,KC,STL,0
20250516_TB@MIA,2025-05-16,MIA,TB,9,4,1.0,0.4842205498249431,0.4701,TB,MIA,0
20250516_WSH@BAL,2025-05-16,BAL,WSH,3,4,0.0,0.5040597176030741,0.5174,BAL,WSH,0
20250515_ATH@LAD,2025-05-15,LAD,ATH,19,2,1.0,0.6056705666933947,0.6291,LAD,LAD,1
20250515_CWS@CIN,2025-05-15,CIN,CWS,7,1,1.0,0.6328853439150408,0.6589,CIN,CIN,1
20250515_HOU@TEX,2025-05-15,TEX,HOU,1,0,1.0,0.5018945308969494,0.5131,TEX,TEX,1
20250515_MIN@BAL,2025-05-15,BAL,MIN,0,4,0.0,0.5330110545536159,0.5482,BAL,MIN,0
20250515_TB@TOR,2025-05-15,TOR,TB,3,8,0.0,0.5449631359811132,0.5616,TOR,TB,0
20250515_WSH@ATL,2025-05-15,ATL,WSH,5,2,1.0,0.6412493268150097,0.668,ATL,ATL,1
20250514_ATH@LAD,2025-05-14,LAD,ATH,9,3,1.0,0.6125605639387938,0.6367,LAD,LAD,1
20250514_AZ@SF,2025-05-14,SF,AZ,7,8,0.0,0.4540842070592678,0.4374,AZ,AZ,1
20250514_BOS@DET,2025-05-14,DET,BOS,6,5,1.0,0.5867389746520049,0.6081,DET,DET,1
20250514_COL@TEX,2025-05-14,TEX,COL,8,3,1.0,0.6902897628401126,0.7208,TEX,TEX,1
20250514_CWS@CIN,2025-05-14,CIN,CWS,2,4,0.0,0.6416836175990321,0.6685,CIN,CWS,0
20250514_KC@HOU,2025-05-14,HOU,KC,4,3,1.0,0.5167252744578366,0.5299,HOU,HOU,1
20250514_LAA@SD,2025-05-14,SD,LAA,5,1,1.0,0.6535809244061088,0.6814,SD,SD,1
20250514_MIA@CHC,2025-05-14,CHC,MIA,1,3,0.0,0.6224729654245011,0.6475,CHC,MIA,0
20250514_MIL@CLE,2025-05-14,CLE,MIL,5,9,0.0,0.5466947435029142,0.5635,CLE,MIL,0
20250514_MIN@BAL,2025-05-14,BAL,MIN,6,8,0.0,0.48590581483434286,0.4731,MIN,MIN,1
20250514_MIN@BAL_2,2025-05-14,BAL,MIN,3,6,0.0,0.5013791118233806,0.5126,BAL,MIN,0
20250514_NYY@SEA,2025-05-14,SEA,NYY,2,3,0.0,0.47915897306374094,0.4655,NYY,NYY,1
20250514_PIT@NYM,2025-05-14,NYM,PIT,0,4,0.0,0.7082332575420741,0.7397,NYM,PIT,0
20250514_STL@PHI,2025-05-14,PHI,STL,7,14,0.0,0.5856497290524814,0.6069,PHI,STL,0
20250514_STL@PHI_2,2025-05-14,PHI,STL,2,1,1.0,0.5960261529496771,0.6184,PHI,PHI,1
20250514_TB@TOR,2025-05-14,TOR,TB,3,1,1.0,0.5357882328548159,0.5513,TOR,TOR,1
20250514_WSH@ATL,2025-05-14,ATL,WSH,4,5,0.0,0.6048952825435477,0.6282,ATL,WSH,0
20250513_ATH@LAD,2025-05-13,LAD,ATH,1,11,0.0,0.6210602729640207,0.646,LAD,ATH,0
20250513_AZ@SF,2025-05-13,SF,AZ,10,6,1.0,0.5158146302634593,0.5288,SF,SF,1
20250513_BOS@DET,2025-05-13,DET,BOS,10,9,1.0,0.553273178293755,0.5709,DET,DET,1
20250513_COL@TEX,2025-05-13,TEX,COL,4,1,1.0,0.6705956689774778,0.6998,TEX,TEX,1
20250513_CWS@CIN,2025-05-13,CIN,CWS,1,5,0.0,0.645425530499529,0.6726,CIN,CWS,0
20250513_KC@HOU,2025-05-13,HOU,KC,2,1,1.0,0.5690627422631641,0.5885,HOU,HOU,1
20250513_LAA@SD,2025-05-13,SD,LAA,6,4,1.0,0.6780303061805965,0.7077,SD,SD,1
20250513_MIA@CHC,2025-05-13,CHC,MIA,5,4,1.0,0.646680636266919,0.6739,CHC,CHC,1
20250513_MIL@CLE,2025-05-13,CLE,MIL,2,0,1.0,0.562449517837425,0.5811,CLE,CLE,1
20250513_NYY@SEA,2025-05-13,SEA,NYY,2,1,1.0,0.4927851190338517,0.4809,NYY,SEA,0
20250513_PIT@NYM,2025-05-13,NYM,PIT,2,1,1.0,0.6962154746593749,0.7271,NYM,NYM,1
20250513_TB@TOR,2025-05-13,TOR,TB,9,11,0.0,0.5412426761513363,0.5574,TOR,TB,0
20250513_WSH@ATL,2025-05-13,ATL,WSH,5,2,1.0,0.5894291897154671,0.6111,ATL,ATL,1
20250512_AZ@SF,2025-05-12,SF,AZ,1,2,0.0,0.5223911655842234,0.5362,SF,AZ,0
20250512_BOS@DET,2025-05-12,DET,BOS,14,2,1.0,0.5700976738166805,0.5896,DET,DET,1
20250512_COL@TEX,2025-05-12,TEX,COL,2,1,1.0,0.6640678532380296,0.6927,TEX,TEX,1
20250512_KC@HOU,2025-05-12,HOU,KC,5,7,0.0,0.5846518790909601,0.6058,HOU,KC,0
20250512_LAA@SD,2025-05-12,SD,LAA,5,9,0.0,0.6611626547209691,0.6896,SD,LAA,0
20250512_MIA@CHC,2025-05-12,CHC,MIA,5,2,1.0,0.6481594291036836,0.6756,CHC,CHC,1
20250512_MIL@CLE,2025-05-12,CLE,MIL,5,0,1.0,0.524418992497445,0.5385,CLE,CLE,1
20250512_NYY@SEA,2025-05-12,SEA,NYY,5,11,0.0,0.502599415437024,0.5139,SEA,NYY,0
20250512_PIT@NYM,2025-05-12,NYM,PIT,4,3,1.0,0.6553959581080702,0.6834,NYM,NYM,1
20250512_STL@PHI,2025-05-12,PHI,STL,2,3,0.0,0.6012282766080248,0.6242,PHI,STL,0
20250512_WSH@ATL,2025-05-12,ATL,WSH,4,3,1.0,0.6099777565433435,0.6338,ATL,ATL,1
20250511_ATL@PIT,2025-05-11,PIT,ATL,4,3,1.0,0.42331218831060646,0.403,ATL,PIT,0
20250511_BAL@LAA,2025-05-11,LAA,BAL,3,7,0.0,0.4988822815096666,0.4877,BAL,BAL,1
20250511_BOS@KC,2025-05-11,KC,BOS,1,3,0.0,0.5167598832156801,0.5299,KC,BOS,0
20250511_CHC@NYM,2025-05-11,NYM,CHC,6,2,1.0,0.5556772226535261,0.5736,NYM,NYM,1
20250511_CIN@HOU,2025-05-11,HOU,CIN,6,0,1.0,0.5416276065484953,0.5578,HOU,HOU,1
20250511_LAD@AZ,2025-05-11,AZ,LAD,1,8,0.0,0.46462885387970804,0.4492,LAD,LAD,1
20250511_MIA@CWS,2025-05-11,CWS,MIA,4,2,1.0,0.4824738599873995,0.4692,MIA,CWS,0
20250511_MIL@TB,2025-05-11,TB,MIL,2,4,0.0,0.49839765666740665,0.4872,MIL,MIL,1
20250511_NYY@ATH,2025-05-11,ATH,NYY,2,12,0.0,0.4730895363643401,0.4587,NYY,NYY,1
20250511_PHI@CLE,2025-05-11,CLE,PHI,0,3,0.0,0.512655823489353,0.5253,CLE,PHI,0
20250511_SD@COL,2025-05-11,COL,SD,9,3,1.0,0.3603610382080949,0.3337,SD,COL,0
20250511_SF@MIN,2025-05-11,MIN,SF,7,6,1.0,0.5364613897184919,0.552,MIN,MIN,1
20250511_STL@WSH,2025-05-11,WSH,STL,1,6,0.0,0.554982385390156,0.5728,WSH,STL,0
20250511_TEX@DET,2025-05-11,DET,TEX,1,6,0.0,0.6073462572029129,0.6309,DET,TEX,0
20250511_TOR@SEA,2025-05-11,SEA,TOR,1,9,0.0,0.6169626802711071,0.6415,SEA,TOR,0
20250510_ATL@PIT,2025-05-10,PIT,ATL,2,3,0.0,0.463583226153099,0.448,ATL,ATL,1
20250510_BAL@LAA,2025-05-10,LAA,BAL,5,2,1.0,0.517422377615916,0.5306,LAA,LAA,1
20250510_BOS@KC,2025-05-10,KC,BOS,1,10,0.0,0.5297537554461945,0.5445,KC,BOS,0
20250510_CHC@NYM,2025-05-10,NYM,CHC,5,6,0.0,0.5595777062610966,0.5779,NYM,CHC,0
20250510_CIN@HOU,2025-05-10,HOU,CIN,9,13,0.0,0.5666631608080626,0.5858,HOU,CIN,0
20250510_LAD@AZ,2025-05-10,AZ,LAD,3,0,1.0,0.5073602245647714,0.5193,AZ,AZ,1
20250510_MIA@CWS,2025-05-10,CWS,MIA,1,3,0.0,0.5033388496986839,0.5148,CWS,MIA,0
20250510_MIL@TB,2025-05-10,TB,MIL,3,2,1.0,0.5186641561859819,0.532,TB,TB,1
20250510_NYY@ATH,2025-05-10,ATH,NYY,11,7,1.0,0.4014773936477415,0.3788,NYY,ATH,0
20250510_PHI@CLE,2025-05-10,CLE,PHI,1,7,0.0,0.5229811500821384,0.5369,CLE,PHI,0
20250510_SD@COL,2025-05-10,COL,SD,0,21,0.0,0.37822962774532176,0.3532,SD,SD,1
20250510_SF@MIN,2025-05-10,MIN,SF,2,1,1.0,0.5225191013910078,0.5364,MIN,MIN,1
20250510_STL@WSH,2025-05-10,WSH,STL,2,4,0.0,0.5440758487003226,0.5606,WSH,STL,0
20250510_TEX@DET,2025-05-10,DET,TEX,3,10,0.0,0.5873228477014913,0.6088,DET,TEX,0
20250510_TOR@SEA,2025-05-10,SEA,TOR,3,6,0.0,0.6012552263275595,0.6242,SEA,TOR,0
20250509_ATL@PIT,2025-05-09,PIT,ATL,3,2,1.0,0.47913530031575663,0.4655,ATL,PIT,0
20250509_BAL@LAA,2025-05-09,LAA,BAL,1,4,0.0,0.4856003103514934,0.4728,BAL,BAL,1
20250509_BOS@KC,2025-05-09,KC,BOS,2,1,1.0,0.5385616556619446,0.5544,KC,KC,1
20250509_CHC@NYM,2025-05-09,NYM,CHC,7,2,1.0,0.5527697760956242,0.5703,NYM,NYM,1
20250509_CIN@HOU,2025-05-09,HOU,CIN,3,0,1.0,0.5632261679871102,0.582,HOU,HOU,1
20250509_LAD@AZ,2025-05-09,AZ,LAD,11,14,0.0,0.486164932775825,0.4734,LAD,LAD,1
20250509_MIA@CWS,2025-05-09,CWS,MIA,6,2,1.0,0.4942961390895696,0.4826,MIA,CWS,0
20250509_MIL@TB,2025-05-09,TB,MIL,4,3,1.0,0.4755348248520317,0.4614,MIL,TB,0
20250509_NYY@ATH,2025-05-09,ATH,NYY,2,10,0.0,0.42120071892999944,0.4007,NYY,NYY,1
20250509_PHI@CLE,2025-05-09,CLE,PHI,6,0,1.0,0.5760829109104438,0.5963,CLE,CLE,1
20250509_SD@COL,2025-05-09,COL,SD,9,13,0.0,0.4113359903732312,0.3897,SD,SD,1
20250509_SF@MIN,2025-05-09,MIN,SF,3,1,1.0,0.5159877934590393,0.529,MIN,MIN,1
20250509_STL@WSH,2025-05-09,WSH,STL,0,10,0.0,0.5201928890563186,0.5338,WSH,STL,0
20250509_TEX@DET,2025-05-09,DET,TEX,2,1,1.0,0.6440058772666563,0.671,DET,DET,1
20250509_TOR@SEA,2025-05-09,SEA,TOR,3,6,0.0,0.6048135741180409,0.6281,SEA,TOR,0
20250508_BAL@MIN,2025-05-08,MIN,BAL,5,2,1.0,0.5454991029212743,0.5601,MIN,MIN,1
20250508_CIN@ATL,2025-05-08,ATL,CIN,5,4,1.0,0.5918985064615597,0.6065,ATL,ATL,1
20250508_CWS@KC,2025-05-08,KC,CWS,10,0,1.0,0.6636361350040885,0.6777,KC,KC,1
20250508_DET@COL,2025-05-08,COL,DET,2,10,0.0,0.3637546516863483,0.3494,DET,DET,1
20250508_DET@COL_2,2025-05-08,COL,DET,1,11,0.0,0.35922232277486643,0.3449,DET,DET,1
20250508_LAD@AZ,2025-05-08,AZ,LAD,5,3,1.0,0.47068107898983225,0.4561,LAD,AZ,0
20250508_PHI@TB,2025-05-08,TB,PHI,6,7,0.0,0.4395163592517044,0.4249,PHI,PHI,1
20250508_TEX@BOS,2025-05-08,BOS,TEX,5,0,1.0,0.5612450919979007,0.5759,BOS,BOS,1
20250508_TOR@LAA,2025-05-08,LAA,TOR,5,8,0.0,0.5383215305894538,0.5529,LAA,TOR,0
20250507_BAL@MIN,2025-05-07,MIN,BAL,5,2,1.0,0.5525825138602167,0.5672,MIN,MIN,1
20250507_CIN@ATL,2025-05-07,ATL,CIN,3,4,0.0,0.5135599837412568,0.528,ATL,CIN,0
20250507_CLE@WSH,2025-05-07,WSH,CLE,6,8,0.0,0.4906519858274865,0.4762,CLE,CLE,1
20250507_CWS@KC,2025-05-07,KC,CWS,2,1,1.0,0.6532101533660641,0.6674,KC,KC,1
20250507_DET@COL,2025-05-07,COL,DET,6,8,0.0,0.39285248277631296,0.3783,DET,DET,1
20250507_HOU@MIL,2025-05-07,MIL,HOU,1,9,0.0,0.5496851469233243,0.5643,MIL,HOU,0
20250507_LAD@MIA,2025-05-07,MIA,LAD,1,10,0.0,0.434775803893014,0.4201,LAD,LAD,1
20250507_NYM@AZ,2025-05-07,AZ,NYM,1,7,0.0,0.5158288342707401,0.5303,AZ,NYM,0
20250507_PHI@TB,2025-05-07,TB,PHI,0,7,0.0,0.4567641814388927,0.4422,PHI,PHI,1
20250507_PIT@STL,2025-05-07,STL,PIT,5,0,1.0,0.6283240220311826,0.6427,STL,STL,1
20250507_SD@NYY,2025-05-07,NYY,SD,4,3,1.0,0.504309912334232,0.5187,NYY,NYY,1
20250507_SEA@ATH,2025-05-07,ATH,SEA,5,6,0.0,0.5018053467105265,0.5162,ATH,SEA,0
20250507_SF@CHC,2025-05-07,CHC,SF,1,3,0.0,0.5676212105396913,0.5823,CHC,SF,0
20250507_TEX@BOS,2025-05-07,BOS,TEX,6,4,1.0,0.5498126601550218,0.5644,BOS,BOS,1
20250507_TOR@LAA,2025-05-07,LAA,TOR,5,4,1.0,0.5202944641168922,0.5348,LAA,LAA,1
20250506_BAL@MIN,2025-05-06,MIN,BAL,9,1,1.0,0.5638183420263132,0.5785,MIN,MIN,1
20250506_CIN@ATL,2025-05-06,ATL,CIN,2,1,1.0,0.5560766391844256,0.5707,ATL,ATL,1
20250506_CLE@WSH,2025-05-06,WSH,CLE,1,9,0.0,0.5004823505877749,0.5148,WSH,CLE,0
20250506_CLE@WSH_2,2025-05-06,WSH,CLE,10,9,1.0,0.46081218785109557,0.4462,CLE,WSH,0
20250506_CWS@KC,2025-05-06,KC,CWS,4,3,1.0,0.6458500505864575,0.6601,KC,KC,1
20250506_HOU@MIL,2025-05-06,MIL,HOU,4,3,1.0,0.5890323941436227,0.6036,MIL,MIL,1
20250506_LAD@MIA,2025-05-06,MIA,LAD,5,4,1.0,0.40000712290201135,0.3854,LAD,MIA,0
20250506_NYM@AZ,2025-05-06,AZ,NYM,5,1,1.0,0.5099068479810649,0.5243,AZ,AZ,1
20250506_PHI@TB,2025-05-06,TB,PHI,4,8,0.0,0.4698506692820193,0.4553,PHI,PHI,1
20250506_PIT@STL,2025-05-06,STL,PIT,2,1,1.0,0.6032703307106628,0.6178,STL,STL,1
20250506_SD@NYY,2025-05-06,NYY,SD,12,3,1.0,0.5190259875042286,0.5335,NYY,NYY,1
20250506_SEA@ATH,2025-05-06,ATH,SEA,3,5,0.0,0.5109763112432487,0.5254,ATH,SEA,0
20250506_SF@CHC,2025-05-06,CHC,SF,5,14,0.0,0.5786772443390898,0.5933,CHC,SF,0
20250506_TEX@BOS,2025-05-06,BOS,TEX,1,6,0.0,0.5593342506104317,0.574,BOS,TEX,0
20250506_TOR@LAA,2025-05-06,LAA,TOR,8,3,1.0,0.512791582544884,0.5272,LAA,LAA,1
20250505_CIN@ATL,2025-05-05,ATL,CIN,4,0,1.0,0.5795497646486831,0.5942,ATL,ATL,1
20250505_CWS@KC,2025-05-05,KC,CWS,3,0,1.0,0.661716061204682,0.6758,KC,KC,1
20250505_HOU@MIL,2025-05-05,MIL,HOU,5,1,1.0,0.5492450803434414,0.5639,MIL,MIL,1
20250505_LAD@MIA,2025-05-05,MIA,LAD,4,7,0.0,0.38916522030425904,0.3746,LAD,LAD,1
20250505_NYM@AZ,2025-05-05,AZ,NYM,4,5,0.0,0.5040069264004468,0.5184,AZ,NYM,0
20250505_PIT@STL,2025-05-05,STL,PIT,6,3,1.0,0.5934290529543672,0.608,STL,STL,1
20250505_SD@NYY,2025-05-05,NYY,SD,3,4,0.0,0.5489329651607548,0.5635,NYY,SD,0
20250505_SEA@ATH,2025-05-05,ATH,SEA,7,6,1.0,0.49784377484607145,0.4835,SEA,ATH,0
20250505_SF@CHC,2025-05-05,CHC,SF,9,2,1.0,0.5546265473756877,0.5693,CHC,CHC,1
20250504_ATH@MIA,2025-05-04,MIA,ATH,2,3,0.0,0.46218705092290757,0.4476,ATH,ATH,1
20250504_AZ@PHI,2025-05-04,PHI,AZ,9,11,0.0,0.5412353910306057,0.5558,PHI,AZ,0
20250504_CHC@MIL,2025-05-04,MIL,CHC,4,0,1.0,0.5419692184839793,0.5566,MIL,MIL,1
20250504_CLE@TOR,2025-05-04,TOR,CLE,4,5,0.0,0.5086491357600786,0.5231,TOR,CLE,0
20250504_COL@SF,2025-05-04,SF,COL,9,3,1.0,0.6950447439836267,0.7086,SF,SF,1
20250504_DET@LAA,2025-05-04,LAA,DET,1,13,0.0,0.41906608078063845,0.4044,DET,DET,1
20250504_HOU@CWS,2025-05-04,CWS,HOU,5,4,1.0,0.4327285685947886,0.4181,HOU,CWS,0
20250504_KC@BAL,2025-05-04,BAL,KC,6,11,0.0,0.4953854933298431,0.481,KC,KC,1
20250504_LAD@ATL,2025-05-04,ATL,LAD,4,3,1.0,0.44699763518175384,0.4324,LAD,ATL,0
20250504_MIN@BOS,2025-05-04,BOS,MIN,4,5,0.0,0.6082418039408439,0.6228,BOS,MIN,0
20250504_NYM@STL,2025-05-04,STL,NYM,5,4,1.0,0.49312616501862566,0.4787,NYM,STL,0
20250504_NYM@STL_2,2025-05-04,STL,NYM,6,5,1.0,0.4631066911811821,0.4485,NYM,STL,0
20250504_SD@PIT,2025-05-04,PIT,SD,0,4,0.0,0.4333183558207773,0.4187,SD,SD,1
20250504_SEA@TEX,2025-05-04,TEX,SEA,8,1,1.0,0.508630439808351,0.523,TEX,TEX,1
20250504_TB@NYY,2025-05-04,NYY,TB,5,7,0.0,0.5822519827569111,0.5969,NYY,TB,0
20250504_WSH@CIN,2025-05-04,CIN,WSH,1,4,0.0,0.5193402440888673,0.5338,CIN,WSH,0
20250503_ATH@MIA,2025-05-03,MIA,ATH,9,6,1.0,0.5151982200810948,0.5297,MIA,MIA,1
20250503_AZ@PHI,2025-05-03,PHI,AZ,7,2,1.0,0.5020068189612258,0.5164,PHI,PHI,1
20250503_CHC@MIL,2025-05-03,MIL,CHC,2,6,0.0,0.5098075081816653,0.5242,MIL,CHC,0
20250503_CLE@TOR,2025-05-03,TOR,CLE,3,5,0.0,0.5272144133360153,0.5417,TOR,CLE,0
20250503_COL@SF,2025-05-03,SF,COL,6,3,1.0,0.6679947363084441,0.682,SF,SF,1
20250503_DET@LAA,2025-05-03,LAA,DET,5,2,1.0,0.39877523501916473,0.3842,DET,LAA,0
20250503_HOU@CWS,2025-05-03,CWS,HOU,3,8,0.0,0.414369993923566,0.3997,HOU,HOU,1
20250503_KC@BAL,2025-05-03,BAL,KC,0,4,0.0,0.5083519462268716,0.5228,BAL,KC,0
20250503_LAD@ATL,2025-05-03,ATL,LAD,3,10,0.0,0.47782600027666083,0.4633,LAD,LAD,1
20250503_MIN@BOS,2025-05-03,BOS,MIN,3,4,0.0,0.5623336453981831,0.577,BOS,MIN,0
20250503_SD@PIT,2025-05-03,PIT,SD,1,2,0.0,0.4585094250885379,0.4439,SD,SD,1
20250503_SEA@TEX,2025-05-03,TEX,SEA,1,2,0.0,0.4984162914287656,0.4841,SEA,SEA,1
20250503_TB@NYY,2025-05-03,NYY,TB,2,3,0.0,0.6010329338853787,0.6156,NYY,TB,0
20250503_WSH@CIN,2025-05-03,CIN,WSH,6,11,0.0,0.5831672541623248,0.5978,CIN,WSH,0
20250502_ATH@MIA,2025-05-02,MIA,ATH,1,6,0.0,0.460627994062676,0.446,ATH,ATH,1
20250502_AZ@PHI,2025-05-02,PHI,AZ,3,2,1.0,0.5330155981978505,0.5476,PHI,PHI,1
20250502_CHC@MIL,2025-05-02,MIL,CHC,0,10,0.0,0.4536877806014079,0.4391,CHC,CHC,1
20250502_CLE@TOR,2025-05-02,TOR,CLE,5,3,1.0,0.5642357997981011,0.5789,TOR,TOR,1
20250502_COL@SF,2025-05-02,SF,COL,4,0,1.0,0.7054377722516444,0.7188,SF,SF,1
20250502_DET@LAA,2025-05-02,LAA,DET,1,9,0.0,0.40723058088761266,0.3926,DET,DET,1
20250502_HOU@CWS,2025-05-02,CWS,HOU,7,3,1.0,0.4622711578921851,0.4477,HOU,CWS,0
20250502_KC@BAL,2025-05-02,BAL,KC,3,0,1.0,0.5070710276602105,0.5215,BAL,BAL,1
20250502_LAD@ATL,2025-05-02,ATL,LAD,1,2,0.0,0.45525682100891424,0.4407,LAD,LAD,1
20250502_MIN@BOS,2025-05-02,BOS,MIN,6,1,1.0,0.5455872200608233,0.5602,BOS,BOS,1
20250502_NYM@STL,2025-05-02,STL,NYM,3,9,0.0,0.5124103038201346,0.5269,STL,NYM,0
20250502_SD@PIT,2025-05-02,PIT,SD,4,9,0.0,0.4366534763147356,0.422,SD,SD,1
20250502_SEA@TEX,2025-05-02,TEX,SEA,1,13,0.0,0.4980639336508096,0.4837,SEA,SEA,1
20250502_TB@NYY,2025-05-02,NYY,TB,3,0,1.0,0.5618133715537582,0.5764,NYY,NYY,1
20250502_WSH@CIN,2025-05-02,CIN,WSH,6,1,1.0,0.5878902810285175,0.6025,CIN,CIN,1
20250501_ATH@TEX,2025-05-01,TEX,ATH,0,3,0.0,0.5379516707950526,0.5527,TEX,ATH,0
20250501_AZ@NYM,2025-05-01,NYM,AZ,2,4,0.0,0.550117731582634,0.5653,NYM,AZ,0
20250501_BOS@TOR,2025-05-01,TOR,BOS,4,2,1.0,0.4788060561145115,0.4647,BOS,TOR,0
20250501_CHC@PIT,2025-05-01,PIT,CHC,3,8,0.0,0.43400453302644054,0.4183,CHC,CHC,1
20250501_COL@SF,2025-05-01,SF,COL,3,4,0.0,0.6663071611156625,0.6845,SF,COL,0
20250501_DET@LAA,2025-05-01,LAA,DET,4,10,0.0,0.45844638932663784,0.4436,DET,DET,1
20250501_KC@TB,2025-05-01,TB,KC,2,8,0.0,0.6113884517595787,0.6285,TB,KC,0
20250501_MIL@CWS,2025-05-01,CWS,MIL,8,0,1.0,0.40168363327228346,0.3849,MIL,CWS,0
20250501_MIN@CLE,2025-05-01,CLE,MIN,4,3,1.0,0.581292859372616,0.5975,CLE,CLE,1
20250501_STL@CIN,2025-05-01,CIN,STL,9,1,1.0,0.5281072888338012,0.5425,CIN,CIN,1
20250501_WSH@PHI,2025-05-01,PHI,WSH,2,4,0.0,0.6236889189747672,0.6411,PHI,WSH,0
20250430_ATH@TEX,2025-04-30,TEX,ATH,1,7,0.0,0.5584457559406708,0.5739,TEX,ATH,0
20250430_ATL@COL,2025-04-30,COL,ATL,2,1,1.0,0.4311278252355682,0.4153,ATL,COL,0
20250430_AZ@NYM,2025-04-30,NYM,AZ,3,4,0.0,0.5410488487883469,0.5559,NYM,AZ,0
20250430_BOS@TOR,2025-04-30,TOR,BOS,7,6,1.0,0.4515199590249845,0.4364,BOS,TOR,0
20250430_CHC@PIT,2025-04-30,PIT,CHC,4,3,1.0,0.42371497285888077,0.4076,CHC,PIT,0
20250430_DET@HOU,2025-04-30,HOU,DET,4,7,0.0,0.5108509966140233,0.5245,HOU,DET,0
20250430_KC@TB,2025-04-30,TB,KC,0,3,0.0,0.5433340439216072,0.5583,TB,KC,0
20250430_LAA@SEA,2025-04-30,SEA,LAA,9,3,1.0,0.6087679871354796,0.6258,SEA,SEA,1
20250430_MIA@LAD,2025-04-30,LAD,MIA,12,7,1.0,0.6347127366441206,0.6523,LAD,LAD,1
20250430_MIL@CWS,2025-04-30,CWS,MIL,4,6,0.0,0.4463104761894182,0.431,MIL,MIL,1
20250430_MIN@CLE,2025-04-30,CLE,MIN,4,2,1.0,0.6135771502812732,0.6307,CLE,CLE,1
20250430_NYY@BAL,2025-04-30,BAL,NYY,5,4,1.0,0.47395731593972323,0.4597,NYY,BAL,0
20250430_SF@SD,2025-04-30,SD,SF,5,3,1.0,0.5670068600311583,0.5828,SD,SD,1
20250430_STL@CIN,2025-04-30,CIN,STL,0,6,0.0,0.5737676242993613,0.5898,CIN,STL,0
20250430_STL@CIN_2,2025-04-30,CIN,STL,1,9,0.0,0.5286872328937912,0.5431,CIN,STL,0
20250430_WSH@PHI,2025-04-30,PHI,WSH,7,2,1.0,0.6272299019314684,0.6447,PHI,PHI,1
20250429_ATH@TEX,2025-04-29,TEX,ATH,15,2,1.0,0.5542503304148079,0.5696,TEX,TEX,1
20250429_ATL@COL,2025-04-29,COL,ATL,2,8,0.0,0.4423474461468859,0.4269,ATL,ATL,1
20250429_AZ@NYM,2025-04-29,NYM,AZ,8,3,1.0,0.5677972194465746,0.5836,NYM,NYM,1
20250429_BOS@TOR,2025-04-29,TOR,BOS,2,10,0.0,0.4421765990121566,0.4267,BOS,BOS,1
20250429_CHC@PIT,2025-04-29,PIT,CHC,0,9,0.0,0.4311955487382764,0.4154,CHC,CHC,1
20250429_DET@HOU,2025-04-29,HOU,DET,6,4,1.0,0.5002227218871876,0.5134,HOU,HOU,1
20250429_KC@TB,2025-04-29,TB,KC,1,3,0.0,0.5662619841327996,0.582,TB,KC,0
20250429_LAA@SEA,2025-04-29,SEA,LAA,5,3,1.0,0.6353021658592696,0.6529,SEA,SEA,1
20250429_MIA@LAD,2025-04-29,LAD,MIA,15,2,1.0,0.6584309082072298,0.6765,LAD,LAD,1
20250429_MIL@CWS,2025-04-29,CWS,MIL,2,7,0.0,0.42063088925967357,0.4045,MIL,MIL,1
20250429_MIN@CLE,2025-04-29,CLE,MIN,2,1,1.0,0.6029116487907887,0.6198,CLE,CLE,1
20250429_NYY@BAL,2025-04-29,BAL,NYY,3,15,0.0,0.45870489731362063,0.4438,NYY,NYY,1
20250429_SF@SD,2025-04-29,SD,SF,7,4,1.0,0.5356322649517943,0.5503,SD,SD,1
20250429_WSH@PHI,2025-04-29,PHI,WSH,7,6,1.0,0.5971446502761408,0.6138,PHI,PHI,1
20250428_ATH@TEX,2025-04-28,TEX,ATH,1,2,0.0,0.5262648079259025,0.5406,TEX,ATH,0
20250428_ATL@COL,2025-04-28,COL,ATL,3,6,0.0,0.47183807238845804,0.4575,ATL,ATL,1
20250428_DET@HOU,2025-04-28,HOU,DET,8,5,1.0,0.4660956151828676,0.4515,DET,HOU,0
20250428_MIA@LAD,2025-04-28,LAD,MIA,7,6,1.0,0.6332139484143611,0.6508,LAD,LAD,1
20250428_MIN@CLE,2025-04-28,CLE,MIN,1,11,0.0,0.6289441183013947,0.6464,CLE,MIN,0
20250428_NYM@WSH,2025-04-28,WSH,NYM,5,19,0.0,0.46038185353521943,0.4456,NYM,NYM,1
20250428_NYY@BAL,2025-04-28,BAL,NYY,4,3,1.0,0.43537196431301306,0.4197,NYY,BAL,0
20250428_STL@CIN,2025-04-28,CIN,STL,3,1,1.0,0.5463301914197248,0.5614,CIN,CIN,1
20250427_ATL@AZ,2025-04-27,AZ,ATL,6,4,1.0,0.57408019323682,0.5901,AZ,AZ,1
20250427_BAL@DET,2025-04-27,DET,BAL,7,0,1.0,0.6230424337696935,0.6404,DET,DET,1
20250427_BOS@CLE,2025-04-27,CLE,BOS,3,13,0.0,0.5681709291535836,0.584,CLE,BOS,0
20250427_CIN@COL,2025-04-27,COL,CIN,1,8,0.0,0.47527498096533416,0.461,CIN,CIN,1
20250427_CWS@ATH,2025-04-27,ATH,CWS,3,2,1.0,0.5965609690971061,0.6132,ATH,ATH,1
20250427_HOU@KC,2025-04-27,KC,HOU,3,7,0.0,0.5021470956879875,0.5155,KC,HOU,0
20250427_LAA@MIN,2025-04-27,MIN,LAA,5,0,1.0,0.5468144889151323,0.5619,MIN,MIN,1
20250427_MIA@SEA,2025-04-27,SEA,MIA,7,6,1.0,0.5791210702780321,0.5953,SEA,SEA,1
20250427_MIL@STL,2025-04-27,STL,MIL,1,7,0.0,0.5531337552127027,0.5684,STL,MIL,0
20250427_NYM@WSH,2025-04-27,WSH,NYM,8,7,1.0,0.4254220867878502,0.4094,NYM,WSH,0
20250427_PHI@CHC,2025-04-27,CHC,PHI,1,3,0.0,0.5569667190031415,0.5724,CHC,PHI,0
20250427_PIT@LAD,2025-04-27,LAD,PIT,9,2,1.0,0.6631888545793063,0.6813,LAD,LAD,1
20250427_TB@SD,2025-04-27,SD,TB,2,4,0.0,0.570053766760025,0.5859,SD,TB,0
20250427_TEX@SF,2025-04-27,SF,TEX,3,2,1.0,0.5589929146445249,0.5745,SF,SF,1
20250427_TOR@NYY,2025-04-27,NYY,TOR,5,1,1.0,0.602514074220726,0.6194,NYY,NYY,1
20250427_TOR@NYY_2,2025-04-27,NYY,TOR,11,2,1.0,0.6179196774183209,0.6352,NYY,NYY,1
20250426_ATL@AZ,2025-04-26,AZ,ATL,7,8,0.0,0.5793210249412628,0.5955,AZ,ATL,0
20250426_BAL@DET,2025-04-26,DET,BAL,4,3,1.0,0.5373742889141438,0.5521,DET,DET,1
20250426_BAL@DET_2,2025-04-26,DET,BAL,6,2,1.0,0.5574061795638409,0.5729,DET,DET,1
20250426_BOS@CLE,2025-04-26,CLE,BOS,3,7,0.0,0.5358755212707627,0.5505,CLE,BOS,0
20250426_BOS@CLE_2,2025-04-26,CLE,BOS,5,4,1.0,0.54421332000805,0.5592,CLE,CLE,1
20250426_CIN@COL,2025-04-26,COL,CIN,4,6,0.0,0.4017747749214815,0.385,CIN,CIN,1
20250426_CWS@ATH,2025-04-26,ATH,CWS,3,10,0.0,0.6251795574468929,0.6426,ATH,CWS,0
20250426_HOU@KC,2025-04-26,KC,HOU,2,0,1.0,0.5238527159098277,0.538,KC,KC,1
20250426_LAA@MIN,2025-04-26,MIN,LAA,5,1,1.0,0.5387690910589954,0.5535,MIN,MIN,1
20250426_MIA@SEA,2025-04-26,SEA,MIA,14,0,1.0,0.5981564480460392,0.6149,SEA,SEA,1
20250426_MIL@STL,2025-04-26,STL,MIL,6,5,1.0,0.5503135377258671,0.5655,STL,STL,1
20250426_NYM@WSH,2025-04-26,WSH,NYM,0,2,0.0,0.4581653726843948,0.4433,NYM,NYM,1
20250426_PHI@CHC,2025-04-26,CHC,PHI,4,10,0.0,0.5794966639590251,0.5957,CHC,PHI,0
20250426_PIT@LAD,2025-04-26,LAD,PIT,8,4,1.0,0.6564046797403569,0.6744,LAD,LAD,1
20250426_TB@SD,2025-04-26,SD,TB,1,4,0.0,0.5880271719210961,0.6045,SD,TB,0
20250426_TEX@SF,2025-04-26,SF,TEX,3,2,1.0,0.5490772089976254,0.5642,SF,SF,1
20250425_ATL@AZ,2025-04-25,AZ,ATL,2,8,0.0,0.5713241985060916,0.5872,AZ,ATL,0
20250425_CIN@COL,2025-04-25,COL,CIN,7,8,0.0,0.43216500325422746,0.4164,CIN,CIN,1
20250425_CWS@ATH,2025-04-25,ATH,CWS,6,5,1.0,0.6107075949746046,0.6278,ATH,ATH,1
20250425_HOU@KC,2025-04-25,KC,HOU,2,0,1.0,0.507949257084752,0.5215,KC,KC,1
20250425_LAA@MIN,2025-04-25,MIN,LAA,11,4,1.0,0.5210727060238745,0.5352,MIN,MIN,1
20250425_MIA@SEA,2025-04-25,SEA,MIA,4,8,0.0,0.6360912408322212,0.6537,SEA,MIA,0
20250425_MIL@STL,2025-04-25,STL,MIL,3,2,1.0,0.51962998930142,0.5337,STL,STL,1
20250425_NYM@WSH,2025-04-25,WSH,NYM,5,4,1.0,0.4512334872980114,0.4361,NYM,WSH,0
20250425_PHI@CHC,2025-04-25,CHC,PHI,4,0,1.0,0.5848143852893787,0.6012,CHC,CHC,1
20250425_PIT@LAD,2025-04-25,LAD,PIT,0,3,0.0,0.6574091844108321,0.6754,LAD,PIT,0
20250425_TB@SD,2025-04-25,SD,TB,0,1,0.0,0.5649004213300055,0.5806,SD,TB,0
20250425_TEX@SF,2025-04-25,SF,TEX,0,2,0.0,0.556120774587419,0.5715,SF,TEX,0
20250425_TOR@NYY,2025-04-25,NYY,TOR,2,4,0.0,0.6157448660916549,0.6329,NYY,TOR,0
20250424_BAL@WSH,2025-04-24,WSH,BAL,1,2,0.0,0.5236131309630535,0.5348,WSH,BAL,0
20250424_COL@KC,2025-04-24,KC,COL,7,4,1.0,0.6462683529320561,0.6605,KC,KC,1
20250424_COL@KC_2,2025-04-24,KC,COL,6,2,1.0,0.5957009044827042,0.6089,KC,KC,1
20250424_CWS@MIN,2025-04-24,MIN,CWS,0,3,0.0,0.6359358846816747,0.65,MIN,CWS,0
20250424_MIL@SF,2025-04-24,SF,MIL,6,5,1.0,0.4949125464876967,0.4843,MIL,SF,0
20250424_PIT@LAA,2025-04-24,LAA,PIT,4,3,1.0,0.5465679125427498,0.5585,LAA,LAA,1
20250424_SEA@BOS,2025-04-24,BOS,SEA,3,4,0.0,0.5421276842661157,0.5539,BOS,SEA,0
20250424_TB@AZ,2025-04-24,AZ,TB,4,7,0.0,0.5790780544113308,0.5919,AZ,TB,0
20250424_TEX@ATH,2025-04-24,ATH,TEX,4,3,1.0,0.5343280373733889,0.5459,ATH,ATH,1
20250423_BAL@WSH,2025-04-23,WSH,BAL,4,3,1.0,0.5039267899698041,0.5145,WSH,WSH,1
20250423_CIN@MIA,2025-04-23,MIA,CIN,2,5,0.0,0.48719516698398185,0.4764,CIN,CIN,1
20250423_CWS@MIN,2025-04-23,MIN,CWS,6,3,1.0,0.6555536676709103,0.6699,MIN,MIN,1
20250423_LAD@CHC,2025-04-23,CHC,LAD,7,6,1.0,0.5041589530959468,0.5147,CHC,CHC,1
20250423_MIL@SF,2025-04-23,SF,MIL,4,2,1.0,0.48973437466478725,0.479,MIL,SF,0
20250423_NYY@CLE,2025-04-23,CLE,NYY,1,5,0.0,0.5003200303492159,0.5107,CLE,NYY,0
20250423_PHI@NYM,2025-04-23,NYM,PHI,4,3,1.0,0.5653470116062416,0.5778,NYM,NYM,1
20250423_PIT@LAA,2025-04-23,LAA,PIT,0,3,0.0,0.5206423796022167,0.5317,LAA,PIT,0
20250423_SD@DET,2025-04-23,DET,SD,6,0,1.0,0.5116446844372571,0.5224,DET,DET,1
20250423_SEA@BOS,2025-04-23,BOS,SEA,5,8,0.0,0.5513630302776374,0.5634,BOS,SEA,0
20250423_STL@ATL,2025-04-23,ATL,STL,4,1,1.0,0.5641919797112395,0.5766,ATL,ATL,1
20250423_TB@AZ,2025-04-23,AZ,TB,6,7,0.0,0.5717569617810466,0.5844,AZ,TB,0
20250423_TEX@ATH,2025-04-23,ATH,TEX,5,2,1.0,0.5081833699107042,0.5189,ATH,ATH,1
20250423_TOR@HOU,2025-04-23,HOU,TOR,3,1,1.0,0.5751906715066468,0.5879,HOU,HOU,1
20250422_BAL@WSH,2025-04-22,WSH,BAL,7,0,1.0,0.5033415173487107,0.5139,WSH,WSH,1
20250422_CIN@MIA,2025-04-22,MIA,CIN,4,3,1.0,0.5285756612305663,0.5399,MIA,MIA,1
20250422_COL@KC,2025-04-22,KC,COL,4,3,1.0,0.614211248218102,0.6279,KC,KC,1
20250422_CWS@MIN,2025-04-22,MIN,CWS,4,2,1.0,0.618850729264898,0.6326,MIN,MIN,1
20250422_LAD@CHC,2025-04-22,CHC,LAD,11,10,1.0,0.4951862018317409,0.4846,LAD,CHC,0
20250422_MIL@SF,2025-04-22,SF,MIL,3,11,0.0,0.5353462412816394,0.5469,SF,MIL,0
20250422_NYY@CLE,2025-04-22,CLE,NYY,3,2,1.0,0.5038030649214341,0.5143,CLE,CLE,1
20250422_PHI@NYM,2025-04-22,NYM,PHI,5,1,1.0,0.5340986478136509,0.5456,NYM,NYM,1
20250422_PIT@LAA,2025-04-22,LAA,PIT,3,9,0.0,0.5604613756747339,0.5728,LAA,PIT,0
20250422_SD@DET,2025-04-22,DET,SD,0,2,0.0,0.4814981026214925,0.4705,SD,SD,1
20250422_SEA@BOS,2025-04-22,BOS,SEA,8,3,1.0,0.5239090420311544,0.5351,BOS,BOS,1
20250422_STL@ATL,2025-04-22,ATL,STL,4,10,0.0,0.5836053649112585,0.5965,ATL,STL,0
20250422_TB@AZ,2025-04-22,AZ,TB,5,1,1.0,0.603880998315628,0.6173,AZ,AZ,1
20250422_TEX@ATH,2025-04-22,ATH,TEX,5,8,0.0,0.49220858836516856,0.4815,TEX,TEX,1
20250422_TOR@HOU,2025-04-22,HOU,TOR,5,1,1.0,0.510418946048851,0.5212,HOU,HOU,1
20250421_CIN@MIA,2025-04-21,MIA,CIN,6,3,1.0,0.5140899938948692,0.525,MIA,MIA,1
20250421_CWS@BOS,2025-04-21,BOS,CWS,4,2,1.0,0.6498190719079876,0.6641,BOS,BOS,1
20250421_MIL@SF,2025-04-21,SF,MIL,5,2,1.0,0.5367334469617352,0.5483,SF,SF,1
20250421_NYY@CLE,2025-04-21,CLE,NYY,6,4,1.0,0.5457469474816792,0.5576,CLE,CLE,1
20250421_PHI@NYM,2025-04-21,NYM,PHI,5,4,1.0,0.562394051580929,0.5748,NYM,NYM,1
20250421_SD@DET,2025-04-21,DET,SD,6,4,1.0,0.5384257640484297,0.5501,DET,DET,1
20250421_STL@ATL,2025-04-21,ATL,STL,7,6,1.0,0.571401499028744,0.584,ATL,ATL,1
20250421_TOR@HOU,2025-04-21,HOU,TOR,7,0,1.0,0.5571226554234078,0.5693,HOU,HOU,1
20250420_ATH@MIL,2025-04-20,MIL,ATH,14,1,1.0,0.558541930359275,0.5708,MIL,MIL,1
20250420_AZ@CHC,2025-04-20,CHC,AZ,2,3,0.0,0.5238820703599579,0.5351,CHC,AZ,0
20250420_CIN@BAL,2025-04-20,BAL,CIN,2,24,0.0,0.5893459010033744,0.6024,BAL,CIN,0
20250420_CLE@PIT,2025-04-20,PIT,CLE,4,5,0.0,0.5208883477942141,0.532,PIT,CLE,0
20250420_CWS@BOS,2025-04-20,BOS,CWS,4,8,0.0,0.6524735026156969,0.6668,BOS,CWS,0
20250420_KC@DET,2025-04-20,DET,KC,3,4,0.0,0.6042038162158283,0.6176,DET,KC,0
20250420_LAD@TEX,2025-04-20,TEX,LAD,0,1,0.0,0.5037574759598066,0.5143,TEX,LAD,0
20250420_MIA@PHI,2025-04-20,PHI,MIA,5,7,0.0,0.6378498932190755,0.6519,PHI,MIA,0
20250420_MIN@ATL,2025-04-20,ATL,MIN,6,2,1.0,0.5661207881715263,0.5786,ATL,ATL,1
20250420_NYY@TB,2025-04-20,TB,NYY,0,4,0.0,0.4761509414637243,0.465,NYY,NYY,1
20250420_SD@HOU,2025-04-20,HOU,SD,2,3,0.0,0.4583772089161586,0.4466,SD,SD,1
20250420_SEA@TOR,2025-04-20,TOR,SEA,3,8,0.0,0.5271220518630012,0.5384,TOR,SEA,0
20250420_SF@LAA,2025-04-20,LAA,SF,5,4,1.0,0.46210493061956665,0.4505,SF,LAA,0
20250420_STL@NYM,2025-04-20,NYM,STL,7,4,1.0,0.6117409700481283,0.6253,NYM,NYM,1
20250420_WSH@COL,2025-04-20,COL,WSH,2,3,0.0,0.4874873250951699,0.4767,WSH,WSH,1
20250420_WSH@COL_2,2025-04-20,COL,WSH,3,1,1.0,0.47662444363713025,0.4654,WSH,COL,0
20250419_ATH@MIL,2025-04-19,MIL,ATH,1,3,0.0,0.5793590441203421,0.5922,MIL,ATH,0
20250419_AZ@CHC,2025-04-19,CHC,AZ,6,2,1.0,0.5158328496590254,0.5268,CHC,CHC,1
20250419_CIN@BAL,2025-04-19,BAL,CIN,9,5,1.0,0.5298334886466275,0.5412,BAL,BAL,1
20250419_CLE@PIT,2025-04-19,PIT,CLE,0,3,0.0,0.531505035050795,0.5429,PIT,CLE,0
20250419_CWS@BOS,2025-04-19,BOS,CWS,4,3,1.0,0.6536177940950516,0.668,BOS,BOS,1
20250419_KC@DET,2025-04-19,DET,KC,3,1,1.0,0.6022880114385961,0.6157,DET,DET,1
20250419_LAD@TEX,2025-04-19,TEX,LAD,4,3,1.0,0.5006801690051997,0.5111,TEX,TEX,1
20250419_MIA@PHI,2025-04-19,PHI,MIA,11,10,1.0,0.6240115450179657,0.6379,PHI,PHI,1
20250419_MIN@ATL,2025-04-19,ATL,MIN,4,3,1.0,0.5933131818157981,0.6065,ATL,ATL,1
20250419_NYY@TB,2025-04-19,TB,NYY,10,8,1.0,0.5078462452919182,0.5185,TB,TB,1
20250419_SD@HOU,2025-04-19,HOU,SD,3,2,1.0,0.45792267676480497,0.4461,SD,HOU,0
20250419_SEA@TOR,2025-04-19,TOR,SEA,4,8,0.0,0.48570104490314847,0.4748,SEA,SEA,1
20250419_SF@LAA,2025-04-19,LAA,SF,2,3,0.0,0.4197356921599608,0.4069,SF,SF,1
20250419_STL@NYM,2025-04-19,NYM,STL,3,0,1.0,0.5894934838099515,0.6026,NYM,NYM,1
20250419_WSH@COL,2025-04-19,COL,WSH,11,12,0.0,0.4824818123057801,0.4715,WSH,WSH,1
20250418_ATH@MIL,2025-04-18,MIL,ATH,5,3,1.0,0.5717571547975675,0.5844,MIL,MIL,1
20250418_AZ@CHC,2025-04-18,CHC,AZ,13,11,1.0,0.46064092208008406,0.449,AZ,CHC,0
20250418_CIN@BAL,2025-04-18,BAL,CIN,3,8,0.0,0.54786656605371,0.5598,BAL,CIN,0
20250418_CLE@PIT,2025-04-18,PIT,CLE,7,10,0.0,0.5102212437911119,0.521,PIT,CLE,0
20250418_CWS@BOS,2025-04-18,BOS,CWS,10,3,1.0,0.6015081397033638,0.6149,BOS,BOS,1
20250418_KC@DET,2025-04-18,DET,KC,7,3,1.0,0.544357007873023,0.5562,DET,DET,1
20250418_LAD@TEX,2025-04-18,TEX,LAD,0,3,0.0,0.5055871987323574,0.5162,TEX,LAD,0
20250418_MIA@PHI,2025-04-18,PHI,MIA,7,2,1.0,0.6036846982004447,0.6171,PHI,PHI,1
20250418_MIN@ATL,2025-04-18,ATL,MIN,6,4,1.0,0.5522958163919576,0.5644,ATL,ATL,1
20250418_NYY@TB,2025-04-18,TB,NYY,0,1,0.0,0.45524689584890926,0.4434,NYY,NYY,1
20250418_SD@HOU,2025-04-18,HOU,SD,6,4,1.0,0.5110344446820071,0.5218,HOU,HOU,1
20250418_SEA@TOR,2025-04-18,TOR,SEA,3,1,1.0,0.5281465268293272,0.5395,TOR,TOR,1
20250418_SF@LAA,2025-04-18,LAA,SF,2,0,1.0,0.4440695967804586,0.4319,SF,LAA,0
20250418_STL@NYM,2025-04-18,NYM,STL,5,4,1.0,0.6122430134396446,0.6258,NYM,NYM,1
20250417_ATH@CWS,2025-04-17,CWS,ATH,0,8,0.0,0.47251993199695286,0.4664,ATH,ATH,1
20250417_AZ@MIA,2025-04-17,MIA,AZ,4,6,0.0,0.43074024454028936,0.4242,AZ,AZ,1
20250417_CLE@BAL,2025-04-17,BAL,CLE,6,2,1.0,0.5093316597954332,0.5153,BAL,BAL,1
20250417_KC@DET,2025-04-17,DET,KC,6,1,1.0,0.5832574765903267,0.59,DET,DET,1
20250417_LAA@TEX,2025-04-17,TEX,LAA,5,3,1.0,0.5503875851977111,0.5568,TEX,TEX,1
20250417_NYY@TB,2025-04-17,TB,NYY,3,6,0.0,0.48403990612288816,0.478,NYY,NYY,1
20250417_SEA@CIN,2025-04-17,CIN,SEA,7,11,0.0,0.4678176442645612,0.4616,SEA,SEA,1
20250417_SF@PHI,2025-04-17,PHI,SF,6,4,1.0,0.553458128379946,0.5599,PHI,PHI,1
20250417_STL@NYM,2025-04-17,NYM,STL,4,1,1.0,0.5853811582959654,0.5921,NYM,NYM,1
20250417_WSH@PIT,2025-04-17,PIT,WSH,1,0,1.0,0.5469524705364296,0.5533,PIT,PIT,1
20250416_ATH@CWS,2025-04-16,CWS,ATH,1,3,0.0,0.464559184840215,0.4583,ATH,ATH,1
20250416_ATL@TOR,2025-04-16,TOR,ATL,3,1,1.0,0.51428247027226,0.5203,TOR,TOR,1
20250416_AZ@MIA,2025-04-16,MIA,AZ,2,6,0.0,0.47120351250939085,0.465,AZ,AZ,1
20250416_BOS@TB,2025-04-16,TB,BOS,0,1,0.0,0.48927473546256356,0.4833,BOS,BOS,1
20250416_CHC@SD,2025-04-16,SD,CHC,4,2,1.0,0.5262761813752704,0.5324,SD,SD,1
20250416_CLE@BAL,2025-04-16,BAL,CLE,9,1,1.0,0.4884071827081067,0.4825,CLE,BAL,0
20250416_COL@LAD,2025-04-16,LAD,COL,8,7,1.0,0.6691081775199401,0.6763,LAD,LAD,1
20250416_DET@MIL,2025-04-16,MIL,DET,5,1,1.0,0.5323315126180498,0.5385,MIL,MIL,1
20250416_HOU@STL,2025-04-16,STL,HOU,4,1,1.0,0.5311985313015491,0.5374,STL,STL,1
20250416_KC@NYY,2025-04-16,NYY,KC,4,3,1.0,0.586962497735528,0.5937,NYY,NYY,1
20250416_LAA@TEX,2025-04-16,TEX,LAA,3,1,1.0,0.5093669967464373,0.5153,TEX,TEX,1
20250416_NYM@MIN,2025-04-16,MIN,NYM,4,3,1.0,0.4541759005106984,0.4478,NYM,MIN,0
20250416_SEA@CIN,2025-04-16,CIN,SEA,3,5,0.0,0.5228756952351231,0.529,CIN,SEA,0
20250416_SF@PHI,2025-04-16,PHI,SF,4,11,0.0,0.5503313210314826,0.5567,PHI,SF,0
20250416_WSH@PIT,2025-04-16,PIT,WSH,6,1,1.0,0.5221181042829038,0.5282,PIT,PIT,1
20250415_ATH@CWS,2025-04-15,CWS,ATH,3,12,0.0,0.4882389983074746,0.4823,ATH,ATH,1
20250415_ATL@TOR,2025-04-15,TOR,ATL,6,3,1.0,0.525854042898921,0.532,TOR,TOR,1
20250415_AZ@MIA,2025-04-15,MIA,AZ,4,10,0.0,0.46052635820318544,0.4543,AZ,AZ,1
20250415_BOS@TB,2025-04-15,TB,BOS,4,7,0.0,0.5312603151433638,0.5374,TB,BOS,0
20250415_CHC@SD,2025-04-15,SD,CHC,1,2,0.0,0.5276199920065388,0.5338,SD,CHC,0
20250415_CLE@BAL,2025-04-15,BAL,CLE,3,6,0.0,0.5597507724145988,0.5662,BAL,CLE,0
20250415_COL@LAD,2025-04-15,LAD,COL,6,2,1.0,0.6871788940628557,0.6943,LAD,LAD,1
20250415_DET@MIL,2025-04-15,MIL,DET,5,0,1.0,0.5171577610038783,0.5232,MIL,MIL,1
20250415_HOU@STL,2025-04-15,STL,HOU,0,2,0.0,0.5311360703831204,0.5373,STL,HOU,0
20250415_KC@NYY,2025-04-15,NYY,KC,4,2,1.0,0.6111193457693952,0.618,NYY,NYY,1
20250415_LAA@TEX,2025-04-15,TEX,LAA,4,0,1.0,0.525189111916713,0.5313,TEX,TEX,1
20250415_NYM@MIN,2025-04-15,MIN,NYM,6,3,1.0,0.40134295079223786,0.3945,NYM,MIN,0
20250415_SEA@CIN,2025-04-15,CIN,SEA,8,4,1.0,0.46547245744708765,0.4593,SEA,CIN,0
20250415_SF@PHI,2025-04-15,PHI,SF,6,4,1.0,0.5750049022536635,0.5816,PHI,PHI,1
20250415_WSH@PIT,2025-04-15,PIT,WSH,0,3,0.0,0.5483254413500576,0.5547,PIT,WSH,0
20250414_ATL@TOR,2025-04-14,TOR,ATL,4,8,0.0,0.51653837462653,0.5225,TOR,ATL,0
20250414_BOS@TB,2025-04-14,TB,BOS,16,1,1.0,0.5759685729293631,0.5826,TB,TB,1
20250414_CHC@SD,2025-04-14,SD,CHC,10,4,1.0,0.5560222778462488,0.5625,SD,SD,1
20250414_COL@LAD,2025-04-14,LAD,COL,5,3,1.0,0.6813615172699692,0.6885,LAD,LAD,1
20250414_DET@MIL,2025-04-14,MIL,DET,1,9,0.0,0.5393296865344936,0.5456,MIL,DET,0
20250414_HOU@STL,2025-04-14,STL,HOU,8,3,1.0,0.5536552461254411,0.5601,STL,STL,1
20250414_KC@NYY,2025-04-14,NYY,KC,4,1,1.0,0.5607581760291268,0.5673,NYY,NYY,1
20250414_NYM@MIN,2025-04-14,MIN,NYM,1,5,0.0,0.4149205975373885,0.4082,NYM,NYM,1
20250414_SF@PHI,2025-04-14,PHI,SF,4,10,0.0,0.49957058573991325,0.4938,SF,SF,1
20250414_WSH@PIT,2025-04-14,PIT,WSH,10,3,1.0,0.5494543758292061,0.5558,PIT,PIT,1
20250413_ATL@TB,2025-04-13,TB,ATL,8,3,1.0,0.5214954302572529,0.5276,TB,TB,1
20250413_BOS@CWS,2025-04-13,CWS,BOS,1,3,0.0,0.4391709572799728,0.4327,BOS,BOS,1
20250413_CHC@LAD,2025-04-13,LAD,CHC,2,4,0.0,0.6202767279035707,0.6272,LAD,CHC,0
20250413_COL@SD,2025-04-13,SD,COL,6,0,1.0,0.651842917268419,0.6589,SD,SD,1
20250413_DET@MIN,2025-04-13,MIN,DET,5,1,1.0,0.47270254094335673,0.4666,DET,MIN,0
20250413_KC@CLE,2025-04-13,CLE,KC,2,4,0.0,0.5554804929770332,0.5619,CLE,KC,0
20250413_LAA@HOU,2025-04-13,HOU,LAA,7,3,1.0,0.5073437269337766,0.5132,HOU,HOU,1
20250413_MIL@AZ,2025-04-13,AZ,MIL,5,2,1.0,0.5088209408221674,0.5147,AZ,AZ,1
20250413_NYM@ATH,2025-04-13,ATH,NYM,0,8,0.0,0.4452796454778148,0.4388,NYM,NYM,1
20250413_PHI@STL,2025-04-13,STL,PHI,7,0,1.0,0.4931472662821147,0.4873,PHI,STL,0
20250413_PIT@CIN,2025-04-13,CIN,PIT,4,0,1.0,0.5730680489346899,0.5797,CIN,CIN,1
20250413_SF@NYY,2025-04-13,NYY,SF,4,5,0.0,0.5477295592913275,0.5541,NYY,SF,0
20250413_TEX@SEA,2025-04-13,SEA,TEX,3,1,1.0,0.5614248832128843,0.5679,SEA,SEA,1
20250413_TOR@BAL,2025-04-13,BAL,TOR,6,7,0.0,0.5721639073085518,0.5788,BAL,TOR,0
20250413_WSH@MIA,2025-04-13,MIA,WSH,11,4,1.0,0.47639180793897085,0.4703,WSH,MIA,0
20250412_ATL@TB,2025-04-12,TB,ATL,4,5,0.0,0.5185411714693914,0.5246,TB,ATL,0
20250412_BOS@CWS,2025-04-12,CWS,BOS,3,2,1.0,0.44132146074133244,0.4348,BOS,CWS,0
20250412_CHC@LAD,2025-04-12,LAD,CHC,0,16,0.0,0.5496388469289313,0.556,LAD,CHC,0
20250412_COL@SD,2025-04-12,SD,COL,2,0,1.0,0.607380104148107,0.6143,SD,SD,1
20250412_DET@MIN,2025-04-12,MIN,DET,0,4,0.0,0.4455801598660928,0.4391,DET,DET,1
20250412_KC@CLE,2025-04-12,CLE,KC,6,3,1.0,0.5518015178593425,0.5582,CLE,CLE,1
20250412_LAA@HOU,2025-04-12,HOU,LAA,1,4,0.0,0.5533163160627825,0.5597,HOU,LAA,0
20250412_MIL@AZ,2025-04-12,AZ,MIL,5,4,1.0,0.5177468082114565,0.5238,AZ,AZ,1
20250412_NYM@ATH,2025-04-12,ATH,NYM,3,1,1.0,0.4585268801445805,0.4522,NYM,ATH,0
20250412_PHI@STL,2025-04-12,STL,PHI,1,4,0.0,0.47169223133914906,0.4655,PHI,PHI,1
20250412_PIT@CIN,2025-04-12,CIN,PIT,5,2,1.0,0.5087522484641576,0.5147,CIN,CIN,1
20250412_SF@NYY,2025-04-12,NYY,SF,8,4,1.0,0.5258350464864675,0.532,NYY,NYY,1
20250412_TEX@SEA,2025-04-12,SEA,TEX,9,2,1.0,0.56611771691187,0.5727,SEA,SEA,1
20250412_TOR@BAL,2025-04-12,BAL,TOR,5,4,1.0,0.5085549082748965,0.5145,BAL,BAL,1
20250412_WSH@MIA,2025-04-12,MIA,WSH,7,6,1.0,0.496747944353178,0.4909,WSH,MIA,0
20250411_ATL@TB,2025-04-11,TB,ATL,6,3,1.0,0.5553098899699634,0.5618,TB,TB,1
20250411_BOS@CWS,2025-04-11,CWS,BOS,11,1,1.0,0.38646998099393143,0.3796,BOS,CWS,0
20250411_CHC@LAD,2025-04-11,LAD,CHC,3,0,1.0,0.5808212610087315,0.5875,LAD,LAD,1
20250411_COL@SD,2025-04-11,SD,COL,8,0,1.0,0.6126104017008205,0.6195,SD,SD,1
20250411_DET@MIN,2025-04-11,MIN,DET,6,7,0.0,0.4491209647973842,0.4427,DET,DET,1
20250411_KC@CLE,2025-04-11,CLE,KC,7,0,1.0,0.5528199000561571,0.5592,CLE,CLE,1
20250411_LAA@HOU,2025-04-11,HOU,LAA,14,3,1.0,0.5098926697457333,0.5158,HOU,HOU,1
20250411_MIL@AZ,2025-04-11,AZ,MIL,0,7,0.0,0.49062850595715607,0.4847,MIL,MIL,1
20250411_NYM@ATH,2025-04-11,ATH,NYM,6,7,0.0,0.4212452101576974,0.4146,NYM,NYM,1
20250411_PHI@STL,2025-04-11,STL,PHI,2,0,1.0,0.5020069689438952,0.5078,STL,STL,1
20250411_PIT@CIN,2025-04-11,CIN,PIT,5,3,1.0,0.5488037684207787,0.5552,CIN,CIN,1
20250411_SF@NYY,2025-04-11,NYY,SF,1,9,0.0,0.5294299361931407,0.5356,NYY,SF,0
20250411_TEX@SEA,2025-04-11,SEA,TEX,5,3,1.0,0.5259014319813319,0.532,SEA,SEA,1
20250411_WSH@MIA,2025-04-11,MIA,WSH,4,7,0.0,0.5052527011651075,0.5111,MIA,WSH,0
20250410_CWS@CLE,2025-04-10,CLE,CWS,6,1,1.0,0.627589884584003,0.6323,CLE,CLE,1
20250410_LAA@TB,2025-04-10,TB,LAA,1,11,0.0,0.46634206461589894,0.4574,LAA,LAA,1
20250410_MIL@COL,2025-04-10,COL,MIL,7,2,1.0,0.4619844505313714,0.4532,MIL,COL,0
20250410_MIN@KC,2025-04-10,KC,MIN,3,2,1.0,0.5360540658145238,0.5449,KC,KC,1
20250410_PHI@ATL,2025-04-10,ATL,PHI,4,2,1.0,0.49876659471908635,0.4885,PHI,ATL,0
20250410_TOR@BOS,2025-04-10,BOS,TOR,4,3,1.0,0.4951382176418488,0.485,TOR,BOS,0
20250409_BAL@AZ,2025-04-09,AZ,BAL,9,0,1.0,0.5589800524073647,0.5668,AZ,AZ,1
20250409_CIN@SF,2025-04-09,SF,CIN,8,6,1.0,0.5876718167535369,0.5942,SF,SF,1
20250409_CWS@CLE,2025-04-09,CLE,CWS,3,2,1.0,0.6204182483103999,0.6255,CLE,CLE,1
20250409_HOU@SEA,2025-04-09,SEA,HOU,7,6,1.0,0.49769755976991964,0.4874,HOU,SEA,0
20250409_LAA@TB,2025-04-09,TB,LAA,5,4,1.0,0.5085383601169491,0.5185,TB,TB,1
20250409_LAD@WSH,2025-04-09,WSH,LAD,5,6,0.0,0.4341609007302899,0.4266,LAD,LAD,1
20250409_MIA@NYM,2025-04-09,NYM,MIA,0,5,0.0,0.6034037376507845,0.6092,NYM,MIA,0
20250409_MIL@COL,2025-04-09,COL,MIL,2,17,0.0,0.4406027890084286,0.4328,MIL,MIL,1
20250409_MIN@KC,2025-04-09,KC,MIN,0,4,0.0,0.5236713738787864,0.533,KC,MIN,0
20250409_NYY@DET,2025-04-09,DET,NYY,3,4,0.0,0.456631601790618,0.4481,NYY,NYY,1
20250409_PHI@ATL,2025-04-09,ATL,PHI,3,4,0.0,0.485861181606331,0.4761,PHI,PHI,1
20250409_SD@ATH,2025-04-09,ATH,SD,1,2,0.0,0.4883013255556546,0.4784,SD,SD,1
20250409_STL@PIT,2025-04-09,PIT,STL,2,1,1.0,0.510861974222431,0.5208,PIT,PIT,1
20250409_TEX@CHC,2025-04-09,CHC,TEX,2,6,0.0,0.5433522729176481,0.5519,CHC,TEX,0
20250409_TOR@BOS,2025-04-09,BOS,TOR,1,2,0.0,0.5614339547371637,0.5692,BOS,TOR,0
20250408_BAL@AZ,2025-04-08,AZ,BAL,4,3,1.0,0.4621275355053033,0.4534,BAL,AZ,0
20250408_CIN@SF,2025-04-08,SF,CIN,0,1,0.0,0.6574029782736165,0.6608,SF,CIN,0
20250408_CWS@CLE,2025-04-08,CLE,CWS,1,0,1.0,0.5938137898814329,0.6001,CLE,CLE,1
20250408_HOU@SEA,2025-04-08,SEA,HOU,1,2,0.0,0.5306435460958823,0.5397,SEA,HOU,0
20250408_LAA@TB,2025-04-08,TB,LAA,3,4,0.0,0.5305906185137875,0.5397,TB,LAA,0
20250408_LAD@WSH,2025-04-08,WSH,LAD,8,2,1.0,0.4129087576461114,0.4063,LAD,WSH,0
20250408_MIA@NYM,2025-04-08,NYM,MIA,10,5,1.0,0.607635168646877,0.6133,NYM,NYM,1
20250408_MIL@COL,2025-04-08,COL,MIL,1,7,0.0,0.41900512885543373,0.4122,MIL,MIL,1
20250408_MIN@KC,2025-04-08,KC,MIN,2,1,1.0,0.585577462657862,0.5922,KC,KC,1
20250408_NYY@DET,2025-04-08,DET,NYY,5,0,1.0,0.44209298433882405,0.4342,NYY,DET,0
20250408_PHI@ATL,2025-04-08,ATL,PHI,7,5,1.0,0.44795303061493197,0.4398,PHI,ATL,0
20250408_SD@ATH,2025-04-08,ATH,SD,10,4,1.0,0.4372697826107428,0.4296,SD,ATH,0
20250408_STL@PIT,2025-04-08,PIT,STL,3,5,0.0,0.5130508110208487,0.5229,PIT,STL,0
20250408_TEX@CHC,2025-04-08,CHC,TEX,10,6,1.0,0.5646064341816212,0.5722,CHC,CHC,1
20250408_TOR@BOS,2025-04-08,BOS,TOR,1,6,0.0,0.5805444702577797,0.5874,BOS,TOR,0
20250407_BAL@AZ,2025-04-07,AZ,BAL,1,5,0.0,0.5951110845988115,0.6013,AZ,BAL,0
20250407_CIN@SF,2025-04-07,SF,CIN,0,2,0.0,0.5639960721638498,0.5716,SF,CIN,0
20250407_HOU@SEA,2025-04-07,SEA,HOU,4,3,1.0,0.5621083917862358,0.5698,SEA,SEA,1
20250407_LAD@WSH,2025-04-07,WSH,LAD,6,4,1.0,0.4352919193871316,0.4277,LAD,WSH,0
20250407_MIA@NYM,2025-04-07,NYM,MIA,2,0,1.0,0.6049350186082747,0.6107,NYM,NYM,1
20250407_MIN@KC,2025-04-07,KC,MIN,4,2,1.0,0.5539895863909894,0.562,KC,KC,1
20250407_NYY@DET,2025-04-07,DET,NYY,6,2,1.0,0.48458084047691485,0.4749,NYY,DET,0
20250407_SD@ATH,2025-04-07,ATH,SD,4,5,0.0,0.39724414350163517,0.3914,SD,SD,1
20250407_STL@PIT,2025-04-07,PIT,STL,8,4,1.0,0.5270080877184815,0.5362,PIT,PIT,1
20250407_TEX@CHC,2025-04-07,CHC,TEX,7,0,1.0,0.4994778032311693,0.4891,TEX,CHC,0
20250407_TOR@BOS,2025-04-07,BOS,TOR,2,6,0.0,0.5150551082986156,0.5248,BOS,TOR,0
20250406_ATH@COL,2025-04-06,COL,ATH,12,5,1.0,0.5329324154064129,0.5419,COL,COL,1
20250406_AZ@WSH,2025-04-06,WSH,AZ,5,4,1.0,0.3758192879760299,0.3709,AZ,WSH,0
20250406_BAL@KC,2025-04-06,KC,BAL,4,1,1.0,0.4661383761269593,0.4572,BAL,KC,0
20250406_CIN@MIL,2025-04-06,MIL,CIN,8,2,1.0,0.5720463851819826,0.5793,MIL,MIL,1
20250406_CLE@LAA,2025-04-06,LAA,CLE,6,2,1.0,0.5007377036437074,0.5111,LAA,LAA,1
20250406_CWS@DET,2025-04-06,DET,CWS,4,3,1.0,0.5500064415475296,0.5582,DET,DET,1
20250406_HOU@MIN,2025-04-06,MIN,HOU,7,9,0.0,0.46077661843449275,0.4521,HOU,HOU,1
20250406_LAD@PHI,2025-04-06,PHI,LAD,8,7,1.0,0.47430771223799223,0.465,LAD,PHI,0
20250406_NYY@PIT,2025-04-06,PIT,NYY,5,4,1.0,0.38352739943861835,0.3783,NYY,PIT,0
20250406_SD@CHC,2025-04-06,CHC,SD,7,8,0.0,0.5815861254204623,0.5884,CHC,SD,0
20250406_SEA@SF,2025-04-06,SF,SEA,5,4,1.0,0.588847570665302,0.5953,SF,SF,1
20250406_STL@BOS,2025-04-06,BOS,STL,18,7,1.0,0.4728859523206203,0.4637,STL,BOS,0
20250406_STL@BOS_2,2025-04-06,BOS,STL,5,4,1.0,0.47240239910182336,0.4632,STL,BOS,0
20250406_TB@TEX,2025-04-06,TEX,TB,4,3,1.0,0.5580864308008697,0.566,TEX,TEX,1
20250406_TOR@NYM,2025-04-06,NYM,TOR,2,1,1.0,0.6065985659808066,0.6123,NYM,NYM,1
20250405_ATH@COL,2025-04-05,COL,ATH,4,7,0.0,0.5166726447641996,0.5263,COL,ATH,0
20250405_AZ@WSH,2025-04-05,WSH,AZ,4,3,1.0,0.38907221708876166,0.3836,AZ,WSH,0
20250405_BAL@KC,2025-04-05,KC,BAL,1,8,0.0,0.5230484168708149,0.5324,KC,BAL,0
20250405_CIN@MIL,2025-04-05,MIL,CIN,7,11,0.0,0.5463838481727513,0.5548,MIL,CIN,0
20250405_CLE@LAA,2025-04-05,LAA,CLE,10,4,1.0,0.5106461939008627,0.5206,LAA,LAA,1
20250405_CWS@DET,2025-04-05,DET,CWS,7,2,1.0,0.5764895538412544,0.5835,DET,DET,1
20250405_HOU@MIN,2025-04-05,MIN,HOU,6,1,1.0,0.4681498527578542,0.4591,HOU,MIN,0
20250405_LAD@PHI,2025-04-05,PHI,LAD,1,3,0.0,0.5258054181057097,0.5351,PHI,LAD,0
20250405_MIA@ATL,2025-04-05,ATL,MIA,0,4,0.0,0.5328803526966498,0.5419,ATL,MIA,0
20250405_NYY@PIT,2025-04-05,PIT,NYY,4,10,0.0,0.43805866262124843,0.4304,NYY,NYY,1
20250405_SD@CHC,2025-04-05,CHC,SD,7,1,1.0,0.5318651351328855,0.5409,CHC,CHC,1
20250405_SEA@SF,2025-04-05,SF,SEA,4,1,1.0,0.5792495291081255,0.5862,SF,SF,1
20250405_TB@TEX,2025-04-05,TEX,TB,6,4,1.0,0.5466824628981615,0.5551,TEX,TEX,1
20250405_TOR@NYM,2025-04-05,NYM,TOR,3,2,1.0,0.562204203857732,0.5699,NYM,NYM,1
20250404_ATH@COL,2025-04-04,COL,ATH,3,6,0.0,0.5458178141252403,0.5542,COL,ATH,0
20250404_AZ@WSH,2025-04-04,WSH,AZ,4,6,0.0,0.4004037715794655,0.3944,AZ,AZ,1
20250404_BAL@KC,2025-04-04,KC,BAL,8,2,1.0,0.4955665748829685,0.4854,BAL,KC,0
20250404_CIN@MIL,2025-04-04,MIL,CIN,3,2,1.0,0.5726049225436473,0.5798,MIL,MIL,1
20250404_CLE@LAA,2025-04-04,LAA,CLE,6,8,0.0,0.5408157628839253,0.5494,LAA,CLE,0
20250404_CWS@DET,2025-04-04,DET,CWS,7,4,1.0,0.5458886212560933,0.5543,DET,DET,1
20250404_LAD@PHI,2025-04-04,PHI,LAD,3,2,1.0,0.5186083814929973,0.5282,PHI,PHI,1
20250404_MIA@ATL,2025-04-04,ATL,MIA,10,0,1.0,0.45990504351442646,0.4512,MIA,ATL,0
20250404_NYY@PIT,2025-04-04,PIT,NYY,4,9,0.0,0.41984902199838453,0.413,NYY,NYY,1
20250404_SD@CHC,2025-04-04,CHC,SD,3,1,1.0,0.4741357157981789,0.4649,SD,CHC,0
20250404_SEA@SF,2025-04-04,SF,SEA,10,9,1.0,0.5153432407457967,0.5251,SF,SF,1
20250404_STL@BOS,2025-04-04,BOS,STL,13,9,1.0,0.47022856749287334,0.4611,STL,BOS,0
20250404_TB@TEX,2025-04-04,TEX,TB,5,2,1.0,0.563344699302381,0.571,TEX,TEX,1
20250404_TOR@NYM,2025-04-04,NYM,TOR,5,0,1.0,0.5763870716148176,0.5834,NYM,NYM,1
20250403_AZ@NYY,2025-04-03,NYY,AZ,9,7,1.0,0.49129904862728424,0.4836,AZ,NYY,0
20250403_BOS@BAL,2025-04-03,BAL,BOS,4,8,0.0,0.49047462195242725,0.4829,BOS,BOS,1
20250403_CIN@MIL,2025-04-03,MIL,CIN,1,0,1.0,0.5005453671268274,0.5087,MIL,MIL,1
20250403_COL@PHI,2025-04-03,PHI,COL,3,1,1.0,0.6423579651011628,0.6424,PHI,PHI,1
20250403_HOU@MIN,2025-04-03,MIN,HOU,2,5,0.0,0.48620218656497216,0.4788,HOU,HOU,1
20250402_ATL@LAD,2025-04-02,LAD,ATL,6,5,1.0,0.5915220743368567,0.5944,LAD,LAD,1
20250402_AZ@NYY,2025-04-02,NYY,AZ,3,4,0.0,0.5380303647359076,0.544,NYY,AZ,0
20250402_BOS@BAL,2025-04-02,BAL,BOS,0,3,0.0,0.5632662326274496,0.5678,BAL,BOS,0
20250402_CHC@ATH,2025-04-02,ATH,CHC,2,10,0.0,0.5321008433625424,0.5384,ATH,CHC,0
20250402_CLE@SD,2025-04-02,SD,CLE,5,2,1.0,0.6074284451695047,0.6094,SD,SD,1
20250402_COL@PHI,2025-04-02,PHI,COL,5,1,1.0,0.6019065104392864,0.6042,PHI,PHI,1
20250402_DET@SEA,2025-04-02,SEA,DET,3,2,1.0,0.53096986819921,0.5374,SEA,SEA,1
20250402_KC@MIL,2025-04-02,MIL,KC,3,2,1.0,0.5482249416956091,0.5536,MIL,MIL,1
20250402_LAA@STL,2025-04-02,STL,LAA,12,5,1.0,0.5412938862050927,0.5471,STL,STL,1
20250402_MIN@CWS,2025-04-02,CWS,MIN,1,6,0.0,0.5305441199916858,0.537,CWS,MIN,0
20250402_NYM@MIA,2025-04-02,MIA,NYM,5,6,0.0,0.4701045688941312,0.4636,NYM,NYM,1
20250402_PIT@TB,2025-04-02,TB,PIT,2,4,0.0,0.5338777978821928,0.5401,TB,PIT,0
20250402_SF@HOU,2025-04-02,HOU,SF,3,6,0.0,0.5119960305971764,0.5195,HOU,SF,0
20250402_TEX@CIN,2025-04-02,CIN,TEX,0,1,0.0,0.5648623040539188,0.5693,CIN,TEX,0
20250402_WSH@TOR,2025-04-02,TOR,WSH,4,2,1.0,0.5351430532747208,0.5413,TOR,TOR,1
20250401_ATL@LAD,2025-04-01,LAD,ATL,3,1,1.0,0.5879915244900336,0.5911,LAD,LAD,1
20250401_AZ@NYY,2025-04-01,NYY,AZ,5,7,0.0,0.48953031999783303,0.482,AZ,AZ,1
20250401_CHC@ATH,2025-04-01,ATH,CHC,4,7,0.0,0.5826359945556159,0.5861,ATH,CHC,0
20250401_CLE@SD,2025-04-01,SD,CLE,7,0,1.0,0.5262071718483554,0.5329,SD,SD,1
20250401_DET@SEA,2025-04-01,SEA,DET,1,4,0.0,0.582011502494466,0.5855,SEA,DET,0
20250401_KC@MIL,2025-04-01,MIL,KC,5,0,1.0,0.6846421465795599,0.6824,MIL,MIL,1
20250401_LAA@STL,2025-04-01,STL,LAA,7,9,0.0,0.5772969558544616,0.581,STL,LAA,0
20250401_MIN@CWS,2025-04-01,CWS,MIN,3,8,0.0,0.47152863027196507,0.465,MIN,MIN,1
20250401_NYM@MIA,2025-04-01,MIA,NYM,4,2,1.0,0.4757644222548649,0.469,NYM,MIA,0
20250401_PIT@TB,2025-04-01,TB,PIT,7,0,1.0,0.5275455039688827,0.5341,TB,TB,1
20250401_SF@HOU,2025-04-01,HOU,SF,1,3,0.0,0.519685561649554,0.5267,HOU,SF,0
20250401_TEX@CIN,2025-04-01,CIN,TEX,0,1,0.0,0.5089933139536377,0.5166,CIN,TEX,0
20250401_WSH@TOR,2025-04-01,TOR,WSH,5,3,1.0,0.5405543490326639,0.5464,TOR,TOR,1
20250331_ATL@LAD,2025-03-31,LAD,ATL,6,1,1.0,0.6087815778422678,0.6107,LAD,LAD,1
20250331_BOS@BAL,2025-03-31,BAL,BOS,8,5,1.0,0.5497950750078341,0.5551,BAL,BAL,1
20250331_CHC@ATH,2025-03-31,ATH,CHC,3,18,0.0,0.49620984673717133,0.4883,CHC,CHC,1
20250331_CLE@SD,2025-03-31,SD,CLE,7,2,1.0,0.5063292394849748,0.5141,SD,SD,1
20250331_COL@PHI,2025-03-31,PHI,COL,6,1,1.0,0.5881702466270613,0.5913,PHI,PHI,1
20250331_DET@SEA,2025-03-31,SEA,DET,6,9,0.0,0.5517975672613836,0.557,SEA,DET,0
20250331_KC@MIL,2025-03-31,MIL,KC,1,11,0.0,0.5268122451597536,0.5334,MIL,KC,0
20250331_LAA@STL,2025-03-31,STL,LAA,4,5,0.0,0.5641555930562165,0.5686,STL,LAA,0
20250331_MIN@CWS,2025-03-31,CWS,MIN,9,0,1.0,0.5049597054667119,0.5128,CWS,CWS,1
20250331_NYM@MIA,2025-03-31,MIA,NYM,4,10,0.0,0.4730711715936067,0.4664,NYM,NYM,1
20250331_PIT@TB,2025-03-31,TB,PIT,6,1,1.0,0.510451856832873,0.518,TB,TB,1
20250331_SF@HOU,2025-03-31,HOU,SF,2,7,0.0,0.4862202692985167,0.4789,SF,SF,1
20250331_TEX@CIN,2025-03-31,CIN,TEX,14,3,1.0,0.46191192998314456,0.4559,TEX,CIN,0
20250331_WSH@TOR,2025-03-31,TOR,WSH,5,2,1.0,0.553550195797045,0.5586,TOR,TOR,1
20250330_ATH@SEA,2025-03-30,SEA,ATH,2,1,1.0,0.5659463343056335,0.5703,SEA,SEA,1
20250330_ATL@SD,2025-03-30,SD,ATL,5,0,1.0,0.5268431195444436,0.5335,SD,SD,1
20250330_BAL@TOR,2025-03-30,TOR,BAL,3,1,1.0,0.47340308803009457,0.4668,BAL,TOR,0
20250330_BOS@TEX,2025-03-30,TEX,BOS,3,2,1.0,0.538382164130438,0.5444,TEX,TEX,1
20250330_CHC@AZ,2025-03-30,AZ,CHC,10,6,1.0,0.5070152559444613,0.5148,AZ,AZ,1
20250330_CLE@KC,2025-03-30,KC,CLE,2,6,0.0,0.5064100815963692,0.5142,KC,CLE,0
20250330_COL@TB,2025-03-30,TB,COL,6,4,1.0,0.5297132581133066,0.5362,TB,TB,1
20250330_LAA@CWS,2025-03-30,CWS,LAA,2,3,0.0,0.4782259251900148,0.4713,LAA,LAA,1
20250330_MIL@NYY,2025-03-30,NYY,MIL,12,3,1.0,0.5217978392681036,0.5287,NYY,NYY,1
20250330_MIN@STL,2025-03-30,STL,MIN,9,2,1.0,0.5601898327109395,0.5649,STL,STL,1
20250330_PHI@WSH,2025-03-30,WSH,PHI,5,1,1.0,0.4545517264103688,0.449,PHI,WSH,0
20250330_PIT@MIA,2025-03-30,MIA,PIT,3,2,1.0,0.5108520525952892,0.5184,MIA,MIA,1
20250330_SF@CIN,2025-03-30,CIN,SF,3,6,0.0,0.48045046784982054,0.4734,SF,SF,1
20250329_ATH@SEA,2025-03-29,SEA,ATH,2,4,0.0,0.5364264958346466,0.5425,SEA,ATH,0
20250329_ATL@SD,2025-03-29,SD,ATL,1,0,1.0,0.5514111062165287,0.5566,SD,SD,1
20250329_BAL@TOR,2025-03-29,TOR,BAL,5,9,0.0,0.48257576095240123,0.4754,BAL,BAL,1
20250329_BOS@TEX,2025-03-29,TEX,BOS,4,3,1.0,0.502996643413759,0.511,TEX,TEX,1
20250329_CHC@AZ,2025-03-29,AZ,CHC,3,4,0.0,0.55744895789189,0.5623,AZ,CHC,0
20250329_CLE@KC,2025-03-29,KC,CLE,4,3,1.0,0.47642444908290243,0.4696,CLE,KC,0
20250329_COL@TB,2025-03-29,TB,COL,1,2,0.0,0.5406779903608091,0.5465,TB,COL,0
20250329_DET@LAD,2025-03-29,LAD,DET,7,3,1.0,0.6044949289826466,0.6067,LAD,LAD,1
20250329_LAA@CWS,2025-03-29,CWS,LAA,0,1,0.0,0.4502347852318802,0.4449,LAA,LAA,1
20250329_MIL@NYY,2025-03-29,NYY,MIL,20,9,1.0,0.5302585304548144,0.5367,NYY,NYY,1
20250329_MIN@STL,2025-03-29,STL,MIN,5,1,1.0,0.5424798629123297,0.5482,STL,STL,1
20250329_NYM@HOU,2025-03-29,HOU,NYM,2,1,1.0,0.47886220854983363,0.4719,NYM,HOU,0
20250329_PHI@WSH,2025-03-29,WSH,PHI,6,11,0.0,0.4313009118927455,0.4271,PHI,PHI,1
20250329_PIT@MIA,2025-03-29,MIA,PIT,5,4,1.0,0.4938407338354876,0.486,PIT,MIA,0
20250329_SF@CIN,2025-03-29,CIN,SF,3,2,1.0,0.4525729829413298,0.4471,SF,CIN,0
20250328_ATH@SEA,2025-03-28,SEA,ATH,0,7,0.0,0.5365387296476235,0.5426,SEA,ATH,0
20250328_ATL@SD,2025-03-28,SD,ATL,4,3,1.0,0.5092473181859803,0.5169,SD,SD,1
20250328_BAL@TOR,2025-03-28,TOR,BAL,8,2,1.0,0.4812226381359876,0.4741,BAL,TOR,0
20250328_BOS@TEX,2025-03-28,TEX,BOS,4,1,1.0,0.4882726057786335,0.4808,BOS,TEX,0
20250328_CHC@AZ,2025-03-28,AZ,CHC,8,1,1.0,0.5054592136974384,0.5133,AZ,AZ,1
20250328_COL@TB,2025-03-28,TB,COL,3,2,1.0,0.5496648272267983,0.555,TB,TB,1
20250328_DET@LAD,2025-03-28,LAD,DET,8,5,1.0,0.5851147671235627,0.5884,LAD,LAD,1
20250328_NYM@HOU,2025-03-28,HOU,NYM,1,3,0.0,0.47608560762068525,0.4693,NYM,NYM,1
20250328_PIT@MIA,2025-03-28,MIA,PIT,3,4,0.0,0.5034494487032329,0.5114,MIA,PIT,0
20240929_ATH@SEA,2024-09-29,SEA,ATH,6,4,1.0,0.613683561336678,0.6215,SEA,SEA,1
20240929_BAL@MIN,2024-09-29,MIN,BAL,2,6,0.0,0.4964196394324327,0.4908,BAL,BAL,1
20240929_CIN@CHC,2024-09-29,CHC,CIN,0,3,0.0,0.4865232382013526,0.4807,CIN,CIN,1
20240929_CWS@DET,2024-09-29,DET,CWS,5,9,0.0,0.6613386563256595,0.6698,DET,CWS,0
20240929_KC@ATL,2024-09-29,ATL,KC,2,4,0.0,0.5738018757743751,0.5809,ATL,KC,0
20240929_LAD@COL,2024-09-29,COL,LAD,1,2,0.0,0.41142670827588534,0.404,LAD,LAD,1
20240929_MIA@TOR,2024-09-29,TOR,MIA,1,3,0.0,0.5920241706524464,0.5995,TOR,MIA,0
20240929_NYM@MIL,2024-09-29,MIL,NYM,0,5,0.0,0.5399116394128181,0.5463,MIL,NYM,0
20240929_PHI@WSH,2024-09-29,WSH,PHI,3,6,0.0,0.44976464191595467,0.4431,PHI,PHI,1
20240929_PIT@NYY,2024-09-29,NYY,PIT,6,4,1.0,0.621406470541571,0.6293,NYY,NYY,1
20240929_SD@AZ,2024-09-29,AZ,SD,11,2,1.0,0.5563332920896898,0.5631,AZ,AZ,1
20240929_STL@SF,2024-09-29,SF,STL,1,6,0.0,0.5525645513883211,0.5592,SF,STL,0
20240929_TB@BOS,2024-09-29,BOS,TB,3,1,1.0,0.48531315604931324,0.4795,TB,BOS,0
20240929_TEX@LAA,2024-09-29,LAA,TEX,0,8,0.0,0.5025940436700798,0.5081,LAA,TEX,0
20240928_ATH@SEA,2024-09-28,SEA,ATH,7,6,1.0,0.5829250435934467,0.5902,SEA,SEA,1
20240928_BAL@MIN,2024-09-28,MIN,BAL,2,9,0.0,0.541955139831478,0.5484,MIN,BAL,0
20240928_CIN@CHC,2024-09-28,CHC,CIN,3,0,1.0,0.5227566861532205,0.5288,CHC,CHC,1
20240928_CWS@DET,2024-09-28,DET,CWS,0,4,0.0,0.6523002483475796,0.6607,DET,CWS,0
20240928_HOU@CLE,2024-09-28,CLE,HOU,3,4,0.0,0.5371220963240981,0.5435,CLE,HOU,0
20240928_KC@ATL,2024-09-28,ATL,KC,2,1,1.0,0.5178877763511809,0.5238,ATL,ATL,1
20240928_LAD@COL,2024-09-28,COL,LAD,2,13,0.0,0.4271345937192112,0.4201,LAD,LAD,1
20240928_MIA@TOR,2024-09-28,TOR,MIA,1,8,0.0,0.6042890707610351,0.6119,TOR,MIA,0
20240928_NYM@MIL,2024-09-28,MIL,NYM,6,0,1.0,0.5517113854850786,0.5584,MIL,MIL,1
20240928_PHI@WSH,2024-09-28,WSH,PHI,6,3,1.0,0.4277640651095995,0.4207,PHI,WSH,0
20240928_PIT@NYY,2024-09-28,NYY,PIT,4,9,0.0,0.5417923573659722,0.5482,NYY,PIT,0
20240928_SD@AZ,2024-09-28,AZ,SD,0,5,0.0,0.5114153454906759,0.5172,AZ,SD,0
20240928_STL@SF,2024-09-28,SF,STL,6,5,1.0,0.5187712959623194,0.5247,SF,SF,1
20240928_TB@BOS,2024-09-28,BOS,TB,2,7,0.0,0.5022823245165278,0.5078,BOS,TB,0
20240928_TEX@LAA,2024-09-28,LAA,TEX,8,9,0.0,0.4651916937673231,0.4589,TEX,TEX,1
20240927_ATH@SEA,2024-09-27,SEA,ATH,2,0,1.0,0.5673288458145126,0.5743,SEA,SEA,1
20240927_BAL@MIN,2024-09-27,MIN,BAL,2,7,0.0,0.5364827099865428,0.5428,MIN,BAL,0
20240927_CIN@CHC,2024-09-27,CHC,CIN,1,0,1.0,0.5657695578188331,0.5727,CHC,CHC,1
20240927_CWS@DET,2024-09-27,DET,CWS,4,1,1.0,0.6104916502072776,0.6183,DET,DET,1
20240927_HOU@CLE,2024-09-27,CLE,HOU,2,5,0.0,0.5402293599722146,0.5466,CLE,HOU,0
20240927_KC@ATL,2024-09-27,ATL,KC,3,0,1.0,0.5373324118092906,0.5437,ATL,ATL,1
20240927_LAD@COL,2024-09-27,COL,LAD,4,11,0.0,0.4618931717873491,0.4555,LAD,LAD,1
20240927_MIA@TOR,2024-09-27,TOR,MIA,5,15,0.0,0.5757324548337028,0.5829,TOR,MIA,0
20240927_NYM@MIL,2024-09-27,MIL,NYM,8,4,1.0,0.5729540070504409,0.58,MIL,MIL,1
20240927_PHI@WSH,2024-09-27,WSH,PHI,9,1,1.0,0.47103548232942555,0.4649,PHI,WSH,0
20240927_PIT@NYY,2024-09-27,NYY,PIT,2,4,0.0,0.5890777310032776,0.5965,NYY,PIT,0
20240927_SD@AZ,2024-09-27,AZ,SD,3,5,0.0,0.4936205376226361,0.488,SD,SD,1
20240927_STL@SF,2024-09-27,SF,STL,3,6,0.0,0.5179110902769933,0.5238,SF,STL,0
20240927_TB@BOS,2024-09-27,BOS,TB,1,2,0.0,0.4973132401456071,0.4918,TB,TB,1
20240927_TEX@LAA,2024-09-27,LAA,TEX,2,5,0.0,0.465305706889957,0.459,TEX,TEX,1
20240926_BAL@NYY,2024-09-26,NYY,BAL,10,1,1.0,0.5183743247491859,0.5243,NYY,NYY,1
20240926_KC@WSH,2024-09-26,WSH,KC,4,7,0.0,0.4652400402132538,0.4589,KC,KC,1
20240926_LAA@CWS,2024-09-26,CWS,LAA,7,0,1.0,0.4403461844723099,0.4335,LAA,CWS,0
20240926_MIA@MIN,2024-09-26,MIN,MIA,6,8,0.0,0.6339056085282435,0.642,MIN,MIA,0
20240926_MIL@PIT,2024-09-26,PIT,MIL,2,5,0.0,0.46883978809274357,0.4626,MIL,MIL,1
20240926_SD@LAD,2024-09-26,LAD,SD,7,2,1.0,0.5021143954710993,0.5077,LAD,LAD,1
20240926_STL@COL,2024-09-26,COL,STL,10,8,1.0,0.46052361042170753,0.4541,STL,COL,0
20240926_TB@DET,2024-09-26,DET,TB,4,3,1.0,0.5644736101396135,0.5714,DET,DET,1
20240926_TEX@ATH,2024-09-26,ATH,TEX,3,2,1.0,0.5080720697290282,0.5138,ATH,ATH,1
20240925_BAL@NYY,2024-09-25,NYY,BAL,7,9,0.0,0.5117362962954641,0.5175,NYY,BAL,0
20240925_BOS@TOR,2024-09-25,TOR,BOS,6,1,1.0,0.5617741494844559,0.5686,TOR,TOR,1
20240925_CHC@PHI,2024-09-25,PHI,CHC,9,6,1.0,0.5884689269741251,0.5958,PHI,PHI,1
20240925_CIN@CLE,2024-09-25,CLE,CIN,5,2,1.0,0.5966164358016638,0.6041,CLE,CLE,1
20240925_KC@WSH,2024-09-25,WSH,KC,0,3,0.0,0.48496347944987317,0.4791,KC,KC,1
20240925_LAA@CWS,2024-09-25,CWS,LAA,4,3,1.0,0.44864084231299295,0.442,LAA,CWS,0
20240925_MIA@MIN,2024-09-25,MIN,MIA,8,3,1.0,0.5750308185471966,0.5822,MIN,MIN,1
20240925_MIL@PIT,2024-09-25,PIT,MIL,2,1,1.0,0.45962859291233443,0.4532,MIL,PIT,0
20240925_SD@LAD,2024-09-25,LAD,SD,4,3,1.0,0.4987647756290197,0.4932,SD,LAD,0
20240925_SEA@HOU,2024-09-25,HOU,SEA,1,8,0.0,0.5466121928883394,0.5532,HOU,SEA,0
20240925_SF@AZ,2024-09-25,AZ,SF,8,2,1.0,0.6213391533282353,0.6293,AZ,AZ,1
20240925_STL@COL,2024-09-25,COL,STL,2,5,0.0,0.4482475523649226,0.4416,STL,STL,1
20240925_TB@DET,2024-09-25,DET,TB,7,1,1.0,0.5421337632177332,0.5486,DET,DET,1
20240925_TEX@ATH,2024-09-25,ATH,TEX,1,5,0.0,0.5582680446064261,0.5651,ATH,TEX,0
20240924_BAL@NYY,2024-09-24,NYY,BAL,3,5,0.0,0.515321144842808,0.5212,NYY,BAL,0
20240924_BOS@TOR,2024-09-24,TOR,BOS,5,6,0.0,0.5368962870708414,0.5432,TOR,BOS,0
20240924_CHC@PHI,2024-09-24,PHI,CHC,4,10,0.0,0.5560583442687183,0.5628,PHI,CHC,0
20240924_CIN@CLE,2024-09-24,CLE,CIN,6,1,1.0,0.5810133931137594,0.5883,CLE,CLE,1
20240924_KC@WSH,2024-09-24,WSH,KC,0,1,0.0,0.4600920642123117,0.4537,KC,KC,1
20240924_LAA@CWS,2024-09-24,CWS,LAA,3,2,1.0,0.46137138646729653,0.455,LAA,CWS,0
20240924_MIA@MIN,2024-09-24,MIN,MIA,1,4,0.0,0.6044734271500442,0.6121,MIN,MIA,0
20240924_MIL@PIT,2024-09-24,PIT,MIL,2,7,0.0,0.4363084742908639,0.4294,MIL,MIL,1
20240924_NYM@ATL,2024-09-24,ATL,NYM,5,1,1.0,0.5347922408544499,0.5411,ATL,ATL,1
20240924_SD@LAD,2024-09-24,LAD,SD,2,4,0.0,0.5343214197570252,0.5406,LAD,SD,0
20240924_SEA@HOU,2024-09-24,HOU,SEA,4,3,1.0,0.5604218130140075,0.5673,HOU,HOU,1
20240924_SF@AZ,2024-09-24,AZ,SF,0,11,0.0,0.6056907509478892,0.6134,AZ,SF,0
20240924_STL@COL,2024-09-24,COL,STL,3,7,0.0,0.49426464475613263,0.4886,STL,STL,1
20240924_TB@DET,2024-09-24,DET,TB,2,1,1.0,0.548803086129206,0.5554,DET,DET,1
20240924_TEX@ATH,2024-09-24,ATH,TEX,5,4,1.0,0.5516877117124562,0.5583,ATH,ATH,1
20240923_BOS@TOR,2024-09-23,TOR,BOS,1,4,0.0,0.5397016431022441,0.5461,TOR,BOS,0
20240923_CHC@PHI,2024-09-23,PHI,CHC,6,2,1.0,0.5482642605137554,0.5548,PHI,PHI,1
20240923_SEA@HOU,2024-09-23,HOU,SEA,1,6,0.0,0.5506646588365007,0.5573,HOU,SEA,0
20240923_SF@AZ,2024-09-23,AZ,SF,3,6,0.0,0.5727762920476661,0.5799,AZ,SF,0
20240922_ATL@MIA,2024-09-22,MIA,ATL,4,5,0.0,0.4084302016847009,0.4027,ATL,ATL,1
20240922_AZ@MIL,2024-09-22,MIL,AZ,10,9,1.0,0.5294526472501226,0.5359,MIL,MIL,1
20240922_CLE@STL,2024-09-22,STL,CLE,2,1,1.0,0.4985198069278858,0.4919,CLE,STL,0
20240922_COL@LAD,2024-09-22,LAD,COL,6,5,1.0,0.6642274975841728,0.669,LAD,LAD,1
20240922_CWS@SD,2024-09-22,SD,CWS,4,2,1.0,0.6755789604378976,0.6802,SD,SD,1
20240922_DET@BAL,2024-09-22,BAL,DET,3,4,0.0,0.5478534533136796,0.5541,BAL,DET,0
20240922_LAA@HOU,2024-09-22,HOU,LAA,8,9,0.0,0.6460454406084647,0.6511,HOU,LAA,0
20240922_MIN@BOS,2024-09-22,BOS,MIN,8,1,1.0,0.4905715902195358,0.484,MIN,BOS,0
20240922_MIN@BOS_2,2024-09-22,BOS,MIN,9,3,1.0,0.4895267538790982,0.4829,MIN,BOS,0
20240922_NYY@ATH,2024-09-22,ATH,NYY,4,7,0.0,0.4414997199284144,0.4354,NYY,NYY,1
20240922_PHI@NYM,2024-09-22,NYM,PHI,2,1,1.0,0.5045233311286085,0.5112,NYM,NYM,1
20240922_PIT@CIN,2024-09-22,CIN,PIT,0,2,0.0,0.5214110682099071,0.5279,CIN,PIT,0
20240922_SEA@TEX,2024-09-22,TEX,SEA,6,5,1.0,0.5150495014681392,0.5216,TEX,TEX,1
20240922_SF@KC,2024-09-22,KC,SF,0,2,0.0,0.5161641775789981,0.5227,KC,SF,0
20240922_TOR@TB,2024-09-22,TB,TOR,4,3,1.0,0.48051545639085824,0.474,TOR,TB,0
20240922_WSH@CHC,2024-09-22,CHC,WSH,5,0,1.0,0.6151959971043668,0.6207,CHC,CHC,1
20240921_ATL@MIA,2024-09-21,MIA,ATL,2,6,0.0,0.43322227126848434,0.4272,ATL,ATL,1
20240921_AZ@MIL,2024-09-21,MIL,AZ,0,5,0.0,0.5156397350587173,0.5222,MIL,AZ,0
20240921_CLE@STL,2024-09-21,STL,CLE,6,5,1.0,0.5168546129635447,0.5234,STL,STL,1
20240921_COL@LAD,2024-09-21,LAD,COL,3,6,0.0,0.6553317449902315,0.6603,LAD,COL,0
20240921_CWS@SD,2024-09-21,SD,CWS,6,2,1.0,0.6969291622840773,0.7012,SD,SD,1
20240921_DET@BAL,2024-09-21,BAL,DET,4,6,0.0,0.5459257798164574,0.5522,BAL,DET,0
20240921_LAA@HOU,2024-09-21,HOU,LAA,10,4,1.0,0.6069912775032057,0.6126,HOU,HOU,1
20240921_NYY@ATH,2024-09-21,ATH,NYY,0,10,0.0,0.44171062290071755,0.4356,NYY,NYY,1
20240921_PHI@NYM,2024-09-21,NYM,PHI,6,3,1.0,0.5236983337004307,0.5302,NYM,NYM,1
20240921_PIT@CIN,2024-09-21,CIN,PIT,7,1,1.0,0.5205217123848007,0.527,CIN,CIN,1
20240921_SEA@TEX,2024-09-21,TEX,SEA,4,8,0.0,0.5113083275784515,0.5179,TEX,SEA,0
20240921_SF@KC,2024-09-21,KC,SF,0,9,0.0,0.5696457147581997,0.5757,KC,SF,0
20240921_TOR@TB,2024-09-21,TB,TOR,3,2,1.0,0.4932992048156778,0.4867,TOR,TB,0
20240921_WSH@CHC,2024-09-21,CHC,WSH,1,5,0.0,0.5377325220384582,0.5441,CHC,WSH,0
20240920_ATL@MIA,2024-09-20,MIA,ATL,4,3,1.0,0.4348711888072109,0.4288,ATL,MIA,0
20240920_AZ@MIL,2024-09-20,MIL,AZ,4,7,0.0,0.4907372107421989,0.4841,AZ,AZ,1
20240920_CLE@STL,2024-09-20,STL,CLE,1,5,0.0,0.5632321753025984,0.5693,STL,CLE,0
20240920_COL@LAD,2024-09-20,LAD,COL,6,4,1.0,0.6748512518202877,0.6795,LAD,LAD,1
20240920_CWS@SD,2024-09-20,SD,CWS,3,2,1.0,0.6233465606606173,0.6287,SD,SD,1
20240920_DET@BAL,2024-09-20,BAL,DET,7,1,1.0,0.559460474869939,0.5656,BAL,BAL,1
20240920_LAA@HOU,2024-09-20,HOU,LAA,9,7,1.0,0.6119471529365729,0.6175,HOU,HOU,1
20240920_MIN@BOS,2024-09-20,BOS,MIN,2,4,0.0,0.47861267597938306,0.4721,MIN,MIN,1
20240920_NYY@ATH,2024-09-20,ATH,NYY,2,4,0.0,0.4896181923375648,0.483,NYY,NYY,1
20240920_PHI@NYM,2024-09-20,NYM,PHI,2,12,0.0,0.4859192817699687,0.4794,PHI,PHI,1
20240920_PIT@CIN,2024-09-20,CIN,PIT,8,3,1.0,0.5259569217972209,0.5324,CIN,CIN,1
20240920_SEA@TEX,2024-09-20,TEX,SEA,2,8,0.0,0.553399108300841,0.5596,TEX,SEA,0
20240920_SF@KC,2024-09-20,KC,SF,1,2,0.0,0.592503464046783,0.5983,KC,SF,0
20240920_TOR@TB,2024-09-20,TB,TOR,1,0,1.0,0.4995960344691713,0.4929,TOR,TB,0
20240920_WSH@CHC,2024-09-20,CHC,WSH,3,1,1.0,0.5715565964761852,0.5776,CHC,CHC,1
20240919_ATL@CIN,2024-09-19,CIN,ATL,3,15,0.0,0.43008224107505105,0.4241,ATL,ATL,1
20240919_AZ@MIL,2024-09-19,MIL,AZ,1,5,0.0,0.4951705450689951,0.4885,AZ,AZ,1
20240919_BOS@TB,2024-09-19,TB,BOS,2,0,1.0,0.47659808398330433,0.4701,BOS,TB,0
20240919_LAA@HOU,2024-09-19,HOU,LAA,3,1,1.0,0.6262647304035046,0.6316,HOU,HOU,1
20240919_LAD@MIA,2024-09-19,MIA,LAD,4,20,0.0,0.4503053414266066,0.4441,LAD,LAD,1
20240919_MIN@CLE,2024-09-19,CLE,MIN,3,2,1.0,0.53436204629264,0.5407,CLE,CLE,1
20240919_NYY@SEA,2024-09-19,SEA,NYY,3,2,1.0,0.48138825752410086,0.4749,NYY,SEA,0
20240919_PHI@NYM,2024-09-19,NYM,PHI,10,6,1.0,0.5632201015072613,0.5693,NYM,NYM,1
20240919_PIT@STL,2024-09-19,STL,PIT,2,3,0.0,0.5936839229654014,0.5994,STL,PIT,0
20240919_SF@BAL,2024-09-19,BAL,SF,5,3,1.0,0.5725190930403692,0.5785,BAL,BAL,1
20240919_TOR@TEX,2024-09-19,TEX,TOR,0,4,0.0,0.5928371303927231,0.5986,TEX,TOR,0
20240919_WSH@CHC,2024-09-19,CHC,WSH,7,6,1.0,0.5944068424197281,0.6001,CHC,CHC,1
20240918_ATH@CHC,2024-09-18,CHC,ATH,3,5,0.0,0.563473814314282,0.5696,CHC,ATH,0
20240918_ATL@CIN,2024-09-18,CIN,ATL,1,7,0.0,0.5059013450853825,0.5125,CIN,ATL,0
20240918_AZ@COL,2024-09-18,COL,AZ,4,9,0.0,0.4102492012415975,0.4045,AZ,AZ,1
20240918_BOS@TB,2024-09-18,TB,BOS,1,2,0.0,0.48012215747279074,0.4736,BOS,BOS,1
20240918_CWS@LAA,2024-09-18,LAA,CWS,4,3,1.0,0.5718449201217297,0.5778,LAA,LAA,1
20240918_DET@KC,2024-09-18,KC,DET,2,4,0.0,0.5150891134916344,0.5216,KC,DET,0
20240918_HOU@SD,2024-09-18,SD,HOU,4,0,1.0,0.5248716703764046,0.5313,SD,SD,1
20240918_LAD@MIA,2024-09-18,MIA,LAD,4,8,0.0,0.4240297774506046,0.4181,LAD,LAD,1
20240918_MIN@CLE,2024-09-18,CLE,MIN,5,4,1.0,0.5313987724560627,0.5378,CLE,CLE,1
20240918_NYY@SEA,2024-09-18,SEA,NYY,1,2,0.0,0.5134431883234876,0.52,SEA,NYY,0
20240918_PHI@MIL,2024-09-18,MIL,PHI,2,1,1.0,0.5394120328081874,0.5457,MIL,MIL,1
20240918_PIT@STL,2024-09-18,STL,PIT,10,5,1.0,0.5934744348636569,0.5992,STL,STL,1
20240918_SF@BAL,2024-09-18,BAL,SF,3,5,0.0,0.5669679883478692,0.573,BAL,SF,0
20240918_TOR@TEX,2024-09-18,TEX,TOR,2,0,1.0,0.5432067720322111,0.5495,TEX,TEX,1
20240918_WSH@NYM,2024-09-18,NYM,WSH,10,0,1.0,0.5597201848025759,0.5659,NYM,NYM,1
20240917_ATH@CHC,2024-09-17,CHC,ATH,3,4,0.0,0.5947147573161075,0.6005,CHC,ATH,0
20240917_ATL@CIN,2024-09-17,CIN,ATL,6,5,1.0,0.49319745028606327,0.4866,ATL,CIN,0
20240917_AZ@COL,2024-09-17,COL,AZ,8,2,1.0,0.45405205891277056,0.4478,AZ,COL,0
20240917_BOS@TB,2024-09-17,TB,BOS,8,3,1.0,0.4717332836177098,0.4653,BOS,TB,0
20240917_CWS@LAA,2024-09-17,LAA,CWS,5,0,1.0,0.5755150622049031,0.5815,LAA,LAA,1
20240917_DET@KC,2024-09-17,KC,DET,1,3,0.0,0.5951660789727318,0.6009,KC,DET,0
20240917_HOU@SD,2024-09-17,SD,HOU,3,4,0.0,0.53116432901602,0.5376,SD,HOU,0
20240917_LAD@MIA,2024-09-17,MIA,LAD,11,9,1.0,0.3764239243516609,0.3711,LAD,MIA,0
20240917_MIN@CLE,2024-09-17,CLE,MIN,1,4,0.0,0.5343785998557157,0.5408,CLE,MIN,0
20240917_NYY@SEA,2024-09-17,SEA,NYY,2,11,0.0,0.47677292299035334,0.4703,NYY,NYY,1
20240917_PHI@MIL,2024-09-17,MIL,PHI,1,5,0.0,0.520133941240581,0.5266,MIL,PHI,0
20240917_PIT@STL,2024-09-17,STL,PIT,3,1,1.0,0.5734920362918319,0.5795,STL,STL,1
20240917_SF@BAL,2024-09-17,BAL,SF,0,10,0.0,0.5520191621465161,0.5582,BAL,SF,0
20240917_TOR@TEX,2024-09-17,TEX,TOR,13,8,1.0,0.5023693755562361,0.509,TEX,TEX,1
20240917_WSH@NYM,2024-09-17,NYM,WSH,10,1,1.0,0.574337675389675,0.5803,NYM,NYM,1
20240916_ATH@CHC,2024-09-16,CHC,ATH,9,2,1.0,0.5840918382318626,0.59,CHC,CHC,1
20240916_AZ@COL,2024-09-16,COL,AZ,3,2,1.0,0.4129716446906481,0.4071,AZ,COL,0
20240916_CWS@LAA,2024-09-16,LAA,CWS,4,8,0.0,0.6211536710308069,0.6266,LAA,CWS,0
20240916_DET@KC,2024-09-16,KC,DET,6,7,0.0,0.5432418925115186,0.5495,KC,DET,0
20240916_HOU@SD,2024-09-16,SD,HOU,3,1,1.0,0.5144172915289201,0.521,SD,SD,1
20240916_LAD@ATL,2024-09-16,ATL,LAD,0,9,0.0,0.482050990329769,0.4755,LAD,LAD,1
20240916_MIN@CLE,2024-09-16,CLE,MIN,4,3,1.0,0.5059347280324533,0.5126,CLE,CLE,1
20240916_PHI@MIL,2024-09-16,MIL,PHI,6,2,1.0,0.5388547872747063,0.5452,MIL,MIL,1
20240916_PIT@STL,2024-09-16,STL,PIT,4,0,1.0,0.5053602288322246,0.512,STL,STL,1
20240916_WSH@NYM,2024-09-16,NYM,WSH,2,1,1.0,0.5716442969151762,0.5776,NYM,NYM,1
20240915_ATH@CWS,2024-09-15,CWS,ATH,4,3,1.0,0.44781639232237913,0.4477,ATH,CWS,0
20240915_BAL@DET,2024-09-15,DET,BAL,4,2,1.0,0.5095234192287073,0.5074,DET,DET,1
20240915_BOS@NYY,2024-09-15,NYY,BOS,5,2,1.0,0.5528858953713478,0.553,NYY,NYY,1
20240915_CHC@COL,2024-09-15,COL,CHC,2,6,0.0,0.4457188073802098,0.4455,CHC,CHC,1
20240915_CIN@MIN,2024-09-15,MIN,CIN,9,2,1.0,0.5379920409757764,0.5373,MIN,MIN,1
20240915_HOU@LAA,2024-09-15,LAA,HOU,4,6,0.0,0.39333218642333795,0.3906,HOU,HOU,1
20240915_KC@PIT,2024-09-15,PIT,KC,4,3,1.0,0.4964684898548673,0.4989,KC,PIT,0
20240915_LAD@ATL,2024-09-15,ATL,LAD,2,9,0.0,0.5344091255369438,0.5336,ATL,LAD,0
20240915_MIA@WSH,2024-09-15,WSH,MIA,4,3,1.0,0.5540843841200485,0.5543,WSH,WSH,1
20240915_MIL@AZ,2024-09-15,AZ,MIL,11,10,1.0,0.5372565768369318,0.5366,AZ,AZ,1
20240915_NYM@PHI,2024-09-15,PHI,NYM,2,1,1.0,0.5492197687030912,0.5491,PHI,PHI,1
20240915_SD@SF,2024-09-15,SF,SD,3,4,0.0,0.45909045210856964,0.4596,SD,SD,1
20240915_STL@TOR,2024-09-15,TOR,STL,3,2,1.0,0.570683399317989,0.5717,TOR,TOR,1
20240915_TB@CLE,2024-09-15,CLE,TB,2,0,1.0,0.534495900346899,0.5337,CLE,CLE,1
20240915_TEX@SEA,2024-09-15,SEA,TEX,7,0,1.0,0.5749409304236807,0.5762,SEA,SEA,1
20240914_ATH@CWS,2024-09-14,CWS,ATH,7,6,1.0,0.41136566055592944,0.4095,ATH,CWS,0
20240914_BAL@DET,2024-09-14,DET,BAL,2,4,0.0,0.5152726771509919,0.5135,DET,BAL,0
20240914_BOS@NYY,2024-09-14,NYY,BOS,1,7,0.0,0.5463645478985207,0.5461,NYY,BOS,0
20240914_CHC@COL,2024-09-14,COL,CHC,6,5,1.0,0.4484008735529503,0.4484,CHC,COL,0
20240914_CIN@MIN,2024-09-14,MIN,CIN,1,11,0.0,0.5616918026978615,0.5622,MIN,CIN,0
20240914_HOU@LAA,2024-09-14,LAA,HOU,3,5,0.0,0.48897008928788027,0.491,HOU,HOU,1
20240914_KC@PIT,2024-09-14,PIT,KC,1,5,0.0,0.4782248408888762,0.4797,KC,KC,1
20240914_LAD@ATL,2024-09-14,ATL,LAD,10,1,1.0,0.5061658649614398,0.5039,ATL,ATL,1
20240914_MIA@WSH,2024-09-14,WSH,MIA,4,1,1.0,0.5500073438283111,0.55,WSH,WSH,1
20240914_MIL@AZ,2024-09-14,AZ,MIL,8,15,0.0,0.5080388619834582,0.5059,AZ,MIL,0
20240914_NYM@PHI,2024-09-14,PHI,NYM,6,4,1.0,0.5179123584190285,0.5162,PHI,PHI,1
20240914_SD@SF,2024-09-14,SF,SD,0,8,0.0,0.4718378767731944,0.473,SD,SD,1
20240914_STL@TOR,2024-09-14,TOR,STL,7,2,1.0,0.532902572673647,0.532,TOR,TOR,1
20240914_TB@CLE,2024-09-14,CLE,TB,6,1,1.0,0.5249412498747913,0.5236,CLE,CLE,1
20240914_TEX@SEA,2024-09-14,SEA,TEX,5,4,1.0,0.5516284451695839,0.5517,SEA,SEA,1
20240913_ATH@CWS,2024-09-13,CWS,ATH,0,2,0.0,0.4356450706692929,0.435,ATH,ATH,1
20240913_BAL@DET,2024-09-13,DET,BAL,1,0,1.0,0.522746218549155,0.5213,DET,DET,1
20240913_BOS@NYY,2024-09-13,NYY,BOS,5,4,1.0,0.5930584371622079,0.5952,NYY,NYY,1
20240913_CHC@COL,2024-09-13,COL,CHC,9,5,1.0,0.44248402510257095,0.4421,CHC,COL,0
20240913_CIN@MIN,2024-09-13,MIN,CIN,4,8,0.0,0.5556154973298248,0.5559,MIN,CIN,0
20240913_HOU@LAA,2024-09-13,LAA,HOU,3,5,0.0,0.4030631190036892,0.4008,HOU,HOU,1
20240913_KC@PIT,2024-09-13,PIT,KC,3,8,0.0,0.49444734146750613,0.4967,KC,KC,1
20240913_LAD@ATL,2024-09-13,ATL,LAD,6,2,1.0,0.5093358718122389,0.5072,ATL,ATL,1
20240913_MIA@WSH,2024-09-13,WSH,MIA,4,1,1.0,0.5489061192972803,0.5488,WSH,WSH,1
20240913_MIL@AZ,2024-09-13,AZ,MIL,1,2,0.0,0.48740001873482697,0.4893,MIL,MIL,1
20240913_NYM@PHI,2024-09-13,PHI,NYM,3,11,0.0,0.5743175784393248,0.5755,PHI,NYM,0
20240913_SD@SF,2024-09-13,SF,SD,0,5,0.0,0.4640534546244161,0.4648,SD,SD,1
20240913_STL@TOR,2024-09-13,TOR,STL,4,3,1.0,0.5264648201924211,0.5252,TOR,TOR,1
20240913_TB@CLE,2024-09-13,CLE,TB,1,3,0.0,0.5837010677302118,0.5854,CLE,TB,0
20240913_TEX@SEA,2024-09-13,SEA,TEX,5,4,1.0,0.5616183892490874,0.5622,SEA,SEA,1
20240912_ATH@HOU,2024-09-12,HOU,ATH,6,3,1.0,0.6080563097458018,0.6109,HOU,HOU,1
20240912_BOS@NYY,2024-09-12,NYY,BOS,2,1,1.0,0.5539791620364664,0.5541,NYY,NYY,1
20240912_CIN@STL,2024-09-12,STL,CIN,6,1,1.0,0.5419937778216484,0.5416,STL,STL,1
20240912_COL@DET,2024-09-12,DET,COL,2,4,0.0,0.6230403541821823,0.6266,DET,COL,0
20240912_MIA@WSH,2024-09-12,WSH,MIA,3,6,0.0,0.5846129156718197,0.5863,WSH,MIA,0
20240912_MIL@SF,2024-09-12,SF,MIL,0,3,0.0,0.49642384951559637,0.4988,MIL,MIL,1
20240912_TB@CLE,2024-09-12,CLE,TB,2,5,0.0,0.5624252860716578,0.563,CLE,TB,0
20240912_TEX@SEA,2024-09-12,SEA,TEX,4,5,0.0,0.5531945357130001,0.5533,SEA,TEX,0
20240911_ATH@HOU,2024-09-11,HOU,ATH,4,5,0.0,0.6192787020430749,0.6227,HOU,ATH,0
20240911_ATL@WSH,2024-09-11,WSH,ATL,5,1,1.0,0.46781896013845015,0.4688,ATL,WSH,0
20240911_BAL@BOS,2024-09-11,BOS,BAL,5,3,1.0,0.5245705029184979,0.5232,BOS,BOS,1
20240911_CHC@LAD,2024-09-11,LAD,CHC,10,8,1.0,0.5715007385155676,0.5725,LAD,LAD,1
20240911_CIN@STL,2024-09-11,STL,CIN,2,1,1.0,0.537599019743148,0.5369,STL,STL,1
20240911_CLE@CWS,2024-09-11,CWS,CLE,4,6,0.0,0.38359030287276813,0.3804,CLE,CLE,1
20240911_COL@DET,2024-09-11,DET,COL,7,4,1.0,0.5562594800928601,0.5565,DET,DET,1
20240911_KC@NYY,2024-09-11,NYY,KC,4,3,1.0,0.5469104523942689,0.5467,NYY,NYY,1
20240911_LAA@MIN,2024-09-11,MIN,LAA,6,4,1.0,0.612118814596192,0.6152,MIN,MIN,1
20240911_MIA@PIT,2024-09-11,PIT,MIA,3,1,1.0,0.5487997135748721,0.5487,PIT,PIT,1
20240911_MIL@SF,2024-09-11,SF,MIL,13,2,1.0,0.5092761050140743,0.5072,SF,SF,1
20240911_NYM@TOR,2024-09-11,TOR,NYM,2,6,0.0,0.48447837202349003,0.4863,NYM,NYM,1
20240911_SD@SEA,2024-09-11,SEA,SD,5,2,1.0,0.4669509512688637,0.4678,SD,SEA,0
20240911_TB@PHI,2024-09-11,PHI,TB,3,2,1.0,0.5876345115886221,0.5895,PHI,PHI,1
20240911_TEX@AZ,2024-09-11,AZ,TEX,14,4,1.0,0.5915739504960199,0.5936,AZ,AZ,1
20240910_ATH@HOU,2024-09-10,HOU,ATH,3,4,0.0,0.6149770055989463,0.6181,HOU,ATH,0
20240910_ATL@WSH,2024-09-10,WSH,ATL,0,12,0.0,0.4669601557205374,0.4679,ATL,ATL,1
20240910_BAL@BOS,2024-09-10,BOS,BAL,3,5,0.0,0.5158782952914716,0.5141,BOS,BAL,0
20240910_CHC@LAD,2024-09-10,LAD,CHC,3,6,0.0,0.5494996904169651,0.5494,LAD,CHC,0
20240910_CIN@STL,2024-09-10,STL,CIN,0,3,0.0,0.5115063477783888,0.5095,STL,CIN,0
20240910_CLE@CWS,2024-09-10,CWS,CLE,0,5,0.0,0.40319128601296594,0.4009,CLE,CLE,1
20240910_COL@DET,2024-09-10,DET,COL,11,0,1.0,0.6008622050309856,0.6034,DET,DET,1
20240910_KC@NYY,2024-09-10,NYY,KC,0,5,0.0,0.5136112864844921,0.5117,NYY,KC,0
20240910_LAA@MIN,2024-09-10,MIN,LAA,10,5,1.0,0.6007087781736249,0.6032,MIN,MIN,1
20240910_MIA@PIT,2024-09-10,PIT,MIA,6,4,1.0,0.5458133870515701,0.5456,PIT,PIT,1
20240910_MIL@SF,2024-09-10,SF,MIL,2,3,0.0,0.4940508880847817,0.4963,MIL,MIL,1
20240910_NYM@TOR,2024-09-10,TOR,NYM,6,2,1.0,0.5170996008150369,0.5154,TOR,TOR,1
20240910_SD@SEA,2024-09-10,SEA,SD,3,7,0.0,0.4988501160479543,0.5,SD,SD,1
20240910_TB@PHI,2024-09-10,PHI,TB,9,4,1.0,0.5656720343490712,0.5664,PHI,PHI,1
20240910_TEX@AZ,2024-09-10,AZ,TEX,6,0,1.0,0.6050061884124893,0.6077,AZ,AZ,1
20240909_BAL@BOS,2024-09-09,BOS,BAL,12,3,1.0,0.5151803872492398,0.5134,BOS,BOS,1
20240909_CHC@LAD,2024-09-09,LAD,CHC,4,10,0.0,0.5975204928504307,0.5999,LAD,CHC,0
20240909_CIN@ATL,2024-09-09,ATL,CIN,0,1,0.0,0.5722844433763321,0.5734,ATL,CIN,0
20240909_CLE@CWS,2024-09-09,CWS,CLE,3,5,0.0,0.35751992492124457,0.3531,CLE,CLE,1
20240909_KC@NYY,2024-09-09,NYY,KC,10,4,1.0,0.5345061577563021,0.5337,NYY,NYY,1
20240909_LAA@MIN,2024-09-09,MIN,LAA,2,6,0.0,0.6078567896080992,0.6107,MIN,LAA,0
20240909_MIA@PIT,2024-09-09,PIT,MIA,3,2,1.0,0.5724647294319745,0.5736,PIT,PIT,1
20240909_NYM@TOR,2024-09-09,TOR,NYM,2,3,0.0,0.5057565837440263,0.5035,TOR,NYM,0
20240909_TB@PHI,2024-09-09,PHI,TB,2,1,1.0,0.5806643767266213,0.5822,PHI,PHI,1
20240908_AZ@HOU,2024-09-08,HOU,AZ,6,12,0.0,0.5153088388162369,0.5142,HOU,AZ,0
20240908_CIN@NYM,2024-09-08,NYM,CIN,1,3,0.0,0.5584736856601324,0.562,NYM,CIN,0
20240908_CLE@LAD,2024-09-08,LAD,CLE,4,0,1.0,0.5602885606972976,0.564,LAD,LAD,1
20240908_COL@MIL,2024-09-08,MIL,COL,1,4,0.0,0.661412616669736,0.675,MIL,COL,0
20240908_CWS@BOS,2024-09-08,BOS,CWS,2,7,0.0,0.6290508068744721,0.6397,BOS,CWS,0
20240908_DET@ATH,2024-09-08,ATH,DET,1,9,0.0,0.5094186141936903,0.5077,ATH,DET,0
20240908_LAA@TEX,2024-09-08,TEX,LAA,7,4,1.0,0.5812161674785798,0.5871,TEX,TEX,1
20240908_MIN@KC,2024-09-08,KC,MIN,2,0,1.0,0.5429431857506576,0.5448,KC,KC,1
20240908_NYY@CHC,2024-09-08,CHC,NYY,2,1,1.0,0.4635072291970515,0.4623,NYY,CHC,0
20240908_PHI@MIA,2024-09-08,MIA,PHI,10,1,1.0,0.4103458419288344,0.4036,PHI,MIA,0
20240908_SEA@STL,2024-09-08,STL,SEA,4,10,0.0,0.5119488057610999,0.5105,STL,SEA,0
20240908_SF@SD,2024-09-08,SD,SF,6,7,0.0,0.6051011052965759,0.6134,SD,SF,0
20240908_TB@BAL,2024-09-08,BAL,TB,0,2,0.0,0.5775250317916913,0.5831,BAL,TB,0
20240908_TOR@ATL,2024-09-08,ATL,TOR,4,3,1.0,0.5493321607625031,0.5519,ATL,ATL,1
20240908_WSH@PIT,2024-09-08,PIT,WSH,7,3,1.0,0.5510981584149138,0.5539,PIT,PIT,1
20240907_AZ@HOU,2024-09-07,HOU,AZ,11,5,1.0,0.563252366150073,0.5673,HOU,HOU,1
20240907_CIN@NYM,2024-09-07,NYM,CIN,4,0,1.0,0.5286644385491583,0.529,NYM,NYM,1
20240907_CLE@LAD,2024-09-07,LAD,CLE,7,2,1.0,0.5395470879864378,0.5411,LAD,LAD,1
20240907_COL@MIL,2024-09-07,MIL,COL,5,2,1.0,0.6528199551746685,0.6656,MIL,MIL,1
20240907_CWS@BOS,2024-09-07,BOS,CWS,7,5,1.0,0.6037515566451513,0.612,BOS,BOS,1
20240907_DET@ATH,2024-09-07,ATH,DET,1,2,0.0,0.487959315329461,0.4894,DET,DET,1
20240907_LAA@TEX,2024-09-07,TEX,LAA,6,4,1.0,0.5343715368540664,0.5354,TEX,TEX,1
20240907_MIN@KC,2024-09-07,KC,MIN,4,2,1.0,0.5413215895439646,0.543,KC,KC,1
20240907_NYY@CHC,2024-09-07,CHC,NYY,0,2,0.0,0.45106072116401696,0.4485,NYY,NYY,1
20240907_PHI@MIA,2024-09-07,MIA,PHI,9,5,1.0,0.3833324853099844,0.3738,PHI,MIA,0
20240907_SEA@STL,2024-09-07,STL,SEA,2,0,1.0,0.5231437132880847,0.5229,STL,STL,1
20240907_SF@SD,2024-09-07,SD,SF,3,6,0.0,0.6169877777125925,0.6265,SD,SF,0
20240907_TB@BAL,2024-09-07,BAL,TB,1,7,0.0,0.5627736586528093,0.5668,BAL,TB,0
20240907_TOR@ATL,2024-09-07,ATL,TOR,5,9,0.0,0.5311246786925353,0.5318,ATL,TOR,0
20240907_WSH@PIT,2024-09-07,PIT,WSH,3,5,0.0,0.4932628133622744,0.4953,WSH,WSH,1
20240907_WSH@PIT_2,2024-09-07,PIT,WSH,6,8,0.0,0.505152752212753,0.503,PIT,WSH,0
20240906_AZ@HOU,2024-09-06,HOU,AZ,8,0,1.0,0.5076708472710644,0.5058,HOU,HOU,1
20240906_CIN@NYM,2024-09-06,NYM,CIN,6,4,1.0,0.4953647891150776,0.4976,CIN,NYM,0
20240906_CLE@LAD,2024-09-06,LAD,CLE,1,3,0.0,0.5483359916242959,0.5508,LAD,CLE,0
20240906_COL@MIL,2024-09-06,MIL,COL,2,3,0.0,0.6420171852878682,0.6539,MIL,COL,0
20240906_CWS@BOS,2024-09-06,BOS,CWS,3,1,1.0,0.6501660094387666,0.6628,BOS,BOS,1
20240906_DET@ATH,2024-09-06,ATH,DET,7,6,1.0,0.47546299686918236,0.4755,DET,ATH,0
20240906_LAA@TEX,2024-09-06,TEX,LAA,1,5,0.0,0.5937446465916386,0.601,TEX,LAA,0
20240906_MIN@KC,2024-09-06,KC,MIN,5,0,1.0,0.5755277399574044,0.5809,KC,KC,1
20240906_NYY@CHC,2024-09-06,CHC,NYY,0,3,0.0,0.47228145012450834,0.472,NYY,NYY,1
20240906_PHI@MIA,2024-09-06,MIA,PHI,2,16,0.0,0.3955408840366572,0.3873,PHI,PHI,1
20240906_SEA@STL,2024-09-06,STL,SEA,1,6,0.0,0.528064189084281,0.5284,STL,SEA,0
20240906_SF@SD,2024-09-06,SD,SF,5,1,1.0,0.670687665653526,0.685,SD,SD,1
20240906_TB@BAL,2024-09-06,BAL,TB,2,0,1.0,0.5666079849780294,0.571,BAL,BAL,1
20240906_TOR@ATL,2024-09-06,ATL,TOR,3,1,1.0,0.5190939495311355,0.5184,ATL,ATL,1
20240905_AZ@SF,2024-09-05,SF,AZ,3,2,1.0,0.4902190592286399,0.4919,AZ,SF,0
20240905_COL@ATL,2024-09-05,ATL,COL,1,3,0.0,0.6534147687901563,0.6663,ATL,COL,0
20240905_DET@SD,2024-09-05,SD,DET,3,4,0.0,0.558045451301231,0.5616,SD,DET,0
20240905_HOU@CIN,2024-09-05,CIN,HOU,1,0,1.0,0.5330051795193947,0.5338,CIN,CIN,1
20240905_LAA@TEX,2024-09-05,TEX,LAA,3,1,1.0,0.5722094839841354,0.5772,TEX,TEX,1
20240905_MIN@TB,2024-09-05,TB,MIN,3,4,0.0,0.5007197912568979,0.5,TB,MIN,0
20240905_PHI@MIA,2024-09-05,MIA,PHI,2,5,0.0,0.4299730743898123,0.4252,PHI,PHI,1
20240905_SEA@ATH,2024-09-05,ATH,SEA,4,6,0.0,0.5057300486709271,0.5036,ATH,SEA,0
20240905_WSH@PIT,2024-09-05,PIT,WSH,9,4,1.0,0.49638021079083405,0.4987,WSH,PIT,0
20240904_AZ@SF,2024-09-04,SF,AZ,4,6,0.0,0.448768316991671,0.446,AZ,AZ,1
20240904_BOS@NYM,2024-09-04,NYM,BOS,8,3,1.0,0.5114846098737184,0.51,NYM,NYM,1
20240904_CLE@KC,2024-09-04,KC,CLE,4,1,1.0,0.5525501127914935,0.5555,KC,KC,1
20240904_COL@ATL,2024-09-04,ATL,COL,5,2,1.0,0.626837627612426,0.6373,ATL,ATL,1
20240904_CWS@BAL,2024-09-04,BAL,CWS,1,8,0.0,0.7016856490588292,0.7184,BAL,CWS,0
20240904_DET@SD,2024-09-04,SD,DET,6,5,1.0,0.5494787382344319,0.5521,SD,SD,1
20240904_HOU@CIN,2024-09-04,CIN,HOU,12,5,1.0,0.45450049597176356,0.4523,HOU,CIN,0
20240904_LAD@LAA,2024-09-04,LAA,LAD,10,1,1.0,0.4053650185667968,0.3981,LAD,LAA,0
20240904_MIN@TB,2024-09-04,TB,MIN,9,4,1.0,0.48755022917893653,0.4889,MIN,TB,0
20240904_NYY@TEX,2024-09-04,TEX,NYY,10,6,1.0,0.5101064785532946,0.5085,TEX,TEX,1
20240904_PHI@TOR,2024-09-04,TOR,PHI,2,4,0.0,0.4858832531890317,0.4871,PHI,PHI,1
20240904_PIT@CHC,2024-09-04,CHC,PIT,12,0,1.0,0.6073910613285803,0.616,CHC,CHC,1
20240904_SEA@ATH,2024-09-04,ATH,SEA,3,16,0.0,0.5134783175084562,0.5122,ATH,SEA,0
20240904_STL@MIL,2024-09-04,MIL,STL,2,3,0.0,0.5441205546529672,0.5461,MIL,STL,0
20240904_WSH@MIA,2024-09-04,MIA,WSH,4,3,1.0,0.4567084618629176,0.4548,WSH,MIA,0
20240903_AZ@SF,2024-09-03,SF,AZ,7,8,0.0,0.44750018428939764,0.4446,AZ,AZ,1
20240903_BOS@NYM,2024-09-03,NYM,BOS,7,2,1.0,0.5141561813025034,0.513,NYM,NYM,1
20240903_CLE@KC,2024-09-03,KC,CLE,1,7,0.0,0.5283279298406064,0.5287,KC,CLE,0
20240903_COL@ATL,2024-09-03,ATL,COL,3,0,1.0,0.6449032149206952,0.657,ATL,ATL,1
20240903_CWS@BAL,2024-09-03,BAL,CWS,9,0,1.0,0.6865310561150995,0.7021,BAL,BAL,1
20240903_LAD@LAA,2024-09-03,LAA,LAD,2,6,0.0,0.4519468091373126,0.4495,LAD,LAD,1
20240903_MIN@TB,2024-09-03,TB,MIN,2,1,1.0,0.49793101272824375,0.5,MIN,TB,0
20240903_NYY@TEX,2024-09-03,TEX,NYY,7,4,1.0,0.45434968239231033,0.4522,NYY,TEX,0
20240903_PHI@TOR,2024-09-03,TOR,PHI,9,10,0.0,0.4754591256318084,0.4755,PHI,PHI,1
20240903_PIT@CHC,2024-09-03,CHC,PIT,0,5,0.0,0.5337549281267815,0.5347,CHC,PIT,0
20240903_SEA@ATH,2024-09-03,ATH,SEA,3,2,1.0,0.5155561754603354,0.5145,ATH,ATH,1
20240903_STL@MIL,2024-09-03,MIL,STL,4,7,0.0,0.5536064282405606,0.5566,MIL,STL,0
20240903_WSH@MIA,2024-09-03,MIA,WSH,2,6,0.0,0.4909272954711934,0.4927,WSH,WSH,1
20240902_BOS@NYM,2024-09-02,NYM,BOS,4,1,1.0,0.4915321263302472,0.4933,BOS,NYM,0
20240902_CLE@KC,2024-09-02,KC,CLE,2,4,0.0,0.5366349832363838,0.5379,KC,CLE,0
20240902_CWS@BAL,2024-09-02,BAL,CWS,13,3,1.0,0.7050363510148409,0.722,BAL,BAL,1
20240902_DET@SD,2024-09-02,SD,DET,3,0,1.0,0.5626415847884267,0.5666,SD,SD,1
20240902_HOU@CIN,2024-09-02,CIN,HOU,5,3,1.0,0.4719677275718313,0.4717,HOU,CIN,0
20240902_LAD@AZ,2024-09-02,AZ,LAD,6,11,0.0,0.53821126808225,0.5396,AZ,LAD,0
20240902_MIN@TB,2024-09-02,TB,MIN,4,5,0.0,0.5375546293670843,0.5389,TB,MIN,0
20240902_NYY@TEX,2024-09-02,TEX,NYY,4,8,0.0,0.4139576172787054,0.4075,NYY,NYY,1
20240902_PIT@CHC,2024-09-02,CHC,PIT,3,5,0.0,0.5787255221230762,0.5844,CHC,PIT,0
20240902_SEA@ATH,2024-09-02,ATH,SEA,5,4,1.0,0.5082142845162145,0.5064,ATH,ATH,1
20240902_STL@MIL,2024-09-02,MIL,STL,9,3,1.0,0.5758022258688572,0.5812,MIL,MIL,1
20240901_ATH@TEX,2024-09-01,TEX,ATH,6,4,1.0,0.5274087771197209,0.5266,TEX,TEX,1
20240901_ATL@PHI,2024-09-01,PHI,ATL,3,2,1.0,0.5051684241603089,0.5016,PHI,PHI,1
20240901_BAL@COL,2024-09-01,COL,BAL,1,6,0.0,0.46622317466099955,0.4663,BAL,BAL,1
20240901_BOS@DET,2024-09-01,DET,BOS,4,1,1.0,0.5063877782460392,0.5029,DET,DET,1
20240901_CHC@WSH,2024-09-01,WSH,CHC,1,14,0.0,0.5003342073132664,0.5,WSH,CHC,0
20240901_KC@HOU,2024-09-01,HOU,KC,7,2,1.0,0.5323376674789945,0.5321,HOU,HOU,1
20240901_LAD@AZ,2024-09-01,AZ,LAD,14,3,1.0,0.5051313836153316,0.5015,AZ,AZ,1
20240901_MIA@SF,2024-09-01,SF,MIA,5,7,0.0,0.569987612434952,0.5744,SF,MIA,0
20240901_MIL@CIN,2024-09-01,CIN,MIL,4,3,1.0,0.4832255225374429,0.4854,MIL,CIN,0
20240901_NYM@CWS,2024-09-01,CWS,NYM,0,2,0.0,0.4095124703156494,0.4027,NYM,NYM,1
20240901_PIT@CLE,2024-09-01,CLE,PIT,6,1,1.0,0.5483201735655774,0.5501,CLE,CLE,1
20240901_SD@TB,2024-09-01,TB,SD,3,4,0.0,0.43195398545437863,0.4278,SD,SD,1
20240901_SEA@LAA,2024-09-01,LAA,SEA,3,2,1.0,0.4550824381377977,0.4538,SEA,LAA,0
20240901_STL@NYY,2024-09-01,NYY,STL,7,14,0.0,0.5759178475202609,0.581,NYY,STL,0
20240901_TOR@MIN,2024-09-01,MIN,TOR,4,3,1.0,0.5261092896011126,0.5251,MIN,MIN,1
20240831_ATH@TEX,2024-08-31,TEX,ATH,3,2,1.0,0.5235621391228474,0.5222,TEX,TEX,1
20240831_ATL@PHI,2024-08-31,PHI,ATL,3,0,1.0,0.544200300655971,0.5454,PHI,PHI,1
20240831_BAL@COL,2024-08-31,COL,BAL,7,5,1.0,0.4707852508437796,0.4714,BAL,COL,0
20240831_BOS@DET,2024-08-31,DET,BOS,2,1,1.0,0.4852114846914064,0.4876,BOS,DET,0
20240831_CHC@WSH,2024-08-31,WSH,CHC,3,5,0.0,0.5323335372432394,0.5321,WSH,CHC,0
20240831_KC@HOU,2024-08-31,HOU,KC,5,2,1.0,0.5375929297818853,0.538,HOU,HOU,1
20240831_LAD@AZ,2024-08-31,AZ,LAD,6,8,0.0,0.5540407255685109,0.5565,AZ,LAD,0
20240831_MIA@SF,2024-08-31,SF,MIA,3,4,0.0,0.5581564416390059,0.5611,SF,MIA,0
20240831_MIL@CIN,2024-08-31,CIN,MIL,4,5,0.0,0.5060990585122047,0.5026,CIN,MIL,0
20240831_NYM@CWS,2024-08-31,CWS,NYM,3,5,0.0,0.4008724575912774,0.393,NYM,NYM,1
20240831_PIT@CLE,2024-08-31,CLE,PIT,0,3,0.0,0.5935259763613755,0.6007,CLE,PIT,0
20240831_SD@TB,2024-08-31,TB,SD,11,4,1.0,0.44966774432430784,0.4477,SD,TB,0
20240831_SEA@LAA,2024-08-31,LAA,SEA,5,4,1.0,0.4489940668601976,0.4469,SEA,LAA,0
20240831_STL@NYY,2024-08-31,NYY,STL,5,6,0.0,0.595892094746009,0.6034,NYY,STL,0
20240831_TOR@MIN,2024-08-31,MIN,TOR,0,15,0.0,0.5461127062824862,0.5476,MIN,TOR,0
20240830_ATH@TEX,2024-08-30,TEX,ATH,2,9,0.0,0.5476757515931614,0.5493,TEX,ATH,0
20240830_ATL@PHI,2024-08-30,PHI,ATL,2,7,0.0,0.5049620676260754,0.5013,PHI,ATL,0
20240830_BAL@COL,2024-08-30,COL,BAL,3,5,0.0,0.4711316032910597,0.4718,BAL,BAL,1
20240830_BOS@DET,2024-08-30,DET,BOS,5,7,0.0,0.4750835152447643,0.4762,BOS,BOS,1
20240830_CHC@WSH,2024-08-30,WSH,CHC,6,7,0.0,0.5093293177566274,0.5062,WSH,CHC,0
20240830_KC@HOU,2024-08-30,HOU,KC,3,2,1.0,0.5461936387694463,0.5477,HOU,HOU,1
20240830_LAD@AZ,2024-08-30,AZ,LAD,9,10,0.0,0.5437201760374029,0.5449,AZ,LAD,0
20240830_MIA@SF,2024-08-30,SF,MIA,3,1,1.0,0.6060749484081477,0.6147,SF,SF,1
20240830_MIL@CIN,2024-08-30,CIN,MIL,0,14,0.0,0.49939385957846205,0.5,MIL,MIL,1
20240830_MIL@CIN_2,2024-08-30,CIN,MIL,4,5,0.0,0.5025996689791281,0.5,CIN,MIL,0
20240830_NYM@CWS,2024-08-30,CWS,NYM,1,5,0.0,0.383932867296665,0.3741,NYM,NYM,1
20240830_PIT@CLE,2024-08-30,CLE,PIT,10,8,1.0,0.5900919868792439,0.5969,CLE,CLE,1
20240830_SD@TB,2024-08-30,TB,SD,5,13,0.0,0.4379538526729993,0.4345,SD,SD,1
20240830_SEA@LAA,2024-08-30,LAA,SEA,5,9,0.0,0.45395217109274627,0.4525,SEA,SEA,1
20240830_STL@NYY,2024-08-30,NYY,STL,6,3,1.0,0.577214327559458,0.5825,NYY,NYY,1
20240830_TOR@MIN,2024-08-30,MIN,TOR,2,0,1.0,0.5317227046714881,0.5314,MIN,MIN,1
20240829_ATH@CIN,2024-08-29,CIN,ATH,10,9,1.0,0.5418133854802522,0.5428,CIN,CIN,1
20240829_ATL@PHI,2024-08-29,PHI,ATL,5,4,1.0,0.5162732490115775,0.5141,PHI,PHI,1
20240829_BAL@LAD,2024-08-29,LAD,BAL,6,3,1.0,0.5450524196456868,0.5464,LAD,LAD,1
20240829_KC@HOU,2024-08-29,HOU,KC,6,3,1.0,0.5267457562418287,0.5258,HOU,HOU,1
20240829_LAA@DET,2024-08-29,DET,LAA,0,3,0.0,0.5934120568389056,0.6006,DET,LAA,0
20240829_MIA@COL,2024-08-29,COL,MIA,8,12,0.0,0.5689153203682872,0.5732,COL,MIA,0
20240829_NYM@AZ,2024-08-29,AZ,NYM,2,3,0.0,0.5608766342857089,0.5642,AZ,NYM,0
20240829_SD@STL,2024-08-29,STL,SD,4,1,1.0,0.5043206448857078,0.5006,STL,STL,1
20240829_SF@MIL,2024-08-29,MIL,SF,6,0,1.0,0.5580276712228451,0.561,MIL,MIL,1
20240829_TEX@CWS,2024-08-29,CWS,TEX,1,2,0.0,0.4395252466158217,0.4363,TEX,TEX,1
20240829_TOR@BOS,2024-08-29,BOS,TOR,0,2,0.0,0.5474264826814904,0.5491,BOS,TOR,0
20240828_ATH@CIN,2024-08-28,CIN,ATH,6,9,0.0,0.557988365666292,0.5609,CIN,ATH,0
20240828_ATL@MIN,2024-08-28,MIN,ATL,1,5,0.0,0.4850946506461631,0.4875,ATL,ATL,1
20240828_BAL@LAD,2024-08-28,LAD,BAL,6,4,1.0,0.5197497574668101,0.518,LAD,LAD,1
20240828_CHC@PIT,2024-08-28,PIT,CHC,10,14,0.0,0.5648355755183453,0.5686,PIT,CHC,0
20240828_HOU@PHI,2024-08-28,PHI,HOU,0,10,0.0,0.4944674245320811,0.498,HOU,HOU,1
20240828_KC@CLE,2024-08-28,CLE,KC,7,5,1.0,0.5399425154090944,0.5407,CLE,CLE,1
20240828_LAA@DET,2024-08-28,DET,LAA,3,2,1.0,0.5677526191909984,0.5719,DET,DET,1
20240828_MIA@COL,2024-08-28,COL,MIA,8,2,1.0,0.5165347000378107,0.5143,COL,COL,1
20240828_NYM@AZ,2024-08-28,AZ,NYM,8,5,1.0,0.554368003940224,0.5569,AZ,AZ,1
20240828_NYY@WSH,2024-08-28,WSH,NYY,5,2,1.0,0.4442630465548133,0.4416,NYY,WSH,0
20240828_SD@STL,2024-08-28,STL,SD,4,3,1.0,0.44199587454864997,0.4391,SD,STL,0
20240828_SF@MIL,2024-08-28,MIL,SF,5,3,1.0,0.5859966401149653,0.5923,MIL,MIL,1
20240828_TB@SEA,2024-08-28,SEA,TB,6,2,1.0,0.5316577163500285,0.5313,SEA,SEA,1
20240828_TEX@CWS,2024-08-28,CWS,TEX,3,4,0.0,0.4204265786295356,0.4149,TEX,TEX,1
20240828_TOR@BOS,2024-08-28,BOS,TOR,3,0,1.0,0.5411920083355087,0.5421,BOS,BOS,1
20240827_ATH@CIN,2024-08-27,CIN,ATH,4,5,0.0,0.5389259827835535,0.5395,CIN,ATH,0
20240827_ATL@MIN,2024-08-27,MIN,ATL,6,8,0.0,0.5260273592291376,0.525,MIN,ATL,0
20240827_BAL@LAD,2024-08-27,LAD,BAL,2,3,0.0,0.5633036758636126,0.5669,LAD,BAL,0
20240827_CHC@PIT,2024-08-27,PIT,CHC,5,9,0.0,0.5008636714729113,0.5,PIT,CHC,0
20240827_HOU@PHI,2024-08-27,PHI,HOU,5,0,1.0,0.568340047695446,0.5725,PHI,PHI,1
20240827_KC@CLE,2024-08-27,CLE,KC,1,6,0.0,0.5352467755727004,0.5354,CLE,KC,0
20240827_LAA@DET,2024-08-27,DET,LAA,6,2,1.0,0.6165942098012237,0.6265,DET,DET,1
20240827_MIA@COL,2024-08-27,COL,MIA,8,9,0.0,0.547938225802485,0.5496,COL,MIA,0
20240827_NYM@AZ,2024-08-27,AZ,NYM,3,8,0.0,0.5464810531657,0.548,AZ,NYM,0
20240827_NYY@WSH,2024-08-27,WSH,NYY,4,2,1.0,0.3938122629228166,0.3851,NYY,WSH,0
20240827_SD@STL,2024-08-27,STL,SD,5,7,0.0,0.4151522146797702,0.409,SD,SD,1
20240827_SF@MIL,2024-08-27,MIL,SF,4,5,0.0,0.563122955017782,0.5667,MIL,SF,0
20240827_TB@SEA,2024-08-27,SEA,TB,2,3,0.0,0.5610752627128929,0.5644,SEA,TB,0
20240827_TEX@CWS,2024-08-27,CWS,TEX,1,3,0.0,0.44485027632379676,0.4423,TEX,TEX,1
20240827_TOR@BOS,2024-08-27,BOS,TOR,6,3,1.0,0.5218467118044381,0.5203,BOS,BOS,1
20240826_ATL@MIN,2024-08-26,MIN,ATL,6,10,0.0,0.5044693923149899,0.5008,MIN,ATL,0
20240826_CHC@PIT,2024-08-26,PIT,CHC,8,18,0.0,0.5095941631157132,0.5065,PIT,CHC,0
20240826_DET@CWS,2024-08-26,CWS,DET,3,6,0.0,0.402668519976693,0.395,DET,DET,1
20240826_HOU@PHI,2024-08-26,PHI,HOU,3,2,1.0,0.5111414132666268,0.5083,PHI,PHI,1
20240826_KC@CLE,2024-08-26,CLE,KC,3,4,0.0,0.48328473897188073,0.4855,KC,KC,1
20240826_KC@CLE_2,2024-08-26,CLE,KC,4,9,0.0,0.5296353454978692,0.5291,CLE,KC,0
20240826_MIA@COL,2024-08-26,COL,MIA,3,2,1.0,0.5294984632431066,0.5289,COL,COL,1
20240826_NYY@WSH,2024-08-26,WSH,NYY,2,5,0.0,0.4509508925680639,0.4491,NYY,NYY,1
20240826_SD@STL,2024-08-26,STL,SD,4,7,0.0,0.43247937434156875,0.4284,SD,SD,1
20240826_TB@SEA,2024-08-26,SEA,TB,5,1,1.0,0.600352075988886,0.6084,SEA,SEA,1
20240826_TOR@BOS,2024-08-26,BOS,TOR,3,7,0.0,0.5468341605587711,0.5484,BOS,TOR,0
20240825_AZ@BOS,2024-08-25,BOS,AZ,5,7,0.0,0.4775902090360215,0.4873,AZ,AZ,1
20240825_CHC@MIA,2024-08-25,MIA,CHC,7,2,1.0,0.4291021886617408,0.4316,CHC,MIA,0
20240825_CIN@PIT,2024-08-25,PIT,CIN,4,3,1.0,0.5197642391292727,0.5096,PIT,PIT,1
20240825_COL@NYY,2024-08-25,NYY,COL,10,3,1.0,0.627933785263556,0.6337,NYY,NYY,1
20240825_DET@CWS,2024-08-25,CWS,DET,4,9,0.0,0.3919724488005549,0.389,DET,DET,1
20240825_HOU@BAL,2024-08-25,BAL,HOU,3,6,0.0,0.5066120640594474,0.5,BAL,HOU,0
20240825_LAA@TOR,2024-08-25,TOR,LAA,8,2,1.0,0.5575854877401183,0.5531,TOR,TOR,1
20240825_MIL@ATH,2024-08-25,ATH,MIL,4,3,1.0,0.5278782203939627,0.5189,ATH,ATH,1
20240825_NYM@SD,2024-08-25,SD,NYM,3,2,1.0,0.5321909695172224,0.5239,SD,SD,1
20240825_PHI@KC,2024-08-25,KC,PHI,3,11,0.0,0.5362210707354288,0.5285,KC,PHI,0
20240825_SF@SEA,2024-08-25,SEA,SF,4,3,1.0,0.5106741599813028,0.5,SEA,SEA,1
20240825_STL@MIN,2024-08-25,MIN,STL,2,3,0.0,0.5590879044491257,0.5548,MIN,STL,0
20240825_TB@LAD,2024-08-25,LAD,TB,3,1,1.0,0.5771688752010584,0.5756,LAD,LAD,1
20240825_TEX@CLE,2024-08-25,CLE,TEX,4,2,1.0,0.5618353304948601,0.558,CLE,CLE,1
20240825_WSH@ATL,2024-08-25,ATL,WSH,1,5,0.0,0.558821337738398,0.5545,ATL,WSH,0
20240824_AZ@BOS,2024-08-24,BOS,AZ,1,4,0.0,0.48230094091796893,0.4928,AZ,AZ,1
20240824_CHC@MIA,2024-08-24,MIA,CHC,2,14,0.0,0.48649138747039394,0.4976,CHC,CHC,1
20240824_CIN@PIT,2024-08-24,PIT,CIN,2,10,0.0,0.5185323773115473,0.5082,PIT,CIN,0
20240824_COL@NYY,2024-08-24,NYY,COL,2,9,0.0,0.6377629597270489,0.6449,NYY,COL,0
20240824_DET@CWS,2024-08-24,CWS,DET,4,13,0.0,0.4059128510971531,0.405,DET,DET,1
20240824_HOU@BAL,2024-08-24,BAL,HOU,3,2,1.0,0.5129783387524004,0.5018,BAL,BAL,1
20240824_LAA@TOR,2024-08-24,TOR,LAA,3,1,1.0,0.5623835649862072,0.5586,TOR,TOR,1
20240824_MIL@ATH,2024-08-24,ATH,MIL,5,9,0.0,0.5159158984412836,0.5052,ATH,MIL,0
20240824_NYM@SD,2024-08-24,SD,NYM,1,7,0.0,0.5692691825710502,0.5665,SD,NYM,0
20240824_PHI@KC,2024-08-24,KC,PHI,2,11,0.0,0.5587420122727452,0.5544,KC,PHI,0
20240824_SF@SEA,2024-08-24,SEA,SF,3,4,0.0,0.5109609085461693,0.5,SEA,SF,0
20240824_STL@MIN,2024-08-24,MIN,STL,6,0,1.0,0.5610629709323539,0.5571,MIN,MIN,1
20240824_TB@LAD,2024-08-24,LAD,TB,8,9,0.0,0.5578137800903351,0.5534,LAD,TB,0
20240824_TEX@CLE,2024-08-24,CLE,TEX,13,5,1.0,0.5347110011701287,0.5268,CLE,CLE,1
20240824_WSH@ATL,2024-08-24,ATL,WSH,4,2,1.0,0.5765221020365587,0.5749,ATL,ATL,1
20240823_AZ@BOS,2024-08-23,BOS,AZ,2,12,0.0,0.4908392362765522,0.5,AZ,AZ,1
20240823_CHC@MIA,2024-08-23,MIA,CHC,3,6,0.0,0.4919708773640967,0.5,CHC,CHC,1
20240823_CIN@PIT,2024-08-23,PIT,CIN,6,5,1.0,0.5103090212833673,0.5,PIT,PIT,1
20240823_COL@NYY,2024-08-23,NYY,COL,3,0,1.0,0.6766737908319628,0.689,NYY,NYY,1
20240823_DET@CWS,2024-08-23,CWS,DET,2,5,0.0,0.4018944489276181,0.4004,DET,DET,1
20240823_HOU@BAL,2024-08-23,BAL,HOU,7,5,1.0,0.5132693619067213,0.5022,BAL,BAL,1
20240823_LAA@TOR,2024-08-23,TOR,LAA,5,4,1.0,0.5865768792364995,0.5864,TOR,TOR,1
20240823_MIL@ATH,2024-08-23,ATH,MIL,3,11,0.0,0.4862166587674777,0.4973,MIL,MIL,1
20240823_NYM@SD,2024-08-23,SD,NYM,7,0,1.0,0.5694902043156922,0.5668,SD,SD,1
20240823_PHI@KC,2024-08-23,KC,PHI,7,4,1.0,0.5720472138849353,0.5697,KC,KC,1
20240823_SF@SEA,2024-08-23,SEA,SF,6,5,1.0,0.5223878504460557,0.5126,SEA,SEA,1
20240823_STL@MIN,2024-08-23,MIN,STL,1,6,0.0,0.583968531366046,0.5834,MIN,STL,0
20240823_TB@LAD,2024-08-23,LAD,TB,7,3,1.0,0.555492320849107,0.5507,LAD,LAD,1
20240823_TEX@CLE,2024-08-23,CLE,TEX,3,5,0.0,0.5651630015393218,0.5618,CLE,TEX,0
20240823_WSH@ATL,2024-08-23,ATL,WSH,3,2,1.0,0.5763844342532565,0.5747,ATL,ATL,1
20240822_CIN@PIT,2024-08-22,PIT,CIN,7,0,1.0,0.5503768530449741,0.5448,PIT,PIT,1
20240822_CLE@NYY,2024-08-22,NYY,CLE,6,0,1.0,0.56878884588659,0.566,NYY,NYY,1
20240822_COL@WSH,2024-08-22,WSH,COL,8,3,1.0,0.5560966921419811,0.5514,WSH,WSH,1
20240822_DET@CHC,2024-08-22,CHC,DET,10,2,1.0,0.5473832249915513,0.5414,CHC,CHC,1
20240822_HOU@BAL,2024-08-22,BAL,HOU,0,6,0.0,0.5121299148050722,0.5008,BAL,HOU,0
20240822_LAA@TOR,2024-08-22,TOR,LAA,5,3,1.0,0.5365086301663703,0.5289,TOR,TOR,1
20240822_MIL@STL,2024-08-22,STL,MIL,3,0,1.0,0.4498090335930904,0.4554,MIL,STL,0
20240822_NYM@SD,2024-08-22,SD,NYM,3,8,0.0,0.5738465849486932,0.5718,SD,NYM,0
20240822_PHI@ATL,2024-08-22,ATL,PHI,3,2,1.0,0.5380144786200052,0.5306,ATL,ATL,1
20240822_TB@ATH,2024-08-22,ATH,TB,3,1,1.0,0.5463044600131569,0.5401,ATH,ATH,1
20240821_AZ@MIA,2024-08-21,MIA,AZ,8,10,0.0,0.4242211958093181,0.426,AZ,AZ,1
20240821_BAL@NYM,2024-08-21,NYM,BAL,4,3,1.0,0.5311757715205784,0.5227,NYM,NYM,1
20240821_BOS@HOU,2024-08-21,HOU,BOS,1,4,0.0,0.48306623846621155,0.4936,BOS,BOS,1
20240821_CIN@TOR,2024-08-21,TOR,CIN,7,11,0.0,0.5493717723377548,0.5437,TOR,CIN,0
20240821_CLE@NYY,2024-08-21,NYY,CLE,8,1,1.0,0.5432783644753157,0.5367,NYY,NYY,1
20240821_COL@WSH,2024-08-21,WSH,COL,6,1,1.0,0.5721353810513152,0.5698,WSH,WSH,1
20240821_CWS@SF,2024-08-21,SF,CWS,2,6,0.0,0.6357042864354258,0.6426,SF,CWS,0
20240821_DET@CHC,2024-08-21,CHC,DET,2,8,0.0,0.50038979857341,0.5,CHC,DET,0
20240821_LAA@KC,2024-08-21,KC,LAA,3,0,1.0,0.604926339386351,0.6075,KC,KC,1
20240821_MIL@STL,2024-08-21,STL,MIL,10,6,1.0,0.4736161486893288,0.4828,MIL,STL,0
20240821_MIN@SD,2024-08-21,SD,MIN,4,11,0.0,0.5250800821468932,0.5157,SD,MIN,0
20240821_PHI@ATL,2024-08-21,ATL,PHI,2,3,0.0,0.5116199095607572,0.5003,ATL,PHI,0
20240821_PIT@TEX,2024-08-21,TEX,PIT,1,0,1.0,0.518791683304056,0.5085,TEX,TEX,1
20240821_SEA@LAD,2024-08-21,LAD,SEA,8,4,1.0,0.5714274553196496,0.569,LAD,LAD,1
20240821_TB@ATH,2024-08-21,ATH,TB,2,4,0.0,0.5044462499249021,0.5,ATH,TB,0
20240820_AZ@MIA,2024-08-20,MIA,AZ,1,3,0.0,0.45691077936777397,0.4636,AZ,AZ,1
20240820_BAL@NYM,2024-08-20,NYM,BAL,5,9,0.0,0.49850596683592363,0.5,BAL,BAL,1
20240820_BOS@HOU,2024-08-20,HOU,BOS,5,6,0.0,0.48664411448619554,0.4977,BOS,BOS,1
20240820_CIN@TOR,2024-08-20,TOR,CIN,10,3,1.0,0.5306830208942056,0.5222,TOR,TOR,1
20240820_CLE@NYY,2024-08-20,NYY,CLE,5,9,0.0,0.5511345835853263,0.5457,NYY,CLE,0
20240820_COL@WSH,2024-08-20,WSH,COL,1,3,0.0,0.6167278910881474,0.621,WSH,COL,0
20240820_CWS@SF,2024-08-20,SF,CWS,4,1,1.0,0.6493169583136035,0.6581,SF,SF,1
20240820_DET@CHC,2024-08-20,CHC,DET,3,1,1.0,0.49561890138695225,0.5,DET,CHC,0
20240820_LAA@KC,2024-08-20,KC,LAA,5,9,0.0,0.6283577989229281,0.6342,KC,LAA,0
20240820_MIL@STL,2024-08-20,STL,MIL,2,3,0.0,0.47448881561782225,0.4838,MIL,MIL,1
20240820_MIN@SD,2024-08-20,SD,MIN,7,5,1.0,0.5055263181666466,0.5,SD,SD,1
20240820_PHI@ATL,2024-08-20,ATL,PHI,3,1,1.0,0.5101006816165036,0.5,ATL,ATL,1
20240820_PIT@TEX,2024-08-20,TEX,PIT,0,4,0.0,0.5655908012424897,0.5623,TEX,PIT,0
20240820_SEA@LAD,2024-08-20,LAD,SEA,6,3,1.0,0.538552065401361,0.5312,LAD,LAD,1
20240820_TB@ATH,2024-08-20,ATH,TB,0,1,0.0,0.5281750576324882,0.5193,ATH,TB,0
20240819_AZ@MIA,2024-08-19,MIA,AZ,6,9,0.0,0.4268594659312736,0.429,AZ,AZ,1
20240819_BAL@NYM,2024-08-19,NYM,BAL,4,3,1.0,0.5304933371867753,0.5219,NYM,NYM,1
20240819_BOS@HOU,2024-08-19,HOU,BOS,5,4,1.0,0.5380524209229454,0.5306,HOU,HOU,1
20240819_CIN@TOR,2024-08-19,TOR,CIN,3,6,0.0,0.5109323011029073,0.5,TOR,CIN,0
20240819_CWS@SF,2024-08-19,SF,CWS,5,3,1.0,0.6482707524482912,0.6569,SF,SF,1
20240819_LAA@KC,2024-08-19,KC,LAA,5,3,1.0,0.613643730384476,0.6174,KC,KC,1
20240819_MIN@SD,2024-08-19,SD,MIN,5,3,1.0,0.534820089151524,0.5269,SD,SD,1
20240819_PIT@TEX,2024-08-19,TEX,PIT,4,3,1.0,0.5317000761460853,0.5233,TEX,TEX,1
20240819_SEA@LAD,2024-08-19,LAD,SEA,3,0,1.0,0.5559872354441849,0.5513,LAD,LAD,1
20240819_TB@ATH,2024-08-19,ATH,TB,3,0,1.0,0.5318999513002562,0.5236,ATH,ATH,1
20240818_ATL@LAA,2024-08-18,LAA,ATL,1,3,0.0,0.46445311710433296,0.4736,ATL,ATL,1
20240818_AZ@TB,2024-08-18,TB,AZ,8,7,1.0,0.42507996585922103,0.4275,AZ,TB,0
20240818_BOS@BAL,2024-08-18,BAL,BOS,4,2,1.0,0.5371029904924148,0.5283,BAL,BAL,1
20240818_CLE@MIL,2024-08-18,MIL,CLE,2,0,1.0,0.5244808367485306,0.5135,MIL,MIL,1
20240818_CWS@HOU,2024-08-18,HOU,CWS,2,0,1.0,0.6518410378856505,0.6618,HOU,HOU,1
20240818_KC@CIN,2024-08-18,CIN,KC,1,8,0.0,0.465804056162316,0.4751,KC,KC,1
20240818_LAD@STL,2024-08-18,STL,LAD,1,2,0.0,0.5292975225216228,0.5191,STL,LAD,0
20240818_MIA@NYM,2024-08-18,NYM,MIA,2,3,0.0,0.5864987855425943,0.586,NYM,MIA,0
20240818_MIN@TEX,2024-08-18,TEX,MIN,6,5,1.0,0.4880140555160147,0.5,MIN,TEX,0
20240818_NYY@DET,2024-08-18,DET,NYY,3,2,1.0,0.45910609121686896,0.4673,NYY,DET,0
20240818_SD@COL,2024-08-18,COL,SD,3,2,1.0,0.416027892088934,0.417,SD,COL,0
20240818_SEA@PIT,2024-08-18,PIT,SEA,3,10,0.0,0.47570261776301115,0.4867,SEA,SEA,1
20240818_SF@ATH,2024-08-18,ATH,SF,2,4,0.0,0.46439066732026774,0.4735,SF,SF,1
20240818_TOR@CHC,2024-08-18,CHC,TOR,0,1,0.0,0.5400552545093004,0.5317,CHC,TOR,0
20240818_WSH@PHI,2024-08-18,PHI,WSH,4,6,0.0,0.5872565554014715,0.5869,PHI,WSH,0
20240817_ATL@LAA,2024-08-17,LAA,ATL,3,11,0.0,0.4590257207931759,0.4672,ATL,ATL,1
20240817_AZ@TB,2024-08-17,TB,AZ,6,1,1.0,0.4143894064036946,0.4151,AZ,TB,0
20240817_BOS@BAL,2024-08-17,BAL,BOS,1,5,0.0,0.54102525189345,0.5328,BAL,BOS,0
20240817_CLE@MIL,2024-08-17,MIL,CLE,2,1,1.0,0.5260529899434148,0.5153,MIL,MIL,1
20240817_CWS@HOU,2024-08-17,HOU,CWS,6,1,1.0,0.6814161535690262,0.6956,HOU,HOU,1
20240817_KC@CIN,2024-08-17,CIN,KC,1,13,0.0,0.48539741179746293,0.498,KC,KC,1
20240817_LAD@STL,2024-08-17,STL,LAD,5,2,1.0,0.47598850933629183,0.487,LAD,STL,0
20240817_MIA@NYM,2024-08-17,NYM,MIA,4,0,1.0,0.5954469950095524,0.5964,NYM,NYM,1
20240817_MIN@TEX,2024-08-17,TEX,MIN,2,5,0.0,0.49994127402818617,0.5,MIN,MIN,1
20240817_NYY@DET,2024-08-17,DET,NYY,4,0,1.0,0.3979347827206228,0.3959,NYY,DET,0
20240817_SD@COL,2024-08-17,COL,SD,3,8,0.0,0.40260161079628964,0.4013,SD,SD,1
20240817_SEA@PIT,2024-08-17,PIT,SEA,7,2,1.0,0.4754256007133432,0.4864,SEA,PIT,0
20240817_SF@ATH,2024-08-17,ATH,SF,2,0,1.0,0.5221788017424819,0.5108,ATH,ATH,1
20240817_TOR@CHC,2024-08-17,CHC,TOR,3,2,1.0,0.535455750245981,0.5263,CHC,CHC,1
20240817_WSH@PHI,2024-08-17,PHI,WSH,5,1,1.0,0.5753659590755209,0.573,PHI,PHI,1
20240816_ATL@LAA,2024-08-16,LAA,ATL,3,2,1.0,0.4742174777794482,0.485,ATL,LAA,0
20240816_AZ@TB,2024-08-16,TB,AZ,5,4,1.0,0.4080236108090813,0.4076,AZ,TB,0
20240816_BOS@BAL,2024-08-16,BAL,BOS,10,12,0.0,0.5355964749035945,0.5265,BAL,BOS,0
20240816_CLE@MIL,2024-08-16,MIL,CLE,5,3,1.0,0.4987147199157407,0.5,CLE,MIL,0
20240816_CWS@HOU,2024-08-16,HOU,CWS,4,5,0.0,0.6491729035607915,0.6587,HOU,CWS,0
20240816_KC@CIN,2024-08-16,CIN,KC,1,7,0.0,0.48167910604466596,0.4937,KC,KC,1
20240816_LAD@STL,2024-08-16,STL,LAD,6,7,0.0,0.4834249345424815,0.4957,LAD,LAD,1
20240816_MIA@NYM,2024-08-16,NYM,MIA,7,3,1.0,0.5752110025203804,0.5728,NYM,NYM,1
20240816_MIN@TEX,2024-08-16,TEX,MIN,3,4,0.0,0.5110635492272145,0.5,TEX,MIN,0
20240816_NYY@DET,2024-08-16,DET,NYY,0,3,0.0,0.4331443703651827,0.437,NYY,NYY,1
20240816_SD@COL,2024-08-16,COL,SD,7,3,1.0,0.44813228250397635,0.4545,SD,COL,0
20240816_SEA@PIT,2024-08-16,PIT,SEA,5,3,1.0,0.5740663151046876,0.5715,PIT,PIT,1
20240816_TOR@CHC,2024-08-16,CHC,TOR,6,5,1.0,0.4627323736886793,0.4716,TOR,CHC,0
20240816_WSH@PHI,2024-08-16,PHI,WSH,3,2,1.0,0.6200043621443337,0.625,PHI,PHI,1
20240815_ATH@NYM,2024-08-15,NYM,ATH,6,7,0.0,0.5587207448622921,0.5535,NYM,ATH,0
20240815_ATL@SF,2024-08-15,SF,ATL,6,0,1.0,0.5300703300249948,0.52,SF,SF,1
20240815_BOS@BAL,2024-08-15,BAL,BOS,5,1,1.0,0.5010512191022954,0.5,BAL,BAL,1
20240815_LAD@MIL,2024-08-15,MIL,LAD,6,4,1.0,0.5038483788490097,0.5,MIL,MIL,1
20240815_MIN@TEX,2024-08-15,TEX,MIN,2,3,0.0,0.4885613492694823,0.5,MIN,MIN,1
20240815_SEA@DET,2024-08-15,DET,SEA,2,1,1.0,0.48218858175034335,0.4943,SEA,DET,0
20240815_WSH@PHI,2024-08-15,PHI,WSH,13,3,1.0,0.5844414825773877,0.5836,PHI,PHI,1
20240814_ATH@NYM,2024-08-14,NYM,ATH,9,1,1.0,0.5523531006049114,0.5461,NYM,NYM,1
20240814_ATL@SF,2024-08-14,SF,ATL,2,13,0.0,0.5847151138328059,0.5839,SF,ATL,0
20240814_CHC@CLE,2024-08-14,CLE,CHC,6,1,1.0,0.47891038608391523,0.4905,CHC,CLE,0
20240814_COL@AZ,2024-08-14,AZ,COL,11,4,1.0,0.6441371035615793,0.6529,AZ,AZ,1
20240814_HOU@TB,2024-08-14,TB,HOU,1,2,0.0,0.45107118456819567,0.4579,HOU,HOU,1
20240814_KC@MIN,2024-08-14,MIN,KC,1,4,0.0,0.49468616371879576,0.5,KC,KC,1
20240814_LAD@MIL,2024-08-14,MIL,LAD,5,4,1.0,0.5636487134091226,0.5593,MIL,MIL,1
20240814_MIA@PHI,2024-08-14,PHI,MIA,9,5,1.0,0.5370444890703822,0.5282,PHI,PHI,1
20240814_NYY@CWS,2024-08-14,CWS,NYY,2,10,0.0,0.38449220498442305,0.3803,NYY,NYY,1
20240814_PIT@SD,2024-08-14,SD,PIT,8,2,1.0,0.550960667138346,0.5445,SD,SD,1
20240814_SEA@DET,2024-08-14,DET,SEA,3,2,1.0,0.507092305936194,0.5,DET,DET,1
20240814_STL@CIN,2024-08-14,CIN,STL,9,2,1.0,0.5188142216405046,0.5069,CIN,CIN,1
20240814_TEX@BOS,2024-08-14,BOS,TEX,7,9,0.0,0.582881055534944,0.5818,BOS,TEX,0
20240814_TOR@LAA,2024-08-14,LAA,TOR,2,9,0.0,0.5016711344829811,0.5,LAA,TOR,0
20240814_WSH@BAL,2024-08-14,BAL,WSH,4,1,1.0,0.4700149664815594,0.4801,WSH,BAL,0
20240813_ATH@NYM,2024-08-13,NYM,ATH,4,9,0.0,0.5293275543726006,0.5192,NYM,ATH,0
20240813_ATL@SF,2024-08-13,SF,ATL,3,4,0.0,0.5112109363310318,0.5,SF,ATL,0
20240813_CHC@CLE,2024-08-13,CLE,CHC,2,1,1.0,0.4931814510077454,0.5,CHC,CLE,0
20240813_COL@AZ,2024-08-13,AZ,COL,4,3,1.0,0.62934981505249,0.6358,AZ,AZ,1
20240813_HOU@TB,2024-08-13,TB,HOU,2,3,0.0,0.44476540751216326,0.4505,HOU,HOU,1
20240813_KC@MIN,2024-08-13,MIN,KC,13,3,1.0,0.5208498115239487,0.5093,MIN,MIN,1
20240813_LAD@MIL,2024-08-13,MIL,LAD,2,7,0.0,0.5262836340974526,0.5156,MIL,LAD,0
20240813_MIA@PHI,2024-08-13,PHI,MIA,0,5,0.0,0.5738546969613936,0.5712,PHI,MIA,0
20240813_NYY@CWS,2024-08-13,CWS,NYY,1,4,0.0,0.3805870083319361,0.3757,NYY,NYY,1
20240813_PIT@SD,2024-08-13,SD,PIT,3,0,1.0,0.5867573363894998,0.5863,SD,SD,1
20240813_SEA@DET,2024-08-13,DET,SEA,15,1,1.0,0.5063019944311319,0.5,DET,DET,1
20240813_STL@CIN,2024-08-13,CIN,STL,4,1,1.0,0.5249918177595191,0.5141,CIN,CIN,1
20240813_TEX@BOS,2024-08-13,BOS,TEX,9,4,1.0,0.60740681834919,0.6103,BOS,BOS,1
20240813_TOR@LAA,2024-08-13,LAA,TOR,1,6,0.0,0.5153477802335945,0.5028,LAA,TOR,0
20240813_WSH@BAL,2024-08-13,BAL,WSH,3,9,0.0,0.5420264732163383,0.534,BAL,WSH,0
20240812_ATL@SF,2024-08-12,SF,ATL,0,1,0.0,0.5513899128330516,0.545,SF,ATL,0
20240812_CHC@CLE,2024-08-12,CLE,CHC,9,8,1.0,0.5152303546101937,0.5027,CLE,CLE,1
20240812_COL@AZ,2024-08-12,AZ,COL,5,4,1.0,0.6335099721758879,0.6406,AZ,AZ,1
20240812_HOU@TB,2024-08-12,TB,HOU,1,6,0.0,0.486051032797122,0.4988,HOU,HOU,1
20240812_KC@MIN,2024-08-12,MIN,KC,8,3,1.0,0.5412535476758774,0.5331,MIN,MIN,1
20240812_LAD@MIL,2024-08-12,MIL,LAD,2,5,0.0,0.5513486689036586,0.5449,MIL,LAD,0
20240812_NYY@CWS,2024-08-12,CWS,NYY,12,2,1.0,0.32137741693289035,0.3076,NYY,CWS,0
20240812_PIT@SD,2024-08-12,SD,PIT,2,1,1.0,0.5506842961026468,0.5441,SD,SD,1
20240812_STL@CIN,2024-08-12,CIN,STL,6,1,1.0,0.48516767011238715,0.4978,STL,CIN,0
20240812_TEX@BOS,2024-08-12,BOS,TEX,5,4,1.0,0.6002421811500592,0.602,BOS,BOS,1
20240812_TOR@LAA,2024-08-12,LAA,TOR,2,4,0.0,0.5310864783282514,0.5212,LAA,TOR,0
20240811_ATH@TOR,2024-08-11,TOR,ATH,4,8,0.0,0.5297275583585339,0.518,TOR,ATH,0
20240811_ATL@COL,2024-08-11,COL,ATL,9,8,1.0,0.4590736959885021,0.4689,ATL,COL,0
20240811_BAL@TB,2024-08-11,TB,BAL,2,1,1.0,0.4767215208979281,0.4895,BAL,TB,0
20240811_CIN@MIL,2024-08-11,MIL,CIN,3,4,0.0,0.5399358190400779,0.5299,MIL,CIN,0
20240811_CLE@MIN,2024-08-11,MIN,CLE,3,5,0.0,0.5659316129011848,0.5602,MIN,CLE,0
20240811_DET@SF,2024-08-11,SF,DET,4,5,0.0,0.5958064551738916,0.595,SF,DET,0
20240811_HOU@BOS,2024-08-11,BOS,HOU,2,10,0.0,0.5092963208836894,0.5,BOS,HOU,0
20240811_LAA@WSH,2024-08-11,WSH,LAA,4,6,0.0,0.521341933998793,0.5083,WSH,LAA,0
20240811_NYM@SEA,2024-08-11,SEA,NYM,12,1,1.0,0.5231705066906935,0.5104,SEA,SEA,1
20240811_PHI@AZ,2024-08-11,AZ,PHI,12,5,1.0,0.5410992188671133,0.5313,AZ,AZ,1
20240811_PIT@LAD,2024-08-11,LAD,PIT,6,5,1.0,0.5811402416142192,0.5779,LAD,LAD,1
20240811_SD@MIA,2024-08-11,MIA,SD,7,6,1.0,0.4192006294922755,0.4225,SD,MIA,0
20240811_TEX@NYY,2024-08-11,NYY,TEX,8,7,1.0,0.5669797225644878,0.5614,NYY,NYY,1
20240810_ATH@TOR,2024-08-10,TOR,ATH,0,1,0.0,0.5344602601109197,0.5235,TOR,ATH,0
20240810_ATL@COL,2024-08-10,COL,ATL,8,11,0.0,0.4683716566114277,0.4798,ATL,ATL,1
20240810_BAL@TB,2024-08-10,TB,BAL,5,7,0.0,0.4913828420825678,0.5,BAL,BAL,1
20240810_CHC@CWS,2024-08-10,CWS,CHC,1,3,0.0,0.415227782230636,0.4179,CHC,CHC,1
20240810_CIN@MIL,2024-08-10,MIL,CIN,1,0,1.0,0.5834683164978646,0.5806,MIL,MIL,1
20240810_CLE@MIN,2024-08-10,MIN,CLE,1,2,0.0,0.5450207414204284,0.5358,MIN,CLE,0
20240810_DET@SF,2024-08-10,SF,DET,3,1,1.0,0.6110718273453085,0.6127,SF,SF,1
20240810_HOU@BOS,2024-08-10,BOS,HOU,4,5,0.0,0.53763448721427,0.5272,BOS,HOU,0
20240810_LAA@WSH,2024-08-10,WSH,LAA,5,4,1.0,0.5228896070583785,0.5101,WSH,WSH,1
20240810_NYM@SEA,2024-08-10,SEA,NYM,4,0,1.0,0.5051367130984667,0.5,SEA,SEA,1
20240810_PHI@AZ,2024-08-10,AZ,PHI,11,1,1.0,0.5542134626451253,0.5465,AZ,AZ,1
20240810_PIT@LAD,2024-08-10,LAD,PIT,4,1,1.0,0.5292678651876446,0.5175,LAD,LAD,1
20240810_SD@MIA,2024-08-10,MIA,SD,8,9,0.0,0.5063148750808165,0.5,MIA,SD,0
20240810_STL@KC,2024-08-10,KC,STL,8,3,1.0,0.5724733416880692,0.5678,KC,KC,1
20240810_TEX@NYY,2024-08-10,NYY,TEX,4,9,0.0,0.5912868748860791,0.5897,NYY,TEX,0
20240810_TEX@NYY_2,2024-08-10,NYY,TEX,8,0,1.0,0.5767484984285967,0.5728,NYY,NYY,1
20240809_ATH@TOR,2024-08-09,TOR,ATH,3,1,1.0,0.5547080796224375,0.5471,TOR,TOR,1
20240809_ATL@COL,2024-08-09,COL,ATL,6,5,1.0,0.4902291632736165,0.5,ATL,COL,0
20240809_BAL@TB,2024-08-09,TB,BAL,1,4,0.0,0.48746278022507195,0.5,BAL,BAL,1
20240809_CHC@CWS,2024-08-09,CWS,CHC,6,7,0.0,0.4465639695029515,0.4544,CHC,CHC,1
20240809_CIN@MIL,2024-08-09,MIL,CIN,8,3,1.0,0.561899158055668,0.5555,MIL,MIL,1
20240809_CLE@MIN,2024-08-09,MIN,CLE,4,2,1.0,0.5498919657798015,0.5415,MIN,MIN,1
20240809_CLE@MIN_2,2024-08-09,MIN,CLE,6,3,1.0,0.534508869527347,0.5236,MIN,MIN,1
20240809_DET@SF,2024-08-09,SF,DET,3,2,1.0,0.5626613014616,0.5564,SF,SF,1
20240809_HOU@BOS,2024-08-09,BOS,HOU,4,8,0.0,0.525519368504663,0.5131,BOS,HOU,0
20240809_LAA@WSH,2024-08-09,WSH,LAA,3,2,1.0,0.520079122744514,0.5068,WSH,WSH,1
20240809_NYM@SEA,2024-08-09,SEA,NYM,6,0,1.0,0.5069897891574869,0.5,SEA,SEA,1
20240809_PHI@AZ,2024-08-09,AZ,PHI,3,2,1.0,0.5237944804428983,0.5111,AZ,AZ,1
20240809_PIT@LAD,2024-08-09,LAD,PIT,9,5,1.0,0.5847915227143873,0.5821,LAD,LAD,1
20240809_SD@MIA,2024-08-09,MIA,SD,2,6,0.0,0.50780273406645,0.5,MIA,SD,0
20240809_STL@KC,2024-08-09,KC,STL,5,8,0.0,0.5679596330913432,0.5626,KC,STL,0
20240808_BAL@TOR,2024-08-08,TOR,BAL,7,6,1.0,0.5309180702980766,0.5194,TOR,TOR,1
20240808_CIN@MIA,2024-08-08,MIA,CIN,4,10,0.0,0.44225607036863085,0.4493,CIN,CIN,1
20240808_DET@SEA,2024-08-08,SEA,DET,4,3,1.0,0.565154971463062,0.5593,SEA,SEA,1
20240808_LAA@NYY,2024-08-08,NYY,LAA,4,9,0.0,0.5987788156222114,0.5984,NYY,LAA,0
20240808_MIL@ATL,2024-08-08,ATL,MIL,7,16,0.0,0.517656960410595,0.504,ATL,MIL,0
20240808_NYM@COL,2024-08-08,COL,NYM,1,9,0.0,0.4314565048468363,0.4368,NYM,NYM,1
20240808_PHI@AZ,2024-08-08,AZ,PHI,4,6,0.0,0.4889472975615877,0.5,PHI,PHI,1
20240808_SD@PIT,2024-08-08,PIT,SD,6,7,0.0,0.5216671160674313,0.5086,PIT,SD,0
20240808_SF@WSH,2024-08-08,WSH,SF,5,9,0.0,0.5326673026671939,0.5214,WSH,SF,0
20240808_TB@STL,2024-08-08,STL,TB,4,6,0.0,0.5130859262352377,0.5,STL,TB,0
20240807_AZ@CLE,2024-08-07,CLE,AZ,3,7,0.0,0.48418975219654425,0.4982,AZ,AZ,1
20240807_AZ@CLE_2,2024-08-07,CLE,AZ,3,5,0.0,0.4934025396994327,0.5,AZ,AZ,1
20240807_BAL@TOR,2024-08-07,TOR,BAL,3,7,0.0,0.473931525371555,0.4862,BAL,BAL,1
20240807_BOS@KC,2024-08-07,KC,BOS,8,4,1.0,0.5456611329160015,0.5366,KC,KC,1
20240807_CIN@MIA,2024-08-07,MIA,CIN,6,4,1.0,0.5056873443249658,0.5,MIA,MIA,1
20240807_CWS@ATH,2024-08-07,ATH,CWS,3,2,1.0,0.6242390692149902,0.6279,ATH,ATH,1
20240807_DET@SEA,2024-08-07,SEA,DET,2,6,0.0,0.5391070359870258,0.5289,SEA,DET,0
20240807_HOU@TEX,2024-08-07,TEX,HOU,4,6,0.0,0.5725935973823686,0.5679,TEX,HOU,0
20240807_LAA@NYY,2024-08-07,NYY,LAA,5,2,1.0,0.5894604404353362,0.5876,NYY,NYY,1
20240807_LAA@NYY_2,2024-08-07,NYY,LAA,2,8,0.0,0.5789173501597883,0.5753,NYY,LAA,0
20240807_MIL@ATL,2024-08-07,ATL,MIL,5,8,0.0,0.524493320533316,0.5119,ATL,MIL,0
20240807_MIN@CHC,2024-08-07,CHC,MIN,8,2,1.0,0.46884901978585963,0.4803,MIN,CHC,0
20240807_NYM@COL,2024-08-07,COL,NYM,3,5,0.0,0.470772034023627,0.4826,NYM,NYM,1
20240807_PHI@LAD,2024-08-07,LAD,PHI,4,9,0.0,0.5178135437792818,0.5042,LAD,PHI,0
20240807_SD@PIT,2024-08-07,PIT,SD,8,9,0.0,0.4646397482878861,0.4754,SD,SD,1
20240807_SF@WSH,2024-08-07,WSH,SF,4,7,0.0,0.495953355207243,0.5,SF,SF,1
20240807_TB@STL,2024-08-07,STL,TB,5,2,1.0,0.4997502801277687,0.5,TB,STL,0
20240806_BAL@TOR,2024-08-06,TOR,BAL,5,2,1.0,0.47826536468434916,0.4913,BAL,TOR,0
20240806_BOS@KC,2024-08-06,KC,BOS,5,6,0.0,0.5136141842981359,0.5,KC,BOS,0
20240806_CIN@MIA,2024-08-06,MIA,CIN,2,8,0.0,0.4798634984196971,0.4931,CIN,CIN,1
20240806_CWS@ATH,2024-08-06,ATH,CWS,1,5,0.0,0.644280846315593,0.6511,ATH,CWS,0
20240806_DET@SEA,2024-08-06,SEA,DET,2,4,0.0,0.5831696499065278,0.5803,SEA,DET,0
20240806_HOU@TEX,2024-08-06,TEX,HOU,2,4,0.0,0.5383858004248412,0.5281,TEX,HOU,0
20240806_MIL@ATL,2024-08-06,ATL,MIL,0,10,0.0,0.5305196296215837,0.5189,ATL,MIL,0
20240806_MIN@CHC,2024-08-06,CHC,MIN,7,3,1.0,0.4726568007570179,0.4848,MIN,CHC,0
20240806_NYM@COL,2024-08-06,COL,NYM,6,3,1.0,0.4388905585768637,0.4454,NYM,COL,0
20240806_PHI@LAD,2024-08-06,LAD,PHI,2,6,0.0,0.4709442230367388,0.4828,PHI,PHI,1
20240806_SD@PIT,2024-08-06,PIT,SD,0,6,0.0,0.4395609293743107,0.4462,SD,SD,1
20240806_SF@WSH,2024-08-06,WSH,SF,11,5,1.0,0.4739926743691999,0.4863,SF,WSH,0
20240806_TB@STL,2024-08-06,STL,TB,4,3,1.0,0.5613834171070456,0.5549,STL,STL,1
20240805_AZ@CLE,2024-08-05,CLE,AZ,6,7,0.0,0.4940883807028647,0.5,AZ,AZ,1
20240805_BOS@KC,2024-08-05,KC,BOS,5,9,0.0,0.5314174944255577,0.52,KC,BOS,0
20240805_CIN@MIA,2024-08-05,MIA,CIN,3,10,0.0,0.4903756035333451,0.5,CIN,CIN,1
20240805_CWS@ATH,2024-08-05,ATH,CWS,5,1,1.0,0.6560376775287948,0.6646,ATH,ATH,1
20240805_HOU@TEX,2024-08-05,TEX,HOU,4,3,1.0,0.5169868275767661,0.5032,TEX,TEX,1
20240805_MIN@CHC,2024-08-05,CHC,MIN,0,3,0.0,0.4257532350833715,0.4301,MIN,MIN,1
20240805_NYM@STL,2024-08-05,STL,NYM,0,6,0.0,0.47837492344642835,0.4914,NYM,NYM,1
20240805_PHI@LAD,2024-08-05,LAD,PHI,5,3,1.0,0.5542908290611004,0.5466,LAD,LAD,1
20240805_SF@WSH,2024-08-05,WSH,SF,1,4,0.0,0.5047949123719835,0.5,WSH,SF,0
20240804_AZ@PIT,2024-08-04,PIT,AZ,5,6,0.0,0.5259107045502437,0.5151,PIT,AZ,0
20240804_BAL@CLE,2024-08-04,CLE,BAL,5,9,0.0,0.5208527271484573,0.5098,CLE,BAL,0
20240804_BOS@TEX,2024-08-04,TEX,BOS,2,7,0.0,0.48408113510871525,0.4953,BOS,BOS,1
20240804_COL@SD,2024-08-04,SD,COL,10,2,1.0,0.5824054279922313,0.5741,SD,SD,1
20240804_CWS@MIN,2024-08-04,MIN,CWS,13,7,1.0,0.6795393594642862,0.6759,MIN,MIN,1
20240804_KC@DET,2024-08-04,DET,KC,2,3,0.0,0.5442002861930596,0.5342,DET,KC,0
20240804_LAD@ATH,2024-08-04,ATH,LAD,2,3,0.0,0.49584325406445234,0.5,LAD,LAD,1
20240804_MIA@ATL,2024-08-04,ATL,MIA,0,7,0.0,0.5969271760139501,0.5893,ATL,MIA,0
20240804_MIL@WSH,2024-08-04,WSH,MIL,4,3,1.0,0.48883370577445295,0.5,MIL,WSH,0
20240804_NYM@LAA,2024-08-04,LAA,NYM,3,2,1.0,0.48254375273093036,0.4937,NYM,LAA,0
20240804_PHI@SEA,2024-08-04,SEA,PHI,0,6,0.0,0.5171125740506596,0.5059,SEA,PHI,0
20240804_SF@CIN,2024-08-04,CIN,SF,2,8,0.0,0.4837443218219399,0.495,SF,SF,1
20240804_STL@CHC,2024-08-04,CHC,STL,6,2,1.0,0.5184114364541593,0.5073,CHC,CHC,1
20240804_TB@HOU,2024-08-04,HOU,TB,0,1,0.0,0.5740489480239453,0.5654,HOU,TB,0
20240804_TOR@NYY,2024-08-04,NYY,TOR,4,3,1.0,0.5914129952180794,0.5836,NYY,NYY,1
20240803_AZ@PIT,2024-08-03,PIT,AZ,4,2,1.0,0.504760134159327,0.5,PIT,PIT,1
20240803_BAL@CLE,2024-08-03,CLE,BAL,4,7,0.0,0.5543431520559943,0.5448,CLE,BAL,0
20240803_BOS@TEX,2024-08-03,TEX,BOS,7,4,1.0,0.4880574409196518,0.4994,BOS,TEX,0
20240803_COL@SD,2024-08-03,SD,COL,3,2,1.0,0.5626731574502715,0.5535,SD,SD,1
20240803_CWS@MIN,2024-08-03,MIN,CWS,6,2,1.0,0.6237852965646211,0.6175,MIN,MIN,1
20240803_KC@DET,2024-08-03,DET,KC,6,5,1.0,0.464103016625837,0.4745,KC,DET,0
20240803_LAD@ATH,2024-08-03,ATH,LAD,0,10,0.0,0.47846045815984184,0.4894,LAD,LAD,1
20240803_MIA@ATL,2024-08-03,ATL,MIA,3,4,0.0,0.613220948459335,0.6064,ATL,MIA,0
20240803_MIL@WSH,2024-08-03,WSH,MIL,6,4,1.0,0.4906360649926183,0.5,MIL,WSH,0
20240803_NYM@LAA,2024-08-03,LAA,NYM,5,4,1.0,0.46807100241430916,0.4786,NYM,LAA,0
20240803_PHI@SEA,2024-08-03,SEA,PHI,6,5,1.0,0.48613413755582097,0.4974,PHI,SEA,0
20240803_SF@CIN,2024-08-03,CIN,SF,6,4,1.0,0.5069416898420283,0.5,CIN,CIN,1
20240803_STL@CHC,2024-08-03,CHC,STL,4,5,0.0,0.5098835664672694,0.5,CHC,STL,0
20240803_TB@HOU,2024-08-03,HOU,TB,1,6,0.0,0.549379571137235,0.5396,HOU,TB,0
20240803_TOR@NYY,2024-08-03,NYY,TOR,8,3,1.0,0.6172259264263489,0.6106,NYY,NYY,1
20240802_AZ@PIT,2024-08-02,PIT,AZ,8,9,0.0,0.47609335973246497,0.487,AZ,AZ,1
20240802_BAL@CLE,2024-08-02,CLE,BAL,8,4,1.0,0.4902160319918685,0.5,BAL,CLE,0
20240802_BOS@TEX,2024-08-02,TEX,BOS,6,11,0.0,0.4757405200500807,0.4866,BOS,BOS,1
20240802_COL@SD,2024-08-02,SD,COL,2,5,0.0,0.5856499577101656,0.5775,SD,COL,0
20240802_CWS@MIN,2024-08-02,MIN,CWS,10,2,1.0,0.6657765897164484,0.6614,MIN,MIN,1
20240802_KC@DET,2024-08-02,DET,KC,2,9,0.0,0.48797777157023214,0.4994,KC,KC,1
20240802_LAD@ATH,2024-08-02,ATH,LAD,6,5,1.0,0.4901617647679073,0.5,LAD,ATH,0
20240802_MIA@ATL,2024-08-02,ATL,MIA,5,3,1.0,0.5919982646599826,0.5842,ATL,ATL,1
20240802_MIL@WSH,2024-08-02,WSH,MIL,3,8,0.0,0.4814468873216129,0.4926,MIL,MIL,1
20240802_NYM@LAA,2024-08-02,LAA,NYM,1,5,0.0,0.4578005379713254,0.4679,NYM,NYM,1
20240802_PHI@SEA,2024-08-02,SEA,PHI,10,2,1.0,0.5016665753193386,0.5,SEA,SEA,1
20240802_SF@CIN,2024-08-02,CIN,SF,0,3,0.0,0.4577887968214203,0.4679,SF,SF,1
20240802_STL@CHC,2024-08-02,CHC,STL,6,3,1.0,0.49704145036315905,0.5,STL,CHC,0
20240802_TB@HOU,2024-08-02,HOU,TB,3,2,1.0,0.544661142229302,0.5347,HOU,HOU,1
20240802_TOR@NYY,2024-08-02,NYY,TOR,5,8,0.0,0.5652788906519263,0.5562,NYY,TOR,0
20240801_BAL@CLE,2024-08-01,CLE,BAL,10,3,1.0,0.5214598853642304,0.5105,CLE,CLE,1
20240801_COL@LAA,2024-08-01,LAA,COL,4,5,0.0,0.5321629828609086,0.5216,LAA,COL,0
20240801_KC@DET,2024-08-01,DET,KC,1,7,0.0,0.4520746241506857,0.4619,KC,KC,1
20240801_MIA@ATL,2024-08-01,ATL,MIA,4,2,1.0,0.5827240435527095,0.5745,ATL,ATL,1
20240801_STL@CHC,2024-08-01,CHC,STL,5,4,1.0,0.48407632955513097,0.4953,STL,CHC,0
20240731_ATH@SF,2024-07-31,SF,ATH,1,0,1.0,0.5974736317076242,0.5899,SF,SF,1
20240731_ATL@MIL,2024-07-31,MIL,ATL,2,6,0.0,0.5734006924116877,0.5647,MIL,ATL,0
20240731_CHC@CIN,2024-07-31,CIN,CHC,4,13,0.0,0.5621535558896692,0.5529,CIN,CHC,0
20240731_COL@LAA,2024-07-31,LAA,COL,1,2,0.0,0.54042338419191,0.5302,LAA,COL,0
20240731_KC@CWS,2024-07-31,CWS,KC,3,10,0.0,0.38892276797693665,0.3959,KC,KC,1
20240731_LAD@SD,2024-07-31,SD,LAD,8,1,1.0,0.5182189134123053,0.5071,SD,SD,1
20240731_MIA@TB,2024-07-31,TB,MIA,2,6,0.0,0.5946396974482521,0.5869,TB,MIA,0
20240731_MIN@NYM,2024-07-31,NYM,MIN,3,8,0.0,0.5250841908177845,0.5142,NYM,MIN,0
20240731_NYY@PHI,2024-07-31,PHI,NYY,5,6,0.0,0.5689359276115458,0.56,PHI,NYY,0
20240731_PIT@HOU,2024-07-31,HOU,PIT,5,4,1.0,0.5723970156275257,0.5637,HOU,HOU,1
20240731_SEA@BOS,2024-07-31,BOS,SEA,3,2,1.0,0.5478997995877967,0.5381,BOS,BOS,1
20240731_TEX@STL,2024-07-31,STL,TEX,10,1,1.0,0.5395917997222264,0.5294,STL,STL,1
20240731_TOR@BAL,2024-07-31,BAL,TOR,10,4,1.0,0.5834372002497226,0.5752,BAL,BAL,1
20240731_WSH@AZ,2024-07-31,AZ,WSH,5,4,1.0,0.5895647035028981,0.5816,AZ,AZ,1
20240730_ATH@SF,2024-07-30,SF,ATH,2,5,0.0,0.6658713838411562,0.6615,SF,ATH,0
20240730_ATL@MIL,2024-07-30,MIL,ATL,1,5,0.0,0.5542464172116222,0.5447,MIL,ATL,0
20240730_CHC@CIN,2024-07-30,CIN,CHC,6,3,1.0,0.5594437911475217,0.5501,CIN,CIN,1
20240730_CLE@DET,2024-07-30,DET,CLE,0,5,0.0,0.47544272314475794,0.4863,CLE,CLE,1
20240730_COL@LAA,2024-07-30,LAA,COL,10,7,1.0,0.5951066094258262,0.5874,LAA,LAA,1
20240730_KC@CWS,2024-07-30,CWS,KC,3,4,0.0,0.45872529748598195,0.4689,KC,KC,1
20240730_LAD@SD,2024-07-30,SD,LAD,6,5,1.0,0.4806013185407045,0.4917,LAD,SD,0
20240730_MIA@TB,2024-07-30,TB,MIA,9,3,1.0,0.5750009044260037,0.5664,TB,TB,1
20240730_MIN@NYM,2024-07-30,NYM,MIN,2,0,1.0,0.5170016823527385,0.5058,NYM,NYM,1
20240730_NYY@PHI,2024-07-30,PHI,NYY,6,7,0.0,0.5192771409030762,0.5082,PHI,NYY,0
20240730_PIT@HOU,2024-07-30,HOU,PIT,2,6,0.0,0.5413917437521517,0.5313,HOU,PIT,0
20240730_SEA@BOS,2024-07-30,BOS,SEA,6,10,0.0,0.5487748876260837,0.539,BOS,SEA,0
20240730_TEX@STL,2024-07-30,STL,TEX,8,1,1.0,0.5526512427297983,0.543,STL,STL,1
20240730_TOR@BAL,2024-07-30,BAL,TOR,6,2,1.0,0.5937441179595417,0.586,BAL,BAL,1
20240730_WSH@AZ,2024-07-30,AZ,WSH,17,0,1.0,0.5798005878802157,0.5714,AZ,AZ,1
20240729_ATL@MIL,2024-07-29,MIL,ATL,8,3,1.0,0.554634686608518,0.5451,MIL,MIL,1
20240729_CHC@CIN,2024-07-29,CIN,CHC,7,1,1.0,0.5209252998311499,0.5099,CIN,CIN,1
20240729_CLE@DET,2024-07-29,DET,CLE,4,8,0.0,0.5121085336068324,0.5007,DET,CLE,0
20240729_KC@CWS,2024-07-29,CWS,KC,5,8,0.0,0.4026072163921177,0.4102,KC,KC,1
20240729_MIN@NYM,2024-07-29,NYM,MIN,15,2,1.0,0.5111388836039746,0.5,NYM,NYM,1
20240729_NYY@PHI,2024-07-29,PHI,NYY,4,14,0.0,0.5134119615226714,0.5021,PHI,NYY,0
20240729_PIT@HOU,2024-07-29,HOU,PIT,3,5,0.0,0.5255386977480622,0.5147,HOU,PIT,0
20240729_SEA@BOS,2024-07-29,BOS,SEA,14,7,1.0,0.6145911579325086,0.6078,BOS,BOS,1
20240729_TEX@STL,2024-07-29,STL,TEX,3,6,0.0,0.5514150383398385,0.5417,STL,TEX,0
20240729_TOR@BAL,2024-07-29,BAL,TOR,4,8,0.0,0.5717838097180972,0.563,BAL,TOR,0
20240729_TOR@BAL_2,2024-07-29,BAL,TOR,11,5,1.0,0.538137572513371,0.5279,BAL,BAL,1
20240729_WSH@AZ,2024-07-29,AZ,WSH,9,8,1.0,0.5508462832388294,0.5411,AZ,AZ,1
20240728_ATH@LAA,2024-07-28,LAA,ATH,8,6,1.0,0.5189697031189185,0.5058,LAA,LAA,1
20240728_ATL@NYM,2024-07-28,NYM,ATL,2,9,0.0,0.5238449692219644,0.5111,NYM,ATL,0
20240728_CHC@KC,2024-07-28,KC,CHC,3,7,0.0,0.5821734875494673,0.5747,KC,CHC,0
20240728_CIN@TB,2024-07-28,TB,CIN,2,1,1.0,0.5069908741571812,0.5,TB,TB,1
20240728_CLE@PHI,2024-07-28,PHI,CLE,3,4,0.0,0.5519669552339285,0.5417,PHI,CLE,0
20240728_COL@SF,2024-07-28,SF,COL,5,4,1.0,0.6106732018792065,0.6058,SF,SF,1
20240728_LAD@HOU,2024-07-28,HOU,LAD,2,6,0.0,0.5512501828470316,0.5409,HOU,LAD,0
20240728_MIA@MIL,2024-07-28,MIL,MIA,6,2,1.0,0.604539788009636,0.5991,MIL,MIL,1
20240728_MIN@DET,2024-07-28,DET,MIN,0,5,0.0,0.4887111734210955,0.5,MIN,MIN,1
20240728_NYY@BOS,2024-07-28,BOS,NYY,2,8,0.0,0.583479834727726,0.5761,BOS,NYY,0
20240728_PIT@AZ,2024-07-28,AZ,PIT,5,6,0.0,0.5439889722278548,0.533,AZ,PIT,0
20240728_SD@BAL,2024-07-28,BAL,SD,8,6,1.0,0.5595567219205084,0.55,BAL,BAL,1
20240728_SEA@CWS,2024-07-28,CWS,SEA,3,6,0.0,0.44230057985910165,0.452,SEA,SEA,1
20240728_TEX@TOR,2024-07-28,TOR,TEX,7,3,1.0,0.5212747719958766,0.5083,TOR,TOR,1
20240728_WSH@STL,2024-07-28,STL,WSH,4,3,1.0,0.507809120933654,0.5,STL,STL,1
20240727_ATH@LAA,2024-07-27,LAA,ATH,1,3,0.0,0.4939889930512439,0.5,ATH,ATH,1
20240727_ATL@NYM,2024-07-27,NYM,ATL,0,4,0.0,0.5669111805223866,0.558,NYM,ATL,0
20240727_CHC@KC,2024-07-27,KC,CHC,4,9,0.0,0.5459843768593029,0.5352,KC,CHC,0
20240727_CIN@TB,2024-07-27,TB,CIN,4,0,1.0,0.5277114525415122,0.5153,TB,TB,1
20240727_CLE@PHI,2024-07-27,PHI,CLE,8,0,1.0,0.5754255007736214,0.5673,PHI,PHI,1
20240727_COL@SF,2024-07-27,SF,COL,4,1,1.0,0.5984258292973168,0.5924,SF,SF,1
20240727_COL@SF_2,2024-07-27,SF,COL,5,0,1.0,0.5707732430233203,0.5622,SF,SF,1
20240727_LAD@HOU,2024-07-27,HOU,LAD,7,6,1.0,0.5117655501517092,0.5,HOU,HOU,1
20240727_MIA@MIL,2024-07-27,MIL,MIA,3,7,0.0,0.5872751299966257,0.5802,MIL,MIA,0
20240727_MIN@DET,2024-07-27,DET,MIN,7,2,1.0,0.4881246237636266,0.5,MIN,DET,0
20240727_NYY@BOS,2024-07-27,BOS,NYY,8,11,0.0,0.5392912109252899,0.5279,BOS,NYY,0
20240727_PIT@AZ,2024-07-27,AZ,PIT,9,5,1.0,0.5640864353837132,0.5549,AZ,AZ,1
20240727_SD@BAL,2024-07-27,BAL,SD,4,9,0.0,0.5533408917293228,0.5432,BAL,SD,0
20240727_SEA@CWS,2024-07-27,CWS,SEA,3,6,0.0,0.4296677770656216,0.4383,SEA,SEA,1
20240727_TEX@TOR,2024-07-27,TOR,TEX,7,3,1.0,0.5229260315834388,0.5101,TOR,TOR,1
20240727_WSH@STL,2024-07-27,STL,WSH,3,14,0.0,0.543358378681624,0.5323,STL,WSH,0
20240726_ATH@LAA,2024-07-26,LAA,ATH,4,5,0.0,0.5165067770791312,0.5031,LAA,ATH,0
20240726_ATL@NYM,2024-07-26,NYM,ATL,8,4,1.0,0.5607427152731941,0.5513,NYM,NYM,1
20240726_CHC@KC,2024-07-26,KC,CHC,6,0,1.0,0.5721487065860047,0.5637,KC,KC,1
20240726_CIN@TB,2024-07-26,TB,CIN,2,3,0.0,0.4991353746483056,0.5,CIN,CIN,1
20240726_CLE@PHI,2024-07-26,PHI,CLE,1,3,0.0,0.5504853267961326,0.5401,PHI,CLE,0
20240726_COL@SF,2024-07-26,SF,COL,11,4,1.0,0.5931447047644418,0.5866,SF,SF,1
20240726_LAD@HOU,2024-07-26,HOU,LAD,5,0,1.0,0.5161723634826405,0.5027,HOU,HOU,1
20240726_MIA@MIL,2024-07-26,MIL,MIA,2,6,0.0,0.6341598576534202,0.6314,MIL,MIA,0
20240726_MIN@DET,2024-07-26,DET,MIN,3,9,0.0,0.48052029942504637,0.4937,MIN,MIN,1
20240726_NYY@BOS,2024-07-26,BOS,NYY,9,7,1.0,0.5270831547293623,0.5146,BOS,BOS,1
20240726_PIT@AZ,2024-07-26,AZ,PIT,4,3,1.0,0.562795613830589,0.5535,AZ,AZ,1
20240726_SD@BAL,2024-07-26,BAL,SD,4,6,0.0,0.5622078967579374,0.5529,BAL,SD,0
20240726_SEA@CWS,2024-07-26,CWS,SEA,0,10,0.0,0.41318833866140064,0.4203,SEA,SEA,1
20240726_TEX@TOR,2024-07-26,TOR,TEX,6,5,1.0,0.5143233521916922,0.5007,TOR,TOR,1
20240726_WSH@STL,2024-07-26,STL,WSH,8,10,0.0,0.5296216258295613,0.5174,STL,WSH,0
20240725_ATH@LAA,2024-07-25,LAA,ATH,5,6,0.0,0.519116199408287,0.5059,LAA,ATH,0
20240725_ATL@NYM,2024-07-25,NYM,ATL,3,2,1.0,0.5354288725319345,0.5237,NYM,NYM,1
20240725_BAL@MIA,2024-07-25,MIA,BAL,6,7,0.0,0.4191664659003753,0.4268,BAL,BAL,1
20240725_CWS@TEX,2024-07-25,TEX,CWS,2,1,1.0,0.6223913044463568,0.6185,TEX,TEX,1
20240725_DET@CLE,2024-07-25,CLE,DET,0,3,0.0,0.5791139957420822,0.5713,CLE,DET,0
20240725_SD@WSH,2024-07-25,WSH,SD,0,3,0.0,0.49192528241214534,0.5,SD,SD,1
20240725_SF@LAD,2024-07-25,LAD,SF,6,4,1.0,0.5613361117190968,0.5519,LAD,LAD,1
20240725_TB@TOR,2024-07-25,TOR,TB,0,13,0.0,0.503968882167323,0.5,TOR,TB,0
20240724_AZ@KC,2024-07-24,KC,AZ,6,8,0.0,0.5345165424246437,0.5227,KC,AZ,0
20240724_BAL@MIA,2024-07-24,MIA,BAL,6,3,1.0,0.4153838660921727,0.4227,BAL,MIA,0
20240724_BOS@COL,2024-07-24,COL,BOS,20,7,1.0,0.4535688513880712,0.4643,BOS,COL,0
20240724_CIN@ATL,2024-07-24,ATL,CIN,4,9,0.0,0.4766917384479129,0.4895,CIN,CIN,1
20240724_CWS@TEX,2024-07-24,TEX,CWS,10,2,1.0,0.6343945986767288,0.6316,TEX,TEX,1
20240724_DET@CLE,2024-07-24,CLE,DET,2,1,1.0,0.5592318627877773,0.5496,CLE,CLE,1
20240724_HOU@ATH,2024-07-24,ATH,HOU,1,8,0.0,0.48190613769576746,0.4952,HOU,HOU,1
20240724_LAA@SEA,2024-07-24,SEA,LAA,1,2,0.0,0.5742267649752024,0.566,SEA,LAA,0
20240724_MIL@CHC,2024-07-24,CHC,MIL,2,3,0.0,0.4876048784951671,0.5,MIL,MIL,1
20240724_NYM@NYY,2024-07-24,NYY,NYM,3,12,0.0,0.5442574394644227,0.5333,NYY,NYM,0
20240724_PHI@MIN,2024-07-24,MIN,PHI,5,4,1.0,0.5032995845595639,0.5,MIN,MIN,1
20240724_SD@WSH,2024-07-24,WSH,SD,3,12,0.0,0.5284049850394479,0.516,WSH,SD,0
20240724_SF@LAD,2024-07-24,LAD,SF,3,8,0.0,0.5780223869364027,0.5701,LAD,SF,0
20240724_STL@PIT,2024-07-24,PIT,STL,5,0,1.0,0.5033008113911068,0.5,PIT,PIT,1
20240724_TB@TOR,2024-07-24,TOR,TB,6,3,1.0,0.5406943134009788,0.5294,TOR,TOR,1
20240723_AZ@KC,2024-07-23,KC,AZ,2,6,0.0,0.5296049030660154,0.5174,KC,AZ,0
20240723_BAL@MIA,2024-07-23,MIA,BAL,6,3,1.0,0.40491197452043043,0.4112,BAL,MIA,0
20240723_BOS@COL,2024-07-23,COL,BOS,0,6,0.0,0.4635209630959581,0.4752,BOS,BOS,1
20240723_CWS@TEX,2024-07-23,TEX,CWS,3,2,1.0,0.5898167953535811,0.583,TEX,TEX,1
20240723_DET@CLE,2024-07-23,CLE,DET,5,4,1.0,0.5901980418286817,0.5834,CLE,CLE,1
20240723_HOU@ATH,2024-07-23,ATH,HOU,8,2,1.0,0.48091403494462004,0.4941,HOU,ATH,0
20240723_LAA@SEA,2024-07-23,SEA,LAA,1,5,0.0,0.5595483263890633,0.55,SEA,LAA,0
20240723_MIL@CHC,2024-07-23,CHC,MIL,0,1,0.0,0.5052011572359457,0.5,CHC,MIL,0
20240723_NYM@NYY,2024-07-23,NYY,NYM,2,3,0.0,0.5571811148341353,0.5474,NYY,NYM,0
20240723_PHI@MIN,2024-07-23,MIN,PHI,0,3,0.0,0.48073272131670064,0.4939,PHI,PHI,1
20240723_SD@WSH,2024-07-23,WSH,SD,0,4,0.0,0.534801631544785,0.523,WSH,SD,0
20240723_SF@LAD,2024-07-23,LAD,SF,5,2,1.0,0.5780816357604714,0.5702,LAD,LAD,1
20240723_STL@PIT,2024-07-23,PIT,STL,1,2,0.0,0.5321072421404605,0.5201,PIT,STL,0
20240723_TB@TOR,2024-07-23,TOR,TB,2,4,0.0,0.5128996263110276,0.5,TOR,TB,0
20240722_AZ@KC,2024-07-22,KC,AZ,10,4,1.0,0.5589876612900015,0.5494,KC,KC,1
20240722_BOS@COL,2024-07-22,COL,BOS,9,8,1.0,0.43812387393273866,0.4475,BOS,COL,0
20240722_CIN@ATL,2024-07-22,ATL,CIN,1,4,0.0,0.5194382295732546,0.5063,ATL,CIN,0
20240722_CWS@TEX,2024-07-22,TEX,CWS,4,3,1.0,0.6054109540472153,0.6,TEX,TEX,1
20240722_DET@CLE,2024-07-22,CLE,DET,2,8,0.0,0.6151364108686442,0.6106,CLE,DET,0
20240722_HOU@ATH,2024-07-22,ATH,HOU,4,0,1.0,0.49469621331968056,0.5,HOU,ATH,0
20240722_LAA@SEA,2024-07-22,SEA,LAA,1,3,0.0,0.5622124797720087,0.5529,SEA,LAA,0
20240722_MIL@CHC,2024-07-22,CHC,MIL,3,1,1.0,0.561443762393631,0.552,CHC,CHC,1
20240722_NYM@MIA,2024-07-22,MIA,NYM,4,6,0.0,0.4559240937672066,0.4669,NYM,NYM,1
20240722_PHI@MIN,2024-07-22,MIN,PHI,7,2,1.0,0.47461073081019917,0.4872,PHI,MIN,0
20240722_SF@LAD,2024-07-22,LAD,SF,3,2,1.0,0.5855029264944986,0.5783,LAD,LAD,1
20240722_STL@PIT,2024-07-22,PIT,STL,2,1,1.0,0.5054749996863979,0.5,PIT,PIT,1
20240722_TB@NYY,2024-07-22,NYY,TB,9,1,1.0,0.6184103612934371,0.6142,NYY,NYY,1
20240721_AZ@CHC,2024-07-21,CHC,AZ,2,1,1.0,0.5402383161451221,0.5316,CHC,CHC,1
20240721_BAL@TEX,2024-07-21,TEX,BAL,3,2,1.0,0.4984712638532789,0.5,BAL,TEX,0
20240721_BOS@LAD,2024-07-21,LAD,BOS,9,6,1.0,0.5286313256886989,0.5206,LAD,LAD,1
20240721_CIN@WSH,2024-07-21,WSH,CIN,5,2,1.0,0.5094150428239587,0.5024,WSH,WSH,1
20240721_CWS@KC,2024-07-21,KC,CWS,4,1,1.0,0.6376809992781655,0.6244,KC,KC,1
20240721_DET@TOR,2024-07-21,TOR,DET,5,4,1.0,0.5500455235431357,0.5409,TOR,TOR,1
20240721_HOU@SEA,2024-07-21,SEA,HOU,6,4,1.0,0.5453011191085251,0.5364,SEA,SEA,1
20240721_LAA@ATH,2024-07-21,ATH,LAA,5,8,0.0,0.5186289162108092,0.5111,ATH,LAA,0
20240721_MIL@MIN,2024-07-21,MIN,MIL,7,8,0.0,0.5258052236361331,0.5179,MIN,MIL,0
20240721_NYM@MIA,2024-07-21,MIA,NYM,4,2,1.0,0.42375285300298626,0.4342,NYM,MIA,0
20240721_PHI@PIT,2024-07-21,PIT,PHI,0,6,0.0,0.4430992186997476,0.4526,PHI,PHI,1
20240721_SD@CLE,2024-07-21,CLE,SD,1,2,0.0,0.5421604294058968,0.5334,CLE,SD,0
20240721_SF@COL,2024-07-21,COL,SF,2,3,0.0,0.48305411719717145,0.4905,SF,SF,1
20240721_STL@ATL,2024-07-21,ATL,STL,2,6,0.0,0.527795034321924,0.5198,ATL,STL,0
20240721_TB@NYY,2024-07-21,NYY,TB,4,6,0.0,0.5236840821281931,0.5159,NYY,TB,0
20240720_AZ@CHC,2024-07-20,CHC,AZ,0,3,0.0,0.4902008132573574,0.4972,AZ,AZ,1
20240720_BAL@TEX,2024-07-20,TEX,BAL,4,8,0.0,0.45045587711975077,0.4596,BAL,BAL,1
20240720_BOS@LAD,2024-07-20,LAD,BOS,7,6,1.0,0.5004998555165845,0.5,LAD,LAD,1
20240720_CIN@WSH,2024-07-20,WSH,CIN,5,4,1.0,0.4930763480192282,0.4999,CIN,WSH,0
20240720_CWS@KC,2024-07-20,KC,CWS,6,1,1.0,0.6297955094598091,0.6169,KC,KC,1
20240720_DET@TOR,2024-07-20,TOR,DET,3,7,0.0,0.5075722778608047,0.5007,TOR,DET,0
20240720_HOU@SEA,2024-07-20,SEA,HOU,2,4,0.0,0.5182515644970682,0.5108,SEA,HOU,0
20240720_LAA@ATH,2024-07-20,ATH,LAA,8,2,1.0,0.5250416057089513,0.5172,ATH,ATH,1
20240720_MIL@MIN,2024-07-20,MIN,MIL,4,8,0.0,0.524778442740383,0.5169,MIN,MIL,0
20240720_NYM@MIA,2024-07-20,MIA,NYM,0,1,0.0,0.43211853742476164,0.4422,NYM,NYM,1
20240720_PHI@PIT,2024-07-20,PIT,PHI,4,1,1.0,0.4408119553005275,0.4504,PHI,PIT,0
20240720_SD@CLE,2024-07-20,CLE,SD,0,7,0.0,0.5299938941982127,0.5219,CLE,SD,0
20240720_SF@COL,2024-07-20,COL,SF,4,3,1.0,0.47283135667249004,0.4808,SF,COL,0
20240720_STL@ATL,2024-07-20,ATL,STL,3,2,1.0,0.5156943539978176,0.5084,ATL,ATL,1
20240720_STL@ATL_2,2024-07-20,ATL,STL,5,9,0.0,0.5053040489410388,0.5,ATL,STL,0
20240720_TB@NYY,2024-07-20,NYY,TB,1,9,0.0,0.5313559744206197,0.5232,NYY,TB,0
20240719_AZ@CHC,2024-07-19,CHC,AZ,2,5,0.0,0.5295523304611328,0.5215,CHC,AZ,0
20240719_BAL@TEX,2024-07-19,TEX,BAL,1,9,0.0,0.4792855063105438,0.4869,BAL,BAL,1
20240719_BOS@LAD,2024-07-19,LAD,BOS,4,1,1.0,0.5111269270705577,0.504,LAD,LAD,1
20240719_CIN@WSH,2024-07-19,WSH,CIN,8,5,1.0,0.49414706552127463,0.5,CIN,WSH,0
20240719_CWS@KC,2024-07-19,KC,CWS,7,1,1.0,0.6367578548452795,0.6235,KC,KC,1
20240719_DET@TOR,2024-07-19,TOR,DET,4,5,0.0,0.5033955656833857,0.5,TOR,DET,0
20240719_HOU@SEA,2024-07-19,SEA,HOU,0,3,0.0,0.533297511248099,0.525,SEA,HOU,0
20240719_LAA@ATH,2024-07-19,ATH,LAA,13,3,1.0,0.5213642515989354,0.5137,ATH,ATH,1
20240719_NYM@MIA,2024-07-19,MIA,NYM,6,4,1.0,0.4384313472407213,0.4482,NYM,MIA,0
20240719_PHI@PIT,2024-07-19,PIT,PHI,8,7,1.0,0.46136408938221873,0.4699,PHI,PIT,0
20240719_SD@CLE,2024-07-19,CLE,SD,7,0,1.0,0.564455866063611,0.5546,CLE,CLE,1
20240719_SF@COL,2024-07-19,COL,SF,7,3,1.0,0.49598032001081377,0.5,SF,COL,0
20240719_TB@NYY,2024-07-19,NYY,TB,6,1,1.0,0.5736819195412047,0.5633,NYY,NYY,1
20240714_ATH@PHI,2024-07-14,PHI,ATH,3,18,0.0,0.6647840712619925,0.6505,PHI,ATH,0
20240714_ATL@SD,2024-07-14,SD,ATL,3,6,0.0,0.5042276139931475,0.5,SD,ATL,0
20240714_CHC@STL,2024-07-14,STL,CHC,3,8,0.0,0.5640326207050824,0.5542,STL,CHC,0
20240714_CLE@TB,2024-07-14,TB,CLE,2,0,1.0,0.5033219129509732,0.5,TB,TB,1
20240714_COL@NYM,2024-07-14,NYM,COL,5,8,0.0,0.578218377570699,0.5676,NYM,COL,0
20240714_KC@BOS,2024-07-14,BOS,KC,5,4,1.0,0.5200908402946978,0.5125,BOS,BOS,1
20240714_LAD@DET,2024-07-14,DET,LAD,4,3,1.0,0.5293781397044793,0.5213,DET,DET,1
20240714_MIA@CIN,2024-07-14,CIN,MIA,2,3,0.0,0.6053563487781134,0.5935,CIN,MIA,0
20240714_MIN@SF,2024-07-14,SF,MIN,3,2,1.0,0.5061554692858133,0.5,SF,SF,1
20240714_NYY@BAL,2024-07-14,BAL,NYY,6,5,1.0,0.5205248141909905,0.5129,BAL,BAL,1
20240714_PIT@CWS,2024-07-14,CWS,PIT,4,9,0.0,0.4476945069186641,0.457,PIT,PIT,1
20240714_SEA@LAA,2024-07-14,LAA,SEA,3,2,1.0,0.4840194150512429,0.4914,SEA,LAA,0
20240714_TEX@HOU,2024-07-14,HOU,TEX,2,4,0.0,0.5648507699814913,0.5549,HOU,TEX,0
20240714_TOR@AZ,2024-07-14,AZ,TOR,7,8,0.0,0.5538577427166232,0.5445,AZ,TOR,0
20240714_WSH@MIL,2024-07-14,MIL,WSH,9,3,1.0,0.5731298682545592,0.5628,MIL,MIL,1
20240713_ATH@PHI,2024-07-13,PHI,ATH,11,5,1.0,0.6782614600609536,0.6635,PHI,PHI,1
20240713_ATL@SD,2024-07-13,SD,ATL,4,0,1.0,0.5219302253016698,0.5143,SD,SD,1
20240713_CHC@STL,2024-07-13,STL,CHC,11,3,1.0,0.5579617604508178,0.5484,STL,STL,1
20240713_CHC@STL_2,2024-07-13,STL,CHC,5,4,1.0,0.55238346205468,0.5431,STL,STL,1
20240713_CLE@TB,2024-07-13,TB,CLE,2,4,0.0,0.4933986545604099,0.5,CLE,CLE,1
20240713_COL@NYM,2024-07-13,NYM,COL,7,3,1.0,0.5887061939982617,0.5776,NYM,NYM,1
20240713_KC@BOS,2024-07-13,BOS,KC,5,0,1.0,0.5276370755276258,0.5197,BOS,BOS,1
20240713_LAD@DET,2024-07-13,DET,LAD,11,9,1.0,0.49918805930227256,0.5,LAD,DET,0
20240713_MIA@CIN,2024-07-13,CIN,MIA,10,6,1.0,0.5672046995557126,0.5572,CIN,CIN,1
20240713_MIN@SF,2024-07-13,SF,MIN,2,4,0.0,0.5006891963622835,0.5,SF,MIN,0
20240713_NYY@BAL,2024-07-13,BAL,NYY,1,6,0.0,0.5414676669451987,0.5328,BAL,NYY,0
20240713_PIT@CWS,2024-07-13,CWS,PIT,2,6,0.0,0.4631033860980245,0.4716,PIT,PIT,1
20240713_SEA@LAA,2024-07-13,LAA,SEA,2,1,1.0,0.49202593800434197,0.4989,SEA,LAA,0
20240713_TEX@HOU,2024-07-13,HOU,TEX,1,2,0.0,0.5402866094966017,0.5316,HOU,TEX,0
20240713_TOR@AZ,2024-07-13,AZ,TOR,12,1,1.0,0.5773260902792686,0.5668,AZ,AZ,1
20240713_WSH@MIL,2024-07-13,MIL,WSH,5,6,0.0,0.5750093409406718,0.5646,MIL,WSH,0
20240712_ATH@PHI,2024-07-12,PHI,ATH,2,6,0.0,0.6335308886392448,0.6204,PHI,ATH,0
20240712_ATL@SD,2024-07-12,SD,ATL,1,6,0.0,0.5280722418049272,0.5201,SD,ATL,0
20240712_CHC@STL,2024-07-12,STL,CHC,1,5,0.0,0.572480504991377,0.5622,STL,CHC,0
20240712_CLE@TB,2024-07-12,TB,CLE,2,0,1.0,0.5065525575516396,0.5,TB,TB,1
20240712_COL@NYM,2024-07-12,NYM,COL,7,6,1.0,0.6073315184292948,0.5954,NYM,NYM,1
20240712_KC@BOS,2024-07-12,BOS,KC,1,6,0.0,0.5231310894503529,0.5154,BOS,KC,0
20240712_LAD@DET,2024-07-12,DET,LAD,3,4,0.0,0.5022446153608295,0.5,DET,LAD,0
20240712_MIA@CIN,2024-07-12,CIN,MIA,7,4,1.0,0.6043633373095697,0.5925,CIN,CIN,1
20240712_MIN@SF,2024-07-12,SF,MIN,7,1,1.0,0.513982716034735,0.5067,SF,SF,1
20240712_NYY@BAL,2024-07-12,BAL,NYY,1,4,0.0,0.5310606793486237,0.5229,BAL,NYY,0
20240712_PIT@CWS,2024-07-12,CWS,PIT,1,4,0.0,0.48545135570674264,0.4927,PIT,PIT,1
20240712_SEA@LAA,2024-07-12,LAA,SEA,6,5,1.0,0.4840527684395864,0.4914,SEA,LAA,0
20240712_TEX@HOU,2024-07-12,HOU,TEX,6,3,1.0,0.5337868511457212,0.5255,HOU,HOU,1
20240712_TOR@AZ,2024-07-12,AZ,TOR,5,4,1.0,0.5344709369170298,0.5261,AZ,AZ,1
20240712_WSH@MIL,2024-07-12,MIL,WSH,2,5,0.0,0.5708189333290856,0.5606,MIL,WSH,0
20240711_ATH@BOS,2024-07-11,BOS,ATH,7,0,1.0,0.6120804608919518,0.5999,BOS,BOS,1
20240711_ATL@AZ,2024-07-11,AZ,ATL,1,0,1.0,0.5157481241170127,0.5084,AZ,AZ,1
20240711_CHC@BAL,2024-07-11,BAL,CHC,0,8,0.0,0.5736656488646197,0.5633,BAL,CHC,0
20240711_CLE@DET,2024-07-11,DET,CLE,10,1,1.0,0.4946871760180447,0.5,CLE,DET,0
20240711_COL@CIN,2024-07-11,CIN,COL,8,1,1.0,0.6044338847117988,0.5926,CIN,CIN,1
20240711_LAD@PHI,2024-07-11,PHI,LAD,5,1,1.0,0.5476373906825269,0.5386,PHI,PHI,1
20240711_MIA@HOU,2024-07-11,HOU,MIA,6,3,1.0,0.6071118253572146,0.5952,HOU,HOU,1
20240711_NYY@TB,2024-07-11,TB,NYY,5,4,1.0,0.49190913073085,0.4988,NYY,TB,0
20240711_PIT@MIL,2024-07-11,MIL,PIT,0,1,0.0,0.5521105469712562,0.5428,MIL,PIT,0
20240711_SEA@LAA,2024-07-11,LAA,SEA,0,11,0.0,0.4772872390381948,0.485,SEA,SEA,1
20240711_TOR@SF,2024-07-11,SF,TOR,3,5,0.0,0.5297519380110862,0.5217,SF,TOR,0
20240711_WSH@NYM,2024-07-11,NYM,WSH,7,0,1.0,0.5591668649931586,0.5495,NYM,NYM,1
20240710_ATH@BOS,2024-07-10,BOS,ATH,2,5,0.0,0.6560624393473964,0.6784,BOS,ATH,0
20240710_ATL@AZ,2024-07-10,AZ,ATL,7,5,1.0,0.5139727103773065,0.5084,AZ,AZ,1
20240710_CHC@BAL,2024-07-10,BAL,CHC,0,4,0.0,0.6015935333455893,0.614,BAL,CHC,0
20240710_CLE@DET,2024-07-10,DET,CLE,5,4,1.0,0.4457544377244589,0.4429,CLE,DET,0
20240710_COL@CIN,2024-07-10,CIN,COL,5,6,0.0,0.6153502540865065,0.6304,CIN,COL,0
20240710_KC@STL,2024-07-10,STL,KC,4,6,0.0,0.557083099068574,0.5605,STL,KC,0
20240710_KC@STL_2,2024-07-10,STL,KC,5,8,0.0,0.5342680020360462,0.5329,STL,KC,0
20240710_LAD@PHI,2024-07-10,PHI,LAD,4,3,1.0,0.5447992541118235,0.5457,PHI,PHI,1
20240710_MIA@HOU,2024-07-10,HOU,MIA,9,1,1.0,0.6154873410343905,0.6305,HOU,HOU,1
20240710_MIN@CWS,2024-07-10,CWS,MIN,2,3,0.0,0.39673512629383106,0.384,MIN,MIN,1
20240710_MIN@CWS_2,2024-07-10,CWS,MIN,3,1,1.0,0.40334591123236,0.3919,MIN,CWS,0
20240710_NYY@TB,2024-07-10,TB,NYY,1,2,0.0,0.4753150935759975,0.4787,NYY,NYY,1
20240710_PIT@MIL,2024-07-10,MIL,PIT,9,0,1.0,0.5701888457637531,0.5763,MIL,MIL,1
20240710_SEA@SD,2024-07-10,SD,SEA,0,2,0.0,0.5558135528930963,0.559,SD,SEA,0
20240710_TEX@LAA,2024-07-10,LAA,TEX,7,2,1.0,0.499583460405416,0.5,TEX,LAA,0
20240710_TOR@SF,2024-07-10,SF,TOR,6,10,0.0,0.5700637407357952,0.5761,SF,TOR,0
20240710_WSH@NYM,2024-07-10,NYM,WSH,6,2,1.0,0.528968800380471,0.5265,NYM,NYM,1
20240709_ATH@BOS,2024-07-09,BOS,ATH,12,9,1.0,0.6092376204805988,0.6231,BOS,BOS,1
20240709_ATL@AZ,2024-07-09,AZ,ATL,2,6,0.0,0.5124181046280959,0.5065,AZ,ATL,0
20240709_CHC@BAL,2024-07-09,BAL,CHC,2,9,0.0,0.6503965050166961,0.6718,BAL,CHC,0
20240709_CLE@DET,2024-07-09,DET,CLE,8,9,0.0,0.4755303462863571,0.4789,CLE,CLE,1
20240709_COL@CIN,2024-07-09,CIN,COL,12,6,1.0,0.6026223243883224,0.6152,CIN,CIN,1
20240709_LAD@PHI,2024-07-09,PHI,LAD,10,1,1.0,0.556358055292206,0.5596,PHI,PHI,1
20240709_MIA@HOU,2024-07-09,HOU,MIA,4,3,1.0,0.6193707665285658,0.6351,HOU,HOU,1
20240709_NYY@TB,2024-07-09,TB,NYY,5,3,1.0,0.47464519455328974,0.4778,NYY,TB,0
20240709_PIT@MIL,2024-07-09,MIL,PIT,2,12,0.0,0.5936207628959601,0.6044,MIL,PIT,0
20240709_SEA@SD,2024-07-09,SD,SEA,3,8,0.0,0.5542515558682329,0.5571,SD,SEA,0
20240709_TEX@LAA,2024-07-09,LAA,TEX,4,5,0.0,0.5187144063553774,0.5141,LAA,TEX,0
20240709_TOR@SF,2024-07-09,SF,TOR,4,3,1.0,0.5717103633159812,0.5781,SF,SF,1
20240709_WSH@NYM,2024-07-09,NYM,WSH,7,5,1.0,0.5259615023834633,0.5229,NYM,NYM,1
20240708_ATL@AZ,2024-07-08,AZ,ATL,4,5,0.0,0.5181867348554637,0.5135,AZ,ATL,0
20240708_CLE@DET,2024-07-08,DET,CLE,1,0,1.0,0.4780720857906777,0.482,CLE,DET,0
20240708_COL@CIN,2024-07-08,CIN,COL,6,0,1.0,0.5676590229884962,0.5732,CIN,CIN,1
20240708_MIN@CWS,2024-07-08,CWS,MIN,6,8,0.0,0.39391588931000265,0.3807,MIN,MIN,1
20240708_NYM@PIT,2024-07-08,PIT,NYM,8,2,1.0,0.5247648940609089,0.5214,PIT,PIT,1
20240708_STL@WSH,2024-07-08,WSH,STL,0,6,0.0,0.5519008385315888,0.5542,WSH,STL,0
20240708_TEX@LAA,2024-07-08,LAA,TEX,4,9,0.0,0.5281917629828909,0.5256,LAA,TEX,0
20240707_AZ@SD,2024-07-07,SD,AZ,1,9,0.0,0.5623305432520734,0.5668,SD,AZ,0
20240707_BAL@ATH,2024-07-07,ATH,BAL,3,6,0.0,0.4152805272167663,0.4063,BAL,BAL,1
20240707_BOS@NYY,2024-07-07,NYY,BOS,0,3,0.0,0.5535086741706539,0.5562,NYY,BOS,0
20240707_CWS@MIA,2024-07-07,MIA,CWS,7,4,1.0,0.5573129553294008,0.5608,MIA,MIA,1
20240707_DET@CIN,2024-07-07,CIN,DET,1,5,0.0,0.5702510659976917,0.5764,CIN,DET,0
20240707_HOU@MIN,2024-07-07,MIN,HOU,3,2,1.0,0.5227632607661213,0.519,MIN,MIN,1
20240707_KC@COL,2024-07-07,COL,KC,1,10,0.0,0.4652484662625077,0.4665,KC,KC,1
20240707_LAA@CHC,2024-07-07,CHC,LAA,5,0,1.0,0.5701561701831149,0.5762,CHC,CHC,1
20240707_MIL@LAD,2024-07-07,LAD,MIL,2,9,0.0,0.5629145627645017,0.5675,LAD,MIL,0
20240707_NYM@PIT,2024-07-07,PIT,NYM,2,3,0.0,0.4997300489399362,0.5,NYM,NYM,1
20240707_PHI@ATL,2024-07-07,ATL,PHI,6,0,1.0,0.4818442287814263,0.4865,PHI,ATL,0
20240707_SF@CLE,2024-07-07,CLE,SF,5,4,1.0,0.596192488626171,0.6075,CLE,CLE,1
20240707_STL@WSH,2024-07-07,WSH,STL,3,8,0.0,0.5792754592940272,0.5872,WSH,STL,0
20240707_TB@TEX,2024-07-07,TEX,TB,13,2,1.0,0.5082905133740021,0.5015,TEX,TEX,1
20240707_TOR@SEA,2024-07-07,SEA,TOR,4,5,0.0,0.5833835910250192,0.5921,SEA,TOR,0
20240706_AZ@SD,2024-07-06,SD,AZ,5,7,0.0,0.5577097055371025,0.5612,SD,AZ,0
20240706_BAL@ATH,2024-07-06,ATH,BAL,19,8,1.0,0.4542620902107675,0.4532,BAL,ATH,0
20240706_BOS@NYY,2024-07-06,NYY,BOS,14,4,1.0,0.5353479735444933,0.5342,NYY,NYY,1
20240706_CWS@MIA,2024-07-06,MIA,CWS,4,3,1.0,0.5122524989586726,0.5063,MIA,MIA,1
20240706_DET@CIN,2024-07-06,CIN,DET,3,5,0.0,0.5568736245116895,0.5602,CIN,DET,0
20240706_HOU@MIN,2024-07-06,MIN,HOU,9,3,1.0,0.5755646849561264,0.5827,MIN,MIN,1
20240706_KC@COL,2024-07-06,COL,KC,3,1,1.0,0.46507458200490354,0.4663,KC,COL,0
20240706_LAA@CHC,2024-07-06,CHC,LAA,0,7,0.0,0.5326393159564958,0.531,CHC,LAA,0
20240706_MIL@LAD,2024-07-06,LAD,MIL,5,3,1.0,0.5290233738081328,0.5266,LAD,LAD,1
20240706_NYM@PIT,2024-07-06,PIT,NYM,2,5,0.0,0.4950775099970515,0.5,NYM,NYM,1
20240706_PHI@ATL,2024-07-06,ATL,PHI,5,1,1.0,0.47757898034427176,0.4814,PHI,ATL,0
20240706_SF@CLE,2024-07-06,CLE,SF,5,4,1.0,0.6399663363589424,0.6595,CLE,CLE,1
20240706_STL@WSH,2024-07-06,WSH,STL,14,6,1.0,0.5373321811024628,0.5366,WSH,WSH,1
20240706_TB@TEX,2024-07-06,TEX,TB,4,3,1.0,0.4843580486333636,0.4896,TB,TEX,0
20240706_TOR@SEA,2024-07-06,SEA,TOR,4,5,0.0,0.6072178633599444,0.6207,SEA,TOR,0
20240705_AZ@SD,2024-07-05,SD,AZ,10,8,1.0,0.5374851379346598,0.5368,SD,SD,1
20240705_BAL@ATH,2024-07-05,ATH,BAL,2,3,0.0,0.42344118838036243,0.4161,BAL,BAL,1
20240705_BOS@NYY,2024-07-05,NYY,BOS,3,5,0.0,0.54788859101645,0.5494,NYY,BOS,0
20240705_CWS@MIA,2024-07-05,MIA,CWS,2,3,0.0,0.5462509858663605,0.5474,MIA,CWS,0
20240705_DET@CIN,2024-07-05,CIN,DET,4,5,0.0,0.5542100606966216,0.557,CIN,DET,0
20240705_HOU@MIN,2024-07-05,MIN,HOU,12,13,0.0,0.5472376110680534,0.5486,MIN,HOU,0
20240705_KC@COL,2024-07-05,COL,KC,4,2,1.0,0.46563120326605684,0.4669,KC,COL,0
20240705_LAA@CHC,2024-07-05,CHC,LAA,5,1,1.0,0.5355961826626542,0.5345,CHC,CHC,1
20240705_MIL@LAD,2024-07-05,LAD,MIL,8,5,1.0,0.5336116739179165,0.5321,LAD,LAD,1
20240705_NYM@PIT,2024-07-05,PIT,NYM,14,2,1.0,0.5107174205350501,0.5045,PIT,PIT,1
20240705_PHI@ATL,2024-07-05,ATL,PHI,6,8,0.0,0.49911200115621585,0.5,PHI,PHI,1
20240705_SF@CLE,2024-07-05,CLE,SF,2,4,0.0,0.635835086174325,0.6546,CLE,SF,0
20240705_STL@WSH,2024-07-05,WSH,STL,6,7,0.0,0.5137336465072413,0.5081,WSH,STL,0
20240705_TB@TEX,2024-07-05,TEX,TB,3,0,1.0,0.493502775051662,0.5,TB,TEX,0
20240705_TOR@SEA,2024-07-05,SEA,TOR,2,1,1.0,0.5875937619755819,0.5972,SEA,SEA,1
20240704_AZ@LAD,2024-07-04,LAD,AZ,3,9,0.0,0.5513847262696292,0.5536,LAD,AZ,0
20240704_BAL@SEA,2024-07-04,SEA,BAL,7,3,1.0,0.4616865596568187,0.4622,BAL,SEA,0
20240704_BOS@MIA,2024-07-04,MIA,BOS,5,6,0.0,0.41128640947908746,0.4015,BOS,BOS,1
20240704_CIN@NYY,2024-07-04,NYY,CIN,4,8,0.0,0.5609671552711787,0.5652,NYY,CIN,0
20240704_CWS@CLE,2024-07-04,CLE,CWS,8,4,1.0,0.7029573876620997,0.7324,CLE,CLE,1
20240704_DET@MIN,2024-07-04,MIN,DET,12,3,1.0,0.6138133400664967,0.6285,MIN,MIN,1
20240704_HOU@TOR,2024-07-04,TOR,HOU,3,5,0.0,0.4922095642539397,0.4991,HOU,HOU,1
20240704_LAA@ATH,2024-07-04,ATH,LAA,5,0,1.0,0.4886169288622855,0.4947,LAA,ATH,0
20240704_MIL@COL,2024-07-04,COL,MIL,4,3,1.0,0.42390152401353065,0.4166,MIL,COL,0
20240704_NYM@WSH,2024-07-04,WSH,NYM,1,0,1.0,0.5038416419727895,0.5,WSH,WSH,1
20240704_PHI@CHC,2024-07-04,CHC,PHI,10,2,1.0,0.4206437162466017,0.4127,PHI,CHC,0
20240704_SD@TEX,2024-07-04,TEX,SD,1,3,0.0,0.48632890369996573,0.492,SD,SD,1
20240704_SF@ATL,2024-07-04,ATL,SF,2,4,0.0,0.5729698004498797,0.5796,ATL,SF,0
20240704_STL@PIT,2024-07-04,PIT,STL,2,3,0.0,0.535272789744262,0.5341,PIT,STL,0
20240704_TB@KC,2024-07-04,KC,TB,8,10,0.0,0.5662514414734676,0.5715,KC,TB,0
20240703_AZ@LAD,2024-07-03,LAD,AZ,4,12,0.0,0.592852570806688,0.632,LAD,AZ,0
20240703_BAL@SEA,2024-07-03,SEA,BAL,1,4,0.0,0.46986775379818485,0.4699,BAL,BAL,1
20240703_BOS@MIA,2024-07-03,MIA,BOS,2,7,0.0,0.4246420833627172,0.396,BOS,BOS,1
20240703_CIN@NYY,2024-07-03,NYY,CIN,2,3,0.0,0.5807296038224375,0.6127,NYY,CIN,0
20240703_CWS@CLE,2024-07-03,CLE,CWS,2,8,0.0,0.6854082735142939,0.7695,CLE,CWS,0
20240703_DET@MIN,2024-07-03,MIN,DET,2,9,0.0,0.5778965187599054,0.6081,MIN,DET,0
20240703_HOU@TOR,2024-07-03,TOR,HOU,2,9,0.0,0.5239296294521905,0.5198,TOR,HOU,0
20240703_LAA@ATH,2024-07-03,ATH,LAA,5,0,1.0,0.4780296142328762,0.4834,LAA,ATH,0
20240703_MIL@COL,2024-07-03,COL,MIL,0,3,0.0,0.45089359655722877,0.4387,MIL,MIL,1
20240703_NYM@WSH,2024-07-03,WSH,NYM,7,5,1.0,0.4650542768559299,0.462,NYM,WSH,0
20240703_PHI@CHC,2024-07-03,CHC,PHI,3,5,0.0,0.4526017484828862,0.4415,PHI,PHI,1
20240703_SD@TEX,2024-07-03,TEX,SD,4,6,0.0,0.5399318374750324,0.5462,TEX,SD,0
20240703_SF@ATL,2024-07-03,ATL,SF,3,1,1.0,0.5476096546563534,0.5588,ATL,ATL,1
20240703_STL@PIT,2024-07-03,PIT,STL,5,4,1.0,0.5434869961597287,0.552,PIT,PIT,1
20240703_TB@KC,2024-07-03,KC,TB,4,2,1.0,0.5267824201821936,0.5245,KC,KC,1
20240702_AZ@LAD,2024-07-02,LAD,AZ,6,5,1.0,0.6017602982333223,0.6461,LAD,LAD,1
20240702_BAL@SEA,2024-07-02,SEA,BAL,0,2,0.0,0.46751829194310424,0.4661,BAL,BAL,1
20240702_BOS@MIA,2024-07-02,MIA,BOS,3,8,0.0,0.43545336017272623,0.4135,BOS,BOS,1
20240702_CIN@NYY,2024-07-02,NYY,CIN,4,5,0.0,0.6202285733870709,0.6748,NYY,CIN,0
20240702_CWS@CLE,2024-07-02,CLE,CWS,7,6,1.0,0.6868125528414581,0.7714,CLE,CLE,1
20240702_DET@MIN,2024-07-02,MIN,DET,5,3,1.0,0.5782258359193372,0.6086,MIN,MIN,1
20240702_HOU@TOR,2024-07-02,TOR,HOU,7,6,1.0,0.5064539587780309,0.5,TOR,TOR,1
20240702_LAA@ATH,2024-07-02,ATH,LAA,7,5,1.0,0.4943338444538718,0.5,LAA,ATH,0
20240702_MIL@COL,2024-07-02,COL,MIL,3,4,0.0,0.48805465208968724,0.5,MIL,MIL,1
20240702_NYM@WSH,2024-07-02,WSH,NYM,2,7,0.0,0.5161753576560765,0.507,WSH,NYM,0
20240702_PHI@CHC,2024-07-02,CHC,PHI,4,6,0.0,0.4298787065622804,0.4045,PHI,PHI,1
20240702_SD@TEX,2024-07-02,TEX,SD,7,0,1.0,0.4637287683189962,0.4598,SD,TEX,0
20240702_SF@ATL,2024-07-02,ATL,SF,3,5,0.0,0.5578975271674632,0.5756,ATL,SF,0
20240702_STL@PIT,2024-07-02,PIT,STL,4,7,0.0,0.5323216773876508,0.5337,PIT,STL,0
20240702_TB@KC,2024-07-02,KC,TB,1,5,0.0,0.5381028998223149,0.5432,KC,TB,0
20240701_HOU@TOR,2024-07-01,TOR,HOU,1,3,0.0,0.5218065310648039,0.5163,TOR,HOU,0
20240701_MIL@COL,2024-07-01,COL,MIL,8,7,1.0,0.4444307379258568,0.4282,MIL,COL,0
20240701_NYM@WSH,2024-07-01,WSH,NYM,7,9,0.0,0.5282671468756043,0.527,WSH,NYM,0
20240630_ATH@AZ,2024-06-30,AZ,ATH,5,1,1.0,0.6162144486407339,0.6686,AZ,AZ,1
20240630_CHC@MIL,2024-06-30,MIL,CHC,7,1,1.0,0.6298253811107203,0.6895,MIL,MIL,1
20240630_CIN@STL,2024-06-30,STL,CIN,2,0,1.0,0.5300706761272133,0.5299,STL,STL,1
20240630_CLE@KC,2024-06-30,KC,CLE,6,2,1.0,0.5063789735793472,0.5,KC,KC,1
20240630_COL@CWS,2024-06-30,CWS,COL,4,5,0.0,0.584833546173667,0.6192,CWS,COL,0
20240630_DET@LAA,2024-06-30,LAA,DET,6,7,0.0,0.5029370399416981,0.5,LAA,DET,0
20240630_HOU@NYM,2024-06-30,NYM,HOU,5,10,0.0,0.5125290870702144,0.501,NYM,HOU,0
20240630_LAD@SF,2024-06-30,SF,LAD,10,4,1.0,0.5244801925450415,0.5207,SF,SF,1
20240630_MIA@PHI,2024-06-30,PHI,MIA,7,6,1.0,0.6805452328311031,0.7628,PHI,PHI,1
20240630_MIN@SEA,2024-06-30,SEA,MIN,3,5,0.0,0.5257939414698519,0.5229,SEA,MIN,0
20240630_NYY@TOR,2024-06-30,TOR,NYY,1,8,0.0,0.491956578117525,0.5,NYY,NYY,1
20240630_PIT@ATL,2024-06-30,ATL,PIT,2,4,0.0,0.590274845116596,0.6279,ATL,PIT,0
20240630_SD@BOS,2024-06-30,BOS,SD,4,1,1.0,0.5072309847980353,0.5,BOS,BOS,1
20240630_TEX@BAL,2024-06-30,BAL,TEX,2,11,0.0,0.6202462072037837,0.6749,BAL,TEX,0
20240630_WSH@TB,2024-06-30,TB,WSH,5,0,1.0,0.5389943182688635,0.5447,TB,TB,1
20240629_ATH@AZ,2024-06-29,AZ,ATH,3,0,1.0,0.601494440634061,0.6457,AZ,AZ,1
20240629_CHC@MIL,2024-06-29,MIL,CHC,3,5,0.0,0.5955954807053581,0.6364,MIL,CHC,0
20240629_CIN@STL,2024-06-29,STL,CIN,4,9,0.0,0.5827640817566195,0.6159,STL,CIN,0
20240629_CLE@KC,2024-06-29,KC,CLE,2,7,0.0,0.5165329762849473,0.5076,KC,CLE,0
20240629_COL@CWS,2024-06-29,CWS,COL,11,3,1.0,0.5540941556344051,0.5694,CWS,CWS,1
20240629_DET@LAA,2024-06-29,LAA,DET,6,5,1.0,0.5297406855373602,0.5294,LAA,LAA,1
20240629_HOU@NYM,2024-06-29,NYM,HOU,6,9,0.0,0.5858437216844592,0.6209,NYM,HOU,0
20240629_LAD@SF,2024-06-29,SF,LAD,7,14,0.0,0.4864008786426939,0.4972,LAD,LAD,1
20240629_MIA@PHI,2024-06-29,PHI,MIA,2,3,0.0,0.6547294342121682,0.7264,PHI,MIA,0
20240629_MIN@SEA,2024-06-29,SEA,MIN,1,5,0.0,0.5201460850262324,0.5136,SEA,MIN,0
20240629_NYY@TOR,2024-06-29,TOR,NYY,9,3,1.0,0.4712024995970121,0.4721,NYY,TOR,0
20240629_PIT@ATL,2024-06-29,ATL,PIT,2,1,1.0,0.5439878850925445,0.5529,ATL,ATL,1
20240629_SD@BOS,2024-06-29,BOS,SD,1,11,0.0,0.5151922324347417,0.5054,BOS,SD,0
20240629_TEX@BAL,2024-06-29,BAL,TEX,6,5,1.0,0.6157925160975778,0.668,BAL,BAL,1
20240629_WSH@TB,2024-06-29,TB,WSH,1,8,0.0,0.5256657604529988,0.5227,TB,WSH,0
20240628_ATH@AZ,2024-06-28,AZ,ATH,4,9,0.0,0.6036452231301839,0.6491,AZ,ATH,0
20240628_CHC@MIL,2024-06-28,MIL,CHC,4,2,1.0,0.6031464484183563,0.6483,MIL,MIL,1
20240628_CIN@STL,2024-06-28,STL,CIN,1,0,1.0,0.5453197904886933,0.555,STL,STL,1
20240628_CLE@KC,2024-06-28,KC,CLE,10,3,1.0,0.4869555860697431,0.4981,CLE,KC,0
20240628_COL@CWS,2024-06-28,CWS,COL,5,3,1.0,0.5345606360745526,0.5373,CWS,CWS,1
20240628_DET@LAA,2024-06-28,LAA,DET,5,2,1.0,0.5095455113493107,0.5,LAA,LAA,1
20240628_HOU@NYM,2024-06-28,NYM,HOU,7,2,1.0,0.53544379644159,0.5388,NYM,NYM,1
20240628_LAD@SF,2024-06-28,SF,LAD,5,3,1.0,0.47815860114468817,0.4836,LAD,SF,0
20240628_MIA@PHI,2024-06-28,PHI,MIA,2,0,1.0,0.6701914655829909,0.7485,PHI,PHI,1
20240628_MIN@SEA,2024-06-28,SEA,MIN,3,2,1.0,0.5479432346029209,0.5594,SEA,SEA,1
20240628_NYY@TOR,2024-06-28,TOR,NYY,5,16,0.0,0.4861327779018426,0.4968,NYY,NYY,1
20240628_PIT@ATL,2024-06-28,ATL,PIT,6,1,1.0,0.5734839101990007,0.601,ATL,ATL,1
20240628_SD@BOS,2024-06-28,BOS,SD,2,9,0.0,0.5458514408186066,0.5559,BOS,SD,0
20240628_TEX@BAL,2024-06-28,BAL,TEX,2,1,1.0,0.6471693724518484,0.7154,BAL,BAL,1
20240628_WSH@TB,2024-06-28,TB,WSH,3,1,1.0,0.517308269542571,0.5089,TB,TB,1
20240627_ATL@CWS,2024-06-27,CWS,ATL,1,0,1.0,0.39611735507112544,0.3506,ATL,CWS,0
20240627_CHC@SF,2024-06-27,SF,CHC,3,5,0.0,0.5606340854698343,0.5801,SF,CHC,0
20240627_CIN@STL,2024-06-27,STL,CIN,4,11,0.0,0.5516581158988193,0.5654,STL,CIN,0
20240627_CLE@KC,2024-06-27,KC,CLE,2,1,1.0,0.49698747887063005,0.5,CLE,KC,0
20240627_DET@LAA,2024-06-27,LAA,DET,5,0,1.0,0.5034095324733192,0.5,LAA,LAA,1
20240627_MIA@PHI,2024-06-27,PHI,MIA,4,7,0.0,0.6942769426592352,0.7814,PHI,MIA,0
20240627_MIN@AZ,2024-06-27,AZ,MIN,6,13,0.0,0.47661152613619956,0.4811,MIN,MIN,1
20240627_NYY@TOR,2024-06-27,TOR,NYY,9,2,1.0,0.42806292521523814,0.4015,NYY,TOR,0
20240627_TEX@BAL,2024-06-27,BAL,TEX,11,2,1.0,0.6234617595209402,0.6798,BAL,BAL,1
20240626_ATH@LAA,2024-06-26,LAA,ATH,5,2,1.0,0.5666508791561934,0.5799,LAA,LAA,1
20240626_ATL@STL,2024-06-26,STL,ATL,4,1,1.0,0.5039778577694946,0.5,STL,STL,1
20240626_ATL@STL_2,2024-06-26,STL,ATL,2,6,0.0,0.5093908478118918,0.5013,STL,ATL,0
20240626_CHC@SF,2024-06-26,SF,CHC,4,3,1.0,0.5318951161658535,0.5322,SF,SF,1
20240626_CLE@BAL,2024-06-26,BAL,CLE,4,2,1.0,0.5459412097663338,0.5515,BAL,BAL,1
20240626_COL@HOU,2024-06-26,HOU,COL,7,1,1.0,0.6057297133976871,0.6327,HOU,HOU,1
20240626_LAD@CWS,2024-06-26,CWS,LAD,0,4,0.0,0.3862908482353056,0.3566,LAD,LAD,1
20240626_MIA@KC,2024-06-26,KC,MIA,5,1,1.0,0.6020086146987579,0.6278,KC,KC,1
20240626_MIN@AZ,2024-06-26,AZ,MIN,3,8,0.0,0.4924024171770801,0.5,MIN,MIN,1
20240626_NYY@NYM,2024-06-26,NYM,NYY,12,2,1.0,0.4597591626058978,0.4563,NYY,NYM,0
20240626_PHI@DET,2024-06-26,DET,PHI,2,6,0.0,0.44366014434574935,0.4342,PHI,PHI,1
20240626_PIT@CIN,2024-06-26,CIN,PIT,1,6,0.0,0.5480153981386954,0.5544,CIN,PIT,0
20240626_SEA@TB,2024-06-26,TB,SEA,2,5,0.0,0.50690016795894,0.5,TB,SEA,0
20240626_TEX@MIL,2024-06-26,MIL,TEX,6,5,1.0,0.5604545648629816,0.5714,MIL,MIL,1
20240626_TOR@BOS,2024-06-26,BOS,TOR,1,4,0.0,0.5474061386310632,0.5536,BOS,TOR,0
20240626_WSH@SD,2024-06-26,SD,WSH,8,5,1.0,0.5143676540325363,0.5081,SD,SD,1
20240625_ATH@LAA,2024-06-25,LAA,ATH,7,5,1.0,0.5111903503757931,0.5038,LAA,LAA,1
20240625_CHC@SF,2024-06-25,SF,CHC,5,1,1.0,0.561223540368696,0.5725,SF,SF,1
20240625_CLE@BAL,2024-06-25,BAL,CLE,8,10,0.0,0.5180191775645379,0.5132,BAL,CLE,0
20240625_COL@HOU,2024-06-25,HOU,COL,5,2,1.0,0.6100058626131001,0.6385,HOU,HOU,1
20240625_LAD@CWS,2024-06-25,CWS,LAD,3,4,0.0,0.3974884238737108,0.3716,LAD,LAD,1
20240625_MIA@KC,2024-06-25,KC,MIA,1,2,0.0,0.6599610507884325,0.7038,KC,MIA,0
20240625_MIN@AZ,2024-06-25,AZ,MIN,5,4,1.0,0.5033343631453949,0.5,AZ,AZ,1
20240625_NYY@NYM,2024-06-25,NYM,NYY,9,7,1.0,0.44431515398151245,0.4351,NYY,NYM,0
20240625_PHI@DET,2024-06-25,DET,PHI,4,1,1.0,0.4258397176530155,0.4099,PHI,DET,0
20240625_PIT@CIN,2024-06-25,CIN,PIT,5,9,0.0,0.5410978152363013,0.5449,CIN,PIT,0
20240625_SEA@TB,2024-06-25,TB,SEA,11,3,1.0,0.48201946869637163,0.4869,SEA,TB,0
20240625_TEX@MIL,2024-06-25,MIL,TEX,3,1,1.0,0.5458757914396514,0.5515,MIL,MIL,1
20240625_TOR@BOS,2024-06-25,BOS,TOR,4,9,0.0,0.5451367847495201,0.5504,BOS,TOR,0
20240625_WSH@SD,2024-06-25,SD,WSH,9,7,1.0,0.4952726302825069,0.5,WSH,SD,0
20240624_ATH@LAA,2024-06-24,LAA,ATH,5,1,1.0,0.5480290304104435,0.5544,LAA,LAA,1
20240624_ATL@STL,2024-06-24,STL,ATL,4,3,1.0,0.5083139992329704,0.5,STL,STL,1
20240624_CHC@SF,2024-06-24,SF,CHC,5,4,1.0,0.5700533370831056,0.5845,SF,SF,1
20240624_CLE@BAL,2024-06-24,BAL,CLE,2,3,0.0,0.5326420798890713,0.5333,BAL,CLE,0
20240624_LAD@CWS,2024-06-24,CWS,LAD,0,3,0.0,0.4035967365365615,0.3798,LAD,LAD,1
20240624_MIA@KC,2024-06-24,KC,MIA,4,1,1.0,0.6226757135369603,0.6553,KC,KC,1
20240624_PHI@DET,2024-06-24,DET,PHI,1,8,0.0,0.433941459863555,0.4209,PHI,PHI,1
20240624_PIT@CIN,2024-06-24,CIN,PIT,11,5,1.0,0.5432843599393811,0.5479,CIN,CIN,1
20240624_SEA@TB,2024-06-24,TB,SEA,4,3,1.0,0.4992831431663993,0.5,SEA,TB,0
20240624_TEX@MIL,2024-06-24,MIL,TEX,6,3,1.0,0.6161247374399893,0.6466,MIL,MIL,1
20240624_TOR@BOS,2024-06-24,BOS,TOR,7,6,1.0,0.5354889829549259,0.5372,BOS,BOS,1
20240624_WSH@SD,2024-06-24,SD,WSH,7,6,1.0,0.5440418828111655,0.5489,SD,SD,1
20240623_ATL@NYY,2024-06-23,NYY,ATL,1,3,0.0,0.564273986444495,0.5766,NYY,ATL,0
20240623_AZ@PHI,2024-06-23,PHI,AZ,4,1,1.0,0.6079994755386391,0.6358,PHI,PHI,1
20240623_BAL@HOU,2024-06-23,HOU,BAL,8,1,1.0,0.4688309750025678,0.4687,BAL,HOU,0
20240623_BOS@CIN,2024-06-23,CIN,BOS,4,7,0.0,0.48842106410593417,0.4957,BOS,BOS,1
20240623_CWS@DET,2024-06-23,DET,CWS,11,2,1.0,0.5711438209072792,0.586,DET,DET,1
20240623_KC@TEX,2024-06-23,TEX,KC,4,0,1.0,0.5236692831490608,0.5209,TEX,TEX,1
20240623_MIL@SD,2024-06-23,SD,MIL,2,6,0.0,0.5001293156510491,0.5,SD,MIL,0
20240623_MIN@ATH,2024-06-23,ATH,MIN,0,3,0.0,0.42286694857523466,0.4058,MIN,MIN,1
20240623_NYM@CHC,2024-06-23,CHC,NYM,2,5,0.0,0.5393128140845901,0.5424,CHC,NYM,0
20240623_SEA@MIA,2024-06-23,MIA,SEA,6,4,1.0,0.4304856561145257,0.4162,SEA,MIA,0
20240623_SF@STL,2024-06-23,STL,SF,5,3,1.0,0.5476965805978883,0.554,STL,STL,1
20240623_TB@PIT,2024-06-23,PIT,TB,1,3,0.0,0.5663503782577656,0.5795,PIT,TB,0
20240623_TOR@CLE,2024-06-23,CLE,TOR,6,5,1.0,0.6086610556578071,0.6367,CLE,CLE,1
20240623_WSH@COL,2024-06-23,COL,WSH,1,2,0.0,0.46984551851691336,0.4701,WSH,WSH,1
20240622_ATL@NYY,2024-06-22,NYY,ATL,8,3,1.0,0.5729662179231845,0.5885,NYY,NYY,1
20240622_AZ@PHI,2024-06-22,PHI,AZ,12,1,1.0,0.6142735222266913,0.6441,PHI,PHI,1
20240622_BAL@HOU,2024-06-22,HOU,BAL,5,1,1.0,0.4368685976150457,0.4249,BAL,HOU,0
20240622_BOS@CIN,2024-06-22,CIN,BOS,3,4,0.0,0.48761644507620844,0.4946,BOS,BOS,1
20240622_CWS@DET,2024-06-22,DET,CWS,1,5,0.0,0.5935335568545135,0.6164,DET,CWS,0
20240622_KC@TEX,2024-06-22,TEX,KC,6,0,1.0,0.49373530381437236,0.5,KC,TEX,0
20240622_LAA@LAD,2024-06-22,LAD,LAA,7,2,1.0,0.6473333013343866,0.6876,LAD,LAD,1
20240622_MIL@SD,2024-06-22,SD,MIL,6,4,1.0,0.4998485715690751,0.5,MIL,SD,0
20240622_MIN@ATH,2024-06-22,ATH,MIN,2,10,0.0,0.4382222900236375,0.4268,MIN,MIN,1
20240622_NYM@CHC,2024-06-22,CHC,NYM,8,1,1.0,0.5268599361402561,0.5253,CHC,CHC,1
20240622_SEA@MIA,2024-06-22,MIA,SEA,0,9,0.0,0.4093092728605564,0.3875,SEA,SEA,1
20240622_SF@STL,2024-06-22,STL,SF,9,4,1.0,0.5267871585749507,0.5252,STL,STL,1
20240622_TB@PIT,2024-06-22,PIT,TB,4,3,1.0,0.5659960199413517,0.579,PIT,PIT,1
20240622_TOR@CLE,2024-06-22,CLE,TOR,6,3,1.0,0.6152289935063652,0.6454,CLE,CLE,1
20240622_WSH@COL,2024-06-22,COL,WSH,8,7,1.0,0.4913250870293049,0.4997,WSH,COL,0
20240621_ATL@NYY,2024-06-21,NYY,ATL,1,8,0.0,0.5869239745197098,0.6074,NYY,ATL,0
20240621_AZ@PHI,2024-06-21,PHI,AZ,4,5,0.0,0.6101418405457524,0.6386,PHI,AZ,0
20240621_BAL@HOU,2024-06-21,HOU,BAL,14,11,1.0,0.44530622111989737,0.4365,BAL,HOU,0
20240621_BOS@CIN,2024-06-21,CIN,BOS,5,2,1.0,0.4928724570316234,0.5,BOS,CIN,0
20240621_CWS@DET,2024-06-21,DET,CWS,2,1,1.0,0.5859251911393544,0.6061,DET,DET,1
20240621_KC@TEX,2024-06-21,TEX,KC,6,2,1.0,0.4981193790349459,0.5,KC,TEX,0
20240621_LAA@LAD,2024-06-21,LAD,LAA,2,3,0.0,0.6162555992405956,0.6468,LAD,LAA,0
20240621_MIL@SD,2024-06-21,SD,MIL,9,5,1.0,0.5045568781542494,0.5,SD,SD,1
20240621_MIN@ATH,2024-06-21,ATH,MIN,6,5,1.0,0.4318824342210845,0.4181,MIN,ATH,0
20240621_NYM@CHC,2024-06-21,CHC,NYM,1,11,0.0,0.5245586270544995,0.5222,CHC,NYM,0
20240621_SEA@MIA,2024-06-21,MIA,SEA,3,2,1.0,0.42442181907187826,0.4079,SEA,MIA,0
20240621_TB@PIT,2024-06-21,PIT,TB,3,10,0.0,0.5243610605431998,0.5219,PIT,TB,0
20240621_TOR@CLE,2024-06-21,CLE,TOR,7,1,1.0,0.607557012897397,0.6352,CLE,CLE,1
20240621_WSH@COL,2024-06-21,COL,WSH,5,11,0.0,0.46085995875075303,0.4578,WSH,WSH,1
20240620_AZ@WSH,2024-06-20,WSH,AZ,2,5,0.0,0.5246883294271288,0.5223,WSH,AZ,0
20240620_BAL@NYY,2024-06-20,NYY,BAL,5,17,0.0,0.5404529659255357,0.544,NYY,BAL,0
20240620_HOU@CWS,2024-06-20,CWS,HOU,3,5,0.0,0.46172094590645024,0.459,HOU,HOU,1
20240620_KC@ATH,2024-06-20,ATH,KC,2,3,0.0,0.4679872443306239,0.4676,KC,KC,1
20240620_LAD@COL,2024-06-20,COL,LAD,3,5,0.0,0.389755473606298,0.3612,LAD,LAD,1
20240620_MIL@SD,2024-06-20,SD,MIL,7,6,1.0,0.5211389002075415,0.5175,SD,SD,1
20240620_SEA@CLE,2024-06-20,CLE,SEA,6,3,1.0,0.5626167190050431,0.5744,CLE,CLE,1
20240620_SF@STL,2024-06-20,STL,SF,6,5,1.0,0.5334330434533783,0.5344,STL,STL,1
20240620_TB@MIN,2024-06-20,MIN,TB,6,7,0.0,0.5936594560476667,0.6165,MIN,TB,0
20240619_AZ@WSH,2024-06-19,WSH,AZ,3,1,1.0,0.4895758222438775,0.4931,AZ,WSH,0
20240619_BAL@NYY,2024-06-19,NYY,BAL,6,7,0.0,0.5508751414640451,0.5591,NYY,BAL,0
20240619_BOS@TOR,2024-06-19,TOR,BOS,3,7,0.0,0.4763701339662283,0.4761,BOS,BOS,1
20240619_CIN@PIT,2024-06-19,PIT,CIN,1,0,1.0,0.5118313933197516,0.5087,PIT,PIT,1
20240619_DET@ATL,2024-06-19,ATL,DET,7,0,1.0,0.5615326377680315,0.5728,ATL,ATL,1
20240619_HOU@CWS,2024-06-19,CWS,HOU,1,4,0.0,0.4663081756930194,0.4631,HOU,HOU,1
20240619_KC@ATH,2024-06-19,ATH,KC,5,1,1.0,0.4587746731468945,0.4534,KC,ATH,0
20240619_LAD@COL,2024-06-19,COL,LAD,7,6,1.0,0.4150035910437663,0.3972,LAD,COL,0
20240619_MIL@LAA,2024-06-19,LAA,MIL,0,2,0.0,0.44729562235166864,0.4386,MIL,MIL,1
20240619_NYM@TEX,2024-06-19,TEX,NYM,5,3,1.0,0.48635186724465757,0.4889,NYM,TEX,0
20240619_SD@PHI,2024-06-19,PHI,SD,2,5,0.0,0.6125540020246216,0.6376,PHI,SD,0
20240619_SEA@CLE,2024-06-19,CLE,SEA,8,0,1.0,0.5751437731217777,0.5902,CLE,CLE,1
20240619_SF@CHC,2024-06-19,CHC,SF,6,5,1.0,0.4967208628427534,0.5,SF,CHC,0
20240619_STL@MIA,2024-06-19,MIA,STL,4,3,1.0,0.4299612516343581,0.4163,STL,MIA,0
20240619_TB@MIN,2024-06-19,MIN,TB,2,3,0.0,0.5741827059288754,0.589,MIN,TB,0
20240618_AZ@WSH,2024-06-18,WSH,AZ,0,5,0.0,0.5133770387270233,0.5107,WSH,AZ,0
20240618_BAL@NYY,2024-06-18,NYY,BAL,4,2,1.0,0.5512608700405144,0.5596,NYY,NYY,1
20240618_BOS@TOR,2024-06-18,TOR,BOS,3,4,0.0,0.4818125114888388,0.4831,BOS,BOS,1
20240618_CIN@PIT,2024-06-18,PIT,CIN,1,2,0.0,0.5079179700301725,0.5037,PIT,CIN,0
20240618_DET@ATL,2024-06-18,ATL,DET,2,1,1.0,0.5714287145769223,0.5854,ATL,ATL,1
20240618_HOU@CWS,2024-06-18,CWS,HOU,2,0,1.0,0.4589149676290308,0.4535,HOU,CWS,0
20240618_KC@ATH,2024-06-18,ATH,KC,7,5,1.0,0.4307105768569044,0.4173,KC,ATH,0
20240618_LAD@COL,2024-06-18,COL,LAD,9,11,0.0,0.38434516561805926,0.3585,LAD,LAD,1
20240618_MIL@LAA,2024-06-18,LAA,MIL,3,6,0.0,0.4491513577269694,0.441,MIL,MIL,1
20240618_NYM@TEX,2024-06-18,TEX,NYM,6,7,0.0,0.5069317978661882,0.5024,TEX,NYM,0
20240618_SD@PHI,2024-06-18,PHI,SD,4,3,1.0,0.5871311249902859,0.6055,PHI,PHI,1
20240618_SEA@CLE,2024-06-18,CLE,SEA,5,8,0.0,0.5637642399282047,0.5756,CLE,SEA,0
20240618_SF@CHC,2024-06-18,CHC,SF,5,2,1.0,0.5202219608315245,0.5195,CHC,CHC,1
20240618_STL@MIA,2024-06-18,MIA,STL,9,8,1.0,0.46130298705709044,0.4566,STL,MIA,0
20240618_TB@MIN,2024-06-18,MIN,TB,7,6,1.0,0.5750122933077322,0.59,MIN,MIN,1
20240617_BOS@TOR,2024-06-17,TOR,BOS,3,7,0.0,0.4963321304928908,0.5,BOS,BOS,1
20240617_CIN@PIT,2024-06-17,PIT,CIN,4,1,1.0,0.5496807068331928,0.5575,PIT,PIT,1
20240617_DET@ATL,2024-06-17,ATL,DET,2,1,1.0,0.5951222518351934,0.6156,ATL,ATL,1
20240617_LAD@COL,2024-06-17,COL,LAD,5,9,0.0,0.4375330138331277,0.426,LAD,LAD,1
20240617_MIL@LAA,2024-06-17,LAA,MIL,5,3,1.0,0.4833617020113026,0.4851,MIL,LAA,0
20240617_NYM@TEX,2024-06-17,TEX,NYM,2,14,0.0,0.5350724947806959,0.5387,TEX,NYM,0
20240617_SD@PHI,2024-06-17,PHI,SD,9,2,1.0,0.5972316185009102,0.6183,PHI,PHI,1
20240617_SF@CHC,2024-06-17,CHC,SF,6,7,0.0,0.5157004168963517,0.5137,CHC,SF,0
20240617_STL@MIA,2024-06-17,MIA,STL,6,7,0.0,0.4641417302384368,0.4603,STL,STL,1
20240616_ATH@MIN,2024-06-16,MIN,ATH,8,7,1.0,0.6057384884101958,0.6291,MIN,MIN,1
20240616_ATH@MIN_2,2024-06-16,MIN,ATH,6,2,1.0,0.6199937207119058,0.647,MIN,MIN,1
20240616_CIN@MIL,2024-06-16,MIL,CIN,5,4,1.0,0.5519204894705126,0.5604,MIL,MIL,1
20240616_CLE@TOR,2024-06-16,TOR,CLE,7,6,1.0,0.4335086244024469,0.4209,CLE,TOR,0
20240616_CWS@AZ,2024-06-16,AZ,CWS,12,5,1.0,0.580226973736588,0.5967,AZ,AZ,1
20240616_DET@HOU,2024-06-16,HOU,DET,4,1,1.0,0.5284138774276573,0.5301,HOU,HOU,1
20240616_KC@LAD,2024-06-16,LAD,KC,3,0,1.0,0.546948251098626,0.554,LAD,LAD,1
20240616_LAA@SF,2024-06-16,SF,LAA,13,6,1.0,0.5173105321108239,0.5158,SF,SF,1
20240616_MIA@WSH,2024-06-16,WSH,MIA,3,1,1.0,0.5743882048473851,0.5892,WSH,WSH,1
20240616_NYY@BOS,2024-06-16,BOS,NYY,9,3,1.0,0.43801307958500757,0.4267,NYY,BOS,0
20240616_PHI@BAL,2024-06-16,BAL,PHI,8,3,1.0,0.5232557333494776,0.5235,BAL,BAL,1
20240616_PIT@COL,2024-06-16,COL,PIT,2,8,0.0,0.5036267446767644,0.5,COL,PIT,0
20240616_SD@NYM,2024-06-16,NYM,SD,11,6,1.0,0.48304876058109875,0.4847,SD,NYM,0
20240616_STL@CHC,2024-06-16,CHC,STL,1,2,0.0,0.5563801605713249,0.5661,CHC,STL,0
20240616_TB@ATL,2024-06-16,ATL,TB,6,8,0.0,0.5740883225022946,0.5888,ATL,TB,0
20240616_TEX@SEA,2024-06-16,SEA,TEX,5,0,1.0,0.567884548844937,0.5809,SEA,SEA,1
20240615_CIN@MIL,2024-06-15,MIL,CIN,3,1,1.0,0.5406914460358886,0.546,MIL,MIL,1
20240615_CLE@TOR,2024-06-15,TOR,CLE,5,0,1.0,0.44061700570867757,0.43,CLE,TOR,0
20240615_CWS@AZ,2024-06-15,AZ,CWS,2,9,0.0,0.5850198697685565,0.6028,AZ,CWS,0
20240615_DET@HOU,2024-06-15,HOU,DET,5,13,0.0,0.523197449669747,0.5234,HOU,DET,0
20240615_KC@LAD,2024-06-15,LAD,KC,2,7,0.0,0.5508565288681504,0.559,LAD,KC,0
20240615_LAA@SF,2024-06-15,SF,LAA,3,4,0.0,0.5551303155146923,0.5645,SF,LAA,0
20240615_MIA@WSH,2024-06-15,WSH,MIA,4,0,1.0,0.5889926818730463,0.6078,WSH,WSH,1
20240615_NYY@BOS,2024-06-15,BOS,NYY,8,4,1.0,0.40867046484815794,0.3892,NYY,BOS,0
20240615_PHI@BAL,2024-06-15,BAL,PHI,6,2,1.0,0.5284820157706493,0.5302,BAL,BAL,1
20240615_PIT@COL,2024-06-15,COL,PIT,16,4,1.0,0.4160069719991621,0.3985,PIT,COL,0
20240615_SD@NYM,2024-06-15,NYM,SD,5,1,1.0,0.5011036353534887,0.5,NYM,NYM,1
20240615_STL@CHC,2024-06-15,CHC,STL,5,1,1.0,0.5334767898396702,0.5367,CHC,CHC,1
20240615_TB@ATL,2024-06-15,ATL,TB,9,2,1.0,0.55401780201566,0.5631,ATL,ATL,1
20240615_TEX@SEA,2024-06-15,SEA,TEX,7,5,1.0,0.5561564357589381,0.5659,SEA,SEA,1
20240614_ATH@MIN,2024-06-14,MIN,ATH,6,5,1.0,0.602699192040366,0.6252,MIN,MIN,1
20240614_CIN@MIL,2024-06-14,MIL,CIN,5,6,0.0,0.5569491016610152,0.5669,MIL,CIN,0
20240614_CLE@TOR,2024-06-14,TOR,CLE,1,3,0.0,0.4229512470775864,0.4074,CLE,CLE,1
20240614_CWS@AZ,2024-06-14,AZ,CWS,7,1,1.0,0.5914650668797065,0.611,AZ,AZ,1
20240614_DET@HOU,2024-06-14,HOU,DET,4,0,1.0,0.5066610726093823,0.502,HOU,HOU,1
20240614_KC@LAD,2024-06-14,LAD,KC,4,3,1.0,0.5520290369734672,0.5606,LAD,LAD,1
20240614_LAA@SF,2024-06-14,SF,LAA,6,8,0.0,0.5769751527069042,0.5925,SF,LAA,0
20240614_MIA@WSH,2024-06-14,WSH,MIA,8,1,1.0,0.5588069000343273,0.5693,WSH,WSH,1
20240614_NYY@BOS,2024-06-14,BOS,NYY,1,8,0.0,0.4159734849246375,0.3985,NYY,NYY,1
20240614_PHI@BAL,2024-06-14,BAL,PHI,3,5,0.0,0.5380317822643369,0.5425,BAL,PHI,0
20240614_PIT@COL,2024-06-14,COL,PIT,2,5,0.0,0.5269791623000902,0.5283,COL,PIT,0
20240614_SD@NYM,2024-06-14,NYM,SD,2,1,1.0,0.4789727753402392,0.4794,SD,NYM,0
20240614_STL@CHC,2024-06-14,CHC,STL,0,3,0.0,0.528047156254565,0.5296,CHC,STL,0
20240614_TB@ATL,2024-06-14,ATL,TB,7,3,1.0,0.5754090059961949,0.5905,ATL,ATL,1
20240614_TEX@SEA,2024-06-14,SEA,TEX,3,2,1.0,0.5462844571705823,0.5532,SEA,SEA,1
20240613_ATH@MIN,2024-06-13,MIN,ATH,6,2,1.0,0.6097852721097465,0.6342,MIN,MIN,1
20240613_ATL@BAL,2024-06-13,BAL,ATL,3,6,0.0,0.5599558932237433,0.5707,BAL,ATL,0
20240613_CHC@TB,2024-06-13,TB,CHC,3,2,1.0,0.5573523804898822,0.5674,TB,TB,1
20240613_CWS@SEA,2024-06-13,SEA,CWS,2,3,0.0,0.62423713037491,0.6523,SEA,CWS,0
20240613_LAA@AZ,2024-06-13,AZ,LAA,11,1,1.0,0.5363716979590041,0.5404,AZ,AZ,1
20240613_MIA@NYM,2024-06-13,NYM,MIA,3,2,1.0,0.5835757943290355,0.601,NYM,NYM,1
20240613_NYY@KC,2024-06-13,KC,NYY,4,3,1.0,0.4386194289663477,0.4274,NYY,KC,0
20240613_PHI@BOS,2024-06-13,BOS,PHI,9,3,1.0,0.454143342621993,0.4474,PHI,BOS,0
20240613_PIT@STL,2024-06-13,STL,PIT,4,3,1.0,0.5252457254943895,0.526,STL,STL,1
20240613_TEX@LAD,2024-06-13,LAD,TEX,1,3,0.0,0.5718951247381165,0.586,LAD,TEX,0
20240613_WSH@DET,2024-06-13,DET,WSH,7,2,1.0,0.5358135780713459,0.5397,DET,DET,1
20240612_ATH@SD,2024-06-12,SD,ATH,5,4,1.0,0.5634917145022754,0.5641,SD,SD,1
20240612_ATL@BAL,2024-06-12,BAL,ATL,4,2,1.0,0.5672995913172291,0.5686,BAL,BAL,1
20240612_CHC@TB,2024-06-12,TB,CHC,3,4,0.0,0.49746334384015745,0.5,CHC,CHC,1
20240612_CLE@CIN,2024-06-12,CIN,CLE,4,2,1.0,0.4467409331780738,0.4481,CLE,CIN,0
20240612_COL@MIN,2024-06-12,MIN,COL,17,9,1.0,0.5766189860146708,0.5797,MIN,MIN,1
20240612_CWS@SEA,2024-06-12,SEA,CWS,2,1,1.0,0.6143846718101833,0.6245,SEA,SEA,1
20240612_HOU@SF,2024-06-12,SF,HOU,5,3,1.0,0.5459121023130061,0.5431,SF,SF,1
20240612_LAA@AZ,2024-06-12,AZ,LAA,3,8,0.0,0.550643555082316,0.5488,AZ,LAA,0
20240612_MIA@NYM,2024-06-12,NYM,MIA,10,4,1.0,0.5684963838172433,0.57,NYM,NYM,1
20240612_NYY@KC,2024-06-12,KC,NYY,5,11,0.0,0.4413315095357195,0.4417,NYY,NYY,1
20240612_PHI@BOS,2024-06-12,BOS,PHI,8,6,1.0,0.4530756325512007,0.4557,PHI,BOS,0
20240612_PIT@STL,2024-06-12,STL,PIT,4,2,1.0,0.5268957066438699,0.5204,STL,STL,1
20240612_TEX@LAD,2024-06-12,LAD,TEX,2,3,0.0,0.5660517714618387,0.5671,LAD,TEX,0
20240612_TOR@MIL,2024-06-12,MIL,TOR,5,4,1.0,0.5390395281018092,0.5349,MIL,MIL,1
20240612_WSH@DET,2024-06-12,DET,WSH,5,7,0.0,0.5271399199728289,0.5207,DET,WSH,0
20240611_ATH@SD,2024-06-11,SD,ATH,4,3,1.0,0.5411384869709305,0.5374,SD,SD,1
20240611_ATL@BAL,2024-06-11,BAL,ATL,4,0,1.0,0.5685847815035273,0.5702,BAL,BAL,1
20240611_CHC@TB,2024-06-11,TB,CHC,5,2,1.0,0.5046593112058517,0.5,TB,TB,1
20240611_CLE@CIN,2024-06-11,CIN,CLE,3,5,0.0,0.44899344315701456,0.4508,CLE,CLE,1
20240611_COL@MIN,2024-06-11,MIN,COL,4,5,0.0,0.580463290980218,0.5843,MIN,COL,0
20240611_CWS@SEA,2024-06-11,SEA,CWS,4,3,1.0,0.6102509827944084,0.6196,SEA,SEA,1
20240611_HOU@SF,2024-06-11,SF,HOU,1,3,0.0,0.5455444768798965,0.5427,SF,HOU,0
20240611_LAA@AZ,2024-06-11,AZ,LAA,9,4,1.0,0.5178074691777038,0.5096,AZ,AZ,1
20240611_MIA@NYM,2024-06-11,NYM,MIA,2,4,0.0,0.5706345142545795,0.5726,NYM,MIA,0
20240611_NYY@KC,2024-06-11,KC,NYY,1,10,0.0,0.4509749036718316,0.4532,NYY,NYY,1
20240611_PHI@BOS,2024-06-11,BOS,PHI,1,4,0.0,0.43932807603212437,0.4393,PHI,PHI,1
20240611_PIT@STL,2024-06-11,STL,PIT,1,2,0.0,0.5123941522827993,0.5031,STL,PIT,0
20240611_TEX@LAD,2024-06-11,LAD,TEX,15,2,1.0,0.5510078752609211,0.5492,LAD,LAD,1
20240611_TOR@MIL,2024-06-11,MIL,TOR,0,3,0.0,0.5444067755585208,0.5413,MIL,TOR,0
20240611_WSH@DET,2024-06-11,DET,WSH,4,5,0.0,0.5130907194756135,0.504,DET,WSH,0
20240610_ATH@SD,2024-06-10,SD,ATH,6,1,1.0,0.5706816171252358,0.5726,SD,SD,1
20240610_BAL@TB,2024-06-10,TB,BAL,2,5,0.0,0.449442890085816,0.4513,BAL,BAL,1
20240610_COL@MIN,2024-06-10,MIN,COL,5,0,1.0,0.5831830726078442,0.5875,MIN,MIN,1
20240610_CWS@SEA,2024-06-10,SEA,CWS,8,4,1.0,0.6140486731908809,0.6241,SEA,SEA,1
20240610_HOU@SF,2024-06-10,SF,HOU,4,3,1.0,0.512110556197301,0.5028,SF,SF,1
20240610_NYY@KC,2024-06-10,KC,NYY,2,4,0.0,0.4772933566670025,0.4846,NYY,NYY,1
20240610_TOR@MIL,2024-06-10,MIL,TOR,3,1,1.0,0.5501215188552542,0.5481,MIL,MIL,1
20240609_ATL@WSH,2024-06-09,WSH,ATL,8,5,1.0,0.4653298425083671,0.4703,ATL,WSH,0
20240609_AZ@SD,2024-06-09,SD,AZ,3,9,0.0,0.5676369573961697,0.569,SD,AZ,0
20240609_BAL@TB,2024-06-09,TB,BAL,2,9,0.0,0.4410345588593863,0.4413,BAL,BAL,1
20240609_BOS@CWS,2024-06-09,CWS,BOS,4,6,0.0,0.434101690750865,0.433,BOS,BOS,1
20240609_CHC@CIN,2024-06-09,CIN,CHC,2,4,0.0,0.5273184830722092,0.5209,CIN,CHC,0
20240609_CLE@MIA,2024-06-09,MIA,CLE,3,6,0.0,0.3904334611257634,0.3812,CLE,CLE,1
20240609_COL@STL,2024-06-09,STL,COL,5,1,1.0,0.5354492549810085,0.5306,STL,STL,1
20240609_HOU@LAA,2024-06-09,LAA,HOU,9,7,1.0,0.5057669228595414,0.5,LAA,LAA,1
20240609_LAD@NYY,2024-06-09,NYY,LAD,6,4,1.0,0.5632068117856526,0.5637,NYY,NYY,1
20240609_MIL@DET,2024-06-09,DET,MIL,10,2,1.0,0.49985379580125117,0.5,MIL,DET,0
20240609_MIN@PIT,2024-06-09,PIT,MIN,5,11,0.0,0.5003564286658426,0.5,PIT,MIN,0
20240609_NYM@PHI,2024-06-09,PHI,NYM,5,6,0.0,0.6204360403408092,0.6316,PHI,NYM,0
20240609_SEA@KC,2024-06-09,KC,SEA,5,6,0.0,0.5345968286674981,0.5296,KC,SEA,0
20240609_SF@TEX,2024-06-09,TEX,SF,7,2,1.0,0.5438965494349726,0.5407,TEX,TEX,1
20240609_TOR@ATH,2024-06-09,ATH,TOR,4,6,0.0,0.5323865388631182,0.527,ATH,TOR,0
20240608_ATL@WSH,2024-06-08,WSH,ATL,7,3,1.0,0.503317956706575,0.5,WSH,WSH,1
20240608_AZ@SD,2024-06-08,SD,AZ,13,1,1.0,0.5506236035513457,0.5487,SD,SD,1
20240608_BAL@TB,2024-06-08,TB,BAL,0,5,0.0,0.4419837453108775,0.4424,BAL,BAL,1
20240608_BOS@CWS,2024-06-08,CWS,BOS,6,1,1.0,0.4051479746254977,0.3986,BOS,CWS,0
20240608_CHC@CIN,2024-06-08,CIN,CHC,4,3,1.0,0.5538506514295469,0.5526,CIN,CIN,1
20240608_CLE@MIA,2024-06-08,MIA,CLE,0,8,0.0,0.39560683254739804,0.3873,CLE,CLE,1
20240608_COL@STL,2024-06-08,STL,COL,5,6,0.0,0.5843853199365816,0.5889,STL,COL,0
20240608_HOU@LAA,2024-06-08,LAA,HOU,1,6,0.0,0.5032547997381014,0.5,LAA,HOU,0
20240608_LAD@NYY,2024-06-08,NYY,LAD,3,11,0.0,0.5528062256254967,0.5513,NYY,LAD,0
20240608_MIL@DET,2024-06-08,DET,MIL,4,5,0.0,0.46368589154858403,0.4683,MIL,MIL,1
20240608_MIN@PIT,2024-06-08,PIT,MIN,4,0,1.0,0.4726973416579039,0.4791,MIN,PIT,0
20240608_PHI@NYM,2024-06-08,NYM,PHI,2,7,0.0,0.4715703243315564,0.4777,PHI,PHI,1
20240608_SEA@KC,2024-06-08,KC,SEA,8,4,1.0,0.5312212117632477,0.5256,KC,KC,1
20240608_SF@TEX,2024-06-08,TEX,SF,1,3,0.0,0.4915332814236933,0.5,SF,SF,1
20240608_TOR@ATH,2024-06-08,ATH,TOR,0,7,0.0,0.4991945604803374,0.5,TOR,TOR,1
20240607_ATL@WSH,2024-06-07,WSH,ATL,2,1,1.0,0.47487627441978414,0.4817,ATL,WSH,0
20240607_AZ@SD,2024-06-07,SD,AZ,10,3,1.0,0.5317706597554781,0.5263,SD,SD,1
20240607_BAL@TB,2024-06-07,TB,BAL,3,6,0.0,0.4661417308107331,0.4713,BAL,BAL,1
20240607_BOS@CWS,2024-06-07,CWS,BOS,7,2,1.0,0.44445109299835295,0.4454,BOS,CWS,0
20240607_CHC@CIN,2024-06-07,CIN,CHC,3,2,1.0,0.537713929674613,0.5333,CIN,CIN,1
20240607_CLE@MIA,2024-06-07,MIA,CLE,3,2,1.0,0.40583531210786183,0.3994,CLE,MIA,0
20240607_COL@STL,2024-06-07,STL,COL,8,5,1.0,0.5512891840572628,0.5495,STL,STL,1
20240607_HOU@LAA,2024-06-07,LAA,HOU,1,7,0.0,0.5136346025205497,0.5046,LAA,HOU,0
20240607_LAD@NYY,2024-06-07,NYY,LAD,1,2,0.0,0.5673340674722703,0.5687,NYY,LAD,0
20240607_MIL@DET,2024-06-07,DET,MIL,0,10,0.0,0.4894660709906899,0.4991,MIL,MIL,1
20240607_MIN@PIT,2024-06-07,PIT,MIN,3,0,1.0,0.48802366427775085,0.4974,MIN,PIT,0
20240607_SEA@KC,2024-06-07,KC,SEA,10,9,1.0,0.517629665795517,0.5094,KC,KC,1
20240607_SF@TEX,2024-06-07,TEX,SF,2,5,0.0,0.5277008275982289,0.5214,TEX,SF,0
20240607_TOR@ATH,2024-06-07,ATH,TOR,2,1,1.0,0.4874717176829608,0.4967,TOR,ATH,0
20240606_ATL@WSH,2024-06-06,WSH,ATL,2,5,0.0,0.4615675138269208,0.4658,ATL,ATL,1
20240606_AZ@SD,2024-06-06,SD,AZ,3,4,0.0,0.5283841182674253,0.5222,SD,AZ,0
20240606_BAL@TOR,2024-06-06,TOR,BAL,6,5,1.0,0.45373252386473084,0.4565,BAL,TOR,0
20240606_BOS@CWS,2024-06-06,CWS,BOS,2,14,0.0,0.4078893522643419,0.4019,BOS,BOS,1
20240606_CHC@CIN,2024-06-06,CIN,CHC,8,4,1.0,0.5057137868112682,0.5,CIN,CIN,1
20240606_COL@STL,2024-06-06,STL,COL,2,3,0.0,0.5811751892041882,0.5851,STL,COL,0
20240606_KC@CLE,2024-06-06,CLE,KC,3,4,0.0,0.5648365435021439,0.5657,CLE,KC,0
20240606_LAD@PIT,2024-06-06,PIT,LAD,7,11,0.0,0.46624529890564087,0.4714,LAD,LAD,1
20240606_MIN@NYY,2024-06-06,NYY,MIN,8,5,1.0,0.5977619426305043,0.6048,NYY,NYY,1
20240606_SEA@ATH,2024-06-06,ATH,SEA,0,3,0.0,0.46872856883317277,0.4743,SEA,SEA,1
20240605_ATL@BOS,2024-06-05,BOS,ATL,9,0,1.0,0.4986522117404248,0.4871,ATL,BOS,0
20240605_BAL@TOR,2024-06-05,TOR,BAL,3,2,1.0,0.4649083334411484,0.4812,BAL,TOR,0
20240605_CIN@COL,2024-06-05,COL,CIN,7,12,0.0,0.49521362021645376,0.4865,CIN,CIN,1
20240605_CWS@CHC,2024-06-05,CHC,CWS,7,6,1.0,0.5824604173974202,0.5271,CHC,CHC,1
20240605_DET@TEX,2024-06-05,TEX,DET,9,1,1.0,0.4969514301338333,0.4868,DET,TEX,0
20240605_LAD@PIT,2024-06-05,PIT,LAD,10,6,1.0,0.4848401103844988,0.4847,LAD,PIT,0
20240605_MIL@PHI,2024-06-05,PHI,MIL,2,0,1.0,0.540427585510382,0.5197,PHI,PHI,1
20240605_MIN@NYY,2024-06-05,NYY,MIN,9,5,1.0,0.5386309092163661,0.5194,NYY,NYY,1
20240605_NYM@WSH,2024-06-05,WSH,NYM,1,9,0.0,0.5181951465975809,0.5158,WSH,NYM,0
20240605_SD@LAA,2024-06-05,LAA,SD,3,2,1.0,0.45836846905245426,0.4801,SD,LAA,0
20240605_SEA@ATH,2024-06-05,ATH,SEA,2,1,1.0,0.46968562102023587,0.482,SEA,ATH,0
20240605_SF@AZ,2024-06-05,AZ,SF,3,9,0.0,0.5004496298458585,0.5128,AZ,SF,0
20240605_STL@HOU,2024-06-05,HOU,STL,2,4,0.0,0.5148777748138903,0.5153,HOU,STL,0
20240605_TB@MIA,2024-06-05,MIA,TB,3,5,0.0,0.4650926499637559,0.4812,TB,TB,1
20240604_ATL@BOS,2024-06-04,BOS,ATL,3,8,0.0,0.49966702463660984,0.4873,ATL,ATL,1
20240604_BAL@TOR,2024-06-04,TOR,BAL,1,10,0.0,0.4840905857098678,0.4846,BAL,BAL,1
20240604_CIN@COL,2024-06-04,COL,CIN,1,4,0.0,0.4810655641071262,0.484,CIN,CIN,1
20240604_CWS@CHC,2024-06-04,CHC,CWS,7,6,1.0,0.5804660963258839,0.5268,CHC,CHC,1
20240604_DET@TEX,2024-06-04,TEX,DET,1,3,0.0,0.5159941528503652,0.5155,TEX,DET,0
20240604_KC@CLE,2024-06-04,CLE,KC,8,5,1.0,0.5369763420577224,0.5191,CLE,CLE,1
20240604_LAD@PIT,2024-06-04,PIT,LAD,1,0,1.0,0.44586127197438136,0.4779,LAD,PIT,0
20240604_MIL@PHI,2024-06-04,PHI,MIL,2,1,1.0,0.5580191553984561,0.5228,PHI,PHI,1
20240604_MIN@NYY,2024-06-04,NYY,MIN,5,1,1.0,0.5691568505853826,0.5247,NYY,NYY,1
20240604_NYM@WSH,2024-06-04,WSH,NYM,3,6,0.0,0.5202327147369398,0.5162,WSH,NYM,0
20240604_SD@LAA,2024-06-04,LAA,SD,4,2,1.0,0.4754607016659097,0.4831,SD,LAA,0
20240604_SEA@ATH,2024-06-04,ATH,SEA,3,4,0.0,0.4876370664741833,0.4852,SEA,SEA,1
20240604_SF@AZ,2024-06-04,AZ,SF,8,5,1.0,0.5186030168266529,0.5159,AZ,AZ,1
20240604_STL@HOU,2024-06-04,HOU,STL,8,5,1.0,0.5058314991430268,0.5137,HOU,HOU,1
20240604_TB@MIA,2024-06-04,MIA,TB,5,9,0.0,0.4863052370302806,0.4849,TB,TB,1
20240603_BAL@TOR,2024-06-03,TOR,BAL,2,7,0.0,0.4779837526860016,0.4835,BAL,BAL,1
20240603_CIN@COL,2024-06-03,COL,CIN,3,13,0.0,0.5089363076344212,0.5142,COL,CIN,0
20240603_DET@TEX,2024-06-03,TEX,DET,1,2,0.0,0.5149582029591337,0.5153,TEX,DET,0
20240603_MIL@PHI,2024-06-03,PHI,MIL,3,1,1.0,0.5469240625124756,0.5208,PHI,PHI,1
20240603_NYM@WSH,2024-06-03,WSH,NYM,7,8,0.0,0.514070815015848,0.5151,WSH,NYM,0
20240603_SD@LAA,2024-06-03,LAA,SD,2,1,1.0,0.47514164380812013,0.483,SD,LAA,0
20240603_SF@AZ,2024-06-03,AZ,SF,4,2,1.0,0.5343211423300166,0.5186,AZ,AZ,1
20240603_STL@HOU,2024-06-03,HOU,STL,7,4,1.0,0.5115339763870311,0.5147,HOU,HOU,1
20240602_ATH@ATL,2024-06-02,ATL,ATH,3,1,1.0,0.5384268216164297,0.5194,ATL,ATL,1
20240602_AZ@NYM,2024-06-02,NYM,AZ,4,5,0.0,0.5050722566301782,0.5136,NYM,AZ,0
20240602_CIN@CHC,2024-06-02,CHC,CIN,2,5,0.0,0.5488696878608779,0.5212,CHC,CIN,0
20240602_COL@LAD,2024-06-02,LAD,COL,4,0,1.0,0.6010523290196362,0.5304,LAD,LAD,1
20240602_CWS@MIL,2024-06-02,MIL,CWS,6,3,1.0,0.6337504019298154,0.5364,MIL,MIL,1
20240602_DET@BOS,2024-06-02,BOS,DET,4,8,0.0,0.5251417258978803,0.5171,BOS,DET,0
20240602_LAA@SEA,2024-06-02,SEA,LAA,5,1,1.0,0.5635851546377635,0.5238,SEA,SEA,1
20240602_MIN@HOU,2024-06-02,HOU,MIN,3,4,0.0,0.5023531376419519,0.5131,HOU,MIN,0
20240602_NYY@SF,2024-06-02,SF,NYY,5,7,0.0,0.4822743528766949,0.4842,NYY,NYY,1
20240602_PIT@TOR,2024-06-02,TOR,PIT,5,4,1.0,0.5255118992237393,0.5171,TOR,TOR,1
20240602_SD@KC,2024-06-02,KC,SD,4,3,1.0,0.5385048504002328,0.5194,KC,KC,1
20240602_STL@PHI,2024-06-02,PHI,STL,4,5,0.0,0.5785870115849365,0.5264,PHI,STL,0
20240602_TB@BAL,2024-06-02,BAL,TB,3,4,0.0,0.5560688661548815,0.5224,BAL,TB,0
20240602_TEX@MIA,2024-06-02,MIA,TEX,0,6,0.0,0.46243376966400185,0.4808,TEX,TEX,1
20240602_WSH@CLE,2024-06-02,CLE,WSH,2,5,0.0,0.5824196220702694,0.5271,CLE,WSH,0
20240601_ATH@ATL,2024-06-01,ATL,ATH,9,11,0.0,0.5833091027045794,0.5273,ATL,ATH,0
20240601_AZ@NYM,2024-06-01,NYM,AZ,5,10,0.0,0.5022863735534209,0.5131,NYM,AZ,0
20240601_CIN@CHC,2024-06-01,CHC,CIN,7,5,1.0,0.517248715069104,0.5157,CHC,CHC,1
20240601_COL@LAD,2024-06-01,LAD,COL,4,1,1.0,0.5834199651626457,0.5273,LAD,LAD,1
20240601_CWS@MIL,2024-06-01,MIL,CWS,4,3,1.0,0.5973511127899128,0.5298,MIL,MIL,1
20240601_DET@BOS,2024-06-01,BOS,DET,6,3,1.0,0.5277340460598807,0.5175,BOS,BOS,1
20240601_LAA@SEA,2024-06-01,SEA,LAA,9,0,1.0,0.5501464315697304,0.5214,SEA,SEA,1
20240601_MIN@HOU,2024-06-01,HOU,MIN,5,2,1.0,0.4972207570736233,0.4868,MIN,HOU,0
20240601_NYY@SF,2024-06-01,SF,NYY,3,7,0.0,0.4584067599195381,0.4801,NYY,NYY,1
20240601_PIT@TOR,2024-06-01,TOR,PIT,1,8,0.0,0.5304428815466782,0.518,TOR,PIT,0
20240601_SD@KC,2024-06-01,KC,SD,3,7,0.0,0.5233840097191553,0.5167,KC,SD,0
20240601_STL@PHI,2024-06-01,PHI,STL,6,1,1.0,0.5841380528494304,0.5274,PHI,PHI,1
20240601_TB@BAL,2024-06-01,BAL,TB,9,5,1.0,0.5638465622351614,0.5238,BAL,BAL,1
20240601_TEX@MIA,2024-06-01,MIA,TEX,0,7,0.0,0.4824164091462001,0.4843,TEX,TEX,1
20240601_WSH@CLE,2024-06-01,CLE,WSH,3,2,1.0,0.5854925526833422,0.5276,CLE,CLE,1
20240531_ATH@ATL,2024-05-31,ATL,ATH,4,2,1.0,0.5614954811077213,0.5234,ATL,ATL,1
20240531_AZ@NYM,2024-05-31,NYM,AZ,10,9,1.0,0.511051514801026,0.5146,NYM,NYM,1
20240531_CIN@CHC,2024-05-31,CHC,CIN,4,5,0.0,0.5456166399784319,0.5206,CHC,CIN,0
20240531_COL@LAD,2024-05-31,LAD,COL,1,4,0.0,0.5924425833494738,0.5289,LAD,COL,0
20240531_CWS@MIL,2024-05-31,MIL,CWS,12,5,1.0,0.61519152673305,0.533,MIL,MIL,1
20240531_DET@BOS,2024-05-31,BOS,DET,7,3,1.0,0.5255591416957295,0.5171,BOS,BOS,1
20240531_LAA@SEA,2024-05-31,SEA,LAA,5,4,1.0,0.5440432145330872,0.5203,SEA,SEA,1
20240531_MIN@HOU,2024-05-31,HOU,MIN,1,6,0.0,0.5011661306891695,0.5129,HOU,MIN,0
20240531_NYY@SF,2024-05-31,SF,NYY,2,6,0.0,0.4637040738567099,0.481,NYY,NYY,1
20240531_PIT@TOR,2024-05-31,TOR,PIT,5,3,1.0,0.5238335953230704,0.5168,TOR,TOR,1
20240531_SD@KC,2024-05-31,KC,SD,8,11,0.0,0.5321273365234596,0.5183,KC,SD,0
20240531_STL@PHI,2024-05-31,PHI,STL,4,2,1.0,0.583635515252455,0.5273,PHI,PHI,1
20240531_TB@BAL,2024-05-31,BAL,TB,3,1,1.0,0.5447908159226715,0.5205,BAL,BAL,1
20240531_TEX@MIA,2024-05-31,MIA,TEX,8,2,1.0,0.47485783570887646,0.4829,TEX,MIA,0
20240531_WSH@CLE,2024-05-31,CLE,WSH,7,1,1.0,0.6045570751842191,0.5311,CLE,CLE,1
20240530_ATH@TB,2024-05-30,TB,ATH,6,5,1.0,0.5252573717295634,0.5171,TB,TB,1
20240530_AZ@NYM,2024-05-30,NYM,AZ,3,2,1.0,0.4934569930009678,0.4862,AZ,NYM,0
20240530_CHC@MIL,2024-05-30,MIL,CHC,6,4,1.0,0.5467758575510312,0.5208,MIL,MIL,1
20240530_DET@BOS,2024-05-30,BOS,DET,0,5,0.0,0.5208340177836606,0.5163,BOS,DET,0
20240530_HOU@SEA,2024-05-30,SEA,HOU,0,4,0.0,0.5324031810760803,0.5183,SEA,HOU,0
20240530_KC@MIN,2024-05-30,MIN,KC,7,6,1.0,0.5025199150361809,0.5131,MIN,MIN,1
20240530_NYY@LAA,2024-05-30,LAA,NYY,3,8,0.0,0.4669273204894316,0.4816,NYY,NYY,1
20240530_WSH@ATL,2024-05-30,ATL,WSH,1,3,0.0,0.5358948123052426,0.5189,ATL,WSH,0
20240529_ATH@TB,2024-05-29,TB,ATH,4,3,1.0,0.5136519074991003,0.5,TB,TB,1
20240529_AZ@TEX,2024-05-29,TEX,AZ,6,1,1.0,0.5301377187657839,0.5,TEX,TEX,1
20240529_BOS@BAL,2024-05-29,BAL,BOS,6,1,1.0,0.5160395366174243,0.5,BAL,BAL,1
20240529_CHC@MIL,2024-05-29,MIL,CHC,10,6,1.0,0.5343001248242067,0.5008,MIL,MIL,1
20240529_CLE@COL,2024-05-29,COL,CLE,7,4,1.0,0.4588873169150886,0.4947,CLE,COL,0
20240529_HOU@SEA,2024-05-29,SEA,HOU,2,1,1.0,0.5137541558433312,0.5,SEA,SEA,1
20240529_KC@MIN,2024-05-29,MIN,KC,1,6,0.0,0.5245681062200277,0.5,MIN,KC,0
20240529_LAD@NYM,2024-05-29,NYM,LAD,3,10,0.0,0.4567767426301254,0.4933,LAD,LAD,1
20240529_MIA@SD,2024-05-29,SD,MIA,1,9,0.0,0.5395955735797026,0.5043,SD,MIA,0
20240529_NYY@LAA,2024-05-29,LAA,NYY,1,2,0.0,0.4541127759590107,0.4916,NYY,NYY,1
20240529_PHI@SF,2024-05-29,SF,PHI,1,6,0.0,0.5114671288016566,0.5,SF,PHI,0
20240529_PIT@DET,2024-05-29,DET,PIT,8,0,1.0,0.5181754426664692,0.5,DET,DET,1
20240529_PIT@DET_2,2024-05-29,DET,PIT,2,10,0.0,0.5365825304990992,0.5023,DET,PIT,0
20240529_STL@CIN,2024-05-29,CIN,STL,3,5,0.0,0.4945683196333051,0.5,STL,STL,1
20240529_TOR@CWS,2024-05-29,CWS,TOR,1,3,0.0,0.4698751679274946,0.5,TOR,TOR,1
20240529_WSH@ATL,2024-05-29,ATL,WSH,2,7,0.0,0.5639257645332137,0.5204,ATL,WSH,0
20240528_ATH@TB,2024-05-28,TB,ATH,0,3,0.0,0.524176589166698,0.5,TB,ATH,0
20240528_AZ@TEX,2024-05-28,TEX,AZ,4,2,1.0,0.5192972798229211,0.5,TEX,TEX,1
20240528_BOS@BAL,2024-05-28,BAL,BOS,3,8,0.0,0.5349116633104288,0.5012,BAL,BOS,0
20240528_CHC@MIL,2024-05-28,MIL,CHC,3,6,0.0,0.5432529712324905,0.5067,MIL,CHC,0
20240528_CLE@COL,2024-05-28,COL,CLE,7,13,0.0,0.46360504768625693,0.4978,CLE,CLE,1
20240528_HOU@SEA,2024-05-28,SEA,HOU,4,2,1.0,0.5206214936717298,0.5,SEA,SEA,1
20240528_KC@MIN,2024-05-28,MIN,KC,4,2,1.0,0.5068225841125358,0.5,MIN,MIN,1
20240528_LAD@NYM,2024-05-28,NYM,LAD,2,5,0.0,0.476806440533968,0.5,LAD,LAD,1
20240528_LAD@NYM_2,2024-05-28,NYM,LAD,0,3,0.0,0.4627080697949343,0.4972,LAD,LAD,1
20240528_MIA@SD,2024-05-28,SD,MIA,4,0,1.0,0.5467773244013006,0.509,SD,SD,1
20240528_NYY@LAA,2024-05-28,LAA,NYY,4,3,1.0,0.45717373514783843,0.4936,NYY,LAA,0
20240528_PHI@SF,2024-05-28,SF,PHI,1,0,1.0,0.4745617168946345,0.5,PHI,SF,0
20240528_STL@CIN,2024-05-28,CIN,STL,1,7,0.0,0.5250259174131197,0.5,CIN,STL,0
20240528_TOR@CWS,2024-05-28,CWS,TOR,2,7,0.0,0.4826766812967474,0.5,TOR,TOR,1
20240528_WSH@ATL,2024-05-28,ATL,WSH,2,0,1.0,0.5310518032104254,0.5,ATL,ATL,1
20240527_BOS@BAL,2024-05-27,BAL,BOS,11,3,1.0,0.518500451402326,0.5,BAL,BAL,1
20240527_CHC@MIL,2024-05-27,MIL,CHC,5,1,1.0,0.5309165005308965,0.5,MIL,MIL,1
20240527_CLE@COL,2024-05-27,COL,CLE,8,6,1.0,0.44323437020143425,0.4844,CLE,COL,0
20240527_HOU@SEA,2024-05-27,SEA,HOU,3,2,1.0,0.5159800118932283,0.5,SEA,SEA,1
20240527_KC@MIN,2024-05-27,MIN,KC,6,5,1.0,0.5215762796564075,0.5,MIN,MIN,1
20240527_MIA@SD,2024-05-27,SD,MIA,2,1,1.0,0.5448450201074945,0.5077,SD,SD,1
20240527_PHI@SF,2024-05-27,SF,PHI,8,4,1.0,0.47029289813448394,0.5,PHI,SF,0
20240527_STL@CIN,2024-05-27,CIN,STL,3,1,1.0,0.5201517358267181,0.5,CIN,CIN,1
20240527_TOR@CWS,2024-05-27,CWS,TOR,1,5,0.0,0.4648056394078822,0.4986,TOR,TOR,1
20240527_WSH@ATL,2024-05-27,ATL,WSH,4,8,0.0,0.5525134052736342,0.5128,ATL,WSH,0
20240526_ATL@PIT,2024-05-26,PIT,ATL,1,8,0.0,0.49267646502901963,0.5,ATL,ATL,1
20240526_BAL@CWS,2024-05-26,CWS,BAL,1,4,0.0,0.439303508532945,0.4818,BAL,BAL,1
20240526_CHC@STL,2024-05-26,STL,CHC,4,3,1.0,0.5172556403581458,0.5,STL,STL,1
20240526_CLE@LAA,2024-05-26,LAA,CLE,4,5,0.0,0.4544602620712993,0.4918,CLE,CLE,1
20240526_HOU@ATH,2024-05-26,ATH,HOU,2,5,0.0,0.5084993963253994,0.5,ATH,HOU,0
20240526_KC@TB,2024-05-26,TB,KC,4,1,1.0,0.4913407296584048,0.5,KC,TB,0
20240526_LAD@CIN,2024-05-26,CIN,LAD,4,1,1.0,0.4602127402588416,0.4956,LAD,CIN,0
20240526_MIA@AZ,2024-05-26,AZ,MIA,1,3,0.0,0.5532775373380491,0.5133,AZ,MIA,0
20240526_MIL@BOS,2024-05-26,BOS,MIL,2,1,1.0,0.5052830443351103,0.5,BOS,BOS,1
20240526_NYY@SD,2024-05-26,SD,NYY,5,2,1.0,0.46648063875520634,0.4997,NYY,SD,0
20240526_PHI@COL,2024-05-26,COL,PHI,5,2,1.0,0.44009279530787754,0.4823,PHI,COL,0
20240526_SEA@WSH,2024-05-26,WSH,SEA,5,9,0.0,0.5024106074062812,0.5,WSH,SEA,0
20240526_SF@NYM,2024-05-26,NYM,SF,4,3,1.0,0.479269463902441,0.5,SF,NYM,0
20240526_TEX@MIN,2024-05-26,MIN,TEX,2,6,0.0,0.5462713644948761,0.5087,MIN,TEX,0
20240526_TOR@DET,2024-05-26,DET,TOR,14,11,1.0,0.5028752782958827,0.5,DET,DET,1
20240525_ATL@PIT,2024-05-25,PIT,ATL,4,1,1.0,0.4941123930278969,0.5,ATL,PIT,0
20240525_BAL@CWS,2024-05-25,CWS,BAL,3,5,0.0,0.4806934758485749,0.5,BAL,BAL,1
20240525_CHC@STL,2024-05-25,STL,CHC,7,6,1.0,0.5150155097156058,0.5,STL,STL,1
20240525_CLE@LAA,2024-05-25,LAA,CLE,3,4,0.0,0.4687272845191823,0.5,CLE,CLE,1
20240525_HOU@ATH,2024-05-25,ATH,HOU,3,1,1.0,0.5016533167139544,0.5,ATH,ATH,1
20240525_KC@TB,2024-05-25,TB,KC,4,7,0.0,0.48841994875509454,0.5,KC,KC,1
20240525_LAD@CIN,2024-05-25,CIN,LAD,3,1,1.0,0.475702254158553,0.5,LAD,CIN,0
20240525_MIA@AZ,2024-05-25,AZ,MIA,3,2,1.0,0.5381117906239817,0.5033,AZ,AZ,1
20240525_MIL@BOS,2024-05-25,BOS,MIL,3,6,0.0,0.5310288028446642,0.5,BOS,MIL,0
20240525_NYY@SD,2024-05-25,SD,NYY,1,4,0.0,0.49306360626802725,0.5,NYY,NYY,1
20240525_PHI@COL,2024-05-25,COL,PHI,4,8,0.0,0.42582604713449834,0.4728,PHI,PHI,1
20240525_SEA@WSH,2024-05-25,WSH,SEA,3,1,1.0,0.5003171401015306,0.5,WSH,WSH,1
20240525_SF@NYM,2024-05-25,NYM,SF,2,7,0.0,0.5109916241032534,0.5,NYM,SF,0
20240525_TEX@MIN,2024-05-25,MIN,TEX,5,3,1.0,0.5421457298462854,0.506,MIN,MIN,1
20240525_TOR@DET,2024-05-25,DET,TOR,2,1,1.0,0.5242629595891648,0.5,DET,DET,1
20240524_ATL@PIT,2024-05-24,PIT,ATL,11,5,1.0,0.4670244026361998,0.5,ATL,PIT,0
20240524_BAL@CWS,2024-05-24,CWS,BAL,4,6,0.0,0.45711560971101195,0.4936,BAL,BAL,1
20240524_CLE@LAA,2024-05-24,LAA,CLE,4,10,0.0,0.4747478541390791,0.5,CLE,CLE,1
20240524_HOU@ATH,2024-05-24,ATH,HOU,3,6,0.0,0.501303076053595,0.5,ATH,HOU,0
20240524_KC@TB,2024-05-24,TB,KC,1,8,0.0,0.4801444488177877,0.5,KC,KC,1
20240524_LAD@CIN,2024-05-24,CIN,LAD,9,6,1.0,0.46098199143371893,0.4961,LAD,CIN,0
20240524_MIA@AZ,2024-05-24,AZ,MIA,0,3,0.0,0.5621570956125244,0.5192,AZ,MIA,0
20240524_MIL@BOS,2024-05-24,BOS,MIL,2,7,0.0,0.5105748243896943,0.5,BOS,MIL,0
20240524_NYY@SD,2024-05-24,SD,NYY,0,8,0.0,0.46584035629530773,0.4993,NYY,NYY,1
20240524_PHI@COL,2024-05-24,COL,PHI,3,2,1.0,0.4087666345015498,0.4613,PHI,COL,0
20240524_SEA@WSH,2024-05-24,WSH,SEA,6,1,1.0,0.5074051427563004,0.5,WSH,WSH,1
20240524_SF@NYM,2024-05-24,NYM,SF,7,8,0.0,0.5157974210191572,0.5,NYM,SF,0
20240524_TEX@MIN,2024-05-24,MIN,TEX,3,2,1.0,0.5406726520155112,0.505,MIN,MIN,1
20240524_TOR@DET,2024-05-24,DET,TOR,6,2,1.0,0.5104439322407784,0.5,DET,DET,1
20240523_ATL@CHC,2024-05-23,CHC,ATL,0,3,0.0,0.5079803203643162,0.5,CHC,ATL,0
20240523_BAL@CWS,2024-05-23,CWS,BAL,6,8,0.0,0.45877916413290815,0.4947,BAL,BAL,1
20240523_COL@ATH,2024-05-23,ATH,COL,10,9,1.0,0.5366911353134508,0.5024,ATH,ATH,1
20240523_SD@CIN,2024-05-23,CIN,SD,4,6,0.0,0.4739031225948855,0.5,SD,SD,1
20240523_SEA@NYY,2024-05-23,NYY,SEA,5,0,1.0,0.5590441531967917,0.5171,NYY,NYY,1
20240523_SF@PIT,2024-05-23,PIT,SF,6,7,0.0,0.509086506329968,0.5,PIT,SF,0
20240523_TEX@PHI,2024-05-23,PHI,TEX,5,2,1.0,0.5800822822056902,0.5312,PHI,PHI,1
20240523_TOR@DET,2024-05-23,DET,TOR,1,9,0.0,0.5256326637619946,0.5,DET,TOR,0
20240522_ATL@CHC,2024-05-22,CHC,ATL,2,9,0.0,0.4944849063151194,0.4945,ATL,ATL,1
20240522_AZ@LAD,2024-05-22,LAD,AZ,0,6,0.0,0.5490100941730844,0.549,LAD,AZ,0
20240522_BAL@STL,2024-05-22,STL,BAL,5,4,1.0,0.469206918767781,0.4692,BAL,STL,0
20240522_BOS@TB,2024-05-22,TB,BOS,5,8,0.0,0.49741321990978415,0.4974,BOS,BOS,1
20240522_COL@ATH,2024-05-22,ATH,COL,3,4,0.0,0.5135435106535211,0.5135,ATH,COL,0
20240522_CWS@TOR,2024-05-22,TOR,CWS,9,2,1.0,0.5226385095285524,0.5226,TOR,TOR,1
20240522_DET@KC,2024-05-22,KC,DET,8,3,1.0,0.552424155710977,0.5524,KC,KC,1
20240522_LAA@HOU,2024-05-22,HOU,LAA,1,2,0.0,0.5433185194030371,0.5433,HOU,LAA,0
20240522_MIL@MIA,2024-05-22,MIA,MIL,1,0,1.0,0.46297767081879154,0.463,MIL,MIA,0
20240522_MIN@WSH,2024-05-22,WSH,MIN,2,3,0.0,0.4814100959347354,0.4814,MIN,MIN,1
20240522_NYM@CLE,2024-05-22,CLE,NYM,6,3,1.0,0.5375850651339565,0.5376,CLE,CLE,1
20240522_SD@CIN,2024-05-22,CIN,SD,3,7,0.0,0.4772860742812816,0.4773,SD,SD,1
20240522_SEA@NYY,2024-05-22,NYY,SEA,7,3,1.0,0.537036214066401,0.537,NYY,NYY,1
20240522_SF@PIT,2024-05-22,PIT,SF,5,9,0.0,0.5030357498798644,0.503,PIT,SF,0
20240522_TEX@PHI,2024-05-22,PHI,TEX,11,4,1.0,0.5490535489559834,0.5491,PHI,PHI,1
20240521_ATL@CHC,2024-05-21,CHC,ATL,4,3,1.0,0.5092450289150754,0.5092,CHC,CHC,1
20240521_AZ@LAD,2024-05-21,LAD,AZ,3,7,0.0,0.5443686624669005,0.5444,LAD,AZ,0
20240521_BAL@STL,2024-05-21,STL,BAL,3,1,1.0,0.48663012078088624,0.4866,BAL,STL,0
20240521_BOS@TB,2024-05-21,TB,BOS,2,5,0.0,0.5048254465778289,0.5048,TB,BOS,0
20240521_COL@ATH,2024-05-21,ATH,COL,5,4,1.0,0.5343310453619508,0.5343,ATH,ATH,1
20240521_CWS@TOR,2024-05-21,TOR,CWS,0,5,0.0,0.5392378023745465,0.5392,TOR,CWS,0
20240521_DET@KC,2024-05-21,KC,DET,10,3,1.0,0.5181558099419667,0.5182,KC,KC,1
20240521_LAA@HOU,2024-05-21,HOU,LAA,6,5,1.0,0.5247647986415346,0.5248,HOU,HOU,1
20240521_MIL@MIA,2024-05-21,MIA,MIL,5,7,0.0,0.4685846216784273,0.4686,MIL,MIL,1
20240521_MIN@WSH,2024-05-21,WSH,MIN,0,10,0.0,0.49877561107346136,0.4988,MIN,MIN,1
20240521_NYM@CLE,2024-05-21,CLE,NYM,7,6,1.0,0.5260518948611833,0.5261,CLE,CLE,1
20240521_SD@CIN,2024-05-21,CIN,SD,2,0,1.0,0.48413300361607586,0.4841,SD,CIN,0
20240521_SEA@NYY,2024-05-21,NYY,SEA,3,6,0.0,0.5436442420268227,0.5436,NYY,SEA,0
20240521_SF@PIT,2024-05-21,PIT,SF,7,6,1.0,0.4027713721094628,0.4028,SF,PIT,0
20240521_TEX@PHI,2024-05-21,PHI,TEX,5,2,1.0,0.5520860594127269,0.5521,PHI,PHI,1
20240520_AZ@LAD,2024-05-20,LAD,AZ,6,4,1.0,0.5576270627998254,0.5576,LAD,LAD,1
20240520_BAL@STL,2024-05-20,STL,BAL,6,3,1.0,0.47678403166110433,0.4768,BAL,STL,0
20240520_BOS@TB,2024-05-20,TB,BOS,0,5,0.0,0.5130491622266888,0.513,TB,BOS,0
20240520_CWS@TOR,2024-05-20,TOR,CWS,9,3,1.0,0.5276912032577844,0.5277,TOR,TOR,1
20240520_DET@KC,2024-05-20,KC,DET,8,3,1.0,0.5118007830203966,0.5118,KC,KC,1
20240520_LAA@HOU,2024-05-20,HOU,LAA,7,9,0.0,0.5185972386153741,0.5186,HOU,LAA,0
20240520_MIL@MIA,2024-05-20,MIA,MIL,3,2,1.0,0.4654858794789229,0.4655,MIL,MIA,0
20240520_MIN@WSH,2024-05-20,WSH,MIN,12,3,1.0,0.4924494169486618,0.4924,MIN,WSH,0
20240520_NYM@CLE,2024-05-20,CLE,NYM,3,1,1.0,0.5240865935482424,0.5241,CLE,CLE,1
20240520_SD@ATL,2024-05-20,ATL,SD,3,0,1.0,0.5165332065107455,0.5165,ATL,ATL,1
20240520_SD@ATL_2,2024-05-20,ATL,SD,5,6,0.0,0.5040760590628612,0.5041,ATL,SD,0
20240520_SEA@NYY,2024-05-20,NYY,SEA,4,5,0.0,0.5493676618746121,0.5494,NYY,SEA,0
20240519_ATH@KC,2024-05-19,KC,ATH,8,4,1.0,0.5152261562953286,0.5152,KC,KC,1
20240519_BOS@STL,2024-05-19,STL,BOS,3,11,0.0,0.5001310778688545,0.5001,STL,BOS,0
20240519_CIN@LAD,2024-05-19,LAD,CIN,3,2,1.0,0.5654968023942348,0.5655,LAD,LAD,1
20240519_COL@SF,2024-05-19,SF,COL,4,1,1.0,0.5556140822749589,0.5556,SF,SF,1
20240519_CWS@NYY,2024-05-19,NYY,CWS,7,2,1.0,0.5813743600117698,0.5814,NYY,NYY,1
20240519_DET@AZ,2024-05-19,AZ,DET,6,4,1.0,0.4837592519173168,0.4838,DET,AZ,0
20240519_LAA@TEX,2024-05-19,TEX,LAA,1,4,0.0,0.522007123704729,0.522,TEX,LAA,0
20240519_MIL@HOU,2024-05-19,HOU,MIL,9,4,1.0,0.48737692654256487,0.4874,MIL,HOU,0
20240519_MIN@CLE,2024-05-19,CLE,MIN,5,2,1.0,0.5068706834374541,0.5069,CLE,CLE,1
20240519_NYM@MIA,2024-05-19,MIA,NYM,3,7,0.0,0.47547591075694207,0.4755,NYM,NYM,1
20240519_PIT@CHC,2024-05-19,CHC,PIT,2,3,0.0,0.5262128295704376,0.5262,CHC,PIT,0
20240519_SD@ATL,2024-05-19,ATL,SD,1,9,0.0,0.5138131557763462,0.5138,ATL,SD,0
20240519_SEA@BAL,2024-05-19,BAL,SEA,6,3,1.0,0.5131299430705419,0.5131,BAL,BAL,1
20240519_TB@TOR,2024-05-19,TOR,TB,5,2,1.0,0.47713878545380956,0.4771,TB,TOR,0
20240519_WSH@PHI,2024-05-19,PHI,WSH,11,5,1.0,0.5582749333321503,0.5583,PHI,PHI,1
20240518_ATH@KC,2024-05-18,KC,ATH,5,3,1.0,0.5166414454469598,0.5166,KC,KC,1
20240518_BOS@STL,2024-05-18,STL,BOS,7,2,1.0,0.5058107548722302,0.5058,STL,STL,1
20240518_CIN@LAD,2024-05-18,LAD,CIN,4,0,1.0,0.5616686394670296,0.5617,LAD,LAD,1
20240518_COL@SF,2024-05-18,SF,COL,14,4,1.0,0.5260823787902753,0.5261,SF,SF,1
20240518_CWS@NYY,2024-05-18,NYY,CWS,6,1,1.0,0.5702320028191794,0.5702,NYY,NYY,1
20240518_DET@AZ,2024-05-18,AZ,DET,3,8,0.0,0.4923963442799013,0.4924,DET,DET,1
20240518_LAA@TEX,2024-05-18,TEX,LAA,3,2,1.0,0.516249158016692,0.5162,TEX,TEX,1
20240518_MIL@HOU,2024-05-18,HOU,MIL,2,4,0.0,0.4843379127650586,0.4843,MIL,MIL,1
20240518_MIN@CLE,2024-05-18,CLE,MIN,11,4,1.0,0.5101107535238651,0.5101,CLE,CLE,1
20240518_NYM@MIA,2024-05-18,MIA,NYM,10,9,1.0,0.49822107763861606,0.4982,NYM,MIA,0
20240518_PIT@CHC,2024-05-18,CHC,PIT,1,0,1.0,0.5162078125972636,0.5162,CHC,CHC,1
20240518_SEA@BAL,2024-05-18,BAL,SEA,3,4,0.0,0.5192044090258173,0.5192,BAL,SEA,0
20240518_TB@TOR,2024-05-18,TOR,TB,4,5,0.0,0.5036164734878452,0.5036,TOR,TB,0
20240518_WSH@PHI,2024-05-18,PHI,WSH,4,3,1.0,0.5629500663090794,0.563,PHI,PHI,1
20240517_ATH@KC,2024-05-17,KC,ATH,6,2,1.0,0.526649830081135,0.5266,KC,KC,1
20240517_BOS@STL,2024-05-17,STL,BOS,10,6,1.0,0.5000708128428587,0.5001,STL,STL,1
20240517_CIN@LAD,2024-05-17,LAD,CIN,7,3,1.0,0.5456507385423427,0.5457,LAD,LAD,1
20240517_COL@SF,2024-05-17,SF,COL,10,5,1.0,0.5100925332096758,0.5101,SF,SF,1
20240517_CWS@NYY,2024-05-17,NYY,CWS,4,2,1.0,0.571018785512554,0.571,NYY,NYY,1
20240517_DET@AZ,2024-05-17,AZ,DET,0,13,0.0,0.5214980844585629,0.5215,AZ,DET,0
20240517_LAA@TEX,2024-05-17,TEX,LAA,3,9,0.0,0.5156575386873883,0.5157,TEX,LAA,0
20240517_MIL@HOU,2024-05-17,HOU,MIL,5,4,1.0,0.48885286753645246,0.4889,MIL,HOU,0
20240517_MIN@CLE,2024-05-17,CLE,MIN,3,2,1.0,0.49830469093226876,0.4983,MIN,CLE,0
20240517_NYM@MIA,2024-05-17,MIA,NYM,8,0,1.0,0.49125246911955833,0.4913,NYM,MIA,0
20240517_PIT@CHC,2024-05-17,CHC,PIT,3,9,0.0,0.5223472817818403,0.5223,CHC,PIT,0
20240517_SD@ATL,2024-05-17,ATL,SD,1,3,0.0,0.5341012289958692,0.5341,ATL,SD,0
20240517_SEA@BAL,2024-05-17,BAL,SEA,9,2,1.0,0.5152778848887054,0.5153,BAL,BAL,1
20240517_TB@TOR,2024-05-17,TOR,TB,3,4,0.0,0.5074384585833951,0.5074,TOR,TB,0
20240517_WSH@PHI,2024-05-17,PHI,WSH,4,2,1.0,0.5565908800550626,0.5566,PHI,PHI,1
20240516_ATH@HOU,2024-05-16,HOU,ATH,8,1,1.0,0.5026179809265969,0.5026,HOU,HOU,1
20240516_CIN@LAD,2024-05-16,LAD,CIN,2,7,0.0,0.5557642508773595,0.5558,LAD,CIN,0
20240516_NYM@PHI,2024-05-16,PHI,NYM,5,6,0.0,0.5628420729088067,0.5628,PHI,NYM,0
20240516_NYY@MIN,2024-05-16,MIN,NYY,0,5,0.0,0.4763374295575518,0.4763,NYY,NYY,1
20240516_PIT@CHC,2024-05-16,CHC,PIT,4,5,0.0,0.5180031317307281,0.518,CHC,PIT,0
20240516_TB@BOS,2024-05-16,BOS,TB,5,7,0.0,0.5104375890502811,0.5104,BOS,TB,0
20240515_ATH@HOU,2024-05-15,HOU,ATH,3,0,1.0,0.4999342641837907,0.4999,ATH,HOU,0
20240515_CHC@ATL,2024-05-15,ATL,CHC,1,7,0.0,0.5611221740844455,0.5611,ATL,CHC,0
20240515_CIN@AZ,2024-05-15,AZ,CIN,2,1,1.0,0.5403232936085551,0.5403,AZ,AZ,1
20240515_CLE@TEX,2024-05-15,TEX,CLE,4,0,1.0,0.4839479331414563,0.4839,CLE,TEX,0
20240515_COL@SD,2024-05-15,SD,COL,0,8,0.0,0.5495258840430945,0.5495,SD,COL,0
20240515_KC@SEA,2024-05-15,SEA,KC,4,2,1.0,0.4967038772227171,0.4967,KC,SEA,0
20240515_LAD@SF,2024-05-15,SF,LAD,4,1,1.0,0.4367158091066413,0.4367,LAD,SF,0
20240515_MIA@DET,2024-05-15,DET,MIA,0,2,0.0,0.5789965992017212,0.579,DET,MIA,0
20240515_NYM@PHI,2024-05-15,PHI,NYM,10,5,1.0,0.569025400827352,0.569,PHI,PHI,1
20240515_NYY@MIN,2024-05-15,MIN,NYY,0,4,0.0,0.5270251589698742,0.527,MIN,NYY,0
20240515_PIT@MIL,2024-05-15,MIL,PIT,10,2,1.0,0.5537382345558025,0.5537,MIL,MIL,1
20240515_STL@LAA,2024-05-15,LAA,STL,7,2,1.0,0.4813805812523257,0.4814,STL,LAA,0
20240515_TB@BOS,2024-05-15,BOS,TB,3,4,0.0,0.5191783290638203,0.5192,BOS,TB,0
20240515_TOR@BAL,2024-05-15,BAL,TOR,3,2,1.0,0.5645429509488843,0.5645,BAL,BAL,1
20240515_WSH@CWS,2024-05-15,CWS,WSH,2,0,1.0,0.4640577104729353,0.4641,WSH,CWS,0
20240514_ATH@HOU,2024-05-14,HOU,ATH,2,1,1.0,0.4890208786506416,0.489,ATH,HOU,0
20240514_CHC@ATL,2024-05-14,ATL,CHC,7,0,1.0,0.5420528633076608,0.5421,ATL,ATL,1
20240514_CIN@AZ,2024-05-14,AZ,CIN,2,6,0.0,0.5272984639208439,0.5273,AZ,CIN,0
20240514_CLE@TEX,2024-05-14,TEX,CLE,4,7,0.0,0.5221532786869946,0.5222,TEX,CLE,0
20240514_COL@SD,2024-05-14,SD,COL,3,6,0.0,0.5644832170901039,0.5645,SD,COL,0
20240514_KC@SEA,2024-05-14,SEA,KC,2,4,0.0,0.5071277797550681,0.5071,SEA,KC,0
20240514_LAD@SF,2024-05-14,SF,LAD,2,10,0.0,0.4372608862366658,0.4373,LAD,LAD,1
20240514_MIA@DET,2024-05-14,DET,MIA,0,1,0.0,0.569526192081023,0.5695,DET,MIA,0
20240514_NYY@MIN,2024-05-14,MIN,NYY,1,5,0.0,0.4777842659354785,0.4778,NYY,NYY,1
20240514_PHI@NYM,2024-05-14,NYM,PHI,0,4,0.0,0.4498159666959738,0.4498,PHI,PHI,1
20240514_PIT@MIL,2024-05-14,MIL,PIT,4,3,1.0,0.5548706647375388,0.5549,MIL,MIL,1
20240514_STL@LAA,2024-05-14,LAA,STL,6,7,0.0,0.5187092846874655,0.5187,LAA,STL,0
20240514_TB@BOS,2024-05-14,BOS,TB,5,4,1.0,0.5227990454951156,0.5228,BOS,BOS,1
20240514_WSH@CWS,2024-05-14,CWS,WSH,4,0,1.0,0.4339766506396556,0.434,WSH,CWS,0
20240514_WSH@CWS_2,2024-05-14,CWS,WSH,3,6,0.0,0.46882845177697136,0.4688,WSH,WSH,1
20240513_ATH@HOU,2024-05-13,HOU,ATH,9,2,1.0,0.4819120210132067,0.4819,ATH,HOU,0
20240513_CHC@ATL,2024-05-13,ATL,CHC,2,0,1.0,0.5686404150578163,0.5686,ATL,ATL,1
20240513_CIN@AZ,2024-05-13,AZ,CIN,6,5,1.0,0.5240483118944818,0.524,AZ,AZ,1
20240513_CLE@TEX,2024-05-13,TEX,CLE,0,7,0.0,0.49582034887925014,0.4958,CLE,CLE,1
20240513_COL@SD,2024-05-13,SD,COL,4,5,0.0,0.5787346336320625,0.5787,SD,COL,0
20240513_KC@SEA,2024-05-13,SEA,KC,6,2,1.0,0.49453946300010854,0.4945,KC,SEA,0
20240513_LAD@SF,2024-05-13,SF,LAD,4,6,0.0,0.4365009033721674,0.4365,LAD,LAD,1
20240513_MIA@DET,2024-05-13,DET,MIA,6,5,1.0,0.5651616511539598,0.5652,DET,DET,1
20240513_PHI@NYM,2024-05-13,NYM,PHI,4,5,0.0,0.4478341125000297,0.4478,PHI,PHI,1
20240513_PIT@MIL,2024-05-13,MIL,PIT,6,8,0.0,0.5703045011515939,0.5703,MIL,PIT,0
20240513_STL@LAA,2024-05-13,LAA,STL,5,10,0.0,0.5106739384717544,0.5107,LAA,STL,0
20240513_TB@BOS,2024-05-13,BOS,TB,3,5,0.0,0.5235145382666575,0.5235,BOS,TB,0
20240513_TOR@BAL,2024-05-13,BAL,TOR,2,3,0.0,0.5771164483815449,0.5771,BAL,TOR,0
20240512_ATH@SEA,2024-05-12,SEA,ATH,8,4,1.0,0.5170432655460953,0.517,SEA,SEA,1
20240512_ATL@NYM,2024-05-12,NYM,ATL,4,3,1.0,0.45035420886557415,0.4504,ATL,NYM,0
20240512_AZ@BAL,2024-05-12,BAL,AZ,2,9,0.0,0.5747799485001306,0.5748,BAL,AZ,0
20240512_CHC@PIT,2024-05-12,PIT,CHC,4,5,0.0,0.44549177304161075,0.4455,CHC,CHC,1
20240512_CIN@SF,2024-05-12,SF,CIN,6,5,1.0,0.5036618686102448,0.5037,SF,SF,1
20240512_CLE@CWS,2024-05-12,CWS,CLE,0,7,0.0,0.4258400964504743,0.4258,CLE,CLE,1
20240512_HOU@DET,2024-05-12,DET,HOU,3,9,0.0,0.5405199292692563,0.5405,DET,HOU,0
20240512_KC@LAA,2024-05-12,LAA,KC,2,4,0.0,0.44552439106862257,0.4455,KC,KC,1
20240512_LAD@SD,2024-05-12,SD,LAD,4,0,1.0,0.4598139658241149,0.4598,LAD,SD,0
20240512_MIN@TOR,2024-05-12,TOR,MIN,1,5,0.0,0.4708495230456158,0.4708,MIN,MIN,1
20240512_NYY@TB,2024-05-12,TB,NYY,6,10,0.0,0.4809503466342683,0.481,NYY,NYY,1
20240512_PHI@MIA,2024-05-12,MIA,PHI,7,6,1.0,0.39167456295301417,0.3917,PHI,MIA,0
20240512_STL@MIL,2024-05-12,MIL,STL,3,4,0.0,0.5903330319797275,0.5903,MIL,STL,0
20240512_TEX@COL,2024-05-12,COL,TEX,3,1,1.0,0.3450053128685756,0.345,TEX,COL,0
20240512_WSH@BOS,2024-05-12,BOS,WSH,3,2,1.0,0.5132564802536712,0.5133,BOS,BOS,1
20240511_ATH@SEA,2024-05-11,SEA,ATH,1,8,0.0,0.5217151381901042,0.5217,SEA,ATH,0
20240511_ATL@NYM,2024-05-11,NYM,ATL,1,4,0.0,0.45361216573150887,0.4536,ATL,ATL,1
20240511_AZ@BAL,2024-05-11,BAL,AZ,5,4,1.0,0.5501058240655626,0.5501,BAL,BAL,1
20240511_CHC@PIT,2024-05-11,PIT,CHC,10,9,1.0,0.4616606135211081,0.4617,CHC,PIT,0
20240511_CIN@SF,2024-05-11,SF,CIN,5,1,1.0,0.517256289140795,0.5173,SF,SF,1
20240511_CLE@CWS,2024-05-11,CWS,CLE,3,1,1.0,0.43163532906440505,0.4316,CLE,CWS,0
20240511_HOU@DET,2024-05-11,DET,HOU,8,2,1.0,0.5388811979574997,0.5389,DET,DET,1
20240511_KC@LAA,2024-05-11,LAA,KC,9,3,1.0,0.4402875985596264,0.4403,KC,LAA,0
20240511_LAD@SD,2024-05-11,SD,LAD,0,5,0.0,0.4462317973333509,0.4462,LAD,LAD,1
20240511_MIN@TOR,2024-05-11,TOR,MIN,10,8,1.0,0.4579988043906445,0.458,MIN,TOR,0
20240511_NYY@TB,2024-05-11,TB,NYY,7,2,1.0,0.4542690209995746,0.4543,NYY,TB,0
20240511_PHI@MIA,2024-05-11,MIA,PHI,3,8,0.0,0.3833125910109186,0.3833,PHI,PHI,1
20240511_STL@MIL,2024-05-11,MIL,STL,5,3,1.0,0.5722683452521906,0.5723,MIL,MIL,1
20240511_TEX@COL,2024-05-11,COL,TEX,8,3,1.0,0.48824091237991374,0.4882,TEX,COL,0
20240511_WSH@BOS,2024-05-11,BOS,WSH,4,2,1.0,0.5036470831780483,0.5036,BOS,BOS,1
20240510_ATH@SEA,2024-05-10,SEA,ATH,8,1,1.0,0.5054905119670358,0.5055,SEA,SEA,1
20240510_ATL@NYM,2024-05-10,NYM,ATL,2,4,0.0,0.46358223816192257,0.4636,ATL,ATL,1
20240510_AZ@BAL,2024-05-10,BAL,AZ,4,2,1.0,0.5474696831299145,0.5475,BAL,BAL,1
20240510_CHC@PIT,2024-05-10,PIT,CHC,2,7,0.0,0.4913927275036491,0.4914,CHC,CHC,1
20240510_CIN@SF,2024-05-10,SF,CIN,2,4,0.0,0.5244253347316737,0.5244,SF,CIN,0
20240510_CLE@CWS,2024-05-10,CWS,CLE,6,3,1.0,0.4365447170304214,0.4365,CLE,CWS,0
20240510_HOU@DET,2024-05-10,DET,HOU,2,5,0.0,0.5586499018648293,0.5586,DET,HOU,0
20240510_KC@LAA,2024-05-10,LAA,KC,1,2,0.0,0.44309116621783895,0.4431,KC,KC,1
20240510_LAD@SD,2024-05-10,SD,LAD,2,1,1.0,0.4496314651354657,0.4496,LAD,SD,0
20240510_MIN@TOR,2024-05-10,TOR,MIN,2,3,0.0,0.46323820947246264,0.4632,MIN,MIN,1
20240510_NYY@TB,2024-05-10,TB,NYY,0,2,0.0,0.46080612932051457,0.4608,NYY,NYY,1
20240510_PHI@MIA,2024-05-10,MIA,PHI,2,8,0.0,0.37326477574875566,0.3733,PHI,PHI,1
20240510_STL@MIL,2024-05-10,MIL,STL,11,2,1.0,0.5886014775865367,0.5886,MIL,MIL,1
20240510_TEX@COL,2024-05-10,COL,TEX,4,2,1.0,0.3586991665340516,0.3587,TEX,COL,0
20240510_WSH@BOS,2024-05-10,BOS,WSH,1,5,0.0,0.5057461089052764,0.5057,BOS,WSH,0
20240509_AZ@CIN,2024-05-09,CIN,AZ,4,5,0.0,0.5289730710081969,0.529,CIN,AZ,0
20240509_CLE@CWS,2024-05-09,CWS,CLE,3,2,1.0,0.4111284361607864,0.4111,CLE,CWS,0
20240509_HOU@NYY,2024-05-09,NYY,HOU,3,4,0.0,0.5862351470073852,0.5862,NYY,HOU,0
20240509_KC@LAA,2024-05-09,LAA,KC,4,10,0.0,0.456933373107449,0.4569,KC,KC,1
20240509_SEA@MIN,2024-05-09,MIN,SEA,11,1,1.0,0.5000921780805291,0.5001,MIN,MIN,1
20240509_SF@COL,2024-05-09,COL,SF,9,1,1.0,0.4262078518181394,0.4262,SF,COL,0
20240509_STL@MIL,2024-05-09,MIL,STL,7,1,1.0,0.5728547319532324,0.5729,MIL,MIL,1
20240508_AZ@CIN,2024-05-08,CIN,AZ,3,4,0.0,0.5265701907160266,0.5266,CIN,AZ,0
20240508_BAL@WSH,2024-05-08,WSH,BAL,6,7,0.0,0.44771617127099533,0.4477,BAL,BAL,1
20240508_BOS@ATL,2024-05-08,ATL,BOS,5,0,1.0,0.47909002461971995,0.4791,BOS,ATL,0
20240508_CWS@TB,2024-05-08,TB,CWS,1,4,0.0,0.5497697082577112,0.5498,TB,CWS,0
20240508_DET@CLE,2024-05-08,CLE,DET,5,4,1.0,0.5148059084664819,0.5148,CLE,CLE,1
20240508_HOU@NYY,2024-05-08,NYY,HOU,9,4,1.0,0.5379592367561082,0.538,NYY,NYY,1
20240508_LAA@PIT,2024-05-08,PIT,LAA,4,5,0.0,0.470879042613267,0.4709,LAA,LAA,1
20240508_MIA@LAD,2024-05-08,LAD,MIA,3,1,1.0,0.5562755341583008,0.5563,LAD,LAD,1
20240508_MIL@KC,2024-05-08,KC,MIL,6,4,1.0,0.46439666484269093,0.4644,MIL,KC,0
20240508_SD@CHC,2024-05-08,CHC,SD,0,3,0.0,0.48634580414758327,0.4863,SD,SD,1
20240508_SEA@MIN,2024-05-08,MIN,SEA,6,3,1.0,0.49341032156327985,0.4934,SEA,MIN,0
20240508_SF@COL,2024-05-08,COL,SF,6,8,0.0,0.44358632822046623,0.4436,SF,SF,1
20240508_TEX@ATH,2024-05-08,ATH,TEX,11,12,0.0,0.4820414927340148,0.482,TEX,TEX,1
20240508_TEX@ATH_2,2024-05-08,ATH,TEX,9,4,1.0,0.48292191382655036,0.4829,TEX,ATH,0
20240508_TOR@PHI,2024-05-08,PHI,TOR,3,5,0.0,0.5261777325215574,0.5262,PHI,TOR,0
20240507_AZ@CIN,2024-05-07,CIN,AZ,2,6,0.0,0.5060646074600206,0.5061,CIN,AZ,0
20240507_BAL@WSH,2024-05-07,WSH,BAL,3,0,1.0,0.4380998860804444,0.4381,BAL,WSH,0
20240507_BOS@ATL,2024-05-07,ATL,BOS,4,2,1.0,0.5339145070661373,0.5339,ATL,ATL,1
20240507_CWS@TB,2024-05-07,TB,CWS,5,1,1.0,0.5535968034911827,0.5536,TB,TB,1
20240507_DET@CLE,2024-05-07,CLE,DET,7,11,0.0,0.5119889854352632,0.512,CLE,DET,0
20240507_HOU@NYY,2024-05-07,NYY,HOU,10,3,1.0,0.5390954836352282,0.5391,NYY,NYY,1
20240507_LAA@PIT,2024-05-07,PIT,LAA,0,9,0.0,0.5240570216570327,0.5241,PIT,LAA,0
20240507_MIA@LAD,2024-05-07,LAD,MIA,8,2,1.0,0.5762368892039625,0.5762,LAD,LAD,1
20240507_MIL@KC,2024-05-07,KC,MIL,5,6,0.0,0.4891497299384229,0.4891,MIL,MIL,1
20240507_NYM@STL,2024-05-07,STL,NYM,5,7,0.0,0.4748112334748538,0.4748,NYM,NYM,1
20240507_SD@CHC,2024-05-07,CHC,SD,3,2,1.0,0.5082483377235426,0.5082,CHC,CHC,1
20240507_SEA@MIN,2024-05-07,MIN,SEA,6,10,0.0,0.5031417925744363,0.5031,MIN,SEA,0
20240507_SF@COL,2024-05-07,COL,SF,0,5,0.0,0.45565043455188825,0.4557,SF,SF,1
20240507_TEX@ATH,2024-05-07,ATH,TEX,8,15,0.0,0.46981679407297344,0.4698,TEX,TEX,1
20240507_TOR@PHI,2024-05-07,PHI,TOR,10,1,1.0,0.538717836441302,0.5387,PHI,PHI,1
20240506_CWS@TB,2024-05-06,TB,CWS,8,2,1.0,0.5443481260644799,0.5443,TB,TB,1
20240506_DET@CLE,2024-05-06,CLE,DET,2,1,1.0,0.5001878785150053,0.5002,CLE,CLE,1
20240506_LAA@PIT,2024-05-06,PIT,LAA,4,1,1.0,0.5158176229430979,0.5158,PIT,PIT,1
20240506_MIA@LAD,2024-05-06,LAD,MIA,6,3,1.0,0.5690762670160474,0.5691,LAD,LAD,1
20240506_MIL@KC,2024-05-06,KC,MIL,3,2,1.0,0.5126555238215837,0.5127,KC,KC,1
20240506_NYM@STL,2024-05-06,STL,NYM,3,4,0.0,0.47063470339967833,0.4706,NYM,NYM,1
20240506_SD@CHC,2024-05-06,CHC,SD,3,6,0.0,0.5165789302826395,0.5166,CHC,SD,0
20240506_SEA@MIN,2024-05-06,MIN,SEA,3,1,1.0,0.4833037103332547,0.4833,SEA,MIN,0
20240506_SF@PHI,2024-05-06,PHI,SF,6,1,1.0,0.5301443709534822,0.5301,PHI,PHI,1
20240506_TEX@ATH,2024-05-06,ATH,TEX,2,4,0.0,0.5007806295228637,0.5008,ATH,TEX,0
20240505_ATL@LAD,2024-05-05,LAD,ATL,5,1,1.0,0.4962344756563283,0.4962,ATL,LAD,0
20240505_BAL@CIN,2024-05-05,CIN,BAL,1,11,0.0,0.44221664964442026,0.4422,BAL,BAL,1
20240505_BOS@MIN,2024-05-05,MIN,BOS,2,9,0.0,0.5160350790636213,0.516,MIN,BOS,0
20240505_COL@PIT,2024-05-05,PIT,COL,5,3,1.0,0.4977334745077319,0.4977,COL,PIT,0
20240505_CWS@STL,2024-05-05,STL,CWS,1,5,0.0,0.5553960404407025,0.5554,STL,CWS,0
20240505_DET@NYY,2024-05-05,NYY,DET,5,2,1.0,0.5138338543540129,0.5138,NYY,NYY,1
20240505_LAA@CLE,2024-05-05,CLE,LAA,4,1,1.0,0.5085685486593704,0.5086,CLE,CLE,1
20240505_MIA@ATH,2024-05-05,ATH,MIA,3,12,0.0,0.5537762120094373,0.5538,ATH,MIA,0
20240505_MIL@CHC,2024-05-05,CHC,MIL,5,0,1.0,0.48138095995573194,0.4814,MIL,CHC,0
20240505_NYM@TB,2024-05-05,TB,NYM,7,6,1.0,0.4902682813218928,0.4903,NYM,TB,0
20240505_SD@AZ,2024-05-05,AZ,SD,11,4,1.0,0.4661863974597718,0.4662,SD,AZ,0
20240505_SEA@HOU,2024-05-05,HOU,SEA,4,5,0.0,0.4789708127430802,0.479,SEA,SEA,1
20240505_SF@PHI,2024-05-05,PHI,SF,5,4,1.0,0.5199176795496944,0.5199,PHI,PHI,1
20240505_TEX@KC,2024-05-05,KC,TEX,2,3,0.0,0.5016358194031693,0.5016,KC,TEX,0
20240505_TOR@WSH,2024-05-05,WSH,TOR,11,8,1.0,0.4866927827701935,0.4867,TOR,WSH,0
20240504_ATL@LAD,2024-05-04,LAD,ATL,11,2,1.0,0.5079688367769369,0.508,LAD,LAD,1
20240504_BAL@CIN,2024-05-04,CIN,BAL,1,2,0.0,0.43547761814991576,0.4355,BAL,BAL,1
20240504_BOS@MIN,2024-05-04,MIN,BOS,3,1,1.0,0.5111423699381932,0.5111,MIN,MIN,1
20240504_COL@PIT,2024-05-04,PIT,COL,1,0,1.0,0.5530590683658486,0.5531,PIT,PIT,1
20240504_CWS@STL,2024-05-04,STL,CWS,5,6,0.0,0.5355869364526795,0.5356,STL,CWS,0
20240504_DET@NYY,2024-05-04,NYY,DET,5,3,1.0,0.5069104449149214,0.5069,NYY,NYY,1
20240504_LAA@CLE,2024-05-04,CLE,LAA,7,1,1.0,0.5199254539510769,0.5199,CLE,CLE,1
20240504_MIA@ATH,2024-05-04,ATH,MIA,20,4,1.0,0.5290097125332518,0.529,ATH,ATH,1
20240504_MIL@CHC,2024-05-04,CHC,MIL,6,5,1.0,0.47470471299381845,0.4747,MIL,CHC,0
20240504_NYM@TB,2024-05-04,TB,NYM,3,1,1.0,0.4843709282672726,0.4844,NYM,TB,0
20240504_SD@AZ,2024-05-04,AZ,SD,1,13,0.0,0.473542219619878,0.4735,SD,SD,1
20240504_SEA@HOU,2024-05-04,HOU,SEA,0,5,0.0,0.48934291784208755,0.4893,SEA,SEA,1
20240504_SF@PHI,2024-05-04,PHI,SF,14,3,1.0,0.5371481594442906,0.5371,PHI,PHI,1
20240504_TEX@KC,2024-05-04,KC,TEX,4,15,0.0,0.5161367690205527,0.5161,KC,TEX,0
20240504_TOR@WSH,2024-05-04,WSH,TOR,3,6,0.0,0.5050143541519657,0.505,WSH,TOR,0
20240503_ATL@LAD,2024-05-03,LAD,ATL,4,3,1.0,0.4951401773893723,0.4951,ATL,LAD,0
20240503_BAL@CIN,2024-05-03,CIN,BAL,0,3,0.0,0.5085968573678616,0.5086,CIN,BAL,0
20240503_BOS@MIN,2024-05-03,MIN,BOS,5,2,1.0,0.4951541552732457,0.4952,BOS,MIN,0
20240503_COL@PIT,2024-05-03,PIT,COL,2,3,0.0,0.5202863094863495,0.5203,PIT,COL,0
20240503_CWS@STL,2024-05-03,STL,CWS,3,0,1.0,0.533733260845328,0.5337,STL,STL,1
20240503_DET@NYY,2024-05-03,NYY,DET,2,1,1.0,0.5076918936139774,0.5077,NYY,NYY,1
20240503_LAA@CLE,2024-05-03,CLE,LAA,0,6,0.0,0.5212152230081829,0.5212,CLE,LAA,0
20240503_MIA@ATH,2024-05-03,ATH,MIA,3,1,1.0,0.5191001191052697,0.5191,ATH,ATH,1
20240503_MIL@CHC,2024-05-03,CHC,MIL,1,3,0.0,0.4763496043193695,0.4763,MIL,MIL,1
20240503_NYM@TB,2024-05-03,TB,NYM,10,8,1.0,0.47585779807234824,0.4759,NYM,TB,0
20240503_SD@AZ,2024-05-03,AZ,SD,1,7,0.0,0.4604241935252359,0.4604,SD,SD,1
20240503_SEA@HOU,2024-05-03,HOU,SEA,5,3,1.0,0.47843233015761166,0.4784,SEA,HOU,0
20240503_SF@PHI,2024-05-03,PHI,SF,4,3,1.0,0.5289104631762388,0.5289,PHI,PHI,1
20240503_TEX@KC,2024-05-03,KC,TEX,7,1,1.0,0.48637422067203095,0.4864,TEX,KC,0
20240503_TOR@WSH,2024-05-03,WSH,TOR,9,3,1.0,0.4683742263778627,0.4684,TOR,WSH,0
20240502_CHC@NYM,2024-05-02,NYM,CHC,7,6,1.0,0.4795613651040828,0.4796,CHC,NYM,0
20240502_CLE@HOU,2024-05-02,HOU,CLE,8,2,1.0,0.45648953122690855,0.4565,CLE,HOU,0
20240502_COL@MIA,2024-05-02,MIA,COL,5,4,1.0,0.49189711040880757,0.4919,COL,MIA,0
20240502_NYY@BAL,2024-05-02,BAL,NYY,7,2,1.0,0.5066859908087213,0.5067,BAL,BAL,1
20240502_SF@BOS,2024-05-02,BOS,SF,1,3,0.0,0.5280656949646318,0.5281,BOS,SF,0
20240502_WSH@TEX,2024-05-02,TEX,WSH,6,0,1.0,0.4979151721089183,0.4979,WSH,TEX,0
20240501_ATL@SEA,2024-05-01,SEA,ATL,2,5,0.0,0.47047193895866657,0.4705,ATL,ATL,1
20240501_CHC@NYM,2024-05-01,NYM,CHC,0,1,0.0,0.4881608196146806,0.4882,CHC,CHC,1
20240501_CIN@SD,2024-05-01,SD,CIN,6,2,1.0,0.5102319465308152,0.5102,SD,SD,1
20240501_CLE@HOU,2024-05-01,HOU,CLE,2,3,0.0,0.5482863076868106,0.5483,HOU,CLE,0
20240501_COL@MIA,2024-05-01,MIA,COL,4,1,1.0,0.43425615155921354,0.4343,COL,MIA,0
20240501_KC@TOR,2024-05-01,TOR,KC,1,6,0.0,0.47369481252691853,0.4737,KC,KC,1
20240501_LAD@AZ,2024-05-01,AZ,LAD,0,8,0.0,0.4651893351497018,0.4652,LAD,LAD,1
20240501_MIN@CWS,2024-05-01,CWS,MIN,5,10,0.0,0.4727222975779537,0.4727,MIN,MIN,1
20240501_NYY@BAL,2024-05-01,BAL,NYY,0,2,0.0,0.5525916471110667,0.5526,BAL,NYY,0
20240501_PHI@LAA,2024-05-01,LAA,PHI,1,2,0.0,0.47358952962440726,0.4736,PHI,PHI,1
20240501_PIT@ATH,2024-05-01,ATH,PIT,4,0,1.0,0.5067335719891327,0.5067,ATH,ATH,1
20240501_SF@BOS,2024-05-01,BOS,SF,6,2,1.0,0.48635625341866184,0.4864,SF,BOS,0
20240501_STL@DET,2024-05-01,DET,STL,4,1,1.0,0.568706914170263,0.5687,DET,DET,1
20240501_TB@MIL,2024-05-01,MIL,TB,7,1,1.0,0.6006507396327928,0.6007,MIL,MIL,1
20240501_WSH@TEX,2024-05-01,TEX,WSH,0,1,0.0,0.5087120732530711,0.5087,TEX,WSH,0
20240430_ATL@SEA,2024-04-30,SEA,ATL,3,2,1.0,0.4335597733793493,0.4336,ATL,SEA,0
20240430_CHC@NYM,2024-04-30,NYM,CHC,4,2,1.0,0.5029362140543173,0.5029,NYM,NYM,1
20240430_CIN@SD,2024-04-30,SD,CIN,6,4,1.0,0.4816827052038919,0.4817,CIN,SD,0
20240430_CLE@HOU,2024-04-30,HOU,CLE,10,9,1.0,0.5057207561044026,0.5057,HOU,HOU,1
20240430_COL@MIA,2024-04-30,MIA,COL,7,6,1.0,0.4740213072468899,0.474,COL,MIA,0
20240430_KC@TOR,2024-04-30,TOR,KC,1,4,0.0,0.4863058048942228,0.4863,KC,KC,1
20240430_LAD@AZ,2024-04-30,AZ,LAD,4,3,1.0,0.44881238396197376,0.4488,LAD,AZ,0
20240430_MIN@CWS,2024-04-30,CWS,MIN,5,6,0.0,0.44092420275532695,0.4409,MIN,MIN,1
20240430_NYY@BAL,2024-04-30,BAL,NYY,4,2,1.0,0.556908175122119,0.5569,BAL,BAL,1
20240430_PHI@LAA,2024-04-30,LAA,PHI,5,7,0.0,0.5298310892453778,0.5298,LAA,PHI,0
20240430_PIT@ATH,2024-04-30,ATH,PIT,5,2,1.0,0.44772204779314134,0.4477,PIT,ATH,0
20240430_SF@BOS,2024-04-30,BOS,SF,4,0,1.0,0.5461028289640879,0.5461,BOS,BOS,1
20240430_STL@DET,2024-04-30,DET,STL,1,2,0.0,0.5380205351216064,0.538,DET,STL,0
20240430_STL@DET_2,2024-04-30,DET,STL,11,6,1.0,0.4503198396604339,0.4503,STL,DET,0
20240430_TB@MIL,2024-04-30,MIL,TB,8,2,1.0,0.5553867729093172,0.5554,MIL,MIL,1
20240430_WSH@TEX,2024-04-30,TEX,WSH,7,1,1.0,0.49374457983516823,0.4937,WSH,TEX,0
20240429_ATL@SEA,2024-04-29,SEA,ATL,2,1,1.0,0.4695285242210886,0.4695,ATL,SEA,0
20240429_CHC@NYM,2024-04-29,NYM,CHC,1,3,0.0,0.5376363363532312,0.5376,NYM,CHC,0
20240429_CIN@SD,2024-04-29,SD,CIN,2,5,0.0,0.4886092191312299,0.4886,CIN,CIN,1
20240429_KC@TOR,2024-04-29,TOR,KC,6,5,1.0,0.43454508361464095,0.4345,KC,TOR,0
20240429_LAD@AZ,2024-04-29,AZ,LAD,4,8,0.0,0.49889111111544926,0.4989,LAD,LAD,1
20240429_MIN@CWS,2024-04-29,CWS,MIN,2,3,0.0,0.47382458167406805,0.4738,MIN,MIN,1
20240429_NYY@BAL,2024-04-29,BAL,NYY,2,0,1.0,0.5170562404706667,0.5171,BAL,BAL,1
20240429_PHI@LAA,2024-04-29,LAA,PHI,6,5,1.0,0.49538380463600407,0.4954,PHI,LAA,0
20240429_PIT@ATH,2024-04-29,ATH,PIT,5,1,1.0,0.48096450975077326,0.481,PIT,ATH,0
20240429_TB@MIL,2024-04-29,MIL,TB,0,1,0.0,0.5787157471296251,0.5787,MIL,TB,0
20240429_WSH@MIA,2024-04-29,MIA,WSH,2,7,0.0,0.5009552425382571,0.501,MIA,WSH,0
20240428_ATH@BAL,2024-04-28,BAL,ATH,6,7,0.0,0.5927003748032394,0.5927,BAL,ATH,0
20240428_AZ@SEA,2024-04-28,SEA,AZ,2,3,0.0,0.5510189184298625,0.551,SEA,AZ,0
20240428_CHC@BOS,2024-04-28,BOS,CHC,5,4,1.0,0.5218259294308096,0.5218,BOS,BOS,1
20240428_CIN@TEX,2024-04-28,TEX,CIN,4,3,1.0,0.49283727836351504,0.4928,CIN,TEX,0
20240428_CLE@ATL,2024-04-28,ATL,CLE,4,3,1.0,0.47749603318691247,0.4775,CLE,ATL,0
20240428_HOU@COL,2024-04-28,COL,HOU,2,8,0.0,0.4815467064094936,0.4815,HOU,HOU,1
20240428_KC@DET,2024-04-28,DET,KC,4,1,1.0,0.48385531431864537,0.4839,KC,DET,0
20240428_LAD@TOR,2024-04-28,TOR,LAD,3,1,1.0,0.49615247958495085,0.4962,LAD,TOR,0
20240428_MIN@LAA,2024-04-28,LAA,MIN,5,11,0.0,0.4713929010045525,0.4714,MIN,MIN,1
20240428_NYY@MIL,2024-04-28,MIL,NYY,5,15,0.0,0.525016548536194,0.525,MIL,NYY,0
20240428_PHI@SD,2024-04-28,SD,PHI,6,8,0.0,0.4857971776960682,0.4858,PHI,PHI,1
20240428_PIT@SF,2024-04-28,SF,PIT,3,2,1.0,0.5185687482988456,0.5186,SF,SF,1
20240428_STL@NYM,2024-04-28,NYM,STL,4,2,1.0,0.5618632713871221,0.5619,NYM,NYM,1
20240428_TB@CWS,2024-04-28,CWS,TB,4,2,1.0,0.506486070851896,0.5065,CWS,CWS,1
20240428_WSH@MIA,2024-04-28,MIA,WSH,9,12,0.0,0.4875260988730483,0.4875,WSH,WSH,1
20240427_ATH@BAL,2024-04-27,BAL,ATH,7,0,1.0,0.5989010863812445,0.5989,BAL,BAL,1
20240427_AZ@SEA,2024-04-27,SEA,AZ,3,1,1.0,0.5393947283082353,0.5394,SEA,SEA,1
20240427_CHC@BOS,2024-04-27,BOS,CHC,17,0,1.0,0.4911961079330771,0.4912,CHC,BOS,0
20240427_CIN@TEX,2024-04-27,TEX,CIN,4,8,0.0,0.5034533213502973,0.5035,TEX,CIN,0
20240427_CLE@ATL,2024-04-27,ATL,CLE,2,4,0.0,0.5221015068182334,0.5221,ATL,CLE,0
20240427_HOU@COL,2024-04-27,COL,HOU,4,12,0.0,0.5293515301967833,0.5294,COL,HOU,0
20240427_KC@DET,2024-04-27,DET,KC,6,5,1.0,0.4733264328908156,0.4733,KC,DET,0
20240427_LAD@TOR,2024-04-27,TOR,LAD,2,4,0.0,0.5204369791304654,0.5204,TOR,LAD,0
20240427_MIN@LAA,2024-04-27,LAA,MIN,5,16,0.0,0.534887011618135,0.5349,LAA,MIN,0
20240427_NYY@MIL,2024-04-27,MIL,NYY,3,15,0.0,0.5280779854838719,0.5281,MIL,NYY,0
20240427_PHI@SD,2024-04-27,SD,PHI,1,5,0.0,0.527263333346854,0.5273,SD,PHI,0
20240427_PIT@SF,2024-04-27,SF,PIT,3,4,0.0,0.5169580439536366,0.517,SF,PIT,0
20240427_STL@NYM,2024-04-27,NYM,STL,4,7,0.0,0.5183187576032898,0.5183,NYM,STL,0
20240427_TB@CWS,2024-04-27,CWS,TB,8,7,1.0,0.475046543921882,0.475,TB,CWS,0
20240427_WSH@MIA,2024-04-27,MIA,WSH,4,11,0.0,0.4902919448543185,0.4903,WSH,WSH,1
20240426_ATH@BAL,2024-04-26,BAL,ATH,2,3,0.0,0.6103060025226897,0.6103,BAL,ATH,0
20240426_AZ@SEA,2024-04-26,SEA,AZ,6,1,1.0,0.5271829892273887,0.5272,SEA,SEA,1
20240426_CHC@BOS,2024-04-26,BOS,CHC,1,7,0.0,0.5000084191935783,0.5,BOS,CHC,0
20240426_CIN@TEX,2024-04-26,TEX,CIN,2,1,1.0,0.515644958262541,0.5156,TEX,TEX,1
20240426_CLE@ATL,2024-04-26,ATL,CLE,6,2,1.0,0.5321916118598584,0.5322,ATL,ATL,1
20240426_KC@DET,2024-04-26,DET,KC,0,8,0.0,0.4417032422581513,0.4417,KC,KC,1
20240426_LAD@TOR,2024-04-26,TOR,LAD,2,12,0.0,0.5214015621931148,0.5214,TOR,LAD,0
20240426_MIN@LAA,2024-04-26,LAA,MIN,3,5,0.0,0.5051515744614545,0.5052,LAA,MIN,0
20240426_NYY@MIL,2024-04-26,MIL,NYY,7,6,1.0,0.5081822107418131,0.5082,MIL,MIL,1
20240426_PHI@SD,2024-04-26,SD,PHI,3,9,0.0,0.5429926005001893,0.543,SD,PHI,0
20240426_PIT@SF,2024-04-26,SF,PIT,3,0,1.0,0.5396695672801838,0.5397,SF,SF,1
20240426_STL@NYM,2024-04-26,NYM,STL,2,4,0.0,0.5854630913643484,0.5855,NYM,STL,0
20240426_TB@CWS,2024-04-26,CWS,TB,9,4,1.0,0.4682451827858829,0.4682,TB,CWS,0
20240426_WSH@MIA,2024-04-26,MIA,WSH,1,3,0.0,0.41231014425334267,0.4123,WSH,WSH,1
20240425_ATH@NYY,2024-04-25,NYY,ATH,1,3,0.0,0.6006674662137693,0.6007,NYY,ATH,0
20240425_BOS@CLE,2024-04-25,CLE,BOS,6,4,1.0,0.5346638328621329,0.5347,CLE,CLE,1
20240425_CWS@MIN,2024-04-25,MIN,CWS,6,3,1.0,0.5222879115520783,0.5223,MIN,MIN,1
20240425_HOU@CHC,2024-04-25,CHC,HOU,3,1,1.0,0.591439794268274,0.5914,CHC,CHC,1
20240425_LAD@WSH,2024-04-25,WSH,LAD,1,2,0.0,0.5375109142812639,0.5375,WSH,LAD,0
20240425_MIL@PIT,2024-04-25,PIT,MIL,5,7,0.0,0.4553837034701668,0.4554,MIL,MIL,1
20240425_PHI@CIN,2024-04-25,CIN,PHI,0,5,0.0,0.48375551920270116,0.4838,PHI,PHI,1
20240425_SD@COL,2024-04-25,COL,SD,10,9,1.0,0.4868671234122919,0.4869,SD,COL,0
20240425_SEA@TEX,2024-04-25,TEX,SEA,3,4,0.0,0.5184167582224313,0.5184,TEX,SEA,0
20240425_TOR@KC,2024-04-25,KC,TOR,2,1,1.0,0.5290321955357743,0.529,KC,KC,1
