game_id,game_date,home_team,away_team,home_score,away_score,home_win,home_win_prob_model,home_win_prob_model_calibrated,model_pick,actual_winner,correct
20260828_AZ@SF,2026-08-28,SF,AZ,6,10,0.0,0.4711480044747399,0.4761,AZ,AZ,1
20260828_BAL@ATH,2026-08-28,ATH,BAL,3,4,0.0,0.4313673657262563,0.4377,BAL,BAL,1
20260828_BOS@NYY,2026-08-28,NYY,BOS,1,0,1.0,0.5629792919397157,0.5643,NYY,NYY,1
20260828_CIN@CHC,2026-08-28,CHC,CIN,8,10,0.0,0.6230959811188123,0.6221,CHC,CIN,0
20260828_COL@ATL,2026-08-28,ATL,COL,6,4,1.0,0.6375882806239975,0.6361,ATL,ATL,1
20260828_CWS@MIN,2026-08-28,MIN,CWS,4,7,0.0,0.5322625969884504,0.5348,MIN,CWS,0
20260828_HOU@NYM,2026-08-28,NYM,HOU,1,3,0.0,0.5191756554739648,0.5222,NYM,HOU,0
20260828_KC@CLE,2026-08-28,CLE,KC,0,3,0.0,0.5286599404446733,0.5314,CLE,KC,0
20260828_LAD@DET,2026-08-28,DET,LAD,1,2,0.0,0.4649553265199742,0.4701,LAD,LAD,1
20260828_MIA@WSH,2026-08-28,WSH,MIA,9,2,1.0,0.49745348980873366,0.5014,MIA,WSH,0
20260828_PHI@LAA,2026-08-28,LAA,PHI,3,5,0.0,0.43326108124189544,0.4395,PHI,PHI,1
20260828_PIT@STL,2026-08-28,STL,PIT,4,1,1.0,0.5484411602273455,0.5504,STL,STL,1
20260828_SD@TB,2026-08-28,TB,SD,9,4,1.0,0.5347744720665,0.5372,TB,TB,1
20260828_SEA@TOR,2026-08-28,TOR,SEA,8,1,1.0,0.5776108101326245,0.5784,TOR,TOR,1
20260828_TEX@MIL,2026-08-28,MIL,TEX,6,1,1.0,0.6549324634153176,0.6528,MIL,MIL,1
20260827_AZ@SF,2026-08-27,SF,AZ,6,1,1.0,0.4820939816329844,0.4866,AZ,SF,0
20260827_BAL@STL,2026-08-27,STL,BAL,7,5,1.0,0.4950366785563597,0.499,BAL,STL,0
20260827_COL@WSH,2026-08-27,WSH,COL,7,1,1.0,0.5379689330036724,0.5403,WSH,WSH,1
20260827_HOU@NYY,2026-08-27,NYY,HOU,1,5,0.0,0.5872775179120667,0.5877,NYY,HOU,0
20260827_KC@TOR,2026-08-27,TOR,KC,2,13,0.0,0.5252640239518693,0.5281,TOR,KC,0
20260827_LAD@ATL,2026-08-27,ATL,LAD,1,0,1.0,0.5287691547741172,0.5315,ATL,ATL,1
20260827_MIL@NYM,2026-08-27,NYM,MIL,2,8,0.0,0.446828439362982,0.4526,MIL,MIL,1
20260826_BAL@STL,2026-08-26,STL,BAL,7,8,0.0,0.4993590127193597,0.5032,BAL,BAL,1
20260826_BOS@MIA,2026-08-26,MIA,BOS,4,0,1.0,0.49024142186216024,0.4944,BOS,MIA,0
20260826_CHC@AZ,2026-08-26,AZ,CHC,2,0,1.0,0.531159292093341,0.5338,AZ,AZ,1
20260826_CIN@SF,2026-08-26,SF,CIN,9,10,0.0,0.524368847665977,0.5272,SF,CIN,0
20260826_CLE@LAA,2026-08-26,LAA,CLE,3,4,0.0,0.4433455741167771,0.4493,CLE,CLE,1
20260826_COL@WSH,2026-08-26,WSH,COL,1,13,0.0,0.5521252698309814,0.5539,WSH,COL,0
20260826_HOU@NYY,2026-08-26,NYY,HOU,9,3,1.0,0.5255051908308386,0.5283,NYY,NYY,1
20260826_KC@TOR,2026-08-26,TOR,KC,3,0,1.0,0.5881037512594065,0.5885,TOR,TOR,1
20260826_LAD@ATL,2026-08-26,ATL,LAD,6,5,1.0,0.526381042628745,0.5292,ATL,ATL,1
20260826_MIL@NYM,2026-08-26,NYM,MIL,1,8,0.0,0.5150252791719869,0.5183,NYM,MIL,0
20260826_MIN@ATH,2026-08-26,ATH,MIN,7,4,1.0,0.4928653187463488,0.4969,MIN,ATH,0
20260826_PHI@SEA,2026-08-26,SEA,PHI,0,6,0.0,0.5004633916430116,0.5043,SEA,PHI,0
20260826_PIT@SD,2026-08-26,SD,PIT,3,0,1.0,0.5903309142788538,0.5906,SD,SD,1
20260826_TB@DET,2026-08-26,DET,TB,0,3,0.0,0.5366051639226721,0.539,DET,TB,0
20260826_TEX@CWS,2026-08-26,CWS,TEX,10,4,1.0,0.5315389897091265,0.5341,CWS,CWS,1
20260825_BAL@STL,2026-08-25,STL,BAL,1,13,0.0,0.5106707699144903,0.5141,STL,BAL,0
20260825_BOS@MIA,2026-08-25,MIA,BOS,3,7,0.0,0.4482197260605316,0.454,BOS,BOS,1
20260825_CHC@AZ,2026-08-25,AZ,CHC,5,4,1.0,0.5355583824991268,0.538,AZ,AZ,1
20260825_CIN@SF,2026-08-25,SF,CIN,3,1,1.0,0.5319311659949795,0.5345,SF,SF,1
20260825_CLE@LAA,2026-08-25,LAA,CLE,6,8,0.0,0.41511927123861275,0.422,CLE,CLE,1
20260825_COL@WSH,2026-08-25,WSH,COL,1,3,0.0,0.5540924290305952,0.5558,WSH,COL,0
20260825_HOU@NYY,2026-08-25,NYY,HOU,7,9,0.0,0.5684974057118599,0.5696,NYY,HOU,0
20260825_KC@TOR,2026-08-25,TOR,KC,3,5,0.0,0.5709728465612045,0.572,TOR,KC,0
20260825_LAD@ATL,2026-08-25,ATL,LAD,4,3,1.0,0.45603310579904177,0.4615,LAD,ATL,0
20260825_MIL@NYM,2026-08-25,NYM,MIL,3,2,1.0,0.49732051162669666,0.5012,MIL,NYM,0
20260825_MIN@ATH,2026-08-25,ATH,MIN,4,2,1.0,0.45201129319864264,0.4576,MIN,ATH,0
20260825_PHI@SEA,2026-08-25,SEA,PHI,4,1,1.0,0.4994131993909361,0.5032,PHI,SEA,0
20260825_PIT@SD,2026-08-25,SD,PIT,0,1,0.0,0.584110424191419,0.5846,SD,PIT,0
20260825_TB@DET,2026-08-25,DET,TB,4,1,1.0,0.504685932484962,0.5083,DET,DET,1
20260825_TEX@CWS,2026-08-25,CWS,TEX,11,7,1.0,0.5098319734005938,0.5133,CWS,CWS,1
20260824_BOS@MIA,2026-08-24,MIA,BOS,2,4,0.0,0.4581226281773256,0.4641,BOS,BOS,1
20260824_CHC@AZ,2026-08-24,AZ,CHC,0,7,0.0,0.49166943899722837,0.4956,CHC,CHC,1
20260824_CIN@SF,2026-08-24,SF,CIN,5,0,1.0,0.48361255040734125,0.4881,CIN,SF,0
20260824_CLE@LAA,2026-08-24,LAA,CLE,2,4,0.0,0.4324045071149596,0.4398,CLE,CLE,1
20260824_COL@WSH,2026-08-24,WSH,COL,13,3,1.0,0.6131153083616501,0.6099,WSH,WSH,1
20260824_MIN@ATH,2026-08-24,ATH,MIN,6,9,0.0,0.43729679672907107,0.4444,MIN,MIN,1
20260824_PHI@SEA,2026-08-24,SEA,PHI,9,2,1.0,0.5168798800626873,0.5193,SEA,SEA,1
20260824_PIT@SD,2026-08-24,SD,PIT,2,3,0.0,0.6081601969265574,0.6052,SD,PIT,0
20260824_TB@DET,2026-08-24,DET,TB,1,4,0.0,0.5298148130855773,0.5315,DET,TB,0
20260824_TEX@CWS,2026-08-24,CWS,TEX,2,11,0.0,0.526330755229318,0.5282,CWS,TEX,0
20260823_ATH@HOU,2026-08-23,HOU,ATH,6,7,0.0,0.5883180244974571,0.5865,HOU,ATH,0
20260823_ATL@MIL,2026-08-23,MIL,ATL,2,4,0.0,0.5573615829730577,0.5574,MIL,ATL,0
20260823_CHC@SEA,2026-08-23,SEA,CHC,2,19,0.0,0.5101918039970555,0.5131,SEA,CHC,0
20260823_CIN@AZ,2026-08-23,AZ,CIN,5,3,1.0,0.5654243871925636,0.565,AZ,AZ,1
20260823_CLE@COL,2026-08-23,COL,CLE,2,7,0.0,0.39145851176912455,0.4011,CLE,CLE,1
20260823_DET@KC,2026-08-23,KC,DET,11,7,1.0,0.5262710690516773,0.5282,KC,KC,1
20260823_LAA@TEX,2026-08-23,TEX,LAA,5,3,1.0,0.6116504713434898,0.6085,TEX,TEX,1
20260823_MIN@SD,2026-08-23,SD,MIN,8,1,1.0,0.5900838879800848,0.5882,SD,SD,1
20260823_NYM@CWS,2026-08-23,CWS,NYM,2,1,1.0,0.504836444425042,0.508,CWS,CWS,1
20260823_PIT@LAD,2026-08-23,LAD,PIT,4,0,1.0,0.622530214897605,0.6188,LAD,LAD,1
20260823_SF@BOS,2026-08-23,BOS,SF,5,4,1.0,0.5558349883740917,0.556,BOS,BOS,1
20260823_STL@PHI,2026-08-23,PHI,STL,6,4,1.0,0.5926007190595269,0.5906,PHI,PHI,1
20260823_TB@BAL,2026-08-23,BAL,TB,1,3,0.0,0.5324736025872336,0.534,BAL,TB,0
20260823_TOR@NYY,2026-08-23,NYY,TOR,8,3,1.0,0.536898161967104,0.5382,NYY,NYY,1
20260823_WSH@MIA,2026-08-23,MIA,WSH,6,2,1.0,0.5073484002818596,0.5104,MIA,MIA,1
20260822_ATH@HOU,2026-08-22,HOU,ATH,3,4,0.0,0.6089240798688489,0.6059,HOU,ATH,0
20260822_ATL@MIL,2026-08-22,MIL,ATL,4,1,1.0,0.5649678390180994,0.5645,MIL,MIL,1
20260822_CHC@SEA,2026-08-22,SEA,CHC,5,4,1.0,0.4886974854984632,0.4928,CHC,SEA,0
20260822_CIN@AZ,2026-08-22,AZ,CIN,5,11,0.0,0.5954817184543718,0.5933,AZ,CIN,0
20260822_CLE@COL,2026-08-22,COL,CLE,3,4,0.0,0.37020394671815504,0.3809,CLE,CLE,1
20260822_DET@KC,2026-08-22,KC,DET,3,1,1.0,0.4840982277585498,0.4885,DET,KC,0
20260822_LAA@TEX,2026-08-22,TEX,LAA,0,3,0.0,0.6065382693388178,0.6037,TEX,LAA,0
20260822_MIN@SD,2026-08-22,SD,MIN,7,5,1.0,0.6219722093051694,0.6182,SD,SD,1
20260822_NYM@CWS,2026-08-22,CWS,NYM,5,10,0.0,0.46109654077088896,0.4669,NYM,NYM,1
20260822_PIT@LAD,2026-08-22,LAD,PIT,4,3,1.0,0.6142662265652995,0.611,LAD,LAD,1
20260822_SF@BOS,2026-08-22,BOS,SF,3,2,1.0,0.5862082481979423,0.5845,BOS,BOS,1
20260822_STL@PHI,2026-08-22,PHI,STL,12,3,1.0,0.5018223208802454,0.5052,PHI,PHI,1
20260822_TB@BAL,2026-08-22,BAL,TB,3,2,1.0,0.5251141793633962,0.5271,BAL,BAL,1
20260822_TOR@NYY,2026-08-22,NYY,TOR,3,4,0.0,0.5196015433791504,0.5219,NYY,TOR,0
20260822_WSH@MIA,2026-08-22,MIA,WSH,4,2,1.0,0.5603222665536383,0.5602,MIA,MIA,1
20260821_ATH@HOU,2026-08-21,HOU,ATH,4,0,1.0,0.58570503258272,0.5841,HOU,HOU,1
20260821_ATL@MIL,2026-08-21,MIL,ATL,2,1,1.0,0.5735323023070587,0.5726,MIL,MIL,1
20260821_CHC@SEA,2026-08-21,SEA,CHC,6,5,1.0,0.523127166815347,0.5252,SEA,SEA,1
20260821_CIN@AZ,2026-08-21,AZ,CIN,9,0,1.0,0.5575052518079064,0.5575,AZ,AZ,1
20260821_CLE@COL,2026-08-21,COL,CLE,1,9,0.0,0.43269758610962394,0.4401,CLE,CLE,1
20260821_DET@KC,2026-08-21,KC,DET,5,2,1.0,0.48051915958722874,0.4852,DET,KC,0
20260821_LAA@TEX,2026-08-21,TEX,LAA,2,1,1.0,0.5979659310246866,0.5956,TEX,TEX,1
20260821_MIN@SD,2026-08-21,SD,MIN,6,2,1.0,0.6032832408378588,0.6006,SD,SD,1
20260821_NYM@CWS,2026-08-21,CWS,NYM,6,4,1.0,0.4832343968992333,0.4877,NYM,CWS,0
20260821_PIT@LAD,2026-08-21,LAD,PIT,5,4,1.0,0.6035917972197982,0.6009,LAD,LAD,1
20260821_SF@BOS,2026-08-21,BOS,SF,6,4,1.0,0.5658537710886248,0.5654,BOS,BOS,1
20260821_STL@PHI,2026-08-21,PHI,STL,7,6,1.0,0.5893996510294048,0.5875,PHI,PHI,1
20260821_TB@BAL,2026-08-21,BAL,TB,5,3,1.0,0.5253158691397909,0.5273,BAL,BAL,1
20260821_TOR@NYY,2026-08-21,NYY,TOR,3,1,1.0,0.5462565924513016,0.547,NYY,NYY,1
20260821_WSH@MIA,2026-08-21,MIA,WSH,3,2,1.0,0.5541058006514696,0.5543,MIA,MIA,1
20260820_ATH@KC,2026-08-20,KC,ATH,6,2,1.0,0.5390959663540065,0.5402,KC,KC,1
20260820_ATL@CWS,2026-08-20,CWS,ATL,0,2,0.0,0.4732041584228473,0.4783,ATL,ATL,1
20260820_LAA@HOU,2026-08-20,HOU,LAA,3,18,0.0,0.6524575014460378,0.6471,HOU,LAA,0
20260820_NYY@BAL,2026-08-20,BAL,NYY,1,6,0.0,0.4627781049292313,0.4685,NYY,NYY,1
20260820_SEA@MIL,2026-08-20,MIL,SEA,7,4,1.0,0.6447294510549972,0.6397,MIL,MIL,1
20260820_SF@CLE,2026-08-20,CLE,SF,5,2,1.0,0.5903112052265258,0.5884,CLE,CLE,1
20260820_STL@CIN,2026-08-20,CIN,STL,9,10,0.0,0.5252349542040392,0.5272,CIN,STL,0
20260820_TOR@TB,2026-08-20,TB,TOR,1,5,0.0,0.5795586943864032,0.5783,TB,TOR,0
20260820_WSH@TEX,2026-08-20,TEX,WSH,2,0,1.0,0.5808625184549788,0.5795,TEX,TEX,1
20260819_ATH@KC,2026-08-19,KC,ATH,9,7,1.0,0.5899564824485524,0.5881,KC,KC,1
20260819_ATL@MIN,2026-08-19,MIN,ATL,6,4,1.0,0.48334595342820286,0.4878,ATL,MIN,0
20260819_AZ@BOS,2026-08-19,BOS,AZ,6,7,0.0,0.5326281206409862,0.5341,BOS,AZ,0
20260819_CWS@CHC,2026-08-19,CHC,CWS,0,3,0.0,0.5921865870431472,0.5902,CHC,CWS,0
20260819_DET@PIT,2026-08-19,PIT,DET,4,3,1.0,0.5351935487856515,0.5366,PIT,PIT,1
20260819_LAA@HOU,2026-08-19,HOU,LAA,3,2,1.0,0.6079079926744297,0.605,HOU,HOU,1
20260819_LAD@COL,2026-08-19,COL,LAD,4,6,0.0,0.3268338256807471,0.3395,LAD,LAD,1
20260819_MIA@PHI,2026-08-19,PHI,MIA,4,1,1.0,0.5433742013340485,0.5442,PHI,PHI,1
20260819_NYY@BAL,2026-08-19,BAL,NYY,3,5,0.0,0.4752121571383926,0.4802,NYY,NYY,1
20260819_SD@NYM,2026-08-19,NYM,SD,4,2,1.0,0.4934340101694939,0.4973,SD,NYM,0
20260819_SEA@MIL,2026-08-19,MIL,SEA,5,7,0.0,0.6578296549625842,0.6521,MIL,SEA,0
20260819_SF@CLE,2026-08-19,CLE,SF,0,1,0.0,0.5919625262623023,0.5899,CLE,SF,0
20260819_STL@CIN,2026-08-19,CIN,STL,5,4,1.0,0.5400500158150602,0.5411,CIN,CIN,1
20260819_TOR@TB,2026-08-19,TB,TOR,7,6,1.0,0.572156351806697,0.5713,TB,TB,1
20260819_WSH@TEX,2026-08-19,TEX,WSH,0,6,0.0,0.5214205515196184,0.5236,TEX,WSH,0
20260818_ATH@KC,2026-08-18,KC,ATH,4,3,1.0,0.5712410350746273,0.5704,KC,KC,1
20260818_ATL@MIN,2026-08-18,MIN,ATL,4,1,1.0,0.42711491002021723,0.4348,ATL,MIN,0
20260818_AZ@BOS,2026-08-18,BOS,AZ,9,4,1.0,0.5488511507902858,0.5494,BOS,BOS,1
20260818_CWS@CHC,2026-08-18,CHC,CWS,4,3,1.0,0.5749609097250896,0.5739,CHC,CHC,1
20260818_DET@PIT,2026-08-18,PIT,DET,4,1,1.0,0.5240558842361697,0.5261,PIT,PIT,1
20260818_LAA@HOU,2026-08-18,HOU,LAA,1,3,0.0,0.6315315444673487,0.6273,HOU,LAA,0
20260818_LAD@COL,2026-08-18,COL,LAD,6,7,0.0,0.3947536303118526,0.4042,LAD,LAD,1
20260818_MIA@PHI,2026-08-18,PHI,MIA,6,4,1.0,0.6213363255712602,0.6176,PHI,PHI,1
20260818_NYY@BAL,2026-08-18,BAL,NYY,1,3,0.0,0.4691791145684107,0.4745,NYY,NYY,1
20260818_SD@NYM,2026-08-18,NYM,SD,2,5,0.0,0.5050421444549025,0.5082,NYM,SD,0
20260818_SEA@MIL,2026-08-18,MIL,SEA,22,0,1.0,0.6230093160988156,0.6192,MIL,MIL,1
20260818_SF@CLE,2026-08-18,CLE,SF,8,1,1.0,0.5692434121528843,0.5686,CLE,CLE,1
20260818_STL@CIN,2026-08-18,CIN,STL,0,3,0.0,0.49713881195342025,0.5008,STL,STL,1
20260818_TOR@TB,2026-08-18,TB,TOR,5,10,0.0,0.5650730886473213,0.5646,TB,TOR,0
20260818_WSH@TEX,2026-08-18,TEX,WSH,5,0,1.0,0.511101087623083,0.5139,TEX,TEX,1
20260817_ATH@KC,2026-08-17,KC,ATH,9,5,1.0,0.5500007803533071,0.5508,KC,KC,1
20260817_ATL@MIN,2026-08-17,MIN,ATL,4,2,1.0,0.45209003722989205,0.4581,ATL,MIN,0
20260817_AZ@BOS,2026-08-17,BOS,AZ,11,1,1.0,0.549223819934544,0.5501,BOS,BOS,1
20260817_BAL@TB,2026-08-17,TB,BAL,7,6,1.0,0.5455385428645536,0.5466,TB,TB,1
20260817_CWS@CHC,2026-08-17,CHC,CWS,7,5,1.0,0.5846808965037861,0.5836,CHC,CHC,1
20260817_DET@PIT,2026-08-17,PIT,DET,5,8,0.0,0.49075788684424754,0.4947,DET,DET,1
20260817_LAD@COL,2026-08-17,COL,LAD,5,11,0.0,0.4177819159799683,0.4255,LAD,LAD,1
20260817_MIA@PHI,2026-08-17,PHI,MIA,6,5,1.0,0.5974681803205031,0.5957,PHI,PHI,1
20260817_SD@NYM,2026-08-17,NYM,SD,2,1,1.0,0.5044248079646895,0.5077,NYM,NYM,1
20260817_STL@CIN,2026-08-17,CIN,STL,1,2,0.0,0.511549797171575,0.5144,CIN,STL,0
20260817_STL@CIN,2026-08-17,CIN,STL,6,5,1.0,0.5107483525711131,0.5137,CIN,CIN,1
20260816_AZ@ATL,2026-08-16,ATL,AZ,5,3,1.0,0.5153111497368651,0.518,ATL,ATL,1
20260816_BAL@TB,2026-08-16,TB,BAL,2,10,0.0,0.5453093316055055,0.5464,TB,BAL,0
20260816_BOS@PIT,2026-08-16,PIT,BOS,8,3,1.0,0.4932872789167363,0.4971,BOS,PIT,0
20260816_COL@SF,2026-08-16,SF,COL,7,13,0.0,0.5349151330873804,0.5365,SF,COL,0
20260816_CWS@DET,2026-08-16,DET,CWS,5,7,0.0,0.5420135116417999,0.5432,DET,CWS,0
20260816_KC@LAA,2026-08-16,LAA,KC,0,3,0.0,0.4956715378144566,0.4994,KC,KC,1
20260816_MIA@CIN,2026-08-16,CIN,MIA,1,7,0.0,0.4984800098844857,0.5021,MIA,MIA,1
20260816_MIL@LAD,2026-08-16,LAD,MIL,2,6,0.0,0.5279435866769302,0.5299,LAD,MIL,0
20260816_NYY@TOR,2026-08-16,TOR,NYY,3,4,0.0,0.5160092022328863,0.5186,TOR,NYY,0
20260816_PHI@MIN,2026-08-16,MIN,PHI,5,7,0.0,0.4864717578929585,0.4907,PHI,PHI,1
20260816_SD@CLE,2026-08-16,CLE,SD,0,5,0.0,0.46277252819170833,0.4682,SD,SD,1
20260816_SEA@HOU,2026-08-16,HOU,SEA,2,3,0.0,0.565241951232869,0.5652,HOU,SEA,0
20260816_STL@CHC,2026-08-16,CHC,STL,4,11,0.0,0.5598164961155312,0.5601,CHC,STL,0
20260816_TEX@ATH,2026-08-16,ATH,TEX,5,2,1.0,0.46608956604634477,0.4714,TEX,ATH,0
20260816_WSH@NYM,2026-08-16,NYM,WSH,4,3,1.0,0.5607540192432069,0.561,NYM,NYM,1
20260815_AZ@ATL,2026-08-15,ATL,AZ,3,10,0.0,0.5445428781506404,0.5456,ATL,AZ,0
20260815_BAL@TB,2026-08-15,TB,BAL,3,4,0.0,0.5789047592488068,0.5781,TB,BAL,0
20260815_BOS@PIT,2026-08-15,PIT,BOS,0,4,0.0,0.5113114951944052,0.5142,PIT,BOS,0
20260815_COL@SF,2026-08-15,SF,COL,7,1,1.0,0.5546819173295836,0.5552,SF,SF,1
20260815_CWS@DET,2026-08-15,DET,CWS,3,4,0.0,0.5880374604577173,0.5868,DET,CWS,0
20260815_KC@LAA,2026-08-15,LAA,KC,1,0,1.0,0.509047512223334,0.512,LAA,LAA,1
20260815_MIA@CIN,2026-08-15,CIN,MIA,4,8,0.0,0.5477111394491686,0.5486,CIN,MIA,0
20260815_MIL@LAD,2026-08-15,LAD,MIL,1,4,0.0,0.47262290749852987,0.4776,MIL,MIL,1
20260815_NYY@TOR,2026-08-15,TOR,NYY,4,1,1.0,0.4971849666466908,0.5008,NYY,TOR,0
20260815_PHI@MIN,2026-08-15,MIN,PHI,1,9,0.0,0.48096099335630854,0.4855,PHI,PHI,1
20260815_SD@CLE,2026-08-15,CLE,SD,6,1,1.0,0.42267122476709557,0.4302,SD,CLE,0
20260815_SEA@HOU,2026-08-15,HOU,SEA,5,10,0.0,0.5627818981524343,0.5629,HOU,SEA,0
20260815_STL@CHC,2026-08-15,CHC,STL,4,8,0.0,0.5892413983887126,0.5879,CHC,STL,0
20260815_TEX@ATH,2026-08-15,ATH,TEX,3,5,0.0,0.46571292027574823,0.471,TEX,TEX,1
20260815_WSH@NYM,2026-08-15,NYM,WSH,5,4,1.0,0.5486074956625109,0.5495,NYM,NYM,1
20260814_AZ@ATL,2026-08-14,ATL,AZ,0,2,0.0,0.5684225663657736,0.5682,ATL,AZ,0
20260814_BAL@TB,2026-08-14,TB,BAL,5,6,0.0,0.6470604086036771,0.6428,TB,BAL,0
20260814_BOS@PIT,2026-08-14,PIT,BOS,8,4,1.0,0.49623046744854626,0.4999,BOS,PIT,0
20260814_COL@SF,2026-08-14,SF,COL,2,5,0.0,0.5129454582041273,0.5157,SF,COL,0
20260814_CWS@DET,2026-08-14,DET,CWS,5,9,0.0,0.5452736927067686,0.5463,DET,CWS,0
20260814_KC@LAA,2026-08-14,LAA,KC,6,7,0.0,0.48786928581391287,0.492,KC,KC,1
20260814_MIA@CIN,2026-08-14,CIN,MIA,1,0,1.0,0.5445377006712103,0.5456,CIN,CIN,1
20260814_MIL@LAD,2026-08-14,LAD,MIL,3,1,1.0,0.5189792149858818,0.5214,LAD,LAD,1
20260814_NYY@TOR,2026-08-14,TOR,NYY,3,1,1.0,0.469826238257557,0.4749,NYY,TOR,0
20260814_SD@CLE,2026-08-14,CLE,SD,5,7,0.0,0.49797682163198,0.5016,SD,SD,1
20260814_SEA@HOU,2026-08-14,HOU,SEA,10,7,1.0,0.5740003678615143,0.5735,HOU,HOU,1
20260814_STL@CHC,2026-08-14,CHC,STL,3,0,1.0,0.5771578142157174,0.5765,CHC,CHC,1
20260814_TEX@ATH,2026-08-14,ATH,TEX,8,3,1.0,0.4889314783372271,0.493,TEX,ATH,0
20260814_WSH@NYM,2026-08-14,NYM,WSH,4,1,1.0,0.5302795121533074,0.5321,NYM,NYM,1
20260813_BOS@TOR,2026-08-13,TOR,BOS,0,7,0.0,0.4644864718166895,0.4699,BOS,BOS,1
20260813_CHC@WSH,2026-08-13,WSH,CHC,7,0,1.0,0.4944726548400742,0.4983,CHC,WSH,0
20260813_CIN@CWS,2026-08-13,CWS,CIN,8,9,0.0,0.48368757158900927,0.488,CIN,CIN,1
20260813_CLE@DET,2026-08-13,DET,CLE,3,0,1.0,0.49936021145188564,0.5029,CLE,DET,0
20260813_MIL@LAD,2026-08-13,LAD,MIL,4,5,0.0,0.5435972150599073,0.5447,LAD,MIL,0
20260813_PHI@MIN,2026-08-13,MIN,PHI,1,7,0.0,0.5239664702157809,0.5262,MIN,PHI,0
20260813_PIT@MIA,2026-08-13,MIA,PIT,1,13,0.0,0.5365404813765868,0.5381,MIA,PIT,0
20260813_SEA@NYY,2026-08-13,NYY,SEA,0,1,0.0,0.5821347461742975,0.5812,NYY,SEA,0
20260813_TEX@LAA,2026-08-13,LAA,TEX,7,0,1.0,0.48833760068252413,0.4925,TEX,LAA,0
20260812_BAL@MIN,2026-08-12,MIN,BAL,7,5,1.0,0.5206783866511833,0.5231,MIN,MIN,1
20260812_BOS@TOR,2026-08-12,TOR,BOS,6,4,1.0,0.5274275043212656,0.5294,TOR,TOR,1
20260812_CHC@WSH,2026-08-12,WSH,CHC,6,12,0.0,0.48796257090020445,0.4921,CHC,CHC,1
20260812_CIN@CWS,2026-08-12,CWS,CIN,5,0,1.0,0.5178230012354719,0.5204,CWS,CWS,1
20260812_CLE@DET,2026-08-12,DET,CLE,4,6,0.0,0.5482239817314649,0.5491,DET,CLE,0
20260812_COL@AZ,2026-08-12,AZ,COL,4,6,0.0,0.601668187562573,0.5997,AZ,COL,0
20260812_HOU@SF,2026-08-12,SF,HOU,1,2,0.0,0.44523318701947523,0.4516,HOU,HOU,1
20260812_KC@LAD,2026-08-12,LAD,KC,4,2,1.0,0.56188709220103,0.562,LAD,LAD,1
20260812_MIL@SD,2026-08-12,SD,MIL,4,3,1.0,0.5186609000594468,0.5211,SD,SD,1
20260812_NYM@ATL,2026-08-12,ATL,NYM,6,3,1.0,0.5802832071453194,0.5794,ATL,ATL,1
20260812_PHI@STL,2026-08-12,STL,PHI,7,1,1.0,0.47761184343479,0.4823,PHI,STL,0
20260812_PIT@MIA,2026-08-12,MIA,PIT,8,2,1.0,0.5549512752410318,0.5555,MIA,MIA,1
20260812_SEA@NYY,2026-08-12,NYY,SEA,10,5,1.0,0.5676842698472849,0.5675,NYY,NYY,1
20260812_TB@ATH,2026-08-12,ATH,TB,4,8,0.0,0.4266226747586718,0.4339,TB,TB,1
20260812_TEX@LAA,2026-08-12,LAA,TEX,5,2,1.0,0.4849157061990166,0.4892,TEX,LAA,0
20260811_BAL@MIN,2026-08-11,MIN,BAL,2,5,0.0,0.4964049223464212,0.5001,BAL,BAL,1
20260811_BOS@TOR,2026-08-11,TOR,BOS,5,3,1.0,0.5511155951556235,0.5518,TOR,TOR,1
20260811_CHC@WSH,2026-08-11,WSH,CHC,6,8,0.0,0.49336786201054117,0.4972,CHC,CHC,1
20260811_CIN@CWS,2026-08-11,CWS,CIN,4,5,0.0,0.5131722445768481,0.516,CWS,CIN,0
20260811_CLE@DET,2026-08-11,DET,CLE,6,4,1.0,0.5401523479152953,0.5415,DET,DET,1
20260811_COL@AZ,2026-08-11,AZ,COL,2,3,0.0,0.6313580033971847,0.6279,AZ,COL,0
20260811_HOU@SF,2026-08-11,SF,HOU,4,1,1.0,0.48270722963340057,0.4871,HOU,SF,0
20260811_KC@LAD,2026-08-11,LAD,KC,5,4,1.0,0.5790375598410322,0.5783,LAD,LAD,1
20260811_MIL@SD,2026-08-11,SD,MIL,11,2,1.0,0.5022481395576558,0.5056,SD,SD,1
20260811_NYM@ATL,2026-08-11,ATL,NYM,4,0,1.0,0.5218741999703141,0.5242,ATL,ATL,1
20260811_PHI@STL,2026-08-11,STL,PHI,2,0,1.0,0.4615848715841707,0.4671,PHI,STL,0
20260811_PIT@MIA,2026-08-11,MIA,PIT,2,0,1.0,0.5206406363988644,0.523,MIA,MIA,1
20260811_SEA@NYY,2026-08-11,NYY,SEA,4,1,1.0,0.5769416614509024,0.5763,NYY,NYY,1
20260811_TB@ATH,2026-08-11,ATH,TB,4,12,0.0,0.4179814028283435,0.4257,TB,TB,1
20260811_TEX@LAA,2026-08-11,LAA,TEX,3,2,1.0,0.4501771609121132,0.4563,TEX,LAA,0
20260810_BAL@MIN,2026-08-10,MIN,BAL,9,5,1.0,0.4659700763469271,0.4706,BAL,MIN,0
20260810_BOS@TOR,2026-08-10,TOR,BOS,2,1,1.0,0.49198287291257325,0.4953,BOS,TOR,0
20260810_COL@AZ,2026-08-10,AZ,COL,9,0,1.0,0.6190430068747212,0.6155,AZ,AZ,1
20260810_HOU@SF,2026-08-10,SF,HOU,3,6,0.0,0.515541655557199,0.5175,SF,HOU,0
20260810_KC@LAD,2026-08-10,LAD,KC,6,5,1.0,0.6342079660253632,0.6299,LAD,LAD,1
20260810_MIL@SD,2026-08-10,SD,MIL,3,2,1.0,0.4981390524113652,0.5011,MIL,SD,0
20260810_NYM@ATL,2026-08-10,ATL,NYM,5,8,0.0,0.5126126729317861,0.5148,ATL,NYM,0
20260810_PHI@STL,2026-08-10,STL,PHI,5,6,0.0,0.5260469207434488,0.5275,STL,PHI,0
20260810_TB@ATH,2026-08-10,ATH,TB,6,10,0.0,0.4304060107169103,0.4369,TB,TB,1
20260810_TEX@LAA,2026-08-10,LAA,TEX,1,4,0.0,0.46212707864341773,0.467,TEX,TEX,1
20260809_ATH@BOS,2026-08-09,BOS,ATH,3,4,0.0,0.6129667913843937,0.6098,BOS,ATH,0
20260809_ATL@NYY,2026-08-09,NYY,ATL,1,2,0.0,0.5611200845996732,0.5607,NYY,ATL,0
20260809_BAL@TEX,2026-08-09,TEX,BAL,5,10,0.0,0.5383560704368153,0.5391,TEX,BAL,0
20260809_CHC@KC,2026-08-09,KC,CHC,2,10,0.0,0.48027335411902455,0.4842,CHC,CHC,1
20260809_CIN@WSH,2026-08-09,WSH,CIN,7,1,1.0,0.49545970800620615,0.4986,CIN,WSH,0
20260809_CLE@CWS,2026-08-09,CWS,CLE,5,3,1.0,0.48241262973350724,0.4862,CLE,CWS,0
20260809_COL@STL,2026-08-09,STL,COL,7,4,1.0,0.5743140459381338,0.5731,STL,STL,1
20260809_DET@SF,2026-08-09,SF,DET,1,3,0.0,0.485830420614743,0.4894,DET,DET,1
20260809_HOU@SD,2026-08-09,SD,HOU,7,2,1.0,0.5284675039247049,0.5298,SD,SD,1
20260809_LAA@MIA,2026-08-09,MIA,LAA,12,3,1.0,0.6072455178070197,0.6043,MIA,MIA,1
20260809_LAD@AZ,2026-08-09,AZ,LAD,4,2,1.0,0.49352778102753864,0.4967,LAD,AZ,0
20260809_MIN@MIL,2026-08-09,MIL,MIN,4,3,1.0,0.6335514403828902,0.6293,MIL,MIL,1
20260809_NYM@PIT,2026-08-09,PIT,NYM,1,11,0.0,0.5559836517936406,0.5558,PIT,NYM,0
20260809_TB@SEA,2026-08-09,SEA,TB,1,4,0.0,0.5637197125271753,0.5631,SEA,TB,0
20260809_TOR@PHI,2026-08-09,PHI,TOR,7,6,1.0,0.6235437540496516,0.6198,PHI,PHI,1
20260808_ATH@BOS,2026-08-08,BOS,ATH,3,7,0.0,0.5760376829125271,0.5748,BOS,ATH,0
20260808_ATL@NYY,2026-08-08,NYY,ATL,5,4,1.0,0.4778884769494661,0.4819,ATL,NYY,0
20260808_BAL@TEX,2026-08-08,TEX,BAL,5,1,1.0,0.5363769200839764,0.5372,TEX,TEX,1
20260808_CHC@KC,2026-08-08,KC,CHC,6,3,1.0,0.4065448542936689,0.4142,CHC,KC,0
20260808_CIN@WSH,2026-08-08,WSH,CIN,8,2,1.0,0.4324816876611344,0.4389,CIN,WSH,0
20260808_CLE@CWS,2026-08-08,CWS,CLE,6,3,1.0,0.45293539790288245,0.4583,CLE,CWS,0
20260808_COL@STL,2026-08-08,STL,COL,6,8,0.0,0.5706741274185898,0.5697,STL,COL,0
20260808_DET@SF,2026-08-08,SF,DET,0,8,0.0,0.5053766680525246,0.5079,SF,DET,0
20260808_HOU@SD,2026-08-08,SD,HOU,3,2,1.0,0.5203136709493794,0.5221,SD,SD,1
20260808_LAA@MIA,2026-08-08,MIA,LAA,7,0,1.0,0.5625252707862143,0.562,MIA,MIA,1
20260808_LAD@AZ,2026-08-08,AZ,LAD,1,2,0.0,0.5057260500245644,0.5083,AZ,LAD,0
20260808_MIN@MIL,2026-08-08,MIL,MIN,4,3,1.0,0.5678789003419707,0.567,MIL,MIL,1
20260808_NYM@PIT,2026-08-08,PIT,NYM,9,0,1.0,0.544423645021063,0.5449,PIT,PIT,1
20260808_TB@SEA,2026-08-08,SEA,TB,2,3,0.0,0.6136228557826403,0.6104,SEA,TB,0
20260808_TOR@PHI,2026-08-08,PHI,TOR,5,7,0.0,0.600303357870572,0.5978,PHI,TOR,0
20260807_ATH@BOS,2026-08-07,BOS,ATH,13,1,1.0,0.6031836292238574,0.6005,BOS,BOS,1
20260807_ATL@NYY,2026-08-07,NYY,ATL,3,2,1.0,0.5294683999061498,0.5307,NYY,NYY,1
20260807_BAL@TEX,2026-08-07,TEX,BAL,2,1,1.0,0.5237901721319261,0.5253,TEX,TEX,1
20260807_CHC@KC,2026-08-07,KC,CHC,4,6,0.0,0.4625804027559471,0.4674,CHC,CHC,1
20260807_CIN@WSH,2026-08-07,WSH,CIN,5,3,1.0,0.49370607420648294,0.4969,CIN,WSH,0
20260807_CLE@CWS,2026-08-07,CWS,CLE,2,8,0.0,0.42798924386066184,0.4346,CLE,CLE,1
20260807_COL@STL,2026-08-07,STL,COL,3,2,1.0,0.5722479171770091,0.5712,STL,STL,1
20260807_DET@SF,2026-08-07,SF,DET,5,2,1.0,0.4863287959154674,0.4899,DET,SF,0
20260807_HOU@SD,2026-08-07,SD,HOU,3,6,0.0,0.5195259056308917,0.5213,SD,HOU,0
20260807_LAA@MIA,2026-08-07,MIA,LAA,3,4,0.0,0.5595154601622861,0.5591,MIA,LAA,0
20260807_LAD@AZ,2026-08-07,AZ,LAD,4,3,1.0,0.4866276188632395,0.4902,LAD,AZ,0
20260807_MIN@MIL,2026-08-07,MIL,MIN,6,8,0.0,0.6447828154813979,0.64,MIL,MIN,0
20260807_NYM@PIT,2026-08-07,PIT,NYM,4,6,0.0,0.5361077542105736,0.537,PIT,NYM,0
20260807_TB@SEA,2026-08-07,SEA,TB,1,2,0.0,0.5709010503317831,0.5699,SEA,TB,0
20260807_TOR@PHI,2026-08-07,PHI,TOR,4,5,0.0,0.560544090449616,0.5601,PHI,TOR,0
20260806_ATH@CIN,2026-08-06,CIN,ATH,6,5,1.0,0.5873610494870147,0.5855,CIN,CIN,1
20260806_CWS@BOS,2026-08-06,BOS,CWS,12,11,1.0,0.5965854272819728,0.5942,BOS,BOS,1
20260806_DET@SEA,2026-08-06,SEA,DET,0,11,0.0,0.5564533794946533,0.5562,SEA,DET,0
20260806_LAA@BAL,2026-08-06,BAL,LAA,1,4,0.0,0.6340119198505487,0.6298,BAL,LAA,0
20260806_MIA@ATL,2026-08-06,ATL,MIA,11,3,1.0,0.5392880877983993,0.54,ATL,ATL,1
20260806_MIN@KC,2026-08-06,KC,MIN,3,4,0.0,0.5467395550624413,0.547,KC,MIN,0
20260806_NYM@CLE,2026-08-06,CLE,NYM,6,13,0.0,0.49414906370803796,0.4973,NYM,NYM,1
20260806_PIT@MIL,2026-08-06,MIL,PIT,5,2,1.0,0.6117149080244981,0.6086,MIL,MIL,1
20260806_SD@AZ,2026-08-06,AZ,SD,1,5,0.0,0.5368802261388339,0.5377,AZ,SD,0
20260806_TOR@CHC,2026-08-06,CHC,TOR,3,2,1.0,0.5052966213359699,0.5079,CHC,CHC,1
20260806_WSH@PHI,2026-08-06,PHI,WSH,7,3,1.0,0.5875966714141659,0.5857,PHI,PHI,1
20260805_ATH@CIN,2026-08-05,CIN,ATH,3,2,1.0,0.5848144601757528,0.5831,CIN,CIN,1
20260805_CWS@BOS,2026-08-05,BOS,CWS,4,0,1.0,0.5347732984256688,0.5357,BOS,BOS,1
20260805_DET@SEA,2026-08-05,SEA,DET,4,2,1.0,0.5248036620721355,0.5263,SEA,SEA,1
20260805_LAA@BAL,2026-08-05,BAL,LAA,5,2,1.0,0.6059866737352855,0.6031,BAL,BAL,1
20260805_LAD@CHC,2026-08-05,CHC,LAD,7,6,1.0,0.5703109307207124,0.5694,CHC,CHC,1
20260805_MIA@ATL,2026-08-05,ATL,MIA,4,1,1.0,0.5175883133690717,0.5195,ATL,ATL,1
20260805_MIN@KC,2026-08-05,KC,MIN,2,1,1.0,0.5106385128058073,0.5129,KC,KC,1
20260805_NYM@CLE,2026-08-05,CLE,NYM,5,6,0.0,0.4913549926331481,0.4947,NYM,NYM,1
20260805_PIT@MIL,2026-08-05,MIL,PIT,4,2,1.0,0.604212508355012,0.6015,MIL,MIL,1
20260805_SD@AZ,2026-08-05,AZ,SD,10,4,1.0,0.48730829224584615,0.4908,SD,AZ,0
20260805_SF@TEX,2026-08-05,TEX,SF,6,0,1.0,0.5936287036266422,0.5914,TEX,TEX,1
20260805_STL@NYY,2026-08-05,NYY,STL,1,3,0.0,0.5703100484340092,0.5693,NYY,STL,0
20260805_TB@COL,2026-08-05,COL,TB,0,4,0.0,0.41327015706437153,0.4206,TB,TB,1
20260805_TOR@HOU,2026-08-05,HOU,TOR,4,5,0.0,0.6080552522617475,0.6051,HOU,TOR,0
20260805_WSH@PHI,2026-08-05,PHI,WSH,4,10,0.0,0.5750533610899937,0.5738,PHI,WSH,0
20260804_ATH@CIN,2026-08-04,CIN,ATH,5,4,1.0,0.5998204904343101,0.5973,CIN,CIN,1
20260804_CWS@BOS,2026-08-04,BOS,CWS,14,2,1.0,0.5879864103601831,0.5861,BOS,BOS,1
20260804_DET@SEA,2026-08-04,SEA,DET,0,8,0.0,0.5385707662187166,0.5393,SEA,DET,0
20260804_LAA@BAL,2026-08-04,BAL,LAA,3,1,1.0,0.6018906501236762,0.5993,BAL,BAL,1
20260804_LAD@CHC,2026-08-04,CHC,LAD,5,1,1.0,0.5150015890581364,0.517,CHC,CHC,1
20260804_MIA@ATL,2026-08-04,ATL,MIA,4,2,1.0,0.5620993975962129,0.5616,ATL,ATL,1
20260804_MIN@KC,2026-08-04,KC,MIN,8,2,1.0,0.5138704483558778,0.516,KC,KC,1
20260804_NYM@CLE,2026-08-04,CLE,NYM,2,6,0.0,0.5560257063966108,0.5558,CLE,NYM,0
20260804_PIT@MIL,2026-08-04,MIL,PIT,4,2,1.0,0.5775194040925907,0.5762,MIL,MIL,1
20260804_SD@AZ,2026-08-04,AZ,SD,4,9,0.0,0.5559830689989773,0.5558,AZ,SD,0
20260804_SF@TEX,2026-08-04,TEX,SF,5,4,1.0,0.5397339137962751,0.5404,TEX,TEX,1
20260804_STL@NYY,2026-08-04,NYY,STL,2,0,1.0,0.564313994116981,0.5637,NYY,NYY,1
20260804_TB@COL,2026-08-04,COL,TB,7,9,0.0,0.4237184840895523,0.4306,TB,TB,1
20260804_TOR@HOU,2026-08-04,HOU,TOR,7,2,1.0,0.5397227113186924,0.5404,HOU,HOU,1
20260804_WSH@PHI,2026-08-04,PHI,WSH,5,0,1.0,0.6277678726119249,0.6238,PHI,PHI,1
20260803_LAD@CHC,2026-08-03,CHC,LAD,10,5,1.0,0.5459505555826036,0.5466,CHC,CHC,1
20260803_PIT@MIL,2026-08-03,MIL,PIT,3,4,0.0,0.5767528942477268,0.5759,MIL,PIT,0
20260803_SD@AZ,2026-08-03,AZ,SD,5,1,1.0,0.5011419042400144,0.504,AZ,AZ,1
20260803_SF@TEX,2026-08-03,TEX,SF,1,5,0.0,0.5831132723524728,0.582,TEX,SF,0
20260803_STL@NYY,2026-08-03,NYY,STL,7,13,0.0,0.6125359947746074,0.61,NYY,STL,0
20260803_TB@COL,2026-08-03,COL,TB,9,13,0.0,0.43484961961117796,0.4409,TB,TB,1
20260803_TOR@HOU,2026-08-03,HOU,TOR,1,3,0.0,0.5928803763172982,0.5913,HOU,TOR,0
20260803_WSH@PHI,2026-08-03,PHI,WSH,6,3,1.0,0.5520441644404009,0.5524,PHI,PHI,1
20260802_AZ@CLE,2026-08-02,CLE,AZ,5,0,1.0,0.5631385320026701,0.563,CLE,CLE,1
20260802_BOS@LAD,2026-08-02,LAD,BOS,4,8,0.0,0.553038187868562,0.5534,LAD,BOS,0
20260802_CWS@TB,2026-08-02,TB,CWS,1,9,0.0,0.5641842603267551,0.564,TB,CWS,0
20260802_DET@ATH,2026-08-02,ATH,DET,0,11,0.0,0.483932551086245,0.4876,DET,DET,1
20260802_KC@COL,2026-08-02,COL,KC,8,1,1.0,0.5152917054579391,0.5175,COL,COL,1
20260802_MIA@NYM,2026-08-02,NYM,MIA,0,2,0.0,0.49695083294845976,0.5,MIA,MIA,1
20260802_MIL@LAA,2026-08-02,LAA,MIL,3,0,1.0,0.4036570839430876,0.4111,MIL,LAA,0
20260802_MIN@SEA,2026-08-02,SEA,MIN,7,6,1.0,0.5414677916443097,0.5424,SEA,SEA,1
20260802_NYY@CHC,2026-08-02,CHC,NYY,1,2,0.0,0.49453813178788175,0.4977,NYY,NYY,1
20260802_PHI@BAL,2026-08-02,BAL,PHI,0,8,0.0,0.49170786920436743,0.495,PHI,PHI,1
20260802_PIT@CIN,2026-08-02,CIN,PIT,10,2,1.0,0.5533663080276652,0.5537,CIN,CIN,1
20260802_SF@SD,2026-08-02,SD,SF,5,4,1.0,0.5923777945471894,0.5908,SD,SD,1
20260802_STL@TOR,2026-08-02,TOR,STL,1,5,0.0,0.5107262282587397,0.5131,TOR,STL,0
20260802_TEX@HOU,2026-08-02,HOU,TEX,7,3,1.0,0.5808783504481424,0.5798,HOU,HOU,1
20260802_WSH@ATL,2026-08-02,ATL,WSH,4,2,1.0,0.5052251005263034,0.5079,ATL,ATL,1
20260801_AZ@CLE,2026-08-01,CLE,AZ,8,12,0.0,0.5770751639418502,0.5762,CLE,AZ,0
20260801_BOS@LAD,2026-08-01,LAD,BOS,2,3,0.0,0.562084057507974,0.562,LAD,BOS,0
20260801_CWS@TB,2026-08-01,TB,CWS,1,0,1.0,0.549784812236353,0.5503,TB,TB,1
20260801_DET@ATH,2026-08-01,ATH,DET,6,8,0.0,0.4647689825441534,0.4694,DET,DET,1
20260801_KC@COL,2026-08-01,COL,KC,12,6,1.0,0.455615385415275,0.4607,KC,COL,0
20260801_MIA@NYM,2026-08-01,NYM,MIA,2,6,0.0,0.5523441599352589,0.5527,NYM,MIA,0
20260801_MIL@LAA,2026-08-01,LAA,MIL,1,3,0.0,0.4362005027267613,0.4422,MIL,MIL,1
20260801_MIN@SEA,2026-08-01,SEA,MIN,4,3,1.0,0.5552528180074472,0.5555,SEA,SEA,1
20260801_NYY@CHC,2026-08-01,CHC,NYY,5,2,1.0,0.5271969936795202,0.5288,CHC,CHC,1
20260801_PHI@BAL,2026-08-01,BAL,PHI,0,5,0.0,0.4973668633005022,0.5004,PHI,PHI,1
20260801_PIT@CIN,2026-08-01,CIN,PIT,1,4,0.0,0.5494633952805563,0.55,CIN,PIT,0
20260801_SF@SD,2026-08-01,SD,SF,6,5,1.0,0.5375060892793307,0.5386,SD,SD,1
20260801_STL@TOR,2026-08-01,TOR,STL,5,1,1.0,0.5447357605303129,0.5455,TOR,TOR,1
20260801_TEX@HOU,2026-08-01,HOU,TEX,5,4,1.0,0.5271565864292441,0.5288,HOU,HOU,1
20260801_WSH@ATL,2026-08-01,ATL,WSH,8,3,1.0,0.5265164798605598,0.5281,ATL,ATL,1
20260731_AZ@CLE,2026-07-31,CLE,AZ,1,4,0.0,0.5254366347259739,0.5271,CLE,AZ,0
20260731_BOS@LAD,2026-07-31,LAD,BOS,4,9,0.0,0.5666750209402227,0.5663,LAD,BOS,0
20260731_CWS@TB,2026-07-31,TB,CWS,1,6,0.0,0.6200045384955197,0.6171,TB,CWS,0
20260731_DET@ATH,2026-07-31,ATH,DET,1,13,0.0,0.4846635073295834,0.4883,DET,DET,1
20260731_KC@COL,2026-07-31,COL,KC,3,1,1.0,0.48089872746409845,0.4848,KC,COL,0
20260731_MIA@NYM,2026-07-31,NYM,MIA,2,5,0.0,0.5484913235500092,0.549,NYM,MIA,0
20260731_MIL@LAA,2026-07-31,LAA,MIL,2,6,0.0,0.4164397919879311,0.4233,MIL,MIL,1
20260731_MIN@SEA,2026-07-31,SEA,MIN,3,5,0.0,0.5869211094935444,0.5856,SEA,MIN,0
20260731_NYY@CHC,2026-07-31,CHC,NYY,0,2,0.0,0.5467154949754508,0.5473,CHC,NYY,0
20260731_PHI@BAL,2026-07-31,BAL,PHI,6,4,1.0,0.550867086252294,0.5513,BAL,BAL,1
20260731_PIT@CIN,2026-07-31,CIN,PIT,8,7,1.0,0.5320264028079013,0.5334,CIN,CIN,1
20260731_SF@SD,2026-07-31,SD,SF,7,0,1.0,0.5896985321666708,0.5882,SD,SD,1
20260731_STL@TOR,2026-07-31,TOR,STL,3,1,1.0,0.5601196949137152,0.5601,TOR,TOR,1
20260731_TEX@HOU,2026-07-31,HOU,TEX,11,2,1.0,0.5534265863309266,0.5537,HOU,HOU,1
20260731_WSH@ATL,2026-07-31,ATL,WSH,6,2,1.0,0.5150735855285441,0.5173,ATL,ATL,1
20260730_BOS@ATH,2026-07-30,ATH,BOS,4,5,0.0,0.45939000963163834,0.4643,BOS,BOS,1
20260730_CHC@STL,2026-07-30,STL,CHC,2,4,0.0,0.5014135827632186,0.5043,STL,CHC,0
20260730_KC@MIN,2026-07-30,MIN,KC,4,3,1.0,0.5125578570834198,0.5149,MIN,MIN,1
20260730_MIA@NYM,2026-07-30,NYM,MIA,4,2,1.0,0.5034141028020449,0.5062,NYM,NYM,1
20260730_NYY@CWS,2026-07-30,CWS,NYY,2,1,1.0,0.47787914252823277,0.4819,NYY,CWS,0
20260730_PIT@CIN,2026-07-30,CIN,PIT,3,2,1.0,0.4964658714213926,0.4996,PIT,CIN,0
20260730_SEA@LAD,2026-07-30,LAD,SEA,6,2,1.0,0.5735595461812217,0.5729,LAD,LAD,1
20260730_SF@SD,2026-07-30,SD,SF,1,4,0.0,0.5759391267520769,0.5751,SD,SF,0
20260730_TEX@TB,2026-07-30,TB,TEX,3,2,1.0,0.617938540396267,0.6152,TB,TB,1
20260730_WSH@ATL,2026-07-30,ATL,WSH,5,4,1.0,0.5170923726052044,0.5192,ATL,ATL,1
20260729_ATL@NYM,2026-07-29,NYM,ATL,3,2,1.0,0.48123190115154135,0.4851,ATL,NYM,0
20260729_ATL@NYM,2026-07-29,NYM,ATL,0,1,0.0,0.4944996439886401,0.4977,ATL,ATL,1
20260729_AZ@PIT,2026-07-29,PIT,AZ,0,3,0.0,0.540561481374401,0.5415,PIT,AZ,0
20260729_BAL@DET,2026-07-29,DET,BAL,9,10,0.0,0.4896071302617119,0.493,BAL,BAL,1
20260729_BOS@ATH,2026-07-29,ATH,BOS,2,4,0.0,0.42574026670524623,0.4322,BOS,BOS,1
20260729_CHC@STL,2026-07-29,STL,CHC,3,2,1.0,0.5060848864498342,0.5087,STL,STL,1
20260729_CLE@CIN,2026-07-29,CIN,CLE,1,6,0.0,0.5024154443966968,0.5052,CIN,CLE,0
20260729_COL@SD,2026-07-29,SD,COL,3,1,1.0,0.6101538332820968,0.6077,SD,SD,1
20260729_HOU@LAA,2026-07-29,LAA,HOU,4,7,0.0,0.47302895953842533,0.4773,HOU,HOU,1
20260729_KC@MIN,2026-07-29,MIN,KC,0,4,0.0,0.550565654535438,0.551,MIN,KC,0
20260729_MIL@SF,2026-07-29,SF,MIL,16,3,1.0,0.46530013653100644,0.4699,MIL,SF,0
20260729_NYY@CWS,2026-07-29,CWS,NYY,6,5,1.0,0.4333446443337617,0.4394,NYY,CWS,0
20260729_PHI@MIA,2026-07-29,MIA,PHI,8,6,1.0,0.4445885233114046,0.4502,PHI,MIA,0
20260729_SEA@LAD,2026-07-29,LAD,SEA,4,2,1.0,0.5473896380645317,0.548,LAD,LAD,1
20260729_TEX@TB,2026-07-29,TB,TEX,3,0,1.0,0.5906076531181956,0.5891,TB,TB,1
20260729_TOR@WSH,2026-07-29,WSH,TOR,2,5,0.0,0.486905708727276,0.4905,TOR,TOR,1
20260728_AZ@PIT,2026-07-28,PIT,AZ,7,8,0.0,0.5382792268761646,0.5393,PIT,AZ,0
20260728_BAL@DET,2026-07-28,DET,BAL,14,0,1.0,0.5272615427065752,0.5289,DET,DET,1
20260728_BOS@ATH,2026-07-28,ATH,BOS,4,3,1.0,0.44504662665959094,0.4506,BOS,ATH,0
20260728_CHC@STL,2026-07-28,STL,CHC,2,10,0.0,0.4931931924291104,0.4965,CHC,CHC,1
20260728_CLE@CIN,2026-07-28,CIN,CLE,5,6,0.0,0.534007162232644,0.5353,CIN,CLE,0
20260728_CLE@CIN,2026-07-28,CIN,CLE,2,0,1.0,0.40251619137967476,0.41,CLE,CIN,0
20260728_COL@SD,2026-07-28,SD,COL,8,7,1.0,0.6073176496513405,0.605,SD,SD,1
20260728_HOU@LAA,2026-07-28,LAA,HOU,2,3,0.0,0.49056024865088366,0.4939,HOU,HOU,1
20260728_KC@MIN,2026-07-28,MIN,KC,3,2,1.0,0.5756230577149132,0.5748,MIN,MIN,1
20260728_MIL@SF,2026-07-28,SF,MIL,2,8,0.0,0.4589702280964604,0.4639,MIL,MIL,1
20260728_NYY@CWS,2026-07-28,CWS,NYY,2,3,0.0,0.46031982937281263,0.4652,NYY,NYY,1
20260728_PHI@MIA,2026-07-28,MIA,PHI,1,0,1.0,0.4953045550724743,0.4985,PHI,MIA,0
20260728_SEA@LAD,2026-07-28,LAD,SEA,6,7,0.0,0.6049366587650673,0.6028,LAD,SEA,0
20260728_TEX@TB,2026-07-28,TB,TEX,1,4,0.0,0.598281032365158,0.5964,TB,TEX,0
20260728_TOR@WSH,2026-07-28,WSH,TOR,8,6,1.0,0.563040849161981,0.5629,WSH,WSH,1
20260727_ATL@NYM,2026-07-27,NYM,ATL,14,3,1.0,0.5154298801598558,0.5182,NYM,NYM,1
20260727_AZ@PIT,2026-07-27,PIT,AZ,3,2,1.0,0.5012595798780934,0.5047,PIT,PIT,1
20260727_BAL@DET,2026-07-27,DET,BAL,5,8,0.0,0.5244174364053272,0.5268,DET,BAL,0
20260727_BOS@ATH,2026-07-27,ATH,BOS,2,4,0.0,0.4292622077042738,0.4359,BOS,BOS,1
20260727_CHC@STL,2026-07-27,STL,CHC,3,7,0.0,0.5012618829474768,0.5047,STL,CHC,0
20260727_HOU@LAA,2026-07-27,LAA,HOU,4,6,0.0,0.5142355340011452,0.5171,LAA,HOU,0
20260727_MIL@SF,2026-07-27,SF,MIL,3,0,1.0,0.4749576535747778,0.4796,MIL,SF,0
20260727_NYY@CWS,2026-07-27,CWS,NYY,5,9,0.0,0.4634940941400079,0.4686,NYY,NYY,1
20260727_PHI@MIA,2026-07-27,MIA,PHI,8,7,1.0,0.46606090118465854,0.4711,PHI,MIA,0
20260727_SEA@TEX,2026-07-27,TEX,SEA,7,3,1.0,0.5202144498142922,0.5228,TEX,TEX,1
20260727_TOR@WSH,2026-07-27,WSH,TOR,2,3,0.0,0.5988562959279724,0.5978,WSH,TOR,0
20260726_ATH@MIN,2026-07-26,MIN,ATH,11,8,1.0,0.576770574446117,0.5767,MIN,MIN,1
20260726_ATL@BAL,2026-07-26,BAL,ATL,2,3,0.0,0.5343225262939241,0.5362,BAL,ATL,0
20260726_AZ@WSH,2026-07-26,WSH,AZ,10,7,1.0,0.4804598683512218,0.4848,AZ,WSH,0
20260726_CHC@PIT,2026-07-26,PIT,CHC,8,7,1.0,0.5441403889275707,0.5456,PIT,PIT,1
20260726_CIN@STL,2026-07-26,STL,CIN,3,5,0.0,0.5490836305174223,0.5503,STL,CIN,0
20260726_CLE@TB,2026-07-26,TB,CLE,1,0,1.0,0.5198582416345253,0.5224,TB,TB,1
20260726_COL@MIL,2026-07-26,MIL,COL,11,2,1.0,0.6572760862422519,0.6537,MIL,MIL,1
20260726_HOU@CWS,2026-07-26,CWS,HOU,12,3,1.0,0.4972480473900611,0.5009,HOU,CWS,0
20260726_KC@DET,2026-07-26,DET,KC,4,5,0.0,0.5493278144747329,0.5505,DET,KC,0
20260726_LAA@SF,2026-07-26,SF,LAA,3,4,0.0,0.5673501270636361,0.5677,SF,LAA,0
20260726_LAD@NYM,2026-07-26,NYM,LAD,8,3,1.0,0.4620017412200919,0.4672,LAD,NYM,0
20260726_NYY@PHI,2026-07-26,PHI,NYY,11,4,1.0,0.5553698689400903,0.5563,PHI,PHI,1
20260726_SD@MIA,2026-07-26,MIA,SD,3,5,0.0,0.5050504486904085,0.5083,MIA,SD,0
20260726_SEA@TEX,2026-07-26,TEX,SEA,4,6,0.0,0.5237066020414758,0.5261,TEX,SEA,0
20260726_TOR@BOS,2026-07-26,BOS,TOR,6,1,1.0,0.5810665889316122,0.5808,BOS,BOS,1
20260725_ATH@MIN,2026-07-25,MIN,ATH,2,0,1.0,0.5813007421672926,0.581,MIN,MIN,1
20260725_ATL@BAL,2026-07-25,BAL,ATL,3,2,1.0,0.5444880621823683,0.5459,BAL,BAL,1
20260725_AZ@WSH,2026-07-25,WSH,AZ,5,3,1.0,0.5164021665865957,0.5191,WSH,WSH,1
20260725_CHC@PIT,2026-07-25,PIT,CHC,0,11,0.0,0.531863197500774,0.5339,PIT,CHC,0
20260725_CIN@STL,2026-07-25,STL,CIN,7,0,1.0,0.5058581725427383,0.5091,STL,STL,1
20260725_CLE@TB,2026-07-25,TB,CLE,3,0,1.0,0.5761768252722254,0.5762,TB,TB,1
20260725_COL@MIL,2026-07-25,MIL,COL,8,5,1.0,0.6380825811080567,0.6353,MIL,MIL,1
20260725_HOU@CWS,2026-07-25,CWS,HOU,1,4,0.0,0.5333103081185545,0.5353,CWS,HOU,0
20260725_KC@DET,2026-07-25,DET,KC,2,3,0.0,0.5838391336846935,0.5835,DET,KC,0
20260725_LAA@SF,2026-07-25,SF,LAA,9,2,1.0,0.5520717413341754,0.5532,SF,SF,1
20260725_LAD@NYM,2026-07-25,NYM,LAD,3,4,0.0,0.48531239293012873,0.4895,LAD,LAD,1
20260725_NYY@PHI,2026-07-25,PHI,NYY,1,3,0.0,0.5197654354115498,0.5223,PHI,NYY,0
20260725_SD@MIA,2026-07-25,MIA,SD,2,7,0.0,0.5645110402897243,0.565,MIA,SD,0
20260725_SEA@TEX,2026-07-25,TEX,SEA,7,1,1.0,0.5465622139020027,0.5479,TEX,TEX,1
20260725_TOR@BOS,2026-07-25,BOS,TOR,0,6,0.0,0.5275914947848351,0.5298,BOS,TOR,0
20260724_ATH@MIN,2026-07-24,MIN,ATH,0,2,0.0,0.5603309596814161,0.561,MIN,ATH,0
20260724_ATL@BAL,2026-07-24,BAL,ATL,6,7,0.0,0.545658786326595,0.547,BAL,ATL,0
20260724_AZ@WSH,2026-07-24,WSH,AZ,2,3,0.0,0.46222683811334075,0.4674,AZ,AZ,1
20260724_CHC@PIT,2026-07-24,PIT,CHC,2,3,0.0,0.5385122736737408,0.5402,PIT,CHC,0
20260724_CIN@STL,2026-07-24,STL,CIN,2,4,0.0,0.5495899735538222,0.5508,STL,CIN,0
20260724_CLE@TB,2026-07-24,TB,CLE,11,3,1.0,0.5384257367228799,0.5401,TB,TB,1
20260724_COL@MIL,2026-07-24,MIL,COL,2,5,0.0,0.6670673026345607,0.6631,MIL,COL,0
20260724_HOU@CWS,2026-07-24,CWS,HOU,5,9,0.0,0.5314165561033596,0.5335,CWS,HOU,0
20260724_KC@DET,2026-07-24,DET,KC,2,1,1.0,0.6260922892270817,0.6238,DET,DET,1
20260724_LAA@SF,2026-07-24,SF,LAA,7,6,1.0,0.5804177884085003,0.5802,SF,SF,1
20260724_LAD@NYM,2026-07-24,NYM,LAD,2,4,0.0,0.4651162713401362,0.4702,LAD,LAD,1
20260724_NYY@PHI,2026-07-24,PHI,NYY,0,1,0.0,0.5465503957952821,0.5479,PHI,NYY,0
20260724_SD@MIA,2026-07-24,MIA,SD,2,4,0.0,0.5314150712983822,0.5335,MIA,SD,0
20260724_SEA@TEX,2026-07-24,TEX,SEA,5,4,1.0,0.5201164877372934,0.5227,TEX,TEX,1
20260724_TOR@BOS,2026-07-24,BOS,TOR,6,4,1.0,0.5727996125982338,0.5729,BOS,BOS,1
20260723_AZ@STL,2026-07-23,STL,AZ,6,10,0.0,0.511662104034437,0.5146,STL,AZ,0
20260723_KC@DET,2026-07-23,DET,KC,4,3,1.0,0.6033533592153401,0.6021,DET,DET,1
20260723_MIN@CLE,2026-07-23,CLE,MIN,1,3,0.0,0.5716600161700162,0.5718,CLE,MIN,0
20260723_SD@ATL,2026-07-23,ATL,SD,6,5,1.0,0.5419538533765809,0.5435,ATL,ATL,1
20260723_TB@TOR,2026-07-23,TOR,TB,3,1,1.0,0.50282685556419,0.5062,TOR,TOR,1
20260722_ATH@AZ,2026-07-22,AZ,ATH,15,5,1.0,0.543154631282136,0.5447,AZ,AZ,1
20260722_BAL@BOS,2026-07-22,BOS,BAL,6,3,1.0,0.5659787840665691,0.5664,BOS,BOS,1
20260722_BAL@BOS,2026-07-22,BOS,BAL,1,5,0.0,0.5467903844118963,0.5481,BOS,BAL,0
20260722_CIN@SEA,2026-07-22,SEA,CIN,3,5,0.0,0.5823110499268948,0.582,SEA,CIN,0
20260722_CWS@TEX,2026-07-22,TEX,CWS,2,4,0.0,0.5498720631893947,0.5511,TEX,CWS,0
20260722_DET@CHC,2026-07-22,CHC,DET,1,5,0.0,0.4909960608856077,0.4949,DET,DET,1
20260722_LAD@PHI,2026-07-22,PHI,LAD,5,9,0.0,0.5154236236196549,0.5182,PHI,LAD,0
20260722_MIA@HOU,2026-07-22,HOU,MIA,5,2,1.0,0.5374693335124205,0.5392,HOU,HOU,1
20260722_MIN@CLE,2026-07-22,CLE,MIN,6,10,0.0,0.5923618093427014,0.5916,CLE,MIN,0
20260722_NYM@MIL,2026-07-22,MIL,NYM,4,3,1.0,0.5823280231508701,0.582,MIL,MIL,1
20260722_PIT@NYY,2026-07-22,NYY,PIT,2,0,1.0,0.5261090243620591,0.5284,NYY,NYY,1
20260722_PIT@NYY,2026-07-22,NYY,PIT,3,5,0.0,0.5919177076939387,0.5912,NYY,PIT,0
20260722_SD@ATL,2026-07-22,ATL,SD,7,6,1.0,0.48030616684616567,0.4847,SD,ATL,0
20260722_SF@KC,2026-07-22,KC,SF,5,4,1.0,0.5005832313541144,0.504,KC,KC,1
20260722_STL@LAA,2026-07-22,LAA,STL,0,1,0.0,0.48685527733396294,0.4909,STL,STL,1
20260722_TB@TOR,2026-07-22,TOR,TB,2,4,0.0,0.5115118433475822,0.5145,TOR,TB,0
20260722_WSH@COL,2026-07-22,COL,WSH,0,8,0.0,0.4316346913667572,0.4382,WSH,WSH,1
20260721_ATH@AZ,2026-07-21,AZ,ATH,6,5,1.0,0.5557443261906382,0.5567,AZ,AZ,1
20260721_CIN@SEA,2026-07-21,SEA,CIN,2,4,0.0,0.5184939688496242,0.5211,SEA,CIN,0
20260721_CWS@TEX,2026-07-21,TEX,CWS,10,0,1.0,0.5685088751819211,0.5688,TEX,TEX,1
20260721_DET@CHC,2026-07-21,CHC,DET,11,2,1.0,0.49452946572048045,0.4983,DET,CHC,0
20260721_LAD@PHI,2026-07-21,PHI,LAD,1,2,0.0,0.5531781275127574,0.5542,PHI,LAD,0
20260721_MIA@HOU,2026-07-21,HOU,MIA,5,3,1.0,0.5294744037942963,0.5316,HOU,HOU,1
20260721_MIN@CLE,2026-07-21,CLE,MIN,5,2,1.0,0.5485181935541319,0.5498,CLE,CLE,1
20260721_NYM@MIL,2026-07-21,MIL,NYM,0,4,0.0,0.5909972507488254,0.5903,MIL,NYM,0
20260721_SD@ATL,2026-07-21,ATL,SD,3,8,0.0,0.548399407683199,0.5497,ATL,SD,0
20260721_SF@KC,2026-07-21,KC,SF,3,2,1.0,0.5350140387274586,0.5369,KC,KC,1
20260721_STL@LAA,2026-07-21,LAA,STL,5,1,1.0,0.4970096024650503,0.5006,STL,LAA,0
20260721_TB@TOR,2026-07-21,TOR,TB,2,12,0.0,0.504459377461809,0.5077,TOR,TB,0
20260721_WSH@COL,2026-07-21,COL,WSH,8,7,1.0,0.44608805943058577,0.452,WSH,COL,0
20260720_ATH@AZ,2026-07-20,AZ,ATH,2,5,0.0,0.590184911781126,0.5892,AZ,ATH,0
20260720_BAL@BOS,2026-07-20,BOS,BAL,6,5,1.0,0.5401753410747707,0.5416,BOS,BOS,1
20260720_CIN@SEA,2026-07-20,SEA,CIN,8,0,1.0,0.6109795026794468,0.609,SEA,SEA,1
20260720_CWS@TEX,2026-07-20,TEX,CWS,3,10,0.0,0.5707732989241898,0.5707,TEX,CWS,0
20260720_DET@CHC,2026-07-20,CHC,DET,6,8,0.0,0.5210406718611493,0.5234,CHC,DET,0
20260720_LAD@PHI,2026-07-20,PHI,LAD,10,7,1.0,0.5143616491685381,0.5171,PHI,PHI,1
20260720_MIA@HOU,2026-07-20,HOU,MIA,8,5,1.0,0.5430445260437318,0.5443,HOU,HOU,1
20260720_MIN@CLE,2026-07-20,CLE,MIN,13,4,1.0,0.5239959597785203,0.5262,CLE,CLE,1
20260720_NYM@MIL,2026-07-20,MIL,NYM,8,3,1.0,0.6326243334138273,0.6296,MIL,MIL,1
20260720_PIT@NYY,2026-07-20,NYY,PIT,8,5,1.0,0.5621275221328578,0.5625,NYY,NYY,1
20260720_SD@ATL,2026-07-20,ATL,SD,3,2,1.0,0.44567860769451817,0.4517,SD,ATL,0
20260720_SF@KC,2026-07-20,KC,SF,4,3,1.0,0.5290178406544315,0.531,KC,KC,1
20260720_STL@LAA,2026-07-20,LAA,STL,3,2,1.0,0.46316312604731097,0.4683,STL,LAA,0
20260720_TB@TOR,2026-07-20,TOR,TB,1,7,0.0,0.5490903458285634,0.5501,TOR,TB,0
20260720_WSH@COL,2026-07-20,COL,WSH,3,7,0.0,0.455186638464021,0.4607,WSH,WSH,1
20260719_BAL@HOU,2026-07-19,HOU,BAL,2,5,0.0,0.5215908375443562,0.5239,HOU,BAL,0
20260719_CIN@COL,2026-07-19,COL,CIN,6,9,0.0,0.3888773793753061,0.3974,CIN,CIN,1
20260719_CWS@TOR,2026-07-19,TOR,CWS,0,3,0.0,0.5484589232896522,0.5495,TOR,CWS,0
20260719_DET@LAA,2026-07-19,LAA,DET,3,2,1.0,0.4266312577417096,0.4335,DET,LAA,0
20260719_LAD@NYY,2026-07-19,NYY,LAD,2,1,1.0,0.4002210684152935,0.4083,LAD,NYY,0
20260719_LAD@NYY,2026-07-19,NYY,LAD,2,8,0.0,0.5312208079396367,0.5331,NYY,LAD,0
20260719_MIA@MIL,2026-07-19,MIL,MIA,3,1,1.0,0.5259073932583662,0.528,MIL,MIL,1
20260719_MIN@CHC,2026-07-19,CHC,MIN,10,1,1.0,0.5838574936738179,0.5831,CHC,CHC,1
20260719_NYM@PHI,2026-07-19,PHI,NYM,1,6,0.0,0.559230386016703,0.5597,PHI,NYM,0
20260719_PIT@CLE,2026-07-19,CLE,PIT,1,7,0.0,0.5216876042553843,0.524,CLE,PIT,0
20260719_SD@KC,2026-07-19,KC,SD,2,19,0.0,0.4422828641734383,0.4484,SD,SD,1
20260719_SF@SEA,2026-07-19,SEA,SF,6,3,1.0,0.5787310041226922,0.5783,SEA,SEA,1
20260719_STL@AZ,2026-07-19,AZ,STL,8,7,1.0,0.5388109139943149,0.5403,AZ,AZ,1
20260719_TB@BOS,2026-07-19,BOS,TB,6,1,1.0,0.5387460460686903,0.5402,BOS,BOS,1
20260719_TEX@ATL,2026-07-19,ATL,TEX,8,5,1.0,0.5164422890100336,0.519,ATL,ATL,1
20260719_WSH@ATH,2026-07-19,ATH,WSH,2,5,0.0,0.43828314624120723,0.4446,WSH,WSH,1
20260718_BAL@HOU,2026-07-18,HOU,BAL,2,4,0.0,0.47137329126080413,0.4762,BAL,BAL,1
20260718_CIN@COL,2026-07-18,COL,CIN,10,3,1.0,0.4670322901681181,0.472,CIN,COL,0
20260718_CWS@TOR,2026-07-18,TOR,CWS,1,0,1.0,0.5191420327205469,0.5216,TOR,TOR,1
20260718_DET@LAA,2026-07-18,LAA,DET,0,7,0.0,0.41131555229350564,0.4189,DET,DET,1
20260718_MIA@MIL,2026-07-18,MIL,MIA,8,6,1.0,0.584534951421742,0.5838,MIL,MIL,1
20260718_MIN@CHC,2026-07-18,CHC,MIN,6,2,1.0,0.5073650183869467,0.5104,CHC,CHC,1
20260718_NYM@PHI,2026-07-18,PHI,NYM,6,1,1.0,0.5945621209290383,0.5933,PHI,PHI,1
20260718_PIT@CLE,2026-07-18,CLE,PIT,5,3,1.0,0.44996941221040787,0.4558,PIT,CLE,0
20260718_PIT@CLE,2026-07-18,CLE,PIT,1,7,0.0,0.5561145241356369,0.5568,CLE,PIT,0
20260718_SD@KC,2026-07-18,KC,SD,6,1,1.0,0.4790678968799689,0.4835,SD,KC,0
20260718_SF@SEA,2026-07-18,SEA,SF,4,3,1.0,0.5835442762494107,0.5828,SEA,SEA,1
20260718_STL@AZ,2026-07-18,AZ,STL,5,3,1.0,0.5275011081649141,0.5295,AZ,AZ,1
20260718_TB@BOS,2026-07-18,BOS,TB,7,6,1.0,0.5418439495873133,0.5432,BOS,BOS,1
20260718_TEX@ATL,2026-07-18,ATL,TEX,6,7,0.0,0.53347059302231,0.5352,ATL,TEX,0
20260718_WSH@ATH,2026-07-18,ATH,WSH,15,1,1.0,0.4611192524471693,0.4664,WSH,ATH,0
20260717_BAL@HOU,2026-07-17,HOU,BAL,2,3,0.0,0.5486536447341506,0.5497,HOU,BAL,0
20260717_CIN@COL,2026-07-17,COL,CIN,2,7,0.0,0.5108048972076915,0.5137,COL,CIN,0
20260717_CWS@TOR,2026-07-17,TOR,CWS,4,12,0.0,0.6380555459775382,0.6348,TOR,CWS,0
20260717_DET@LAA,2026-07-17,LAA,DET,1,2,0.0,0.45156262540305614,0.4573,DET,DET,1
20260717_LAD@NYY,2026-07-17,NYY,LAD,1,2,0.0,0.516878622662214,0.5194,NYY,LAD,0
20260717_MIA@MIL,2026-07-17,MIL,MIA,2,1,1.0,0.570340692937208,0.5703,MIL,MIL,1
20260717_MIN@CHC,2026-07-17,CHC,MIN,2,5,0.0,0.6025105009875572,0.6009,CHC,MIN,0
20260717_SD@KC,2026-07-17,KC,SD,7,6,1.0,0.4266685685109052,0.4335,SD,KC,0
20260717_SF@SEA,2026-07-17,SEA,SF,0,7,0.0,0.5884049593440681,0.5875,SEA,SF,0
20260717_STL@AZ,2026-07-17,AZ,STL,4,5,0.0,0.540034047769154,0.5415,AZ,STL,0
20260717_TB@BOS,2026-07-17,BOS,TB,5,3,1.0,0.5786508921263827,0.5782,BOS,BOS,1
20260717_TB@BOS,2026-07-17,BOS,TB,10,0,1.0,0.6134251868287488,0.6113,BOS,BOS,1
20260717_TEX@ATL,2026-07-17,ATL,TEX,15,1,1.0,0.5657872753106723,0.5659,ATL,ATL,1
20260717_WSH@ATH,2026-07-17,ATH,WSH,4,23,0.0,0.46789902283016416,0.4729,WSH,WSH,1
20260716_NYM@PHI,2026-07-16,PHI,NYM,1,4,0.0,0.5574983077120552,0.5581,PHI,NYM,0
20260712_ATH@CWS,2026-07-12,CWS,ATH,9,1,1.0,0.5453893349588271,0.5466,CWS,CWS,1
20260712_ATL@STL,2026-07-12,STL,ATL,3,4,0.0,0.5437633971450718,0.545,STL,ATL,0
20260712_AZ@LAD,2026-07-12,LAD,AZ,3,5,0.0,0.544650886042526,0.5459,LAD,AZ,0
20260712_BOS@NYM,2026-07-12,NYM,BOS,2,3,0.0,0.478807258919122,0.4832,BOS,BOS,1
20260712_CHC@CIN,2026-07-12,CIN,CHC,4,8,0.0,0.5009481197918058,0.5043,CIN,CHC,0
20260712_CLE@MIA,2026-07-12,MIA,CLE,2,5,0.0,0.5303868899709776,0.5323,MIA,CLE,0
20260712_COL@SF,2026-07-12,SF,COL,3,1,1.0,0.5196459496183529,0.5221,SF,SF,1
20260712_HOU@TEX,2026-07-12,TEX,HOU,6,5,1.0,0.5380538847700179,0.5396,TEX,TEX,1
20260712_KC@BAL,2026-07-12,BAL,KC,8,2,1.0,0.5736098038323951,0.5734,BAL,BAL,1
20260712_LAA@MIN,2026-07-12,MIN,LAA,4,2,1.0,0.5952973367186628,0.594,MIN,MIN,1
20260712_MIL@PIT,2026-07-12,PIT,MIL,14,5,1.0,0.5602655803426801,0.5607,PIT,PIT,1
20260712_NYY@WSH,2026-07-12,WSH,NYY,3,5,0.0,0.5093524194644545,0.5123,WSH,NYY,0
20260712_PHI@DET,2026-07-12,DET,PHI,0,5,0.0,0.5154970891005378,0.5181,DET,PHI,0
20260712_SEA@TB,2026-07-12,TB,SEA,2,8,0.0,0.5903564267893072,0.5893,TB,SEA,0
20260712_TOR@SD,2026-07-12,SD,TOR,5,4,1.0,0.5618767596525845,0.5622,SD,SD,1
20260711_ATH@CWS,2026-07-11,CWS,ATH,1,0,1.0,0.5437677545363396,0.545,CWS,CWS,1
20260711_ATL@STL,2026-07-11,STL,ATL,4,1,1.0,0.5181723274551558,0.5207,STL,STL,1
20260711_AZ@LAD,2026-07-11,LAD,AZ,2,9,0.0,0.5709542969026203,0.5709,LAD,AZ,0
20260711_BOS@NYM,2026-07-11,NYM,BOS,0,4,0.0,0.49209506669238834,0.4959,BOS,BOS,1
20260711_CHC@CIN,2026-07-11,CIN,CHC,3,5,0.0,0.5255173966593805,0.5277,CIN,CHC,0
20260711_CLE@MIA,2026-07-11,MIA,CLE,1,4,0.0,0.5466402938730907,0.5477,MIA,CLE,0
20260711_COL@SF,2026-07-11,SF,COL,4,2,1.0,0.5252446874500247,0.5274,SF,SF,1
20260711_HOU@TEX,2026-07-11,TEX,HOU,3,9,0.0,0.5064098504321437,0.5095,TEX,HOU,0
20260711_KC@BAL,2026-07-11,BAL,KC,6,1,1.0,0.5892125577761207,0.5882,BAL,BAL,1
20260711_LAA@MIN,2026-07-11,MIN,LAA,5,3,1.0,0.6410207676048068,0.6376,MIN,MIN,1
20260711_MIL@PIT,2026-07-11,PIT,MIL,3,2,1.0,0.5219888032663837,0.5243,PIT,PIT,1
20260711_MIL@PIT,2026-07-11,PIT,MIL,7,6,1.0,0.5241361011059522,0.5263,PIT,PIT,1
20260711_NYY@WSH,2026-07-11,WSH,NYY,2,4,0.0,0.4608135035539058,0.4661,NYY,NYY,1
20260711_PHI@DET,2026-07-11,DET,PHI,2,4,0.0,0.5837852764307968,0.5831,DET,PHI,0
20260711_SEA@TB,2026-07-11,TB,SEA,6,1,1.0,0.5596146840380345,0.5601,TB,TB,1
20260711_TOR@SD,2026-07-11,SD,TOR,8,7,1.0,0.5588676978898313,0.5594,SD,SD,1
20260710_ATH@CWS,2026-07-10,CWS,ATH,14,1,1.0,0.557385425110823,0.5586,CWS,CWS,1
20260710_ATL@STL,2026-07-10,STL,ATL,2,1,1.0,0.49298559231837336,0.4981,ATL,STL,0
20260710_AZ@LAD,2026-07-10,LAD,AZ,3,9,0.0,0.5715505014883752,0.5719,LAD,AZ,0
20260710_BOS@NYM,2026-07-10,NYM,BOS,2,6,0.0,0.5659955266131697,0.5667,NYM,BOS,0
20260710_CHC@CIN,2026-07-10,CIN,CHC,4,0,1.0,0.5128713671106773,0.5168,CIN,CIN,1
20260710_CLE@MIA,2026-07-10,MIA,CLE,2,3,0.0,0.4802224156996264,0.4861,CLE,CLE,1
20260710_COL@SF,2026-07-10,SF,COL,3,4,0.0,0.6164533581455622,0.6141,SF,COL,0
20260710_HOU@TEX,2026-07-10,TEX,HOU,7,3,1.0,0.4783750549591645,0.4844,HOU,TEX,0
20260710_KC@BAL,2026-07-10,BAL,KC,5,3,1.0,0.5554232390268203,0.5567,BAL,BAL,1
20260710_LAA@MIN,2026-07-10,MIN,LAA,3,4,0.0,0.5949862225451498,0.5939,MIN,LAA,0
20260710_NYY@WSH,2026-07-10,WSH,NYY,3,5,0.0,0.4498411280780371,0.4576,NYY,NYY,1
20260710_PHI@DET,2026-07-10,DET,PHI,10,2,1.0,0.5436764197812632,0.5457,DET,DET,1
20260710_SEA@TB,2026-07-10,TB,SEA,7,2,1.0,0.5810546289353464,0.5808,TB,TB,1
20260710_TOR@SD,2026-07-10,SD,TOR,3,5,0.0,0.6086849412694784,0.6068,SD,TOR,0
20260709_ATH@DET,2026-07-09,DET,ATH,4,1,1.0,0.5171518304494062,0.5208,DET,DET,1
20260709_ATL@PIT,2026-07-09,PIT,ATL,5,10,0.0,0.4781902552536384,0.4842,ATL,ATL,1
20260709_AZ@SD,2026-07-09,SD,AZ,1,3,0.0,0.5372987034963962,0.5397,SD,AZ,0
20260709_BOS@CWS,2026-07-09,CWS,BOS,1,2,0.0,0.49516146454067855,0.5002,BOS,BOS,1
20260709_CHC@BAL,2026-07-09,BAL,CHC,3,2,1.0,0.5236172296258179,0.5269,BAL,BAL,1
20260709_CLE@MIN,2026-07-09,MIN,CLE,2,5,0.0,0.4673102045639438,0.474,CLE,CLE,1
20260709_COL@SF,2026-07-09,SF,COL,8,2,1.0,0.6099947737241612,0.608,SF,SF,1
20260709_KC@NYM,2026-07-09,NYM,KC,7,3,1.0,0.5402390269765381,0.5425,NYM,NYM,1
20260709_LAA@TEX,2026-07-09,TEX,LAA,7,6,1.0,0.608598543883265,0.6067,TEX,TEX,1
20260709_MIL@STL,2026-07-09,STL,MIL,4,8,0.0,0.4959977952326074,0.501,MIL,MIL,1
20260709_NYY@TB,2026-07-09,TB,NYY,4,12,0.0,0.5485246922743099,0.5503,TB,NYY,0
20260709_PHI@CIN,2026-07-09,CIN,PHI,0,1,0.0,0.45862023867394197,0.4658,PHI,PHI,1
20260709_SEA@MIA,2026-07-09,MIA,SEA,8,4,1.0,0.5078289457179626,0.5121,MIA,MIA,1
20260708_ATH@DET,2026-07-08,DET,ATH,6,1,1.0,0.5843365086028822,0.5839,DET,DET,1
20260708_ATL@PIT,2026-07-08,PIT,ATL,0,3,0.0,0.4781795735784689,0.4842,ATL,ATL,1
20260708_AZ@SD,2026-07-08,SD,AZ,10,4,1.0,0.5506757830695017,0.5523,SD,SD,1
20260708_BOS@CWS,2026-07-08,CWS,BOS,0,5,0.0,0.4742939588982008,0.4806,BOS,BOS,1
20260708_CHC@BAL,2026-07-08,BAL,CHC,7,9,0.0,0.5154219194300078,0.5192,BAL,CHC,0
20260708_CLE@MIN,2026-07-08,MIN,CLE,6,5,1.0,0.5044850645410199,0.5089,MIN,MIN,1
20260708_COL@LAD,2026-07-08,LAD,COL,4,3,1.0,0.6477832763843949,0.6436,LAD,LAD,1
20260708_HOU@WSH,2026-07-08,WSH,HOU,8,2,1.0,0.5075086704899444,0.5118,WSH,WSH,1
20260708_KC@NYM,2026-07-08,NYM,KC,6,2,1.0,0.5101815136927195,0.5143,NYM,NYM,1
20260708_LAA@TEX,2026-07-08,TEX,LAA,1,13,0.0,0.579889083123061,0.5797,TEX,LAA,0
20260708_MIL@STL,2026-07-08,STL,MIL,5,1,1.0,0.4499098541966136,0.4576,MIL,STL,0
20260708_NYY@TB,2026-07-08,TB,NYY,3,0,1.0,0.5257821930680379,0.5289,TB,TB,1
20260708_PHI@CIN,2026-07-08,CIN,PHI,11,5,1.0,0.4925102385032631,0.4977,PHI,CIN,0
20260708_SEA@MIA,2026-07-08,MIA,SEA,2,0,1.0,0.5160177833972657,0.5197,MIA,MIA,1
20260708_TOR@SF,2026-07-08,SF,TOR,0,10,0.0,0.46532974432585905,0.4721,TOR,TOR,1
20260707_ATH@DET,2026-07-07,DET,ATH,6,2,1.0,0.5493725198237582,0.551,DET,DET,1
20260707_ATL@PIT,2026-07-07,PIT,ATL,12,4,1.0,0.4945982649433558,0.4996,ATL,PIT,0
20260707_AZ@SD,2026-07-07,SD,AZ,4,1,1.0,0.5400560372259127,0.5423,SD,SD,1
20260707_BOS@CWS,2026-07-07,CWS,BOS,1,8,0.0,0.4728167382555089,0.4792,BOS,BOS,1
20260707_CHC@BAL,2026-07-07,BAL,CHC,2,5,0.0,0.4781543676761788,0.4842,CHC,CHC,1
20260707_CLE@MIN,2026-07-07,MIN,CLE,3,1,1.0,0.5232369868125939,0.5265,MIN,MIN,1
20260707_COL@LAD,2026-07-07,LAD,COL,3,4,0.0,0.6673575459702079,0.6621,LAD,COL,0
20260707_HOU@WSH,2026-07-07,WSH,HOU,3,6,0.0,0.4917085494457456,0.4969,HOU,HOU,1
20260707_KC@NYM,2026-07-07,NYM,KC,12,16,0.0,0.5442133649410095,0.5462,NYM,KC,0
20260707_LAA@TEX,2026-07-07,TEX,LAA,8,3,1.0,0.6262334656277689,0.6233,TEX,TEX,1
20260707_MIL@STL,2026-07-07,STL,MIL,3,4,0.0,0.41017543124901945,0.4201,MIL,MIL,1
20260707_MIL@STL,2026-07-07,STL,MIL,2,10,0.0,0.49835735143842846,0.5032,MIL,MIL,1
20260707_NYY@TB,2026-07-07,TB,NYY,6,4,1.0,0.5763527728048465,0.5764,TB,TB,1
20260707_PHI@CIN,2026-07-07,CIN,PHI,1,4,0.0,0.4612928742302284,0.4683,PHI,PHI,1
20260707_SEA@MIA,2026-07-07,MIA,SEA,6,5,1.0,0.5387214305930133,0.5411,MIA,MIA,1
20260707_TOR@SF,2026-07-07,SF,TOR,3,9,0.0,0.502769325712449,0.5073,SF,TOR,0
20260706_AZ@SD,2026-07-06,SD,AZ,0,8,0.0,0.5407830638281973,0.543,SD,AZ,0
20260706_COL@LAD,2026-07-06,LAD,COL,8,7,1.0,0.628960511310881,0.6259,LAD,LAD,1
20260706_HOU@WSH,2026-07-06,WSH,HOU,12,11,1.0,0.49483714834682624,0.4999,HOU,WSH,0
20260706_MIL@STL,2026-07-06,STL,MIL,3,4,0.0,0.48609617248353604,0.4917,MIL,MIL,1
20260706_NYM@ATL,2026-07-06,ATL,NYM,6,7,0.0,0.5749166134905348,0.575,ATL,NYM,0
20260706_NYY@TB,2026-07-06,TB,NYY,1,5,0.0,0.49974136120933055,0.5045,NYY,NYY,1
20260706_PHI@KC,2026-07-06,KC,PHI,15,1,1.0,0.3907325370411003,0.4017,PHI,KC,0
20260706_TOR@SF,2026-07-06,SF,TOR,10,1,1.0,0.5422368429039434,0.5444,SF,SF,1
20260705_BAL@CIN,2026-07-05,CIN,BAL,3,2,1.0,0.47605277607594476,0.4822,BAL,CIN,0
20260705_BOS@LAA,2026-07-05,LAA,BOS,5,7,0.0,0.43476513502102476,0.4433,BOS,BOS,1
20260705_CWS@CLE,2026-07-05,CLE,CWS,6,7,0.0,0.5283639547763869,0.5313,CLE,CWS,0
20260705_DET@TEX,2026-07-05,TEX,DET,3,6,0.0,0.5067886108438819,0.5111,TEX,DET,0
20260705_MIA@ATH,2026-07-05,ATH,MIA,8,9,0.0,0.4829647780956872,0.4887,MIA,MIA,1
20260705_MIL@AZ,2026-07-05,AZ,MIL,2,3,0.0,0.46158413268846094,0.4686,MIL,MIL,1
20260705_MIN@NYY,2026-07-05,NYY,MIN,1,6,0.0,0.5829461098791666,0.5826,NYY,MIN,0
20260705_NYM@ATL,2026-07-05,ATL,NYM,9,10,0.0,0.5171091549092256,0.5208,ATL,NYM,0
20260705_PHI@KC,2026-07-05,KC,PHI,5,2,1.0,0.46765594434928104,0.4743,PHI,KC,0
20260705_PIT@WSH,2026-07-05,WSH,PIT,5,11,0.0,0.5204109460223307,0.5239,WSH,PIT,0
20260705_SD@LAD,2026-07-05,LAD,SD,2,5,0.0,0.6208215135368613,0.6182,LAD,SD,0
20260705_SF@COL,2026-07-05,COL,SF,7,6,1.0,0.4494301102336382,0.4572,SF,COL,0
20260705_STL@CHC,2026-07-05,CHC,STL,6,4,1.0,0.5710758189889598,0.5714,CHC,CHC,1
20260705_TB@HOU,2026-07-05,HOU,TB,2,0,1.0,0.5270328188060268,0.5301,HOU,HOU,1
20260705_TOR@SEA,2026-07-05,SEA,TOR,4,0,1.0,0.5743856091331182,0.5745,SEA,SEA,1
20260704_BAL@CIN,2026-07-04,CIN,BAL,5,8,0.0,0.5144813957234128,0.5183,CIN,BAL,0
20260704_BOS@LAA,2026-07-04,LAA,BOS,1,8,0.0,0.45804255114019216,0.4653,BOS,BOS,1
20260704_CWS@CLE,2026-07-04,CLE,CWS,1,3,0.0,0.5877594451554283,0.5871,CLE,CWS,0
20260704_DET@TEX,2026-07-04,TEX,DET,0,3,0.0,0.5114169863061744,0.5154,TEX,DET,0
20260704_MIA@ATH,2026-07-04,ATH,MIA,2,7,0.0,0.4143332186677413,0.4241,MIA,MIA,1
20260704_MIL@AZ,2026-07-04,AZ,MIL,4,3,1.0,0.4239698524031068,0.4332,MIL,AZ,0
20260704_MIN@NYY,2026-07-04,NYY,MIN,4,11,0.0,0.542466884642073,0.5446,NYY,MIN,0
20260704_NYM@ATL,2026-07-04,ATL,NYM,14,3,1.0,0.5870578620277198,0.5864,ATL,ATL,1
20260704_PHI@KC,2026-07-04,KC,PHI,1,6,0.0,0.4123328214998488,0.4222,PHI,PHI,1
20260704_PIT@WSH,2026-07-04,WSH,PIT,1,7,0.0,0.4851247221684102,0.4907,PIT,PIT,1
20260704_SD@LAD,2026-07-04,LAD,SD,3,0,1.0,0.619210958128436,0.6167,LAD,LAD,1
20260704_SF@COL,2026-07-04,COL,SF,4,6,0.0,0.41914385474664395,0.4286,SF,SF,1
20260704_STL@CHC,2026-07-04,CHC,STL,0,3,0.0,0.557810645551115,0.559,CHC,STL,0
20260704_TB@HOU,2026-07-04,HOU,TB,10,8,1.0,0.5113898494727624,0.5154,HOU,HOU,1
20260704_TOR@SEA,2026-07-04,SEA,TOR,11,0,1.0,0.649557281868936,0.6453,SEA,SEA,1
20260703_BAL@CIN,2026-07-03,CIN,BAL,0,3,0.0,0.47342381745903434,0.4807,BAL,BAL,1
20260703_BOS@LAA,2026-07-03,LAA,BOS,2,5,0.0,0.5388821993956907,0.5417,LAA,BOS,0
20260703_CWS@CLE,2026-07-03,CLE,CWS,4,3,1.0,0.5357543934671047,0.5388,CLE,CLE,1
20260703_MIA@ATH,2026-07-03,ATH,MIA,5,12,0.0,0.48254433390276835,0.4892,MIA,MIA,1
20260703_MIL@AZ,2026-07-03,AZ,MIL,4,7,0.0,0.45310151100515356,0.4618,MIL,MIL,1
20260703_MIN@NYY,2026-07-03,NYY,MIN,5,2,1.0,0.5922849718823017,0.5914,NYY,NYY,1
20260703_NYM@ATL,2026-07-03,ATL,NYM,5,3,1.0,0.5028924466179412,0.5082,ATL,ATL,1
20260703_PIT@WSH,2026-07-03,WSH,PIT,9,5,1.0,0.5282400206816317,0.5318,WSH,WSH,1
20260703_SD@LAD,2026-07-03,LAD,SD,4,3,1.0,0.646541252196816,0.642,LAD,LAD,1
20260703_SF@COL,2026-07-03,COL,SF,15,3,1.0,0.44604043628647494,0.4552,SF,COL,0
20260703_STL@CHC,2026-07-03,CHC,STL,1,17,0.0,0.5194334552813873,0.5236,CHC,STL,0
20260703_TB@HOU,2026-07-03,HOU,TB,1,3,0.0,0.5224419621196901,0.5264,HOU,TB,0
20260703_TOR@SEA,2026-07-03,SEA,TOR,0,2,0.0,0.509551051490804,0.5144,SEA,TOR,0
20260702_CIN@MIL,2026-07-02,MIL,CIN,2,7,0.0,0.6425249127742085,0.6383,MIL,CIN,0
20260702_CWS@CLE,2026-07-02,CLE,CWS,6,5,1.0,0.55700855824114,0.5585,CLE,CLE,1
20260702_DET@TEX,2026-07-02,TEX,DET,10,4,1.0,0.5331056347227581,0.5363,TEX,TEX,1
20260702_LAA@SEA,2026-07-02,SEA,LAA,1,0,1.0,0.5844809969755073,0.5841,SEA,SEA,1
20260702_MIA@COL,2026-07-02,COL,MIA,14,4,1.0,0.47029578365998553,0.4778,MIA,COL,0
20260702_PIT@PHI,2026-07-02,PHI,PIT,1,6,0.0,0.617757950137038,0.6151,PHI,PIT,0
20260702_SD@LAD,2026-07-02,LAD,SD,12,7,1.0,0.6316050715253508,0.6281,LAD,LAD,1
20260702_STL@ATL,2026-07-02,ATL,STL,5,11,0.0,0.5086274766057115,0.5135,ATL,STL,0
20260702_TB@KC,2026-07-02,KC,TB,2,5,0.0,0.48632870582006604,0.4928,TB,TB,1
20260701_CIN@MIL,2026-07-01,MIL,CIN,4,2,1.0,0.6020257326913105,0.6004,MIL,MIL,1
20260701_CWS@BAL,2026-07-01,BAL,CWS,6,1,1.0,0.5356856075170656,0.5387,BAL,BAL,1
20260701_DET@NYY,2026-07-01,NYY,DET,2,6,0.0,0.5084178107203113,0.5133,NYY,DET,0
20260701_LAD@ATH,2026-07-01,ATH,LAD,7,1,1.0,0.44350034214278955,0.4528,LAD,ATH,0
20260701_MIA@COL,2026-07-01,COL,MIA,6,3,1.0,0.4271998395879476,0.4376,MIA,COL,0
20260701_MIN@HOU,2026-07-01,HOU,MIN,3,8,0.0,0.545530857092847,0.5479,HOU,MIN,0
20260701_NYM@TOR,2026-07-01,TOR,NYM,9,3,1.0,0.5391715795856353,0.5419,TOR,TOR,1
20260701_PIT@PHI,2026-07-01,PHI,PIT,10,6,1.0,0.5827789334233648,0.5825,PHI,PHI,1
20260701_SD@CHC,2026-07-01,CHC,SD,23,3,1.0,0.5455635748096261,0.5479,CHC,CHC,1
20260701_SF@AZ,2026-07-01,AZ,SF,4,6,0.0,0.5030263984740376,0.5083,AZ,SF,0
20260701_STL@ATL,2026-07-01,ATL,STL,5,1,1.0,0.5484360616557512,0.5506,ATL,ATL,1
20260701_TB@KC,2026-07-01,KC,TB,0,4,0.0,0.45111661515605045,0.4599,TB,TB,1
20260701_TEX@CLE,2026-07-01,CLE,TEX,9,4,1.0,0.49506230197760986,0.5009,TEX,CLE,0
20260701_WSH@BOS,2026-07-01,BOS,WSH,2,10,0.0,0.5341921586961547,0.5373,BOS,WSH,0
20260630_CIN@MIL,2026-06-30,MIL,CIN,7,2,1.0,0.5901201195643023,0.5893,MIL,MIL,1
20260630_CWS@BAL,2026-06-30,BAL,CWS,3,9,0.0,0.5417942261016688,0.5444,BAL,CWS,0
20260630_DET@NYY,2026-06-30,NYY,DET,3,9,0.0,0.5607694422635949,0.562,NYY,DET,0
20260630_LAA@SEA,2026-06-30,SEA,LAA,8,3,1.0,0.5996434681495196,0.5982,SEA,SEA,1
20260630_LAD@ATH,2026-06-30,ATH,LAD,3,9,0.0,0.3905429769484446,0.4032,LAD,LAD,1
20260630_MIA@COL,2026-06-30,COL,MIA,3,14,0.0,0.3867967295320197,0.3996,MIA,MIA,1
20260630_MIN@HOU,2026-06-30,HOU,MIN,6,4,1.0,0.5197852985042514,0.5239,HOU,HOU,1
20260630_NYM@TOR,2026-06-30,TOR,NYM,0,3,0.0,0.5127489831899568,0.5174,TOR,NYM,0
20260630_PIT@PHI,2026-06-30,PHI,PIT,8,0,1.0,0.5869671175520974,0.5864,PHI,PHI,1
20260630_SD@CHC,2026-06-30,CHC,SD,9,7,1.0,0.5540585655679222,0.5558,CHC,CHC,1
20260630_SF@AZ,2026-06-30,AZ,SF,8,2,1.0,0.4961506282671786,0.5019,SF,AZ,0
20260630_STL@ATL,2026-06-30,ATL,STL,3,5,0.0,0.5076506081253525,0.5126,ATL,STL,0
20260630_TB@KC,2026-06-30,KC,TB,4,10,0.0,0.4723552201621604,0.4797,TB,TB,1
20260630_TEX@CLE,2026-06-30,CLE,TEX,2,4,0.0,0.47732120891104335,0.4844,TEX,TEX,1
20260630_WSH@BOS,2026-06-30,BOS,WSH,1,8,0.0,0.5128316565628186,0.5174,BOS,WSH,0
20260629_CIN@MIL,2026-06-29,MIL,CIN,5,3,1.0,0.5897165612121242,0.589,MIL,MIL,1
20260629_CWS@BAL,2026-06-29,BAL,CWS,2,8,0.0,0.5384025988200146,0.5412,BAL,CWS,0
20260629_DET@NYY,2026-06-29,NYY,DET,3,7,0.0,0.5420555654972732,0.5446,NYY,DET,0
20260629_LAA@SEA,2026-06-29,SEA,LAA,6,2,1.0,0.5791269115890705,0.5791,SEA,SEA,1
20260629_LAD@ATH,2026-06-29,ATH,LAD,4,9,0.0,0.4670779780869864,0.4748,LAD,LAD,1
20260629_MIA@COL,2026-06-29,COL,MIA,7,10,0.0,0.41346107745862987,0.4247,MIA,MIA,1
20260629_MIN@HOU,2026-06-29,HOU,MIN,4,5,0.0,0.572772953679954,0.5732,HOU,MIN,0
20260629_NYM@TOR,2026-06-29,TOR,NYM,2,1,1.0,0.542776137420725,0.5453,TOR,TOR,1
20260629_PIT@PHI,2026-06-29,PHI,PIT,7,11,0.0,0.5532825245872123,0.5551,PHI,PIT,0
20260629_SD@CHC,2026-06-29,CHC,SD,3,2,1.0,0.5733611091176425,0.5737,CHC,CHC,1
20260629_SF@AZ,2026-06-29,AZ,SF,5,4,1.0,0.5254601218660258,0.5292,AZ,AZ,1
20260629_TEX@CLE,2026-06-29,CLE,TEX,3,6,0.0,0.5439515419960425,0.5464,CLE,TEX,0
20260629_WSH@BOS,2026-06-29,BOS,WSH,6,3,1.0,0.5303752565874579,0.5338,BOS,BOS,1
20260628_ATH@LAA,2026-06-28,LAA,ATH,4,1,1.0,0.5310702217539569,0.5344,LAA,LAA,1
20260628_ATL@SF,2026-06-28,SF,ATL,3,2,1.0,0.48046292642854416,0.4873,ATL,SF,0
20260628_AZ@TB,2026-06-28,TB,AZ,5,1,1.0,0.5930917818216775,0.5921,TB,TB,1
20260628_CHC@MIL,2026-06-28,MIL,CHC,3,4,0.0,0.5579672863638335,0.5594,MIL,CHC,0
20260628_CIN@PIT,2026-06-28,PIT,CIN,9,4,1.0,0.5255332665564337,0.5292,PIT,PIT,1
20260628_COL@MIN,2026-06-28,MIN,COL,3,2,1.0,0.5783048245878035,0.5783,MIN,MIN,1
20260628_HOU@DET,2026-06-28,DET,HOU,5,7,0.0,0.47385204238348116,0.4811,HOU,HOU,1
20260628_KC@CWS,2026-06-28,CWS,KC,4,5,0.0,0.5701151060081237,0.5707,CWS,KC,0
20260628_LAD@SD,2026-06-28,SD,LAD,2,4,0.0,0.4439962679283151,0.4533,LAD,LAD,1
20260628_MIA@STL,2026-06-28,STL,MIA,2,1,1.0,0.5385644820031568,0.5414,STL,STL,1
20260628_NYY@BOS,2026-06-28,BOS,NYY,5,4,1.0,0.4737291452572267,0.481,NYY,BOS,0
20260628_PHI@NYM,2026-06-28,NYM,PHI,4,5,0.0,0.46849115735098096,0.4761,PHI,PHI,1
20260628_SEA@CLE,2026-06-28,CLE,SEA,6,5,1.0,0.5427990761555962,0.5453,CLE,CLE,1
20260628_TEX@TOR,2026-06-28,TOR,TEX,2,3,0.0,0.4950849030697505,0.5009,TEX,TEX,1
20260628_WSH@BAL,2026-06-28,BAL,WSH,4,6,0.0,0.5972482137359855,0.596,BAL,WSH,0
20260627_ATH@LAA,2026-06-27,LAA,ATH,5,2,1.0,0.48771309277001745,0.494,ATH,LAA,0
20260627_ATL@SF,2026-06-27,SF,ATL,5,0,1.0,0.5131841291902545,0.5178,SF,SF,1
20260627_AZ@TB,2026-06-27,TB,AZ,4,2,1.0,0.5611036126864836,0.5623,TB,TB,1
20260627_CHC@MIL,2026-06-27,MIL,CHC,2,8,0.0,0.6469331107613315,0.6424,MIL,CHC,0
20260627_CIN@PIT,2026-06-27,PIT,CIN,7,9,0.0,0.49345753355519884,0.4994,CIN,CIN,1
20260627_COL@MIN,2026-06-27,MIN,COL,5,8,0.0,0.589785888731429,0.589,MIN,COL,0
20260627_HOU@DET,2026-06-27,DET,HOU,6,8,0.0,0.5396997482008755,0.5424,DET,HOU,0
20260627_KC@CWS,2026-06-27,CWS,KC,2,1,1.0,0.5766680047937618,0.5768,CWS,CWS,1
20260627_LAD@SD,2026-06-27,SD,LAD,3,15,0.0,0.4715926168124482,0.479,LAD,LAD,1
20260627_MIA@STL,2026-06-27,STL,MIA,1,5,0.0,0.6055647299449872,0.6037,STL,MIA,0
20260627_NYY@BOS,2026-06-27,BOS,NYY,4,1,1.0,0.47854140269071155,0.4855,NYY,BOS,0
20260627_PHI@NYM,2026-06-27,NYM,PHI,6,2,1.0,0.49243855483180654,0.4985,PHI,NYM,0
20260627_SEA@CLE,2026-06-27,CLE,SEA,4,3,1.0,0.5058445477423085,0.5109,CLE,CLE,1
20260627_TEX@TOR,2026-06-27,TOR,TEX,4,7,0.0,0.5828721810209481,0.5826,TOR,TEX,0
20260627_WSH@BAL,2026-06-27,BAL,WSH,3,4,0.0,0.5676233206969857,0.5684,BAL,WSH,0
20260626_ATH@LAA,2026-06-26,LAA,ATH,3,9,0.0,0.5328943751749464,0.5375,LAA,ATH,0
20260626_ATL@SF,2026-06-26,SF,ATL,1,3,0.0,0.513391193855763,0.5193,SF,ATL,0
20260626_AZ@TB,2026-06-26,TB,AZ,6,1,1.0,0.5881892414596928,0.5888,TB,TB,1
20260626_CHC@MIL,2026-06-26,MIL,CHC,6,2,1.0,0.6402445898336848,0.6373,MIL,MIL,1
20260626_CIN@PIT,2026-06-26,PIT,CIN,4,6,0.0,0.5615869019305116,0.5641,PIT,CIN,0
20260626_COL@MIN,2026-06-26,MIN,COL,9,8,1.0,0.6186985619773621,0.6172,MIN,MIN,1
20260626_HOU@DET,2026-06-26,DET,HOU,8,0,1.0,0.5275361475817835,0.5325,DET,DET,1
20260626_KC@CWS,2026-06-26,CWS,KC,22,1,1.0,0.49164422402439606,0.4991,KC,CWS,0
20260626_LAD@SD,2026-06-26,SD,LAD,7,1,1.0,0.49012660895724675,0.4977,LAD,SD,0
20260626_MIA@STL,2026-06-26,STL,MIA,0,4,0.0,0.5289705720549108,0.5338,STL,MIA,0
20260626_NYY@BOS,2026-06-26,BOS,NYY,6,1,1.0,0.4596401479203184,0.4693,NYY,BOS,0
20260626_PHI@NYM,2026-06-26,NYM,PHI,1,2,0.0,0.4589822506616714,0.4687,PHI,PHI,1
20260626_SEA@CLE,2026-06-26,CLE,SEA,1,3,0.0,0.5253050500436622,0.5304,CLE,SEA,0
20260626_TEX@TOR,2026-06-26,TOR,TEX,4,5,0.0,0.5436364577797489,0.5474,TOR,TEX,0
20260626_WSH@BAL,2026-06-26,BAL,WSH,3,1,1.0,0.5274576470264256,0.5324,BAL,BAL,1
20260625_ATH@SF,2026-06-25,SF,ATH,6,9,0.0,0.5536555023612628,0.5567,SF,ATH,0
20260625_CHC@NYM,2026-06-25,NYM,CHC,3,4,0.0,0.513403267637646,0.5193,NYM,CHC,0
20260625_HOU@DET,2026-06-25,DET,HOU,1,2,0.0,0.5177843280380514,0.5234,DET,HOU,0
20260625_KC@TB,2026-06-25,TB,KC,13,2,1.0,0.5968996786923149,0.5969,TB,TB,1
20260625_NYY@BOS,2026-06-25,BOS,NYY,6,3,1.0,0.4251252335766241,0.437,NYY,BOS,0
20260625_PHI@WSH,2026-06-25,WSH,PHI,5,10,0.0,0.49039169251809633,0.4979,PHI,PHI,1
20260625_SEA@PIT,2026-06-25,PIT,SEA,5,1,1.0,0.5100301337932293,0.5162,PIT,PIT,1
20260625_TEX@TOR,2026-06-25,TOR,TEX,5,6,0.0,0.5533872880714107,0.5565,TOR,TEX,0
20260624_ATH@SF,2026-06-24,SF,ATH,2,1,1.0,0.5234437895533282,0.5287,SF,SF,1
20260624_ATL@SD,2026-06-24,SD,ATL,5,2,1.0,0.5435661857799357,0.5474,SD,SD,1
20260624_AZ@STL,2026-06-24,STL,AZ,4,9,0.0,0.5280963350965765,0.533,STL,AZ,0
20260624_BAL@LAA,2026-06-24,LAA,BAL,7,6,1.0,0.49013816493052115,0.4977,BAL,LAA,0
20260624_BOS@COL,2026-06-24,COL,BOS,8,6,1.0,0.4319516026442113,0.4434,BOS,COL,0
20260624_CHC@NYM,2026-06-24,NYM,CHC,3,10,0.0,0.5351829060705294,0.5396,NYM,CHC,0
20260624_CHC@NYM,2026-06-24,NYM,CHC,5,10,0.0,0.5612865630666495,0.5638,NYM,CHC,0
20260624_CLE@CWS,2026-06-24,CWS,CLE,3,4,0.0,0.491340392214681,0.4988,CLE,CLE,1
20260624_HOU@TOR,2026-06-24,TOR,HOU,1,3,0.0,0.5498460379920717,0.5532,TOR,HOU,0
20260624_KC@TB,2026-06-24,TB,KC,5,3,1.0,0.5326065167543975,0.5372,TB,TB,1
20260624_LAD@MIN,2026-06-24,MIN,LAD,3,4,0.0,0.4825311950196285,0.4906,LAD,LAD,1
20260624_MIL@CIN,2026-06-24,CIN,MIL,5,6,0.0,0.48201269264988544,0.4901,MIL,MIL,1
20260624_NYY@DET,2026-06-24,DET,NYY,2,4,0.0,0.5006790506698726,0.5075,DET,NYY,0
20260624_PHI@WSH,2026-06-24,WSH,PHI,4,5,0.0,0.5029354523936735,0.5096,WSH,PHI,0
20260624_SEA@PIT,2026-06-24,PIT,SEA,11,1,1.0,0.5460272075395487,0.5497,PIT,PIT,1
20260624_TEX@MIA,2026-06-24,MIA,TEX,4,2,1.0,0.5585562212888905,0.5613,MIA,MIA,1
20260623_ATH@SF,2026-06-23,SF,ATH,3,1,1.0,0.5735246096239822,0.5752,SF,SF,1
20260623_ATL@SD,2026-06-23,SD,ATL,7,6,1.0,0.5445352187584627,0.5483,SD,SD,1
20260623_AZ@STL,2026-06-23,STL,AZ,3,4,0.0,0.5309992243235739,0.5357,STL,AZ,0
20260623_BAL@LAA,2026-06-23,LAA,BAL,5,1,1.0,0.42369379296179555,0.4357,BAL,LAA,0
20260623_BOS@COL,2026-06-23,COL,BOS,2,5,0.0,0.4552394441274273,0.4652,BOS,BOS,1
20260623_CHC@NYM,2026-06-23,NYM,CHC,6,9,0.0,0.5410241762273713,0.545,NYM,CHC,0
20260623_CLE@CWS,2026-06-23,CWS,CLE,2,1,1.0,0.5135655244489092,0.5195,CWS,CWS,1
20260623_HOU@TOR,2026-06-23,TOR,HOU,7,9,0.0,0.5142168159504366,0.5201,TOR,HOU,0
20260623_KC@TB,2026-06-23,TB,KC,5,12,0.0,0.5557035012818922,0.5586,TB,KC,0
20260623_LAD@MIN,2026-06-23,MIN,LAD,3,12,0.0,0.48083658122558215,0.4891,LAD,LAD,1
20260623_MIL@CIN,2026-06-23,CIN,MIL,0,2,0.0,0.4842000988356951,0.4922,MIL,MIL,1
20260623_NYY@DET,2026-06-23,DET,NYY,3,4,0.0,0.5052174355047279,0.5117,DET,NYY,0
20260623_PHI@WSH,2026-06-23,WSH,PHI,9,14,0.0,0.5106556333798332,0.5168,WSH,PHI,0
20260623_SEA@PIT,2026-06-23,PIT,SEA,2,3,0.0,0.5129582955515557,0.5189,PIT,SEA,0
20260623_TEX@MIA,2026-06-23,MIA,TEX,6,4,1.0,0.5842890455559149,0.5852,MIA,MIA,1
20260622_ATL@SD,2026-06-22,SD,ATL,1,0,1.0,0.5240176002435248,0.5292,SD,SD,1
20260622_AZ@STL,2026-06-22,STL,AZ,3,2,1.0,0.5694044216620275,0.5714,STL,STL,1
20260622_BAL@LAA,2026-06-22,LAA,BAL,1,6,0.0,0.4657322036501702,0.475,BAL,BAL,1
20260622_BOS@COL,2026-06-22,COL,BOS,3,2,1.0,0.4504936929098987,0.4608,BOS,COL,0
20260622_CLE@CWS,2026-06-22,CWS,CLE,6,5,1.0,0.4882213844304006,0.4959,CLE,CWS,0
20260622_HOU@TOR,2026-06-22,TOR,HOU,4,2,1.0,0.5150534982049648,0.5209,TOR,TOR,1
20260622_KC@TB,2026-06-22,TB,KC,1,2,0.0,0.5771492207860744,0.5786,TB,KC,0
20260622_LAD@MIN,2026-06-22,MIN,LAD,1,2,0.0,0.4566481250309202,0.4665,LAD,LAD,1
20260622_MIL@CIN,2026-06-22,CIN,MIL,1,2,0.0,0.4836021935352329,0.4916,MIL,MIL,1
20260622_NYY@DET,2026-06-22,DET,NYY,5,3,1.0,0.4893980609202741,0.497,NYY,DET,0
20260622_PHI@WSH,2026-06-22,WSH,PHI,4,1,1.0,0.49628672565028165,0.5034,PHI,WSH,0
20260622_TEX@MIA,2026-06-22,MIA,TEX,3,4,0.0,0.5519015011440216,0.5551,MIA,TEX,0
20260621_BAL@LAD,2026-06-21,LAD,BAL,1,12,0.0,0.5787871247884974,0.5801,LAD,BAL,0
20260621_BOS@SEA,2026-06-21,SEA,BOS,3,1,1.0,0.5234876868800348,0.5287,SEA,SEA,1
20260621_CIN@NYY,2026-06-21,NYY,CIN,1,4,0.0,0.5150433482044139,0.5209,NYY,CIN,0
20260621_CLE@HOU,2026-06-21,HOU,CLE,2,1,1.0,0.5306556749981873,0.5354,HOU,HOU,1
20260621_CWS@DET,2026-06-21,DET,CWS,5,4,1.0,0.5755358072358562,0.5771,DET,DET,1
20260621_LAA@ATH,2026-06-21,ATH,LAA,7,9,0.0,0.5325174440181262,0.5371,ATH,LAA,0
20260621_MIL@ATL,2026-06-21,ATL,MIL,4,9,0.0,0.5176962067131824,0.5233,ATL,MIL,0
20260621_MIN@AZ,2026-06-21,AZ,MIN,2,4,0.0,0.5396072097915917,0.5437,AZ,MIN,0
20260621_NYM@PHI,2026-06-21,PHI,NYM,6,2,1.0,0.5880695174272174,0.5887,PHI,PHI,1
20260621_PIT@COL,2026-06-21,COL,PIT,6,8,0.0,0.4588484554685433,0.4686,PIT,PIT,1
20260621_SD@TEX,2026-06-21,TEX,SD,4,3,1.0,0.5125751546210421,0.5186,TEX,TEX,1
20260621_SF@MIA,2026-06-21,MIA,SF,2,1,1.0,0.5043065914404651,0.5109,MIA,MIA,1
20260621_STL@KC,2026-06-21,KC,STL,10,12,0.0,0.46212515813673033,0.4716,STL,STL,1
20260621_WSH@TB,2026-06-21,TB,WSH,4,3,1.0,0.5305994122368749,0.5353,TB,TB,1
20260620_BAL@LAD,2026-06-20,LAD,BAL,2,3,0.0,0.5793974514590357,0.5807,LAD,BAL,0
20260620_BOS@SEA,2026-06-20,SEA,BOS,1,5,0.0,0.5347725139787218,0.5392,SEA,BOS,0
20260620_CIN@NYY,2026-06-20,NYY,CIN,2,10,0.0,0.5706432241445714,0.5725,NYY,CIN,0
20260620_CLE@HOU,2026-06-20,HOU,CLE,1,8,0.0,0.5576957280290719,0.5605,HOU,CLE,0
20260620_CWS@DET,2026-06-20,DET,CWS,4,1,1.0,0.5559638801513958,0.5589,DET,DET,1
20260620_LAA@ATH,2026-06-20,ATH,LAA,0,7,0.0,0.5363455195353732,0.5407,ATH,LAA,0
20260620_MIL@ATL,2026-06-20,ATL,MIL,4,3,1.0,0.5181771037397224,0.5238,ATL,ATL,1
20260620_MIN@AZ,2026-06-20,AZ,MIN,8,16,0.0,0.5053042467081883,0.5118,AZ,MIN,0
20260620_NYM@PHI,2026-06-20,PHI,NYM,15,3,1.0,0.5756246540577757,0.5772,PHI,PHI,1
20260620_PIT@COL,2026-06-20,COL,PIT,2,1,1.0,0.42054883562393225,0.4328,PIT,COL,0
20260620_SD@TEX,2026-06-20,TEX,SD,4,6,0.0,0.539013197065305,0.5431,TEX,SD,0
20260620_SF@MIA,2026-06-20,MIA,SF,6,3,1.0,0.5624217322901327,0.5649,MIA,MIA,1
20260620_TOR@CHC,2026-06-20,CHC,TOR,6,8,0.0,0.5453696716977074,0.549,CHC,TOR,0
20260620_WSH@TB,2026-06-20,TB,WSH,3,4,0.0,0.5314983892192182,0.5362,TB,WSH,0
20260619_BAL@LAD,2026-06-19,LAD,BAL,6,5,1.0,0.6005997334096048,0.5996,LAD,LAD,1
20260619_BOS@SEA,2026-06-19,SEA,BOS,2,6,0.0,0.5617066559682299,0.5635,SEA,BOS,0
20260619_CIN@NYY,2026-06-19,NYY,CIN,5,0,1.0,0.6136024130807268,0.6117,NYY,NYY,1
20260619_CLE@HOU,2026-06-19,HOU,CLE,9,3,1.0,0.5467900792859064,0.5496,HOU,HOU,1
20260619_CWS@DET,2026-06-19,DET,CWS,4,3,1.0,0.5578895498048989,0.5599,DET,DET,1
20260619_LAA@ATH,2026-06-19,ATH,LAA,12,11,1.0,0.5110621316400216,0.5165,ATH,ATH,1
20260619_MIL@ATL,2026-06-19,ATL,MIL,3,2,1.0,0.44126840832971465,0.4515,MIL,ATL,0
20260619_MIN@AZ,2026-06-19,AZ,MIN,9,5,1.0,0.5884800136202181,0.5884,AZ,AZ,1
20260619_PIT@COL,2026-06-19,COL,PIT,4,3,1.0,0.4650401048323767,0.4736,PIT,COL,0
20260619_SD@TEX,2026-06-19,TEX,SD,9,7,1.0,0.541022174490305,0.5443,TEX,TEX,1
20260619_SF@MIA,2026-06-19,MIA,SF,4,3,1.0,0.5677607574704904,0.5691,MIA,MIA,1
20260619_STL@KC,2026-06-19,KC,STL,6,5,1.0,0.5029279341749289,0.5089,KC,KC,1
20260619_TOR@CHC,2026-06-19,CHC,TOR,16,2,1.0,0.5588234882193226,0.5608,CHC,CHC,1
20260619_WSH@TB,2026-06-19,TB,WSH,5,2,1.0,0.5435069668618964,0.5466,TB,TB,1
20260618_BAL@SEA,2026-06-18,SEA,BAL,3,0,1.0,0.5516121395485074,0.5541,SEA,SEA,1
20260618_CLE@MIL,2026-06-18,MIL,CLE,2,4,0.0,0.569368006649691,0.5706,MIL,CLE,0
20260618_CWS@NYY,2026-06-18,NYY,CWS,1,5,0.0,0.6098932635239093,0.6083,NYY,CWS,0
20260618_LAA@ATH,2026-06-18,ATH,LAA,5,0,1.0,0.5793506310233875,0.5799,ATH,ATH,1
20260618_MIN@TEX,2026-06-18,TEX,MIN,3,9,0.0,0.529209528524005,0.5333,TEX,MIN,0
20260618_NYM@PHI,2026-06-18,PHI,NYM,4,6,0.0,0.5566359557557735,0.5588,PHI,NYM,0
20260618_STL@KC,2026-06-18,KC,STL,14,6,1.0,0.4897361638308953,0.4966,STL,KC,0
20260618_TOR@BOS,2026-06-18,BOS,TOR,3,4,0.0,0.4975378636363217,0.5039,TOR,TOR,1
20260617_BAL@SEA,2026-06-17,SEA,BAL,3,5,0.0,0.5272376325611108,0.5315,SEA,BAL,0
20260617_CLE@MIL,2026-06-17,MIL,CLE,9,4,1.0,0.5612382326418663,0.5631,MIL,MIL,1
20260617_COL@CHC,2026-06-17,CHC,COL,8,6,1.0,0.5833252904173933,0.5836,CHC,CHC,1
20260617_CWS@NYY,2026-06-17,NYY,CWS,10,5,1.0,0.6299171878955722,0.6269,NYY,NYY,1
20260617_DET@HOU,2026-06-17,HOU,DET,4,2,1.0,0.523099762545631,0.5276,HOU,HOU,1
20260617_KC@WSH,2026-06-17,WSH,KC,2,6,0.0,0.5347458916371992,0.5385,WSH,KC,0
20260617_LAA@AZ,2026-06-17,AZ,LAA,8,1,1.0,0.592850370391411,0.5924,AZ,AZ,1
20260617_MIA@PHI,2026-06-17,PHI,MIA,4,12,0.0,0.5818837004642174,0.5822,PHI,MIA,0
20260617_NYM@CIN,2026-06-17,CIN,NYM,1,9,0.0,0.4882781381617394,0.4953,NYM,NYM,1
20260617_PIT@ATH,2026-06-17,ATH,PIT,4,12,0.0,0.4938684573739518,0.5005,PIT,PIT,1
20260617_SD@STL,2026-06-17,STL,SD,1,6,0.0,0.5546303504798459,0.5569,STL,SD,0
20260617_SF@ATL,2026-06-17,ATL,SF,5,7,0.0,0.587747365950935,0.5877,ATL,SF,0
20260617_TB@LAD,2026-06-17,LAD,TB,5,4,1.0,0.5892687755321707,0.5891,LAD,LAD,1
20260617_TOR@BOS,2026-06-17,BOS,TOR,0,3,0.0,0.5116719133327572,0.517,BOS,TOR,0
20260616_BAL@SEA,2026-06-16,SEA,BAL,3,1,1.0,0.5430698576593131,0.5462,SEA,SEA,1
20260616_CLE@MIL,2026-06-16,MIL,CLE,2,1,1.0,0.5600162689312416,0.5619,MIL,MIL,1
20260616_COL@CHC,2026-06-16,CHC,COL,2,5,0.0,0.5876730052690173,0.5876,CHC,COL,0
20260616_CWS@NYY,2026-06-16,NYY,CWS,12,2,1.0,0.6033556649604315,0.6022,NYY,NYY,1
20260616_DET@HOU,2026-06-16,HOU,DET,4,2,1.0,0.5747118223720759,0.5756,HOU,HOU,1
20260616_KC@WSH,2026-06-16,WSH,KC,6,4,1.0,0.5570974008494662,0.5592,WSH,WSH,1
20260616_LAA@AZ,2026-06-16,AZ,LAA,0,7,0.0,0.5276304995237429,0.5318,AZ,LAA,0
20260616_MIA@PHI,2026-06-16,PHI,MIA,8,2,1.0,0.5982993416347538,0.5975,PHI,PHI,1
20260616_MIN@TEX,2026-06-16,TEX,MIN,2,12,0.0,0.5737850275637915,0.5747,TEX,MIN,0
20260616_NYM@CIN,2026-06-16,CIN,NYM,5,3,1.0,0.48838204013846076,0.4954,NYM,CIN,0
20260616_PIT@ATH,2026-06-16,ATH,PIT,5,6,0.0,0.5695501219309582,0.5708,ATH,PIT,0
20260616_SD@STL,2026-06-16,STL,SD,3,2,1.0,0.556907156900584,0.559,STL,STL,1
20260616_SF@ATL,2026-06-16,ATL,SF,2,7,0.0,0.590440989353123,0.5902,ATL,SF,0
20260616_TB@LAD,2026-06-16,LAD,TB,1,0,1.0,0.5493276155289695,0.552,LAD,LAD,1
20260616_TOR@BOS,2026-06-16,BOS,TOR,1,6,0.0,0.4837594930435538,0.4911,TOR,TOR,1
20260615_COL@CHC,2026-06-15,CHC,COL,5,4,1.0,0.6209080605300414,0.6185,CHC,CHC,1
20260615_DET@HOU,2026-06-15,HOU,DET,3,9,0.0,0.5185612835398776,0.5234,HOU,DET,0
20260615_KC@WSH,2026-06-15,WSH,KC,7,3,1.0,0.5811513119429685,0.5816,WSH,WSH,1
20260615_LAA@AZ,2026-06-15,AZ,LAA,4,3,1.0,0.5426547486571969,0.5458,AZ,AZ,1
20260615_MIA@PHI,2026-06-15,PHI,MIA,7,0,1.0,0.6148185552972741,0.6129,PHI,PHI,1
20260615_MIN@TEX,2026-06-15,TEX,MIN,2,4,0.0,0.5684392652505763,0.5697,TEX,MIN,0
20260615_NYM@CIN,2026-06-15,CIN,NYM,12,0,1.0,0.509880757504176,0.5154,CIN,CIN,1
20260615_PIT@ATH,2026-06-15,ATH,PIT,11,2,1.0,0.5555571589581751,0.5578,ATH,ATH,1
20260615_SD@STL,2026-06-15,STL,SD,3,0,1.0,0.5675528141824886,0.5689,STL,STL,1
20260615_TB@LAD,2026-06-15,LAD,TB,4,3,1.0,0.5488710916249243,0.5516,LAD,LAD,1
20260614_ATL@NYM,2026-06-14,NYM,ATL,8,1,1.0,0.513663396993784,0.5189,NYM,NYM,1
20260614_AZ@CIN,2026-06-14,CIN,AZ,3,5,0.0,0.5388389881319421,0.5423,CIN,AZ,0
20260614_CHC@SF,2026-06-14,SF,CHC,5,1,1.0,0.45074101269684613,0.4603,CHC,SF,0
20260614_COL@ATH,2026-06-14,ATH,COL,9,23,0.0,0.6391536718467352,0.6356,ATH,COL,0
20260614_HOU@KC,2026-06-14,KC,HOU,4,0,1.0,0.4976201477420945,0.504,HOU,KC,0
20260614_LAD@CWS,2026-06-14,CWS,LAD,6,4,1.0,0.5052282200622216,0.511,CWS,CWS,1
20260614_MIA@PIT,2026-06-14,PIT,MIA,2,4,0.0,0.5486426904809315,0.5514,PIT,MIA,0
20260614_NYY@TOR,2026-06-14,TOR,NYY,3,8,0.0,0.4841316057913633,0.4914,NYY,NYY,1
20260614_PHI@MIL,2026-06-14,MIL,PHI,4,0,1.0,0.5230646862247702,0.5276,MIL,MIL,1
20260614_SD@BAL,2026-06-14,BAL,SD,2,5,0.0,0.5343229255427964,0.5381,BAL,SD,0
20260614_SEA@WSH,2026-06-14,WSH,SEA,10,1,1.0,0.47035425371615,0.4786,SEA,WSH,0
20260614_STL@MIN,2026-06-14,MIN,STL,5,4,1.0,0.5002379987812079,0.5064,MIN,MIN,1
20260614_TB@LAA,2026-06-14,LAA,TB,3,8,0.0,0.4586679183530048,0.4677,TB,TB,1
20260614_TEX@BOS,2026-06-14,BOS,TEX,4,6,0.0,0.5384323934492354,0.5419,BOS,TEX,0
20260613_ATL@NYM,2026-06-13,NYM,ATL,1,3,0.0,0.5361081668697005,0.5397,NYM,ATL,0
20260613_AZ@CIN,2026-06-13,CIN,AZ,2,1,1.0,0.502617917509514,0.5086,CIN,CIN,1
20260613_CHC@SF,2026-06-13,SF,CHC,1,6,0.0,0.4480893052715384,0.4578,CHC,CHC,1
20260613_COL@ATH,2026-06-13,ATH,COL,7,5,1.0,0.630037578248535,0.6271,ATH,ATH,1
20260613_DET@CLE,2026-06-13,CLE,DET,3,1,1.0,0.5129366439564338,0.5182,CLE,CLE,1
20260613_HOU@KC,2026-06-13,KC,HOU,7,8,0.0,0.5222080939168762,0.5268,KC,HOU,0
20260613_LAD@CWS,2026-06-13,CWS,LAD,1,7,0.0,0.5101911709091276,0.5156,CWS,LAD,0
20260613_MIA@PIT,2026-06-13,PIT,MIA,3,2,1.0,0.5304104834827488,0.5344,PIT,PIT,1
20260613_NYY@TOR,2026-06-13,TOR,NYY,1,3,0.0,0.4993429699129006,0.5056,NYY,NYY,1
20260613_PHI@MIL,2026-06-13,MIL,PHI,8,9,0.0,0.5674928978060441,0.5689,MIL,PHI,0
20260613_SD@BAL,2026-06-13,BAL,SD,3,9,0.0,0.5391270874871246,0.5425,BAL,SD,0
20260613_SEA@WSH,2026-06-13,WSH,SEA,8,3,1.0,0.5101496481715211,0.5156,WSH,WSH,1
20260613_STL@MIN,2026-06-13,MIN,STL,6,9,0.0,0.5138542144378017,0.519,MIN,STL,0
20260613_TB@LAA,2026-06-13,LAA,TB,8,0,1.0,0.47545021583769775,0.4833,TB,LAA,0
20260613_TEX@BOS,2026-06-13,BOS,TEX,6,3,1.0,0.49146066484199125,0.4982,TEX,BOS,0
20260612_ATL@NYM,2026-06-12,NYM,ATL,7,5,1.0,0.49960292264538575,0.5047,ATL,NYM,0
20260612_AZ@CIN,2026-06-12,CIN,AZ,2,5,0.0,0.5175717459560654,0.5214,CIN,AZ,0
20260612_CHC@SF,2026-06-12,SF,CHC,1,5,0.0,0.5078139771564252,0.5123,SF,CHC,0
20260612_COL@ATH,2026-06-12,ATH,COL,6,4,1.0,0.6046615380984388,0.6022,ATH,ATH,1
20260612_DET@CLE,2026-06-12,CLE,DET,3,2,1.0,0.5019029692821992,0.5068,CLE,CLE,1
20260612_HOU@KC,2026-06-12,KC,HOU,8,10,0.0,0.5228539628685812,0.5263,KC,HOU,0
20260612_LAD@CWS,2026-06-12,CWS,LAD,8,2,1.0,0.4865196670157771,0.4926,LAD,CWS,0
20260612_MIA@PIT,2026-06-12,PIT,MIA,3,8,0.0,0.5729930879449288,0.5727,PIT,MIA,0
20260612_NYY@TOR,2026-06-12,TOR,NYY,8,5,1.0,0.5196770335082794,0.5233,TOR,TOR,1
20260612_PHI@MIL,2026-06-12,MIL,PHI,6,0,1.0,0.5891388071016592,0.5877,MIL,MIL,1
20260612_SD@BAL,2026-06-12,BAL,SD,7,3,1.0,0.5588271511187529,0.5596,BAL,BAL,1
20260612_SEA@WSH,2026-06-12,WSH,SEA,2,10,0.0,0.4535694750848301,0.462,SEA,SEA,1
20260612_STL@MIN,2026-06-12,MIN,STL,9,8,1.0,0.5239549966782409,0.5273,MIN,MIN,1
20260612_TB@LAA,2026-06-12,LAA,TB,4,3,1.0,0.45569150877583675,0.4639,TB,LAA,0
20260612_TEX@BOS,2026-06-12,BOS,TEX,10,1,1.0,0.5062098838391378,0.5108,BOS,BOS,1
20260611_AZ@MIA,2026-06-11,MIA,AZ,2,0,1.0,0.5274057494704516,0.5305,MIA,MIA,1
20260611_CHC@COL,2026-06-11,COL,CHC,3,9,0.0,0.4246594603001121,0.435,CHC,CHC,1
20260611_LAD@PIT,2026-06-11,PIT,LAD,6,8,0.0,0.46007546394657894,0.468,LAD,LAD,1
20260611_MIN@DET,2026-06-11,DET,MIN,11,0,1.0,0.5461593304464336,0.5479,DET,DET,1
20260611_SEA@BAL,2026-06-11,BAL,SEA,7,5,1.0,0.4951015436514586,0.5005,SEA,BAL,0
20260611_STL@NYM,2026-06-11,NYM,STL,5,4,1.0,0.5591967286186524,0.56,NYM,NYM,1
20260611_TEX@KC,2026-06-11,KC,TEX,2,4,0.0,0.5231074701389781,0.5265,KC,TEX,0
20260610_ATL@CWS,2026-06-10,CWS,ATL,2,1,1.0,0.4755892097845831,0.4824,ATL,CWS,0
20260610_AZ@MIA,2026-06-10,MIA,AZ,8,0,1.0,0.468633996694769,0.476,AZ,MIA,0
20260610_BOS@TB,2026-06-10,TB,BOS,7,5,1.0,0.5605285638449444,0.5612,TB,TB,1
20260610_CHC@COL,2026-06-10,COL,CHC,3,2,1.0,0.40018825550565285,0.4122,CHC,COL,0
20260610_CIN@SD,2026-06-10,SD,CIN,5,4,1.0,0.5253398180186508,0.5286,SD,SD,1
20260610_HOU@LAA,2026-06-10,LAA,HOU,3,2,1.0,0.5017814711750742,0.5067,LAA,LAA,1
20260610_LAD@PIT,2026-06-10,PIT,LAD,9,8,1.0,0.45406541121864347,0.4624,LAD,PIT,0
20260610_MIL@ATH,2026-06-10,ATH,MIL,4,3,1.0,0.4738962384838182,0.4809,MIL,ATH,0
20260610_MIN@DET,2026-06-10,DET,MIN,4,6,0.0,0.5652439441906372,0.5656,DET,MIN,0
20260610_NYY@CLE,2026-06-10,CLE,NYY,4,8,0.0,0.4977130061567353,0.503,NYY,NYY,1
20260610_PHI@TOR,2026-06-10,TOR,PHI,4,7,0.0,0.4714999573779789,0.4786,PHI,PHI,1
20260610_SEA@BAL,2026-06-10,BAL,SEA,7,2,1.0,0.4823431696264319,0.4887,SEA,BAL,0
20260610_STL@NYM,2026-06-10,NYM,STL,2,9,0.0,0.549432311350343,0.5509,NYM,STL,0
20260610_TEX@KC,2026-06-10,KC,TEX,4,6,0.0,0.5063723349798828,0.511,KC,TEX,0
20260610_WSH@SF,2026-06-10,SF,WSH,11,10,1.0,0.4623071660390268,0.4701,WSH,SF,0
20260609_ATL@CWS,2026-06-09,CWS,ATL,6,5,1.0,0.5063952889832769,0.511,CWS,CWS,1
20260609_AZ@MIA,2026-06-09,MIA,AZ,10,6,1.0,0.5331024958712063,0.5358,MIA,MIA,1
20260609_BOS@TB,2026-06-09,TB,BOS,4,3,1.0,0.5259791147278294,0.5292,TB,TB,1
20260609_CHC@COL,2026-06-09,COL,CHC,7,3,1.0,0.407420379721426,0.4189,CHC,COL,0
20260609_CIN@SD,2026-06-09,SD,CIN,3,5,0.0,0.4784823838103771,0.4851,CIN,CIN,1
20260609_HOU@LAA,2026-06-09,LAA,HOU,10,1,1.0,0.5154344683695706,0.5194,LAA,LAA,1
20260609_LAD@PIT,2026-06-09,PIT,LAD,3,12,0.0,0.526090921258954,0.5293,PIT,LAD,0
20260609_MIL@ATH,2026-06-09,ATH,MIL,7,5,1.0,0.498751973442808,0.5039,MIL,ATH,0
20260609_MIN@DET,2026-06-09,DET,MIN,10,4,1.0,0.5085893024773053,0.513,DET,DET,1
20260609_NYY@CLE,2026-06-09,CLE,NYY,2,3,0.0,0.4788874483713813,0.4855,NYY,NYY,1
20260609_PHI@TOR,2026-06-09,TOR,PHI,3,2,1.0,0.5163179972489825,0.5202,TOR,TOR,1
20260609_SEA@BAL,2026-06-09,BAL,SEA,5,6,0.0,0.47082018134306686,0.478,SEA,SEA,1
20260609_STL@NYM,2026-06-09,NYM,STL,0,7,0.0,0.5586589016797078,0.5595,NYM,STL,0
20260609_TEX@KC,2026-06-09,KC,TEX,5,3,1.0,0.5314288730462274,0.5342,KC,KC,1
20260609_WSH@SF,2026-06-09,SF,WSH,3,6,0.0,0.4522324032548606,0.4607,WSH,WSH,1
20260608_BOS@TB,2026-06-08,TB,BOS,3,1,1.0,0.5080836691332048,0.5126,TB,TB,1
20260608_CIN@SD,2026-06-08,SD,CIN,6,2,1.0,0.5304559843449623,0.5333,SD,SD,1
20260608_HOU@LAA,2026-06-08,LAA,HOU,4,5,0.0,0.4895408633118054,0.4954,HOU,HOU,1
20260608_MIL@ATH,2026-06-08,ATH,MIL,14,15,0.0,0.4114123251475845,0.4227,MIL,MIL,1
20260608_NYY@CLE,2026-06-08,CLE,NYY,5,7,0.0,0.5229909368613724,0.5264,CLE,NYY,0
20260608_PHI@TOR,2026-06-08,TOR,PHI,2,5,0.0,0.4621609856412165,0.47,PHI,PHI,1
20260608_SEA@BAL,2026-06-08,BAL,SEA,3,6,0.0,0.4752081216287447,0.4821,SEA,SEA,1
20260608_WSH@SF,2026-06-08,SF,WSH,3,4,0.0,0.4911114160320556,0.4968,WSH,WSH,1
20260607_ATH@HOU,2026-06-07,HOU,ATH,0,5,0.0,0.5367147881858182,0.5391,HOU,ATH,0
20260607_BAL@TOR,2026-06-07,TOR,BAL,6,4,1.0,0.5498780522518294,0.5513,TOR,TOR,1
20260607_BOS@NYY,2026-06-07,NYY,BOS,6,1,1.0,0.5501863382608917,0.5516,NYY,NYY,1
20260607_CIN@STL,2026-06-07,STL,CIN,5,3,1.0,0.5763018785330718,0.5758,STL,STL,1
20260607_CLE@TEX,2026-06-07,TEX,CLE,10,0,1.0,0.5334491662107512,0.5361,TEX,TEX,1
20260607_CWS@PHI,2026-06-07,PHI,CWS,9,5,1.0,0.5599085613502,0.5606,PHI,PHI,1
20260607_KC@MIN,2026-06-07,MIN,KC,5,6,0.0,0.5479606518839888,0.5495,MIN,KC,0
20260607_LAA@LAD,2026-06-07,LAD,LAA,5,13,0.0,0.6167501306783703,0.6134,LAD,LAA,0
20260607_MIL@COL,2026-06-07,COL,MIL,4,12,0.0,0.35016759088029936,0.3651,MIL,MIL,1
20260607_NYM@SD,2026-06-07,SD,NYM,3,7,0.0,0.5089322941154635,0.5134,SD,NYM,0
20260607_PIT@ATL,2026-06-07,ATL,PIT,3,2,1.0,0.5296383279341209,0.5326,ATL,ATL,1
20260607_SEA@DET,2026-06-07,DET,SEA,5,4,1.0,0.474753505751714,0.4817,SEA,DET,0
20260607_SF@CHC,2026-06-07,CHC,SF,1,2,0.0,0.5495002489576961,0.551,CHC,SF,0
20260607_TB@MIA,2026-06-07,MIA,TB,4,1,1.0,0.49908027661436405,0.5042,TB,MIA,0
20260607_WSH@AZ,2026-06-07,AZ,WSH,5,1,1.0,0.4894219053477531,0.4953,WSH,AZ,0
20260606_ATH@HOU,2026-06-06,HOU,ATH,13,2,1.0,0.5457286870952678,0.5475,HOU,HOU,1
20260606_BAL@TOR,2026-06-06,TOR,BAL,6,4,1.0,0.5408722799627834,0.543,TOR,TOR,1
20260606_CIN@STL,2026-06-06,STL,CIN,6,5,1.0,0.5598703048734829,0.5606,STL,STL,1
20260606_CLE@TEX,2026-06-06,TEX,CLE,0,6,0.0,0.5305489893805088,0.5334,TEX,CLE,0
20260606_CWS@PHI,2026-06-06,PHI,CWS,3,6,0.0,0.5935359186973123,0.5918,PHI,CWS,0
20260606_KC@MIN,2026-06-06,MIN,KC,2,3,0.0,0.5455367632260544,0.5473,MIN,KC,0
20260606_LAA@LAD,2026-06-06,LAD,LAA,9,2,1.0,0.6340375847867982,0.6295,LAD,LAD,1
20260606_MIL@COL,2026-06-06,COL,MIL,1,7,0.0,0.30476726710853436,0.322,MIL,MIL,1
20260606_NYM@SD,2026-06-06,SD,NYM,3,2,1.0,0.49437861814980033,0.4999,NYM,SD,0
20260606_PIT@ATL,2026-06-06,ATL,PIT,6,3,1.0,0.5718374498975096,0.5717,ATL,ATL,1
20260606_SEA@DET,2026-06-06,DET,SEA,0,4,0.0,0.48046426240157036,0.487,SEA,SEA,1
20260606_SF@CHC,2026-06-06,CHC,SF,3,2,1.0,0.5805518643897197,0.5798,CHC,CHC,1
20260606_TB@MIA,2026-06-06,MIA,TB,4,3,1.0,0.4662663166602151,0.4738,TB,MIA,0
20260606_WSH@AZ,2026-06-06,AZ,WSH,1,6,0.0,0.5085953712529463,0.5131,AZ,WSH,0
20260605_ATH@HOU,2026-06-05,HOU,ATH,5,1,1.0,0.5287824586726857,0.5321,HOU,HOU,1
20260605_BAL@TOR,2026-06-05,TOR,BAL,3,13,0.0,0.5650594571064701,0.5658,TOR,BAL,0
20260605_BOS@NYY,2026-06-05,NYY,BOS,3,5,0.0,0.5464462121565061,0.5485,NYY,BOS,0
20260605_CIN@STL,2026-06-05,STL,CIN,10,3,1.0,0.5507297460898227,0.5525,STL,STL,1
20260605_CLE@TEX,2026-06-05,TEX,CLE,3,2,1.0,0.5034210108689012,0.5085,TEX,TEX,1
20260605_CWS@PHI,2026-06-05,PHI,CWS,8,6,1.0,0.5785455332956829,0.5784,PHI,PHI,1
20260605_KC@MIN,2026-06-05,MIN,KC,5,3,1.0,0.5536680965844146,0.5552,MIN,MIN,1
20260605_LAA@LAD,2026-06-05,LAD,LAA,1,0,1.0,0.6175782887797359,0.6148,LAD,LAD,1
20260605_MIL@COL,2026-06-05,COL,MIL,7,9,0.0,0.3676413592225136,0.3813,MIL,MIL,1
20260605_NYM@SD,2026-06-05,SD,NYM,0,5,0.0,0.5162233579254785,0.5204,SD,NYM,0
20260605_PIT@ATL,2026-06-05,ATL,PIT,6,3,1.0,0.5788985785652526,0.5787,ATL,ATL,1
20260605_SEA@DET,2026-06-05,DET,SEA,7,3,1.0,0.49505488107447504,0.5007,SEA,DET,0
20260605_SF@CHC,2026-06-05,CHC,SF,3,18,0.0,0.5817394645398273,0.5814,CHC,SF,0
20260605_TB@MIA,2026-06-05,MIA,TB,0,6,0.0,0.5037573571691171,0.5088,MIA,TB,0
20260605_WSH@AZ,2026-06-05,AZ,WSH,1,14,0.0,0.5567620381025649,0.5581,AZ,WSH,0
20260604_ATH@CHC,2026-06-04,CHC,ATH,7,6,1.0,0.5213720715628509,0.5252,CHC,CHC,1
20260604_BAL@BOS,2026-06-04,BOS,BAL,2,8,0.0,0.511342931385396,0.5158,BOS,BAL,0
20260604_CLE@NYY,2026-06-04,NYY,CLE,2,1,1.0,0.5291190403657848,0.5324,NYY,NYY,1
20260604_KC@MIN,2026-06-04,MIN,KC,6,8,0.0,0.5485255046905574,0.5504,MIN,KC,0
20260604_LAD@AZ,2026-06-04,AZ,LAD,3,2,1.0,0.49640286591105387,0.5019,LAD,AZ,0
20260604_PIT@HOU,2026-06-04,HOU,PIT,1,5,0.0,0.5114264051963907,0.5159,HOU,PIT,0
20260604_SD@PHI,2026-06-04,PHI,SD,6,4,1.0,0.5962271662808623,0.5949,PHI,PHI,1
20260604_SF@MIL,2026-06-04,MIL,SF,9,12,0.0,0.6261387926834938,0.6228,MIL,SF,0
20260604_TOR@ATL,2026-06-04,ATL,TOR,2,7,0.0,0.5616172207710917,0.5626,ATL,TOR,0
20260603_ATH@CHC,2026-06-03,CHC,ATH,4,5,0.0,0.5430642429970653,0.5454,CHC,ATH,0
20260603_BAL@BOS,2026-06-03,BOS,BAL,8,1,1.0,0.5332761621040985,0.5363,BOS,BOS,1
20260603_CLE@NYY,2026-06-03,NYY,CLE,4,5,0.0,0.5540327701679114,0.5556,NYY,CLE,0
20260603_COL@LAA,2026-06-03,LAA,COL,11,4,1.0,0.5525674084653441,0.5542,LAA,LAA,1
20260603_CWS@MIN,2026-06-03,MIN,CWS,0,8,0.0,0.561520178786645,0.5625,MIN,CWS,0
20260603_DET@TB,2026-06-03,TB,DET,2,7,0.0,0.6088745638103076,0.6067,TB,DET,0
20260603_KC@CIN,2026-06-03,CIN,KC,2,5,0.0,0.5841966649617572,0.5837,CIN,KC,0
20260603_LAD@AZ,2026-06-03,AZ,LAD,0,7,0.0,0.4325727851001729,0.4423,LAD,LAD,1
20260603_MIA@WSH,2026-06-03,WSH,MIA,1,4,0.0,0.5196800238040538,0.5236,WSH,MIA,0
20260603_NYM@SEA,2026-06-03,SEA,NYM,1,7,0.0,0.5590692955714096,0.5603,SEA,NYM,0
20260603_PIT@HOU,2026-06-03,HOU,PIT,11,9,1.0,0.5027186767681727,0.5078,HOU,HOU,1
20260603_SD@PHI,2026-06-03,PHI,SD,3,2,1.0,0.5983270139169122,0.5968,PHI,PHI,1
20260603_SF@MIL,2026-06-03,MIL,SF,0,1,0.0,0.6081616594551367,0.606,MIL,SF,0
20260603_TEX@STL,2026-06-03,STL,TEX,5,3,1.0,0.5488293725173125,0.5507,STL,STL,1
20260603_TOR@ATL,2026-06-03,ATL,TOR,7,3,1.0,0.57931776928791,0.5791,ATL,ATL,1
20260602_ATH@CHC,2026-06-02,CHC,ATH,1,2,0.0,0.5378640200103002,0.5405,CHC,ATH,0
20260602_BAL@BOS,2026-06-02,BOS,BAL,2,4,0.0,0.5134211952047987,0.5178,BOS,BAL,0
20260602_CLE@NYY,2026-06-02,NYY,CLE,4,9,0.0,0.5885165009143217,0.5877,NYY,CLE,0
20260602_COL@LAA,2026-06-02,LAA,COL,2,8,0.0,0.5511929622532763,0.5529,LAA,COL,0
20260602_CWS@MIN,2026-06-02,MIN,CWS,6,4,1.0,0.5152498102853226,0.5195,MIN,MIN,1
20260602_DET@TB,2026-06-02,TB,DET,0,8,0.0,0.6032344432563488,0.6014,TB,DET,0
20260602_KC@CIN,2026-06-02,CIN,KC,4,3,1.0,0.5735013583094687,0.5737,CIN,CIN,1
20260602_LAD@AZ,2026-06-02,AZ,LAD,5,6,0.0,0.4881667537816185,0.4943,LAD,LAD,1
20260602_MIA@WSH,2026-06-02,WSH,MIA,3,7,0.0,0.5246501645222996,0.5282,WSH,MIA,0
20260602_NYM@SEA,2026-06-02,SEA,NYM,8,3,1.0,0.5474994876870647,0.5495,SEA,SEA,1
20260602_PIT@HOU,2026-06-02,HOU,PIT,6,10,0.0,0.535917068876175,0.5387,HOU,PIT,0
20260602_SD@PHI,2026-06-02,PHI,SD,3,2,1.0,0.5533923006831134,0.555,PHI,PHI,1
20260602_SF@MIL,2026-06-02,MIL,SF,8,3,1.0,0.6665574306970613,0.6607,MIL,MIL,1
20260602_TEX@STL,2026-06-02,STL,TEX,4,7,0.0,0.5615090288648967,0.5625,STL,TEX,0
20260602_TOR@ATL,2026-06-02,ATL,TOR,4,3,1.0,0.5748146779935436,0.5749,ATL,ATL,1
20260601_COL@LAA,2026-06-01,LAA,COL,8,9,0.0,0.5759220688448861,0.576,LAA,COL,0
20260601_CWS@MIN,2026-06-01,MIN,CWS,9,6,1.0,0.5162241316692462,0.5204,MIN,MIN,1
20260601_DET@TB,2026-06-01,TB,DET,9,10,0.0,0.5860833753091228,0.5854,TB,DET,0
20260601_KC@CIN,2026-06-01,CIN,KC,2,9,0.0,0.5452517534964629,0.5474,CIN,KC,0
20260601_LAD@AZ,2026-06-01,AZ,LAD,4,1,1.0,0.4630700984206127,0.4708,LAD,AZ,0
20260601_MIA@WSH,2026-06-01,WSH,MIA,3,7,0.0,0.5775710871952967,0.5775,WSH,MIA,0
20260601_NYM@SEA,2026-06-01,SEA,NYM,3,2,1.0,0.5626555789529528,0.5636,SEA,SEA,1
20260601_SF@MIL,2026-06-01,MIL,SF,16,2,1.0,0.635446425271814,0.6315,MIL,MIL,1
20260601_TEX@STL,2026-06-01,STL,TEX,1,2,0.0,0.5563701212604976,0.5578,STL,TEX,0
20260531_ATL@CIN,2026-05-31,CIN,ATL,6,4,1.0,0.442718495559324,0.4518,ATL,CIN,0
20260531_AZ@SEA,2026-05-31,SEA,AZ,3,2,1.0,0.5941550750796938,0.5929,SEA,SEA,1
20260531_BOS@CLE,2026-05-31,CLE,BOS,4,9,0.0,0.5475302448396009,0.5495,CLE,BOS,0
20260531_CHC@STL,2026-05-31,STL,CHC,5,1,1.0,0.502188988527141,0.5073,STL,STL,1
20260531_DET@CWS,2026-05-31,CWS,DET,2,1,1.0,0.5669487198972754,0.5676,CWS,CWS,1
20260531_KC@TEX,2026-05-31,TEX,KC,6,3,1.0,0.5859602285021386,0.5853,TEX,TEX,1
20260531_LAA@TB,2026-05-31,TB,LAA,5,2,1.0,0.639032137350823,0.6349,TB,TB,1
20260531_MIA@NYM,2026-05-31,NYM,MIA,10,1,1.0,0.538008033815623,0.5407,NYM,NYM,1
20260531_MIL@HOU,2026-05-31,HOU,MIL,0,2,0.0,0.4549768862777767,0.4633,MIL,MIL,1
20260531_MIN@PIT,2026-05-31,PIT,MIN,9,3,1.0,0.5570119612968953,0.5583,PIT,PIT,1
20260531_NYY@ATH,2026-05-31,ATH,NYY,8,13,0.0,0.4509414609204459,0.4595,NYY,NYY,1
20260531_PHI@LAD,2026-05-31,LAD,PHI,9,1,1.0,0.5502373536275001,0.552,LAD,LAD,1
20260531_SD@WSH,2026-05-31,WSH,SD,4,2,1.0,0.5151615037743191,0.5194,WSH,WSH,1
20260531_SF@COL,2026-05-31,COL,SF,6,19,0.0,0.45077081791691553,0.4594,SF,SF,1
20260531_TOR@BAL,2026-05-31,BAL,TOR,9,5,1.0,0.5073875723771123,0.5122,BAL,BAL,1
20260530_ATL@CIN,2026-05-30,CIN,ATL,2,5,0.0,0.47162924505027254,0.4788,ATL,ATL,1
20260530_AZ@SEA,2026-05-30,SEA,AZ,5,1,1.0,0.5483136974717856,0.5503,SEA,SEA,1
20260530_BOS@CLE,2026-05-30,CLE,BOS,1,9,0.0,0.5798964932177746,0.5797,CLE,BOS,0
20260530_CHC@STL,2026-05-30,STL,CHC,1,6,0.0,0.520740155460199,0.5246,STL,CHC,0
20260530_DET@CWS,2026-05-30,CWS,DET,7,1,1.0,0.5765491491147935,0.5765,CWS,CWS,1
20260530_KC@TEX,2026-05-30,TEX,KC,7,6,1.0,0.5883617316501095,0.5875,TEX,TEX,1
20260530_LAA@TB,2026-05-30,TB,LAA,3,14,0.0,0.6152104495153088,0.6126,TB,LAA,0
20260530_MIA@NYM,2026-05-30,NYM,MIA,6,1,1.0,0.569902394673299,0.5704,NYM,NYM,1
20260530_MIL@HOU,2026-05-30,HOU,MIL,9,2,1.0,0.5103620694391081,0.5149,HOU,HOU,1
20260530_MIN@PIT,2026-05-30,PIT,MIN,10,9,1.0,0.5394835114386628,0.542,PIT,PIT,1
20260530_NYY@ATH,2026-05-30,ATH,NYY,6,4,1.0,0.4703409327542748,0.4776,NYY,ATH,0
20260530_PHI@LAD,2026-05-30,LAD,PHI,3,4,0.0,0.5322064611088477,0.5353,LAD,PHI,0
20260530_SD@WSH,2026-05-30,WSH,SD,9,4,1.0,0.5189912224359174,0.523,WSH,WSH,1
20260530_SF@COL,2026-05-30,COL,SF,8,3,1.0,0.44260732556318616,0.4517,SF,COL,0
20260530_TOR@BAL,2026-05-30,BAL,TOR,6,5,1.0,0.4906798155864877,0.4966,TOR,BAL,0
20260529_ATL@CIN,2026-05-29,CIN,ATL,3,8,0.0,0.47965979746218496,0.4875,ATL,ATL,1
20260529_AZ@SEA,2026-05-29,SEA,AZ,7,6,1.0,0.5434514881032873,0.5462,SEA,SEA,1
20260529_BOS@CLE,2026-05-29,CLE,BOS,4,3,1.0,0.5965617653845519,0.595,CLE,CLE,1
20260529_CHC@STL,2026-05-29,STL,CHC,6,5,1.0,0.5111969039184812,0.5165,STL,STL,1
20260529_DET@CWS,2026-05-29,CWS,DET,4,3,1.0,0.5353766019724276,0.5387,CWS,CWS,1
20260529_KC@TEX,2026-05-29,TEX,KC,9,1,1.0,0.6205913769424533,0.6171,TEX,TEX,1
20260529_LAA@TB,2026-05-29,TB,LAA,8,5,1.0,0.6428624862573066,0.6377,TB,TB,1
20260529_MIA@NYM,2026-05-29,NYM,MIA,9,7,1.0,0.5316951621049335,0.5354,NYM,NYM,1
20260529_MIL@HOU,2026-05-29,HOU,MIL,4,5,0.0,0.5058828185156065,0.5117,HOU,MIL,0
20260529_MIN@PIT,2026-05-29,PIT,MIN,6,5,1.0,0.5265378750026345,0.5306,PIT,PIT,1
20260529_NYY@ATH,2026-05-29,ATH,NYY,2,8,0.0,0.44579796027674345,0.4563,NYY,NYY,1
20260529_PHI@LAD,2026-05-29,LAD,PHI,4,2,1.0,0.578743367564511,0.5786,LAD,LAD,1
20260529_SD@WSH,2026-05-29,WSH,SD,5,7,0.0,0.4863224277524504,0.4937,SD,SD,1
20260529_SF@COL,2026-05-29,COL,SF,8,6,1.0,0.4392598943312347,0.4503,SF,COL,0
20260529_TOR@BAL,2026-05-29,BAL,TOR,5,6,0.0,0.5051943317924742,0.511,BAL,TOR,0
20260528_ATL@BOS,2026-05-28,BOS,ATL,2,10,0.0,0.4455166266982218,0.4561,ATL,ATL,1
20260528_CHC@PIT,2026-05-28,PIT,CHC,2,7,0.0,0.5261546950847228,0.5303,PIT,CHC,0
20260528_HOU@TEX,2026-05-28,TEX,HOU,1,5,0.0,0.5488421854351149,0.5511,TEX,HOU,0
20260528_LAA@DET,2026-05-28,DET,LAA,1,7,0.0,0.5561044760650079,0.5578,DET,LAA,0
20260528_MIN@CWS,2026-05-28,CWS,MIN,6,2,1.0,0.5342286213370805,0.5377,CWS,CWS,1
20260528_TOR@BAL,2026-05-28,BAL,TOR,1,2,0.0,0.5124888604418242,0.5177,BAL,TOR,0
20260527_ATL@BOS,2026-05-27,BOS,ATL,8,0,1.0,0.4571847251572962,0.4668,ATL,BOS,0
20260527_AZ@SF,2026-05-27,SF,AZ,2,3,0.0,0.467523606943292,0.4764,AZ,AZ,1
20260527_CHC@PIT,2026-05-27,PIT,CHC,4,10,0.0,0.5291335753459399,0.533,PIT,CHC,0
20260527_CIN@NYM,2026-05-27,NYM,CIN,4,2,1.0,0.4988258857194291,0.5052,CIN,NYM,0
20260527_COL@LAD,2026-05-27,LAD,COL,4,1,1.0,0.7869381208070848,0.7731,LAD,LAD,1
20260527_HOU@TEX,2026-05-27,TEX,HOU,3,4,0.0,0.5691978147001167,0.5698,TEX,HOU,0
20260527_LAA@DET,2026-05-27,DET,LAA,4,0,1.0,0.5425068130881586,0.5453,DET,DET,1
20260527_MIA@TOR,2026-05-27,TOR,MIA,2,1,1.0,0.572301848939295,0.5727,TOR,TOR,1
20260527_MIN@CWS,2026-05-27,CWS,MIN,15,2,1.0,0.49851664319009875,0.5049,MIN,CWS,0
20260527_NYY@KC,2026-05-27,KC,NYY,0,7,0.0,0.38988168569309084,0.4045,NYY,NYY,1
20260527_PHI@SD,2026-05-27,SD,PHI,0,3,0.0,0.46625958015458974,0.4752,PHI,PHI,1
20260527_SEA@ATH,2026-05-27,ATH,SEA,1,9,0.0,0.5165426090501033,0.5214,ATH,SEA,0
20260527_STL@MIL,2026-05-27,MIL,STL,2,1,1.0,0.5923032128599555,0.5911,MIL,MIL,1
20260527_TB@BAL,2026-05-27,BAL,TB,11,2,1.0,0.487363681458014,0.4946,TB,BAL,0
20260527_WSH@CLE,2026-05-27,CLE,WSH,3,2,1.0,0.5500235680932186,0.5522,CLE,CLE,1
20260526_ATL@BOS,2026-05-26,BOS,ATL,6,7,0.0,0.43362244855539755,0.4451,ATL,ATL,1
20260526_AZ@SF,2026-05-26,SF,AZ,5,7,0.0,0.4620938615682283,0.4714,AZ,AZ,1
20260526_CHC@PIT,2026-05-26,PIT,CHC,12,1,1.0,0.5095117642362178,0.515,PIT,PIT,1
20260526_CIN@NYM,2026-05-26,NYM,CIN,2,7,0.0,0.4735293522044167,0.4819,CIN,CIN,1
20260526_COL@LAD,2026-05-26,LAD,COL,15,6,1.0,0.7471462247332924,0.7352,LAD,LAD,1
20260526_HOU@TEX,2026-05-26,TEX,HOU,10,7,1.0,0.5716875150272112,0.5721,TEX,TEX,1
20260526_LAA@DET,2026-05-26,DET,LAA,6,10,0.0,0.5790848473740203,0.5789,DET,LAA,0
20260526_MIA@TOR,2026-05-26,TOR,MIA,8,1,1.0,0.5667183938153184,0.5675,TOR,TOR,1
20260526_MIN@CWS,2026-05-26,CWS,MIN,3,5,0.0,0.49664474590745916,0.5032,MIN,MIN,1
20260526_NYY@KC,2026-05-26,KC,NYY,1,15,0.0,0.35443565158297946,0.3714,NYY,NYY,1
20260526_PHI@SD,2026-05-26,SD,PHI,3,4,0.0,0.5622043559308583,0.5634,SD,PHI,0
20260526_SEA@ATH,2026-05-26,ATH,SEA,1,4,0.0,0.5443017220186033,0.5469,ATH,SEA,0
20260526_STL@MIL,2026-05-26,MIL,STL,6,0,1.0,0.6587238675914376,0.6524,MIL,MIL,1
20260526_TB@BAL,2026-05-26,BAL,TB,6,1,1.0,0.4930674354704162,0.4999,TB,BAL,0
20260526_WSH@CLE,2026-05-26,CLE,WSH,3,6,0.0,0.5174579067780511,0.5223,CLE,WSH,0
20260525_AZ@SF,2026-05-25,SF,AZ,2,6,0.0,0.5301356501744364,0.5339,SF,AZ,0
20260525_CHC@PIT,2026-05-25,PIT,CHC,2,1,1.0,0.46828843505636414,0.4771,CHC,PIT,0
20260525_CIN@NYM,2026-05-25,NYM,CIN,2,7,0.0,0.5807323912166189,0.5804,NYM,CIN,0
20260525_COL@LAD,2026-05-25,LAD,COL,5,3,1.0,0.7215828984041501,0.711,LAD,LAD,1
20260525_HOU@TEX,2026-05-25,TEX,HOU,0,9,0.0,0.5795263907420772,0.5793,TEX,HOU,0
20260525_MIA@TOR,2026-05-25,TOR,MIA,2,8,0.0,0.5835333438373759,0.583,TOR,MIA,0
20260525_MIN@CWS,2026-05-25,CWS,MIN,3,1,1.0,0.5097551493656691,0.5152,CWS,CWS,1
20260525_NYY@KC,2026-05-25,KC,NYY,3,4,0.0,0.4370263630197476,0.4482,NYY,NYY,1
20260525_PHI@SD,2026-05-25,SD,PHI,0,3,0.0,0.5131463443993494,0.5183,SD,PHI,0
20260525_SEA@ATH,2026-05-25,ATH,SEA,2,9,0.0,0.5531821910310336,0.5551,ATH,SEA,0
20260525_STL@MIL,2026-05-25,MIL,STL,5,1,1.0,0.6214009258178991,0.6179,MIL,MIL,1
20260525_TB@BAL,2026-05-25,BAL,TB,9,7,1.0,0.46882692170626605,0.4776,TB,BAL,0
20260525_WSH@CLE,2026-05-25,CLE,WSH,2,10,0.0,0.6245784278844106,0.6208,CLE,WSH,0
20260524_ATH@SD,2026-05-24,SD,ATH,2,5,0.0,0.5549509769342226,0.5567,SD,ATH,0
20260524_CLE@PHI,2026-05-24,PHI,CLE,1,3,0.0,0.5414768690507527,0.5443,PHI,CLE,0
20260524_COL@AZ,2026-05-24,AZ,COL,9,1,1.0,0.6470340425179576,0.6415,AZ,AZ,1
20260524_CWS@SF,2026-05-24,SF,CWS,8,5,1.0,0.5377195183383581,0.5409,SF,SF,1
20260524_DET@BAL,2026-05-24,BAL,DET,5,3,1.0,0.5260490834063221,0.5302,BAL,BAL,1
20260524_DET@BAL,2026-05-24,BAL,DET,1,4,0.0,0.4875162330008831,0.4948,DET,DET,1
20260524_HOU@CHC,2026-05-24,CHC,HOU,5,8,0.0,0.5277050935647556,0.5317,CHC,HOU,0
20260524_LAD@MIL,2026-05-24,MIL,LAD,1,5,0.0,0.554270086902757,0.5561,MIL,LAD,0
20260524_MIN@BOS,2026-05-24,BOS,MIN,5,6,0.0,0.542145758123867,0.545,BOS,MIN,0
20260524_NYM@MIA,2026-05-24,MIA,NYM,4,0,1.0,0.5111466227061174,0.5165,MIA,MIA,1
20260524_PIT@TOR,2026-05-24,TOR,PIT,1,4,0.0,0.6311604390766706,0.6269,TOR,PIT,0
20260524_SEA@KC,2026-05-24,KC,SEA,8,6,1.0,0.47640967869818474,0.4845,SEA,KC,0
20260524_TB@NYY,2026-05-24,NYY,TB,2,0,1.0,0.5548610363701574,0.5566,NYY,NYY,1
20260524_TEX@LAA,2026-05-24,LAA,TEX,2,1,1.0,0.4761164398448241,0.4843,TEX,LAA,0
20260524_WSH@ATL,2026-05-24,ATL,WSH,1,2,0.0,0.6003343455423832,0.5984,ATL,WSH,0
20260523_ATH@SD,2026-05-23,SD,ATH,2,0,1.0,0.5425413136235061,0.5453,SD,SD,1
20260523_CLE@PHI,2026-05-23,PHI,CLE,3,0,1.0,0.5396778372199926,0.5427,PHI,PHI,1
20260523_COL@AZ,2026-05-23,AZ,COL,5,4,1.0,0.61597625675598,0.6129,AZ,AZ,1
20260523_CWS@SF,2026-05-23,SF,CWS,10,3,1.0,0.5048411510033969,0.5107,SF,SF,1
20260523_HOU@CHC,2026-05-23,CHC,HOU,0,3,0.0,0.5796772428417428,0.5794,CHC,HOU,0
20260523_LAD@MIL,2026-05-23,MIL,LAD,3,11,0.0,0.5460195881995986,0.5485,MIL,LAD,0
20260523_MIN@BOS,2026-05-23,BOS,MIN,2,4,0.0,0.532257210904176,0.5359,BOS,MIN,0
20260523_NYM@MIA,2026-05-23,MIA,NYM,4,1,1.0,0.5070588197354671,0.5127,MIA,MIA,1
20260523_PIT@TOR,2026-05-23,TOR,PIT,5,2,1.0,0.5380854683147328,0.5412,TOR,TOR,1
20260523_SEA@KC,2026-05-23,KC,SEA,5,0,1.0,0.4932267973401664,0.5,SEA,KC,0
20260523_STL@CIN,2026-05-23,CIN,STL,1,8,0.0,0.488645180339322,0.4958,STL,STL,1
20260523_STL@CIN,2026-05-23,CIN,STL,7,6,1.0,0.5452119804122623,0.5478,CIN,CIN,1
20260523_TEX@LAA,2026-05-23,LAA,TEX,5,2,1.0,0.44890937003311465,0.4592,TEX,LAA,0
20260523_WSH@ATL,2026-05-23,ATL,WSH,0,2,0.0,0.5891272318160415,0.5881,ATL,WSH,0
20260522_ATH@SD,2026-05-22,SD,ATH,7,3,1.0,0.5233079345884061,0.5295,SD,SD,1
20260522_CLE@PHI,2026-05-22,PHI,CLE,0,1,0.0,0.5812810347399273,0.5826,PHI,CLE,0
20260522_COL@AZ,2026-05-22,AZ,COL,2,3,0.0,0.6415712485052708,0.6379,AZ,COL,0
20260522_CWS@SF,2026-05-22,SF,CWS,4,9,0.0,0.5494125129930292,0.5534,SF,CWS,0
20260522_DET@BAL,2026-05-22,BAL,DET,7,4,1.0,0.5090952085884369,0.5165,BAL,BAL,1
20260522_HOU@CHC,2026-05-22,CHC,HOU,2,4,0.0,0.5668099659230926,0.5693,CHC,HOU,0
20260522_LAD@MIL,2026-05-22,MIL,LAD,5,1,1.0,0.5425894939320877,0.5472,MIL,MIL,1
20260522_MIN@BOS,2026-05-22,BOS,MIN,6,8,0.0,0.5838232499553881,0.5849,BOS,MIN,0
20260522_NYM@MIA,2026-05-22,MIA,NYM,2,1,1.0,0.4853462145759929,0.4947,NYM,MIA,0
20260522_PIT@TOR,2026-05-22,TOR,PIT,6,2,1.0,0.5722728260848682,0.5743,TOR,TOR,1
20260522_SEA@KC,2026-05-22,KC,SEA,0,2,0.0,0.5017386019014177,0.5098,KC,SEA,0
20260522_TB@NYY,2026-05-22,NYY,TB,2,4,0.0,0.5611495042679007,0.5641,NYY,TB,0
20260522_TEX@LAA,2026-05-22,LAA,TEX,9,6,1.0,0.4062601011664217,0.4219,TEX,LAA,0
20260522_WSH@ATL,2026-05-22,ATL,WSH,5,4,1.0,0.6148317673343315,0.6133,ATL,ATL,1
20260521_ATH@LAA,2026-05-21,LAA,ATH,2,3,0.0,0.4217198353832464,0.4362,ATH,ATH,1
20260521_ATL@MIA,2026-05-21,MIA,ATL,3,9,0.0,0.43870725624405255,0.4519,ATL,ATL,1
20260521_CLE@DET,2026-05-21,DET,CLE,1,3,0.0,0.5078704945181651,0.5154,DET,CLE,0
20260521_COL@AZ,2026-05-21,AZ,COL,2,1,1.0,0.6169594467131218,0.6153,AZ,AZ,1
20260521_NYM@WSH,2026-05-21,WSH,NYM,1,2,0.0,0.49736014385188254,0.5057,NYM,NYM,1
20260521_PIT@STL,2026-05-21,STL,PIT,2,6,0.0,0.5533902156705441,0.557,STL,PIT,0
20260521_TOR@NYY,2026-05-21,NYY,TOR,0,2,0.0,0.6041446967671698,0.6035,NYY,TOR,0
20260520_ATH@LAA,2026-05-20,LAA,ATH,5,6,0.0,0.4352556537815298,0.4487,ATH,ATH,1
20260520_ATL@MIA,2026-05-20,MIA,ATL,1,9,0.0,0.44406275055679745,0.4568,ATL,ATL,1
20260520_BAL@TB,2026-05-20,TB,BAL,5,3,1.0,0.6089860552655113,0.608,TB,TB,1
20260520_BOS@KC,2026-05-20,KC,BOS,3,4,0.0,0.5094096996851982,0.5168,KC,BOS,0
20260520_CIN@PHI,2026-05-20,PHI,CIN,4,9,0.0,0.5456869063400133,0.55,PHI,CIN,0
20260520_CLE@DET,2026-05-20,DET,CLE,2,3,0.0,0.5007345832230347,0.5088,DET,CLE,0
20260520_CWS@SEA,2026-05-20,SEA,CWS,5,4,1.0,0.5481162408626734,0.5522,SEA,SEA,1
20260520_HOU@MIN,2026-05-20,MIN,HOU,4,1,1.0,0.5257399254186879,0.5317,MIN,MIN,1
20260520_LAD@SD,2026-05-20,SD,LAD,0,4,0.0,0.496625417850864,0.5051,LAD,LAD,1
20260520_MIL@CHC,2026-05-20,CHC,MIL,0,5,0.0,0.49319939055897966,0.5019,MIL,MIL,1
20260520_NYM@WSH,2026-05-20,WSH,NYM,8,4,1.0,0.5104511992401501,0.5177,WSH,WSH,1
20260520_PIT@STL,2026-05-20,STL,PIT,0,7,0.0,0.5794900607479634,0.5809,STL,PIT,0
20260520_SF@AZ,2026-05-20,AZ,SF,6,3,1.0,0.5193031658662054,0.5258,AZ,AZ,1
20260520_TEX@COL,2026-05-20,COL,TEX,4,5,0.0,0.40733111847963754,0.4229,TEX,TEX,1
20260520_TOR@NYY,2026-05-20,NYY,TOR,1,2,0.0,0.6382493688160816,0.6348,NYY,TOR,0
20260519_ATH@LAA,2026-05-19,LAA,ATH,6,14,0.0,0.47060030413541987,0.4812,ATH,ATH,1
20260519_ATL@MIA,2026-05-19,MIA,ATL,4,8,0.0,0.449214542363164,0.4615,ATL,ATL,1
20260519_BAL@TB,2026-05-19,TB,BAL,4,1,1.0,0.5795785119516366,0.581,TB,TB,1
20260519_BOS@KC,2026-05-19,KC,BOS,1,7,0.0,0.5028675243453034,0.5108,KC,BOS,0
20260519_CIN@PHI,2026-05-19,PHI,CIN,1,4,0.0,0.5826473023020957,0.5838,PHI,CIN,0
20260519_CLE@DET,2026-05-19,DET,CLE,3,4,0.0,0.5030034953555631,0.5109,DET,CLE,0
20260519_CWS@SEA,2026-05-19,SEA,CWS,1,2,0.0,0.5308132277439397,0.5364,SEA,CWS,0
20260519_HOU@MIN,2026-05-19,MIN,HOU,1,2,0.0,0.5274393677661514,0.5333,MIN,HOU,0
20260519_LAD@SD,2026-05-19,SD,LAD,4,5,0.0,0.5414530363024895,0.5461,SD,LAD,0
20260519_MIL@CHC,2026-05-19,CHC,MIL,2,5,0.0,0.5113892685214221,0.5186,CHC,MIL,0
20260519_NYM@WSH,2026-05-19,WSH,NYM,9,6,1.0,0.4452533957434071,0.4579,NYM,WSH,0
20260519_PIT@STL,2026-05-19,STL,PIT,9,6,1.0,0.5933409705691444,0.5936,STL,STL,1
20260519_SF@AZ,2026-05-19,AZ,SF,5,3,1.0,0.5491489314753625,0.5532,AZ,AZ,1
20260519_TEX@COL,2026-05-19,COL,TEX,0,10,0.0,0.4459399999373014,0.4585,TEX,TEX,1
20260519_TOR@NYY,2026-05-19,NYY,TOR,5,4,1.0,0.5907160120216004,0.5912,NYY,NYY,1
20260518_ATH@LAA,2026-05-18,LAA,ATH,2,1,1.0,0.44990593010345215,0.4622,ATH,LAA,0
20260518_ATL@MIA,2026-05-18,MIA,ATL,12,0,1.0,0.4491657861114004,0.4615,ATL,MIA,0
20260518_BAL@TB,2026-05-18,TB,BAL,16,6,1.0,0.5813879643587097,0.5827,TB,TB,1
20260518_BOS@KC,2026-05-18,KC,BOS,1,3,0.0,0.526240106653454,0.5322,KC,BOS,0
20260518_CIN@PHI,2026-05-18,PHI,CIN,5,4,1.0,0.6234538726184912,0.6212,PHI,PHI,1
20260518_CLE@DET,2026-05-18,DET,CLE,2,8,0.0,0.5142086379120139,0.5212,DET,CLE,0
20260518_CWS@SEA,2026-05-18,SEA,CWS,6,1,1.0,0.523176944673918,0.5294,SEA,SEA,1
20260518_HOU@MIN,2026-05-18,MIN,HOU,6,3,1.0,0.5078066557292424,0.5153,MIN,MIN,1
20260518_LAD@SD,2026-05-18,SD,LAD,1,0,1.0,0.536270245070706,0.5414,SD,SD,1
20260518_MIL@CHC,2026-05-18,CHC,MIL,3,9,0.0,0.543613539545889,0.5481,CHC,MIL,0
20260518_NYM@WSH,2026-05-18,WSH,NYM,7,16,0.0,0.45352997308386056,0.4655,NYM,NYM,1
20260518_SF@AZ,2026-05-18,AZ,SF,12,2,1.0,0.5648514993958486,0.5675,AZ,AZ,1
20260518_TEX@COL,2026-05-18,COL,TEX,7,6,1.0,0.42742391774233884,0.4415,TEX,COL,0
20260518_TOR@NYY,2026-05-18,NYY,TOR,7,6,1.0,0.6503717796555208,0.646,NYY,NYY,1
20260517_AZ@COL,2026-05-17,COL,AZ,6,8,0.0,0.44128930515497866,0.4542,AZ,AZ,1
20260517_BAL@WSH,2026-05-17,WSH,BAL,3,7,0.0,0.47903981749386304,0.489,BAL,BAL,1
20260517_BOS@ATL,2026-05-17,ATL,BOS,8,1,1.0,0.6129963634187133,0.6116,ATL,ATL,1
20260517_CHC@CWS,2026-05-17,CWS,CHC,9,8,1.0,0.4936959917589623,0.5024,CHC,CWS,0
20260517_CIN@CLE,2026-05-17,CLE,CIN,10,3,1.0,0.5738845611637617,0.5758,CLE,CLE,1
20260517_KC@STL,2026-05-17,STL,KC,0,2,0.0,0.572168955516437,0.5742,STL,KC,0
20260517_LAD@LAA,2026-05-17,LAA,LAD,1,10,0.0,0.43427773206479914,0.4478,LAD,LAD,1
20260517_MIA@TB,2026-05-17,TB,MIA,6,3,1.0,0.5782687594613136,0.5798,TB,TB,1
20260517_MIL@MIN,2026-05-17,MIN,MIL,5,4,1.0,0.467128902565943,0.478,MIL,MIN,0
20260517_NYY@NYM,2026-05-17,NYM,NYY,7,6,1.0,0.48698907874235264,0.4962,NYY,NYM,0
20260517_PHI@PIT,2026-05-17,PIT,PHI,0,6,0.0,0.5214204697408044,0.5278,PIT,PHI,0
20260517_SD@SEA,2026-05-17,SEA,SD,3,8,0.0,0.5254587932347445,0.5315,SEA,SD,0
20260517_SF@ATH,2026-05-17,ATH,SF,1,10,0.0,0.5634889164402636,0.5663,ATH,SF,0
20260517_TEX@HOU,2026-05-17,HOU,TEX,0,8,0.0,0.56949804344526,0.5718,HOU,TEX,0
20260517_TOR@DET,2026-05-17,DET,TOR,1,4,0.0,0.5333072907028262,0.5387,DET,TOR,0
20260516_AZ@COL,2026-05-16,COL,AZ,4,2,1.0,0.4180625199761317,0.4328,AZ,COL,0
20260516_BAL@WSH,2026-05-16,WSH,BAL,13,3,1.0,0.5177820457438297,0.5245,WSH,WSH,1
20260516_BOS@ATL,2026-05-16,ATL,BOS,2,3,0.0,0.5691843453939509,0.5715,ATL,BOS,0
20260516_CHC@CWS,2026-05-16,CWS,CHC,8,3,1.0,0.4969421061352159,0.5054,CHC,CWS,0
20260516_CIN@CLE,2026-05-16,CLE,CIN,7,4,1.0,0.5544660129289508,0.558,CLE,CLE,1
20260516_KC@STL,2026-05-16,STL,KC,4,2,1.0,0.5781766144472175,0.5797,STL,STL,1
20260516_LAD@LAA,2026-05-16,LAA,LAD,2,15,0.0,0.4289335231196983,0.4428,LAD,LAD,1
20260516_MIA@TB,2026-05-16,TB,MIA,5,10,0.0,0.6294052402254852,0.6267,TB,MIA,0
20260516_MIL@MIN,2026-05-16,MIN,MIL,1,2,0.0,0.4354873128085548,0.4489,MIL,MIL,1
20260516_NYY@NYM,2026-05-16,NYM,NYY,6,3,1.0,0.4760428125989091,0.4862,NYY,NYM,0
20260516_PHI@PIT,2026-05-16,PIT,PHI,0,6,0.0,0.47837863027877725,0.4883,PHI,PHI,1
20260516_SD@SEA,2026-05-16,SEA,SD,4,7,0.0,0.5357402282035043,0.5409,SEA,SD,0
20260516_SF@ATH,2026-05-16,ATH,SF,4,6,0.0,0.57016096784366,0.5724,ATH,SF,0
20260516_TEX@HOU,2026-05-16,HOU,TEX,4,1,1.0,0.5152409209826693,0.5221,HOU,HOU,1
20260516_TOR@DET,2026-05-16,DET,TOR,1,2,0.0,0.5540583051564282,0.5576,DET,TOR,0
20260515_AZ@COL,2026-05-15,COL,AZ,1,9,0.0,0.48059438225677187,0.4891,AZ,AZ,1
20260515_BAL@WSH,2026-05-15,WSH,BAL,3,2,1.0,0.46942862520016376,0.4789,BAL,WSH,0
20260515_BOS@ATL,2026-05-15,ATL,BOS,3,2,1.0,0.6009718784973125,0.5994,ATL,ATL,1
20260515_CHC@CWS,2026-05-15,CWS,CHC,5,10,0.0,0.5005712361921791,0.5074,CWS,CHC,0
20260515_CIN@CLE,2026-05-15,CLE,CIN,6,7,0.0,0.5840607070763683,0.5839,CLE,CIN,0
20260515_KC@STL,2026-05-15,STL,KC,5,4,1.0,0.5468101575357449,0.5498,STL,STL,1
20260515_LAD@LAA,2026-05-15,LAA,LAD,0,6,0.0,0.4283547512827703,0.441,LAD,LAD,1
20260515_MIA@TB,2026-05-15,TB,MIA,7,2,1.0,0.5759856721409806,0.5765,TB,TB,1
20260515_MIL@MIN,2026-05-15,MIN,MIL,2,3,0.0,0.4920313701871935,0.4996,MIL,MIL,1
20260515_NYY@NYM,2026-05-15,NYM,NYY,2,5,0.0,0.48662910317035524,0.4946,NYY,NYY,1
20260515_PHI@PIT,2026-05-15,PIT,PHI,9,11,0.0,0.5473904848718382,0.5503,PIT,PHI,0
20260515_SD@SEA,2026-05-15,SEA,SD,0,2,0.0,0.5361243265238236,0.54,SEA,SD,0
20260515_SF@ATH,2026-05-15,ATH,SF,5,2,1.0,0.5461094002511121,0.5491,ATH,ATH,1
20260515_TEX@HOU,2026-05-15,HOU,TEX,2,0,1.0,0.5618234933660454,0.5635,HOU,HOU,1
20260515_TOR@DET,2026-05-15,DET,TOR,3,2,1.0,0.552482462250729,0.555,DET,DET,1
20260514_CHC@ATL,2026-05-14,ATL,CHC,0,2,0.0,0.5612191080138254,0.563,ATL,CHC,0
20260514_COL@PIT,2026-05-14,PIT,COL,7,2,1.0,0.6085667867016239,0.6064,PIT,PIT,1
20260514_DET@NYM,2026-05-14,NYM,DET,9,4,1.0,0.5109078126458224,0.5169,NYM,NYM,1
20260514_KC@CWS,2026-05-14,CWS,KC,6,2,1.0,0.49010003418393056,0.4978,KC,CWS,0
20260514_MIA@MIN,2026-05-14,MIN,MIA,9,1,1.0,0.5149050596650604,0.5206,MIN,MIN,1
20260514_PHI@BOS,2026-05-14,BOS,PHI,1,3,0.0,0.5220854088516746,0.5271,BOS,PHI,0
20260514_SD@MIL,2026-05-14,MIL,SD,7,1,1.0,0.5390769472026994,0.5427,MIL,MIL,1
20260514_SEA@HOU,2026-05-14,HOU,SEA,3,8,0.0,0.5206324833868005,0.5258,HOU,SEA,0
20260514_SF@LAD,2026-05-14,LAD,SF,5,2,1.0,0.5923006475530396,0.5915,LAD,LAD,1
20260514_STL@ATH,2026-05-14,ATH,STL,4,5,0.0,0.49225800986181734,0.4998,STL,STL,1
20260514_WSH@CIN,2026-05-14,CIN,WSH,15,1,1.0,0.5451945408674875,0.5483,CIN,CIN,1
20260513_AZ@TEX,2026-05-13,TEX,AZ,6,5,1.0,0.5160881464924989,0.5216,TEX,TEX,1
20260513_CHC@ATL,2026-05-13,ATL,CHC,4,1,1.0,0.5330276926124684,0.5372,ATL,ATL,1
20260513_COL@PIT,2026-05-13,PIT,COL,4,10,0.0,0.6246010279290105,0.6211,PIT,COL,0
20260513_DET@NYM,2026-05-13,NYM,DET,3,2,1.0,0.5488147491355464,0.5516,NYM,NYM,1
20260513_KC@CWS,2026-05-13,CWS,KC,6,5,1.0,0.5048011058577047,0.5113,CWS,CWS,1
20260513_LAA@CLE,2026-05-13,CLE,LAA,4,2,1.0,0.5992509831110555,0.5978,CLE,CLE,1
20260513_MIA@MIN,2026-05-13,MIN,MIA,5,9,0.0,0.47711683572390257,0.4859,MIA,MIA,1
20260513_NYY@BAL,2026-05-13,BAL,NYY,7,0,1.0,0.4637977102803316,0.4737,NYY,BAL,0
20260513_PHI@BOS,2026-05-13,BOS,PHI,3,1,1.0,0.5306614540333952,0.535,BOS,BOS,1
20260513_SD@MIL,2026-05-13,MIL,SD,1,3,0.0,0.5662597490377078,0.5676,MIL,SD,0
20260513_SEA@HOU,2026-05-13,HOU,SEA,4,3,1.0,0.4914862396437838,0.4991,SEA,HOU,0
20260513_SF@LAD,2026-05-13,LAD,SF,4,0,1.0,0.6238420021080823,0.6204,LAD,LAD,1
20260513_STL@ATH,2026-05-13,ATH,STL,6,2,1.0,0.48390620882309276,0.4921,STL,ATH,0
20260513_TB@TOR,2026-05-13,TOR,TB,5,3,1.0,0.5539466424935647,0.5563,TOR,TOR,1
20260513_WSH@CIN,2026-05-13,CIN,WSH,7,8,0.0,0.4745269608976934,0.4835,WSH,WSH,1
20260512_AZ@TEX,2026-05-12,TEX,AZ,7,4,1.0,0.5559030243272504,0.5581,TEX,TEX,1
20260512_CHC@ATL,2026-05-12,ATL,CHC,5,2,1.0,0.5068179802707606,0.5132,ATL,ATL,1
20260512_COL@PIT,2026-05-12,PIT,COL,3,1,1.0,0.6276162239454821,0.6239,PIT,PIT,1
20260512_DET@NYM,2026-05-12,NYM,DET,10,2,1.0,0.5076560509951523,0.5139,NYM,NYM,1
20260512_KC@CWS,2026-05-12,CWS,KC,6,5,1.0,0.49074063954166924,0.4984,KC,CWS,0
20260512_LAA@CLE,2026-05-12,CLE,LAA,3,2,1.0,0.5515880967858307,0.5542,CLE,CLE,1
20260512_MIA@MIN,2026-05-12,MIN,MIA,3,0,1.0,0.5115629687973412,0.5175,MIN,MIN,1
20260512_NYY@BAL,2026-05-12,BAL,NYY,2,6,0.0,0.44800078774600127,0.4592,NYY,NYY,1
20260512_PHI@BOS,2026-05-12,BOS,PHI,1,2,0.0,0.4812165624963735,0.4897,PHI,PHI,1
20260512_SD@MIL,2026-05-12,MIL,SD,6,4,1.0,0.5399759161501102,0.5435,MIL,MIL,1
20260512_SEA@HOU,2026-05-12,HOU,SEA,2,10,0.0,0.5208037613316246,0.526,HOU,SEA,0
20260512_SF@LAD,2026-05-12,LAD,SF,2,6,0.0,0.6361927160053539,0.6318,LAD,SF,0
20260512_STL@ATH,2026-05-12,ATH,STL,4,6,0.0,0.4817761143596685,0.4902,STL,STL,1
20260512_TB@TOR,2026-05-12,TOR,TB,6,7,0.0,0.5291258062498717,0.5336,TOR,TB,0
20260512_WSH@CIN,2026-05-12,CIN,WSH,4,10,0.0,0.5118719294149608,0.5178,CIN,WSH,0
20260511_AZ@TEX,2026-05-11,TEX,AZ,0,1,0.0,0.5309559891003025,0.5353,TEX,AZ,0
20260511_LAA@CLE,2026-05-11,CLE,LAA,7,2,1.0,0.5688028252686889,0.5699,CLE,CLE,1
20260511_NYY@BAL,2026-05-11,BAL,NYY,3,2,1.0,0.43068149834187436,0.4432,NYY,BAL,0
20260511_SEA@HOU,2026-05-11,HOU,SEA,1,3,0.0,0.5313055929843987,0.5356,HOU,SEA,0
20260511_SF@LAD,2026-05-11,LAD,SF,3,9,0.0,0.6292334641829977,0.6254,LAD,SF,0
20260511_TB@TOR,2026-05-11,TOR,TB,5,8,0.0,0.5535633773233745,0.556,TOR,TB,0
20260510_ATH@BAL,2026-05-10,BAL,ATH,2,1,1.0,0.501315850071883,0.5081,BAL,BAL,1
20260510_ATL@LAD,2026-05-10,LAD,ATL,2,7,0.0,0.500896689854666,0.5077,LAD,ATL,0
20260510_CHC@TEX,2026-05-10,TEX,CHC,3,0,1.0,0.5137325803001481,0.5195,TEX,TEX,1
20260510_COL@PHI,2026-05-10,PHI,COL,6,0,1.0,0.6238789168287404,0.6205,PHI,PHI,1
20260510_DET@KC,2026-05-10,KC,DET,3,6,0.0,0.5044513405852775,0.511,KC,DET,0
20260510_HOU@CIN,2026-05-10,CIN,HOU,5,0,1.0,0.5289417637403001,0.5334,CIN,CIN,1
20260510_LAA@TOR,2026-05-10,TOR,LAA,1,6,0.0,0.5939824751164774,0.593,TOR,LAA,0
20260510_MIN@CLE,2026-05-10,CLE,MIN,4,5,0.0,0.5815289336344313,0.5816,CLE,MIN,0
20260510_NYM@AZ,2026-05-10,AZ,NYM,5,1,1.0,0.5240453607310671,0.5289,AZ,AZ,1
20260510_NYY@MIL,2026-05-10,MIL,NYY,4,3,1.0,0.524907043931195,0.5297,MIL,MIL,1
20260510_PIT@SF,2026-05-10,SF,PIT,7,6,1.0,0.5040246764984126,0.5106,SF,SF,1
20260510_SEA@CWS,2026-05-10,CWS,SEA,2,1,1.0,0.5205866181454963,0.5258,CWS,CWS,1
20260510_STL@SD,2026-05-10,SD,STL,3,2,1.0,0.5531578783339582,0.5556,SD,SD,1
20260510_TB@BOS,2026-05-10,BOS,TB,1,4,0.0,0.5289154509267084,0.5334,BOS,TB,0
20260510_WSH@MIA,2026-05-10,MIA,WSH,5,2,1.0,0.4941088579412912,0.5015,WSH,MIA,0
20260509_ATH@BAL,2026-05-09,BAL,ATH,2,6,0.0,0.5051896795557275,0.5117,BAL,ATH,0
20260509_ATL@LAD,2026-05-09,LAD,ATL,2,7,0.0,0.5142864457706864,0.52,LAD,ATL,0
20260509_CHC@TEX,2026-05-09,TEX,CHC,6,0,1.0,0.49237685033912737,0.4999,CHC,TEX,0
20260509_COL@PHI,2026-05-09,PHI,COL,9,3,1.0,0.5835463789117515,0.5834,PHI,PHI,1
20260509_DET@KC,2026-05-09,KC,DET,5,1,1.0,0.49157965763292516,0.4992,DET,KC,0
20260509_HOU@CIN,2026-05-09,CIN,HOU,3,1,1.0,0.5506365194609705,0.5533,CIN,CIN,1
20260509_LAA@TOR,2026-05-09,TOR,LAA,14,1,1.0,0.6031522257596702,0.6014,TOR,TOR,1
20260509_MIN@CLE,2026-05-09,CLE,MIN,1,2,0.0,0.587842961088482,0.5874,CLE,MIN,0
20260509_NYM@AZ,2026-05-09,AZ,NYM,2,1,1.0,0.4991723175677293,0.5061,NYM,AZ,0
20260509_NYY@MIL,2026-05-09,MIL,NYY,4,3,1.0,0.5139281912607065,0.5197,MIL,MIL,1
20260509_PIT@SF,2026-05-09,SF,PIT,3,13,0.0,0.49143320269263474,0.4991,PIT,PIT,1
20260509_SEA@CWS,2026-05-09,CWS,SEA,6,1,1.0,0.5275762930975764,0.5322,CWS,CWS,1
20260509_STL@SD,2026-05-09,SD,STL,4,2,1.0,0.5252395785924746,0.53,SD,SD,1
20260509_WSH@MIA,2026-05-09,MIA,WSH,8,7,1.0,0.4931949653181622,0.5007,WSH,MIA,0
20260508_ATH@BAL,2026-05-08,BAL,ATH,3,4,0.0,0.5149807953829477,0.521,BAL,ATH,0
20260508_ATL@LAD,2026-05-08,LAD,ATL,3,1,1.0,0.5345261495248412,0.5386,LAD,LAD,1
20260508_CHC@TEX,2026-05-08,TEX,CHC,1,7,0.0,0.4885354092881903,0.4972,CHC,CHC,1
20260508_COL@PHI,2026-05-08,PHI,COL,7,9,0.0,0.6298029982994029,0.6244,PHI,COL,0
20260508_DET@KC,2026-05-08,KC,DET,4,3,1.0,0.4838246695335835,0.4929,DET,KC,0
20260508_HOU@CIN,2026-05-08,CIN,HOU,0,10,0.0,0.579840303032881,0.5793,CIN,HOU,0
20260508_LAA@TOR,2026-05-08,TOR,LAA,2,0,1.0,0.5956589496914994,0.5936,TOR,TOR,1
20260508_MIN@CLE,2026-05-08,CLE,MIN,6,4,1.0,0.6042444525517862,0.6013,CLE,CLE,1
20260508_NYM@AZ,2026-05-08,AZ,NYM,1,3,0.0,0.5051105598629609,0.5121,AZ,NYM,0
20260508_NYY@MIL,2026-05-08,MIL,NYY,6,0,1.0,0.49684576395119595,0.5047,NYY,MIL,0
20260508_PIT@SF,2026-05-08,SF,PIT,5,2,1.0,0.49022841634213504,0.4987,PIT,SF,0
20260508_SEA@CWS,2026-05-08,CWS,SEA,8,12,0.0,0.5043546194584173,0.5114,CWS,SEA,0
20260508_STL@SD,2026-05-08,SD,STL,0,6,0.0,0.5382776007035915,0.5419,SD,STL,0
20260508_TB@BOS,2026-05-08,BOS,TB,2,0,1.0,0.5246657508451595,0.5297,BOS,BOS,1
20260508_WSH@MIA,2026-05-08,MIA,WSH,2,3,0.0,0.45081173885288406,0.4631,WSH,WSH,1
20260507_ATH@PHI,2026-05-07,PHI,ATH,1,12,0.0,0.5240493929008092,0.5291,PHI,ATH,0
20260507_BAL@MIA,2026-05-07,MIA,BAL,4,3,1.0,0.4673349382975641,0.4781,BAL,MIA,0
20260507_CIN@CHC,2026-05-07,CHC,CIN,8,3,1.0,0.6410779239065734,0.6346,CHC,CHC,1
20260507_CLE@KC,2026-05-07,KC,CLE,5,8,0.0,0.507394661074544,0.5142,KC,CLE,0
20260507_MIN@WSH,2026-05-07,WSH,MIN,7,5,1.0,0.5660651585294122,0.5669,WSH,WSH,1
20260507_NYM@COL,2026-05-07,COL,NYM,6,2,1.0,0.38573561536473144,0.404,NYM,COL,0
20260507_PIT@AZ,2026-05-07,AZ,PIT,2,4,0.0,0.507951544902146,0.5147,AZ,PIT,0
20260507_STL@SD,2026-05-07,SD,STL,1,2,0.0,0.5728506006031028,0.573,SD,STL,0
20260507_TB@BOS,2026-05-07,BOS,TB,4,8,0.0,0.5354233742802947,0.5394,BOS,TB,0
20260507_TEX@NYY,2026-05-07,NYY,TEX,9,2,1.0,0.5906693839291359,0.5891,NYY,NYY,1
20260506_ATH@PHI,2026-05-06,PHI,ATH,6,3,1.0,0.5499100949792164,0.5524,PHI,PHI,1
20260506_ATL@SEA,2026-05-06,SEA,ATL,3,1,1.0,0.4888257071782663,0.4974,ATL,SEA,0
20260506_BAL@MIA,2026-05-06,MIA,BAL,4,7,0.0,0.4838866664529051,0.493,BAL,BAL,1
20260506_BOS@DET,2026-05-06,DET,BOS,0,4,0.0,0.5512350636090732,0.5536,DET,BOS,0
20260506_CIN@CHC,2026-05-06,CHC,CIN,7,6,1.0,0.613469882349503,0.6097,CHC,CHC,1
20260506_CLE@KC,2026-05-06,KC,CLE,1,3,0.0,0.49538216592029377,0.5033,CLE,CLE,1
20260506_CWS@LAA,2026-05-06,LAA,CWS,8,2,1.0,0.5071459114591114,0.5139,LAA,LAA,1
20260506_LAD@HOU,2026-05-06,HOU,LAD,2,12,0.0,0.49953590701643813,0.5071,LAD,LAD,1
20260506_MIL@STL,2026-05-06,STL,MIL,2,6,0.0,0.5102774802349869,0.5167,STL,MIL,0
20260506_MIN@WSH,2026-05-06,WSH,MIN,15,2,1.0,0.5172145136838606,0.523,WSH,WSH,1
20260506_NYM@COL,2026-05-06,COL,NYM,5,10,0.0,0.4050124031592282,0.4216,NYM,NYM,1
20260506_PIT@AZ,2026-05-06,AZ,PIT,0,1,0.0,0.4784978372018587,0.4881,PIT,PIT,1
20260506_SD@SF,2026-05-06,SF,SD,1,5,0.0,0.49113500233810653,0.4995,SD,SD,1
20260506_TEX@NYY,2026-05-06,NYY,TEX,1,6,0.0,0.6696849109776867,0.6607,NYY,TEX,0
20260506_TOR@TB,2026-05-06,TB,TOR,3,0,1.0,0.5898406010152739,0.5883,TB,TB,1
20260505_ATH@PHI,2026-05-05,PHI,ATH,9,1,1.0,0.5567460701069002,0.5585,PHI,PHI,1
20260505_ATL@SEA,2026-05-05,SEA,ATL,2,3,0.0,0.5002161586784313,0.5077,SEA,ATL,0
20260505_BAL@MIA,2026-05-05,MIA,BAL,7,9,0.0,0.522339885381742,0.5276,MIA,BAL,0
20260505_BOS@DET,2026-05-05,DET,BOS,3,10,0.0,0.5969247651466576,0.5947,DET,BOS,0
20260505_CIN@CHC,2026-05-05,CHC,CIN,3,2,1.0,0.5951401916776468,0.5931,CHC,CHC,1
20260505_CLE@KC,2026-05-05,KC,CLE,5,3,1.0,0.5089806204000352,0.5156,KC,KC,1
20260505_CWS@LAA,2026-05-05,LAA,CWS,4,3,1.0,0.4253457639404313,0.4401,CWS,LAA,0
20260505_LAD@HOU,2026-05-05,HOU,LAD,2,1,1.0,0.5062818808596902,0.5132,HOU,HOU,1
20260505_MIN@WSH,2026-05-05,WSH,MIN,3,11,0.0,0.5263552065441524,0.5312,WSH,MIN,0
20260505_PIT@AZ,2026-05-05,AZ,PIT,9,0,1.0,0.5115321670366987,0.5179,AZ,AZ,1
20260505_SD@SF,2026-05-05,SF,SD,5,10,0.0,0.4790851599639625,0.4887,SD,SD,1
20260505_TEX@NYY,2026-05-05,NYY,TEX,7,4,1.0,0.6613310157643295,0.6531,NYY,NYY,1
20260505_TOR@TB,2026-05-05,TB,TOR,4,3,1.0,0.5724369912623105,0.5727,TB,TB,1
20260504_ATL@SEA,2026-05-04,SEA,ATL,5,4,1.0,0.5054170906402361,0.5124,SEA,SEA,1
20260504_BAL@NYY,2026-05-04,NYY,BAL,12,1,1.0,0.659546057616647,0.6514,NYY,NYY,1
20260504_BOS@DET,2026-05-04,DET,BOS,4,5,0.0,0.420181758199425,0.4354,BOS,BOS,1
20260504_CIN@CHC,2026-05-04,CHC,CIN,5,4,1.0,0.636202144623164,0.6302,CHC,CHC,1
20260504_CLE@KC,2026-05-04,KC,CLE,6,2,1.0,0.48738396777791554,0.4961,CLE,KC,0
20260504_CWS@LAA,2026-05-04,LAA,CWS,0,6,0.0,0.4759615630582388,0.4858,CWS,CWS,1
20260504_LAD@HOU,2026-05-04,HOU,LAD,3,8,0.0,0.47326126736807983,0.4834,LAD,LAD,1
20260504_MIL@STL,2026-05-04,STL,MIL,6,3,1.0,0.5519507932683156,0.5542,STL,STL,1
20260504_NYM@COL,2026-05-04,COL,NYM,2,4,0.0,0.44669137556782945,0.4594,NYM,NYM,1
20260504_PHI@MIA,2026-05-04,MIA,PHI,0,1,0.0,0.4958599014580209,0.5038,PHI,PHI,1
20260504_SD@SF,2026-05-04,SF,SD,3,2,1.0,0.5081525622930064,0.5148,SF,SF,1
20260504_TOR@TB,2026-05-04,TB,TOR,5,1,1.0,0.612610914212737,0.6089,TB,TB,1
20260503_ATL@COL,2026-05-03,COL,ATL,6,11,0.0,0.397056251652542,0.4143,ATL,ATL,1
20260503_AZ@CHC,2026-05-03,CHC,AZ,8,4,1.0,0.6050644967531169,0.6021,CHC,CHC,1
20260503_BAL@NYY,2026-05-03,NYY,BAL,11,3,1.0,0.5742968290950786,0.5743,NYY,NYY,1
20260503_CIN@PIT,2026-05-03,PIT,CIN,1,0,1.0,0.55769325815068,0.5594,PIT,PIT,1
20260503_CLE@ATH,2026-05-03,ATH,CLE,7,1,1.0,0.4465880276374368,0.4593,CLE,ATH,0
20260503_CWS@SD,2026-05-03,SD,CWS,4,3,1.0,0.5930520681447004,0.5912,SD,SD,1
20260503_HOU@BOS,2026-05-03,BOS,HOU,1,3,0.0,0.5771203459087114,0.5769,BOS,HOU,0
20260503_KC@SEA,2026-05-03,SEA,KC,1,4,0.0,0.5556386329578528,0.5575,SEA,KC,0
20260503_LAD@STL,2026-05-03,STL,LAD,1,4,0.0,0.5325658209414855,0.5368,STL,LAD,0
20260503_MIL@WSH,2026-05-03,WSH,MIL,3,2,1.0,0.41609964475794065,0.4317,MIL,WSH,0
20260503_NYM@LAA,2026-05-03,LAA,NYM,1,5,0.0,0.50556120428646,0.5125,LAA,NYM,0
20260503_PHI@MIA,2026-05-03,MIA,PHI,2,7,0.0,0.4886846923453646,0.4973,PHI,PHI,1
20260503_SF@TB,2026-05-03,TB,SF,2,1,1.0,0.6016738457747616,0.599,TB,TB,1
20260503_TEX@DET,2026-05-03,DET,TEX,7,1,1.0,0.5301225268542465,0.5346,DET,DET,1
20260503_TOR@MIN,2026-05-03,MIN,TOR,4,3,1.0,0.48750181374798157,0.4962,TOR,MIN,0
20260502_ATL@COL,2026-05-02,COL,ATL,1,9,0.0,0.3877942304183823,0.4059,ATL,ATL,1
20260502_AZ@CHC,2026-05-02,CHC,AZ,2,0,1.0,0.5590109700778186,0.5606,CHC,CHC,1
20260502_BAL@NYY,2026-05-02,NYY,BAL,9,4,1.0,0.5942037356361053,0.5923,NYY,NYY,1
20260502_CIN@PIT,2026-05-02,PIT,CIN,17,7,1.0,0.5388492674564958,0.5424,PIT,PIT,1
20260502_CLE@ATH,2026-05-02,ATH,CLE,6,14,0.0,0.5045560187446491,0.5116,ATH,CLE,0
20260502_CWS@SD,2026-05-02,SD,CWS,0,4,0.0,0.584654217472878,0.5837,SD,CWS,0
20260502_HOU@BOS,2026-05-02,BOS,HOU,3,6,0.0,0.5765622601140049,0.5764,BOS,HOU,0
20260502_KC@SEA,2026-05-02,SEA,KC,2,3,0.0,0.5870926923414982,0.5859,SEA,KC,0
20260502_LAD@STL,2026-05-02,STL,LAD,3,2,1.0,0.5094278362989191,0.516,STL,STL,1
20260502_MIL@WSH,2026-05-02,WSH,MIL,1,4,0.0,0.456204331025843,0.468,MIL,MIL,1
20260502_NYM@LAA,2026-05-02,LAA,NYM,4,3,1.0,0.43950785374695533,0.4529,NYM,LAA,0
20260502_PHI@MIA,2026-05-02,MIA,PHI,4,0,1.0,0.5014828798420291,0.5088,MIA,MIA,1
20260502_SF@TB,2026-05-02,TB,SF,5,1,1.0,0.5344391612985611,0.5385,TB,TB,1
20260502_TEX@DET,2026-05-02,DET,TEX,5,1,1.0,0.5911249038753824,0.5895,DET,DET,1
20260502_TOR@MIN,2026-05-02,MIN,TOR,4,11,0.0,0.45381201850127595,0.4659,TOR,TOR,1
20260501_ATL@COL,2026-05-01,COL,ATL,6,8,0.0,0.4434841178919297,0.4566,ATL,ATL,1
20260501_AZ@CHC,2026-05-01,CHC,AZ,6,5,1.0,0.5478757205412152,0.5512,CHC,CHC,1
20260501_BAL@NYY,2026-05-01,NYY,BAL,7,2,1.0,0.5872658280816123,0.5869,NYY,NYY,1
20260501_CIN@PIT,2026-05-01,PIT,CIN,9,1,1.0,0.5231827007591938,0.5289,PIT,PIT,1
20260501_CLE@ATH,2026-05-01,ATH,CLE,5,8,0.0,0.4913152561944767,0.5,CLE,CLE,1
20260501_CWS@SD,2026-05-01,SD,CWS,2,8,0.0,0.5479225097140252,0.5513,SD,CWS,0
20260501_HOU@BOS,2026-05-01,BOS,HOU,3,1,1.0,0.5505539019511029,0.5536,BOS,BOS,1
20260501_KC@SEA,2026-05-01,SEA,KC,6,7,0.0,0.5524665790931829,0.5554,SEA,KC,0
20260501_LAD@STL,2026-05-01,STL,LAD,7,2,1.0,0.5127756468896434,0.5195,STL,STL,1
20260501_MIL@WSH,2026-05-01,WSH,MIL,1,6,0.0,0.4545318059630933,0.4667,MIL,MIL,1
20260501_NYM@LAA,2026-05-01,LAA,NYM,3,4,0.0,0.5156814379797819,0.5221,LAA,NYM,0
20260501_PHI@MIA,2026-05-01,MIA,PHI,5,6,0.0,0.5254188757572534,0.5309,MIA,PHI,0
20260501_SF@TB,2026-05-01,TB,SF,3,0,1.0,0.5164798573242595,0.5228,TB,TB,1
20260501_TEX@DET,2026-05-01,DET,TEX,4,5,0.0,0.544380238085825,0.5481,DET,TEX,0
20260501_TOR@MIN,2026-05-01,MIN,TOR,3,7,0.0,0.5008373011597231,0.5087,MIN,TOR,0
20260430_AZ@MIL,2026-04-30,MIL,AZ,13,1,1.0,0.5248077131678202,0.5304,MIL,MIL,1
20260430_COL@CIN,2026-04-30,CIN,COL,6,4,1.0,0.5938564501474013,0.5928,CIN,CIN,1
20260430_DET@ATL,2026-04-30,ATL,DET,2,5,0.0,0.5976867630511781,0.5963,ATL,DET,0
20260430_HOU@BAL,2026-04-30,BAL,HOU,5,11,0.0,0.5519327869313636,0.5549,BAL,HOU,0
20260430_HOU@BAL,2026-04-30,BAL,HOU,10,3,1.0,0.5156920674631487,0.5221,BAL,BAL,1
20260430_KC@ATH,2026-04-30,ATH,KC,6,3,1.0,0.5707168380110543,0.5719,ATH,ATH,1
20260430_SF@PHI,2026-04-30,PHI,SF,6,5,1.0,0.5434827684694489,0.5472,PHI,PHI,1
20260430_SF@PHI,2026-04-30,PHI,SF,3,2,1.0,0.5310582366700627,0.536,PHI,PHI,1
20260430_STL@PIT,2026-04-30,PIT,STL,5,10,0.0,0.5389555133871524,0.5431,PIT,STL,0
20260430_TOR@MIN,2026-04-30,MIN,TOR,7,1,1.0,0.5081478522589961,0.5153,MIN,MIN,1
20260430_WSH@NYM,2026-04-30,NYM,WSH,4,5,0.0,0.5226853758196818,0.5284,NYM,WSH,0
20260429_AZ@MIL,2026-04-29,MIL,AZ,2,6,0.0,0.5112262785636592,0.5181,MIL,AZ,0
20260429_BOS@TOR,2026-04-29,TOR,BOS,8,1,1.0,0.5887620547302053,0.5882,TOR,TOR,1
20260429_CHC@SD,2026-04-29,SD,CHC,4,5,0.0,0.5431936757258483,0.547,SD,CHC,0
20260429_COL@CIN,2026-04-29,CIN,COL,2,13,0.0,0.5887712661035261,0.5882,CIN,COL,0
20260429_DET@ATL,2026-04-29,ATL,DET,4,3,1.0,0.559866666409105,0.5621,ATL,ATL,1
20260429_KC@ATH,2026-04-29,ATH,KC,5,2,1.0,0.5655364527447444,0.5672,ATH,ATH,1
20260429_LAA@CWS,2026-04-29,CWS,LAA,3,2,1.0,0.5403731543941811,0.5444,CWS,CWS,1
20260429_MIA@LAD,2026-04-29,LAD,MIA,2,3,0.0,0.584592628142303,0.5844,LAD,MIA,0
20260429_NYY@TEX,2026-04-29,TEX,NYY,3,0,1.0,0.47918881084445697,0.4891,NYY,TEX,0
20260429_SEA@MIN,2026-04-29,MIN,SEA,3,5,0.0,0.524109081944633,0.5297,MIN,SEA,0
20260429_STL@PIT,2026-04-29,PIT,STL,4,5,0.0,0.5452339555345354,0.5488,PIT,STL,0
20260429_TB@CLE,2026-04-29,CLE,TB,3,1,1.0,0.5421028756139856,0.546,CLE,CLE,1
20260429_WSH@NYM,2026-04-29,NYM,WSH,2,14,0.0,0.5092461897039472,0.5163,NYM,WSH,0
20260428_AZ@MIL,2026-04-28,MIL,AZ,13,2,1.0,0.5572879712812573,0.5597,MIL,MIL,1
20260428_BOS@TOR,2026-04-28,TOR,BOS,3,0,1.0,0.5262558346722469,0.5317,TOR,TOR,1
20260428_CHC@SD,2026-04-28,SD,CHC,3,8,0.0,0.5492957440660954,0.5525,SD,CHC,0
20260428_COL@CIN,2026-04-28,CIN,COL,7,2,1.0,0.6048516280394461,0.6028,CIN,CIN,1
20260428_DET@ATL,2026-04-28,ATL,DET,5,2,1.0,0.5171828419705995,0.5235,ATL,ATL,1
20260428_HOU@BAL,2026-04-28,BAL,HOU,5,3,1.0,0.5308435422225415,0.5358,BAL,BAL,1
20260428_KC@ATH,2026-04-28,ATH,KC,1,4,0.0,0.5433172400852287,0.5471,ATH,KC,0
20260428_LAA@CWS,2026-04-28,CWS,LAA,5,2,1.0,0.5007262078004374,0.5086,CWS,CWS,1
20260428_MIA@LAD,2026-04-28,LAD,MIA,1,2,0.0,0.6013939553118034,0.5997,LAD,MIA,0
20260428_NYY@TEX,2026-04-28,TEX,NYY,2,3,0.0,0.4891156121743872,0.498,NYY,NYY,1
20260428_SEA@MIN,2026-04-28,MIN,SEA,1,7,0.0,0.5454054426251328,0.549,MIN,SEA,0
20260428_SF@PHI,2026-04-28,PHI,SF,7,0,1.0,0.5392475157589429,0.5434,PHI,PHI,1
20260428_STL@PIT,2026-04-28,PIT,STL,7,11,0.0,0.5756777556811559,0.5764,PIT,STL,0
20260428_TB@CLE,2026-04-28,CLE,TB,0,1,0.0,0.5355548822677758,0.5401,CLE,TB,0
20260428_WSH@NYM,2026-04-28,NYM,WSH,8,0,1.0,0.5271301454034021,0.5325,NYM,NYM,1
20260427_BOS@TOR,2026-04-27,TOR,BOS,0,5,0.0,0.5874108687224792,0.587,TOR,BOS,0
20260427_CHC@SD,2026-04-27,SD,CHC,9,7,1.0,0.5180670573746639,0.5243,SD,SD,1
20260427_LAA@CWS,2026-04-27,CWS,LAA,8,7,1.0,0.49251225483689537,0.5011,LAA,CWS,0
20260427_MIA@LAD,2026-04-27,LAD,MIA,5,4,1.0,0.5657855565585279,0.5674,LAD,LAD,1
20260427_NYY@TEX,2026-04-27,TEX,NYY,2,4,0.0,0.46870848016845046,0.4795,NYY,NYY,1
20260427_SEA@MIN,2026-04-27,MIN,SEA,11,4,1.0,0.4913626997546996,0.5001,SEA,MIN,0
20260427_STL@PIT,2026-04-27,PIT,STL,2,4,0.0,0.6202305079470603,0.6168,PIT,STL,0
20260427_TB@CLE,2026-04-27,CLE,TB,2,3,0.0,0.5452068027848834,0.5488,CLE,TB,0
20260426_ATH@TEX,2026-04-26,TEX,ATH,1,2,0.0,0.5152102937368397,0.5217,TEX,ATH,0
20260426_BOS@BAL,2026-04-26,BAL,BOS,3,5,0.0,0.5306359351280381,0.5356,BAL,BOS,0
20260426_CHC@LAD,2026-04-26,LAD,CHC,6,0,1.0,0.5267599382737458,0.5321,LAD,LAD,1
20260426_CLE@TOR,2026-04-26,TOR,CLE,4,2,1.0,0.5467471278520452,0.5502,TOR,TOR,1
20260426_COL@NYM,2026-04-26,NYM,COL,1,3,0.0,0.5906511755844135,0.5899,NYM,COL,0
20260426_COL@NYM,2026-04-26,NYM,COL,0,3,0.0,0.5323082285803522,0.5371,NYM,COL,0
20260426_DET@CIN,2026-04-26,CIN,DET,3,8,0.0,0.544442641949953,0.5481,CIN,DET,0
20260426_LAA@KC,2026-04-26,KC,LAA,11,9,1.0,0.4949707364186507,0.5034,LAA,KC,0
20260426_MIA@SF,2026-04-26,SF,MIA,6,3,1.0,0.5287835781814584,0.5339,SF,SF,1
20260426_MIN@TB,2026-04-26,TB,MIN,4,2,1.0,0.5499535807458952,0.5531,TB,TB,1
20260426_NYY@HOU,2026-04-26,HOU,NYY,7,4,1.0,0.4879413531214429,0.497,NYY,HOU,0
20260426_PHI@ATL,2026-04-26,ATL,PHI,6,2,1.0,0.6092801443977277,0.6068,ATL,ATL,1
20260426_PIT@MIL,2026-04-26,MIL,PIT,5,0,1.0,0.5357072619358363,0.5402,MIL,MIL,1
20260426_SD@AZ,2026-04-26,AZ,SD,12,7,1.0,0.5001448767078359,0.508,AZ,AZ,1
20260426_SEA@STL,2026-04-26,STL,SEA,2,3,0.0,0.5131665762830231,0.5198,STL,SEA,0
20260426_WSH@CWS,2026-04-26,CWS,WSH,1,2,0.0,0.5102527955514273,0.5172,CWS,WSH,0
20260425_ATH@TEX,2026-04-25,TEX,ATH,4,3,1.0,0.5256735772534029,0.5311,TEX,TEX,1
20260425_BOS@BAL,2026-04-25,BAL,BOS,1,17,0.0,0.5673816174895143,0.5689,BAL,BOS,0
20260425_CHC@LAD,2026-04-25,LAD,CHC,12,4,1.0,0.5489437812240108,0.5522,LAD,LAD,1
20260425_CLE@TOR,2026-04-25,TOR,CLE,5,3,1.0,0.5404017029003234,0.5445,TOR,TOR,1
20260425_DET@CIN,2026-04-25,CIN,DET,9,2,1.0,0.5532645321564047,0.5561,CIN,CIN,1
20260425_LAA@KC,2026-04-25,KC,LAA,12,1,1.0,0.47184483806086863,0.4824,LAA,KC,0
20260425_MIA@SF,2026-04-25,SF,MIA,6,2,1.0,0.5506115014970834,0.5537,SF,SF,1
20260425_MIN@TB,2026-04-25,TB,MIN,6,1,1.0,0.5626314042367581,0.5646,TB,TB,1
20260425_NYY@HOU,2026-04-25,HOU,NYY,3,8,0.0,0.4569215539320668,0.4688,NYY,NYY,1
20260425_PHI@ATL,2026-04-25,ATL,PHI,5,8,0.0,0.5950678181517808,0.5939,ATL,PHI,0
20260425_PIT@MIL,2026-04-25,MIL,PIT,3,6,0.0,0.5599026048861379,0.5621,MIL,PIT,0
20260425_SD@AZ,2026-04-25,AZ,SD,4,6,0.0,0.536156012298713,0.5406,AZ,SD,0
20260425_SEA@STL,2026-04-25,STL,SEA,9,11,0.0,0.5219881530936274,0.5278,STL,SEA,0
20260425_WSH@CWS,2026-04-25,CWS,WSH,3,6,0.0,0.4923243256257018,0.501,WSH,WSH,1
20260424_ATH@TEX,2026-04-24,TEX,ATH,1,8,0.0,0.5586297792530286,0.562,TEX,ATH,0
20260424_BOS@BAL,2026-04-24,BAL,BOS,10,3,1.0,0.5858114761061172,0.5866,BAL,BAL,1
20260424_CHC@LAD,2026-04-24,LAD,CHC,4,6,0.0,0.5769517849707408,0.5786,LAD,CHC,0
20260424_CLE@TOR,2026-04-24,TOR,CLE,6,8,0.0,0.5007677062020485,0.5096,TOR,CLE,0
20260424_COL@NYM,2026-04-24,NYM,COL,3,4,0.0,0.6245643266463862,0.6218,NYM,COL,0
20260424_DET@CIN,2026-04-24,CIN,DET,9,8,1.0,0.5298805923309924,0.536,CIN,CIN,1
20260424_LAA@KC,2026-04-24,KC,LAA,6,3,1.0,0.4716687974301509,0.4832,LAA,KC,0
20260424_MIA@SF,2026-04-24,SF,MIA,4,9,0.0,0.5280146257911147,0.5343,SF,MIA,0
20260424_MIN@TB,2026-04-24,TB,MIN,6,2,1.0,0.5283221372004105,0.5346,TB,TB,1
20260424_NYY@HOU,2026-04-24,HOU,NYY,4,12,0.0,0.46037683401010004,0.473,NYY,NYY,1
20260424_PHI@ATL,2026-04-24,ATL,PHI,5,3,1.0,0.5712124169587829,0.5734,ATL,ATL,1
20260424_PIT@MIL,2026-04-24,MIL,PIT,0,6,0.0,0.5308932801767663,0.5369,MIL,PIT,0
20260424_SEA@STL,2026-04-24,STL,SEA,2,3,0.0,0.5456404943524099,0.5503,STL,SEA,0
20260424_WSH@CWS,2026-04-24,CWS,WSH,5,4,1.0,0.48677842149961964,0.497,WSH,CWS,0
20260423_ATL@WSH,2026-04-23,WSH,ATL,2,7,0.0,0.44787462614652834,0.4616,ATL,ATL,1
20260423_CWS@AZ,2026-04-23,AZ,CWS,1,4,0.0,0.6480357872184018,0.6431,AZ,CWS,0
20260423_LAD@SF,2026-04-23,SF,LAD,0,3,0.0,0.44976168514889303,0.4633,LAD,LAD,1
20260423_MIL@DET,2026-04-23,DET,MIL,5,4,1.0,0.5610678271830849,0.5642,DET,DET,1
20260423_MIN@NYM,2026-04-23,NYM,MIN,10,8,1.0,0.5374079273663721,0.5428,NYM,NYM,1
20260423_NYY@BOS,2026-04-23,BOS,NYY,2,4,0.0,0.4612227422114956,0.4738,NYY,NYY,1
20260423_PHI@CHC,2026-04-23,CHC,PHI,8,7,1.0,0.5884355007987849,0.589,CHC,CHC,1
20260423_PIT@TEX,2026-04-23,TEX,PIT,6,1,1.0,0.5910178554276823,0.5913,TEX,TEX,1
20260423_SD@COL,2026-04-23,COL,SD,8,10,0.0,0.4579051402913221,0.4707,SD,SD,1
20260422_ATH@SEA,2026-04-22,SEA,ATH,5,4,1.0,0.5492307259189003,0.5535,SEA,SEA,1
20260422_ATL@WSH,2026-04-22,WSH,ATL,6,8,0.0,0.4311125849933941,0.4463,ATL,ATL,1
20260422_BAL@KC,2026-04-22,KC,BAL,6,8,0.0,0.4854820301252796,0.4958,BAL,BAL,1
20260422_CIN@TB,2026-04-22,TB,CIN,6,1,1.0,0.5213733177704031,0.5283,TB,TB,1
20260422_CWS@AZ,2026-04-22,AZ,CWS,11,7,1.0,0.6113736589610336,0.6098,AZ,AZ,1
20260422_HOU@CLE,2026-04-22,CLE,HOU,0,2,0.0,0.5288059793223293,0.535,CLE,HOU,0
20260422_LAD@SF,2026-04-22,SF,LAD,3,0,1.0,0.4483007465466185,0.462,LAD,SF,0
20260422_MIL@DET,2026-04-22,DET,MIL,5,2,1.0,0.5966869961242808,0.5965,DET,DET,1
20260422_MIN@NYM,2026-04-22,NYM,MIN,3,2,1.0,0.5189642525073404,0.5261,NYM,NYM,1
20260422_NYY@BOS,2026-04-22,BOS,NYY,1,4,0.0,0.4591171384906377,0.4718,NYY,NYY,1
20260422_PHI@CHC,2026-04-22,CHC,PHI,7,2,1.0,0.5691118266178451,0.5715,CHC,CHC,1
20260422_PIT@TEX,2026-04-22,TEX,PIT,4,8,0.0,0.5542577705803657,0.5581,TEX,PIT,0
20260422_SD@COL,2026-04-22,COL,SD,8,3,1.0,0.3856513348684828,0.4046,SD,COL,0
20260422_STL@MIA,2026-04-22,MIA,STL,4,1,1.0,0.5073016810165693,0.5156,MIA,MIA,1
20260422_TOR@LAA,2026-04-22,LAA,TOR,7,3,1.0,0.509553947857239,0.5176,LAA,LAA,1
20260421_ATH@SEA,2026-04-21,SEA,ATH,2,5,0.0,0.5608598217970157,0.564,SEA,ATH,0
20260421_ATL@WSH,2026-04-21,WSH,ATL,11,4,1.0,0.4762190521819807,0.4874,ATL,WSH,0
20260421_BAL@KC,2026-04-21,KC,BAL,6,5,1.0,0.4335705917668724,0.4486,BAL,KC,0
20260421_CIN@TB,2026-04-21,TB,CIN,6,12,0.0,0.5073132120688845,0.5156,TB,CIN,0
20260421_CWS@AZ,2026-04-21,AZ,CWS,5,11,0.0,0.6196908124729816,0.6173,AZ,CWS,0
20260421_HOU@CLE,2026-04-21,CLE,HOU,8,5,1.0,0.5358285651988758,0.5414,CLE,CLE,1
20260421_LAD@SF,2026-04-21,SF,LAD,3,1,1.0,0.45294907283216057,0.4662,LAD,SF,0
20260421_MIL@DET,2026-04-21,DET,MIL,4,12,0.0,0.5557133401243133,0.5594,DET,MIL,0
20260421_MIN@NYM,2026-04-21,NYM,MIN,3,5,0.0,0.5497370256545109,0.554,NYM,MIN,0
20260421_NYY@BOS,2026-04-21,BOS,NYY,0,4,0.0,0.49030343141146565,0.5002,NYY,NYY,1
20260421_PHI@CHC,2026-04-21,CHC,PHI,7,4,1.0,0.5721474756721601,0.5742,CHC,CHC,1
20260421_PIT@TEX,2026-04-21,TEX,PIT,5,1,1.0,0.5486738754542841,0.553,TEX,TEX,1
20260421_SD@COL,2026-04-21,COL,SD,0,1,0.0,0.3915367540737715,0.41,SD,SD,1
20260421_STL@MIA,2026-04-21,MIA,STL,3,5,0.0,0.49751286503664816,0.5067,STL,STL,1
20260421_TOR@LAA,2026-04-21,LAA,TOR,2,4,0.0,0.48396471758300286,0.4944,TOR,TOR,1
20260420_ATH@SEA,2026-04-20,SEA,ATH,4,6,0.0,0.56621358333496,0.5689,SEA,ATH,0
20260420_ATL@WSH,2026-04-20,WSH,ATL,4,9,0.0,0.4664175557688023,0.4785,ATL,ATL,1
20260420_BAL@KC,2026-04-20,KC,BAL,5,7,0.0,0.46589712629869656,0.478,BAL,BAL,1
20260420_CIN@TB,2026-04-20,TB,CIN,1,6,0.0,0.5436963343807024,0.5485,TB,CIN,0
20260420_DET@BOS,2026-04-20,BOS,DET,8,6,1.0,0.5040041870892915,0.5126,BOS,BOS,1
20260420_HOU@CLE,2026-04-20,CLE,HOU,2,9,0.0,0.5402486101766989,0.5454,CLE,HOU,0
20260420_LAD@COL,2026-04-20,COL,LAD,3,12,0.0,0.363608334288742,0.3843,LAD,LAD,1
20260420_PHI@CHC,2026-04-20,CHC,PHI,5,1,1.0,0.5799712209249995,0.5813,CHC,CHC,1
20260420_STL@MIA,2026-04-20,MIA,STL,5,3,1.0,0.5172400501824111,0.5246,MIA,MIA,1
20260420_TOR@LAA,2026-04-20,LAA,TOR,2,5,0.0,0.45897766837892384,0.4717,TOR,TOR,1
20260419_ATL@PHI,2026-04-19,PHI,ATL,2,4,0.0,0.5453465066821419,0.55,PHI,ATL,0
20260419_BAL@CLE,2026-04-19,CLE,BAL,8,4,1.0,0.5061446859709655,0.5145,CLE,CLE,1
20260419_CIN@MIN,2026-04-19,MIN,CIN,4,7,0.0,0.4899968236832183,0.4999,CIN,CIN,1
20260419_CWS@ATH,2026-04-19,ATH,CWS,4,7,0.0,0.6359407853629547,0.6321,ATH,CWS,0
20260419_DET@BOS,2026-04-19,BOS,DET,2,6,0.0,0.5210355865443452,0.528,BOS,DET,0
20260419_KC@NYY,2026-04-19,NYY,KC,7,0,1.0,0.6119402308848187,0.6103,NYY,NYY,1
20260419_LAD@COL,2026-04-19,COL,LAD,9,6,1.0,0.3313254139513896,0.3542,LAD,COL,0
20260419_MIL@MIA,2026-04-19,MIA,MIL,5,3,1.0,0.46459837533591536,0.4768,MIL,MIA,0
20260419_NYM@CHC,2026-04-19,CHC,NYM,2,1,1.0,0.6007290029152177,0.6001,CHC,CHC,1
20260419_SD@LAA,2026-04-19,LAA,SD,1,2,0.0,0.5046047092122896,0.5131,LAA,SD,0
20260419_SF@WSH,2026-04-19,WSH,SF,3,0,1.0,0.4875335607156478,0.4976,SF,WSH,0
20260419_STL@HOU,2026-04-19,HOU,STL,5,7,0.0,0.5446206661133097,0.5493,HOU,STL,0
20260419_TB@PIT,2026-04-19,PIT,TB,6,3,1.0,0.5195026688115887,0.5266,PIT,PIT,1
20260419_TEX@SEA,2026-04-19,SEA,TEX,5,2,1.0,0.5506590104327993,0.5548,SEA,SEA,1
20260419_TOR@AZ,2026-04-19,AZ,TOR,4,10,0.0,0.5270758345272588,0.5335,AZ,TOR,0
20260418_ATL@PHI,2026-04-18,PHI,ATL,1,3,0.0,0.5401240368265028,0.5453,PHI,ATL,0
20260418_BAL@CLE,2026-04-18,CLE,BAL,4,2,1.0,0.4880097130996298,0.4981,BAL,CLE,0
20260418_CIN@MIN,2026-04-18,MIN,CIN,4,5,0.0,0.5296209327141203,0.5358,MIN,CIN,0
20260418_CWS@ATH,2026-04-18,ATH,CWS,7,6,1.0,0.6236778700203197,0.621,ATH,ATH,1
20260418_DET@BOS,2026-04-18,BOS,DET,1,4,0.0,0.48955590795380444,0.4995,DET,DET,1
20260418_KC@NYY,2026-04-18,NYY,KC,13,4,1.0,0.5961977354225544,0.596,NYY,NYY,1
20260418_LAD@COL,2026-04-18,COL,LAD,4,3,1.0,0.3758727901183881,0.3956,LAD,COL,0
20260418_MIL@MIA,2026-04-18,MIA,MIL,2,5,0.0,0.5056349054689306,0.5141,MIA,MIL,0
20260418_NYM@CHC,2026-04-18,CHC,NYM,4,2,1.0,0.557952357296122,0.5614,CHC,CHC,1
20260418_SD@LAA,2026-04-18,LAA,SD,1,4,0.0,0.48651167082778357,0.4967,SD,SD,1
20260418_SF@WSH,2026-04-18,WSH,SF,6,7,0.0,0.5239506982601123,0.5306,WSH,SF,0
20260418_STL@HOU,2026-04-18,HOU,STL,5,7,0.0,0.5632372394206444,0.5662,HOU,STL,0
20260418_TB@PIT,2026-04-18,PIT,TB,7,8,0.0,0.5252230366718048,0.5318,PIT,TB,0
20260418_TEX@SEA,2026-04-18,SEA,TEX,7,3,1.0,0.5633242260693073,0.5663,SEA,SEA,1
20260418_TOR@AZ,2026-04-18,AZ,TOR,6,2,1.0,0.5877770185183847,0.5884,AZ,AZ,1
20260417_ATL@PHI,2026-04-17,PHI,ATL,0,9,0.0,0.5341473454929311,0.5397,PHI,ATL,0
20260417_BAL@CLE,2026-04-17,CLE,BAL,4,6,0.0,0.5552391423719462,0.559,CLE,BAL,0
20260417_CIN@MIN,2026-04-17,MIN,CIN,1,2,0.0,0.5638558105014596,0.5668,MIN,CIN,0
20260417_CWS@ATH,2026-04-17,ATH,CWS,2,9,0.0,0.6333597003599032,0.6304,ATH,CWS,0
20260417_DET@BOS,2026-04-17,BOS,DET,1,0,1.0,0.46711630011784405,0.4784,DET,BOS,0
20260417_KC@NYY,2026-04-17,NYY,KC,4,2,1.0,0.5922934658894473,0.5928,NYY,NYY,1
20260417_LAD@COL,2026-04-17,COL,LAD,1,7,0.0,0.41074771067993604,0.4266,LAD,LAD,1
20260417_MIL@MIA,2026-04-17,MIA,MIL,5,7,0.0,0.5201981586156441,0.527,MIA,MIL,0
20260417_NYM@CHC,2026-04-17,CHC,NYM,12,4,1.0,0.5157335347587516,0.5229,CHC,CHC,1
20260417_SD@LAA,2026-04-17,LAA,SD,8,0,1.0,0.4965114990760763,0.5053,SD,LAA,0
20260417_SF@WSH,2026-04-17,WSH,SF,5,10,0.0,0.4926882112836202,0.5018,SF,SF,1
20260417_STL@HOU,2026-04-17,HOU,STL,4,9,0.0,0.5480289285263669,0.5524,HOU,STL,0
20260417_TB@PIT,2026-04-17,PIT,TB,5,1,1.0,0.5445526864299735,0.5492,PIT,PIT,1
20260417_TEX@SEA,2026-04-17,SEA,TEX,0,5,0.0,0.5478778150262208,0.5522,SEA,TEX,0
20260417_TOR@AZ,2026-04-17,AZ,TOR,6,3,1.0,0.5341303301811222,0.5397,AZ,AZ,1
20260416_BAL@CLE,2026-04-16,CLE,BAL,4,2,1.0,0.5244032997142616,0.5308,CLE,CLE,1
20260416_COL@HOU,2026-04-16,HOU,COL,2,3,0.0,0.637580749149413,0.6343,HOU,COL,0
20260416_KC@DET,2026-04-16,DET,KC,10,9,1.0,0.5443365312078249,0.549,DET,DET,1
20260416_LAA@NYY,2026-04-16,NYY,LAA,4,11,0.0,0.5636306637605848,0.5666,NYY,LAA,0
20260416_SEA@SD,2026-04-16,SD,SEA,5,2,1.0,0.5355409340618187,0.541,SD,SD,1
20260416_SF@CIN,2026-04-16,CIN,SF,0,3,0.0,0.5642787074564215,0.5672,CIN,SF,0
20260416_TB@CWS,2026-04-16,CWS,TB,3,5,0.0,0.44640149695725584,0.4594,TB,TB,1
20260416_TEX@ATH,2026-04-16,ATH,TEX,6,9,0.0,0.4839382832178194,0.4938,TEX,TEX,1
20260416_TOR@MIL,2026-04-16,MIL,TOR,2,1,1.0,0.5131730788722673,0.5206,MIL,MIL,1
20260416_WSH@PIT,2026-04-16,PIT,WSH,7,8,0.0,0.5914719994821155,0.5921,PIT,WSH,0
20260415_AZ@BAL,2026-04-15,BAL,AZ,5,8,0.0,0.5364164109761302,0.5418,BAL,AZ,0
20260415_BOS@MIN,2026-04-15,MIN,BOS,5,9,0.0,0.47373880201833296,0.4845,BOS,BOS,1
20260415_CHC@PHI,2026-04-15,PHI,CHC,2,11,0.0,0.5707679588178505,0.5731,PHI,CHC,0
20260415_CLE@STL,2026-04-15,STL,CLE,5,3,1.0,0.505642674094729,0.5137,STL,STL,1
20260415_COL@HOU,2026-04-15,HOU,COL,3,1,1.0,0.6291329859595303,0.6265,HOU,HOU,1
20260415_KC@DET,2026-04-15,DET,KC,2,1,1.0,0.5356935088225054,0.5411,DET,DET,1
20260415_LAA@NYY,2026-04-15,NYY,LAA,5,4,1.0,0.5623575540396777,0.5655,NYY,NYY,1
20260415_MIA@ATL,2026-04-15,ATL,MIA,6,3,1.0,0.5732366578131959,0.5754,ATL,ATL,1
20260415_NYM@LAD,2026-04-15,LAD,NYM,8,2,1.0,0.6116710506543612,0.6105,LAD,LAD,1
20260415_SEA@SD,2026-04-15,SD,SEA,7,6,1.0,0.5434368369458272,0.5482,SD,SD,1
20260415_SF@CIN,2026-04-15,CIN,SF,8,3,1.0,0.5410482327495867,0.546,CIN,CIN,1
20260415_TB@CWS,2026-04-15,CWS,TB,3,8,0.0,0.4590537381537426,0.471,TB,TB,1
20260415_TEX@ATH,2026-04-15,ATH,TEX,6,5,1.0,0.5217288752592694,0.5284,ATH,ATH,1
20260415_TOR@MIL,2026-04-15,MIL,TOR,2,1,1.0,0.4998078814525162,0.5084,TOR,MIL,0
20260415_WSH@PIT,2026-04-15,PIT,WSH,2,0,1.0,0.5926169134691013,0.5931,PIT,PIT,1
20260414_AZ@BAL,2026-04-14,BAL,AZ,3,4,0.0,0.5197007225367085,0.5265,BAL,AZ,0
20260414_BOS@MIN,2026-04-14,MIN,BOS,6,0,1.0,0.5115852029895371,0.5191,MIN,MIN,1
20260414_CHC@PHI,2026-04-14,PHI,CHC,4,10,0.0,0.536845451346902,0.5422,PHI,CHC,0
20260414_CLE@STL,2026-04-14,STL,CLE,6,5,1.0,0.47861459797441225,0.489,CLE,STL,0
20260414_COL@HOU,2026-04-14,HOU,COL,7,6,1.0,0.606549638553295,0.6058,HOU,HOU,1
20260414_KC@DET,2026-04-14,DET,KC,2,1,1.0,0.5051672327566082,0.5133,DET,DET,1
20260414_LAA@NYY,2026-04-14,NYY,LAA,1,7,0.0,0.5898630136489857,0.5906,NYY,LAA,0
20260414_MIA@ATL,2026-04-14,ATL,MIA,6,5,1.0,0.5945385985934327,0.5949,ATL,ATL,1
20260414_NYM@LAD,2026-04-14,LAD,NYM,2,1,1.0,0.562307674988647,0.5654,LAD,LAD,1
20260414_SEA@SD,2026-04-14,SD,SEA,4,1,1.0,0.5283448039127734,0.5344,SD,SD,1
20260414_SF@CIN,2026-04-14,CIN,SF,2,1,1.0,0.5195566834733487,0.5264,CIN,CIN,1
20260414_TB@CWS,2026-04-14,CWS,TB,5,8,0.0,0.46745180790855795,0.4787,TB,TB,1
20260414_TEX@ATH,2026-04-14,ATH,TEX,2,1,1.0,0.43388378349890333,0.4479,TEX,ATH,0
20260414_TOR@MIL,2026-04-14,MIL,TOR,7,9,0.0,0.5511985940733497,0.5553,MIL,TOR,0
20260414_WSH@PIT,2026-04-14,PIT,WSH,4,5,0.0,0.5704034807293916,0.5728,PIT,WSH,0
20260413_AZ@BAL,2026-04-13,BAL,AZ,9,7,1.0,0.5199698514028286,0.5268,BAL,BAL,1
20260413_BOS@MIN,2026-04-13,MIN,BOS,13,6,1.0,0.4662395928852122,0.4776,BOS,MIN,0
20260413_CHC@PHI,2026-04-13,PHI,CHC,13,7,1.0,0.5863654399459067,0.5874,PHI,PHI,1
20260413_CLE@STL,2026-04-13,STL,CLE,3,9,0.0,0.46524240300961317,0.4767,CLE,CLE,1
20260413_HOU@SEA,2026-04-13,SEA,HOU,6,2,1.0,0.6167121685921237,0.6151,SEA,SEA,1
20260413_LAA@NYY,2026-04-13,NYY,LAA,11,10,1.0,0.5825608920338933,0.5839,NYY,NYY,1
20260413_MIA@ATL,2026-04-13,ATL,MIA,4,10,0.0,0.560127120659297,0.5634,ATL,MIA,0
20260413_NYM@LAD,2026-04-13,LAD,NYM,4,0,1.0,0.5894171289008759,0.5902,LAD,LAD,1
20260413_TEX@ATH,2026-04-13,ATH,TEX,1,8,0.0,0.4888124892726089,0.4983,TEX,TEX,1
20260413_WSH@PIT,2026-04-13,PIT,WSH,16,5,1.0,0.5590208885583662,0.5624,PIT,PIT,1
20260412_ATH@NYM,2026-04-12,NYM,ATH,0,1,0.0,0.576362781580234,0.5783,NYM,ATH,0
20260412_AZ@PHI,2026-04-12,PHI,AZ,3,4,0.0,0.5650187803502741,0.5679,PHI,AZ,0
20260412_BOS@STL,2026-04-12,STL,BOS,3,9,0.0,0.5502494159791118,0.5544,STL,BOS,0
20260412_CLE@ATL,2026-04-12,ATL,CLE,13,1,1.0,0.5741537472994067,0.5762,ATL,ATL,1
20260412_COL@SD,2026-04-12,SD,COL,7,2,1.0,0.6335830348951298,0.6306,SD,SD,1
20260412_CWS@KC,2026-04-12,KC,CWS,5,6,0.0,0.575571769195019,0.5775,KC,CWS,0
20260412_HOU@SEA,2026-04-12,SEA,HOU,6,1,1.0,0.5845922468314797,0.5858,SEA,SEA,1
20260412_LAA@CIN,2026-04-12,CIN,LAA,6,9,0.0,0.5363111943527317,0.5417,CIN,LAA,0
20260412_MIA@DET,2026-04-12,DET,MIA,8,2,1.0,0.5055231862572958,0.5136,DET,DET,1
20260412_MIN@TOR,2026-04-12,TOR,MIN,2,8,0.0,0.5436635607863489,0.5484,TOR,MIN,0
20260412_NYY@TB,2026-04-12,TB,NYY,5,4,1.0,0.4611585459581154,0.473,NYY,TB,0
20260412_PIT@CHC,2026-04-12,CHC,PIT,7,6,1.0,0.5077760656922918,0.5156,CHC,CHC,1
20260412_SF@BAL,2026-04-12,BAL,SF,6,2,1.0,0.5400037083210362,0.5451,BAL,BAL,1
20260412_TEX@LAD,2026-04-12,LAD,TEX,2,5,0.0,0.577487455774004,0.5793,LAD,TEX,0
20260412_WSH@MIL,2026-04-12,MIL,WSH,6,8,0.0,0.5914885487789384,0.5921,MIL,WSH,0
20260411_ATH@NYM,2026-04-11,NYM,ATH,6,11,0.0,0.6013964139781576,0.6011,NYM,ATH,0
20260411_AZ@PHI,2026-04-11,PHI,AZ,4,3,1.0,0.5333584726893562,0.539,PHI,PHI,1
20260411_BOS@STL,2026-04-11,STL,BOS,1,7,0.0,0.5975057574060313,0.5976,STL,BOS,0
20260411_CLE@ATL,2026-04-11,ATL,CLE,0,6,0.0,0.5109705099719742,0.5186,ATL,CLE,0
20260411_COL@SD,2026-04-11,SD,COL,9,5,1.0,0.6096361008212436,0.6087,SD,SD,1
20260411_CWS@KC,2026-04-11,KC,CWS,2,0,1.0,0.6285907570768801,0.626,KC,KC,1
20260411_HOU@SEA,2026-04-11,SEA,HOU,8,7,1.0,0.6239417438664492,0.6218,SEA,SEA,1
20260411_LAA@CIN,2026-04-11,CIN,LAA,7,3,1.0,0.5304441396651745,0.5363,CIN,CIN,1
20260411_MIA@DET,2026-04-11,DET,MIA,6,1,1.0,0.5281409881065605,0.5342,DET,DET,1
20260411_MIN@TOR,2026-04-11,TOR,MIN,4,7,0.0,0.5894089005890086,0.5902,TOR,MIN,0
20260411_NYY@TB,2026-04-11,TB,NYY,5,4,1.0,0.49163560851625887,0.5009,NYY,TB,0
20260411_PIT@CHC,2026-04-11,CHC,PIT,3,4,0.0,0.5309142159612477,0.5368,CHC,PIT,0
20260411_SF@BAL,2026-04-11,BAL,SF,6,2,1.0,0.518712949624546,0.5256,BAL,BAL,1
20260411_TEX@LAD,2026-04-11,LAD,TEX,6,3,1.0,0.5766406171698573,0.5785,LAD,LAD,1
20260411_WSH@MIL,2026-04-11,MIL,WSH,1,3,0.0,0.6269416141977696,0.6245,MIL,WSH,0
20260410_ATH@NYM,2026-04-10,NYM,ATH,0,4,0.0,0.5690816603229266,0.5722,NYM,ATH,0
20260410_AZ@PHI,2026-04-10,PHI,AZ,4,5,0.0,0.5166904758194828,0.5239,PHI,AZ,0
20260410_BOS@STL,2026-04-10,STL,BOS,3,2,1.0,0.5233018316436392,0.53,STL,STL,1
20260410_CLE@ATL,2026-04-10,ATL,CLE,11,5,1.0,0.5513485532493033,0.5558,ATL,ATL,1
20260410_COL@SD,2026-04-10,SD,COL,5,2,1.0,0.5791005690325386,0.5814,SD,SD,1
20260410_CWS@KC,2026-04-10,KC,CWS,2,0,1.0,0.5652971617454613,0.5687,KC,KC,1
20260410_HOU@SEA,2026-04-10,SEA,HOU,9,6,1.0,0.5830719141431591,0.585,SEA,SEA,1
20260410_LAA@CIN,2026-04-10,CIN,LAA,2,10,0.0,0.6153755317926879,0.6148,CIN,LAA,0
20260410_MIA@DET,2026-04-10,DET,MIA,2,0,1.0,0.49564576802506555,0.5045,MIA,DET,0
20260410_MIN@TOR,2026-04-10,TOR,MIN,10,4,1.0,0.5504255991297844,0.555,TOR,TOR,1
20260410_NYY@TB,2026-04-10,TB,NYY,5,3,1.0,0.4800271029541724,0.4901,NYY,TB,0
20260410_PIT@CHC,2026-04-10,CHC,PIT,0,2,0.0,0.5397308512710282,0.5451,CHC,PIT,0
20260410_SF@BAL,2026-04-10,BAL,SF,3,6,0.0,0.474419329739157,0.4849,SF,SF,1
20260410_TEX@LAD,2026-04-10,LAD,TEX,8,7,1.0,0.6277252362577794,0.6262,LAD,LAD,1
20260410_WSH@MIL,2026-04-10,MIL,WSH,3,7,0.0,0.6239058282718312,0.6227,MIL,WSH,0
20260409_ATH@NYY,2026-04-09,NYY,ATH,0,1,0.0,0.6343058622926266,0.6323,NYY,ATH,0
20260409_AZ@NYM,2026-04-09,NYM,AZ,1,7,0.0,0.5558032985088377,0.5599,NYM,AZ,0
20260409_CIN@MIA,2026-04-09,MIA,CIN,8,1,1.0,0.49721398982532444,0.506,CIN,MIA,0
20260409_COL@SD,2026-04-09,SD,COL,7,3,1.0,0.5516064377640991,0.5561,SD,SD,1
20260409_CWS@KC,2026-04-09,KC,CWS,0,2,0.0,0.5785549913982274,0.5809,KC,CWS,0
20260409_DET@MIN,2026-04-09,MIN,DET,3,1,1.0,0.5204011267561508,0.5273,MIN,MIN,1
20260408_ATH@NYY,2026-04-08,NYY,ATH,2,3,0.0,0.5754477541412593,0.578,NYY,ATH,0
20260408_ATL@LAA,2026-04-08,LAA,ATL,2,8,0.0,0.46690494846238617,0.478,ATL,ATL,1
20260408_AZ@NYM,2026-04-08,NYM,AZ,2,7,0.0,0.5613556571672136,0.565,NYM,AZ,0
20260408_BAL@CWS,2026-04-08,CWS,BAL,3,5,0.0,0.4433251736193329,0.4562,BAL,BAL,1
20260408_CHC@TB,2026-04-08,TB,CHC,2,6,0.0,0.5385131288635627,0.544,TB,CHC,0
20260408_CIN@MIA,2026-04-08,MIA,CIN,7,4,1.0,0.49365721522668204,0.5027,CIN,MIA,0
20260408_DET@MIN,2026-04-08,MIN,DET,8,6,1.0,0.49913793658345534,0.5077,DET,MIN,0
20260408_HOU@COL,2026-04-08,COL,HOU,9,1,1.0,0.5173947467217512,0.5246,COL,COL,1
20260408_KC@CLE,2026-04-08,CLE,KC,10,2,1.0,0.5415783279093398,0.5468,CLE,CLE,1
20260408_LAD@TOR,2026-04-08,TOR,LAD,4,3,1.0,0.5198061487341087,0.5268,TOR,TOR,1
20260408_MIL@BOS,2026-04-08,BOS,MIL,5,0,1.0,0.4939541451999646,0.503,MIL,BOS,0
20260408_PHI@SF,2026-04-08,SF,PHI,5,0,1.0,0.46311726720839164,0.4745,PHI,SF,0
20260408_SD@PIT,2026-04-08,PIT,SD,2,8,0.0,0.49489647454554875,0.5038,SD,SD,1
20260408_SEA@TEX,2026-04-08,TEX,SEA,3,0,1.0,0.5141642223421639,0.5216,TEX,TEX,1
20260408_STL@WSH,2026-04-08,WSH,STL,1,6,0.0,0.5144438140600077,0.5219,WSH,STL,0
20260407_ATH@NYY,2026-04-07,NYY,ATH,5,3,1.0,0.6377248472900353,0.6355,NYY,NYY,1
20260407_ATL@LAA,2026-04-07,LAA,ATL,2,7,0.0,0.4300040524329585,0.4438,ATL,ATL,1
20260407_AZ@NYM,2026-04-07,NYM,AZ,4,3,1.0,0.5954522622560798,0.5964,NYM,NYM,1
20260407_BAL@CWS,2026-04-07,CWS,BAL,2,4,0.0,0.470512853132951,0.4813,BAL,BAL,1
20260407_CHC@TB,2026-04-07,TB,CHC,2,9,0.0,0.5246657457472658,0.5313,TB,CHC,0
20260407_CIN@MIA,2026-04-07,MIA,CIN,3,6,0.0,0.5206872235452314,0.5276,MIA,CIN,0
20260407_DET@MIN,2026-04-07,MIN,DET,4,2,1.0,0.5348576264840201,0.5406,MIN,MIN,1
20260407_HOU@COL,2026-04-07,COL,HOU,5,1,1.0,0.5165541566166484,0.5238,COL,COL,1
20260407_KC@CLE,2026-04-07,CLE,KC,2,1,1.0,0.5484159682542938,0.5531,CLE,CLE,1
20260407_LAD@TOR,2026-04-07,TOR,LAD,1,4,0.0,0.54398508856249,0.5491,TOR,LAD,0
20260407_MIL@BOS,2026-04-07,BOS,MIL,3,2,1.0,0.44974412476744885,0.4621,MIL,BOS,0
20260407_PHI@SF,2026-04-07,SF,PHI,6,0,1.0,0.4657275365342787,0.4769,PHI,SF,0
20260407_SD@PIT,2026-04-07,PIT,SD,7,1,1.0,0.47370577611126036,0.4843,SD,PIT,0
20260407_SEA@TEX,2026-04-07,TEX,SEA,3,2,1.0,0.5297179491998019,0.5359,TEX,TEX,1
20260407_STL@WSH,2026-04-07,WSH,STL,6,7,0.0,0.5391527352254222,0.5446,WSH,STL,0
20260406_ATL@LAA,2026-04-06,LAA,ATL,6,2,1.0,0.4631495190397137,0.4745,ATL,LAA,0
20260406_BAL@CWS,2026-04-06,CWS,BAL,1,2,0.0,0.4787393977598851,0.4889,BAL,BAL,1
20260406_CHC@TB,2026-04-06,TB,CHC,6,4,1.0,0.5601930553555163,0.564,TB,TB,1
20260406_CIN@MIA,2026-04-06,MIA,CIN,0,2,0.0,0.5736269484995731,0.5763,MIA,CIN,0
20260406_DET@MIN,2026-04-06,MIN,DET,7,3,1.0,0.49906008495947446,0.5077,DET,MIN,0
20260406_HOU@COL,2026-04-06,COL,HOU,9,7,1.0,0.4915881756973613,0.5008,HOU,COL,0
20260406_KC@CLE,2026-04-06,CLE,KC,2,4,0.0,0.5399602983457814,0.5453,CLE,KC,0
20260406_LAD@TOR,2026-04-06,TOR,LAD,2,14,0.0,0.5182726167491053,0.5254,TOR,LAD,0
20260406_MIL@BOS,2026-04-06,BOS,MIL,6,8,0.0,0.41542658292168294,0.4302,MIL,MIL,1
20260406_PHI@SF,2026-04-06,SF,PHI,4,6,0.0,0.44345736157058585,0.4563,PHI,PHI,1
20260406_SD@PIT,2026-04-06,PIT,SD,0,5,0.0,0.5341066095684576,0.54,PIT,SD,0
20260406_SEA@TEX,2026-04-06,TEX,SEA,2,1,1.0,0.5374052531869674,0.543,TEX,TEX,1
20260406_STL@WSH,2026-04-06,WSH,STL,9,6,1.0,0.5201341337435977,0.5271,WSH,WSH,1
20260405_ATL@AZ,2026-04-05,AZ,ATL,6,5,1.0,0.5131317350119581,0.5206,AZ,AZ,1
20260405_BAL@PIT,2026-04-05,PIT,BAL,8,2,1.0,0.5601934762272519,0.564,PIT,PIT,1
20260405_CHC@CLE,2026-04-05,CLE,CHC,0,1,0.0,0.5775999329452698,0.58,CLE,CHC,0
20260405_CHC@CLE,2026-04-05,CLE,CHC,6,5,1.0,0.5351353905335539,0.5409,CLE,CLE,1
20260405_CIN@TEX,2026-04-05,TEX,CIN,1,2,0.0,0.5100472014859058,0.5178,TEX,CIN,0
20260405_HOU@ATH,2026-04-05,ATH,HOU,12,10,1.0,0.46769252979128684,0.4787,HOU,ATH,0
20260405_LAD@WSH,2026-04-05,WSH,LAD,6,8,0.0,0.4464162198272265,0.459,LAD,LAD,1
20260405_MIA@NYY,2026-04-05,NYY,MIA,6,7,0.0,0.5479498035109194,0.5527,NYY,MIA,0
20260405_MIL@KC,2026-04-05,KC,MIL,5,8,0.0,0.4216474330566002,0.436,MIL,MIL,1
20260405_NYM@SF,2026-04-05,SF,NYM,2,5,0.0,0.4929020127497199,0.502,NYM,NYM,1
20260405_PHI@COL,2026-04-05,COL,PHI,4,1,1.0,0.5106325565883489,0.5183,COL,COL,1
20260405_SD@BOS,2026-04-05,BOS,SD,6,8,0.0,0.4644515751575482,0.4757,SD,SD,1
20260405_SEA@LAA,2026-04-05,LAA,SEA,8,7,1.0,0.49891849915830766,0.5075,SEA,LAA,0
20260405_STL@DET,2026-04-05,DET,STL,3,5,0.0,0.5563553972922693,0.5604,DET,STL,0
20260405_TB@MIN,2026-04-05,MIN,TB,1,4,0.0,0.5549786492932672,0.5592,MIN,TB,0
20260405_TOR@CWS,2026-04-05,CWS,TOR,3,0,1.0,0.4396643619585814,0.4528,TOR,CWS,0
20260404_ATL@AZ,2026-04-04,AZ,ATL,2,1,1.0,0.5063759348405871,0.5144,AZ,AZ,1
20260404_BAL@PIT,2026-04-04,PIT,BAL,3,2,1.0,0.5862759474141248,0.588,PIT,PIT,1
20260404_CIN@TEX,2026-04-04,TEX,CIN,0,2,0.0,0.552629542212543,0.557,TEX,CIN,0
20260404_HOU@ATH,2026-04-04,ATH,HOU,0,11,0.0,0.47717755739013046,0.4875,HOU,HOU,1
20260404_LAD@WSH,2026-04-04,WSH,LAD,5,10,0.0,0.46947821764178865,0.4804,LAD,LAD,1
20260404_MIA@NYY,2026-04-04,NYY,MIA,9,7,1.0,0.5864155199938264,0.5881,NYY,NYY,1
20260404_MIL@KC,2026-04-04,KC,MIL,8,2,1.0,0.5120395114425679,0.5196,KC,KC,1
20260404_MIL@KC,2026-04-04,KC,MIL,2,5,0.0,0.5413977902037718,0.5467,KC,MIL,0
20260404_NYM@SF,2026-04-04,SF,NYM,0,9,0.0,0.5412038861151336,0.5465,SF,NYM,0
20260404_PHI@COL,2026-04-04,COL,PHI,1,2,0.0,0.4852422117426568,0.4949,PHI,PHI,1
20260404_SD@BOS,2026-04-04,BOS,SD,2,3,0.0,0.4847267233391989,0.4945,SD,SD,1
20260404_SEA@LAA,2026-04-04,LAA,SEA,1,0,1.0,0.42984265601215615,0.4437,SEA,LAA,0
20260404_STL@DET,2026-04-04,DET,STL,11,6,1.0,0.5490178330999965,0.5537,DET,DET,1
20260404_TB@MIN,2026-04-04,MIN,TB,1,7,0.0,0.5624948676209696,0.5661,MIN,TB,0
20260404_TOR@CWS,2026-04-04,CWS,TOR,6,3,1.0,0.46080472906617814,0.4723,TOR,CWS,0
20260403_ATL@AZ,2026-04-03,AZ,ATL,0,2,0.0,0.4618675606321913,0.4722,ATL,ATL,1
20260403_BAL@PIT,2026-04-03,PIT,BAL,5,4,1.0,0.5112452271238745,0.518,PIT,PIT,1
20260403_CHC@CLE,2026-04-03,CLE,CHC,4,1,1.0,0.5503645111177469,0.5542,CLE,CLE,1
20260403_CIN@TEX,2026-04-03,TEX,CIN,3,5,0.0,0.55468467000746,0.5581,TEX,CIN,0
20260403_HOU@ATH,2026-04-03,ATH,HOU,11,4,1.0,0.45609421202621714,0.4669,HOU,ATH,0
20260403_LAD@WSH,2026-04-03,WSH,LAD,6,13,0.0,0.44533963517496006,0.4569,LAD,LAD,1
20260403_MIA@NYY,2026-04-03,NYY,MIA,8,2,1.0,0.548199981060888,0.5522,NYY,NYY,1
20260403_NYM@SF,2026-04-03,SF,NYM,3,10,0.0,0.49154282548325345,0.4997,NYM,NYM,1
20260403_PHI@COL,2026-04-03,COL,PHI,1,10,0.0,0.4593138159774197,0.4699,PHI,PHI,1
20260403_SD@BOS,2026-04-03,BOS,SD,5,2,1.0,0.5246182630982529,0.5304,BOS,BOS,1
20260403_SEA@LAA,2026-04-03,LAA,SEA,1,3,0.0,0.48197025331276283,0.4909,SEA,SEA,1
20260403_STL@DET,2026-04-03,DET,STL,4,0,1.0,0.5460186714169214,0.5501,DET,DET,1
20260403_TB@MIN,2026-04-03,MIN,TB,10,4,1.0,0.531692889076478,0.5369,MIN,MIN,1
20260403_TOR@CWS,2026-04-03,CWS,TOR,5,4,1.0,0.4546971142590274,0.4656,TOR,CWS,0
20260402_ATL@AZ,2026-04-02,AZ,ATL,2,17,0.0,0.485213900727733,0.4939,ATL,ATL,1
20260402_MIN@KC,2026-04-02,KC,MIN,1,5,0.0,0.542569110685216,0.5469,KC,MIN,0
20260402_NYM@SF,2026-04-02,SF,NYM,7,2,1.0,0.5275625361896074,0.5331,SF,SF,1
20260401_ATH@ATL,2026-04-01,ATL,ATH,5,1,1.0,0.6256327172155891,0.6238,ATL,ATL,1
20260401_BOS@HOU,2026-04-01,HOU,BOS,6,4,1.0,0.5375277363792736,0.5423,HOU,HOU,1
20260401_CLE@LAD,2026-04-01,LAD,CLE,1,4,0.0,0.5645060060884016,0.5672,LAD,CLE,0
20260401_COL@TOR,2026-04-01,TOR,COL,1,2,0.0,0.7118241720476179,0.7042,TOR,COL,0
20260401_CWS@MIA,2026-04-01,MIA,CWS,10,0,1.0,0.5786845735519723,0.5803,MIA,MIA,1
20260401_DET@AZ,2026-04-01,AZ,DET,1,0,1.0,0.4728977172267593,0.4825,DET,AZ,0
20260401_LAA@CHC,2026-04-01,CHC,LAA,6,2,1.0,0.6265693375816268,0.6247,CHC,CHC,1
20260401_MIN@KC,2026-04-01,KC,MIN,13,9,1.0,0.5794909006781337,0.5811,KC,KC,1
20260401_NYM@STL,2026-04-01,STL,NYM,2,1,1.0,0.41537819574861234,0.429,NYM,STL,0
20260401_NYY@SEA,2026-04-01,SEA,NYY,3,5,0.0,0.48406045269447795,0.4928,NYY,NYY,1
20260401_PIT@CIN,2026-04-01,CIN,PIT,3,8,0.0,0.4053586624876944,0.4196,PIT,PIT,1
20260401_SF@SD,2026-04-01,SD,SF,7,1,1.0,0.5450311923766105,0.5492,SD,SD,1
20260401_TB@MIL,2026-04-01,MIL,TB,8,2,1.0,0.6445818750542418,0.6414,MIL,MIL,1
20260401_TEX@BAL,2026-04-01,BAL,TEX,8,3,1.0,0.4936948526761791,0.5017,TEX,BAL,0
20260401_WSH@PHI,2026-04-01,PHI,WSH,6,5,1.0,0.5770577238133856,0.5788,PHI,PHI,1
20260331_ATH@ATL,2026-03-31,ATL,ATH,2,5,0.0,0.6125859448103724,0.6117,ATL,ATH,0
20260331_BOS@HOU,2026-03-31,HOU,BOS,9,2,1.0,0.5791097035069958,0.5807,HOU,HOU,1
20260331_CLE@LAD,2026-03-31,LAD,CLE,4,1,1.0,0.5714286190545633,0.5736,LAD,LAD,1
20260331_COL@TOR,2026-03-31,TOR,COL,5,1,1.0,0.6541643565080781,0.6503,TOR,TOR,1
20260331_CWS@MIA,2026-03-31,MIA,CWS,9,2,1.0,0.5982879787878492,0.5985,MIA,MIA,1
20260331_DET@AZ,2026-03-31,AZ,DET,7,5,1.0,0.4938373518447608,0.5019,DET,AZ,0
20260331_LAA@CHC,2026-03-31,CHC,LAA,0,2,0.0,0.5670728406032991,0.5696,CHC,LAA,0
20260331_NYM@STL,2026-03-31,STL,NYM,3,0,1.0,0.467052003076909,0.477,NYM,STL,0
20260331_NYY@SEA,2026-03-31,SEA,NYY,0,5,0.0,0.5702886434486032,0.5726,SEA,NYY,0
20260331_PIT@CIN,2026-03-31,CIN,PIT,3,8,0.0,0.5913260644098837,0.592,CIN,PIT,0
20260331_SF@SD,2026-03-31,SD,SF,3,9,0.0,0.5744966772025929,0.5765,SD,SF,0
20260331_TB@MIL,2026-03-31,MIL,TB,6,2,1.0,0.5603811059568968,0.5634,MIL,MIL,1
20260331_TEX@BAL,2026-03-31,BAL,TEX,5,8,0.0,0.5028367587096451,0.5102,BAL,TEX,0
20260331_WSH@PHI,2026-03-31,PHI,WSH,3,2,1.0,0.5508425966170954,0.5546,PHI,PHI,1
20260330_ATH@ATL,2026-03-30,ATL,ATH,4,0,1.0,0.599805830827221,0.5999,ATL,ATL,1
20260330_BOS@HOU,2026-03-30,HOU,BOS,8,1,1.0,0.539243076097967,0.5439,HOU,HOU,1
20260330_CLE@LAD,2026-03-30,LAD,CLE,2,4,0.0,0.5682471503347296,0.5707,LAD,CLE,0
20260330_COL@TOR,2026-03-30,TOR,COL,5,14,0.0,0.6491902665035555,0.6457,TOR,COL,0
20260330_CWS@MIA,2026-03-30,MIA,CWS,4,9,0.0,0.5974563124631348,0.5977,MIA,CWS,0
20260330_DET@AZ,2026-03-30,AZ,DET,9,6,1.0,0.4720266179354303,0.4817,DET,AZ,0
20260330_LAA@CHC,2026-03-30,CHC,LAA,7,2,1.0,0.5845946772674463,0.5858,CHC,CHC,1
20260330_MIN@KC,2026-03-30,KC,MIN,3,1,1.0,0.5343368774166851,0.5393,KC,KC,1
20260330_NYM@STL,2026-03-30,STL,NYM,2,4,0.0,0.4814688786876614,0.4904,NYM,NYM,1
20260330_NYY@SEA,2026-03-30,SEA,NYY,2,1,1.0,0.5533106344164528,0.5569,SEA,SEA,1
20260330_PIT@CIN,2026-03-30,CIN,PIT,2,0,1.0,0.5558858047390326,0.5593,CIN,CIN,1
20260330_SF@SD,2026-03-30,SD,SF,2,3,0.0,0.5971870756956623,0.5975,SD,SF,0
20260330_TB@MIL,2026-03-30,MIL,TB,2,3,0.0,0.6173142713493677,0.6161,MIL,TB,0
20260330_TEX@BAL,2026-03-30,BAL,TEX,2,5,0.0,0.5529406512698477,0.5565,BAL,TEX,0
20260330_WSH@PHI,2026-03-30,PHI,WSH,2,13,0.0,0.5651486089400761,0.5678,PHI,WSH,0
20260329_ATH@TOR,2026-03-29,TOR,ATH,5,2,1.0,0.6151705082459061,0.6141,TOR,TOR,1
20260329_BOS@CIN,2026-03-29,CIN,BOS,3,2,1.0,0.52938120526512,0.5348,CIN,CIN,1
20260329_CLE@SEA,2026-03-29,SEA,CLE,8,0,1.0,0.5575639329187521,0.5608,SEA,SEA,1
20260329_COL@MIA,2026-03-29,MIA,COL,4,3,1.0,0.6037840591404373,0.6036,MIA,MIA,1
20260329_CWS@MIL,2026-03-29,MIL,CWS,9,7,1.0,0.6521638571099955,0.6485,MIL,MIL,1
20260329_KC@ATL,2026-03-29,ATL,KC,1,4,0.0,0.5706776510690879,0.5729,ATL,KC,0
20260329_LAA@HOU,2026-03-29,HOU,LAA,9,7,1.0,0.5597506362434329,0.5628,HOU,HOU,1
20260329_MIN@BAL,2026-03-29,BAL,MIN,8,6,1.0,0.5147721974859039,0.5212,BAL,BAL,1
20260329_PIT@NYM,2026-03-29,NYM,PIT,3,4,0.0,0.6175676335259018,0.6163,NYM,PIT,0
20260329_TB@STL,2026-03-29,STL,TB,7,11,0.0,0.5731541935394,0.5752,STL,TB,0
20260329_TEX@PHI,2026-03-29,PHI,TEX,3,8,0.0,0.5897125820123856,0.5905,PHI,TEX,0
20260329_WSH@CHC,2026-03-29,CHC,WSH,3,6,0.0,0.5680254650938186,0.5705,CHC,WSH,0
20260328_ATH@TOR,2026-03-28,TOR,ATH,8,7,1.0,0.6193754696065165,0.618,TOR,TOR,1
20260328_AZ@LAD,2026-03-28,LAD,AZ,3,2,1.0,0.6247968878921211,0.623,LAD,LAD,1
20260328_BOS@CIN,2026-03-28,CIN,BOS,6,5,1.0,0.5023857786201988,0.5098,CIN,CIN,1
20260328_CLE@SEA,2026-03-28,SEA,CLE,5,6,0.0,0.5681684264252945,0.5706,SEA,CLE,0
20260328_COL@MIA,2026-03-28,MIA,COL,4,3,1.0,0.6287414754353569,0.6267,MIA,MIA,1
20260328_CWS@MIL,2026-03-28,MIL,CWS,6,1,1.0,0.6700747204068053,0.6651,MIL,MIL,1
20260328_DET@SD,2026-03-28,SD,DET,3,0,1.0,0.5400232181128705,0.5446,SD,SD,1
20260328_KC@ATL,2026-03-28,ATL,KC,6,2,1.0,0.5927118906040081,0.5933,ATL,ATL,1
20260328_LAA@HOU,2026-03-28,HOU,LAA,11,9,1.0,0.5449991441290913,0.5492,HOU,HOU,1
20260328_MIN@BAL,2026-03-28,BAL,MIN,1,4,0.0,0.5889226656123249,0.5898,BAL,MIN,0
20260328_NYY@SF,2026-03-28,SF,NYY,1,3,0.0,0.47736483795378615,0.4866,NYY,NYY,1
20260328_PIT@NYM,2026-03-28,NYM,PIT,4,2,1.0,0.5882767417696045,0.5892,NYM,NYM,1
20260328_TB@STL,2026-03-28,STL,TB,6,5,1.0,0.5874085689445492,0.5884,STL,STL,1
20260328_TEX@PHI,2026-03-28,PHI,TEX,4,5,0.0,0.6379102643630395,0.6352,PHI,TEX,0
20260328_WSH@CHC,2026-03-28,CHC,WSH,10,2,1.0,0.5710200434633933,0.5732,CHC,CHC,1
20250930_BOS@NYY,2025-09-30,NYY,BOS,1,3,0.0,0.5689931088894017,0.5703,NYY,BOS,0
20250930_CIN@LAD,2025-09-30,LAD,CIN,10,5,1.0,0.5887886633287602,0.5884,LAD,LAD,1
20250930_DET@CLE,2025-09-30,CLE,DET,1,2,0.0,0.5349924278059905,0.5393,CLE,DET,0
20250930_SD@CHC,2025-09-30,CHC,SD,3,1,1.0,0.5131359619606596,0.5194,CHC,CHC,1
20250928_AZ@SD,2025-09-28,SD,AZ,12,4,1.0,0.5348963678413527,0.5392,SD,SD,1
20250928_BAL@NYY,2025-09-28,NYY,BAL,3,2,1.0,0.5644948214689302,0.5662,NYY,NYY,1
20250928_CIN@MIL,2025-09-28,MIL,CIN,4,2,1.0,0.6040335388655483,0.6023,MIL,MIL,1
20250928_COL@SF,2025-09-28,SF,COL,4,0,1.0,0.6846465269010642,0.6763,SF,SF,1
20250928_CWS@WSH,2025-09-28,WSH,CWS,0,8,0.0,0.5359526367099864,0.5402,WSH,CWS,0
20250928_DET@BOS,2025-09-28,BOS,DET,4,3,1.0,0.5349834513162348,0.5393,BOS,BOS,1
20250928_HOU@LAA,2025-09-28,LAA,HOU,2,6,0.0,0.45238395693737304,0.464,HOU,HOU,1
20250928_KC@ATH,2025-09-28,ATH,KC,2,9,0.0,0.5056932306129586,0.5126,ATH,KC,0
20250928_LAD@SEA,2025-09-28,SEA,LAD,1,6,0.0,0.5231665812496971,0.5286,SEA,LAD,0
20250928_MIN@PHI,2025-09-28,PHI,MIN,2,1,1.0,0.6260804759202823,0.6224,PHI,PHI,1
20250928_NYM@MIA,2025-09-28,MIA,NYM,4,0,1.0,0.4248305670839753,0.4387,NYM,MIA,0
20250928_PIT@ATL,2025-09-28,ATL,PIT,4,1,1.0,0.5314499957085276,0.5361,ATL,ATL,1
20250928_STL@CHC,2025-09-28,CHC,STL,2,0,1.0,0.5951918538368418,0.5942,CHC,CHC,1
20250928_TB@TOR,2025-09-28,TOR,TB,13,4,1.0,0.577409779682485,0.578,TOR,TOR,1
20250928_TEX@CLE,2025-09-28,CLE,TEX,9,8,1.0,0.6285039642843485,0.6246,CLE,CLE,1
20250927_AZ@SD,2025-09-27,SD,AZ,5,1,1.0,0.5290637078715749,0.5339,SD,SD,1
20250927_BAL@NYY,2025-09-27,NYY,BAL,6,1,1.0,0.6223795889345861,0.619,NYY,NYY,1
20250927_CIN@MIL,2025-09-27,MIL,CIN,4,7,0.0,0.5709451685169231,0.5721,MIL,CIN,0
20250927_COL@SF,2025-09-27,SF,COL,4,3,1.0,0.6809286966003434,0.6729,SF,SF,1
20250927_CWS@WSH,2025-09-27,WSH,CWS,6,5,1.0,0.5317904118511599,0.5364,WSH,WSH,1
20250927_DET@BOS,2025-09-27,BOS,DET,1,2,0.0,0.5539220431187669,0.5566,BOS,DET,0
20250927_HOU@LAA,2025-09-27,LAA,HOU,1,6,0.0,0.421943923607446,0.436,HOU,HOU,1
20250927_KC@ATH,2025-09-27,ATH,KC,2,4,0.0,0.517297914810395,0.5232,ATH,KC,0
20250927_LAD@SEA,2025-09-27,SEA,LAD,3,5,0.0,0.5449714733575823,0.5484,SEA,LAD,0
20250927_MIN@PHI,2025-09-27,PHI,MIN,0,5,0.0,0.6744687791387425,0.6669,PHI,MIN,0
20250927_NYM@MIA,2025-09-27,MIA,NYM,0,5,0.0,0.4695237670641056,0.4796,NYM,NYM,1
20250927_PIT@ATL,2025-09-27,ATL,PIT,1,3,0.0,0.5630715603082522,0.5649,ATL,PIT,0
20250927_STL@CHC,2025-09-27,CHC,STL,7,3,1.0,0.638794272723767,0.6341,CHC,CHC,1
20250927_TB@TOR,2025-09-27,TOR,TB,5,1,1.0,0.5738296113383006,0.5747,TOR,TOR,1
20250927_TEX@CLE,2025-09-27,CLE,TEX,3,2,1.0,0.6166295013179063,0.6138,CLE,CLE,1
20250926_AZ@SD,2025-09-26,SD,AZ,7,4,1.0,0.5217966920698582,0.5273,SD,SD,1
20250926_BAL@NYY,2025-09-26,NYY,BAL,8,4,1.0,0.5687797802195463,0.5701,NYY,NYY,1
20250926_CIN@MIL,2025-09-26,MIL,CIN,1,3,0.0,0.5945886244818052,0.5936,MIL,CIN,0
20250926_COL@SF,2025-09-26,SF,COL,6,3,1.0,0.675872434640465,0.6682,SF,SF,1
20250926_CWS@WSH,2025-09-26,WSH,CWS,9,10,0.0,0.551811075896185,0.5546,WSH,CWS,0
20250926_DET@BOS,2025-09-26,BOS,DET,4,3,1.0,0.4996372392124928,0.5071,DET,BOS,0
20250926_HOU@LAA,2025-09-26,LAA,HOU,4,3,1.0,0.4518296942242478,0.4634,HOU,LAA,0
20250926_KC@ATH,2025-09-26,ATH,KC,4,3,1.0,0.5027556532227235,0.51,ATH,ATH,1
20250926_LAD@SEA,2025-09-26,SEA,LAD,2,3,0.0,0.5279274948555897,0.5329,SEA,LAD,0
20250926_MIN@PHI,2025-09-26,PHI,MIN,3,1,1.0,0.603204914172709,0.6015,PHI,PHI,1
20250926_NYM@MIA,2025-09-26,MIA,NYM,6,2,1.0,0.4408428070271957,0.4534,NYM,MIA,0
20250926_PIT@ATL,2025-09-26,ATL,PIT,3,9,0.0,0.5726055548520208,0.5736,ATL,PIT,0
20250926_STL@CHC,2025-09-26,CHC,STL,12,1,1.0,0.6005805093201877,0.5991,CHC,CHC,1
20250926_TB@TOR,2025-09-26,TOR,TB,4,2,1.0,0.5513791102024774,0.5543,TOR,TOR,1
20250926_TEX@CLE,2025-09-26,CLE,TEX,3,7,0.0,0.6283306273043198,0.6245,CLE,TEX,0
20250925_BOS@TOR,2025-09-25,TOR,BOS,6,1,1.0,0.5155928388468287,0.5217,TOR,TOR,1
20250925_COL@SEA,2025-09-25,SEA,COL,6,2,1.0,0.775362954934572,0.7613,SEA,SEA,1
20250925_CWS@NYY,2025-09-25,NYY,CWS,5,3,1.0,0.7110856352453969,0.7008,NYY,NYY,1
20250925_DET@CLE,2025-09-25,CLE,DET,2,4,0.0,0.5601257659767879,0.5622,CLE,DET,0
20250925_HOU@ATH,2025-09-25,ATH,HOU,5,11,0.0,0.473970405187794,0.4837,HOU,HOU,1
20250925_KC@LAA,2025-09-25,LAA,KC,4,9,0.0,0.46035847190819884,0.4713,KC,KC,1
20250925_LAD@AZ,2025-09-25,AZ,LAD,0,8,0.0,0.47271815726205435,0.4825,LAD,LAD,1
20250925_MIA@PHI,2025-09-25,PHI,MIA,1,0,1.0,0.5794324744258479,0.5798,PHI,PHI,1
20250925_MIN@TEX,2025-09-25,TEX,MIN,0,4,0.0,0.6177585503177487,0.6148,TEX,MIN,0
20250925_NYM@CHC,2025-09-25,CHC,NYM,5,8,0.0,0.4956032592583465,0.5034,NYM,NYM,1
20250925_PIT@CIN,2025-09-25,CIN,PIT,2,1,1.0,0.4993846025141682,0.5069,PIT,CIN,0
20250925_TB@BAL,2025-09-25,BAL,TB,6,5,1.0,0.45016375828342636,0.4619,TB,BAL,0
20250924_BOS@TOR,2025-09-24,TOR,BOS,1,7,0.0,0.482444771284519,0.4914,BOS,BOS,1
20250924_COL@SEA,2025-09-24,SEA,COL,9,2,1.0,0.7433395322287342,0.731,SEA,SEA,1
20250924_CWS@NYY,2025-09-24,NYY,CWS,8,1,1.0,0.6919349410098017,0.683,NYY,NYY,1
20250924_DET@CLE,2025-09-24,CLE,DET,5,1,1.0,0.5433767606707156,0.547,CLE,CLE,1
20250924_HOU@ATH,2025-09-24,ATH,HOU,6,0,1.0,0.41870444198854945,0.433,HOU,ATH,0
20250924_KC@LAA,2025-09-24,LAA,KC,3,2,1.0,0.43876378707668307,0.4515,KC,LAA,0
20250924_LAD@AZ,2025-09-24,AZ,LAD,4,5,0.0,0.47845713531754636,0.4878,LAD,LAD,1
20250924_MIA@PHI,2025-09-24,PHI,MIA,11,1,1.0,0.5993810528903227,0.598,PHI,PHI,1
20250924_MIL@SD,2025-09-24,SD,MIL,1,3,0.0,0.5314302089189251,0.5361,SD,MIL,0
20250924_MIN@TEX,2025-09-24,TEX,MIN,4,2,1.0,0.6141015700015356,0.6115,TEX,TEX,1
20250924_NYM@CHC,2025-09-24,CHC,NYM,10,3,1.0,0.48386298854322035,0.4927,NYM,CHC,0
20250924_PIT@CIN,2025-09-24,CIN,PIT,3,4,0.0,0.5365675350718229,0.5408,CIN,PIT,0
20250924_STL@SF,2025-09-24,SF,STL,4,3,1.0,0.4952831285756136,0.5031,STL,SF,0
20250924_TB@BAL,2025-09-24,BAL,TB,2,6,0.0,0.46232486092524255,0.473,TB,TB,1
20250924_WSH@ATL,2025-09-24,ATL,WSH,3,4,0.0,0.6049946163149128,0.6031,ATL,WSH,0
20250923_BOS@TOR,2025-09-23,TOR,BOS,1,4,0.0,0.563403445503118,0.5652,TOR,BOS,0
20250923_COL@SEA,2025-09-23,SEA,COL,4,3,1.0,0.7603872855011803,0.7471,SEA,SEA,1
20250923_CWS@NYY,2025-09-23,NYY,CWS,3,2,1.0,0.67123322522479,0.6639,NYY,NYY,1
20250923_DET@CLE,2025-09-23,CLE,DET,5,2,1.0,0.541230410126781,0.545,CLE,CLE,1
20250923_HOU@ATH,2025-09-23,ATH,HOU,5,1,1.0,0.45583725797129093,0.4671,HOU,ATH,0
20250923_KC@LAA,2025-09-23,LAA,KC,4,8,0.0,0.41814574789548276,0.4325,KC,KC,1
20250923_LAD@AZ,2025-09-23,AZ,LAD,5,4,1.0,0.444923367549913,0.4571,LAD,AZ,0
20250923_MIA@PHI,2025-09-23,PHI,MIA,5,6,0.0,0.6029849149671562,0.6013,PHI,MIA,0
20250923_MIL@SD,2025-09-23,SD,MIL,7,0,1.0,0.5055917721175813,0.5125,SD,SD,1
20250923_MIN@TEX,2025-09-23,TEX,MIN,1,4,0.0,0.5849250252173386,0.5848,TEX,MIN,0
20250923_NYM@CHC,2025-09-23,CHC,NYM,7,9,0.0,0.5493128808302277,0.5524,CHC,NYM,0
20250923_PIT@CIN,2025-09-23,CIN,PIT,2,4,0.0,0.5480783238709197,0.5512,CIN,PIT,0
20250923_STL@SF,2025-09-23,SF,STL,8,9,0.0,0.5645106637563814,0.5662,SF,STL,0
20250923_TB@BAL,2025-09-23,BAL,TB,6,0,1.0,0.4592070602798987,0.4702,TB,BAL,0
20250923_WSH@ATL,2025-09-23,ATL,WSH,3,2,1.0,0.6248625799860517,0.6213,ATL,ATL,1
20250922_MIL@SD,2025-09-22,SD,MIL,5,4,1.0,0.4949542142987764,0.5052,MIL,SD,0
20250922_STL@SF,2025-09-22,SF,STL,5,6,0.0,0.5680178870303163,0.5708,SF,STL,0
20250922_WSH@ATL,2025-09-22,ATL,WSH,11,5,1.0,0.6319041983465573,0.6283,ATL,ATL,1
20250921_ATH@PIT,2025-09-21,PIT,ATH,11,0,1.0,0.52323133287318,0.5306,PIT,PIT,1
20250921_ATL@DET,2025-09-21,DET,ATL,2,6,0.0,0.5093482863746598,0.5182,DET,ATL,0
20250921_BOS@TB,2025-09-21,TB,BOS,7,3,1.0,0.46263589489568646,0.4761,BOS,TB,0
20250921_CHC@CIN,2025-09-21,CIN,CHC,1,0,1.0,0.48667931032558603,0.4978,CHC,CIN,0
20250921_CLE@MIN,2025-09-21,MIN,CLE,6,2,1.0,0.48552960257412475,0.4968,CLE,MIN,0
20250921_LAA@COL,2025-09-21,COL,LAA,3,1,1.0,0.41805589765151885,0.4358,LAA,COL,0
20250921_MIA@TEX,2025-09-21,TEX,MIA,2,4,0.0,0.5594440828831436,0.5631,TEX,MIA,0
20250921_MIL@STL,2025-09-21,STL,MIL,5,1,1.0,0.4378298518734661,0.4537,MIL,STL,0
20250921_NYY@BAL,2025-09-21,BAL,NYY,1,7,0.0,0.4422146023935596,0.4577,NYY,NYY,1
20250921_PHI@AZ,2025-09-21,AZ,PHI,9,2,1.0,0.45796097473107905,0.4719,PHI,AZ,0
20250921_SD@CWS,2025-09-21,CWS,SD,2,3,0.0,0.4308345535973598,0.4474,SD,SD,1
20250921_SEA@HOU,2025-09-21,HOU,SEA,3,7,0.0,0.4684159731742913,0.4814,SEA,SEA,1
20250921_SF@LAD,2025-09-21,LAD,SF,1,3,0.0,0.6401054600550486,0.6357,LAD,SF,0
20250921_TOR@KC,2025-09-21,KC,TOR,5,8,0.0,0.4963680806039672,0.5065,TOR,TOR,1
20250921_WSH@NYM,2025-09-21,NYM,WSH,2,3,0.0,0.6947379669166616,0.6853,NYM,WSH,0
20250920_ATH@PIT,2025-09-20,PIT,ATH,2,0,1.0,0.4892897754945735,0.5001,ATH,PIT,0
20250920_ATL@DET,2025-09-20,DET,ATL,5,6,0.0,0.5292962057418283,0.5361,DET,ATL,0
20250920_BOS@TB,2025-09-20,TB,BOS,3,6,0.0,0.4922097915809557,0.5028,BOS,BOS,1
20250920_CHC@CIN,2025-09-20,CIN,CHC,6,3,1.0,0.5112131241566618,0.5198,CIN,CIN,1
20250920_CLE@MIN,2025-09-20,MIN,CLE,0,6,0.0,0.4922629015222325,0.5028,CLE,CLE,1
20250920_CLE@MIN,2025-09-20,MIN,CLE,0,8,0.0,0.47713626173844936,0.4892,CLE,CLE,1
20250920_LAA@COL,2025-09-20,COL,LAA,0,3,0.0,0.44014129600580854,0.4558,LAA,LAA,1
20250920_MIA@TEX,2025-09-20,TEX,MIA,3,4,0.0,0.5945947008351079,0.5947,TEX,MIA,0
20250920_MIL@STL,2025-09-20,STL,MIL,2,3,0.0,0.4172672946048108,0.4351,MIL,MIL,1
20250920_NYY@BAL,2025-09-20,BAL,NYY,1,6,0.0,0.39987363583124247,0.4193,NYY,NYY,1
20250920_PHI@AZ,2025-09-20,AZ,PHI,4,3,1.0,0.4785933715525825,0.4905,PHI,AZ,0
20250920_SD@CWS,2025-09-20,CWS,SD,3,7,0.0,0.41767432378307895,0.4355,SD,SD,1
20250920_SEA@HOU,2025-09-20,HOU,SEA,4,6,0.0,0.48438295023223277,0.4957,SEA,SEA,1
20250920_SF@LAD,2025-09-20,LAD,SF,7,5,1.0,0.6055034868041496,0.6045,LAD,LAD,1
20250920_TOR@KC,2025-09-20,KC,TOR,2,1,1.0,0.5058260463815373,0.515,KC,KC,1
20250920_WSH@NYM,2025-09-20,NYM,WSH,3,5,0.0,0.6741927854589095,0.6666,NYM,WSH,0
20250919_ATH@PIT,2025-09-19,PIT,ATH,3,4,0.0,0.47130398354590797,0.484,ATH,ATH,1
20250919_ATL@DET,2025-09-19,DET,ATL,1,10,0.0,0.5073478199505099,0.5164,DET,ATL,0
20250919_BOS@TB,2025-09-19,TB,BOS,7,11,0.0,0.5064116979919816,0.5155,TB,BOS,0
20250919_CHC@CIN,2025-09-19,CIN,CHC,7,4,1.0,0.49580501039455593,0.506,CHC,CIN,0
20250919_CLE@MIN,2025-09-19,MIN,CLE,2,6,0.0,0.4624384846754171,0.476,CLE,CLE,1
20250919_LAA@COL,2025-09-19,COL,LAA,7,6,1.0,0.4382171901464581,0.4541,LAA,COL,0
20250919_MIA@TEX,2025-09-19,TEX,MIA,4,6,0.0,0.5844970913518649,0.5856,TEX,MIA,0
20250919_MIL@STL,2025-09-19,STL,MIL,7,1,1.0,0.37308084969334654,0.3947,MIL,STL,0
20250919_NYY@BAL,2025-09-19,BAL,NYY,4,2,1.0,0.48315964435277214,0.4946,NYY,BAL,0
20250919_PHI@AZ,2025-09-19,AZ,PHI,2,8,0.0,0.5095213854723346,0.5183,AZ,PHI,0
20250919_SD@CWS,2025-09-19,CWS,SD,4,3,1.0,0.38138337779668824,0.4024,SD,CWS,0
20250919_SEA@HOU,2025-09-19,HOU,SEA,0,4,0.0,0.5112651969733856,0.5199,HOU,SEA,0
20250919_SF@LAD,2025-09-19,LAD,SF,6,3,1.0,0.5643733773204789,0.5675,LAD,LAD,1
20250919_TOR@KC,2025-09-19,KC,TOR,20,1,1.0,0.5011057650906432,0.5108,KC,KC,1
20250919_WSH@NYM,2025-09-19,NYM,WSH,12,6,1.0,0.6251842784459468,0.6222,NYM,NYM,1
20250918_ATH@BOS,2025-09-18,BOS,ATH,3,5,0.0,0.5134509501141479,0.5218,BOS,ATH,0
20250918_CHC@CIN,2025-09-18,CIN,CHC,1,0,1.0,0.5438485152536924,0.5491,CIN,CIN,1
20250918_CLE@DET,2025-09-18,DET,CLE,1,3,0.0,0.5524683486988577,0.5569,DET,CLE,0
20250918_LAA@MIL,2025-09-18,MIL,LAA,5,2,1.0,0.6289645939102024,0.6256,MIL,MIL,1
20250918_MIA@COL,2025-09-18,COL,MIA,7,9,0.0,0.39514428585340444,0.4149,MIA,MIA,1
20250918_NYY@BAL,2025-09-18,BAL,NYY,0,7,0.0,0.45270749326976006,0.4672,NYY,NYY,1
20250918_SD@NYM,2025-09-18,NYM,SD,6,1,1.0,0.5302235637772195,0.5369,NYM,NYM,1
20250918_SEA@KC,2025-09-18,KC,SEA,0,2,0.0,0.513375333582696,0.5218,KC,SEA,0
20250918_SF@LAD,2025-09-18,LAD,SF,2,1,1.0,0.622953259765442,0.6202,LAD,LAD,1
20250918_TOR@TB,2025-09-18,TB,TOR,4,0,1.0,0.4966373215182276,0.5067,TOR,TB,0
20250917_ATH@BOS,2025-09-17,BOS,ATH,5,4,1.0,0.5071015334203857,0.5161,BOS,BOS,1
20250917_ATL@WSH,2025-09-17,WSH,ATL,4,9,0.0,0.45734156863695496,0.4714,ATL,ATL,1
20250917_BAL@CWS,2025-09-17,CWS,BAL,1,3,0.0,0.4611660628481307,0.4748,BAL,BAL,1
20250917_CHC@PIT,2025-09-17,PIT,CHC,4,8,0.0,0.47289514846810377,0.4854,CHC,CHC,1
20250917_CIN@STL,2025-09-17,STL,CIN,2,6,0.0,0.4967919442309618,0.5069,CIN,CIN,1
20250917_CLE@DET,2025-09-17,DET,CLE,0,4,0.0,0.5293057835532953,0.5361,DET,CLE,0
20250917_LAA@MIL,2025-09-17,MIL,LAA,9,2,1.0,0.6428398745240798,0.6381,MIL,MIL,1
20250917_MIA@COL,2025-09-17,COL,MIA,4,8,0.0,0.4248626564751938,0.442,MIA,MIA,1
20250917_NYY@MIN,2025-09-17,MIN,NYY,5,10,0.0,0.45645001289766085,0.4706,NYY,NYY,1
20250917_PHI@LAD,2025-09-17,LAD,PHI,5,0,1.0,0.5231351065865268,0.5305,LAD,LAD,1
20250917_SD@NYM,2025-09-17,NYM,SD,4,7,0.0,0.5179229242690306,0.5259,NYM,SD,0
20250917_SEA@KC,2025-09-17,KC,SEA,7,5,1.0,0.5024581912999351,0.512,KC,KC,1
20250917_SF@AZ,2025-09-17,AZ,SF,1,5,0.0,0.5217640463097879,0.5293,AZ,SF,0
20250917_TEX@HOU,2025-09-17,HOU,TEX,5,2,1.0,0.5205603165782661,0.5282,HOU,HOU,1
20250917_TOR@TB,2025-09-17,TB,TOR,2,1,1.0,0.5086276898769597,0.5175,TB,TB,1
20250916_ATH@BOS,2025-09-16,BOS,ATH,1,2,0.0,0.5727141436690407,0.575,BOS,ATH,0
20250916_ATL@WSH,2025-09-16,WSH,ATL,0,5,0.0,0.46565848362224244,0.4789,ATL,ATL,1
20250916_ATL@WSH,2025-09-16,WSH,ATL,3,6,0.0,0.4522375040293071,0.4668,ATL,ATL,1
20250916_BAL@CWS,2025-09-16,CWS,BAL,7,8,0.0,0.4682311473487054,0.4812,BAL,BAL,1
20250916_CHC@PIT,2025-09-16,PIT,CHC,1,4,0.0,0.4723667997202918,0.4849,CHC,CHC,1
20250916_CIN@STL,2025-09-16,STL,CIN,3,0,1.0,0.48337473478588305,0.4948,CIN,STL,0
20250916_CLE@DET,2025-09-16,DET,CLE,5,7,0.0,0.5186763407301153,0.5265,DET,CLE,0
20250916_LAA@MIL,2025-09-16,MIL,LAA,9,2,1.0,0.6283938563527633,0.6251,MIL,MIL,1
20250916_MIA@COL,2025-09-16,COL,MIA,5,6,0.0,0.42611398255238647,0.4431,MIA,MIA,1
20250916_NYY@MIN,2025-09-16,MIN,NYY,9,10,0.0,0.4233659208857931,0.4406,NYY,NYY,1
20250916_PHI@LAD,2025-09-16,LAD,PHI,6,9,0.0,0.5259688234883538,0.5331,LAD,PHI,0
20250916_SD@NYM,2025-09-16,NYM,SD,8,3,1.0,0.49626492010759765,0.5064,SD,NYM,0
20250916_SEA@KC,2025-09-16,KC,SEA,5,12,0.0,0.46124879475417363,0.4749,SEA,SEA,1
20250916_SF@AZ,2025-09-16,AZ,SF,6,5,1.0,0.5721260643102869,0.5745,AZ,AZ,1
20250916_TEX@HOU,2025-09-16,HOU,TEX,6,5,1.0,0.5798740853917986,0.5815,HOU,HOU,1
20250916_TOR@TB,2025-09-16,TB,TOR,5,6,0.0,0.5218116233962219,0.5294,TB,TOR,0
20250915_ATL@WSH,2025-09-15,WSH,ATL,3,11,0.0,0.450464492821091,0.4644,ATL,ATL,1
20250915_BAL@CWS,2025-09-15,CWS,BAL,1,4,0.0,0.40729356950294376,0.4259,BAL,BAL,1
20250915_CHC@PIT,2025-09-15,PIT,CHC,0,4,0.0,0.49368000188725497,0.5026,CHC,CHC,1
20250915_CIN@STL,2025-09-15,STL,CIN,6,11,0.0,0.5156449897600952,0.522,STL,CIN,0
20250915_NYY@MIN,2025-09-15,MIN,NYY,7,0,1.0,0.416296416948065,0.4339,NYY,MIN,0
20250915_PHI@LAD,2025-09-15,LAD,PHI,5,6,0.0,0.5328858779954253,0.5373,LAD,PHI,0
20250915_SF@AZ,2025-09-15,AZ,SF,8,1,1.0,0.49689205618752147,0.5055,SF,AZ,0
20250915_TEX@HOU,2025-09-15,HOU,TEX,6,3,1.0,0.5326493205530435,0.537,HOU,HOU,1
20250915_TOR@TB,2025-09-15,TB,TOR,1,2,0.0,0.502432985139064,0.5104,TB,TOR,0
20250914_AZ@MIN,2025-09-14,MIN,AZ,4,6,0.0,0.472168193920026,0.4836,AZ,AZ,1
20250914_BAL@TOR,2025-09-14,TOR,BAL,11,2,1.0,0.5808507450052234,0.5796,TOR,TOR,1
20250914_CIN@ATH,2025-09-14,ATH,CIN,7,4,1.0,0.5311367863871349,0.5357,ATH,ATH,1
20250914_COL@SD,2025-09-14,SD,COL,9,6,1.0,0.7510644377320614,0.7328,SD,SD,1
20250914_CWS@CLE,2025-09-14,CLE,CWS,3,2,1.0,0.6188682048866577,0.6133,CLE,CLE,1
20250914_DET@MIA,2025-09-14,MIA,DET,0,2,0.0,0.4731846207504691,0.4845,DET,DET,1
20250914_HOU@ATL,2025-09-14,ATL,HOU,8,3,1.0,0.46729483705370023,0.4793,HOU,ATL,0
20250914_KC@PHI,2025-09-14,PHI,KC,3,10,0.0,0.5784580099688351,0.5775,PHI,KC,0
20250914_LAA@SEA,2025-09-14,SEA,LAA,11,2,1.0,0.6490355748795916,0.6402,SEA,SEA,1
20250914_LAD@SF,2025-09-14,SF,LAD,2,10,0.0,0.4620521466935241,0.4746,LAD,LAD,1
20250914_NYY@BOS,2025-09-14,BOS,NYY,6,4,1.0,0.5262949698831684,0.5314,BOS,BOS,1
20250914_PIT@WSH,2025-09-14,WSH,PIT,4,3,1.0,0.4876182844483845,0.4973,PIT,WSH,0
20250914_STL@MIL,2025-09-14,MIL,STL,2,3,0.0,0.6636659516443115,0.6533,MIL,STL,0
20250914_TB@CHC,2025-09-14,CHC,TB,4,3,1.0,0.5445400991832512,0.5475,CHC,CHC,1
20250914_TEX@NYM,2025-09-14,NYM,TEX,5,2,1.0,0.6159706976452982,0.6107,NYM,NYM,1
20250913_AZ@MIN,2025-09-13,MIN,AZ,2,5,0.0,0.4449555037960777,0.4595,AZ,AZ,1
20250913_BAL@TOR,2025-09-13,TOR,BAL,5,4,1.0,0.5738171391050491,0.5734,TOR,TOR,1
20250913_CIN@ATH,2025-09-13,ATH,CIN,11,5,1.0,0.4680408684115598,0.4799,CIN,ATH,0
20250913_COL@SD,2025-09-13,SD,COL,11,3,1.0,0.7391080930986422,0.7217,SD,SD,1
20250913_CWS@CLE,2025-09-13,CLE,CWS,3,1,1.0,0.6196817101276256,0.614,CLE,CLE,1
20250913_DET@MIA,2025-09-13,MIA,DET,6,4,1.0,0.4492555807865826,0.4633,DET,MIA,0
20250913_HOU@ATL,2025-09-13,ATL,HOU,2,6,0.0,0.4486219466904894,0.4627,HOU,HOU,1
20250913_KC@PHI,2025-09-13,PHI,KC,8,6,1.0,0.5487462266724811,0.5513,PHI,PHI,1
20250913_LAA@SEA,2025-09-13,SEA,LAA,5,3,1.0,0.641570713110044,0.6335,SEA,SEA,1
20250913_LAD@SF,2025-09-13,SF,LAD,7,13,0.0,0.4924343804341671,0.5015,LAD,LAD,1
20250913_NYY@BOS,2025-09-13,BOS,NYY,3,5,0.0,0.4671934518637258,0.4792,NYY,NYY,1
20250913_PIT@WSH,2025-09-13,WSH,PIT,1,5,0.0,0.5320959380098319,0.5366,WSH,PIT,0
20250913_STL@MIL,2025-09-13,MIL,STL,9,8,1.0,0.6144316685742719,0.6094,MIL,MIL,1
20250913_TB@CHC,2025-09-13,CHC,TB,4,5,0.0,0.5404967778539888,0.544,CHC,TB,0
20250913_TEX@NYM,2025-09-13,NYM,TEX,2,3,0.0,0.624231890334846,0.6181,NYM,TEX,0
20250912_AZ@MIN,2025-09-12,MIN,AZ,9,8,1.0,0.4668177023788794,0.4789,AZ,MIN,0
20250912_BAL@TOR,2025-09-12,TOR,BAL,6,1,1.0,0.5118346312201489,0.5187,TOR,TOR,1
20250912_CIN@ATH,2025-09-12,ATH,CIN,3,0,1.0,0.5143792924140901,0.5209,ATH,ATH,1
20250912_COL@SD,2025-09-12,SD,COL,2,4,0.0,0.7130388871933461,0.6979,SD,COL,0
20250912_CWS@CLE,2025-09-12,CLE,CWS,4,0,1.0,0.5886293941041708,0.5865,CLE,CLE,1
20250912_DET@MIA,2025-09-12,MIA,DET,8,2,1.0,0.4103506146977164,0.4286,DET,MIA,0
20250912_HOU@ATL,2025-09-12,ATL,HOU,3,11,0.0,0.48528320663747526,0.4952,HOU,HOU,1
20250912_KC@PHI,2025-09-12,PHI,KC,8,2,1.0,0.600378476660186,0.5969,PHI,PHI,1
20250912_LAA@SEA,2025-09-12,SEA,LAA,2,1,1.0,0.6377263104606932,0.6301,SEA,SEA,1
20250912_LAD@SF,2025-09-12,SF,LAD,5,1,1.0,0.4512388029478378,0.465,LAD,SF,0
20250912_NYY@BOS,2025-09-12,BOS,NYY,1,4,0.0,0.5079408474435532,0.5152,BOS,NYY,0
20250912_PIT@WSH,2025-09-12,WSH,PIT,6,5,1.0,0.5307467070949363,0.5354,WSH,WSH,1
20250912_STL@MIL,2025-09-12,MIL,STL,8,2,1.0,0.617266590858946,0.6119,MIL,MIL,1
20250912_TB@CHC,2025-09-12,CHC,TB,6,4,1.0,0.5081970360124418,0.5155,CHC,CHC,1
20250912_TEX@NYM,2025-09-12,NYM,TEX,3,8,0.0,0.5912465418036533,0.5888,NYM,TEX,0
20250911_COL@SD,2025-09-11,SD,COL,2,0,1.0,0.7161591686443507,0.7007,SD,SD,1
20250911_DET@NYY,2025-09-11,NYY,DET,9,3,1.0,0.5826325052937625,0.5812,NYY,NYY,1
20250911_HOU@TOR,2025-09-11,TOR,HOU,6,0,1.0,0.5540798361582735,0.556,TOR,TOR,1
20250911_KC@CLE,2025-09-11,CLE,KC,3,2,1.0,0.5324661644345164,0.5369,CLE,CLE,1
20250911_LAA@SEA,2025-09-11,SEA,LAA,7,6,1.0,0.5981569318296888,0.5949,SEA,SEA,1
20250911_NYM@PHI,2025-09-11,PHI,NYM,6,4,1.0,0.6222458996312289,0.6163,PHI,PHI,1
20250911_PIT@BAL,2025-09-11,BAL,PIT,3,2,1.0,0.5269405807187111,0.532,BAL,BAL,1
20250911_TB@CWS,2025-09-11,CWS,TB,5,1,1.0,0.43806635585553233,0.4533,TB,CWS,0
20250911_WSH@MIA,2025-09-11,MIA,WSH,5,0,1.0,0.47770729041422966,0.4885,WSH,MIA,0
20250910_AZ@SF,2025-09-10,SF,AZ,3,5,0.0,0.4725606355128497,0.4839,AZ,AZ,1
20250910_BOS@ATH,2025-09-10,ATH,BOS,5,4,1.0,0.44064878892880843,0.4556,BOS,ATH,0
20250910_CHC@ATL,2025-09-10,ATL,CHC,2,3,0.0,0.559166020338845,0.5605,ATL,CHC,0
20250910_CIN@SD,2025-09-10,SD,CIN,1,2,0.0,0.5822196532006174,0.5808,SD,CIN,0
20250910_COL@LAD,2025-09-10,LAD,COL,9,0,1.0,0.7250630878299715,0.7089,LAD,LAD,1
20250910_DET@NYY,2025-09-10,NYY,DET,1,11,0.0,0.5327864384131047,0.5372,NYY,DET,0
20250910_HOU@TOR,2025-09-10,TOR,HOU,2,3,0.0,0.5404413839220303,0.5439,TOR,HOU,0
20250910_KC@CLE,2025-09-10,CLE,KC,3,4,0.0,0.45731013877048177,0.4704,KC,KC,1
20250910_MIL@TEX,2025-09-10,TEX,MIL,6,3,1.0,0.47800784695790544,0.4888,MIL,TEX,0
20250910_MIN@LAA,2025-09-10,LAA,MIN,4,3,1.0,0.516053805801753,0.5224,LAA,LAA,1
20250910_NYM@PHI,2025-09-10,PHI,NYM,11,3,1.0,0.6303413280370646,0.6235,PHI,PHI,1
20250910_PIT@BAL,2025-09-10,BAL,PIT,2,1,1.0,0.5305406978103242,0.5352,BAL,BAL,1
20250910_STL@SEA,2025-09-10,SEA,STL,4,2,1.0,0.6202413299163753,0.6145,SEA,SEA,1
20250910_TB@CWS,2025-09-10,CWS,TB,6,5,1.0,0.4188285155586416,0.4362,TB,CWS,0
20250910_WSH@MIA,2025-09-10,MIA,WSH,8,3,1.0,0.47318616848337847,0.4845,WSH,MIA,0
20250909_AZ@SF,2025-09-09,SF,AZ,5,3,1.0,0.496264889381427,0.5049,AZ,SF,0
20250909_BOS@ATH,2025-09-09,ATH,BOS,0,6,0.0,0.4739536987714168,0.4852,BOS,BOS,1
20250909_CHC@ATL,2025-09-09,ATL,CHC,1,6,0.0,0.5152450015729525,0.5217,ATL,CHC,0
20250909_CIN@SD,2025-09-09,SD,CIN,2,4,0.0,0.6072850426452054,0.603,SD,CIN,0
20250909_COL@LAD,2025-09-09,LAD,COL,7,2,1.0,0.7354695513134999,0.7184,LAD,LAD,1
20250909_DET@NYY,2025-09-09,NYY,DET,2,12,0.0,0.578761940098891,0.5778,NYY,DET,0
20250909_HOU@TOR,2025-09-09,TOR,HOU,4,3,1.0,0.5668041036847941,0.5672,TOR,TOR,1
20250909_KC@CLE,2025-09-09,CLE,KC,2,0,1.0,0.49978376552034554,0.508,KC,CLE,0
20250909_MIL@TEX,2025-09-09,TEX,MIL,5,4,1.0,0.5056002231679341,0.5132,TEX,TEX,1
20250909_MIN@LAA,2025-09-09,LAA,MIN,12,2,1.0,0.46725892751486675,0.4793,MIN,LAA,0
20250909_NYM@PHI,2025-09-09,PHI,NYM,9,3,1.0,0.5642086783457515,0.5649,PHI,PHI,1
20250909_PIT@BAL,2025-09-09,BAL,PIT,3,2,1.0,0.5801006557983581,0.579,BAL,BAL,1
20250909_STL@SEA,2025-09-09,SEA,STL,5,3,1.0,0.566993886533785,0.5674,SEA,SEA,1
20250909_TB@CWS,2025-09-09,CWS,TB,4,5,0.0,0.4586819518073642,0.4716,TB,TB,1
20250909_WSH@MIA,2025-09-09,MIA,WSH,5,7,0.0,0.4677969832762722,0.4797,WSH,WSH,1
20250908_AZ@SF,2025-09-08,SF,AZ,11,5,1.0,0.5040799276136051,0.512,SF,SF,1
20250908_BOS@ATH,2025-09-08,ATH,BOS,0,7,0.0,0.49112754774845285,0.5004,BOS,BOS,1
20250908_CHC@ATL,2025-09-08,ATL,CHC,4,1,1.0,0.5049687539682545,0.5128,ATL,ATL,1
20250908_CIN@SD,2025-09-08,SD,CIN,4,3,1.0,0.5778823220466577,0.578,SD,SD,1
20250908_COL@LAD,2025-09-08,LAD,COL,3,1,1.0,0.7018110207961895,0.69,LAD,LAD,1
20250908_KC@CLE,2025-09-08,CLE,KC,10,2,1.0,0.48114340363560926,0.4914,KC,CLE,0
20250908_MIL@TEX,2025-09-08,TEX,MIL,5,0,1.0,0.5010671003750344,0.5093,TEX,TEX,1
20250908_MIN@LAA,2025-09-08,LAA,MIN,3,12,0.0,0.5294534107265895,0.5347,LAA,MIN,0
20250908_NYM@PHI,2025-09-08,PHI,NYM,1,0,1.0,0.5283162009067154,0.5337,PHI,PHI,1
20250908_STL@SEA,2025-09-08,SEA,STL,4,2,1.0,0.6357691466009644,0.63,SEA,SEA,1
20250908_WSH@MIA,2025-09-08,MIA,WSH,7,15,0.0,0.48552577217027476,0.4953,WSH,WSH,1
20250907_ATH@LAA,2025-09-07,LAA,ATH,4,3,1.0,0.47730752465790766,0.488,ATH,LAA,0
20250907_BOS@AZ,2025-09-07,AZ,BOS,4,7,0.0,0.5080063517484219,0.5155,AZ,BOS,0
20250907_CLE@TB,2025-09-07,TB,CLE,1,2,0.0,0.5570006379573849,0.5593,TB,CLE,0
20250907_CWS@DET,2025-09-07,DET,CWS,4,6,0.0,0.6046198460574075,0.602,DET,CWS,0
20250907_HOU@TEX,2025-09-07,TEX,HOU,4,2,1.0,0.527535553039615,0.533,TEX,TEX,1
20250907_LAD@BAL,2025-09-07,BAL,LAD,2,5,0.0,0.49270730066682267,0.5018,LAD,LAD,1
20250907_MIL@PIT,2025-09-07,PIT,MIL,2,10,0.0,0.4340323038915886,0.449,MIL,MIL,1
20250907_MIN@KC,2025-09-07,KC,MIN,1,5,0.0,0.6449445376146422,0.6383,KC,MIN,0
20250907_NYM@CIN,2025-09-07,CIN,NYM,3,2,1.0,0.4867434141497217,0.4964,NYM,CIN,0
20250907_PHI@MIA,2025-09-07,MIA,PHI,5,4,1.0,0.4618708469378601,0.4741,PHI,MIA,0
20250907_SD@COL,2025-09-07,COL,SD,1,8,0.0,0.37396652741617137,0.3945,SD,SD,1
20250907_SEA@ATL,2025-09-07,ATL,SEA,2,18,0.0,0.5470879173407708,0.5505,ATL,SEA,0
20250907_SF@STL,2025-09-07,STL,SF,4,3,1.0,0.46097306390366166,0.4733,SF,STL,0
20250907_TOR@NYY,2025-09-07,NYY,TOR,4,3,1.0,0.5575262662028402,0.5598,NYY,NYY,1
20250907_WSH@CHC,2025-09-07,CHC,WSH,3,6,0.0,0.5478599097006376,0.5511,CHC,WSH,0
20250906_ATH@LAA,2025-09-06,LAA,ATH,4,17,0.0,0.4760024848211551,0.4868,ATH,ATH,1
20250906_BOS@AZ,2025-09-06,AZ,BOS,5,1,1.0,0.489298011891065,0.4987,BOS,AZ,0
20250906_CLE@TB,2025-09-06,TB,CLE,2,3,0.0,0.5610334721098467,0.5629,TB,CLE,0
20250906_CWS@DET,2025-09-06,DET,CWS,6,0,1.0,0.6320231056907687,0.6267,DET,DET,1
20250906_HOU@TEX,2025-09-06,TEX,HOU,0,11,0.0,0.5655865578286882,0.567,TEX,HOU,0
20250906_LAD@BAL,2025-09-06,BAL,LAD,4,3,1.0,0.4768138406670191,0.4875,LAD,BAL,0
20250906_MIL@PIT,2025-09-06,PIT,MIL,1,4,0.0,0.45527340112517223,0.4682,MIL,MIL,1
20250906_MIN@KC,2025-09-06,KC,MIN,11,2,1.0,0.5994075978544475,0.5973,KC,KC,1
20250906_NYM@CIN,2025-09-06,CIN,NYM,6,3,1.0,0.449166362994312,0.4627,NYM,CIN,0
20250906_PHI@MIA,2025-09-06,MIA,PHI,2,4,0.0,0.42354886082612464,0.4395,PHI,PHI,1
20250906_SD@COL,2025-09-06,COL,SD,8,10,0.0,0.4114063691305825,0.4286,SD,SD,1
20250906_SEA@ATL,2025-09-06,ATL,SEA,2,10,0.0,0.5635495925344448,0.5652,ATL,SEA,0
20250906_SF@STL,2025-09-06,STL,SF,3,2,1.0,0.46240081737938366,0.4746,SF,STL,0
20250906_TOR@NYY,2025-09-06,NYY,TOR,3,1,1.0,0.5451863481522053,0.5488,NYY,NYY,1
20250906_WSH@CHC,2025-09-06,CHC,WSH,1,2,0.0,0.6348446331680919,0.6292,CHC,WSH,0
20250905_ATH@LAA,2025-09-05,LAA,ATH,4,10,0.0,0.4855844410491155,0.4954,ATH,ATH,1
20250905_BOS@AZ,2025-09-05,AZ,BOS,10,5,1.0,0.44466694079332486,0.4586,BOS,AZ,0
20250905_CLE@TB,2025-09-05,TB,CLE,1,7,0.0,0.5607543391998231,0.5627,TB,CLE,0
20250905_CWS@DET,2025-09-05,DET,CWS,5,7,0.0,0.606677179230225,0.6039,DET,CWS,0
20250905_HOU@TEX,2025-09-05,TEX,HOU,4,3,1.0,0.5512224059232044,0.5542,TEX,TEX,1
20250905_LAD@BAL,2025-09-05,BAL,LAD,2,1,1.0,0.41876159228580334,0.4352,LAD,BAL,0
20250905_MIL@PIT,2025-09-05,PIT,MIL,2,5,0.0,0.5172210599480144,0.5237,PIT,MIL,0
20250905_MIN@KC,2025-09-05,KC,MIN,2,1,1.0,0.6104663768219022,0.6073,KC,KC,1
20250905_NYM@CIN,2025-09-05,CIN,NYM,4,5,0.0,0.49362896251804633,0.5026,NYM,NYM,1
20250905_PHI@MIA,2025-09-05,MIA,PHI,3,9,0.0,0.4065777353434142,0.4242,PHI,PHI,1
20250905_SD@COL,2025-09-05,COL,SD,3,0,1.0,0.3578894383534758,0.3797,SD,COL,0
20250905_SEA@ATL,2025-09-05,ATL,SEA,4,1,1.0,0.5564704362505695,0.5589,ATL,ATL,1
20250905_SF@STL,2025-09-05,STL,SF,2,8,0.0,0.46208259276527563,0.4743,SF,SF,1
20250905_TOR@NYY,2025-09-05,NYY,TOR,1,7,0.0,0.5697126918069945,0.5707,NYY,TOR,0
20250905_WSH@CHC,2025-09-05,CHC,WSH,11,5,1.0,0.6175642872007875,0.6137,CHC,CHC,1
20250904_CLE@TB,2025-09-04,TB,CLE,4,2,1.0,0.5726701792089032,0.5734,TB,TB,1
20250904_CWS@MIN,2025-09-04,MIN,CWS,8,11,0.0,0.5248803036545379,0.5306,MIN,CWS,0
20250904_LAA@KC,2025-09-04,KC,LAA,4,3,1.0,0.5518664281807307,0.5547,KC,KC,1
20250904_LAD@PIT,2025-09-04,PIT,LAD,5,3,1.0,0.49576439169857,0.5045,LAD,PIT,0
20250904_NYY@HOU,2025-09-04,HOU,NYY,4,8,0.0,0.47690221147100154,0.4876,NYY,NYY,1
20250904_PHI@MIL,2025-09-04,MIL,PHI,0,2,0.0,0.5734102544506805,0.574,MIL,PHI,0
20250903_ATH@STL,2025-09-03,STL,ATH,5,1,1.0,0.5112694888015775,0.5184,STL,STL,1
20250903_ATL@CHC,2025-09-03,CHC,ATL,1,5,0.0,0.583602571448801,0.5832,CHC,ATL,0
20250903_BAL@SD,2025-09-03,SD,BAL,5,7,0.0,0.5221825273454934,0.5282,SD,BAL,0
20250903_CLE@BOS,2025-09-03,BOS,CLE,1,8,0.0,0.5488902602858886,0.5521,BOS,CLE,0
20250903_CWS@MIN,2025-09-03,MIN,CWS,3,4,0.0,0.5999028394523889,0.5978,MIN,CWS,0
20250903_LAA@KC,2025-09-03,KC,LAA,3,4,0.0,0.5847525735647656,0.5842,KC,LAA,0
20250903_LAD@PIT,2025-09-03,PIT,LAD,3,0,1.0,0.48733071655309845,0.4969,LAD,PIT,0
20250903_MIA@WSH,2025-09-03,WSH,MIA,10,5,1.0,0.508368662120678,0.5158,WSH,WSH,1
20250903_NYM@DET,2025-09-03,DET,NYM,6,2,1.0,0.4833665423416691,0.4934,NYM,DET,0
20250903_NYY@HOU,2025-09-03,HOU,NYY,8,7,1.0,0.4527208606381261,0.4659,NYY,HOU,0
20250903_PHI@MIL,2025-09-03,MIL,PHI,6,3,1.0,0.5614252147223724,0.5633,MIL,MIL,1
20250903_SEA@TB,2025-09-03,TB,SEA,9,4,1.0,0.5288679577645774,0.5342,TB,TB,1
20250903_SF@COL,2025-09-03,COL,SF,8,10,0.0,0.4048765210278566,0.4226,SF,SF,1
20250903_TEX@AZ,2025-09-03,AZ,TEX,2,0,1.0,0.5190485688467952,0.5254,AZ,AZ,1
20250903_TOR@CIN,2025-09-03,CIN,TOR,9,13,0.0,0.45436949119659953,0.4673,TOR,TOR,1
20250902_ATH@STL,2025-09-02,STL,ATH,2,1,1.0,0.43727922975741784,0.4519,ATH,STL,0
20250902_ATL@CHC,2025-09-02,CHC,ATL,4,3,1.0,0.5834331666141312,0.583,CHC,CHC,1
20250902_BAL@SD,2025-09-02,SD,BAL,2,6,0.0,0.5721047774419123,0.5729,SD,BAL,0
20250902_CLE@BOS,2025-09-02,BOS,CLE,11,7,1.0,0.5907568546661609,0.5896,BOS,BOS,1
20250902_CWS@MIN,2025-09-02,MIN,CWS,3,12,0.0,0.5948597445701237,0.5933,MIN,CWS,0
20250902_LAA@KC,2025-09-02,KC,LAA,1,5,0.0,0.5727941774656129,0.5735,KC,LAA,0
20250902_LAD@PIT,2025-09-02,PIT,LAD,9,7,1.0,0.5323066467878111,0.5372,PIT,PIT,1
20250902_MIA@WSH,2025-09-02,WSH,MIA,5,2,1.0,0.5372380128110625,0.5416,WSH,WSH,1
20250902_NYM@DET,2025-09-02,DET,NYM,5,12,0.0,0.46627695198061836,0.4781,NYM,NYM,1
20250902_NYY@HOU,2025-09-02,HOU,NYY,1,7,0.0,0.49104556325917514,0.5003,NYY,NYY,1
20250902_SEA@TB,2025-09-02,TB,SEA,6,5,1.0,0.526856863434665,0.5324,TB,TB,1
20250902_SF@COL,2025-09-02,COL,SF,4,7,0.0,0.40571822864287355,0.4234,SF,SF,1
20250902_TEX@AZ,2025-09-02,AZ,TEX,5,3,1.0,0.5141199947607575,0.521,AZ,AZ,1
20250902_TOR@CIN,2025-09-02,CIN,TOR,9,12,0.0,0.5340678858689882,0.5388,CIN,TOR,0
20250901_ATH@STL,2025-09-01,STL,ATH,3,11,0.0,0.5106549758330843,0.5196,STL,ATH,0
20250901_ATL@CHC,2025-09-01,CHC,ATL,7,6,1.0,0.5419159187506606,0.5474,CHC,CHC,1
20250901_BAL@SD,2025-09-01,SD,BAL,3,4,0.0,0.5045115619747699,0.5142,SD,BAL,0
20250901_CLE@BOS,2025-09-01,BOS,CLE,6,4,1.0,0.5545314469110664,0.5586,BOS,BOS,1
20250901_CWS@MIN,2025-09-01,MIN,CWS,5,6,0.0,0.5349632651888456,0.5413,MIN,CWS,0
20250901_LAA@HOU,2025-09-01,HOU,LAA,8,3,1.0,0.5761472371227051,0.5779,HOU,HOU,1
20250901_MIA@WSH,2025-09-01,WSH,MIA,2,0,1.0,0.529533080471739,0.5364,WSH,WSH,1
20250901_NYM@DET,2025-09-01,DET,NYM,8,10,0.0,0.5016030431628523,0.5116,DET,NYM,0
20250901_PHI@MIL,2025-09-01,MIL,PHI,8,10,0.0,0.6407422099802096,0.6355,MIL,PHI,0
20250901_SEA@TB,2025-09-01,TB,SEA,10,2,1.0,0.544976002242739,0.5502,TB,TB,1
20250901_SF@COL,2025-09-01,COL,SF,2,8,0.0,0.4728722336951414,0.486,SF,SF,1
20250901_TEX@AZ,2025-09-01,AZ,TEX,5,7,0.0,0.5793629571247968,0.5807,AZ,TEX,0
20250901_TOR@CIN,2025-09-01,CIN,TOR,5,4,1.0,0.5463540005305667,0.5514,CIN,CIN,1
20250831_ATL@PHI,2025-08-31,PHI,ATL,1,3,0.0,0.6410150041821447,0.6358,PHI,ATL,0
20250831_AZ@LAD,2025-08-31,LAD,AZ,5,4,1.0,0.581414525932564,0.5826,LAD,LAD,1
20250831_BAL@SF,2025-08-31,SF,BAL,13,2,1.0,0.5134987289254213,0.5222,SF,SF,1
20250831_CHC@COL,2025-08-31,COL,CHC,6,5,1.0,0.3911022141448227,0.4125,CHC,COL,0
20250831_DET@KC,2025-08-31,KC,DET,0,5,0.0,0.49584493849406674,0.5065,DET,DET,1
20250831_LAA@HOU,2025-08-31,HOU,LAA,0,3,0.0,0.5904880340772202,0.5906,HOU,LAA,0
20250831_MIA@NYM,2025-08-31,NYM,MIA,1,5,0.0,0.5971533974716932,0.5966,NYM,MIA,0
20250831_MIL@TOR,2025-08-31,TOR,MIL,8,4,1.0,0.4593099314942118,0.4739,MIL,TOR,0
20250831_NYY@CWS,2025-08-31,CWS,NYY,3,2,1.0,0.398993143712269,0.4196,NYY,CWS,0
20250831_PIT@BOS,2025-08-31,BOS,PIT,5,2,1.0,0.607625478370289,0.6059,BOS,BOS,1
20250831_SD@MIN,2025-08-31,MIN,SD,7,2,1.0,0.47097400431558056,0.4843,SD,MIN,0
20250831_SEA@CLE,2025-08-31,CLE,SEA,2,4,0.0,0.5414319983903311,0.547,CLE,SEA,0
20250831_STL@CIN,2025-08-31,CIN,STL,7,4,1.0,0.5632637711125059,0.5664,CIN,CIN,1
20250831_TB@WSH,2025-08-31,WSH,TB,4,7,0.0,0.4629023447184678,0.4771,TB,TB,1
20250831_TEX@ATH,2025-08-31,ATH,TEX,6,9,0.0,0.47057628643526705,0.4839,TEX,TEX,1
20250830_ATL@PHI,2025-08-30,PHI,ATL,3,2,1.0,0.5742052060050405,0.5761,PHI,PHI,1
20250830_AZ@LAD,2025-08-30,LAD,AZ,1,6,0.0,0.5664716474167899,0.5693,LAD,AZ,0
20250830_BAL@SF,2025-08-30,SF,BAL,1,11,0.0,0.48777563835673815,0.4993,BAL,BAL,1
20250830_CHC@COL,2025-08-30,COL,CHC,3,4,0.0,0.4484156749316719,0.4641,CHC,CHC,1
20250830_DET@KC,2025-08-30,KC,DET,3,1,1.0,0.5123651984152585,0.5212,KC,KC,1
20250830_LAA@HOU,2025-08-30,HOU,LAA,1,4,0.0,0.5898154025779125,0.59,HOU,LAA,0
20250830_MIA@NYM,2025-08-30,NYM,MIA,8,11,0.0,0.5925116949341707,0.5924,NYM,MIA,0
20250830_MIL@TOR,2025-08-30,TOR,MIL,1,4,0.0,0.5291513578927917,0.5361,TOR,MIL,0
20250830_NYY@CWS,2025-08-30,CWS,NYY,3,5,0.0,0.4011412977243044,0.4216,NYY,NYY,1
20250830_PIT@BOS,2025-08-30,BOS,PIT,3,10,0.0,0.549124454169964,0.5538,BOS,PIT,0
20250830_SD@MIN,2025-08-30,MIN,SD,3,12,0.0,0.46618733499978504,0.48,SD,SD,1
20250830_SEA@CLE,2025-08-30,CLE,SEA,4,3,1.0,0.5044227053785055,0.5141,CLE,CLE,1
20250830_STL@CIN,2025-08-30,CIN,STL,2,4,0.0,0.5591925297831898,0.5628,CIN,STL,0
20250830_TB@WSH,2025-08-30,WSH,TB,1,4,0.0,0.4877701820970836,0.4993,TB,TB,1
20250830_TEX@ATH,2025-08-30,ATH,TEX,3,9,0.0,0.5192021670963717,0.5272,ATH,TEX,0
20250829_ATL@PHI,2025-08-29,PHI,ATL,2,1,1.0,0.6024609693649635,0.6013,PHI,PHI,1
20250829_AZ@LAD,2025-08-29,LAD,AZ,0,3,0.0,0.5821316376739958,0.5832,LAD,AZ,0
20250829_BAL@SF,2025-08-29,SF,BAL,15,8,1.0,0.538354012105871,0.5443,SF,SF,1
20250829_CHC@COL,2025-08-29,COL,CHC,7,11,0.0,0.391121666576941,0.4125,CHC,CHC,1
20250829_DET@KC,2025-08-29,KC,DET,3,5,0.0,0.5085912091439763,0.5178,KC,DET,0
20250829_LAA@HOU,2025-08-29,HOU,LAA,2,0,1.0,0.5997068536632948,0.5988,HOU,HOU,1
20250829_MIA@NYM,2025-08-29,NYM,MIA,19,9,1.0,0.5940210622993031,0.5938,NYM,NYM,1
20250829_MIL@TOR,2025-08-29,TOR,MIL,2,7,0.0,0.5496237091751907,0.5543,TOR,MIL,0
20250829_NYY@CWS,2025-08-29,CWS,NYY,2,10,0.0,0.38322448152623834,0.4054,NYY,NYY,1
20250829_PIT@BOS,2025-08-29,BOS,PIT,2,4,0.0,0.6046002354846234,0.6032,BOS,PIT,0
20250829_SD@MIN,2025-08-29,MIN,SD,7,4,1.0,0.5209815316150349,0.5288,MIN,MIN,1
20250829_SEA@CLE,2025-08-29,CLE,SEA,5,4,1.0,0.4927348450204677,0.5037,SEA,CLE,0
20250829_STL@CIN,2025-08-29,CIN,STL,5,7,0.0,0.5383537483137601,0.5443,CIN,STL,0
20250829_TB@WSH,2025-08-29,WSH,TB,1,4,0.0,0.48691318075785384,0.4985,TB,TB,1
20250829_TEX@ATH,2025-08-29,ATH,TEX,2,5,0.0,0.5301528029625806,0.537,ATH,TEX,0
20250828_ATL@PHI,2025-08-28,PHI,ATL,19,4,1.0,0.6019793634559358,0.6009,PHI,PHI,1
20250828_AZ@MIL,2025-08-28,MIL,AZ,4,6,0.0,0.5693473661418702,0.5718,MIL,AZ,0
20250828_BOS@BAL,2025-08-28,BAL,BOS,2,3,0.0,0.4191271132331119,0.4378,BOS,BOS,1
20250828_CHC@SF,2025-08-28,SF,CHC,4,3,1.0,0.49998107295696337,0.5101,CHC,SF,0
20250828_COL@HOU,2025-08-28,HOU,COL,4,3,1.0,0.683458540997621,0.674,HOU,HOU,1
20250828_MIA@NYM,2025-08-28,NYM,MIA,4,7,0.0,0.6097985090425255,0.6078,NYM,MIA,0
20250828_NYY@CWS,2025-08-28,CWS,NYY,4,10,0.0,0.3842466669370571,0.4063,NYY,NYY,1
20250828_PIT@STL,2025-08-28,STL,PIT,4,1,1.0,0.4777223811431358,0.4903,PIT,STL,0
20250827_ATL@MIA,2025-08-27,MIA,ATL,1,12,0.0,0.4861979446302521,0.4979,ATL,ATL,1
20250827_AZ@MIL,2025-08-27,MIL,AZ,2,3,0.0,0.6082001637208632,0.6064,MIL,AZ,0
20250827_BOS@BAL,2025-08-27,BAL,BOS,2,3,0.0,0.5050852782241118,0.5147,BAL,BOS,0
20250827_CHC@SF,2025-08-27,SF,CHC,12,3,1.0,0.5055761332887955,0.5151,SF,SF,1
20250827_CIN@LAD,2025-08-27,LAD,CIN,5,1,1.0,0.6237750318633923,0.6203,LAD,LAD,1
20250827_COL@HOU,2025-08-27,HOU,COL,4,0,1.0,0.6617463050017005,0.6544,HOU,HOU,1
20250827_DET@ATH,2025-08-27,ATH,DET,7,0,1.0,0.4998752598487451,0.51,DET,ATH,0
20250827_KC@CWS,2025-08-27,CWS,KC,1,12,0.0,0.4014322834052776,0.4219,KC,KC,1
20250827_LAA@TEX,2025-08-27,TEX,LAA,20,3,1.0,0.577605184588635,0.5792,TEX,TEX,1
20250827_MIN@TOR,2025-08-27,TOR,MIN,9,8,1.0,0.6211324683420584,0.618,TOR,TOR,1
20250827_PHI@NYM,2025-08-27,NYM,PHI,6,0,1.0,0.5798178170021369,0.5811,NYM,NYM,1
20250827_PIT@STL,2025-08-27,STL,PIT,1,2,0.0,0.4980566136693262,0.5084,PIT,PIT,1
20250827_SD@SEA,2025-08-27,SEA,SD,4,3,1.0,0.5423462142806089,0.5478,SEA,SEA,1
20250827_TB@CLE,2025-08-27,CLE,TB,4,3,1.0,0.4868487971032067,0.4984,TB,CLE,0
20250827_WSH@NYY,2025-08-27,NYY,WSH,11,2,1.0,0.5956760575227296,0.5953,NYY,NYY,1
20250826_ATL@MIA,2025-08-26,MIA,ATL,2,11,0.0,0.5255865565179564,0.5329,MIA,ATL,0
20250826_AZ@MIL,2025-08-26,MIL,AZ,9,8,1.0,0.6461031587066435,0.6403,MIL,MIL,1
20250826_BOS@BAL,2025-08-26,BAL,BOS,0,5,0.0,0.5309510733768844,0.5377,BAL,BOS,0
20250826_CHC@SF,2025-08-26,SF,CHC,5,2,1.0,0.47125351595834675,0.4845,CHC,SF,0
20250826_CIN@LAD,2025-08-26,LAD,CIN,6,3,1.0,0.5985212191294708,0.5978,LAD,LAD,1
20250826_COL@HOU,2025-08-26,HOU,COL,1,6,0.0,0.6928919268011948,0.6825,HOU,COL,0
20250826_DET@ATH,2025-08-26,ATH,DET,7,6,1.0,0.47215416490948503,0.4853,DET,ATH,0
20250826_KC@CWS,2025-08-26,CWS,KC,4,5,0.0,0.4474025724626159,0.4632,KC,KC,1
20250826_LAA@TEX,2025-08-26,TEX,LAA,7,3,1.0,0.525774292153229,0.5331,TEX,TEX,1
20250826_MIN@TOR,2025-08-26,TOR,MIN,5,7,0.0,0.6509833109142145,0.6447,TOR,MIN,0
20250826_PHI@NYM,2025-08-26,NYM,PHI,6,5,1.0,0.5311474975821513,0.5379,NYM,NYM,1
20250826_PIT@STL,2025-08-26,STL,PIT,3,8,0.0,0.5280570444236248,0.5351,STL,PIT,0
20250826_SD@SEA,2025-08-26,SEA,SD,6,7,0.0,0.4807573252901037,0.493,SD,SD,1
20250826_TB@CLE,2025-08-26,CLE,TB,3,0,1.0,0.5087683408024272,0.518,CLE,CLE,1
20250826_WSH@NYY,2025-08-26,NYY,WSH,5,1,1.0,0.5860191958494184,0.5867,NYY,NYY,1
20250825_ATL@MIA,2025-08-25,MIA,ATL,2,1,1.0,0.5159696338083775,0.523,MIA,MIA,1
20250825_AZ@MIL,2025-08-25,MIL,AZ,7,5,1.0,0.6119255998169771,0.6075,MIL,MIL,1
20250825_BOS@BAL,2025-08-25,BAL,BOS,3,4,0.0,0.46264314537966633,0.476,BOS,BOS,1
20250825_CIN@LAD,2025-08-25,LAD,CIN,7,0,1.0,0.5810272988371694,0.5802,LAD,LAD,1
20250825_DET@ATH,2025-08-25,ATH,DET,8,3,1.0,0.4334142375228097,0.4501,DET,ATH,0
20250825_KC@CWS,2025-08-25,CWS,KC,7,0,1.0,0.4378078296307796,0.454,KC,CWS,0
20250825_LAA@TEX,2025-08-25,TEX,LAA,0,4,0.0,0.5785522746026548,0.578,TEX,LAA,0
20250825_MIN@TOR,2025-08-25,TOR,MIN,10,4,1.0,0.566324367597212,0.5673,TOR,TOR,1
20250825_PHI@NYM,2025-08-25,NYM,PHI,13,3,1.0,0.4836407107613703,0.4945,PHI,NYM,0
20250825_PIT@STL,2025-08-25,STL,PIT,7,6,1.0,0.4782243248477357,0.4897,PIT,STL,0
20250825_SD@SEA,2025-08-25,SEA,SD,9,6,1.0,0.4912618646023267,0.5012,SD,SEA,0
20250825_TB@CLE,2025-08-25,CLE,TB,0,9,0.0,0.5021177485659991,0.5108,CLE,TB,0
20250825_WSH@NYY,2025-08-25,NYY,WSH,10,5,1.0,0.6257544609333191,0.6197,NYY,NYY,1
20250824_ATH@SEA,2025-08-24,SEA,ATH,11,4,1.0,0.5184354905245371,0.5251,SEA,SEA,1
20250824_BOS@NYY,2025-08-24,NYY,BOS,7,2,1.0,0.5427781351986352,0.5465,NYY,NYY,1
20250824_CHC@LAA,2025-08-24,LAA,CHC,3,4,0.0,0.48982057080214236,0.4999,CHC,CHC,1
20250824_CIN@AZ,2025-08-24,AZ,CIN,1,6,0.0,0.5065583439030019,0.5147,AZ,CIN,0
20250824_CLE@TEX,2025-08-24,TEX,CLE,5,0,1.0,0.5176967892633271,0.5245,TEX,TEX,1
20250824_COL@PIT,2025-08-24,PIT,COL,4,0,1.0,0.5782098524643509,0.5777,PIT,PIT,1
20250824_HOU@BAL,2025-08-24,BAL,HOU,3,2,1.0,0.5677787938399121,0.5685,BAL,BAL,1
20250824_KC@DET,2025-08-24,DET,KC,8,10,0.0,0.5911722154298635,0.5891,DET,KC,0
20250824_LAD@SD,2025-08-24,SD,LAD,2,8,0.0,0.5355452067874981,0.5402,SD,LAD,0
20250824_MIN@CWS,2025-08-24,CWS,MIN,8,0,1.0,0.4742823612216399,0.4862,MIN,CWS,0
20250824_NYM@ATL,2025-08-24,ATL,NYM,4,3,1.0,0.4851386611226465,0.4958,NYM,ATL,0
20250824_SF@MIL,2025-08-24,MIL,SF,3,4,0.0,0.5838543555216182,0.5827,MIL,SF,0
20250824_STL@TB,2025-08-24,TB,STL,7,2,1.0,0.5477552983869625,0.5509,TB,TB,1
20250824_TOR@MIA,2025-08-24,MIA,TOR,5,3,1.0,0.46223559114472385,0.4756,TOR,MIA,0
20250824_WSH@PHI,2025-08-24,PHI,WSH,3,2,1.0,0.6641038737307959,0.6538,PHI,PHI,1
20250823_ATH@SEA,2025-08-23,SEA,ATH,1,2,0.0,0.5539532976140956,0.5564,SEA,ATH,0
20250823_BOS@NYY,2025-08-23,NYY,BOS,1,12,0.0,0.53358075253189,0.5384,NYY,BOS,0
20250823_CHC@LAA,2025-08-23,LAA,CHC,1,12,0.0,0.4546910935992796,0.4689,CHC,CHC,1
20250823_CIN@AZ,2025-08-23,AZ,CIN,10,1,1.0,0.5351320182006353,0.5398,AZ,AZ,1
20250823_CLE@TEX,2025-08-23,TEX,CLE,10,0,1.0,0.5370826750180933,0.5415,TEX,TEX,1
20250823_COL@PIT,2025-08-23,PIT,COL,5,1,1.0,0.6093240046107125,0.6052,PIT,PIT,1
20250823_HOU@BAL,2025-08-23,BAL,HOU,8,9,0.0,0.5760551443350044,0.5758,BAL,HOU,0
20250823_KC@DET,2025-08-23,DET,KC,4,2,1.0,0.5127782352182657,0.5201,DET,DET,1
20250823_LAD@SD,2025-08-23,SD,LAD,5,1,1.0,0.48312478636550055,0.494,LAD,SD,0
20250823_MIN@CWS,2025-08-23,CWS,MIN,7,3,1.0,0.4638071516153062,0.477,MIN,CWS,0
20250823_NYM@ATL,2025-08-23,ATL,NYM,2,9,0.0,0.5114744139889917,0.519,ATL,NYM,0
20250823_SF@MIL,2025-08-23,MIL,SF,1,7,0.0,0.597086337627551,0.5944,MIL,SF,0
20250823_TOR@MIA,2025-08-23,MIA,TOR,6,7,0.0,0.46413452700731767,0.4773,TOR,TOR,1
20250823_WSH@PHI,2025-08-23,PHI,WSH,6,4,1.0,0.6376902307098198,0.6303,PHI,PHI,1
20250822_ATH@SEA,2025-08-22,SEA,ATH,3,2,1.0,0.565329281042095,0.5664,SEA,SEA,1
20250822_BOS@NYY,2025-08-22,NYY,BOS,0,1,0.0,0.541512682872189,0.5454,NYY,BOS,0
20250822_CHC@LAA,2025-08-22,LAA,CHC,2,3,0.0,0.4599425050037526,0.4736,CHC,CHC,1
20250822_CIN@AZ,2025-08-22,AZ,CIN,6,5,1.0,0.5531175203661546,0.5556,AZ,AZ,1
20250822_CLE@TEX,2025-08-22,TEX,CLE,4,3,1.0,0.543053453699961,0.5468,TEX,TEX,1
20250822_COL@PIT,2025-08-22,PIT,COL,9,0,1.0,0.6088816156137605,0.6048,PIT,PIT,1
20250822_HOU@BAL,2025-08-22,BAL,HOU,7,10,0.0,0.5590449636514256,0.5608,BAL,HOU,0
20250822_KC@DET,2025-08-22,DET,KC,7,5,1.0,0.5006525467885781,0.5095,DET,DET,1
20250822_LAD@SD,2025-08-22,SD,LAD,2,1,1.0,0.5150649913427409,0.5222,SD,SD,1
20250822_MIN@CWS,2025-08-22,CWS,MIN,7,9,0.0,0.42071918180704965,0.4388,MIN,MIN,1
20250822_NYM@ATL,2025-08-22,ATL,NYM,7,12,0.0,0.5118978699589428,0.5194,ATL,NYM,0
20250822_SF@MIL,2025-08-22,MIL,SF,5,4,1.0,0.6265802546432928,0.6204,MIL,MIL,1
20250822_STL@TB,2025-08-22,TB,STL,10,6,1.0,0.5425648714360779,0.5463,TB,TB,1
20250822_TOR@MIA,2025-08-22,MIA,TOR,2,5,0.0,0.4829593134076893,0.4939,TOR,TOR,1
20250822_WSH@PHI,2025-08-22,PHI,WSH,4,5,0.0,0.6199241383122278,0.6145,PHI,WSH,0
20250821_ATH@MIN,2025-08-21,MIN,ATH,3,8,0.0,0.49136582537824347,0.5013,ATH,ATH,1
20250821_BOS@NYY,2025-08-21,NYY,BOS,3,6,0.0,0.5575620503124009,0.5595,NYY,BOS,0
20250821_HOU@BAL,2025-08-21,BAL,HOU,2,7,0.0,0.5450563601584524,0.5485,BAL,HOU,0
20250821_LAD@COL,2025-08-21,COL,LAD,5,9,0.0,0.4788972684771885,0.4903,LAD,LAD,1
20250821_MIL@CHC,2025-08-21,CHC,MIL,1,4,0.0,0.5024635641896759,0.5111,CHC,MIL,0
20250821_NYM@WSH,2025-08-21,WSH,NYM,9,3,1.0,0.4456185320288984,0.4609,NYM,WSH,0
20250821_SF@SD,2025-08-21,SD,SF,8,4,1.0,0.6086672853214798,0.6046,SD,SD,1
20250821_STL@TB,2025-08-21,TB,STL,4,7,0.0,0.5595674786607956,0.5613,TB,STL,0
20250821_TEX@KC,2025-08-21,KC,TEX,6,4,1.0,0.5726851169576549,0.5729,KC,KC,1
20250820_ATH@MIN,2025-08-20,MIN,ATH,2,4,0.0,0.4592673889286746,0.473,ATH,ATH,1
20250820_CIN@LAA,2025-08-20,LAA,CIN,2,1,1.0,0.5339801895102836,0.5388,LAA,LAA,1
20250820_CLE@AZ,2025-08-20,AZ,CLE,3,2,1.0,0.4763133066133819,0.488,CLE,AZ,0
20250820_CWS@ATL,2025-08-20,ATL,CWS,1,0,1.0,0.5907804449474631,0.5888,ATL,ATL,1
20250820_HOU@DET,2025-08-20,DET,HOU,7,2,1.0,0.5683900229781247,0.5691,DET,DET,1
20250820_LAD@COL,2025-08-20,COL,LAD,8,3,1.0,0.37911919203217714,0.4016,LAD,COL,0
20250820_MIL@CHC,2025-08-20,CHC,MIL,4,3,1.0,0.41633986365348763,0.4349,MIL,CHC,0
20250820_NYM@WSH,2025-08-20,WSH,NYM,5,4,1.0,0.45935704091599894,0.4731,NYM,WSH,0
20250820_NYY@TB,2025-08-20,TB,NYY,4,6,0.0,0.4286950463650389,0.4459,NYY,NYY,1
20250820_SEA@PHI,2025-08-20,PHI,SEA,11,2,1.0,0.6103971943883879,0.6061,PHI,PHI,1
20250820_SF@SD,2025-08-20,SD,SF,8,1,1.0,0.5877440039065425,0.5861,SD,SD,1
20250820_STL@MIA,2025-08-20,MIA,STL,6,2,1.0,0.5013243016472607,0.5101,MIA,MIA,1
20250820_TEX@KC,2025-08-20,KC,TEX,3,6,0.0,0.5835653493782241,0.5824,KC,TEX,0
20250820_TOR@PIT,2025-08-20,PIT,TOR,2,1,1.0,0.5592910057803993,0.5611,PIT,PIT,1
20250819_ATH@MIN,2025-08-19,MIN,ATH,3,6,0.0,0.5068418402087956,0.5149,MIN,ATH,0
20250819_BAL@BOS,2025-08-19,BOS,BAL,3,4,0.0,0.5150026859605071,0.5221,BOS,BAL,0
20250819_CIN@LAA,2025-08-19,LAA,CIN,4,6,0.0,0.45825427467581137,0.4721,CIN,CIN,1
20250819_CLE@AZ,2025-08-19,AZ,CLE,6,5,1.0,0.4908050039357821,0.5008,CLE,AZ,0
20250819_CWS@ATL,2025-08-19,ATL,CWS,11,10,1.0,0.5730586873504273,0.5732,ATL,ATL,1
20250819_HOU@DET,2025-08-19,DET,HOU,1,0,1.0,0.5749742694411762,0.5749,DET,DET,1
20250819_LAD@COL,2025-08-19,COL,LAD,4,11,0.0,0.4003265534605849,0.4206,LAD,LAD,1
20250819_MIL@CHC,2025-08-19,CHC,MIL,6,4,1.0,0.4419851152784809,0.4577,MIL,CHC,0
20250819_MIL@CHC,2025-08-19,CHC,MIL,4,1,1.0,0.40091285494526085,0.4211,MIL,CHC,0
20250819_NYM@WSH,2025-08-19,WSH,NYM,1,8,0.0,0.4108282170189336,0.43,NYM,NYM,1
20250819_NYY@TB,2025-08-19,TB,NYY,3,13,0.0,0.461974144815091,0.4754,NYY,NYY,1
20250819_SEA@PHI,2025-08-19,PHI,SEA,6,4,1.0,0.6345825132922365,0.6275,PHI,PHI,1
20250819_SF@SD,2025-08-19,SD,SF,5,1,1.0,0.6147293877666401,0.61,SD,SD,1
20250819_STL@MIA,2025-08-19,MIA,STL,4,7,0.0,0.5273521422890266,0.533,MIA,STL,0
20250819_TEX@KC,2025-08-19,KC,TEX,5,2,1.0,0.5626234194631196,0.564,KC,KC,1
20250819_TOR@PIT,2025-08-19,PIT,TOR,3,7,0.0,0.4799191428975058,0.4912,TOR,TOR,1
20250818_BAL@BOS,2025-08-18,BOS,BAL,3,6,0.0,0.5343152243070688,0.5398,BOS,BAL,0
20250818_CIN@LAA,2025-08-18,LAA,CIN,1,4,0.0,0.5158092030908112,0.5231,LAA,CIN,0
20250818_CLE@AZ,2025-08-18,AZ,CLE,1,3,0.0,0.5078437837145319,0.516,AZ,CLE,0
20250818_CWS@ATL,2025-08-18,ATL,CWS,9,13,0.0,0.6214875000439001,0.6183,ATL,CWS,0
20250818_HOU@DET,2025-08-18,DET,HOU,10,0,1.0,0.5591272500175238,0.5621,DET,DET,1
20250818_LAD@COL,2025-08-18,COL,LAD,4,3,1.0,0.44128952300191904,0.4559,LAD,COL,0
20250818_MIL@CHC,2025-08-18,CHC,MIL,0,7,0.0,0.46181909200158466,0.4744,MIL,MIL,1
20250818_SEA@PHI,2025-08-18,PHI,SEA,12,7,1.0,0.5208397229154462,0.5277,PHI,PHI,1
20250818_SF@SD,2025-08-18,SD,SF,3,4,0.0,0.5661555897438414,0.5684,SD,SF,0
20250818_STL@MIA,2025-08-18,MIA,STL,3,8,0.0,0.5434085711470651,0.548,MIA,STL,0
20250818_TEX@KC,2025-08-18,KC,TEX,4,3,1.0,0.5408409681731374,0.5456,KC,KC,1
20250818_TOR@PIT,2025-08-18,PIT,TOR,5,2,1.0,0.4707095580263486,0.4825,TOR,PIT,0
20250817_ATL@CLE,2025-08-17,CLE,ATL,4,5,0.0,0.5856449002826615,0.586,CLE,ATL,0
20250817_AZ@COL,2025-08-17,COL,AZ,6,5,1.0,0.49500778067267304,0.5044,AZ,COL,0
20250817_BAL@HOU,2025-08-17,HOU,BAL,0,12,0.0,0.5491768992410567,0.5531,HOU,BAL,0
20250817_CWS@KC,2025-08-17,KC,CWS,6,2,1.0,0.6203882523916057,0.6173,KC,KC,1
20250817_DET@MIN,2025-08-17,MIN,DET,8,1,1.0,0.49896885906978217,0.508,DET,MIN,0
20250817_LAA@ATH,2025-08-17,ATH,LAA,5,11,0.0,0.5186317164529922,0.5257,ATH,LAA,0
20250817_MIA@BOS,2025-08-17,BOS,MIA,3,5,0.0,0.6137906267923243,0.6114,BOS,MIA,0
20250817_MIL@CIN,2025-08-17,CIN,MIL,3,2,1.0,0.45313708817999987,0.4666,MIL,CIN,0
20250817_NYY@STL,2025-08-17,STL,NYY,4,8,0.0,0.4772618454884791,0.4884,NYY,NYY,1
20250817_PHI@WSH,2025-08-17,WSH,PHI,9,11,0.0,0.4561214920897405,0.4693,PHI,PHI,1
20250817_PIT@CHC,2025-08-17,CHC,PIT,4,3,1.0,0.5555476760970418,0.5589,CHC,CHC,1
20250817_SD@LAD,2025-08-17,LAD,SD,5,4,1.0,0.5404159360111226,0.5453,LAD,LAD,1
20250817_SEA@NYM,2025-08-17,NYM,SEA,7,3,1.0,0.5074000469621675,0.5156,NYM,NYM,1
20250817_TB@SF,2025-08-17,SF,TB,7,1,1.0,0.49785758208683856,0.507,TB,SF,0
20250817_TEX@TOR,2025-08-17,TOR,TEX,4,10,0.0,0.5813446920798412,0.5821,TOR,TEX,0
20250816_ATL@CLE,2025-08-16,CLE,ATL,1,10,0.0,0.5391672354603284,0.5441,CLE,ATL,0
20250816_AZ@COL,2025-08-16,COL,AZ,10,7,1.0,0.4752142563468801,0.4865,AZ,COL,0
20250816_BAL@HOU,2025-08-16,HOU,BAL,5,4,1.0,0.5399339123903716,0.5448,HOU,HOU,1
20250816_CWS@KC,2025-08-16,KC,CWS,6,2,1.0,0.5709989118376958,0.5728,KC,KC,1
20250816_DET@MIN,2025-08-16,MIN,DET,5,8,0.0,0.5386119178033066,0.5436,MIN,DET,0
20250816_LAA@ATH,2025-08-16,ATH,LAA,7,2,1.0,0.5313073036774106,0.5371,ATH,ATH,1
20250816_MIA@BOS,2025-08-16,BOS,MIA,7,5,1.0,0.5732919088466802,0.5748,BOS,BOS,1
20250816_MIL@CIN,2025-08-16,CIN,MIL,5,6,0.0,0.427936310871606,0.4437,MIL,MIL,1
20250816_NYY@STL,2025-08-16,STL,NYY,8,12,0.0,0.504783532466275,0.5132,STL,NYY,0
20250816_PHI@WSH,2025-08-16,WSH,PHI,2,0,1.0,0.48320792599381385,0.4938,PHI,WSH,0
20250816_PIT@CHC,2025-08-16,CHC,PIT,3,1,1.0,0.584811497081747,0.5852,CHC,CHC,1
20250816_SD@LAD,2025-08-16,LAD,SD,6,0,1.0,0.48822887765250256,0.4983,SD,LAD,0
20250816_SEA@NYM,2025-08-16,NYM,SEA,3,1,1.0,0.5344491054715778,0.5399,NYM,NYM,1
20250816_TB@SF,2025-08-16,SF,TB,1,2,0.0,0.5163989321323208,0.5237,SF,TB,0
20250816_TEX@TOR,2025-08-16,TOR,TEX,14,2,1.0,0.5990526775527009,0.5981,TOR,TOR,1
20250815_ATL@CLE,2025-08-15,CLE,ATL,0,2,0.0,0.592850043560494,0.5925,CLE,ATL,0
20250815_AZ@COL,2025-08-15,COL,AZ,4,3,1.0,0.4331538250784881,0.4485,AZ,COL,0
20250815_BAL@HOU,2025-08-15,HOU,BAL,0,7,0.0,0.6079213060675809,0.6061,HOU,BAL,0
20250815_CWS@KC,2025-08-15,KC,CWS,3,1,1.0,0.5735792499017033,0.5751,KC,KC,1
20250815_DET@MIN,2025-08-15,MIN,DET,0,7,0.0,0.5033223974085671,0.5119,MIN,DET,0
20250815_LAA@ATH,2025-08-15,ATH,LAA,10,3,1.0,0.48835554103286233,0.4984,LAA,ATH,0
20250815_MIA@BOS,2025-08-15,BOS,MIA,2,1,1.0,0.5693125258546387,0.5713,BOS,BOS,1
20250815_MIL@CIN,2025-08-15,CIN,MIL,8,10,0.0,0.44201788940908515,0.4565,MIL,MIL,1
20250815_NYY@STL,2025-08-15,STL,NYY,3,4,0.0,0.47885235569946705,0.4898,NYY,NYY,1
20250815_PHI@WSH,2025-08-15,WSH,PHI,2,6,0.0,0.4453599632620128,0.4595,PHI,PHI,1
20250815_PIT@CHC,2025-08-15,CHC,PIT,2,3,0.0,0.5776978258174169,0.5788,CHC,PIT,0
20250815_SD@LAD,2025-08-15,LAD,SD,3,2,1.0,0.5157858352121383,0.5231,LAD,LAD,1
20250815_SEA@NYM,2025-08-15,NYM,SEA,9,11,0.0,0.5355591479468219,0.5409,NYM,SEA,0
20250815_TB@SF,2025-08-15,SF,TB,6,7,0.0,0.5199668904590974,0.5269,SF,TB,0
20250815_TEX@TOR,2025-08-15,TOR,TEX,6,5,1.0,0.5681133644130578,0.5702,TOR,TOR,1
20250814_ATL@NYM,2025-08-14,NYM,ATL,3,4,0.0,0.5665122691717985,0.5687,NYM,ATL,0
20250814_AZ@COL,2025-08-14,COL,AZ,2,8,0.0,0.44203084749126476,0.4565,AZ,AZ,1
20250814_CHC@TOR,2025-08-14,TOR,CHC,2,1,1.0,0.5621874147091785,0.5648,TOR,TOR,1
20250814_DET@MIN,2025-08-14,MIN,DET,3,4,0.0,0.44805017436831784,0.462,DET,DET,1
20250814_MIA@CLE,2025-08-14,CLE,MIA,9,4,1.0,0.538132320012797,0.5432,CLE,CLE,1
20250814_PHI@WSH,2025-08-14,WSH,PHI,3,2,1.0,0.42500269962672577,0.4411,PHI,WSH,0
20250814_SEA@BAL,2025-08-14,BAL,SEA,5,3,1.0,0.4908905911336573,0.5007,SEA,BAL,0
20250813_ATL@NYM,2025-08-13,NYM,ATL,6,11,0.0,0.5907822155664827,0.5906,NYM,ATL,0
20250813_AZ@TEX,2025-08-13,TEX,AZ,4,6,0.0,0.5337398944894292,0.5393,TEX,AZ,0
20250813_BOS@HOU,2025-08-13,HOU,BOS,4,1,1.0,0.5806839658476833,0.5815,HOU,HOU,1
20250813_CHC@TOR,2025-08-13,TOR,CHC,1,4,0.0,0.5787743214671155,0.5798,TOR,CHC,0
20250813_COL@STL,2025-08-13,STL,COL,5,6,0.0,0.6292404826612843,0.6253,STL,COL,0
20250813_DET@CWS,2025-08-13,CWS,DET,0,1,0.0,0.4622106051778405,0.4748,DET,DET,1
20250813_LAD@LAA,2025-08-13,LAA,LAD,6,5,1.0,0.46230023594313396,0.4749,LAD,LAA,0
20250813_MIA@CLE,2025-08-13,CLE,MIA,4,13,0.0,0.5779345594958778,0.579,CLE,MIA,0
20250813_MIN@NYY,2025-08-13,NYY,MIN,1,4,0.0,0.5860605594806281,0.5863,NYY,MIN,0
20250813_PHI@CIN,2025-08-13,CIN,PHI,8,0,1.0,0.49489335944850854,0.5043,PHI,CIN,0
20250813_PIT@MIL,2025-08-13,MIL,PIT,12,5,1.0,0.6816401213776648,0.6729,MIL,MIL,1
20250813_SD@SF,2025-08-13,SF,SD,1,11,0.0,0.47063831708803205,0.4824,SD,SD,1
20250813_SEA@BAL,2025-08-13,BAL,SEA,4,3,1.0,0.4513165749061664,0.4649,SEA,BAL,0
20250813_TB@ATH,2025-08-13,ATH,TB,2,8,0.0,0.5012649019129342,0.51,ATH,TB,0
20250813_WSH@KC,2025-08-13,KC,WSH,7,8,0.0,0.6015016936117782,0.6003,KC,WSH,0
20250812_ATL@NYM,2025-08-12,NYM,ATL,13,5,1.0,0.49824645618415275,0.5073,ATL,NYM,0
20250812_AZ@TEX,2025-08-12,TEX,AZ,2,3,0.0,0.5649085025461733,0.5673,TEX,AZ,0
20250812_BOS@HOU,2025-08-12,HOU,BOS,1,14,0.0,0.5419337760932197,0.5466,HOU,BOS,0
20250812_CHC@TOR,2025-08-12,TOR,CHC,5,1,1.0,0.5729429979800422,0.5745,TOR,TOR,1
20250812_COL@STL,2025-08-12,STL,COL,0,3,0.0,0.6211151462282415,0.618,STL,COL,0
20250812_DET@CWS,2025-08-12,CWS,DET,9,6,1.0,0.4183777342747955,0.435,DET,CWS,0
20250812_LAD@LAA,2025-08-12,LAA,LAD,7,6,1.0,0.5252051336511075,0.5316,LAA,LAA,1
20250812_MIA@CLE,2025-08-12,CLE,MIA,4,3,1.0,0.5967035583319781,0.5959,CLE,CLE,1
20250812_MIN@NYY,2025-08-12,NYY,MIN,9,1,1.0,0.6260300830734841,0.6224,NYY,NYY,1
20250812_PHI@CIN,2025-08-12,CIN,PHI,6,1,1.0,0.46601047508290416,0.4782,PHI,CIN,0
20250812_PIT@MIL,2025-08-12,MIL,PIT,14,0,1.0,0.5882907655455695,0.5884,MIL,MIL,1
20250812_SD@SF,2025-08-12,SF,SD,1,5,0.0,0.49602085767699455,0.5053,SD,SD,1
20250812_SEA@BAL,2025-08-12,BAL,SEA,0,1,0.0,0.45858039172158427,0.4715,SEA,SEA,1
20250812_TB@ATH,2025-08-12,ATH,TB,6,0,1.0,0.4911680147120155,0.5009,TB,ATH,0
20250812_WSH@KC,2025-08-12,KC,WSH,8,5,1.0,0.6021387145083158,0.6008,KC,KC,1
20250811_AZ@TEX,2025-08-11,TEX,AZ,7,6,1.0,0.5358860486288967,0.5419,TEX,TEX,1
20250811_BOS@HOU,2025-08-11,HOU,BOS,7,6,1.0,0.5050617517884911,0.5153,HOU,HOU,1
20250811_COL@STL,2025-08-11,STL,COL,3,2,1.0,0.6682609843051965,0.6567,STL,STL,1
20250811_DET@CWS,2025-08-11,CWS,DET,1,2,0.0,0.4703879578290579,0.4853,DET,DET,1
20250811_LAD@LAA,2025-08-11,LAA,LAD,7,4,1.0,0.45049401580962317,0.4681,LAD,LAA,0
20250811_MIN@NYY,2025-08-11,NYY,MIN,6,2,1.0,0.5683767224777618,0.5699,NYY,NYY,1
20250811_PHI@CIN,2025-08-11,CIN,PHI,1,4,0.0,0.5035109575576593,0.514,CIN,PHI,0
20250811_PIT@MIL,2025-08-11,MIL,PIT,7,1,1.0,0.7503120330874755,0.7299,MIL,MIL,1
20250811_SD@SF,2025-08-11,SF,SD,1,4,0.0,0.4953294612657169,0.5069,SD,SD,1
20250811_TB@ATH,2025-08-11,ATH,TB,4,7,0.0,0.477538869773983,0.4915,TB,TB,1
20250811_WSH@KC,2025-08-11,KC,WSH,7,4,1.0,0.5267313476340576,0.534,KC,KC,1
20250810_ATH@BAL,2025-08-10,BAL,ATH,2,3,0.0,0.5213924850104094,0.5294,BAL,ATH,0
20250810_BOS@SD,2025-08-10,SD,BOS,6,2,1.0,0.5808618433375938,0.5807,SD,SD,1
20250810_CHC@STL,2025-08-10,STL,CHC,3,2,1.0,0.5129454003984223,0.5221,STL,STL,1
20250810_CIN@PIT,2025-08-10,PIT,CIN,8,14,0.0,0.5520262312912586,0.5558,PIT,CIN,0
20250810_CLE@CWS,2025-08-10,CWS,CLE,6,4,1.0,0.48121190847056816,0.4947,CLE,CWS,0
20250810_COL@AZ,2025-08-10,AZ,COL,13,6,1.0,0.6908977893868651,0.6767,AZ,AZ,1
20250810_HOU@NYY,2025-08-10,NYY,HOU,1,7,0.0,0.5294231097976979,0.5363,NYY,HOU,0
20250810_KC@MIN,2025-08-10,MIN,KC,5,3,1.0,0.5065517582999512,0.5166,MIN,MIN,1
20250810_LAA@DET,2025-08-10,DET,LAA,9,5,1.0,0.5808998082174623,0.5807,DET,DET,1
20250810_MIA@ATL,2025-08-10,ATL,MIA,7,1,1.0,0.5607087447277326,0.5633,ATL,ATL,1
20250810_NYM@MIL,2025-08-10,MIL,NYM,7,6,1.0,0.5483822382184887,0.5527,MIL,MIL,1
20250810_PHI@TEX,2025-08-10,TEX,PHI,2,4,0.0,0.4794870224067005,0.4932,PHI,PHI,1
20250810_TB@SEA,2025-08-10,SEA,TB,6,3,1.0,0.6122828981914368,0.6079,SEA,SEA,1
20250810_TOR@LAD,2025-08-10,LAD,TOR,4,5,0.0,0.5736586659938566,0.5745,LAD,TOR,0
20250810_WSH@SF,2025-08-10,SF,WSH,0,8,0.0,0.6012275314351682,0.5983,SF,WSH,0
20250809_ATH@BAL,2025-08-09,BAL,ATH,3,11,0.0,0.47194590160625066,0.4867,ATH,ATH,1
20250809_BOS@SD,2025-08-09,SD,BOS,5,4,1.0,0.5568626508896912,0.56,SD,SD,1
20250809_CHC@STL,2025-08-09,STL,CHC,1,9,0.0,0.518378825027117,0.5268,STL,CHC,0
20250809_CIN@PIT,2025-08-09,PIT,CIN,1,2,0.0,0.5466786400153407,0.5512,PIT,CIN,0
20250809_CLE@CWS,2025-08-09,CWS,CLE,1,3,0.0,0.45447172174004247,0.4715,CLE,CLE,1
20250809_COL@AZ,2025-08-09,AZ,COL,6,5,1.0,0.6853319407896094,0.6718,AZ,AZ,1
20250809_HOU@NYY,2025-08-09,NYY,HOU,5,4,1.0,0.5319981962715158,0.5385,NYY,NYY,1
20250809_KC@MIN,2025-08-09,MIN,KC,0,2,0.0,0.5036208277179547,0.5141,MIN,KC,0
20250809_LAA@DET,2025-08-09,DET,LAA,4,7,0.0,0.5363090464412628,0.5423,DET,LAA,0
20250809_MIA@ATL,2025-08-09,ATL,MIA,7,1,1.0,0.45740408550907896,0.4741,MIA,ATL,0
20250809_MIA@ATL,2025-08-09,ATL,MIA,8,6,1.0,0.46012083806068294,0.4764,MIA,ATL,0
20250809_NYM@MIL,2025-08-09,MIL,NYM,7,4,1.0,0.573322028913043,0.5742,MIL,MIL,1
20250809_PHI@TEX,2025-08-09,TEX,PHI,2,3,0.0,0.48205337754220623,0.4954,PHI,PHI,1
20250809_TB@SEA,2025-08-09,SEA,TB,7,4,1.0,0.5298832954948262,0.5367,SEA,SEA,1
20250809_TOR@LAD,2025-08-09,LAD,TOR,9,1,1.0,0.5469082715975895,0.5514,LAD,LAD,1
20250809_WSH@SF,2025-08-09,SF,WSH,2,4,0.0,0.659346856448734,0.6489,SF,WSH,0
20250808_ATH@BAL,2025-08-08,BAL,ATH,3,2,1.0,0.47625694140672215,0.4904,ATH,BAL,0
20250808_BOS@SD,2025-08-08,SD,BOS,2,10,0.0,0.5689513082719846,0.5704,SD,BOS,0
20250808_CHC@STL,2025-08-08,STL,CHC,5,0,1.0,0.4503183242076986,0.4679,CHC,STL,0
20250808_CIN@PIT,2025-08-08,PIT,CIN,3,2,1.0,0.4343086783299947,0.454,CIN,PIT,0
20250808_CLE@CWS,2025-08-08,CWS,CLE,5,9,0.0,0.45719944153472525,0.4739,CLE,CLE,1
20250808_COL@AZ,2025-08-08,AZ,COL,6,1,1.0,0.6507155319800656,0.6414,AZ,AZ,1
20250808_HOU@NYY,2025-08-08,NYY,HOU,3,5,0.0,0.5039745311380324,0.5144,NYY,HOU,0
20250808_KC@MIN,2025-08-08,MIN,KC,9,4,1.0,0.551451388127094,0.5553,MIN,MIN,1
20250808_LAA@DET,2025-08-08,DET,LAA,6,5,1.0,0.6312184290854228,0.6243,DET,DET,1
20250808_MIA@ATL,2025-08-08,ATL,MIA,1,5,0.0,0.4636774570496355,0.4795,MIA,MIA,1
20250808_NYM@MIL,2025-08-08,MIL,NYM,3,2,1.0,0.6653651294282195,0.6542,MIL,MIL,1
20250808_PHI@TEX,2025-08-08,TEX,PHI,1,9,0.0,0.5073364770423283,0.5173,TEX,PHI,0
20250808_TB@SEA,2025-08-08,SEA,TB,3,2,1.0,0.5705413340809212,0.5718,SEA,SEA,1
20250808_TOR@LAD,2025-08-08,LAD,TOR,5,1,1.0,0.5044498845701113,0.5148,LAD,LAD,1
20250808_WSH@SF,2025-08-08,SF,WSH,5,0,1.0,0.6686071994093319,0.657,SF,SF,1
20250807_ATH@WSH,2025-08-07,WSH,ATH,0,6,0.0,0.4459964822909762,0.4642,ATH,ATH,1
20250807_CIN@PIT,2025-08-07,PIT,CIN,7,0,1.0,0.5565660123291594,0.5597,PIT,PIT,1
20250807_CWS@SEA,2025-08-07,SEA,CWS,4,3,1.0,0.6842625278263843,0.6708,SEA,SEA,1
20250807_MIA@ATL,2025-08-07,ATL,MIA,8,6,1.0,0.4229315634306296,0.444,MIA,ATL,0
20250806_ATH@WSH,2025-08-06,WSH,ATH,2,1,1.0,0.44548374178737105,0.4637,ATH,WSH,0
20250806_BAL@PHI,2025-08-06,PHI,BAL,1,5,0.0,0.5789801626440264,0.5791,PHI,BAL,0
20250806_CIN@CHC,2025-08-06,CHC,CIN,6,1,1.0,0.5816448357102728,0.5814,CHC,CHC,1
20250806_CLE@NYM,2025-08-06,NYM,CLE,1,4,0.0,0.5313239398678776,0.538,NYM,CLE,0
20250806_CWS@SEA,2025-08-06,SEA,CWS,8,6,1.0,0.6917644385721162,0.6775,SEA,SEA,1
20250806_HOU@MIA,2025-08-06,MIA,HOU,6,4,1.0,0.4605593291376411,0.4768,HOU,MIA,0
20250806_KC@BOS,2025-08-06,BOS,KC,3,7,0.0,0.6122255760942847,0.6078,BOS,KC,0
20250806_MIL@ATL,2025-08-06,ATL,MIL,4,5,0.0,0.4632415303640115,0.4791,MIL,MIL,1
20250806_MIN@DET,2025-08-06,DET,MIN,4,9,0.0,0.6525527291042654,0.643,DET,MIN,0
20250806_NYY@TEX,2025-08-06,TEX,NYY,2,3,0.0,0.4799054377593587,0.4936,NYY,NYY,1
20250806_SD@AZ,2025-08-06,AZ,SD,2,3,0.0,0.4744855959403962,0.4889,SD,SD,1
20250806_SF@PIT,2025-08-06,PIT,SF,2,4,0.0,0.4584701003677027,0.475,SF,SF,1
20250806_STL@LAD,2025-08-06,LAD,STL,3,5,0.0,0.641719918984569,0.6335,LAD,STL,0
20250806_TB@LAA,2025-08-06,LAA,TB,4,5,0.0,0.4570257885735841,0.4737,TB,TB,1
20250806_TOR@COL,2025-08-06,COL,TOR,1,20,0.0,0.40376936823401943,0.4273,TOR,TOR,1
20250805_ATH@WSH,2025-08-05,WSH,ATH,7,16,0.0,0.5088279596031341,0.5185,WSH,ATH,0
20250805_BAL@PHI,2025-08-05,PHI,BAL,5,0,1.0,0.5923778624544309,0.5906,PHI,PHI,1
20250805_CIN@CHC,2025-08-05,CHC,CIN,1,5,0.0,0.5995902192640263,0.5969,CHC,CIN,0
20250805_CLE@NYM,2025-08-05,NYM,CLE,2,3,0.0,0.526980670636333,0.5342,NYM,CLE,0
20250805_CWS@SEA,2025-08-05,SEA,CWS,8,3,1.0,0.686876890633528,0.6731,SEA,SEA,1
20250805_HOU@MIA,2025-08-05,MIA,HOU,3,7,0.0,0.4308051507437666,0.4509,HOU,HOU,1
20250805_KC@BOS,2025-08-05,BOS,KC,6,2,1.0,0.5970898492286114,0.5947,BOS,BOS,1
20250805_MIL@ATL,2025-08-05,ATL,MIL,2,7,0.0,0.4215935090191242,0.4429,MIL,MIL,1
20250805_MIN@DET,2025-08-05,DET,MIN,3,6,0.0,0.5478017290446654,0.5522,DET,MIN,0
20250805_NYY@TEX,2025-08-05,TEX,NYY,2,0,1.0,0.4662517299541695,0.4817,NYY,TEX,0
20250805_SD@AZ,2025-08-05,AZ,SD,5,10,0.0,0.5070188410022426,0.517,AZ,SD,0
20250805_SF@PIT,2025-08-05,PIT,SF,1,8,0.0,0.5244819013531175,0.5321,PIT,SF,0
20250805_STL@LAD,2025-08-05,LAD,STL,12,6,1.0,0.6672851157355536,0.6559,LAD,LAD,1
20250805_TB@LAA,2025-08-05,LAA,TB,3,7,0.0,0.4787359321710698,0.4925,TB,TB,1
20250805_TOR@COL,2025-08-05,COL,TOR,4,10,0.0,0.42291878657048865,0.444,TOR,TOR,1
20250804_BAL@PHI,2025-08-04,PHI,BAL,13,3,1.0,0.5267187583530405,0.5328,PHI,PHI,1
20250804_CIN@CHC,2025-08-04,CHC,CIN,2,3,0.0,0.604090801518293,0.6009,CHC,CIN,0
20250804_CLE@NYM,2025-08-04,NYM,CLE,6,7,0.0,0.6150669604110774,0.6106,NYM,CLE,0
20250804_HOU@MIA,2025-08-04,MIA,HOU,2,8,0.0,0.4439143514713587,0.4597,HOU,HOU,1
20250804_KC@BOS,2025-08-04,BOS,KC,8,5,1.0,0.521935423662448,0.5285,BOS,BOS,1
20250804_MIL@ATL,2025-08-04,ATL,MIL,1,3,0.0,0.4495455785431748,0.4647,MIL,MIL,1
20250804_MIN@DET,2025-08-04,DET,MIN,6,3,1.0,0.6754349109193405,0.6643,DET,DET,1
20250804_NYY@TEX,2025-08-04,TEX,NYY,8,5,1.0,0.5279231834023654,0.5338,TEX,TEX,1
20250804_SD@AZ,2025-08-04,AZ,SD,6,2,1.0,0.43742478994628864,0.4539,SD,AZ,0
20250804_SF@PIT,2025-08-04,PIT,SF,5,4,1.0,0.5181195064646666,0.5252,PIT,PIT,1
20250804_STL@LAD,2025-08-04,LAD,STL,2,3,0.0,0.5628532294259923,0.5646,LAD,STL,0
20250804_TB@LAA,2025-08-04,LAA,TB,5,1,1.0,0.5229876446982962,0.5295,LAA,LAA,1
20250804_TOR@COL,2025-08-04,COL,TOR,1,15,0.0,0.4172295848768921,0.436,TOR,TOR,1
20250803_AZ@ATH,2025-08-03,ATH,AZ,4,6,0.0,0.5012865828170311,0.5104,ATH,AZ,0
20250803_BAL@CHC,2025-08-03,CHC,BAL,5,3,1.0,0.556308522684949,0.5588,CHC,CHC,1
20250803_CWS@LAA,2025-08-03,LAA,CWS,8,5,1.0,0.5497793177023892,0.553,LAA,LAA,1
20250803_DET@PHI,2025-08-03,PHI,DET,2,0,1.0,0.5743831551114499,0.5747,PHI,PHI,1
20250803_HOU@BOS,2025-08-03,BOS,HOU,6,1,1.0,0.4909134034644881,0.5012,HOU,BOS,0
20250803_KC@TOR,2025-08-03,TOR,KC,4,7,0.0,0.5652329228223456,0.5666,TOR,KC,0
20250803_LAD@TB,2025-08-03,TB,LAD,0,3,0.0,0.4865352005775754,0.4974,LAD,LAD,1
20250803_MIL@WSH,2025-08-03,WSH,MIL,3,14,0.0,0.4408593551577029,0.457,MIL,MIL,1
20250803_MIN@CLE,2025-08-03,CLE,MIN,4,5,0.0,0.5807627427837587,0.5803,CLE,MIN,0
20250803_NYY@MIA,2025-08-03,MIA,NYY,7,3,1.0,0.45097991278173283,0.466,NYY,MIA,0
20250803_PIT@COL,2025-08-03,COL,PIT,5,9,0.0,0.43103513971560786,0.4483,PIT,PIT,1
20250803_SF@NYM,2025-08-03,NYM,SF,4,12,0.0,0.568907038586153,0.5699,NYM,SF,0
20250803_STL@SD,2025-08-03,SD,STL,7,3,1.0,0.6047731289396103,0.6015,SD,SD,1
20250803_TEX@SEA,2025-08-03,SEA,TEX,5,4,1.0,0.5128114911781457,0.5205,SEA,SEA,1
20250802_ATL@CIN,2025-08-02,CIN,ATL,2,4,0.0,0.5754845425449372,0.5757,CIN,ATL,0
20250802_AZ@ATH,2025-08-02,ATH,AZ,2,7,0.0,0.5134728619801573,0.5211,ATH,AZ,0
20250802_BAL@CHC,2025-08-02,CHC,BAL,3,4,0.0,0.5948525496343531,0.5928,CHC,BAL,0
20250802_CWS@LAA,2025-08-02,LAA,CWS,0,1,0.0,0.5555052132250268,0.5581,LAA,CWS,0
20250802_DET@PHI,2025-08-02,PHI,DET,5,7,0.0,0.5447576303424264,0.5486,PHI,DET,0
20250802_HOU@BOS,2025-08-02,BOS,HOU,7,3,1.0,0.5006201581843759,0.5098,BOS,BOS,1
20250802_KC@TOR,2025-08-02,TOR,KC,4,2,1.0,0.5356843103771862,0.5406,TOR,TOR,1
20250802_LAD@TB,2025-08-02,TB,LAD,4,0,1.0,0.5368960734469087,0.5417,TB,TB,1
20250802_MIL@WSH,2025-08-02,WSH,MIL,2,8,0.0,0.42388336073842214,0.4419,MIL,MIL,1
20250802_MIN@CLE,2025-08-02,CLE,MIN,5,4,1.0,0.60377723232152,0.6006,CLE,CLE,1
20250802_NYY@MIA,2025-08-02,MIA,NYY,2,0,1.0,0.5078754569451744,0.5162,MIA,MIA,1
20250802_PIT@COL,2025-08-02,COL,PIT,8,5,1.0,0.3410869859789902,0.3674,PIT,COL,0
20250802_SF@NYM,2025-08-02,NYM,SF,12,6,1.0,0.6027145224428784,0.5997,NYM,NYM,1
20250802_STL@SD,2025-08-02,SD,STL,5,8,0.0,0.5955755236375878,0.5934,SD,STL,0
20250802_TEX@SEA,2025-08-02,SEA,TEX,4,6,0.0,0.5845708147700518,0.5837,SEA,TEX,0
20250801_ATL@CIN,2025-08-01,CIN,ATL,3,2,1.0,0.5631098038160947,0.5648,CIN,CIN,1
20250801_AZ@ATH,2025-08-01,ATH,AZ,5,1,1.0,0.4643147527660688,0.4778,AZ,ATH,0
20250801_BAL@CHC,2025-08-01,CHC,BAL,1,0,1.0,0.5341017130007077,0.5392,CHC,CHC,1
20250801_CWS@LAA,2025-08-01,LAA,CWS,3,6,0.0,0.5759070033624061,0.576,LAA,CWS,0
20250801_DET@PHI,2025-08-01,PHI,DET,5,4,1.0,0.5428182846258209,0.5469,PHI,PHI,1
20250801_HOU@BOS,2025-08-01,BOS,HOU,2,1,1.0,0.47860879874872114,0.4904,HOU,BOS,0
20250801_KC@TOR,2025-08-01,TOR,KC,3,9,0.0,0.5981270493113122,0.5956,TOR,KC,0
20250801_LAD@TB,2025-08-01,TB,LAD,0,5,0.0,0.5160330636427796,0.5234,TB,LAD,0
20250801_MIL@WSH,2025-08-01,WSH,MIL,9,16,0.0,0.46106142908014086,0.4749,MIL,MIL,1
20250801_MIN@CLE,2025-08-01,CLE,MIN,3,2,1.0,0.5455972790365954,0.5494,CLE,CLE,1
20250801_NYY@MIA,2025-08-01,MIA,NYY,13,12,1.0,0.3989673462040895,0.4197,NYY,MIA,0
20250801_PIT@COL,2025-08-01,COL,PIT,17,16,1.0,0.42156759282105444,0.4398,PIT,COL,0
20250801_SF@NYM,2025-08-01,NYM,SF,3,4,0.0,0.5578146575069254,0.5601,NYM,SF,0
20250801_STL@SD,2025-08-01,SD,STL,4,1,1.0,0.5707818907363953,0.5715,SD,SD,1
20250801_TEX@SEA,2025-08-01,SEA,TEX,4,3,1.0,0.5584895668100854,0.5607,SEA,SEA,1
20250731_ATL@CIN,2025-07-31,CIN,ATL,11,12,0.0,0.5870050814107095,0.5858,CIN,ATL,0
20250731_TB@NYY,2025-07-31,NYY,TB,7,4,1.0,0.4733468102808605,0.4857,TB,NYY,0
20250731_TEX@SEA,2025-07-31,SEA,TEX,6,0,1.0,0.5885179034897354,0.5872,SEA,SEA,1
20250730_ATL@KC,2025-07-30,KC,ATL,1,0,1.0,0.6042743101539402,0.6011,KC,KC,1
20250730_AZ@DET,2025-07-30,DET,AZ,7,2,1.0,0.5683596174036357,0.5694,DET,DET,1
20250730_BOS@MIN,2025-07-30,MIN,BOS,1,13,0.0,0.5267696825097095,0.5328,MIN,BOS,0
20250730_CHC@MIL,2025-07-30,MIL,CHC,3,10,0.0,0.5927977562146984,0.5909,MIL,CHC,0
20250730_COL@CLE,2025-07-30,CLE,COL,5,0,1.0,0.7120471536264994,0.6973,CLE,CLE,1
20250730_LAD@CIN,2025-07-30,CIN,LAD,5,2,1.0,0.4087859810008554,0.4284,LAD,CIN,0
20250730_MIA@STL,2025-07-30,STL,MIA,0,2,0.0,0.5451462402903314,0.549,STL,MIA,0
20250730_NYM@SD,2025-07-30,SD,NYM,5,0,1.0,0.5336538721423086,0.5389,SD,SD,1
20250730_PHI@CWS,2025-07-30,CWS,PHI,9,3,1.0,0.4927372635182893,0.5028,PHI,CWS,0
20250730_PIT@SF,2025-07-30,SF,PIT,1,2,0.0,0.553934936475914,0.5567,SF,PIT,0
20250730_SEA@ATH,2025-07-30,ATH,SEA,5,4,1.0,0.4523701742136017,0.4672,SEA,ATH,0
20250730_TB@NYY,2025-07-30,NYY,TB,5,4,1.0,0.5590288134033077,0.5612,NYY,NYY,1
20250730_TEX@LAA,2025-07-30,LAA,TEX,3,6,0.0,0.5340258112857336,0.5392,LAA,TEX,0
20250730_TOR@BAL,2025-07-30,BAL,TOR,8,9,0.0,0.5310243641709903,0.5365,BAL,TOR,0
20250730_WSH@HOU,2025-07-30,HOU,WSH,9,1,1.0,0.53136030504655,0.5368,HOU,HOU,1
20250729_ATL@KC,2025-07-29,KC,ATL,9,6,1.0,0.6114212172555525,0.6074,KC,KC,1
20250729_AZ@DET,2025-07-29,DET,AZ,12,2,1.0,0.5737434826984031,0.5741,DET,DET,1
20250729_BOS@MIN,2025-07-29,MIN,BOS,5,8,0.0,0.46652576326144485,0.4797,BOS,BOS,1
20250729_CHC@MIL,2025-07-29,MIL,CHC,9,3,1.0,0.554814304618714,0.5575,MIL,MIL,1
20250729_COL@CLE,2025-07-29,CLE,COL,10,4,1.0,0.7001546408604837,0.6866,CLE,CLE,1
20250729_LAD@CIN,2025-07-29,CIN,LAD,4,5,0.0,0.4388169798137619,0.4552,LAD,LAD,1
20250729_MIA@STL,2025-07-29,STL,MIA,0,5,0.0,0.5301609693991887,0.5358,STL,MIA,0
20250729_NYM@SD,2025-07-29,SD,NYM,7,1,1.0,0.5096309023196681,0.5177,SD,SD,1
20250729_PHI@CWS,2025-07-29,CWS,PHI,3,6,0.0,0.438726463910164,0.4551,PHI,PHI,1
20250729_PIT@SF,2025-07-29,SF,PIT,1,3,0.0,0.5675998196320869,0.5687,SF,PIT,0
20250729_SEA@ATH,2025-07-29,ATH,SEA,6,1,1.0,0.4929607724333396,0.503,SEA,ATH,0
20250729_TB@NYY,2025-07-29,NYY,TB,7,5,1.0,0.47963530303017976,0.4913,TB,NYY,0
20250729_TEX@LAA,2025-07-29,LAA,TEX,8,5,1.0,0.5472243301766302,0.5508,LAA,LAA,1
20250729_TOR@BAL,2025-07-29,BAL,TOR,16,4,1.0,0.4756252036621663,0.4877,TOR,BAL,0
20250729_TOR@BAL,2025-07-29,BAL,TOR,3,2,1.0,0.4988071732861629,0.5082,TOR,BAL,0
20250729_WSH@HOU,2025-07-29,HOU,WSH,7,4,1.0,0.5462826389576875,0.55,HOU,HOU,1
20250728_ATL@KC,2025-07-28,KC,ATL,7,10,0.0,0.4559906487057604,0.4671,ATL,ATL,1
20250728_AZ@DET,2025-07-28,DET,AZ,5,1,1.0,0.5603360096214287,0.5642,DET,DET,1
20250728_BOS@MIN,2025-07-28,MIN,BOS,5,4,1.0,0.5317591256155045,0.5377,MIN,MIN,1
20250728_CHC@MIL,2025-07-28,MIL,CHC,8,4,1.0,0.5989714337318022,0.6001,MIL,MIL,1
20250728_COL@CLE,2025-07-28,CLE,COL,6,8,0.0,0.6469303195017523,0.6448,CLE,COL,0
20250728_LAD@CIN,2025-07-28,CIN,LAD,2,5,0.0,0.5228837177714947,0.5294,CIN,LAD,0
20250728_MIA@STL,2025-07-28,STL,MIA,7,1,1.0,0.5039935269019375,0.5118,STL,STL,1
20250728_NYM@SD,2025-07-28,SD,NYM,7,6,1.0,0.5464859349631228,0.5513,SD,SD,1
20250728_PHI@CWS,2025-07-28,CWS,PHI,6,2,1.0,0.4361342048399256,0.4485,PHI,CWS,0
20250728_PIT@SF,2025-07-28,SF,PIT,5,6,0.0,0.5919639019582531,0.5936,SF,PIT,0
20250728_SEA@ATH,2025-07-28,ATH,SEA,1,3,0.0,0.4813104820791687,0.4907,SEA,SEA,1
20250728_TB@NYY,2025-07-28,NYY,TB,2,4,0.0,0.556823497053672,0.561,NYY,TB,0
20250728_TEX@LAA,2025-07-28,LAA,TEX,6,4,1.0,0.4888728905408863,0.4977,TEX,LAA,0
20250728_TOR@BAL,2025-07-28,BAL,TOR,11,4,1.0,0.4460455195278492,0.4578,TOR,BAL,0
20250728_WSH@HOU,2025-07-28,HOU,WSH,1,2,0.0,0.6203461510523042,0.62,HOU,WSH,0
20250727_ATH@HOU,2025-07-27,HOU,ATH,1,7,0.0,0.6011651081780172,0.6022,HOU,ATH,0
20250727_ATL@TEX,2025-07-27,TEX,ATL,8,1,1.0,0.5979110371505749,0.5992,TEX,TEX,1
20250727_AZ@PIT,2025-07-27,PIT,AZ,6,0,1.0,0.5343684275876692,0.5401,PIT,PIT,1
20250727_CHC@CWS,2025-07-27,CWS,CHC,4,5,0.0,0.4553465941107838,0.4665,CHC,CHC,1
20250727_CLE@KC,2025-07-27,KC,CLE,4,1,1.0,0.48759064053678813,0.4966,CLE,KC,0
20250727_COL@BAL,2025-07-27,BAL,COL,5,1,1.0,0.5802130278907325,0.5827,BAL,BAL,1
20250727_LAD@BOS,2025-07-27,BOS,LAD,4,3,1.0,0.5319378010200465,0.5378,BOS,BOS,1
20250727_MIA@MIL,2025-07-27,MIL,MIA,3,2,1.0,0.5594793444137528,0.5634,MIL,MIL,1
20250727_NYM@SF,2025-07-27,SF,NYM,3,5,0.0,0.5126999282298315,0.5199,SF,NYM,0
20250727_PHI@NYY,2025-07-27,NYY,PHI,4,3,1.0,0.5058825713933696,0.5136,NYY,NYY,1
20250727_SD@STL,2025-07-27,STL,SD,2,9,0.0,0.5245817993244074,0.531,STL,SD,0
20250727_SEA@LAA,2025-07-27,LAA,SEA,4,1,1.0,0.4693358855591427,0.4795,SEA,LAA,0
20250727_TB@CIN,2025-07-27,CIN,TB,2,1,1.0,0.46174042316961966,0.4724,TB,CIN,0
20250727_TOR@DET,2025-07-27,DET,TOR,10,4,1.0,0.552525730457386,0.557,DET,DET,1
20250727_WSH@MIN,2025-07-27,MIN,WSH,2,7,0.0,0.5712328282380363,0.5743,MIN,WSH,0
20250726_ATH@HOU,2025-07-26,HOU,ATH,1,5,0.0,0.5817902730592147,0.5842,HOU,ATH,0
20250726_ATL@TEX,2025-07-26,TEX,ATL,6,5,1.0,0.541710582907487,0.5469,TEX,TEX,1
20250726_AZ@PIT,2025-07-26,PIT,AZ,2,0,1.0,0.4201939852124197,0.4336,AZ,PIT,0
20250726_CHC@CWS,2025-07-26,CWS,CHC,1,6,0.0,0.47521917975793787,0.485,CHC,CHC,1
20250726_CLE@KC,2025-07-26,KC,CLE,5,3,1.0,0.44681714459571287,0.4585,CLE,KC,0
20250726_CLE@KC,2025-07-26,KC,CLE,4,6,0.0,0.5186978488788831,0.5255,KC,CLE,0
20250726_COL@BAL,2025-07-26,BAL,COL,18,0,1.0,0.5942975400640069,0.5958,BAL,BAL,1
20250726_LAD@BOS,2025-07-26,BOS,LAD,4,2,1.0,0.5607081200332669,0.5646,BOS,BOS,1
20250726_MIA@MIL,2025-07-26,MIL,MIA,4,7,0.0,0.6080682662706929,0.6086,MIL,MIA,0
20250726_NYM@SF,2025-07-26,SF,NYM,1,2,0.0,0.5251561406516727,0.5315,SF,NYM,0
20250726_PHI@NYY,2025-07-26,NYY,PHI,4,9,0.0,0.4978245650210385,0.5061,PHI,PHI,1
20250726_SD@STL,2025-07-26,STL,SD,1,3,0.0,0.5797708833639865,0.5823,STL,SD,0
20250726_SEA@LAA,2025-07-26,LAA,SEA,2,7,0.0,0.5119412506489099,0.5192,LAA,SEA,0
20250726_TB@CIN,2025-07-26,CIN,TB,6,2,1.0,0.49651273159277415,0.5049,TB,CIN,0
20250726_TOR@DET,2025-07-26,DET,TOR,1,6,0.0,0.5606844599530002,0.5645,DET,TOR,0
20250726_WSH@MIN,2025-07-26,MIN,WSH,3,9,0.0,0.6451496867356988,0.6432,MIN,WSH,0
20250725_ATH@HOU,2025-07-25,HOU,ATH,3,15,0.0,0.5988735643372016,0.6,HOU,ATH,0
20250725_ATL@TEX,2025-07-25,TEX,ATL,8,3,1.0,0.53023395870282,0.5362,TEX,TEX,1
20250725_AZ@PIT,2025-07-25,PIT,AZ,0,1,0.0,0.5235667521366386,0.53,PIT,AZ,0
20250725_CHC@CWS,2025-07-25,CWS,CHC,12,5,1.0,0.47413000810505507,0.484,CHC,CWS,0
20250725_COL@BAL,2025-07-25,BAL,COL,5,6,0.0,0.5878661684816906,0.5898,BAL,COL,0
20250725_LAD@BOS,2025-07-25,BOS,LAD,2,5,0.0,0.5328453362835562,0.5387,BOS,LAD,0
20250725_MIA@MIL,2025-07-25,MIL,MIA,1,5,0.0,0.5815552583792083,0.5839,MIL,MIA,0
20250725_NYM@SF,2025-07-25,SF,NYM,1,8,0.0,0.5433778503876835,0.5485,SF,NYM,0
20250725_PHI@NYY,2025-07-25,NYY,PHI,5,12,0.0,0.550665926160676,0.5552,NYY,PHI,0
20250725_SD@STL,2025-07-25,STL,SD,3,0,1.0,0.4787626848223431,0.4883,SD,STL,0
20250725_SEA@LAA,2025-07-25,LAA,SEA,3,2,1.0,0.511624223364099,0.5189,LAA,LAA,1
20250725_TB@CIN,2025-07-25,CIN,TB,7,2,1.0,0.47724316427989294,0.4869,TB,CIN,0
20250725_TOR@DET,2025-07-25,DET,TOR,2,6,0.0,0.5358415600180984,0.5415,DET,TOR,0
20250725_WSH@MIN,2025-07-25,MIN,WSH,1,0,1.0,0.5738445253051973,0.5768,MIN,MIN,1
20250724_ATH@HOU,2025-07-24,HOU,ATH,2,5,0.0,0.5702113384347618,0.5734,HOU,ATH,0
20250724_BAL@CLE,2025-07-24,CLE,BAL,3,4,0.0,0.5368953872692834,0.5424,CLE,BAL,0
20250724_SD@STL,2025-07-24,STL,SD,9,7,1.0,0.5430727707457018,0.5482,STL,STL,1
20250724_SEA@LAA,2025-07-24,LAA,SEA,2,4,0.0,0.5644850553499536,0.5681,LAA,SEA,0
20250724_TOR@DET,2025-07-24,DET,TOR,4,11,0.0,0.5459515342807854,0.5508,DET,TOR,0
20250723_ATH@TEX,2025-07-23,TEX,ATH,2,1,1.0,0.5327001643768915,0.5385,TEX,TEX,1
20250723_BAL@CLE,2025-07-23,CLE,BAL,3,2,1.0,0.6060164835556875,0.6067,CLE,CLE,1
20250723_BOS@PHI,2025-07-23,PHI,BOS,8,9,0.0,0.5933161220039571,0.5949,PHI,BOS,0
20250723_CIN@WSH,2025-07-23,WSH,CIN,0,5,0.0,0.5155659871130922,0.5226,WSH,CIN,0
20250723_CWS@TB,2025-07-23,TB,CWS,9,11,0.0,0.5939239651075999,0.5954,TB,CWS,0
20250723_DET@PIT,2025-07-23,PIT,DET,6,1,1.0,0.4632225035713692,0.4738,DET,PIT,0
20250723_HOU@AZ,2025-07-23,AZ,HOU,3,4,0.0,0.500082344469489,0.5082,AZ,HOU,0
20250723_KC@CHC,2025-07-23,CHC,KC,4,8,0.0,0.5559804022535847,0.5602,CHC,KC,0
20250723_LAA@NYM,2025-07-23,NYM,LAA,6,3,1.0,0.5509050369894737,0.5555,NYM,NYM,1
20250723_MIL@SEA,2025-07-23,SEA,MIL,2,10,0.0,0.528845028531428,0.5349,SEA,MIL,0
20250723_MIN@LAD,2025-07-23,LAD,MIN,4,3,1.0,0.5883308559495591,0.5902,LAD,LAD,1
20250723_NYY@TOR,2025-07-23,TOR,NYY,8,4,1.0,0.5610602069667587,0.5649,TOR,TOR,1
20250723_SD@MIA,2025-07-23,MIA,SD,3,2,1.0,0.47704632374815825,0.4867,SD,MIA,0
20250723_SF@ATL,2025-07-23,ATL,SF,3,9,0.0,0.5432953447734041,0.5484,ATL,SF,0
20250723_STL@COL,2025-07-23,COL,STL,6,0,1.0,0.4159252115535469,0.4295,STL,COL,0
20250722_ATH@TEX,2025-07-22,TEX,ATH,6,2,1.0,0.5596388772800506,0.5636,TEX,TEX,1
20250722_BAL@CLE,2025-07-22,CLE,BAL,6,3,1.0,0.6029733738768912,0.6039,CLE,CLE,1
20250722_BOS@PHI,2025-07-22,PHI,BOS,4,1,1.0,0.5828579273207602,0.5852,PHI,PHI,1
20250722_CIN@WSH,2025-07-22,WSH,CIN,6,1,1.0,0.49134821389018785,0.5001,CIN,WSH,0
20250722_CWS@TB,2025-07-22,TB,CWS,4,3,1.0,0.6301276303050711,0.6291,TB,TB,1
20250722_DET@PIT,2025-07-22,PIT,DET,8,5,1.0,0.4627728320220198,0.4734,DET,PIT,0
20250722_HOU@AZ,2025-07-22,AZ,HOU,1,3,0.0,0.46733732761942026,0.4777,HOU,HOU,1
20250722_KC@CHC,2025-07-22,CHC,KC,6,0,1.0,0.5415308035771889,0.5467,CHC,CHC,1
20250722_LAA@NYM,2025-07-22,NYM,LAA,3,2,1.0,0.5337065354517363,0.5395,NYM,NYM,1
20250722_MIL@SEA,2025-07-22,SEA,MIL,1,0,1.0,0.5135225863879185,0.5207,SEA,SEA,1
20250722_MIN@LAD,2025-07-22,LAD,MIN,7,10,0.0,0.6027383467007504,0.6036,LAD,MIN,0
20250722_NYY@TOR,2025-07-22,TOR,NYY,4,5,0.0,0.4913113766165502,0.5,NYY,NYY,1
20250722_SD@MIA,2025-07-22,MIA,SD,4,3,1.0,0.5018892711002331,0.5099,MIA,MIA,1
20250722_SF@ATL,2025-07-22,ATL,SF,0,9,0.0,0.5499567207466335,0.5546,ATL,SF,0
20250722_STL@COL,2025-07-22,COL,STL,8,4,1.0,0.46940377101903885,0.4796,STL,COL,0
20250721_ATH@TEX,2025-07-21,TEX,ATH,7,2,1.0,0.5248634699867281,0.5315,TEX,TEX,1
20250721_BAL@CLE,2025-07-21,CLE,BAL,10,5,1.0,0.5566327765442473,0.5616,CLE,CLE,1
20250721_BOS@PHI,2025-07-21,PHI,BOS,3,2,1.0,0.6072203174109861,0.6094,PHI,PHI,1
20250721_CIN@WSH,2025-07-21,WSH,CIN,10,8,1.0,0.4770709825296494,0.4862,CIN,WSH,0
20250721_CWS@TB,2025-07-21,TB,CWS,3,8,0.0,0.6069340558398613,0.6092,TB,CWS,0
20250721_DET@PIT,2025-07-21,PIT,DET,3,0,1.0,0.46555556097974254,0.4752,DET,PIT,0
20250721_HOU@AZ,2025-07-21,AZ,HOU,3,6,0.0,0.507266872716718,0.5148,AZ,HOU,0
20250721_KC@CHC,2025-07-21,CHC,KC,4,12,0.0,0.5600915591241993,0.5648,CHC,KC,0
20250721_LAA@NYM,2025-07-21,NYM,LAA,7,5,1.0,0.5136670580975392,0.5209,NYM,NYM,1
20250721_MIL@SEA,2025-07-21,SEA,MIL,0,6,0.0,0.4851396189991864,0.4938,MIL,MIL,1
20250721_MIN@LAD,2025-07-21,LAD,MIN,5,2,1.0,0.6000500373907168,0.6026,LAD,LAD,1
20250721_NYY@TOR,2025-07-21,TOR,NYY,4,1,1.0,0.5079923404463146,0.5155,TOR,TOR,1
20250721_SD@MIA,2025-07-21,MIA,SD,1,2,0.0,0.5574727759209442,0.5624,MIA,SD,0
20250721_SF@ATL,2025-07-21,ATL,SF,9,5,1.0,0.5102757231968212,0.5177,ATL,ATL,1
20250721_STL@COL,2025-07-21,COL,STL,2,6,0.0,0.4062730672916416,0.4187,STL,STL,1
20250720_ATH@CLE,2025-07-20,CLE,ATH,8,2,1.0,0.5446875041179879,0.5503,CLE,CLE,1
20250720_BAL@TB,2025-07-20,TB,BAL,3,5,0.0,0.5303737377859506,0.5367,TB,BAL,0
20250720_BOS@CHC,2025-07-20,CHC,BOS,1,6,0.0,0.48982527696639805,0.4983,BOS,BOS,1
20250720_CIN@NYM,2025-07-20,NYM,CIN,3,2,1.0,0.5292433766838621,0.5356,NYM,NYM,1
20250720_CWS@PIT,2025-07-20,PIT,CWS,2,7,0.0,0.570671825062658,0.5748,PIT,CWS,0
20250720_DET@TEX,2025-07-20,TEX,DET,1,2,0.0,0.4609863251349286,0.4709,DET,DET,1
20250720_HOU@SEA,2025-07-20,SEA,HOU,3,11,0.0,0.5331918429321444,0.5394,SEA,HOU,0
20250720_KC@MIA,2025-07-20,MIA,KC,4,7,0.0,0.48106323136325946,0.49,KC,KC,1
20250720_LAA@PHI,2025-07-20,PHI,LAA,2,8,0.0,0.5655756389036707,0.57,PHI,LAA,0
20250720_MIL@LAD,2025-07-20,LAD,MIL,5,6,0.0,0.5422212575840998,0.5479,LAD,MIL,0
20250720_MIN@COL,2025-07-20,COL,MIN,1,7,0.0,0.4205126659396532,0.4323,MIN,MIN,1
20250720_NYY@ATL,2025-07-20,ATL,NYY,2,4,0.0,0.5050440120782764,0.5127,ATL,NYY,0
20250720_SD@WSH,2025-07-20,WSH,SD,1,8,0.0,0.48953883055902386,0.498,SD,SD,1
20250720_SF@TOR,2025-07-20,TOR,SF,8,6,1.0,0.5565172584957677,0.5615,TOR,TOR,1
20250720_STL@AZ,2025-07-20,AZ,STL,5,3,1.0,0.5473246744720881,0.5528,AZ,AZ,1
20250719_ATH@CLE,2025-07-19,CLE,ATH,2,8,0.0,0.583505241483562,0.587,CLE,ATH,0
20250719_BAL@TB,2025-07-19,TB,BAL,4,3,1.0,0.5119714073344379,0.5193,TB,TB,1
20250719_BOS@CHC,2025-07-19,CHC,BOS,6,0,1.0,0.5084380368257072,0.5159,CHC,CHC,1
20250719_CIN@NYM,2025-07-19,NYM,CIN,2,5,0.0,0.5506809009332454,0.5559,NYM,CIN,0
20250719_CWS@PIT,2025-07-19,PIT,CWS,4,10,0.0,0.6104794738883,0.6125,PIT,CWS,0
20250719_DET@TEX,2025-07-19,TEX,DET,4,1,1.0,0.529496266694304,0.5359,TEX,TEX,1
20250719_HOU@SEA,2025-07-19,SEA,HOU,7,6,1.0,0.519073856772206,0.526,SEA,SEA,1
20250719_KC@MIA,2025-07-19,MIA,KC,3,1,1.0,0.5172403557159163,0.5243,MIA,MIA,1
20250719_LAA@PHI,2025-07-19,PHI,LAA,9,5,1.0,0.537891024763694,0.5438,PHI,PHI,1
20250719_MIL@LAD,2025-07-19,LAD,MIL,7,8,0.0,0.5328393647733959,0.5391,LAD,MIL,0
20250719_MIN@COL,2025-07-19,COL,MIN,10,6,1.0,0.45083431141590935,0.4612,MIN,COL,0
20250719_NYY@ATL,2025-07-19,ATL,NYY,9,12,0.0,0.4990062517142357,0.507,NYY,NYY,1
20250719_SD@WSH,2025-07-19,WSH,SD,4,2,1.0,0.48808941730022526,0.4966,SD,WSH,0
20250719_SF@TOR,2025-07-19,TOR,SF,6,3,1.0,0.5586836865739363,0.5635,TOR,TOR,1
20250719_STL@AZ,2025-07-19,AZ,STL,10,1,1.0,0.5290785042907463,0.5355,AZ,AZ,1
20250718_ATH@CLE,2025-07-18,CLE,ATH,8,6,1.0,0.5366890649104651,0.5427,CLE,CLE,1
20250718_BAL@TB,2025-07-18,TB,BAL,11,1,1.0,0.488896545912896,0.4974,BAL,TB,0
20250718_BOS@CHC,2025-07-18,CHC,BOS,4,1,1.0,0.5111451819477195,0.5185,CHC,CHC,1
20250718_CIN@NYM,2025-07-18,NYM,CIN,4,8,0.0,0.5427211195151644,0.5484,NYM,CIN,0
20250718_CWS@PIT,2025-07-18,PIT,CWS,1,10,0.0,0.6182309437455982,0.6198,PIT,CWS,0
20250718_DET@TEX,2025-07-18,TEX,DET,2,0,1.0,0.4899519216632109,0.4984,DET,TEX,0
20250718_HOU@SEA,2025-07-18,SEA,HOU,6,1,1.0,0.55465273577689,0.5597,SEA,SEA,1
20250718_KC@MIA,2025-07-18,MIA,KC,8,7,1.0,0.5072222046055663,0.5148,MIA,MIA,1
20250718_LAA@PHI,2025-07-18,PHI,LAA,5,6,0.0,0.6722374977828802,0.6711,PHI,LAA,0
20250718_MIL@LAD,2025-07-18,LAD,MIL,0,2,0.0,0.5455303930644773,0.5511,LAD,MIL,0
20250718_MIN@COL,2025-07-18,COL,MIN,6,4,1.0,0.46366967859264346,0.4735,MIN,COL,0
20250718_NYY@ATL,2025-07-18,ATL,NYY,7,3,1.0,0.49169900615320566,0.5001,NYY,ATL,0
20250718_SD@WSH,2025-07-18,WSH,SD,2,7,0.0,0.5049749915055701,0.5127,WSH,SD,0
20250718_SF@TOR,2025-07-18,TOR,SF,4,0,1.0,0.5865538790753231,0.5899,TOR,TOR,1
20250718_STL@AZ,2025-07-18,AZ,STL,7,3,1.0,0.5601611418747746,0.5649,AZ,AZ,1
20250713_ATL@STL,2025-07-13,STL,ATL,5,4,1.0,0.5452233586060058,0.5508,STL,STL,1
20250713_AZ@LAA,2025-07-13,LAA,AZ,1,5,0.0,0.5374895766566757,0.5435,LAA,AZ,0
20250713_CHC@NYY,2025-07-13,NYY,CHC,1,4,0.0,0.5737133306928635,0.5777,NYY,CHC,0
20250713_CLE@CWS,2025-07-13,CWS,CLE,5,6,0.0,0.41746159491360296,0.4294,CLE,CLE,1
20250713_COL@CIN,2025-07-13,CIN,COL,4,2,1.0,0.6564356398197998,0.6561,CIN,CIN,1
20250713_LAD@SF,2025-07-13,SF,LAD,2,5,0.0,0.5165319996611938,0.5236,SF,LAD,0
20250713_MIA@BAL,2025-07-13,BAL,MIA,1,11,0.0,0.49203202424537074,0.5004,MIA,MIA,1
20250713_NYM@KC,2025-07-13,KC,NYM,3,2,1.0,0.5123430369110781,0.5196,KC,KC,1
20250713_PHI@SD,2025-07-13,SD,PHI,1,2,0.0,0.4962477172308315,0.5044,PHI,PHI,1
20250713_PIT@MIN,2025-07-13,MIN,PIT,1,2,0.0,0.5826762642427213,0.5862,MIN,PIT,0
20250713_SEA@DET,2025-07-13,DET,SEA,4,8,0.0,0.5479008095773723,0.5533,DET,SEA,0
20250713_TB@BOS,2025-07-13,BOS,TB,4,1,1.0,0.5319912766909359,0.5382,BOS,BOS,1
20250713_TEX@HOU,2025-07-13,HOU,TEX,1,5,0.0,0.5999489437212718,0.6025,HOU,TEX,0
20250713_TOR@ATH,2025-07-13,ATH,TOR,6,3,1.0,0.48471381144123304,0.4934,TOR,ATH,0
20250713_WSH@MIL,2025-07-13,MIL,WSH,8,1,1.0,0.6320970355748781,0.633,MIL,MIL,1
20250712_ATL@STL,2025-07-12,STL,ATL,6,7,0.0,0.5065636974893244,0.5142,STL,ATL,0
20250712_AZ@LAA,2025-07-12,LAA,AZ,10,5,1.0,0.538669700914088,0.5446,LAA,LAA,1
20250712_CHC@NYY,2025-07-12,NYY,CHC,2,5,0.0,0.5453785011805777,0.5509,NYY,CHC,0
20250712_CLE@CWS,2025-07-12,CWS,CLE,2,6,0.0,0.4984805708466599,0.5065,CLE,CLE,1
20250712_COL@CIN,2025-07-12,CIN,COL,4,3,1.0,0.6482314377861229,0.6483,CIN,CIN,1
20250712_LAD@SF,2025-07-12,SF,LAD,1,2,0.0,0.5152467615278543,0.5224,SF,LAD,0
20250712_MIA@BAL,2025-07-12,BAL,MIA,0,6,0.0,0.5456883350759416,0.5512,BAL,MIA,0
20250712_NYM@KC,2025-07-12,KC,NYM,1,3,0.0,0.5468046865220936,0.5523,KC,NYM,0
20250712_PHI@SD,2025-07-12,SD,PHI,5,4,1.0,0.4405047110310898,0.4514,PHI,SD,0
20250712_PIT@MIN,2025-07-12,MIN,PIT,12,4,1.0,0.5266203597296131,0.5332,MIN,MIN,1
20250712_SEA@DET,2025-07-12,DET,SEA,7,15,0.0,0.5474039897878864,0.5528,DET,SEA,0
20250712_TB@BOS,2025-07-12,BOS,TB,1,0,1.0,0.5696381098711881,0.5739,BOS,BOS,1
20250712_TEX@HOU,2025-07-12,HOU,TEX,5,4,1.0,0.5887029733161444,0.5919,HOU,HOU,1
20250712_TOR@ATH,2025-07-12,ATH,TOR,4,3,1.0,0.4955414774947894,0.5037,TOR,ATH,0
20250712_WSH@MIL,2025-07-12,MIL,WSH,6,5,1.0,0.6363205009758581,0.637,MIL,MIL,1
20250711_ATL@STL,2025-07-11,STL,ATL,5,6,0.0,0.5310709229719408,0.5374,STL,ATL,0
20250711_AZ@LAA,2025-07-11,LAA,AZ,6,5,1.0,0.470152342743708,0.4796,AZ,LAA,0
20250711_CHC@NYY,2025-07-11,NYY,CHC,11,0,1.0,0.5678406418570768,0.5722,NYY,NYY,1
20250711_CLE@CWS,2025-07-11,CWS,CLE,2,4,0.0,0.497091585142634,0.5052,CLE,CLE,1
20250711_CLE@CWS,2025-07-11,CWS,CLE,5,4,1.0,0.45802978591119275,0.4681,CLE,CWS,0
20250711_COL@CIN,2025-07-11,CIN,COL,2,3,0.0,0.6619772862285764,0.6613,CIN,COL,0
20250711_LAD@SF,2025-07-11,SF,LAD,8,7,1.0,0.5539879776993284,0.5591,SF,SF,1
20250711_MIA@BAL,2025-07-11,BAL,MIA,5,2,1.0,0.4999627737561706,0.5079,MIA,BAL,0
20250711_NYM@KC,2025-07-11,KC,NYM,3,8,0.0,0.5011659182182675,0.509,KC,NYM,0
20250711_PHI@SD,2025-07-11,SD,PHI,4,2,1.0,0.5191767647159458,0.5261,SD,SD,1
20250711_PIT@MIN,2025-07-11,MIN,PIT,2,1,1.0,0.5515907195011281,0.5568,MIN,MIN,1
20250711_SEA@DET,2025-07-11,DET,SEA,3,12,0.0,0.6059409782735531,0.6082,DET,SEA,0
20250711_TB@BOS,2025-07-11,BOS,TB,5,4,1.0,0.5381222965265189,0.5441,BOS,BOS,1
20250711_TEX@HOU,2025-07-11,HOU,TEX,3,7,0.0,0.5731023088749347,0.5771,HOU,TEX,0
20250711_TOR@ATH,2025-07-11,ATH,TOR,6,7,0.0,0.45418319722739553,0.4644,TOR,TOR,1
20250711_WSH@MIL,2025-07-11,MIL,WSH,8,3,1.0,0.6022113229822471,0.6047,MIL,MIL,1
20250710_ATL@ATH,2025-07-10,ATH,ATL,5,4,1.0,0.46881963354661516,0.4779,ATL,ATH,0
20250710_AZ@SD,2025-07-10,SD,AZ,4,3,1.0,0.4397904093944064,0.4502,AZ,SD,0
20250710_CHC@MIN,2025-07-10,MIN,CHC,1,8,0.0,0.48573508121092,0.494,CHC,CHC,1
20250710_MIA@CIN,2025-07-10,CIN,MIA,6,0,1.0,0.5346919590681884,0.5404,CIN,CIN,1
20250710_NYM@BAL,2025-07-10,BAL,NYM,3,1,1.0,0.5062251510456965,0.5134,BAL,BAL,1
20250710_NYM@BAL,2025-07-10,BAL,NYM,7,3,1.0,0.4970187685651877,0.5047,NYM,BAL,0
20250710_SEA@NYY,2025-07-10,NYY,SEA,6,5,1.0,0.44997740934184055,0.4599,SEA,NYY,0
20250710_TB@BOS,2025-07-10,BOS,TB,4,3,1.0,0.5267368178414528,0.5329,BOS,BOS,1
20250710_TEX@LAA,2025-07-10,LAA,TEX,4,11,0.0,0.5364566121531986,0.5421,LAA,TEX,0
20250710_WSH@STL,2025-07-10,STL,WSH,8,1,1.0,0.5081795704585352,0.5153,STL,STL,1
20250709_ATL@ATH,2025-07-09,ATH,ATL,2,9,0.0,0.5476035507905475,0.5527,ATH,ATL,0
20250709_AZ@SD,2025-07-09,SD,AZ,2,8,0.0,0.5272565605028521,0.5334,SD,AZ,0
20250709_CHC@MIN,2025-07-09,MIN,CHC,4,2,1.0,0.44526382038818013,0.4555,CHC,MIN,0
20250709_CLE@HOU,2025-07-09,HOU,CLE,2,4,0.0,0.6152818309384165,0.6168,HOU,CLE,0
20250709_COL@BOS,2025-07-09,BOS,COL,10,2,1.0,0.6787028369859508,0.6771,BOS,BOS,1
20250709_LAD@MIL,2025-07-09,MIL,LAD,3,2,1.0,0.49988907466455806,0.5074,LAD,MIL,0
20250709_MIA@CIN,2025-07-09,CIN,MIA,7,2,1.0,0.5024434133872008,0.5098,CIN,CIN,1
20250709_PHI@SF,2025-07-09,SF,PHI,0,13,0.0,0.4488302050792277,0.4589,PHI,PHI,1
20250709_PIT@KC,2025-07-09,KC,PIT,4,3,1.0,0.5500056721183524,0.555,KC,KC,1
20250709_SEA@NYY,2025-07-09,NYY,SEA,9,6,1.0,0.547217832831484,0.5523,NYY,NYY,1
20250709_TB@DET,2025-07-09,DET,TB,3,7,0.0,0.5945596082726009,0.5972,DET,TB,0
20250709_TEX@LAA,2025-07-09,LAA,TEX,11,8,1.0,0.5101266622623715,0.5171,LAA,LAA,1
20250709_TOR@CWS,2025-07-09,CWS,TOR,2,1,1.0,0.4190366816971122,0.4304,TOR,CWS,0
20250709_WSH@STL,2025-07-09,STL,WSH,2,8,0.0,0.5527340093759538,0.5575,STL,WSH,0
20250708_ATL@ATH,2025-07-08,ATH,ATL,10,1,1.0,0.5538204820687833,0.5586,ATH,ATH,1
20250708_AZ@SD,2025-07-08,SD,AZ,1,0,1.0,0.519238347589385,0.5258,SD,SD,1
20250708_CHC@MIN,2025-07-08,MIN,CHC,8,1,1.0,0.46355125285306314,0.4729,CHC,MIN,0
20250708_CLE@HOU,2025-07-08,HOU,CLE,6,10,0.0,0.6339304591122366,0.6345,HOU,CLE,0
20250708_COL@BOS,2025-07-08,BOS,COL,10,2,1.0,0.670606384497587,0.6694,BOS,BOS,1
20250708_LAD@MIL,2025-07-08,MIL,LAD,3,1,1.0,0.5654315787250482,0.5696,MIL,MIL,1
20250708_MIA@CIN,2025-07-08,CIN,MIA,2,12,0.0,0.48600971472417626,0.4942,MIA,MIA,1
20250708_NYM@BAL,2025-07-08,BAL,NYM,6,7,0.0,0.4893558604527001,0.4974,NYM,NYM,1
20250708_PHI@SF,2025-07-08,SF,PHI,4,3,1.0,0.5291301447859129,0.5352,SF,SF,1
20250708_PIT@KC,2025-07-08,KC,PIT,4,3,1.0,0.531286436478716,0.5372,KC,KC,1
20250708_SEA@NYY,2025-07-08,NYY,SEA,10,3,1.0,0.5268567643674519,0.533,NYY,NYY,1
20250708_TB@DET,2025-07-08,DET,TB,4,2,1.0,0.5563755486996677,0.561,DET,DET,1
20250708_TEX@LAA,2025-07-08,LAA,TEX,1,13,0.0,0.562275520348297,0.5666,LAA,TEX,0
20250708_TOR@CWS,2025-07-08,CWS,TOR,1,6,0.0,0.41476700096268276,0.4263,TOR,TOR,1
20250708_WSH@STL,2025-07-08,STL,WSH,4,2,1.0,0.6238128511629195,0.6249,STL,STL,1
20250707_AZ@SD,2025-07-07,SD,AZ,3,6,0.0,0.5097054667908646,0.5167,SD,AZ,0
20250707_CLE@HOU,2025-07-07,HOU,CLE,5,7,0.0,0.6662430597086227,0.6652,HOU,CLE,0
20250707_COL@BOS,2025-07-07,BOS,COL,9,3,1.0,0.6864231940507983,0.6844,BOS,BOS,1
20250707_LAD@MIL,2025-07-07,MIL,LAD,9,1,1.0,0.5174674111205716,0.5241,MIL,MIL,1
20250707_MIA@CIN,2025-07-07,CIN,MIA,1,5,0.0,0.5436618357207299,0.5489,CIN,MIA,0
20250707_PHI@SF,2025-07-07,SF,PHI,3,1,1.0,0.4681006325793497,0.4772,PHI,SF,0
20250707_PIT@KC,2025-07-07,KC,PIT,9,3,1.0,0.5664709007091732,0.5706,KC,KC,1
20250707_TB@DET,2025-07-07,DET,TB,5,1,1.0,0.5174068689564023,0.524,DET,DET,1
20250707_TEX@LAA,2025-07-07,LAA,TEX,6,5,1.0,0.5308222717143319,0.5368,LAA,LAA,1
20250707_TOR@CWS,2025-07-07,CWS,TOR,4,8,0.0,0.4830966807434873,0.4915,TOR,TOR,1
20250706_BAL@ATL,2025-07-06,ATL,BAL,1,2,0.0,0.5758609635417133,0.5795,ATL,BAL,0
20250706_BOS@WSH,2025-07-06,WSH,BOS,4,6,0.0,0.45386297194718467,0.4637,BOS,BOS,1
20250706_CIN@PHI,2025-07-06,PHI,CIN,3,1,1.0,0.6361166490429095,0.6366,PHI,PHI,1
20250706_CWS@COL,2025-07-06,COL,CWS,6,4,1.0,0.5427854059058973,0.5481,COL,COL,1
20250706_DET@CLE,2025-07-06,CLE,DET,2,7,0.0,0.3993716715946721,0.4116,DET,DET,1
20250706_HOU@LAD,2025-07-06,LAD,HOU,1,5,0.0,0.5999556874219009,0.6023,LAD,HOU,0
20250706_KC@AZ,2025-07-06,AZ,KC,0,4,0.0,0.5335513366443723,0.5394,AZ,KC,0
20250706_LAA@TOR,2025-07-06,TOR,LAA,3,2,1.0,0.5939059025355472,0.5966,TOR,TOR,1
20250706_MIL@MIA,2025-07-06,MIA,MIL,1,3,0.0,0.48162509761315886,0.4901,MIL,MIL,1
20250706_NYY@NYM,2025-07-06,NYM,NYY,4,6,0.0,0.5220183920067786,0.5284,NYM,NYY,0
20250706_PIT@SEA,2025-07-06,SEA,PIT,1,0,1.0,0.5532211752597713,0.558,SEA,SEA,1
20250706_SF@ATH,2025-07-06,ATH,SF,2,6,0.0,0.4992454310419081,0.5068,SF,SF,1
20250706_STL@CHC,2025-07-06,CHC,STL,11,0,1.0,0.6507976660065413,0.6505,CHC,CHC,1
20250706_TB@MIN,2025-07-06,MIN,TB,5,7,0.0,0.5213004493454292,0.5277,MIN,TB,0
20250706_TEX@SD,2025-07-06,SD,TEX,4,1,1.0,0.5902798074849793,0.5931,SD,SD,1
20250705_BAL@ATL,2025-07-05,ATL,BAL,6,9,0.0,0.5248045144825981,0.5311,ATL,BAL,0
20250705_BOS@WSH,2025-07-05,WSH,BOS,3,10,0.0,0.5032958397145132,0.5107,WSH,BOS,0
20250705_CIN@PHI,2025-07-05,PHI,CIN,5,1,1.0,0.5946302949010495,0.5972,PHI,PHI,1
20250705_CWS@COL,2025-07-05,COL,CWS,3,10,0.0,0.5561471536888908,0.5608,COL,CWS,0
20250705_DET@CLE,2025-07-05,CLE,DET,0,1,0.0,0.3979737312214695,0.4102,DET,DET,1
20250705_HOU@LAD,2025-07-05,LAD,HOU,4,6,0.0,0.5740918727284471,0.5778,LAD,HOU,0
20250705_KC@AZ,2025-07-05,AZ,KC,7,1,1.0,0.5774962760622441,0.581,AZ,AZ,1
20250705_LAA@TOR,2025-07-05,TOR,LAA,4,3,1.0,0.5627575165680658,0.567,TOR,TOR,1
20250705_MIL@MIA,2025-07-05,MIA,MIL,4,2,1.0,0.4547290036899304,0.4645,MIL,MIA,0
20250705_NYY@NYM,2025-07-05,NYM,NYY,12,6,1.0,0.4902280214082956,0.4982,NYY,NYM,0
20250705_PIT@SEA,2025-07-05,SEA,PIT,1,0,1.0,0.5660991964990602,0.5702,SEA,SEA,1
20250705_SF@ATH,2025-07-05,ATH,SF,2,7,0.0,0.447702286217928,0.4578,SF,SF,1
20250705_STL@CHC,2025-07-05,CHC,STL,6,8,0.0,0.6017928696843796,0.604,CHC,STL,0
20250705_TB@MIN,2025-07-05,MIN,TB,6,5,1.0,0.47276357802728164,0.4816,TB,MIN,0
20250705_TEX@SD,2025-07-05,SD,TEX,4,7,0.0,0.5934467044425797,0.5961,SD,TEX,0
20250704_BAL@ATL,2025-07-04,ATL,BAL,2,3,0.0,0.5419001168804253,0.5473,ATL,BAL,0
20250704_BOS@WSH,2025-07-04,WSH,BOS,2,11,0.0,0.4981799812129812,0.5058,BOS,BOS,1
20250704_CIN@PHI,2025-07-04,PHI,CIN,6,9,0.0,0.6484430109059182,0.6483,PHI,CIN,0
20250704_CWS@COL,2025-07-04,COL,CWS,2,3,0.0,0.5455229278832038,0.5507,COL,CWS,0
20250704_DET@CLE,2025-07-04,CLE,DET,1,2,0.0,0.44535984811036566,0.4555,DET,DET,1
20250704_HOU@LAD,2025-07-04,LAD,HOU,1,18,0.0,0.5490344481775642,0.554,LAD,HOU,0
20250704_KC@AZ,2025-07-04,AZ,KC,3,9,0.0,0.521720292891486,0.5281,AZ,KC,0
20250704_LAA@TOR,2025-07-04,TOR,LAA,4,3,1.0,0.5806458441901149,0.584,TOR,TOR,1
20250704_MIL@MIA,2025-07-04,MIA,MIL,5,6,0.0,0.47626701672206734,0.485,MIL,MIL,1
20250704_NYY@NYM,2025-07-04,NYM,NYY,6,5,1.0,0.5463823622013055,0.5515,NYM,NYM,1
20250704_PIT@SEA,2025-07-04,SEA,PIT,6,0,1.0,0.6114324984978715,0.6132,SEA,SEA,1
20250704_SF@ATH,2025-07-04,ATH,SF,11,2,1.0,0.4949678168619002,0.5027,SF,ATH,0
20250704_STL@CHC,2025-07-04,CHC,STL,11,3,1.0,0.6241769020388518,0.6253,CHC,CHC,1
20250704_TB@MIN,2025-07-04,MIN,TB,4,3,1.0,0.49045742091492006,0.4985,TB,MIN,0
20250704_TEX@SD,2025-07-04,SD,TEX,3,2,1.0,0.5475992280857518,0.5527,SD,SD,1
20250703_CLE@CHC,2025-07-03,CHC,CLE,1,0,1.0,0.536737130022335,0.5411,CHC,CHC,1
20250703_CWS@LAD,2025-07-03,LAD,CWS,6,2,1.0,0.6604953114802565,0.6599,LAD,LAD,1
20250703_DET@WSH,2025-07-03,WSH,DET,11,7,1.0,0.4336903456628466,0.442,DET,WSH,0
20250703_HOU@COL,2025-07-03,COL,HOU,7,6,1.0,0.43029743002309123,0.4387,HOU,COL,0
20250703_KC@SEA,2025-07-03,SEA,KC,2,3,0.0,0.5256789350657831,0.5305,SEA,KC,0
20250703_LAA@ATL,2025-07-03,ATL,LAA,1,5,0.0,0.48305193708915933,0.4895,LAA,LAA,1
20250703_MIL@NYM,2025-07-03,NYM,MIL,3,2,1.0,0.5308856911754269,0.5355,NYM,NYM,1
20250703_MIN@MIA,2025-07-03,MIA,MIN,4,1,1.0,0.5296455245467102,0.5343,MIA,MIA,1
20250703_NYY@TOR,2025-07-03,TOR,NYY,8,5,1.0,0.5225418340548796,0.5275,TOR,TOR,1
20250703_SF@AZ,2025-07-03,AZ,SF,2,7,0.0,0.49119891846257213,0.4973,SF,SF,1
20250702_ATH@TB,2025-07-02,TB,ATH,6,5,1.0,0.6096446753039149,0.6111,TB,TB,1
20250702_BAL@TEX,2025-07-02,TEX,BAL,6,0,1.0,0.5408595868108899,0.545,TEX,TEX,1
20250702_CIN@BOS,2025-07-02,BOS,CIN,4,8,0.0,0.4837577293383713,0.4902,CIN,CIN,1
20250702_CLE@CHC,2025-07-02,CHC,CLE,5,4,1.0,0.5657053225674868,0.5689,CHC,CHC,1
20250702_CWS@LAD,2025-07-02,LAD,CWS,5,4,1.0,0.6570796347271536,0.6566,LAD,LAD,1
20250702_DET@WSH,2025-07-02,WSH,DET,2,11,0.0,0.4935632968319209,0.4996,DET,DET,1
20250702_DET@WSH,2025-07-02,WSH,DET,9,4,1.0,0.46236348758965723,0.4696,DET,WSH,0
20250702_HOU@COL,2025-07-02,COL,HOU,3,5,0.0,0.3487330598910575,0.3596,HOU,HOU,1
20250702_KC@SEA,2025-07-02,SEA,KC,3,2,1.0,0.5760952474923816,0.5789,SEA,SEA,1
20250702_LAA@ATL,2025-07-02,ATL,LAA,8,3,1.0,0.510714169604354,0.5161,ATL,ATL,1
20250702_MIL@NYM,2025-07-02,NYM,MIL,2,7,0.0,0.5267108796854532,0.5315,NYM,MIL,0
20250702_MIL@NYM,2025-07-02,NYM,MIL,7,3,1.0,0.5095097689839632,0.5149,NYM,NYM,1
20250702_MIN@MIA,2025-07-02,MIA,MIN,1,2,0.0,0.5209286429788097,0.5259,MIA,MIN,0
20250702_NYY@TOR,2025-07-02,TOR,NYY,11,9,1.0,0.4623214018789753,0.4696,NYY,TOR,0
20250702_SD@PHI,2025-07-02,PHI,SD,4,6,0.0,0.5184740122376466,0.5236,PHI,SD,0
20250702_SD@PHI,2025-07-02,PHI,SD,5,1,1.0,0.5421683755786518,0.5463,PHI,PHI,1
20250702_SF@AZ,2025-07-02,AZ,SF,5,6,0.0,0.5559642818453346,0.5595,AZ,SF,0
20250702_STL@PIT,2025-07-02,PIT,STL,5,0,1.0,0.5030291030167912,0.5087,PIT,PIT,1
20250701_ATH@TB,2025-07-01,TB,ATH,3,4,0.0,0.5647800954282218,0.568,TB,ATH,0
20250701_BAL@TEX,2025-07-01,TEX,BAL,10,2,1.0,0.5051687910463797,0.5108,TEX,TEX,1
20250701_CIN@BOS,2025-07-01,BOS,CIN,5,3,1.0,0.5133505427783978,0.5186,BOS,BOS,1
20250701_CLE@CHC,2025-07-01,CHC,CLE,5,2,1.0,0.5655083383888782,0.5687,CHC,CHC,1
20250701_CWS@LAD,2025-07-01,LAD,CWS,6,1,1.0,0.6494685545338771,0.6493,LAD,LAD,1
20250701_HOU@COL,2025-07-01,COL,HOU,5,6,0.0,0.43832051223951635,0.4464,HOU,HOU,1
20250701_KC@SEA,2025-07-01,SEA,KC,3,6,0.0,0.5476346129792771,0.5515,SEA,KC,0
20250701_LAA@ATL,2025-07-01,ATL,LAA,0,4,0.0,0.5683104204718606,0.5714,ATL,LAA,0
20250701_MIN@MIA,2025-07-01,MIA,MIN,2,0,1.0,0.532450965747621,0.537,MIA,MIA,1
20250701_NYY@TOR,2025-07-01,TOR,NYY,12,5,1.0,0.5304456474808661,0.535,TOR,TOR,1
20250701_SF@AZ,2025-07-01,AZ,SF,8,2,1.0,0.5179418878224082,0.523,AZ,AZ,1
20250701_STL@PIT,2025-07-01,PIT,STL,1,0,1.0,0.537379440093779,0.5417,PIT,PIT,1
20250630_ATH@TB,2025-06-30,TB,ATH,4,6,0.0,0.5652869329353324,0.5685,TB,ATH,0
20250630_BAL@TEX,2025-06-30,TEX,BAL,6,10,0.0,0.4946333958790319,0.5006,BAL,BAL,1
20250630_CIN@BOS,2025-06-30,BOS,CIN,13,6,1.0,0.5089409000930641,0.5144,BOS,BOS,1
20250630_KC@SEA,2025-06-30,SEA,KC,6,2,1.0,0.5763202663097532,0.5791,SEA,SEA,1
20250630_NYY@TOR,2025-06-30,TOR,NYY,5,4,1.0,0.4960332404553328,0.502,NYY,TOR,0
20250630_SD@PHI,2025-06-30,PHI,SD,4,0,1.0,0.5885730054077633,0.5908,PHI,PHI,1
20250630_SF@AZ,2025-06-30,AZ,SF,4,2,1.0,0.5177030621213946,0.5228,AZ,AZ,1
20250630_STL@PIT,2025-06-30,PIT,STL,7,0,1.0,0.4900280885880377,0.4962,STL,PIT,0
20250629_ATH@NYY,2025-06-29,NYY,ATH,12,5,1.0,0.5459730087897825,0.55,NYY,NYY,1
20250629_CHC@HOU,2025-06-29,HOU,CHC,2,0,1.0,0.5600348254734784,0.5634,HOU,HOU,1
20250629_COL@MIL,2025-06-29,MIL,COL,3,4,0.0,0.6461636318715095,0.6461,MIL,COL,0
20250629_LAD@KC,2025-06-29,KC,LAD,1,5,0.0,0.4702602851760917,0.4772,LAD,LAD,1
20250629_MIA@AZ,2025-06-29,AZ,MIA,4,6,0.0,0.5668888623660314,0.57,AZ,MIA,0
20250629_MIN@DET,2025-06-29,DET,MIN,3,0,1.0,0.6423511885684258,0.6425,DET,DET,1
20250629_NYM@PIT,2025-06-29,PIT,NYM,12,1,1.0,0.49746331602234156,0.5034,NYM,PIT,0
20250629_PHI@ATL,2025-06-29,ATL,PHI,1,2,0.0,0.5753415404928648,0.5781,ATL,PHI,0
20250629_SD@CIN,2025-06-29,CIN,SD,3,2,1.0,0.5409981903773361,0.5452,CIN,CIN,1
20250629_SEA@TEX,2025-06-29,TEX,SEA,4,6,0.0,0.5407733271169599,0.545,TEX,SEA,0
20250629_SF@CWS,2025-06-29,CWS,SF,5,2,1.0,0.47402518219257356,0.4808,SF,CWS,0
20250629_STL@CLE,2025-06-29,CLE,STL,0,7,0.0,0.48822026693927084,0.4945,STL,STL,1
20250629_TB@BAL,2025-06-29,BAL,TB,5,1,1.0,0.4648340705658447,0.472,TB,BAL,0
20250629_TOR@BOS,2025-06-29,BOS,TOR,3,5,0.0,0.5058786326678616,0.5115,BOS,TOR,0
20250629_WSH@LAA,2025-06-29,LAA,WSH,4,7,0.0,0.5701543737006477,0.5732,LAA,WSH,0
20250628_ATH@NYY,2025-06-28,NYY,ATH,0,7,0.0,0.5751587423132826,0.578,NYY,ATH,0
20250628_CHC@HOU,2025-06-28,HOU,CHC,3,12,0.0,0.5618577780366257,0.5652,HOU,CHC,0
20250628_COL@MIL,2025-06-28,MIL,COL,5,0,1.0,0.6539571513082783,0.6536,MIL,MIL,1
20250628_LAD@KC,2025-06-28,KC,LAD,9,5,1.0,0.44415995642881007,0.4521,LAD,KC,0
20250628_MIA@AZ,2025-06-28,AZ,MIA,7,8,0.0,0.5311814235796659,0.5358,AZ,MIA,0
20250628_MIN@DET,2025-06-28,DET,MIN,10,5,1.0,0.5792214564195864,0.5819,DET,DET,1
20250628_NYM@PIT,2025-06-28,PIT,NYM,9,2,1.0,0.5060619557910568,0.5116,PIT,PIT,1
20250628_PHI@ATL,2025-06-28,ATL,PHI,6,1,1.0,0.514312695147409,0.5196,ATL,ATL,1
20250628_SD@CIN,2025-06-28,CIN,SD,4,6,0.0,0.566842876748679,0.57,CIN,SD,0
20250628_SEA@TEX,2025-06-28,TEX,SEA,3,2,1.0,0.5119476659430071,0.5173,TEX,TEX,1
20250628_SF@CWS,2025-06-28,CWS,SF,1,0,1.0,0.4332991748709072,0.4416,SF,CWS,0
20250628_STL@CLE,2025-06-28,CLE,STL,6,9,0.0,0.5163533274097806,0.5215,CLE,STL,0
20250628_TB@BAL,2025-06-28,BAL,TB,3,11,0.0,0.4745089058229157,0.4813,TB,TB,1
20250628_TOR@BOS,2025-06-28,BOS,TOR,15,1,1.0,0.5147535492959648,0.52,BOS,BOS,1
20250628_WSH@LAA,2025-06-28,LAA,WSH,8,2,1.0,0.48580862155937765,0.4922,WSH,LAA,0
20250627_ATH@NYY,2025-06-27,NYY,ATH,3,0,1.0,0.6328817378319056,0.6334,NYY,NYY,1
20250627_CHC@HOU,2025-06-27,HOU,CHC,7,4,1.0,0.5272498928230159,0.532,HOU,HOU,1
20250627_COL@MIL,2025-06-27,MIL,COL,10,6,1.0,0.647654805108406,0.6476,MIL,MIL,1
20250627_LAD@KC,2025-06-27,KC,LAD,4,5,0.0,0.43450446628469425,0.4427,LAD,LAD,1
20250627_MIA@AZ,2025-06-27,AZ,MIA,8,9,0.0,0.5481459669100776,0.552,AZ,MIA,0
20250627_MIN@DET,2025-06-27,DET,MIN,1,4,0.0,0.574085405791464,0.5769,DET,MIN,0
20250627_NYM@PIT,2025-06-27,PIT,NYM,9,1,1.0,0.4304485178536848,0.4388,NYM,PIT,0
20250627_PHI@ATL,2025-06-27,ATL,PHI,0,13,0.0,0.5622284344982009,0.5656,ATL,PHI,0
20250627_SD@CIN,2025-06-27,CIN,SD,8,1,1.0,0.4801771452832456,0.4867,SD,CIN,0
20250627_SEA@TEX,2025-06-27,TEX,SEA,6,7,0.0,0.4773025335292808,0.484,SEA,SEA,1
20250627_SF@CWS,2025-06-27,CWS,SF,1,3,0.0,0.45195200501893684,0.4596,SF,SF,1
20250627_STL@CLE,2025-06-27,CLE,STL,0,5,0.0,0.5633188430017713,0.5666,CLE,STL,0
20250627_TB@BAL,2025-06-27,BAL,TB,22,8,1.0,0.4148136839733601,0.4237,TB,BAL,0
20250627_TOR@BOS,2025-06-27,BOS,TOR,0,9,0.0,0.5191053631103125,0.5242,BOS,TOR,0
20250627_WSH@LAA,2025-06-27,LAA,WSH,9,15,0.0,0.6076233511408934,0.6091,LAA,WSH,0
20250626_ATH@DET,2025-06-26,DET,ATH,8,0,1.0,0.6221390291484169,0.6229,DET,DET,1
20250626_ATL@NYM,2025-06-26,NYM,ATL,4,0,1.0,0.5689724466127827,0.5727,NYM,NYM,1
20250626_CHC@STL,2025-06-26,STL,CHC,0,3,0.0,0.5253414342936299,0.5315,STL,CHC,0
20250626_LAD@COL,2025-06-26,COL,LAD,1,3,0.0,0.3786752961796985,0.3921,LAD,LAD,1
20250626_MIA@SF,2025-06-26,SF,MIA,5,12,0.0,0.5736097465939449,0.577,SF,MIA,0
20250626_PHI@HOU,2025-06-26,HOU,PHI,2,1,1.0,0.5643190841230287,0.5683,HOU,HOU,1
20250626_SEA@MIN,2025-06-26,MIN,SEA,10,1,1.0,0.4825463531647929,0.491,SEA,MIN,0
20250626_TB@KC,2025-06-26,KC,TB,0,4,0.0,0.4127259218254272,0.4247,TB,TB,1
20250626_TOR@CLE,2025-06-26,CLE,TOR,0,6,0.0,0.53388257341934,0.5395,CLE,TOR,0
20250625_ATH@DET,2025-06-25,DET,ATH,0,3,0.0,0.6050861830036933,0.6068,DET,ATH,0
20250625_ATL@NYM,2025-06-25,NYM,ATL,7,3,1.0,0.5971023069198288,0.5992,NYM,NYM,1
20250625_AZ@CWS,2025-06-25,CWS,AZ,7,3,1.0,0.4451469439424255,0.4555,AZ,CWS,0
20250625_BOS@LAA,2025-06-25,LAA,BOS,5,2,1.0,0.451638894862911,0.4617,BOS,LAA,0
20250625_CHC@STL,2025-06-25,STL,CHC,0,8,0.0,0.482353113206483,0.4908,CHC,CHC,1
20250625_LAD@COL,2025-06-25,COL,LAD,1,8,0.0,0.4221008585366419,0.4336,LAD,LAD,1
20250625_MIA@SF,2025-06-25,SF,MIA,5,8,0.0,0.5936855039057494,0.596,SF,MIA,0
20250625_NYY@CIN,2025-06-25,CIN,NYY,1,7,0.0,0.4314900503222721,0.4425,NYY,NYY,1
20250625_PHI@HOU,2025-06-25,HOU,PHI,2,0,1.0,0.4969494419994454,0.5046,PHI,HOU,0
20250625_PIT@MIL,2025-06-25,MIL,PIT,4,2,1.0,0.6002503518507631,0.6022,MIL,MIL,1
20250625_SEA@MIN,2025-06-25,MIN,SEA,2,0,1.0,0.5613609747699535,0.5655,MIN,MIN,1
20250625_TB@KC,2025-06-25,KC,TB,0,3,0.0,0.43989664602486184,0.4505,TB,TB,1
20250625_TEX@BAL,2025-06-25,BAL,TEX,0,7,0.0,0.4934912557633416,0.5014,TEX,TEX,1
20250625_TOR@CLE,2025-06-25,CLE,TOR,5,4,1.0,0.5236499088516364,0.5299,CLE,CLE,1
20250625_WSH@SD,2025-06-25,SD,WSH,1,0,1.0,0.5390015174031955,0.5444,SD,SD,1
20250624_ATH@DET,2025-06-24,DET,ATH,11,4,1.0,0.6780398786346404,0.6758,DET,DET,1
20250624_ATL@NYM,2025-06-24,NYM,ATL,4,7,0.0,0.59574201691662,0.5979,NYM,ATL,0
20250624_AZ@CWS,2025-06-24,CWS,AZ,1,4,0.0,0.47096407388607797,0.48,AZ,AZ,1
20250624_BOS@LAA,2025-06-24,LAA,BOS,3,2,1.0,0.3478225373507003,0.3624,BOS,LAA,0
20250624_CHC@STL,2025-06-24,STL,CHC,8,7,1.0,0.49303006292451945,0.5009,CHC,STL,0
20250624_LAD@COL,2025-06-24,COL,LAD,7,9,0.0,0.3971937954206784,0.4098,LAD,LAD,1
20250624_MIA@SF,2025-06-24,SF,MIA,2,4,0.0,0.6044951575536265,0.6062,SF,MIA,0
20250624_NYY@CIN,2025-06-24,CIN,NYY,5,4,1.0,0.44224031293619376,0.4528,NYY,CIN,0
20250624_PHI@HOU,2025-06-24,HOU,PHI,1,0,1.0,0.5514613105616732,0.5561,HOU,HOU,1
20250624_PIT@MIL,2025-06-24,MIL,PIT,9,3,1.0,0.651327787424513,0.6505,MIL,MIL,1
20250624_SEA@MIN,2025-06-24,MIN,SEA,5,6,0.0,0.495240210933162,0.503,SEA,SEA,1
20250624_TB@KC,2025-06-24,KC,TB,1,5,0.0,0.4558661215047636,0.4657,TB,TB,1
20250624_TEX@BAL,2025-06-24,BAL,TEX,5,6,0.0,0.5263959437583657,0.5325,BAL,TEX,0
20250624_TOR@CLE,2025-06-24,CLE,TOR,6,10,0.0,0.5005826978345066,0.5081,CLE,TOR,0
20250624_WSH@SD,2025-06-24,SD,WSH,4,3,1.0,0.5925514676381025,0.5949,SD,SD,1
20250623_ATL@NYM,2025-06-23,NYM,ATL,2,3,0.0,0.4853214309468866,0.4936,ATL,ATL,1
20250623_AZ@CWS,2025-06-23,CWS,AZ,0,10,0.0,0.4411097527732022,0.4517,AZ,AZ,1
20250623_BOS@LAA,2025-06-23,LAA,BOS,9,5,1.0,0.4847943154091591,0.4931,BOS,LAA,0
20250623_CHC@STL,2025-06-23,STL,CHC,8,2,1.0,0.4273283362568808,0.4386,CHC,STL,0
20250623_NYY@CIN,2025-06-23,CIN,NYY,6,1,1.0,0.4929678223303103,0.5009,NYY,CIN,0
20250623_PIT@MIL,2025-06-23,MIL,PIT,4,5,0.0,0.6244991338990167,0.6251,MIL,PIT,0
20250623_SEA@MIN,2025-06-23,MIN,SEA,2,11,0.0,0.5096115975010672,0.5166,MIN,SEA,0
20250623_TEX@BAL,2025-06-23,BAL,TEX,6,0,1.0,0.5499554836983815,0.5547,BAL,BAL,1
20250623_WSH@SD,2025-06-23,SD,WSH,6,10,0.0,0.5666734787030395,0.5705,SD,WSH,0
20250622_ATL@MIA,2025-06-22,MIA,ATL,5,3,1.0,0.4652125329279523,0.4746,ATL,MIA,0
20250622_AZ@COL,2025-06-22,COL,AZ,4,2,1.0,0.4494484204695561,0.4596,AZ,COL,0
20250622_BAL@NYY,2025-06-22,NYY,BAL,4,2,1.0,0.6122224353566922,0.6135,NYY,NYY,1
20250622_BOS@SF,2025-06-22,SF,BOS,9,5,1.0,0.5274026954090655,0.5334,SF,SF,1
20250622_CIN@STL,2025-06-22,STL,CIN,1,4,0.0,0.49174059386346675,0.4997,CIN,CIN,1
20250622_CLE@ATH,2025-06-22,ATH,CLE,0,3,0.0,0.4889460508730149,0.497,CLE,CLE,1
20250622_CWS@TOR,2025-06-22,TOR,CWS,2,4,0.0,0.6265557856336506,0.6271,TOR,CWS,0
20250622_DET@TB,2025-06-22,TB,DET,3,9,0.0,0.517276498064686,0.5238,TB,DET,0
20250622_HOU@LAA,2025-06-22,LAA,HOU,7,8,0.0,0.4063803598347734,0.4186,HOU,HOU,1
20250622_KC@SD,2025-06-22,SD,KC,3,2,1.0,0.4846867201527018,0.493,KC,SD,0
20250622_MIL@MIN,2025-06-22,MIN,MIL,8,9,0.0,0.4503975254535262,0.4605,MIL,MIL,1
20250622_NYM@PHI,2025-06-22,PHI,NYM,7,1,1.0,0.5978780868713294,0.6,PHI,PHI,1
20250622_SEA@CHC,2025-06-22,CHC,SEA,6,14,0.0,0.5321027674177762,0.5379,CHC,SEA,0
20250622_TEX@PIT,2025-06-22,PIT,TEX,8,3,1.0,0.5038759900457449,0.5112,PIT,PIT,1
20250622_WSH@LAD,2025-06-22,LAD,WSH,13,7,1.0,0.6082902287065908,0.6098,LAD,LAD,1
20250621_ATL@MIA,2025-06-21,MIA,ATL,0,7,0.0,0.4714000375845424,0.4804,ATL,ATL,1
20250621_AZ@COL,2025-06-21,COL,AZ,3,5,0.0,0.40956298300529326,0.4216,AZ,AZ,1
20250621_BAL@NYY,2025-06-21,NYY,BAL,9,0,1.0,0.5697033519443773,0.5734,NYY,NYY,1
20250621_BOS@SF,2025-06-21,SF,BOS,3,2,1.0,0.4949715549310908,0.5028,BOS,SF,0
20250621_CIN@STL,2025-06-21,STL,CIN,6,5,1.0,0.5611359189346392,0.5653,STL,STL,1
20250621_CLE@ATH,2025-06-21,ATH,CLE,2,4,0.0,0.4710685917960791,0.4801,CLE,CLE,1
20250621_CWS@TOR,2025-06-21,TOR,CWS,7,1,1.0,0.6374117144409852,0.6373,TOR,TOR,1
20250621_DET@TB,2025-06-21,TB,DET,8,3,1.0,0.5250435923632988,0.5312,TB,TB,1
20250621_HOU@LAA,2025-06-21,LAA,HOU,9,1,1.0,0.4669285386416812,0.4762,HOU,LAA,0
20250621_KC@SD,2025-06-21,SD,KC,5,1,1.0,0.5499354734809256,0.5547,SD,SD,1
20250621_MIL@MIN,2025-06-21,MIN,MIL,0,9,0.0,0.5247181845382773,0.5309,MIN,MIL,0
20250621_NYM@PHI,2025-06-21,PHI,NYM,4,11,0.0,0.5915849819971872,0.594,PHI,NYM,0
20250621_SEA@CHC,2025-06-21,CHC,SEA,10,7,1.0,0.605659028484798,0.6073,CHC,CHC,1
20250621_TEX@PIT,2025-06-21,PIT,TEX,2,3,0.0,0.49827660784357436,0.5059,TEX,TEX,1
20250621_WSH@LAD,2025-06-21,LAD,WSH,3,7,0.0,0.670672862338435,0.6689,LAD,WSH,0
20250620_ATL@MIA,2025-06-20,MIA,ATL,6,2,1.0,0.5136388588712952,0.5204,MIA,MIA,1
20250620_AZ@COL,2025-06-20,COL,AZ,8,14,0.0,0.4241050139949957,0.4355,AZ,AZ,1
20250620_BAL@NYY,2025-06-20,NYY,BAL,3,5,0.0,0.5526515153693341,0.5573,NYY,BAL,0
20250620_BOS@SF,2025-06-20,SF,BOS,5,7,0.0,0.5516456598207697,0.5563,SF,BOS,0
20250620_CIN@STL,2025-06-20,STL,CIN,6,1,1.0,0.5508053140214434,0.5555,STL,STL,1
20250620_CLE@ATH,2025-06-20,ATH,CLE,5,1,1.0,0.4648081832166947,0.4742,CLE,ATH,0
20250620_CWS@TOR,2025-06-20,TOR,CWS,1,7,0.0,0.5618078535474624,0.5659,TOR,CWS,0
20250620_DET@TB,2025-06-20,TB,DET,14,8,1.0,0.492464516832782,0.5004,DET,TB,0
20250620_HOU@LAA,2025-06-20,LAA,HOU,2,3,0.0,0.40539239100150426,0.4177,HOU,HOU,1
20250620_KC@SD,2025-06-20,SD,KC,5,6,0.0,0.5790560282130482,0.5822,SD,KC,0
20250620_MIL@MIN,2025-06-20,MIN,MIL,6,17,0.0,0.4673762225773171,0.4766,MIL,MIL,1
20250620_NYM@PHI,2025-06-20,PHI,NYM,10,2,1.0,0.6270806820094519,0.6276,PHI,PHI,1
20250620_SEA@CHC,2025-06-20,CHC,SEA,4,9,0.0,0.5337466823280814,0.5394,CHC,SEA,0
20250620_TEX@PIT,2025-06-20,PIT,TEX,2,6,0.0,0.5443946483295918,0.5495,PIT,TEX,0
20250620_WSH@LAD,2025-06-20,LAD,WSH,6,5,1.0,0.5789330078960483,0.5821,LAD,LAD,1
20250619_AZ@TOR,2025-06-19,TOR,AZ,5,9,0.0,0.5476306094725321,0.5533,TOR,AZ,0
20250619_BAL@TB,2025-06-19,TB,BAL,1,4,0.0,0.532984801922598,0.5394,TB,BAL,0
20250619_CLE@SF,2025-06-19,SF,CLE,2,1,1.0,0.5639343773481762,0.5688,SF,SF,1
20250619_COL@WSH,2025-06-19,WSH,COL,4,3,1.0,0.574693295979307,0.5791,WSH,WSH,1
20250619_HOU@ATH,2025-06-19,ATH,HOU,6,4,1.0,0.4348661091925407,0.4456,HOU,ATH,0
20250619_KC@TEX,2025-06-19,TEX,KC,1,4,0.0,0.5418743666583901,0.5478,TEX,KC,0
20250619_LAA@NYY,2025-06-19,NYY,LAA,7,3,1.0,0.5840999578658951,0.588,NYY,NYY,1
20250619_MIL@CHC,2025-06-19,CHC,MIL,7,8,0.0,0.5271167891591526,0.5338,CHC,MIL,0
20250619_MIN@CIN,2025-06-19,CIN,MIN,5,12,0.0,0.5177965970160847,0.5249,CIN,MIN,0
20250619_NYM@ATL,2025-06-19,ATL,NYM,7,1,1.0,0.5253325986255228,0.5321,ATL,ATL,1
20250619_PHI@MIA,2025-06-19,MIA,PHI,1,2,0.0,0.47562709949119,0.4846,PHI,PHI,1
20250619_PIT@DET,2025-06-19,DET,PIT,4,8,0.0,0.5356149413020579,0.5419,DET,PIT,0
20250619_PIT@DET,2025-06-19,DET,PIT,9,2,1.0,0.6469633828700426,0.6479,DET,DET,1
20250619_SD@LAD,2025-06-19,LAD,SD,3,5,0.0,0.5972741963445123,0.6006,LAD,SD,0
20250619_STL@CWS,2025-06-19,CWS,STL,6,8,0.0,0.490968218980489,0.4993,STL,STL,1
20250619_STL@CWS,2025-06-19,CWS,STL,4,5,0.0,0.5099258630912359,0.5174,CWS,STL,0
20250618_AZ@TOR,2025-06-18,TOR,AZ,8,1,1.0,0.513040213548734,0.5204,TOR,TOR,1
20250618_BAL@TB,2025-06-18,TB,BAL,12,8,1.0,0.5376355094292062,0.5438,TB,TB,1
20250618_BOS@SEA,2025-06-18,SEA,BOS,1,3,0.0,0.4908042166377472,0.4991,BOS,BOS,1
20250618_CLE@SF,2025-06-18,SF,CLE,2,4,0.0,0.5398639492322186,0.5459,SF,CLE,0
20250618_COL@WSH,2025-06-18,WSH,COL,1,3,0.0,0.5828565046908291,0.5868,WSH,COL,0
20250618_HOU@ATH,2025-06-18,ATH,HOU,4,11,0.0,0.434003489799449,0.4448,HOU,HOU,1
20250618_KC@TEX,2025-06-18,TEX,KC,3,6,0.0,0.5224537822561088,0.5293,TEX,KC,0
20250618_LAA@NYY,2025-06-18,NYY,LAA,2,3,0.0,0.5610066045516027,0.566,NYY,LAA,0
20250618_MIN@CIN,2025-06-18,CIN,MIN,4,2,1.0,0.5348783848351915,0.5412,CIN,CIN,1
20250618_NYM@ATL,2025-06-18,ATL,NYM,5,0,1.0,0.5716312200963141,0.5762,ATL,ATL,1
20250618_PHI@MIA,2025-06-18,MIA,PHI,2,4,0.0,0.4736099075675543,0.4827,PHI,PHI,1
20250618_SD@LAD,2025-06-18,LAD,SD,4,3,1.0,0.5736449788888477,0.5781,LAD,LAD,1
20250617_AZ@TOR,2025-06-17,TOR,AZ,5,4,1.0,0.5399573436261131,0.546,TOR,TOR,1
20250617_BAL@TB,2025-06-17,TB,BAL,1,5,0.0,0.5675487809615732,0.5723,TB,BAL,0
20250617_BOS@SEA,2025-06-17,SEA,BOS,8,0,1.0,0.5233889727466073,0.5302,SEA,SEA,1
20250617_CLE@SF,2025-06-17,SF,CLE,2,3,0.0,0.5571649640496567,0.5624,SF,CLE,0
20250617_COL@WSH,2025-06-17,WSH,COL,6,10,0.0,0.6355707050636927,0.637,WSH,COL,0
20250617_HOU@ATH,2025-06-17,ATH,HOU,3,13,0.0,0.47441757886393404,0.4835,HOU,HOU,1
20250617_KC@TEX,2025-06-17,TEX,KC,1,6,0.0,0.5792148038461561,0.5834,TEX,KC,0
20250617_LAA@NYY,2025-06-17,NYY,LAA,0,4,0.0,0.5555122892307777,0.5608,NYY,LAA,0
20250617_MIL@CHC,2025-06-17,CHC,MIL,5,3,1.0,0.5588421754199202,0.564,CHC,CHC,1
20250617_MIN@CIN,2025-06-17,CIN,MIN,6,5,1.0,0.5371011468464102,0.5433,CIN,CIN,1
20250617_NYM@ATL,2025-06-17,ATL,NYM,5,4,1.0,0.4785613222355471,0.4874,NYM,ATL,0
20250617_PHI@MIA,2025-06-17,MIA,PHI,8,3,1.0,0.4522502931724534,0.4623,PHI,MIA,0
20250617_PIT@DET,2025-06-17,DET,PIT,7,3,1.0,0.6529977328479741,0.6536,DET,DET,1
20250617_SD@LAD,2025-06-17,LAD,SD,8,6,1.0,0.6395819282960433,0.6409,LAD,LAD,1
20250617_STL@CWS,2025-06-17,CWS,STL,2,12,0.0,0.5150117182462232,0.5222,CWS,STL,0
20250616_BAL@TB,2025-06-16,TB,BAL,7,1,1.0,0.5707201795476369,0.5753,TB,TB,1
20250616_BOS@SEA,2025-06-16,SEA,BOS,0,2,0.0,0.5649915227877098,0.5698,SEA,BOS,0
20250616_COL@WSH,2025-06-16,WSH,COL,4,6,0.0,0.5928885450515641,0.5964,WSH,COL,0
20250616_HOU@ATH,2025-06-16,ATH,HOU,3,1,1.0,0.48668608121744716,0.4952,HOU,ATH,0
20250616_LAA@NYY,2025-06-16,NYY,LAA,0,1,0.0,0.5522833956048132,0.5577,NYY,LAA,0
20250616_PHI@MIA,2025-06-16,MIA,PHI,2,5,0.0,0.48379224287259137,0.4924,PHI,PHI,1
20250616_SD@LAD,2025-06-16,LAD,SD,6,3,1.0,0.5594144841476166,0.5645,LAD,LAD,1
20250615_ATH@KC,2025-06-15,KC,ATH,2,3,0.0,0.5493321254160597,0.5549,KC,ATH,0
20250615_CIN@DET,2025-06-15,DET,CIN,4,8,0.0,0.5773328003871919,0.5816,DET,CIN,0
20250615_CLE@SEA,2025-06-15,SEA,CLE,6,0,1.0,0.5148867377232766,0.5221,SEA,SEA,1
20250615_COL@ATL,2025-06-15,ATL,COL,1,10,0.0,0.691673696539172,0.6906,ATL,COL,0
20250615_CWS@TEX,2025-06-15,TEX,CWS,2,1,1.0,0.6137700827248685,0.6163,TEX,TEX,1
20250615_LAA@BAL,2025-06-15,BAL,LAA,11,2,1.0,0.48816863541260824,0.4966,LAA,BAL,0
20250615_MIA@WSH,2025-06-15,WSH,MIA,1,3,0.0,0.5368897343457779,0.5431,WSH,MIA,0
20250615_MIN@HOU,2025-06-15,HOU,MIN,2,1,1.0,0.5506340005026924,0.5562,HOU,HOU,1
20250615_NYY@BOS,2025-06-15,BOS,NYY,2,0,1.0,0.5074783786141074,0.5151,BOS,BOS,1
20250615_PIT@CHC,2025-06-15,CHC,PIT,3,2,1.0,0.5976865165546527,0.601,CHC,CHC,1
20250615_SD@AZ,2025-06-15,AZ,SD,2,8,0.0,0.5343839620681832,0.5407,AZ,SD,0
20250615_SF@LAD,2025-06-15,LAD,SF,5,4,1.0,0.6342122906503125,0.6357,LAD,LAD,1
20250615_STL@MIL,2025-06-15,MIL,STL,3,2,1.0,0.5614052239340497,0.5664,MIL,MIL,1
20250615_TB@NYM,2025-06-15,NYM,TB,0,9,0.0,0.5954667644408822,0.5988,NYM,TB,0
20250615_TOR@PHI,2025-06-15,PHI,TOR,11,4,1.0,0.6041014095551922,0.6071,PHI,PHI,1
20250614_ATH@KC,2025-06-14,KC,ATH,0,4,0.0,0.5197671140545742,0.5268,KC,ATH,0
20250614_CIN@DET,2025-06-14,DET,CIN,1,11,0.0,0.62854889808927,0.6303,DET,CIN,0
20250614_CLE@SEA,2025-06-14,SEA,CLE,4,3,1.0,0.5289738173136898,0.5355,SEA,SEA,1
20250614_COL@ATL,2025-06-14,ATL,COL,4,1,1.0,0.6379191104100566,0.6393,ATL,ATL,1
20250614_CWS@TEX,2025-06-14,TEX,CWS,5,4,1.0,0.6284992416470424,0.6303,TEX,TEX,1
20250614_LAA@BAL,2025-06-14,BAL,LAA,6,5,1.0,0.4825381319642098,0.4912,LAA,BAL,0
20250614_MIA@WSH,2025-06-14,WSH,MIA,3,4,0.0,0.5364864016922138,0.5427,WSH,MIA,0
20250614_MIN@HOU,2025-06-14,HOU,MIN,3,2,1.0,0.5562544796971359,0.5615,HOU,HOU,1
20250614_NYY@BOS,2025-06-14,BOS,NYY,4,3,1.0,0.46179351756017606,0.4714,NYY,BOS,0
20250614_PIT@CHC,2025-06-14,CHC,PIT,2,1,1.0,0.5763946644185213,0.5807,CHC,CHC,1
20250614_SD@AZ,2025-06-14,AZ,SD,8,7,1.0,0.5125726207756376,0.5199,AZ,AZ,1
20250614_SF@LAD,2025-06-14,LAD,SF,11,5,1.0,0.5807879290472531,0.5849,LAD,LAD,1
20250614_STL@MIL,2025-06-14,MIL,STL,5,8,0.0,0.5780658132184252,0.5823,MIL,STL,0
20250614_TB@NYM,2025-06-14,NYM,TB,4,8,0.0,0.6028294353294145,0.6059,NYM,TB,0
20250614_TOR@PHI,2025-06-14,PHI,TOR,3,2,1.0,0.5578572086632009,0.563,PHI,PHI,1
20250613_ATH@KC,2025-06-13,KC,ATH,4,6,0.0,0.5811209960391968,0.5852,KC,ATH,0
20250613_CIN@DET,2025-06-13,DET,CIN,11,5,1.0,0.6406210612239326,0.6418,DET,DET,1
20250613_CLE@SEA,2025-06-13,SEA,CLE,7,2,1.0,0.5281411740291662,0.5347,SEA,SEA,1
20250613_COL@ATL,2025-06-13,ATL,COL,12,4,1.0,0.6558285235262766,0.6563,ATL,ATL,1
20250613_CWS@TEX,2025-06-13,TEX,CWS,3,1,1.0,0.6201361294172494,0.6223,TEX,TEX,1
20250613_LAA@BAL,2025-06-13,BAL,LAA,2,0,1.0,0.5388265175337856,0.5449,BAL,BAL,1
20250613_MIA@WSH,2025-06-13,WSH,MIA,9,11,0.0,0.5213711814729441,0.5283,WSH,MIA,0
20250613_MIN@HOU,2025-06-13,HOU,MIN,10,3,1.0,0.5658927344319005,0.5707,HOU,HOU,1
20250613_NYY@BOS,2025-06-13,BOS,NYY,2,1,1.0,0.48895255435179424,0.4974,NYY,BOS,0
20250613_PIT@CHC,2025-06-13,CHC,PIT,1,2,0.0,0.5603210652598698,0.5654,CHC,PIT,0
20250613_SD@AZ,2025-06-13,AZ,SD,5,1,1.0,0.5452553762464545,0.5511,AZ,AZ,1
20250613_SF@LAD,2025-06-13,LAD,SF,2,6,0.0,0.5999098043782294,0.6031,LAD,SF,0
20250613_STL@MIL,2025-06-13,MIL,STL,3,2,1.0,0.6014417184791481,0.6045,MIL,MIL,1
20250613_TB@NYM,2025-06-13,NYM,TB,5,7,0.0,0.5976402874929916,0.6009,NYM,TB,0
20250613_TOR@PHI,2025-06-13,PHI,TOR,8,0,1.0,0.5204532986623485,0.5274,PHI,PHI,1
20250612_CWS@HOU,2025-06-12,HOU,CWS,4,3,1.0,0.7108143155369678,0.7058,HOU,HOU,1
20250612_DET@BAL,2025-06-12,BAL,DET,1,4,0.0,0.4179116990513806,0.4299,DET,DET,1
20250612_NYY@KC,2025-06-12,KC,NYY,0,1,0.0,0.39841999788940535,0.4115,NYY,NYY,1
20250612_PIT@CHC,2025-06-12,CHC,PIT,3,2,1.0,0.6437479039955478,0.6424,CHC,CHC,1
20250612_SF@COL,2025-06-12,COL,SF,8,7,1.0,0.3882494753057755,0.4018,SF,COL,0
20250612_STL@MIL,2025-06-12,MIL,STL,6,0,1.0,0.5387599742934936,0.5438,MIL,MIL,1
20250612_TEX@MIN,2025-06-12,MIN,TEX,3,16,0.0,0.6060149037040944,0.6069,MIN,TEX,0
20250612_WSH@NYM,2025-06-12,NYM,WSH,4,3,1.0,0.6618046723033336,0.6594,NYM,NYM,1
20250611_ATH@LAA,2025-06-11,LAA,ATH,6,5,1.0,0.5399984814909046,0.5449,LAA,LAA,1
20250611_ATL@MIL,2025-06-11,MIL,ATL,2,6,0.0,0.5441045681217982,0.5488,MIL,ATL,0
20250611_CHC@PHI,2025-06-11,PHI,CHC,7,2,1.0,0.5231781673292288,0.5291,PHI,PHI,1
20250611_CIN@CLE,2025-06-11,CLE,CIN,11,2,1.0,0.5479387327234583,0.5524,CLE,CLE,1
20250611_CWS@HOU,2025-06-11,HOU,CWS,10,2,1.0,0.6636824441591567,0.6612,HOU,HOU,1
20250611_DET@BAL,2025-06-11,BAL,DET,10,1,1.0,0.4049861396079952,0.4177,DET,BAL,0
20250611_LAD@SD,2025-06-11,SD,LAD,2,5,0.0,0.46804070728073977,0.4773,LAD,LAD,1
20250611_MIA@PIT,2025-06-11,PIT,MIA,5,2,1.0,0.5823040281694465,0.5846,PIT,PIT,1
20250611_NYY@KC,2025-06-11,KC,NYY,3,6,0.0,0.4484705942576015,0.4588,NYY,NYY,1
20250611_SEA@AZ,2025-06-11,AZ,SEA,5,2,1.0,0.5059078059648201,0.5129,AZ,AZ,1
20250611_SF@COL,2025-06-11,COL,SF,7,10,0.0,0.3568418358704242,0.3718,SF,SF,1
20250611_TB@BOS,2025-06-11,BOS,TB,4,3,1.0,0.48497298153897195,0.4932,TB,BOS,0
20250611_TEX@MIN,2025-06-11,MIN,TEX,6,2,1.0,0.6174236913693307,0.6176,MIN,MIN,1
20250611_TOR@STL,2025-06-11,STL,TOR,2,5,0.0,0.5064562694474289,0.5134,STL,TOR,0
20250611_WSH@NYM,2025-06-11,NYM,WSH,5,0,1.0,0.704586962179881,0.6999,NYM,NYM,1
20250610_ATH@LAA,2025-06-10,LAA,ATH,2,1,1.0,0.5353934242071703,0.5406,LAA,LAA,1
20250610_ATL@MIL,2025-06-10,MIL,ATL,4,1,1.0,0.5517124523082226,0.5559,MIL,MIL,1
20250610_CHC@PHI,2025-06-10,PHI,CHC,4,8,0.0,0.5542469261762845,0.5583,PHI,CHC,0
20250610_CIN@CLE,2025-06-10,CLE,CIN,0,1,0.0,0.5255268656158889,0.5313,CLE,CIN,0
20250610_CWS@HOU,2025-06-10,HOU,CWS,2,4,0.0,0.67009258856854,0.6672,HOU,CWS,0
20250610_DET@BAL,2025-06-10,BAL,DET,3,5,0.0,0.43192247232299,0.4432,DET,DET,1
20250610_LAD@SD,2025-06-10,SD,LAD,11,1,1.0,0.5074951995017181,0.5144,SD,SD,1
20250610_MIA@PIT,2025-06-10,PIT,MIA,2,3,0.0,0.6011170747911974,0.6023,PIT,MIA,0
20250610_NYY@KC,2025-06-10,KC,NYY,2,10,0.0,0.40434112232476205,0.4171,NYY,NYY,1
20250610_SEA@AZ,2025-06-10,AZ,SEA,10,3,1.0,0.5442720006745339,0.5489,AZ,AZ,1
20250610_SF@COL,2025-06-10,COL,SF,5,6,0.0,0.32166393184970743,0.338,SF,SF,1
20250610_TB@BOS,2025-06-10,BOS,TB,3,1,1.0,0.4409416573752531,0.4517,TB,BOS,0
20250610_TEX@MIN,2025-06-10,MIN,TEX,4,16,0.0,0.5974036626671342,0.5988,MIN,TEX,0
20250610_TOR@STL,2025-06-10,STL,TOR,9,10,0.0,0.5349460944707038,0.5402,STL,TOR,0
20250610_WSH@NYM,2025-06-10,NYM,WSH,5,4,1.0,0.5998287904906237,0.6011,NYM,NYM,1
20250609_ATH@LAA,2025-06-09,LAA,ATH,7,4,1.0,0.5819800341727133,0.5843,LAA,LAA,1
20250609_ATL@MIL,2025-06-09,MIL,ATL,1,7,0.0,0.5243135554863017,0.5302,MIL,ATL,0
20250609_CHC@PHI,2025-06-09,PHI,CHC,4,3,1.0,0.5505844476745967,0.5549,PHI,PHI,1
20250609_CIN@CLE,2025-06-09,CLE,CIN,4,7,0.0,0.5651900352727252,0.5686,CLE,CIN,0
20250609_LAD@SD,2025-06-09,SD,LAD,7,8,0.0,0.4547774131655644,0.4648,LAD,LAD,1
20250609_MIA@PIT,2025-06-09,PIT,MIA,10,3,1.0,0.5258770233246276,0.5317,PIT,PIT,1
20250609_SEA@AZ,2025-06-09,AZ,SEA,8,4,1.0,0.5765301826379642,0.5792,AZ,AZ,1
20250609_TB@BOS,2025-06-09,BOS,TB,8,10,0.0,0.46062866071821745,0.4703,TB,TB,1
20250609_TOR@STL,2025-06-09,STL,TOR,4,5,0.0,0.5414170719934835,0.5463,STL,TOR,0
20250608_ATL@SF,2025-06-08,SF,ATL,4,3,1.0,0.5747785481770922,0.5776,SF,SF,1
20250608_AZ@CIN,2025-06-08,CIN,AZ,4,2,1.0,0.47900171784517126,0.4876,AZ,CIN,0
20250608_BAL@ATH,2025-06-08,ATH,BAL,5,1,1.0,0.5364033235807565,0.5415,ATH,ATH,1
20250608_BOS@NYY,2025-06-08,NYY,BOS,7,11,0.0,0.6286675704443274,0.6282,NYY,BOS,0
20250608_CHC@DET,2025-06-08,DET,CHC,4,0,1.0,0.5337727543343537,0.5391,DET,DET,1
20250608_HOU@CLE,2025-06-08,CLE,HOU,4,2,1.0,0.5275746640692163,0.5333,CLE,CLE,1
20250608_KC@CWS,2025-06-08,CWS,KC,5,7,0.0,0.44212261057676905,0.4528,KC,KC,1
20250608_LAD@STL,2025-06-08,STL,LAD,3,7,0.0,0.4449125394799097,0.4555,LAD,LAD,1
20250608_MIA@TB,2025-06-08,TB,MIA,3,2,1.0,0.547252065444468,0.5517,TB,TB,1
20250608_NYM@COL,2025-06-08,COL,NYM,5,13,0.0,0.3579346902542265,0.3729,NYM,NYM,1
20250608_PHI@PIT,2025-06-08,PIT,PHI,2,1,1.0,0.48177846750540826,0.4902,PHI,PIT,0
20250608_SD@MIL,2025-06-08,MIL,SD,0,1,0.0,0.5408917565334874,0.5458,MIL,SD,0
20250608_SEA@LAA,2025-06-08,LAA,SEA,2,3,0.0,0.4953060053090068,0.5029,SEA,SEA,1
20250608_TEX@WSH,2025-06-08,WSH,TEX,2,4,0.0,0.5106091593745339,0.5173,WSH,TEX,0
20250608_TOR@MIN,2025-06-08,MIN,TOR,6,3,1.0,0.5552136586170204,0.5592,MIN,MIN,1
20250607_ATL@SF,2025-06-07,SF,ATL,3,2,1.0,0.5561578908484063,0.5601,SF,SF,1
20250607_AZ@CIN,2025-06-07,CIN,AZ,13,1,1.0,0.39967687218610765,0.4127,AZ,CIN,0
20250607_BAL@ATH,2025-06-07,ATH,BAL,4,7,0.0,0.46455018995215025,0.474,BAL,BAL,1
20250607_BOS@NYY,2025-06-07,NYY,BOS,7,10,0.0,0.5157042062934968,0.5221,NYY,BOS,0
20250607_CHC@DET,2025-06-07,DET,CHC,1,6,0.0,0.5167393815657277,0.5231,DET,CHC,0
20250607_HOU@CLE,2025-06-07,CLE,HOU,3,5,0.0,0.5015951481738217,0.5089,CLE,HOU,0
20250607_KC@CWS,2025-06-07,CWS,KC,4,1,1.0,0.48057794791808317,0.4891,KC,CWS,0
20250607_LAD@STL,2025-06-07,STL,LAD,2,1,1.0,0.4197577944418621,0.4317,LAD,STL,0
20250607_MIA@TB,2025-06-07,TB,MIA,10,11,0.0,0.5938302130901051,0.5954,TB,MIA,0
20250607_NYM@COL,2025-06-07,COL,NYM,1,8,0.0,0.37701231248508926,0.3911,NYM,NYM,1
20250607_PHI@PIT,2025-06-07,PIT,PHI,2,1,1.0,0.4450685202849477,0.4556,PHI,PIT,0
20250607_SD@MIL,2025-06-07,MIL,SD,4,3,1.0,0.5321830268038006,0.5376,MIL,MIL,1
20250607_SEA@LAA,2025-06-07,LAA,SEA,8,6,1.0,0.49066529972755735,0.4986,SEA,LAA,0
20250607_TEX@WSH,2025-06-07,WSH,TEX,0,5,0.0,0.5503542489834474,0.5546,WSH,TEX,0
20250607_TOR@MIN,2025-06-07,MIN,TOR,4,5,0.0,0.535840170078268,0.541,MIN,TOR,0
20250606_ATL@SF,2025-06-06,SF,ATL,5,4,1.0,0.536792885000777,0.5419,SF,SF,1
20250606_AZ@CIN,2025-06-06,CIN,AZ,4,3,1.0,0.3912751081949682,0.4047,AZ,CIN,0
20250606_BAL@ATH,2025-06-06,ATH,BAL,5,4,1.0,0.49771202315504004,0.5052,BAL,ATH,0
20250606_BOS@NYY,2025-06-06,NYY,BOS,9,6,1.0,0.6377678223604903,0.6367,NYY,NYY,1
20250606_CHC@DET,2025-06-06,DET,CHC,3,1,1.0,0.5554660137175245,0.5594,DET,DET,1
20250606_HOU@CLE,2025-06-06,CLE,HOU,2,4,0.0,0.5039749487659336,0.5111,CLE,HOU,0
20250606_KC@CWS,2025-06-06,CWS,KC,7,2,1.0,0.3973182819049381,0.4104,KC,CWS,0
20250606_LAD@STL,2025-06-06,STL,LAD,5,0,1.0,0.449375069796704,0.4597,LAD,STL,0
20250606_MIA@TB,2025-06-06,TB,MIA,4,3,1.0,0.59676888144912,0.5982,TB,TB,1
20250606_NYM@COL,2025-06-06,COL,NYM,2,4,0.0,0.3878522754316579,0.4014,NYM,NYM,1
20250606_PHI@PIT,2025-06-06,PIT,PHI,5,4,1.0,0.4828265966934524,0.4912,PHI,PIT,0
20250606_SD@MIL,2025-06-06,MIL,SD,0,2,0.0,0.5428003245388596,0.5475,MIL,SD,0
20250606_SEA@LAA,2025-06-06,LAA,SEA,5,4,1.0,0.4825503873360666,0.4909,SEA,LAA,0
20250606_TEX@WSH,2025-06-06,WSH,TEX,2,0,1.0,0.5827969905344255,0.5851,WSH,WSH,1
20250606_TOR@MIN,2025-06-06,MIN,TOR,4,6,0.0,0.5197775950864384,0.5259,MIN,TOR,0
20250605_AZ@ATL,2025-06-05,ATL,AZ,10,11,0.0,0.5199319089462432,0.5279,ATL,AZ,0
20250605_BAL@SEA,2025-06-05,SEA,BAL,3,4,0.0,0.5819133351585595,0.5861,SEA,BAL,0
20250605_CHC@WSH,2025-06-05,WSH,CHC,1,7,0.0,0.4056816243896278,0.4201,CHC,CHC,1
20250605_CLE@NYY,2025-06-05,NYY,CLE,4,0,1.0,0.5752196335462456,0.5798,NYY,NYY,1
20250605_DET@CWS,2025-06-05,CWS,DET,3,2,1.0,0.4001749191997904,0.4148,DET,CWS,0
20250605_HOU@PIT,2025-06-05,PIT,HOU,2,8,0.0,0.4822228670987815,0.4925,HOU,HOU,1
20250605_KC@STL,2025-06-05,STL,KC,6,5,1.0,0.5444614773621682,0.551,STL,STL,1
20250605_KC@STL,2025-06-05,STL,KC,5,7,0.0,0.49478856566097734,0.5043,KC,KC,1
20250605_MIN@ATH,2025-06-05,ATH,MIN,14,3,1.0,0.44248143835998777,0.455,MIN,ATH,0
20250605_NYM@LAD,2025-06-05,LAD,NYM,6,5,1.0,0.544221614896328,0.5507,LAD,LAD,1
20250605_PHI@TOR,2025-06-05,TOR,PHI,9,1,1.0,0.5162780160519276,0.5245,TOR,TOR,1
20250605_SD@SF,2025-06-05,SF,SD,3,2,1.0,0.5087722350668622,0.5174,SF,SF,1
20250605_TEX@TB,2025-06-05,TB,TEX,4,3,1.0,0.5873953172656563,0.5913,TB,TB,1
20250604_AZ@ATL,2025-06-04,ATL,AZ,1,2,0.0,0.5433537917992707,0.5499,ATL,AZ,0
20250604_BAL@SEA,2025-06-04,SEA,BAL,2,3,0.0,0.5452478664175614,0.5517,SEA,BAL,0
20250604_CHC@WSH,2025-06-04,WSH,CHC,2,0,1.0,0.46172700678423295,0.4731,CHC,WSH,0
20250604_CLE@NYY,2025-06-04,NYY,CLE,0,4,0.0,0.5472886694276267,0.5536,NYY,CLE,0
20250604_COL@MIA,2025-06-04,MIA,COL,2,3,0.0,0.6494513265099142,0.6495,MIA,COL,0
20250604_DET@CWS,2025-06-04,CWS,DET,4,5,0.0,0.4159851310938743,0.4298,DET,DET,1
20250604_HOU@PIT,2025-06-04,PIT,HOU,3,0,1.0,0.42302647452868897,0.4365,HOU,PIT,0
20250604_LAA@BOS,2025-06-04,BOS,LAA,11,9,1.0,0.49809511437326526,0.5074,LAA,BOS,0
20250604_MIL@CIN,2025-06-04,CIN,MIL,1,9,0.0,0.48296951240300734,0.4932,MIL,MIL,1
20250604_MIN@ATH,2025-06-04,ATH,MIN,1,6,0.0,0.3968871533377613,0.4117,MIN,MIN,1
20250604_NYM@LAD,2025-06-04,LAD,NYM,1,6,0.0,0.5354445249796937,0.5425,LAD,NYM,0
20250604_PHI@TOR,2025-06-04,TOR,PHI,2,1,1.0,0.456369191362737,0.4681,PHI,TOR,0
20250604_SD@SF,2025-06-04,SF,SD,6,5,1.0,0.5141935550470739,0.5225,SF,SF,1
20250604_TEX@TB,2025-06-04,TB,TEX,5,4,1.0,0.6095739846559746,0.6121,TB,TB,1
20250603_AZ@ATL,2025-06-03,ATL,AZ,3,8,0.0,0.5508712922149531,0.557,ATL,AZ,0
20250603_BAL@SEA,2025-06-03,SEA,BAL,1,5,0.0,0.6081857684098882,0.6108,SEA,BAL,0
20250603_CHC@WSH,2025-06-03,WSH,CHC,3,8,0.0,0.4174043618312685,0.4312,CHC,CHC,1
20250603_CLE@NYY,2025-06-03,NYY,CLE,3,2,1.0,0.6138208134120932,0.6161,NYY,NYY,1
20250603_COL@MIA,2025-06-03,MIA,COL,2,3,0.0,0.6242472337831896,0.6259,MIA,COL,0
20250603_DET@CWS,2025-06-03,CWS,DET,8,1,1.0,0.3771749948009738,0.3929,DET,CWS,0
20250603_HOU@PIT,2025-06-03,PIT,HOU,0,3,0.0,0.42832868930422874,0.4416,HOU,HOU,1
20250603_KC@STL,2025-06-03,STL,KC,7,10,0.0,0.5625310833948292,0.5679,STL,KC,0
20250603_LAA@BOS,2025-06-03,BOS,LAA,3,4,0.0,0.5230431904079044,0.5309,BOS,LAA,0
20250603_MIL@CIN,2025-06-03,CIN,MIL,4,2,1.0,0.5310455957630235,0.5384,CIN,CIN,1
20250603_MIN@ATH,2025-06-03,ATH,MIN,3,10,0.0,0.4404966452947042,0.4531,MIN,MIN,1
20250603_NYM@LAD,2025-06-03,LAD,NYM,6,5,1.0,0.5035443936807937,0.5125,LAD,LAD,1
20250603_PHI@TOR,2025-06-03,TOR,PHI,3,8,0.0,0.4695328884622906,0.4805,PHI,PHI,1
20250603_SD@SF,2025-06-03,SF,SD,2,3,0.0,0.512068582488954,0.5205,SF,SD,0
20250603_TEX@TB,2025-06-03,TB,TEX,5,1,1.0,0.6044293326616061,0.6072,TB,TB,1
20250602_COL@MIA,2025-06-02,MIA,COL,4,6,0.0,0.6543183261320358,0.6541,MIA,COL,0
20250602_DET@CWS,2025-06-02,CWS,DET,1,13,0.0,0.3672968695549053,0.3834,DET,DET,1
20250602_LAA@BOS,2025-06-02,BOS,LAA,6,7,0.0,0.5137962960603454,0.5222,BOS,LAA,0
20250602_MIL@CIN,2025-06-02,CIN,MIL,2,3,0.0,0.5125730125519172,0.521,CIN,MIL,0
20250602_MIN@ATH,2025-06-02,ATH,MIN,4,10,0.0,0.41614318368749237,0.43,MIN,MIN,1
20250602_NYM@LAD,2025-06-02,LAD,NYM,3,4,0.0,0.6065569236494384,0.6092,LAD,NYM,0
20250602_SD@SF,2025-06-02,SF,SD,0,1,0.0,0.5313689465738807,0.5387,SF,SD,0
20250601_ATH@TOR,2025-06-01,TOR,ATH,8,4,1.0,0.6129524785348477,0.6152,TOR,TOR,1
20250601_BOS@ATL,2025-06-01,ATL,BOS,1,3,0.0,0.5158125563811918,0.5241,ATL,BOS,0
20250601_CIN@CHC,2025-06-01,CHC,CIN,7,3,1.0,0.5779460629767058,0.5824,CHC,CHC,1
20250601_COL@NYM,2025-06-01,NYM,COL,5,3,1.0,0.7445834965112608,0.7395,NYM,NYM,1
20250601_CWS@BAL,2025-06-01,BAL,CWS,3,2,1.0,0.545795896309575,0.5522,BAL,BAL,1
20250601_DET@KC,2025-06-01,KC,DET,0,1,0.0,0.48781634888214986,0.4977,DET,DET,1
20250601_LAA@CLE,2025-06-01,CLE,LAA,4,2,1.0,0.5771312609135029,0.5816,CLE,CLE,1
20250601_MIL@PHI,2025-06-01,PHI,MIL,2,5,0.0,0.6118551723102214,0.6142,PHI,MIL,0
20250601_MIN@SEA,2025-06-01,SEA,MIN,2,1,1.0,0.6179900695162178,0.62,SEA,SEA,1
20250601_NYY@LAD,2025-06-01,LAD,NYY,3,7,0.0,0.6002051520371873,0.6033,LAD,NYY,0
20250601_PIT@SD,2025-06-01,SD,PIT,6,4,1.0,0.6107756582831662,0.6132,SD,SD,1
20250601_SF@MIA,2025-06-01,MIA,SF,2,4,0.0,0.4998789545806596,0.5091,SF,SF,1
20250601_STL@TEX,2025-06-01,TEX,STL,8,1,1.0,0.5266624628375929,0.5343,TEX,TEX,1
20250601_TB@HOU,2025-06-01,HOU,TB,1,0,1.0,0.6032773575402779,0.6062,HOU,HOU,1
20250601_WSH@AZ,2025-06-01,AZ,WSH,3,1,1.0,0.5053762236533285,0.5143,AZ,AZ,1
20250531_ATH@TOR,2025-05-31,TOR,ATH,8,7,1.0,0.596561478593472,0.5999,TOR,TOR,1
20250531_BOS@ATL,2025-05-31,ATL,BOS,5,0,1.0,0.5631817553084932,0.5685,ATL,ATL,1
20250531_CIN@CHC,2025-05-31,CHC,CIN,2,0,1.0,0.6357629934959286,0.6367,CHC,CHC,1
20250531_COL@NYM,2025-05-31,NYM,COL,8,2,1.0,0.7338022312088258,0.7293,NYM,NYM,1
20250531_CWS@BAL,2025-05-31,BAL,CWS,4,2,1.0,0.5764352499653923,0.581,BAL,BAL,1
20250531_DET@KC,2025-05-31,KC,DET,1,0,1.0,0.38861381687404384,0.4038,DET,KC,0
20250531_LAA@CLE,2025-05-31,CLE,LAA,7,5,1.0,0.6094785057181193,0.612,CLE,CLE,1
20250531_MIL@PHI,2025-05-31,PHI,MIL,7,17,0.0,0.6605749037756298,0.66,PHI,MIL,0
20250531_MIN@SEA,2025-05-31,SEA,MIN,5,4,1.0,0.5757422800709775,0.5803,SEA,SEA,1
20250531_NYY@LAD,2025-05-31,LAD,NYY,18,2,1.0,0.49610359456165665,0.5055,NYY,LAD,0
20250531_PIT@SD,2025-05-31,SD,PIT,0,5,0.0,0.6342701007975807,0.6353,SD,PIT,0
20250531_SF@MIA,2025-05-31,MIA,SF,1,0,1.0,0.4777054120209657,0.4882,SF,MIA,0
20250531_STL@TEX,2025-05-31,TEX,STL,0,2,0.0,0.4888822722676467,0.4987,STL,STL,1
20250531_TB@HOU,2025-05-31,HOU,TB,3,16,0.0,0.599138435614928,0.6023,HOU,TB,0
20250531_WSH@AZ,2025-05-31,AZ,WSH,7,11,0.0,0.5272367634385816,0.5348,AZ,WSH,0
20250530_ATH@TOR,2025-05-30,TOR,ATH,11,7,1.0,0.5954552299333606,0.5988,TOR,TOR,1
20250530_BOS@ATL,2025-05-30,ATL,BOS,1,5,0.0,0.5655156776426203,0.5707,ATL,BOS,0
20250530_CIN@CHC,2025-05-30,CHC,CIN,2,6,0.0,0.5549361246134944,0.5608,CHC,CIN,0
20250530_COL@NYM,2025-05-30,NYM,COL,4,2,1.0,0.7441102518607969,0.7391,NYM,NYM,1
20250530_CWS@BAL,2025-05-30,BAL,CWS,2,1,1.0,0.5347981809724891,0.5419,BAL,BAL,1
20250530_DET@KC,2025-05-30,KC,DET,5,7,0.0,0.48664309578839604,0.4966,DET,DET,1
20250530_LAA@CLE,2025-05-30,CLE,LAA,1,4,0.0,0.5882239730778062,0.592,CLE,LAA,0
20250530_MIL@PHI,2025-05-30,PHI,MIL,2,6,0.0,0.592976000207709,0.5965,PHI,MIL,0
20250530_MIN@SEA,2025-05-30,SEA,MIN,6,12,0.0,0.5218333953828749,0.5297,SEA,MIN,0
20250530_NYY@LAD,2025-05-30,LAD,NYY,8,5,1.0,0.5502240874074196,0.5564,LAD,LAD,1
20250530_PIT@SD,2025-05-30,SD,PIT,3,2,1.0,0.6342892057864453,0.6353,SD,SD,1
20250530_SF@MIA,2025-05-30,MIA,SF,0,2,0.0,0.4934263167118579,0.503,SF,SF,1
20250530_STL@TEX,2025-05-30,TEX,STL,11,1,1.0,0.48658720849879133,0.4966,STL,TEX,0
20250530_TB@HOU,2025-05-30,HOU,TB,2,1,1.0,0.6005553175979235,0.6036,HOU,HOU,1
20250530_WSH@AZ,2025-05-30,AZ,WSH,7,9,0.0,0.5884627230749907,0.5923,AZ,WSH,0
20250529_ATH@TOR,2025-05-29,TOR,ATH,12,0,1.0,0.5184285738598824,0.5262,TOR,TOR,1
20250529_ATL@PHI,2025-05-29,PHI,ATL,3,9,0.0,0.6322888403064226,0.63,PHI,ATL,0
20250529_ATL@PHI,2025-05-29,PHI,ATL,5,4,1.0,0.6327001621585452,0.6303,PHI,PHI,1
20250529_TB@HOU,2025-05-29,HOU,TB,3,13,0.0,0.5742054938865684,0.577,HOU,TB,0
20250529_WSH@SEA,2025-05-29,SEA,WSH,3,9,0.0,0.5561601477988802,0.5606,SEA,WSH,0
20250528_ATH@HOU,2025-05-28,HOU,ATH,5,3,1.0,0.6017521552457351,0.6021,HOU,HOU,1
20250528_BOS@MIL,2025-05-28,MIL,BOS,6,5,1.0,0.568764149909347,0.572,MIL,MIL,1
20250528_CIN@KC,2025-05-28,KC,CIN,3,2,1.0,0.49167184538166003,0.5018,CIN,KC,0
20250528_COL@CHC,2025-05-28,CHC,COL,2,1,1.0,0.7267183538496321,0.717,CHC,CHC,1
20250528_CWS@NYM,2025-05-28,NYM,CWS,4,9,0.0,0.6876213496116962,0.6808,NYM,CWS,0
20250528_LAD@CLE,2025-05-28,CLE,LAD,7,4,1.0,0.40375216137378794,0.4212,LAD,CLE,0
20250528_MIA@SD,2025-05-28,SD,MIA,8,10,0.0,0.598205599273002,0.5989,SD,MIA,0
20250528_MIN@TB,2025-05-28,TB,MIN,5,0,1.0,0.48463558690479036,0.4954,MIN,TB,0
20250528_NYY@LAA,2025-05-28,LAA,NYY,0,1,0.0,0.40462747969404694,0.422,NYY,NYY,1
20250528_PIT@AZ,2025-05-28,AZ,PIT,1,10,0.0,0.5695786774445932,0.5728,AZ,PIT,0
20250528_SF@DET,2025-05-28,DET,SF,4,3,1.0,0.6243398342335197,0.6227,DET,DET,1
20250528_STL@BAL,2025-05-28,BAL,STL,4,6,0.0,0.49818139725943256,0.5078,STL,STL,1
20250528_TOR@TEX,2025-05-28,TEX,TOR,0,2,0.0,0.5500133132841198,0.555,TEX,TOR,0
20250528_WSH@SEA,2025-05-28,SEA,WSH,0,9,0.0,0.6141812786223612,0.6134,SEA,WSH,0
20250527_ATH@HOU,2025-05-27,HOU,ATH,11,1,1.0,0.649478585688869,0.6457,HOU,HOU,1
20250527_ATL@PHI,2025-05-27,PHI,ATL,2,0,1.0,0.6364732526064378,0.6338,PHI,PHI,1
20250527_BOS@MIL,2025-05-27,MIL,BOS,5,1,1.0,0.45570041256549465,0.469,BOS,MIL,0
20250527_CIN@KC,2025-05-27,KC,CIN,2,7,0.0,0.533978708620764,0.5404,KC,CIN,0
20250527_COL@CHC,2025-05-27,CHC,COL,4,3,1.0,0.7376843132420932,0.7272,CHC,CHC,1
20250527_CWS@NYM,2025-05-27,NYM,CWS,6,4,1.0,0.7218265385952475,0.7124,NYM,NYM,1
20250527_LAD@CLE,2025-05-27,CLE,LAD,5,9,0.0,0.428703658797234,0.4442,LAD,LAD,1
20250527_MIA@SD,2025-05-27,SD,MIA,8,6,1.0,0.606641870011575,0.6065,SD,SD,1
20250527_MIN@TB,2025-05-27,TB,MIN,2,4,0.0,0.4264615167640226,0.4422,MIN,MIN,1
20250527_NYY@LAA,2025-05-27,LAA,NYY,2,3,0.0,0.35476292615154065,0.3757,NYY,NYY,1
20250527_PIT@AZ,2025-05-27,AZ,PIT,6,9,0.0,0.6384609459730461,0.6356,AZ,PIT,0
20250527_SF@DET,2025-05-27,DET,SF,3,1,1.0,0.5791377999444922,0.5815,DET,DET,1
20250527_STL@BAL,2025-05-27,BAL,STL,4,7,0.0,0.4922454575671046,0.5024,STL,STL,1
20250527_TOR@TEX,2025-05-27,TEX,TOR,2,0,1.0,0.5854647498019054,0.5872,TEX,TEX,1
20250527_WSH@SEA,2025-05-27,SEA,WSH,9,1,1.0,0.6146073347260371,0.6138,SEA,SEA,1
20250526_BOS@MIL,2025-05-26,MIL,BOS,3,2,1.0,0.4870188507056944,0.4976,BOS,MIL,0
20250526_CIN@KC,2025-05-26,KC,CIN,4,7,0.0,0.5632608823842422,0.567,KC,CIN,0
20250526_COL@CHC,2025-05-26,CHC,COL,3,1,1.0,0.7431218919942973,0.7323,CHC,CHC,1
20250526_CWS@NYM,2025-05-26,NYM,CWS,2,1,1.0,0.6927712739980334,0.6855,NYM,NYM,1
20250526_LAD@CLE,2025-05-26,CLE,LAD,2,7,0.0,0.46131483185415456,0.4741,LAD,LAD,1
20250526_MIA@SD,2025-05-26,SD,MIA,4,3,1.0,0.5683175205756388,0.5716,SD,SD,1
20250526_MIN@TB,2025-05-26,TB,MIN,7,2,1.0,0.48119597826471366,0.4923,MIN,TB,0
20250526_NYY@LAA,2025-05-26,LAA,NYY,1,5,0.0,0.396542117786845,0.4146,NYY,NYY,1
20250526_PIT@AZ,2025-05-26,AZ,PIT,5,0,1.0,0.6208214544377524,0.6195,AZ,AZ,1
20250526_SF@DET,2025-05-26,DET,SF,3,1,1.0,0.6076944402653274,0.6075,DET,DET,1
20250526_STL@BAL,2025-05-26,BAL,STL,5,2,1.0,0.5050158950130659,0.514,BAL,BAL,1
20250526_TOR@TEX,2025-05-26,TEX,TOR,1,2,0.0,0.5509608112454317,0.5558,TEX,TOR,0
20250525_AZ@STL,2025-05-25,STL,AZ,4,3,1.0,0.5756388804476661,0.5783,STL,STL,1
20250525_BAL@BOS,2025-05-25,BOS,BAL,1,5,0.0,0.5496812178259336,0.5547,BOS,BAL,0
20250525_CHC@CIN,2025-05-25,CIN,CHC,8,11,0.0,0.4267045136355609,0.4424,CHC,CHC,1
20250525_CLE@DET,2025-05-25,DET,CLE,5,0,1.0,0.675360507653081,0.6695,DET,DET,1
20250525_KC@MIN,2025-05-25,MIN,KC,1,2,0.0,0.5251678260422338,0.5324,MIN,KC,0
20250525_LAD@NYM,2025-05-25,NYM,LAD,3,1,1.0,0.4644955571764433,0.477,LAD,NYM,0
20250525_MIA@LAA,2025-05-25,LAA,MIA,0,3,0.0,0.5206828977113003,0.5283,LAA,MIA,0
20250525_MIL@PIT,2025-05-25,PIT,MIL,5,6,0.0,0.48567491447761696,0.4964,MIL,MIL,1
20250525_NYY@COL,2025-05-25,COL,NYY,4,5,0.0,0.3669237680054044,0.3871,NYY,NYY,1
20250525_PHI@ATH,2025-05-25,ATH,PHI,5,4,1.0,0.37657462260670105,0.3961,PHI,ATH,0
20250525_SD@ATL,2025-05-25,ATL,SD,3,5,0.0,0.49239688155348765,0.5025,SD,SD,1
20250525_SEA@HOU,2025-05-25,HOU,SEA,5,3,1.0,0.5700868688928901,0.5732,HOU,HOU,1
20250525_SF@WSH,2025-05-25,WSH,SF,2,3,0.0,0.470879791204367,0.4829,SF,SF,1
20250525_TEX@CWS,2025-05-25,CWS,TEX,4,5,0.0,0.5059885407578107,0.5149,CWS,TEX,0
20250525_TOR@TB,2025-05-25,TB,TOR,13,0,1.0,0.4768723959823753,0.4883,TOR,TB,0
20250524_AZ@STL,2025-05-24,STL,AZ,6,5,1.0,0.5428378745979827,0.5485,STL,STL,1
20250524_BAL@BOS,2025-05-24,BOS,BAL,1,2,0.0,0.5427734104317701,0.5484,BOS,BAL,0
20250524_BAL@BOS,2025-05-24,BOS,BAL,6,5,1.0,0.5477435379771982,0.5529,BOS,BOS,1
20250524_CHC@CIN,2025-05-24,CIN,CHC,6,4,1.0,0.4687265323914837,0.4809,CHC,CIN,0
20250524_CLE@DET,2025-05-24,DET,CLE,5,7,0.0,0.5382667459871211,0.5443,DET,CLE,0
20250524_KC@MIN,2025-05-24,MIN,KC,5,4,1.0,0.580137390346516,0.5824,MIN,MIN,1
20250524_LAD@NYM,2025-05-24,NYM,LAD,5,2,1.0,0.46531066855746006,0.4778,LAD,NYM,0
20250524_MIA@LAA,2025-05-24,LAA,MIA,2,6,0.0,0.5327014963820714,0.5392,LAA,MIA,0
20250524_MIL@PIT,2025-05-24,PIT,MIL,2,1,1.0,0.5072356626451134,0.516,PIT,PIT,1
20250524_NYY@COL,2025-05-24,COL,NYY,1,13,0.0,0.28845750621011496,0.3131,NYY,NYY,1
20250524_PHI@ATH,2025-05-24,ATH,PHI,6,9,0.0,0.3670200461377714,0.3872,PHI,PHI,1
20250524_SD@ATL,2025-05-24,ATL,SD,7,1,1.0,0.485536863238759,0.4963,SD,ATL,0
20250524_SEA@HOU,2025-05-24,HOU,SEA,2,1,1.0,0.543632370215849,0.5492,HOU,HOU,1
20250524_SF@WSH,2025-05-24,WSH,SF,3,0,1.0,0.4490652391379082,0.4629,SF,WSH,0
20250524_TEX@CWS,2025-05-24,CWS,TEX,10,5,1.0,0.4851082822619436,0.4959,TEX,CWS,0
20250524_TOR@TB,2025-05-24,TB,TOR,3,1,1.0,0.5323495894099245,0.5389,TB,TB,1
20250523_AZ@STL,2025-05-23,STL,AZ,4,3,1.0,0.4875179274920857,0.4981,AZ,STL,0
20250523_BAL@BOS,2025-05-23,BOS,BAL,19,5,1.0,0.5145273269252314,0.5227,BOS,BOS,1
20250523_CHC@CIN,2025-05-23,CIN,CHC,6,13,0.0,0.48390687535661014,0.4948,CHC,CHC,1
20250523_CLE@DET,2025-05-23,DET,CLE,1,3,0.0,0.5233007793023352,0.5307,DET,CLE,0
20250523_KC@MIN,2025-05-23,MIN,KC,3,1,1.0,0.6026891821048351,0.6029,MIN,MIN,1
20250523_LAD@NYM,2025-05-23,NYM,LAD,5,7,0.0,0.4478413690576598,0.4618,LAD,LAD,1
20250523_MIA@LAA,2025-05-23,LAA,MIA,7,4,1.0,0.554604684763009,0.5592,LAA,LAA,1
20250523_MIL@PIT,2025-05-23,PIT,MIL,6,5,1.0,0.5034990291092828,0.5126,PIT,PIT,1
20250523_NYY@COL,2025-05-23,COL,NYY,3,2,1.0,0.3175686778478839,0.3408,NYY,COL,0
20250523_PHI@ATH,2025-05-23,ATH,PHI,3,4,0.0,0.37141612019255693,0.3913,PHI,PHI,1
20250523_SD@ATL,2025-05-23,ATL,SD,1,2,0.0,0.5254904162487954,0.5327,ATL,SD,0
20250523_SEA@HOU,2025-05-23,HOU,SEA,3,5,0.0,0.5642394879278105,0.5679,HOU,SEA,0
20250523_SF@WSH,2025-05-23,WSH,SF,0,4,0.0,0.5565576069721451,0.5609,WSH,SF,0
20250523_TEX@CWS,2025-05-23,CWS,TEX,4,1,1.0,0.5018227732690281,0.5111,CWS,CWS,1
20250523_TOR@TB,2025-05-23,TB,TOR,3,1,1.0,0.48865460911637704,0.4991,TOR,TB,0
20250522_ATL@WSH,2025-05-22,WSH,ATL,8,7,1.0,0.44887943883352965,0.4624,ATL,WSH,0
20250522_CLE@DET,2025-05-22,DET,CLE,0,7,0.0,0.619843496523547,0.6211,DET,CLE,0
20250522_LAA@ATH,2025-05-22,ATH,LAA,5,10,0.0,0.5697862413171229,0.5747,ATH,LAA,0
20250522_MIL@PIT,2025-05-22,PIT,MIL,5,8,0.0,0.5248191047372406,0.5331,PIT,MIL,0
20250522_PHI@COL,2025-05-22,COL,PHI,0,2,0.0,0.4112046262708603,0.4272,PHI,PHI,1
20250522_SD@TOR,2025-05-22,TOR,SD,7,6,1.0,0.45926351169399543,0.4721,SD,TOR,0
20250522_SEA@HOU,2025-05-22,HOU,SEA,9,2,1.0,0.5021847151771326,0.5121,HOU,HOU,1
20250522_TEX@NYY,2025-05-22,NYY,TEX,1,0,1.0,0.6423284668854967,0.642,NYY,NYY,1
20250521_AZ@LAD,2025-05-21,LAD,AZ,3,1,1.0,0.586201552121594,0.5899,LAD,LAD,1
20250521_BAL@MIL,2025-05-21,MIL,BAL,4,8,0.0,0.5686314198431998,0.5736,MIL,BAL,0
20250521_CHC@MIA,2025-05-21,MIA,CHC,1,2,0.0,0.46292344434897736,0.4755,CHC,CHC,1
20250521_CIN@PIT,2025-05-21,PIT,CIN,3,1,1.0,0.4828685206579869,0.4941,CIN,PIT,0
20250521_CLE@MIN,2025-05-21,MIN,CLE,1,5,0.0,0.5167980401633415,0.5256,MIN,CLE,0
20250521_DET@STL,2025-05-21,STL,DET,1,5,0.0,0.47635050953817615,0.488,DET,DET,1
20250521_HOU@TB,2025-05-21,TB,HOU,8,4,1.0,0.41674282366078785,0.4324,HOU,TB,0
20250521_KC@SF,2025-05-21,SF,KC,4,8,0.0,0.5700130442028187,0.5749,SF,KC,0
20250521_LAA@ATH,2025-05-21,ATH,LAA,5,10,0.0,0.5311919770591707,0.539,ATH,LAA,0
20250521_NYM@BOS,2025-05-21,BOS,NYM,1,5,0.0,0.4458881883567033,0.4596,NYM,NYM,1
20250521_PHI@COL,2025-05-21,COL,PHI,5,9,0.0,0.37943570170117324,0.3973,PHI,PHI,1
20250521_SD@TOR,2025-05-21,TOR,SD,14,0,1.0,0.5218116644232441,0.5303,TOR,TOR,1
20250521_SEA@CWS,2025-05-21,CWS,SEA,5,6,0.0,0.468470311474809,0.4807,SEA,SEA,1
20250521_TEX@NYY,2025-05-21,NYY,TEX,4,3,1.0,0.5608558188508258,0.5664,NYY,NYY,1
20250520_ATL@WSH,2025-05-20,WSH,ATL,5,3,1.0,0.4819697275585248,0.4933,ATL,WSH,0
20250520_AZ@LAD,2025-05-20,LAD,AZ,4,3,1.0,0.5823712536338188,0.5864,LAD,LAD,1
20250520_BAL@MIL,2025-05-20,MIL,BAL,5,2,1.0,0.5698421435681573,0.5748,MIL,MIL,1
20250520_CHC@MIA,2025-05-20,MIA,CHC,1,14,0.0,0.47513832130931377,0.4869,CHC,CHC,1
20250520_CIN@PIT,2025-05-20,PIT,CIN,1,0,1.0,0.506952598367881,0.5165,PIT,PIT,1
20250520_DET@STL,2025-05-20,STL,DET,4,5,0.0,0.46569499399580716,0.4781,DET,DET,1
20250520_HOU@TB,2025-05-20,TB,HOU,3,2,1.0,0.46658198907096443,0.4789,HOU,TB,0
20250520_KC@SF,2025-05-20,SF,KC,3,2,1.0,0.49731284370913365,0.5075,KC,SF,0
20250520_LAA@ATH,2025-05-20,ATH,LAA,5,7,0.0,0.58061209305086,0.5847,ATH,LAA,0
20250520_NYM@BOS,2025-05-20,BOS,NYM,2,0,1.0,0.465200249529935,0.4777,NYM,BOS,0
20250520_PHI@COL,2025-05-20,COL,PHI,4,7,0.0,0.3906763969742889,0.4079,PHI,PHI,1
20250520_SD@TOR,2025-05-20,TOR,SD,3,0,1.0,0.4612420560719218,0.474,SD,TOR,0
20250520_SEA@CWS,2025-05-20,CWS,SEA,1,0,1.0,0.43196763829758444,0.4466,SEA,CWS,0
20250520_TEX@NYY,2025-05-20,NYY,TEX,5,2,1.0,0.6315914604133417,0.632,NYY,NYY,1
20250519_AZ@LAD,2025-05-19,LAD,AZ,5,9,0.0,0.6304001636807116,0.6309,LAD,AZ,0
20250519_BAL@MIL,2025-05-19,MIL,BAL,5,4,1.0,0.5963382951548056,0.5993,MIL,MIL,1
20250519_CHC@MIA,2025-05-19,MIA,CHC,8,7,1.0,0.45337513734144164,0.4666,CHC,MIA,0
20250519_CIN@PIT,2025-05-19,PIT,CIN,1,7,0.0,0.471379602924087,0.4834,CIN,CIN,1
20250519_CLE@MIN,2025-05-19,MIN,CLE,6,5,1.0,0.5085562693146424,0.518,MIN,MIN,1
20250519_DET@STL,2025-05-19,STL,DET,11,4,1.0,0.5047244746877136,0.5144,STL,STL,1
20250519_HOU@TB,2025-05-19,TB,HOU,3,4,0.0,0.47360132208480177,0.4855,HOU,HOU,1
20250519_KC@SF,2025-05-19,SF,KC,1,3,0.0,0.5026992970042765,0.5125,SF,KC,0
20250519_LAA@ATH,2025-05-19,ATH,LAA,3,4,0.0,0.5582664305657128,0.564,ATH,LAA,0
20250519_NYM@BOS,2025-05-19,BOS,NYM,3,1,1.0,0.4511480649859307,0.4646,NYM,BOS,0
20250519_PHI@COL,2025-05-19,COL,PHI,3,9,0.0,0.37005541769525874,0.3884,PHI,PHI,1
20250519_SEA@CWS,2025-05-19,CWS,SEA,1,5,0.0,0.4465228821905765,0.4602,SEA,SEA,1
20250518_ATH@SF,2025-05-18,SF,ATH,3,2,1.0,0.5399248149099027,0.5471,SF,SF,1
20250518_ATL@BOS,2025-05-18,BOS,ATL,4,10,0.0,0.5226161580671387,0.531,BOS,ATL,0
20250518_CLE@CIN,2025-05-18,CIN,CLE,3,1,1.0,0.5141199119480141,0.5231,CIN,CIN,1
20250518_COL@AZ,2025-05-18,AZ,COL,1,0,1.0,0.6670001551949156,0.6649,AZ,AZ,1
20250518_CWS@CHC,2025-05-18,CHC,CWS,6,2,1.0,0.6360542878079258,0.6362,CHC,CHC,1
20250518_DET@TOR,2025-05-18,TOR,DET,2,3,0.0,0.5040449856835816,0.5138,TOR,DET,0
20250518_HOU@TEX,2025-05-18,TEX,HOU,3,4,0.0,0.5294973672203379,0.5374,TEX,HOU,0
20250518_LAA@LAD,2025-05-18,LAD,LAA,4,6,0.0,0.6723338335625243,0.6699,LAD,LAA,0
20250518_MIN@MIL,2025-05-18,MIL,MIN,5,2,1.0,0.5457183123856018,0.5524,MIL,MIL,1
20250518_NYM@NYY,2025-05-18,NYY,NYM,8,2,1.0,0.5043328605550639,0.514,NYY,NYY,1
20250518_PIT@PHI,2025-05-18,PHI,PIT,1,0,1.0,0.6334093300078693,0.6337,PHI,PHI,1
20250518_SEA@SD,2025-05-18,SD,SEA,1,6,0.0,0.5465916125406164,0.5532,SD,SEA,0
20250518_STL@KC,2025-05-18,KC,STL,2,1,1.0,0.47233566260422866,0.4843,STL,KC,0
20250518_TB@MIA,2025-05-18,MIA,TB,5,1,1.0,0.46379788384854986,0.4764,TB,MIA,0
20250518_WSH@BAL,2025-05-18,BAL,WSH,4,10,0.0,0.5229864503230293,0.5314,BAL,WSH,0
20250517_ATH@SF,2025-05-17,SF,ATH,1,0,1.0,0.5223979714140309,0.5308,SF,SF,1
20250517_ATL@BOS,2025-05-17,BOS,ATL,7,6,1.0,0.5041480655818623,0.5139,BOS,BOS,1
20250517_CLE@CIN,2025-05-17,CIN,CLE,4,1,1.0,0.5208041891345258,0.5293,CIN,CIN,1
20250517_COL@AZ,2025-05-17,AZ,COL,12,14,0.0,0.7001162030370354,0.6959,AZ,COL,0
20250517_CWS@CHC,2025-05-17,CHC,CWS,7,3,1.0,0.6454360558278008,0.6449,CHC,CHC,1
20250517_DET@TOR,2025-05-17,TOR,DET,2,1,1.0,0.4639410282353432,0.4765,DET,TOR,0
20250517_HOU@TEX,2025-05-17,TEX,HOU,5,1,1.0,0.5346672729905638,0.5422,TEX,TEX,1
20250517_LAA@LAD,2025-05-17,LAD,LAA,9,11,0.0,0.6636402553770471,0.6618,LAD,LAA,0
20250517_MIN@MIL,2025-05-17,MIL,MIN,0,7,0.0,0.50973988833543,0.5191,MIL,MIN,0
20250517_NYM@NYY,2025-05-17,NYY,NYM,2,3,0.0,0.4985841269442071,0.5087,NYM,NYM,1
20250517_PIT@PHI,2025-05-17,PHI,PIT,5,2,1.0,0.6768564163037579,0.6741,PHI,PHI,1
20250517_SEA@SD,2025-05-17,SD,SEA,1,4,0.0,0.5634875201318499,0.5689,SD,SEA,0
20250517_STL@KC,2025-05-17,KC,STL,0,1,0.0,0.5048231912010726,0.5145,KC,STL,0
20250517_TB@MIA,2025-05-17,MIA,TB,0,4,0.0,0.501937921282571,0.5118,MIA,TB,0
20250517_WSH@BAL,2025-05-17,BAL,WSH,6,10,0.0,0.5531813949123036,0.5593,BAL,WSH,0
20250516_ATH@SF,2025-05-16,SF,ATH,9,1,1.0,0.5486902651534526,0.5552,SF,SF,1
20250516_ATL@BOS,2025-05-16,BOS,ATL,2,4,0.0,0.510989873310104,0.5202,BOS,ATL,0
20250516_CLE@CIN,2025-05-16,CIN,CLE,5,4,1.0,0.4893545622993991,0.5001,CLE,CIN,0
20250516_COL@AZ,2025-05-16,AZ,COL,8,0,1.0,0.6865005099115762,0.6831,AZ,AZ,1
20250516_CWS@CHC,2025-05-16,CHC,CWS,13,3,1.0,0.62797048291091,0.6286,CHC,CHC,1
20250516_DET@TOR,2025-05-16,TOR,DET,4,5,0.0,0.45261752403988076,0.4659,DET,DET,1
20250516_HOU@TEX,2025-05-16,TEX,HOU,3,6,0.0,0.544249524522515,0.5511,TEX,HOU,0
20250516_LAA@LAD,2025-05-16,LAD,LAA,2,6,0.0,0.6810465560464751,0.678,LAD,LAA,0
20250516_MIN@MIL,2025-05-16,MIL,MIN,0,3,0.0,0.5123938477245258,0.5215,MIL,MIN,0
20250516_NYM@NYY,2025-05-16,NYY,NYM,6,2,1.0,0.4986445008487041,0.5088,NYM,NYY,0
20250516_PIT@PHI,2025-05-16,PHI,PIT,8,4,1.0,0.6708828185825997,0.6686,PHI,PHI,1
20250516_SEA@SD,2025-05-16,SD,SEA,1,5,0.0,0.5912802913120712,0.5946,SD,SEA,0
20250516_STL@KC,2025-05-16,KC,STL,3,10,0.0,0.5901655267660324,0.5936,KC,STL,0
20250516_TB@MIA,2025-05-16,MIA,TB,9,4,1.0,0.5293497486253038,0.5373,MIA,MIA,1
20250516_WSH@BAL,2025-05-16,BAL,WSH,3,4,0.0,0.49998728871759873,0.51,WSH,WSH,1
20250515_ATH@LAD,2025-05-15,LAD,ATH,19,2,1.0,0.613904405450198,0.6189,LAD,LAD,1
20250515_CWS@CIN,2025-05-15,CIN,CWS,7,1,1.0,0.6517530237968144,0.6547,CIN,CIN,1
20250515_HOU@TEX,2025-05-15,TEX,HOU,1,0,1.0,0.49368132431452905,0.5052,HOU,TEX,0
20250515_MIN@BAL,2025-05-15,BAL,MIN,0,4,0.0,0.48849763255044887,0.5003,MIN,MIN,1
20250515_TB@TOR,2025-05-15,TOR,TB,3,8,0.0,0.5862089357736782,0.5928,TOR,TB,0
20250515_WSH@ATL,2025-05-15,ATL,WSH,5,2,1.0,0.6268533695564474,0.6312,ATL,ATL,1
20250514_ATH@LAD,2025-05-14,LAD,ATH,9,3,1.0,0.600720671174654,0.6065,LAD,LAD,1
20250514_AZ@SF,2025-05-14,SF,AZ,7,8,0.0,0.4527309056176545,0.4663,AZ,AZ,1
20250514_BOS@DET,2025-05-14,DET,BOS,6,5,1.0,0.6329276631519327,0.6369,DET,DET,1
20250514_COL@TEX,2025-05-14,TEX,COL,8,3,1.0,0.6845822653209082,0.6858,TEX,TEX,1
20250514_CWS@CIN,2025-05-14,CIN,CWS,2,4,0.0,0.6758697466029794,0.6775,CIN,CWS,0
20250514_KC@HOU,2025-05-14,HOU,KC,4,3,1.0,0.5459272486318133,0.5547,HOU,HOU,1
20250514_LAA@SD,2025-05-14,SD,LAA,5,1,1.0,0.6313876035473586,0.6354,SD,SD,1
20250514_MIA@CHC,2025-05-14,CHC,MIA,1,3,0.0,0.6147349473111606,0.6197,CHC,MIA,0
20250514_MIL@CLE,2025-05-14,CLE,MIL,5,9,0.0,0.560726065605797,0.5687,CLE,MIL,0
20250514_MIN@BAL,2025-05-14,BAL,MIN,3,6,0.0,0.4955220349578668,0.507,MIN,MIN,1
20250514_MIN@BAL,2025-05-14,BAL,MIN,6,8,0.0,0.5138592439886457,0.5243,BAL,MIN,0
20250514_NYY@SEA,2025-05-14,SEA,NYY,2,3,0.0,0.482377189546212,0.4945,NYY,NYY,1
20250514_PIT@NYM,2025-05-14,NYM,PIT,0,4,0.0,0.6875806556871074,0.6886,NYM,PIT,0
20250514_STL@PHI,2025-05-14,PHI,STL,2,1,1.0,0.615944405677445,0.6209,PHI,PHI,1
20250514_STL@PHI,2025-05-14,PHI,STL,7,14,0.0,0.5679815393894755,0.5756,PHI,STL,0
20250514_TB@TOR,2025-05-14,TOR,TB,3,1,1.0,0.5456875759367271,0.5545,TOR,TOR,1
20250514_WSH@ATL,2025-05-14,ATL,WSH,4,5,0.0,0.5928563182138226,0.5991,ATL,WSH,0
20250513_ATH@LAD,2025-05-13,LAD,ATH,1,11,0.0,0.6111241977281708,0.6163,LAD,ATH,0
20250513_AZ@SF,2025-05-13,SF,AZ,10,6,1.0,0.5153536246581604,0.5258,SF,SF,1
20250513_BOS@DET,2025-05-13,DET,BOS,10,9,1.0,0.5012641426923458,0.5124,DET,DET,1
20250513_COL@TEX,2025-05-13,TEX,COL,4,1,1.0,0.637536067529823,0.6413,TEX,TEX,1
20250513_CWS@CIN,2025-05-13,CIN,CWS,1,5,0.0,0.6475700540811217,0.6507,CIN,CWS,0
20250513_KC@HOU,2025-05-13,HOU,KC,2,1,1.0,0.5559981792307668,0.5642,HOU,HOU,1
20250513_LAA@SD,2025-05-13,SD,LAA,6,4,1.0,0.6852797141921729,0.6864,SD,SD,1
20250513_MIA@CHC,2025-05-13,CHC,MIA,5,4,1.0,0.6588318033106823,0.6614,CHC,CHC,1
20250513_MIL@CLE,2025-05-13,CLE,MIL,2,0,1.0,0.5983300448253117,0.6042,CLE,CLE,1
20250513_NYY@SEA,2025-05-13,SEA,NYY,2,1,1.0,0.5436282855122427,0.5525,SEA,SEA,1
20250513_PIT@NYM,2025-05-13,NYM,PIT,2,1,1.0,0.7132413513512167,0.7129,NYM,NYM,1
20250513_TB@TOR,2025-05-13,TOR,TB,9,11,0.0,0.5332247097875737,0.5427,TOR,TB,0
20250513_WSH@ATL,2025-05-13,ATL,WSH,5,2,1.0,0.567526463858644,0.5751,ATL,ATL,1
20250512_AZ@SF,2025-05-12,SF,AZ,1,2,0.0,0.5088003944186225,0.5196,SF,AZ,0
20250512_BOS@DET,2025-05-12,DET,BOS,14,2,1.0,0.5322957889231323,0.5418,DET,DET,1
20250512_COL@TEX,2025-05-12,TEX,COL,2,1,1.0,0.646519425427901,0.6497,TEX,TEX,1
20250512_KC@HOU,2025-05-12,HOU,KC,5,7,0.0,0.5834404818312462,0.5902,HOU,KC,0
20250512_LAA@SD,2025-05-12,SD,LAA,5,9,0.0,0.6878277360909443,0.6888,SD,LAA,0
20250512_MIA@CHC,2025-05-12,CHC,MIA,5,2,1.0,0.6360711658257729,0.6399,CHC,CHC,1
20250512_MIL@CLE,2025-05-12,CLE,MIL,5,0,1.0,0.5102935281133026,0.521,CLE,CLE,1
20250512_NYY@SEA,2025-05-12,SEA,NYY,5,11,0.0,0.532921282860215,0.5424,SEA,NYY,0
20250512_PIT@NYM,2025-05-12,NYM,PIT,4,3,1.0,0.6838043105049914,0.685,NYM,NYM,1
20250512_STL@PHI,2025-05-12,PHI,STL,2,3,0.0,0.6106703631487409,0.6159,PHI,STL,0
20250512_WSH@ATL,2025-05-12,ATL,WSH,4,3,1.0,0.6215814991572162,0.6262,ATL,ATL,1
20250511_ATL@PIT,2025-05-11,PIT,ATL,4,3,1.0,0.40595357200131943,0.4215,ATL,PIT,0
20250511_BAL@LAA,2025-05-11,LAA,BAL,3,7,0.0,0.5324616266042611,0.542,LAA,BAL,0
20250511_BOS@KC,2025-05-11,KC,BOS,1,3,0.0,0.497073874791377,0.5084,BOS,BOS,1
20250511_CHC@NYM,2025-05-11,NYM,CHC,6,2,1.0,0.5620432012399413,0.5699,NYM,NYM,1
20250511_CIN@HOU,2025-05-11,HOU,CIN,6,0,1.0,0.5236217753813811,0.5336,HOU,HOU,1
20250511_LAD@AZ,2025-05-11,AZ,LAD,1,8,0.0,0.46983728634996014,0.4826,LAD,LAD,1
20250511_MIA@CWS,2025-05-11,CWS,MIA,4,2,1.0,0.5208255355912577,0.5309,CWS,CWS,1
20250511_MIL@TB,2025-05-11,TB,MIL,2,4,0.0,0.4920679977249122,0.5037,MIL,MIL,1
20250511_NYY@ATH,2025-05-11,ATH,NYY,2,12,0.0,0.5106863185187223,0.5213,ATH,NYY,0
20250511_PHI@CLE,2025-05-11,CLE,PHI,0,3,0.0,0.4644099451020853,0.4774,PHI,PHI,1
20250511_SD@COL,2025-05-11,COL,SD,9,3,1.0,0.38293341889566257,0.3994,SD,COL,0
20250511_SF@MIN,2025-05-11,MIN,SF,7,6,1.0,0.5486907286784075,0.5573,MIN,MIN,1
20250511_STL@WSH,2025-05-11,WSH,STL,1,6,0.0,0.5683754671908657,0.5759,WSH,STL,0
20250511_TEX@DET,2025-05-11,DET,TEX,1,6,0.0,0.6533832880461206,0.6562,DET,TEX,0
20250511_TOR@SEA,2025-05-11,SEA,TOR,1,9,0.0,0.6665271396844842,0.6687,SEA,TOR,0
20250510_ATL@PIT,2025-05-10,PIT,ATL,2,3,0.0,0.42951948114712185,0.4441,ATL,ATL,1
20250510_BAL@LAA,2025-05-10,LAA,BAL,5,2,1.0,0.5266951938935325,0.5365,LAA,LAA,1
20250510_BOS@KC,2025-05-10,KC,BOS,1,10,0.0,0.5031774664391738,0.5142,KC,BOS,0
20250510_CHC@NYM,2025-05-10,NYM,CHC,5,6,0.0,0.6246893770204739,0.6291,NYM,CHC,0
20250510_CIN@HOU,2025-05-10,HOU,CIN,9,13,0.0,0.555858245200462,0.5641,HOU,CIN,0
20250510_LAD@AZ,2025-05-10,AZ,LAD,3,0,1.0,0.45992244919078884,0.4731,LAD,AZ,0
20250510_MIA@CWS,2025-05-10,CWS,MIA,1,3,0.0,0.49061042088162843,0.5023,MIA,MIA,1
20250510_MIL@TB,2025-05-10,TB,MIL,3,2,1.0,0.488530821590443,0.5003,MIL,TB,0
20250510_NYY@ATH,2025-05-10,ATH,NYY,11,7,1.0,0.4067873124389114,0.4223,NYY,ATH,0
20250510_PHI@CLE,2025-05-10,CLE,PHI,1,7,0.0,0.4501135456467867,0.4638,PHI,PHI,1
20250510_SD@COL,2025-05-10,COL,SD,0,21,0.0,0.3854622615921036,0.4018,SD,SD,1
20250510_SF@MIN,2025-05-10,MIN,SF,2,1,1.0,0.5447660014779052,0.5536,MIN,MIN,1
20250510_STL@WSH,2025-05-10,WSH,STL,2,4,0.0,0.5284812408543345,0.5382,WSH,STL,0
20250510_TEX@DET,2025-05-10,DET,TEX,3,10,0.0,0.6284214766839813,0.6326,DET,TEX,0
20250510_TOR@SEA,2025-05-10,SEA,TOR,3,6,0.0,0.6275088312800641,0.6318,SEA,TOR,0
20250509_ATL@PIT,2025-05-09,PIT,ATL,3,2,1.0,0.47384922384058903,0.4864,ATL,PIT,0
20250509_BAL@LAA,2025-05-09,LAA,BAL,1,4,0.0,0.477271540515812,0.4896,BAL,BAL,1
20250509_BOS@KC,2025-05-09,KC,BOS,2,1,1.0,0.5230954103886245,0.5331,KC,KC,1
20250509_CHC@NYM,2025-05-09,NYM,CHC,7,2,1.0,0.5708127414970275,0.5782,NYM,NYM,1
20250509_CIN@HOU,2025-05-09,HOU,CIN,3,0,1.0,0.5687107705036862,0.5762,HOU,HOU,1
20250509_LAD@AZ,2025-05-09,AZ,LAD,11,14,0.0,0.4618460270725713,0.4749,LAD,LAD,1
20250509_MIA@CWS,2025-05-09,CWS,MIA,6,2,1.0,0.4514386669425884,0.465,MIA,CWS,0
20250509_MIL@TB,2025-05-09,TB,MIL,4,3,1.0,0.4510305415575081,0.4646,MIL,TB,0
20250509_NYY@ATH,2025-05-09,ATH,NYY,2,10,0.0,0.4439230922535254,0.4579,NYY,NYY,1
20250509_PHI@CLE,2025-05-09,CLE,PHI,6,0,1.0,0.5569596047884441,0.5651,CLE,CLE,1
20250509_SD@COL,2025-05-09,COL,SD,9,13,0.0,0.4409341382560248,0.455,SD,SD,1
20250509_SF@MIN,2025-05-09,MIN,SF,3,1,1.0,0.5081447805105538,0.5189,MIN,MIN,1
20250509_STL@WSH,2025-05-09,WSH,STL,0,10,0.0,0.5310253325875712,0.5406,WSH,STL,0
20250509_TEX@DET,2025-05-09,DET,TEX,2,1,1.0,0.7028194757035838,0.703,DET,DET,1
20250509_TOR@SEA,2025-05-09,SEA,TOR,3,6,0.0,0.6215470352606215,0.6262,SEA,TOR,0
20250508_BAL@MIN,2025-05-08,MIN,BAL,5,2,1.0,0.5675923083620901,0.5739,MIN,MIN,1
20250508_CIN@ATL,2025-05-08,ATL,CIN,5,4,1.0,0.5753918307111786,0.5808,ATL,ATL,1
20250508_CWS@KC,2025-05-08,KC,CWS,10,0,1.0,0.6973010123995452,0.6887,KC,KC,1
20250508_DET@COL,2025-05-08,COL,DET,1,11,0.0,0.35748731825103064,0.387,DET,DET,1
20250508_DET@COL,2025-05-08,COL,DET,2,10,0.0,0.34955058326853283,0.3798,DET,DET,1
20250508_LAD@AZ,2025-05-08,AZ,LAD,5,3,1.0,0.42656014315779955,0.4493,LAD,AZ,0
20250508_PHI@TB,2025-05-08,TB,PHI,6,7,0.0,0.43735792044250316,0.4589,PHI,PHI,1
20250508_TEX@BOS,2025-05-08,BOS,TEX,5,0,1.0,0.5838903440602782,0.5882,BOS,BOS,1
20250508_TOR@LAA,2025-05-08,LAA,TOR,5,8,0.0,0.5006142042045157,0.5149,LAA,TOR,0
20250507_BAL@MIN,2025-05-07,MIN,BAL,5,2,1.0,0.5563480558499264,0.564,MIN,MIN,1
20250507_CIN@ATL,2025-05-07,ATL,CIN,3,4,0.0,0.5098814498799754,0.5231,ATL,CIN,0
20250507_CLE@WSH,2025-05-07,WSH,CLE,6,8,0.0,0.4820264315097976,0.4985,CLE,CLE,1
20250507_CWS@KC,2025-05-07,KC,CWS,2,1,1.0,0.6959799864883438,0.6875,KC,KC,1
20250507_DET@COL,2025-05-07,COL,DET,6,8,0.0,0.4085673393732986,0.4332,DET,DET,1
20250507_HOU@MIL,2025-05-07,MIL,HOU,1,9,0.0,0.5136762770666293,0.5265,MIL,HOU,0
20250507_LAD@MIA,2025-05-07,MIA,LAD,1,10,0.0,0.384699993520355,0.4117,LAD,LAD,1
20250507_NYM@AZ,2025-05-07,AZ,NYM,1,7,0.0,0.49093082828472295,0.5064,NYM,NYM,1
20250507_PHI@TB,2025-05-07,TB,PHI,0,7,0.0,0.48525992358544917,0.5014,PHI,PHI,1
20250507_PIT@STL,2025-05-07,STL,PIT,5,0,1.0,0.6455637377108787,0.6426,STL,STL,1
20250507_SD@NYY,2025-05-07,NYY,SD,4,3,1.0,0.5205811438844042,0.5325,NYY,NYY,1
20250507_SEA@ATH,2025-05-07,ATH,SEA,5,6,0.0,0.5233720969678297,0.535,ATH,SEA,0
20250507_SF@CHC,2025-05-07,CHC,SF,1,3,0.0,0.6032333122330388,0.6053,CHC,SF,0
20250507_TEX@BOS,2025-05-07,BOS,TEX,6,4,1.0,0.5589396817237163,0.5663,BOS,BOS,1
20250507_TOR@LAA,2025-05-07,LAA,TOR,5,4,1.0,0.5289399668894824,0.5399,LAA,LAA,1
20250506_BAL@MIN,2025-05-06,MIN,BAL,9,1,1.0,0.5583384569133427,0.5658,MIN,MIN,1
20250506_CIN@ATL,2025-05-06,ATL,CIN,2,1,1.0,0.5905952970198404,0.5941,ATL,ATL,1
20250506_CLE@WSH,2025-05-06,WSH,CLE,1,9,0.0,0.5531166703874495,0.5612,WSH,CLE,0
20250506_CLE@WSH,2025-05-06,WSH,CLE,10,9,1.0,0.4764966047055632,0.4936,CLE,WSH,0
20250506_CWS@KC,2025-05-06,KC,CWS,4,3,1.0,0.6978419566618542,0.6892,KC,KC,1
20250506_HOU@MIL,2025-05-06,MIL,HOU,4,3,1.0,0.51352510024448,0.5263,MIL,MIL,1
20250506_LAD@MIA,2025-05-06,MIA,LAD,5,4,1.0,0.3659993375758223,0.3948,LAD,MIA,0
20250506_NYM@AZ,2025-05-06,AZ,NYM,5,1,1.0,0.4419389083199358,0.463,NYM,AZ,0
20250506_PHI@TB,2025-05-06,TB,PHI,4,8,0.0,0.47995712232950616,0.4967,PHI,PHI,1
20250506_PIT@STL,2025-05-06,STL,PIT,2,1,1.0,0.6317869491231047,0.6305,STL,STL,1
20250506_SD@NYY,2025-05-06,NYY,SD,12,3,1.0,0.46987924825816724,0.4878,SD,NYY,0
20250506_SEA@ATH,2025-05-06,ATH,SEA,3,5,0.0,0.48170526210782616,0.4983,SEA,SEA,1
20250506_SF@CHC,2025-05-06,CHC,SF,5,14,0.0,0.618618382789025,0.6188,CHC,SF,0
20250506_TEX@BOS,2025-05-06,BOS,TEX,1,6,0.0,0.5946247412566198,0.5977,BOS,TEX,0
20250506_TOR@LAA,2025-05-06,LAA,TOR,8,3,1.0,0.5276052114880271,0.5387,LAA,LAA,1
20250505_CIN@ATL,2025-05-05,ATL,CIN,4,0,1.0,0.5832102346517202,0.5876,ATL,ATL,1
20250505_CWS@KC,2025-05-05,KC,CWS,3,0,1.0,0.7201780880151225,0.7093,KC,KC,1
20250505_HOU@MIL,2025-05-05,MIL,HOU,5,1,1.0,0.5373174205379883,0.5473,MIL,MIL,1
20250505_LAD@MIA,2025-05-05,MIA,LAD,4,7,0.0,0.33393988708122563,0.3655,LAD,LAD,1
20250505_NYM@AZ,2025-05-05,AZ,NYM,4,5,0.0,0.5156403023146151,0.5282,AZ,NYM,0
20250505_PIT@STL,2025-05-05,STL,PIT,6,3,1.0,0.5688982885945136,0.575,STL,STL,1
20250505_SD@NYY,2025-05-05,NYY,SD,3,4,0.0,0.5469581986069284,0.5557,NYY,SD,0
20250505_SEA@ATH,2025-05-05,ATH,SEA,7,6,1.0,0.4625705766554954,0.4813,SEA,ATH,0
20250505_SF@CHC,2025-05-05,CHC,SF,9,2,1.0,0.5885856692288948,0.5924,CHC,CHC,1
20250504_ATH@MIA,2025-05-04,MIA,ATH,2,3,0.0,0.4611600224801922,0.4801,ATH,ATH,1
20250504_AZ@PHI,2025-05-04,PHI,AZ,9,11,0.0,0.5690509493245108,0.5752,PHI,AZ,0
20250504_CHC@MIL,2025-05-04,MIL,CHC,4,0,1.0,0.5035019086353465,0.5175,MIL,MIL,1
20250504_CLE@TOR,2025-05-04,TOR,CLE,4,5,0.0,0.49511667138088616,0.5101,CLE,CLE,1
20250504_COL@SF,2025-05-04,SF,COL,9,3,1.0,0.7746545717522679,0.7591,SF,SF,1
20250504_DET@LAA,2025-05-04,LAA,DET,1,13,0.0,0.4121409773078323,0.4364,DET,DET,1
20250504_HOU@CWS,2025-05-04,CWS,HOU,5,4,1.0,0.4229809226803979,0.4461,HOU,CWS,0
20250504_KC@BAL,2025-05-04,BAL,KC,6,11,0.0,0.4654987158903536,0.4839,KC,KC,1
20250504_LAD@ATL,2025-05-04,ATL,LAD,4,3,1.0,0.428384233126888,0.4509,LAD,ATL,0
20250504_MIN@BOS,2025-05-04,BOS,MIN,4,5,0.0,0.6125957679390036,0.6135,BOS,MIN,0
20250504_NYM@STL,2025-05-04,STL,NYM,5,4,1.0,0.4573743184199174,0.4767,NYM,STL,0
20250504_NYM@STL,2025-05-04,STL,NYM,6,5,1.0,0.4752519679612903,0.4925,NYM,STL,0
20250504_SD@PIT,2025-05-04,PIT,SD,0,4,0.0,0.4466950179146406,0.4672,SD,SD,1
20250504_SEA@TEX,2025-05-04,TEX,SEA,8,1,1.0,0.5365703556877842,0.5466,TEX,TEX,1
20250504_TB@NYY,2025-05-04,NYY,TB,5,7,0.0,0.6148374162204292,0.6155,NYY,TB,0
20250504_WSH@CIN,2025-05-04,CIN,WSH,1,4,0.0,0.49898054654328344,0.5135,WSH,WSH,1
20250503_ATH@MIA,2025-05-03,MIA,ATH,9,6,1.0,0.49934622841170684,0.5138,ATH,MIA,0
20250503_AZ@PHI,2025-05-03,PHI,AZ,7,2,1.0,0.494405756576646,0.5095,AZ,PHI,0
20250503_CHC@MIL,2025-05-03,MIL,CHC,2,6,0.0,0.5036507763456067,0.5176,MIL,CHC,0
20250503_CLE@TOR,2025-05-03,TOR,CLE,3,5,0.0,0.5106812374637516,0.5238,TOR,CLE,0
20250503_COL@SF,2025-05-03,SF,COL,6,3,1.0,0.7658014686810741,0.7509,SF,SF,1
20250503_DET@LAA,2025-05-03,LAA,DET,5,2,1.0,0.3572306029208605,0.3868,DET,LAA,0
20250503_HOU@CWS,2025-05-03,CWS,HOU,3,8,0.0,0.3361235596990088,0.3675,HOU,HOU,1
20250503_KC@BAL,2025-05-03,BAL,KC,0,4,0.0,0.5100367748509089,0.5233,BAL,KC,0
20250503_LAD@ATL,2025-05-03,ATL,LAD,3,10,0.0,0.47135024301736883,0.4891,LAD,LAD,1
20250503_MIN@BOS,2025-05-03,BOS,MIN,3,4,0.0,0.5894740614831138,0.5931,BOS,MIN,0
20250503_SD@PIT,2025-05-03,PIT,SD,1,2,0.0,0.47122522162867436,0.489,SD,SD,1
20250503_SEA@TEX,2025-05-03,TEX,SEA,1,2,0.0,0.5149772476200509,0.5276,TEX,SEA,0
20250503_TB@NYY,2025-05-03,NYY,TB,2,3,0.0,0.6307746002111719,0.6296,NYY,TB,0
20250503_WSH@CIN,2025-05-03,CIN,WSH,6,11,0.0,0.5670836471472646,0.5734,CIN,WSH,0
20250502_ATH@MIA,2025-05-02,MIA,ATH,1,6,0.0,0.45385935507593655,0.4736,ATH,ATH,1
20250502_AZ@PHI,2025-05-02,PHI,AZ,3,2,1.0,0.5814710401846666,0.5861,PHI,PHI,1
20250502_CHC@MIL,2025-05-02,MIL,CHC,0,10,0.0,0.43845542062855886,0.4599,CHC,CHC,1
20250502_CLE@TOR,2025-05-02,TOR,CLE,5,3,1.0,0.5406177017531969,0.5502,TOR,TOR,1
20250502_COL@SF,2025-05-02,SF,COL,4,0,1.0,0.7390476501022081,0.7264,SF,SF,1
20250502_DET@LAA,2025-05-02,LAA,DET,1,9,0.0,0.36950267320480873,0.398,DET,DET,1
20250502_HOU@CWS,2025-05-02,CWS,HOU,7,3,1.0,0.4292273056188239,0.4517,HOU,CWS,0
20250502_KC@BAL,2025-05-02,BAL,KC,3,0,1.0,0.5373927770465765,0.5473,BAL,BAL,1
20250502_LAD@ATL,2025-05-02,ATL,LAD,1,2,0.0,0.4276961169605965,0.4503,LAD,LAD,1
20250502_MIN@BOS,2025-05-02,BOS,MIN,6,1,1.0,0.49626051668933513,0.5111,MIN,BOS,0
20250502_NYM@STL,2025-05-02,STL,NYM,3,9,0.0,0.4475020714485099,0.4679,NYM,NYM,1
20250502_SD@PIT,2025-05-02,PIT,SD,4,9,0.0,0.41910985092673414,0.4426,SD,SD,1
20250502_SEA@TEX,2025-05-02,TEX,SEA,1,13,0.0,0.517010275130821,0.5294,TEX,SEA,0
20250502_TB@NYY,2025-05-02,NYY,TB,3,0,1.0,0.5475474907109266,0.5563,NYY,NYY,1
20250502_WSH@CIN,2025-05-02,CIN,WSH,6,1,1.0,0.603331630542632,0.6053,CIN,CIN,1
20250501_ATH@TEX,2025-05-01,TEX,ATH,0,3,0.0,0.5179552366041072,0.5309,TEX,ATH,0
20250501_AZ@NYM,2025-05-01,NYM,AZ,2,4,0.0,0.5495719371235986,0.5587,NYM,AZ,0
20250501_BOS@TOR,2025-05-01,TOR,BOS,4,2,1.0,0.4722511833930892,0.4906,BOS,TOR,0
20250501_CHC@PIT,2025-05-01,PIT,CHC,3,8,0.0,0.4313915551785723,0.4543,CHC,CHC,1
20250501_COL@SF,2025-05-01,SF,COL,3,4,0.0,0.732118806881245,0.7206,SF,COL,0
20250501_DET@LAA,2025-05-01,LAA,DET,4,10,0.0,0.42625765579380515,0.4497,DET,DET,1
20250501_KC@TB,2025-05-01,TB,KC,2,8,0.0,0.6308858553936539,0.6303,TB,KC,0
20250501_MIL@CWS,2025-05-01,CWS,MIL,8,0,1.0,0.3371297448639771,0.369,MIL,CWS,0
20250501_MIN@CLE,2025-05-01,CLE,MIN,4,3,1.0,0.592217428637091,0.5962,CLE,CLE,1
20250501_STL@CIN,2025-05-01,CIN,STL,9,1,1.0,0.5061317832746697,0.5205,CIN,CIN,1
20250501_WSH@PHI,2025-05-01,PHI,WSH,2,4,0.0,0.5838533847946751,0.5888,PHI,WSH,0
20250430_ATH@TEX,2025-04-30,TEX,ATH,1,7,0.0,0.5549290909525657,0.5634,TEX,ATH,0
20250430_ATL@COL,2025-04-30,COL,ATL,2,1,1.0,0.4389993836768766,0.461,ATL,COL,0
20250430_AZ@NYM,2025-04-30,NYM,AZ,3,4,0.0,0.5925836043878476,0.5965,NYM,AZ,0
20250430_BOS@TOR,2025-04-30,TOR,BOS,7,6,1.0,0.44319156506177926,0.4648,BOS,TOR,0
20250430_CHC@PIT,2025-04-30,PIT,CHC,4,3,1.0,0.4270067769394795,0.4503,CHC,PIT,0
20250430_DET@HOU,2025-04-30,HOU,DET,4,7,0.0,0.4642730180580677,0.4835,DET,DET,1
20250430_KC@TB,2025-04-30,TB,KC,0,3,0.0,0.52874781985949,0.5404,TB,KC,0
20250430_LAA@SEA,2025-04-30,SEA,LAA,9,3,1.0,0.6489915143041584,0.6463,SEA,SEA,1
20250430_MIA@LAD,2025-04-30,LAD,MIA,12,7,1.0,0.6500441490344565,0.6472,LAD,LAD,1
20250430_MIL@CWS,2025-04-30,CWS,MIL,4,6,0.0,0.42799051518221465,0.4512,MIL,MIL,1
20250430_MIN@CLE,2025-04-30,CLE,MIN,4,2,1.0,0.6298693076936536,0.6294,CLE,CLE,1
20250430_NYY@BAL,2025-04-30,BAL,NYY,5,4,1.0,0.4196402322545086,0.4438,NYY,BAL,0
20250430_SF@SD,2025-04-30,SD,SF,5,3,1.0,0.5655307005386523,0.5727,SD,SD,1
20250430_STL@CIN,2025-04-30,CIN,STL,1,9,0.0,0.5478716373081799,0.5572,CIN,STL,0
20250430_STL@CIN,2025-04-30,CIN,STL,0,6,0.0,0.5930600521181802,0.5969,CIN,STL,0
20250430_WSH@PHI,2025-04-30,PHI,WSH,7,2,1.0,0.6632607455500173,0.6589,PHI,PHI,1
20250429_ATH@TEX,2025-04-29,TEX,ATH,15,2,1.0,0.49429276637719705,0.51,ATH,TEX,0
20250429_ATL@COL,2025-04-29,COL,ATL,2,8,0.0,0.3825723540571899,0.4104,ATL,ATL,1
20250429_AZ@NYM,2025-04-29,NYM,AZ,8,3,1.0,0.5929419235617461,0.5968,NYM,NYM,1
20250429_BOS@TOR,2025-04-29,TOR,BOS,2,10,0.0,0.4023077239075786,0.4282,BOS,BOS,1
20250429_CHC@PIT,2025-04-29,PIT,CHC,0,9,0.0,0.43833842929992056,0.4604,CHC,CHC,1
20250429_DET@HOU,2025-04-29,HOU,DET,6,4,1.0,0.4888285878134578,0.5052,DET,HOU,0
20250429_KC@TB,2025-04-29,TB,KC,1,3,0.0,0.5641365567088011,0.5715,TB,KC,0
20250429_LAA@SEA,2025-04-29,SEA,LAA,5,3,1.0,0.6611922234064709,0.6571,SEA,SEA,1
20250429_MIA@LAD,2025-04-29,LAD,MIA,15,2,1.0,0.6492725765578933,0.6465,LAD,LAD,1
20250429_MIL@CWS,2025-04-29,CWS,MIL,2,7,0.0,0.36845487902226864,0.3976,MIL,MIL,1
20250429_MIN@CLE,2025-04-29,CLE,MIN,2,1,1.0,0.6291268123395497,0.6287,CLE,CLE,1
20250429_NYY@BAL,2025-04-29,BAL,NYY,3,15,0.0,0.4457968031787657,0.4671,NYY,NYY,1
20250429_SF@SD,2025-04-29,SD,SF,7,4,1.0,0.5237179716208651,0.536,SD,SD,1
20250429_WSH@PHI,2025-04-29,PHI,WSH,7,6,1.0,0.6342304878401503,0.6332,PHI,PHI,1
20250428_ATH@TEX,2025-04-28,TEX,ATH,1,2,0.0,0.5116695049621939,0.5253,TEX,ATH,0
20250428_ATL@COL,2025-04-28,COL,ATL,3,6,0.0,0.4775397044483499,0.4952,ATL,ATL,1
20250428_DET@HOU,2025-04-28,HOU,DET,8,5,1.0,0.4179363262620105,0.4422,DET,HOU,0
20250428_MIA@LAD,2025-04-28,LAD,MIA,7,6,1.0,0.6161988554980389,0.6173,LAD,LAD,1
20250428_MIN@CLE,2025-04-28,CLE,MIN,1,11,0.0,0.6503991982802676,0.6475,CLE,MIN,0
20250428_NYM@WSH,2025-04-28,WSH,NYM,5,19,0.0,0.4328244221822596,0.4555,NYM,NYM,1
20250428_NYY@BAL,2025-04-28,BAL,NYY,4,3,1.0,0.3999885824965379,0.4261,NYY,BAL,0
20250428_STL@CIN,2025-04-28,CIN,STL,3,1,1.0,0.5778704006116488,0.5836,CIN,CIN,1
20250427_ATL@AZ,2025-04-27,AZ,ATL,6,4,1.0,0.5322313658196833,0.5434,AZ,AZ,1
20250427_BAL@DET,2025-04-27,DET,BAL,7,0,1.0,0.6513846028031883,0.6484,DET,DET,1
20250427_BOS@CLE,2025-04-27,CLE,BOS,3,13,0.0,0.5370816540858863,0.5477,CLE,BOS,0
20250427_CIN@COL,2025-04-27,COL,CIN,1,8,0.0,0.46621462194096985,0.4852,CIN,CIN,1
20250427_CWS@ATH,2025-04-27,ATH,CWS,3,2,1.0,0.6656306242726916,0.661,ATH,ATH,1
20250427_HOU@KC,2025-04-27,KC,HOU,3,7,0.0,0.43690261890992527,0.4592,HOU,HOU,1
20250427_LAA@MIN,2025-04-27,MIN,LAA,5,0,1.0,0.5726618474924253,0.579,MIN,MIN,1
20250427_MIA@SEA,2025-04-27,SEA,MIA,7,6,1.0,0.5688540602772754,0.5756,SEA,SEA,1
20250427_MIL@STL,2025-04-27,STL,MIL,1,7,0.0,0.5054860648870149,0.5199,STL,MIL,0
20250427_NYM@WSH,2025-04-27,WSH,NYM,8,7,1.0,0.4027228071922987,0.4286,NYM,WSH,0
20250427_PHI@CHC,2025-04-27,CHC,PHI,1,3,0.0,0.564540731352716,0.5718,CHC,PHI,0
20250427_PIT@LAD,2025-04-27,LAD,PIT,9,2,1.0,0.6603803546974147,0.6564,LAD,LAD,1
20250427_TB@SD,2025-04-27,SD,TB,2,4,0.0,0.5740646305149917,0.5802,SD,TB,0
20250427_TEX@SF,2025-04-27,SF,TEX,3,2,1.0,0.5619319575718508,0.5696,SF,SF,1
20250427_TOR@NYY,2025-04-27,NYY,TOR,11,2,1.0,0.6273537389691545,0.6271,NYY,NYY,1
20250427_TOR@NYY,2025-04-27,NYY,TOR,5,1,1.0,0.5651025809994835,0.5723,NYY,NYY,1
20250426_ATL@AZ,2025-04-26,AZ,ATL,7,8,0.0,0.5064321006794626,0.5207,AZ,ATL,0
20250426_BAL@DET,2025-04-26,DET,BAL,4,3,1.0,0.5830844012523975,0.5881,DET,DET,1
20250426_BAL@DET,2025-04-26,DET,BAL,6,2,1.0,0.5022450492476216,0.517,DET,DET,1
20250426_BOS@CLE,2025-04-26,CLE,BOS,3,7,0.0,0.5358607762981489,0.5466,CLE,BOS,0
20250426_BOS@CLE,2025-04-26,CLE,BOS,5,4,1.0,0.5570487795331869,0.5653,CLE,CLE,1
20250426_CIN@COL,2025-04-26,COL,CIN,4,6,0.0,0.3777863637029572,0.4061,CIN,CIN,1
20250426_CWS@ATH,2025-04-26,ATH,CWS,3,10,0.0,0.6592855159888601,0.6554,ATH,CWS,0
20250426_HOU@KC,2025-04-26,KC,HOU,2,0,1.0,0.5054289993508148,0.5198,KC,KC,1
20250426_LAA@MIN,2025-04-26,MIN,LAA,5,1,1.0,0.5664740690844887,0.5735,MIN,MIN,1
20250426_MIA@SEA,2025-04-26,SEA,MIA,14,0,1.0,0.6175836145531163,0.6185,SEA,SEA,1
20250426_MIL@STL,2025-04-26,STL,MIL,6,5,1.0,0.5595870462732462,0.5675,STL,STL,1
20250426_NYM@WSH,2025-04-26,WSH,NYM,0,2,0.0,0.4357112311243472,0.4581,NYM,NYM,1
20250426_PHI@CHC,2025-04-26,CHC,PHI,4,10,0.0,0.5686857642550647,0.5755,CHC,PHI,0
20250426_PIT@LAD,2025-04-26,LAD,PIT,8,4,1.0,0.6673607725033888,0.6626,LAD,LAD,1
20250426_TB@SD,2025-04-26,SD,TB,1,4,0.0,0.6145039723613327,0.6158,SD,TB,0
20250426_TEX@SF,2025-04-26,SF,TEX,3,2,1.0,0.5219664324229021,0.5344,SF,SF,1
20250425_ATL@AZ,2025-04-25,AZ,ATL,2,8,0.0,0.5142593337816501,0.5276,AZ,ATL,0
20250425_CIN@COL,2025-04-25,COL,CIN,7,8,0.0,0.38346686140741415,0.4112,CIN,CIN,1
20250425_CWS@ATH,2025-04-25,ATH,CWS,6,5,1.0,0.649535402388865,0.6468,ATH,ATH,1
20250425_HOU@KC,2025-04-25,KC,HOU,2,0,1.0,0.4763375123059498,0.4942,HOU,KC,0
20250425_LAA@MIN,2025-04-25,MIN,LAA,11,4,1.0,0.5804022842557691,0.5858,MIN,MIN,1
20250425_MIA@SEA,2025-04-25,SEA,MIA,4,8,0.0,0.6502428669841638,0.6474,SEA,MIA,0
20250425_MIL@STL,2025-04-25,STL,MIL,3,2,1.0,0.4952197308330541,0.5108,MIL,STL,0
20250425_NYM@WSH,2025-04-25,WSH,NYM,5,4,1.0,0.4645319502058524,0.4837,NYM,WSH,0
20250425_PHI@CHC,2025-04-25,CHC,PHI,4,0,1.0,0.5806617184741718,0.586,CHC,CHC,1
20250425_PIT@LAD,2025-04-25,LAD,PIT,0,3,0.0,0.7216565770690244,0.7112,LAD,PIT,0
20250425_TB@SD,2025-04-25,SD,TB,0,1,0.0,0.576849462946901,0.5827,SD,TB,0
20250425_TEX@SF,2025-04-25,SF,TEX,0,2,0.0,0.5455023829438134,0.5551,SF,TEX,0
20250425_TOR@NYY,2025-04-25,NYY,TOR,2,4,0.0,0.5899719726549273,0.5942,NYY,TOR,0
20250424_BAL@WSH,2025-04-24,WSH,BAL,1,2,0.0,0.5400875276797873,0.5475,WSH,BAL,0
20250424_COL@KC,2025-04-24,KC,COL,7,4,1.0,0.6931140269747891,0.6796,KC,KC,1
20250424_COL@KC,2025-04-24,KC,COL,6,2,1.0,0.6448955469260732,0.6376,KC,KC,1
20250424_CWS@MIN,2025-04-24,MIN,CWS,0,3,0.0,0.6451346665796538,0.6378,MIN,CWS,0
20250424_MIL@SF,2025-04-24,SF,MIL,6,5,1.0,0.5217898168707982,0.5318,SF,SF,1
20250424_PIT@LAA,2025-04-24,LAA,PIT,4,3,1.0,0.5595301698820662,0.5642,LAA,LAA,1
20250424_SEA@BOS,2025-04-24,BOS,SEA,3,4,0.0,0.5761946184204559,0.5784,BOS,SEA,0
20250424_TB@AZ,2025-04-24,AZ,TB,4,7,0.0,0.507389230505275,0.5195,AZ,TB,0
20250424_TEX@ATH,2025-04-24,ATH,TEX,4,3,1.0,0.5340020107240433,0.5423,ATH,ATH,1
20250423_BAL@WSH,2025-04-23,WSH,BAL,4,3,1.0,0.4950933762002775,0.5089,BAL,WSH,0
20250423_CIN@MIA,2025-04-23,MIA,CIN,2,5,0.0,0.48504759616035065,0.5003,CIN,CIN,1
20250423_CWS@MIN,2025-04-23,MIN,CWS,6,3,1.0,0.7108274007702661,0.6952,MIN,MIN,1
20250423_LAD@CHC,2025-04-23,CHC,LAD,7,6,1.0,0.51008733352515,0.5218,CHC,CHC,1
20250423_MIL@SF,2025-04-23,SF,MIL,4,2,1.0,0.5245842590108862,0.5342,SF,SF,1
20250423_NYY@CLE,2025-04-23,CLE,NYY,1,5,0.0,0.49467688070745985,0.5086,NYY,NYY,1
20250423_PHI@NYM,2025-04-23,NYM,PHI,4,3,1.0,0.5770076820982786,0.5791,NYM,NYM,1
20250423_PIT@LAA,2025-04-23,LAA,PIT,0,3,0.0,0.5412634345221906,0.5485,LAA,PIT,0
20250423_SD@DET,2025-04-23,DET,SD,6,0,1.0,0.49560630787422916,0.5094,SD,DET,0
20250423_SEA@BOS,2025-04-23,BOS,SEA,5,8,0.0,0.5780014224756289,0.58,BOS,SEA,0
20250423_STL@ATL,2025-04-23,ATL,STL,4,1,1.0,0.5483678832535965,0.5546,ATL,ATL,1
20250423_TB@AZ,2025-04-23,AZ,TB,6,7,0.0,0.6001348973788578,0.599,AZ,TB,0
20250423_TEX@ATH,2025-04-23,ATH,TEX,5,2,1.0,0.5302131988951881,0.539,ATH,ATH,1
20250423_TOR@HOU,2025-04-23,HOU,TOR,3,1,1.0,0.5621184718582795,0.5664,HOU,HOU,1
20250422_BAL@WSH,2025-04-22,WSH,BAL,7,0,1.0,0.47799152970633474,0.4943,BAL,WSH,0
20250422_CIN@MIA,2025-04-22,MIA,CIN,4,3,1.0,0.5505329970600118,0.5564,MIA,MIA,1
20250422_COL@KC,2025-04-22,KC,COL,4,3,1.0,0.6216705452085083,0.6175,KC,KC,1
20250422_CWS@MIN,2025-04-22,MIN,CWS,4,2,1.0,0.6679083417353779,0.6576,MIN,MIN,1
20250422_LAD@CHC,2025-04-22,CHC,LAD,11,10,1.0,0.4845057700411234,0.4999,LAD,CHC,0
20250422_MIL@SF,2025-04-22,SF,MIL,3,11,0.0,0.5301963040404628,0.539,SF,MIL,0
20250422_NYY@CLE,2025-04-22,CLE,NYY,3,2,1.0,0.4963008777121043,0.51,NYY,CLE,0
20250422_PHI@NYM,2025-04-22,NYM,PHI,5,1,1.0,0.5725853665017391,0.5753,NYM,NYM,1
20250422_PIT@LAA,2025-04-22,LAA,PIT,3,9,0.0,0.5600715429727949,0.5646,LAA,PIT,0
20250422_SD@DET,2025-04-22,DET,SD,0,2,0.0,0.504933260543371,0.5174,DET,SD,0
20250422_SEA@BOS,2025-04-22,BOS,SEA,8,3,1.0,0.551841990662645,0.5576,BOS,BOS,1
20250422_STL@ATL,2025-04-22,ATL,STL,4,10,0.0,0.6213685801381157,0.6172,ATL,STL,0
20250422_TB@AZ,2025-04-22,AZ,TB,5,1,1.0,0.6263468836991701,0.6215,AZ,AZ,1
20250422_TEX@ATH,2025-04-22,ATH,TEX,5,8,0.0,0.538420536273634,0.5461,ATH,TEX,0
20250422_TOR@HOU,2025-04-22,HOU,TOR,5,1,1.0,0.49628603733499155,0.51,TOR,HOU,0
20250421_CIN@MIA,2025-04-21,MIA,CIN,6,3,1.0,0.5117237496033004,0.5232,MIA,MIA,1
20250421_CWS@BOS,2025-04-21,BOS,CWS,4,2,1.0,0.6453869133253834,0.638,BOS,BOS,1
20250421_MIL@SF,2025-04-21,SF,MIL,5,2,1.0,0.5434305339115637,0.5504,SF,SF,1
20250421_NYY@CLE,2025-04-21,CLE,NYY,6,4,1.0,0.5557030550437991,0.5609,CLE,CLE,1
20250421_PHI@NYM,2025-04-21,NYM,PHI,5,4,1.0,0.5908617213635572,0.591,NYM,NYM,1
20250421_SD@DET,2025-04-21,DET,SD,6,4,1.0,0.5428010996363986,0.5498,DET,DET,1
20250421_STL@ATL,2025-04-21,ATL,STL,7,6,1.0,0.5934556117748284,0.5932,ATL,ATL,1
20250421_TOR@HOU,2025-04-21,HOU,TOR,7,0,1.0,0.5411558180753835,0.5484,HOU,HOU,1
20250420_ATH@MIL,2025-04-20,MIL,ATH,14,1,1.0,0.5431218294125504,0.5501,MIL,MIL,1
20250420_AZ@CHC,2025-04-20,CHC,AZ,2,3,0.0,0.51648598013965,0.5273,CHC,AZ,0
20250420_CIN@BAL,2025-04-20,BAL,CIN,2,24,0.0,0.6082221433687152,0.6059,BAL,CIN,0
20250420_CLE@PIT,2025-04-20,PIT,CLE,4,5,0.0,0.5150940310268981,0.5261,PIT,CLE,0
20250420_CWS@BOS,2025-04-20,BOS,CWS,4,8,0.0,0.6254875240798298,0.6208,BOS,CWS,0
20250420_KC@DET,2025-04-20,DET,KC,3,4,0.0,0.6776108540193939,0.666,DET,KC,0
20250420_LAD@TEX,2025-04-20,TEX,LAD,0,1,0.0,0.534409393948393,0.5426,TEX,LAD,0
20250420_MIA@PHI,2025-04-20,PHI,MIA,5,7,0.0,0.6400853073945184,0.6334,PHI,MIA,0
20250420_MIN@ATL,2025-04-20,ATL,MIN,6,2,1.0,0.5728099300165085,0.5755,ATL,ATL,1
20250420_NYY@TB,2025-04-20,TB,NYY,0,4,0.0,0.4919487096302158,0.5062,NYY,NYY,1
20250420_SD@HOU,2025-04-20,HOU,SD,2,3,0.0,0.4666872134145564,0.4845,SD,SD,1
20250420_SEA@TOR,2025-04-20,TOR,SEA,3,8,0.0,0.5463392603456794,0.5529,TOR,SEA,0
20250420_SF@LAA,2025-04-20,LAA,SF,5,4,1.0,0.4713926499825127,0.4886,SF,LAA,0
20250420_STL@NYM,2025-04-20,NYM,STL,7,4,1.0,0.6292720578771898,0.6241,NYM,NYM,1
20250420_WSH@COL,2025-04-20,COL,WSH,2,3,0.0,0.5245717926847387,0.5342,COL,WSH,0
20250420_WSH@COL,2025-04-20,COL,WSH,3,1,1.0,0.48467748384575676,0.5,WSH,COL,0
20250419_ATH@MIL,2025-04-19,MIL,ATH,1,3,0.0,0.5933541827419093,0.5932,MIL,ATH,0
20250419_AZ@CHC,2025-04-19,CHC,AZ,6,2,1.0,0.5210920845933991,0.5312,CHC,CHC,1
20250419_CIN@BAL,2025-04-19,BAL,CIN,9,5,1.0,0.5622103743900737,0.5664,BAL,BAL,1
20250419_CLE@PIT,2025-04-19,PIT,CLE,0,3,0.0,0.5144890425465805,0.5256,PIT,CLE,0
20250419_CWS@BOS,2025-04-19,BOS,CWS,4,3,1.0,0.6974877588555928,0.6835,BOS,BOS,1
20250419_KC@DET,2025-04-19,DET,KC,3,1,1.0,0.6564834401550915,0.6476,DET,DET,1
20250419_LAD@TEX,2025-04-19,TEX,LAD,4,3,1.0,0.4965926450186084,0.5102,LAD,TEX,0
20250419_MIA@PHI,2025-04-19,PHI,MIA,11,10,1.0,0.6298803521330205,0.6246,PHI,PHI,1
20250419_MIN@ATL,2025-04-19,ATL,MIN,4,3,1.0,0.6128283909345891,0.6099,ATL,ATL,1
20250419_NYY@TB,2025-04-19,TB,NYY,10,8,1.0,0.518505311883152,0.529,TB,TB,1
20250419_SD@HOU,2025-04-19,HOU,SD,3,2,1.0,0.4546222305573878,0.4741,SD,HOU,0
20250419_SEA@TOR,2025-04-19,TOR,SEA,4,8,0.0,0.49614291919610304,0.5098,SEA,SEA,1
20250419_SF@LAA,2025-04-19,LAA,SF,2,3,0.0,0.42998858248709937,0.4528,SF,SF,1
20250419_STL@NYM,2025-04-19,NYM,STL,3,0,1.0,0.5642180399951753,0.5682,NYM,NYM,1
20250419_WSH@COL,2025-04-19,COL,WSH,11,12,0.0,0.5068170674207965,0.519,COL,WSH,0
20250418_ATH@MIL,2025-04-18,MIL,ATH,5,3,1.0,0.5629743779854585,0.5671,MIL,MIL,1
20250418_AZ@CHC,2025-04-18,CHC,AZ,13,11,1.0,0.47300327978605494,0.49,AZ,CHC,0
20250418_CIN@BAL,2025-04-18,BAL,CIN,3,8,0.0,0.5512932410329107,0.5571,BAL,CIN,0
20250418_CLE@PIT,2025-04-18,PIT,CLE,7,10,0.0,0.5054382808554616,0.5178,PIT,CLE,0
20250418_CWS@BOS,2025-04-18,BOS,CWS,10,3,1.0,0.631369376180341,0.6259,BOS,BOS,1
20250418_KC@DET,2025-04-18,DET,KC,7,3,1.0,0.5641148326337783,0.5681,DET,DET,1
20250418_LAD@TEX,2025-04-18,TEX,LAD,0,3,0.0,0.4676227353736118,0.4853,LAD,LAD,1
20250418_MIA@PHI,2025-04-18,PHI,MIA,7,2,1.0,0.6366239895831634,0.6304,PHI,PHI,1
20250418_MIN@ATL,2025-04-18,ATL,MIN,6,4,1.0,0.5644571159518199,0.5684,ATL,ATL,1
20250418_NYY@TB,2025-04-18,TB,NYY,0,1,0.0,0.47906443234942403,0.4952,NYY,NYY,1
20250418_SD@HOU,2025-04-18,HOU,SD,6,4,1.0,0.520915552592591,0.5311,HOU,HOU,1
20250418_SEA@TOR,2025-04-18,TOR,SEA,3,1,1.0,0.5021122971685752,0.515,TOR,TOR,1
20250418_SF@LAA,2025-04-18,LAA,SF,2,0,1.0,0.42991687304273474,0.4527,SF,LAA,0
20250418_STL@NYM,2025-04-18,NYM,STL,5,4,1.0,0.64972204077794,0.6418,NYM,NYM,1
20250417_ATH@CWS,2025-04-17,CWS,ATH,0,8,0.0,0.4499938902254644,0.4694,ATH,ATH,1
20250417_AZ@MIA,2025-04-17,MIA,AZ,4,6,0.0,0.36305500060687856,0.3967,AZ,AZ,1
20250417_CLE@BAL,2025-04-17,BAL,CLE,6,2,1.0,0.5010392061490277,0.5114,BAL,BAL,1
20250417_KC@DET,2025-04-17,DET,KC,6,1,1.0,0.5653185918169158,0.5641,DET,DET,1
20250417_LAA@TEX,2025-04-17,TEX,LAA,5,3,1.0,0.5360652020912133,0.5401,TEX,TEX,1
20250417_NYY@TB,2025-04-17,TB,NYY,3,6,0.0,0.5035571365289884,0.5134,TB,NYY,0
20250417_SEA@CIN,2025-04-17,CIN,SEA,7,11,0.0,0.35920003739922435,0.3935,SEA,SEA,1
20250417_SF@PHI,2025-04-17,PHI,SF,6,4,1.0,0.5741112538211796,0.5713,PHI,PHI,1
20250417_STL@NYM,2025-04-17,NYM,STL,4,1,1.0,0.5620683587611816,0.5614,NYM,NYM,1
20250417_WSH@PIT,2025-04-17,PIT,WSH,1,0,1.0,0.5360466630197844,0.54,PIT,PIT,1
20250416_ATH@CWS,2025-04-16,CWS,ATH,1,3,0.0,0.42478687497686435,0.4485,ATH,ATH,1
20250416_ATL@TOR,2025-04-16,TOR,ATL,3,1,1.0,0.5478495212032269,0.5497,TOR,TOR,1
20250416_AZ@MIA,2025-04-16,MIA,AZ,2,6,0.0,0.39752942998823,0.4258,AZ,AZ,1
20250416_BOS@TB,2025-04-16,TB,BOS,0,1,0.0,0.48640810349616553,0.4994,BOS,BOS,1
20250416_CHC@SD,2025-04-16,SD,CHC,4,2,1.0,0.5280426196090056,0.5335,SD,SD,1
20250416_CLE@BAL,2025-04-16,BAL,CLE,9,1,1.0,0.46992240715842737,0.4858,CLE,BAL,0
20250416_COL@LAD,2025-04-16,LAD,COL,8,7,1.0,0.7235334575821046,0.6966,LAD,LAD,1
20250416_DET@MIL,2025-04-16,MIL,DET,5,1,1.0,0.5634669591554542,0.5625,MIL,MIL,1
20250416_HOU@STL,2025-04-16,STL,HOU,4,1,1.0,0.5393009636711475,0.5427,STL,STL,1
20250416_KC@NYY,2025-04-16,NYY,KC,4,3,1.0,0.5369575054320922,0.5408,NYY,NYY,1
20250416_LAA@TEX,2025-04-16,TEX,LAA,3,1,1.0,0.4673197401138382,0.4837,LAA,TEX,0
20250416_NYM@MIN,2025-04-16,MIN,NYM,4,3,1.0,0.4931967014685398,0.5049,NYM,MIN,0
20250416_SEA@CIN,2025-04-16,CIN,SEA,3,5,0.0,0.48859692954572387,0.5012,SEA,SEA,1
20250416_SF@PHI,2025-04-16,PHI,SF,4,11,0.0,0.5640467419555394,0.563,PHI,SF,0
20250416_WSH@PIT,2025-04-16,PIT,WSH,6,1,1.0,0.503762685419265,0.5136,PIT,PIT,1
20250415_ATH@CWS,2025-04-15,CWS,ATH,3,12,0.0,0.4424931069418111,0.4632,ATH,ATH,1
20250415_ATL@TOR,2025-04-15,TOR,ATL,6,3,1.0,0.5078107194475664,0.5169,TOR,TOR,1
20250415_AZ@MIA,2025-04-15,MIA,AZ,4,10,0.0,0.4063624345982953,0.4332,AZ,AZ,1
20250415_BOS@TB,2025-04-15,TB,BOS,4,7,0.0,0.540883285804951,0.544,TB,BOS,0
20250415_CHC@SD,2025-04-15,SD,CHC,1,2,0.0,0.5031483330086026,0.5131,SD,CHC,0
20250415_CLE@BAL,2025-04-15,BAL,CLE,3,6,0.0,0.5881086018270614,0.5828,BAL,CLE,0
20250415_COL@LAD,2025-04-15,LAD,COL,6,2,1.0,0.6994879973344936,0.6759,LAD,LAD,1
20250415_DET@MIL,2025-04-15,MIL,DET,5,0,1.0,0.45752058569373366,0.4756,DET,MIL,0
20250415_HOU@STL,2025-04-15,STL,HOU,0,2,0.0,0.486725440369,0.4996,HOU,HOU,1
20250415_KC@NYY,2025-04-15,NYY,KC,4,2,1.0,0.6142452323388046,0.6044,NYY,NYY,1
20250415_LAA@TEX,2025-04-15,TEX,LAA,4,0,1.0,0.5234009935329782,0.5297,TEX,TEX,1
20250415_NYM@MIN,2025-04-15,MIN,NYM,6,3,1.0,0.38735520856455485,0.4173,NYM,MIN,0
20250415_SEA@CIN,2025-04-15,CIN,SEA,8,4,1.0,0.49188027640998877,0.5038,SEA,CIN,0
20250415_SF@PHI,2025-04-15,PHI,SF,6,4,1.0,0.57602274591888,0.5728,PHI,PHI,1
20250415_WSH@PIT,2025-04-15,PIT,WSH,0,3,0.0,0.5272917401692532,0.5329,PIT,WSH,0
20250414_ATL@TOR,2025-04-14,TOR,ATL,4,8,0.0,0.5392902233418714,0.5427,TOR,ATL,0
20250414_BOS@TB,2025-04-14,TB,BOS,16,1,1.0,0.600163578854292,0.5927,TB,TB,1
20250414_CHC@SD,2025-04-14,SD,CHC,10,4,1.0,0.5163664369368384,0.5239,SD,SD,1
20250414_COL@LAD,2025-04-14,LAD,COL,5,3,1.0,0.7427101926809291,0.7134,LAD,LAD,1
20250414_DET@MIL,2025-04-14,MIL,DET,1,9,0.0,0.5026212346048444,0.5127,MIL,DET,0
20250414_HOU@STL,2025-04-14,STL,HOU,8,3,1.0,0.5342160845965567,0.5385,STL,STL,1
20250414_KC@NYY,2025-04-14,NYY,KC,4,1,1.0,0.5428328481779678,0.5456,NYY,NYY,1
20250414_NYM@MIN,2025-04-14,MIN,NYM,1,5,0.0,0.4690018270976387,0.4851,NYM,NYM,1
20250414_SF@PHI,2025-04-14,PHI,SF,4,10,0.0,0.5085722661929246,0.5175,PHI,SF,0
20250414_WSH@PIT,2025-04-14,PIT,WSH,10,3,1.0,0.4790660264218356,0.4933,WSH,PIT,0
20250413_ATL@TB,2025-04-13,TB,ATL,8,3,1.0,0.585040551551009,0.5803,TB,TB,1
20250413_BOS@CWS,2025-04-13,CWS,BOS,1,3,0.0,0.3892261005605362,0.4188,BOS,BOS,1
20250413_CHC@LAD,2025-04-13,LAD,CHC,2,4,0.0,0.6150051237637745,0.605,LAD,CHC,0
20250413_COL@SD,2025-04-13,SD,COL,6,0,1.0,0.6884700445017614,0.6665,SD,SD,1
20250413_DET@MIN,2025-04-13,MIN,DET,5,1,1.0,0.4117832333916613,0.4377,DET,MIN,0
20250413_KC@CLE,2025-04-13,CLE,KC,2,4,0.0,0.5418627786952438,0.5448,CLE,KC,0
20250413_LAA@HOU,2025-04-13,HOU,LAA,7,3,1.0,0.5504581569440635,0.5519,HOU,HOU,1
20250413_MIL@AZ,2025-04-13,AZ,MIL,5,2,1.0,0.5142419300786512,0.5222,AZ,AZ,1
20250413_NYM@ATH,2025-04-13,ATH,NYM,0,8,0.0,0.451302252646901,0.4705,NYM,NYM,1
20250413_PHI@STL,2025-04-13,STL,PHI,7,0,1.0,0.5073732214356064,0.5166,STL,STL,1
20250413_PIT@CIN,2025-04-13,CIN,PIT,4,0,1.0,0.5154414581818554,0.5232,CIN,CIN,1
20250413_SF@NYY,2025-04-13,NYY,SF,4,5,0.0,0.5538254057793772,0.5546,NYY,SF,0
20250413_TEX@SEA,2025-04-13,SEA,TEX,3,1,1.0,0.5843523483680787,0.5797,SEA,SEA,1
20250413_TOR@BAL,2025-04-13,BAL,TOR,6,7,0.0,0.5712449423945938,0.5689,BAL,TOR,0
20250413_WSH@MIA,2025-04-13,MIA,WSH,11,4,1.0,0.418620820065871,0.4434,WSH,MIA,0
20250412_ATL@TB,2025-04-12,TB,ATL,4,5,0.0,0.5854300210205844,0.5806,TB,ATL,0
20250412_BOS@CWS,2025-04-12,CWS,BOS,3,2,1.0,0.4373912234652003,0.459,BOS,CWS,0
20250412_CHC@LAD,2025-04-12,LAD,CHC,0,16,0.0,0.5850637124349719,0.5803,LAD,CHC,0
20250412_COL@SD,2025-04-12,SD,COL,2,0,1.0,0.6291391051207169,0.6167,SD,SD,1
20250412_DET@MIN,2025-04-12,MIN,DET,0,4,0.0,0.4566631214649111,0.4749,DET,DET,1
20250412_KC@CLE,2025-04-12,CLE,KC,6,3,1.0,0.5685974574605166,0.5667,CLE,CLE,1
20250412_LAA@HOU,2025-04-12,HOU,LAA,1,4,0.0,0.5870617376723268,0.5819,HOU,LAA,0
20250412_MIL@AZ,2025-04-12,AZ,MIL,5,4,1.0,0.497546114025976,0.5085,MIL,AZ,0
20250412_NYM@ATH,2025-04-12,ATH,NYM,3,1,1.0,0.4493193854079078,0.4688,NYM,ATH,0
20250412_PHI@STL,2025-04-12,STL,PHI,1,4,0.0,0.47608714694560605,0.4909,PHI,PHI,1
20250412_PIT@CIN,2025-04-12,CIN,PIT,5,2,1.0,0.5001749929740034,0.5107,CIN,CIN,1
20250412_SF@NYY,2025-04-12,NYY,SF,8,4,1.0,0.47908386659007524,0.4933,SF,NYY,0
20250412_TEX@SEA,2025-04-12,SEA,TEX,9,2,1.0,0.6161496802143953,0.6059,SEA,SEA,1
20250412_TOR@BAL,2025-04-12,BAL,TOR,5,4,1.0,0.5173605100689653,0.5247,BAL,BAL,1
20250412_WSH@MIA,2025-04-12,MIA,WSH,7,6,1.0,0.4900226026606303,0.5023,WSH,MIA,0
20250411_ATL@TB,2025-04-11,TB,ATL,6,3,1.0,0.6001306592141136,0.5927,TB,TB,1
20250411_BOS@CWS,2025-04-11,CWS,BOS,11,1,1.0,0.32838317861498634,0.367,BOS,CWS,0
20250411_CHC@LAD,2025-04-11,LAD,CHC,3,0,1.0,0.600647326205866,0.5931,LAD,LAD,1
20250411_COL@SD,2025-04-11,SD,COL,8,0,1.0,0.5985273189780307,0.5914,SD,SD,1
20250411_DET@MIN,2025-04-11,MIN,DET,6,7,0.0,0.4691905133388693,0.4852,DET,DET,1
20250411_KC@CLE,2025-04-11,CLE,KC,7,0,1.0,0.5063219680575686,0.5157,CLE,CLE,1
20250411_LAA@HOU,2025-04-11,HOU,LAA,14,3,1.0,0.5080093893590153,0.5171,HOU,HOU,1
20250411_MIL@AZ,2025-04-11,AZ,MIL,0,7,0.0,0.51227556490674,0.5206,AZ,MIL,0
20250411_NYM@ATH,2025-04-11,ATH,NYM,6,7,0.0,0.41602474294634795,0.4412,NYM,NYM,1
20250411_PHI@STL,2025-04-11,STL,PHI,2,0,1.0,0.4997530081876286,0.5103,PHI,STL,0
20250411_PIT@CIN,2025-04-11,CIN,PIT,5,3,1.0,0.5116845124351396,0.5201,CIN,CIN,1
20250411_SF@NYY,2025-04-11,NYY,SF,1,9,0.0,0.5606530929511334,0.5602,NYY,SF,0
20250411_TEX@SEA,2025-04-11,SEA,TEX,5,3,1.0,0.5932724612756581,0.587,SEA,SEA,1
20250411_WSH@MIA,2025-04-11,MIA,WSH,4,7,0.0,0.5320417936426318,0.5368,MIA,WSH,0
20250410_CWS@CLE,2025-04-10,CLE,CWS,6,1,1.0,0.5993014367945936,0.5888,CLE,CLE,1
20250410_LAA@TB,2025-04-10,TB,LAA,1,11,0.0,0.4668125816296649,0.4768,LAA,LAA,1
20250410_MIL@COL,2025-04-10,COL,MIL,7,2,1.0,0.537767445342436,0.5367,COL,COL,1
20250410_MIN@KC,2025-04-10,KC,MIN,3,2,1.0,0.5645974417044541,0.5593,KC,KC,1
20250410_PHI@ATL,2025-04-10,ATL,PHI,4,2,1.0,0.4986323900502144,0.5036,PHI,ATL,0
20250410_TOR@BOS,2025-04-10,BOS,TOR,4,3,1.0,0.48836587642571344,0.495,TOR,BOS,0
20250409_BAL@AZ,2025-04-09,AZ,BAL,9,0,1.0,0.5369838647659719,0.536,AZ,AZ,1
20250409_CIN@SF,2025-04-09,SF,CIN,8,6,1.0,0.5815988420903163,0.5737,SF,SF,1
20250409_CWS@CLE,2025-04-09,CLE,CWS,3,2,1.0,0.5575409744349593,0.5534,CLE,CLE,1
20250409_HOU@SEA,2025-04-09,SEA,HOU,7,6,1.0,0.4983652317587502,0.5034,HOU,SEA,0
20250409_LAA@TB,2025-04-09,TB,LAA,5,4,1.0,0.545710144272976,0.5434,TB,TB,1
20250409_LAD@WSH,2025-04-09,WSH,LAD,5,6,0.0,0.3939581251540558,0.4147,LAD,LAD,1
20250409_MIA@NYM,2025-04-09,NYM,MIA,0,5,0.0,0.6358333687807731,0.62,NYM,MIA,0
20250409_MIL@COL,2025-04-09,COL,MIL,2,17,0.0,0.4943600434941554,0.5,MIL,MIL,1
20250409_MIN@KC,2025-04-09,KC,MIN,0,4,0.0,0.5410151010108952,0.5394,KC,MIN,0
20250409_NYY@DET,2025-04-09,DET,NYY,3,4,0.0,0.46499428069672843,0.4752,NYY,NYY,1
20250409_PHI@ATL,2025-04-09,ATL,PHI,3,4,0.0,0.506946265326256,0.5107,ATL,PHI,0
20250409_SD@ATH,2025-04-09,ATH,SD,1,2,0.0,0.5081836261315703,0.5117,ATH,SD,0
20250409_STL@PIT,2025-04-09,PIT,STL,2,1,1.0,0.5194872186227286,0.5212,PIT,PIT,1
20250409_TEX@CHC,2025-04-09,CHC,TEX,2,6,0.0,0.5293955270338024,0.5296,CHC,TEX,0
20250409_TOR@BOS,2025-04-09,BOS,TOR,1,2,0.0,0.5335264583862894,0.5331,BOS,TOR,0
20250408_BAL@AZ,2025-04-08,AZ,BAL,4,3,1.0,0.4645105143310251,0.4748,BAL,AZ,0
20250408_CIN@SF,2025-04-08,SF,CIN,0,1,0.0,0.609440745265062,0.5974,SF,CIN,0
20250408_CWS@CLE,2025-04-08,CLE,CWS,1,0,1.0,0.5614580952952214,0.5567,CLE,CLE,1
20250408_HOU@SEA,2025-04-08,SEA,HOU,1,2,0.0,0.5513151709564089,0.5481,SEA,HOU,0
20250408_LAA@TB,2025-04-08,TB,LAA,3,4,0.0,0.5888767955551604,0.5799,TB,LAA,0
20250408_LAD@WSH,2025-04-08,WSH,LAD,8,2,1.0,0.44624609122168707,0.4593,LAD,WSH,0
20250408_MIA@NYM,2025-04-08,NYM,MIA,10,5,1.0,0.6210875486515472,0.6074,NYM,NYM,1
20250408_MIL@COL,2025-04-08,COL,MIL,1,7,0.0,0.4784006419834084,0.4866,MIL,MIL,1
20250408_MIN@KC,2025-04-08,KC,MIN,2,1,1.0,0.5797488345922399,0.5722,KC,KC,1
20250408_NYY@DET,2025-04-08,DET,NYY,5,0,1.0,0.46051979150320915,0.4714,NYY,DET,0
20250408_PHI@ATL,2025-04-08,ATL,PHI,7,5,1.0,0.4244311660107394,0.4408,PHI,ATL,0
20250408_SD@ATH,2025-04-08,ATH,SD,10,4,1.0,0.4502378229369863,0.4627,SD,ATH,0
20250408_STL@PIT,2025-04-08,PIT,STL,3,5,0.0,0.49302663973222655,0.4989,STL,STL,1
20250408_TEX@CHC,2025-04-08,CHC,TEX,10,6,1.0,0.5439459489824849,0.5419,CHC,CHC,1
20250408_TOR@BOS,2025-04-08,BOS,TOR,1,6,0.0,0.5648235577107603,0.5595,BOS,TOR,0
20250407_BAL@AZ,2025-04-07,AZ,BAL,1,5,0.0,0.5840772503253046,0.5758,AZ,BAL,0
20250407_CIN@SF,2025-04-07,SF,CIN,0,2,0.0,0.5719867042206782,0.5656,SF,CIN,0
20250407_HOU@SEA,2025-04-07,SEA,HOU,4,3,1.0,0.5348982860911746,0.5342,SEA,SEA,1
20250407_LAD@WSH,2025-04-07,WSH,LAD,6,4,1.0,0.43915997718904837,0.4533,LAD,WSH,0
20250407_MIA@NYM,2025-04-07,NYM,MIA,2,0,1.0,0.6371742535527637,0.6212,NYM,NYM,1
20250407_MIN@KC,2025-04-07,KC,MIN,4,2,1.0,0.5888911804520587,0.5799,KC,KC,1
20250407_NYY@DET,2025-04-07,DET,NYY,6,2,1.0,0.4603355583462928,0.4713,NYY,DET,0
20250407_SD@ATH,2025-04-07,ATH,SD,4,5,0.0,0.4155128598033774,0.4332,SD,SD,1
20250407_STL@PIT,2025-04-07,PIT,STL,8,4,1.0,0.4647267020851731,0.475,STL,PIT,0
20250407_TEX@CHC,2025-04-07,CHC,TEX,7,0,1.0,0.5133263424408597,0.516,CHC,CHC,1
20250407_TOR@BOS,2025-04-07,BOS,TOR,2,6,0.0,0.5236441858069032,0.5247,BOS,TOR,0
20250406_ATH@COL,2025-04-06,COL,ATH,12,5,1.0,0.52437046130131,0.5254,COL,COL,1
20250406_AZ@WSH,2025-04-06,WSH,AZ,5,4,1.0,0.4533358278590579,0.4653,AZ,WSH,0
20250406_BAL@KC,2025-04-06,KC,BAL,4,1,1.0,0.45626600745492896,0.4678,BAL,KC,0
20250406_CIN@MIL,2025-04-06,MIL,CIN,8,2,1.0,0.609929212664425,0.5978,MIL,MIL,1
20250406_CLE@LAA,2025-04-06,LAA,CLE,6,2,1.0,0.4958929187237069,0.5013,CLE,LAA,0
20250406_CWS@DET,2025-04-06,DET,CWS,4,3,1.0,0.5062921652160275,0.5101,DET,DET,1
20250406_HOU@MIN,2025-04-06,MIN,HOU,7,9,0.0,0.46578222428758,0.4759,HOU,HOU,1
20250406_LAD@PHI,2025-04-06,PHI,LAD,8,7,1.0,0.552086873972399,0.5488,PHI,PHI,1
20250406_NYY@PIT,2025-04-06,PIT,NYY,5,4,1.0,0.44645814931703864,0.4595,NYY,PIT,0
20250406_SD@CHC,2025-04-06,CHC,SD,7,8,0.0,0.5095066812489721,0.5128,CHC,SD,0
20250406_SEA@SF,2025-04-06,SF,SEA,5,4,1.0,0.57040636373911,0.5643,SF,SF,1
20250406_STL@BOS,2025-04-06,BOS,STL,5,4,1.0,0.49492580579814127,0.5005,STL,BOS,0
20250406_STL@BOS,2025-04-06,BOS,STL,18,7,1.0,0.48318066746665556,0.4906,STL,BOS,0
20250406_TB@TEX,2025-04-06,TEX,TB,4,3,1.0,0.522460160882817,0.5237,TEX,TEX,1
20250406_TOR@NYM,2025-04-06,NYM,TOR,2,1,1.0,0.6402754790826197,0.6238,NYM,NYM,1
20250405_ATH@COL,2025-04-05,COL,ATH,4,7,0.0,0.4881215345235719,0.4948,ATH,ATH,1
20250405_AZ@WSH,2025-04-05,WSH,AZ,4,3,1.0,0.38284571809926543,0.4052,AZ,WSH,0
20250405_BAL@KC,2025-04-05,KC,BAL,1,8,0.0,0.5375699811864489,0.5365,KC,BAL,0
20250405_CIN@MIL,2025-04-05,MIL,CIN,7,11,0.0,0.5745938436414421,0.5678,MIL,CIN,0
20250405_CLE@LAA,2025-04-05,LAA,CLE,10,4,1.0,0.51649752325396,0.5187,LAA,LAA,1
20250405_CWS@DET,2025-04-05,DET,CWS,7,2,1.0,0.5946241466421553,0.5848,DET,DET,1
20250405_HOU@MIN,2025-04-05,MIN,HOU,6,1,1.0,0.42759572226633363,0.4435,HOU,MIN,0
20250405_LAD@PHI,2025-04-05,PHI,LAD,1,3,0.0,0.545317283070713,0.543,PHI,LAD,0
20250405_MIA@ATL,2025-04-05,ATL,MIA,0,4,0.0,0.5711864332681028,0.5649,ATL,MIA,0
20250405_NYY@PIT,2025-04-05,PIT,NYY,4,10,0.0,0.4359346701581534,0.4506,NYY,NYY,1
20250405_SD@CHC,2025-04-05,CHC,SD,7,1,1.0,0.48465134562725426,0.4918,SD,CHC,0
20250405_SEA@SF,2025-04-05,SF,SEA,4,1,1.0,0.534205163106552,0.5337,SF,SF,1
20250405_TB@TEX,2025-04-05,TEX,TB,6,4,1.0,0.5627865666678062,0.5578,TEX,TEX,1
20250405_TOR@NYM,2025-04-05,NYM,TOR,3,2,1.0,0.53921804542704,0.5379,NYM,NYM,1
20250404_ATH@COL,2025-04-04,COL,ATH,3,6,0.0,0.5533484415176892,0.5498,COL,ATH,0
20250404_AZ@WSH,2025-04-04,WSH,AZ,4,6,0.0,0.39769833329225945,0.418,AZ,AZ,1
20250404_BAL@KC,2025-04-04,KC,BAL,8,2,1.0,0.46734748999053055,0.4772,BAL,KC,0
20250404_CIN@MIL,2025-04-04,MIL,CIN,3,2,1.0,0.5746036511291881,0.5678,MIL,MIL,1
20250404_CLE@LAA,2025-04-04,LAA,CLE,6,8,0.0,0.5430737228157837,0.5411,LAA,CLE,0
20250404_CWS@DET,2025-04-04,DET,CWS,7,4,1.0,0.5291256833438909,0.5294,DET,DET,1
20250404_LAD@PHI,2025-04-04,PHI,LAD,3,2,1.0,0.49934803473669165,0.5042,LAD,PHI,0
20250404_MIA@ATL,2025-04-04,ATL,MIA,10,0,1.0,0.4984384262293881,0.5035,MIA,ATL,0
20250404_NYY@PIT,2025-04-04,PIT,NYY,4,9,0.0,0.41606181559548744,0.4337,NYY,NYY,1
20250404_SD@CHC,2025-04-04,CHC,SD,3,1,1.0,0.5132248013637577,0.516,CHC,CHC,1
20250404_SEA@SF,2025-04-04,SF,SEA,10,9,1.0,0.5186035731007408,0.5205,SF,SF,1
20250404_STL@BOS,2025-04-04,BOS,STL,13,9,1.0,0.5352392476009838,0.5345,BOS,BOS,1
20250404_TB@TEX,2025-04-04,TEX,TB,5,2,1.0,0.5667466951121143,0.5612,TEX,TEX,1
20250404_TOR@NYM,2025-04-04,NYM,TOR,5,0,1.0,0.6433450969133429,0.6265,NYM,NYM,1
20250403_AZ@NYY,2025-04-03,NYY,AZ,9,7,1.0,0.4325601903527463,0.4456,AZ,NYY,0
20250403_BOS@BAL,2025-04-03,BAL,BOS,4,8,0.0,0.5446929009306559,0.5404,BAL,BOS,0
20250403_CIN@MIL,2025-04-03,MIL,CIN,1,0,1.0,0.4556479575015647,0.4652,CIN,MIL,0
20250403_COL@PHI,2025-04-03,PHI,COL,3,1,1.0,0.5816921540679696,0.5718,PHI,PHI,1
20250403_HOU@MIN,2025-04-03,MIN,HOU,2,5,0.0,0.46450412102322325,0.4727,HOU,HOU,1
20250402_ATL@LAD,2025-04-02,LAD,ATL,6,5,1.0,0.5941612283721605,0.5824,LAD,LAD,1
20250402_AZ@NYY,2025-04-02,NYY,AZ,3,4,0.0,0.5331840827528717,0.5307,NYY,AZ,0
20250402_BOS@BAL,2025-04-02,BAL,BOS,0,3,0.0,0.5198938093272961,0.5195,BAL,BOS,0
20250402_CHC@ATH,2025-04-02,ATH,CHC,2,10,0.0,0.5733714232381554,0.5647,ATH,CHC,0
20250402_CLE@SD,2025-04-02,SD,CLE,5,2,1.0,0.5770883531456634,0.5678,SD,SD,1
20250402_COL@PHI,2025-04-02,PHI,COL,5,1,1.0,0.6716206354764926,0.649,PHI,PHI,1
20250402_DET@SEA,2025-04-02,SEA,DET,3,2,1.0,0.5738882685711649,0.5651,SEA,SEA,1
20250402_KC@MIL,2025-04-02,MIL,KC,3,2,1.0,0.504051897671884,0.5061,MIL,MIL,1
20250402_LAA@STL,2025-04-02,STL,LAA,12,5,1.0,0.49641192689026636,0.4996,LAA,STL,0
20250402_MIN@CWS,2025-04-02,CWS,MIN,1,6,0.0,0.5364246512979737,0.5334,CWS,MIN,0
20250402_NYM@MIA,2025-04-02,MIA,NYM,5,6,0.0,0.45790504126452725,0.4671,NYM,NYM,1
20250402_PIT@TB,2025-04-02,TB,PIT,2,4,0.0,0.5376793016795234,0.5345,TB,PIT,0
20250402_SF@HOU,2025-04-02,HOU,SF,3,6,0.0,0.5297663915650233,0.5278,HOU,SF,0
20250402_TEX@CIN,2025-04-02,CIN,TEX,0,1,0.0,0.5195161270603198,0.5191,CIN,TEX,0
20250402_WSH@TOR,2025-04-02,TOR,WSH,4,2,1.0,0.5389296196631236,0.5355,TOR,TOR,1
20250401_ATL@LAD,2025-04-01,LAD,ATL,3,1,1.0,0.5845258072954889,0.5742,LAD,LAD,1
20250401_AZ@NYY,2025-04-01,NYY,AZ,5,7,0.0,0.52594499285055,0.5246,NYY,AZ,0
20250401_CHC@ATH,2025-04-01,ATH,CHC,4,7,0.0,0.5369336489775597,0.5338,ATH,CHC,0
20250401_CLE@SD,2025-04-01,SD,CLE,7,0,1.0,0.5163426579001141,0.5165,SD,SD,1
20250401_DET@SEA,2025-04-01,SEA,DET,1,4,0.0,0.5743102274523971,0.5655,SEA,DET,0
20250401_KC@MIL,2025-04-01,MIL,KC,5,0,1.0,0.4717436215825116,0.4788,KC,MIL,0
20250401_LAA@STL,2025-04-01,STL,LAA,7,9,0.0,0.5948642155143196,0.583,STL,LAA,0
20250401_MIN@CWS,2025-04-01,CWS,MIN,3,8,0.0,0.5159819654510096,0.5162,CWS,MIN,0
20250401_NYM@MIA,2025-04-01,MIA,NYM,4,2,1.0,0.47531318875956047,0.4818,NYM,MIA,0
20250401_PIT@TB,2025-04-01,TB,PIT,7,0,1.0,0.5319075100537349,0.5296,TB,TB,1
20250401_SF@HOU,2025-04-01,HOU,SF,1,3,0.0,0.5289306407777092,0.5271,HOU,SF,0
20250401_TEX@CIN,2025-04-01,CIN,TEX,0,1,0.0,0.509352096298961,0.5106,CIN,TEX,0
20250401_WSH@TOR,2025-04-01,TOR,WSH,5,3,1.0,0.5273553064176357,0.5258,TOR,TOR,1
20250331_ATL@LAD,2025-03-31,LAD,ATL,6,1,1.0,0.6138396409629636,0.5992,LAD,LAD,1
20250331_BOS@BAL,2025-03-31,BAL,BOS,8,5,1.0,0.5844111517982098,0.5741,BAL,BAL,1
20250331_CHC@ATH,2025-03-31,ATH,CHC,3,18,0.0,0.4673134945668557,0.475,CHC,CHC,1
20250331_CLE@SD,2025-03-31,SD,CLE,7,2,1.0,0.4793089339692012,0.4852,CLE,SD,0
20250331_COL@PHI,2025-03-31,PHI,COL,6,1,1.0,0.6425196364745641,0.6238,PHI,PHI,1
20250331_DET@SEA,2025-03-31,SEA,DET,6,9,0.0,0.6019389553125558,0.589,SEA,DET,0
20250331_KC@MIL,2025-03-31,MIL,KC,1,11,0.0,0.5021278115151869,0.5045,MIL,KC,0
20250331_LAA@STL,2025-03-31,STL,LAA,4,5,0.0,0.5748272995827298,0.5659,STL,LAA,0
20250331_MIN@CWS,2025-03-31,CWS,MIN,9,0,1.0,0.5125155890282084,0.5132,CWS,CWS,1
20250331_NYM@MIA,2025-03-31,MIA,NYM,4,10,0.0,0.46781928377172566,0.4755,NYM,NYM,1
20250331_PIT@TB,2025-03-31,TB,PIT,6,1,1.0,0.5341699185979519,0.5315,TB,TB,1
20250331_SF@HOU,2025-03-31,HOU,SF,2,7,0.0,0.5275006575611534,0.5259,HOU,SF,0
20250331_TEX@CIN,2025-03-31,CIN,TEX,14,3,1.0,0.4526138877374508,0.4626,TEX,CIN,0
20250331_WSH@TOR,2025-03-31,TOR,WSH,5,2,1.0,0.5490837939768627,0.5441,TOR,TOR,1
20250330_ATH@SEA,2025-03-30,SEA,ATH,2,1,1.0,0.624383714371706,0.6082,SEA,SEA,1
20250330_ATL@SD,2025-03-30,SD,ATL,5,0,1.0,0.5631150044364005,0.556,SD,SD,1
20250330_BAL@TOR,2025-03-30,TOR,BAL,3,1,1.0,0.4377895282247617,0.45,BAL,TOR,0
20250330_BOS@TEX,2025-03-30,TEX,BOS,3,2,1.0,0.6018393738047809,0.5889,TEX,TEX,1
20250330_CHC@AZ,2025-03-30,AZ,CHC,10,6,1.0,0.5468480559096343,0.5422,AZ,AZ,1
20250330_CLE@KC,2025-03-30,KC,CLE,2,6,0.0,0.48118562934176157,0.4868,CLE,CLE,1
20250330_COL@TB,2025-03-30,TB,COL,6,4,1.0,0.5649386310102381,0.5575,TB,TB,1
20250330_LAA@CWS,2025-03-30,CWS,LAA,2,3,0.0,0.5028083344592896,0.505,CWS,LAA,0
20250330_MIL@NYY,2025-03-30,NYY,MIL,12,3,1.0,0.5364226484614876,0.5334,NYY,NYY,1
20250330_MIN@STL,2025-03-30,STL,MIN,9,2,1.0,0.5991221059764742,0.5866,STL,STL,1
20250330_PHI@WSH,2025-03-30,WSH,PHI,5,1,1.0,0.4339346724245186,0.4467,PHI,WSH,0
20250330_PIT@MIA,2025-03-30,MIA,PIT,3,2,1.0,0.48498328249291145,0.49,PIT,MIA,0
20250330_SF@CIN,2025-03-30,CIN,SF,3,6,0.0,0.46505989648833,0.4731,SF,SF,1
20250329_ATH@SEA,2025-03-29,SEA,ATH,2,4,0.0,0.5800145511157769,0.5703,SEA,ATH,0
20250329_ATL@SD,2025-03-29,SD,ATL,1,0,1.0,0.5414874332375086,0.5377,SD,SD,1
20250329_BAL@TOR,2025-03-29,TOR,BAL,5,9,0.0,0.4404522325562199,0.4523,BAL,BAL,1
20250329_BOS@TEX,2025-03-29,TEX,BOS,4,3,1.0,0.5569254117601429,0.5508,TEX,TEX,1
20250329_CHC@AZ,2025-03-29,AZ,CHC,3,4,0.0,0.6161634864350115,0.6011,AZ,CHC,0
20250329_CLE@KC,2025-03-29,KC,CLE,4,3,1.0,0.447587336197535,0.4583,CLE,KC,0
20250329_COL@TB,2025-03-29,TB,COL,1,2,0.0,0.5837026181885737,0.5735,TB,COL,0
20250329_DET@LAD,2025-03-29,LAD,DET,7,3,1.0,0.6028655821036766,0.5898,LAD,LAD,1
20250329_LAA@CWS,2025-03-29,CWS,LAA,0,1,0.0,0.48543675748013815,0.4904,LAA,LAA,1
20250329_MIL@NYY,2025-03-29,NYY,MIL,20,9,1.0,0.5372296309838053,0.5341,NYY,NYY,1
20250329_MIN@STL,2025-03-29,STL,MIN,5,1,1.0,0.5535679443720606,0.5479,STL,STL,1
20250329_NYM@HOU,2025-03-29,HOU,NYM,2,1,1.0,0.5221475617380081,0.5214,HOU,HOU,1
20250329_PHI@WSH,2025-03-29,WSH,PHI,6,11,0.0,0.48876850486259793,0.4932,PHI,PHI,1
20250329_PIT@MIA,2025-03-29,MIA,PIT,5,4,1.0,0.4917512428784181,0.4957,PIT,MIA,0
20250329_SF@CIN,2025-03-29,CIN,SF,3,2,1.0,0.47527991181247753,0.4818,SF,CIN,0
20250328_ATH@SEA,2025-03-28,SEA,ATH,0,7,0.0,0.6220239745110275,0.6062,SEA,ATH,0
20250328_ATL@SD,2025-03-28,SD,ATL,4,3,1.0,0.5314094299005826,0.5292,SD,SD,1
20250328_BAL@TOR,2025-03-28,TOR,BAL,8,2,1.0,0.4427917351516989,0.4543,BAL,TOR,0
20250328_BOS@TEX,2025-03-28,TEX,BOS,4,1,1.0,0.5356449078340811,0.5328,TEX,TEX,1
20250328_CHC@AZ,2025-03-28,AZ,CHC,8,1,1.0,0.5542216631932358,0.5485,AZ,AZ,1
20250328_COL@TB,2025-03-28,TB,COL,3,2,1.0,0.5865032794298431,0.5758,TB,TB,1
20250328_DET@LAD,2025-03-28,LAD,DET,8,5,1.0,0.5872346514071969,0.5765,LAD,LAD,1
20250328_NYM@HOU,2025-03-28,HOU,NYM,1,3,0.0,0.5226194304761006,0.5218,HOU,NYM,0
20250328_PIT@MIA,2025-03-28,MIA,PIT,3,4,0.0,0.5188128851720107,0.5185,MIA,PIT,0
20240929_ATH@SEA,2024-09-29,SEA,ATH,6,4,1.0,0.6466246788732147,0.6337,SEA,SEA,1
20240929_BAL@MIN,2024-09-29,MIN,BAL,2,6,0.0,0.4741812819375647,0.4839,BAL,BAL,1
20240929_CIN@CHC,2024-09-29,CHC,CIN,0,3,0.0,0.4587830285984621,0.4706,CIN,CIN,1
20240929_CWS@DET,2024-09-29,DET,CWS,5,9,0.0,0.6889998297373531,0.6712,DET,CWS,0
20240929_KC@ATL,2024-09-29,ATL,KC,2,4,0.0,0.5748793291276908,0.5711,ATL,KC,0
20240929_LAD@COL,2024-09-29,COL,LAD,1,2,0.0,0.5018591780485628,0.5079,COL,LAD,0
20240929_MIA@TOR,2024-09-29,TOR,MIA,1,3,0.0,0.6156802774722172,0.6066,TOR,MIA,0
20240929_NYM@MIL,2024-09-29,MIL,NYM,0,5,0.0,0.5409031731646077,0.5417,MIL,NYM,0
20240929_PHI@WSH,2024-09-29,WSH,PHI,3,6,0.0,0.4599008050872079,0.4715,PHI,PHI,1
20240929_PIT@NYY,2024-09-29,NYY,PIT,6,4,1.0,0.5692049224866247,0.5662,NYY,NYY,1
20240929_SD@AZ,2024-09-29,AZ,SD,11,2,1.0,0.5765287365976214,0.5726,AZ,AZ,1
20240929_STL@SF,2024-09-29,SF,STL,1,6,0.0,0.5367805046493748,0.5381,SF,STL,0
20240929_TB@BOS,2024-09-29,BOS,TB,3,1,1.0,0.46285491895143904,0.4741,TB,BOS,0
20240929_TEX@LAA,2024-09-29,LAA,TEX,0,8,0.0,0.5606578848941031,0.5588,LAA,TEX,0
20240928_ATH@SEA,2024-09-28,SEA,ATH,7,6,1.0,0.6101531156462403,0.6018,SEA,SEA,1
20240928_BAL@MIN,2024-09-28,MIN,BAL,2,9,0.0,0.55037160872851,0.5499,MIN,BAL,0
20240928_CIN@CHC,2024-09-28,CHC,CIN,3,0,1.0,0.5094295313925303,0.5144,CHC,CHC,1
20240928_CWS@DET,2024-09-28,DET,CWS,0,4,0.0,0.6556354475338966,0.6417,DET,CWS,0
20240928_HOU@CLE,2024-09-28,CLE,HOU,3,4,0.0,0.5669087171257103,0.5642,CLE,HOU,0
20240928_KC@ATL,2024-09-28,ATL,KC,2,1,1.0,0.633332001364799,0.6221,ATL,ATL,1
20240928_LAD@COL,2024-09-28,COL,LAD,2,13,0.0,0.5469130372259942,0.5469,COL,LAD,0
20240928_MIA@TOR,2024-09-28,TOR,MIA,1,8,0.0,0.6221052242852926,0.6122,TOR,MIA,0
20240928_NYM@MIL,2024-09-28,MIL,NYM,6,0,1.0,0.5382914635155013,0.5394,MIL,MIL,1
20240928_PHI@WSH,2024-09-28,WSH,PHI,6,3,1.0,0.429042100168613,0.4447,PHI,WSH,0
20240928_PIT@NYY,2024-09-28,NYY,PIT,4,9,0.0,0.5594887517018627,0.5578,NYY,PIT,0
20240928_SD@AZ,2024-09-28,AZ,SD,0,5,0.0,0.5613709230929251,0.5594,AZ,SD,0
20240928_STL@SF,2024-09-28,SF,STL,6,5,1.0,0.5076239414518641,0.5129,SF,SF,1
20240928_TB@BOS,2024-09-28,BOS,TB,2,7,0.0,0.48122152294664666,0.49,TB,TB,1
20240928_TEX@LAA,2024-09-28,LAA,TEX,8,9,0.0,0.4911261277660396,0.4986,TEX,TEX,1
20240927_ATH@SEA,2024-09-27,SEA,ATH,2,0,1.0,0.5908238345479203,0.585,SEA,SEA,1
20240927_BAL@MIN,2024-09-27,MIN,BAL,2,7,0.0,0.49481981714105894,0.5018,BAL,BAL,1
20240927_CIN@CHC,2024-09-27,CHC,CIN,1,0,1.0,0.5594708904041594,0.5578,CHC,CHC,1
20240927_CWS@DET,2024-09-27,DET,CWS,4,1,1.0,0.6580755100955517,0.6438,DET,DET,1
20240927_HOU@CLE,2024-09-27,CLE,HOU,2,5,0.0,0.558665017604501,0.5571,CLE,HOU,0
20240927_KC@ATL,2024-09-27,ATL,KC,3,0,1.0,0.5140910246090308,0.5185,ATL,ATL,1
20240927_LAD@COL,2024-09-27,COL,LAD,4,11,0.0,0.5017012967518513,0.5078,COL,LAD,0
20240927_MIA@TOR,2024-09-27,TOR,MIA,5,15,0.0,0.5961343380557812,0.5896,TOR,MIA,0
20240927_NYM@MIL,2024-09-27,MIL,NYM,8,4,1.0,0.5880125654587491,0.5825,MIL,MIL,1
20240927_PHI@WSH,2024-09-27,WSH,PHI,9,1,1.0,0.4965784648107628,0.5033,PHI,WSH,0
20240927_PIT@NYY,2024-09-27,NYY,PIT,2,4,0.0,0.6142742548547591,0.6054,NYY,PIT,0
20240927_SD@AZ,2024-09-27,AZ,SD,3,5,0.0,0.4704232054867155,0.4807,SD,SD,1
20240927_STL@SF,2024-09-27,SF,STL,3,6,0.0,0.49571252675675886,0.5026,STL,STL,1
20240927_TB@BOS,2024-09-27,BOS,TB,1,2,0.0,0.5444493842051076,0.5448,BOS,TB,0
20240927_TEX@LAA,2024-09-27,LAA,TEX,2,5,0.0,0.48804301748152434,0.4959,TEX,TEX,1
20240926_BAL@NYY,2024-09-26,NYY,BAL,10,1,1.0,0.5178356264089156,0.5217,NYY,NYY,1
20240926_KC@WSH,2024-09-26,WSH,KC,4,7,0.0,0.46300402278414987,0.4742,KC,KC,1
20240926_LAA@CWS,2024-09-26,CWS,LAA,7,0,1.0,0.4214628676671367,0.438,LAA,CWS,0
20240926_MIA@MIN,2024-09-26,MIN,MIA,6,8,0.0,0.6754190104430914,0.6592,MIN,MIA,0
20240926_MIL@PIT,2024-09-26,PIT,MIL,2,5,0.0,0.5093570657711044,0.5144,PIT,MIL,0
20240926_SD@LAD,2024-09-26,LAD,SD,7,2,1.0,0.4997164004801125,0.506,SD,LAD,0
20240926_STL@COL,2024-09-26,COL,STL,10,8,1.0,0.541613821379595,0.5423,COL,COL,1
20240926_TB@DET,2024-09-26,DET,TB,4,3,1.0,0.593530229403267,0.5873,DET,DET,1
20240926_TEX@ATH,2024-09-26,ATH,TEX,3,2,1.0,0.5083578870122527,0.5135,ATH,ATH,1
20240925_BAL@NYY,2024-09-25,NYY,BAL,7,9,0.0,0.4761251799560086,0.4856,BAL,BAL,1
20240925_BOS@TOR,2024-09-25,TOR,BOS,6,1,1.0,0.5663257637413194,0.5637,TOR,TOR,1
20240925_CHC@PHI,2024-09-25,PHI,CHC,9,6,1.0,0.595949347813379,0.5894,PHI,PHI,1
20240925_CIN@CLE,2024-09-25,CLE,CIN,5,2,1.0,0.652832478457961,0.6392,CLE,CLE,1
20240925_KC@WSH,2024-09-25,WSH,KC,0,3,0.0,0.5371467929285169,0.5384,WSH,KC,0
20240925_LAA@CWS,2024-09-25,CWS,LAA,4,3,1.0,0.4035639586572476,0.4224,LAA,CWS,0
20240925_MIA@MIN,2024-09-25,MIN,MIA,8,3,1.0,0.6011985901479517,0.594,MIN,MIN,1
20240925_MIL@PIT,2024-09-25,PIT,MIL,2,1,1.0,0.4718549628554418,0.4819,MIL,PIT,0
20240925_SD@LAD,2024-09-25,LAD,SD,4,3,1.0,0.519064647500161,0.5228,LAD,LAD,1
20240925_SEA@HOU,2024-09-25,HOU,SEA,1,8,0.0,0.567434502733245,0.5647,HOU,SEA,0
20240925_SF@AZ,2024-09-25,AZ,SF,8,2,1.0,0.5848102334432425,0.5797,AZ,AZ,1
20240925_STL@COL,2024-09-25,COL,STL,2,5,0.0,0.46169885926811083,0.4731,STL,STL,1
20240925_TB@DET,2024-09-25,DET,TB,7,1,1.0,0.5699578644004887,0.5669,DET,DET,1
20240925_TEX@ATH,2024-09-25,ATH,TEX,1,5,0.0,0.5764873882868402,0.5725,ATH,TEX,0
20240924_BAL@NYY,2024-09-24,NYY,BAL,3,5,0.0,0.48860811801109816,0.4964,BAL,BAL,1
20240924_BOS@TOR,2024-09-24,TOR,BOS,5,6,0.0,0.5079796766564401,0.5132,TOR,BOS,0
20240924_CHC@PHI,2024-09-24,PHI,CHC,4,10,0.0,0.5284396920309369,0.5309,PHI,CHC,0
20240924_CIN@CLE,2024-09-24,CLE,CIN,6,1,1.0,0.5700508237190636,0.5669,CLE,CLE,1
20240924_KC@WSH,2024-09-24,WSH,KC,0,1,0.0,0.4632372321615291,0.4744,KC,KC,1
20240924_LAA@CWS,2024-09-24,CWS,LAA,3,2,1.0,0.4393933780497193,0.4537,LAA,CWS,0
20240924_MIA@MIN,2024-09-24,MIN,MIA,1,4,0.0,0.5841170936125591,0.5791,MIN,MIA,0
20240924_MIL@PIT,2024-09-24,PIT,MIL,2,7,0.0,0.4474831378671322,0.4607,MIL,MIL,1
20240924_NYM@ATL,2024-09-24,ATL,NYM,5,1,1.0,0.5219077718391409,0.5252,ATL,ATL,1
20240924_SD@LAD,2024-09-24,LAD,SD,2,4,0.0,0.5186024834171177,0.5224,LAD,SD,0
20240924_SEA@HOU,2024-09-24,HOU,SEA,4,3,1.0,0.5840498815760077,0.5791,HOU,HOU,1
20240924_SF@AZ,2024-09-24,AZ,SF,0,11,0.0,0.598963028669536,0.5921,AZ,SF,0
20240924_STL@COL,2024-09-24,COL,STL,3,7,0.0,0.4963686142925483,0.5031,STL,STL,1
20240924_TB@DET,2024-09-24,DET,TB,2,1,1.0,0.5470458092619458,0.547,DET,DET,1
20240924_TEX@ATH,2024-09-24,ATH,TEX,5,4,1.0,0.5411146730515668,0.5419,ATH,ATH,1
20240923_BOS@TOR,2024-09-23,TOR,BOS,1,4,0.0,0.5216193551379503,0.525,TOR,BOS,0
20240923_CHC@PHI,2024-09-23,PHI,CHC,6,2,1.0,0.6053147267703846,0.5976,PHI,PHI,1
20240923_SEA@HOU,2024-09-23,HOU,SEA,1,6,0.0,0.5638675172409654,0.5616,HOU,SEA,0
20240923_SF@AZ,2024-09-23,AZ,SF,3,6,0.0,0.5610730025919894,0.5591,AZ,SF,0
20240922_ATL@MIA,2024-09-22,MIA,ATL,4,5,0.0,0.4440196461460416,0.4602,ATL,ATL,1
20240922_AZ@MIL,2024-09-22,MIL,AZ,10,9,1.0,0.550839829995471,0.5488,MIL,MIL,1
20240922_CLE@STL,2024-09-22,STL,CLE,2,1,1.0,0.48981691059929033,0.4982,CLE,STL,0
20240922_COL@LAD,2024-09-22,LAD,COL,6,5,1.0,0.7105540130932408,0.6837,LAD,LAD,1
20240922_CWS@SD,2024-09-22,SD,CWS,4,2,1.0,0.6268587215092114,0.6121,SD,SD,1
20240922_DET@BAL,2024-09-22,BAL,DET,3,4,0.0,0.5496131135149196,0.5477,BAL,DET,0
20240922_LAA@HOU,2024-09-22,HOU,LAA,8,9,0.0,0.5955364730901775,0.5859,HOU,LAA,0
20240922_MIN@BOS,2024-09-22,BOS,MIN,8,1,1.0,0.44624094029929473,0.462,MIN,BOS,0
20240922_MIN@BOS,2024-09-22,BOS,MIN,9,3,1.0,0.4721948315245531,0.4836,MIN,BOS,0
20240922_NYY@ATH,2024-09-22,ATH,NYY,4,7,0.0,0.4344146208151004,0.4521,NYY,NYY,1
20240922_PHI@NYM,2024-09-22,NYM,PHI,2,1,1.0,0.4961957398404351,0.5035,PHI,NYM,0
20240922_PIT@CIN,2024-09-22,CIN,PIT,0,2,0.0,0.4914030886079966,0.4995,PIT,PIT,1
20240922_SEA@TEX,2024-09-22,TEX,SEA,6,5,1.0,0.5318132803713366,0.533,TEX,TEX,1
20240922_SF@KC,2024-09-22,KC,SF,0,2,0.0,0.534010843701067,0.5348,KC,SF,0
20240922_TOR@TB,2024-09-22,TB,TOR,4,3,1.0,0.5181100190824125,0.5216,TB,TB,1
20240922_WSH@CHC,2024-09-22,CHC,WSH,5,0,1.0,0.6034590282909688,0.5925,CHC,CHC,1
20240921_ATL@MIA,2024-09-21,MIA,ATL,2,6,0.0,0.4427831323517166,0.4591,ATL,ATL,1
20240921_AZ@MIL,2024-09-21,MIL,AZ,0,5,0.0,0.5442245511955474,0.5433,MIL,AZ,0
20240921_CLE@STL,2024-09-21,STL,CLE,6,5,1.0,0.49898039785417536,0.5058,CLE,STL,0
20240921_COL@LAD,2024-09-21,LAD,COL,3,6,0.0,0.6807975902117658,0.6579,LAD,COL,0
20240921_CWS@SD,2024-09-21,SD,CWS,6,2,1.0,0.6535380951647911,0.6347,SD,SD,1
20240921_DET@BAL,2024-09-21,BAL,DET,4,6,0.0,0.545353582826568,0.5442,BAL,DET,0
20240921_LAA@HOU,2024-09-21,HOU,LAA,10,4,1.0,0.5608170875207084,0.557,HOU,HOU,1
20240921_NYY@ATH,2024-09-21,ATH,NYY,0,10,0.0,0.4278428313380088,0.4466,NYY,NYY,1
20240921_PHI@NYM,2024-09-21,NYM,PHI,6,3,1.0,0.5493707073894343,0.5475,NYM,NYM,1
20240921_PIT@CIN,2024-09-21,CIN,PIT,7,1,1.0,0.4770016465961251,0.4876,PIT,CIN,0
20240921_SEA@TEX,2024-09-21,TEX,SEA,4,8,0.0,0.5037804244854281,0.5098,TEX,SEA,0
20240921_SF@KC,2024-09-21,KC,SF,0,9,0.0,0.533809544429761,0.5346,KC,SF,0
20240921_TOR@TB,2024-09-21,TB,TOR,3,2,1.0,0.4716546170838001,0.4831,TOR,TB,0
20240921_WSH@CHC,2024-09-21,CHC,WSH,1,5,0.0,0.5130824540243771,0.5175,CHC,WSH,0
20240920_ATL@MIA,2024-09-20,MIA,ATL,4,3,1.0,0.45694220629370247,0.4709,ATL,MIA,0
20240920_AZ@MIL,2024-09-20,MIL,AZ,4,7,0.0,0.4804171113688497,0.4904,AZ,AZ,1
20240920_CLE@STL,2024-09-20,STL,CLE,1,5,0.0,0.4972405497914676,0.5044,CLE,CLE,1
20240920_COL@LAD,2024-09-20,LAD,COL,6,4,1.0,0.6739072617297333,0.652,LAD,LAD,1
20240920_CWS@SD,2024-09-20,SD,CWS,3,2,1.0,0.5859751383936099,0.5779,SD,SD,1
20240920_DET@BAL,2024-09-20,BAL,DET,7,1,1.0,0.5426763373521394,0.542,BAL,BAL,1
20240920_LAA@HOU,2024-09-20,HOU,LAA,9,7,1.0,0.6175129748905388,0.6043,HOU,HOU,1
20240920_MIN@BOS,2024-09-20,BOS,MIN,2,4,0.0,0.4930464219400002,0.5009,MIN,MIN,1
20240920_NYY@ATH,2024-09-20,ATH,NYY,2,4,0.0,0.4300333187373528,0.4485,NYY,NYY,1
20240920_PHI@NYM,2024-09-20,NYM,PHI,2,12,0.0,0.5260115554936511,0.5282,NYM,PHI,0
20240920_PIT@CIN,2024-09-20,CIN,PIT,8,3,1.0,0.5034096548933241,0.5095,CIN,CIN,1
20240920_SEA@TEX,2024-09-20,TEX,SEA,2,8,0.0,0.5470359955405952,0.5456,TEX,SEA,0
20240920_SF@KC,2024-09-20,KC,SF,1,2,0.0,0.5918411244657678,0.5828,KC,SF,0
20240920_TOR@TB,2024-09-20,TB,TOR,1,0,1.0,0.47661746441494873,0.4873,TOR,TB,0
20240920_WSH@CHC,2024-09-20,CHC,WSH,3,1,1.0,0.5665602106333996,0.5618,CHC,CHC,1
20240919_ATL@CIN,2024-09-19,CIN,ATL,3,15,0.0,0.4345984594476613,0.4523,ATL,ATL,1
20240919_AZ@MIL,2024-09-19,MIL,AZ,1,5,0.0,0.4994070815674723,0.5062,AZ,AZ,1
20240919_BOS@TB,2024-09-19,TB,BOS,2,0,1.0,0.4661073608491325,0.4785,BOS,TB,0
20240919_LAA@HOU,2024-09-19,HOU,LAA,3,1,1.0,0.5784155263401205,0.5717,HOU,HOU,1
20240919_LAD@MIA,2024-09-19,MIA,LAD,4,20,0.0,0.4221472616622689,0.4419,LAD,LAD,1
20240919_MIN@CLE,2024-09-19,CLE,MIN,3,2,1.0,0.5742595439426422,0.5682,CLE,CLE,1
20240919_NYY@SEA,2024-09-19,SEA,NYY,3,2,1.0,0.5328606275567409,0.5339,SEA,SEA,1
20240919_PHI@NYM,2024-09-19,NYM,PHI,10,6,1.0,0.5963749271434277,0.5866,NYM,NYM,1
20240919_PIT@STL,2024-09-19,STL,PIT,2,3,0.0,0.5048068539479511,0.5106,STL,PIT,0
20240919_SF@BAL,2024-09-19,BAL,SF,5,3,1.0,0.5901589524078991,0.5814,BAL,BAL,1
20240919_TOR@TEX,2024-09-19,TEX,TOR,0,4,0.0,0.6421572923257115,0.625,TEX,TOR,0
20240919_WSH@CHC,2024-09-19,CHC,WSH,7,6,1.0,0.6034268947093037,0.5925,CHC,CHC,1
20240918_ATH@CHC,2024-09-18,CHC,ATH,3,5,0.0,0.6065724316804959,0.5951,CHC,ATH,0
20240918_ATL@CIN,2024-09-18,CIN,ATL,1,7,0.0,0.4744135118032711,0.4854,ATL,ATL,1
20240918_AZ@COL,2024-09-18,COL,AZ,4,9,0.0,0.45860062997809964,0.4723,AZ,AZ,1
20240918_BOS@TB,2024-09-18,TB,BOS,1,2,0.0,0.47206355513923615,0.4835,BOS,BOS,1
20240918_CWS@LAA,2024-09-18,LAA,CWS,4,3,1.0,0.6072513898805937,0.5957,LAA,LAA,1
20240918_DET@KC,2024-09-18,KC,DET,2,4,0.0,0.4921031329527041,0.5001,DET,DET,1
20240918_HOU@SD,2024-09-18,SD,HOU,4,0,1.0,0.5357556647972416,0.5363,SD,SD,1
20240918_LAD@MIA,2024-09-18,MIA,LAD,4,8,0.0,0.43212613949393497,0.4502,LAD,LAD,1
20240918_MIN@CLE,2024-09-18,CLE,MIN,5,4,1.0,0.5637528168176353,0.5595,CLE,CLE,1
20240918_NYY@SEA,2024-09-18,SEA,NYY,1,2,0.0,0.5126956493177103,0.5172,SEA,NYY,0
20240918_PHI@MIL,2024-09-18,MIL,PHI,2,1,1.0,0.5396476375446517,0.5395,MIL,MIL,1
20240918_PIT@STL,2024-09-18,STL,PIT,10,5,1.0,0.605253727092612,0.594,STL,STL,1
20240918_SF@BAL,2024-09-18,BAL,SF,3,5,0.0,0.5811941742144967,0.574,BAL,SF,0
20240918_TOR@TEX,2024-09-18,TEX,TOR,2,0,1.0,0.5518547859884834,0.5496,TEX,TEX,1
20240918_WSH@NYM,2024-09-18,NYM,WSH,10,0,1.0,0.5568762396663808,0.5538,NYM,NYM,1
20240917_ATH@CHC,2024-09-17,CHC,ATH,3,4,0.0,0.5680138181373039,0.563,CHC,ATH,0
20240917_ATL@CIN,2024-09-17,CIN,ATL,6,5,1.0,0.48267869664665175,0.4923,ATL,CIN,0
20240917_AZ@COL,2024-09-17,COL,AZ,8,2,1.0,0.505234667728635,0.511,COL,COL,1
20240917_BOS@TB,2024-09-17,TB,BOS,8,3,1.0,0.44300754072516846,0.4593,BOS,TB,0
20240917_CWS@LAA,2024-09-17,LAA,CWS,5,0,1.0,0.6066481970933889,0.5952,LAA,LAA,1
20240917_DET@KC,2024-09-17,KC,DET,1,3,0.0,0.5807955219195302,0.5736,KC,DET,0
20240917_HOU@SD,2024-09-17,SD,HOU,3,4,0.0,0.5230410510002487,0.5257,SD,HOU,0
20240917_LAD@MIA,2024-09-17,MIA,LAD,11,9,1.0,0.4193095963760777,0.4395,LAD,MIA,0
20240917_MIN@CLE,2024-09-17,CLE,MIN,1,4,0.0,0.5316985538508706,0.5329,CLE,MIN,0
20240917_NYY@SEA,2024-09-17,SEA,NYY,2,11,0.0,0.5060786757553045,0.5117,SEA,NYY,0
20240917_PHI@MIL,2024-09-17,MIL,PHI,1,5,0.0,0.49502758029625904,0.5025,PHI,PHI,1
20240917_PIT@STL,2024-09-17,STL,PIT,3,1,1.0,0.5553853024272138,0.5525,STL,STL,1
20240917_SF@BAL,2024-09-17,BAL,SF,0,10,0.0,0.5543370009052643,0.5517,BAL,SF,0
20240917_TOR@TEX,2024-09-17,TEX,TOR,13,8,1.0,0.5293276654764771,0.5309,TEX,TEX,1
20240917_WSH@NYM,2024-09-17,NYM,WSH,10,1,1.0,0.5958797505867891,0.5862,NYM,NYM,1
20240916_ATH@CHC,2024-09-16,CHC,ATH,9,2,1.0,0.6158676899862905,0.6029,CHC,CHC,1
20240916_AZ@COL,2024-09-16,COL,AZ,3,2,1.0,0.474172692152227,0.4852,AZ,COL,0
20240916_CWS@LAA,2024-09-16,LAA,CWS,4,8,0.0,0.6480010675923048,0.63,LAA,CWS,0
20240916_DET@KC,2024-09-16,KC,DET,6,7,0.0,0.5259614651237516,0.5281,KC,DET,0
20240916_HOU@SD,2024-09-16,SD,HOU,3,1,1.0,0.5272179803197503,0.5292,SD,SD,1
20240916_LAD@ATL,2024-09-16,ATL,LAD,0,9,0.0,0.4591018263670328,0.4727,LAD,LAD,1
20240916_MIN@CLE,2024-09-16,CLE,MIN,4,3,1.0,0.47377291201955757,0.4849,MIN,CLE,0
20240916_PHI@MIL,2024-09-16,MIL,PHI,6,2,1.0,0.4969832438290838,0.5041,PHI,MIL,0
20240916_PIT@STL,2024-09-16,STL,PIT,4,0,1.0,0.48439988912286897,0.4937,PIT,STL,0
20240916_WSH@NYM,2024-09-16,NYM,WSH,2,1,1.0,0.6102517378523938,0.5982,NYM,NYM,1
20240915_ATH@CWS,2024-09-15,CWS,ATH,4,3,1.0,0.3990659262060275,0.425,ATH,CWS,0
20240915_BAL@DET,2024-09-15,DET,BAL,4,2,1.0,0.46381328213171774,0.4775,BAL,DET,0
20240915_BOS@NYY,2024-09-15,NYY,BOS,5,2,1.0,0.5821051528066823,0.5724,NYY,NYY,1
20240915_CHC@COL,2024-09-15,COL,CHC,2,6,0.0,0.5985155064121997,0.5857,COL,CHC,0
20240915_CIN@MIN,2024-09-15,MIN,CIN,9,2,1.0,0.5824275762113817,0.5727,MIN,MIN,1
20240915_HOU@LAA,2024-09-15,LAA,HOU,4,6,0.0,0.38380353311397025,0.4125,HOU,HOU,1
20240915_KC@PIT,2024-09-15,PIT,KC,4,3,1.0,0.530194008213246,0.5307,PIT,PIT,1
20240915_LAD@ATL,2024-09-15,ATL,LAD,2,9,0.0,0.5545849364735116,0.5503,ATL,LAD,0
20240915_MIA@WSH,2024-09-15,WSH,MIA,4,3,1.0,0.5750024944513948,0.5667,WSH,WSH,1
20240915_MIL@AZ,2024-09-15,AZ,MIL,11,10,1.0,0.5116921628099019,0.5159,AZ,AZ,1
20240915_NYM@PHI,2024-09-15,PHI,NYM,2,1,1.0,0.5660851480959894,0.5595,PHI,PHI,1
20240915_SD@SF,2024-09-15,SF,SD,3,4,0.0,0.48173590493535884,0.4919,SD,SD,1
20240915_STL@TOR,2024-09-15,TOR,STL,3,2,1.0,0.5324789265137253,0.5325,TOR,TOR,1
20240915_TB@CLE,2024-09-15,CLE,TB,2,0,1.0,0.5549262567393313,0.5505,CLE,CLE,1
20240915_TEX@SEA,2024-09-15,SEA,TEX,7,0,1.0,0.5407272789348926,0.5391,SEA,SEA,1
20240914_ATH@CWS,2024-09-14,CWS,ATH,7,6,1.0,0.35350165575847275,0.3875,ATH,CWS,0
20240914_BAL@DET,2024-09-14,DET,BAL,2,4,0.0,0.5475186579217824,0.5446,DET,BAL,0
20240914_BOS@NYY,2024-09-14,NYY,BOS,1,7,0.0,0.5509912135048229,0.5474,NYY,BOS,0
20240914_CHC@COL,2024-09-14,COL,CHC,6,5,1.0,0.5251038479541852,0.5266,COL,COL,1
20240914_CIN@MIN,2024-09-14,MIN,CIN,1,11,0.0,0.5762519045356328,0.5677,MIN,CIN,0
20240914_HOU@LAA,2024-09-14,LAA,HOU,3,5,0.0,0.4662277856801553,0.4794,HOU,HOU,1
20240914_KC@PIT,2024-09-14,PIT,KC,1,5,0.0,0.4989811708403938,0.5057,KC,KC,1
20240914_LAD@ATL,2024-09-14,ATL,LAD,10,1,1.0,0.5060920059575955,0.5114,ATL,ATL,1
20240914_MIA@WSH,2024-09-14,WSH,MIA,4,1,1.0,0.5927153811225371,0.581,WSH,WSH,1
20240914_MIL@AZ,2024-09-14,AZ,MIL,8,15,0.0,0.5340968815980127,0.5338,AZ,MIL,0
20240914_NYM@PHI,2024-09-14,PHI,NYM,6,4,1.0,0.5005192431706502,0.5069,PHI,PHI,1
20240914_SD@SF,2024-09-14,SF,SD,0,8,0.0,0.47790590159400653,0.4888,SD,SD,1
20240914_STL@TOR,2024-09-14,TOR,STL,7,2,1.0,0.5260004346202316,0.5273,TOR,TOR,1
20240914_TB@CLE,2024-09-14,CLE,TB,6,1,1.0,0.5035814115720901,0.5094,CLE,CLE,1
20240914_TEX@SEA,2024-09-14,SEA,TEX,5,4,1.0,0.5890737417153145,0.578,SEA,SEA,1
20240913_ATH@CWS,2024-09-13,CWS,ATH,0,2,0.0,0.46044419191796976,0.4748,ATH,ATH,1
20240913_BAL@DET,2024-09-13,DET,BAL,1,0,1.0,0.5657328548815639,0.5592,DET,DET,1
20240913_BOS@NYY,2024-09-13,NYY,BOS,5,4,1.0,0.557896989615187,0.5529,NYY,NYY,1
20240913_CHC@COL,2024-09-13,COL,CHC,9,5,1.0,0.5466161222482825,0.5439,COL,COL,1
20240913_CIN@MIN,2024-09-13,MIN,CIN,4,8,0.0,0.5701112343927905,0.5627,MIN,CIN,0
20240913_HOU@LAA,2024-09-13,LAA,HOU,3,5,0.0,0.37258485185861295,0.4033,HOU,HOU,1
20240913_KC@PIT,2024-09-13,PIT,KC,3,8,0.0,0.5282483432639886,0.5291,PIT,KC,0
20240913_LAD@ATL,2024-09-13,ATL,LAD,6,2,1.0,0.5173535115537053,0.5204,ATL,ATL,1
20240913_MIA@WSH,2024-09-13,WSH,MIA,4,1,1.0,0.5870494580332951,0.5764,WSH,WSH,1
20240913_MIL@AZ,2024-09-13,AZ,MIL,1,2,0.0,0.45177821900793297,0.4678,MIL,MIL,1
20240913_NYM@PHI,2024-09-13,PHI,NYM,3,11,0.0,0.6141722124699891,0.5984,PHI,NYM,0
20240913_SD@SF,2024-09-13,SF,SD,0,5,0.0,0.47667457522693624,0.4878,SD,SD,1
20240913_STL@TOR,2024-09-13,TOR,STL,4,3,1.0,0.5835566353207173,0.5736,TOR,TOR,1
20240913_TB@CLE,2024-09-13,CLE,TB,1,3,0.0,0.6102971334595436,0.5952,CLE,TB,0
20240913_TEX@SEA,2024-09-13,SEA,TEX,5,4,1.0,0.5806167924455501,0.5712,SEA,SEA,1
20240912_ATH@HOU,2024-09-12,HOU,ATH,6,3,1.0,0.647777230844452,0.6258,HOU,HOU,1
20240912_BOS@NYY,2024-09-12,NYY,BOS,2,1,1.0,0.5512283256909949,0.5476,NYY,NYY,1
20240912_CIN@STL,2024-09-12,STL,CIN,6,1,1.0,0.5422323855407467,0.5403,STL,STL,1
20240912_COL@DET,2024-09-12,DET,COL,2,4,0.0,0.6565731149820635,0.6331,DET,COL,0
20240912_MIA@WSH,2024-09-12,WSH,MIA,3,6,0.0,0.609024835081234,0.5942,WSH,MIA,0
20240912_MIL@SF,2024-09-12,SF,MIL,0,3,0.0,0.508489213524604,0.5133,SF,MIL,0
20240912_TB@CLE,2024-09-12,CLE,TB,2,5,0.0,0.552468241851922,0.5486,CLE,TB,0
20240912_TEX@SEA,2024-09-12,SEA,TEX,4,5,0.0,0.5715806104505602,0.5639,SEA,TEX,0
20240911_ATH@HOU,2024-09-11,HOU,ATH,4,5,0.0,0.6511532879732878,0.6286,HOU,ATH,0
20240911_ATL@WSH,2024-09-11,WSH,ATL,5,1,1.0,0.4670732162060654,0.4801,ATL,WSH,0
20240911_BAL@BOS,2024-09-11,BOS,BAL,5,3,1.0,0.43326095854834834,0.4528,BAL,BOS,0
20240911_CHC@LAD,2024-09-11,LAD,CHC,10,8,1.0,0.582153788637549,0.5724,LAD,LAD,1
20240911_CIN@STL,2024-09-11,STL,CIN,2,1,1.0,0.5806423430283887,0.5712,STL,STL,1
20240911_CLE@CWS,2024-09-11,CWS,CLE,4,6,0.0,0.34659581249353577,0.3817,CLE,CLE,1
20240911_COL@DET,2024-09-11,DET,COL,7,4,1.0,0.5881866839219994,0.5773,DET,DET,1
20240911_KC@NYY,2024-09-11,NYY,KC,4,3,1.0,0.5477629320350261,0.5448,NYY,NYY,1
20240911_LAA@MIN,2024-09-11,MIN,LAA,6,4,1.0,0.6394857581591966,0.619,MIN,MIN,1
20240911_MIA@PIT,2024-09-11,PIT,MIA,3,1,1.0,0.5690728558717775,0.5619,PIT,PIT,1
20240911_MIL@SF,2024-09-11,SF,MIL,13,2,1.0,0.5351087044410414,0.5346,SF,SF,1
20240911_NYM@TOR,2024-09-11,TOR,NYM,2,6,0.0,0.47184077488779225,0.4839,NYM,NYM,1
20240911_SD@SEA,2024-09-11,SEA,SD,5,2,1.0,0.4752342867400783,0.4866,SD,SEA,0
20240911_TB@PHI,2024-09-11,PHI,TB,3,2,1.0,0.6340201281296599,0.6145,PHI,PHI,1
20240911_TEX@AZ,2024-09-11,AZ,TEX,14,4,1.0,0.5557045654902146,0.5512,AZ,AZ,1
20240910_ATH@HOU,2024-09-10,HOU,ATH,3,4,0.0,0.6417019244614064,0.6208,HOU,ATH,0
20240910_ATL@WSH,2024-09-10,WSH,ATL,0,12,0.0,0.4303894195864403,0.4505,ATL,ATL,1
20240910_BAL@BOS,2024-09-10,BOS,BAL,3,5,0.0,0.45966736513019796,0.4741,BAL,BAL,1
20240910_CHC@LAD,2024-09-10,LAD,CHC,3,6,0.0,0.6037600097467978,0.5899,LAD,CHC,0
20240910_CIN@STL,2024-09-10,STL,CIN,0,3,0.0,0.5092055262687212,0.5139,STL,CIN,0
20240910_CLE@CWS,2024-09-10,CWS,CLE,0,5,0.0,0.41631115057606716,0.4391,CLE,CLE,1
20240910_COL@DET,2024-09-10,DET,COL,11,0,1.0,0.6414562629412653,0.6206,DET,DET,1
20240910_KC@NYY,2024-09-10,NYY,KC,0,5,0.0,0.5307422819080991,0.5311,NYY,KC,0
20240910_LAA@MIN,2024-09-10,MIN,LAA,10,5,1.0,0.6572320651152571,0.6336,MIN,MIN,1
20240910_MIA@PIT,2024-09-10,PIT,MIA,6,4,1.0,0.5611168118195511,0.5555,PIT,PIT,1
20240910_MIL@SF,2024-09-10,SF,MIL,2,3,0.0,0.5036948167843809,0.5095,SF,MIL,0
20240910_NYM@TOR,2024-09-10,TOR,NYM,6,2,1.0,0.5016342973558463,0.5078,TOR,TOR,1
20240910_SD@SEA,2024-09-10,SEA,SD,3,7,0.0,0.4989781523122852,0.5057,SD,SD,1
20240910_TB@PHI,2024-09-10,PHI,TB,9,4,1.0,0.5945699248820945,0.5825,PHI,PHI,1
20240910_TEX@AZ,2024-09-10,AZ,TEX,6,0,1.0,0.6252324728127658,0.6074,AZ,AZ,1
20240909_BAL@BOS,2024-09-09,BOS,BAL,12,3,1.0,0.4602906337691333,0.4746,BAL,BOS,0
20240909_CHC@LAD,2024-09-09,LAD,CHC,4,10,0.0,0.5840423992150471,0.574,LAD,CHC,0
20240909_CIN@ATL,2024-09-09,ATL,CIN,0,1,0.0,0.6118164468314338,0.5964,ATL,CIN,0
20240909_CLE@CWS,2024-09-09,CWS,CLE,3,5,0.0,0.4086783402613313,0.4329,CLE,CLE,1
20240909_KC@NYY,2024-09-09,NYY,KC,10,4,1.0,0.5564153395593969,0.5517,NYY,NYY,1
20240909_LAA@MIN,2024-09-09,MIN,LAA,2,6,0.0,0.6263482175949557,0.6083,MIN,LAA,0
20240909_MIA@PIT,2024-09-09,PIT,MIA,3,2,1.0,0.6000340216429376,0.5869,PIT,PIT,1
20240909_NYM@TOR,2024-09-09,TOR,NYM,2,3,0.0,0.4996049317175745,0.5062,NYM,NYM,1
20240909_TB@PHI,2024-09-09,PHI,TB,2,1,1.0,0.5484570526721109,0.5453,PHI,PHI,1
20240908_AZ@HOU,2024-09-08,HOU,AZ,6,12,0.0,0.48264812237833943,0.4925,AZ,AZ,1
20240908_CIN@NYM,2024-09-08,NYM,CIN,1,3,0.0,0.5462404574642964,0.5433,NYM,CIN,0
20240908_CLE@LAD,2024-09-08,LAD,CLE,4,0,1.0,0.5649502231170607,0.5583,LAD,LAD,1
20240908_COL@MIL,2024-09-08,MIL,COL,1,4,0.0,0.6570599201846375,0.633,MIL,COL,0
20240908_CWS@BOS,2024-09-08,BOS,CWS,2,7,0.0,0.6335159879722517,0.6137,BOS,CWS,0
20240908_DET@ATH,2024-09-08,ATH,DET,1,9,0.0,0.5079455725278739,0.5127,ATH,DET,0
20240908_LAA@TEX,2024-09-08,TEX,LAA,7,4,1.0,0.619448873548595,0.6022,TEX,TEX,1
20240908_MIN@KC,2024-09-08,KC,MIN,2,0,1.0,0.5437571225214007,0.5413,KC,KC,1
20240908_NYY@CHC,2024-09-08,CHC,NYY,2,1,1.0,0.4348449647355731,0.4542,NYY,CHC,0
20240908_PHI@MIA,2024-09-08,MIA,PHI,10,1,1.0,0.4473525574624033,0.4642,PHI,MIA,0
20240908_SEA@STL,2024-09-08,STL,SEA,4,10,0.0,0.46754448732633463,0.4804,SEA,SEA,1
20240908_SF@SD,2024-09-08,SD,SF,6,7,0.0,0.5777832588051574,0.5686,SD,SF,0
20240908_TB@BAL,2024-09-08,BAL,TB,0,2,0.0,0.5404240921997499,0.5387,BAL,TB,0
20240908_TOR@ATL,2024-09-08,ATL,TOR,4,3,1.0,0.5915232579358778,0.5797,ATL,ATL,1
20240908_WSH@PIT,2024-09-08,PIT,WSH,7,3,1.0,0.5401561961795202,0.5385,PIT,PIT,1
20240907_AZ@HOU,2024-09-07,HOU,AZ,11,5,1.0,0.5686324651380106,0.5613,HOU,HOU,1
20240907_CIN@NYM,2024-09-07,NYM,CIN,4,0,1.0,0.5625301419274504,0.5564,NYM,NYM,1
20240907_CLE@LAD,2024-09-07,LAD,CLE,7,2,1.0,0.5489977244160408,0.5455,LAD,LAD,1
20240907_COL@MIL,2024-09-07,MIL,COL,5,2,1.0,0.6599822676386933,0.6354,MIL,MIL,1
20240907_CWS@BOS,2024-09-07,BOS,CWS,7,5,1.0,0.5916460038222275,0.5798,BOS,BOS,1
20240907_DET@ATH,2024-09-07,ATH,DET,1,2,0.0,0.4386957432830007,0.4573,DET,DET,1
20240907_LAA@TEX,2024-09-07,TEX,LAA,6,4,1.0,0.5457403013544823,0.5429,TEX,TEX,1
20240907_MIN@KC,2024-09-07,KC,MIN,4,2,1.0,0.5430221524875048,0.5407,KC,KC,1
20240907_NYY@CHC,2024-09-07,CHC,NYY,0,2,0.0,0.45999600371151655,0.4744,NYY,NYY,1
20240907_PHI@MIA,2024-09-07,MIA,PHI,9,5,1.0,0.4141114337279772,0.4374,PHI,MIA,0
20240907_SEA@STL,2024-09-07,STL,SEA,2,0,1.0,0.5026997215231623,0.5085,STL,STL,1
20240907_SF@SD,2024-09-07,SD,SF,3,6,0.0,0.5430122713901374,0.5407,SD,SF,0
20240907_TB@BAL,2024-09-07,BAL,TB,1,7,0.0,0.561964424489745,0.5559,BAL,TB,0
20240907_TOR@ATL,2024-09-07,ATL,TOR,5,9,0.0,0.539515433521565,0.5379,ATL,TOR,0
20240907_WSH@PIT,2024-09-07,PIT,WSH,3,5,0.0,0.5318016932100135,0.5318,PIT,WSH,0
20240907_WSH@PIT,2024-09-07,PIT,WSH,6,8,0.0,0.5094365778440546,0.5139,PIT,WSH,0
20240906_AZ@HOU,2024-09-06,HOU,AZ,8,0,1.0,0.5189351983446219,0.5215,HOU,HOU,1
20240906_CIN@NYM,2024-09-06,NYM,CIN,6,4,1.0,0.5368739333858387,0.5358,NYM,NYM,1
20240906_CLE@LAD,2024-09-06,LAD,CLE,1,3,0.0,0.5394400711088588,0.5379,LAD,CLE,0
20240906_COL@MIL,2024-09-06,MIL,COL,2,3,0.0,0.6469750921158063,0.6247,MIL,COL,0
20240906_CWS@BOS,2024-09-06,BOS,CWS,3,1,1.0,0.6539834559815824,0.6304,BOS,BOS,1
20240906_DET@ATH,2024-09-06,ATH,DET,7,6,1.0,0.4321036128310545,0.4519,DET,ATH,0
20240906_LAA@TEX,2024-09-06,TEX,LAA,1,5,0.0,0.6383874933393133,0.6177,TEX,LAA,0
20240906_MIN@KC,2024-09-06,KC,MIN,5,0,1.0,0.5888381002648452,0.5775,KC,KC,1
20240906_NYY@CHC,2024-09-06,CHC,NYY,0,3,0.0,0.4571522968255066,0.4721,NYY,NYY,1
20240906_PHI@MIA,2024-09-06,MIA,PHI,2,16,0.0,0.41928420121012216,0.4416,PHI,PHI,1
20240906_SEA@STL,2024-09-06,STL,SEA,1,6,0.0,0.454718800044642,0.4701,SEA,SEA,1
20240906_SF@SD,2024-09-06,SD,SF,5,1,1.0,0.5835447919726584,0.5732,SD,SD,1
20240906_TB@BAL,2024-09-06,BAL,TB,2,0,1.0,0.5508826222065507,0.547,BAL,BAL,1
20240906_TOR@ATL,2024-09-06,ATL,TOR,3,1,1.0,0.5143605156448549,0.5179,ATL,ATL,1
20240905_AZ@SF,2024-09-05,SF,AZ,3,2,1.0,0.5617729632287097,0.5558,SF,SF,1
20240905_COL@ATL,2024-09-05,ATL,COL,1,3,0.0,0.690453365353416,0.6607,ATL,COL,0
20240905_DET@SD,2024-09-05,SD,DET,3,4,0.0,0.5299118726219499,0.5303,SD,DET,0
20240905_HOU@CIN,2024-09-05,CIN,HOU,1,0,1.0,0.5115797349361879,0.5156,CIN,CIN,1
20240905_LAA@TEX,2024-09-05,TEX,LAA,3,1,1.0,0.6141840087776738,0.598,TEX,TEX,1
20240905_MIN@TB,2024-09-05,TB,MIN,3,4,0.0,0.47008080148617,0.4825,MIN,MIN,1
20240905_PHI@MIA,2024-09-05,MIA,PHI,2,5,0.0,0.44844447440698515,0.4651,PHI,PHI,1
20240905_SEA@ATH,2024-09-05,ATH,SEA,4,6,0.0,0.47866454991339835,0.4893,SEA,SEA,1
20240905_WSH@PIT,2024-09-05,PIT,WSH,9,4,1.0,0.5106134541885133,0.5149,PIT,PIT,1
20240904_AZ@SF,2024-09-04,SF,AZ,4,6,0.0,0.4935617552119576,0.5012,AZ,AZ,1
20240904_BOS@NYM,2024-09-04,NYM,BOS,8,3,1.0,0.5051284485051751,0.5105,NYM,NYM,1
20240904_CLE@KC,2024-09-04,KC,CLE,4,1,1.0,0.5698475002734031,0.5622,KC,KC,1
20240904_COL@ATL,2024-09-04,ATL,COL,5,2,1.0,0.6372021524760385,0.6167,ATL,ATL,1
20240904_CWS@BAL,2024-09-04,BAL,CWS,1,8,0.0,0.6816242821600946,0.6533,BAL,CWS,0
20240904_DET@SD,2024-09-04,SD,DET,6,5,1.0,0.5179387307127494,0.5207,SD,SD,1
20240904_HOU@CIN,2024-09-04,CIN,HOU,12,5,1.0,0.4747050496642405,0.4862,HOU,CIN,0
20240904_LAD@LAA,2024-09-04,LAA,LAD,10,1,1.0,0.42537886484484155,0.4465,LAD,LAA,0
20240904_MIN@TB,2024-09-04,TB,MIN,9,4,1.0,0.5406273144110485,0.5388,TB,TB,1
20240904_NYY@TEX,2024-09-04,TEX,NYY,10,6,1.0,0.4997593268770298,0.5062,NYY,TEX,0
20240904_PHI@TOR,2024-09-04,TOR,PHI,2,4,0.0,0.5349313629687611,0.5343,TOR,PHI,0
20240904_PIT@CHC,2024-09-04,CHC,PIT,12,0,1.0,0.6060251035783762,0.5914,CHC,CHC,1
20240904_SEA@ATH,2024-09-04,ATH,SEA,3,16,0.0,0.50826467685203,0.513,ATH,SEA,0
20240904_STL@MIL,2024-09-04,MIL,STL,2,3,0.0,0.57882034556142,0.5694,MIL,STL,0
20240904_WSH@MIA,2024-09-04,MIA,WSH,4,3,1.0,0.49313505655310774,0.5009,WSH,MIA,0
20240903_AZ@SF,2024-09-03,SF,AZ,7,8,0.0,0.42221183335599877,0.444,AZ,AZ,1
20240903_BOS@NYM,2024-09-03,NYM,BOS,7,2,1.0,0.5468853162225001,0.5438,NYM,NYM,1
20240903_CLE@KC,2024-09-03,KC,CLE,1,7,0.0,0.5442346099141248,0.5417,KC,CLE,0
20240903_COL@ATL,2024-09-03,ATL,COL,3,0,1.0,0.6354533689681637,0.6153,ATL,ATL,1
20240903_CWS@BAL,2024-09-03,BAL,CWS,9,0,1.0,0.6883852102940163,0.659,BAL,BAL,1
20240903_LAD@LAA,2024-09-03,LAA,LAD,2,6,0.0,0.4941214495397439,0.5017,LAD,LAD,1
20240903_MIN@TB,2024-09-03,TB,MIN,2,1,1.0,0.525554406398691,0.5268,TB,TB,1
20240903_NYY@TEX,2024-09-03,TEX,NYY,7,4,1.0,0.4577489104693042,0.4726,NYY,TEX,0
20240903_PHI@TOR,2024-09-03,TOR,PHI,9,10,0.0,0.5331779240836783,0.5329,TOR,PHI,0
20240903_PIT@CHC,2024-09-03,CHC,PIT,0,5,0.0,0.47244626669326695,0.4844,PIT,PIT,1
20240903_SEA@ATH,2024-09-03,ATH,SEA,3,2,1.0,0.4581353474849879,0.4729,SEA,ATH,0
20240903_STL@MIL,2024-09-03,MIL,STL,4,7,0.0,0.5821209593960928,0.5721,MIL,STL,0
20240903_WSH@MIA,2024-09-03,MIA,WSH,2,6,0.0,0.49523740177611625,0.5026,WSH,WSH,1
20240902_BOS@NYM,2024-09-02,NYM,BOS,4,1,1.0,0.4878036569599199,0.4966,BOS,NYM,0
20240902_CLE@KC,2024-09-02,KC,CLE,2,4,0.0,0.5327937203455397,0.5326,KC,CLE,0
20240902_CWS@BAL,2024-09-02,BAL,CWS,13,3,1.0,0.6713033217172082,0.6447,BAL,BAL,1
20240902_DET@SD,2024-09-02,SD,DET,3,0,1.0,0.5439242554928306,0.5415,SD,SD,1
20240902_HOU@CIN,2024-09-02,CIN,HOU,5,3,1.0,0.49177986296545917,0.4998,HOU,CIN,0
20240902_LAD@AZ,2024-09-02,AZ,LAD,6,11,0.0,0.5303698125935711,0.5306,AZ,LAD,0
20240902_MIN@TB,2024-09-02,TB,MIN,4,5,0.0,0.5145072725341803,0.518,TB,MIN,0
20240902_NYY@TEX,2024-09-02,TEX,NYY,4,8,0.0,0.4073346134235521,0.4319,NYY,NYY,1
20240902_PIT@CHC,2024-09-02,CHC,PIT,3,5,0.0,0.523416318756095,0.5251,CHC,PIT,0
20240902_SEA@ATH,2024-09-02,ATH,SEA,5,4,1.0,0.4737277739166869,0.4854,SEA,ATH,0
20240902_STL@MIL,2024-09-02,MIL,STL,9,3,1.0,0.5777721424999371,0.5686,MIL,MIL,1
20240901_ATH@TEX,2024-09-01,TEX,ATH,6,4,1.0,0.5685087971224173,0.5649,TEX,TEX,1
20240901_ATL@PHI,2024-09-01,PHI,ATL,3,2,1.0,0.5451069465608589,0.5466,PHI,PHI,1
20240901_BAL@COL,2024-09-01,COL,BAL,1,6,0.0,0.4089885958838836,0.4399,BAL,BAL,1
20240901_BOS@DET,2024-09-01,DET,BOS,4,1,1.0,0.5001527982030258,0.5116,DET,DET,1
20240901_CHC@WSH,2024-09-01,WSH,CHC,1,14,0.0,0.5325982446469464,0.5369,WSH,CHC,0
20240901_KC@HOU,2024-09-01,HOU,KC,7,2,1.0,0.5092508614122345,0.5187,HOU,HOU,1
20240901_LAD@AZ,2024-09-01,AZ,LAD,14,3,1.0,0.5511394443604652,0.5513,AZ,AZ,1
20240901_MIA@SF,2024-09-01,SF,MIA,5,7,0.0,0.6390434451101522,0.6205,SF,MIA,0
20240901_MIL@CIN,2024-09-01,CIN,MIL,4,3,1.0,0.5023031746156971,0.5133,CIN,CIN,1
20240901_NYM@CWS,2024-09-01,CWS,NYM,0,2,0.0,0.4178749902116693,0.447,NYM,NYM,1
20240901_PIT@CLE,2024-09-01,CLE,PIT,6,1,1.0,0.5937152489371211,0.5847,CLE,CLE,1
20240901_SD@TB,2024-09-01,TB,SD,3,4,0.0,0.4411690396255492,0.4654,SD,SD,1
20240901_SEA@LAA,2024-09-01,LAA,SEA,3,2,1.0,0.473366379298362,0.4907,SEA,LAA,0
20240901_STL@NYY,2024-09-01,NYY,STL,7,14,0.0,0.5807922519456321,0.5745,NYY,STL,0
20240901_TOR@MIN,2024-09-01,MIN,TOR,4,3,1.0,0.5526221501962766,0.5525,MIN,MIN,1
20240831_ATH@TEX,2024-08-31,TEX,ATH,3,2,1.0,0.5757353841729206,0.5706,TEX,TEX,1
20240831_ATL@PHI,2024-08-31,PHI,ATL,3,0,1.0,0.5664776628238748,0.5633,PHI,PHI,1
20240831_BAL@COL,2024-08-31,COL,BAL,7,5,1.0,0.5111573635736951,0.5202,COL,COL,1
20240831_BOS@DET,2024-08-31,DET,BOS,2,1,1.0,0.4554315184796468,0.4766,BOS,DET,0
20240831_CHC@WSH,2024-08-31,WSH,CHC,3,5,0.0,0.594675457428558,0.5854,WSH,CHC,0
20240831_KC@HOU,2024-08-31,HOU,KC,5,2,1.0,0.49690646786352954,0.509,KC,HOU,0
20240831_LAD@AZ,2024-08-31,AZ,LAD,6,8,0.0,0.5308623873295557,0.5355,AZ,LAD,0
20240831_MIA@SF,2024-08-31,SF,MIA,3,4,0.0,0.5402979088149155,0.5429,SF,MIA,0
20240831_MIL@CIN,2024-08-31,CIN,MIL,4,5,0.0,0.509486767712258,0.5189,CIN,MIL,0
20240831_NYM@CWS,2024-08-31,CWS,NYM,3,5,0.0,0.38463802361937843,0.4205,NYM,NYM,1
20240831_PIT@CLE,2024-08-31,CLE,PIT,0,3,0.0,0.5714826644288086,0.5672,CLE,PIT,0
20240831_SD@TB,2024-08-31,TB,SD,11,4,1.0,0.5002370516454138,0.5116,TB,TB,1
20240831_SEA@LAA,2024-08-31,LAA,SEA,5,4,1.0,0.39511335538771275,0.4289,SEA,LAA,0
20240831_STL@NYY,2024-08-31,NYY,STL,5,6,0.0,0.6351610863603446,0.6174,NYY,STL,0
20240831_TOR@MIN,2024-08-31,MIN,TOR,0,15,0.0,0.58147329737622,0.575,MIN,TOR,0
20240830_ATH@TEX,2024-08-30,TEX,ATH,2,9,0.0,0.5210708785340622,0.5279,TEX,ATH,0
20240830_ATL@PHI,2024-08-30,PHI,ATL,2,7,0.0,0.5053786666746567,0.5157,PHI,ATL,0
20240830_BAL@COL,2024-08-30,COL,BAL,3,5,0.0,0.4176797220309544,0.4468,BAL,BAL,1
20240830_BOS@DET,2024-08-30,DET,BOS,5,7,0.0,0.466849933143764,0.4856,BOS,BOS,1
20240830_CHC@WSH,2024-08-30,WSH,CHC,6,7,0.0,0.5392053276215907,0.542,WSH,CHC,0
20240830_KC@HOU,2024-08-30,HOU,KC,3,2,1.0,0.5620020002773967,0.5598,HOU,HOU,1
20240830_LAD@AZ,2024-08-30,AZ,LAD,9,10,0.0,0.531520639510837,0.536,AZ,LAD,0
20240830_MIA@SF,2024-08-30,SF,MIA,3,1,1.0,0.6259202886835097,0.6101,SF,SF,1
20240830_MIL@CIN,2024-08-30,CIN,MIL,0,14,0.0,0.5078974544698005,0.5176,CIN,MIL,0
20240830_MIL@CIN,2024-08-30,CIN,MIL,4,5,0.0,0.500132684915435,0.5116,CIN,MIL,0
20240830_NYM@CWS,2024-08-30,CWS,NYM,1,5,0.0,0.36768524564862914,0.4068,NYM,NYM,1
20240830_PIT@CLE,2024-08-30,CLE,PIT,10,8,1.0,0.561366013815979,0.5593,CLE,CLE,1
20240830_SD@TB,2024-08-30,TB,SD,5,13,0.0,0.46382027291437494,0.4832,SD,SD,1
20240830_SEA@LAA,2024-08-30,LAA,SEA,5,9,0.0,0.46774200122415643,0.4863,SEA,SEA,1
20240830_STL@NYY,2024-08-30,NYY,STL,6,3,1.0,0.5606201181357621,0.5587,NYY,NYY,1
20240830_TOR@MIN,2024-08-30,MIN,TOR,2,0,1.0,0.582692055995056,0.576,MIN,MIN,1
20240829_ATH@CIN,2024-08-29,CIN,ATH,10,9,1.0,0.5813020940464257,0.5749,CIN,CIN,1
20240829_ATL@PHI,2024-08-29,PHI,ATL,5,4,1.0,0.5015439399662497,0.5127,PHI,PHI,1
20240829_BAL@LAD,2024-08-29,LAD,BAL,6,3,1.0,0.5450580061735061,0.5466,LAD,LAD,1
20240829_KC@HOU,2024-08-29,HOU,KC,6,3,1.0,0.5299088320448451,0.5348,HOU,HOU,1
20240829_LAA@DET,2024-08-29,DET,LAA,0,3,0.0,0.5530819086977301,0.5528,DET,LAA,0
20240829_MIA@COL,2024-08-29,COL,MIA,8,12,0.0,0.6356362789944273,0.6178,COL,MIA,0
20240829_NYM@AZ,2024-08-29,AZ,NYM,2,3,0.0,0.587918269643465,0.5801,AZ,NYM,0
20240829_SD@STL,2024-08-29,STL,SD,4,1,1.0,0.43900023432042556,0.4637,SD,STL,0
20240829_SF@MIL,2024-08-29,MIL,SF,6,0,1.0,0.5448330619439941,0.5464,MIL,MIL,1
20240829_TEX@CWS,2024-08-29,CWS,TEX,1,2,0.0,0.40725301285660614,0.4385,TEX,TEX,1
20240829_TOR@BOS,2024-08-29,BOS,TOR,0,2,0.0,0.4738441182216062,0.491,TOR,TOR,1
20240828_ATH@CIN,2024-08-28,CIN,ATH,6,9,0.0,0.5068955655651968,0.5168,CIN,ATH,0
20240828_ATL@MIN,2024-08-28,MIN,ATL,1,5,0.0,0.5007609700338115,0.512,MIN,ATL,0
20240828_BAL@LAD,2024-08-28,LAD,BAL,6,4,1.0,0.4968093767589011,0.509,BAL,LAD,0
20240828_CHC@PIT,2024-08-28,PIT,CHC,10,14,0.0,0.6127741432832897,0.5997,PIT,CHC,0
20240828_HOU@PHI,2024-08-28,PHI,HOU,0,10,0.0,0.4893964732300555,0.5032,HOU,HOU,1
20240828_KC@CLE,2024-08-28,CLE,KC,7,5,1.0,0.5495360585137047,0.5501,CLE,CLE,1
20240828_LAA@DET,2024-08-28,DET,LAA,3,2,1.0,0.5303705383260362,0.5351,DET,DET,1
20240828_MIA@COL,2024-08-28,COL,MIA,8,2,1.0,0.5769835948780335,0.5715,COL,COL,1
20240828_NYM@AZ,2024-08-28,AZ,NYM,8,5,1.0,0.589278782144438,0.5812,AZ,AZ,1
20240828_NYY@WSH,2024-08-28,WSH,NYY,5,2,1.0,0.41014352459725184,0.4408,NYY,WSH,0
20240828_SD@STL,2024-08-28,STL,SD,4,3,1.0,0.47399011077106934,0.4911,SD,STL,0
20240828_SF@MIL,2024-08-28,MIL,SF,5,3,1.0,0.6009697978852576,0.5904,MIL,MIL,1
20240828_TB@SEA,2024-08-28,SEA,TB,6,2,1.0,0.5441177146296314,0.5459,SEA,SEA,1
20240828_TEX@CWS,2024-08-28,CWS,TEX,3,4,0.0,0.5530727297523337,0.5528,CWS,TEX,0
20240828_TOR@BOS,2024-08-28,BOS,TOR,3,0,1.0,0.5005171871816592,0.5119,BOS,BOS,1
20240827_ATH@CIN,2024-08-27,CIN,ATH,4,5,0.0,0.5661862508067721,0.5631,CIN,ATH,0
20240827_ATL@MIN,2024-08-27,MIN,ATL,6,8,0.0,0.520461869020785,0.5274,MIN,ATL,0
20240827_BAL@LAD,2024-08-27,LAD,BAL,2,3,0.0,0.5975381003974729,0.5877,LAD,BAL,0
20240827_CHC@PIT,2024-08-27,PIT,CHC,5,9,0.0,0.5510736782160445,0.5513,PIT,CHC,0
20240827_HOU@PHI,2024-08-27,PHI,HOU,5,0,1.0,0.5541113256865928,0.5536,PHI,PHI,1
20240827_KC@CLE,2024-08-27,CLE,KC,1,6,0.0,0.5482018677136676,0.549,CLE,KC,0
20240827_LAA@DET,2024-08-27,DET,LAA,6,2,1.0,0.654190219464239,0.6326,DET,DET,1
20240827_MIA@COL,2024-08-27,COL,MIA,8,9,0.0,0.571597406910415,0.5673,COL,MIA,0
20240827_NYM@AZ,2024-08-27,AZ,NYM,3,8,0.0,0.5292170492589771,0.5342,AZ,NYM,0
20240827_NYY@WSH,2024-08-27,WSH,NYY,4,2,1.0,0.32326745182425837,0.3703,NYY,WSH,0
20240827_SD@STL,2024-08-27,STL,SD,5,7,0.0,0.4591335369130782,0.4795,SD,SD,1
20240827_SF@MIL,2024-08-27,MIL,SF,4,5,0.0,0.5843133647921575,0.5773,MIL,SF,0
20240827_TB@SEA,2024-08-27,SEA,TB,2,3,0.0,0.5846898580914779,0.5776,SEA,TB,0
20240827_TEX@CWS,2024-08-27,CWS,TEX,1,3,0.0,0.4409162138112651,0.4652,TEX,TEX,1
20240827_TOR@BOS,2024-08-27,BOS,TOR,6,3,1.0,0.48628517133230165,0.5008,TOR,BOS,0
20240826_ATL@MIN,2024-08-26,MIN,ATL,6,10,0.0,0.47937476047763783,0.4954,ATL,ATL,1
20240826_CHC@PIT,2024-08-26,PIT,CHC,8,18,0.0,0.5521772835936626,0.5521,PIT,CHC,0
20240826_DET@CWS,2024-08-26,CWS,DET,3,6,0.0,0.37893996462404334,0.4159,DET,DET,1
20240826_HOU@PHI,2024-08-26,PHI,HOU,3,2,1.0,0.5274757294209041,0.5329,PHI,PHI,1
20240826_KC@CLE,2024-08-26,CLE,KC,3,4,0.0,0.4437528087138452,0.4674,KC,KC,1
20240826_KC@CLE,2024-08-26,CLE,KC,4,9,0.0,0.5181201929346292,0.5256,CLE,KC,0
20240826_MIA@COL,2024-08-26,COL,MIA,3,2,1.0,0.5172793797212819,0.5249,COL,COL,1
20240826_NYY@WSH,2024-08-26,WSH,NYY,2,5,0.0,0.42705878551908993,0.4543,NYY,NYY,1
20240826_SD@STL,2024-08-26,STL,SD,4,7,0.0,0.41605847810899804,0.4455,SD,SD,1
20240826_TB@SEA,2024-08-26,SEA,TB,5,1,1.0,0.6190039725240718,0.6046,SEA,SEA,1
20240826_TOR@BOS,2024-08-26,BOS,TOR,3,7,0.0,0.4829438778995243,0.4981,TOR,TOR,1
20240825_AZ@BOS,2024-08-25,BOS,AZ,5,7,0.0,0.5024612283772447,0.5151,BOS,AZ,0
20240825_CHC@MIA,2024-08-25,MIA,CHC,7,2,1.0,0.4503365692038992,0.4792,CHC,MIA,0
20240825_CIN@PIT,2024-08-25,PIT,CIN,4,3,1.0,0.5045257206816738,0.5165,PIT,PIT,1
20240825_COL@NYY,2024-08-25,NYY,COL,10,3,1.0,0.6195314911361549,0.5959,NYY,NYY,1
20240825_DET@CWS,2024-08-25,CWS,DET,4,9,0.0,0.4018578434251872,0.4454,DET,DET,1
20240825_HOU@BAL,2024-08-25,BAL,HOU,3,6,0.0,0.4678905486116486,0.4913,HOU,HOU,1
20240825_LAA@TOR,2024-08-25,TOR,LAA,8,2,1.0,0.5781803146612888,0.5672,TOR,TOR,1
20240825_MIL@ATH,2024-08-25,ATH,MIL,4,3,1.0,0.5057047303289689,0.5173,ATH,ATH,1
20240825_NYM@SD,2024-08-25,SD,NYM,3,2,1.0,0.5006523961680985,0.5139,SD,SD,1
20240825_PHI@KC,2024-08-25,KC,PHI,3,11,0.0,0.5527858289270563,0.5497,KC,PHI,0
20240825_SF@SEA,2024-08-25,SEA,SF,4,3,1.0,0.581222436989275,0.5693,SEA,SEA,1
20240825_STL@MIN,2024-08-25,MIN,STL,2,3,0.0,0.5673310200273471,0.5597,MIN,STL,0
20240825_TB@LAD,2024-08-25,LAD,TB,3,1,1.0,0.6625531932018416,0.6265,LAD,LAD,1
20240825_TEX@CLE,2024-08-25,CLE,TEX,4,2,1.0,0.5946604251070161,0.5786,CLE,CLE,1
20240825_WSH@ATL,2024-08-25,ATL,WSH,1,5,0.0,0.5374205560315646,0.5391,ATL,WSH,0
20240824_AZ@BOS,2024-08-24,BOS,AZ,1,4,0.0,0.4989995524464716,0.5127,AZ,AZ,1
20240824_CHC@MIA,2024-08-24,MIA,CHC,2,14,0.0,0.5145924549207754,0.5234,MIA,CHC,0
20240824_CIN@PIT,2024-08-24,PIT,CIN,2,10,0.0,0.4532790193337094,0.4813,CIN,CIN,1
20240824_COL@NYY,2024-08-24,NYY,COL,2,9,0.0,0.6603085790106489,0.6249,NYY,COL,0
20240824_DET@CWS,2024-08-24,CWS,DET,4,13,0.0,0.4092050389542959,0.4505,DET,DET,1
20240824_HOU@BAL,2024-08-24,BAL,HOU,3,2,1.0,0.5150655294864113,0.5238,BAL,BAL,1
20240824_LAA@TOR,2024-08-24,TOR,LAA,3,1,1.0,0.5523261392831113,0.5493,TOR,TOR,1
20240824_MIL@ATH,2024-08-24,ATH,MIL,5,9,0.0,0.5114652561688288,0.5213,ATH,MIL,0
20240824_NYM@SD,2024-08-24,SD,NYM,1,7,0.0,0.5130267030450611,0.5224,SD,NYM,0
20240824_PHI@KC,2024-08-24,KC,PHI,2,11,0.0,0.5601563052014514,0.5547,KC,PHI,0
20240824_SF@SEA,2024-08-24,SEA,SF,3,4,0.0,0.5508049541070952,0.5483,SEA,SF,0
20240824_STL@MIN,2024-08-24,MIN,STL,6,0,1.0,0.5625426436511668,0.5564,MIN,MIN,1
20240824_TB@LAD,2024-08-24,LAD,TB,8,9,0.0,0.5543586906519584,0.5507,LAD,TB,0
20240824_TEX@CLE,2024-08-24,CLE,TEX,13,5,1.0,0.5889655045633208,0.5746,CLE,CLE,1
20240824_WSH@ATL,2024-08-24,ATL,WSH,4,2,1.0,0.56331991741341,0.5569,ATL,ATL,1
20240823_AZ@BOS,2024-08-23,BOS,AZ,2,12,0.0,0.4649416242425128,0.4893,AZ,AZ,1
20240823_CHC@MIA,2024-08-23,MIA,CHC,3,6,0.0,0.5382746059063915,0.5397,MIA,CHC,0
20240823_CIN@PIT,2024-08-23,PIT,CIN,6,5,1.0,0.5648349033489515,0.5579,PIT,PIT,1
20240823_COL@NYY,2024-08-23,NYY,COL,3,0,1.0,0.6867962842034699,0.6441,NYY,NYY,1
20240823_DET@CWS,2024-08-23,CWS,DET,2,5,0.0,0.3756581441650367,0.4267,DET,DET,1
20240823_HOU@BAL,2024-08-23,BAL,HOU,7,5,1.0,0.43300650743649083,0.4672,HOU,BAL,0
20240823_LAA@TOR,2024-08-23,TOR,LAA,5,4,1.0,0.5646625130778324,0.5578,TOR,TOR,1
20240823_MIL@ATH,2024-08-23,ATH,MIL,3,11,0.0,0.5273726372743966,0.5322,ATH,MIL,0
20240823_NYM@SD,2024-08-23,SD,NYM,7,0,1.0,0.522420319436361,0.5288,SD,SD,1
20240823_PHI@KC,2024-08-23,KC,PHI,7,4,1.0,0.5326777422548784,0.5358,KC,KC,1
20240823_SF@SEA,2024-08-23,SEA,SF,6,5,1.0,0.5768634669772701,0.5663,SEA,SEA,1
20240823_STL@MIN,2024-08-23,MIN,STL,1,6,0.0,0.6505698981882357,0.6179,MIN,STL,0
20240823_TB@LAD,2024-08-23,LAD,TB,7,3,1.0,0.5481745364570422,0.5465,LAD,LAD,1
20240823_TEX@CLE,2024-08-23,CLE,TEX,3,5,0.0,0.5967197087780465,0.58,CLE,TEX,0
20240823_WSH@ATL,2024-08-23,ATL,WSH,3,2,1.0,0.6016504066909361,0.5834,ATL,ATL,1
20240822_CIN@PIT,2024-08-22,PIT,CIN,7,0,1.0,0.5154158847213205,0.524,PIT,PIT,1
20240822_CLE@NYY,2024-08-22,NYY,CLE,6,0,1.0,0.5759473940717283,0.5656,NYY,NYY,1
20240822_COL@WSH,2024-08-22,WSH,COL,8,3,1.0,0.5512374094099414,0.5486,WSH,WSH,1
20240822_DET@CHC,2024-08-22,CHC,DET,10,2,1.0,0.5814376390972927,0.5694,CHC,CHC,1
20240822_HOU@BAL,2024-08-22,BAL,HOU,0,6,0.0,0.5058532170706885,0.5174,BAL,HOU,0
20240822_LAA@TOR,2024-08-22,TOR,LAA,5,3,1.0,0.5129735209505417,0.5223,TOR,TOR,1
20240822_MIL@STL,2024-08-22,STL,MIL,3,0,1.0,0.4791891147278401,0.4991,MIL,STL,0
20240822_NYM@SD,2024-08-22,SD,NYM,3,8,0.0,0.4930455684594413,0.5086,NYM,NYM,1
20240822_PHI@ATL,2024-08-22,ATL,PHI,3,2,1.0,0.581475870435667,0.5694,ATL,ATL,1
20240822_TB@ATH,2024-08-22,ATH,TB,3,1,1.0,0.5234114962888903,0.5295,ATH,ATH,1
20240821_AZ@MIA,2024-08-21,MIA,AZ,8,10,0.0,0.43508382360000425,0.4686,AZ,AZ,1
20240821_BAL@NYM,2024-08-21,NYM,BAL,4,3,1.0,0.5458313518266565,0.5449,NYM,NYM,1
20240821_BOS@HOU,2024-08-21,HOU,BOS,1,4,0.0,0.5659046623014972,0.5587,HOU,BOS,0
20240821_CIN@TOR,2024-08-21,TOR,CIN,7,11,0.0,0.5057288139475515,0.5174,TOR,CIN,0
20240821_CLE@NYY,2024-08-21,NYY,CLE,8,1,1.0,0.592409319668634,0.577,NYY,NYY,1
20240821_COL@WSH,2024-08-21,WSH,COL,6,1,1.0,0.595575346458048,0.5792,WSH,WSH,1
20240821_CWS@SF,2024-08-21,SF,CWS,2,6,0.0,0.6894063885535023,0.646,SF,CWS,0
20240821_DET@CHC,2024-08-21,CHC,DET,2,8,0.0,0.45664555287492126,0.4836,DET,DET,1
20240821_LAA@KC,2024-08-21,KC,LAA,3,0,1.0,0.5736602425273913,0.564,KC,KC,1
20240821_MIL@STL,2024-08-21,STL,MIL,10,6,1.0,0.47955019005898825,0.4994,MIL,STL,0
20240821_MIN@SD,2024-08-21,SD,MIN,4,11,0.0,0.49966786878331443,0.5132,MIN,MIN,1
20240821_PHI@ATL,2024-08-21,ATL,PHI,2,3,0.0,0.518921756992987,0.5264,ATL,PHI,0
20240821_PIT@TEX,2024-08-21,TEX,PIT,1,0,1.0,0.5639480729704266,0.5573,TEX,TEX,1
20240821_SEA@LAD,2024-08-21,LAD,SEA,8,4,1.0,0.575457490860006,0.5653,LAD,LAD,1
20240821_TB@ATH,2024-08-21,ATH,TB,2,4,0.0,0.46966417225947366,0.4926,TB,TB,1
20240820_AZ@MIA,2024-08-20,MIA,AZ,1,3,0.0,0.44097332073592405,0.4727,AZ,AZ,1
20240820_BAL@NYM,2024-08-20,NYM,BAL,5,9,0.0,0.5083000130439567,0.5191,NYM,BAL,0
20240820_BOS@HOU,2024-08-20,HOU,BOS,5,6,0.0,0.4351897356636266,0.4687,BOS,BOS,1
20240820_CIN@TOR,2024-08-20,TOR,CIN,10,3,1.0,0.47742995476650035,0.4979,CIN,TOR,0
20240820_CLE@NYY,2024-08-20,NYY,CLE,5,9,0.0,0.5662300446801363,0.5589,NYY,CLE,0
20240820_COL@WSH,2024-08-20,WSH,COL,1,3,0.0,0.6210760583019636,0.597,WSH,COL,0
20240820_CWS@SF,2024-08-20,SF,CWS,4,1,1.0,0.7003897297801056,0.6541,SF,SF,1
20240820_DET@CHC,2024-08-20,CHC,DET,3,1,1.0,0.4988319351200106,0.5126,DET,CHC,0
20240820_LAA@KC,2024-08-20,KC,LAA,5,9,0.0,0.6008362318181674,0.5829,KC,LAA,0
20240820_MIL@STL,2024-08-20,STL,MIL,2,3,0.0,0.4665587290071972,0.4904,MIL,MIL,1
20240820_MIN@SD,2024-08-20,SD,MIN,7,5,1.0,0.4726386517134135,0.4946,MIN,SD,0
20240820_PHI@ATL,2024-08-20,ATL,PHI,3,1,1.0,0.5086435087220077,0.5194,ATL,ATL,1
20240820_PIT@TEX,2024-08-20,TEX,PIT,0,4,0.0,0.5354078522414939,0.5377,TEX,PIT,0
20240820_SEA@LAD,2024-08-20,LAD,SEA,6,3,1.0,0.5167885924126293,0.5249,LAD,LAD,1
20240820_TB@ATH,2024-08-20,ATH,TB,0,1,0.0,0.5244373048291121,0.5302,ATH,TB,0
20240819_AZ@MIA,2024-08-19,MIA,AZ,6,9,0.0,0.4269026110927103,0.4629,AZ,AZ,1
20240819_BAL@NYM,2024-08-19,NYM,BAL,4,3,1.0,0.5324023074977898,0.5357,NYM,NYM,1
20240819_BOS@HOU,2024-08-19,HOU,BOS,5,4,1.0,0.557283378860666,0.5527,HOU,HOU,1
20240819_CIN@TOR,2024-08-19,TOR,CIN,3,6,0.0,0.4877250292285964,0.505,CIN,CIN,1
20240819_CWS@SF,2024-08-19,SF,CWS,5,3,1.0,0.731553841079881,0.6775,SF,SF,1
20240819_LAA@KC,2024-08-19,KC,LAA,5,3,1.0,0.6038936273198031,0.585,KC,KC,1
20240819_MIN@SD,2024-08-19,SD,MIN,5,3,1.0,0.5553483386937572,0.5514,SD,SD,1
20240819_PIT@TEX,2024-08-19,TEX,PIT,4,3,1.0,0.5088930415149892,0.5195,TEX,TEX,1
20240819_SEA@LAD,2024-08-19,LAD,SEA,3,0,1.0,0.5642726509710985,0.5576,LAD,LAD,1
20240819_TB@ATH,2024-08-19,ATH,TB,3,0,1.0,0.5114931245950349,0.5213,ATH,ATH,1
20240818_ATL@LAA,2024-08-18,LAA,ATL,1,3,0.0,0.5068379767295376,0.5153,LAA,ATL,0
20240818_AZ@TB,2024-08-18,TB,AZ,8,7,1.0,0.4836599383388613,0.4998,AZ,TB,0
20240818_BOS@BAL,2024-08-18,BAL,BOS,4,2,1.0,0.4865791169402915,0.5018,BOS,BAL,0
20240818_CLE@MIL,2024-08-18,MIL,CLE,2,0,1.0,0.5572954361346631,0.549,MIL,MIL,1
20240818_CWS@HOU,2024-08-18,HOU,CWS,2,0,1.0,0.6331110009847081,0.6005,HOU,HOU,1
20240818_KC@CIN,2024-08-18,CIN,KC,1,8,0.0,0.49118111194001796,0.5048,KC,KC,1
20240818_LAD@STL,2024-08-18,STL,LAD,1,2,0.0,0.5638668715714845,0.5534,STL,LAD,0
20240818_MIA@NYM,2024-08-18,NYM,MIA,2,3,0.0,0.6049865193037176,0.5812,NYM,MIA,0
20240818_MIN@TEX,2024-08-18,TEX,MIN,6,5,1.0,0.5110667239893073,0.5181,TEX,TEX,1
20240818_NYY@DET,2024-08-18,DET,NYY,3,2,1.0,0.4440430711119932,0.4732,NYY,DET,0
20240818_SD@COL,2024-08-18,COL,SD,3,2,1.0,0.5059356766749203,0.5147,COL,COL,1
20240818_SEA@PIT,2024-08-18,PIT,SEA,3,10,0.0,0.4437665271501384,0.473,SEA,SEA,1
20240818_SF@ATH,2024-08-18,ATH,SF,2,4,0.0,0.4930216492551351,0.5061,SF,SF,1
20240818_TOR@CHC,2024-08-18,CHC,TOR,0,1,0.0,0.5263609385140663,0.5283,CHC,TOR,0
20240818_WSH@PHI,2024-08-18,PHI,WSH,4,6,0.0,0.5774256169307656,0.5626,PHI,WSH,0
20240817_ATL@LAA,2024-08-17,LAA,ATL,3,11,0.0,0.44602434396715074,0.4745,ATL,ATL,1
20240817_AZ@TB,2024-08-17,TB,AZ,6,1,1.0,0.47651114272716644,0.495,AZ,TB,0
20240817_BOS@BAL,2024-08-17,BAL,BOS,1,5,0.0,0.4700494908268592,0.4907,BOS,BOS,1
20240817_CLE@MIL,2024-08-17,MIL,CLE,2,1,1.0,0.5448143690302953,0.5407,MIL,MIL,1
20240817_CWS@HOU,2024-08-17,HOU,CWS,6,1,1.0,0.6740248407465446,0.6291,HOU,HOU,1
20240817_KC@CIN,2024-08-17,CIN,KC,1,13,0.0,0.5256691232557273,0.5279,CIN,KC,0
20240817_LAD@STL,2024-08-17,STL,LAD,5,2,1.0,0.4999756448559109,0.5107,LAD,STL,0
20240817_MIA@NYM,2024-08-17,NYM,MIA,4,0,1.0,0.6169600817201655,0.5894,NYM,NYM,1
20240817_MIN@TEX,2024-08-17,TEX,MIN,2,5,0.0,0.5061030655572009,0.5148,TEX,MIN,0
20240817_NYY@DET,2024-08-17,DET,NYY,4,0,1.0,0.3729480442389549,0.4245,NYY,DET,0
20240817_SD@COL,2024-08-17,COL,SD,3,8,0.0,0.46248614958056394,0.4856,SD,SD,1
20240817_SEA@PIT,2024-08-17,PIT,SEA,7,2,1.0,0.4578686818529467,0.4825,SEA,PIT,0
20240817_SF@ATH,2024-08-17,ATH,SF,2,0,1.0,0.526286006071142,0.5283,ATH,ATH,1
20240817_TOR@CHC,2024-08-17,CHC,TOR,3,2,1.0,0.5550019027667258,0.5475,CHC,CHC,1
20240817_WSH@PHI,2024-08-17,PHI,WSH,5,1,1.0,0.5780314094891369,0.563,PHI,PHI,1
20240816_ATL@LAA,2024-08-16,LAA,ATL,3,2,1.0,0.5106149556864701,0.5178,LAA,LAA,1
20240816_AZ@TB,2024-08-16,TB,AZ,5,4,1.0,0.41906875205426986,0.4563,AZ,TB,0
20240816_BOS@BAL,2024-08-16,BAL,BOS,10,12,0.0,0.4146472403854125,0.4533,BOS,BOS,1
20240816_CLE@MIL,2024-08-16,MIL,CLE,5,3,1.0,0.4882902627377868,0.5029,CLE,MIL,0
20240816_CWS@HOU,2024-08-16,HOU,CWS,4,5,0.0,0.6320362650600322,0.5997,HOU,CWS,0
20240816_KC@CIN,2024-08-16,CIN,KC,1,7,0.0,0.5082285192931457,0.5162,CIN,KC,0
20240816_LAD@STL,2024-08-16,STL,LAD,6,7,0.0,0.46322586913373237,0.4861,LAD,LAD,1
20240816_MIA@NYM,2024-08-16,NYM,MIA,7,3,1.0,0.5831521394718733,0.5664,NYM,NYM,1
20240816_MIN@TEX,2024-08-16,TEX,MIN,3,4,0.0,0.5097911015742842,0.5173,TEX,MIN,0
20240816_NYY@DET,2024-08-16,DET,NYY,0,3,0.0,0.44594967888412673,0.4745,NYY,NYY,1
20240816_SD@COL,2024-08-16,COL,SD,7,3,1.0,0.5403302204296246,0.5377,COL,COL,1
20240816_SEA@PIT,2024-08-16,PIT,SEA,5,3,1.0,0.5107448511968864,0.5179,PIT,PIT,1
20240816_TOR@CHC,2024-08-16,CHC,TOR,6,5,1.0,0.461271617406231,0.4848,TOR,CHC,0
20240816_WSH@PHI,2024-08-16,PHI,WSH,3,2,1.0,0.6015544507431402,0.5789,PHI,PHI,1
20240815_ATH@NYM,2024-08-15,NYM,ATH,6,7,0.0,0.6058806326139321,0.5818,NYM,ATH,0
20240815_ATL@SF,2024-08-15,SF,ATL,6,0,1.0,0.5280376952703641,0.5295,SF,SF,1
20240815_BOS@BAL,2024-08-15,BAL,BOS,5,1,1.0,0.47140052810796174,0.4916,BOS,BAL,0
20240815_LAD@MIL,2024-08-15,MIL,LAD,6,4,1.0,0.5367575779153626,0.5353,MIL,MIL,1
20240815_MIN@TEX,2024-08-15,TEX,MIN,2,3,0.0,0.5002178633747709,0.5109,TEX,MIN,0
20240815_SEA@DET,2024-08-15,DET,SEA,2,1,1.0,0.4802471272232513,0.4975,SEA,DET,0
20240815_WSH@PHI,2024-08-15,PHI,WSH,13,3,1.0,0.5832226731811078,0.5665,PHI,PHI,1
20240814_ATH@NYM,2024-08-14,NYM,ATH,9,1,1.0,0.559107169237426,0.5502,NYM,NYM,1
20240814_ATL@SF,2024-08-14,SF,ATL,2,13,0.0,0.5461614113885149,0.5416,SF,ATL,0
20240814_CHC@CLE,2024-08-14,CLE,CHC,6,1,1.0,0.5223529818814918,0.5257,CLE,CLE,1
20240814_COL@AZ,2024-08-14,AZ,COL,11,4,1.0,0.613085473247238,0.5867,AZ,AZ,1
20240814_HOU@TB,2024-08-14,TB,HOU,1,2,0.0,0.4530946541970376,0.4793,HOU,HOU,1
20240814_KC@MIN,2024-08-14,MIN,KC,1,4,0.0,0.5128419559360421,0.5193,MIN,KC,0
20240814_LAD@MIL,2024-08-14,MIL,LAD,5,4,1.0,0.6070722207909692,0.5826,MIL,MIL,1
20240814_MIA@PHI,2024-08-14,PHI,MIA,9,5,1.0,0.5771568359044424,0.5624,PHI,PHI,1
20240814_NYY@CWS,2024-08-14,CWS,NYY,2,10,0.0,0.3359210023930954,0.3983,NYY,NYY,1
20240814_PIT@SD,2024-08-14,SD,PIT,8,2,1.0,0.5140400627491468,0.5201,SD,SD,1
20240814_SEA@DET,2024-08-14,DET,SEA,3,2,1.0,0.4621170310792455,0.4854,SEA,DET,0
20240814_STL@CIN,2024-08-14,CIN,STL,9,2,1.0,0.5499189321853687,0.5441,CIN,CIN,1
20240814_TEX@BOS,2024-08-14,BOS,TEX,7,9,0.0,0.5633378557282624,0.5531,BOS,TEX,0
20240814_TOR@LAA,2024-08-14,LAA,TOR,2,9,0.0,0.5268821311476469,0.5287,LAA,TOR,0
20240814_WSH@BAL,2024-08-14,BAL,WSH,4,1,1.0,0.47679159572030844,0.4952,WSH,BAL,0
20240813_ATH@NYM,2024-08-13,NYM,ATH,4,9,0.0,0.5384038343222293,0.5364,NYM,ATH,0
20240813_ATL@SF,2024-08-13,SF,ATL,3,4,0.0,0.5004927560158968,0.5111,SF,ATL,0
20240813_CHC@CLE,2024-08-13,CLE,CHC,2,1,1.0,0.505968354227113,0.5147,CLE,CLE,1
20240813_COL@AZ,2024-08-13,AZ,COL,4,3,1.0,0.608438691788926,0.5836,AZ,AZ,1
20240813_HOU@TB,2024-08-13,TB,HOU,2,3,0.0,0.4837280840935379,0.4999,HOU,HOU,1
20240813_KC@MIN,2024-08-13,MIN,KC,13,3,1.0,0.5120727599284884,0.5188,MIN,MIN,1
20240813_LAD@MIL,2024-08-13,MIL,LAD,2,7,0.0,0.5788635851572518,0.5635,MIL,LAD,0
20240813_MIA@PHI,2024-08-13,PHI,MIA,0,5,0.0,0.5964510791340552,0.5754,PHI,MIA,0
20240813_NYY@CWS,2024-08-13,CWS,NYY,1,4,0.0,0.3570391612492019,0.4134,NYY,NYY,1
20240813_PIT@SD,2024-08-13,SD,PIT,3,0,1.0,0.5614113454549089,0.5518,SD,SD,1
20240813_SEA@DET,2024-08-13,DET,SEA,15,1,1.0,0.5043685579634142,0.5136,DET,DET,1
20240813_STL@CIN,2024-08-13,CIN,STL,4,1,1.0,0.5370056421131495,0.5354,CIN,CIN,1
20240813_TEX@BOS,2024-08-13,BOS,TEX,9,4,1.0,0.5479249282555936,0.5427,BOS,BOS,1
20240813_TOR@LAA,2024-08-13,LAA,TOR,1,6,0.0,0.5541441809587621,0.5469,LAA,TOR,0
20240813_WSH@BAL,2024-08-13,BAL,WSH,3,9,0.0,0.5338215660891084,0.5333,BAL,WSH,0
20240812_ATL@SF,2024-08-12,SF,ATL,0,1,0.0,0.49357862653186924,0.5064,ATL,ATL,1
20240812_CHC@CLE,2024-08-12,CLE,CHC,9,8,1.0,0.5442827496092132,0.5403,CLE,CLE,1
20240812_COL@AZ,2024-08-12,AZ,COL,5,4,1.0,0.6628740905942068,0.6212,AZ,AZ,1
20240812_HOU@TB,2024-08-12,TB,HOU,1,6,0.0,0.522072261270779,0.5255,TB,HOU,0
20240812_KC@MIN,2024-08-12,MIN,KC,8,3,1.0,0.5747044603488449,0.5607,MIN,MIN,1
20240812_LAD@MIL,2024-08-12,MIL,LAD,2,5,0.0,0.5499971421868951,0.5441,MIL,LAD,0
20240812_NYY@CWS,2024-08-12,CWS,NYY,12,2,1.0,0.2960717964202793,0.3692,NYY,CWS,0
20240812_PIT@SD,2024-08-12,SD,PIT,2,1,1.0,0.5402479316995678,0.5376,SD,SD,1
20240812_STL@CIN,2024-08-12,CIN,STL,6,1,1.0,0.5197715286229778,0.5239,CIN,CIN,1
20240812_TEX@BOS,2024-08-12,BOS,TEX,5,4,1.0,0.5892333707887467,0.5705,BOS,BOS,1
20240812_TOR@LAA,2024-08-12,LAA,TOR,2,4,0.0,0.5394269802892285,0.5371,LAA,TOR,0
20240811_ATH@TOR,2024-08-11,TOR,ATH,4,8,0.0,0.568801602600045,0.5619,TOR,ATH,0
20240811_ATL@COL,2024-08-11,COL,ATL,9,8,1.0,0.5025781468636025,0.5199,COL,COL,1
20240811_BAL@TB,2024-08-11,TB,BAL,2,1,1.0,0.47146999601972434,0.5002,BAL,TB,0
20240811_CIN@MIL,2024-08-11,MIL,CIN,3,4,0.0,0.49546072707074396,0.5154,CIN,CIN,1
20240811_CLE@MIN,2024-08-11,MIN,CLE,3,5,0.0,0.5691498499949469,0.5621,MIN,CLE,0
20240811_DET@SF,2024-08-11,SF,DET,4,5,0.0,0.5922218381962407,0.5768,SF,DET,0
20240811_HOU@BOS,2024-08-11,BOS,HOU,2,10,0.0,0.5344644363435893,0.5401,BOS,HOU,0
20240811_LAA@WSH,2024-08-11,WSH,LAA,4,6,0.0,0.5858043120005184,0.5727,WSH,LAA,0
20240811_NYM@SEA,2024-08-11,SEA,NYM,12,1,1.0,0.50778980186046,0.5232,SEA,SEA,1
20240811_PHI@AZ,2024-08-11,AZ,PHI,12,5,1.0,0.49391990753789583,0.5144,PHI,AZ,0
20240811_PIT@LAD,2024-08-11,LAD,PIT,6,5,1.0,0.5776407473117036,0.5675,LAD,LAD,1
20240811_SD@MIA,2024-08-11,MIA,SD,7,6,1.0,0.47883310169713256,0.5049,SD,MIA,0
20240811_TEX@NYY,2024-08-11,NYY,TEX,8,7,1.0,0.5703759532997286,0.5629,NYY,NYY,1
20240810_ATH@TOR,2024-08-10,TOR,ATH,0,1,0.0,0.5912528121932921,0.5762,TOR,ATH,0
20240810_ATL@COL,2024-08-10,COL,ATL,8,11,0.0,0.4778978178374961,0.5043,ATL,ATL,1
20240810_BAL@TB,2024-08-10,TB,BAL,5,7,0.0,0.47605743760785363,0.5031,BAL,BAL,1
20240810_CHC@CWS,2024-08-10,CWS,CHC,1,3,0.0,0.44683084778897064,0.4845,CHC,CHC,1
20240810_CIN@MIL,2024-08-10,MIL,CIN,1,0,1.0,0.5918749637739923,0.5766,MIL,MIL,1
20240810_CLE@MIN,2024-08-10,MIN,CLE,1,2,0.0,0.5397280535002079,0.5434,MIN,CLE,0
20240810_DET@SF,2024-08-10,SF,DET,3,1,1.0,0.5622218056837915,0.5577,SF,SF,1
20240810_HOU@BOS,2024-08-10,BOS,HOU,4,5,0.0,0.5162716285423588,0.5286,BOS,HOU,0
20240810_LAA@WSH,2024-08-10,WSH,LAA,5,4,1.0,0.5564158673076433,0.554,WSH,WSH,1
20240810_NYM@SEA,2024-08-10,SEA,NYM,4,0,1.0,0.5319118431495815,0.5385,SEA,SEA,1
20240810_PHI@AZ,2024-08-10,AZ,PHI,11,1,1.0,0.4840598505381707,0.5082,PHI,AZ,0
20240810_PIT@LAD,2024-08-10,LAD,PIT,4,1,1.0,0.5266115282464853,0.5351,LAD,LAD,1
20240810_SD@MIA,2024-08-10,MIA,SD,8,9,0.0,0.5610530897474545,0.5569,MIA,SD,0
20240810_STL@KC,2024-08-10,KC,STL,8,3,1.0,0.5853501824991172,0.5724,KC,KC,1
20240810_TEX@NYY,2024-08-10,NYY,TEX,8,0,1.0,0.6456228796884443,0.6114,NYY,NYY,1
20240810_TEX@NYY,2024-08-10,NYY,TEX,4,9,0.0,0.6473212498364138,0.6126,NYY,TEX,0
20240809_ATH@TOR,2024-08-09,TOR,ATH,3,1,1.0,0.6198725521678217,0.5946,TOR,TOR,1
20240809_ATL@COL,2024-08-09,COL,ATL,6,5,1.0,0.4799894632499723,0.5056,ATL,COL,0
20240809_BAL@TB,2024-08-09,TB,BAL,1,4,0.0,0.4542260999459618,0.4892,BAL,BAL,1
20240809_CHC@CWS,2024-08-09,CWS,CHC,6,7,0.0,0.49358163836025376,0.5142,CHC,CHC,1
20240809_CIN@MIL,2024-08-09,MIL,CIN,8,3,1.0,0.6020532268305908,0.5831,MIL,MIL,1
20240809_CLE@MIN,2024-08-09,MIN,CLE,6,3,1.0,0.5170610062707625,0.5291,MIN,MIN,1
20240809_CLE@MIN,2024-08-09,MIN,CLE,4,2,1.0,0.5767108843256751,0.5669,MIN,MIN,1
20240809_DET@SF,2024-08-09,SF,DET,3,2,1.0,0.6222783446775071,0.5962,SF,SF,1
20240809_HOU@BOS,2024-08-09,BOS,HOU,4,8,0.0,0.5376662838895541,0.5421,BOS,HOU,0
20240809_LAA@WSH,2024-08-09,WSH,LAA,3,2,1.0,0.5170825449552667,0.5291,WSH,WSH,1
20240809_NYM@SEA,2024-08-09,SEA,NYM,6,0,1.0,0.5096135600959788,0.5244,SEA,SEA,1
20240809_PHI@AZ,2024-08-09,AZ,PHI,3,2,1.0,0.49904486886057814,0.5177,PHI,AZ,0
20240809_PIT@LAD,2024-08-09,LAD,PIT,9,5,1.0,0.573496202298761,0.5649,LAD,LAD,1
20240809_SD@MIA,2024-08-09,MIA,SD,2,6,0.0,0.5817085372545985,0.5701,MIA,SD,0
20240809_STL@KC,2024-08-09,KC,STL,5,8,0.0,0.5839805369483627,0.5715,KC,STL,0
20240808_BAL@TOR,2024-08-08,TOR,BAL,7,6,1.0,0.5205032380799792,0.5313,TOR,TOR,1
20240808_CIN@MIA,2024-08-08,MIA,CIN,4,10,0.0,0.4188818235693104,0.4665,CIN,CIN,1
20240808_DET@SEA,2024-08-08,SEA,DET,4,3,1.0,0.6295376539645571,0.6009,SEA,SEA,1
20240808_LAA@NYY,2024-08-08,NYY,LAA,4,9,0.0,0.6186320123801979,0.5938,NYY,LAA,0
20240808_MIL@ATL,2024-08-08,ATL,MIL,7,16,0.0,0.5171222322276579,0.5291,ATL,MIL,0
20240808_NYM@COL,2024-08-08,COL,NYM,1,9,0.0,0.4556625568739713,0.4901,NYM,NYM,1
20240808_PHI@AZ,2024-08-08,AZ,PHI,4,6,0.0,0.47051074439921453,0.4996,PHI,PHI,1
20240808_SD@PIT,2024-08-08,PIT,SD,6,7,0.0,0.5309425695241576,0.5379,PIT,SD,0
20240808_SF@WSH,2024-08-08,WSH,SF,5,9,0.0,0.5477535598590773,0.5485,WSH,SF,0
20240808_TB@STL,2024-08-08,STL,TB,4,6,0.0,0.49739420828764447,0.5166,TB,TB,1
20240807_AZ@CLE,2024-08-07,CLE,AZ,3,7,0.0,0.5206524055555425,0.5314,CLE,AZ,0
20240807_AZ@CLE,2024-08-07,CLE,AZ,3,5,0.0,0.522337118617416,0.5324,CLE,AZ,0
20240807_BAL@TOR,2024-08-07,TOR,BAL,3,7,0.0,0.4563216302777639,0.4905,BAL,BAL,1
20240807_BOS@KC,2024-08-07,KC,BOS,8,4,1.0,0.5628027098904168,0.5581,KC,KC,1
20240807_CIN@MIA,2024-08-07,MIA,CIN,6,4,1.0,0.5017058789326935,0.5194,MIA,MIA,1
20240807_CWS@ATH,2024-08-07,ATH,CWS,3,2,1.0,0.6424356732025642,0.6093,ATH,ATH,1
20240807_DET@SEA,2024-08-07,SEA,DET,2,6,0.0,0.5440995225948131,0.5462,SEA,DET,0
20240807_HOU@TEX,2024-08-07,TEX,HOU,4,6,0.0,0.6051370331790298,0.5851,TEX,HOU,0
20240807_LAA@NYY,2024-08-07,NYY,LAA,5,2,1.0,0.6320904287420446,0.6026,NYY,NYY,1
20240807_LAA@NYY,2024-08-07,NYY,LAA,2,8,0.0,0.6134683574048309,0.5905,NYY,LAA,0
20240807_MIL@ATL,2024-08-07,ATL,MIL,5,8,0.0,0.52095265994807,0.5315,ATL,MIL,0
20240807_MIN@CHC,2024-08-07,CHC,MIN,8,2,1.0,0.44462991618999537,0.4831,MIN,CHC,0
20240807_NYM@COL,2024-08-07,COL,NYM,3,5,0.0,0.5152356333805361,0.5279,COL,NYM,0
20240807_PHI@LAD,2024-08-07,LAD,PHI,4,9,0.0,0.5262523500045523,0.5349,LAD,PHI,0
20240807_SD@PIT,2024-08-07,PIT,SD,8,9,0.0,0.49064024850909993,0.5124,SD,SD,1
20240807_SF@WSH,2024-08-07,WSH,SF,4,7,0.0,0.5098078910108942,0.5245,WSH,SF,0
20240807_TB@STL,2024-08-07,STL,TB,5,2,1.0,0.4879985324578222,0.5107,TB,STL,0
20240806_BAL@TOR,2024-08-06,TOR,BAL,5,2,1.0,0.4755260975681647,0.5028,BAL,TOR,0
20240806_BOS@KC,2024-08-06,KC,BOS,5,6,0.0,0.5031317302687294,0.5203,KC,BOS,0
20240806_CIN@MIA,2024-08-06,MIA,CIN,2,8,0.0,0.41986882137041975,0.4671,CIN,CIN,1
20240806_CWS@ATH,2024-08-06,ATH,CWS,1,5,0.0,0.6404937171782127,0.6081,ATH,CWS,0
20240806_DET@SEA,2024-08-06,SEA,DET,2,4,0.0,0.6082755883055782,0.5871,SEA,DET,0
20240806_HOU@TEX,2024-08-06,TEX,HOU,2,4,0.0,0.5484451600918389,0.5489,TEX,HOU,0
20240806_MIL@ATL,2024-08-06,ATL,MIL,0,10,0.0,0.49995681120499447,0.5183,MIL,MIL,1
20240806_MIN@CHC,2024-08-06,CHC,MIN,7,3,1.0,0.47924008050679096,0.5051,MIN,CHC,0
20240806_NYM@COL,2024-08-06,COL,NYM,6,3,1.0,0.4715216475236191,0.5002,NYM,COL,0
20240806_PHI@LAD,2024-08-06,LAD,PHI,2,6,0.0,0.4020226354864582,0.4555,PHI,PHI,1
20240806_SD@PIT,2024-08-06,PIT,SD,0,6,0.0,0.4614343414687926,0.4938,SD,SD,1
20240806_SF@WSH,2024-08-06,WSH,SF,11,5,1.0,0.50867281895528,0.5238,WSH,WSH,1
20240806_TB@STL,2024-08-06,STL,TB,4,3,1.0,0.586164014669986,0.5729,STL,STL,1
20240805_AZ@CLE,2024-08-05,CLE,AZ,6,7,0.0,0.5197919566896254,0.5308,CLE,AZ,0
20240805_BOS@KC,2024-08-05,KC,BOS,5,9,0.0,0.4949937724610075,0.5151,BOS,BOS,1
20240805_CIN@MIA,2024-08-05,MIA,CIN,3,10,0.0,0.4782992673601572,0.5045,CIN,CIN,1
20240805_CWS@ATH,2024-08-05,ATH,CWS,5,1,1.0,0.6404832954449442,0.6081,ATH,ATH,1
20240805_HOU@TEX,2024-08-05,TEX,HOU,4,3,1.0,0.5582090054116633,0.5551,TEX,TEX,1
20240805_MIN@CHC,2024-08-05,CHC,MIN,0,3,0.0,0.4673933241163437,0.4976,MIN,MIN,1
20240805_NYM@STL,2024-08-05,STL,NYM,0,6,0.0,0.4820723182730652,0.5069,NYM,NYM,1
20240805_PHI@LAD,2024-08-05,LAD,PHI,5,3,1.0,0.5244435282906761,0.5338,LAD,LAD,1
20240805_SF@WSH,2024-08-05,WSH,SF,1,4,0.0,0.5526860561577144,0.5516,WSH,SF,0
20240804_AZ@PIT,2024-08-04,PIT,AZ,5,6,0.0,0.5218184332888632,0.5346,PIT,AZ,0
20240804_BAL@CLE,2024-08-04,CLE,BAL,5,9,0.0,0.5009041076790133,0.5231,CLE,BAL,0
20240804_BOS@TEX,2024-08-04,TEX,BOS,2,7,0.0,0.48417280866257617,0.5139,BOS,BOS,1
20240804_COL@SD,2024-08-04,SD,COL,10,2,1.0,0.5586971476138849,0.5548,SD,SD,1
20240804_CWS@MIN,2024-08-04,MIN,CWS,13,7,1.0,0.7335866923102594,0.6563,MIN,MIN,1
20240804_KC@DET,2024-08-04,DET,KC,2,3,0.0,0.5834627023713553,0.5685,DET,KC,0
20240804_LAD@ATH,2024-08-04,ATH,LAD,2,3,0.0,0.5262800674186556,0.537,ATH,LAD,0
20240804_MIA@ATL,2024-08-04,ATL,MIA,0,7,0.0,0.561947198233443,0.5566,ATL,MIA,0
20240804_MIL@WSH,2024-08-04,WSH,MIL,4,3,1.0,0.5062497289227352,0.526,WSH,WSH,1
20240804_NYM@LAA,2024-08-04,LAA,NYM,3,2,1.0,0.5291024569780302,0.5385,LAA,LAA,1
20240804_PHI@SEA,2024-08-04,SEA,PHI,0,6,0.0,0.5017986818879581,0.5236,SEA,PHI,0
20240804_SF@CIN,2024-08-04,CIN,SF,2,8,0.0,0.5274561007978946,0.5376,CIN,SF,0
20240804_STL@CHC,2024-08-04,CHC,STL,6,2,1.0,0.5363591493216209,0.5425,CHC,CHC,1
20240804_TB@HOU,2024-08-04,HOU,TB,0,1,0.0,0.5223749689753123,0.5349,HOU,TB,0
20240804_TOR@NYY,2024-08-04,NYY,TOR,4,3,1.0,0.6331315782020153,0.5963,NYY,NYY,1
20240803_AZ@PIT,2024-08-03,PIT,AZ,4,2,1.0,0.518130935405453,0.5325,PIT,PIT,1
20240803_BAL@CLE,2024-08-03,CLE,BAL,4,7,0.0,0.46362121088481434,0.5026,BAL,BAL,1
20240803_BOS@TEX,2024-08-03,TEX,BOS,7,4,1.0,0.6022117639922884,0.5789,TEX,TEX,1
20240803_COL@SD,2024-08-03,SD,COL,3,2,1.0,0.5814786727593775,0.5674,SD,SD,1
20240803_CWS@MIN,2024-08-03,MIN,CWS,6,2,1.0,0.6232224686317219,0.5907,MIN,MIN,1
20240803_KC@DET,2024-08-03,DET,KC,6,5,1.0,0.474003957294157,0.5083,KC,DET,0
20240803_LAD@ATH,2024-08-03,ATH,LAD,0,10,0.0,0.47060071534970715,0.5065,LAD,LAD,1
20240803_MIA@ATL,2024-08-03,ATL,MIA,3,4,0.0,0.6267603173190816,0.5927,ATL,MIA,0
20240803_MIL@WSH,2024-08-03,WSH,MIL,6,4,1.0,0.519246103265917,0.5331,WSH,WSH,1
20240803_NYM@LAA,2024-08-03,LAA,NYM,5,4,1.0,0.4957530798147841,0.5203,NYM,LAA,0
20240803_PHI@SEA,2024-08-03,SEA,PHI,6,5,1.0,0.5073055648562982,0.5266,SEA,SEA,1
20240803_SF@CIN,2024-08-03,CIN,SF,6,4,1.0,0.4986154811061497,0.5218,SF,CIN,0
20240803_STL@CHC,2024-08-03,CHC,STL,4,5,0.0,0.5007239376641021,0.523,CHC,STL,0
20240803_TB@HOU,2024-08-03,HOU,TB,1,6,0.0,0.5766621879905895,0.5647,HOU,TB,0
20240803_TOR@NYY,2024-08-03,NYY,TOR,8,3,1.0,0.6833442465405539,0.6255,NYY,NYY,1
20240802_AZ@PIT,2024-08-02,PIT,AZ,8,9,0.0,0.5141655622338964,0.5304,PIT,AZ,0
20240802_BAL@CLE,2024-08-02,CLE,BAL,8,4,1.0,0.45866437290671125,0.4999,BAL,CLE,0
20240802_BOS@TEX,2024-08-02,TEX,BOS,6,11,0.0,0.5463489927261231,0.548,TEX,BOS,0
20240802_COL@SD,2024-08-02,SD,COL,2,5,0.0,0.5474149267115931,0.5486,SD,COL,0
20240802_CWS@MIN,2024-08-02,MIN,CWS,10,2,1.0,0.7185732896377018,0.6469,MIN,MIN,1
20240802_KC@DET,2024-08-02,DET,KC,2,9,0.0,0.533978666087793,0.5412,DET,KC,0
20240802_LAD@ATH,2024-08-02,ATH,LAD,6,5,1.0,0.5287785789017757,0.5384,ATH,ATH,1
20240802_MIA@ATL,2024-08-02,ATL,MIA,5,3,1.0,0.5788329314287078,0.5659,ATL,ATL,1
20240802_MIL@WSH,2024-08-02,WSH,MIL,3,8,0.0,0.4822616353545138,0.5129,MIL,MIL,1
20240802_NYM@LAA,2024-08-02,LAA,NYM,1,5,0.0,0.543588670036371,0.5465,LAA,NYM,0
20240802_PHI@SEA,2024-08-02,SEA,PHI,10,2,1.0,0.5556214793289195,0.5531,SEA,SEA,1
20240802_SF@CIN,2024-08-02,CIN,SF,0,3,0.0,0.483686276099302,0.5137,SF,SF,1
20240802_STL@CHC,2024-08-02,CHC,STL,6,3,1.0,0.5063579780589926,0.5261,CHC,CHC,1
20240802_TB@HOU,2024-08-02,HOU,TB,3,2,1.0,0.5582583919137107,0.5545,HOU,HOU,1
20240802_TOR@NYY,2024-08-02,NYY,TOR,5,8,0.0,0.5463636758477026,0.548,NYY,TOR,0
20240801_BAL@CLE,2024-08-01,CLE,BAL,10,3,1.0,0.5073107958899508,0.5266,CLE,CLE,1
20240801_COL@LAA,2024-08-01,LAA,COL,4,5,0.0,0.5383680420030071,0.5436,LAA,COL,0
20240801_KC@DET,2024-08-01,DET,KC,1,7,0.0,0.4267291630784314,0.4821,KC,KC,1
20240801_MIA@ATL,2024-08-01,ATL,MIA,4,2,1.0,0.5711241890065807,0.5616,ATL,ATL,1
20240801_STL@CHC,2024-08-01,CHC,STL,5,4,1.0,0.4792693803849305,0.5112,STL,CHC,0
20240731_ATH@SF,2024-07-31,SF,ATH,1,0,1.0,0.664802046863011,0.6146,SF,SF,1
20240731_ATL@MIL,2024-07-31,MIL,ATL,2,6,0.0,0.5360384150167204,0.5423,MIL,ATL,0
20240731_CHC@CIN,2024-07-31,CIN,CHC,4,13,0.0,0.5753635371344502,0.564,CIN,CHC,0
20240731_COL@LAA,2024-07-31,LAA,COL,1,2,0.0,0.564765815453283,0.5581,LAA,COL,0
20240731_KC@CWS,2024-07-31,CWS,KC,3,10,0.0,0.38121593082863414,0.4562,KC,KC,1
20240731_LAD@SD,2024-07-31,SD,LAD,8,1,1.0,0.48021233127425533,0.5117,LAD,SD,0
20240731_MIA@TB,2024-07-31,TB,MIA,2,6,0.0,0.5826686825910115,0.568,TB,MIA,0
20240731_MIN@NYM,2024-07-31,NYM,MIN,3,8,0.0,0.5220464496898809,0.5347,NYM,MIN,0
20240731_NYY@PHI,2024-07-31,PHI,NYY,5,6,0.0,0.5516308566085796,0.5509,PHI,NYY,0
20240731_PIT@HOU,2024-07-31,HOU,PIT,5,4,1.0,0.6287749477858525,0.5938,HOU,HOU,1
20240731_SEA@BOS,2024-07-31,BOS,SEA,3,2,1.0,0.5059012842297501,0.5258,BOS,BOS,1
20240731_TEX@STL,2024-07-31,STL,TEX,10,1,1.0,0.5174416372860929,0.5322,STL,STL,1
20240731_TOR@BAL,2024-07-31,BAL,TOR,10,4,1.0,0.6564084826534544,0.6097,BAL,BAL,1
20240731_WSH@AZ,2024-07-31,AZ,WSH,5,4,1.0,0.5182607782678271,0.5326,AZ,AZ,1
20240730_ATH@SF,2024-07-30,SF,ATH,2,5,0.0,0.6600399493735126,0.6118,SF,ATH,0
20240730_ATL@MIL,2024-07-30,MIL,ATL,1,5,0.0,0.5536111220509775,0.552,MIL,ATL,0
20240730_CHC@CIN,2024-07-30,CIN,CHC,6,3,1.0,0.5775382217263662,0.5652,CIN,CIN,1
20240730_CLE@DET,2024-07-30,DET,CLE,0,5,0.0,0.4640563434750359,0.5028,CLE,CLE,1
20240730_COL@LAA,2024-07-30,LAA,COL,10,7,1.0,0.588627437031156,0.5713,LAA,LAA,1
20240730_KC@CWS,2024-07-30,CWS,KC,3,4,0.0,0.39510003354424644,0.4642,KC,KC,1
20240730_LAD@SD,2024-07-30,SD,LAD,6,5,1.0,0.4285252002220661,0.4831,LAD,SD,0
20240730_MIA@TB,2024-07-30,TB,MIA,9,3,1.0,0.5391862519369919,0.5441,TB,TB,1
20240730_MIN@NYM,2024-07-30,NYM,MIN,2,0,1.0,0.4788768293291887,0.511,MIN,NYM,0
20240730_NYY@PHI,2024-07-30,PHI,NYY,6,7,0.0,0.4673211370623025,0.5046,NYY,NYY,1
20240730_PIT@HOU,2024-07-30,HOU,PIT,2,6,0.0,0.5771598812300782,0.565,HOU,PIT,0
20240730_SEA@BOS,2024-07-30,BOS,SEA,6,10,0.0,0.47002464366601027,0.5061,SEA,SEA,1
20240730_TEX@STL,2024-07-30,STL,TEX,8,1,1.0,0.6123084023303652,0.5845,STL,STL,1
20240730_TOR@BAL,2024-07-30,BAL,TOR,6,2,1.0,0.5523293337994346,0.5513,BAL,BAL,1
20240730_WSH@AZ,2024-07-30,AZ,WSH,17,0,1.0,0.5930121481140693,0.5738,AZ,AZ,1
20240729_ATL@MIL,2024-07-29,MIL,ATL,8,3,1.0,0.6091330402669393,0.5828,MIL,MIL,1
20240729_CHC@CIN,2024-07-29,CIN,CHC,7,1,1.0,0.5363804155345477,0.5425,CIN,CIN,1
20240729_CLE@DET,2024-07-29,DET,CLE,4,8,0.0,0.5410468376495372,0.5451,DET,CLE,0
20240729_KC@CWS,2024-07-29,CWS,KC,5,8,0.0,0.39663916124348425,0.4651,KC,KC,1
20240729_MIN@NYM,2024-07-29,NYM,MIN,15,2,1.0,0.529961348461253,0.539,NYM,NYM,1
20240729_NYY@PHI,2024-07-29,PHI,NYY,4,14,0.0,0.520733461331932,0.534,PHI,NYY,0
20240729_PIT@HOU,2024-07-29,HOU,PIT,3,5,0.0,0.5552316480204651,0.5529,HOU,PIT,0
20240729_SEA@BOS,2024-07-29,BOS,SEA,14,7,1.0,0.5601451180432587,0.5556,BOS,BOS,1
20240729_TEX@STL,2024-07-29,STL,TEX,3,6,0.0,0.5756420590394001,0.5641,STL,TEX,0
20240729_TOR@BAL,2024-07-29,BAL,TOR,11,5,1.0,0.5400478877864472,0.5445,BAL,BAL,1
20240729_TOR@BAL,2024-07-29,BAL,TOR,4,8,0.0,0.569037903096002,0.5605,BAL,TOR,0
20240729_WSH@AZ,2024-07-29,AZ,WSH,9,8,1.0,0.5135995339929162,0.5301,AZ,AZ,1
20240728_ATH@LAA,2024-07-28,LAA,ATH,8,6,1.0,0.5380109424974444,0.5482,LAA,LAA,1
20240728_ATL@NYM,2024-07-28,NYM,ATL,2,9,0.0,0.5378709183203314,0.5481,NYM,ATL,0
20240728_CHC@KC,2024-07-28,KC,CHC,3,7,0.0,0.624957675785008,0.591,KC,CHC,0
20240728_CIN@TB,2024-07-28,TB,CIN,2,1,1.0,0.4569441683200326,0.5087,CIN,TB,0
20240728_CLE@PHI,2024-07-28,PHI,CLE,3,4,0.0,0.5481802914554986,0.5531,PHI,CLE,0
20240728_COL@SF,2024-07-28,SF,COL,5,4,1.0,0.7025653062740643,0.6314,SF,SF,1
20240728_LAD@HOU,2024-07-28,HOU,LAD,2,6,0.0,0.5063082976552211,0.5328,HOU,LAD,0
20240728_MIA@MIL,2024-07-28,MIL,MIA,6,2,1.0,0.6480359848106289,0.6027,MIL,MIL,1
20240728_MIN@DET,2024-07-28,DET,MIN,0,5,0.0,0.5105178164682201,0.5349,DET,MIN,0
20240728_NYY@BOS,2024-07-28,BOS,NYY,2,8,0.0,0.5070729526805449,0.5332,BOS,NYY,0
20240728_PIT@AZ,2024-07-28,AZ,PIT,5,6,0.0,0.5669504261166596,0.5623,AZ,PIT,0
20240728_SD@BAL,2024-07-28,BAL,SD,8,6,1.0,0.5915128662320963,0.5743,BAL,BAL,1
20240728_SEA@CWS,2024-07-28,CWS,SEA,3,6,0.0,0.47646688596063713,0.5183,SEA,SEA,1
20240728_TEX@TOR,2024-07-28,TOR,TEX,7,3,1.0,0.6012442807947865,0.5792,TOR,TOR,1
20240728_WSH@STL,2024-07-28,STL,WSH,4,3,1.0,0.5466422186654115,0.5524,STL,STL,1
20240727_ATH@LAA,2024-07-27,LAA,ATH,1,3,0.0,0.46997113147246483,0.5151,ATH,ATH,1
20240727_ATL@NYM,2024-07-27,NYM,ATL,0,4,0.0,0.600003134142384,0.5785,NYM,ATL,0
20240727_CHC@KC,2024-07-27,KC,CHC,4,9,0.0,0.5633729360778535,0.5605,KC,CHC,0
20240727_CIN@TB,2024-07-27,TB,CIN,4,0,1.0,0.5251057603634235,0.5419,TB,TB,1
20240727_CLE@PHI,2024-07-27,PHI,CLE,8,0,1.0,0.6115897588007779,0.5843,PHI,PHI,1
20240727_COL@SF,2024-07-27,SF,COL,4,1,1.0,0.645749749723501,0.6015,SF,SF,1
20240727_COL@SF,2024-07-27,SF,COL,5,0,1.0,0.64709175079537,0.6022,SF,SF,1
20240727_LAD@HOU,2024-07-27,HOU,LAD,7,6,1.0,0.46840544609756524,0.5144,LAD,HOU,0
20240727_MIA@MIL,2024-07-27,MIL,MIA,3,7,0.0,0.6133566482283542,0.5852,MIL,MIA,0
20240727_MIN@DET,2024-07-27,DET,MIN,7,2,1.0,0.43773971847298443,0.4993,MIN,DET,0
20240727_NYY@BOS,2024-07-27,BOS,NYY,8,11,0.0,0.46934763595655193,0.5148,NYY,NYY,1
20240727_PIT@AZ,2024-07-27,AZ,PIT,9,5,1.0,0.5453908401596101,0.5518,AZ,AZ,1
20240727_SD@BAL,2024-07-27,BAL,SD,4,9,0.0,0.5875162880310281,0.5724,BAL,SD,0
20240727_SEA@CWS,2024-07-27,CWS,SEA,3,6,0.0,0.40183867364831927,0.4813,SEA,SEA,1
20240727_TEX@TOR,2024-07-27,TOR,TEX,7,3,1.0,0.558004946868541,0.5579,TOR,TOR,1
20240727_WSH@STL,2024-07-27,STL,WSH,3,14,0.0,0.5464670116072321,0.5523,STL,WSH,0
20240726_ATH@LAA,2024-07-26,LAA,ATH,4,5,0.0,0.4764840520174185,0.5183,ATH,ATH,1
20240726_ATL@NYM,2024-07-26,NYM,ATL,8,4,1.0,0.5452164620832602,0.5517,NYM,NYM,1
20240726_CHC@KC,2024-07-26,KC,CHC,6,0,1.0,0.6021182303438151,0.5796,KC,KC,1
20240726_CIN@TB,2024-07-26,TB,CIN,2,3,0.0,0.5314329576078447,0.545,TB,CIN,0
20240726_CLE@PHI,2024-07-26,PHI,CLE,1,3,0.0,0.5665817502693764,0.5621,PHI,CLE,0
20240726_COL@SF,2024-07-26,SF,COL,11,4,1.0,0.6571116067888115,0.6074,SF,SF,1
20240726_LAD@HOU,2024-07-26,HOU,LAD,5,0,1.0,0.4576049458491174,0.5091,LAD,HOU,0
20240726_MIA@MIL,2024-07-26,MIL,MIA,2,6,0.0,0.6237665538799942,0.5904,MIL,MIA,0
20240726_MIN@DET,2024-07-26,DET,MIN,3,9,0.0,0.4797299276241572,0.5199,MIN,MIN,1
20240726_NYY@BOS,2024-07-26,BOS,NYY,9,7,1.0,0.5073730513462231,0.5333,BOS,BOS,1
20240726_PIT@AZ,2024-07-26,AZ,PIT,4,3,1.0,0.5161173738207131,0.5376,AZ,AZ,1
20240726_SD@BAL,2024-07-26,BAL,SD,4,6,0.0,0.618073317430942,0.5875,BAL,SD,0
20240726_SEA@CWS,2024-07-26,CWS,SEA,0,10,0.0,0.43987503782922965,0.5003,SEA,SEA,1
20240726_TEX@TOR,2024-07-26,TOR,TEX,6,5,1.0,0.5255798535223071,0.5422,TOR,TOR,1
20240726_WSH@STL,2024-07-26,STL,WSH,8,10,0.0,0.4965307711210238,0.5281,WSH,WSH,1
20240725_ATH@LAA,2024-07-25,LAA,ATH,5,6,0.0,0.5196926044880309,0.5393,LAA,ATH,0
20240725_ATL@NYM,2024-07-25,NYM,ATL,3,2,1.0,0.5500824235119558,0.5541,NYM,NYM,1
20240725_BAL@MIA,2024-07-25,MIA,BAL,6,7,0.0,0.37765553065797464,0.4689,BAL,BAL,1
20240725_CWS@TEX,2024-07-25,TEX,CWS,2,1,1.0,0.6097576138001151,0.5834,TEX,TEX,1
20240725_DET@CLE,2024-07-25,CLE,DET,0,3,0.0,0.5744264100583764,0.566,CLE,DET,0
20240725_SD@WSH,2024-07-25,WSH,SD,0,3,0.0,0.49889913840186245,0.5292,SD,SD,1
20240725_SF@LAD,2024-07-25,LAD,SF,6,4,1.0,0.5673835549277151,0.5625,LAD,LAD,1
20240725_TB@TOR,2024-07-25,TOR,TB,0,13,0.0,0.45082105497988,0.5057,TB,TB,1
20240724_AZ@KC,2024-07-24,KC,AZ,6,8,0.0,0.5411045867468524,0.5497,KC,AZ,0
20240724_BAL@MIA,2024-07-24,MIA,BAL,6,3,1.0,0.3628811290363026,0.4613,BAL,MIA,0
20240724_BOS@COL,2024-07-24,COL,BOS,20,7,1.0,0.507378965222581,0.5333,COL,COL,1
20240724_CIN@ATL,2024-07-24,ATL,CIN,4,9,0.0,0.4003450860364886,0.4805,CIN,CIN,1
20240724_CWS@TEX,2024-07-24,TEX,CWS,10,2,1.0,0.5865973278660065,0.5719,TEX,TEX,1
20240724_DET@CLE,2024-07-24,CLE,DET,2,1,1.0,0.5767831886874271,0.5671,CLE,CLE,1
20240724_HOU@ATH,2024-07-24,ATH,HOU,1,8,0.0,0.47144533049147963,0.5158,HOU,HOU,1
20240724_LAA@SEA,2024-07-24,SEA,LAA,1,2,0.0,0.6020976711844137,0.5796,SEA,LAA,0
20240724_MIL@CHC,2024-07-24,CHC,MIL,2,3,0.0,0.48666846015385823,0.5233,MIL,MIL,1
20240724_NYM@NYY,2024-07-24,NYY,NYM,3,12,0.0,0.563970876628804,0.5608,NYY,NYM,0
20240724_PHI@MIN,2024-07-24,MIN,PHI,5,4,1.0,0.5431060756245243,0.5507,MIN,MIN,1
20240724_SD@WSH,2024-07-24,WSH,SD,3,12,0.0,0.5960771638836699,0.5766,WSH,SD,0
20240724_SF@LAD,2024-07-24,LAD,SF,3,8,0.0,0.5576314278475243,0.5577,LAD,SF,0
20240724_STL@PIT,2024-07-24,PIT,STL,5,0,1.0,0.5582020526180145,0.558,PIT,PIT,1
20240724_TB@TOR,2024-07-24,TOR,TB,6,3,1.0,0.572563568040539,0.565,TOR,TOR,1
20240723_AZ@KC,2024-07-23,KC,AZ,2,6,0.0,0.5615782006275852,0.5597,KC,AZ,0
20240723_BAL@MIA,2024-07-23,MIA,BAL,6,3,1.0,0.39199174035769413,0.4763,BAL,MIA,0
20240723_BOS@COL,2024-07-23,COL,BOS,0,6,0.0,0.46625063942436706,0.5133,BOS,BOS,1
20240723_CWS@TEX,2024-07-23,TEX,CWS,3,2,1.0,0.5349613591590636,0.5467,TEX,TEX,1
20240723_DET@CLE,2024-07-23,CLE,DET,5,4,1.0,0.6481251378492499,0.6027,CLE,CLE,1
20240723_HOU@ATH,2024-07-23,ATH,HOU,8,2,1.0,0.5173408081506923,0.5382,ATH,ATH,1
20240723_LAA@SEA,2024-07-23,SEA,LAA,1,5,0.0,0.5856652875764624,0.5715,SEA,LAA,0
20240723_MIL@CHC,2024-07-23,CHC,MIL,0,1,0.0,0.4936273407414828,0.5266,MIL,MIL,1
20240723_NYM@NYY,2024-07-23,NYY,NYM,2,3,0.0,0.5796151886552581,0.5685,NYY,NYM,0
20240723_PHI@MIN,2024-07-23,MIN,PHI,0,3,0.0,0.48531814580414945,0.5226,PHI,PHI,1
20240723_SD@WSH,2024-07-23,WSH,SD,0,4,0.0,0.6315950180501405,0.5943,WSH,SD,0
20240723_SF@LAD,2024-07-23,LAD,SF,5,2,1.0,0.6424869312598713,0.5999,LAD,LAD,1
20240723_STL@PIT,2024-07-23,PIT,STL,1,2,0.0,0.46096846351527165,0.5107,STL,STL,1
20240723_TB@TOR,2024-07-23,TOR,TB,2,4,0.0,0.4730775920941337,0.5166,TB,TB,1
20240722_AZ@KC,2024-07-22,KC,AZ,10,4,1.0,0.6161954374367723,0.5866,KC,KC,1
20240722_BOS@COL,2024-07-22,COL,BOS,9,8,1.0,0.411806719852437,0.4863,BOS,COL,0
20240722_CIN@ATL,2024-07-22,ATL,CIN,1,4,0.0,0.5354891623645109,0.547,ATL,CIN,0
20240722_CWS@TEX,2024-07-22,TEX,CWS,4,3,1.0,0.6202532225740698,0.5886,TEX,TEX,1
20240722_DET@CLE,2024-07-22,CLE,DET,2,8,0.0,0.5859551230175969,0.5716,CLE,DET,0
20240722_HOU@ATH,2024-07-22,ATH,HOU,4,0,1.0,0.5205871696125138,0.5397,ATH,ATH,1
20240722_LAA@SEA,2024-07-22,SEA,LAA,1,3,0.0,0.5749718394417306,0.5662,SEA,LAA,0
20240722_MIL@CHC,2024-07-22,CHC,MIL,3,1,1.0,0.5299208506071421,0.5443,CHC,CHC,1
20240722_NYM@MIA,2024-07-22,MIA,NYM,4,6,0.0,0.4396381193663076,0.5002,NYM,NYM,1
20240722_PHI@MIN,2024-07-22,MIN,PHI,7,2,1.0,0.5037204336738816,0.5316,MIN,MIN,1
20240722_SF@LAD,2024-07-22,LAD,SF,3,2,1.0,0.5906223415623666,0.5739,LAD,LAD,1
20240722_STL@PIT,2024-07-22,PIT,STL,2,1,1.0,0.4888593459008749,0.5243,STL,PIT,0
20240722_TB@NYY,2024-07-22,NYY,TB,9,1,1.0,0.6222168923121759,0.5896,NYY,NYY,1
20240721_AZ@CHC,2024-07-21,CHC,AZ,2,1,1.0,0.5393949462050036,0.5487,CHC,CHC,1
20240721_BAL@TEX,2024-07-21,TEX,BAL,3,2,1.0,0.49119214986422455,0.526,BAL,TEX,0
20240721_BOS@LAD,2024-07-21,LAD,BOS,9,6,1.0,0.5764351484074817,0.5663,LAD,LAD,1
20240721_CIN@WSH,2024-07-21,WSH,CIN,5,2,1.0,0.5317080391977251,0.5451,WSH,WSH,1
20240721_CWS@KC,2024-07-21,KC,CWS,4,1,1.0,0.6838016924060735,0.6192,KC,KC,1
20240721_DET@TOR,2024-07-21,TOR,DET,5,4,1.0,0.5551291964347103,0.5562,TOR,TOR,1
20240721_HOU@SEA,2024-07-21,SEA,HOU,6,4,1.0,0.6306271586078696,0.5925,SEA,SEA,1
20240721_LAA@ATH,2024-07-21,ATH,LAA,5,8,0.0,0.5249116187541196,0.5419,ATH,LAA,0
20240721_MIL@MIN,2024-07-21,MIN,MIL,7,8,0.0,0.5569369823617519,0.557,MIN,MIL,0
20240721_NYM@MIA,2024-07-21,MIA,NYM,4,2,1.0,0.4997423245737874,0.53,NYM,MIA,0
20240721_PHI@PIT,2024-07-21,PIT,PHI,0,6,0.0,0.4427277211363558,0.5029,PHI,PHI,1
20240721_SD@CLE,2024-07-21,CLE,SD,1,2,0.0,0.5554039566598481,0.5563,CLE,SD,0
20240721_SF@COL,2024-07-21,COL,SF,2,3,0.0,0.46208678027029726,0.5122,SF,SF,1
20240721_STL@ATL,2024-07-21,ATL,STL,2,6,0.0,0.5583500451803664,0.5577,ATL,STL,0
20240721_TB@NYY,2024-07-21,NYY,TB,4,6,0.0,0.5464633366381584,0.5521,NYY,TB,0
20240720_AZ@CHC,2024-07-20,CHC,AZ,0,3,0.0,0.515326889931228,0.5374,CHC,AZ,0
20240720_BAL@TEX,2024-07-20,TEX,BAL,4,8,0.0,0.45943045421055156,0.5109,BAL,BAL,1
20240720_BOS@LAD,2024-07-20,LAD,BOS,7,6,1.0,0.534708559031272,0.5465,LAD,LAD,1
20240720_CIN@WSH,2024-07-20,WSH,CIN,5,4,1.0,0.5026045150886509,0.5314,WSH,WSH,1
20240720_CWS@KC,2024-07-20,KC,CWS,6,1,1.0,0.6314199242117648,0.5929,KC,KC,1
20240720_DET@TOR,2024-07-20,TOR,DET,3,7,0.0,0.5504624599909133,0.554,TOR,DET,0
20240720_HOU@SEA,2024-07-20,SEA,HOU,2,4,0.0,0.6011886473521066,0.5782,SEA,HOU,0
20240720_LAA@ATH,2024-07-20,ATH,LAA,8,2,1.0,0.6175869642897996,0.5861,ATH,ATH,1
20240720_MIL@MIN,2024-07-20,MIN,MIL,4,8,0.0,0.5096357827801442,0.5347,MIN,MIL,0
20240720_NYM@MIA,2024-07-20,MIA,NYM,0,1,0.0,0.4647383413739418,0.5134,NYM,NYM,1
20240720_PHI@PIT,2024-07-20,PIT,PHI,4,1,1.0,0.47733642543522414,0.5194,PHI,PIT,0
20240720_SD@CLE,2024-07-20,CLE,SD,0,7,0.0,0.5594134684776391,0.5582,CLE,SD,0
20240720_SF@COL,2024-07-20,COL,SF,4,3,1.0,0.5071090028551276,0.5335,COL,COL,1
20240720_STL@ATL,2024-07-20,ATL,STL,5,9,0.0,0.5272258298731864,0.543,ATL,STL,0
20240720_STL@ATL,2024-07-20,ATL,STL,3,2,1.0,0.5329048497760537,0.5457,ATL,ATL,1
20240720_TB@NYY,2024-07-20,NYY,TB,1,9,0.0,0.5395760353275344,0.5488,NYY,TB,0
20240719_AZ@CHC,2024-07-19,CHC,AZ,2,5,0.0,0.5327228050191244,0.5456,CHC,AZ,0
20240719_BAL@TEX,2024-07-19,TEX,BAL,1,9,0.0,0.4620372377751028,0.5121,BAL,BAL,1
20240719_BOS@LAD,2024-07-19,LAD,BOS,4,1,1.0,0.572907505778586,0.5646,LAD,LAD,1
20240719_CIN@WSH,2024-07-19,WSH,CIN,8,5,1.0,0.48982931866719237,0.5253,CIN,WSH,0
20240719_CWS@KC,2024-07-19,KC,CWS,7,1,1.0,0.6567592471931291,0.6055,KC,KC,1
20240719_DET@TOR,2024-07-19,TOR,DET,4,5,0.0,0.532992777169219,0.5457,TOR,DET,0
20240719_HOU@SEA,2024-07-19,SEA,HOU,0,3,0.0,0.5665085352384922,0.5616,SEA,HOU,0
20240719_LAA@ATH,2024-07-19,ATH,LAA,13,3,1.0,0.5554364822407578,0.5563,ATH,ATH,1
20240719_NYM@MIA,2024-07-19,MIA,NYM,6,4,1.0,0.49601901700662004,0.5282,NYM,MIA,0
20240719_PHI@PIT,2024-07-19,PIT,PHI,8,7,1.0,0.48504188201379783,0.5231,PHI,PIT,0
20240719_SD@CLE,2024-07-19,CLE,SD,7,0,1.0,0.5854578218339757,0.5706,CLE,CLE,1
20240719_SF@COL,2024-07-19,COL,SF,7,3,1.0,0.5428792255380126,0.5504,COL,COL,1
20240719_TB@NYY,2024-07-19,NYY,TB,6,1,1.0,0.5627171389602097,0.5598,NYY,NYY,1
20240714_ATH@PHI,2024-07-14,PHI,ATH,3,18,0.0,0.7277295850353682,0.6426,PHI,ATH,0
20240714_ATL@SD,2024-07-14,SD,ATL,3,6,0.0,0.4666349695974845,0.5143,ATL,ATL,1
20240714_CHC@STL,2024-07-14,STL,CHC,3,8,0.0,0.5427177632381909,0.5503,STL,CHC,0
20240714_CLE@TB,2024-07-14,TB,CLE,2,0,1.0,0.4652830956502128,0.5137,CLE,TB,0
20240714_COL@NYM,2024-07-14,NYM,COL,5,8,0.0,0.5864808332406529,0.5711,NYM,COL,0
20240714_KC@BOS,2024-07-14,BOS,KC,5,4,1.0,0.5437425390886987,0.5508,BOS,BOS,1
20240714_LAD@DET,2024-07-14,DET,LAD,4,3,1.0,0.5008459305030084,0.5305,DET,DET,1
20240714_MIA@CIN,2024-07-14,CIN,MIA,2,3,0.0,0.6320934210007113,0.5932,CIN,MIA,0
20240714_MIN@SF,2024-07-14,SF,MIN,3,2,1.0,0.5389629501020321,0.5485,SF,SF,1
20240714_NYY@BAL,2024-07-14,BAL,NYY,6,5,1.0,0.5319896464394147,0.5452,BAL,BAL,1
20240714_PIT@CWS,2024-07-14,CWS,PIT,4,9,0.0,0.4893092575782522,0.5251,PIT,PIT,1
20240714_SEA@LAA,2024-07-14,LAA,SEA,3,2,1.0,0.4716162707839314,0.5167,SEA,LAA,0
20240714_TEX@HOU,2024-07-14,HOU,TEX,2,4,0.0,0.558989967952615,0.558,HOU,TEX,0
20240714_TOR@AZ,2024-07-14,AZ,TOR,7,8,0.0,0.5336801839051544,0.546,AZ,TOR,0
20240714_WSH@MIL,2024-07-14,MIL,WSH,9,3,1.0,0.5606402201134134,0.5588,MIL,MIL,1
20240713_ATH@PHI,2024-07-13,PHI,ATH,11,5,1.0,0.7113148077135621,0.6337,PHI,PHI,1
20240713_ATL@SD,2024-07-13,SD,ATL,4,0,1.0,0.49896632269682334,0.5296,ATL,SD,0
20240713_CHC@STL,2024-07-13,STL,CHC,11,3,1.0,0.5475027585758299,0.5526,STL,STL,1
20240713_CHC@STL,2024-07-13,STL,CHC,5,4,1.0,0.5486593857572926,0.5531,STL,STL,1
20240713_CLE@TB,2024-07-13,TB,CLE,2,4,0.0,0.4746858600334432,0.5181,CLE,CLE,1
20240713_COL@NYM,2024-07-13,NYM,COL,7,3,1.0,0.6215579178394373,0.588,NYM,NYM,1
20240713_KC@BOS,2024-07-13,BOS,KC,5,0,1.0,0.5060080135662702,0.533,BOS,BOS,1
20240713_LAD@DET,2024-07-13,DET,LAD,11,9,1.0,0.4533716396124654,0.508,LAD,DET,0
20240713_MIA@CIN,2024-07-13,CIN,MIA,10,6,1.0,0.5966973244744506,0.576,CIN,CIN,1
20240713_MIN@SF,2024-07-13,SF,MIN,2,4,0.0,0.5469630032734878,0.5523,SF,MIN,0
20240713_NYY@BAL,2024-07-13,BAL,NYY,1,6,0.0,0.5151023289319303,0.5373,BAL,NYY,0
20240713_PIT@CWS,2024-07-13,CWS,PIT,2,6,0.0,0.4994472086742966,0.5299,PIT,PIT,1
20240713_SEA@LAA,2024-07-13,LAA,SEA,2,1,1.0,0.5147130635313191,0.5371,LAA,LAA,1
20240713_TEX@HOU,2024-07-13,HOU,TEX,1,2,0.0,0.5003230605259431,0.5303,HOU,TEX,0
20240713_TOR@AZ,2024-07-13,AZ,TOR,12,1,1.0,0.5380689868754863,0.5481,AZ,AZ,1
20240713_WSH@MIL,2024-07-13,MIL,WSH,5,6,0.0,0.5748899496985403,0.5656,MIL,WSH,0
20240712_ATH@PHI,2024-07-12,PHI,ATH,2,6,0.0,0.6367468813049247,0.5955,PHI,ATH,0
20240712_ATL@SD,2024-07-12,SD,ATL,1,6,0.0,0.48062608569404436,0.521,ATL,ATL,1
20240712_CHC@STL,2024-07-12,STL,CHC,1,5,0.0,0.5542668598157623,0.5558,STL,CHC,0
20240712_CLE@TB,2024-07-12,TB,CLE,2,0,1.0,0.5055578098365501,0.5328,TB,TB,1
20240712_COL@NYM,2024-07-12,NYM,COL,7,6,1.0,0.6453034378512735,0.5997,NYM,NYM,1
20240712_KC@BOS,2024-07-12,BOS,KC,1,6,0.0,0.5270225505173882,0.5429,BOS,KC,0
20240712_LAD@DET,2024-07-12,DET,LAD,3,4,0.0,0.4968693043071632,0.5287,LAD,LAD,1
20240712_MIA@CIN,2024-07-12,CIN,MIA,7,4,1.0,0.6152749967612994,0.585,CIN,CIN,1
20240712_MIN@SF,2024-07-12,SF,MIN,7,1,1.0,0.5101368436598925,0.5349,SF,SF,1
20240712_NYY@BAL,2024-07-12,BAL,NYY,1,4,0.0,0.5548782749584629,0.5561,BAL,NYY,0
20240712_PIT@CWS,2024-07-12,CWS,PIT,1,4,0.0,0.5480214427190997,0.5528,CWS,PIT,0
20240712_SEA@LAA,2024-07-12,LAA,SEA,6,5,1.0,0.477352327835808,0.5194,SEA,LAA,0
20240712_TEX@HOU,2024-07-12,HOU,TEX,6,3,1.0,0.5438759846145076,0.5508,HOU,HOU,1
20240712_TOR@AZ,2024-07-12,AZ,TOR,5,4,1.0,0.5096443352784414,0.5347,AZ,AZ,1
20240712_WSH@MIL,2024-07-12,MIL,WSH,2,5,0.0,0.5524647908900977,0.5549,MIL,WSH,0
20240711_ATH@BOS,2024-07-11,BOS,ATH,7,0,1.0,0.5900487361482624,0.5728,BOS,BOS,1
20240711_ATL@AZ,2024-07-11,AZ,ATL,1,0,1.0,0.48411648106888594,0.5226,ATL,AZ,0
20240711_CHC@BAL,2024-07-11,BAL,CHC,0,8,0.0,0.6276666062682367,0.591,BAL,CHC,0
20240711_CLE@DET,2024-07-11,DET,CLE,10,1,1.0,0.5050063976790088,0.5325,DET,DET,1
20240711_COL@CIN,2024-07-11,CIN,COL,8,1,1.0,0.5878010831104549,0.5717,CIN,CIN,1
20240711_LAD@PHI,2024-07-11,PHI,LAD,5,1,1.0,0.5129317251332226,0.5362,PHI,PHI,1
20240711_MIA@HOU,2024-07-11,HOU,MIA,6,3,1.0,0.6001565387850164,0.5777,HOU,HOU,1
20240711_NYY@TB,2024-07-11,TB,NYY,5,4,1.0,0.4646805125876759,0.5134,NYY,TB,0
20240711_PIT@MIL,2024-07-11,MIL,PIT,0,1,0.0,0.5002217408864915,0.5302,MIL,PIT,0
20240711_SEA@LAA,2024-07-11,LAA,SEA,0,11,0.0,0.49954647625541704,0.5299,SEA,SEA,1
20240711_TOR@SF,2024-07-11,SF,TOR,3,5,0.0,0.5532285386477998,0.5553,SF,TOR,0
20240711_WSH@NYM,2024-07-11,NYM,WSH,7,0,1.0,0.538126096370688,0.5481,NYM,NYM,1
20240710_ATH@BOS,2024-07-10,BOS,ATH,2,5,0.0,0.6271801544059618,0.5988,BOS,ATH,0
20240710_ATL@AZ,2024-07-10,AZ,ATL,7,5,1.0,0.49247443965482046,0.5313,ATL,AZ,0
20240710_CHC@BAL,2024-07-10,BAL,CHC,0,4,0.0,0.5469003004583879,0.5584,BAL,CHC,0
20240710_CLE@DET,2024-07-10,DET,CLE,5,4,1.0,0.4547041726235635,0.5125,CLE,DET,0
20240710_COL@CIN,2024-07-10,CIN,COL,5,6,0.0,0.6012667683550826,0.5856,CIN,COL,0
20240710_KC@STL,2024-07-10,STL,KC,4,6,0.0,0.5702201317935071,0.57,STL,KC,0
20240710_KC@STL,2024-07-10,STL,KC,5,8,0.0,0.5769439419152657,0.5734,STL,KC,0
20240710_LAD@PHI,2024-07-10,PHI,LAD,4,3,1.0,0.5228755378713495,0.5464,PHI,PHI,1
20240710_MIA@HOU,2024-07-10,HOU,MIA,9,1,1.0,0.6534775941103937,0.6124,HOU,HOU,1
20240710_MIN@CWS,2024-07-10,CWS,MIN,2,3,0.0,0.4168839576578764,0.4932,MIN,MIN,1
20240710_MIN@CWS,2024-07-10,CWS,MIN,3,1,1.0,0.45553042952316347,0.5129,MIN,CWS,0
20240710_NYY@TB,2024-07-10,TB,NYY,1,2,0.0,0.47332339972348086,0.5218,NYY,NYY,1
20240710_PIT@MIL,2024-07-10,MIL,PIT,9,0,1.0,0.5498035339036395,0.5598,MIL,MIL,1
20240710_SEA@SD,2024-07-10,SD,SEA,0,2,0.0,0.5535745150724919,0.5617,SD,SEA,0
20240710_TEX@LAA,2024-07-10,LAA,TEX,7,2,1.0,0.530354638517557,0.5502,LAA,LAA,1
20240710_TOR@SF,2024-07-10,SF,TOR,6,10,0.0,0.5667692837218039,0.5683,SF,TOR,0
20240710_WSH@NYM,2024-07-10,NYM,WSH,6,2,1.0,0.5189856058417475,0.5445,NYM,NYM,1
20240709_ATH@BOS,2024-07-09,BOS,ATH,12,9,1.0,0.5967538580959568,0.5833,BOS,BOS,1
20240709_ATL@AZ,2024-07-09,AZ,ATL,2,6,0.0,0.4617412445477814,0.516,ATL,ATL,1
20240709_CHC@BAL,2024-07-09,BAL,CHC,2,9,0.0,0.6308257530488436,0.6007,BAL,CHC,0
20240709_CLE@DET,2024-07-09,DET,CLE,8,9,0.0,0.4729375324192743,0.5216,CLE,CLE,1
20240709_COL@CIN,2024-07-09,CIN,COL,12,6,1.0,0.6290397996088004,0.5997,CIN,CIN,1
20240709_LAD@PHI,2024-07-09,PHI,LAD,10,1,1.0,0.5595083934792114,0.5646,PHI,PHI,1
20240709_MIA@HOU,2024-07-09,HOU,MIA,4,3,1.0,0.6430315405291198,0.607,HOU,HOU,1
20240709_NYY@TB,2024-07-09,TB,NYY,5,3,1.0,0.441201314098525,0.5056,NYY,TB,0
20240709_PIT@MIL,2024-07-09,MIL,PIT,2,12,0.0,0.6123155120849959,0.5912,MIL,PIT,0
20240709_SEA@SD,2024-07-09,SD,SEA,3,8,0.0,0.543430563165256,0.5566,SD,SEA,0
20240709_TEX@LAA,2024-07-09,LAA,TEX,4,5,0.0,0.5348246435256288,0.5524,LAA,TEX,0
20240709_TOR@SF,2024-07-09,SF,TOR,4,3,1.0,0.550220786671278,0.56,SF,SF,1
20240709_WSH@NYM,2024-07-09,NYM,WSH,7,5,1.0,0.5365524598929834,0.5532,NYM,NYM,1
20240708_ATL@AZ,2024-07-08,AZ,ATL,4,5,0.0,0.4629139392600489,0.5166,ATL,ATL,1
20240708_CLE@DET,2024-07-08,DET,CLE,1,0,1.0,0.47147053351552637,0.5209,CLE,DET,0
20240708_COL@CIN,2024-07-08,CIN,COL,6,0,1.0,0.5853201238253176,0.5776,CIN,CIN,1
20240708_MIN@CWS,2024-07-08,CWS,MIN,6,8,0.0,0.4140471033386542,0.4918,MIN,MIN,1
20240708_NYM@PIT,2024-07-08,PIT,NYM,8,2,1.0,0.5405086271897316,0.5552,PIT,PIT,1
20240708_STL@WSH,2024-07-08,WSH,STL,0,6,0.0,0.5833716820470667,0.5766,WSH,STL,0
20240708_TEX@LAA,2024-07-08,LAA,TEX,4,9,0.0,0.5687928822007007,0.5693,LAA,TEX,0
20240707_AZ@SD,2024-07-07,SD,AZ,1,9,0.0,0.577167094237305,0.5735,SD,AZ,0
20240707_BAL@ATH,2024-07-07,ATH,BAL,3,6,0.0,0.41776336131545516,0.4937,BAL,BAL,1
20240707_BOS@NYY,2024-07-07,NYY,BOS,0,3,0.0,0.5855048356280936,0.5776,NYY,BOS,0
20240707_CWS@MIA,2024-07-07,MIA,CWS,7,4,1.0,0.5816946317704382,0.5757,MIA,MIA,1
20240707_DET@CIN,2024-07-07,CIN,DET,1,5,0.0,0.5095128256664054,0.5398,CIN,DET,0
20240707_HOU@MIN,2024-07-07,MIN,HOU,3,2,1.0,0.5776187148806641,0.5737,MIN,MIN,1
20240707_KC@COL,2024-07-07,COL,KC,1,10,0.0,0.4470993895947535,0.5086,KC,KC,1
20240707_LAA@CHC,2024-07-07,CHC,LAA,5,0,1.0,0.6029074058343348,0.5864,CHC,CHC,1
20240707_MIL@LAD,2024-07-07,LAD,MIL,2,9,0.0,0.5553260290100064,0.5626,LAD,MIL,0
20240707_NYM@PIT,2024-07-07,PIT,NYM,2,3,0.0,0.5233097729861342,0.5467,PIT,NYM,0
20240707_PHI@ATL,2024-07-07,ATL,PHI,6,0,1.0,0.5164279497753482,0.5432,ATL,ATL,1
20240707_SF@CLE,2024-07-07,CLE,SF,5,4,1.0,0.5949783114839644,0.5824,CLE,CLE,1
20240707_STL@WSH,2024-07-07,WSH,STL,3,8,0.0,0.5683576310323554,0.5691,WSH,STL,0
20240707_TB@TEX,2024-07-07,TEX,TB,13,2,1.0,0.5072296126538753,0.5387,TEX,TEX,1
20240707_TOR@SEA,2024-07-07,SEA,TOR,4,5,0.0,0.6054531010066979,0.5877,SEA,TOR,0
20240706_AZ@SD,2024-07-06,SD,AZ,5,7,0.0,0.4830683814641657,0.5267,AZ,AZ,1
20240706_BAL@ATH,2024-07-06,ATH,BAL,19,8,1.0,0.499029720534772,0.5346,BAL,ATH,0
20240706_BOS@NYY,2024-07-06,NYY,BOS,14,4,1.0,0.5822988106835056,0.576,NYY,NYY,1
20240706_CWS@MIA,2024-07-06,MIA,CWS,4,3,1.0,0.47336034392039456,0.5218,CWS,MIA,0
20240706_DET@CIN,2024-07-06,CIN,DET,3,5,0.0,0.5486878298017221,0.5593,CIN,DET,0
20240706_HOU@MIN,2024-07-06,MIN,HOU,9,3,1.0,0.5830485212463546,0.5764,MIN,MIN,1
20240706_KC@COL,2024-07-06,COL,KC,3,1,1.0,0.441428708629802,0.5057,KC,COL,0
20240706_LAA@CHC,2024-07-06,CHC,LAA,0,7,0.0,0.5717023001486796,0.5707,CHC,LAA,0
20240706_MIL@LAD,2024-07-06,LAD,MIL,5,3,1.0,0.5564156835034583,0.5631,LAD,LAD,1
20240706_NYM@PIT,2024-07-06,PIT,NYM,2,5,0.0,0.48189207832451864,0.5261,NYM,NYM,1
20240706_PHI@ATL,2024-07-06,ATL,PHI,5,1,1.0,0.5269909824649202,0.5485,ATL,ATL,1
20240706_SF@CLE,2024-07-06,CLE,SF,5,4,1.0,0.5912988600840428,0.5806,CLE,CLE,1
20240706_STL@WSH,2024-07-06,WSH,STL,14,6,1.0,0.5492873328196386,0.5596,WSH,WSH,1
20240706_TB@TEX,2024-07-06,TEX,TB,4,3,1.0,0.46004785465665055,0.5151,TB,TEX,0
20240706_TOR@SEA,2024-07-06,SEA,TOR,4,5,0.0,0.5368481851294232,0.5534,SEA,TOR,0
20240705_AZ@SD,2024-07-05,SD,AZ,10,8,1.0,0.48692132504293767,0.5286,AZ,SD,0
20240705_BAL@ATH,2024-07-05,ATH,BAL,2,3,0.0,0.4460776613447161,0.5081,BAL,BAL,1
20240705_BOS@NYY,2024-07-05,NYY,BOS,3,5,0.0,0.55956622422878,0.5647,NYY,BOS,0
20240705_CWS@MIA,2024-07-05,MIA,CWS,2,3,0.0,0.5682985959102216,0.569,MIA,CWS,0
20240705_DET@CIN,2024-07-05,CIN,DET,4,5,0.0,0.5168483306665579,0.5435,CIN,DET,0
20240705_HOU@MIN,2024-07-05,MIN,HOU,12,13,0.0,0.5419048595364462,0.5559,MIN,HOU,0
20240705_KC@COL,2024-07-05,COL,KC,4,2,1.0,0.443634099692692,0.5069,KC,COL,0
20240705_LAA@CHC,2024-07-05,CHC,LAA,5,1,1.0,0.594683795152403,0.5823,CHC,CHC,1
20240705_MIL@LAD,2024-07-05,LAD,MIL,8,5,1.0,0.6153666874952253,0.5927,LAD,LAD,1
20240705_NYM@PIT,2024-07-05,PIT,NYM,14,2,1.0,0.5412569247135448,0.5556,PIT,PIT,1
20240705_PHI@ATL,2024-07-05,ATL,PHI,6,8,0.0,0.5305007663746839,0.5502,ATL,PHI,0
20240705_SF@CLE,2024-07-05,CLE,SF,2,4,0.0,0.6253796125372784,0.5979,CLE,SF,0
20240705_STL@WSH,2024-07-05,WSH,STL,6,7,0.0,0.5105634788723674,0.5403,WSH,STL,0
20240705_TB@TEX,2024-07-05,TEX,TB,3,0,1.0,0.48607287779685726,0.5282,TB,TEX,0
20240705_TOR@SEA,2024-07-05,SEA,TOR,2,1,1.0,0.5468763005354135,0.5584,SEA,SEA,1
20240704_AZ@LAD,2024-07-04,LAD,AZ,3,9,0.0,0.5501359885374727,0.56,LAD,AZ,0
20240704_BAL@SEA,2024-07-04,SEA,BAL,7,3,1.0,0.49046426336216564,0.5303,BAL,SEA,0
20240704_BOS@MIA,2024-07-04,MIA,BOS,5,6,0.0,0.4167652892349869,0.4932,BOS,BOS,1
20240704_CIN@NYY,2024-07-04,NYY,CIN,4,8,0.0,0.5784537789149172,0.5741,NYY,CIN,0
20240704_CWS@CLE,2024-07-04,CLE,CWS,8,4,1.0,0.7028274519857106,0.6389,CLE,CLE,1
20240704_DET@MIN,2024-07-04,MIN,DET,12,3,1.0,0.6171990581064498,0.5937,MIN,MIN,1
20240704_HOU@TOR,2024-07-04,TOR,HOU,3,5,0.0,0.517433150619161,0.5437,TOR,HOU,0
20240704_LAA@ATH,2024-07-04,ATH,LAA,5,0,1.0,0.5350351763661315,0.5525,ATH,ATH,1
20240704_MIL@COL,2024-07-04,COL,MIL,4,3,1.0,0.47178044337802844,0.521,MIL,COL,0
20240704_NYM@WSH,2024-07-04,WSH,NYM,1,0,1.0,0.4916465859723003,0.5309,NYM,WSH,0
20240704_PHI@CHC,2024-07-04,CHC,PHI,10,2,1.0,0.4384016047202199,0.5042,PHI,CHC,0
20240704_SD@TEX,2024-07-04,TEX,SD,1,3,0.0,0.49013856199297196,0.5302,SD,SD,1
20240704_SF@ATL,2024-07-04,ATL,SF,2,4,0.0,0.5585413711322006,0.5642,ATL,SF,0
20240704_STL@PIT,2024-07-04,PIT,STL,2,3,0.0,0.48984272619063635,0.53,STL,STL,1
20240704_TB@KC,2024-07-04,KC,TB,8,10,0.0,0.6041184251479459,0.587,KC,TB,0
20240703_AZ@LAD,2024-07-03,LAD,AZ,4,12,0.0,0.5599684133460541,0.5755,LAD,AZ,0
20240703_BAL@SEA,2024-07-03,SEA,BAL,1,4,0.0,0.46234811729300074,0.5185,BAL,BAL,1
20240703_BOS@MIA,2024-07-03,MIA,BOS,2,7,0.0,0.4705488498155088,0.5233,BOS,BOS,1
20240703_CIN@NYY,2024-07-03,NYY,CIN,2,3,0.0,0.6175352046443354,0.6093,NYY,CIN,0
20240703_CWS@CLE,2024-07-03,CLE,CWS,2,8,0.0,0.6797659038838727,0.6468,CLE,CWS,0
20240703_DET@MIN,2024-07-03,MIN,DET,2,9,0.0,0.5986316393539428,0.5981,MIN,DET,0
20240703_HOU@TOR,2024-07-03,TOR,HOU,2,9,0.0,0.6023065237467501,0.6003,TOR,HOU,0
20240703_LAA@ATH,2024-07-03,ATH,LAA,5,0,1.0,0.4687697072835988,0.5223,LAA,ATH,0
20240703_MIL@COL,2024-07-03,COL,MIL,0,3,0.0,0.4119752186284844,0.4884,MIL,MIL,1
20240703_NYM@WSH,2024-07-03,WSH,NYM,7,5,1.0,0.4718746886819888,0.5241,NYM,WSH,0
20240703_PHI@CHC,2024-07-03,CHC,PHI,3,5,0.0,0.46845781434503897,0.5221,PHI,PHI,1
20240703_SD@TEX,2024-07-03,TEX,SD,4,6,0.0,0.5567630696981678,0.5736,TEX,SD,0
20240703_SF@ATL,2024-07-03,ATL,SF,3,1,1.0,0.578644581464796,0.5864,ATL,ATL,1
20240703_STL@PIT,2024-07-03,PIT,STL,5,4,1.0,0.5727362450709458,0.583,PIT,PIT,1
20240703_TB@KC,2024-07-03,KC,TB,4,2,1.0,0.5340628520251407,0.5604,KC,KC,1
20240702_AZ@LAD,2024-07-02,LAD,AZ,6,5,1.0,0.6154484140883303,0.6081,LAD,LAD,1
20240702_BAL@SEA,2024-07-02,SEA,BAL,0,2,0.0,0.5049778927829786,0.5435,SEA,BAL,0
20240702_BOS@MIA,2024-07-02,MIA,BOS,3,8,0.0,0.478036684285175,0.5277,BOS,BOS,1
20240702_CIN@NYY,2024-07-02,NYY,CIN,4,5,0.0,0.6137939709173336,0.6071,NYY,CIN,0
20240702_CWS@CLE,2024-07-02,CLE,CWS,7,6,1.0,0.7243684753024935,0.675,CLE,CLE,1
20240702_DET@MIN,2024-07-02,MIN,DET,5,3,1.0,0.5872575586897408,0.5915,MIN,MIN,1
20240702_HOU@TOR,2024-07-02,TOR,HOU,7,6,1.0,0.567742862596971,0.58,TOR,TOR,1
20240702_LAA@ATH,2024-07-02,ATH,LAA,7,5,1.0,0.49831546386191644,0.5396,LAA,ATH,0
20240702_MIL@COL,2024-07-02,COL,MIL,3,4,0.0,0.4940023013056047,0.5371,MIL,MIL,1
20240702_NYM@WSH,2024-07-02,WSH,NYM,2,7,0.0,0.5129455130744716,0.5481,WSH,NYM,0
20240702_PHI@CHC,2024-07-02,CHC,PHI,4,6,0.0,0.44087451559341717,0.5057,PHI,PHI,1
20240702_SD@TEX,2024-07-02,TEX,SD,7,0,1.0,0.48247466211655937,0.5303,SD,TEX,0
20240702_SF@ATL,2024-07-02,ATL,SF,3,5,0.0,0.5300068384581179,0.5581,ATL,SF,0
20240702_STL@PIT,2024-07-02,PIT,STL,4,7,0.0,0.5393367492360004,0.5635,PIT,STL,0
20240702_TB@KC,2024-07-02,KC,TB,1,5,0.0,0.5416842416677916,0.5649,KC,TB,0
20240701_HOU@TOR,2024-07-01,TOR,HOU,1,3,0.0,0.582688629080132,0.5888,TOR,HOU,0
20240701_MIL@COL,2024-07-01,COL,MIL,8,7,1.0,0.4584120772785751,0.5161,MIL,COL,0
20240701_NYM@WSH,2024-07-01,WSH,NYM,7,9,0.0,0.5309550539831837,0.5586,WSH,NYM,0
20240630_ATH@AZ,2024-06-30,AZ,ATH,5,1,1.0,0.621329211588018,0.6115,AZ,AZ,1
20240630_CHC@MIL,2024-06-30,MIL,CHC,7,1,1.0,0.6832537702281177,0.649,MIL,MIL,1
20240630_CIN@STL,2024-06-30,STL,CIN,2,0,1.0,0.5398549909840052,0.5638,STL,STL,1
20240630_CLE@KC,2024-06-30,KC,CLE,6,2,1.0,0.5471562001973055,0.568,KC,KC,1
20240630_COL@CWS,2024-06-30,CWS,COL,4,5,0.0,0.6195163097531292,0.6105,CWS,COL,0
20240630_DET@LAA,2024-06-30,LAA,DET,6,7,0.0,0.47882769294802985,0.5282,DET,DET,1
20240630_HOU@NYM,2024-06-30,NYM,HOU,5,10,0.0,0.5092502344900791,0.546,NYM,HOU,0
20240630_LAD@SF,2024-06-30,SF,LAD,10,4,1.0,0.5065403546740377,0.5444,SF,SF,1
20240630_MIA@PHI,2024-06-30,PHI,MIA,7,6,1.0,0.6970607007116049,0.6576,PHI,PHI,1
20240630_MIN@SEA,2024-06-30,SEA,MIN,3,5,0.0,0.5349557267537921,0.5609,SEA,MIN,0
20240630_NYY@TOR,2024-06-30,TOR,NYY,1,8,0.0,0.5251816061854905,0.5553,TOR,NYY,0
20240630_PIT@ATL,2024-06-30,ATL,PIT,2,4,0.0,0.5979057028870072,0.5977,ATL,PIT,0
20240630_SD@BOS,2024-06-30,BOS,SD,4,1,1.0,0.5294742249999416,0.5578,BOS,BOS,1
20240630_TEX@BAL,2024-06-30,BAL,TEX,2,11,0.0,0.6656013539146517,0.6382,BAL,TEX,0
20240630_WSH@TB,2024-06-30,TB,WSH,5,0,1.0,0.5506673745057808,0.5701,TB,TB,1
20240629_ATH@AZ,2024-06-29,AZ,ATH,3,0,1.0,0.6177944067722648,0.6094,AZ,AZ,1
20240629_CHC@MIL,2024-06-29,MIL,CHC,3,5,0.0,0.5874116976862997,0.5915,MIL,CHC,0
20240629_CIN@STL,2024-06-29,STL,CIN,4,9,0.0,0.5656610805126371,0.5788,STL,CIN,0
20240629_CLE@KC,2024-06-29,KC,CLE,2,7,0.0,0.5167266740994617,0.5503,KC,CLE,0
20240629_COL@CWS,2024-06-29,CWS,COL,11,3,1.0,0.5806122268243826,0.5876,CWS,CWS,1
20240629_DET@LAA,2024-06-29,LAA,DET,6,5,1.0,0.49846355893069083,0.5397,DET,LAA,0
20240629_HOU@NYM,2024-06-29,NYM,HOU,6,9,0.0,0.6252505503396165,0.6139,NYM,HOU,0
20240629_LAD@SF,2024-06-29,SF,LAD,7,14,0.0,0.4598384641506549,0.517,LAD,LAD,1
20240629_MIA@PHI,2024-06-29,PHI,MIA,2,3,0.0,0.6775158751596143,0.6455,PHI,MIA,0
20240629_MIN@SEA,2024-06-29,SEA,MIN,1,5,0.0,0.5627755980706562,0.5771,SEA,MIN,0
20240629_NYY@TOR,2024-06-29,TOR,NYY,9,3,1.0,0.4905174467323394,0.535,NYY,TOR,0
20240629_PIT@ATL,2024-06-29,ATL,PIT,2,1,1.0,0.5792678981255376,0.5868,ATL,ATL,1
20240629_SD@BOS,2024-06-29,BOS,SD,1,11,0.0,0.536475423806382,0.5618,BOS,SD,0
20240629_TEX@BAL,2024-06-29,BAL,TEX,6,5,1.0,0.6197397290587268,0.6106,BAL,BAL,1
20240629_WSH@TB,2024-06-29,TB,WSH,1,8,0.0,0.5211402729403409,0.5529,TB,WSH,0
20240628_ATH@AZ,2024-06-28,AZ,ATH,4,9,0.0,0.6120512548979291,0.606,AZ,ATH,0
20240628_CHC@MIL,2024-06-28,MIL,CHC,4,2,1.0,0.6026877742838682,0.6005,MIL,MIL,1
20240628_CIN@STL,2024-06-28,STL,CIN,1,0,1.0,0.5747771250091307,0.5842,STL,STL,1
20240628_CLE@KC,2024-06-28,KC,CLE,10,3,1.0,0.5051270566135052,0.5436,KC,KC,1
20240628_COL@CWS,2024-06-28,CWS,COL,5,3,1.0,0.5693681929445469,0.581,CWS,CWS,1
20240628_DET@LAA,2024-06-28,LAA,DET,5,2,1.0,0.49583147977978853,0.5381,DET,LAA,0
20240628_HOU@NYM,2024-06-28,NYM,HOU,7,2,1.0,0.5779491388371062,0.586,NYM,NYM,1
20240628_LAD@SF,2024-06-28,SF,LAD,5,3,1.0,0.4791173609933551,0.5283,LAD,SF,0
20240628_MIA@PHI,2024-06-28,PHI,MIA,2,0,1.0,0.7101697891748705,0.6659,PHI,PHI,1
20240628_MIN@SEA,2024-06-28,SEA,MIN,3,2,1.0,0.5421192701673586,0.5651,SEA,SEA,1
20240628_NYY@TOR,2024-06-28,TOR,NYY,5,16,0.0,0.5453653500983331,0.567,TOR,NYY,0
20240628_PIT@ATL,2024-06-28,ATL,PIT,6,1,1.0,0.5989103713663742,0.5983,ATL,ATL,1
20240628_SD@BOS,2024-06-28,BOS,SD,2,9,0.0,0.6031584771083145,0.6008,BOS,SD,0
20240628_TEX@BAL,2024-06-28,BAL,TEX,2,1,1.0,0.5984165140052194,0.598,BAL,BAL,1
20240628_WSH@TB,2024-06-28,TB,WSH,3,1,1.0,0.5341227749226101,0.5605,TB,TB,1
20240627_ATL@CWS,2024-06-27,CWS,ATL,1,0,1.0,0.42477041131847043,0.4961,ATL,CWS,0
20240627_CHC@SF,2024-06-27,SF,CHC,3,5,0.0,0.5489282622921735,0.5691,SF,CHC,0
20240627_CIN@STL,2024-06-27,STL,CIN,4,11,0.0,0.5469974404985242,0.568,STL,CIN,0
20240627_CLE@KC,2024-06-27,KC,CLE,2,1,1.0,0.5295922426262974,0.5578,KC,KC,1
20240627_DET@LAA,2024-06-27,LAA,DET,5,0,1.0,0.4579525305460116,0.5159,DET,LAA,0
20240627_MIA@PHI,2024-06-27,PHI,MIA,4,7,0.0,0.751666820667345,0.6929,PHI,MIA,0
20240627_MIN@AZ,2024-06-27,AZ,MIN,6,13,0.0,0.4822846742435051,0.5302,MIN,MIN,1
20240627_NYY@TOR,2024-06-27,TOR,NYY,9,2,1.0,0.4532110962185042,0.5131,NYY,TOR,0
20240627_TEX@BAL,2024-06-27,BAL,TEX,11,2,1.0,0.6025977534370811,0.6005,BAL,BAL,1
20240626_ATH@LAA,2024-06-26,LAA,ATH,5,2,1.0,0.544719384031927,0.561,LAA,LAA,1
20240626_ATL@STL,2024-06-26,STL,ATL,2,6,0.0,0.43765337794962206,0.4987,ATL,ATL,1
20240626_ATL@STL,2024-06-26,STL,ATL,4,1,1.0,0.49957640844437307,0.5349,ATL,STL,0
20240626_CHC@SF,2024-06-26,SF,CHC,4,3,1.0,0.5302713711957462,0.5527,SF,SF,1
20240626_CLE@BAL,2024-06-26,BAL,CLE,4,2,1.0,0.543391956668459,0.5603,BAL,BAL,1
20240626_COL@HOU,2024-06-26,HOU,COL,7,1,1.0,0.5800321258187738,0.5815,HOU,HOU,1
20240626_LAD@CWS,2024-06-26,CWS,LAD,0,4,0.0,0.4357249502509447,0.4975,LAD,LAD,1
20240626_MIA@KC,2024-06-26,KC,MIA,5,1,1.0,0.6262068936845563,0.6086,KC,KC,1
20240626_MIN@AZ,2024-06-26,AZ,MIN,3,8,0.0,0.4897927380262477,0.5292,MIN,MIN,1
20240626_NYY@NYM,2024-06-26,NYM,NYY,12,2,1.0,0.45484311723197846,0.5088,NYY,NYM,0
20240626_PHI@DET,2024-06-26,DET,PHI,2,6,0.0,0.47557944896203475,0.521,PHI,PHI,1
20240626_PIT@CIN,2024-06-26,CIN,PIT,1,6,0.0,0.5580215839265046,0.5687,CIN,PIT,0
20240626_SEA@TB,2024-06-26,TB,SEA,2,5,0.0,0.46751525852778325,0.5162,SEA,SEA,1
20240626_TEX@MIL,2024-06-26,MIL,TEX,6,5,1.0,0.5480932453805394,0.563,MIL,MIL,1
20240626_TOR@BOS,2024-06-26,BOS,TOR,1,4,0.0,0.5250412189136112,0.5496,BOS,TOR,0
20240626_WSH@SD,2024-06-26,SD,WSH,8,5,1.0,0.5063066787757305,0.5388,SD,SD,1
20240625_ATH@LAA,2024-06-25,LAA,ATH,7,5,1.0,0.4781051366972332,0.5224,ATH,LAA,0
20240625_CHC@SF,2024-06-25,SF,CHC,5,1,1.0,0.5859887608072359,0.585,SF,SF,1
20240625_CLE@BAL,2024-06-25,BAL,CLE,8,10,0.0,0.5076860153661055,0.5396,BAL,CLE,0
20240625_COL@HOU,2024-06-25,HOU,COL,5,2,1.0,0.6032241496173618,0.5951,HOU,HOU,1
20240625_LAD@CWS,2024-06-25,CWS,LAD,3,4,0.0,0.458421612435722,0.5109,LAD,LAD,1
20240625_MIA@KC,2024-06-25,KC,MIA,1,2,0.0,0.6420192321294917,0.618,KC,MIA,0
20240625_MIN@AZ,2024-06-25,AZ,MIN,5,4,1.0,0.5152657069846105,0.544,AZ,AZ,1
20240625_NYY@NYM,2024-06-25,NYM,NYY,9,7,1.0,0.4793757812905691,0.5232,NYY,NYM,0
20240625_PHI@DET,2024-06-25,DET,PHI,4,1,1.0,0.4699558828959985,0.5177,PHI,DET,0
20240625_PIT@CIN,2024-06-25,CIN,PIT,5,9,0.0,0.5329801238663137,0.5542,CIN,PIT,0
20240625_SEA@TB,2024-06-25,TB,SEA,11,3,1.0,0.4427639354627971,0.5017,SEA,TB,0
20240625_TEX@MIL,2024-06-25,MIL,TEX,3,1,1.0,0.5447037596229204,0.561,MIL,MIL,1
20240625_TOR@BOS,2024-06-25,BOS,TOR,4,9,0.0,0.5461267352125564,0.5618,BOS,TOR,0
20240625_WSH@SD,2024-06-25,SD,WSH,9,7,1.0,0.45786572467845854,0.5106,WSH,SD,0
20240624_ATH@LAA,2024-06-24,LAA,ATH,5,1,1.0,0.47028528462496033,0.5179,ATH,LAA,0
20240624_ATL@STL,2024-06-24,STL,ATL,4,3,1.0,0.5010402072229222,0.5357,STL,STL,1
20240624_CHC@SF,2024-06-24,SF,CHC,5,4,1.0,0.5592866950828935,0.5695,SF,SF,1
20240624_CLE@BAL,2024-06-24,BAL,CLE,2,3,0.0,0.5250730483110054,0.5497,BAL,CLE,0
20240624_LAD@CWS,2024-06-24,CWS,LAD,0,3,0.0,0.4939479166249136,0.5316,LAD,LAD,1
20240624_MIA@KC,2024-06-24,KC,MIA,4,1,1.0,0.6325830998066093,0.6124,KC,KC,1
20240624_PHI@DET,2024-06-24,DET,PHI,1,8,0.0,0.4418248916503366,0.5012,PHI,PHI,1
20240624_PIT@CIN,2024-06-24,CIN,PIT,11,5,1.0,0.4834384135114923,0.5255,PIT,CIN,0
20240624_SEA@TB,2024-06-24,TB,SEA,4,3,1.0,0.45131461375748433,0.5067,SEA,TB,0
20240624_TEX@MIL,2024-06-24,MIL,TEX,6,3,1.0,0.6667886647598891,0.633,MIL,MIL,1
20240624_TOR@BOS,2024-06-24,BOS,TOR,7,6,1.0,0.5496030895999874,0.5639,BOS,BOS,1
20240624_WSH@SD,2024-06-24,SD,WSH,7,6,1.0,0.49575702694485935,0.5327,WSH,SD,0
20240623_ATL@NYY,2024-06-23,NYY,ATL,1,3,0.0,0.5788905784532163,0.5808,NYY,ATL,0
20240623_AZ@PHI,2024-06-23,PHI,AZ,4,1,1.0,0.5981506307856618,0.5921,PHI,PHI,1
20240623_BAL@HOU,2024-06-23,HOU,BAL,8,1,1.0,0.4639993882948331,0.5142,BAL,HOU,0
20240623_BOS@CIN,2024-06-23,CIN,BOS,4,7,0.0,0.48376991108916984,0.5257,BOS,BOS,1
20240623_CWS@DET,2024-06-23,DET,CWS,11,2,1.0,0.5391184331490755,0.5578,DET,DET,1
20240623_KC@TEX,2024-06-23,TEX,KC,4,0,1.0,0.47481977257081176,0.5205,KC,TEX,0
20240623_MIL@SD,2024-06-23,SD,MIL,2,6,0.0,0.4825949066990739,0.525,MIL,MIL,1
20240623_MIN@ATH,2024-06-23,ATH,MIN,0,3,0.0,0.4864684585997509,0.5273,MIN,MIN,1
20240623_NYM@CHC,2024-06-23,CHC,NYM,2,5,0.0,0.5780957411471369,0.5804,CHC,NYM,0
20240623_SEA@MIA,2024-06-23,MIA,SEA,6,4,1.0,0.43350246830984046,0.4962,SEA,MIA,0
20240623_SF@STL,2024-06-23,STL,SF,5,3,1.0,0.540844047886641,0.5588,STL,STL,1
20240623_TB@PIT,2024-06-23,PIT,TB,1,3,0.0,0.5368021791881589,0.5564,PIT,TB,0
20240623_TOR@CLE,2024-06-23,CLE,TOR,6,5,1.0,0.6482378636153548,0.6218,CLE,CLE,1
20240623_WSH@COL,2024-06-23,COL,WSH,1,2,0.0,0.4030518683322045,0.478,WSH,WSH,1
20240622_ATL@NYY,2024-06-22,NYY,ATL,8,3,1.0,0.5845974330302482,0.5842,NYY,NYY,1
20240622_AZ@PHI,2024-06-22,PHI,AZ,12,1,1.0,0.6388152471531312,0.6161,PHI,PHI,1
20240622_BAL@HOU,2024-06-22,HOU,BAL,5,1,1.0,0.4262030004950389,0.4919,BAL,HOU,0
20240622_BOS@CIN,2024-06-22,CIN,BOS,3,4,0.0,0.49077632218791206,0.5298,BOS,BOS,1
20240622_CWS@DET,2024-06-22,DET,CWS,1,5,0.0,0.561334684790958,0.5706,DET,CWS,0
20240622_KC@TEX,2024-06-22,TEX,KC,6,0,1.0,0.4632178124078303,0.5137,KC,TEX,0
20240622_LAA@LAD,2024-06-22,LAD,LAA,7,2,1.0,0.7212210548055166,0.667,LAD,LAD,1
20240622_MIL@SD,2024-06-22,SD,MIL,6,4,1.0,0.4538066560336598,0.5082,MIL,SD,0
20240622_MIN@ATH,2024-06-22,ATH,MIN,2,10,0.0,0.502319719024933,0.5365,ATH,MIN,0
20240622_NYM@CHC,2024-06-22,CHC,NYM,8,1,1.0,0.5271287425982383,0.5509,CHC,CHC,1
20240622_SEA@MIA,2024-06-22,MIA,SEA,0,9,0.0,0.4021676227275408,0.4775,SEA,SEA,1
20240622_SF@STL,2024-06-22,STL,SF,9,4,1.0,0.5105101054824658,0.5412,STL,STL,1
20240622_TB@PIT,2024-06-22,PIT,TB,4,3,1.0,0.5361027214459089,0.556,PIT,PIT,1
20240622_TOR@CLE,2024-06-22,CLE,TOR,6,3,1.0,0.6547735560723598,0.6257,CLE,CLE,1
20240622_WSH@COL,2024-06-22,COL,WSH,8,7,1.0,0.4889136195623571,0.5287,WSH,COL,0
20240621_ATL@NYY,2024-06-21,NYY,ATL,1,8,0.0,0.6302642358878612,0.611,NYY,ATL,0
20240621_AZ@PHI,2024-06-21,PHI,AZ,4,5,0.0,0.6332465249613172,0.6128,PHI,AZ,0
20240621_BAL@HOU,2024-06-21,HOU,BAL,14,11,1.0,0.37446434565353814,0.4605,BAL,HOU,0
20240621_BOS@CIN,2024-06-21,CIN,BOS,5,2,1.0,0.5377245774489725,0.557,CIN,CIN,1
20240621_CWS@DET,2024-06-21,DET,CWS,2,1,1.0,0.5759883337343797,0.5792,DET,DET,1
20240621_KC@TEX,2024-06-21,TEX,KC,6,2,1.0,0.5079131394280947,0.5397,TEX,TEX,1
20240621_LAA@LAD,2024-06-21,LAD,LAA,2,3,0.0,0.6899820819478546,0.6473,LAD,LAA,0
20240621_MIL@SD,2024-06-21,SD,MIL,9,5,1.0,0.5145839408935335,0.5436,SD,SD,1
20240621_MIN@ATH,2024-06-21,ATH,MIN,6,5,1.0,0.4630883280098795,0.5137,MIN,ATH,0
20240621_NYM@CHC,2024-06-21,CHC,NYM,1,11,0.0,0.5616842113947449,0.5709,CHC,NYM,0
20240621_SEA@MIA,2024-06-21,MIA,SEA,3,2,1.0,0.40249067308933684,0.4777,SEA,MIA,0
20240621_TB@PIT,2024-06-21,PIT,TB,3,10,0.0,0.44531154424308483,0.5032,TB,TB,1
20240621_TOR@CLE,2024-06-21,CLE,TOR,7,1,1.0,0.5797692791879467,0.5814,CLE,CLE,1
20240621_WSH@COL,2024-06-21,COL,WSH,5,11,0.0,0.43756637132161386,0.4986,WSH,WSH,1
20240620_AZ@WSH,2024-06-20,WSH,AZ,2,5,0.0,0.5841564926704963,0.5839,WSH,AZ,0
20240620_BAL@NYY,2024-06-20,NYY,BAL,5,17,0.0,0.4789324766696951,0.5229,BAL,BAL,1
20240620_HOU@CWS,2024-06-20,CWS,HOU,3,5,0.0,0.46319422590393633,0.5137,HOU,HOU,1
20240620_KC@ATH,2024-06-20,ATH,KC,2,3,0.0,0.5005397486085249,0.5355,ATH,KC,0
20240620_LAD@COL,2024-06-20,COL,LAD,3,5,0.0,0.47481385676853227,0.5205,LAD,LAD,1
20240620_MIL@SD,2024-06-20,SD,MIL,7,6,1.0,0.46758085089546253,0.5163,MIL,SD,0
20240620_SEA@CLE,2024-06-20,CLE,SEA,6,3,1.0,0.6261200287617441,0.6086,CLE,CLE,1
20240620_SF@STL,2024-06-20,STL,SF,6,5,1.0,0.5310967712653238,0.5531,STL,STL,1
20240620_TB@MIN,2024-06-20,MIN,TB,6,7,0.0,0.5981117828455182,0.5921,MIN,TB,0
20240619_AZ@WSH,2024-06-19,WSH,AZ,3,1,1.0,0.5052325489076952,0.5269,WSH,WSH,1
20240619_BAL@NYY,2024-06-19,NYY,BAL,6,7,0.0,0.48582274590211927,0.5161,BAL,BAL,1
20240619_BOS@TOR,2024-06-19,TOR,BOS,3,7,0.0,0.5208576959393308,0.5355,TOR,BOS,0
20240619_CIN@PIT,2024-06-19,PIT,CIN,1,0,1.0,0.5140443556218218,0.5318,PIT,PIT,1
20240619_DET@ATL,2024-06-19,ATL,DET,7,0,1.0,0.5182003597842546,0.534,ATL,ATL,1
20240619_HOU@CWS,2024-06-19,CWS,HOU,1,4,0.0,0.5565245683748495,0.5553,CWS,HOU,0
20240619_KC@ATH,2024-06-19,ATH,KC,5,1,1.0,0.531479504644975,0.5414,ATH,ATH,1
20240619_LAD@COL,2024-06-19,COL,LAD,7,6,1.0,0.45002146833334256,0.4962,LAD,COL,0
20240619_MIL@LAA,2024-06-19,LAA,MIL,0,2,0.0,0.45568477183911765,0.4993,MIL,MIL,1
20240619_NYM@TEX,2024-06-19,TEX,NYM,5,3,1.0,0.47924690672111875,0.5125,NYM,TEX,0
20240619_SD@PHI,2024-06-19,PHI,SD,2,5,0.0,0.62066919584966,0.5913,PHI,SD,0
20240619_SEA@CLE,2024-06-19,CLE,SEA,8,0,1.0,0.6272321055985393,0.595,CLE,CLE,1
20240619_SF@CHC,2024-06-19,CHC,SF,6,5,1.0,0.5889851983181722,0.5734,CHC,CHC,1
20240619_STL@MIA,2024-06-19,MIA,STL,4,3,1.0,0.4454564846363715,0.4936,STL,MIA,0
20240619_TB@MIN,2024-06-19,MIN,TB,2,3,0.0,0.5933172206508159,0.5758,MIN,TB,0
20240618_AZ@WSH,2024-06-18,WSH,AZ,0,5,0.0,0.529745015381327,0.5404,WSH,AZ,0
20240618_BAL@NYY,2024-06-18,NYY,BAL,4,2,1.0,0.5485888606429781,0.5509,NYY,NYY,1
20240618_BOS@TOR,2024-06-18,TOR,BOS,3,4,0.0,0.4727289296663047,0.5088,BOS,BOS,1
20240618_CIN@PIT,2024-06-18,PIT,CIN,1,2,0.0,0.5169931357412751,0.5334,PIT,CIN,0
20240618_DET@ATL,2024-06-18,ATL,DET,2,1,1.0,0.594715883301665,0.5766,ATL,ATL,1
20240618_HOU@CWS,2024-06-18,CWS,HOU,2,0,1.0,0.5065842161119376,0.5276,CWS,CWS,1
20240618_KC@ATH,2024-06-18,ATH,KC,7,5,1.0,0.47345334744069706,0.5093,KC,ATH,0
20240618_LAD@COL,2024-06-18,COL,LAD,9,11,0.0,0.481126800610559,0.5135,LAD,LAD,1
20240618_MIL@LAA,2024-06-18,LAA,MIL,3,6,0.0,0.41488869609789064,0.4763,MIL,MIL,1
20240618_NYM@TEX,2024-06-18,TEX,NYM,6,7,0.0,0.543233809103918,0.5479,TEX,NYM,0
20240618_SD@PHI,2024-06-18,PHI,SD,4,3,1.0,0.5482960243608687,0.5507,PHI,PHI,1
20240618_SEA@CLE,2024-06-18,CLE,SEA,5,8,0.0,0.5991014502032347,0.5791,CLE,SEA,0
20240618_SF@CHC,2024-06-18,CHC,SF,5,2,1.0,0.52064842033274,0.5354,CHC,CHC,1
20240618_STL@MIA,2024-06-18,MIA,STL,9,8,1.0,0.4877151405373332,0.5172,STL,MIA,0
20240618_TB@MIN,2024-06-18,MIN,TB,7,6,1.0,0.5835024350681618,0.5703,MIN,MIN,1
20240617_BOS@TOR,2024-06-17,TOR,BOS,3,7,0.0,0.46571794687610324,0.5049,BOS,BOS,1
20240617_CIN@PIT,2024-06-17,PIT,CIN,4,1,1.0,0.5967230968463453,0.5777,PIT,PIT,1
20240617_DET@ATL,2024-06-17,ATL,DET,2,1,1.0,0.617942461434162,0.5897,ATL,ATL,1
20240617_LAD@COL,2024-06-17,COL,LAD,5,9,0.0,0.5763250705641639,0.5663,COL,LAD,0
20240617_MIL@LAA,2024-06-17,LAA,MIL,5,3,1.0,0.48865897388564883,0.5177,MIL,LAA,0
20240617_NYM@TEX,2024-06-17,TEX,NYM,2,14,0.0,0.5387534003982063,0.5454,TEX,NYM,0
20240617_SD@PHI,2024-06-17,PHI,SD,9,2,1.0,0.582411077729669,0.5697,PHI,PHI,1
20240617_SF@CHC,2024-06-17,CHC,SF,6,7,0.0,0.5563906410741165,0.5552,CHC,SF,0
20240617_STL@MIA,2024-06-17,MIA,STL,6,7,0.0,0.4398150786066589,0.4904,STL,STL,1
20240616_ATH@MIN,2024-06-16,MIN,ATH,8,7,1.0,0.590398371078126,0.5742,MIN,MIN,1
20240616_ATH@MIN,2024-06-16,MIN,ATH,6,2,1.0,0.5899432826711772,0.5739,MIN,MIN,1
20240616_CIN@MIL,2024-06-16,MIL,CIN,5,4,1.0,0.567394827918804,0.5613,MIL,MIL,1
20240616_CLE@TOR,2024-06-16,TOR,CLE,7,6,1.0,0.4414894526564656,0.4914,CLE,TOR,0
20240616_CWS@AZ,2024-06-16,AZ,CWS,12,5,1.0,0.5897343842917037,0.5738,AZ,AZ,1
20240616_DET@HOU,2024-06-16,HOU,DET,4,1,1.0,0.5602411076138859,0.5573,HOU,HOU,1
20240616_KC@LAD,2024-06-16,LAD,KC,3,0,1.0,0.6093365639793502,0.5848,LAD,LAD,1
20240616_LAA@SF,2024-06-16,SF,LAA,13,6,1.0,0.48012337982531605,0.513,LAA,SF,0
20240616_MIA@WSH,2024-06-16,WSH,MIA,3,1,1.0,0.6081235853468459,0.5842,WSH,WSH,1
20240616_NYY@BOS,2024-06-16,BOS,NYY,9,3,1.0,0.5147727241482996,0.5322,BOS,BOS,1
20240616_PHI@BAL,2024-06-16,BAL,PHI,8,3,1.0,0.5180354626265137,0.534,BAL,BAL,1
20240616_PIT@COL,2024-06-16,COL,PIT,2,8,0.0,0.450828814693653,0.4966,PIT,PIT,1
20240616_SD@NYM,2024-06-16,NYM,SD,11,6,1.0,0.4388750487971743,0.4899,SD,NYM,0
20240616_STL@CHC,2024-06-16,CHC,STL,1,2,0.0,0.5819784290676462,0.5695,CHC,STL,0
20240616_TB@ATL,2024-06-16,ATL,TB,6,8,0.0,0.5991284461298361,0.5791,ATL,TB,0
20240616_TEX@SEA,2024-06-16,SEA,TEX,5,0,1.0,0.5245915778326407,0.5376,SEA,SEA,1
20240615_CIN@MIL,2024-06-15,MIL,CIN,3,1,1.0,0.52539962575828,0.538,MIL,MIL,1
20240615_CLE@TOR,2024-06-15,TOR,CLE,5,0,1.0,0.4442358168748452,0.4929,CLE,TOR,0
20240615_CWS@AZ,2024-06-15,AZ,CWS,2,9,0.0,0.5874307089063732,0.5725,AZ,CWS,0
20240615_DET@HOU,2024-06-15,HOU,DET,5,13,0.0,0.49707484907443006,0.5224,DET,DET,1
20240615_KC@LAD,2024-06-15,LAD,KC,2,7,0.0,0.5739134932867097,0.5649,LAD,KC,0
20240615_LAA@SF,2024-06-15,SF,LAA,3,4,0.0,0.526414589032339,0.5386,SF,LAA,0
20240615_MIA@WSH,2024-06-15,WSH,MIA,4,0,1.0,0.5787326416616412,0.5676,WSH,WSH,1
20240615_NYY@BOS,2024-06-15,BOS,NYY,8,4,1.0,0.39363097845381795,0.4641,NYY,BOS,0
20240615_PHI@BAL,2024-06-15,BAL,PHI,6,2,1.0,0.5546444790773272,0.5542,BAL,BAL,1
20240615_PIT@COL,2024-06-15,COL,PIT,16,4,1.0,0.3975844355347537,0.4664,PIT,COL,0
20240615_SD@NYM,2024-06-15,NYM,SD,5,1,1.0,0.4867550421741514,0.5166,SD,NYM,0
20240615_STL@CHC,2024-06-15,CHC,STL,5,1,1.0,0.6351327830244813,0.5995,CHC,CHC,1
20240615_TB@ATL,2024-06-15,ATL,TB,9,2,1.0,0.5845686977457059,0.5709,ATL,ATL,1
20240615_TEX@SEA,2024-06-15,SEA,TEX,7,5,1.0,0.4827851080134314,0.5144,TEX,SEA,0
20240614_ATH@MIN,2024-06-14,MIN,ATH,6,5,1.0,0.5732684601136949,0.5646,MIN,MIN,1
20240614_CIN@MIL,2024-06-14,MIL,CIN,5,6,0.0,0.5380484971807091,0.545,MIL,CIN,0
20240614_CLE@TOR,2024-06-14,TOR,CLE,1,3,0.0,0.4502763668567091,0.4963,CLE,CLE,1
20240614_CWS@AZ,2024-06-14,AZ,CWS,7,1,1.0,0.6153248994801421,0.5882,AZ,AZ,1
20240614_DET@HOU,2024-06-14,HOU,DET,4,0,1.0,0.4292199485800186,0.4845,DET,HOU,0
20240614_KC@LAD,2024-06-14,LAD,KC,4,3,1.0,0.5472930695591751,0.5502,LAD,LAD,1
20240614_LAA@SF,2024-06-14,SF,LAA,6,8,0.0,0.5757570118897404,0.566,SF,LAA,0
20240614_MIA@WSH,2024-06-14,WSH,MIA,8,1,1.0,0.607222517365386,0.5836,WSH,WSH,1
20240614_NYY@BOS,2024-06-14,BOS,NYY,1,8,0.0,0.38420796129679635,0.4587,NYY,NYY,1
20240614_PHI@BAL,2024-06-14,BAL,PHI,3,5,0.0,0.5243405278811926,0.5374,BAL,PHI,0
20240614_PIT@COL,2024-06-14,COL,PIT,2,5,0.0,0.5314434344245789,0.5414,COL,PIT,0
20240614_SD@NYM,2024-06-14,NYM,SD,2,1,1.0,0.48318878766706425,0.5147,SD,NYM,0
20240614_STL@CHC,2024-06-14,CHC,STL,0,3,0.0,0.5635375093443614,0.5592,CHC,STL,0
20240614_TB@ATL,2024-06-14,ATL,TB,7,3,1.0,0.6133147375690289,0.5871,ATL,ATL,1
20240614_TEX@SEA,2024-06-14,SEA,TEX,3,2,1.0,0.5150937466675175,0.5323,SEA,SEA,1
20240613_ATH@MIN,2024-06-13,MIN,ATH,6,2,1.0,0.6059825681735656,0.5829,MIN,MIN,1
20240613_ATL@BAL,2024-06-13,BAL,ATL,3,6,0.0,0.5545018869673883,0.5541,BAL,ATL,0
20240613_CHC@TB,2024-06-13,TB,CHC,3,2,1.0,0.5531886809416167,0.5534,TB,TB,1
20240613_CWS@SEA,2024-06-13,SEA,CWS,2,3,0.0,0.5837710528537378,0.5705,SEA,CWS,0
20240613_LAA@AZ,2024-06-13,AZ,LAA,11,1,1.0,0.5553355872175393,0.5546,AZ,AZ,1
20240613_MIA@NYM,2024-06-13,NYM,MIA,3,2,1.0,0.5596838090023206,0.557,NYM,NYM,1
20240613_NYY@KC,2024-06-13,KC,NYY,4,3,1.0,0.5186672240488057,0.5343,KC,KC,1
20240613_PHI@BOS,2024-06-13,BOS,PHI,9,3,1.0,0.4668815745556336,0.5056,PHI,BOS,0
20240613_PIT@STL,2024-06-13,STL,PIT,4,3,1.0,0.5209352623967289,0.5356,STL,STL,1
20240613_TEX@LAD,2024-06-13,LAD,TEX,1,3,0.0,0.5149874019786731,0.5323,LAD,TEX,0
20240613_WSH@DET,2024-06-13,DET,WSH,7,2,1.0,0.5151205262000214,0.5323,DET,DET,1
20240612_ATH@SD,2024-06-12,SD,ATH,5,4,1.0,0.5520562382413936,0.5529,SD,SD,1
20240612_ATL@BAL,2024-06-12,BAL,ATL,4,2,1.0,0.5951136108213281,0.5689,BAL,BAL,1
20240612_CHC@TB,2024-06-12,TB,CHC,3,4,0.0,0.3820540052147897,0.4896,CHC,CHC,1
20240612_CLE@CIN,2024-06-12,CIN,CLE,4,2,1.0,0.4895419767877038,0.53,CLE,CIN,0
20240612_COL@MIN,2024-06-12,MIN,COL,17,9,1.0,0.5694788122775369,0.5593,MIN,MIN,1
20240612_CWS@SEA,2024-06-12,SEA,CWS,2,1,1.0,0.6089650065233695,0.5741,SEA,SEA,1
20240612_HOU@SF,2024-06-12,SF,HOU,5,3,1.0,0.5990964574308545,0.5704,SF,SF,1
20240612_LAA@AZ,2024-06-12,AZ,LAA,3,8,0.0,0.5350719571834809,0.5467,AZ,LAA,0
20240612_MIA@NYM,2024-06-12,NYM,MIA,10,4,1.0,0.5703408762270202,0.5597,NYM,NYM,1
20240612_NYY@KC,2024-06-12,KC,NYY,5,11,0.0,0.6206229372372906,0.5785,KC,NYY,0
20240612_PHI@BOS,2024-06-12,BOS,PHI,8,6,1.0,0.4850424214194758,0.5283,PHI,BOS,0
20240612_PIT@STL,2024-06-12,STL,PIT,4,2,1.0,0.5361237928047571,0.5471,STL,STL,1
20240612_TEX@LAD,2024-06-12,LAD,TEX,2,3,0.0,0.5666464659099153,0.5583,LAD,TEX,0
20240612_TOR@MIL,2024-06-12,MIL,TOR,5,4,1.0,0.6163905809390372,0.5769,MIL,MIL,1
20240612_WSH@DET,2024-06-12,DET,WSH,5,7,0.0,0.5414367536770449,0.549,DET,WSH,0
20240611_ATH@SD,2024-06-11,SD,ATH,4,3,1.0,0.5352372112989131,0.5467,SD,SD,1
20240611_ATL@BAL,2024-06-11,BAL,ATL,4,0,1.0,0.5702423763033708,0.5596,BAL,BAL,1
20240611_CHC@TB,2024-06-11,TB,CHC,5,2,1.0,0.5147763725904851,0.5392,TB,TB,1
20240611_CLE@CIN,2024-06-11,CIN,CLE,3,5,0.0,0.44227799805195595,0.5125,CLE,CLE,1
20240611_COL@MIN,2024-06-11,MIN,COL,4,5,0.0,0.5876841148624884,0.5661,MIN,COL,0
20240611_CWS@SEA,2024-06-11,SEA,CWS,4,3,1.0,0.5928788648320444,0.5681,SEA,SEA,1
20240611_HOU@SF,2024-06-11,SF,HOU,1,3,0.0,0.5573840516951709,0.5549,SF,HOU,0
20240611_LAA@AZ,2024-06-11,AZ,LAA,9,4,1.0,0.5208525795002867,0.5415,AZ,AZ,1
20240611_MIA@NYM,2024-06-11,NYM,MIA,2,4,0.0,0.5460842409493589,0.5507,NYM,MIA,0
20240611_NYY@KC,2024-06-11,KC,NYY,1,10,0.0,0.5859565040709915,0.5655,KC,NYY,0
20240611_PHI@BOS,2024-06-11,BOS,PHI,1,4,0.0,0.4043182670243006,0.4982,PHI,PHI,1
20240611_PIT@STL,2024-06-11,STL,PIT,1,2,0.0,0.47596993163394546,0.525,PIT,PIT,1
20240611_TEX@LAD,2024-06-11,LAD,TEX,15,2,1.0,0.573388542434126,0.5608,LAD,LAD,1
20240611_TOR@MIL,2024-06-11,MIL,TOR,0,3,0.0,0.5374250303826245,0.5475,MIL,TOR,0
20240611_WSH@DET,2024-06-11,DET,WSH,4,5,0.0,0.540371188989524,0.5486,DET,WSH,0
20240610_ATH@SD,2024-06-10,SD,ATH,6,1,1.0,0.5252149341967962,0.5431,SD,SD,1
20240610_BAL@TB,2024-06-10,TB,BAL,2,5,0.0,0.4574303950321351,0.5181,BAL,BAL,1
20240610_COL@MIN,2024-06-10,MIN,COL,5,0,1.0,0.6229868934014101,0.5794,MIN,MIN,1
20240610_CWS@SEA,2024-06-10,SEA,CWS,8,4,1.0,0.6132622833548942,0.5757,SEA,SEA,1
20240610_HOU@SF,2024-06-10,SF,HOU,4,3,1.0,0.4639075166448092,0.5205,HOU,SF,0
20240610_NYY@KC,2024-06-10,KC,NYY,2,4,0.0,0.5122804858200648,0.5383,KC,NYY,0
20240610_TOR@MIL,2024-06-10,MIL,TOR,3,1,1.0,0.5902177946360693,0.5671,MIL,MIL,1
20240609_ATL@WSH,2024-06-09,WSH,ATL,8,5,1.0,0.3874291954190213,0.4917,ATL,WSH,0
20240609_AZ@SD,2024-06-09,SD,AZ,3,9,0.0,0.5540358822273347,0.5536,SD,AZ,0
20240609_BAL@TB,2024-06-09,TB,BAL,2,9,0.0,0.3953871591561078,0.4947,BAL,BAL,1
20240609_BOS@CWS,2024-06-09,CWS,BOS,4,6,0.0,0.49264448639515096,0.5311,BOS,BOS,1
20240609_CHC@CIN,2024-06-09,CIN,CHC,2,4,0.0,0.46456045651314215,0.5208,CHC,CHC,1
20240609_CLE@MIA,2024-06-09,MIA,CLE,3,6,0.0,0.43084223805405536,0.5082,CLE,CLE,1
20240609_COL@STL,2024-06-09,STL,COL,5,1,1.0,0.5805697544543023,0.5635,STL,STL,1
20240609_HOU@LAA,2024-06-09,LAA,HOU,9,7,1.0,0.4640993550164278,0.5206,HOU,LAA,0
20240609_LAD@NYY,2024-06-09,NYY,LAD,6,4,1.0,0.596305521670403,0.5693,NYY,NYY,1
20240609_MIL@DET,2024-06-09,DET,MIL,10,2,1.0,0.6167246685787555,0.577,DET,DET,1
20240609_MIN@PIT,2024-06-09,PIT,MIN,5,11,0.0,0.45748097734032495,0.5182,MIN,MIN,1
20240609_NYM@PHI,2024-06-09,PHI,NYM,5,6,0.0,0.630511700923342,0.5823,PHI,NYM,0
20240609_SEA@KC,2024-06-09,KC,SEA,5,6,0.0,0.5478977853583243,0.5514,KC,SEA,0
20240609_SF@TEX,2024-06-09,TEX,SF,7,2,1.0,0.6379214244860941,0.5852,TEX,TEX,1
20240609_TOR@ATH,2024-06-09,ATH,TOR,4,6,0.0,0.515160413111301,0.5394,ATH,TOR,0
20240608_ATL@WSH,2024-06-08,WSH,ATL,7,3,1.0,0.48975803416650276,0.5301,ATL,WSH,0
20240608_AZ@SD,2024-06-08,SD,AZ,13,1,1.0,0.6026051593379235,0.5717,SD,SD,1
20240608_BAL@TB,2024-06-08,TB,BAL,0,5,0.0,0.3763096217669512,0.4873,BAL,BAL,1
20240608_BOS@CWS,2024-06-08,CWS,BOS,6,1,1.0,0.40688111368632657,0.4992,BOS,CWS,0
20240608_CHC@CIN,2024-06-08,CIN,CHC,4,3,1.0,0.4774386015253872,0.5255,CHC,CIN,0
20240608_CLE@MIA,2024-06-08,MIA,CLE,0,8,0.0,0.4199699874041174,0.5041,CLE,CLE,1
20240608_COL@STL,2024-06-08,STL,COL,5,6,0.0,0.5627311724023673,0.5568,STL,COL,0
20240608_HOU@LAA,2024-06-08,LAA,HOU,1,6,0.0,0.5247476915139291,0.5429,LAA,HOU,0
20240608_LAD@NYY,2024-06-08,NYY,LAD,3,11,0.0,0.5526313826350187,0.5531,NYY,LAD,0
20240608_MIL@DET,2024-06-08,DET,MIL,4,5,0.0,0.5450969964563784,0.5503,DET,MIL,0
20240608_MIN@PIT,2024-06-08,PIT,MIN,4,0,1.0,0.49939980681960194,0.5336,MIN,PIT,0
20240608_PHI@NYM,2024-06-08,NYM,PHI,2,7,0.0,0.44393212239296076,0.5131,PHI,PHI,1
20240608_SEA@KC,2024-06-08,KC,SEA,8,4,1.0,0.5741294629531779,0.5611,KC,KC,1
20240608_SF@TEX,2024-06-08,TEX,SF,1,3,0.0,0.509910240516179,0.5374,TEX,SF,0
20240608_TOR@ATH,2024-06-08,ATH,TOR,0,7,0.0,0.5046427571845394,0.5355,ATH,TOR,0
20240607_ATL@WSH,2024-06-07,WSH,ATL,2,1,1.0,0.4742533000038616,0.5243,ATL,WSH,0
20240607_AZ@SD,2024-06-07,SD,AZ,10,3,1.0,0.5718567214961381,0.5602,SD,SD,1
20240607_BAL@TB,2024-06-07,TB,BAL,3,6,0.0,0.4008173501244756,0.4968,BAL,BAL,1
20240607_BOS@CWS,2024-06-07,CWS,BOS,7,2,1.0,0.47962871431078624,0.5263,BOS,CWS,0
20240607_CHC@CIN,2024-06-07,CIN,CHC,3,2,1.0,0.466951397784447,0.5217,CHC,CIN,0
20240607_CLE@MIA,2024-06-07,MIA,CLE,3,2,1.0,0.37685516071853564,0.4875,CLE,MIA,0
20240607_COL@STL,2024-06-07,STL,COL,8,5,1.0,0.5517006482882011,0.5528,STL,STL,1
20240607_HOU@LAA,2024-06-07,LAA,HOU,1,7,0.0,0.4883142868875633,0.5295,HOU,HOU,1
20240607_LAD@NYY,2024-06-07,NYY,LAD,1,2,0.0,0.5843843848692476,0.5649,NYY,LAD,0
20240607_MIL@DET,2024-06-07,DET,MIL,0,10,0.0,0.4933216256449233,0.5314,MIL,MIL,1
20240607_MIN@PIT,2024-06-07,PIT,MIN,3,0,1.0,0.49027820380081083,0.5302,MIN,PIT,0
20240607_SEA@KC,2024-06-07,KC,SEA,10,9,1.0,0.5582752964994242,0.5552,KC,KC,1
20240607_SF@TEX,2024-06-07,TEX,SF,2,5,0.0,0.49874296506023863,0.5333,SF,SF,1
20240607_TOR@ATH,2024-06-07,ATH,TOR,2,1,1.0,0.4945585359761104,0.5318,TOR,ATH,0
20240606_ATL@WSH,2024-06-06,WSH,ATL,2,5,0.0,0.4280409767767242,0.5072,ATL,ATL,1
20240606_AZ@SD,2024-06-06,SD,AZ,3,4,0.0,0.5202078436040894,0.5412,SD,AZ,0
20240606_BAL@TOR,2024-06-06,TOR,BAL,6,5,1.0,0.4345938970799917,0.5096,BAL,TOR,0
20240606_BOS@CWS,2024-06-06,CWS,BOS,2,14,0.0,0.3728187983413779,0.486,BOS,BOS,1
20240606_CHC@CIN,2024-06-06,CIN,CHC,8,4,1.0,0.43314957359616135,0.5091,CHC,CIN,0
20240606_COL@STL,2024-06-06,STL,COL,2,3,0.0,0.5724668747494802,0.5604,STL,COL,0
20240606_KC@CLE,2024-06-06,CLE,KC,3,4,0.0,0.5985959186019698,0.5702,CLE,KC,0
20240606_LAD@PIT,2024-06-06,PIT,LAD,7,11,0.0,0.47924253216055424,0.5262,LAD,LAD,1
20240606_MIN@NYY,2024-06-06,NYY,MIN,8,5,1.0,0.6591413046748006,0.5935,NYY,NYY,1
20240606_SEA@ATH,2024-06-06,ATH,SEA,0,3,0.0,0.4625680668481908,0.52,SEA,SEA,1
20240605_ATL@BOS,2024-06-05,BOS,ATL,9,0,1.0,0.46812881526505723,0.5296,ATL,BOS,0
20240605_BAL@TOR,2024-06-05,TOR,BAL,3,2,1.0,0.5014932764365255,0.5353,TOR,TOR,1
20240605_CIN@COL,2024-06-05,COL,CIN,7,12,0.0,0.5386611043332802,0.5416,COL,CIN,0
20240605_CWS@CHC,2024-06-05,CHC,CWS,7,6,1.0,0.6322772872489371,0.5579,CHC,CHC,1
20240605_DET@TEX,2024-06-05,TEX,DET,9,1,1.0,0.4518976658770476,0.5268,DET,TEX,0
20240605_LAD@PIT,2024-06-05,PIT,LAD,10,6,1.0,0.5217218880180644,0.5387,PIT,PIT,1
20240605_MIL@PHI,2024-06-05,PHI,MIL,2,0,1.0,0.5660886747513014,0.5463,PHI,PHI,1
20240605_MIN@NYY,2024-06-05,NYY,MIN,9,5,1.0,0.5804590322120255,0.5488,NYY,NYY,1
20240605_NYM@WSH,2024-06-05,WSH,NYM,1,9,0.0,0.522807313133753,0.5389,WSH,NYM,0
20240605_SD@LAA,2024-06-05,LAA,SD,3,2,1.0,0.3905971313132286,0.5161,SD,LAA,0
20240605_SEA@ATH,2024-06-05,ATH,SEA,2,1,1.0,0.5273833169220408,0.5397,ATH,ATH,1
20240605_SF@AZ,2024-06-05,AZ,SF,3,9,0.0,0.4773120754744834,0.5312,SF,SF,1
20240605_STL@HOU,2024-06-05,HOU,STL,2,4,0.0,0.5468468594183231,0.543,HOU,STL,0
20240605_TB@MIA,2024-06-05,MIA,TB,3,5,0.0,0.5666671320358188,0.5464,MIA,TB,0
20240604_ATL@BOS,2024-06-04,BOS,ATL,3,8,0.0,0.4723078266065648,0.5303,ATL,ATL,1
20240604_BAL@TOR,2024-06-04,TOR,BAL,1,10,0.0,0.4070496180398026,0.5191,BAL,BAL,1
20240604_CIN@COL,2024-06-04,COL,CIN,1,4,0.0,0.43699745128949646,0.5243,CIN,CIN,1
20240604_CWS@CHC,2024-06-04,CHC,CWS,7,6,1.0,0.596585403114661,0.5516,CHC,CHC,1
20240604_DET@TEX,2024-06-04,TEX,DET,1,3,0.0,0.5545393162517623,0.5443,TEX,DET,0
20240604_KC@CLE,2024-06-04,CLE,KC,8,5,1.0,0.5589922564458223,0.5451,CLE,CLE,1
20240604_LAD@PIT,2024-06-04,PIT,LAD,1,0,1.0,0.4473959554150729,0.5261,LAD,PIT,0
20240604_MIL@PHI,2024-06-04,PHI,MIL,2,1,1.0,0.4982154290825555,0.5347,MIL,PHI,0
20240604_MIN@NYY,2024-06-04,NYY,MIN,5,1,1.0,0.556036294928433,0.5446,NYY,NYY,1
20240604_NYM@WSH,2024-06-04,WSH,NYM,3,6,0.0,0.5006393741324359,0.5351,WSH,NYM,0
20240604_SD@LAA,2024-06-04,LAA,SD,4,2,1.0,0.40374818156623016,0.5185,SD,LAA,0
20240604_SEA@ATH,2024-06-04,ATH,SEA,3,4,0.0,0.5486510827079861,0.5433,ATH,SEA,0
20240604_SF@AZ,2024-06-04,AZ,SF,8,5,1.0,0.5162126044803657,0.5378,AZ,AZ,1
20240604_STL@HOU,2024-06-04,HOU,STL,8,5,1.0,0.5365653465647839,0.5412,HOU,HOU,1
20240604_TB@MIA,2024-06-04,MIA,TB,5,9,0.0,0.4896039629036465,0.5333,TB,TB,1
20240603_BAL@TOR,2024-06-03,TOR,BAL,2,7,0.0,0.4509702476813378,0.5267,BAL,BAL,1
20240603_CIN@COL,2024-06-03,COL,CIN,3,13,0.0,0.4950403304702589,0.5342,CIN,CIN,1
20240603_DET@TEX,2024-06-03,TEX,DET,1,2,0.0,0.49916136199386973,0.5349,DET,DET,1
20240603_MIL@PHI,2024-06-03,PHI,MIL,3,1,1.0,0.5135634394217236,0.5373,PHI,PHI,1
20240603_NYM@WSH,2024-06-03,WSH,NYM,7,8,0.0,0.5101081756505497,0.5367,WSH,NYM,0
20240603_SD@LAA,2024-06-03,LAA,SD,2,1,1.0,0.4692863072308962,0.5298,SD,LAA,0
20240603_SF@AZ,2024-06-03,AZ,SF,4,2,1.0,0.56473913342878,0.546,AZ,AZ,1
20240603_STL@HOU,2024-06-03,HOU,STL,7,4,1.0,0.5558330390537485,0.5445,HOU,HOU,1
20240602_ATH@ATL,2024-06-02,ATL,ATH,3,1,1.0,0.517031418107118,0.5379,ATL,ATL,1
20240602_AZ@NYM,2024-06-02,NYM,AZ,4,5,0.0,0.4971059885804721,0.5345,AZ,AZ,1
20240602_CIN@CHC,2024-06-02,CHC,CIN,2,5,0.0,0.602473702522454,0.5526,CHC,CIN,0
20240602_COL@LAD,2024-06-02,LAD,COL,4,0,1.0,0.6827317053866019,0.5673,LAD,LAD,1
20240602_CWS@MIL,2024-06-02,MIL,CWS,6,3,1.0,0.7096315884549677,0.5726,MIL,MIL,1
20240602_DET@BOS,2024-06-02,BOS,DET,4,8,0.0,0.48539390900227086,0.5326,DET,DET,1
20240602_LAA@SEA,2024-06-02,SEA,LAA,5,1,1.0,0.5496763427368354,0.5435,SEA,SEA,1
20240602_MIN@HOU,2024-06-02,HOU,MIN,3,4,0.0,0.491964523762837,0.5337,MIN,MIN,1
20240602_NYY@SF,2024-06-02,SF,NYY,5,7,0.0,0.5692647251452051,0.5468,SF,NYY,0
20240602_PIT@TOR,2024-06-02,TOR,PIT,5,4,1.0,0.5344056339494663,0.5409,TOR,TOR,1
20240602_SD@KC,2024-06-02,KC,SD,4,3,1.0,0.5632281710887638,0.5458,KC,KC,1
20240602_STL@PHI,2024-06-02,PHI,STL,4,5,0.0,0.6184970252194064,0.5554,PHI,STL,0
20240602_TB@BAL,2024-06-02,BAL,TB,3,4,0.0,0.6082655307450853,0.5536,BAL,TB,0
20240602_TEX@MIA,2024-06-02,MIA,TEX,0,6,0.0,0.425677009586231,0.5223,TEX,TEX,1
20240602_WSH@CLE,2024-06-02,CLE,WSH,2,5,0.0,0.5841750168286872,0.5494,CLE,WSH,0
20240601_ATH@ATL,2024-06-01,ATL,ATH,9,11,0.0,0.6673263421136428,0.5644,ATL,ATH,0
20240601_AZ@NYM,2024-06-01,NYM,AZ,5,10,0.0,0.48487612910638717,0.5325,AZ,AZ,1
20240601_CIN@CHC,2024-06-01,CHC,CIN,7,5,1.0,0.5118291816571954,0.537,CHC,CHC,1
20240601_COL@LAD,2024-06-01,LAD,COL,4,1,1.0,0.6069158316719065,0.5534,LAD,LAD,1
20240601_CWS@MIL,2024-06-01,MIL,CWS,4,3,1.0,0.5559072621073902,0.5445,MIL,MIL,1
20240601_DET@BOS,2024-06-01,BOS,DET,6,3,1.0,0.4971676723073504,0.5346,DET,BOS,0
20240601_LAA@SEA,2024-06-01,SEA,LAA,9,0,1.0,0.49872259251479734,0.5348,LAA,SEA,0
20240601_MIN@HOU,2024-06-01,HOU,MIN,5,2,1.0,0.48221127958753224,0.532,MIN,HOU,0
20240601_NYY@SF,2024-06-01,SF,NYY,3,7,0.0,0.5005065751608614,0.5351,SF,NYY,0
20240601_PIT@TOR,2024-06-01,TOR,PIT,1,8,0.0,0.49517030827721953,0.5342,PIT,PIT,1
20240601_SD@KC,2024-06-01,KC,SD,3,7,0.0,0.5983490069779406,0.5519,KC,SD,0
20240601_STL@PHI,2024-06-01,PHI,STL,6,1,1.0,0.6527864631182089,0.5617,PHI,PHI,1
20240601_TB@BAL,2024-06-01,BAL,TB,9,5,1.0,0.5937666813029513,0.5511,BAL,BAL,1
20240601_TEX@MIA,2024-06-01,MIA,TEX,0,7,0.0,0.4795382169854955,0.5316,TEX,TEX,1
20240601_WSH@CLE,2024-06-01,CLE,WSH,3,2,1.0,0.6262461175975494,0.5568,CLE,CLE,1
20240531_ATH@ATL,2024-05-31,ATL,ATH,4,2,1.0,0.6339165844367776,0.5582,ATL,ATL,1
20240531_AZ@NYM,2024-05-31,NYM,AZ,10,9,1.0,0.5045385817400235,0.5358,NYM,NYM,1
20240531_CIN@CHC,2024-05-31,CHC,CIN,4,5,0.0,0.612131627808803,0.5543,CHC,CIN,0
20240531_COL@LAD,2024-05-31,LAD,COL,1,4,0.0,0.6934333606259033,0.5694,LAD,COL,0
20240531_CWS@MIL,2024-05-31,MIL,CWS,12,5,1.0,0.6983821110969802,0.5704,MIL,MIL,1
20240531_DET@BOS,2024-05-31,BOS,DET,7,3,1.0,0.463168906875766,0.5288,DET,BOS,0
20240531_LAA@SEA,2024-05-31,SEA,LAA,5,4,1.0,0.5844964191244112,0.5495,SEA,SEA,1
20240531_MIN@HOU,2024-05-31,HOU,MIN,1,6,0.0,0.5155848595691327,0.5377,HOU,MIN,0
20240531_NYY@SF,2024-05-31,SF,NYY,2,6,0.0,0.45790076960212006,0.5279,NYY,NYY,1
20240531_PIT@TOR,2024-05-31,TOR,PIT,5,3,1.0,0.5453565363776487,0.5427,TOR,TOR,1
20240531_SD@KC,2024-05-31,KC,SD,8,11,0.0,0.5506780490403276,0.5436,KC,SD,0
20240531_STL@PHI,2024-05-31,PHI,STL,4,2,1.0,0.627446379013691,0.557,PHI,PHI,1
20240531_TB@BAL,2024-05-31,BAL,TB,3,1,1.0,0.5506773234104951,0.5436,BAL,BAL,1
20240531_TEX@MIA,2024-05-31,MIA,TEX,8,2,1.0,0.44032387790729555,0.5249,TEX,MIA,0
20240531_WSH@CLE,2024-05-31,CLE,WSH,7,1,1.0,0.6922846696793559,0.5692,CLE,CLE,1
20240530_ATH@TB,2024-05-30,TB,ATH,6,5,1.0,0.6326858567080279,0.558,TB,TB,1
20240530_AZ@NYM,2024-05-30,NYM,AZ,3,2,1.0,0.47007204651890827,0.5299,AZ,NYM,0
20240530_CHC@MIL,2024-05-30,MIL,CHC,6,4,1.0,0.5830297882439026,0.5492,MIL,MIL,1
20240530_DET@BOS,2024-05-30,BOS,DET,0,5,0.0,0.45577013629680246,0.5275,DET,DET,1
20240530_HOU@SEA,2024-05-30,SEA,HOU,0,4,0.0,0.4875174977648842,0.5329,HOU,HOU,1
20240530_KC@MIN,2024-05-30,MIN,KC,7,6,1.0,0.5179954813872003,0.5381,MIN,MIN,1
20240530_NYY@LAA,2024-05-30,LAA,NYY,3,8,0.0,0.42834901393347913,0.5228,NYY,NYY,1
20240530_WSH@ATL,2024-05-30,ATL,WSH,1,3,0.0,0.5729869184296726,0.5475,ATL,WSH,0
20240529_ATH@TB,2024-05-29,TB,ATH,4,3,1.0,0.5401105749832081,0.5464,TB,TB,1
20240529_AZ@TEX,2024-05-29,TEX,AZ,6,1,1.0,0.5583361416840908,0.5472,TEX,TEX,1
20240529_BOS@BAL,2024-05-29,BAL,BOS,6,1,1.0,0.5334024914544881,0.5462,BAL,BAL,1
20240529_CHC@MIL,2024-05-29,MIL,CHC,10,6,1.0,0.503005462591844,0.545,MIL,MIL,1
20240529_CLE@COL,2024-05-29,COL,CLE,7,4,1.0,0.37415080349195073,0.5397,CLE,COL,0
20240529_HOU@SEA,2024-05-29,SEA,HOU,2,1,1.0,0.48183638179714666,0.5441,HOU,SEA,0
20240529_KC@MIN,2024-05-29,MIN,KC,1,6,0.0,0.4958754029545884,0.5447,KC,KC,1
20240529_LAD@NYM,2024-05-29,NYM,LAD,3,10,0.0,0.4604381585016976,0.5433,LAD,LAD,1
20240529_MIA@SD,2024-05-29,SD,MIA,1,9,0.0,0.49940945326351766,0.5448,MIA,MIA,1
20240529_NYY@LAA,2024-05-29,LAA,NYY,1,2,0.0,0.4984386795662439,0.5448,NYY,NYY,1
20240529_PHI@SF,2024-05-29,SF,PHI,1,6,0.0,0.5994138848110264,0.5489,SF,PHI,0
20240529_PIT@DET,2024-05-29,DET,PIT,2,10,0.0,0.4657265466893154,0.5435,PIT,PIT,1
20240529_PIT@DET,2024-05-29,DET,PIT,8,0,1.0,0.4931335266067925,0.5446,PIT,DET,0
20240529_STL@CIN,2024-05-29,CIN,STL,3,5,0.0,0.4793568261198471,0.544,STL,STL,1
20240529_TOR@CWS,2024-05-29,CWS,TOR,1,3,0.0,0.5312922648629307,0.5461,CWS,TOR,0
20240529_WSH@ATL,2024-05-29,ATL,WSH,2,7,0.0,0.5697533681410397,0.5476,ATL,WSH,0
20240528_ATH@TB,2024-05-28,TB,ATH,0,3,0.0,0.5185106748063122,0.5456,TB,ATH,0
20240528_AZ@TEX,2024-05-28,TEX,AZ,4,2,1.0,0.5020327309595016,0.5449,TEX,TEX,1
20240528_BOS@BAL,2024-05-28,BAL,BOS,3,8,0.0,0.5726169275564043,0.5478,BAL,BOS,0
20240528_CHC@MIL,2024-05-28,MIL,CHC,3,6,0.0,0.4779655518222039,0.544,CHC,CHC,1
20240528_CLE@COL,2024-05-28,COL,CLE,7,13,0.0,0.4567442479669383,0.5431,CLE,CLE,1
20240528_HOU@SEA,2024-05-28,SEA,HOU,4,2,1.0,0.534622454611635,0.5462,SEA,SEA,1
20240528_KC@MIN,2024-05-28,MIN,KC,4,2,1.0,0.5660777178667034,0.5475,MIN,MIN,1
20240528_LAD@NYM,2024-05-28,NYM,LAD,0,3,0.0,0.5011794917001675,0.5449,NYM,LAD,0
20240528_LAD@NYM,2024-05-28,NYM,LAD,2,5,0.0,0.5082599990655744,0.5452,NYM,LAD,0
20240528_MIA@SD,2024-05-28,SD,MIA,4,0,1.0,0.5245033036632415,0.5458,SD,SD,1
20240528_NYY@LAA,2024-05-28,LAA,NYY,4,3,1.0,0.45534119781262355,0.543,NYY,LAA,0
20240528_PHI@SF,2024-05-28,SF,PHI,1,0,1.0,0.5517526896123546,0.5469,SF,SF,1
20240528_STL@CIN,2024-05-28,CIN,STL,1,7,0.0,0.473542218395868,0.5438,STL,STL,1
20240528_TOR@CWS,2024-05-28,CWS,TOR,2,7,0.0,0.502864266714606,0.545,CWS,TOR,0
20240528_WSH@ATL,2024-05-28,ATL,WSH,2,0,1.0,0.5564019752881515,0.5471,ATL,ATL,1
20240527_BOS@BAL,2024-05-27,BAL,BOS,11,3,1.0,0.4910375417511493,0.5445,BOS,BAL,0
20240527_CHC@MIL,2024-05-27,MIL,CHC,5,1,1.0,0.476684033573013,0.5439,CHC,MIL,0
20240527_CLE@COL,2024-05-27,COL,CLE,8,6,1.0,0.40787905800524304,0.5411,CLE,COL,0
20240527_HOU@SEA,2024-05-27,SEA,HOU,3,2,1.0,0.542897319561366,0.5466,SEA,SEA,1
20240527_KC@MIN,2024-05-27,MIN,KC,6,5,1.0,0.5092616922632137,0.5452,MIN,MIN,1
20240527_MIA@SD,2024-05-27,SD,MIA,2,1,1.0,0.550052493255706,0.5468,SD,SD,1
20240527_PHI@SF,2024-05-27,SF,PHI,8,4,1.0,0.4687646840729286,0.5436,PHI,SF,0
20240527_STL@CIN,2024-05-27,CIN,STL,3,1,1.0,0.5195138833451545,0.5456,CIN,CIN,1
20240527_TOR@CWS,2024-05-27,CWS,TOR,1,5,0.0,0.48478700089422333,0.5442,TOR,TOR,1
20240527_WSH@ATL,2024-05-27,ATL,WSH,4,8,0.0,0.6205502845025092,0.5498,ATL,WSH,0
20240526_ATL@PIT,2024-05-26,PIT,ATL,1,8,0.0,0.465001264722943,0.5434,ATL,ATL,1
20240526_BAL@CWS,2024-05-26,CWS,BAL,1,4,0.0,0.47515743600958443,0.5438,BAL,BAL,1
20240526_CHC@STL,2024-05-26,STL,CHC,4,3,1.0,0.5215643380044014,0.5457,STL,STL,1
20240526_CLE@LAA,2024-05-26,LAA,CLE,4,5,0.0,0.4207832207128748,0.5416,CLE,CLE,1
20240526_HOU@ATH,2024-05-26,ATH,HOU,2,5,0.0,0.48785514557072013,0.5444,HOU,HOU,1
20240526_KC@TB,2024-05-26,TB,KC,4,1,1.0,0.5729852633329965,0.5478,TB,TB,1
20240526_LAD@CIN,2024-05-26,CIN,LAD,4,1,1.0,0.4389627063044267,0.5424,LAD,CIN,0
20240526_MIA@AZ,2024-05-26,AZ,MIA,1,3,0.0,0.6080564715486656,0.5492,AZ,MIA,0
20240526_MIL@BOS,2024-05-26,BOS,MIL,2,1,1.0,0.4807828579232987,0.5441,MIL,BOS,0
20240526_NYY@SD,2024-05-26,SD,NYY,5,2,1.0,0.5322715356316262,0.5461,SD,SD,1
20240526_PHI@COL,2024-05-26,COL,PHI,5,2,1.0,0.4852214667715935,0.5442,PHI,COL,0
20240526_SEA@WSH,2024-05-26,WSH,SEA,5,9,0.0,0.4030921997161768,0.5409,SEA,SEA,1
20240526_SF@NYM,2024-05-26,NYM,SF,4,3,1.0,0.5333711725315178,0.5462,NYM,NYM,1
20240526_TEX@MIN,2024-05-26,MIN,TEX,2,6,0.0,0.5186280707367992,0.5456,MIN,TEX,0
20240526_TOR@DET,2024-05-26,DET,TOR,14,11,1.0,0.5286107824701589,0.546,DET,DET,1
20240525_ATL@PIT,2024-05-25,PIT,ATL,4,1,1.0,0.4948931498903454,0.5446,ATL,PIT,0
20240525_BAL@CWS,2024-05-25,CWS,BAL,3,5,0.0,0.618385786620336,0.5497,CWS,BAL,0
20240525_CHC@STL,2024-05-25,STL,CHC,7,6,1.0,0.5124155060450019,0.5453,STL,STL,1
20240525_CLE@LAA,2024-05-25,LAA,CLE,3,4,0.0,0.43840604228700236,0.5424,CLE,CLE,1
20240525_HOU@ATH,2024-05-25,ATH,HOU,3,1,1.0,0.5010825074132934,0.5449,ATH,ATH,1
20240525_KC@TB,2024-05-25,TB,KC,4,7,0.0,0.48444667936126024,0.5442,KC,KC,1
20240525_LAD@CIN,2024-05-25,CIN,LAD,3,1,1.0,0.5108772747376209,0.5453,CIN,CIN,1
20240525_MIA@AZ,2024-05-25,AZ,MIA,3,2,1.0,0.5637268427368193,0.5474,AZ,AZ,1
20240525_MIL@BOS,2024-05-25,BOS,MIL,3,6,0.0,0.5174597546400199,0.5455,BOS,MIL,0
20240525_NYY@SD,2024-05-25,SD,NYY,1,4,0.0,0.539529420563422,0.5464,SD,NYY,0
20240525_PHI@COL,2024-05-25,COL,PHI,4,8,0.0,0.47668674943827877,0.5439,PHI,PHI,1
20240525_SEA@WSH,2024-05-25,WSH,SEA,3,1,1.0,0.5123786014933882,0.5453,WSH,WSH,1
20240525_SF@NYM,2024-05-25,NYM,SF,2,7,0.0,0.5776040101568477,0.548,NYM,SF,0
20240525_TEX@MIN,2024-05-25,MIN,TEX,5,3,1.0,0.5008205013831525,0.5449,MIN,MIN,1
20240525_TOR@DET,2024-05-25,DET,TOR,2,1,1.0,0.523488889061981,0.5458,DET,DET,1
20240524_ATL@PIT,2024-05-24,PIT,ATL,11,5,1.0,0.46956616162363524,0.5436,ATL,PIT,0
20240524_BAL@CWS,2024-05-24,CWS,BAL,4,6,0.0,0.5947516848822082,0.5487,CWS,BAL,0
20240524_CLE@LAA,2024-05-24,LAA,CLE,4,10,0.0,0.41899453788675034,0.5416,CLE,CLE,1
20240524_HOU@ATH,2024-05-24,ATH,HOU,3,6,0.0,0.5123072293257775,0.5453,ATH,HOU,0
20240524_KC@TB,2024-05-24,TB,KC,1,8,0.0,0.4543827879409475,0.543,KC,KC,1
20240524_LAD@CIN,2024-05-24,CIN,LAD,9,6,1.0,0.5127205187181154,0.5454,CIN,CIN,1
20240524_MIA@AZ,2024-05-24,AZ,MIA,0,3,0.0,0.5232388098420728,0.5458,AZ,MIA,0
20240524_MIL@BOS,2024-05-24,BOS,MIL,2,7,0.0,0.4716934730088149,0.5437,MIL,MIL,1
20240524_NYY@SD,2024-05-24,SD,NYY,0,8,0.0,0.4387189227126588,0.5424,NYY,NYY,1
20240524_PHI@COL,2024-05-24,COL,PHI,3,2,1.0,0.3773804283142307,0.5398,PHI,COL,0
20240524_SEA@WSH,2024-05-24,WSH,SEA,6,1,1.0,0.48658404182697834,0.5443,SEA,WSH,0
20240524_SF@NYM,2024-05-24,NYM,SF,7,8,0.0,0.504965414598723,0.545,NYM,SF,0
20240524_TEX@MIN,2024-05-24,MIN,TEX,3,2,1.0,0.5840682844591047,0.5482,MIN,MIN,1
20240524_TOR@DET,2024-05-24,DET,TOR,6,2,1.0,0.5750073157703057,0.5479,DET,DET,1
20240523_ATL@CHC,2024-05-23,CHC,ATL,0,3,0.0,0.4442564610376827,0.5426,ATL,ATL,1
20240523_BAL@CWS,2024-05-23,CWS,BAL,6,8,0.0,0.5756603793507099,0.5479,CWS,BAL,0
20240523_COL@ATH,2024-05-23,ATH,COL,10,9,1.0,0.6200377737312872,0.5497,ATH,ATH,1
20240523_SD@CIN,2024-05-23,CIN,SD,4,6,0.0,0.4938991670151977,0.5446,SD,SD,1
20240523_SEA@NYY,2024-05-23,NYY,SEA,5,0,1.0,0.6536332607597749,0.5512,NYY,NYY,1
20240523_SF@PIT,2024-05-23,PIT,SF,6,7,0.0,0.4307905987952759,0.5421,SF,SF,1
20240523_TEX@PHI,2024-05-23,PHI,TEX,5,2,1.0,0.6138868474173366,0.5495,PHI,PHI,1
20240523_TOR@DET,2024-05-23,DET,TOR,1,9,0.0,0.5829604088063782,0.5482,DET,TOR,0
20240522_ATL@CHC,2024-05-22,CHC,ATL,2,9,0.0,0.4661173916303902,0.4661,ATL,ATL,1
20240522_AZ@LAD,2024-05-22,LAD,AZ,0,6,0.0,0.6017508467071943,0.6018,LAD,AZ,0
20240522_BAL@STL,2024-05-22,STL,BAL,5,4,1.0,0.5026372131791909,0.5026,STL,STL,1
20240522_BOS@TB,2024-05-22,TB,BOS,5,8,0.0,0.4926718395346602,0.4927,BOS,BOS,1
20240522_COL@ATH,2024-05-22,ATH,COL,3,4,0.0,0.626261781157918,0.6263,ATH,COL,0
20240522_CWS@TOR,2024-05-22,TOR,CWS,9,2,1.0,0.4942961123317595,0.4943,CWS,TOR,0
20240522_DET@KC,2024-05-22,KC,DET,8,3,1.0,0.49216518439311757,0.4922,DET,KC,0
20240522_LAA@HOU,2024-05-22,HOU,LAA,1,2,0.0,0.5980195577147323,0.598,HOU,LAA,0
20240522_MIL@MIA,2024-05-22,MIA,MIL,1,0,1.0,0.3692351406075217,0.3692,MIL,MIA,0
20240522_MIN@WSH,2024-05-22,WSH,MIN,2,3,0.0,0.507469786982714,0.5075,WSH,MIN,0
20240522_NYM@CLE,2024-05-22,CLE,NYM,6,3,1.0,0.5215517157583447,0.5216,CLE,CLE,1
20240522_SD@CIN,2024-05-22,CIN,SD,3,7,0.0,0.4110795100183181,0.4111,SD,SD,1
20240522_SEA@NYY,2024-05-22,NYY,SEA,7,3,1.0,0.56309476579396,0.5631,NYY,NYY,1
20240522_SF@PIT,2024-05-22,PIT,SF,5,9,0.0,0.5140933041072427,0.5141,PIT,SF,0
20240522_TEX@PHI,2024-05-22,PHI,TEX,11,4,1.0,0.6093937833868152,0.6094,PHI,PHI,1
20240521_ATL@CHC,2024-05-21,CHC,ATL,4,3,1.0,0.47703768672406777,0.477,ATL,CHC,0
20240521_AZ@LAD,2024-05-21,LAD,AZ,3,7,0.0,0.5486687990430691,0.5487,LAD,AZ,0
20240521_BAL@STL,2024-05-21,STL,BAL,3,1,1.0,0.4926172840528097,0.4926,BAL,STL,0
20240521_BOS@TB,2024-05-21,TB,BOS,2,5,0.0,0.48615635395653073,0.4862,BOS,BOS,1
20240521_COL@ATH,2024-05-21,ATH,COL,5,4,1.0,0.5654978159841935,0.5655,ATH,ATH,1
20240521_CWS@TOR,2024-05-21,TOR,CWS,0,5,0.0,0.5192375466465133,0.5192,TOR,CWS,0
20240521_DET@KC,2024-05-21,KC,DET,10,3,1.0,0.5738177234580091,0.5738,KC,KC,1
20240521_LAA@HOU,2024-05-21,HOU,LAA,6,5,1.0,0.5849856543102002,0.585,HOU,HOU,1
20240521_MIL@MIA,2024-05-21,MIA,MIL,5,7,0.0,0.4354271527896169,0.4354,MIL,MIL,1
20240521_MIN@WSH,2024-05-21,WSH,MIN,0,10,0.0,0.48542327056236456,0.4854,MIN,MIN,1
20240521_NYM@CLE,2024-05-21,CLE,NYM,7,6,1.0,0.5267809721949029,0.5268,CLE,CLE,1
20240521_SD@CIN,2024-05-21,CIN,SD,2,0,1.0,0.4024594821749519,0.4025,SD,CIN,0
20240521_SEA@NYY,2024-05-21,NYY,SEA,3,6,0.0,0.5986826709776895,0.5987,NYY,SEA,0
20240521_SF@PIT,2024-05-21,PIT,SF,7,6,1.0,0.4417956356694095,0.4418,SF,PIT,0
20240521_TEX@PHI,2024-05-21,PHI,TEX,5,2,1.0,0.6308152515024903,0.6308,PHI,PHI,1
20240520_AZ@LAD,2024-05-20,LAD,AZ,6,4,1.0,0.5327911430449066,0.5328,LAD,LAD,1
20240520_BAL@STL,2024-05-20,STL,BAL,6,3,1.0,0.46078310616834617,0.4608,BAL,STL,0
20240520_BOS@TB,2024-05-20,TB,BOS,0,5,0.0,0.4880574131196985,0.4881,BOS,BOS,1
20240520_CWS@TOR,2024-05-20,TOR,CWS,9,3,1.0,0.549716156943208,0.5497,TOR,TOR,1
20240520_DET@KC,2024-05-20,KC,DET,8,3,1.0,0.5428513607431836,0.5429,KC,KC,1
20240520_LAA@HOU,2024-05-20,HOU,LAA,7,9,0.0,0.5867010511092986,0.5867,HOU,LAA,0
20240520_MIL@MIA,2024-05-20,MIA,MIL,3,2,1.0,0.4368411371434382,0.4368,MIL,MIA,0
20240520_MIN@WSH,2024-05-20,WSH,MIN,12,3,1.0,0.4686359366914739,0.4686,MIN,WSH,0
20240520_NYM@CLE,2024-05-20,CLE,NYM,3,1,1.0,0.4937615064689467,0.4938,NYM,CLE,0
20240520_SD@ATL,2024-05-20,ATL,SD,3,0,1.0,0.6034087036318739,0.6034,ATL,ATL,1
20240520_SD@ATL,2024-05-20,ATL,SD,5,6,0.0,0.5824761854839438,0.5825,ATL,SD,0
20240520_SEA@NYY,2024-05-20,NYY,SEA,4,5,0.0,0.6317552451089179,0.6318,NYY,SEA,0
20240519_ATH@KC,2024-05-19,KC,ATH,8,4,1.0,0.5848903343987819,0.5849,KC,KC,1
20240519_BOS@STL,2024-05-19,STL,BOS,3,11,0.0,0.5181660636140435,0.5182,STL,BOS,0
20240519_CIN@LAD,2024-05-19,LAD,CIN,3,2,1.0,0.6181583485737434,0.6182,LAD,LAD,1
20240519_COL@SF,2024-05-19,SF,COL,4,1,1.0,0.5927528362558235,0.5928,SF,SF,1
20240519_CWS@NYY,2024-05-19,NYY,CWS,7,2,1.0,0.6919176180439753,0.6919,NYY,NYY,1
20240519_DET@AZ,2024-05-19,AZ,DET,6,4,1.0,0.4636600013287526,0.4637,DET,AZ,0
20240519_LAA@TEX,2024-05-19,TEX,LAA,1,4,0.0,0.5266331802045432,0.5266,TEX,LAA,0
20240519_MIL@HOU,2024-05-19,HOU,MIL,9,4,1.0,0.4941515575176101,0.4942,MIL,HOU,0
20240519_MIN@CLE,2024-05-19,CLE,MIN,5,2,1.0,0.5724644234142555,0.5725,CLE,CLE,1
20240519_NYM@MIA,2024-05-19,MIA,NYM,3,7,0.0,0.3697422363952564,0.3697,NYM,NYM,1
20240519_PIT@CHC,2024-05-19,CHC,PIT,2,3,0.0,0.5118309640663502,0.5118,CHC,PIT,0
20240519_SD@ATL,2024-05-19,ATL,SD,1,9,0.0,0.6043677377399266,0.6044,ATL,SD,0
20240519_SEA@BAL,2024-05-19,BAL,SEA,6,3,1.0,0.4736659743553959,0.4737,SEA,BAL,0
20240519_TB@TOR,2024-05-19,TOR,TB,5,2,1.0,0.5086973433420007,0.5087,TOR,TOR,1
20240519_WSH@PHI,2024-05-19,PHI,WSH,11,5,1.0,0.619520854959853,0.6195,PHI,PHI,1
20240518_ATH@KC,2024-05-18,KC,ATH,5,3,1.0,0.6492754959363564,0.6493,KC,KC,1
20240518_BOS@STL,2024-05-18,STL,BOS,7,2,1.0,0.5596473673619319,0.5596,STL,STL,1
20240518_CIN@LAD,2024-05-18,LAD,CIN,4,0,1.0,0.6465584414073643,0.6466,LAD,LAD,1
20240518_COL@SF,2024-05-18,SF,COL,14,4,1.0,0.6351646248335576,0.6352,SF,SF,1
20240518_CWS@NYY,2024-05-18,NYY,CWS,6,1,1.0,0.6533220665370856,0.6533,NYY,NYY,1
20240518_DET@AZ,2024-05-18,AZ,DET,3,8,0.0,0.512942852460888,0.5129,AZ,DET,0
20240518_LAA@TEX,2024-05-18,TEX,LAA,3,2,1.0,0.49957799746923426,0.4996,LAA,TEX,0
20240518_MIL@HOU,2024-05-18,HOU,MIL,2,4,0.0,0.4858095504600228,0.4858,MIL,MIL,1
20240518_MIN@CLE,2024-05-18,CLE,MIN,11,4,1.0,0.5788094310203454,0.5788,CLE,CLE,1
20240518_NYM@MIA,2024-05-18,MIA,NYM,10,9,1.0,0.47384167160110185,0.4738,NYM,MIA,0
20240518_PIT@CHC,2024-05-18,CHC,PIT,1,0,1.0,0.5406118370433871,0.5406,CHC,CHC,1
20240518_SEA@BAL,2024-05-18,BAL,SEA,3,4,0.0,0.5557811885928631,0.5558,BAL,SEA,0
20240518_TB@TOR,2024-05-18,TOR,TB,4,5,0.0,0.5518702727601333,0.5519,TOR,TB,0
20240518_WSH@PHI,2024-05-18,PHI,WSH,4,3,1.0,0.6299309578610252,0.6299,PHI,PHI,1
20240517_ATH@KC,2024-05-17,KC,ATH,6,2,1.0,0.6178120464218304,0.6178,KC,KC,1
20240517_BOS@STL,2024-05-17,STL,BOS,10,6,1.0,0.5261889615847659,0.5262,STL,STL,1
20240517_CIN@LAD,2024-05-17,LAD,CIN,7,3,1.0,0.594490146610346,0.5945,LAD,LAD,1
20240517_COL@SF,2024-05-17,SF,COL,10,5,1.0,0.6016220063589262,0.6016,SF,SF,1
20240517_CWS@NYY,2024-05-17,NYY,CWS,4,2,1.0,0.6616795646932379,0.6617,NYY,NYY,1
20240517_DET@AZ,2024-05-17,AZ,DET,0,13,0.0,0.5349069694055617,0.5349,AZ,DET,0
20240517_LAA@TEX,2024-05-17,TEX,LAA,3,9,0.0,0.48086918294006337,0.4809,LAA,LAA,1
20240517_MIL@HOU,2024-05-17,HOU,MIL,5,4,1.0,0.47505397141249117,0.4751,MIL,HOU,0
20240517_MIN@CLE,2024-05-17,CLE,MIN,3,2,1.0,0.5216300520371772,0.5216,CLE,CLE,1
20240517_NYM@MIA,2024-05-17,MIA,NYM,8,0,1.0,0.39186980105481983,0.3919,NYM,MIA,0
20240517_PIT@CHC,2024-05-17,CHC,PIT,3,9,0.0,0.4733085780582088,0.4733,PIT,PIT,1
20240517_SD@ATL,2024-05-17,ATL,SD,1,3,0.0,0.5848465130583598,0.5848,ATL,SD,0
20240517_SEA@BAL,2024-05-17,BAL,SEA,9,2,1.0,0.48406906118781673,0.4841,SEA,BAL,0
20240517_TB@TOR,2024-05-17,TOR,TB,3,4,0.0,0.5401718998528527,0.5402,TOR,TB,0
20240517_WSH@PHI,2024-05-17,PHI,WSH,4,2,1.0,0.6718765258320077,0.6719,PHI,PHI,1
20240516_ATH@HOU,2024-05-16,HOU,ATH,8,1,1.0,0.5195254483460784,0.5195,HOU,HOU,1
20240516_CIN@LAD,2024-05-16,LAD,CIN,2,7,0.0,0.6153275411792654,0.6153,LAD,CIN,0
20240516_NYM@PHI,2024-05-16,PHI,NYM,5,6,0.0,0.5824082592560745,0.5824,PHI,NYM,0
20240516_NYY@MIN,2024-05-16,MIN,NYY,0,5,0.0,0.42880180371450144,0.4288,NYY,NYY,1
20240516_PIT@CHC,2024-05-16,CHC,PIT,4,5,0.0,0.5203252394076818,0.5203,CHC,PIT,0
20240516_TB@BOS,2024-05-16,BOS,TB,5,7,0.0,0.49827878397655556,0.4983,TB,TB,1
20240515_ATH@HOU,2024-05-15,HOU,ATH,3,0,1.0,0.4645146837509859,0.4645,ATH,HOU,0
20240515_CHC@ATL,2024-05-15,ATL,CHC,1,7,0.0,0.6440324694415365,0.644,ATL,CHC,0
20240515_CIN@AZ,2024-05-15,AZ,CIN,2,1,1.0,0.532270972523342,0.5323,AZ,AZ,1
20240515_CLE@TEX,2024-05-15,TEX,CLE,4,0,1.0,0.44198467093688915,0.442,CLE,TEX,0
20240515_COL@SD,2024-05-15,SD,COL,0,8,0.0,0.6391042385237129,0.6391,SD,COL,0
20240515_KC@SEA,2024-05-15,SEA,KC,4,2,1.0,0.4895400594786459,0.4895,KC,SEA,0
20240515_LAD@SF,2024-05-15,SF,LAD,4,1,1.0,0.44373272884220655,0.4437,LAD,SF,0
20240515_MIA@DET,2024-05-15,DET,MIA,0,2,0.0,0.6296830347218216,0.6297,DET,MIA,0
20240515_NYM@PHI,2024-05-15,PHI,NYM,10,5,1.0,0.5422067275794151,0.5422,PHI,PHI,1
20240515_NYY@MIN,2024-05-15,MIN,NYY,0,4,0.0,0.5647788697697994,0.5648,MIN,NYY,0
20240515_PIT@MIL,2024-05-15,MIL,PIT,10,2,1.0,0.5556452766467908,0.5556,MIL,MIL,1
20240515_STL@LAA,2024-05-15,LAA,STL,7,2,1.0,0.4806330008406229,0.4806,STL,LAA,0
20240515_TB@BOS,2024-05-15,BOS,TB,3,4,0.0,0.45169958303400704,0.4517,TB,TB,1
20240515_TOR@BAL,2024-05-15,BAL,TOR,3,2,1.0,0.639880343608482,0.6399,BAL,BAL,1
20240515_WSH@CWS,2024-05-15,CWS,WSH,2,0,1.0,0.5054794663178345,0.5055,CWS,CWS,1
20240514_ATH@HOU,2024-05-14,HOU,ATH,2,1,1.0,0.5115155690157073,0.5115,HOU,HOU,1
20240514_CHC@ATL,2024-05-14,ATL,CHC,7,0,1.0,0.5932608401118236,0.5933,ATL,ATL,1
20240514_CIN@AZ,2024-05-14,AZ,CIN,2,6,0.0,0.5557483167635705,0.5557,AZ,CIN,0
20240514_CLE@TEX,2024-05-14,TEX,CLE,4,7,0.0,0.45379671431926205,0.4538,CLE,CLE,1
20240514_COL@SD,2024-05-14,SD,COL,3,6,0.0,0.6322797917349191,0.6323,SD,COL,0
20240514_KC@SEA,2024-05-14,SEA,KC,2,4,0.0,0.5077872514439087,0.5078,SEA,KC,0
20240514_LAD@SF,2024-05-14,SF,LAD,2,10,0.0,0.5108083717159841,0.5108,SF,LAD,0
20240514_MIA@DET,2024-05-14,DET,MIA,0,1,0.0,0.6312958398686154,0.6313,DET,MIA,0
20240514_NYY@MIN,2024-05-14,MIN,NYY,1,5,0.0,0.4317713002575422,0.4318,NYY,NYY,1
20240514_PHI@NYM,2024-05-14,NYM,PHI,0,4,0.0,0.48113309198116916,0.4811,PHI,PHI,1
20240514_PIT@MIL,2024-05-14,MIL,PIT,4,3,1.0,0.580615311804686,0.5806,MIL,MIL,1
20240514_STL@LAA,2024-05-14,LAA,STL,6,7,0.0,0.46861336050339986,0.4686,STL,STL,1
20240514_TB@BOS,2024-05-14,BOS,TB,5,4,1.0,0.4904334643989906,0.4904,TB,BOS,0
20240514_WSH@CWS,2024-05-14,CWS,WSH,4,0,1.0,0.49040745484079973,0.4904,WSH,CWS,0
20240514_WSH@CWS,2024-05-14,CWS,WSH,3,6,0.0,0.48004751700994724,0.48,WSH,WSH,1
20240513_ATH@HOU,2024-05-13,HOU,ATH,9,2,1.0,0.48533504160298147,0.4853,ATH,HOU,0
20240513_CHC@ATL,2024-05-13,ATL,CHC,2,0,1.0,0.6393219036128447,0.6393,ATL,ATL,1
20240513_CIN@AZ,2024-05-13,AZ,CIN,6,5,1.0,0.549137672714007,0.5491,AZ,AZ,1
20240513_CLE@TEX,2024-05-13,TEX,CLE,0,7,0.0,0.44543579804504296,0.4454,CLE,CLE,1
20240513_COL@SD,2024-05-13,SD,COL,4,5,0.0,0.578290679318518,0.5783,SD,COL,0
20240513_KC@SEA,2024-05-13,SEA,KC,6,2,1.0,0.4915684070317369,0.4916,KC,SEA,0
20240513_LAD@SF,2024-05-13,SF,LAD,4,6,0.0,0.4973362318283212,0.4973,LAD,LAD,1
20240513_MIA@DET,2024-05-13,DET,MIA,6,5,1.0,0.597329999230147,0.5973,DET,DET,1
20240513_PHI@NYM,2024-05-13,NYM,PHI,4,5,0.0,0.4245489759613431,0.4245,PHI,PHI,1
20240513_PIT@MIL,2024-05-13,MIL,PIT,6,8,0.0,0.6108733199781207,0.6109,MIL,PIT,0
20240513_STL@LAA,2024-05-13,LAA,STL,5,10,0.0,0.5259296160489778,0.5259,LAA,STL,0
20240513_TB@BOS,2024-05-13,BOS,TB,3,5,0.0,0.5498236718332595,0.5498,BOS,TB,0
20240513_TOR@BAL,2024-05-13,BAL,TOR,2,3,0.0,0.597656191195953,0.5977,BAL,TOR,0
20240512_ATH@SEA,2024-05-12,SEA,ATH,8,4,1.0,0.616703747734602,0.6167,SEA,SEA,1
20240512_ATL@NYM,2024-05-12,NYM,ATL,4,3,1.0,0.41585853211203516,0.4159,ATL,NYM,0
20240512_AZ@BAL,2024-05-12,BAL,AZ,2,9,0.0,0.5532570842135622,0.5533,BAL,AZ,0
20240512_CHC@PIT,2024-05-12,PIT,CHC,4,5,0.0,0.5474567120290904,0.5475,PIT,CHC,0
20240512_CIN@SF,2024-05-12,SF,CIN,6,5,1.0,0.46572761969336124,0.4657,CIN,SF,0
20240512_CLE@CWS,2024-05-12,CWS,CLE,0,7,0.0,0.41177832274241855,0.4118,CLE,CLE,1
20240512_HOU@DET,2024-05-12,DET,HOU,3,9,0.0,0.616931437411841,0.6169,DET,HOU,0
20240512_KC@LAA,2024-05-12,LAA,KC,2,4,0.0,0.43253677866579154,0.4325,KC,KC,1
20240512_LAD@SD,2024-05-12,SD,LAD,4,0,1.0,0.46164993268724963,0.4616,LAD,SD,0
20240512_MIN@TOR,2024-05-12,TOR,MIN,1,5,0.0,0.46451024740789254,0.4645,MIN,MIN,1
20240512_NYY@TB,2024-05-12,TB,NYY,6,10,0.0,0.4943023548206157,0.4943,NYY,NYY,1
20240512_PHI@MIA,2024-05-12,MIA,PHI,7,6,1.0,0.4256494004864596,0.4256,PHI,MIA,0
20240512_STL@MIL,2024-05-12,MIL,STL,3,4,0.0,0.6285478461620602,0.6285,MIL,STL,0
20240512_TEX@COL,2024-05-12,COL,TEX,3,1,1.0,0.36074763503861174,0.3607,TEX,COL,0
20240512_WSH@BOS,2024-05-12,BOS,WSH,3,2,1.0,0.44452447706097936,0.4445,WSH,BOS,0
20240511_ATH@SEA,2024-05-11,SEA,ATH,1,8,0.0,0.5135301129587176,0.5135,SEA,ATH,0
20240511_ATL@NYM,2024-05-11,NYM,ATL,1,4,0.0,0.44441207412433203,0.4444,ATL,ATL,1
20240511_AZ@BAL,2024-05-11,BAL,AZ,5,4,1.0,0.5625298526263807,0.5625,BAL,BAL,1
20240511_CHC@PIT,2024-05-11,PIT,CHC,10,9,1.0,0.5045393800144344,0.5045,PIT,PIT,1
20240511_CIN@SF,2024-05-11,SF,CIN,5,1,1.0,0.497816469225418,0.4978,CIN,SF,0
20240511_CLE@CWS,2024-05-11,CWS,CLE,3,1,1.0,0.34770877903094055,0.3477,CLE,CWS,0
20240511_HOU@DET,2024-05-11,DET,HOU,8,2,1.0,0.6229188993373523,0.6229,DET,DET,1
20240511_KC@LAA,2024-05-11,LAA,KC,9,3,1.0,0.46019723620123176,0.4602,KC,LAA,0
20240511_LAD@SD,2024-05-11,SD,LAD,0,5,0.0,0.4739046114158498,0.4739,LAD,LAD,1
20240511_MIN@TOR,2024-05-11,TOR,MIN,10,8,1.0,0.5012232310524378,0.5012,TOR,TOR,1
20240511_NYY@TB,2024-05-11,TB,NYY,7,2,1.0,0.4826006087790131,0.4826,NYY,TB,0
20240511_PHI@MIA,2024-05-11,MIA,PHI,3,8,0.0,0.41576627899416413,0.4158,PHI,PHI,1
20240511_STL@MIL,2024-05-11,MIL,STL,5,3,1.0,0.6295071420796284,0.6295,MIL,MIL,1
20240511_TEX@COL,2024-05-11,COL,TEX,8,3,1.0,0.46787603019489704,0.4679,TEX,COL,0
20240511_WSH@BOS,2024-05-11,BOS,WSH,4,2,1.0,0.5316893238750375,0.5317,BOS,BOS,1
20240510_ATH@SEA,2024-05-10,SEA,ATH,8,1,1.0,0.48806008140724916,0.4881,ATH,SEA,0
20240510_ATL@NYM,2024-05-10,NYM,ATL,2,4,0.0,0.4425815592967384,0.4426,ATL,ATL,1
20240510_AZ@BAL,2024-05-10,BAL,AZ,4,2,1.0,0.5582798639599625,0.5583,BAL,BAL,1
20240510_CHC@PIT,2024-05-10,PIT,CHC,2,7,0.0,0.5558058044575757,0.5558,PIT,CHC,0
20240510_CIN@SF,2024-05-10,SF,CIN,2,4,0.0,0.5507346395974795,0.5507,SF,CIN,0
20240510_CLE@CWS,2024-05-10,CWS,CLE,6,3,1.0,0.5090621975948091,0.5091,CWS,CWS,1
20240510_HOU@DET,2024-05-10,DET,HOU,2,5,0.0,0.5586146740315102,0.5586,DET,HOU,0
20240510_KC@LAA,2024-05-10,LAA,KC,1,2,0.0,0.45338284739506307,0.4534,KC,KC,1
20240510_LAD@SD,2024-05-10,SD,LAD,2,1,1.0,0.44287894279043893,0.4429,LAD,SD,0
20240510_MIN@TOR,2024-05-10,TOR,MIN,2,3,0.0,0.4159386616969575,0.4159,MIN,MIN,1
20240510_NYY@TB,2024-05-10,TB,NYY,0,2,0.0,0.44934466083369007,0.4493,NYY,NYY,1
20240510_PHI@MIA,2024-05-10,MIA,PHI,2,8,0.0,0.3755235553736846,0.3755,PHI,PHI,1
20240510_STL@MIL,2024-05-10,MIL,STL,11,2,1.0,0.6140535640621849,0.6141,MIL,MIL,1
20240510_TEX@COL,2024-05-10,COL,TEX,4,2,1.0,0.36731982901299765,0.3673,TEX,COL,0
20240510_WSH@BOS,2024-05-10,BOS,WSH,1,5,0.0,0.5171224063454789,0.5171,BOS,WSH,0
20240509_AZ@CIN,2024-05-09,CIN,AZ,4,5,0.0,0.5145122775855167,0.5145,CIN,AZ,0
20240509_CLE@CWS,2024-05-09,CWS,CLE,3,2,1.0,0.43865967464821276,0.4387,CLE,CWS,0
20240509_HOU@NYY,2024-05-09,NYY,HOU,3,4,0.0,0.6330566233288405,0.6331,NYY,HOU,0
20240509_KC@LAA,2024-05-09,LAA,KC,4,10,0.0,0.46864062432180603,0.4686,KC,KC,1
20240509_SEA@MIN,2024-05-09,MIN,SEA,11,1,1.0,0.5327399400379371,0.5327,MIN,MIN,1
20240509_SF@COL,2024-05-09,COL,SF,9,1,1.0,0.4097407372735692,0.4097,SF,COL,0
20240509_STL@MIL,2024-05-09,MIL,STL,7,1,1.0,0.5824458746691541,0.5824,MIL,MIL,1
20240508_AZ@CIN,2024-05-08,CIN,AZ,3,4,0.0,0.5668690802716261,0.5669,CIN,AZ,0
20240508_BAL@WSH,2024-05-08,WSH,BAL,6,7,0.0,0.44462120082967915,0.4446,BAL,BAL,1
20240508_BOS@ATL,2024-05-08,ATL,BOS,5,0,1.0,0.5409834319407993,0.541,ATL,ATL,1
20240508_CWS@TB,2024-05-08,TB,CWS,1,4,0.0,0.6086845390449156,0.6087,TB,CWS,0
20240508_DET@CLE,2024-05-08,CLE,DET,5,4,1.0,0.540048174644511,0.54,CLE,CLE,1
20240508_HOU@NYY,2024-05-08,NYY,HOU,9,4,1.0,0.559311920560929,0.5593,NYY,NYY,1
20240508_LAA@PIT,2024-05-08,PIT,LAA,4,5,0.0,0.457777785642682,0.4578,LAA,LAA,1
20240508_MIA@LAD,2024-05-08,LAD,MIA,3,1,1.0,0.5229656529003583,0.523,LAD,LAD,1
20240508_MIL@KC,2024-05-08,KC,MIL,6,4,1.0,0.4801366906654756,0.4801,MIL,KC,0
20240508_SD@CHC,2024-05-08,CHC,SD,0,3,0.0,0.5149752847489643,0.515,CHC,SD,0
20240508_SEA@MIN,2024-05-08,MIN,SEA,6,3,1.0,0.452291345791339,0.4523,SEA,MIN,0
20240508_SF@COL,2024-05-08,COL,SF,6,8,0.0,0.4279031446641704,0.4279,SF,SF,1
20240508_TEX@ATH,2024-05-08,ATH,TEX,9,4,1.0,0.5336040020172652,0.5336,ATH,ATH,1
20240508_TEX@ATH,2024-05-08,ATH,TEX,11,12,0.0,0.4617932766120463,0.4618,TEX,TEX,1
20240508_TOR@PHI,2024-05-08,PHI,TOR,3,5,0.0,0.5471536674527246,0.5472,PHI,TOR,0
20240507_AZ@CIN,2024-05-07,CIN,AZ,2,6,0.0,0.5079616587608132,0.508,CIN,AZ,0
20240507_BAL@WSH,2024-05-07,WSH,BAL,3,0,1.0,0.3872398713678248,0.3872,BAL,WSH,0
20240507_BOS@ATL,2024-05-07,ATL,BOS,4,2,1.0,0.6208102055702781,0.6208,ATL,ATL,1
20240507_CWS@TB,2024-05-07,TB,CWS,5,1,1.0,0.5788233976517845,0.5788,TB,TB,1
20240507_DET@CLE,2024-05-07,CLE,DET,7,11,0.0,0.5040870914148001,0.5041,CLE,DET,0
20240507_HOU@NYY,2024-05-07,NYY,HOU,10,3,1.0,0.5781271735686419,0.5781,NYY,NYY,1
20240507_LAA@PIT,2024-05-07,PIT,LAA,0,9,0.0,0.5462616947909462,0.5463,PIT,LAA,0
20240507_MIA@LAD,2024-05-07,LAD,MIA,8,2,1.0,0.5933457174659929,0.5933,LAD,LAD,1
20240507_MIL@KC,2024-05-07,KC,MIL,5,6,0.0,0.541382273506823,0.5414,KC,MIL,0
20240507_NYM@STL,2024-05-07,STL,NYM,5,7,0.0,0.4805493524746482,0.4805,NYM,NYM,1
20240507_SD@CHC,2024-05-07,CHC,SD,3,2,1.0,0.5898014199554973,0.5898,CHC,CHC,1
20240507_SEA@MIN,2024-05-07,MIN,SEA,6,10,0.0,0.4141515944319446,0.4142,SEA,SEA,1
20240507_SF@COL,2024-05-07,COL,SF,0,5,0.0,0.4519895438072221,0.452,SF,SF,1
20240507_TEX@ATH,2024-05-07,ATH,TEX,8,15,0.0,0.45020527242494757,0.4502,TEX,TEX,1
20240507_TOR@PHI,2024-05-07,PHI,TOR,10,1,1.0,0.5959828406800086,0.596,PHI,PHI,1
20240506_CWS@TB,2024-05-06,TB,CWS,8,2,1.0,0.4848299142454773,0.4848,CWS,TB,0
20240506_DET@CLE,2024-05-06,CLE,DET,2,1,1.0,0.46029249561830804,0.4603,DET,CLE,0
20240506_LAA@PIT,2024-05-06,PIT,LAA,4,1,1.0,0.529667704325863,0.5297,PIT,PIT,1
20240506_MIA@LAD,2024-05-06,LAD,MIA,6,3,1.0,0.5383118257980084,0.5383,LAD,LAD,1
20240506_MIL@KC,2024-05-06,KC,MIL,3,2,1.0,0.6210068580415762,0.621,KC,KC,1
20240506_NYM@STL,2024-05-06,STL,NYM,3,4,0.0,0.44388777577550165,0.4439,NYM,NYM,1
20240506_SD@CHC,2024-05-06,CHC,SD,3,6,0.0,0.5524783444361878,0.5525,CHC,SD,0
20240506_SEA@MIN,2024-05-06,MIN,SEA,3,1,1.0,0.433834326104673,0.4338,SEA,MIN,0
20240506_SF@PHI,2024-05-06,PHI,SF,6,1,1.0,0.43823541333350946,0.4382,SF,PHI,0
20240506_TEX@ATH,2024-05-06,ATH,TEX,2,4,0.0,0.5568542960270544,0.5569,ATH,TEX,0
20240505_ATL@LAD,2024-05-05,LAD,ATL,5,1,1.0,0.47027313333695986,0.4703,ATL,LAD,0
20240505_BAL@CIN,2024-05-05,CIN,BAL,1,11,0.0,0.41154269657795434,0.4115,BAL,BAL,1
20240505_BOS@MIN,2024-05-05,MIN,BOS,2,9,0.0,0.6037400783700132,0.6037,MIN,BOS,0
20240505_COL@PIT,2024-05-05,PIT,COL,5,3,1.0,0.5745004077838395,0.5745,PIT,PIT,1
20240505_CWS@STL,2024-05-05,STL,CWS,1,5,0.0,0.6257984972601143,0.6258,STL,CWS,0
20240505_DET@NYY,2024-05-05,NYY,DET,5,2,1.0,0.5159387894880666,0.5159,NYY,NYY,1
20240505_LAA@CLE,2024-05-05,CLE,LAA,4,1,1.0,0.5265991130540866,0.5266,CLE,CLE,1
20240505_MIA@ATH,2024-05-05,ATH,MIA,3,12,0.0,0.6011984954953,0.6012,ATH,MIA,0
20240505_MIL@CHC,2024-05-05,CHC,MIL,5,0,1.0,0.45273227905291624,0.4527,MIL,CHC,0
20240505_NYM@TB,2024-05-05,TB,NYM,7,6,1.0,0.5567992058802742,0.5568,TB,TB,1
20240505_SD@AZ,2024-05-05,AZ,SD,11,4,1.0,0.42395723002491414,0.424,SD,AZ,0
20240505_SEA@HOU,2024-05-05,HOU,SEA,4,5,0.0,0.3956223817005915,0.3956,SEA,SEA,1
20240505_SF@PHI,2024-05-05,PHI,SF,5,4,1.0,0.5198375605459168,0.5198,PHI,PHI,1
20240505_TEX@KC,2024-05-05,KC,TEX,2,3,0.0,0.5458929644477434,0.5459,KC,TEX,0
20240505_TOR@WSH,2024-05-05,WSH,TOR,11,8,1.0,0.3570552666222568,0.3571,TOR,WSH,0
20240504_ATL@LAD,2024-05-04,LAD,ATL,11,2,1.0,0.5186518254332633,0.5187,LAD,LAD,1
20240504_BAL@CIN,2024-05-04,CIN,BAL,1,2,0.0,0.3672810113703521,0.3673,BAL,BAL,1
20240504_BOS@MIN,2024-05-04,MIN,BOS,3,1,1.0,0.5811877408603872,0.5812,MIN,MIN,1
20240504_COL@PIT,2024-05-04,PIT,COL,1,0,1.0,0.674408368719531,0.6744,PIT,PIT,1
20240504_CWS@STL,2024-05-04,STL,CWS,5,6,0.0,0.5668762036023658,0.5669,STL,CWS,0
20240504_DET@NYY,2024-05-04,NYY,DET,5,3,1.0,0.5441752799762754,0.5442,NYY,NYY,1
20240504_LAA@CLE,2024-05-04,CLE,LAA,7,1,1.0,0.5483061071884591,0.5483,CLE,CLE,1
20240504_MIA@ATH,2024-05-04,ATH,MIA,20,4,1.0,0.5237122700545931,0.5237,ATH,ATH,1
20240504_MIL@CHC,2024-05-04,CHC,MIL,6,5,1.0,0.4989746839514123,0.499,MIL,CHC,0
20240504_NYM@TB,2024-05-04,TB,NYM,3,1,1.0,0.4642749370882582,0.4643,NYM,TB,0
20240504_SD@AZ,2024-05-04,AZ,SD,1,13,0.0,0.4592575227976243,0.4593,SD,SD,1
20240504_SEA@HOU,2024-05-04,HOU,SEA,0,5,0.0,0.4977919825847861,0.4978,SEA,SEA,1
20240504_SF@PHI,2024-05-04,PHI,SF,14,3,1.0,0.5890841778605777,0.5891,PHI,PHI,1
20240504_TEX@KC,2024-05-04,KC,TEX,4,15,0.0,0.5361450705581742,0.5361,KC,TEX,0
20240504_TOR@WSH,2024-05-04,WSH,TOR,3,6,0.0,0.5216355649538796,0.5216,WSH,TOR,0
20240503_ATL@LAD,2024-05-03,LAD,ATL,4,3,1.0,0.5274849267617966,0.5275,LAD,LAD,1
20240503_BAL@CIN,2024-05-03,CIN,BAL,0,3,0.0,0.523004310585326,0.523,CIN,BAL,0
20240503_BOS@MIN,2024-05-03,MIN,BOS,5,2,1.0,0.4516237670624997,0.4516,BOS,MIN,0
20240503_COL@PIT,2024-05-03,PIT,COL,2,3,0.0,0.6174562884130168,0.6175,PIT,COL,0
20240503_CWS@STL,2024-05-03,STL,CWS,3,0,1.0,0.5685882571212969,0.5686,STL,STL,1
20240503_DET@NYY,2024-05-03,NYY,DET,2,1,1.0,0.5296787369322025,0.5297,NYY,NYY,1
20240503_LAA@CLE,2024-05-03,CLE,LAA,0,6,0.0,0.5612855444333056,0.5613,CLE,LAA,0
20240503_MIA@ATH,2024-05-03,ATH,MIA,3,1,1.0,0.471778790681299,0.4718,MIA,ATH,0
20240503_MIL@CHC,2024-05-03,CHC,MIL,1,3,0.0,0.4667591541230118,0.4668,MIL,MIL,1
20240503_NYM@TB,2024-05-03,TB,NYM,10,8,1.0,0.5087507768305622,0.5088,TB,TB,1
20240503_SD@AZ,2024-05-03,AZ,SD,1,7,0.0,0.4759988862790418,0.476,SD,SD,1
20240503_SEA@HOU,2024-05-03,HOU,SEA,5,3,1.0,0.42364955320840936,0.4236,SEA,HOU,0
20240503_SF@PHI,2024-05-03,PHI,SF,4,3,1.0,0.5260695250821216,0.5261,PHI,PHI,1
20240503_TEX@KC,2024-05-03,KC,TEX,7,1,1.0,0.4839846309173411,0.484,TEX,KC,0
20240503_TOR@WSH,2024-05-03,WSH,TOR,9,3,1.0,0.45784758743929876,0.4578,TOR,WSH,0
20240502_CHC@NYM,2024-05-02,NYM,CHC,7,6,1.0,0.46043765647368107,0.4604,CHC,NYM,0
20240502_CLE@HOU,2024-05-02,HOU,CLE,8,2,1.0,0.4412770753581452,0.4413,CLE,HOU,0
20240502_COL@MIA,2024-05-02,MIA,COL,5,4,1.0,0.6089514064629817,0.609,MIA,MIA,1
20240502_NYY@BAL,2024-05-02,BAL,NYY,7,2,1.0,0.47514818093778316,0.4751,NYY,BAL,0
20240502_SF@BOS,2024-05-02,BOS,SF,1,3,0.0,0.5501274376572496,0.5501,BOS,SF,0
20240502_WSH@TEX,2024-05-02,TEX,WSH,6,0,1.0,0.44469915791516595,0.4447,WSH,TEX,0
20240501_ATL@SEA,2024-05-01,SEA,ATL,2,5,0.0,0.42020171799274575,0.4202,ATL,ATL,1
20240501_CHC@NYM,2024-05-01,NYM,CHC,0,1,0.0,0.4529748108404251,0.453,CHC,CHC,1
20240501_CIN@SD,2024-05-01,SD,CIN,6,2,1.0,0.4540804105579095,0.4541,CIN,SD,0
20240501_CLE@HOU,2024-05-01,HOU,CLE,2,3,0.0,0.4960933984425839,0.4961,CLE,CLE,1
20240501_COL@MIA,2024-05-01,MIA,COL,4,1,1.0,0.5985503519218485,0.5986,MIA,MIA,1
20240501_KC@TOR,2024-05-01,TOR,KC,1,6,0.0,0.444833379106767,0.4448,KC,KC,1
20240501_LAD@AZ,2024-05-01,AZ,LAD,0,8,0.0,0.4197504370113512,0.4198,LAD,LAD,1
20240501_MIN@CWS,2024-05-01,CWS,MIN,5,10,0.0,0.45852963516071765,0.4585,MIN,MIN,1
20240501_NYY@BAL,2024-05-01,BAL,NYY,0,2,0.0,0.5070091946729285,0.507,BAL,NYY,0
20240501_PHI@LAA,2024-05-01,LAA,PHI,1,2,0.0,0.5131582851322456,0.5132,LAA,PHI,0
20240501_PIT@ATH,2024-05-01,ATH,PIT,4,0,1.0,0.4134327883368617,0.4134,PIT,ATH,0
20240501_SF@BOS,2024-05-01,BOS,SF,6,2,1.0,0.40532195371297264,0.4053,SF,BOS,0
20240501_STL@DET,2024-05-01,DET,STL,4,1,1.0,0.5381166346685857,0.5381,DET,DET,1
20240501_TB@MIL,2024-05-01,MIL,TB,7,1,1.0,0.5887398478253655,0.5887,MIL,MIL,1
20240501_WSH@TEX,2024-05-01,TEX,WSH,0,1,0.0,0.4519724965226591,0.452,WSH,WSH,1
20240430_ATL@SEA,2024-04-30,SEA,ATL,3,2,1.0,0.44540813774717986,0.4454,ATL,SEA,0
20240430_CHC@NYM,2024-04-30,NYM,CHC,4,2,1.0,0.3796358184734915,0.3796,CHC,NYM,0
20240430_CIN@SD,2024-04-30,SD,CIN,6,4,1.0,0.49736506348979,0.4974,CIN,SD,0
20240430_CLE@HOU,2024-04-30,HOU,CLE,10,9,1.0,0.4392318851238829,0.4392,CLE,HOU,0
20240430_COL@MIA,2024-04-30,MIA,COL,7,6,1.0,0.5161265366790133,0.5161,MIA,MIA,1
20240430_KC@TOR,2024-04-30,TOR,KC,1,4,0.0,0.4209269806710738,0.4209,KC,KC,1
20240430_LAD@AZ,2024-04-30,AZ,LAD,4,3,1.0,0.5257094430672632,0.5257,AZ,AZ,1
20240430_MIN@CWS,2024-04-30,CWS,MIN,5,6,0.0,0.4894396598400198,0.4894,MIN,MIN,1
20240430_NYY@BAL,2024-04-30,BAL,NYY,4,2,1.0,0.4779632257799947,0.478,NYY,BAL,0
20240430_PHI@LAA,2024-04-30,LAA,PHI,5,7,0.0,0.5391327300173371,0.5391,LAA,PHI,0
20240430_PIT@ATH,2024-04-30,ATH,PIT,5,2,1.0,0.4428915755498046,0.4429,PIT,ATH,0
20240430_SF@BOS,2024-04-30,BOS,SF,4,0,1.0,0.4818066258413902,0.4818,SF,BOS,0
20240430_STL@DET,2024-04-30,DET,STL,1,2,0.0,0.529255385908312,0.5293,DET,STL,0
20240430_STL@DET,2024-04-30,DET,STL,11,6,1.0,0.5370526103967553,0.5371,DET,DET,1
20240430_TB@MIL,2024-04-30,MIL,TB,8,2,1.0,0.5532309334221357,0.5532,MIL,MIL,1
20240430_WSH@TEX,2024-04-30,TEX,WSH,7,1,1.0,0.5192151155393685,0.5192,TEX,TEX,1
20240429_ATL@SEA,2024-04-29,SEA,ATL,2,1,1.0,0.4571931981553884,0.4572,ATL,SEA,0
20240429_CHC@NYM,2024-04-29,NYM,CHC,1,3,0.0,0.4543242082257313,0.4543,CHC,CHC,1
20240429_CIN@SD,2024-04-29,SD,CIN,2,5,0.0,0.4530895130710176,0.4531,CIN,CIN,1
20240429_KC@TOR,2024-04-29,TOR,KC,6,5,1.0,0.39159798617063024,0.3916,KC,TOR,0
20240429_LAD@AZ,2024-04-29,AZ,LAD,4,8,0.0,0.6042657084245889,0.6043,AZ,LAD,0
20240429_MIN@CWS,2024-04-29,CWS,MIN,2,3,0.0,0.46761431201574377,0.4676,MIN,MIN,1
20240429_NYY@BAL,2024-04-29,BAL,NYY,2,0,1.0,0.4689533787438237,0.469,NYY,BAL,0
20240429_PHI@LAA,2024-04-29,LAA,PHI,6,5,1.0,0.492018560002621,0.492,PHI,LAA,0
20240429_PIT@ATH,2024-04-29,ATH,PIT,5,1,1.0,0.4518553754647358,0.4519,PIT,ATH,0
20240429_TB@MIL,2024-04-29,MIL,TB,0,1,0.0,0.5612106866100571,0.5612,MIL,TB,0
20240429_WSH@MIA,2024-04-29,MIA,WSH,2,7,0.0,0.5354981829489012,0.5355,MIA,WSH,0
20240428_ATH@BAL,2024-04-28,BAL,ATH,6,7,0.0,0.6419925953873847,0.642,BAL,ATH,0
20240428_AZ@SEA,2024-04-28,SEA,AZ,2,3,0.0,0.5956812367186558,0.5957,SEA,AZ,0
20240428_CHC@BOS,2024-04-28,BOS,CHC,5,4,1.0,0.4589354780191239,0.4589,CHC,BOS,0
20240428_CIN@TEX,2024-04-28,TEX,CIN,4,3,1.0,0.509895156997251,0.5099,TEX,TEX,1
20240428_CLE@ATL,2024-04-28,ATL,CLE,4,3,1.0,0.483884540561291,0.4839,CLE,ATL,0
20240428_HOU@COL,2024-04-28,COL,HOU,2,8,0.0,0.49839707444302606,0.4984,HOU,HOU,1
20240428_KC@DET,2024-04-28,DET,KC,4,1,1.0,0.4646258082297549,0.4646,KC,DET,0
20240428_LAD@TOR,2024-04-28,TOR,LAD,3,1,1.0,0.5897246558401024,0.5897,TOR,TOR,1
20240428_MIN@LAA,2024-04-28,LAA,MIN,5,11,0.0,0.4675549242344391,0.4676,MIN,MIN,1
20240428_NYY@MIL,2024-04-28,MIL,NYY,5,15,0.0,0.49798024569445365,0.498,NYY,NYY,1
20240428_PHI@SD,2024-04-28,SD,PHI,6,8,0.0,0.4748828567222758,0.4749,PHI,PHI,1
20240428_PIT@SF,2024-04-28,SF,PIT,3,2,1.0,0.4516230004789847,0.4516,PIT,SF,0
20240428_STL@NYM,2024-04-28,NYM,STL,4,2,1.0,0.531441533762487,0.5314,NYM,NYM,1
20240428_TB@CWS,2024-04-28,CWS,TB,4,2,1.0,0.42275253984212646,0.4228,TB,CWS,0
20240428_WSH@MIA,2024-04-28,MIA,WSH,9,12,0.0,0.5897917663110577,0.5898,MIA,WSH,0
20240427_ATH@BAL,2024-04-27,BAL,ATH,7,0,1.0,0.6275847318633727,0.6276,BAL,BAL,1
20240427_AZ@SEA,2024-04-27,SEA,AZ,3,1,1.0,0.5968856215632957,0.5969,SEA,SEA,1
20240427_CHC@BOS,2024-04-27,BOS,CHC,17,0,1.0,0.5160915783362982,0.5161,BOS,BOS,1
20240427_CIN@TEX,2024-04-27,TEX,CIN,4,8,0.0,0.5018197554327218,0.5018,TEX,CIN,0
20240427_CLE@ATL,2024-04-27,ATL,CLE,2,4,0.0,0.49665104262274684,0.4967,CLE,CLE,1
20240427_HOU@COL,2024-04-27,COL,HOU,4,12,0.0,0.5671468478483688,0.5671,COL,HOU,0
20240427_KC@DET,2024-04-27,DET,KC,6,5,1.0,0.49068547101546395,0.4907,KC,DET,0
20240427_LAD@TOR,2024-04-27,TOR,LAD,2,4,0.0,0.5974714693977954,0.5975,TOR,LAD,0
20240427_MIN@LAA,2024-04-27,LAA,MIN,5,16,0.0,0.4975064878678936,0.4975,MIN,MIN,1
20240427_NYY@MIL,2024-04-27,MIL,NYY,3,15,0.0,0.43852195066620747,0.4385,NYY,NYY,1
20240427_PHI@SD,2024-04-27,SD,PHI,1,5,0.0,0.5216120301420699,0.5216,SD,PHI,0
20240427_PIT@SF,2024-04-27,SF,PIT,3,4,0.0,0.4955619047063479,0.4956,PIT,PIT,1
20240427_STL@NYM,2024-04-27,NYM,STL,4,7,0.0,0.5543376603144229,0.5543,NYM,STL,0
20240427_TB@CWS,2024-04-27,CWS,TB,8,7,1.0,0.45576003181945324,0.4558,TB,CWS,0
20240427_WSH@MIA,2024-04-27,MIA,WSH,4,11,0.0,0.5439407698437349,0.5439,MIA,WSH,0
20240426_ATH@BAL,2024-04-26,BAL,ATH,2,3,0.0,0.677040278280668,0.677,BAL,ATH,0
20240426_AZ@SEA,2024-04-26,SEA,AZ,6,1,1.0,0.5632156987040295,0.5632,SEA,SEA,1
20240426_CHC@BOS,2024-04-26,BOS,CHC,1,7,0.0,0.5973236867235934,0.5973,BOS,CHC,0
20240426_CIN@TEX,2024-04-26,TEX,CIN,2,1,1.0,0.48548673723884966,0.4855,CIN,TEX,0
20240426_CLE@ATL,2024-04-26,ATL,CLE,6,2,1.0,0.5425325596126708,0.5425,ATL,ATL,1
20240426_KC@DET,2024-04-26,DET,KC,0,8,0.0,0.4362646545215693,0.4363,KC,KC,1
20240426_LAD@TOR,2024-04-26,TOR,LAD,2,12,0.0,0.5613854542966571,0.5614,TOR,LAD,0
20240426_MIN@LAA,2024-04-26,LAA,MIN,3,5,0.0,0.5102945863656282,0.5103,LAA,MIN,0
20240426_NYY@MIL,2024-04-26,MIL,NYY,7,6,1.0,0.45564098780689144,0.4556,NYY,MIL,0
20240426_PHI@SD,2024-04-26,SD,PHI,3,9,0.0,0.4618118112939114,0.4618,PHI,PHI,1
20240426_PIT@SF,2024-04-26,SF,PIT,3,0,1.0,0.47203246333826665,0.472,PIT,SF,0
20240426_STL@NYM,2024-04-26,NYM,STL,2,4,0.0,0.5381363798904857,0.5381,NYM,STL,0
20240426_TB@CWS,2024-04-26,CWS,TB,9,4,1.0,0.4336338749681409,0.4336,TB,CWS,0
20240426_WSH@MIA,2024-04-26,MIA,WSH,1,3,0.0,0.4798410251312732,0.4798,WSH,WSH,1
20240425_ATH@NYY,2024-04-25,NYY,ATH,1,3,0.0,0.608279351675138,0.6083,NYY,ATH,0
20240425_BOS@CLE,2024-04-25,CLE,BOS,6,4,1.0,0.4993986883281199,0.4994,BOS,CLE,0
20240425_CWS@MIN,2024-04-25,MIN,CWS,6,3,1.0,0.5778443455682021,0.5778,MIN,MIN,1
20240425_HOU@CHC,2024-04-25,CHC,HOU,3,1,1.0,0.5958478541896304,0.5958,CHC,CHC,1
20240425_LAD@WSH,2024-04-25,WSH,LAD,1,2,0.0,0.5808454632599349,0.5808,WSH,LAD,0
20240425_MIL@PIT,2024-04-25,PIT,MIL,5,7,0.0,0.5015440316145711,0.5015,PIT,MIL,0
20240425_PHI@CIN,2024-04-25,CIN,PHI,0,5,0.0,0.41578494792244614,0.4158,PHI,PHI,1
20240425_SD@COL,2024-04-25,COL,SD,10,9,1.0,0.38779887028549076,0.3878,SD,COL,0
20240425_SEA@TEX,2024-04-25,TEX,SEA,3,4,0.0,0.44475924077424733,0.4448,SEA,SEA,1
20240425_TOR@KC,2024-04-25,KC,TOR,2,1,1.0,0.5555138231740917,0.5555,KC,KC,1
