game_id,game_date,home_team,away_team,home_score,away_score,home_win,home_win_prob_model,home_win_prob_model_calibrated,model_pick,actual_winner,correct
20260921_MIN@SF,2026-09-21,SF,MIN,5,2,1.0,0.5509065389633179,0.5615,SF,SF,1
20260921_TOR@BAL,2026-09-21,BAL,TOR,4,3,1.0,0.50240558385849,0.5,BAL,BAL,1
20260921_WSH@DET,2026-09-21,DET,WSH,9,2,1.0,0.5350409150123596,0.5391,DET,DET,1
20260920_ATH@CLE,2026-09-20,CLE,ATH,1,0,1.0,0.595026969909668,0.623,CLE,CLE,1
20260920_ATL@HOU,2026-09-20,HOU,ATL,2,4,0.0,0.558486819267273,0.5721,HOU,ATL,0
20260920_BOS@TB,2026-09-20,TB,BOS,5,1,1.0,0.5149325728416443,0.5107,TB,TB,1
20260920_CHC@CIN,2026-09-20,CIN,CHC,1,9,0.0,0.4797511398792267,0.4818,CHC,CHC,1
20260920_DET@CWS,2026-09-20,CWS,DET,8,1,1.0,0.45673510432243347,0.4493,DET,CWS,0
20260920_KC@PIT,2026-09-20,PIT,KC,4,3,1.0,0.5834463834762573,0.607,PIT,PIT,1
20260920_MIA@SD,2026-09-20,SD,MIA,7,3,1.0,0.6438243985176086,0.689,SD,SD,1
20260920_MIL@BAL,2026-09-20,BAL,MIL,0,3,0.0,0.37984806299209595,0.3427,MIL,MIL,1
20260920_MIN@LAA,2026-09-20,LAA,MIN,0,8,0.0,0.4972309172153473,0.5,MIN,MIN,1
20260920_NYY@AZ,2026-09-20,AZ,NYY,8,4,1.0,0.4546863734722137,0.4464,NYY,AZ,0
20260920_PHI@NYM,2026-09-20,NYM,PHI,2,7,0.0,0.47223722934722895,0.4712,PHI,PHI,1
20260920_SEA@COL,2026-09-20,COL,SEA,1,2,0.0,0.46502333879470825,0.461,SEA,SEA,1
20260920_SF@LAD,2026-09-20,LAD,SF,3,1,1.0,0.6287584900856018,0.6689,LAD,LAD,1
20260920_TOR@TEX,2026-09-20,TEX,TOR,2,7,0.0,0.511749804019928,0.5062,TEX,TOR,0
20260920_WSH@STL,2026-09-20,STL,WSH,5,3,1.0,0.5586627125740051,0.5724,STL,STL,1
20260919_ATH@CLE,2026-09-19,CLE,ATH,12,6,1.0,0.6307529807090759,0.6716,CLE,CLE,1
20260919_ATL@HOU,2026-09-19,HOU,ATL,3,6,0.0,0.5362200140953064,0.5408,HOU,ATL,0
20260919_BOS@TB,2026-09-19,TB,BOS,2,1,1.0,0.5205220580101013,0.5186,TB,TB,1
20260919_CHC@CIN,2026-09-19,CIN,CHC,2,5,0.0,0.4727465212345123,0.4719,CHC,CHC,1
20260919_DET@CWS,2026-09-19,CWS,DET,3,1,1.0,0.42919677495956415,0.4106,DET,CWS,0
20260919_KC@PIT,2026-09-19,PIT,KC,6,5,1.0,0.5476466417312622,0.5569,PIT,PIT,1
20260919_MIA@SD,2026-09-19,SD,MIA,7,6,1.0,0.6601831316947937,0.7104,SD,SD,1
20260919_MIL@BAL,2026-09-19,BAL,MIL,0,1,0.0,0.4062164127826691,0.3787,MIL,MIL,1
20260919_MIN@LAA,2026-09-19,LAA,MIN,6,5,1.0,0.5489895939826965,0.5588,LAA,LAA,1
20260919_NYY@AZ,2026-09-19,AZ,NYY,5,3,1.0,0.4466566145420075,0.4351,NYY,AZ,0
20260919_PHI@NYM,2026-09-19,NYM,PHI,10,3,1.0,0.5401854515075684,0.5464,NYM,NYM,1
20260919_SEA@COL,2026-09-19,COL,SEA,5,3,1.0,0.5243650674819946,0.524,COL,COL,1
20260919_SF@LAD,2026-09-19,LAD,SF,10,4,1.0,0.6298770308494568,0.6704,LAD,LAD,1
20260919_TOR@TEX,2026-09-19,TEX,TOR,6,2,1.0,0.5359938144683838,0.5404,TEX,TEX,1
20260919_WSH@STL,2026-09-19,STL,WSH,5,8,0.0,0.5334582924842834,0.5369,STL,WSH,0
20260918_ATH@CLE,2026-09-18,CLE,ATH,5,3,1.0,0.6448315978050232,0.6903,CLE,CLE,1
20260918_ATL@HOU,2026-09-18,HOU,ATL,2,6,0.0,0.5275397300720215,0.5285,HOU,ATL,0
20260918_BOS@TB,2026-09-18,TB,BOS,2,4,0.0,0.5574058890342712,0.5706,TB,BOS,0
20260918_CHC@CIN,2026-09-18,CIN,CHC,6,4,1.0,0.5209836363792419,0.5192,CIN,CIN,1
20260918_DET@CWS,2026-09-18,CWS,DET,8,11,0.0,0.4341820478439331,0.4176,DET,DET,1
20260918_KC@PIT,2026-09-18,PIT,KC,8,5,1.0,0.5667023658752441,0.5836,PIT,PIT,1
20260918_MIA@SD,2026-09-18,SD,MIA,8,2,1.0,0.675711989402771,0.7304,SD,SD,1
20260918_MIL@BAL,2026-09-18,BAL,MIL,5,6,0.0,0.4862473607063294,0.491,MIL,MIL,1
20260918_MIN@LAA,2026-09-18,LAA,MIN,0,3,0.0,0.47964322566986084,0.4817,MIN,MIN,1
20260918_NYY@AZ,2026-09-18,AZ,NYY,2,9,0.0,0.4569020867347718,0.4495,NYY,NYY,1
20260918_PHI@NYM,2026-09-18,NYM,PHI,6,3,1.0,0.5106255412101746,0.5046,NYM,NYM,1
20260918_SEA@COL,2026-09-18,COL,SEA,4,5,0.0,0.42233231663703913,0.401,SEA,SEA,1
20260918_SF@LAD,2026-09-18,LAD,SF,8,2,1.0,0.6366115212440491,0.6794,LAD,LAD,1
20260918_TOR@TEX,2026-09-18,TEX,TOR,7,1,1.0,0.5004993081092834,0.5,TEX,TEX,1
20260918_WSH@STL,2026-09-18,STL,WSH,1,9,0.0,0.54934161901474,0.5593,STL,WSH,0
20260917_ATH@TB,2026-09-17,TB,ATH,10,1,1.0,0.5026991963386536,0.5,TB,TB,1
20260917_BOS@TEX,2026-09-17,TEX,BOS,3,4,0.0,0.4859447181224823,0.4906,BOS,BOS,1
20260917_DET@CWS,2026-09-17,CWS,DET,3,1,1.0,0.4451829791069031,0.433,DET,CWS,0
20260917_KC@HOU,2026-09-17,HOU,KC,6,2,1.0,0.5561416745185852,0.5688,HOU,HOU,1
20260917_LAD@CIN,2026-09-17,CIN,LAD,2,8,0.0,0.41150510311126703,0.386,LAD,LAD,1
20260917_MIL@PIT,2026-09-17,PIT,MIL,7,4,1.0,0.48368003964424133,0.4874,MIL,PIT,0
20260917_MIN@LAA,2026-09-17,LAA,MIN,5,4,1.0,0.5073488354682922,0.5,LAA,LAA,1
20260917_PHI@NYM,2026-09-17,NYM,PHI,0,3,0.0,0.5211408138275146,0.5195,NYM,PHI,0
20260917_SD@COL,2026-09-17,COL,SD,2,9,0.0,0.36176031827926636,0.3184,SD,SD,1
20260916_ATH@TB,2026-09-16,TB,ATH,4,3,1.0,0.5257571339607239,0.526,TB,TB,1
20260916_ATL@CHC,2026-09-16,CHC,ATL,8,4,1.0,0.5886354446411133,0.6142,CHC,CHC,1
20260916_BAL@NYM,2026-09-16,NYM,BAL,1,7,0.0,0.43674239516258234,0.4212,BAL,BAL,1
20260916_BOS@TEX,2026-09-16,TEX,BOS,7,3,1.0,0.5272711515426636,0.5281,TEX,TEX,1
20260916_CWS@CLE,2026-09-16,CLE,CWS,6,3,1.0,0.6842104196548462,0.7411,CLE,CLE,1
20260916_DET@TOR,2026-09-16,TOR,DET,5,1,1.0,0.5284397602081299,0.5298,TOR,TOR,1
20260916_KC@HOU,2026-09-16,HOU,KC,2,5,0.0,0.5588430166244507,0.5726,HOU,KC,0
20260916_LAD@CIN,2026-09-16,CIN,LAD,6,2,1.0,0.35197100043296814,0.3055,LAD,CIN,0
20260916_MIA@AZ,2026-09-16,AZ,MIA,3,4,0.0,0.4975076019763947,0.5,MIA,MIA,1
20260916_MIL@PIT,2026-09-16,PIT,MIL,4,5,0.0,0.4304880797863006,0.4124,MIL,MIL,1
20260916_NYY@MIN,2026-09-16,MIN,NYY,5,4,1.0,0.42284631729125977,0.4018,NYY,MIN,0
20260916_PHI@WSH,2026-09-16,WSH,PHI,0,3,0.0,0.4411278963088989,0.4273,PHI,PHI,1
20260916_SD@COL,2026-09-16,COL,SD,3,9,0.0,0.4733435809612275,0.4727,SD,SD,1
20260916_SEA@LAA,2026-09-16,LAA,SEA,2,7,0.0,0.5282126069068909,0.5295,LAA,SEA,0
20260916_SF@STL,2026-09-16,STL,SF,5,6,0.0,0.5185321569442749,0.5158,STL,SF,0
20260915_ATH@TB,2026-09-15,TB,ATH,2,1,1.0,0.5432948470115662,0.5508,TB,TB,1
20260915_ATL@CHC,2026-09-15,CHC,ATL,3,6,0.0,0.5722237229347229,0.5914,CHC,ATL,0
20260915_BAL@NYM,2026-09-15,NYM,BAL,5,7,0.0,0.47117507457733154,0.4697,BAL,BAL,1
20260915_BOS@TEX,2026-09-15,TEX,BOS,4,2,1.0,0.5910752415657045,0.6176,TEX,TEX,1
20260915_CWS@CLE,2026-09-15,CLE,CWS,7,6,1.0,0.5711104869842529,0.5898,CLE,CLE,1
20260915_DET@TOR,2026-09-15,TOR,DET,1,10,0.0,0.5344458818435669,0.5383,TOR,DET,0
20260915_KC@HOU,2026-09-15,HOU,KC,4,2,1.0,0.5299110412597656,0.5319,HOU,HOU,1
20260915_LAD@CIN,2026-09-15,CIN,LAD,0,4,0.0,0.4054925739765167,0.3777,LAD,LAD,1
20260915_MIA@AZ,2026-09-15,AZ,MIA,2,4,0.0,0.5193217992782593,0.5169,AZ,MIA,0
20260915_MIL@PIT,2026-09-15,PIT,MIL,1,5,0.0,0.39077612757682795,0.3575,MIL,MIL,1
20260915_NYY@MIN,2026-09-15,MIN,NYY,1,8,0.0,0.36937510967254644,0.3286,NYY,NYY,1
20260915_PHI@WSH,2026-09-15,WSH,PHI,6,3,1.0,0.3834458589553833,0.3475,PHI,WSH,0
20260915_SD@COL,2026-09-15,COL,SD,9,3,1.0,0.3502215147018432,0.3032,SD,COL,0
20260915_SEA@LAA,2026-09-15,LAA,SEA,2,1,1.0,0.48018527030944824,0.4824,SEA,LAA,0
20260915_SF@STL,2026-09-15,STL,SF,3,10,0.0,0.5156000852584839,0.5116,STL,SF,0
20260914_ATL@CHC,2026-09-14,CHC,ATL,7,3,1.0,0.5453184247016907,0.5536,CHC,CHC,1
20260914_BAL@NYM,2026-09-14,NYM,BAL,1,2,0.0,0.4380405843257904,0.423,BAL,BAL,1
20260914_CWS@CLE,2026-09-14,CLE,CWS,3,7,0.0,0.7147500514984131,0.7781,CLE,CWS,0
20260914_DET@TOR,2026-09-14,TOR,DET,5,6,0.0,0.6118335127830505,0.6458,TOR,DET,0
20260914_LAD@CIN,2026-09-14,CIN,LAD,1,4,0.0,0.432107299566269,0.4147,LAD,LAD,1
20260914_MIA@AZ,2026-09-14,AZ,MIA,8,7,1.0,0.5782989263534546,0.5998,AZ,AZ,1
20260914_NYY@MIN,2026-09-14,MIN,NYY,3,8,0.0,0.43146121501922613,0.4138,NYY,NYY,1
20260914_SD@COL,2026-09-14,COL,SD,7,8,0.0,0.3814539909362793,0.3451,SD,SD,1
20260914_SEA@LAA,2026-09-14,LAA,SEA,6,4,1.0,0.538809061050415,0.5445,LAA,LAA,1
20260914_SF@STL,2026-09-14,STL,SF,2,1,1.0,0.5650650858879089,0.5813,STL,STL,1
20260913_BAL@TOR,2026-09-13,TOR,BAL,8,1,1.0,0.5781722068786621,0.5996,TOR,TOR,1
20260913_CIN@MIL,2026-09-13,MIL,CIN,3,4,0.0,0.570925772190094,0.5895,MIL,CIN,0
20260913_CLE@MIN,2026-09-13,MIN,CLE,2,9,0.0,0.3604249954223633,0.3169,CLE,CLE,1
20260913_COL@DET,2026-09-13,DET,COL,8,1,1.0,0.7143507599830627,0.7776,DET,DET,1
20260913_CWS@STL,2026-09-13,STL,CWS,3,1,1.0,0.5816290974617004,0.6044,STL,STL,1
20260913_HOU@TB,2026-09-13,TB,HOU,14,4,1.0,0.4914495944976806,0.4982,HOU,TB,0
20260913_KC@BOS,2026-09-13,BOS,KC,4,1,1.0,0.5437055230140686,0.5514,BOS,BOS,1
20260913_LAA@WSH,2026-09-13,WSH,LAA,6,5,1.0,0.5640166997909547,0.5799,WSH,WSH,1
20260913_LAD@MIA,2026-09-13,MIA,LAD,6,4,1.0,0.4077174663543701,0.3809,LAD,MIA,0
20260913_NYM@NYY,2026-09-13,NYY,NYM,2,0,1.0,0.5853155255317687,0.6095,NYY,NYY,1
20260913_PHI@ATL,2026-09-13,ATL,PHI,4,9,0.0,0.5402737259864807,0.5465,ATL,PHI,0
20260913_PIT@CHC,2026-09-13,CHC,PIT,3,4,0.0,0.6462181210517883,0.6918,CHC,PIT,0
20260913_SD@SF,2026-09-13,SF,SD,4,6,0.0,0.44894358515739435,0.4383,SD,SD,1
20260913_SEA@ATH,2026-09-13,ATH,SEA,8,7,1.0,0.49370658397674566,0.5,SEA,ATH,0
20260913_TEX@AZ,2026-09-13,AZ,TEX,6,7,0.0,0.5951974391937256,0.6231,AZ,TEX,0
20260912_BAL@TOR,2026-09-12,TOR,BAL,7,3,1.0,0.6086989641189575,0.6416,TOR,TOR,1
20260912_CIN@MIL,2026-09-12,MIL,CIN,13,9,1.0,0.6822021007537842,0.7382,MIL,MIL,1
20260912_CLE@MIN,2026-09-12,MIN,CLE,4,3,1.0,0.34252339601516724,0.2934,CLE,MIN,0
20260912_COL@DET,2026-09-12,DET,COL,11,7,1.0,0.6152161359786987,0.6504,DET,DET,1
20260912_CWS@STL,2026-09-12,STL,CWS,5,6,0.0,0.5957471132278442,0.6239,STL,CWS,0
20260912_HOU@TB,2026-09-12,TB,HOU,3,2,1.0,0.48242864012718195,0.4855,HOU,TB,0
20260912_KC@BOS,2026-09-12,BOS,KC,5,1,1.0,0.5291092991828918,0.5308,BOS,BOS,1
20260912_LAA@WSH,2026-09-12,WSH,LAA,6,5,1.0,0.44696876406669617,0.4355,LAA,WSH,0
20260912_LAD@MIA,2026-09-12,MIA,LAD,4,3,1.0,0.3985902667045593,0.3684,LAD,MIA,0
20260912_NYM@NYY,2026-09-12,NYY,NYM,2,12,0.0,0.5825400352478027,0.6056,NYY,NYM,0
20260912_PHI@ATL,2026-09-12,ATL,PHI,12,2,1.0,0.5466655492782593,0.5555,ATL,ATL,1
20260912_PIT@CHC,2026-09-12,CHC,PIT,4,3,1.0,0.6185808181762695,0.655,CHC,CHC,1
20260912_SD@SF,2026-09-12,SF,SD,6,7,0.0,0.4850618839263916,0.4892,SD,SD,1
20260912_SEA@ATH,2026-09-12,ATH,SEA,1,19,0.0,0.45167881250381464,0.4421,SEA,SEA,1
20260912_TEX@AZ,2026-09-12,AZ,TEX,2,6,0.0,0.6571375727653505,0.7061,AZ,TEX,0
20260911_BAL@TOR,2026-09-11,TOR,BAL,4,7,0.0,0.4465425908565522,0.4349,BAL,BAL,1
20260911_CIN@MIL,2026-09-11,MIL,CIN,20,0,1.0,0.645501971244812,0.6909,MIL,MIL,1
20260911_CLE@MIN,2026-09-11,MIN,CLE,2,5,0.0,0.4198584854602814,0.3977,CLE,CLE,1
20260911_COL@DET,2026-09-11,DET,COL,6,2,1.0,0.561382532119751,0.5762,DET,DET,1
20260911_CWS@STL,2026-09-11,STL,CWS,7,3,1.0,0.5977705121040344,0.6266,STL,STL,1
20260911_HOU@TB,2026-09-11,TB,HOU,3,1,1.0,0.5302643179893494,0.5324,TB,TB,1
20260911_KC@BOS,2026-09-11,BOS,KC,2,3,0.0,0.620368242263794,0.6574,BOS,KC,0
20260911_LAA@WSH,2026-09-11,WSH,LAA,4,3,1.0,0.6109894514083861,0.6447,WSH,WSH,1
20260911_LAD@MIA,2026-09-11,MIA,LAD,2,6,0.0,0.29343536496162415,0.2318,LAD,LAD,1
20260911_NYM@NYY,2026-09-11,NYY,NYM,6,4,1.0,0.5405758023262023,0.547,NYY,NYY,1
20260911_PHI@ATL,2026-09-11,ATL,PHI,6,5,1.0,0.49078062176704407,0.4972,PHI,ATL,0
20260911_PIT@CHC,2026-09-11,CHC,PIT,12,2,1.0,0.5847833156585693,0.6087,CHC,CHC,1
20260911_SD@SF,2026-09-11,SF,SD,5,7,0.0,0.47603604197502136,0.4764,SD,SD,1
20260911_SEA@ATH,2026-09-11,ATH,SEA,6,5,1.0,0.4585001170635224,0.4517,SEA,ATH,0
20260911_TEX@AZ,2026-09-11,AZ,TEX,9,1,1.0,0.589382529258728,0.6151,AZ,AZ,1
20260910_COL@NYY,2026-09-10,NYY,COL,10,3,1.0,0.7027364373207092,0.7636,NYY,NYY,1
20260910_HOU@PHI,2026-09-10,PHI,HOU,1,2,0.0,0.6069624423980713,0.6392,PHI,HOU,0
20260910_PIT@CWS,2026-09-10,CWS,PIT,0,2,0.0,0.535101354122162,0.5393,CWS,PIT,0
20260910_TB@ATL,2026-09-10,ATL,TB,3,1,1.0,0.5642558932304382,0.5802,ATL,ATL,1
20260910_TEX@SEA,2026-09-10,SEA,TEX,4,3,1.0,0.6253477931022644,0.6641,SEA,SEA,1
20260909_AZ@KC,2026-09-09,KC,AZ,5,2,1.0,0.46017032861709595,0.4541,AZ,KC,0
20260909_CHC@MIL,2026-09-09,MIL,CHC,8,6,1.0,0.5930615663528442,0.6202,MIL,MIL,1
20260909_CIN@LAD,2026-09-09,LAD,CIN,14,1,1.0,0.6592935919761658,0.7089,LAD,LAD,1
20260909_CLE@BAL,2026-09-09,BAL,CLE,9,5,1.0,0.3566604256629944,0.312,CLE,BAL,0
20260909_COL@NYY,2026-09-09,NYY,COL,6,1,1.0,0.7542149424552917,0.8235,NYY,NYY,1
20260909_HOU@PHI,2026-09-09,PHI,HOU,11,7,1.0,0.6353908777236938,0.6775,PHI,PHI,1
20260909_LAA@BOS,2026-09-09,BOS,LAA,4,6,0.0,0.552605390548706,0.5639,BOS,LAA,0
20260909_MIN@DET,2026-09-09,DET,MIN,7,2,1.0,0.5566410422325134,0.5695,DET,DET,1
20260909_NYM@MIA,2026-09-09,MIA,NYM,14,15,0.0,0.47844409942626953,0.4798,NYM,NYM,1
20260909_PIT@CWS,2026-09-09,CWS,PIT,2,4,0.0,0.5331822633743286,0.5366,CWS,PIT,0
20260909_STL@SF,2026-09-09,SF,STL,7,6,1.0,0.4488818049430847,0.4382,STL,SF,0
20260909_TB@ATL,2026-09-09,ATL,TB,2,7,0.0,0.6087719202041626,0.6417,ATL,TB,0
20260909_TEX@SEA,2026-09-09,SEA,TEX,3,2,1.0,0.652400553226471,0.6999,SEA,SEA,1
20260909_TOR@ATH,2026-09-09,ATH,TOR,2,0,1.0,0.4748804867267609,0.4748,TOR,ATH,0
20260909_WSH@SD,2026-09-09,SD,WSH,9,2,1.0,0.6475346684455872,0.6936,SD,SD,1
20260908_AZ@KC,2026-09-08,KC,AZ,3,5,0.0,0.4577008783817291,0.4506,AZ,AZ,1
20260908_CHC@MIL,2026-09-08,MIL,CHC,4,3,1.0,0.6426365971565247,0.6871,MIL,MIL,1
20260908_CIN@LAD,2026-09-08,LAD,CIN,3,2,1.0,0.6961597800254822,0.7555,LAD,LAD,1
20260908_CLE@BAL,2026-09-08,BAL,CLE,5,9,0.0,0.4306221902370453,0.4127,CLE,CLE,1
20260908_COL@NYY,2026-09-08,NYY,COL,5,3,1.0,0.7151892781257629,0.7786,NYY,NYY,1
20260908_HOU@PHI,2026-09-08,PHI,HOU,5,6,0.0,0.5393478870391846,0.5452,PHI,HOU,0
20260908_LAA@BOS,2026-09-08,BOS,LAA,1,6,0.0,0.5713212490081787,0.59,BOS,LAA,0
20260908_MIN@DET,2026-09-08,DET,MIN,2,3,0.0,0.5762626528739929,0.5969,DET,MIN,0
20260908_NYM@MIA,2026-09-08,MIA,NYM,5,7,0.0,0.514636754989624,0.5104,MIA,NYM,0
20260908_PIT@CWS,2026-09-08,CWS,PIT,3,9,0.0,0.5108387470245361,0.505,CWS,PIT,0
20260908_STL@SF,2026-09-08,SF,STL,2,1,1.0,0.5322112441062927,0.5352,SF,SF,1
20260908_TB@ATL,2026-09-08,ATL,TB,1,7,0.0,0.6005244255065918,0.6304,ATL,TB,0
20260908_TEX@SEA,2026-09-08,SEA,TEX,5,10,0.0,0.6336938142776489,0.6753,SEA,TEX,0
20260908_TOR@ATH,2026-09-08,ATH,TOR,2,4,0.0,0.39482566714286804,0.3632,TOR,TOR,1
20260908_WSH@SD,2026-09-08,SD,WSH,5,4,1.0,0.5787980556488037,0.6004,SD,SD,1
20260907_ATL@PHI,2026-09-07,PHI,ATL,1,0,1.0,0.6432109475135803,0.6886,PHI,PHI,1
20260907_AZ@KC,2026-09-07,KC,AZ,4,5,0.0,0.4766679108142853,0.478,AZ,AZ,1
20260907_CHC@MIL,2026-09-07,MIL,CHC,4,3,1.0,0.5425101518630981,0.5492,MIL,MIL,1
20260907_CIN@LAD,2026-09-07,LAD,CIN,6,3,1.0,0.4981730878353119,0.5,CIN,LAD,0
20260907_CLE@BAL,2026-09-07,BAL,CLE,6,4,1.0,0.4606541693210602,0.4553,CLE,BAL,0
20260907_LAA@BOS,2026-09-07,BOS,LAA,5,2,1.0,0.5923502445220947,0.6194,BOS,BOS,1
20260907_MIN@DET,2026-09-07,DET,MIN,5,4,1.0,0.478304237127304,0.4804,MIN,DET,0
20260907_NYM@MIA,2026-09-07,MIA,NYM,4,9,0.0,0.568356990814209,0.5858,MIA,NYM,0
20260907_STL@SF,2026-09-07,SF,STL,5,4,1.0,0.5237184762954712,0.5225,SF,SF,1
20260907_TOR@ATH,2026-09-07,ATH,TOR,6,5,1.0,0.3503269255161285,0.3028,TOR,ATH,0
20260907_WSH@SD,2026-09-07,SD,WSH,3,2,1.0,0.6885942816734314,0.7473,SD,SD,1
20260906_ATH@SEA,2026-09-06,SEA,ATH,2,0,1.0,0.6380583643913269,0.6817,SEA,SEA,1
20260906_ATL@PHI,2026-09-06,PHI,ATL,4,5,0.0,0.6364784836769105,0.6796,PHI,ATL,0
20260906_AZ@HOU,2026-09-06,HOU,AZ,2,3,0.0,0.5530611276626587,0.5642,HOU,AZ,0
20260906_BOS@BAL,2026-09-06,BAL,BOS,1,3,0.0,0.4351048469543457,0.4191,BOS,BOS,1
20260906_CHC@MIA,2026-09-06,MIA,CHC,10,3,1.0,0.5247170925140381,0.5239,MIA,MIA,1
20260906_DET@CLE,2026-09-06,CLE,DET,3,2,1.0,0.5172215104103088,0.5133,CLE,CLE,1
20260906_LAA@PIT,2026-09-06,PIT,LAA,1,0,1.0,0.5970872044563293,0.6259,PIT,PIT,1
20260906_MIL@CIN,2026-09-06,CIN,MIL,12,8,1.0,0.41673859953880305,0.3933,MIL,CIN,0
20260906_MIN@CWS,2026-09-06,CWS,MIN,10,1,1.0,0.4635565876960754,0.4594,MIN,CWS,0
20260906_NYY@SD,2026-09-06,SD,NYY,4,3,1.0,0.5759114623069763,0.5964,SD,SD,1
20260906_SF@NYM,2026-09-06,NYM,SF,4,2,1.0,0.6116207242012024,0.6459,NYM,NYM,1
20260906_STL@COL,2026-09-06,COL,STL,8,10,0.0,0.4115546345710754,0.3861,STL,STL,1
20260906_TB@TEX,2026-09-06,TEX,TB,8,6,1.0,0.5684602856636047,0.5859,TEX,TEX,1
20260906_TOR@KC,2026-09-06,KC,TOR,6,1,1.0,0.5782729387283325,0.5997,KC,KC,1
20260906_WSH@LAD,2026-09-06,LAD,WSH,7,5,1.0,0.5336883664131165,0.5367,LAD,LAD,1
20260905_ATH@SEA,2026-09-05,SEA,ATH,2,6,0.0,0.6730527281761169,0.7276,SEA,ATH,0
20260905_ATL@PHI,2026-09-05,PHI,ATL,4,2,1.0,0.658607542514801,0.7089,PHI,PHI,1
20260905_AZ@HOU,2026-09-05,HOU,AZ,3,4,0.0,0.4618546068668365,0.457,AZ,AZ,1
20260905_BOS@BAL,2026-09-05,BAL,BOS,0,5,0.0,0.3903635144233703,0.3568,BOS,BOS,1
20260905_CHC@MIA,2026-09-05,MIA,CHC,5,6,0.0,0.39386752247810364,0.3616,CHC,CHC,1
20260905_DET@CLE,2026-09-05,CLE,DET,0,6,0.0,0.6159480214118958,0.6519,CLE,DET,0
20260905_LAA@PIT,2026-09-05,PIT,LAA,1,6,0.0,0.5966064929962158,0.6253,PIT,LAA,0
20260905_MIL@CIN,2026-09-05,CIN,MIL,5,3,1.0,0.42261403799057007,0.4015,MIL,CIN,0
20260905_MIN@CWS,2026-09-05,CWS,MIN,4,6,0.0,0.43016615509986883,0.4121,MIN,MIN,1
20260905_NYY@SD,2026-09-05,SD,NYY,1,5,0.0,0.5508409738540649,0.5611,SD,NYY,0
20260905_SF@NYM,2026-09-05,NYM,SF,5,9,0.0,0.589479386806488,0.6154,NYM,SF,0
20260905_STL@COL,2026-09-05,COL,STL,10,7,1.0,0.5764987468719482,0.5972,COL,COL,1
20260905_TB@TEX,2026-09-05,TEX,TB,3,6,0.0,0.5632995367050171,0.5787,TEX,TB,0
20260905_TOR@KC,2026-09-05,KC,TOR,3,4,0.0,0.5425521731376648,0.5493,KC,TOR,0
20260905_WSH@LAD,2026-09-05,LAD,WSH,6,5,1.0,0.5564291477203369,0.569,LAD,LAD,1
20260904_ATH@SEA,2026-09-04,SEA,ATH,6,7,0.0,0.6374996900558472,0.681,SEA,ATH,0
20260904_ATL@PHI,2026-09-04,PHI,ATL,2,5,0.0,0.5994875431060791,0.6292,PHI,ATL,0
20260904_AZ@HOU,2026-09-04,HOU,AZ,3,1,1.0,0.5221244692802429,0.5203,HOU,HOU,1
20260904_BOS@BAL,2026-09-04,BAL,BOS,0,1,0.0,0.5290307402610779,0.5301,BAL,BOS,0
20260904_CHC@MIA,2026-09-04,MIA,CHC,1,6,0.0,0.4957706034183502,0.5,CHC,CHC,1
20260904_DET@CLE,2026-09-04,CLE,DET,7,6,1.0,0.5227954387664795,0.5212,CLE,CLE,1
20260904_DET@CLE,2026-09-04,CLE,DET,4,3,1.0,0.5965754389762878,0.6252,CLE,CLE,1
20260904_LAA@PIT,2026-09-04,PIT,LAA,1,0,1.0,0.6778625249862671,0.7337,PIT,PIT,1
20260904_MIL@CIN,2026-09-04,CIN,MIL,7,10,0.0,0.40666958689689636,0.3793,MIL,MIL,1
20260904_MIN@CWS,2026-09-04,CWS,MIN,4,1,1.0,0.5215640664100647,0.5195,CWS,CWS,1
20260904_NYY@SD,2026-09-04,SD,NYY,3,2,1.0,0.6085217595100403,0.6417,SD,SD,1
20260904_SF@NYM,2026-09-04,NYM,SF,10,6,1.0,0.6005020141601562,0.6306,NYM,NYM,1
20260904_STL@COL,2026-09-04,COL,STL,6,7,0.0,0.41466909646987915,0.3904,STL,STL,1
20260904_TB@TEX,2026-09-04,TEX,TB,6,7,0.0,0.5132476091384888,0.5076,TEX,TB,0
20260904_TOR@KC,2026-09-04,KC,TOR,2,9,0.0,0.6092500686645508,0.6427,KC,TOR,0
20260904_WSH@LAD,2026-09-04,LAD,WSH,5,3,1.0,0.5016055703163147,0.5,LAD,LAD,1
20260903_ATH@SEA,2026-09-03,SEA,ATH,4,7,0.0,0.609560489654541,0.6431,SEA,ATH,0
20260903_BOS@BAL,2026-09-03,BAL,BOS,5,6,0.0,0.43024882674217224,0.4123,BOS,BOS,1
20260903_CWS@HOU,2026-09-03,HOU,CWS,6,2,1.0,0.6691938042640686,0.7226,HOU,HOU,1
20260903_MIA@KC,2026-09-03,KC,MIA,7,3,1.0,0.5584062337875366,0.5718,KC,KC,1
20260903_MIL@CHC,2026-09-03,CHC,MIL,2,1,1.0,0.4974286556243896,0.5,MIL,CHC,0
20260903_SF@PIT,2026-09-03,PIT,SF,5,2,1.0,0.622210681438446,0.6604,PIT,PIT,1
20260903_STL@LAD,2026-09-03,LAD,STL,3,2,1.0,0.5848127603530884,0.6089,LAD,LAD,1
20260903_TB@TEX,2026-09-03,TEX,TB,6,0,1.0,0.5590901970863342,0.5727,TEX,TEX,1
20260903_TOR@CLE,2026-09-03,CLE,TOR,3,6,0.0,0.4721615016460418,0.4716,TOR,TOR,1
20260902_ATH@TEX,2026-09-02,TEX,ATH,2,9,0.0,0.7000992298126221,0.7616,TEX,ATH,0
20260902_ATL@WSH,2026-09-02,WSH,ATL,0,9,0.0,0.3741480112075806,0.3347,ATL,ATL,1
20260902_BAL@COL,2026-09-02,COL,BAL,6,5,1.0,0.4030316174030304,0.3742,BAL,COL,0
20260902_CWS@HOU,2026-09-02,HOU,CWS,2,0,1.0,0.6801517009735109,0.7367,HOU,HOU,1
20260902_DET@MIN,2026-09-02,MIN,DET,6,11,0.0,0.41993969678878784,0.3978,DET,DET,1
20260902_MIA@KC,2026-09-02,KC,MIA,6,9,0.0,0.4511073231697083,0.4417,MIA,MIA,1
20260902_MIL@CHC,2026-09-02,CHC,MIL,5,9,0.0,0.3358492851257325,0.2839,MIL,MIL,1
20260902_NYM@TB,2026-09-02,TB,NYM,4,10,0.0,0.5879864692687988,0.6133,TB,NYM,0
20260902_NYY@LAA,2026-09-02,LAA,NYY,3,6,0.0,0.34152960777282715,0.2913,NYY,NYY,1
20260902_PHI@AZ,2026-09-02,AZ,PHI,1,0,1.0,0.511788547039032,0.5055,AZ,AZ,1
20260902_SD@CIN,2026-09-02,CIN,SD,7,3,1.0,0.48774096369743347,0.4938,SD,CIN,0
20260902_SEA@BOS,2026-09-02,BOS,SEA,3,8,0.0,0.47387194633483887,0.4741,SEA,SEA,1
20260902_SF@PIT,2026-09-02,PIT,SF,4,5,0.0,0.5602049231529236,0.5743,PIT,SF,0
20260902_STL@LAD,2026-09-02,LAD,STL,6,8,0.0,0.46356758475303644,0.4594,STL,STL,1
20260902_TOR@CLE,2026-09-02,CLE,TOR,0,11,0.0,0.4152092039585114,0.3912,TOR,TOR,1
20260901_ATH@TEX,2026-09-01,TEX,ATH,8,5,1.0,0.7112968564033508,0.7752,TEX,TEX,1
20260901_ATL@WSH,2026-09-01,WSH,ATL,9,5,1.0,0.4670127332210541,0.4643,ATL,WSH,0
20260901_BAL@COL,2026-09-01,COL,BAL,4,2,1.0,0.32232025265693665,0.2665,BAL,COL,0
20260901_CWS@HOU,2026-09-01,HOU,CWS,1,5,0.0,0.5586773753166199,0.5721,HOU,CWS,0
20260901_DET@MIN,2026-09-01,MIN,DET,15,2,1.0,0.4482555687427521,0.4377,DET,MIN,0
20260901_MIA@KC,2026-09-01,KC,MIA,3,6,0.0,0.3926858603954315,0.36,MIA,MIA,1
20260901_MIL@CHC,2026-09-01,CHC,MIL,4,9,0.0,0.5388467907905579,0.544,CHC,MIL,0
20260901_NYM@TB,2026-09-01,TB,NYM,6,2,1.0,0.5551158785820007,0.5671,TB,TB,1
20260901_NYY@LAA,2026-09-01,LAA,NYY,3,7,0.0,0.3178817629814148,0.2609,NYY,NYY,1
20260901_PHI@AZ,2026-09-01,AZ,PHI,1,7,0.0,0.4403331875801087,0.4265,PHI,PHI,1
20260901_SD@CIN,2026-09-01,CIN,SD,4,3,1.0,0.4237506091594696,0.4031,SD,CIN,0
20260901_SEA@BOS,2026-09-01,BOS,SEA,6,9,0.0,0.5783473253250122,0.5998,BOS,SEA,0
20260901_SF@PIT,2026-09-01,PIT,SF,13,12,1.0,0.5672264695167542,0.5842,PIT,PIT,1
20260901_STL@LAD,2026-09-01,LAD,STL,8,13,0.0,0.4356843829154968,0.4199,STL,STL,1
20260901_TOR@CLE,2026-09-01,CLE,TOR,6,1,1.0,0.5218684077262878,0.5199,CLE,CLE,1
20260831_ATH@TEX,2026-08-31,TEX,ATH,8,1,1.0,0.5931363701820374,0.6197,TEX,TEX,1
20260831_BAL@COL,2026-08-31,COL,BAL,1,2,0.0,0.36090603470802307,0.3177,BAL,BAL,1
20260831_CWS@HOU,2026-08-31,HOU,CWS,6,3,1.0,0.5826395750045776,0.6052,HOU,HOU,1
20260831_DET@MIN,2026-08-31,MIN,DET,11,1,1.0,0.47663822770118713,0.4784,DET,MIN,0
20260831_MIA@WSH,2026-08-31,WSH,MIA,6,3,1.0,0.46133127808570856,0.4567,MIA,WSH,0
20260831_MIL@CHC,2026-08-31,CHC,MIL,17,3,1.0,0.5178583264350891,0.5138,CHC,CHC,1
20260831_NYM@TB,2026-08-31,TB,NYM,2,3,0.0,0.6200954914093018,0.6567,TB,NYM,0
20260831_NYY@LAA,2026-08-31,LAA,NYY,10,1,1.0,0.4029173254966736,0.3748,NYY,LAA,0
20260831_PHI@AZ,2026-08-31,AZ,PHI,1,2,0.0,0.48923665285110474,0.4963,PHI,PHI,1
20260831_SD@CIN,2026-08-31,CIN,SD,0,5,0.0,0.37883332371711737,0.3418,SD,SD,1
20260831_SEA@BOS,2026-08-31,BOS,SEA,9,8,1.0,0.6149972677230835,0.6498,BOS,BOS,1
20260831_SF@ATL,2026-08-31,ATL,SF,3,7,0.0,0.5802292823791504,0.6018,ATL,SF,0
20260830_BAL@ATH,2026-08-30,ATH,BAL,5,8,0.0,0.3992469608783722,0.3697,BAL,BAL,1
20260830_BOS@NYY,2026-08-30,NYY,BOS,16,1,1.0,0.4772501587867737,0.4793,BOS,NYY,0
20260830_CIN@CHC,2026-08-30,CHC,CIN,5,7,0.0,0.5279405117034912,0.5281,CHC,CIN,0
20260830_COL@ATL,2026-08-30,ATL,COL,3,2,1.0,0.6595910787582397,0.7093,ATL,ATL,1
20260830_CWS@MIN,2026-08-30,MIN,CWS,5,1,1.0,0.5022719502449036,0.5,MIN,MIN,1
20260830_HOU@NYM,2026-08-30,NYM,HOU,3,6,0.0,0.5509799122810364,0.5607,NYM,HOU,0
20260830_KC@CLE,2026-08-30,CLE,KC,11,1,1.0,0.6136624813079834,0.648,CLE,CLE,1
20260830_LAD@DET,2026-08-30,DET,LAD,1,6,0.0,0.43947914242744446,0.4258,LAD,LAD,1
20260830_MIA@WSH,2026-08-30,WSH,MIA,2,6,0.0,0.46594637632369995,0.4632,MIA,MIA,1
20260830_PHI@LAA,2026-08-30,LAA,PHI,2,5,0.0,0.3696987926959991,0.3295,PHI,PHI,1
20260830_PIT@STL,2026-08-30,STL,PIT,4,5,0.0,0.5412224531173706,0.5469,STL,PIT,0
20260830_SD@TB,2026-08-30,TB,SD,5,4,1.0,0.5482751727104187,0.5569,TB,TB,1
20260830_SEA@TOR,2026-08-30,TOR,SEA,7,0,1.0,0.5095794796943665,0.5021,TOR,TOR,1
20260830_TEX@MIL,2026-08-30,MIL,TEX,4,7,0.0,0.6060187816619873,0.6375,MIL,TEX,0
20260829_AZ@SF,2026-08-29,SF,AZ,1,7,0.0,0.536990761756897,0.5409,SF,AZ,0
20260829_AZ@SF,2026-08-29,SF,AZ,7,2,1.0,0.4646648168563843,0.4614,AZ,SF,0
20260829_BAL@ATH,2026-08-29,ATH,BAL,3,5,0.0,0.3963252604007721,0.3657,BAL,BAL,1
20260829_BOS@NYY,2026-08-29,NYY,BOS,9,2,1.0,0.5458194613456726,0.5534,NYY,NYY,1
20260829_BOS@NYY,2026-08-29,NYY,BOS,0,6,0.0,0.49777460098266596,0.5,BOS,BOS,1
20260829_CIN@CHC,2026-08-29,CHC,CIN,17,5,1.0,0.583647608757019,0.6066,CHC,CHC,1
20260829_COL@ATL,2026-08-29,ATL,COL,2,1,1.0,0.6683498024940491,0.7206,ATL,ATL,1
20260829_CWS@MIN,2026-08-29,MIN,CWS,2,3,0.0,0.5246331691741943,0.5234,MIN,CWS,0
20260829_HOU@NYM,2026-08-29,NYM,HOU,6,2,1.0,0.528922975063324,0.5295,NYM,NYM,1
20260829_KC@CLE,2026-08-29,CLE,KC,3,8,0.0,0.5624674558639526,0.5769,CLE,KC,0
20260829_LAD@DET,2026-08-29,DET,LAD,2,1,1.0,0.4594754278659821,0.4541,LAD,DET,0
20260829_MIA@WSH,2026-08-29,WSH,MIA,5,4,1.0,0.49794188141822815,0.5,MIA,WSH,0
20260829_PHI@LAA,2026-08-29,LAA,PHI,2,4,0.0,0.35938093066215515,0.3157,PHI,PHI,1
20260829_PIT@STL,2026-08-29,STL,PIT,2,6,0.0,0.555969774723053,0.5678,STL,PIT,0
20260829_SD@TB,2026-08-29,TB,SD,7,6,1.0,0.575571596622467,0.5953,TB,TB,1
20260829_SEA@TOR,2026-08-29,TOR,SEA,4,3,1.0,0.5838004946708679,0.6068,TOR,TOR,1
20260829_TEX@MIL,2026-08-29,MIL,TEX,5,3,1.0,0.614716649055481,0.6494,MIL,MIL,1
20260828_AZ@SF,2026-08-28,SF,AZ,6,10,0.0,0.48532634973525995,0.4907,AZ,AZ,1
20260828_BAL@ATH,2026-08-28,ATH,BAL,3,4,0.0,0.38384765386581426,0.3486,BAL,BAL,1
20260828_BOS@NYY,2026-08-28,NYY,BOS,1,0,1.0,0.44994261860847473,0.4406,BOS,NYY,0
20260828_CIN@CHC,2026-08-28,CHC,CIN,8,10,0.0,0.5987392067909241,0.6275,CHC,CIN,0
20260828_COL@ATL,2026-08-28,ATL,COL,6,4,1.0,0.6846198439598083,0.7414,ATL,ATL,1
20260828_CWS@MIN,2026-08-28,MIN,CWS,4,7,0.0,0.5528780221939087,0.5634,MIN,CWS,0
20260828_HOU@NYM,2026-08-28,NYM,HOU,1,3,0.0,0.5253187417984009,0.5244,NYM,HOU,0
20260828_KC@CLE,2026-08-28,CLE,KC,0,3,0.0,0.5955662727355957,0.6231,CLE,KC,0
20260828_LAD@DET,2026-08-28,DET,LAD,1,2,0.0,0.4205748736858368,0.3993,LAD,LAD,1
20260828_MIA@WSH,2026-08-28,WSH,MIA,9,2,1.0,0.45974588394165045,0.4544,MIA,WSH,0
20260828_PHI@LAA,2026-08-28,LAA,PHI,3,5,0.0,0.3946039080619812,0.3633,PHI,PHI,1
20260828_PIT@STL,2026-08-28,STL,PIT,4,1,1.0,0.5569085478782654,0.5691,STL,STL,1
20260828_SD@TB,2026-08-28,TB,SD,9,4,1.0,0.5470587611198425,0.5552,TB,TB,1
20260828_SEA@TOR,2026-08-28,TOR,SEA,8,1,1.0,0.5326101183891296,0.5347,TOR,TOR,1
20260828_TEX@MIL,2026-08-28,MIL,TEX,6,1,1.0,0.6733359694480896,0.727,MIL,MIL,1
20260827_AZ@SF,2026-08-27,SF,AZ,6,1,1.0,0.5141727328300476,0.5086,SF,SF,1
20260827_BAL@STL,2026-08-27,STL,BAL,7,5,1.0,0.5050248503684998,0.5,STL,STL,1
20260827_COL@WSH,2026-08-27,WSH,COL,7,1,1.0,0.6225388050079346,0.66,WSH,WSH,1
20260827_HOU@NYY,2026-08-27,NYY,HOU,1,5,0.0,0.5078865885734558,0.5,NYY,HOU,0
20260827_KC@TOR,2026-08-27,TOR,KC,2,13,0.0,0.4988606870174408,0.5,KC,KC,1
20260827_LAD@ATL,2026-08-27,ATL,LAD,1,0,1.0,0.5050818920135499,0.5,ATL,ATL,1
20260827_MIL@NYM,2026-08-27,NYM,MIL,2,8,0.0,0.44131159782409674,0.4284,MIL,MIL,1
20260826_BAL@STL,2026-08-26,STL,BAL,7,8,0.0,0.49214911460876465,0.5,BAL,BAL,1
20260826_BOS@MIA,2026-08-26,MIA,BOS,4,0,1.0,0.3988726735115051,0.3692,BOS,MIA,0
20260826_CHC@AZ,2026-08-26,AZ,CHC,2,0,1.0,0.5264758467674255,0.526,AZ,AZ,1
20260826_CIN@SF,2026-08-26,SF,CIN,9,10,0.0,0.5792189240455627,0.6004,SF,CIN,0
20260826_CLE@LAA,2026-08-26,LAA,CLE,3,4,0.0,0.38591790199279785,0.3515,CLE,CLE,1
20260826_COL@WSH,2026-08-26,WSH,COL,1,13,0.0,0.5606939196586609,0.5744,WSH,COL,0
20260826_HOU@NYY,2026-08-26,NYY,HOU,9,3,1.0,0.5643343329429626,0.5795,NYY,NYY,1
20260826_KC@TOR,2026-08-26,TOR,KC,3,0,1.0,0.5184633135795593,0.5147,TOR,TOR,1
20260826_LAD@ATL,2026-08-26,ATL,LAD,6,5,1.0,0.5312636494636536,0.5328,ATL,ATL,1
20260826_MIL@NYM,2026-08-26,NYM,MIL,1,8,0.0,0.4764869511127472,0.4782,MIL,MIL,1
20260826_MIN@ATH,2026-08-26,ATH,MIN,7,4,1.0,0.5024713277816772,0.5,ATH,ATH,1
20260826_PHI@SEA,2026-08-26,SEA,PHI,0,6,0.0,0.5459519624710083,0.5536,SEA,PHI,0
20260826_PIT@SD,2026-08-26,SD,PIT,3,0,1.0,0.630157709121704,0.6703,SD,SD,1
20260826_TB@DET,2026-08-26,DET,TB,0,3,0.0,0.5551468729972839,0.5666,DET,TB,0
20260826_TEX@CWS,2026-08-26,CWS,TEX,10,4,1.0,0.5001742839813232,0.5,CWS,CWS,1
20260825_BAL@STL,2026-08-25,STL,BAL,1,13,0.0,0.5149129033088684,0.5096,STL,BAL,0
20260825_BOS@MIA,2026-08-25,MIA,BOS,3,7,0.0,0.38037410378456116,0.3439,BOS,BOS,1
20260825_CHC@AZ,2026-08-25,AZ,CHC,5,4,1.0,0.512073278427124,0.5056,AZ,AZ,1
20260825_CIN@SF,2026-08-25,SF,CIN,3,1,1.0,0.5304633975028992,0.5317,SF,SF,1
20260825_CLE@LAA,2026-08-25,LAA,CLE,6,8,0.0,0.38809573650360113,0.3544,CLE,CLE,1
20260825_COL@WSH,2026-08-25,WSH,COL,1,3,0.0,0.5973933935165405,0.6256,WSH,COL,0
20260825_HOU@NYY,2026-08-25,NYY,HOU,7,9,0.0,0.513698160648346,0.5079,NYY,HOU,0
20260825_KC@TOR,2026-08-25,TOR,KC,3,5,0.0,0.545476496219635,0.5529,TOR,KC,0
20260825_LAD@ATL,2026-08-25,ATL,LAD,4,3,1.0,0.4176650047302246,0.3953,LAD,ATL,0
20260825_MIL@NYM,2026-08-25,NYM,MIL,3,2,1.0,0.49965667724609375,0.5,MIL,NYM,0
20260825_MIN@ATH,2026-08-25,ATH,MIN,4,2,1.0,0.4663542211055755,0.4638,MIN,ATH,0
20260825_PHI@SEA,2026-08-25,SEA,PHI,4,1,1.0,0.5411573648452759,0.5468,SEA,SEA,1
20260825_PIT@SD,2026-08-25,SD,PIT,0,1,0.0,0.617647111415863,0.6534,SD,PIT,0
20260825_TB@DET,2026-08-25,DET,TB,4,1,1.0,0.5046000480651855,0.5,DET,DET,1
20260825_TEX@CWS,2026-08-25,CWS,TEX,11,7,1.0,0.5305823683738708,0.5319,CWS,CWS,1
20260824_BOS@MIA,2026-08-24,MIA,BOS,2,4,0.0,0.418736606836319,0.3977,BOS,BOS,1
20260824_CHC@AZ,2026-08-24,AZ,CHC,0,7,0.0,0.460504949092865,0.4551,CHC,CHC,1
20260824_CIN@SF,2026-08-24,SF,CIN,5,0,1.0,0.4884977340698242,0.4939,CIN,SF,0
20260824_CLE@LAA,2026-08-24,LAA,CLE,2,4,0.0,0.35070621967315674,0.307,CLE,CLE,1
20260824_COL@WSH,2026-08-24,WSH,COL,13,3,1.0,0.6240212917327881,0.6599,WSH,WSH,1
20260824_MIN@ATH,2026-08-24,ATH,MIN,6,9,0.0,0.3884231150150299,0.3567,MIN,MIN,1
20260824_PHI@SEA,2026-08-24,SEA,PHI,9,2,1.0,0.43593028187751764,0.4212,PHI,SEA,0
20260824_PIT@SD,2026-08-24,SD,PIT,2,3,0.0,0.6239609122276306,0.6598,SD,PIT,0
20260824_TB@DET,2026-08-24,DET,TB,1,4,0.0,0.5475044250488281,0.5559,DET,TB,0
20260824_TEX@CWS,2026-08-24,CWS,TEX,2,11,0.0,0.5332477688789368,0.5362,CWS,TEX,0
20260823_ATH@HOU,2026-08-23,HOU,ATH,6,7,0.0,0.541712760925293,0.5479,HOU,ATH,0
20260823_ATL@MIL,2026-08-23,MIL,ATL,2,4,0.0,0.6297850012779236,0.6675,MIL,ATL,0
20260823_CHC@SEA,2026-08-23,SEA,CHC,2,19,0.0,0.5335209369659424,0.5366,SEA,CHC,0
20260823_CIN@AZ,2026-08-23,AZ,CIN,5,3,1.0,0.5054597854614258,0.5,AZ,AZ,1
20260823_CLE@COL,2026-08-23,COL,CLE,2,7,0.0,0.42916268110275274,0.4119,CLE,CLE,1
20260823_DET@KC,2026-08-23,KC,DET,11,7,1.0,0.5042521357536316,0.5,KC,KC,1
20260823_LAA@TEX,2026-08-23,TEX,LAA,5,3,1.0,0.6263675093650819,0.663,TEX,TEX,1
20260823_MIN@SD,2026-08-23,SD,MIN,8,1,1.0,0.656133234500885,0.7018,SD,SD,1
20260823_NYM@CWS,2026-08-23,CWS,NYM,2,1,1.0,0.42651271820068365,0.4083,NYM,CWS,0
20260823_PIT@LAD,2026-08-23,LAD,PIT,4,0,1.0,0.654268205165863,0.6994,LAD,LAD,1
20260823_SF@BOS,2026-08-23,BOS,SF,5,4,1.0,0.6379837393760681,0.6783,BOS,BOS,1
20260823_STL@PHI,2026-08-23,PHI,STL,6,4,1.0,0.6244978308677673,0.6605,PHI,PHI,1
20260823_TB@BAL,2026-08-23,BAL,TB,1,3,0.0,0.5559583306312561,0.5676,BAL,TB,0
20260823_TOR@NYY,2026-08-23,NYY,TOR,8,3,1.0,0.476016253232956,0.4766,TOR,NYY,0
20260823_WSH@MIA,2026-08-23,MIA,WSH,6,2,1.0,0.4995377659797669,0.5,WSH,MIA,0
20260822_ATH@HOU,2026-08-22,HOU,ATH,3,4,0.0,0.5753695368766785,0.5943,HOU,ATH,0
20260822_ATL@MIL,2026-08-22,MIL,ATL,4,1,1.0,0.6382078528404236,0.6786,MIL,MIL,1
20260822_CHC@SEA,2026-08-22,SEA,CHC,5,4,1.0,0.48660060763359064,0.4913,CHC,SEA,0
20260822_CIN@AZ,2026-08-22,AZ,CIN,5,11,0.0,0.5871779918670654,0.6104,AZ,CIN,0
20260822_CLE@COL,2026-08-22,COL,CLE,3,4,0.0,0.3882443904876709,0.3565,CLE,CLE,1
20260822_DET@KC,2026-08-22,KC,DET,3,1,1.0,0.49867624044418335,0.5,DET,KC,0
20260822_LAA@TEX,2026-08-22,TEX,LAA,0,3,0.0,0.7008026838302612,0.7577,TEX,LAA,0
20260822_MIN@SD,2026-08-22,SD,MIN,7,5,1.0,0.6469545364379883,0.69,SD,SD,1
20260822_NYM@CWS,2026-08-22,CWS,NYM,5,10,0.0,0.3315671980381012,0.2825,NYM,NYM,1
20260822_PIT@LAD,2026-08-22,LAD,PIT,4,3,1.0,0.6567190885543824,0.7026,LAD,LAD,1
20260822_SF@BOS,2026-08-22,BOS,SF,3,2,1.0,0.5305282473564148,0.5325,BOS,BOS,1
20260822_STL@PHI,2026-08-22,PHI,STL,12,3,1.0,0.5366367697715759,0.5409,PHI,PHI,1
20260822_TB@BAL,2026-08-22,BAL,TB,3,2,1.0,0.45866331458091736,0.4526,TB,BAL,0
20260822_TOR@NYY,2026-08-22,NYY,TOR,3,4,0.0,0.4988545179367066,0.5,TOR,TOR,1
20260822_WSH@MIA,2026-08-22,MIA,WSH,4,2,1.0,0.47264641523361206,0.4719,WSH,MIA,0
20260821_ATH@HOU,2026-08-21,HOU,ATH,4,0,1.0,0.5274268984794617,0.5282,HOU,HOU,1
20260821_ATL@MIL,2026-08-21,MIL,ATL,2,1,1.0,0.6508309841156006,0.695,MIL,MIL,1
20260821_CHC@SEA,2026-08-21,SEA,CHC,6,5,1.0,0.5274176597595215,0.5281,SEA,SEA,1
20260821_CIN@AZ,2026-08-21,AZ,CIN,9,0,1.0,0.5833594799041749,0.6052,AZ,AZ,1
20260821_CLE@COL,2026-08-21,COL,CLE,1,9,0.0,0.42973294854164124,0.4127,CLE,CLE,1
20260821_DET@KC,2026-08-21,KC,DET,5,2,1.0,0.4993483722209931,0.5,DET,KC,0
20260821_LAA@TEX,2026-08-21,TEX,LAA,2,1,1.0,0.6194194555282593,0.6538,TEX,TEX,1
20260821_MIN@SD,2026-08-21,SD,MIN,6,2,1.0,0.6212729215621948,0.6562,SD,SD,1
20260821_NYM@CWS,2026-08-21,CWS,NYM,6,4,1.0,0.44544595479965204,0.4343,NYM,CWS,0
20260821_PIT@LAD,2026-08-21,LAD,PIT,5,4,1.0,0.646647572517395,0.6896,LAD,LAD,1
20260821_SF@BOS,2026-08-21,BOS,SF,6,4,1.0,0.6397886872291565,0.6806,BOS,BOS,1
20260821_STL@PHI,2026-08-21,PHI,STL,7,6,1.0,0.6064227223396301,0.6364,PHI,PHI,1
20260821_TB@BAL,2026-08-21,BAL,TB,5,3,1.0,0.5232210159301758,0.5223,BAL,BAL,1
20260821_TOR@NYY,2026-08-21,NYY,TOR,3,1,1.0,0.5217679142951965,0.5203,NYY,NYY,1
20260821_WSH@MIA,2026-08-21,MIA,WSH,3,2,1.0,0.5355448722839355,0.5394,MIA,MIA,1
20260820_ATH@KC,2026-08-20,KC,ATH,6,2,1.0,0.5423874258995056,0.5489,KC,KC,1
20260820_ATL@CWS,2026-08-20,CWS,ATL,0,2,0.0,0.4294109344482422,0.4123,ATL,ATL,1
20260820_LAA@HOU,2026-08-20,HOU,LAA,3,18,0.0,0.6059502959251404,0.6357,HOU,LAA,0
20260820_NYY@BAL,2026-08-20,BAL,NYY,1,6,0.0,0.4965682029724121,0.5,NYY,NYY,1
20260820_SEA@MIL,2026-08-20,MIL,SEA,7,4,1.0,0.6555401682853699,0.7011,MIL,MIL,1
20260820_SF@CLE,2026-08-20,CLE,SF,5,2,1.0,0.6477647423744202,0.691,CLE,CLE,1
20260820_STL@CIN,2026-08-20,CIN,STL,9,10,0.0,0.5278179049491882,0.5287,CIN,STL,0
20260820_TOR@TB,2026-08-20,TB,TOR,1,5,0.0,0.5809411406517029,0.6019,TB,TOR,0
20260820_WSH@TEX,2026-08-20,TEX,WSH,2,0,1.0,0.5887731313705444,0.6125,TEX,TEX,1
20260819_ATH@KC,2026-08-19,KC,ATH,9,7,1.0,0.6222744584083557,0.6576,KC,KC,1
20260819_ATL@MIN,2026-08-19,MIN,ATL,6,4,1.0,0.4976636171340942,0.5,ATL,MIN,0
20260819_AZ@BOS,2026-08-19,BOS,AZ,6,7,0.0,0.5667528510093689,0.5824,BOS,AZ,0
20260819_CWS@CHC,2026-08-19,CHC,CWS,0,3,0.0,0.6460888385772705,0.6888,CHC,CWS,0
20260819_DET@PIT,2026-08-19,PIT,DET,4,3,1.0,0.576801598072052,0.5962,PIT,PIT,1
20260819_LAA@HOU,2026-08-19,HOU,LAA,3,2,1.0,0.5860909223556519,0.6089,HOU,HOU,1
20260819_LAD@COL,2026-08-19,COL,LAD,4,6,0.0,0.30213895440101624,0.2459,LAD,LAD,1
20260819_MIA@PHI,2026-08-19,PHI,MIA,4,1,1.0,0.4721769094467163,0.4713,MIA,PHI,0
20260819_NYY@BAL,2026-08-19,BAL,NYY,3,5,0.0,0.5030314326286316,0.5,BAL,NYY,0
20260819_SD@NYM,2026-08-19,NYM,SD,4,2,1.0,0.4454469084739685,0.4343,SD,NYM,0
20260819_SEA@MIL,2026-08-19,MIL,SEA,5,7,0.0,0.6615869998931885,0.7088,MIL,SEA,0
20260819_SF@CLE,2026-08-19,CLE,SF,0,1,0.0,0.6052625775337219,0.6348,CLE,SF,0
20260819_STL@CIN,2026-08-19,CIN,STL,5,4,1.0,0.5338726639747621,0.5371,CIN,CIN,1
20260819_TOR@TB,2026-08-19,TB,TOR,7,6,1.0,0.6257616877555847,0.6622,TB,TB,1
20260819_WSH@TEX,2026-08-19,TEX,WSH,0,6,0.0,0.5045537948608398,0.5,TEX,WSH,0
20260818_ATH@KC,2026-08-18,KC,ATH,4,3,1.0,0.5562748312950134,0.568,KC,KC,1
20260818_ATL@MIN,2026-08-18,MIN,ATL,4,1,1.0,0.44500002264976496,0.4337,ATL,MIN,0
20260818_AZ@BOS,2026-08-18,BOS,AZ,9,4,1.0,0.5334569811820984,0.5365,BOS,BOS,1
20260818_CWS@CHC,2026-08-18,CHC,CWS,4,3,1.0,0.675899088382721,0.7269,CHC,CHC,1
20260818_DET@PIT,2026-08-18,PIT,DET,4,1,1.0,0.554587185382843,0.5657,PIT,PIT,1
20260818_LAA@HOU,2026-08-18,HOU,LAA,1,3,0.0,0.5897455811500549,0.6138,HOU,LAA,0
20260818_LAD@COL,2026-08-18,COL,LAD,6,7,0.0,0.35903650522232056,0.3178,LAD,LAD,1
20260818_MIA@PHI,2026-08-18,PHI,MIA,6,4,1.0,0.6298692226409911,0.6676,PHI,PHI,1
20260818_NYY@BAL,2026-08-18,BAL,NYY,1,3,0.0,0.45724302530288696,0.4506,NYY,NYY,1
20260818_SD@NYM,2026-08-18,NYM,SD,2,5,0.0,0.5003661513328552,0.5,NYM,SD,0
20260818_SEA@MIL,2026-08-18,MIL,SEA,22,0,1.0,0.6450861692428589,0.6875,MIL,MIL,1
20260818_SF@CLE,2026-08-18,CLE,SF,8,1,1.0,0.5792944431304932,0.5996,CLE,CLE,1
20260818_STL@CIN,2026-08-18,CIN,STL,0,3,0.0,0.5017012357711792,0.5,CIN,STL,0
20260818_TOR@TB,2026-08-18,TB,TOR,5,10,0.0,0.6361560225486755,0.6759,TB,TOR,0
20260818_WSH@TEX,2026-08-18,TEX,WSH,5,0,1.0,0.5474196076393127,0.5558,TEX,TEX,1
20260817_ATH@KC,2026-08-17,KC,ATH,9,5,1.0,0.5583397746086121,0.5711,KC,KC,1
20260817_ATL@MIN,2026-08-17,MIN,ATL,4,2,1.0,0.5222481489181519,0.5214,MIN,MIN,1
20260817_AZ@BOS,2026-08-17,BOS,AZ,11,1,1.0,0.5222481489181519,0.5214,BOS,BOS,1
20260817_BAL@TB,2026-08-17,TB,BAL,7,6,1.0,0.5247553586959839,0.5248,TB,TB,1
20260817_CWS@CHC,2026-08-17,CHC,CWS,7,5,1.0,0.5332315564155579,0.5365,CHC,CHC,1
20260817_DET@PIT,2026-08-17,PIT,DET,5,8,0.0,0.514866054058075,0.5112,PIT,DET,0
20260817_LAD@COL,2026-08-17,COL,LAD,5,11,0.0,0.5413950681686401,0.5478,COL,LAD,0
20260817_MIA@PHI,2026-08-17,PHI,MIA,6,5,1.0,0.5415778756141663,0.5481,PHI,PHI,1
20260817_SD@NYM,2026-08-17,NYM,SD,2,1,1.0,0.5331205129623413,0.5364,NYM,NYM,1
20260817_STL@CIN,2026-08-17,CIN,STL,6,5,1.0,0.5332315564155579,0.5365,CIN,CIN,1
20260817_STL@CIN,2026-08-17,CIN,STL,1,2,0.0,0.5332315564155579,0.5365,CIN,STL,0
20260816_AZ@ATL,2026-08-16,ATL,AZ,5,3,1.0,0.5332315564155579,0.5365,ATL,ATL,1
20260816_BAL@TB,2026-08-16,TB,BAL,2,10,0.0,0.5247553586959839,0.5248,TB,BAL,0
20260816_BOS@PIT,2026-08-16,PIT,BOS,8,3,1.0,0.514866054058075,0.5112,PIT,PIT,1
20260816_COL@SF,2026-08-16,SF,COL,7,13,0.0,0.5307273268699646,0.5331,SF,COL,0
20260816_CWS@DET,2026-08-16,DET,CWS,5,7,0.0,0.5332315564155579,0.5365,DET,CWS,0
20260816_KC@LAA,2026-08-16,LAA,KC,0,3,0.0,0.514866054058075,0.5112,LAA,KC,0
20260816_MIA@CIN,2026-08-16,CIN,MIA,1,7,0.0,0.5332315564155579,0.5365,CIN,MIA,0
20260816_MIL@LAD,2026-08-16,LAD,MIL,2,6,0.0,0.5415778756141663,0.5481,LAD,MIL,0
20260816_NYY@TOR,2026-08-16,TOR,NYY,3,4,0.0,0.5247553586959839,0.5248,TOR,NYY,0
20260816_PHI@MIN,2026-08-16,MIN,PHI,5,7,0.0,0.5222481489181519,0.5214,MIN,PHI,0
20260816_SD@CLE,2026-08-16,CLE,SD,0,5,0.0,0.5247553586959839,0.5248,CLE,SD,0
20260816_SEA@HOU,2026-08-16,HOU,SEA,2,3,0.0,0.5332315564155579,0.5365,HOU,SEA,0
20260816_STL@CHC,2026-08-16,CHC,STL,4,11,0.0,0.5332315564155579,0.5365,CHC,STL,0
20260816_TEX@ATH,2026-08-16,ATH,TEX,5,2,1.0,0.514866054058075,0.5112,ATH,ATH,1
20260816_WSH@NYM,2026-08-16,NYM,WSH,4,3,1.0,0.5415778756141663,0.5481,NYM,NYM,1
20260815_AZ@ATL,2026-08-15,ATL,AZ,3,10,0.0,0.5332315564155579,0.5365,ATL,AZ,0
20260815_BAL@TB,2026-08-15,TB,BAL,3,4,0.0,0.5247553586959839,0.5248,TB,BAL,0
20260815_BOS@PIT,2026-08-15,PIT,BOS,0,4,0.0,0.514866054058075,0.5112,PIT,BOS,0
20260815_COL@SF,2026-08-15,SF,COL,7,1,1.0,0.5307273268699646,0.5331,SF,SF,1
20260815_CWS@DET,2026-08-15,DET,CWS,3,4,0.0,0.5332315564155579,0.5365,DET,CWS,0
20260815_KC@LAA,2026-08-15,LAA,KC,1,0,1.0,0.514866054058075,0.5112,LAA,LAA,1
20260815_MIA@CIN,2026-08-15,CIN,MIA,4,8,0.0,0.5332315564155579,0.5365,CIN,MIA,0
20260815_MIL@LAD,2026-08-15,LAD,MIL,1,4,0.0,0.5415778756141663,0.5481,LAD,MIL,0
20260815_NYY@TOR,2026-08-15,TOR,NYY,4,1,1.0,0.5247553586959839,0.5248,TOR,TOR,1
20260815_PHI@MIN,2026-08-15,MIN,PHI,1,9,0.0,0.5222481489181519,0.5214,MIN,PHI,0
20260815_SD@CLE,2026-08-15,CLE,SD,6,1,1.0,0.5247553586959839,0.5248,CLE,CLE,1
20260815_SEA@HOU,2026-08-15,HOU,SEA,5,10,0.0,0.5332315564155579,0.5365,HOU,SEA,0
20260815_STL@CHC,2026-08-15,CHC,STL,4,8,0.0,0.5332315564155579,0.5365,CHC,STL,0
20260815_TEX@ATH,2026-08-15,ATH,TEX,3,5,0.0,0.514866054058075,0.5112,ATH,TEX,0
20260815_WSH@NYM,2026-08-15,NYM,WSH,5,4,1.0,0.5415778756141663,0.5481,NYM,NYM,1
20260814_AZ@ATL,2026-08-14,ATL,AZ,0,2,0.0,0.5332315564155579,0.5365,ATL,AZ,0
20260814_BAL@TB,2026-08-14,TB,BAL,5,6,0.0,0.5247553586959839,0.5248,TB,BAL,0
20260814_BOS@PIT,2026-08-14,PIT,BOS,8,4,1.0,0.514866054058075,0.5112,PIT,PIT,1
20260814_COL@SF,2026-08-14,SF,COL,2,5,0.0,0.5307273268699646,0.5331,SF,COL,0
20260814_CWS@DET,2026-08-14,DET,CWS,5,9,0.0,0.5332315564155579,0.5365,DET,CWS,0
20260814_KC@LAA,2026-08-14,LAA,KC,6,7,0.0,0.514866054058075,0.5112,LAA,KC,0
20260814_MIA@CIN,2026-08-14,CIN,MIA,1,0,1.0,0.5332315564155579,0.5365,CIN,CIN,1
20260814_MIL@LAD,2026-08-14,LAD,MIL,3,1,1.0,0.5415778756141663,0.5481,LAD,LAD,1
20260814_NYY@TOR,2026-08-14,TOR,NYY,3,1,1.0,0.5247553586959839,0.5248,TOR,TOR,1
20260814_SD@CLE,2026-08-14,CLE,SD,5,7,0.0,0.5247553586959839,0.5248,CLE,SD,0
20260814_SEA@HOU,2026-08-14,HOU,SEA,10,7,1.0,0.5332315564155579,0.5365,HOU,HOU,1
20260814_STL@CHC,2026-08-14,CHC,STL,3,0,1.0,0.5332315564155579,0.5365,CHC,CHC,1
20260814_TEX@ATH,2026-08-14,ATH,TEX,8,3,1.0,0.514866054058075,0.5112,ATH,ATH,1
20260814_WSH@NYM,2026-08-14,NYM,WSH,4,1,1.0,0.5415778756141663,0.5481,NYM,NYM,1
20260813_BOS@TOR,2026-08-13,TOR,BOS,0,7,0.0,0.5332315564155579,0.5365,TOR,BOS,0
20260813_CHC@WSH,2026-08-13,WSH,CHC,7,0,1.0,0.514866054058075,0.5112,WSH,WSH,1
20260813_CIN@CWS,2026-08-13,CWS,CIN,8,9,0.0,0.514866054058075,0.5112,CWS,CIN,0
20260813_CLE@DET,2026-08-13,DET,CLE,3,0,1.0,0.5332315564155579,0.5365,DET,DET,1
20260813_MIL@LAD,2026-08-13,LAD,MIL,4,5,0.0,0.5415778756141663,0.5481,LAD,MIL,0
20260813_PHI@MIN,2026-08-13,MIN,PHI,1,7,0.0,0.5222481489181519,0.5214,MIN,PHI,0
20260813_PIT@MIA,2026-08-13,MIA,PIT,1,13,0.0,0.514866054058075,0.5112,MIA,PIT,0
20260813_SEA@NYY,2026-08-13,NYY,SEA,0,1,0.0,0.5332315564155579,0.5365,NYY,SEA,0
20260813_TEX@LAA,2026-08-13,LAA,TEX,7,0,1.0,0.514866054058075,0.5112,LAA,LAA,1
20260812_BAL@MIN,2026-08-12,MIN,BAL,7,5,1.0,0.5222481489181519,0.5214,MIN,MIN,1
20260812_BOS@TOR,2026-08-12,TOR,BOS,6,4,1.0,0.5332315564155579,0.5365,TOR,TOR,1
20260812_CHC@WSH,2026-08-12,WSH,CHC,6,12,0.0,0.514866054058075,0.5112,WSH,CHC,0
20260812_CIN@CWS,2026-08-12,CWS,CIN,5,0,1.0,0.514866054058075,0.5112,CWS,CWS,1
20260812_CLE@DET,2026-08-12,DET,CLE,4,6,0.0,0.5332315564155579,0.5365,DET,CLE,0
20260812_COL@AZ,2026-08-12,AZ,COL,4,6,0.0,0.5583397746086121,0.5711,AZ,COL,0
20260812_HOU@SF,2026-08-12,SF,HOU,1,2,0.0,0.5222481489181519,0.5214,SF,HOU,0
20260812_KC@LAD,2026-08-12,LAD,KC,4,2,1.0,0.544615626335144,0.5523,LAD,LAD,1
20260812_MIL@SD,2026-08-12,SD,MIL,4,3,1.0,0.5415778756141663,0.5481,SD,SD,1
20260812_NYM@ATL,2026-08-12,ATL,NYM,6,3,1.0,0.5247553586959839,0.5248,ATL,ATL,1
20260812_PHI@STL,2026-08-12,STL,PHI,7,1,1.0,0.5222481489181519,0.5214,STL,STL,1
20260812_PIT@MIA,2026-08-12,MIA,PIT,8,2,1.0,0.514866054058075,0.5112,MIA,MIA,1
20260812_SEA@NYY,2026-08-12,NYY,SEA,10,5,1.0,0.5332315564155579,0.5365,NYY,NYY,1
20260812_TB@ATH,2026-08-12,ATH,TB,4,8,0.0,0.514866054058075,0.5112,ATH,TB,0
20260812_TEX@LAA,2026-08-12,LAA,TEX,5,2,1.0,0.514866054058075,0.5112,LAA,LAA,1
20260811_BAL@MIN,2026-08-11,MIN,BAL,2,5,0.0,0.5222481489181519,0.5214,MIN,BAL,0
20260811_BOS@TOR,2026-08-11,TOR,BOS,5,3,1.0,0.5332315564155579,0.5365,TOR,TOR,1
20260811_CHC@WSH,2026-08-11,WSH,CHC,6,8,0.0,0.514866054058075,0.5112,WSH,CHC,0
20260811_CIN@CWS,2026-08-11,CWS,CIN,4,5,0.0,0.514866054058075,0.5112,CWS,CIN,0
20260811_CLE@DET,2026-08-11,DET,CLE,6,4,1.0,0.5332315564155579,0.5365,DET,DET,1
20260811_COL@AZ,2026-08-11,AZ,COL,2,3,0.0,0.544615626335144,0.5523,AZ,COL,0
20260811_HOU@SF,2026-08-11,SF,HOU,4,1,1.0,0.5222481489181519,0.5214,SF,SF,1
20260811_KC@LAD,2026-08-11,LAD,KC,5,4,1.0,0.544615626335144,0.5523,LAD,LAD,1
20260811_MIL@SD,2026-08-11,SD,MIL,11,2,1.0,0.5415778756141663,0.5481,SD,SD,1
20260811_NYM@ATL,2026-08-11,ATL,NYM,4,0,1.0,0.5332315564155579,0.5365,ATL,ATL,1
20260811_PHI@STL,2026-08-11,STL,PHI,2,0,1.0,0.5100839734077454,0.5045,STL,STL,1
20260811_PIT@MIA,2026-08-11,MIA,PIT,2,0,1.0,0.514866054058075,0.5112,MIA,MIA,1
20260811_SEA@NYY,2026-08-11,NYY,SEA,4,1,1.0,0.5332315564155579,0.5365,NYY,NYY,1
20260811_TB@ATH,2026-08-11,ATH,TB,4,12,0.0,0.514866054058075,0.5112,ATH,TB,0
20260811_TEX@LAA,2026-08-11,LAA,TEX,3,2,1.0,0.514866054058075,0.5112,LAA,LAA,1
20260810_BAL@MIN,2026-08-10,MIN,BAL,9,5,1.0,0.5060831308364868,0.5,MIN,MIN,1
20260810_BOS@TOR,2026-08-10,TOR,BOS,2,1,1.0,0.477966696023941,0.4794,BOS,TOR,0
20260810_COL@AZ,2026-08-10,AZ,COL,9,0,1.0,0.5993679165840149,0.6266,AZ,AZ,1
20260810_HOU@SF,2026-08-10,SF,HOU,3,6,0.0,0.4971235394477844,0.5,HOU,HOU,1
20260810_KC@LAD,2026-08-10,LAD,KC,6,5,1.0,0.5749711394309999,0.5935,LAD,LAD,1
20260810_MIL@SD,2026-08-10,SD,MIL,3,2,1.0,0.521057665348053,0.5193,SD,SD,1
20260810_NYM@ATL,2026-08-10,ATL,NYM,5,8,0.0,0.5290527939796448,0.5303,ATL,NYM,0
20260810_PHI@STL,2026-08-10,STL,PHI,5,6,0.0,0.548839807510376,0.5576,STL,PHI,0
20260810_TB@ATH,2026-08-10,ATH,TB,6,10,0.0,0.47798728942871094,0.4794,TB,TB,1
20260810_TEX@LAA,2026-08-10,LAA,TEX,1,4,0.0,0.5023556351661682,0.5,LAA,TEX,0
20260809_ATH@BOS,2026-08-09,BOS,ATH,3,4,0.0,0.5615215301513672,0.5751,BOS,ATH,0
20260809_ATL@NYY,2026-08-09,NYY,ATL,1,2,0.0,0.5126174092292786,0.5076,NYY,ATL,0
20260809_BAL@TEX,2026-08-09,TEX,BAL,5,10,0.0,0.5173548460006714,0.5141,TEX,BAL,0
20260809_CHC@KC,2026-08-09,KC,CHC,2,10,0.0,0.5072383284568787,0.5001,KC,CHC,0
20260809_CIN@WSH,2026-08-09,WSH,CIN,7,1,1.0,0.4939661324024201,0.5,CIN,WSH,0
20260809_CLE@CWS,2026-08-09,CWS,CLE,5,3,1.0,0.47954490780830383,0.4816,CLE,CWS,0
20260809_COL@STL,2026-08-09,STL,COL,7,4,1.0,0.6152381300926208,0.6479,STL,STL,1
20260809_DET@SF,2026-08-09,SF,DET,1,3,0.0,0.48107397556304926,0.4837,DET,DET,1
20260809_HOU@SD,2026-08-09,SD,HOU,7,2,1.0,0.5295293927192688,0.531,SD,SD,1
20260809_LAA@MIA,2026-08-09,MIA,LAA,12,3,1.0,0.5442512631416321,0.5513,MIA,MIA,1
20260809_LAD@AZ,2026-08-09,AZ,LAD,4,2,1.0,0.504126250743866,0.5,AZ,AZ,1
20260809_MIN@MIL,2026-08-09,MIL,MIN,4,3,1.0,0.5639443397521973,0.5784,MIL,MIL,1
20260809_NYM@PIT,2026-08-09,PIT,NYM,1,11,0.0,0.5271899104118347,0.5277,PIT,NYM,0
20260809_TB@SEA,2026-08-09,SEA,TB,1,4,0.0,0.5639443397521973,0.5784,SEA,TB,0
20260809_TOR@PHI,2026-08-09,PHI,TOR,7,6,1.0,0.5502215623855591,0.5595,PHI,PHI,1
20260808_ATH@BOS,2026-08-08,BOS,ATH,3,7,0.0,0.5588630437850952,0.5714,BOS,ATH,0
20260808_ATL@NYY,2026-08-08,NYY,ATL,5,4,1.0,0.5126174092292786,0.5076,NYY,NYY,1
20260808_BAL@TEX,2026-08-08,TEX,BAL,5,1,1.0,0.5173548460006714,0.5141,TEX,TEX,1
20260808_CHC@KC,2026-08-08,KC,CHC,6,3,1.0,0.48107397556304926,0.4837,CHC,KC,0
20260808_CIN@WSH,2026-08-08,WSH,CIN,8,2,1.0,0.54695725440979,0.555,WSH,WSH,1
20260808_CLE@CWS,2026-08-08,CWS,CLE,6,3,1.0,0.4297146201133728,0.4129,CLE,CWS,0
20260808_COL@STL,2026-08-08,STL,COL,6,8,0.0,0.6152381300926208,0.6479,STL,COL,0
20260808_DET@SF,2026-08-08,SF,DET,0,8,0.0,0.5072383284568787,0.5001,SF,DET,0
20260808_HOU@SD,2026-08-08,SD,HOU,3,2,1.0,0.5295293927192688,0.531,SD,SD,1
20260808_LAA@MIA,2026-08-08,MIA,LAA,7,0,1.0,0.5333719253540039,0.5363,MIA,MIA,1
20260808_LAD@AZ,2026-08-08,AZ,LAD,1,2,0.0,0.504126250743866,0.5,AZ,LAD,0
20260808_MIN@MIL,2026-08-08,MIL,MIN,4,3,1.0,0.5377596616744995,0.5423,MIL,MIL,1
20260808_NYM@PIT,2026-08-08,PIT,NYM,9,0,1.0,0.5213066935539246,0.5196,PIT,PIT,1
20260808_TB@SEA,2026-08-08,SEA,TB,2,3,0.0,0.5639443397521973,0.5784,SEA,TB,0
20260808_TOR@PHI,2026-08-08,PHI,TOR,5,7,0.0,0.5502215623855591,0.5595,PHI,TOR,0
20260807_ATH@BOS,2026-08-07,BOS,ATH,13,1,1.0,0.567320704460144,0.583,BOS,BOS,1
20260807_ATL@NYY,2026-08-07,NYY,ATL,3,2,1.0,0.5126174092292786,0.5076,NYY,NYY,1
20260807_BAL@TEX,2026-08-07,TEX,BAL,2,1,1.0,0.5173548460006714,0.5141,TEX,TEX,1
20260807_CHC@KC,2026-08-07,KC,CHC,4,6,0.0,0.5072383284568787,0.5001,KC,CHC,0
20260807_CIN@WSH,2026-08-07,WSH,CIN,5,3,1.0,0.46429380774497986,0.4605,CIN,WSH,0
20260807_CLE@CWS,2026-08-07,CWS,CLE,2,8,0.0,0.45307168364524847,0.445,CLE,CLE,1
20260807_COL@STL,2026-08-07,STL,COL,3,2,1.0,0.6152381300926208,0.6479,STL,STL,1
20260807_DET@SF,2026-08-07,SF,DET,5,2,1.0,0.4971235394477844,0.5,DET,SF,0
20260807_HOU@SD,2026-08-07,SD,HOU,3,6,0.0,0.5295293927192688,0.531,SD,HOU,0
20260807_LAA@MIA,2026-08-07,MIA,LAA,3,4,0.0,0.4750047028064728,0.4753,LAA,LAA,1
20260807_LAD@AZ,2026-08-07,AZ,LAD,4,3,1.0,0.504126250743866,0.5,AZ,AZ,1
20260807_MIN@MIL,2026-08-07,MIL,MIN,6,8,0.0,0.5639443397521973,0.5784,MIL,MIN,0
20260807_NYM@PIT,2026-08-07,PIT,NYM,4,6,0.0,0.5271899104118347,0.5277,PIT,NYM,0
20260807_TB@SEA,2026-08-07,SEA,TB,1,2,0.0,0.5639443397521973,0.5784,SEA,TB,0
20260807_TOR@PHI,2026-08-07,PHI,TOR,4,5,0.0,0.5416996479034424,0.5478,PHI,TOR,0
20260806_ATH@CIN,2026-08-06,CIN,ATH,6,5,1.0,0.5453140139579773,0.5528,CIN,CIN,1
20260806_CWS@BOS,2026-08-06,BOS,CWS,12,11,1.0,0.5793936848640441,0.5995,BOS,BOS,1
20260806_DET@SEA,2026-08-06,SEA,DET,0,11,0.0,0.533524751663208,0.5365,SEA,DET,0
20260806_LAA@BAL,2026-08-06,BAL,LAA,1,4,0.0,0.5709953308105469,0.5881,BAL,LAA,0
20260806_MIA@ATL,2026-08-06,ATL,MIA,11,3,1.0,0.5207638740539551,0.5188,ATL,ATL,1
20260806_MIN@KC,2026-08-06,KC,MIN,3,4,0.0,0.546956479549408,0.555,KC,MIN,0
20260806_NYM@CLE,2026-08-06,CLE,NYM,6,13,0.0,0.5255764126777649,0.5255,CLE,NYM,0
20260806_PIT@MIL,2026-08-06,MIL,PIT,5,2,1.0,0.5639443397521973,0.5784,MIL,MIL,1
20260806_SD@AZ,2026-08-06,AZ,SD,1,5,0.0,0.5397767424583435,0.5451,AZ,SD,0
20260806_TOR@CHC,2026-08-06,CHC,TOR,3,2,1.0,0.5186896324157715,0.516,CHC,CHC,1
20260806_WSH@PHI,2026-08-06,PHI,WSH,7,3,1.0,0.5639443397521973,0.5784,PHI,PHI,1
20260805_ATH@CIN,2026-08-05,CIN,ATH,3,2,1.0,0.5598451495170593,0.5728,CIN,CIN,1
20260805_CWS@BOS,2026-08-05,BOS,CWS,4,0,1.0,0.5793936848640441,0.5995,BOS,BOS,1
20260805_DET@SEA,2026-08-05,SEA,DET,4,2,1.0,0.533524751663208,0.5365,SEA,SEA,1
20260805_LAA@BAL,2026-08-05,BAL,LAA,5,2,1.0,0.5674450993537903,0.5832,BAL,BAL,1
20260805_LAD@CHC,2026-08-05,CHC,LAD,7,6,1.0,0.5328578352928162,0.5356,CHC,CHC,1
20260805_MIA@ATL,2026-08-05,ATL,MIA,4,1,1.0,0.5207638740539551,0.5188,ATL,ATL,1
20260805_MIN@KC,2026-08-05,KC,MIN,2,1,1.0,0.546956479549408,0.555,KC,KC,1
20260805_NYM@CLE,2026-08-05,CLE,NYM,5,6,0.0,0.5521451830863953,0.5622,CLE,NYM,0
20260805_PIT@MIL,2026-08-05,MIL,PIT,4,2,1.0,0.5639443397521973,0.5784,MIL,MIL,1
20260805_SD@AZ,2026-08-05,AZ,SD,10,4,1.0,0.5067225098609924,0.5,AZ,AZ,1
20260805_SF@TEX,2026-08-05,TEX,SF,6,0,1.0,0.5380463004112244,0.5427,TEX,TEX,1
20260805_STL@NYY,2026-08-05,NYY,STL,1,3,0.0,0.5325571894645691,0.5352,NYY,STL,0
20260805_TB@COL,2026-08-05,COL,TB,0,4,0.0,0.4770953357219696,0.4782,TB,TB,1
20260805_TOR@HOU,2026-08-05,HOU,TOR,4,5,0.0,0.5331416130065918,0.536,HOU,TOR,0
20260805_WSH@PHI,2026-08-05,PHI,WSH,4,10,0.0,0.5639443397521973,0.5784,PHI,WSH,0
20260804_ATH@CIN,2026-08-04,CIN,ATH,5,4,1.0,0.5540245175361633,0.5648,CIN,CIN,1
20260804_CWS@BOS,2026-08-04,BOS,CWS,14,2,1.0,0.5793936848640441,0.5995,BOS,BOS,1
20260804_DET@SEA,2026-08-04,SEA,DET,0,8,0.0,0.533524751663208,0.5365,SEA,DET,0
20260804_LAA@BAL,2026-08-04,BAL,LAA,3,1,1.0,0.550936222076416,0.5605,BAL,BAL,1
20260804_LAD@CHC,2026-08-04,CHC,LAD,5,1,1.0,0.5105352997779846,0.5047,CHC,CHC,1
20260804_MIA@ATL,2026-08-04,ATL,MIA,4,2,1.0,0.5471005439758301,0.5552,ATL,ATL,1
20260804_MIN@KC,2026-08-04,KC,MIN,8,2,1.0,0.5384245514869689,0.5433,KC,KC,1
20260804_NYM@CLE,2026-08-04,CLE,NYM,2,6,0.0,0.5521451830863953,0.5622,CLE,NYM,0
20260804_PIT@MIL,2026-08-04,MIL,PIT,4,2,1.0,0.5377596616744995,0.5423,MIL,MIL,1
20260804_SD@AZ,2026-08-04,AZ,SD,4,9,0.0,0.5397767424583435,0.5451,AZ,SD,0
20260804_SF@TEX,2026-08-04,TEX,SF,5,4,1.0,0.5319074988365173,0.5343,TEX,TEX,1
20260804_STL@NYY,2026-08-04,NYY,STL,2,0,1.0,0.546956479549408,0.555,NYY,NYY,1
20260804_TB@COL,2026-08-04,COL,TB,7,9,0.0,0.5045050382614136,0.5,COL,TB,0
20260804_TOR@HOU,2026-08-04,HOU,TOR,7,2,1.0,0.5186896324157715,0.516,HOU,HOU,1
20260804_WSH@PHI,2026-08-04,PHI,WSH,5,0,1.0,0.5639443397521973,0.5784,PHI,PHI,1
20260803_LAD@CHC,2026-08-03,CHC,LAD,10,5,1.0,0.5184191465377808,0.5153,CHC,CHC,1
20260803_PIT@MIL,2026-08-03,MIL,PIT,3,4,0.0,0.5494546294212341,0.5584,MIL,PIT,0
20260803_SD@AZ,2026-08-03,AZ,SD,5,1,1.0,0.525297999382019,0.5249,AZ,AZ,1
20260803_SF@TEX,2026-08-03,TEX,SF,1,5,0.0,0.5576180219650269,0.5697,TEX,SF,0
20260803_STL@NYY,2026-08-03,NYY,STL,7,13,0.0,0.5394530892372131,0.5445,NYY,STL,0
20260803_TB@COL,2026-08-03,COL,TB,9,13,0.0,0.5110962986946106,0.5051,COL,TB,0
20260803_TOR@HOU,2026-08-03,HOU,TOR,1,3,0.0,0.5394530892372131,0.5445,HOU,TOR,0
20260803_WSH@PHI,2026-08-03,PHI,WSH,6,3,1.0,0.5429919362068176,0.5495,PHI,PHI,1
20260802_AZ@CLE,2026-08-02,CLE,AZ,5,0,1.0,0.5379854440689087,0.5425,CLE,CLE,1
20260802_BOS@LAD,2026-08-02,LAD,BOS,4,8,0.0,0.541027307510376,0.5467,LAD,BOS,0
20260802_CWS@TB,2026-08-02,TB,CWS,1,9,0.0,0.5798126459121704,0.6002,TB,CWS,0
20260802_DET@ATH,2026-08-02,ATH,DET,0,11,0.0,0.4729060530662537,0.4726,DET,DET,1
20260802_KC@COL,2026-08-02,COL,KC,8,1,1.0,0.5225909352302551,0.5211,COL,COL,1
20260802_MIA@NYM,2026-08-02,NYM,MIA,0,2,0.0,0.5402007699012756,0.5456,NYM,MIA,0
20260802_MIL@LAA,2026-08-02,LAA,MIL,3,0,1.0,0.43287578225135803,0.4172,MIL,LAA,0
20260802_MIN@SEA,2026-08-02,SEA,MIN,7,6,1.0,0.5429919362068176,0.5495,SEA,SEA,1
20260802_NYY@CHC,2026-08-02,CHC,NYY,1,2,0.0,0.5239021778106688,0.5229,CHC,NYY,0
20260802_PHI@BAL,2026-08-02,BAL,PHI,0,8,0.0,0.5104991793632507,0.5043,BAL,PHI,0
20260802_PIT@CIN,2026-08-02,CIN,PIT,10,2,1.0,0.5394530892372131,0.5445,CIN,CIN,1
20260802_SF@SD,2026-08-02,SD,SF,5,4,1.0,0.5576596260070801,0.5698,SD,SD,1
20260802_STL@TOR,2026-08-02,TOR,STL,1,5,0.0,0.5487093329429626,0.5574,TOR,STL,0
20260802_TEX@HOU,2026-08-02,HOU,TEX,7,3,1.0,0.5394530892372131,0.5445,HOU,HOU,1
20260802_WSH@ATL,2026-08-02,ATL,WSH,4,2,1.0,0.5257222056388855,0.5255,ATL,ATL,1
20260801_AZ@CLE,2026-08-01,CLE,AZ,8,12,0.0,0.5379854440689087,0.5425,CLE,AZ,0
20260801_BOS@LAD,2026-08-01,LAD,BOS,2,3,0.0,0.5427350401878357,0.5491,LAD,BOS,0
20260801_CWS@TB,2026-08-01,TB,CWS,1,0,1.0,0.5483399629592896,0.5569,TB,TB,1
20260801_DET@ATH,2026-08-01,ATH,DET,6,8,0.0,0.48608523607254034,0.491,DET,DET,1
20260801_KC@COL,2026-08-01,COL,KC,12,6,1.0,0.5110962986946106,0.5051,COL,COL,1
20260801_MIA@NYM,2026-08-01,NYM,MIA,2,6,0.0,0.5402007699012756,0.5456,NYM,MIA,0
20260801_MIL@LAA,2026-08-01,LAA,MIL,1,3,0.0,0.4787481725215912,0.4808,MIL,MIL,1
20260801_MIN@SEA,2026-08-01,SEA,MIN,4,3,1.0,0.5429919362068176,0.5495,SEA,SEA,1
20260801_NYY@CHC,2026-08-01,CHC,NYY,5,2,1.0,0.5184191465377808,0.5153,CHC,CHC,1
20260801_PHI@BAL,2026-08-01,BAL,PHI,0,5,0.0,0.5104991793632507,0.5043,BAL,PHI,0
20260801_PIT@CIN,2026-08-01,CIN,PIT,1,4,0.0,0.542336106300354,0.5485,CIN,PIT,0
20260801_SF@SD,2026-08-01,SD,SF,6,5,1.0,0.5576596260070801,0.5698,SD,SD,1
20260801_STL@TOR,2026-08-01,TOR,STL,5,1,1.0,0.5487093329429626,0.5574,TOR,TOR,1
20260801_TEX@HOU,2026-08-01,HOU,TEX,5,4,1.0,0.5257222056388855,0.5255,HOU,HOU,1
20260801_WSH@ATL,2026-08-01,ATL,WSH,8,3,1.0,0.540475070476532,0.546,ATL,ATL,1
20260731_AZ@CLE,2026-07-31,CLE,AZ,1,4,0.0,0.5379854440689087,0.5425,CLE,AZ,0
20260731_BOS@LAD,2026-07-31,LAD,BOS,4,9,0.0,0.5427350401878357,0.5491,LAD,BOS,0
20260731_CWS@TB,2026-07-31,TB,CWS,1,6,0.0,0.5934436917304993,0.6189,TB,CWS,0
20260731_DET@ATH,2026-07-31,ATH,DET,1,13,0.0,0.48608523607254034,0.491,DET,DET,1
20260731_KC@COL,2026-07-31,COL,KC,3,1,1.0,0.5110962986946106,0.5051,COL,COL,1
20260731_MIA@NYM,2026-07-31,NYM,MIA,2,5,0.0,0.5484358072280884,0.557,NYM,MIA,0
20260731_MIL@LAA,2026-07-31,LAA,MIL,2,6,0.0,0.4787481725215912,0.4808,MIL,MIL,1
20260731_MIN@SEA,2026-07-31,SEA,MIN,3,5,0.0,0.5576596260070801,0.5698,SEA,MIN,0
20260731_NYY@CHC,2026-07-31,CHC,NYY,0,2,0.0,0.5552061796188354,0.5664,CHC,NYY,0
20260731_PHI@BAL,2026-07-31,BAL,PHI,6,4,1.0,0.5326368808746338,0.5351,BAL,BAL,1
20260731_PIT@CIN,2026-07-31,CIN,PIT,8,7,1.0,0.5339929461479187,0.537,CIN,CIN,1
20260731_SF@SD,2026-07-31,SD,SF,7,0,1.0,0.5576596260070801,0.5698,SD,SD,1
20260731_STL@TOR,2026-07-31,TOR,STL,3,1,1.0,0.5487093329429626,0.5574,TOR,TOR,1
20260731_TEX@HOU,2026-07-31,HOU,TEX,11,2,1.0,0.5339929461479187,0.537,HOU,HOU,1
20260731_WSH@ATL,2026-07-31,ATL,WSH,6,2,1.0,0.5487093329429626,0.5574,ATL,ATL,1
20260730_BOS@ATH,2026-07-30,ATH,BOS,4,5,0.0,0.46401417255401606,0.4603,BOS,BOS,1
20260730_CHC@STL,2026-07-30,STL,CHC,2,4,0.0,0.5278632640838623,0.5284,STL,CHC,0
20260730_KC@MIN,2026-07-30,MIN,KC,4,3,1.0,0.5382279157638551,0.5428,MIN,MIN,1
20260730_MIA@NYM,2026-07-30,NYM,MIA,4,2,1.0,0.5347418189048767,0.538,NYM,NYM,1
20260730_NYY@CWS,2026-07-30,CWS,NYY,2,1,1.0,0.4902220964431763,0.4967,NYY,CWS,0
20260730_PIT@CIN,2026-07-30,CIN,PIT,3,2,1.0,0.5257222056388855,0.5255,CIN,CIN,1
20260730_SEA@LAD,2026-07-30,LAD,SEA,6,2,1.0,0.5576596260070801,0.5698,LAD,LAD,1
20260730_SF@SD,2026-07-30,SD,SF,1,4,0.0,0.5576596260070801,0.5698,SD,SF,0
20260730_TEX@TB,2026-07-30,TB,TEX,3,2,1.0,0.5651840567588806,0.5801,TB,TB,1
20260730_WSH@ATL,2026-07-30,ATL,WSH,5,4,1.0,0.5339929461479187,0.537,ATL,ATL,1
20260729_ATL@NYM,2026-07-29,NYM,ATL,3,2,1.0,0.525022566318512,0.5245,NYM,NYM,1
20260729_ATL@NYM,2026-07-29,NYM,ATL,0,1,0.0,0.5195437073707581,0.5169,NYM,ATL,0
20260729_AZ@PIT,2026-07-29,PIT,AZ,0,3,0.0,0.5286980867385864,0.5296,PIT,AZ,0
20260729_BAL@DET,2026-07-29,DET,BAL,9,10,0.0,0.5163861513137817,0.5125,DET,BAL,0
20260729_BOS@ATH,2026-07-29,ATH,BOS,2,4,0.0,0.48864153027534485,0.4945,BOS,BOS,1
20260729_CHC@STL,2026-07-29,STL,CHC,3,2,1.0,0.5278632640838623,0.5284,STL,STL,1
20260729_CLE@CIN,2026-07-29,CIN,CLE,1,6,0.0,0.49164688587188726,0.4987,CLE,CLE,1
20260729_COL@SD,2026-07-29,SD,COL,3,1,1.0,0.5718209147453308,0.5893,SD,SD,1
20260729_HOU@LAA,2026-07-29,LAA,HOU,4,7,0.0,0.5090744495391846,0.5023,LAA,HOU,0
20260729_KC@MIN,2026-07-29,MIN,KC,0,4,0.0,0.5464686751365662,0.5543,MIN,KC,0
20260729_MIL@SF,2026-07-29,SF,MIL,16,3,1.0,0.4956701099872589,0.5,MIL,SF,0
20260729_NYY@CWS,2026-07-29,CWS,NYY,6,5,1.0,0.42555916309356684,0.4071,NYY,CWS,0
20260729_PHI@MIA,2026-07-29,MIA,PHI,8,6,1.0,0.484370082616806,0.4886,PHI,MIA,0
20260729_SEA@LAD,2026-07-29,LAD,SEA,4,2,1.0,0.5494546294212341,0.5584,LAD,LAD,1
20260729_TEX@TB,2026-07-29,TB,TEX,3,0,1.0,0.5257222056388855,0.5255,TB,TB,1
20260729_TOR@WSH,2026-07-29,WSH,TOR,2,5,0.0,0.502797544002533,0.5,WSH,TOR,0
20260728_AZ@PIT,2026-07-28,PIT,AZ,7,8,0.0,0.5286980867385864,0.5296,PIT,AZ,0
20260728_BAL@DET,2026-07-28,DET,BAL,14,0,1.0,0.5182577967643738,0.5151,DET,DET,1
20260728_BOS@ATH,2026-07-28,ATH,BOS,4,3,1.0,0.46401417255401606,0.4603,BOS,ATH,0
20260728_CHC@STL,2026-07-28,STL,CHC,2,10,0.0,0.5278632640838623,0.5284,STL,CHC,0
20260728_CLE@CIN,2026-07-28,CIN,CLE,2,0,1.0,0.49164688587188726,0.4987,CLE,CIN,0
20260728_CLE@CIN,2026-07-28,CIN,CLE,5,6,0.0,0.49713599681854254,0.5,CLE,CLE,1
20260728_COL@SD,2026-07-28,SD,COL,8,7,1.0,0.6021096110343933,0.6306,SD,SD,1
20260728_HOU@LAA,2026-07-28,LAA,HOU,2,3,0.0,0.4958733320236206,0.5,HOU,HOU,1
20260728_KC@MIN,2026-07-28,MIN,KC,3,2,1.0,0.5464686751365662,0.5543,MIN,MIN,1
20260728_MIL@SF,2026-07-28,SF,MIL,2,8,0.0,0.49018141627311707,0.4967,MIL,MIL,1
20260728_NYY@CWS,2026-07-28,CWS,NYY,2,3,0.0,0.42555916309356684,0.4071,NYY,NYY,1
20260728_PHI@MIA,2026-07-28,MIA,PHI,1,0,1.0,0.4975671470165253,0.5,PHI,MIA,0
20260728_SEA@LAD,2026-07-28,LAD,SEA,6,7,0.0,0.5576596260070801,0.5698,LAD,SEA,0
20260728_TEX@TB,2026-07-28,TB,TEX,1,4,0.0,0.5487093329429626,0.5574,TB,TEX,0
20260728_TOR@WSH,2026-07-28,WSH,TOR,8,6,1.0,0.4821953177452088,0.4856,TOR,WSH,0
20260727_ATL@NYM,2026-07-27,NYM,ATL,14,3,1.0,0.5154334306716919,0.5116,NYM,NYM,1
20260727_AZ@PIT,2026-07-27,PIT,AZ,3,2,1.0,0.5156856775283813,0.512,PIT,PIT,1
20260727_BAL@DET,2026-07-27,DET,BAL,5,8,0.0,0.5391900539398193,0.5446,DET,BAL,0
20260727_BOS@ATH,2026-07-27,ATH,BOS,2,4,0.0,0.44026461243629456,0.4271,BOS,BOS,1
20260727_CHC@STL,2026-07-27,STL,CHC,3,7,0.0,0.5155813694000244,0.5119,STL,CHC,0
20260727_HOU@LAA,2026-07-27,LAA,HOU,4,6,0.0,0.5104833841323853,0.5048,LAA,HOU,0
20260727_MIL@SF,2026-07-27,SF,MIL,3,0,1.0,0.47202870249748224,0.471,MIL,SF,0
20260727_NYY@CWS,2026-07-27,CWS,NYY,5,9,0.0,0.4745916724205017,0.4745,NYY,NYY,1
20260727_PHI@MIA,2026-07-27,MIA,PHI,8,7,1.0,0.4731325507164001,0.4725,PHI,MIA,0
20260727_SEA@TEX,2026-07-27,TEX,SEA,7,3,1.0,0.5463089346885681,0.5544,TEX,TEX,1
20260727_TOR@WSH,2026-07-27,WSH,TOR,2,3,0.0,0.5278897285461426,0.5289,WSH,TOR,0
20260726_ATH@MIN,2026-07-26,MIN,ATH,11,8,1.0,0.5163722038269043,0.5129,MIN,MIN,1
20260726_ATL@BAL,2026-07-26,BAL,ATL,2,3,0.0,0.5130785703659058,0.5084,BAL,ATL,0
20260726_AZ@WSH,2026-07-26,WSH,AZ,10,7,1.0,0.48541370034217834,0.4895,AZ,WSH,0
20260726_CHC@PIT,2026-07-26,PIT,CHC,8,7,1.0,0.5032925009727478,0.5,PIT,PIT,1
20260726_CIN@STL,2026-07-26,STL,CIN,3,5,0.0,0.5503662824630737,0.56,STL,CIN,0
20260726_CLE@TB,2026-07-26,TB,CLE,1,0,1.0,0.5391395688056946,0.5445,TB,TB,1
20260726_COL@MIL,2026-07-26,MIL,COL,11,2,1.0,0.6367877721786499,0.6768,MIL,MIL,1
20260726_HOU@CWS,2026-07-26,CWS,HOU,12,3,1.0,0.47714683413505554,0.4781,HOU,CWS,0
20260726_KC@DET,2026-07-26,DET,KC,4,5,0.0,0.561977207660675,0.576,DET,KC,0
20260726_LAA@SF,2026-07-26,SF,LAA,3,4,0.0,0.5678470730781555,0.5841,SF,LAA,0
20260726_LAD@NYM,2026-07-26,NYM,LAD,8,3,1.0,0.5012019276618958,0.5,NYM,NYM,1
20260726_NYY@PHI,2026-07-26,PHI,NYY,11,4,1.0,0.5601213574409485,0.5734,PHI,PHI,1
20260726_SD@MIA,2026-07-26,MIA,SD,3,5,0.0,0.4571022987365723,0.4503,SD,SD,1
20260726_SEA@TEX,2026-07-26,TEX,SEA,4,6,0.0,0.5467109680175781,0.5549,TEX,SEA,0
20260726_TOR@BOS,2026-07-26,BOS,TOR,6,1,1.0,0.5361011624336243,0.5403,BOS,BOS,1
20260725_ATH@MIN,2026-07-25,MIN,ATH,2,0,1.0,0.5351194143295288,0.5389,MIN,MIN,1
20260725_ATL@BAL,2026-07-25,BAL,ATL,3,2,1.0,0.529919445514679,0.5317,BAL,BAL,1
20260725_AZ@WSH,2026-07-25,WSH,AZ,5,3,1.0,0.4559221267700195,0.4487,AZ,WSH,0
20260725_CHC@PIT,2026-07-25,PIT,CHC,0,11,0.0,0.5147417187690735,0.5107,PIT,CHC,0
20260725_CIN@STL,2026-07-25,STL,CIN,7,0,1.0,0.5032403469085693,0.5,STL,STL,1
20260725_CLE@TB,2026-07-25,TB,CLE,3,0,1.0,0.5682960748672485,0.5847,TB,TB,1
20260725_COL@MIL,2026-07-25,MIL,COL,8,5,1.0,0.6396954655647278,0.6806,MIL,MIL,1
20260725_HOU@CWS,2026-07-25,CWS,HOU,1,4,0.0,0.5004854202270508,0.5,CWS,HOU,0
20260725_KC@DET,2026-07-25,DET,KC,2,3,0.0,0.5775639414787292,0.5974,DET,KC,0
20260725_LAA@SF,2026-07-25,SF,LAA,9,2,1.0,0.5996198058128357,0.6273,SF,SF,1
20260725_LAD@NYM,2026-07-25,NYM,LAD,3,4,0.0,0.511017382144928,0.5055,NYM,LAD,0
20260725_NYY@PHI,2026-07-25,PHI,NYY,1,3,0.0,0.5111095309257507,0.5057,PHI,NYY,0
20260725_SD@MIA,2026-07-25,MIA,SD,2,7,0.0,0.4417386054992676,0.4291,SD,SD,1
20260725_SEA@TEX,2026-07-25,TEX,SEA,7,1,1.0,0.5590981245040894,0.572,TEX,TEX,1
20260725_TOR@BOS,2026-07-25,BOS,TOR,0,6,0.0,0.5148277282714844,0.5108,BOS,TOR,0
20260724_ATH@MIN,2026-07-24,MIN,ATH,0,2,0.0,0.534572422504425,0.5382,MIN,ATH,0
20260724_ATL@BAL,2026-07-24,BAL,ATL,6,7,0.0,0.5366818904876709,0.5411,BAL,ATL,0
20260724_AZ@WSH,2026-07-24,WSH,AZ,2,3,0.0,0.4721463918685913,0.4711,AZ,AZ,1
20260724_CHC@PIT,2026-07-24,PIT,CHC,2,3,0.0,0.5052353143692017,0.5,PIT,CHC,0
20260724_CIN@STL,2026-07-24,STL,CIN,2,4,0.0,0.5562512278556824,0.5681,STL,CIN,0
20260724_CLE@TB,2026-07-24,TB,CLE,11,3,1.0,0.5461351275444031,0.5542,TB,TB,1
20260724_COL@MIL,2026-07-24,MIL,COL,2,5,0.0,0.6396954655647278,0.6806,MIL,COL,0
20260724_HOU@CWS,2026-07-24,CWS,HOU,5,9,0.0,0.4867385625839234,0.4914,HOU,HOU,1
20260724_KC@DET,2026-07-24,DET,KC,2,1,1.0,0.5732452869415283,0.5914,DET,DET,1
20260724_LAA@SF,2026-07-24,SF,LAA,7,6,1.0,0.5884605050086975,0.6122,SF,SF,1
20260724_LAD@NYM,2026-07-24,NYM,LAD,2,4,0.0,0.4833520054817199,0.4867,LAD,LAD,1
20260724_NYY@PHI,2026-07-24,PHI,NYY,0,1,0.0,0.5261459350585938,0.5265,PHI,NYY,0
20260724_SD@MIA,2026-07-24,MIA,SD,2,4,0.0,0.43491727113723755,0.4197,SD,SD,1
20260724_SEA@TEX,2026-07-24,TEX,SEA,5,4,1.0,0.5518687963485718,0.5621,TEX,TEX,1
20260724_TOR@BOS,2026-07-24,BOS,TOR,6,4,1.0,0.5368172526359558,0.5413,BOS,BOS,1
20260723_AZ@STL,2026-07-23,STL,AZ,6,10,0.0,0.5317775011062622,0.5343,STL,AZ,0
20260723_KC@DET,2026-07-23,DET,KC,4,3,1.0,0.5842563509941101,0.6065,DET,DET,1
20260723_MIN@CLE,2026-07-23,CLE,MIN,1,3,0.0,0.5535972118377686,0.5645,CLE,MIN,0
20260723_SD@ATL,2026-07-23,ATL,SD,6,5,1.0,0.5682733654975891,0.5846,ATL,ATL,1
20260723_TB@TOR,2026-07-23,TOR,TB,3,1,1.0,0.5266161561012268,0.5271,TOR,TOR,1
20260722_ATH@AZ,2026-07-22,AZ,ATH,15,5,1.0,0.5218101143836975,0.5205,AZ,AZ,1
20260722_BAL@BOS,2026-07-22,BOS,BAL,6,3,1.0,0.5118960738182068,0.5067,BOS,BOS,1
20260722_BAL@BOS,2026-07-22,BOS,BAL,1,5,0.0,0.5257548093795776,0.526,BOS,BAL,0
20260722_CIN@SEA,2026-07-22,SEA,CIN,3,5,0.0,0.5724084973335266,0.5903,SEA,CIN,0
20260722_CWS@TEX,2026-07-22,TEX,CWS,2,4,0.0,0.6127593517303467,0.645,TEX,CWS,0
20260722_DET@CHC,2026-07-22,CHC,DET,1,5,0.0,0.5192437171936035,0.5169,CHC,DET,0
20260722_LAD@PHI,2026-07-22,PHI,LAD,5,9,0.0,0.5261607766151428,0.5265,PHI,LAD,0
20260722_MIA@HOU,2026-07-22,HOU,MIA,5,2,1.0,0.5359570384025574,0.5401,HOU,HOU,1
20260722_MIN@CLE,2026-07-22,CLE,MIN,6,10,0.0,0.5649629831314087,0.5801,CLE,MIN,0
20260722_NYM@MIL,2026-07-22,MIL,NYM,4,3,1.0,0.5807069540023804,0.6016,MIL,MIL,1
20260722_PIT@NYY,2026-07-22,NYY,PIT,2,0,1.0,0.5213056206703186,0.5198,NYY,NYY,1
20260722_PIT@NYY,2026-07-22,NYY,PIT,3,5,0.0,0.557345986366272,0.5696,NYY,PIT,0
20260722_SD@ATL,2026-07-22,ATL,SD,7,6,1.0,0.5096032023429871,0.5036,ATL,ATL,1
20260722_SF@KC,2026-07-22,KC,SF,5,4,1.0,0.5394580960273742,0.5449,KC,KC,1
20260722_STL@LAA,2026-07-22,LAA,STL,0,1,0.0,0.5150343179702759,0.5111,LAA,STL,0
20260722_TB@TOR,2026-07-22,TOR,TB,2,4,0.0,0.5370308756828308,0.5416,TOR,TB,0
20260722_WSH@COL,2026-07-22,COL,WSH,0,8,0.0,0.4545885622501374,0.4468,WSH,WSH,1
20260721_ATH@AZ,2026-07-21,AZ,ATH,6,5,1.0,0.549913763999939,0.5594,AZ,AZ,1
20260721_CIN@SEA,2026-07-21,SEA,CIN,2,4,0.0,0.5270392894744873,0.5277,SEA,CIN,0
20260721_CWS@TEX,2026-07-21,TEX,CWS,10,0,1.0,0.6123015880584717,0.6443,TEX,TEX,1
20260721_DET@CHC,2026-07-21,CHC,DET,11,2,1.0,0.5192437171936035,0.5169,CHC,CHC,1
20260721_LAD@PHI,2026-07-21,PHI,LAD,1,2,0.0,0.5356346964836121,0.5396,PHI,LAD,0
20260721_MIA@HOU,2026-07-21,HOU,MIA,5,3,1.0,0.5244767069816589,0.5242,HOU,HOU,1
20260721_MIN@CLE,2026-07-21,CLE,MIN,5,2,1.0,0.5393109321594238,0.5447,CLE,CLE,1
20260721_NYM@MIL,2026-07-21,MIL,NYM,0,4,0.0,0.5725356340408325,0.5905,MIL,NYM,0
20260721_SD@ATL,2026-07-21,ATL,SD,3,8,0.0,0.5589169859886169,0.5718,ATL,SD,0
20260721_SF@KC,2026-07-21,KC,SF,3,2,1.0,0.5587322115898132,0.5715,KC,KC,1
20260721_STL@LAA,2026-07-21,LAA,STL,5,1,1.0,0.5149657726287842,0.511,LAA,LAA,1
20260721_TB@TOR,2026-07-21,TOR,TB,2,12,0.0,0.5286225080490112,0.5299,TOR,TB,0
20260721_WSH@COL,2026-07-21,COL,WSH,8,7,1.0,0.4878729283809662,0.4929,WSH,COL,0
20260720_ATH@AZ,2026-07-20,AZ,ATH,2,5,0.0,0.5790278315544128,0.5991,AZ,ATH,0
20260720_BAL@BOS,2026-07-20,BOS,BAL,6,5,1.0,0.5260850787162781,0.5272,BOS,BOS,1
20260720_CIN@SEA,2026-07-20,SEA,CIN,8,0,1.0,0.6331685185432434,0.6709,SEA,SEA,1
20260720_CWS@TEX,2026-07-20,TEX,CWS,3,10,0.0,0.594099760055542,0.6194,TEX,CWS,0
20260720_DET@CHC,2026-07-20,CHC,DET,6,8,0.0,0.4898694157600403,0.4947,DET,DET,1
20260720_LAD@PHI,2026-07-20,PHI,LAD,10,7,1.0,0.4518678188323974,0.4427,LAD,PHI,0
20260720_MIA@HOU,2026-07-20,HOU,MIA,8,5,1.0,0.5321979522705078,0.5355,HOU,HOU,1
20260720_MIN@CLE,2026-07-20,CLE,MIN,13,4,1.0,0.5550343990325928,0.5667,CLE,CLE,1
20260720_NYM@MIL,2026-07-20,MIL,NYM,8,3,1.0,0.6400147676467896,0.6798,MIL,MIL,1
20260720_PIT@NYY,2026-07-20,NYY,PIT,8,5,1.0,0.5478270053863524,0.5568,NYY,NYY,1
20260720_SD@ATL,2026-07-20,ATL,SD,3,2,1.0,0.4981817305088043,0.5,SD,ATL,0
20260720_SF@KC,2026-07-20,KC,SF,4,3,1.0,0.5481863021850586,0.5573,KC,KC,1
20260720_STL@LAA,2026-07-20,LAA,STL,3,2,1.0,0.4806040823459625,0.482,STL,LAA,0
20260720_TB@TOR,2026-07-20,TOR,TB,1,7,0.0,0.5474432110786438,0.5563,TOR,TB,0
20260720_WSH@COL,2026-07-20,COL,WSH,3,7,0.0,0.40245723724365234,0.376,WSH,WSH,1
20260719_BAL@HOU,2026-07-19,HOU,BAL,2,5,0.0,0.5289074182510376,0.531,HOU,BAL,0
20260719_CIN@COL,2026-07-19,COL,CIN,6,9,0.0,0.41245448589324946,0.3894,CIN,CIN,1
20260719_CWS@TOR,2026-07-19,TOR,CWS,0,3,0.0,0.5488731861114502,0.5583,TOR,CWS,0
20260719_DET@LAA,2026-07-19,LAA,DET,3,2,1.0,0.4171352088451386,0.3957,DET,LAA,0
20260719_LAD@NYY,2026-07-19,NYY,LAD,2,1,1.0,0.4219154715538025,0.4021,LAD,NYY,0
20260719_LAD@NYY,2026-07-19,NYY,LAD,2,8,0.0,0.4716211259365082,0.4697,LAD,LAD,1
20260719_MIA@MIL,2026-07-19,MIL,MIA,3,1,1.0,0.4965520799160004,0.5,MIA,MIL,0
20260719_MIN@CHC,2026-07-19,CHC,MIN,10,1,1.0,0.5400295853614807,0.5462,CHC,CHC,1
20260719_NYM@PHI,2026-07-19,PHI,NYM,1,6,0.0,0.5628746151924133,0.5773,PHI,NYM,0
20260719_PIT@CLE,2026-07-19,CLE,PIT,1,7,0.0,0.5308260917663574,0.5336,CLE,PIT,0
20260719_SD@KC,2026-07-19,KC,SD,2,19,0.0,0.47097614407539373,0.4688,SD,SD,1
20260719_SF@SEA,2026-07-19,SEA,SF,6,3,1.0,0.5616568326950073,0.5756,SEA,SEA,1
20260719_STL@AZ,2026-07-19,AZ,STL,8,7,1.0,0.5661030411720276,0.5817,AZ,AZ,1
20260719_TB@BOS,2026-07-19,BOS,TB,6,1,1.0,0.5193532705307007,0.518,BOS,BOS,1
20260719_TEX@ATL,2026-07-19,ATL,TEX,8,5,1.0,0.5072606205940247,0.5014,ATL,ATL,1
20260719_WSH@ATH,2026-07-19,ATH,WSH,2,5,0.0,0.45581090450286865,0.4481,WSH,WSH,1
20260718_BAL@HOU,2026-07-18,HOU,BAL,2,4,0.0,0.5192237496376038,0.5178,HOU,BAL,0
20260718_CIN@COL,2026-07-18,COL,CIN,10,3,1.0,0.40964725613594055,0.3856,CIN,COL,0
20260718_CWS@TOR,2026-07-18,TOR,CWS,1,0,1.0,0.6029857397079468,0.6312,TOR,TOR,1
20260718_DET@LAA,2026-07-18,LAA,DET,0,7,0.0,0.39617389440536493,0.3677,DET,DET,1
20260718_MIA@MIL,2026-07-18,MIL,MIA,8,6,1.0,0.5591207146644592,0.5722,MIL,MIL,1
20260718_MIN@CHC,2026-07-18,CHC,MIN,6,2,1.0,0.436300128698349,0.4216,MIN,CHC,0
20260718_NYM@PHI,2026-07-18,PHI,NYM,6,1,1.0,0.6004778742790222,0.6279,PHI,PHI,1
20260718_PIT@CLE,2026-07-18,CLE,PIT,1,7,0.0,0.5318895578384399,0.5351,CLE,PIT,0
20260718_PIT@CLE,2026-07-18,CLE,PIT,5,3,1.0,0.47639998793601984,0.4762,PIT,CLE,0
20260718_SD@KC,2026-07-18,KC,SD,6,1,1.0,0.4886951148509979,0.493,SD,KC,0
20260718_SF@SEA,2026-07-18,SEA,SF,4,3,1.0,0.5564903020858765,0.5686,SEA,SEA,1
20260718_STL@AZ,2026-07-18,AZ,STL,5,3,1.0,0.5752875804901123,0.5941,AZ,AZ,1
20260718_TB@BOS,2026-07-18,BOS,TB,7,6,1.0,0.5068187117576599,0.5008,BOS,BOS,1
20260718_TEX@ATL,2026-07-18,ATL,TEX,6,7,0.0,0.5459016561508179,0.5542,ATL,TEX,0
20260718_WSH@ATH,2026-07-18,ATH,WSH,15,1,1.0,0.43777519464492803,0.4236,WSH,ATH,0
20260717_BAL@HOU,2026-07-17,HOU,BAL,2,3,0.0,0.548079252243042,0.5572,HOU,BAL,0
20260717_CIN@COL,2026-07-17,COL,CIN,2,7,0.0,0.4250432550907135,0.4064,CIN,CIN,1
20260717_CWS@TOR,2026-07-17,TOR,CWS,4,12,0.0,0.5725403428077698,0.5904,TOR,CWS,0
20260717_DET@LAA,2026-07-17,LAA,DET,1,2,0.0,0.4246562123298645,0.4058,DET,DET,1
20260717_LAD@NYY,2026-07-17,NYY,LAD,1,2,0.0,0.540383756160736,0.5467,NYY,LAD,0
20260717_MIA@MIL,2026-07-17,MIL,MIA,2,1,1.0,0.534079909324646,0.5381,MIL,MIL,1
20260717_MIN@CHC,2026-07-17,CHC,MIN,2,5,0.0,0.567898690700531,0.5841,CHC,MIN,0
20260717_SD@KC,2026-07-17,KC,SD,7,6,1.0,0.47736233472824097,0.4775,SD,KC,0
20260717_SF@SEA,2026-07-17,SEA,SF,0,7,0.0,0.5405681133270264,0.5469,SEA,SF,0
20260717_STL@AZ,2026-07-17,AZ,STL,4,5,0.0,0.5407192707061768,0.5472,AZ,STL,0
20260717_TB@BOS,2026-07-17,BOS,TB,10,0,1.0,0.5002911686897278,0.5,BOS,BOS,1
20260717_TB@BOS,2026-07-17,BOS,TB,5,3,1.0,0.5050247311592102,0.5,BOS,BOS,1
20260717_TEX@ATL,2026-07-17,ATL,TEX,15,1,1.0,0.5473769903182983,0.5562,ATL,ATL,1
20260717_WSH@ATH,2026-07-17,ATH,WSH,4,23,0.0,0.4397853910923004,0.4263,WSH,WSH,1
20260716_NYM@PHI,2026-07-16,PHI,NYM,1,4,0.0,0.5150735974311829,0.5121,PHI,NYM,0
20260712_ATH@CWS,2026-07-12,CWS,ATH,9,1,1.0,0.520196259021759,0.5191,CWS,CWS,1
20260712_ATL@STL,2026-07-12,STL,ATL,3,4,0.0,0.5286512970924377,0.5307,STL,ATL,0
20260712_AZ@LAD,2026-07-12,LAD,AZ,3,5,0.0,0.540046215057373,0.5462,LAD,AZ,0
20260712_BOS@NYM,2026-07-12,NYM,BOS,2,3,0.0,0.48702505230903637,0.4908,BOS,BOS,1
20260712_CHC@CIN,2026-07-12,CIN,CHC,4,8,0.0,0.5039007663726807,0.5,CIN,CHC,0
20260712_CLE@MIA,2026-07-12,MIA,CLE,2,5,0.0,0.43185895681381226,0.4156,CLE,CLE,1
20260712_COL@SF,2026-07-12,SF,COL,3,1,1.0,0.5903703570365906,0.6144,SF,SF,1
20260712_HOU@TEX,2026-07-12,TEX,HOU,6,5,1.0,0.5508968830108643,0.561,TEX,TEX,1
20260712_KC@BAL,2026-07-12,BAL,KC,8,2,1.0,0.6023053526878357,0.6303,BAL,BAL,1
20260712_LAA@MIN,2026-07-12,MIN,LAA,4,2,1.0,0.6380292177200317,0.6772,MIN,MIN,1
20260712_MIL@PIT,2026-07-12,PIT,MIL,14,5,1.0,0.47188058495521545,0.4701,MIL,PIT,0
20260712_NYY@WSH,2026-07-12,WSH,NYY,3,5,0.0,0.4634799063205719,0.4586,NYY,NYY,1
20260712_PHI@DET,2026-07-12,DET,PHI,0,5,0.0,0.5003854632377625,0.5,DET,PHI,0
20260712_SEA@TB,2026-07-12,TB,SEA,2,8,0.0,0.5809256434440613,0.6017,TB,SEA,0
20260712_TOR@SD,2026-07-12,SD,TOR,5,4,1.0,0.5717496871948243,0.5893,SD,SD,1
20260711_ATH@CWS,2026-07-11,CWS,ATH,1,0,1.0,0.5191934704780579,0.5177,CWS,CWS,1
20260711_ATL@STL,2026-07-11,STL,ATL,4,1,1.0,0.5338141918182373,0.5377,STL,STL,1
20260711_AZ@LAD,2026-07-11,LAD,AZ,2,9,0.0,0.5908498167991638,0.615,LAD,AZ,0
20260711_BOS@NYM,2026-07-11,NYM,BOS,0,4,0.0,0.5520650148391724,0.5626,NYM,BOS,0
20260711_CHC@CIN,2026-07-11,CIN,CHC,3,5,0.0,0.5262115597724915,0.5273,CIN,CHC,0
20260711_CLE@MIA,2026-07-11,MIA,CLE,1,4,0.0,0.49034336209297186,0.4953,CLE,CLE,1
20260711_COL@SF,2026-07-11,SF,COL,4,2,1.0,0.6164731383323669,0.6491,SF,SF,1
20260711_HOU@TEX,2026-07-11,TEX,HOU,3,9,0.0,0.5019465684890747,0.5,TEX,HOU,0
20260711_KC@BAL,2026-07-11,BAL,KC,6,1,1.0,0.5752314329147339,0.594,BAL,BAL,1
20260711_LAA@MIN,2026-07-11,MIN,LAA,5,3,1.0,0.6538671255111694,0.6976,MIN,MIN,1
20260711_MIL@PIT,2026-07-11,PIT,MIL,3,2,1.0,0.4621522128582001,0.4568,MIL,PIT,0
20260711_MIL@PIT,2026-07-11,PIT,MIL,7,6,1.0,0.4981020987033844,0.5,MIL,PIT,0
20260711_NYY@WSH,2026-07-11,WSH,NYY,2,4,0.0,0.4470489919185639,0.4362,NYY,NYY,1
20260711_PHI@DET,2026-07-11,DET,PHI,2,4,0.0,0.5907822251319885,0.6149,DET,PHI,0
20260711_SEA@TB,2026-07-11,TB,SEA,6,1,1.0,0.5572793483734131,0.5697,TB,TB,1
20260711_TOR@SD,2026-07-11,SD,TOR,8,7,1.0,0.5703431963920593,0.5874,SD,SD,1
20260710_ATH@CWS,2026-07-10,CWS,ATH,14,1,1.0,0.5631340146064758,0.5775,CWS,CWS,1
20260710_ATL@STL,2026-07-10,STL,ATL,2,1,1.0,0.5379602313041687,0.5426,STL,STL,1
20260710_AZ@LAD,2026-07-10,LAD,AZ,3,9,0.0,0.5977506041526794,0.625,LAD,AZ,0
20260710_BOS@NYM,2026-07-10,NYM,BOS,2,6,0.0,0.581807017326355,0.6032,NYM,BOS,0
20260710_CHC@CIN,2026-07-10,CIN,CHC,4,0,1.0,0.5655348300933837,0.5808,CIN,CIN,1
20260710_CLE@MIA,2026-07-10,MIA,CLE,2,3,0.0,0.4721938669681549,0.4716,CLE,CLE,1
20260710_COL@SF,2026-07-10,SF,COL,3,4,0.0,0.6528143286705017,0.6982,SF,COL,0
20260710_HOU@TEX,2026-07-10,TEX,HOU,7,3,1.0,0.5011033415794373,0.5,TEX,TEX,1
20260710_KC@BAL,2026-07-10,BAL,KC,5,3,1.0,0.5290786027908325,0.5302,BAL,BAL,1
20260710_LAA@MIN,2026-07-10,MIN,LAA,3,4,0.0,0.6298072338104247,0.668,MIN,LAA,0
20260710_NYY@WSH,2026-07-10,WSH,NYY,3,5,0.0,0.3697889745235443,0.3314,NYY,NYY,1
20260710_PHI@DET,2026-07-10,DET,PHI,10,2,1.0,0.5524814128875732,0.5628,DET,DET,1
20260710_SEA@TB,2026-07-10,TB,SEA,7,2,1.0,0.5534990429878235,0.5642,TB,TB,1
20260710_TOR@SD,2026-07-10,SD,TOR,3,5,0.0,0.6303470134735107,0.6687,SD,TOR,0
20260709_ATH@DET,2026-07-09,DET,ATH,4,1,1.0,0.5143284201622009,0.5097,DET,DET,1
20260709_ATL@PIT,2026-07-09,PIT,ATL,5,10,0.0,0.4996055364608764,0.5,ATL,ATL,1
20260709_AZ@SD,2026-07-09,SD,AZ,1,3,0.0,0.589192271232605,0.6133,SD,AZ,0
20260709_BOS@CWS,2026-07-09,CWS,BOS,1,2,0.0,0.4625067114830017,0.4581,BOS,BOS,1
20260709_CHC@BAL,2026-07-09,BAL,CHC,3,2,1.0,0.5758981704711914,0.5951,BAL,BAL,1
20260709_CLE@MIN,2026-07-09,MIN,CLE,2,5,0.0,0.42590802907943726,0.4074,CLE,CLE,1
20260709_COL@SF,2026-07-09,SF,COL,8,2,1.0,0.6825076341629028,0.736,SF,SF,1
20260709_KC@NYM,2026-07-09,NYM,KC,7,3,1.0,0.5507409572601318,0.5603,NYM,NYM,1
20260709_LAA@TEX,2026-07-09,TEX,LAA,7,6,1.0,0.6550330519676208,0.7011,TEX,TEX,1
20260709_MIL@STL,2026-07-09,STL,MIL,4,8,0.0,0.48460042476654047,0.4888,MIL,MIL,1
20260709_NYY@TB,2026-07-09,TB,NYY,4,12,0.0,0.513550341129303,0.5086,TB,NYY,0
20260709_PHI@CIN,2026-07-09,CIN,PHI,0,1,0.0,0.39430108666419983,0.3642,PHI,PHI,1
20260709_SEA@MIA,2026-07-09,MIA,SEA,8,4,1.0,0.4493544399738312,0.4398,SEA,MIA,0
20260708_ATH@DET,2026-07-08,DET,ATH,6,1,1.0,0.5802087783813477,0.601,DET,DET,1
20260708_ATL@PIT,2026-07-08,PIT,ATL,0,3,0.0,0.4769710302352906,0.4782,ATL,ATL,1
20260708_AZ@SD,2026-07-08,SD,AZ,10,4,1.0,0.5541138052940369,0.565,SD,SD,1
20260708_BOS@CWS,2026-07-08,CWS,BOS,0,5,0.0,0.48473092913627625,0.489,BOS,BOS,1
20260708_CHC@BAL,2026-07-08,BAL,CHC,7,9,0.0,0.5437545776367188,0.5506,BAL,CHC,0
20260708_CLE@MIN,2026-07-08,MIN,CLE,6,5,1.0,0.5007587671279907,0.5,MIN,MIN,1
20260708_COL@LAD,2026-07-08,LAD,COL,4,3,1.0,0.6453860402107239,0.6885,LAD,LAD,1
20260708_HOU@WSH,2026-07-08,WSH,HOU,8,2,1.0,0.46950066089630127,0.4678,HOU,WSH,0
20260708_KC@NYM,2026-07-08,NYM,KC,6,2,1.0,0.4903089106082916,0.4968,KC,NYM,0
20260708_LAA@TEX,2026-07-08,TEX,LAA,1,13,0.0,0.5977071523666382,0.6249,TEX,LAA,0
20260708_MIL@STL,2026-07-08,STL,MIL,5,1,1.0,0.4224723279476166,0.4026,MIL,STL,0
20260708_NYY@TB,2026-07-08,TB,NYY,3,0,1.0,0.5127453207969666,0.5075,TB,TB,1
20260708_PHI@CIN,2026-07-08,CIN,PHI,11,5,1.0,0.48519757390022283,0.4897,PHI,CIN,0
20260708_SEA@MIA,2026-07-08,MIA,SEA,2,0,1.0,0.5062036514282227,0.5,MIA,MIA,1
20260708_TOR@SF,2026-07-08,SF,TOR,0,10,0.0,0.5266659259796143,0.5269,SF,TOR,0
20260707_ATH@DET,2026-07-07,DET,ATH,6,2,1.0,0.5488476753234863,0.5577,DET,DET,1
20260707_ATL@PIT,2026-07-07,PIT,ATL,12,4,1.0,0.5114001631736755,0.5056,PIT,PIT,1
20260707_AZ@SD,2026-07-07,SD,AZ,4,1,1.0,0.5796094536781311,0.6002,SD,SD,1
20260707_BOS@CWS,2026-07-07,CWS,BOS,1,8,0.0,0.463296115398407,0.4592,BOS,BOS,1
20260707_CHC@BAL,2026-07-07,BAL,CHC,2,5,0.0,0.49565136432647705,0.5,CHC,CHC,1
20260707_CLE@MIN,2026-07-07,MIN,CLE,3,1,1.0,0.5022985339164734,0.5,MIN,MIN,1
20260707_COL@LAD,2026-07-07,LAD,COL,3,4,0.0,0.6950209736824036,0.7515,LAD,COL,0
20260707_HOU@WSH,2026-07-07,WSH,HOU,3,6,0.0,0.4494623839855194,0.4399,HOU,HOU,1
20260707_KC@NYM,2026-07-07,NYM,KC,12,16,0.0,0.5625028014183044,0.5766,NYM,KC,0
20260707_LAA@TEX,2026-07-07,TEX,LAA,8,3,1.0,0.6699355244636536,0.7202,TEX,TEX,1
20260707_MIL@STL,2026-07-07,STL,MIL,3,4,0.0,0.4350873529911041,0.42,MIL,MIL,1
20260707_MIL@STL,2026-07-07,STL,MIL,2,10,0.0,0.5291086435317993,0.5303,STL,MIL,0
20260707_NYY@TB,2026-07-07,TB,NYY,6,4,1.0,0.586582601070404,0.6098,TB,TB,1
20260707_PHI@CIN,2026-07-07,CIN,PHI,1,4,0.0,0.4108529686927796,0.3867,PHI,PHI,1
20260707_SEA@MIA,2026-07-07,MIA,SEA,6,5,1.0,0.5688539147377014,0.5854,MIA,MIA,1
20260707_TOR@SF,2026-07-07,SF,TOR,3,9,0.0,0.5216346979141235,0.5198,SF,TOR,0
20260706_AZ@SD,2026-07-06,SD,AZ,0,8,0.0,0.6029079556465149,0.632,SD,AZ,0
20260706_COL@LAD,2026-07-06,LAD,COL,8,7,1.0,0.7124673128128052,0.7726,LAD,LAD,1
20260706_HOU@WSH,2026-07-06,WSH,HOU,12,11,1.0,0.4341087341308593,0.4187,HOU,WSH,0
20260706_MIL@STL,2026-07-06,STL,MIL,3,4,0.0,0.485159307718277,0.4896,MIL,MIL,1
20260706_NYM@ATL,2026-07-06,ATL,NYM,6,7,0.0,0.6412885189056396,0.6832,ATL,NYM,0
20260706_NYY@TB,2026-07-06,TB,NYY,1,5,0.0,0.5219767093658447,0.5203,TB,NYY,0
20260706_PHI@KC,2026-07-06,KC,PHI,15,1,1.0,0.37613508105278015,0.3399,PHI,KC,0
20260706_TOR@SF,2026-07-06,SF,TOR,10,1,1.0,0.5459596514701843,0.5537,SF,SF,1
20260705_BAL@CIN,2026-07-05,CIN,BAL,3,2,1.0,0.4389951527118683,0.4254,BAL,CIN,0
20260705_BOS@LAA,2026-07-05,LAA,BOS,5,7,0.0,0.3663295209407806,0.3269,BOS,BOS,1
20260705_CWS@CLE,2026-07-05,CLE,CWS,6,7,0.0,0.5628289580345153,0.5771,CLE,CWS,0
20260705_DET@TEX,2026-07-05,TEX,DET,3,6,0.0,0.5116152763366699,0.5059,TEX,DET,0
20260705_MIA@ATH,2026-07-05,ATH,MIA,8,9,0.0,0.4853890538215637,0.4899,MIA,MIA,1
20260705_MIL@AZ,2026-07-05,AZ,MIL,2,3,0.0,0.4422374665737152,0.4299,MIL,MIL,1
20260705_MIN@NYY,2026-07-05,NYY,MIN,1,6,0.0,0.5016916990280151,0.5,NYY,MIN,0
20260705_NYM@ATL,2026-07-05,ATL,NYM,9,10,0.0,0.5249166488647461,0.5244,ATL,NYM,0
20260705_PHI@KC,2026-07-05,KC,PHI,5,2,1.0,0.48076802492141735,0.4835,PHI,KC,0
20260705_PIT@WSH,2026-07-05,WSH,PIT,5,11,0.0,0.5008829236030579,0.5,WSH,PIT,0
20260705_SD@LAD,2026-07-05,LAD,SD,2,5,0.0,0.6075390577316284,0.6382,LAD,SD,0
20260705_SF@COL,2026-07-05,COL,SF,7,6,1.0,0.4885022640228272,0.4943,SF,COL,0
20260705_STL@CHC,2026-07-05,CHC,STL,6,4,1.0,0.578354835510254,0.5985,CHC,CHC,1
20260705_TB@HOU,2026-07-05,HOU,TB,2,0,1.0,0.5758146643638611,0.595,HOU,HOU,1
20260705_TOR@SEA,2026-07-05,SEA,TOR,4,0,1.0,0.5623101592063904,0.5764,SEA,SEA,1
20260704_BAL@CIN,2026-07-04,CIN,BAL,5,8,0.0,0.432577908039093,0.4166,BAL,BAL,1
20260704_BOS@LAA,2026-07-04,LAA,BOS,1,8,0.0,0.45929473638534546,0.4536,BOS,BOS,1
20260704_CWS@CLE,2026-07-04,CLE,CWS,1,3,0.0,0.640232503414154,0.6818,CLE,CWS,0
20260704_DET@TEX,2026-07-04,TEX,DET,0,3,0.0,0.4985381364822388,0.5,DET,DET,1
20260704_MIA@ATH,2026-07-04,ATH,MIA,2,7,0.0,0.4232434928417206,0.4037,MIA,MIA,1
20260704_MIL@AZ,2026-07-04,AZ,MIL,4,3,1.0,0.4609016478061676,0.4558,MIL,AZ,0
20260704_MIN@NYY,2026-07-04,NYY,MIN,4,11,0.0,0.5509171485900879,0.5606,NYY,MIN,0
20260704_NYM@ATL,2026-07-04,ATL,NYM,14,3,1.0,0.6222452521324158,0.658,ATL,ATL,1
20260704_PHI@KC,2026-07-04,KC,PHI,1,6,0.0,0.3911631107330322,0.36,PHI,PHI,1
20260704_PIT@WSH,2026-07-04,WSH,PIT,1,7,0.0,0.48675820231437683,0.4919,PIT,PIT,1
20260704_SD@LAD,2026-07-04,LAD,SD,3,0,1.0,0.6309449672698975,0.6695,LAD,LAD,1
20260704_SF@COL,2026-07-04,COL,SF,4,6,0.0,0.4087185859680176,0.3838,SF,SF,1
20260704_STL@CHC,2026-07-04,CHC,STL,0,3,0.0,0.5776569843292236,0.5975,CHC,STL,0
20260704_TB@HOU,2026-07-04,HOU,TB,10,8,1.0,0.4878955781459809,0.4934,TB,HOU,0
20260704_TOR@SEA,2026-07-04,SEA,TOR,11,0,1.0,0.589427649974823,0.6136,SEA,SEA,1
20260703_BAL@CIN,2026-07-03,CIN,BAL,0,3,0.0,0.4865303337574005,0.4918,BAL,BAL,1
20260703_BOS@LAA,2026-07-03,LAA,BOS,2,5,0.0,0.45050564408302307,0.4415,BOS,BOS,1
20260703_CWS@CLE,2026-07-03,CLE,CWS,4,3,1.0,0.590790331363678,0.6155,CLE,CLE,1
20260703_MIA@ATH,2026-07-03,ATH,MIA,5,12,0.0,0.4921659231185913,0.4997,MIA,MIA,1
20260703_MIL@AZ,2026-07-03,AZ,MIL,4,7,0.0,0.4974268972873687,0.5,MIL,MIL,1
20260703_MIN@NYY,2026-07-03,NYY,MIN,5,2,1.0,0.5731543302536011,0.5913,NYY,NYY,1
20260703_NYM@ATL,2026-07-03,ATL,NYM,5,3,1.0,0.5466695427894592,0.5545,ATL,ATL,1
20260703_PIT@WSH,2026-07-03,WSH,PIT,9,5,1.0,0.4611428380012512,0.4564,PIT,WSH,0
20260703_SD@LAD,2026-07-03,LAD,SD,4,3,1.0,0.5573280453681946,0.5693,LAD,LAD,1
20260703_SF@COL,2026-07-03,COL,SF,15,3,1.0,0.5096194744110107,0.5028,COL,COL,1
20260703_STL@CHC,2026-07-03,CHC,STL,1,17,0.0,0.5354448556900024,0.5389,CHC,STL,0
20260703_TB@HOU,2026-07-03,HOU,TB,1,3,0.0,0.5243292450904846,0.5233,HOU,TB,0
20260703_TOR@SEA,2026-07-03,SEA,TOR,0,2,0.0,0.5505495071411133,0.5599,SEA,TOR,0
20260702_CIN@MIL,2026-07-02,MIL,CIN,2,7,0.0,0.5875667333602905,0.6111,MIL,CIN,0
20260702_CWS@CLE,2026-07-02,CLE,CWS,6,5,1.0,0.6217573881149292,0.6574,CLE,CLE,1
20260702_DET@TEX,2026-07-02,TEX,DET,10,4,1.0,0.5522167086601256,0.5622,TEX,TEX,1
20260702_LAA@SEA,2026-07-02,SEA,LAA,1,0,1.0,0.5871341824531555,0.6105,SEA,SEA,1
20260702_MIA@COL,2026-07-02,COL,MIA,14,4,1.0,0.4858455955982208,0.4909,MIA,COL,0
20260702_PIT@PHI,2026-07-02,PHI,PIT,1,6,0.0,0.5759211182594299,0.5951,PHI,PIT,0
20260702_SD@LAD,2026-07-02,LAD,SD,12,7,1.0,0.5998902916908264,0.6279,LAD,LAD,1
20260702_STL@ATL,2026-07-02,ATL,STL,5,11,0.0,0.535021185874939,0.5383,ATL,STL,0
20260702_TB@KC,2026-07-02,KC,TB,2,5,0.0,0.5300434231758118,0.5313,KC,TB,0
20260701_CIN@MIL,2026-07-01,MIL,CIN,4,2,1.0,0.6060543656349182,0.6363,MIL,MIL,1
20260701_CWS@BAL,2026-07-01,BAL,CWS,6,1,1.0,0.5567663908004761,0.5686,BAL,BAL,1
20260701_DET@NYY,2026-07-01,NYY,DET,2,6,0.0,0.4918994903564453,0.4993,DET,DET,1
20260701_LAD@ATH,2026-07-01,ATH,LAD,7,1,1.0,0.4562479555606842,0.4495,LAD,ATH,0
20260701_MIA@COL,2026-07-01,COL,MIA,6,3,1.0,0.4459622204303741,0.4352,MIA,COL,0
20260701_MIN@HOU,2026-07-01,HOU,MIN,3,8,0.0,0.5233923196792603,0.522,HOU,MIN,0
20260701_NYM@TOR,2026-07-01,TOR,NYM,9,3,1.0,0.5200644135475159,0.5174,TOR,TOR,1
20260701_PIT@PHI,2026-07-01,PHI,PIT,10,6,1.0,0.5977558493614197,0.625,PHI,PHI,1
20260701_SD@CHC,2026-07-01,CHC,SD,23,3,1.0,0.5267652273178101,0.5268,CHC,CHC,1
20260701_SF@AZ,2026-07-01,AZ,SF,4,6,0.0,0.5268330574035645,0.5268,AZ,SF,0
20260701_STL@ATL,2026-07-01,ATL,STL,5,1,1.0,0.5674346685409546,0.5834,ATL,ATL,1
20260701_TB@KC,2026-07-01,KC,TB,0,4,0.0,0.5063811540603638,0.5,KC,TB,0
20260701_TEX@CLE,2026-07-01,CLE,TEX,9,4,1.0,0.5268171429634094,0.5268,CLE,CLE,1
20260701_WSH@BOS,2026-07-01,BOS,WSH,2,10,0.0,0.5417489409446716,0.5477,BOS,WSH,0
20260630_CIN@MIL,2026-06-30,MIL,CIN,7,2,1.0,0.6225516200065613,0.6585,MIL,MIL,1
20260630_CWS@BAL,2026-06-30,BAL,CWS,3,9,0.0,0.5621196031570435,0.576,BAL,CWS,0
20260630_DET@NYY,2026-06-30,NYY,DET,3,9,0.0,0.5433740615844727,0.5499,NYY,DET,0
20260630_LAA@SEA,2026-06-30,SEA,LAA,8,3,1.0,0.5791133642196655,0.5995,SEA,SEA,1
20260630_LAD@ATH,2026-06-30,ATH,LAD,3,9,0.0,0.393196552991867,0.3627,LAD,LAD,1
20260630_MIA@COL,2026-06-30,COL,MIA,3,14,0.0,0.4430921375751496,0.4312,MIA,MIA,1
20260630_MIN@HOU,2026-06-30,HOU,MIN,6,4,1.0,0.5415487289428711,0.5474,HOU,HOU,1
20260630_NYM@TOR,2026-06-30,TOR,NYM,0,3,0.0,0.5238516926765442,0.5227,TOR,NYM,0
20260630_PIT@PHI,2026-06-30,PHI,PIT,8,0,1.0,0.5789211988449097,0.5992,PHI,PHI,1
20260630_SD@CHC,2026-06-30,CHC,SD,9,7,1.0,0.5423054695129395,0.5484,CHC,CHC,1
20260630_SF@AZ,2026-06-30,AZ,SF,8,2,1.0,0.5270715951919556,0.5272,AZ,AZ,1
20260630_STL@ATL,2026-06-30,ATL,STL,3,5,0.0,0.557054877281189,0.569,ATL,STL,0
20260630_TB@KC,2026-06-30,KC,TB,4,10,0.0,0.4944417774677276,0.5,TB,TB,1
20260630_TEX@CLE,2026-06-30,CLE,TEX,2,4,0.0,0.5349498391151428,0.5382,CLE,TEX,0
20260630_WSH@BOS,2026-06-30,BOS,WSH,1,8,0.0,0.48914331197738653,0.4955,WSH,WSH,1
20260629_CIN@MIL,2026-06-29,MIL,CIN,5,3,1.0,0.574884295463562,0.5936,MIL,MIL,1
20260629_CWS@BAL,2026-06-29,BAL,CWS,2,8,0.0,0.5929064154624939,0.6184,BAL,CWS,0
20260629_DET@NYY,2026-06-29,NYY,DET,3,7,0.0,0.5534361600875854,0.5639,NYY,DET,0
20260629_LAA@SEA,2026-06-29,SEA,LAA,6,2,1.0,0.6103396415710448,0.6421,SEA,SEA,1
20260629_LAD@ATH,2026-06-29,ATH,LAD,4,9,0.0,0.4699794054031372,0.4687,LAD,LAD,1
20260629_MIA@COL,2026-06-29,COL,MIA,7,10,0.0,0.4290798902511596,0.4118,MIA,MIA,1
20260629_MIN@HOU,2026-06-29,HOU,MIN,4,5,0.0,0.5502590537071228,0.5595,HOU,MIN,0
20260629_NYM@TOR,2026-06-29,TOR,NYM,2,1,1.0,0.5741029977798462,0.5926,TOR,TOR,1
20260629_PIT@PHI,2026-06-29,PHI,PIT,7,11,0.0,0.5614398121833801,0.575,PHI,PIT,0
20260629_SD@CHC,2026-06-29,CHC,SD,3,2,1.0,0.5330411195755005,0.5355,CHC,CHC,1
20260629_SF@AZ,2026-06-29,AZ,SF,5,4,1.0,0.5305269360542297,0.532,AZ,AZ,1
20260629_TEX@CLE,2026-06-29,CLE,TEX,3,6,0.0,0.5754318833351135,0.5944,CLE,TEX,0
20260629_WSH@BOS,2026-06-29,BOS,WSH,6,3,1.0,0.5078386664390564,0.5003,BOS,BOS,1
20260628_ATH@LAA,2026-06-28,LAA,ATH,4,1,1.0,0.5065897703170777,0.5,LAA,LAA,1
20260628_ATL@SF,2026-06-28,SF,ATL,3,2,1.0,0.5188769698143005,0.5157,SF,SF,1
20260628_AZ@TB,2026-06-28,TB,AZ,5,1,1.0,0.5901544094085693,0.6146,TB,TB,1
20260628_CHC@MIL,2026-06-28,MIL,CHC,3,4,0.0,0.5430931448936462,0.5495,MIL,CHC,0
20260628_CIN@PIT,2026-06-28,PIT,CIN,9,4,1.0,0.5250057578086853,0.5243,PIT,PIT,1
20260628_COL@MIN,2026-06-28,MIN,COL,3,2,1.0,0.5880187153816223,0.6117,MIN,MIN,1
20260628_HOU@DET,2026-06-28,DET,HOU,5,7,0.0,0.5169134140014648,0.513,DET,HOU,0
20260628_KC@CWS,2026-06-28,CWS,KC,4,5,0.0,0.51148521900177,0.5054,CWS,KC,0
20260628_LAD@SD,2026-06-28,SD,LAD,2,4,0.0,0.4870222806930542,0.4925,LAD,LAD,1
20260628_MIA@STL,2026-06-28,STL,MIA,2,1,1.0,0.5662779211997986,0.5818,STL,STL,1
20260628_NYY@BOS,2026-06-28,BOS,NYY,5,4,1.0,0.47544500231742864,0.4763,NYY,BOS,0
20260628_PHI@NYM,2026-06-28,NYM,PHI,4,5,0.0,0.5063126087188721,0.5,NYM,PHI,0
20260628_SEA@CLE,2026-06-28,CLE,SEA,6,5,1.0,0.5482475161552429,0.5567,CLE,CLE,1
20260628_TEX@TOR,2026-06-28,TOR,TEX,2,3,0.0,0.5228849649429321,0.5213,TOR,TEX,0
20260628_WSH@BAL,2026-06-28,BAL,WSH,4,6,0.0,0.547981858253479,0.5563,BAL,WSH,0
20260627_ATH@LAA,2026-06-27,LAA,ATH,5,2,1.0,0.48030388355255127,0.4831,ATH,LAA,0
20260627_ATL@SF,2026-06-27,SF,ATL,5,0,1.0,0.5190548896789551,0.516,SF,SF,1
20260627_AZ@TB,2026-06-27,TB,AZ,4,2,1.0,0.5318773984909058,0.5339,TB,TB,1
20260627_CHC@MIL,2026-06-27,MIL,CHC,2,8,0.0,0.6149379014968872,0.6483,MIL,CHC,0
20260627_CIN@PIT,2026-06-27,PIT,CIN,7,9,0.0,0.49271020293235773,0.5,CIN,CIN,1
20260627_COL@MIN,2026-06-27,MIN,COL,5,8,0.0,0.6029005646705626,0.632,MIN,COL,0
20260627_HOU@DET,2026-06-27,DET,HOU,6,8,0.0,0.5288473963737488,0.5297,DET,HOU,0
20260627_KC@CWS,2026-06-27,CWS,KC,2,1,1.0,0.5128771662712097,0.5073,CWS,CWS,1
20260627_LAD@SD,2026-06-27,SD,LAD,3,15,0.0,0.5130942463874817,0.5076,SD,LAD,0
20260627_MIA@STL,2026-06-27,STL,MIA,1,5,0.0,0.5549503564834595,0.566,STL,MIA,0
20260627_NYY@BOS,2026-06-27,BOS,NYY,4,1,1.0,0.4863657057285309,0.4916,NYY,BOS,0
20260627_PHI@NYM,2026-06-27,NYM,PHI,6,2,1.0,0.5042577981948853,0.5,NYM,NYM,1
20260627_SEA@CLE,2026-06-27,CLE,SEA,4,3,1.0,0.5059677362442017,0.5,CLE,CLE,1
20260627_TEX@TOR,2026-06-27,TOR,TEX,4,7,0.0,0.599627673625946,0.6275,TOR,TEX,0
20260627_WSH@BAL,2026-06-27,BAL,WSH,3,4,0.0,0.547981858253479,0.5563,BAL,WSH,0
20260626_ATH@LAA,2026-06-26,LAA,ATH,3,9,0.0,0.5055477023124695,0.5,LAA,ATH,0
20260626_ATL@SF,2026-06-26,SF,ATL,1,3,0.0,0.48658281564712524,0.4914,ATL,ATL,1
20260626_AZ@TB,2026-06-26,TB,AZ,6,1,1.0,0.5780696272850037,0.5988,TB,TB,1
20260626_CHC@MIL,2026-06-26,MIL,CHC,6,2,1.0,0.5611227750778198,0.5753,MIL,MIL,1
20260626_CIN@PIT,2026-06-26,PIT,CIN,4,6,0.0,0.5408251285552979,0.547,PIT,CIN,0
20260626_COL@MIN,2026-06-26,MIN,COL,9,8,1.0,0.6011895537376404,0.6305,MIN,MIN,1
20260626_HOU@DET,2026-06-26,DET,HOU,8,0,1.0,0.561710774898529,0.5761,DET,DET,1
20260626_KC@CWS,2026-06-26,CWS,KC,22,1,1.0,0.5024533271789551,0.5,CWS,CWS,1
20260626_LAD@SD,2026-06-26,SD,LAD,7,1,1.0,0.5214911699295044,0.5199,SD,SD,1
20260626_MIA@STL,2026-06-26,STL,MIA,0,4,0.0,0.5440206527709961,0.5515,STL,MIA,0
20260626_NYY@BOS,2026-06-26,BOS,NYY,6,1,1.0,0.4803767502307892,0.4827,NYY,BOS,0
20260626_PHI@NYM,2026-06-26,NYM,PHI,1,2,0.0,0.49533399939537054,0.5,PHI,PHI,1
20260626_SEA@CLE,2026-06-26,CLE,SEA,1,3,0.0,0.5113593935966492,0.5057,CLE,SEA,0
20260626_TEX@TOR,2026-06-26,TOR,TEX,4,5,0.0,0.5447312593460083,0.5525,TOR,TEX,0
20260626_WSH@BAL,2026-06-26,BAL,WSH,3,1,1.0,0.5478569865226746,0.5568,BAL,BAL,1
20260625_ATH@SF,2026-06-25,SF,ATH,6,9,0.0,0.5287198424339296,0.5301,SF,ATH,0
20260625_CHC@NYM,2026-06-25,NYM,CHC,3,4,0.0,0.5441682934761047,0.5517,NYM,CHC,0
20260625_HOU@DET,2026-06-25,DET,HOU,1,2,0.0,0.5252151489257812,0.5252,DET,HOU,0
20260625_KC@TB,2026-06-25,TB,KC,13,2,1.0,0.562383234500885,0.5771,TB,TB,1
20260625_NYY@BOS,2026-06-25,BOS,NYY,6,3,1.0,0.4515025317668914,0.4423,NYY,BOS,0
20260625_PHI@WSH,2026-06-25,WSH,PHI,5,10,0.0,0.4764097630977631,0.4771,PHI,PHI,1
20260625_SEA@PIT,2026-06-25,PIT,SEA,5,1,1.0,0.5246899724006653,0.5244,PIT,PIT,1
20260625_TEX@TOR,2026-06-25,TOR,TEX,5,6,0.0,0.55330890417099,0.5644,TOR,TEX,0
20260624_ATH@SF,2026-06-24,SF,ATH,2,1,1.0,0.519029974937439,0.5165,SF,SF,1
20260624_ATL@SD,2026-06-24,SD,ATL,5,2,1.0,0.5052412748336792,0.5,SD,SD,1
20260624_AZ@STL,2026-06-24,STL,AZ,4,9,0.0,0.5416686534881592,0.5482,STL,AZ,0
20260624_BAL@LAA,2026-06-24,LAA,BAL,7,6,1.0,0.46343994140624994,0.459,BAL,LAA,0
20260624_BOS@COL,2026-06-24,COL,BOS,8,6,1.0,0.4675065279006958,0.4647,BOS,COL,0
20260624_CHC@NYM,2026-06-24,NYM,CHC,5,10,0.0,0.5281913280487062,0.5293,NYM,CHC,0
20260624_CHC@NYM,2026-06-24,NYM,CHC,3,10,0.0,0.538638710975647,0.5439,NYM,CHC,0
20260624_CLE@CWS,2026-06-24,CWS,CLE,3,4,0.0,0.5078118443489075,0.5008,CWS,CLE,0
20260624_HOU@TOR,2026-06-24,TOR,HOU,1,3,0.0,0.5429872870445251,0.55,TOR,HOU,0
20260624_KC@TB,2026-06-24,TB,KC,5,3,1.0,0.5382764339447021,0.5434,TB,TB,1
20260624_LAD@MIN,2026-06-24,MIN,LAD,3,4,0.0,0.46188470721244806,0.4568,LAD,LAD,1
20260624_MIL@CIN,2026-06-24,CIN,MIL,5,6,0.0,0.47683039307594305,0.4777,MIL,MIL,1
20260624_NYY@DET,2026-06-24,DET,NYY,2,4,0.0,0.482200801372528,0.4852,NYY,NYY,1
20260624_PHI@WSH,2026-06-24,WSH,PHI,4,5,0.0,0.4837470352649689,0.4874,PHI,PHI,1
20260624_SEA@PIT,2026-06-24,PIT,SEA,11,1,1.0,0.5320152640342712,0.5347,PIT,PIT,1
20260624_TEX@MIA,2026-06-24,MIA,TEX,4,2,1.0,0.48397403955459606,0.4877,TEX,MIA,0
20260623_ATH@SF,2026-06-23,SF,ATH,3,1,1.0,0.5522018074989319,0.5629,SF,SF,1
20260623_ATL@SD,2026-06-23,SD,ATL,7,6,1.0,0.5230664610862733,0.5221,SD,SD,1
20260623_AZ@STL,2026-06-23,STL,AZ,3,4,0.0,0.5487074255943298,0.558,STL,AZ,0
20260623_BAL@LAA,2026-06-23,LAA,BAL,5,1,1.0,0.4276076555252076,0.4091,BAL,LAA,0
20260623_BOS@COL,2026-06-23,COL,BOS,2,5,0.0,0.4654310941696167,0.4617,BOS,BOS,1
20260623_CHC@NYM,2026-06-23,NYM,CHC,6,9,0.0,0.498117059469223,0.5,CHC,CHC,1
20260623_CLE@CWS,2026-06-23,CWS,CLE,2,1,1.0,0.509306788444519,0.5029,CWS,CWS,1
20260623_HOU@TOR,2026-06-23,TOR,HOU,7,9,0.0,0.5335501432418823,0.5368,TOR,HOU,0
20260623_KC@TB,2026-06-23,TB,KC,5,12,0.0,0.555635929107666,0.5677,TB,KC,0
20260623_LAD@MIN,2026-06-23,MIN,LAD,3,12,0.0,0.48817563056945806,0.4936,LAD,LAD,1
20260623_MIL@CIN,2026-06-23,CIN,MIL,0,2,0.0,0.4776605665683746,0.4789,MIL,MIL,1
20260623_NYY@DET,2026-06-23,DET,NYY,3,4,0.0,0.5189143419265747,0.5163,DET,NYY,0
20260623_PHI@WSH,2026-06-23,WSH,PHI,9,14,0.0,0.43731915950775146,0.4225,PHI,PHI,1
20260623_SEA@PIT,2026-06-23,PIT,SEA,2,3,0.0,0.4925135970115662,0.4997,SEA,SEA,1
20260623_TEX@MIA,2026-06-23,MIA,TEX,6,4,1.0,0.4932747185230255,0.5,TEX,MIA,0
20260622_ATL@SD,2026-06-22,SD,ATL,1,0,1.0,0.49958121776580816,0.5,ATL,SD,0
20260622_AZ@STL,2026-06-22,STL,AZ,3,2,1.0,0.5683348178863525,0.5853,STL,STL,1
20260622_BAL@LAA,2026-06-22,LAA,BAL,1,6,0.0,0.4491945803165436,0.4391,BAL,BAL,1
20260622_BOS@COL,2026-06-22,COL,BOS,3,2,1.0,0.47566083073616033,0.4761,BOS,COL,0
20260622_CLE@CWS,2026-06-22,CWS,CLE,6,5,1.0,0.4869381487369537,0.4919,CLE,CWS,0
20260622_HOU@TOR,2026-06-22,TOR,HOU,4,2,1.0,0.5176498293876648,0.5146,TOR,TOR,1
20260622_KC@TB,2026-06-22,TB,KC,1,2,0.0,0.5927520394325256,0.619,TB,KC,0
20260622_LAD@MIN,2026-06-22,MIN,LAD,1,2,0.0,0.47444558143615717,0.4744,LAD,LAD,1
20260622_MIL@CIN,2026-06-22,CIN,MIL,1,2,0.0,0.48331212997436523,0.4868,MIL,MIL,1
20260622_NYY@DET,2026-06-22,DET,NYY,5,3,1.0,0.5054778456687927,0.5,DET,DET,1
20260622_PHI@WSH,2026-06-22,WSH,PHI,4,1,1.0,0.4779431223869324,0.4793,PHI,WSH,0
20260622_TEX@MIA,2026-06-22,MIA,TEX,3,4,0.0,0.4888033866882324,0.4945,TEX,TEX,1
20260621_BAL@LAD,2026-06-21,LAD,BAL,1,12,0.0,0.5662733316421509,0.5825,LAD,BAL,0
20260621_BOS@SEA,2026-06-21,SEA,BOS,3,1,1.0,0.542032778263092,0.5487,SEA,SEA,1
20260621_CIN@NYY,2026-06-21,NYY,CIN,1,4,0.0,0.5205539464950562,0.5186,NYY,CIN,0
20260621_CLE@HOU,2026-06-21,HOU,CLE,2,1,1.0,0.5137718319892882,0.5091,HOU,HOU,1
20260621_CWS@DET,2026-06-21,DET,CWS,5,4,1.0,0.5908999443054199,0.6164,DET,DET,1
20260621_LAA@ATH,2026-06-21,ATH,LAA,7,9,0.0,0.5608459115028381,0.5749,ATH,LAA,0
20260621_MIL@ATL,2026-06-21,ATL,MIL,4,9,0.0,0.5219252109527588,0.5205,ATL,MIL,0
20260621_MIN@AZ,2026-06-21,AZ,MIN,2,4,0.0,0.561499834060669,0.5758,AZ,MIN,0
20260621_NYM@PHI,2026-06-21,PHI,NYM,6,2,1.0,0.5817669034004211,0.6039,PHI,PHI,1
20260621_PIT@COL,2026-06-21,COL,PIT,6,8,0.0,0.4694533348083496,0.4674,PIT,PIT,1
20260621_SD@TEX,2026-06-21,TEX,SD,4,3,1.0,0.5333355069160461,0.5365,TEX,TEX,1
20260621_SF@MIA,2026-06-21,MIA,SF,2,1,1.0,0.4574982821941375,0.4507,SF,MIA,0
20260621_STL@KC,2026-06-21,KC,STL,10,12,0.0,0.5073453187942505,0.5001,KC,STL,0
20260621_WSH@TB,2026-06-21,TB,WSH,4,3,1.0,0.5330320596694946,0.5361,TB,TB,1
20260620_BAL@LAD,2026-06-20,LAD,BAL,2,3,0.0,0.5742924213409424,0.5936,LAD,BAL,0
20260620_BOS@SEA,2026-06-20,SEA,BOS,1,5,0.0,0.5217123031616211,0.5202,SEA,BOS,0
20260620_CIN@NYY,2026-06-20,NYY,CIN,2,10,0.0,0.5686336755752563,0.5857,NYY,CIN,0
20260620_CLE@HOU,2026-06-20,HOU,CLE,1,8,0.0,0.5415632724761963,0.548,HOU,CLE,0
20260620_CWS@DET,2026-06-20,DET,CWS,4,1,1.0,0.6055885553359986,0.6365,DET,DET,1
20260620_LAA@ATH,2026-06-20,ATH,LAA,0,7,0.0,0.5373840928077698,0.5422,ATH,LAA,0
20260620_MIL@ATL,2026-06-20,ATL,MIL,4,3,1.0,0.5232455134391785,0.5224,ATL,ATL,1
20260620_MIN@AZ,2026-06-20,AZ,MIN,8,16,0.0,0.526159107685089,0.5265,AZ,MIN,0
20260620_NYM@PHI,2026-06-20,PHI,NYM,15,3,1.0,0.5661060214042662,0.5822,PHI,PHI,1
20260620_PIT@COL,2026-06-20,COL,PIT,2,1,1.0,0.4649133384227752,0.461,PIT,COL,0
20260620_SD@TEX,2026-06-20,TEX,SD,4,6,0.0,0.5401411652565002,0.546,TEX,SD,0
20260620_SF@MIA,2026-06-20,MIA,SF,6,3,1.0,0.5037761330604553,0.5,MIA,MIA,1
20260620_TOR@CHC,2026-06-20,CHC,TOR,6,8,0.0,0.5382764339447021,0.5434,CHC,TOR,0
20260620_WSH@TB,2026-06-20,TB,WSH,3,4,0.0,0.5347177386283875,0.5385,TB,WSH,0
20260619_BAL@LAD,2026-06-19,LAD,BAL,6,5,1.0,0.6494758725166321,0.6946,LAD,LAD,1
20260619_BOS@SEA,2026-06-19,SEA,BOS,2,6,0.0,0.5311011075973511,0.5344,SEA,BOS,0
20260619_CIN@NYY,2026-06-19,NYY,CIN,5,0,1.0,0.6045837998390198,0.6352,NYY,NYY,1
20260619_CLE@HOU,2026-06-19,HOU,CLE,9,3,1.0,0.45245519280433655,0.4428,CLE,HOU,0
20260619_CWS@DET,2026-06-19,DET,CWS,4,3,1.0,0.6142600774765015,0.6482,DET,DET,1
20260619_LAA@ATH,2026-06-19,ATH,LAA,12,11,1.0,0.4084243178367615,0.3824,LAA,ATH,0
20260619_MIL@ATL,2026-06-19,ATL,MIL,3,2,1.0,0.4016406834125518,0.3732,MIL,ATL,0
20260619_MIN@AZ,2026-06-19,AZ,MIN,9,5,1.0,0.6428508162498475,0.686,AZ,AZ,1
20260619_PIT@COL,2026-06-19,COL,PIT,4,3,1.0,0.371639221906662,0.333,PIT,COL,0
20260619_SD@TEX,2026-06-19,TEX,SD,9,7,1.0,0.6095595955848694,0.6419,TEX,TEX,1
20260619_SF@MIA,2026-06-19,MIA,SF,4,3,1.0,0.4471944272518158,0.4356,SF,MIA,0
20260619_STL@KC,2026-06-19,KC,STL,6,5,1.0,0.5066224336624146,0.5003,KC,KC,1
20260619_TOR@CHC,2026-06-19,CHC,TOR,16,2,1.0,0.5195317268371582,0.5183,CHC,CHC,1
20260619_WSH@TB,2026-06-19,TB,WSH,5,2,1.0,0.59930419921875,0.6281,TB,TB,1
20260618_BAL@SEA,2026-06-18,SEA,BAL,3,0,1.0,0.5595906972885132,0.5738,SEA,SEA,1
20260618_CLE@MIL,2026-06-18,MIL,CLE,2,4,0.0,0.5154099464416504,0.5126,MIL,CLE,0
20260618_CWS@NYY,2026-06-18,NYY,CWS,1,5,0.0,0.6583616733551025,0.7061,NYY,CWS,0
20260618_LAA@ATH,2026-06-18,ATH,LAA,5,0,1.0,0.5325170755386353,0.5363,ATH,ATH,1
20260618_MIN@TEX,2026-06-18,TEX,MIN,3,9,0.0,0.540223240852356,0.547,TEX,MIN,0
20260618_NYM@PHI,2026-06-18,PHI,NYM,4,6,0.0,0.5560911893844604,0.569,PHI,NYM,0
20260618_STL@KC,2026-06-18,KC,STL,14,6,1.0,0.4898004233837128,0.4947,STL,KC,0
20260618_TOR@BOS,2026-06-18,BOS,TOR,3,4,0.0,0.5066402554512024,0.5004,BOS,TOR,0
20260617_BAL@SEA,2026-06-17,SEA,BAL,3,5,0.0,0.5267247557640076,0.5283,SEA,BAL,0
20260617_CLE@MIL,2026-06-17,MIL,CLE,9,4,1.0,0.5732039213180542,0.5925,MIL,MIL,1
20260617_COL@CHC,2026-06-17,CHC,COL,8,6,1.0,0.7238821983337402,0.7865,CHC,CHC,1
20260617_CWS@NYY,2026-06-17,NYY,CWS,10,5,1.0,0.6884812116622925,0.744,NYY,NYY,1
20260617_DET@HOU,2026-06-17,HOU,DET,4,2,1.0,0.5439673066139221,0.5522,HOU,HOU,1
20260617_KC@WSH,2026-06-17,WSH,KC,2,6,0.0,0.4268872141838074,0.4076,KC,KC,1
20260617_LAA@AZ,2026-06-17,AZ,LAA,8,1,1.0,0.6273152828216553,0.6656,AZ,AZ,1
20260617_MIA@PHI,2026-06-17,PHI,MIA,4,12,0.0,0.5569958090782166,0.5702,PHI,MIA,0
20260617_NYM@CIN,2026-06-17,CIN,NYM,1,9,0.0,0.5095263123512268,0.5044,CIN,NYM,0
20260617_PIT@ATH,2026-06-17,ATH,PIT,4,12,0.0,0.4525430202484131,0.4429,PIT,PIT,1
20260617_SD@STL,2026-06-17,STL,SD,1,6,0.0,0.46134090423583984,0.4551,SD,SD,1
20260617_SF@ATL,2026-06-17,ATL,SF,5,7,0.0,0.5493118166923523,0.5596,ATL,SF,0
20260617_TB@LAD,2026-06-17,LAD,TB,5,4,1.0,0.6348990797996521,0.6756,LAD,LAD,1
20260617_TOR@BOS,2026-06-17,BOS,TOR,0,3,0.0,0.4579366445541382,0.4504,TOR,TOR,1
20260616_BAL@SEA,2026-06-16,SEA,BAL,3,1,1.0,0.5988714694976807,0.6275,SEA,SEA,1
20260616_CLE@MIL,2026-06-16,MIL,CLE,2,1,1.0,0.5343841910362245,0.5389,MIL,MIL,1
20260616_COL@CHC,2026-06-16,CHC,COL,2,5,0.0,0.6559984683990479,0.703,CHC,COL,0
20260616_CWS@NYY,2026-06-16,NYY,CWS,12,2,1.0,0.6113906502723694,0.6444,NYY,NYY,1
20260616_DET@HOU,2026-06-16,HOU,DET,4,2,1.0,0.5985016226768494,0.627,HOU,HOU,1
20260616_KC@WSH,2026-06-16,WSH,KC,6,4,1.0,0.4579471349716187,0.4504,KC,WSH,0
20260616_LAA@AZ,2026-06-16,AZ,LAA,0,7,0.0,0.625644326210022,0.6634,AZ,LAA,0
20260616_MIA@PHI,2026-06-16,PHI,MIA,8,2,1.0,0.5942116379737855,0.6212,PHI,PHI,1
20260616_MIN@TEX,2026-06-16,TEX,MIN,2,12,0.0,0.5853642821311951,0.6092,TEX,MIN,0
20260616_NYM@CIN,2026-06-16,CIN,NYM,5,3,1.0,0.46332472562789917,0.4579,NYM,CIN,0
20260616_PIT@ATH,2026-06-16,ATH,PIT,5,6,0.0,0.49700516462326044,0.5,PIT,PIT,1
20260616_SD@STL,2026-06-16,STL,SD,3,2,1.0,0.5634194016456604,0.5791,STL,STL,1
20260616_SF@ATL,2026-06-16,ATL,SF,2,7,0.0,0.5571955442428589,0.5705,ATL,SF,0
20260616_TB@LAD,2026-06-16,LAD,TB,1,0,1.0,0.6650992035865784,0.7147,LAD,LAD,1
20260616_TOR@BOS,2026-06-16,BOS,TOR,1,6,0.0,0.4216968417167663,0.4005,TOR,TOR,1
20260615_COL@CHC,2026-06-15,CHC,COL,5,4,1.0,0.7343652248382568,0.7987,CHC,CHC,1
20260615_DET@HOU,2026-06-15,HOU,DET,3,9,0.0,0.5158836841583252,0.5132,HOU,DET,0
20260615_KC@WSH,2026-06-15,WSH,KC,7,3,1.0,0.4287028014659881,0.4101,KC,WSH,0
20260615_LAA@AZ,2026-06-15,AZ,LAA,4,3,1.0,0.5887078046798706,0.6137,AZ,AZ,1
20260615_MIA@PHI,2026-06-15,PHI,MIA,7,0,1.0,0.6037741303443909,0.6341,PHI,PHI,1
20260615_MIN@TEX,2026-06-15,TEX,MIN,2,4,0.0,0.5648634433746338,0.5811,TEX,MIN,0
20260615_NYM@CIN,2026-06-15,CIN,NYM,12,0,1.0,0.6046299934387207,0.6353,CIN,CIN,1
20260615_PIT@ATH,2026-06-15,ATH,PIT,11,2,1.0,0.49686360359191895,0.5,PIT,ATH,0
20260615_SD@STL,2026-06-15,STL,SD,3,0,1.0,0.471956729888916,0.4699,SD,STL,0
20260615_TB@LAD,2026-06-15,LAD,TB,4,3,1.0,0.6341896653175354,0.6747,LAD,LAD,1
20260614_ATL@NYM,2026-06-14,NYM,ATL,8,1,1.0,0.5557217597961425,0.5685,NYM,NYM,1
20260614_AZ@CIN,2026-06-14,CIN,AZ,3,5,0.0,0.6053763031959534,0.6363,CIN,AZ,0
20260614_CHC@SF,2026-06-14,SF,CHC,5,1,1.0,0.4603217542171478,0.4537,CHC,SF,0
20260614_COL@ATH,2026-06-14,ATH,COL,9,23,0.0,0.6570505499839783,0.7044,ATH,COL,0
20260614_HOU@KC,2026-06-14,KC,HOU,4,0,1.0,0.5447321534156799,0.5533,KC,KC,1
20260614_LAD@CWS,2026-06-14,CWS,LAD,6,4,1.0,0.4107708632946014,0.3856,LAD,CWS,0
20260614_MIA@PIT,2026-06-14,PIT,MIA,2,4,0.0,0.5639211535453796,0.5798,PIT,MIA,0
20260614_NYY@TOR,2026-06-14,TOR,NYY,3,8,0.0,0.4389407932758331,0.4242,NYY,NYY,1
20260614_PHI@MIL,2026-06-14,MIL,PHI,4,0,1.0,0.5238766670227051,0.5243,MIL,MIL,1
20260614_SD@BAL,2026-06-14,BAL,SD,2,5,0.0,0.38076096773147583,0.3451,SD,SD,1
20260614_SEA@WSH,2026-06-14,WSH,SEA,10,1,1.0,0.4690147340297699,0.4658,SEA,WSH,0
20260614_STL@MIN,2026-06-14,MIN,STL,5,4,1.0,0.501228928565979,0.5,MIN,MIN,1
20260614_TB@LAA,2026-06-14,LAA,TB,3,8,0.0,0.5338481664657593,0.5382,LAA,TB,0
20260614_TEX@BOS,2026-06-14,BOS,TEX,4,6,0.0,0.5752524137496948,0.5954,BOS,TEX,0
20260613_ATL@NYM,2026-06-13,NYM,ATL,1,3,0.0,0.5310800671577454,0.5343,NYM,ATL,0
20260613_AZ@CIN,2026-06-13,CIN,AZ,2,1,1.0,0.514373242855072,0.5111,CIN,CIN,1
20260613_CHC@SF,2026-06-13,SF,CHC,1,6,0.0,0.44774460792541504,0.4363,CHC,CHC,1
20260613_COL@ATH,2026-06-13,ATH,COL,7,5,1.0,0.6350611448287964,0.6758,ATH,ATH,1
20260613_DET@CLE,2026-06-13,CLE,DET,3,1,1.0,0.5727930665016174,0.592,CLE,CLE,1
20260613_HOU@KC,2026-06-13,KC,HOU,7,8,0.0,0.5171880722045898,0.515,KC,HOU,0
20260613_LAD@CWS,2026-06-13,CWS,LAD,1,7,0.0,0.4492798745632172,0.4384,LAD,LAD,1
20260613_MIA@PIT,2026-06-13,PIT,MIA,3,2,1.0,0.5148484110832214,0.5118,PIT,PIT,1
20260613_NYY@TOR,2026-06-13,TOR,NYY,1,3,0.0,0.5136662125587463,0.5101,TOR,NYY,0
20260613_PHI@MIL,2026-06-13,MIL,PHI,8,9,0.0,0.5737645030021667,0.5933,MIL,PHI,0
20260613_SD@BAL,2026-06-13,BAL,SD,3,9,0.0,0.4220453202724456,0.4009,SD,SD,1
20260613_SEA@WSH,2026-06-13,WSH,SEA,8,3,1.0,0.45353102684020996,0.4443,SEA,WSH,0
20260613_STL@MIN,2026-06-13,MIN,STL,6,9,0.0,0.4996883571147918,0.5,STL,STL,1
20260613_TB@LAA,2026-06-13,LAA,TB,8,0,1.0,0.4204862713813782,0.3988,TB,LAA,0
20260613_TEX@BOS,2026-06-13,BOS,TEX,6,3,1.0,0.5453436970710754,0.5541,BOS,BOS,1
20260612_ATL@NYM,2026-06-12,NYM,ATL,7,5,1.0,0.5384611487388611,0.5436,NYM,NYM,1
20260612_AZ@CIN,2026-06-12,CIN,AZ,2,5,0.0,0.5291157960891724,0.5305,CIN,AZ,0
20260612_CHC@SF,2026-06-12,SF,CHC,1,5,0.0,0.5291157960891724,0.5305,SF,CHC,0
20260612_COL@ATH,2026-06-12,ATH,COL,6,4,1.0,0.5270214676856995,0.5276,ATH,ATH,1
20260612_DET@CLE,2026-06-12,CLE,DET,3,2,1.0,0.5382449626922607,0.5433,CLE,CLE,1
20260612_HOU@KC,2026-06-12,KC,HOU,8,10,0.0,0.5291157960891724,0.5305,KC,HOU,0
20260612_LAD@CWS,2026-06-12,CWS,LAD,8,2,1.0,0.5270214676856995,0.5276,CWS,CWS,1
20260612_MIA@PIT,2026-06-12,PIT,MIA,3,8,0.0,0.5291157960891724,0.5305,PIT,MIA,0
20260612_NYY@TOR,2026-06-12,TOR,NYY,8,5,1.0,0.5384611487388611,0.5436,TOR,TOR,1
20260612_PHI@MIL,2026-06-12,MIL,PHI,6,0,1.0,0.5384611487388611,0.5436,MIL,MIL,1
20260612_SD@BAL,2026-06-12,BAL,SD,7,3,1.0,0.5291157960891724,0.5305,BAL,BAL,1
20260612_SEA@WSH,2026-06-12,WSH,SEA,2,10,0.0,0.5270214676856995,0.5276,WSH,SEA,0
20260612_STL@MIN,2026-06-12,MIN,STL,9,8,1.0,0.5291157960891724,0.5305,MIN,MIN,1
20260612_TB@LAA,2026-06-12,LAA,TB,4,3,1.0,0.5147144198417664,0.5103,LAA,LAA,1
20260612_TEX@BOS,2026-06-12,BOS,TEX,10,1,1.0,0.5291157960891724,0.5305,BOS,BOS,1
20260611_AZ@MIA,2026-06-11,MIA,AZ,2,0,1.0,0.5270214676856995,0.5276,MIA,MIA,1
20260611_CHC@COL,2026-06-11,COL,CHC,3,9,0.0,0.5270214676856995,0.5276,COL,CHC,0
20260611_LAD@PIT,2026-06-11,PIT,LAD,6,8,0.0,0.5291157960891724,0.5305,PIT,LAD,0
20260611_MIN@DET,2026-06-11,DET,MIN,11,0,1.0,0.5291157960891724,0.5305,DET,DET,1
20260611_SEA@BAL,2026-06-11,BAL,SEA,7,5,1.0,0.5291157960891724,0.5305,BAL,BAL,1
20260611_STL@NYM,2026-06-11,NYM,STL,5,4,1.0,0.5384611487388611,0.5436,NYM,NYM,1
20260611_TEX@KC,2026-06-11,KC,TEX,2,4,0.0,0.5291157960891724,0.5305,KC,TEX,0
20260610_ATL@CWS,2026-06-10,CWS,ATL,2,1,1.0,0.5270214676856995,0.5276,CWS,CWS,1
20260610_AZ@MIA,2026-06-10,MIA,AZ,8,0,1.0,0.5147144198417664,0.5103,MIA,MIA,1
20260610_BOS@TB,2026-06-10,TB,BOS,7,5,1.0,0.5382449626922607,0.5433,TB,TB,1
20260610_CHC@COL,2026-06-10,COL,CHC,3,2,1.0,0.5270214676856995,0.5276,COL,COL,1
20260610_CIN@SD,2026-06-10,SD,CIN,5,4,1.0,0.5384611487388611,0.5436,SD,SD,1
20260610_HOU@LAA,2026-06-10,LAA,HOU,3,2,1.0,0.5270214676856995,0.5276,LAA,LAA,1
20260610_LAD@PIT,2026-06-10,PIT,LAD,9,8,1.0,0.5291157960891724,0.5305,PIT,PIT,1
20260610_MIL@ATH,2026-06-10,ATH,MIL,4,3,1.0,0.5270214676856995,0.5276,ATH,ATH,1
20260610_MIN@DET,2026-06-10,DET,MIN,4,6,0.0,0.5291157960891724,0.5305,DET,MIN,0
20260610_NYY@CLE,2026-06-10,CLE,NYY,4,8,0.0,0.5291157960891724,0.5305,CLE,NYY,0
20260610_PHI@TOR,2026-06-10,TOR,PHI,4,7,0.0,0.5384611487388611,0.5436,TOR,PHI,0
20260610_SEA@BAL,2026-06-10,BAL,SEA,7,2,1.0,0.5291157960891724,0.5305,BAL,BAL,1
20260610_STL@NYM,2026-06-10,NYM,STL,2,9,0.0,0.5384611487388611,0.5436,NYM,STL,0
20260610_TEX@KC,2026-06-10,KC,TEX,4,6,0.0,0.5291157960891724,0.5305,KC,TEX,0
20260610_WSH@SF,2026-06-10,SF,WSH,11,10,1.0,0.5291157960891724,0.5305,SF,SF,1
20260609_ATL@CWS,2026-06-09,CWS,ATL,6,5,1.0,0.5270214676856995,0.5276,CWS,CWS,1
20260609_AZ@MIA,2026-06-09,MIA,AZ,10,6,1.0,0.5147144198417664,0.5103,MIA,MIA,1
20260609_BOS@TB,2026-06-09,TB,BOS,4,3,1.0,0.5291157960891724,0.5305,TB,TB,1
20260609_CHC@COL,2026-06-09,COL,CHC,7,3,1.0,0.5270214676856995,0.5276,COL,COL,1
20260609_CIN@SD,2026-06-09,SD,CIN,3,5,0.0,0.5384611487388611,0.5436,SD,CIN,0
20260609_HOU@LAA,2026-06-09,LAA,HOU,10,1,1.0,0.5270214676856995,0.5276,LAA,LAA,1
20260609_LAD@PIT,2026-06-09,PIT,LAD,3,12,0.0,0.5291157960891724,0.5305,PIT,LAD,0
20260609_MIL@ATH,2026-06-09,ATH,MIL,7,5,1.0,0.5270214676856995,0.5276,ATH,ATH,1
20260609_MIN@DET,2026-06-09,DET,MIN,10,4,1.0,0.5291157960891724,0.5305,DET,DET,1
20260609_NYY@CLE,2026-06-09,CLE,NYY,2,3,0.0,0.5291157960891724,0.5305,CLE,NYY,0
20260609_PHI@TOR,2026-06-09,TOR,PHI,3,2,1.0,0.5384611487388611,0.5436,TOR,TOR,1
20260609_SEA@BAL,2026-06-09,BAL,SEA,5,6,0.0,0.5291157960891724,0.5305,BAL,SEA,0
20260609_STL@NYM,2026-06-09,NYM,STL,0,7,0.0,0.5384611487388611,0.5436,NYM,STL,0
20260609_TEX@KC,2026-06-09,KC,TEX,5,3,1.0,0.5291157960891724,0.5305,KC,KC,1
20260609_WSH@SF,2026-06-09,SF,WSH,3,6,0.0,0.5291157960891724,0.5305,SF,WSH,0
20260608_BOS@TB,2026-06-08,TB,BOS,3,1,1.0,0.5291157960891724,0.5305,TB,TB,1
20260608_CIN@SD,2026-06-08,SD,CIN,6,2,1.0,0.5384611487388611,0.5436,SD,SD,1
20260608_HOU@LAA,2026-06-08,LAA,HOU,4,5,0.0,0.5270214676856995,0.5276,LAA,HOU,0
20260608_MIL@ATH,2026-06-08,ATH,MIL,14,15,0.0,0.5270214676856995,0.5276,ATH,MIL,0
20260608_NYY@CLE,2026-06-08,CLE,NYY,5,7,0.0,0.5291157960891724,0.5305,CLE,NYY,0
20260608_PHI@TOR,2026-06-08,TOR,PHI,2,5,0.0,0.5384611487388611,0.5436,TOR,PHI,0
20260608_SEA@BAL,2026-06-08,BAL,SEA,3,6,0.0,0.5291157960891724,0.5305,BAL,SEA,0
20260608_WSH@SF,2026-06-08,SF,WSH,3,4,0.0,0.5291157960891724,0.5305,SF,WSH,0
20260607_ATH@HOU,2026-06-07,HOU,ATH,0,5,0.0,0.5291157960891724,0.5305,HOU,ATH,0
20260607_BAL@TOR,2026-06-07,TOR,BAL,6,4,1.0,0.5384611487388611,0.5436,TOR,TOR,1
20260607_BOS@NYY,2026-06-07,NYY,BOS,6,1,1.0,0.5291157960891724,0.5305,NYY,NYY,1
20260607_CIN@STL,2026-06-07,STL,CIN,5,3,1.0,0.5291157960891724,0.5305,STL,STL,1
20260607_CLE@TEX,2026-06-07,TEX,CLE,10,0,1.0,0.5291157960891724,0.5305,TEX,TEX,1
20260607_CWS@PHI,2026-06-07,PHI,CWS,9,5,1.0,0.5384611487388611,0.5436,PHI,PHI,1
20260607_KC@MIN,2026-06-07,MIN,KC,5,6,0.0,0.5382449626922607,0.5433,MIN,KC,0
20260607_LAA@LAD,2026-06-07,LAD,LAA,5,13,0.0,0.5382449626922607,0.5433,LAD,LAA,0
20260607_MIL@COL,2026-06-07,COL,MIL,4,12,0.0,0.5270214676856995,0.5276,COL,MIL,0
20260607_NYM@SD,2026-06-07,SD,NYM,3,7,0.0,0.5384611487388611,0.5436,SD,NYM,0
20260607_PIT@ATL,2026-06-07,ATL,PIT,3,2,1.0,0.5291157960891724,0.5305,ATL,ATL,1
20260607_SEA@DET,2026-06-07,DET,SEA,5,4,1.0,0.5291157960891724,0.5305,DET,DET,1
20260607_SF@CHC,2026-06-07,CHC,SF,1,2,0.0,0.5382449626922607,0.5433,CHC,SF,0
20260607_TB@MIA,2026-06-07,MIA,TB,4,1,1.0,0.5147144198417664,0.5103,MIA,MIA,1
20260607_WSH@AZ,2026-06-07,AZ,WSH,5,1,1.0,0.5291157960891724,0.5305,AZ,AZ,1
20260606_ATH@HOU,2026-06-06,HOU,ATH,13,2,1.0,0.5291157960891724,0.5305,HOU,HOU,1
20260606_BAL@TOR,2026-06-06,TOR,BAL,6,4,1.0,0.5384611487388611,0.5436,TOR,TOR,1
20260606_CIN@STL,2026-06-06,STL,CIN,6,5,1.0,0.5291157960891724,0.5305,STL,STL,1
20260606_CLE@TEX,2026-06-06,TEX,CLE,0,6,0.0,0.5291157960891724,0.5305,TEX,CLE,0
20260606_CWS@PHI,2026-06-06,PHI,CWS,3,6,0.0,0.5384611487388611,0.5436,PHI,CWS,0
20260606_KC@MIN,2026-06-06,MIN,KC,2,3,0.0,0.5382449626922607,0.5433,MIN,KC,0
20260606_LAA@LAD,2026-06-06,LAD,LAA,9,2,1.0,0.5382449626922607,0.5433,LAD,LAD,1
20260606_MIL@COL,2026-06-06,COL,MIL,1,7,0.0,0.5147144198417664,0.5103,COL,MIL,0
20260606_NYM@SD,2026-06-06,SD,NYM,3,2,1.0,0.5384611487388611,0.5436,SD,SD,1
20260606_PIT@ATL,2026-06-06,ATL,PIT,6,3,1.0,0.5291157960891724,0.5305,ATL,ATL,1
20260606_SEA@DET,2026-06-06,DET,SEA,0,4,0.0,0.5291157960891724,0.5305,DET,SEA,0
20260606_SF@CHC,2026-06-06,CHC,SF,3,2,1.0,0.5382449626922607,0.5433,CHC,CHC,1
20260606_TB@MIA,2026-06-06,MIA,TB,4,3,1.0,0.5147144198417664,0.5103,MIA,MIA,1
20260606_WSH@AZ,2026-06-06,AZ,WSH,1,6,0.0,0.5291157960891724,0.5305,AZ,WSH,0
20260605_ATH@HOU,2026-06-05,HOU,ATH,5,1,1.0,0.5367568135261536,0.5415,HOU,HOU,1
20260605_BAL@TOR,2026-06-05,TOR,BAL,3,13,0.0,0.5454673171043396,0.5537,TOR,BAL,0
20260605_BOS@NYY,2026-06-05,NYY,BOS,3,5,0.0,0.5294771790504456,0.5313,NYY,BOS,0
20260605_CIN@STL,2026-06-05,STL,CIN,10,3,1.0,0.5472851395606995,0.5562,STL,STL,1
20260605_CLE@TEX,2026-06-05,TEX,CLE,3,2,1.0,0.5160945653915406,0.5125,TEX,TEX,1
20260605_CWS@PHI,2026-06-05,PHI,CWS,8,6,1.0,0.5849155187606812,0.6086,PHI,PHI,1
20260605_KC@MIN,2026-06-05,MIN,KC,5,3,1.0,0.5526227355003357,0.5637,MIN,MIN,1
20260605_LAA@LAD,2026-06-05,LAD,LAA,1,0,1.0,0.6175214052200317,0.653,LAD,LAD,1
20260605_MIL@COL,2026-06-05,COL,MIL,7,9,0.0,0.42004179954528803,0.3983,MIL,MIL,1
20260605_NYM@SD,2026-06-05,SD,NYM,0,5,0.0,0.5227890610694885,0.5219,SD,NYM,0
20260605_PIT@ATL,2026-06-05,ATL,PIT,6,3,1.0,0.5004295110702515,0.5,ATL,ATL,1
20260605_SEA@DET,2026-06-05,DET,SEA,7,3,1.0,0.5471367835998535,0.556,DET,DET,1
20260605_SF@CHC,2026-06-05,CHC,SF,3,18,0.0,0.5757414102554321,0.5959,CHC,SF,0
20260605_TB@MIA,2026-06-05,MIA,TB,0,6,0.0,0.4552911818027497,0.4474,TB,TB,1
20260605_WSH@AZ,2026-06-05,AZ,WSH,1,14,0.0,0.5507609844207764,0.5611,AZ,WSH,0
20260604_ATH@CHC,2026-06-04,CHC,ATH,7,6,1.0,0.5531540513038635,0.5644,CHC,CHC,1
20260604_BAL@BOS,2026-06-04,BOS,BAL,2,8,0.0,0.5536515116691589,0.5651,BOS,BAL,0
20260604_CLE@NYY,2026-06-04,NYY,CLE,2,1,1.0,0.5181184411048889,0.5153,NYY,NYY,1
20260604_KC@MIN,2026-06-04,MIN,KC,6,8,0.0,0.5526227355003357,0.5637,MIN,KC,0
20260604_LAD@AZ,2026-06-04,AZ,LAD,3,2,1.0,0.4796675145626068,0.4816,LAD,AZ,0
20260604_PIT@HOU,2026-06-04,HOU,PIT,1,5,0.0,0.5437159538269042,0.5512,HOU,PIT,0
20260604_SD@PHI,2026-06-04,PHI,SD,6,4,1.0,0.519982635974884,0.5179,PHI,PHI,1
20260604_SF@MIL,2026-06-04,MIL,SF,9,12,0.0,0.6224122047424316,0.6596,MIL,SF,0
20260604_TOR@ATL,2026-06-04,ATL,TOR,2,7,0.0,0.557623565196991,0.5707,ATL,TOR,0
20260603_ATH@CHC,2026-06-03,CHC,ATH,4,5,0.0,0.5647885799407959,0.5807,CHC,ATH,0
20260603_BAL@BOS,2026-06-03,BOS,BAL,8,1,1.0,0.48866260051727295,0.4942,BAL,BOS,0
20260603_CLE@NYY,2026-06-03,NYY,CLE,4,5,0.0,0.5366761684417725,0.5414,NYY,CLE,0
20260603_COL@LAA,2026-06-03,LAA,COL,11,4,1.0,0.5653316378593445,0.5814,LAA,LAA,1
20260603_CWS@MIN,2026-06-03,MIN,CWS,0,8,0.0,0.5820066928863524,0.6045,MIN,CWS,0
20260603_DET@TB,2026-06-03,TB,DET,2,7,0.0,0.5343999862670898,0.5382,TB,DET,0
20260603_KC@CIN,2026-06-03,CIN,KC,2,5,0.0,0.5681227445602417,0.5853,CIN,KC,0
20260603_LAD@AZ,2026-06-03,AZ,LAD,0,7,0.0,0.4521067440509796,0.4429,LAD,LAD,1
20260603_MIA@WSH,2026-06-03,WSH,MIA,1,4,0.0,0.5053520202636719,0.5,WSH,MIA,0
20260603_NYM@SEA,2026-06-03,SEA,NYM,1,7,0.0,0.5384938716888428,0.5439,SEA,NYM,0
20260603_PIT@HOU,2026-06-03,HOU,PIT,11,9,1.0,0.5437159538269042,0.5512,HOU,HOU,1
20260603_SD@PHI,2026-06-03,PHI,SD,3,2,1.0,0.5825356841087341,0.6053,PHI,PHI,1
20260603_SF@MIL,2026-06-03,MIL,SF,0,1,0.0,0.5998229384422302,0.629,MIL,SF,0
20260603_TEX@STL,2026-06-03,STL,TEX,5,3,1.0,0.5629438161849976,0.5781,STL,STL,1
20260603_TOR@ATL,2026-06-03,ATL,TOR,7,3,1.0,0.5584371089935303,0.5718,ATL,ATL,1
20260602_ATH@CHC,2026-06-02,CHC,ATH,1,2,0.0,0.5562258362770081,0.5687,CHC,ATH,0
20260602_BAL@BOS,2026-06-02,BOS,BAL,2,4,0.0,0.4928016662597656,0.5,BAL,BAL,1
20260602_CLE@NYY,2026-06-02,NYY,CLE,4,9,0.0,0.5374963283538818,0.5425,NYY,CLE,0
20260602_COL@LAA,2026-06-02,LAA,COL,2,8,0.0,0.5631989240646362,0.5785,LAA,COL,0
20260602_CWS@MIN,2026-06-02,MIN,CWS,6,4,1.0,0.5654470920562744,0.5816,MIN,MIN,1
20260602_DET@TB,2026-06-02,TB,DET,0,8,0.0,0.56223464012146,0.5771,TB,DET,0
20260602_KC@CIN,2026-06-02,CIN,KC,4,3,1.0,0.5651317834854126,0.5812,CIN,CIN,1
20260602_LAD@AZ,2026-06-02,AZ,LAD,5,6,0.0,0.49150958657264704,0.4982,LAD,LAD,1
20260602_MIA@WSH,2026-06-02,WSH,MIA,3,7,0.0,0.49901840090751654,0.5,MIA,MIA,1
20260602_NYM@SEA,2026-06-02,SEA,NYM,8,3,1.0,0.559514582157135,0.5733,SEA,SEA,1
20260602_PIT@HOU,2026-06-02,HOU,PIT,6,10,0.0,0.5517064929008484,0.5624,HOU,PIT,0
20260602_SD@PHI,2026-06-02,PHI,SD,3,2,1.0,0.5341026186943054,0.5378,PHI,PHI,1
20260602_SF@MIL,2026-06-02,MIL,SF,8,3,1.0,0.6133745312690735,0.6474,MIL,MIL,1
20260602_TEX@STL,2026-06-02,STL,TEX,4,7,0.0,0.563755214214325,0.5792,STL,TEX,0
20260602_TOR@ATL,2026-06-02,ATL,TOR,4,3,1.0,0.5454092621803284,0.5536,ATL,ATL,1
20260601_COL@LAA,2026-06-01,LAA,COL,8,9,0.0,0.5653316378593445,0.5814,LAA,COL,0
20260601_CWS@MIN,2026-06-01,MIN,CWS,9,6,1.0,0.5755834579467773,0.5957,MIN,MIN,1
20260601_DET@TB,2026-06-01,TB,DET,9,10,0.0,0.5422191619873048,0.5491,TB,DET,0
20260601_KC@CIN,2026-06-01,CIN,KC,2,9,0.0,0.5537185668945312,0.5652,CIN,KC,0
20260601_LAD@AZ,2026-06-01,AZ,LAD,4,1,1.0,0.47189694643020635,0.4707,LAD,AZ,0
20260601_MIA@WSH,2026-06-01,WSH,MIA,3,7,0.0,0.5030803680419922,0.5,WSH,MIA,0
20260601_NYM@SEA,2026-06-01,SEA,NYM,3,2,1.0,0.5480718612670898,0.5573,SEA,SEA,1
20260601_SF@MIL,2026-06-01,MIL,SF,16,2,1.0,0.5887851715087891,0.6139,MIL,MIL,1
20260601_TEX@STL,2026-06-01,STL,TEX,1,2,0.0,0.5427646040916443,0.5499,STL,TEX,0
20260531_ATL@CIN,2026-05-31,CIN,ATL,6,4,1.0,0.4762966036796569,0.4768,ATL,CIN,0
20260531_AZ@SEA,2026-05-31,SEA,AZ,3,2,1.0,0.5342935919761658,0.538,SEA,SEA,1
20260531_BOS@CLE,2026-05-31,CLE,BOS,4,9,0.0,0.5268699526786804,0.5276,CLE,BOS,0
20260531_CHC@STL,2026-05-31,STL,CHC,5,1,1.0,0.5586600303649902,0.5721,STL,STL,1
20260531_DET@CWS,2026-05-31,CWS,DET,2,1,1.0,0.5271316170692444,0.528,CWS,CWS,1
20260531_KC@TEX,2026-05-31,TEX,KC,6,3,1.0,0.5599362254142761,0.5739,TEX,TEX,1
20260531_LAA@TB,2026-05-31,TB,LAA,5,2,1.0,0.6122807860374451,0.646,TB,TB,1
20260531_MIA@NYM,2026-05-31,NYM,MIA,10,1,1.0,0.5548009872436523,0.5667,NYM,NYM,1
20260531_MIL@HOU,2026-05-31,HOU,MIL,0,2,0.0,0.49550563097000117,0.5,MIL,MIL,1
20260531_MIN@PIT,2026-05-31,PIT,MIN,9,3,1.0,0.5584205985069274,0.5718,PIT,PIT,1
20260531_NYY@ATH,2026-05-31,ATH,NYY,8,13,0.0,0.40245732665061956,0.3741,NYY,NYY,1
20260531_PHI@LAD,2026-05-31,LAD,PHI,9,1,1.0,0.5568894743919373,0.5697,LAD,LAD,1
20260531_SD@WSH,2026-05-31,WSH,SD,4,2,1.0,0.5062550902366638,0.5,WSH,WSH,1
20260531_SF@COL,2026-05-31,COL,SF,6,19,0.0,0.5045440793037415,0.5,COL,SF,0
20260531_TOR@BAL,2026-05-31,BAL,TOR,9,5,1.0,0.5149533152580261,0.5109,BAL,BAL,1
20260530_ATL@CIN,2026-05-30,CIN,ATL,2,5,0.0,0.47648835182189947,0.4771,ATL,ATL,1
20260530_AZ@SEA,2026-05-30,SEA,AZ,5,1,1.0,0.526267945766449,0.5268,SEA,SEA,1
20260530_BOS@CLE,2026-05-30,CLE,BOS,1,9,0.0,0.5619845390319825,0.5768,CLE,BOS,0
20260530_CHC@STL,2026-05-30,STL,CHC,1,6,0.0,0.5304370522499084,0.5326,STL,CHC,0
20260530_DET@CWS,2026-05-30,CWS,DET,7,1,1.0,0.5271316170692444,0.528,CWS,CWS,1
20260530_KC@TEX,2026-05-30,TEX,KC,7,6,1.0,0.5599362254142761,0.5739,TEX,TEX,1
20260530_LAA@TB,2026-05-30,TB,LAA,3,14,0.0,0.6191647052764893,0.6553,TB,LAA,0
20260530_MIA@NYM,2026-05-30,NYM,MIA,6,1,1.0,0.5627449154853821,0.5778,NYM,NYM,1
20260530_MIL@HOU,2026-05-30,HOU,MIL,9,2,1.0,0.4761988222599029,0.4767,MIL,HOU,0
20260530_MIN@PIT,2026-05-30,PIT,MIN,10,9,1.0,0.5679168701171875,0.585,PIT,PIT,1
20260530_NYY@ATH,2026-05-30,ATH,NYY,6,4,1.0,0.43392318487167364,0.4175,NYY,ATH,0
20260530_PHI@LAD,2026-05-30,LAD,PHI,3,4,0.0,0.5454339385032654,0.5536,LAD,PHI,0
20260530_SD@WSH,2026-05-30,WSH,SD,9,4,1.0,0.48021385073661804,0.4824,SD,WSH,0
20260530_SF@COL,2026-05-30,COL,SF,8,3,1.0,0.4985421597957611,0.5,SF,COL,0
20260530_TOR@BAL,2026-05-30,BAL,TOR,6,5,1.0,0.5124942064285278,0.5074,BAL,BAL,1
20260529_ATL@CIN,2026-05-29,CIN,ATL,3,8,0.0,0.42701208591461176,0.4083,ATL,ATL,1
20260529_AZ@SEA,2026-05-29,SEA,AZ,7,6,1.0,0.5981935262680054,0.626,SEA,SEA,1
20260529_BOS@CLE,2026-05-29,CLE,BOS,4,3,1.0,0.5544560551643372,0.5662,CLE,CLE,1
20260529_CHC@STL,2026-05-29,STL,CHC,6,5,1.0,0.5293662548065186,0.5316,STL,STL,1
20260529_DET@CWS,2026-05-29,CWS,DET,4,3,1.0,0.45594027638435364,0.4481,DET,CWS,0
20260529_KC@TEX,2026-05-29,TEX,KC,9,1,1.0,0.6196396350860596,0.6547,TEX,TEX,1
20260529_LAA@TB,2026-05-29,TB,LAA,8,5,1.0,0.7916186451911927,0.8598,TB,TB,1
20260529_MIA@NYM,2026-05-29,NYM,MIA,9,7,1.0,0.6360431909561157,0.6764,NYM,NYM,1
20260529_MIL@HOU,2026-05-29,HOU,MIL,4,5,0.0,0.42735579609870905,0.4088,MIL,MIL,1
20260529_MIN@PIT,2026-05-29,PIT,MIN,6,5,1.0,0.4602054357528687,0.454,MIN,PIT,0
20260529_NYY@ATH,2026-05-29,ATH,NYY,2,8,0.0,0.4405547380447387,0.4269,NYY,NYY,1
20260529_PHI@LAD,2026-05-29,LAD,PHI,4,2,1.0,0.6540654897689819,0.6998,LAD,LAD,1
20260529_SD@WSH,2026-05-29,WSH,SD,5,7,0.0,0.39218586683273315,0.3611,SD,SD,1
20260529_SF@COL,2026-05-29,COL,SF,8,6,1.0,0.4462342262268067,0.4347,SF,COL,0
20260529_TOR@BAL,2026-05-29,BAL,TOR,5,6,0.0,0.5541897416114807,0.5659,BAL,TOR,0
20260528_ATL@BOS,2026-05-28,BOS,ATL,2,10,0.0,0.5247993469238281,0.5252,BOS,ATL,0
20260528_CHC@PIT,2026-05-28,PIT,CHC,2,7,0.0,0.45990270376205444,0.4536,CHC,CHC,1
20260528_HOU@TEX,2026-05-28,TEX,HOU,1,5,0.0,0.5169246196746827,0.5143,TEX,HOU,0
20260528_LAA@DET,2026-05-28,DET,LAA,1,7,0.0,0.5123529434204102,0.508,DET,LAA,0
20260528_MIN@CWS,2026-05-28,CWS,MIN,6,2,1.0,0.5553507208824158,0.5675,CWS,CWS,1
20260528_TOR@BAL,2026-05-28,BAL,TOR,1,2,0.0,0.5104390978813171,0.5053,BAL,TOR,0
20260527_ATL@BOS,2026-05-27,BOS,ATL,8,0,1.0,0.5894699692726135,0.6142,BOS,BOS,1
20260527_AZ@SF,2026-05-27,SF,AZ,2,3,0.0,0.47625499963760376,0.4762,AZ,AZ,1
20260527_CHC@PIT,2026-05-27,PIT,CHC,4,10,0.0,0.38911375403404236,0.3569,CHC,CHC,1
20260527_CIN@NYM,2026-05-27,NYM,CIN,4,2,1.0,0.5762149095535278,0.5961,NYM,NYM,1
20260527_COL@LAD,2026-05-27,LAD,COL,4,1,1.0,0.8339739441871644,0.9003,LAD,LAD,1
20260527_HOU@TEX,2026-05-27,TEX,HOU,3,4,0.0,0.5595539808273315,0.5733,TEX,HOU,0
20260527_LAA@DET,2026-05-27,DET,LAA,4,0,1.0,0.631404161453247,0.6703,DET,DET,1
20260527_MIA@TOR,2026-05-27,TOR,MIA,2,1,1.0,0.5655481815338135,0.5815,TOR,TOR,1
20260527_MIN@CWS,2026-05-27,CWS,MIN,15,2,1.0,0.47676089406013483,0.4769,MIN,CWS,0
20260527_NYY@KC,2026-05-27,KC,NYY,0,7,0.0,0.3352321386337281,0.2865,NYY,NYY,1
20260527_PHI@SD,2026-05-27,SD,PHI,0,3,0.0,0.4439245462417602,0.4315,PHI,PHI,1
20260527_SEA@ATH,2026-05-27,ATH,SEA,1,9,0.0,0.48295012116432184,0.4855,SEA,SEA,1
20260527_STL@MIL,2026-05-27,MIL,STL,2,1,1.0,0.6086326837539673,0.64,MIL,MIL,1
20260527_TB@BAL,2026-05-27,BAL,TB,11,2,1.0,0.6586065888404847,0.7056,BAL,BAL,1
20260527_WSH@CLE,2026-05-27,CLE,WSH,3,2,1.0,0.6937105059623718,0.7496,CLE,CLE,1
20260526_ATL@BOS,2026-05-26,BOS,ATL,6,7,0.0,0.5046295523643494,0.5,BOS,ATL,0
20260526_AZ@SF,2026-05-26,SF,AZ,5,7,0.0,0.3888795077800751,0.3566,AZ,AZ,1
20260526_CHC@PIT,2026-05-26,PIT,CHC,12,1,1.0,0.4362345039844513,0.4209,CHC,PIT,0
20260526_CIN@NYM,2026-05-26,NYM,CIN,2,7,0.0,0.48688963055610657,0.491,CIN,CIN,1
20260526_COL@LAD,2026-05-26,LAD,COL,15,6,1.0,0.8543538451194763,0.918,LAD,LAD,1
20260526_HOU@TEX,2026-05-26,TEX,HOU,10,7,1.0,0.521639347076416,0.5209,TEX,TEX,1
20260526_LAA@DET,2026-05-26,DET,LAA,6,10,0.0,0.6242266297340392,0.6608,DET,LAA,0
20260526_MIA@TOR,2026-05-26,TOR,MIA,8,1,1.0,0.5520171523094177,0.5629,TOR,TOR,1
20260526_MIN@CWS,2026-05-26,CWS,MIN,3,5,0.0,0.48035773634910583,0.4819,MIN,MIN,1
20260526_NYY@KC,2026-05-26,KC,NYY,1,15,0.0,0.3501949608325958,0.3057,NYY,NYY,1
20260526_PHI@SD,2026-05-26,SD,PHI,3,4,0.0,0.5674595236778259,0.5841,SD,PHI,0
20260526_SEA@ATH,2026-05-26,ATH,SEA,1,4,0.0,0.5015222430229187,0.5,ATH,SEA,0
20260526_STL@MIL,2026-05-26,MIL,STL,6,0,1.0,0.5529139637947083,0.5641,MIL,MIL,1
20260526_TB@BAL,2026-05-26,BAL,TB,6,1,1.0,0.5889416337013245,0.6135,BAL,BAL,1
20260526_WSH@CLE,2026-05-26,CLE,WSH,3,6,0.0,0.6058570146560669,0.6363,CLE,WSH,0
20260525_AZ@SF,2026-05-25,SF,AZ,2,6,0.0,0.5149784088134766,0.5116,SF,AZ,0
20260525_CHC@PIT,2026-05-25,PIT,CHC,2,1,1.0,0.3454260528087616,0.2995,CHC,PIT,0
20260525_CIN@NYM,2026-05-25,NYM,CIN,2,7,0.0,0.5079225897789001,0.5018,NYM,CIN,0
20260525_COL@LAD,2026-05-25,LAD,COL,5,3,1.0,0.7818150520324706,0.8497,LAD,LAD,1
20260525_HOU@TEX,2026-05-25,TEX,HOU,0,9,0.0,0.6076673269271851,0.6387,TEX,HOU,0
20260525_MIA@TOR,2026-05-25,TOR,MIA,2,8,0.0,0.5484281182289124,0.5579,TOR,MIA,0
20260525_MIN@CWS,2026-05-25,CWS,MIN,3,1,1.0,0.4380365312099457,0.4234,MIN,CWS,0
20260525_NYY@KC,2026-05-25,KC,NYY,3,4,0.0,0.38745740056037903,0.3547,NYY,NYY,1
20260525_PHI@SD,2026-05-25,SD,PHI,0,3,0.0,0.5030524730682373,0.5,SD,PHI,0
20260525_SEA@ATH,2026-05-25,ATH,SEA,2,9,0.0,0.5075273513793945,0.5013,ATH,SEA,0
20260525_STL@MIL,2026-05-25,MIL,STL,5,1,1.0,0.5544726848602295,0.5663,MIL,MIL,1
20260525_TB@BAL,2026-05-25,BAL,TB,9,7,1.0,0.503030002117157,0.5,BAL,BAL,1
20260525_WSH@CLE,2026-05-25,CLE,WSH,2,10,0.0,0.6901108622550963,0.7452,CLE,WSH,0
20260524_ATH@SD,2026-05-24,SD,ATH,2,5,0.0,0.49150165915489197,0.4974,ATH,ATH,1
20260524_CLE@PHI,2026-05-24,PHI,CLE,1,3,0.0,0.45670202374458313,0.4492,CLE,CLE,1
20260524_COL@AZ,2026-05-24,AZ,COL,9,1,1.0,0.6871360540390015,0.7416,AZ,AZ,1
20260524_CWS@SF,2026-05-24,SF,CWS,8,5,1.0,0.5888688564300537,0.6134,SF,SF,1
20260524_DET@BAL,2026-05-24,BAL,DET,1,4,0.0,0.43523970246315,0.4196,DET,DET,1
20260524_DET@BAL,2026-05-24,BAL,DET,5,3,1.0,0.4599111378192901,0.4536,DET,BAL,0
20260524_HOU@CHC,2026-05-24,CHC,HOU,5,8,0.0,0.491402417421341,0.4972,HOU,HOU,1
20260524_LAD@MIL,2026-05-24,MIL,LAD,1,5,0.0,0.5943484306335449,0.6208,MIL,LAD,0
20260524_MIN@BOS,2026-05-24,BOS,MIN,5,6,0.0,0.5482217669487,0.5576,BOS,MIN,0
20260524_NYM@MIA,2026-05-24,MIA,NYM,4,0,1.0,0.5507282018661499,0.5611,MIA,MIA,1
20260524_PIT@TOR,2026-05-24,TOR,PIT,1,4,0.0,0.7330644726753236,0.7964,TOR,PIT,0
20260524_SEA@KC,2026-05-24,KC,SEA,8,6,1.0,0.48365929722785955,0.4865,SEA,KC,0
20260524_TB@NYY,2026-05-24,NYY,TB,2,0,1.0,0.657607913017273,0.7044,NYY,NYY,1
20260524_TEX@LAA,2026-05-24,LAA,TEX,2,1,1.0,0.41625031828880305,0.3936,TEX,LAA,0
20260524_WSH@ATL,2026-05-24,ATL,WSH,1,2,0.0,0.6497825384140015,0.6943,ATL,WSH,0
20260523_ATH@SD,2026-05-23,SD,ATH,2,0,1.0,0.5882719159126282,0.6126,SD,SD,1
20260523_CLE@PHI,2026-05-23,PHI,CLE,3,0,1.0,0.470942884683609,0.4689,CLE,PHI,0
20260523_COL@AZ,2026-05-23,AZ,COL,5,4,1.0,0.7171981930732728,0.7779,AZ,AZ,1
20260523_CWS@SF,2026-05-23,SF,CWS,10,3,1.0,0.5758845806121826,0.5957,SF,SF,1
20260523_HOU@CHC,2026-05-23,CHC,HOU,0,3,0.0,0.5566191077232361,0.5692,CHC,HOU,0
20260523_LAD@MIL,2026-05-23,MIL,LAD,3,11,0.0,0.6309364438056946,0.6697,MIL,LAD,0
20260523_MIN@BOS,2026-05-23,BOS,MIN,2,4,0.0,0.43815821409225464,0.4236,MIN,MIN,1
20260523_NYM@MIA,2026-05-23,MIA,NYM,4,1,1.0,0.501642107963562,0.5,MIA,MIA,1
20260523_PIT@TOR,2026-05-23,TOR,PIT,5,2,1.0,0.5437229871749878,0.5514,TOR,TOR,1
20260523_SEA@KC,2026-05-23,KC,SEA,5,0,1.0,0.5642557144165039,0.5797,KC,KC,1
20260523_STL@CIN,2026-05-23,CIN,STL,1,8,0.0,0.4095351994037629,0.3845,STL,STL,1
20260523_STL@CIN,2026-05-23,CIN,STL,7,6,1.0,0.6546188592910767,0.7005,CIN,CIN,1
20260523_TEX@LAA,2026-05-23,LAA,TEX,5,2,1.0,0.4697490334510804,0.4672,TEX,LAA,0
20260523_WSH@ATL,2026-05-23,ATL,WSH,0,2,0.0,0.5727072358131409,0.5913,ATL,WSH,0
20260522_ATH@SD,2026-05-22,SD,ATH,7,3,1.0,0.5433127880096436,0.5514,SD,SD,1
20260522_CLE@PHI,2026-05-22,PHI,CLE,0,1,0.0,0.5511358380317688,0.5623,PHI,CLE,0
20260522_COL@AZ,2026-05-22,AZ,COL,2,3,0.0,0.6470137238502502,0.6915,AZ,COL,0
20260522_CWS@SF,2026-05-22,SF,CWS,4,9,0.0,0.5683941841125488,0.586,SF,CWS,0
20260522_DET@BAL,2026-05-22,BAL,DET,7,4,1.0,0.5365429520606995,0.542,BAL,BAL,1
20260522_HOU@CHC,2026-05-22,CHC,HOU,2,4,0.0,0.5671811103820801,0.5844,CHC,HOU,0
20260522_LAD@MIL,2026-05-22,MIL,LAD,5,1,1.0,0.5170460343360901,0.515,MIL,MIL,1
20260522_MIN@BOS,2026-05-22,BOS,MIN,6,8,0.0,0.531673789024353,0.5353,BOS,MIN,0
20260522_NYM@MIA,2026-05-22,MIA,NYM,2,1,1.0,0.4635539650917054,0.4581,NYM,MIA,0
20260522_PIT@TOR,2026-05-22,TOR,PIT,6,2,1.0,0.57794189453125,0.5991,TOR,TOR,1
20260522_SEA@KC,2026-05-22,KC,SEA,0,2,0.0,0.516009271144867,0.5135,KC,SEA,0
20260522_TB@NYY,2026-05-22,NYY,TB,2,4,0.0,0.5496559143066406,0.5602,NYY,TB,0
20260522_TEX@LAA,2026-05-22,LAA,TEX,9,6,1.0,0.43476030230522156,0.4183,TEX,LAA,0
20260522_WSH@ATL,2026-05-22,ATL,WSH,5,4,1.0,0.5992456674575806,0.6281,ATL,ATL,1
20260521_ATH@LAA,2026-05-21,LAA,ATH,2,3,0.0,0.42019203305244446,0.3983,ATH,ATH,1
20260521_ATL@MIA,2026-05-21,MIA,ATL,3,9,0.0,0.496970534324646,0.5,ATL,ATL,1
20260521_CLE@DET,2026-05-21,DET,CLE,1,3,0.0,0.504772961139679,0.5,DET,CLE,0
20260521_COL@AZ,2026-05-21,AZ,COL,2,1,1.0,0.6507914662361145,0.6963,AZ,AZ,1
20260521_NYM@WSH,2026-05-21,WSH,NYM,1,2,0.0,0.4717871844768524,0.4695,NYM,NYM,1
20260521_PIT@STL,2026-05-21,STL,PIT,2,6,0.0,0.5736241936683655,0.5932,STL,PIT,0
20260521_TOR@NYY,2026-05-21,NYY,TOR,0,2,0.0,0.5877771973609924,0.6125,NYY,TOR,0
20260520_ATH@LAA,2026-05-20,LAA,ATH,5,6,0.0,0.46449604630470276,0.4594,ATH,ATH,1
20260520_ATL@MIA,2026-05-20,MIA,ATL,1,9,0.0,0.41772639751434326,0.395,ATL,ATL,1
20260520_BAL@TB,2026-05-20,TB,BAL,5,3,1.0,0.5599344968795776,0.5744,TB,TB,1
20260520_BOS@KC,2026-05-20,KC,BOS,3,4,0.0,0.5142112374305725,0.511,KC,BOS,0
20260520_CIN@PHI,2026-05-20,PHI,CIN,4,9,0.0,0.5536083579063416,0.5657,PHI,CIN,0
20260520_CLE@DET,2026-05-20,DET,CLE,2,3,0.0,0.4946156442165374,0.5,CLE,CLE,1
20260520_CWS@SEA,2026-05-20,SEA,CWS,5,4,1.0,0.6411945819854736,0.6839,SEA,SEA,1
20260520_HOU@MIN,2026-05-20,MIN,HOU,4,1,1.0,0.4822576642036438,0.4841,HOU,MIN,0
20260520_LAD@SD,2026-05-20,SD,LAD,0,4,0.0,0.5141167640686035,0.5109,SD,LAD,0
20260520_MIL@CHC,2026-05-20,CHC,MIL,0,5,0.0,0.4969963729381561,0.5,MIL,MIL,1
20260520_NYM@WSH,2026-05-20,WSH,NYM,8,4,1.0,0.4774603545665741,0.4774,NYM,WSH,0
20260520_PIT@STL,2026-05-20,STL,PIT,0,7,0.0,0.5841466784477234,0.6076,STL,PIT,0
20260520_SF@AZ,2026-05-20,AZ,SF,6,3,1.0,0.5212783813476562,0.5209,AZ,AZ,1
20260520_TEX@COL,2026-05-20,COL,TEX,4,5,0.0,0.4588042497634888,0.4515,TEX,TEX,1
20260520_TOR@NYY,2026-05-20,NYY,TOR,1,2,0.0,0.5646288394927979,0.5809,NYY,TOR,0
20260519_ATH@LAA,2026-05-19,LAA,ATH,6,14,0.0,0.4650855660438537,0.4602,ATH,ATH,1
20260519_ATL@MIA,2026-05-19,MIA,ATL,4,8,0.0,0.41235616803169256,0.3876,ATL,ATL,1
20260519_BAL@TB,2026-05-19,TB,BAL,4,1,1.0,0.5541235208511353,0.5664,TB,TB,1
20260519_BOS@KC,2026-05-19,KC,BOS,1,7,0.0,0.5196499824523926,0.5186,KC,BOS,0
20260519_CIN@PHI,2026-05-19,PHI,CIN,1,4,0.0,0.560563325881958,0.5753,PHI,CIN,0
20260519_CLE@DET,2026-05-19,DET,CLE,3,4,0.0,0.4781076312065124,0.4783,CLE,CLE,1
20260519_CWS@SEA,2026-05-19,SEA,CWS,1,2,0.0,0.6115219593048096,0.6446,SEA,CWS,0
20260519_HOU@MIN,2026-05-19,MIN,HOU,1,2,0.0,0.4724189937114716,0.4704,HOU,HOU,1
20260519_LAD@SD,2026-05-19,SD,LAD,4,5,0.0,0.5198062062263489,0.5188,SD,LAD,0
20260519_MIL@CHC,2026-05-19,CHC,MIL,2,5,0.0,0.5268630981445312,0.5286,CHC,MIL,0
20260519_NYM@WSH,2026-05-19,WSH,NYM,9,6,1.0,0.48488020896911616,0.4877,NYM,WSH,0
20260519_PIT@STL,2026-05-19,STL,PIT,9,6,1.0,0.5921902060508728,0.6185,STL,STL,1
20260519_SF@AZ,2026-05-19,AZ,SF,5,3,1.0,0.5431424975395203,0.5512,AZ,AZ,1
20260519_TEX@COL,2026-05-19,COL,TEX,0,10,0.0,0.4538839161396026,0.4447,TEX,TEX,1
20260519_TOR@NYY,2026-05-19,NYY,TOR,5,4,1.0,0.5188851952552795,0.5175,NYY,NYY,1
20260518_ATH@LAA,2026-05-18,LAA,ATH,2,1,1.0,0.4446539282798767,0.4319,ATH,LAA,0
20260518_ATL@MIA,2026-05-18,MIA,ATL,12,0,1.0,0.44877442717552185,0.4376,ATL,MIA,0
20260518_BAL@TB,2026-05-18,TB,BAL,16,6,1.0,0.5731671452522278,0.5926,TB,TB,1
20260518_BOS@KC,2026-05-18,KC,BOS,1,3,0.0,0.5031242966651917,0.5,KC,BOS,0
20260518_CIN@PHI,2026-05-18,PHI,CIN,5,4,1.0,0.5615284442901611,0.5766,PHI,PHI,1
20260518_CLE@DET,2026-05-18,DET,CLE,2,8,0.0,0.5277050137519836,0.5298,DET,CLE,0
20260518_CWS@SEA,2026-05-18,SEA,CWS,6,1,1.0,0.6259327530860901,0.6638,SEA,SEA,1
20260518_HOU@MIN,2026-05-18,MIN,HOU,6,3,1.0,0.5077324509620667,0.502,MIN,MIN,1
20260518_LAD@SD,2026-05-18,SD,LAD,1,0,1.0,0.5362745523452759,0.5417,SD,SD,1
20260518_MIL@CHC,2026-05-18,CHC,MIL,3,9,0.0,0.5379959344863892,0.5441,CHC,MIL,0
20260518_NYM@WSH,2026-05-18,WSH,NYM,7,16,0.0,0.4829823672771454,0.4851,NYM,NYM,1
20260518_SF@AZ,2026-05-18,AZ,SF,12,2,1.0,0.5514538288116455,0.5627,AZ,AZ,1
20260518_TEX@COL,2026-05-18,COL,TEX,7,6,1.0,0.4955269992351532,0.5,TEX,COL,0
20260518_TOR@NYY,2026-05-18,NYY,TOR,7,6,1.0,0.5500021576881409,0.5607,NYY,NYY,1
20260517_AZ@COL,2026-05-17,COL,AZ,6,8,0.0,0.4556683301925659,0.4472,AZ,AZ,1
20260517_BAL@WSH,2026-05-17,WSH,BAL,3,7,0.0,0.4383894801139832,0.4233,BAL,BAL,1
20260517_BOS@ATL,2026-05-17,ATL,BOS,8,1,1.0,0.5680736899375916,0.5856,ATL,ATL,1
20260517_CHC@CWS,2026-05-17,CWS,CHC,9,8,1.0,0.5048437714576721,0.5,CWS,CWS,1
20260517_CIN@CLE,2026-05-17,CLE,CIN,10,3,1.0,0.5459201335906982,0.555,CLE,CLE,1
20260517_KC@STL,2026-05-17,STL,KC,0,2,0.0,0.5750530958175659,0.5952,STL,KC,0
20260517_LAD@LAA,2026-05-17,LAA,LAD,1,10,0.0,0.4277691543102265,0.4087,LAD,LAD,1
20260517_MIA@TB,2026-05-17,TB,MIA,6,3,1.0,0.5545228719711304,0.5669,TB,TB,1
20260517_MIL@MIN,2026-05-17,MIN,MIL,5,4,1.0,0.4343969821929932,0.4178,MIL,MIN,0
20260517_NYY@NYM,2026-05-17,NYM,NYY,7,6,1.0,0.5365288853645325,0.542,NYM,NYM,1
20260517_PHI@PIT,2026-05-17,PIT,PHI,0,6,0.0,0.49862477183341974,0.5,PHI,PHI,1
20260517_SD@SEA,2026-05-17,SEA,SD,3,8,0.0,0.521708607673645,0.5215,SEA,SD,0
20260517_SF@ATH,2026-05-17,ATH,SF,1,10,0.0,0.5395086407661438,0.5462,ATH,SF,0
20260517_TEX@HOU,2026-05-17,HOU,TEX,0,8,0.0,0.5627627372741699,0.5783,HOU,TEX,0
20260517_TOR@DET,2026-05-17,DET,TOR,1,4,0.0,0.5834435820579529,0.6066,DET,TOR,0
20260516_AZ@COL,2026-05-16,COL,AZ,4,2,1.0,0.45601129531860357,0.4476,AZ,COL,0
20260516_BAL@WSH,2026-05-16,WSH,BAL,13,3,1.0,0.462069034576416,0.456,BAL,WSH,0
20260516_BOS@ATL,2026-05-16,ATL,BOS,2,3,0.0,0.5058740973472595,0.5,ATL,BOS,0
20260516_CHC@CWS,2026-05-16,CWS,CHC,8,3,1.0,0.4933436512947082,0.4995,CHC,CWS,0
20260516_CIN@CLE,2026-05-16,CLE,CIN,7,4,1.0,0.56379234790802,0.5797,CLE,CLE,1
20260516_KC@STL,2026-05-16,STL,KC,4,2,1.0,0.6026533842086792,0.6327,STL,STL,1
20260516_LAD@LAA,2026-05-16,LAA,LAD,2,15,0.0,0.4643491208553314,0.4592,LAD,LAD,1
20260516_MIA@TB,2026-05-16,TB,MIA,5,10,0.0,0.5771383047103882,0.598,TB,MIA,0
20260516_MIL@MIN,2026-05-16,MIN,MIL,1,2,0.0,0.46250796318054194,0.4566,MIL,MIL,1
20260516_NYY@NYM,2026-05-16,NYM,NYY,6,3,1.0,0.5438020825386047,0.5521,NYM,NYM,1
20260516_PHI@PIT,2026-05-16,PIT,PHI,0,6,0.0,0.4816268086433411,0.4832,PHI,PHI,1
20260516_SD@SEA,2026-05-16,SEA,SD,4,7,0.0,0.52851402759552,0.5309,SEA,SD,0
20260516_SF@ATH,2026-05-16,ATH,SF,4,6,0.0,0.5558491349220276,0.5688,ATH,SF,0
20260516_TEX@HOU,2026-05-16,HOU,TEX,4,1,1.0,0.5341618061065674,0.5387,HOU,HOU,1
20260516_TOR@DET,2026-05-16,DET,TOR,1,2,0.0,0.5575833320617676,0.5712,DET,TOR,0
20260515_AZ@COL,2026-05-15,COL,AZ,1,9,0.0,0.52253657579422,0.5212,COL,AZ,0
20260515_BAL@WSH,2026-05-15,WSH,BAL,3,2,1.0,0.5102867484092712,0.5041,WSH,WSH,1
20260515_BOS@ATL,2026-05-15,ATL,BOS,3,2,1.0,0.5709351897239685,0.5885,ATL,ATL,1
20260515_CHC@CWS,2026-05-15,CWS,CHC,5,10,0.0,0.5102867484092712,0.5041,CWS,CHC,0
20260515_CIN@CLE,2026-05-15,CLE,CIN,6,7,0.0,0.5321371555328369,0.5346,CLE,CIN,0
20260515_KC@STL,2026-05-15,STL,KC,5,4,1.0,0.5215117931365967,0.5198,STL,STL,1
20260515_LAD@LAA,2026-05-15,LAA,LAD,0,6,0.0,0.52253657579422,0.5212,LAA,LAD,0
20260515_MIA@TB,2026-05-15,TB,MIA,7,2,1.0,0.5321371555328369,0.5346,TB,TB,1
20260515_MIL@MIN,2026-05-15,MIN,MIL,2,3,0.0,0.5321371555328369,0.5346,MIN,MIL,0
20260515_NYY@NYM,2026-05-15,NYM,NYY,2,5,0.0,0.5306314826011658,0.5325,NYM,NYY,0
20260515_PHI@PIT,2026-05-15,PIT,PHI,9,11,0.0,0.5321371555328369,0.5346,PIT,PHI,0
20260515_SD@SEA,2026-05-15,SEA,SD,0,2,0.0,0.5412325263023378,0.5473,SEA,SD,0
20260515_SF@ATH,2026-05-15,ATH,SF,5,2,1.0,0.52253657579422,0.5212,ATH,ATH,1
20260515_TEX@HOU,2026-05-15,HOU,TEX,2,0,1.0,0.5321371555328369,0.5346,HOU,HOU,1
20260515_TOR@DET,2026-05-15,DET,TOR,3,2,1.0,0.5321371555328369,0.5346,DET,DET,1
20260514_CHC@ATL,2026-05-14,ATL,CHC,0,2,0.0,0.5321371555328369,0.5346,ATL,CHC,0
20260514_COL@PIT,2026-05-14,PIT,COL,7,2,1.0,0.5563151836395264,0.5683,PIT,PIT,1
20260514_DET@NYM,2026-05-14,NYM,DET,9,4,1.0,0.5412325263023378,0.5473,NYM,NYM,1
20260514_KC@CWS,2026-05-14,CWS,KC,6,2,1.0,0.5102867484092712,0.5041,CWS,CWS,1
20260514_MIA@MIN,2026-05-14,MIN,MIA,9,1,1.0,0.5321371555328369,0.5346,MIN,MIN,1
20260514_PHI@BOS,2026-05-14,BOS,PHI,1,3,0.0,0.5321371555328369,0.5346,BOS,PHI,0
20260514_SD@MIL,2026-05-14,MIL,SD,7,1,1.0,0.5412325263023378,0.5473,MIL,MIL,1
20260514_SEA@HOU,2026-05-14,HOU,SEA,3,8,0.0,0.5321371555328369,0.5346,HOU,SEA,0
20260514_SF@LAD,2026-05-14,LAD,SF,5,2,1.0,0.5563151836395264,0.5683,LAD,LAD,1
20260514_STL@ATH,2026-05-14,ATH,STL,4,5,0.0,0.52253657579422,0.5212,ATH,STL,0
20260514_WSH@CIN,2026-05-14,CIN,WSH,15,1,1.0,0.5321371555328369,0.5346,CIN,CIN,1
20260513_AZ@TEX,2026-05-13,TEX,AZ,6,5,1.0,0.5321371555328369,0.5346,TEX,TEX,1
20260513_CHC@ATL,2026-05-13,ATL,CHC,4,1,1.0,0.5321371555328369,0.5346,ATL,ATL,1
20260513_COL@PIT,2026-05-13,PIT,COL,4,10,0.0,0.5563151836395264,0.5683,PIT,COL,0
20260513_DET@NYM,2026-05-13,NYM,DET,3,2,1.0,0.5412325263023378,0.5473,NYM,NYM,1
20260513_KC@CWS,2026-05-13,CWS,KC,6,5,1.0,0.5102867484092712,0.5041,CWS,CWS,1
20260513_LAA@CLE,2026-05-13,CLE,LAA,4,2,1.0,0.5563151836395264,0.5683,CLE,CLE,1
20260513_MIA@MIN,2026-05-13,MIN,MIA,5,9,0.0,0.5321371555328369,0.5346,MIN,MIA,0
20260513_NYY@BAL,2026-05-13,BAL,NYY,7,0,1.0,0.5321371555328369,0.5346,BAL,BAL,1
20260513_PHI@BOS,2026-05-13,BOS,PHI,3,1,1.0,0.5321371555328369,0.5346,BOS,BOS,1
20260513_SD@MIL,2026-05-13,MIL,SD,1,3,0.0,0.5412325263023378,0.5473,MIL,SD,0
20260513_SEA@HOU,2026-05-13,HOU,SEA,4,3,1.0,0.5321371555328369,0.5346,HOU,HOU,1
20260513_SF@LAD,2026-05-13,LAD,SF,4,0,1.0,0.5412325263023378,0.5473,LAD,LAD,1
20260513_STL@ATH,2026-05-13,ATH,STL,6,2,1.0,0.52253657579422,0.5212,ATH,ATH,1
20260513_TB@TOR,2026-05-13,TOR,TB,5,3,1.0,0.5412325263023378,0.5473,TOR,TOR,1
20260513_WSH@CIN,2026-05-13,CIN,WSH,7,8,0.0,0.5321371555328369,0.5346,CIN,WSH,0
20260512_AZ@TEX,2026-05-12,TEX,AZ,7,4,1.0,0.5321371555328369,0.5346,TEX,TEX,1
20260512_CHC@ATL,2026-05-12,ATL,CHC,5,2,1.0,0.5321371555328369,0.5346,ATL,ATL,1
20260512_COL@PIT,2026-05-12,PIT,COL,3,1,1.0,0.5563151836395264,0.5683,PIT,PIT,1
20260512_DET@NYM,2026-05-12,NYM,DET,10,2,1.0,0.5412325263023378,0.5473,NYM,NYM,1
20260512_KC@CWS,2026-05-12,CWS,KC,6,5,1.0,0.5102867484092712,0.5041,CWS,CWS,1
20260512_LAA@CLE,2026-05-12,CLE,LAA,3,2,1.0,0.5563151836395264,0.5683,CLE,CLE,1
20260512_MIA@MIN,2026-05-12,MIN,MIA,3,0,1.0,0.5321371555328369,0.5346,MIN,MIN,1
20260512_NYY@BAL,2026-05-12,BAL,NYY,2,6,0.0,0.5215117931365967,0.5198,BAL,NYY,0
20260512_PHI@BOS,2026-05-12,BOS,PHI,1,2,0.0,0.5321371555328369,0.5346,BOS,PHI,0
20260512_SD@MIL,2026-05-12,MIL,SD,6,4,1.0,0.5412325263023378,0.5473,MIL,MIL,1
20260512_SEA@HOU,2026-05-12,HOU,SEA,2,10,0.0,0.5321371555328369,0.5346,HOU,SEA,0
20260512_SF@LAD,2026-05-12,LAD,SF,2,6,0.0,0.5563151836395264,0.5683,LAD,SF,0
20260512_STL@ATH,2026-05-12,ATH,STL,4,6,0.0,0.52253657579422,0.5212,ATH,STL,0
20260512_TB@TOR,2026-05-12,TOR,TB,6,7,0.0,0.5412325263023378,0.5473,TOR,TB,0
20260512_WSH@CIN,2026-05-12,CIN,WSH,4,10,0.0,0.5321371555328369,0.5346,CIN,WSH,0
20260511_AZ@TEX,2026-05-11,TEX,AZ,0,1,0.0,0.5321371555328369,0.5346,TEX,AZ,0
20260511_LAA@CLE,2026-05-11,CLE,LAA,7,2,1.0,0.5563151836395264,0.5683,CLE,CLE,1
20260511_NYY@BAL,2026-05-11,BAL,NYY,3,2,1.0,0.5321371555328369,0.5346,BAL,BAL,1
20260511_SEA@HOU,2026-05-11,HOU,SEA,1,3,0.0,0.5321371555328369,0.5346,HOU,SEA,0
20260511_SF@LAD,2026-05-11,LAD,SF,3,9,0.0,0.5563151836395264,0.5683,LAD,SF,0
20260511_TB@TOR,2026-05-11,TOR,TB,5,8,0.0,0.5412325263023378,0.5473,TOR,TB,0
20260510_ATH@BAL,2026-05-10,BAL,ATH,2,1,1.0,0.5321371555328369,0.5346,BAL,BAL,1
20260510_ATL@LAD,2026-05-10,LAD,ATL,2,7,0.0,0.5306314826011658,0.5325,LAD,ATL,0
20260510_CHC@TEX,2026-05-10,TEX,CHC,3,0,1.0,0.5321371555328369,0.5346,TEX,TEX,1
20260510_COL@PHI,2026-05-10,PHI,COL,6,0,1.0,0.5563151836395264,0.5683,PHI,PHI,1
20260510_DET@KC,2026-05-10,KC,DET,3,6,0.0,0.5321371555328369,0.5346,KC,DET,0
20260510_HOU@CIN,2026-05-10,CIN,HOU,5,0,1.0,0.5421234965324402,0.5485,CIN,CIN,1
20260510_LAA@TOR,2026-05-10,TOR,LAA,1,6,0.0,0.5563151836395264,0.5683,TOR,LAA,0
20260510_MIN@CLE,2026-05-10,CLE,MIN,4,5,0.0,0.5321371555328369,0.5346,CLE,MIN,0
20260510_NYM@AZ,2026-05-10,AZ,NYM,5,1,1.0,0.5421234965324402,0.5485,AZ,AZ,1
20260510_NYY@MIL,2026-05-10,MIL,NYY,4,3,1.0,0.5306314826011658,0.5325,MIL,MIL,1
20260510_PIT@SF,2026-05-10,SF,PIT,7,6,1.0,0.5321371555328369,0.5346,SF,SF,1
20260510_SEA@CWS,2026-05-10,CWS,SEA,2,1,1.0,0.52253657579422,0.5212,CWS,CWS,1
20260510_STL@SD,2026-05-10,SD,STL,3,2,1.0,0.5412325263023378,0.5473,SD,SD,1
20260510_TB@BOS,2026-05-10,BOS,TB,1,4,0.0,0.5321371555328369,0.5346,BOS,TB,0
20260510_WSH@MIA,2026-05-10,MIA,WSH,5,2,1.0,0.52253657579422,0.5212,MIA,MIA,1
20260509_ATH@BAL,2026-05-09,BAL,ATH,2,6,0.0,0.5321371555328369,0.5346,BAL,ATH,0
20260509_ATL@LAD,2026-05-09,LAD,ATL,2,7,0.0,0.5306314826011658,0.5325,LAD,ATL,0
20260509_CHC@TEX,2026-05-09,TEX,CHC,6,0,1.0,0.5321371555328369,0.5346,TEX,TEX,1
20260509_COL@PHI,2026-05-09,PHI,COL,9,3,1.0,0.5563151836395264,0.5683,PHI,PHI,1
20260509_DET@KC,2026-05-09,KC,DET,5,1,1.0,0.5321371555328369,0.5346,KC,KC,1
20260509_HOU@CIN,2026-05-09,CIN,HOU,3,1,1.0,0.5421234965324402,0.5485,CIN,CIN,1
20260509_LAA@TOR,2026-05-09,TOR,LAA,14,1,1.0,0.5563151836395264,0.5683,TOR,TOR,1
20260509_MIN@CLE,2026-05-09,CLE,MIN,1,2,0.0,0.5563151836395264,0.5683,CLE,MIN,0
20260509_NYM@AZ,2026-05-09,AZ,NYM,2,1,1.0,0.5421234965324402,0.5485,AZ,AZ,1
20260509_NYY@MIL,2026-05-09,MIL,NYY,4,3,1.0,0.5306314826011658,0.5325,MIL,MIL,1
20260509_PIT@SF,2026-05-09,SF,PIT,3,13,0.0,0.5321371555328369,0.5346,SF,PIT,0
20260509_SEA@CWS,2026-05-09,CWS,SEA,6,1,1.0,0.5102867484092712,0.5041,CWS,CWS,1
20260509_STL@SD,2026-05-09,SD,STL,4,2,1.0,0.5412325263023378,0.5473,SD,SD,1
20260509_WSH@MIA,2026-05-09,MIA,WSH,8,7,1.0,0.52253657579422,0.5212,MIA,MIA,1
20260508_ATH@BAL,2026-05-08,BAL,ATH,3,4,0.0,0.5095425248146057,0.5029,BAL,ATH,0
20260508_ATL@LAD,2026-05-08,LAD,ATL,3,1,1.0,0.5205143094062805,0.5183,LAD,LAD,1
20260508_CHC@TEX,2026-05-08,TEX,CHC,1,7,0.0,0.537319004535675,0.5419,TEX,CHC,0
20260508_COL@PHI,2026-05-08,PHI,COL,7,9,0.0,0.6971310377120972,0.7555,PHI,COL,0
20260508_DET@KC,2026-05-08,KC,DET,4,3,1.0,0.5639097690582275,0.579,KC,KC,1
20260508_HOU@CIN,2026-05-08,CIN,HOU,0,10,0.0,0.540222704410553,0.546,CIN,HOU,0
20260508_LAA@TOR,2026-05-08,TOR,LAA,2,0,1.0,0.6644201278686523,0.7143,TOR,TOR,1
20260508_MIN@CLE,2026-05-08,CLE,MIN,6,4,1.0,0.6501566171646118,0.6959,CLE,CLE,1
20260508_NYM@AZ,2026-05-08,AZ,NYM,1,3,0.0,0.570719301700592,0.5885,AZ,NYM,0
20260508_NYY@MIL,2026-05-08,MIL,NYY,6,0,1.0,0.445568323135376,0.4342,NYY,MIL,0
20260508_PIT@SF,2026-05-08,SF,PIT,5,2,1.0,0.5021633505821228,0.5,SF,SF,1
20260508_SEA@CWS,2026-05-08,CWS,SEA,8,12,0.0,0.43541789054870605,0.42,SEA,SEA,1
20260508_STL@SD,2026-05-08,SD,STL,0,6,0.0,0.5592789053916931,0.5726,SD,STL,0
20260508_TB@BOS,2026-05-08,BOS,TB,2,0,1.0,0.5714868307113647,0.5896,BOS,BOS,1
20260508_WSH@MIA,2026-05-08,MIA,WSH,2,3,0.0,0.4415572285652161,0.4286,WSH,WSH,1
20260507_ATH@PHI,2026-05-07,PHI,ATH,1,12,0.0,0.5496526956558228,0.5592,PHI,ATH,0
20260507_BAL@MIA,2026-05-07,MIA,BAL,4,3,1.0,0.4689492881298065,0.4669,BAL,MIA,0
20260507_CIN@CHC,2026-05-07,CHC,CIN,8,3,1.0,0.6614979505538942,0.7106,CHC,CHC,1
20260507_CLE@KC,2026-05-07,KC,CLE,5,8,0.0,0.48136061429977417,0.4843,CLE,CLE,1
20260507_MIN@WSH,2026-05-07,WSH,MIN,7,5,1.0,0.4503567516803741,0.4408,MIN,WSH,0
20260507_NYM@COL,2026-05-07,COL,NYM,6,2,1.0,0.36242604255676275,0.3207,NYM,COL,0
20260507_PIT@AZ,2026-05-07,AZ,PIT,2,4,0.0,0.5919297933578491,0.6178,AZ,PIT,0
20260507_STL@SD,2026-05-07,SD,STL,1,2,0.0,0.606462299823761,0.6376,SD,STL,0
20260507_TB@BOS,2026-05-07,BOS,TB,4,8,0.0,0.5546241998672485,0.5661,BOS,TB,0
20260507_TEX@NYY,2026-05-07,NYY,TEX,9,2,1.0,0.5820075273513794,0.6041,NYY,NYY,1
20260506_ATH@PHI,2026-05-06,PHI,ATH,6,3,1.0,0.6387978792190552,0.681,PHI,PHI,1
20260506_ATL@SEA,2026-05-06,SEA,ATL,3,1,1.0,0.5217193365097045,0.52,SEA,SEA,1
20260506_BAL@MIA,2026-05-06,MIA,BAL,4,7,0.0,0.39701831340789795,0.3671,BAL,BAL,1
20260506_BOS@DET,2026-05-06,DET,BOS,0,4,0.0,0.5968352556228638,0.6245,DET,BOS,0
20260506_CIN@CHC,2026-05-06,CHC,CIN,7,6,1.0,0.5995191931724548,0.6282,CHC,CHC,1
20260506_CLE@KC,2026-05-06,KC,CLE,1,3,0.0,0.4776730239391327,0.4791,CLE,CLE,1
20260506_CWS@LAA,2026-05-06,LAA,CWS,8,2,1.0,0.5508962869644165,0.5609,LAA,LAA,1
20260506_LAD@HOU,2026-05-06,HOU,LAD,2,12,0.0,0.4251458048820495,0.4058,LAD,LAD,1
20260506_MIL@STL,2026-05-06,STL,MIL,2,6,0.0,0.5345016121864319,0.538,STL,MIL,0
20260506_MIN@WSH,2026-05-06,WSH,MIN,15,2,1.0,0.42260354757308954,0.4022,MIN,WSH,0
20260506_NYM@COL,2026-05-06,COL,NYM,5,10,0.0,0.3356029093265533,0.2857,NYM,NYM,1
20260506_PIT@AZ,2026-05-06,AZ,PIT,0,1,0.0,0.5947832465171814,0.6217,AZ,PIT,0
20260506_SD@SF,2026-05-06,SF,SD,1,5,0.0,0.4887312054634095,0.4946,SD,SD,1
20260506_TEX@NYY,2026-05-06,NYY,TEX,1,6,0.0,0.6242652535438538,0.6616,NYY,TEX,0
20260506_TOR@TB,2026-05-06,TB,TOR,3,0,1.0,0.6131991744041443,0.6467,TB,TB,1
20260505_ATH@PHI,2026-05-05,PHI,ATH,9,1,1.0,0.6155661344528198,0.6499,PHI,PHI,1
20260505_ATL@SEA,2026-05-05,SEA,ATL,2,3,0.0,0.5408690571784973,0.5469,SEA,ATL,0
20260505_BAL@MIA,2026-05-05,MIA,BAL,7,9,0.0,0.4126929342746734,0.3886,BAL,BAL,1
20260505_BOS@DET,2026-05-05,DET,BOS,3,10,0.0,0.5627009868621826,0.5774,DET,BOS,0
20260505_CIN@CHC,2026-05-05,CHC,CIN,3,2,1.0,0.6128457784652709,0.6463,CHC,CHC,1
20260505_CLE@KC,2026-05-05,KC,CLE,5,3,1.0,0.5055721402168274,0.5,KC,KC,1
20260505_CWS@LAA,2026-05-05,LAA,CWS,4,3,1.0,0.5093525648117065,0.5027,LAA,LAA,1
20260505_LAD@HOU,2026-05-05,HOU,LAD,2,1,1.0,0.4282255172729493,0.41,LAD,HOU,0
20260505_MIN@WSH,2026-05-05,WSH,MIN,3,11,0.0,0.5431415438652039,0.5501,WSH,MIN,0
20260505_PIT@AZ,2026-05-05,AZ,PIT,9,0,1.0,0.5318742394447327,0.5343,AZ,AZ,1
20260505_SD@SF,2026-05-05,SF,SD,5,10,0.0,0.48964101076126093,0.4959,SD,SD,1
20260505_TEX@NYY,2026-05-05,NYY,TEX,7,4,1.0,0.6164330244064331,0.6511,NYY,NYY,1
20260505_TOR@TB,2026-05-05,TB,TOR,4,3,1.0,0.583386242389679,0.606,TB,TB,1
20260504_ATL@SEA,2026-05-04,SEA,ATL,5,4,1.0,0.5319538116455077,0.5344,SEA,SEA,1
20260504_BAL@NYY,2026-05-04,NYY,BAL,12,1,1.0,0.5813000798225403,0.6031,NYY,NYY,1
20260504_BOS@DET,2026-05-04,DET,BOS,4,5,0.0,0.42285093665122986,0.4026,BOS,BOS,1
20260504_CIN@CHC,2026-05-04,CHC,CIN,5,4,1.0,0.6183761954307556,0.6537,CHC,CHC,1
20260504_CLE@KC,2026-05-04,KC,CLE,6,2,1.0,0.4314018785953522,0.4144,CLE,KC,0
20260504_CWS@LAA,2026-05-04,LAA,CWS,0,6,0.0,0.5334323644638062,0.5365,LAA,CWS,0
20260504_LAD@HOU,2026-05-04,HOU,LAD,3,8,0.0,0.4950636625289917,0.5,LAD,LAD,1
20260504_MIL@STL,2026-05-04,STL,MIL,6,3,1.0,0.5122825503349304,0.5068,STL,STL,1
20260504_NYM@COL,2026-05-04,COL,NYM,2,4,0.0,0.3516041934490204,0.3064,NYM,NYM,1
20260504_PHI@MIA,2026-05-04,MIA,PHI,0,1,0.0,0.5353923439979553,0.5392,MIA,PHI,0
20260504_SD@SF,2026-05-04,SF,SD,3,2,1.0,0.4768364429473877,0.4779,SD,SF,0
20260504_TOR@TB,2026-05-04,TB,TOR,5,1,1.0,0.5839262008666992,0.6068,TB,TB,1
20260503_ATL@COL,2026-05-03,COL,ATL,6,11,0.0,0.372810035943985,0.3345,ATL,ATL,1
20260503_AZ@CHC,2026-05-03,CHC,AZ,8,4,1.0,0.5842507481575012,0.6072,CHC,CHC,1
20260503_BAL@NYY,2026-05-03,NYY,BAL,11,3,1.0,0.5339644551277162,0.5372,NYY,NYY,1
20260503_CIN@PIT,2026-05-03,PIT,CIN,1,0,1.0,0.46670520305633545,0.4637,CIN,PIT,0
20260503_CLE@ATH,2026-05-03,ATH,CLE,7,1,1.0,0.3731030523777008,0.3349,CLE,ATH,0
20260503_CWS@SD,2026-05-03,SD,CWS,4,3,1.0,0.6942894458770752,0.752,SD,SD,1
20260503_HOU@BOS,2026-05-03,BOS,HOU,1,3,0.0,0.4851948320865631,0.4897,HOU,HOU,1
20260503_KC@SEA,2026-05-03,SEA,KC,1,4,0.0,0.5598102807998657,0.5733,SEA,KC,0
20260503_LAD@STL,2026-05-03,STL,LAD,1,4,0.0,0.5023084282875061,0.5,STL,LAD,0
20260503_MIL@WSH,2026-05-03,WSH,MIL,3,2,1.0,0.3914489150047302,0.3596,MIL,WSH,0
20260503_NYM@LAA,2026-05-03,LAA,NYM,1,5,0.0,0.37876403331756586,0.3424,NYM,NYM,1
20260503_PHI@MIA,2026-05-03,MIA,PHI,2,7,0.0,0.5146065354347229,0.5101,MIA,PHI,0
20260503_SF@TB,2026-05-03,TB,SF,2,1,1.0,0.561462938785553,0.5756,TB,TB,1
20260503_TEX@DET,2026-05-03,DET,TEX,7,1,1.0,0.4819622635841369,0.4851,TEX,DET,0
20260503_TOR@MIN,2026-05-03,MIN,TOR,4,3,1.0,0.492127925157547,0.4994,TOR,MIN,0
20260502_ATL@COL,2026-05-02,COL,ATL,1,9,0.0,0.3291648030281067,0.2774,ATL,ATL,1
20260502_AZ@CHC,2026-05-02,CHC,AZ,2,0,1.0,0.5649394989013672,0.5805,CHC,CHC,1
20260502_BAL@NYY,2026-05-02,NYY,BAL,9,4,1.0,0.5766534805297852,0.5967,NYY,NYY,1
20260502_CIN@PIT,2026-05-02,PIT,CIN,17,7,1.0,0.5209558606147766,0.519,PIT,PIT,1
20260502_CLE@ATH,2026-05-02,ATH,CLE,6,14,0.0,0.42001640796661377,0.3987,CLE,CLE,1
20260502_CWS@SD,2026-05-02,SD,CWS,0,4,0.0,0.626742422580719,0.6649,SD,CWS,0
20260502_HOU@BOS,2026-05-02,BOS,HOU,3,6,0.0,0.5115812420845032,0.5058,BOS,HOU,0
20260502_KC@SEA,2026-05-02,SEA,KC,2,3,0.0,0.5917209386825563,0.6175,SEA,KC,0
20260502_LAD@STL,2026-05-02,STL,LAD,3,2,1.0,0.5335025191307068,0.5366,STL,STL,1
20260502_MIL@WSH,2026-05-02,WSH,MIL,1,4,0.0,0.40495824813842773,0.378,MIL,MIL,1
20260502_NYM@LAA,2026-05-02,LAA,NYM,4,3,1.0,0.36512175202369695,0.3242,NYM,LAA,0
20260502_PHI@MIA,2026-05-02,MIA,PHI,4,0,1.0,0.44478595256805414,0.4331,PHI,MIA,0
20260502_SF@TB,2026-05-02,TB,SF,5,1,1.0,0.5590972304344177,0.5724,TB,TB,1
20260502_TEX@DET,2026-05-02,DET,TEX,5,1,1.0,0.6339658498764038,0.6746,DET,DET,1
20260502_TOR@MIN,2026-05-02,MIN,TOR,4,11,0.0,0.49928101897239685,0.5,TOR,TOR,1
20260501_ATL@COL,2026-05-01,COL,ATL,6,8,0.0,0.48180475831031794,0.4861,ATL,ATL,1
20260501_AZ@CHC,2026-05-01,CHC,AZ,6,5,1.0,0.5229244828224182,0.5207,CHC,CHC,1
20260501_BAL@NYY,2026-05-01,NYY,BAL,7,2,1.0,0.5294812321662903,0.53,NYY,NYY,1
20260501_CIN@PIT,2026-05-01,PIT,CIN,9,1,1.0,0.5210157036781311,0.518,PIT,PIT,1
20260501_CLE@ATH,2026-05-01,ATH,CLE,5,8,0.0,0.5100986361503601,0.5024,ATH,CLE,0
20260501_CWS@SD,2026-05-01,SD,CWS,2,8,0.0,0.5708481073379517,0.5887,SD,CWS,0
20260501_HOU@BOS,2026-05-01,BOS,HOU,3,1,1.0,0.5284091830253601,0.5285,BOS,BOS,1
20260501_KC@SEA,2026-05-01,SEA,KC,6,7,0.0,0.5650801658630371,0.5805,SEA,KC,0
20260501_LAD@STL,2026-05-01,STL,LAD,7,2,1.0,0.5411193966865541,0.5466,STL,STL,1
20260501_MIL@WSH,2026-05-01,WSH,MIL,1,6,0.0,0.5100986361503601,0.5024,WSH,MIL,0
20260501_NYM@LAA,2026-05-01,LAA,NYM,3,4,0.0,0.49563169479370117,0.5,NYM,NYM,1
20260501_PHI@MIA,2026-05-01,MIA,PHI,5,6,0.0,0.509796142578125,0.502,MIA,PHI,0
20260501_SF@TB,2026-05-01,TB,SF,3,0,1.0,0.5388098955154419,0.5433,TB,TB,1
20260501_TEX@DET,2026-05-01,DET,TEX,4,5,0.0,0.5432170033454895,0.5496,DET,TEX,0
20260501_TOR@MIN,2026-05-01,MIN,TOR,3,7,0.0,0.527054488658905,0.5266,MIN,TOR,0
20260430_AZ@MIL,2026-04-30,MIL,AZ,13,1,1.0,0.5340555310249329,0.5365,MIL,MIL,1
20260430_COL@CIN,2026-04-30,CIN,COL,6,4,1.0,0.5615757703781128,0.5756,CIN,CIN,1
20260430_DET@ATL,2026-04-30,ATL,DET,2,5,0.0,0.5411193966865541,0.5466,ATL,DET,0
20260430_HOU@BAL,2026-04-30,BAL,HOU,10,3,1.0,0.5284091830253601,0.5285,BAL,BAL,1
20260430_HOU@BAL,2026-04-30,BAL,HOU,5,11,0.0,0.5284091830253601,0.5285,BAL,HOU,0
20260430_KC@ATH,2026-04-30,ATH,KC,6,3,1.0,0.509796142578125,0.502,ATH,ATH,1
20260430_SF@PHI,2026-04-30,PHI,SF,3,2,1.0,0.5481247305870056,0.5565,PHI,PHI,1
20260430_SF@PHI,2026-04-30,PHI,SF,6,5,1.0,0.5481247305870056,0.5565,PHI,PHI,1
20260430_STL@PIT,2026-04-30,PIT,STL,5,10,0.0,0.5432170033454895,0.5496,PIT,STL,0
20260430_TOR@MIN,2026-04-30,MIN,TOR,7,1,1.0,0.527054488658905,0.5266,MIN,MIN,1
20260430_WSH@NYM,2026-04-30,NYM,WSH,4,5,0.0,0.5673645138740541,0.5837,NYM,WSH,0
20260429_AZ@MIL,2026-04-29,MIL,AZ,2,6,0.0,0.5340555310249329,0.5365,MIL,AZ,0
20260429_BOS@TOR,2026-04-29,TOR,BOS,8,1,1.0,0.54808509349823,0.5565,TOR,TOR,1
20260429_CHC@SD,2026-04-29,SD,CHC,4,5,0.0,0.5481247305870056,0.5565,SD,CHC,0
20260429_COL@CIN,2026-04-29,CIN,COL,2,13,0.0,0.5542727708816528,0.5652,CIN,COL,0
20260429_DET@ATL,2026-04-29,ATL,DET,4,3,1.0,0.5294812321662903,0.53,ATL,ATL,1
20260429_KC@ATH,2026-04-29,ATH,KC,5,2,1.0,0.509796142578125,0.502,ATH,ATH,1
20260429_LAA@CWS,2026-04-29,CWS,LAA,3,2,1.0,0.5308088064193726,0.5319,CWS,CWS,1
20260429_MIA@LAD,2026-04-29,LAD,MIA,2,3,0.0,0.5481247305870056,0.5565,LAD,MIA,0
20260429_NYY@TEX,2026-04-29,TEX,NYY,3,0,1.0,0.5048956274986267,0.5,TEX,TEX,1
20260429_SEA@MIN,2026-04-29,MIN,SEA,3,5,0.0,0.527054488658905,0.5266,MIN,SEA,0
20260429_STL@PIT,2026-04-29,PIT,STL,4,5,0.0,0.5432170033454895,0.5496,PIT,STL,0
20260429_TB@CLE,2026-04-29,CLE,TB,3,1,1.0,0.5481247305870056,0.5565,CLE,CLE,1
20260429_WSH@NYM,2026-04-29,NYM,WSH,2,14,0.0,0.5525681972503661,0.5628,NYM,WSH,0
20260428_AZ@MIL,2026-04-28,MIL,AZ,13,2,1.0,0.5489643216133118,0.5577,MIL,MIL,1
20260428_BOS@TOR,2026-04-28,TOR,BOS,3,0,1.0,0.5340555310249329,0.5365,TOR,TOR,1
20260428_CHC@SD,2026-04-28,SD,CHC,3,8,0.0,0.5481247305870056,0.5565,SD,CHC,0
20260428_COL@CIN,2026-04-28,CIN,COL,7,2,1.0,0.5607014298439026,0.5743,CIN,CIN,1
20260428_DET@ATL,2026-04-28,ATL,DET,5,2,1.0,0.5294812321662903,0.53,ATL,ATL,1
20260428_HOU@BAL,2026-04-28,BAL,HOU,5,3,1.0,0.5284091830253601,0.5285,BAL,BAL,1
20260428_KC@ATH,2026-04-28,ATH,KC,1,4,0.0,0.4848068952560425,0.4903,KC,KC,1
20260428_LAA@CWS,2026-04-28,CWS,LAA,5,2,1.0,0.5324795246124268,0.5343,CWS,CWS,1
20260428_MIA@LAD,2026-04-28,LAD,MIA,1,2,0.0,0.5481247305870056,0.5565,LAD,MIA,0
20260428_NYY@TEX,2026-04-28,TEX,NYY,2,3,0.0,0.5210157036781311,0.518,TEX,NYY,0
20260428_SEA@MIN,2026-04-28,MIN,SEA,1,7,0.0,0.527054488658905,0.5266,MIN,SEA,0
20260428_SF@PHI,2026-04-28,PHI,SF,7,0,1.0,0.5481247305870056,0.5565,PHI,PHI,1
20260428_STL@PIT,2026-04-28,PIT,STL,7,11,0.0,0.5432170033454895,0.5496,PIT,STL,0
20260428_TB@CLE,2026-04-28,CLE,TB,0,1,0.0,0.5481247305870056,0.5565,CLE,TB,0
20260428_WSH@NYM,2026-04-28,NYM,WSH,8,0,1.0,0.5673645138740541,0.5837,NYM,NYM,1
20260427_BOS@TOR,2026-04-27,TOR,BOS,0,5,0.0,0.5524558424949646,0.5627,TOR,BOS,0
20260427_CHC@SD,2026-04-27,SD,CHC,9,7,1.0,0.5481247305870056,0.5565,SD,SD,1
20260427_LAA@CWS,2026-04-27,CWS,LAA,8,7,1.0,0.5180490612983704,0.5137,CWS,CWS,1
20260427_MIA@LAD,2026-04-27,LAD,MIA,5,4,1.0,0.5629517436027527,0.5775,LAD,LAD,1
20260427_NYY@TEX,2026-04-27,TEX,NYY,2,4,0.0,0.5048956274986267,0.5,TEX,NYY,0
20260427_SEA@MIN,2026-04-27,MIN,SEA,11,4,1.0,0.527054488658905,0.5266,MIN,MIN,1
20260427_STL@PIT,2026-04-27,PIT,STL,2,4,0.0,0.5580751895904541,0.5706,PIT,STL,0
20260427_TB@CLE,2026-04-27,CLE,TB,2,3,0.0,0.5629517436027527,0.5775,CLE,TB,0
20260426_ATH@TEX,2026-04-26,TEX,ATH,1,2,0.0,0.5307198762893677,0.5318,TEX,ATH,0
20260426_BOS@BAL,2026-04-26,BAL,BOS,3,5,0.0,0.5284091830253601,0.5285,BAL,BOS,0
20260426_CHC@LAD,2026-04-26,LAD,CHC,6,0,1.0,0.5481247305870056,0.5565,LAD,LAD,1
20260426_CLE@TOR,2026-04-26,TOR,CLE,4,2,1.0,0.5340555310249329,0.5365,TOR,TOR,1
20260426_COL@NYM,2026-04-26,NYM,COL,0,3,0.0,0.5708481073379517,0.5887,NYM,COL,0
20260426_COL@NYM,2026-04-26,NYM,COL,1,3,0.0,0.6027126908302307,0.6331,NYM,COL,0
20260426_DET@CIN,2026-04-26,CIN,DET,3,8,0.0,0.5214248299598694,0.5185,CIN,DET,0
20260426_LAA@KC,2026-04-26,KC,LAA,11,9,1.0,0.560401439666748,0.5739,KC,KC,1
20260426_MIA@SF,2026-04-26,SF,MIA,6,3,1.0,0.5148723125457764,0.5092,SF,SF,1
20260426_MIN@TB,2026-04-26,TB,MIN,4,2,1.0,0.5334233641624451,0.5356,TB,TB,1
20260426_NYY@HOU,2026-04-26,HOU,NYY,7,4,1.0,0.5210157036781311,0.518,HOU,HOU,1
20260426_PHI@ATL,2026-04-26,ATL,PHI,6,2,1.0,0.5623318552970886,0.5766,ATL,ATL,1
20260426_PIT@MIL,2026-04-26,MIL,PIT,5,0,1.0,0.5525681972503661,0.5628,MIL,MIL,1
20260426_SD@AZ,2026-04-26,AZ,SD,12,7,1.0,0.5326784253120422,0.5346,AZ,AZ,1
20260426_SEA@STL,2026-04-26,STL,SEA,2,3,0.0,0.5387581586837769,0.5432,STL,SEA,0
20260426_WSH@CWS,2026-04-26,CWS,WSH,1,2,0.0,0.4799979925155639,0.4835,WSH,WSH,1
20260425_ATH@TEX,2026-04-25,TEX,ATH,4,3,1.0,0.5307198762893677,0.5318,TEX,TEX,1
20260425_BOS@BAL,2026-04-25,BAL,BOS,1,17,0.0,0.5400705337524414,0.5451,BAL,BOS,0
20260425_CHC@LAD,2026-04-25,LAD,CHC,12,4,1.0,0.5481247305870056,0.5565,LAD,LAD,1
20260425_CLE@TOR,2026-04-25,TOR,CLE,5,3,1.0,0.5340555310249329,0.5365,TOR,TOR,1
20260425_DET@CIN,2026-04-25,CIN,DET,9,2,1.0,0.5330865383148192,0.5351,CIN,CIN,1
20260425_LAA@KC,2026-04-25,KC,LAA,12,1,1.0,0.560401439666748,0.5739,KC,KC,1
20260425_MIA@SF,2026-04-25,SF,MIA,6,2,1.0,0.5148723125457764,0.5092,SF,SF,1
20260425_MIN@TB,2026-04-25,TB,MIN,6,1,1.0,0.530548095703125,0.5315,TB,TB,1
20260425_NYY@HOU,2026-04-25,HOU,NYY,3,8,0.0,0.5048956274986267,0.5,HOU,NYY,0
20260425_PHI@ATL,2026-04-25,ATL,PHI,5,8,0.0,0.5623318552970886,0.5766,ATL,PHI,0
20260425_PIT@MIL,2026-04-25,MIL,PIT,3,6,0.0,0.5525681972503661,0.5628,MIL,PIT,0
20260425_SD@AZ,2026-04-25,AZ,SD,4,6,0.0,0.5165867209434509,0.5116,AZ,SD,0
20260425_SEA@STL,2026-04-25,STL,SEA,9,11,0.0,0.5387581586837769,0.5432,STL,SEA,0
20260425_WSH@CWS,2026-04-25,CWS,WSH,3,6,0.0,0.47677326202392584,0.4789,WSH,WSH,1
20260424_ATH@TEX,2026-04-24,TEX,ATH,1,8,0.0,0.533652126789093,0.5384,TEX,ATH,0
20260424_BOS@BAL,2026-04-24,BAL,BOS,10,3,1.0,0.5636695623397827,0.58,BAL,BAL,1
20260424_CHC@LAD,2026-04-24,LAD,CHC,4,6,0.0,0.5432275533676147,0.5517,LAD,CHC,0
20260424_CLE@TOR,2026-04-24,TOR,CLE,6,8,0.0,0.5432275533676147,0.5517,TOR,CLE,0
20260424_COL@NYM,2026-04-24,NYM,COL,3,4,0.0,0.5636695623397827,0.58,NYM,COL,0
20260424_DET@CIN,2026-04-24,CIN,DET,9,8,1.0,0.533652126789093,0.5384,CIN,CIN,1
20260424_LAA@KC,2026-04-24,KC,LAA,6,3,1.0,0.533652126789093,0.5384,KC,KC,1
20260424_MIA@SF,2026-04-24,SF,MIA,4,9,0.0,0.533652126789093,0.5384,SF,MIA,0
20260424_MIN@TB,2026-04-24,TB,MIN,6,2,1.0,0.528692364692688,0.5315,TB,TB,1
20260424_NYY@HOU,2026-04-24,HOU,NYY,4,12,0.0,0.521868109703064,0.5219,HOU,NYY,0
20260424_PHI@ATL,2026-04-24,ATL,PHI,5,3,1.0,0.5636695623397827,0.58,ATL,ATL,1
20260424_PIT@MIL,2026-04-24,MIL,PIT,0,6,0.0,0.5432275533676147,0.5517,MIL,PIT,0
20260424_SEA@STL,2026-04-24,STL,SEA,2,3,0.0,0.533652126789093,0.5384,STL,SEA,0
20260424_WSH@CWS,2026-04-24,CWS,WSH,5,4,1.0,0.4850108623504639,0.4876,WSH,CWS,0
20260423_ATL@WSH,2026-04-23,WSH,ATL,2,7,0.0,0.512224555015564,0.5085,WSH,ATL,0
20260423_CWS@AZ,2026-04-23,AZ,CWS,1,4,0.0,0.5636695623397827,0.58,AZ,CWS,0
20260423_LAD@SF,2026-04-23,SF,LAD,0,3,0.0,0.521868109703064,0.5219,SF,LAD,0
20260423_MIL@DET,2026-04-23,DET,MIL,5,4,1.0,0.533652126789093,0.5384,DET,DET,1
20260423_MIN@NYM,2026-04-23,NYM,MIN,10,8,1.0,0.5432275533676147,0.5517,NYM,NYM,1
20260423_NYY@BOS,2026-04-23,BOS,NYY,2,4,0.0,0.521868109703064,0.5219,BOS,NYY,0
20260423_PHI@CHC,2026-04-23,CHC,PHI,8,7,1.0,0.5636695623397827,0.58,CHC,CHC,1
20260423_PIT@TEX,2026-04-23,TEX,PIT,6,1,1.0,0.533652126789093,0.5384,TEX,TEX,1
20260423_SD@COL,2026-04-23,COL,SD,8,10,0.0,0.512224555015564,0.5085,COL,SD,0
20260422_ATH@SEA,2026-04-22,SEA,ATH,5,4,1.0,0.5432275533676147,0.5517,SEA,SEA,1
20260422_ATL@WSH,2026-04-22,WSH,ATL,6,8,0.0,0.512224555015564,0.5085,WSH,ATL,0
20260422_BAL@KC,2026-04-22,KC,BAL,6,8,0.0,0.533652126789093,0.5384,KC,BAL,0
20260422_CIN@TB,2026-04-22,TB,CIN,6,1,1.0,0.49852502346038824,0.5,CIN,TB,0
20260422_CWS@AZ,2026-04-22,AZ,CWS,11,7,1.0,0.5246392488479614,0.5258,AZ,AZ,1
20260422_HOU@CLE,2026-04-22,CLE,HOU,0,2,0.0,0.5636695623397827,0.58,CLE,HOU,0
20260422_LAD@SF,2026-04-22,SF,LAD,3,0,1.0,0.521868109703064,0.5219,SF,SF,1
20260422_MIL@DET,2026-04-22,DET,MIL,5,2,1.0,0.533652126789093,0.5384,DET,DET,1
20260422_MIN@NYM,2026-04-22,NYM,MIN,3,2,1.0,0.5432275533676147,0.5517,NYM,NYM,1
20260422_NYY@BOS,2026-04-22,BOS,NYY,1,4,0.0,0.521868109703064,0.5219,BOS,NYY,0
20260422_PHI@CHC,2026-04-22,CHC,PHI,7,2,1.0,0.5636695623397827,0.58,CHC,CHC,1
20260422_PIT@TEX,2026-04-22,TEX,PIT,4,8,0.0,0.533652126789093,0.5384,TEX,PIT,0
20260422_SD@COL,2026-04-22,COL,SD,8,3,1.0,0.512224555015564,0.5085,COL,COL,1
20260422_STL@MIA,2026-04-22,MIA,STL,4,1,1.0,0.49157527089118963,0.4968,STL,MIA,0
20260422_TOR@LAA,2026-04-22,LAA,TOR,7,3,1.0,0.5268430113792419,0.5289,LAA,LAA,1
20260421_ATH@SEA,2026-04-21,SEA,ATH,2,5,0.0,0.5432275533676147,0.5517,SEA,ATH,0
20260421_ATL@WSH,2026-04-21,WSH,ATL,11,4,1.0,0.49157527089118963,0.4968,ATL,WSH,0
20260421_BAL@KC,2026-04-21,KC,BAL,6,5,1.0,0.521868109703064,0.5219,KC,KC,1
20260421_CIN@TB,2026-04-21,TB,CIN,6,12,0.0,0.528692364692688,0.5315,TB,CIN,0
20260421_CWS@AZ,2026-04-21,AZ,CWS,5,11,0.0,0.5636695623397827,0.58,AZ,CWS,0
20260421_HOU@CLE,2026-04-21,CLE,HOU,8,5,1.0,0.5636695623397827,0.58,CLE,CLE,1
20260421_LAD@SF,2026-04-21,SF,LAD,3,1,1.0,0.521868109703064,0.5219,SF,SF,1
20260421_MIL@DET,2026-04-21,DET,MIL,4,12,0.0,0.533652126789093,0.5384,DET,MIL,0
20260421_MIN@NYM,2026-04-21,NYM,MIN,3,5,0.0,0.5432275533676147,0.5517,NYM,MIN,0
20260421_NYY@BOS,2026-04-21,BOS,NYY,0,4,0.0,0.521868109703064,0.5219,BOS,NYY,0
20260421_PHI@CHC,2026-04-21,CHC,PHI,7,4,1.0,0.5246392488479614,0.5258,CHC,CHC,1
20260421_PIT@TEX,2026-04-21,TEX,PIT,5,1,1.0,0.533652126789093,0.5384,TEX,TEX,1
20260421_SD@COL,2026-04-21,COL,SD,0,1,0.0,0.512224555015564,0.5085,COL,SD,0
20260421_STL@MIA,2026-04-21,MIA,STL,3,5,0.0,0.46145227551460266,0.4548,STL,STL,1
20260421_TOR@LAA,2026-04-21,LAA,TOR,2,4,0.0,0.512224555015564,0.5085,LAA,TOR,0
20260420_ATH@SEA,2026-04-20,SEA,ATH,4,6,0.0,0.5432275533676147,0.5517,SEA,ATH,0
20260420_ATL@WSH,2026-04-20,WSH,ATL,4,9,0.0,0.5268430113792419,0.5289,WSH,ATL,0
20260420_BAL@KC,2026-04-20,KC,BAL,5,7,0.0,0.521868109703064,0.5219,KC,BAL,0
20260420_CIN@TB,2026-04-20,TB,CIN,1,6,0.0,0.49852502346038824,0.5,CIN,CIN,1
20260420_DET@BOS,2026-04-20,BOS,DET,8,6,1.0,0.533652126789093,0.5384,BOS,BOS,1
20260420_HOU@CLE,2026-04-20,CLE,HOU,2,9,0.0,0.5636695623397827,0.58,CLE,HOU,0
20260420_LAD@COL,2026-04-20,COL,LAD,3,12,0.0,0.4917258024215698,0.497,LAD,LAD,1
20260420_PHI@CHC,2026-04-20,CHC,PHI,5,1,1.0,0.5636695623397827,0.58,CHC,CHC,1
20260420_STL@MIA,2026-04-20,MIA,STL,5,3,1.0,0.512224555015564,0.5085,MIA,MIA,1
20260420_TOR@LAA,2026-04-20,LAA,TOR,2,5,0.0,0.512224555015564,0.5085,LAA,TOR,0
20260419_ATL@PHI,2026-04-19,PHI,ATL,2,4,0.0,0.5432275533676147,0.5517,PHI,ATL,0
20260419_BAL@CLE,2026-04-19,CLE,BAL,8,4,1.0,0.533652126789093,0.5384,CLE,CLE,1
20260419_CIN@MIN,2026-04-19,MIN,CIN,4,7,0.0,0.533652126789093,0.5384,MIN,CIN,0
20260419_CWS@ATH,2026-04-19,ATH,CWS,4,7,0.0,0.512224555015564,0.5085,ATH,CWS,0
20260419_DET@BOS,2026-04-19,BOS,DET,2,6,0.0,0.533652126789093,0.5384,BOS,DET,0
20260419_KC@NYY,2026-04-19,NYY,KC,7,0,1.0,0.5636695623397827,0.58,NYY,NYY,1
20260419_LAD@COL,2026-04-19,COL,LAD,9,6,1.0,0.4917258024215698,0.497,LAD,COL,0
20260419_MIL@MIA,2026-04-19,MIA,MIL,5,3,1.0,0.512224555015564,0.5085,MIA,MIA,1
20260419_NYM@CHC,2026-04-19,CHC,NYM,2,1,1.0,0.5636695623397827,0.58,CHC,CHC,1
20260419_SD@LAA,2026-04-19,LAA,SD,1,2,0.0,0.512224555015564,0.5085,LAA,SD,0
20260419_SF@WSH,2026-04-19,WSH,SF,3,0,1.0,0.512224555015564,0.5085,WSH,WSH,1
20260419_STL@HOU,2026-04-19,HOU,STL,5,7,0.0,0.533652126789093,0.5384,HOU,STL,0
20260419_TB@PIT,2026-04-19,PIT,TB,6,3,1.0,0.533652126789093,0.5384,PIT,PIT,1
20260419_TEX@SEA,2026-04-19,SEA,TEX,5,2,1.0,0.5432275533676147,0.5517,SEA,SEA,1
20260419_TOR@AZ,2026-04-19,AZ,TOR,4,10,0.0,0.5636695623397827,0.58,AZ,TOR,0
20260418_ATL@PHI,2026-04-18,PHI,ATL,1,3,0.0,0.5432275533676147,0.5517,PHI,ATL,0
20260418_BAL@CLE,2026-04-18,CLE,BAL,4,2,1.0,0.533652126789093,0.5384,CLE,CLE,1
20260418_CIN@MIN,2026-04-18,MIN,CIN,4,5,0.0,0.533652126789093,0.5384,MIN,CIN,0
20260418_CWS@ATH,2026-04-18,ATH,CWS,7,6,1.0,0.512224555015564,0.5085,ATH,ATH,1
20260418_DET@BOS,2026-04-18,BOS,DET,1,4,0.0,0.521868109703064,0.5219,BOS,DET,0
20260418_KC@NYY,2026-04-18,NYY,KC,13,4,1.0,0.5636695623397827,0.58,NYY,NYY,1
20260418_LAD@COL,2026-04-18,COL,LAD,4,3,1.0,0.4917258024215698,0.497,LAD,COL,0
20260418_MIL@MIA,2026-04-18,MIA,MIL,2,5,0.0,0.5268430113792419,0.5289,MIA,MIL,0
20260418_NYM@CHC,2026-04-18,CHC,NYM,4,2,1.0,0.5636695623397827,0.58,CHC,CHC,1
20260418_SD@LAA,2026-04-18,LAA,SD,1,4,0.0,0.512224555015564,0.5085,LAA,SD,0
20260418_SF@WSH,2026-04-18,WSH,SF,6,7,0.0,0.5096023082733154,0.5048,WSH,SF,0
20260418_STL@HOU,2026-04-18,HOU,STL,5,7,0.0,0.533652126789093,0.5384,HOU,STL,0
20260418_TB@PIT,2026-04-18,PIT,TB,7,8,0.0,0.533652126789093,0.5384,PIT,TB,0
20260418_TEX@SEA,2026-04-18,SEA,TEX,7,3,1.0,0.5432275533676147,0.5517,SEA,SEA,1
20260418_TOR@AZ,2026-04-18,AZ,TOR,6,2,1.0,0.5636695623397827,0.58,AZ,AZ,1
20260417_ATL@PHI,2026-04-17,PHI,ATL,0,9,0.0,0.5296859741210938,0.5329,PHI,ATL,0
20260417_BAL@CLE,2026-04-17,CLE,BAL,4,6,0.0,0.5485446453094482,0.5593,CLE,BAL,0
20260417_CIN@MIN,2026-04-17,MIN,CIN,1,2,0.0,0.5472740530967714,0.5576,MIN,CIN,0
20260417_CWS@ATH,2026-04-17,ATH,CWS,2,9,0.0,0.6107087135314941,0.6451,ATH,CWS,0
20260417_DET@BOS,2026-04-17,BOS,DET,1,0,1.0,0.47020316123962397,0.467,DET,BOS,0
20260417_KC@NYY,2026-04-17,NYY,KC,4,2,1.0,0.5838865041732788,0.6085,NYY,NYY,1
20260417_LAD@COL,2026-04-17,COL,LAD,1,7,0.0,0.4194136261940002,0.3961,LAD,LAD,1
20260417_MIL@MIA,2026-04-17,MIA,MIL,5,7,0.0,0.46929255127906794,0.4657,MIL,MIL,1
20260417_NYM@CHC,2026-04-17,CHC,NYM,12,4,1.0,0.5861188769340515,0.6115,CHC,CHC,1
20260417_SD@LAA,2026-04-17,LAA,SD,8,0,1.0,0.4396913647651673,0.4242,SD,LAA,0
20260417_SF@WSH,2026-04-17,WSH,SF,5,10,0.0,0.4612536430358886,0.4544,SF,SF,1
20260417_STL@HOU,2026-04-17,HOU,STL,4,9,0.0,0.5777853727340698,0.6,HOU,STL,0
20260417_TB@PIT,2026-04-17,PIT,TB,5,1,1.0,0.542473316192627,0.5508,PIT,PIT,1
20260417_TEX@SEA,2026-04-17,SEA,TEX,0,5,0.0,0.5532570481300354,0.5659,SEA,TEX,0
20260417_TOR@AZ,2026-04-17,AZ,TOR,6,3,1.0,0.522946834564209,0.5234,AZ,AZ,1
20260416_BAL@CLE,2026-04-16,CLE,BAL,4,2,1.0,0.49053254723548895,0.4955,BAL,CLE,0
20260416_COL@HOU,2026-04-16,HOU,COL,2,3,0.0,0.6554016470909119,0.7044,HOU,COL,0
20260416_KC@DET,2026-04-16,DET,KC,10,9,1.0,0.5589024424552917,0.5738,DET,DET,1
20260416_LAA@NYY,2026-04-16,NYY,LAA,4,11,0.0,0.6051350831985474,0.6375,NYY,LAA,0
20260416_SEA@SD,2026-04-16,SD,SEA,5,2,1.0,0.5575962066650391,0.572,SD,SD,1
20260416_SF@CIN,2026-04-16,CIN,SF,0,3,0.0,0.5786886215209961,0.6013,CIN,SF,0
20260416_TB@CWS,2026-04-16,CWS,TB,3,5,0.0,0.4242341816425324,0.4028,TB,TB,1
20260416_TEX@ATH,2026-04-16,ATH,TEX,6,9,0.0,0.4822716414928437,0.4839,TEX,TEX,1
20260416_TOR@MIL,2026-04-16,MIL,TOR,2,1,1.0,0.5919409394264221,0.6195,MIL,MIL,1
20260416_WSH@PIT,2026-04-16,PIT,WSH,7,8,0.0,0.5884525179862975,0.6147,PIT,WSH,0
20260415_AZ@BAL,2026-04-15,BAL,AZ,5,8,0.0,0.5003535747528076,0.5,BAL,AZ,0
20260415_BOS@MIN,2026-04-15,MIN,BOS,5,9,0.0,0.5045964121818542,0.5,MIN,BOS,0
20260415_CHC@PHI,2026-04-15,PHI,CHC,2,11,0.0,0.5320259332656861,0.5362,PHI,CHC,0
20260415_CLE@STL,2026-04-15,STL,CLE,5,3,1.0,0.514487087726593,0.5115,STL,STL,1
20260415_COL@HOU,2026-04-15,HOU,COL,3,1,1.0,0.6797835230827332,0.7355,HOU,HOU,1
20260415_KC@DET,2026-04-15,DET,KC,2,1,1.0,0.5119490027427673,0.508,DET,DET,1
20260415_LAA@NYY,2026-04-15,NYY,LAA,5,4,1.0,0.5962396860122682,0.6254,NYY,NYY,1
20260415_MIA@ATL,2026-04-15,ATL,MIA,6,3,1.0,0.5738127827644348,0.5945,ATL,ATL,1
20260415_NYM@LAD,2026-04-15,LAD,NYM,8,2,1.0,0.6222513914108276,0.6607,LAD,LAD,1
20260415_SEA@SD,2026-04-15,SD,SEA,7,6,1.0,0.5364945530891418,0.5424,SD,SD,1
20260415_SF@CIN,2026-04-15,CIN,SF,8,3,1.0,0.5150039196014405,0.5123,CIN,CIN,1
20260415_TB@CWS,2026-04-15,CWS,TB,3,8,0.0,0.4200347363948822,0.397,TB,TB,1
20260415_TEX@ATH,2026-04-15,ATH,TEX,6,5,1.0,0.45434764027595526,0.4447,TEX,ATH,0
20260415_TOR@MIL,2026-04-15,MIL,TOR,2,1,1.0,0.5805084109306335,0.6038,MIL,MIL,1
20260415_WSH@PIT,2026-04-15,PIT,WSH,2,0,1.0,0.5420042872428893,0.5502,PIT,PIT,1
20260414_AZ@BAL,2026-04-14,BAL,AZ,3,4,0.0,0.5001240372657776,0.5,BAL,AZ,0
20260414_BOS@MIN,2026-04-14,MIN,BOS,6,0,1.0,0.5131199359893799,0.5096,MIN,MIN,1
20260414_CHC@PHI,2026-04-14,PHI,CHC,4,10,0.0,0.5298646092414856,0.5331,PHI,CHC,0
20260414_CLE@STL,2026-04-14,STL,CLE,6,5,1.0,0.539818525314331,0.5471,STL,STL,1
20260414_COL@HOU,2026-04-14,HOU,COL,7,6,1.0,0.6703776121139526,0.7236,HOU,HOU,1
20260414_KC@DET,2026-04-14,DET,KC,2,1,1.0,0.5303988456726074,0.5339,DET,DET,1
20260414_LAA@NYY,2026-04-14,NYY,LAA,1,7,0.0,0.5765978693962097,0.5984,NYY,LAA,0
20260414_MIA@ATL,2026-04-14,ATL,MIA,6,5,1.0,0.5954567193984985,0.6243,ATL,ATL,1
20260414_NYM@LAD,2026-04-14,LAD,NYM,2,1,1.0,0.605329155921936,0.6378,LAD,LAD,1
20260414_SEA@SD,2026-04-14,SD,SEA,4,1,1.0,0.5656375288963318,0.5832,SD,SD,1
20260414_SF@CIN,2026-04-14,CIN,SF,2,1,1.0,0.5330756902694702,0.5377,CIN,CIN,1
20260414_TB@CWS,2026-04-14,CWS,TB,5,8,0.0,0.44680401682853704,0.4342,TB,TB,1
20260414_TEX@ATH,2026-04-14,ATH,TEX,2,1,1.0,0.4443740546703338,0.4308,TEX,ATH,0
20260414_TOR@MIL,2026-04-14,MIL,TOR,7,9,0.0,0.6030811667442322,0.6348,MIL,TOR,0
20260414_WSH@PIT,2026-04-14,PIT,WSH,4,5,0.0,0.5667189359664917,0.5847,PIT,WSH,0
20260413_AZ@BAL,2026-04-13,BAL,AZ,9,7,1.0,0.5194836854934692,0.5186,BAL,BAL,1
20260413_BOS@MIN,2026-04-13,MIN,BOS,13,6,1.0,0.4347188472747802,0.4173,BOS,MIN,0
20260413_CHC@PHI,2026-04-13,PHI,CHC,13,7,1.0,0.5571351051330568,0.5713,PHI,PHI,1
20260413_CLE@STL,2026-04-13,STL,CLE,3,9,0.0,0.5474405288696289,0.5578,STL,CLE,0
20260413_HOU@SEA,2026-04-13,SEA,HOU,6,2,1.0,0.5646498203277588,0.5818,SEA,SEA,1
20260413_LAA@NYY,2026-04-13,NYY,LAA,11,10,1.0,0.5510380864143372,0.5628,NYY,NYY,1
20260413_MIA@ATL,2026-04-13,ATL,MIA,4,10,0.0,0.5202924609184265,0.5197,ATL,MIA,0
20260413_NYM@LAD,2026-04-13,LAD,NYM,4,0,1.0,0.6382154226303101,0.6819,LAD,LAD,1
20260413_TEX@ATH,2026-04-13,ATH,TEX,1,8,0.0,0.4660743772983551,0.4612,TEX,TEX,1
20260413_WSH@PIT,2026-04-13,PIT,WSH,16,5,1.0,0.6006976366043091,0.6315,PIT,PIT,1
20260412_ATH@NYM,2026-04-12,NYM,ATH,0,1,0.0,0.5901214480400085,0.617,NYM,ATH,0
20260412_AZ@PHI,2026-04-12,PHI,AZ,3,4,0.0,0.5282232761383057,0.5308,PHI,AZ,0
20260412_BOS@STL,2026-04-12,STL,BOS,3,9,0.0,0.5328766107559204,0.5374,STL,BOS,0
20260412_CLE@ATL,2026-04-12,ATL,CLE,13,1,1.0,0.5481402277946472,0.5588,ATL,ATL,1
20260412_COL@SD,2026-04-12,SD,COL,7,2,1.0,0.6651437282562256,0.7169,SD,SD,1
20260412_CWS@KC,2026-04-12,KC,CWS,5,6,0.0,0.6242061853408813,0.6633,KC,CWS,0
20260412_HOU@SEA,2026-04-12,SEA,HOU,6,1,1.0,0.578945517539978,0.6016,SEA,SEA,1
20260412_LAA@CIN,2026-04-12,CIN,LAA,6,9,0.0,0.5683537721633911,0.587,CIN,LAA,0
20260412_MIA@DET,2026-04-12,DET,MIA,8,2,1.0,0.5492250919342041,0.5603,DET,DET,1
20260412_MIN@TOR,2026-04-12,TOR,MIN,2,8,0.0,0.5879062414169312,0.614,TOR,MIN,0
20260412_NYY@TB,2026-04-12,TB,NYY,5,4,1.0,0.5054787993431091,0.5,TB,TB,1
20260412_PIT@CHC,2026-04-12,CHC,PIT,7,6,1.0,0.5759326815605164,0.5975,CHC,CHC,1
20260412_SF@BAL,2026-04-12,BAL,SF,6,2,1.0,0.5347424149513245,0.54,BAL,BAL,1
20260412_TEX@LAD,2026-04-12,LAD,TEX,2,5,0.0,0.6159575581550598,0.6522,LAD,TEX,0
20260412_WSH@MIL,2026-04-12,MIL,WSH,6,8,0.0,0.6057315468788147,0.6384,MIL,WSH,0
20260411_ATH@NYM,2026-04-11,NYM,ATH,6,11,0.0,0.607001006603241,0.6401,NYM,ATH,0
20260411_AZ@PHI,2026-04-11,PHI,AZ,4,3,1.0,0.5211676359176636,0.5209,PHI,PHI,1
20260411_BOS@STL,2026-04-11,STL,BOS,1,7,0.0,0.5748380422592163,0.596,STL,BOS,0
20260411_CLE@ATL,2026-04-11,ATL,CLE,0,6,0.0,0.5078721046447754,0.5022,ATL,CLE,0
20260411_COL@SD,2026-04-11,SD,COL,9,5,1.0,0.6629524827003479,0.7141,SD,SD,1
20260411_CWS@KC,2026-04-11,KC,CWS,2,0,1.0,0.6782000064849854,0.7335,KC,KC,1
20260411_HOU@SEA,2026-04-11,SEA,HOU,8,7,1.0,0.5391329526901245,0.5461,SEA,SEA,1
20260411_LAA@CIN,2026-04-11,CIN,LAA,7,3,1.0,0.580849289894104,0.6043,CIN,CIN,1
20260411_MIA@DET,2026-04-11,DET,MIA,6,1,1.0,0.5707303285598755,0.5903,DET,DET,1
20260411_MIN@TOR,2026-04-11,TOR,MIN,4,7,0.0,0.5605432987213136,0.5761,TOR,MIN,0
20260411_NYY@TB,2026-04-11,TB,NYY,5,4,1.0,0.49439981579780584,0.5,NYY,TB,0
20260411_PIT@CHC,2026-04-11,CHC,PIT,3,4,0.0,0.5698081254959106,0.589,CHC,PIT,0
20260411_SF@BAL,2026-04-11,BAL,SF,6,2,1.0,0.5500792264938354,0.5615,BAL,BAL,1
20260411_TEX@LAD,2026-04-11,LAD,TEX,6,3,1.0,0.5786504149436951,0.6012,LAD,LAD,1
20260411_WSH@MIL,2026-04-11,MIL,WSH,1,3,0.0,0.6139127016067505,0.6494,MIL,WSH,0
20260410_ATH@NYM,2026-04-10,NYM,ATH,0,4,0.0,0.5404319763183594,0.5484,NYM,ATH,0
20260410_AZ@PHI,2026-04-10,PHI,AZ,4,5,0.0,0.5404319763183594,0.5484,PHI,AZ,0
20260410_BOS@STL,2026-04-10,STL,BOS,3,2,1.0,0.5445461273193359,0.5542,STL,STL,1
20260410_CLE@ATL,2026-04-10,ATL,CLE,11,5,1.0,0.5283315181732178,0.5315,ATL,ATL,1
20260410_COL@SD,2026-04-10,SD,COL,5,2,1.0,0.5404319763183594,0.5484,SD,SD,1
20260410_CWS@KC,2026-04-10,KC,CWS,2,0,1.0,0.5326553583145143,0.5375,KC,KC,1
20260410_HOU@SEA,2026-04-10,SEA,HOU,9,6,1.0,0.5404319763183594,0.5484,SEA,SEA,1
20260410_LAA@CIN,2026-04-10,CIN,LAA,2,10,0.0,0.5326553583145143,0.5375,CIN,LAA,0
20260410_MIA@DET,2026-04-10,DET,MIA,2,0,1.0,0.5326553583145143,0.5375,DET,DET,1
20260410_MIN@TOR,2026-04-10,TOR,MIN,10,4,1.0,0.5404319763183594,0.5484,TOR,TOR,1
20260410_NYY@TB,2026-04-10,TB,NYY,5,3,1.0,0.5171913504600525,0.5158,TB,TB,1
20260410_PIT@CHC,2026-04-10,CHC,PIT,0,2,0.0,0.5326553583145143,0.5375,CHC,PIT,0
20260410_SF@BAL,2026-04-10,BAL,SF,3,6,0.0,0.5171913504600525,0.5158,BAL,SF,0
20260410_TEX@LAD,2026-04-10,LAD,TEX,8,7,1.0,0.5404319763183594,0.5484,LAD,LAD,1
20260410_WSH@MIL,2026-04-10,MIL,WSH,3,7,0.0,0.5607150793075562,0.5767,MIL,WSH,0
20260409_ATH@NYY,2026-04-09,NYY,ATH,0,1,0.0,0.5326553583145143,0.5375,NYY,ATH,0
20260409_AZ@NYM,2026-04-09,NYM,AZ,1,7,0.0,0.5404319763183594,0.5484,NYM,AZ,0
20260409_CIN@MIA,2026-04-09,MIA,CIN,8,1,1.0,0.5283315181732178,0.5315,MIA,MIA,1
20260409_COL@SD,2026-04-09,SD,COL,7,3,1.0,0.5404319763183594,0.5484,SD,SD,1
20260409_CWS@KC,2026-04-09,KC,CWS,0,2,0.0,0.5445461273193359,0.5542,KC,CWS,0
20260409_DET@MIN,2026-04-09,MIN,DET,3,1,1.0,0.5171913504600525,0.5158,MIN,MIN,1
20260408_ATH@NYY,2026-04-08,NYY,ATH,2,3,0.0,0.5445461273193359,0.5542,NYY,ATH,0
20260408_ATL@LAA,2026-04-08,LAA,ATL,2,8,0.0,0.5171913504600525,0.5158,LAA,ATL,0
20260408_AZ@NYM,2026-04-08,NYM,AZ,2,7,0.0,0.5404319763183594,0.5484,NYM,AZ,0
20260408_BAL@CWS,2026-04-08,CWS,BAL,3,5,0.0,0.5171913504600525,0.5158,CWS,BAL,0
20260408_CHC@TB,2026-04-08,TB,CHC,2,6,0.0,0.5171913504600525,0.5158,TB,CHC,0
20260408_CIN@MIA,2026-04-08,MIA,CIN,7,4,1.0,0.5283315181732178,0.5315,MIA,MIA,1
20260408_DET@MIN,2026-04-08,MIN,DET,8,6,1.0,0.5171913504600525,0.5158,MIN,MIN,1
20260408_HOU@COL,2026-04-08,COL,HOU,9,1,1.0,0.5283315181732178,0.5315,COL,COL,1
20260408_KC@CLE,2026-04-08,CLE,KC,10,2,1.0,0.5404319763183594,0.5484,CLE,CLE,1
20260408_LAD@TOR,2026-04-08,TOR,LAD,4,3,1.0,0.5404319763183594,0.5484,TOR,TOR,1
20260408_MIL@BOS,2026-04-08,BOS,MIL,5,0,1.0,0.5326553583145143,0.5375,BOS,BOS,1
20260408_PHI@SF,2026-04-08,SF,PHI,5,0,1.0,0.5326553583145143,0.5375,SF,SF,1
20260408_SD@PIT,2026-04-08,PIT,SD,2,8,0.0,0.5283315181732178,0.5315,PIT,SD,0
20260408_SEA@TEX,2026-04-08,TEX,SEA,3,0,1.0,0.5445461273193359,0.5542,TEX,TEX,1
20260408_STL@WSH,2026-04-08,WSH,STL,1,6,0.0,0.5171913504600525,0.5158,WSH,STL,0
20260407_ATH@NYY,2026-04-07,NYY,ATH,5,3,1.0,0.5607150793075562,0.5767,NYY,NYY,1
20260407_ATL@LAA,2026-04-07,LAA,ATL,2,7,0.0,0.5283315181732178,0.5315,LAA,ATL,0
20260407_AZ@NYM,2026-04-07,NYM,AZ,4,3,1.0,0.5404319763183594,0.5484,NYM,NYM,1
20260407_BAL@CWS,2026-04-07,CWS,BAL,2,4,0.0,0.5171913504600525,0.5158,CWS,BAL,0
20260407_CHC@TB,2026-04-07,TB,CHC,2,9,0.0,0.5171913504600525,0.5158,TB,CHC,0
20260407_CIN@MIA,2026-04-07,MIA,CIN,3,6,0.0,0.5283315181732178,0.5315,MIA,CIN,0
20260407_DET@MIN,2026-04-07,MIN,DET,4,2,1.0,0.5171913504600525,0.5158,MIN,MIN,1
20260407_HOU@COL,2026-04-07,COL,HOU,5,1,1.0,0.5283315181732178,0.5315,COL,COL,1
20260407_KC@CLE,2026-04-07,CLE,KC,2,1,1.0,0.5404319763183594,0.5484,CLE,CLE,1
20260407_LAD@TOR,2026-04-07,TOR,LAD,1,4,0.0,0.5404319763183594,0.5484,TOR,LAD,0
20260407_MIL@BOS,2026-04-07,BOS,MIL,3,2,1.0,0.5326553583145143,0.5375,BOS,BOS,1
20260407_PHI@SF,2026-04-07,SF,PHI,6,0,1.0,0.5326553583145143,0.5375,SF,SF,1
20260407_SD@PIT,2026-04-07,PIT,SD,7,1,1.0,0.5171913504600525,0.5158,PIT,PIT,1
20260407_SEA@TEX,2026-04-07,TEX,SEA,3,2,1.0,0.5404319763183594,0.5484,TEX,TEX,1
20260407_STL@WSH,2026-04-07,WSH,STL,6,7,0.0,0.5171913504600525,0.5158,WSH,STL,0
20260406_ATL@LAA,2026-04-06,LAA,ATL,6,2,1.0,0.5283315181732178,0.5315,LAA,LAA,1
20260406_BAL@CWS,2026-04-06,CWS,BAL,1,2,0.0,0.5171913504600525,0.5158,CWS,BAL,0
20260406_CHC@TB,2026-04-06,TB,CHC,6,4,1.0,0.5171913504600525,0.5158,TB,TB,1
20260406_CIN@MIA,2026-04-06,MIA,CIN,0,2,0.0,0.5283315181732178,0.5315,MIA,CIN,0
20260406_DET@MIN,2026-04-06,MIN,DET,7,3,1.0,0.5171913504600525,0.5158,MIN,MIN,1
20260406_HOU@COL,2026-04-06,COL,HOU,9,7,1.0,0.5283315181732178,0.5315,COL,COL,1
20260406_KC@CLE,2026-04-06,CLE,KC,2,4,0.0,0.5404319763183594,0.5484,CLE,KC,0
20260406_LAD@TOR,2026-04-06,TOR,LAD,2,14,0.0,0.5404319763183594,0.5484,TOR,LAD,0
20260406_MIL@BOS,2026-04-06,BOS,MIL,6,8,0.0,0.5326553583145143,0.5375,BOS,MIL,0
20260406_PHI@SF,2026-04-06,SF,PHI,4,6,0.0,0.5326553583145143,0.5375,SF,PHI,0
20260406_SD@PIT,2026-04-06,PIT,SD,0,5,0.0,0.5171913504600525,0.5158,PIT,SD,0
20260406_SEA@TEX,2026-04-06,TEX,SEA,2,1,1.0,0.5404319763183594,0.5484,TEX,TEX,1
20260406_STL@WSH,2026-04-06,WSH,STL,9,6,1.0,0.5171913504600525,0.5158,WSH,WSH,1
20260405_ATL@AZ,2026-04-05,AZ,ATL,6,5,1.0,0.5326553583145143,0.5375,AZ,AZ,1
20260405_BAL@PIT,2026-04-05,PIT,BAL,8,2,1.0,0.5171913504600525,0.5158,PIT,PIT,1
20260405_CHC@CLE,2026-04-05,CLE,CHC,6,5,1.0,0.5404319763183594,0.5484,CLE,CLE,1
20260405_CHC@CLE,2026-04-05,CLE,CHC,0,1,0.0,0.5404319763183594,0.5484,CLE,CHC,0
20260405_CIN@TEX,2026-04-05,TEX,CIN,1,2,0.0,0.5404319763183594,0.5484,TEX,CIN,0
20260405_HOU@ATH,2026-04-05,ATH,HOU,12,10,1.0,0.5171913504600525,0.5158,ATH,ATH,1
20260405_LAD@WSH,2026-04-05,WSH,LAD,6,8,0.0,0.5171913504600525,0.5158,WSH,LAD,0
20260405_MIA@NYY,2026-04-05,NYY,MIA,6,7,0.0,0.5326553583145143,0.5375,NYY,MIA,0
20260405_MIL@KC,2026-04-05,KC,MIL,5,8,0.0,0.5326553583145143,0.5375,KC,MIL,0
20260405_NYM@SF,2026-04-05,SF,NYM,2,5,0.0,0.5326553583145143,0.5375,SF,NYM,0
20260405_PHI@COL,2026-04-05,COL,PHI,4,1,1.0,0.5283315181732178,0.5315,COL,COL,1
20260405_SD@BOS,2026-04-05,BOS,SD,6,8,0.0,0.5326553583145143,0.5375,BOS,SD,0
20260405_SEA@LAA,2026-04-05,LAA,SEA,8,7,1.0,0.5283315181732178,0.5315,LAA,LAA,1
20260405_STL@DET,2026-04-05,DET,STL,3,5,0.0,0.5326553583145143,0.5375,DET,STL,0
20260405_TB@MIN,2026-04-05,MIN,TB,1,4,0.0,0.5171913504600525,0.5158,MIN,TB,0
20260405_TOR@CWS,2026-04-05,CWS,TOR,3,0,1.0,0.5171913504600525,0.5158,CWS,CWS,1
20260404_ATL@AZ,2026-04-04,AZ,ATL,2,1,1.0,0.5326553583145143,0.5375,AZ,AZ,1
20260404_BAL@PIT,2026-04-04,PIT,BAL,3,2,1.0,0.5283315181732178,0.5315,PIT,PIT,1
20260404_CIN@TEX,2026-04-04,TEX,CIN,0,2,0.0,0.5404319763183594,0.5484,TEX,CIN,0
20260404_HOU@ATH,2026-04-04,ATH,HOU,0,11,0.0,0.5171913504600525,0.5158,ATH,HOU,0
20260404_LAD@WSH,2026-04-04,WSH,LAD,5,10,0.0,0.5171913504600525,0.5158,WSH,LAD,0
20260404_MIA@NYY,2026-04-04,NYY,MIA,9,7,1.0,0.5326553583145143,0.5375,NYY,NYY,1
20260404_MIL@KC,2026-04-04,KC,MIL,2,5,0.0,0.5326553583145143,0.5375,KC,MIL,0
20260404_MIL@KC,2026-04-04,KC,MIL,8,2,1.0,0.5326553583145143,0.5375,KC,KC,1
20260404_NYM@SF,2026-04-04,SF,NYM,0,9,0.0,0.5326553583145143,0.5375,SF,NYM,0
20260404_PHI@COL,2026-04-04,COL,PHI,1,2,0.0,0.5283315181732178,0.5315,COL,PHI,0
20260404_SD@BOS,2026-04-04,BOS,SD,2,3,0.0,0.5607150793075562,0.5767,BOS,SD,0
20260404_SEA@LAA,2026-04-04,LAA,SEA,1,0,1.0,0.5283315181732178,0.5315,LAA,LAA,1
20260404_STL@DET,2026-04-04,DET,STL,11,6,1.0,0.5326553583145143,0.5375,DET,DET,1
20260404_TB@MIN,2026-04-04,MIN,TB,1,7,0.0,0.5171913504600525,0.5158,MIN,TB,0
20260404_TOR@CWS,2026-04-04,CWS,TOR,6,3,1.0,0.5171913504600525,0.5158,CWS,CWS,1
20260403_ATL@AZ,2026-04-03,AZ,ATL,0,2,0.0,0.5214284658432007,0.5207,AZ,ATL,0
20260403_BAL@PIT,2026-04-03,PIT,BAL,5,4,1.0,0.5250129699707031,0.5258,PIT,PIT,1
20260403_CHC@CLE,2026-04-03,CLE,CHC,4,1,1.0,0.5415917634963989,0.5492,CLE,CLE,1
20260403_CIN@TEX,2026-04-03,TEX,CIN,3,5,0.0,0.5415917634963989,0.5492,TEX,CIN,0
20260403_HOU@ATH,2026-04-03,ATH,HOU,11,4,1.0,0.5084637403488159,0.5024,ATH,ATH,1
20260403_LAD@WSH,2026-04-03,WSH,LAD,6,13,0.0,0.5110412836074829,0.5061,WSH,LAD,0
20260403_MIA@NYY,2026-04-03,NYY,MIA,8,2,1.0,0.5334049463272095,0.5376,NYY,NYY,1
20260403_NYM@SF,2026-04-03,SF,NYM,3,10,0.0,0.5334049463272095,0.5376,SF,NYM,0
20260403_PHI@COL,2026-04-03,COL,PHI,1,10,0.0,0.5084637403488159,0.5024,COL,PHI,0
20260403_SD@BOS,2026-04-03,BOS,SD,5,2,1.0,0.5729334354400635,0.593,BOS,BOS,1
20260403_SEA@LAA,2026-04-03,LAA,SEA,1,3,0.0,0.546819806098938,0.5565,LAA,SEA,0
20260403_STL@DET,2026-04-03,DET,STL,4,0,1.0,0.5334049463272095,0.5376,DET,DET,1
20260403_TB@MIN,2026-04-03,MIN,TB,10,4,1.0,0.5210102200508118,0.5201,MIN,MIN,1
20260403_TOR@CWS,2026-04-03,CWS,TOR,5,4,1.0,0.5084637403488159,0.5024,CWS,CWS,1
20260402_ATL@AZ,2026-04-02,AZ,ATL,2,17,0.0,0.5214284658432007,0.5207,AZ,ATL,0
20260402_MIN@KC,2026-04-02,KC,MIN,1,5,0.0,0.5729334354400635,0.593,KC,MIN,0
20260402_NYM@SF,2026-04-02,SF,NYM,7,2,1.0,0.5334049463272095,0.5376,SF,SF,1
20260401_ATH@ATL,2026-04-01,ATL,ATH,5,1,1.0,0.5396568775177002,0.5464,ATL,ATL,1
20260401_BOS@HOU,2026-04-01,HOU,BOS,6,4,1.0,0.5729334354400635,0.593,HOU,HOU,1
20260401_CLE@LAD,2026-04-01,LAD,CLE,1,4,0.0,0.5415917634963989,0.5492,LAD,CLE,0
20260401_COL@TOR,2026-04-01,TOR,COL,1,2,0.0,0.5729334354400635,0.593,TOR,COL,0
20260401_CWS@MIA,2026-04-01,MIA,CWS,10,0,1.0,0.4717785716056824,0.4697,CWS,MIA,0
20260401_DET@AZ,2026-04-01,AZ,DET,1,0,1.0,0.5268391370773315,0.5284,AZ,AZ,1
20260401_LAA@CHC,2026-04-01,CHC,LAA,6,2,1.0,0.5334049463272095,0.5376,CHC,CHC,1
20260401_MIN@KC,2026-04-01,KC,MIN,13,9,1.0,0.5729334354400635,0.593,KC,KC,1
20260401_NYM@STL,2026-04-01,STL,NYM,2,1,1.0,0.5334049463272095,0.5376,STL,STL,1
20260401_NYY@SEA,2026-04-01,SEA,NYY,3,5,0.0,0.5296401381492615,0.5323,SEA,NYY,0
20260401_PIT@CIN,2026-04-01,CIN,PIT,3,8,0.0,0.5268391370773315,0.5284,CIN,PIT,0
20260401_SF@SD,2026-04-01,SD,SF,7,1,1.0,0.5561566948890685,0.5696,SD,SD,1
20260401_TB@MIL,2026-04-01,MIL,TB,8,2,1.0,0.5561566948890685,0.5696,MIL,MIL,1
20260401_TEX@BAL,2026-04-01,BAL,TEX,8,3,1.0,0.5334049463272095,0.5376,BAL,BAL,1
20260401_WSH@PHI,2026-04-01,PHI,WSH,6,5,1.0,0.5415917634963989,0.5492,PHI,PHI,1
20260331_ATH@ATL,2026-03-31,ATL,ATH,2,5,0.0,0.5396568775177002,0.5464,ATL,ATH,0
20260331_BOS@HOU,2026-03-31,HOU,BOS,9,2,1.0,0.5729334354400635,0.593,HOU,HOU,1
20260331_CLE@LAD,2026-03-31,LAD,CLE,4,1,1.0,0.5415917634963989,0.5492,LAD,LAD,1
20260331_COL@TOR,2026-03-31,TOR,COL,5,1,1.0,0.5729334354400635,0.593,TOR,TOR,1
20260331_CWS@MIA,2026-03-31,MIA,CWS,9,2,1.0,0.5084637403488159,0.5024,MIA,MIA,1
20260331_DET@AZ,2026-03-31,AZ,DET,7,5,1.0,0.5334049463272095,0.5376,AZ,AZ,1
20260331_LAA@CHC,2026-03-31,CHC,LAA,0,2,0.0,0.5268391370773315,0.5284,CHC,LAA,0
20260331_NYM@STL,2026-03-31,STL,NYM,3,0,1.0,0.5334049463272095,0.5376,STL,STL,1
20260331_NYY@SEA,2026-03-31,SEA,NYY,0,5,0.0,0.5415917634963989,0.5492,SEA,NYY,0
20260331_PIT@CIN,2026-03-31,CIN,PIT,3,8,0.0,0.5519726276397705,0.5637,CIN,PIT,0
20260331_SF@SD,2026-03-31,SD,SF,3,9,0.0,0.5729334354400635,0.593,SD,SF,0
20260331_TB@MIL,2026-03-31,MIL,TB,6,2,1.0,0.5415917634963989,0.5492,MIL,MIL,1
20260331_TEX@BAL,2026-03-31,BAL,TEX,5,8,0.0,0.5334049463272095,0.5376,BAL,TEX,0
20260331_WSH@PHI,2026-03-31,PHI,WSH,3,2,1.0,0.5415917634963989,0.5492,PHI,PHI,1
20260330_ATH@ATL,2026-03-30,ATL,ATH,4,0,1.0,0.5396568775177002,0.5464,ATL,ATL,1
20260330_BOS@HOU,2026-03-30,HOU,BOS,8,1,1.0,0.5729334354400635,0.593,HOU,HOU,1
20260330_CLE@LAD,2026-03-30,LAD,CLE,2,4,0.0,0.5415917634963989,0.5492,LAD,CLE,0
20260330_COL@TOR,2026-03-30,TOR,COL,5,14,0.0,0.5729334354400635,0.593,TOR,COL,0
20260330_CWS@MIA,2026-03-30,MIA,CWS,4,9,0.0,0.5084637403488159,0.5024,MIA,CWS,0
20260330_DET@AZ,2026-03-30,AZ,DET,9,6,1.0,0.5334049463272095,0.5376,AZ,AZ,1
20260330_LAA@CHC,2026-03-30,CHC,LAA,7,2,1.0,0.5334049463272095,0.5376,CHC,CHC,1
20260330_MIN@KC,2026-03-30,KC,MIN,3,1,1.0,0.5729334354400635,0.593,KC,KC,1
20260330_NYM@STL,2026-03-30,STL,NYM,2,4,0.0,0.5334049463272095,0.5376,STL,NYM,0
20260330_NYY@SEA,2026-03-30,SEA,NYY,2,1,1.0,0.5296401381492615,0.5323,SEA,SEA,1
20260330_PIT@CIN,2026-03-30,CIN,PIT,2,0,1.0,0.5729334354400635,0.593,CIN,CIN,1
20260330_SF@SD,2026-03-30,SD,SF,2,3,0.0,0.5729334354400635,0.593,SD,SF,0
20260330_TB@MIL,2026-03-30,MIL,TB,2,3,0.0,0.5729334354400635,0.593,MIL,TB,0
20260330_TEX@BAL,2026-03-30,BAL,TEX,2,5,0.0,0.5334049463272095,0.5376,BAL,TEX,0
20260330_WSH@PHI,2026-03-30,PHI,WSH,2,13,0.0,0.5296401381492615,0.5323,PHI,WSH,0
20260329_ATH@TOR,2026-03-29,TOR,ATH,5,2,1.0,0.5519726276397705,0.5637,TOR,TOR,1
20260329_BOS@CIN,2026-03-29,CIN,BOS,3,2,1.0,0.5334049463272095,0.5376,CIN,CIN,1
20260329_CLE@SEA,2026-03-29,SEA,CLE,8,0,1.0,0.5415917634963989,0.5492,SEA,SEA,1
20260329_COL@MIA,2026-03-29,MIA,COL,4,3,1.0,0.5084637403488159,0.5024,MIA,MIA,1
20260329_CWS@MIL,2026-03-29,MIL,CWS,9,7,1.0,0.5729334354400635,0.593,MIL,MIL,1
20260329_KC@ATL,2026-03-29,ATL,KC,1,4,0.0,0.5396568775177002,0.5464,ATL,KC,0
20260329_LAA@HOU,2026-03-29,HOU,LAA,9,7,1.0,0.5334049463272095,0.5376,HOU,HOU,1
20260329_MIN@BAL,2026-03-29,BAL,MIN,8,6,1.0,0.5334049463272095,0.5376,BAL,BAL,1
20260329_PIT@NYM,2026-03-29,NYM,PIT,3,4,0.0,0.5729334354400635,0.593,NYM,PIT,0
20260329_TB@STL,2026-03-29,STL,TB,7,11,0.0,0.5729334354400635,0.593,STL,TB,0
20260329_TEX@PHI,2026-03-29,PHI,TEX,3,8,0.0,0.5415917634963989,0.5492,PHI,TEX,0
20260329_WSH@CHC,2026-03-29,CHC,WSH,3,6,0.0,0.5214284658432007,0.5207,CHC,WSH,0
20260328_ATH@TOR,2026-03-28,TOR,ATH,8,7,1.0,0.5729334354400635,0.593,TOR,TOR,1
20260328_AZ@LAD,2026-03-28,LAD,AZ,3,2,1.0,0.5729334354400635,0.593,LAD,LAD,1
20260328_BOS@CIN,2026-03-28,CIN,BOS,6,5,1.0,0.5334049463272095,0.5376,CIN,CIN,1
20260328_CLE@SEA,2026-03-28,SEA,CLE,5,6,0.0,0.5415917634963989,0.5492,SEA,CLE,0
20260328_COL@MIA,2026-03-28,MIA,COL,4,3,1.0,0.5084637403488159,0.5024,MIA,MIA,1
20260328_CWS@MIL,2026-03-28,MIL,CWS,6,1,1.0,0.5729334354400635,0.593,MIL,MIL,1
20260328_DET@SD,2026-03-28,SD,DET,3,0,1.0,0.5415917634963989,0.5492,SD,SD,1
20260328_KC@ATL,2026-03-28,ATL,KC,6,2,1.0,0.5396568775177002,0.5464,ATL,ATL,1
20260328_LAA@HOU,2026-03-28,HOU,LAA,11,9,1.0,0.5334049463272095,0.5376,HOU,HOU,1
20260328_MIN@BAL,2026-03-28,BAL,MIN,1,4,0.0,0.5729334354400635,0.593,BAL,MIN,0
20260328_NYY@SF,2026-03-28,SF,NYY,1,3,0.0,0.5214284658432007,0.5207,SF,NYY,0
20260328_PIT@NYM,2026-03-28,NYM,PIT,4,2,1.0,0.5729334354400635,0.593,NYM,NYM,1
20260328_TB@STL,2026-03-28,STL,TB,6,5,1.0,0.5519726276397705,0.5637,STL,STL,1
20260328_TEX@PHI,2026-03-28,PHI,TEX,4,5,0.0,0.5729334354400635,0.593,PHI,TEX,0
20260328_WSH@CHC,2026-03-28,CHC,WSH,10,2,1.0,0.5214284658432007,0.5207,CHC,CHC,1
20250930_BOS@NYY,2025-09-30,NYY,BOS,1,3,0.0,0.5090351104736328,0.5049,NYY,BOS,0
20250930_CIN@LAD,2025-09-30,LAD,CIN,10,5,1.0,0.596451699733734,0.6241,LAD,LAD,1
20250930_DET@CLE,2025-09-30,CLE,DET,1,2,0.0,0.5573263168334961,0.5711,CLE,DET,0
20250930_SD@CHC,2025-09-30,CHC,SD,3,1,1.0,0.5164426565170288,0.5151,CHC,CHC,1
20250928_AZ@SD,2025-09-28,SD,AZ,12,4,1.0,0.5418294072151184,0.5499,SD,SD,1
20250928_BAL@NYY,2025-09-28,NYY,BAL,3,2,1.0,0.5250877737998962,0.527,NYY,NYY,1
20250928_CIN@MIL,2025-09-28,MIL,CIN,4,2,1.0,0.604987382888794,0.6355,MIL,MIL,1
20250928_COL@SF,2025-09-28,SF,COL,4,0,1.0,0.6972568631172179,0.7534,SF,SF,1
20250928_CWS@WSH,2025-09-28,WSH,CWS,0,8,0.0,0.5910723209381104,0.6169,WSH,CWS,0
20250928_DET@BOS,2025-09-28,BOS,DET,4,3,1.0,0.5097613334655762,0.5059,BOS,BOS,1
20250928_HOU@LAA,2025-09-28,LAA,HOU,2,6,0.0,0.4193324446678161,0.3971,HOU,HOU,1
20250928_KC@ATH,2025-09-28,ATH,KC,2,9,0.0,0.46302181482315063,0.4567,KC,KC,1
20250928_LAD@SEA,2025-09-28,SEA,LAD,1,6,0.0,0.5197378396987915,0.5196,SEA,LAD,0
20250928_MIN@PHI,2025-09-28,PHI,MIN,2,1,1.0,0.6137107610702515,0.6471,PHI,PHI,1
20250928_NYM@MIA,2025-09-28,MIA,NYM,4,0,1.0,0.40118062496185297,0.3727,NYM,MIA,0
20250928_PIT@ATL,2025-09-28,ATL,PIT,4,1,1.0,0.5467430353164673,0.5567,ATL,ATL,1
20250928_STL@CHC,2025-09-28,CHC,STL,2,0,1.0,0.583420693874359,0.6066,CHC,CHC,1
20250928_TB@TOR,2025-09-28,TOR,TB,13,4,1.0,0.5945829153060913,0.6216,TOR,TOR,1
20250928_TEX@CLE,2025-09-28,CLE,TEX,9,8,1.0,0.6158698201179504,0.6499,CLE,CLE,1
20250927_AZ@SD,2025-09-27,SD,AZ,5,1,1.0,0.5399417877197266,0.5474,SD,SD,1
20250927_BAL@NYY,2025-09-27,NYY,BAL,6,1,1.0,0.5961461067199707,0.6237,NYY,NYY,1
20250927_CIN@MIL,2025-09-27,MIL,CIN,4,7,0.0,0.5776095986366272,0.5987,MIL,CIN,0
20250927_COL@SF,2025-09-27,SF,COL,4,3,1.0,0.6692472100257874,0.7188,SF,SF,1
20250927_CWS@WSH,2025-09-27,WSH,CWS,6,5,1.0,0.6002567410469055,0.6292,WSH,WSH,1
20250927_DET@BOS,2025-09-27,BOS,DET,1,2,0.0,0.5138452649116516,0.5115,BOS,DET,0
20250927_HOU@LAA,2025-09-27,LAA,HOU,1,6,0.0,0.45520564913749695,0.446,HOU,HOU,1
20250927_KC@ATH,2025-09-27,ATH,KC,2,4,0.0,0.539040207862854,0.5461,ATH,KC,0
20250927_LAD@SEA,2025-09-27,SEA,LAD,3,5,0.0,0.51287841796875,0.5102,SEA,LAD,0
20250927_MIN@PHI,2025-09-27,PHI,MIN,0,5,0.0,0.6273108720779419,0.665,PHI,MIN,0
20250927_NYM@MIA,2025-09-27,MIA,NYM,0,5,0.0,0.40618109703063965,0.3794,NYM,NYM,1
20250927_PIT@ATL,2025-09-27,ATL,PIT,1,3,0.0,0.588813841342926,0.6138,ATL,PIT,0
20250927_STL@CHC,2025-09-27,CHC,STL,7,3,1.0,0.5912586450576782,0.6171,CHC,CHC,1
20250927_TB@TOR,2025-09-27,TOR,TB,5,1,1.0,0.5975403189659119,0.6256,TOR,TOR,1
20250927_TEX@CLE,2025-09-27,CLE,TEX,3,2,1.0,0.6266341805458069,0.6641,CLE,CLE,1
20250926_AZ@SD,2025-09-26,SD,AZ,7,4,1.0,0.5189787149429321,0.5186,SD,SD,1
20250926_BAL@NYY,2025-09-26,NYY,BAL,8,4,1.0,0.5515695810317993,0.5633,NYY,NYY,1
20250926_CIN@MIL,2025-09-26,MIL,CIN,1,3,0.0,0.5728787779808044,0.5923,MIL,CIN,0
20250926_COL@SF,2025-09-26,SF,COL,6,3,1.0,0.7266786694526672,0.7882,SF,SF,1
20250926_CWS@WSH,2025-09-26,WSH,CWS,9,10,0.0,0.5675761699676513,0.5851,WSH,CWS,0
20250926_DET@BOS,2025-09-26,BOS,DET,4,3,1.0,0.5138452649116516,0.5115,BOS,BOS,1
20250926_HOU@LAA,2025-09-26,LAA,HOU,4,3,1.0,0.45740330219268804,0.449,HOU,LAA,0
20250926_KC@ATH,2025-09-26,ATH,KC,4,3,1.0,0.5218914151191711,0.5226,ATH,ATH,1
20250926_LAD@SEA,2025-09-26,SEA,LAD,2,3,0.0,0.5441603064537048,0.5531,SEA,LAD,0
20250926_MIN@PHI,2025-09-26,PHI,MIN,3,1,1.0,0.6538414359092714,0.6993,PHI,PHI,1
20250926_NYM@MIA,2025-09-26,MIA,NYM,6,2,1.0,0.4455012083053589,0.4327,NYM,MIA,0
20250926_PIT@ATL,2025-09-26,ATL,PIT,3,9,0.0,0.5787917375564575,0.6003,ATL,PIT,0
20250926_STL@CHC,2025-09-26,CHC,STL,12,1,1.0,0.5913662910461426,0.6173,CHC,CHC,1
20250926_TB@TOR,2025-09-26,TOR,TB,4,2,1.0,0.4859568178653717,0.4882,TB,TOR,0
20250926_TEX@CLE,2025-09-26,CLE,TEX,3,7,0.0,0.5929287672042847,0.6194,CLE,TEX,0
20250925_BOS@TOR,2025-09-25,TOR,BOS,6,1,1.0,0.5346969366073608,0.5402,TOR,TOR,1
20250925_COL@SEA,2025-09-25,SEA,COL,6,2,1.0,0.725221872329712,0.7865,SEA,SEA,1
20250925_CWS@NYY,2025-09-25,NYY,CWS,5,3,1.0,0.7035149335861206,0.7609,NYY,NYY,1
20250925_DET@CLE,2025-09-25,CLE,DET,2,4,0.0,0.4973204135894776,0.5,DET,DET,1
20250925_HOU@ATH,2025-09-25,ATH,HOU,5,11,0.0,0.47610065340995783,0.4747,HOU,HOU,1
20250925_KC@LAA,2025-09-25,LAA,KC,4,9,0.0,0.4517945647239685,0.4413,KC,KC,1
20250925_LAD@AZ,2025-09-25,AZ,LAD,0,8,0.0,0.4650715589523315,0.4595,LAD,LAD,1
20250925_MIA@PHI,2025-09-25,PHI,MIA,1,0,1.0,0.5686740875244141,0.5866,PHI,PHI,1
20250925_MIN@TEX,2025-09-25,TEX,MIN,0,4,0.0,0.5667562484741212,0.584,TEX,MIN,0
20250925_NYM@CHC,2025-09-25,CHC,NYM,5,8,0.0,0.4924418032169342,0.4971,NYM,NYM,1
20250925_PIT@CIN,2025-09-25,CIN,PIT,2,1,1.0,0.5361717939376831,0.5422,CIN,CIN,1
20250925_TB@BAL,2025-09-25,BAL,TB,6,5,1.0,0.45671361684799194,0.4481,TB,BAL,0
20250924_BOS@TOR,2025-09-24,TOR,BOS,1,7,0.0,0.49057209491729736,0.4946,BOS,BOS,1
20250924_COL@SEA,2025-09-24,SEA,COL,9,2,1.0,0.7059186697006226,0.7638,SEA,SEA,1
20250924_CWS@NYY,2025-09-24,NYY,CWS,8,1,1.0,0.6588764190673828,0.7057,NYY,NYY,1
20250924_DET@CLE,2025-09-24,CLE,DET,5,1,1.0,0.5192246437072754,0.5189,CLE,CLE,1
20250924_HOU@ATH,2025-09-24,ATH,HOU,6,0,1.0,0.45474258065223694,0.4454,HOU,ATH,0
20250924_KC@LAA,2025-09-24,LAA,KC,3,2,1.0,0.43537577986717224,0.4189,KC,LAA,0
20250924_LAD@AZ,2025-09-24,AZ,LAD,4,5,0.0,0.4938577115535736,0.4991,LAD,LAD,1
20250924_MIA@PHI,2025-09-24,PHI,MIA,11,1,1.0,0.5369054675102234,0.5432,PHI,PHI,1
20250924_MIL@SD,2025-09-24,SD,MIL,1,3,0.0,0.5252870917320251,0.5272,SD,MIL,0
20250924_MIN@TEX,2025-09-24,TEX,MIN,4,2,1.0,0.6092516183853149,0.6412,TEX,TEX,1
20250924_NYM@CHC,2025-09-24,CHC,NYM,10,3,1.0,0.4975768327713014,0.5,NYM,CHC,0
20250924_PIT@CIN,2025-09-24,CIN,PIT,3,4,0.0,0.5451673269271851,0.5545,CIN,PIT,0
20250924_STL@SF,2025-09-24,SF,STL,4,3,1.0,0.5138914585113525,0.5116,SF,SF,1
20250924_TB@BAL,2025-09-24,BAL,TB,2,6,0.0,0.5067998170852661,0.5018,BAL,TB,0
20250924_WSH@ATL,2025-09-24,ATL,WSH,3,4,0.0,0.6425427794456482,0.6848,ATL,WSH,0
20250923_BOS@TOR,2025-09-23,TOR,BOS,1,4,0.0,0.5399706363677979,0.5474,TOR,BOS,0
20250923_COL@SEA,2025-09-23,SEA,COL,4,3,1.0,0.6847298741340637,0.7381,SEA,SEA,1
20250923_CWS@NYY,2025-09-23,NYY,CWS,3,2,1.0,0.7019838094711304,0.7591,NYY,NYY,1
20250923_DET@CLE,2025-09-23,CLE,DET,5,2,1.0,0.5099197030067444,0.5061,CLE,CLE,1
20250923_HOU@ATH,2025-09-23,ATH,HOU,5,1,1.0,0.46425536274909973,0.4584,HOU,ATH,0
20250923_KC@LAA,2025-09-23,LAA,KC,4,8,0.0,0.3545813262462616,0.3115,KC,KC,1
20250923_LAD@AZ,2025-09-23,AZ,LAD,5,4,1.0,0.45154607295989996,0.441,LAD,AZ,0
20250923_MIA@PHI,2025-09-23,PHI,MIA,5,6,0.0,0.5444031357765198,0.5535,PHI,MIA,0
20250923_MIL@SD,2025-09-23,SD,MIL,7,0,1.0,0.47988319396972656,0.4799,MIL,SD,0
20250923_MIN@TEX,2025-09-23,TEX,MIN,1,4,0.0,0.6010584831237794,0.6303,TEX,MIN,0
20250923_NYM@CHC,2025-09-23,CHC,NYM,7,9,0.0,0.5203502774238586,0.5205,CHC,NYM,0
20250923_PIT@CIN,2025-09-23,CIN,PIT,2,4,0.0,0.5080534219741821,0.5036,CIN,PIT,0
20250923_STL@SF,2025-09-23,SF,STL,8,9,0.0,0.5333853363990784,0.5384,SF,STL,0
20250923_TB@BAL,2025-09-23,BAL,TB,6,0,1.0,0.4823336005210877,0.4832,TB,BAL,0
20250923_WSH@ATL,2025-09-23,ATL,WSH,3,2,1.0,0.6342652440071106,0.6741,ATL,ATL,1
20250922_MIL@SD,2025-09-22,SD,MIL,5,4,1.0,0.4856334626674652,0.4877,MIL,SD,0
20250922_STL@SF,2025-09-22,SF,STL,5,6,0.0,0.5325691103935242,0.5372,SF,STL,0
20250922_WSH@ATL,2025-09-22,ATL,WSH,11,5,1.0,0.6458112001419067,0.6884,ATL,ATL,1
20250921_ATH@PIT,2025-09-21,PIT,ATH,11,0,1.0,0.5472292304039001,0.5572,PIT,PIT,1
20250921_ATL@DET,2025-09-21,DET,ATL,2,6,0.0,0.536476731300354,0.5425,DET,ATL,0
20250921_BOS@TB,2025-09-21,TB,BOS,7,3,1.0,0.4337003231048584,0.4169,BOS,TB,0
20250921_CHC@CIN,2025-09-21,CIN,CHC,1,0,1.0,0.5133529901504517,0.5109,CIN,CIN,1
20250921_CLE@MIN,2025-09-21,MIN,CLE,6,2,1.0,0.5145035982131958,0.5125,MIN,MIN,1
20250921_LAA@COL,2025-09-21,COL,LAA,3,1,1.0,0.4128665626049042,0.3888,LAA,COL,0
20250921_MIA@TEX,2025-09-21,TEX,MIA,2,4,0.0,0.5435248017311096,0.5521,TEX,MIA,0
20250921_MIL@STL,2025-09-21,STL,MIL,5,1,1.0,0.4410593807697296,0.4269,MIL,STL,0
20250921_NYY@BAL,2025-09-21,BAL,NYY,1,7,0.0,0.40743818879127497,0.3815,NYY,NYY,1
20250921_PHI@AZ,2025-09-21,AZ,PHI,9,2,1.0,0.4430896043777466,0.4296,PHI,AZ,0
20250921_SD@CWS,2025-09-21,CWS,SD,2,3,0.0,0.4695510268211365,0.4657,SD,SD,1
20250921_SEA@HOU,2025-09-21,HOU,SEA,3,7,0.0,0.49541333317756653,0.5,SEA,SEA,1
20250921_SF@LAD,2025-09-21,LAD,SF,1,3,0.0,0.6390445232391357,0.6797,LAD,SF,0
20250921_TOR@KC,2025-09-21,KC,TOR,5,8,0.0,0.5593730807304382,0.5737,KC,TOR,0
20250921_WSH@NYM,2025-09-21,NYM,WSH,2,3,0.0,0.6240222454071045,0.6601,NYM,WSH,0
20250920_ATH@PIT,2025-09-20,PIT,ATH,2,0,1.0,0.5089364647865295,0.5049,PIT,PIT,1
20250920_ATL@DET,2025-09-20,DET,ATL,5,6,0.0,0.5570750832557678,0.5706,DET,ATL,0
20250920_BOS@TB,2025-09-20,TB,BOS,3,6,0.0,0.476021945476532,0.4746,BOS,BOS,1
20250920_CHC@CIN,2025-09-20,CIN,CHC,6,3,1.0,0.5343308448791504,0.5396,CIN,CIN,1
20250920_CLE@MIN,2025-09-20,MIN,CLE,0,6,0.0,0.5040225386619568,0.5,MIN,CLE,0
20250920_CLE@MIN,2025-09-20,MIN,CLE,0,8,0.0,0.5136352181434631,0.5113,MIN,CLE,0
20250920_LAA@COL,2025-09-20,COL,LAA,0,3,0.0,0.4284318387508393,0.4098,LAA,LAA,1
20250920_MIA@TEX,2025-09-20,TEX,MIA,3,4,0.0,0.5836203098297119,0.6065,TEX,MIA,0
20250920_MIL@STL,2025-09-20,STL,MIL,2,3,0.0,0.4157610237598419,0.3927,MIL,MIL,1
20250920_NYY@BAL,2025-09-20,BAL,NYY,1,6,0.0,0.3828664124011994,0.3489,NYY,NYY,1
20250920_PHI@AZ,2025-09-20,AZ,PHI,4,3,1.0,0.47243273258209234,0.4697,PHI,AZ,0
20250920_SD@CWS,2025-09-20,CWS,SD,3,7,0.0,0.3880625367164612,0.3558,SD,SD,1
20250920_SEA@HOU,2025-09-20,HOU,SEA,4,6,0.0,0.5644357800483704,0.5806,HOU,SEA,0
20250920_SF@LAD,2025-09-20,LAD,SF,7,5,1.0,0.6207708716392517,0.6559,LAD,LAD,1
20250920_TOR@KC,2025-09-20,KC,TOR,2,1,1.0,0.5554261803627014,0.5684,KC,KC,1
20250920_WSH@NYM,2025-09-20,NYM,WSH,3,5,0.0,0.5496230721473694,0.5605,NYM,WSH,0
20250919_ATH@PIT,2025-09-19,PIT,ATH,3,4,0.0,0.505737841129303,0.5005,PIT,ATH,0
20250919_ATL@DET,2025-09-19,DET,ATL,1,10,0.0,0.48307979106903076,0.4842,ATL,ATL,1
20250919_BOS@TB,2025-09-19,TB,BOS,7,11,0.0,0.4575754404067993,0.4494,BOS,BOS,1
20250919_CHC@CIN,2025-09-19,CIN,CHC,7,4,1.0,0.5027797818183899,0.5,CIN,CIN,1
20250919_CLE@MIN,2025-09-19,MIN,CLE,2,6,0.0,0.45979467034339905,0.4524,CLE,CLE,1
20250919_LAA@COL,2025-09-19,COL,LAA,7,6,1.0,0.4346162974834442,0.4181,LAA,COL,0
20250919_MIA@TEX,2025-09-19,TEX,MIA,4,6,0.0,0.5832058191299438,0.6059,TEX,MIA,0
20250919_MIL@STL,2025-09-19,STL,MIL,7,1,1.0,0.42585372924804693,0.4063,MIL,STL,0
20250919_NYY@BAL,2025-09-19,BAL,NYY,4,2,1.0,0.4628377258777619,0.4565,NYY,BAL,0
20250919_PHI@AZ,2025-09-19,AZ,PHI,2,8,0.0,0.5032517313957215,0.5,AZ,PHI,0
20250919_SD@CWS,2025-09-19,CWS,SD,4,3,1.0,0.41120216250419617,0.3866,SD,CWS,0
20250919_SEA@HOU,2025-09-19,HOU,SEA,0,4,0.0,0.5401636958122253,0.5476,HOU,SEA,0
20250919_SF@LAD,2025-09-19,LAD,SF,6,3,1.0,0.5784927606582642,0.5996,LAD,LAD,1
20250919_TOR@KC,2025-09-19,KC,TOR,20,1,1.0,0.5674704313278199,0.5847,KC,KC,1
20250919_WSH@NYM,2025-09-19,NYM,WSH,12,6,1.0,0.5533658266067505,0.5656,NYM,NYM,1
20250918_ATH@BOS,2025-09-18,BOS,ATH,3,5,0.0,0.5659095048904419,0.5826,BOS,ATH,0
20250918_CHC@CIN,2025-09-18,CIN,CHC,1,0,1.0,0.5234304070472716,0.5247,CIN,CIN,1
20250918_CLE@DET,2025-09-18,DET,CLE,1,3,0.0,0.5149806141853333,0.5131,DET,CLE,0
20250918_LAA@MIL,2025-09-18,MIL,LAA,5,2,1.0,0.62553471326828,0.6621,MIL,MIL,1
20250918_MIA@COL,2025-09-18,COL,MIA,7,9,0.0,0.3737518787384033,0.337,MIA,MIA,1
20250918_NYY@BAL,2025-09-18,BAL,NYY,0,7,0.0,0.3805922567844391,0.3459,NYY,NYY,1
20250918_SD@NYM,2025-09-18,NYM,SD,6,1,1.0,0.5109961628913879,0.5077,NYM,NYM,1
20250918_SEA@KC,2025-09-18,KC,SEA,0,2,0.0,0.5710251927375793,0.5895,KC,SEA,0
20250918_SF@LAD,2025-09-18,LAD,SF,2,1,1.0,0.5834099650382996,0.6062,LAD,LAD,1
20250918_TOR@TB,2025-09-18,TB,TOR,4,0,1.0,0.5079103708267212,0.5034,TB,TB,1
20250917_ATH@BOS,2025-09-17,BOS,ATH,5,4,1.0,0.5610653162002563,0.576,BOS,BOS,1
20250917_ATL@WSH,2025-09-17,WSH,ATL,4,9,0.0,0.4174443781375885,0.3949,ATL,ATL,1
20250917_BAL@CWS,2025-09-17,CWS,BAL,1,3,0.0,0.41551804542541504,0.3924,BAL,BAL,1
20250917_CHC@PIT,2025-09-17,PIT,CHC,4,8,0.0,0.4984590411186218,0.5,CHC,CHC,1
20250917_CIN@STL,2025-09-17,STL,CIN,2,6,0.0,0.48872882127761846,0.492,CIN,CIN,1
20250917_CLE@DET,2025-09-17,DET,CLE,0,4,0.0,0.5300922989845276,0.5338,DET,CLE,0
20250917_LAA@MIL,2025-09-17,MIL,LAA,9,2,1.0,0.6159577369689941,0.6495,MIL,MIL,1
20250917_MIA@COL,2025-09-17,COL,MIA,4,8,0.0,0.4554162919521332,0.4464,MIA,MIA,1
20250917_NYY@MIN,2025-09-17,MIN,NYY,5,10,0.0,0.4430622756481171,0.4296,NYY,NYY,1
20250917_PHI@LAD,2025-09-17,LAD,PHI,5,0,1.0,0.5363839864730835,0.5424,LAD,LAD,1
20250917_SD@NYM,2025-09-17,NYM,SD,4,7,0.0,0.5078525543212891,0.5034,NYM,SD,0
20250917_SEA@KC,2025-09-17,KC,SEA,7,5,1.0,0.5633053183555603,0.5791,KC,KC,1
20250917_SF@AZ,2025-09-17,AZ,SF,1,5,0.0,0.49414426088333124,0.4994,SF,SF,1
20250917_TEX@HOU,2025-09-17,HOU,TEX,5,2,1.0,0.5875621438026428,0.6118,HOU,HOU,1
20250917_TOR@TB,2025-09-17,TB,TOR,2,1,1.0,0.5442045331001282,0.5531,TB,TB,1
20250916_ATH@BOS,2025-09-16,BOS,ATH,1,2,0.0,0.6088305711746216,0.6401,BOS,ATH,0
20250916_ATL@WSH,2025-09-16,WSH,ATL,0,5,0.0,0.37209424376487726,0.3348,ATL,ATL,1
20250916_ATL@WSH,2025-09-16,WSH,ATL,3,6,0.0,0.4210860729217529,0.3999,ATL,ATL,1
20250916_BAL@CWS,2025-09-16,CWS,BAL,7,8,0.0,0.44507065415382385,0.4323,BAL,BAL,1
20250916_CHC@PIT,2025-09-16,PIT,CHC,1,4,0.0,0.5207249522209167,0.521,PIT,CHC,0
20250916_CIN@STL,2025-09-16,STL,CIN,3,0,1.0,0.4694379270076751,0.4656,CIN,STL,0
20250916_CLE@DET,2025-09-16,DET,CLE,5,7,0.0,0.4980336725711822,0.5,CLE,CLE,1
20250916_LAA@MIL,2025-09-16,MIL,LAA,9,2,1.0,0.6834167838096619,0.7357,MIL,MIL,1
20250916_MIA@COL,2025-09-16,COL,MIA,5,6,0.0,0.4387531280517578,0.4237,MIA,MIA,1
20250916_NYY@MIN,2025-09-16,MIN,NYY,9,10,0.0,0.39168310165405273,0.3606,NYY,NYY,1
20250916_PHI@LAD,2025-09-16,LAD,PHI,6,9,0.0,0.5254116058349609,0.5274,LAD,PHI,0
20250916_SD@NYM,2025-09-16,NYM,SD,8,3,1.0,0.5028618574142456,0.5,NYM,NYM,1
20250916_SEA@KC,2025-09-16,KC,SEA,5,12,0.0,0.5416643619537354,0.5496,KC,SEA,0
20250916_SF@AZ,2025-09-16,AZ,SF,6,5,1.0,0.4931085109710693,0.4979,SF,AZ,0
20250916_TEX@HOU,2025-09-16,HOU,TEX,6,5,1.0,0.5971894264221193,0.6247,HOU,HOU,1
20250916_TOR@TB,2025-09-16,TB,TOR,5,6,0.0,0.5594844818115234,0.5739,TB,TOR,0
20250915_ATL@WSH,2025-09-15,WSH,ATL,3,11,0.0,0.5724090933799744,0.5908,WSH,ATL,0
20250915_BAL@CWS,2025-09-15,CWS,BAL,1,4,0.0,0.41477021574974066,0.3925,BAL,BAL,1
20250915_CHC@PIT,2025-09-15,PIT,CHC,0,4,0.0,0.5143371820449829,0.5146,PIT,CHC,0
20250915_CIN@STL,2025-09-15,STL,CIN,6,11,0.0,0.5135225653648376,0.5135,STL,CIN,0
20250915_NYY@MIN,2025-09-15,MIN,NYY,7,0,1.0,0.3553194403648377,0.3168,NYY,MIN,0
20250915_PHI@LAD,2025-09-15,LAD,PHI,5,6,0.0,0.5477809309959412,0.5586,LAD,PHI,0
20250915_SF@AZ,2025-09-15,AZ,SF,8,1,1.0,0.4687860608100891,0.4632,SF,AZ,0
20250915_TEX@HOU,2025-09-15,HOU,TEX,6,3,1.0,0.5868104696273804,0.6095,HOU,HOU,1
20250915_TOR@TB,2025-09-15,TB,TOR,1,2,0.0,0.5299587845802307,0.5352,TB,TOR,0
20250914_AZ@MIN,2025-09-14,MIN,AZ,4,6,0.0,0.5026505589485168,0.5,MIN,AZ,0
20250914_BAL@TOR,2025-09-14,TOR,BAL,11,2,1.0,0.5505051612854004,0.5622,TOR,TOR,1
20250914_CIN@ATH,2025-09-14,ATH,CIN,7,4,1.0,0.5108451247215271,0.51,ATH,ATH,1
20250914_COL@SD,2025-09-14,SD,COL,9,6,1.0,0.6767440438270569,0.7226,SD,SD,1
20250914_CWS@CLE,2025-09-14,CLE,CWS,3,2,1.0,0.6537081599235535,0.6944,CLE,CLE,1
20250914_DET@MIA,2025-09-14,MIA,DET,0,2,0.0,0.4508022665977478,0.4395,DET,DET,1
20250914_HOU@ATL,2025-09-14,ATL,HOU,8,3,1.0,0.4542204737663269,0.444,HOU,ATL,0
20250914_KC@PHI,2025-09-14,PHI,KC,3,10,0.0,0.5190943479537964,0.5209,PHI,KC,0
20250914_LAA@SEA,2025-09-14,SEA,LAA,11,2,1.0,0.657642662525177,0.6993,SEA,SEA,1
20250914_LAD@SF,2025-09-14,SF,LAD,2,10,0.0,0.46202841401100164,0.4543,LAD,LAD,1
20250914_NYY@BOS,2025-09-14,BOS,NYY,6,4,1.0,0.4506237506866455,0.4393,NYY,BOS,0
20250914_PIT@WSH,2025-09-14,WSH,PIT,4,3,1.0,0.5338611602783203,0.5403,WSH,WSH,1
20250914_STL@MIL,2025-09-14,MIL,STL,2,3,0.0,0.6085729598999023,0.6376,MIL,STL,0
20250914_TB@CHC,2025-09-14,CHC,TB,4,3,1.0,0.4902324080467224,0.4914,TB,CHC,0
20250914_TEX@NYM,2025-09-14,NYM,TEX,5,2,1.0,0.6198135018348694,0.6519,NYM,NYM,1
20250913_AZ@MIN,2025-09-13,MIN,AZ,2,5,0.0,0.39880719780921936,0.3719,AZ,AZ,1
20250913_BAL@TOR,2025-09-13,TOR,BAL,5,4,1.0,0.5275071263313293,0.532,TOR,TOR,1
20250913_CIN@ATH,2025-09-13,ATH,CIN,11,5,1.0,0.47814869880676275,0.4755,CIN,ATH,0
20250913_COL@SD,2025-09-13,SD,COL,11,3,1.0,0.6857349276542664,0.7334,SD,SD,1
20250913_CWS@CLE,2025-09-13,CLE,CWS,3,1,1.0,0.6926090121269226,0.7416,CLE,CLE,1
20250913_DET@MIA,2025-09-13,MIA,DET,6,4,1.0,0.44246298074722284,0.4286,DET,MIA,0
20250913_HOU@ATL,2025-09-13,ATL,HOU,2,6,0.0,0.4471258223056794,0.4347,HOU,HOU,1
20250913_KC@PHI,2025-09-13,PHI,KC,8,6,1.0,0.5502582788467407,0.5619,PHI,PHI,1
20250913_LAA@SEA,2025-09-13,SEA,LAA,5,3,1.0,0.6551896929740906,0.6962,SEA,SEA,1
20250913_LAD@SF,2025-09-13,SF,LAD,7,13,0.0,0.4909371733665467,0.4924,LAD,LAD,1
20250913_NYY@BOS,2025-09-13,BOS,NYY,3,5,0.0,0.48984515666961675,0.4909,NYY,NYY,1
20250913_PIT@WSH,2025-09-13,WSH,PIT,1,5,0.0,0.5082409381866455,0.5066,WSH,PIT,0
20250913_STL@MIL,2025-09-13,MIL,STL,9,8,1.0,0.5724839568138123,0.5909,MIL,MIL,1
20250913_TB@CHC,2025-09-13,CHC,TB,4,5,0.0,0.518062949180603,0.5195,CHC,TB,0
20250913_TEX@NYM,2025-09-13,NYM,TEX,2,3,0.0,0.6001569032669067,0.6268,NYM,TEX,0
20250912_AZ@MIN,2025-09-12,MIN,AZ,9,8,1.0,0.49488168954849243,0.4976,AZ,MIN,0
20250912_BAL@TOR,2025-09-12,TOR,BAL,6,1,1.0,0.4884350895881652,0.4891,BAL,TOR,0
20250912_CIN@ATH,2025-09-12,ATH,CIN,3,0,1.0,0.5329073071479797,0.5391,ATH,ATH,1
20250912_COL@SD,2025-09-12,SD,COL,2,4,0.0,0.6132780313491821,0.6436,SD,COL,0
20250912_CWS@CLE,2025-09-12,CLE,CWS,4,0,1.0,0.6153334379196167,0.6462,CLE,CLE,1
20250912_DET@MIA,2025-09-12,MIA,DET,8,2,1.0,0.40659666061401367,0.3819,DET,MIA,0
20250912_HOU@ATL,2025-09-12,ATL,HOU,3,11,0.0,0.4864952266216278,0.4865,HOU,HOU,1
20250912_KC@PHI,2025-09-12,PHI,KC,8,2,1.0,0.5564188361167908,0.57,PHI,PHI,1
20250912_LAA@SEA,2025-09-12,SEA,LAA,2,1,1.0,0.6738988161087036,0.7191,SEA,SEA,1
20250912_LAD@SF,2025-09-12,SF,LAD,5,1,1.0,0.47018763422966,0.465,LAD,SF,0
20250912_NYY@BOS,2025-09-12,BOS,NYY,1,4,0.0,0.4918923974037171,0.4936,NYY,NYY,1
20250912_PIT@WSH,2025-09-12,WSH,PIT,6,5,1.0,0.4931022524833679,0.4952,PIT,WSH,0
20250912_STL@MIL,2025-09-12,MIL,STL,8,2,1.0,0.6316868662834167,0.6669,MIL,MIL,1
20250912_TB@CHC,2025-09-12,CHC,TB,6,4,1.0,0.5024211406707764,0.5,CHC,CHC,1
20250912_TEX@NYM,2025-09-12,NYM,TEX,3,8,0.0,0.6274663209915161,0.6616,NYM,TEX,0
20250911_COL@SD,2025-09-11,SD,COL,2,0,1.0,0.7348336577415466,0.7904,SD,SD,1
20250911_DET@NYY,2025-09-11,NYY,DET,9,3,1.0,0.5598059892654419,0.5744,NYY,NYY,1
20250911_HOU@TOR,2025-09-11,TOR,HOU,6,0,1.0,0.5235306024551392,0.5267,TOR,TOR,1
20250911_KC@CLE,2025-09-11,CLE,KC,3,2,1.0,0.4787471890449524,0.4763,KC,CLE,0
20250911_LAA@SEA,2025-09-11,SEA,LAA,7,6,1.0,0.5973005294799805,0.6231,SEA,SEA,1
20250911_NYM@PHI,2025-09-11,PHI,NYM,6,4,1.0,0.575678825378418,0.5951,PHI,PHI,1
20250911_PIT@BAL,2025-09-11,BAL,PIT,3,2,1.0,0.5015342235565186,0.5,BAL,BAL,1
20250911_TB@CWS,2025-09-11,CWS,TB,5,1,1.0,0.47468680143356323,0.4709,TB,CWS,0
20250911_WSH@MIA,2025-09-11,MIA,WSH,5,0,1.0,0.4242574870586395,0.4048,WSH,MIA,0
20250910_AZ@SF,2025-09-10,SF,AZ,3,5,0.0,0.5000308752059937,0.5,SF,AZ,0
20250910_BOS@ATH,2025-09-10,ATH,BOS,5,4,1.0,0.4524362683296203,0.4417,BOS,ATH,0
20250910_CHC@ATL,2025-09-10,ATL,CHC,2,3,0.0,0.5474926829338074,0.5582,ATL,CHC,0
20250910_CIN@SD,2025-09-10,SD,CIN,1,2,0.0,0.579497754573822,0.6001,SD,CIN,0
20250910_COL@LAD,2025-09-10,LAD,COL,9,0,1.0,0.7409924864768982,0.7972,LAD,LAD,1
20250910_DET@NYY,2025-09-10,NYY,DET,1,11,0.0,0.5051787495613098,0.5025,NYY,DET,0
20250910_HOU@TOR,2025-09-10,TOR,HOU,2,3,0.0,0.5224725008010864,0.5253,TOR,HOU,0
20250910_KC@CLE,2025-09-10,CLE,KC,3,4,0.0,0.40513777732849116,0.38,KC,KC,1
20250910_MIL@TEX,2025-09-10,TEX,MIL,6,3,1.0,0.539220929145813,0.5474,TEX,TEX,1
20250910_MIN@LAA,2025-09-10,LAA,MIN,4,3,1.0,0.4304984211921692,0.4129,MIN,LAA,0
20250910_NYM@PHI,2025-09-10,PHI,NYM,11,3,1.0,0.5795164108276367,0.6001,PHI,PHI,1
20250910_PIT@BAL,2025-09-10,BAL,PIT,2,1,1.0,0.5273589491844177,0.5318,BAL,BAL,1
20250910_STL@SEA,2025-09-10,SEA,STL,4,2,1.0,0.6113891005516052,0.6412,SEA,SEA,1
20250910_TB@CWS,2025-09-10,CWS,TB,6,5,1.0,0.49140593409538263,0.493,TB,CWS,0
20250910_WSH@MIA,2025-09-10,MIA,WSH,8,3,1.0,0.4572596251964569,0.448,WSH,MIA,0
20250909_AZ@SF,2025-09-09,SF,AZ,5,3,1.0,0.5158195495605469,0.5165,SF,SF,1
20250909_BOS@ATH,2025-09-09,ATH,BOS,0,6,0.0,0.4506816565990448,0.4394,BOS,BOS,1
20250909_CHC@ATL,2025-09-09,ATL,CHC,1,6,0.0,0.5451949238777161,0.5552,ATL,CHC,0
20250909_CIN@SD,2025-09-09,SD,CIN,2,4,0.0,0.5584147572517395,0.5726,SD,CIN,0
20250909_COL@LAD,2025-09-09,LAD,COL,7,2,1.0,0.747788667678833,0.8047,LAD,LAD,1
20250909_DET@NYY,2025-09-09,NYY,DET,2,12,0.0,0.5363147854804993,0.5436,NYY,DET,0
20250909_HOU@TOR,2025-09-09,TOR,HOU,4,3,1.0,0.5823813080787659,0.6038,TOR,TOR,1
20250909_KC@CLE,2025-09-09,CLE,KC,2,0,1.0,0.5102932453155516,0.5093,CLE,CLE,1
20250909_MIL@TEX,2025-09-09,TEX,MIL,5,4,1.0,0.554356038570404,0.5673,TEX,TEX,1
20250909_MIN@LAA,2025-09-09,LAA,MIN,12,2,1.0,0.44942185282707214,0.4377,MIN,LAA,0
20250909_NYM@PHI,2025-09-09,PHI,NYM,9,3,1.0,0.5366816520690918,0.544,PHI,PHI,1
20250909_PIT@BAL,2025-09-09,BAL,PIT,3,2,1.0,0.6024655699729919,0.6297,BAL,BAL,1
20250909_STL@SEA,2025-09-09,SEA,STL,5,3,1.0,0.5988926887512207,0.6251,SEA,SEA,1
20250909_TB@CWS,2025-09-09,CWS,TB,4,5,0.0,0.4413503408432007,0.4271,TB,TB,1
20250909_WSH@MIA,2025-09-09,MIA,WSH,5,7,0.0,0.42643639445304876,0.4077,WSH,WSH,1
20250908_AZ@SF,2025-09-08,SF,AZ,11,5,1.0,0.53127521276474,0.5363,SF,SF,1
20250908_BOS@ATH,2025-09-08,ATH,BOS,0,7,0.0,0.5117197036743164,0.5102,ATH,BOS,0
20250908_CHC@ATL,2025-09-08,ATL,CHC,4,1,1.0,0.53127521276474,0.5363,ATL,ATL,1
20250908_CIN@SD,2025-09-08,SD,CIN,4,3,1.0,0.5410650968551636,0.5493,SD,SD,1
20250908_COL@LAD,2025-09-08,LAD,COL,3,1,1.0,0.5668779015541077,0.5836,LAD,LAD,1
20250908_KC@CLE,2025-09-08,CLE,KC,10,2,1.0,0.5312083959579468,0.5362,CLE,CLE,1
20250908_MIL@TEX,2025-09-08,TEX,MIL,5,0,1.0,0.5410650968551636,0.5493,TEX,TEX,1
20250908_MIN@LAA,2025-09-08,LAA,MIN,3,12,0.0,0.49760410189628596,0.5,MIN,MIN,1
20250908_NYM@PHI,2025-09-08,PHI,NYM,1,0,1.0,0.5312083959579468,0.5362,PHI,PHI,1
20250908_STL@SEA,2025-09-08,SEA,STL,4,2,1.0,0.5410650968551636,0.5493,SEA,SEA,1
20250908_WSH@MIA,2025-09-08,MIA,WSH,7,15,0.0,0.5217323303222656,0.5236,MIA,WSH,0
20250907_ATH@LAA,2025-09-07,LAA,ATH,4,3,1.0,0.5217323303222656,0.5236,LAA,LAA,1
20250907_BOS@AZ,2025-09-07,AZ,BOS,4,7,0.0,0.5213942527770997,0.5231,AZ,BOS,0
20250907_CLE@TB,2025-09-07,TB,CLE,1,2,0.0,0.5333134531974792,0.539,TB,CLE,0
20250907_CWS@DET,2025-09-07,DET,CWS,4,6,0.0,0.5534877777099609,0.5658,DET,CWS,0
20250907_HOU@TEX,2025-09-07,TEX,HOU,4,2,1.0,0.5410650968551636,0.5493,TEX,TEX,1
20250907_LAD@BAL,2025-09-07,BAL,LAD,2,5,0.0,0.5096738338470459,0.5075,BAL,LAD,0
20250907_MIL@PIT,2025-09-07,PIT,MIL,2,10,0.0,0.53127521276474,0.5363,PIT,MIL,0
20250907_MIN@KC,2025-09-07,KC,MIN,1,5,0.0,0.53127521276474,0.5363,KC,MIN,0
20250907_NYM@CIN,2025-09-07,CIN,NYM,3,2,1.0,0.5213942527770997,0.5231,CIN,CIN,1
20250907_PHI@MIA,2025-09-07,MIA,PHI,5,4,1.0,0.49760410189628596,0.5,PHI,MIA,0
20250907_SD@COL,2025-09-07,COL,SD,1,8,0.0,0.5217323303222656,0.5236,COL,SD,0
20250907_SEA@ATL,2025-09-07,ATL,SEA,2,18,0.0,0.53127521276474,0.5363,ATL,SEA,0
20250907_SF@STL,2025-09-07,STL,SF,4,3,1.0,0.53127521276474,0.5363,STL,STL,1
20250907_TOR@NYY,2025-09-07,NYY,TOR,4,3,1.0,0.53127521276474,0.5363,NYY,NYY,1
20250907_WSH@CHC,2025-09-07,CHC,WSH,3,6,0.0,0.5668779015541077,0.5836,CHC,WSH,0
20250906_ATH@LAA,2025-09-06,LAA,ATH,4,17,0.0,0.49760410189628596,0.5,ATH,ATH,1
20250906_BOS@AZ,2025-09-06,AZ,BOS,5,1,1.0,0.53127521276474,0.5363,AZ,AZ,1
20250906_CLE@TB,2025-09-06,TB,CLE,2,3,0.0,0.5333134531974792,0.539,TB,CLE,0
20250906_CWS@DET,2025-09-06,DET,CWS,6,0,1.0,0.5668779015541077,0.5836,DET,DET,1
20250906_HOU@TEX,2025-09-06,TEX,HOU,0,11,0.0,0.5410650968551636,0.5493,TEX,HOU,0
20250906_LAD@BAL,2025-09-06,BAL,LAD,4,3,1.0,0.5096738338470459,0.5075,BAL,BAL,1
20250906_MIL@PIT,2025-09-06,PIT,MIL,1,4,0.0,0.53127521276474,0.5363,PIT,MIL,0
20250906_MIN@KC,2025-09-06,KC,MIN,11,2,1.0,0.53127521276474,0.5363,KC,KC,1
20250906_NYM@CIN,2025-09-06,CIN,NYM,6,3,1.0,0.5213942527770997,0.5231,CIN,CIN,1
20250906_PHI@MIA,2025-09-06,MIA,PHI,2,4,0.0,0.5217323303222656,0.5236,MIA,PHI,0
20250906_SD@COL,2025-09-06,COL,SD,8,10,0.0,0.4979523122310638,0.5,SD,SD,1
20250906_SEA@ATL,2025-09-06,ATL,SEA,2,10,0.0,0.53127521276474,0.5363,ATL,SEA,0
20250906_SF@STL,2025-09-06,STL,SF,3,2,1.0,0.53127521276474,0.5363,STL,STL,1
20250906_TOR@NYY,2025-09-06,NYY,TOR,3,1,1.0,0.53127521276474,0.5363,NYY,NYY,1
20250906_WSH@CHC,2025-09-06,CHC,WSH,1,2,0.0,0.5668779015541077,0.5836,CHC,WSH,0
20250905_ATH@LAA,2025-09-05,LAA,ATH,4,10,0.0,0.49760410189628596,0.5,ATH,ATH,1
20250905_BOS@AZ,2025-09-05,AZ,BOS,10,5,1.0,0.53127521276474,0.5363,AZ,AZ,1
20250905_CLE@TB,2025-09-05,TB,CLE,1,7,0.0,0.5333134531974792,0.539,TB,CLE,0
20250905_CWS@DET,2025-09-05,DET,CWS,5,7,0.0,0.5668779015541077,0.5836,DET,CWS,0
20250905_HOU@TEX,2025-09-05,TEX,HOU,4,3,1.0,0.5410650968551636,0.5493,TEX,TEX,1
20250905_LAD@BAL,2025-09-05,BAL,LAD,2,1,1.0,0.5337654948234558,0.5396,BAL,BAL,1
20250905_MIL@PIT,2025-09-05,PIT,MIL,2,5,0.0,0.53127521276474,0.5363,PIT,MIL,0
20250905_MIN@KC,2025-09-05,KC,MIN,2,1,1.0,0.53127521276474,0.5363,KC,KC,1
20250905_NYM@CIN,2025-09-05,CIN,NYM,4,5,0.0,0.5213942527770997,0.5231,CIN,NYM,0
20250905_PHI@MIA,2025-09-05,MIA,PHI,3,9,0.0,0.49760410189628596,0.5,PHI,PHI,1
20250905_SD@COL,2025-09-05,COL,SD,3,0,1.0,0.49760410189628596,0.5,SD,COL,0
20250905_SEA@ATL,2025-09-05,ATL,SEA,4,1,1.0,0.53127521276474,0.5363,ATL,ATL,1
20250905_SF@STL,2025-09-05,STL,SF,2,8,0.0,0.53127521276474,0.5363,STL,SF,0
20250905_TOR@NYY,2025-09-05,NYY,TOR,1,7,0.0,0.53127521276474,0.5363,NYY,TOR,0
20250905_WSH@CHC,2025-09-05,CHC,WSH,11,5,1.0,0.5668779015541077,0.5836,CHC,CHC,1
20250904_CLE@TB,2025-09-04,TB,CLE,4,2,1.0,0.5333134531974792,0.539,TB,TB,1
20250904_CWS@MIN,2025-09-04,MIN,CWS,8,11,0.0,0.5668779015541077,0.5836,MIN,CWS,0
20250904_LAA@KC,2025-09-04,KC,LAA,4,3,1.0,0.53127521276474,0.5363,KC,KC,1
20250904_LAD@PIT,2025-09-04,PIT,LAD,5,3,1.0,0.5213942527770997,0.5231,PIT,PIT,1
20250904_NYY@HOU,2025-09-04,HOU,NYY,4,8,0.0,0.5312083959579468,0.5362,HOU,NYY,0
20250904_PHI@MIL,2025-09-04,MIL,PHI,0,2,0.0,0.5312083959579468,0.5362,MIL,PHI,0
20250903_ATH@STL,2025-09-03,STL,ATH,5,1,1.0,0.53127521276474,0.5363,STL,STL,1
20250903_ATL@CHC,2025-09-03,CHC,ATL,1,5,0.0,0.53127521276474,0.5363,CHC,ATL,0
20250903_BAL@SD,2025-09-03,SD,BAL,5,7,0.0,0.5410650968551636,0.5493,SD,BAL,0
20250903_CLE@BOS,2025-09-03,BOS,CLE,1,8,0.0,0.53127521276474,0.5363,BOS,CLE,0
20250903_CWS@MIN,2025-09-03,MIN,CWS,3,4,0.0,0.5534877777099609,0.5658,MIN,CWS,0
20250903_LAA@KC,2025-09-03,KC,LAA,3,4,0.0,0.53127521276474,0.5363,KC,LAA,0
20250903_LAD@PIT,2025-09-03,PIT,LAD,3,0,1.0,0.5213942527770997,0.5231,PIT,PIT,1
20250903_MIA@WSH,2025-09-03,WSH,MIA,10,5,1.0,0.5358023643493652,0.5423,WSH,WSH,1
20250903_NYM@DET,2025-09-03,DET,NYM,6,2,1.0,0.5213942527770997,0.5231,DET,DET,1
20250903_NYY@HOU,2025-09-03,HOU,NYY,8,7,1.0,0.5312083959579468,0.5362,HOU,HOU,1
20250903_PHI@MIL,2025-09-03,MIL,PHI,6,3,1.0,0.5312083959579468,0.5362,MIL,MIL,1
20250903_SEA@TB,2025-09-03,TB,SEA,9,4,1.0,0.5333134531974792,0.539,TB,TB,1
20250903_SF@COL,2025-09-03,COL,SF,8,10,0.0,0.49760410189628596,0.5,SF,SF,1
20250903_TEX@AZ,2025-09-03,AZ,TEX,2,0,1.0,0.53127521276474,0.5363,AZ,AZ,1
20250903_TOR@CIN,2025-09-03,CIN,TOR,9,13,0.0,0.53127521276474,0.5363,CIN,TOR,0
20250902_ATH@STL,2025-09-02,STL,ATH,2,1,1.0,0.53127521276474,0.5363,STL,STL,1
20250902_ATL@CHC,2025-09-02,CHC,ATL,4,3,1.0,0.53127521276474,0.5363,CHC,CHC,1
20250902_BAL@SD,2025-09-02,SD,BAL,2,6,0.0,0.5312083959579468,0.5362,SD,BAL,0
20250902_CLE@BOS,2025-09-02,BOS,CLE,11,7,1.0,0.53127521276474,0.5363,BOS,BOS,1
20250902_CWS@MIN,2025-09-02,MIN,CWS,3,12,0.0,0.5668779015541077,0.5836,MIN,CWS,0
20250902_LAA@KC,2025-09-02,KC,LAA,1,5,0.0,0.53127521276474,0.5363,KC,LAA,0
20250902_LAD@PIT,2025-09-02,PIT,LAD,9,7,1.0,0.5213942527770997,0.5231,PIT,PIT,1
20250902_MIA@WSH,2025-09-02,WSH,MIA,5,2,1.0,0.5117197036743164,0.5102,WSH,WSH,1
20250902_NYM@DET,2025-09-02,DET,NYM,5,12,0.0,0.5213942527770997,0.5231,DET,NYM,0
20250902_NYY@HOU,2025-09-02,HOU,NYY,1,7,0.0,0.5312083959579468,0.5362,HOU,NYY,0
20250902_SEA@TB,2025-09-02,TB,SEA,6,5,1.0,0.5333134531974792,0.539,TB,TB,1
20250902_SF@COL,2025-09-02,COL,SF,4,7,0.0,0.5117197036743164,0.5102,COL,SF,0
20250902_TEX@AZ,2025-09-02,AZ,TEX,5,3,1.0,0.53127521276474,0.5363,AZ,AZ,1
20250902_TOR@CIN,2025-09-02,CIN,TOR,9,12,0.0,0.53127521276474,0.5363,CIN,TOR,0
20250901_ATH@STL,2025-09-01,STL,ATH,3,11,0.0,0.4934533834457398,0.4978,ATH,ATH,1
20250901_ATL@CHC,2025-09-01,CHC,ATL,7,6,1.0,0.49309605360031133,0.4974,ATL,CHC,0
20250901_BAL@SD,2025-09-01,SD,BAL,3,4,0.0,0.579717755317688,0.6022,SD,BAL,0
20250901_CLE@BOS,2025-09-01,BOS,CLE,6,4,1.0,0.5126742720603943,0.5106,BOS,BOS,1
20250901_CWS@MIN,2025-09-01,MIN,CWS,5,6,0.0,0.7067124247550964,0.7652,MIN,CWS,0
20250901_LAA@HOU,2025-09-01,HOU,LAA,8,3,1.0,0.5858030915260315,0.6104,HOU,HOU,1
20250901_MIA@WSH,2025-09-01,WSH,MIA,2,0,1.0,0.4553760588169098,0.4456,MIA,WSH,0
20250901_NYM@DET,2025-09-01,DET,NYM,8,10,0.0,0.4754362106323243,0.4731,NYM,NYM,1
20250901_PHI@MIL,2025-09-01,MIL,PHI,8,10,0.0,0.5720221996307373,0.5918,MIL,PHI,0
20250901_SEA@TB,2025-09-01,TB,SEA,10,2,1.0,0.583479642868042,0.6073,TB,TB,1
20250901_SF@COL,2025-09-01,COL,SF,2,8,0.0,0.4108063876628875,0.385,SF,SF,1
20250901_TEX@AZ,2025-09-01,AZ,TEX,5,7,0.0,0.6011799573898315,0.631,AZ,TEX,0
20250901_TOR@CIN,2025-09-01,CIN,TOR,5,4,1.0,0.47599670290946955,0.4739,TOR,CIN,0
20250831_ATL@PHI,2025-08-31,PHI,ATL,1,3,0.0,0.6045084595680237,0.6354,PHI,ATL,0
20250831_AZ@LAD,2025-08-31,LAD,AZ,5,4,1.0,0.5714251399040222,0.591,LAD,LAD,1
20250831_BAL@SF,2025-08-31,SF,BAL,13,2,1.0,0.5186958909034729,0.5189,SF,SF,1
20250831_CHC@COL,2025-08-31,COL,CHC,6,5,1.0,0.4871979951858521,0.4892,CHC,COL,0
20250831_DET@KC,2025-08-31,KC,DET,0,5,0.0,0.45020240545272827,0.4385,DET,DET,1
20250831_LAA@HOU,2025-08-31,HOU,LAA,0,3,0.0,0.6319543123245239,0.6716,HOU,LAA,0
20250831_MIA@NYM,2025-08-31,NYM,MIA,1,5,0.0,0.5942038297653198,0.6217,NYM,MIA,0
20250831_MIL@TOR,2025-08-31,TOR,MIL,8,4,1.0,0.4922370910644531,0.4962,MIL,TOR,0
20250831_NYY@CWS,2025-08-31,CWS,NYY,3,2,1.0,0.3070526719093323,0.2514,NYY,CWS,0
20250831_PIT@BOS,2025-08-31,BOS,PIT,5,2,1.0,0.6235700249671936,0.6606,BOS,BOS,1
20250831_SD@MIN,2025-08-31,MIN,SD,7,2,1.0,0.41856810450553894,0.3955,SD,MIN,0
20250831_SEA@CLE,2025-08-31,CLE,SEA,2,4,0.0,0.543972373008728,0.5535,CLE,SEA,0
20250831_STL@CIN,2025-08-31,CIN,STL,7,4,1.0,0.5604434013366699,0.576,CIN,CIN,1
20250831_TB@WSH,2025-08-31,WSH,TB,4,7,0.0,0.45805367827415466,0.4492,TB,TB,1
20250831_TEX@ATH,2025-08-31,ATH,TEX,6,9,0.0,0.397771954536438,0.3676,TEX,TEX,1
20250830_ATL@PHI,2025-08-30,PHI,ATL,3,2,1.0,0.5860929489135742,0.6108,PHI,PHI,1
20250830_AZ@LAD,2025-08-30,LAD,AZ,1,6,0.0,0.5614904165267944,0.5775,LAD,AZ,0
20250830_BAL@SF,2025-08-30,SF,BAL,1,11,0.0,0.4625196456909179,0.4554,BAL,BAL,1
20250830_CHC@COL,2025-08-30,COL,CHC,3,4,0.0,0.4168782830238342,0.3932,CHC,CHC,1
20250830_DET@KC,2025-08-30,KC,DET,3,1,1.0,0.49434524774551386,0.4991,DET,KC,0
20250830_LAA@HOU,2025-08-30,HOU,LAA,1,4,0.0,0.6005895137786865,0.6302,HOU,LAA,0
20250830_MIA@NYM,2025-08-30,NYM,MIA,8,11,0.0,0.6072436571121216,0.6391,NYM,MIA,0
20250830_MIL@TOR,2025-08-30,TOR,MIL,1,4,0.0,0.4927025139331817,0.4968,MIL,MIL,1
20250830_NYY@CWS,2025-08-30,CWS,NYY,3,5,0.0,0.4034521281719208,0.3752,NYY,NYY,1
20250830_PIT@BOS,2025-08-30,BOS,PIT,3,10,0.0,0.5314045548439026,0.5363,BOS,PIT,0
20250830_SD@MIN,2025-08-30,MIN,SD,3,12,0.0,0.4682911634445191,0.4633,SD,SD,1
20250830_SEA@CLE,2025-08-30,CLE,SEA,4,3,1.0,0.5225492715835571,0.5241,CLE,CLE,1
20250830_STL@CIN,2025-08-30,CIN,STL,2,4,0.0,0.5455054044723511,0.5556,CIN,STL,0
20250830_TB@WSH,2025-08-30,WSH,TB,1,4,0.0,0.4858565032482148,0.4874,TB,TB,1
20250830_TEX@ATH,2025-08-30,ATH,TEX,3,9,0.0,0.5229031443595886,0.5246,ATH,TEX,0
20250829_ATL@PHI,2025-08-29,PHI,ATL,2,1,1.0,0.5931567549705505,0.6203,PHI,PHI,1
20250829_AZ@LAD,2025-08-29,LAD,AZ,0,3,0.0,0.5705459117889404,0.5898,LAD,AZ,0
20250829_BAL@SF,2025-08-29,SF,BAL,15,8,1.0,0.5040536522865295,0.5,SF,SF,1
20250829_CHC@COL,2025-08-29,COL,CHC,7,11,0.0,0.4535274505615235,0.443,CHC,CHC,1
20250829_DET@KC,2025-08-29,KC,DET,3,5,0.0,0.5085047483444214,0.5048,KC,DET,0
20250829_LAA@HOU,2025-08-29,HOU,LAA,2,0,1.0,0.6283582448959351,0.6669,HOU,HOU,1
20250829_MIA@NYM,2025-08-29,NYM,MIA,19,9,1.0,0.5546190142631531,0.5681,NYM,NYM,1
20250829_MIL@TOR,2025-08-29,TOR,MIL,2,7,0.0,0.5752019882202148,0.5961,TOR,MIL,0
20250829_NYY@CWS,2025-08-29,CWS,NYY,2,10,0.0,0.41213819384574885,0.3868,NYY,NYY,1
20250829_PIT@BOS,2025-08-29,BOS,PIT,2,4,0.0,0.5826490521430968,0.6061,BOS,PIT,0
20250829_SD@MIN,2025-08-29,MIN,SD,7,4,1.0,0.4558697044849396,0.4463,SD,MIN,0
20250829_SEA@CLE,2025-08-29,CLE,SEA,5,4,1.0,0.45465743541717535,0.4446,SEA,CLE,0
20250829_STL@CIN,2025-08-29,CIN,STL,5,7,0.0,0.5551600456237793,0.5688,CIN,STL,0
20250829_TB@WSH,2025-08-29,WSH,TB,1,4,0.0,0.38809552788734436,0.3547,TB,TB,1
20250829_TEX@ATH,2025-08-29,ATH,TEX,2,5,0.0,0.5483533143997192,0.5595,ATH,TEX,0
20250828_ATL@PHI,2025-08-28,PHI,ATL,19,4,1.0,0.5930954813957214,0.6202,PHI,PHI,1
20250828_AZ@MIL,2025-08-28,MIL,AZ,4,6,0.0,0.5400300621986389,0.5481,MIL,AZ,0
20250828_BOS@BAL,2025-08-28,BAL,BOS,2,3,0.0,0.39071571826934814,0.3582,BOS,BOS,1
20250828_CHC@SF,2025-08-28,SF,CHC,4,3,1.0,0.4743110239505768,0.4715,CHC,SF,0
20250828_COL@HOU,2025-08-28,HOU,COL,4,3,1.0,0.7472141981124878,0.8118,HOU,HOU,1
20250828_MIA@NYM,2025-08-28,NYM,MIA,4,7,0.0,0.5804629325866699,0.6032,NYM,MIA,0
20250828_NYY@CWS,2025-08-28,CWS,NYY,4,10,0.0,0.34970852732658386,0.3047,NYY,NYY,1
20250828_PIT@STL,2025-08-28,STL,PIT,4,1,1.0,0.5093352794647217,0.506,STL,STL,1
20250827_ATL@MIA,2025-08-27,MIA,ATL,1,12,0.0,0.4249137341976166,0.4041,ATL,ATL,1
20250827_AZ@MIL,2025-08-27,MIL,AZ,2,3,0.0,0.5974584221839905,0.626,MIL,AZ,0
20250827_BOS@BAL,2025-08-27,BAL,BOS,2,3,0.0,0.49410218000411993,0.4987,BOS,BOS,1
20250827_CHC@SF,2025-08-27,SF,CHC,12,3,1.0,0.5353720188140869,0.5417,SF,SF,1
20250827_CIN@LAD,2025-08-27,LAD,CIN,5,1,1.0,0.6326547861099243,0.6725,LAD,LAD,1
20250827_COL@HOU,2025-08-27,HOU,COL,4,0,1.0,0.7579577565193176,0.8236,HOU,HOU,1
20250827_DET@ATH,2025-08-27,ATH,DET,7,0,1.0,0.44428980350494385,0.4304,DET,ATH,0
20250827_KC@CWS,2025-08-27,CWS,KC,1,12,0.0,0.4039674401283264,0.3759,KC,KC,1
20250827_LAA@TEX,2025-08-27,TEX,LAA,20,3,1.0,0.5963768362998962,0.6246,TEX,TEX,1
20250827_MIN@TOR,2025-08-27,TOR,MIN,9,8,1.0,0.6403168439865113,0.6825,TOR,TOR,1
20250827_PHI@NYM,2025-08-27,NYM,PHI,6,0,1.0,0.5377005338668823,0.5449,NYM,NYM,1
20250827_PIT@STL,2025-08-27,STL,PIT,1,2,0.0,0.5394666194915771,0.5474,STL,PIT,0
20250827_SD@SEA,2025-08-27,SEA,SD,4,3,1.0,0.5379130840301514,0.5452,SEA,SEA,1
20250827_TB@CLE,2025-08-27,CLE,TB,4,3,1.0,0.48840761184692383,0.4909,TB,CLE,0
20250827_WSH@NYY,2025-08-27,NYY,WSH,11,2,1.0,0.6155601143836975,0.6501,NYY,NYY,1
20250826_ATL@MIA,2025-08-26,MIA,ATL,2,11,0.0,0.4195587337017059,0.3968,ATL,ATL,1
20250826_AZ@MIL,2025-08-26,MIL,AZ,9,8,1.0,0.5789311528205872,0.6011,MIL,MIL,1
20250826_BOS@BAL,2025-08-26,BAL,BOS,0,5,0.0,0.48202180862426763,0.4821,BOS,BOS,1
20250826_CHC@SF,2025-08-26,SF,CHC,5,2,1.0,0.484199196100235,0.4851,CHC,SF,0
20250826_CIN@LAD,2025-08-26,LAD,CIN,6,3,1.0,0.6347830891609192,0.6753,LAD,LAD,1
20250826_COL@HOU,2025-08-26,HOU,COL,1,6,0.0,0.7580872178077699,0.8238,HOU,COL,0
20250826_DET@ATH,2025-08-26,ATH,DET,7,6,1.0,0.44326043128967285,0.429,DET,ATH,0
20250826_KC@CWS,2025-08-26,CWS,KC,4,5,0.0,0.4150606393814087,0.3908,KC,KC,1
20250826_LAA@TEX,2025-08-26,TEX,LAA,7,3,1.0,0.5322483777999878,0.5375,TEX,TEX,1
20250826_MIN@TOR,2025-08-26,TOR,MIN,5,7,0.0,0.6603041291236877,0.7081,TOR,MIN,0
20250826_PHI@NYM,2025-08-26,NYM,PHI,6,5,1.0,0.5186989903450012,0.5189,NYM,NYM,1
20250826_PIT@STL,2025-08-26,STL,PIT,3,8,0.0,0.5666631460189819,0.5845,STL,PIT,0
20250826_SD@SEA,2025-08-26,SEA,SD,6,7,0.0,0.47383034229278564,0.4709,SD,SD,1
20250826_TB@CLE,2025-08-26,CLE,TB,3,0,1.0,0.5455041527748108,0.5556,CLE,CLE,1
20250826_WSH@NYY,2025-08-26,NYY,WSH,5,1,1.0,0.6077716946601867,0.6398,NYY,NYY,1
20250825_ATL@MIA,2025-08-25,MIA,ATL,2,1,1.0,0.4863727986812591,0.4863,ATL,MIA,0
20250825_AZ@MIL,2025-08-25,MIL,AZ,7,5,1.0,0.5677533745765686,0.5855,MIL,MIL,1
20250825_BOS@BAL,2025-08-25,BAL,BOS,3,4,0.0,0.5029370784759521,0.5,BAL,BOS,0
20250825_CIN@LAD,2025-08-25,LAD,CIN,7,0,1.0,0.5445172786712648,0.5548,LAD,LAD,1
20250825_DET@ATH,2025-08-25,ATH,DET,8,3,1.0,0.46131330728530884,0.453,DET,ATH,0
20250825_KC@CWS,2025-08-25,CWS,KC,7,0,1.0,0.4582912921905518,0.4489,KC,CWS,0
20250825_LAA@TEX,2025-08-25,TEX,LAA,0,4,0.0,0.5835246443748474,0.6062,TEX,LAA,0
20250825_MIN@TOR,2025-08-25,TOR,MIN,10,4,1.0,0.5988385677337646,0.6262,TOR,TOR,1
20250825_PHI@NYM,2025-08-25,NYM,PHI,13,3,1.0,0.5063014030456543,0.5039,NYM,NYM,1
20250825_PIT@STL,2025-08-25,STL,PIT,7,6,1.0,0.5794834494590759,0.6009,STL,STL,1
20250825_SD@SEA,2025-08-25,SEA,SD,9,6,1.0,0.5331839919090271,0.5397,SEA,SEA,1
20250825_TB@CLE,2025-08-25,CLE,TB,0,9,0.0,0.5368497967720032,0.5446,CLE,TB,0
20250825_WSH@NYY,2025-08-25,NYY,WSH,10,5,1.0,0.6538200974464417,0.6962,NYY,NYY,1
20250824_ATH@SEA,2025-08-24,SEA,ATH,11,4,1.0,0.5695257186889648,0.5878,SEA,SEA,1
20250824_BOS@NYY,2025-08-24,NYY,BOS,7,2,1.0,0.5056897401809692,0.5031,NYY,NYY,1
20250824_CHC@LAA,2025-08-24,LAA,CHC,3,4,0.0,0.4391978085041046,0.4237,CHC,CHC,1
20250824_CIN@AZ,2025-08-24,AZ,CIN,1,6,0.0,0.49781098961830145,0.5,CIN,CIN,1
20250824_CLE@TEX,2025-08-24,TEX,CLE,5,0,1.0,0.5246955156326294,0.5284,TEX,TEX,1
20250824_COL@PIT,2025-08-24,PIT,COL,4,0,1.0,0.6792314648628235,0.7274,PIT,PIT,1
20250824_HOU@BAL,2025-08-24,BAL,HOU,3,2,1.0,0.5409011840820312,0.55,BAL,BAL,1
20250824_KC@DET,2025-08-24,DET,KC,8,10,0.0,0.5079466104507446,0.5061,DET,KC,0
20250824_LAD@SD,2025-08-24,SD,LAD,2,8,0.0,0.5447208881378174,0.5551,SD,LAD,0
20250824_MIN@CWS,2025-08-24,CWS,MIN,8,0,1.0,0.5059123039245605,0.5034,CWS,CWS,1
20250824_NYM@ATL,2025-08-24,ATL,NYM,4,3,1.0,0.496965229511261,0.5,NYM,ATL,0
20250824_SF@MIL,2025-08-24,MIL,SF,3,4,0.0,0.5965932607650757,0.6233,MIL,SF,0
20250824_STL@TB,2025-08-24,TB,STL,7,2,1.0,0.5286406874656677,0.5337,TB,TB,1
20250824_TOR@MIA,2025-08-24,MIA,TOR,5,3,1.0,0.4953030049800873,0.4982,TOR,MIA,0
20250824_WSH@PHI,2025-08-24,PHI,WSH,3,2,1.0,0.6593077182769775,0.703,PHI,PHI,1
20250823_ATH@SEA,2025-08-23,SEA,ATH,1,2,0.0,0.5717686414718628,0.5908,SEA,ATH,0
20250823_BOS@NYY,2025-08-23,NYY,BOS,1,12,0.0,0.508069932460785,0.5063,NYY,BOS,0
20250823_CHC@LAA,2025-08-23,LAA,CHC,1,12,0.0,0.5025875568389893,0.5,LAA,CHC,0
20250823_CIN@AZ,2025-08-23,AZ,CIN,10,1,1.0,0.4875121116638183,0.4878,CIN,AZ,0
20250823_CLE@TEX,2025-08-23,TEX,CLE,10,0,1.0,0.5244097709655762,0.5281,TEX,TEX,1
20250823_COL@PIT,2025-08-23,PIT,COL,5,1,1.0,0.6150180697441101,0.6471,PIT,PIT,1
20250823_HOU@BAL,2025-08-23,BAL,HOU,8,9,0.0,0.5338719487190247,0.5406,BAL,HOU,0
20250823_KC@DET,2025-08-23,DET,KC,4,2,1.0,0.4729171395301819,0.4684,KC,DET,0
20250823_LAD@SD,2025-08-23,SD,LAD,5,1,1.0,0.4835094213485717,0.4825,LAD,SD,0
20250823_MIN@CWS,2025-08-23,CWS,MIN,7,3,1.0,0.5025554895401001,0.5,CWS,CWS,1
20250823_NYM@ATL,2025-08-23,ATL,NYM,2,9,0.0,0.5377873778343201,0.5459,ATL,NYM,0
20250823_SF@MIL,2025-08-23,MIL,SF,1,7,0.0,0.5501517057418823,0.5623,MIL,SF,0
20250823_TOR@MIA,2025-08-23,MIA,TOR,6,7,0.0,0.4661109447479248,0.4593,TOR,TOR,1
20250823_WSH@PHI,2025-08-23,PHI,WSH,6,4,1.0,0.6432714462280273,0.683,PHI,PHI,1
20250822_ATH@SEA,2025-08-22,SEA,ATH,3,2,1.0,0.5688896775245667,0.587,SEA,SEA,1
20250822_BOS@NYY,2025-08-22,NYY,BOS,0,1,0.0,0.5468974113464355,0.5579,NYY,BOS,0
20250822_CHC@LAA,2025-08-22,LAA,CHC,2,3,0.0,0.48835924267768865,0.4889,CHC,CHC,1
20250822_CIN@AZ,2025-08-22,AZ,CIN,6,5,1.0,0.5111615061759949,0.5104,AZ,AZ,1
20250822_CLE@TEX,2025-08-22,TEX,CLE,4,3,1.0,0.5613694190979004,0.5771,TEX,TEX,1
20250822_COL@PIT,2025-08-22,PIT,COL,9,0,1.0,0.6516315340995789,0.6934,PIT,PIT,1
20250822_HOU@BAL,2025-08-22,BAL,HOU,7,10,0.0,0.4812965393066406,0.4795,HOU,HOU,1
20250822_KC@DET,2025-08-22,DET,KC,7,5,1.0,0.4685584306716919,0.4626,KC,DET,0
20250822_LAD@SD,2025-08-22,SD,LAD,2,1,1.0,0.5352187752723694,0.5424,SD,SD,1
20250822_MIN@CWS,2025-08-22,CWS,MIN,7,9,0.0,0.45317542552948004,0.4422,MIN,MIN,1
20250822_NYM@ATL,2025-08-22,ATL,NYM,7,12,0.0,0.5100314021110535,0.5089,ATL,NYM,0
20250822_SF@MIL,2025-08-22,MIL,SF,5,4,1.0,0.5655596256256102,0.5826,MIL,MIL,1
20250822_STL@TB,2025-08-22,TB,STL,10,6,1.0,0.5513477921485901,0.5638,TB,TB,1
20250822_TOR@MIA,2025-08-22,MIA,TOR,2,5,0.0,0.46109965443611145,0.4527,TOR,TOR,1
20250822_WSH@PHI,2025-08-22,PHI,WSH,4,5,0.0,0.6574308276176453,0.7007,PHI,WSH,0
20250821_ATH@MIN,2025-08-21,MIN,ATH,3,8,0.0,0.5286567807197571,0.5337,MIN,ATH,0
20250821_BOS@NYY,2025-08-21,NYY,BOS,3,6,0.0,0.5273259878158569,0.5319,NYY,BOS,0
20250821_HOU@BAL,2025-08-21,BAL,HOU,2,7,0.0,0.5257360339164734,0.5298,BAL,HOU,0
20250821_LAD@COL,2025-08-21,COL,LAD,5,9,0.0,0.4212033152580262,0.4,LAD,LAD,1
20250821_MIL@CHC,2025-08-21,CHC,MIL,1,4,0.0,0.4776825308799743,0.4747,MIL,MIL,1
20250821_NYM@WSH,2025-08-21,WSH,NYM,9,3,1.0,0.5020455718040466,0.5,WSH,WSH,1
20250821_SF@SD,2025-08-21,SD,SF,8,4,1.0,0.5421022772789001,0.5516,SD,SD,1
20250821_STL@TB,2025-08-21,TB,STL,4,7,0.0,0.5302099585533142,0.5358,TB,STL,0
20250821_TEX@KC,2025-08-21,KC,TEX,6,4,1.0,0.5704204440116882,0.589,KC,KC,1
20250820_ATH@MIN,2025-08-20,MIN,ATH,2,4,0.0,0.5119326710700989,0.5115,MIN,ATH,0
20250820_CIN@LAA,2025-08-20,LAA,CIN,2,1,1.0,0.5067791938781738,0.5046,LAA,LAA,1
20250820_CLE@AZ,2025-08-20,AZ,CLE,3,2,1.0,0.46194306015968317,0.4538,CLE,AZ,0
20250820_CWS@ATL,2025-08-20,ATL,CWS,1,0,1.0,0.6788775920867921,0.727,ATL,ATL,1
20250820_HOU@DET,2025-08-20,DET,HOU,7,2,1.0,0.5218605399131775,0.5247,DET,DET,1
20250820_LAD@COL,2025-08-20,COL,LAD,8,3,1.0,0.40574443340301514,0.3798,LAD,COL,0
20250820_MIL@CHC,2025-08-20,CHC,MIL,4,3,1.0,0.4551719725131988,0.4448,MIL,CHC,0
20250820_NYM@WSH,2025-08-20,WSH,NYM,5,4,1.0,0.45472887158393854,0.4442,NYM,WSH,0
20250820_NYY@TB,2025-08-20,TB,NYY,4,6,0.0,0.4516797959804535,0.4402,NYY,NYY,1
20250820_SEA@PHI,2025-08-20,PHI,SEA,11,2,1.0,0.5830923318862915,0.6056,PHI,PHI,1
20250820_SF@SD,2025-08-20,SD,SF,8,1,1.0,0.5515165328979492,0.5641,SD,SD,1
20250820_STL@MIA,2025-08-20,MIA,STL,6,2,1.0,0.5120230913162231,0.5116,MIA,MIA,1
20250820_TEX@KC,2025-08-20,KC,TEX,3,6,0.0,0.556827187538147,0.5711,KC,TEX,0
20250820_TOR@PIT,2025-08-20,PIT,TOR,2,1,1.0,0.44966188073158264,0.4375,TOR,PIT,0
20250819_ATH@MIN,2025-08-19,MIN,ATH,3,6,0.0,0.5238887071609497,0.5274,MIN,ATH,0
20250819_BAL@BOS,2025-08-19,BOS,BAL,3,4,0.0,0.5171470046043396,0.5184,BOS,BAL,0
20250819_CIN@LAA,2025-08-19,LAA,CIN,4,6,0.0,0.46164333820343023,0.4534,CIN,CIN,1
20250819_CLE@AZ,2025-08-19,AZ,CLE,6,5,1.0,0.4781523942947388,0.4753,CLE,AZ,0
20250819_CWS@ATL,2025-08-19,ATL,CWS,11,10,1.0,0.6213676333427429,0.6552,ATL,ATL,1
20250819_HOU@DET,2025-08-19,DET,HOU,1,0,1.0,0.4997484683990479,0.5,HOU,DET,0
20250819_LAD@COL,2025-08-19,COL,LAD,4,11,0.0,0.4699898362159729,0.4645,LAD,LAD,1
20250819_MIL@CHC,2025-08-19,CHC,MIL,4,1,1.0,0.4479134976863861,0.4352,MIL,CHC,0
20250819_MIL@CHC,2025-08-19,CHC,MIL,6,4,1.0,0.4684666693210602,0.4625,MIL,CHC,0
20250819_NYM@WSH,2025-08-19,WSH,NYM,1,8,0.0,0.39471855759620667,0.3655,NYM,NYM,1
20250819_NYY@TB,2025-08-19,TB,NYY,3,13,0.0,0.42946696281433105,0.4108,NYY,NYY,1
20250819_SEA@PHI,2025-08-19,PHI,SEA,6,4,1.0,0.5976331233978271,0.6246,PHI,PHI,1
20250819_SF@SD,2025-08-19,SD,SF,5,1,1.0,0.5834673643112183,0.6061,SD,SD,1
20250819_STL@MIA,2025-08-19,MIA,STL,4,7,0.0,0.5023797154426575,0.5,MIA,STL,0
20250819_TEX@KC,2025-08-19,KC,TEX,5,2,1.0,0.5921643972396851,0.6175,KC,KC,1
20250819_TOR@PIT,2025-08-19,PIT,TOR,3,7,0.0,0.5347403883934021,0.5418,PIT,TOR,0
20250818_BAL@BOS,2025-08-18,BOS,BAL,3,6,0.0,0.5169523358345032,0.5194,BOS,BAL,0
20250818_CIN@LAA,2025-08-18,LAA,CIN,1,4,0.0,0.4682340621948242,0.461,CIN,CIN,1
20250818_CLE@AZ,2025-08-18,AZ,CLE,1,3,0.0,0.47252282500267023,0.4666,CLE,CLE,1
20250818_CWS@ATL,2025-08-18,ATL,CWS,9,13,0.0,0.6340149641036986,0.672,ATL,CWS,0
20250818_HOU@DET,2025-08-18,DET,HOU,10,0,1.0,0.5421202182769775,0.5527,DET,DET,1
20250818_LAD@COL,2025-08-18,COL,LAD,4,3,1.0,0.4649915695190429,0.4567,LAD,COL,0
20250818_MIL@CHC,2025-08-18,CHC,MIL,0,7,0.0,0.47283744812011713,0.4671,MIL,MIL,1
20250818_SEA@PHI,2025-08-18,PHI,SEA,12,7,1.0,0.5178079009056091,0.5205,PHI,PHI,1
20250818_SF@SD,2025-08-18,SD,SF,3,4,0.0,0.5566734671592712,0.572,SD,SF,0
20250818_STL@MIA,2025-08-18,MIA,STL,3,8,0.0,0.503600001335144,0.5017,MIA,STL,0
20250818_TEX@KC,2025-08-18,KC,TEX,4,3,1.0,0.5867360830307007,0.6113,KC,KC,1
20250818_TOR@PIT,2025-08-18,PIT,TOR,5,2,1.0,0.5251855254173279,0.5303,PIT,PIT,1
20250817_ATL@CLE,2025-08-17,CLE,ATL,4,5,0.0,0.5166253447532654,0.519,CLE,ATL,0
20250817_AZ@COL,2025-08-17,COL,AZ,6,5,1.0,0.47109532356262207,0.4648,AZ,COL,0
20250817_BAL@HOU,2025-08-17,HOU,BAL,0,12,0.0,0.5160396099090576,0.5182,HOU,BAL,0
20250817_CWS@KC,2025-08-17,KC,CWS,6,2,1.0,0.6406570076942444,0.6804,KC,KC,1
20250817_DET@MIN,2025-08-17,MIN,DET,8,1,1.0,0.5346521139144897,0.5429,MIN,MIN,1
20250817_LAA@ATH,2025-08-17,ATH,LAA,5,11,0.0,0.5041081309318542,0.5023,ATH,LAA,0
20250817_MIA@BOS,2025-08-17,BOS,MIA,3,5,0.0,0.5585947036743164,0.5745,BOS,MIA,0
20250817_MIL@CIN,2025-08-17,CIN,MIL,3,2,1.0,0.49885684251785284,0.5,MIL,CIN,0
20250817_NYY@STL,2025-08-17,STL,NYY,4,8,0.0,0.4916393458843232,0.492,NYY,NYY,1
20250817_PHI@WSH,2025-08-17,WSH,PHI,9,11,0.0,0.47383937239646917,0.4684,PHI,PHI,1
20250817_PIT@CHC,2025-08-17,CHC,PIT,4,3,1.0,0.5235705971717834,0.5282,CHC,CHC,1
20250817_SD@LAD,2025-08-17,LAD,SD,5,4,1.0,0.5336735844612122,0.5416,LAD,LAD,1
20250817_SEA@NYM,2025-08-17,NYM,SEA,7,3,1.0,0.5206331014633179,0.5243,NYM,NYM,1
20250817_TB@SF,2025-08-17,SF,TB,7,1,1.0,0.5087498426437378,0.5085,SF,SF,1
20250817_TEX@TOR,2025-08-17,TOR,TEX,4,10,0.0,0.5887129306793213,0.6139,TOR,TEX,0
20250816_ATL@CLE,2025-08-16,CLE,ATL,1,10,0.0,0.519352376461029,0.5226,CLE,ATL,0
20250816_AZ@COL,2025-08-16,COL,AZ,10,7,1.0,0.49222189188003534,0.4928,AZ,COL,0
20250816_BAL@HOU,2025-08-16,HOU,BAL,5,4,1.0,0.5006791353225708,0.5,HOU,HOU,1
20250816_CWS@KC,2025-08-16,KC,CWS,6,2,1.0,0.6147317886352539,0.6475,KC,KC,1
20250816_DET@MIN,2025-08-16,MIN,DET,5,8,0.0,0.5303195118904114,0.5371,MIN,DET,0
20250816_LAA@ATH,2025-08-16,ATH,LAA,7,2,1.0,0.5095431208610536,0.5095,ATH,ATH,1
20250816_MIA@BOS,2025-08-16,BOS,MIA,7,5,1.0,0.5435417294502258,0.5546,BOS,BOS,1
20250816_MIL@CIN,2025-08-16,CIN,MIL,5,6,0.0,0.46025642752647405,0.4504,MIL,MIL,1
20250816_NYY@STL,2025-08-16,STL,NYY,8,12,0.0,0.4698603749275207,0.4631,NYY,NYY,1
20250816_PHI@WSH,2025-08-16,WSH,PHI,2,0,1.0,0.48640850186347956,0.4851,PHI,WSH,0
20250816_PIT@CHC,2025-08-16,CHC,PIT,3,1,1.0,0.5547895431518555,0.5695,CHC,CHC,1
20250816_SD@LAD,2025-08-16,LAD,SD,6,0,1.0,0.5229761004447937,0.5274,LAD,LAD,1
20250816_SEA@NYM,2025-08-16,NYM,SEA,3,1,1.0,0.5528427958488464,0.5669,NYM,NYM,1
20250816_TB@SF,2025-08-16,SF,TB,1,2,0.0,0.5062049031257629,0.5051,SF,TB,0
20250816_TEX@TOR,2025-08-16,TOR,TEX,14,2,1.0,0.5887129306793213,0.6139,TOR,TOR,1
20250815_ATL@CLE,2025-08-15,CLE,ATL,0,2,0.0,0.5240187048912048,0.5288,CLE,ATL,0
20250815_AZ@COL,2025-08-15,COL,AZ,4,3,1.0,0.44730406999588007,0.4333,AZ,COL,0
20250815_BAL@HOU,2025-08-15,HOU,BAL,0,7,0.0,0.5123568177223206,0.5133,HOU,BAL,0
20250815_CWS@KC,2025-08-15,KC,CWS,3,1,1.0,0.6187945008277893,0.6527,KC,KC,1
20250815_DET@MIN,2025-08-15,MIN,DET,0,7,0.0,0.4946233332157135,0.496,DET,DET,1
20250815_LAA@ATH,2025-08-15,ATH,LAA,10,3,1.0,0.47771486639976496,0.4735,LAA,ATH,0
20250815_MIA@BOS,2025-08-15,BOS,MIA,2,1,1.0,0.5435417294502258,0.5546,BOS,BOS,1
20250815_MIL@CIN,2025-08-15,CIN,MIL,8,10,0.0,0.42033246159553533,0.3979,MIL,MIL,1
20250815_NYY@STL,2025-08-15,STL,NYY,3,4,0.0,0.46258005499839777,0.4535,NYY,NYY,1
20250815_PHI@WSH,2025-08-15,WSH,PHI,2,6,0.0,0.44509699940681463,0.4304,PHI,PHI,1
20250815_PIT@CHC,2025-08-15,CHC,PIT,2,3,0.0,0.5676057934761047,0.5863,CHC,PIT,0
20250815_SD@LAD,2025-08-15,LAD,SD,3,2,1.0,0.4800145626068115,0.4766,SD,LAD,0
20250815_SEA@NYM,2025-08-15,NYM,SEA,9,11,0.0,0.5647821426391602,0.5826,NYM,SEA,0
20250815_TB@SF,2025-08-15,SF,TB,6,7,0.0,0.5241898894309998,0.529,SF,TB,0
20250815_TEX@TOR,2025-08-15,TOR,TEX,6,5,1.0,0.5771110653877258,0.5988,TOR,TOR,1
20250814_ATL@NYM,2025-08-14,NYM,ATL,3,4,0.0,0.5544078946113586,0.569,NYM,ATL,0
20250814_AZ@COL,2025-08-14,COL,AZ,2,8,0.0,0.4455260634422302,0.4309,AZ,AZ,1
20250814_CHC@TOR,2025-08-14,TOR,CHC,2,1,1.0,0.5491445660591125,0.562,TOR,TOR,1
20250814_DET@MIN,2025-08-14,MIN,DET,3,4,0.0,0.4420513212680817,0.4264,DET,DET,1
20250814_MIA@CLE,2025-08-14,CLE,MIA,9,4,1.0,0.50948166847229,0.5095,CLE,CLE,1
20250814_PHI@WSH,2025-08-14,WSH,PHI,3,2,1.0,0.4726781547069549,0.4669,PHI,WSH,0
20250814_SEA@BAL,2025-08-14,BAL,SEA,5,3,1.0,0.47036585211753845,0.4638,SEA,BAL,0
20250813_ATL@NYM,2025-08-13,NYM,ATL,6,11,0.0,0.5663382411003113,0.5847,NYM,ATL,0
20250813_AZ@TEX,2025-08-13,TEX,AZ,4,6,0.0,0.5093781352043152,0.5093,TEX,AZ,0
20250813_BOS@HOU,2025-08-13,HOU,BOS,4,1,1.0,0.5397963523864746,0.5497,HOU,HOU,1
20250813_CHC@TOR,2025-08-13,TOR,CHC,1,4,0.0,0.5520786643028259,0.5659,TOR,CHC,0
20250813_COL@STL,2025-08-13,STL,COL,5,6,0.0,0.6275458931922913,0.6638,STL,COL,0
20250813_DET@CWS,2025-08-13,CWS,DET,0,1,0.0,0.5035176873207092,0.5015,CWS,DET,0
20250813_LAD@LAA,2025-08-13,LAA,LAD,6,5,1.0,0.45558601617813116,0.4442,LAD,LAA,0
20250813_MIA@CLE,2025-08-13,CLE,MIA,4,13,0.0,0.5674581527709961,0.5861,CLE,MIA,0
20250813_MIN@NYY,2025-08-13,NYY,MIN,1,4,0.0,0.6219107508659363,0.6567,NYY,MIN,0
20250813_PHI@CIN,2025-08-13,CIN,PHI,8,0,1.0,0.4850079417228699,0.4832,PHI,CIN,0
20250813_PIT@MIL,2025-08-13,MIL,PIT,12,5,1.0,0.6274862885475159,0.6637,MIL,MIL,1
20250813_SD@SF,2025-08-13,SF,SD,1,11,0.0,0.47133684158325195,0.4651,SD,SD,1
20250813_SEA@BAL,2025-08-13,BAL,SEA,4,3,1.0,0.5028439164161682,0.5006,BAL,BAL,1
20250813_TB@ATH,2025-08-13,ATH,TB,2,8,0.0,0.5401312112808228,0.5501,ATH,TB,0
20250813_WSH@KC,2025-08-13,KC,WSH,7,8,0.0,0.575419545173645,0.5966,KC,WSH,0
20250812_ATL@NYM,2025-08-12,NYM,ATL,13,5,1.0,0.5785828828811646,0.6007,NYM,NYM,1
20250812_AZ@TEX,2025-08-12,TEX,AZ,2,3,0.0,0.5419234037399292,0.5525,TEX,AZ,0
20250812_BOS@HOU,2025-08-12,HOU,BOS,1,14,0.0,0.530407190322876,0.5372,HOU,BOS,0
20250812_CHC@TOR,2025-08-12,TOR,CHC,5,1,1.0,0.536410391330719,0.5452,TOR,TOR,1
20250812_COL@STL,2025-08-12,STL,COL,0,3,0.0,0.6770339608192444,0.7252,STL,COL,0
20250812_DET@CWS,2025-08-12,CWS,DET,9,6,1.0,0.4828267097473144,0.4803,DET,CWS,0
20250812_LAD@LAA,2025-08-12,LAA,LAD,7,6,1.0,0.47202822566032415,0.466,LAD,LAA,0
20250812_MIA@CLE,2025-08-12,CLE,MIA,4,3,1.0,0.54783034324646,0.5603,CLE,CLE,1
20250812_MIN@NYY,2025-08-12,NYY,MIN,9,1,1.0,0.5991044044494629,0.6274,NYY,NYY,1
20250812_PHI@CIN,2025-08-12,CIN,PHI,6,1,1.0,0.48991963267326355,0.4897,PHI,CIN,0
20250812_PIT@MIL,2025-08-12,MIL,PIT,14,0,1.0,0.5725319981575012,0.5928,MIL,MIL,1
20250812_SD@SF,2025-08-12,SF,SD,1,5,0.0,0.47404041886329645,0.4687,SD,SD,1
20250812_SEA@BAL,2025-08-12,BAL,SEA,0,1,0.0,0.4666626453399658,0.4589,SEA,SEA,1
20250812_TB@ATH,2025-08-12,ATH,TB,6,0,1.0,0.4888394474983215,0.4883,TB,ATH,0
20250812_WSH@KC,2025-08-12,KC,WSH,8,5,1.0,0.6190284490585327,0.653,KC,KC,1
20250811_AZ@TEX,2025-08-11,TEX,AZ,7,6,1.0,0.5351653099060059,0.5431,TEX,TEX,1
20250811_BOS@HOU,2025-08-11,HOU,BOS,7,6,1.0,0.4578872919082641,0.4479,BOS,HOU,0
20250811_COL@STL,2025-08-11,STL,COL,3,2,1.0,0.6330071091651917,0.6676,STL,STL,1
20250811_DET@CWS,2025-08-11,CWS,DET,1,2,0.0,0.48021814227104187,0.4768,DET,DET,1
20250811_LAD@LAA,2025-08-11,LAA,LAD,7,4,1.0,0.3791102170944214,0.3475,LAD,LAA,0
20250811_MIN@NYY,2025-08-11,NYY,MIN,6,2,1.0,0.4726768434047699,0.467,MIN,NYY,0
20250811_PHI@CIN,2025-08-11,CIN,PHI,1,4,0.0,0.45009094476699835,0.4378,PHI,PHI,1
20250811_PIT@MIL,2025-08-11,MIL,PIT,7,1,1.0,0.6329582333564758,0.6675,MIL,MIL,1
20250811_SD@SF,2025-08-11,SF,SD,1,4,0.0,0.4793585538864136,0.4757,SD,SD,1
20250811_TB@ATH,2025-08-11,ATH,TB,4,7,0.0,0.46509614586830145,0.4572,TB,TB,1
20250811_WSH@KC,2025-08-11,KC,WSH,7,4,1.0,0.5566845536231995,0.5709,KC,KC,1
20250810_ATH@BAL,2025-08-10,BAL,ATH,2,3,0.0,0.4526396691799164,0.4411,ATH,ATH,1
20250810_BOS@SD,2025-08-10,SD,BOS,6,2,1.0,0.619132936000824,0.6503,SD,SD,1
20250810_CHC@STL,2025-08-10,STL,CHC,3,2,1.0,0.6136005520820618,0.6434,STL,STL,1
20250810_CIN@PIT,2025-08-10,PIT,CIN,8,14,0.0,0.5867618322372437,0.6094,PIT,CIN,0
20250810_CLE@CWS,2025-08-10,CWS,CLE,6,4,1.0,0.48601302504539484,0.4843,CLE,CWS,0
20250810_COL@AZ,2025-08-10,AZ,COL,13,6,1.0,0.7030271291732788,0.7517,AZ,AZ,1
20250810_HOU@NYY,2025-08-10,NYY,HOU,1,7,0.0,0.5194741487503052,0.5228,NYY,HOU,0
20250810_KC@MIN,2025-08-10,MIN,KC,5,3,1.0,0.5199819803237915,0.5235,MIN,MIN,1
20250810_LAA@DET,2025-08-10,DET,LAA,9,5,1.0,0.6208423972129822,0.6524,DET,DET,1
20250810_MIA@ATL,2025-08-10,ATL,MIA,7,1,1.0,0.5627374053001404,0.5787,ATL,ATL,1
20250810_NYM@MIL,2025-08-10,MIL,NYM,7,6,1.0,0.5905433893203735,0.6142,MIL,MIL,1
20250810_PHI@TEX,2025-08-10,TEX,PHI,2,4,0.0,0.6362403631210327,0.6716,TEX,PHI,0
20250810_TB@SEA,2025-08-10,SEA,TB,6,3,1.0,0.6054880619049071,0.6332,SEA,SEA,1
20250810_TOR@LAD,2025-08-10,LAD,TOR,4,5,0.0,0.5725655555725098,0.5913,LAD,TOR,0
20250810_WSH@SF,2025-08-10,SF,WSH,0,8,0.0,0.6053964495658875,0.633,SF,WSH,0
20250809_ATH@BAL,2025-08-09,BAL,ATH,3,11,0.0,0.41837599873542786,0.3971,ATH,ATH,1
20250809_BOS@SD,2025-08-09,SD,BOS,5,4,1.0,0.5640609860420227,0.5804,SD,SD,1
20250809_CHC@STL,2025-08-09,STL,CHC,1,9,0.0,0.5171167850494385,0.5198,STL,CHC,0
20250809_CIN@PIT,2025-08-09,PIT,CIN,1,2,0.0,0.5843905210494995,0.6064,PIT,CIN,0
20250809_CLE@CWS,2025-08-09,CWS,CLE,1,3,0.0,0.4037294387817382,0.3785,CLE,CLE,1
20250809_COL@AZ,2025-08-09,AZ,COL,6,5,1.0,0.6649793386459351,0.7067,AZ,AZ,1
20250809_HOU@NYY,2025-08-09,NYY,HOU,5,4,1.0,0.5022721290588379,0.5005,NYY,NYY,1
20250809_KC@MIN,2025-08-09,MIN,KC,0,2,0.0,0.6075323224067688,0.6357,MIN,KC,0
20250809_LAA@DET,2025-08-09,DET,LAA,4,7,0.0,0.5735419988632202,0.5926,DET,LAA,0
20250809_MIA@ATL,2025-08-09,ATL,MIA,7,1,1.0,0.6146227121353149,0.6446,ATL,ATL,1
20250809_MIA@ATL,2025-08-09,ATL,MIA,8,6,1.0,0.44239383935928345,0.4279,MIA,ATL,0
20250809_NYM@MIL,2025-08-09,MIL,NYM,7,4,1.0,0.5609517097473145,0.5764,MIL,MIL,1
20250809_PHI@TEX,2025-08-09,TEX,PHI,2,3,0.0,0.5508562922477722,0.5634,TEX,PHI,0
20250809_TB@SEA,2025-08-09,SEA,TB,7,4,1.0,0.5468385219573975,0.5582,SEA,SEA,1
20250809_TOR@LAD,2025-08-09,LAD,TOR,9,1,1.0,0.6402942538261414,0.6766,LAD,LAD,1
20250809_WSH@SF,2025-08-09,SF,WSH,2,4,0.0,0.6287486553192139,0.6623,SF,WSH,0
20250808_ATH@BAL,2025-08-08,BAL,ATH,3,2,1.0,0.4121210277080536,0.3891,ATH,BAL,0
20250808_BOS@SD,2025-08-08,SD,BOS,2,10,0.0,0.5882546901702881,0.6113,SD,BOS,0
20250808_CHC@STL,2025-08-08,STL,CHC,5,0,1.0,0.5050610899925232,0.5041,STL,STL,1
20250808_CIN@PIT,2025-08-08,PIT,CIN,3,2,1.0,0.39433580636978155,0.3666,CIN,PIT,0
20250808_CLE@CWS,2025-08-08,CWS,CLE,5,9,0.0,0.4783666133880615,0.4744,CLE,CLE,1
20250808_COL@AZ,2025-08-08,AZ,COL,6,1,1.0,0.7174431085586548,0.7683,AZ,AZ,1
20250808_HOU@NYY,2025-08-08,NYY,HOU,3,5,0.0,0.37533363699913025,0.3428,HOU,HOU,1
20250808_KC@MIN,2025-08-08,MIN,KC,9,4,1.0,0.5993911027908325,0.6255,MIN,MIN,1
20250808_LAA@DET,2025-08-08,DET,LAA,6,5,1.0,0.690088391304016,0.7366,DET,DET,1
20250808_MIA@ATL,2025-08-08,ATL,MIA,1,5,0.0,0.5217688679695129,0.5258,ATL,MIA,0
20250808_NYM@MIL,2025-08-08,MIL,NYM,3,2,1.0,0.6203706860542297,0.6518,MIL,MIL,1
20250808_PHI@TEX,2025-08-08,TEX,PHI,1,9,0.0,0.5385760068893433,0.5476,TEX,PHI,0
20250808_TB@SEA,2025-08-08,SEA,TB,3,2,1.0,0.6054746508598328,0.6331,SEA,SEA,1
20250808_TOR@LAD,2025-08-08,LAD,TOR,5,1,1.0,0.6462666392326355,0.6839,LAD,LAD,1
20250808_WSH@SF,2025-08-08,SF,WSH,5,0,1.0,0.6240243911743164,0.6564,SF,SF,1
20250807_ATH@WSH,2025-08-07,WSH,ATH,0,6,0.0,0.42843088507652277,0.41,ATH,ATH,1
20250807_CIN@PIT,2025-08-07,PIT,CIN,7,0,1.0,0.606383204460144,0.6343,PIT,PIT,1
20250807_CWS@SEA,2025-08-07,SEA,CWS,4,3,1.0,0.7366580367088318,0.7899,SEA,SEA,1
20250807_MIA@ATL,2025-08-07,ATL,MIA,8,6,1.0,0.5330312252044678,0.5404,ATL,ATL,1
20250806_ATH@WSH,2025-08-06,WSH,ATH,2,1,1.0,0.4350190460681915,0.4184,ATH,WSH,0
20250806_BAL@PHI,2025-08-06,PHI,BAL,1,5,0.0,0.552096962928772,0.565,PHI,BAL,0
20250806_CIN@CHC,2025-08-06,CHC,CIN,6,1,1.0,0.5439907312393188,0.5546,CHC,CHC,1
20250806_CLE@NYM,2025-08-06,NYM,CLE,1,4,0.0,0.5733117461204529,0.5923,NYM,CLE,0
20250806_CWS@SEA,2025-08-06,SEA,CWS,8,6,1.0,0.6758610010147096,0.7197,SEA,SEA,1
20250806_HOU@MIA,2025-08-06,MIA,HOU,6,4,1.0,0.4826680719852447,0.4799,HOU,MIA,0
20250806_KC@BOS,2025-08-06,BOS,KC,3,7,0.0,0.5443882942199707,0.5551,BOS,KC,0
20250806_MIL@ATL,2025-08-06,ATL,MIL,4,5,0.0,0.5383445024490356,0.5473,ATL,MIL,0
20250806_MIN@DET,2025-08-06,DET,MIN,4,9,0.0,0.6289634108543396,0.6626,DET,MIN,0
20250806_NYY@TEX,2025-08-06,TEX,NYY,2,3,0.0,0.4968958795070648,0.4984,NYY,NYY,1
20250806_SD@AZ,2025-08-06,AZ,SD,2,3,0.0,0.4727054238319397,0.467,SD,SD,1
20250806_SF@PIT,2025-08-06,PIT,SF,2,4,0.0,0.5027040839195251,0.5011,PIT,SF,0
20250806_STL@LAD,2025-08-06,LAD,STL,3,5,0.0,0.5811225175857544,0.6022,LAD,STL,0
20250806_TB@LAA,2025-08-06,LAA,TB,4,5,0.0,0.4833058416843414,0.4808,TB,TB,1
20250806_TOR@COL,2025-08-06,COL,TOR,1,20,0.0,0.4000169634819031,0.3738,TOR,TOR,1
20250805_ATH@WSH,2025-08-05,WSH,ATH,7,16,0.0,0.3818042278289795,0.3509,ATH,ATH,1
20250805_BAL@PHI,2025-08-05,PHI,BAL,5,0,1.0,0.5135805606842041,0.5152,PHI,PHI,1
20250805_CIN@CHC,2025-08-05,CHC,CIN,1,5,0.0,0.5597779154777527,0.5749,CHC,CIN,0
20250805_CLE@NYM,2025-08-05,NYM,CLE,2,3,0.0,0.568651556968689,0.5863,NYM,CLE,0
20250805_CWS@SEA,2025-08-05,SEA,CWS,8,3,1.0,0.6853053569793702,0.731,SEA,SEA,1
20250805_HOU@MIA,2025-08-05,MIA,HOU,3,7,0.0,0.45256856083869934,0.441,HOU,HOU,1
20250805_KC@BOS,2025-08-05,BOS,KC,6,2,1.0,0.5430690050125122,0.5534,BOS,BOS,1
20250805_MIL@ATL,2025-08-05,ATL,MIL,2,7,0.0,0.4535640776157379,0.4423,MIL,MIL,1
20250805_MIN@DET,2025-08-05,DET,MIN,3,6,0.0,0.4768969118595123,0.4725,MIN,MIN,1
20250805_NYY@TEX,2025-08-05,TEX,NYY,2,0,1.0,0.5916254520416261,0.6156,TEX,TEX,1
20250805_SD@AZ,2025-08-05,AZ,SD,5,10,0.0,0.4584895968437195,0.4486,SD,SD,1
20250805_SF@PIT,2025-08-05,PIT,SF,1,8,0.0,0.5406039953231812,0.5502,PIT,SF,0
20250805_STL@LAD,2025-08-05,LAD,STL,12,6,1.0,0.6230545043945312,0.6552,LAD,LAD,1
20250805_TB@LAA,2025-08-05,LAA,TB,3,7,0.0,0.39251694083213806,0.3643,TB,TB,1
20250805_TOR@COL,2025-08-05,COL,TOR,4,10,0.0,0.3581889569759369,0.3216,TOR,TOR,1
20250804_BAL@PHI,2025-08-04,PHI,BAL,13,3,1.0,0.5338788032531738,0.5415,PHI,PHI,1
20250804_CIN@CHC,2025-08-04,CHC,CIN,2,3,0.0,0.5459502935409546,0.5571,CHC,CIN,0
20250804_CLE@NYM,2025-08-04,NYM,CLE,6,7,0.0,0.5619450807571411,0.5776,NYM,CLE,0
20250804_HOU@MIA,2025-08-04,MIA,HOU,2,8,0.0,0.3846581578254699,0.3547,HOU,HOU,1
20250804_KC@BOS,2025-08-04,BOS,KC,8,5,1.0,0.5193077921867371,0.5227,BOS,BOS,1
20250804_MIL@ATL,2025-08-04,ATL,MIL,1,3,0.0,0.5126506090164185,0.5141,ATL,MIL,0
20250804_MIN@DET,2025-08-04,DET,MIN,6,3,1.0,0.5681206583976746,0.5856,DET,DET,1
20250804_NYY@TEX,2025-08-04,TEX,NYY,8,5,1.0,0.5362011194229126,0.5445,TEX,TEX,1
20250804_SD@AZ,2025-08-04,AZ,SD,6,2,1.0,0.4853674769401551,0.4833,SD,AZ,0
20250804_SF@PIT,2025-08-04,PIT,SF,5,4,1.0,0.5434305667877197,0.5538,PIT,PIT,1
20250804_STL@LAD,2025-08-04,LAD,STL,2,3,0.0,0.5518646836280823,0.5647,LAD,STL,0
20250804_TB@LAA,2025-08-04,LAA,TB,5,1,1.0,0.4816415309906006,0.4785,TB,LAA,0
20250804_TOR@COL,2025-08-04,COL,TOR,1,15,0.0,0.49344521760940546,0.4938,TOR,TOR,1
20250803_AZ@ATH,2025-08-03,ATH,AZ,4,6,0.0,0.44208514690399164,0.4275,AZ,AZ,1
20250803_BAL@CHC,2025-08-03,CHC,BAL,5,3,1.0,0.528865396976471,0.5351,CHC,CHC,1
20250803_CWS@LAA,2025-08-03,LAA,CWS,8,5,1.0,0.5753822922706604,0.5948,LAA,LAA,1
20250803_DET@PHI,2025-08-03,PHI,DET,2,0,1.0,0.5226100087165833,0.527,PHI,PHI,1
20250803_HOU@BOS,2025-08-03,BOS,HOU,6,1,1.0,0.5247570872306824,0.5298,BOS,BOS,1
20250803_KC@TOR,2025-08-03,TOR,KC,4,7,0.0,0.5178855657577515,0.5209,TOR,KC,0
20250803_LAD@TB,2025-08-03,TB,LAD,0,3,0.0,0.44572544097900396,0.4322,LAD,LAD,1
20250803_MIL@WSH,2025-08-03,WSH,MIL,3,14,0.0,0.45930004119873047,0.4497,MIL,MIL,1
20250803_MIN@CLE,2025-08-03,CLE,MIN,4,5,0.0,0.5651643872261047,0.5818,CLE,MIN,0
20250803_NYY@MIA,2025-08-03,MIA,NYY,7,3,1.0,0.44350078701972967,0.4293,NYY,MIA,0
20250803_PIT@COL,2025-08-03,COL,PIT,5,9,0.0,0.5160433053970337,0.5185,COL,PIT,0
20250803_SF@NYM,2025-08-03,NYM,SF,4,12,0.0,0.571810781955719,0.5903,NYM,SF,0
20250803_STL@SD,2025-08-03,SD,STL,7,3,1.0,0.6048093438148499,0.6321,SD,SD,1
20250803_TEX@SEA,2025-08-03,SEA,TEX,5,4,1.0,0.5722237825393677,0.5908,SEA,SEA,1
20250802_ATL@CIN,2025-08-02,CIN,ATL,2,4,0.0,0.5391765236854553,0.5484,CIN,ATL,0
20250802_AZ@ATH,2025-08-02,ATH,AZ,2,7,0.0,0.43504694104194636,0.4185,AZ,AZ,1
20250802_BAL@CHC,2025-08-02,CHC,BAL,3,4,0.0,0.5490463972091675,0.5611,CHC,BAL,0
20250802_CWS@LAA,2025-08-02,LAA,CWS,0,1,0.0,0.5506300926208496,0.5631,LAA,CWS,0
20250802_DET@PHI,2025-08-02,PHI,DET,5,7,0.0,0.5274932980537415,0.5333,PHI,DET,0
20250802_HOU@BOS,2025-08-02,BOS,HOU,7,3,1.0,0.523810625076294,0.5285,BOS,BOS,1
20250802_KC@TOR,2025-08-02,TOR,KC,4,2,1.0,0.5261676907539367,0.5316,TOR,TOR,1
20250802_LAD@TB,2025-08-02,TB,LAD,4,0,1.0,0.5246458649635315,0.5296,TB,TB,1
20250802_MIL@WSH,2025-08-02,WSH,MIL,2,8,0.0,0.4184565246105194,0.3973,MIL,MIL,1
20250802_MIN@CLE,2025-08-02,CLE,MIN,5,4,1.0,0.5688017010688782,0.5864,CLE,CLE,1
20250802_NYY@MIA,2025-08-02,MIA,NYY,2,0,1.0,0.47111639380455017,0.4649,NYY,MIA,0
20250802_PIT@COL,2025-08-02,COL,PIT,8,5,1.0,0.5078480243682861,0.5079,COL,COL,1
20250802_SF@NYM,2025-08-02,NYM,SF,12,6,1.0,0.6234292984008789,0.6554,NYM,NYM,1
20250802_STL@SD,2025-08-02,SD,STL,5,8,0.0,0.5891349911689758,0.6123,SD,STL,0
20250802_TEX@SEA,2025-08-02,SEA,TEX,4,6,0.0,0.553867518901825,0.5673,SEA,TEX,0
20250801_ATL@CIN,2025-08-01,CIN,ATL,3,2,1.0,0.575614333152771,0.5951,CIN,CIN,1
20250801_AZ@ATH,2025-08-01,ATH,AZ,5,1,1.0,0.4286734461784363,0.4103,AZ,ATH,0
20250801_BAL@CHC,2025-08-01,CHC,BAL,1,0,1.0,0.4910055696964264,0.4906,BAL,CHC,0
20250801_CWS@LAA,2025-08-01,LAA,CWS,3,6,0.0,0.4929676651954651,0.4932,CWS,CWS,1
20250801_DET@PHI,2025-08-01,PHI,DET,5,4,1.0,0.5340329408645631,0.5417,PHI,PHI,1
20250801_HOU@BOS,2025-08-01,BOS,HOU,2,1,1.0,0.5066155195236206,0.5063,BOS,BOS,1
20250801_KC@TOR,2025-08-01,TOR,KC,3,9,0.0,0.5565181374549866,0.5707,TOR,KC,0
20250801_LAD@TB,2025-08-01,TB,LAD,0,5,0.0,0.5246458649635315,0.5296,TB,LAD,0
20250801_MIL@WSH,2025-08-01,WSH,MIL,9,16,0.0,0.4423275887966156,0.4278,MIL,MIL,1
20250801_MIN@CLE,2025-08-01,CLE,MIN,3,2,1.0,0.5671321153640747,0.5843,CLE,CLE,1
20250801_NYY@MIA,2025-08-01,MIA,NYY,13,12,1.0,0.41164973378181463,0.3887,NYY,MIA,0
20250801_PIT@COL,2025-08-01,COL,PIT,17,16,1.0,0.5052239298820496,0.5045,COL,COL,1
20250801_SF@NYM,2025-08-01,NYM,SF,3,4,0.0,0.5317255854606628,0.5388,NYM,SF,0
20250801_STL@SD,2025-08-01,SD,STL,4,1,1.0,0.5892952680587769,0.6125,SD,SD,1
20250801_TEX@SEA,2025-08-01,SEA,TEX,4,3,1.0,0.5577659010887146,0.5723,SEA,SEA,1
20250731_ATL@CIN,2025-07-31,CIN,ATL,11,12,0.0,0.5842945575714111,0.6062,CIN,ATL,0
20250731_TB@NYY,2025-07-31,NYY,TB,7,4,1.0,0.4943011701107025,0.4949,TB,NYY,0
20250731_TEX@SEA,2025-07-31,SEA,TEX,6,0,1.0,0.6114450693130493,0.6405,SEA,SEA,1
20250730_ATL@KC,2025-07-30,KC,ATL,1,0,1.0,0.5680817961692809,0.5855,KC,KC,1
20250730_AZ@DET,2025-07-30,DET,AZ,7,2,1.0,0.5294106602668762,0.5358,DET,DET,1
20250730_BOS@MIN,2025-07-30,MIN,BOS,1,13,0.0,0.5298309326171875,0.5363,MIN,BOS,0
20250730_CHC@MIL,2025-07-30,MIL,CHC,3,10,0.0,0.5910524725914001,0.6148,MIL,CHC,0
20250730_COL@CLE,2025-07-30,CLE,COL,5,0,1.0,0.6732739210128784,0.7163,CLE,CLE,1
20250730_LAD@CIN,2025-07-30,CIN,LAD,5,2,1.0,0.4324114918708801,0.4151,LAD,CIN,0
20250730_MIA@STL,2025-07-30,STL,MIA,0,2,0.0,0.5754863023757935,0.595,STL,MIA,0
20250730_NYM@SD,2025-07-30,SD,NYM,5,0,1.0,0.5091091394424438,0.5095,SD,SD,1
20250730_PHI@CWS,2025-07-30,CWS,PHI,9,3,1.0,0.4851825833320618,0.4831,PHI,CWS,0
20250730_PIT@SF,2025-07-30,SF,PIT,1,2,0.0,0.6137179732322693,0.6433,SF,PIT,0
20250730_SEA@ATH,2025-07-30,ATH,SEA,5,4,1.0,0.4606072008609772,0.4514,SEA,ATH,0
20250730_TB@NYY,2025-07-30,NYY,TB,5,4,1.0,0.5378345847129822,0.5466,NYY,NYY,1
20250730_TEX@LAA,2025-07-30,LAA,TEX,3,6,0.0,0.5040659308433533,0.503,LAA,TEX,0
20250730_TOR@BAL,2025-07-30,BAL,TOR,8,9,0.0,0.5348719358444214,0.5428,BAL,TOR,0
20250730_WSH@HOU,2025-07-30,HOU,WSH,9,1,1.0,0.5112995505332947,0.5124,HOU,HOU,1
20250729_ATL@KC,2025-07-29,KC,ATL,9,6,1.0,0.521967351436615,0.5261,KC,KC,1
20250729_AZ@DET,2025-07-29,DET,AZ,12,2,1.0,0.5254749655723572,0.5307,DET,DET,1
20250729_BOS@MIN,2025-07-29,MIN,BOS,5,8,0.0,0.517211377620697,0.52,MIN,BOS,0
20250729_CHC@MIL,2025-07-29,MIL,CHC,9,3,1.0,0.5694380402565002,0.5872,MIL,MIL,1
20250729_COL@CLE,2025-07-29,CLE,COL,10,4,1.0,0.626765489578247,0.6596,CLE,CLE,1
20250729_LAD@CIN,2025-07-29,CIN,LAD,4,5,0.0,0.397503912448883,0.3708,LAD,LAD,1
20250729_MIA@STL,2025-07-29,STL,MIA,0,5,0.0,0.5207940340042114,0.5246,STL,MIA,0
20250729_NYM@SD,2025-07-29,SD,NYM,7,1,1.0,0.47135707736015325,0.4652,NYM,SD,0
20250729_PHI@CWS,2025-07-29,CWS,PHI,3,6,0.0,0.43788293004035955,0.4221,PHI,PHI,1
20250729_PIT@SF,2025-07-29,SF,PIT,1,3,0.0,0.5862684845924377,0.6087,SF,PIT,0
20250729_SEA@ATH,2025-07-29,ATH,SEA,6,1,1.0,0.4820249080657959,0.479,SEA,ATH,0
20250729_TB@NYY,2025-07-29,NYY,TB,7,5,1.0,0.5290395617485046,0.5353,NYY,NYY,1
20250729_TEX@LAA,2025-07-29,LAA,TEX,8,5,1.0,0.5252973437309265,0.5305,LAA,LAA,1
20250729_TOR@BAL,2025-07-29,BAL,TOR,3,2,1.0,0.5418996214866638,0.5519,BAL,BAL,1
20250729_TOR@BAL,2025-07-29,BAL,TOR,16,4,1.0,0.5142840147018432,0.5162,BAL,BAL,1
20250729_WSH@HOU,2025-07-29,HOU,WSH,7,4,1.0,0.5415148735046387,0.5514,HOU,HOU,1
20250728_ATL@KC,2025-07-28,KC,ATL,7,10,0.0,0.5637324452400208,0.5805,KC,ATL,0
20250728_AZ@DET,2025-07-28,DET,AZ,5,1,1.0,0.5314565896987915,0.5392,DET,DET,1
20250728_BOS@MIN,2025-07-28,MIN,BOS,5,4,1.0,0.5314565896987915,0.5392,MIN,MIN,1
20250728_CHC@MIL,2025-07-28,MIL,CHC,8,4,1.0,0.5422676801681519,0.5531,MIL,MIL,1
20250728_COL@CLE,2025-07-28,CLE,COL,6,8,0.0,0.545031726360321,0.5566,CLE,COL,0
20250728_LAD@CIN,2025-07-28,CIN,LAD,2,5,0.0,0.5314565896987915,0.5392,CIN,LAD,0
20250728_MIA@STL,2025-07-28,STL,MIA,7,1,1.0,0.5314565896987915,0.5392,STL,STL,1
20250728_NYM@SD,2025-07-28,SD,NYM,7,6,1.0,0.5314565896987915,0.5392,SD,SD,1
20250728_PHI@CWS,2025-07-28,CWS,PHI,6,2,1.0,0.5189650654792786,0.5231,CWS,CWS,1
20250728_PIT@SF,2025-07-28,SF,PIT,5,6,0.0,0.5314565896987915,0.5392,SF,PIT,0
20250728_SEA@ATH,2025-07-28,ATH,SEA,1,3,0.0,0.5189650654792786,0.5231,ATH,SEA,0
20250728_TB@NYY,2025-07-28,NYY,TB,2,4,0.0,0.5314565896987915,0.5392,NYY,TB,0
20250728_TEX@LAA,2025-07-28,LAA,TEX,6,4,1.0,0.5239621996879578,0.5296,LAA,LAA,1
20250728_TOR@BAL,2025-07-28,BAL,TOR,11,4,1.0,0.5314565896987915,0.5392,BAL,BAL,1
20250728_WSH@HOU,2025-07-28,HOU,WSH,1,2,0.0,0.5314565896987915,0.5392,HOU,WSH,0
20250727_ATH@HOU,2025-07-27,HOU,ATH,1,7,0.0,0.5314565896987915,0.5392,HOU,ATH,0
20250727_ATL@TEX,2025-07-27,TEX,ATL,8,1,1.0,0.5637324452400208,0.5805,TEX,TEX,1
20250727_AZ@PIT,2025-07-27,PIT,AZ,6,0,1.0,0.5239621996879578,0.5296,PIT,PIT,1
20250727_CHC@CWS,2025-07-27,CWS,CHC,4,5,0.0,0.5239621996879578,0.5296,CWS,CHC,0
20250727_CLE@KC,2025-07-27,KC,CLE,4,1,1.0,0.5314565896987915,0.5392,KC,KC,1
20250727_COL@BAL,2025-07-27,BAL,COL,5,1,1.0,0.545031726360321,0.5566,BAL,BAL,1
20250727_LAD@BOS,2025-07-27,BOS,LAD,4,3,1.0,0.5314565896987915,0.5392,BOS,BOS,1
20250727_MIA@MIL,2025-07-27,MIL,MIA,3,2,1.0,0.5422676801681519,0.5531,MIL,MIL,1
20250727_NYM@SF,2025-07-27,SF,NYM,3,5,0.0,0.5314565896987915,0.5392,SF,NYM,0
20250727_PHI@NYY,2025-07-27,NYY,PHI,4,3,1.0,0.5314565896987915,0.5392,NYY,NYY,1
20250727_SD@STL,2025-07-27,STL,SD,2,9,0.0,0.5314565896987915,0.5392,STL,SD,0
20250727_SEA@LAA,2025-07-27,LAA,SEA,4,1,1.0,0.49705544114112854,0.4975,SEA,LAA,0
20250727_TB@CIN,2025-07-27,CIN,TB,2,1,1.0,0.5314565896987915,0.5392,CIN,CIN,1
20250727_TOR@DET,2025-07-27,DET,TOR,10,4,1.0,0.5314565896987915,0.5392,DET,DET,1
20250727_WSH@MIN,2025-07-27,MIN,WSH,2,7,0.0,0.545031726360321,0.5566,MIN,WSH,0
20250726_ATH@HOU,2025-07-26,HOU,ATH,1,5,0.0,0.5314565896987915,0.5392,HOU,ATH,0
20250726_ATL@TEX,2025-07-26,TEX,ATL,6,5,1.0,0.5637324452400208,0.5805,TEX,TEX,1
20250726_AZ@PIT,2025-07-26,PIT,AZ,2,0,1.0,0.5239621996879578,0.5296,PIT,PIT,1
20250726_CHC@CWS,2025-07-26,CWS,CHC,1,6,0.0,0.5189650654792786,0.5231,CWS,CHC,0
20250726_CLE@KC,2025-07-26,KC,CLE,4,6,0.0,0.5314565896987915,0.5392,KC,CLE,0
20250726_CLE@KC,2025-07-26,KC,CLE,5,3,1.0,0.5314565896987915,0.5392,KC,KC,1
20250726_COL@BAL,2025-07-26,BAL,COL,18,0,1.0,0.545031726360321,0.5566,BAL,BAL,1
20250726_LAD@BOS,2025-07-26,BOS,LAD,4,2,1.0,0.5314565896987915,0.5392,BOS,BOS,1
20250726_MIA@MIL,2025-07-26,MIL,MIA,4,7,0.0,0.5422676801681519,0.5531,MIL,MIA,0
20250726_NYM@SF,2025-07-26,SF,NYM,1,2,0.0,0.5314565896987915,0.5392,SF,NYM,0
20250726_PHI@NYY,2025-07-26,NYY,PHI,4,9,0.0,0.5314565896987915,0.5392,NYY,PHI,0
20250726_SD@STL,2025-07-26,STL,SD,1,3,0.0,0.5314565896987915,0.5392,STL,SD,0
20250726_SEA@LAA,2025-07-26,LAA,SEA,2,7,0.0,0.5239621996879578,0.5296,LAA,SEA,0
20250726_TB@CIN,2025-07-26,CIN,TB,6,2,1.0,0.5314565896987915,0.5392,CIN,CIN,1
20250726_TOR@DET,2025-07-26,DET,TOR,1,6,0.0,0.5314565896987915,0.5392,DET,TOR,0
20250726_WSH@MIN,2025-07-26,MIN,WSH,3,9,0.0,0.545031726360321,0.5566,MIN,WSH,0
20250725_ATH@HOU,2025-07-25,HOU,ATH,3,15,0.0,0.5314565896987915,0.5392,HOU,ATH,0
20250725_ATL@TEX,2025-07-25,TEX,ATL,8,3,1.0,0.5637324452400208,0.5805,TEX,TEX,1
20250725_AZ@PIT,2025-07-25,PIT,AZ,0,1,0.0,0.5239621996879578,0.5296,PIT,AZ,0
20250725_CHC@CWS,2025-07-25,CWS,CHC,12,5,1.0,0.5239621996879578,0.5296,CWS,CWS,1
20250725_COL@BAL,2025-07-25,BAL,COL,5,6,0.0,0.545031726360321,0.5566,BAL,COL,0
20250725_LAD@BOS,2025-07-25,BOS,LAD,2,5,0.0,0.5314565896987915,0.5392,BOS,LAD,0
20250725_MIA@MIL,2025-07-25,MIL,MIA,1,5,0.0,0.5422676801681519,0.5531,MIL,MIA,0
20250725_NYM@SF,2025-07-25,SF,NYM,1,8,0.0,0.5314565896987915,0.5392,SF,NYM,0
20250725_PHI@NYY,2025-07-25,NYY,PHI,5,12,0.0,0.5314565896987915,0.5392,NYY,PHI,0
20250725_SD@STL,2025-07-25,STL,SD,3,0,1.0,0.5314565896987915,0.5392,STL,STL,1
20250725_SEA@LAA,2025-07-25,LAA,SEA,3,2,1.0,0.5239621996879578,0.5296,LAA,LAA,1
20250725_TB@CIN,2025-07-25,CIN,TB,7,2,1.0,0.5314565896987915,0.5392,CIN,CIN,1
20250725_TOR@DET,2025-07-25,DET,TOR,2,6,0.0,0.5314565896987915,0.5392,DET,TOR,0
20250725_WSH@MIN,2025-07-25,MIN,WSH,1,0,1.0,0.545031726360321,0.5566,MIN,MIN,1
20250724_ATH@HOU,2025-07-24,HOU,ATH,2,5,0.0,0.5314565896987915,0.5392,HOU,ATH,0
20250724_BAL@CLE,2025-07-24,CLE,BAL,3,4,0.0,0.5314565896987915,0.5392,CLE,BAL,0
20250724_SD@STL,2025-07-24,STL,SD,9,7,1.0,0.5314565896987915,0.5392,STL,STL,1
20250724_SEA@LAA,2025-07-24,LAA,SEA,2,4,0.0,0.5189650654792786,0.5231,LAA,SEA,0
20250724_TOR@DET,2025-07-24,DET,TOR,4,11,0.0,0.5314565896987915,0.5392,DET,TOR,0
20250723_ATH@TEX,2025-07-23,TEX,ATH,2,1,1.0,0.5314565896987915,0.5392,TEX,TEX,1
20250723_BAL@CLE,2025-07-23,CLE,BAL,3,2,1.0,0.5314565896987915,0.5392,CLE,CLE,1
20250723_BOS@PHI,2025-07-23,PHI,BOS,8,9,0.0,0.5422676801681519,0.5531,PHI,BOS,0
20250723_CIN@WSH,2025-07-23,WSH,CIN,0,5,0.0,0.5239621996879578,0.5296,WSH,CIN,0
20250723_CWS@TB,2025-07-23,TB,CWS,9,11,0.0,0.5189650654792786,0.5231,TB,CWS,0
20250723_DET@PIT,2025-07-23,PIT,DET,6,1,1.0,0.5189650654792786,0.5231,PIT,PIT,1
20250723_HOU@AZ,2025-07-23,AZ,HOU,3,4,0.0,0.5314565896987915,0.5392,AZ,HOU,0
20250723_KC@CHC,2025-07-23,CHC,KC,4,8,0.0,0.5314565896987915,0.5392,CHC,KC,0
20250723_LAA@NYM,2025-07-23,NYM,LAA,6,3,1.0,0.5422676801681519,0.5531,NYM,NYM,1
20250723_MIL@SEA,2025-07-23,SEA,MIL,2,10,0.0,0.5314565896987915,0.5392,SEA,MIL,0
20250723_MIN@LAD,2025-07-23,LAD,MIN,4,3,1.0,0.5422676801681519,0.5531,LAD,LAD,1
20250723_NYY@TOR,2025-07-23,TOR,NYY,8,4,1.0,0.5314565896987915,0.5392,TOR,TOR,1
20250723_SD@MIA,2025-07-23,MIA,SD,3,2,1.0,0.5239621996879578,0.5296,MIA,MIA,1
20250723_SF@ATL,2025-07-23,ATL,SF,3,9,0.0,0.5314565896987915,0.5392,ATL,SF,0
20250723_STL@COL,2025-07-23,COL,STL,6,0,1.0,0.5239621996879578,0.5296,COL,COL,1
20250722_ATH@TEX,2025-07-22,TEX,ATH,6,2,1.0,0.5314565896987915,0.5392,TEX,TEX,1
20250722_BAL@CLE,2025-07-22,CLE,BAL,6,3,1.0,0.5314565896987915,0.5392,CLE,CLE,1
20250722_BOS@PHI,2025-07-22,PHI,BOS,4,1,1.0,0.5422676801681519,0.5531,PHI,PHI,1
20250722_CIN@WSH,2025-07-22,WSH,CIN,6,1,1.0,0.5189650654792786,0.5231,WSH,WSH,1
20250722_CWS@TB,2025-07-22,TB,CWS,4,3,1.0,0.5189650654792786,0.5231,TB,TB,1
20250722_DET@PIT,2025-07-22,PIT,DET,8,5,1.0,0.5189650654792786,0.5231,PIT,PIT,1
20250722_HOU@AZ,2025-07-22,AZ,HOU,1,3,0.0,0.5314565896987915,0.5392,AZ,HOU,0
20250722_KC@CHC,2025-07-22,CHC,KC,6,0,1.0,0.5314565896987915,0.5392,CHC,CHC,1
20250722_LAA@NYM,2025-07-22,NYM,LAA,3,2,1.0,0.5422676801681519,0.5531,NYM,NYM,1
20250722_MIL@SEA,2025-07-22,SEA,MIL,1,0,1.0,0.5314565896987915,0.5392,SEA,SEA,1
20250722_MIN@LAD,2025-07-22,LAD,MIN,7,10,0.0,0.5422676801681519,0.5531,LAD,MIN,0
20250722_NYY@TOR,2025-07-22,TOR,NYY,4,5,0.0,0.5314565896987915,0.5392,TOR,NYY,0
20250722_SD@MIA,2025-07-22,MIA,SD,4,3,1.0,0.5189650654792786,0.5231,MIA,MIA,1
20250722_SF@ATL,2025-07-22,ATL,SF,0,9,0.0,0.5314565896987915,0.5392,ATL,SF,0
20250722_STL@COL,2025-07-22,COL,STL,8,4,1.0,0.5189650654792786,0.5231,COL,COL,1
20250721_ATH@TEX,2025-07-21,TEX,ATH,7,2,1.0,0.5489535331726074,0.562,TEX,TEX,1
20250721_BAL@CLE,2025-07-21,CLE,BAL,10,5,1.0,0.5331988334655762,0.5418,CLE,CLE,1
20250721_BOS@PHI,2025-07-21,PHI,BOS,3,2,1.0,0.5331988334655762,0.5418,PHI,PHI,1
20250721_CIN@WSH,2025-07-21,WSH,CIN,10,8,1.0,0.5030721426010132,0.5033,WSH,WSH,1
20250721_CWS@TB,2025-07-21,TB,CWS,3,8,0.0,0.5359599590301514,0.5454,TB,CWS,0
20250721_DET@PIT,2025-07-21,PIT,DET,3,0,1.0,0.5263791084289551,0.5331,PIT,PIT,1
20250721_HOU@AZ,2025-07-21,AZ,HOU,3,6,0.0,0.5331988334655762,0.5418,AZ,HOU,0
20250721_KC@CHC,2025-07-21,CHC,KC,4,12,0.0,0.5331988334655762,0.5418,CHC,KC,0
20250721_LAA@NYM,2025-07-21,NYM,LAA,7,5,1.0,0.5331988334655762,0.5418,NYM,NYM,1
20250721_MIL@SEA,2025-07-21,SEA,MIL,0,6,0.0,0.5434569716453552,0.555,SEA,MIL,0
20250721_MIN@LAD,2025-07-21,LAD,MIN,5,2,1.0,0.5331988334655762,0.5418,LAD,LAD,1
20250721_NYY@TOR,2025-07-21,TOR,NYY,4,1,1.0,0.5331988334655762,0.5418,TOR,TOR,1
20250721_SD@MIA,2025-07-21,MIA,SD,1,2,0.0,0.5242294073104858,0.5304,MIA,SD,0
20250721_SF@ATL,2025-07-21,ATL,SF,9,5,1.0,0.5166126489639282,0.5206,ATL,ATL,1
20250721_STL@COL,2025-07-21,COL,STL,2,6,0.0,0.5110874772071838,0.5135,COL,STL,0
20250720_ATH@CLE,2025-07-20,CLE,ATH,8,2,1.0,0.5331988334655762,0.5418,CLE,CLE,1
20250720_BAL@TB,2025-07-20,TB,BAL,3,5,0.0,0.5201481580734253,0.5251,TB,BAL,0
20250720_BOS@CHC,2025-07-20,CHC,BOS,1,6,0.0,0.5331988334655762,0.5418,CHC,BOS,0
20250720_CIN@NYM,2025-07-20,NYM,CIN,3,2,1.0,0.5331988334655762,0.5418,NYM,NYM,1
20250720_CWS@PIT,2025-07-20,PIT,CWS,2,7,0.0,0.5359599590301514,0.5454,PIT,CWS,0
20250720_DET@TEX,2025-07-20,TEX,DET,1,2,0.0,0.5331988334655762,0.5418,TEX,DET,0
20250720_HOU@SEA,2025-07-20,SEA,HOU,3,11,0.0,0.5434569716453552,0.555,SEA,HOU,0
20250720_KC@MIA,2025-07-20,MIA,KC,4,7,0.0,0.5242294073104858,0.5304,MIA,KC,0
20250720_LAA@PHI,2025-07-20,PHI,LAA,2,8,0.0,0.5166126489639282,0.5206,PHI,LAA,0
20250720_MIL@LAD,2025-07-20,LAD,MIL,5,6,0.0,0.5331988334655762,0.5418,LAD,MIL,0
20250720_MIN@COL,2025-07-20,COL,MIN,1,7,0.0,0.4826546907424927,0.4784,MIN,MIN,1
20250720_NYY@ATL,2025-07-20,ATL,NYY,2,4,0.0,0.5331988334655762,0.5418,ATL,NYY,0
20250720_SD@WSH,2025-07-20,WSH,SD,1,8,0.0,0.5179960131645203,0.5224,WSH,SD,0
20250720_SF@TOR,2025-07-20,TOR,SF,8,6,1.0,0.5331988334655762,0.5418,TOR,TOR,1
20250720_STL@AZ,2025-07-20,AZ,STL,5,3,1.0,0.5331988334655762,0.5418,AZ,AZ,1
20250719_ATH@CLE,2025-07-19,CLE,ATH,2,8,0.0,0.5275980234146118,0.5347,CLE,ATH,0
20250719_BAL@TB,2025-07-19,TB,BAL,4,3,1.0,0.5263791084289551,0.5331,TB,TB,1
20250719_BOS@CHC,2025-07-19,CHC,BOS,6,0,1.0,0.5166126489639282,0.5206,CHC,CHC,1
20250719_CIN@NYM,2025-07-19,NYM,CIN,2,5,0.0,0.5331988334655762,0.5418,NYM,CIN,0
20250719_CWS@PIT,2025-07-19,PIT,CWS,4,10,0.0,0.5421663522720337,0.5533,PIT,CWS,0
20250719_DET@TEX,2025-07-19,TEX,DET,4,1,1.0,0.5331988334655762,0.5418,TEX,TEX,1
20250719_HOU@SEA,2025-07-19,SEA,HOU,7,6,1.0,0.5331988334655762,0.5418,SEA,SEA,1
20250719_KC@MIA,2025-07-19,MIA,KC,3,1,1.0,0.5093157291412354,0.5113,MIA,MIA,1
20250719_LAA@PHI,2025-07-19,PHI,LAA,9,5,1.0,0.5331988334655762,0.5418,PHI,PHI,1
20250719_MIL@LAD,2025-07-19,LAD,MIL,7,8,0.0,0.5331988334655762,0.5418,LAD,MIL,0
20250719_MIN@COL,2025-07-19,COL,MIN,10,6,1.0,0.47962090373039246,0.4746,MIN,COL,0
20250719_NYY@ATL,2025-07-19,ATL,NYY,9,12,0.0,0.5331988334655762,0.5418,ATL,NYY,0
20250719_SD@WSH,2025-07-19,WSH,SD,4,2,1.0,0.5093157291412354,0.5113,WSH,WSH,1
20250719_SF@TOR,2025-07-19,TOR,SF,6,3,1.0,0.5331988334655762,0.5418,TOR,TOR,1
20250719_STL@AZ,2025-07-19,AZ,STL,10,1,1.0,0.5434569716453552,0.555,AZ,AZ,1
20250718_ATH@CLE,2025-07-18,CLE,ATH,8,6,1.0,0.5489535331726074,0.562,CLE,CLE,1
20250718_BAL@TB,2025-07-18,TB,BAL,11,1,1.0,0.5201481580734253,0.5251,TB,TB,1
20250718_BOS@CHC,2025-07-18,CHC,BOS,4,1,1.0,0.5331988334655762,0.5418,CHC,CHC,1
20250718_CIN@NYM,2025-07-18,NYM,CIN,4,8,0.0,0.5331988334655762,0.5418,NYM,CIN,0
20250718_CWS@PIT,2025-07-18,PIT,CWS,1,10,0.0,0.5359599590301514,0.5454,PIT,CWS,0
20250718_DET@TEX,2025-07-18,TEX,DET,2,0,1.0,0.5331988334655762,0.5418,TEX,TEX,1
20250718_HOU@SEA,2025-07-18,SEA,HOU,6,1,1.0,0.5331988334655762,0.5418,SEA,SEA,1
20250718_KC@MIA,2025-07-18,MIA,KC,8,7,1.0,0.5030721426010132,0.5033,MIA,MIA,1
20250718_LAA@PHI,2025-07-18,PHI,LAA,5,6,0.0,0.5331988334655762,0.5418,PHI,LAA,0
20250718_MIL@LAD,2025-07-18,LAD,MIL,0,2,0.0,0.5331988334655762,0.5418,LAD,MIL,0
20250718_MIN@COL,2025-07-18,COL,MIN,6,4,1.0,0.5110874772071838,0.5135,COL,COL,1
20250718_NYY@ATL,2025-07-18,ATL,NYY,7,3,1.0,0.5331988334655762,0.5418,ATL,ATL,1
20250718_SD@WSH,2025-07-18,WSH,SD,2,7,0.0,0.5030721426010132,0.5033,WSH,SD,0
20250718_SF@TOR,2025-07-18,TOR,SF,4,0,1.0,0.5331988334655762,0.5418,TOR,TOR,1
20250718_STL@AZ,2025-07-18,AZ,STL,7,3,1.0,0.5331988334655762,0.5418,AZ,AZ,1
20250713_ATL@STL,2025-07-13,STL,ATL,5,4,1.0,0.5331988334655762,0.5418,STL,STL,1
20250713_AZ@LAA,2025-07-13,LAA,AZ,1,5,0.0,0.5030721426010132,0.5033,LAA,AZ,0
20250713_CHC@NYY,2025-07-13,NYY,CHC,1,4,0.0,0.5331988334655762,0.5418,NYY,CHC,0
20250713_CLE@CWS,2025-07-13,CWS,CLE,5,6,0.0,0.5242294073104858,0.5304,CWS,CLE,0
20250713_COL@CIN,2025-07-13,CIN,COL,4,2,1.0,0.5739642977714539,0.5937,CIN,CIN,1
20250713_LAD@SF,2025-07-13,SF,LAD,2,5,0.0,0.5331988334655762,0.5418,SF,LAD,0
20250713_MIA@BAL,2025-07-13,BAL,MIA,1,11,0.0,0.5161552429199219,0.52,BAL,MIA,0
20250713_NYM@KC,2025-07-13,KC,NYM,3,2,1.0,0.5331988334655762,0.5418,KC,KC,1
20250713_PHI@SD,2025-07-13,SD,PHI,1,2,0.0,0.5331988334655762,0.5418,SD,PHI,0
20250713_PIT@MIN,2025-07-13,MIN,PIT,1,2,0.0,0.5489535331726074,0.562,MIN,PIT,0
20250713_SEA@DET,2025-07-13,DET,SEA,4,8,0.0,0.5331988334655762,0.5418,DET,SEA,0
20250713_TB@BOS,2025-07-13,BOS,TB,4,1,1.0,0.5331988334655762,0.5418,BOS,BOS,1
20250713_TEX@HOU,2025-07-13,HOU,TEX,1,5,0.0,0.5331988334655762,0.5418,HOU,TEX,0
20250713_TOR@ATH,2025-07-13,ATH,TOR,6,3,1.0,0.5093157291412354,0.5113,ATH,ATH,1
20250713_WSH@MIL,2025-07-13,MIL,WSH,8,1,1.0,0.5591515898704529,0.5749,MIL,MIL,1
20250712_ATL@STL,2025-07-12,STL,ATL,6,7,0.0,0.5331988334655762,0.5418,STL,ATL,0
20250712_AZ@LAA,2025-07-12,LAA,AZ,10,5,1.0,0.5093157291412354,0.5113,LAA,LAA,1
20250712_CHC@NYY,2025-07-12,NYY,CHC,2,5,0.0,0.5434569716453552,0.555,NYY,CHC,0
20250712_CLE@CWS,2025-07-12,CWS,CLE,2,6,0.0,0.5030721426010132,0.5033,CWS,CLE,0
20250712_COL@CIN,2025-07-12,CIN,COL,4,3,1.0,0.5739642977714539,0.5937,CIN,CIN,1
20250712_LAD@SF,2025-07-12,SF,LAD,1,2,0.0,0.5434569716453552,0.555,SF,LAD,0
20250712_MIA@BAL,2025-07-12,BAL,MIA,0,6,0.0,0.5161552429199219,0.52,BAL,MIA,0
20250712_NYM@KC,2025-07-12,KC,NYM,1,3,0.0,0.5331988334655762,0.5418,KC,NYM,0
20250712_PHI@SD,2025-07-12,SD,PHI,5,4,1.0,0.5331988334655762,0.5418,SD,SD,1
20250712_PIT@MIN,2025-07-12,MIN,PIT,12,4,1.0,0.5591515898704529,0.5749,MIN,MIN,1
20250712_SEA@DET,2025-07-12,DET,SEA,7,15,0.0,0.5331988334655762,0.5418,DET,SEA,0
20250712_TB@BOS,2025-07-12,BOS,TB,1,0,1.0,0.5331988334655762,0.5418,BOS,BOS,1
20250712_TEX@HOU,2025-07-12,HOU,TEX,5,4,1.0,0.5331988334655762,0.5418,HOU,HOU,1
20250712_TOR@ATH,2025-07-12,ATH,TOR,4,3,1.0,0.5179960131645203,0.5224,ATH,ATH,1
20250712_WSH@MIL,2025-07-12,MIL,WSH,6,5,1.0,0.5591515898704529,0.5749,MIL,MIL,1
20250711_ATL@STL,2025-07-11,STL,ATL,5,6,0.0,0.5331988334655762,0.5418,STL,ATL,0
20250711_AZ@LAA,2025-07-11,LAA,AZ,6,5,1.0,0.5179960131645203,0.5224,LAA,LAA,1
20250711_CHC@NYY,2025-07-11,NYY,CHC,11,0,1.0,0.5331988334655762,0.5418,NYY,NYY,1
20250711_CLE@CWS,2025-07-11,CWS,CLE,2,4,0.0,0.5179960131645203,0.5224,CWS,CLE,0
20250711_CLE@CWS,2025-07-11,CWS,CLE,5,4,1.0,0.5179960131645203,0.5224,CWS,CWS,1
20250711_COL@CIN,2025-07-11,CIN,COL,2,3,0.0,0.5739642977714539,0.5937,CIN,COL,0
20250711_LAD@SF,2025-07-11,SF,LAD,8,7,1.0,0.5331988334655762,0.5418,SF,SF,1
20250711_MIA@BAL,2025-07-11,BAL,MIA,5,2,1.0,0.5161552429199219,0.52,BAL,BAL,1
20250711_NYM@KC,2025-07-11,KC,NYM,3,8,0.0,0.5331988334655762,0.5418,KC,NYM,0
20250711_PHI@SD,2025-07-11,SD,PHI,4,2,1.0,0.5331988334655762,0.5418,SD,SD,1
20250711_PIT@MIN,2025-07-11,MIN,PIT,2,1,1.0,0.5275980234146118,0.5347,MIN,MIN,1
20250711_SEA@DET,2025-07-11,DET,SEA,3,12,0.0,0.5331988334655762,0.5418,DET,SEA,0
20250711_TB@BOS,2025-07-11,BOS,TB,5,4,1.0,0.5434569716453552,0.555,BOS,BOS,1
20250711_TEX@HOU,2025-07-11,HOU,TEX,3,7,0.0,0.5331988334655762,0.5418,HOU,TEX,0
20250711_TOR@ATH,2025-07-11,ATH,TOR,6,7,0.0,0.5093157291412354,0.5113,ATH,TOR,0
20250711_WSH@MIL,2025-07-11,MIL,WSH,8,3,1.0,0.5591515898704529,0.5749,MIL,MIL,1
20250710_ATL@ATH,2025-07-10,ATH,ATL,5,4,1.0,0.4842362105846405,0.4823,ATL,ATH,0
20250710_AZ@SD,2025-07-10,SD,AZ,4,3,1.0,0.4814731180667877,0.4787,AZ,SD,0
20250710_CHC@MIN,2025-07-10,MIN,CHC,1,8,0.0,0.482353389263153,0.4798,CHC,CHC,1
20250710_MIA@CIN,2025-07-10,CIN,MIA,6,0,1.0,0.5425187945365906,0.5523,CIN,CIN,1
20250710_NYM@BAL,2025-07-10,BAL,NYM,7,3,1.0,0.5235679745674132,0.5278,BAL,BAL,1
20250710_NYM@BAL,2025-07-10,BAL,NYM,3,1,1.0,0.5234819650650024,0.5277,BAL,BAL,1
20250710_SEA@NYY,2025-07-10,NYY,SEA,6,5,1.0,0.442914605140686,0.4289,SEA,NYY,0
20250710_TB@BOS,2025-07-10,BOS,TB,4,3,1.0,0.5441469550132751,0.5544,BOS,BOS,1
20250710_TEX@LAA,2025-07-10,LAA,TEX,4,11,0.0,0.4874062240123749,0.4864,TEX,TEX,1
20250710_WSH@STL,2025-07-10,STL,WSH,8,1,1.0,0.6094834804534912,0.6378,STL,STL,1
20250709_ATL@ATH,2025-07-09,ATH,ATL,2,9,0.0,0.4945871829986573,0.4957,ATL,ATL,1
20250709_AZ@SD,2025-07-09,SD,AZ,2,8,0.0,0.5086994767189026,0.5086,SD,AZ,0
20250709_CHC@MIN,2025-07-09,MIN,CHC,4,2,1.0,0.49403077363967896,0.4949,CHC,MIN,0
20250709_CLE@HOU,2025-07-09,HOU,CLE,2,4,0.0,0.5577571392059326,0.5719,HOU,CLE,0
20250709_COL@BOS,2025-07-09,BOS,COL,10,2,1.0,0.6929718255996705,0.7395,BOS,BOS,1
20250709_LAD@MIL,2025-07-09,MIL,LAD,3,2,1.0,0.4491712749004364,0.437,LAD,MIL,0
20250709_MIA@CIN,2025-07-09,CIN,MIA,7,2,1.0,0.4437525570392609,0.43,MIA,CIN,0
20250709_PHI@SF,2025-07-09,SF,PHI,0,13,0.0,0.43408295512199396,0.4176,PHI,PHI,1
20250709_PIT@KC,2025-07-09,KC,PIT,4,3,1.0,0.5375340580940247,0.5459,KC,KC,1
20250709_SEA@NYY,2025-07-09,NYY,SEA,9,6,1.0,0.5581607818603516,0.5725,NYY,NYY,1
20250709_TB@DET,2025-07-09,DET,TB,3,7,0.0,0.5610836744308472,0.5762,DET,TB,0
20250709_TEX@LAA,2025-07-09,LAA,TEX,11,8,1.0,0.47379058599472046,0.4687,TEX,LAA,0
20250709_TOR@CWS,2025-07-09,CWS,TOR,2,1,1.0,0.4557608366012573,0.4455,TOR,CWS,0
20250709_WSH@STL,2025-07-09,STL,WSH,2,8,0.0,0.6427246332168579,0.6791,STL,WSH,0
20250708_ATL@ATH,2025-07-08,ATH,ATL,10,1,1.0,0.4154408276081086,0.3938,ATL,ATH,0
20250708_AZ@SD,2025-07-08,SD,AZ,1,0,1.0,0.5280559659004211,0.5336,SD,SD,1
20250708_CHC@MIN,2025-07-08,MIN,CHC,8,1,1.0,0.4988387525081635,0.5,CHC,MIN,0
20250708_CLE@HOU,2025-07-08,HOU,CLE,6,10,0.0,0.6078194975852966,0.6357,HOU,CLE,0
20250708_COL@BOS,2025-07-08,BOS,COL,10,2,1.0,0.712944507598877,0.7626,BOS,BOS,1
20250708_LAD@MIL,2025-07-08,MIL,LAD,3,1,1.0,0.5680190324783325,0.5851,MIL,MIL,1
20250708_MIA@CIN,2025-07-08,CIN,MIA,2,12,0.0,0.484920471906662,0.4832,MIA,MIA,1
20250708_NYM@BAL,2025-07-08,BAL,NYM,6,7,0.0,0.49308350682258606,0.4937,NYM,NYM,1
20250708_PHI@SF,2025-07-08,SF,PHI,4,3,1.0,0.5854144096374512,0.6073,SF,SF,1
20250708_PIT@KC,2025-07-08,KC,PIT,4,3,1.0,0.5603879690170288,0.5753,KC,KC,1
20250708_SEA@NYY,2025-07-08,NYY,SEA,10,3,1.0,0.5491073131561279,0.5608,NYY,NYY,1
20250708_TB@DET,2025-07-08,DET,TB,4,2,1.0,0.5629716515541077,0.5786,DET,DET,1
20250708_TEX@LAA,2025-07-08,LAA,TEX,1,13,0.0,0.4614817202091217,0.4528,TEX,TEX,1
20250708_TOR@CWS,2025-07-08,CWS,TOR,1,6,0.0,0.45024615526199346,0.4384,TOR,TOR,1
20250708_WSH@STL,2025-07-08,STL,WSH,4,2,1.0,0.7106711268424988,0.76,STL,STL,1
20250707_AZ@SD,2025-07-07,SD,AZ,3,6,0.0,0.4970957934856415,0.4989,AZ,AZ,1
20250707_CLE@HOU,2025-07-07,HOU,CLE,5,7,0.0,0.5838915705680847,0.6054,HOU,CLE,0
20250707_COL@BOS,2025-07-07,BOS,COL,9,3,1.0,0.6837783455848694,0.7287,BOS,BOS,1
20250707_LAD@MIL,2025-07-07,MIL,LAD,9,1,1.0,0.5356666445732117,0.5435,MIL,MIL,1
20250707_MIA@CIN,2025-07-07,CIN,MIA,1,5,0.0,0.53397136926651,0.5413,CIN,MIA,0
20250707_PHI@SF,2025-07-07,SF,PHI,3,1,1.0,0.48558652400970453,0.484,PHI,SF,0
20250707_PIT@KC,2025-07-07,KC,PIT,9,3,1.0,0.5453096032142639,0.5559,KC,KC,1
20250707_TB@DET,2025-07-07,DET,TB,5,1,1.0,0.5560949444770813,0.5698,DET,DET,1
20250707_TEX@LAA,2025-07-07,LAA,TEX,6,5,1.0,0.48762822151184076,0.4867,TEX,LAA,0
20250707_TOR@CWS,2025-07-07,CWS,TOR,4,8,0.0,0.4487324357032776,0.4364,TOR,TOR,1
20250706_BAL@ATL,2025-07-06,ATL,BAL,1,2,0.0,0.591726541519165,0.6153,ATL,BAL,0
20250706_BOS@WSH,2025-07-06,WSH,BOS,4,6,0.0,0.4245422184467315,0.4054,BOS,BOS,1
20250706_CIN@PHI,2025-07-06,PHI,CIN,3,1,1.0,0.6159451007843018,0.6459,PHI,PHI,1
20250706_CWS@COL,2025-07-06,COL,CWS,6,4,1.0,0.5404901504516602,0.5497,COL,COL,1
20250706_DET@CLE,2025-07-06,CLE,DET,2,7,0.0,0.5169034600257874,0.5192,CLE,DET,0
20250706_HOU@LAD,2025-07-06,LAD,HOU,1,5,0.0,0.6319767832756042,0.6658,LAD,HOU,0
20250706_KC@AZ,2025-07-06,AZ,KC,0,4,0.0,0.49637883901596064,0.498,KC,KC,1
20250706_LAA@TOR,2025-07-06,TOR,LAA,3,2,1.0,0.5859493613243103,0.608,TOR,TOR,1
20250706_MIL@MIA,2025-07-06,MIA,MIL,1,3,0.0,0.4488305151462555,0.4365,MIL,MIL,1
20250706_NYY@NYM,2025-07-06,NYM,NYY,4,6,0.0,0.5217622518539429,0.5255,NYM,NYY,0
20250706_PIT@SEA,2025-07-06,SEA,PIT,1,0,1.0,0.658243715763092,0.698,SEA,SEA,1
20250706_SF@ATH,2025-07-06,ATH,SF,2,6,0.0,0.40924376249313354,0.3859,SF,SF,1
20250706_STL@CHC,2025-07-06,CHC,STL,11,0,1.0,0.6444424390792848,0.6812,CHC,CHC,1
20250706_TB@MIN,2025-07-06,MIN,TB,5,7,0.0,0.5093531012535095,0.5094,MIN,TB,0
20250706_TEX@SD,2025-07-06,SD,TEX,4,1,1.0,0.6584441065788269,0.6983,SD,SD,1
20250705_BAL@ATL,2025-07-05,ATL,BAL,6,9,0.0,0.47346618771553045,0.4683,BAL,BAL,1
20250705_BOS@WSH,2025-07-05,WSH,BOS,3,10,0.0,0.45559290051460266,0.4452,BOS,BOS,1
20250705_CIN@PHI,2025-07-05,PHI,CIN,5,1,1.0,0.5315369367599487,0.5381,PHI,PHI,1
20250705_CWS@COL,2025-07-05,COL,CWS,3,10,0.0,0.5615058541297913,0.5768,COL,CWS,0
20250705_DET@CLE,2025-07-05,CLE,DET,0,1,0.0,0.42876967787742615,0.4108,DET,DET,1
20250705_HOU@LAD,2025-07-05,LAD,HOU,4,6,0.0,0.564066469669342,0.58,LAD,HOU,0
20250705_KC@AZ,2025-07-05,AZ,KC,7,1,1.0,0.5237587690353394,0.5281,AZ,AZ,1
20250705_LAA@TOR,2025-07-05,TOR,LAA,4,3,1.0,0.5472729802131653,0.5584,TOR,TOR,1
20250705_MIL@MIA,2025-07-05,MIA,MIL,4,2,1.0,0.4305643737316132,0.4131,MIL,MIA,0
20250705_NYY@NYM,2025-07-05,NYM,NYY,12,6,1.0,0.5406960844993591,0.55,NYM,NYM,1
20250705_PIT@SEA,2025-07-05,SEA,PIT,1,0,1.0,0.6402225494384766,0.676,SEA,SEA,1
20250705_SF@ATH,2025-07-05,ATH,SF,2,7,0.0,0.40850517153739924,0.385,SF,SF,1
20250705_STL@CHC,2025-07-05,CHC,STL,6,8,0.0,0.626766562461853,0.6594,CHC,STL,0
20250705_TB@MIN,2025-07-05,MIN,TB,6,5,1.0,0.5167352557182312,0.519,MIN,MIN,1
20250705_TEX@SD,2025-07-05,SD,TEX,4,7,0.0,0.6118115782737732,0.6407,SD,TEX,0
20250704_BAL@ATL,2025-07-04,ATL,BAL,2,3,0.0,0.5351113677024841,0.5428,ATL,BAL,0
20250704_BOS@WSH,2025-07-04,WSH,BOS,2,11,0.0,0.4963648617267608,0.498,BOS,BOS,1
20250704_CIN@PHI,2025-07-04,PHI,CIN,6,9,0.0,0.6446664333343506,0.6815,PHI,CIN,0
20250704_CWS@COL,2025-07-04,COL,CWS,2,3,0.0,0.6987972259521484,0.7463,COL,CWS,0
20250704_DET@CLE,2025-07-04,CLE,DET,1,2,0.0,0.5557339191436768,0.5693,CLE,DET,0
20250704_HOU@LAD,2025-07-04,LAD,HOU,1,18,0.0,0.5469281077384949,0.558,LAD,HOU,0
20250704_KC@AZ,2025-07-04,AZ,KC,3,9,0.0,0.45853909850120544,0.449,KC,KC,1
20250704_LAA@TOR,2025-07-04,TOR,LAA,4,3,1.0,0.5725769996643066,0.5909,TOR,TOR,1
20250704_MIL@MIA,2025-07-04,MIA,MIL,5,6,0.0,0.41573917865753174,0.3942,MIL,MIL,1
20250704_NYY@NYM,2025-07-04,NYM,NYY,6,5,1.0,0.5532307028770447,0.5661,NYM,NYM,1
20250704_PIT@SEA,2025-07-04,SEA,PIT,6,0,1.0,0.6732198596000671,0.7161,SEA,SEA,1
20250704_SF@ATH,2025-07-04,ATH,SF,11,2,1.0,0.4382590651512146,0.4229,SF,ATH,0
20250704_STL@CHC,2025-07-04,CHC,STL,11,3,1.0,0.6026381850242615,0.6291,CHC,CHC,1
20250704_TB@MIN,2025-07-04,MIN,TB,4,3,1.0,0.507304310798645,0.5068,MIN,MIN,1
20250704_TEX@SD,2025-07-04,SD,TEX,3,2,1.0,0.6128877401351929,0.642,SD,SD,1
20250703_CLE@CHC,2025-07-03,CHC,CLE,1,0,1.0,0.5481611490249634,0.5615,CHC,CHC,1
20250703_CWS@LAD,2025-07-03,LAD,CWS,6,2,1.0,0.6631354689598083,0.7023,LAD,LAD,1
20250703_DET@WSH,2025-07-03,WSH,DET,11,7,1.0,0.4692316353321076,0.4604,DET,WSH,0
20250703_HOU@COL,2025-07-03,COL,HOU,7,6,1.0,0.4318168163299561,0.4134,HOU,COL,0
20250703_KC@SEA,2025-07-03,SEA,KC,2,3,0.0,0.5669151544570923,0.585,SEA,KC,0
20250703_LAA@ATL,2025-07-03,ATL,LAA,1,5,0.0,0.5014953017234802,0.5027,ATL,LAA,0
20250703_MIL@NYM,2025-07-03,NYM,MIL,3,2,1.0,0.4780511260032654,0.4715,MIL,NYM,0
20250703_MIN@MIA,2025-07-03,MIA,MIN,4,1,1.0,0.48987495899200434,0.4864,MIN,MIA,0
20250703_NYY@TOR,2025-07-03,TOR,NYY,8,5,1.0,0.5541388988494873,0.569,TOR,TOR,1
20250703_SF@AZ,2025-07-03,AZ,SF,2,7,0.0,0.5214728713035583,0.5279,AZ,SF,0
20250702_ATH@TB,2025-07-02,TB,ATH,6,5,1.0,0.5506746172904968,0.5647,TB,TB,1
20250702_BAL@TEX,2025-07-02,TEX,BAL,6,0,1.0,0.552520751953125,0.567,TEX,TEX,1
20250702_CIN@BOS,2025-07-02,BOS,CIN,4,8,0.0,0.49680793285369873,0.4951,CIN,CIN,1
20250702_CLE@CHC,2025-07-02,CHC,CLE,5,4,1.0,0.49442562460899353,0.4921,CLE,CHC,0
20250702_CWS@LAD,2025-07-02,LAD,CWS,5,4,1.0,0.6546898484230042,0.6923,LAD,LAD,1
20250702_DET@WSH,2025-07-02,WSH,DET,2,11,0.0,0.42527994513511663,0.4053,DET,DET,1
20250702_DET@WSH,2025-07-02,WSH,DET,9,4,1.0,0.4894781410694122,0.4859,DET,WSH,0
20250702_HOU@COL,2025-07-02,COL,HOU,3,5,0.0,0.4131622314453125,0.3902,HOU,HOU,1
20250702_KC@SEA,2025-07-02,SEA,KC,3,2,1.0,0.5286070704460144,0.5369,SEA,SEA,1
20250702_LAA@ATL,2025-07-02,ATL,LAA,8,3,1.0,0.5417946577072144,0.5535,ATL,ATL,1
20250702_MIL@NYM,2025-07-02,NYM,MIL,7,3,1.0,0.5205169320106506,0.5267,NYM,NYM,1
20250702_MIL@NYM,2025-07-02,NYM,MIL,2,7,0.0,0.5480701327323914,0.5614,NYM,MIL,0
20250702_MIN@MIA,2025-07-02,MIA,MIN,1,2,0.0,0.48987495899200434,0.4864,MIN,MIN,1
20250702_NYY@TOR,2025-07-02,TOR,NYY,11,9,1.0,0.5457605123519897,0.5585,TOR,TOR,1
20250702_SD@PHI,2025-07-02,PHI,SD,5,1,1.0,0.5528294444084167,0.5674,PHI,PHI,1
20250702_SD@PHI,2025-07-02,PHI,SD,4,6,0.0,0.5605279803276062,0.577,PHI,SD,0
20250702_SF@AZ,2025-07-02,AZ,SF,5,6,0.0,0.5214728713035583,0.5279,AZ,SF,0
20250702_STL@PIT,2025-07-02,PIT,STL,5,0,1.0,0.5248497128486633,0.5322,PIT,PIT,1
20250701_ATH@TB,2025-07-01,TB,ATH,3,4,0.0,0.5617669820785522,0.5786,TB,ATH,0
20250701_BAL@TEX,2025-07-01,TEX,BAL,10,2,1.0,0.5347864031791687,0.5447,TEX,TEX,1
20250701_CIN@BOS,2025-07-01,BOS,CIN,5,3,1.0,0.4987661242485047,0.4976,CIN,BOS,0
20250701_CLE@CHC,2025-07-01,CHC,CLE,5,2,1.0,0.5636326670646667,0.5809,CHC,CHC,1
20250701_CWS@LAD,2025-07-01,LAD,CWS,6,1,1.0,0.6688027381896973,0.709,LAD,LAD,1
20250701_HOU@COL,2025-07-01,COL,HOU,5,6,0.0,0.44970041513442993,0.4358,HOU,HOU,1
20250701_KC@SEA,2025-07-01,SEA,KC,3,6,0.0,0.5498337149620056,0.5636,SEA,KC,0
20250701_LAA@ATL,2025-07-01,ATL,LAA,0,4,0.0,0.5613858699798584,0.5781,ATL,LAA,0
20250701_MIN@MIA,2025-07-01,MIA,MIN,2,0,1.0,0.48056027293205256,0.4746,MIN,MIA,0
20250701_NYY@TOR,2025-07-01,TOR,NYY,12,5,1.0,0.5212550163269043,0.5277,TOR,TOR,1
20250701_SF@AZ,2025-07-01,AZ,SF,8,2,1.0,0.5225281715393066,0.5293,AZ,AZ,1
20250701_STL@PIT,2025-07-01,PIT,STL,1,0,1.0,0.5248497128486633,0.5322,PIT,PIT,1
20250630_ATH@TB,2025-06-30,TB,ATH,4,6,0.0,0.5628296732902527,0.5799,TB,ATH,0
20250630_BAL@TEX,2025-06-30,TEX,BAL,6,10,0.0,0.4887191951274872,0.4849,BAL,BAL,1
20250630_CIN@BOS,2025-06-30,BOS,CIN,13,6,1.0,0.5165903568267822,0.5218,BOS,BOS,1
20250630_KC@SEA,2025-06-30,SEA,KC,6,2,1.0,0.5669151544570923,0.585,SEA,SEA,1
20250630_NYY@TOR,2025-06-30,TOR,NYY,5,4,1.0,0.5000360012054443,0.5009,TOR,TOR,1
20250630_SD@PHI,2025-06-30,PHI,SD,4,0,1.0,0.5847278833389282,0.6072,PHI,PHI,1
20250630_SF@AZ,2025-06-30,AZ,SF,4,2,1.0,0.5214728713035583,0.5279,AZ,AZ,1
20250630_STL@PIT,2025-06-30,PIT,STL,7,0,1.0,0.5167842507362366,0.522,PIT,PIT,1
20250629_ATH@NYY,2025-06-29,NYY,ATH,12,5,1.0,0.5724060535430908,0.5918,NYY,NYY,1
20250629_CHC@HOU,2025-06-29,HOU,CHC,2,0,1.0,0.5456939935684204,0.5584,HOU,HOU,1
20250629_COL@MIL,2025-06-29,MIL,COL,3,4,0.0,0.6935659050941467,0.7378,MIL,COL,0
20250629_LAD@KC,2025-06-29,KC,LAD,1,5,0.0,0.4430907368659973,0.4275,LAD,LAD,1
20250629_MIA@AZ,2025-06-29,AZ,MIA,4,6,0.0,0.5604641437530518,0.5769,AZ,MIA,0
20250629_MIN@DET,2025-06-29,DET,MIN,3,0,1.0,0.6224250793457031,0.6535,DET,DET,1
20250629_NYM@PIT,2025-06-29,PIT,NYM,12,1,1.0,0.47639527916908264,0.4694,NYM,PIT,0
20250629_PHI@ATL,2025-06-29,ATL,PHI,1,2,0.0,0.5347037911415101,0.5446,ATL,PHI,0
20250629_SD@CIN,2025-06-29,CIN,SD,3,2,1.0,0.5149608850479126,0.5197,CIN,CIN,1
20250629_SEA@TEX,2025-06-29,TEX,SEA,4,6,0.0,0.5270679593086243,0.535,TEX,SEA,0
20250629_SF@CWS,2025-06-29,CWS,SF,5,2,1.0,0.4859832823276519,0.4815,SF,CWS,0
20250629_STL@CLE,2025-06-29,CLE,STL,0,7,0.0,0.5303468108177185,0.5391,CLE,STL,0
20250629_TB@BAL,2025-06-29,BAL,TB,5,1,1.0,0.49959000945091253,0.4986,TB,BAL,0
20250629_TOR@BOS,2025-06-29,BOS,TOR,3,5,0.0,0.5192229151725769,0.5251,BOS,TOR,0
20250629_WSH@LAA,2025-06-29,LAA,WSH,4,7,0.0,0.5354081392288208,0.5455,LAA,WSH,0
20250628_ATH@NYY,2025-06-28,NYY,ATH,0,7,0.0,0.5896433591842651,0.6133,NYY,ATH,0
20250628_CHC@HOU,2025-06-28,HOU,CHC,3,12,0.0,0.5175164341926575,0.5229,HOU,CHC,0
20250628_COL@MIL,2025-06-28,MIL,COL,5,0,1.0,0.6474522948265076,0.6837,MIL,MIL,1
20250628_LAD@KC,2025-06-28,KC,LAD,9,5,1.0,0.48384967446327204,0.4788,LAD,KC,0
20250628_MIA@AZ,2025-06-28,AZ,MIA,7,8,0.0,0.5362092852592468,0.5465,AZ,MIA,0
20250628_MIN@DET,2025-06-28,DET,MIN,10,5,1.0,0.6022147536277771,0.6288,DET,DET,1
20250628_NYM@PIT,2025-06-28,PIT,NYM,9,2,1.0,0.4976659119129181,0.4962,NYM,PIT,0
20250628_PHI@ATL,2025-06-28,ATL,PHI,6,1,1.0,0.5162185430526733,0.5213,ATL,ATL,1
20250628_SD@CIN,2025-06-28,CIN,SD,4,6,0.0,0.5149608850479126,0.5197,CIN,SD,0
20250628_SEA@TEX,2025-06-28,TEX,SEA,3,2,1.0,0.5390164852142334,0.55,TEX,TEX,1
20250628_SF@CWS,2025-06-28,CWS,SF,1,0,1.0,0.4882585406303405,0.4843,SF,CWS,0
20250628_STL@CLE,2025-06-28,CLE,STL,6,9,0.0,0.5132232308387756,0.5175,CLE,STL,0
20250628_TB@BAL,2025-06-28,BAL,TB,3,11,0.0,0.49491438269615173,0.4927,TB,TB,1
20250628_TOR@BOS,2025-06-28,BOS,TOR,15,1,1.0,0.49794426560401917,0.4966,TOR,BOS,0
20250628_WSH@LAA,2025-06-28,LAA,WSH,8,2,1.0,0.47234472632408137,0.4643,WSH,LAA,0
20250627_ATH@NYY,2025-06-27,NYY,ATH,3,0,1.0,0.6008360981941223,0.6271,NYY,NYY,1
20250627_CHC@HOU,2025-06-27,HOU,CHC,7,4,1.0,0.5274267792701721,0.5354,HOU,HOU,1
20250627_COL@MIL,2025-06-27,MIL,COL,10,6,1.0,0.6557890176773071,0.6936,MIL,MIL,1
20250627_LAD@KC,2025-06-27,KC,LAD,4,5,0.0,0.4584795534610748,0.4468,LAD,LAD,1
20250627_MIA@AZ,2025-06-27,AZ,MIA,8,9,0.0,0.529280424118042,0.5378,AZ,MIA,0
20250627_MIN@DET,2025-06-27,DET,MIN,1,4,0.0,0.5822107791900635,0.604,DET,MIN,0
20250627_NYM@PIT,2025-06-27,PIT,NYM,9,1,1.0,0.47639527916908264,0.4694,NYM,PIT,0
20250627_PHI@ATL,2025-06-27,ATL,PHI,0,13,0.0,0.5700392723083496,0.5889,ATL,PHI,0
20250627_SD@CIN,2025-06-27,CIN,SD,8,1,1.0,0.4230087697505951,0.4024,SD,CIN,0
20250627_SEA@TEX,2025-06-27,TEX,SEA,6,7,0.0,0.4833973646163941,0.4782,SEA,SEA,1
20250627_SF@CWS,2025-06-27,CWS,SF,1,3,0.0,0.48956212401390076,0.486,SF,SF,1
20250627_STL@CLE,2025-06-27,CLE,STL,0,5,0.0,0.5917050242424011,0.6158,CLE,STL,0
20250627_TB@BAL,2025-06-27,BAL,TB,22,8,1.0,0.4767638146877288,0.4698,TB,BAL,0
20250627_TOR@BOS,2025-06-27,BOS,TOR,0,9,0.0,0.5143746137619019,0.519,BOS,TOR,0
20250627_WSH@LAA,2025-06-27,LAA,WSH,9,15,0.0,0.5079512596130371,0.5109,LAA,WSH,0
20250626_ATH@DET,2025-06-26,DET,ATH,8,0,1.0,0.6265338659286499,0.6615,DET,DET,1
20250626_ATL@NYM,2025-06-26,NYM,ATL,4,0,1.0,0.5732808113098145,0.5943,NYM,NYM,1
20250626_CHC@STL,2025-06-26,STL,CHC,0,3,0.0,0.5363754630088806,0.5468,STL,CHC,0
20250626_LAD@COL,2025-06-26,COL,LAD,1,3,0.0,0.41748297214508057,0.3939,LAD,LAD,1
20250626_MIA@SF,2025-06-26,SF,MIA,5,12,0.0,0.5890843272209167,0.6144,SF,MIA,0
20250626_PHI@HOU,2025-06-26,HOU,PHI,2,1,1.0,0.6264842748641968,0.6614,HOU,HOU,1
20250626_SEA@MIN,2025-06-26,MIN,SEA,10,1,1.0,0.5487328767776489,0.5627,MIN,MIN,1
20250626_TB@KC,2025-06-26,KC,TB,0,4,0.0,0.4528630077838897,0.4393,TB,TB,1
20250626_TOR@CLE,2025-06-26,CLE,TOR,0,6,0.0,0.5719424486160278,0.5926,CLE,TOR,0
20250625_ATH@DET,2025-06-25,DET,ATH,0,3,0.0,0.5946316719055176,0.6215,DET,ATH,0
20250625_ATL@NYM,2025-06-25,NYM,ATL,7,3,1.0,0.6062528491020203,0.6361,NYM,NYM,1
20250625_AZ@CWS,2025-06-25,CWS,AZ,7,3,1.0,0.4545030295848847,0.4414,AZ,CWS,0
20250625_BOS@LAA,2025-06-25,LAA,BOS,5,2,1.0,0.4089820086956024,0.3831,BOS,LAA,0
20250625_CHC@STL,2025-06-25,STL,CHC,0,8,0.0,0.5028201341629028,0.5033,STL,CHC,0
20250625_LAD@COL,2025-06-25,COL,LAD,1,8,0.0,0.4275727570056916,0.4068,LAD,LAD,1
20250625_MIA@SF,2025-06-25,SF,MIA,5,8,0.0,0.6237690448760986,0.6581,SF,MIA,0
20250625_NYY@CIN,2025-06-25,CIN,NYY,1,7,0.0,0.4074484705924987,0.3812,NYY,NYY,1
20250625_PHI@HOU,2025-06-25,HOU,PHI,2,0,1.0,0.4900067448616028,0.4874,PHI,HOU,0
20250625_PIT@MIL,2025-06-25,MIL,PIT,4,2,1.0,0.6201463937759399,0.6535,MIL,MIL,1
20250625_SEA@MIN,2025-06-25,MIN,SEA,2,0,1.0,0.5057450532913208,0.5071,MIN,MIN,1
20250625_TB@KC,2025-06-25,KC,TB,0,3,0.0,0.43960005044937134,0.4222,TB,TB,1
20250625_TEX@BAL,2025-06-25,BAL,TEX,0,7,0.0,0.5218323469161987,0.528,BAL,TEX,0
20250625_TOR@CLE,2025-06-25,CLE,TOR,5,4,1.0,0.5812482237815857,0.6045,CLE,CLE,1
20250625_WSH@SD,2025-06-25,SD,WSH,1,0,1.0,0.6254431009292601,0.6601,SD,SD,1
20250624_ATH@DET,2025-06-24,DET,ATH,11,4,1.0,0.6737244725227357,0.719,DET,DET,1
20250624_ATL@NYM,2025-06-24,NYM,ATL,4,7,0.0,0.5896794199943542,0.6152,NYM,ATL,0
20250624_AZ@CWS,2025-06-24,CWS,AZ,1,4,0.0,0.38119265437126154,0.3481,AZ,AZ,1
20250624_BOS@LAA,2025-06-24,LAA,BOS,3,2,1.0,0.34150537848472595,0.2993,BOS,LAA,0
20250624_CHC@STL,2025-06-24,STL,CHC,8,7,1.0,0.5311809778213501,0.5401,STL,STL,1
20250624_LAD@COL,2025-06-24,COL,LAD,7,9,0.0,0.3977446854114533,0.3689,LAD,LAD,1
20250624_MIA@SF,2025-06-24,SF,MIA,2,4,0.0,0.5835407376289368,0.6074,SF,MIA,0
20250624_NYY@CIN,2025-06-24,CIN,NYY,5,4,1.0,0.4267070293426514,0.4057,NYY,CIN,0
20250624_PHI@HOU,2025-06-24,HOU,PHI,1,0,1.0,0.5793560743331909,0.602,HOU,HOU,1
20250624_PIT@MIL,2025-06-24,MIL,PIT,9,3,1.0,0.6882380247116089,0.7362,MIL,MIL,1
20250624_SEA@MIN,2025-06-24,MIN,SEA,5,6,0.0,0.4884978532791138,0.4854,SEA,SEA,1
20250624_TB@KC,2025-06-24,KC,TB,1,5,0.0,0.5062844157218933,0.5078,KC,TB,0
20250624_TEX@BAL,2025-06-24,BAL,TEX,5,6,0.0,0.5793711543083191,0.6021,BAL,TEX,0
20250624_TOR@CLE,2025-06-24,CLE,TOR,6,10,0.0,0.5352509021759033,0.5453,CLE,TOR,0
20250624_WSH@SD,2025-06-24,SD,WSH,4,3,1.0,0.669186234474182,0.7136,SD,SD,1
20250623_ATL@NYM,2025-06-23,NYM,ATL,2,3,0.0,0.5880557298660278,0.6131,NYM,ATL,0
20250623_AZ@CWS,2025-06-23,CWS,AZ,0,10,0.0,0.38151153922081,0.3485,AZ,AZ,1
20250623_BOS@LAA,2025-06-23,LAA,BOS,9,5,1.0,0.4274309575557709,0.4066,BOS,LAA,0
20250623_CHC@STL,2025-06-23,STL,CHC,8,2,1.0,0.46374920010566717,0.4534,CHC,STL,0
20250623_NYY@CIN,2025-06-23,CIN,NYY,6,1,1.0,0.42704704403877264,0.4061,NYY,CIN,0
20250623_PIT@MIL,2025-06-23,MIL,PIT,4,5,0.0,0.6478245258331299,0.6877,MIL,PIT,0
20250623_SEA@MIN,2025-06-23,MIN,SEA,2,11,0.0,0.44583791494369507,0.4303,SEA,SEA,1
20250623_TEX@BAL,2025-06-23,BAL,TEX,6,0,1.0,0.5689502358436584,0.5887,BAL,BAL,1
20250623_WSH@SD,2025-06-23,SD,WSH,6,10,0.0,0.6445751786231995,0.6838,SD,WSH,0
20250622_ATL@MIA,2025-06-22,MIA,ATL,5,3,1.0,0.44312706589698786,0.4268,ATL,MIA,0
20250622_AZ@COL,2025-06-22,COL,AZ,4,2,1.0,0.4441473782062531,0.4281,AZ,COL,0
20250622_BAL@NYY,2025-06-22,NYY,BAL,4,2,1.0,0.5687656998634338,0.5885,NYY,NYY,1
20250622_BOS@SF,2025-06-22,SF,BOS,9,5,1.0,0.531447172164917,0.5404,SF,SF,1
20250622_CIN@STL,2025-06-22,STL,CIN,1,4,0.0,0.516821563243866,0.5215,STL,CIN,0
20250622_CLE@ATH,2025-06-22,ATH,CLE,0,3,0.0,0.4967817068099976,0.4962,CLE,CLE,1
20250622_CWS@TOR,2025-06-22,TOR,CWS,2,4,0.0,0.7253941893577576,0.7789,TOR,CWS,0
20250622_DET@TB,2025-06-22,TB,DET,3,9,0.0,0.5637107491493225,0.582,TB,DET,0
20250622_HOU@LAA,2025-06-22,LAA,HOU,7,8,0.0,0.36568084359169006,0.3289,HOU,HOU,1
20250622_KC@SD,2025-06-22,SD,KC,3,2,1.0,0.5100259780883789,0.5126,SD,SD,1
20250622_MIL@MIN,2025-06-22,MIN,MIL,8,9,0.0,0.43965643644332886,0.4223,MIL,MIL,1
20250622_NYM@PHI,2025-06-22,PHI,NYM,7,1,1.0,0.5795534253120422,0.6023,PHI,PHI,1
20250622_SEA@CHC,2025-06-22,CHC,SEA,6,14,0.0,0.46907725930213934,0.4603,SEA,SEA,1
20250622_TEX@PIT,2025-06-22,PIT,TEX,8,3,1.0,0.5240475535392761,0.5308,PIT,PIT,1
20250622_WSH@LAD,2025-06-22,LAD,WSH,13,7,1.0,0.5618051290512085,0.5796,LAD,LAD,1
20250621_ATL@MIA,2025-06-21,MIA,ATL,0,7,0.0,0.4237610697746277,0.4019,ATL,ATL,1
20250621_AZ@COL,2025-06-21,COL,AZ,3,5,0.0,0.43169790506362915,0.4121,AZ,AZ,1
20250621_BAL@NYY,2025-06-21,NYY,BAL,9,0,1.0,0.5148984789848328,0.519,NYY,NYY,1
20250621_BOS@SF,2025-06-21,SF,BOS,3,2,1.0,0.5608704686164855,0.5784,SF,SF,1
20250621_CIN@STL,2025-06-21,STL,CIN,6,5,1.0,0.5771003365516663,0.5992,STL,STL,1
20250621_CLE@ATH,2025-06-21,ATH,CLE,2,4,0.0,0.43539801239967346,0.4168,CLE,CLE,1
20250621_CWS@TOR,2025-06-21,TOR,CWS,7,1,1.0,0.7081730365753174,0.7593,TOR,TOR,1
20250621_DET@TB,2025-06-21,TB,DET,8,3,1.0,0.4898990392684936,0.4873,DET,TB,0
20250621_HOU@LAA,2025-06-21,LAA,HOU,9,1,1.0,0.38901364803314215,0.3579,HOU,LAA,0
20250621_KC@SD,2025-06-21,SD,KC,5,1,1.0,0.5549124479293823,0.5707,SD,SD,1
20250621_MIL@MIN,2025-06-21,MIN,MIL,0,9,0.0,0.5094950795173645,0.512,MIN,MIL,0
20250621_NYM@PHI,2025-06-21,PHI,NYM,4,11,0.0,0.5991254448890686,0.6272,PHI,NYM,0
20250621_SEA@CHC,2025-06-21,CHC,SEA,10,7,1.0,0.5742408037185669,0.5955,CHC,CHC,1
20250621_TEX@PIT,2025-06-21,PIT,TEX,2,3,0.0,0.5235581398010254,0.5302,PIT,TEX,0
20250621_WSH@LAD,2025-06-21,LAD,WSH,3,7,0.0,0.6787021160125732,0.7249,LAD,WSH,0
20250620_ATL@MIA,2025-06-20,MIA,ATL,6,2,1.0,0.5264124274253845,0.5339,MIA,MIA,1
20250620_AZ@COL,2025-06-20,COL,AZ,8,14,0.0,0.43507468700408936,0.4164,AZ,AZ,1
20250620_BAL@NYY,2025-06-20,NYY,BAL,3,5,0.0,0.5234492421150206,0.53,NYY,BAL,0
20250620_BOS@SF,2025-06-20,SF,BOS,5,7,0.0,0.5265457630157471,0.5341,SF,BOS,0
20250620_CIN@STL,2025-06-20,STL,CIN,6,1,1.0,0.5063278079032898,0.5078,STL,STL,1
20250620_CLE@ATH,2025-06-20,ATH,CLE,5,1,1.0,0.502460241317749,0.5028,ATH,ATH,1
20250620_CWS@TOR,2025-06-20,TOR,CWS,1,7,0.0,0.6411070823669434,0.6795,TOR,CWS,0
20250620_DET@TB,2025-06-20,TB,DET,14,8,1.0,0.5184756517410278,0.5236,TB,TB,1
20250620_HOU@LAA,2025-06-20,LAA,HOU,2,3,0.0,0.3934612572193146,0.3635,HOU,HOU,1
20250620_KC@SD,2025-06-20,SD,KC,5,6,0.0,0.5440852046012878,0.5567,SD,KC,0
20250620_MIL@MIN,2025-06-20,MIN,MIL,6,17,0.0,0.48720964789390564,0.4838,MIL,MIL,1
20250620_NYM@PHI,2025-06-20,PHI,NYM,10,2,1.0,0.5888015627861023,0.6141,PHI,PHI,1
20250620_SEA@CHC,2025-06-20,CHC,SEA,4,9,0.0,0.5277339220046997,0.5356,CHC,SEA,0
20250620_TEX@PIT,2025-06-20,PIT,TEX,2,6,0.0,0.5335748791694641,0.5432,PIT,TEX,0
20250620_WSH@LAD,2025-06-20,LAD,WSH,6,5,1.0,0.5860416889190674,0.6106,LAD,LAD,1
20250619_AZ@TOR,2025-06-19,TOR,AZ,5,9,0.0,0.5231674909591675,0.5301,TOR,AZ,0
20250619_BAL@TB,2025-06-19,TB,BAL,1,4,0.0,0.5294435024261475,0.5382,TB,BAL,0
20250619_CLE@SF,2025-06-19,SF,CLE,2,1,1.0,0.5437465310096741,0.5566,SF,SF,1
20250619_COL@WSH,2025-06-19,WSH,COL,4,3,1.0,0.5316256880760193,0.541,WSH,WSH,1
20250619_HOU@ATH,2025-06-19,ATH,HOU,6,4,1.0,0.5012155771255493,0.5017,ATH,ATH,1
20250619_KC@TEX,2025-06-19,TEX,KC,1,4,0.0,0.5334450602531433,0.5433,TEX,KC,0
20250619_LAA@NYY,2025-06-19,NYY,LAA,7,3,1.0,0.5334974527359009,0.5434,NYY,NYY,1
20250619_MIL@CHC,2025-06-19,CHC,MIL,7,8,0.0,0.5334974527359009,0.5434,CHC,MIL,0
20250619_MIN@CIN,2025-06-19,CIN,MIN,5,12,0.0,0.5300702452659607,0.539,CIN,MIN,0
20250619_NYM@ATL,2025-06-19,ATL,NYM,7,1,1.0,0.5334974527359009,0.5434,ATL,ATL,1
20250619_PHI@MIA,2025-06-19,MIA,PHI,1,2,0.0,0.5134776830673218,0.5175,MIA,PHI,0
20250619_PIT@DET,2025-06-19,DET,PIT,4,8,0.0,0.55876225233078,0.5759,DET,PIT,0
20250619_PIT@DET,2025-06-19,DET,PIT,9,2,1.0,0.5431222915649414,0.5558,DET,DET,1
20250619_SD@LAD,2025-06-19,LAD,SD,3,5,0.0,0.5437465310096741,0.5566,LAD,SD,0
20250619_STL@CWS,2025-06-19,CWS,STL,6,8,0.0,0.5134776830673218,0.5175,CWS,STL,0
20250619_STL@CWS,2025-06-19,CWS,STL,4,5,0.0,0.5134776830673218,0.5175,CWS,STL,0
20250618_AZ@TOR,2025-06-18,TOR,AZ,8,1,1.0,0.5231674909591675,0.5301,TOR,TOR,1
20250618_BAL@TB,2025-06-18,TB,BAL,12,8,1.0,0.5451595783233643,0.5584,TB,TB,1
20250618_BOS@SEA,2025-06-18,SEA,BOS,1,3,0.0,0.5334974527359009,0.5434,SEA,BOS,0
20250618_CLE@SF,2025-06-18,SF,CLE,2,4,0.0,0.5437465310096741,0.5566,SF,CLE,0
20250618_COL@WSH,2025-06-18,WSH,COL,1,3,0.0,0.5316256880760193,0.541,WSH,COL,0
20250618_HOU@ATH,2025-06-18,ATH,HOU,4,11,0.0,0.5030012130737305,0.504,ATH,HOU,0
20250618_KC@TEX,2025-06-18,TEX,KC,3,6,0.0,0.5334450602531433,0.5433,TEX,KC,0
20250618_LAA@NYY,2025-06-18,NYY,LAA,2,3,0.0,0.5334974527359009,0.5434,NYY,LAA,0
20250618_MIN@CIN,2025-06-18,CIN,MIN,4,2,1.0,0.5300702452659607,0.539,CIN,CIN,1
20250618_NYM@ATL,2025-06-18,ATL,NYM,5,0,1.0,0.5231674909591675,0.5301,ATL,ATL,1
20250618_PHI@MIA,2025-06-18,MIA,PHI,2,4,0.0,0.5134776830673218,0.5175,MIA,PHI,0
20250618_SD@LAD,2025-06-18,LAD,SD,4,3,1.0,0.5437465310096741,0.5566,LAD,LAD,1
20250617_AZ@TOR,2025-06-17,TOR,AZ,5,4,1.0,0.5231674909591675,0.5301,TOR,TOR,1
20250617_BAL@TB,2025-06-17,TB,BAL,1,5,0.0,0.5451595783233643,0.5584,TB,BAL,0
20250617_BOS@SEA,2025-06-17,SEA,BOS,8,0,1.0,0.540595531463623,0.5525,SEA,SEA,1
20250617_CLE@SF,2025-06-17,SF,CLE,2,3,0.0,0.5437465310096741,0.5566,SF,CLE,0
20250617_COL@WSH,2025-06-17,WSH,COL,6,10,0.0,0.5598939657211304,0.5773,WSH,COL,0
20250617_HOU@ATH,2025-06-17,ATH,HOU,3,13,0.0,0.5134776830673218,0.5175,ATH,HOU,0
20250617_KC@TEX,2025-06-17,TEX,KC,1,6,0.0,0.5594263076782227,0.5767,TEX,KC,0
20250617_LAA@NYY,2025-06-17,NYY,LAA,0,4,0.0,0.5334974527359009,0.5434,NYY,LAA,0
20250617_MIL@CHC,2025-06-17,CHC,MIL,5,3,1.0,0.5334974527359009,0.5434,CHC,CHC,1
20250617_MIN@CIN,2025-06-17,CIN,MIN,6,5,1.0,0.5300702452659607,0.539,CIN,CIN,1
20250617_NYM@ATL,2025-06-17,ATL,NYM,5,4,1.0,0.5334974527359009,0.5434,ATL,ATL,1
20250617_PHI@MIA,2025-06-17,MIA,PHI,8,3,1.0,0.5152618885040283,0.5198,MIA,MIA,1
20250617_PIT@DET,2025-06-17,DET,PIT,7,3,1.0,0.5431222915649414,0.5558,DET,DET,1
20250617_SD@LAD,2025-06-17,LAD,SD,8,6,1.0,0.5437465310096741,0.5566,LAD,LAD,1
20250617_STL@CWS,2025-06-17,CWS,STL,2,12,0.0,0.5152618885040283,0.5198,CWS,STL,0
20250616_BAL@TB,2025-06-16,TB,BAL,7,1,1.0,0.5451595783233643,0.5584,TB,TB,1
20250616_BOS@SEA,2025-06-16,SEA,BOS,0,2,0.0,0.5231674909591675,0.5301,SEA,BOS,0
20250616_COL@WSH,2025-06-16,WSH,COL,4,6,0.0,0.5316256880760193,0.541,WSH,COL,0
20250616_HOU@ATH,2025-06-16,ATH,HOU,3,1,1.0,0.5152618885040283,0.5198,ATH,ATH,1
20250616_LAA@NYY,2025-06-16,NYY,LAA,0,1,0.0,0.5334974527359009,0.5434,NYY,LAA,0
20250616_PHI@MIA,2025-06-16,MIA,PHI,2,5,0.0,0.5152618885040283,0.5198,MIA,PHI,0
20250616_SD@LAD,2025-06-16,LAD,SD,6,3,1.0,0.5437465310096741,0.5566,LAD,LAD,1
20250615_ATH@KC,2025-06-15,KC,ATH,2,3,0.0,0.5328713059425354,0.5426,KC,ATH,0
20250615_CIN@DET,2025-06-15,DET,CIN,4,8,0.0,0.5231674909591675,0.5301,DET,CIN,0
20250615_CLE@SEA,2025-06-15,SEA,CLE,6,0,1.0,0.5437465310096741,0.5566,SEA,SEA,1
20250615_COL@ATL,2025-06-15,ATL,COL,1,10,0.0,0.5743300318717957,0.5957,ATL,COL,0
20250615_CWS@TEX,2025-06-15,TEX,CWS,2,1,1.0,0.5743300318717957,0.5957,TEX,TEX,1
20250615_LAA@BAL,2025-06-15,BAL,LAA,11,2,1.0,0.5012155771255493,0.5017,BAL,BAL,1
20250615_MIA@WSH,2025-06-15,WSH,MIA,1,3,0.0,0.5134776830673218,0.5175,WSH,MIA,0
20250615_MIN@HOU,2025-06-15,HOU,MIN,2,1,1.0,0.5334974527359009,0.5434,HOU,HOU,1
20250615_NYY@BOS,2025-06-15,BOS,NYY,2,0,1.0,0.5134776830673218,0.5175,BOS,BOS,1
20250615_PIT@CHC,2025-06-15,CHC,PIT,3,2,1.0,0.55876225233078,0.5759,CHC,CHC,1
20250615_SD@AZ,2025-06-15,AZ,SD,2,8,0.0,0.5437465310096741,0.5566,AZ,SD,0
20250615_SF@LAD,2025-06-15,LAD,SF,5,4,1.0,0.5437465310096741,0.5566,LAD,LAD,1
20250615_STL@MIL,2025-06-15,MIL,STL,3,2,1.0,0.5437465310096741,0.5566,MIL,MIL,1
20250615_TB@NYM,2025-06-15,NYM,TB,0,9,0.0,0.5334974527359009,0.5434,NYM,TB,0
20250615_TOR@PHI,2025-06-15,PHI,TOR,11,4,1.0,0.5231674909591675,0.5301,PHI,PHI,1
20250614_ATH@KC,2025-06-14,KC,ATH,0,4,0.0,0.5328713059425354,0.5426,KC,ATH,0
20250614_CIN@DET,2025-06-14,DET,CIN,1,11,0.0,0.540595531463623,0.5525,DET,CIN,0
20250614_CLE@SEA,2025-06-14,SEA,CLE,4,3,1.0,0.5437465310096741,0.5566,SEA,SEA,1
20250614_COL@ATL,2025-06-14,ATL,COL,4,1,1.0,0.5588061809539795,0.5759,ATL,ATL,1
20250614_CWS@TEX,2025-06-14,TEX,CWS,5,4,1.0,0.5588061809539795,0.5759,TEX,TEX,1
20250614_LAA@BAL,2025-06-14,BAL,LAA,6,5,1.0,0.5030012130737305,0.504,BAL,BAL,1
20250614_MIA@WSH,2025-06-14,WSH,MIA,3,4,0.0,0.5152618885040283,0.5198,WSH,MIA,0
20250614_MIN@HOU,2025-06-14,HOU,MIN,3,2,1.0,0.5334974527359009,0.5434,HOU,HOU,1
20250614_NYY@BOS,2025-06-14,BOS,NYY,4,3,1.0,0.5134776830673218,0.5175,BOS,BOS,1
20250614_PIT@CHC,2025-06-14,CHC,PIT,2,1,1.0,0.55876225233078,0.5759,CHC,CHC,1
20250614_SD@AZ,2025-06-14,AZ,SD,8,7,1.0,0.5437465310096741,0.5566,AZ,AZ,1
20250614_SF@LAD,2025-06-14,LAD,SF,11,5,1.0,0.5334974527359009,0.5434,LAD,LAD,1
20250614_STL@MIL,2025-06-14,MIL,STL,5,8,0.0,0.5437465310096741,0.5566,MIL,STL,0
20250614_TB@NYM,2025-06-14,NYM,TB,4,8,0.0,0.5334974527359009,0.5434,NYM,TB,0
20250614_TOR@PHI,2025-06-14,PHI,TOR,3,2,1.0,0.5231674909591675,0.5301,PHI,PHI,1
20250613_ATH@KC,2025-06-13,KC,ATH,4,6,0.0,0.5328713059425354,0.5426,KC,ATH,0
20250613_CIN@DET,2025-06-13,DET,CIN,11,5,1.0,0.5231674909591675,0.5301,DET,DET,1
20250613_CLE@SEA,2025-06-13,SEA,CLE,7,2,1.0,0.5437465310096741,0.5566,SEA,SEA,1
20250613_COL@ATL,2025-06-13,ATL,COL,12,4,1.0,0.5743300318717957,0.5957,ATL,ATL,1
20250613_CWS@TEX,2025-06-13,TEX,CWS,3,1,1.0,0.5743300318717957,0.5957,TEX,TEX,1
20250613_LAA@BAL,2025-06-13,BAL,LAA,2,0,1.0,0.5134776830673218,0.5175,BAL,BAL,1
20250613_MIA@WSH,2025-06-13,WSH,MIA,9,11,0.0,0.5316256880760193,0.541,WSH,MIA,0
20250613_MIN@HOU,2025-06-13,HOU,MIN,10,3,1.0,0.5334974527359009,0.5434,HOU,HOU,1
20250613_NYY@BOS,2025-06-13,BOS,NYY,2,1,1.0,0.5012155771255493,0.5017,BOS,BOS,1
20250613_PIT@CHC,2025-06-13,CHC,PIT,1,2,0.0,0.5431222915649414,0.5558,CHC,PIT,0
20250613_SD@AZ,2025-06-13,AZ,SD,5,1,1.0,0.5437465310096741,0.5566,AZ,AZ,1
20250613_SF@LAD,2025-06-13,LAD,SF,2,6,0.0,0.5437465310096741,0.5566,LAD,SF,0
20250613_STL@MIL,2025-06-13,MIL,STL,3,2,1.0,0.5437465310096741,0.5566,MIL,MIL,1
20250613_TB@NYM,2025-06-13,NYM,TB,5,7,0.0,0.5508720278739928,0.5657,NYM,TB,0
20250613_TOR@PHI,2025-06-13,PHI,TOR,8,0,1.0,0.5231674909591675,0.5301,PHI,PHI,1
20250612_CWS@HOU,2025-06-12,HOU,CWS,4,3,1.0,0.613040566444397,0.6442,HOU,HOU,1
20250612_DET@BAL,2025-06-12,BAL,DET,1,4,0.0,0.45146048069000244,0.438,DET,DET,1
20250612_NYY@KC,2025-06-12,KC,NYY,0,1,0.0,0.47116518020629883,0.4635,NYY,NYY,1
20250612_PIT@CHC,2025-06-12,CHC,PIT,3,2,1.0,0.6025339365005493,0.631,CHC,CHC,1
20250612_SF@COL,2025-06-12,COL,SF,8,7,1.0,0.48298004269599915,0.4788,SF,COL,0
20250612_STL@MIL,2025-06-12,MIL,STL,6,0,1.0,0.5586110949516296,0.575,MIL,MIL,1
20250612_TEX@MIN,2025-06-12,MIN,TEX,3,16,0.0,0.5768131613731384,0.5983,MIN,TEX,0
20250612_WSH@NYM,2025-06-12,NYM,WSH,4,3,1.0,0.5903539657592772,0.6156,NYM,NYM,1
20250611_ATH@LAA,2025-06-11,LAA,ATH,6,5,1.0,0.5489457249641418,0.5625,LAA,LAA,1
20250611_ATL@MIL,2025-06-11,MIL,ATL,2,6,0.0,0.5229154825210571,0.5288,MIL,ATL,0
20250611_CHC@PHI,2025-06-11,PHI,CHC,7,2,1.0,0.5182631611824036,0.5228,PHI,PHI,1
20250611_CIN@CLE,2025-06-11,CLE,CIN,11,2,1.0,0.5393522381782532,0.5501,CLE,CLE,1
20250611_CWS@HOU,2025-06-11,HOU,CWS,10,2,1.0,0.6862064003944397,0.7335,HOU,HOU,1
20250611_DET@BAL,2025-06-11,BAL,DET,10,1,1.0,0.4700416028499603,0.462,DET,BAL,0
20250611_LAD@SD,2025-06-11,SD,LAD,2,5,0.0,0.47705197334289545,0.4711,LAD,LAD,1
20250611_MIA@PIT,2025-06-11,PIT,MIA,5,2,1.0,0.5408521294593811,0.5521,PIT,PIT,1
20250611_NYY@KC,2025-06-11,KC,NYY,3,6,0.0,0.5120202302932739,0.5147,KC,NYY,0
20250611_SEA@AZ,2025-06-11,AZ,SEA,5,2,1.0,0.5279617309570312,0.5354,AZ,AZ,1
20250611_SF@COL,2025-06-11,COL,SF,7,10,0.0,0.4315204918384552,0.4124,SF,SF,1
20250611_TB@BOS,2025-06-11,BOS,TB,4,3,1.0,0.49693897366523737,0.4969,TB,BOS,0
20250611_TEX@MIN,2025-06-11,MIN,TEX,6,2,1.0,0.5698142051696777,0.5894,MIN,MIN,1
20250611_TOR@STL,2025-06-11,STL,TOR,2,5,0.0,0.5679317712783813,0.5869,STL,TOR,0
20250611_WSH@NYM,2025-06-11,NYM,WSH,5,0,1.0,0.5903539657592772,0.6156,NYM,NYM,1
20250610_ATH@LAA,2025-06-10,LAA,ATH,2,1,1.0,0.5193093419075012,0.5241,LAA,LAA,1
20250610_ATL@MIL,2025-06-10,MIL,ATL,4,1,1.0,0.5196804404258728,0.5246,MIL,MIL,1
20250610_CHC@PHI,2025-06-10,PHI,CHC,4,8,0.0,0.5398097038269044,0.5507,PHI,CHC,0
20250610_CIN@CLE,2025-06-10,CLE,CIN,0,1,0.0,0.5475503206253052,0.5607,CLE,CIN,0
20250610_CWS@HOU,2025-06-10,HOU,CWS,2,4,0.0,0.667140007019043,0.7108,HOU,CWS,0
20250610_DET@BAL,2025-06-10,BAL,DET,3,5,0.0,0.4571929872035981,0.4454,DET,DET,1
20250610_LAD@SD,2025-06-10,SD,LAD,11,1,1.0,0.5100361108779907,0.5121,SD,SD,1
20250610_MIA@PIT,2025-06-10,PIT,MIA,2,3,0.0,0.5451366305351257,0.5576,PIT,MIA,0
20250610_NYY@KC,2025-06-10,KC,NYY,2,10,0.0,0.49329233169555664,0.4922,NYY,NYY,1
20250610_SEA@AZ,2025-06-10,AZ,SEA,10,3,1.0,0.5631294846534729,0.5808,AZ,AZ,1
20250610_SF@COL,2025-06-10,COL,SF,5,6,0.0,0.44533678889274597,0.4301,SF,SF,1
20250610_TB@BOS,2025-06-10,BOS,TB,3,1,1.0,0.47203406691551214,0.4646,TB,BOS,0
20250610_TEX@MIN,2025-06-10,MIN,TEX,4,16,0.0,0.591038167476654,0.6164,MIN,TEX,0
20250610_TOR@STL,2025-06-10,STL,TOR,9,10,0.0,0.5944037437438965,0.6207,STL,TOR,0
20250610_WSH@NYM,2025-06-10,NYM,WSH,5,4,1.0,0.5800900459289551,0.6025,NYM,NYM,1
20250609_ATH@LAA,2025-06-09,LAA,ATH,7,4,1.0,0.5359679460525513,0.5457,LAA,LAA,1
20250609_ATL@MIL,2025-06-09,MIL,ATL,1,7,0.0,0.5044686794281006,0.5049,MIL,ATL,0
20250609_CHC@PHI,2025-06-09,PHI,CHC,4,3,1.0,0.5252640843391418,0.5319,PHI,PHI,1
20250609_CIN@CLE,2025-06-09,CLE,CIN,4,7,0.0,0.5689624547958374,0.5883,CLE,CIN,0
20250609_LAD@SD,2025-06-09,SD,LAD,7,8,0.0,0.503023087978363,0.503,SD,LAD,0
20250609_MIA@PIT,2025-06-09,PIT,MIA,10,3,1.0,0.5299383997917175,0.5379,PIT,PIT,1
20250609_SEA@AZ,2025-06-09,AZ,SEA,8,4,1.0,0.538275957107544,0.5487,AZ,AZ,1
20250609_TB@BOS,2025-06-09,BOS,TB,8,10,0.0,0.46822747588157654,0.4597,TB,TB,1
20250609_TOR@STL,2025-06-09,STL,TOR,4,5,0.0,0.5679317712783813,0.5869,STL,TOR,0
20250608_ATL@SF,2025-06-08,SF,ATL,4,3,1.0,0.5097556114196777,0.5118,SF,SF,1
20250608_AZ@CIN,2025-06-08,CIN,AZ,4,2,1.0,0.4979258179664612,0.4982,AZ,CIN,0
20250608_BAL@ATH,2025-06-08,ATH,BAL,5,1,1.0,0.46127963066101074,0.4507,BAL,ATH,0
20250608_BOS@NYY,2025-06-08,NYY,BOS,7,11,0.0,0.5352514386177063,0.5448,NYY,BOS,0
20250608_CHC@DET,2025-06-08,DET,CHC,4,0,1.0,0.5178825855255127,0.5223,DET,DET,1
20250608_HOU@CLE,2025-06-08,CLE,HOU,4,2,1.0,0.5616779923439027,0.5789,CLE,CLE,1
20250608_KC@CWS,2025-06-08,CWS,KC,5,7,0.0,0.4817841649055481,0.4773,KC,KC,1
20250608_LAD@STL,2025-06-08,STL,LAD,3,7,0.0,0.5053765177726746,0.5061,STL,LAD,0
20250608_MIA@TB,2025-06-08,TB,MIA,3,2,1.0,0.5820369124412537,0.605,TB,TB,1
20250608_NYM@COL,2025-06-08,COL,NYM,5,13,0.0,0.42990231513977056,0.4103,NYM,NYM,1
20250608_PHI@PIT,2025-06-08,PIT,PHI,2,1,1.0,0.5033143162727356,0.5034,PIT,PIT,1
20250608_SD@MIL,2025-06-08,MIL,SD,0,1,0.0,0.5295882225036621,0.5375,MIL,SD,0
20250608_SEA@LAA,2025-06-08,LAA,SEA,2,3,0.0,0.4705974161624908,0.4628,SEA,SEA,1
20250608_TEX@WSH,2025-06-08,WSH,TEX,2,4,0.0,0.4806015491485595,0.4757,TEX,TEX,1
20250608_TOR@MIN,2025-06-08,MIN,TOR,6,3,1.0,0.5645073652267456,0.5825,MIN,MIN,1
20250607_ATL@SF,2025-06-07,SF,ATL,3,2,1.0,0.5263994336128235,0.5333,SF,SF,1
20250607_AZ@CIN,2025-06-07,CIN,AZ,13,1,1.0,0.4954963326454162,0.4951,AZ,CIN,0
20250607_BAL@ATH,2025-06-07,ATH,BAL,4,7,0.0,0.47185936570167536,0.4644,BAL,BAL,1
20250607_BOS@NYY,2025-06-07,NYY,BOS,7,10,0.0,0.5385791063308716,0.5491,NYY,BOS,0
20250607_CHC@DET,2025-06-07,DET,CHC,1,6,0.0,0.5327929854393005,0.5416,DET,CHC,0
20250607_HOU@CLE,2025-06-07,CLE,HOU,3,5,0.0,0.5462418794631958,0.559,CLE,HOU,0
20250607_KC@CWS,2025-06-07,CWS,KC,4,1,1.0,0.4830190241336822,0.4789,KC,CWS,0
20250607_LAD@STL,2025-06-07,STL,LAD,2,1,1.0,0.4679420590400696,0.4593,LAD,STL,0
20250607_MIA@TB,2025-06-07,TB,MIA,10,11,0.0,0.5877082347869873,0.6122,TB,MIA,0
20250607_NYM@COL,2025-06-07,COL,NYM,1,8,0.0,0.4622027277946472,0.4519,NYM,NYM,1
20250607_PHI@PIT,2025-06-07,PIT,PHI,2,1,1.0,0.476493239402771,0.4704,PHI,PIT,0
20250607_SD@MIL,2025-06-07,MIL,SD,4,3,1.0,0.4948598146438599,0.4942,SD,MIL,0
20250607_SEA@LAA,2025-06-07,LAA,SEA,8,6,1.0,0.5004329085350036,0.5,LAA,LAA,1
20250607_TEX@WSH,2025-06-07,WSH,TEX,0,5,0.0,0.4804693758487702,0.4756,TEX,TEX,1
20250607_TOR@MIN,2025-06-07,MIN,TOR,4,5,0.0,0.5500621199607849,0.564,MIN,TOR,0
20250606_ATL@SF,2025-06-06,SF,ATL,5,4,1.0,0.5263994336128235,0.5333,SF,SF,1
20250606_AZ@CIN,2025-06-06,CIN,AZ,4,3,1.0,0.4623899757862091,0.4521,AZ,CIN,0
20250606_BAL@ATH,2025-06-06,ATH,BAL,5,4,1.0,0.4582836925983429,0.4468,BAL,ATH,0
20250606_BOS@NYY,2025-06-06,NYY,BOS,9,6,1.0,0.5564308762550354,0.5722,NYY,NYY,1
20250606_CHC@DET,2025-06-06,DET,CHC,3,1,1.0,0.5185644030570984,0.5232,DET,DET,1
20250606_HOU@CLE,2025-06-06,CLE,HOU,2,4,0.0,0.5163397192955017,0.5203,CLE,HOU,0
20250606_KC@CWS,2025-06-06,CWS,KC,7,2,1.0,0.5240861773490906,0.5303,CWS,CWS,1
20250606_LAD@STL,2025-06-06,STL,LAD,5,0,1.0,0.48504820466041565,0.4815,LAD,STL,0
20250606_MIA@TB,2025-06-06,TB,MIA,4,3,1.0,0.6120591163635254,0.643,TB,TB,1
20250606_NYM@COL,2025-06-06,COL,NYM,2,4,0.0,0.48148185014724737,0.4769,NYM,NYM,1
20250606_PHI@PIT,2025-06-06,PIT,PHI,5,4,1.0,0.48790231347084045,0.4852,PHI,PIT,0
20250606_SD@MIL,2025-06-06,MIL,SD,0,2,0.0,0.48882678151130676,0.4864,SD,SD,1
20250606_SEA@LAA,2025-06-06,LAA,SEA,5,4,1.0,0.47340458631515503,0.4664,SEA,LAA,0
20250606_TEX@WSH,2025-06-06,WSH,TEX,2,0,1.0,0.5315101146697998,0.54,WSH,WSH,1
20250606_TOR@MIN,2025-06-06,MIN,TOR,4,6,0.0,0.49641093611717224,0.4963,TOR,TOR,1
20250605_AZ@ATL,2025-06-05,ATL,AZ,10,11,0.0,0.5500299334526062,0.5654,ATL,AZ,0
20250605_BAL@SEA,2025-06-05,SEA,BAL,3,4,0.0,0.5278359651565552,0.5375,SEA,BAL,0
20250605_CHC@WSH,2025-06-05,WSH,CHC,1,7,0.0,0.3853136897087097,0.3543,CHC,CHC,1
20250605_CLE@NYY,2025-06-05,NYY,CLE,4,0,1.0,0.535163402557373,0.5468,NYY,NYY,1
20250605_DET@CWS,2025-06-05,CWS,DET,3,2,1.0,0.4038793742656708,0.3771,DET,CWS,0
20250605_HOU@PIT,2025-06-05,PIT,HOU,2,8,0.0,0.4882117211818695,0.4827,HOU,HOU,1
20250605_KC@STL,2025-06-05,STL,KC,5,7,0.0,0.528545618057251,0.5384,STL,KC,0
20250605_KC@STL,2025-06-05,STL,KC,6,5,1.0,0.5588594675064087,0.5765,STL,STL,1
20250605_MIN@ATH,2025-06-05,ATH,MIN,14,3,1.0,0.4697891175746918,0.4595,MIN,ATH,0
20250605_NYM@LAD,2025-06-05,LAD,NYM,6,5,1.0,0.5635901689529419,0.5824,LAD,LAD,1
20250605_PHI@TOR,2025-06-05,TOR,PHI,9,1,1.0,0.565800130367279,0.5852,TOR,TOR,1
20250605_SD@SF,2025-06-05,SF,SD,3,2,1.0,0.4772980213165284,0.469,SD,SF,0
20250605_TEX@TB,2025-06-05,TB,TEX,4,3,1.0,0.5724034309387207,0.5934,TB,TB,1
20250604_AZ@ATL,2025-06-04,ATL,AZ,1,2,0.0,0.5385919213294983,0.5511,ATL,AZ,0
20250604_BAL@SEA,2025-06-04,SEA,BAL,2,3,0.0,0.5551183819770813,0.5718,SEA,BAL,0
20250604_CHC@WSH,2025-06-04,WSH,CHC,2,0,1.0,0.3774385452270507,0.3448,CHC,WSH,0
20250604_CLE@NYY,2025-06-04,NYY,CLE,0,4,0.0,0.5208575129508972,0.5287,NYY,CLE,0
20250604_COL@MIA,2025-06-04,MIA,COL,2,3,0.0,0.5711870193481445,0.5919,MIA,COL,0
20250604_DET@CWS,2025-06-04,CWS,DET,4,5,0.0,0.42117694020271307,0.3986,DET,DET,1
20250604_HOU@PIT,2025-06-04,PIT,HOU,3,0,1.0,0.4575925171375275,0.4441,HOU,PIT,0
20250604_LAA@BOS,2025-06-04,BOS,LAA,11,9,1.0,0.48073992133140564,0.4733,LAA,BOS,0
20250604_MIL@CIN,2025-06-04,CIN,MIL,1,9,0.0,0.4807965159416198,0.4734,MIL,MIL,1
20250604_MIN@ATH,2025-06-04,ATH,MIN,1,6,0.0,0.43677881360054016,0.418,MIN,MIN,1
20250604_NYM@LAD,2025-06-04,LAD,NYM,1,6,0.0,0.5330499410629271,0.5441,LAD,NYM,0
20250604_PHI@TOR,2025-06-04,TOR,PHI,2,1,1.0,0.565800130367279,0.5852,TOR,TOR,1
20250604_SD@SF,2025-06-04,SF,SD,6,5,1.0,0.5412050485610962,0.5544,SF,SF,1
20250604_TEX@TB,2025-06-04,TB,TEX,5,4,1.0,0.5837754607200623,0.6076,TB,TB,1
20250603_AZ@ATL,2025-06-03,ATL,AZ,3,8,0.0,0.5335375666618347,0.5447,ATL,AZ,0
20250603_BAL@SEA,2025-06-03,SEA,BAL,1,5,0.0,0.5329059958457947,0.5439,SEA,BAL,0
20250603_CHC@WSH,2025-06-03,WSH,CHC,3,8,0.0,0.3935868442058563,0.3645,CHC,CHC,1
20250603_CLE@NYY,2025-06-03,NYY,CLE,3,2,1.0,0.526796281337738,0.5362,NYY,NYY,1
20250603_COL@MIA,2025-06-03,MIA,COL,2,3,0.0,0.5754203200340271,0.5972,MIA,COL,0
20250603_DET@CWS,2025-06-03,CWS,DET,8,1,1.0,0.33332028985023504,0.292,DET,CWS,0
20250603_HOU@PIT,2025-06-03,PIT,HOU,0,3,0.0,0.40181922912597656,0.3746,HOU,HOU,1
20250603_KC@STL,2025-06-03,STL,KC,7,10,0.0,0.5598352551460266,0.5777,STL,KC,0
20250603_LAA@BOS,2025-06-03,BOS,LAA,3,4,0.0,0.5014370083808899,0.5042,BOS,LAA,0
20250603_MIL@CIN,2025-06-03,CIN,MIL,4,2,1.0,0.4957219064235688,0.4922,MIL,CIN,0
20250603_MIN@ATH,2025-06-03,ATH,MIN,3,10,0.0,0.4703291356563568,0.4602,MIN,MIN,1
20250603_NYM@LAD,2025-06-03,LAD,NYM,6,5,1.0,0.5149847865104675,0.5213,LAD,LAD,1
20250603_PHI@TOR,2025-06-03,TOR,PHI,3,8,0.0,0.5420833826065063,0.5555,TOR,PHI,0
20250603_SD@SF,2025-06-03,SF,SD,2,3,0.0,0.48983341455459595,0.4848,SD,SD,1
20250603_TEX@TB,2025-06-03,TB,TEX,5,1,1.0,0.5837754607200623,0.6076,TB,TB,1
20250602_COL@MIA,2025-06-02,MIA,COL,4,6,0.0,0.6066707968711853,0.6358,MIA,COL,0
20250602_DET@CWS,2025-06-02,CWS,DET,1,13,0.0,0.3860529065132141,0.3553,DET,DET,1
20250602_LAA@BOS,2025-06-02,BOS,LAA,6,7,0.0,0.52951580286026,0.5396,BOS,LAA,0
20250602_MIL@CIN,2025-06-02,CIN,MIL,2,3,0.0,0.5042396783828735,0.5077,CIN,MIL,0
20250602_MIN@ATH,2025-06-02,ATH,MIN,4,10,0.0,0.41116017103195196,0.3861,MIN,MIN,1
20250602_NYM@LAD,2025-06-02,LAD,NYM,3,4,0.0,0.5864476561546326,0.6109,LAD,NYM,0
20250602_SD@SF,2025-06-02,SF,SD,0,1,0.0,0.5151797533035278,0.5215,SF,SD,0
20250601_ATH@TOR,2025-06-01,TOR,ATH,8,4,1.0,0.6082615256309509,0.6378,TOR,TOR,1
20250601_BOS@ATL,2025-06-01,ATL,BOS,1,3,0.0,0.5105007886886597,0.5156,ATL,BOS,0
20250601_CIN@CHC,2025-06-01,CHC,CIN,7,3,1.0,0.5759391784667969,0.5978,CHC,CHC,1
20250601_COL@NYM,2025-06-01,NYM,COL,5,3,1.0,0.7153677940368653,0.764,NYM,NYM,1
20250601_CWS@BAL,2025-06-01,BAL,CWS,3,2,1.0,0.5883788466453552,0.6133,BAL,BAL,1
20250601_DET@KC,2025-06-01,KC,DET,0,1,0.0,0.4992082715034485,0.4966,DET,DET,1
20250601_LAA@CLE,2025-06-01,CLE,LAA,4,2,1.0,0.6066848039627075,0.6359,CLE,CLE,1
20250601_MIL@PHI,2025-06-01,PHI,MIL,2,5,0.0,0.5692487359046936,0.5895,PHI,MIL,0
20250601_MIN@SEA,2025-06-01,SEA,MIN,2,1,1.0,0.6205005049705505,0.6527,SEA,SEA,1
20250601_NYY@LAD,2025-06-01,LAD,NYY,3,7,0.0,0.5683099031448364,0.5883,LAD,NYY,0
20250601_PIT@SD,2025-06-01,SD,PIT,6,4,1.0,0.6280776858329772,0.6619,SD,SD,1
20250601_SF@MIA,2025-06-01,MIA,SF,2,4,0.0,0.43255466222763067,0.4127,SF,SF,1
20250601_STL@TEX,2025-06-01,TEX,STL,8,1,1.0,0.5629693865776061,0.5817,TEX,TEX,1
20250601_TB@HOU,2025-06-01,HOU,TB,1,0,1.0,0.5897831916809082,0.615,HOU,HOU,1
20250601_WSH@AZ,2025-06-01,AZ,WSH,3,1,1.0,0.5243852138519287,0.5332,AZ,AZ,1
20250531_ATH@TOR,2025-05-31,TOR,ATH,8,7,1.0,0.5871822834014893,0.6118,TOR,TOR,1
20250531_BOS@ATL,2025-05-31,ATL,BOS,5,0,1.0,0.5936599373817444,0.6198,ATL,ATL,1
20250531_CIN@CHC,2025-05-31,CHC,CIN,2,0,1.0,0.546482264995575,0.561,CHC,CHC,1
20250531_COL@NYM,2025-05-31,NYM,COL,8,2,1.0,0.7223087549209595,0.7717,NYM,NYM,1
20250531_CWS@BAL,2025-05-31,BAL,CWS,4,2,1.0,0.636911928653717,0.6726,BAL,BAL,1
20250531_DET@KC,2025-05-31,KC,DET,1,0,1.0,0.46291983127593994,0.4508,DET,KC,0
20250531_LAA@CLE,2025-05-31,CLE,LAA,7,5,1.0,0.6037247180938721,0.6322,CLE,CLE,1
20250531_MIL@PHI,2025-05-31,PHI,MIL,7,17,0.0,0.5692487359046936,0.5895,PHI,MIL,0
20250531_MIN@SEA,2025-05-31,SEA,MIN,5,4,1.0,0.6069421172142028,0.6362,SEA,SEA,1
20250531_NYY@LAD,2025-05-31,LAD,NYY,18,2,1.0,0.5171383023262024,0.524,LAD,LAD,1
20250531_PIT@SD,2025-05-31,SD,PIT,0,5,0.0,0.6681676506996155,0.7098,SD,PIT,0
20250531_SF@MIA,2025-05-31,MIA,SF,1,0,1.0,0.45178669691085815,0.4368,SF,MIA,0
20250531_STL@TEX,2025-05-31,TEX,STL,0,2,0.0,0.541914701461792,0.5552,TEX,STL,0
20250531_TB@HOU,2025-05-31,HOU,TB,3,16,0.0,0.5819695591926575,0.6053,HOU,TB,0
20250531_WSH@AZ,2025-05-31,AZ,WSH,7,11,0.0,0.5121422410011292,0.5177,AZ,WSH,0
20250530_ATH@TOR,2025-05-30,TOR,ATH,11,7,1.0,0.5516816973686218,0.5675,TOR,TOR,1
20250530_BOS@ATL,2025-05-30,ATL,BOS,1,5,0.0,0.5952755212783813,0.6218,ATL,BOS,0
20250530_CIN@CHC,2025-05-30,CHC,CIN,2,6,0.0,0.5679694414138794,0.5879,CHC,CIN,0
20250530_COL@NYM,2025-05-30,NYM,COL,4,2,1.0,0.7392197847366333,0.7903,NYM,NYM,1
20250530_CWS@BAL,2025-05-30,BAL,CWS,2,1,1.0,0.5856117010116577,0.6099,BAL,BAL,1
20250530_DET@KC,2025-05-30,KC,DET,5,7,0.0,0.4818939864635467,0.4748,DET,DET,1
20250530_LAA@CLE,2025-05-30,CLE,LAA,1,4,0.0,0.5978577733039856,0.625,CLE,LAA,0
20250530_MIL@PHI,2025-05-30,PHI,MIL,2,6,0.0,0.5366091728210449,0.5486,PHI,MIL,0
20250530_MIN@SEA,2025-05-30,SEA,MIN,6,12,0.0,0.529949963092804,0.5402,SEA,MIN,0
20250530_NYY@LAD,2025-05-30,LAD,NYY,8,5,1.0,0.544856071472168,0.5589,LAD,LAD,1
20250530_PIT@SD,2025-05-30,SD,PIT,3,2,1.0,0.6433621644973755,0.6804,SD,SD,1
20250530_SF@MIA,2025-05-30,MIA,SF,0,2,0.0,0.4422414898872376,0.4249,SF,SF,1
20250530_STL@TEX,2025-05-30,TEX,STL,11,1,1.0,0.5629779696464539,0.5817,TEX,TEX,1
20250530_TB@HOU,2025-05-30,HOU,TB,2,1,1.0,0.5533321499824524,0.5696,HOU,HOU,1
20250530_WSH@AZ,2025-05-30,AZ,WSH,7,9,0.0,0.5896519422531128,0.6149,AZ,WSH,0
20250529_ATH@TOR,2025-05-29,TOR,ATH,12,0,1.0,0.4779272675514222,0.4698,ATH,TOR,0
20250529_ATL@PHI,2025-05-29,PHI,ATL,5,4,1.0,0.647508978843689,0.6847,PHI,PHI,1
20250529_ATL@PHI,2025-05-29,PHI,ATL,3,9,0.0,0.6810072660446167,0.7241,PHI,ATL,0
20250529_TB@HOU,2025-05-29,HOU,TB,3,13,0.0,0.5506445169448853,0.5661,HOU,TB,0
20250529_WSH@SEA,2025-05-29,SEA,WSH,3,9,0.0,0.5410985350608826,0.5541,SEA,WSH,0
20250528_ATH@HOU,2025-05-28,HOU,ATH,5,3,1.0,0.5719666481018066,0.5926,HOU,HOU,1
20250528_BOS@MIL,2025-05-28,MIL,BOS,6,5,1.0,0.5184805393218994,0.5257,MIL,MIL,1
20250528_CIN@KC,2025-05-28,KC,CIN,3,2,1.0,0.5892677307128906,0.614,KC,KC,1
20250528_COL@CHC,2025-05-28,CHC,COL,2,1,1.0,0.8032715916633606,0.8558,CHC,CHC,1
20250528_CWS@NYM,2025-05-28,NYM,CWS,4,9,0.0,0.8316282033920287,0.8829,NYM,CWS,0
20250528_LAD@CLE,2025-05-28,CLE,LAD,7,4,1.0,0.4374508857727051,0.4191,LAD,CLE,0
20250528_MIA@SD,2025-05-28,SD,MIA,8,10,0.0,0.5463573932647705,0.5607,SD,MIA,0
20250528_MIN@TB,2025-05-28,TB,MIN,5,0,1.0,0.344758540391922,0.3061,MIN,TB,0
20250528_NYY@LAA,2025-05-28,LAA,NYY,0,1,0.0,0.3384354412555695,0.2987,NYY,NYY,1
20250528_PIT@AZ,2025-05-28,AZ,PIT,1,10,0.0,0.6847345232963562,0.7284,AZ,PIT,0
20250528_SF@DET,2025-05-28,DET,SF,4,3,1.0,0.6782432794570922,0.7209,DET,DET,1
20250528_STL@BAL,2025-05-28,BAL,STL,4,6,0.0,0.5548616051673889,0.5713,BAL,STL,0
20250528_TOR@TEX,2025-05-28,TEX,TOR,0,2,0.0,0.6217350959777832,0.6537,TEX,TOR,0
20250528_WSH@SEA,2025-05-28,SEA,WSH,0,9,0.0,0.7110406756401062,0.7583,SEA,WSH,0
20250527_ATH@HOU,2025-05-27,HOU,ATH,11,1,1.0,0.6411944031715393,0.6772,HOU,HOU,1
20250527_ATL@PHI,2025-05-27,PHI,ATL,2,0,1.0,0.7545152902603149,0.8059,PHI,PHI,1
20250527_BOS@MIL,2025-05-27,MIL,BOS,5,1,1.0,0.32343214750289917,0.2811,BOS,MIL,0
20250527_CIN@KC,2025-05-27,KC,CIN,2,7,0.0,0.45413917303085327,0.4399,CIN,CIN,1
20250527_COL@CHC,2025-05-27,CHC,COL,4,3,1.0,0.754411518573761,0.8058,CHC,CHC,1
20250527_CWS@NYM,2025-05-27,NYM,CWS,6,4,1.0,0.7130930423736572,0.7606,NYM,NYM,1
20250527_LAD@CLE,2025-05-27,CLE,LAD,5,9,0.0,0.39404419064521795,0.3655,LAD,LAD,1
20250527_MIA@SD,2025-05-27,SD,MIA,8,6,1.0,0.703303337097168,0.7496,SD,SD,1
20250527_MIN@TB,2025-05-27,TB,MIN,2,4,0.0,0.41787606477737427,0.3948,MIN,MIN,1
20250527_NYY@LAA,2025-05-27,LAA,NYY,2,3,0.0,0.40065422654151917,0.3736,NYY,NYY,1
20250527_PIT@AZ,2025-05-27,AZ,PIT,6,9,0.0,0.6968480348587036,0.7423,AZ,PIT,0
20250527_SF@DET,2025-05-27,DET,SF,3,1,1.0,0.5011325478553772,0.5039,DET,DET,1
20250527_STL@BAL,2025-05-27,BAL,STL,4,7,0.0,0.5843249559402466,0.6079,BAL,STL,0
20250527_TOR@TEX,2025-05-27,TEX,TOR,2,0,1.0,0.5796002149581909,0.6021,TEX,TEX,1
20250527_WSH@SEA,2025-05-27,SEA,WSH,9,1,1.0,0.6728980541229248,0.7146,SEA,SEA,1
20250526_BOS@MIL,2025-05-26,MIL,BOS,3,2,1.0,0.40267160534858704,0.376,BOS,MIL,0
20250526_CIN@KC,2025-05-26,KC,CIN,4,7,0.0,0.4648145735263824,0.4533,CIN,CIN,1
20250526_COL@CHC,2025-05-26,CHC,COL,3,1,1.0,0.7514675259590149,0.8026,CHC,CHC,1
20250526_CWS@NYM,2025-05-26,NYM,CWS,2,1,1.0,0.7925075888633729,0.8451,NYM,NYM,1
20250526_LAD@CLE,2025-05-26,CLE,LAD,2,7,0.0,0.35810816287994385,0.322,LAD,LAD,1
20250526_MIA@SD,2025-05-26,SD,MIA,4,3,1.0,0.6662694215774536,0.7069,SD,SD,1
20250526_MIN@TB,2025-05-26,TB,MIN,7,2,1.0,0.5192877054214478,0.5267,TB,TB,1
20250526_NYY@LAA,2025-05-26,LAA,NYY,1,5,0.0,0.2619422376155853,0.2118,NYY,NYY,1
20250526_PIT@AZ,2025-05-26,AZ,PIT,5,0,1.0,0.7141451835632324,0.7618,AZ,AZ,1
20250526_SF@DET,2025-05-26,DET,SF,3,1,1.0,0.6043471693992615,0.6326,DET,DET,1
20250526_STL@BAL,2025-05-26,BAL,STL,5,2,1.0,0.6863008737564087,0.7302,BAL,BAL,1
20250526_TOR@TEX,2025-05-26,TEX,TOR,1,2,0.0,0.5244166851043701,0.5332,TEX,TOR,0
20250525_AZ@STL,2025-05-25,STL,AZ,4,3,1.0,0.5804343819618225,0.6031,STL,STL,1
20250525_BAL@BOS,2025-05-25,BOS,BAL,1,5,0.0,0.48362773656845087,0.4769,BAL,BAL,1
20250525_CHC@CIN,2025-05-25,CIN,CHC,8,11,0.0,0.3174879550933838,0.2742,CHC,CHC,1
20250525_CLE@DET,2025-05-25,DET,CLE,5,0,1.0,0.7173249721527098,0.7654,DET,DET,1
20250525_KC@MIN,2025-05-25,MIN,KC,1,2,0.0,0.5771990418434143,0.5991,MIN,KC,0
20250525_LAD@NYM,2025-05-25,NYM,LAD,3,1,1.0,0.5262405276298523,0.5355,NYM,NYM,1
20250525_MIA@LAA,2025-05-25,LAA,MIA,0,3,0.0,0.38342896103858953,0.3525,MIA,MIA,1
20250525_MIL@PIT,2025-05-25,PIT,MIL,5,6,0.0,0.4377665221691131,0.4195,MIL,MIL,1
20250525_NYY@COL,2025-05-25,COL,NYY,4,5,0.0,0.3792411983013153,0.3474,NYY,NYY,1
20250525_PHI@ATH,2025-05-25,ATH,PHI,5,4,1.0,0.5548088550567627,0.5713,ATH,ATH,1
20250525_SD@ATL,2025-05-25,ATL,SD,3,5,0.0,0.4647557139396667,0.4532,SD,SD,1
20250525_SEA@HOU,2025-05-25,HOU,SEA,5,3,1.0,0.6170710325241089,0.6481,HOU,HOU,1
20250525_SF@WSH,2025-05-25,WSH,SF,2,3,0.0,0.41812852025032043,0.3951,SF,SF,1
20250525_TEX@CWS,2025-05-25,CWS,TEX,4,5,0.0,0.5144978761672974,0.5207,CWS,TEX,0
20250525_TOR@TB,2025-05-25,TB,TOR,13,0,1.0,0.4549733400344849,0.441,TOR,TB,0
20250524_AZ@STL,2025-05-24,STL,AZ,6,5,1.0,0.49498581886291504,0.4912,AZ,STL,0
20250524_BAL@BOS,2025-05-24,BOS,BAL,1,2,0.0,0.45483109354972834,0.4408,BAL,BAL,1
20250524_BAL@BOS,2025-05-24,BOS,BAL,6,5,1.0,0.5664161443710327,0.5857,BOS,BOS,1
20250524_CHC@CIN,2025-05-24,CIN,CHC,6,4,1.0,0.43282321095466614,0.4133,CHC,CIN,0
20250524_CLE@DET,2025-05-24,DET,CLE,5,7,0.0,0.5534253120422363,0.5695,DET,CLE,0
20250524_KC@MIN,2025-05-24,MIN,KC,5,4,1.0,0.6155847311019897,0.6463,MIN,MIN,1
20250524_LAD@NYM,2025-05-24,NYM,LAD,5,2,1.0,0.49595999717712397,0.4924,LAD,NYM,0
20250524_MIA@LAA,2025-05-24,LAA,MIA,2,6,0.0,0.31884488463401794,0.2758,MIA,MIA,1
20250524_MIL@PIT,2025-05-24,PIT,MIL,2,1,1.0,0.6054693460464478,0.6339,PIT,PIT,1
20250524_NYY@COL,2025-05-24,COL,NYY,1,13,0.0,0.3285275101661682,0.287,NYY,NYY,1
20250524_PHI@ATH,2025-05-24,ATH,PHI,6,9,0.0,0.391885906457901,0.3628,PHI,PHI,1
20250524_SD@ATL,2025-05-24,ATL,SD,7,1,1.0,0.45102304220199585,0.436,SD,ATL,0
20250524_SEA@HOU,2025-05-24,HOU,SEA,2,1,1.0,0.6219980716705322,0.6541,HOU,HOU,1
20250524_SF@WSH,2025-05-24,WSH,SF,3,0,1.0,0.6606791615486145,0.7003,WSH,WSH,1
20250524_TEX@CWS,2025-05-24,CWS,TEX,10,5,1.0,0.41900125145912176,0.3962,TEX,CWS,0
20250524_TOR@TB,2025-05-24,TB,TOR,3,1,1.0,0.5516098737716675,0.5673,TB,TB,1
20250523_AZ@STL,2025-05-23,STL,AZ,4,3,1.0,0.48886421322822565,0.4835,AZ,STL,0
20250523_BAL@BOS,2025-05-23,BOS,BAL,19,5,1.0,0.4715699553489685,0.4618,BAL,BOS,0
20250523_CHC@CIN,2025-05-23,CIN,CHC,6,13,0.0,0.5014237761497498,0.5043,CIN,CHC,0
20250523_CLE@DET,2025-05-23,DET,CLE,1,3,0.0,0.5328535437583923,0.5438,DET,CLE,0
20250523_KC@MIN,2025-05-23,MIN,KC,3,1,1.0,0.6133903861045836,0.6436,MIN,MIN,1
20250523_LAD@NYM,2025-05-23,NYM,LAD,5,7,0.0,0.5196141600608826,0.5272,NYM,LAD,0
20250523_MIA@LAA,2025-05-23,LAA,MIA,7,4,1.0,0.5404617786407471,0.5533,LAA,LAA,1
20250523_MIL@PIT,2025-05-23,PIT,MIL,6,5,1.0,0.6018341779708862,0.6295,PIT,PIT,1
20250523_NYY@COL,2025-05-23,COL,NYY,3,2,1.0,0.25835222005844116,0.2079,NYY,COL,0
20250523_PHI@ATH,2025-05-23,ATH,PHI,3,4,0.0,0.3113251030445099,0.2671,PHI,PHI,1
20250523_SD@ATL,2025-05-23,ATL,SD,1,2,0.0,0.4898283183574677,0.4847,SD,SD,1
20250523_SEA@HOU,2025-05-23,HOU,SEA,3,5,0.0,0.608338475227356,0.6374,HOU,SEA,0
20250523_SF@WSH,2025-05-23,WSH,SF,0,4,0.0,0.4114785790443421,0.3869,SF,SF,1
20250523_TEX@CWS,2025-05-23,CWS,TEX,4,1,1.0,0.5161905288696289,0.5229,CWS,CWS,1
20250523_TOR@TB,2025-05-23,TB,TOR,3,1,1.0,0.6035862565040588,0.6316,TB,TB,1
20250522_ATL@WSH,2025-05-22,WSH,ATL,8,7,1.0,0.4994406998157501,0.4957,ATL,WSH,0
20250522_CLE@DET,2025-05-22,DET,CLE,0,7,0.0,0.5632802248001099,0.5831,DET,CLE,0
20250522_LAA@ATH,2025-05-22,ATH,LAA,5,10,0.0,0.5278335809707642,0.5387,ATH,LAA,0
20250522_MIL@PIT,2025-05-22,PIT,MIL,5,8,0.0,0.5065792202949524,0.5119,PIT,MIL,0
20250522_PHI@COL,2025-05-22,COL,PHI,0,2,0.0,0.4842019975185395,0.4765,PHI,PHI,1
20250522_SD@TOR,2025-05-22,TOR,SD,7,6,1.0,0.5204786062240601,0.5294,TOR,TOR,1
20250522_SEA@HOU,2025-05-22,HOU,SEA,9,2,1.0,0.5357996821403503,0.5487,HOU,HOU,1
20250522_TEX@NYY,2025-05-22,NYY,TEX,1,0,1.0,0.5817355513572693,0.6061,NYY,NYY,1
20250521_AZ@LAD,2025-05-21,LAD,AZ,3,1,1.0,0.5497333407402039,0.5662,LAD,LAD,1
20250521_BAL@MIL,2025-05-21,MIL,BAL,4,8,0.0,0.5794404149055481,0.6032,MIL,BAL,0
20250521_CHC@MIA,2025-05-21,MIA,CHC,1,2,0.0,0.48690298199653625,0.4799,CHC,CHC,1
20250521_CIN@PIT,2025-05-21,PIT,CIN,3,1,1.0,0.4595296084880829,0.4454,CIN,PIT,0
20250521_CLE@MIN,2025-05-21,MIN,CLE,1,5,0.0,0.52607262134552,0.5365,MIN,CLE,0
20250521_DET@STL,2025-05-21,STL,DET,1,5,0.0,0.5223392844200134,0.5318,STL,DET,0
20250521_HOU@TB,2025-05-21,TB,HOU,8,4,1.0,0.4684182405471801,0.4566,HOU,TB,0
20250521_KC@SF,2025-05-21,SF,KC,4,8,0.0,0.5142044425010681,0.5215,SF,KC,0
20250521_LAA@ATH,2025-05-21,ATH,LAA,5,10,0.0,0.5084367990493774,0.5142,ATH,LAA,0
20250521_NYM@BOS,2025-05-21,BOS,NYM,1,5,0.0,0.4620287120342255,0.4486,NYM,NYM,1
20250521_PHI@COL,2025-05-21,COL,PHI,5,9,0.0,0.45146673917770386,0.4353,PHI,PHI,1
20250521_SD@TOR,2025-05-21,TOR,SD,14,0,1.0,0.5035941004753113,0.5081,TOR,TOR,1
20250521_SEA@CWS,2025-05-21,CWS,SEA,5,6,0.0,0.4641444981098175,0.4512,SEA,SEA,1
20250521_TEX@NYY,2025-05-21,NYY,TEX,4,3,1.0,0.5735997557640075,0.596,NYY,NYY,1
20250520_ATL@WSH,2025-05-20,WSH,ATL,5,3,1.0,0.4444775879383087,0.4266,ATL,WSH,0
20250520_AZ@LAD,2025-05-20,LAD,AZ,4,3,1.0,0.5515023469924927,0.5684,LAD,LAD,1
20250520_BAL@MIL,2025-05-20,MIL,BAL,5,2,1.0,0.605253279209137,0.635,MIL,MIL,1
20250520_CHC@MIA,2025-05-20,MIA,CHC,1,14,0.0,0.4785759150981903,0.4694,CHC,CHC,1
20250520_CIN@PIT,2025-05-20,PIT,CIN,1,0,1.0,0.5065792202949524,0.5119,PIT,PIT,1
20250520_DET@STL,2025-05-20,STL,DET,4,5,0.0,0.4853785932064057,0.478,DET,DET,1
20250520_HOU@TB,2025-05-20,TB,HOU,3,2,1.0,0.4644542336463928,0.4516,HOU,TB,0
20250520_KC@SF,2025-05-20,SF,KC,3,2,1.0,0.5273773670196533,0.5381,SF,SF,1
20250520_LAA@ATH,2025-05-20,ATH,LAA,5,7,0.0,0.5732917785644531,0.5956,ATH,LAA,0
20250520_NYM@BOS,2025-05-20,BOS,NYM,2,0,1.0,0.4719301760196686,0.461,NYM,BOS,0
20250520_PHI@COL,2025-05-20,COL,PHI,4,7,0.0,0.4380050599575043,0.4185,PHI,PHI,1
20250520_SD@TOR,2025-05-20,TOR,SD,3,0,1.0,0.5105432868003845,0.5169,TOR,TOR,1
20250520_SEA@CWS,2025-05-20,CWS,SEA,1,0,1.0,0.4476678669452667,0.4306,SEA,CWS,0
20250520_TEX@NYY,2025-05-20,NYY,TEX,5,2,1.0,0.5735997557640075,0.596,NYY,NYY,1
20250519_AZ@LAD,2025-05-19,LAD,AZ,5,9,0.0,0.5515023469924927,0.5684,LAD,AZ,0
20250519_BAL@MIL,2025-05-19,MIL,BAL,5,4,1.0,0.6147169470787048,0.6466,MIL,MIL,1
20250519_CHC@MIA,2025-05-19,MIA,CHC,8,7,1.0,0.4885100126266479,0.4819,CHC,MIA,0
20250519_CIN@PIT,2025-05-19,PIT,CIN,1,7,0.0,0.4966343939304351,0.4922,CIN,CIN,1
20250519_CLE@MIN,2025-05-19,MIN,CLE,6,5,1.0,0.5055977702140808,0.5106,MIN,MIN,1
20250519_DET@STL,2025-05-19,STL,DET,11,4,1.0,0.5241227746009827,0.534,STL,STL,1
20250519_HOU@TB,2025-05-19,TB,HOU,3,4,0.0,0.48158097267150873,0.4732,HOU,HOU,1
20250519_KC@SF,2025-05-19,SF,KC,1,3,0.0,0.5241346955299377,0.534,SF,KC,0
20250519_LAA@ATH,2025-05-19,ATH,LAA,3,4,0.0,0.5267497897148132,0.5373,ATH,LAA,0
20250519_NYM@BOS,2025-05-19,BOS,NYM,3,1,1.0,0.45375084877014166,0.4382,NYM,BOS,0
20250519_PHI@COL,2025-05-19,COL,PHI,3,9,0.0,0.45156484842300415,0.4354,PHI,PHI,1
20250519_SEA@CWS,2025-05-19,CWS,SEA,1,5,0.0,0.4628192484378815,0.4496,SEA,SEA,1
20250518_ATH@SF,2025-05-18,SF,ATH,3,2,1.0,0.520857036113739,0.5299,SF,SF,1
20250518_ATL@BOS,2025-05-18,BOS,ATL,4,10,0.0,0.48942977190017695,0.4831,ATL,ATL,1
20250518_CLE@CIN,2025-05-18,CIN,CLE,3,1,1.0,0.47190648317337036,0.461,CLE,CIN,0
20250518_COL@AZ,2025-05-18,AZ,COL,1,0,1.0,0.6621055006980896,0.7034,AZ,AZ,1
20250518_CWS@CHC,2025-05-18,CHC,CWS,6,2,1.0,0.6164695620536804,0.6487,CHC,CHC,1
20250518_DET@TOR,2025-05-18,TOR,DET,2,3,0.0,0.5021230578422546,0.5063,TOR,DET,0
20250518_HOU@TEX,2025-05-18,TEX,HOU,3,4,0.0,0.5464831590652466,0.5621,TEX,HOU,0
20250518_LAA@LAD,2025-05-18,LAD,LAA,4,6,0.0,0.6150193214416504,0.647,LAD,LAA,0
20250518_MIN@MIL,2025-05-18,MIL,MIN,5,2,1.0,0.5339385867118835,0.5464,MIL,MIL,1
20250518_NYM@NYY,2025-05-18,NYY,NYM,8,2,1.0,0.5180654525756836,0.5264,NYY,NYY,1
20250518_PIT@PHI,2025-05-18,PHI,PIT,1,0,1.0,0.6403944492340088,0.6776,PHI,PHI,1
20250518_SEA@SD,2025-05-18,SD,SEA,1,6,0.0,0.5617757439613342,0.5812,SD,SEA,0
20250518_STL@KC,2025-05-18,KC,STL,2,1,1.0,0.5466970205307007,0.5624,KC,KC,1
20250518_TB@MIA,2025-05-18,MIA,TB,5,1,1.0,0.4450193345546723,0.4272,TB,MIA,0
20250518_WSH@BAL,2025-05-18,BAL,WSH,4,10,0.0,0.5159947872161865,0.5238,BAL,WSH,0
20250517_ATH@SF,2025-05-17,SF,ATH,1,0,1.0,0.5617515444755554,0.5812,SF,SF,1
20250517_ATL@BOS,2025-05-17,BOS,ATL,7,6,1.0,0.5056862831115723,0.5108,BOS,BOS,1
20250517_CLE@CIN,2025-05-17,CIN,CLE,4,1,1.0,0.49466404318809515,0.4897,CLE,CIN,0
20250517_COL@AZ,2025-05-17,AZ,COL,12,14,0.0,0.6631090641021729,0.7046,AZ,COL,0
20250517_CWS@CHC,2025-05-17,CHC,CWS,7,3,1.0,0.6618872880935669,0.7032,CHC,CHC,1
20250517_DET@TOR,2025-05-17,TOR,DET,2,1,1.0,0.5021230578422546,0.5063,TOR,TOR,1
20250517_HOU@TEX,2025-05-17,TEX,HOU,5,1,1.0,0.5208607912063599,0.5299,TEX,TEX,1
20250517_LAA@LAD,2025-05-17,LAD,LAA,9,11,0.0,0.6096229553222656,0.6404,LAD,LAA,0
20250517_MIN@MIL,2025-05-17,MIL,MIN,0,7,0.0,0.5339385867118835,0.5464,MIL,MIN,0
20250517_NYM@NYY,2025-05-17,NYY,NYM,2,3,0.0,0.5273078083992004,0.538,NYY,NYM,0
20250517_PIT@PHI,2025-05-17,PHI,PIT,5,2,1.0,0.6304896473884583,0.6657,PHI,PHI,1
20250517_SEA@SD,2025-05-17,SD,SEA,1,4,0.0,0.5617757439613342,0.5812,SD,SEA,0
20250517_STL@KC,2025-05-17,KC,STL,0,1,0.0,0.5447466969490051,0.5599,KC,STL,0
20250517_TB@MIA,2025-05-17,MIA,TB,0,4,0.0,0.5056862831115723,0.5108,MIA,TB,0
20250517_WSH@BAL,2025-05-17,BAL,WSH,6,10,0.0,0.5766651034355164,0.5998,BAL,WSH,0
20250516_ATH@SF,2025-05-16,SF,ATH,9,1,1.0,0.5605096220970154,0.5797,SF,SF,1
20250516_ATL@BOS,2025-05-16,BOS,ATL,2,4,0.0,0.5056862831115723,0.5108,BOS,ATL,0
20250516_CLE@CIN,2025-05-16,CIN,CLE,5,4,1.0,0.5195913910865784,0.5283,CIN,CIN,1
20250516_COL@AZ,2025-05-16,AZ,COL,8,0,1.0,0.6631090641021729,0.7046,AZ,AZ,1
20250516_CWS@CHC,2025-05-16,CHC,CWS,13,3,1.0,0.6478638052940369,0.6866,CHC,CHC,1
20250516_DET@TOR,2025-05-16,TOR,DET,4,5,0.0,0.49165922403335577,0.4859,DET,DET,1
20250516_HOU@TEX,2025-05-16,TEX,HOU,3,6,0.0,0.544029951095581,0.559,TEX,HOU,0
20250516_LAA@LAD,2025-05-16,LAD,LAA,2,6,0.0,0.6387439370155334,0.6757,LAD,LAA,0
20250516_MIN@MIL,2025-05-16,MIL,MIN,0,3,0.0,0.5339385867118835,0.5464,MIL,MIN,0
20250516_NYM@NYY,2025-05-16,NYY,NYM,6,2,1.0,0.517382800579071,0.5255,NYY,NYY,1
20250516_PIT@PHI,2025-05-16,PHI,PIT,8,4,1.0,0.6582779288291932,0.6989,PHI,PHI,1
20250516_SEA@SD,2025-05-16,SD,SEA,1,5,0.0,0.5479356646537781,0.5639,SD,SEA,0
20250516_STL@KC,2025-05-16,KC,STL,3,10,0.0,0.5431367754936219,0.5579,KC,STL,0
20250516_TB@MIA,2025-05-16,MIA,TB,9,4,1.0,0.5056862831115723,0.5108,MIA,MIA,1
20250516_WSH@BAL,2025-05-16,BAL,WSH,3,4,0.0,0.5594088435173035,0.5783,BAL,WSH,0
20250515_ATH@LAD,2025-05-15,LAD,ATH,19,2,1.0,0.5454732775688172,0.5612,LAD,LAD,1
20250515_CWS@CIN,2025-05-15,CIN,CWS,7,1,1.0,0.5771223902702332,0.6006,CIN,CIN,1
20250515_HOU@TEX,2025-05-15,TEX,HOU,1,0,1.0,0.5424743294715881,0.5574,TEX,TEX,1
20250515_MIN@BAL,2025-05-15,BAL,MIN,0,4,0.0,0.5253031849861145,0.5359,BAL,MIN,0
20250515_TB@TOR,2025-05-15,TOR,TB,3,8,0.0,0.5536006689071655,0.5714,TOR,TB,0
20250515_WSH@ATL,2025-05-15,ATL,WSH,5,2,1.0,0.5539649128913879,0.5718,ATL,ATL,1
20250514_ATH@LAD,2025-05-14,LAD,ATH,9,3,1.0,0.5424743294715881,0.5574,LAD,LAD,1
20250514_AZ@SF,2025-05-14,SF,AZ,7,8,0.0,0.5295007228851318,0.5412,SF,AZ,0
20250514_BOS@DET,2025-05-14,DET,BOS,6,5,1.0,0.5424743294715881,0.5574,DET,DET,1
20250514_COL@TEX,2025-05-14,TEX,COL,8,3,1.0,0.5896264910697937,0.6161,TEX,TEX,1
20250514_CWS@CIN,2025-05-14,CIN,CWS,2,4,0.0,0.5771223902702332,0.6006,CIN,CWS,0
20250514_KC@HOU,2025-05-14,HOU,KC,4,3,1.0,0.5454732775688172,0.5612,HOU,HOU,1
20250514_LAA@SD,2025-05-14,SD,LAA,5,1,1.0,0.5724718570709229,0.5948,SD,SD,1
20250514_MIA@CHC,2025-05-14,CHC,MIA,1,3,0.0,0.5454732775688172,0.5612,CHC,MIA,0
20250514_MIL@CLE,2025-05-14,CLE,MIL,5,9,0.0,0.5539649128913879,0.5718,CLE,MIL,0
20250514_MIN@BAL,2025-05-14,BAL,MIN,6,8,0.0,0.5253031849861145,0.5359,BAL,MIN,0
20250514_MIN@BAL,2025-05-14,BAL,MIN,3,6,0.0,0.49882486462593084,0.4945,MIN,MIN,1
20250514_NYY@SEA,2025-05-14,SEA,NYY,2,3,0.0,0.5295007228851318,0.5412,SEA,NYY,0
20250514_PIT@NYM,2025-05-14,NYM,PIT,0,4,0.0,0.5724718570709229,0.5948,NYM,PIT,0
20250514_STL@PHI,2025-05-14,PHI,STL,7,14,0.0,0.5424743294715881,0.5574,PHI,STL,0
20250514_STL@PHI,2025-05-14,PHI,STL,2,1,1.0,0.5424743294715881,0.5574,PHI,PHI,1
20250514_TB@TOR,2025-05-14,TOR,TB,3,1,1.0,0.5361248254776001,0.5495,TOR,TOR,1
20250514_WSH@ATL,2025-05-14,ATL,WSH,4,5,0.0,0.5539649128913879,0.5718,ATL,WSH,0
20250513_ATH@LAD,2025-05-13,LAD,ATH,1,11,0.0,0.5295007228851318,0.5412,LAD,ATH,0
20250513_AZ@SF,2025-05-13,SF,AZ,10,6,1.0,0.5424743294715881,0.5574,SF,SF,1
20250513_BOS@DET,2025-05-13,DET,BOS,10,9,1.0,0.5424743294715881,0.5574,DET,DET,1
20250513_COL@TEX,2025-05-13,TEX,COL,4,1,1.0,0.5724718570709229,0.5948,TEX,TEX,1
20250513_CWS@CIN,2025-05-13,CIN,CWS,1,5,0.0,0.5598352551460266,0.5791,CIN,CWS,0
20250513_KC@HOU,2025-05-13,HOU,KC,2,1,1.0,0.5454732775688172,0.5612,HOU,HOU,1
20250513_LAA@SD,2025-05-13,SD,LAA,6,4,1.0,0.5724718570709229,0.5948,SD,SD,1
20250513_MIA@CHC,2025-05-13,CHC,MIA,5,4,1.0,0.5454732775688172,0.5612,CHC,CHC,1
20250513_MIL@CLE,2025-05-13,CLE,MIL,2,0,1.0,0.5539649128913879,0.5718,CLE,CLE,1
20250513_NYY@SEA,2025-05-13,SEA,NYY,2,1,1.0,0.5295007228851318,0.5412,SEA,SEA,1
20250513_PIT@NYM,2025-05-13,NYM,PIT,2,1,1.0,0.5724718570709229,0.5948,NYM,NYM,1
20250513_TB@TOR,2025-05-13,TOR,TB,9,11,0.0,0.5361248254776001,0.5495,TOR,TB,0
20250513_WSH@ATL,2025-05-13,ATL,WSH,5,2,1.0,0.5454732775688172,0.5612,ATL,ATL,1
20250512_AZ@SF,2025-05-12,SF,AZ,1,2,0.0,0.5295007228851318,0.5412,SF,AZ,0
20250512_BOS@DET,2025-05-12,DET,BOS,14,2,1.0,0.5295007228851318,0.5412,DET,DET,1
20250512_COL@TEX,2025-05-12,TEX,COL,2,1,1.0,0.5896264910697937,0.6161,TEX,TEX,1
20250512_KC@HOU,2025-05-12,HOU,KC,5,7,0.0,0.5539649128913879,0.5718,HOU,KC,0
20250512_LAA@SD,2025-05-12,SD,LAA,5,9,0.0,0.5724718570709229,0.5948,SD,LAA,0
20250512_MIA@CHC,2025-05-12,CHC,MIA,5,2,1.0,0.5454732775688172,0.5612,CHC,CHC,1
20250512_MIL@CLE,2025-05-12,CLE,MIL,5,0,1.0,0.5380380153656006,0.5519,CLE,CLE,1
20250512_NYY@SEA,2025-05-12,SEA,NYY,5,11,0.0,0.5295007228851318,0.5412,SEA,NYY,0
20250512_PIT@NYM,2025-05-12,NYM,PIT,4,3,1.0,0.5724718570709229,0.5948,NYM,NYM,1
20250512_STL@PHI,2025-05-12,PHI,STL,2,3,0.0,0.5424743294715881,0.5574,PHI,STL,0
20250512_WSH@ATL,2025-05-12,ATL,WSH,4,3,1.0,0.5424743294715881,0.5574,ATL,ATL,1
20250511_ATL@PIT,2025-05-11,PIT,ATL,4,3,1.0,0.49882486462593084,0.4945,ATL,PIT,0
20250511_BAL@LAA,2025-05-11,LAA,BAL,3,7,0.0,0.5054705142974854,0.5109,LAA,BAL,0
20250511_BOS@KC,2025-05-11,KC,BOS,1,3,0.0,0.5295007228851318,0.5412,KC,BOS,0
20250511_CHC@NYM,2025-05-11,NYM,CHC,6,2,1.0,0.5424743294715881,0.5574,NYM,NYM,1
20250511_CIN@HOU,2025-05-11,HOU,CIN,6,0,1.0,0.5295007228851318,0.5412,HOU,HOU,1
20250511_LAD@AZ,2025-05-11,AZ,LAD,1,8,0.0,0.5275832414627075,0.5388,AZ,LAD,0
20250511_MIA@CWS,2025-05-11,CWS,MIA,4,2,1.0,0.5253031849861145,0.5359,CWS,CWS,1
20250511_MIL@TB,2025-05-11,TB,MIL,2,4,0.0,0.5247562527656555,0.5352,TB,MIL,0
20250511_NYY@ATH,2025-05-11,ATH,NYY,2,12,0.0,0.5253031849861145,0.5359,ATH,NYY,0
20250511_PHI@CLE,2025-05-11,CLE,PHI,0,3,0.0,0.5424743294715881,0.5574,CLE,PHI,0
20250511_SD@COL,2025-05-11,COL,SD,9,3,1.0,0.5060780048370361,0.5117,COL,COL,1
20250511_SF@MIN,2025-05-11,MIN,SF,7,6,1.0,0.5454732775688172,0.5612,MIN,MIN,1
20250511_STL@WSH,2025-05-11,WSH,STL,1,6,0.0,0.49882486462593084,0.4945,STL,STL,1
20250511_TEX@DET,2025-05-11,DET,TEX,1,6,0.0,0.5539649128913879,0.5718,DET,TEX,0
20250511_TOR@SEA,2025-05-11,SEA,TOR,1,9,0.0,0.571306049823761,0.5934,SEA,TOR,0
20250510_ATL@PIT,2025-05-10,PIT,ATL,2,3,0.0,0.5253031849861145,0.5359,PIT,ATL,0
20250510_BAL@LAA,2025-05-10,LAA,BAL,5,2,1.0,0.5247562527656555,0.5352,LAA,LAA,1
20250510_BOS@KC,2025-05-10,KC,BOS,1,10,0.0,0.5424743294715881,0.5574,KC,BOS,0
20250510_CHC@NYM,2025-05-10,NYM,CHC,5,6,0.0,0.5424743294715881,0.5574,NYM,CHC,0
20250510_CIN@HOU,2025-05-10,HOU,CIN,9,13,0.0,0.5424743294715881,0.5574,HOU,CIN,0
20250510_LAD@AZ,2025-05-10,AZ,LAD,3,0,1.0,0.5275832414627075,0.5388,AZ,AZ,1
20250510_MIA@CWS,2025-05-10,CWS,MIA,1,3,0.0,0.5253031849861145,0.5359,CWS,MIA,0
20250510_MIL@TB,2025-05-10,TB,MIL,3,2,1.0,0.5253031849861145,0.5359,TB,TB,1
20250510_NYY@ATH,2025-05-10,ATH,NYY,11,7,1.0,0.49882486462593084,0.4945,NYY,ATH,0
20250510_PHI@CLE,2025-05-10,CLE,PHI,1,7,0.0,0.5295007228851318,0.5412,CLE,PHI,0
20250510_SD@COL,2025-05-10,COL,SD,0,21,0.0,0.5253031849861145,0.5359,COL,SD,0
20250510_SF@MIN,2025-05-10,MIN,SF,2,1,1.0,0.5454732775688172,0.5612,MIN,MIN,1
20250510_STL@WSH,2025-05-10,WSH,STL,2,4,0.0,0.49882486462593084,0.4945,STL,STL,1
20250510_TEX@DET,2025-05-10,DET,TEX,3,10,0.0,0.5539649128913879,0.5718,DET,TEX,0
20250510_TOR@SEA,2025-05-10,SEA,TOR,3,6,0.0,0.571306049823761,0.5934,SEA,TOR,0
20250509_ATL@PIT,2025-05-09,PIT,ATL,3,2,1.0,0.5253031849861145,0.5359,PIT,PIT,1
20250509_BAL@LAA,2025-05-09,LAA,BAL,1,4,0.0,0.5247562527656555,0.5352,LAA,BAL,0
20250509_BOS@KC,2025-05-09,KC,BOS,2,1,1.0,0.5295007228851318,0.5412,KC,KC,1
20250509_CHC@NYM,2025-05-09,NYM,CHC,7,2,1.0,0.5424743294715881,0.5574,NYM,NYM,1
20250509_CIN@HOU,2025-05-09,HOU,CIN,3,0,1.0,0.5424743294715881,0.5574,HOU,HOU,1
20250509_LAD@AZ,2025-05-09,AZ,LAD,11,14,0.0,0.5048272609710693,0.5101,AZ,LAD,0
20250509_MIA@CWS,2025-05-09,CWS,MIA,6,2,1.0,0.5060780048370361,0.5117,CWS,CWS,1
20250509_MIL@TB,2025-05-09,TB,MIL,4,3,1.0,0.5054705142974854,0.5109,TB,TB,1
20250509_NYY@ATH,2025-05-09,ATH,NYY,2,10,0.0,0.5054705142974854,0.5109,ATH,NYY,0
20250509_PHI@CLE,2025-05-09,CLE,PHI,6,0,1.0,0.5424743294715881,0.5574,CLE,CLE,1
20250509_SD@COL,2025-05-09,COL,SD,9,13,0.0,0.4795896410942077,0.4703,SD,SD,1
20250509_SF@MIN,2025-05-09,MIN,SF,3,1,1.0,0.5227996706962585,0.5327,MIN,MIN,1
20250509_STL@WSH,2025-05-09,WSH,STL,0,10,0.0,0.49882486462593084,0.4945,STL,STL,1
20250509_TEX@DET,2025-05-09,DET,TEX,2,1,1.0,0.5539649128913879,0.5718,DET,DET,1
20250509_TOR@SEA,2025-05-09,SEA,TOR,3,6,0.0,0.5380380153656006,0.5519,SEA,TOR,0
20250508_BAL@MIN,2025-05-08,MIN,BAL,5,2,1.0,0.5268685817718506,0.5408,MIN,MIN,1
20250508_CIN@ATL,2025-05-08,ATL,CIN,5,4,1.0,0.5923794507980348,0.6163,ATL,ATL,1
20250508_CWS@KC,2025-05-08,KC,CWS,10,0,1.0,0.6861118674278259,0.7211,KC,KC,1
20250508_DET@COL,2025-05-08,COL,DET,2,10,0.0,0.44722700119018555,0.4292,DET,DET,1
20250508_DET@COL,2025-05-08,COL,DET,1,11,0.0,0.3556857109069824,0.325,DET,DET,1
20250508_LAD@AZ,2025-05-08,AZ,LAD,5,3,1.0,0.43082326650619507,0.4103,LAD,AZ,0
20250508_PHI@TB,2025-05-08,TB,PHI,6,7,0.0,0.5613238215446472,0.5807,TB,PHI,0
20250508_TEX@BOS,2025-05-08,BOS,TEX,5,0,1.0,0.5744044184684753,0.5957,BOS,BOS,1
20250508_TOR@LAA,2025-05-08,LAA,TOR,5,8,0.0,0.4539506137371063,0.437,TOR,TOR,1
20250507_BAL@MIN,2025-05-07,MIN,BAL,5,2,1.0,0.49263074994087225,0.4819,BAL,MIN,0
20250507_CIN@ATL,2025-05-07,ATL,CIN,3,4,0.0,0.4171383380889893,0.3946,CIN,CIN,1
20250507_CLE@WSH,2025-05-07,WSH,CLE,6,8,0.0,0.48054841160774237,0.4679,CLE,CLE,1
20250507_CWS@KC,2025-05-07,KC,CWS,2,1,1.0,0.7054542303085327,0.742,KC,KC,1
20250507_DET@COL,2025-05-07,COL,DET,6,8,0.0,0.4561634659767151,0.4395,DET,DET,1
20250507_HOU@MIL,2025-05-07,MIL,HOU,1,9,0.0,0.49733623862266535,0.4874,HOU,HOU,1
20250507_LAD@MIA,2025-05-07,MIA,LAD,1,10,0.0,0.3612033724784851,0.3312,LAD,LAD,1
20250507_NYM@AZ,2025-05-07,AZ,NYM,1,7,0.0,0.520092248916626,0.5329,AZ,NYM,0
20250507_PHI@TB,2025-05-07,TB,PHI,0,7,0.0,0.4388137757778167,0.4195,PHI,PHI,1
20250507_PIT@STL,2025-05-07,STL,PIT,5,0,1.0,0.6449538469314575,0.6757,STL,STL,1
20250507_SD@NYY,2025-05-07,NYY,SD,4,3,1.0,0.5093362331390381,0.5204,NYY,NYY,1
20250507_SEA@ATH,2025-05-07,ATH,SEA,5,6,0.0,0.5112385749816895,0.5226,ATH,SEA,0
20250507_SF@CHC,2025-05-07,CHC,SF,1,3,0.0,0.5221356749534607,0.5353,CHC,SF,0
20250507_TEX@BOS,2025-05-07,BOS,TEX,6,4,1.0,0.5336097478866577,0.5486,BOS,BOS,1
20250507_TOR@LAA,2025-05-07,LAA,TOR,5,4,1.0,0.4761408865451813,0.4627,TOR,LAA,0
20250506_BAL@MIN,2025-05-06,MIN,BAL,9,1,1.0,0.4291624426841736,0.4084,BAL,MIN,0
20250506_CIN@ATL,2025-05-06,ATL,CIN,2,1,1.0,0.6305771470069885,0.6596,ATL,ATL,1
20250506_CLE@WSH,2025-05-06,WSH,CLE,1,9,0.0,0.5158289670944214,0.5279,WSH,CLE,0
20250506_CLE@WSH,2025-05-06,WSH,CLE,10,9,1.0,0.47279080748558044,0.4588,CLE,WSH,0
20250506_CWS@KC,2025-05-06,KC,CWS,4,3,1.0,0.6899063587188721,0.7252,KC,KC,1
20250506_HOU@MIL,2025-05-06,MIL,HOU,4,3,1.0,0.5712897777557373,0.5921,MIL,MIL,1
20250506_LAD@MIA,2025-05-06,MIA,LAD,5,4,1.0,0.44506517052650457,0.4267,LAD,MIA,0
20250506_NYM@AZ,2025-05-06,AZ,NYM,5,1,1.0,0.4822455942630768,0.4698,NYM,AZ,0
20250506_PHI@TB,2025-05-06,TB,PHI,4,8,0.0,0.5162532329559326,0.5284,TB,PHI,0
20250506_PIT@STL,2025-05-06,STL,PIT,2,1,1.0,0.6939342021942139,0.7296,STL,STL,1
20250506_SD@NYY,2025-05-06,NYY,SD,12,3,1.0,0.4934688806533813,0.4829,SD,NYY,0
20250506_SEA@ATH,2025-05-06,ATH,SEA,3,5,0.0,0.5272274613380432,0.5412,ATH,SEA,0
20250506_SF@CHC,2025-05-06,CHC,SF,5,14,0.0,0.6050989627838135,0.6308,CHC,SF,0
20250506_TEX@BOS,2025-05-06,BOS,TEX,1,6,0.0,0.5999277830123901,0.6249,BOS,TEX,0
20250506_TOR@LAA,2025-05-06,LAA,TOR,8,3,1.0,0.4956862926483155,0.4855,TOR,LAA,0
20250505_CIN@ATL,2025-05-05,ATL,CIN,4,0,1.0,0.5617746710777283,0.5812,ATL,ATL,1
20250505_CWS@KC,2025-05-05,KC,CWS,3,0,1.0,0.6881173849105835,0.7233,KC,KC,1
20250505_HOU@MIL,2025-05-05,MIL,HOU,5,1,1.0,0.5531917214393616,0.5713,MIL,MIL,1
20250505_LAD@MIA,2025-05-05,MIA,LAD,4,7,0.0,0.3909005224704743,0.3646,LAD,LAD,1
20250505_NYM@AZ,2025-05-05,AZ,NYM,4,5,0.0,0.5376690626144409,0.5533,AZ,NYM,0
20250505_PIT@STL,2025-05-05,STL,PIT,6,3,1.0,0.695495069026947,0.7313,STL,STL,1
20250505_SD@NYY,2025-05-05,NYY,SD,3,4,0.0,0.428401917219162,0.4075,SD,SD,1
20250505_SEA@ATH,2025-05-05,ATH,SEA,7,6,1.0,0.5056437849998474,0.5161,ATH,ATH,1
20250505_SF@CHC,2025-05-05,CHC,SF,9,2,1.0,0.6413702368736267,0.6717,CHC,CHC,1
20250504_ATH@MIA,2025-05-04,MIA,ATH,2,3,0.0,0.4647526741027832,0.4495,ATH,ATH,1
20250504_AZ@PHI,2025-05-04,PHI,AZ,9,11,0.0,0.5193008184432983,0.532,PHI,AZ,0
20250504_CHC@MIL,2025-05-04,MIL,CHC,4,0,1.0,0.5642783641815186,0.5841,MIL,MIL,1
20250504_CLE@TOR,2025-05-04,TOR,CLE,4,5,0.0,0.4731149375438691,0.4592,CLE,CLE,1
20250504_COL@SF,2025-05-04,SF,COL,9,3,1.0,0.7371335029602051,0.7757,SF,SF,1
20250504_DET@LAA,2025-05-04,LAA,DET,1,13,0.0,0.4011923670768738,0.3764,DET,DET,1
20250504_HOU@CWS,2025-05-04,CWS,HOU,5,4,1.0,0.36253765225410456,0.3327,HOU,CWS,0
20250504_KC@BAL,2025-05-04,BAL,KC,6,11,0.0,0.5620018839836121,0.5814,BAL,KC,0
20250504_LAD@ATL,2025-05-04,ATL,LAD,4,3,1.0,0.4763260185718537,0.4629,LAD,ATL,0
20250504_MIN@BOS,2025-05-04,BOS,MIN,4,5,0.0,0.5116815567016602,0.5231,BOS,MIN,0
20250504_NYM@STL,2025-05-04,STL,NYM,5,4,1.0,0.6153725385665894,0.6425,STL,STL,1
20250504_NYM@STL,2025-05-04,STL,NYM,6,5,1.0,0.5436393022537231,0.5602,STL,STL,1
20250504_SD@PIT,2025-05-04,PIT,SD,0,4,0.0,0.40844181180000305,0.3846,SD,SD,1
20250504_SEA@TEX,2025-05-04,TEX,SEA,8,1,1.0,0.6482580304145813,0.6794,TEX,TEX,1
20250504_TB@NYY,2025-05-04,NYY,TB,5,7,0.0,0.523953914642334,0.5374,NYY,TB,0
20250504_WSH@CIN,2025-05-04,CIN,WSH,1,4,0.0,0.566073477268219,0.5861,CIN,WSH,0
20250503_ATH@MIA,2025-05-03,MIA,ATH,9,6,1.0,0.4035459458827972,0.379,ATH,MIA,0
20250503_AZ@PHI,2025-05-03,PHI,AZ,7,2,1.0,0.40170037746429443,0.3769,AZ,PHI,0
20250503_CHC@MIL,2025-05-03,MIL,CHC,2,6,0.0,0.5696942210197449,0.5903,MIL,CHC,0
20250503_CLE@TOR,2025-05-03,TOR,CLE,3,5,0.0,0.5526859164237976,0.5707,TOR,CLE,0
20250503_COL@SF,2025-05-03,SF,COL,6,3,1.0,0.6918553709983827,0.7274,SF,SF,1
20250503_DET@LAA,2025-05-03,LAA,DET,5,2,1.0,0.43553012609481806,0.4157,DET,LAA,0
20250503_HOU@CWS,2025-05-03,CWS,HOU,3,8,0.0,0.33522921800613403,0.3023,HOU,HOU,1
20250503_KC@BAL,2025-05-03,BAL,KC,0,4,0.0,0.5073187351226807,0.518,BAL,KC,0
20250503_LAD@ATL,2025-05-03,ATL,LAD,3,10,0.0,0.4938427209854126,0.4833,LAD,LAD,1
20250503_MIN@BOS,2025-05-03,BOS,MIN,3,4,0.0,0.5588887333869934,0.5779,BOS,MIN,0
20250503_SD@PIT,2025-05-03,PIT,SD,1,2,0.0,0.4636512398719787,0.4482,SD,SD,1
20250503_SEA@TEX,2025-05-03,TEX,SEA,1,2,0.0,0.5727973580360413,0.5939,TEX,SEA,0
20250503_TB@NYY,2025-05-03,NYY,TB,2,3,0.0,0.5222650170326233,0.5354,NYY,TB,0
20250503_WSH@CIN,2025-05-03,CIN,WSH,6,11,0.0,0.58626788854599,0.6093,CIN,WSH,0
20250502_ATH@MIA,2025-05-02,MIA,ATH,1,6,0.0,0.46389964222908014,0.4485,ATH,ATH,1
20250502_AZ@PHI,2025-05-02,PHI,AZ,3,2,1.0,0.5351899862289429,0.5504,PHI,PHI,1
20250502_CHC@MIL,2025-05-02,MIL,CHC,0,10,0.0,0.46039050817489624,0.4444,CHC,CHC,1
20250502_CLE@TOR,2025-05-02,TOR,CLE,5,3,1.0,0.5323161482810974,0.5471,TOR,TOR,1
20250502_COL@SF,2025-05-02,SF,COL,4,0,1.0,0.7645980715751648,0.8041,SF,SF,1
20250502_DET@LAA,2025-05-02,LAA,DET,1,9,0.0,0.4341914653778076,0.4142,DET,DET,1
20250502_HOU@CWS,2025-05-02,CWS,HOU,7,3,1.0,0.3907942473888398,0.3645,HOU,CWS,0
20250502_KC@BAL,2025-05-02,BAL,KC,3,0,1.0,0.5554231405258179,0.5739,BAL,BAL,1
20250502_LAD@ATL,2025-05-02,ATL,LAD,1,2,0.0,0.47850620746612543,0.4655,LAD,LAD,1
20250502_MIN@BOS,2025-05-02,BOS,MIN,6,1,1.0,0.5798894166946411,0.602,BOS,BOS,1
20250502_NYM@STL,2025-05-02,STL,NYM,3,9,0.0,0.5854287147521973,0.6084,STL,NYM,0
20250502_SD@PIT,2025-05-02,PIT,SD,4,9,0.0,0.3687295019626617,0.3396,SD,SD,1
20250502_SEA@TEX,2025-05-02,TEX,SEA,1,13,0.0,0.586462140083313,0.6096,TEX,SEA,0
20250502_TB@NYY,2025-05-02,NYY,TB,3,0,1.0,0.5963677763938904,0.6209,NYY,NYY,1
20250502_WSH@CIN,2025-05-02,CIN,WSH,6,1,1.0,0.5930231213569641,0.6171,CIN,CIN,1
20250501_ATH@TEX,2025-05-01,TEX,ATH,0,3,0.0,0.5677869319915771,0.5869,TEX,ATH,0
20250501_AZ@NYM,2025-05-01,NYM,AZ,2,4,0.0,0.5618892312049867,0.5803,NYM,AZ,0
20250501_BOS@TOR,2025-05-01,TOR,BOS,4,2,1.0,0.4983951151371002,0.4876,BOS,TOR,0
20250501_CHC@PIT,2025-05-01,PIT,CHC,3,8,0.0,0.48239734768867487,0.4695,CHC,CHC,1
20250501_COL@SF,2025-05-01,SF,COL,3,4,0.0,0.6084266304969788,0.632,SF,COL,0
20250501_DET@LAA,2025-05-01,LAA,DET,4,10,0.0,0.4338772892951965,0.415,DET,DET,1
20250501_KC@TB,2025-05-01,TB,KC,2,8,0.0,0.5321592092514038,0.5469,TB,KC,0
20250501_MIL@CWS,2025-05-01,CWS,MIL,8,0,1.0,0.4355808794498443,0.4169,MIL,CWS,0
20250501_MIN@CLE,2025-05-01,CLE,MIN,4,3,1.0,0.5652713775634766,0.5841,CLE,CLE,1
20250501_STL@CIN,2025-05-01,CIN,STL,9,1,1.0,0.5015707612037659,0.5124,CIN,CIN,1
20250501_WSH@PHI,2025-05-01,PHI,WSH,2,4,0.0,0.6007274985313416,0.6235,PHI,WSH,0
20250430_ATH@TEX,2025-04-30,TEX,ATH,1,7,0.0,0.5584659576416016,0.5764,TEX,ATH,0
20250430_ATL@COL,2025-04-30,COL,ATL,2,1,1.0,0.5352249145507812,0.5504,COL,COL,1
20250430_AZ@NYM,2025-04-30,NYM,AZ,3,4,0.0,0.5618892312049867,0.5803,NYM,AZ,0
20250430_BOS@TOR,2025-04-30,TOR,BOS,7,6,1.0,0.4983951151371002,0.4876,BOS,TOR,0
20250430_CHC@PIT,2025-04-30,PIT,CHC,4,3,1.0,0.48999497294425964,0.4781,CHC,PIT,0
20250430_DET@HOU,2025-04-30,HOU,DET,4,7,0.0,0.5089752078056335,0.5208,HOU,DET,0
20250430_KC@TB,2025-04-30,TB,KC,0,3,0.0,0.5291642546653748,0.5435,TB,KC,0
20250430_LAA@SEA,2025-04-30,SEA,LAA,9,3,1.0,0.5689181089401245,0.5881,SEA,SEA,1
20250430_MIA@LAD,2025-04-30,LAD,MIA,12,7,1.0,0.5905911326408386,0.6123,LAD,LAD,1
20250430_MIL@CWS,2025-04-30,CWS,MIL,4,6,0.0,0.46814155578613276,0.4534,MIL,MIL,1
20250430_MIN@CLE,2025-04-30,CLE,MIN,4,2,1.0,0.5662330389022827,0.5851,CLE,CLE,1
20250430_NYY@BAL,2025-04-30,BAL,NYY,5,4,1.0,0.47961711883544916,0.4664,NYY,BAL,0
20250430_SF@SD,2025-04-30,SD,SF,5,3,1.0,0.5471246242523193,0.5637,SD,SD,1
20250430_STL@CIN,2025-04-30,CIN,STL,1,9,0.0,0.527643620967865,0.5418,CIN,STL,0
20250430_STL@CIN,2025-04-30,CIN,STL,0,6,0.0,0.527643620967865,0.5418,CIN,STL,0
20250430_WSH@PHI,2025-04-30,PHI,WSH,7,2,1.0,0.6007274985313416,0.6235,PHI,PHI,1
20250429_ATH@TEX,2025-04-29,TEX,ATH,15,2,1.0,0.5581135749816895,0.576,TEX,TEX,1
20250429_ATL@COL,2025-04-29,COL,ATL,2,8,0.0,0.505160391330719,0.5165,COL,ATL,0
20250429_AZ@NYM,2025-04-29,NYM,AZ,8,3,1.0,0.5768213868141174,0.5969,NYM,NYM,1
20250429_BOS@TOR,2025-04-29,TOR,BOS,2,10,0.0,0.4863466322422028,0.4739,BOS,BOS,1
20250429_CHC@PIT,2025-04-29,PIT,CHC,0,9,0.0,0.48239734768867487,0.4695,CHC,CHC,1
20250429_DET@HOU,2025-04-29,HOU,DET,6,4,1.0,0.5220649242401123,0.5355,HOU,HOU,1
20250429_KC@TB,2025-04-29,TB,KC,1,3,0.0,0.5196651816368103,0.5328,TB,KC,0
20250429_LAA@SEA,2025-04-29,SEA,LAA,5,3,1.0,0.602270781993866,0.6252,SEA,SEA,1
20250429_MIA@LAD,2025-04-29,LAD,MIA,15,2,1.0,0.6124701499938965,0.6365,LAD,LAD,1
20250429_MIL@CWS,2025-04-29,CWS,MIL,2,7,0.0,0.43127572536468506,0.4121,MIL,MIL,1
20250429_MIN@CLE,2025-04-29,CLE,MIN,2,1,1.0,0.5640580654144287,0.5827,CLE,CLE,1
20250429_NYY@BAL,2025-04-29,BAL,NYY,3,15,0.0,0.47824299335479736,0.4648,NYY,NYY,1
20250429_SF@SD,2025-04-29,SD,SF,7,4,1.0,0.5446372628211975,0.5609,SD,SD,1
20250429_WSH@PHI,2025-04-29,PHI,WSH,7,6,1.0,0.6007274985313416,0.6235,PHI,PHI,1
20250428_ATH@TEX,2025-04-28,TEX,ATH,1,2,0.0,0.5584659576416016,0.5764,TEX,ATH,0
20250428_ATL@COL,2025-04-28,COL,ATL,3,6,0.0,0.5138795375823975,0.5263,COL,ATL,0
20250428_DET@HOU,2025-04-28,HOU,DET,8,5,1.0,0.4969243705272675,0.4859,DET,HOU,0
20250428_MIA@LAD,2025-04-28,LAD,MIA,7,6,1.0,0.5804910659790039,0.601,LAD,LAD,1
20250428_MIN@CLE,2025-04-28,CLE,MIN,1,11,0.0,0.6136202216148375,0.6377,CLE,MIN,0
20250428_NYM@WSH,2025-04-28,WSH,NYM,5,19,0.0,0.4808341264724732,0.4677,NYM,NYM,1
20250428_NYY@BAL,2025-04-28,BAL,NYY,4,3,1.0,0.4957152903079987,0.4845,NYY,BAL,0
20250428_STL@CIN,2025-04-28,CIN,STL,3,1,1.0,0.5151388645172119,0.5277,CIN,CIN,1
20250427_ATL@AZ,2025-04-27,AZ,ATL,6,4,1.0,0.5504785180091858,0.5675,AZ,AZ,1
20250427_BAL@DET,2025-04-27,DET,BAL,7,0,1.0,0.5874075889587402,0.6087,DET,DET,1
20250427_BOS@CLE,2025-04-27,CLE,BOS,3,13,0.0,0.5304023027420044,0.5449,CLE,BOS,0
20250427_CIN@COL,2025-04-27,COL,CIN,1,8,0.0,0.4557115137577057,0.4395,CIN,CIN,1
20250427_CWS@ATH,2025-04-27,ATH,CWS,3,2,1.0,0.65221107006073,0.6799,ATH,ATH,1
20250427_HOU@KC,2025-04-27,KC,HOU,3,7,0.0,0.5583239793777466,0.5763,KC,HOU,0
20250427_LAA@MIN,2025-04-27,MIN,LAA,5,0,1.0,0.5710843801498413,0.5906,MIN,MIN,1
20250427_MIA@SEA,2025-04-27,SEA,MIA,7,6,1.0,0.5786415338516235,0.599,SEA,SEA,1
20250427_MIL@STL,2025-04-27,STL,MIL,1,7,0.0,0.5349152684211731,0.55,STL,MIL,0
20250427_NYM@WSH,2025-04-27,WSH,NYM,8,7,1.0,0.5089504718780518,0.5207,WSH,WSH,1
20250427_PHI@CHC,2025-04-27,CHC,PHI,1,3,0.0,0.5493758320808411,0.5663,CHC,PHI,0
20250427_PIT@LAD,2025-04-27,LAD,PIT,9,2,1.0,0.6038553714752197,0.627,LAD,LAD,1
20250427_TB@SD,2025-04-27,SD,TB,2,4,0.0,0.5805646181106567,0.6011,SD,TB,0
20250427_TEX@SF,2025-04-27,SF,TEX,3,2,1.0,0.5606471300125122,0.5789,SF,SF,1
20250427_TOR@NYY,2025-04-27,NYY,TOR,5,1,1.0,0.5585092902183533,0.5765,NYY,NYY,1
20250427_TOR@NYY,2025-04-27,NYY,TOR,11,2,1.0,0.592089831829071,0.6139,NYY,NYY,1
20250426_ATL@AZ,2025-04-26,AZ,ATL,7,8,0.0,0.491680383682251,0.48,ATL,ATL,1
20250426_BAL@DET,2025-04-26,DET,BAL,6,2,1.0,0.5405487418174744,0.5563,DET,DET,1
20250426_BAL@DET,2025-04-26,DET,BAL,4,3,1.0,0.5717075467109679,0.5912,DET,DET,1
20250426_BOS@CLE,2025-04-26,CLE,BOS,3,7,0.0,0.5464152097702026,0.5629,CLE,BOS,0
20250426_BOS@CLE,2025-04-26,CLE,BOS,5,4,1.0,0.5304023027420044,0.5449,CLE,CLE,1
20250426_CIN@COL,2025-04-26,COL,CIN,4,6,0.0,0.4540964961051941,0.4376,CIN,CIN,1
20250426_CWS@ATH,2025-04-26,ATH,CWS,3,10,0.0,0.604809045791626,0.628,ATH,CWS,0
20250426_HOU@KC,2025-04-26,KC,HOU,2,0,1.0,0.5596223473548889,0.5777,KC,KC,1
20250426_LAA@MIN,2025-04-26,MIN,LAA,5,1,1.0,0.5600305199623108,0.5782,MIN,MIN,1
20250426_MIA@SEA,2025-04-26,SEA,MIA,14,0,1.0,0.5663774013519287,0.5853,SEA,SEA,1
20250426_MIL@STL,2025-04-26,STL,MIL,6,5,1.0,0.5263291597366333,0.5403,STL,STL,1
20250426_NYM@WSH,2025-04-26,WSH,NYM,0,2,0.0,0.4490352869033814,0.432,NYM,NYM,1
20250426_PHI@CHC,2025-04-26,CHC,PHI,4,10,0.0,0.522817850112915,0.5364,CHC,PHI,0
20250426_PIT@LAD,2025-04-26,LAD,PIT,8,4,1.0,0.6254751086235046,0.6508,LAD,LAD,1
20250426_TB@SD,2025-04-26,SD,TB,1,4,0.0,0.5457914471626282,0.5622,SD,TB,0
20250426_TEX@SF,2025-04-26,SF,TEX,3,2,1.0,0.5617467164993286,0.5801,SF,SF,1
20250425_ATL@AZ,2025-04-25,AZ,ATL,2,8,0.0,0.538049042224884,0.5535,AZ,ATL,0
20250425_CIN@COL,2025-04-25,COL,CIN,7,8,0.0,0.4921239912509919,0.4805,CIN,CIN,1
20250425_CWS@ATH,2025-04-25,ATH,CWS,6,5,1.0,0.631140649318695,0.657,ATH,ATH,1
20250425_HOU@KC,2025-04-25,KC,HOU,2,0,1.0,0.5226476788520813,0.5362,KC,KC,1
20250425_LAA@MIN,2025-04-25,MIN,LAA,11,4,1.0,0.5759141445159912,0.5959,MIN,MIN,1
20250425_MIA@SEA,2025-04-25,SEA,MIA,4,8,0.0,0.5672508478164673,0.5863,SEA,MIA,0
20250425_MIL@STL,2025-04-25,STL,MIL,3,2,1.0,0.5263291597366333,0.5403,STL,STL,1
20250425_NYM@WSH,2025-04-25,WSH,NYM,5,4,1.0,0.48174321651458746,0.4688,NYM,WSH,0
20250425_PHI@CHC,2025-04-25,CHC,PHI,4,0,1.0,0.5472723245620728,0.5639,CHC,CHC,1
20250425_PIT@LAD,2025-04-25,LAD,PIT,0,3,0.0,0.6038553714752197,0.627,LAD,PIT,0
20250425_TB@SD,2025-04-25,SD,TB,0,1,0.0,0.5552160143852234,0.5728,SD,TB,0
20250425_TEX@SF,2025-04-25,SF,TEX,0,2,0.0,0.5150724053382874,0.5277,SF,TEX,0
20250425_TOR@NYY,2025-04-25,NYY,TOR,2,4,0.0,0.5585092902183533,0.5765,NYY,TOR,0
20250424_BAL@WSH,2025-04-24,WSH,BAL,1,2,0.0,0.33952528238296514,0.3057,BAL,BAL,1
20250424_COL@KC,2025-04-24,KC,COL,6,2,1.0,0.5097252726554871,0.518,KC,KC,1
20250424_COL@KC,2025-04-24,KC,COL,7,4,1.0,0.7709079384803772,0.8138,KC,KC,1
20250424_CWS@MIN,2025-04-24,MIN,CWS,0,3,0.0,0.6827408671379089,0.7193,MIN,CWS,0
20250424_MIL@SF,2025-04-24,SF,MIL,6,5,1.0,0.4013718664646148,0.3768,MIL,SF,0
20250424_PIT@LAA,2025-04-24,LAA,PIT,4,3,1.0,0.4734514951705932,0.4619,PIT,LAA,0
20250424_SEA@BOS,2025-04-24,BOS,SEA,3,4,0.0,0.5978750586509705,0.6223,BOS,SEA,0
20250424_TB@AZ,2025-04-24,AZ,TB,4,7,0.0,0.33814483880996704,0.3041,TB,TB,1
20250424_TEX@ATH,2025-04-24,ATH,TEX,4,3,1.0,0.44695347547531133,0.4304,TEX,ATH,0
20250423_BAL@WSH,2025-04-23,WSH,BAL,4,3,1.0,0.30133357644081116,0.2631,BAL,WSH,0
20250423_CIN@MIA,2025-04-23,MIA,CIN,2,5,0.0,0.2665838897228241,0.2254,CIN,CIN,1
20250423_CWS@MIN,2025-04-23,MIN,CWS,6,3,1.0,0.8367125988006592,0.8784,MIN,MIN,1
20250423_LAD@CHC,2025-04-23,CHC,LAD,7,6,1.0,0.49553740024566645,0.4882,LAD,CHC,0
20250423_MIL@SF,2025-04-23,SF,MIL,4,2,1.0,0.29885560274124146,0.2604,MIL,SF,0
20250423_NYY@CLE,2025-04-23,CLE,NYY,1,5,0.0,0.4808678030967713,0.4707,NYY,NYY,1
20250423_PHI@NYM,2025-04-23,NYM,PHI,4,3,1.0,0.7011792659759521,0.7397,NYM,NYM,1
20250423_PIT@LAA,2025-04-23,LAA,PIT,0,3,0.0,0.5196518898010254,0.5299,LAA,PIT,0
20250423_SD@DET,2025-04-23,DET,SD,6,0,1.0,0.5821408629417419,0.6039,DET,DET,1
20250423_SEA@BOS,2025-04-23,BOS,SEA,5,8,0.0,0.4468886256217956,0.4304,SEA,SEA,1
20250423_STL@ATL,2025-04-23,ATL,STL,4,1,1.0,0.6562641859054564,0.6895,ATL,ATL,1
20250423_TB@AZ,2025-04-23,AZ,TB,6,7,0.0,0.40993067622184753,0.3868,TB,TB,1
20250423_TEX@ATH,2025-04-23,ATH,TEX,5,2,1.0,0.5163909196853638,0.526,ATH,ATH,1
20250423_TOR@HOU,2025-04-23,HOU,TOR,3,1,1.0,0.5997833013534546,0.6245,HOU,HOU,1
20250422_BAL@WSH,2025-04-22,WSH,BAL,7,0,1.0,0.38268691301345825,0.3551,BAL,WSH,0
20250422_CIN@MIA,2025-04-22,MIA,CIN,4,3,1.0,0.3208390474319458,0.2847,CIN,MIA,0
20250422_COL@KC,2025-04-22,KC,COL,4,3,1.0,0.7671015858650208,0.8099,KC,KC,1
20250422_CWS@MIN,2025-04-22,MIN,CWS,4,2,1.0,0.7879032492637634,0.831,MIN,MIN,1
20250422_LAD@CHC,2025-04-22,CHC,LAD,11,10,1.0,0.5932972431182861,0.617,CHC,CHC,1
20250422_MIL@SF,2025-04-22,SF,MIL,3,11,0.0,0.3558647036552429,0.3243,MIL,MIL,1
20250422_NYY@CLE,2025-04-22,CLE,NYY,3,2,1.0,0.5326109528541565,0.5453,CLE,CLE,1
20250422_PHI@NYM,2025-04-22,NYM,PHI,5,1,1.0,0.6168366074562073,0.6444,NYM,NYM,1
20250422_PIT@LAA,2025-04-22,LAA,PIT,3,9,0.0,0.4925386011600494,0.4847,PIT,PIT,1
20250422_SD@DET,2025-04-22,DET,SD,0,2,0.0,0.4731917083263397,0.4616,SD,SD,1
20250422_SEA@BOS,2025-04-22,BOS,SEA,8,3,1.0,0.5516374111175537,0.5679,BOS,BOS,1
20250422_STL@ATL,2025-04-22,ATL,STL,4,10,0.0,0.7348749041557311,0.7761,ATL,STL,0
20250422_TB@AZ,2025-04-22,AZ,TB,5,1,1.0,0.6751081347465515,0.7108,AZ,AZ,1
20250422_TEX@ATH,2025-04-22,ATH,TEX,5,8,0.0,0.3592274785041809,0.3281,TEX,TEX,1
20250422_TOR@HOU,2025-04-22,HOU,TOR,5,1,1.0,0.45165792107582087,0.436,TOR,HOU,0
20250421_CIN@MIA,2025-04-21,MIA,CIN,6,3,1.0,0.46444085240364075,0.4512,CIN,MIA,0
20250421_CWS@BOS,2025-04-21,BOS,CWS,4,2,1.0,0.8113539814949036,0.8542,BOS,BOS,1
20250421_MIL@SF,2025-04-21,SF,MIL,5,2,1.0,0.44425088167190546,0.4272,MIL,SF,0
20250421_NYY@CLE,2025-04-21,CLE,NYY,6,4,1.0,0.6643117070198059,0.6986,CLE,CLE,1
20250421_PHI@NYM,2025-04-21,NYM,PHI,5,4,1.0,0.592048704624176,0.6155,NYM,NYM,1
20250421_SD@DET,2025-04-21,DET,SD,6,4,1.0,0.5022552609443665,0.5091,DET,DET,1
20250421_STL@ATL,2025-04-21,ATL,STL,7,6,1.0,0.7252953052520752,0.7659,ATL,ATL,1
20250421_TOR@HOU,2025-04-21,HOU,TOR,7,0,1.0,0.5716972947120667,0.5916,HOU,HOU,1
20250420_ATH@MIL,2025-04-20,MIL,ATH,14,1,1.0,0.5751645565032959,0.5957,MIL,MIL,1
20250420_AZ@CHC,2025-04-20,CHC,AZ,2,3,0.0,0.5092599391937256,0.5175,CHC,AZ,0
20250420_CIN@BAL,2025-04-20,BAL,CIN,2,24,0.0,0.7105388641357422,0.7499,BAL,CIN,0
20250420_CLE@PIT,2025-04-20,PIT,CLE,4,5,0.0,0.5232977271080017,0.5342,PIT,CLE,0
20250420_CWS@BOS,2025-04-20,BOS,CWS,4,8,0.0,0.802729606628418,0.8457,BOS,CWS,0
20250420_KC@DET,2025-04-20,DET,KC,3,4,0.0,0.7780234217643737,0.821,DET,KC,0
20250420_LAD@TEX,2025-04-20,TEX,LAD,0,1,0.0,0.5454027652740479,0.5605,TEX,LAD,0
20250420_MIA@PHI,2025-04-20,PHI,MIA,5,7,0.0,0.5787471532821655,0.5999,PHI,MIA,0
20250420_MIN@ATL,2025-04-20,ATL,MIN,6,2,1.0,0.7335283160209656,0.7747,ATL,ATL,1
20250420_NYY@TB,2025-04-20,TB,NYY,0,4,0.0,0.42651143670082087,0.4063,NYY,NYY,1
20250420_SD@HOU,2025-04-20,HOU,SD,2,3,0.0,0.3794284760951996,0.3513,SD,SD,1
20250420_SEA@TOR,2025-04-20,TOR,SEA,3,8,0.0,0.6252421140670776,0.6541,TOR,SEA,0
20250420_SF@LAA,2025-04-20,LAA,SF,5,4,1.0,0.5323030352592468,0.5449,LAA,LAA,1
20250420_STL@NYM,2025-04-20,NYM,STL,7,4,1.0,0.6446512937545777,0.6763,NYM,NYM,1
20250420_WSH@COL,2025-04-20,COL,WSH,3,1,1.0,0.5655907392501831,0.5844,COL,COL,1
20250420_WSH@COL,2025-04-20,COL,WSH,2,3,0.0,0.4681952893733978,0.4557,WSH,WSH,1
20250419_ATH@MIL,2025-04-19,MIL,ATH,1,3,0.0,0.4915778040885925,0.4835,ATH,ATH,1
20250419_AZ@CHC,2025-04-19,CHC,AZ,6,2,1.0,0.4129921793937683,0.3904,AZ,CHC,0
20250419_CIN@BAL,2025-04-19,BAL,CIN,9,5,1.0,0.5775482654571533,0.5985,BAL,BAL,1
20250419_CLE@PIT,2025-04-19,PIT,CLE,0,3,0.0,0.6101315021514893,0.6366,PIT,CLE,0
20250419_CWS@BOS,2025-04-19,BOS,CWS,4,3,1.0,0.786647379398346,0.8298,BOS,BOS,1
20250419_KC@DET,2025-04-19,DET,KC,3,1,1.0,0.5643191933631897,0.5829,DET,DET,1
20250419_LAD@TEX,2025-04-19,TEX,LAD,4,3,1.0,0.6274980306625366,0.6567,TEX,TEX,1
20250419_MIA@PHI,2025-04-19,PHI,MIA,11,10,1.0,0.7464302778244017,0.7883,PHI,PHI,1
20250419_MIN@ATL,2025-04-19,ATL,MIN,4,3,1.0,0.7803499102592468,0.8234,ATL,ATL,1
20250419_NYY@TB,2025-04-19,TB,NYY,10,8,1.0,0.6430260539054871,0.6745,TB,TB,1
20250419_SD@HOU,2025-04-19,HOU,SD,3,2,1.0,0.4688116312026977,0.4564,SD,HOU,0
20250419_SEA@TOR,2025-04-19,TOR,SEA,4,8,0.0,0.34395977854728693,0.3107,SEA,SEA,1
20250419_SF@LAA,2025-04-19,LAA,SF,2,3,0.0,0.374597042798996,0.3457,SF,SF,1
20250419_STL@NYM,2025-04-19,NYM,STL,3,0,1.0,0.6362321972846985,0.6667,NYM,NYM,1
20250419_WSH@COL,2025-04-19,COL,WSH,11,12,0.0,0.49798339605331415,0.4912,WSH,WSH,1
20250418_ATH@MIL,2025-04-18,MIL,ATH,5,3,1.0,0.5495067834854126,0.5654,MIL,MIL,1
20250418_AZ@CHC,2025-04-18,CHC,AZ,13,11,1.0,0.40576496720314026,0.3819,AZ,CHC,0
20250418_CIN@BAL,2025-04-18,BAL,CIN,3,8,0.0,0.6812366843223572,0.7176,BAL,CIN,0
20250418_CLE@PIT,2025-04-18,PIT,CLE,7,10,0.0,0.4307776987552643,0.4113,CLE,CLE,1
20250418_CWS@BOS,2025-04-18,BOS,CWS,10,3,1.0,0.7055405378341675,0.7444,BOS,BOS,1
20250418_KC@DET,2025-04-18,DET,KC,7,3,1.0,0.6154942512512207,0.6428,DET,DET,1
20250418_LAD@TEX,2025-04-18,TEX,LAD,0,3,0.0,0.6151164770126343,0.6424,TEX,LAD,0
20250418_MIA@PHI,2025-04-18,PHI,MIA,7,2,1.0,0.7520378828048706,0.7942,PHI,PHI,1
20250418_MIN@ATL,2025-04-18,ATL,MIN,6,4,1.0,0.5648525953292847,0.5835,ATL,ATL,1
20250418_NYY@TB,2025-04-18,TB,NYY,0,1,0.0,0.5589482188224792,0.5765,TB,NYY,0
20250418_SD@HOU,2025-04-18,HOU,SD,6,4,1.0,0.5861509442329407,0.6086,HOU,HOU,1
20250418_SEA@TOR,2025-04-18,TOR,SEA,3,1,1.0,0.5029640197753906,0.51,TOR,TOR,1
20250418_SF@LAA,2025-04-18,LAA,SF,2,0,1.0,0.5098203420639038,0.5182,LAA,LAA,1
20250418_STL@NYM,2025-04-18,NYM,STL,5,4,1.0,0.7531596422195433,0.7954,NYM,NYM,1
20250417_ATH@CWS,2025-04-17,CWS,ATH,0,8,0.0,0.5224417057708511,0.5323,CWS,ATH,0
20250417_AZ@MIA,2025-04-17,MIA,AZ,4,6,0.0,0.2953099966929055,0.2736,AZ,AZ,1
20250417_CLE@BAL,2025-04-17,BAL,CLE,6,2,1.0,0.5665746920926243,0.58,BAL,BAL,1
20250417_KC@DET,2025-04-17,DET,KC,6,1,1.0,0.6834112473535006,0.7043,DET,DET,1
20250417_LAA@TEX,2025-04-17,TEX,LAA,5,3,1.0,0.5748684962572237,0.589,TEX,TEX,1
20250417_NYY@TB,2025-04-17,TB,NYY,3,6,0.0,0.5545717294992537,0.5671,TB,NYY,0
20250417_SEA@CIN,2025-04-17,CIN,SEA,7,11,0.0,0.49068259127429525,0.4819,SEA,SEA,1
20250417_SF@PHI,2025-04-17,PHI,SF,6,4,1.0,0.5709598725788493,0.5847,PHI,PHI,1
20250417_STL@NYM,2025-04-17,NYM,STL,4,1,1.0,0.651985804616193,0.6712,NYM,NYM,1
20250417_WSH@PIT,2025-04-17,PIT,WSH,1,0,1.0,0.6771895025018777,0.6978,PIT,PIT,1
20250416_ATH@CWS,2025-04-16,CWS,ATH,1,3,0.0,0.39417706222233045,0.3778,ATH,ATH,1
20250416_ATL@TOR,2025-04-16,TOR,ATL,3,1,1.0,0.525236898265402,0.5354,TOR,TOR,1
20250416_AZ@MIA,2025-04-16,MIA,AZ,2,6,0.0,0.4687005149474704,0.4581,AZ,AZ,1
20250416_BOS@TB,2025-04-16,TB,BOS,0,1,0.0,0.5240045718116312,0.534,TB,BOS,0
20250416_CHC@SD,2025-04-16,SD,CHC,4,2,1.0,0.6111972804508371,0.6279,SD,SD,1
20250416_CLE@BAL,2025-04-16,BAL,CLE,9,1,1.0,0.49323080407743397,0.4847,CLE,BAL,0
20250416_COL@LAD,2025-04-16,LAD,COL,8,7,1.0,0.7292798004299026,0.7518,LAD,LAD,1
20250416_DET@MIL,2025-04-16,MIL,DET,5,1,1.0,0.5421657587180386,0.5537,MIL,MIL,1
20250416_HOU@STL,2025-04-16,STL,HOU,4,1,1.0,0.5793989546171099,0.5938,STL,STL,1
20250416_KC@NYY,2025-04-16,NYY,KC,4,3,1.0,0.5186102627494115,0.5282,NYY,NYY,1
20250416_LAA@TEX,2025-04-16,TEX,LAA,3,1,1.0,0.5508112687732292,0.563,TEX,TEX,1
20250416_NYM@MIN,2025-04-16,MIN,NYM,4,3,1.0,0.5005743017992249,0.5086,MIN,MIN,1
20250416_SEA@CIN,2025-04-16,CIN,SEA,3,5,0.0,0.5320764682983419,0.5428,CIN,SEA,0
20250416_SF@PHI,2025-04-16,PHI,SF,4,11,0.0,0.5188038509705372,0.5284,PHI,SF,0
20250416_WSH@PIT,2025-04-16,PIT,WSH,6,1,1.0,0.5292441797987467,0.5397,PIT,PIT,1
20250415_ATH@CWS,2025-04-15,CWS,ATH,3,12,0.0,0.5552772958060888,0.5678,CWS,ATH,0
20250415_ATL@TOR,2025-04-15,TOR,ATL,6,3,1.0,0.5332355154459081,0.544,TOR,TOR,1
20250415_AZ@MIA,2025-04-15,MIA,AZ,4,10,0.0,0.3918896496044653,0.3754,AZ,AZ,1
20250415_BOS@TB,2025-04-15,TB,BOS,4,7,0.0,0.5510791001754779,0.5633,TB,BOS,0
20250415_CHC@SD,2025-04-15,SD,CHC,1,2,0.0,0.5599831130627813,0.5729,SD,CHC,0
20250415_CLE@BAL,2025-04-15,BAL,CLE,3,6,0.0,0.609319299748784,0.6259,BAL,CLE,0
20250415_COL@LAD,2025-04-15,LAD,COL,6,2,1.0,0.7641522763918304,0.7873,LAD,LAD,1
20250415_DET@MIL,2025-04-15,MIL,DET,5,0,1.0,0.5193553524178498,0.529,MIL,MIL,1
20250415_HOU@STL,2025-04-15,STL,HOU,0,2,0.0,0.5368477443325703,0.5479,STL,HOU,0
20250415_KC@NYY,2025-04-15,NYY,KC,4,2,1.0,0.569868734450403,0.5836,NYY,NYY,1
20250415_LAA@TEX,2025-04-15,TEX,LAA,4,0,1.0,0.5930470617373743,0.6085,TEX,TEX,1
20250415_NYM@MIN,2025-04-15,MIN,NYM,6,3,1.0,0.5109487479921774,0.5199,MIN,MIN,1
20250415_SEA@CIN,2025-04-15,CIN,SEA,8,4,1.0,0.5522392095906453,0.5646,CIN,CIN,1
20250415_SF@PHI,2025-04-15,PHI,SF,6,4,1.0,0.5513928627290888,0.5636,PHI,PHI,1
20250415_WSH@PIT,2025-04-15,PIT,WSH,0,3,0.0,0.5302060085430406,0.5407,PIT,WSH,0
20250414_ATL@TOR,2025-04-14,TOR,ATL,4,8,0.0,0.49304923929592054,0.4845,ATL,ATL,1
20250414_BOS@TB,2025-04-14,TB,BOS,16,1,1.0,0.5816636638247845,0.5963,TB,TB,1
20250414_CHC@SD,2025-04-14,SD,CHC,10,4,1.0,0.5315874545485763,0.5422,SD,SD,1
20250414_COL@LAD,2025-04-14,LAD,COL,5,3,1.0,0.7623667246662225,0.7855,LAD,LAD,1
20250414_DET@MIL,2025-04-14,MIL,DET,1,9,0.0,0.5337127748044236,0.5445,MIL,DET,0
20250414_HOU@STL,2025-04-14,STL,HOU,8,3,1.0,0.5022089181305102,0.5104,STL,STL,1
20250414_KC@NYY,2025-04-14,NYY,KC,4,1,1.0,0.5457024116451279,0.5575,NYY,NYY,1
20250414_NYM@MIN,2025-04-14,MIN,NYM,1,5,0.0,0.46136884844281467,0.4501,NYM,NYM,1
20250414_SF@PHI,2025-04-14,PHI,SF,4,10,0.0,0.4487961848619049,0.4366,SF,SF,1
20250414_WSH@PIT,2025-04-14,PIT,WSH,10,3,1.0,0.5392100765468385,0.5505,PIT,PIT,1
20250413_ATL@TB,2025-04-13,TB,ATL,8,3,1.0,0.5208746324848897,0.5306,TB,TB,1
20250413_BOS@CWS,2025-04-13,CWS,BOS,1,3,0.0,0.4137233084256335,0.3988,BOS,BOS,1
20250413_CHC@LAD,2025-04-13,LAD,CHC,2,4,0.0,0.68096938278955,0.7017,LAD,CHC,0
20250413_COL@SD,2025-04-13,SD,COL,6,0,1.0,0.7094205648531866,0.7313,SD,SD,1
20250413_DET@MIN,2025-04-13,MIN,DET,5,1,1.0,0.5129646935197932,0.522,MIN,MIN,1
20250413_KC@CLE,2025-04-13,CLE,KC,2,4,0.0,0.5049029883506746,0.5133,CLE,KC,0
20250413_LAA@HOU,2025-04-13,HOU,LAA,7,3,1.0,0.559801077673337,0.5727,HOU,HOU,1
20250413_MIL@AZ,2025-04-13,AZ,MIL,5,2,1.0,0.44427601535677835,0.4317,MIL,AZ,0
20250413_NYM@ATH,2025-04-13,ATH,NYM,0,8,0.0,0.3567782330804325,0.338,NYM,NYM,1
20250413_PHI@STL,2025-04-13,STL,PHI,7,0,1.0,0.5433857451842395,0.555,STL,STL,1
20250413_PIT@CIN,2025-04-13,CIN,PIT,4,0,1.0,0.5865704120209916,0.6015,CIN,CIN,1
20250413_SF@NYY,2025-04-13,NYY,SF,4,5,0.0,0.513700581167843,0.5228,NYY,SF,0
20250413_TEX@SEA,2025-04-13,SEA,TEX,3,1,1.0,0.6393956287755538,0.6579,SEA,SEA,1
20250413_TOR@BAL,2025-04-13,BAL,TOR,6,7,0.0,0.5817520877756847,0.5964,BAL,TOR,0
20250413_WSH@MIA,2025-04-13,MIA,WSH,11,4,1.0,0.4471931020401628,0.4348,WSH,MIA,0
20250412_ATL@TB,2025-04-12,TB,ATL,4,5,0.0,0.5210540243013525,0.5308,TB,ATL,0
20250412_BOS@CWS,2025-04-12,CWS,BOS,3,2,1.0,0.4081844919731107,0.3928,BOS,CWS,0
20250412_CHC@LAD,2025-04-12,LAD,CHC,0,16,0.0,0.5868643712157918,0.6018,LAD,CHC,0
20250412_COL@SD,2025-04-12,SD,COL,2,0,1.0,0.6012585067991016,0.6173,SD,SD,1
20250412_DET@MIN,2025-04-12,MIN,DET,0,4,0.0,0.4424859139299178,0.4297,DET,DET,1
20250412_KC@CLE,2025-04-12,CLE,KC,6,3,1.0,0.6616020333817553,0.6814,CLE,CLE,1
20250412_LAA@HOU,2025-04-12,HOU,LAA,1,4,0.0,0.5240274055466545,0.534,HOU,LAA,0
20250412_MIL@AZ,2025-04-12,AZ,MIL,5,4,1.0,0.48871036092886827,0.4798,MIL,AZ,0
20250412_NYM@ATH,2025-04-12,ATH,NYM,3,1,1.0,0.3873064355493792,0.3705,NYM,ATH,0
20250412_PHI@STL,2025-04-12,STL,PHI,1,4,0.0,0.5194761612608967,0.5291,STL,PHI,0
20250412_PIT@CIN,2025-04-12,CIN,PIT,5,2,1.0,0.5168367270091616,0.5262,CIN,CIN,1
20250412_SF@NYY,2025-04-12,NYY,SF,8,4,1.0,0.5774215990853759,0.5917,NYY,NYY,1
20250412_TEX@SEA,2025-04-12,SEA,TEX,9,2,1.0,0.704121087110355,0.7258,SEA,SEA,1
20250412_TOR@BAL,2025-04-12,BAL,TOR,5,4,1.0,0.5868663189226374,0.6018,BAL,BAL,1
20250412_WSH@MIA,2025-04-12,MIA,WSH,7,6,1.0,0.40854397390291036,0.3932,WSH,MIA,0
20250411_ATL@TB,2025-04-11,TB,ATL,6,3,1.0,0.579815219059211,0.5943,TB,TB,1
20250411_BOS@CWS,2025-04-11,CWS,BOS,11,1,1.0,0.39367760329715246,0.3773,BOS,CWS,0
20250411_CHC@LAD,2025-04-11,LAD,CHC,3,0,1.0,0.610787650715552,0.6275,LAD,LAD,1
20250411_COL@SD,2025-04-11,SD,COL,8,0,1.0,0.6159566645817259,0.633,SD,SD,1
20250411_DET@MIN,2025-04-11,MIN,DET,6,7,0.0,0.42063969041207605,0.4062,DET,DET,1
20250411_KC@CLE,2025-04-11,CLE,KC,7,0,1.0,0.6299602820846693,0.6479,CLE,CLE,1
20250411_LAA@HOU,2025-04-11,HOU,LAA,14,3,1.0,0.48168929589454135,0.4722,LAA,HOU,0
20250411_MIL@AZ,2025-04-11,AZ,MIL,0,7,0.0,0.4972531168830808,0.489,MIL,MIL,1
20250411_NYM@ATH,2025-04-11,ATH,NYM,6,7,0.0,0.3464291367037082,0.3271,NYM,NYM,1
20250411_PHI@STL,2025-04-11,STL,PHI,2,0,1.0,0.6125889745795317,0.6294,STL,STL,1
20250411_PIT@CIN,2025-04-11,CIN,PIT,5,3,1.0,0.5601313249659384,0.5731,CIN,CIN,1
20250411_SF@NYY,2025-04-11,NYY,SF,1,9,0.0,0.5436759764642382,0.5553,NYY,SF,0
20250411_TEX@SEA,2025-04-11,SEA,TEX,5,3,1.0,0.6342197287269732,0.6524,SEA,SEA,1
20250411_WSH@MIA,2025-04-11,MIA,WSH,4,7,0.0,0.48730221115392125,0.4782,WSH,WSH,1
20250410_CWS@CLE,2025-04-10,CLE,CWS,6,1,1.0,0.5437171889366347,0.5513,CLE,CLE,1
20250410_LAA@TB,2025-04-10,TB,LAA,1,11,0.0,0.5142333366608699,0.5182,TB,LAA,0
20250410_MIL@COL,2025-04-10,COL,MIL,7,2,1.0,0.525830512031699,0.5312,COL,COL,1
20250410_MIN@KC,2025-04-10,KC,MIN,3,2,1.0,0.5453133481346122,0.5531,KC,KC,1
20250410_PHI@ATL,2025-04-10,ATL,PHI,4,2,1.0,0.5161415534249738,0.5204,ATL,ATL,1
20250410_TOR@BOS,2025-04-10,BOS,TOR,4,3,1.0,0.5192142180180768,0.5238,BOS,BOS,1
20250409_BAL@AZ,2025-04-09,AZ,BAL,9,0,1.0,0.5206067127314824,0.5254,AZ,AZ,1
20250409_CIN@SF,2025-04-09,SF,CIN,8,6,1.0,0.5267920520515829,0.5323,SF,SF,1
20250409_CWS@CLE,2025-04-09,CLE,CWS,3,2,1.0,0.5349408840454177,0.5415,CLE,CLE,1
20250409_HOU@SEA,2025-04-09,SEA,HOU,7,6,1.0,0.5153639598998596,0.5195,SEA,SEA,1
20250409_LAA@TB,2025-04-09,TB,LAA,5,4,1.0,0.5237628223962973,0.5289,TB,TB,1
20250409_LAD@WSH,2025-04-09,WSH,LAD,5,6,0.0,0.4701657140006721,0.4643,LAD,LAD,1
20250409_MIA@NYM,2025-04-09,NYM,MIA,0,5,0.0,0.5629351976988451,0.5728,NYM,MIA,0
20250409_MIL@COL,2025-04-09,COL,MIL,2,17,0.0,0.5240780866101847,0.5293,COL,MIL,0
20250409_MIN@KC,2025-04-09,KC,MIN,0,4,0.0,0.5467346703011282,0.5547,KC,MIN,0
20250409_NYY@DET,2025-04-09,DET,NYY,3,4,0.0,0.5199502693688504,0.5246,DET,NYY,0
20250409_PHI@ATL,2025-04-09,ATL,PHI,3,4,0.0,0.5174797856660982,0.5219,ATL,PHI,0
20250409_SD@ATH,2025-04-09,ATH,SD,1,2,0.0,0.5183755829602129,0.5229,ATH,SD,0
20250409_STL@PIT,2025-04-09,PIT,STL,2,1,1.0,0.5102850582307759,0.5138,PIT,PIT,1
20250409_TEX@CHC,2025-04-09,CHC,TEX,2,6,0.0,0.5235899813161649,0.5287,CHC,TEX,0
20250409_TOR@BOS,2025-04-09,BOS,TOR,1,2,0.0,0.5201345032598189,0.5248,BOS,TOR,0
20250408_BAL@AZ,2025-04-08,AZ,BAL,4,3,1.0,0.5173163731360833,0.5217,AZ,AZ,1
20250408_CIN@SF,2025-04-08,SF,CIN,0,1,0.0,0.530309018560902,0.5363,SF,CIN,0
20250408_CWS@CLE,2025-04-08,CLE,CWS,1,0,1.0,0.5346478103836364,0.5411,CLE,CLE,1
20250408_HOU@SEA,2025-04-08,SEA,HOU,1,2,0.0,0.5436344875774439,0.5512,SEA,HOU,0
20250408_LAA@TB,2025-04-08,TB,LAA,3,4,0.0,0.542271859459949,0.5497,TB,LAA,0
20250408_LAD@WSH,2025-04-08,WSH,LAD,8,2,1.0,0.49761697653741727,0.4951,LAD,WSH,0
20250408_MIA@NYM,2025-04-08,NYM,MIA,10,5,1.0,0.5592244523514082,0.5687,NYM,NYM,1
20250408_MIL@COL,2025-04-08,COL,MIL,1,7,0.0,0.5175749560215812,0.522,COL,MIL,0
20250408_MIN@KC,2025-04-08,KC,MIN,2,1,1.0,0.5421581826218965,0.5496,KC,KC,1
20250408_NYY@DET,2025-04-08,DET,NYY,5,0,1.0,0.513410413058586,0.5173,DET,DET,1
20250408_PHI@ATL,2025-04-08,ATL,PHI,7,5,1.0,0.5092589537801208,0.5126,ATL,ATL,1
20250408_SD@ATH,2025-04-08,ATH,SD,10,4,1.0,0.5113219917670618,0.5149,ATH,ATH,1
20250408_STL@PIT,2025-04-08,PIT,STL,3,5,0.0,0.5204993957905193,0.5252,PIT,STL,0
20250408_TEX@CHC,2025-04-08,CHC,TEX,10,6,1.0,0.5225758034285521,0.5276,CHC,CHC,1
20250408_TOR@BOS,2025-04-08,BOS,TOR,1,6,0.0,0.517377551490124,0.5217,BOS,TOR,0
20250407_BAL@AZ,2025-04-07,AZ,BAL,1,5,0.0,0.5257627803396316,0.5312,AZ,BAL,0
20250407_CIN@SF,2025-04-07,SF,CIN,0,2,0.0,0.5260347093074941,0.5315,SF,CIN,0
20250407_HOU@SEA,2025-04-07,SEA,HOU,4,3,1.0,0.5206637694030196,0.5254,SEA,SEA,1
20250407_LAD@WSH,2025-04-07,WSH,LAD,6,4,1.0,0.49506053339381756,0.4922,LAD,WSH,0
20250407_MIA@NYM,2025-04-07,NYM,MIA,2,0,1.0,0.5601432997373736,0.5697,NYM,NYM,1
20250407_MIN@KC,2025-04-07,KC,MIN,4,2,1.0,0.5475807164308025,0.5557,KC,KC,1
20250407_NYY@DET,2025-04-07,DET,NYY,6,2,1.0,0.5164828811384786,0.5207,DET,DET,1
20250407_SD@ATH,2025-04-07,ATH,SD,4,5,0.0,0.5122191638622209,0.5159,ATH,SD,0
20250407_STL@PIT,2025-04-07,PIT,STL,8,4,1.0,0.5155660863407687,0.5197,PIT,PIT,1
20250407_TEX@CHC,2025-04-07,CHC,TEX,7,0,1.0,0.5182159798263037,0.5227,CHC,CHC,1
20250407_TOR@BOS,2025-04-07,BOS,TOR,2,6,0.0,0.5323203674125527,0.5385,BOS,TOR,0
20250406_ATH@COL,2025-04-06,COL,ATH,12,5,1.0,0.5197686420158841,0.5244,COL,COL,1
20250406_AZ@WSH,2025-04-06,WSH,AZ,5,4,1.0,0.49023305145164287,0.4868,AZ,WSH,0
20250406_BAL@KC,2025-04-06,KC,BAL,4,1,1.0,0.5146066852950274,0.5186,KC,KC,1
20250406_CIN@MIL,2025-04-06,MIL,CIN,8,2,1.0,0.5465437189910574,0.5545,MIL,MIL,1
20250406_CLE@LAA,2025-04-06,LAA,CLE,6,2,1.0,0.5012077330985966,0.5036,LAA,LAA,1
20250406_CWS@DET,2025-04-06,DET,CWS,4,3,1.0,0.5358681842827484,0.5425,DET,DET,1
20250406_HOU@MIN,2025-04-06,MIN,HOU,7,9,0.0,0.5134007958203319,0.5173,MIN,HOU,0
20250406_LAD@PHI,2025-04-06,PHI,LAD,8,7,1.0,0.5043791837138241,0.5071,PHI,PHI,1
20250406_NYY@PIT,2025-04-06,PIT,NYY,5,4,1.0,0.5038688662738945,0.5066,PIT,PIT,1
20250406_SD@CHC,2025-04-06,CHC,SD,7,8,0.0,0.521266437583491,0.5261,CHC,SD,0
20250406_SEA@SF,2025-04-06,SF,SEA,5,4,1.0,0.5250401402233694,0.5304,SF,SF,1
20250406_STL@BOS,2025-04-06,BOS,STL,18,7,1.0,0.5196028025273508,0.5242,BOS,BOS,1
20250406_STL@BOS,2025-04-06,BOS,STL,5,4,1.0,0.5064480979378329,0.5095,BOS,BOS,1
20250406_TB@TEX,2025-04-06,TEX,TB,4,3,1.0,0.5223732762762082,0.5274,TEX,TEX,1
20250406_TOR@NYM,2025-04-06,NYM,TOR,2,1,1.0,0.5442431809094473,0.5519,NYM,NYM,1
20250405_ATH@COL,2025-04-05,COL,ATH,4,7,0.0,0.5147080325275964,0.5187,COL,ATH,0
20250405_AZ@WSH,2025-04-05,WSH,AZ,4,3,1.0,0.4936038380933132,0.4906,AZ,WSH,0
20250405_BAL@KC,2025-04-05,KC,BAL,1,8,0.0,0.5210686813816361,0.5259,KC,BAL,0
20250405_CIN@MIL,2025-04-05,MIL,CIN,7,11,0.0,0.5452023107579697,0.553,MIL,CIN,0
20250405_CLE@LAA,2025-04-05,LAA,CLE,10,4,1.0,0.5043761439022845,0.5071,LAA,LAA,1
20250405_CWS@DET,2025-04-05,DET,CWS,7,2,1.0,0.5425370794852332,0.55,DET,DET,1
20250405_HOU@MIN,2025-04-05,MIN,HOU,6,1,1.0,0.5106617656267538,0.5142,MIN,MIN,1
20250405_LAD@PHI,2025-04-05,PHI,LAD,1,3,0.0,0.5192743973506629,0.5239,PHI,LAD,0
20250405_MIA@ATL,2025-04-05,ATL,MIA,0,4,0.0,0.5188707848897003,0.5234,ATL,MIA,0
20250405_NYY@PIT,2025-04-05,PIT,NYY,4,10,0.0,0.5065636321376981,0.5096,PIT,NYY,0
20250405_SD@CHC,2025-04-05,CHC,SD,7,1,1.0,0.51386330184258,0.5178,CHC,CHC,1
20250405_SEA@SF,2025-04-05,SF,SEA,4,1,1.0,0.5194211495443862,0.524,SF,SF,1
20250405_TB@TEX,2025-04-05,TEX,TB,6,4,1.0,0.5261464046729714,0.5316,TEX,TEX,1
20250405_TOR@NYM,2025-04-05,NYM,TOR,3,2,1.0,0.5579215015931365,0.5672,NYM,NYM,1
20250404_ATH@COL,2025-04-04,COL,ATH,3,6,0.0,0.5437575557213986,0.5514,COL,ATH,0
20250404_AZ@WSH,2025-04-04,WSH,AZ,4,6,0.0,0.4902468370758131,0.4868,AZ,AZ,1
20250404_BAL@KC,2025-04-04,KC,BAL,8,2,1.0,0.5164338859406236,0.5207,KC,KC,1
20250404_CIN@MIL,2025-04-04,MIL,CIN,3,2,1.0,0.535353758074162,0.5419,MIL,MIL,1
20250404_CLE@LAA,2025-04-04,LAA,CLE,6,8,0.0,0.5037737113485934,0.5064,LAA,CLE,0
20250404_CWS@DET,2025-04-04,DET,CWS,7,4,1.0,0.538212189906658,0.5451,DET,DET,1
20250404_LAD@PHI,2025-04-04,PHI,LAD,3,2,1.0,0.5103996779910193,0.5139,PHI,PHI,1
20250404_MIA@ATL,2025-04-04,ATL,MIA,10,0,1.0,0.5161148307742225,0.5203,ATL,ATL,1
20250404_NYY@PIT,2025-04-04,PIT,NYY,4,9,0.0,0.5045049566041728,0.5073,PIT,NYY,0
20250404_SD@CHC,2025-04-04,CHC,SD,3,1,1.0,0.516612655850465,0.5209,CHC,CHC,1
20250404_SEA@SF,2025-04-04,SF,SEA,10,9,1.0,0.5214063184417458,0.5263,SF,SF,1
20250404_STL@BOS,2025-04-04,BOS,STL,13,9,1.0,0.5173086507692403,0.5217,BOS,BOS,1
20250404_TB@TEX,2025-04-04,TEX,TB,5,2,1.0,0.5220825299559985,0.527,TEX,TEX,1
20250404_TOR@NYM,2025-04-04,NYM,TOR,5,0,1.0,0.5447188963623117,0.5524,NYM,NYM,1
20250403_AZ@NYY,2025-04-03,NYY,AZ,9,7,1.0,0.41999030045585195,0.411,AZ,NYY,0
20250403_BOS@BAL,2025-04-03,BAL,BOS,4,8,0.0,0.5851590843796323,0.5947,BAL,BOS,0
20250403_CIN@MIL,2025-04-03,MIL,CIN,1,0,1.0,0.7153484374268898,0.7364,MIL,MIL,1
20250403_COL@PHI,2025-04-03,PHI,COL,3,1,1.0,0.6071532403624122,0.619,PHI,PHI,1
20250403_HOU@MIN,2025-04-03,MIN,HOU,2,5,0.0,0.43612381900814357,0.4289,HOU,HOU,1
20250402_ATL@LAD,2025-04-02,LAD,ATL,6,5,1.0,0.5534912027362725,0.5596,LAD,LAD,1
20250402_AZ@NYY,2025-04-02,NYY,AZ,3,4,0.0,0.4518937863130168,0.4464,AZ,AZ,1
20250402_BOS@BAL,2025-04-02,BAL,BOS,0,3,0.0,0.6430913411811979,0.6584,BAL,BOS,0
20250402_CHC@ATH,2025-04-02,ATH,CHC,2,10,0.0,0.4956622851391532,0.4952,CHC,CHC,1
20250402_CLE@SD,2025-04-02,SD,CLE,5,2,1.0,0.4828277259188238,0.4808,CLE,SD,0
20250402_COL@PHI,2025-04-02,PHI,COL,5,1,1.0,0.7178548539834096,0.739,PHI,PHI,1
20250402_DET@SEA,2025-04-02,SEA,DET,3,2,1.0,0.607906991233083,0.6198,SEA,SEA,1
20250402_KC@MIL,2025-04-02,MIL,KC,3,2,1.0,0.631494227464983,0.6458,MIL,MIL,1
20250402_LAA@STL,2025-04-02,STL,LAA,12,5,1.0,0.6604870896328375,0.6774,STL,STL,1
20250402_MIN@CWS,2025-04-02,CWS,MIN,1,6,0.0,0.4798111847264956,0.4775,MIN,MIN,1
20250402_NYM@MIA,2025-04-02,MIA,NYM,5,6,0.0,0.2972672723892348,0.2771,NYM,NYM,1
20250402_PIT@TB,2025-04-02,TB,PIT,2,4,0.0,0.413819439653567,0.4042,PIT,PIT,1
20250402_SF@HOU,2025-04-02,HOU,SF,3,6,0.0,0.4906832094508168,0.4896,SF,SF,1
20250402_TEX@CIN,2025-04-02,CIN,TEX,0,1,0.0,0.5370632134833645,0.5413,CIN,TEX,0
20250402_WSH@TOR,2025-04-02,TOR,WSH,4,2,1.0,0.5251071601329382,0.528,TOR,TOR,1
20250401_ATL@LAD,2025-04-01,LAD,ATL,3,1,1.0,0.5390897452367425,0.5436,LAD,LAD,1
20250401_AZ@NYY,2025-04-01,NYY,AZ,5,7,0.0,0.42323614359697553,0.4146,AZ,AZ,1
20250401_CHC@ATH,2025-04-01,ATH,CHC,4,7,0.0,0.5451537236840219,0.5503,ATH,CHC,0
20250401_CLE@SD,2025-04-01,SD,CLE,7,0,1.0,0.4667243808543625,0.4629,CLE,SD,0
20250401_DET@SEA,2025-04-01,SEA,DET,1,4,0.0,0.6326294374500299,0.647,SEA,DET,0
20250401_KC@MIL,2025-04-01,MIL,KC,5,0,1.0,0.6176520973960218,0.6306,MIL,MIL,1
20250401_LAA@STL,2025-04-01,STL,LAA,7,9,0.0,0.5237717642786089,0.5265,STL,LAA,0
20250401_MIN@CWS,2025-04-01,CWS,MIN,3,8,0.0,0.5286245041745207,0.5319,CWS,MIN,0
20250401_NYM@MIA,2025-04-01,MIA,NYM,4,2,1.0,0.41825647982772207,0.4091,NYM,MIA,0
20250401_PIT@TB,2025-04-01,TB,PIT,7,0,1.0,0.5087869382134447,0.5098,TB,TB,1
20250401_SF@HOU,2025-04-01,HOU,SF,1,3,0.0,0.46617589502623735,0.4623,SF,SF,1
20250401_TEX@CIN,2025-04-01,CIN,TEX,0,1,0.0,0.49816901687964266,0.4979,TEX,TEX,1
20250401_WSH@TOR,2025-04-01,TOR,WSH,5,3,1.0,0.5380877606284299,0.5424,TOR,TOR,1
20250331_ATL@LAD,2025-03-31,LAD,ATL,6,1,1.0,0.5365235470988069,0.5407,LAD,LAD,1
20250331_BOS@BAL,2025-03-31,BAL,BOS,8,5,1.0,0.599679123122826,0.6108,BAL,BAL,1
20250331_CHC@ATH,2025-03-31,ATH,CHC,3,18,0.0,0.37852196522073134,0.3652,CHC,CHC,1
20250331_CLE@SD,2025-03-31,SD,CLE,7,2,1.0,0.48262310603882325,0.4806,CLE,SD,0
20250331_COL@PHI,2025-03-31,PHI,COL,6,1,1.0,0.7064075958087231,0.7269,PHI,PHI,1
20250331_DET@SEA,2025-03-31,SEA,DET,6,9,0.0,0.5680473464202169,0.5757,SEA,DET,0
20250331_KC@MIL,2025-03-31,MIL,KC,1,11,0.0,0.5735588822317292,0.5819,MIL,KC,0
20250331_LAA@STL,2025-03-31,STL,LAA,4,5,0.0,0.5293242846121409,0.5327,STL,LAA,0
20250331_MIN@CWS,2025-03-31,CWS,MIN,9,0,1.0,0.5386369563665935,0.5431,CWS,CWS,1
20250331_NYM@MIA,2025-03-31,MIA,NYM,4,10,0.0,0.42969310934630434,0.4217,NYM,NYM,1
20250331_PIT@TB,2025-03-31,TB,PIT,6,1,1.0,0.5460782761652967,0.5513,TB,TB,1
20250331_SF@HOU,2025-03-31,HOU,SF,2,7,0.0,0.49725250595702547,0.4969,SF,SF,1
20250331_TEX@CIN,2025-03-31,CIN,TEX,14,3,1.0,0.4666719755235747,0.4629,TEX,CIN,0
20250331_WSH@TOR,2025-03-31,TOR,WSH,5,2,1.0,0.534773676447405,0.5388,TOR,TOR,1
20250330_ATH@SEA,2025-03-30,SEA,ATH,2,1,1.0,0.6693500952593798,0.687,SEA,SEA,1
20250330_ATL@SD,2025-03-30,SD,ATL,5,0,1.0,0.5475120445968782,0.5529,SD,SD,1
20250330_BAL@TOR,2025-03-30,TOR,BAL,3,1,1.0,0.45688151309384045,0.452,BAL,TOR,0
20250330_BOS@TEX,2025-03-30,TEX,BOS,3,2,1.0,0.5869413862116817,0.5967,TEX,TEX,1
20250330_CHC@AZ,2025-03-30,AZ,CHC,10,6,1.0,0.5031175729415681,0.5035,AZ,AZ,1
20250330_CLE@KC,2025-03-30,KC,CLE,2,6,0.0,0.4748744399948483,0.472,CLE,CLE,1
20250330_COL@TB,2025-03-30,TB,COL,6,4,1.0,0.5802245822531591,0.5893,TB,TB,1
20250330_LAA@CWS,2025-03-30,CWS,LAA,2,3,0.0,0.5194267405385462,0.5217,CWS,LAA,0
20250330_MIL@NYY,2025-03-30,NYY,MIL,12,3,1.0,0.4591427845259066,0.4545,MIL,NYY,0
20250330_MIN@STL,2025-03-30,STL,MIN,9,2,1.0,0.5879007676007642,0.5977,STL,STL,1
20250330_PHI@WSH,2025-03-30,WSH,PHI,5,1,1.0,0.5267206812770239,0.5298,WSH,WSH,1
20250330_PIT@MIA,2025-03-30,MIA,PIT,3,2,1.0,0.47637628689460215,0.4737,PIT,MIA,0
20250330_SF@CIN,2025-03-30,CIN,SF,3,6,0.0,0.4767750595957086,0.4741,SF,SF,1
20250329_ATH@SEA,2025-03-29,SEA,ATH,2,4,0.0,0.6258322136514103,0.6396,SEA,ATH,0
20250329_ATL@SD,2025-03-29,SD,ATL,1,0,1.0,0.5478414183076841,0.5533,SD,SD,1
20250329_BAL@TOR,2025-03-29,TOR,BAL,5,9,0.0,0.3951823302558178,0.3836,BAL,BAL,1
20250329_BOS@TEX,2025-03-29,TEX,BOS,4,3,1.0,0.5068888339804248,0.5077,TEX,TEX,1
20250329_CHC@AZ,2025-03-29,AZ,CHC,3,4,0.0,0.4792886421453582,0.4769,CHC,CHC,1
20250329_CLE@KC,2025-03-29,KC,CLE,4,3,1.0,0.38955788788697865,0.3774,CLE,KC,0
20250329_COL@TB,2025-03-29,TB,COL,1,2,0.0,0.6415180124466378,0.6567,TB,COL,0
20250329_DET@LAD,2025-03-29,LAD,DET,7,3,1.0,0.6256442139352273,0.6393,LAD,LAD,1
20250329_LAA@CWS,2025-03-29,CWS,LAA,0,1,0.0,0.5963788247379133,0.6071,CWS,LAA,0
20250329_MIL@NYY,2025-03-29,NYY,MIL,20,9,1.0,0.524377211968314,0.5272,NYY,NYY,1
20250329_MIN@STL,2025-03-29,STL,MIN,5,1,1.0,0.6132558110660443,0.6257,STL,STL,1
20250329_NYM@HOU,2025-03-29,HOU,NYM,2,1,1.0,0.421096884595189,0.4122,NYM,HOU,0
20250329_PHI@WSH,2025-03-29,WSH,PHI,6,11,0.0,0.5055596793026814,0.5062,WSH,PHI,0
20250329_PIT@MIA,2025-03-29,MIA,PIT,5,4,1.0,0.45826152919315455,0.4535,PIT,MIA,0
20250329_SF@CIN,2025-03-29,CIN,SF,3,2,1.0,0.4708644985534893,0.4675,SF,CIN,0
20250328_ATH@SEA,2025-03-28,SEA,ATH,0,7,0.0,0.6553874937491742,0.6719,SEA,ATH,0
20250328_ATL@SD,2025-03-28,SD,ATL,4,3,1.0,0.5673978436778003,0.575,SD,SD,1
20250328_BAL@TOR,2025-03-28,TOR,BAL,8,2,1.0,0.4924026228052647,0.4915,BAL,TOR,0
20250328_BOS@TEX,2025-03-28,TEX,BOS,4,1,1.0,0.5287970211076963,0.5321,TEX,TEX,1
20250328_CHC@AZ,2025-03-28,AZ,CHC,8,1,1.0,0.5323527582276806,0.5361,AZ,AZ,1
20250328_COL@TB,2025-03-28,TB,COL,3,2,1.0,0.6363626089126668,0.6511,TB,TB,1
20250328_DET@LAD,2025-03-28,LAD,DET,8,5,1.0,0.6133584616238085,0.6258,LAD,LAD,1
20250328_NYM@HOU,2025-03-28,HOU,NYM,1,3,0.0,0.4642539232651399,0.4602,NYM,NYM,1
20250328_PIT@MIA,2025-03-28,MIA,PIT,3,4,0.0,0.4492699792123917,0.4435,PIT,PIT,1
20240929_ATH@SEA,2024-09-29,SEA,ATH,6,4,1.0,0.5563907802990306,0.5634,SEA,SEA,1
20240929_BAL@MIN,2024-09-29,MIN,BAL,2,6,0.0,0.4660039761251827,0.462,BAL,BAL,1
20240929_CIN@CHC,2024-09-29,CHC,CIN,0,3,0.0,0.4829690894273425,0.4813,CIN,CIN,1
20240929_CWS@DET,2024-09-29,DET,CWS,5,9,0.0,0.5883159058774109,0.5995,DET,CWS,0
20240929_KC@ATL,2024-09-29,ATL,KC,2,4,0.0,0.5409893421894498,0.5459,ATL,KC,0
20240929_LAD@COL,2024-09-29,COL,LAD,1,2,0.0,0.5050243532258962,0.505,COL,LAD,0
20240929_MIA@TOR,2024-09-29,TOR,MIA,1,3,0.0,0.5726065907648679,0.5817,TOR,MIA,0
20240929_NYM@MIL,2024-09-29,MIL,NYM,0,5,0.0,0.5350002358071082,0.5391,MIL,NYM,0
20240929_PHI@WSH,2024-09-29,WSH,PHI,3,6,0.0,0.49448438030423664,0.4944,PHI,PHI,1
20240929_PIT@NYY,2024-09-29,NYY,PIT,6,4,1.0,0.5397429013216308,0.5445,NYY,NYY,1
20240929_SD@AZ,2024-09-29,AZ,SD,11,2,1.0,0.5291866635644855,0.5325,AZ,AZ,1
20240929_STL@SF,2024-09-29,SF,STL,1,6,0.0,0.5079113675608743,0.5083,SF,STL,0
20240929_TB@BOS,2024-09-29,BOS,TB,3,1,1.0,0.528678940125497,0.5319,BOS,BOS,1
20240929_TEX@LAA,2024-09-29,LAA,TEX,0,8,0.0,0.49466224157458405,0.4946,TEX,TEX,1
20240928_ATH@SEA,2024-09-28,SEA,ATH,7,6,1.0,0.5540312490276941,0.5607,SEA,SEA,1
20240928_BAL@MIN,2024-09-28,MIN,BAL,2,9,0.0,0.461016979581394,0.4564,BAL,BAL,1
20240928_CIN@CHC,2024-09-28,CHC,CIN,3,0,1.0,0.49825177024113654,0.4987,CIN,CHC,0
20240928_CWS@DET,2024-09-28,DET,CWS,0,4,0.0,0.5882834018901972,0.5994,DET,CWS,0
20240928_HOU@CLE,2024-09-28,CLE,HOU,3,4,0.0,0.511617769111336,0.5125,CLE,HOU,0
20240928_KC@ATL,2024-09-28,ATL,KC,2,1,1.0,0.5423912200196419,0.5475,ATL,ATL,1
20240928_LAD@COL,2024-09-28,COL,LAD,2,13,0.0,0.5157490166628131,0.5172,COL,LAD,0
20240928_MIA@TOR,2024-09-28,TOR,MIA,1,8,0.0,0.5638279077936782,0.5718,TOR,MIA,0
20240928_NYM@MIL,2024-09-28,MIL,NYM,6,0,1.0,0.5216109884465941,0.5239,MIL,MIL,1
20240928_PHI@WSH,2024-09-28,WSH,PHI,6,3,1.0,0.5062864442966138,0.5065,WSH,WSH,1
20240928_PIT@NYY,2024-09-28,NYY,PIT,4,9,0.0,0.527407983066544,0.5305,NYY,PIT,0
20240928_SD@AZ,2024-09-28,AZ,SD,0,5,0.0,0.5235228886424848,0.5261,AZ,SD,0
20240928_STL@SF,2024-09-28,SF,STL,6,5,1.0,0.508234114868404,0.5087,SF,SF,1
20240928_TB@BOS,2024-09-28,BOS,TB,2,7,0.0,0.518385154733371,0.5202,BOS,TB,0
20240928_TEX@LAA,2024-09-28,LAA,TEX,8,9,0.0,0.47714502262178154,0.4747,TEX,TEX,1
20240927_ATH@SEA,2024-09-27,SEA,ATH,2,0,1.0,0.5401182105928741,0.5449,SEA,SEA,1
20240927_BAL@MIN,2024-09-27,MIN,BAL,2,7,0.0,0.49277683303302383,0.4925,BAL,BAL,1
20240927_CIN@CHC,2024-09-27,CHC,CIN,1,0,1.0,0.5420460667901392,0.5471,CHC,CHC,1
20240927_CWS@DET,2024-09-27,DET,CWS,4,1,1.0,0.5923735407558817,0.604,DET,DET,1
20240927_HOU@CLE,2024-09-27,CLE,HOU,2,5,0.0,0.5222013932353988,0.5246,CLE,HOU,0
20240927_KC@ATL,2024-09-27,ATL,KC,3,0,1.0,0.532080737878108,0.5358,ATL,ATL,1
20240927_LAD@COL,2024-09-27,COL,LAD,4,11,0.0,0.523676344886582,0.5262,COL,LAD,0
20240927_MIA@TOR,2024-09-27,TOR,MIA,5,15,0.0,0.5615784177640738,0.5693,TOR,MIA,0
20240927_NYM@MIL,2024-09-27,MIL,NYM,8,4,1.0,0.5186396559664677,0.5205,MIL,MIL,1
20240927_PHI@WSH,2024-09-27,WSH,PHI,9,1,1.0,0.509845472883264,0.5105,WSH,WSH,1
20240927_PIT@NYY,2024-09-27,NYY,PIT,2,4,0.0,0.5441208355389823,0.5495,NYY,PIT,0
20240927_SD@AZ,2024-09-27,AZ,SD,3,5,0.0,0.5084499303588758,0.5089,AZ,SD,0
20240927_STL@SF,2024-09-27,SF,STL,3,6,0.0,0.5126281845904413,0.5137,SF,STL,0
20240927_TB@BOS,2024-09-27,BOS,TB,1,2,0.0,0.550913582128976,0.5572,BOS,TB,0
20240927_TEX@LAA,2024-09-27,LAA,TEX,2,5,0.0,0.47399448497811814,0.4711,TEX,TEX,1
20240926_BAL@NYY,2024-09-26,NYY,BAL,10,1,1.0,0.524239981743954,0.5269,NYY,NYY,1
20240926_KC@WSH,2024-09-26,WSH,KC,4,7,0.0,0.5087862724383262,0.5093,WSH,KC,0
20240926_LAA@CWS,2024-09-26,CWS,LAA,7,0,1.0,0.4960508282757287,0.4962,LAA,CWS,0
20240926_MIA@MIN,2024-09-26,MIN,MIA,6,8,0.0,0.5946287040225754,0.6066,MIN,MIA,0
20240926_MIL@PIT,2024-09-26,PIT,MIL,2,5,0.0,0.5096709594948993,0.5103,PIT,MIL,0
20240926_SD@LAD,2024-09-26,LAD,SD,7,2,1.0,0.5212558745484881,0.5235,LAD,LAD,1
20240926_STL@COL,2024-09-26,COL,STL,10,8,1.0,0.5157347391431153,0.5172,COL,COL,1
20240926_TB@DET,2024-09-26,DET,TB,4,3,1.0,0.5588326197695285,0.5661,DET,DET,1
20240926_TEX@ATH,2024-09-26,ATH,TEX,3,2,1.0,0.5204027817608682,0.5225,ATH,ATH,1
20240925_BAL@NYY,2024-09-25,NYY,BAL,7,9,0.0,0.5223919689457205,0.5248,NYY,BAL,0
20240925_BOS@TOR,2024-09-25,TOR,BOS,6,1,1.0,0.5124481145680804,0.5135,TOR,TOR,1
20240925_CHC@PHI,2024-09-25,PHI,CHC,9,6,1.0,0.5551774347322506,0.562,PHI,PHI,1
20240925_CIN@CLE,2024-09-25,CLE,CIN,5,2,1.0,0.5320462932670323,0.5357,CLE,CLE,1
20240925_KC@WSH,2024-09-25,WSH,KC,0,3,0.0,0.5123687562831201,0.5134,WSH,KC,0
20240925_LAA@CWS,2024-09-25,CWS,LAA,4,3,1.0,0.4980375258063453,0.4985,LAA,CWS,0
20240925_MIA@MIN,2024-09-25,MIN,MIA,8,3,1.0,0.5616674934086449,0.5694,MIN,MIN,1
20240925_MIL@PIT,2024-09-25,PIT,MIL,2,1,1.0,0.5098812588000274,0.5105,PIT,PIT,1
20240925_SD@LAD,2024-09-25,LAD,SD,4,3,1.0,0.4968039241035421,0.4971,SD,LAD,0
20240925_SEA@HOU,2024-09-25,HOU,SEA,1,8,0.0,0.5320754323519343,0.5358,HOU,SEA,0
20240925_SF@AZ,2024-09-25,AZ,SF,8,2,1.0,0.5535245862393613,0.5601,AZ,AZ,1
20240925_STL@COL,2024-09-25,COL,STL,2,5,0.0,0.47298202231218395,0.47,STL,STL,1
20240925_TB@DET,2024-09-25,DET,TB,7,1,1.0,0.530293545565233,0.5338,DET,DET,1
20240925_TEX@ATH,2024-09-25,ATH,TEX,1,5,0.0,0.5262046161193599,0.5291,ATH,TEX,0
20240924_BAL@NYY,2024-09-24,NYY,BAL,3,5,0.0,0.5258982130682013,0.5288,NYY,BAL,0
20240924_BOS@TOR,2024-09-24,TOR,BOS,5,6,0.0,0.505694647357082,0.5058,TOR,BOS,0
20240924_CHC@PHI,2024-09-24,PHI,CHC,4,10,0.0,0.5292205890119935,0.5325,PHI,CHC,0
20240924_CIN@CLE,2024-09-24,CLE,CIN,6,1,1.0,0.5304860961887289,0.534,CLE,CLE,1
20240924_KC@WSH,2024-09-24,WSH,KC,0,1,0.0,0.4950291856580394,0.495,KC,KC,1
20240924_LAA@CWS,2024-09-24,CWS,LAA,3,2,1.0,0.4948033368351709,0.4948,LAA,CWS,0
20240924_MIA@MIN,2024-09-24,MIN,MIA,1,4,0.0,0.5916788116341037,0.6033,MIN,MIA,0
20240924_MIL@PIT,2024-09-24,PIT,MIL,2,7,0.0,0.4938219023711683,0.4937,MIL,MIL,1
20240924_NYM@ATL,2024-09-24,ATL,NYM,5,1,1.0,0.5148237383576392,0.5162,ATL,ATL,1
20240924_SD@LAD,2024-09-24,LAD,SD,2,4,0.0,0.5227177106182629,0.5251,LAD,SD,0
20240924_SEA@HOU,2024-09-24,HOU,SEA,4,3,1.0,0.5248310861631201,0.5275,HOU,HOU,1
20240924_SF@AZ,2024-09-24,AZ,SF,0,11,0.0,0.5530557684317993,0.5596,AZ,SF,0
20240924_STL@COL,2024-09-24,COL,STL,3,7,0.0,0.48680005068296633,0.4857,STL,STL,1
20240924_TB@DET,2024-09-24,DET,TB,2,1,1.0,0.5304595002064473,0.5339,DET,DET,1
20240924_TEX@ATH,2024-09-24,ATH,TEX,5,4,1.0,0.520414913839187,0.5225,ATH,ATH,1
20240923_BOS@TOR,2024-09-23,TOR,BOS,1,4,0.0,0.520502899008548,0.5226,TOR,BOS,0
20240923_CHC@PHI,2024-09-23,PHI,CHC,6,2,1.0,0.5300084085699368,0.5334,PHI,PHI,1
20240923_SEA@HOU,2024-09-23,HOU,SEA,1,6,0.0,0.5342161190745954,0.5382,HOU,SEA,0
20240923_SF@AZ,2024-09-23,AZ,SF,3,6,0.0,0.561243605922984,0.5689,AZ,SF,0
20240922_ATL@MIA,2024-09-22,MIA,ATL,4,5,0.0,0.42958127260435786,0.4203,ATL,ATL,1
20240922_AZ@MIL,2024-09-22,MIL,AZ,10,9,1.0,0.4986070254631033,0.4965,AZ,MIL,0
20240922_CLE@STL,2024-09-22,STL,CLE,2,1,1.0,0.45274543939269496,0.4458,CLE,STL,0
20240922_COL@LAD,2024-09-22,LAD,COL,6,5,1.0,0.6950795764902674,0.7149,LAD,LAD,1
20240922_CWS@SD,2024-09-22,SD,CWS,4,2,1.0,0.6820824881750349,0.701,SD,SD,1
20240922_DET@BAL,2024-09-22,BAL,DET,3,4,0.0,0.5450092878500833,0.5517,BAL,DET,0
20240922_LAA@HOU,2024-09-22,HOU,LAA,8,9,0.0,0.6432080074902509,0.6592,HOU,LAA,0
20240922_MIN@BOS,2024-09-22,BOS,MIN,9,3,1.0,0.4005298448712593,0.3885,MIN,BOS,0
20240922_MIN@BOS,2024-09-22,BOS,MIN,8,1,1.0,0.45119600466726845,0.4441,MIN,BOS,0
20240922_NYY@ATH,2024-09-22,ATH,NYY,4,7,0.0,0.49410580591130215,0.4915,NYY,NYY,1
20240922_PHI@NYM,2024-09-22,NYM,PHI,2,1,1.0,0.48667151547361703,0.4833,PHI,NYM,0
20240922_PIT@CIN,2024-09-22,CIN,PIT,0,2,0.0,0.5126286218260913,0.5159,CIN,PIT,0
20240922_SEA@TEX,2024-09-22,TEX,SEA,6,5,1.0,0.5428822410150412,0.5493,TEX,TEX,1
20240922_SF@KC,2024-09-22,KC,SF,0,2,0.0,0.5416404078582976,0.548,KC,SF,0
20240922_TOR@TB,2024-09-22,TB,TOR,4,3,1.0,0.42249981211200616,0.4125,TOR,TB,0
20240922_WSH@CHC,2024-09-22,CHC,WSH,5,0,1.0,0.6684246968566024,0.6864,CHC,CHC,1
20240921_ATL@MIA,2024-09-21,MIA,ATL,2,6,0.0,0.4380985868933109,0.4297,ATL,ATL,1
20240921_AZ@MIL,2024-09-21,MIL,AZ,0,5,0.0,0.5020269161738912,0.5042,MIL,AZ,0
20240921_CLE@STL,2024-09-21,STL,CLE,6,5,1.0,0.4881233446585378,0.4849,CLE,STL,0
20240921_COL@LAD,2024-09-21,LAD,COL,3,6,0.0,0.6813431928974285,0.7002,LAD,COL,0
20240921_CWS@SD,2024-09-21,SD,CWS,6,2,1.0,0.7264857746674218,0.7481,SD,SD,1
20240921_DET@BAL,2024-09-21,BAL,DET,4,6,0.0,0.5244703215863991,0.529,BAL,DET,0
20240921_LAA@HOU,2024-09-21,HOU,LAA,10,4,1.0,0.6811125478075878,0.7,HOU,HOU,1
20240921_NYY@ATH,2024-09-21,ATH,NYY,0,10,0.0,0.447187288096095,0.4397,NYY,NYY,1
20240921_PHI@NYM,2024-09-21,NYM,PHI,6,3,1.0,0.5052049613443469,0.5077,NYM,NYM,1
20240921_PIT@CIN,2024-09-21,CIN,PIT,7,1,1.0,0.489480714585222,0.4864,PIT,CIN,0
20240921_SEA@TEX,2024-09-21,TEX,SEA,4,8,0.0,0.5177724193645172,0.5216,TEX,SEA,0
20240921_SF@KC,2024-09-21,KC,SF,0,9,0.0,0.5699484882143453,0.5792,KC,SF,0
20240921_TOR@TB,2024-09-21,TB,TOR,3,2,1.0,0.44769828675881573,0.4403,TOR,TB,0
20240921_WSH@CHC,2024-09-21,CHC,WSH,1,5,0.0,0.5278376250021666,0.5327,CHC,WSH,0
20240920_ATL@MIA,2024-09-20,MIA,ATL,4,3,1.0,0.42990159064283595,0.4207,ATL,MIA,0
20240920_AZ@MIL,2024-09-20,MIL,AZ,4,7,0.0,0.4954861591446944,0.4931,AZ,AZ,1
20240920_CLE@STL,2024-09-20,STL,CLE,1,5,0.0,0.49645443312105486,0.4941,CLE,CLE,1
20240920_COL@LAD,2024-09-20,LAD,COL,6,4,1.0,0.7269054284099633,0.7485,LAD,LAD,1
20240920_CWS@SD,2024-09-20,SD,CWS,3,2,1.0,0.652525146823116,0.6693,SD,SD,1
20240920_DET@BAL,2024-09-20,BAL,DET,7,1,1.0,0.5609142049637535,0.5692,BAL,BAL,1
20240920_LAA@HOU,2024-09-20,HOU,LAA,9,7,1.0,0.6826325723267628,0.7016,HOU,HOU,1
20240920_MIN@BOS,2024-09-20,BOS,MIN,2,4,0.0,0.4756052664009932,0.4711,MIN,MIN,1
20240920_NYY@ATH,2024-09-20,ATH,NYY,2,4,0.0,0.47418910560900834,0.4695,NYY,NYY,1
20240920_PHI@NYM,2024-09-20,NYM,PHI,2,12,0.0,0.5311852174701007,0.5364,NYM,PHI,0
20240920_PIT@CIN,2024-09-20,CIN,PIT,8,3,1.0,0.5407206815466248,0.5469,CIN,CIN,1
20240920_SEA@TEX,2024-09-20,TEX,SEA,2,8,0.0,0.49867899117913167,0.4966,SEA,SEA,1
20240920_SF@KC,2024-09-20,KC,SF,1,2,0.0,0.6420109588927234,0.6579,KC,SF,0
20240920_TOR@TB,2024-09-20,TB,TOR,1,0,1.0,0.4964435419131092,0.4941,TOR,TB,0
20240920_WSH@CHC,2024-09-20,CHC,WSH,3,1,1.0,0.6233252546977285,0.6376,CHC,CHC,1
20240919_ATL@CIN,2024-09-19,CIN,ATL,3,15,0.0,0.34634874093534945,0.3295,ATL,ATL,1
20240919_AZ@MIL,2024-09-19,MIL,AZ,1,5,0.0,0.49460878969795846,0.4921,AZ,AZ,1
20240919_BOS@TB,2024-09-19,TB,BOS,2,0,1.0,0.4621760081735527,0.4562,BOS,TB,0
20240919_LAA@HOU,2024-09-19,HOU,LAA,3,1,1.0,0.671628738668294,0.6898,HOU,HOU,1
20240919_LAD@MIA,2024-09-19,MIA,LAD,4,20,0.0,0.410050284954037,0.3989,LAD,LAD,1
20240919_MIN@CLE,2024-09-19,CLE,MIN,3,2,1.0,0.5008390085111296,0.5029,CLE,CLE,1
20240919_NYY@SEA,2024-09-19,SEA,NYY,3,2,1.0,0.4792129872201979,0.4751,NYY,SEA,0
20240919_PHI@NYM,2024-09-19,NYM,PHI,10,6,1.0,0.5354430007348402,0.5411,NYM,NYM,1
20240919_PIT@STL,2024-09-19,STL,PIT,2,3,0.0,0.5387842057070732,0.5448,STL,PIT,0
20240919_SF@BAL,2024-09-19,BAL,SF,5,3,1.0,0.61432376329968,0.6278,BAL,BAL,1
20240919_TOR@TEX,2024-09-19,TEX,TOR,0,4,0.0,0.6316945801134153,0.6467,TEX,TOR,0
20240919_WSH@CHC,2024-09-19,CHC,WSH,7,6,1.0,0.6521964761335967,0.6689,CHC,CHC,1
20240918_ATH@CHC,2024-09-18,CHC,ATH,3,5,0.0,0.5720307379568228,0.5814,CHC,ATH,0
20240918_ATL@CIN,2024-09-18,CIN,ATL,1,7,0.0,0.45382006831713484,0.447,ATL,ATL,1
20240918_AZ@COL,2024-09-18,COL,AZ,4,9,0.0,0.4961653502435081,0.4938,AZ,AZ,1
20240918_BOS@TB,2024-09-18,TB,BOS,1,2,0.0,0.48030010589339955,0.4763,BOS,BOS,1
20240918_CWS@LAA,2024-09-18,LAA,CWS,4,3,1.0,0.6475412431761594,0.6639,LAA,LAA,1
20240918_DET@KC,2024-09-18,KC,DET,2,4,0.0,0.4789124512483465,0.4747,DET,DET,1
20240918_HOU@SD,2024-09-18,SD,HOU,4,0,1.0,0.48695590533865907,0.4836,HOU,SD,0
20240918_LAD@MIA,2024-09-18,MIA,LAD,4,8,0.0,0.45014377459979926,0.443,LAD,LAD,1
20240918_MIN@CLE,2024-09-18,CLE,MIN,5,4,1.0,0.5478067110033197,0.5548,CLE,CLE,1
20240918_NYY@SEA,2024-09-18,SEA,NYY,1,2,0.0,0.5285444006186093,0.5335,SEA,NYY,0
20240918_PHI@MIL,2024-09-18,MIL,PHI,2,1,1.0,0.5551561874967657,0.5629,MIL,MIL,1
20240918_PIT@STL,2024-09-18,STL,PIT,10,5,1.0,0.6151480536725775,0.6287,STL,STL,1
20240918_SF@BAL,2024-09-18,BAL,SF,3,5,0.0,0.6116584966383474,0.6249,BAL,SF,0
20240918_TOR@TEX,2024-09-18,TEX,TOR,2,0,1.0,0.5493626562410053,0.5565,TEX,TEX,1
20240918_WSH@NYM,2024-09-18,NYM,WSH,10,0,1.0,0.6060587753512746,0.6188,NYM,NYM,1
20240917_ATH@CHC,2024-09-17,CHC,ATH,3,4,0.0,0.5560484252454269,0.5639,CHC,ATH,0
20240917_ATL@CIN,2024-09-17,CIN,ATL,6,5,1.0,0.5164447259158218,0.5201,CIN,CIN,1
20240917_AZ@COL,2024-09-17,COL,AZ,8,2,1.0,0.5328984413675135,0.5383,COL,COL,1
20240917_BOS@TB,2024-09-17,TB,BOS,8,3,1.0,0.4419990632872286,0.434,BOS,TB,0
20240917_CWS@LAA,2024-09-17,LAA,CWS,5,0,1.0,0.644135789241771,0.6602,LAA,LAA,1
20240917_DET@KC,2024-09-17,KC,DET,1,3,0.0,0.5734296009654577,0.583,KC,DET,0
20240917_HOU@SD,2024-09-17,SD,HOU,3,4,0.0,0.4387219820581056,0.4304,HOU,HOU,1
20240917_LAD@MIA,2024-09-17,MIA,LAD,11,9,1.0,0.38498056794593316,0.3715,LAD,MIA,0
20240917_MIN@CLE,2024-09-17,CLE,MIN,1,4,0.0,0.4060532131268984,0.3945,MIN,MIN,1
20240917_NYY@SEA,2024-09-17,SEA,NYY,2,11,0.0,0.46539771367133925,0.4598,NYY,NYY,1
20240917_PHI@MIL,2024-09-17,MIL,PHI,1,5,0.0,0.4786724251844398,0.4745,PHI,PHI,1
20240917_PIT@STL,2024-09-17,STL,PIT,3,1,1.0,0.5388897073199528,0.5449,STL,STL,1
20240917_SF@BAL,2024-09-17,BAL,SF,0,10,0.0,0.5893678655406265,0.6005,BAL,SF,0
20240917_TOR@TEX,2024-09-17,TEX,TOR,13,8,1.0,0.48254482877548877,0.4787,TOR,TEX,0
20240917_WSH@NYM,2024-09-17,NYM,WSH,10,1,1.0,0.6089303458424268,0.6219,NYM,NYM,1
20240916_ATH@CHC,2024-09-16,CHC,ATH,9,2,1.0,0.6069004850927185,0.6197,CHC,CHC,1
20240916_AZ@COL,2024-09-16,COL,AZ,3,2,1.0,0.43470682877218275,0.426,AZ,COL,0
20240916_CWS@LAA,2024-09-16,LAA,CWS,4,8,0.0,0.687410796809076,0.7067,LAA,CWS,0
20240916_DET@KC,2024-09-16,KC,DET,6,7,0.0,0.5729867504554377,0.5825,KC,DET,0
20240916_HOU@SD,2024-09-16,SD,HOU,3,1,1.0,0.5118718448632751,0.5151,SD,SD,1
20240916_LAD@ATL,2024-09-16,ATL,LAD,0,9,0.0,0.4354237470275197,0.4268,LAD,LAD,1
20240916_MIN@CLE,2024-09-16,CLE,MIN,4,3,1.0,0.4435491891262999,0.4357,MIN,CLE,0
20240916_PHI@MIL,2024-09-16,MIL,PHI,6,2,1.0,0.49191126123516793,0.4891,PHI,MIL,0
20240916_PIT@STL,2024-09-16,STL,PIT,4,0,1.0,0.4975838376808499,0.4954,PIT,STL,0
20240916_WSH@NYM,2024-09-16,NYM,WSH,2,1,1.0,0.5833966970775104,0.5939,NYM,NYM,1
20240915_ATH@CWS,2024-09-15,CWS,ATH,4,3,1.0,0.4232206300512994,0.4164,ATH,CWS,0
20240915_BAL@DET,2024-09-15,DET,BAL,4,2,1.0,0.4663957227302637,0.4651,BAL,DET,0
20240915_BOS@NYY,2024-09-15,NYY,BOS,5,2,1.0,0.5371796505541193,0.5389,NYY,NYY,1
20240915_CHC@COL,2024-09-15,COL,CHC,2,6,0.0,0.5252204047968385,0.5254,COL,CHC,0
20240915_CIN@MIN,2024-09-15,MIN,CIN,9,2,1.0,0.44008215197768086,0.4354,CIN,MIN,0
20240915_HOU@LAA,2024-09-15,LAA,HOU,4,6,0.0,0.406790665808291,0.3979,HOU,HOU,1
20240915_KC@PIT,2024-09-15,PIT,KC,4,3,1.0,0.49770981617527604,0.5,KC,PIT,0
20240915_LAD@ATL,2024-09-15,ATL,LAD,2,9,0.0,0.4793886688286915,0.4798,LAD,LAD,1
20240915_MIA@WSH,2024-09-15,WSH,MIA,4,3,1.0,0.5746135900113397,0.5812,WSH,WSH,1
20240915_MIL@AZ,2024-09-15,AZ,MIL,11,10,1.0,0.5394556340791292,0.5415,AZ,AZ,1
20240915_NYM@PHI,2024-09-15,PHI,NYM,2,1,1.0,0.5882253803829443,0.5965,PHI,PHI,1
20240915_SD@SF,2024-09-15,SF,SD,3,4,0.0,0.49351037248839313,0.4958,SD,SD,1
20240915_STL@TOR,2024-09-15,TOR,STL,3,2,1.0,0.4979876638382614,0.5,STL,TOR,0
20240915_TB@CLE,2024-09-15,CLE,TB,2,0,1.0,0.5399163778179076,0.542,CLE,CLE,1
20240915_TEX@SEA,2024-09-15,SEA,TEX,7,0,1.0,0.6086631487981798,0.6194,SEA,SEA,1
20240914_ATH@CWS,2024-09-14,CWS,ATH,7,6,1.0,0.3258186026707282,0.3079,ATH,CWS,0
20240914_BAL@DET,2024-09-14,DET,BAL,2,4,0.0,0.5005995234070515,0.5,DET,BAL,0
20240914_BOS@NYY,2024-09-14,NYY,BOS,1,7,0.0,0.5892984700257914,0.5977,NYY,BOS,0
20240914_CHC@COL,2024-09-14,COL,CHC,6,5,1.0,0.5040855560628351,0.5015,COL,COL,1
20240914_CIN@MIN,2024-09-14,MIN,CIN,1,11,0.0,0.5449474038850902,0.5477,MIN,CIN,0
20240914_HOU@LAA,2024-09-14,LAA,HOU,3,5,0.0,0.43571810075875395,0.4305,HOU,HOU,1
20240914_KC@PIT,2024-09-14,PIT,KC,1,5,0.0,0.46306605414383956,0.4614,KC,KC,1
20240914_LAD@ATL,2024-09-14,ATL,LAD,10,1,1.0,0.47649602719753636,0.4766,LAD,ATL,0
20240914_MIA@WSH,2024-09-14,WSH,MIA,4,1,1.0,0.5458404391168076,0.5487,WSH,WSH,1
20240914_MIL@AZ,2024-09-14,AZ,MIL,8,15,0.0,0.47242977698509625,0.472,MIL,MIL,1
20240914_NYM@PHI,2024-09-14,PHI,NYM,6,4,1.0,0.5134476153293889,0.5121,PHI,PHI,1
20240914_SD@SF,2024-09-14,SF,SD,0,8,0.0,0.4409260981016045,0.4364,SD,SD,1
20240914_STL@TOR,2024-09-14,TOR,STL,7,2,1.0,0.5098289748283908,0.508,TOR,TOR,1
20240914_TB@CLE,2024-09-14,CLE,TB,6,1,1.0,0.5369270773231221,0.5386,CLE,CLE,1
20240914_TEX@SEA,2024-09-14,SEA,TEX,5,4,1.0,0.5687102077537247,0.5745,SEA,SEA,1
20240913_ATH@CWS,2024-09-13,CWS,ATH,0,2,0.0,0.34999791624266136,0.3346,ATH,ATH,1
20240913_BAL@DET,2024-09-13,DET,BAL,1,0,1.0,0.565952576897493,0.5714,DET,DET,1
20240913_BOS@NYY,2024-09-13,NYY,BOS,5,4,1.0,0.6006204652243811,0.6104,NYY,NYY,1
20240913_CHC@COL,2024-09-13,COL,CHC,9,5,1.0,0.527245761755134,0.5277,COL,COL,1
20240913_CIN@MIN,2024-09-13,MIN,CIN,4,8,0.0,0.5609694578908787,0.5658,MIN,CIN,0
20240913_HOU@LAA,2024-09-13,LAA,HOU,3,5,0.0,0.45301992005160796,0.45,HOU,HOU,1
20240913_KC@PIT,2024-09-13,PIT,KC,3,8,0.0,0.497998849715058,0.5,KC,KC,1
20240913_LAD@ATL,2024-09-13,ATL,LAD,6,2,1.0,0.52466774819292,0.5248,ATL,ATL,1
20240913_MIA@WSH,2024-09-13,WSH,MIA,4,1,1.0,0.5650642803304619,0.5704,WSH,WSH,1
20240913_MIL@AZ,2024-09-13,AZ,MIL,1,2,0.0,0.4263877460510424,0.42,MIL,MIL,1
20240913_NYM@PHI,2024-09-13,PHI,NYM,3,11,0.0,0.5526177424172347,0.5564,PHI,NYM,0
20240913_SD@SF,2024-09-13,SF,SD,0,5,0.0,0.46060871236008705,0.4586,SD,SD,1
20240913_STL@TOR,2024-09-13,TOR,STL,4,3,1.0,0.5325454604504997,0.5337,TOR,TOR,1
20240913_TB@CLE,2024-09-13,CLE,TB,1,3,0.0,0.5478495277373152,0.551,CLE,TB,0
20240913_TEX@SEA,2024-09-13,SEA,TEX,5,4,1.0,0.5822863350302449,0.5898,SEA,SEA,1
20240912_ATH@HOU,2024-09-12,HOU,ATH,6,3,1.0,0.5994555956320543,0.6091,HOU,HOU,1
20240912_BOS@NYY,2024-09-12,NYY,BOS,2,1,1.0,0.5982946381615049,0.6078,NYY,NYY,1
20240912_CIN@STL,2024-09-12,STL,CIN,6,1,1.0,0.5377609272520285,0.5396,STL,STL,1
20240912_COL@DET,2024-09-12,DET,COL,2,4,0.0,0.6649973506527156,0.682,DET,COL,0
20240912_MIA@WSH,2024-09-12,WSH,MIA,3,6,0.0,0.5526657633864334,0.5564,WSH,MIA,0
20240912_MIL@SF,2024-09-12,SF,MIL,0,3,0.0,0.48906675231317775,0.4908,MIL,MIL,1
20240912_TB@CLE,2024-09-12,CLE,TB,2,5,0.0,0.5086462310666761,0.5066,CLE,TB,0
20240912_TEX@SEA,2024-09-12,SEA,TEX,4,5,0.0,0.6045397709968517,0.6148,SEA,TEX,0
20240911_ATH@HOU,2024-09-11,HOU,ATH,4,5,0.0,0.5868798599398203,0.595,HOU,ATH,0
20240911_ATL@WSH,2024-09-11,WSH,ATL,5,1,1.0,0.45923687086382137,0.457,ATL,WSH,0
20240911_BAL@BOS,2024-09-11,BOS,BAL,5,3,1.0,0.42735753403685967,0.4211,BAL,BOS,0
20240911_CHC@LAD,2024-09-11,LAD,CHC,10,8,1.0,0.6239069993054235,0.6364,LAD,LAD,1
20240911_CIN@STL,2024-09-11,STL,CIN,2,1,1.0,0.504348378405639,0.5018,STL,STL,1
20240911_CLE@CWS,2024-09-11,CWS,CLE,4,6,0.0,0.35386417671181214,0.3388,CLE,CLE,1
20240911_COL@DET,2024-09-11,DET,COL,7,4,1.0,0.5880466091483134,0.5963,DET,DET,1
20240911_KC@NYY,2024-09-11,NYY,KC,4,3,1.0,0.48147220047882616,0.4822,KC,NYY,0
20240911_LAA@MIN,2024-09-11,MIN,LAA,6,4,1.0,0.5711813550110734,0.5773,MIN,MIN,1
20240911_MIA@PIT,2024-09-11,PIT,MIA,3,1,1.0,0.525802999031542,0.526,PIT,PIT,1
20240911_MIL@SF,2024-09-11,SF,MIL,13,2,1.0,0.4686724678979411,0.4677,MIL,SF,0
20240911_NYM@TOR,2024-09-11,TOR,NYM,2,6,0.0,0.5291674009757507,0.5298,TOR,NYM,0
20240911_SD@SEA,2024-09-11,SEA,SD,5,2,1.0,0.5151925599872246,0.514,SEA,SEA,1
20240911_TB@PHI,2024-09-11,PHI,TB,3,2,1.0,0.5872642064020467,0.5954,PHI,PHI,1
20240911_TEX@AZ,2024-09-11,AZ,TEX,14,4,1.0,0.5936387935780008,0.6026,AZ,AZ,1
20240910_ATH@HOU,2024-09-10,HOU,ATH,3,4,0.0,0.673045445503052,0.6908,HOU,ATH,0
20240910_ATL@WSH,2024-09-10,WSH,ATL,0,12,0.0,0.4580264588647092,0.4557,ATL,ATL,1
20240910_BAL@BOS,2024-09-10,BOS,BAL,3,5,0.0,0.46605249710109514,0.4647,BAL,BAL,1
20240910_CHC@LAD,2024-09-10,LAD,CHC,3,6,0.0,0.6223160085020124,0.6347,LAD,CHC,0
20240910_CIN@STL,2024-09-10,STL,CIN,0,3,0.0,0.4764979988407144,0.4766,CIN,CIN,1
20240910_CLE@CWS,2024-09-10,CWS,CLE,0,5,0.0,0.4232724649347175,0.4165,CLE,CLE,1
20240910_COL@DET,2024-09-10,DET,COL,11,0,1.0,0.652690488046984,0.6684,DET,DET,1
20240910_KC@NYY,2024-09-10,NYY,KC,0,5,0.0,0.46556176677841105,0.4642,KC,KC,1
20240910_LAA@MIN,2024-09-10,MIN,LAA,10,5,1.0,0.6341753388381312,0.6479,MIN,MIN,1
20240910_MIA@PIT,2024-09-10,PIT,MIA,6,4,1.0,0.5442834906538444,0.5469,PIT,PIT,1
20240910_MIL@SF,2024-09-10,SF,MIL,2,3,0.0,0.5246228496103316,0.5247,SF,MIL,0
20240910_NYM@TOR,2024-09-10,TOR,NYM,6,2,1.0,0.5135725935516783,0.5122,TOR,TOR,1
20240910_SD@SEA,2024-09-10,SEA,SD,3,7,0.0,0.525036949724616,0.5252,SEA,SD,0
20240910_TB@PHI,2024-09-10,PHI,TB,9,4,1.0,0.5668079086617855,0.5724,PHI,PHI,1
20240910_TEX@AZ,2024-09-10,AZ,TEX,6,0,1.0,0.6048670041210401,0.6152,AZ,AZ,1
20240909_BAL@BOS,2024-09-09,BOS,BAL,12,3,1.0,0.4909760606962929,0.4929,BAL,BOS,0
20240909_CHC@LAD,2024-09-09,LAD,CHC,4,10,0.0,0.6379224778224322,0.652,LAD,CHC,0
20240909_CIN@ATL,2024-09-09,ATL,CIN,0,1,0.0,0.5457876832526429,0.5486,ATL,CIN,0
20240909_CLE@CWS,2024-09-09,CWS,CLE,3,5,0.0,0.31985218972029544,0.3014,CLE,CLE,1
20240909_KC@NYY,2024-09-09,NYY,KC,10,4,1.0,0.5564079140299867,0.5606,NYY,NYY,1
20240909_LAA@MIN,2024-09-09,MIN,LAA,2,6,0.0,0.5830851739525444,0.5907,MIN,LAA,0
20240909_MIA@PIT,2024-09-09,PIT,MIA,3,2,1.0,0.5383802292755483,0.5403,PIT,PIT,1
20240909_NYM@TOR,2024-09-09,TOR,NYM,2,3,0.0,0.5318028358842398,0.5328,TOR,NYM,0
20240909_TB@PHI,2024-09-09,PHI,TB,2,1,1.0,0.5947223032127853,0.6038,PHI,PHI,1
20240908_AZ@HOU,2024-09-08,HOU,AZ,6,12,0.0,0.5039315832207646,0.5,HOU,AZ,0
20240908_CIN@NYM,2024-09-08,NYM,CIN,1,3,0.0,0.5431752491106244,0.5443,NYM,CIN,0
20240908_CLE@LAD,2024-09-08,LAD,CLE,4,0,1.0,0.5152039905236163,0.5123,LAD,LAD,1
20240908_COL@MIL,2024-09-08,MIL,COL,1,4,0.0,0.556241818026611,0.5592,MIL,COL,0
20240908_CWS@BOS,2024-09-08,BOS,CWS,2,7,0.0,0.5485770903917209,0.5504,BOS,CWS,0
20240908_DET@ATH,2024-09-08,ATH,DET,1,9,0.0,0.5156629301557506,0.5128,ATH,DET,0
20240908_LAA@TEX,2024-09-08,TEX,LAA,7,4,1.0,0.5412741357797652,0.5421,TEX,TEX,1
20240908_MIN@KC,2024-09-08,KC,MIN,2,0,1.0,0.5143845434723422,0.5113,KC,KC,1
20240908_NYY@CHC,2024-09-08,CHC,NYY,2,1,1.0,0.4999810091943866,0.5,NYY,CHC,0
20240908_PHI@MIA,2024-09-08,MIA,PHI,10,1,1.0,0.48240779800635536,0.485,PHI,MIA,0
20240908_SEA@STL,2024-09-08,STL,SEA,4,10,0.0,0.5116645585713968,0.5082,STL,SEA,0
20240908_SF@SD,2024-09-08,SD,SF,6,7,0.0,0.5421597361793666,0.5431,SD,SF,0
20240908_TB@BAL,2024-09-08,BAL,TB,0,2,0.0,0.5339283928654353,0.5337,BAL,TB,0
20240908_TOR@ATL,2024-09-08,ATL,TOR,4,3,1.0,0.5439264352289221,0.5451,ATL,ATL,1
20240908_WSH@PIT,2024-09-08,PIT,WSH,7,3,1.0,0.5106409086466235,0.507,PIT,PIT,1
20240907_AZ@HOU,2024-09-07,HOU,AZ,11,5,1.0,0.508835996981041,0.505,HOU,HOU,1
20240907_CIN@NYM,2024-09-07,NYM,CIN,4,0,1.0,0.5427564044768012,0.5438,NYM,NYM,1
20240907_CLE@LAD,2024-09-07,LAD,CLE,7,2,1.0,0.515455128229676,0.5125,LAD,LAD,1
20240907_COL@MIL,2024-09-07,MIL,COL,5,2,1.0,0.5554281160572764,0.5583,MIL,MIL,1
20240907_CWS@BOS,2024-09-07,BOS,CWS,7,5,1.0,0.54353749889291,0.5447,BOS,BOS,1
20240907_DET@ATH,2024-09-07,ATH,DET,1,2,0.0,0.5110483399437338,0.5075,ATH,DET,0
20240907_LAA@TEX,2024-09-07,TEX,LAA,6,4,1.0,0.5388678423455638,0.5393,TEX,TEX,1
20240907_MIN@KC,2024-09-07,KC,MIN,4,2,1.0,0.5142425659125143,0.5112,KC,KC,1
20240907_NYY@CHC,2024-09-07,CHC,NYY,0,2,0.0,0.5014121716561594,0.5,CHC,NYY,0
20240907_PHI@MIA,2024-09-07,MIA,PHI,9,5,1.0,0.5040227314657668,0.5,MIA,MIA,1
20240907_SEA@STL,2024-09-07,STL,SEA,2,0,1.0,0.5081443351754604,0.5042,STL,STL,1
20240907_SF@SD,2024-09-07,SD,SF,3,6,0.0,0.5518499522001017,0.5542,SD,SF,0
20240907_TB@BAL,2024-09-07,BAL,TB,1,7,0.0,0.5385692170568909,0.539,BAL,TB,0
20240907_TOR@ATL,2024-09-07,ATL,TOR,5,9,0.0,0.5212695474914912,0.5192,ATL,TOR,0
20240907_WSH@PIT,2024-09-07,PIT,WSH,6,8,0.0,0.5076848725980152,0.5037,PIT,WSH,0
20240907_WSH@PIT,2024-09-07,PIT,WSH,3,5,0.0,0.5117455183957325,0.5083,PIT,WSH,0
20240906_AZ@HOU,2024-09-06,HOU,AZ,8,0,1.0,0.5067847917554111,0.5026,HOU,HOU,1
20240906_CIN@NYM,2024-09-06,NYM,CIN,6,4,1.0,0.5402433092872231,0.5409,NYM,NYM,1
20240906_CLE@LAD,2024-09-06,LAD,CLE,1,3,0.0,0.5181936487739925,0.5157,LAD,CLE,0
20240906_COL@MIL,2024-09-06,MIL,COL,2,3,0.0,0.5360831478712347,0.5361,MIL,COL,0
20240906_CWS@BOS,2024-09-06,BOS,CWS,3,1,1.0,0.5481644441866975,0.55,BOS,BOS,1
20240906_DET@ATH,2024-09-06,ATH,DET,7,6,1.0,0.5145923195834794,0.5116,ATH,ATH,1
20240906_LAA@TEX,2024-09-06,TEX,LAA,1,5,0.0,0.5455747953961466,0.547,TEX,LAA,0
20240906_MIN@KC,2024-09-06,KC,MIN,5,0,1.0,0.5274389397382642,0.5263,KC,KC,1
20240906_NYY@CHC,2024-09-06,CHC,NYY,0,3,0.0,0.5052734777756993,0.5009,CHC,NYY,0
20240906_PHI@MIA,2024-09-06,MIA,PHI,2,16,0.0,0.48015877530190393,0.4824,PHI,PHI,1
20240906_SEA@STL,2024-09-06,STL,SEA,1,6,0.0,0.4987007699423741,0.5,SEA,SEA,1
20240906_SF@SD,2024-09-06,SD,SF,5,1,1.0,0.5425425158770582,0.5435,SD,SD,1
20240906_TB@BAL,2024-09-06,BAL,TB,2,0,1.0,0.5317286200400232,0.5312,BAL,BAL,1
20240906_TOR@ATL,2024-09-06,ATL,TOR,3,1,1.0,0.5198329364653467,0.5176,ATL,ATL,1
20240905_AZ@SF,2024-09-05,SF,AZ,3,2,1.0,0.5438981886018835,0.5451,SF,SF,1
20240905_COL@ATL,2024-09-05,ATL,COL,1,3,0.0,0.5422737801595044,0.5432,ATL,COL,0
20240905_DET@SD,2024-09-05,SD,DET,3,4,0.0,0.5304333636829538,0.5297,SD,DET,0
20240905_HOU@CIN,2024-09-05,CIN,HOU,1,0,1.0,0.48545900189765767,0.4885,HOU,CIN,0
20240905_LAA@TEX,2024-09-05,TEX,LAA,3,1,1.0,0.5398626891904144,0.5405,TEX,TEX,1
20240905_MIN@TB,2024-09-05,TB,MIN,3,4,0.0,0.48980974596196125,0.4935,MIN,MIN,1
20240905_PHI@MIA,2024-09-05,MIA,PHI,2,5,0.0,0.4859087725711674,0.489,PHI,PHI,1
20240905_SEA@ATH,2024-09-05,ATH,SEA,4,6,0.0,0.5171729399701923,0.5145,ATH,SEA,0
20240905_WSH@PIT,2024-09-05,PIT,WSH,9,4,1.0,0.5118859853272234,0.5085,PIT,PIT,1
20240904_AZ@SF,2024-09-04,SF,AZ,4,6,0.0,0.5088489820236853,0.505,SF,AZ,0
20240904_BOS@NYM,2024-09-04,NYM,BOS,8,3,1.0,0.5004829316139938,0.5,NYM,NYM,1
20240904_CLE@KC,2024-09-04,KC,CLE,4,1,1.0,0.5264832636195982,0.5252,KC,KC,1
20240904_COL@ATL,2024-09-04,ATL,COL,5,2,1.0,0.5553899176129,0.5582,ATL,ATL,1
20240904_CWS@BAL,2024-09-04,BAL,CWS,1,8,0.0,0.5682011981440483,0.5728,BAL,CWS,0
20240904_DET@SD,2024-09-04,SD,DET,6,5,1.0,0.5322618682999137,0.5318,SD,SD,1
20240904_HOU@CIN,2024-09-04,CIN,HOU,12,5,1.0,0.5096906895417272,0.506,CIN,CIN,1
20240904_LAD@LAA,2024-09-04,LAA,LAD,10,1,1.0,0.4875654587376233,0.4909,LAD,LAA,0
20240904_MIN@TB,2024-09-04,TB,MIN,9,4,1.0,0.5074025815771438,0.5033,TB,TB,1
20240904_NYY@TEX,2024-09-04,TEX,NYY,10,6,1.0,0.5128952702726128,0.5096,TEX,TEX,1
20240904_PHI@TOR,2024-09-04,TOR,PHI,2,4,0.0,0.5171535547079879,0.5145,TOR,PHI,0
20240904_PIT@CHC,2024-09-04,CHC,PIT,12,0,1.0,0.5504376164926189,0.5526,CHC,CHC,1
20240904_SEA@ATH,2024-09-04,ATH,SEA,3,16,0.0,0.5259746955682325,0.5246,ATH,SEA,0
20240904_STL@MIL,2024-09-04,MIL,STL,2,3,0.0,0.5291004571945293,0.5282,MIL,STL,0
20240904_WSH@MIA,2024-09-04,MIA,WSH,4,3,1.0,0.49236988598689874,0.4964,WSH,MIA,0
20240903_AZ@SF,2024-09-03,SF,AZ,7,8,0.0,0.5112231587799421,0.5077,SF,AZ,0
20240903_BOS@NYM,2024-09-03,NYM,BOS,7,2,1.0,0.5085221452745733,0.5046,NYM,NYM,1
20240903_CLE@KC,2024-09-03,KC,CLE,1,7,0.0,0.524125073001634,0.5225,KC,CLE,0
20240903_COL@ATL,2024-09-03,ATL,COL,3,0,1.0,0.5572717564842812,0.5604,ATL,ATL,1
20240903_CWS@BAL,2024-09-03,BAL,CWS,9,0,1.0,0.5674511470201699,0.572,BAL,BAL,1
20240903_LAD@LAA,2024-09-03,LAA,LAD,2,6,0.0,0.4796666109855369,0.4819,LAD,LAD,1
20240903_MIN@TB,2024-09-03,TB,MIN,2,1,1.0,0.5176267218473404,0.515,TB,TB,1
20240903_NYY@TEX,2024-09-03,TEX,NYY,7,4,1.0,0.5081859232805758,0.5042,TEX,TEX,1
20240903_PHI@TOR,2024-09-03,TOR,PHI,9,10,0.0,0.5101392032982031,0.5065,TOR,PHI,0
20240903_PIT@CHC,2024-09-03,CHC,PIT,0,5,0.0,0.5342092617746634,0.534,CHC,PIT,0
20240903_SEA@ATH,2024-09-03,ATH,SEA,3,2,1.0,0.5237146159708571,0.522,ATH,ATH,1
20240903_STL@MIL,2024-09-03,MIL,STL,4,7,0.0,0.5162981867584072,0.5135,MIL,STL,0
20240903_WSH@MIA,2024-09-03,MIA,WSH,2,6,0.0,0.4916078669848202,0.4955,WSH,WSH,1
20240902_BOS@NYM,2024-09-02,NYM,BOS,4,1,1.0,0.5027752850621402,0.5,NYM,NYM,1
20240902_CLE@KC,2024-09-02,KC,CLE,2,4,0.0,0.5131069098058002,0.5099,KC,CLE,0
20240902_CWS@BAL,2024-09-02,BAL,CWS,13,3,1.0,0.5640225420135568,0.5681,BAL,BAL,1
20240902_DET@SD,2024-09-02,SD,DET,3,0,1.0,0.5376996462752744,0.538,SD,SD,1
20240902_HOU@CIN,2024-09-02,CIN,HOU,5,3,1.0,0.514650117851974,0.5116,CIN,CIN,1
20240902_LAD@AZ,2024-09-02,AZ,LAD,6,11,0.0,0.5126654673214625,0.5094,AZ,LAD,0
20240902_MIN@TB,2024-09-02,TB,MIN,4,5,0.0,0.5143990004633967,0.5113,TB,MIN,0
20240902_NYY@TEX,2024-09-02,TEX,NYY,4,8,0.0,0.503592996828203,0.5,TEX,NYY,0
20240902_PIT@CHC,2024-09-02,CHC,PIT,3,5,0.0,0.5469897301328163,0.5486,CHC,PIT,0
20240902_SEA@ATH,2024-09-02,ATH,SEA,5,4,1.0,0.520326296765223,0.5181,ATH,ATH,1
20240902_STL@MIL,2024-09-02,MIL,STL,9,3,1.0,0.5132852650637134,0.5101,MIL,MIL,1
20240901_ATH@TEX,2024-09-01,TEX,ATH,6,4,1.0,0.5468480953259578,0.5509,TEX,TEX,1
20240901_ATL@PHI,2024-09-01,PHI,ATL,3,2,1.0,0.46863928080406,0.4657,ATL,PHI,0
20240901_BAL@COL,2024-09-01,COL,BAL,1,6,0.0,0.47945679825602744,0.4773,BAL,BAL,1
20240901_BOS@DET,2024-09-01,DET,BOS,4,1,1.0,0.4020590574086575,0.3945,BOS,DET,0
20240901_CHC@WSH,2024-09-01,WSH,CHC,1,14,0.0,0.5231338193762529,0.5254,WSH,CHC,0
20240901_KC@HOU,2024-09-01,HOU,KC,7,2,1.0,0.4951531871855406,0.4942,KC,HOU,0
20240901_LAD@AZ,2024-09-01,AZ,LAD,14,3,1.0,0.543548024561337,0.5473,AZ,AZ,1
20240901_MIA@SF,2024-09-01,SF,MIA,5,7,0.0,0.6028899984557531,0.6108,SF,MIA,0
20240901_MIL@CIN,2024-09-01,CIN,MIL,4,3,1.0,0.42845647232870965,0.4227,MIL,CIN,0
20240901_NYM@CWS,2024-09-01,CWS,NYM,0,2,0.0,0.3313682889801137,0.3195,NYM,NYM,1
20240901_PIT@CLE,2024-09-01,CLE,PIT,6,1,1.0,0.613700436578902,0.6223,CLE,CLE,1
20240901_SD@TB,2024-09-01,TB,SD,3,4,0.0,0.35540237360911675,0.3449,SD,SD,1
20240901_SEA@LAA,2024-09-01,LAA,SEA,3,2,1.0,0.5579584227247029,0.5628,LAA,LAA,1
20240901_STL@NYY,2024-09-01,NYY,STL,7,14,0.0,0.5346653348053887,0.5378,NYY,STL,0
20240901_TOR@MIN,2024-09-01,MIN,TOR,4,3,1.0,0.5789853877946548,0.5853,MIN,MIN,1
20240831_ATH@TEX,2024-08-31,TEX,ATH,3,2,1.0,0.5252236178560513,0.5277,TEX,TEX,1
20240831_ATL@PHI,2024-08-31,PHI,ATL,3,0,1.0,0.5742666668925036,0.5802,PHI,PHI,1
20240831_BAL@COL,2024-08-31,COL,BAL,7,5,1.0,0.5735137758033222,0.5794,COL,COL,1
20240831_BOS@DET,2024-08-31,DET,BOS,2,1,1.0,0.33257086732620694,0.3207,BOS,DET,0
20240831_CHC@WSH,2024-08-31,WSH,CHC,3,5,0.0,0.6476744766976983,0.6584,WSH,CHC,0
20240831_KC@HOU,2024-08-31,HOU,KC,5,2,1.0,0.4747253261575461,0.4723,KC,HOU,0
20240831_LAD@AZ,2024-08-31,AZ,LAD,6,8,0.0,0.6058558939210014,0.614,AZ,LAD,0
20240831_MIA@SF,2024-08-31,SF,MIA,3,4,0.0,0.43887436598333535,0.4338,MIA,MIA,1
20240831_MIL@CIN,2024-08-31,CIN,MIL,4,5,0.0,0.5339561943910884,0.537,CIN,MIL,0
20240831_NYM@CWS,2024-08-31,CWS,NYM,3,5,0.0,0.3237388486688674,0.3114,NYM,NYM,1
20240831_PIT@CLE,2024-08-31,CLE,PIT,0,3,0.0,0.5173669516068944,0.5192,CLE,PIT,0
20240831_SD@TB,2024-08-31,TB,SD,11,4,1.0,0.4175718048182039,0.411,SD,TB,0
20240831_SEA@LAA,2024-08-31,LAA,SEA,5,4,1.0,0.4468947898118204,0.4424,SEA,LAA,0
20240831_STL@NYY,2024-08-31,NYY,STL,5,6,0.0,0.47567284453243325,0.4733,STL,STL,1
20240831_TOR@MIN,2024-08-31,MIN,TOR,0,15,0.0,0.5818276459023818,0.5883,MIN,TOR,0
20240830_ATH@TEX,2024-08-30,TEX,ATH,2,9,0.0,0.5276596684888212,0.5303,TEX,ATH,0
20240830_ATL@PHI,2024-08-30,PHI,ATL,2,7,0.0,0.39511748828375454,0.3871,ATL,ATL,1
20240830_BAL@COL,2024-08-30,COL,BAL,3,5,0.0,0.5169943009331199,0.5188,COL,BAL,0
20240830_BOS@DET,2024-08-30,DET,BOS,5,7,0.0,0.37348112836162556,0.364,BOS,BOS,1
20240830_CHC@WSH,2024-08-30,WSH,CHC,6,7,0.0,0.5727042615081551,0.5786,WSH,CHC,0
20240830_KC@HOU,2024-08-30,HOU,KC,3,2,1.0,0.5518246427968483,0.5562,HOU,HOU,1
20240830_LAD@AZ,2024-08-30,AZ,LAD,9,10,0.0,0.49675682145955624,0.4959,LAD,LAD,1
20240830_MIA@SF,2024-08-30,SF,MIA,3,1,1.0,0.7011832412379542,0.7147,SF,SF,1
20240830_MIL@CIN,2024-08-30,CIN,MIL,4,5,0.0,0.5112576991154085,0.5127,CIN,MIL,0
20240830_MIL@CIN,2024-08-30,CIN,MIL,0,14,0.0,0.38031254147283683,0.3713,MIL,MIL,1
20240830_NYM@CWS,2024-08-30,CWS,NYM,1,5,0.0,0.27614414035597284,0.2617,NYM,NYM,1
20240830_PIT@CLE,2024-08-30,CLE,PIT,10,8,1.0,0.5831697047525852,0.5898,CLE,CLE,1
20240830_SD@TB,2024-08-30,TB,SD,5,13,0.0,0.3555634340359453,0.345,SD,SD,1
20240830_SEA@LAA,2024-08-30,LAA,SEA,5,9,0.0,0.5035616381945358,0.5044,LAA,SEA,0
20240830_STL@NYY,2024-08-30,NYY,STL,6,3,1.0,0.5230329758414062,0.5253,NYY,NYY,1
20240830_TOR@MIN,2024-08-30,MIN,TOR,2,0,1.0,0.5129725406372525,0.5145,MIN,MIN,1
20240829_ATH@CIN,2024-08-29,CIN,ATH,10,9,1.0,0.4750476341663783,0.4726,ATH,CIN,0
20240829_ATL@PHI,2024-08-29,PHI,ATL,5,4,1.0,0.49273645884385403,0.4916,ATL,PHI,0
20240829_BAL@LAD,2024-08-29,LAD,BAL,6,3,1.0,0.515156570305232,0.5169,LAD,LAD,1
20240829_KC@HOU,2024-08-29,HOU,KC,6,3,1.0,0.5606806895318651,0.5657,HOU,HOU,1
20240829_LAA@DET,2024-08-29,DET,LAA,0,3,0.0,0.512228946981214,0.5137,DET,LAA,0
20240829_MIA@COL,2024-08-29,COL,MIA,8,12,0.0,0.5946050316890735,0.602,COL,MIA,0
20240829_NYM@AZ,2024-08-29,AZ,NYM,2,3,0.0,0.5087085161889372,0.5099,AZ,NYM,0
20240829_SD@STL,2024-08-29,STL,SD,4,1,1.0,0.4756044391796707,0.4732,SD,STL,0
20240829_SF@MIL,2024-08-29,MIL,SF,6,0,1.0,0.6063783172120952,0.6145,MIL,MIL,1
20240829_TEX@CWS,2024-08-29,CWS,TEX,1,2,0.0,0.4048127656681736,0.3974,TEX,TEX,1
20240829_TOR@BOS,2024-08-29,BOS,TOR,0,2,0.0,0.4498489780377414,0.4456,TOR,TOR,1
20240828_ATH@CIN,2024-08-28,CIN,ATH,6,9,0.0,0.5342124154731035,0.5373,CIN,ATH,0
20240828_ATL@MIN,2024-08-28,MIN,ATL,1,5,0.0,0.5109881600994672,0.5124,MIN,ATL,0
20240828_BAL@LAD,2024-08-28,LAD,BAL,6,4,1.0,0.4878293631016566,0.4863,BAL,LAD,0
20240828_CHC@PIT,2024-08-28,PIT,CHC,10,14,0.0,0.6460697780901372,0.6567,PIT,CHC,0
20240828_HOU@PHI,2024-08-28,PHI,HOU,0,10,0.0,0.5261415985325528,0.5287,PHI,HOU,0
20240828_KC@CLE,2024-08-28,CLE,KC,7,5,1.0,0.5230226518757914,0.5253,CLE,CLE,1
20240828_LAA@DET,2024-08-28,DET,LAA,3,2,1.0,0.5225206033192763,0.5248,DET,DET,1
20240828_MIA@COL,2024-08-28,COL,MIA,8,2,1.0,0.557426506039075,0.5622,COL,COL,1
20240828_NYM@AZ,2024-08-28,AZ,NYM,8,5,1.0,0.5613906843057405,0.5665,AZ,AZ,1
20240828_NYY@WSH,2024-08-28,WSH,NYY,5,2,1.0,0.5040232205743403,0.5049,WSH,WSH,1
20240828_SD@STL,2024-08-28,STL,SD,4,3,1.0,0.3912031007433535,0.3829,SD,STL,0
20240828_SF@MIL,2024-08-28,MIL,SF,5,3,1.0,0.6741279933425184,0.6863,MIL,MIL,1
20240828_TB@SEA,2024-08-28,SEA,TB,6,2,1.0,0.5179931855796813,0.5199,SEA,SEA,1
20240828_TEX@CWS,2024-08-28,CWS,TEX,3,4,0.0,0.3852517438958007,0.3766,TEX,TEX,1
20240828_TOR@BOS,2024-08-28,BOS,TOR,3,0,1.0,0.5177586384808904,0.5197,BOS,BOS,1
20240827_ATH@CIN,2024-08-27,CIN,ATH,4,5,0.0,0.5260392933944893,0.5285,CIN,ATH,0
20240827_ATL@MIN,2024-08-27,MIN,ATL,6,8,0.0,0.43393238308036985,0.4285,ATL,ATL,1
20240827_BAL@LAD,2024-08-27,LAD,BAL,2,3,0.0,0.628391441643655,0.638,LAD,BAL,0
20240827_CHC@PIT,2024-08-27,PIT,CHC,5,9,0.0,0.5483255511123946,0.5525,PIT,CHC,0
20240827_HOU@PHI,2024-08-27,PHI,HOU,5,0,1.0,0.5186888412839417,0.5207,PHI,PHI,1
20240827_KC@CLE,2024-08-27,CLE,KC,1,6,0.0,0.42001261924883104,0.4136,KC,KC,1
20240827_LAA@DET,2024-08-27,DET,LAA,6,2,1.0,0.7693151991290005,0.7851,DET,DET,1
20240827_MIA@COL,2024-08-27,COL,MIA,8,9,0.0,0.5756809495434232,0.5818,COL,MIA,0
20240827_NYM@AZ,2024-08-27,AZ,NYM,3,8,0.0,0.5208961104052976,0.523,AZ,NYM,0
20240827_NYY@WSH,2024-08-27,WSH,NYY,4,2,1.0,0.3078510598526388,0.2948,NYY,WSH,0
20240827_SD@STL,2024-08-27,STL,SD,5,7,0.0,0.3956544940645535,0.3876,SD,SD,1
20240827_SF@MIL,2024-08-27,MIL,SF,4,5,0.0,0.6412914384493219,0.6516,MIL,SF,0
20240827_TB@SEA,2024-08-27,SEA,TB,2,3,0.0,0.6064070449914599,0.6146,SEA,TB,0
20240827_TEX@CWS,2024-08-27,CWS,TEX,1,3,0.0,0.41882406272479317,0.4124,TEX,TEX,1
20240827_TOR@BOS,2024-08-27,BOS,TOR,6,3,1.0,0.4929222488281921,0.4918,TOR,BOS,0
20240826_ATL@MIN,2024-08-26,MIN,ATL,6,10,0.0,0.40371057738343663,0.3962,ATL,ATL,1
20240826_CHC@PIT,2024-08-26,PIT,CHC,8,18,0.0,0.5207287659636838,0.5228,PIT,CHC,0
20240826_DET@CWS,2024-08-26,CWS,DET,3,6,0.0,0.33159958227342096,0.3197,DET,DET,1
20240826_HOU@PHI,2024-08-26,PHI,HOU,3,2,1.0,0.4457776946248302,0.4412,HOU,PHI,0
20240826_KC@CLE,2024-08-26,CLE,KC,4,9,0.0,0.5004012212281532,0.501,CLE,KC,0
20240826_KC@CLE,2024-08-26,CLE,KC,3,4,0.0,0.3151918323560875,0.3025,KC,KC,1
20240826_MIA@COL,2024-08-26,COL,MIA,3,2,1.0,0.5214586015823183,0.5236,COL,COL,1
20240826_NYY@WSH,2024-08-26,WSH,NYY,2,5,0.0,0.3972097094909711,0.3893,NYY,NYY,1
20240826_SD@STL,2024-08-26,STL,SD,4,7,0.0,0.3442618264815928,0.3331,SD,SD,1
20240826_TB@SEA,2024-08-26,SEA,TB,5,1,1.0,0.621246181468207,0.6304,SEA,SEA,1
20240826_TOR@BOS,2024-08-26,BOS,TOR,3,7,0.0,0.4910780036356286,0.4898,TOR,TOR,1
20240825_AZ@BOS,2024-08-25,BOS,AZ,5,7,0.0,0.4971446595960946,0.4931,AZ,AZ,1
20240825_CHC@MIA,2024-08-25,MIA,CHC,7,2,1.0,0.49588974201317565,0.4918,CHC,MIA,0
20240825_CIN@PIT,2024-08-25,PIT,CIN,4,3,1.0,0.4911747713149681,0.4869,CIN,PIT,0
20240825_COL@NYY,2024-08-25,NYY,COL,10,3,1.0,0.5919131693300891,0.599,NYY,NYY,1
20240825_DET@CWS,2024-08-25,CWS,DET,4,9,0.0,0.33469846029170236,0.3256,DET,DET,1
20240825_HOU@BAL,2024-08-25,BAL,HOU,3,6,0.0,0.49615252912173113,0.4921,HOU,HOU,1
20240825_LAA@TOR,2024-08-25,TOR,LAA,8,2,1.0,0.6243257266358577,0.6324,TOR,TOR,1
20240825_MIL@ATH,2024-08-25,ATH,MIL,4,3,1.0,0.5142601430035484,0.5187,ATH,ATH,1
20240825_NYM@SD,2024-08-25,SD,NYM,3,2,1.0,0.5360654796683757,0.5413,SD,SD,1
20240825_PHI@KC,2024-08-25,KC,PHI,3,11,0.0,0.5175389858148518,0.5221,KC,PHI,0
20240825_SF@SEA,2024-08-25,SEA,SF,4,3,1.0,0.48057279080862847,0.476,SF,SEA,0
20240825_STL@MIN,2024-08-25,MIN,STL,2,3,0.0,0.6166176057411563,0.6244,MIN,STL,0
20240825_TB@LAD,2024-08-25,LAD,TB,3,1,1.0,0.6480609760552258,0.6567,LAD,LAD,1
20240825_TEX@CLE,2024-08-25,CLE,TEX,4,2,1.0,0.5460275187675542,0.5516,CLE,CLE,1
20240825_WSH@ATL,2024-08-25,ATL,WSH,1,5,0.0,0.47109011959476244,0.4661,WSH,WSH,1
20240824_AZ@BOS,2024-08-24,BOS,AZ,1,4,0.0,0.5329539708328603,0.5381,BOS,AZ,0
20240824_CHC@MIA,2024-08-24,MIA,CHC,2,14,0.0,0.5059189157406028,0.51,MIA,CHC,0
20240824_CIN@PIT,2024-08-24,PIT,CIN,2,10,0.0,0.4425681757278694,0.4366,CIN,CIN,1
20240824_COL@NYY,2024-08-24,NYY,COL,2,9,0.0,0.675193664727962,0.6845,NYY,COL,0
20240824_DET@CWS,2024-08-24,CWS,DET,4,13,0.0,0.3287389782150853,0.3195,DET,DET,1
20240824_HOU@BAL,2024-08-24,BAL,HOU,3,2,1.0,0.5552046907694915,0.5611,BAL,BAL,1
20240824_LAA@TOR,2024-08-24,TOR,LAA,3,1,1.0,0.5903219045863427,0.5974,TOR,TOR,1
20240824_MIL@ATH,2024-08-24,ATH,MIL,5,9,0.0,0.5064952855537286,0.5106,ATH,MIL,0
20240824_NYM@SD,2024-08-24,SD,NYM,1,7,0.0,0.5480168961236227,0.5537,SD,NYM,0
20240824_PHI@KC,2024-08-24,KC,PHI,2,11,0.0,0.5482780525902622,0.5539,KC,PHI,0
20240824_SF@SEA,2024-08-24,SEA,SF,3,4,0.0,0.4720995573906419,0.4672,SF,SF,1
20240824_STL@MIN,2024-08-24,MIN,STL,6,0,1.0,0.5682155536496226,0.5745,MIN,MIN,1
20240824_TB@LAD,2024-08-24,LAD,TB,8,9,0.0,0.4586134532370557,0.4532,TB,TB,1
20240824_TEX@CLE,2024-08-24,CLE,TEX,13,5,1.0,0.49236561634355186,0.4882,TEX,CLE,0
20240824_WSH@ATL,2024-08-24,ATL,WSH,4,2,1.0,0.4623831226453706,0.4571,WSH,ATL,0
20240823_AZ@BOS,2024-08-23,BOS,AZ,2,12,0.0,0.4912162302596712,0.487,AZ,AZ,1
20240823_CHC@MIA,2024-08-23,MIA,CHC,3,6,0.0,0.6189755194989917,0.6269,MIA,CHC,0
20240823_CIN@PIT,2024-08-23,PIT,CIN,6,5,1.0,0.4533683930435861,0.4478,CIN,PIT,0
20240823_COL@NYY,2024-08-23,NYY,COL,3,0,1.0,0.6079413818781358,0.6155,NYY,NYY,1
20240823_DET@CWS,2024-08-23,CWS,DET,2,5,0.0,0.3412868490188158,0.3323,DET,DET,1
20240823_HOU@BAL,2024-08-23,BAL,HOU,7,5,1.0,0.44474313592275005,0.4389,HOU,BAL,0
20240823_LAA@TOR,2024-08-23,TOR,LAA,5,4,1.0,0.5966811504661126,0.6039,TOR,TOR,1
20240823_MIL@ATH,2024-08-23,ATH,MIL,3,11,0.0,0.5041109787143101,0.5082,ATH,MIL,0
20240823_NYM@SD,2024-08-23,SD,NYM,7,0,1.0,0.5445518987056599,0.5501,SD,SD,1
20240823_PHI@KC,2024-08-23,KC,PHI,7,4,1.0,0.495751962042525,0.4917,PHI,KC,0
20240823_SF@SEA,2024-08-23,SEA,SF,6,5,1.0,0.5231397439712072,0.5279,SEA,SEA,1
20240823_STL@MIN,2024-08-23,MIN,STL,1,6,0.0,0.6461789598404428,0.6548,MIN,STL,0
20240823_TB@LAD,2024-08-23,LAD,TB,7,3,1.0,0.49121701820733327,0.487,TB,LAD,0
20240823_TEX@CLE,2024-08-23,CLE,TEX,3,5,0.0,0.553360912053009,0.5592,CLE,TEX,0
20240823_WSH@ATL,2024-08-23,ATL,WSH,3,2,1.0,0.4977479170627177,0.4938,WSH,ATL,0
20240822_CIN@PIT,2024-08-22,PIT,CIN,7,0,1.0,0.49192318082146785,0.4877,CIN,PIT,0
20240822_CLE@NYY,2024-08-22,NYY,CLE,6,0,1.0,0.4661540124654331,0.461,CLE,NYY,0
20240822_COL@WSH,2024-08-22,WSH,COL,8,3,1.0,0.5233629733164454,0.5281,WSH,WSH,1
20240822_DET@CHC,2024-08-22,CHC,DET,10,2,1.0,0.568801003288874,0.5751,CHC,CHC,1
20240822_HOU@BAL,2024-08-22,BAL,HOU,0,6,0.0,0.5808676201953223,0.5876,BAL,HOU,0
20240822_LAA@TOR,2024-08-22,TOR,LAA,5,3,1.0,0.5230825525688816,0.5278,TOR,TOR,1
20240822_MIL@STL,2024-08-22,STL,MIL,3,0,1.0,0.48391967939021696,0.4794,MIL,STL,0
20240822_NYM@SD,2024-08-22,SD,NYM,3,8,0.0,0.581662010946367,0.5884,SD,NYM,0
20240822_PHI@ATL,2024-08-22,ATL,PHI,3,2,1.0,0.5417127046371543,0.5471,ATL,ATL,1
20240822_TB@ATH,2024-08-22,ATH,TB,3,1,1.0,0.48894687522259417,0.4846,TB,ATH,0
20240821_AZ@MIA,2024-08-21,MIA,AZ,8,10,0.0,0.4859785457711089,0.4816,AZ,AZ,1
20240821_BAL@NYM,2024-08-21,NYM,BAL,4,3,1.0,0.5281207386042269,0.5331,NYM,NYM,1
20240821_BOS@HOU,2024-08-21,HOU,BOS,1,4,0.0,0.5155775252729871,0.5201,HOU,BOS,0
20240821_CIN@TOR,2024-08-21,TOR,CIN,7,11,0.0,0.5215916214785496,0.5263,TOR,CIN,0
20240821_CLE@NYY,2024-08-21,NYY,CLE,8,1,1.0,0.5264340086573557,0.5313,NYY,NYY,1
20240821_COL@WSH,2024-08-21,WSH,COL,6,1,1.0,0.6278580763773511,0.636,WSH,WSH,1
20240821_CWS@SF,2024-08-21,SF,CWS,2,6,0.0,0.7495828828353783,0.76,SF,CWS,0
20240821_DET@CHC,2024-08-21,CHC,DET,2,8,0.0,0.537407407056487,0.5427,CHC,DET,0
20240821_LAA@KC,2024-08-21,KC,LAA,3,0,1.0,0.5975178224336964,0.6048,KC,KC,1
20240821_MIL@STL,2024-08-21,STL,MIL,10,6,1.0,0.5054606892256162,0.5096,STL,STL,1
20240821_MIN@SD,2024-08-21,SD,MIN,4,11,0.0,0.5508559662071398,0.5566,SD,MIN,0
20240821_PHI@ATL,2024-08-21,ATL,PHI,2,3,0.0,0.5525495621455054,0.5583,ATL,PHI,0
20240821_PIT@TEX,2024-08-21,TEX,PIT,1,0,1.0,0.5457779074043408,0.5513,TEX,TEX,1
20240821_SEA@LAD,2024-08-21,LAD,SEA,8,4,1.0,0.5960460179575807,0.6033,LAD,LAD,1
20240821_TB@ATH,2024-08-21,ATH,TB,2,4,0.0,0.4187239962099885,0.412,TB,TB,1
20240820_AZ@MIA,2024-08-20,MIA,AZ,1,3,0.0,0.5474364026244406,0.5531,MIA,AZ,0
20240820_BAL@NYM,2024-08-20,NYM,BAL,5,9,0.0,0.48450660431753645,0.48,BAL,BAL,1
20240820_BOS@HOU,2024-08-20,HOU,BOS,5,6,0.0,0.4532521996597948,0.4477,BOS,BOS,1
20240820_CIN@TOR,2024-08-20,TOR,CIN,10,3,1.0,0.49242991346387743,0.4882,CIN,TOR,0
20240820_CLE@NYY,2024-08-20,NYY,CLE,5,9,0.0,0.44482703758141146,0.4389,CLE,CLE,1
20240820_COL@WSH,2024-08-20,WSH,COL,1,3,0.0,0.5652984148188268,0.5715,WSH,COL,0
20240820_CWS@SF,2024-08-20,SF,CWS,4,1,1.0,0.6637921825008007,0.6729,SF,SF,1
20240820_DET@CHC,2024-08-20,CHC,DET,3,1,1.0,0.47913248469061337,0.4745,DET,CHC,0
20240820_LAA@KC,2024-08-20,KC,LAA,5,9,0.0,0.6339651167196755,0.6423,KC,LAA,0
20240820_MIL@STL,2024-08-20,STL,MIL,2,3,0.0,0.5233443565604934,0.5281,STL,MIL,0
20240820_MIN@SD,2024-08-20,SD,MIN,7,5,1.0,0.5436318973229938,0.5491,SD,SD,1
20240820_PHI@ATL,2024-08-20,ATL,PHI,3,1,1.0,0.49737155702034513,0.4934,PHI,ATL,0
20240820_PIT@TEX,2024-08-20,TEX,PIT,0,4,0.0,0.4910580328814792,0.4868,PIT,PIT,1
20240820_SEA@LAD,2024-08-20,LAD,SEA,6,3,1.0,0.47093830022869726,0.466,SEA,LAD,0
20240820_TB@ATH,2024-08-20,ATH,TB,0,1,0.0,0.4941425510195668,0.49,TB,TB,1
20240819_AZ@MIA,2024-08-19,MIA,AZ,6,9,0.0,0.4615434443058408,0.4562,AZ,AZ,1
20240819_BAL@NYM,2024-08-19,NYM,BAL,4,3,1.0,0.533850504746088,0.539,NYM,NYM,1
20240819_BOS@HOU,2024-08-19,HOU,BOS,5,4,1.0,0.46922534017419953,0.4642,BOS,HOU,0
20240819_CIN@TOR,2024-08-19,TOR,CIN,3,6,0.0,0.4842547765282588,0.4798,CIN,CIN,1
20240819_CWS@SF,2024-08-19,SF,CWS,5,3,1.0,0.7077737576104158,0.7177,SF,SF,1
20240819_LAA@KC,2024-08-19,KC,LAA,5,3,1.0,0.6340549558619051,0.6424,KC,KC,1
20240819_MIN@SD,2024-08-19,SD,MIN,5,3,1.0,0.5876249399916292,0.5946,SD,SD,1
20240819_PIT@TEX,2024-08-19,TEX,PIT,4,3,1.0,0.5129015389418468,0.5173,TEX,TEX,1
20240819_SEA@LAD,2024-08-19,LAD,SEA,3,0,1.0,0.5899037495044438,0.5969,LAD,LAD,1
20240819_TB@ATH,2024-08-19,ATH,TB,3,0,1.0,0.46894687779361754,0.4639,TB,ATH,0
20240818_ATL@LAA,2024-08-18,LAA,ATL,1,3,0.0,0.5154594755546432,0.5183,LAA,ATL,0
20240818_AZ@TB,2024-08-18,TB,AZ,8,7,1.0,0.4918165571088461,0.489,AZ,TB,0
20240818_BOS@BAL,2024-08-18,BAL,BOS,4,2,1.0,0.521641270382212,0.5246,BAL,BAL,1
20240818_CLE@MIL,2024-08-18,MIL,CLE,2,0,1.0,0.5426241876243711,0.5458,MIL,MIL,1
20240818_CWS@HOU,2024-08-18,HOU,CWS,2,0,1.0,0.5791908299750163,0.5828,HOU,HOU,1
20240818_KC@CIN,2024-08-18,CIN,KC,1,8,0.0,0.5018237535743887,0.5045,CIN,KC,0
20240818_LAD@STL,2024-08-18,STL,LAD,1,2,0.0,0.5140810912779492,0.5169,STL,LAD,0
20240818_MIA@NYM,2024-08-18,NYM,MIA,2,3,0.0,0.574360475339441,0.5779,NYM,MIA,0
20240818_MIN@TEX,2024-08-18,TEX,MIN,6,5,1.0,0.5181141146744237,0.521,TEX,TEX,1
20240818_NYY@DET,2024-08-18,DET,NYY,3,2,1.0,0.4712623552496464,0.4682,NYY,DET,0
20240818_SD@COL,2024-08-18,COL,SD,3,2,1.0,0.5132786716046897,0.5161,COL,COL,1
20240818_SEA@PIT,2024-08-18,PIT,SEA,3,10,0.0,0.512381377049561,0.5152,PIT,SEA,0
20240818_SF@ATH,2024-08-18,ATH,SF,2,4,0.0,0.5073730134857896,0.5101,ATH,SF,0
20240818_TOR@CHC,2024-08-18,CHC,TOR,0,1,0.0,0.5115124186123762,0.5143,CHC,TOR,0
20240818_WSH@PHI,2024-08-18,PHI,WSH,4,6,0.0,0.5382029026581288,0.5413,PHI,WSH,0
20240817_ATL@LAA,2024-08-17,LAA,ATL,3,11,0.0,0.5006672515805446,0.5033,LAA,ATL,0
20240817_AZ@TB,2024-08-17,TB,AZ,6,1,1.0,0.48017953843615774,0.4773,AZ,TB,0
20240817_BOS@BAL,2024-08-17,BAL,BOS,1,5,0.0,0.5210187874291984,0.524,BAL,BOS,0
20240817_CLE@MIL,2024-08-17,MIL,CLE,2,1,1.0,0.528299512459479,0.5313,MIL,MIL,1
20240817_CWS@HOU,2024-08-17,HOU,CWS,6,1,1.0,0.582195646690435,0.5858,HOU,HOU,1
20240817_KC@CIN,2024-08-17,CIN,KC,1,13,0.0,0.5072119154890573,0.51,CIN,KC,0
20240817_LAD@STL,2024-08-17,STL,LAD,5,2,1.0,0.5156342271438209,0.5185,STL,STL,1
20240817_MIA@NYM,2024-08-17,NYM,MIA,4,0,1.0,0.5337914134930672,0.5369,NYM,NYM,1
20240817_MIN@TEX,2024-08-17,TEX,MIN,2,5,0.0,0.5148847637723576,0.5177,TEX,MIN,0
20240817_NYY@DET,2024-08-17,DET,NYY,4,0,1.0,0.4677553969014642,0.4647,NYY,DET,0
20240817_SD@COL,2024-08-17,COL,SD,3,8,0.0,0.4838165631486097,0.4809,SD,SD,1
20240817_SEA@PIT,2024-08-17,PIT,SEA,7,2,1.0,0.5084512432005686,0.5112,PIT,PIT,1
20240817_SF@ATH,2024-08-17,ATH,SF,2,0,1.0,0.511567702246193,0.5144,ATH,ATH,1
20240817_TOR@CHC,2024-08-17,CHC,TOR,3,2,1.0,0.5107016684260551,0.5135,CHC,CHC,1
20240817_WSH@PHI,2024-08-17,PHI,WSH,5,1,1.0,0.5365593771981902,0.5397,PHI,PHI,1
20240816_ATL@LAA,2024-08-16,LAA,ATL,3,2,1.0,0.513846493115506,0.5167,LAA,LAA,1
20240816_AZ@TB,2024-08-16,TB,AZ,5,4,1.0,0.49200937020407826,0.4892,AZ,TB,0
20240816_BOS@BAL,2024-08-16,BAL,BOS,10,12,0.0,0.5417406486778112,0.5449,BAL,BOS,0
20240816_CLE@MIL,2024-08-16,MIL,CLE,5,3,1.0,0.5313536679755372,0.5344,MIL,MIL,1
20240816_CWS@HOU,2024-08-16,HOU,CWS,4,5,0.0,0.5520839066842506,0.5554,HOU,CWS,0
20240816_KC@CIN,2024-08-16,CIN,KC,1,7,0.0,0.5067034702930511,0.5095,CIN,KC,0
20240816_LAD@STL,2024-08-16,STL,LAD,6,7,0.0,0.4894950589397328,0.4867,LAD,LAD,1
20240816_MIA@NYM,2024-08-16,NYM,MIA,7,3,1.0,0.533901442706629,0.537,NYM,NYM,1
20240816_MIN@TEX,2024-08-16,TEX,MIN,3,4,0.0,0.5091877705569177,0.512,TEX,MIN,0
20240816_NYY@DET,2024-08-16,DET,NYY,0,3,0.0,0.45552632177630836,0.4523,NYY,NYY,1
20240816_SD@COL,2024-08-16,COL,SD,7,3,1.0,0.5324043505031758,0.5355,COL,COL,1
20240816_SEA@PIT,2024-08-16,PIT,SEA,5,3,1.0,0.5195726883616404,0.5225,PIT,PIT,1
20240816_TOR@CHC,2024-08-16,CHC,TOR,6,5,1.0,0.48884080738175084,0.486,TOR,CHC,0
20240816_WSH@PHI,2024-08-16,PHI,WSH,3,2,1.0,0.5241037186819139,0.5271,PHI,PHI,1
20240815_ATH@NYM,2024-08-15,NYM,ATH,6,7,0.0,0.522440226766821,0.5254,NYM,ATH,0
20240815_ATL@SF,2024-08-15,SF,ATL,6,0,1.0,0.5434137269777896,0.5466,SF,SF,1
20240815_BOS@BAL,2024-08-15,BAL,BOS,5,1,1.0,0.5272947366696118,0.5303,BAL,BAL,1
20240815_LAD@MIL,2024-08-15,MIL,LAD,6,4,1.0,0.5079670300400448,0.5107,MIL,MIL,1
20240815_MIN@TEX,2024-08-15,TEX,MIN,2,3,0.0,0.508659399905319,0.5114,TEX,MIN,0
20240815_SEA@DET,2024-08-15,DET,SEA,2,1,1.0,0.49537339966845845,0.4926,SEA,DET,0
20240815_WSH@PHI,2024-08-15,PHI,WSH,13,3,1.0,0.5345567037752387,0.5377,PHI,PHI,1
20240814_ATH@NYM,2024-08-14,NYM,ATH,9,1,1.0,0.5019504922391391,0.5046,NYM,NYM,1
20240814_ATL@SF,2024-08-14,SF,ATL,2,13,0.0,0.5088813952965224,0.5117,SF,ATL,0
20240814_CHC@CLE,2024-08-14,CLE,CHC,6,1,1.0,0.5218668089880957,0.5248,CLE,CLE,1
20240814_COL@AZ,2024-08-14,AZ,COL,11,4,1.0,0.5583856604576694,0.5618,AZ,AZ,1
20240814_HOU@TB,2024-08-14,TB,HOU,1,2,0.0,0.48234569700450464,0.4795,HOU,HOU,1
20240814_KC@MIN,2024-08-14,MIN,KC,1,4,0.0,0.5098702004731919,0.5127,MIN,KC,0
20240814_LAD@MIL,2024-08-14,MIL,LAD,5,4,1.0,0.508675235941354,0.5115,MIL,MIL,1
20240814_MIA@PHI,2024-08-14,PHI,MIA,9,5,1.0,0.5218903308585219,0.5248,PHI,PHI,1
20240814_NYY@CWS,2024-08-14,CWS,NYY,2,10,0.0,0.4576448279602045,0.4545,NYY,NYY,1
20240814_PIT@SD,2024-08-14,SD,PIT,8,2,1.0,0.5293503031033816,0.5324,SD,SD,1
20240814_SEA@DET,2024-08-14,DET,SEA,3,2,1.0,0.5065740478244528,0.5093,DET,DET,1
20240814_STL@CIN,2024-08-14,CIN,STL,9,2,1.0,0.5184732333917602,0.5214,CIN,CIN,1
20240814_TEX@BOS,2024-08-14,BOS,TEX,7,9,0.0,0.5396460388690807,0.5428,BOS,TEX,0
20240814_TOR@LAA,2024-08-14,LAA,TOR,2,9,0.0,0.5064983074915999,0.5093,LAA,TOR,0
20240814_WSH@BAL,2024-08-14,BAL,WSH,4,1,1.0,0.510836215296159,0.5136,BAL,BAL,1
20240813_ATH@NYM,2024-08-13,NYM,ATH,4,9,0.0,0.5227267899853356,0.5257,NYM,ATH,0
20240813_ATL@SF,2024-08-13,SF,ATL,3,4,0.0,0.47399921931968875,0.471,ATL,ATL,1
20240813_CHC@CLE,2024-08-13,CLE,CHC,2,1,1.0,0.5184620095441398,0.5214,CLE,CLE,1
20240813_COL@AZ,2024-08-13,AZ,COL,4,3,1.0,0.5610862212106649,0.5645,AZ,AZ,1
20240813_HOU@TB,2024-08-13,TB,HOU,2,3,0.0,0.48715618619389445,0.4843,HOU,HOU,1
20240813_KC@MIN,2024-08-13,MIN,KC,13,3,1.0,0.5116934666540166,0.5145,MIN,MIN,1
20240813_LAD@MIL,2024-08-13,MIL,LAD,2,7,0.0,0.5110015995198199,0.5138,MIL,LAD,0
20240813_MIA@PHI,2024-08-13,PHI,MIA,0,5,0.0,0.5246891994925765,0.5277,PHI,MIA,0
20240813_NYY@CWS,2024-08-13,CWS,NYY,1,4,0.0,0.4569772375497588,0.4538,NYY,NYY,1
20240813_PIT@SD,2024-08-13,SD,PIT,3,0,1.0,0.532712837285835,0.5358,SD,SD,1
20240813_SEA@DET,2024-08-13,DET,SEA,15,1,1.0,0.5118473968929995,0.5147,DET,DET,1
20240813_STL@CIN,2024-08-13,CIN,STL,4,1,1.0,0.514205655030204,0.5171,CIN,CIN,1
20240813_TEX@BOS,2024-08-13,BOS,TEX,9,4,1.0,0.5327941736098318,0.5359,BOS,BOS,1
20240813_TOR@LAA,2024-08-13,LAA,TOR,1,6,0.0,0.5173156226363472,0.5202,LAA,TOR,0
20240813_WSH@BAL,2024-08-13,BAL,WSH,3,9,0.0,0.5234379908271966,0.5264,BAL,WSH,0
20240812_ATL@SF,2024-08-12,SF,ATL,0,1,0.0,0.5093980638369736,0.5122,SF,ATL,0
20240812_CHC@CLE,2024-08-12,CLE,CHC,9,8,1.0,0.49895226758173156,0.4963,CHC,CLE,0
20240812_COL@AZ,2024-08-12,AZ,COL,5,4,1.0,0.5668784864766372,0.5703,AZ,AZ,1
20240812_HOU@TB,2024-08-12,TB,HOU,1,6,0.0,0.506610214672457,0.5094,TB,HOU,0
20240812_KC@MIN,2024-08-12,MIN,KC,8,3,1.0,0.5161016951076283,0.519,MIN,MIN,1
20240812_LAD@MIL,2024-08-12,MIL,LAD,2,5,0.0,0.5238669537590382,0.5268,MIL,LAD,0
20240812_NYY@CWS,2024-08-12,CWS,NYY,12,2,1.0,0.45669478020328613,0.4535,NYY,CWS,0
20240812_PIT@SD,2024-08-12,SD,PIT,2,1,1.0,0.5305697792807728,0.5336,SD,SD,1
20240812_STL@CIN,2024-08-12,CIN,STL,6,1,1.0,0.5149671350142645,0.5178,CIN,CIN,1
20240812_TEX@BOS,2024-08-12,BOS,TEX,5,4,1.0,0.5432859398231261,0.5465,BOS,BOS,1
20240812_TOR@LAA,2024-08-12,LAA,TOR,2,4,0.0,0.5152898471411811,0.5182,LAA,TOR,0
20240811_ATH@TOR,2024-08-11,TOR,ATH,4,8,0.0,0.5322688817977905,0.533,TOR,ATH,0
20240811_ATL@COL,2024-08-11,COL,ATL,9,8,1.0,0.4999712705612183,0.5,ATL,COL,0
20240811_BAL@TB,2024-08-11,TB,BAL,2,1,1.0,0.5470235347747803,0.5501,TB,TB,1
20240811_CIN@MIL,2024-08-11,MIL,CIN,3,4,0.0,0.5456293821334839,0.5485,MIL,CIN,0
20240811_CLE@MIN,2024-08-11,MIN,CLE,3,5,0.0,0.47572529315948486,0.4762,CLE,CLE,1
20240811_DET@SF,2024-08-11,SF,DET,4,5,0.0,0.6773809194564819,0.6982,SF,DET,0
20240811_HOU@BOS,2024-08-11,BOS,HOU,2,10,0.0,0.5249611139297485,0.5246,BOS,HOU,0
20240811_LAA@WSH,2024-08-11,WSH,LAA,4,6,0.0,0.6189014315605165,0.6324,WSH,LAA,0
20240811_NYM@SEA,2024-08-11,SEA,NYM,12,1,1.0,0.49385043978691096,0.4971,NYM,SEA,0
20240811_PHI@AZ,2024-08-11,AZ,PHI,12,5,1.0,0.5373594164848328,0.5389,AZ,AZ,1
20240811_PIT@LAD,2024-08-11,LAD,PIT,6,5,1.0,0.6086747646331786,0.6208,LAD,LAD,1
20240811_SD@MIA,2024-08-11,MIA,SD,7,6,1.0,0.6038390398025513,0.6153,MIA,MIA,1
20240811_TEX@NYY,2024-08-11,NYY,TEX,8,7,1.0,0.5989935994148254,0.6097,NYY,NYY,1
20240810_ATH@TOR,2024-08-10,TOR,ATH,0,1,0.0,0.5817676782608032,0.59,TOR,ATH,0
20240810_ATL@COL,2024-08-10,COL,ATL,8,11,0.0,0.5143336057662964,0.5124,COL,ATL,0
20240810_BAL@TB,2024-08-10,TB,BAL,5,7,0.0,0.42857095599174505,0.4219,BAL,BAL,1
20240810_CHC@CWS,2024-08-10,CWS,CHC,1,3,0.0,0.4836609661579132,0.4853,CHC,CHC,1
20240810_CIN@MIL,2024-08-10,MIL,CIN,1,0,1.0,0.625458061695099,0.6399,MIL,MIL,1
20240810_CLE@MIN,2024-08-10,MIN,CLE,1,2,0.0,0.4625640213489533,0.461,CLE,CLE,1
20240810_DET@SF,2024-08-10,SF,DET,3,1,1.0,0.6555218696594238,0.6738,SF,SF,1
20240810_HOU@BOS,2024-08-10,BOS,HOU,4,5,0.0,0.43953979015350336,0.4345,HOU,HOU,1
20240810_LAA@WSH,2024-08-10,WSH,LAA,5,4,1.0,0.47709658741950983,0.4778,LAA,WSH,0
20240810_NYM@SEA,2024-08-10,SEA,NYM,4,0,1.0,0.4147430658340454,0.406,NYM,SEA,0
20240810_PHI@AZ,2024-08-10,AZ,PHI,11,1,1.0,0.5269325971603394,0.5269,AZ,AZ,1
20240810_PIT@LAD,2024-08-10,LAD,PIT,4,1,1.0,0.5205041766166687,0.5195,LAD,LAD,1
20240810_SD@MIA,2024-08-10,MIA,SD,8,9,0.0,0.7153008580207825,0.74,MIA,SD,0
20240810_STL@KC,2024-08-10,KC,STL,8,3,1.0,0.5255192518234253,0.5253,KC,KC,1
20240810_TEX@NYY,2024-08-10,NYY,TEX,4,9,0.0,0.5882773399353027,0.5975,NYY,TEX,0
20240810_TEX@NYY,2024-08-10,NYY,TEX,8,0,1.0,0.6166266202926636,0.6298,NYY,NYY,1
20240809_ATH@TOR,2024-08-09,TOR,ATH,3,1,1.0,0.5488987565040588,0.5522,TOR,TOR,1
20240809_ATL@COL,2024-08-09,COL,ATL,6,5,1.0,0.3289526700973511,0.3088,ATL,COL,0
20240809_BAL@TB,2024-08-09,TB,BAL,1,4,0.0,0.4089168906211853,0.3993,BAL,BAL,1
20240809_CHC@CWS,2024-08-09,CWS,CHC,6,7,0.0,0.48900768160820013,0.4915,CHC,CHC,1
20240809_CIN@MIL,2024-08-09,MIL,CIN,8,3,1.0,0.6627596020698547,0.6819,MIL,MIL,1
20240809_CLE@MIN,2024-08-09,MIN,CLE,6,3,1.0,0.5192276239395142,0.518,MIN,MIN,1
20240809_CLE@MIN,2024-08-09,MIN,CLE,4,2,1.0,0.594494104385376,0.6046,MIN,MIN,1
20240809_DET@SF,2024-08-09,SF,DET,3,2,1.0,0.5813345909118652,0.5895,SF,SF,1
20240809_HOU@BOS,2024-08-09,BOS,HOU,4,8,0.0,0.49582165479660034,0.4994,HOU,HOU,1
20240809_LAA@WSH,2024-08-09,WSH,LAA,3,2,1.0,0.3127589523792267,0.2908,LAA,WSH,0
20240809_NYM@SEA,2024-08-09,SEA,NYM,6,0,1.0,0.47598752379417425,0.4765,NYM,SEA,0
20240809_PHI@AZ,2024-08-09,AZ,PHI,3,2,1.0,0.47763407230377203,0.4784,PHI,AZ,0
20240809_PIT@LAD,2024-08-09,LAD,PIT,9,5,1.0,0.6483869552612305,0.6658,LAD,LAD,1
20240809_SD@MIA,2024-08-09,MIA,SD,2,6,0.0,0.5041128993034363,0.5006,MIA,SD,0
20240809_STL@KC,2024-08-09,KC,STL,5,8,0.0,0.5822246074676514,0.5905,KC,STL,0
20240808_BAL@TOR,2024-08-08,TOR,BAL,7,6,1.0,0.5734075903892517,0.5804,TOR,TOR,1
20240808_CIN@MIA,2024-08-08,MIA,CIN,4,10,0.0,0.4343245923519135,0.4285,CIN,CIN,1
20240808_DET@SEA,2024-08-08,SEA,DET,4,3,1.0,0.6229977011680603,0.6371,SEA,SEA,1
20240808_LAA@NYY,2024-08-08,NYY,LAA,4,9,0.0,0.7085391283035278,0.7326,NYY,LAA,0
20240808_MIL@ATL,2024-08-08,ATL,MIL,7,16,0.0,0.45109584927558893,0.4478,MIL,MIL,1
20240808_NYM@COL,2024-08-08,COL,NYM,1,9,0.0,0.4742965996265411,0.4745,NYM,NYM,1
20240808_PHI@AZ,2024-08-08,AZ,PHI,4,6,0.0,0.3591967225074768,0.3428,PHI,PHI,1
20240808_SD@PIT,2024-08-08,PIT,SD,6,7,0.0,0.5057871341705322,0.5025,PIT,SD,0
20240808_SF@WSH,2024-08-08,WSH,SF,5,9,0.0,0.5125943422317505,0.5104,WSH,SF,0
20240808_TB@STL,2024-08-08,STL,TB,4,6,0.0,0.5471518039703369,0.5502,STL,TB,0
20240807_AZ@CLE,2024-08-07,CLE,AZ,3,5,0.0,0.47311115264892584,0.4732,AZ,AZ,1
20240807_AZ@CLE,2024-08-07,CLE,AZ,3,7,0.0,0.32111072540283203,0.3001,AZ,AZ,1
20240807_BAL@TOR,2024-08-07,TOR,BAL,3,7,0.0,0.3605934679508209,0.3443,BAL,BAL,1
20240807_BOS@KC,2024-08-07,KC,BOS,8,4,1.0,0.5172191262245178,0.5157,KC,KC,1
20240807_CIN@MIA,2024-08-07,MIA,CIN,6,4,1.0,0.4892311692237854,0.4918,CIN,MIA,0
20240807_CWS@ATH,2024-08-07,ATH,CWS,3,2,1.0,0.8129252195358277,0.8426,ATH,ATH,1
20240807_DET@SEA,2024-08-07,SEA,DET,2,6,0.0,0.4326260685920715,0.4265,DET,DET,1
20240807_HOU@TEX,2024-08-07,TEX,HOU,4,6,0.0,0.6351236701011658,0.6508,TEX,HOU,0
20240807_LAA@NYY,2024-08-07,NYY,LAA,2,8,0.0,0.6022197604179382,0.6134,NYY,LAA,0
20240807_LAA@NYY,2024-08-07,NYY,LAA,5,2,1.0,0.6992714405059814,0.7225,NYY,NYY,1
20240807_MIL@ATL,2024-08-07,ATL,MIL,5,8,0.0,0.49695214629173284,0.5,MIL,MIL,1
20240807_MIN@CHC,2024-08-07,CHC,MIN,8,2,1.0,0.4453614950180054,0.4412,MIN,CHC,0
20240807_NYM@COL,2024-08-07,COL,NYM,3,5,0.0,0.6293743848800659,0.6443,COL,NYM,0
20240807_PHI@LAD,2024-08-07,LAD,PHI,4,9,0.0,0.42672309279441833,0.4197,PHI,PHI,1
20240807_SD@PIT,2024-08-07,PIT,SD,8,9,0.0,0.4802178144454956,0.4814,SD,SD,1
20240807_SF@WSH,2024-08-07,WSH,SF,4,7,0.0,0.3983772099018097,0.3873,SF,SF,1
20240807_TB@STL,2024-08-07,STL,TB,5,2,1.0,0.42662560939788824,0.4196,TB,STL,0
20240806_BAL@TOR,2024-08-06,TOR,BAL,5,2,1.0,0.6252729296684265,0.6397,TOR,TOR,1
20240806_BOS@KC,2024-08-06,KC,BOS,5,6,0.0,0.39144402742385864,0.3794,BOS,BOS,1
20240806_CIN@MIA,2024-08-06,MIA,CIN,2,8,0.0,0.5707477331161499,0.5774,MIA,CIN,0
20240806_CWS@ATH,2024-08-06,ATH,CWS,1,5,0.0,0.7963409423828124,0.8258,ATH,CWS,0
20240806_DET@SEA,2024-08-06,SEA,DET,2,4,0.0,0.58192378282547,0.5902,SEA,DET,0
20240806_HOU@TEX,2024-08-06,TEX,HOU,2,4,0.0,0.5541664958000183,0.5583,TEX,HOU,0
20240806_MIL@ATL,2024-08-06,ATL,MIL,0,10,0.0,0.4904702007770539,0.4932,MIL,MIL,1
20240806_MIN@CHC,2024-08-06,CHC,MIN,7,3,1.0,0.5290436148643494,0.5293,CHC,CHC,1
20240806_NYM@COL,2024-08-06,COL,NYM,6,3,1.0,0.43607780337333674,0.4305,NYM,COL,0
20240806_PHI@LAD,2024-08-06,LAD,PHI,2,6,0.0,0.22997735440731046,0.2015,PHI,PHI,1
20240806_SD@PIT,2024-08-06,PIT,SD,0,6,0.0,0.39678141474723816,0.3854,SD,SD,1
20240806_SF@WSH,2024-08-06,WSH,SF,11,5,1.0,0.4022016227245331,0.3916,SF,WSH,0
20240806_TB@STL,2024-08-06,STL,TB,4,3,1.0,0.7070899605751038,0.731,STL,STL,1
20240805_AZ@CLE,2024-08-05,CLE,AZ,6,7,0.0,0.40022855997085577,0.3894,AZ,AZ,1
20240805_BOS@KC,2024-08-05,KC,BOS,5,9,0.0,0.34369197487831116,0.3253,BOS,BOS,1
20240805_CIN@MIA,2024-08-05,MIA,CIN,3,10,0.0,0.6012240648269653,0.6123,MIA,CIN,0
20240805_CWS@ATH,2024-08-05,ATH,CWS,5,1,1.0,0.8234196901321412,0.8531,ATH,ATH,1
20240805_HOU@TEX,2024-08-05,TEX,HOU,4,3,1.0,0.6377147436141968,0.6537,TEX,TEX,1
20240805_MIN@CHC,2024-08-05,CHC,MIN,0,3,0.0,0.48832595348358154,0.4907,MIN,MIN,1
20240805_NYM@STL,2024-08-05,STL,NYM,0,6,0.0,0.440945714712143,0.4361,NYM,NYM,1
20240805_PHI@LAD,2024-08-05,LAD,PHI,5,3,1.0,0.42516911029815674,0.418,PHI,LAD,0
20240805_SF@WSH,2024-08-05,WSH,SF,1,4,0.0,0.6577370166778564,0.6763,WSH,SF,0
20240804_AZ@PIT,2024-08-04,PIT,AZ,5,6,0.0,0.5817711611907673,0.5841,PIT,AZ,0
20240804_BAL@CLE,2024-08-04,CLE,BAL,5,9,0.0,0.43821321502952626,0.4376,BAL,BAL,1
20240804_BOS@TEX,2024-08-04,TEX,BOS,2,7,0.0,0.49189056598028746,0.4959,BOS,BOS,1
20240804_COL@SD,2024-08-04,SD,COL,10,2,1.0,0.5516313032794533,0.5514,SD,SD,1
20240804_CWS@MIN,2024-08-04,MIN,CWS,13,7,1.0,0.7220126439570012,0.7345,MIN,MIN,1
20240804_KC@DET,2024-08-04,DET,KC,2,3,0.0,0.49406180388280024,0.4983,KC,KC,1
20240804_LAD@ATH,2024-08-04,ATH,LAD,2,3,0.0,0.5493374062891516,0.5489,ATH,LAD,0
20240804_MIA@ATL,2024-08-04,ATL,MIA,0,7,0.0,0.5458575963088688,0.5451,ATL,MIA,0
20240804_MIL@WSH,2024-08-04,WSH,MIL,4,3,1.0,0.5095106181052994,0.5056,WSH,WSH,1
20240804_NYM@LAA,2024-08-04,LAA,NYM,3,2,1.0,0.5648712999419041,0.5657,LAA,LAA,1
20240804_PHI@SEA,2024-08-04,SEA,PHI,0,6,0.0,0.5004701558387888,0.5,SEA,PHI,0
20240804_SF@CIN,2024-08-04,CIN,SF,2,8,0.0,0.5315341357563097,0.5295,CIN,SF,0
20240804_STL@CHC,2024-08-04,CHC,STL,6,2,1.0,0.5560039204713885,0.5561,CHC,CHC,1
20240804_TB@HOU,2024-08-04,HOU,TB,0,1,0.0,0.5048851044886236,0.5006,HOU,TB,0
20240804_TOR@NYY,2024-08-04,NYY,TOR,4,3,1.0,0.5871655045311969,0.5899,NYY,NYY,1
20240803_AZ@PIT,2024-08-03,PIT,AZ,4,2,1.0,0.5660182141413597,0.567,PIT,PIT,1
20240803_BAL@CLE,2024-08-03,CLE,BAL,4,7,0.0,0.47416341528276124,0.4767,BAL,BAL,1
20240803_BOS@TEX,2024-08-03,TEX,BOS,7,4,1.0,0.48283819806663963,0.4861,BOS,TEX,0
20240803_COL@SD,2024-08-03,SD,COL,3,2,1.0,0.5363241107708479,0.5347,SD,SD,1
20240803_CWS@MIN,2024-08-03,MIN,CWS,6,2,1.0,0.6619353748189692,0.6706,MIN,MIN,1
20240803_KC@DET,2024-08-03,DET,KC,6,5,1.0,0.4527854636451087,0.4534,KC,DET,0
20240803_LAD@ATH,2024-08-03,ATH,LAD,0,10,0.0,0.5178890823098674,0.5147,ATH,LAD,0
20240803_MIA@ATL,2024-08-03,ATL,MIA,3,4,0.0,0.5787085602836431,0.5808,ATL,MIA,0
20240803_MIL@WSH,2024-08-03,WSH,MIL,6,4,1.0,0.5228717410628062,0.5201,WSH,WSH,1
20240803_NYM@LAA,2024-08-03,LAA,NYM,5,4,1.0,0.49230433029076975,0.4964,NYM,LAA,0
20240803_PHI@SEA,2024-08-03,SEA,PHI,6,5,1.0,0.4725476868767331,0.4749,PHI,SEA,0
20240803_SF@CIN,2024-08-03,CIN,SF,6,4,1.0,0.4525941751498718,0.4532,SF,CIN,0
20240803_STL@CHC,2024-08-03,CHC,STL,4,5,0.0,0.5442741109341704,0.5434,CHC,STL,0
20240803_TB@HOU,2024-08-03,HOU,TB,1,6,0.0,0.5424221519717392,0.5414,HOU,TB,0
20240803_TOR@NYY,2024-08-03,NYY,TOR,8,3,1.0,0.6008206291372739,0.6047,NYY,NYY,1
20240802_AZ@PIT,2024-08-02,PIT,AZ,8,9,0.0,0.5006515552114894,0.5,PIT,AZ,0
20240802_BAL@CLE,2024-08-02,CLE,BAL,8,4,1.0,0.40771133683758864,0.4045,BAL,CLE,0
20240802_BOS@TEX,2024-08-02,TEX,BOS,6,11,0.0,0.49487059186320465,0.4992,BOS,BOS,1
20240802_COL@SD,2024-08-02,SD,COL,2,5,0.0,0.5717686686300048,0.5732,SD,COL,0
20240802_CWS@MIN,2024-08-02,MIN,CWS,10,2,1.0,0.6817815582032145,0.6918,MIN,MIN,1
20240802_KC@DET,2024-08-02,DET,KC,2,9,0.0,0.518261504997024,0.5151,DET,KC,0
20240802_LAD@ATH,2024-08-02,ATH,LAD,6,5,1.0,0.5549908486890177,0.555,ATH,ATH,1
20240802_MIA@ATL,2024-08-02,ATL,MIA,5,3,1.0,0.5917864900177094,0.5949,ATL,ATL,1
20240802_MIL@WSH,2024-08-02,WSH,MIL,3,8,0.0,0.4470154195846663,0.4472,MIL,MIL,1
20240802_NYM@LAA,2024-08-02,LAA,NYM,1,5,0.0,0.45734117028742977,0.4584,NYM,NYM,1
20240802_PHI@SEA,2024-08-02,SEA,PHI,10,2,1.0,0.5195618711640659,0.5165,SEA,SEA,1
20240802_SF@CIN,2024-08-02,CIN,SF,0,3,0.0,0.4296274591357995,0.4283,SF,SF,1
20240802_STL@CHC,2024-08-02,CHC,STL,6,3,1.0,0.47269211800656996,0.4751,STL,CHC,0
20240802_TB@HOU,2024-08-02,HOU,TB,3,2,1.0,0.5471737167311612,0.5465,HOU,HOU,1
20240802_TOR@NYY,2024-08-02,NYY,TOR,5,8,0.0,0.536725337084885,0.5352,NYY,TOR,0
20240801_BAL@CLE,2024-08-01,CLE,BAL,10,3,1.0,0.42703784460781,0.4255,BAL,CLE,0
20240801_COL@LAA,2024-08-01,LAA,COL,4,5,0.0,0.505982414162973,0.5018,LAA,COL,0
20240801_KC@DET,2024-08-01,DET,KC,1,7,0.0,0.45188516719590105,0.4525,KC,KC,1
20240801_MIA@ATL,2024-08-01,ATL,MIA,4,2,1.0,0.5632522855403997,0.564,ATL,ATL,1
20240801_STL@CHC,2024-08-01,CHC,STL,5,4,1.0,0.501792736901439,0.5,CHC,CHC,1
20240731_ATH@SF,2024-07-31,SF,ATH,1,0,1.0,0.5436802402910849,0.5427,SF,SF,1
20240731_ATL@MIL,2024-07-31,MIL,ATL,2,6,0.0,0.49143551458755075,0.4954,ATL,ATL,1
20240731_CHC@CIN,2024-07-31,CIN,CHC,4,13,0.0,0.5901594381233972,0.5932,CIN,CHC,0
20240731_COL@LAA,2024-07-31,LAA,COL,1,2,0.0,0.6300625505437241,0.6363,LAA,COL,0
20240731_KC@CWS,2024-07-31,CWS,KC,3,10,0.0,0.36782962825028526,0.3614,KC,KC,1
20240731_LAD@SD,2024-07-31,SD,LAD,8,1,1.0,0.5598267045799284,0.5603,SD,SD,1
20240731_MIA@TB,2024-07-31,TB,MIA,2,6,0.0,0.49137456882476194,0.4954,MIA,MIA,1
20240731_MIN@NYM,2024-07-31,NYM,MIN,3,8,0.0,0.5271547530308599,0.5248,NYM,MIN,0
20240731_NYY@PHI,2024-07-31,PHI,NYY,5,6,0.0,0.5773021802464704,0.5792,PHI,NYY,0
20240731_PIT@HOU,2024-07-31,HOU,PIT,5,4,1.0,0.5941030031146453,0.5974,HOU,HOU,1
20240731_SEA@BOS,2024-07-31,BOS,SEA,3,2,1.0,0.4885823402105701,0.4923,SEA,BOS,0
20240731_TEX@STL,2024-07-31,STL,TEX,10,1,1.0,0.5294917444044513,0.5273,STL,STL,1
20240731_TOR@BAL,2024-07-31,BAL,TOR,10,4,1.0,0.6124449818039842,0.6173,BAL,BAL,1
20240731_WSH@AZ,2024-07-31,AZ,WSH,5,4,1.0,0.5419455057315099,0.5408,AZ,AZ,1
20240730_ATH@SF,2024-07-30,SF,ATH,2,5,0.0,0.5768552223613517,0.5787,SF,ATH,0
20240730_ATL@MIL,2024-07-30,MIL,ATL,1,5,0.0,0.5166721685797102,0.5134,MIL,ATL,0
20240730_CHC@CIN,2024-07-30,CIN,CHC,6,3,1.0,0.5251691530995535,0.5226,CIN,CIN,1
20240730_CLE@DET,2024-07-30,DET,CLE,0,5,0.0,0.507686093565002,0.5036,DET,CLE,0
20240730_COL@LAA,2024-07-30,LAA,COL,10,7,1.0,0.5795381762518025,0.5817,LAA,LAA,1
20240730_KC@CWS,2024-07-30,CWS,KC,3,4,0.0,0.43491013915039584,0.434,KC,KC,1
20240730_LAD@SD,2024-07-30,SD,LAD,6,5,1.0,0.5327990344965221,0.5309,SD,SD,1
20240730_MIA@TB,2024-07-30,TB,MIA,9,3,1.0,0.5403130121299672,0.5391,TB,TB,1
20240730_MIN@NYM,2024-07-30,NYM,MIN,2,0,1.0,0.5122893048333867,0.5086,NYM,NYM,1
20240730_NYY@PHI,2024-07-30,PHI,NYY,6,7,0.0,0.4683195002949381,0.4703,NYY,NYY,1
20240730_PIT@HOU,2024-07-30,HOU,PIT,2,6,0.0,0.5802177434536462,0.5824,HOU,PIT,0
20240730_SEA@BOS,2024-07-30,BOS,SEA,6,10,0.0,0.4879198122231773,0.4916,SEA,SEA,1
20240730_TEX@STL,2024-07-30,STL,TEX,8,1,1.0,0.5789599378692891,0.581,STL,STL,1
20240730_TOR@BAL,2024-07-30,BAL,TOR,6,2,1.0,0.5228337483206555,0.5201,BAL,BAL,1
20240730_WSH@AZ,2024-07-30,AZ,WSH,17,0,1.0,0.5852846690261655,0.5879,AZ,AZ,1
20240729_ATL@MIL,2024-07-29,MIL,ATL,8,3,1.0,0.5315787509809923,0.5296,MIL,MIL,1
20240729_CHC@CIN,2024-07-29,CIN,CHC,7,1,1.0,0.5022926876680553,0.5,CIN,CIN,1
20240729_CLE@DET,2024-07-29,DET,CLE,4,8,0.0,0.5330677849876875,0.5312,DET,CLE,0
20240729_KC@CWS,2024-07-29,CWS,KC,5,8,0.0,0.34322671390368736,0.335,KC,KC,1
20240729_MIN@NYM,2024-07-29,NYM,MIN,15,2,1.0,0.5765118588924111,0.5784,NYM,NYM,1
20240729_NYY@PHI,2024-07-29,PHI,NYY,4,14,0.0,0.450255089805698,0.4507,NYY,NYY,1
20240729_PIT@HOU,2024-07-29,HOU,PIT,3,5,0.0,0.5159788102984775,0.5126,HOU,PIT,0
20240729_SEA@BOS,2024-07-29,BOS,SEA,14,7,1.0,0.5521324192725808,0.5519,BOS,BOS,1
20240729_TEX@STL,2024-07-29,STL,TEX,3,6,0.0,0.536075034458307,0.5345,STL,TEX,0
20240729_TOR@BAL,2024-07-29,BAL,TOR,11,5,1.0,0.504279771425008,0.5,BAL,BAL,1
20240729_TOR@BAL,2024-07-29,BAL,TOR,4,8,0.0,0.5407223181385309,0.5395,BAL,TOR,0
20240729_WSH@AZ,2024-07-29,AZ,WSH,9,8,1.0,0.5651128589774569,0.566,AZ,AZ,1
20240728_ATH@LAA,2024-07-28,LAA,ATH,8,6,1.0,0.4992575561413703,0.5,ATH,LAA,0
20240728_ATL@NYM,2024-07-28,NYM,ATL,2,9,0.0,0.5045324845116954,0.5014,NYM,ATL,0
20240728_CHC@KC,2024-07-28,KC,CHC,3,7,0.0,0.610385257645047,0.6128,KC,CHC,0
20240728_CIN@TB,2024-07-28,TB,CIN,2,1,1.0,0.4657648031514873,0.4673,CIN,TB,0
20240728_CLE@PHI,2024-07-28,PHI,CLE,3,4,0.0,0.5413309514663414,0.5402,PHI,CLE,0
20240728_COL@SF,2024-07-28,SF,COL,5,4,1.0,0.6575815290814774,0.6623,SF,SF,1
20240728_LAD@HOU,2024-07-28,HOU,LAD,2,6,0.0,0.5318345085556941,0.5302,HOU,LAD,0
20240728_MIA@MIL,2024-07-28,MIL,MIA,6,2,1.0,0.580929101792525,0.5818,MIL,MIL,1
20240728_MIN@DET,2024-07-28,DET,MIN,0,5,0.0,0.5160160533737923,0.5135,DET,MIN,0
20240728_NYY@BOS,2024-07-28,BOS,NYY,2,8,0.0,0.5269351020970392,0.525,BOS,NYY,0
20240728_PIT@AZ,2024-07-28,AZ,PIT,5,6,0.0,0.5769667006197828,0.5777,AZ,PIT,0
20240728_SD@BAL,2024-07-28,BAL,SD,8,6,1.0,0.5489665353795148,0.5482,BAL,BAL,1
20240728_SEA@CWS,2024-07-28,CWS,SEA,3,6,0.0,0.452651989706613,0.4535,SEA,SEA,1
20240728_TEX@TOR,2024-07-28,TOR,TEX,7,3,1.0,0.5312390680898561,0.5295,TOR,TOR,1
20240728_WSH@STL,2024-07-28,STL,WSH,4,3,1.0,0.5794509228077748,0.5803,STL,STL,1
20240727_ATH@LAA,2024-07-27,LAA,ATH,1,3,0.0,0.46924188007561596,0.471,ATH,ATH,1
20240727_ATL@NYM,2024-07-27,NYM,ATL,0,4,0.0,0.5074474874936062,0.5045,NYM,ATL,0
20240727_CHC@KC,2024-07-27,KC,CHC,4,9,0.0,0.544405912963709,0.5434,KC,CHC,0
20240727_CIN@TB,2024-07-27,TB,CIN,4,0,1.0,0.5077609487111967,0.5048,TB,TB,1
20240727_CLE@PHI,2024-07-27,PHI,CLE,8,0,1.0,0.5647271821644104,0.5648,PHI,PHI,1
20240727_COL@SF,2024-07-27,SF,COL,5,0,1.0,0.618811160895482,0.6216,SF,SF,1
20240727_COL@SF,2024-07-27,SF,COL,4,1,1.0,0.5780634219548048,0.5788,SF,SF,1
20240727_LAD@HOU,2024-07-27,HOU,LAD,7,6,1.0,0.5484550799202852,0.5477,HOU,HOU,1
20240727_MIA@MIL,2024-07-27,MIL,MIA,3,7,0.0,0.6027912167188472,0.6048,MIL,MIA,0
20240727_MIN@DET,2024-07-27,DET,MIN,7,2,1.0,0.44075112784357073,0.441,MIN,DET,0
20240727_NYY@BOS,2024-07-27,BOS,NYY,8,11,0.0,0.5003796865257696,0.5,BOS,NYY,0
20240727_PIT@AZ,2024-07-27,AZ,PIT,9,5,1.0,0.5339127271900719,0.5323,AZ,AZ,1
20240727_SD@BAL,2024-07-27,BAL,SD,4,9,0.0,0.5384697797253915,0.5371,BAL,SD,0
20240727_SEA@CWS,2024-07-27,CWS,SEA,3,6,0.0,0.45685891703443704,0.4579,SEA,SEA,1
20240727_TEX@TOR,2024-07-27,TOR,TEX,7,3,1.0,0.47960784497626474,0.4819,TEX,TOR,0
20240727_WSH@STL,2024-07-27,STL,WSH,3,14,0.0,0.5547839910974597,0.5543,STL,WSH,0
20240726_ATH@LAA,2024-07-26,LAA,ATH,4,5,0.0,0.5207835624758914,0.5185,LAA,ATH,0
20240726_ATL@NYM,2024-07-26,NYM,ATL,8,4,1.0,0.5031053146917368,0.5,NYM,NYM,1
20240726_CHC@KC,2024-07-26,KC,CHC,6,0,1.0,0.6359545802491278,0.6396,KC,KC,1
20240726_CIN@TB,2024-07-26,TB,CIN,2,3,0.0,0.5307445179734924,0.529,TB,CIN,0
20240726_CLE@PHI,2024-07-26,PHI,CLE,1,3,0.0,0.547606845176397,0.5468,PHI,CLE,0
20240726_COL@SF,2024-07-26,SF,COL,11,4,1.0,0.5910368056934934,0.5925,SF,SF,1
20240726_LAD@HOU,2024-07-26,HOU,LAD,5,0,1.0,0.509124117892463,0.5062,HOU,HOU,1
20240726_MIA@MIL,2024-07-26,MIL,MIA,2,6,0.0,0.6547423265316302,0.6593,MIL,MIA,0
20240726_MIN@DET,2024-07-26,DET,MIN,3,9,0.0,0.48259753861713844,0.485,MIN,MIN,1
20240726_NYY@BOS,2024-07-26,BOS,NYY,9,7,1.0,0.5381210453681509,0.5368,BOS,BOS,1
20240726_PIT@AZ,2024-07-26,AZ,PIT,4,3,1.0,0.5474714352811845,0.5466,AZ,AZ,1
20240726_SD@BAL,2024-07-26,BAL,SD,4,6,0.0,0.5197498120297512,0.5174,BAL,SD,0
20240726_SEA@CWS,2024-07-26,CWS,SEA,0,10,0.0,0.4416672412476865,0.4419,SEA,SEA,1
20240726_TEX@TOR,2024-07-26,TOR,TEX,6,5,1.0,0.505859033002565,0.5028,TOR,TOR,1
20240726_WSH@STL,2024-07-26,STL,WSH,8,10,0.0,0.4625349146497543,0.4639,WSH,WSH,1
20240725_ATH@LAA,2024-07-25,LAA,ATH,5,6,0.0,0.5521810009636317,0.5516,LAA,ATH,0
20240725_ATL@NYM,2024-07-25,NYM,ATL,3,2,1.0,0.5242246572700431,0.5221,NYM,NYM,1
20240725_BAL@MIA,2024-07-25,MIA,BAL,6,7,0.0,0.37795268385042313,0.375,BAL,BAL,1
20240725_CWS@TEX,2024-07-25,TEX,CWS,2,1,1.0,0.5941366568725527,0.5957,TEX,TEX,1
20240725_DET@CLE,2024-07-25,CLE,DET,0,3,0.0,0.5235644877034761,0.5214,CLE,DET,0
20240725_SD@WSH,2024-07-25,WSH,SD,0,3,0.0,0.5234388187960579,0.5213,WSH,SD,0
20240725_SF@LAD,2024-07-25,LAD,SF,6,4,1.0,0.5285267868472232,0.5267,LAD,LAD,1
20240725_TB@TOR,2024-07-25,TOR,TB,0,13,0.0,0.4538634949923677,0.4548,TB,TB,1
20240724_AZ@KC,2024-07-24,KC,AZ,6,8,0.0,0.5558167689063703,0.5554,KC,AZ,0
20240724_BAL@MIA,2024-07-24,MIA,BAL,6,3,1.0,0.4121405574852012,0.4109,BAL,MIA,0
20240724_BOS@COL,2024-07-24,COL,BOS,20,7,1.0,0.5238384660637039,0.5217,COL,COL,1
20240724_CIN@ATL,2024-07-24,ATL,CIN,4,9,0.0,0.48820979062187064,0.491,CIN,CIN,1
20240724_CWS@TEX,2024-07-24,TEX,CWS,10,2,1.0,0.6097416379686812,0.6121,TEX,TEX,1
20240724_DET@CLE,2024-07-24,CLE,DET,2,1,1.0,0.5383648192599382,0.537,CLE,CLE,1
20240724_HOU@ATH,2024-07-24,ATH,HOU,1,8,0.0,0.5196914907093367,0.5174,ATH,HOU,0
20240724_LAA@SEA,2024-07-24,SEA,LAA,1,2,0.0,0.5732117773150478,0.5737,SEA,LAA,0
20240724_MIL@CHC,2024-07-24,CHC,MIL,2,3,0.0,0.45722640907900375,0.4583,MIL,MIL,1
20240724_NYM@NYY,2024-07-24,NYY,NYM,3,12,0.0,0.5621716291256339,0.5621,NYY,NYM,0
20240724_PHI@MIN,2024-07-24,MIN,PHI,5,4,1.0,0.5408477672401649,0.5396,MIN,MIN,1
20240724_SD@WSH,2024-07-24,WSH,SD,3,12,0.0,0.5256369710326149,0.5236,WSH,SD,0
20240724_SF@LAD,2024-07-24,LAD,SF,3,8,0.0,0.5442658150598745,0.5432,LAD,SF,0
20240724_STL@PIT,2024-07-24,PIT,STL,5,0,1.0,0.5361273048300633,0.5347,PIT,PIT,1
20240724_TB@TOR,2024-07-24,TOR,TB,6,3,1.0,0.5077909557038728,0.5048,TOR,TOR,1
20240723_AZ@KC,2024-07-23,KC,AZ,2,6,0.0,0.5509153660644344,0.5502,KC,AZ,0
20240723_BAL@MIA,2024-07-23,MIA,BAL,6,3,1.0,0.45783508243414667,0.459,BAL,MIA,0
20240723_BOS@COL,2024-07-23,COL,BOS,0,6,0.0,0.48647684067614844,0.4891,BOS,BOS,1
20240723_CWS@TEX,2024-07-23,TEX,CWS,3,2,1.0,0.7009235191966584,0.7074,TEX,TEX,1
20240723_DET@CLE,2024-07-23,CLE,DET,5,4,1.0,0.6062659746649038,0.6085,CLE,CLE,1
20240723_HOU@ATH,2024-07-23,ATH,HOU,8,2,1.0,0.5264495525552736,0.5245,ATH,ATH,1
20240723_LAA@SEA,2024-07-23,SEA,LAA,1,5,0.0,0.58416441094459,0.5852,SEA,LAA,0
20240723_MIL@CHC,2024-07-23,CHC,MIL,0,1,0.0,0.501259916717006,0.5,CHC,MIL,0
20240723_NYM@NYY,2024-07-23,NYY,NYM,2,3,0.0,0.551799349307265,0.5512,NYY,NYM,0
20240723_PHI@MIN,2024-07-23,MIN,PHI,0,3,0.0,0.49021526849293134,0.4931,PHI,PHI,1
20240723_SD@WSH,2024-07-23,WSH,SD,0,4,0.0,0.5521100931099389,0.5515,WSH,SD,0
20240723_SF@LAD,2024-07-23,LAD,SF,5,2,1.0,0.579829657113561,0.5807,LAD,LAD,1
20240723_STL@PIT,2024-07-23,PIT,STL,1,2,0.0,0.44998725814661816,0.4507,STL,STL,1
20240723_TB@TOR,2024-07-23,TOR,TB,2,4,0.0,0.529822981214035,0.528,TOR,TB,0
20240722_AZ@KC,2024-07-22,KC,AZ,10,4,1.0,0.5617955752214202,0.5617,KC,KC,1
20240722_BOS@COL,2024-07-22,COL,BOS,9,8,1.0,0.4699765924639707,0.4718,BOS,COL,0
20240722_CIN@ATL,2024-07-22,ATL,CIN,1,4,0.0,0.5762885547489929,0.5769,ATL,CIN,0
20240722_CWS@TEX,2024-07-22,TEX,CWS,4,3,1.0,0.6893232708608974,0.6954,TEX,TEX,1
20240722_DET@CLE,2024-07-22,CLE,DET,2,8,0.0,0.491527527272706,0.4944,DET,DET,1
20240722_HOU@ATH,2024-07-22,ATH,HOU,4,0,1.0,0.5415128337042566,0.5403,ATH,ATH,1
20240722_LAA@SEA,2024-07-22,SEA,LAA,1,3,0.0,0.5604072481136312,0.5602,SEA,LAA,0
20240722_MIL@CHC,2024-07-22,CHC,MIL,3,1,1.0,0.49862417651386604,0.5,MIL,CHC,0
20240722_NYM@MIA,2024-07-22,MIA,NYM,4,6,0.0,0.4647515691039429,0.4663,NYM,NYM,1
20240722_PHI@MIN,2024-07-22,MIN,PHI,7,2,1.0,0.5165768855132159,0.5141,MIN,MIN,1
20240722_SF@LAD,2024-07-22,LAD,SF,3,2,1.0,0.5318999409471569,0.5302,LAD,LAD,1
20240722_STL@PIT,2024-07-22,PIT,STL,2,1,1.0,0.5058918967201808,0.5028,PIT,PIT,1
20240722_TB@NYY,2024-07-22,NYY,TB,9,1,1.0,0.5406635176169008,0.5394,NYY,NYY,1
20240721_AZ@CHC,2024-07-21,CHC,AZ,2,1,1.0,0.4842997039141084,0.4883,AZ,CHC,0
20240721_BAL@TEX,2024-07-21,TEX,BAL,3,2,1.0,0.48990822660505023,0.4945,BAL,TEX,0
20240721_BOS@LAD,2024-07-21,LAD,BOS,9,6,1.0,0.5041458161135338,0.5,LAD,LAD,1
20240721_CIN@WSH,2024-07-21,WSH,CIN,5,2,1.0,0.5091707047234211,0.5045,WSH,WSH,1
20240721_CWS@KC,2024-07-21,KC,CWS,4,1,1.0,0.6846092749201947,0.6976,KC,KC,1
20240721_DET@TOR,2024-07-21,TOR,DET,5,4,1.0,0.5092065918642901,0.5045,TOR,TOR,1
20240721_HOU@SEA,2024-07-21,SEA,HOU,6,4,1.0,0.5300614252146272,0.5276,SEA,SEA,1
20240721_LAA@ATH,2024-07-21,ATH,LAA,5,8,0.0,0.47602066791162956,0.4791,LAA,LAA,1
20240721_MIL@MIN,2024-07-21,MIN,MIL,7,8,0.0,0.49031199597141584,0.4949,MIL,MIL,1
20240721_NYM@MIA,2024-07-21,MIA,NYM,4,2,1.0,0.4687750321197073,0.4711,NYM,MIA,0
20240721_PHI@PIT,2024-07-21,PIT,PHI,0,6,0.0,0.4636072955916719,0.4653,PHI,PHI,1
20240721_SD@CLE,2024-07-21,CLE,SD,1,2,0.0,0.5388688833455189,0.5374,CLE,SD,0
20240721_SF@COL,2024-07-21,COL,SF,2,3,0.0,0.482601081910006,0.4864,SF,SF,1
20240721_STL@ATL,2024-07-21,ATL,STL,2,6,0.0,0.5219398836412774,0.5186,ATL,STL,0
20240721_TB@NYY,2024-07-21,NYY,TB,4,6,0.0,0.5387515752908693,0.5373,NYY,TB,0
20240720_AZ@CHC,2024-07-20,CHC,AZ,0,3,0.0,0.49471496100042134,0.4998,AZ,AZ,1
20240720_BAL@TEX,2024-07-20,TEX,BAL,4,8,0.0,0.48384383543553255,0.4878,BAL,BAL,1
20240720_BOS@LAD,2024-07-20,LAD,BOS,7,6,1.0,0.5193072011293115,0.5157,LAD,LAD,1
20240720_CIN@WSH,2024-07-20,WSH,CIN,5,4,1.0,0.5644300356742497,0.5657,WSH,WSH,1
20240720_CWS@KC,2024-07-20,KC,CWS,6,1,1.0,0.6513542570331157,0.6615,KC,KC,1
20240720_DET@TOR,2024-07-20,TOR,DET,3,7,0.0,0.5233354180034042,0.5202,TOR,DET,0
20240720_HOU@SEA,2024-07-20,SEA,HOU,2,4,0.0,0.5285060463918397,0.5259,SEA,HOU,0
20240720_LAA@ATH,2024-07-20,ATH,LAA,8,2,1.0,0.5110416651757598,0.5066,ATH,ATH,1
20240720_MIL@MIN,2024-07-20,MIN,MIL,4,8,0.0,0.4967581680148933,0.5,MIL,MIL,1
20240720_NYM@MIA,2024-07-20,MIA,NYM,0,1,0.0,0.4414179526483077,0.4407,NYM,NYM,1
20240720_PHI@PIT,2024-07-20,PIT,PHI,4,1,1.0,0.49603256222171843,0.5,PHI,PIT,0
20240720_SD@CLE,2024-07-20,CLE,SD,0,7,0.0,0.5562121938401374,0.5566,CLE,SD,0
20240720_SF@COL,2024-07-20,COL,SF,4,3,1.0,0.5067534509406292,0.5018,COL,COL,1
20240720_STL@ATL,2024-07-20,ATL,STL,3,2,1.0,0.5494341829014894,0.5491,ATL,ATL,1
20240720_STL@ATL,2024-07-20,ATL,STL,5,9,0.0,0.529142671551788,0.5266,ATL,STL,0
20240720_TB@NYY,2024-07-20,NYY,TB,1,9,0.0,0.5214165251449071,0.5181,NYY,TB,0
20240719_AZ@CHC,2024-07-19,CHC,AZ,2,5,0.0,0.4971750975543901,0.5,AZ,AZ,1
20240719_BAL@TEX,2024-07-19,TEX,BAL,1,9,0.0,0.5114216904894824,0.507,TEX,BAL,0
20240719_BOS@LAD,2024-07-19,LAD,BOS,4,1,1.0,0.5277277152300902,0.5251,LAD,LAD,1
20240719_CIN@WSH,2024-07-19,WSH,CIN,8,5,1.0,0.481282909433642,0.4849,CIN,WSH,0
20240719_CWS@KC,2024-07-19,KC,CWS,7,1,1.0,0.6531953729921789,0.6635,KC,KC,1
20240719_DET@TOR,2024-07-19,TOR,DET,4,5,0.0,0.4878433158110475,0.4922,DET,DET,1
20240719_HOU@SEA,2024-07-19,SEA,HOU,0,3,0.0,0.5333973482461405,0.5313,SEA,HOU,0
20240719_LAA@ATH,2024-07-19,ATH,LAA,13,3,1.0,0.48792150149340224,0.4923,LAA,ATH,0
20240719_NYM@MIA,2024-07-19,MIA,NYM,6,4,1.0,0.4166111058570259,0.4133,NYM,MIA,0
20240719_PHI@PIT,2024-07-19,PIT,PHI,8,7,1.0,0.5025241828850279,0.5,PIT,PIT,1
20240719_SD@CLE,2024-07-19,CLE,SD,7,0,1.0,0.5713250316566958,0.5734,CLE,CLE,1
20240719_SF@COL,2024-07-19,COL,SF,7,3,1.0,0.5062969230523531,0.5013,COL,COL,1
20240719_TB@NYY,2024-07-19,NYY,TB,6,1,1.0,0.5355178242195798,0.5337,NYY,NYY,1
20240714_ATH@PHI,2024-07-14,PHI,ATH,3,18,0.0,0.5876997767837068,0.5915,PHI,ATH,0
20240714_ATL@SD,2024-07-14,SD,ATL,3,6,0.0,0.5148189900722447,0.5107,SD,ATL,0
20240714_CHC@STL,2024-07-14,STL,CHC,3,8,0.0,0.6114321156628383,0.6177,STL,CHC,0
20240714_CLE@TB,2024-07-14,TB,CLE,2,0,1.0,0.47569495036298826,0.4787,CLE,TB,0
20240714_COL@NYM,2024-07-14,NYM,COL,5,8,0.0,0.5932400227659326,0.5976,NYM,COL,0
20240714_KC@BOS,2024-07-14,BOS,KC,5,4,1.0,0.516871912241512,0.513,BOS,BOS,1
20240714_LAD@DET,2024-07-14,DET,LAD,4,3,1.0,0.48091246486455647,0.4845,LAD,DET,0
20240714_MIA@CIN,2024-07-14,CIN,MIA,2,3,0.0,0.6154885019422877,0.6221,CIN,MIA,0
20240714_MIN@SF,2024-07-14,SF,MIN,3,2,1.0,0.507126235581463,0.5022,SF,SF,1
20240714_NYY@BAL,2024-07-14,BAL,NYY,6,5,1.0,0.491386800238243,0.4961,NYY,BAL,0
20240714_PIT@CWS,2024-07-14,CWS,PIT,4,9,0.0,0.46461263311527246,0.4665,PIT,PIT,1
20240714_SEA@LAA,2024-07-14,LAA,SEA,3,2,1.0,0.47937444993778777,0.4828,SEA,LAA,0
20240714_TEX@HOU,2024-07-14,HOU,TEX,2,4,0.0,0.6080981823721331,0.614,HOU,TEX,0
20240714_TOR@AZ,2024-07-14,AZ,TOR,7,8,0.0,0.5538337720073558,0.554,AZ,TOR,0
20240714_WSH@MIL,2024-07-14,MIL,WSH,9,3,1.0,0.5535674287922228,0.5537,MIL,MIL,1
20240713_ATH@PHI,2024-07-13,PHI,ATH,11,5,1.0,0.6142064140711335,0.6207,PHI,PHI,1
20240713_ATL@SD,2024-07-13,SD,ATL,4,0,1.0,0.5222653415178494,0.519,SD,SD,1
20240713_CHC@STL,2024-07-13,STL,CHC,11,3,1.0,0.5442670298926365,0.5434,STL,STL,1
20240713_CHC@STL,2024-07-13,STL,CHC,5,4,1.0,0.5932169187135107,0.5976,STL,STL,1
20240713_CLE@TB,2024-07-13,TB,CLE,2,4,0.0,0.4546516475461913,0.4554,CLE,CLE,1
20240713_COL@NYM,2024-07-13,NYM,COL,7,3,1.0,0.598676869828012,0.6036,NYM,NYM,1
20240713_KC@BOS,2024-07-13,BOS,KC,5,0,1.0,0.498059540318209,0.5,KC,BOS,0
20240713_LAD@DET,2024-07-13,DET,LAD,11,9,1.0,0.5044420574388427,0.5,DET,DET,1
20240713_MIA@CIN,2024-07-13,CIN,MIA,10,6,1.0,0.643095538902902,0.6524,CIN,CIN,1
20240713_MIN@SF,2024-07-13,SF,MIN,2,4,0.0,0.5001870282706006,0.5,SF,MIN,0
20240713_NYY@BAL,2024-07-13,BAL,NYY,1,6,0.0,0.5400144625216132,0.5387,BAL,NYY,0
20240713_PIT@CWS,2024-07-13,CWS,PIT,2,6,0.0,0.5329142101636956,0.5308,CWS,PIT,0
20240713_SEA@LAA,2024-07-13,LAA,SEA,2,1,1.0,0.5538817937564915,0.554,LAA,LAA,1
20240713_TEX@HOU,2024-07-13,HOU,TEX,1,2,0.0,0.5158818241227761,0.5119,HOU,TEX,0
20240713_TOR@AZ,2024-07-13,AZ,TOR,12,1,1.0,0.5088307227316029,0.5041,AZ,AZ,1
20240713_WSH@MIL,2024-07-13,MIL,WSH,5,6,0.0,0.5297881315432849,0.5273,MIL,WSH,0
20240712_ATH@PHI,2024-07-12,PHI,ATH,2,6,0.0,0.6407271772562241,0.6498,PHI,ATH,0
20240712_ATL@SD,2024-07-12,SD,ATL,1,6,0.0,0.5312472243760932,0.529,SD,ATL,0
20240712_CHC@STL,2024-07-12,STL,CHC,1,5,0.0,0.5300574006940233,0.5276,STL,CHC,0
20240712_CLE@TB,2024-07-12,TB,CLE,2,0,1.0,0.5608012609513346,0.5617,TB,TB,1
20240712_COL@NYM,2024-07-12,NYM,COL,7,6,1.0,0.627610480747309,0.6354,NYM,NYM,1
20240712_KC@BOS,2024-07-12,BOS,KC,1,6,0.0,0.5181177330255586,0.5144,BOS,KC,0
20240712_LAD@DET,2024-07-12,DET,LAD,3,4,0.0,0.546940125340824,0.5464,DET,LAD,0
20240712_MIA@CIN,2024-07-12,CIN,MIA,7,4,1.0,0.5868389406352219,0.5905,CIN,CIN,1
20240712_MIN@SF,2024-07-12,SF,MIN,7,1,1.0,0.45461763814253575,0.4554,MIN,SF,0
20240712_NYY@BAL,2024-07-12,BAL,NYY,1,4,0.0,0.5824928831137445,0.5857,BAL,NYY,0
20240712_PIT@CWS,2024-07-12,CWS,PIT,1,4,0.0,0.5452189959010622,0.5444,CWS,PIT,0
20240712_SEA@LAA,2024-07-12,LAA,SEA,6,5,1.0,0.5200172479895531,0.5165,LAA,LAA,1
20240712_TEX@HOU,2024-07-12,HOU,TEX,6,3,1.0,0.5165598979343682,0.5127,HOU,HOU,1
20240712_TOR@AZ,2024-07-12,AZ,TOR,5,4,1.0,0.5114441902037992,0.507,AZ,AZ,1
20240712_WSH@MIL,2024-07-12,MIL,WSH,2,5,0.0,0.5725048507102862,0.5747,MIL,WSH,0
20240711_ATH@BOS,2024-07-11,BOS,ATH,7,0,1.0,0.5905041534485932,0.5946,BOS,BOS,1
20240711_ATL@AZ,2024-07-11,AZ,ATL,1,0,1.0,0.5320697476393944,0.5299,AZ,AZ,1
20240711_CHC@BAL,2024-07-11,BAL,CHC,0,8,0.0,0.6377025061750519,0.6465,BAL,CHC,0
20240711_CLE@DET,2024-07-11,DET,CLE,10,1,1.0,0.5060209968927635,0.501,DET,DET,1
20240711_COL@CIN,2024-07-11,CIN,COL,8,1,1.0,0.5548143015376412,0.5551,CIN,CIN,1
20240711_LAD@PHI,2024-07-11,PHI,LAD,5,1,1.0,0.5498136984239528,0.5495,PHI,PHI,1
20240711_MIA@HOU,2024-07-11,HOU,MIA,6,3,1.0,0.610080694372276,0.6162,HOU,HOU,1
20240711_NYY@TB,2024-07-11,TB,NYY,5,4,1.0,0.5059702124107204,0.5009,TB,TB,1
20240711_PIT@MIL,2024-07-11,MIL,PIT,0,1,0.0,0.5386010045068308,0.5371,MIL,PIT,0
20240711_SEA@LAA,2024-07-11,LAA,SEA,0,11,0.0,0.5196056616748268,0.5161,LAA,SEA,0
20240711_TOR@SF,2024-07-11,SF,TOR,3,5,0.0,0.5459815257315687,0.5453,SF,TOR,0
20240711_WSH@NYM,2024-07-11,NYM,WSH,7,0,1.0,0.5511275641002713,0.551,NYM,NYM,1
20240710_ATH@BOS,2024-07-10,BOS,ATH,2,5,0.0,0.6205517835944039,0.6301,BOS,ATH,0
20240710_ATL@AZ,2024-07-10,AZ,ATL,7,5,1.0,0.49848112206962253,0.4936,ATL,AZ,0
20240710_CHC@BAL,2024-07-10,BAL,CHC,0,4,0.0,0.5781173732775302,0.5861,BAL,CHC,0
20240710_CLE@DET,2024-07-10,DET,CLE,5,4,1.0,0.4820208566361146,0.4764,CLE,DET,0
20240710_COL@CIN,2024-07-10,CIN,COL,5,6,0.0,0.5307286753967104,0.5369,CIN,COL,0
20240710_KC@STL,2024-07-10,STL,KC,4,6,0.0,0.5289970546486022,0.5351,STL,KC,0
20240710_KC@STL,2024-07-10,STL,KC,5,8,0.0,0.5287380943604322,0.5348,STL,KC,0
20240710_LAD@PHI,2024-07-10,PHI,LAD,4,3,1.0,0.551886455064417,0.5589,PHI,PHI,1
20240710_MIA@HOU,2024-07-10,HOU,MIA,9,1,1.0,0.5893565081832554,0.5978,HOU,HOU,1
20240710_MIN@CWS,2024-07-10,CWS,MIN,2,3,0.0,0.5040053096165503,0.509,CWS,MIN,0
20240710_MIN@CWS,2024-07-10,CWS,MIN,3,1,1.0,0.46097811912487935,0.4545,MIN,CWS,0
20240710_NYY@TB,2024-07-10,TB,NYY,1,2,0.0,0.48160383063289686,0.476,NYY,NYY,1
20240710_PIT@MIL,2024-07-10,MIL,PIT,9,0,1.0,0.5699751769994101,0.5777,MIL,MIL,1
20240710_SEA@SD,2024-07-10,SD,SEA,0,2,0.0,0.5455041140703054,0.5522,SD,SEA,0
20240710_TEX@LAA,2024-07-10,LAA,TEX,7,2,1.0,0.5109625572831232,0.5163,LAA,LAA,1
20240710_TOR@SF,2024-07-10,SF,TOR,6,10,0.0,0.5585022977866118,0.5658,SF,TOR,0
20240710_WSH@NYM,2024-07-10,NYM,WSH,6,2,1.0,0.5848849634803712,0.5932,NYM,NYM,1
20240709_ATH@BOS,2024-07-09,BOS,ATH,12,9,1.0,0.5746065783420182,0.5825,BOS,BOS,1
20240709_ATL@AZ,2024-07-09,AZ,ATL,2,6,0.0,0.5217644784495606,0.5275,AZ,ATL,0
20240709_CHC@BAL,2024-07-09,BAL,CHC,2,9,0.0,0.5974015878030128,0.6061,BAL,CHC,0
20240709_CLE@DET,2024-07-09,DET,CLE,8,9,0.0,0.4928721086270829,0.4877,CLE,CLE,1
20240709_COL@CIN,2024-07-09,CIN,COL,12,6,1.0,0.5933806015253796,0.602,CIN,CIN,1
20240709_LAD@PHI,2024-07-09,PHI,LAD,10,1,1.0,0.5400891715814484,0.5466,PHI,PHI,1
20240709_MIA@HOU,2024-07-09,HOU,MIA,4,3,1.0,0.6141732806803327,0.6235,HOU,HOU,1
20240709_NYY@TB,2024-07-09,TB,NYY,5,3,1.0,0.48562490557561916,0.4802,NYY,TB,0
20240709_PIT@MIL,2024-07-09,MIL,PIT,2,12,0.0,0.5864499293597305,0.5948,MIL,PIT,0
20240709_SEA@SD,2024-07-09,SD,SEA,3,8,0.0,0.5477035803913533,0.5545,SD,SEA,0
20240709_TEX@LAA,2024-07-09,LAA,TEX,4,5,0.0,0.5076761684458648,0.5128,LAA,TEX,0
20240709_TOR@SF,2024-07-09,SF,TOR,4,3,1.0,0.5326328065193116,0.5388,SF,SF,1
20240709_WSH@NYM,2024-07-09,NYM,WSH,7,5,1.0,0.5680608282065331,0.5757,NYM,NYM,1
20240708_ATL@AZ,2024-07-08,AZ,ATL,4,5,0.0,0.5261335414015428,0.5321,AZ,ATL,0
20240708_CLE@DET,2024-07-08,DET,CLE,1,0,1.0,0.4473795391365093,0.4404,CLE,DET,0
20240708_COL@CIN,2024-07-08,CIN,COL,6,0,1.0,0.5594055146466936,0.5667,CIN,CIN,1
20240708_MIN@CWS,2024-07-08,CWS,MIN,6,8,0.0,0.459982676930799,0.4535,MIN,MIN,1
20240708_NYM@PIT,2024-07-08,PIT,NYM,8,2,1.0,0.5077189141031218,0.5129,PIT,PIT,1
20240708_STL@WSH,2024-07-08,WSH,STL,0,6,0.0,0.5528035507190325,0.5598,WSH,STL,0
20240708_TEX@LAA,2024-07-08,LAA,TEX,4,9,0.0,0.4969685279728887,0.492,TEX,TEX,1
20240707_AZ@SD,2024-07-07,SD,AZ,1,9,0.0,0.5342913098457347,0.5406,SD,AZ,0
20240707_BAL@ATH,2024-07-07,ATH,BAL,3,6,0.0,0.47778900169614025,0.472,BAL,BAL,1
20240707_BOS@NYY,2024-07-07,NYY,BOS,0,3,0.0,0.532661619913701,0.5389,NYY,BOS,0
20240707_CWS@MIA,2024-07-07,MIA,CWS,7,4,1.0,0.5614639638985427,0.5688,MIA,MIA,1
20240707_DET@CIN,2024-07-07,CIN,DET,1,5,0.0,0.5049843557402751,0.51,CIN,DET,0
20240707_HOU@MIN,2024-07-07,MIN,HOU,3,2,1.0,0.5912288550034387,0.5997,MIN,MIN,1
20240707_KC@COL,2024-07-07,COL,KC,1,10,0.0,0.501008626418399,0.5059,COL,KC,0
20240707_LAA@CHC,2024-07-07,CHC,LAA,5,0,1.0,0.5346373016600638,0.5409,CHC,CHC,1
20240707_MIL@LAD,2024-07-07,LAD,MIL,2,9,0.0,0.5565446341107047,0.5637,LAD,MIL,0
20240707_NYM@PIT,2024-07-07,PIT,NYM,2,3,0.0,0.5085830988534364,0.5138,PIT,NYM,0
20240707_PHI@ATL,2024-07-07,ATL,PHI,6,0,1.0,0.5008604514560128,0.5057,ATL,ATL,1
20240707_SF@CLE,2024-07-07,CLE,SF,5,4,1.0,0.5628072121325229,0.5702,CLE,CLE,1
20240707_STL@WSH,2024-07-07,WSH,STL,3,8,0.0,0.5306941464764942,0.5368,WSH,STL,0
20240707_TB@TEX,2024-07-07,TEX,TB,13,2,1.0,0.5046634474505138,0.5097,TEX,TEX,1
20240707_TOR@SEA,2024-07-07,SEA,TOR,4,5,0.0,0.573192828075898,0.581,SEA,TOR,0
20240706_AZ@SD,2024-07-06,SD,AZ,5,7,0.0,0.5157004449095942,0.5212,SD,AZ,0
20240706_BAL@ATH,2024-07-06,ATH,BAL,19,8,1.0,0.5034245603135736,0.5084,ATH,ATH,1
20240706_BOS@NYY,2024-07-06,NYY,BOS,14,4,1.0,0.5802165266036073,0.5883,NYY,NYY,1
20240706_CWS@MIA,2024-07-06,MIA,CWS,4,3,1.0,0.5217148419101145,0.5275,MIA,MIA,1
20240706_DET@CIN,2024-07-06,CIN,DET,3,5,0.0,0.5384515836724639,0.5449,CIN,DET,0
20240706_HOU@MIN,2024-07-06,MIN,HOU,9,3,1.0,0.5673094355632139,0.5749,MIN,MIN,1
20240706_KC@COL,2024-07-06,COL,KC,3,1,1.0,0.5226411596765063,0.5284,COL,COL,1
20240706_LAA@CHC,2024-07-06,CHC,LAA,0,7,0.0,0.5446362652838459,0.5513,CHC,LAA,0
20240706_MIL@LAD,2024-07-06,LAD,MIL,5,3,1.0,0.5797452466621404,0.5878,LAD,LAD,1
20240706_NYM@PIT,2024-07-06,PIT,NYM,2,5,0.0,0.46657888614305326,0.4603,NYM,NYM,1
20240706_PHI@ATL,2024-07-06,ATL,PHI,5,1,1.0,0.505180971004063,0.5102,ATL,ATL,1
20240706_SF@CLE,2024-07-06,CLE,SF,5,4,1.0,0.590202970190419,0.5987,CLE,CLE,1
20240706_STL@WSH,2024-07-06,WSH,STL,14,6,1.0,0.5424274827052155,0.549,WSH,WSH,1
20240706_TB@TEX,2024-07-06,TEX,TB,4,3,1.0,0.4886275370309311,0.4833,TB,TEX,0
20240706_TOR@SEA,2024-07-06,SEA,TOR,4,5,0.0,0.5182639374822917,0.5239,SEA,TOR,0
20240705_AZ@SD,2024-07-05,SD,AZ,10,8,1.0,0.5561531071989184,0.5633,SD,SD,1
20240705_BAL@ATH,2024-07-05,ATH,BAL,2,3,0.0,0.46623649032875075,0.46,BAL,BAL,1
20240705_BOS@NYY,2024-07-05,NYY,BOS,3,5,0.0,0.5022996788978935,0.5072,NYY,BOS,0
20240705_CWS@MIA,2024-07-05,MIA,CWS,2,3,0.0,0.5723940624124594,0.5802,MIA,CWS,0
20240705_DET@CIN,2024-07-05,CIN,DET,4,5,0.0,0.5365568803440133,0.5429,CIN,DET,0
20240705_HOU@MIN,2024-07-05,MIN,HOU,12,13,0.0,0.595124122797387,0.6038,MIN,HOU,0
20240705_KC@COL,2024-07-05,COL,KC,4,2,1.0,0.5101004760889319,0.5154,COL,COL,1
20240705_LAA@CHC,2024-07-05,CHC,LAA,5,1,1.0,0.5543797938524065,0.5615,CHC,CHC,1
20240705_MIL@LAD,2024-07-05,LAD,MIL,8,5,1.0,0.5711503094978251,0.5789,LAD,LAD,1
20240705_NYM@PIT,2024-07-05,PIT,NYM,14,2,1.0,0.4751949694890695,0.4693,NYM,PIT,0
20240705_PHI@ATL,2024-07-05,ATL,PHI,6,8,0.0,0.5329719570370259,0.5392,ATL,PHI,0
20240705_SF@CLE,2024-07-05,CLE,SF,2,4,0.0,0.6238707029784288,0.6335,CLE,SF,0
20240705_STL@WSH,2024-07-05,WSH,STL,6,7,0.0,0.49370000398633784,0.4886,STL,STL,1
20240705_TB@TEX,2024-07-05,TEX,TB,3,0,1.0,0.4687810535037222,0.4626,TB,TEX,0
20240705_TOR@SEA,2024-07-05,SEA,TOR,2,1,1.0,0.5733720810466987,0.5812,SEA,SEA,1
20240704_AZ@LAD,2024-07-04,LAD,AZ,3,9,0.0,0.5819810720632516,0.5901,LAD,AZ,0
20240704_BAL@SEA,2024-07-04,SEA,BAL,7,3,1.0,0.4554453989304231,0.4487,BAL,SEA,0
20240704_BOS@MIA,2024-07-04,MIA,BOS,5,6,0.0,0.42754767021357576,0.4197,BOS,BOS,1
20240704_CIN@NYY,2024-07-04,NYY,CIN,4,8,0.0,0.5295307378440721,0.5356,NYY,CIN,0
20240704_CWS@CLE,2024-07-04,CLE,CWS,8,4,1.0,0.6258798170789166,0.6356,CLE,CLE,1
20240704_DET@MIN,2024-07-04,MIN,DET,12,3,1.0,0.5615949969321492,0.569,MIN,MIN,1
20240704_HOU@TOR,2024-07-04,TOR,HOU,3,5,0.0,0.5032521677652209,0.5082,TOR,HOU,0
20240704_LAA@ATH,2024-07-04,ATH,LAA,5,0,1.0,0.5126391893385028,0.518,ATH,ATH,1
20240704_MIL@COL,2024-07-04,COL,MIL,4,3,1.0,0.5183411003427011,0.5239,COL,COL,1
20240704_NYM@WSH,2024-07-04,WSH,NYM,1,0,1.0,0.4724441730825729,0.4664,NYM,WSH,0
20240704_PHI@CHC,2024-07-04,CHC,PHI,10,2,1.0,0.4723677505029387,0.4664,PHI,CHC,0
20240704_SD@TEX,2024-07-04,TEX,SD,1,3,0.0,0.5135919385230916,0.519,TEX,SD,0
20240704_SF@ATL,2024-07-04,ATL,SF,2,4,0.0,0.5800262661585942,0.5881,ATL,SF,0
20240704_STL@PIT,2024-07-04,PIT,STL,2,3,0.0,0.5009111336872483,0.5058,PIT,STL,0
20240704_TB@KC,2024-07-04,KC,TB,8,10,0.0,0.5517879177998193,0.5588,KC,TB,0
20240703_AZ@LAD,2024-07-03,LAD,AZ,4,12,0.0,0.5448412737114157,0.5536,LAD,AZ,0
20240703_BAL@SEA,2024-07-03,SEA,BAL,1,4,0.0,0.47007520713610157,0.466,BAL,BAL,1
20240703_BOS@MIA,2024-07-03,MIA,BOS,2,7,0.0,0.32364608592726185,0.279,BOS,BOS,1
20240703_CIN@NYY,2024-07-03,NYY,CIN,2,3,0.0,0.6591593705701031,0.7,NYY,CIN,0
20240703_CWS@CLE,2024-07-03,CLE,CWS,2,8,0.0,0.7404012224857323,0.7956,CLE,CWS,0
20240703_DET@MIN,2024-07-03,MIN,DET,2,9,0.0,0.5328775140826986,0.5379,MIN,DET,0
20240703_HOU@TOR,2024-07-03,TOR,HOU,2,9,0.0,0.5533060162585993,0.5647,TOR,HOU,0
20240703_LAA@ATH,2024-07-03,ATH,LAA,5,0,1.0,0.5000597271845002,0.5,ATH,ATH,1
20240703_MIL@COL,2024-07-03,COL,MIL,0,3,0.0,0.4116594855194203,0.3897,MIL,MIL,1
20240703_NYM@WSH,2024-07-03,WSH,NYM,7,5,1.0,0.4946110223339767,0.4983,NYM,WSH,0
20240703_PHI@CHC,2024-07-03,CHC,PHI,3,5,0.0,0.4234568900820689,0.405,PHI,PHI,1
20240703_SD@TEX,2024-07-03,TEX,SD,4,6,0.0,0.5524837113909922,0.5636,TEX,SD,0
20240703_SF@ATL,2024-07-03,ATL,SF,3,1,1.0,0.507188528853266,0.5041,ATL,ATL,1
20240703_STL@PIT,2024-07-03,PIT,STL,5,4,1.0,0.6405221136680822,0.6768,PIT,PIT,1
20240703_TB@KC,2024-07-03,KC,TB,4,2,1.0,0.5930636934635519,0.6164,KC,KC,1
20240702_AZ@LAD,2024-07-02,LAD,AZ,6,5,1.0,0.5789811604066192,0.5982,LAD,LAD,1
20240702_BAL@SEA,2024-07-02,SEA,BAL,0,2,0.0,0.45319236219318193,0.4438,BAL,BAL,1
20240702_BOS@MIA,2024-07-02,MIA,BOS,3,8,0.0,0.3978018226520892,0.3718,BOS,BOS,1
20240702_CIN@NYY,2024-07-02,NYY,CIN,4,5,0.0,0.6410857608608517,0.6775,NYY,CIN,0
20240702_CWS@CLE,2024-07-02,CLE,CWS,7,6,1.0,0.7806679142248659,0.839,CLE,CLE,1
20240702_DET@MIN,2024-07-02,MIN,DET,5,3,1.0,0.5898982045675107,0.6124,MIN,MIN,1
20240702_HOU@TOR,2024-07-02,TOR,HOU,7,6,1.0,0.6027332809039344,0.6289,TOR,TOR,1
20240702_LAA@ATH,2024-07-02,ATH,LAA,7,5,1.0,0.47046665076729877,0.4665,LAA,ATH,0
20240702_MIL@COL,2024-07-02,COL,MIL,3,4,0.0,0.48313230990461103,0.4832,MIL,MIL,1
20240702_NYM@WSH,2024-07-02,WSH,NYM,2,7,0.0,0.5269440215927563,0.5301,WSH,NYM,0
20240702_PHI@CHC,2024-07-02,CHC,PHI,4,6,0.0,0.36657080549771454,0.3321,PHI,PHI,1
20240702_SD@TEX,2024-07-02,TEX,SD,7,0,1.0,0.45712276226321485,0.449,SD,TEX,0
20240702_SF@ATL,2024-07-02,ATL,SF,3,5,0.0,0.4887497902485174,0.4906,SF,SF,1
20240702_STL@PIT,2024-07-02,PIT,STL,4,7,0.0,0.5408382165088632,0.5484,PIT,STL,0
20240702_TB@KC,2024-07-02,KC,TB,1,5,0.0,0.5102059342558812,0.508,KC,TB,0
20240701_HOU@TOR,2024-07-01,TOR,HOU,1,3,0.0,0.6045068110343573,0.6312,TOR,HOU,0
20240701_MIL@COL,2024-07-01,COL,MIL,8,7,1.0,0.5203034297209869,0.5213,COL,COL,1
20240701_NYM@WSH,2024-07-01,WSH,NYM,7,9,0.0,0.42257988808272096,0.4038,NYM,NYM,1
20240630_ATH@AZ,2024-06-30,AZ,ATH,5,1,1.0,0.7113788838444856,0.7625,AZ,AZ,1
20240630_CHC@MIL,2024-06-30,MIL,CHC,7,1,1.0,0.7289083604805732,0.7826,MIL,MIL,1
20240630_CIN@STL,2024-06-30,STL,CIN,2,0,1.0,0.502256259925891,0.5,STL,STL,1
20240630_CLE@KC,2024-06-30,KC,CLE,6,2,1.0,0.5085334847450944,0.5058,KC,KC,1
20240630_COL@CWS,2024-06-30,CWS,COL,4,5,0.0,0.6073195934438208,0.6348,CWS,COL,0
20240630_DET@LAA,2024-06-30,LAA,DET,6,7,0.0,0.4647129929670161,0.4589,DET,DET,1
20240630_HOU@NYM,2024-06-30,NYM,HOU,5,10,0.0,0.6120971302764192,0.6409,NYM,HOU,0
20240630_LAD@SF,2024-06-30,SF,LAD,10,4,1.0,0.5139431119569512,0.513,SF,SF,1
20240630_MIA@PHI,2024-06-30,PHI,MIA,7,6,1.0,0.7322245006523829,0.7864,PHI,PHI,1
20240630_MIN@SEA,2024-06-30,SEA,MIN,3,5,0.0,0.5407570945828946,0.5483,SEA,MIN,0
20240630_NYY@TOR,2024-06-30,TOR,NYY,1,8,0.0,0.5139477123560933,0.513,TOR,NYY,0
20240630_PIT@ATL,2024-06-30,ATL,PIT,2,4,0.0,0.665366630343931,0.7076,ATL,PIT,0
20240630_SD@BOS,2024-06-30,BOS,SD,4,1,1.0,0.6115120433013973,0.6401,BOS,BOS,1
20240630_TEX@BAL,2024-06-30,BAL,TEX,2,11,0.0,0.7264439457824257,0.7798,BAL,TEX,0
20240630_WSH@TB,2024-06-30,TB,WSH,5,0,1.0,0.5495008906783565,0.5597,TB,TB,1
20240629_ATH@AZ,2024-06-29,AZ,ATH,3,0,1.0,0.7448099004934048,0.8005,AZ,AZ,1
20240629_CHC@MIL,2024-06-29,MIL,CHC,3,5,0.0,0.735364318742136,0.7899,MIL,CHC,0
20240629_CIN@STL,2024-06-29,STL,CIN,4,9,0.0,0.6324731038909144,0.6667,STL,CIN,0
20240629_CLE@KC,2024-06-29,KC,CLE,2,7,0.0,0.5433271603995264,0.5516,KC,CLE,0
20240629_COL@CWS,2024-06-29,CWS,COL,11,3,1.0,0.6113360734150406,0.6399,CWS,CWS,1
20240629_DET@LAA,2024-06-29,LAA,DET,6,5,1.0,0.6621176471643648,0.7036,LAA,LAA,1
20240629_HOU@NYM,2024-06-29,NYM,HOU,6,9,0.0,0.649309307899267,0.6878,NYM,HOU,0
20240629_LAD@SF,2024-06-29,SF,LAD,7,14,0.0,0.39573103453643593,0.3691,LAD,LAD,1
20240629_MIA@PHI,2024-06-29,PHI,MIA,2,3,0.0,0.6120744308548891,0.6409,PHI,MIA,0
20240629_MIN@SEA,2024-06-29,SEA,MIN,1,5,0.0,0.5534785048725076,0.5649,SEA,MIN,0
20240629_NYY@TOR,2024-06-29,TOR,NYY,9,3,1.0,0.5842501360853697,0.6051,TOR,TOR,1
20240629_PIT@ATL,2024-06-29,ATL,PIT,2,1,1.0,0.5435663723986014,0.5519,ATL,ATL,1
20240629_SD@BOS,2024-06-29,BOS,SD,1,11,0.0,0.5814776822545846,0.6015,BOS,SD,0
20240629_TEX@BAL,2024-06-29,BAL,TEX,6,5,1.0,0.7040690632680514,0.754,BAL,BAL,1
20240629_WSH@TB,2024-06-29,TB,WSH,1,8,0.0,0.501084408748877,0.5,TB,WSH,0
20240628_ATH@AZ,2024-06-28,AZ,ATH,4,9,0.0,0.629623123884219,0.6631,AZ,ATH,0
20240628_CHC@MIL,2024-06-28,MIL,CHC,4,2,1.0,0.731416977529644,0.7855,MIL,MIL,1
20240628_CIN@STL,2024-06-28,STL,CIN,1,0,1.0,0.6587101371177131,0.6994,STL,STL,1
20240628_CLE@KC,2024-06-28,KC,CLE,10,3,1.0,0.560674103332756,0.5744,KC,KC,1
20240628_COL@CWS,2024-06-28,CWS,COL,5,3,1.0,0.5977640909402351,0.6225,CWS,CWS,1
20240628_DET@LAA,2024-06-28,LAA,DET,5,2,1.0,0.5674095371268779,0.5832,LAA,LAA,1
20240628_HOU@NYM,2024-06-28,NYM,HOU,7,2,1.0,0.5925001755561657,0.6157,NYM,NYM,1
20240628_LAD@SF,2024-06-28,SF,LAD,5,3,1.0,0.4406270356778983,0.4273,LAD,SF,0
20240628_MIA@PHI,2024-06-28,PHI,MIA,2,0,1.0,0.6577605511926544,0.6982,PHI,PHI,1
20240628_MIN@SEA,2024-06-28,SEA,MIN,3,2,1.0,0.5540067635990592,0.5656,SEA,SEA,1
20240628_NYY@TOR,2024-06-28,TOR,NYY,5,16,0.0,0.5504745415206116,0.561,TOR,NYY,0
20240628_PIT@ATL,2024-06-28,ATL,PIT,6,1,1.0,0.607349932188985,0.6348,ATL,ATL,1
20240628_SD@BOS,2024-06-28,BOS,SD,2,9,0.0,0.5778931847792171,0.5968,BOS,SD,0
20240628_TEX@BAL,2024-06-28,BAL,TEX,2,1,1.0,0.62590980158153,0.6584,BAL,BAL,1
20240628_WSH@TB,2024-06-28,TB,WSH,3,1,1.0,0.576876582249206,0.5955,TB,TB,1
20240627_ATL@CWS,2024-06-27,CWS,ATL,1,0,1.0,0.437240469279595,0.4229,ATL,CWS,0
20240627_CHC@SF,2024-06-27,SF,CHC,3,5,0.0,0.567470444137841,0.5832,SF,CHC,0
20240627_CIN@STL,2024-06-27,STL,CIN,4,11,0.0,0.6662250500052825,0.7086,STL,CIN,0
20240627_CLE@KC,2024-06-27,KC,CLE,2,1,1.0,0.6361636673686241,0.6714,KC,KC,1
20240627_DET@LAA,2024-06-27,LAA,DET,5,0,1.0,0.5310390144148505,0.5355,LAA,LAA,1
20240627_MIA@PHI,2024-06-27,PHI,MIA,4,7,0.0,0.7290162896507909,0.7828,PHI,MIA,0
20240627_MIN@AZ,2024-06-27,AZ,MIN,6,13,0.0,0.40861076371859784,0.3857,MIN,MIN,1
20240627_NYY@TOR,2024-06-27,TOR,NYY,9,2,1.0,0.5647043309265135,0.5796,TOR,TOR,1
20240627_TEX@BAL,2024-06-27,BAL,TEX,11,2,1.0,0.671320311227168,0.7148,BAL,BAL,1
20240626_ATH@LAA,2024-06-26,LAA,ATH,5,2,1.0,0.5827828739127685,0.5969,LAA,LAA,1
20240626_ATL@STL,2024-06-26,STL,ATL,2,6,0.0,0.49477385061050977,0.49,ATL,ATL,1
20240626_ATL@STL,2024-06-26,STL,ATL,4,1,1.0,0.4933700443770776,0.4885,ATL,STL,0
20240626_CHC@SF,2024-06-26,SF,CHC,4,3,1.0,0.5072310454657921,0.5122,SF,SF,1
20240626_CLE@BAL,2024-06-26,BAL,CLE,4,2,1.0,0.5638138435046893,0.5757,BAL,BAL,1
20240626_COL@HOU,2024-06-26,HOU,COL,7,1,1.0,0.5737872565546822,0.5869,HOU,HOU,1
20240626_LAD@CWS,2024-06-26,CWS,LAD,0,4,0.0,0.47355440532313403,0.4662,LAD,LAD,1
20240626_MIA@KC,2024-06-26,KC,MIA,5,1,1.0,0.559742481696717,0.5712,KC,KC,1
20240626_MIN@AZ,2024-06-26,AZ,MIN,3,8,0.0,0.5294963603094045,0.5372,AZ,MIN,0
20240626_NYY@NYM,2024-06-26,NYM,NYY,12,2,1.0,0.49826991841292667,0.494,NYY,NYM,0
20240626_PHI@DET,2024-06-26,DET,PHI,2,6,0.0,0.5152600203773569,0.5212,DET,PHI,0
20240626_PIT@CIN,2024-06-26,CIN,PIT,1,6,0.0,0.501251078551634,0.5055,CIN,PIT,0
20240626_SEA@TB,2024-06-26,TB,SEA,2,5,0.0,0.48239897219246375,0.4761,SEA,SEA,1
20240626_TEX@MIL,2024-06-26,MIL,TEX,6,5,1.0,0.4910129786012432,0.4858,TEX,MIL,0
20240626_TOR@BOS,2024-06-26,BOS,TOR,1,4,0.0,0.5615878731268339,0.5732,BOS,TOR,0
20240626_WSH@SD,2024-06-26,SD,WSH,8,5,1.0,0.5329900338716974,0.5412,SD,SD,1
20240625_ATH@LAA,2024-06-25,LAA,ATH,7,5,1.0,0.5749331910754636,0.5881,LAA,LAA,1
20240625_CHC@SF,2024-06-25,SF,CHC,5,1,1.0,0.5256757657587471,0.533,SF,SF,1
20240625_CLE@BAL,2024-06-25,BAL,CLE,8,10,0.0,0.5484259157671721,0.5585,BAL,CLE,0
20240625_COL@HOU,2024-06-25,HOU,COL,5,2,1.0,0.6250602052762294,0.6438,HOU,HOU,1
20240625_LAD@CWS,2024-06-25,CWS,LAD,3,4,0.0,0.5021370204256063,0.5065,CWS,LAD,0
20240625_MIA@KC,2024-06-25,KC,MIA,1,2,0.0,0.5577307515050882,0.5689,KC,MIA,0
20240625_MIN@AZ,2024-06-25,AZ,MIN,5,4,1.0,0.4844656745459019,0.4784,MIN,AZ,0
20240625_NYY@NYM,2024-06-25,NYM,NYY,9,7,1.0,0.4646698327730557,0.4562,NYY,NYM,0
20240625_PHI@DET,2024-06-25,DET,PHI,4,1,1.0,0.4908061124770818,0.4856,PHI,DET,0
20240625_PIT@CIN,2024-06-25,CIN,PIT,5,9,0.0,0.4828171742523083,0.4766,PIT,PIT,1
20240625_SEA@TB,2024-06-25,TB,SEA,11,3,1.0,0.4767460057563191,0.4698,SEA,TB,0
20240625_TEX@MIL,2024-06-25,MIL,TEX,3,1,1.0,0.5788337851568137,0.5925,MIL,MIL,1
20240625_TOR@BOS,2024-06-25,BOS,TOR,4,9,0.0,0.5933108907613838,0.6086,BOS,TOR,0
20240625_WSH@SD,2024-06-25,SD,WSH,9,7,1.0,0.50804960678752,0.5131,SD,SD,1
20240624_ATH@LAA,2024-06-24,LAA,ATH,5,1,1.0,0.5715858635009351,0.5844,LAA,LAA,1
20240624_ATL@STL,2024-06-24,STL,ATL,4,3,1.0,0.4947774769665756,0.4901,ATL,STL,0
20240624_CHC@SF,2024-06-24,SF,CHC,5,4,1.0,0.5448525128665316,0.5545,SF,SF,1
20240624_CLE@BAL,2024-06-24,BAL,CLE,2,3,0.0,0.5502583656943831,0.5605,BAL,CLE,0
20240624_LAD@CWS,2024-06-24,CWS,LAD,0,3,0.0,0.4896318288904659,0.4843,LAD,LAD,1
20240624_MIA@KC,2024-06-24,KC,MIA,4,1,1.0,0.618510680282735,0.6365,KC,KC,1
20240624_PHI@DET,2024-06-24,DET,PHI,1,8,0.0,0.48111392314001283,0.4747,PHI,PHI,1
20240624_PIT@CIN,2024-06-24,CIN,PIT,11,5,1.0,0.4841796252860526,0.4781,PIT,CIN,0
20240624_SEA@TB,2024-06-24,TB,SEA,4,3,1.0,0.4873865169174747,0.4817,SEA,TB,0
20240624_TEX@MIL,2024-06-24,MIL,TEX,6,3,1.0,0.5730189245511292,0.586,MIL,MIL,1
20240624_TOR@BOS,2024-06-24,BOS,TOR,7,6,1.0,0.5698831149893631,0.5825,BOS,BOS,1
20240624_WSH@SD,2024-06-24,SD,WSH,7,6,1.0,0.567873930439113,0.5803,SD,SD,1
20240623_ATL@NYY,2024-06-23,NYY,ATL,1,3,0.0,0.5909926209496487,0.606,NYY,ATL,0
20240623_AZ@PHI,2024-06-23,PHI,AZ,4,1,1.0,0.6132942381913229,0.6308,PHI,PHI,1
20240623_BAL@HOU,2024-06-23,HOU,BAL,8,1,1.0,0.5022831802079925,0.5066,HOU,HOU,1
20240623_BOS@CIN,2024-06-23,CIN,BOS,4,7,0.0,0.4909822146568358,0.4858,BOS,BOS,1
20240623_CWS@DET,2024-06-23,DET,CWS,11,2,1.0,0.5773469212086891,0.5908,DET,DET,1
20240623_KC@TEX,2024-06-23,TEX,KC,4,0,1.0,0.484588717748591,0.4786,KC,TEX,0
20240623_MIL@SD,2024-06-23,SD,MIL,2,6,0.0,0.5079342216012361,0.513,SD,MIL,0
20240623_MIN@ATH,2024-06-23,ATH,MIN,0,3,0.0,0.5018962305023018,0.5062,ATH,MIN,0
20240623_NYM@CHC,2024-06-23,CHC,NYM,2,5,0.0,0.5007407079132397,0.5049,CHC,NYM,0
20240623_SEA@MIA,2024-06-23,MIA,SEA,6,4,1.0,0.48421239874371585,0.4782,SEA,MIA,0
20240623_SF@STL,2024-06-23,STL,SF,5,3,1.0,0.5407808911766008,0.5499,STL,STL,1
20240623_TB@PIT,2024-06-23,PIT,TB,1,3,0.0,0.5441976920864997,0.5538,PIT,TB,0
20240623_TOR@CLE,2024-06-23,CLE,TOR,6,5,1.0,0.5596524516712683,0.5711,CLE,CLE,1
20240623_WSH@COL,2024-06-23,COL,WSH,1,2,0.0,0.5329738369710918,0.5412,COL,WSH,0
20240622_ATL@NYY,2024-06-22,NYY,ATL,8,3,1.0,0.576575728676294,0.59,NYY,NYY,1
20240622_AZ@PHI,2024-06-22,PHI,AZ,12,1,1.0,0.6205565002983714,0.6388,PHI,PHI,1
20240622_BAL@HOU,2024-06-22,HOU,BAL,5,1,1.0,0.46867096222471644,0.4607,BAL,HOU,0
20240622_BOS@CIN,2024-06-22,CIN,BOS,3,4,0.0,0.4644689321952867,0.456,BOS,BOS,1
20240622_CWS@DET,2024-06-22,DET,CWS,1,5,0.0,0.5602427106832684,0.5717,DET,CWS,0
20240622_KC@TEX,2024-06-22,TEX,KC,6,0,1.0,0.5015381181963681,0.5058,TEX,TEX,1
20240622_LAA@LAD,2024-06-22,LAD,LAA,7,2,1.0,0.6121690512302301,0.6295,LAD,LAD,1
20240622_MIL@SD,2024-06-22,SD,MIL,6,4,1.0,0.5447300845439861,0.5544,SD,SD,1
20240622_MIN@ATH,2024-06-22,ATH,MIN,2,10,0.0,0.48556087431199274,0.4797,MIN,MIN,1
20240622_NYM@CHC,2024-06-22,CHC,NYM,8,1,1.0,0.5191479438071444,0.5256,CHC,CHC,1
20240622_SEA@MIA,2024-06-22,MIA,SEA,0,9,0.0,0.47072143798558247,0.463,SEA,SEA,1
20240622_SF@STL,2024-06-22,STL,SF,9,4,1.0,0.5464185688619071,0.5562,STL,STL,1
20240622_TB@PIT,2024-06-22,PIT,TB,4,3,1.0,0.5115615882549179,0.5171,PIT,PIT,1
20240622_TOR@CLE,2024-06-22,CLE,TOR,6,3,1.0,0.6318022101681775,0.6512,CLE,CLE,1
20240622_WSH@COL,2024-06-22,COL,WSH,8,7,1.0,0.5527719631114185,0.5634,COL,COL,1
20240621_ATL@NYY,2024-06-21,NYY,ATL,1,8,0.0,0.5791750880588359,0.5929,NYY,ATL,0
20240621_AZ@PHI,2024-06-21,PHI,AZ,4,5,0.0,0.6003068370079833,0.6164,PHI,AZ,0
20240621_BAL@HOU,2024-06-21,HOU,BAL,14,11,1.0,0.4491691574431236,0.4388,BAL,HOU,0
20240621_BOS@CIN,2024-06-21,CIN,BOS,5,2,1.0,0.46786219812579366,0.4598,BOS,CIN,0
20240621_CWS@DET,2024-06-21,DET,CWS,2,1,1.0,0.5486213397760429,0.5587,DET,DET,1
20240621_KC@TEX,2024-06-21,TEX,KC,6,2,1.0,0.5121385580384532,0.5177,TEX,TEX,1
20240621_LAA@LAD,2024-06-21,LAD,LAA,2,3,0.0,0.6244254793528581,0.6431,LAD,LAA,0
20240621_MIL@SD,2024-06-21,SD,MIL,9,5,1.0,0.5220979866517108,0.5289,SD,SD,1
20240621_MIN@ATH,2024-06-21,ATH,MIN,6,5,1.0,0.49826637311127553,0.494,MIN,ATH,0
20240621_NYM@CHC,2024-06-21,CHC,NYM,1,11,0.0,0.5002666927778014,0.5044,CHC,NYM,0
20240621_SEA@MIA,2024-06-21,MIA,SEA,3,2,1.0,0.4589629924405063,0.4498,SEA,MIA,0
20240621_TB@PIT,2024-06-21,PIT,TB,3,10,0.0,0.5407719495651719,0.5499,PIT,TB,0
20240621_TOR@CLE,2024-06-21,CLE,TOR,7,1,1.0,0.5614616126682039,0.5731,CLE,CLE,1
20240621_WSH@COL,2024-06-21,COL,WSH,5,11,0.0,0.549244291943495,0.5594,COL,WSH,0
20240620_AZ@WSH,2024-06-20,WSH,AZ,2,5,0.0,0.5159369052791615,0.522,WSH,AZ,0
20240620_BAL@NYY,2024-06-20,NYY,BAL,5,17,0.0,0.549094245616925,0.5592,NYY,BAL,0
20240620_HOU@CWS,2024-06-20,CWS,HOU,3,5,0.0,0.47852894584370753,0.4718,HOU,HOU,1
20240620_KC@ATH,2024-06-20,ATH,KC,2,3,0.0,0.4943535213976948,0.4896,KC,KC,1
20240620_LAD@COL,2024-06-20,COL,LAD,3,5,0.0,0.46243103513160194,0.4537,LAD,LAD,1
20240620_MIL@SD,2024-06-20,SD,MIL,7,6,1.0,0.47988701781491067,0.4733,MIL,SD,0
20240620_SEA@CLE,2024-06-20,CLE,SEA,6,3,1.0,0.5752054680136044,0.5885,CLE,CLE,1
20240620_SF@STL,2024-06-20,STL,SF,6,5,1.0,0.5264344650280599,0.5338,STL,STL,1
20240620_TB@MIN,2024-06-20,MIN,TB,6,7,0.0,0.5288020654345436,0.5365,MIN,TB,0
20240619_AZ@WSH,2024-06-19,WSH,AZ,3,1,1.0,0.48289525106496345,0.474,AZ,WSH,0
20240619_BAL@NYY,2024-06-19,NYY,BAL,6,7,0.0,0.530537783190295,0.5395,NYY,BAL,0
20240619_BOS@TOR,2024-06-19,TOR,BOS,3,7,0.0,0.43712259670174775,0.4281,BOS,BOS,1
20240619_CIN@PIT,2024-06-19,PIT,CIN,1,0,1.0,0.49065061003538196,0.4818,CIN,PIT,0
20240619_DET@ATL,2024-06-19,ATL,DET,7,0,1.0,0.5309882420239871,0.5399,ATL,ATL,1
20240619_HOU@CWS,2024-06-19,CWS,HOU,1,4,0.0,0.5170900643822002,0.5259,CWS,HOU,0
20240619_KC@ATH,2024-06-19,ATH,KC,5,1,1.0,0.618863417080922,0.6279,ATH,ATH,1
20240619_LAD@COL,2024-06-19,COL,LAD,7,6,1.0,0.352515344104349,0.3436,LAD,COL,0
20240619_MIL@LAA,2024-06-19,LAA,MIL,0,2,0.0,0.48413472866019425,0.4753,MIL,MIL,1
20240619_NYM@TEX,2024-06-19,TEX,NYM,5,3,1.0,0.39947678247838003,0.3904,NYM,TEX,0
20240619_SD@PHI,2024-06-19,PHI,SD,2,5,0.0,0.652639729549624,0.6615,PHI,SD,0
20240619_SEA@CLE,2024-06-19,CLE,SEA,8,0,1.0,0.5803090041057596,0.5894,CLE,CLE,1
20240619_SF@CHC,2024-06-19,CHC,SF,6,5,1.0,0.5380003771156894,0.547,CHC,CHC,1
20240619_STL@MIA,2024-06-19,MIA,STL,4,3,1.0,0.41976388272928006,0.4107,STL,MIA,0
20240619_TB@MIN,2024-06-19,MIN,TB,2,3,0.0,0.5091012422394806,0.5179,MIN,TB,0
20240618_AZ@WSH,2024-06-18,WSH,AZ,0,5,0.0,0.5475179901549518,0.5565,WSH,AZ,0
20240618_BAL@NYY,2024-06-18,NYY,BAL,4,2,1.0,0.6283144116659157,0.6373,NYY,NYY,1
20240618_BOS@TOR,2024-06-18,TOR,BOS,3,4,0.0,0.4488309536329877,0.4398,BOS,BOS,1
20240618_CIN@PIT,2024-06-18,PIT,CIN,1,2,0.0,0.4761182473693327,0.4672,CIN,CIN,1
20240618_DET@ATL,2024-06-18,ATL,DET,2,1,1.0,0.6141205390925782,0.6231,ATL,ATL,1
20240618_HOU@CWS,2024-06-18,CWS,HOU,2,0,1.0,0.43099054219336136,0.422,HOU,CWS,0
20240618_KC@ATH,2024-06-18,ATH,KC,7,5,1.0,0.48636983386654037,0.4775,KC,ATH,0
20240618_LAD@COL,2024-06-18,COL,LAD,9,11,0.0,0.4387270147351432,0.4297,LAD,LAD,1
20240618_MIL@LAA,2024-06-18,LAA,MIL,3,6,0.0,0.5558077532491508,0.5648,LAA,MIL,0
20240618_NYM@TEX,2024-06-18,TEX,NYM,6,7,0.0,0.5687063711833767,0.5777,TEX,NYM,0
20240618_SD@PHI,2024-06-18,PHI,SD,4,3,1.0,0.6796649003772809,0.6884,PHI,PHI,1
20240618_SEA@CLE,2024-06-18,CLE,SEA,5,8,0.0,0.5782476376291518,0.5873,CLE,SEA,0
20240618_SF@CHC,2024-06-18,CHC,SF,5,2,1.0,0.47423822268772176,0.4653,SF,CHC,0
20240618_STL@MIA,2024-06-18,MIA,STL,9,8,1.0,0.543272495427248,0.5522,MIA,MIA,1
20240618_TB@MIN,2024-06-18,MIN,TB,7,6,1.0,0.5669870711438346,0.576,MIN,MIN,1
20240617_BOS@TOR,2024-06-17,TOR,BOS,3,7,0.0,0.4449189133684152,0.4359,BOS,BOS,1
20240617_CIN@PIT,2024-06-17,PIT,CIN,4,1,1.0,0.5405153718209987,0.5495,PIT,PIT,1
20240617_DET@ATL,2024-06-17,ATL,DET,2,1,1.0,0.6217665455989533,0.6308,ATL,ATL,1
20240617_LAD@COL,2024-06-17,COL,LAD,5,9,0.0,0.5487043271725309,0.5577,COL,LAD,0
20240617_MIL@LAA,2024-06-17,LAA,MIL,5,3,1.0,0.4664213939574653,0.4575,MIL,LAA,0
20240617_NYM@TEX,2024-06-17,TEX,NYM,2,14,0.0,0.4991018762219388,0.4903,NYM,NYM,1
20240617_SD@PHI,2024-06-17,PHI,SD,9,2,1.0,0.6334307262338293,0.6424,PHI,PHI,1
20240617_SF@CHC,2024-06-17,CHC,SF,6,7,0.0,0.4582495768300131,0.4493,SF,SF,1
20240617_STL@MIA,2024-06-17,MIA,STL,6,7,0.0,0.4255106007266418,0.4165,STL,STL,1
20240616_ATH@MIN,2024-06-16,MIN,ATH,6,2,1.0,0.7271066357247532,0.7353,MIN,MIN,1
20240616_ATH@MIN,2024-06-16,MIN,ATH,8,7,1.0,0.6638634349894323,0.6727,MIN,MIN,1
20240616_CIN@MIL,2024-06-16,MIL,CIN,5,4,1.0,0.5578449586635192,0.5669,MIL,MIL,1
20240616_CLE@TOR,2024-06-16,TOR,CLE,7,6,1.0,0.49710599043324455,0.4883,CLE,TOR,0
20240616_CWS@AZ,2024-06-16,AZ,CWS,12,5,1.0,0.7562854089229356,0.7641,AZ,AZ,1
20240616_DET@HOU,2024-06-16,HOU,DET,4,1,1.0,0.5091534975376086,0.518,HOU,HOU,1
20240616_KC@LAD,2024-06-16,LAD,KC,3,0,1.0,0.5582739787527222,0.5673,LAD,LAD,1
20240616_LAA@SF,2024-06-16,SF,LAA,13,6,1.0,0.39106427561624424,0.382,LAA,SF,0
20240616_MIA@WSH,2024-06-16,WSH,MIA,3,1,1.0,0.567999746552595,0.577,WSH,WSH,1
20240616_NYY@BOS,2024-06-16,BOS,NYY,9,3,1.0,0.4419129026611667,0.4329,NYY,BOS,0
20240616_PHI@BAL,2024-06-16,BAL,PHI,8,3,1.0,0.5600509586154206,0.5691,BAL,BAL,1
20240616_PIT@COL,2024-06-16,COL,PIT,2,8,0.0,0.5500203985825942,0.559,COL,PIT,0
20240616_SD@NYM,2024-06-16,NYM,SD,11,6,1.0,0.3922386032115293,0.3832,SD,NYM,0
20240616_STL@CHC,2024-06-16,CHC,STL,1,2,0.0,0.6187564089335886,0.6278,CHC,STL,0
20240616_TB@ATL,2024-06-16,ATL,TB,6,8,0.0,0.5876701015052037,0.5967,ATL,TB,0
20240616_TEX@SEA,2024-06-16,SEA,TEX,5,0,1.0,0.5952806990801669,0.6043,SEA,SEA,1
20240615_CIN@MIL,2024-06-15,MIL,CIN,3,1,1.0,0.46358213128296166,0.4546,CIN,MIL,0
20240615_CLE@TOR,2024-06-15,TOR,CLE,5,0,1.0,0.518712306384792,0.5276,TOR,TOR,1
20240615_CWS@AZ,2024-06-15,AZ,CWS,2,9,0.0,0.6638139314041303,0.6726,AZ,CWS,0
20240615_DET@HOU,2024-06-15,HOU,DET,5,13,0.0,0.4948080920640852,0.486,DET,DET,1
20240615_KC@LAD,2024-06-15,LAD,KC,2,7,0.0,0.5518717514781102,0.5609,LAD,KC,0
20240615_LAA@SF,2024-06-15,SF,LAA,3,4,0.0,0.36913262999746976,0.3602,LAA,LAA,1
20240615_MIA@WSH,2024-06-15,WSH,MIA,4,0,1.0,0.5977812225191831,0.6068,WSH,WSH,1
20240615_NYY@BOS,2024-06-15,BOS,NYY,8,4,1.0,0.4036162615021928,0.3946,NYY,BOS,0
20240615_PHI@BAL,2024-06-15,BAL,PHI,6,2,1.0,0.5482185038714437,0.5572,BAL,BAL,1
20240615_PIT@COL,2024-06-15,COL,PIT,16,4,1.0,0.3962739341006104,0.3872,PIT,COL,0
20240615_SD@NYM,2024-06-15,NYM,SD,5,1,1.0,0.4489750417448379,0.44,SD,NYM,0
20240615_STL@CHC,2024-06-15,CHC,STL,5,1,1.0,0.5585118724099983,0.5675,CHC,CHC,1
20240615_TB@ATL,2024-06-15,ATL,TB,9,2,1.0,0.5411791259605475,0.5501,ATL,ATL,1
20240615_TEX@SEA,2024-06-15,SEA,TEX,7,5,1.0,0.6468320157203438,0.6557,SEA,SEA,1
20240614_ATH@MIN,2024-06-14,MIN,ATH,6,5,1.0,0.5712688825548862,0.5803,MIN,MIN,1
20240614_CIN@MIL,2024-06-14,MIL,CIN,5,6,0.0,0.4770037878311016,0.4681,CIN,CIN,1
20240614_CLE@TOR,2024-06-14,TOR,CLE,1,3,0.0,0.437562608248209,0.4285,CLE,CLE,1
20240614_CWS@AZ,2024-06-14,AZ,CWS,7,1,1.0,0.8104117254189959,0.8173,AZ,AZ,1
20240614_DET@HOU,2024-06-14,HOU,DET,4,0,1.0,0.45093993517579817,0.4419,DET,HOU,0
20240614_KC@LAD,2024-06-14,LAD,KC,4,3,1.0,0.4912823105449429,0.4825,KC,LAD,0
20240614_LAA@SF,2024-06-14,SF,LAA,6,8,0.0,0.4979561234732369,0.4892,LAA,LAA,1
20240614_MIA@WSH,2024-06-14,WSH,MIA,8,1,1.0,0.6267296143438281,0.6357,WSH,WSH,1
20240614_NYY@BOS,2024-06-14,BOS,NYY,1,8,0.0,0.3383178418830798,0.3295,NYY,NYY,1
20240614_PHI@BAL,2024-06-14,BAL,PHI,3,5,0.0,0.5557671464323192,0.5648,BAL,PHI,0
20240614_PIT@COL,2024-06-14,COL,PIT,2,5,0.0,0.5094490529114037,0.5183,COL,PIT,0
20240614_SD@NYM,2024-06-14,NYM,SD,2,1,1.0,0.5135037393575832,0.5223,NYM,NYM,1
20240614_STL@CHC,2024-06-14,CHC,STL,0,3,0.0,0.6042609035366704,0.6133,CHC,STL,0
20240614_TB@ATL,2024-06-14,ATL,TB,7,3,1.0,0.6130657242776371,0.6221,ATL,ATL,1
20240614_TEX@SEA,2024-06-14,SEA,TEX,3,2,1.0,0.6365587522312534,0.6455,SEA,SEA,1
20240613_ATH@MIN,2024-06-13,MIN,ATH,6,2,1.0,0.6243605782932805,0.6334,MIN,MIN,1
20240613_ATL@BAL,2024-06-13,BAL,ATL,3,6,0.0,0.5481426560488747,0.5571,BAL,ATL,0
20240613_CHC@TB,2024-06-13,TB,CHC,3,2,1.0,0.5839517493147284,0.593,TB,TB,1
20240613_CWS@SEA,2024-06-13,SEA,CWS,2,3,0.0,0.629446634351933,0.6384,SEA,CWS,0
20240613_LAA@AZ,2024-06-13,AZ,LAA,11,1,1.0,0.5469900767107057,0.556,AZ,AZ,1
20240613_MIA@NYM,2024-06-13,NYM,MIA,3,2,1.0,0.6068682818692498,0.6159,NYM,NYM,1
20240613_NYY@KC,2024-06-13,KC,NYY,4,3,1.0,0.5383585379941732,0.5473,KC,KC,1
20240613_PHI@BOS,2024-06-13,BOS,PHI,9,3,1.0,0.45408664531267046,0.4451,PHI,BOS,0
20240613_PIT@STL,2024-06-13,STL,PIT,4,3,1.0,0.522022632276205,0.5309,STL,STL,1
20240613_TEX@LAD,2024-06-13,LAD,TEX,1,3,0.0,0.46590328391919333,0.457,TEX,TEX,1
20240613_WSH@DET,2024-06-13,DET,WSH,7,2,1.0,0.5823640583196152,0.5914,DET,DET,1
20240612_ATH@SD,2024-06-12,SD,ATH,5,4,1.0,0.5660098512527313,0.5677,SD,SD,1
20240612_ATL@BAL,2024-06-12,BAL,ATL,4,2,1.0,0.622369723801774,0.6355,BAL,BAL,1
20240612_CHC@TB,2024-06-12,TB,CHC,3,4,0.0,0.49017232175301323,0.5,CHC,CHC,1
20240612_CLE@CIN,2024-06-12,CIN,CLE,4,2,1.0,0.46866380467942154,0.4743,CLE,CIN,0
20240612_COL@MIN,2024-06-12,MIN,COL,17,9,1.0,0.5864725398806818,0.5924,MIN,MIN,1
20240612_CWS@SEA,2024-06-12,SEA,CWS,2,1,1.0,0.5988180349016462,0.6073,SEA,SEA,1
20240612_HOU@SF,2024-06-12,SF,HOU,5,3,1.0,0.5209138921164531,0.513,SF,SF,1
20240612_LAA@AZ,2024-06-12,AZ,LAA,3,8,0.0,0.5285493874914587,0.5223,AZ,LAA,0
20240612_MIA@NYM,2024-06-12,NYM,MIA,10,4,1.0,0.5511125937367716,0.5496,NYM,NYM,1
20240612_NYY@KC,2024-06-12,KC,NYY,5,11,0.0,0.4758550841089281,0.4831,NYY,NYY,1
20240612_PHI@BOS,2024-06-12,BOS,PHI,8,6,1.0,0.4630456117782147,0.4675,PHI,BOS,0
20240612_PIT@STL,2024-06-12,STL,PIT,4,2,1.0,0.492298827184777,0.5,PIT,STL,0
20240612_TEX@LAD,2024-06-12,LAD,TEX,2,3,0.0,0.5964273012527809,0.6044,LAD,TEX,0
20240612_TOR@MIL,2024-06-12,MIL,TOR,5,4,1.0,0.5437184379343966,0.5407,MIL,MIL,1
20240612_WSH@DET,2024-06-12,DET,WSH,5,7,0.0,0.5076340071376327,0.5,DET,WSH,0
20240611_ATH@SD,2024-06-11,SD,ATH,4,3,1.0,0.5673801223923107,0.5693,SD,SD,1
20240611_ATL@BAL,2024-06-11,BAL,ATL,4,0,1.0,0.5658500840144414,0.5675,BAL,BAL,1
20240611_CHC@TB,2024-06-11,TB,CHC,5,2,1.0,0.5194276712025249,0.5112,TB,TB,1
20240611_CLE@CIN,2024-06-11,CIN,CLE,3,5,0.0,0.45668022841349115,0.4598,CLE,CLE,1
20240611_COL@MIN,2024-06-11,MIN,COL,4,5,0.0,0.6225808988515501,0.6358,MIN,COL,0
20240611_CWS@SEA,2024-06-11,SEA,CWS,4,3,1.0,0.5895707863735815,0.5961,SEA,SEA,1
20240611_HOU@SF,2024-06-11,SF,HOU,1,3,0.0,0.5174270895968873,0.5088,SF,HOU,0
20240611_LAA@AZ,2024-06-11,AZ,LAA,9,4,1.0,0.5502832998713504,0.5486,AZ,AZ,1
20240611_MIA@NYM,2024-06-11,NYM,MIA,2,4,0.0,0.543957872900116,0.541,NYM,MIA,0
20240611_NYY@KC,2024-06-11,KC,NYY,1,10,0.0,0.47978029456109833,0.4878,NYY,NYY,1
20240611_PHI@BOS,2024-06-11,BOS,PHI,1,4,0.0,0.4400309708356836,0.4396,PHI,PHI,1
20240611_PIT@STL,2024-06-11,STL,PIT,1,2,0.0,0.5199410482171142,0.5118,STL,PIT,0
20240611_TEX@LAD,2024-06-11,LAD,TEX,15,2,1.0,0.5759468020346323,0.5797,LAD,LAD,1
20240611_TOR@MIL,2024-06-11,MIL,TOR,0,3,0.0,0.4989750961884701,0.5,TOR,TOR,1
20240611_WSH@DET,2024-06-11,DET,WSH,4,5,0.0,0.5359190268823597,0.5312,DET,WSH,0
20240610_ATH@SD,2024-06-10,SD,ATH,6,1,1.0,0.5188197438350683,0.5105,SD,SD,1
20240610_BAL@TB,2024-06-10,TB,BAL,2,5,0.0,0.46430442821667095,0.4691,BAL,BAL,1
20240610_COL@MIN,2024-06-10,MIN,COL,5,0,1.0,0.5665548678707896,0.5683,MIN,MIN,1
20240610_CWS@SEA,2024-06-10,SEA,CWS,8,4,1.0,0.6358675635159369,0.6516,SEA,SEA,1
20240610_HOU@SF,2024-06-10,SF,HOU,4,3,1.0,0.507613229857904,0.5,SF,SF,1
20240610_NYY@KC,2024-06-10,KC,NYY,2,4,0.0,0.49860292253379057,0.5,NYY,NYY,1
20240610_TOR@MIL,2024-06-10,MIL,TOR,3,1,1.0,0.5580560572633569,0.5581,MIL,MIL,1
20240609_ATL@WSH,2024-06-09,WSH,ATL,8,5,1.0,0.443944739853893,0.4444,ATL,WSH,0
20240609_AZ@SD,2024-06-09,SD,AZ,3,9,0.0,0.5646135692733444,0.566,SD,AZ,0
20240609_BAL@TB,2024-06-09,TB,BAL,2,9,0.0,0.44946209781484736,0.4511,BAL,BAL,1
20240609_BOS@CWS,2024-06-09,CWS,BOS,4,6,0.0,0.4917559690080968,0.5,BOS,BOS,1
20240609_CHC@CIN,2024-06-09,CIN,CHC,2,4,0.0,0.48614814456243666,0.4955,CHC,CHC,1
20240609_CLE@MIA,2024-06-09,MIA,CLE,3,6,0.0,0.46741186590131706,0.4728,CLE,CLE,1
20240609_COL@STL,2024-06-09,STL,COL,5,1,1.0,0.5310198039055077,0.5253,STL,STL,1
20240609_HOU@LAA,2024-06-09,LAA,HOU,9,7,1.0,0.5108226918705633,0.5008,LAA,LAA,1
20240609_LAD@NYY,2024-06-09,NYY,LAD,6,4,1.0,0.5262005448976571,0.5194,NYY,NYY,1
20240609_MIL@DET,2024-06-09,DET,MIL,10,2,1.0,0.5214813789276831,0.5137,DET,DET,1
20240609_MIN@PIT,2024-06-09,PIT,MIN,5,11,0.0,0.5158486582363482,0.5069,PIT,MIN,0
20240609_NYM@PHI,2024-06-09,PHI,NYM,5,6,0.0,0.6189738506115156,0.6314,PHI,NYM,0
20240609_SEA@KC,2024-06-09,KC,SEA,5,6,0.0,0.5542567193112923,0.5534,KC,SEA,0
20240609_SF@TEX,2024-06-09,TEX,SF,7,2,1.0,0.48781007391260045,0.4976,SF,TEX,0
20240609_TOR@ATH,2024-06-09,ATH,TOR,4,6,0.0,0.5076277868787784,0.5,ATH,TOR,0
20240608_ATL@WSH,2024-06-08,WSH,ATL,7,3,1.0,0.49514173209227563,0.5,ATL,WSH,0
20240608_AZ@SD,2024-06-08,SD,AZ,13,1,1.0,0.5582703883226883,0.5583,SD,SD,1
20240608_BAL@TB,2024-06-08,TB,BAL,0,5,0.0,0.4416534460151221,0.4416,BAL,BAL,1
20240608_BOS@CWS,2024-06-08,CWS,BOS,6,1,1.0,0.4241713284883625,0.4204,BOS,CWS,0
20240608_CHC@CIN,2024-06-08,CIN,CHC,4,3,1.0,0.5212333367148952,0.5134,CIN,CIN,1
20240608_CLE@MIA,2024-06-08,MIA,CLE,0,8,0.0,0.4507896223282412,0.4527,CLE,CLE,1
20240608_COL@STL,2024-06-08,STL,COL,5,6,0.0,0.5607906134337851,0.5614,STL,COL,0
20240608_HOU@LAA,2024-06-08,LAA,HOU,1,6,0.0,0.49289767410999513,0.5,HOU,HOU,1
20240608_LAD@NYY,2024-06-08,NYY,LAD,3,11,0.0,0.5918625252730089,0.5989,NYY,LAD,0
20240608_MIL@DET,2024-06-08,DET,MIL,4,5,0.0,0.4941316767423582,0.5,MIL,MIL,1
20240608_MIN@PIT,2024-06-08,PIT,MIN,4,0,1.0,0.5080254340176131,0.5,PIT,PIT,1
20240608_PHI@NYM,2024-06-08,NYM,PHI,2,7,0.0,0.49027484090606765,0.5,PHI,PHI,1
20240608_SEA@KC,2024-06-08,KC,SEA,8,4,1.0,0.5785075673494846,0.5828,KC,KC,1
20240608_SF@TEX,2024-06-08,TEX,SF,1,3,0.0,0.4742984275959714,0.4812,SF,SF,1
20240608_TOR@ATH,2024-06-08,ATH,TOR,0,7,0.0,0.4884236299721654,0.4983,TOR,TOR,1
20240607_ATL@WSH,2024-06-07,WSH,ATL,2,1,1.0,0.4642102746180703,0.4689,ATL,WSH,0
20240607_AZ@SD,2024-06-07,SD,AZ,10,3,1.0,0.5555006900033516,0.555,SD,SD,1
20240607_BAL@TB,2024-06-07,TB,BAL,3,6,0.0,0.46832364392666687,0.4739,BAL,BAL,1
20240607_BOS@CWS,2024-06-07,CWS,BOS,7,2,1.0,0.500441348370732,0.5,CWS,CWS,1
20240607_CHC@CIN,2024-06-07,CIN,CHC,3,2,1.0,0.5020504878526045,0.5,CIN,CIN,1
20240607_CLE@MIA,2024-06-07,MIA,CLE,3,2,1.0,0.45257340418973674,0.4548,CLE,MIA,0
20240607_COL@STL,2024-06-07,STL,COL,8,5,1.0,0.5163417878032368,0.5075,STL,STL,1
20240607_HOU@LAA,2024-06-07,LAA,HOU,1,7,0.0,0.5141977645421981,0.5049,LAA,HOU,0
20240607_LAD@NYY,2024-06-07,NYY,LAD,1,2,0.0,0.5557069707488752,0.5552,NYY,LAD,0
20240607_MIL@DET,2024-06-07,DET,MIL,0,10,0.0,0.5200041062395457,0.5119,DET,MIL,0
20240607_MIN@PIT,2024-06-07,PIT,MIN,3,0,1.0,0.506371218589431,0.5,PIT,PIT,1
20240607_SEA@KC,2024-06-07,KC,SEA,10,9,1.0,0.5407358952375196,0.5371,KC,KC,1
20240607_SF@TEX,2024-06-07,TEX,SF,2,5,0.0,0.534727876004098,0.5298,TEX,SF,0
20240607_TOR@ATH,2024-06-07,ATH,TOR,2,1,1.0,0.4790533081033277,0.4869,TOR,ATH,0
20240606_ATL@WSH,2024-06-06,WSH,ATL,2,5,0.0,0.455314782063241,0.4582,ATL,ATL,1
20240606_AZ@SD,2024-06-06,SD,AZ,3,4,0.0,0.5504915112777448,0.5489,SD,AZ,0
20240606_BAL@TOR,2024-06-06,TOR,BAL,6,5,1.0,0.4562827398304322,0.4593,BAL,TOR,0
20240606_BOS@CWS,2024-06-06,CWS,BOS,2,14,0.0,0.42285082976146554,0.4188,BOS,BOS,1
20240606_CHC@CIN,2024-06-06,CIN,CHC,8,4,1.0,0.4763434252048233,0.4837,CHC,CIN,0
20240606_COL@STL,2024-06-06,STL,COL,2,3,0.0,0.5517531321493883,0.5504,STL,COL,0
20240606_KC@CLE,2024-06-06,CLE,KC,3,4,0.0,0.561995503794117,0.5628,CLE,KC,0
20240606_LAD@PIT,2024-06-06,PIT,LAD,7,11,0.0,0.49709916251934444,0.5,LAD,LAD,1
20240606_MIN@NYY,2024-06-06,NYY,MIN,8,5,1.0,0.6431304971646947,0.6602,NYY,NYY,1
20240606_SEA@ATH,2024-06-06,ATH,SEA,0,3,0.0,0.4804483961656334,0.4886,SEA,SEA,1
20240605_ATL@BOS,2024-06-05,BOS,ATL,9,0,1.0,0.47316172566005116,0.4802,ATL,BOS,0
20240605_BAL@TOR,2024-06-05,TOR,BAL,3,2,1.0,0.49662961327977706,0.4984,BAL,TOR,0
20240605_CIN@COL,2024-06-05,COL,CIN,7,12,0.0,0.559170590631199,0.5449,COL,CIN,0
20240605_CWS@CHC,2024-06-05,CHC,CWS,7,6,1.0,0.5733354673690597,0.5559,CHC,CHC,1
20240605_DET@TEX,2024-06-05,TEX,DET,9,1,1.0,0.4265532400151933,0.444,DET,TEX,0
20240605_LAD@PIT,2024-06-05,PIT,LAD,10,6,1.0,0.5741819292747194,0.5566,PIT,PIT,1
20240605_MIL@PHI,2024-06-05,PHI,MIL,2,0,1.0,0.589031571444966,0.5682,PHI,PHI,1
20240605_MIN@NYY,2024-06-05,NYY,MIN,9,5,1.0,0.6216418248092472,0.5939,NYY,NYY,1
20240605_NYM@WSH,2024-06-05,WSH,NYM,1,9,0.0,0.48770889779605353,0.4915,NYM,NYM,1
20240605_SD@LAA,2024-06-05,LAA,SD,3,2,1.0,0.43616582006647703,0.4515,SD,LAA,0
20240605_SEA@ATH,2024-06-05,ATH,SEA,2,1,1.0,0.49528202139818983,0.4974,SEA,ATH,0
20240605_SF@AZ,2024-06-05,AZ,SF,3,9,0.0,0.4922227645314708,0.495,SF,SF,1
20240605_STL@HOU,2024-06-05,HOU,STL,2,4,0.0,0.5324046003367093,0.5241,HOU,STL,0
20240605_TB@MIA,2024-06-05,MIA,TB,3,5,0.0,0.5130374056921951,0.5091,MIA,TB,0
20240604_ATL@BOS,2024-06-04,BOS,ATL,3,8,0.0,0.4746070518578845,0.4814,ATL,ATL,1
20240604_BAL@TOR,2024-06-04,TOR,BAL,1,10,0.0,0.4526267246350368,0.4643,BAL,BAL,1
20240604_CIN@COL,2024-06-04,COL,CIN,1,4,0.0,0.4925098377844814,0.4952,CIN,CIN,1
20240604_CWS@CHC,2024-06-04,CHC,CWS,7,6,1.0,0.5434389113258994,0.5326,CHC,CHC,1
20240604_DET@TEX,2024-06-04,TEX,DET,1,3,0.0,0.5491311033998243,0.5371,TEX,DET,0
20240604_KC@CLE,2024-06-04,CLE,KC,8,5,1.0,0.4710385451711736,0.4786,KC,CLE,0
20240604_LAD@PIT,2024-06-04,PIT,LAD,1,0,1.0,0.5241543205553969,0.5177,PIT,PIT,1
20240604_MIL@PHI,2024-06-04,PHI,MIL,2,1,1.0,0.5683045106976388,0.552,PHI,PHI,1
20240604_MIN@NYY,2024-06-04,NYY,MIN,5,1,1.0,0.6045951614620729,0.5804,NYY,NYY,1
20240604_NYM@WSH,2024-06-04,WSH,NYM,3,6,0.0,0.44641254528481883,0.4595,NYM,NYM,1
20240604_SD@LAA,2024-06-04,LAA,SD,4,2,1.0,0.4035184366338221,0.4259,SD,LAA,0
20240604_SEA@ATH,2024-06-04,ATH,SEA,3,4,0.0,0.4913559589890284,0.4943,SEA,SEA,1
20240604_SF@AZ,2024-06-04,AZ,SF,8,5,1.0,0.5686712262141784,0.5523,AZ,AZ,1
20240604_STL@HOU,2024-06-04,HOU,STL,8,5,1.0,0.5530259882535528,0.5401,HOU,HOU,1
20240604_TB@MIA,2024-06-04,MIA,TB,5,9,0.0,0.507315724228961,0.5046,MIA,TB,0
20240603_BAL@TOR,2024-06-03,TOR,BAL,2,7,0.0,0.44058317303701,0.4549,BAL,BAL,1
20240603_CIN@COL,2024-06-03,COL,CIN,3,13,0.0,0.5386848588859181,0.5289,COL,CIN,0
20240603_DET@TEX,2024-06-03,TEX,DET,1,2,0.0,0.4788809350548096,0.4847,DET,DET,1
20240603_MIL@PHI,2024-06-03,PHI,MIL,3,1,1.0,0.6147354842970555,0.5884,PHI,PHI,1
20240603_NYM@WSH,2024-06-03,WSH,NYM,7,8,0.0,0.513807806543439,0.5097,WSH,NYM,0
20240603_SD@LAA,2024-06-03,LAA,SD,2,1,1.0,0.5035576089741857,0.5017,LAA,LAA,1
20240603_SF@AZ,2024-06-03,AZ,SF,4,2,1.0,0.5094621056536137,0.5063,AZ,AZ,1
20240603_STL@HOU,2024-06-03,HOU,STL,7,4,1.0,0.5770328797634279,0.5588,HOU,HOU,1
20240602_ATH@ATL,2024-06-02,ATL,ATH,3,1,1.0,0.54000886232536,0.53,ATL,ATL,1
20240602_AZ@NYM,2024-06-02,NYM,AZ,4,5,0.0,0.4953454955988762,0.4974,AZ,AZ,1
20240602_CIN@CHC,2024-06-02,CHC,CIN,2,5,0.0,0.558932518408927,0.5447,CHC,CIN,0
20240602_COL@LAD,2024-06-02,LAD,COL,4,0,1.0,0.6446622161718641,0.6123,LAD,LAD,1
20240602_CWS@MIL,2024-06-02,MIL,CWS,6,3,1.0,0.6067238461207364,0.5821,MIL,MIL,1
20240602_DET@BOS,2024-06-02,BOS,DET,4,8,0.0,0.5179780187742241,0.5129,BOS,DET,0
20240602_LAA@SEA,2024-06-02,SEA,LAA,5,1,1.0,0.60068989093228,0.5774,SEA,SEA,1
20240602_MIN@HOU,2024-06-02,HOU,MIN,3,4,0.0,0.5156523855180448,0.5111,HOU,MIN,0
20240602_NYY@SF,2024-06-02,SF,NYY,5,7,0.0,0.4567235436714424,0.4675,NYY,NYY,1
20240602_PIT@TOR,2024-06-02,TOR,PIT,5,4,1.0,0.5695320148124803,0.5529,TOR,TOR,1
20240602_SD@KC,2024-06-02,KC,SD,4,3,1.0,0.5630409922584989,0.5479,KC,KC,1
20240602_STL@PHI,2024-06-02,PHI,STL,4,5,0.0,0.6260071062285427,0.5974,PHI,STL,0
20240602_TB@BAL,2024-06-02,BAL,TB,3,4,0.0,0.6356210190779705,0.6051,BAL,TB,0
20240602_TEX@MIA,2024-06-02,MIA,TEX,0,6,0.0,0.4004144855868706,0.4235,TEX,TEX,1
20240602_WSH@CLE,2024-06-02,CLE,WSH,2,5,0.0,0.5605904464467255,0.546,CLE,WSH,0
20240601_ATH@ATL,2024-06-01,ATL,ATH,9,11,0.0,0.6446915346927591,0.6123,ATL,ATH,0
20240601_AZ@NYM,2024-06-01,NYM,AZ,5,10,0.0,0.5182964911894867,0.5131,NYM,AZ,0
20240601_CIN@CHC,2024-06-01,CHC,CIN,7,5,1.0,0.5218514809005711,0.5159,CHC,CHC,1
20240601_COL@LAD,2024-06-01,LAD,COL,4,1,1.0,0.6015915471723605,0.5781,LAD,LAD,1
20240601_CWS@MIL,2024-06-01,MIL,CWS,4,3,1.0,0.5907735866754507,0.5696,MIL,MIL,1
20240601_DET@BOS,2024-06-01,BOS,DET,6,3,1.0,0.5608456460492178,0.5462,BOS,BOS,1
20240601_LAA@SEA,2024-06-01,SEA,LAA,9,0,1.0,0.5514555071780597,0.5389,SEA,SEA,1
20240601_MIN@HOU,2024-06-01,HOU,MIN,5,2,1.0,0.4737600335835372,0.4807,MIN,HOU,0
20240601_NYY@SF,2024-06-01,SF,NYY,3,7,0.0,0.5273756794579973,0.5202,SF,NYY,0
20240601_PIT@TOR,2024-06-01,TOR,PIT,1,8,0.0,0.5674367119782376,0.5513,TOR,PIT,0
20240601_SD@KC,2024-06-01,KC,SD,3,7,0.0,0.5856306105462198,0.5655,KC,SD,0
20240601_STL@PHI,2024-06-01,PHI,STL,6,1,1.0,0.6330457325979713,0.603,PHI,PHI,1
20240601_TB@BAL,2024-06-01,BAL,TB,9,5,1.0,0.6533175377394298,0.6192,BAL,BAL,1
20240601_TEX@MIA,2024-06-01,MIA,TEX,0,7,0.0,0.48416029292626067,0.4888,TEX,TEX,1
20240601_WSH@CLE,2024-06-01,CLE,WSH,3,2,1.0,0.5586578281148744,0.5445,CLE,CLE,1
20240531_ATH@ATL,2024-05-31,ATL,ATH,4,2,1.0,0.6112301248231714,0.5857,ATL,ATL,1
20240531_AZ@NYM,2024-05-31,NYM,AZ,10,9,1.0,0.46218882174171516,0.4717,AZ,NYM,0
20240531_CIN@CHC,2024-05-31,CHC,CIN,4,5,0.0,0.5507904471299953,0.5383,CHC,CIN,0
20240531_COL@LAD,2024-05-31,LAD,COL,1,4,0.0,0.6677460770497156,0.6309,LAD,COL,0
20240531_CWS@MIL,2024-05-31,MIL,CWS,12,5,1.0,0.5694426606800561,0.5529,MIL,MIL,1
20240531_DET@BOS,2024-05-31,BOS,DET,7,3,1.0,0.4765727159675321,0.4829,DET,BOS,0
20240531_LAA@SEA,2024-05-31,SEA,LAA,5,4,1.0,0.5788640717813074,0.5602,SEA,SEA,1
20240531_MIN@HOU,2024-05-31,HOU,MIN,1,6,0.0,0.5400754828810023,0.53,HOU,MIN,0
20240531_NYY@SF,2024-05-31,SF,NYY,2,6,0.0,0.41716396609070877,0.4367,NYY,NYY,1
20240531_PIT@TOR,2024-05-31,TOR,PIT,5,3,1.0,0.5377741553214974,0.5282,TOR,TOR,1
20240531_SD@KC,2024-05-31,KC,SD,8,11,0.0,0.5430178637170566,0.5323,KC,SD,0
20240531_STL@PHI,2024-05-31,PHI,STL,4,2,1.0,0.5647957274431162,0.5492,PHI,PHI,1
20240531_TB@BAL,2024-05-31,BAL,TB,3,1,1.0,0.6393351906809709,0.608,BAL,BAL,1
20240531_TEX@MIA,2024-05-31,MIA,TEX,8,2,1.0,0.494766023834892,0.497,TEX,MIA,0
20240531_WSH@CLE,2024-05-31,CLE,WSH,7,1,1.0,0.6348241224210046,0.6044,CLE,CLE,1
20240530_ATH@TB,2024-05-30,TB,ATH,6,5,1.0,0.5760386942602246,0.558,TB,TB,1
20240530_AZ@NYM,2024-05-30,NYM,AZ,3,2,1.0,0.43056403227803,0.4471,AZ,NYM,0
20240530_CHC@MIL,2024-05-30,MIL,CHC,6,4,1.0,0.6111710275426967,0.5856,MIL,MIL,1
20240530_DET@BOS,2024-05-30,BOS,DET,0,5,0.0,0.542210232285873,0.5317,BOS,DET,0
20240530_HOU@SEA,2024-05-30,SEA,HOU,0,4,0.0,0.5688907007027939,0.5524,SEA,HOU,0
20240530_KC@MIN,2024-05-30,MIN,KC,7,6,1.0,0.5799059162840408,0.561,MIN,MIN,1
20240530_NYY@LAA,2024-05-30,LAA,NYY,3,8,0.0,0.42344934765233705,0.4416,NYY,NYY,1
20240530_WSH@ATL,2024-05-30,ATL,WSH,1,3,0.0,0.5202733486863207,0.5147,ATL,WSH,0
20240529_ATH@TB,2024-05-29,TB,ATH,4,3,1.0,0.5665730286737101,0.5428,TB,TB,1
20240529_AZ@TEX,2024-05-29,TEX,AZ,6,1,1.0,0.5154761366924262,0.5166,TEX,TEX,1
20240529_BOS@BAL,2024-05-29,BAL,BOS,6,1,1.0,0.5139646557640124,0.5158,BAL,BAL,1
20240529_CHC@MIL,2024-05-29,MIL,CHC,10,6,1.0,0.5327446293650027,0.5254,MIL,MIL,1
20240529_CLE@COL,2024-05-29,COL,CLE,7,4,1.0,0.4593240205248209,0.4705,CLE,COL,0
20240529_HOU@SEA,2024-05-29,SEA,HOU,2,1,1.0,0.5678113837294714,0.5435,SEA,SEA,1
20240529_KC@MIN,2024-05-29,MIN,KC,1,6,0.0,0.5527756495676341,0.5357,MIN,KC,0
20240529_LAD@NYM,2024-05-29,NYM,LAD,3,10,0.0,0.47599614150925623,0.4791,LAD,LAD,1
20240529_MIA@SD,2024-05-29,SD,MIA,1,9,0.0,0.5681341950289835,0.5436,SD,MIA,0
20240529_NYY@LAA,2024-05-29,LAA,NYY,1,2,0.0,0.4809925731289626,0.4816,NYY,NYY,1
20240529_PHI@SF,2024-05-29,SF,PHI,1,6,0.0,0.5305770117366967,0.5243,SF,PHI,0
20240529_PIT@DET,2024-05-29,DET,PIT,2,10,0.0,0.4798979277411403,0.4811,PIT,PIT,1
20240529_PIT@DET,2024-05-29,DET,PIT,8,0,1.0,0.5103692460179605,0.5139,DET,DET,1
20240529_STL@CIN,2024-05-29,CIN,STL,3,5,0.0,0.4592984099579834,0.4705,STL,STL,1
20240529_TOR@CWS,2024-05-29,CWS,TOR,1,3,0.0,0.532476673143577,0.5253,CWS,TOR,0
20240529_WSH@ATL,2024-05-29,ATL,WSH,2,7,0.0,0.5054000142343805,0.5114,ATL,WSH,0
20240528_ATH@TB,2024-05-28,TB,ATH,0,3,0.0,0.49699255328021047,0.4898,ATH,ATH,1
20240528_AZ@TEX,2024-05-28,TEX,AZ,4,2,1.0,0.47662886267078725,0.4794,AZ,TEX,0
20240528_BOS@BAL,2024-05-28,BAL,BOS,3,8,0.0,0.5365920114670878,0.5274,BAL,BOS,0
20240528_CHC@MIL,2024-05-28,MIL,CHC,3,6,0.0,0.5498578095782344,0.5342,MIL,CHC,0
20240528_CLE@COL,2024-05-28,COL,CLE,7,13,0.0,0.48978698293828604,0.4861,CLE,CLE,1
20240528_HOU@SEA,2024-05-28,SEA,HOU,4,2,1.0,0.5710621252458474,0.5451,SEA,SEA,1
20240528_KC@MIN,2024-05-28,MIN,KC,4,2,1.0,0.5695415545075064,0.5444,MIN,MIN,1
20240528_LAD@NYM,2024-05-28,NYM,LAD,2,5,0.0,0.4667212949145926,0.4743,LAD,LAD,1
20240528_LAD@NYM,2024-05-28,NYM,LAD,0,3,0.0,0.5220757656405204,0.5199,NYM,LAD,0
20240528_MIA@SD,2024-05-28,SD,MIA,4,0,1.0,0.5656092520161841,0.5423,SD,SD,1
20240528_NYY@LAA,2024-05-28,LAA,NYY,4,3,1.0,0.49236493985172264,0.4875,NYY,LAA,0
20240528_PHI@SF,2024-05-28,SF,PHI,1,0,1.0,0.5172004217835078,0.5174,SF,SF,1
20240528_STL@CIN,2024-05-28,CIN,STL,1,7,0.0,0.47970852798571634,0.481,STL,STL,1
20240528_TOR@CWS,2024-05-28,CWS,TOR,2,7,0.0,0.486351488662972,0.4844,TOR,TOR,1
20240528_WSH@ATL,2024-05-28,ATL,WSH,2,0,1.0,0.549030480456176,0.5338,ATL,ATL,1
20240527_BOS@BAL,2024-05-27,BAL,BOS,11,3,1.0,0.5263588823682147,0.5221,BAL,BAL,1
20240527_CHC@MIL,2024-05-27,MIL,CHC,5,1,1.0,0.5530809656655364,0.5359,MIL,MIL,1
20240527_CLE@COL,2024-05-27,COL,CLE,8,6,1.0,0.4710062083591982,0.4765,CLE,COL,0
20240527_HOU@SEA,2024-05-27,SEA,HOU,3,2,1.0,0.5272459375435542,0.5226,SEA,SEA,1
20240527_KC@MIN,2024-05-27,MIN,KC,6,5,1.0,0.5332390954008189,0.5257,MIN,MIN,1
20240527_MIA@SD,2024-05-27,SD,MIA,2,1,1.0,0.5331672460674044,0.5256,SD,SD,1
20240527_PHI@SF,2024-05-27,SF,PHI,8,4,1.0,0.48219521629926254,0.4823,PHI,SF,0
20240527_STL@CIN,2024-05-27,CIN,STL,3,1,1.0,0.46359431038367027,0.4727,STL,CIN,0
20240527_TOR@CWS,2024-05-27,CWS,TOR,1,5,0.0,0.49168667988969483,0.4871,TOR,TOR,1
20240527_WSH@ATL,2024-05-27,ATL,WSH,4,8,0.0,0.5296776684264466,0.5238,ATL,WSH,0
20240526_ATL@PIT,2024-05-26,PIT,ATL,1,8,0.0,0.5120197609554507,0.5148,PIT,ATL,0
20240526_BAL@CWS,2024-05-26,CWS,BAL,1,4,0.0,0.5138010386529235,0.5157,CWS,BAL,0
20240526_CHC@STL,2024-05-26,STL,CHC,4,3,1.0,0.494020735722657,0.4883,CHC,STL,0
20240526_CLE@LAA,2024-05-26,LAA,CLE,4,5,0.0,0.4875104520470708,0.485,CLE,CLE,1
20240526_HOU@ATH,2024-05-26,ATH,HOU,2,5,0.0,0.5080642280304316,0.5128,ATH,HOU,0
20240526_KC@TB,2024-05-26,TB,KC,4,1,1.0,0.49658706433842553,0.4896,KC,TB,0
20240526_LAD@CIN,2024-05-26,CIN,LAD,4,1,1.0,0.4420656498764597,0.4616,LAD,CIN,0
20240526_MIA@AZ,2024-05-26,AZ,MIA,1,3,0.0,0.535125650577063,0.5266,AZ,MIA,0
20240526_MIL@BOS,2024-05-26,BOS,MIL,2,1,1.0,0.4899197469091894,0.4862,MIL,BOS,0
20240526_NYY@SD,2024-05-26,SD,NYY,5,2,1.0,0.4657462580391603,0.4738,NYY,SD,0
20240526_PHI@COL,2024-05-26,COL,PHI,5,2,1.0,0.48557593028511586,0.484,PHI,COL,0
20240526_SEA@WSH,2024-05-26,WSH,SEA,5,9,0.0,0.4804800206022861,0.4814,SEA,SEA,1
20240526_SF@NYM,2024-05-26,NYM,SF,4,3,1.0,0.5301529088970687,0.5241,NYM,NYM,1
20240526_TEX@MIN,2024-05-26,MIN,TEX,2,6,0.0,0.5515106852794662,0.535,MIN,TEX,0
20240526_TOR@DET,2024-05-26,DET,TOR,14,11,1.0,0.541713553350912,0.53,DET,DET,1
20240525_ATL@PIT,2024-05-25,PIT,ATL,4,1,1.0,0.49754447171094157,0.4901,ATL,PIT,0
20240525_BAL@CWS,2024-05-25,CWS,BAL,3,5,0.0,0.5573287229044387,0.538,CWS,BAL,0
20240525_CHC@STL,2024-05-25,STL,CHC,7,6,1.0,0.5259033780398159,0.5219,STL,STL,1
20240525_CLE@LAA,2024-05-25,LAA,CLE,3,4,0.0,0.48719767592448665,0.4848,CLE,CLE,1
20240525_HOU@ATH,2024-05-25,ATH,HOU,3,1,1.0,0.525473930773752,0.5217,ATH,ATH,1
20240525_KC@TB,2024-05-25,TB,KC,4,7,0.0,0.47329346504533687,0.4777,KC,KC,1
20240525_LAD@CIN,2024-05-25,CIN,LAD,3,1,1.0,0.4426510627911364,0.4619,LAD,CIN,0
20240525_MIA@AZ,2024-05-25,AZ,MIA,3,2,1.0,0.5502114782799477,0.5344,AZ,AZ,1
20240525_MIL@BOS,2024-05-25,BOS,MIL,3,6,0.0,0.5069556414392237,0.5122,BOS,MIL,0
20240525_NYY@SD,2024-05-25,SD,NYY,1,4,0.0,0.46796680414030484,0.475,NYY,NYY,1
20240525_PHI@COL,2024-05-25,COL,PHI,4,8,0.0,0.4847894152738056,0.4836,PHI,PHI,1
20240525_SEA@WSH,2024-05-25,WSH,SEA,3,1,1.0,0.504479014019704,0.5109,WSH,WSH,1
20240525_SF@NYM,2024-05-25,NYM,SF,2,7,0.0,0.5278195161593318,0.5229,NYM,SF,0
20240525_TEX@MIN,2024-05-25,MIN,TEX,5,3,1.0,0.5691140616741232,0.5441,MIN,MIN,1
20240525_TOR@DET,2024-05-25,DET,TOR,2,1,1.0,0.5206740865174965,0.5192,DET,DET,1
20240524_ATL@PIT,2024-05-24,PIT,ATL,11,5,1.0,0.4539583345596431,0.4678,ATL,PIT,0
20240524_BAL@CWS,2024-05-24,CWS,BAL,4,6,0.0,0.5414980203088943,0.5299,CWS,BAL,0
20240524_CLE@LAA,2024-05-24,LAA,CLE,4,10,0.0,0.5021712407329563,0.5097,LAA,CLE,0
20240524_HOU@ATH,2024-05-24,ATH,HOU,3,6,0.0,0.5140454517986391,0.5158,ATH,HOU,0
20240524_KC@TB,2024-05-24,TB,KC,1,8,0.0,0.47000834160642585,0.476,KC,KC,1
20240524_LAD@CIN,2024-05-24,CIN,LAD,9,6,1.0,0.47048641391882096,0.4763,LAD,CIN,0
20240524_MIA@AZ,2024-05-24,AZ,MIA,0,3,0.0,0.5585353601915102,0.5387,AZ,MIA,0
20240524_MIL@BOS,2024-05-24,BOS,MIL,2,7,0.0,0.515166550211618,0.5164,BOS,MIL,0
20240524_NYY@SD,2024-05-24,SD,NYY,0,8,0.0,0.4667037686065688,0.4743,NYY,NYY,1
20240524_PHI@COL,2024-05-24,COL,PHI,3,2,1.0,0.4462066484456464,0.4638,PHI,COL,0
20240524_SEA@WSH,2024-05-24,WSH,SEA,6,1,1.0,0.4967076198696025,0.4897,SEA,WSH,0
20240524_SF@NYM,2024-05-24,NYM,SF,7,8,0.0,0.5141551627467523,0.5159,NYM,SF,0
20240524_TEX@MIN,2024-05-24,MIN,TEX,3,2,1.0,0.5754737601767895,0.5474,MIN,MIN,1
20240524_TOR@DET,2024-05-24,DET,TOR,6,2,1.0,0.4942001749581551,0.4884,TOR,DET,0
20240523_ATL@CHC,2024-05-23,CHC,ATL,0,3,0.0,0.47058831826696984,0.4763,ATL,ATL,1
20240523_BAL@CWS,2024-05-23,CWS,BAL,6,8,0.0,0.5176996298672473,0.5177,CWS,BAL,0
20240523_COL@ATH,2024-05-23,ATH,COL,10,9,1.0,0.5430734629656564,0.5307,ATH,ATH,1
20240523_SD@CIN,2024-05-23,CIN,SD,4,6,0.0,0.4731147959792268,0.4776,SD,SD,1
20240523_SEA@NYY,2024-05-23,NYY,SEA,5,0,1.0,0.5805487974184396,0.5501,NYY,NYY,1
20240523_SF@PIT,2024-05-23,PIT,SF,6,7,0.0,0.46279757757753825,0.4723,SF,SF,1
20240523_TEX@PHI,2024-05-23,PHI,TEX,5,2,1.0,0.6216770550769347,0.5717,PHI,PHI,1
20240523_TOR@DET,2024-05-23,DET,TOR,1,9,0.0,0.508977512173798,0.5132,DET,TOR,0
20240522_ATL@CHC,2024-05-22,CHC,ATL,2,9,0.0,0.40699569314220835,0.407,ATL,ATL,1
20240522_AZ@LAD,2024-05-22,LAD,AZ,0,6,0.0,0.6290688800323166,0.6291,LAD,AZ,0
20240522_BAL@STL,2024-05-22,STL,BAL,5,4,1.0,0.5900211014717106,0.59,STL,STL,1
20240522_BOS@TB,2024-05-22,TB,BOS,5,8,0.0,0.4922613564813543,0.4923,BOS,BOS,1
20240522_COL@ATH,2024-05-22,ATH,COL,3,4,0.0,0.6419872112090645,0.642,ATH,COL,0
20240522_CWS@TOR,2024-05-22,TOR,CWS,9,2,1.0,0.6171662364043131,0.6172,TOR,TOR,1
20240522_DET@KC,2024-05-22,KC,DET,8,3,1.0,0.5803526662888278,0.5804,KC,KC,1
20240522_LAA@HOU,2024-05-22,HOU,LAA,1,2,0.0,0.6244085446204126,0.6244,HOU,LAA,0
20240522_MIL@MIA,2024-05-22,MIA,MIL,1,0,1.0,0.38977610809417174,0.3898,MIL,MIA,0
20240522_MIN@WSH,2024-05-22,WSH,MIN,2,3,0.0,0.4488771730485996,0.4489,MIN,MIN,1
20240522_NYM@CLE,2024-05-22,CLE,NYM,6,3,1.0,0.42387974691246716,0.4239,NYM,CLE,0
20240522_SD@CIN,2024-05-22,CIN,SD,3,7,0.0,0.48079068264790226,0.4808,SD,SD,1
20240522_SEA@NYY,2024-05-22,NYY,SEA,7,3,1.0,0.5955605519587357,0.5956,NYY,NYY,1
20240522_SF@PIT,2024-05-22,PIT,SF,5,9,0.0,0.47296517485444806,0.473,SF,SF,1
20240522_TEX@PHI,2024-05-22,PHI,TEX,11,4,1.0,0.5665778787276867,0.5666,PHI,PHI,1
20240521_ATL@CHC,2024-05-21,CHC,ATL,4,3,1.0,0.47966440624877366,0.4797,ATL,CHC,0
20240521_AZ@LAD,2024-05-21,LAD,AZ,3,7,0.0,0.6255488525965447,0.6255,LAD,AZ,0
20240521_BAL@STL,2024-05-21,STL,BAL,3,1,1.0,0.5429425245436768,0.5429,STL,STL,1
20240521_BOS@TB,2024-05-21,TB,BOS,2,5,0.0,0.4716598086523137,0.4717,BOS,BOS,1
20240521_COL@ATH,2024-05-21,ATH,COL,5,4,1.0,0.5901124302658023,0.5901,ATH,ATH,1
20240521_CWS@TOR,2024-05-21,TOR,CWS,0,5,0.0,0.4898508248791685,0.4899,CWS,CWS,1
20240521_DET@KC,2024-05-21,KC,DET,10,3,1.0,0.48631853195567315,0.4863,DET,KC,0
20240521_LAA@HOU,2024-05-21,HOU,LAA,6,5,1.0,0.5999115314369847,0.5999,HOU,HOU,1
20240521_MIL@MIA,2024-05-21,MIA,MIL,5,7,0.0,0.3934206909024558,0.3934,MIL,MIL,1
20240521_MIN@WSH,2024-05-21,WSH,MIN,0,10,0.0,0.415402700173817,0.4154,MIN,MIN,1
20240521_NYM@CLE,2024-05-21,CLE,NYM,7,6,1.0,0.5120041595526322,0.512,CLE,CLE,1
20240521_SD@CIN,2024-05-21,CIN,SD,2,0,1.0,0.3677077726801651,0.3677,SD,CIN,0
20240521_SEA@NYY,2024-05-21,NYY,SEA,3,6,0.0,0.6812564654081491,0.6813,NYY,SEA,0
20240521_SF@PIT,2024-05-21,PIT,SF,7,6,1.0,0.40337881752674065,0.4034,SF,PIT,0
20240521_TEX@PHI,2024-05-21,PHI,TEX,5,2,1.0,0.5153310323754793,0.5153,PHI,PHI,1
20240520_AZ@LAD,2024-05-20,LAD,AZ,6,4,1.0,0.57952606312695,0.5795,LAD,LAD,1
20240520_BAL@STL,2024-05-20,STL,BAL,6,3,1.0,0.49916273969574065,0.4992,BAL,STL,0
20240520_BOS@TB,2024-05-20,TB,BOS,0,5,0.0,0.5334887082713878,0.5335,TB,BOS,0
20240520_CWS@TOR,2024-05-20,TOR,CWS,9,3,1.0,0.5271336974148448,0.5271,TOR,TOR,1
20240520_DET@KC,2024-05-20,KC,DET,8,3,1.0,0.5251866783090506,0.5252,KC,KC,1
20240520_LAA@HOU,2024-05-20,HOU,LAA,7,9,0.0,0.5916348446058677,0.5916,HOU,LAA,0
20240520_MIL@MIA,2024-05-20,MIA,MIL,3,2,1.0,0.45701040614607863,0.457,MIL,MIA,0
20240520_MIN@WSH,2024-05-20,WSH,MIN,12,3,1.0,0.4421936037067249,0.4422,MIN,WSH,0
20240520_NYM@CLE,2024-05-20,CLE,NYM,3,1,1.0,0.43347247139002265,0.4335,NYM,CLE,0
20240520_SD@ATL,2024-05-20,ATL,SD,3,0,1.0,0.565972474536238,0.566,ATL,ATL,1
20240520_SD@ATL,2024-05-20,ATL,SD,5,6,0.0,0.5377752982831832,0.5378,ATL,SD,0
20240520_SEA@NYY,2024-05-20,NYY,SEA,4,5,0.0,0.6016040819416972,0.6016,NYY,SEA,0
20240519_ATH@KC,2024-05-19,KC,ATH,8,4,1.0,0.5815502661426265,0.5816,KC,KC,1
20240519_BOS@STL,2024-05-19,STL,BOS,3,11,0.0,0.522888081163304,0.5229,STL,BOS,0
20240519_CIN@LAD,2024-05-19,LAD,CIN,3,2,1.0,0.6444558078151265,0.6445,LAD,LAD,1
20240519_COL@SF,2024-05-19,SF,COL,4,1,1.0,0.48130200676689405,0.4813,COL,SF,0
20240519_CWS@NYY,2024-05-19,NYY,CWS,7,2,1.0,0.7365572021384479,0.7366,NYY,NYY,1
20240519_DET@AZ,2024-05-19,AZ,DET,6,4,1.0,0.43866178326815053,0.4387,DET,AZ,0
20240519_LAA@TEX,2024-05-19,TEX,LAA,1,4,0.0,0.44867466646880455,0.4487,LAA,LAA,1
20240519_MIL@HOU,2024-05-19,HOU,MIL,9,4,1.0,0.5042194172627661,0.5042,HOU,HOU,1
20240519_MIN@CLE,2024-05-19,CLE,MIN,5,2,1.0,0.562981893964884,0.563,CLE,CLE,1
20240519_NYM@MIA,2024-05-19,MIA,NYM,3,7,0.0,0.37043903751482404,0.3704,NYM,NYM,1
20240519_PIT@CHC,2024-05-19,CHC,PIT,2,3,0.0,0.4950751119589877,0.4951,PIT,PIT,1
20240519_SD@ATL,2024-05-19,ATL,SD,1,9,0.0,0.5058870182665397,0.5059,ATL,SD,0
20240519_SEA@BAL,2024-05-19,BAL,SEA,6,3,1.0,0.4904387515553041,0.4904,SEA,BAL,0
20240519_TB@TOR,2024-05-19,TOR,TB,5,2,1.0,0.5015071740110841,0.5015,TOR,TOR,1
20240519_WSH@PHI,2024-05-19,PHI,WSH,11,5,1.0,0.5869027152183207,0.5869,PHI,PHI,1
20240518_ATH@KC,2024-05-18,KC,ATH,5,3,1.0,0.5247161069110722,0.5247,KC,KC,1
20240518_BOS@STL,2024-05-18,STL,BOS,7,2,1.0,0.49791322520291614,0.4979,BOS,STL,0
20240518_CIN@LAD,2024-05-18,LAD,CIN,4,0,1.0,0.6389574521003747,0.639,LAD,LAD,1
20240518_COL@SF,2024-05-18,SF,COL,14,4,1.0,0.5704135072430935,0.5704,SF,SF,1
20240518_CWS@NYY,2024-05-18,NYY,CWS,6,1,1.0,0.7318927812322326,0.7319,NYY,NYY,1
20240518_DET@AZ,2024-05-18,AZ,DET,3,8,0.0,0.4656952746753346,0.4657,DET,DET,1
20240518_LAA@TEX,2024-05-18,TEX,LAA,3,2,1.0,0.5405858995915376,0.5406,TEX,TEX,1
20240518_MIL@HOU,2024-05-18,HOU,MIL,2,4,0.0,0.4634558485906075,0.4635,MIL,MIL,1
20240518_MIN@CLE,2024-05-18,CLE,MIN,11,4,1.0,0.4619679376052011,0.462,MIN,CLE,0
20240518_NYM@MIA,2024-05-18,MIA,NYM,10,9,1.0,0.47369444108946557,0.4737,NYM,MIA,0
20240518_PIT@CHC,2024-05-18,CHC,PIT,1,0,1.0,0.5341579676169641,0.5342,CHC,CHC,1
20240518_SEA@BAL,2024-05-18,BAL,SEA,3,4,0.0,0.5415615615522765,0.5416,BAL,SEA,0
20240518_TB@TOR,2024-05-18,TOR,TB,4,5,0.0,0.5580395079425159,0.558,TOR,TB,0
20240518_WSH@PHI,2024-05-18,PHI,WSH,4,3,1.0,0.6224368372806435,0.6224,PHI,PHI,1
20240517_ATH@KC,2024-05-17,KC,ATH,6,2,1.0,0.6316425037288008,0.6316,KC,KC,1
20240517_BOS@STL,2024-05-17,STL,BOS,10,6,1.0,0.5791449056389567,0.5791,STL,STL,1
20240517_CIN@LAD,2024-05-17,LAD,CIN,7,3,1.0,0.6060593664786316,0.6061,LAD,LAD,1
20240517_COL@SF,2024-05-17,SF,COL,10,5,1.0,0.5694242213217723,0.5694,SF,SF,1
20240517_CWS@NYY,2024-05-17,NYY,CWS,4,2,1.0,0.6896419043980058,0.6896,NYY,NYY,1
20240517_DET@AZ,2024-05-17,AZ,DET,0,13,0.0,0.6192026367380118,0.6192,AZ,DET,0
20240517_LAA@TEX,2024-05-17,TEX,LAA,3,9,0.0,0.49826275010596227,0.4983,LAA,LAA,1
20240517_MIL@HOU,2024-05-17,HOU,MIL,5,4,1.0,0.47943537536243575,0.4794,MIL,HOU,0
20240517_MIN@CLE,2024-05-17,CLE,MIN,3,2,1.0,0.39478515700420735,0.3948,MIN,CLE,0
20240517_NYM@MIA,2024-05-17,MIA,NYM,8,0,1.0,0.4101015997596001,0.4101,NYM,MIA,0
20240517_PIT@CHC,2024-05-17,CHC,PIT,3,9,0.0,0.5202149736696721,0.5202,CHC,PIT,0
20240517_SD@ATL,2024-05-17,ATL,SD,1,3,0.0,0.5471164107959119,0.5471,ATL,SD,0
20240517_SEA@BAL,2024-05-17,BAL,SEA,9,2,1.0,0.4554881727451275,0.4555,SEA,BAL,0
20240517_TB@TOR,2024-05-17,TOR,TB,3,4,0.0,0.5906784178203284,0.5907,TOR,TB,0
20240517_WSH@PHI,2024-05-17,PHI,WSH,4,2,1.0,0.6238277588651105,0.6238,PHI,PHI,1
20240516_ATH@HOU,2024-05-16,HOU,ATH,8,1,1.0,0.6425084569102589,0.6425,HOU,HOU,1
20240516_CIN@LAD,2024-05-16,LAD,CIN,2,7,0.0,0.648075864110434,0.6481,LAD,CIN,0
20240516_NYM@PHI,2024-05-16,PHI,NYM,5,6,0.0,0.5545332167921457,0.5545,PHI,NYM,0
20240516_NYY@MIN,2024-05-16,MIN,NYY,0,5,0.0,0.44917933817256617,0.4492,NYY,NYY,1
20240516_PIT@CHC,2024-05-16,CHC,PIT,4,5,0.0,0.5038575285410032,0.5039,CHC,PIT,0
20240516_TB@BOS,2024-05-16,BOS,TB,5,7,0.0,0.4766451757604677,0.4766,TB,TB,1
20240515_ATH@HOU,2024-05-15,HOU,ATH,3,0,1.0,0.5000406795363479,0.5,HOU,HOU,1
20240515_CHC@ATL,2024-05-15,ATL,CHC,1,7,0.0,0.5551525396341438,0.5552,ATL,CHC,0
20240515_CIN@AZ,2024-05-15,AZ,CIN,2,1,1.0,0.5309973831436005,0.531,AZ,AZ,1
20240515_CLE@TEX,2024-05-15,TEX,CLE,4,0,1.0,0.4949550866699581,0.495,CLE,TEX,0
20240515_COL@SD,2024-05-15,SD,COL,0,8,0.0,0.5416021078447553,0.5416,SD,COL,0
20240515_KC@SEA,2024-05-15,SEA,KC,4,2,1.0,0.48316034318739054,0.4832,KC,SEA,0
20240515_LAD@SF,2024-05-15,SF,LAD,4,1,1.0,0.43692693628041424,0.4369,LAD,SF,0
20240515_MIA@DET,2024-05-15,DET,MIA,0,2,0.0,0.5771493929211585,0.5771,DET,MIA,0
20240515_NYM@PHI,2024-05-15,PHI,NYM,10,5,1.0,0.5682781091027244,0.5683,PHI,PHI,1
20240515_NYY@MIN,2024-05-15,MIN,NYY,0,4,0.0,0.5245689744939402,0.5246,MIN,NYY,0
20240515_PIT@MIL,2024-05-15,MIL,PIT,10,2,1.0,0.554296753906045,0.5543,MIL,MIL,1
20240515_STL@LAA,2024-05-15,LAA,STL,7,2,1.0,0.47933555696206914,0.4793,STL,LAA,0
20240515_TB@BOS,2024-05-15,BOS,TB,3,4,0.0,0.5166863915333381,0.5167,BOS,TB,0
20240515_TOR@BAL,2024-05-15,BAL,TOR,3,2,1.0,0.5712676426664208,0.5713,BAL,BAL,1
20240515_WSH@CWS,2024-05-15,CWS,WSH,2,0,1.0,0.4620181157587615,0.462,WSH,CWS,0
20240514_ATH@HOU,2024-05-14,HOU,ATH,2,1,1.0,0.4933598164837437,0.4934,ATH,HOU,0
20240514_CHC@ATL,2024-05-14,ATL,CHC,7,0,1.0,0.5368539841024667,0.5369,ATL,ATL,1
20240514_CIN@AZ,2024-05-14,AZ,CIN,2,6,0.0,0.5331553859826225,0.5332,AZ,CIN,0
20240514_CLE@TEX,2024-05-14,TEX,CLE,4,7,0.0,0.5249627637391822,0.525,TEX,CLE,0
20240514_COL@SD,2024-05-14,SD,COL,3,6,0.0,0.5708596945556427,0.5709,SD,COL,0
20240514_KC@SEA,2024-05-14,SEA,KC,2,4,0.0,0.5067903544654295,0.5068,SEA,KC,0
20240514_LAD@SF,2024-05-14,SF,LAD,2,10,0.0,0.43727798226755904,0.4373,LAD,LAD,1
20240514_MIA@DET,2024-05-14,DET,MIA,0,1,0.0,0.5710372823107638,0.571,DET,MIA,0
20240514_NYY@MIN,2024-05-14,MIN,NYY,1,5,0.0,0.4879792812134747,0.488,NYY,NYY,1
20240514_PHI@NYM,2024-05-14,NYM,PHI,0,4,0.0,0.4559603312795908,0.456,PHI,PHI,1
20240514_PIT@MIL,2024-05-14,MIL,PIT,4,3,1.0,0.5389443301003661,0.5389,MIL,MIL,1
20240514_STL@LAA,2024-05-14,LAA,STL,6,7,0.0,0.5216668984525336,0.5217,LAA,STL,0
20240514_TB@BOS,2024-05-14,BOS,TB,5,4,1.0,0.5253245209836637,0.5253,BOS,BOS,1
20240514_WSH@CWS,2024-05-14,CWS,WSH,3,6,0.0,0.4598807722428251,0.4599,WSH,WSH,1
20240514_WSH@CWS,2024-05-14,CWS,WSH,4,0,1.0,0.42613096569945214,0.4261,WSH,CWS,0
20240513_ATH@HOU,2024-05-13,HOU,ATH,9,2,1.0,0.47689764073437424,0.4769,ATH,HOU,0
20240513_CHC@ATL,2024-05-13,ATL,CHC,2,0,1.0,0.5661674226047165,0.5662,ATL,ATL,1
20240513_CIN@AZ,2024-05-13,AZ,CIN,6,5,1.0,0.5252366415073711,0.5252,AZ,AZ,1
20240513_CLE@TEX,2024-05-13,TEX,CLE,0,7,0.0,0.4838077205046861,0.4838,CLE,CLE,1
20240513_COL@SD,2024-05-13,SD,COL,4,5,0.0,0.5818346376299555,0.5818,SD,COL,0
20240513_KC@SEA,2024-05-13,SEA,KC,6,2,1.0,0.5020100977615818,0.502,SEA,SEA,1
20240513_LAD@SF,2024-05-13,SF,LAD,4,6,0.0,0.4374911692994308,0.4375,LAD,LAD,1
20240513_MIA@DET,2024-05-13,DET,MIA,6,5,1.0,0.5592168263299138,0.5592,DET,DET,1
20240513_PHI@NYM,2024-05-13,NYM,PHI,4,5,0.0,0.4423984529049105,0.4424,PHI,PHI,1
20240513_PIT@MIL,2024-05-13,MIL,PIT,6,8,0.0,0.5624061755022907,0.5624,MIL,PIT,0
20240513_STL@LAA,2024-05-13,LAA,STL,5,10,0.0,0.5149336836797492,0.5149,LAA,STL,0
20240513_TB@BOS,2024-05-13,BOS,TB,3,5,0.0,0.5221846080596667,0.5222,BOS,TB,0
20240513_TOR@BAL,2024-05-13,BAL,TOR,2,3,0.0,0.5743420766719302,0.5743,BAL,TOR,0
20240512_ATH@SEA,2024-05-12,SEA,ATH,8,4,1.0,0.5119225568469941,0.5119,SEA,SEA,1
20240512_ATL@NYM,2024-05-12,NYM,ATL,4,3,1.0,0.44796798399152765,0.448,ATL,NYM,0
20240512_AZ@BAL,2024-05-12,BAL,AZ,2,9,0.0,0.583254945610197,0.5833,BAL,AZ,0
20240512_CHC@PIT,2024-05-12,PIT,CHC,4,5,0.0,0.4640784057661741,0.4641,CHC,CHC,1
20240512_CIN@SF,2024-05-12,SF,CIN,6,5,1.0,0.5001870036519083,0.5002,SF,SF,1
20240512_CLE@CWS,2024-05-12,CWS,CLE,0,7,0.0,0.42510506956070765,0.4251,CLE,CLE,1
20240512_HOU@DET,2024-05-12,DET,HOU,3,9,0.0,0.5290191479833517,0.529,DET,HOU,0
20240512_KC@LAA,2024-05-12,LAA,KC,2,4,0.0,0.44312627541537525,0.4431,KC,KC,1
20240512_LAD@SD,2024-05-12,SD,LAD,4,0,1.0,0.45744942984967985,0.4574,LAD,SD,0
20240512_MIN@TOR,2024-05-12,TOR,MIN,1,5,0.0,0.4689345703410896,0.4689,MIN,MIN,1
20240512_NYY@TB,2024-05-12,TB,NYY,6,10,0.0,0.48422206342378205,0.4842,NYY,NYY,1
20240512_PHI@MIA,2024-05-12,MIA,PHI,7,6,1.0,0.3930778141205671,0.3931,PHI,MIA,0
20240512_STL@MIL,2024-05-12,MIL,STL,3,4,0.0,0.5790406689010955,0.579,MIL,STL,0
20240512_TEX@COL,2024-05-12,COL,TEX,3,1,1.0,0.3520357576284298,0.352,TEX,COL,0
20240512_WSH@BOS,2024-05-12,BOS,WSH,3,2,1.0,0.5165788370469627,0.5166,BOS,BOS,1
20240511_ATH@SEA,2024-05-11,SEA,ATH,1,8,0.0,0.5210881533285714,0.5211,SEA,ATH,0
20240511_ATL@NYM,2024-05-11,NYM,ATL,1,4,0.0,0.45659172824138716,0.4566,ATL,ATL,1
20240511_AZ@BAL,2024-05-11,BAL,AZ,5,4,1.0,0.5601597399987093,0.5602,BAL,BAL,1
20240511_CHC@PIT,2024-05-11,PIT,CHC,10,9,1.0,0.4617373873063145,0.4617,CHC,PIT,0
20240511_CIN@SF,2024-05-11,SF,CIN,5,1,1.0,0.5131376291792537,0.5131,SF,SF,1
20240511_CLE@CWS,2024-05-11,CWS,CLE,3,1,1.0,0.42681409832112194,0.4268,CLE,CWS,0
20240511_HOU@DET,2024-05-11,DET,HOU,8,2,1.0,0.5484025944087899,0.5484,DET,DET,1
20240511_KC@LAA,2024-05-11,LAA,KC,9,3,1.0,0.4409676937626892,0.441,KC,LAA,0
20240511_LAD@SD,2024-05-11,SD,LAD,0,5,0.0,0.4461662936452115,0.4462,LAD,LAD,1
20240511_MIN@TOR,2024-05-11,TOR,MIN,10,8,1.0,0.47002374786688916,0.47,MIN,TOR,0
20240511_NYY@TB,2024-05-11,TB,NYY,7,2,1.0,0.45536899466165914,0.4554,NYY,TB,0
20240511_PHI@MIA,2024-05-11,MIA,PHI,3,8,0.0,0.3871469634260271,0.3871,PHI,PHI,1
20240511_STL@MIL,2024-05-11,MIL,STL,5,3,1.0,0.5708562087644188,0.5709,MIL,MIL,1
20240511_TEX@COL,2024-05-11,COL,TEX,8,3,1.0,0.5007679286806433,0.5008,COL,COL,1
20240511_WSH@BOS,2024-05-11,BOS,WSH,4,2,1.0,0.5032525776182804,0.5033,BOS,BOS,1
20240510_ATH@SEA,2024-05-10,SEA,ATH,8,1,1.0,0.5044396965806289,0.5044,SEA,SEA,1
20240510_ATL@NYM,2024-05-10,NYM,ATL,2,4,0.0,0.4540546438184115,0.4541,ATL,ATL,1
20240510_AZ@BAL,2024-05-10,BAL,AZ,4,2,1.0,0.5413392907322583,0.5413,BAL,BAL,1
20240510_CHC@PIT,2024-05-10,PIT,CHC,2,7,0.0,0.4855283255977692,0.4855,CHC,CHC,1
20240510_CIN@SF,2024-05-10,SF,CIN,2,4,0.0,0.5391237099208229,0.5391,SF,CIN,0
20240510_CLE@CWS,2024-05-10,CWS,CLE,6,3,1.0,0.4290435557409461,0.429,CLE,CWS,0
20240510_HOU@DET,2024-05-10,DET,HOU,2,5,0.0,0.5626649704333727,0.5627,DET,HOU,0
20240510_KC@LAA,2024-05-10,LAA,KC,1,2,0.0,0.442292462541128,0.4423,KC,KC,1
20240510_LAD@SD,2024-05-10,SD,LAD,2,1,1.0,0.4510009437890987,0.451,LAD,SD,0
20240510_MIN@TOR,2024-05-10,TOR,MIN,2,3,0.0,0.46108430700385156,0.4611,MIN,MIN,1
20240510_NYY@TB,2024-05-10,TB,NYY,0,2,0.0,0.45973436878529184,0.4597,NYY,NYY,1
20240510_PHI@MIA,2024-05-10,MIA,PHI,2,8,0.0,0.3654198199115931,0.3654,PHI,PHI,1
20240510_STL@MIL,2024-05-10,MIL,STL,11,2,1.0,0.5897257273573874,0.5897,MIL,MIL,1
20240510_TEX@COL,2024-05-10,COL,TEX,4,2,1.0,0.3608391467307214,0.3608,TEX,COL,0
20240510_WSH@BOS,2024-05-10,BOS,WSH,1,5,0.0,0.5046119041139353,0.5046,BOS,WSH,0
20240509_AZ@CIN,2024-05-09,CIN,AZ,4,5,0.0,0.5254456497781127,0.5254,CIN,AZ,0
20240509_CLE@CWS,2024-05-09,CWS,CLE,3,2,1.0,0.4084506849564012,0.4085,CLE,CWS,0
20240509_HOU@NYY,2024-05-09,NYY,HOU,3,4,0.0,0.5874611585149041,0.5875,NYY,HOU,0
20240509_KC@LAA,2024-05-09,LAA,KC,4,10,0.0,0.4580521154403936,0.4581,KC,KC,1
20240509_SEA@MIN,2024-05-09,MIN,SEA,11,1,1.0,0.4980570110080529,0.4981,SEA,MIN,0
20240509_SF@COL,2024-05-09,COL,SF,9,1,1.0,0.427710274805273,0.4277,SF,COL,0
20240509_STL@MIL,2024-05-09,MIL,STL,7,1,1.0,0.5822666225629084,0.5823,MIL,MIL,1
20240508_AZ@CIN,2024-05-08,CIN,AZ,3,4,0.0,0.5305346720083229,0.5305,CIN,AZ,0
20240508_BAL@WSH,2024-05-08,WSH,BAL,6,7,0.0,0.4345004906513558,0.4345,BAL,BAL,1
20240508_BOS@ATL,2024-05-08,ATL,BOS,5,0,1.0,0.48621423651852264,0.4862,BOS,ATL,0
20240508_CWS@TB,2024-05-08,TB,CWS,1,4,0.0,0.5461250167937296,0.5461,TB,CWS,0
20240508_DET@CLE,2024-05-08,CLE,DET,5,4,1.0,0.5117422832168205,0.5117,CLE,CLE,1
20240508_HOU@NYY,2024-05-08,NYY,HOU,9,4,1.0,0.5314536700927138,0.5315,NYY,NYY,1
20240508_LAA@PIT,2024-05-08,PIT,LAA,4,5,0.0,0.4635129651336365,0.4635,LAA,LAA,1
20240508_MIA@LAD,2024-05-08,LAD,MIA,3,1,1.0,0.5539879963048226,0.554,LAD,LAD,1
20240508_MIL@KC,2024-05-08,KC,MIL,6,4,1.0,0.4541326004059028,0.4541,MIL,KC,0
20240508_SD@CHC,2024-05-08,CHC,SD,0,3,0.0,0.4854081029598515,0.4854,SD,SD,1
20240508_SEA@MIN,2024-05-08,MIN,SEA,6,3,1.0,0.4764487377209237,0.4764,SEA,MIN,0
20240508_SF@COL,2024-05-08,COL,SF,6,8,0.0,0.4437733697435379,0.4438,SF,SF,1
20240508_TEX@ATH,2024-05-08,ATH,TEX,9,4,1.0,0.49622303775843,0.4962,TEX,ATH,0
20240508_TEX@ATH,2024-05-08,ATH,TEX,11,12,0.0,0.48277572028694243,0.4828,TEX,TEX,1
20240508_TOR@PHI,2024-05-08,PHI,TOR,3,5,0.0,0.5224444872097643,0.5224,PHI,TOR,0
20240507_AZ@CIN,2024-05-07,CIN,AZ,2,6,0.0,0.4715537024856245,0.4716,AZ,AZ,1
20240507_BAL@WSH,2024-05-07,WSH,BAL,3,0,1.0,0.4438083701206164,0.4438,BAL,WSH,0
20240507_BOS@ATL,2024-05-07,ATL,BOS,4,2,1.0,0.5377249621861189,0.5377,ATL,ATL,1
20240507_CWS@TB,2024-05-07,TB,CWS,5,1,1.0,0.5506599237577487,0.5507,TB,TB,1
20240507_DET@CLE,2024-05-07,CLE,DET,7,11,0.0,0.5120893191210703,0.5121,CLE,DET,0
20240507_HOU@NYY,2024-05-07,NYY,HOU,10,3,1.0,0.5396293063887104,0.5396,NYY,NYY,1
20240507_LAA@PIT,2024-05-07,PIT,LAA,0,9,0.0,0.5240600934872802,0.5241,PIT,LAA,0
20240507_MIA@LAD,2024-05-07,LAD,MIA,8,2,1.0,0.573725186782876,0.5737,LAD,LAD,1
20240507_MIL@KC,2024-05-07,KC,MIL,5,6,0.0,0.4853134203889658,0.4853,MIL,MIL,1
20240507_NYM@STL,2024-05-07,STL,NYM,5,7,0.0,0.47682040577043144,0.4768,NYM,NYM,1
20240507_SD@CHC,2024-05-07,CHC,SD,3,2,1.0,0.494072930099779,0.4941,SD,CHC,0
20240507_SEA@MIN,2024-05-07,MIN,SEA,6,10,0.0,0.4957393831508856,0.4957,SEA,SEA,1
20240507_SF@COL,2024-05-07,COL,SF,0,5,0.0,0.4554513013328729,0.4555,SF,SF,1
20240507_TEX@ATH,2024-05-07,ATH,TEX,8,15,0.0,0.4791445332620504,0.4791,TEX,TEX,1
20240507_TOR@PHI,2024-05-07,PHI,TOR,10,1,1.0,0.5390204940719959,0.539,PHI,PHI,1
20240506_CWS@TB,2024-05-06,TB,CWS,8,2,1.0,0.544428691530301,0.5444,TB,TB,1
20240506_DET@CLE,2024-05-06,CLE,DET,2,1,1.0,0.48587190953440546,0.4859,DET,CLE,0
20240506_LAA@PIT,2024-05-06,PIT,LAA,4,1,1.0,0.5170562876840439,0.5171,PIT,PIT,1
20240506_MIA@LAD,2024-05-06,LAD,MIA,6,3,1.0,0.5689732958099037,0.569,LAD,LAD,1
20240506_MIL@KC,2024-05-06,KC,MIL,3,2,1.0,0.5096828119780448,0.5097,KC,KC,1
20240506_NYM@STL,2024-05-06,STL,NYM,3,4,0.0,0.4725145328722474,0.4725,NYM,NYM,1
20240506_SD@CHC,2024-05-06,CHC,SD,3,6,0.0,0.5106076777261284,0.5106,CHC,SD,0
20240506_SEA@MIN,2024-05-06,MIN,SEA,3,1,1.0,0.48882728089158733,0.4888,SEA,MIN,0
20240506_SF@PHI,2024-05-06,PHI,SF,6,1,1.0,0.5297067967926604,0.5297,PHI,PHI,1
20240506_TEX@ATH,2024-05-06,ATH,TEX,2,4,0.0,0.5053760433523606,0.5054,ATH,TEX,0
20240505_ATL@LAD,2024-05-05,LAD,ATL,5,1,1.0,0.49529442133073887,0.4953,ATL,LAD,0
20240505_BAL@CIN,2024-05-05,CIN,BAL,1,11,0.0,0.4370264287353549,0.437,BAL,BAL,1
20240505_BOS@MIN,2024-05-05,MIN,BOS,2,9,0.0,0.5174924475801247,0.5175,MIN,BOS,0
20240505_COL@PIT,2024-05-05,PIT,COL,5,3,1.0,0.5011823834442779,0.5012,PIT,PIT,1
20240505_CWS@STL,2024-05-05,STL,CWS,1,5,0.0,0.5547103716732743,0.5547,STL,CWS,0
20240505_DET@NYY,2024-05-05,NYY,DET,5,2,1.0,0.5173201670106808,0.5173,NYY,NYY,1
20240505_LAA@CLE,2024-05-05,CLE,LAA,4,1,1.0,0.5155630471759746,0.5156,CLE,CLE,1
20240505_MIA@ATH,2024-05-05,ATH,MIA,3,12,0.0,0.5541979716647121,0.5542,ATH,MIA,0
20240505_MIL@CHC,2024-05-05,CHC,MIL,5,0,1.0,0.4797689509055865,0.4798,MIL,CHC,0
20240505_NYM@TB,2024-05-05,TB,NYM,7,6,1.0,0.4911845225461609,0.4912,NYM,TB,0
20240505_SD@AZ,2024-05-05,AZ,SD,11,4,1.0,0.464843269733084,0.4648,SD,AZ,0
20240505_SEA@HOU,2024-05-05,HOU,SEA,4,5,0.0,0.46407074595893416,0.4641,SEA,SEA,1
20240505_SF@PHI,2024-05-05,PHI,SF,5,4,1.0,0.5193633090900583,0.5194,PHI,PHI,1
20240505_TEX@KC,2024-05-05,KC,TEX,2,3,0.0,0.5019193295551345,0.5019,KC,TEX,0
20240505_TOR@WSH,2024-05-05,WSH,TOR,11,8,1.0,0.48686907567725135,0.4869,TOR,WSH,0
20240504_ATL@LAD,2024-05-04,LAD,ATL,11,2,1.0,0.5111203854997894,0.5111,LAD,LAD,1
20240504_BAL@CIN,2024-05-04,CIN,BAL,1,2,0.0,0.43539075025517443,0.4354,BAL,BAL,1
20240504_BOS@MIN,2024-05-04,MIN,BOS,3,1,1.0,0.5113545603233715,0.5114,MIN,MIN,1
20240504_COL@PIT,2024-05-04,PIT,COL,1,0,1.0,0.5618732634907766,0.5619,PIT,PIT,1
20240504_CWS@STL,2024-05-04,STL,CWS,5,6,0.0,0.5335529915830346,0.5336,STL,CWS,0
20240504_DET@NYY,2024-05-04,NYY,DET,5,3,1.0,0.504195582123471,0.5042,NYY,NYY,1
20240504_LAA@CLE,2024-05-04,CLE,LAA,7,1,1.0,0.5185984535251633,0.5186,CLE,CLE,1
20240504_MIA@ATH,2024-05-04,ATH,MIA,20,4,1.0,0.5283891724866732,0.5284,ATH,ATH,1
20240504_MIL@CHC,2024-05-04,CHC,MIL,6,5,1.0,0.47007138391175973,0.4701,MIL,CHC,0
20240504_NYM@TB,2024-05-04,TB,NYM,3,1,1.0,0.48494499631307064,0.4849,NYM,TB,0
20240504_SD@AZ,2024-05-04,AZ,SD,1,13,0.0,0.4721848695290909,0.4722,SD,SD,1
20240504_SEA@HOU,2024-05-04,HOU,SEA,0,5,0.0,0.5288039033614986,0.5288,HOU,SEA,0
20240504_SF@PHI,2024-05-04,PHI,SF,14,3,1.0,0.5369774097977419,0.537,PHI,PHI,1
20240504_TEX@KC,2024-05-04,KC,TEX,4,15,0.0,0.5298788216315792,0.5299,KC,TEX,0
20240504_TOR@WSH,2024-05-04,WSH,TOR,3,6,0.0,0.5087941690692412,0.5088,WSH,TOR,0
20240503_ATL@LAD,2024-05-03,LAD,ATL,4,3,1.0,0.4991707646578521,0.4992,ATL,LAD,0
20240503_BAL@CIN,2024-05-03,CIN,BAL,0,3,0.0,0.5320964630630094,0.5321,CIN,BAL,0
20240503_BOS@MIN,2024-05-03,MIN,BOS,5,2,1.0,0.4956976797195911,0.4957,BOS,MIN,0
20240503_COL@PIT,2024-05-03,PIT,COL,2,3,0.0,0.5212122720299309,0.5212,PIT,COL,0
20240503_CWS@STL,2024-05-03,STL,CWS,3,0,1.0,0.5489270460714435,0.5489,STL,STL,1
20240503_DET@NYY,2024-05-03,NYY,DET,2,1,1.0,0.5071437202727958,0.5071,NYY,NYY,1
20240503_LAA@CLE,2024-05-03,CLE,LAA,0,6,0.0,0.514933110994454,0.5149,CLE,LAA,0
20240503_MIA@ATH,2024-05-03,ATH,MIA,3,1,1.0,0.5172219614428737,0.5172,ATH,ATH,1
20240503_MIL@CHC,2024-05-03,CHC,MIL,1,3,0.0,0.47621885134737935,0.4762,MIL,MIL,1
20240503_NYM@TB,2024-05-03,TB,NYM,10,8,1.0,0.47267336598893106,0.4727,NYM,TB,0
20240503_SD@AZ,2024-05-03,AZ,SD,1,7,0.0,0.46122325378012946,0.4612,SD,SD,1
20240503_SEA@HOU,2024-05-03,HOU,SEA,5,3,1.0,0.4599045792631662,0.4599,SEA,HOU,0
20240503_SF@PHI,2024-05-03,PHI,SF,4,3,1.0,0.5290724647513683,0.5291,PHI,PHI,1
20240503_TEX@KC,2024-05-03,KC,TEX,7,1,1.0,0.4647769187119,0.4648,TEX,KC,0
20240503_TOR@WSH,2024-05-03,WSH,TOR,9,3,1.0,0.4689798906887992,0.469,TOR,WSH,0
20240502_CHC@NYM,2024-05-02,NYM,CHC,7,6,1.0,0.48380612759740305,0.4838,CHC,NYM,0
20240502_CLE@HOU,2024-05-02,HOU,CLE,8,2,1.0,0.4588687702499294,0.4589,CLE,HOU,0
20240502_COL@MIA,2024-05-02,MIA,COL,5,4,1.0,0.49920527903906575,0.4992,COL,MIA,0
20240502_NYY@BAL,2024-05-02,BAL,NYY,7,2,1.0,0.5075578729616878,0.5076,BAL,BAL,1
20240502_SF@BOS,2024-05-02,BOS,SF,1,3,0.0,0.5280239998877145,0.528,BOS,SF,0
20240502_WSH@TEX,2024-05-02,TEX,WSH,6,0,1.0,0.4953340375034683,0.4953,WSH,TEX,0
20240501_ATL@SEA,2024-05-01,SEA,ATL,2,5,0.0,0.4845198906539483,0.4845,ATL,ATL,1
20240501_CHC@NYM,2024-05-01,NYM,CHC,0,1,0.0,0.48122151391669693,0.4812,CHC,CHC,1
20240501_CIN@SD,2024-05-01,SD,CIN,6,2,1.0,0.5170600346031275,0.5171,SD,SD,1
20240501_CLE@HOU,2024-05-01,HOU,CLE,2,3,0.0,0.5122809806170594,0.5123,HOU,CLE,0
20240501_COL@MIA,2024-05-01,MIA,COL,4,1,1.0,0.5255174312312608,0.5255,MIA,MIA,1
20240501_KC@TOR,2024-05-01,TOR,KC,1,6,0.0,0.46836654168142206,0.4684,KC,KC,1
20240501_LAD@AZ,2024-05-01,AZ,LAD,0,8,0.0,0.49377840164938014,0.4938,LAD,LAD,1
20240501_MIN@CWS,2024-05-01,CWS,MIN,5,10,0.0,0.4965643306341966,0.4966,MIN,MIN,1
20240501_NYY@BAL,2024-05-01,BAL,NYY,0,2,0.0,0.5110826907091153,0.5111,BAL,NYY,0
20240501_PHI@LAA,2024-05-01,LAA,PHI,1,2,0.0,0.45685549752792376,0.4569,PHI,PHI,1
20240501_PIT@ATH,2024-05-01,ATH,PIT,4,0,1.0,0.49732168381895986,0.4973,PIT,ATH,0
20240501_SF@BOS,2024-05-01,BOS,SF,6,2,1.0,0.5201957655874065,0.5202,BOS,BOS,1
20240501_STL@DET,2024-05-01,DET,STL,4,1,1.0,0.5100513030441473,0.5101,DET,DET,1
20240501_TB@MIL,2024-05-01,MIL,TB,7,1,1.0,0.5397903287397207,0.5398,MIL,MIL,1
20240501_WSH@TEX,2024-05-01,TEX,WSH,0,1,0.0,0.4782367866281781,0.4782,WSH,WSH,1
20240430_ATL@SEA,2024-04-30,SEA,ATL,3,2,1.0,0.44563907559814636,0.4456,ATL,SEA,0
20240430_CHC@NYM,2024-04-30,NYM,CHC,4,2,1.0,0.46138164011487165,0.4614,CHC,NYM,0
20240430_CIN@SD,2024-04-30,SD,CIN,6,4,1.0,0.5036586982488737,0.5037,SD,SD,1
20240430_CLE@HOU,2024-04-30,HOU,CLE,10,9,1.0,0.48379343336259867,0.4838,CLE,HOU,0
20240430_COL@MIA,2024-04-30,MIA,COL,7,6,1.0,0.49604737162388457,0.496,COL,MIA,0
20240430_KC@TOR,2024-04-30,TOR,KC,1,4,0.0,0.49741293626044264,0.4974,KC,KC,1
20240430_LAD@AZ,2024-04-30,AZ,LAD,4,3,1.0,0.4632391522009002,0.4632,LAD,AZ,0
20240430_MIN@CWS,2024-04-30,CWS,MIN,5,6,0.0,0.47861470922821486,0.4786,MIN,MIN,1
20240430_NYY@BAL,2024-04-30,BAL,NYY,4,2,1.0,0.5059665275155341,0.506,BAL,BAL,1
20240430_PHI@LAA,2024-04-30,LAA,PHI,5,7,0.0,0.5045566734849123,0.5046,LAA,PHI,0
20240430_PIT@ATH,2024-04-30,ATH,PIT,5,2,1.0,0.4842366305325605,0.4842,PIT,ATH,0
20240430_SF@BOS,2024-04-30,BOS,SF,4,0,1.0,0.5140579420710524,0.5141,BOS,BOS,1
20240430_STL@DET,2024-04-30,DET,STL,1,2,0.0,0.5148329085283239,0.5148,DET,STL,0
20240430_STL@DET,2024-04-30,DET,STL,11,6,1.0,0.5081647251555034,0.5082,DET,DET,1
20240430_TB@MIL,2024-04-30,MIL,TB,8,2,1.0,0.522320406619892,0.5223,MIL,MIL,1
20240430_WSH@TEX,2024-04-30,TEX,WSH,7,1,1.0,0.5065550274693956,0.5066,TEX,TEX,1
20240429_ATL@SEA,2024-04-29,SEA,ATL,2,1,1.0,0.48204295550375287,0.482,ATL,SEA,0
20240429_CHC@NYM,2024-04-29,NYM,CHC,1,3,0.0,0.5005923625452661,0.5006,NYM,CHC,0
20240429_CIN@SD,2024-04-29,SD,CIN,2,5,0.0,0.4910283775585404,0.491,CIN,CIN,1
20240429_KC@TOR,2024-04-29,TOR,KC,6,5,1.0,0.45610624796043847,0.4561,KC,TOR,0
20240429_LAD@AZ,2024-04-29,AZ,LAD,4,8,0.0,0.4798531638392073,0.4799,LAD,LAD,1
20240429_MIN@CWS,2024-04-29,CWS,MIN,2,3,0.0,0.46595295960482397,0.466,MIN,MIN,1
20240429_NYY@BAL,2024-04-29,BAL,NYY,2,0,1.0,0.5139198642772974,0.5139,BAL,BAL,1
20240429_PHI@LAA,2024-04-29,LAA,PHI,6,5,1.0,0.4798323041117212,0.4798,PHI,LAA,0
20240429_PIT@ATH,2024-04-29,ATH,PIT,5,1,1.0,0.49716293732679817,0.4972,PIT,ATH,0
20240429_TB@MIL,2024-04-29,MIL,TB,0,1,0.0,0.5453571807085565,0.5454,MIL,TB,0
20240429_WSH@MIA,2024-04-29,MIA,WSH,2,7,0.0,0.49465961613395476,0.4947,WSH,WSH,1
20240428_ATH@BAL,2024-04-28,BAL,ATH,6,7,0.0,0.5499039470411318,0.5499,BAL,ATH,0
20240428_AZ@SEA,2024-04-28,SEA,AZ,2,3,0.0,0.5345886731776306,0.5346,SEA,AZ,0
20240428_CHC@BOS,2024-04-28,BOS,CHC,5,4,1.0,0.49719766726943493,0.4972,CHC,BOS,0
20240428_CIN@TEX,2024-04-28,TEX,CIN,4,3,1.0,0.5011672673262775,0.5012,TEX,TEX,1
20240428_CLE@ATL,2024-04-28,ATL,CLE,4,3,1.0,0.5052796488783837,0.5053,ATL,ATL,1
20240428_HOU@COL,2024-04-28,COL,HOU,2,8,0.0,0.4907059151067972,0.4907,HOU,HOU,1
20240428_KC@DET,2024-04-28,DET,KC,4,1,1.0,0.49268565598600117,0.4927,KC,DET,0
20240428_LAD@TOR,2024-04-28,TOR,LAD,3,1,1.0,0.4692033762906411,0.4692,LAD,TOR,0
20240428_MIN@LAA,2024-04-28,LAA,MIN,5,11,0.0,0.4890132410393702,0.489,MIN,MIN,1
20240428_NYY@MIL,2024-04-28,MIL,NYY,5,15,0.0,0.5198270655616585,0.5198,MIL,NYY,0
20240428_PHI@SD,2024-04-28,SD,PHI,6,8,0.0,0.4588318177828126,0.4588,PHI,PHI,1
20240428_PIT@SF,2024-04-28,SF,PIT,3,2,1.0,0.5220579134597797,0.5221,SF,SF,1
20240428_STL@NYM,2024-04-28,NYM,STL,4,2,1.0,0.5294231804792491,0.5294,NYM,NYM,1
20240428_TB@CWS,2024-04-28,CWS,TB,4,2,1.0,0.4880522239068447,0.4881,TB,CWS,0
20240428_WSH@MIA,2024-04-28,MIA,WSH,9,12,0.0,0.4981038141439955,0.4981,WSH,WSH,1
20240427_ATH@BAL,2024-04-27,BAL,ATH,7,0,1.0,0.5479263770840275,0.5479,BAL,BAL,1
20240427_AZ@SEA,2024-04-27,SEA,AZ,3,1,1.0,0.5289776637242588,0.529,SEA,SEA,1
20240427_CHC@BOS,2024-04-27,BOS,CHC,17,0,1.0,0.46649583007832524,0.4665,CHC,BOS,0
20240427_CIN@TEX,2024-04-27,TEX,CIN,4,8,0.0,0.5045145973028202,0.5045,TEX,CIN,0
20240427_CLE@ATL,2024-04-27,ATL,CLE,2,4,0.0,0.5231501958970703,0.5232,ATL,CLE,0
20240427_HOU@COL,2024-04-27,COL,HOU,4,12,0.0,0.5113795241128594,0.5114,COL,HOU,0
20240427_KC@DET,2024-04-27,DET,KC,6,5,1.0,0.5108252529205665,0.5108,DET,DET,1
20240427_LAD@TOR,2024-04-27,TOR,LAD,2,4,0.0,0.4950072067772912,0.495,LAD,LAD,1
20240427_MIN@LAA,2024-04-27,LAA,MIN,5,16,0.0,0.5177347704120147,0.5177,LAA,MIN,0
20240427_NYY@MIL,2024-04-27,MIL,NYY,3,15,0.0,0.4918526594553468,0.4919,NYY,NYY,1
20240427_PHI@SD,2024-04-27,SD,PHI,1,5,0.0,0.5045700250217069,0.5046,SD,PHI,0
20240427_PIT@SF,2024-04-27,SF,PIT,3,4,0.0,0.51947601672408,0.5195,SF,PIT,0
20240427_STL@NYM,2024-04-27,NYM,STL,4,7,0.0,0.5095245347897694,0.5095,NYM,STL,0
20240427_TB@CWS,2024-04-27,CWS,TB,8,7,1.0,0.4884496441882818,0.4884,TB,CWS,0
20240427_WSH@MIA,2024-04-27,MIA,WSH,4,11,0.0,0.4750058550348145,0.475,WSH,WSH,1
20240426_ATH@BAL,2024-04-26,BAL,ATH,2,3,0.0,0.5517594037324699,0.5518,BAL,ATH,0
20240426_AZ@SEA,2024-04-26,SEA,AZ,6,1,1.0,0.4888958280773545,0.4889,AZ,SEA,0
20240426_CHC@BOS,2024-04-26,BOS,CHC,1,7,0.0,0.5075653686494629,0.5076,BOS,CHC,0
20240426_CIN@TEX,2024-04-26,TEX,CIN,2,1,1.0,0.5196748901688379,0.5197,TEX,TEX,1
20240426_CLE@ATL,2024-04-26,ATL,CLE,6,2,1.0,0.5075548866814067,0.5076,ATL,ATL,1
20240426_KC@DET,2024-04-26,DET,KC,0,8,0.0,0.44304448569399735,0.443,KC,KC,1
20240426_LAD@TOR,2024-04-26,TOR,LAD,2,12,0.0,0.4882004476443087,0.4882,LAD,LAD,1
20240426_MIN@LAA,2024-04-26,LAA,MIN,3,5,0.0,0.5080227855733107,0.508,LAA,MIN,0
20240426_NYY@MIL,2024-04-26,MIL,NYY,7,6,1.0,0.5194582031320318,0.5195,MIL,MIL,1
20240426_PHI@SD,2024-04-26,SD,PHI,3,9,0.0,0.5116055238169073,0.5116,SD,PHI,0
20240426_PIT@SF,2024-04-26,SF,PIT,3,0,1.0,0.5113361365785342,0.5113,SF,SF,1
20240426_STL@NYM,2024-04-26,NYM,STL,2,4,0.0,0.5198271304125406,0.5198,NYM,STL,0
20240426_TB@CWS,2024-04-26,CWS,TB,9,4,1.0,0.4818534233051778,0.4819,TB,CWS,0
20240426_WSH@MIA,2024-04-26,MIA,WSH,1,3,0.0,0.45183415346121586,0.4518,WSH,WSH,1
20240425_ATH@NYY,2024-04-25,NYY,ATH,1,3,0.0,0.536179484135251,0.5362,NYY,ATH,0
20240425_BOS@CLE,2024-04-25,CLE,BOS,6,4,1.0,0.518720593093737,0.5187,CLE,CLE,1
20240425_CWS@MIN,2024-04-25,MIN,CWS,6,3,1.0,0.5221892035507149,0.5222,MIN,MIN,1
20240425_HOU@CHC,2024-04-25,CHC,HOU,3,1,1.0,0.5422339967260918,0.5422,CHC,CHC,1
20240425_LAD@WSH,2024-04-25,WSH,LAD,1,2,0.0,0.5177030843483804,0.5177,WSH,LAD,0
20240425_MIL@PIT,2024-04-25,PIT,MIL,5,7,0.0,0.4432440582182578,0.4432,MIL,MIL,1
20240425_PHI@CIN,2024-04-25,CIN,PHI,0,5,0.0,0.4882111102534601,0.4882,PHI,PHI,1
20240425_SD@COL,2024-04-25,COL,SD,10,9,1.0,0.4824643305950697,0.4825,SD,COL,0
20240425_SEA@TEX,2024-04-25,TEX,SEA,3,4,0.0,0.5080679971794755,0.5081,TEX,SEA,0
20240425_TOR@KC,2024-04-25,KC,TOR,2,1,1.0,0.5113955319884714,0.5114,KC,KC,1
