game_pk,game_date,home_expected_runs,away_expected_runs,home_score,away_score
744867,2024-04-25,3.9162,4.9082,1,2
745027,2024-04-25,4.1158,4.3482,3,4
745512,2024-04-25,3.3786,4.198,5,7
745755,2024-04-25,4.5403,3.906,1,3
745918,2024-04-25,4.6618,3.6305,6,3
746320,2024-04-25,4.6383,3.8615,2,1
746564,2024-04-25,3.7088,4.0611,10,9
746646,2024-04-25,3.8936,4.6245,6,4
746724,2024-04-25,4.0344,4.1296,0,5
746887,2024-04-25,5.0418,3.8161,3,1
744949,2024-04-26,4.0289,4.9451,2,12
745025,2024-04-26,3.982,4.0098,2,1
745269,2024-04-26,3.9903,4.4497,6,1
745347,2024-04-26,4.1037,4.0413,3,0
745424,2024-04-26,4.2199,4.2198,3,9
745835,2024-04-26,3.8679,4.1087,2,4
746000,2024-04-26,3.7345,4.3184,7,6
746078,2024-04-26,3.5901,4.645,1,3
746243,2024-04-26,4.3651,4.2304,3,5
746482,2024-04-26,3.717,4.6122,0,8
746808,2024-04-26,3.4781,4.1433,9,4
746972,2024-04-26,4.3459,4.4639,1,7
747050,2024-04-26,4.7174,3.7892,2,3
747129,2024-04-26,4.4791,4.8599,6,2
744946,2024-04-27,4.0174,4.3789,2,4
745020,2024-04-27,3.9658,4.1207,4,8
745266,2024-04-27,4.2686,4.4781,3,1
745350,2024-04-27,4.0732,4.0223,3,4
745425,2024-04-27,4.2691,4.074,1,5
745833,2024-04-27,3.9111,4.1181,4,7
745998,2024-04-27,3.928,4.5153,3,15
746075,2024-04-27,4.0399,3.9656,4,11
746245,2024-04-27,4.1949,4.0133,5,16
746484,2024-04-27,3.998,4.2659,6,5
746560,2024-04-27,4.5723,4.1932,4,12
746803,2024-04-27,3.4753,4.051,8,7
746971,2024-04-27,4.4834,4.3199,17,0
747052,2024-04-27,4.8272,4.1054,7,0
747131,2024-04-27,4.1802,4.6378,2,4
744947,2024-04-28,3.6207,4.3793,3,1
745022,2024-04-28,4.3404,4.0535,4,3
745265,2024-04-28,4.1257,4.5375,2,3
745349,2024-04-28,3.7513,4.2171,3,2
745428,2024-04-28,3.8274,4.5109,6,8
745834,2024-04-28,3.9762,4.1644,4,2
746001,2024-04-28,4.0597,3.9824,5,15
746077,2024-04-28,4.0782,3.9516,9,12
746237,2024-04-28,3.8247,3.6886,5,11
746483,2024-04-28,3.7357,4.4161,4,1
746561,2024-04-28,4.3636,3.911,2,8
746805,2024-04-28,3.6402,4.3274,4,2
746967,2024-04-28,4.1855,4.2031,5,4
747045,2024-04-28,4.6674,3.9329,6,7
747125,2024-04-28,4.1905,4.6044,4,3
744945,2024-04-29,3.2835,4.8153,6,5
745263,2024-04-29,4.0288,4.6694,2,1
745427,2024-04-29,3.939,4.148,2,5
745672,2024-04-29,4.2249,4.3424,5,1
745832,2024-04-29,4.4992,4.795,1,3
745999,2024-04-29,3.8623,4.2648,0,1
746074,2024-04-29,3.9716,3.4486,2,7
746236,2024-04-29,4.0086,4.5581,6,5
746804,2024-04-29,3.8657,3.8884,2,3
747046,2024-04-29,4.3505,4.2467,2,0
747211,2024-04-29,4.7473,5.0495,4,8
744942,2024-04-30,3.7709,4.1,1,4
745018,2024-04-30,4.2729,4.7113,7,1
745260,2024-04-30,3.9313,4.9653,3,2
745426,2024-04-30,3.7976,3.9668,6,4
745673,2024-04-30,4.1967,4.795,5,2
745831,2024-04-30,4.3596,4.7445,4,2
745997,2024-04-30,3.8552,4.4338,8,2
746073,2024-04-30,4.1121,3.5568,7,6
746239,2024-04-30,3.9906,4.3234,5,7
746398,2024-04-30,4.2062,4.4278,10,9
746477,2024-04-30,4.0394,4.0695,1,2
746481,2024-04-30,3.5196,3.9822,11,6
746806,2024-04-30,3.7356,3.9268,5,6
746968,2024-04-30,4.1068,4.6077,4,0
747047,2024-04-30,4.3071,4.2591,4,2
747210,2024-04-30,4.4777,4.4028,4,3
744939,2024-05-01,3.907,4.3424,1,6
745023,2024-05-01,4.3268,4.7874,0,1
745261,2024-05-01,3.8456,4.729,2,5
745423,2024-05-01,3.8938,3.8268,6,2
745670,2024-05-01,4.0309,4.5754,4,0
745829,2024-05-01,4.4382,4.5636,0,1
745996,2024-05-01,3.9758,4.3355,7,1
746072,2024-05-01,4.2492,3.4985,4,1
746238,2024-05-01,3.9195,4.347,1,2
746399,2024-05-01,4.2545,4.1288,2,3
746478,2024-05-01,3.7705,3.6685,4,1
746800,2024-05-01,3.8924,4.4932,5,10
746966,2024-05-01,3.9025,4.6613,6,2
747048,2024-05-01,4.0227,4.1743,0,2
747207,2024-05-01,4.5173,4.4411,0,8
745021,2024-05-02,3.7001,3.9473,6,0
745830,2024-05-02,4.6927,3.7021,7,6
746070,2024-05-02,4.4021,4.8227,5,4
746403,2024-05-02,4.6194,4.9647,8,2
746969,2024-05-02,4.4358,4.1147,1,3
747044,2024-05-02,4.1349,4.2593,7,2
744868,2024-05-03,3.7444,3.951,9,3
745101,2024-05-03,4.1277,5.1357,10,8
745187,2024-05-03,4.4358,4.1543,3,0
745510,2024-05-03,4.628,3.6157,2,3
745589,2024-05-03,4.4418,4.0224,4,3
745665,2024-05-03,4.24,3.9541,3,1
745756,2024-05-03,3.5292,4.036,2,1
745914,2024-05-03,3.8412,4.725,5,2
746152,2024-05-03,3.9591,4.8057,4,3
746318,2024-05-03,4.9234,3.9552,7,1
746402,2024-05-03,4.0074,4.2523,5,3
746645,2024-05-03,4.2312,4.0177,0,6
746721,2024-05-03,4.5791,4.4792,0,3
746890,2024-05-03,3.5781,4.4614,1,3
747208,2024-05-03,4.0124,4.4761,1,7
744862,2024-05-04,3.8175,3.8123,3,6
745100,2024-05-04,4.0328,5.3586,3,1
745183,2024-05-04,4.2103,3.6915,5,6
745511,2024-05-04,5.154,3.8595,1,0
745583,2024-05-04,4.7888,4.0724,14,3
745666,2024-05-04,4.1454,3.873,20,4
745750,2024-05-04,3.3989,3.7916,5,3
745911,2024-05-04,3.5361,4.6579,3,1
746155,2024-05-04,3.8367,4.7039,11,2
746311,2024-05-04,4.7746,4.004,4,15
746394,2024-05-04,3.9194,4.1179,0,5
746644,2024-05-04,4.3755,4.0768,7,1
746720,2024-05-04,4.5733,5.1258,1,2
746884,2024-05-04,3.8338,4.4529,6,5
747209,2024-05-04,4.4129,4.5836,1,13
744861,2024-05-05,3.5289,4.5972,11,8
745103,2024-05-05,4.3365,4.4614,7,6
745185,2024-05-05,4.4784,3.6849,1,5
745504,2024-05-05,4.8073,3.8557,5,3
745587,2024-05-05,4.4994,3.9784,5,4
745667,2024-05-05,4.1707,3.4553,3,12
745751,2024-05-05,3.566,4.1295,5,2
745913,2024-05-05,3.2453,4.6402,2,9
746153,2024-05-05,3.8062,4.549,5,1
746314,2024-05-05,4.8349,3.9861,2,3
746395,2024-05-05,4.1814,4.3545,4,5
746643,2024-05-05,4.9761,4.077,4,1
746719,2024-05-05,4.4548,4.984,1,11
746883,2024-05-05,3.7305,4.4603,5,0
747206,2024-05-05,4.8122,4.8775,11,4
745098,2024-05-06,5.339,4.4624,8,2
745182,2024-05-06,3.7074,4.7167,3,4
745509,2024-05-06,4.1477,3.9382,4,1
745585,2024-05-06,5.0131,4.5391,6,1
745669,2024-05-06,4.3104,3.6624,2,4
745912,2024-05-06,3.7742,4.0858,3,1
746149,2024-05-06,4.1889,4.2975,6,3
746313,2024-05-06,3.7098,3.939,3,2
746639,2024-05-06,3.7598,4.5334,2,1
746886,2024-05-06,4.5233,4.3871,3,6
744859,2024-05-07,3.5226,4.6976,3,0
745095,2024-05-07,5.2514,4.0725,5,1
745186,2024-05-07,3.9618,4.3796,5,7
745508,2024-05-07,4.2411,3.7632,0,9
745586,2024-05-07,4.0199,3.7814,10,1
745668,2024-05-07,4.5359,3.9701,8,15
745752,2024-05-07,4.9246,4.0261,10,3
745915,2024-05-07,3.8923,4.4138,6,10
746147,2024-05-07,4.1489,4.0633,8,2
746315,2024-05-07,3.7579,4.0662,5,6
746559,2024-05-07,4.3264,4.4723,0,5
746638,2024-05-07,3.5844,4.1873,7,11
746718,2024-05-07,4.2,4.3762,2,6
746885,2024-05-07,4.6993,4.37,3,2
747126,2024-05-07,3.7733,4.6282,4,2
744858,2024-05-08,3.5645,4.5635,6,7
745097,2024-05-08,4.4956,3.8855,1,4
745507,2024-05-08,4.0214,4.2561,4,5
745584,2024-05-08,4.1983,3.6519,3,5
745659,2024-05-08,4.7653,4.2912,11,12
745664,2024-05-08,4.2905,3.5618,9,4
745749,2024-05-08,4.5826,3.7289,9,4
745906,2024-05-08,3.7473,4.099,6,3
746151,2024-05-08,4.8017,4.1391,3,1
746312,2024-05-08,3.3424,3.9801,6,4
746562,2024-05-08,4.3744,5.3592,6,8
746640,2024-05-08,4.0415,4.2883,5,4
746717,2024-05-08,4.7063,4.0551,3,4
746879,2024-05-08,3.8447,3.7791,0,3
747127,2024-05-08,3.8164,5.1078,5,0
745748,2024-05-09,4.692,3.474,3,4
745910,2024-05-09,3.3571,3.7435,11,1
745995,2024-05-09,4.3416,3.8941,7,1
746241,2024-05-09,3.9852,4.9656,4,10
746563,2024-05-09,4.4074,4.8145,9,1
746715,2024-05-09,4.3198,4.73,4,5
746802,2024-05-09,3.692,4.5116,3,2
744940,2024-05-10,3.928,4.5541,2,3
745094,2024-05-10,3.4047,4.7698,0,2
745264,2024-05-10,3.4756,3.9716,8,1
745340,2024-05-10,3.8603,3.7928,2,4
745421,2024-05-10,3.4662,5.2546,2,1
745506,2024-05-10,4.2169,3.5661,2,7
745827,2024-05-10,3.738,4.0612,2,4
745993,2024-05-10,4.7045,3.6736,11,2
746071,2024-05-10,3.9344,5.6358,2,8
746240,2024-05-10,3.7787,5.5452,1,2
746479,2024-05-10,4.5395,3.995,2,5
746553,2024-05-10,4.063,4.7083,4,2
746801,2024-05-10,3.6908,5.4566,6,3
746964,2024-05-10,5.1027,4.5382,1,5
747043,2024-05-10,4.5062,3.6502,4,2
744943,2024-05-11,4.3543,4.5755,10,8
745096,2024-05-11,3.5883,4.7631,7,2
745262,2024-05-11,3.4822,4.2757,1,8
745344,2024-05-11,3.7759,4.0535,5,1
745422,2024-05-11,4.2298,5.6704,0,5
745505,2024-05-11,4.8913,3.6116,10,9
745828,2024-05-11,3.5786,3.8268,1,4
745994,2024-05-11,4.3355,3.7824,5,3
746069,2024-05-11,3.6703,5.3603,3,8
746232,2024-05-11,3.8525,4.9728,9,3
746480,2024-05-11,5.1614,4.4227,8,2
746554,2024-05-11,4.0329,4.8335,8,3
746797,2024-05-11,3.8828,4.69,3,1
746963,2024-05-11,4.7043,4.3996,4,2
747041,2024-05-11,4.7112,4.3657,5,4
744941,2024-05-12,4.5322,4.6612,1,5
745092,2024-05-12,4.0134,4.5702,6,10
745255,2024-05-12,4.0052,3.9389,8,4
745345,2024-05-12,3.8156,4.1915,6,5
745419,2024-05-12,3.7154,4.9542,4,0
745499,2024-05-12,5.1419,4.1276,4,5
745825,2024-05-12,3.9884,4.1355,4,3
745990,2024-05-12,4.4468,3.6792,3,4
746068,2024-05-12,3.4116,4.6736,7,6
746234,2024-05-12,4.3006,5.2842,2,4
746476,2024-05-12,5.3553,4.055,3,9
746555,2024-05-12,4.2293,5.7193,3,1
746798,2024-05-12,3.8598,5.8666,0,7
746965,2024-05-12,3.9869,4.3391,3,2
747042,2024-05-12,4.357,3.9943,2,9
745019,2024-05-13,3.6192,4.6758,0,7
745256,2024-05-13,3.8214,4.1222,6,2
745343,2024-05-13,3.562,4.1983,4,6
745420,2024-05-13,5.1022,4.537,4,5
745826,2024-05-13,3.6451,4.0055,4,5
745991,2024-05-13,3.9766,4.0606,6,8
746233,2024-05-13,4.0106,4.3825,5,10
746393,2024-05-13,4.3667,4.1554,9,2
746471,2024-05-13,5.0812,3.7826,6,5
746961,2024-05-13,4.647,3.6559,3,5
747040,2024-05-13,5.503,3.5623,2,3
747128,2024-05-13,4.5636,3.8281,2,0
747204,2024-05-13,4.5037,4.4757,6,5
745014,2024-05-14,4.175,4.8255,4,7
745257,2024-05-14,3.8008,3.796,2,4
745342,2024-05-14,3.693,4.8275,2,10
745418,2024-05-14,4.5218,3.9684,3,6
745821,2024-05-14,3.5431,4.0051,0,4
745909,2024-05-14,3.5017,4.1863,1,5
745989,2024-05-14,4.0648,4.2105,4,3
746235,2024-05-14,4.294,4.53,6,7
746396,2024-05-14,3.8749,4.103,2,1
746473,2024-05-14,4.9127,3.7112,0,1
746796,2024-05-14,4.407,4.4436,3,6
746799,2024-05-14,3.869,4.2429,4,0
746962,2024-05-14,4.2334,3.9613,5,4
747124,2024-05-14,4.8897,3.8155,7,0
747205,2024-05-14,3.8549,4.414,2,6
745015,2024-05-15,3.6952,4.5122,4,0
745259,2024-05-15,4.0553,3.817,4,2
745341,2024-05-15,3.5102,4.8736,4,1
745417,2024-05-15,4.5313,4.0851,0,8
745582,2024-05-15,5.4101,4.9789,10,5
745908,2024-05-15,3.893,4.4563,0,4
745992,2024-05-15,4.2548,4.2396,10,2
746231,2024-05-15,4.4538,4.776,7,2
746397,2024-05-15,4.1019,4.6124,3,0
746472,2024-05-15,5.3947,3.8356,0,2
746795,2024-05-15,4.5372,4.9167,2,0
746960,2024-05-15,5.0155,4.3259,3,4
747038,2024-05-15,6.0788,3.5077,3,2
747123,2024-05-15,5.1358,3.8645,1,7
747203,2024-05-15,4.2682,4.297,2,1
745580,2024-05-16,4.7318,4.9262,5,6
745907,2024-05-16,3.4708,4.1618,0,5
746150,2024-05-16,4.7106,3.6319,2,7
746391,2024-05-16,3.9964,3.6251,8,1
746881,2024-05-16,4.4748,3.3838,4,5
746959,2024-05-16,4.3148,3.6745,5,7
744934,2024-05-17,4.4946,4.4585,3,4
745016,2024-05-17,4.0062,3.9353,3,9
745178,2024-05-17,3.8977,5.0419,10,6
745335,2024-05-17,3.9069,3.7246,10,5
745579,2024-05-17,4.3359,3.4561,4,2
745747,2024-05-17,5.3384,3.5862,4,2
746065,2024-05-17,4.0262,5.5642,8,0
746148,2024-05-17,4.7802,4.3116,7,3
746310,2024-05-17,4.611,3.813,6,2
746388,2024-05-17,4.0764,4.5393,5,4
746641,2024-05-17,4.4633,4.8537,3,2
746878,2024-05-17,4.7026,3.5654,3,9
747037,2024-05-17,4.3135,4.1929,9,2
747122,2024-05-17,4.3688,4.4066,1,3
747201,2024-05-17,3.9988,4.2485,0,13
744938,2024-05-18,4.5975,4.5191,4,5
745013,2024-05-18,3.6805,3.8845,3,2
745177,2024-05-18,3.6174,4.7788,7,2
745339,2024-05-18,3.8704,3.9479,14,4
745581,2024-05-18,4.3332,3.5568,4,3
745744,2024-05-18,5.8432,3.3712,6,1
746067,2024-05-18,3.9566,5.177,10,9
746142,2024-05-18,4.8821,4.1518,4,0
746308,2024-05-18,4.6157,3.6274,5,3
746389,2024-05-18,4.2162,5.1358,2,4
746642,2024-05-18,4.4259,4.5446,11,4
746882,2024-05-18,4.5908,3.4625,1,0
747036,2024-05-18,4.7382,4.0843,3,4
747202,2024-05-18,3.8927,4.4271,3,8
744937,2024-05-19,4.7054,4.5365,5,2
745012,2024-05-19,3.7787,3.8902,1,4
745179,2024-05-19,3.6418,4.7297,3,11
745336,2024-05-19,4.0269,3.997,4,1
745577,2024-05-19,5.0227,3.8316,11,5
745745,2024-05-19,5.8193,3.5057,7,2
746064,2024-05-19,4.1116,5.3617,3,7
746144,2024-05-19,4.8696,3.9988,3,2
746306,2024-05-19,4.7142,3.7235,8,4
746392,2024-05-19,4.6336,5.1657,9,4
746636,2024-05-19,4.0641,4.327,5,2
746880,2024-05-19,4.624,3.5918,2,3
747035,2024-05-19,4.534,4.0271,6,3
747120,2024-05-19,3.8462,4.0691,1,9
747198,2024-05-19,3.9433,4.4857,6,4
744857,2024-05-20,4.1503,4.4083,12,3
744935,2024-05-20,4.557,4.2941,9,3
745093,2024-05-20,3.7175,4.9099,0,5
745181,2024-05-20,3.7652,4.3084,6,3
745746,2024-05-20,3.9983,3.5401,4,5
746066,2024-05-20,3.5555,5.2275,3,2
746146,2024-05-20,4.5892,4.7043,6,4
746307,2024-05-20,4.3613,3.7888,8,3
746390,2024-05-20,4.2292,3.6338,7,9
746637,2024-05-20,4.6569,5.0088,3,1
747119,2024-05-20,3.9979,4.0181,5,6
747121,2024-05-20,4.7942,3.9797,3,0
744860,2024-05-21,4.2648,4.5531,0,10
744936,2024-05-21,4.4437,4.3027,0,5
745090,2024-05-21,3.5818,4.904,2,5
745180,2024-05-21,3.5006,3.9838,3,1
745503,2024-05-21,4.0611,3.8908,7,6
745578,2024-05-21,4.4938,4.4619,5,2
745662,2024-05-21,4.2366,4.1157,5,4
745742,2024-05-21,4.4401,3.5987,3,6
746058,2024-05-21,3.6379,5.2558,5,7
746145,2024-05-21,4.7081,4.6546,3,7
746309,2024-05-21,4.0837,3.6715,10,3
746385,2024-05-21,4.7229,3.8954,6,5
746633,2024-05-21,5.1126,4.9806,7,6
746716,2024-05-21,4.3,5.4948,2,0
746875,2024-05-21,3.6435,3.73,4,3
744856,2024-05-22,4.5276,5.0553,2,3
744933,2024-05-22,5.4252,4.6681,9,2
745089,2024-05-22,4.0062,5.0089,5,8
745173,2024-05-22,3.9699,4.5776,5,4
745502,2024-05-22,4.4808,4.0301,5,9
745576,2024-05-22,6.0017,5.0344,11,4
745661,2024-05-22,4.3155,4.1829,3,4
745743,2024-05-22,4.0441,3.4224,7,3
746063,2024-05-22,3.6516,5.0596,1,0
746143,2024-05-22,4.9282,4.8445,0,6
746304,2024-05-22,3.9049,3.7332,8,3
746386,2024-05-22,4.4425,4.1685,1,2
746634,2024-05-22,4.6604,5.3963,6,3
746712,2024-05-22,3.9149,4.7427,3,7
746876,2024-05-22,3.7704,3.859,2,9
745500,2024-05-23,4.5741,4.1053,6,7
745573,2024-05-23,4.9555,4.1422,5,2
745660,2024-05-23,4.6596,4.0219,10,9
745741,2024-05-23,4.3945,3.5923,5,0
746474,2024-05-23,4.166,3.7011,1,9
746714,2024-05-23,4.0514,4.9918,4,6
746792,2024-05-23,3.9188,4.4543,6,8
746874,2024-05-23,3.6535,4.5928,0,3
744853,2024-05-24,4.3991,4.5454,6,1
745087,2024-05-24,3.5131,5.169,1,8
745415,2024-05-24,3.3763,5.4119,0,8
745501,2024-05-24,3.4616,4.6179,11,5
745663,2024-05-24,5.2621,5.0625,3,6
745822,2024-05-24,4.3939,3.4755,7,8
745905,2024-05-24,4.7358,4.2597,3,2
746227,2024-05-24,4.1329,5.9551,4,10
746475,2024-05-24,4.7281,3.8776,6,2
746558,2024-05-24,3.9751,5.3091,3,2
746713,2024-05-24,3.6924,4.7819,9,6
746793,2024-05-24,3.8094,4.1088,4,6
746956,2024-05-24,4.1304,4.6069,2,7
747200,2024-05-24,4.5008,4.1762,0,3
744851,2024-05-25,4.2315,4.5656,3,1
745086,2024-05-25,3.8127,4.7707,4,7
745176,2024-05-25,4.3985,4.7648,7,6
745411,2024-05-25,3.7191,5.3093,1,4
745493,2024-05-25,3.7916,4.5463,4,1
745658,2024-05-25,5.3001,4.6903,3,1
745823,2024-05-25,4.4742,3.6044,2,7
745901,2024-05-25,4.4314,3.9596,5,3
746226,2024-05-25,4.0455,4.9329,3,4
746470,2024-05-25,4.2107,4.0232,2,1
746556,2024-05-25,3.7482,5.3077,4,8
746710,2024-05-25,3.5681,4.4856,3,1
746794,2024-05-25,4.0313,4.0206,3,5
746958,2024-05-25,4.0728,4.7787,3,6
747199,2024-05-25,4.4895,4.4135,3,2
744855,2024-05-26,4.1364,5.0642,5,9
745088,2024-05-26,3.8152,4.8801,4,1
745172,2024-05-26,4.1777,4.3312,4,3
745413,2024-05-26,3.5151,4.4485,5,2
745498,2024-05-26,3.4161,4.729,1,8
745653,2024-05-26,5.3308,5.4127,2,5
745824,2024-05-26,4.7663,3.8016,4,3
745902,2024-05-26,5.0861,4.5482,2,6
746230,2024-05-26,4.0066,5.2386,4,5
746469,2024-05-26,4.5153,4.0428,14,11
746557,2024-05-26,3.682,5.0293,5,2
746711,2024-05-26,3.6376,4.7853,4,1
746789,2024-05-26,3.6746,4.3462,1,4
746957,2024-05-26,3.737,4.5872,2,1
747197,2024-05-26,4.8548,4.5828,1,3
745254,2024-05-27,4.5248,3.7848,3,2
745338,2024-05-27,3.764,4.1501,8,4
745416,2024-05-27,4.3373,4.4812,2,1
745904,2024-05-27,3.6366,3.6563,6,5
745986,2024-05-27,4.9563,4.496,5,1
746549,2024-05-27,4.1184,5.064,8,6
746708,2024-05-27,4.7561,4.3387,3,1
746788,2024-05-27,4.1001,3.694,1,5
747034,2024-05-27,3.8102,4.6468,11,3
747118,2024-05-27,4.5874,3.5781,4,8
745017,2024-05-28,4.3054,4.4701,4,2
745091,2024-05-28,4.3253,4.2437,0,3
745258,2024-05-28,4.8512,3.4972,4,2
745337,2024-05-28,3.388,3.9418,1,0
745412,2024-05-28,4.3209,4.7938,4,0
745816,2024-05-28,3.5603,3.8088,0,3
745818,2024-05-28,3.6307,3.8062,2,5
745903,2024-05-28,3.5441,3.5048,4,2
745987,2024-05-28,4.4396,4.5292,3,6
746229,2024-05-28,3.9658,5.0609,4,3
746552,2024-05-28,3.8826,4.9695,7,13
746709,2024-05-28,4.095,3.8508,1,7
746791,2024-05-28,4.3734,3.8185,2,7
747033,2024-05-28,3.9912,3.7812,3,8
747115,2024-05-28,4.5265,3.5046,2,0
745011,2024-05-29,4.1326,4.3026,6,1
745084,2024-05-29,4.095,4.1529,4,3
745250,2024-05-29,4.2826,3.8965,2,1
745333,2024-05-29,3.8146,4.2965,1,6
745414,2024-05-29,4.2736,4.3637,1,9
745817,2024-05-29,3.6204,4.0471,3,10
745900,2024-05-29,3.4514,3.6412,1,6
745988,2024-05-29,4.3575,4.378,10,6
746228,2024-05-29,3.9117,4.7877,1,2
746467,2024-05-29,3.5785,4.2937,8,0
746468,2024-05-29,4.015,4.8475,2,10
746551,2024-05-29,3.7304,4.9955,7,4
746706,2024-05-29,4.5953,4.4512,3,5
746790,2024-05-29,4.1338,3.7224,1,3
747031,2024-05-29,3.8816,4.1145,6,1
747117,2024-05-29,4.2459,3.6577,2,7
745081,2024-05-30,3.9457,4.0953,6,5
745249,2024-05-30,3.8116,3.5516,0,4
745819,2024-05-30,3.8927,4.4103,3,2
745898,2024-05-30,3.6059,4.4112,7,6
745985,2024-05-30,4.8255,4.5486,6,4
746225,2024-05-30,3.5494,4.9964,3,8
746954,2024-05-30,3.5697,4.2687,0,5
747114,2024-05-30,4.2827,3.9498,1,3
744928,2024-05-31,4.1041,4.3704,5,3
745253,2024-05-31,3.7581,3.6505,5,4
745331,2024-05-31,3.5392,4.5198,2,6
745574,2024-05-31,4.6549,3.7415,4,2
745820,2024-05-31,3.7973,4.1732,10,9
745983,2024-05-31,5.0405,4.1032,12,5
746059,2024-05-31,4.9016,5.4704,8,2
746140,2024-05-31,5.1643,3.7119,1,4
746303,2024-05-31,4.0362,3.7781,8,11
746387,2024-05-31,5.1385,3.8719,1,6
746635,2024-05-31,4.9642,3.6086,7,1
746877,2024-05-31,4.3304,3.6622,4,5
746955,2024-05-31,3.6919,4.2034,7,3
747032,2024-05-31,4.9955,3.5898,3,1
747116,2024-05-31,4.5258,3.6869,4,2
744932,2024-06-01,4.1366,4.1902,1,8
745251,2024-06-01,3.5279,4.0027,9,0
745332,2024-06-01,3.4257,4.7607,3,7
745575,2024-06-01,4.5937,3.9643,6,1
745812,2024-06-01,3.6045,4.2524,5,10
745980,2024-06-01,4.7515,4.0831,4,3
746062,2024-06-01,4.4502,4.9219,0,7
746138,2024-06-01,4.7705,3.7827,4,1
746305,2024-06-01,4.1306,4.3926,3,7
746384,2024-06-01,4.7939,3.9861,5,2
746629,2024-06-01,4.6941,3.7458,3,2
746870,2024-06-01,3.533,3.6196,7,5
746952,2024-06-01,3.8791,4.6201,6,3
747029,2024-06-01,4.6956,3.5658,9,5
747111,2024-06-01,4.4054,3.5078,9,11
744929,2024-06-02,3.9542,4.6111,5,4
745252,2024-06-02,3.5978,3.9368,5,1
745330,2024-06-02,3.9667,4.8198,5,7
745572,2024-06-02,4.8303,3.6643,4,5
745813,2024-06-02,3.6198,4.0412,4,5
745984,2024-06-02,5.3367,3.8897,6,3
746061,2024-06-02,4.4877,5.5648,0,6
746141,2024-06-02,5.7047,3.7868,4,0
746301,2024-06-02,4.1597,3.8252,4,3
746383,2024-06-02,4.9478,4.1428,3,4
746632,2024-06-02,4.5985,3.6433,2,5
746871,2024-06-02,3.8931,3.7413,2,5
746953,2024-06-02,3.7437,4.4354,4,8
747030,2024-06-02,5.0163,3.6866,3,4
747110,2024-06-02,4.2753,4.0674,3,1
744854,2024-06-03,4.3751,4.5811,7,8
744930,2024-06-03,3.4501,4.6463,2,7
745009,2024-06-03,3.6753,3.9004,1,2
745569,2024-06-03,4.344,4.0098,3,1
746224,2024-06-03,3.8766,4.5588,2,1
746382,2024-06-03,5.1588,3.9361,7,4
746548,2024-06-03,4.4808,4.9415,3,13
747194,2024-06-03,4.8236,4.8373,4,2
744850,2024-06-04,4.5963,5.2392,3,6
744931,2024-06-04,3.7942,4.9895,1,10
745010,2024-06-04,3.6802,3.7937,1,3
745497,2024-06-04,3.7617,4.5494,1,0
745568,2024-06-04,4.2285,4.0972,2,1
745656,2024-06-04,4.0077,4.1382,3,4
745739,2024-06-04,4.9523,3.7568,5,1
746060,2024-06-04,4.5733,4.5453,5,9
746222,2024-06-04,3.7656,4.679,4,2
746380,2024-06-04,4.9899,4.0735,8,5
746550,2024-06-04,4.2986,5.2326,1,4
746630,2024-06-04,4.0145,4.1906,8,5
746872,2024-06-04,4.725,3.3216,7,6
746949,2024-06-04,3.5579,4.7775,3,8
747196,2024-06-04,4.8562,4.5471,8,5
744852,2024-06-05,4.7908,4.8449,1,9
744927,2024-06-05,3.8345,4.2359,3,2
745007,2024-06-05,3.8565,4.4019,9,1
745494,2024-06-05,3.855,4.6631,10,6
745570,2024-06-05,4.0432,4.6426,2,0
745654,2024-06-05,4.1251,4.6535,2,1
745740,2024-06-05,5.0306,3.9233,9,5
746056,2024-06-05,4.9718,4.4745,3,5
746221,2024-06-05,3.7037,4.6833,3,2
746379,2024-06-05,5.3954,3.7969,2,4
746544,2024-06-05,4.5312,4.8208,7,12
746873,2024-06-05,4.7445,3.4816,7,6
746950,2024-06-05,3.5722,4.5519,9,0
747195,2024-06-05,4.3221,4.8941,3,9
744844,2024-06-06,3.7865,4.9298,2,5
744923,2024-06-06,3.6921,5.2784,6,5
745174,2024-06-06,4.4044,4.1592,2,3
745408,2024-06-06,3.8292,4.9337,3,4
745495,2024-06-06,3.9599,4.2268,7,11
745657,2024-06-06,4.187,4.1603,0,3
745738,2024-06-06,4.7002,3.6433,8,5
746631,2024-06-06,4.3212,3.8105,3,4
746707,2024-06-06,4.4491,4.3401,8,4
746784,2024-06-06,3.7463,5.5102,2,14
744845,2024-06-07,3.8779,4.7011,2,1
745008,2024-06-07,4.7993,4.1155,2,5
745083,2024-06-07,3.7517,4.9017,3,6
745169,2024-06-07,4.2014,4.5374,8,5
745406,2024-06-07,3.8827,4.8266,10,3
745496,2024-06-07,4.3572,4.3174,3,0
745655,2024-06-07,4.055,4.696,2,1
745737,2024-06-07,4.0754,3.6584,1,2
746053,2024-06-07,4.1629,5.1567,3,2
746220,2024-06-07,4.2853,4.814,1,7
746302,2024-06-07,4.6383,3.5232,10,9
746466,2024-06-07,3.8143,4.0964,0,10
746704,2024-06-07,4.6167,4.2647,3,2
746785,2024-06-07,3.7234,4.4782,7,2
744848,2024-06-08,4.0287,4.8877,7,3
745001,2024-06-08,4.6071,4.0579,1,3
745082,2024-06-08,3.9304,5.2517,0,5
745166,2024-06-08,4.4328,4.189,5,6
745410,2024-06-08,3.8328,4.86,13,1
745492,2024-06-08,4.442,4.918,4,0
745652,2024-06-08,4.1099,4.3517,0,7
745735,2024-06-08,4.1215,3.6672,3,11
745814,2024-06-08,3.6659,4.414,2,7
746057,2024-06-08,3.5801,5.1356,0,8
746223,2024-06-08,4.6943,4.0193,1,6
746300,2024-06-08,4.5767,3.6477,8,4
746461,2024-06-08,3.738,4.9243,4,5
746703,2024-06-08,4.3605,4.03,4,3
746786,2024-06-08,3.7211,5.3037,6,1
744849,2024-06-09,3.8198,5.3715,8,5
745003,2024-06-09,5.1375,4.137,7,2
745085,2024-06-09,3.7712,4.8582,2,9
745167,2024-06-09,4.5796,4.4656,5,1
745407,2024-06-09,3.9059,4.3759,3,9
745491,2024-06-09,4.1344,4.5179,5,11
745571,2024-06-09,5.2485,4.3948,5,6
745651,2024-06-09,4.675,4.3468,4,6
745736,2024-06-09,3.9305,3.5382,6,4
746054,2024-06-09,3.9446,5.9301,3,6
746216,2024-06-09,4.3205,4.3999,9,7
746297,2024-06-09,4.3443,3.4354,5,6
746463,2024-06-09,3.8347,3.9479,10,2
746705,2024-06-09,4.3731,4.4155,2,4
746787,2024-06-09,3.5579,5.0948,4,6
745080,2024-06-10,3.9155,4.2881,2,5
745248,2024-06-10,4.6135,3.453,8,4
745334,2024-06-10,4.146,4.1653,4,3
745409,2024-06-10,4.1374,4.2404,6,1
745897,2024-06-10,4.2051,3.6493,5,0
745982,2024-06-10,4.7366,4.7047,3,1
746295,2024-06-10,4.3554,4.1275,2,4
745077,2024-06-11,4.8069,4.4766,5,2
745170,2024-06-11,3.9569,4.3539,1,2
745244,2024-06-11,5.0546,3.715,4,3
745327,2024-06-11,4.0463,3.9545,1,3
745404,2024-06-11,4.0968,4.5561,4,3
745815,2024-06-11,3.717,4.0977,2,4
745899,2024-06-11,4.6487,3.8984,4,5
745981,2024-06-11,4.8293,4.7262,0,3
746139,2024-06-11,5.0393,4.5869,15,2
746296,2024-06-11,4.2578,4.3527,1,10
746464,2024-06-11,4.2072,4.8265,4,5
746702,2024-06-11,4.1373,4.5103,3,5
746951,2024-06-11,3.4098,4.8656,1,4
747027,2024-06-11,4.1149,3.882,4,0
747190,2024-06-11,4.2914,4.7672,9,4
745079,2024-06-12,4.6719,4.7117,3,4
745171,2024-06-12,4.3471,4.6289,4,2
745246,2024-06-12,4.3841,3.39,2,1
745328,2024-06-12,4.1609,3.8401,5,3
745405,2024-06-12,3.9004,3.9402,5,4
745811,2024-06-12,3.8261,3.932,10,4
745896,2024-06-12,4.0916,3.9024,17,9
745978,2024-06-12,4.7915,4.6914,5,4
746137,2024-06-12,4.4007,4.3822,2,3
746294,2024-06-12,4.4663,4.472,5,11
746462,2024-06-12,4.136,4.4683,5,7
746701,2024-06-12,4.1077,4.4115,4,2
746948,2024-06-12,3.3669,4.6327,8,6
747028,2024-06-12,4.4406,4.1716,4,2
747193,2024-06-12,4.1063,5.0203,3,8
745075,2024-06-13,4.5419,4.2881,3,2
745168,2024-06-13,3.9689,4.1966,4,3
745245,2024-06-13,4.4028,3.6242,2,3
745809,2024-06-13,3.9285,4.1238,3,2
745894,2024-06-13,4.5863,3.5977,6,2
746136,2024-06-13,4.6863,4.2718,1,3
746299,2024-06-13,4.1429,4.6002,4,3
746465,2024-06-13,4.5946,4.579,7,2
746944,2024-06-13,3.5223,4.2699,9,3
747026,2024-06-13,3.9978,3.7245,3,6
747192,2024-06-13,4.5778,4.8871,11,1
744847,2024-06-14,4.5475,4.1631,8,1
744924,2024-06-14,3.7722,5.3433,1,3
745247,2024-06-14,4.1521,3.9298,3,2
745326,2024-06-14,4.068,4.064,6,8
745810,2024-06-14,3.5436,4.9036,2,1
745892,2024-06-14,4.7016,3.575,6,5
745979,2024-06-14,4.1913,4.5697,5,6
746134,2024-06-14,4.1882,3.5701,4,3
746378,2024-06-14,4.5641,4.1261,4,0
746545,2024-06-14,4.4206,4.3896,2,5
746869,2024-06-14,4.5157,4.1421,0,3
746947,2024-06-14,3.3561,5.0238,1,8
747025,2024-06-14,3.9033,3.7435,3,5
747112,2024-06-14,4.4989,3.7618,7,3
747191,2024-06-14,5.3918,4.6854,7,1
744846,2024-06-15,4.627,4.3016,4,0
744925,2024-06-15,3.882,5.0833,5,0
745241,2024-06-15,4.2634,3.8591,7,5
745329,2024-06-15,3.8476,4.0264,3,4
745805,2024-06-15,3.55,4.888,5,1
745976,2024-06-15,4.2466,4.6676,3,1
746135,2024-06-15,4.3734,3.8967,2,7
746381,2024-06-15,4.4232,4.2024,5,13
746547,2024-06-15,4.2861,4.8292,16,4
746865,2024-06-15,4.6597,3.7494,5,1
746946,2024-06-15,3.3975,4.7013,8,4
747024,2024-06-15,3.9828,3.8181,6,2
747113,2024-06-15,4.5494,3.8211,9,2
747187,2024-06-15,5.0497,4.5246,2,9
744839,2024-06-16,4.6435,4.3436,3,1
744926,2024-06-16,3.8431,4.4977,7,6
745242,2024-06-16,4.5228,4.0319,5,0
745321,2024-06-16,3.9956,3.9528,13,6
745807,2024-06-16,3.318,5.1303,11,6
745891,2024-06-16,4.4587,3.6945,8,7
745895,2024-06-16,4.6741,3.743,6,2
745977,2024-06-16,4.1495,4.8848,5,4
746130,2024-06-16,4.4542,3.9,3,0
746377,2024-06-16,4.9756,4.0331,4,1
746546,2024-06-16,4.4821,4.9827,2,8
746866,2024-06-16,4.3302,3.7505,1,2
746945,2024-06-16,3.6114,5.3278,9,3
747023,2024-06-16,4.0068,3.6704,8,3
747109,2024-06-16,4.6513,3.7179,6,8
747189,2024-06-16,5.4089,4.5711,12,5
744918,2024-06-17,3.4741,4.8352,3,7
745005,2024-06-17,4.9202,3.899,2,14
745490,2024-06-17,4.1717,4.3417,4,1
745567,2024-06-17,4.0589,4.052,9,2
746055,2024-06-17,3.6869,4.7614,6,7
746215,2024-06-17,4.0749,4.7895,5,3
746543,2024-06-17,4.0507,5.1781,5,9
746868,2024-06-17,4.5342,4.0236,6,7
747108,2024-06-17,3.8347,4.0384,2,1
744843,2024-06-18,4.435,4.7096,0,5
744917,2024-06-18,3.7268,4.4267,3,4
745004,2024-06-18,4.9467,4.0396,6,7
745488,2024-06-18,4.4126,4.7191,1,2
745563,2024-06-18,3.877,4.045,4,3
745650,2024-06-18,3.8888,4.2355,7,5
745733,2024-06-18,4.1289,4.1577,4,2
745893,2024-06-18,4.5296,3.8248,7,6
746049,2024-06-18,4.1608,4.5648,9,8
746217,2024-06-18,4.1629,4.7717,3,6
746542,2024-06-18,4.1089,5.5535,9,11
746627,2024-06-18,4.5473,3.792,5,8
746783,2024-06-18,4.1459,4.6642,2,0
746867,2024-06-18,4.4633,4.1133,5,2
747107,2024-06-18,3.8524,3.8912,2,1
744842,2024-06-19,4.0554,4.8076,3,1
744920,2024-06-19,3.9698,4.7646,3,7
745002,2024-06-19,4.4001,4.2861,5,3
745489,2024-06-19,4.1917,4.6014,1,0
745561,2024-06-19,3.9184,4.2551,2,5
745646,2024-06-19,3.6806,4.4588,5,1
745732,2024-06-19,4.3922,4.4084,6,7
745887,2024-06-19,4.3586,3.744,2,3
746050,2024-06-19,4.0315,4.6229,4,3
746219,2024-06-19,3.9545,4.3675,0,2
746538,2024-06-19,4.0903,5.2372,7,6
746625,2024-06-19,4.8303,3.7434,8,0
746781,2024-06-19,4.1056,4.6874,1,4
746864,2024-06-19,4.3934,4.0352,6,5
747106,2024-06-19,3.8453,3.8974,7,0
744841,2024-06-20,4.1223,4.5036,2,5
745164,2024-06-20,4.2656,4.39,6,5
745401,2024-06-20,4.1439,4.6536,7,6
745645,2024-06-20,4.1003,4.2153,2,3
745734,2024-06-20,4.55,4.2235,5,17
745889,2024-06-20,4.8494,3.6929,6,7
746539,2024-06-20,4.6605,5.6447,3,5
746626,2024-06-20,4.6835,3.9927,6,3
746782,2024-06-20,3.839,4.1982,3,5
745006,2024-06-21,4.0425,3.819,6,2
745403,2024-06-21,3.9729,4.7134,9,5
745483,2024-06-21,4.1523,4.2459,3,10
745562,2024-06-21,4.3335,4.0841,4,5
745649,2024-06-21,4.4676,4.9505,6,5
745729,2024-06-21,4.3211,3.8603,1,8
746052,2024-06-21,3.9778,5.3964,3,2
746131,2024-06-21,4.9753,3.8257,2,3
746375,2024-06-21,4.3174,4.6265,14,11
746460,2024-06-21,4.1921,4.2356,2,1
746540,2024-06-21,4.703,4.6715,5,11
746624,2024-06-21,4.6335,3.9105,7,1
746698,2024-06-21,3.9719,4.1956,5,2
746861,2024-06-21,5.065,4.4049,1,11
744997,2024-06-22,3.7578,4.0514,6,0
745163,2024-06-22,4.1607,4.2538,9,4
745402,2024-06-22,3.9796,4.5843,6,4
745486,2024-06-22,4.771,4.1376,4,3
745564,2024-06-22,4.9636,4.0244,12,1
745644,2024-06-22,4.3878,4.9566,2,10
745731,2024-06-22,4.3344,3.9226,8,3
746048,2024-06-22,4.0569,5.3532,0,9
746132,2024-06-22,5.3008,3.5969,7,2
746376,2024-06-22,4.0788,4.3666,5,1
746459,2024-06-22,4.6734,4.2503,1,5
746541,2024-06-22,4.9182,4.8824,8,7
746622,2024-06-22,4.3331,3.777,6,3
746700,2024-06-22,3.8334,4.4062,3,4
746863,2024-06-22,4.6398,4.0505,8,1
745000,2024-06-23,3.6861,4.043,4,0
745165,2024-06-23,4.4394,4.252,5,3
745396,2024-06-23,3.7534,4.6036,2,6
745485,2024-06-23,4.4649,3.8702,1,3
745566,2024-06-23,4.6068,4.2611,4,1
745648,2024-06-23,4.4502,5.4767,0,3
745727,2024-06-23,4.1898,4.0381,1,3
746051,2024-06-23,4.4512,4.747,6,4
746373,2024-06-23,4.3809,4.5423,8,1
746457,2024-06-23,4.2302,4.6194,11,2
746536,2024-06-23,4.5764,4.6483,1,2
746621,2024-06-23,4.7337,3.9384,6,5
746699,2024-06-23,3.7892,4.1179,4,7
746862,2024-06-23,4.8166,4.5135,2,5
745078,2024-06-24,4.4081,4.8248,4,3
745160,2024-06-24,3.996,4.2893,4,3
745323,2024-06-24,4.5655,3.9203,5,4
745397,2024-06-24,4.1257,4.1761,7,6
745974,2024-06-24,5.6598,4.4319,6,3
746218,2024-06-24,4.4884,4.1946,5,1
746298,2024-06-24,4.9189,3.7064,4,1
746458,2024-06-24,4.1961,5.2252,1,8
746696,2024-06-24,4.2396,4.2243,11,5
746780,2024-06-24,3.8103,4.8869,0,3
746941,2024-06-24,4.3455,4.1749,7,6
747021,2024-06-24,4.2185,4.1176,2,3
745076,2024-06-25,4.3319,4.6483,11,3
745322,2024-06-25,5.3325,3.9662,5,1
745399,2024-06-25,3.7852,4.2165,9,7
745806,2024-06-25,3.6548,4.6117,9,7
745973,2024-06-25,4.8139,4.622,3,1
746213,2024-06-25,4.3002,4.2135,7,5
746293,2024-06-25,4.9559,3.4992,1,2
746372,2024-06-25,4.9341,3.8168,5,2
746454,2024-06-25,4.193,4.5982,4,1
746697,2024-06-25,4.0426,3.947,5,9
746775,2024-06-25,3.6663,4.6769,3,4
746943,2024-06-25,4.4385,4.1711,4,9
747022,2024-06-25,4.4674,4.3298,8,10
747188,2024-06-25,4.2565,4.5001,5,4
745073,2024-06-26,3.9553,4.4263,2,5
745157,2024-06-26,4.0421,4.6327,2,6
745158,2024-06-26,4.1249,4.6069,4,1
745325,2024-06-26,4.9771,4.2384,4,3
745400,2024-06-26,3.826,4.1269,8,5
745808,2024-06-26,3.7207,4.5132,12,2
745975,2024-06-26,5.0567,4.4181,6,5
746212,2024-06-26,4.7209,4.4588,5,2
746291,2024-06-26,5.5428,3.8233,5,1
746374,2024-06-26,4.8246,3.6045,7,1
746456,2024-06-26,4.0816,4.6623,2,6
746695,2024-06-26,4.1936,4.1265,1,6
746777,2024-06-26,3.4434,4.7496,0,4
746942,2024-06-26,4.2511,4.1676,1,4
747019,2024-06-26,4.3335,3.9468,4,2
747184,2024-06-26,4.6895,5.0473,3,8
744919,2024-06-27,3.6802,4.8538,9,2
745162,2024-06-27,4.0574,4.3226,4,11
745324,2024-06-27,4.6808,3.8189,3,5
745565,2024-06-27,4.6176,3.3886,4,7
746210,2024-06-27,3.7237,4.52,5,0
746288,2024-06-27,4.3329,4.5088,2,1
746816,2024-06-27,3.6787,4.5576,1,0
747020,2024-06-27,5.0407,3.7901,11,2
747185,2024-06-27,5.0295,5.3075,6,13
744922,2024-06-28,3.8283,5.008,5,16
745070,2024-06-28,3.777,4.4541,3,1
745161,2024-06-28,4.1076,4.4507,1,0
745238,2024-06-28,4.2421,3.9747,3,2
745319,2024-06-28,3.8798,4.3254,5,3
745560,2024-06-28,4.8056,3.3518,2,0
745804,2024-06-28,4.1808,4.3026,7,2
745970,2024-06-28,5.1257,3.8973,4,2
746214,2024-06-28,4.2891,4.5591,5,2
746292,2024-06-28,4.3932,4.9582,10,3
746776,2024-06-28,4.6827,3.8631,5,3
746939,2024-06-28,4.3155,4.5588,2,9
747017,2024-06-28,4.8943,3.824,2,1
747105,2024-06-28,4.4535,4.235,6,1
747183,2024-06-28,5.2833,4.137,4,9
744921,2024-06-29,3.7932,4.658,9,3
745071,2024-06-29,3.6993,4.4301,1,8
745159,2024-06-29,4.2261,4.2171,4,9
745239,2024-06-29,4.1401,4.0297,1,5
745317,2024-06-29,3.5723,4.4601,7,14
745559,2024-06-29,4.6342,3.4463,2,3
745801,2024-06-29,4.3153,4.242,6,9
745972,2024-06-29,4.9589,3.9321,3,5
746211,2024-06-29,4.1033,4.8557,6,5
746289,2024-06-29,4.1699,4.2477,2,7
746778,2024-06-29,4.679,4.1217,11,3
746940,2024-06-29,4.0064,4.7433,1,11
747018,2024-06-29,5.3891,4.0928,6,5
747104,2024-06-29,4.3189,3.871,2,1
747186,2024-06-29,5.4484,4.1981,3,0
744916,2024-06-30,3.9251,5.0294,1,8
745072,2024-06-30,4.1388,4.2139,5,0
745154,2024-06-30,3.9103,4.2344,2,0
745243,2024-06-30,4.212,3.8182,3,5
745320,2024-06-30,3.8281,4.3525,10,4
745555,2024-06-30,4.5403,3.5604,7,6
745802,2024-06-30,4.3479,3.9611,5,10
745971,2024-06-30,5.481,3.7802,7,1
746209,2024-06-30,4.0363,4.3311,6,7
746290,2024-06-30,4.3789,4.4655,6,2
746779,2024-06-30,4.564,3.8835,4,5
746938,2024-06-30,4.4265,5.0044,4,1
747016,2024-06-30,5.2419,3.8661,2,11
747101,2024-06-30,4.7232,3.8575,2,4
747182,2024-06-30,5.4069,4.0746,5,1
744840,2024-07-01,4.209,4.8927,7,9
744914,2024-07-01,4.1485,4.1309,1,3
746535,2024-07-01,4.8843,4.9637,8,7
744838,2024-07-02,4.4952,4.4924,2,7
744913,2024-07-02,4.2533,4.3028,7,6
744999,2024-07-02,3.9403,3.9868,7,0
745240,2024-07-02,3.5611,4.0675,0,2
745482,2024-07-02,4.2366,3.9928,4,7
745647,2024-07-02,4.7926,4.4105,7,5
745730,2024-07-02,4.3929,3.919,4,5
745886,2024-07-02,3.8857,3.8259,5,3
746047,2024-07-02,3.7901,4.6547,3,8
746133,2024-07-02,4.9182,4.1297,6,5
746282,2024-07-02,5.0737,4.1232,1,5
746537,2024-07-02,4.5825,4.9417,3,4
746623,2024-07-02,5.592,3.6413,7,6
746860,2024-07-02,3.9719,4.1844,4,6
747102,2024-07-02,4.5284,3.9635,3,5
744837,2024-07-03,4.4885,4.7888,7,5
744915,2024-07-03,4.4838,4.564,2,9
744998,2024-07-03,4.2322,4.1882,4,6
745234,2024-07-03,3.6496,4.2357,1,4
745487,2024-07-03,4.4019,4.0153,5,4
745643,2024-07-03,4.311,4.4369,5,0
745728,2024-07-03,4.5096,3.913,2,3
745888,2024-07-03,4.0089,3.9307,2,9
746045,2024-07-03,3.8721,5.6627,2,7
746128,2024-07-03,5.0485,4.2583,4,12
746283,2024-07-03,4.8776,4.0437,4,2
746534,2024-07-03,4.4532,5.1334,0,3
746617,2024-07-03,5.4817,3.6507,2,8
746858,2024-07-03,3.9071,4.1158,3,5
747100,2024-07-03,4.7839,3.9414,3,1
744834,2024-07-04,4.5315,4.8816,1,0
744912,2024-07-04,4.3722,4.8249,3,5
744996,2024-07-04,3.954,3.9757,1,3
745236,2024-07-04,3.4186,4.2109,7,3
745484,2024-07-04,4.1579,4.126,2,3
745641,2024-07-04,5.0455,4.2626,5,0
745726,2024-07-04,4.195,3.9919,4,8
745890,2024-07-04,4.0684,4.1332,12,3
746043,2024-07-04,3.7113,5.3624,5,6
746126,2024-07-04,4.6939,4.3107,3,9
746285,2024-07-04,4.5155,3.8983,8,10
746532,2024-07-04,4.1123,4.687,4,3
746619,2024-07-04,5.2151,3.7153,8,4
746857,2024-07-04,3.8724,4.0979,10,2
747103,2024-07-04,4.6265,3.7786,2,4
744836,2024-07-05,4.237,4.0293,6,7
744992,2024-07-05,4.6887,4.058,3,0
745237,2024-07-05,4.0215,3.5623,2,1
745398,2024-07-05,4.4772,4.9621,10,8
745479,2024-07-05,4.3242,4.5068,14,2
745639,2024-07-05,4.1594,5.3815,2,3
745725,2024-07-05,4.0442,4.0719,3,5
745884,2024-07-05,4.7985,4.2745,12,13
746046,2024-07-05,4.7081,4.3386,2,3
746127,2024-07-05,4.4142,4.1327,8,5
746533,2024-07-05,4.3206,4.9045,4,2
746620,2024-07-05,5.1553,3.835,2,4
746693,2024-07-05,4.2289,4.2088,4,5
746859,2024-07-05,4.6213,3.9517,5,1
747097,2024-07-05,3.9537,3.8474,6,8
744835,2024-07-06,4.311,3.7766,14,6
744995,2024-07-06,4.1391,3.7338,4,3
745235,2024-07-06,4.3021,3.6655,4,5
745395,2024-07-06,5.0246,4.7044,5,7
745476,2024-07-06,4.2165,4.6082,2,5
745642,2024-07-06,4.1819,5.2781,19,8
745724,2024-07-06,4.3425,4.86,14,4
745885,2024-07-06,4.3274,4.2515,9,3
746044,2024-07-06,4.3905,4.4273,4,3
746129,2024-07-06,4.1382,3.9605,5,3
746529,2024-07-06,4.2837,4.9409,3,1
746615,2024-07-06,5.4204,4.316,5,4
746694,2024-07-06,4.0059,4.2261,3,5
746856,2024-07-06,4.7618,4.1552,0,7
747099,2024-07-06,4.0205,4.2808,5,1
744832,2024-07-07,4.3469,3.7935,3,8
744993,2024-07-07,4.1788,3.8128,13,2
745233,2024-07-07,3.8963,3.5035,4,5
745391,2024-07-07,4.7477,5.4805,1,9
745477,2024-07-07,4.3459,4.8997,2,3
745637,2024-07-07,3.6857,4.7925,3,6
745723,2024-07-07,4.0781,4.3127,0,3
745883,2024-07-07,4.2549,4.0685,3,2
746039,2024-07-07,4.6356,4.3565,7,4
746122,2024-07-07,4.4048,4.2821,2,9
746530,2024-07-07,4.1783,4.7717,1,10
746616,2024-07-07,5.0843,4.0197,5,4
746691,2024-07-07,4.1762,4.7089,1,5
746855,2024-07-07,4.7416,4.0516,5,0
747098,2024-07-07,3.7477,4.0241,6,0
744833,2024-07-08,4.2923,3.6784,0,6
745480,2024-07-08,4.3666,4.5008,8,2
746208,2024-07-08,5.0499,4.8115,4,9
746455,2024-07-08,4.1843,4.7421,1,0
746692,2024-07-08,4.7045,3.8005,6,0
746771,2024-07-08,4.0228,5.0217,6,8
747181,2024-07-08,4.1782,4.9968,4,5
745074,2024-07-09,3.7063,4.7966,5,3
745316,2024-07-09,4.1997,4.5462,4,3
745393,2024-07-09,4.5577,4.763,3,8
745557,2024-07-09,4.3446,4.2124,10,1
745803,2024-07-09,4.3198,4.3584,7,5
745968,2024-07-09,4.8717,3.9206,2,12
746206,2024-07-09,4.8086,4.9652,4,5
746368,2024-07-09,4.656,3.5628,4,3
746451,2024-07-09,4.2498,4.7686,8,9
746690,2024-07-09,4.7045,3.9869,12,6
746937,2024-07-09,4.5374,4.0847,12,9
747014,2024-07-09,4.7423,3.7899,2,9
747180,2024-07-09,3.8285,4.6234,2,6
745069,2024-07-10,3.8849,4.891,1,2
745155,2024-07-10,3.8659,4.0766,4,6
745156,2024-07-10,3.9845,4.1395,5,8
745318,2024-07-10,4.3191,4.2097,6,10
745394,2024-07-10,4.5824,4.2519,0,2
745556,2024-07-10,4.1889,4.229,4,3
745796,2024-07-10,4.416,4.35,6,2
745969,2024-07-10,4.5159,3.914,9,0
746205,2024-07-10,5.0515,5.0813,7,2
746366,2024-07-10,4.4599,3.5949,9,1
746453,2024-07-10,4.0435,4.5165,5,4
746689,2024-07-10,4.7106,3.8201,5,6
746772,2024-07-10,3.9169,4.4447,3,1
746773,2024-07-10,4.029,4.5639,2,3
746934,2024-07-10,4.6661,3.9339,2,5
747015,2024-07-10,4.9383,3.6368,0,4
747179,2024-07-10,3.9808,4.8247,7,5
745065,2024-07-11,3.7749,5.0272,5,4
745313,2024-07-11,4.1507,4.3583,3,5
745558,2024-07-11,4.5107,3.8996,5,1
745799,2024-07-11,4.4352,4.0475,7,0
745967,2024-07-11,4.3148,4.2267,0,1
746204,2024-07-11,4.3296,4.4542,0,11
746367,2024-07-11,4.4984,3.6879,6,3
746452,2024-07-11,4.1251,4.1799,10,1
746688,2024-07-11,5.0272,4.0315,8,1
746935,2024-07-11,4.8437,4.1929,7,0
747011,2024-07-11,4.5204,4.0791,0,8
747178,2024-07-11,4.2571,4.9277,1,0
745064,2024-07-12,3.7268,4.2682,2,0
745153,2024-07-12,4.6517,4.008,1,5
745312,2024-07-12,4.2156,4.7188,7,1
745390,2024-07-12,4.1565,4.4148,1,6
745552,2024-07-12,5.5484,3.6219,2,6
745800,2024-07-12,4.9898,3.9942,7,6
745965,2024-07-12,4.3688,4.1518,2,5
746207,2024-07-12,4.6132,4.4341,6,5
746371,2024-07-12,5.0096,4.0855,6,3
746450,2024-07-12,4.1316,4.5744,3,4
746685,2024-07-12,4.265,4.0043,7,4
746774,2024-07-12,4.1202,4.0558,1,4
746936,2024-07-12,3.8653,4.8625,1,6
747012,2024-07-12,4.4283,4.4632,1,4
747175,2024-07-12,4.449,4.8291,5,4
745067,2024-07-13,3.711,4.354,2,4
745152,2024-07-13,4.3956,4.2869,11,3
745175,2024-07-13,4.6335,4.2352,5,4
745311,2024-07-13,4.6916,4.9808,2,4
745392,2024-07-13,3.9912,4.4966,4,0
745549,2024-07-13,5.3455,3.5717,11,5
745798,2024-07-13,4.9631,4.019,7,3
745963,2024-07-13,4.5273,3.9528,5,6
746202,2024-07-13,4.4707,4.4003,2,1
746369,2024-07-13,5.1503,4.3378,1,2
746447,2024-07-13,4.2503,4.5556,11,9
746687,2024-07-13,4.1271,4.0805,10,6
746766,2024-07-13,4.0871,4.1735,2,6
746930,2024-07-13,3.9178,4.6399,5,0
747013,2024-07-13,4.485,4.07,1,6
747177,2024-07-13,4.4227,4.8912,12,1
745066,2024-07-14,3.8061,5.0025,2,0
745151,2024-07-14,4.3813,4.4331,3,8
745314,2024-07-14,4.8607,4.9307,3,2
745385,2024-07-14,4.004,4.6502,3,6
745551,2024-07-14,5.7589,3.6106,3,18
745797,2024-07-14,4.9876,4.0081,5,8
745962,2024-07-14,4.5842,3.922,9,3
746201,2024-07-14,4.2363,4.3562,3,2
746370,2024-07-14,5.3592,4.2397,2,4
746449,2024-07-14,4.1111,4.6131,4,3
746686,2024-07-14,4.5519,4.0085,2,3
746769,2024-07-14,4.286,4.1523,4,9
746932,2024-07-14,3.9728,4.6036,5,4
747009,2024-07-14,4.3816,4.1703,6,5
747176,2024-07-14,4.1813,5.0397,7,8
744829,2024-07-19,3.8436,4.9097,8,5
744911,2024-07-19,3.8248,4.3546,4,5
744990,2024-07-19,3.9375,4.1269,1,9
745228,2024-07-19,4.091,3.5339,0,3
745481,2024-07-19,3.9259,4.8276,8,7
745640,2024-07-19,4.7296,4.0511,13,3
745721,2024-07-19,4.8279,4.026,6,1
746040,2024-07-19,4.4866,5.315,6,4
746123,2024-07-19,4.3487,4.7069,4,1
746284,2024-07-19,5.3972,3.5724,7,1
746531,2024-07-19,4.6158,5.0156,7,3
746618,2024-07-19,4.4337,4.1214,7,0
746854,2024-07-19,4.4714,4.2272,2,5
744830,2024-07-20,3.9822,4.4339,5,4
744910,2024-07-20,3.8087,4.8802,3,7
744994,2024-07-20,3.9388,4.326,4,8
745229,2024-07-20,4.1026,3.6206,2,4
745478,2024-07-20,3.866,4.3624,4,1
745638,2024-07-20,4.4366,4.1514,8,2
745720,2024-07-20,4.4151,3.9458,1,9
745880,2024-07-20,3.9235,4.4475,4,8
746041,2024-07-20,4.8624,5.6844,0,1
746121,2024-07-20,4.2917,4.5748,7,6
746286,2024-07-20,5.2527,3.5879,6,1
746527,2024-07-20,4.7501,4.8328,4,3
746613,2024-07-20,4.138,4.1744,0,7
746852,2024-07-20,4.2789,4.3664,0,3
747093,2024-07-20,4.4046,3.6424,3,2
747096,2024-07-20,4.2816,3.8509,5,9
744831,2024-07-21,3.9427,4.7832,5,2
744909,2024-07-21,4.0558,4.6288,5,4
744991,2024-07-21,4.027,4.3706,3,2
745230,2024-07-21,4.0258,3.6339,6,4
745470,2024-07-21,3.7855,4.3176,0,6
745633,2024-07-21,4.426,3.9472,5,8
745722,2024-07-21,4.7425,4.0082,4,6
745882,2024-07-21,4.18,4.542,7,8
746042,2024-07-21,4.5814,5.0287,4,2
746125,2024-07-21,4.3314,4.6274,9,6
746287,2024-07-21,5.214,3.4734,4,1
746528,2024-07-21,4.7469,5.1849,2,3
746610,2024-07-21,4.1574,4.0326,1,2
746853,2024-07-21,4.4534,4.2763,2,1
747094,2024-07-21,4.4725,3.6305,2,6
744988,2024-07-22,4.9037,3.4793,4,3
745232,2024-07-22,4.4287,3.4977,1,3
745473,2024-07-22,4.2918,4.2546,2,1
745635,2024-07-22,4.371,4.5973,4,0
745717,2024-07-22,4.6138,4.2229,9,1
745881,2024-07-22,4.5139,4.6488,7,2
746034,2024-07-22,4.3667,5.0656,4,6
746124,2024-07-22,4.8404,4.2126,3,2
746280,2024-07-22,4.9607,4.4627,10,4
746526,2024-07-22,4.3647,5.5737,9,8
746612,2024-07-22,4.3808,3.9645,2,8
746850,2024-07-22,3.7921,4.0199,3,1
747095,2024-07-22,4.0084,3.6752,1,4
744828,2024-07-23,3.9944,4.6946,0,4
744904,2024-07-23,4.509,4.8564,2,4
744985,2024-07-23,4.3145,3.5826,3,2
745227,2024-07-23,4.3013,3.5008,1,5
745475,2024-07-23,4.2329,4.2666,1,2
745632,2024-07-23,4.8204,4.7295,8,2
745715,2024-07-23,4.9105,4.7043,2,3
745878,2024-07-23,4.0962,4.656,0,3
746036,2024-07-23,4.1463,5.2018,6,3
746118,2024-07-23,4.893,4.0169,5,2
746281,2024-07-23,4.8441,4.9642,2,6
746524,2024-07-23,4.2611,5.9882,0,6
746614,2024-07-23,4.5083,4.1712,5,4
746848,2024-07-23,3.8065,3.9773,0,1
744824,2024-07-24,4.1435,4.6934,3,12
744905,2024-07-24,4.4534,4.5751,6,3
744989,2024-07-24,4.5869,3.3464,10,2
745231,2024-07-24,4.3158,3.4638,1,2
745472,2024-07-24,4.1067,4.5016,5,0
745634,2024-07-24,4.7957,4.2155,1,8
745716,2024-07-24,4.9369,4.6281,3,12
745877,2024-07-24,4.2002,4.6227,5,4
746035,2024-07-24,3.9891,5.5388,6,3
746119,2024-07-24,5.0579,4.4453,3,8
746279,2024-07-24,4.6264,4.3397,6,8
746525,2024-07-24,4.1709,5.0475,20,7
746611,2024-07-24,4.2268,3.8087,2,1
746851,2024-07-24,3.7736,3.9647,2,3
747091,2024-07-24,3.9174,4.3668,4,9
744827,2024-07-25,3.8401,4.3135,0,3
744907,2024-07-25,4.2067,4.4373,0,13
744984,2024-07-25,4.688,3.489,2,1
745794,2024-07-25,4.1182,4.2409,3,2
746037,2024-07-25,3.9369,5.5045,6,7
746117,2024-07-25,4.7682,4.2688,6,4
746199,2024-07-25,4.6083,4.5293,5,6
746609,2024-07-25,4.6971,3.9241,0,3
744906,2024-07-26,4.2949,4.7258,6,5
745068,2024-07-26,3.7817,4.9699,2,3
745146,2024-07-26,4.0328,3.9887,8,10
745315,2024-07-26,5.1752,3.9076,11,4
745554,2024-07-26,4.8867,4.1508,1,3
745792,2024-07-26,4.2825,4.6418,8,4
745964,2024-07-26,5.1201,3.687,2,6
746200,2024-07-26,4.5307,4.4471,4,5
746277,2024-07-26,5.1045,3.9547,6,0
746361,2024-07-26,4.477,4.1492,5,0
746448,2024-07-26,4.3791,5.003,3,9
746767,2024-07-26,3.8094,4.472,0,10
746933,2024-07-26,4.318,5.3262,9,7
747010,2024-07-26,4.0982,4.4547,4,6
747174,2024-07-26,4.39,4.5866,4,3
744908,2024-07-27,4.4224,4.6956,7,3
745059,2024-07-27,3.8102,4.7013,4,0
745150,2024-07-27,4.3193,4.2064,3,14
745307,2024-07-27,4.9116,3.8266,4,1
745310,2024-07-27,5.1716,3.8593,5,0
745553,2024-07-27,4.7724,3.8676,8,0
745793,2024-07-27,4.1998,4.631,0,4
745966,2024-07-27,4.7116,3.8895,3,7
746203,2024-07-27,4.6436,4.2891,1,3
746278,2024-07-27,4.7119,3.8917,4,9
746362,2024-07-27,4.6142,4.1206,7,6
746446,2024-07-27,4.4637,4.6419,7,2
746768,2024-07-27,3.9554,3.9934,3,6
746931,2024-07-27,4.2239,5.0103,8,11
747006,2024-07-27,4.3126,4.3153,4,9
747171,2024-07-27,4.7383,5.0126,9,5
744902,2024-07-28,4.5159,4.5741,7,3
745063,2024-07-28,3.7914,4.5352,2,1
745145,2024-07-28,4.4405,4.2967,4,3
745305,2024-07-28,5.7951,3.849,5,4
745550,2024-07-28,4.593,4.4674,3,4
745795,2024-07-28,4.346,4.4421,2,9
745961,2024-07-28,4.7628,3.8023,6,2
746195,2024-07-28,4.568,4.2176,8,6
746274,2024-07-28,5.0279,3.9389,3,7
746364,2024-07-28,4.7245,4.3241,2,6
746445,2024-07-28,4.411,4.5584,0,5
746770,2024-07-28,3.9963,3.978,3,6
746929,2024-07-28,4.2923,5.0103,2,8
747008,2024-07-28,4.4562,4.4893,8,6
747173,2024-07-28,4.5582,4.7107,5,6
745147,2024-07-29,4.7124,4.7392,3,6
745547,2024-07-29,4.198,4.2268,4,14
745791,2024-07-29,4.505,4.4427,15,2
745959,2024-07-29,4.1869,4.1715,8,3
746360,2024-07-29,4.1388,3.9516,3,5
746444,2024-07-29,4.504,4.4475,4,8
746684,2024-07-29,4.8514,4.4414,7,1
746765,2024-07-29,3.4999,4.266,5,8
746928,2024-07-29,4.2928,4.5949,14,7
747007,2024-07-29,4.4354,4.0277,11,5
747039,2024-07-29,4.4525,4.1541,4,8
747172,2024-07-29,4.8122,5.04,9,8
745060,2024-07-30,3.9156,3.8417,9,3
745149,2024-07-30,4.7578,4.9238,8,1
745309,2024-07-30,4.88,3.8448,2,5
745389,2024-07-30,3.9587,4.6209,6,5
745546,2024-07-30,4.3659,4.5133,6,7
745787,2024-07-30,4.5189,4.6452,2,0
745958,2024-07-30,4.1151,4.6339,1,5
746197,2024-07-30,4.6722,4.3038,10,7
746365,2024-07-30,4.397,3.873,2,6
746441,2024-07-30,4.377,4.1678,0,5
746683,2024-07-30,4.8875,4.1336,6,3
746763,2024-07-30,3.5604,4.2791,3,4
746926,2024-07-30,4.3079,4.7453,6,10
747005,2024-07-30,4.4547,4.1522,6,2
747167,2024-07-30,4.7427,4.956,17,0
745061,2024-07-31,3.8662,3.6409,2,6
745148,2024-07-31,4.5748,4.7133,10,1
745306,2024-07-31,4.9967,3.6501,1,0
745386,2024-07-31,3.9066,4.4865,8,1
745543,2024-07-31,4.5518,3.9854,5,6
745789,2024-07-31,4.4738,4.6665,3,8
745960,2024-07-31,4.0917,3.9963,2,6
746198,2024-07-31,4.4543,4.3632,1,2
746363,2024-07-31,4.6838,3.7527,5,4
746678,2024-07-31,4.8399,4.0283,4,13
746764,2024-07-31,3.5593,4.3686,3,10
746925,2024-07-31,4.2151,4.9854,3,2
747003,2024-07-31,4.897,4.2761,10,4
747170,2024-07-31,4.7037,4.6758,5,4
746196,2024-08-01,4.3834,4.3472,4,5
746442,2024-08-01,4.231,4.3498,1,7
746607,2024-08-01,4.8393,4.1615,10,3
746849,2024-08-01,3.9608,3.7713,5,4
747092,2024-08-01,4.3768,3.5859,4,2
744825,2024-08-02,4.0596,4.6268,3,8
744986,2024-08-02,4.2198,4.2381,6,11
745224,2024-08-02,3.7519,3.7077,10,2
745387,2024-08-02,5.2055,4.2333,2,5
745471,2024-08-02,4.0575,4.2707,8,9
745631,2024-08-02,4.1406,4.8717,6,5
745719,2024-08-02,4.8564,3.9669,5,8
745875,2024-08-02,5.0276,3.7883,10,2
746193,2024-08-02,4.4355,4.8034,1,5
746354,2024-08-02,4.7805,3.8793,3,2
746443,2024-08-02,4.221,4.2401,2,9
746605,2024-08-02,4.4912,4.3468,8,4
746679,2024-08-02,4.3654,4.437,0,3
746845,2024-08-02,4.0645,3.7328,6,3
747089,2024-08-02,4.4631,3.572,5,3
744823,2024-08-03,3.9237,4.553,6,4
744987,2024-08-03,4.2821,4.1903,7,4
745225,2024-08-03,3.6994,3.7996,6,5
745388,2024-08-03,5.1201,4.2915,3,2
745474,2024-08-03,4.0709,4.3631,4,2
745636,2024-08-03,3.9021,4.7227,0,10
745714,2024-08-03,5.0056,4.3406,8,3
745876,2024-08-03,4.6477,4.0352,6,2
746194,2024-08-03,4.4819,5.2277,5,4
746358,2024-08-03,4.9335,3.8576,1,6
746440,2024-08-03,4.2323,4.3541,6,5
746608,2024-08-03,4.6001,4.3846,4,7
746681,2024-08-03,4.7034,4.3714,6,4
746846,2024-08-03,4.03,3.7927,4,5
747087,2024-08-03,4.2898,3.5687,3,4
744826,2024-08-04,3.9108,4.8645,4,3
744979,2024-08-04,4.0751,3.9281,2,7
745222,2024-08-04,3.6622,3.7722,0,6
745384,2024-08-04,5.0936,4.276,10,2
745468,2024-08-04,4.1224,4.3473,5,6
745627,2024-08-04,4.0783,4.7405,2,3
745718,2024-08-04,4.6769,4.2271,4,3
745879,2024-08-04,5.2092,3.889,13,7
746191,2024-08-04,4.6719,4.8444,3,2
746356,2024-08-04,4.631,4.152,0,1
746439,2024-08-04,4.2153,4.3429,2,3
746606,2024-08-04,4.341,4.4024,5,9
746680,2024-08-04,4.3252,4.4399,2,8
746844,2024-08-04,4.01,3.6495,6,2
747088,2024-08-04,4.1478,3.8057,0,7
744821,2024-08-05,4.5528,4.6401,1,4
744982,2024-08-05,4.1512,3.91,4,3
745184,2024-08-05,4.6881,4.8986,0,6
745628,2024-08-05,5.3091,4.1135,5,1
746038,2024-08-05,3.8319,4.9836,3,10
746116,2024-08-05,4.4837,3.9226,5,3
746276,2024-08-05,5.4365,4.5606,5,9
746600,2024-08-05,4.7348,4.5243,6,7
746847,2024-08-05,4.3437,4.1917,0,3
744817,2024-08-06,4.643,4.6377,11,5
744901,2024-08-06,4.2545,5.0752,5,2
744983,2024-08-06,4.1897,3.8406,2,4
745141,2024-08-06,4.7341,4.7156,4,3
745221,2024-08-06,3.9972,3.6655,2,4
745467,2024-08-06,3.6444,4.3633,0,6
745629,2024-08-06,5.3934,4.0444,1,5
746033,2024-08-06,3.7939,4.8809,2,8
746120,2024-08-06,4.4679,4.2676,2,6
746273,2024-08-06,5.1835,4.6631,5,6
746519,2024-08-06,4.7126,5.303,6,3
746840,2024-08-06,4.2958,3.964,7,3
747086,2024-08-06,4.0207,4.0779,0,10
744822,2024-08-07,4.2913,4.457,4,7
744903,2024-08-07,4.2033,5.0518,3,7
744981,2024-08-07,4.2419,3.7753,4,6
745142,2024-08-07,4.2856,4.8222,5,2
745223,2024-08-07,3.796,3.7807,2,6
745469,2024-08-07,3.7796,4.3847,8,9
745630,2024-08-07,4.7824,4.1433,3,2
745709,2024-08-07,4.8776,3.9199,5,2
745713,2024-08-07,4.5334,3.9897,2,8
746031,2024-08-07,3.8727,4.69,6,4
746115,2024-08-07,4.6767,4.1291,4,9
746272,2024-08-07,5.4125,4.6841,8,4
746521,2024-08-07,4.8544,4.9885,3,5
746602,2024-08-07,4.8161,4.4837,3,5
746604,2024-08-07,5.02,4.0955,3,7
746842,2024-08-07,4.0401,4.0256,8,2
747085,2024-08-07,3.7655,4.0283,5,8
744819,2024-08-08,4.4375,4.1725,5,9
744899,2024-08-08,4.1087,5.007,7,6
745143,2024-08-08,4.6455,4.7288,4,6
745226,2024-08-08,4.1913,3.7032,4,3
745466,2024-08-08,4.135,4.3687,6,7
745710,2024-08-08,4.832,3.9783,4,9
746030,2024-08-08,3.7058,5.29,4,10
746522,2024-08-08,4.8607,5.2396,1,9
747081,2024-08-08,3.9528,4.1161,7,16
747169,2024-08-08,4.6322,5.0409,4,6
744818,2024-08-09,4.657,4.2855,3,2
744900,2024-08-09,4.5035,4.5715,3,1
745062,2024-08-09,3.8904,4.5814,1,4
745220,2024-08-09,4.3799,4.2579,6,0
745308,2024-08-09,4.1324,3.7817,3,2
745871,2024-08-09,4.1242,4.598,6,3
745927,2024-08-09,4.3396,4.0437,4,2
745957,2024-08-09,4.3438,4.2418,8,3
746032,2024-08-09,3.9401,4.974,2,6
746113,2024-08-09,4.5712,3.9508,9,5
746275,2024-08-09,4.8874,3.9711,5,8
746523,2024-08-09,4.1159,4.8393,6,5
746760,2024-08-09,4.2081,4.5656,6,7
746927,2024-08-09,4.5062,4.9386,4,8
747168,2024-08-09,3.9008,4.7444,3,2
744820,2024-08-10,4.5578,3.9919,5,4
744897,2024-08-10,4.2403,4.2774,0,1
745056,2024-08-10,3.8132,4.5299,5,7
745219,2024-08-10,4.2772,4.351,4,0
745304,2024-08-10,4.0565,3.9557,3,1
745708,2024-08-10,4.807,3.9792,4,9
745712,2024-08-10,4.7549,4.2193,8,0
745873,2024-08-10,4.0907,4.1483,1,2
745955,2024-08-10,4.3194,4.0913,1,0
746026,2024-08-10,3.8834,5.1326,8,9
746112,2024-08-10,4.0567,3.9258,4,1
746269,2024-08-10,5.0531,3.8764,8,3
746520,2024-08-10,4.3044,5.0385,8,11
746761,2024-08-10,4.2567,4.8438,1,3
746922,2024-08-10,4.4331,4.758,4,5
747164,2024-08-10,4.5051,4.5523,11,1
744816,2024-08-11,4.5369,4.25,4,6
744895,2024-08-11,4.2559,4.4125,4,8
745057,2024-08-11,3.9473,4.7988,2,1
745216,2024-08-11,4.4687,4.3458,12,1
745303,2024-08-11,4.3535,4.0475,4,5
745711,2024-08-11,5.2159,4.2546,8,7
745872,2024-08-11,4.46,4.5369,3,5
745956,2024-08-11,4.1827,4.272,3,4
746025,2024-08-11,3.7844,5.0713,7,6
746114,2024-08-11,4.808,3.9968,6,5
746517,2024-08-11,4.0578,4.4129,9,8
746923,2024-08-11,4.5124,4.9472,2,10
747166,2024-08-11,4.7263,5.0346,12,5
745058,2024-08-12,3.7974,4.2154,1,6
745300,2024-08-12,3.8838,4.1599,0,1
745383,2024-08-12,4.4653,4.786,2,1
745874,2024-08-12,4.5183,4.3471,8,3
745953,2024-08-12,4.478,4.5931,2,5
746192,2024-08-12,4.3936,4.7933,2,4
746603,2024-08-12,4.4633,4.0889,9,8
746682,2024-08-12,4.1456,4.2028,6,1
746762,2024-08-12,3.8176,5.0247,12,2
746921,2024-08-12,5.1409,4.6164,5,4
747165,2024-08-12,5.6104,4.2639,5,4
745055,2024-08-13,3.9473,4.2812,2,3
745302,2024-08-13,4.065,4.257,3,4
745382,2024-08-13,4.7563,4.396,3,0
745548,2024-08-13,4.7059,3.975,0,5
745788,2024-08-13,4.4324,4.1093,4,9
745867,2024-08-13,4.3584,4.3411,13,3
745954,2024-08-13,4.7226,4.4926,2,7
746187,2024-08-13,4.4579,4.9446,1,6
746435,2024-08-13,4.274,4.3716,15,1
746601,2024-08-13,4.6881,4.3349,2,1
746673,2024-08-13,4.4348,4.2027,4,1
746757,2024-08-13,4.0,5.6249,1,4
746924,2024-08-13,5.1724,4.6008,9,4
747004,2024-08-13,5.0987,4.4429,3,9
747160,2024-08-13,6.0326,4.2965,4,3
745053,2024-08-14,3.8994,4.2891,1,2
745301,2024-08-14,3.9712,4.1978,2,13
745381,2024-08-14,4.758,4.8501,8,2
745544,2024-08-14,4.4361,3.8452,9,5
745790,2024-08-14,4.8156,3.9015,9,1
745869,2024-08-14,4.0144,4.3713,1,4
745951,2024-08-14,4.3836,4.7349,5,4
746188,2024-08-14,4.3509,4.8885,2,9
746436,2024-08-14,4.3797,4.6872,3,2
746598,2024-08-14,5.0566,4.244,6,1
746677,2024-08-14,4.1943,4.3402,9,2
746759,2024-08-14,3.8114,4.8749,2,10
746919,2024-08-14,4.9833,4.6108,7,9
747000,2024-08-14,4.8382,4.6386,4,1
747163,2024-08-14,5.7611,4.3184,11,4
744980,2024-08-15,4.1995,3.8906,2,3
745298,2024-08-15,4.2266,4.3241,6,0
745545,2024-08-15,5.2777,3.8241,13,3
745783,2024-08-15,4.836,3.8482,6,7
745950,2024-08-15,3.9831,4.5213,6,4
746437,2024-08-15,4.1815,4.5996,2,1
747002,2024-08-15,4.6971,4.4341,5,1
744974,2024-08-16,4.3829,3.899,3,4
745054,2024-08-16,4.0868,4.9089,5,4
745144,2024-08-16,4.1621,5.2903,6,7
745462,2024-08-16,4.3764,4.114,5,3
745542,2024-08-16,5.0939,3.7823,3,2
745784,2024-08-16,4.6339,3.7854,7,3
745949,2024-08-16,4.1055,4.0114,5,3
746189,2024-08-16,3.9484,4.6834,3,2
746357,2024-08-16,4.5684,3.6875,4,5
746438,2024-08-16,4.0517,5.0856,0,3
746518,2024-08-16,4.6824,5.6715,7,3
746674,2024-08-16,4.2256,4.3579,1,7
746843,2024-08-16,3.9287,4.1044,6,5
747001,2024-08-16,4.7696,4.4373,10,12
744977,2024-08-17,4.1052,3.8589,2,5
745049,2024-08-17,3.9377,4.4577,6,1
745140,2024-08-17,4.1781,4.8848,5,2
745463,2024-08-17,4.1754,4.5896,7,2
745537,2024-08-17,4.9123,3.9159,5,1
745626,2024-08-17,4.4202,4.5363,2,0
745785,2024-08-17,4.4763,3.7208,4,0
745952,2024-08-17,4.4022,4.2022,2,1
746190,2024-08-17,3.8586,4.6975,3,11
746355,2024-08-17,5.3284,3.6486,6,1
746434,2024-08-17,4.124,4.8528,4,0
746515,2024-08-17,4.3076,5.508,3,8
746675,2024-08-17,4.104,4.4964,1,13
746841,2024-08-17,4.1792,3.8548,3,2
746997,2024-08-17,4.7164,4.8067,1,5
744975,2024-08-18,4.2473,3.846,6,5
745051,2024-08-18,3.8966,4.6378,8,7
745139,2024-08-18,4.3543,5.306,1,2
745464,2024-08-18,4.2586,4.7383,3,10
745539,2024-08-18,5.2516,4.0125,4,6
745621,2024-08-18,4.1154,4.6466,2,4
745786,2024-08-18,4.5995,4.0004,2,3
745948,2024-08-18,4.5963,4.132,2,0
746186,2024-08-18,4.0843,4.809,1,3
746359,2024-08-18,5.187,3.6628,2,0
746431,2024-08-18,4.1822,4.8394,3,2
746516,2024-08-18,4.3622,5.4796,3,2
746676,2024-08-18,4.1689,4.3566,1,8
746838,2024-08-18,4.3803,3.7829,0,1
746999,2024-08-18,5.2035,4.6641,4,2
744898,2024-08-19,3.8765,4.8563,3,6
744976,2024-08-19,4.2398,3.8124,4,3
745294,2024-08-19,5.0632,3.644,5,3
745380,2024-08-19,4.5952,4.6238,5,3
745620,2024-08-19,4.34,4.5455,3,0
745780,2024-08-19,5.0113,4.6845,4,3
746027,2024-08-19,4.2808,5.1443,6,9
746109,2024-08-19,5.1776,4.096,3,0
746270,2024-08-19,5.2542,3.9791,5,3
746351,2024-08-19,4.6666,4.4545,5,4
744814,2024-08-20,4.837,3.9574,1,3
744896,2024-08-20,3.7809,4.8886,10,3
744978,2024-08-20,4.1961,3.76,0,4
745136,2024-08-20,3.8391,4.784,2,3
745295,2024-08-20,5.0278,3.6193,4,1
745374,2024-08-20,4.3259,4.7301,7,5
745624,2024-08-20,4.8448,4.3726,0,1
745707,2024-08-20,3.8764,4.0136,5,9
745782,2024-08-20,4.8719,4.761,5,9
746029,2024-08-20,4.5152,4.8804,1,3
746107,2024-08-20,4.6737,4.2181,6,3
746266,2024-08-20,5.1383,4.0251,5,9
746349,2024-08-20,4.3863,4.3969,5,6
746839,2024-08-20,3.8908,3.8014,3,1
747083,2024-08-20,3.836,4.4693,3,1
744812,2024-08-21,4.5506,3.9465,6,1
744893,2024-08-21,3.9422,4.3853,7,11
744973,2024-08-21,4.1491,3.8606,1,0
745138,2024-08-21,3.9873,4.9864,10,6
745297,2024-08-21,4.5773,3.6671,2,6
745375,2024-08-21,4.513,4.7604,4,11
745622,2024-08-21,4.4347,4.5146,2,4
745704,2024-08-21,4.1991,4.4492,8,1
745781,2024-08-21,5.1176,4.5541,4,3
746028,2024-08-21,4.4211,4.9977,8,10
746110,2024-08-21,4.8033,3.9232,8,4
746267,2024-08-21,5.4288,4.086,3,0
746350,2024-08-21,4.6988,4.7167,1,4
746837,2024-08-21,3.8728,3.8676,2,8
747084,2024-08-21,4.1545,4.5356,2,3
744815,2024-08-22,4.7066,4.0889,8,3
744894,2024-08-22,4.1749,4.1869,5,3
745137,2024-08-22,3.9256,4.8201,3,0
745379,2024-08-22,4.8124,4.7285,3,8
745465,2024-08-22,4.0082,3.8806,7,0
745623,2024-08-22,4.3887,4.1657,3,1
745705,2024-08-22,4.0874,4.0258,6,0
746836,2024-08-22,3.9715,3.7714,10,2
746998,2024-08-22,4.6523,4.3812,0,6
747082,2024-08-22,4.1813,4.0822,3,2
744889,2024-08-23,4.6227,4.3748,5,4
745217,2024-08-23,3.828,3.9885,6,5
745378,2024-08-23,4.9046,4.7127,7,0
745460,2024-08-23,3.9775,4.3459,6,5
745625,2024-08-23,4.0833,4.6293,3,11
745702,2024-08-23,5.3035,3.7109,3,0
745870,2024-08-23,5.1125,4.0554,1,6
746024,2024-08-23,4.5809,4.9001,3,6
746111,2024-08-23,4.6966,4.0555,7,3
746268,2024-08-23,5.3018,4.4032,7,4
746597,2024-08-23,5.0228,3.8989,3,5
746758,2024-08-23,3.8446,4.7468,2,5
746920,2024-08-23,4.8015,5.0834,2,12
746995,2024-08-23,4.6302,4.6033,7,5
747080,2024-08-23,4.2206,4.0033,3,2
744890,2024-08-24,4.5771,4.4573,3,1
745218,2024-08-24,3.8387,3.9831,3,4
745377,2024-08-24,4.6669,4.927,1,7
745457,2024-08-24,3.9999,4.4663,2,10
745617,2024-08-24,4.3106,4.9068,5,9
745703,2024-08-24,5.2793,3.9833,2,9
745868,2024-08-24,4.7719,4.0476,6,0
746022,2024-08-24,4.2481,4.8197,2,14
746108,2024-08-24,4.5961,3.9434,8,9
746271,2024-08-24,4.9099,4.4267,2,11
746599,2024-08-24,5.1016,4.0901,13,5
746756,2024-08-24,3.7768,4.659,4,13
746917,2024-08-24,4.7316,5.2085,1,4
746996,2024-08-24,4.655,4.3282,3,2
747077,2024-08-24,4.1864,4.0995,4,2
744892,2024-08-25,4.3792,4.2692,8,2
745212,2024-08-25,3.9319,3.9651,4,3
745376,2024-08-25,4.8831,4.8376,3,2
745459,2024-08-25,3.9506,4.3232,4,3
745618,2024-08-25,3.9799,4.7123,4,3
745706,2024-08-25,5.4623,3.8483,10,3
745863,2024-08-25,5.0738,4.0763,2,3
746023,2024-08-25,4.6353,5.2716,7,2
746106,2024-08-25,4.616,4.0353,3,1
746263,2024-08-25,4.8107,4.5156,3,11
746595,2024-08-25,4.9499,4.4225,4,2
746754,2024-08-25,3.7749,4.6918,4,9
746918,2024-08-25,4.7375,5.3852,5,7
746994,2024-08-25,4.5848,4.7496,3,6
747078,2024-08-25,4.1586,3.9516,1,5
744813,2024-08-26,4.2426,4.9848,2,5
745133,2024-08-26,3.9787,4.9151,4,7
745215,2024-08-26,3.9832,3.6662,5,1
745458,2024-08-26,4.5929,4.6105,8,18
745538,2024-08-26,4.8126,4.236,3,2
745865,2024-08-26,4.19,4.2992,6,10
746513,2024-08-26,4.4683,4.5469,3,2
746596,2024-08-26,4.4645,4.3416,4,9
746628,2024-08-26,4.4571,4.4738,3,4
746753,2024-08-26,3.8536,5.2149,3,6
746915,2024-08-26,4.8586,4.9495,3,7
744811,2024-08-27,4.0802,4.7846,4,2
745132,2024-08-27,3.9198,4.5994,5,7
745213,2024-08-27,4.0652,3.6153,2,3
745461,2024-08-27,4.3138,4.6525,5,9
745540,2024-08-27,5.1947,4.0878,5,0
745864,2024-08-27,4.0022,4.2584,6,8
745946,2024-08-27,4.6466,4.192,4,5
746105,2024-08-27,4.9096,5.0626,2,3
746429,2024-08-27,4.4532,4.0131,6,2
746510,2024-08-27,4.8346,4.5666,8,9
746594,2024-08-27,4.4819,4.342,1,6
746671,2024-08-27,4.3808,4.1203,4,5
746755,2024-08-27,4.3793,4.6822,1,3
746916,2024-08-27,4.4567,5.2156,6,3
747162,2024-08-27,4.7886,4.7549,3,8
744809,2024-08-28,4.1721,4.8556,5,2
745134,2024-08-28,3.9538,4.5071,4,3
745211,2024-08-28,3.9532,3.7995,6,2
745452,2024-08-28,4.8029,4.3053,10,14
745541,2024-08-28,4.6362,4.1727,0,10
745866,2024-08-28,3.8335,4.3695,1,5
745943,2024-08-28,4.793,4.202,5,3
746103,2024-08-28,4.6385,4.9437,6,4
746430,2024-08-28,4.4167,4.2276,3,2
746512,2024-08-28,4.7788,4.4455,8,2
746589,2024-08-28,4.4349,4.2127,7,5
746672,2024-08-28,4.4182,4.2459,6,9
746752,2024-08-28,4.3918,4.8315,3,4
746913,2024-08-28,4.728,5.0374,3,0
747161,2024-08-28,4.9292,5.0086,8,5
745135,2024-08-29,3.9162,4.4353,4,1
745531,2024-08-29,4.1854,4.6609,5,4
745945,2024-08-29,4.4581,4.2576,6,0
746102,2024-08-29,4.9713,4.7393,6,3
746352,2024-08-29,4.6954,4.0808,6,3
746432,2024-08-29,4.414,4.0336,0,3
746514,2024-08-29,4.75,4.4792,8,12
746670,2024-08-29,4.4751,4.3953,10,9
746748,2024-08-29,4.6074,4.8645,1,2
746914,2024-08-29,4.5174,5.047,0,2
747159,2024-08-29,5.1562,4.7081,2,3
744810,2024-08-30,4.4817,4.8129,6,7
744969,2024-08-30,4.4128,3.8189,2,9
745052,2024-08-30,3.7385,4.3499,5,13
745299,2024-08-30,4.3101,3.5757,3,1
745533,2024-08-30,4.2194,4.3466,2,7
745700,2024-08-30,4.9426,4.128,6,3
745862,2024-08-30,5.2478,4.2878,2,0
746184,2024-08-30,3.9191,4.8215,5,9
746353,2024-08-30,4.5923,4.1033,3,2
746433,2024-08-30,4.3022,4.9354,5,7
746511,2024-08-30,4.9778,5.2145,3,5
746593,2024-08-30,5.1127,3.9894,10,8
746665,2024-08-30,4.2066,4.8414,0,14
746730,2024-08-30,4.3595,4.7927,4,5
746749,2024-08-30,4.5574,5.1812,1,5
747156,2024-08-30,4.5665,4.6885,9,10
744808,2024-08-31,4.6554,4.7534,3,5
744971,2024-08-31,4.3789,3.8337,3,2
745050,2024-08-31,3.6777,4.1948,11,4
745296,2024-08-31,4.3149,3.9509,3,4
745532,2024-08-31,4.5112,4.061,3,0
745699,2024-08-31,4.7238,4.0992,5,6
745859,2024-08-31,4.7733,4.4138,0,15
746182,2024-08-31,4.0596,4.8569,5,4
746348,2024-08-31,4.3019,4.0213,5,2
746424,2024-08-31,4.1472,4.6506,2,1
746507,2024-08-31,4.8493,5.0065,7,5
746590,2024-08-31,5.0491,3.9619,0,3
746667,2024-08-31,4.1853,4.8041,4,5
746751,2024-08-31,4.4368,4.6056,3,5
747158,2024-08-31,4.704,4.7565,6,8
744806,2024-09-01,4.8004,4.6467,1,14
744970,2024-09-01,4.3055,3.9534,6,4
745048,2024-09-01,3.627,4.3745,3,4
745292,2024-09-01,4.313,3.9065,5,7
745536,2024-09-01,4.2063,4.1839,3,2
745701,2024-09-01,4.66,4.0512,7,14
745861,2024-09-01,4.8581,4.2672,4,3
746183,2024-09-01,3.953,4.8059,3,2
746347,2024-09-01,4.567,4.0549,7,2
746426,2024-09-01,4.49,5.0102,4,1
746505,2024-09-01,4.7667,5.1389,1,6
746592,2024-09-01,4.8736,4.0469,6,1
746669,2024-09-01,4.2612,4.9322,4,3
746750,2024-09-01,4.3436,5.0919,0,2
747157,2024-09-01,4.2991,4.9123,14,3
744972,2024-09-02,3.8577,4.7718,4,8
745046,2024-09-02,3.9898,4.3986,4,5
745373,2024-09-02,4.4196,4.2939,3,0
745619,2024-09-02,4.1209,3.8404,5,4
745779,2024-09-02,4.3552,4.7889,4,1
745947,2024-09-02,4.7874,3.8052,9,3
746265,2024-09-02,4.4697,4.0263,2,4
746668,2024-09-02,4.3682,5.0573,5,3
746833,2024-09-02,3.9989,3.9005,3,5
746992,2024-09-02,5.2252,3.8244,13,3
747155,2024-09-02,4.4179,4.9198,6,11
744891,2024-09-03,4.3171,4.9738,9,10
744968,2024-09-03,3.8612,4.4364,7,4
745047,2024-09-03,3.9525,4.259,2,1
745293,2024-09-03,4.406,4.4709,7,8
745615,2024-09-03,4.3013,4.0277,3,2
745778,2024-09-03,4.7371,4.6272,7,2
745944,2024-09-03,4.6511,3.8767,4,7
746020,2024-09-03,4.36,4.9071,2,6
746185,2024-09-03,4.0465,5.0306,2,6
746264,2024-09-03,4.4364,4.1528,1,7
746834,2024-09-03,3.9401,4.1258,0,5
746991,2024-09-03,5.2874,3.8017,9,0
747079,2024-09-03,4.5088,3.6431,3,0
744887,2024-09-04,4.1937,4.9345,2,4
744964,2024-09-04,4.0438,4.8273,10,6
745045,2024-09-04,3.9872,4.2703,9,4
745290,2024-09-04,4.3584,4.5885,4,6
745370,2024-09-04,4.2003,4.5206,6,5
745614,2024-09-04,4.5816,4.0981,3,16
745776,2024-09-04,4.5333,4.7387,8,3
745938,2024-09-04,4.567,3.8306,2,3
746019,2024-09-04,4.3513,4.899,4,3
746178,2024-09-04,3.978,4.849,10,1
746262,2024-09-04,4.9031,3.993,4,1
746666,2024-09-04,4.0244,4.802,12,5
746835,2024-09-04,4.0939,3.7428,12,0
746990,2024-09-04,5.1339,3.8239,1,8
747075,2024-09-04,4.5521,3.6901,5,2
744966,2024-09-05,4.2472,3.5608,3,1
745042,2024-09-05,4.0857,4.334,3,4
745289,2024-09-05,4.2673,4.4831,3,2
745369,2024-09-05,4.31,4.3547,3,4
745451,2024-09-05,4.8481,4.4589,9,4
745612,2024-09-05,4.4197,4.2204,4,6
746021,2024-09-05,4.1789,4.7078,2,5
746664,2024-09-05,4.304,4.7584,1,0
747073,2024-09-05,4.514,3.6243,1,3
744967,2024-09-06,4.3234,3.5962,1,5
745131,2024-09-06,4.5546,4.2922,1,6
745371,2024-09-06,4.9298,4.2996,5,1
745611,2024-09-06,3.8536,4.271,7,6
745777,2024-09-06,3.9892,4.114,6,4
745941,2024-09-06,5.3775,3.74,2,3
746016,2024-09-06,4.0782,4.9308,2,16
746104,2024-09-06,4.5596,4.1824,1,3
746257,2024-09-06,4.9616,4.4796,5,0
746343,2024-09-06,4.6312,4.3917,8,0
746832,2024-09-06,4.2696,4.5484,0,3
746912,2024-09-06,4.8336,4.2194,3,1
746993,2024-09-06,4.7313,3.9798,2,0
747074,2024-09-06,4.0052,4.1839,3,1
744963,2024-09-07,4.3043,3.7755,6,4
745125,2024-09-07,4.3587,4.3108,2,0
745372,2024-09-07,4.761,4.3322,3,6
745455,2024-09-07,4.4716,4.558,3,5
745456,2024-09-07,4.4639,4.3991,6,8
745613,2024-09-07,4.0565,4.5304,1,2
745775,2024-09-07,4.3706,4.3591,4,0
745942,2024-09-07,5.21,3.679,5,2
746018,2024-09-07,4.1744,4.9461,9,5
746099,2024-09-07,4.4821,4.1538,7,2
746259,2024-09-07,4.93,4.5916,4,2
746344,2024-09-07,4.7793,4.3961,11,5
746829,2024-09-07,4.1929,4.4486,0,2
746911,2024-09-07,4.556,4.2624,7,5
746986,2024-09-07,4.3885,3.8659,1,7
747076,2024-09-07,3.8893,4.1415,5,9
744965,2024-09-08,4.3561,3.6139,7,4
745128,2024-09-08,4.5798,4.6937,4,10
745368,2024-09-08,4.8427,4.3213,6,7
745453,2024-09-08,4.7606,4.4687,7,3
745616,2024-09-08,4.0951,4.3314,1,9
745774,2024-09-08,4.2774,4.0987,1,3
745940,2024-09-08,5.2247,3.6044,1,4
746017,2024-09-08,4.2607,4.8419,10,1
746098,2024-09-08,4.4736,3.8327,4,0
746258,2024-09-08,5.1507,4.5865,2,0
746345,2024-09-08,4.4889,4.3961,6,12
746827,2024-09-08,4.0882,4.3124,2,1
746910,2024-09-08,4.9762,4.2194,2,7
746989,2024-09-08,4.6393,3.9822,0,2
747072,2024-09-08,3.9935,4.0045,4,3
744888,2024-09-09,4.0188,4.9548,2,3
745454,2024-09-09,4.7381,4.2275,3,2
745534,2024-09-09,4.4256,3.6987,2,1
745698,2024-09-09,4.4796,4.3936,10,4
745860,2024-09-09,4.5679,3.9034,2,6
746101,2024-09-09,5.2169,4.2153,4,10
746746,2024-09-09,3.7683,4.6198,3,5
746909,2024-09-09,4.6164,5.1665,12,3
747090,2024-09-09,4.0063,3.7315,0,1
744807,2024-09-10,3.9818,4.5036,0,12
744886,2024-09-10,4.443,5.0016,6,2
745126,2024-09-10,4.1679,4.4572,0,3
745210,2024-09-10,3.7996,4.2506,3,7
745291,2024-09-10,4.1212,4.5091,2,3
745446,2024-09-10,4.3087,4.4879,6,4
745535,2024-09-10,4.47,3.597,9,4
745694,2024-09-10,4.5321,4.6204,0,5
745856,2024-09-10,5.1353,3.9852,10,5
746097,2024-09-10,4.4447,4.29,3,6
746346,2024-09-10,5.2919,3.7348,3,4
746428,2024-09-10,4.6151,3.7874,11,0
746747,2024-09-10,3.9672,4.664,0,5
746907,2024-09-10,4.5598,5.3202,3,5
747152,2024-09-10,5.0062,4.5717,6,0
744804,2024-09-11,4.0621,4.9192,5,1
744881,2024-09-11,4.1438,5.0742,2,6
745127,2024-09-11,4.074,4.7723,2,1
745214,2024-09-11,3.6626,4.1324,5,2
745285,2024-09-11,4.0363,4.2832,13,2
745450,2024-09-11,4.284,4.5622,3,1
745525,2024-09-11,4.5986,3.7104,3,2
745697,2024-09-11,4.1697,4.3444,4,3
745857,2024-09-11,5.0514,3.8869,6,4
746100,2024-09-11,5.0347,4.2483,10,8
746342,2024-09-11,5.1593,3.8654,4,5
746425,2024-09-11,4.62,4.0813,7,4
746745,2024-09-11,3.7029,4.5785,4,6
746908,2024-09-11,4.4839,4.9465,5,3
747154,2024-09-11,5.6369,4.7254,14,4
744805,2024-09-12,4.3873,3.8482,3,6
745129,2024-09-12,4.0529,4.9185,6,1
745208,2024-09-12,4.2118,4.0224,4,5
745288,2024-09-12,4.0829,4.5019,0,3
745695,2024-09-12,5.5554,4.8879,2,1
746337,2024-09-12,5.1193,3.8031,6,3
746427,2024-09-12,4.4706,3.7343,2,4
746591,2024-09-12,4.5043,3.876,2,5
744800,2024-09-13,4.3289,4.2176,4,1
744882,2024-09-13,4.4437,4.5778,4,3
745207,2024-09-13,4.2191,4.2512,5,4
745286,2024-09-13,3.9248,4.2514,0,5
745447,2024-09-13,4.2889,4.84,3,8
745529,2024-09-13,5.0145,4.1564,3,11
745696,2024-09-13,4.9659,4.6856,5,4
745855,2024-09-13,4.3872,4.4045,4,8
746181,2024-09-13,3.8152,4.8999,3,5
746423,2024-09-13,4.0652,4.5661,1,0
746509,2024-09-13,5.2542,5.681,9,5
746586,2024-09-13,4.7324,3.7952,1,3
746744,2024-09-13,3.9968,4.5657,0,2
747069,2024-09-13,3.9634,4.2376,6,2
747153,2024-09-13,4.0974,5.2766,1,2
744803,2024-09-14,4.3153,4.3164,4,1
744884,2024-09-14,4.4157,4.3184,7,2
745209,2024-09-14,4.2868,3.9732,5,4
745284,2024-09-14,4.101,4.7916,0,8
745448,2024-09-14,4.1465,4.7469,1,5
745528,2024-09-14,4.5404,4.8582,6,4
745689,2024-09-14,4.7701,4.6721,1,7
745858,2024-09-14,4.4105,4.5864,1,11
746177,2024-09-14,3.9926,4.8314,3,5
746422,2024-09-14,3.9645,4.4866,2,4
746508,2024-09-14,5.3325,5.0793,6,5
746584,2024-09-14,4.3101,3.9203,6,1
746740,2024-09-14,4.1381,4.6137,7,6
747070,2024-09-14,3.8064,4.4653,10,1
747148,2024-09-14,4.7215,5.3254,8,15
744801,2024-09-15,4.3143,4.1121,4,3
744883,2024-09-15,4.4861,4.1493,3,2
745206,2024-09-15,4.1087,3.852,7,0
745287,2024-09-15,4.0052,4.7724,3,4
745449,2024-09-15,4.3693,5.161,4,3
745530,2024-09-15,5.1469,4.1887,2,1
745693,2024-09-15,4.639,4.5808,5,2
745852,2024-09-15,4.2822,4.4747,9,2
746180,2024-09-15,3.9478,4.8649,4,6
746419,2024-09-15,3.9514,4.2893,4,2
746506,2024-09-15,4.9674,5.5786,2,6
746585,2024-09-15,4.407,3.8855,2,0
746741,2024-09-15,4.1857,4.4727,4,3
747071,2024-09-15,4.2612,4.446,2,9
747151,2024-09-15,4.4434,4.9133,11,10
745130,2024-09-16,3.8969,4.2559,4,0
745367,2024-09-16,4.1481,4.4854,3,1
745773,2024-09-16,4.9043,3.7613,2,1
745939,2024-09-16,4.4462,4.3362,6,2
746179,2024-09-16,4.5159,4.252,4,8
746260,2024-09-16,4.5095,4.258,6,7
746502,2024-09-16,4.6103,5.5581,3,2
746588,2024-09-16,4.5488,4.0882,4,3
746828,2024-09-16,4.3715,3.7773,9,2
747067,2024-09-16,4.1471,4.201,0,9
744961,2024-09-17,4.0696,3.7679,13,8
745044,2024-09-17,3.9377,4.5386,8,3
745122,2024-09-17,4.2494,4.2344,3,1
745205,2024-09-17,3.6661,4.0934,2,11
745366,2024-09-17,4.2982,4.4888,3,4
745772,2024-09-17,4.9363,3.8859,10,1
745935,2024-09-17,4.151,4.3938,1,5
746015,2024-09-17,4.5691,5.2023,11,9
746176,2024-09-17,4.5588,4.351,5,0
746261,2024-09-17,4.6477,4.0037,1,3
746503,2024-09-17,4.8246,5.4568,8,2
746587,2024-09-17,4.6649,4.1417,1,4
746659,2024-09-17,4.081,4.7384,6,5
746830,2024-09-17,4.3975,3.9316,3,4
746987,2024-09-17,4.3377,4.2192,0,10
744959,2024-09-18,4.3213,3.9373,2,0
745040,2024-09-18,3.9024,4.4423,1,2
745121,2024-09-18,4.2263,4.0437,10,5
745199,2024-09-18,3.8802,4.1228,1,2
745365,2024-09-18,4.2492,4.3743,4,0
745771,2024-09-18,4.7886,4.0364,10,0
745933,2024-09-18,4.4135,4.2531,2,1
746014,2024-09-18,4.3719,5.1803,4,8
746172,2024-09-18,4.4877,4.0918,4,3
746254,2024-09-18,4.135,4.3982,2,4
746500,2024-09-18,4.883,5.3434,4,9
746582,2024-09-18,4.8379,4.1662,5,4
746662,2024-09-18,4.0732,4.9117,1,7
746831,2024-09-18,4.3855,4.0017,3,5
746988,2024-09-18,4.585,4.3079,3,5
744962,2024-09-19,4.2977,3.9916,0,4
745041,2024-09-19,3.8787,4.4023,2,0
745120,2024-09-19,4.1607,4.1897,2,3
745204,2024-09-19,3.7558,4.0657,3,2
745769,2024-09-19,4.4978,4.3148,10,6
745937,2024-09-19,4.6754,4.7243,1,5
746011,2024-09-19,4.3639,5.0956,4,20
746341,2024-09-19,4.5982,3.6188,3,1
746579,2024-09-19,5.0573,4.1815,3,2
746663,2024-09-19,3.9657,5.2161,3,15
746823,2024-09-19,4.372,3.6876,7,6
746985,2024-09-19,4.9655,4.0387,5,3
744960,2024-09-20,4.2943,3.8524,2,8
745043,2024-09-20,4.0507,4.382,1,0
745123,2024-09-20,3.9324,4.2563,1,5
745364,2024-09-20,4.5315,4.0056,3,2
745606,2024-09-20,3.9484,4.7829,2,4
745770,2024-09-20,4.1317,4.3425,2,12
745934,2024-09-20,4.4609,4.6824,4,7
746013,2024-09-20,4.0742,5.4561,4,3
746094,2024-09-20,5.4677,3.6627,6,4
746256,2024-09-20,5.0435,4.1787,1,2
746340,2024-09-20,4.8455,3.7902,9,7
746661,2024-09-20,4.2669,4.3829,8,3
746824,2024-09-20,4.3495,3.8583,3,1
746905,2024-09-20,4.3598,5.2414,2,4
746984,2024-09-20,4.5574,4.1848,7,1
744958,2024-09-21,4.0549,4.3014,4,8
745038,2024-09-21,4.022,4.17,3,2
745124,2024-09-21,3.8448,4.4302,6,5
745360,2024-09-21,4.8457,3.874,6,2
745610,2024-09-21,3.7879,5.2384,0,10
745768,2024-09-21,4.3341,4.3384,6,3
745936,2024-09-21,4.8774,4.7863,0,5
746012,2024-09-21,4.1538,5.0557,2,6
746096,2024-09-21,5.4451,3.6362,3,6
746255,2024-09-21,4.9763,4.3261,0,9
746338,2024-09-21,4.5854,3.6431,10,4
746660,2024-09-21,4.2026,4.3952,7,1
746826,2024-09-21,4.3335,3.8678,1,5
746983,2024-09-21,4.4634,4.2302,4,6
744955,2024-09-22,4.0529,3.9183,6,5
745036,2024-09-22,3.8173,4.0725,4,3
745118,2024-09-22,3.8425,4.1973,2,1
745358,2024-09-22,4.6877,3.9359,4,2
745608,2024-09-22,3.828,4.9311,4,7
745767,2024-09-22,4.0489,4.4451,2,1
745929,2024-09-22,4.7997,4.6623,10,9
746010,2024-09-22,4.1967,5.1698,4,5
746092,2024-09-22,5.2376,3.5953,6,5
746253,2024-09-22,4.429,4.3035,0,2
746339,2024-09-22,4.8689,3.7705,8,9
746657,2024-09-22,3.9455,4.5129,0,2
746825,2024-09-22,4.4963,3.6357,5,0
746903,2024-09-22,4.3337,4.9841,8,1
746906,2024-09-22,4.4019,4.7528,9,3
746982,2024-09-22,4.5258,4.1122,3,4
744885,2024-09-23,4.251,5.0938,1,4
745527,2024-09-23,4.8346,4.2742,6,2
746334,2024-09-23,4.9315,4.0752,1,6
747150,2024-09-23,5.0697,4.5612,3,6
744802,2024-09-24,4.0074,4.6029,0,1
744876,2024-09-24,4.2106,4.9291,5,6
745441,2024-09-24,4.0944,5.6842,2,7
745526,2024-09-24,4.7774,4.3749,4,10
745605,2024-09-24,4.6829,4.3188,5,4
745688,2024-09-24,4.4174,4.6491,3,5
745851,2024-09-24,4.4571,3.977,1,4
746093,2024-09-24,4.3748,4.4356,2,4
746336,2024-09-24,4.6153,4.1254,4,3
746421,2024-09-24,4.1128,3.6503,2,1
746504,2024-09-24,4.7883,4.6979,3,7
746581,2024-09-24,4.357,3.8446,6,1
746743,2024-09-24,4.281,4.4107,3,2
747068,2024-09-24,4.1785,4.3995,5,1
747149,2024-09-24,5.2121,4.5243,0,11
744795,2024-09-25,4.057,4.7808,0,3
744877,2024-09-25,4.2229,4.9584,6,1
745442,2024-09-25,3.9286,5.3292,2,1
745521,2024-09-25,5.3271,4.5203,9,6
745607,2024-09-25,4.7303,4.3798,1,5
745690,2024-09-25,4.7098,4.729,7,9
745854,2024-09-25,4.3434,4.0504,8,3
746095,2024-09-25,4.3683,4.6196,4,3
746331,2024-09-25,4.922,4.2437,1,8
746420,2024-09-25,4.2976,3.9433,7,1
746501,2024-09-25,4.7874,4.493,2,5
746583,2024-09-25,4.3061,3.8997,5,2
746742,2024-09-25,4.057,4.258,4,3
747144,2024-09-25,5.2617,4.3827,8,2
744796,2024-09-26,4.0919,4.5712,4,7
745443,2024-09-26,4.2679,5.4935,2,5
745609,2024-09-26,4.4202,4.2815,3,2
745691,2024-09-26,4.5259,4.6037,10,1
745853,2024-09-26,4.8477,3.8877,6,8
746088,2024-09-26,4.4813,4.9966,7,2
746415,2024-09-26,4.3967,3.7425,4,3
746495,2024-09-26,4.9749,4.4485,10,8
746738,2024-09-26,4.1968,4.424,7,0
744797,2024-09-27,4.1183,4.6887,9,1
744879,2024-09-27,4.424,3.9226,5,15
745202,2024-09-27,4.293,3.8289,2,0
745280,2024-09-27,4.5191,3.7333,3,6
745692,2024-09-27,4.3749,3.874,2,4
745847,2024-09-27,4.7213,4.7748,2,7
745930,2024-09-27,4.1069,4.6333,8,4
746173,2024-09-27,4.2785,4.5632,2,5
746417,2024-09-27,4.3359,3.8496,4,1
746494,2024-09-27,5.1279,5.2196,4,11
746580,2024-09-27,4.3248,4.0157,2,5
746822,2024-09-27,3.7291,3.8265,1,0
746904,2024-09-27,4.2686,4.2653,1,2
747065,2024-09-27,3.8995,4.156,3,0
747145,2024-09-27,4.6329,5.5234,3,5
744799,2024-09-28,4.0188,4.6912,6,3
744878,2024-09-28,4.3366,3.8724,1,8
745203,2024-09-28,4.2885,3.7444,7,6
745281,2024-09-28,4.5453,3.9379,6,5
745685,2024-09-28,4.2374,3.9783,4,9
745849,2024-09-28,4.8761,4.8711,2,9
745931,2024-09-28,4.5141,4.4651,6,0
746171,2024-09-28,4.4844,4.596,8,9
746414,2024-09-28,4.312,3.8482,0,4
746499,2024-09-28,5.0436,5.2393,2,13
746578,2024-09-28,4.7088,3.9104,3,4
746819,2024-09-28,3.7552,4.0024,3,0
746902,2024-09-28,4.2777,4.3736,2,7
747066,2024-09-28,3.9169,4.3106,2,1
747146,2024-09-28,4.8377,5.8206,0,5
744798,2024-09-29,4.0348,4.7839,3,6
744880,2024-09-29,4.2419,4.0745,1,3
745201,2024-09-29,4.2868,3.8136,6,4
745282,2024-09-29,4.7342,3.8856,1,6
745686,2024-09-29,4.7661,3.8669,6,4
745846,2024-09-29,4.4799,4.484,2,6
745932,2024-09-29,4.3779,4.5786,0,5
746174,2024-09-29,4.4582,4.6363,0,8
746416,2024-09-29,4.5127,3.8498,5,9
746496,2024-09-29,4.8576,5.3663,1,2
746820,2024-09-29,3.609,4.2098,0,3
746901,2024-09-29,4.1946,4.5926,3,1
747061,2024-09-29,3.8648,4.1337,2,4
747147,2024-09-29,5.2518,5.8232,11,2
778518,2025-03-28,4.3477,4.5514,1,3
778541,2025-03-28,4.3256,3.9895,0,7
778542,2025-03-28,3.8684,4.4338,4,3
778543,2025-03-28,5.1798,5.7984,8,1
778544,2025-03-28,4.5458,3.9508,8,5
778548,2025-03-28,4.2739,5.0166,3,4
778549,2025-03-28,3.8565,5.2533,8,2
778550,2025-03-28,3.9493,4.4844,4,1
778560,2025-03-28,4.5933,3.821,3,2
778520,2025-03-29,4.1329,4.6541,1,0
778521,2025-03-29,4.3623,4.0157,2,4
778528,2025-03-29,4.2892,4.386,5,1
778529,2025-03-29,4.3242,4.1908,4,3
778530,2025-03-29,4.6213,4.6454,2,1
778531,2025-03-29,3.8938,4.5114,4,3
778532,2025-03-29,4.7721,5.7117,3,4
778533,2025-03-29,4.4767,4.0072,7,3
778534,2025-03-29,4.2332,4.3119,0,1
778535,2025-03-29,4.2634,5.038,6,11
778536,2025-03-29,3.8905,5.3188,5,9
778537,2025-03-29,4.3862,3.8675,1,2
778538,2025-03-29,4.3461,5.2489,20,9
778539,2025-03-29,4.2785,5.0293,5,4
778540,2025-03-29,4.3023,4.6529,3,2
778510,2025-03-30,4.1,4.2166,2,6
778513,2025-03-30,4.4543,3.9588,2,1
778514,2025-03-30,4.1019,4.4665,5,0
778515,2025-03-30,4.7785,5.8058,10,6
778516,2025-03-30,4.1346,4.375,3,2
778517,2025-03-30,4.421,4.3307,9,2
778519,2025-03-30,4.2841,5.0868,3,2
778522,2025-03-30,4.3573,4.6285,3,6
778523,2025-03-30,4.5787,5.1864,12,3
778524,2025-03-30,4.3798,3.9152,6,4
778525,2025-03-30,4.1134,5.446,3,1
778526,2025-03-30,4.1311,4.9801,5,1
778527,2025-03-30,4.2591,4.2609,2,3
778496,2025-03-31,3.877,3.9366,6,9
778499,2025-03-31,4.1212,4.2601,7,2
778500,2025-03-31,4.1967,4.4094,6,1
778501,2025-03-31,4.1486,5.121,3,18
778502,2025-03-31,5.2341,4.0416,6,1
778503,2025-03-31,4.6868,4.0852,4,5
778504,2025-03-31,4.1633,4.2767,1,11
778505,2025-03-31,4.4155,4.4824,2,7
778506,2025-03-31,4.0682,4.9427,9,0
778507,2025-03-31,4.32,4.6454,5,2
778508,2025-03-31,3.8578,3.8837,6,1
778509,2025-03-31,4.5117,5.1937,4,10
778511,2025-03-31,4.5687,4.8118,14,3
778512,2025-03-31,4.5633,4.5995,8,5
778485,2025-04-01,4.0966,4.2954,7,0
778486,2025-04-01,3.7474,3.7934,1,4
778487,2025-04-01,4.1282,4.4634,3,1
778488,2025-04-01,4.068,4.0787,5,0
778489,2025-04-01,4.7054,4.4585,1,3
778490,2025-04-01,4.003,4.8404,3,8
778491,2025-04-01,4.4491,5.0443,5,3
778492,2025-04-01,4.5759,5.2469,5,7
778493,2025-04-01,4.0807,3.9923,7,0
778494,2025-04-01,4.9735,5.2255,4,7
778495,2025-04-01,4.5813,4.1628,7,9
778497,2025-04-01,4.3835,4.9446,4,2
778498,2025-04-01,4.4824,4.6074,0,1
778469,2025-04-02,3.7513,3.7517,3,2
778471,2025-04-02,4.7042,5.0699,2,10
778472,2025-04-02,4.4531,4.7007,6,5
778473,2025-04-02,4.6569,4.0078,12,5
778474,2025-04-02,4.0836,4.5689,1,6
778475,2025-04-02,4.5902,4.3038,3,6
778476,2025-04-02,4.2859,4.104,5,2
778477,2025-04-02,3.9134,3.9822,3,2
778478,2025-04-02,4.019,4.4717,4,2
778479,2025-04-02,3.7467,3.8843,2,4
778480,2025-04-02,4.8695,4.3627,0,1
778481,2025-04-02,4.4107,4.8011,5,6
778482,2025-04-02,5.8906,3.719,5,1
778483,2025-04-02,4.3967,4.4179,0,3
778484,2025-04-02,4.6177,4.9292,3,4
778462,2025-04-03,4.1688,4.433,2,5
778466,2025-04-03,5.0395,4.9693,9,7
778467,2025-04-03,5.7868,3.9333,3,1
778468,2025-04-03,4.1886,3.7295,1,0
778470,2025-04-03,4.5075,4.4189,4,8
778444,2025-04-04,4.2663,4.2996,10,9
778447,2025-04-04,3.8527,4.9429,6,8
778453,2025-04-04,4.1697,3.6988,3,2
778454,2025-04-04,4.1212,3.7091,5,2
778455,2025-04-04,4.3938,4.5716,8,2
778456,2025-04-04,4.7424,4.445,3,6
778457,2025-04-04,4.536,5.3189,4,6
778458,2025-04-04,4.525,4.0059,7,4
778459,2025-04-04,4.3342,4.5037,3,2
778460,2025-04-04,3.9104,4.2578,3,1
778461,2025-04-04,4.1973,5.1473,4,9
778463,2025-04-04,4.4128,4.806,13,9
778464,2025-04-04,4.1156,3.7296,10,0
778465,2025-04-04,4.965,4.0893,5,0
778436,2025-04-05,4.2248,4.2125,4,1
778437,2025-04-05,3.8525,4.6805,10,4
778438,2025-04-05,3.909,3.5662,6,4
778439,2025-04-05,3.9813,3.7873,7,11
778440,2025-04-05,4.5574,5.0016,6,1
778441,2025-04-05,4.7107,4.9517,1,8
778442,2025-04-05,5.1713,4.8626,4,7
778445,2025-04-05,4.5893,3.6608,7,2
778446,2025-04-05,4.8681,4.0331,3,2
778448,2025-04-05,4.8337,4.5354,1,3
778449,2025-04-05,4.2517,5.3075,4,10
778450,2025-04-05,3.9292,4.078,7,1
778451,2025-04-05,4.3313,3.6685,0,4
778452,2025-04-05,4.3844,5.1895,4,3
778419,2025-04-06,4.3147,4.987,7,9
778420,2025-04-06,3.9838,3.7327,4,3
778421,2025-04-06,4.3307,3.6598,8,2
778422,2025-04-06,4.5793,4.8465,4,1
778423,2025-04-06,4.9942,4.4352,12,5
778425,2025-04-06,3.8694,4.7578,6,2
778427,2025-04-06,4.3552,4.0215,5,4
778428,2025-04-06,4.217,5.4316,5,4
778429,2025-04-06,4.0835,4.8973,5,4
778430,2025-04-06,3.8891,4.3219,7,8
778432,2025-04-06,4.383,4.458,18,7
778433,2025-04-06,4.5235,3.9755,4,3
778434,2025-04-06,4.2966,4.3637,8,7
778435,2025-04-06,4.8832,4.0661,2,1
778443,2025-04-06,4.346,4.6961,5,4
778405,2025-04-07,3.707,3.6915,4,3
778410,2025-04-07,3.6327,3.7844,0,2
778411,2025-04-07,4.3037,4.1357,7,0
778412,2025-04-07,4.8072,3.9492,4,2
778413,2025-04-07,5.4002,5.1761,1,5
778414,2025-04-07,3.7257,5.3205,4,5
778415,2025-04-07,4.346,4.4197,8,4
778416,2025-04-07,4.7269,3.7206,2,0
778418,2025-04-07,4.0837,4.9588,6,4
778424,2025-04-07,3.8056,4.3683,6,2
778426,2025-04-07,4.5689,4.5472,2,6
778394,2025-04-08,4.3059,5.2662,1,7
778395,2025-04-08,3.6795,5.1941,10,4
778396,2025-04-08,4.8197,5.0532,4,3
778397,2025-04-08,3.982,3.7287,0,1
778398,2025-04-08,3.6603,3.7726,1,2
778400,2025-04-08,4.7085,4.0105,2,1
778401,2025-04-08,4.725,3.8118,10,6
778402,2025-04-08,5.416,3.8897,1,0
778403,2025-04-08,4.0406,4.1515,5,0
778404,2025-04-08,4.4877,4.3687,1,6
778406,2025-04-08,3.8512,4.1274,7,5
778407,2025-04-08,4.769,3.7392,10,5
778408,2025-04-08,4.049,4.407,3,5
778409,2025-04-08,4.3146,5.2769,8,2
778417,2025-04-08,4.4149,3.9094,3,4
778376,2025-04-09,4.0248,3.8098,8,6
778379,2025-04-09,4.7953,5.3618,2,17
778380,2025-04-09,5.2887,5.2227,9,0
778381,2025-04-09,4.0009,5.2616,1,2
778383,2025-04-09,3.7038,4.0014,7,6
778385,2025-04-09,4.6194,3.7474,2,6
778386,2025-04-09,4.5605,4.493,1,2
778387,2025-04-09,4.0044,4.3156,3,4
778388,2025-04-09,4.641,4.1839,0,4
778389,2025-04-09,4.5125,4.3722,2,1
778390,2025-04-09,4.431,3.8107,0,5
778391,2025-04-09,5.067,3.8568,3,2
778392,2025-04-09,4.3986,5.1776,5,6
778393,2025-04-09,4.3765,4.2669,3,4
778399,2025-04-09,4.3495,3.7554,5,4
778371,2025-04-10,4.6256,5.2093,7,2
778373,2025-04-10,4.3729,4.0232,3,2
778377,2025-04-10,4.432,4.7312,4,3
778378,2025-04-10,5.2173,3.7792,6,1
778382,2025-04-10,4.1983,3.9015,1,11
778384,2025-04-10,3.9265,4.2266,4,2
778356,2025-04-11,4.9159,4.4947,3,0
778358,2025-04-11,4.209,5.042,6,7
778360,2025-04-11,4.2619,3.7608,5,3
778361,2025-04-11,4.6027,3.5875,8,0
778363,2025-04-11,4.2702,4.705,6,7
778364,2025-04-11,4.9647,5.3278,0,7
778365,2025-04-11,4.286,4.4032,2,0
778366,2025-04-11,3.9134,5.1205,11,1
778367,2025-04-11,3.9744,3.932,6,3
778368,2025-04-11,4.9061,3.8762,14,3
778369,2025-04-11,4.2889,4.9052,4,7
778370,2025-04-11,4.7894,4.4221,1,9
778374,2025-04-11,4.4286,3.8842,5,3
778375,2025-04-11,4.2352,4.0137,7,0
778341,2025-04-12,4.2401,3.649,9,2
778345,2025-04-12,4.5746,4.597,0,16
778346,2025-04-12,4.3648,4.9017,3,1
778347,2025-04-12,3.925,4.7961,1,4
778348,2025-04-12,4.3689,4.9835,0,4
778349,2025-04-12,4.0015,4.7876,3,2
778350,2025-04-12,4.9365,5.4422,5,4
778351,2025-04-12,5.1392,3.9547,1,4
778352,2025-04-12,4.4649,3.7483,2,0
778353,2025-04-12,3.7402,4.0347,4,5
778354,2025-04-12,4.2529,4.7094,7,6
778355,2025-04-12,4.5936,4.4639,8,4
778357,2025-04-12,4.3362,4.2095,5,2
778359,2025-04-12,4.1701,4.0301,6,3
778362,2025-04-12,4.5888,4.1059,5,4
778329,2025-04-13,5.1766,4.1581,7,3
778330,2025-04-13,4.819,3.5016,6,0
778331,2025-04-13,4.8827,4.6665,2,4
778332,2025-04-13,4.3517,5.1425,5,2
778333,2025-04-13,4.0135,4.7513,0,8
778334,2025-04-13,4.0756,3.6669,3,1
778335,2025-04-13,4.0308,4.6021,5,1
778336,2025-04-13,3.8892,4.3875,7,0
778337,2025-04-13,4.2933,5.0149,11,4
778338,2025-04-13,3.9306,4.7292,1,3
778339,2025-04-13,4.3969,4.349,4,5
778340,2025-04-13,3.737,4.2155,8,3
778342,2025-04-13,3.9087,4.04,2,4
778343,2025-04-13,4.1811,3.8652,4,0
778344,2025-04-13,4.5265,3.9583,6,7
778315,2025-04-14,4.8725,4.7858,10,4
778320,2025-04-14,4.5278,4.2818,4,10
778321,2025-04-14,4.6135,4.2227,10,3
778322,2025-04-14,3.7597,4.7584,4,8
778323,2025-04-14,3.8654,3.9186,1,9
778324,2025-04-14,4.2346,4.5273,1,5
778325,2025-04-14,4.0314,4.2825,8,3
778326,2025-04-14,5.0051,3.4944,5,3
778327,2025-04-14,4.6153,4.3883,4,1
778328,2025-04-14,3.9792,4.0408,16,1
778302,2025-04-15,4.8683,3.5247,6,2
778305,2025-04-15,4.8241,4.5493,1,2
778306,2025-04-15,4.4577,3.8639,4,0
778307,2025-04-15,4.2844,4.6733,6,3
778308,2025-04-15,4.1755,4.2375,0,2
778309,2025-04-15,4.2939,4.1588,3,12
778310,2025-04-15,4.0754,4.3416,5,0
778311,2025-04-15,3.8295,4.6541,6,3
778312,2025-04-15,4.6722,4.3412,4,2
778313,2025-04-15,4.4929,3.9114,6,4
778314,2025-04-15,4.6704,4.3935,0,3
778316,2025-04-15,4.521,4.6146,8,4
778317,2025-04-15,4.6442,3.9549,3,6
778318,2025-04-15,4.3827,5.544,4,10
778319,2025-04-15,3.9946,4.0761,4,7
778287,2025-04-16,4.907,3.6857,8,7
778288,2025-04-16,4.6067,4.2846,4,2
778289,2025-04-16,4.4923,4.1099,3,1
778290,2025-04-16,4.0158,4.526,4,1
778293,2025-04-16,4.5961,4.4704,6,1
778294,2025-04-16,4.1385,4.4451,1,3
778295,2025-04-16,4.2101,4.0824,5,1
778296,2025-04-16,4.7506,4.1941,4,11
778297,2025-04-16,4.1289,4.8486,3,1
778298,2025-04-16,3.9964,4.3329,0,1
778299,2025-04-16,4.4936,4.85,4,3
778300,2025-04-16,4.3124,4.4211,4,3
778301,2025-04-16,3.9719,4.2056,9,1
778303,2025-04-16,4.5178,5.5359,2,6
778304,2025-04-16,4.5914,4.7878,3,5
778278,2025-04-17,4.9183,3.9801,4,1
778279,2025-04-17,4.7477,4.0459,6,4
778280,2025-04-17,4.6463,4.5748,1,0
778281,2025-04-17,4.3285,3.9179,5,3
778282,2025-04-17,3.9327,4.4948,3,6
778283,2025-04-17,4.156,4.2763,0,8
778285,2025-04-17,4.6521,4.721,7,11
778286,2025-04-17,4.0406,3.9625,6,1
778291,2025-04-17,4.3823,5.4717,4,6
778292,2025-04-17,4.3983,4.1111,6,2
778260,2025-04-18,4.0977,4.5052,2,0
778261,2025-04-18,4.4085,3.8819,5,3
778263,2025-04-18,4.1086,4.4516,0,3
778268,2025-04-18,4.3093,4.5036,13,11
778269,2025-04-18,4.6595,4.4617,6,4
778270,2025-04-18,4.7908,3.863,5,4
778271,2025-04-18,4.2234,3.9303,7,10
778272,2025-04-18,4.0068,4.1812,0,1
778273,2025-04-18,4.2162,4.7379,3,1
778274,2025-04-18,4.8171,3.7818,7,2
778275,2025-04-18,4.8748,4.0805,10,3
778276,2025-04-18,4.4225,4.0323,3,8
778277,2025-04-18,3.7389,3.8341,7,3
778284,2025-04-18,4.1817,3.8223,6,4
778243,2025-04-19,3.9734,4.6926,2,3
778247,2025-04-19,4.6294,5.2346,11,12
778251,2025-04-19,4.3831,4.5126,4,3
778252,2025-04-19,4.8342,3.8509,11,10
778253,2025-04-19,4.588,3.8059,1,3
778254,2025-04-19,4.3724,3.9149,0,3
778255,2025-04-19,4.292,4.2203,10,8
778256,2025-04-19,4.8901,3.9322,3,0
778257,2025-04-19,4.1708,4.3391,6,2
778258,2025-04-19,3.9191,4.9167,4,8
778259,2025-04-19,4.3238,4.4307,3,2
778262,2025-04-19,3.8458,4.0636,9,5
778264,2025-04-19,5.1991,4.1279,4,3
778265,2025-04-19,4.0623,3.7642,3,1
778267,2025-04-19,4.1581,3.6689,4,3
778232,2025-04-20,4.2019,4.5242,5,4
778234,2025-04-20,4.1506,4.5154,0,1
778235,2025-04-20,5.2793,5.0054,2,3
778236,2025-04-20,4.325,4.1948,2,3
778237,2025-04-20,4.2109,4.3006,2,3
778239,2025-04-20,4.6737,4.059,14,1
778240,2025-04-20,3.9727,4.563,0,4
778241,2025-04-20,4.5791,4.959,3,8
778242,2025-04-20,4.2526,4.1807,4,5
778244,2025-04-20,4.8315,3.7718,7,4
778245,2025-04-20,5.3889,4.0525,4,8
778246,2025-04-20,4.1277,3.7556,3,4
778248,2025-04-20,4.8452,3.7957,5,7
778249,2025-04-20,3.9939,3.7682,6,2
778250,2025-04-20,4.6112,4.1499,2,24
778266,2025-04-20,5.1526,4.9833,3,1
778225,2025-04-21,4.6224,4.5094,5,4
778226,2025-04-21,4.1292,4.5555,5,2
778227,2025-04-21,4.5272,4.5797,6,4
778228,2025-04-21,4.1074,4.3271,6,4
778230,2025-04-21,4.1197,4.9212,6,3
778231,2025-04-21,4.4093,3.7212,7,0
778233,2025-04-21,4.241,3.7695,7,6
778238,2025-04-21,5.3858,4.1259,4,2
778210,2025-04-22,4.3124,4.7429,3,11
778211,2025-04-22,4.3906,4.3507,3,9
778212,2025-04-22,4.69,4.1266,5,1
778213,2025-04-22,4.5421,4.4754,5,8
778215,2025-04-22,5.0005,3.6554,4,3
778216,2025-04-22,5.3971,3.9586,4,2
778217,2025-04-22,4.1738,3.8314,5,1
778218,2025-04-22,4.4089,4.5032,3,2
778219,2025-04-22,4.2218,5.2373,4,3
778220,2025-04-22,4.2545,4.1212,11,10
778221,2025-04-22,3.8139,4.0795,0,2
778222,2025-04-22,4.3866,4.5776,7,0
778223,2025-04-22,4.5526,4.2882,5,1
778224,2025-04-22,4.6865,4.9718,8,3
778229,2025-04-22,4.1843,3.7793,4,10
778197,2025-04-23,4.6895,4.4546,5,2
778198,2025-04-23,3.8061,4.3663,4,2
778199,2025-04-23,4.4878,4.0651,6,7
778200,2025-04-23,4.3301,3.6547,3,1
778201,2025-04-23,5.5263,3.8734,6,3
778202,2025-04-23,4.3584,4.6116,0,3
778203,2025-04-23,4.4515,4.1211,4,3
778204,2025-04-23,4.3234,4.5827,4,3
778205,2025-04-23,4.1308,4.126,7,6
778206,2025-04-23,4.1348,4.699,1,5
778207,2025-04-23,4.949,5.1123,5,8
778208,2025-04-23,4.1319,5.134,2,5
778209,2025-04-23,4.1238,4.2803,6,0
778214,2025-04-23,4.5267,4.0526,4,1
778188,2025-04-24,4.4181,4.2426,4,7
778189,2025-04-24,5.3264,4.0565,0,3
778190,2025-04-24,4.8365,3.4705,7,4
778191,2025-04-24,4.4158,4.4198,4,3
778192,2025-04-24,4.6187,4.5553,4,3
778193,2025-04-24,4.1203,4.8819,1,2
778194,2025-04-24,4.082,4.6255,6,5
778195,2025-04-24,4.7068,3.6115,6,2
778196,2025-04-24,4.7135,4.7815,3,4
778171,2025-04-25,4.511,3.9564,0,2
778172,2025-04-25,4.2751,3.5727,0,1
778175,2025-04-25,4.149,3.5048,4,8
778176,2025-04-25,4.4899,3.576,0,3
778177,2025-04-25,4.2955,4.7052,2,8
778178,2025-04-25,4.2641,3.9754,6,5
778181,2025-04-25,4.0692,5.2616,7,8
778182,2025-04-25,4.3124,3.9079,4,0
778183,2025-04-25,4.3957,4.6161,5,4
778184,2025-04-25,4.0209,4.5114,3,2
778185,2025-04-25,4.8519,4.1295,2,4
778186,2025-04-25,5.5599,4.5051,11,4
778187,2025-04-25,4.1977,4.0051,2,0
778154,2025-04-26,4.1614,3.6298,14,0
778159,2025-04-26,4.8279,3.8717,3,2
778160,2025-04-26,4.2984,3.6473,1,4
778161,2025-04-26,4.176,5.5729,4,6
778162,2025-04-26,4.5182,4.7729,7,8
778163,2025-04-26,4.8959,3.5705,8,4
778164,2025-04-26,4.1588,4.4171,6,5
778165,2025-04-26,4.2472,4.0088,3,10
778166,2025-04-26,5.2766,4.2179,5,1
778167,2025-04-26,4.2851,3.8932,2,0
778168,2025-04-26,4.0631,4.0173,4,3
778169,2025-04-26,4.7267,4.3553,3,7
778173,2025-04-26,4.18,4.4944,0,2
778174,2025-04-26,3.9932,3.9885,4,10
778179,2025-04-26,4.5746,4.1543,5,4
778180,2025-04-26,4.1095,4.1671,6,2
778136,2025-04-27,3.9095,3.6865,7,6
778144,2025-04-27,5.1867,4.155,5,0
778145,2025-04-27,4.9564,3.5895,9,2
778146,2025-04-27,4.4395,3.6653,2,4
778147,2025-04-27,4.6238,4.6162,6,4
778148,2025-04-27,4.5234,5.3193,1,8
778149,2025-04-27,4.6349,3.9836,3,2
778150,2025-04-27,4.1744,4.4853,1,7
778151,2025-04-27,5.049,3.9706,3,2
778152,2025-04-27,4.0966,3.8844,3,7
778153,2025-04-27,4.3431,4.4025,8,7
778155,2025-04-27,4.2354,4.0894,7,0
778156,2025-04-27,4.4933,3.9629,11,2
778157,2025-04-27,4.76,4.2132,3,13
778158,2025-04-27,4.1168,4.0274,1,3
778170,2025-04-27,4.4281,3.9786,5,1
778132,2025-04-28,4.6482,3.7369,7,6
778137,2025-04-28,4.4396,4.7781,3,6
778138,2025-04-28,4.2266,4.3128,5,19
778139,2025-04-28,4.6585,3.6481,1,11
778140,2025-04-28,4.3952,5.3307,4,3
778141,2025-04-28,4.7375,4.2434,3,1
778142,2025-04-28,4.069,3.9313,8,5
778143,2025-04-28,4.2977,3.9687,1,2
778120,2025-04-29,4.3889,5.0024,2,8
778121,2025-04-29,4.3806,3.7234,5,3
778122,2025-04-29,4.2429,3.8197,15,2
778123,2025-04-29,4.8412,3.6769,15,2
778124,2025-04-29,4.1411,3.7811,6,4
778125,2025-04-29,3.9443,4.7262,2,7
778126,2025-04-29,4.2245,4.1595,7,4
778127,2025-04-29,4.0212,4.952,2,10
778128,2025-04-29,4.024,3.8091,1,3
778129,2025-04-29,4.7864,3.6267,2,1
778130,2025-04-29,4.6575,4.62,8,3
778131,2025-04-29,5.0761,3.7453,7,6
778133,2025-04-29,4.0937,4.8993,3,15
778135,2025-04-29,4.4523,5.556,0,9
778102,2025-04-30,4.3599,5.345,2,1
778104,2025-04-30,4.4211,3.9709,9,3
778105,2025-04-30,4.3008,4.0106,5,3
778106,2025-04-30,4.3262,3.7406,1,7
778109,2025-04-30,4.892,3.729,12,7
778110,2025-04-30,4.2149,4.1531,4,7
778111,2025-04-30,3.9823,4.7653,4,6
778112,2025-04-30,4.7869,5.351,4,3
778113,2025-04-30,3.9673,3.7463,0,3
778114,2025-04-30,4.1643,5.1172,7,6
778115,2025-04-30,4.4863,5.4329,5,4
778116,2025-04-30,4.7672,3.7604,4,2
778117,2025-04-30,4.8972,4.6484,3,4
778118,2025-04-30,5.4169,3.7686,7,2
778119,2025-04-30,4.7864,4.4063,1,9
778134,2025-04-30,4.6927,4.2114,0,6
778094,2025-05-01,4.0333,5.2292,8,0
778095,2025-05-01,4.2502,5.0797,4,2
778096,2025-05-01,4.2663,3.8375,0,3
778097,2025-05-01,4.0317,3.6857,2,8
778098,2025-05-01,5.123,3.6458,3,4
778099,2025-05-01,5.172,3.9944,2,4
778100,2025-05-01,4.3167,5.0287,3,8
778101,2025-05-01,4.2216,4.7499,4,10
778103,2025-05-01,4.8386,4.6206,2,4
778107,2025-05-01,4.6799,4.3097,9,1
778108,2025-05-01,4.5494,3.7644,4,3
778079,2025-05-02,3.9094,4.5096,7,3
778080,2025-05-02,4.5208,5.0336,0,10
778081,2025-05-02,4.1267,4.4842,5,3
778082,2025-05-02,4.7777,3.5475,4,0
778083,2025-05-02,4.252,4.5919,1,13
778084,2025-05-02,4.2763,4.2913,3,9
778085,2025-05-02,3.9508,5.07,1,9
778086,2025-05-02,4.9769,4.3783,3,2
778087,2025-05-02,4.754,3.9844,6,1
778088,2025-05-02,4.4593,3.7986,3,0
778089,2025-05-02,4.493,4.8099,6,1
778090,2025-05-02,3.9142,5.1071,4,9
778091,2025-05-02,4.4913,4.6969,1,6
778092,2025-05-02,4.0367,4.6815,1,2
778093,2025-05-02,4.2962,4.2048,3,0
778064,2025-05-03,3.8547,4.4517,3,5
778065,2025-05-03,4.3784,4.8954,1,2
778066,2025-05-03,3.8398,4.6983,3,8
778067,2025-05-03,3.9548,5.1465,5,2
778069,2025-05-03,4.8207,3.5388,6,3
778070,2025-05-03,4.3012,4.6853,1,2
778071,2025-05-03,4.9214,4.8257,2,6
778072,2025-05-03,3.9915,4.1704,0,4
778073,2025-05-03,4.9932,4.7479,3,4
778074,2025-05-03,4.7703,3.8098,2,3
778075,2025-05-03,4.4161,4.9743,9,6
778076,2025-05-03,4.2614,4.5255,3,10
778077,2025-05-03,4.7156,4.0386,6,11
778078,2025-05-03,4.8643,4.5111,7,2
778048,2025-05-04,4.8634,3.5535,9,3
778050,2025-05-04,3.9972,5.3292,1,13
778051,2025-05-04,4.307,4.8332,0,4
778052,2025-05-04,4.4257,4.3687,8,1
778053,2025-05-04,4.4306,4.5061,6,5
778054,2025-05-04,5.0003,4.6129,4,0
778055,2025-05-04,3.9658,4.7547,5,4
778056,2025-05-04,4.1131,4.6456,4,5
778057,2025-05-04,4.6425,4.0373,5,7
778058,2025-05-04,4.7187,4.3173,1,4
778059,2025-05-04,4.891,4.8177,9,11
778060,2025-05-04,4.2892,4.8958,4,3
778061,2025-05-04,4.4537,4.9174,2,3
778062,2025-05-04,4.3879,4.2106,6,11
778063,2025-05-04,4.8613,4.4895,4,5
778068,2025-05-04,4.2493,4.3551,5,4
778036,2025-05-05,4.4681,3.9308,6,3
778038,2025-05-05,4.2261,4.9345,7,6
778039,2025-05-05,4.5608,4.7522,4,5
778042,2025-05-05,4.1876,3.8152,5,1
778043,2025-05-05,4.6692,3.6035,3,0
778044,2025-05-05,4.0434,4.032,9,2
778045,2025-05-05,4.3523,4.4874,3,4
778047,2025-05-05,4.4198,5.4689,4,7
778049,2025-05-05,3.9241,3.907,4,0
778024,2025-05-06,4.3634,5.0057,3,5
778025,2025-05-06,4.1379,4.7357,8,3
778026,2025-05-06,4.002,4.3125,10,9
778027,2025-05-06,4.2935,4.0458,5,14
778028,2025-05-06,4.5992,4.766,9,1
778030,2025-05-06,4.2516,3.954,2,1
778031,2025-05-06,4.3161,3.7442,4,3
778032,2025-05-06,4.9898,4.8225,5,1
778033,2025-05-06,4.8126,3.5431,4,3
778034,2025-05-06,3.9078,3.868,2,1
778035,2025-05-06,4.1767,5.5435,5,4
778037,2025-05-06,4.899,4.5177,1,6
778040,2025-05-06,3.7935,4.0876,4,8
778041,2025-05-06,4.4387,4.7599,12,3
778046,2025-05-06,4.1594,4.5106,1,9
778009,2025-05-07,4.2184,4.6335,5,4
778010,2025-05-07,4.1062,5.2442,5,6
778011,2025-05-07,4.529,4.5794,5,2
778012,2025-05-07,4.8361,3.5219,2,1
778013,2025-05-07,4.5049,5.3074,6,8
778014,2025-05-07,4.7013,4.9234,1,7
778015,2025-05-07,4.3802,3.9044,1,9
778016,2025-05-07,4.2809,3.797,5,0
778017,2025-05-07,4.5973,5.5695,1,10
778018,2025-05-07,5.4133,4.4994,6,4
778019,2025-05-07,4.4102,4.9748,4,3
778020,2025-05-07,4.0486,4.0595,1,3
778021,2025-05-07,3.9766,4.2344,0,7
778022,2025-05-07,4.2917,4.4701,6,8
778023,2025-05-07,3.8772,3.9373,3,4
777999,2025-05-08,4.5369,5.2253,5,3
778000,2025-05-08,4.1313,4.8559,5,8
778003,2025-05-08,3.9561,4.0023,5,4
778004,2025-05-08,4.5251,5.1807,2,10
778005,2025-05-08,3.9012,4.2153,6,7
778006,2025-05-08,5.3977,4.4222,5,0
778007,2025-05-08,4.5984,4.5465,5,2
778008,2025-05-08,4.8541,3.5528,10,0
778029,2025-05-08,4.5615,5.2424,1,11
777984,2025-05-09,3.946,3.5778,3,6
777986,2025-05-09,4.2863,4.6493,1,4
777988,2025-05-09,4.9017,5.5235,11,14
777989,2025-05-09,4.3301,3.719,3,0
777990,2025-05-09,4.7893,4.3569,2,1
777991,2025-05-09,4.1075,4.2032,6,2
777992,2025-05-09,4.6105,4.4922,3,1
777993,2025-05-09,4.5147,5.1049,9,13
777994,2025-05-09,3.8201,5.3958,2,10
777995,2025-05-09,4.4106,4.5356,0,10
777996,2025-05-09,4.7056,3.6097,2,1
777997,2025-05-09,4.2112,4.3638,6,0
777998,2025-05-09,4.0582,4.8055,3,2
778001,2025-05-09,4.8538,4.4483,7,2
778002,2025-05-09,4.0047,4.6619,4,3
777970,2025-05-10,4.217,3.7224,3,6
777972,2025-05-10,3.7343,5.3002,11,7
777973,2025-05-10,4.4062,4.5366,5,2
777974,2025-05-10,4.3175,4.2555,2,1
777975,2025-05-10,4.7977,5.2086,3,0
777976,2025-05-10,4.2652,5.2106,0,21
777977,2025-05-10,4.3239,4.2426,1,10
777978,2025-05-10,4.343,4.1222,1,3
777979,2025-05-10,4.2647,3.8096,9,13
777980,2025-05-10,4.38,4.4205,2,4
777981,2025-05-10,4.059,4.5457,3,2
777982,2025-05-10,4.8365,4.3856,5,6
777983,2025-05-10,4.2322,4.1792,1,7
777985,2025-05-10,3.9208,4.6617,2,3
777987,2025-05-10,4.315,3.7484,3,10
777954,2025-05-11,4.422,5.3233,1,8
777955,2025-05-11,4.2519,5.3468,9,3
777956,2025-05-11,4.514,4.1207,7,6
777957,2025-05-11,4.0527,5.6983,2,12
777958,2025-05-11,4.1732,3.5347,1,9
777961,2025-05-11,4.2552,4.5276,3,7
777962,2025-05-11,4.5978,4.5576,1,6
777963,2025-05-11,4.0776,3.8667,6,0
777964,2025-05-11,3.974,4.3317,2,4
777965,2025-05-11,4.8223,4.3405,1,3
777966,2025-05-11,4.3748,4.0574,4,2
777967,2025-05-11,3.6887,4.9794,4,3
777968,2025-05-11,4.6201,4.3589,6,2
777969,2025-05-11,4.2264,3.6689,1,6
777971,2025-05-11,3.9932,4.4318,0,3
777939,2025-05-12,4.4472,4.6048,1,2
777941,2025-05-12,3.8786,4.4197,5,11
777947,2025-05-12,4.731,3.6693,5,9
777948,2025-05-12,4.1415,3.6774,5,7
777949,2025-05-12,4.5139,3.5036,2,1
777950,2025-05-12,4.5091,3.5188,4,3
777951,2025-05-12,4.3169,4.2122,14,2
777952,2025-05-12,4.7696,3.5885,5,2
777953,2025-05-12,4.9824,3.9454,2,3
777959,2025-05-12,4.2874,3.9133,4,3
777960,2025-05-12,4.4155,4.3565,5,0
777926,2025-05-13,3.9889,4.3236,2,1
777930,2025-05-13,4.344,4.4408,10,6
777931,2025-05-13,4.3271,3.7494,2,1
777932,2025-05-13,4.7976,3.6482,6,4
777934,2025-05-13,4.6154,3.5922,4,1
777935,2025-05-13,4.1308,4.1736,9,11
777936,2025-05-13,5.0095,3.6696,5,4
777937,2025-05-13,5.3095,3.9436,1,11
777940,2025-05-13,4.3078,4.0126,10,9
777942,2025-05-13,4.1767,3.8226,5,2
777943,2025-05-13,4.8532,3.4772,2,1
777944,2025-05-13,4.5587,4.6381,2,0
777945,2025-05-13,4.7556,3.8582,1,5
777914,2025-05-14,4.7883,3.7954,5,1
777915,2025-05-14,3.7707,4.5548,2,3
777916,2025-05-14,4.5976,4.7459,7,8
777917,2025-05-14,4.8792,3.8686,9,3
777918,2025-05-14,4.5328,3.4633,8,3
777919,2025-05-14,4.8816,3.5178,0,4
777920,2025-05-14,4.1202,4.0973,4,3
777921,2025-05-14,4.9355,3.7374,1,3
777922,2025-05-14,5.0732,4.0988,2,1
777923,2025-05-14,4.2302,4.3,3,1
777924,2025-05-14,4.6326,4.7467,3,6
777925,2025-05-14,4.4737,4.5051,5,9
777927,2025-05-14,4.3529,3.8397,6,5
777928,2025-05-14,4.9122,3.953,2,4
777929,2025-05-14,4.2461,3.8444,4,5
777933,2025-05-14,5.1627,4.0929,7,14
777938,2025-05-14,4.8361,4.6598,6,8
777909,2025-05-15,4.3714,3.8115,5,2
777910,2025-05-15,3.7928,3.6566,1,0
777911,2025-05-15,4.8499,4.3824,0,4
777912,2025-05-15,5.0915,3.9689,7,1
777913,2025-05-15,4.1993,4.286,3,8
777946,2025-05-15,5.1188,4.0387,19,2
777891,2025-05-16,4.5817,3.865,9,1
777895,2025-05-16,4.2875,3.6505,3,6
777896,2025-05-16,4.5132,4.6475,1,5
777897,2025-05-16,5.3504,4.159,8,0
777898,2025-05-16,4.1031,3.6755,0,3
777899,2025-05-16,5.6361,3.8803,2,6
777900,2025-05-16,4.5166,3.5762,13,3
777901,2025-05-16,4.5946,4.2493,3,10
777902,2025-05-16,4.1737,4.3339,5,4
777903,2025-05-16,4.214,4.5927,9,4
777904,2025-05-16,4.468,4.7008,6,2
777905,2025-05-16,4.9871,3.8819,8,4
777906,2025-05-16,3.9617,5.1778,4,5
777907,2025-05-16,4.5437,4.4195,3,4
777908,2025-05-16,3.8627,4.4501,2,4
777875,2025-05-17,4.6468,4.4785,1,4
777879,2025-05-17,4.7099,3.9504,1,0
777881,2025-05-17,4.7666,3.5722,7,3
777882,2025-05-17,3.9942,3.8648,5,1
777883,2025-05-17,4.1187,3.8222,0,7
777884,2025-05-17,5.6038,4.0393,9,11
777885,2025-05-17,4.569,4.6184,0,1
777886,2025-05-17,3.929,5.3447,2,1
777887,2025-05-17,5.5109,4.0217,12,14
777888,2025-05-17,4.4714,4.6518,2,3
777889,2025-05-17,4.2584,4.6275,0,4
777890,2025-05-17,5.1197,4.438,6,10
777892,2025-05-17,4.1297,4.472,4,1
777893,2025-05-17,4.021,4.7114,7,6
777894,2025-05-17,5.0349,3.7223,5,2
777864,2025-05-18,4.36,4.1487,2,1
777865,2025-05-18,4.2511,3.7795,5,2
777866,2025-05-18,5.639,3.8701,4,6
777867,2025-05-18,4.6441,3.8563,3,2
777868,2025-05-18,4.3128,4.3087,1,6
777869,2025-05-18,4.1447,4.0181,3,4
777870,2025-05-18,5.2901,4.0713,1,0
777871,2025-05-18,4.189,5.3032,2,3
777872,2025-05-18,4.9303,3.5884,6,2
777873,2025-05-18,4.9406,4.2939,4,10
777874,2025-05-18,3.9286,4.1849,3,1
777876,2025-05-18,4.1873,4.5876,4,10
777877,2025-05-18,4.2607,4.7135,5,1
777878,2025-05-18,4.6061,4.7828,8,2
777880,2025-05-18,4.8316,3.9304,1,0
777852,2025-05-19,4.3495,5.1855,3,9
777853,2025-05-19,4.5943,4.2627,3,4
777854,2025-05-19,5.6423,4.5957,5,9
777855,2025-05-19,3.7693,3.8376,1,3
777856,2025-05-19,4.284,4.8196,3,1
777857,2025-05-19,4.1243,5.0721,1,5
777858,2025-05-19,4.1007,3.8802,3,4
777859,2025-05-19,4.0092,4.9047,1,7
777860,2025-05-19,4.5452,4.0597,5,4
777861,2025-05-19,4.5799,4.0067,6,5
777862,2025-05-19,4.2052,4.4245,11,4
777863,2025-05-19,4.3548,5.6037,8,7
777836,2025-05-20,3.8606,3.9477,3,2
777838,2025-05-20,5.2723,4.4803,4,3
777840,2025-05-20,3.9558,4.222,4,5
777841,2025-05-20,4.1283,4.7329,5,3
777842,2025-05-20,4.3371,5.4592,4,7
777843,2025-05-20,4.6793,4.2067,5,7
777844,2025-05-20,4.3631,4.0465,5,2
777845,2025-05-20,3.8238,5.4625,3,0
777846,2025-05-20,3.9659,4.9184,1,0
777847,2025-05-20,4.0718,5.1227,1,0
777848,2025-05-20,4.0078,4.09,3,2
777849,2025-05-20,5.0897,4.1166,5,2
777850,2025-05-20,4.4411,5.7764,1,14
777851,2025-05-20,4.8155,4.8798,2,0
777819,2025-05-21,4.0405,3.7225,4,8
777823,2025-05-21,4.5032,5.0178,5,9
777824,2025-05-21,4.9849,4.6519,3,1
777826,2025-05-21,4.4991,4.1412,4,8
777827,2025-05-21,4.1515,4.243,1,5
777828,2025-05-21,4.847,4.1546,5,10
777829,2025-05-21,4.0588,4.0348,1,5
777830,2025-05-21,4.1507,4.6491,5,6
777831,2025-05-21,4.0365,4.7863,1,5
777832,2025-05-21,3.7286,4.0411,8,4
777833,2025-05-21,4.5092,5.7633,1,2
777834,2025-05-21,4.0554,4.9215,3,1
777835,2025-05-21,4.8711,4.0741,4,3
777837,2025-05-21,4.2136,5.8718,14,0
777812,2025-05-22,4.913,4.3626,5,10
777814,2025-05-22,3.9984,5.1966,5,8
777816,2025-05-22,4.1871,5.4893,7,6
777817,2025-05-22,4.6493,5.195,0,2
777818,2025-05-22,4.8305,3.9241,1,0
777820,2025-05-22,3.9322,4.5898,8,7
777821,2025-05-22,4.3202,3.8992,0,7
777822,2025-05-22,4.6011,4.6395,9,2
777797,2025-05-23,4.6917,4.3339,4,3
777798,2025-05-23,4.5191,4.3852,7,4
777799,2025-05-23,4.5483,4.0829,3,1
777800,2025-05-23,4.6209,4.4097,3,5
777801,2025-05-23,4.3438,4.5805,0,4
777802,2025-05-23,4.3839,5.7862,3,2
777804,2025-05-23,3.9062,4.8666,3,4
777805,2025-05-23,4.4355,4.2499,4,1
777806,2025-05-23,3.9803,4.7839,6,5
777807,2025-05-23,3.8893,3.8937,1,3
777808,2025-05-23,4.7268,4.3057,5,7
777810,2025-05-23,3.8546,3.8772,3,1
777811,2025-05-23,4.4668,5.1023,6,13
777813,2025-05-23,3.8768,4.0978,1,2
777815,2025-05-23,4.5858,4.5485,19,5
777781,2025-05-24,4.4489,4.4561,2,6
777782,2025-05-24,4.2257,5.9301,1,13
777784,2025-05-24,3.9194,4.9534,6,9
777786,2025-05-24,4.7156,4.3208,6,5
777787,2025-05-24,4.3466,4.2743,2,1
777788,2025-05-24,4.5473,4.3939,5,4
777789,2025-05-24,4.4007,4.2936,5,2
777790,2025-05-24,4.6076,4.5734,1,2
777791,2025-05-24,4.5993,4.9839,6,4
777792,2025-05-24,4.4088,4.2494,10,5
777793,2025-05-24,3.9925,4.5821,3,0
777794,2025-05-24,4.0368,4.8037,2,1
777795,2025-05-24,3.9194,3.9352,3,1
777796,2025-05-24,4.0153,4.2248,5,7
777803,2025-05-24,3.9916,4.4799,7,1
777809,2025-05-24,4.7449,4.5595,6,5
777765,2025-05-25,3.9682,4.7699,5,4
777766,2025-05-25,4.7326,4.6725,4,3
777767,2025-05-25,4.4053,4.4407,0,3
777768,2025-05-25,4.1466,6.052,4,5
777772,2025-05-25,4.0256,4.1514,1,2
777773,2025-05-25,4.4883,4.3153,3,1
777774,2025-05-25,4.6629,4.4211,5,3
777775,2025-05-25,3.9386,3.8272,13,0
777776,2025-05-25,3.7349,4.891,5,6
777777,2025-05-25,4.348,4.1233,4,5
777778,2025-05-25,4.1885,4.6026,2,3
777779,2025-05-25,4.4303,4.8311,8,11
777780,2025-05-25,4.2363,3.681,5,0
777783,2025-05-25,3.9512,4.2678,3,5
777785,2025-05-25,4.6135,4.611,1,5
777756,2025-05-26,4.4451,3.6446,4,3
777757,2025-05-26,5.1199,3.563,3,1
777758,2025-05-26,5.0595,3.5339,2,1
777759,2025-05-26,3.9648,3.6739,1,2
777760,2025-05-26,4.2758,3.9448,4,7
777761,2025-05-26,5.3628,4.4533,5,0
777762,2025-05-26,4.0947,3.9166,7,2
777763,2025-05-26,4.1582,5.8417,1,5
777764,2025-05-26,4.3467,4.3782,3,2
777769,2025-05-26,4.3818,4.4078,2,7
777770,2025-05-26,4.2234,4.3551,3,1
777771,2025-05-26,4.8238,4.6755,5,2
777741,2025-05-27,4.0639,3.6911,2,0
777742,2025-05-27,4.4325,3.6551,8,6
777743,2025-05-27,4.2567,3.7596,9,1
777744,2025-05-27,5.0511,4.2717,6,9
777745,2025-05-27,3.8493,5.0842,2,3
777746,2025-05-27,3.9025,3.9276,2,4
777747,2025-05-27,4.3963,4.8885,5,1
777748,2025-05-27,4.2172,4.3115,2,0
777749,2025-05-27,4.9426,3.6426,6,4
777750,2025-05-27,4.1028,3.9617,2,7
777751,2025-05-27,4.9457,3.542,4,3
777752,2025-05-27,4.9352,3.7352,11,1
777753,2025-05-27,4.417,4.5225,5,9
777754,2025-05-27,4.699,4.44,4,7
777755,2025-05-27,4.2726,4.2533,3,1
777724,2025-05-28,3.9583,3.7006,0,2
777726,2025-05-28,4.5254,3.8036,8,10
777728,2025-05-28,3.8652,5.3087,0,1
777729,2025-05-28,4.3202,4.3493,1,10
777730,2025-05-28,4.4272,3.7092,0,9
777731,2025-05-28,4.9507,3.483,2,1
777732,2025-05-28,3.9254,3.8574,5,0
777733,2025-05-28,3.9533,4.0276,3,2
777734,2025-05-28,5.0174,3.8572,5,3
777736,2025-05-28,4.5002,4.4185,6,5
777737,2025-05-28,4.822,3.5818,4,9
777738,2025-05-28,4.3956,4.1859,4,3
777739,2025-05-28,4.7201,4.5347,7,4
777740,2025-05-28,4.8495,4.8722,4,6
777722,2025-05-29,4.1611,3.9789,3,9
777723,2025-05-29,4.0046,4.2966,3,9
777725,2025-05-29,4.4112,3.5807,3,13
777727,2025-05-29,4.1957,4.5057,12,0
777735,2025-05-29,4.317,4.2951,5,4
777707,2025-05-30,4.3945,3.6046,3,2
777708,2025-05-30,4.3325,4.699,8,5
777709,2025-05-30,4.1788,4.2991,11,1
777710,2025-05-30,5.0435,4.8357,7,9
777711,2025-05-30,4.0758,4.5815,5,7
777712,2025-05-30,3.9502,3.8755,2,6
777713,2025-05-30,3.7529,3.5828,6,12
777714,2025-05-30,4.3682,3.4949,2,1
777715,2025-05-30,4.5171,4.5065,2,6
777716,2025-05-30,4.7673,4.671,11,7
777717,2025-05-30,3.9219,4.7897,0,2
777718,2025-05-30,5.0258,3.4963,4,2
777719,2025-05-30,4.1631,4.1744,1,5
777720,2025-05-30,4.937,4.1616,2,1
777721,2025-05-30,4.895,3.8826,1,4
777691,2025-05-31,4.5204,3.5764,0,5
777693,2025-05-31,4.3957,3.5793,3,16
777694,2025-05-31,3.7783,4.3534,1,0
777695,2025-05-31,4.1199,3.8561,5,4
777696,2025-05-31,4.9483,4.7621,7,11
777697,2025-05-31,4.0481,4.2469,0,2
777698,2025-05-31,4.206,4.6113,18,2
777699,2025-05-31,5.1493,4.2476,4,2
777700,2025-05-31,5.0603,3.4803,8,2
777701,2025-05-31,4.7951,4.6253,8,7
777702,2025-05-31,4.5511,4.3293,7,17
777703,2025-05-31,5.0262,4.0587,7,5
777704,2025-05-31,4.0292,3.6983,2,0
777705,2025-05-31,3.9527,4.7247,1,0
777706,2025-05-31,4.1703,4.1344,5,0
777677,2025-06-01,4.3192,4.2405,0,1
777678,2025-06-01,4.1239,4.0892,8,1
777679,2025-06-01,5.1108,4.5577,3,1
777680,2025-06-01,4.0954,3.5889,2,1
777681,2025-06-01,4.5089,3.6545,6,4
777682,2025-06-01,4.4517,4.6129,3,7
777683,2025-06-01,4.9244,3.9549,4,2
777684,2025-06-01,4.9177,4.2633,3,2
777685,2025-06-01,4.7353,4.3646,8,4
777686,2025-06-01,5.1003,3.5159,5,3
777687,2025-06-01,3.9533,3.753,7,3
777688,2025-06-01,4.5727,4.4814,2,5
777689,2025-06-01,4.0524,4.632,2,4
777690,2025-06-01,4.3233,3.5113,1,0
777692,2025-06-01,3.9355,4.4714,1,3
777669,2025-06-02,3.9389,4.9672,4,10
777670,2025-06-02,4.999,4.2492,6,7
777671,2025-06-02,4.2781,4.7544,2,3
777673,2025-06-02,4.514,4.3636,4,6
777674,2025-06-02,3.772,4.5293,1,13
777675,2025-06-02,4.9911,4.5634,3,4
777676,2025-06-02,4.2025,4.1487,0,1
777655,2025-06-03,4.2653,4.0488,1,5
777656,2025-06-03,4.183,4.3034,2,3
777657,2025-06-03,4.4207,4.5358,6,5
777658,2025-06-03,3.964,4.9431,3,10
777659,2025-06-03,4.4256,5.4546,3,8
777660,2025-06-03,3.9935,3.9688,7,10
777661,2025-06-03,4.0283,4.5479,8,1
777662,2025-06-03,4.4021,3.7354,5,1
777663,2025-06-03,3.8235,4.5702,0,3
777664,2025-06-03,4.7407,4.0186,3,2
777665,2025-06-03,4.0217,5.0303,3,8
777666,2025-06-03,4.5419,4.4732,2,3
777667,2025-06-03,5.182,4.5044,3,4
777668,2025-06-03,4.1684,4.7333,4,2
777672,2025-06-03,4.2846,4.6505,3,8
777638,2025-06-04,4.9032,4.5218,1,6
777639,2025-06-04,3.9379,5.0349,4,5
777641,2025-06-04,4.0962,4.0898,6,5
777643,2025-06-04,3.7492,4.733,1,6
777645,2025-06-04,4.0031,4.2535,2,3
777646,2025-06-04,4.4077,3.8357,5,4
777647,2025-06-04,4.2366,4.469,1,9
777648,2025-06-04,4.0777,4.6644,3,0
777649,2025-06-04,5.0241,4.3222,11,9
777650,2025-06-04,4.3457,5.4793,2,0
777651,2025-06-04,4.4831,4.7071,2,1
777652,2025-06-04,4.5456,4.3687,2,3
777653,2025-06-04,4.4538,4.0284,0,4
777654,2025-06-04,4.1997,4.4235,1,2
777628,2025-06-05,4.2253,4.0377,3,4
777629,2025-06-05,4.4231,3.694,4,3
777630,2025-06-05,4.0173,4.8363,2,8
777631,2025-06-05,4.8896,4.4698,6,5
777632,2025-06-05,4.2998,5.444,1,7
777633,2025-06-05,3.7834,4.124,3,2
777634,2025-06-05,3.7773,4.4984,3,2
777635,2025-06-05,4.0968,4.0396,5,7
777636,2025-06-05,4.2182,5.0561,14,3
777637,2025-06-05,4.0483,4.6461,9,1
777640,2025-06-05,4.3485,4.4719,10,11
777642,2025-06-05,4.1326,4.0144,6,5
777644,2025-06-05,4.2714,3.9302,4,0
777613,2025-06-06,4.4935,5.0082,5,4
777614,2025-06-06,4.1352,4.5673,5,4
777615,2025-06-06,4.1248,4.091,4,6
777616,2025-06-06,4.5599,4.7936,2,4
777617,2025-06-06,4.2645,3.9832,0,2
777618,2025-06-06,4.0263,4.4773,7,2
777619,2025-06-06,3.8684,4.0013,5,4
777620,2025-06-06,4.5094,4.6825,5,0
777621,2025-06-06,4.2272,4.6256,5,4
777622,2025-06-06,4.2422,3.9424,2,4
777623,2025-06-06,4.6102,5.2795,4,3
777624,2025-06-06,4.1729,4.2015,2,0
777625,2025-06-06,3.9329,3.7549,4,3
777626,2025-06-06,3.9747,3.937,3,1
777627,2025-06-06,4.7937,4.422,9,6
777597,2025-06-07,4.2359,4.0076,4,3
777598,2025-06-07,4.0261,3.9495,3,2
777599,2025-06-07,4.1534,4.9307,4,7
777600,2025-06-07,4.1156,4.1082,4,5
777601,2025-06-07,4.3028,4.4644,2,1
777603,2025-06-07,3.983,4.7333,8,6
777604,2025-06-07,4.5842,5.1339,1,8
777605,2025-06-07,4.4264,4.2582,7,10
777606,2025-06-07,3.8963,4.4227,4,1
777607,2025-06-07,4.1877,4.6464,2,1
777608,2025-06-07,4.1268,3.8152,3,5
777609,2025-06-07,4.2638,4.0796,1,6
777610,2025-06-07,4.2964,4.4006,0,5
777611,2025-06-07,4.0329,3.7038,10,11
777612,2025-06-07,4.6789,5.1092,13,1
777582,2025-06-08,4.7005,5.2946,3,7
777583,2025-06-08,4.3566,5.1231,5,13
777585,2025-06-08,4.2338,3.9706,6,3
777586,2025-06-08,4.2868,3.9804,0,1
777587,2025-06-08,3.8601,3.927,4,3
777588,2025-06-08,4.4567,5.0017,5,1
777589,2025-06-08,4.1191,4.7513,2,3
777590,2025-06-08,3.9131,4.3416,5,7
777591,2025-06-08,4.3427,3.8604,4,2
777592,2025-06-08,4.0781,3.5724,3,2
777593,2025-06-08,4.5743,4.2321,7,11
777594,2025-06-08,4.3645,4.0999,4,0
777595,2025-06-08,3.8577,4.4664,2,1
777596,2025-06-08,4.2207,4.0864,2,4
777602,2025-06-08,4.7472,5.1121,4,2
777574,2025-06-09,4.349,3.961,10,3
777575,2025-06-09,3.6969,4.032,1,7
777576,2025-06-09,4.2667,4.4368,7,4
777577,2025-06-09,5.0554,4.798,8,4
777578,2025-06-09,4.555,5.1969,4,3
777579,2025-06-09,4.0993,4.6387,7,8
777580,2025-06-09,4.4616,3.8428,4,7
777581,2025-06-09,4.5696,3.9967,4,5
777584,2025-06-09,4.5149,4.5261,8,10
777557,2025-06-10,5.2461,4.0772,4,16
777558,2025-06-10,4.4011,3.9691,9,10
777559,2025-06-10,5.0685,4.8537,10,3
777560,2025-06-10,4.2509,4.5906,11,1
777563,2025-06-10,4.3052,4.7707,5,6
777564,2025-06-10,4.2883,4.6375,2,1
777565,2025-06-10,4.4185,4.697,3,1
777566,2025-06-10,4.4749,3.9013,2,3
777567,2025-06-10,4.9131,3.5488,2,4
777568,2025-06-10,3.9196,4.0861,4,1
777569,2025-06-10,4.1899,4.0113,0,1
777570,2025-06-10,4.7604,3.7684,5,4
777571,2025-06-10,4.9709,4.6477,4,8
777572,2025-06-10,3.8151,4.7043,2,10
777573,2025-06-10,4.4972,4.926,3,5
777542,2025-06-11,4.5613,4.6252,6,5
777543,2025-06-11,4.0387,4.4881,2,5
777545,2025-06-11,4.4321,4.0661,2,5
777547,2025-06-11,4.1682,4.6598,7,10
777548,2025-06-11,4.9386,5.1034,5,2
777549,2025-06-11,4.3605,4.0232,11,2
777550,2025-06-11,4.8655,3.625,10,2
777551,2025-06-11,3.9344,4.6509,3,6
777552,2025-06-11,4.4182,3.9627,5,2
777553,2025-06-11,4.6908,5.0119,7,2
777554,2025-06-11,3.8054,3.9311,2,6
777555,2025-06-11,4.894,3.5864,5,0
777556,2025-06-11,4.966,3.9833,6,2
777561,2025-06-11,4.7555,4.5997,4,3
777562,2025-06-11,4.4388,4.937,10,1
777532,2025-06-12,4.3999,4.1398,6,0
777533,2025-06-12,4.9929,3.9683,3,16
777534,2025-06-12,4.2687,4.8764,8,7
777536,2025-06-12,3.769,4.5636,0,1
777540,2025-06-12,3.7427,4.845,1,4
777541,2025-06-12,4.2834,3.7268,3,2
777544,2025-06-12,4.7937,3.6257,4,3
777546,2025-06-12,4.8324,3.5374,4,3
777520,2025-06-13,3.9594,3.8707,7,2
777521,2025-06-13,4.9283,5.016,5,1
777522,2025-06-13,4.4916,4.3003,2,6
777524,2025-06-13,4.4457,3.7334,3,1
777525,2025-06-13,4.483,3.7665,3,2
777526,2025-06-13,3.7769,3.784,1,2
777527,2025-06-13,4.5326,3.9835,10,3
777528,2025-06-13,4.2089,3.7241,5,7
777529,2025-06-13,4.622,3.7689,4,6
777530,2025-06-13,4.1891,4.2798,9,11
777531,2025-06-13,4.4794,4.1047,8,0
777535,2025-06-13,4.4101,3.4601,12,4
777537,2025-06-13,4.565,5.4338,2,1
777538,2025-06-13,4.1243,3.7966,11,5
777539,2025-06-13,4.7684,4.3687,2,0
777506,2025-06-14,4.8601,4.5698,11,5
777507,2025-06-14,3.9354,3.7021,4,3
777508,2025-06-14,4.4188,3.5057,5,4
777509,2025-06-14,4.6491,3.9031,3,2
777510,2025-06-14,4.4214,3.6573,3,2
777511,2025-06-14,4.2752,3.8825,0,4
777512,2025-06-14,4.477,3.8818,5,8
777513,2025-06-14,4.1588,3.5646,2,1
777514,2025-06-14,4.2022,4.2109,3,4
777515,2025-06-14,4.9721,5.2412,8,7
777516,2025-06-14,4.2091,5.4188,4,3
777517,2025-06-14,4.1211,3.783,1,11
777518,2025-06-14,4.2202,3.8545,4,8
777519,2025-06-14,4.8523,4.3745,6,5
777523,2025-06-14,4.4142,3.6326,4,1
777491,2025-06-15,4.5224,4.9307,2,8
777492,2025-06-15,4.438,3.8036,3,2
777493,2025-06-15,4.4083,3.7927,2,1
777494,2025-06-15,4.4183,3.7681,2,1
777495,2025-06-15,3.8181,3.8531,6,0
777496,2025-06-15,4.3564,3.7869,2,3
777497,2025-06-15,4.1838,3.6577,3,2
777498,2025-06-15,4.9779,4.3041,5,4
777499,2025-06-15,4.5812,4.1005,11,4
777500,2025-06-15,4.2849,5.1694,2,0
777501,2025-06-15,4.7792,4.5448,11,2
777502,2025-06-15,4.3361,3.8662,0,9
777503,2025-06-15,4.2453,4.0721,1,3
777504,2025-06-15,4.4073,3.5843,1,10
777505,2025-06-15,4.1661,3.9098,4,8
777483,2025-06-16,4.113,5.0682,2,5
777484,2025-06-16,4.2217,4.1417,7,1
777485,2025-06-16,3.9584,4.7808,3,1
777486,2025-06-16,4.256,4.4143,0,2
777487,2025-06-16,4.9081,4.1253,0,1
777488,2025-06-16,4.4434,3.9747,4,6
777490,2025-06-16,4.3958,4.6043,6,3
777467,2025-06-17,4.1425,4.0274,2,12
777468,2025-06-17,4.094,3.8655,1,6
777469,2025-06-17,4.1388,4.8659,3,13
777471,2025-06-17,4.8265,4.263,8,6
777472,2025-06-17,3.8472,3.5561,2,3
777473,2025-06-17,4.1586,4.0339,8,0
777475,2025-06-17,4.1243,3.7214,7,3
777476,2025-06-17,5.1784,4.3981,0,4
777477,2025-06-17,4.1661,4.1826,1,5
777478,2025-06-17,4.2992,4.3342,6,5
777479,2025-06-17,4.752,4.8205,5,4
777480,2025-06-17,4.4776,3.9931,6,10
777481,2025-06-17,3.9726,4.9028,8,3
777482,2025-06-17,3.816,4.3031,5,3
777489,2025-06-17,4.2169,4.3935,5,4
777453,2025-06-18,4.0354,4.1798,1,3
777454,2025-06-18,4.0563,3.9508,2,4
777456,2025-06-18,3.7833,5.019,4,11
777457,2025-06-18,4.9159,4.6694,4,3
777460,2025-06-18,3.8728,3.8687,3,6
777461,2025-06-18,4.3387,4.0437,1,3
777462,2025-06-18,4.459,4.9329,8,1
777463,2025-06-18,4.0898,4.462,12,8
777465,2025-06-18,4.2072,5.3119,2,4
777466,2025-06-18,4.8918,4.2161,2,3
777470,2025-06-18,4.1829,4.3291,5,0
777474,2025-06-18,4.112,4.5605,4,2
777440,2025-06-19,3.9782,3.6292,2,1
777441,2025-06-19,3.8824,4.8414,6,4
777442,2025-06-19,4.6865,4.2409,3,5
777443,2025-06-19,4.053,4.0291,1,4
777444,2025-06-19,4.0088,4.8977,1,2
777445,2025-06-19,4.4718,4.085,4,3
777446,2025-06-19,3.8982,4.0888,1,4
777447,2025-06-19,4.0541,4.2616,4,5
777448,2025-06-19,4.7605,4.9433,5,9
777449,2025-06-19,4.9681,4.1484,7,3
777450,2025-06-19,3.7265,4.2707,7,8
777451,2025-06-19,4.1405,3.6278,9,2
777452,2025-06-19,4.4328,4.4678,5,12
777455,2025-06-19,4.2368,4.643,7,1
777458,2025-06-19,4.1489,4.3348,6,8
777464,2025-06-19,3.8685,3.9836,4,8
777425,2025-06-20,4.381,4.2732,5,7
777426,2025-06-20,4.1267,3.9257,5,6
777427,2025-06-20,4.7993,4.0578,6,5
777428,2025-06-20,3.7255,4.8311,2,3
777429,2025-06-20,3.8238,4.9829,5,1
777430,2025-06-20,4.9067,5.6857,8,14
777431,2025-06-20,4.0851,3.9408,14,8
777432,2025-06-20,4.1521,4.1596,2,6
777433,2025-06-20,4.133,4.166,6,1
777434,2025-06-20,4.1453,4.6784,6,17
777435,2025-06-20,4.557,4.1965,1,7
777436,2025-06-20,4.0246,4.1187,4,9
777437,2025-06-20,4.6101,4.5666,10,2
777438,2025-06-20,4.7393,4.38,3,5
777439,2025-06-20,4.0343,5.4015,6,2
777410,2025-06-21,4.9059,5.5663,3,5
777411,2025-06-21,3.9324,4.5978,2,4
777412,2025-06-21,4.7297,5.2492,0,9
777413,2025-06-21,4.0597,4.0992,5,1
777414,2025-06-21,3.7499,4.8092,9,1
777415,2025-06-21,4.1682,4.3067,6,5
777416,2025-06-21,5.2439,4.0275,3,7
777417,2025-06-21,4.3934,4.3628,3,2
777418,2025-06-21,5.015,4.2401,7,1
777419,2025-06-21,4.4028,4.2388,10,7
777420,2025-06-21,4.1651,4.0586,8,3
777421,2025-06-21,4.2435,4.1695,2,3
777422,2025-06-21,4.8452,4.3969,9,0
777423,2025-06-21,4.6337,4.4376,4,11
777424,2025-06-21,3.9676,5.3825,0,7
777395,2025-06-22,4.1162,4.1299,9,5
777396,2025-06-22,4.2238,4.0584,3,2
777397,2025-06-22,3.7779,5.0234,7,8
777398,2025-06-22,5.125,4.0786,13,7
777399,2025-06-22,4.9476,5.4317,4,2
777400,2025-06-22,3.843,4.9533,0,3
777401,2025-06-22,4.6498,4.733,8,9
777402,2025-06-22,4.0281,5.4469,5,3
777403,2025-06-22,3.8955,4.3694,6,14
777404,2025-06-22,4.4533,4.0832,8,3
777405,2025-06-22,4.6381,4.8366,7,1
777406,2025-06-22,4.741,4.5482,4,2
777407,2025-06-22,4.1471,4.39,1,4
777408,2025-06-22,4.9838,4.2299,2,4
777409,2025-06-22,4.2799,3.9436,3,9
777381,2025-06-23,4.2615,4.8814,9,5
777382,2025-06-23,4.5161,3.9612,6,10
777388,2025-06-23,4.7636,4.7192,2,11
777389,2025-06-23,4.113,4.3705,2,3
777390,2025-06-23,4.0609,4.8517,6,1
777391,2025-06-23,4.0139,3.6804,4,5
777392,2025-06-23,4.3799,4.6727,8,2
777393,2025-06-23,4.2023,4.6515,0,10
777394,2025-06-23,4.8826,4.2708,6,0
777364,2025-06-24,4.6089,3.8431,2,4
777372,2025-06-24,4.5909,3.8411,4,3
777373,2025-06-24,4.718,4.3807,8,7
777374,2025-06-24,4.2553,3.5374,9,3
777375,2025-06-24,4.4158,4.7857,5,6
777376,2025-06-24,3.855,5.114,3,2
777377,2025-06-24,4.4191,4.1156,1,0
777378,2025-06-24,4.2034,3.8709,1,5
777379,2025-06-24,4.3916,5.9616,7,9
777380,2025-06-24,4.5754,4.0251,5,6
777383,2025-06-24,4.3324,4.7928,1,4
777384,2025-06-24,4.3061,3.9868,6,10
777385,2025-06-24,3.9859,5.0006,5,4
777386,2025-06-24,4.6116,3.7555,11,4
777387,2025-06-24,4.1546,4.406,4,7
777355,2025-06-25,4.2703,3.6456,5,8
777357,2025-06-25,4.5451,4.4653,0,8
777358,2025-06-25,4.6584,6.3495,1,8
777359,2025-06-25,4.2736,4.0351,0,3
777360,2025-06-25,4.3217,4.0301,1,0
777361,2025-06-25,3.926,3.6587,4,2
777362,2025-06-25,4.1325,4.915,5,2
777363,2025-06-25,4.6183,4.5285,2,0
777365,2025-06-25,4.5097,4.4783,0,7
777366,2025-06-25,3.963,4.391,2,0
777367,2025-06-25,4.0294,4.7053,1,7
777368,2025-06-25,4.5822,3.8428,5,4
777369,2025-06-25,4.3956,4.0921,7,3
777370,2025-06-25,4.3054,4.6905,7,3
777371,2025-06-25,4.1824,3.9766,0,3
777344,2025-06-26,4.6029,6.0426,1,3
777347,2025-06-26,4.542,3.5921,5,12
777348,2025-06-26,4.5447,4.5156,0,3
777350,2025-06-26,4.1913,4.0513,2,1
777351,2025-06-26,4.4302,4.2016,8,0
777352,2025-06-26,4.1661,4.256,4,0
777353,2025-06-26,3.9489,4.2397,0,4
777354,2025-06-26,4.5623,3.7812,0,6
777356,2025-06-26,4.7159,4.5834,10,1
777331,2025-06-27,4.6281,4.4794,9,15
777332,2025-06-27,5.0222,4.4318,8,9
777334,2025-06-27,4.1432,3.9468,1,4
777335,2025-06-27,4.2671,4.5057,4,5
777336,2025-06-27,4.549,4.2877,7,4
777337,2025-06-27,5.0158,3.9914,3,0
777338,2025-06-27,4.1287,4.4217,1,3
777339,2025-06-27,4.7544,3.7708,10,6
777340,2025-06-27,3.8046,4.6441,6,7
777341,2025-06-27,4.2433,4.7148,9,1
777342,2025-06-27,4.0215,4.1086,0,13
777343,2025-06-27,3.8536,4.5752,22,8
777345,2025-06-27,4.64,4.6871,0,9
777346,2025-06-27,4.0135,4.7675,8,1
777349,2025-06-27,4.3732,3.7788,0,5
777315,2025-06-28,4.1714,4.7068,8,2
777318,2025-06-28,5.3517,4.5288,7,8
777319,2025-06-28,3.9533,4.5653,9,5
777320,2025-06-28,4.81,4.5798,3,12
777321,2025-06-28,4.7232,3.5687,5,0
777322,2025-06-28,4.1184,4.4515,3,2
777323,2025-06-28,4.4975,4.6526,15,1
777324,2025-06-28,4.4634,3.8871,10,5
777325,2025-06-28,4.2602,4.6372,9,2
777326,2025-06-28,5.0284,3.8105,0,7
777327,2025-06-28,3.8135,4.3018,1,0
777328,2025-06-28,4.224,4.6066,4,6
777329,2025-06-28,4.574,4.0105,6,9
777330,2025-06-28,4.2524,4.4949,3,11
777333,2025-06-28,3.8134,3.9698,6,1
777301,2025-06-29,4.7248,3.556,3,4
777302,2025-06-29,4.0836,4.5172,4,6
777303,2025-06-29,5.1884,4.5358,4,6
777304,2025-06-29,4.3378,4.4554,1,5
777305,2025-06-29,4.6649,4.6376,4,7
777307,2025-06-29,5.0036,4.1104,12,5
777308,2025-06-29,4.7723,4.144,2,0
777309,2025-06-29,4.5228,4.115,0,7
777310,2025-06-29,4.574,4.8363,3,5
777311,2025-06-29,4.0943,4.4075,5,2
777312,2025-06-29,4.1553,4.581,3,2
777313,2025-06-29,4.2144,4.5253,12,1
777314,2025-06-29,4.6108,3.754,3,0
777316,2025-06-29,4.1636,3.9979,1,2
777317,2025-06-29,4.2537,4.2813,5,1
777291,2025-06-30,4.2786,4.4491,4,2
777292,2025-06-30,4.1237,4.1727,6,10
777295,2025-06-30,4.0458,4.7938,5,4
777296,2025-06-30,4.2544,3.9438,4,6
777297,2025-06-30,3.8156,3.7563,6,2
777299,2025-06-30,4.1929,4.4379,7,0
777300,2025-06-30,3.8447,4.5734,13,6
777306,2025-06-30,4.6574,4.3798,4,0
777278,2025-07-01,4.7581,4.5509,8,2
777280,2025-07-01,5.2326,3.8348,6,1
777281,2025-07-01,3.9208,3.7817,3,6
777282,2025-07-01,4.2847,3.971,10,2
777283,2025-07-01,4.0548,4.852,12,5
777285,2025-07-01,4.5166,5.2641,5,6
777286,2025-07-01,4.7574,3.8733,3,4
777287,2025-07-01,4.1577,3.6649,5,2
777288,2025-07-01,4.3214,4.1844,1,0
777293,2025-07-01,4.1939,5.1491,2,0
777294,2025-07-01,4.3042,4.8486,5,3
777298,2025-07-01,4.3319,3.7837,0,4
777262,2025-07-02,3.8871,3.7356,3,2
777265,2025-07-02,4.0834,4.8009,9,4
777266,2025-07-02,3.9501,3.6171,5,4
777267,2025-07-02,5.133,3.8512,5,4
777268,2025-07-02,4.2127,4.0946,6,0
777269,2025-07-02,4.4778,5.5451,3,5
777270,2025-07-02,4.8729,4.4491,5,6
777271,2025-07-02,4.4488,3.8894,6,5
777272,2025-07-02,4.0435,4.2854,5,0
777273,2025-07-02,4.5998,4.5424,4,6
777274,2025-07-02,4.0013,4.7854,11,9
777275,2025-07-02,4.2367,5.5422,1,2
777276,2025-07-02,4.2317,4.597,7,3
777277,2025-07-02,4.3232,5.0025,4,8
777279,2025-07-02,4.1019,4.1539,8,3
777284,2025-07-02,4.1748,5.0,2,11
777289,2025-07-02,4.1276,4.6049,2,7
777290,2025-07-02,4.2168,4.3029,5,1
777251,2025-07-03,3.7396,3.9501,2,3
777253,2025-07-03,5.3743,3.9786,6,2
777256,2025-07-03,4.3677,4.5204,2,7
777257,2025-07-03,4.4074,4.6709,3,2
777258,2025-07-03,3.9988,5.1635,11,7
777259,2025-07-03,4.1262,3.7009,1,0
777260,2025-07-03,4.3079,4.9251,8,5
777261,2025-07-03,4.2148,4.2197,1,5
777263,2025-07-03,4.131,5.3418,4,1
777264,2025-07-03,4.3804,5.4951,7,6
777235,2025-07-04,4.6306,3.994,1,18
777236,2025-07-04,4.123,3.5581,6,0
777239,2025-07-04,4.4384,3.8465,3,2
777242,2025-07-04,4.9484,4.358,4,3
777243,2025-07-04,5.0781,4.5369,2,3
777244,2025-07-04,4.2169,4.5518,11,2
777245,2025-07-04,4.3817,4.7255,2,11
777246,2025-07-04,4.3893,3.8263,11,3
777247,2025-07-04,4.4128,4.616,4,3
777248,2025-07-04,4.213,4.4452,3,9
777249,2025-07-04,4.273,4.2874,1,2
777250,2025-07-04,4.5142,4.8313,6,5
777252,2025-07-04,3.9887,4.2017,2,3
777254,2025-07-04,3.9601,5.5877,5,6
777255,2025-07-04,4.6118,4.1035,6,9
777221,2025-07-05,4.8045,4.2182,4,6
777223,2025-07-05,4.5161,3.9968,4,7
777225,2025-07-05,3.9126,3.7605,1,0
777227,2025-07-05,3.9924,4.5959,2,7
777228,2025-07-05,4.4665,5.0044,3,10
777229,2025-07-05,4.382,3.7915,6,8
777230,2025-07-05,4.3021,4.5435,6,5
777231,2025-07-05,4.8175,4.3768,4,3
777232,2025-07-05,5.0979,4.6118,3,10
777233,2025-07-05,4.4891,4.0647,5,1
777234,2025-07-05,4.4173,4.4636,7,1
777237,2025-07-05,4.2221,4.313,6,9
777238,2025-07-05,3.8389,5.3634,4,2
777240,2025-07-05,4.3314,4.5559,0,1
777241,2025-07-05,4.3267,4.4664,12,6
777205,2025-07-06,3.8954,3.6236,1,0
777206,2025-07-06,4.6602,4.4878,1,5
777207,2025-07-06,4.5258,3.709,4,1
777210,2025-07-06,4.0703,4.5239,2,6
777213,2025-07-06,4.0014,4.9339,4,6
777214,2025-07-06,4.754,4.4133,3,2
777215,2025-07-06,4.9045,4.5194,6,4
777216,2025-07-06,4.3098,4.4784,4,6
777217,2025-07-06,4.4091,3.7962,3,1
777218,2025-07-06,4.605,4.4773,0,4
777219,2025-07-06,4.4827,3.8923,11,0
777220,2025-07-06,4.2865,4.3281,5,7
777222,2025-07-06,4.0764,4.1215,1,2
777224,2025-07-06,4.0295,5.3869,1,3
777226,2025-07-06,3.9212,4.3263,2,7
777199,2025-07-07,3.8387,4.1914,3,1
777200,2025-07-07,4.2819,4.4635,6,5
777201,2025-07-07,4.0904,4.4441,9,1
777202,2025-07-07,4.2573,3.9239,5,7
777203,2025-07-07,4.6938,4.7969,3,6
777204,2025-07-07,4.1302,3.6537,9,3
777208,2025-07-07,4.629,4.1909,1,5
777209,2025-07-07,5.4504,4.2459,9,3
777211,2025-07-07,4.0504,4.3099,5,1
777212,2025-07-07,4.0586,4.3142,4,8
777180,2025-07-08,4.2765,4.5415,1,13
777185,2025-07-08,4.3734,4.4728,1,0
777186,2025-07-08,4.2341,4.0399,4,3
777187,2025-07-08,4.3411,4.661,10,3
777188,2025-07-08,3.8564,4.4934,1,6
777189,2025-07-08,4.0864,5.0867,10,1
777190,2025-07-08,4.8395,5.167,8,1
777191,2025-07-08,4.7791,4.0121,4,2
777192,2025-07-08,4.1009,3.5795,6,10
777193,2025-07-08,4.5317,4.447,3,1
777194,2025-07-08,4.1409,3.6046,4,3
777195,2025-07-08,4.126,4.2104,4,2
777196,2025-07-08,5.2809,4.1,10,2
777197,2025-07-08,4.4467,4.3822,2,12
777198,2025-07-08,4.6415,4.8485,6,7
777162,2025-07-09,4.502,4.5434,2,8
777163,2025-07-09,3.8414,4.2703,0,13
777171,2025-07-09,4.4154,4.6429,11,8
777172,2025-07-09,4.0507,4.393,2,1
777173,2025-07-09,4.9336,5.3503,4,2
777174,2025-07-09,4.3702,3.701,2,4
777175,2025-07-09,4.3546,4.4998,3,2
777176,2025-07-09,4.052,4.9595,2,9
777177,2025-07-09,4.1819,3.6377,4,3
777178,2025-07-09,4.3593,4.0908,2,8
777179,2025-07-09,5.3034,4.1383,10,2
777182,2025-07-09,4.3759,3.8906,3,7
777183,2025-07-09,4.5336,4.2789,7,2
777184,2025-07-09,4.9917,4.8882,9,6
777156,2025-07-10,3.8048,5.1007,5,4
777158,2025-07-10,4.5896,4.4862,4,3
777159,2025-07-10,4.4868,4.6787,4,11
777165,2025-07-10,4.6308,4.6967,3,1
777166,2025-07-10,4.8694,5.6175,1,8
777167,2025-07-10,4.6868,4.3372,8,1
777168,2025-07-10,4.752,4.3043,6,0
777169,2025-07-10,4.442,4.7822,6,5
777170,2025-07-10,4.6642,4.5972,4,3
777181,2025-07-10,4.6242,5.0168,7,3
777139,2025-07-11,4.0713,4.7551,4,2
777143,2025-07-11,4.2979,4.6137,8,7
777146,2025-07-11,3.8606,4.3225,5,4
777147,2025-07-11,3.8776,4.1754,5,6
777148,2025-07-11,4.0442,4.2116,2,1
777149,2025-07-11,4.764,3.9125,8,3
777150,2025-07-11,4.4725,5.0129,6,5
777151,2025-07-11,4.4255,4.413,3,8
777152,2025-07-11,4.035,4.9775,6,7
777153,2025-07-11,4.7524,4.6606,11,0
777154,2025-07-11,4.7486,4.0313,3,7
777155,2025-07-11,4.4886,4.4444,5,4
777157,2025-07-11,4.6675,4.3167,5,2
777160,2025-07-11,5.2471,3.9623,2,3
777161,2025-07-11,4.3689,4.1528,3,12
777164,2025-07-11,3.9802,4.266,2,4
777126,2025-07-12,3.9009,4.0909,5,4
777127,2025-07-12,4.1369,4.5511,1,2
777131,2025-07-12,4.3562,4.985,10,5
777132,2025-07-12,4.0212,4.6975,4,3
777133,2025-07-12,3.9647,4.3676,6,7
777134,2025-07-12,4.1052,4.2437,12,4
777135,2025-07-12,4.919,3.83,6,5
777136,2025-07-12,4.2978,4.3596,1,3
777137,2025-07-12,4.8383,3.9042,5,4
777138,2025-07-12,3.8629,4.2493,2,6
777140,2025-07-12,4.9377,3.9337,4,3
777141,2025-07-12,4.6124,4.2267,0,6
777142,2025-07-12,4.8587,4.6679,2,5
777144,2025-07-12,4.1817,4.1925,1,0
777145,2025-07-12,4.2571,4.4563,7,15
777113,2025-07-13,4.546,4.1997,1,2
777115,2025-07-13,4.3912,5.0631,1,5
777116,2025-07-13,4.0869,4.8125,6,3
777117,2025-07-13,3.9822,4.0689,1,2
777118,2025-07-13,4.0367,4.1945,5,4
777119,2025-07-13,4.0953,4.394,2,5
777120,2025-07-13,3.7057,4.3598,5,6
777121,2025-07-13,4.1209,4.6111,4,8
777122,2025-07-13,5.0472,4.7321,1,4
777123,2025-07-13,4.7188,3.8,8,1
777124,2025-07-13,4.4158,4.3319,3,2
777125,2025-07-13,4.8512,3.9155,1,5
777128,2025-07-13,5.1122,3.8688,4,2
777129,2025-07-13,4.447,4.2924,1,11
777130,2025-07-13,4.2064,4.277,4,1
777098,2025-07-18,3.9395,4.0032,2,0
777099,2025-07-18,3.9111,3.8406,6,1
777100,2025-07-18,4.857,4.7074,7,3
777101,2025-07-18,4.3869,4.5006,4,1
777102,2025-07-18,4.6085,5.706,6,4
777103,2025-07-18,4.5835,4.6342,0,2
777105,2025-07-18,4.6886,3.9543,8,6
777106,2025-07-18,5.264,3.8764,5,6
777107,2025-07-18,4.7457,3.7233,1,10
777108,2025-07-18,4.3866,4.3126,4,0
777109,2025-07-18,4.0022,4.5889,8,7
777110,2025-07-18,4.006,4.257,11,1
777111,2025-07-18,4.2859,3.7511,4,8
777112,2025-07-18,4.0342,4.9057,2,7
777114,2025-07-18,3.9832,4.3071,7,3
777080,2025-07-19,4.7442,5.6023,10,6
777081,2025-07-19,4.5841,4.8853,10,1
777085,2025-07-19,4.2597,4.7485,7,8
777086,2025-07-19,3.953,4.2579,7,6
777088,2025-07-19,4.1458,4.172,4,1
777089,2025-07-19,5.0296,4.1992,9,5
777090,2025-07-19,4.562,3.7406,4,10
777091,2025-07-19,3.9709,5.0508,4,2
777092,2025-07-19,4.2544,4.0399,2,5
777093,2025-07-19,3.963,4.5299,3,1
777094,2025-07-19,4.2374,4.3985,6,3
777095,2025-07-19,4.1987,4.2804,4,3
777096,2025-07-19,4.5189,4.2599,6,0
777097,2025-07-19,3.9389,4.6658,9,12
777104,2025-07-19,4.6397,4.1652,2,8
777067,2025-07-20,3.8417,3.8321,3,11
777070,2025-07-20,4.854,5.0333,5,6
777071,2025-07-20,4.6402,4.8752,5,3
777072,2025-07-20,4.4755,5.4693,1,7
777073,2025-07-20,3.8298,4.0124,1,2
777074,2025-07-20,4.5958,3.8738,2,7
777075,2025-07-20,4.1615,4.4209,1,6
777076,2025-07-20,4.0471,4.2186,3,5
777077,2025-07-20,4.0293,4.9876,1,8
777078,2025-07-20,4.9299,4.0643,2,8
777079,2025-07-20,4.3664,4.3506,8,6
777082,2025-07-20,3.8928,4.5456,4,7
777083,2025-07-20,3.9918,4.5441,2,4
777084,2025-07-20,4.6947,4.0006,8,2
777087,2025-07-20,4.2292,4.0105,3,2
777050,2025-07-21,3.7719,4.2281,0,6
777051,2025-07-21,4.8072,3.9247,5,2
777053,2025-07-21,4.5438,5.0313,2,6
777055,2025-07-21,4.8516,5.101,3,6
777057,2025-07-21,4.1681,3.9437,7,2
777059,2025-07-21,4.5844,3.6651,3,8
777060,2025-07-21,3.9465,4.2229,3,0
777061,2025-07-21,5.0087,4.2985,7,5
777062,2025-07-21,4.23,5.1847,1,2
777063,2025-07-21,5.1046,4.4345,3,2
777064,2025-07-21,4.1321,5.3543,10,8
777065,2025-07-21,3.9428,3.9524,4,12
777066,2025-07-21,4.4235,5.0204,4,1
777068,2025-07-21,4.7293,4.1697,10,5
777069,2025-07-21,4.0469,4.4471,9,5
777035,2025-07-22,3.8425,4.464,1,0
777039,2025-07-22,4.8872,3.9695,7,10
777040,2025-07-22,4.2619,5.15,1,3
777042,2025-07-22,4.0084,5.0787,6,1
777043,2025-07-22,3.886,3.7752,6,2
777044,2025-07-22,4.2206,4.2982,8,5
777045,2025-07-22,4.9129,4.1427,4,1
777046,2025-07-22,4.4524,4.8419,4,5
777047,2025-07-22,4.1585,4.1182,6,0
777048,2025-07-22,4.3927,3.7787,4,3
777049,2025-07-22,4.6976,4.9888,8,4
777052,2025-07-22,4.0724,4.9622,4,3
777054,2025-07-22,5.1386,4.0545,3,2
777056,2025-07-22,4.9157,4.1881,6,3
777058,2025-07-22,4.1467,4.1941,0,9
777022,2025-07-23,5.1112,4.0407,4,3
777024,2025-07-23,3.9513,4.5344,2,10
777026,2025-07-23,3.8425,4.8901,0,5
777027,2025-07-23,4.6375,4.8807,8,4
777028,2025-07-23,4.5963,4.8875,6,0
777029,2025-07-23,4.078,4.4596,6,1
777030,2025-07-23,4.4887,3.7249,9,11
777031,2025-07-23,4.095,4.1704,4,8
777032,2025-07-23,4.335,4.8163,3,4
777033,2025-07-23,4.3793,3.7732,2,1
777034,2025-07-23,4.9218,4.016,6,3
777036,2025-07-23,4.9535,4.2638,3,2
777037,2025-07-23,3.8214,5.1337,3,2
777038,2025-07-23,4.9433,4.4373,8,9
777041,2025-07-23,4.0568,4.0916,3,9
777018,2025-07-24,4.4192,4.7077,2,4
777019,2025-07-24,4.4554,4.3186,3,4
777021,2025-07-24,4.2223,3.9171,4,11
777023,2025-07-24,4.3995,4.2053,9,7
777025,2025-07-24,5.2786,4.1642,2,5
777004,2025-07-25,4.45,4.1972,1,8
777005,2025-07-25,4.1108,4.4449,3,0
777006,2025-07-25,4.2276,4.7066,3,2
777007,2025-07-25,5.164,3.8474,3,15
777008,2025-07-25,4.7611,3.9318,1,5
777009,2025-07-25,3.855,3.8288,8,3
777011,2025-07-25,5.0892,4.7418,1,0
777012,2025-07-25,4.3869,4.9276,2,5
777013,2025-07-25,4.306,4.3944,7,2
777014,2025-07-25,4.6163,4.5494,0,1
777015,2025-07-25,4.9805,4.5404,5,12
777016,2025-07-25,4.4546,3.9962,2,6
777017,2025-07-25,4.2563,5.0397,12,5
777020,2025-07-25,4.8914,4.0507,5,6
776985,2025-07-26,4.4758,4.1765,1,2
776990,2025-07-26,3.8786,3.646,4,6
776991,2025-07-26,4.9278,3.961,1,5
776992,2025-07-26,4.36,4.2876,1,3
776993,2025-07-26,3.8981,4.0006,6,5
776994,2025-07-26,4.0977,5.1839,1,6
776995,2025-07-26,4.2726,4.7166,2,7
776996,2025-07-26,4.8313,3.9879,4,7
776997,2025-07-26,5.271,4.3681,3,9
776998,2025-07-26,4.7707,5.0471,4,2
776999,2025-07-26,4.9468,3.9777,18,0
777000,2025-07-26,4.0698,4.2707,6,2
777001,2025-07-26,4.9065,4.6196,4,9
777002,2025-07-26,4.5898,4.9766,2,0
777003,2025-07-26,4.1737,3.7863,1,6
777010,2025-07-26,3.8523,3.8148,5,3
776974,2025-07-27,4.1834,4.4069,3,5
776975,2025-07-27,3.7422,3.7759,4,1
776976,2025-07-27,4.9438,3.9956,1,7
776977,2025-07-27,4.1666,4.7446,4,1
776978,2025-07-27,4.4376,4.0448,3,2
776979,2025-07-27,5.1429,4.569,2,7
776980,2025-07-27,4.3123,4.2929,2,9
776981,2025-07-27,4.0014,3.9689,8,1
776982,2025-07-27,4.1004,4.3516,2,1
776983,2025-07-27,4.771,5.1232,4,3
776984,2025-07-27,4.3247,4.6464,6,0
776986,2025-07-27,5.0346,4.2101,5,1
776987,2025-07-27,4.0962,3.9623,10,4
776988,2025-07-27,4.1881,4.3867,4,3
776989,2025-07-27,4.25,5.0016,4,5
776957,2025-07-28,4.2678,4.7678,1,3
776958,2025-07-28,4.3363,4.8307,6,4
776959,2025-07-28,4.4567,4.1514,7,6
776960,2025-07-28,4.5773,4.2025,7,1
776961,2025-07-28,4.4687,4.6645,5,4
776964,2025-07-28,4.2917,3.8118,5,6
776965,2025-07-28,4.4341,4.2688,8,4
776966,2025-07-28,4.4612,4.7244,11,4
776967,2025-07-28,4.1985,4.7784,2,5
776968,2025-07-28,4.899,3.6369,6,8
776969,2025-07-28,4.7968,3.7185,1,2
776970,2025-07-28,4.3848,4.141,2,4
776971,2025-07-28,3.8246,4.2311,7,10
776972,2025-07-28,3.7871,4.742,6,2
776973,2025-07-28,4.3761,4.7229,5,1
776943,2025-07-29,4.3459,3.8356,1,3
776944,2025-07-29,4.4389,4.8759,6,1
776945,2025-07-29,4.5209,4.6601,8,5
776946,2025-07-29,4.5207,4.1607,0,5
776947,2025-07-29,4.0601,4.5823,7,1
776949,2025-07-29,4.36,4.0334,7,5
776950,2025-07-29,4.7342,4.2798,7,4
776951,2025-07-29,5.0098,3.7856,10,4
776952,2025-07-29,3.7783,4.4761,3,6
776953,2025-07-29,4.5639,4.5045,12,2
776954,2025-07-29,4.6405,4.9364,5,8
776955,2025-07-29,4.2354,4.2376,9,6
776956,2025-07-29,4.5667,4.3138,9,3
776962,2025-07-29,4.8251,4.5865,3,2
776963,2025-07-29,4.0998,4.5713,4,5
778372,2025-07-29,4.938,4.6145,16,4
776929,2025-07-30,4.7774,4.1755,3,10
776930,2025-07-30,4.1269,4.7961,5,4
776931,2025-07-30,4.5132,4.449,5,0
776932,2025-07-30,4.326,4.7736,3,6
776933,2025-07-30,4.0587,3.8241,1,2
776934,2025-07-30,4.5477,4.1235,0,2
776935,2025-07-30,4.7952,4.836,1,13
776936,2025-07-30,4.0609,4.2299,1,0
776937,2025-07-30,4.6837,4.1051,9,1
776938,2025-07-30,4.4549,4.0235,5,4
776939,2025-07-30,4.073,4.3221,9,3
776940,2025-07-30,4.5917,4.4635,7,2
776941,2025-07-30,4.1513,4.8342,5,2
776942,2025-07-30,5.0223,3.7455,5,0
776948,2025-07-30,4.9304,4.4666,8,9
776923,2025-07-31,4.3644,3.7009,6,0
776927,2025-07-31,4.5356,4.2382,7,4
776928,2025-07-31,4.1945,4.3875,11,12
776906,2025-08-01,4.4678,3.8556,4,1
776908,2025-08-01,4.176,3.7132,4,3
776913,2025-08-01,4.201,4.39,5,4
776914,2025-08-01,4.3273,5.1017,5,1
776915,2025-08-01,4.5432,4.0733,1,0
776916,2025-08-01,4.5451,4.4365,3,6
776917,2025-08-01,4.1544,5.2931,9,16
776918,2025-08-01,4.4087,4.4289,0,5
776919,2025-08-01,4.7598,4.9022,17,16
776920,2025-08-01,4.7025,4.4564,3,9
776921,2025-08-01,4.2146,4.3947,3,2
776922,2025-08-01,4.0624,4.899,2,1
776924,2025-08-01,4.1611,3.87,3,2
776925,2025-08-01,4.0515,5.1994,13,12
776926,2025-08-01,4.473,4.4571,3,4
776896,2025-08-02,4.5915,3.9415,5,8
776897,2025-08-02,4.3038,3.8105,4,6
776898,2025-08-02,4.555,4.3755,0,1
776899,2025-08-02,4.3456,4.9527,2,7
776900,2025-08-02,4.3296,4.4871,4,2
776901,2025-08-02,4.2492,4.3078,4,0
776902,2025-08-02,4.9644,4.1624,3,4
776903,2025-08-02,4.0186,5.2072,2,8
776904,2025-08-02,4.2075,4.7724,8,5
776905,2025-08-02,4.3795,3.9325,5,4
776907,2025-08-02,4.1057,4.5269,2,4
776909,2025-08-02,4.6173,4.8706,7,3
776910,2025-08-02,4.0511,4.9285,2,0
776911,2025-08-02,4.5136,4.3139,12,6
776912,2025-08-02,4.1219,4.1809,5,7
776881,2025-08-03,4.565,5.0815,4,6
776883,2025-08-03,4.1291,4.1077,5,4
776884,2025-08-03,4.5867,3.9274,7,3
776885,2025-08-03,4.5466,4.5211,8,5
776886,2025-08-03,4.4658,4.6972,5,9
776887,2025-08-03,4.5491,4.3563,4,12
776888,2025-08-03,4.789,4.2773,5,3
776889,2025-08-03,4.0559,4.3606,0,3
776890,2025-08-03,4.6096,4.1372,2,0
776891,2025-08-03,4.0078,4.9746,7,3
776892,2025-08-03,4.5068,3.8713,4,5
776893,2025-08-03,4.6645,4.4874,4,7
776894,2025-08-03,4.1707,5.1227,3,14
776895,2025-08-03,4.0904,4.7127,6,1
776867,2025-08-04,4.1735,4.4525,5,1
776870,2025-08-04,5.134,4.2374,2,3
776871,2025-08-04,4.1113,4.2642,8,5
776872,2025-08-04,4.6249,4.9961,1,15
776873,2025-08-04,4.3989,5.0531,6,2
776874,2025-08-04,4.5545,3.9635,6,3
776875,2025-08-04,4.1175,5.2375,2,8
776876,2025-08-04,4.334,3.7292,6,7
776877,2025-08-04,4.9517,4.5072,13,3
776878,2025-08-04,3.942,3.8046,2,3
776879,2025-08-04,4.2312,4.6658,5,4
776880,2025-08-04,4.5564,4.4035,8,5
776882,2025-08-04,3.9135,4.7567,1,3
776848,2025-08-05,4.0627,4.4571,3,7
776852,2025-08-05,4.6955,5.0611,5,10
776854,2025-08-05,4.8859,5.7315,4,10
776855,2025-08-05,4.2703,4.2076,2,0
776857,2025-08-05,4.3269,3.5689,8,3
776858,2025-08-05,5.0532,4.1432,12,6
776860,2025-08-05,4.1197,3.7889,1,5
776861,2025-08-05,4.1858,3.9383,3,6
776862,2025-08-05,3.9655,5.0769,3,7
776863,2025-08-05,4.354,3.8941,2,3
776864,2025-08-05,4.5359,4.5746,6,2
776865,2025-08-05,4.3836,4.718,7,16
776866,2025-08-05,4.1928,4.3553,1,8
776868,2025-08-05,5.1407,4.3984,5,0
776869,2025-08-05,3.9003,4.4443,2,7
776836,2025-08-06,4.9259,5.5941,1,20
776838,2025-08-06,4.9198,4.9206,2,3
776839,2025-08-06,5.2243,4.1278,3,5
776841,2025-08-06,4.4362,3.5833,8,6
776843,2025-08-06,4.0177,4.4128,4,5
776844,2025-08-06,4.1558,4.7279,2,4
776845,2025-08-06,3.9954,4.4635,2,3
776846,2025-08-06,4.219,3.9181,1,4
776847,2025-08-06,4.0395,3.8498,6,1
776849,2025-08-06,4.1319,5.0807,6,4
776850,2025-08-06,4.2472,4.7548,2,1
776851,2025-08-06,4.9258,4.3703,1,5
776853,2025-08-06,4.0329,4.5227,4,5
776856,2025-08-06,4.6157,4.508,3,7
776859,2025-08-06,4.3352,3.7813,4,9
776830,2025-08-07,4.374,3.6153,4,3
776837,2025-08-07,4.2397,4.7495,0,6
776840,2025-08-07,3.9099,3.9039,7,0
776842,2025-08-07,4.1682,4.055,8,6
776820,2025-08-08,4.4789,4.1361,2,10
776821,2025-08-08,3.8455,3.9495,1,9
776822,2025-08-08,4.6774,4.0499,5,0
776823,2025-08-08,4.9561,4.5108,5,1
776824,2025-08-08,3.976,3.7544,3,2
776825,2025-08-08,5.5659,4.3263,6,1
776826,2025-08-08,4.3381,4.5459,5,0
776827,2025-08-08,4.3177,4.4819,9,4
776828,2025-08-08,4.6602,4.2613,3,2
776829,2025-08-08,3.7875,4.1237,3,2
776831,2025-08-08,5.4737,4.4343,3,2
776832,2025-08-08,4.8384,3.9036,6,5
776833,2025-08-08,3.8767,4.287,5,9
776834,2025-08-08,4.1779,4.0593,1,5
776835,2025-08-08,4.194,4.1028,3,5
776802,2025-08-09,4.6997,3.9484,2,4
776805,2025-08-09,4.2437,3.8403,7,4
776807,2025-08-09,4.4691,4.4849,5,4
776808,2025-08-09,5.1358,4.3764,9,1
776809,2025-08-09,5.2665,4.374,6,5
776810,2025-08-09,3.9544,3.9264,2,3
776811,2025-08-09,4.7068,4.3443,3,11
776812,2025-08-09,4.0703,4.0615,1,2
776813,2025-08-09,4.5474,4.0707,4,7
776814,2025-08-09,3.7832,4.2623,1,3
776815,2025-08-09,4.1928,4.1364,5,4
776816,2025-08-09,4.1225,4.638,0,2
776817,2025-08-09,4.2978,4.4603,7,4
776818,2025-08-09,4.4378,4.5281,1,9
776819,2025-08-09,4.3049,3.9698,8,6
778431,2025-08-09,4.2491,4.0348,7,1
776788,2025-08-10,5.047,4.3257,4,5
776789,2025-08-10,4.5507,4.2505,6,2
776791,2025-08-10,4.1885,3.665,6,3
776793,2025-08-10,4.4903,3.7587,0,8
776794,2025-08-10,5.6264,4.253,13,6
776795,2025-08-10,4.4116,4.4133,3,2
776796,2025-08-10,4.2496,4.52,5,3
776797,2025-08-10,4.5056,4.1958,1,7
776798,2025-08-10,4.0381,4.2295,6,4
776799,2025-08-10,4.5737,4.2658,7,6
776800,2025-08-10,3.8713,4.1618,2,4
776801,2025-08-10,4.1933,4.0236,8,14
776803,2025-08-10,4.3179,3.8925,7,1
776804,2025-08-10,5.4194,4.5159,2,3
776806,2025-08-10,4.7106,4.0347,9,5
776779,2025-08-11,3.9606,5.1405,7,4
776780,2025-08-11,3.9906,4.1949,1,4
776781,2025-08-11,4.1741,4.683,1,2
776782,2025-08-11,4.5589,4.5794,7,6
776783,2025-08-11,4.8152,3.741,3,2
776784,2025-08-11,4.0504,4.0599,7,4
776785,2025-08-11,4.3235,4.079,7,6
776786,2025-08-11,4.698,3.8402,7,1
776787,2025-08-11,4.2048,4.3384,4,7
776790,2025-08-11,4.7242,4.1703,6,2
776792,2025-08-11,4.2955,4.5265,1,4
776762,2025-08-12,4.0297,4.3405,6,0
776763,2025-08-12,4.1319,5.2019,7,6
776764,2025-08-12,4.4658,4.1908,2,3
776767,2025-08-12,4.0074,4.1226,1,5
776768,2025-08-12,4.8052,5.2281,5,1
776769,2025-08-12,4.5782,4.3373,1,14
776770,2025-08-12,4.6852,3.8942,8,5
776771,2025-08-12,4.0452,3.6962,14,0
776772,2025-08-12,4.2411,4.2833,13,5
776773,2025-08-12,3.8419,4.7165,9,6
776774,2025-08-12,4.7313,4.0049,9,1
776775,2025-08-12,4.629,3.7052,0,3
776776,2025-08-12,4.4315,4.5277,0,1
776777,2025-08-12,4.2906,4.5822,6,1
776778,2025-08-12,4.7297,3.8789,4,3
776746,2025-08-13,4.3851,4.3506,4,6
776749,2025-08-13,3.9012,4.3787,1,11
776751,2025-08-13,4.1082,4.3893,2,8
776752,2025-08-13,4.0165,5.2114,6,5
776753,2025-08-13,4.5471,4.4083,4,1
776754,2025-08-13,4.032,4.4749,0,1
776755,2025-08-13,4.6389,3.5896,12,5
776756,2025-08-13,4.4337,4.1771,6,11
776757,2025-08-13,4.8303,5.3839,1,4
776758,2025-08-13,4.5962,3.7391,5,6
776759,2025-08-13,4.6591,3.9309,7,8
776760,2025-08-13,4.7324,3.8861,1,4
776761,2025-08-13,4.3001,4.5163,4,3
776765,2025-08-13,3.8864,4.8404,8,0
776766,2025-08-13,4.575,4.0345,4,13
776742,2025-08-14,5.0651,5.7341,2,8
776743,2025-08-14,4.0191,4.7269,3,2
776744,2025-08-14,3.8819,4.806,3,4
776745,2025-08-14,4.3906,4.0372,9,4
776747,2025-08-14,4.7331,5.0015,2,1
776748,2025-08-14,4.5051,4.1418,3,4
776750,2025-08-14,4.8415,4.8252,5,3
776727,2025-08-15,4.6894,4.5491,3,2
776728,2025-08-15,4.3687,3.7353,3,1
776729,2025-08-15,4.0628,4.0663,6,7
776730,2025-08-15,4.9152,5.6867,4,3
776731,2025-08-15,4.1003,4.7241,3,4
776732,2025-08-15,4.0829,4.7542,0,7
776733,2025-08-15,4.6177,4.168,0,7
776734,2025-08-15,4.4315,4.5791,10,3
776735,2025-08-15,4.4283,4.5406,6,5
776736,2025-08-15,4.6957,4.3876,9,11
776737,2025-08-15,4.0898,3.672,2,3
776738,2025-08-15,4.3767,4.2783,0,2
776739,2025-08-15,3.8827,4.6939,2,6
776740,2025-08-15,4.3374,5.0888,8,10
776741,2025-08-15,5.0845,4.3707,2,1
776711,2025-08-16,4.355,4.0548,1,2
776712,2025-08-16,4.2204,3.8758,6,2
776713,2025-08-16,4.1604,4.6311,8,12
776715,2025-08-16,4.8156,5.793,10,7
776716,2025-08-16,4.4731,4.5732,5,8
776717,2025-08-16,4.2009,4.2738,6,0
776718,2025-08-16,4.6399,4.6677,7,2
776719,2025-08-16,4.0336,3.6148,3,1
776720,2025-08-16,4.3532,4.2477,1,10
776721,2025-08-16,4.2129,4.7609,5,6
776722,2025-08-16,4.6889,4.6251,5,4
776723,2025-08-16,4.6453,4.4648,14,2
776724,2025-08-16,5.0828,4.3012,7,5
776725,2025-08-16,4.186,4.7952,2,0
776726,2025-08-16,4.6712,4.971,3,1
776697,2025-08-17,4.4554,4.3331,5,4
776698,2025-08-17,4.1184,4.8218,4,8
776699,2025-08-17,4.5012,4.3849,5,11
776700,2025-08-17,4.5008,4.8229,8,1
776701,2025-08-17,4.906,5.3916,6,5
776702,2025-08-17,4.5137,3.698,6,2
776703,2025-08-17,4.0646,3.8728,7,1
776704,2025-08-17,4.2777,3.7418,4,3
776705,2025-08-17,4.7854,4.1369,0,12
776706,2025-08-17,4.3538,4.3486,4,5
776707,2025-08-17,4.6973,4.7912,7,3
776708,2025-08-17,4.1665,4.8754,9,11
776709,2025-08-17,4.2312,4.9272,3,2
776710,2025-08-17,4.7834,4.5286,4,10
776714,2025-08-17,5.1597,4.1921,3,5
776681,2025-08-18,4.0356,5.0337,1,4
776682,2025-08-18,4.2045,4.7423,1,3
776683,2025-08-18,4.2656,4.3894,3,4
776688,2025-08-18,4.4566,4.6424,3,8
776689,2025-08-18,4.864,4.5277,12,7
776690,2025-08-18,4.2716,3.9173,4,3
776692,2025-08-18,4.1375,4.1692,10,0
776693,2025-08-18,4.2845,6.1979,4,3
776694,2025-08-18,4.089,4.0105,5,2
776695,2025-08-18,4.8454,4.4536,3,6
776696,2025-08-18,4.3953,3.731,9,13
777459,2025-08-18,3.8819,4.3162,0,7
776667,2025-08-19,4.4244,4.2286,5,1
776668,2025-08-19,3.9191,4.9467,4,6
776671,2025-08-19,4.4856,5.9501,4,11
776672,2025-08-19,4.4212,4.8156,6,5
776674,2025-08-19,4.545,4.3615,3,6
776675,2025-08-19,4.5823,4.0905,5,2
776676,2025-08-19,3.8074,4.4949,4,1
776677,2025-08-19,3.9347,4.3636,3,13
776678,2025-08-19,4.3653,5.0013,1,8
776679,2025-08-19,4.2317,4.2242,3,7
776680,2025-08-19,5.3049,4.432,6,4
776684,2025-08-19,5.031,4.7317,3,4
776685,2025-08-19,4.1646,3.8779,1,0
776686,2025-08-19,4.3297,4.6995,4,7
776687,2025-08-19,4.3922,3.9517,11,10
776691,2025-08-19,4.0041,4.46,6,4
776652,2025-08-20,4.0077,5.1372,2,1
776656,2025-08-20,4.1628,4.4156,8,1
776658,2025-08-20,4.5829,4.801,3,2
776659,2025-08-20,4.3557,5.0683,5,4
776660,2025-08-20,4.2821,5.9956,8,3
776661,2025-08-20,4.1843,4.2956,2,1
776662,2025-08-20,4.9992,4.3981,11,2
776663,2025-08-20,3.7793,4.4401,4,3
776664,2025-08-20,4.1113,4.4602,4,6
776665,2025-08-20,4.5467,4.5352,2,4
776666,2025-08-20,4.498,3.9461,3,6
776669,2025-08-20,4.4403,3.9051,1,0
776670,2025-08-20,4.3287,4.7717,6,2
776673,2025-08-20,4.2042,3.911,7,2
776631,2025-08-21,4.2764,4.0183,4,7
776642,2025-08-21,4.3054,4.1004,8,4
776644,2025-08-21,4.6941,6.3432,5,9
776650,2025-08-21,4.3373,4.9462,9,3
776651,2025-08-21,4.0999,4.3638,1,4
776653,2025-08-21,4.4936,4.4431,3,8
776654,2025-08-21,4.9369,4.5468,3,6
776655,2025-08-21,4.418,4.6588,2,7
776657,2025-08-21,4.3368,3.854,6,4
776633,2025-08-22,4.3811,4.0059,10,6
776634,2025-08-22,4.7101,4.285,5,4
776635,2025-08-22,4.612,5.0698,6,5
776636,2025-08-22,4.2128,4.3046,2,1
776637,2025-08-22,4.6886,3.7407,9,0
776638,2025-08-22,4.2368,3.9478,3,2
776639,2025-08-22,3.9468,4.4533,7,9
776640,2025-08-22,4.3396,5.2634,2,3
776641,2025-08-22,4.1131,3.6988,4,3
776643,2025-08-22,4.3649,4.5969,7,10
776645,2025-08-22,4.1599,4.3477,7,12
776646,2025-08-22,4.2425,5.2397,2,5
776647,2025-08-22,4.8603,4.5883,0,1
776648,2025-08-22,5.0875,4.2065,4,5
776649,2025-08-22,4.0123,4.2652,7,5
776617,2025-08-23,4.176,4.3995,5,1
776618,2025-08-23,4.317,5.1317,1,12
776619,2025-08-23,4.1616,4.4649,7,3
776620,2025-08-23,4.192,3.8967,1,2
776621,2025-08-23,4.5251,4.2841,1,7
776622,2025-08-23,4.442,5.2348,10,1
776623,2025-08-23,4.0577,3.6746,10,0
776625,2025-08-23,4.2011,4.2537,4,2
776626,2025-08-23,4.5084,4.3844,2,9
776627,2025-08-23,4.5968,4.4644,1,12
776628,2025-08-23,5.6464,4.1298,6,4
776629,2025-08-23,4.4116,4.5255,8,9
776630,2025-08-23,4.2297,5.135,6,7
776632,2025-08-23,4.6166,3.776,5,1
776602,2025-08-24,4.036,3.9435,11,4
776603,2025-08-24,4.222,4.3138,2,8
776605,2025-08-24,4.4399,5.1665,3,4
776606,2025-08-24,4.4005,3.9151,7,2
776607,2025-08-24,4.2553,4.5017,8,0
776608,2025-08-24,4.3525,4.3457,3,4
776609,2025-08-24,4.5781,5.0763,1,6
776610,2025-08-24,4.5703,3.8112,4,0
776611,2025-08-24,3.9568,3.7278,5,0
776612,2025-08-24,4.3735,4.4565,3,2
776613,2025-08-24,5.4262,4.1041,3,2
776614,2025-08-24,4.2147,5.1837,5,3
776615,2025-08-24,4.3006,4.1471,8,10
776616,2025-08-24,4.6289,4.5834,7,2
776624,2025-08-24,4.2726,4.6253,4,3
776589,2025-08-25,3.9828,3.9751,7,6
776590,2025-08-25,3.9087,5.0166,8,3
776592,2025-08-25,4.4025,3.8542,0,4
776593,2025-08-25,4.8358,4.4331,7,5
776594,2025-08-25,4.2555,4.0454,7,0
776595,2025-08-25,3.9945,4.1687,9,6
776596,2025-08-25,4.6017,4.6021,10,4
776597,2025-08-25,4.8792,4.0696,10,5
776598,2025-08-25,4.3342,4.2902,13,3
776599,2025-08-25,3.9651,4.3847,7,0
776600,2025-08-25,4.011,4.8381,2,1
776601,2025-08-25,4.0794,4.0599,0,9
776604,2025-08-25,4.8351,4.7433,3,4
776573,2025-08-26,3.9708,4.951,7,6
776574,2025-08-26,4.6732,4.1124,6,3
776575,2025-08-26,4.2735,4.0725,7,3
776576,2025-08-26,4.1893,4.4265,5,2
776577,2025-08-26,3.7976,4.1693,6,7
776578,2025-08-26,4.4105,3.9996,3,8
776581,2025-08-26,3.9928,5.0256,2,11
776582,2025-08-26,4.9897,4.6393,5,7
776583,2025-08-26,3.9816,4.5414,4,5
776584,2025-08-26,4.1423,4.111,3,0
776585,2025-08-26,4.3581,4.2164,6,5
776586,2025-08-26,5.0982,4.4704,9,8
776587,2025-08-26,5.049,3.8179,1,6
776588,2025-08-26,4.9697,4.1393,5,1
776591,2025-08-26,4.8137,5.0644,0,5
776557,2025-08-27,4.1818,4.6469,12,3
776559,2025-08-27,4.2562,4.9521,7,0
776561,2025-08-27,3.9227,3.9176,4,3
776562,2025-08-27,4.6174,4.0755,5,1
776563,2025-08-27,4.3095,4.0476,20,3
776565,2025-08-27,4.0693,5.1092,1,12
776566,2025-08-27,4.6761,4.0983,6,0
776567,2025-08-27,5.0436,4.5637,9,8
776568,2025-08-27,4.2022,3.8766,1,2
776569,2025-08-27,3.8752,4.5013,1,12
776570,2025-08-27,5.2421,4.0121,11,2
776571,2025-08-27,4.7828,3.8671,4,0
776572,2025-08-27,4.7419,4.438,2,3
776579,2025-08-27,4.7272,4.9471,2,3
776580,2025-08-27,4.192,4.1526,4,3
776550,2025-08-28,4.1508,4.4386,4,3
776553,2025-08-28,4.8966,4.824,4,6
776554,2025-08-28,4.1204,3.996,4,1
776555,2025-08-28,4.9959,4.142,4,3
776556,2025-08-28,4.0051,5.1347,4,10
776558,2025-08-28,5.0453,4.0021,4,7
776560,2025-08-28,4.7949,4.5623,19,4
776564,2025-08-28,4.3104,4.8797,2,3
776533,2025-08-29,4.1985,4.3254,15,8
776534,2025-08-29,5.0079,4.5788,0,3
776538,2025-08-29,4.511,4.8264,2,5
776540,2025-08-29,4.329,4.2286,3,5
776541,2025-08-29,4.5093,4.8732,7,4
776542,2025-08-29,4.5558,5.9089,7,11
776543,2025-08-29,4.8514,4.3422,2,0
776544,2025-08-29,3.9688,5.0032,2,10
776545,2025-08-29,4.2412,4.6376,1,4
776546,2025-08-29,4.3013,4.8768,2,7
776547,2025-08-29,4.4261,4.6611,5,4
776548,2025-08-29,4.8029,4.1372,19,9
776549,2025-08-29,4.4293,4.2996,2,4
776551,2025-08-29,4.6357,4.3352,5,7
776552,2025-08-29,4.5888,4.3981,2,1
776516,2025-08-30,4.1742,4.4365,1,11
776523,2025-08-30,5.1025,4.6974,1,6
776524,2025-08-30,4.6746,4.9392,3,9
776525,2025-08-30,4.1364,4.6429,1,4
776526,2025-08-30,4.7764,6.1113,3,4
776527,2025-08-30,4.5188,5.0157,1,4
776528,2025-08-30,3.9787,4.1921,3,1
776529,2025-08-30,3.9215,4.9309,3,5
776530,2025-08-30,4.3502,4.8368,3,12
776531,2025-08-30,4.8904,4.4409,1,4
776532,2025-08-30,4.4193,4.3144,3,2
776535,2025-08-30,4.8212,4.031,8,11
776536,2025-08-30,4.5212,4.2652,2,4
776537,2025-08-30,4.23,4.6328,4,3
776539,2025-08-30,4.322,4.3981,3,10
776507,2025-08-31,4.3996,4.4511,13,2
776508,2025-08-31,4.3555,4.8809,6,9
776509,2025-08-31,5.0932,4.6682,5,4
776510,2025-08-31,4.7532,4.1562,0,3
776511,2025-08-31,4.6183,5.949,6,5
776512,2025-08-31,3.8639,4.2,0,5
776513,2025-08-31,4.2441,4.7794,7,2
776514,2025-08-31,4.0057,4.8156,3,2
776515,2025-08-31,4.34,5.04,8,4
776517,2025-08-31,4.6707,4.195,5,2
776518,2025-08-31,4.7051,4.2024,7,4
776519,2025-08-31,4.744,3.9884,1,5
776520,2025-08-31,4.1004,4.4879,4,7
776521,2025-08-31,4.5885,4.7179,2,4
776522,2025-08-31,4.466,4.2235,1,3
776492,2025-09-01,4.7017,4.9699,2,8
776494,2025-09-01,4.1181,4.1853,3,4
776495,2025-09-01,5.29,4.8192,5,7
776497,2025-09-01,4.4815,4.1237,3,11
776498,2025-09-01,4.3941,4.6519,2,0
776499,2025-09-01,4.7731,4.4288,8,3
776500,2025-09-01,4.5936,4.0844,8,10
776501,2025-09-01,4.3859,4.2858,8,10
776502,2025-09-01,4.9913,4.1047,5,6
776503,2025-09-01,4.3499,4.2238,5,4
776504,2025-09-01,4.3102,4.7559,10,2
776505,2025-09-01,4.276,4.2886,6,4
776506,2025-09-01,4.0441,4.2357,7,6
776480,2025-09-02,4.6597,4.2781,2,6
776481,2025-09-02,5.168,4.7861,5,3
776482,2025-09-02,4.42,4.5602,5,2
776483,2025-09-02,4.3156,4.3739,2,1
776484,2025-09-02,4.8865,4.1694,3,12
776485,2025-09-02,4.1776,4.3846,6,5
776486,2025-09-02,4.4578,5.0494,4,7
776487,2025-09-02,4.2751,4.0464,4,3
776488,2025-09-02,4.6926,4.0903,1,5
776489,2025-09-02,4.2114,4.5793,1,7
776490,2025-09-02,4.425,4.5136,5,12
776491,2025-09-02,4.4656,4.475,9,12
776493,2025-09-02,4.9303,4.052,11,7
776496,2025-09-02,4.3066,4.4099,9,7
776465,2025-09-03,4.3363,4.2504,5,7
776466,2025-09-03,4.7441,4.0276,3,4
776467,2025-09-03,4.5501,5.2069,8,10
776468,2025-09-03,4.9468,4.9861,2,0
776469,2025-09-03,4.6356,4.2158,3,4
776470,2025-09-03,4.3207,4.4355,5,1
776471,2025-09-03,4.3234,4.4271,6,3
776472,2025-09-03,4.1495,4.7497,8,7
776473,2025-09-03,4.1686,3.9568,1,5
776474,2025-09-03,4.4191,4.4844,1,8
776475,2025-09-03,4.3124,4.486,9,13
776476,2025-09-03,4.2773,4.6471,9,4
776477,2025-09-03,4.3928,4.678,10,5
776478,2025-09-03,4.5123,4.4482,6,2
776479,2025-09-03,4.014,4.3442,3,0
776458,2025-09-04,4.1267,3.6893,4,2
776459,2025-09-04,4.2913,4.2358,0,2
776461,2025-09-04,4.0365,4.341,5,3
776462,2025-09-04,4.4917,4.2681,8,11
776463,2025-09-04,4.6267,4.0942,4,3
776464,2025-09-04,4.2095,4.4399,4,8
776442,2025-09-05,4.4858,5.6207,3,0
776444,2025-09-05,4.4383,4.732,4,10
776445,2025-09-05,4.2982,4.643,2,8
776446,2025-09-05,4.4517,3.639,2,1
776448,2025-09-05,4.3258,5.1635,10,5
776449,2025-09-05,4.232,3.8741,4,3
776450,2025-09-05,4.3665,4.6288,4,5
776451,2025-09-05,4.0089,3.7981,1,7
776452,2025-09-05,4.6414,3.9383,5,7
776453,2025-09-05,4.0601,4.5606,2,5
776454,2025-09-05,4.1294,4.8491,2,1
776455,2025-09-05,4.8034,3.8785,11,5
776456,2025-09-05,3.9449,5.0531,3,9
776457,2025-09-05,4.7597,4.1565,1,7
776460,2025-09-05,4.1321,4.3402,4,1
776424,2025-09-06,4.7804,5.1122,5,1
776430,2025-09-06,4.2877,4.6932,4,17
776431,2025-09-06,4.6926,5.7677,8,10
776432,2025-09-06,4.1719,3.7737,0,11
776433,2025-09-06,3.9318,4.7328,2,4
776434,2025-09-06,4.0441,3.8345,11,2
776435,2025-09-06,4.8368,3.8955,6,0
776436,2025-09-06,4.7787,4.122,3,1
776437,2025-09-06,4.1099,4.6859,3,2
776438,2025-09-06,4.1114,3.7895,2,3
776439,2025-09-06,4.5191,4.5815,6,3
776440,2025-09-06,4.6724,3.7256,1,2
776441,2025-09-06,3.8448,4.7456,1,4
776443,2025-09-06,4.1577,4.7273,4,3
776447,2025-09-06,4.4301,4.6373,2,10
776414,2025-09-07,4.3272,4.7136,4,3
776415,2025-09-07,4.6517,5.0404,4,7
776416,2025-09-07,4.1122,4.5845,4,3
776417,2025-09-07,4.4183,5.5326,1,8
776418,2025-09-07,4.0808,4.068,4,2
776419,2025-09-07,3.772,4.8123,2,10
776420,2025-09-07,4.8644,3.7485,3,6
776421,2025-09-07,4.1179,3.7774,1,2
776422,2025-09-07,4.3938,3.6069,1,5
776423,2025-09-07,4.9815,4.0978,4,3
776425,2025-09-07,4.8789,3.9708,4,6
776426,2025-09-07,4.1496,4.7038,5,4
776427,2025-09-07,4.6365,5.0407,2,5
776428,2025-09-07,4.2387,4.787,2,18
776429,2025-09-07,4.591,4.6813,3,2
776399,2025-09-08,4.6467,4.6857,11,5
776400,2025-09-08,4.5979,3.8476,4,2
776405,2025-09-08,4.4175,4.716,1,0
776406,2025-09-08,4.1948,4.5604,5,0
776407,2025-09-08,4.3245,3.8832,4,3
776408,2025-09-08,5.4117,3.6939,3,1
776409,2025-09-08,4.2012,5.2333,7,15
776410,2025-09-08,4.0321,4.9745,0,7
776411,2025-09-08,4.2076,5.1546,3,12
776412,2025-09-08,4.3911,4.6639,4,1
776413,2025-09-08,3.9338,4.4913,10,2
776388,2025-09-09,4.0418,4.2638,4,5
776389,2025-09-09,5.6188,3.6785,7,2
776390,2025-09-09,4.0774,5.5529,12,2
776391,2025-09-09,4.4107,3.9213,5,3
776392,2025-09-09,4.3091,4.0541,2,4
776393,2025-09-09,4.548,4.5832,4,3
776394,2025-09-09,4.6445,4.6005,5,3
776395,2025-09-09,4.2491,4.4062,5,4
776396,2025-09-09,4.19,5.0966,0,6
776397,2025-09-09,4.6311,5.2671,5,7
776398,2025-09-09,4.6081,4.1509,2,12
776401,2025-09-09,4.4047,4.122,3,2
776402,2025-09-09,4.1899,4.8843,1,6
776403,2025-09-09,4.1787,4.3032,2,0
776404,2025-09-09,4.6188,4.4734,9,3
776373,2025-09-10,4.4684,3.7372,4,2
776374,2025-09-10,4.622,4.7721,3,5
776375,2025-09-10,3.8772,4.398,6,3
776376,2025-09-10,4.223,5.1841,4,3
776377,2025-09-10,4.1448,3.7523,1,2
776378,2025-09-10,3.8348,4.4137,6,5
776379,2025-09-10,3.9502,5.0238,5,4
776380,2025-09-10,5.0452,3.689,9,0
776381,2025-09-10,4.3487,4.4427,2,3
776382,2025-09-10,3.9517,4.4009,3,4
776383,2025-09-10,4.6426,4.2342,1,11
776384,2025-09-10,4.9157,4.3047,11,3
776385,2025-09-10,4.6082,4.9065,2,3
776386,2025-09-10,4.6893,5.6112,8,3
776387,2025-09-10,4.1212,4.4706,2,1
776362,2025-09-11,4.3713,3.9852,7,6
776364,2025-09-11,3.8764,4.2898,5,1
776365,2025-09-11,5.0257,3.6332,2,0
776367,2025-09-11,4.4895,5.3247,5,0
776368,2025-09-11,4.5169,4.0642,9,3
776369,2025-09-11,4.5128,4.4617,6,0
776370,2025-09-11,4.115,4.3316,3,2
776371,2025-09-11,4.7931,4.375,6,4
776372,2025-09-11,4.0955,4.3232,3,2
776345,2025-09-12,4.5813,3.9292,2,1
776350,2025-09-12,4.0662,4.424,5,1
776351,2025-09-12,4.1438,4.8216,6,5
776352,2025-09-12,3.9304,3.7245,6,4
776353,2025-09-12,4.5024,4.5239,6,1
776354,2025-09-12,4.5266,4.2994,8,2
776355,2025-09-12,4.7484,4.9904,9,8
776356,2025-09-12,4.8534,3.8919,8,2
776357,2025-09-12,4.7747,3.7923,2,4
776358,2025-09-12,3.9348,5.0211,3,0
776359,2025-09-12,5.1709,4.2123,3,8
776360,2025-09-12,4.1031,4.0784,3,11
776361,2025-09-12,4.5845,3.6632,4,0
776363,2025-09-12,4.6735,4.9519,1,4
776366,2025-09-12,3.9373,5.386,8,2
776328,2025-09-13,4.2605,4.4307,7,13
776333,2025-09-13,4.6536,3.7784,5,3
776336,2025-09-13,4.4134,4.6693,1,5
776337,2025-09-13,4.7966,5.1717,2,5
776338,2025-09-13,4.1086,3.7759,4,5
776339,2025-09-13,4.6849,3.8803,9,8
776340,2025-09-13,3.8271,5.0655,11,5
776341,2025-09-13,4.7291,3.6495,11,3
776342,2025-09-13,4.554,4.3928,8,6
776343,2025-09-13,4.7447,4.5439,5,4
776344,2025-09-13,4.5198,4.9929,3,5
776346,2025-09-13,3.9246,4.2698,2,6
776347,2025-09-13,3.9803,5.5915,6,4
776348,2025-09-13,4.5646,3.9111,3,1
776349,2025-09-13,4.9877,4.2767,2,3
776317,2025-09-14,4.6096,4.0851,11,2
776320,2025-09-14,4.0528,4.8797,4,3
776321,2025-09-14,4.095,3.7989,4,3
776322,2025-09-14,4.6509,4.3636,11,2
776323,2025-09-14,4.9126,3.5767,9,6
776324,2025-09-14,4.7992,5.0944,4,6
776325,2025-09-14,4.011,4.398,2,10
776326,2025-09-14,5.0035,3.9096,2,3
776327,2025-09-14,3.8416,4.9415,7,4
776329,2025-09-14,4.0176,4.3844,8,3
776330,2025-09-14,4.5956,4.7893,6,4
776331,2025-09-14,4.6497,3.9234,3,2
776332,2025-09-14,4.1151,5.5409,0,2
776334,2025-09-14,4.6619,4.335,3,10
776335,2025-09-14,5.11,4.0484,5,2
776309,2025-09-15,4.5658,4.5296,8,1
776311,2025-09-15,4.6734,4.3019,5,6
776312,2025-09-15,4.183,4.3701,6,11
776313,2025-09-15,4.4609,5.148,7,0
776314,2025-09-15,4.0401,4.5298,1,4
776315,2025-09-15,4.1878,5.2997,3,11
776316,2025-09-15,4.4132,4.1895,1,2
776318,2025-09-15,4.4325,4.6943,0,4
776319,2025-09-15,4.4613,4.148,6,3
776293,2025-09-16,4.7126,4.8937,5,6
776294,2025-09-16,4.5086,4.4741,6,5
776295,2025-09-16,4.8552,3.8845,9,2
776297,2025-09-16,4.4508,4.1343,6,9
776298,2025-09-16,4.185,4.9411,9,10
776300,2025-09-16,4.1228,4.483,3,0
776301,2025-09-16,4.7016,4.0881,6,5
776302,2025-09-16,4.1134,4.713,5,12
776303,2025-09-16,4.1147,4.1351,5,7
776304,2025-09-16,4.7228,4.4225,8,3
776305,2025-09-16,4.2924,3.9321,5,6
776306,2025-09-16,4.4015,4.4069,7,8
776307,2025-09-16,3.8654,5.0912,0,5
776308,2025-09-16,4.2621,4.4499,1,4
776310,2025-09-16,5.0673,4.4577,1,2
777825,2025-09-16,4.1132,5.3864,3,6
776277,2025-09-17,4.7336,4.8694,4,8
776279,2025-09-17,4.5983,4.6487,1,5
776280,2025-09-17,4.454,4.0783,5,0
776283,2025-09-17,4.1463,4.3807,2,6
776284,2025-09-17,4.4771,5.1135,5,10
776285,2025-09-17,4.3413,4.5937,1,3
776286,2025-09-17,3.9634,5.4735,4,9
776287,2025-09-17,4.308,4.7258,4,8
776288,2025-09-17,4.5154,4.3191,4,7
776289,2025-09-17,4.1777,4.8219,7,5
776290,2025-09-17,4.1922,4.2405,2,1
776291,2025-09-17,4.8852,3.9241,9,2
776292,2025-09-17,4.5614,4.1372,5,2
776296,2025-09-17,4.0928,4.1889,0,4
776299,2025-09-17,4.6812,4.4733,5,4
776269,2025-09-18,4.216,4.1445,4,0
776270,2025-09-18,4.6039,4.9005,7,9
776271,2025-09-18,4.7526,4.254,2,1
776272,2025-09-18,4.2756,4.7054,0,2
776274,2025-09-18,4.9507,4.0016,5,2
776275,2025-09-18,4.3095,3.7986,1,3
776276,2025-09-18,4.7961,4.5107,6,1
776278,2025-09-18,4.3588,4.7491,0,7
776281,2025-09-18,4.8019,4.4843,3,5
776282,2025-09-18,4.4922,4.3413,1,0
776251,2025-09-19,4.5791,4.1234,4,6
776253,2025-09-19,4.7852,4.8981,7,6
776255,2025-09-19,4.8474,4.4501,2,8
776256,2025-09-19,4.6611,4.5192,6,3
776259,2025-09-19,4.8768,4.0096,12,6
776260,2025-09-19,4.2604,4.0061,20,1
776261,2025-09-19,3.9076,4.3097,7,11
776262,2025-09-19,4.3169,4.5405,0,4
776263,2025-09-19,4.2874,4.5196,2,6
776264,2025-09-19,3.7863,4.7106,4,3
776265,2025-09-19,3.9496,4.7804,7,1
776266,2025-09-19,4.4114,4.2858,3,4
776267,2025-09-19,4.4407,4.7904,7,4
776268,2025-09-19,4.2143,4.2769,1,10
776273,2025-09-19,4.4049,4.474,4,2
776233,2025-09-20,4.7074,4.2754,7,5
776241,2025-09-20,5.0255,4.9327,0,3
776242,2025-09-20,4.6215,4.0442,3,4
776243,2025-09-20,4.39,4.4654,0,8
776244,2025-09-20,4.0048,4.672,2,3
776245,2025-09-20,4.089,4.0572,2,1
776246,2025-09-20,4.4474,4.4489,4,3
776247,2025-09-20,4.2026,4.3506,3,6
776248,2025-09-20,4.3492,4.7934,4,6
776249,2025-09-20,4.2763,4.1991,2,0
776250,2025-09-20,3.957,4.6256,3,7
776252,2025-09-20,5.0599,3.8792,3,5
776254,2025-09-20,4.5497,4.9566,6,3
776257,2025-09-20,4.3891,4.8344,1,6
776258,2025-09-20,4.2377,4.1415,5,6
777839,2025-09-20,4.3463,4.4193,0,6
776225,2025-09-21,4.3012,4.4318,6,2
776226,2025-09-21,4.36,4.0604,2,4
776227,2025-09-21,5.027,4.3265,1,3
776228,2025-09-21,4.2655,4.6252,3,7
776229,2025-09-21,4.0783,4.048,5,8
776230,2025-09-21,4.4181,5.0267,9,2
776231,2025-09-21,4.1587,4.7373,5,1
776232,2025-09-21,4.6488,4.7983,3,1
776234,2025-09-21,4.3954,4.0012,11,0
776235,2025-09-21,3.9595,4.4762,2,3
776236,2025-09-21,3.8947,4.5673,7,3
776237,2025-09-21,5.3915,3.9605,2,3
776238,2025-09-21,4.4342,4.244,2,6
776239,2025-09-21,4.538,4.7387,1,0
776240,2025-09-21,4.1867,4.5241,1,7
776220,2025-09-22,4.6748,4.0322,5,6
776221,2025-09-22,4.5532,3.8968,11,5
776222,2025-09-22,3.9857,4.2989,5,4
776207,2025-09-23,3.8774,4.6545,4,8
776208,2025-09-23,4.1708,4.9169,5,1
776209,2025-09-23,4.3971,4.1152,7,9
776210,2025-09-23,4.3097,3.7461,1,4
776211,2025-09-23,4.7312,4.0758,8,9
776212,2025-09-23,4.6468,3.5866,4,3
776213,2025-09-23,4.4444,5.4186,5,4
776214,2025-09-23,4.2711,4.4498,7,0
776215,2025-09-23,5.1638,4.2373,5,6
776216,2025-09-23,4.8673,3.9451,3,2
776217,2025-09-23,4.6921,4.7831,1,4
776218,2025-09-23,3.9937,3.9609,5,2
776219,2025-09-23,4.7544,3.9482,3,2
776223,2025-09-23,4.0909,4.3494,6,0
776224,2025-09-23,4.2927,3.9857,2,4
776192,2025-09-24,4.402,3.7324,4,2
776193,2025-09-24,4.4014,5.1324,4,5
776194,2025-09-24,4.4713,3.5634,9,2
776195,2025-09-24,4.012,5.0713,6,0
776196,2025-09-24,4.5128,4.1181,4,3
776197,2025-09-24,4.0098,4.7653,3,2
776198,2025-09-24,4.08,4.272,1,3
776199,2025-09-24,5.359,3.8561,8,1
776200,2025-09-24,4.5421,4.1605,3,4
776201,2025-09-24,4.9822,4.1978,11,1
776202,2025-09-24,4.1944,4.0885,3,4
776203,2025-09-24,4.0918,4.3962,2,6
776204,2025-09-24,4.0954,4.0864,5,1
776205,2025-09-24,4.3368,4.2292,10,3
776206,2025-09-24,4.4723,4.9806,1,7
776178,2025-09-25,3.9857,4.4333,4,9
776179,2025-09-25,4.7344,3.6336,6,2
776182,2025-09-25,4.1578,4.6361,5,11
776183,2025-09-25,4.3568,3.7287,0,4
776184,2025-09-25,5.2146,3.9289,5,3
776185,2025-09-25,4.4045,5.2619,0,8
776186,2025-09-25,4.6639,4.94,6,1
776187,2025-09-25,4.395,4.1787,5,8
776188,2025-09-25,5.0777,4.4649,1,0
776189,2025-09-25,4.1673,3.8541,2,4
776190,2025-09-25,4.2084,4.0362,2,1
776191,2025-09-25,4.2911,4.376,6,5
776165,2025-09-26,4.5848,4.5198,9,10
776166,2025-09-26,5.0587,3.676,6,3
776167,2025-09-26,4.7202,3.8932,12,1
776168,2025-09-26,4.0041,4.4196,2,3
776169,2025-09-26,4.0853,4.9361,4,3
776170,2025-09-26,4.6178,4.3966,7,4
776171,2025-09-26,4.2968,3.7979,1,3
776172,2025-09-26,4.0913,4.6431,4,3
776173,2025-09-26,4.365,5.1707,6,2
776174,2025-09-26,5.0208,4.6179,8,4
776175,2025-09-26,4.7093,3.907,3,7
776176,2025-09-26,4.9911,4.2476,3,1
776177,2025-09-26,4.4554,4.2412,4,2
776180,2025-09-26,4.2066,3.9493,3,9
776181,2025-09-26,4.2688,4.4152,4,3
776146,2025-09-27,5.0051,3.6612,4,3
776150,2025-09-27,4.1722,4.2132,3,5
776152,2025-09-27,4.7183,4.4672,5,1
776153,2025-09-27,4.1858,3.8007,4,7
776154,2025-09-27,4.2173,4.4884,2,4
776155,2025-09-27,3.9729,4.9223,1,6
776156,2025-09-27,3.9816,3.8756,1,3
776157,2025-09-27,4.3273,4.3523,1,2
776158,2025-09-27,4.8289,3.9161,3,2
776159,2025-09-27,4.3063,4.1803,5,1
776160,2025-09-27,4.4499,4.6034,6,5
776161,2025-09-27,4.2453,4.971,0,5
776162,2025-09-27,5.3505,4.3729,6,1
776163,2025-09-27,5.254,4.023,0,5
776164,2025-09-27,4.7017,3.8086,7,3
776135,2025-09-28,4.1954,5.111,2,6
776136,2025-09-28,4.7473,4.6804,12,4
776137,2025-09-28,4.7503,3.6756,4,0
776138,2025-09-28,3.9381,4.491,2,9
776139,2025-09-28,4.266,4.3003,1,6
776140,2025-09-28,4.8001,4.4821,3,2
776141,2025-09-28,5.0084,3.9108,2,1
776142,2025-09-28,4.6817,3.8926,2,0
776143,2025-09-28,4.5792,4.4191,0,8
776144,2025-09-28,4.2916,3.7929,4,2
776145,2025-09-28,4.542,4.1321,13,4
776147,2025-09-28,4.7144,3.9771,9,8
776148,2025-09-28,4.2169,5.0814,4,0
776149,2025-09-28,4.0652,3.9914,4,1
776151,2025-09-28,4.2823,4.5634,4,3
813066,2025-09-30,4.0142,4.1346,3,1
813069,2025-09-30,4.4328,3.8978,10,5
813072,2025-09-30,3.9746,3.9742,1,2
813074,2025-09-30,4.7812,4.4331,1,3
822838,2026-03-28,5.0838,4.1199,8,7
823082,2026-03-28,4.3401,3.9851,6,5
823161,2026-03-28,3.9735,3.6102,5,6
823241,2026-03-28,4.1064,4.5003,1,3
823323,2026-03-28,4.1995,3.9852,3,0
823488,2026-03-28,5.0907,3.8589,4,5
823651,2026-03-28,4.9408,3.9916,4,2
823811,2026-03-28,5.1118,3.5414,6,1
823892,2026-03-28,4.4778,4.3774,4,3
823973,2026-03-28,5.1265,4.3391,3,2
824213,2026-03-28,4.7617,4.2036,11,9
824540,2026-03-28,4.3432,4.8682,6,5
824701,2026-03-28,4.9364,4.1653,10,2
824862,2026-03-28,4.5119,4.0258,1,4
824945,2026-03-28,4.0336,4.3118,6,2
822837,2026-03-29,4.8331,4.2755,5,2
823079,2026-03-29,4.2469,3.9852,7,11
823160,2026-03-29,4.0407,3.6524,8,0
823487,2026-03-29,5.0317,3.8533,3,8
823647,2026-03-29,4.8758,3.777,3,4
823810,2026-03-29,5.1994,3.6135,9,7
823891,2026-03-29,4.5523,4.4147,4,3
824215,2026-03-29,4.8029,4.33,9,7
824538,2026-03-29,4.2716,4.7802,3,2
824700,2026-03-29,4.8443,3.9959,3,6
824864,2026-03-29,4.5171,4.131,8,6
824944,2026-03-29,3.9817,4.2449,1,4
822834,2026-03-30,5.1253,4.1584,5,14
823080,2026-03-30,4.426,4.5433,2,4
823159,2026-03-30,3.9509,4.3206,2,1
823320,2026-03-30,4.4609,4.1926,2,3
823484,2026-03-30,5.2893,4.1859,2,13
823809,2026-03-30,4.3606,3.7312,2,3
823890,2026-03-30,4.4,4.4162,4,9
823972,2026-03-30,4.4479,3.9206,2,4
824135,2026-03-30,4.2669,4.0268,3,1
824214,2026-03-30,4.1321,4.637,8,1
824539,2026-03-30,4.3825,3.8609,2,0
824702,2026-03-30,4.9022,3.8715,7,2
824863,2026-03-30,4.7021,4.2566,2,5
824943,2026-03-30,4.4281,4.0019,4,0
825108,2026-03-30,4.5934,4.9138,9,6
822836,2026-03-31,5.0435,4.1055,5,1
823077,2026-03-31,4.4397,4.5439,3,0
823158,2026-03-31,3.9334,4.3605,0,5
823322,2026-03-31,4.1241,4.3478,3,9
823485,2026-03-31,5.4314,4.2743,3,2
823807,2026-03-31,4.3266,3.8906,6,2
823888,2026-03-31,4.4744,4.3327,9,2
823969,2026-03-31,4.2646,3.8096,4,1
824212,2026-03-31,4.2879,4.1022,9,2
824537,2026-03-31,4.2954,3.9811,3,8
824699,2026-03-31,4.7326,3.8046,0,2
824861,2026-03-31,4.7092,4.4804,5,8
824942,2026-03-31,4.4191,4.2098,2,5
825107,2026-03-31,4.531,4.8278,7,5
822835,2026-04-01,5.1039,3.8786,1,2
823078,2026-04-01,4.358,4.5543,2,1
823157,2026-04-01,3.8326,4.3561,3,5
823321,2026-04-01,4.4631,4.1977,7,1
823483,2026-04-01,4.8843,3.8855,6,5
823806,2026-04-01,4.3661,3.7491,8,2
823889,2026-04-01,4.3598,4.2193,10,0
823970,2026-04-01,4.2394,3.8112,1,4
824136,2026-04-01,4.1242,3.6151,13,9
824211,2026-04-01,3.9743,4.1961,6,4
824536,2026-04-01,4.1522,3.9935,3,8
824698,2026-04-01,4.9789,3.8706,6,2
824860,2026-04-01,4.3902,4.3298,8,3
824940,2026-04-01,4.4418,4.0118,5,1
825106,2026-04-01,4.3887,4.8837,1,0
823242,2026-04-02,4.6895,4.3821,7,2
824133,2026-04-02,4.0111,3.7594,1,5
825105,2026-04-02,4.5043,5.0556,2,17
822758,2026-04-03,3.9397,5.5411,6,13
822919,2026-04-03,4.2551,3.7267,3,5
823240,2026-04-03,4.2767,4.4212,3,10
823406,2026-04-03,4.2321,4.4727,5,4
823568,2026-04-03,4.6669,4.3976,8,2
823732,2026-04-03,4.3026,4.5248,10,4
824056,2026-04-03,4.14,4.5321,1,3
824299,2026-04-03,4.6138,4.1993,4,0
824377,2026-04-03,4.4259,4.8992,1,10
824458,2026-04-03,4.5219,4.359,4,1
824621,2026-04-03,3.9748,4.4895,5,4
824786,2026-04-03,4.1501,4.4677,5,2
825026,2026-04-03,4.2013,4.9825,11,4
825103,2026-04-03,4.6015,5.4261,0,2
822757,2026-04-04,4.0935,5.6221,5,10
822920,2026-04-04,4.0244,3.9413,0,2
823239,2026-04-04,4.4833,4.4199,0,9
823404,2026-04-04,4.3894,4.1,3,2
823569,2026-04-04,4.8605,4.0138,9,7
823730,2026-04-04,4.6774,4.3979,1,7
824054,2026-04-04,4.3234,4.7446,1,0
824132,2026-04-04,3.9997,4.8913,2,5
824134,2026-04-04,4.1808,4.7171,8,2
824295,2026-04-04,4.7214,4.0981,11,6
824378,2026-04-04,4.2318,5.0568,1,2
824622,2026-04-04,4.111,4.5459,6,3
824782,2026-04-04,4.3101,4.2729,2,3
825027,2026-04-04,3.9181,4.7175,0,11
825104,2026-04-04,4.6182,5.2108,2,1
822756,2026-04-05,4.1144,5.8047,6,8
822917,2026-04-05,3.7834,3.7565,1,2
823238,2026-04-05,4.1926,4.4097,2,5
823405,2026-04-05,4.4803,4.1269,8,2
823566,2026-04-05,4.8084,4.1581,6,7
823729,2026-04-05,4.7569,4.3002,1,4
824053,2026-04-05,4.0827,4.7103,8,7
824131,2026-04-05,3.9638,4.488,5,8
824296,2026-04-05,4.7576,4.3514,3,5
824379,2026-04-05,4.4914,5.0473,4,1
824459,2026-04-05,4.3694,4.4209,0,1
824460,2026-04-05,4.2425,4.2863,6,5
824620,2026-04-05,4.1705,4.7738,3,0
824781,2026-04-05,4.6999,4.8708,6,8
825025,2026-04-05,3.9538,4.9466,12,10
825102,2026-04-05,4.5696,5.7228,6,5
822755,2026-04-06,4.4738,5.0567,9,6
822832,2026-04-06,4.4247,4.65,2,14
822918,2026-04-06,4.1738,4.2238,2,1
823002,2026-04-06,4.342,4.4316,6,4
823237,2026-04-06,3.8446,4.4088,4,6
823401,2026-04-06,4.3088,4.0943,0,5
823728,2026-04-06,4.0638,4.6344,7,3
823886,2026-04-06,4.1538,5.0183,0,2
824052,2026-04-06,3.9078,5.5173,6,2
824376,2026-04-06,4.2949,5.142,9,7
824456,2026-04-06,4.0608,4.0061,2,4
824619,2026-04-06,4.432,4.3084,1,2
824783,2026-04-06,4.2369,5.0678,6,8
822754,2026-04-07,4.6674,5.1143,6,7
822831,2026-04-07,4.4676,4.711,1,4
822916,2026-04-07,3.8395,4.0029,3,2
822999,2026-04-07,4.3606,4.4506,2,9
823235,2026-04-07,3.7971,4.209,6,0
823402,2026-04-07,3.8516,4.0702,7,1
823567,2026-04-07,4.9079,3.7652,5,3
823648,2026-04-07,4.9088,4.3136,4,3
823727,2026-04-07,4.1422,4.7175,4,2
823887,2026-04-07,4.1333,4.9564,3,6
824051,2026-04-07,4.0095,5.4769,2,7
824375,2026-04-07,4.1182,5.239,5,1
824457,2026-04-07,4.0355,4.0123,2,1
824618,2026-04-07,4.5044,4.4911,2,4
824780,2026-04-07,4.0897,4.4387,3,2
822753,2026-04-08,4.4375,5.2976,1,6
822833,2026-04-08,4.2623,4.6136,4,3
822915,2026-04-08,4.0702,4.1761,3,0
823000,2026-04-08,4.3177,4.375,2,6
823234,2026-04-08,3.8981,4.2937,5,0
823403,2026-04-08,3.8776,4.344,2,8
823564,2026-04-08,4.8708,4.1465,2,3
823646,2026-04-08,4.8691,4.6814,2,7
823726,2026-04-08,4.1516,4.9562,8,6
823885,2026-04-08,4.0695,4.7925,7,4
824050,2026-04-08,3.9496,5.3198,2,8
824374,2026-04-08,4.4108,5.2044,9,1
824455,2026-04-08,3.8871,4.0244,10,2
824617,2026-04-08,4.2643,4.3134,3,5
824779,2026-04-08,4.4473,4.556,5,0
823319,2026-04-09,4.5594,3.604,7,3
823565,2026-04-09,4.7999,3.9554,0,1
823645,2026-04-09,4.9683,4.4061,1,7
823724,2026-04-09,4.2087,4.8314,3,1
823884,2026-04-09,4.0204,4.8561,8,1
824130,2026-04-09,4.8933,3.6259,0,2
822829,2026-04-10,4.6472,4.4568,10,4
822997,2026-04-10,4.1518,4.5198,5,3
823076,2026-04-10,4.193,4.5766,3,2
823156,2026-04-10,3.8238,3.807,9,6
823318,2026-04-10,4.8272,3.7271,5,2
823482,2026-04-10,4.9156,4.2715,4,5
823643,2026-04-10,4.9418,4.0466,0,4
823808,2026-04-10,5.11,3.9242,3,7
823968,2026-04-10,4.9596,3.8826,8,7
824128,2026-04-10,4.6196,3.7488,2,0
824297,2026-04-10,4.5179,4.1555,2,0
824534,2026-04-10,4.7697,4.0207,2,10
824695,2026-04-10,4.0017,3.7174,0,2
824858,2026-04-10,4.046,4.2574,3,6
824941,2026-04-10,4.0063,3.9121,11,5
822830,2026-04-11,4.6614,4.5976,4,7
822996,2026-04-11,3.9497,4.649,5,4
823074,2026-04-11,4.4301,4.2997,1,7
823155,2026-04-11,4.0122,3.6845,8,7
823316,2026-04-11,4.7095,3.7498,9,5
823480,2026-04-11,4.8628,4.8817,4,3
823644,2026-04-11,4.8788,4.0129,6,11
823805,2026-04-11,4.8264,3.9848,1,3
823967,2026-04-11,5.1379,4.0216,6,3
824129,2026-04-11,4.6058,3.7228,2,0
824294,2026-04-11,4.6412,4.1334,6,1
824535,2026-04-11,4.642,4.436,7,3
824697,2026-04-11,3.982,3.5962,3,4
824857,2026-04-11,4.3877,4.7032,6,2
824939,2026-04-11,4.044,4.2726,0,6
822828,2026-04-12,4.5951,4.4167,2,8
822998,2026-04-12,3.8831,4.8245,5,4
823075,2026-04-12,4.2742,4.4628,3,9
823154,2026-04-12,4.0337,3.7214,6,1
823317,2026-04-12,4.8683,3.5822,7,2
823479,2026-04-12,4.7345,4.8197,3,4
823642,2026-04-12,4.7606,4.0226,0,1
823804,2026-04-12,4.8922,3.9656,6,8
823966,2026-04-12,4.9281,4.1282,2,5
824126,2026-04-12,4.3477,3.6052,5,6
824293,2026-04-12,4.5318,4.0286,8,2
824533,2026-04-12,4.4644,4.3365,6,9
824696,2026-04-12,4.006,3.6875,7,6
824859,2026-04-12,4.3001,4.4834,6,2
824938,2026-04-12,4.1323,3.7819,13,1
823073,2026-04-13,3.9292,3.924,3,9
823153,2026-04-13,4.1038,3.8488,6,2
823400,2026-04-13,4.5654,3.9856,16,5
823481,2026-04-13,4.855,4.3505,13,7
823563,2026-04-13,4.7016,4.2291,11,10
823725,2026-04-13,4.2074,5.1104,13,6
823964,2026-04-13,5.1786,4.5211,4,0
824856,2026-04-13,4.7743,4.912,9,7
824937,2026-04-13,4.4591,4.1781,4,10
825024,2026-04-13,4.4732,4.7531,1,8
823072,2026-04-14,4.145,4.0404,6,5
823315,2026-04-14,4.0765,4.1692,4,1
823398,2026-04-14,4.7705,4.291,4,5
823478,2026-04-14,4.7247,4.3797,4,10
823562,2026-04-14,4.9035,3.9886,1,7
823723,2026-04-14,4.4733,5.0279,6,0
823802,2026-04-14,4.3128,3.9001,7,9
823965,2026-04-14,4.5778,4.376,2,1
824210,2026-04-14,4.9371,4.0025,7,6
824292,2026-04-14,4.1066,4.2639,2,1
824531,2026-04-14,4.1453,4.5974,2,1
824616,2026-04-14,4.0976,4.5077,5,8
824853,2026-04-14,4.6734,4.6723,3,4
824935,2026-04-14,4.4835,4.1968,6,5
825022,2026-04-14,4.4088,5.0463,2,1
823071,2026-04-15,4.3157,3.9921,5,3
823314,2026-04-15,4.2147,4.1318,7,6
823399,2026-04-15,4.5762,4.1939,2,0
823477,2026-04-15,4.6431,4.435,2,11
823561,2026-04-15,5.1831,4.2238,5,4
823722,2026-04-15,4.3271,4.9121,5,9
823803,2026-04-15,4.3549,3.9626,2,1
823963,2026-04-15,4.7919,4.287,8,2
824209,2026-04-15,5.1485,3.9853,3,1
824291,2026-04-15,4.3034,4.3098,2,1
824532,2026-04-15,4.2399,4.3718,8,3
824615,2026-04-15,4.1688,4.2642,3,8
824855,2026-04-15,4.6765,4.527,5,8
824936,2026-04-15,4.4694,4.1996,6,3
825021,2026-04-15,4.6915,5.1153,6,5
823313,2026-04-16,4.2527,4.3349,5,2
823396,2026-04-16,4.6678,3.9426,7,8
823560,2026-04-16,4.9707,4.2444,4,11
823801,2026-04-16,4.561,4.0326,2,1
824208,2026-04-16,4.9617,3.7532,2,3
824289,2026-04-16,4.1487,4.1701,10,9
824453,2026-04-16,4.3165,4.352,4,2
824530,2026-04-16,4.2072,4.2612,0,3
824614,2026-04-16,4.0776,4.3162,3,5
825023,2026-04-16,4.463,5.0913,6,9
822752,2026-04-17,4.2241,4.5568,5,10
823152,2026-04-17,4.3681,3.7736,0,5
823397,2026-04-17,4.2896,3.8545,5,1
823476,2026-04-17,4.5582,4.8378,0,9
823559,2026-04-17,4.4343,4.0515,4,2
823720,2026-04-17,4.6625,4.7572,1,2
823883,2026-04-17,4.1091,5.2481,5,7
824048,2026-04-17,4.1015,4.9278,8,0
824207,2026-04-17,5.0578,4.3388,4,9
824373,2026-04-17,4.3613,5.6487,1,7
824454,2026-04-17,4.6663,4.3533,4,6
824693,2026-04-17,4.3881,4.0932,12,4
824778,2026-04-17,4.2992,4.4782,1,0
825019,2026-04-17,4.7176,4.3072,2,9
825101,2026-04-17,4.6915,4.8883,6,3
822751,2026-04-18,4.304,4.636,6,7
823151,2026-04-18,4.2657,4.0242,7,3
823394,2026-04-18,4.0095,3.8869,7,8
823474,2026-04-18,4.3661,4.3788,1,3
823558,2026-04-18,4.5975,4.3474,13,4
823721,2026-04-18,4.5421,4.6722,4,5
823882,2026-04-18,4.011,5.5901,2,5
824049,2026-04-18,4.0399,4.7837,1,4
824206,2026-04-18,4.8859,4.3221,5,7
824372,2026-04-18,4.4418,5.8623,4,3
824451,2026-04-18,4.2843,4.2327,4,2
824694,2026-04-18,4.4865,4.1282,4,2
824775,2026-04-18,4.1394,4.3618,1,4
825020,2026-04-18,4.6941,4.3354,7,6
825098,2026-04-18,5.2229,4.7598,6,2
822750,2026-04-19,4.0725,4.7311,3,0
823150,2026-04-19,4.233,3.8505,5,2
823393,2026-04-19,4.1597,4.0671,6,3
823475,2026-04-19,4.3632,4.5889,2,4
823556,2026-04-19,4.2998,4.0461,7,0
823718,2026-04-19,4.4163,4.9447,4,7
823881,2026-04-19,3.9426,5.1278,5,3
824047,2026-04-19,3.9713,4.787,1,2
824205,2026-04-19,4.8245,4.0636,5,7
824371,2026-04-19,4.2435,5.8749,9,6
824452,2026-04-19,4.4252,4.2262,8,4
824691,2026-04-19,4.8046,4.16,2,1
824777,2026-04-19,4.3734,4.1601,2,6
825018,2026-04-19,4.5494,4.4093,4,7
825100,2026-04-19,4.6438,4.6221,4,10
822749,2026-04-20,4.0856,5.496,4,9
822994,2026-04-20,4.1716,3.9257,1,6
823149,2026-04-20,4.3304,3.8011,4,6
823879,2026-04-20,4.57,4.8383,5,3
824046,2026-04-20,4.1981,4.9171,2,5
824125,2026-04-20,4.2447,4.4797,5,7
824370,2026-04-20,4.4248,5.6491,3,12
824450,2026-04-20,4.1821,4.1884,2,9
824692,2026-04-20,4.0611,4.1534,5,1
824776,2026-04-20,4.3784,4.451,8,6
822747,2026-04-21,3.9554,5.3554,11,4
822914,2026-04-21,4.023,3.7235,5,1
822995,2026-04-21,3.9453,3.9333,6,12
823148,2026-04-21,4.317,4.0195,2,5
823236,2026-04-21,3.9513,4.5753,3,1
823640,2026-04-21,4.9159,3.8687,3,5
823880,2026-04-21,4.5554,4.8623,3,5
824045,2026-04-21,4.2813,5.3574,2,4
824127,2026-04-21,4.2988,4.3733,6,5
824290,2026-04-21,4.1621,4.2941,4,12
824369,2026-04-21,4.497,5.2102,0,1
824448,2026-04-21,4.1565,4.0689,8,5
824690,2026-04-21,3.9138,3.9341,7,4
824773,2026-04-21,4.5408,4.6354,0,4
825099,2026-04-21,5.0557,4.2792,5,11
822748,2026-04-22,4.099,5.6192,6,8
822913,2026-04-22,3.9282,3.611,4,8
822993,2026-04-22,4.2481,4.029,6,1
823147,2026-04-22,4.4115,3.8106,5,4
823231,2026-04-22,3.8481,4.5256,3,0
823641,2026-04-22,4.8451,4.0483,3,2
823878,2026-04-22,4.6245,4.9589,4,1
824044,2026-04-22,4.3891,5.0553,7,3
824123,2026-04-22,4.4388,4.4451,6,8
824286,2026-04-22,4.3872,4.5179,5,2
824367,2026-04-22,4.5939,5.409,8,3
824449,2026-04-22,4.1193,4.0591,0,2
824688,2026-04-22,4.1829,4.1865,7,2
824774,2026-04-22,4.532,4.702,1,4
825097,2026-04-22,5.2717,4.4247,11,7
822745,2026-04-23,4.1374,5.4821,2,7
822912,2026-04-23,3.9866,3.5779,6,1
823233,2026-04-23,4.0081,4.7307,0,3
823639,2026-04-23,4.7228,4.1718,10,8
824288,2026-04-23,4.3908,4.351,5,4
824368,2026-04-23,4.8712,5.0497,8,10
824689,2026-04-23,3.9888,3.9011,8,7
824770,2026-04-23,4.3751,4.78,2,4
825096,2026-04-23,5.1965,4.2965,1,4
822827,2026-04-24,4.2587,4.4749,6,8
822909,2026-04-24,4.1645,3.741,1,8
822992,2026-04-24,4.1631,3.9551,6,2
823069,2026-04-24,4.288,4.5605,2,3
823232,2026-04-24,4.7928,4.3668,4,9
823638,2026-04-24,4.9154,3.7225,3,4
823800,2026-04-24,4.1975,3.582,0,6
823962,2026-04-24,4.8117,4.4178,4,6
824124,2026-04-24,4.4129,4.0778,6,3
824204,2026-04-24,4.2994,4.7957,4,12
824529,2026-04-24,4.2571,4.3946,9,8
824611,2026-04-24,4.6209,4.4077,5,4
824854,2026-04-24,4.6674,4.9618,10,3
824932,2026-04-24,4.0648,4.1403,5,3
822826,2026-04-25,4.3732,4.2864,5,3
822910,2026-04-25,4.3231,3.8632,4,3
822989,2026-04-25,4.4137,4.0888,6,1
823070,2026-04-25,4.2138,4.4794,9,11
823229,2026-04-25,4.5791,4.1629,6,2
823799,2026-04-25,4.5552,3.6297,3,6
823960,2026-04-25,4.8381,4.6897,12,4
824121,2026-04-25,4.4258,4.1377,12,1
824203,2026-04-25,4.4116,4.7833,3,8
824527,2026-04-25,4.2556,4.5301,9,2
824613,2026-04-25,4.4627,4.7771,3,6
824851,2026-04-25,4.2878,4.4597,1,17
824933,2026-04-25,4.3039,4.2232,5,8
825093,2026-04-25,4.9419,4.8261,4,6
822824,2026-04-26,4.4619,4.594,4,2
822911,2026-04-26,4.3177,4.0063,1,2
822991,2026-04-26,4.4357,4.095,4,2
823068,2026-04-26,4.2564,4.5928,2,3
823230,2026-04-26,4.4154,4.1089,6,3
823635,2026-04-26,5.0411,3.8256,1,3
823637,2026-04-26,4.7196,3.9438,0,3
823797,2026-04-26,4.3406,3.6857,5,0
823959,2026-04-26,4.7259,4.5273,6,0
824122,2026-04-26,4.4756,4.0375,11,9
824202,2026-04-26,4.5299,4.6066,7,4
824528,2026-04-26,4.368,4.4465,3,8
824612,2026-04-26,4.431,4.3832,1,2
824852,2026-04-26,4.5026,4.4448,3,5
824934,2026-04-26,4.2621,3.8909,6,2
825094,2026-04-26,4.6082,4.747,12,7
822825,2026-04-27,4.7943,4.4056,0,5
822906,2026-04-27,3.9854,4.3526,2,4
823311,2026-04-27,4.3545,4.3394,9,7
823395,2026-04-27,4.5293,4.1333,2,4
823719,2026-04-27,4.5518,4.6234,11,4
823961,2026-04-27,4.9658,4.0839,5,4
824446,2026-04-27,4.129,3.8014,2,3
824609,2026-04-27,4.4913,4.4622,8,7
822823,2026-04-28,4.5307,4.8103,3,0
822908,2026-04-28,3.7906,4.2759,2,3
823310,2026-04-28,4.6179,4.7453,3,8
823390,2026-04-28,4.6679,4.0452,7,11
823473,2026-04-28,4.5722,4.48,7,0
823636,2026-04-28,4.9508,4.1906,8,0
823716,2026-04-28,4.6252,4.6803,1,7
823798,2026-04-28,4.7904,4.445,13,2
823956,2026-04-28,5.0983,4.0541,1,2
824447,2026-04-28,4.231,4.1116,0,1
824526,2026-04-28,4.8045,3.9311,7,2
824610,2026-04-28,4.0557,4.4661,5,2
824849,2026-04-28,4.213,4.5371,5,3
824931,2026-04-28,4.1887,4.2751,5,2
825017,2026-04-28,4.1559,4.5542,1,4
822821,2026-04-29,4.9396,4.6518,8,1
822907,2026-04-29,4.1267,4.3032,3,0
823312,2026-04-29,4.4396,4.6709,4,5
823392,2026-04-29,4.6541,4.1268,4,5
823633,2026-04-29,4.8497,4.2962,2,14
823717,2026-04-29,4.7077,4.6605,3,5
823796,2026-04-29,4.8682,4.4885,2,6
823958,2026-04-29,5.23,4.0973,2,3
824445,2026-04-29,4.0663,3.8083,3,1
824525,2026-04-29,5.0212,4.0211,2,13
824608,2026-04-29,4.4642,4.4361,3,2
824930,2026-04-29,3.9856,4.1311,4,3
825015,2026-04-29,4.1024,4.5578,5,2
823391,2026-04-30,4.6816,4.066,5,10
823471,2026-04-30,4.7095,4.6295,6,5
823472,2026-04-30,4.7708,4.3104,3,2
823634,2026-04-30,4.8168,4.1047,4,5
823714,2026-04-30,4.3374,4.9962,7,1
823795,2026-04-30,4.5197,4.5628,13,1
824524,2026-04-30,4.7872,4.2465,6,4
824848,2026-04-30,4.298,4.9135,10,3
824850,2026-04-30,4.3957,4.7185,5,11
824929,2026-04-30,4.2633,4.2431,2,5
825016,2026-04-30,4.4599,4.5862,6,3
822744,2026-05-01,4.0213,5.4507,1,6
822990,2026-05-01,4.0961,4.3623,3,0
823066,2026-05-01,4.2182,4.6886,7,2
823146,2026-05-01,3.9249,4.0062,6,7
823309,2026-05-01,4.5448,3.8388,2,8
823389,2026-05-01,4.0845,4.0777,9,1
823557,2026-05-01,5.045,4.3403,7,2
823713,2026-05-01,4.6637,5.1048,3,7
823877,2026-05-01,4.0922,4.4618,5,6
824041,2026-05-01,4.473,4.8234,3,4
824287,2026-05-01,4.4911,4.1835,4,5
824366,2026-05-01,4.2785,5.5716,6,8
824686,2026-05-01,4.7847,4.4593,6,5
824772,2026-05-01,4.2435,4.5714,3,1
825012,2026-05-01,4.1158,4.9192,5,8
822746,2026-05-02,3.99,5.5051,1,4
822988,2026-05-02,4.1631,4.3842,5,1
823067,2026-05-02,4.1992,4.492,3,2
823144,2026-05-02,4.0239,3.9417,2,3
823308,2026-05-02,4.7544,3.6527,0,4
823388,2026-05-02,4.0827,4.0788,17,7
823554,2026-05-02,4.8018,4.2117,9,4
823715,2026-05-02,4.394,4.7249,4,11
823876,2026-05-02,4.144,4.3735,4,0
824042,2026-05-02,4.1657,4.7612,4,3
824284,2026-05-02,4.6312,4.1961,5,1
824365,2026-05-02,4.2246,5.4531,1,9
824685,2026-05-02,4.8336,4.4025,2,0
824771,2026-05-02,4.3663,4.4124,3,6
825014,2026-05-02,4.2255,4.8404,6,14
822742,2026-05-03,4.1653,5.6724,3,2
822987,2026-05-03,4.2081,4.288,2,1
823065,2026-05-03,4.35,4.5319,1,4
823145,2026-05-03,4.0135,4.1591,1,4
823307,2026-05-03,4.945,3.9829,4,3
823387,2026-05-03,3.8832,3.7267,1,0
823555,2026-05-03,4.9894,4.3433,11,3
823711,2026-05-03,4.5335,4.7144,4,3
823875,2026-05-03,4.0835,4.7289,2,7
824043,2026-05-03,4.3035,4.6748,1,5
824285,2026-05-03,4.5015,4.5225,7,1
824364,2026-05-03,4.4753,5.7097,6,11
824687,2026-05-03,5.1254,4.3899,8,4
824769,2026-05-03,4.4177,4.4565,1,3
825013,2026-05-03,3.989,5.1565,7,1
822984,2026-05-04,4.3945,4.0646,5,1
823064,2026-05-04,4.2223,4.624,6,3
823143,2026-05-04,4.0347,4.0915,5,4
823228,2026-05-04,3.9598,4.5195,3,2
823552,2026-05-04,5.0842,4.09,12,1
823874,2026-05-04,4.1764,4.5848,0,1
824039,2026-05-04,4.4462,4.5645,0,6
824120,2026-05-04,4.1297,3.8527,6,2
824201,2026-05-04,4.1874,4.823,3,8
824283,2026-05-04,4.2137,4.4816,4,5
824363,2026-05-04,4.4825,4.9907,2,4
824684,2026-05-04,4.1711,3.7278,5,4
822743,2026-05-05,4.2578,4.7823,3,11
822986,2026-05-05,4.379,4.0001,4,3
823142,2026-05-05,4.0504,4.2121,2,3
823227,2026-05-05,4.0153,4.1923,5,10
823469,2026-05-05,4.7853,3.9965,9,1
823553,2026-05-05,4.8606,4.1637,7,4
823873,2026-05-05,4.4584,4.5836,7,9
824040,2026-05-05,4.488,4.7754,4,3
824119,2026-05-05,3.9576,4.022,5,3
824200,2026-05-05,4.0487,4.5785,2,1
824281,2026-05-05,4.6902,4.3183,3,10
824682,2026-05-05,4.2722,3.6101,3,2
825092,2026-05-05,4.761,4.8083,9,0
822740,2026-05-06,4.2845,5.156,15,2
822985,2026-05-06,4.4048,3.951,3,0
823063,2026-05-06,4.0674,4.6275,2,6
823141,2026-05-06,4.0641,4.3751,3,1
823226,2026-05-06,4.047,4.5068,1,5
823470,2026-05-06,4.7617,4.0113,6,3
823550,2026-05-06,4.9701,3.9132,1,6
823872,2026-05-06,4.3723,4.4873,4,7
824036,2026-05-06,4.4858,4.758,8,2
824118,2026-05-06,4.1013,3.7539,1,3
824198,2026-05-06,4.005,4.8756,2,12
824282,2026-05-06,4.5024,4.3269,0,4
824361,2026-05-06,4.5252,4.9475,5,10
824683,2026-05-06,4.3778,3.5208,7,6
825091,2026-05-06,4.3234,4.7762,0,1
822741,2026-05-07,4.3715,4.8812,7,5
823306,2026-05-07,4.7623,4.0135,1,2
823467,2026-05-07,4.7519,4.1998,1,12
823551,2026-05-07,4.9761,4.4139,9,2
823870,2026-05-07,4.4244,4.443,4,3
824117,2026-05-07,4.139,3.8688,5,8
824362,2026-05-07,4.6057,4.9667,6,2
824681,2026-05-07,4.3087,3.5568,8,3
824767,2026-05-07,4.1743,4.345,4,8
825090,2026-05-07,4.5885,4.7631,2,4
822822,2026-05-08,4.7378,4.2266,2,0
822904,2026-05-08,4.2355,4.7022,1,7
823225,2026-05-08,3.9745,3.8914,5,2
823303,2026-05-08,4.5811,4.1371,0,6
823466,2026-05-08,5.0649,3.7136,7,9
823794,2026-05-08,4.2234,4.3598,6,0
823871,2026-05-08,4.4844,5.3111,2,3
823957,2026-05-08,4.3195,4.2441,3,1
824116,2026-05-08,4.1163,3.9353,4,3
824443,2026-05-08,4.1802,3.748,6,4
824522,2026-05-08,4.2915,4.6904,0,10
824607,2026-05-08,4.1081,4.5692,8,12
824768,2026-05-08,4.1733,4.249,2,0
824846,2026-05-08,4.6767,4.5539,3,4
825088,2026-05-08,4.828,4.7126,1,3
822820,2026-05-09,4.8124,4.1597,14,1
822905,2026-05-09,4.1579,4.5425,6,0
823224,2026-05-09,3.8697,3.8786,3,13
823304,2026-05-09,4.4618,4.0068,4,2
823468,2026-05-09,5.0071,4.0829,9,3
823792,2026-05-09,4.1436,4.2262,4,3
823869,2026-05-09,4.5058,5.0041,8,7
823955,2026-05-09,4.643,4.5227,2,7
824115,2026-05-09,3.9902,3.9954,5,1
824444,2026-05-09,4.4946,3.8646,1,2
824523,2026-05-09,4.4123,4.4276,3,1
824606,2026-05-09,4.4035,4.836,6,1
824847,2026-05-09,4.6319,4.468,2,6
825089,2026-05-09,4.9769,4.8413,2,1
822819,2026-05-10,4.6544,4.4012,1,6
822902,2026-05-10,4.2862,4.3313,3,0
823221,2026-05-10,4.0096,3.8501,7,6
823305,2026-05-10,4.5432,4.2039,3,2
823463,2026-05-10,5.2775,3.7609,6,0
823793,2026-05-10,4.3669,4.2215,4,3
823868,2026-05-10,4.5641,4.9585,5,2
823954,2026-05-10,4.4456,4.2926,2,7
824113,2026-05-10,4.2244,3.9455,3,6
824440,2026-05-10,4.376,3.8104,4,5
824520,2026-05-10,4.2376,4.5955,5,0
824605,2026-05-10,4.2141,4.4892,2,1
824765,2026-05-10,4.2246,4.2678,1,4
824845,2026-05-10,4.6819,4.6258,2,1
825085,2026-05-10,4.8,4.6915,5,1
822818,2026-05-11,4.4372,4.299,5,8
822901,2026-05-11,4.3812,4.3779,0,1
823953,2026-05-11,4.6374,4.2438,3,9
824199,2026-05-11,4.4518,4.7533,1,3
824441,2026-05-11,4.6194,4.0881,7,2
824844,2026-05-11,4.1652,5.3125,3,2
822817,2026-05-12,4.4555,4.5207,6,7
822903,2026-05-12,4.4195,4.3629,7,4
823385,2026-05-12,4.6338,3.7466,3,1
823632,2026-05-12,4.3215,4.0751,10,2
823712,2026-05-12,4.6804,4.1567,3,0
823790,2026-05-12,4.2802,4.0818,6,4
823951,2026-05-12,4.8285,4.2022,2,6
824197,2026-05-12,4.6539,4.9245,2,10
824442,2026-05-12,4.545,4.1111,3,2
824521,2026-05-12,4.8371,4.5631,4,10
824604,2026-05-12,4.0915,4.3458,6,5
824764,2026-05-12,4.1299,4.4456,1,2
824843,2026-05-12,4.1822,5.1211,2,6
824927,2026-05-12,4.2599,4.804,5,2
825011,2026-05-12,4.6639,4.794,4,6
822815,2026-05-13,4.3975,4.1675,5,3
822900,2026-05-13,4.4255,4.501,6,5
823386,2026-05-13,4.6049,3.8516,4,10
823631,2026-05-13,4.3795,4.0821,3,2
823710,2026-05-13,4.62,4.6401,5,9
823791,2026-05-13,4.2068,3.9528,1,3
823952,2026-05-13,4.5794,4.1857,4,0
824195,2026-05-13,4.5391,4.813,4,3
824438,2026-05-13,4.5742,3.9636,4,2
824519,2026-05-13,4.6622,4.4905,7,8
824603,2026-05-13,4.1178,4.3887,6,5
824763,2026-05-13,4.5277,4.3716,3,1
824841,2026-05-13,4.2308,4.7294,7,0
824928,2026-05-13,4.0775,4.5766,4,1
825010,2026-05-13,4.6856,4.8308,6,2
823383,2026-05-14,4.4962,3.935,7,2
823630,2026-05-14,4.4424,4.0137,9,4
823709,2026-05-14,4.8806,4.677,9,1
823789,2026-05-14,4.1646,3.9475,7,1
823950,2026-05-14,4.5112,4.2262,5,2
824196,2026-05-14,4.4261,4.6215,3,8
824517,2026-05-14,4.5281,4.2962,15,1
824602,2026-05-14,4.0719,4.5214,6,2
824762,2026-05-14,4.0585,4.4601,1,3
824926,2026-05-14,4.2536,4.2692,0,2
825008,2026-05-14,4.6145,4.964,4,5
822739,2026-05-15,4.4319,4.7042,3,2
822983,2026-05-15,4.5403,4.0877,7,2
823061,2026-05-15,4.316,4.2743,5,4
823140,2026-05-15,4.0527,3.9747,0,2
823384,2026-05-15,4.0967,4.0668,9,11
823629,2026-05-15,4.452,4.5708,2,5
823707,2026-05-15,4.3182,5.1621,2,3
824037,2026-05-15,4.0674,5.259,0,6
824194,2026-05-15,4.5138,4.189,2,0
824280,2026-05-15,4.3501,4.357,3,2
824360,2026-05-15,4.567,5.0973,1,9
824439,2026-05-15,4.1931,3.8844,6,7
824601,2026-05-15,4.1513,5.153,5,10
824925,2026-05-15,4.3174,4.3063,3,2
825009,2026-05-15,4.3332,4.5442,5,2
822737,2026-05-16,4.3652,4.5741,13,3
822981,2026-05-16,4.5449,4.0658,5,10
823060,2026-05-16,4.4035,4.185,4,2
823139,2026-05-16,4.0803,3.8795,4,7
823382,2026-05-16,3.5783,3.9109,0,6
823627,2026-05-16,4.5052,4.5202,6,3
823706,2026-05-16,4.239,5.0636,1,2
824038,2026-05-16,4.0782,4.9796,2,15
824193,2026-05-16,4.3872,4.1871,4,1
824278,2026-05-16,4.5334,4.3884,1,2
824359,2026-05-16,4.6969,5.3666,4,2
824435,2026-05-16,4.253,3.9512,7,4
824600,2026-05-16,4.2432,4.6293,8,3
824924,2026-05-16,4.1151,4.3928,2,3
825007,2026-05-16,4.1682,4.4945,4,6
822738,2026-05-17,4.4552,4.5543,3,7
822982,2026-05-17,4.5055,4.0201,6,3
823058,2026-05-17,4.2536,4.3385,0,2
823138,2026-05-17,4.055,4.0393,3,8
823381,2026-05-17,4.1101,4.03,0,6
823628,2026-05-17,4.5,4.4713,7,6
823708,2026-05-17,4.3534,5.1857,5,4
824034,2026-05-17,4.0514,5.4343,1,10
824192,2026-05-17,4.4884,4.2369,0,8
824279,2026-05-17,4.5393,4.3374,1,4
824358,2026-05-17,4.66,5.3078,6,8
824436,2026-05-17,4.4202,3.8188,10,3
824599,2026-05-17,4.287,5.0447,9,8
824923,2026-05-17,4.2489,4.3706,8,1
825006,2026-05-17,4.2862,4.4699,1,10
822734,2026-05-18,4.2899,4.8207,7,16
822980,2026-05-18,4.3313,4.1746,16,6
823137,2026-05-18,4.6147,3.7312,6,1
823301,2026-05-18,4.0253,4.0742,1,0
823465,2026-05-18,4.4984,4.2214,5,4
823549,2026-05-18,5.1321,4.1064,7,6
823705,2026-05-18,4.4016,4.7146,6,3
823867,2026-05-18,4.0847,5.0457,12,0
824035,2026-05-18,3.9571,4.9449,2,1
824114,2026-05-18,4.2918,4.4629,1,3
824277,2026-05-18,4.3934,3.9848,2,8
824357,2026-05-18,4.6439,5.3695,7,6
824680,2026-05-18,4.0372,4.1266,3,9
825087,2026-05-18,4.7001,4.5268,12,2
822736,2026-05-19,4.289,4.7975,9,6
822979,2026-05-19,4.4809,4.3104,4,1
823059,2026-05-19,4.2917,4.0055,9,6
823136,2026-05-19,4.5531,3.7762,1,2
823302,2026-05-19,4.1284,4.2244,4,5
823464,2026-05-19,4.3749,4.0106,1,4
823548,2026-05-19,4.5832,4.1946,5,4
823704,2026-05-19,4.5775,4.8309,1,2
823865,2026-05-19,4.041,5.4821,4,8
824033,2026-05-19,4.2652,5.215,6,14
824112,2026-05-19,4.073,4.5405,1,7
824276,2026-05-19,4.1905,4.0802,3,4
824356,2026-05-19,4.6749,5.331,0,10
824677,2026-05-19,4.0024,4.1178,2,5
825086,2026-05-19,4.483,4.4804,5,3
822735,2026-05-20,4.4774,4.8686,8,4
822977,2026-05-20,4.497,4.5001,5,3
823057,2026-05-20,4.2317,4.0786,0,7
823134,2026-05-20,4.5024,3.6703,5,4
823299,2026-05-20,3.9478,4.2978,0,4
823462,2026-05-20,4.5265,4.3961,4,9
823547,2026-05-20,4.5596,3.9879,1,2
823703,2026-05-20,4.3909,4.6966,4,1
823866,2026-05-20,3.8787,5.3838,1,9
824032,2026-05-20,4.2311,5.0563,5,6
824111,2026-05-20,4.228,4.5122,3,4
824273,2026-05-20,4.2494,4.0168,2,3
824355,2026-05-20,4.601,5.2572,4,5
824678,2026-05-20,4.0409,4.2085,0,5
825084,2026-05-20,4.8169,4.4775,6,3
822733,2026-05-21,4.2597,4.6336,1,2
823056,2026-05-21,4.0527,4.0426,2,6
823545,2026-05-21,4.9572,4.1599,0,2
823864,2026-05-21,3.9514,5.3134,3,9
824031,2026-05-21,4.2117,4.8074,2,3
824274,2026-05-21,4.3684,3.927,1,3
825083,2026-05-21,5.1379,4.3342,2,1
822816,2026-05-22,4.5642,4.1931,6,2
823223,2026-05-22,4.4855,3.9024,4,9
823298,2026-05-22,4.399,4.1133,7,3
823461,2026-05-22,4.231,3.825,0,1
823546,2026-05-22,4.6683,4.3178,2,4
823788,2026-05-22,4.4685,4.1017,5,1
823863,2026-05-22,4.3126,4.602,2,1
824029,2026-05-22,4.2527,4.8698,9,6
824110,2026-05-22,4.3863,4.846,0,2
824679,2026-05-22,4.313,4.0437,2,4
824761,2026-05-22,4.4153,4.1733,6,8
824842,2026-05-22,4.1976,4.4065,7,4
824922,2026-05-22,4.5137,4.1999,5,4
825082,2026-05-22,5.5729,4.3292,2,3
822814,2026-05-23,4.3124,4.4229,5,2
823222,2026-05-23,4.6482,4.1373,10,3
823300,2026-05-23,4.3426,4.0249,2,0
823458,2026-05-23,4.3233,4.0552,3,0
823787,2026-05-23,4.0725,4.3009,3,11
823862,2026-05-23,4.3109,4.5987,4,1
824030,2026-05-23,4.3684,5.0592,5,2
824109,2026-05-23,4.3465,4.2075,5,0
824516,2026-05-23,4.7148,4.5594,7,6
824518,2026-05-23,4.7602,4.5865,1,8
824674,2026-05-23,4.1811,4.0039,0,3
824760,2026-05-23,4.7147,4.183,2,4
824920,2026-05-23,4.5999,4.2047,0,2
825080,2026-05-23,5.2496,4.3213,5,4
822813,2026-05-24,4.7499,4.0237,1,4
823220,2026-05-24,4.5316,4.1631,8,5
823297,2026-05-24,4.1511,3.8129,2,5
823459,2026-05-24,4.2454,4.2478,1,3
823544,2026-05-24,4.5179,3.8657,2,0
823786,2026-05-24,4.0073,4.3339,1,5
823861,2026-05-24,4.2591,4.7025,4,0
824028,2026-05-24,4.4777,5.0024,2,1
824108,2026-05-24,4.2913,4.652,8,6
824676,2026-05-24,4.2827,3.9614,5,8
824759,2026-05-24,4.6324,4.308,5,6
824839,2026-05-24,4.5452,4.4207,5,3
824840,2026-05-24,4.5317,4.3968,1,4
824921,2026-05-24,4.6197,4.0661,1,2
825081,2026-05-24,5.3295,4.32,9,1
822812,2026-05-25,4.7561,4.1986,2,8
822899,2026-05-25,4.1253,4.0861,0,9
823219,2026-05-25,4.6403,4.4154,2,6
823296,2026-05-25,3.93,4.3646,0,3
823380,2026-05-25,4.1941,4.6255,2,1
823625,2026-05-25,4.4936,4.1013,2,7
823784,2026-05-25,4.7887,3.9517,5,1
823948,2026-05-25,5.0048,3.5781,5,3
824107,2026-05-25,4.0064,4.6949,3,4
824437,2026-05-25,4.935,4.0644,2,10
824598,2026-05-25,4.2628,4.6499,3,1
824838,2026-05-25,4.1218,4.2026,9,7
825005,2026-05-25,4.4728,4.753,2,9
822811,2026-05-26,4.728,4.2286,8,1
822898,2026-05-26,4.2762,4.0624,10,7
823216,2026-05-26,4.6718,4.5062,5,7
823294,2026-05-26,4.2515,4.1062,3,4
823379,2026-05-26,4.5295,4.5533,12,1
823624,2026-05-26,4.2882,4.2296,2,7
823785,2026-05-26,4.861,3.9335,6,0
823949,2026-05-26,5.2976,3.8164,15,6
824106,2026-05-26,3.8337,4.9999,1,15
824275,2026-05-26,4.7633,4.0657,6,10
824434,2026-05-26,4.5866,4.0666,3,6
824597,2026-05-26,4.1559,4.5301,3,5
824758,2026-05-26,3.9367,4.6626,6,7
824837,2026-05-26,4.3471,4.4467,6,1
825004,2026-05-26,4.5725,4.7679,1,4
822809,2026-05-27,4.6903,4.3377,2,1
822897,2026-05-27,4.1828,3.9449,3,4
823217,2026-05-27,4.5655,4.4246,2,3
823295,2026-05-27,3.922,4.3607,0,3
823376,2026-05-27,4.4815,4.593,4,10
823626,2026-05-27,4.4731,4.1621,4,2
823783,2026-05-27,4.8395,3.9267,2,1
823947,2026-05-27,5.3886,3.652,4,1
824104,2026-05-27,4.0539,4.6959,0,7
824270,2026-05-27,4.4863,3.962,4,0
824432,2026-05-27,4.8885,4.0707,3,2
824596,2026-05-27,4.3516,4.6691,15,2
824756,2026-05-27,4.1557,4.7505,8,0
824836,2026-05-27,4.3952,4.5938,11,2
825003,2026-05-27,4.289,4.7704,1,9
822896,2026-05-28,4.1341,3.9695,1,5
823378,2026-05-28,4.5737,4.4814,2,7
824272,2026-05-28,4.7051,4.1765,1,7
824595,2026-05-28,4.3421,4.2689,6,2
824757,2026-05-28,3.9058,4.4603,2,10
824834,2026-05-28,4.8273,4.731,1,2
822732,2026-05-29,4.3308,4.7203,5,7
822894,2026-05-29,4.0989,3.8588,9,1
822978,2026-05-29,4.6292,4.0485,8,5
823055,2026-05-29,4.2166,4.539,6,5
823135,2026-05-29,4.5837,4.2882,7,6
823377,2026-05-29,4.2995,4.3476,6,5
823623,2026-05-29,4.7165,4.2623,9,7
823946,2026-05-29,4.5327,4.3009,4,2
824191,2026-05-29,4.1544,4.4795,4,5
824353,2026-05-29,4.8494,4.7362,8,6
824433,2026-05-29,4.3773,4.3108,4,3
824515,2026-05-29,4.231,5.1553,3,8
824594,2026-05-29,3.9415,4.3596,4,3
824835,2026-05-29,4.5406,4.6983,5,6
825002,2026-05-29,4.068,4.8833,2,8
822731,2026-05-30,4.0508,4.8578,9,4
822893,2026-05-30,4.2777,4.0285,7,6
822975,2026-05-30,4.6641,4.047,3,14
823054,2026-05-30,4.2695,4.4296,1,6
823132,2026-05-30,4.5717,4.3119,5,1
823375,2026-05-30,4.6739,4.2006,10,9
823622,2026-05-30,4.7657,4.2601,6,1
823945,2026-05-30,4.2962,4.1803,3,4
824190,2026-05-30,3.849,4.7645,9,2
824352,2026-05-30,4.9132,4.7387,8,3
824431,2026-05-30,4.2374,4.1872,1,9
824513,2026-05-30,4.2409,5.2769,2,5
824593,2026-05-30,4.1703,4.2825,7,1
824833,2026-05-30,4.3746,4.593,6,5
825000,2026-05-30,4.0311,5.121,6,4
822729,2026-05-31,4.2148,4.9298,4,2
822895,2026-05-31,4.0461,3.9269,6,3
822976,2026-05-31,4.7264,3.9508,5,2
823053,2026-05-31,4.3392,4.4586,5,1
823133,2026-05-31,4.5921,4.4488,3,2
823373,2026-05-31,4.5461,3.9506,9,3
823621,2026-05-31,4.8002,4.271,10,1
823944,2026-05-31,4.5691,4.0571,9,1
824187,2026-05-31,3.7541,4.7912,0,2
824354,2026-05-31,4.7796,4.8079,6,19
824430,2026-05-31,4.2786,4.3204,4,9
824512,2026-05-31,3.9635,4.8432,6,4
824592,2026-05-31,4.2655,4.2595,2,1
824832,2026-05-31,4.2792,4.3944,9,5
825001,2026-05-31,4.0808,5.4301,8,13
822730,2026-06-01,4.6346,4.5649,3,7
822974,2026-06-01,4.1648,3.9181,9,10
823050,2026-06-01,4.4235,4.26,1,2
823131,2026-06-01,4.1232,4.1194,3,2
823702,2026-06-01,4.839,4.1611,9,6
823781,2026-06-01,4.3389,4.103,16,2
824027,2026-06-01,4.561,4.3395,8,9
824510,2026-06-01,4.0134,4.2837,2,9
825078,2026-06-01,4.2227,5.2454,4,1
822728,2026-06-02,4.5775,4.6796,3,7
822971,2026-06-02,4.1801,4.0587,0,8
823052,2026-06-02,4.3606,4.1491,4,7
823129,2026-06-02,4.2844,4.0115,8,3
823460,2026-06-02,4.8477,4.5707,3,2
823541,2026-06-02,4.5267,3.9109,4,9
823700,2026-06-02,4.8619,4.5219,6,4
823782,2026-06-02,4.3325,4.009,8,3
824026,2026-06-02,4.5852,4.4423,2,8
824189,2026-06-02,3.9038,3.9437,6,10
824511,2026-06-02,4.282,4.2725,4,3
824675,2026-06-02,4.3063,3.9453,1,2
824754,2026-06-02,4.856,4.4329,2,4
824918,2026-06-02,4.209,4.1483,4,3
825079,2026-06-02,4.6888,5.4043,5,6
822727,2026-06-03,4.4965,4.5262,1,4
822973,2026-06-03,4.1499,4.0103,2,7
823051,2026-06-03,4.452,4.2332,5,3
823130,2026-06-03,4.4067,4.0509,1,7
823456,2026-06-03,4.8058,4.0269,3,2
823540,2026-06-03,4.265,4.0874,4,5
823701,2026-06-03,4.9307,4.134,0,8
823780,2026-06-03,4.4854,4.1695,0,1
824024,2026-06-03,4.5866,4.3258,11,4
824188,2026-06-03,3.7935,4.0956,11,9
824509,2026-06-03,4.3102,4.0973,2,5
824671,2026-06-03,4.4914,3.8826,4,5
824755,2026-06-03,4.9649,4.3036,8,1
824917,2026-06-03,4.2937,3.97,7,3
825077,2026-06-03,4.0814,5.2852,0,7
823457,2026-06-04,4.772,4.2793,6,4
823542,2026-06-04,4.4619,3.9095,2,1
823698,2026-06-04,4.3273,4.343,6,8
823779,2026-06-04,4.5396,3.9521,9,12
824185,2026-06-04,3.882,3.8846,1,5
824672,2026-06-04,4.3569,3.9589,7,6
824753,2026-06-04,5.0112,4.517,2,8
824919,2026-06-04,4.1322,3.8852,2,7
825076,2026-06-04,4.5273,5.1546,3,2
822810,2026-06-05,4.7158,4.2439,3,13
822892,2026-06-05,3.9113,3.7887,3,2
823049,2026-06-05,4.4384,4.2894,10,3
823293,2026-06-05,4.2392,4.1615,0,5
823455,2026-06-05,5.05,3.8049,8,6
823538,2026-06-05,4.6541,4.2533,3,5
823699,2026-06-05,4.2574,4.4621,5,3
823860,2026-06-05,4.127,4.6384,0,6
823943,2026-06-05,5.0352,3.9346,1,0
824186,2026-06-05,4.1281,4.2872,5,1
824271,2026-06-05,4.2954,4.6557,7,3
824350,2026-06-05,4.2931,5.8065,7,9
824673,2026-06-05,4.2367,4.1027,3,18
824914,2026-06-05,4.1625,3.9904,6,3
825073,2026-06-05,5.1572,4.8984,1,14
822808,2026-06-06,4.7527,4.3812,6,4
822891,2026-06-06,4.1924,3.6242,0,6
823048,2026-06-06,4.3636,4.1601,6,5
823292,2026-06-06,4.2688,4.4275,3,2
823454,2026-06-06,5.25,4.047,3,6
823697,2026-06-06,4.2058,4.316,2,3
823859,2026-06-06,3.99,4.6118,4,3
823942,2026-06-06,5.2399,3.9609,9,2
824184,2026-06-06,4.3236,4.2905,13,2
824269,2026-06-06,4.4083,4.4799,0,4
824351,2026-06-06,4.1326,5.9857,1,7
824669,2026-06-06,4.2081,4.0449,3,2
824915,2026-06-06,3.9198,3.7887,6,3
825075,2026-06-06,5.0387,5.0423,1,6
822807,2026-06-07,4.8091,4.4039,6,4
822890,2026-06-07,4.1951,3.6379,10,0
823047,2026-06-07,4.2761,4.3317,5,3
823291,2026-06-07,4.1516,4.193,3,7
823453,2026-06-07,5.1931,4.0969,9,5
823537,2026-06-07,4.4634,4.3154,6,1
823696,2026-06-07,4.2961,4.5342,5,6
823857,2026-06-07,4.0711,4.8253,4,1
823941,2026-06-07,4.8767,4.0411,5,13
824183,2026-06-07,4.2297,4.3684,0,5
824268,2026-06-07,4.3462,4.5174,5,4
824349,2026-06-07,4.1811,5.9768,4,12
824670,2026-06-07,4.4119,4.1601,1,2
824916,2026-06-07,4.0546,4.094,3,2
825074,2026-06-07,4.7242,4.96,5,1
822806,2026-06-08,4.2297,4.5584,2,5
822972,2026-06-08,4.1055,4.5109,3,1
823218,2026-06-08,4.7537,4.2497,3,4
823289,2026-06-08,4.1994,3.9439,6,2
824025,2026-06-08,4.1337,4.8513,4,5
824427,2026-06-08,4.1069,4.2977,5,7
824829,2026-06-08,4.6128,4.8946,3,6
824998,2026-06-08,3.8947,5.4394,14,15
822805,2026-06-09,4.3466,4.5656,3,2
822969,2026-06-09,3.9583,4.4192,4,3
823214,2026-06-09,4.5078,4.4234,3,6
823290,2026-06-09,3.8756,3.9934,3,5
823374,2026-06-09,4.402,4.3785,3,12
823620,2026-06-09,4.6735,4.1001,0,7
823858,2026-06-09,4.5291,4.9051,10,6
824023,2026-06-09,4.0016,4.6482,10,1
824105,2026-06-09,4.379,3.9947,5,3
824267,2026-06-09,4.3632,4.1849,10,4
824347,2026-06-09,4.9149,5.733,7,3
824429,2026-06-09,4.1354,4.5899,2,3
824591,2026-06-09,3.9345,4.5575,6,5
824830,2026-06-09,4.5159,4.8955,5,6
824999,2026-06-09,4.2929,5.2323,7,5
822804,2026-06-10,4.36,4.5614,4,7
822970,2026-06-10,4.2061,4.3122,7,5
823215,2026-06-10,4.5582,4.5809,11,10
823287,2026-06-10,4.3026,3.8948,5,4
823372,2026-06-10,3.8677,4.4552,9,8
823618,2026-06-10,4.731,4.1335,2,9
823856,2026-06-10,4.4922,5.3392,8,0
824022,2026-06-10,4.1031,4.722,3,2
824103,2026-06-10,4.5289,4.0463,4,6
824266,2026-06-10,4.7086,4.1037,4,6
824348,2026-06-10,4.7496,5.6989,3,2
824428,2026-06-10,4.0388,4.3513,4,8
824590,2026-06-10,3.8218,4.4018,2,1
824831,2026-06-10,4.4043,4.7929,7,2
824996,2026-06-10,4.1797,5.2711,4,3
823371,2026-06-11,4.2422,5.1466,6,8
823619,2026-06-11,4.751,4.1898,5,4
823855,2026-06-11,4.553,5.1736,2,0
824101,2026-06-11,4.6468,4.0063,2,4
824265,2026-06-11,4.5884,4.2217,11,0
824346,2026-06-11,4.4808,5.7073,3,9
824827,2026-06-11,4.3716,4.4912,7,5
822726,2026-06-12,4.1772,4.8935,2,10
822803,2026-06-12,4.448,4.5852,8,5
823211,2026-06-12,4.5606,4.6613,1,5
823370,2026-06-12,4.6512,4.028,3,8
823617,2026-06-12,4.1692,4.4839,7,5
823695,2026-06-12,4.8148,4.4627,9,8
823778,2026-06-12,4.3121,3.5453,6,0
824020,2026-06-12,4.0498,4.8723,4,3
824102,2026-06-12,4.2678,4.378,8,10
824425,2026-06-12,3.9907,3.9977,3,2
824507,2026-06-12,4.9076,4.7601,2,5
824588,2026-06-12,3.83,4.8546,8,2
824752,2026-06-12,4.5809,4.196,10,1
824826,2026-06-12,4.3836,4.5691,7,3
824997,2026-06-12,4.9272,4.565,6,4
822725,2026-06-13,4.2249,4.7445,8,3
822802,2026-06-13,4.5255,4.6273,1,3
823213,2026-06-13,4.0966,4.7022,1,6
823369,2026-06-13,4.5772,4.2722,3,2
823616,2026-06-13,4.3718,4.673,1,3
823694,2026-06-13,4.7342,4.7065,6,9
823776,2026-06-13,4.2927,3.9528,8,9
824019,2026-06-13,4.1106,4.5189,8,0
824100,2026-06-13,4.2431,4.3135,7,8
824426,2026-06-13,4.2492,4.0528,3,1
824508,2026-06-13,4.6708,4.7218,2,1
824587,2026-06-13,3.8714,4.3404,1,7
824749,2026-06-13,4.5293,4.1712,6,3
824828,2026-06-13,4.8372,4.4954,3,9
824995,2026-06-13,5.0939,4.5543,7,5
822722,2026-06-14,4.2732,5.0918,10,1
822801,2026-06-14,4.7007,5.0867,3,8
823212,2026-06-14,4.2642,4.6065,5,1
823368,2026-06-14,4.5436,4.1625,2,4
823615,2026-06-14,4.3584,4.3748,8,1
823693,2026-06-14,4.9033,4.6278,5,4
823777,2026-06-14,4.0449,4.0005,4,0
824021,2026-06-14,4.1178,4.6072,3,8
824099,2026-06-14,4.2813,4.3823,4,0
824506,2026-06-14,4.6467,4.7899,3,5
824586,2026-06-14,3.9744,4.8598,6,4
824751,2026-06-14,4.7059,4.1911,4,6
824823,2026-06-14,4.5899,4.6138,2,5
824994,2026-06-14,5.0212,4.6021,9,23
822724,2026-06-15,4.2427,4.5741,7,3
822887,2026-06-15,4.4455,3.8217,2,4
823046,2026-06-15,4.0942,3.7497,3,0
823452,2026-06-15,5.0016,4.0937,7,0
823938,2026-06-15,4.939,4.1529,4,3
824181,2026-06-15,3.9928,4.1879,3,9
824505,2026-06-15,4.5392,4.2466,12,0
824666,2026-06-15,4.8164,3.7064,5,4
824993,2026-06-15,4.1174,4.5999,11,2
825071,2026-06-15,5.0484,4.5234,4,3
822723,2026-06-16,4.2617,4.532,6,4
822888,2026-06-16,4.4587,3.8846,2,12
823045,2026-06-16,4.2063,4.3152,3,2
823128,2026-06-16,4.4936,4.1124,3,1
823451,2026-06-16,5.1015,4.1472,8,2
823535,2026-06-16,4.8793,3.9819,12,2
823775,2026-06-16,4.3654,3.824,2,1
823939,2026-06-16,4.5386,4.0913,1,0
824182,2026-06-16,4.2821,4.4816,4,2
824504,2026-06-16,4.517,4.7053,5,3
824667,2026-06-16,4.7598,3.717,2,5
824750,2026-06-16,4.2102,4.3059,1,6
824912,2026-06-16,4.2767,4.189,2,7
824991,2026-06-16,4.8139,4.6993,5,6
825070,2026-06-16,4.956,4.5253,0,7
822721,2026-06-17,4.1105,4.5966,2,6
823044,2026-06-17,4.0614,4.3451,1,6
823127,2026-06-17,4.4627,4.2588,3,5
823450,2026-06-17,5.0851,4.3345,4,12
823536,2026-06-17,4.9017,3.8028,10,5
823774,2026-06-17,4.1207,3.8878,9,4
823940,2026-06-17,4.5593,3.8481,5,4
824178,2026-06-17,4.231,4.1488,4,2
824503,2026-06-17,4.4187,4.434,1,9
824668,2026-06-17,4.9374,3.7613,8,6
824746,2026-06-17,4.2603,4.4366,0,3
824913,2026-06-17,4.3369,4.3002,5,7
824992,2026-06-17,4.1387,5.0352,4,12
825072,2026-06-17,5.1327,4.4731,8,1
822889,2026-06-18,4.3025,3.9594,3,9
823125,2026-06-18,4.4419,4.1221,3,0
823448,2026-06-18,4.5892,4.425,4,6
823533,2026-06-18,5.23,3.8782,1,5
823772,2026-06-18,4.2664,3.7367,2,4
824098,2026-06-18,4.3877,4.2224,14,6
824748,2026-06-18,4.4005,4.3351,3,4
824989,2026-06-18,4.9988,4.5861,5,0
822886,2026-06-19,4.2298,3.9177,9,7
822966,2026-06-19,4.8166,4.2948,5,2
823124,2026-06-19,4.1159,4.149,2,6
823534,2026-06-19,4.7896,4.1523,5,0
823853,2026-06-19,4.1678,4.5476,4,3
823936,2026-06-19,5.3441,4.1823,6,5
824097,2026-06-19,4.5763,4.2857,6,5
824179,2026-06-19,4.4267,4.0866,9,3
824264,2026-06-19,4.7236,3.8927,4,3
824345,2026-06-19,4.3104,5.3479,4,3
824663,2026-06-19,4.2764,3.9817,16,2
824910,2026-06-19,3.9086,4.6511,3,2
824990,2026-06-19,4.628,4.7198,12,11
825069,2026-06-19,4.7889,4.4968,9,5
822885,2026-06-20,4.2042,3.9524,4,6
822967,2026-06-20,4.5363,4.3193,3,4
823126,2026-06-20,4.1384,4.2242,1,5
823447,2026-06-20,4.5982,4.1221,15,3
823532,2026-06-20,4.7259,4.3912,2,10
823854,2026-06-20,4.1332,4.3523,6,3
823937,2026-06-20,5.2828,4.274,2,3
824180,2026-06-20,4.2591,4.0449,1,8
824263,2026-06-20,4.8317,3.9997,4,1
824342,2026-06-20,4.3224,5.222,2,1
824665,2026-06-20,4.6308,4.2266,6,8
824909,2026-06-20,4.0255,4.26,4,3
824988,2026-06-20,4.7885,4.4917,0,7
825068,2026-06-20,4.8721,4.9379,8,16
822883,2026-06-21,4.0777,4.0819,4,3
822968,2026-06-21,4.4137,4.2462,4,3
823123,2026-06-21,3.9219,4.1233,3,1
823449,2026-06-21,4.8146,4.1309,6,2
823531,2026-06-21,4.2669,4.485,1,4
823852,2026-06-21,3.6577,4.6681,2,1
823934,2026-06-21,5.245,4.2337,1,12
824095,2026-06-21,4.5805,4.2406,10,12
824177,2026-06-21,4.2659,4.1935,2,1
824260,2026-06-21,4.8353,4.0258,5,4
824343,2026-06-21,4.4766,5.0537,6,8
824908,2026-06-21,4.1003,4.6062,4,9
824987,2026-06-21,4.8236,4.6291,7,9
825067,2026-06-21,5.1532,4.9886,2,4
822720,2026-06-22,4.1372,4.5292,4,1
822800,2026-06-22,4.1421,4.3243,4,2
822964,2026-06-22,4.1745,4.0602,1,2
823040,2026-06-22,4.754,4.55,3,2
823288,2026-06-22,4.1392,4.2258,1,0
823692,2026-06-22,4.2491,5.5862,1,2
823851,2026-06-22,4.4683,4.8589,3,4
824016,2026-06-22,4.4216,4.7819,1,6
824261,2026-06-22,4.1148,4.4222,5,3
824344,2026-06-22,4.734,5.3939,3,2
824502,2026-06-22,4.3529,4.9043,1,2
824585,2026-06-22,3.9432,4.4571,6,5
822718,2026-06-23,4.0223,4.8151,9,14
822799,2026-06-23,4.61,4.7683,7,9
822963,2026-06-23,4.0483,4.0243,5,12
823043,2026-06-23,4.621,4.4613,3,4
823210,2026-06-23,4.5733,4.1794,3,1
823286,2026-06-23,4.2167,4.3955,7,6
823365,2026-06-23,4.2318,4.8595,2,3
823614,2026-06-23,4.4936,4.6165,6,9
823690,2026-06-23,4.4016,5.4472,3,12
823849,2026-06-23,4.5616,4.8103,6,4
824017,2026-06-23,4.4561,4.795,5,1
824262,2026-06-23,4.1156,4.3958,3,4
824340,2026-06-23,4.5677,5.4369,2,5
824501,2026-06-23,3.9898,4.9372,0,2
824584,2026-06-23,4.0238,4.057,2,1
822719,2026-06-24,4.2859,4.8506,4,5
822798,2026-06-24,4.5361,4.3893,1,3
822965,2026-06-24,4.1113,4.0852,5,3
823041,2026-06-24,4.6361,4.5719,4,9
823208,2026-06-24,4.2844,4.4017,2,1
823284,2026-06-24,4.1469,4.4268,5,2
823367,2026-06-24,4.2038,4.3315,11,1
823611,2026-06-24,4.5406,4.4691,5,10
823613,2026-06-24,4.6257,4.3884,3,10
823691,2026-06-24,4.1717,5.022,3,4
823850,2026-06-24,4.4407,5.0991,4,2
824018,2026-06-24,4.4685,4.5162,7,6
824259,2026-06-24,4.1168,4.3171,2,4
824341,2026-06-24,4.4491,5.4416,8,6
824500,2026-06-24,4.2049,4.7625,5,6
824583,2026-06-24,4.1424,4.1459,3,4
822717,2026-06-25,3.9848,4.8772,5,10
822797,2026-06-25,4.6897,4.3297,5,6
822961,2026-06-25,4.1517,4.3009,13,2
823209,2026-06-25,4.5261,4.0519,6,9
823366,2026-06-25,4.113,4.5891,5,1
823612,2026-06-25,4.6903,4.5712,3,4
824258,2026-06-25,4.1163,4.2649,1,2
824747,2026-06-25,3.9087,4.7617,6,3
822796,2026-06-26,4.6057,4.7031,4,5
822962,2026-06-26,4.6647,4.3711,6,1
823039,2026-06-26,4.4204,4.3455,0,4
823206,2026-06-26,4.1444,4.4762,1,3
823285,2026-06-26,3.8971,4.2913,7,1
823363,2026-06-26,4.2947,4.0098,4,6
823610,2026-06-26,4.2014,4.5021,1,2
823688,2026-06-26,5.162,4.6668,9,8
823773,2026-06-26,4.8622,4.1514,6,2
824014,2026-06-26,4.3125,4.9131,3,9
824255,2026-06-26,4.3182,4.3081,8,0
824423,2026-06-26,4.2967,4.4535,1,3
824582,2026-06-26,3.8654,4.5232,22,1
824743,2026-06-26,4.1579,4.7364,6,1
824824,2026-06-26,4.6995,4.5566,3,1
822794,2026-06-27,4.7024,4.2091,4,7
822960,2026-06-27,4.6299,4.3649,4,2
823038,2026-06-27,4.417,4.2842,1,5
823207,2026-06-27,4.0994,4.3807,5,0
823283,2026-06-27,3.9825,4.2919,3,15
823364,2026-06-27,4.0039,4.2715,7,9
823609,2026-06-27,4.4298,4.4917,6,2
823689,2026-06-27,4.9857,4.874,5,8
823770,2026-06-27,4.8774,4.184,2,8
824015,2026-06-27,4.1831,4.9659,5,2
824257,2026-06-27,4.2596,4.2233,6,8
824421,2026-06-27,4.1507,4.4851,4,3
824581,2026-06-27,3.8981,4.3417,2,1
824745,2026-06-27,4.1301,4.5264,4,1
824825,2026-06-27,4.7102,4.4494,3,4
822795,2026-06-28,4.7077,4.4777,2,3
822959,2026-06-28,4.6876,4.2541,5,1
823037,2026-06-28,4.4304,4.3232,2,1
823204,2026-06-28,3.8234,4.4907,3,2
823281,2026-06-28,4.1074,4.2923,2,4
823362,2026-06-28,4.3269,4.5854,9,4
823608,2026-06-28,4.2811,4.4991,4,5
823686,2026-06-28,5.1581,4.7073,3,2
823769,2026-06-28,4.6294,4.2027,3,4
824011,2026-06-28,4.3263,5.0974,4,1
824256,2026-06-28,4.0206,4.4245,5,7
824422,2026-06-28,4.3602,4.4287,6,5
824580,2026-06-28,3.8193,4.1528,4,5
824744,2026-06-28,4.1223,4.5315,5,4
824821,2026-06-28,4.8333,4.2245,4,6
822792,2026-06-29,4.4879,4.4099,2,1
823121,2026-06-29,4.5776,3.9439,6,2
823444,2026-06-29,4.4596,4.2326,7,11
823529,2026-06-29,4.3889,4.0882,3,7
823771,2026-06-29,4.4514,3.8705,5,3
824176,2026-06-29,4.5741,4.2346,4,5
824339,2026-06-29,4.778,5.1853,7,10
824420,2026-06-29,4.4082,3.7834,3,6
824662,2026-06-29,4.319,4.0139,3,2
824741,2026-06-29,4.8219,4.2094,6,3
824822,2026-06-29,4.6934,4.2139,2,8
824986,2026-06-29,4.3398,5.393,4,9
825065,2026-06-29,4.8246,4.4955,5,4
822793,2026-06-30,4.491,4.563,0,3
823122,2026-06-30,4.4452,3.9155,8,3
823445,2026-06-30,4.5599,3.8235,8,0
823528,2026-06-30,4.2648,3.9021,3,9
823768,2026-06-30,4.583,3.7931,7,2
824096,2026-06-30,4.1135,3.8765,4,10
824175,2026-06-30,4.545,4.4711,6,4
824338,2026-06-30,4.6797,4.9417,3,14
824418,2026-06-30,4.3368,3.8758,2,4
824661,2026-06-30,4.2967,3.923,9,7
824742,2026-06-30,4.6691,4.1577,1,8
824819,2026-06-30,4.854,4.311,3,9
824907,2026-06-30,4.4665,4.3727,3,5
824984,2026-06-30,4.2518,5.6445,3,9
825066,2026-06-30,4.5165,4.6782,8,2
822791,2026-07-01,4.6438,4.6027,9,3
823446,2026-07-01,4.4509,3.8185,10,6
823530,2026-07-01,4.244,4.3089,2,6
823767,2026-07-01,4.5504,3.8528,4,2
824094,2026-07-01,4.1765,4.1821,0,4
824174,2026-07-01,4.4548,4.2412,3,8
824337,2026-07-01,4.6112,5.4303,6,3
824419,2026-07-01,4.3774,3.8713,9,4
824660,2026-07-01,4.1573,4.1434,23,3
824740,2026-07-01,4.5841,4.3703,2,10
824818,2026-07-01,4.9237,4.3818,6,1
824905,2026-07-01,4.4688,4.2668,5,1
824985,2026-07-01,4.2623,5.5891,7,1
825064,2026-07-01,4.9126,4.8147,4,6
822884,2026-07-02,4.2641,3.7661,10,4
823119,2026-07-02,4.497,3.8791,1,0
823442,2026-07-02,4.4924,3.9001,1,6
823765,2026-07-02,4.2309,3.7542,2,7
823935,2026-07-02,4.8268,4.024,12,7
824093,2026-07-02,4.2601,4.2407,2,5
824335,2026-07-02,4.7308,5.2494,14,4
824416,2026-07-02,4.5835,3.7974,6,5
824906,2026-07-02,4.3881,4.1405,5,11
822714,2026-07-03,4.3444,4.5221,9,5
823120,2026-07-03,4.0723,4.072,0,2
823527,2026-07-03,5.1138,4.1279,5,2
823933,2026-07-03,5.045,3.9763,4,3
824013,2026-07-03,4.0105,4.8618,2,5
824173,2026-07-03,4.3218,4.1808,1,3
824336,2026-07-03,4.8512,4.9414,15,3
824417,2026-07-03,4.5684,3.8377,4,3
824498,2026-07-03,4.5882,4.3434,0,3
824659,2026-07-03,4.9248,4.2403,1,17
824904,2026-07-03,4.2553,4.4205,5,3
824982,2026-07-03,4.7349,4.739,5,12
825062,2026-07-03,4.2868,4.8704,4,7
822716,2026-07-04,4.2358,4.8522,1,7
822882,2026-07-04,4.0874,4.1173,0,3
823118,2026-07-04,4.253,3.8598,11,0
823526,2026-07-04,4.9407,4.5358,4,11
823932,2026-07-04,4.9314,4.232,3,0
824012,2026-07-04,4.0961,5.0219,1,8
824092,2026-07-04,3.953,4.2087,1,6
824171,2026-07-04,3.957,3.9782,10,8
824334,2026-07-04,4.9686,5.1635,4,6
824415,2026-07-04,4.4987,3.8192,1,3
824499,2026-07-04,4.5061,4.8033,5,8
824658,2026-07-04,4.8976,4.2316,0,3
824903,2026-07-04,4.3807,4.026,14,3
824983,2026-07-04,4.6882,5.0938,2,7
825063,2026-07-04,4.549,5.4673,4,3
822715,2026-07-05,4.3969,4.7788,5,11
822879,2026-07-05,4.0834,3.795,3,6
823117,2026-07-05,4.2174,3.9725,4,0
823525,2026-07-05,4.8027,4.2252,1,6
823931,2026-07-05,5.0991,4.1214,2,5
824010,2026-07-05,4.0488,5.04,5,7
824091,2026-07-05,4.0818,4.602,5,2
824172,2026-07-05,4.229,4.1758,2,0
824333,2026-07-05,4.9261,5.0595,7,6
824413,2026-07-05,4.4934,3.8906,6,7
824497,2026-07-05,4.43,4.5609,3,2
824656,2026-07-05,4.8736,4.2104,6,4
824902,2026-07-05,4.2619,4.2823,9,10
824980,2026-07-05,4.7216,4.8006,8,9
825061,2026-07-05,4.0903,5.043,2,3
822712,2026-07-06,4.2208,5.0637,12,11
822958,2026-07-06,3.9475,4.3436,1,5
823036,2026-07-06,4.171,4.5301,3,4
823205,2026-07-06,4.217,4.019,10,1
823282,2026-07-06,4.5867,4.4294,0,8
823930,2026-07-06,5.0651,3.9509,8,7
824089,2026-07-06,3.9039,4.6316,15,1
824900,2026-07-06,4.357,4.1798,6,7
822713,2026-07-07,4.1995,4.6053,3,6
822881,2026-07-07,4.4301,3.7876,8,3
822956,2026-07-07,4.163,4.3191,6,4
823035,2026-07-07,4.0925,4.6173,2,10
823062,2026-07-07,3.8177,4.5625,3,4
823203,2026-07-07,4.1591,4.1346,3,9
823280,2026-07-07,4.5502,4.6442,4,1
823361,2026-07-07,4.211,4.3283,12,4
823607,2026-07-07,4.4858,4.2176,12,16
823687,2026-07-07,4.2399,4.5799,3,1
823847,2026-07-07,4.3227,4.4974,6,5
823929,2026-07-07,5.237,3.8286,3,4
824254,2026-07-07,4.6029,4.0977,6,2
824495,2026-07-07,3.9446,4.2895,1,4
824579,2026-07-07,4.028,4.6191,1,8
824820,2026-07-07,4.4686,4.9092,2,5
822710,2026-07-08,4.3426,4.7029,8,2
822880,2026-07-08,4.4671,3.8872,1,13
822957,2026-07-08,4.0379,4.2786,3,0
823032,2026-07-08,3.9143,4.4541,5,1
823202,2026-07-08,4.0377,4.1671,0,10
823279,2026-07-08,4.5696,4.3043,10,4
823360,2026-07-08,4.4429,4.5563,0,3
823605,2026-07-08,4.3107,4.0307,6,2
823684,2026-07-08,4.3945,4.7626,6,5
823848,2026-07-08,4.3638,4.9529,2,0
823928,2026-07-08,5.2499,3.9626,4,3
824253,2026-07-08,4.37,4.0972,6,1
824496,2026-07-08,4.0492,4.0919,11,5
824578,2026-07-08,4.0812,4.5531,0,5
824815,2026-07-08,4.6329,4.9496,7,9
822877,2026-07-09,4.4756,3.795,7,6
822954,2026-07-09,4.195,4.2381,4,12
823034,2026-07-09,4.1952,4.4639,4,8
823201,2026-07-09,4.6433,4.0936,8,2
823277,2026-07-09,4.5657,4.6812,1,3
823359,2026-07-09,4.3149,4.6741,5,10
823606,2026-07-09,4.4044,4.4233,7,3
823683,2026-07-09,4.3627,4.8407,2,5
823846,2026-07-09,4.2405,4.9197,8,4
824251,2026-07-09,4.36,4.2669,4,1
824494,2026-07-09,3.8889,4.2308,0,1
824577,2026-07-09,4.1264,4.5485,1,2
824816,2026-07-09,4.6427,4.9177,3,2
822709,2026-07-10,4.1501,5.2264,3,5
822878,2026-07-10,4.0759,4.3733,7,3
822955,2026-07-10,4.4643,4.3411,7,2
823033,2026-07-10,3.9717,4.3728,2,1
823200,2026-07-10,4.7375,3.8853,3,4
823278,2026-07-10,4.3283,3.991,3,5
823604,2026-07-10,4.4911,4.3762,2,6
823685,2026-07-10,5.066,4.5779,3,4
823845,2026-07-10,4.2786,4.7086,2,3
823927,2026-07-10,5.1258,4.5822,3,9
824252,2026-07-10,4.2349,4.0486,10,2
824493,2026-07-10,4.3345,4.5925,4,0
824575,2026-07-10,4.4511,4.1722,14,1
824817,2026-07-10,4.3134,4.2617,5,3
822711,2026-07-11,4.0555,5.5624,2,4
822875,2026-07-11,4.2268,4.0574,3,9
822953,2026-07-11,4.3105,4.2668,6,1
823030,2026-07-11,4.1384,4.4239,4,1
823198,2026-07-11,4.6835,3.9694,4,2
823276,2026-07-11,4.2576,4.0843,8,7
823356,2026-07-11,4.4748,4.6513,3,2
823357,2026-07-11,4.211,4.5343,7,6
823603,2026-07-11,4.5854,4.688,0,4
823682,2026-07-11,4.9692,4.305,5,3
823844,2026-07-11,4.1976,4.3304,1,4
823926,2026-07-11,4.9217,4.4291,2,9
824249,2026-07-11,4.129,4.0319,2,4
824492,2026-07-11,4.3758,4.7543,3,5
824576,2026-07-11,4.2923,4.2075,1,0
824813,2026-07-11,4.4942,4.3317,6,1
822708,2026-07-12,4.5237,5.3747,3,5
822876,2026-07-12,4.328,4.2951,6,5
822951,2026-07-12,4.5454,4.3,2,8
823029,2026-07-12,4.1067,4.363,3,4
823199,2026-07-12,4.7493,4.2152,3,1
823274,2026-07-12,4.1863,4.1418,5,4
823358,2026-07-12,4.5398,4.5669,14,5
823602,2026-07-12,4.2816,4.6187,2,3
823681,2026-07-12,4.8858,4.2553,4,2
823842,2026-07-12,4.0499,4.642,2,5
823925,2026-07-12,4.7894,4.303,3,5
824250,2026-07-12,3.9951,3.9835,0,5
824491,2026-07-12,4.3116,4.6402,4,8
824574,2026-07-12,4.5427,4.2636,9,1
824814,2026-07-12,4.4993,4.2582,8,2
823440,2026-07-16,4.5467,4.4299,1,4
822789,2026-07-17,4.7995,4.1697,4,12
823115,2026-07-17,4.1491,3.9951,0,7
823524,2026-07-17,4.3856,4.6086,1,2
823766,2026-07-17,4.8269,3.8597,2,1
824009,2026-07-17,3.9054,4.7888,1,2
824090,2026-07-17,4.1271,4.6743,7,6
824170,2026-07-17,4.4748,4.4273,2,3
824332,2026-07-17,4.6435,5.2454,2,7
824655,2026-07-17,4.7383,4.0969,2,5
824737,2026-07-17,4.1898,4.0798,5,3
824766,2026-07-17,4.077,4.226,10,0
824901,2026-07-17,4.493,3.8479,15,1
824981,2026-07-17,4.5564,5.0279,4,23
825060,2026-07-17,5.0713,4.6262,4,5
822790,2026-07-18,4.6361,4.4566,1,0
823116,2026-07-18,4.2397,4.1079,4,3
823441,2026-07-18,4.8215,4.1417,6,1
823763,2026-07-18,4.7999,4.0469,8,6
824008,2026-07-18,3.8933,4.931,0,7
824088,2026-07-18,4.2061,4.572,6,1
824169,2026-07-18,4.4535,4.8833,2,4
824331,2026-07-18,4.7611,5.4798,10,3
824412,2026-07-18,4.0785,4.0738,5,3
824414,2026-07-18,4.1091,3.8487,1,7
824657,2026-07-18,4.5177,4.0756,6,2
824738,2026-07-18,4.1338,4.2242,7,6
824899,2026-07-18,4.3597,4.0823,6,7
824979,2026-07-18,4.7817,5.1902,15,1
825059,2026-07-18,4.8297,4.5708,5,3
822786,2026-07-19,4.5554,4.2956,0,3
823113,2026-07-19,4.1655,4.0207,6,3
823439,2026-07-19,4.809,4.5494,1,6
823521,2026-07-19,4.1777,4.8132,2,1
823523,2026-07-19,3.8918,3.8918,2,8
823764,2026-07-19,4.6567,4.1464,3,1
824007,2026-07-19,3.9935,4.9061,3,2
824086,2026-07-19,4.1925,4.5219,2,19
824168,2026-07-19,4.5183,4.4844,2,5
824330,2026-07-19,4.4418,5.2043,6,9
824411,2026-07-19,4.1162,3.8546,1,7
824653,2026-07-19,4.635,3.9344,10,1
824739,2026-07-19,4.1589,4.1005,6,1
824897,2026-07-19,4.2987,4.1234,8,5
824978,2026-07-19,4.7392,5.6098,2,5
825057,2026-07-19,4.8951,4.5,8,7
822788,2026-07-20,4.5674,4.1302,1,7
822874,2026-07-20,4.561,3.7366,3,10
823112,2026-07-20,4.1736,3.8119,8,0
823436,2026-07-20,4.2216,4.4176,10,7
823522,2026-07-20,4.4328,3.9552,8,5
823762,2026-07-20,4.6264,3.9287,8,3
824006,2026-07-20,4.4316,4.7647,3,2
824087,2026-07-20,4.3487,4.3211,4,3
824167,2026-07-20,4.7699,4.5197,8,5
824328,2026-07-20,4.828,5.4054,3,7
824410,2026-07-20,4.3262,4.0521,13,4
824654,2026-07-20,4.3128,4.3419,6,8
824736,2026-07-20,4.5821,4.3937,6,5
824898,2026-07-20,4.1581,4.6947,3,2
825058,2026-07-20,4.9019,4.6858,2,5
822787,2026-07-21,4.3175,4.4417,2,12
822871,2026-07-21,4.5741,3.9704,10,0
823114,2026-07-21,3.9341,4.0978,2,4
823437,2026-07-21,4.3766,4.3909,1,2
823760,2026-07-21,4.8177,4.1851,0,4
824005,2026-07-21,4.4651,4.7164,5,1
824085,2026-07-21,4.4125,4.5577,3,2
824165,2026-07-21,4.6903,4.3234,5,3
824329,2026-07-21,4.6904,5.642,8,7
824409,2026-07-21,4.4133,4.0926,5,2
824652,2026-07-21,4.6815,4.371,11,2
824895,2026-07-21,4.1225,4.1811,3,8
825056,2026-07-21,4.6646,4.5366,6,5
822784,2026-07-22,4.3329,4.4065,2,4
822873,2026-07-22,4.354,3.9793,2,4
823110,2026-07-22,4.2086,3.868,3,5
823438,2026-07-22,4.5684,4.5372,5,9
823518,2026-07-22,4.9203,3.9962,3,5
823519,2026-07-22,4.6274,4.327,2,0
823761,2026-07-22,4.6443,4.0457,4,3
824004,2026-07-22,4.5044,4.7173,0,1
824083,2026-07-22,4.3627,4.6025,5,4
824166,2026-07-22,4.5614,4.0742,5,2
824327,2026-07-22,4.5431,5.5331,0,8
824408,2026-07-22,4.6812,4.1932,6,10
824650,2026-07-22,4.4147,4.0529,1,5
824732,2026-07-22,4.7241,4.5676,1,5
824735,2026-07-22,4.5539,4.5112,6,3
824896,2026-07-22,4.107,4.6569,7,6
825055,2026-07-22,4.6048,4.5709,15,5
822785,2026-07-23,4.7324,4.3539,3,1
823042,2026-07-23,4.4668,4.4773,6,10
824247,2026-07-23,4.3454,4.0049,4,3
824406,2026-07-23,4.4342,3.9874,1,3
824893,2026-07-23,4.1674,4.0105,6,5
822707,2026-07-24,4.6472,5.1839,2,3
822872,2026-07-24,4.1466,4.4814,5,4
822952,2026-07-24,4.0102,4.0026,11,3
823031,2026-07-24,4.2955,4.3686,2,4
823196,2026-07-24,4.7074,4.1928,7,6
823352,2026-07-24,4.6896,4.6277,2,3
823434,2026-07-24,4.2931,4.3671,0,1
823601,2026-07-24,4.3026,5.1091,2,4
823680,2026-07-24,4.6215,4.6313,0,2
823759,2026-07-24,5.1312,3.7404,2,5
823843,2026-07-24,4.1705,5.0087,2,4
824248,2026-07-24,4.2052,3.9604,2,1
824573,2026-07-24,4.2417,4.4343,5,9
824733,2026-07-24,4.4702,4.457,6,4
824812,2026-07-24,4.3661,4.4902,6,7
822704,2026-07-25,4.6993,4.985,5,3
822869,2026-07-25,4.2042,4.2136,7,1
822948,2026-07-25,4.2653,4.0129,3,0
823027,2026-07-25,3.959,4.2167,7,0
823197,2026-07-25,4.6232,4.1672,9,2
823355,2026-07-25,4.4301,4.5754,0,11
823435,2026-07-25,4.2968,4.9246,1,3
823600,2026-07-25,4.2455,4.61,3,4
823679,2026-07-25,4.5444,4.4689,2,0
823758,2026-07-25,5.0717,3.8316,8,5
823841,2026-07-25,4.1265,4.5085,2,7
824244,2026-07-25,4.3802,4.0329,2,3
824571,2026-07-25,4.1047,4.2558,1,4
824734,2026-07-25,3.6859,3.7807,0,6
824811,2026-07-25,4.378,4.4688,3,2
822706,2026-07-26,4.5506,5.2317,10,7
822870,2026-07-26,4.092,4.1282,4,6
822950,2026-07-26,4.1472,3.9582,1,0
823028,2026-07-26,4.2205,4.0951,3,5
823194,2026-07-26,4.6753,4.3178,3,4
823354,2026-07-26,4.6202,4.9836,8,7
823433,2026-07-26,4.8824,4.3963,11,4
823599,2026-07-26,4.3477,4.8409,8,3
823678,2026-07-26,4.7914,4.6281,11,8
823755,2026-07-26,4.9544,3.691,11,2
823840,2026-07-26,4.1617,5.1115,3,5
824246,2026-07-26,4.2851,4.2465,4,5
824572,2026-07-26,4.0839,4.4905,12,3
824730,2026-07-26,4.4352,4.455,6,1
824810,2026-07-26,4.178,4.5368,2,3
822705,2026-07-27,4.7495,5.1751,2,3
822868,2026-07-27,4.1478,4.2514,7,3
823025,2026-07-27,4.3464,4.5324,3,7
823195,2026-07-27,3.848,4.4583,3,0
823353,2026-07-27,4.6593,4.8423,3,2
823597,2026-07-27,4.524,4.4956,14,3
823839,2026-07-27,3.9613,4.704,8,7
824001,2026-07-27,4.1963,4.6962,4,6
824245,2026-07-27,4.628,4.1446,5,8
824570,2026-07-27,4.0424,4.8306,5,9
824977,2026-07-27,4.0272,5.5552,2,4
822703,2026-07-28,4.5349,5.0813,8,6
822949,2026-07-28,4.6691,3.9046,1,4
823026,2026-07-28,4.2759,4.5212,2,10
823193,2026-07-28,3.9789,4.4645,2,8
823275,2026-07-28,4.7226,3.7663,8,7
823350,2026-07-28,4.6883,4.567,7,8
823676,2026-07-28,4.4396,4.2883,3,2
823838,2026-07-28,4.0883,4.8894,1,0
823923,2026-07-28,4.9446,4.2709,6,7
824003,2026-07-28,4.2469,4.669,2,3
824243,2026-07-28,4.4762,4.1228,14,0
824489,2026-07-28,3.9277,4.4761,2,0
824490,2026-07-28,4.4017,4.1816,5,6
824569,2026-07-28,3.9297,4.6249,2,3
824976,2026-07-28,4.276,5.5908,4,3
822702,2026-07-29,4.4038,5.3718,2,5
822947,2026-07-29,4.4607,4.1284,3,0
823022,2026-07-29,4.3109,4.6733,3,2
823192,2026-07-29,4.1121,4.7061,16,3
823273,2026-07-29,4.7537,4.042,3,1
823351,2026-07-29,4.7323,4.5702,0,3
823596,2026-07-29,4.4448,4.416,3,2
823598,2026-07-29,4.1538,4.2471,0,1
823677,2026-07-29,4.4406,4.5093,0,4
823837,2026-07-29,3.9364,4.8842,8,6
823924,2026-07-29,4.8138,4.4312,4,2
824002,2026-07-29,4.2976,4.8664,4,7
824242,2026-07-29,4.5101,4.1236,9,10
824487,2026-07-29,4.0588,4.2199,1,6
824567,2026-07-29,3.8979,4.6829,6,5
824973,2026-07-29,4.2563,5.4676,2,4
822946,2026-07-30,4.5079,3.9282,3,2
823023,2026-07-30,4.3074,4.5025,2,4
823271,2026-07-30,4.4629,4.1063,1,4
823595,2026-07-30,4.6518,4.2753,4,2
823674,2026-07-30,4.3303,4.6158,4,3
823921,2026-07-30,4.8651,4.3384,6,2
824488,2026-07-30,4.1993,4.304,3,2
824568,2026-07-30,3.8724,4.4841,2,1
824894,2026-07-30,4.5248,4.3334,5,4
824974,2026-07-30,4.3647,5.5567,4,5
822782,2026-07-31,4.6165,4.3663,3,1
822945,2026-07-31,4.653,3.9615,1,6
823111,2026-07-31,4.501,3.926,3,5
823272,2026-07-31,4.3021,4.3117,7,0
823593,2026-07-31,4.7762,4.4425,2,5
823922,2026-07-31,4.4843,4.4134,4,9
823999,2026-07-31,4.0433,5.5095,2,6
824164,2026-07-31,4.5607,4.0486,11,2
824325,2026-07-31,4.6602,4.916,3,1
824407,2026-07-31,4.6996,4.4874,1,4
824486,2026-07-31,4.1342,4.1679,8,7
824651,2026-07-31,4.6296,4.1887,0,2
824809,2026-07-31,4.4581,4.2505,6,4
824892,2026-07-31,4.4239,4.617,6,2
824975,2026-07-31,4.3544,5.2678,1,13
822781,2026-08-01,4.709,4.4154,5,1
822944,2026-08-01,4.4711,3.9193,1,0
823109,2026-08-01,4.422,3.8772,4,3
823269,2026-08-01,4.4214,4.345,6,5
823594,2026-08-01,4.6673,4.3446,2,6
823920,2026-08-01,4.3087,4.3484,2,3
824000,2026-08-01,4.1556,5.5557,1,3
824162,2026-08-01,4.503,3.9851,5,4
824326,2026-08-01,4.4566,4.8583,12,6
824405,2026-08-01,4.6758,4.4275,8,12
824485,2026-08-01,4.2528,4.3042,1,4
824649,2026-08-01,4.2419,4.2329,5,2
824808,2026-08-01,4.2247,4.3091,0,5
824890,2026-08-01,4.5293,4.3902,8,3
824972,2026-08-01,4.276,5.1169,6,8
822783,2026-08-02,4.5468,4.5991,1,5
822943,2026-08-02,4.4869,3.9128,1,9
823107,2026-08-02,4.4333,3.9513,7,6
823270,2026-08-02,4.4446,4.1381,5,4
823592,2026-08-02,4.722,4.364,0,2
823919,2026-08-02,4.6311,4.3275,4,8
823996,2026-08-02,3.8443,5.1332,3,0
824163,2026-08-02,4.5293,4.0085,7,3
824323,2026-08-02,4.6442,4.7208,8,1
824404,2026-08-02,4.6955,4.4023,5,0
824483,2026-08-02,4.533,4.1829,10,2
824648,2026-08-02,4.0319,4.2638,1,2
824807,2026-08-02,4.1318,4.3424,0,8
824891,2026-08-02,4.5209,4.6411,4,2
824971,2026-08-02,4.1723,4.9941,0,11
822867,2026-08-03,4.3646,4.3003,1,5
823431,2026-08-03,4.9986,4.4301,6,3
823520,2026-08-03,5.0425,4.2626,7,13
823757,2026-08-03,4.4415,3.8969,3,4
824160,2026-08-03,4.4578,4.1656,1,3
824324,2026-08-03,4.4292,4.9646,9,13
824647,2026-08-03,4.3408,4.2878,10,5
825095,2026-08-03,4.453,4.7115,5,1
822865,2026-08-04,4.4265,4.2226,5,4
823108,2026-08-04,3.8157,3.9983,0,8
823432,2026-08-04,5.2116,4.2628,5,0
823517,2026-08-04,4.8963,4.3898,2,0
823756,2026-08-04,4.3449,3.7776,4,2
824084,2026-08-04,4.4885,4.1765,8,2
824161,2026-08-04,4.5482,4.4415,7,2
824321,2026-08-04,4.5841,4.6936,7,9
824403,2026-08-04,4.4993,4.0437,2,6
824484,2026-08-04,4.6743,4.1897,5,4
824645,2026-08-04,4.0319,4.308,5,1
824731,2026-08-04,4.8495,4.2299,14,2
824805,2026-08-04,4.9783,4.4512,3,1
824888,2026-08-04,4.5525,4.1023,4,2
825054,2026-08-04,4.4031,4.7202,4,9
822866,2026-08-05,4.3064,4.2769,6,0
823106,2026-08-05,3.8039,3.959,4,2
823429,2026-08-05,4.9812,4.5602,4,10
823516,2026-08-05,4.8161,4.6094,1,3
823753,2026-08-05,4.4144,3.9575,4,2
824082,2026-08-05,4.5002,4.1804,2,1
824158,2026-08-05,4.7619,3.9832,4,5
824322,2026-08-05,4.6783,4.9445,0,4
824402,2026-08-05,4.1964,4.1672,5,6
824482,2026-08-05,4.5965,4.4201,3,2
824646,2026-08-05,4.6076,4.2186,7,6
824728,2026-08-05,4.571,4.2088,4,0
824806,2026-08-05,4.7233,4.0968,5,2
824889,2026-08-05,4.4794,4.3067,4,1
825052,2026-08-05,4.5613,5.0295,10,4
823105,2026-08-06,4.1157,4.0076,0,11
823430,2026-08-06,5.2668,4.1814,7,3
823754,2026-08-06,4.6567,3.8119,5,2
824080,2026-08-06,4.6759,4.3107,3,4
824401,2026-08-06,4.1856,4.1582,6,13
824481,2026-08-06,4.5386,4.2115,6,5
824664,2026-08-06,4.3264,4.0566,3,2
824729,2026-08-06,4.8042,4.127,12,11
824804,2026-08-06,4.8743,4.2474,1,4
824885,2026-08-06,4.5274,4.1549,11,3
825053,2026-08-06,4.621,4.6219,1,5
822699,2026-08-07,4.3811,5.1222,5,3
822863,2026-08-07,3.8435,3.7463,2,1
823024,2026-08-07,4.5202,4.0267,3,2
823103,2026-08-07,4.0698,3.7958,1,2
823191,2026-08-07,4.1434,4.1935,5,2
823266,2026-08-07,4.1248,4.1261,3,6
823349,2026-08-07,4.7548,4.2305,4,6
823428,2026-08-07,4.6392,3.9914,4,5
823515,2026-08-07,4.4922,4.3388,3,2
823750,2026-08-07,4.9574,3.959,6,8
823836,2026-08-07,4.5556,4.4987,3,4
824081,2026-08-07,4.3043,4.6465,4,6
824566,2026-08-07,4.0808,4.4344,2,8
824727,2026-08-07,4.4523,4.0194,13,1
825051,2026-08-07,4.0709,5.0697,4,3
822701,2026-08-08,4.1996,5.1519,8,2
822864,2026-08-08,4.4901,4.1652,5,1
823021,2026-08-08,4.6111,4.0059,6,8
823102,2026-08-08,4.2589,3.7507,2,3
823188,2026-08-08,4.1905,4.1975,0,8
823267,2026-08-08,4.2194,4.1066,3,2
823348,2026-08-08,4.75,4.2751,9,0
823426,2026-08-08,4.8369,4.1599,5,7
823514,2026-08-08,4.0948,4.2767,5,4
823752,2026-08-08,4.792,4.0887,4,3
823834,2026-08-08,4.4726,4.4973,7,0
824079,2026-08-08,4.3834,4.6974,6,3
824565,2026-08-08,3.9059,4.1794,6,3
824726,2026-08-08,4.4944,4.1299,3,7
825049,2026-08-08,4.2256,4.9851,1,2
822700,2026-08-09,4.4619,5.4564,7,1
822862,2026-08-09,4.5198,4.0847,5,10
823020,2026-08-09,4.5884,4.0821,7,4
823104,2026-08-09,4.1587,3.7187,1,4
823190,2026-08-09,3.8212,4.2356,1,3
823268,2026-08-09,4.3099,4.2033,7,2
823345,2026-08-09,4.7489,4.2248,1,11
823425,2026-08-09,5.094,4.0114,7,6
823513,2026-08-09,4.4418,4.2056,1,2
823751,2026-08-09,4.7449,3.9227,4,3
823835,2026-08-09,4.649,4.5567,12,3
824078,2026-08-09,4.3257,4.7424,2,10
824564,2026-08-09,3.9653,4.4202,5,3
824724,2026-08-09,4.7919,4.0973,3,4
825050,2026-08-09,4.3951,5.1232,4,2
822780,2026-08-10,4.3438,4.7843,2,1
823018,2026-08-10,3.9452,4.1883,5,6
823189,2026-08-10,4.2781,4.5891,3,6
823265,2026-08-10,4.1075,4.2554,3,2
823675,2026-08-10,4.6821,4.8161,9,5
823918,2026-08-10,4.5976,3.935,6,5
823998,2026-08-10,4.344,4.7018,1,4
824887,2026-08-10,4.4979,4.3742,5,8
824969,2026-08-10,4.1961,4.7521,6,10
825048,2026-08-10,5.0736,4.4152,9,0
822697,2026-08-11,4.5095,5.5322,6,8
822778,2026-08-11,4.1709,4.5008,5,3
823019,2026-08-11,3.953,4.276,2,0
823186,2026-08-11,3.9782,4.7371,4,1
823264,2026-08-11,4.0985,4.4767,11,2
823512,2026-08-11,4.7425,4.3097,4,1
823673,2026-08-11,4.7097,4.7548,2,5
823832,2026-08-11,4.1036,4.3258,2,0
823917,2026-08-11,4.5184,4.2106,5,4
823997,2026-08-11,4.4698,4.9644,3,2
824240,2026-08-11,4.3106,4.0224,6,4
824563,2026-08-11,4.1404,4.1458,4,5
824886,2026-08-11,4.4876,4.4561,4,0
824970,2026-08-11,3.7225,5.1369,4,12
825046,2026-08-11,5.2161,4.2689,2,3
822698,2026-08-12,4.5213,5.6202,6,12
822779,2026-08-12,4.3464,4.5225,6,4
823017,2026-08-12,4.0363,4.2212,7,1
823187,2026-08-12,4.2167,4.3226,1,2
823263,2026-08-12,4.0293,4.25,4,3
823511,2026-08-12,4.79,4.4843,10,5
823672,2026-08-12,4.6791,4.7391,7,5
823833,2026-08-12,4.2399,4.5953,8,2
823916,2026-08-12,4.273,4.0521,4,2
823994,2026-08-12,4.4741,4.8281,5,2
824241,2026-08-12,4.3341,4.0519,4,6
824562,2026-08-12,4.1735,4.6067,5,0
824883,2026-08-12,4.619,4.2623,6,3
824967,2026-08-12,4.0196,5.1931,4,8
825047,2026-08-12,5.1129,4.3696,4,6
822696,2026-08-13,4.4067,5.4284,7,0
822776,2026-08-13,4.1076,4.6333,0,7
823508,2026-08-13,4.5762,4.259,0,1
823669,2026-08-13,4.2438,4.3433,1,7
823829,2026-08-13,3.6559,4.0232,1,13
823915,2026-08-13,4.2788,4.3915,4,5
823995,2026-08-13,4.3057,4.7145,7,0
824238,2026-08-13,4.1819,4.0822,3,0
824561,2026-08-13,4.1915,4.481,8,9
822777,2026-08-14,4.1762,4.5671,3,1
822942,2026-08-14,4.7487,4.4044,5,6
823185,2026-08-14,4.76,3.8879,2,5
823346,2026-08-14,4.2361,4.625,8,4
823591,2026-08-14,4.6785,4.505,4,1
823913,2026-08-14,4.5643,4.5086,3,1
823993,2026-08-14,4.1051,4.5449,6,7
824159,2026-08-14,4.4389,3.996,10,7
824237,2026-08-14,4.8409,4.0158,5,9
824399,2026-08-14,4.1338,4.1935,5,7
824479,2026-08-14,4.6637,4.3017,1,0
824643,2026-08-14,4.6996,4.0831,3,0
824882,2026-08-14,4.6212,4.4196,0,2
824968,2026-08-14,4.6094,4.9566,8,3
822775,2026-08-15,4.1391,4.5234,4,1
822941,2026-08-15,4.5146,4.333,3,4
823184,2026-08-15,4.8922,3.8845,7,1
823347,2026-08-15,4.2893,4.65,0,4
823588,2026-08-15,4.6743,4.2721,5,4
823671,2026-08-15,4.0777,4.6477,1,9
823914,2026-08-15,4.2379,4.5947,1,4
823990,2026-08-15,4.0539,4.3916,1,0
824157,2026-08-15,4.4114,4.7597,5,10
824239,2026-08-15,4.904,3.9751,3,4
824400,2026-08-15,4.0123,4.379,6,1
824480,2026-08-15,4.5934,4.3481,4,8
824644,2026-08-15,4.8036,4.1065,4,8
824884,2026-08-15,4.5252,4.5807,3,10
824966,2026-08-15,4.5915,4.9911,3,5
822774,2026-08-16,4.3932,4.5181,3,4
822940,2026-08-16,4.5786,4.5596,2,10
823182,2026-08-16,4.7653,3.8614,7,13
823344,2026-08-16,4.1371,4.7377,8,3
823590,2026-08-16,4.6398,4.2019,4,3
823670,2026-08-16,4.0544,4.8916,5,7
823912,2026-08-16,4.333,4.3646,2,6
823991,2026-08-16,3.4655,4.4649,0,3
824156,2026-08-16,4.3461,4.4319,2,3
824236,2026-08-16,4.7087,4.0745,5,7
824397,2026-08-16,4.1679,4.3662,0,5
824477,2026-08-16,4.5941,4.4236,1,7
824642,2026-08-16,4.7752,4.3717,4,11
824880,2026-08-16,4.6393,4.6335,5,3
824965,2026-08-16,4.8996,4.9649,5,2
822939,2026-08-17,4.5312,4.6129,7,6
823343,2026-08-17,4.3415,4.3332,5,8
823427,2026-08-17,5.0182,4.0243,6,5
823589,2026-08-17,4.5614,4.3212,2,1
823668,2026-08-17,4.2781,5.1846,4,2
824077,2026-08-17,4.5402,4.0017,9,5
824320,2026-08-17,4.2404,5.6465,5,11
824478,2026-08-17,4.4871,4.4651,6,5
824514,2026-08-17,4.6562,4.6625,1,2
824641,2026-08-17,4.6922,3.8388,7,5
824725,2026-08-17,4.8212,4.8356,11,1
822859,2026-08-18,4.4387,4.1154,5,0
822938,2026-08-18,4.2707,4.0764,5,10
823341,2026-08-18,4.2875,4.5039,4,1
823423,2026-08-18,5.0706,4.0674,6,4
823586,2026-08-18,4.5159,4.3586,2,5
823667,2026-08-18,4.1465,5.1149,4,1
823749,2026-08-18,5.0005,4.2594,22,0
824075,2026-08-18,4.6105,4.0283,4,3
824154,2026-08-18,4.8329,4.2951,1,3
824319,2026-08-18,4.6837,5.9721,6,7
824398,2026-08-18,4.3668,4.1371,8,1
824475,2026-08-18,4.4132,4.6052,0,3
824639,2026-08-18,4.7994,3.8954,4,3
824723,2026-08-18,4.8511,4.5203,9,4
824803,2026-08-18,4.3588,4.6738,1,3
822860,2026-08-19,4.3227,4.0785,0,6
822937,2026-08-19,4.3109,4.006,7,6
823342,2026-08-19,4.1858,4.1888,4,3
823424,2026-08-19,5.038,4.1923,4,1
823587,2026-08-19,4.4646,4.5038,4,2
823664,2026-08-19,4.1946,4.8403,6,4
823748,2026-08-19,4.7274,4.1756,5,7
824076,2026-08-19,4.643,4.0655,9,7
824155,2026-08-19,4.7128,4.2952,3,2
824318,2026-08-19,4.1435,5.9172,4,6
824394,2026-08-19,4.4675,4.0863,0,1
824476,2026-08-19,4.4136,4.3365,5,4
824640,2026-08-19,4.7982,3.9048,0,3
824722,2026-08-19,4.7739,4.4571,6,7
824801,2026-08-19,4.4735,4.7836,3,5
822861,2026-08-20,4.489,3.9957,2,0
822934,2026-08-20,4.4165,4.033,1,5
823747,2026-08-20,4.9109,4.2568,7,4
824074,2026-08-20,4.4887,4.065,6,2
824153,2026-08-20,4.6664,4.0736,3,18
824395,2026-08-20,4.2359,3.991,5,2
824474,2026-08-20,4.4815,4.5021,9,10
824589,2026-08-20,4.0554,4.508,0,2
824802,2026-08-20,4.0338,4.556,1,6
822857,2026-08-21,4.424,3.8638,2,1
823101,2026-08-21,4.1771,4.2601,6,5
823262,2026-08-21,4.4237,4.0727,6,2
823420,2026-08-21,4.9359,4.2161,7,6
823510,2026-08-21,4.6372,3.9977,3,1
823746,2026-08-21,3.9832,3.9093,2,1
823830,2026-08-21,4.595,5.0669,3,2
823911,2026-08-21,4.5435,3.8951,5,4
824072,2026-08-21,3.9637,4.144,5,2
824152,2026-08-21,4.6533,4.1981,4,0
824317,2026-08-21,4.3709,5.5373,1,9
824559,2026-08-21,4.2505,4.2495,6,4
824721,2026-08-21,4.6107,4.2107,6,4
824800,2026-08-21,4.4614,4.1172,5,3
825045,2026-08-21,4.613,4.4949,9,0
822858,2026-08-22,4.6146,4.0047,0,3
823100,2026-08-22,4.2493,4.4527,5,4
823261,2026-08-22,4.526,4.01,7,5
823422,2026-08-22,5.0258,4.5363,12,3
823509,2026-08-22,4.3958,4.1499,3,4
823743,2026-08-22,4.4513,3.9141,4,1
823831,2026-08-22,4.5587,4.649,4,2
823910,2026-08-22,4.3672,3.808,4,3
824073,2026-08-22,4.0108,4.296,3,1
824151,2026-08-22,4.4915,4.0461,3,4
824316,2026-08-22,4.4734,5.5122,3,4
824560,2026-08-22,4.2423,4.3991,5,10
824718,2026-08-22,4.5712,4.4424,3,2
824798,2026-08-22,4.2689,4.3194,3,2
825044,2026-08-22,4.722,4.4637,5,11
822856,2026-08-23,4.6777,3.9929,5,3
823099,2026-08-23,4.1372,4.2692,2,19
823258,2026-08-23,4.6057,4.1387,8,1
823421,2026-08-23,4.8617,4.1859,6,4
823507,2026-08-23,4.5148,4.0433,8,3
823745,2026-08-23,4.2804,4.0645,2,4
823827,2026-08-23,4.6295,5.0246,6,2
823909,2026-08-23,4.7012,3.8611,4,0
824071,2026-08-23,4.1914,4.2625,11,7
824150,2026-08-23,4.5596,4.1801,6,7
824315,2026-08-23,4.6465,5.5753,2,7
824558,2026-08-23,4.3553,4.3676,2,1
824720,2026-08-23,4.7101,4.3157,5,4
824799,2026-08-23,4.4805,4.0882,1,3
825043,2026-08-23,4.9008,4.5683,5,3
822695,2026-08-24,4.8337,4.8214,13,3
823097,2026-08-24,4.0168,4.026,9,2
823183,2026-08-24,3.883,4.3375,5,0
823260,2026-08-24,4.1249,3.8216,2,3
823828,2026-08-24,4.1069,5.186,2,4
823992,2026-08-24,3.9034,4.5366,2,4
824235,2026-08-24,4.1197,4.0925,1,4
824557,2026-08-24,4.513,4.0808,2,11
824964,2026-08-24,4.6984,5.5389,6,9
825041,2026-08-24,4.8171,5.2591,0,7
822693,2026-08-25,4.823,4.8144,1,3
822773,2026-08-25,4.517,4.4645,3,5
823016,2026-08-25,4.507,4.4948,1,13
823098,2026-08-25,4.049,4.2879,4,1
823181,2026-08-25,4.2786,4.1226,3,1
823259,2026-08-25,4.152,3.7841,0,1
823505,2026-08-25,4.4202,4.7065,7,9
823585,2026-08-25,4.3912,4.4412,3,2
823826,2026-08-25,3.9349,4.8956,3,7
823989,2026-08-25,3.879,4.4882,6,8
824233,2026-08-25,4.2479,4.0032,4,1
824556,2026-08-25,4.3101,4.2634,11,7
824881,2026-08-25,4.2049,4.5931,4,3
824962,2026-08-25,4.4725,5.1353,4,2
825042,2026-08-25,4.6946,4.9496,5,4
822692,2026-08-26,4.7278,4.9382,1,13
822772,2026-08-26,4.457,4.2656,3,0
823015,2026-08-26,4.2752,4.4771,7,8
823096,2026-08-26,3.8984,4.032,0,6
823180,2026-08-26,4.3898,4.1184,9,10
823255,2026-08-26,4.2759,3.788,3,0
823506,2026-08-26,4.4801,4.6105,9,3
823584,2026-08-26,4.3727,4.3899,1,8
823825,2026-08-26,4.1112,5.0542,4,0
823988,2026-08-26,3.8779,4.6434,3,4
824234,2026-08-26,4.287,4.0469,0,3
824555,2026-08-26,4.3855,4.1652,10,4
824878,2026-08-26,3.9481,4.4961,6,5
824963,2026-08-26,4.4906,5.1504,7,4
825039,2026-08-26,4.8682,4.9459,2,0
822694,2026-08-27,4.7511,5.1186,7,1
822771,2026-08-27,4.3756,4.5215,2,13
823014,2026-08-27,4.306,4.5718,7,5
823179,2026-08-27,4.6686,4.6509,6,1
823503,2026-08-27,4.4492,4.1933,1,5
823581,2026-08-27,4.0864,4.4346,2,8
824879,2026-08-27,3.8787,3.8367,1,0
822691,2026-08-28,4.4447,5.0398,9,2
822769,2026-08-28,4.3277,4.3266,8,1
822935,2026-08-28,4.2169,4.2921,9,4
823013,2026-08-28,4.0166,4.1336,4,1
823178,2026-08-28,4.7035,4.6094,6,10
823504,2026-08-28,4.3115,4.2384,1,0
823583,2026-08-28,4.3444,4.2425,1,3
823666,2026-08-28,4.7007,4.3923,4,7
823744,2026-08-28,5.0208,3.8147,6,1
823985,2026-08-28,3.9151,4.366,3,5
824231,2026-08-28,3.9152,4.4122,1,2
824396,2026-08-28,4.1126,3.897,0,3
824638,2026-08-28,4.4924,3.8564,8,10
824877,2026-08-28,4.6909,3.9306,6,4
824960,2026-08-28,4.693,4.8522,3,4
822690,2026-08-29,4.6049,4.6623,5,4
822770,2026-08-29,4.3919,4.3988,4,3
822936,2026-08-29,4.1848,4.3228,7,6
823011,2026-08-29,4.246,4.0976,2,6
823176,2026-08-29,4.6694,4.9628,7,2
823177,2026-08-29,4.6877,4.6238,1,7
823501,2026-08-29,4.1811,4.6402,9,2
823539,2026-08-29,4.2555,4.3341,0,6
823582,2026-08-29,4.452,4.3054,6,2
823665,2026-08-29,4.8697,4.5794,2,3
823741,2026-08-29,4.8811,3.8677,5,3
823986,2026-08-29,3.8983,4.8902,2,4
824230,2026-08-29,3.9889,4.4207,2,1
824392,2026-08-29,4.1102,4.0292,3,8
824637,2026-08-29,4.4802,3.9458,17,5
824874,2026-08-29,4.5937,3.9734,2,1
824961,2026-08-29,4.573,5.0927,3,5
822688,2026-08-30,4.6641,4.746,2,6
822766,2026-08-30,4.3303,4.6014,7,0
822933,2026-08-30,4.1981,4.2623,5,4
823010,2026-08-30,4.0251,4.0709,4,5
823502,2026-08-30,4.4519,4.5747,16,1
823580,2026-08-30,4.8069,4.2704,3,6
823662,2026-08-30,4.7541,4.673,5,1
823740,2026-08-30,4.7056,3.9795,4,7
823987,2026-08-30,4.0095,4.8001,2,5
824232,2026-08-30,4.03,4.4439,1,6
824393,2026-08-30,4.1702,3.9117,11,1
824636,2026-08-30,4.2242,3.9226,5,7
824876,2026-08-30,4.522,3.8577,3,2
824959,2026-08-30,4.7011,5.1659,5,8
822689,2026-08-31,4.6066,4.8819,6,3
822855,2026-08-31,4.3603,3.8312,8,1
822932,2026-08-31,4.5011,4.2216,2,3
823663,2026-08-31,4.1679,4.5995,11,1
823982,2026-08-31,4.0363,4.9115,10,1
824149,2026-08-31,4.565,4.2127,6,3
824314,2026-08-31,4.8804,5.2147,1,2
824473,2026-08-31,4.2283,4.5182,0,5
824635,2026-08-31,4.1826,4.3067,17,3
824719,2026-08-31,5.1167,4.3706,9,8
824911,2026-08-31,4.3542,4.2412,3,7
825040,2026-08-31,4.3737,4.4441,1,2
822687,2026-09-01,4.3062,5.4733,9,5
822854,2026-09-01,4.534,3.7825,8,5
822929,2026-09-01,4.3811,4.2568,6,2
823340,2026-09-01,4.4822,4.2711,13,12
823661,2026-09-01,4.2971,4.5854,15,2
823908,2026-09-01,4.9592,4.4128,8,13
823984,2026-09-01,3.8961,4.9299,3,7
824070,2026-09-01,4.6391,4.1861,3,6
824148,2026-09-01,4.6892,4.2993,1,5
824313,2026-09-01,4.6934,5.2049,4,2
824391,2026-09-01,4.3606,3.9898,6,1
824472,2026-09-01,3.9725,4.6224,4,3
824633,2026-09-01,4.6466,4.4998,4,9
824716,2026-09-01,4.9475,4.6777,6,9
825038,2026-09-01,4.1006,4.3588,1,7
822686,2026-09-02,4.462,5.4643,0,9
822851,2026-09-02,4.3494,3.8841,2,9
822931,2026-09-02,4.5542,4.4162,4,10
823339,2026-09-02,4.4885,4.3105,4,5
823660,2026-09-02,4.2267,4.5883,6,11
823906,2026-09-02,4.7998,4.2293,6,8
823983,2026-09-02,3.8218,4.8284,3,6
824068,2026-09-02,4.6048,4.1493,6,9
824147,2026-09-02,4.708,4.1805,2,0
824312,2026-09-02,4.6441,5.0856,6,5
824390,2026-09-02,4.0785,4.0806,0,11
824470,2026-09-02,4.2289,4.9183,7,3
824634,2026-09-02,4.1193,4.2115,5,9
824717,2026-09-02,5.1672,4.6779,3,8
825037,2026-09-02,4.1235,4.5952,1,0
822853,2026-09-03,4.0238,3.8015,6,0
823095,2026-09-03,4.3572,3.8229,4,7
823337,2026-09-03,4.5948,4.3681,5,2
823907,2026-09-03,4.8263,4.2157,3,2
824069,2026-09-03,4.688,4.1353,7,3
824144,2026-09-03,4.691,4.0744,6,2
824388,2026-09-03,4.3237,4.0586,3,6
824632,2026-09-03,4.6293,4.3743,2,1
824796,2026-09-03,4.326,4.5969,5,6
822852,2026-09-04,4.2531,3.8747,6,7
823093,2026-09-04,4.491,3.8404,6,7
823256,2026-09-04,4.1311,4.2406,3,2
823338,2026-09-04,4.8818,4.2108,1,0
823418,2026-09-04,4.1821,4.106,2,5
823579,2026-09-04,4.7845,4.2803,10,6
823824,2026-09-04,4.1782,5.1365,1,6
823905,2026-09-04,4.9726,4.0848,5,3
824067,2026-09-04,4.6008,4.1869,2,9
824146,2026-09-04,4.6144,4.6664,3,1
824311,2026-09-04,4.8572,5.0629,6,7
824387,2026-09-04,4.2499,4.0808,4,3
824424,2026-09-04,4.1904,4.123,7,6
824471,2026-09-04,3.9314,4.7389,7,10
824554,2026-09-04,4.4882,4.3109,4,1
824797,2026-09-04,4.416,4.5452,0,1
822850,2026-09-05,4.048,3.7574,3,6
823094,2026-09-05,4.5356,3.9469,2,6
823257,2026-09-05,4.192,4.2757,1,5
823335,2026-09-05,4.711,4.1967,1,6
823419,2026-09-05,4.5828,4.2,4,2
823577,2026-09-05,4.4487,4.2777,5,9
823823,2026-09-05,4.2898,5.0209,5,6
823904,2026-09-05,4.8168,4.0933,6,5
824066,2026-09-05,4.4914,4.3081,3,4
824145,2026-09-05,4.5286,4.8712,3,4
824310,2026-09-05,4.6903,5.0747,10,7
824389,2026-09-05,4.2437,3.9813,0,6
824468,2026-09-05,4.0569,4.7285,5,3
824553,2026-09-05,4.4124,4.3012,4,6
824795,2026-09-05,4.197,4.6573,0,5
822848,2026-09-06,4.2686,3.7579,8,6
823091,2026-09-06,4.3306,3.8201,2,0
823253,2026-09-06,3.8067,4.2138,4,3
823336,2026-09-06,3.7808,3.9761,1,0
823417,2026-09-06,4.3983,4.1977,4,5
823578,2026-09-06,4.5278,4.2366,4,2
823822,2026-09-06,4.186,4.942,10,3
823903,2026-09-06,4.9805,4.3336,7,5
824065,2026-09-06,4.4988,4.1482,6,1
824142,2026-09-06,4.5168,4.7534,2,3
824309,2026-09-06,4.7027,5.1806,8,10
824385,2026-09-06,3.9995,3.9196,3,2
824469,2026-09-06,4.1281,4.8244,12,8
824552,2026-09-06,4.6428,4.4155,10,1
824794,2026-09-06,3.9304,4.6003,1,3
823175,2026-09-07,4.6686,4.4335,5,4
823254,2026-09-07,4.6607,4.269,3,2
823415,2026-09-07,4.545,3.4345,1,0
823742,2026-09-07,4.6237,4.4511,4,3
823820,2026-09-07,4.451,4.3583,4,9
823902,2026-09-07,4.4595,4.2722,6,3
824062,2026-09-07,4.7216,4.6558,4,5
824229,2026-09-07,4.7813,4.0638,5,4
824715,2026-09-07,4.8007,4.3375,5,2
824793,2026-09-07,4.3264,4.1356,6,4
824958,2026-09-07,4.2241,5.348,6,5
823092,2026-09-08,4.4403,4.0331,5,10
823174,2026-09-08,4.5804,4.3951,2,1
823250,2026-09-08,4.6064,4.1677,5,4
823414,2026-09-08,4.7098,4.2492,5,6
823500,2026-09-08,5.1568,3.8283,5,3
823738,2026-09-08,4.5369,4.2172,4,3
823821,2026-09-08,4.4344,4.4627,5,7
823901,2026-09-08,4.9648,3.9685,3,2
824063,2026-09-08,4.685,4.6381,3,5
824228,2026-09-08,4.6942,4.0264,2,3
824551,2026-09-08,4.1473,4.1764,3,9
824714,2026-09-08,4.926,4.3932,1,6
824792,2026-09-08,4.2444,4.208,5,9
824875,2026-09-08,4.1558,3.9306,1,7
824957,2026-09-08,4.4761,5.3298,2,4
823090,2026-09-09,4.5849,3.9068,3,2
823172,2026-09-09,4.634,4.5089,7,6
823251,2026-09-09,4.638,4.0776,9,2
823416,2026-09-09,4.2861,4.0696,11,7
823497,2026-09-09,5.155,4.1219,6,1
823739,2026-09-09,4.5382,4.2718,8,6
823818,2026-09-09,4.4159,4.5972,14,15
823900,2026-09-09,4.7988,4.0357,14,1
824064,2026-09-09,4.6904,4.6579,5,2
824226,2026-09-09,4.8287,4.1497,7,2
824549,2026-09-09,4.1702,4.3343,2,4
824713,2026-09-09,5.0634,4.3195,4,6
824791,2026-09-09,4.323,4.1358,9,5
824871,2026-09-09,4.1412,4.2199,2,7
824956,2026-09-09,4.3293,5.2925,2,0
823088,2026-09-10,4.4137,3.8265,4,3
823413,2026-09-10,4.6267,4.124,1,2
823499,2026-09-10,5.0916,3.9405,10,3
824550,2026-09-10,3.975,3.9938,0,2
824872,2026-09-10,4.193,4.0526,3,1
822684,2026-09-11,4.5652,4.5556,4,3
822767,2026-09-11,4.645,4.6151,4,7
822930,2026-09-11,4.2133,4.254,3,1
823012,2026-09-11,4.506,4.1298,7,3
823173,2026-09-11,4.1933,4.5118,5,7
823498,2026-09-11,4.8099,4.2575,6,4
823659,2026-09-11,4.2921,4.4266,2,5
823736,2026-09-11,4.8435,4.0007,20,0
823817,2026-09-11,3.8986,5.3282,2,6
824227,2026-09-11,4.666,3.9945,6,2
824631,2026-09-11,4.3648,3.8627,12,2
824711,2026-09-11,4.371,4.2671,2,3
824873,2026-09-11,4.0677,3.8862,6,5
824954,2026-09-11,4.7854,4.9841,6,5
825036,2026-09-11,5.0437,4.7569,9,1
822685,2026-09-12,4.5924,4.7013,6,5
822768,2026-09-12,4.6155,4.3973,7,3
822927,2026-09-12,4.2235,4.3461,3,2
823009,2026-09-12,4.4772,4.0674,5,6
823170,2026-09-12,4.095,4.2982,6,7
823496,2026-09-12,4.8509,4.2424,2,12
823657,2026-09-12,4.1573,4.5256,4,3
823737,2026-09-12,4.9149,3.8942,13,9
823819,2026-09-12,3.9589,5.0328,4,3
824224,2026-09-12,4.9148,3.961,11,7
824630,2026-09-12,4.4412,3.8818,4,3
824712,2026-09-12,4.3893,4.3306,5,1
824870,2026-09-12,4.1421,4.0158,12,2
824955,2026-09-12,4.5812,4.7639,1,19
825035,2026-09-12,4.7667,4.3903,2,6
822682,2026-09-13,4.4948,4.6422,6,5
822764,2026-09-13,4.5016,4.3573,8,1
822928,2026-09-13,4.3089,4.2272,14,4
823008,2026-09-13,4.6474,4.1637,3,1
823171,2026-09-13,4.2072,4.3366,4,6
823495,2026-09-13,4.5415,4.1297,2,0
823658,2026-09-13,4.3417,4.6365,2,9
823734,2026-09-13,4.3864,3.9914,3,4
823815,2026-09-13,4.0355,5.0463,6,4
824225,2026-09-13,5.1663,3.9802,8,1
824628,2026-09-13,4.445,3.897,3,4
824708,2026-09-13,4.277,4.1519,4,1
824869,2026-09-13,4.0037,4.0371,4,9
824952,2026-09-13,4.7433,4.8559,8,7
825033,2026-09-13,4.946,4.3769,6,7
822765,2026-09-14,4.2871,4.4274,5,6
823006,2026-09-14,4.2884,4.2578,2,1
823575,2026-09-14,4.6672,4.7196,1,2
823656,2026-09-14,4.3212,5.1588,3,8
823981,2026-09-14,4.3988,4.405,6,4
824308,2026-09-14,4.6052,5.8508,7,8
824386,2026-09-14,4.4402,3.953,3,7
824465,2026-09-14,3.888,4.9137,1,4
824629,2026-09-14,4.4661,4.2091,7,3
825034,2026-09-14,5.0574,4.3653,8,7
822683,2026-09-15,4.3328,4.853,6,3
822762,2026-09-15,4.2747,4.2165,1,10
822849,2026-09-15,4.2715,4.0688,4,2
822925,2026-09-15,4.4678,4.098,2,1
823007,2026-09-15,4.3083,4.2967,3,10
823333,2026-09-15,4.0267,4.588,1,5
823574,2026-09-15,4.4933,4.7121,5,7
823654,2026-09-15,4.1979,5.049,1,8
823980,2026-09-15,4.1532,4.7397,2,1
824143,2026-09-15,4.1803,4.0267,4,2
824307,2026-09-15,4.5513,5.8508,9,3
824384,2026-09-15,4.4197,4.0629,7,6
824466,2026-09-15,3.9187,4.934,0,4
824627,2026-09-15,4.6265,4.0556,3,6
825030,2026-09-15,5.0994,4.5687,2,4
822680,2026-09-16,4.0419,4.853,0,3
822763,2026-09-16,4.4529,4.533,5,1
822846,2026-09-16,4.2217,4.2393,7,3
822926,2026-09-16,4.6001,4.0752,4,3
823004,2026-09-16,4.1387,4.2264,5,6
823332,2026-09-16,4.128,4.4155,4,5
823576,2026-09-16,4.6013,4.7839,1,7
823655,2026-09-16,4.1977,4.955,5,4
823979,2026-09-16,4.3581,4.6657,2,7
824140,2026-09-16,4.27,4.0026,2,5
824306,2026-09-16,4.7551,5.4399,3,9
824382,2026-09-16,4.5994,3.8571,6,3
824467,2026-09-16,3.8747,4.9321,6,2
824626,2026-09-16,4.4197,3.9601,8,4
825031,2026-09-16,5.0538,4.53,3,4
822845,2026-09-17,4.2017,4.2915,3,4
822924,2026-09-17,4.5997,4.0894,10,1
823334,2026-09-17,4.4503,4.8117,7,4
823573,2026-09-17,4.465,4.1354,0,3
823978,2026-09-17,4.3854,4.5679,5,4
824141,2026-09-17,4.2826,4.0305,6,2
824305,2026-09-17,4.5658,5.728,2,9
824464,2026-09-17,3.9971,4.9876,2,8
824548,2026-09-17,4.2026,4.4662,3,1
822847,2026-09-18,4.0705,4.0827,7,1
822923,2026-09-18,4.3536,4.2855,2,4
823005,2026-09-18,4.3659,4.2438,1,9
823252,2026-09-18,4.5737,4.0136,8,2
823331,2026-09-18,4.3807,4.2596,8,5
823572,2026-09-18,4.4297,4.1578,6,3
823898,2026-09-18,4.8836,4.1078,8,2
823977,2026-09-18,4.435,4.8993,0,3
824138,2026-09-18,4.1453,4.4116,2,6
824303,2026-09-18,4.7037,5.3062,4,5
824383,2026-09-18,4.5835,3.9716,5,3
824463,2026-09-18,4.496,4.3882,6,4
824547,2026-09-18,4.2647,4.3918,8,11
824790,2026-09-18,4.2329,4.997,5,6
825032,2026-09-18,4.2229,4.7707,2,9
822843,2026-09-19,4.2605,4.0414,6,2
822921,2026-09-19,4.1392,4.3345,2,1
823003,2026-09-19,4.3886,4.3777,5,8
823249,2026-09-19,4.5078,4.1516,7,6
823330,2026-09-19,4.2817,4.2672,6,5
823571,2026-09-19,4.1715,4.086,10,3
823899,2026-09-19,4.9835,4.1248,10,4
823976,2026-09-19,4.4252,4.5952,6,5
824137,2026-09-19,4.1891,4.4449,3,6
824304,2026-09-19,4.8684,5.2905,5,3
824380,2026-09-19,4.6333,4.1264,12,6
824461,2026-09-19,4.4231,4.9391,2,5
824545,2026-09-19,4.0965,4.503,3,1
824788,2026-09-19,4.3219,4.5306,0,1
825029,2026-09-19,4.024,4.8681,5,3
822844,2026-09-20,4.0966,3.9464,2,7
822922,2026-09-20,4.1378,4.3325,5,1
823001,2026-09-20,4.4464,4.297,5,3
823247,2026-09-20,4.6369,4.0312,7,3
823329,2026-09-20,4.2919,4.2166,4,3
823570,2026-09-20,4.4826,4.3079,2,7
823896,2026-09-20,5.0257,4.3281,3,1
823975,2026-09-20,4.3773,4.9736,0,8
824139,2026-09-20,4.2862,4.0238,2,4
824300,2026-09-20,4.9219,5.3298,1,2
824381,2026-09-20,4.41,3.8889,1,0
824462,2026-09-20,4.3992,4.9907,1,9
824546,2026-09-20,4.1474,4.4777,8,1
824789,2026-09-20,3.9038,4.7035,0,3
825028,2026-09-20,4.4997,4.8085,8,4
823169,2026-09-21,4.6164,4.4064,5,2
824221,2026-09-21,4.8667,4.3571,9,2
824787,2026-09-21,4.7773,4.5123,4,3
822840,2026-09-22,4.4564,4.2166,3,6
823089,2026-09-22,4.2388,4.1309,0,7
823166,2026-09-22,4.4046,4.4555,2,3
823328,2026-09-22,4.668,4.2925,2,0
823412,2026-09-22,4.3408,4.34,6,4
823494,2026-09-22,4.2058,4.0034,1,6
823543,2026-09-22,4.4673,4.0175,2,0
823897,2026-09-22,4.8175,4.2423,7,0
824061,2026-09-22,4.7388,4.0223,11,14
824222,2026-09-22,4.6053,4.1649,1,3
824302,2026-09-22,4.7777,5.2556,2,7
824624,2026-09-22,4.9511,3.9814,2,8
824709,2026-09-22,4.0647,4.0879,2,3
824867,2026-09-22,4.475,4.2949,0,4
824953,2026-09-22,4.7003,4.8735,9,7
822841,2026-09-23,4.357,4.2329,2,7
823086,2026-09-23,4.388,4.2872,6,5
823168,2026-09-23,4.5385,4.1571,2,4
823327,2026-09-23,4.6416,4.4558,1,5
823410,2026-09-23,4.2003,4.5016,1,4
823492,2026-09-23,4.4216,3.9869,9,2
823894,2026-09-23,4.9284,4.1253,1,5
824060,2026-09-23,4.7129,4.2366,5,4
824223,2026-09-23,4.8078,4.1569,2,4
824301,2026-09-23,4.798,5.1756,3,5
824625,2026-09-23,4.9156,3.9981,2,3
824710,2026-09-23,4.2631,4.2082,1,0
824784,2026-09-23,4.7168,4.5505,4,2
824785,2026-09-23,4.6195,4.364,4,2
824868,2026-09-23,4.5211,4.072,3,2
824951,2026-09-23,4.517,4.9211,7,3
822842,2026-09-24,4.4336,4.2246,3,1
823087,2026-09-24,4.5636,3.9303,4,6
823326,2026-09-24,4.581,4.451,2,1
823411,2026-09-24,4.1405,4.6573,1,5
823493,2026-09-24,4.3202,3.8625,6,4
823895,2026-09-24,4.7938,4.2333,2,4
824059,2026-09-24,4.6852,4.0212,1,9
824298,2026-09-24,4.721,5.317,8,12
824623,2026-09-24,4.8069,4.024,2,1
824707,2026-09-24,3.9853,4.2161,0,1
824866,2026-09-24,4.58,4.1895,6,7
824950,2026-09-24,4.2587,5.1982,5,7
822681,2026-09-25,4.4608,4.8723,7,6
822760,2026-09-25,4.7365,4.4087,6,5
823085,2026-09-25,4.4235,4.0079,5,7
823167,2026-09-25,3.7896,4.5923,0,2
823248,2026-09-25,4.6487,4.5379,4,11
823409,2026-09-25,4.2798,4.0791,0,2
823489,2026-09-25,4.8164,4.4211,6,3
823491,2026-09-25,4.8936,4.7411,2,10
823652,2026-09-25,4.5615,4.7566,10,2
823735,2026-09-25,5.1853,4.1383,8,4
823816,2026-09-25,3.9212,4.3813,3,0
824058,2026-09-25,3.9105,3.9904,9,12
824220,2026-09-25,4.3207,3.9803,8,7
824544,2026-09-25,4.5564,4.1637,6,1
824703,2026-09-25,4.5438,4.6738,4,3
824706,2026-09-25,4.3474,4.6628,2,0
824947,2026-09-25,4.1799,5.183,6,5
822678,2026-09-26,4.4836,5.101,1,7
822759,2026-09-26,4.7688,4.4103,1,5
823083,2026-09-26,4.5454,3.9487,8,4
823165,2026-09-26,3.7592,4.6288,3,4
823245,2026-09-26,4.5827,4.3867,10,7
823407,2026-09-26,4.1659,4.125,1,12
823653,2026-09-26,4.9488,4.5706,2,6
823733,2026-09-26,5.1166,4.1971,3,2
823813,2026-09-26,4.0911,4.8748,3,8
824057,2026-09-26,4.238,4.0082,5,11
824219,2026-09-26,4.4392,4.1728,4,3
824543,2026-09-26,4.5971,4.1235,6,9
824949,2026-09-26,4.3997,5.1662,2,13
822679,2026-09-27,4.5003,4.9992,6,4
822761,2026-09-27,4.6277,4.5409,5,1
823084,2026-09-27,4.4627,4.017,7,3
823164,2026-09-27,3.9664,5.0787,1,5
823246,2026-09-27,4.4472,4.4853,9,4
823408,2026-09-27,4.4237,3.9494,7,3
823650,2026-09-27,4.8738,4.6595,6,4
823731,2026-09-27,5.2156,4.0161,6,4
823814,2026-09-27,4.0278,4.9586,5,3
824055,2026-09-27,4.0146,4.1578,3,2
824217,2026-09-27,4.0322,4.0297,2,4
824542,2026-09-27,4.6157,4.2002,4,2
824705,2026-09-27,4.3706,4.8437,2,6
824948,2026-09-27,4.3133,5.3207,0,9
849843,2026-09-29,4.3939,4.3723,8,0
849845,2026-09-29,3.984,3.9989,5,3
849849,2026-09-29,4.4864,4.1319,3,6
849851,2026-09-29,4.1628,4.1257,9,0
849841,2026-09-30,4.0481,4.1817,3,4
849842,2026-09-30,4.3284,4.2573,4,1
849846,2026-09-30,4.5062,3.9612,3,7
849848,2026-09-30,4.6273,4.27,9,2
