game_pk,game_date,home_expected_runs,away_expected_runs,home_score,away_score
744867,2024-04-25,4.059,4.5725,1,2
745027,2024-04-25,3.857,4.0594,3,4
745512,2024-04-25,3.5089,4.2208,5,7
745755,2024-04-25,4.2152,4.1213,1,3
745918,2024-04-25,4.4541,4.0059,6,3
746320,2024-04-25,4.8169,3.9906,2,1
746564,2024-04-25,3.6786,4.3061,10,9
746646,2024-04-25,4.0837,4.4707,6,4
746724,2024-04-25,3.8914,4.403,0,5
746887,2024-04-25,5.2391,3.9876,3,1
744949,2024-04-26,4.2895,4.9821,2,12
745025,2024-04-26,3.8847,4.335,2,1
745269,2024-04-26,4.1098,4.4935,6,1
745347,2024-04-26,4.0408,4.5254,3,0
745424,2024-04-26,4.0823,4.5869,3,9
745835,2024-04-26,3.8019,4.5457,2,4
746000,2024-04-26,4.0429,4.3247,7,6
746078,2024-04-26,3.465,4.6311,1,3
746243,2024-04-26,4.5989,4.1001,3,5
746482,2024-04-26,4.0694,4.9362,0,8
746808,2024-04-26,3.5981,4.2914,9,4
746972,2024-04-26,4.71,4.2379,1,7
747050,2024-04-26,4.5962,4.0342,2,3
747129,2024-04-26,4.6648,4.8238,6,2
744946,2024-04-27,4.2125,4.1199,2,4
745020,2024-04-27,3.8616,4.5336,4,8
745266,2024-04-27,4.3375,4.3979,3,1
745350,2024-04-27,3.9321,4.2088,3,4
745425,2024-04-27,3.9757,4.1637,1,5
745833,2024-04-27,4.1565,4.5423,4,7
745998,2024-04-27,4.2748,4.7342,3,15
746075,2024-04-27,3.8047,4.0974,4,11
746245,2024-04-27,4.453,4.2916,5,16
746484,2024-04-27,4.1072,4.3765,6,5
746560,2024-04-27,4.7074,4.1534,4,12
746803,2024-04-27,3.6642,4.0518,8,7
746971,2024-04-27,4.5389,4.7182,17,0
747052,2024-04-27,4.8044,4.1327,7,0
747131,2024-04-27,4.316,4.8733,2,4
744947,2024-04-28,3.6915,4.4985,3,1
745022,2024-04-28,3.8849,4.2367,4,3
745265,2024-04-28,3.958,4.3027,2,3
745349,2024-04-28,3.3576,3.9451,3,2
745428,2024-04-28,3.7225,4.576,6,8
745834,2024-04-28,4.2012,4.2316,4,2
746001,2024-04-28,3.9024,4.0637,5,15
746077,2024-04-28,3.9033,4.2774,9,12
746237,2024-04-28,4.0446,3.8137,5,11
746483,2024-04-28,3.6619,4.4155,4,1
746561,2024-04-28,4.2828,3.9795,2,8
746805,2024-04-28,3.6646,4.2371,4,2
746967,2024-04-28,4.2364,4.3222,5,4
747045,2024-04-28,4.8078,4.0917,6,7
747125,2024-04-28,4.4078,4.6368,4,3
744945,2024-04-29,3.3391,4.9266,6,5
745263,2024-04-29,4.118,4.8061,2,1
745427,2024-04-29,3.6471,4.1422,2,5
745672,2024-04-29,4.144,4.7584,5,1
745832,2024-04-29,4.4383,5.0591,1,3
745999,2024-04-29,3.7129,4.0614,0,1
746074,2024-04-29,3.6653,3.5026,2,7
746236,2024-04-29,4.0219,4.1142,6,5
746804,2024-04-29,4.0743,4.1496,2,3
747046,2024-04-29,4.5444,4.8013,2,0
747211,2024-04-29,4.3561,4.8509,4,8
744942,2024-04-30,4.0829,4.5757,1,4
745018,2024-04-30,4.0122,4.8012,7,1
745260,2024-04-30,4.2211,4.7399,3,2
745426,2024-04-30,3.7284,4.1768,6,4
745673,2024-04-30,3.9477,4.7699,5,2
745831,2024-04-30,4.4351,4.8627,4,2
745997,2024-04-30,3.9086,4.0788,8,2
746073,2024-04-30,4.3671,3.5839,7,6
746239,2024-04-30,4.2296,4.2023,5,7
746398,2024-04-30,4.0735,4.4613,10,9
746477,2024-04-30,4.1636,4.2953,1,2
746481,2024-04-30,3.8911,4.0863,11,6
746806,2024-04-30,3.8064,4.471,5,6
746968,2024-04-30,4.3951,4.8799,4,0
747047,2024-04-30,4.3231,4.6213,4,2
747210,2024-04-30,4.4025,4.5127,4,3
744939,2024-05-01,3.9549,4.6217,1,6
745023,2024-05-01,4.1854,4.6943,0,1
745261,2024-05-01,4.2332,4.7391,2,5
745423,2024-05-01,3.6842,4.0689,6,2
745670,2024-05-01,3.981,4.2948,4,0
745829,2024-05-01,4.237,4.5592,0,1
745996,2024-05-01,4.0358,4.2173,7,1
746072,2024-05-01,4.2838,3.7864,4,1
746238,2024-05-01,3.7613,4.4221,1,2
746399,2024-05-01,4.1573,4.5003,2,3
746478,2024-05-01,3.7193,3.711,4,1
746800,2024-05-01,3.9733,4.4467,5,10
746966,2024-05-01,4.3638,4.8969,6,2
747048,2024-05-01,4.4501,4.6476,0,2
747207,2024-05-01,4.3874,4.4541,0,8
745021,2024-05-02,3.9953,4.0781,6,0
745830,2024-05-02,4.363,3.6465,7,6
746070,2024-05-02,4.6632,4.4203,5,4
746403,2024-05-02,4.5957,4.7615,8,2
746969,2024-05-02,4.8131,3.9094,1,3
747044,2024-05-02,3.8519,4.5595,7,2
744868,2024-05-03,3.8112,3.9203,9,3
745101,2024-05-03,4.1621,5.0321,10,8
745187,2024-05-03,4.523,3.9947,3,0
745510,2024-05-03,4.4795,3.5561,2,3
745589,2024-05-03,4.7666,3.7498,4,3
745665,2024-05-03,4.1316,3.9203,3,1
745756,2024-05-03,3.5215,3.7593,2,1
745914,2024-05-03,3.8495,5.2222,5,2
746152,2024-05-03,4.1704,4.492,4,3
746318,2024-05-03,4.959,3.987,7,1
746402,2024-05-03,4.1139,4.4229,5,3
746645,2024-05-03,4.3576,4.0235,0,6
746721,2024-05-03,4.7068,4.6771,0,3
746890,2024-05-03,3.9949,4.4383,1,3
747208,2024-05-03,4.1677,4.5379,1,7
744862,2024-05-04,3.9183,3.7255,3,6
745100,2024-05-04,3.7207,5.2962,3,1
745183,2024-05-04,4.214,3.763,5,6
745511,2024-05-04,4.9033,4.016,1,0
745583,2024-05-04,4.9767,3.873,14,3
745666,2024-05-04,4.2887,3.9722,20,4
745750,2024-05-04,3.5578,3.9824,5,3
745911,2024-05-04,3.466,4.6342,3,1
746155,2024-05-04,4.0139,4.7277,11,2
746311,2024-05-04,5.4307,3.8365,4,15
746394,2024-05-04,3.9844,4.2768,0,5
746644,2024-05-04,4.6052,3.967,7,1
746720,2024-05-04,4.3678,5.3816,1,2
746884,2024-05-04,3.8253,4.3738,6,5
747209,2024-05-04,4.1037,4.5645,1,13
744861,2024-05-05,3.507,4.812,11,8
745103,2024-05-05,4.2144,4.5257,7,6
745185,2024-05-05,4.4481,3.6136,1,5
745504,2024-05-05,4.3587,3.7192,5,3
745587,2024-05-05,4.6846,3.5942,5,4
745667,2024-05-05,3.805,3.5984,3,12
745751,2024-05-05,3.622,3.9254,5,2
745913,2024-05-05,3.483,4.708,2,9
746153,2024-05-05,4.107,4.7623,5,1
746314,2024-05-05,4.5713,4.1435,2,3
746395,2024-05-05,4.1423,4.5368,4,5
746643,2024-05-05,4.8907,4.0397,4,1
746719,2024-05-05,4.4954,5.2883,1,11
746883,2024-05-05,4.0014,4.5839,5,0
747206,2024-05-05,4.2879,4.9729,11,4
745098,2024-05-06,4.8054,4.4393,8,2
745182,2024-05-06,4.0708,4.6493,3,4
745509,2024-05-06,4.3512,3.8103,4,1
745585,2024-05-06,5.1205,5.0698,6,1
745669,2024-05-06,4.3238,3.5041,2,4
745912,2024-05-06,3.7321,4.1837,3,1
746149,2024-05-06,4.4365,4.0719,6,3
746313,2024-05-06,3.9397,4.0965,3,2
746639,2024-05-06,3.6636,4.5726,2,1
746886,2024-05-06,4.1958,4.2521,3,6
744859,2024-05-07,3.8964,4.9174,3,0
745095,2024-05-07,4.9552,4.1443,5,1
745186,2024-05-07,4.1643,4.2718,5,7
745508,2024-05-07,4.2225,4.0046,0,9
745586,2024-05-07,4.3409,3.7772,10,1
745668,2024-05-07,4.5305,4.4672,8,15
745752,2024-05-07,4.8665,4.2044,10,3
745915,2024-05-07,3.9702,4.2632,6,10
746147,2024-05-07,4.3253,3.5139,8,2
746315,2024-05-07,4.1545,4.1543,5,6
746559,2024-05-07,4.4342,4.4123,0,5
746638,2024-05-07,3.8698,4.0983,7,11
746718,2024-05-07,4.1814,4.0503,2,6
746885,2024-05-07,4.5225,4.1102,3,2
747126,2024-05-07,3.8536,4.5688,4,2
744858,2024-05-08,3.4376,4.4421,6,7
745097,2024-05-08,4.5075,3.9217,1,4
745507,2024-05-08,4.3028,4.1368,4,5
745584,2024-05-08,4.3464,3.4877,3,5
745659,2024-05-08,4.1271,4.3708,11,12
745664,2024-05-08,4.3136,3.5951,9,4
745749,2024-05-08,4.5119,3.7561,9,4
745906,2024-05-08,3.4448,3.8907,6,3
746151,2024-05-08,4.7122,4.2389,3,1
746312,2024-05-08,3.8187,3.9655,6,4
746562,2024-05-08,4.6879,4.7263,6,8
746640,2024-05-08,4.2382,4.0891,5,4
746717,2024-05-08,4.4824,4.0919,3,4
746879,2024-05-08,4.1179,3.8837,0,3
747127,2024-05-08,3.7915,4.4426,5,0
745748,2024-05-09,4.6196,3.4138,3,4
745910,2024-05-09,3.5909,3.8572,11,1
745995,2024-05-09,4.2184,3.7004,7,1
746241,2024-05-09,4.0777,4.3268,4,10
746563,2024-05-09,4.4962,4.9578,9,1
746715,2024-05-09,4.3452,4.6135,4,5
746802,2024-05-09,4.0161,4.7985,3,2
744940,2024-05-10,3.6133,4.7551,2,3
745094,2024-05-10,3.4048,4.6301,0,2
745264,2024-05-10,3.2821,4.074,8,1
745340,2024-05-10,4.1516,3.7683,2,4
745421,2024-05-10,3.624,4.7216,2,1
745506,2024-05-10,4.2776,3.3831,2,7
745827,2024-05-10,3.8468,3.9943,2,4
745993,2024-05-10,4.0852,3.6405,11,2
746071,2024-05-10,3.9473,5.2093,2,8
746240,2024-05-10,4.3164,4.6683,1,2
746479,2024-05-10,4.6712,3.6793,2,5
746553,2024-05-10,4.2374,4.8473,4,2
746801,2024-05-10,4.1282,5.4246,6,3
746964,2024-05-10,4.4298,4.8698,1,5
747043,2024-05-10,4.7178,3.8437,4,2
744943,2024-05-11,4.0201,4.3514,10,8
745096,2024-05-11,3.8807,4.4946,7,2
745262,2024-05-11,3.2785,4.3048,1,8
745344,2024-05-11,3.8262,3.8905,5,1
745422,2024-05-11,4.2075,5.4926,0,5
745505,2024-05-11,4.6302,3.8619,10,9
745828,2024-05-11,3.3519,4.0261,1,4
745994,2024-05-11,4.509,3.6824,5,3
746069,2024-05-11,3.9227,6.04,3,8
746232,2024-05-11,3.9321,4.3629,9,3
746480,2024-05-11,4.7445,3.6659,8,2
746554,2024-05-11,4.2059,4.9778,8,3
746797,2024-05-11,4.144,4.988,3,1
746963,2024-05-11,4.7764,4.4234,4,2
747041,2024-05-11,4.4154,4.3123,5,4
744941,2024-05-12,3.8655,4.485,1,5
745092,2024-05-12,3.7475,4.3226,6,10
745255,2024-05-12,3.5125,3.6452,8,4
745345,2024-05-12,3.6387,4.4536,6,5
745419,2024-05-12,4.0442,4.7033,4,0
745499,2024-05-12,4.9477,4.1123,4,5
745825,2024-05-12,3.6499,4.5776,4,3
745990,2024-05-12,4.2539,3.7849,3,4
746068,2024-05-12,3.2023,4.6795,7,6
746234,2024-05-12,4.1614,4.973,2,4
746476,2024-05-12,5.2944,3.9935,3,9
746555,2024-05-12,4.4822,5.8468,3,1
746798,2024-05-12,4.0858,5.6761,0,7
746965,2024-05-12,3.9532,4.347,3,2
747042,2024-05-12,4.6002,3.992,2,9
745019,2024-05-13,3.9267,4.5472,0,7
745256,2024-05-13,3.5884,3.8077,6,2
745343,2024-05-13,3.849,4.0659,4,6
745420,2024-05-13,5.6154,4.3289,4,5
745826,2024-05-13,3.9676,3.9593,4,5
745991,2024-05-13,4.1771,4.013,6,8
746233,2024-05-13,4.0904,4.0184,5,10
746393,2024-05-13,4.5605,4.0097,9,2
746471,2024-05-13,4.8734,3.8316,6,5
746961,2024-05-13,4.5781,3.7328,3,5
747040,2024-05-13,5.3269,3.473,2,3
747128,2024-05-13,5.0252,3.6009,2,0
747204,2024-05-13,4.5576,4.8424,6,5
745014,2024-05-14,4.1636,4.3231,4,7
745257,2024-05-14,3.666,3.6951,2,4
745342,2024-05-14,3.7153,4.3967,2,10
745418,2024-05-14,4.6713,4.1666,3,6
745821,2024-05-14,3.7427,3.6999,0,4
745909,2024-05-14,3.8522,3.6154,1,5
745989,2024-05-14,4.5193,4.2352,4,3
746235,2024-05-14,4.3822,4.1918,6,7
746396,2024-05-14,4.3009,3.6643,2,1
746473,2024-05-14,4.9039,3.544,0,1
746796,2024-05-14,4.2978,4.2308,3,6
746799,2024-05-14,3.9722,4.2499,4,0
746962,2024-05-14,4.8035,4.0451,5,4
747124,2024-05-14,4.9881,3.5547,7,0
747205,2024-05-14,3.7152,4.523,2,6
745015,2024-05-15,3.8714,4.4748,4,0
745259,2024-05-15,3.8295,3.7438,4,2
745341,2024-05-15,3.3985,4.7454,4,1
745417,2024-05-15,4.8059,4.102,0,8
745582,2024-05-15,5.4085,5.3979,10,5
745908,2024-05-15,3.6485,4.3623,0,4
745992,2024-05-15,4.1661,4.3364,10,2
746231,2024-05-15,4.5258,4.682,7,2
746397,2024-05-15,3.9632,4.5567,3,0
746472,2024-05-15,5.5162,3.9173,0,2
746795,2024-05-15,4.4382,4.992,2,0
746960,2024-05-15,4.8446,4.4091,3,4
747038,2024-05-15,5.6461,3.4665,3,2
747123,2024-05-15,4.9355,3.4469,1,7
747203,2024-05-15,4.5695,4.5178,2,1
745580,2024-05-16,4.8442,4.7829,5,6
745907,2024-05-16,3.5162,4.0868,0,5
746150,2024-05-16,4.5114,3.4644,2,7
746391,2024-05-16,4.1004,3.5564,8,1
746881,2024-05-16,4.0727,3.4342,4,5
746959,2024-05-16,4.2724,4.223,5,7
744934,2024-05-17,4.7132,4.3597,3,4
745016,2024-05-17,4.0741,3.7492,3,9
745178,2024-05-17,3.9297,4.4629,10,6
745335,2024-05-17,4.0878,3.4392,10,5
745579,2024-05-17,4.5182,3.5364,4,2
745747,2024-05-17,4.8898,3.4093,4,2
746065,2024-05-17,4.1044,5.4851,8,0
746148,2024-05-17,4.9666,4.1008,7,3
746310,2024-05-17,4.9296,3.5495,6,2
746388,2024-05-17,4.0958,4.6663,5,4
746641,2024-05-17,4.3877,5.3373,3,2
746878,2024-05-17,5.0863,3.7773,3,9
747037,2024-05-17,4.5556,4.2363,9,2
747122,2024-05-17,4.586,4.2481,1,3
747201,2024-05-17,4.1639,4.558,0,13
744938,2024-05-18,4.7425,4.514,4,5
745013,2024-05-18,3.9526,3.9869,3,2
745177,2024-05-18,3.5141,4.3387,7,2
745339,2024-05-18,3.8675,3.7858,14,4
745581,2024-05-18,4.5184,3.4525,4,3
745744,2024-05-18,5.2448,3.3506,6,1
746067,2024-05-18,4.0752,5.6872,10,9
746142,2024-05-18,5.0369,3.9503,4,0
746308,2024-05-18,4.3564,3.3945,5,3
746389,2024-05-18,4.3801,4.6742,2,4
746642,2024-05-18,4.3907,5.0615,11,4
746882,2024-05-18,4.4445,3.8411,1,0
747036,2024-05-18,4.6603,4.0799,3,4
747202,2024-05-18,4.0299,4.5646,3,8
744937,2024-05-19,4.9134,4.3883,5,2
745012,2024-05-19,3.8533,4.0016,1,4
745179,2024-05-19,3.5873,4.2175,3,11
745336,2024-05-19,3.8206,3.8778,4,1
745577,2024-05-19,5.066,3.605,11,5
745745,2024-05-19,5.1694,3.3631,7,2
746064,2024-05-19,4.0202,6.0026,3,7
746144,2024-05-19,4.5215,3.6862,3,2
746306,2024-05-19,4.4268,3.7801,8,4
746392,2024-05-19,4.847,4.9993,9,4
746636,2024-05-19,4.2422,4.5781,5,2
746880,2024-05-19,4.3294,3.7263,2,3
747035,2024-05-19,4.1537,4.1742,6,3
747120,2024-05-19,4.3233,4.2836,1,9
747198,2024-05-19,3.7926,4.804,6,4
744857,2024-05-20,3.9739,4.4396,12,3
744935,2024-05-20,4.5401,4.2433,9,3
745093,2024-05-20,3.632,4.6617,0,5
745181,2024-05-20,3.6677,4.5816,6,3
745746,2024-05-20,3.9654,3.6722,4,5
746066,2024-05-20,4.0382,5.271,3,2
746146,2024-05-20,4.539,4.4581,6,4
746307,2024-05-20,4.2683,3.6946,8,3
746390,2024-05-20,4.5636,3.6389,7,9
746637,2024-05-20,3.9583,5.0217,3,1
747119,2024-05-20,4.1169,4.3223,5,6
747121,2024-05-20,4.3829,4.4613,3,0
744860,2024-05-21,4.0342,4.8193,0,10
744936,2024-05-21,4.2032,4.3038,0,5
745090,2024-05-21,3.5797,4.848,2,5
745180,2024-05-21,3.4869,4.0905,3,1
745503,2024-05-21,4.5245,4.237,7,6
745578,2024-05-21,4.5522,4.1478,5,2
745662,2024-05-21,4.1297,3.9488,5,4
745742,2024-05-21,4.3831,3.3679,3,6
746058,2024-05-21,3.6577,5.4895,5,7
746145,2024-05-21,4.7257,4.3179,3,7
746309,2024-05-21,4.0815,3.6284,10,3
746385,2024-05-21,4.3791,3.8497,6,5
746633,2024-05-21,4.4095,5.3438,7,6
746716,2024-05-21,4.2605,5.329,2,0
746875,2024-05-21,3.8617,3.9621,4,3
744856,2024-05-22,4.2806,4.5837,2,3
744933,2024-05-22,4.7823,4.5309,9,2
745089,2024-05-22,3.8217,4.6854,5,8
745173,2024-05-22,3.909,4.758,5,4
745502,2024-05-22,4.5382,3.7635,5,9
745576,2024-05-22,4.9584,4.7613,11,4
745661,2024-05-22,4.3137,3.937,3,4
745743,2024-05-22,3.9444,3.3587,7,3
746063,2024-05-22,3.8376,5.7034,1,0
746143,2024-05-22,4.8783,4.6717,0,6
746304,2024-05-22,4.0681,3.625,8,3
746386,2024-05-22,4.3345,3.8605,1,2
746634,2024-05-22,4.9602,5.691,6,3
746712,2024-05-22,4.2882,4.8652,3,7
746876,2024-05-22,3.8248,4.1317,2,9
745500,2024-05-23,4.8964,4.4419,6,7
745573,2024-05-23,4.9529,3.9944,5,2
745660,2024-05-23,4.8953,3.8599,10,9
745741,2024-05-23,4.3545,3.5251,5,0
746474,2024-05-23,4.7029,3.9736,1,9
746714,2024-05-23,4.0977,4.9569,4,6
746792,2024-05-23,3.7448,4.5637,6,8
746874,2024-05-23,3.6972,5.1292,0,3
744853,2024-05-24,4.256,4.7318,6,1
745087,2024-05-24,3.6124,4.7168,1,8
745415,2024-05-24,3.6807,5.236,0,8
745501,2024-05-24,3.5282,4.9339,11,5
745663,2024-05-24,5.5795,4.8244,3,6
745822,2024-05-24,4.622,3.7322,7,8
745905,2024-05-24,4.5965,4.2376,3,2
746227,2024-05-24,4.1748,5.0297,4,10
746475,2024-05-24,4.6161,3.7665,6,2
746558,2024-05-24,3.8199,4.9794,3,2
746713,2024-05-24,3.9536,4.7399,9,6
746793,2024-05-24,3.8366,4.2589,4,6
746956,2024-05-24,4.1489,4.254,2,7
747200,2024-05-24,4.9932,3.9736,0,3
744851,2024-05-25,4.3737,4.4704,3,1
745086,2024-05-25,3.8933,4.6217,4,7
745176,2024-05-25,4.7744,4.7832,7,6
745411,2024-05-25,3.9259,4.9259,1,4
745493,2024-05-25,3.8393,4.6047,4,1
745658,2024-05-25,5.4162,4.7313,3,1
745823,2024-05-25,4.9964,3.7256,2,7
745901,2024-05-25,4.3855,4.0783,5,3
746226,2024-05-25,3.7963,4.835,3,4
746470,2024-05-25,4.5312,3.8859,2,1
746556,2024-05-25,3.973,5.0235,4,8
746710,2024-05-25,3.6612,4.4625,3,1
746794,2024-05-25,4.1512,4.1672,3,5
746958,2024-05-25,4.1237,4.176,3,6
747199,2024-05-25,4.6804,4.2279,3,2
744855,2024-05-26,4.351,5.1832,5,9
745088,2024-05-26,4.0132,4.4837,4,1
745172,2024-05-26,4.5194,4.4486,4,3
745413,2024-05-26,3.551,4.843,5,2
745498,2024-05-26,3.4843,4.9987,1,8
745653,2024-05-26,5.3244,4.5942,2,5
745824,2024-05-26,4.8325,3.9246,4,3
745902,2024-05-26,4.5633,4.718,2,6
746230,2024-05-26,3.9484,4.839,4,5
746469,2024-05-26,4.73,3.7219,14,11
746557,2024-05-26,4.0887,4.5729,5,2
746711,2024-05-26,3.7126,4.6579,4,1
746789,2024-05-26,3.8203,4.4469,1,4
746957,2024-05-26,3.7139,4.4384,2,1
747197,2024-05-26,4.851,4.368,1,3
745254,2024-05-27,4.7916,3.793,3,2
745338,2024-05-27,3.9554,4.286,8,4
745416,2024-05-27,4.6603,4.4459,2,1
745904,2024-05-27,3.8672,3.7402,6,5
745986,2024-05-27,5.0063,4.3576,5,1
746549,2024-05-27,4.0096,4.7642,8,6
746708,2024-05-27,4.4985,4.2423,3,1
746788,2024-05-27,4.321,3.9301,1,5
747034,2024-05-27,3.8013,4.2823,11,3
747118,2024-05-27,4.4351,3.4622,4,8
745017,2024-05-28,4.0526,4.3949,4,2
745091,2024-05-28,4.4184,4.4747,0,3
745258,2024-05-28,4.5712,3.8535,4,2
745337,2024-05-28,3.5898,4.1025,1,0
745412,2024-05-28,4.5113,4.4219,4,0
745816,2024-05-28,3.6127,3.8833,0,3
745818,2024-05-28,3.6944,3.8949,2,5
745903,2024-05-28,3.8063,3.456,4,2
745987,2024-05-28,4.6745,4.4635,3,6
746229,2024-05-28,4.0119,5.0783,4,3
746552,2024-05-28,4.0591,4.8977,7,13
746709,2024-05-28,4.2614,4.0046,1,7
746791,2024-05-28,4.3362,4.2101,2,7
747033,2024-05-28,4.0079,4.1387,3,8
747115,2024-05-28,4.0639,3.622,2,0
745011,2024-05-29,3.9936,4.5815,6,1
745084,2024-05-29,4.5516,4.1287,4,3
745250,2024-05-29,4.6416,3.8147,2,1
745333,2024-05-29,4.0274,4.095,1,6
745414,2024-05-29,4.5783,4.4634,1,9
745817,2024-05-29,3.5393,4.2472,3,10
745900,2024-05-29,3.6976,3.5331,1,6
745988,2024-05-29,4.682,4.4085,10,6
746228,2024-05-29,3.9679,4.6471,1,2
746467,2024-05-29,3.8418,4.0,8,0
746468,2024-05-29,3.7296,4.4157,2,10
746551,2024-05-29,3.9657,5.0566,7,4
746706,2024-05-29,4.315,4.2104,3,5
746790,2024-05-29,4.2624,3.7648,1,3
747031,2024-05-29,3.9677,4.1326,6,1
747117,2024-05-29,4.0401,3.8489,2,7
745081,2024-05-30,3.9787,4.0509,6,5
745249,2024-05-30,3.9525,3.5388,0,4
745819,2024-05-30,3.6941,4.5838,3,2
745898,2024-05-30,3.6067,3.7956,7,6
745985,2024-05-30,5.0215,4.3358,6,4
746225,2024-05-30,3.7772,4.6938,3,8
746954,2024-05-30,3.6144,4.0672,0,5
747114,2024-05-30,3.8666,3.8864,1,3
744928,2024-05-31,4.0175,4.3356,5,3
745253,2024-05-31,3.8562,3.6304,5,4
745331,2024-05-31,3.6908,4.2986,2,6
745574,2024-05-31,4.662,3.6776,4,2
745820,2024-05-31,3.5774,4.2095,10,9
745983,2024-05-31,5.0051,3.8563,12,5
746059,2024-05-31,5.275,5.947,8,2
746140,2024-05-31,5.0207,3.659,1,4
746303,2024-05-31,4.2467,3.8506,8,11
746387,2024-05-31,5.0868,4.2048,1,6
746635,2024-05-31,4.997,3.804,7,1
746877,2024-05-31,3.9964,3.6287,4,5
746955,2024-05-31,3.6846,4.2538,7,3
747032,2024-05-31,4.9639,3.6165,3,1
747116,2024-05-31,4.1589,3.7464,4,2
744932,2024-06-01,3.9513,4.2571,1,8
745251,2024-06-01,3.7755,3.9261,9,0
745332,2024-06-01,3.6135,4.1715,3,7
745575,2024-06-01,4.539,3.6801,6,1
745812,2024-06-01,3.6868,4.1348,5,10
745980,2024-06-01,4.7573,3.8443,4,3
746062,2024-06-01,4.5148,4.9595,0,7
746138,2024-06-01,5.216,3.7218,4,1
746305,2024-06-01,4.4064,4.3432,3,7
746384,2024-06-01,4.9265,4.1896,5,2
746629,2024-06-01,4.965,3.8154,3,2
746870,2024-06-01,3.6583,3.7698,7,5
746952,2024-06-01,3.658,4.1821,6,3
747029,2024-06-01,4.8236,3.5256,9,5
747111,2024-06-01,4.1515,3.6489,9,11
744929,2024-06-02,3.9948,4.2728,5,4
745252,2024-06-02,3.7661,4.1601,5,1
745330,2024-06-02,4.1167,4.1506,5,7
745572,2024-06-02,4.6304,3.9256,4,5
745813,2024-06-02,3.5858,4.2899,4,5
745984,2024-06-02,5.0961,3.9039,6,3
746061,2024-06-02,4.4968,5.3939,0,6
746141,2024-06-02,5.601,3.5914,4,0
746301,2024-06-02,4.5664,3.8365,4,3
746383,2024-06-02,4.9036,4.1608,3,4
746632,2024-06-02,4.5888,3.7864,2,5
746871,2024-06-02,3.8916,3.5548,2,5
746953,2024-06-02,3.7537,4.4713,4,8
747030,2024-06-02,5.0057,3.7018,3,4
747110,2024-06-02,4.1749,4.2625,3,1
744854,2024-06-03,4.5615,4.7054,7,8
744930,2024-06-03,3.4112,4.5481,2,7
745009,2024-06-03,3.7224,3.8012,1,2
745569,2024-06-03,4.435,4.1899,3,1
746224,2024-06-03,4.0255,4.9301,2,1
746382,2024-06-03,4.7724,3.8044,7,4
746548,2024-06-03,4.6376,4.8876,3,13
747194,2024-06-03,4.7963,4.9189,4,2
744850,2024-06-04,4.9523,5.5827,3,6
744931,2024-06-04,3.8991,4.4127,1,10
745010,2024-06-04,3.6697,3.814,1,3
745497,2024-06-04,3.7952,4.5703,1,0
745568,2024-06-04,4.6402,4.3518,2,1
745656,2024-06-04,4.2207,4.4756,3,4
745739,2024-06-04,5.0402,3.7192,5,1
746060,2024-06-04,4.5109,4.3041,5,9
746222,2024-06-04,3.6096,5.1432,4,2
746380,2024-06-04,4.807,4.0384,8,5
746550,2024-06-04,4.5311,5.4042,1,4
746630,2024-06-04,4.2684,3.9474,8,5
746872,2024-06-04,4.4632,3.4541,7,6
746949,2024-06-04,3.5351,4.6151,3,8
747196,2024-06-04,4.5856,4.572,8,5
744852,2024-06-05,4.7194,4.5396,1,9
744927,2024-06-05,4.0083,4.407,3,2
745007,2024-06-05,3.8278,4.4485,9,1
745494,2024-06-05,3.6434,4.5066,10,6
745570,2024-06-05,4.2133,4.4945,2,0
745654,2024-06-05,4.1673,4.5187,2,1
745740,2024-06-05,5.1768,4.0628,9,5
746056,2024-06-05,4.7884,4.3566,3,5
746221,2024-06-05,3.5876,4.7225,3,2
746379,2024-06-05,4.9464,3.991,2,4
746544,2024-06-05,4.7229,4.9045,7,12
746873,2024-06-05,4.6188,3.4583,7,6
746950,2024-06-05,3.5384,4.6609,9,0
747195,2024-06-05,4.8326,5.4106,3,9
744844,2024-06-06,4.058,4.7588,2,5
744923,2024-06-06,3.5631,5.0264,6,5
745174,2024-06-06,4.3961,4.081,2,3
745408,2024-06-06,3.9053,4.7514,3,4
745495,2024-06-06,4.0114,4.4584,7,11
745657,2024-06-06,4.1703,4.0608,0,3
745738,2024-06-06,4.5689,3.624,8,5
746631,2024-06-06,4.4845,3.8357,3,4
746707,2024-06-06,4.42,4.3354,8,4
746784,2024-06-06,3.7832,5.3155,2,14
744845,2024-06-07,3.9774,4.4525,2,1
745008,2024-06-07,4.2769,4.0051,2,5
745083,2024-06-07,3.7573,4.8531,3,6
745169,2024-06-07,4.2322,4.2421,8,5
745406,2024-06-07,4.0065,5.0143,10,3
745496,2024-06-07,4.6773,4.3399,3,0
745655,2024-06-07,4.0754,4.6033,2,1
745737,2024-06-07,4.206,3.7263,1,2
746053,2024-06-07,4.1186,5.7927,3,2
746220,2024-06-07,4.2446,4.8245,1,7
746302,2024-06-07,4.611,3.6229,10,9
746466,2024-06-07,3.8603,4.4097,0,10
746704,2024-06-07,4.5908,4.1834,3,2
746785,2024-06-07,3.6424,4.1877,7,2
744848,2024-06-08,4.1013,4.996,7,3
745001,2024-06-08,4.3743,3.9863,1,3
745082,2024-06-08,3.7562,5.4897,0,5
745166,2024-06-08,4.2905,4.2474,5,6
745410,2024-06-08,3.8985,4.9099,13,1
745492,2024-06-08,4.7521,4.9212,4,0
745652,2024-06-08,4.1911,4.2628,0,7
745735,2024-06-08,4.2443,3.7579,3,11
745814,2024-06-08,3.5623,3.9851,2,7
746057,2024-06-08,3.7382,5.0973,0,8
746223,2024-06-08,4.6848,4.5976,1,6
746300,2024-06-08,4.4889,3.6792,8,4
746461,2024-06-08,3.8592,4.9989,4,5
746703,2024-06-08,4.4876,4.0507,4,3
746786,2024-06-08,3.8424,5.2547,6,1
744849,2024-06-09,3.7874,5.4002,8,5
745003,2024-06-09,4.5947,4.0648,7,2
745085,2024-06-09,3.9172,4.453,2,9
745167,2024-06-09,4.3109,4.3201,5,1
745407,2024-06-09,3.8993,4.4457,3,9
745491,2024-06-09,4.2863,4.8177,5,11
745571,2024-06-09,5.5304,4.3026,5,6
745651,2024-06-09,4.7935,4.536,4,6
745736,2024-06-09,3.9551,3.8708,6,4
746054,2024-06-09,4.0137,5.8695,3,6
746216,2024-06-09,4.4596,4.3467,9,7
746297,2024-06-09,4.1815,3.5971,5,6
746463,2024-06-09,3.95,3.931,10,2
746705,2024-06-09,4.7378,4.5538,2,4
746787,2024-06-09,3.7793,5.0474,4,6
745080,2024-06-10,4.0197,4.4603,2,5
745248,2024-06-10,4.5244,3.457,8,4
745334,2024-06-10,4.1375,4.3505,4,3
745409,2024-06-10,4.0104,4.1714,6,1
745897,2024-06-10,4.2919,3.7094,5,0
745982,2024-06-10,4.7637,4.1306,3,1
746295,2024-06-10,4.2845,4.3206,2,4
745077,2024-06-11,4.6878,4.5359,5,2
745170,2024-06-11,3.9203,4.3464,1,2
745244,2024-06-11,4.9596,3.7421,4,3
745327,2024-06-11,4.1489,4.183,1,3
745404,2024-06-11,4.0216,4.5381,4,3
745815,2024-06-11,3.8717,3.9318,2,4
745899,2024-06-11,4.7695,3.9076,4,5
745981,2024-06-11,4.9284,4.5793,0,3
746139,2024-06-11,5.0975,4.411,15,2
746296,2024-06-11,4.2645,4.1078,1,10
746464,2024-06-11,4.1288,4.2985,4,5
746702,2024-06-11,3.7347,4.3259,3,5
746951,2024-06-11,3.583,4.4613,1,4
747027,2024-06-11,4.4134,4.0926,4,0
747190,2024-06-11,4.1922,4.956,9,4
745079,2024-06-12,4.5771,4.5897,3,4
745171,2024-06-12,4.2349,4.4537,4,2
745246,2024-06-12,4.1741,3.4223,2,1
745328,2024-06-12,4.4146,4.1511,5,3
745405,2024-06-12,4.096,3.9468,5,4
745811,2024-06-12,3.8358,3.8285,10,4
745896,2024-06-12,4.3954,3.8262,17,9
745978,2024-06-12,4.8903,4.2418,5,4
746137,2024-06-12,4.7659,4.197,2,3
746294,2024-06-12,4.4236,4.2948,5,11
746462,2024-06-12,4.0187,4.1112,5,7
746701,2024-06-12,3.7697,4.8226,4,2
746948,2024-06-12,3.7089,4.0001,8,6
747028,2024-06-12,4.5713,4.0716,4,2
747193,2024-06-12,4.2997,4.9725,3,8
745075,2024-06-13,4.5521,4.4013,3,2
745168,2024-06-13,4.0766,4.0335,4,3
745245,2024-06-13,4.2657,3.5534,2,3
745809,2024-06-13,4.068,3.9604,3,2
745894,2024-06-13,4.5092,3.6383,6,2
746136,2024-06-13,4.9351,4.0319,1,3
746299,2024-06-13,4.0789,4.6678,4,3
746465,2024-06-13,4.2625,4.7536,7,2
746944,2024-06-13,3.4905,4.3168,9,3
747026,2024-06-13,4.1362,3.6629,3,6
747192,2024-06-13,4.694,4.8859,11,1
744847,2024-06-14,4.7969,4.061,8,1
744924,2024-06-14,3.7688,5.5091,1,3
745247,2024-06-14,4.2319,3.7259,3,2
745326,2024-06-14,4.0714,4.2971,6,8
745810,2024-06-14,3.4677,4.6933,2,1
745892,2024-06-14,4.836,3.6638,6,5
745979,2024-06-14,4.0804,4.507,5,6
746134,2024-06-14,4.1704,3.6327,4,3
746378,2024-06-14,4.5666,4.2438,4,0
746545,2024-06-14,4.3252,4.5233,2,5
746869,2024-06-14,4.6612,3.773,0,3
746947,2024-06-14,3.4719,4.6769,1,8
747025,2024-06-14,4.0497,3.6751,3,5
747112,2024-06-14,4.6731,3.8045,7,3
747191,2024-06-14,5.7828,4.1286,7,1
744846,2024-06-15,4.7404,4.0897,4,0
744925,2024-06-15,3.7668,5.1611,5,0
745241,2024-06-15,4.2573,3.7434,7,5
745329,2024-06-15,4.0021,4.3115,3,4
745805,2024-06-15,3.4854,4.874,5,1
745976,2024-06-15,4.1103,4.5387,3,1
746135,2024-06-15,4.3849,3.7691,2,7
746381,2024-06-15,4.351,4.185,5,13
746547,2024-06-15,4.2487,4.76,16,4
746865,2024-06-15,4.7806,3.8693,5,1
746946,2024-06-15,3.5946,4.7063,8,4
747024,2024-06-15,4.2004,3.7663,6,2
747113,2024-06-15,4.7285,3.8047,9,2
747187,2024-06-15,5.2318,4.1721,2,9
744839,2024-06-16,4.5604,4.0578,3,1
744926,2024-06-16,3.7537,4.6555,7,6
745242,2024-06-16,4.1637,3.6987,5,0
745321,2024-06-16,4.1505,4.4109,13,6
745807,2024-06-16,3.3633,4.9596,11,6
745891,2024-06-16,4.654,3.6586,8,7
745895,2024-06-16,4.5641,3.6228,6,2
745977,2024-06-16,4.5,5.0307,5,4
746130,2024-06-16,4.135,3.9207,3,0
746377,2024-06-16,4.5824,4.0054,4,1
746546,2024-06-16,4.4033,4.7323,2,8
746866,2024-06-16,4.4655,3.8809,1,2
746945,2024-06-16,3.639,4.8246,9,3
747023,2024-06-16,4.116,3.7053,8,3
747109,2024-06-16,4.8604,3.7722,6,8
747189,2024-06-16,5.6508,4.2814,12,5
744918,2024-06-17,3.3526,4.8633,3,7
745005,2024-06-17,4.9104,4.1325,2,14
745490,2024-06-17,4.3784,4.6224,4,1
745567,2024-06-17,4.0954,4.2511,9,2
746055,2024-06-17,3.9238,4.7506,6,7
746215,2024-06-17,4.1129,5.0276,5,3
746543,2024-06-17,4.3702,4.8175,5,9
746868,2024-06-17,4.7077,4.2215,6,7
747108,2024-06-17,4.1768,3.8702,2,1
744843,2024-06-18,4.7321,4.8872,0,5
744917,2024-06-18,3.4919,4.8296,3,4
745004,2024-06-18,4.6478,4.1735,6,7
745488,2024-06-18,4.3936,5.0757,1,2
745563,2024-06-18,4.1102,4.0209,4,3
745650,2024-06-18,3.9727,4.3122,7,5
745733,2024-06-18,4.1378,4.0316,4,2
745893,2024-06-18,4.7774,3.9209,7,6
746049,2024-06-18,4.3858,4.7037,9,8
746217,2024-06-18,4.1479,4.8571,3,6
746542,2024-06-18,4.3073,5.3705,9,11
746627,2024-06-18,4.2816,3.8667,5,8
746783,2024-06-18,4.1458,4.2735,2,0
746867,2024-06-18,4.6525,4.0549,5,2
747107,2024-06-18,3.9725,3.9155,2,1
744842,2024-06-19,4.4123,5.0751,3,1
744920,2024-06-19,3.7444,4.7412,3,7
745002,2024-06-19,4.6438,4.2782,5,3
745489,2024-06-19,4.3718,4.6319,1,0
745561,2024-06-19,4.3408,3.9675,2,5
745646,2024-06-19,4.0017,4.3571,5,1
745732,2024-06-19,4.1962,4.3903,6,7
745887,2024-06-19,4.3728,3.7769,2,3
746050,2024-06-19,4.2579,4.8279,4,3
746219,2024-06-19,3.7902,4.4538,0,2
746538,2024-06-19,4.2346,5.0238,7,6
746625,2024-06-19,4.6536,3.7632,8,0
746781,2024-06-19,4.2023,4.2751,1,4
746864,2024-06-19,4.6577,4.1042,6,5
747106,2024-06-19,4.0044,4.0936,7,0
744841,2024-06-20,4.3738,4.7396,2,5
745164,2024-06-20,4.4252,4.4916,6,5
745401,2024-06-20,3.8699,4.5347,7,6
745645,2024-06-20,3.794,4.1998,2,3
745734,2024-06-20,4.6682,4.1821,5,17
745889,2024-06-20,5.174,4.0286,6,7
746539,2024-06-20,4.8617,5.5217,3,5
746626,2024-06-20,4.9152,3.9012,6,3
746782,2024-06-20,4.1056,4.1727,3,5
745006,2024-06-21,3.8606,3.8898,6,2
745403,2024-06-21,3.8786,4.5302,9,5
745483,2024-06-21,4.3456,4.4513,3,10
745562,2024-06-21,4.8062,4.2311,4,5
745649,2024-06-21,4.2316,4.8891,6,5
745729,2024-06-21,4.276,3.633,1,8
746052,2024-06-21,4.512,5.0194,3,2
746131,2024-06-21,5.2397,3.6624,2,3
746375,2024-06-21,3.9995,4.6474,14,11
746460,2024-06-21,4.4736,4.0866,2,1
746540,2024-06-21,4.8652,4.5893,5,11
746624,2024-06-21,4.3476,3.9524,7,1
746698,2024-06-21,3.9306,4.4149,5,2
746861,2024-06-21,5.306,4.4355,1,11
744997,2024-06-22,3.676,3.8767,6,0
745163,2024-06-22,4.4185,4.251,9,4
745402,2024-06-22,3.8466,4.3257,6,4
745486,2024-06-22,4.565,4.177,4,3
745564,2024-06-22,4.9844,4.1412,12,1
745644,2024-06-22,4.4588,4.8092,2,10
745731,2024-06-22,4.3802,3.7686,8,3
746048,2024-06-22,4.3574,5.3201,0,9
746132,2024-06-22,5.2752,3.7055,7,2
746376,2024-06-22,4.4875,4.5613,5,1
746459,2024-06-22,4.4706,4.2061,1,5
746541,2024-06-22,4.6713,4.8509,8,7
746622,2024-06-22,4.4591,3.7196,6,3
746700,2024-06-22,3.9532,4.4527,3,4
746863,2024-06-22,4.6704,4.5435,8,1
745000,2024-06-23,3.8299,4.1312,4,0
745165,2024-06-23,4.6403,4.2714,5,3
745396,2024-06-23,3.6595,4.337,2,6
745485,2024-06-23,4.5244,4.141,1,3
745566,2024-06-23,4.4847,4.0946,4,1
745648,2024-06-23,4.436,5.4554,0,3
745727,2024-06-23,4.3945,3.7472,1,3
746051,2024-06-23,4.5286,4.3814,6,4
746373,2024-06-23,4.4163,4.5274,8,1
746457,2024-06-23,4.7317,4.1872,11,2
746536,2024-06-23,4.7338,4.7493,1,2
746621,2024-06-23,4.702,3.8512,6,5
746699,2024-06-23,3.7936,4.0245,4,7
746862,2024-06-23,4.9905,4.7374,2,5
745078,2024-06-24,4.2519,4.6957,4,3
745160,2024-06-24,3.7052,4.1114,4,3
745323,2024-06-24,4.8384,3.8835,5,4
745397,2024-06-24,4.1009,4.3279,7,6
745974,2024-06-24,5.6312,4.2181,6,3
746218,2024-06-24,4.3994,4.5011,5,1
746298,2024-06-24,5.3572,3.5017,4,1
746458,2024-06-24,4.0275,5.1449,1,8
746696,2024-06-24,4.0893,3.9791,11,5
746780,2024-06-24,3.7722,4.9082,0,3
746941,2024-06-24,4.6348,4.1595,7,6
747021,2024-06-24,4.2533,4.0359,2,3
745076,2024-06-25,4.2213,4.7372,11,3
745322,2024-06-25,4.9394,3.8704,5,1
745399,2024-06-25,3.8063,4.1834,9,7
745806,2024-06-25,3.8461,4.5662,9,7
745973,2024-06-25,5.4027,4.1639,3,1
746213,2024-06-25,4.227,4.3272,7,5
746293,2024-06-25,5.3746,3.59,1,2
746372,2024-06-25,5.3126,3.8849,5,2
746454,2024-06-25,4.3209,4.7805,4,1
746697,2024-06-25,3.9316,3.9632,5,9
746775,2024-06-25,3.6293,4.8603,3,4
746943,2024-06-25,4.4715,4.1102,4,9
747022,2024-06-25,4.4144,4.238,8,10
747188,2024-06-25,4.547,4.6667,5,4
745073,2024-06-26,3.8505,4.5284,2,5
745157,2024-06-26,3.8191,4.1761,2,6
745158,2024-06-26,3.9693,4.3575,4,1
745325,2024-06-26,4.9772,4.4879,4,3
745400,2024-06-26,4.1031,4.2861,8,5
745808,2024-06-26,3.9319,4.4089,12,2
745975,2024-06-26,5.1479,4.4339,6,5
746212,2024-06-26,4.7108,4.6363,5,2
746291,2024-06-26,5.4061,3.791,5,1
746374,2024-06-26,5.2034,3.721,7,1
746456,2024-06-26,4.1032,4.4404,2,6
746695,2024-06-26,4.0843,4.0263,1,6
746777,2024-06-26,3.4307,4.5921,0,4
746942,2024-06-26,4.2708,4.2922,1,4
747019,2024-06-26,4.3417,4.0193,4,2
747184,2024-06-26,4.8719,4.9669,3,8
744919,2024-06-27,3.5818,4.5695,9,2
745162,2024-06-27,4.0581,4.3506,4,11
745324,2024-06-27,4.889,4.0429,3,5
745565,2024-06-27,4.7094,3.377,4,7
746210,2024-06-27,3.6475,4.9113,5,0
746288,2024-06-27,4.4146,4.673,2,1
746816,2024-06-27,3.6106,4.0902,1,0
747020,2024-06-27,4.9363,3.882,11,2
747185,2024-06-27,4.7715,5.2687,6,13
744922,2024-06-28,3.8318,5.0271,5,16
745070,2024-06-28,3.768,4.3563,3,1
745161,2024-06-28,4.0398,4.222,1,0
745238,2024-06-28,4.1585,3.9782,3,2
745319,2024-06-28,3.8637,4.1754,5,3
745560,2024-06-28,4.3442,3.4349,2,0
745804,2024-06-28,4.3292,4.0663,7,2
745970,2024-06-28,5.1485,3.7926,4,2
746214,2024-06-28,3.972,5.0987,5,2
746292,2024-06-28,4.5573,5.0914,10,3
746776,2024-06-28,4.6365,3.7978,5,3
746939,2024-06-28,4.3968,4.5221,2,9
747017,2024-06-28,4.884,3.9652,2,1
747105,2024-06-28,4.6491,4.2071,6,1
747183,2024-06-28,4.9434,4.1373,4,9
744921,2024-06-29,3.7676,4.6655,9,3
745071,2024-06-29,3.7491,4.621,1,8
745159,2024-06-29,4.0118,4.0886,4,9
745239,2024-06-29,4.1831,4.1384,1,5
745317,2024-06-29,3.5241,4.2859,7,14
745559,2024-06-29,4.5325,3.4242,2,3
745801,2024-06-29,4.2967,4.1274,6,9
745972,2024-06-29,5.2454,3.7631,3,5
746211,2024-06-29,4.0839,4.9595,6,5
746289,2024-06-29,4.3004,4.3916,2,7
746778,2024-06-29,4.6095,3.8948,11,3
746940,2024-06-29,4.1177,4.6435,1,11
747018,2024-06-29,5.2676,3.905,6,5
747104,2024-06-29,4.3968,3.8447,2,1
747186,2024-06-29,5.3073,4.1899,3,0
744916,2024-06-30,3.9274,4.9784,1,8
745072,2024-06-30,4.0409,4.3219,5,0
745154,2024-06-30,3.9496,4.0188,2,0
745243,2024-06-30,4.0844,4.0939,3,5
745320,2024-06-30,3.7465,4.1904,10,4
745555,2024-06-30,4.4987,3.4329,7,6
745802,2024-06-30,4.2846,4.0591,5,10
745971,2024-06-30,5.5028,3.6947,7,1
746209,2024-06-30,3.8918,4.5858,6,7
746290,2024-06-30,4.5948,4.6467,6,2
746779,2024-06-30,4.8028,3.7948,4,5
746938,2024-06-30,4.3493,4.5612,4,1
747016,2024-06-30,5.3752,3.9897,2,11
747101,2024-06-30,4.7004,3.9892,2,4
747182,2024-06-30,5.0668,4.1169,5,1
744840,2024-07-01,4.4708,5.2937,7,9
744914,2024-07-01,4.0787,4.2124,1,3
746535,2024-07-01,4.6229,5.3077,8,7
744838,2024-07-02,4.5949,4.8812,2,7
744913,2024-07-02,4.189,4.2381,7,6
744999,2024-07-02,3.9112,4.2473,7,0
745240,2024-07-02,3.4935,4.4479,0,2
745482,2024-07-02,4.3463,4.0327,4,7
745647,2024-07-02,4.9692,4.3451,7,5
745730,2024-07-02,4.5201,3.7905,4,5
745886,2024-07-02,4.0022,3.8384,5,3
746047,2024-07-02,3.5825,4.8676,3,8
746133,2024-07-02,4.9229,4.0245,6,5
746282,2024-07-02,4.8999,4.3381,1,5
746537,2024-07-02,4.8928,4.8377,3,4
746623,2024-07-02,5.6668,3.4989,7,6
746860,2024-07-02,3.8847,4.3211,4,6
747102,2024-07-02,4.5242,4.0732,3,5
744837,2024-07-03,4.3915,4.6798,7,5
744915,2024-07-03,4.3318,4.5686,2,9
744998,2024-07-03,4.1834,4.5134,4,6
745234,2024-07-03,3.489,4.5002,1,4
745487,2024-07-03,4.4637,4.096,5,4
745643,2024-07-03,4.7731,4.3478,5,0
745728,2024-07-03,4.4034,3.7519,2,3
745888,2024-07-03,3.8159,4.2484,2,9
746045,2024-07-03,3.761,5.446,2,7
746128,2024-07-03,4.8074,4.7813,4,12
746283,2024-07-03,4.8086,4.096,4,2
746534,2024-07-03,4.5255,5.2277,0,3
746617,2024-07-03,6.0873,3.6773,2,8
746858,2024-07-03,3.9015,4.1738,3,5
747100,2024-07-03,4.7648,4.1249,3,1
744834,2024-07-04,4.608,4.9367,1,0
744912,2024-07-04,4.2196,5.0309,3,5
744996,2024-07-04,4.0436,4.1789,1,3
745236,2024-07-04,3.3802,4.2981,7,3
745484,2024-07-04,4.2513,4.4608,2,3
745641,2024-07-04,4.7637,4.4823,5,0
745726,2024-07-04,3.9815,4.0575,4,8
745890,2024-07-04,4.0392,4.0359,12,3
746043,2024-07-04,3.7091,4.8451,5,6
746126,2024-07-04,4.6716,4.3873,3,9
746285,2024-07-04,4.7285,4.0045,8,10
746532,2024-07-04,4.2774,4.6867,4,3
746619,2024-07-04,5.3833,3.704,8,4
746857,2024-07-04,3.7235,4.0713,10,2
747103,2024-07-04,4.6198,3.8805,2,4
744836,2024-07-05,4.161,3.993,6,7
744992,2024-07-05,4.4031,4.4041,3,0
745237,2024-07-05,3.9916,3.5173,2,1
745398,2024-07-05,4.5657,4.8492,10,8
745479,2024-07-05,4.4514,4.6113,14,2
745639,2024-07-05,3.9663,5.2192,2,3
745725,2024-07-05,4.0995,4.0656,3,5
745884,2024-07-05,4.8579,4.316,12,13
746046,2024-07-05,4.5387,4.2149,2,3
746127,2024-07-05,4.3904,4.3648,8,5
746533,2024-07-05,4.5711,4.6974,4,2
746620,2024-07-05,5.2654,4.0415,2,4
746693,2024-07-05,4.0122,4.0514,4,5
746859,2024-07-05,4.6438,3.9218,5,1
747097,2024-07-05,3.9151,4.1017,6,8
744835,2024-07-06,4.3221,3.7365,14,6
744995,2024-07-06,4.2081,3.8399,4,3
745235,2024-07-06,3.9214,3.6317,4,5
745395,2024-07-06,4.8053,4.5798,5,7
745476,2024-07-06,4.2113,4.87,2,5
745642,2024-07-06,4.107,4.886,19,8
745724,2024-07-06,4.2928,4.6234,14,4
745885,2024-07-06,4.5763,4.3216,9,3
746044,2024-07-06,4.3371,4.3854,4,3
746129,2024-07-06,4.4607,3.9699,5,3
746529,2024-07-06,4.6245,4.8052,3,1
746615,2024-07-06,5.0264,4.1639,5,4
746694,2024-07-06,3.9583,4.0597,3,5
746856,2024-07-06,4.7666,4.0317,0,7
747099,2024-07-06,3.8539,3.9823,5,1
744832,2024-07-07,4.2649,3.7789,3,8
744993,2024-07-07,4.1773,3.8943,13,2
745233,2024-07-07,3.8816,3.6044,4,5
745391,2024-07-07,4.7197,5.0008,1,9
745477,2024-07-07,4.4307,4.8139,2,3
745637,2024-07-07,3.7012,4.719,3,6
745723,2024-07-07,4.1678,4.1612,0,3
745883,2024-07-07,4.392,4.3825,3,2
746039,2024-07-07,4.4654,4.3798,7,4
746122,2024-07-07,4.3614,4.452,2,9
746530,2024-07-07,4.4168,4.9043,1,10
746616,2024-07-07,4.9024,4.0231,5,4
746691,2024-07-07,4.0899,4.3025,1,5
746855,2024-07-07,4.7742,4.0866,5,0
747098,2024-07-07,3.7362,4.0219,6,0
744833,2024-07-08,4.3306,3.8102,0,6
745480,2024-07-08,4.3169,4.6999,8,2
746208,2024-07-08,4.8536,4.5173,4,9
746455,2024-07-08,3.7622,4.7441,1,0
746692,2024-07-08,4.8768,3.8061,6,0
746771,2024-07-08,3.8801,4.7921,6,8
747181,2024-07-08,4.077,4.9266,4,5
745074,2024-07-09,3.89,5.055,5,3
745316,2024-07-09,4.2609,4.0335,4,3
745393,2024-07-09,4.7188,4.5265,3,8
745557,2024-07-09,4.0586,4.1199,10,1
745803,2024-07-09,4.4027,4.2886,7,5
745968,2024-07-09,4.7534,3.8942,2,12
746206,2024-07-09,4.9654,4.8745,4,5
746368,2024-07-09,4.6687,3.5652,4,3
746451,2024-07-09,4.0175,4.8928,8,9
746690,2024-07-09,4.8052,3.758,12,6
746937,2024-07-09,4.4176,3.9672,12,9
747014,2024-07-09,5.141,3.8029,2,9
747180,2024-07-09,3.9862,4.573,2,6
745069,2024-07-10,3.8097,5.0434,1,2
745155,2024-07-10,3.893,4.0721,4,6
745156,2024-07-10,3.9816,4.0802,5,8
745318,2024-07-10,4.3871,3.9626,6,10
745394,2024-07-10,4.5943,4.3234,0,2
745556,2024-07-10,3.9455,3.93,4,3
745796,2024-07-10,4.3919,4.3548,6,2
745969,2024-07-10,4.4586,3.8946,9,0
746205,2024-07-10,5.003,4.8742,7,2
746366,2024-07-10,4.5819,3.6337,9,1
746453,2024-07-10,3.829,4.5916,5,4
746689,2024-07-10,4.421,3.8437,5,6
746772,2024-07-10,4.0763,4.1708,3,1
746773,2024-07-10,4.0262,4.6239,2,3
746934,2024-07-10,4.5062,4.1434,2,5
747015,2024-07-10,5.1277,3.6573,0,4
747179,2024-07-10,4.0563,4.7737,7,5
745065,2024-07-11,3.9664,4.8077,5,4
745313,2024-07-11,4.2533,4.2484,3,5
745558,2024-07-11,4.4532,3.8914,5,1
745799,2024-07-11,4.5349,4.1977,7,0
745967,2024-07-11,4.4,3.8896,0,1
746204,2024-07-11,4.3224,4.5836,0,11
746367,2024-07-11,4.8676,3.5543,6,3
746452,2024-07-11,4.0849,4.3512,10,1
746688,2024-07-11,5.0091,4.0014,8,1
746935,2024-07-11,4.6164,4.2513,7,0
747011,2024-07-11,4.732,4.1811,0,8
747178,2024-07-11,4.0875,5.1651,1,0
745064,2024-07-12,3.6805,4.2773,2,0
745153,2024-07-12,4.7049,4.1303,1,5
745312,2024-07-12,4.3506,4.7734,7,1
745390,2024-07-12,4.0089,4.4126,1,6
745552,2024-07-12,5.4974,3.4894,2,6
745800,2024-07-12,4.9185,4.043,7,6
745965,2024-07-12,4.1546,3.985,2,5
746207,2024-07-12,4.2841,4.2856,6,5
746371,2024-07-12,4.9299,4.1509,6,3
746450,2024-07-12,4.1565,4.4517,3,4
746685,2024-07-12,4.2724,3.9531,7,4
746774,2024-07-12,4.2735,3.9342,1,4
746936,2024-07-12,4.0073,4.9335,1,6
747012,2024-07-12,4.5094,4.3804,1,4
747175,2024-07-12,4.076,4.697,5,4
745067,2024-07-13,3.7317,4.388,2,4
745152,2024-07-13,4.4948,4.4118,11,3
745175,2024-07-13,4.2805,4.0757,5,4
745311,2024-07-13,4.7827,4.7449,2,4
745392,2024-07-13,3.9082,4.484,4,0
745549,2024-07-13,5.2485,3.5279,11,5
745798,2024-07-13,4.8532,3.9821,7,3
745963,2024-07-13,4.5922,4.1327,5,6
746202,2024-07-13,4.3001,4.3259,2,1
746369,2024-07-13,5.0143,4.2846,1,2
746447,2024-07-13,4.0391,4.7222,11,9
746687,2024-07-13,4.2791,3.8555,10,6
746766,2024-07-13,4.1484,4.2183,2,6
746930,2024-07-13,4.1127,4.9657,5,0
747013,2024-07-13,4.4612,4.1876,1,6
747177,2024-07-13,4.1312,4.9688,12,1
745066,2024-07-14,3.9412,4.7507,2,0
745151,2024-07-14,4.4877,4.1319,3,8
745314,2024-07-14,4.6971,4.8052,3,2
745385,2024-07-14,3.7868,4.5921,3,6
745551,2024-07-14,5.5025,3.5592,3,18
745797,2024-07-14,4.9346,4.08,5,8
745962,2024-07-14,4.7633,3.7871,9,3
746201,2024-07-14,4.1076,4.4077,3,2
746370,2024-07-14,5.2166,4.3253,2,4
746449,2024-07-14,3.9656,4.5547,4,3
746686,2024-07-14,4.5513,3.9164,2,3
746769,2024-07-14,4.293,4.1631,4,9
746932,2024-07-14,4.1796,4.8559,5,4
747009,2024-07-14,4.2766,4.4645,6,5
747176,2024-07-14,4.0884,5.0503,7,8
744829,2024-07-19,3.825,4.8792,8,5
744911,2024-07-19,3.7357,4.5646,4,5
744990,2024-07-19,4.0682,3.9784,1,9
745228,2024-07-19,3.9599,3.544,0,3
745481,2024-07-19,3.8444,4.4928,8,7
745640,2024-07-19,4.7402,4.0726,13,3
745721,2024-07-19,5.0052,3.8083,6,1
746040,2024-07-19,4.6762,4.9546,6,4
746123,2024-07-19,4.5231,4.4415,4,1
746284,2024-07-19,5.4716,3.5652,7,1
746531,2024-07-19,4.7127,4.9042,7,3
746618,2024-07-19,4.7159,4.0982,7,0
746854,2024-07-19,4.7092,4.0978,2,5
744830,2024-07-20,3.9638,4.594,5,4
744910,2024-07-20,4.0139,4.7093,3,7
744994,2024-07-20,3.962,4.0794,4,8
745229,2024-07-20,4.1184,3.598,2,4
745478,2024-07-20,3.916,4.2684,4,1
745638,2024-07-20,4.6834,4.0077,8,2
745720,2024-07-20,4.7746,3.6985,1,9
745880,2024-07-20,3.9677,4.4139,4,8
746041,2024-07-20,4.8795,5.2499,0,1
746121,2024-07-20,4.5492,4.4799,7,6
746286,2024-07-20,5.3348,3.5542,6,1
746527,2024-07-20,4.8489,4.6356,4,3
746613,2024-07-20,4.2556,4.2517,0,7
746852,2024-07-20,4.4313,4.2,0,3
747093,2024-07-20,4.5011,3.6673,3,2
747096,2024-07-20,4.4916,3.7562,5,9
744831,2024-07-21,4.0907,4.7505,5,2
744909,2024-07-21,3.9791,5.0303,5,4
744991,2024-07-21,4.1256,4.3264,3,2
745230,2024-07-21,4.2507,3.7558,6,4
745470,2024-07-21,3.7497,4.2948,0,6
745633,2024-07-21,4.534,4.1793,5,8
745722,2024-07-21,4.8629,3.8072,4,6
745882,2024-07-21,4.1018,4.4373,7,8
746042,2024-07-21,4.586,5.0857,4,2
746125,2024-07-21,4.352,4.4674,9,6
746287,2024-07-21,5.4161,3.4562,4,1
746528,2024-07-21,4.6377,5.2244,2,3
746610,2024-07-21,4.2452,4.1064,1,2
746853,2024-07-21,4.544,4.0716,2,1
747094,2024-07-21,4.548,3.6808,2,6
744988,2024-07-22,4.6286,3.5004,4,3
745232,2024-07-22,4.3135,3.5854,1,3
745473,2024-07-22,4.1471,4.3016,2,1
745635,2024-07-22,4.6923,4.3543,4,0
745717,2024-07-22,4.6281,4.2721,9,1
745881,2024-07-22,4.2101,4.484,7,2
746034,2024-07-22,4.4226,4.8301,4,6
746124,2024-07-22,4.9981,4.4323,3,2
746280,2024-07-22,4.5615,4.6039,10,4
746526,2024-07-22,4.3578,5.5116,9,8
746612,2024-07-22,4.4824,3.9051,2,8
746850,2024-07-22,3.7363,4.1513,3,1
747095,2024-07-22,3.8753,3.682,1,4
744828,2024-07-23,4.3102,4.5407,0,4
744904,2024-07-23,4.2954,4.8342,2,4
744985,2024-07-23,4.4084,3.5271,3,2
745227,2024-07-23,4.3983,3.5012,1,5
745475,2024-07-23,4.0593,4.3617,1,2
745632,2024-07-23,4.8465,4.4319,8,2
745715,2024-07-23,5.3458,4.94,2,3
745878,2024-07-23,4.1607,4.5206,0,3
746036,2024-07-23,3.8997,4.9459,6,3
746118,2024-07-23,5.0813,3.9412,5,2
746281,2024-07-23,5.0055,5.2213,2,6
746524,2024-07-23,4.5188,5.6116,0,6
746614,2024-07-23,4.7063,4.0073,5,4
746848,2024-07-23,3.7079,3.9523,0,1
744824,2024-07-24,4.3798,4.3723,3,12
744905,2024-07-24,4.4066,4.4108,6,3
744989,2024-07-24,4.4745,3.4728,10,2
745231,2024-07-24,4.3474,3.5435,1,2
745472,2024-07-24,4.1943,4.419,5,0
745634,2024-07-24,4.6832,4.2513,1,8
745716,2024-07-24,5.3638,4.6882,3,12
745877,2024-07-24,4.3951,4.4647,5,4
746035,2024-07-24,3.9207,5.7624,6,3
746119,2024-07-24,5.2354,4.3971,3,8
746279,2024-07-24,4.434,4.4684,6,8
746525,2024-07-24,4.2449,4.7993,20,7
746611,2024-07-24,4.1082,3.7895,2,1
746851,2024-07-24,3.5967,4.0277,2,3
747091,2024-07-24,3.9445,4.0491,4,9
744827,2024-07-25,3.7338,4.3803,0,3
744907,2024-07-25,4.2829,4.4727,0,13
744984,2024-07-25,4.4633,3.5011,2,1
745794,2024-07-25,4.0684,4.1831,3,2
746037,2024-07-25,3.8482,5.7318,6,7
746117,2024-07-25,5.0973,4.4747,6,4
746199,2024-07-25,4.6148,4.3168,5,6
746609,2024-07-25,4.7428,3.9713,0,3
744906,2024-07-26,4.4891,4.9067,6,5
745068,2024-07-26,3.7453,4.494,2,3
745146,2024-07-26,4.0015,4.2417,8,10
745315,2024-07-26,5.1473,3.9079,11,4
745554,2024-07-26,4.6507,4.0078,1,3
745792,2024-07-26,4.2345,4.8786,8,4
745964,2024-07-26,4.8677,3.6325,2,6
746200,2024-07-26,4.6257,4.2646,4,5
746277,2024-07-26,4.8399,3.9466,6,0
746361,2024-07-26,4.4286,4.094,5,0
746448,2024-07-26,4.1878,5.0035,3,9
746767,2024-07-26,3.8828,4.35,0,10
746933,2024-07-26,4.4336,5.37,9,7
747010,2024-07-26,4.4886,4.4626,4,6
747174,2024-07-26,4.4658,4.5949,4,3
744908,2024-07-27,4.4437,4.9597,7,3
745059,2024-07-27,3.8241,4.4398,4,0
745150,2024-07-27,4.3865,4.2167,3,14
745307,2024-07-27,5.3263,3.8454,4,1
745310,2024-07-27,5.0495,3.8679,5,0
745553,2024-07-27,4.6114,3.9145,8,0
745793,2024-07-27,4.3416,4.2357,0,4
745966,2024-07-27,4.5461,3.6069,3,7
746203,2024-07-27,4.5084,4.1354,1,3
746278,2024-07-27,4.4828,3.8514,4,9
746362,2024-07-27,4.3495,4.0406,7,6
746446,2024-07-27,4.2078,4.8601,7,2
746768,2024-07-27,3.9292,4.017,3,6
746931,2024-07-27,4.5523,4.838,8,11
747006,2024-07-27,4.0679,4.4614,4,9
747171,2024-07-27,4.7895,4.8802,9,5
744902,2024-07-28,4.5235,4.6949,7,3
745063,2024-07-28,3.6345,4.5635,2,1
745145,2024-07-28,4.2924,4.1924,4,3
745305,2024-07-28,5.4903,3.871,5,4
745550,2024-07-28,4.5507,4.7461,3,4
745795,2024-07-28,4.4397,4.2625,2,9
745961,2024-07-28,4.7133,3.6031,6,2
746195,2024-07-28,4.5738,4.2089,8,6
746274,2024-07-28,4.7992,3.8807,3,7
746364,2024-07-28,4.4635,4.2153,2,6
746445,2024-07-28,4.3086,4.5582,0,5
746770,2024-07-28,3.9858,3.9307,3,6
746929,2024-07-28,4.2444,4.7513,2,8
747008,2024-07-28,4.5271,4.4045,8,6
747173,2024-07-28,4.6431,4.849,5,6
745147,2024-07-29,4.7263,4.539,3,6
745547,2024-07-29,4.3953,4.0798,4,14
745791,2024-07-29,4.6536,4.4715,15,2
745959,2024-07-29,4.5048,4.27,8,3
746360,2024-07-29,4.2565,3.8696,3,5
746444,2024-07-29,4.3048,4.5543,4,8
746684,2024-07-29,4.6133,4.2872,7,1
746765,2024-07-29,3.5287,4.2608,5,8
746928,2024-07-29,4.4014,4.6269,14,7
747007,2024-07-29,4.3679,4.0724,11,5
747039,2024-07-29,4.6312,4.0709,4,8
747172,2024-07-29,4.8198,4.9586,9,8
745060,2024-07-30,3.8212,3.9563,9,3
745149,2024-07-30,4.7978,4.9441,8,1
745309,2024-07-30,5.0839,3.7234,2,5
745389,2024-07-30,3.9035,4.6167,6,5
745546,2024-07-30,4.538,4.701,6,7
745787,2024-07-30,4.4183,4.6017,2,0
745958,2024-07-30,4.734,4.2891,1,5
746197,2024-07-30,4.661,4.4845,10,7
746365,2024-07-30,4.7263,3.8038,2,6
746441,2024-07-30,4.2988,4.2753,0,5
746683,2024-07-30,4.6996,4.0973,6,3
746763,2024-07-30,3.4622,4.2412,3,4
746926,2024-07-30,4.2038,4.7315,6,10
747005,2024-07-30,4.6532,4.1049,6,2
747167,2024-07-30,4.9763,4.9913,17,0
745061,2024-07-31,3.806,3.5461,2,6
745148,2024-07-31,4.7235,5.1605,10,1
745306,2024-07-31,4.9423,3.8489,1,0
745386,2024-07-31,3.8607,4.59,8,1
745543,2024-07-31,4.9479,4.21,5,6
745789,2024-07-31,4.4188,4.5563,3,8
745960,2024-07-31,4.1132,4.0723,2,6
746198,2024-07-31,4.6582,4.518,1,2
746363,2024-07-31,4.9462,3.9138,5,4
746678,2024-07-31,4.6218,4.0151,4,13
746764,2024-07-31,3.5179,4.1799,3,10
746925,2024-07-31,4.319,4.769,3,2
747003,2024-07-31,4.8873,4.0978,10,4
747170,2024-07-31,4.651,4.7022,5,4
746196,2024-08-01,4.5752,4.432,4,5
746442,2024-08-01,4.0515,4.3491,1,7
746607,2024-08-01,4.7886,4.467,10,3
746849,2024-08-01,3.9134,3.7223,5,4
747092,2024-08-01,4.168,3.6222,4,2
744825,2024-08-02,4.024,4.5559,3,8
744986,2024-08-02,4.2853,4.1689,6,11
745224,2024-08-02,3.761,3.6464,10,2
745387,2024-08-02,4.7805,4.4059,2,5
745471,2024-08-02,4.2146,4.3521,8,9
745631,2024-08-02,4.2595,4.7537,6,5
745719,2024-08-02,4.6735,3.9674,5,8
745875,2024-08-02,5.3741,4.0175,10,2
746193,2024-08-02,4.4788,4.9255,1,5
746354,2024-08-02,4.9324,3.9421,3,2
746443,2024-08-02,4.1798,4.3249,2,9
746605,2024-08-02,4.4991,4.2905,8,4
746679,2024-08-02,4.4407,4.3756,0,3
746845,2024-08-02,4.0068,3.8201,6,3
747089,2024-08-02,4.1581,3.5913,5,3
744823,2024-08-03,3.9333,4.4065,6,4
744987,2024-08-03,4.3289,4.1017,7,4
745225,2024-08-03,3.7572,3.7752,6,5
745388,2024-08-03,4.768,4.4989,3,2
745474,2024-08-03,4.1058,4.5541,4,2
745636,2024-08-03,3.9657,4.7517,0,10
745714,2024-08-03,4.79,3.9443,8,3
745876,2024-08-03,5.1225,4.1134,6,2
746194,2024-08-03,4.6698,5.2367,5,4
746358,2024-08-03,4.853,3.8858,1,6
746440,2024-08-03,4.0779,4.2932,6,5
746608,2024-08-03,4.4712,4.3549,4,7
746681,2024-08-03,5.0727,4.0692,6,4
746846,2024-08-03,3.9392,3.7693,4,5
747087,2024-08-03,4.2049,3.6475,3,4
744826,2024-08-04,3.9709,4.5833,4,3
744979,2024-08-04,4.0384,3.8546,2,7
745222,2024-08-04,3.7603,3.6742,0,6
745384,2024-08-04,4.8389,4.4634,10,2
745468,2024-08-04,4.3022,4.4214,5,6
745627,2024-08-04,4.1821,4.4857,2,3
745718,2024-08-04,4.4416,3.9065,4,3
745879,2024-08-04,5.4589,4.007,13,7
746191,2024-08-04,4.7702,5.1189,3,2
746356,2024-08-04,4.6152,4.0202,0,1
746439,2024-08-04,3.9973,4.2414,2,3
746606,2024-08-04,4.3163,4.4435,5,9
746680,2024-08-04,4.6613,4.2442,2,8
746844,2024-08-04,4.0556,3.7252,6,2
747088,2024-08-04,3.9519,3.7071,0,7
744821,2024-08-05,4.6078,4.7053,1,4
744982,2024-08-05,4.2516,3.8247,4,3
745184,2024-08-05,4.7985,4.7329,0,6
745628,2024-08-05,5.3796,4.2517,5,1
746038,2024-08-05,3.9028,4.8747,3,10
746116,2024-08-05,4.4897,4.0991,5,3
746276,2024-08-05,4.9795,4.9957,5,9
746600,2024-08-05,4.5882,4.2619,6,7
746847,2024-08-05,4.3419,4.038,0,3
744817,2024-08-06,4.2365,4.5767,11,5
744901,2024-08-06,4.1205,5.2269,5,2
744983,2024-08-06,4.4644,3.9445,2,4
745141,2024-08-06,4.7386,4.5382,4,3
745221,2024-08-06,3.9665,3.7124,2,4
745467,2024-08-06,3.7518,4.8199,0,6
745629,2024-08-06,5.5279,4.1437,1,5
746033,2024-08-06,3.7687,4.5919,2,8
746120,2024-08-06,4.336,4.4344,2,6
746273,2024-08-06,4.8535,4.8465,5,6
746519,2024-08-06,4.6486,5.0001,6,3
746840,2024-08-06,4.2688,3.8738,7,3
747086,2024-08-06,3.8183,4.0023,0,10
744822,2024-08-07,4.3067,4.4978,4,7
744903,2024-08-07,4.0208,5.6827,3,7
744981,2024-08-07,4.3181,3.7893,4,6
745142,2024-08-07,4.2634,4.5166,5,2
745223,2024-08-07,3.7175,3.7481,2,6
745469,2024-08-07,3.8056,4.6699,8,9
745630,2024-08-07,4.7191,4.1813,3,2
745709,2024-08-07,4.9671,3.818,5,2
745713,2024-08-07,4.9345,3.853,2,8
746031,2024-08-07,3.8725,4.6347,6,4
746115,2024-08-07,4.6987,4.2296,4,9
746272,2024-08-07,5.0368,4.8617,8,4
746521,2024-08-07,4.8281,4.9822,3,5
746602,2024-08-07,4.6853,4.5668,3,5
746604,2024-08-07,4.9132,4.1083,3,7
746842,2024-08-07,4.2004,3.9494,8,2
747085,2024-08-07,3.8577,4.0043,5,8
744819,2024-08-08,4.257,4.3795,5,9
744899,2024-08-08,3.9771,5.3041,7,6
745143,2024-08-08,4.6033,4.7052,4,6
745226,2024-08-08,4.0687,3.6425,4,3
745466,2024-08-08,4.1027,4.3375,6,7
745710,2024-08-08,5.2054,3.9487,4,9
746030,2024-08-08,3.7987,4.9455,4,10
746522,2024-08-08,4.8724,4.9577,1,9
747081,2024-08-08,3.8777,4.0421,7,16
747169,2024-08-08,4.3919,5.0157,4,6
744818,2024-08-09,4.4876,4.4888,3,2
744900,2024-08-09,4.3536,4.4933,3,1
745062,2024-08-09,3.8754,4.6306,1,4
745220,2024-08-09,4.2498,4.1223,6,0
745308,2024-08-09,4.0366,3.9154,3,2
745871,2024-08-09,4.37,4.7995,6,3
745927,2024-08-09,4.4427,4.1688,4,2
745957,2024-08-09,4.4334,4.0825,8,3
746032,2024-08-09,4.0738,5.0027,2,6
746113,2024-08-09,4.5359,3.967,9,5
746275,2024-08-09,4.747,3.8981,5,8
746523,2024-08-09,4.3174,4.8554,6,5
746760,2024-08-09,4.1572,4.3531,6,7
746927,2024-08-09,4.7485,4.9062,4,8
747168,2024-08-09,4.1775,4.79,3,2
744820,2024-08-10,4.4876,4.17,5,4
744897,2024-08-10,4.1798,4.2463,0,1
745056,2024-08-10,3.8711,4.5692,5,7
745219,2024-08-10,4.2554,4.1598,4,0
745304,2024-08-10,4.0185,3.9201,3,1
745708,2024-08-10,5.0731,3.8989,4,9
745712,2024-08-10,5.1457,3.9813,8,0
745873,2024-08-10,4.1467,4.2595,1,2
745955,2024-08-10,4.4588,4.0965,1,0
746026,2024-08-10,3.9583,5.0421,8,9
746112,2024-08-10,4.3113,4.0096,4,1
746269,2024-08-10,4.9381,3.7835,8,3
746520,2024-08-10,4.3709,4.9362,8,11
746761,2024-08-10,4.0726,4.6962,1,3
746922,2024-08-10,4.6054,4.7285,4,5
747164,2024-08-10,4.417,4.7197,11,1
744816,2024-08-11,4.6786,4.1612,4,6
744895,2024-08-11,4.3536,4.3873,4,8
745057,2024-08-11,4.0154,4.5497,2,1
745216,2024-08-11,4.3809,4.1032,12,1
745303,2024-08-11,4.2676,3.9557,4,5
745711,2024-08-11,5.0588,3.9397,8,7
745872,2024-08-11,4.2541,4.5816,3,5
745956,2024-08-11,4.2642,4.3078,3,4
746025,2024-08-11,3.8145,5.2641,7,6
746114,2024-08-11,4.856,3.9977,6,5
746517,2024-08-11,4.2395,4.4536,9,8
746923,2024-08-11,4.6368,4.8339,2,10
747166,2024-08-11,4.4704,4.6925,12,5
745058,2024-08-12,4.0384,4.0118,1,6
745300,2024-08-12,3.7994,4.1045,0,1
745383,2024-08-12,4.5594,4.7087,2,1
745874,2024-08-12,4.4221,4.226,8,3
745953,2024-08-12,4.5059,4.4351,2,5
746192,2024-08-12,4.6017,4.7795,2,4
746603,2024-08-12,4.5716,4.0832,9,8
746682,2024-08-12,4.14,4.3158,6,1
746762,2024-08-12,3.6401,4.9972,12,2
746921,2024-08-12,5.0018,4.6218,5,4
747165,2024-08-12,5.872,4.1653,5,4
745055,2024-08-13,3.8992,4.1263,2,3
745302,2024-08-13,4.0253,4.177,3,4
745382,2024-08-13,4.5592,4.4447,3,0
745548,2024-08-13,4.9326,3.8874,0,5
745788,2024-08-13,4.5064,3.9534,4,9
745867,2024-08-13,4.3069,4.4558,13,3
745954,2024-08-13,4.5671,4.5382,2,7
746187,2024-08-13,4.5231,4.6772,1,6
746435,2024-08-13,4.0839,4.4587,15,1
746601,2024-08-13,4.9829,4.331,2,1
746673,2024-08-13,4.518,4.1905,4,1
746757,2024-08-13,3.8444,5.1516,1,4
746924,2024-08-13,5.0649,4.5835,9,4
747004,2024-08-13,5.0337,4.1866,3,9
747160,2024-08-13,5.687,4.1976,4,3
745053,2024-08-14,3.8733,4.2377,1,2
745301,2024-08-14,3.9753,4.1474,2,13
745381,2024-08-14,4.4924,4.6111,8,2
745544,2024-08-14,4.5152,3.8202,9,5
745790,2024-08-14,4.6297,4.1624,9,1
745869,2024-08-14,3.9322,4.2438,1,4
745951,2024-08-14,4.6196,4.7019,5,4
746188,2024-08-14,4.5115,4.6492,2,9
746436,2024-08-14,4.1496,4.742,3,2
746598,2024-08-14,4.9432,4.2589,6,1
746677,2024-08-14,4.4734,4.0797,9,2
746759,2024-08-14,3.678,4.7614,2,10
746919,2024-08-14,4.6878,4.5895,7,9
747000,2024-08-14,4.8155,4.2584,4,1
747163,2024-08-14,5.6294,4.3196,11,4
744980,2024-08-15,4.3266,3.8552,2,3
745298,2024-08-15,4.2081,4.1728,6,0
745545,2024-08-15,5.4203,3.9571,13,3
745783,2024-08-15,4.6481,4.0546,6,7
745950,2024-08-15,3.9638,4.3327,6,4
746437,2024-08-15,4.0211,4.7537,2,1
747002,2024-08-15,4.6874,4.4216,5,1
744974,2024-08-16,4.4461,3.8563,3,4
745054,2024-08-16,4.1104,4.5101,5,4
745144,2024-08-16,4.0759,5.0658,6,7
745462,2024-08-16,4.276,4.2944,5,3
745542,2024-08-16,5.2811,3.9257,3,2
745784,2024-08-16,4.6739,3.9164,7,3
745949,2024-08-16,4.1302,4.0855,5,3
746189,2024-08-16,3.9441,4.5556,3,2
746357,2024-08-16,4.6976,3.5863,4,5
746438,2024-08-16,3.9247,5.1216,0,3
746518,2024-08-16,4.839,5.5116,7,3
746674,2024-08-16,4.1853,4.3399,1,7
746843,2024-08-16,4.3238,3.9963,6,5
747001,2024-08-16,5.115,4.3501,10,12
744977,2024-08-17,4.0801,3.8631,2,5
745049,2024-08-17,4.0609,4.3319,6,1
745140,2024-08-17,4.135,4.727,5,2
745463,2024-08-17,3.9591,4.6579,7,2
745537,2024-08-17,5.1646,3.8394,5,1
745626,2024-08-17,4.4451,4.3228,2,0
745785,2024-08-17,4.4259,3.915,4,0
745952,2024-08-17,4.2159,4.054,2,1
746190,2024-08-17,3.7918,4.6301,3,11
746355,2024-08-17,5.3049,3.5763,6,1
746434,2024-08-17,4.0345,4.9865,4,0
746515,2024-08-17,4.3058,5.4897,3,8
746675,2024-08-17,4.2521,4.4757,1,13
746841,2024-08-17,4.3973,3.8766,3,2
746997,2024-08-17,4.7975,4.801,1,5
744975,2024-08-18,4.1361,3.8013,6,5
745051,2024-08-18,4.0994,4.6707,8,7
745139,2024-08-18,4.1708,4.8897,1,2
745464,2024-08-18,4.0001,4.9047,3,10
745539,2024-08-18,5.4328,3.9276,4,6
745621,2024-08-18,4.3434,4.4696,2,4
745786,2024-08-18,4.5209,4.0145,2,3
745948,2024-08-18,4.5278,4.0711,2,0
746186,2024-08-18,3.9528,4.7098,1,3
746359,2024-08-18,5.1846,3.5605,2,0
746431,2024-08-18,4.2171,5.1678,3,2
746516,2024-08-18,4.6296,5.3263,3,2
746676,2024-08-18,4.2626,4.3897,1,8
746838,2024-08-18,4.565,3.8583,0,1
746999,2024-08-18,5.0689,4.7839,4,2
744898,2024-08-19,3.8174,5.0409,3,6
744976,2024-08-19,4.1869,3.9427,4,3
745294,2024-08-19,4.98,3.6485,5,3
745380,2024-08-19,4.6172,4.4077,5,3
745620,2024-08-19,4.2203,4.4267,3,0
745780,2024-08-19,4.755,4.6868,4,3
746027,2024-08-19,4.3354,5.3426,6,9
746109,2024-08-19,5.2905,4.0339,3,0
746270,2024-08-19,5.0748,4.0543,5,3
746351,2024-08-19,4.5705,4.6285,5,4
744814,2024-08-20,4.9107,4.1494,1,3
744896,2024-08-20,3.8744,5.1324,10,3
744978,2024-08-20,4.2715,3.7772,0,4
745136,2024-08-20,3.9456,4.8258,2,3
745295,2024-08-20,4.9177,3.6153,4,1
745374,2024-08-20,4.3752,4.725,7,5
745624,2024-08-20,4.7638,4.273,0,1
745707,2024-08-20,4.0001,4.1551,5,9
745782,2024-08-20,4.7307,4.7348,5,9
746029,2024-08-20,4.3584,4.9606,1,3
746107,2024-08-20,4.7181,4.1231,6,3
746266,2024-08-20,5.5327,4.0516,5,9
746349,2024-08-20,4.2406,4.5635,5,6
746839,2024-08-20,3.7825,3.8822,3,1
747083,2024-08-20,4.1254,4.3218,3,1
744812,2024-08-21,4.753,4.0552,6,1
744893,2024-08-21,3.8589,4.7308,7,11
744973,2024-08-21,4.2002,3.7873,1,0
745138,2024-08-21,3.8883,4.9339,10,6
745297,2024-08-21,4.5452,3.5884,2,6
745375,2024-08-21,4.6023,4.4936,4,11
745622,2024-08-21,4.3026,4.3669,2,4
745704,2024-08-21,4.3249,4.3393,8,1
745781,2024-08-21,4.9007,4.6567,4,3
746028,2024-08-21,4.3511,5.0976,8,10
746110,2024-08-21,4.8966,4.0055,8,4
746267,2024-08-21,5.1101,4.1105,3,0
746350,2024-08-21,4.6402,4.627,1,4
746837,2024-08-21,3.7692,3.905,2,8
747084,2024-08-21,4.1235,4.3199,2,3
744815,2024-08-22,4.8388,4.1116,8,3
744894,2024-08-22,4.0023,4.4606,5,3
745137,2024-08-22,3.7932,4.8296,3,0
745379,2024-08-22,5.0671,4.7343,3,8
745465,2024-08-22,3.9466,4.1189,7,0
745623,2024-08-22,4.4711,4.04,3,1
745705,2024-08-22,4.1339,3.9997,6,0
746836,2024-08-22,3.823,3.8508,10,2
746998,2024-08-22,4.5818,4.388,0,6
747082,2024-08-22,4.1764,4.0508,3,2
744889,2024-08-23,4.2883,4.5275,5,4
745217,2024-08-23,4.0453,3.9419,6,5
745378,2024-08-23,4.9807,4.7964,7,0
745460,2024-08-23,3.9824,4.3548,6,5
745625,2024-08-23,4.1732,4.6416,3,11
745702,2024-08-23,5.4812,3.7304,3,0
745870,2024-08-23,4.9693,3.9046,1,6
746024,2024-08-23,4.5195,4.7691,3,6
746111,2024-08-23,4.8079,4.0816,7,3
746268,2024-08-23,5.1653,4.4777,7,4
746597,2024-08-23,4.9765,4.035,3,5
746758,2024-08-23,3.8398,4.7804,2,5
746920,2024-08-23,4.8951,5.1848,2,12
746995,2024-08-23,4.5169,4.5624,7,5
747080,2024-08-23,4.1908,4.2042,3,2
744890,2024-08-24,4.2627,4.3627,3,1
745218,2024-08-24,4.0023,3.9267,3,4
745377,2024-08-24,4.7838,4.8375,1,7
745457,2024-08-24,4.052,4.5051,2,10
745617,2024-08-24,4.2098,4.7908,5,9
745703,2024-08-24,5.2886,3.8499,2,9
745868,2024-08-24,5.0883,3.829,6,0
746022,2024-08-24,4.4348,4.9446,2,14
746108,2024-08-24,4.3384,3.9672,8,9
746271,2024-08-24,4.9139,4.0788,2,11
746599,2024-08-24,4.857,4.0531,13,5
746756,2024-08-24,3.766,4.8443,4,13
746917,2024-08-24,5.1722,5.466,1,4
746996,2024-08-24,4.4733,4.3456,3,2
747077,2024-08-24,4.0545,4.1964,4,2
744892,2024-08-25,4.3251,4.3251,8,2
745212,2024-08-25,4.0291,3.9056,4,3
745376,2024-08-25,4.7144,4.9266,3,2
745459,2024-08-25,4.0244,4.3886,4,3
745618,2024-08-25,4.2155,4.7112,4,3
745706,2024-08-25,5.1421,3.7787,10,3
745863,2024-08-25,5.0213,3.9866,2,3
746023,2024-08-25,4.6538,5.4089,7,2
746106,2024-08-25,4.7667,3.8135,3,1
746263,2024-08-25,5.0299,4.3794,3,11
746595,2024-08-25,4.9767,4.0361,4,2
746754,2024-08-25,3.7733,4.7982,4,9
746918,2024-08-25,5.1118,5.4445,5,7
746994,2024-08-25,4.399,4.5826,3,6
747078,2024-08-25,4.1279,4.1772,1,5
744813,2024-08-26,4.2018,4.9892,2,5
745133,2024-08-26,3.9947,4.8122,4,7
745215,2024-08-26,4.1062,3.6933,5,1
745458,2024-08-26,4.4567,4.5568,8,18
745538,2024-08-26,4.7066,4.0256,3,2
745865,2024-08-26,3.9559,4.2834,6,10
746513,2024-08-26,4.4093,4.6309,3,2
746596,2024-08-26,4.6126,4.2542,4,9
746628,2024-08-26,4.267,4.2122,3,4
746753,2024-08-26,3.7492,5.0818,3,6
746915,2024-08-26,4.9275,4.9821,3,7
744811,2024-08-27,4.0248,4.6677,4,2
745132,2024-08-27,3.7875,4.5876,5,7
745213,2024-08-27,4.1807,3.6232,2,3
745461,2024-08-27,4.2045,4.5459,5,9
745540,2024-08-27,5.0028,4.0717,5,0
745864,2024-08-27,3.8948,4.3365,6,8
745946,2024-08-27,4.9259,4.3049,4,5
746105,2024-08-27,4.892,4.8795,2,3
746429,2024-08-27,4.8909,3.9971,6,2
746510,2024-08-27,4.5942,4.5751,8,9
746594,2024-08-27,4.2732,4.1624,1,6
746671,2024-08-27,4.577,4.1858,4,5
746755,2024-08-27,4.3974,4.9225,1,3
746916,2024-08-27,4.6684,5.2905,6,3
747162,2024-08-27,4.8798,4.9394,3,8
744809,2024-08-28,4.1426,5.0353,5,2
745134,2024-08-28,3.9992,4.5669,4,3
745211,2024-08-28,3.9272,3.6855,6,2
745452,2024-08-28,4.5069,4.3648,10,14
745541,2024-08-28,4.9706,4.031,0,10
745866,2024-08-28,3.6368,4.3307,1,5
745943,2024-08-28,5.0499,4.1339,5,3
746103,2024-08-28,4.8075,4.8646,6,4
746430,2024-08-28,4.5233,4.1813,3,2
746512,2024-08-28,4.6411,4.7291,8,2
746589,2024-08-28,4.2621,4.2118,7,5
746672,2024-08-28,4.5044,4.2349,6,9
746752,2024-08-28,4.4224,4.9436,3,4
746913,2024-08-28,4.7345,5.1763,3,0
747161,2024-08-28,5.0431,4.8092,8,5
745135,2024-08-29,3.7503,4.5107,4,1
745531,2024-08-29,4.0904,4.5275,5,4
745945,2024-08-29,4.7213,4.1816,6,0
746102,2024-08-29,5.0666,4.8846,6,3
746352,2024-08-29,4.5575,4.2028,6,3
746432,2024-08-29,4.723,4.0633,0,3
746514,2024-08-29,4.7036,4.5887,8,12
746670,2024-08-29,4.464,4.2673,10,9
746748,2024-08-29,4.5963,4.835,1,2
746914,2024-08-29,4.8048,5.1369,0,2
747159,2024-08-29,5.1159,4.9498,2,3
744810,2024-08-30,4.6471,4.6421,6,7
744969,2024-08-30,4.4399,3.7484,2,9
745052,2024-08-30,3.729,4.2946,5,13
745299,2024-08-30,4.343,3.5925,3,1
745533,2024-08-30,4.334,4.3607,2,7
745700,2024-08-30,4.7259,3.8985,6,3
745862,2024-08-30,5.2119,4.1458,2,0
746184,2024-08-30,3.974,4.8887,5,9
746353,2024-08-30,4.5697,4.1788,3,2
746433,2024-08-30,4.2548,4.9305,5,7
746511,2024-08-30,4.8472,4.9885,3,5
746593,2024-08-30,4.9818,4.02,10,8
746665,2024-08-30,4.0832,4.9606,0,14
746730,2024-08-30,4.1841,4.5061,4,5
746749,2024-08-30,4.2035,5.1116,1,5
747156,2024-08-30,4.1888,5.021,9,10
744808,2024-08-31,4.5386,4.5696,3,5
744971,2024-08-31,4.2993,3.7557,3,2
745050,2024-08-31,3.623,4.0929,11,4
745296,2024-08-31,4.1965,3.7212,3,4
745532,2024-08-31,4.6797,4.3126,3,0
745699,2024-08-31,4.5814,4.0814,5,6
745859,2024-08-31,5.0198,4.0719,0,15
746182,2024-08-31,4.0264,4.7067,5,4
746348,2024-08-31,4.2667,4.1229,5,2
746424,2024-08-31,4.049,5.0056,2,1
746507,2024-08-31,4.9448,5.0148,7,5
746590,2024-08-31,4.9238,4.0049,0,3
746667,2024-08-31,4.0483,4.6743,4,5
746751,2024-08-31,4.2492,4.8439,3,5
747158,2024-08-31,4.5179,4.8672,6,8
744806,2024-09-01,4.572,4.5533,1,14
744970,2024-09-01,4.3502,3.8805,6,4
745048,2024-09-01,3.5808,4.3366,3,4
745292,2024-09-01,4.419,3.6065,5,7
745536,2024-09-01,4.3772,4.3482,3,2
745701,2024-09-01,4.711,3.8677,7,14
745861,2024-09-01,5.0895,4.0737,4,3
746183,2024-09-01,3.9939,4.8259,3,2
746347,2024-09-01,4.4486,4.0893,7,2
746426,2024-09-01,4.3292,5.0059,4,1
746505,2024-09-01,4.8471,4.83,1,6
746592,2024-09-01,4.9465,3.9544,6,1
746669,2024-09-01,4.2105,5.1554,4,3
746750,2024-09-01,4.2576,5.0114,0,2
747157,2024-09-01,4.1649,5.0038,14,3
744972,2024-09-02,3.9207,4.7345,4,8
745046,2024-09-02,4.1271,4.4264,4,5
745373,2024-09-02,4.2851,4.4394,3,0
745619,2024-09-02,4.0501,4.1107,5,4
745779,2024-09-02,4.3205,4.9858,4,1
745947,2024-09-02,4.7351,3.7848,9,3
746265,2024-09-02,4.3216,4.0904,2,4
746668,2024-09-02,4.117,4.9813,5,3
746833,2024-09-02,3.8874,3.7367,3,5
746992,2024-09-02,5.1707,3.8628,13,3
747155,2024-09-02,4.5029,4.8767,6,11
744891,2024-09-03,4.194,4.9401,9,10
744968,2024-09-03,3.8728,4.4593,7,4
745047,2024-09-03,4.0151,4.4104,2,1
745293,2024-09-03,4.433,4.3853,7,8
745615,2024-09-03,4.1604,4.2582,3,2
745778,2024-09-03,4.7398,4.9154,7,2
745944,2024-09-03,4.7446,3.7942,4,7
746020,2024-09-03,4.2876,5.0126,2,6
746185,2024-09-03,3.9489,4.8987,2,6
746264,2024-09-03,4.2732,4.0548,1,7
746834,2024-09-03,3.9522,3.8095,0,5
746991,2024-09-03,5.406,3.8438,9,0
747079,2024-09-03,4.63,3.6286,3,0
744887,2024-09-04,4.1918,4.6304,2,4
744964,2024-09-04,4.1942,4.7383,10,6
745045,2024-09-04,4.0244,4.331,9,4
745290,2024-09-04,4.3586,4.516,4,6
745370,2024-09-04,4.2211,4.3173,6,5
745614,2024-09-04,4.3647,4.3959,3,16
745776,2024-09-04,4.4701,4.8848,8,3
745938,2024-09-04,4.6994,3.7426,2,3
746019,2024-09-04,4.1952,4.9945,4,3
746178,2024-09-04,3.8957,5.0872,10,1
746262,2024-09-04,4.7395,4.0009,4,1
746666,2024-09-04,3.9317,4.9277,12,5
746835,2024-09-04,4.0897,3.6274,12,0
746990,2024-09-04,5.1252,3.8165,1,8
747075,2024-09-04,4.574,3.6543,5,2
744966,2024-09-05,4.2492,3.7299,3,1
745042,2024-09-05,4.0318,4.4421,3,4
745289,2024-09-05,4.5036,4.5392,3,2
745369,2024-09-05,4.2712,4.455,3,4
745451,2024-09-05,4.4811,4.5954,9,4
745612,2024-09-05,4.1661,4.3117,4,6
746021,2024-09-05,4.1326,4.9067,2,5
746664,2024-09-05,4.05,4.865,1,0
747073,2024-09-05,4.6363,3.6161,1,3
744967,2024-09-06,4.2851,3.6392,1,5
745131,2024-09-06,4.2844,4.4971,1,6
745371,2024-09-06,4.8317,4.3483,5,1
745611,2024-09-06,3.6759,4.2904,7,6
745777,2024-09-06,3.9901,4.2482,6,4
745941,2024-09-06,5.4693,3.6015,2,3
746016,2024-09-06,4.1124,4.9598,2,16
746104,2024-09-06,4.5813,3.9718,1,3
746257,2024-09-06,4.7897,4.5903,5,0
746343,2024-09-06,4.7638,4.3154,8,0
746832,2024-09-06,4.039,4.1806,0,3
746912,2024-09-06,5.0839,4.1617,3,1
746993,2024-09-06,4.6144,4.0156,2,0
747074,2024-09-06,3.9749,4.16,3,1
744963,2024-09-07,4.4158,3.9225,6,4
745125,2024-09-07,4.2424,4.4292,2,0
745372,2024-09-07,4.7558,4.4714,3,6
745455,2024-09-07,4.1995,4.628,3,5
745456,2024-09-07,4.4227,4.51,6,8
745613,2024-09-07,4.027,4.4006,1,2
745775,2024-09-07,4.3154,4.4645,4,0
745942,2024-09-07,5.4151,3.5758,5,2
746018,2024-09-07,4.3051,4.9364,9,5
746099,2024-09-07,4.4682,3.8415,7,2
746259,2024-09-07,4.7776,4.8442,4,2
746344,2024-09-07,4.7598,4.4888,11,5
746829,2024-09-07,3.9292,4.2686,0,2
746911,2024-09-07,4.6033,4.2147,7,5
746986,2024-09-07,4.4485,3.8941,1,7
747076,2024-09-07,3.8955,4.2037,5,9
744965,2024-09-08,4.2725,3.698,7,4
745128,2024-09-08,4.3021,4.3385,4,10
745368,2024-09-08,4.7818,4.321,6,7
745453,2024-09-08,4.6819,4.5123,7,3
745616,2024-09-08,3.8397,4.3639,1,9
745774,2024-09-08,4.2048,4.6323,1,3
745940,2024-09-08,5.1471,3.6371,1,4
746017,2024-09-08,4.2023,5.1889,10,1
746098,2024-09-08,4.4165,3.7812,4,0
746258,2024-09-08,5.1794,4.9678,2,0
746345,2024-09-08,4.7043,4.5332,6,12
746827,2024-09-08,4.0082,4.1552,2,1
746910,2024-09-08,5.2798,4.2999,2,7
746989,2024-09-08,4.8183,4.1387,0,2
747072,2024-09-08,3.9181,4.2375,4,3
744888,2024-09-09,4.155,4.9433,2,3
745454,2024-09-09,4.5452,4.0132,3,2
745534,2024-09-09,4.2676,3.7961,2,1
745698,2024-09-09,4.3618,4.4525,10,4
745860,2024-09-09,4.832,3.9727,2,6
746101,2024-09-09,5.2454,4.1055,4,10
746746,2024-09-09,3.8051,4.4724,3,5
746909,2024-09-09,4.6741,5.0467,12,3
747090,2024-09-09,3.988,3.8991,0,1
744807,2024-09-10,3.8941,4.5424,0,12
744886,2024-09-10,4.4055,4.8099,6,2
745126,2024-09-10,3.9732,4.4826,0,3
745210,2024-09-10,3.9718,3.9752,3,7
745291,2024-09-10,4.0269,4.623,2,3
745446,2024-09-10,4.2176,4.2645,6,4
745535,2024-09-10,4.3352,3.811,9,4
745694,2024-09-10,4.4293,4.4431,0,5
745856,2024-09-10,5.0941,3.9748,10,5
746097,2024-09-10,4.5855,4.052,3,6
746346,2024-09-10,4.815,3.8128,3,4
746428,2024-09-10,4.6436,3.7015,11,0
746747,2024-09-10,3.8522,4.5568,0,5
746907,2024-09-10,4.626,5.1101,3,5
747152,2024-09-10,5.3525,4.5521,6,0
744804,2024-09-11,4.0901,4.9727,5,1
744881,2024-09-11,4.1377,4.7358,2,6
745127,2024-09-11,4.177,4.6115,2,1
745214,2024-09-11,3.6823,4.0821,5,2
745285,2024-09-11,3.9069,4.4736,13,2
745450,2024-09-11,4.1338,4.1177,3,1
745525,2024-09-11,4.5401,3.6193,3,2
745697,2024-09-11,4.0968,4.3201,4,3
745857,2024-09-11,4.9465,4.2569,6,4
746100,2024-09-11,4.9404,4.1418,10,8
746342,2024-09-11,4.9441,3.8063,4,5
746425,2024-09-11,4.7114,3.8258,7,4
746745,2024-09-11,3.7408,4.3464,4,6
746908,2024-09-11,4.4302,4.9817,5,3
747154,2024-09-11,5.3962,4.7334,14,4
744805,2024-09-12,4.3193,4.1008,3,6
745129,2024-09-12,3.9921,4.4765,6,1
745208,2024-09-12,4.322,4.124,4,5
745288,2024-09-12,4.0081,4.4977,0,3
745695,2024-09-12,5.0657,4.7712,2,1
746337,2024-09-12,4.8797,3.768,6,3
746427,2024-09-12,4.752,3.7372,2,4
746591,2024-09-12,4.2326,3.9513,2,5
744800,2024-09-13,4.2892,4.3376,4,1
744882,2024-09-13,4.4276,4.4769,4,3
745207,2024-09-13,4.2965,4.2373,5,4
745286,2024-09-13,3.7911,4.3613,0,5
745447,2024-09-13,4.2468,4.7576,3,8
745529,2024-09-13,4.7278,4.237,3,11
745696,2024-09-13,4.8201,4.7969,5,4
745855,2024-09-13,4.5023,4.3323,4,8
746181,2024-09-13,3.9118,4.9407,3,5
746423,2024-09-13,4.2967,4.3463,1,0
746509,2024-09-13,5.1773,5.6201,9,5
746586,2024-09-13,4.6266,3.8107,1,3
746744,2024-09-13,3.949,4.6643,0,2
747069,2024-09-13,3.9875,4.354,6,2
747153,2024-09-13,4.0952,5.2796,1,2
744803,2024-09-14,4.3555,4.205,4,1
744884,2024-09-14,4.3377,4.4092,7,2
745209,2024-09-14,4.4781,3.7135,5,4
745284,2024-09-14,4.0296,4.4786,0,8
745448,2024-09-14,4.1874,4.7379,1,5
745528,2024-09-14,4.7892,4.5218,6,4
745689,2024-09-14,4.705,4.7102,1,7
745858,2024-09-14,4.6445,4.4004,1,11
746177,2024-09-14,3.9266,4.8165,3,5
746422,2024-09-14,4.1447,4.3411,2,4
746508,2024-09-14,4.9794,5.3681,6,5
746584,2024-09-14,4.2116,4.1258,6,1
746740,2024-09-14,3.9632,4.4903,7,6
747070,2024-09-14,3.8154,4.5922,10,1
747148,2024-09-14,4.5833,5.3169,8,15
744801,2024-09-15,4.3229,4.1201,4,3
744883,2024-09-15,4.406,4.5863,3,2
745206,2024-09-15,4.1707,3.884,7,0
745287,2024-09-15,4.1562,4.4515,3,4
745449,2024-09-15,4.3128,4.7393,4,3
745530,2024-09-15,5.2983,4.33,2,1
745693,2024-09-15,4.9193,4.717,5,2
745852,2024-09-15,4.447,4.584,9,2
746180,2024-09-15,3.8784,4.9839,4,6
746419,2024-09-15,4.1588,4.4296,4,2
746506,2024-09-15,5.1041,5.5156,2,6
746585,2024-09-15,4.294,3.9721,2,0
746741,2024-09-15,4.2246,4.2171,4,3
747071,2024-09-15,4.0587,4.2836,2,9
747151,2024-09-15,4.1668,4.8968,11,10
745130,2024-09-16,3.8157,4.2161,4,0
745367,2024-09-16,4.1766,4.6176,3,1
745773,2024-09-16,4.8216,3.8095,2,1
745939,2024-09-16,4.1712,4.337,6,2
746179,2024-09-16,4.5931,4.1743,4,8
746260,2024-09-16,4.6607,4.0398,6,7
746502,2024-09-16,4.8414,5.8234,3,2
746588,2024-09-16,4.4586,4.2231,4,3
746828,2024-09-16,4.4832,3.7748,9,2
747067,2024-09-16,4.1134,4.5607,0,9
744961,2024-09-17,4.0148,3.8849,13,8
745044,2024-09-17,3.811,4.5549,8,3
745122,2024-09-17,4.0516,4.1639,3,1
745205,2024-09-17,3.7772,4.1816,2,11
745366,2024-09-17,4.1368,4.7129,3,4
745772,2024-09-17,4.7967,4.0329,10,1
745935,2024-09-17,4.2536,4.3881,1,5
746015,2024-09-17,4.52,5.4465,11,9
746176,2024-09-17,4.6835,4.2154,5,0
746261,2024-09-17,4.7495,3.9957,1,3
746503,2024-09-17,4.7802,5.3973,8,2
746587,2024-09-17,4.581,4.1743,1,4
746659,2024-09-17,3.9792,4.825,6,5
746830,2024-09-17,4.3852,3.9884,3,4
746987,2024-09-17,4.509,4.108,0,10
744959,2024-09-18,4.1619,3.9461,2,0
745040,2024-09-18,3.8722,4.4063,1,2
745121,2024-09-18,4.0072,4.0937,10,5
745199,2024-09-18,3.9998,4.0648,1,2
745365,2024-09-18,4.2183,4.5369,4,0
745771,2024-09-18,4.7059,4.0688,10,0
745933,2024-09-18,4.5606,4.2607,2,1
746014,2024-09-18,4.4074,5.2774,4,8
746172,2024-09-18,4.6144,4.235,4,3
746254,2024-09-18,4.2574,4.0801,2,4
746500,2024-09-18,4.8865,5.4797,4,9
746582,2024-09-18,4.7025,4.0761,5,4
746662,2024-09-18,3.9633,4.8433,1,7
746831,2024-09-18,4.4809,3.9604,3,5
746988,2024-09-18,4.6134,4.2028,3,5
744962,2024-09-19,4.1802,3.8759,0,4
745041,2024-09-19,3.8532,4.4016,2,0
745120,2024-09-19,3.9796,4.2108,2,3
745204,2024-09-19,3.7865,4.181,3,2
745769,2024-09-19,4.7509,4.4047,10,6
745937,2024-09-19,4.7693,4.569,1,5
746011,2024-09-19,4.3131,5.1839,4,20
746341,2024-09-19,4.7724,3.5601,3,1
746579,2024-09-19,4.8213,4.2205,3,2
746663,2024-09-19,3.9046,4.8463,3,15
746823,2024-09-19,4.2717,3.73,7,6
746985,2024-09-19,5.0121,4.1905,5,3
744960,2024-09-20,4.0869,3.9135,2,8
745043,2024-09-20,3.8486,4.1602,1,0
745123,2024-09-20,3.8987,4.1089,1,5
745364,2024-09-20,4.6344,3.9687,3,2
745606,2024-09-20,3.8426,4.8842,2,4
745770,2024-09-20,4.7163,4.0562,2,12
745934,2024-09-20,4.3635,4.6414,4,7
746013,2024-09-20,4.0302,5.2378,4,3
746094,2024-09-20,5.1997,3.7712,6,4
746256,2024-09-20,5.2244,4.1814,1,2
746340,2024-09-20,4.8193,3.7139,9,7
746661,2024-09-20,4.4235,4.2396,8,3
746824,2024-09-20,4.405,3.7684,3,1
746905,2024-09-20,4.1902,5.1839,2,4
746984,2024-09-20,4.5361,4.2202,7,1
744958,2024-09-21,4.0799,4.1565,4,8
745038,2024-09-21,3.9508,4.1546,3,2
745124,2024-09-21,3.7986,4.2382,6,5
745360,2024-09-21,4.996,3.8932,6,2
745610,2024-09-21,3.9229,5.1524,0,10
745768,2024-09-21,4.3257,4.2344,6,3
745936,2024-09-21,4.7826,4.7704,0,5
746012,2024-09-21,4.0593,5.1767,2,6
746096,2024-09-21,5.1146,3.6719,3,6
746255,2024-09-21,4.9918,4.2,0,9
746338,2024-09-21,4.7418,3.6363,10,4
746660,2024-09-21,4.2634,4.4621,7,1
746826,2024-09-21,4.2577,3.8655,1,5
746983,2024-09-21,4.2952,4.4162,4,6
744955,2024-09-22,4.1256,3.9762,6,5
745036,2024-09-22,3.9563,4.0381,4,3
745118,2024-09-22,3.7478,4.1058,2,1
745358,2024-09-22,4.5927,4.0368,4,2
745608,2024-09-22,3.8737,4.8491,4,7
745767,2024-09-22,4.2323,4.1581,2,1
745929,2024-09-22,4.7724,4.5363,10,9
746010,2024-09-22,4.1214,5.1124,4,5
746092,2024-09-22,5.2483,3.5749,6,5
746253,2024-09-22,4.6011,4.1827,0,2
746339,2024-09-22,4.842,3.6266,8,9
746657,2024-09-22,4.0331,4.4381,0,2
746825,2024-09-22,4.2701,3.6682,5,0
746903,2024-09-22,4.3432,5.0429,8,1
746906,2024-09-22,4.2881,5.0092,9,3
746982,2024-09-22,4.3873,4.2203,3,4
744885,2024-09-23,4.1908,5.1766,1,4
745527,2024-09-23,4.8605,4.2193,6,2
746334,2024-09-23,4.786,4.0312,1,6
747150,2024-09-23,4.6652,4.5319,3,6
744802,2024-09-24,3.8715,4.4592,0,1
744876,2024-09-24,4.1144,5.0102,5,6
745441,2024-09-24,4.2196,5.2652,2,7
745526,2024-09-24,4.8471,4.2034,4,10
745605,2024-09-24,4.6795,4.4909,5,4
745688,2024-09-24,4.5533,4.7524,3,5
745851,2024-09-24,4.6036,3.9174,1,4
746093,2024-09-24,4.2945,4.7077,2,4
746336,2024-09-24,4.8345,4.1417,4,3
746421,2024-09-24,4.0053,3.9382,2,1
746504,2024-09-24,4.5774,4.5427,3,7
746581,2024-09-24,4.3529,4.0743,6,1
746743,2024-09-24,4.2982,4.4873,3,2
747068,2024-09-24,4.3189,4.4826,5,1
747149,2024-09-24,5.0638,4.5202,0,11
744795,2024-09-25,4.0545,4.3097,0,3
744877,2024-09-25,4.0751,5.17,6,1
745442,2024-09-25,3.9587,5.2396,2,1
745521,2024-09-25,5.3361,4.265,9,6
745607,2024-09-25,4.8892,4.401,1,5
745690,2024-09-25,4.7019,4.6496,7,9
745854,2024-09-25,4.4599,3.9434,8,3
746095,2024-09-25,4.265,5.046,4,3
746331,2024-09-25,4.8005,4.138,1,8
746420,2024-09-25,4.2328,3.9902,7,1
746501,2024-09-25,4.8699,4.5635,2,5
746583,2024-09-25,4.2768,3.9984,5,2
746742,2024-09-25,4.0481,4.343,4,3
747144,2024-09-25,5.0869,4.4588,8,2
744796,2024-09-26,3.985,4.4091,4,7
745443,2024-09-26,4.1997,5.3191,2,5
745609,2024-09-26,4.4331,4.471,3,2
745691,2024-09-26,4.6389,4.6459,10,1
745853,2024-09-26,4.8352,3.9484,6,8
746088,2024-09-26,4.4757,5.018,7,2
746415,2024-09-26,4.2704,3.8626,4,3
746495,2024-09-26,4.8004,4.6268,10,8
746738,2024-09-26,4.1859,4.4752,7,0
744797,2024-09-27,4.0066,4.6264,9,1
744879,2024-09-27,4.2867,3.9607,5,15
745202,2024-09-27,4.3029,3.8283,2,0
745280,2024-09-27,4.4593,3.8758,3,6
745692,2024-09-27,4.7538,3.9191,2,4
745847,2024-09-27,5.0393,4.9575,2,7
745930,2024-09-27,4.4403,4.8988,8,4
746173,2024-09-27,4.3025,4.4704,2,5
746417,2024-09-27,4.3126,3.8661,4,1
746494,2024-09-27,5.0533,5.4173,4,11
746580,2024-09-27,4.4401,3.9371,2,5
746822,2024-09-27,3.7176,3.8311,1,0
746904,2024-09-27,4.3093,4.3737,1,2
747065,2024-09-27,3.8591,4.0768,3,0
747145,2024-09-27,4.8016,5.5372,3,5
744799,2024-09-28,3.9506,4.7252,6,3
744878,2024-09-28,4.3286,3.9524,1,8
745203,2024-09-28,4.3675,3.778,7,6
745281,2024-09-28,4.4393,3.9984,6,5
745685,2024-09-28,4.3514,4.0084,4,9
745849,2024-09-28,5.0174,4.8654,2,9
745931,2024-09-28,4.6222,4.9147,6,0
746171,2024-09-28,4.489,4.5562,8,9
746414,2024-09-28,4.3835,3.8615,0,4
746499,2024-09-28,4.7974,5.2514,2,13
746578,2024-09-28,4.6453,4.0334,3,4
746819,2024-09-28,3.8535,4.069,3,0
746902,2024-09-28,4.5055,4.3963,2,7
747066,2024-09-28,3.8879,4.115,2,1
747146,2024-09-28,4.7139,5.6787,0,5
744798,2024-09-29,4.0007,4.6622,3,6
744880,2024-09-29,4.2945,4.0443,1,3
745201,2024-09-29,4.3915,3.7511,6,4
745282,2024-09-29,4.4742,3.9224,1,6
745686,2024-09-29,4.9743,3.9161,6,4
745846,2024-09-29,4.9316,4.802,2,6
745932,2024-09-29,4.5989,4.7831,0,5
746174,2024-09-29,4.5652,4.4166,0,8
746416,2024-09-29,4.5687,3.8806,5,9
746496,2024-09-29,4.6064,5.5886,1,2
746820,2024-09-29,3.6333,4.2133,0,3
746901,2024-09-29,4.3139,4.4296,3,1
747061,2024-09-29,3.9778,4.129,2,4
747147,2024-09-29,5.0313,5.923,11,2
778518,2025-03-28,4.5537,4.6701,1,3
778541,2025-03-28,4.4154,3.9907,0,7
778542,2025-03-28,4.0903,4.5956,4,3
778543,2025-03-28,5.3692,5.6688,8,1
778544,2025-03-28,4.6571,3.9534,8,5
778548,2025-03-28,4.2385,4.8726,3,4
778549,2025-03-28,4.2152,5.3986,8,2
778550,2025-03-28,4.1291,4.4805,4,1
778560,2025-03-28,4.5571,3.7754,3,2
778520,2025-03-29,4.128,4.5994,1,0
778521,2025-03-29,4.2907,3.87,2,4
778528,2025-03-29,4.3528,4.2557,5,1
778529,2025-03-29,4.4967,4.0595,4,3
778530,2025-03-29,4.5461,4.6753,2,1
778531,2025-03-29,4.0302,4.5012,4,3
778532,2025-03-29,5.4213,5.803,3,4
778533,2025-03-29,4.7392,3.9263,7,3
778534,2025-03-29,4.3099,4.1152,0,1
778535,2025-03-29,4.2467,4.9677,6,11
778536,2025-03-29,4.2182,5.4234,5,9
778537,2025-03-29,4.5623,3.788,1,2
778538,2025-03-29,4.5987,5.0034,20,9
778539,2025-03-29,4.2178,4.8787,5,4
778540,2025-03-29,4.3528,4.8813,3,2
778510,2025-03-30,4.3203,4.0524,2,6
778513,2025-03-30,4.3226,3.832,2,1
778514,2025-03-30,4.0909,4.5236,5,0
778515,2025-03-30,5.3167,5.6659,10,6
778516,2025-03-30,4.0974,4.485,3,2
778517,2025-03-30,4.3103,4.2836,9,2
778519,2025-03-30,4.2311,4.8845,3,2
778522,2025-03-30,4.4834,4.8281,3,6
778523,2025-03-30,4.4003,5.0142,12,3
778524,2025-03-30,4.4143,3.8264,6,4
778525,2025-03-30,4.2948,5.6649,3,1
778526,2025-03-30,4.2644,4.9977,5,1
778527,2025-03-30,4.3558,4.157,2,3
778496,2025-03-31,3.8598,3.8847,6,9
778499,2025-03-31,4.1219,4.2978,7,2
778500,2025-03-31,4.3521,4.4124,6,1
778501,2025-03-31,4.1272,5.363,3,18
778502,2025-03-31,5.4928,3.7431,6,1
778503,2025-03-31,4.4873,4.101,4,5
778504,2025-03-31,4.2388,4.1716,1,11
778505,2025-03-31,4.4574,4.2344,2,7
778506,2025-03-31,4.042,4.8809,9,0
778507,2025-03-31,4.2104,4.742,5,2
778508,2025-03-31,3.954,3.9067,6,1
778509,2025-03-31,4.3692,5.0633,4,10
778511,2025-03-31,4.789,4.7231,14,3
778512,2025-03-31,4.5895,4.5389,8,5
778485,2025-04-01,4.141,4.1874,7,0
778486,2025-04-01,3.834,3.8012,1,4
778487,2025-04-01,4.3563,4.635,3,1
778488,2025-04-01,4.0899,4.065,5,0
778489,2025-04-01,4.4777,4.2661,1,3
778490,2025-04-01,4.0586,4.815,3,8
778491,2025-04-01,4.3491,4.8619,5,3
778492,2025-04-01,4.7099,5.2135,5,7
778493,2025-04-01,3.9774,3.9432,7,0
778494,2025-04-01,4.7199,5.0649,4,7
778495,2025-04-01,4.6019,4.1054,7,9
778497,2025-04-01,4.384,4.9881,4,2
778498,2025-04-01,4.5714,4.8669,0,1
778469,2025-04-02,3.8562,3.7411,3,2
778471,2025-04-02,4.6208,5.0639,2,10
778472,2025-04-02,4.6038,4.487,6,5
778473,2025-04-02,4.557,3.9439,12,5
778474,2025-04-02,4.2638,4.7434,1,6
778475,2025-04-02,4.5702,4.1884,3,6
778476,2025-04-02,4.2201,4.0614,5,2
778477,2025-04-02,4.0968,3.9575,3,2
778478,2025-04-02,3.9392,4.9369,4,2
778479,2025-04-02,3.8383,3.7831,2,4
778480,2025-04-02,5.1664,4.4022,0,1
778481,2025-04-02,4.5255,5.0137,5,6
778482,2025-04-02,5.5568,3.604,5,1
778483,2025-04-02,4.707,4.4293,0,3
778484,2025-04-02,4.8649,4.9638,3,4
778462,2025-04-03,4.3867,4.4679,2,5
778466,2025-04-03,4.7979,4.9761,9,7
778467,2025-04-03,5.4772,3.8295,3,1
778468,2025-04-03,4.2698,3.9855,1,0
778470,2025-04-03,4.5834,4.4257,4,8
778444,2025-04-04,4.1669,4.6461,10,9
778447,2025-04-04,3.7997,4.5866,6,8
778453,2025-04-04,4.0812,3.728,3,2
778454,2025-04-04,4.1543,3.5511,5,2
778455,2025-04-04,4.4074,4.8039,8,2
778456,2025-04-04,4.7688,4.4132,3,6
778457,2025-04-04,4.3678,5.2887,4,6
778458,2025-04-04,4.3585,3.8399,7,4
778459,2025-04-04,4.3366,4.3015,3,2
778460,2025-04-04,3.7614,4.2854,3,1
778461,2025-04-04,4.1578,5.2353,4,9
778463,2025-04-04,4.4871,4.6933,13,9
778464,2025-04-04,4.0735,3.8456,10,0
778465,2025-04-04,4.8418,3.879,5,0
778436,2025-04-05,4.1541,4.3207,4,1
778437,2025-04-05,3.7672,4.7021,10,4
778438,2025-04-05,4.031,3.5323,6,4
778439,2025-04-05,3.9623,3.7956,7,11
778440,2025-04-05,4.6179,4.8403,6,1
778441,2025-04-05,4.8348,4.9651,1,8
778442,2025-04-05,4.821,4.6102,4,7
778445,2025-04-05,4.5904,3.7197,7,2
778446,2025-04-05,4.7889,3.8567,3,2
778448,2025-04-05,4.5917,4.4919,1,3
778449,2025-04-05,4.1328,5.4847,4,10
778450,2025-04-05,3.7693,4.1121,7,1
778451,2025-04-05,4.2278,3.5837,0,4
778452,2025-04-05,4.2421,5.1512,4,3
778419,2025-04-06,4.4608,4.8403,7,9
778420,2025-04-06,4.2279,3.6087,4,3
778421,2025-04-06,4.0976,3.693,8,2
778422,2025-04-06,4.2149,4.7078,4,1
778423,2025-04-06,4.9125,4.6391,12,5
778425,2025-04-06,3.7745,4.6701,6,2
778427,2025-04-06,4.1679,4.2042,5,4
778428,2025-04-06,4.1994,5.5259,5,4
778429,2025-04-06,3.9836,4.9959,5,4
778430,2025-04-06,3.7594,4.1317,7,8
778432,2025-04-06,4.729,4.5993,18,7
778433,2025-04-06,4.3638,3.9557,4,3
778434,2025-04-06,4.2941,4.2963,8,7
778435,2025-04-06,4.7439,3.8321,2,1
778443,2025-04-06,4.5026,4.7388,5,4
778405,2025-04-07,3.6321,3.6945,4,3
778410,2025-04-07,3.7147,3.8625,0,2
778411,2025-04-07,4.2353,4.0033,7,0
778412,2025-04-07,4.6526,3.9917,4,2
778413,2025-04-07,5.3265,5.3005,1,5
778414,2025-04-07,3.5877,5.3222,4,5
778415,2025-04-07,4.3823,4.1415,8,4
778416,2025-04-07,4.5766,3.703,2,0
778418,2025-04-07,3.9941,5.0649,6,4
778424,2025-04-07,4.0167,4.4276,6,2
778426,2025-04-07,4.1572,4.4059,2,6
778394,2025-04-08,4.3251,5.4968,1,7
778395,2025-04-08,3.7248,5.0519,10,4
778396,2025-04-08,4.5442,5.285,4,3
778397,2025-04-08,3.812,3.7505,0,1
778398,2025-04-08,3.6082,3.7915,1,2
778400,2025-04-08,4.8633,4.0489,2,1
778401,2025-04-08,4.6304,3.9419,10,6
778402,2025-04-08,5.2048,3.955,1,0
778403,2025-04-08,4.2888,4.1306,5,0
778404,2025-04-08,4.4876,4.4049,1,6
778406,2025-04-08,4.0299,4.1546,7,5
778407,2025-04-08,4.4992,3.5974,10,5
778408,2025-04-08,4.2551,4.0156,3,5
778409,2025-04-08,4.1373,5.4761,8,2
778417,2025-04-08,4.3894,3.8045,3,4
778376,2025-04-09,3.8868,3.8285,8,6
778379,2025-04-09,4.5329,5.3338,2,17
778380,2025-04-09,5.1945,5.3106,9,0
778381,2025-04-09,3.9457,5.1948,1,2
778383,2025-04-09,3.5516,3.9604,7,6
778385,2025-04-09,4.5293,3.9578,2,6
778386,2025-04-09,4.5373,4.5574,1,2
778387,2025-04-09,4.0473,4.2798,3,4
778388,2025-04-09,4.5262,4.1326,0,4
778389,2025-04-09,4.5344,4.4176,2,1
778390,2025-04-09,4.3163,3.6122,0,5
778391,2025-04-09,5.1662,3.8527,3,2
778392,2025-04-09,4.0819,4.8454,5,6
778393,2025-04-09,4.2913,4.1835,3,4
778399,2025-04-09,4.3808,3.8258,5,4
778371,2025-04-10,4.5676,5.1409,7,2
778373,2025-04-10,4.498,4.0878,3,2
778377,2025-04-10,4.2212,4.5268,4,3
778378,2025-04-10,5.2092,3.7329,6,1
778382,2025-04-10,4.1226,3.9319,1,11
778384,2025-04-10,4.0296,4.1043,4,2
778356,2025-04-11,5.0179,4.4302,3,0
778358,2025-04-11,4.2457,5.1411,6,7
778360,2025-04-11,4.2405,3.7478,5,3
778361,2025-04-11,4.7003,3.6534,8,0
778363,2025-04-11,4.3146,4.7453,6,7
778364,2025-04-11,5.199,5.2689,0,7
778365,2025-04-11,4.5022,4.2866,2,0
778366,2025-04-11,3.7842,5.0558,11,1
778367,2025-04-11,3.8949,4.0085,6,3
778368,2025-04-11,5.0577,3.9139,14,3
778369,2025-04-11,4.4634,4.984,4,7
778370,2025-04-11,4.8063,4.4987,1,9
778374,2025-04-11,4.4724,4.1236,5,3
778375,2025-04-11,4.1207,4.1232,7,0
778341,2025-04-12,4.2916,3.7074,9,2
778345,2025-04-12,4.4936,4.6266,0,16
778346,2025-04-12,4.2533,4.9606,3,1
778347,2025-04-12,3.9795,4.5006,1,4
778348,2025-04-12,4.2156,4.8382,0,4
778349,2025-04-12,3.8991,4.8876,3,2
778350,2025-04-12,4.8435,5.4169,5,4
778351,2025-04-12,5.2491,3.9885,1,4
778352,2025-04-12,4.5647,3.7255,2,0
778353,2025-04-12,3.746,4.0727,4,5
778354,2025-04-12,4.4237,5.0277,7,6
778355,2025-04-12,4.5621,4.4548,8,4
778357,2025-04-12,4.3002,4.3423,5,2
778359,2025-04-12,4.3532,4.0257,6,3
778362,2025-04-12,4.4034,4.0809,5,4
778329,2025-04-13,5.0616,4.0151,7,3
778330,2025-04-13,4.7912,3.5535,6,0
778331,2025-04-13,4.9379,4.4935,2,4
778332,2025-04-13,4.4064,5.1369,5,2
778333,2025-04-13,4.0576,5.1283,0,8
778334,2025-04-13,4.1526,3.7521,3,1
778335,2025-04-13,4.0908,4.7298,5,1
778336,2025-04-13,3.9373,4.2369,7,0
778337,2025-04-13,4.1284,5.1019,11,4
778338,2025-04-13,3.7987,4.8465,1,3
778339,2025-04-13,4.4264,4.3892,4,5
778340,2025-04-13,3.8352,4.0503,8,3
778342,2025-04-13,3.9832,3.9813,2,4
778343,2025-04-13,4.3466,4.107,4,0
778344,2025-04-13,4.4042,4.0158,6,7
778315,2025-04-14,4.7971,4.4857,10,4
778320,2025-04-14,4.3066,4.1898,4,10
778321,2025-04-14,4.5808,4.6623,10,3
778322,2025-04-14,3.7885,4.704,4,8
778323,2025-04-14,4.041,3.9931,1,9
778324,2025-04-14,4.347,4.475,1,5
778325,2025-04-14,4.0317,4.1492,8,3
778326,2025-04-14,4.9843,3.5548,5,3
778327,2025-04-14,4.3767,4.2499,4,1
778328,2025-04-14,3.9248,4.0835,16,1
778302,2025-04-15,5.1445,3.5376,6,2
778305,2025-04-15,4.7179,4.4572,1,2
778306,2025-04-15,4.4901,3.9542,4,0
778307,2025-04-15,4.4811,4.6771,6,3
778308,2025-04-15,4.19,4.1806,0,2
778309,2025-04-15,3.9672,4.3019,3,12
778310,2025-04-15,4.1399,4.1287,5,0
778311,2025-04-15,3.7936,4.7974,6,3
778312,2025-04-15,4.5279,4.1724,4,2
778313,2025-04-15,4.3402,4.0692,6,4
778314,2025-04-15,4.4629,4.4347,0,3
778316,2025-04-15,4.4491,4.7616,8,4
778317,2025-04-15,4.421,3.9139,3,6
778318,2025-04-15,4.3143,5.5027,4,10
778319,2025-04-15,3.9392,4.1451,4,7
778287,2025-04-16,5.2323,3.5642,8,7
778288,2025-04-16,4.5021,4.381,4,2
778289,2025-04-16,4.4229,4.0392,3,1
778290,2025-04-16,4.0409,4.1844,4,1
778293,2025-04-16,4.4144,4.6,6,1
778294,2025-04-16,3.9844,4.2761,1,3
778295,2025-04-16,4.0388,4.0541,5,1
778296,2025-04-16,4.5571,4.214,4,11
778297,2025-04-16,4.031,4.8237,3,1
778298,2025-04-16,3.832,4.1589,0,1
778299,2025-04-16,4.4458,4.7096,4,3
778300,2025-04-16,4.4651,4.3385,4,3
778301,2025-04-16,4.0374,4.0652,9,1
778303,2025-04-16,4.4529,5.4248,2,6
778304,2025-04-16,4.4327,4.7438,3,5
778278,2025-04-17,4.8577,4.0118,4,1
778279,2025-04-17,4.5371,4.1204,6,4
778280,2025-04-17,4.5504,4.2442,1,0
778281,2025-04-17,4.4682,3.9468,5,3
778282,2025-04-17,3.8611,4.4604,3,6
778283,2025-04-17,4.0278,4.3529,0,8
778285,2025-04-17,4.4671,4.8116,7,11
778286,2025-04-17,4.0333,3.9691,6,1
778291,2025-04-17,4.2688,5.5117,4,6
778292,2025-04-17,4.3167,4.028,6,2
778260,2025-04-18,3.9757,4.7001,2,0
778261,2025-04-18,4.4979,3.9189,5,3
778263,2025-04-18,4.2548,4.4608,0,3
778268,2025-04-18,4.285,4.3104,13,11
778269,2025-04-18,4.4443,4.2688,6,4
778270,2025-04-18,4.7612,3.8056,5,4
778271,2025-04-18,4.0908,4.0513,7,10
778272,2025-04-18,3.8666,4.2903,0,1
778273,2025-04-18,4.1744,4.8233,3,1
778274,2025-04-18,4.6003,3.8133,7,2
778275,2025-04-18,4.8814,4.1893,10,3
778276,2025-04-18,4.264,4.1048,3,8
778277,2025-04-18,3.8693,3.8337,7,3
778284,2025-04-18,4.244,3.9244,6,4
778243,2025-04-19,3.9563,4.4657,2,3
778247,2025-04-19,4.6991,4.9301,11,12
778251,2025-04-19,4.2837,4.6663,4,3
778252,2025-04-19,4.8306,3.7554,11,10
778253,2025-04-19,4.6137,3.9235,1,3
778254,2025-04-19,4.1821,4.0504,0,3
778255,2025-04-19,4.0294,4.3871,10,8
778256,2025-04-19,4.6953,3.8799,3,0
778257,2025-04-19,4.1925,4.128,6,2
778258,2025-04-19,3.9791,5.0581,4,8
778259,2025-04-19,4.1376,4.2144,3,2
778262,2025-04-19,4.0812,4.3268,9,5
778264,2025-04-19,5.3273,4.1859,4,3
778265,2025-04-19,4.168,3.7897,3,1
778267,2025-04-19,4.1657,3.6776,4,3
778232,2025-04-20,4.309,4.5776,5,4
778234,2025-04-20,4.0693,4.4601,0,1
778235,2025-04-20,5.1559,4.924,2,3
778236,2025-04-20,4.301,4.3569,2,3
778237,2025-04-20,4.1697,4.265,2,3
778239,2025-04-20,4.7556,4.0156,14,1
778240,2025-04-20,3.8325,4.359,0,4
778241,2025-04-20,4.2889,4.8199,3,8
778242,2025-04-20,4.0857,4.2956,4,5
778244,2025-04-20,4.6659,3.8094,7,4
778245,2025-04-20,5.3244,4.2243,4,8
778246,2025-04-20,4.2315,3.8289,3,4
778248,2025-04-20,4.7581,3.6836,5,7
778249,2025-04-20,4.0519,3.738,6,2
778250,2025-04-20,4.2853,4.216,2,24
778266,2025-04-20,4.9018,4.7522,3,1
778225,2025-04-21,4.4383,4.1834,5,4
778226,2025-04-21,4.1365,4.5252,5,2
778227,2025-04-21,4.5931,4.4301,6,4
778228,2025-04-21,4.1588,4.2549,6,4
778230,2025-04-21,4.1235,4.9286,6,3
778231,2025-04-21,4.4015,3.7976,7,0
778233,2025-04-21,4.3407,3.8342,7,6
778238,2025-04-21,5.2862,4.2312,4,2
778210,2025-04-22,4.399,4.3992,3,11
778211,2025-04-22,4.2036,4.4436,3,9
778212,2025-04-22,4.6049,4.063,5,1
778213,2025-04-22,4.6999,4.6862,5,8
778215,2025-04-22,4.8277,3.5798,4,3
778216,2025-04-22,5.2802,3.9731,4,2
778217,2025-04-22,4.3064,3.772,5,1
778218,2025-04-22,4.4504,4.6617,3,2
778219,2025-04-22,4.1913,5.1698,4,3
778220,2025-04-22,4.2271,4.1398,11,10
778221,2025-04-22,3.9294,4.0175,0,2
778222,2025-04-22,4.144,4.652,7,0
778223,2025-04-22,4.2333,4.1894,5,1
778224,2025-04-22,4.6936,5.0363,8,3
778229,2025-04-22,4.28,3.8314,4,10
778197,2025-04-23,4.7258,4.4686,5,2
778198,2025-04-23,3.7885,4.4341,4,2
778199,2025-04-23,4.4965,4.136,6,7
778200,2025-04-23,4.3086,3.7213,3,1
778201,2025-04-23,5.5099,3.9352,6,3
778202,2025-04-23,4.2233,4.6296,0,3
778203,2025-04-23,4.2276,3.9492,4,3
778204,2025-04-23,4.1743,4.7196,4,3
778205,2025-04-23,4.3095,4.054,7,6
778206,2025-04-23,4.0539,4.5375,1,5
778207,2025-04-23,4.6566,4.9384,5,8
778208,2025-04-23,4.137,5.0651,2,5
778209,2025-04-23,4.2647,4.173,6,0
778214,2025-04-23,4.5113,3.8808,4,1
778188,2025-04-24,4.3334,4.2657,4,7
778189,2025-04-24,5.2438,4.0588,0,3
778190,2025-04-24,4.9555,3.5205,7,4
778191,2025-04-24,4.2612,4.5296,4,3
778192,2025-04-24,4.7865,4.4944,4,3
778193,2025-04-24,4.1822,4.8277,1,2
778194,2025-04-24,4.0574,4.5035,6,5
778195,2025-04-24,4.5638,3.613,6,2
778196,2025-04-24,4.7238,4.893,3,4
778171,2025-04-25,4.674,4.0046,0,2
778172,2025-04-25,4.064,3.5405,0,1
778175,2025-04-25,4.2111,3.5453,4,8
778176,2025-04-25,4.7485,3.5733,0,3
778177,2025-04-25,4.0227,4.6212,2,8
778178,2025-04-25,4.2701,4.0811,6,5
778181,2025-04-25,3.9175,5.4447,7,8
778182,2025-04-25,4.3526,4.0995,4,0
778183,2025-04-25,4.3711,4.5619,5,4
778184,2025-04-25,4.0949,4.5031,3,2
778185,2025-04-25,4.8628,4.3428,2,4
778186,2025-04-25,5.4912,4.327,11,4
778187,2025-04-25,4.3806,3.9866,2,0
778154,2025-04-26,4.1412,3.5605,14,0
778159,2025-04-26,4.8637,4.0246,3,2
778160,2025-04-26,4.2249,3.5023,1,4
778161,2025-04-26,4.0821,5.6686,4,6
778162,2025-04-26,4.3463,4.6937,7,8
778163,2025-04-26,4.7554,3.6257,8,4
778164,2025-04-26,4.0595,4.438,6,5
778165,2025-04-26,4.2307,4.0365,3,10
778166,2025-04-26,5.2551,4.272,5,1
778167,2025-04-26,4.3347,3.8622,2,0
778168,2025-04-26,4.2104,3.8665,4,3
778169,2025-04-26,4.8138,4.2938,3,7
778173,2025-04-26,4.2052,4.6816,0,2
778174,2025-04-26,4.0197,3.8293,4,10
778179,2025-04-26,4.7822,4.297,5,4
778180,2025-04-26,4.1024,4.1237,6,2
778136,2025-04-27,3.9984,3.7283,7,6
778144,2025-04-27,5.128,4.2698,5,0
778145,2025-04-27,4.8405,3.6656,9,2
778146,2025-04-27,4.4046,3.533,2,4
778147,2025-04-27,4.3928,4.5282,6,4
778148,2025-04-27,4.4067,5.6345,1,8
778149,2025-04-27,4.3295,4.1357,3,2
778150,2025-04-27,4.1066,4.4672,1,7
778151,2025-04-27,4.7328,3.8843,3,2
778152,2025-04-27,4.4048,3.9245,3,7
778153,2025-04-27,4.3023,4.7348,8,7
778155,2025-04-27,4.2742,3.9606,7,0
778156,2025-04-27,4.8673,4.1211,11,2
778157,2025-04-27,4.8865,4.2001,3,13
778158,2025-04-27,4.0755,4.0143,1,3
778170,2025-04-27,4.8284,4.2286,5,1
778132,2025-04-28,4.5503,3.6699,7,6
778137,2025-04-28,4.4873,4.8028,3,6
778138,2025-04-28,4.266,4.7656,5,19
778139,2025-04-28,4.7199,3.7073,1,11
778140,2025-04-28,4.2345,5.2579,4,3
778141,2025-04-28,4.7461,4.3033,3,1
778142,2025-04-28,4.0769,4.05,8,5
778143,2025-04-28,4.149,3.8862,1,2
778120,2025-04-29,4.3049,4.9445,2,8
778121,2025-04-29,4.4025,3.676,5,3
778122,2025-04-29,4.0994,3.8055,15,2
778123,2025-04-29,4.6944,3.6137,15,2
778124,2025-04-29,4.153,3.8282,6,4
778125,2025-04-29,3.7573,4.9411,2,7
778126,2025-04-29,4.1961,4.1681,7,4
778127,2025-04-29,4.076,5.1214,2,10
778128,2025-04-29,3.9716,3.8907,1,3
778129,2025-04-29,4.614,3.7294,2,1
778130,2025-04-29,4.5824,4.484,8,3
778131,2025-04-29,4.9311,3.7553,7,6
778133,2025-04-29,4.1396,4.9714,3,15
778135,2025-04-29,4.5943,5.4005,0,9
778102,2025-04-30,4.1991,5.2873,2,1
778104,2025-04-30,4.3771,3.6962,9,3
778105,2025-04-30,4.1734,4.0839,5,3
778106,2025-04-30,4.149,3.8501,1,7
778109,2025-04-30,5.1152,3.7341,12,7
778110,2025-04-30,4.3116,4.1225,4,7
778111,2025-04-30,3.9216,4.951,4,6
778112,2025-04-30,4.6601,4.959,4,3
778113,2025-04-30,3.8853,4.0908,0,3
778114,2025-04-30,4.1826,5.1757,7,6
778115,2025-04-30,4.5125,5.2199,5,4
778116,2025-04-30,4.6188,3.7512,4,2
778117,2025-04-30,4.7747,4.684,3,4
778118,2025-04-30,5.2652,3.7807,7,2
778119,2025-04-30,4.9184,4.4837,1,9
778134,2025-04-30,4.8987,4.1955,0,6
778094,2025-05-01,3.87,5.4292,8,0
778095,2025-05-01,4.166,5.071,4,2
778096,2025-05-01,4.2043,3.8571,0,3
778097,2025-05-01,3.9861,3.8116,2,8
778098,2025-05-01,4.9936,3.6191,3,4
778099,2025-05-01,5.0971,3.792,2,4
778100,2025-05-01,4.4455,5.0928,3,8
778101,2025-05-01,4.1227,5.0141,4,10
778103,2025-05-01,4.534,4.6409,2,4
778107,2025-05-01,4.7632,4.3529,9,1
778108,2025-05-01,4.4461,3.7221,4,3
778079,2025-05-02,3.7884,4.4024,7,3
778080,2025-05-02,4.5001,4.7385,0,10
778081,2025-05-02,4.0573,4.4044,5,3
778082,2025-05-02,4.8396,3.551,4,0
778083,2025-05-02,4.3255,4.2275,1,13
778084,2025-05-02,4.2914,4.2679,3,9
778085,2025-05-02,3.9268,4.9502,1,9
778086,2025-05-02,4.9912,4.8641,3,2
778087,2025-05-02,4.7062,4.2523,6,1
778088,2025-05-02,4.5697,4.0081,3,0
778089,2025-05-02,4.4517,4.6713,6,1
778090,2025-05-02,3.8895,5.0242,4,9
778091,2025-05-02,4.5175,4.8518,1,6
778092,2025-05-02,3.9762,4.5178,1,2
778093,2025-05-02,4.1962,4.1905,3,0
778064,2025-05-03,3.8607,4.4204,3,5
778065,2025-05-03,4.132,4.8095,1,2
778066,2025-05-03,3.7205,4.7337,3,8
778067,2025-05-03,3.9125,5.0991,5,2
778069,2025-05-03,4.7482,3.58,6,3
778070,2025-05-03,4.3191,4.3377,1,2
778071,2025-05-03,4.6447,4.3473,2,6
778072,2025-05-03,4.0379,4.1762,0,4
778073,2025-05-03,5.0687,4.4785,3,4
778074,2025-05-03,4.7134,3.8873,2,3
778075,2025-05-03,4.4815,4.7718,9,6
778076,2025-05-03,4.173,4.7231,3,10
778077,2025-05-03,4.5669,4.1395,6,11
778078,2025-05-03,4.7778,4.7792,7,2
778048,2025-05-04,4.7356,3.6529,9,3
778050,2025-05-04,4.0868,5.3064,1,13
778051,2025-05-04,4.0833,5.1336,0,4
778052,2025-05-04,4.4287,4.4073,8,1
778053,2025-05-04,4.4956,4.8928,6,5
778054,2025-05-04,4.8913,4.5094,4,0
778055,2025-05-04,3.7571,4.6877,5,4
778056,2025-05-04,4.0541,4.6262,4,5
778057,2025-05-04,4.517,3.9168,5,7
778058,2025-05-04,4.5291,4.3962,1,4
778059,2025-05-04,4.7616,4.7044,9,11
778060,2025-05-04,4.2293,4.7909,4,3
778061,2025-05-04,4.5428,4.8417,2,3
778062,2025-05-04,4.1078,4.1579,6,11
778063,2025-05-04,4.6788,4.5457,4,5
778068,2025-05-04,4.2766,4.3236,5,4
778036,2025-05-05,4.2723,3.8119,6,3
778038,2025-05-05,4.2068,4.8562,7,6
778039,2025-05-05,4.6514,4.9976,4,5
778042,2025-05-05,4.3131,3.7141,5,1
778043,2025-05-05,4.8757,3.6105,3,0
778044,2025-05-05,4.112,3.9684,9,2
778045,2025-05-05,4.3741,4.6418,3,4
778047,2025-05-05,4.1777,5.5155,4,7
778049,2025-05-05,3.9155,3.9977,4,0
778024,2025-05-06,4.2874,4.9998,3,5
778025,2025-05-06,4.0616,4.5791,8,3
778026,2025-05-06,3.9863,4.2496,10,9
778027,2025-05-06,4.2544,4.0081,5,14
778028,2025-05-06,4.5008,4.8196,9,1
778030,2025-05-06,4.2254,3.7442,2,1
778031,2025-05-06,4.2221,3.7234,4,3
778032,2025-05-06,4.7615,5.0,5,1
778033,2025-05-06,4.76,3.5861,4,3
778034,2025-05-06,3.8389,3.7962,2,1
778035,2025-05-06,4.0288,5.6004,5,4
778037,2025-05-06,4.8455,4.484,1,6
778040,2025-05-06,3.8282,4.1052,4,8
778041,2025-05-06,4.4229,4.6071,12,3
778046,2025-05-06,4.0772,4.1201,1,9
778009,2025-05-07,4.1302,4.5566,5,4
778010,2025-05-07,4.2158,4.8724,5,6
778011,2025-05-07,4.4712,4.7613,5,2
778012,2025-05-07,4.7538,3.587,2,1
778013,2025-05-07,4.5166,5.254,6,8
778014,2025-05-07,4.673,5.1518,1,7
778015,2025-05-07,4.3433,3.8479,1,9
778016,2025-05-07,4.2293,3.8202,5,0
778017,2025-05-07,4.3816,5.7467,1,10
778018,2025-05-07,5.1973,4.5314,6,4
778019,2025-05-07,4.4259,4.8874,4,3
778020,2025-05-07,4.0593,4.0736,1,3
778021,2025-05-07,3.9062,4.3105,0,7
778022,2025-05-07,4.2829,4.3976,6,8
778023,2025-05-07,3.8425,3.9607,3,4
777999,2025-05-08,4.5709,5.4725,5,3
778000,2025-05-08,4.119,4.5612,5,8
778003,2025-05-08,4.0441,3.9605,5,4
778004,2025-05-08,4.4494,5.2324,2,10
778005,2025-05-08,3.9349,4.1503,6,7
778006,2025-05-08,5.2193,4.4094,5,0
778007,2025-05-08,4.4175,4.6793,5,2
778008,2025-05-08,4.7372,3.591,10,0
778029,2025-05-08,4.4639,5.4426,1,11
777984,2025-05-09,4.1213,3.6297,3,6
777986,2025-05-09,4.2799,4.6124,1,4
777988,2025-05-09,4.7193,5.2924,11,14
777989,2025-05-09,4.3371,3.7523,3,0
777990,2025-05-09,4.7318,4.484,2,1
777991,2025-05-09,4.0923,4.3211,6,2
777992,2025-05-09,4.4525,4.522,3,1
777993,2025-05-09,4.6181,5.1321,9,13
777994,2025-05-09,3.8005,5.5996,2,10
777995,2025-05-09,4.1888,4.5634,0,10
777996,2025-05-09,4.5603,3.7966,2,1
777997,2025-05-09,4.3951,4.3984,6,0
777998,2025-05-09,4.087,4.9377,3,2
778001,2025-05-09,4.6197,4.2086,7,2
778002,2025-05-09,4.0043,4.4596,4,3
777970,2025-05-10,4.2167,3.6119,3,6
777972,2025-05-10,3.8407,5.049,11,7
777973,2025-05-10,4.3913,4.5967,5,2
777974,2025-05-10,4.3589,4.3769,2,1
777975,2025-05-10,4.8414,5.4816,3,0
777976,2025-05-10,4.3282,5.2241,0,21
777977,2025-05-10,4.3894,4.3373,1,10
777978,2025-05-10,4.0575,4.0538,1,3
777979,2025-05-10,4.3005,3.8249,9,13
777980,2025-05-10,4.4029,4.3498,2,4
777981,2025-05-10,4.039,4.4548,3,2
777982,2025-05-10,4.4088,4.2449,5,6
777983,2025-05-10,4.139,4.5452,1,7
777985,2025-05-10,3.9288,4.603,2,3
777987,2025-05-10,4.4777,3.782,3,10
777954,2025-05-11,4.2602,5.1433,1,8
777955,2025-05-11,4.4784,5.2112,9,3
777956,2025-05-11,4.2648,4.1952,7,6
777957,2025-05-11,4.193,5.7928,2,12
777958,2025-05-11,4.1852,3.6857,1,9
777961,2025-05-11,4.2923,4.7438,3,7
777962,2025-05-11,4.5654,4.5127,1,6
777963,2025-05-11,4.1397,3.8991,6,0
777964,2025-05-11,4.0015,4.3428,2,4
777965,2025-05-11,4.4926,4.6914,1,3
777966,2025-05-11,4.2977,4.1004,4,2
777967,2025-05-11,3.7283,4.9893,4,3
777968,2025-05-11,4.418,4.236,6,2
777969,2025-05-11,4.3245,3.7595,1,6
777971,2025-05-11,4.0194,4.3201,0,3
777939,2025-05-12,4.5059,4.5184,1,2
777941,2025-05-12,3.9563,4.3397,5,11
777947,2025-05-12,4.8049,3.7254,5,9
777948,2025-05-12,4.1746,3.7404,5,7
777949,2025-05-12,4.4661,3.5658,2,1
777950,2025-05-12,4.6751,3.5858,4,3
777951,2025-05-12,4.3239,4.2067,14,2
777952,2025-05-12,4.5864,3.6566,5,2
777953,2025-05-12,4.9743,3.9862,2,3
777959,2025-05-12,4.3636,3.8253,4,3
777960,2025-05-12,4.2686,4.5305,5,0
777926,2025-05-13,3.958,4.2402,2,1
777930,2025-05-13,4.5436,4.4372,10,6
777931,2025-05-13,4.0884,3.8041,2,1
777932,2025-05-13,4.9294,3.7286,6,4
777934,2025-05-13,4.4853,3.5277,4,1
777935,2025-05-13,3.8653,4.1867,9,11
777936,2025-05-13,4.7596,3.6655,5,4
777937,2025-05-13,4.9642,3.9124,1,11
777940,2025-05-13,4.2191,4.201,10,9
777942,2025-05-13,4.2431,3.8251,5,2
777943,2025-05-13,4.8889,3.5476,2,1
777944,2025-05-13,4.4715,4.6429,2,0
777945,2025-05-13,4.6525,3.8891,1,5
777914,2025-05-14,5.0131,3.8425,5,1
777915,2025-05-14,3.7509,4.4277,2,3
777916,2025-05-14,4.2536,4.9044,7,8
777917,2025-05-14,4.9878,3.9398,9,3
777918,2025-05-14,4.4595,3.4944,8,3
777919,2025-05-14,4.7706,3.5292,0,4
777920,2025-05-14,4.4116,4.0152,4,3
777921,2025-05-14,4.6387,3.6725,1,3
777922,2025-05-14,5.3076,4.0787,2,1
777923,2025-05-14,4.2029,4.2308,3,1
777924,2025-05-14,4.8874,4.7831,3,6
777925,2025-05-14,4.1576,4.3548,5,9
777927,2025-05-14,4.2658,3.9828,6,5
777928,2025-05-14,4.8801,3.9135,2,4
777929,2025-05-14,4.2413,3.7445,4,5
777933,2025-05-14,4.9642,4.0403,7,14
777938,2025-05-14,4.7856,4.754,6,8
777909,2025-05-15,4.2878,3.8227,5,2
777910,2025-05-15,3.7462,3.7335,1,0
777911,2025-05-15,4.7007,4.5454,0,4
777912,2025-05-15,5.041,3.8778,7,1
777913,2025-05-15,4.207,4.2714,3,8
777946,2025-05-15,4.8981,3.8721,19,2
777891,2025-05-16,4.4123,3.9313,9,1
777895,2025-05-16,4.0663,3.7113,3,6
777896,2025-05-16,4.2962,4.4055,1,5
777897,2025-05-16,5.8364,4.2648,8,0
777898,2025-05-16,4.1374,3.8663,0,3
777899,2025-05-16,5.4934,3.9079,2,6
777900,2025-05-16,4.6493,3.5949,13,3
777901,2025-05-16,4.6654,4.2221,3,10
777902,2025-05-16,4.0815,4.5157,5,4
777903,2025-05-16,4.2386,4.6417,9,4
777904,2025-05-16,4.5239,4.7959,6,2
777905,2025-05-16,4.8738,3.8089,8,4
777906,2025-05-16,3.9493,5.2233,4,5
777907,2025-05-16,4.4306,4.3837,3,4
777908,2025-05-16,3.8849,4.7438,2,4
777875,2025-05-17,4.5922,4.3727,1,4
777879,2025-05-17,4.4915,3.9504,1,0
777881,2025-05-17,4.7816,3.5996,7,3
777882,2025-05-17,3.9218,3.7454,5,1
777883,2025-05-17,4.2755,4.1383,0,7
777884,2025-05-17,5.6475,3.8909,9,11
777885,2025-05-17,4.553,4.2,0,1
777886,2025-05-17,3.9861,5.328,2,1
777887,2025-05-17,5.3645,4.0772,12,14
777888,2025-05-17,4.6552,4.8873,2,3
777889,2025-05-17,4.2773,4.6172,0,4
777890,2025-05-17,4.99,4.5969,6,10
777892,2025-05-17,4.1625,4.6176,4,1
777893,2025-05-17,4.2315,4.711,7,6
777894,2025-05-17,4.7512,3.7663,5,2
777864,2025-05-18,4.4805,4.1837,2,1
777865,2025-05-18,4.3421,3.858,5,2
777866,2025-05-18,5.4537,3.9483,4,6
777867,2025-05-18,4.3991,3.9511,3,2
777868,2025-05-18,4.2783,4.4615,1,6
777869,2025-05-18,4.0872,3.7653,3,4
777870,2025-05-18,5.4423,4.0572,1,0
777871,2025-05-18,4.0933,5.4928,2,3
777872,2025-05-18,4.8687,3.6136,6,2
777873,2025-05-18,4.6425,4.4245,4,10
777874,2025-05-18,3.9371,4.2571,3,1
777876,2025-05-18,4.4681,4.7431,4,10
777877,2025-05-18,4.2435,4.4333,5,1
777878,2025-05-18,4.6403,4.8019,8,2
777880,2025-05-18,4.701,3.9405,1,0
777852,2025-05-19,4.4362,5.2418,3,9
777853,2025-05-19,4.6255,4.1694,3,4
777854,2025-05-19,5.1199,5.0418,5,9
777855,2025-05-19,3.7704,3.871,1,3
777856,2025-05-19,4.4904,4.832,3,1
777857,2025-05-19,4.0437,5.1906,1,5
777858,2025-05-19,4.013,3.8981,3,4
777859,2025-05-19,3.9665,4.9875,1,7
777860,2025-05-19,4.3483,4.2217,5,4
777861,2025-05-19,4.4492,4.163,6,5
777862,2025-05-19,4.128,4.2611,11,4
777863,2025-05-19,4.3306,5.6591,8,7
777836,2025-05-20,3.9988,3.9978,3,2
777838,2025-05-20,5.1018,4.7282,4,3
777840,2025-05-20,3.8227,4.2814,4,5
777841,2025-05-20,4.016,4.8174,5,3
777842,2025-05-20,4.3882,5.5064,4,7
777843,2025-05-20,5.0101,4.1487,5,7
777844,2025-05-20,4.2384,4.0423,5,2
777845,2025-05-20,3.9335,5.2279,3,0
777846,2025-05-20,3.9751,5.1775,1,0
777847,2025-05-20,3.996,4.883,1,0
777848,2025-05-20,3.9154,4.1287,3,2
777849,2025-05-20,5.1257,4.1375,5,2
777850,2025-05-20,4.4853,5.9026,1,14
777851,2025-05-20,4.4641,4.8314,2,0
777819,2025-05-21,3.9767,3.8385,4,8
777823,2025-05-21,4.4638,5.3541,5,9
777824,2025-05-21,4.9535,5.1179,3,1
777826,2025-05-21,4.3859,4.1725,4,8
777827,2025-05-21,4.1753,4.2611,1,5
777828,2025-05-21,4.7824,4.311,5,10
777829,2025-05-21,4.2931,4.1243,1,5
777830,2025-05-21,4.0512,5.0362,5,6
777831,2025-05-21,4.3307,4.901,1,5
777832,2025-05-21,3.7979,3.967,8,4
777833,2025-05-21,4.3189,5.8251,1,2
777834,2025-05-21,3.9304,4.9134,3,1
777835,2025-05-21,5.0301,4.1369,4,3
777837,2025-05-21,4.0878,5.2284,14,0
777812,2025-05-22,4.9721,4.3417,5,10
777814,2025-05-22,3.9977,5.0081,5,8
777816,2025-05-22,4.0866,5.4278,7,6
777817,2025-05-22,4.6478,5.1696,0,2
777818,2025-05-22,5.0197,4.0352,1,0
777820,2025-05-22,4.0315,4.903,8,7
777821,2025-05-22,4.2057,3.8389,0,7
777822,2025-05-22,4.6587,4.6058,9,2
777797,2025-05-23,4.5086,4.4619,4,3
777798,2025-05-23,4.2558,4.3896,7,4
777799,2025-05-23,4.2898,4.0858,3,1
777800,2025-05-23,4.6023,4.3579,3,5
777801,2025-05-23,4.2828,4.6207,0,4
777802,2025-05-23,4.3626,6.0294,3,2
777804,2025-05-23,3.8646,4.9357,3,4
777805,2025-05-23,4.232,4.2564,4,1
777806,2025-05-23,3.972,4.7047,6,5
777807,2025-05-23,3.9184,3.9221,1,3
777808,2025-05-23,4.8099,4.6368,5,7
777810,2025-05-23,3.9045,3.8323,3,1
777811,2025-05-23,4.3957,5.0899,6,13
777813,2025-05-23,3.7944,4.3169,1,2
777815,2025-05-23,4.733,4.6276,19,5
777781,2025-05-24,4.2424,4.6233,2,6
777782,2025-05-24,4.3062,5.7365,1,13
777784,2025-05-24,3.9923,5.1093,6,9
777786,2025-05-24,4.789,4.4669,6,5
777787,2025-05-24,4.5234,4.275,2,1
777788,2025-05-24,4.4576,4.2826,5,4
777789,2025-05-24,4.3512,4.4506,5,2
777790,2025-05-24,4.8487,4.8479,1,2
777791,2025-05-24,4.6257,5.1053,6,4
777792,2025-05-24,4.2325,4.4401,10,5
777793,2025-05-24,4.0558,4.5145,3,0
777794,2025-05-24,3.9141,4.6071,2,1
777795,2025-05-24,3.9348,3.9147,3,1
777796,2025-05-24,4.1371,3.8587,5,7
777803,2025-05-24,3.814,4.3481,7,1
777809,2025-05-24,4.8015,4.5544,6,5
777765,2025-05-25,3.9875,4.8555,5,4
777766,2025-05-25,4.874,4.7508,4,3
777767,2025-05-25,4.2005,4.3643,0,3
777768,2025-05-25,4.0304,6.2799,4,5
777772,2025-05-25,4.1165,4.2417,1,2
777773,2025-05-25,4.4733,4.5619,3,1
777774,2025-05-25,4.6273,4.3321,5,3
777775,2025-05-25,3.87,3.8367,13,0
777776,2025-05-25,3.6968,4.6142,5,6
777777,2025-05-25,4.2735,4.3241,4,5
777778,2025-05-25,4.144,4.5233,2,3
777779,2025-05-25,4.2901,5.0511,8,11
777780,2025-05-25,4.2642,3.5309,5,0
777783,2025-05-25,3.8695,4.2804,3,5
777785,2025-05-25,4.7545,4.674,1,5
777756,2025-05-26,4.4924,3.7259,4,3
777757,2025-05-26,5.1796,3.6149,3,1
777758,2025-05-26,4.7698,3.5474,2,1
777759,2025-05-26,3.9917,3.7925,1,2
777760,2025-05-26,4.208,3.9091,4,7
777761,2025-05-26,5.1418,4.2918,5,0
777762,2025-05-26,4.0191,3.8671,7,2
777763,2025-05-26,4.0986,5.7023,1,5
777764,2025-05-26,4.299,4.4576,3,2
777769,2025-05-26,4.2417,4.4603,2,7
777770,2025-05-26,4.2356,4.4439,3,1
777771,2025-05-26,4.6817,4.8938,5,2
777741,2025-05-27,3.9726,3.7899,2,0
777742,2025-05-27,4.3597,3.6519,8,6
777743,2025-05-27,4.3704,3.7715,9,1
777744,2025-05-27,5.1537,4.189,6,9
777745,2025-05-27,3.848,4.9614,2,3
777746,2025-05-27,4.0375,3.8767,2,4
777747,2025-05-27,4.3689,4.7209,5,1
777748,2025-05-27,4.3698,4.2728,2,0
777749,2025-05-27,4.8862,3.5855,6,4
777750,2025-05-27,4.1956,3.9299,2,7
777751,2025-05-27,4.948,3.6073,4,3
777752,2025-05-27,5.063,3.8507,11,1
777753,2025-05-27,4.3473,4.7267,5,9
777754,2025-05-27,4.6819,4.4281,4,7
777755,2025-05-27,4.2216,4.2788,3,1
777724,2025-05-28,3.9002,3.7241,0,2
777726,2025-05-28,4.548,3.6875,8,10
777728,2025-05-28,3.9604,5.4982,0,1
777729,2025-05-28,4.4974,4.2695,1,10
777730,2025-05-28,4.5186,3.6833,0,9
777731,2025-05-28,4.9861,3.5509,2,1
777732,2025-05-28,4.0084,3.8142,5,0
777733,2025-05-28,4.0262,3.8756,3,2
777734,2025-05-28,5.129,3.8281,5,3
777736,2025-05-28,4.4257,4.5637,6,5
777737,2025-05-28,4.8445,3.6026,4,9
777738,2025-05-28,4.468,4.3287,4,3
777739,2025-05-28,4.544,4.6222,7,4
777740,2025-05-28,4.6899,4.8726,4,6
777722,2025-05-29,4.0963,3.771,3,9
777723,2025-05-29,4.1135,4.2033,3,9
777725,2025-05-29,4.263,3.661,3,13
777727,2025-05-29,4.2712,4.5379,12,0
777735,2025-05-29,4.3593,4.1492,5,4
777707,2025-05-30,4.2762,3.7145,3,2
777708,2025-05-30,4.4965,4.6848,8,5
777709,2025-05-30,4.2193,4.0922,11,1
777710,2025-05-30,5.2636,4.6834,7,9
777711,2025-05-30,4.2193,4.3599,5,7
777712,2025-05-30,3.8505,3.7116,2,6
777713,2025-05-30,3.8147,3.7327,6,12
777714,2025-05-30,4.247,3.4321,2,1
777715,2025-05-30,4.5514,4.3597,2,6
777716,2025-05-30,4.4538,4.3642,11,7
777717,2025-05-30,4.0362,4.7154,0,2
777718,2025-05-30,4.994,3.5496,4,2
777719,2025-05-30,4.1702,4.2149,1,5
777720,2025-05-30,4.9212,4.2698,2,1
777721,2025-05-30,4.8771,4.0216,1,4
777691,2025-05-31,4.4401,3.719,0,5
777693,2025-05-31,4.1764,3.4918,3,16
777694,2025-05-31,3.7911,4.3449,1,0
777695,2025-05-31,4.1342,3.7542,5,4
777696,2025-05-31,5.1757,4.7382,7,11
777697,2025-05-31,4.221,4.208,0,2
777698,2025-05-31,4.2559,4.7175,18,2
777699,2025-05-31,4.9191,4.2061,4,2
777700,2025-05-31,4.9416,3.5528,8,2
777701,2025-05-31,4.5189,4.345,8,7
777702,2025-05-31,4.6222,4.3124,7,17
777703,2025-05-31,4.9986,4.0164,7,5
777704,2025-05-31,3.993,3.6974,2,0
777705,2025-05-31,4.0518,4.6893,1,0
777706,2025-05-31,4.2147,4.1766,5,0
777677,2025-06-01,4.2028,4.2859,0,1
777678,2025-06-01,4.2253,4.136,8,1
777679,2025-06-01,5.389,4.7516,3,1
777680,2025-06-01,4.0982,3.6762,2,1
777681,2025-06-01,4.6136,3.731,6,4
777682,2025-06-01,4.735,4.752,3,7
777683,2025-06-01,4.823,4.0331,4,2
777684,2025-06-01,4.7691,4.108,3,2
777685,2025-06-01,4.5124,4.254,8,4
777686,2025-06-01,5.0524,3.5877,5,3
777687,2025-06-01,3.8792,3.7133,7,3
777688,2025-06-01,4.5786,4.4174,2,5
777689,2025-06-01,4.0366,4.9382,2,4
777690,2025-06-01,4.2839,3.6414,1,0
777692,2025-06-01,4.1286,4.2782,1,3
777669,2025-06-02,4.0965,5.1538,4,10
777670,2025-06-02,5.2157,4.4482,6,7
777671,2025-06-02,4.1658,4.7678,2,3
777673,2025-06-02,4.677,4.4166,4,6
777674,2025-06-02,3.7871,4.8287,1,13
777675,2025-06-02,5.0684,4.6759,3,4
777676,2025-06-02,4.0446,4.154,0,1
777655,2025-06-03,4.1491,4.0215,1,5
777656,2025-06-03,4.0325,4.2328,2,3
777657,2025-06-03,4.483,4.5566,6,5
777658,2025-06-03,4.0633,5.0465,3,10
777659,2025-06-03,4.3965,5.1288,3,8
777660,2025-06-03,4.0341,3.9946,7,10
777661,2025-06-03,3.838,4.8208,8,1
777662,2025-06-03,4.4583,3.7441,5,1
777663,2025-06-03,3.8952,4.5762,0,3
777664,2025-06-03,4.5977,3.9669,3,2
777665,2025-06-03,4.1607,4.9088,3,8
777666,2025-06-03,4.637,4.4394,2,3
777667,2025-06-03,5.01,4.6047,3,4
777668,2025-06-03,4.2163,4.8608,4,2
777672,2025-06-03,4.2988,4.4789,3,8
777638,2025-06-04,4.6875,4.5592,1,6
777639,2025-06-04,3.8643,4.9371,4,5
777641,2025-06-04,3.8202,4.2071,6,5
777643,2025-06-04,3.8723,5.2262,1,6
777645,2025-06-04,3.9615,4.1784,2,3
777646,2025-06-04,4.5149,3.7457,5,4
777647,2025-06-04,4.0812,4.6296,1,9
777648,2025-06-04,3.9451,4.5997,3,0
777649,2025-06-04,5.0863,4.5007,11,9
777650,2025-06-04,4.2622,5.1889,2,0
777651,2025-06-04,3.9613,4.5868,2,1
777652,2025-06-04,4.618,4.5077,2,3
777653,2025-06-04,4.5055,3.8907,0,4
777654,2025-06-04,4.411,4.378,1,2
777628,2025-06-05,4.071,4.1675,3,4
777629,2025-06-05,4.4991,3.7012,4,3
777630,2025-06-05,3.9835,4.4309,2,8
777631,2025-06-05,4.6288,4.5059,6,5
777632,2025-06-05,4.2974,5.0429,1,7
777633,2025-06-05,3.7955,4.1082,3,2
777634,2025-06-05,3.8632,4.7437,3,2
777635,2025-06-05,3.7592,3.865,5,7
777636,2025-06-05,4.066,5.1092,14,3
777637,2025-06-05,4.1399,4.4275,9,1
777640,2025-06-05,4.4044,4.5668,10,11
777642,2025-06-05,4.0383,3.9997,6,5
777644,2025-06-05,4.4339,3.9301,4,0
777613,2025-06-06,4.2986,5.1814,5,4
777614,2025-06-06,4.1153,4.4668,5,4
777615,2025-06-06,4.071,4.1264,4,6
777616,2025-06-06,4.2943,5.2483,2,4
777617,2025-06-06,4.0466,4.1139,0,2
777618,2025-06-06,3.7864,4.4647,7,2
777619,2025-06-06,3.849,4.1535,5,4
777620,2025-06-06,4.392,4.7496,5,0
777621,2025-06-06,4.1821,4.5329,5,4
777622,2025-06-06,4.2282,3.8216,2,4
777623,2025-06-06,4.4955,5.021,4,3
777624,2025-06-06,4.298,4.1002,2,0
777625,2025-06-06,4.1616,3.6953,4,3
777626,2025-06-06,4.2753,4.0039,3,1
777627,2025-06-06,4.7116,4.2239,9,6
777597,2025-06-07,4.109,4.2211,4,3
777598,2025-06-07,3.9284,4.167,3,2
777599,2025-06-07,4.1913,5.176,4,7
777600,2025-06-07,4.4222,4.087,4,5
777601,2025-06-07,4.319,4.5983,2,1
777603,2025-06-07,4.1364,4.8646,8,6
777604,2025-06-07,4.3964,5.2106,1,8
777605,2025-06-07,4.6511,4.2984,7,10
777606,2025-06-07,3.8053,4.2616,4,1
777607,2025-06-07,4.0305,4.5028,2,1
777608,2025-06-07,4.202,3.8121,3,5
777609,2025-06-07,4.4607,4.1266,1,6
777610,2025-06-07,4.3311,4.2853,0,5
777611,2025-06-07,4.1225,3.671,10,11
777612,2025-06-07,4.5588,5.0463,13,1
777582,2025-06-08,4.7183,4.8821,3,7
777583,2025-06-08,4.229,5.1278,5,13
777585,2025-06-08,4.2785,4.0035,6,3
777586,2025-06-08,4.1323,4.1441,0,1
777587,2025-06-08,3.7965,4.1146,4,3
777588,2025-06-08,4.2612,4.7078,5,1
777589,2025-06-08,4.1192,4.9236,2,3
777590,2025-06-08,3.8085,4.4728,5,7
777591,2025-06-08,4.2501,3.9581,4,2
777592,2025-06-08,4.1284,3.6356,3,2
777593,2025-06-08,4.8445,4.2251,7,11
777594,2025-06-08,4.4952,4.1673,4,0
777595,2025-06-08,4.0672,4.3375,2,1
777596,2025-06-08,4.1681,4.2365,2,4
777602,2025-06-08,4.608,4.98,4,2
777574,2025-06-09,4.2736,4.1313,10,3
777575,2025-06-09,3.8152,4.1387,1,7
777576,2025-06-09,4.3788,4.4286,7,4
777577,2025-06-09,4.8958,4.7816,8,4
777578,2025-06-09,5.0483,4.8464,4,3
777579,2025-06-09,4.1106,4.6311,7,8
777580,2025-06-09,4.5268,3.7397,4,7
777581,2025-06-09,4.2838,4.0178,4,5
777584,2025-06-09,4.3654,4.6112,8,10
777557,2025-06-10,5.101,4.0105,4,16
777558,2025-06-10,4.2309,3.8639,9,10
777559,2025-06-10,5.1473,4.6429,10,3
777560,2025-06-10,4.2598,4.4826,11,1
777563,2025-06-10,4.4086,5.0253,5,6
777564,2025-06-10,4.3614,4.5684,2,1
777565,2025-06-10,4.3406,4.7953,3,1
777566,2025-06-10,4.3225,3.9895,2,3
777567,2025-06-10,4.9928,3.6649,2,4
777568,2025-06-10,3.9446,4.2167,4,1
777569,2025-06-10,3.867,3.8183,0,1
777570,2025-06-10,4.6067,3.7435,5,4
777571,2025-06-10,4.8525,4.8286,4,8
777572,2025-06-10,3.9928,4.6584,2,10
777573,2025-06-10,4.1478,5.262,3,5
777542,2025-06-11,4.2336,4.5819,6,5
777543,2025-06-11,4.0422,4.4489,2,5
777545,2025-06-11,4.3032,3.9918,2,5
777547,2025-06-11,4.3177,4.6041,7,10
777548,2025-06-11,4.9733,4.9642,5,2
777549,2025-06-11,4.168,4.0148,11,2
777550,2025-06-11,5.0244,3.6457,10,2
777551,2025-06-11,4.075,4.6548,3,6
777552,2025-06-11,4.3215,3.9981,5,2
777553,2025-06-11,4.7638,4.9032,7,2
777554,2025-06-11,3.9322,4.0986,2,6
777555,2025-06-11,4.8226,3.5766,5,0
777556,2025-06-11,4.9033,4.0581,6,2
777561,2025-06-11,4.4935,4.6495,4,3
777562,2025-06-11,4.1801,5.0938,10,1
777532,2025-06-12,4.662,4.0618,6,0
777533,2025-06-12,4.995,4.0122,3,16
777534,2025-06-12,4.2916,4.6138,8,7
777536,2025-06-12,3.8292,4.7964,0,1
777540,2025-06-12,3.849,4.8329,1,4
777541,2025-06-12,4.2287,3.6721,3,2
777544,2025-06-12,4.8421,3.7045,4,3
777546,2025-06-12,5.0013,3.6236,4,3
777520,2025-06-13,3.8472,3.8407,7,2
777521,2025-06-13,4.7645,4.9853,5,1
777522,2025-06-13,4.5855,4.4109,2,6
777524,2025-06-13,4.4566,3.541,3,1
777525,2025-06-13,4.4262,3.9218,3,2
777526,2025-06-13,3.9497,3.6646,1,2
777527,2025-06-13,4.7041,3.8803,10,3
777528,2025-06-13,4.1565,3.6907,5,7
777529,2025-06-13,4.6907,3.9696,4,6
777530,2025-06-13,4.2931,4.175,9,11
777531,2025-06-13,4.6409,3.9773,8,0
777535,2025-06-13,4.3705,3.5392,12,4
777537,2025-06-13,4.7004,5.1821,2,1
777538,2025-06-13,4.055,3.8015,11,5
777539,2025-06-13,4.9594,4.3938,2,0
777506,2025-06-14,4.7106,4.5009,11,5
777507,2025-06-14,3.8907,3.7783,4,3
777508,2025-06-14,4.4303,3.5114,5,4
777509,2025-06-14,4.593,3.9579,3,2
777510,2025-06-14,4.444,3.7958,3,2
777511,2025-06-14,4.33,4.0217,0,4
777512,2025-06-14,4.5503,3.9407,5,8
777513,2025-06-14,4.144,3.6094,2,1
777514,2025-06-14,4.2832,4.1363,3,4
777515,2025-06-14,4.7276,5.4759,8,7
777516,2025-06-14,4.3761,5.3692,4,3
777517,2025-06-14,4.2548,3.7082,1,11
777518,2025-06-14,4.2326,3.7267,4,8
777519,2025-06-14,5.12,4.3775,6,5
777523,2025-06-14,4.3411,3.5695,4,1
777491,2025-06-15,4.4378,4.9763,2,8
777492,2025-06-15,4.6731,3.9087,3,2
777493,2025-06-15,4.4758,3.6301,2,1
777494,2025-06-15,4.5629,3.7258,2,1
777495,2025-06-15,3.7858,3.7821,6,0
777496,2025-06-15,4.5943,3.9999,2,3
777497,2025-06-15,4.1684,3.6267,3,2
777498,2025-06-15,4.7296,4.4751,5,4
777499,2025-06-15,4.8682,4.0587,11,4
777500,2025-06-15,4.4159,5.2777,2,0
777501,2025-06-15,5.0302,4.595,11,2
777502,2025-06-15,4.3225,3.7435,0,9
777503,2025-06-15,4.1548,4.0709,1,3
777504,2025-06-15,4.3921,3.5351,1,10
777505,2025-06-15,4.1942,3.8522,4,8
777483,2025-06-16,4.216,4.9289,2,5
777484,2025-06-16,4.0782,4.2226,7,1
777485,2025-06-16,3.79,4.899,3,1
777486,2025-06-16,4.1735,4.0555,0,2
777487,2025-06-16,5.0336,4.2677,0,1
777488,2025-06-16,4.5631,4.0498,4,6
777490,2025-06-16,4.5382,4.8254,6,3
777467,2025-06-17,4.1772,4.2419,2,12
777468,2025-06-17,4.1812,3.9231,1,6
777469,2025-06-17,3.9717,5.3548,3,13
777471,2025-06-17,4.7052,4.4413,8,6
777472,2025-06-17,3.8774,3.6844,2,3
777473,2025-06-17,4.1515,4.0981,8,0
777475,2025-06-17,4.1138,3.6385,7,3
777476,2025-06-17,5.2732,4.2068,0,4
777477,2025-06-17,4.0635,4.2876,1,5
777478,2025-06-17,4.241,4.3464,6,5
777479,2025-06-17,4.7589,4.795,5,4
777480,2025-06-17,4.539,3.9757,6,10
777481,2025-06-17,4.0695,4.907,8,3
777482,2025-06-17,4.0138,4.0861,5,3
777489,2025-06-17,4.2808,4.3541,5,4
777453,2025-06-18,4.0024,4.0471,1,3
777454,2025-06-18,4.0062,3.7269,2,4
777456,2025-06-18,3.805,4.9137,4,11
777457,2025-06-18,4.9363,4.8879,4,3
777460,2025-06-18,3.9215,3.9154,3,6
777461,2025-06-18,4.5497,4.1384,1,3
777462,2025-06-18,4.4348,4.951,8,1
777463,2025-06-18,4.0526,4.4238,12,8
777465,2025-06-18,4.2428,5.1801,2,4
777466,2025-06-18,5.0163,4.3426,2,3
777470,2025-06-18,4.2261,4.6214,5,0
777474,2025-06-18,4.1954,4.2426,4,2
777440,2025-06-19,3.8619,3.7592,2,1
777441,2025-06-19,3.7671,4.9688,6,4
777442,2025-06-19,4.617,4.406,3,5
777443,2025-06-19,4.0273,3.9946,1,4
777444,2025-06-19,4.0626,5.0788,1,2
777445,2025-06-19,4.537,4.14,4,3
777446,2025-06-19,3.9632,4.1938,1,4
777447,2025-06-19,4.2013,4.4727,4,5
777448,2025-06-19,4.6624,4.8094,5,9
777449,2025-06-19,5.1876,4.2956,7,3
777450,2025-06-19,3.8647,4.1678,7,8
777451,2025-06-19,4.1783,3.6318,9,2
777452,2025-06-19,4.4868,4.4921,5,12
777455,2025-06-19,4.1668,4.6145,7,1
777458,2025-06-19,4.1896,4.2516,6,8
777464,2025-06-19,3.8898,3.7813,4,8
777425,2025-06-20,4.326,4.1948,5,7
777426,2025-06-20,4.1034,4.1107,5,6
777427,2025-06-20,4.995,4.0427,6,5
777428,2025-06-20,3.8365,4.8451,2,3
777429,2025-06-20,3.766,4.9121,5,1
777430,2025-06-20,4.8653,5.5581,8,14
777431,2025-06-20,3.8466,3.9846,14,8
777432,2025-06-20,4.2546,4.1833,2,6
777433,2025-06-20,4.1759,4.426,6,1
777434,2025-06-20,4.2293,4.8538,6,17
777435,2025-06-20,4.5735,4.2167,1,7
777436,2025-06-20,4.2641,4.3168,4,9
777437,2025-06-20,4.7669,4.5276,10,2
777438,2025-06-20,4.8855,4.5689,3,5
777439,2025-06-20,3.9925,5.4663,6,2
777410,2025-06-21,4.9609,5.7218,3,5
777411,2025-06-21,3.9831,4.627,2,4
777412,2025-06-21,4.5689,5.0536,0,9
777413,2025-06-21,4.0518,4.143,5,1
777414,2025-06-21,3.8767,4.8978,9,1
777415,2025-06-21,4.0859,4.3821,6,5
777416,2025-06-21,4.9826,4.0237,3,7
777417,2025-06-21,4.3646,4.2218,3,2
777418,2025-06-21,4.8309,4.0825,7,1
777419,2025-06-21,4.4048,4.2933,10,7
777420,2025-06-21,3.9182,3.9698,8,3
777421,2025-06-21,4.3465,4.2032,2,3
777422,2025-06-21,4.8055,4.4361,9,0
777423,2025-06-21,4.5419,4.5068,4,11
777424,2025-06-21,3.9326,5.4349,0,7
777395,2025-06-22,4.3182,4.146,9,5
777396,2025-06-22,4.1826,4.1892,3,2
777397,2025-06-22,3.9015,4.8638,7,8
777398,2025-06-22,5.4676,4.1509,13,7
777399,2025-06-22,5.0791,5.444,4,2
777400,2025-06-22,3.9537,4.7409,0,3
777401,2025-06-22,4.4627,4.9329,8,9
777402,2025-06-22,3.9955,5.4546,5,3
777403,2025-06-22,4.2199,4.2442,6,14
777404,2025-06-22,4.3822,4.1889,8,3
777405,2025-06-22,4.7085,4.6106,7,1
777406,2025-06-22,4.8496,4.4967,4,2
777407,2025-06-22,3.9273,4.4552,1,4
777408,2025-06-22,4.886,4.163,2,4
777409,2025-06-22,4.0453,3.9401,3,9
777381,2025-06-23,4.1878,5.0687,9,5
777382,2025-06-23,4.6666,3.9767,6,10
777388,2025-06-23,4.5404,4.6929,2,11
777389,2025-06-23,4.1266,4.1077,2,3
777390,2025-06-23,4.2872,5.0224,6,1
777391,2025-06-23,4.1792,3.6939,4,5
777392,2025-06-23,4.3451,4.6086,8,2
777393,2025-06-23,4.3485,4.7205,0,10
777394,2025-06-23,4.6293,4.2919,6,0
777364,2025-06-24,4.5158,3.7229,2,4
777372,2025-06-24,4.5532,3.9793,4,3
777373,2025-06-24,4.6801,4.5505,8,7
777374,2025-06-24,4.3434,3.673,9,3
777375,2025-06-24,4.6327,4.742,5,6
777376,2025-06-24,4.0327,5.2589,3,2
777377,2025-06-24,4.5083,4.0841,1,0
777378,2025-06-24,4.2764,4.099,1,5
777379,2025-06-24,4.4821,6.0723,7,9
777380,2025-06-24,4.4546,4.2781,5,6
777383,2025-06-24,4.3452,4.6855,1,4
777384,2025-06-24,4.6915,3.948,6,10
777385,2025-06-24,3.9801,4.9088,5,4
777386,2025-06-24,4.5183,3.9687,11,4
777387,2025-06-24,4.1326,4.0554,4,7
777355,2025-06-25,4.335,3.6933,5,8
777357,2025-06-25,4.6254,4.5568,0,8
777358,2025-06-25,4.5558,6.0169,1,8
777359,2025-06-25,4.2316,4.0853,0,3
777360,2025-06-25,4.4745,4.0184,1,0
777361,2025-06-25,4.0117,3.6928,4,2
777362,2025-06-25,4.175,5.0221,5,2
777363,2025-06-25,4.4824,4.566,2,0
777365,2025-06-25,4.5358,4.4268,0,7
777366,2025-06-25,4.139,4.1881,2,0
777367,2025-06-25,4.0229,4.8671,1,7
777368,2025-06-25,4.5998,3.8606,5,4
777369,2025-06-25,4.3591,4.0224,7,3
777370,2025-06-25,4.4037,4.6558,7,3
777371,2025-06-25,4.1992,3.8958,0,3
777344,2025-06-26,4.7506,5.9264,1,3
777347,2025-06-26,4.4485,3.6976,5,12
777348,2025-06-26,4.7546,4.5616,0,3
777350,2025-06-26,4.2409,4.0815,2,1
777351,2025-06-26,4.7163,4.0322,8,0
777352,2025-06-26,4.1325,4.0112,4,0
777353,2025-06-26,4.19,4.1101,0,4
777354,2025-06-26,4.4884,3.849,0,6
777356,2025-06-26,4.637,4.7044,10,1
777331,2025-06-27,4.4693,4.4454,9,15
777332,2025-06-27,4.8226,4.3571,8,9
777334,2025-06-27,4.2858,3.9952,1,4
777335,2025-06-27,4.2469,4.7548,4,5
777336,2025-06-27,4.7396,4.2005,7,4
777337,2025-06-27,5.1013,3.9729,3,0
777338,2025-06-27,4.0471,4.4481,1,3
777339,2025-06-27,4.8577,3.5955,10,6
777340,2025-06-27,3.8055,4.1604,6,7
777341,2025-06-27,4.351,4.6338,9,1
777342,2025-06-27,3.9195,3.9901,0,13
777343,2025-06-27,4.1128,4.4301,22,8
777345,2025-06-27,4.6363,4.6674,0,9
777346,2025-06-27,3.976,4.9772,8,1
777349,2025-06-27,4.2149,3.9427,0,5
777315,2025-06-28,4.2417,4.6092,8,2
777318,2025-06-28,5.2072,4.4457,7,8
777319,2025-06-28,4.0643,4.5976,9,5
777320,2025-06-28,4.8102,4.1636,3,12
777321,2025-06-28,4.7649,3.6074,5,0
777322,2025-06-28,4.159,4.2493,3,2
777323,2025-06-28,4.4779,4.555,15,1
777324,2025-06-28,4.3139,3.8477,10,5
777325,2025-06-28,4.5024,4.5995,9,2
777326,2025-06-28,4.8717,3.9133,0,7
777327,2025-06-28,3.7869,4.3731,1,0
777328,2025-06-28,4.1326,4.5733,4,6
777329,2025-06-28,4.5281,4.1048,6,9
777330,2025-06-28,4.1542,4.517,3,11
777333,2025-06-28,3.8675,4.0945,6,1
777301,2025-06-29,4.7674,3.5784,3,4
777302,2025-06-29,4.0967,4.3075,4,6
777303,2025-06-29,5.1301,4.5089,4,6
777304,2025-06-29,4.4227,4.79,1,5
777305,2025-06-29,4.5336,4.7352,4,7
777307,2025-06-29,5.1212,4.0207,12,5
777308,2025-06-29,4.694,4.208,2,0
777309,2025-06-29,4.48,4.2567,0,7
777310,2025-06-29,4.4758,4.6124,3,5
777311,2025-06-29,4.0592,4.4967,5,2
777312,2025-06-29,4.1536,4.8028,3,2
777313,2025-06-29,4.1739,4.601,12,1
777314,2025-06-29,4.351,3.7998,3,0
777316,2025-06-29,4.086,3.961,1,2
777317,2025-06-29,4.124,4.3272,5,1
777291,2025-06-30,4.4101,4.5828,4,2
777292,2025-06-30,4.0745,4.1706,6,10
777295,2025-06-30,4.1209,4.8334,5,4
777296,2025-06-30,4.3346,3.9296,4,6
777297,2025-06-30,3.8684,3.7804,6,2
777299,2025-06-30,4.3163,4.3416,7,0
777300,2025-06-30,4.0389,4.6978,13,6
777306,2025-06-30,4.7792,4.433,4,0
777278,2025-07-01,4.5823,4.6532,8,2
777280,2025-07-01,5.153,3.8966,6,1
777281,2025-07-01,3.8171,3.7782,3,6
777282,2025-07-01,4.1184,4.19,10,2
777283,2025-07-01,4.0253,4.7664,12,5
777285,2025-07-01,4.479,4.9983,5,6
777286,2025-07-01,4.3661,3.9435,3,4
777287,2025-07-01,3.8189,3.6182,5,2
777288,2025-07-01,4.2342,4.0899,1,0
777293,2025-07-01,4.0567,5.4223,2,0
777294,2025-07-01,4.4231,5.1931,5,3
777298,2025-07-01,4.3754,3.9257,0,4
777262,2025-07-02,3.8594,3.7901,3,2
777265,2025-07-02,4.1075,4.7581,9,4
777266,2025-07-02,3.9867,3.5899,5,4
777267,2025-07-02,5.0965,3.8686,5,4
777268,2025-07-02,4.0846,4.2121,6,0
777269,2025-07-02,4.3306,5.3307,3,5
777270,2025-07-02,4.8743,4.3894,5,6
777271,2025-07-02,4.4361,3.9259,6,5
777272,2025-07-02,4.1397,4.2678,5,0
777273,2025-07-02,4.4261,4.4106,4,6
777274,2025-07-02,3.8977,4.7759,11,9
777275,2025-07-02,4.1658,5.4115,1,2
777276,2025-07-02,4.1548,4.5141,7,3
777277,2025-07-02,4.4432,5.0835,4,8
777279,2025-07-02,4.3255,4.0344,8,3
777284,2025-07-02,4.097,4.8909,2,11
777289,2025-07-02,4.1572,4.5355,2,7
777290,2025-07-02,4.1571,4.2046,5,1
777251,2025-07-03,3.8649,3.8442,2,3
777253,2025-07-03,5.4548,3.8946,6,2
777256,2025-07-03,4.3945,4.4261,2,7
777257,2025-07-03,4.2344,4.5367,3,2
777258,2025-07-03,4.1017,4.9277,11,7
777259,2025-07-03,3.7066,3.6855,1,0
777260,2025-07-03,4.2076,4.903,8,5
777261,2025-07-03,4.3874,4.0688,1,5
777263,2025-07-03,4.0442,5.1928,4,1
777264,2025-07-03,4.412,5.2138,7,6
777235,2025-07-04,4.754,4.0017,1,18
777236,2025-07-04,4.0631,3.5987,6,0
777239,2025-07-04,4.6826,4.0307,3,2
777242,2025-07-04,4.8996,4.3301,4,3
777243,2025-07-04,5.1443,4.497,2,3
777244,2025-07-04,4.1519,4.6131,11,2
777245,2025-07-04,4.2484,4.7142,2,11
777246,2025-07-04,4.5036,3.8509,11,3
777247,2025-07-04,4.5,4.7897,4,3
777248,2025-07-04,4.2861,4.4705,3,9
777249,2025-07-04,3.9662,4.3006,1,2
777250,2025-07-04,4.3913,4.4494,6,5
777252,2025-07-04,4.1074,4.2214,2,3
777254,2025-07-04,4.0054,5.5222,5,6
777255,2025-07-04,4.4537,4.0606,6,9
777221,2025-07-05,4.9783,4.0982,4,6
777223,2025-07-05,4.5584,4.022,4,7
777225,2025-07-05,3.9281,3.6457,1,0
777227,2025-07-05,3.9864,4.5535,2,7
777228,2025-07-05,4.3465,4.9655,3,10
777229,2025-07-05,4.5705,3.8857,6,8
777230,2025-07-05,4.4806,4.5476,6,5
777231,2025-07-05,4.7018,4.445,4,3
777232,2025-07-05,5.1153,4.6155,3,10
777233,2025-07-05,4.5378,4.1368,5,1
777234,2025-07-05,4.5133,4.4112,7,1
777237,2025-07-05,4.2147,4.3603,6,9
777238,2025-07-05,3.8989,5.4898,4,2
777240,2025-07-05,4.2489,4.4294,0,1
777241,2025-07-05,4.2229,4.3721,12,6
777205,2025-07-06,3.9138,3.6052,1,0
777206,2025-07-06,4.5894,3.9852,1,5
777207,2025-07-06,4.5833,3.9178,4,1
777210,2025-07-06,3.9105,4.6535,2,6
777213,2025-07-06,4.1125,5.0771,4,6
777214,2025-07-06,4.8254,4.2897,3,2
777215,2025-07-06,5.0392,4.5751,6,4
777216,2025-07-06,4.3038,4.4452,4,6
777217,2025-07-06,4.2591,3.8295,3,1
777218,2025-07-06,4.5595,4.5155,0,4
777219,2025-07-06,4.5347,3.901,11,0
777220,2025-07-06,4.3001,4.4084,5,7
777222,2025-07-06,4.1895,4.2095,1,2
777224,2025-07-06,3.9906,5.4037,1,3
777226,2025-07-06,4.019,4.3092,2,7
777199,2025-07-07,3.8355,4.1517,3,1
777200,2025-07-07,4.2634,4.4458,6,5
777201,2025-07-07,4.1457,4.3576,9,1
777202,2025-07-07,4.3107,3.7806,5,7
777203,2025-07-07,4.7306,4.5888,3,6
777204,2025-07-07,4.0802,3.7146,9,3
777208,2025-07-07,4.61,4.203,1,5
777209,2025-07-07,5.5365,4.3104,9,3
777211,2025-07-07,4.1013,4.076,5,1
777212,2025-07-07,3.9837,4.2832,4,8
777180,2025-07-08,4.2541,4.5079,1,13
777185,2025-07-08,4.476,4.4671,1,0
777186,2025-07-08,4.1418,4.1982,4,3
777187,2025-07-08,4.4349,4.4708,10,3
777188,2025-07-08,3.6618,4.2222,1,6
777189,2025-07-08,4.0216,4.8879,10,1
777190,2025-07-08,4.6479,5.158,8,1
777191,2025-07-08,4.9836,4.2491,4,2
777192,2025-07-08,4.0764,3.6638,6,10
777193,2025-07-08,4.4038,4.3399,3,1
777194,2025-07-08,4.1161,3.6371,4,3
777195,2025-07-08,4.1407,4.0931,4,2
777196,2025-07-08,5.0539,4.054,10,2
777197,2025-07-08,4.6228,4.301,2,12
777198,2025-07-08,4.7604,4.7218,6,7
777162,2025-07-09,4.7029,4.484,2,8
777163,2025-07-09,3.828,4.2398,0,13
777171,2025-07-09,4.5573,4.6132,11,8
777172,2025-07-09,4.0097,4.3811,2,1
777173,2025-07-09,4.7124,5.2678,4,2
777174,2025-07-09,4.2654,3.7372,2,4
777175,2025-07-09,4.0404,4.634,3,2
777176,2025-07-09,4.1091,4.9534,2,9
777177,2025-07-09,4.1314,3.635,4,3
777178,2025-07-09,4.5693,4.304,2,8
777179,2025-07-09,5.2293,4.2134,10,2
777182,2025-07-09,4.4314,3.8701,3,7
777183,2025-07-09,4.5274,4.1684,7,2
777184,2025-07-09,5.3951,4.9606,9,6
777156,2025-07-10,3.7427,4.9188,5,4
777158,2025-07-10,4.5554,4.5588,4,3
777159,2025-07-10,4.5142,4.6705,4,11
777165,2025-07-10,4.6657,4.5389,3,1
777166,2025-07-10,5.0264,5.1806,1,8
777167,2025-07-10,4.9153,4.4107,8,1
777168,2025-07-10,4.6588,4.1672,6,0
777169,2025-07-10,5.1035,5.0027,6,5
777170,2025-07-10,4.532,4.4996,4,3
777181,2025-07-10,4.7806,4.8511,7,3
777139,2025-07-11,4.022,4.2668,4,2
777143,2025-07-11,4.2056,4.5934,8,7
777146,2025-07-11,3.7605,4.2442,5,4
777147,2025-07-11,3.9738,4.222,5,6
777148,2025-07-11,4.2132,4.1661,2,1
777149,2025-07-11,4.9871,3.9325,8,3
777150,2025-07-11,4.5634,4.9361,6,5
777151,2025-07-11,4.3338,4.3121,3,8
777152,2025-07-11,4.0969,4.7322,6,7
777153,2025-07-11,4.6706,4.6515,11,0
777154,2025-07-11,4.8435,3.9006,3,7
777155,2025-07-11,4.4988,4.3434,5,4
777157,2025-07-11,4.5706,4.2866,5,2
777160,2025-07-11,5.1584,4.0466,2,3
777161,2025-07-11,4.5649,4.2335,3,12
777164,2025-07-11,3.9363,4.2858,2,4
777126,2025-07-12,3.9067,4.2546,5,4
777127,2025-07-12,4.1293,4.5264,1,2
777131,2025-07-12,4.2698,4.7806,10,5
777132,2025-07-12,4.0518,4.7964,4,3
777133,2025-07-12,4.1335,4.3266,6,7
777134,2025-07-12,4.3424,4.3426,12,4
777135,2025-07-12,4.9088,3.892,6,5
777136,2025-07-12,4.685,4.4917,1,3
777137,2025-07-12,4.7799,3.8688,5,4
777138,2025-07-12,3.8562,4.2809,2,6
777140,2025-07-12,5.085,3.9018,4,3
777141,2025-07-12,4.6846,4.3544,0,6
777142,2025-07-12,4.7525,4.5773,2,5
777144,2025-07-12,4.1118,4.094,1,0
777145,2025-07-12,4.3669,4.3952,7,15
777113,2025-07-13,4.5264,4.2489,1,2
777115,2025-07-13,4.3146,5.0413,1,5
777116,2025-07-13,4.1658,4.769,6,3
777117,2025-07-13,3.979,4.2319,1,2
777118,2025-07-13,4.0351,4.1673,5,4
777119,2025-07-13,4.077,4.4759,2,5
777120,2025-07-13,3.6821,4.216,5,6
777121,2025-07-13,4.1973,4.5358,4,8
777122,2025-07-13,4.8968,4.6994,1,4
777123,2025-07-13,4.8584,3.75,8,1
777124,2025-07-13,4.5959,4.4867,3,2
777125,2025-07-13,4.8599,3.8419,1,5
777128,2025-07-13,5.0157,4.0014,4,2
777129,2025-07-13,4.6307,4.3418,1,11
777130,2025-07-13,4.2978,4.3678,4,1
777098,2025-07-18,3.9703,3.9223,2,0
777099,2025-07-18,3.9498,3.7993,6,1
777100,2025-07-18,5.046,4.971,7,3
777101,2025-07-18,4.8664,4.3472,4,1
777102,2025-07-18,4.6794,5.774,6,4
777103,2025-07-18,4.5979,4.9244,0,2
777105,2025-07-18,4.4788,3.863,8,6
777106,2025-07-18,4.7858,3.9308,5,6
777107,2025-07-18,4.6363,3.6456,1,10
777108,2025-07-18,4.5094,4.3589,4,0
777109,2025-07-18,4.0754,4.5962,8,7
777110,2025-07-18,4.0879,4.2228,11,1
777111,2025-07-18,4.2953,3.8306,4,8
777112,2025-07-18,3.9834,4.9754,2,7
777114,2025-07-18,3.9151,4.2349,7,3
777080,2025-07-19,4.6579,5.8068,10,6
777081,2025-07-19,4.9014,4.8365,10,1
777085,2025-07-19,4.3531,4.8385,7,8
777086,2025-07-19,3.8697,3.9474,7,6
777088,2025-07-19,4.1091,3.9656,4,1
777089,2025-07-19,5.364,4.2044,9,5
777090,2025-07-19,4.5906,3.8022,4,10
777091,2025-07-19,4.1372,4.9805,4,2
777092,2025-07-19,4.2625,3.8885,2,5
777093,2025-07-19,3.9706,4.4899,3,1
777094,2025-07-19,4.2455,4.3939,6,3
777095,2025-07-19,4.1065,4.3837,4,3
777096,2025-07-19,4.7074,4.288,6,0
777097,2025-07-19,3.9683,4.3874,9,12
777104,2025-07-19,4.4213,4.0434,2,8
777067,2025-07-20,3.8262,3.8421,3,11
777070,2025-07-20,4.674,5.0635,5,6
777071,2025-07-20,5.2239,4.8618,5,3
777072,2025-07-20,4.3881,5.2422,1,7
777073,2025-07-20,3.8441,3.9431,1,2
777074,2025-07-20,4.6068,3.8364,2,7
777075,2025-07-20,4.4375,4.3223,1,6
777076,2025-07-20,4.1103,4.2365,3,5
777077,2025-07-20,4.0035,4.9888,1,8
777078,2025-07-20,4.8791,4.0998,2,8
777079,2025-07-20,4.2916,4.3781,8,6
777082,2025-07-20,3.8642,4.3918,4,7
777083,2025-07-20,4.0024,4.3527,2,4
777084,2025-07-20,4.5943,4.0155,8,2
777087,2025-07-20,4.2313,3.9167,3,2
777050,2025-07-21,3.7896,4.2539,0,6
777051,2025-07-21,4.8793,4.1521,5,2
777053,2025-07-21,4.6658,5.0403,2,6
777055,2025-07-21,4.615,5.0521,3,6
777057,2025-07-21,4.1164,3.8186,7,2
777059,2025-07-21,4.4487,3.6035,3,8
777060,2025-07-21,3.976,4.2198,3,0
777061,2025-07-21,4.8132,4.0011,7,5
777062,2025-07-21,4.0512,5.037,1,2
777063,2025-07-21,4.9053,4.3296,3,2
777064,2025-07-21,4.0877,5.3223,10,8
777065,2025-07-21,4.0625,3.9599,4,12
777066,2025-07-21,4.3558,4.9975,4,1
777068,2025-07-21,4.4102,4.2875,10,5
777069,2025-07-21,3.9235,4.4591,9,5
777035,2025-07-22,3.8384,4.5882,1,0
777039,2025-07-22,4.8352,4.1905,7,10
777040,2025-07-22,4.3108,4.9009,1,3
777042,2025-07-22,3.9863,5.124,6,1
777043,2025-07-22,4.1147,3.796,6,2
777044,2025-07-22,4.0051,4.4566,8,5
777045,2025-07-22,4.6526,4.1418,4,1
777046,2025-07-22,4.4144,4.9749,4,5
777047,2025-07-22,4.4288,4.2495,6,0
777048,2025-07-22,4.3732,3.6813,4,3
777049,2025-07-22,5.0155,5.1857,8,4
777052,2025-07-22,4.0133,5.1867,4,3
777054,2025-07-22,4.9526,4.0575,3,2
777056,2025-07-22,4.4057,4.2265,6,3
777058,2025-07-22,4.1197,4.2948,0,9
777022,2025-07-23,5.2433,4.3057,4,3
777024,2025-07-23,3.9541,4.4791,2,10
777026,2025-07-23,3.734,4.8294,0,5
777027,2025-07-23,4.4225,4.7975,8,4
777028,2025-07-23,4.9502,4.9925,6,0
777029,2025-07-23,4.0321,4.5532,6,1
777030,2025-07-23,4.4792,3.6571,9,11
777031,2025-07-23,4.192,4.2385,4,8
777032,2025-07-23,4.2976,5.0739,3,4
777033,2025-07-23,4.2772,3.8517,2,1
777034,2025-07-23,4.8008,4.1327,6,3
777036,2025-07-23,4.5607,4.268,3,2
777037,2025-07-23,3.791,5.2658,3,2
777038,2025-07-23,4.9689,4.4695,8,9
777041,2025-07-23,4.048,4.1365,3,9
777018,2025-07-24,4.4085,4.7835,2,4
777019,2025-07-24,4.3577,4.3378,3,4
777021,2025-07-24,4.2642,3.94,4,11
777023,2025-07-24,4.2877,4.1681,9,7
777025,2025-07-24,5.0302,4.1056,2,5
777004,2025-07-25,4.5248,4.3569,1,8
777005,2025-07-25,4.113,4.1898,3,0
777006,2025-07-25,4.3204,4.5746,3,2
777007,2025-07-25,5.1944,3.8149,3,15
777008,2025-07-25,4.6452,4.0149,1,5
777009,2025-07-25,4.0372,3.9323,8,3
777011,2025-07-25,4.8449,4.5503,1,0
777012,2025-07-25,4.3926,5.2367,2,5
777013,2025-07-25,4.1014,4.3899,7,2
777014,2025-07-25,4.5157,4.5817,0,1
777015,2025-07-25,4.9864,4.2701,5,12
777016,2025-07-25,4.4526,4.0787,2,6
777017,2025-07-25,4.1304,5.2363,12,5
777020,2025-07-25,4.797,4.0857,5,6
776985,2025-07-26,4.5639,4.2554,1,2
776990,2025-07-26,3.913,3.6273,4,6
776991,2025-07-26,4.7065,3.8613,1,5
776992,2025-07-26,4.2768,4.2074,1,3
776993,2025-07-26,3.9265,3.9625,6,5
776994,2025-07-26,4.0713,5.1479,1,6
776995,2025-07-26,4.2918,4.6312,2,7
776996,2025-07-26,4.7028,4.0494,4,7
776997,2025-07-26,5.1716,4.3795,3,9
776998,2025-07-26,4.7314,5.207,4,2
776999,2025-07-26,4.8884,4.0296,18,0
777000,2025-07-26,4.0929,4.2307,6,2
777001,2025-07-26,4.5343,4.5798,4,9
777002,2025-07-26,4.4906,4.9305,2,0
777003,2025-07-26,4.3695,3.8713,1,6
777010,2025-07-26,3.8731,3.7219,5,3
776974,2025-07-27,4.4348,4.3825,3,5
776975,2025-07-27,3.7408,3.7367,4,1
776976,2025-07-27,4.9234,3.8654,1,7
776977,2025-07-27,4.1524,4.689,4,1
776978,2025-07-27,4.4429,4.1067,3,2
776979,2025-07-27,5.3286,4.6171,2,7
776980,2025-07-27,4.24,4.1527,2,9
776981,2025-07-27,4.2275,3.9849,8,1
776982,2025-07-27,4.1272,4.2831,2,1
776983,2025-07-27,4.731,5.3086,4,3
776984,2025-07-27,4.4591,4.6791,6,0
776986,2025-07-27,4.9959,4.1259,5,1
776987,2025-07-27,4.2999,4.1177,10,4
776988,2025-07-27,4.4294,4.3377,4,3
776989,2025-07-27,3.9957,5.1508,4,5
776957,2025-07-28,4.4727,4.8255,1,3
776958,2025-07-28,4.4209,5.0355,6,4
776959,2025-07-28,4.4832,4.1939,7,6
776960,2025-07-28,4.4465,4.2274,7,1
776961,2025-07-28,4.7747,4.8646,5,4
776964,2025-07-28,4.1873,3.6913,5,6
776965,2025-07-28,4.5682,4.2872,8,4
776966,2025-07-28,4.8033,4.5751,11,4
776967,2025-07-28,4.2896,4.9667,2,5
776968,2025-07-28,4.6961,3.7365,6,8
776969,2025-07-28,4.9573,3.8195,1,2
776970,2025-07-28,4.4962,3.8975,2,4
776971,2025-07-28,3.9975,4.3337,7,10
776972,2025-07-28,3.8309,4.6245,6,2
776973,2025-07-28,4.6802,4.5288,5,1
776943,2025-07-29,4.2348,3.7719,1,3
776944,2025-07-29,4.3651,4.8162,6,1
776945,2025-07-29,4.55,4.8787,8,5
776946,2025-07-29,4.5176,4.0925,0,5
776947,2025-07-29,4.1055,4.2427,7,1
776949,2025-07-29,4.4075,4.0242,7,5
776950,2025-07-29,4.8162,4.0539,7,4
776951,2025-07-29,4.8574,3.7644,10,4
776952,2025-07-29,3.8081,4.6475,3,6
776953,2025-07-29,4.5127,4.6617,12,2
776954,2025-07-29,5.1487,5.1031,5,8
776955,2025-07-29,4.2725,4.2634,9,6
776956,2025-07-29,4.5244,4.4944,9,3
776962,2025-07-29,4.5946,4.4884,3,2
776963,2025-07-29,4.1092,4.8544,4,5
778372,2025-07-29,4.7174,4.5376,16,4
776929,2025-07-30,4.6723,4.1405,3,10
776930,2025-07-30,4.2421,4.7908,5,4
776931,2025-07-30,4.4043,4.3767,5,0
776932,2025-07-30,4.3314,4.9676,3,6
776933,2025-07-30,3.8941,3.7631,1,2
776934,2025-07-30,4.546,4.0679,0,2
776935,2025-07-30,4.6565,4.9227,1,13
776936,2025-07-30,4.0787,4.2938,1,0
776937,2025-07-30,4.6537,4.0154,9,1
776938,2025-07-30,4.419,4.0481,5,4
776939,2025-07-30,3.9787,4.7174,9,3
776940,2025-07-30,4.56,4.4008,7,2
776941,2025-07-30,4.2218,5.1213,5,2
776942,2025-07-30,5.0015,3.6466,5,0
776948,2025-07-30,4.8246,4.2568,8,9
776923,2025-07-31,4.3903,3.9111,6,0
776927,2025-07-31,4.6917,4.018,7,4
776928,2025-07-31,4.0864,4.2739,11,12
776906,2025-08-01,4.4151,3.8775,4,1
776908,2025-08-01,4.3922,3.8596,4,3
776913,2025-08-01,4.1414,4.1629,5,4
776914,2025-08-01,4.3536,5.0529,5,1
776915,2025-08-01,4.1337,4.1811,1,0
776916,2025-08-01,4.4876,4.4253,3,6
776917,2025-08-01,4.1275,5.3653,9,16
776918,2025-08-01,4.3576,4.4052,0,5
776919,2025-08-01,4.7211,4.8784,17,16
776920,2025-08-01,4.4485,4.5202,3,9
776921,2025-08-01,4.2443,4.4135,3,2
776922,2025-08-01,4.2676,4.7561,2,1
776924,2025-08-01,4.2371,3.8336,3,2
776925,2025-08-01,3.9416,5.1805,13,12
776926,2025-08-01,4.3789,4.4704,3,4
776896,2025-08-02,4.5264,3.8282,5,8
776897,2025-08-02,4.2893,3.8747,4,6
776898,2025-08-02,4.5791,4.3336,0,1
776899,2025-08-02,4.4443,5.0907,2,7
776900,2025-08-02,4.2927,4.4967,4,2
776901,2025-08-02,4.2314,4.365,4,0
776902,2025-08-02,4.8297,4.2361,3,4
776903,2025-08-02,3.8567,5.2148,2,8
776904,2025-08-02,4.3587,4.6166,8,5
776905,2025-08-02,4.3609,3.8738,5,4
776907,2025-08-02,3.9971,4.5154,2,4
776909,2025-08-02,4.4309,4.8449,7,3
776910,2025-08-02,3.9588,5.0482,2,0
776911,2025-08-02,4.6295,4.3602,12,6
776912,2025-08-02,4.1569,4.1536,5,7
776881,2025-08-03,4.4631,5.2682,4,6
776883,2025-08-03,4.2847,4.027,5,4
776884,2025-08-03,4.5272,3.9092,7,3
776885,2025-08-03,4.616,4.3593,8,5
776886,2025-08-03,4.4463,4.612,5,9
776887,2025-08-03,4.4748,4.3885,4,12
776888,2025-08-03,4.4917,4.2086,5,3
776889,2025-08-03,4.1885,4.3624,0,3
776890,2025-08-03,4.3851,4.07,2,0
776891,2025-08-03,4.0008,5.0975,7,3
776892,2025-08-03,4.461,3.8724,4,5
776893,2025-08-03,4.4108,4.455,4,7
776894,2025-08-03,3.885,5.0278,3,14
776895,2025-08-03,4.0543,4.8048,6,1
776867,2025-08-04,4.1263,4.3989,5,1
776870,2025-08-04,5.3727,4.2493,2,3
776871,2025-08-04,4.0605,4.3143,8,5
776872,2025-08-04,4.9385,4.9009,1,15
776873,2025-08-04,4.5046,5.1407,6,2
776874,2025-08-04,4.4483,4.0616,6,3
776875,2025-08-04,4.0712,5.2209,2,8
776876,2025-08-04,4.2509,3.7263,6,7
776877,2025-08-04,4.7415,4.577,13,3
776878,2025-08-04,4.0286,3.791,2,3
776879,2025-08-04,4.1959,4.6062,5,4
776880,2025-08-04,4.6753,4.5016,8,5
776882,2025-08-04,4.0321,4.6403,1,3
776848,2025-08-05,4.0099,4.4214,3,7
776852,2025-08-05,4.658,5.0012,5,10
776854,2025-08-05,5.1611,5.7614,4,10
776855,2025-08-05,4.0786,4.4146,2,0
776857,2025-08-05,4.4033,3.6357,8,3
776858,2025-08-05,5.1335,4.178,12,6
776860,2025-08-05,4.0829,3.8146,1,5
776861,2025-08-05,4.2477,4.0034,3,6
776862,2025-08-05,4.0043,4.9742,3,7
776863,2025-08-05,4.2252,3.8237,2,3
776864,2025-08-05,4.5555,4.4938,6,2
776865,2025-08-05,4.3277,4.6476,7,16
776866,2025-08-05,4.1049,4.4615,1,8
776868,2025-08-05,4.9305,4.3198,5,0
776869,2025-08-05,3.8777,4.4312,2,7
776836,2025-08-06,5.0121,5.3701,1,20
776838,2025-08-06,4.6511,5.3221,2,3
776839,2025-08-06,5.5085,4.1874,3,5
776841,2025-08-06,4.3906,3.6532,8,6
776843,2025-08-06,4.0068,4.374,4,5
776844,2025-08-06,4.1134,4.5212,2,4
776845,2025-08-06,4.1046,4.4883,2,3
776846,2025-08-06,4.1339,3.8676,1,4
776847,2025-08-06,4.0189,3.8187,6,1
776849,2025-08-06,4.0619,4.9868,6,4
776850,2025-08-06,4.3461,4.7983,2,1
776851,2025-08-06,4.8719,4.3178,1,5
776853,2025-08-06,3.9427,4.7114,4,5
776856,2025-08-06,4.5455,4.5176,3,7
776859,2025-08-06,4.5941,3.9819,4,9
776830,2025-08-07,4.333,3.6239,4,3
776837,2025-08-07,4.352,4.7412,0,6
776840,2025-08-07,3.9535,4.0798,7,0
776842,2025-08-07,4.3861,4.0183,8,6
776820,2025-08-08,4.4455,4.2546,2,10
776821,2025-08-08,3.9179,4.0413,1,9
776822,2025-08-08,4.5584,3.9074,5,0
776823,2025-08-08,5.0502,4.4705,5,1
776824,2025-08-08,4.075,3.8045,3,2
776825,2025-08-08,5.508,4.4031,6,1
776826,2025-08-08,4.4853,4.3991,5,0
776827,2025-08-08,4.2568,4.3602,9,4
776828,2025-08-08,4.399,4.3099,3,2
776829,2025-08-08,3.7606,4.1984,3,2
776831,2025-08-08,5.1789,4.4434,3,2
776832,2025-08-08,4.8418,4.0243,6,5
776833,2025-08-08,3.8956,4.284,5,9
776834,2025-08-08,4.3297,4.005,1,5
776835,2025-08-08,4.36,4.1536,3,5
776802,2025-08-09,4.5517,3.8075,2,4
776805,2025-08-09,4.0667,3.8944,7,4
776807,2025-08-09,4.3699,4.2515,5,4
776808,2025-08-09,5.1509,4.4825,9,1
776809,2025-08-09,5.3746,4.4044,6,5
776810,2025-08-09,3.9507,3.9732,2,3
776811,2025-08-09,4.876,4.3941,3,11
776812,2025-08-09,3.9551,4.1935,1,2
776813,2025-08-09,4.4661,4.0689,4,7
776814,2025-08-09,3.793,4.2429,1,3
776815,2025-08-09,4.4365,4.2238,5,4
776816,2025-08-09,4.2525,4.4577,0,2
776817,2025-08-09,4.3964,4.3418,7,4
776818,2025-08-09,4.4268,4.6038,1,9
776819,2025-08-09,4.2709,4.0245,8,6
778431,2025-08-09,4.3554,3.9873,7,1
776788,2025-08-10,4.9325,4.3487,4,5
776789,2025-08-10,4.4715,4.2488,6,2
776791,2025-08-10,4.0868,3.7498,6,3
776793,2025-08-10,4.3347,3.8239,0,8
776794,2025-08-10,5.4805,4.3276,13,6
776795,2025-08-10,4.4057,4.3409,3,2
776796,2025-08-10,4.3135,4.5035,5,3
776797,2025-08-10,4.5492,4.1461,1,7
776798,2025-08-10,3.8793,4.2874,6,4
776799,2025-08-10,4.426,4.2521,7,6
776800,2025-08-10,3.8393,4.1099,2,4
776801,2025-08-10,3.9888,4.1584,8,14
776803,2025-08-10,4.2899,3.8823,7,1
776804,2025-08-10,5.5951,4.4834,2,3
776806,2025-08-10,4.7609,4.0733,9,5
776779,2025-08-11,3.9984,5.2323,7,4
776780,2025-08-11,3.935,4.0482,1,4
776781,2025-08-11,4.0358,4.6185,1,2
776782,2025-08-11,4.6565,4.2424,7,6
776783,2025-08-11,4.6812,3.7846,3,2
776784,2025-08-11,4.3222,3.8445,7,4
776785,2025-08-11,4.4279,4.3566,7,6
776786,2025-08-11,4.6979,3.764,7,1
776787,2025-08-11,3.959,4.3535,4,7
776790,2025-08-11,4.7139,4.1045,6,2
776792,2025-08-11,4.1827,4.5676,1,4
776762,2025-08-12,3.9986,4.4143,6,0
776763,2025-08-12,4.1373,5.2181,7,6
776764,2025-08-12,4.5737,4.1999,2,3
776767,2025-08-12,4.1387,4.1186,1,5
776768,2025-08-12,4.9866,5.3524,5,1
776769,2025-08-12,4.5429,4.3556,1,14
776770,2025-08-12,4.6192,3.8169,8,5
776771,2025-08-12,4.2298,3.8312,14,0
776772,2025-08-12,4.0911,4.2385,13,5
776773,2025-08-12,3.9017,4.5655,9,6
776774,2025-08-12,4.8544,4.062,9,1
776775,2025-08-12,4.6024,3.7038,0,3
776776,2025-08-12,4.5867,4.7149,0,1
776777,2025-08-12,4.1241,4.5012,6,1
776778,2025-08-12,4.5229,3.9491,4,3
776746,2025-08-13,4.3119,4.4438,4,6
776749,2025-08-13,3.786,4.0927,1,11
776751,2025-08-13,4.2023,4.445,2,8
776752,2025-08-13,4.0162,5.0248,6,5
776753,2025-08-13,4.4414,4.4046,4,1
776754,2025-08-13,4.0206,4.5725,0,1
776755,2025-08-13,4.5587,3.7403,12,5
776756,2025-08-13,4.2946,4.1617,6,11
776757,2025-08-13,4.7438,5.1952,1,4
776758,2025-08-13,4.5084,3.6877,5,6
776759,2025-08-13,4.5641,3.8877,7,8
776760,2025-08-13,4.6249,4.077,1,4
776761,2025-08-13,4.5294,4.7317,4,3
776765,2025-08-13,3.952,4.4083,8,0
776766,2025-08-13,4.4845,3.928,4,13
776742,2025-08-14,4.8969,5.691,2,8
776743,2025-08-14,3.961,4.6229,3,2
776744,2025-08-14,4.0664,4.9556,3,4
776745,2025-08-14,4.3671,4.0903,9,4
776747,2025-08-14,4.7501,4.9335,2,1
776748,2025-08-14,4.2746,4.2463,3,4
776750,2025-08-14,4.9636,4.9042,5,3
776727,2025-08-15,4.5424,4.5146,3,2
776728,2025-08-15,4.5839,3.7123,3,1
776729,2025-08-15,3.9905,3.9421,6,7
776730,2025-08-15,4.9561,5.5132,4,3
776731,2025-08-15,4.0826,4.7067,3,4
776732,2025-08-15,4.187,4.8468,0,7
776733,2025-08-15,4.7374,4.2476,0,7
776734,2025-08-15,4.468,4.6208,10,3
776735,2025-08-15,4.5493,4.5111,6,5
776736,2025-08-15,4.5408,4.3417,9,11
776737,2025-08-15,4.272,3.6755,2,3
776738,2025-08-15,4.1873,4.3062,0,2
776739,2025-08-15,3.8424,4.68,2,6
776740,2025-08-15,3.976,5.0641,8,10
776741,2025-08-15,4.9691,4.3051,2,1
776711,2025-08-16,4.1815,3.9109,1,2
776712,2025-08-16,4.5623,3.7309,6,2
776713,2025-08-16,4.0825,4.5892,8,12
776715,2025-08-16,4.9505,5.8308,10,7
776716,2025-08-16,4.3758,4.6232,5,8
776717,2025-08-16,4.266,4.4676,6,0
776718,2025-08-16,4.603,4.5479,7,2
776719,2025-08-16,4.0843,3.703,3,1
776720,2025-08-16,4.1724,4.2638,1,10
776721,2025-08-16,4.0731,4.9165,5,6
776722,2025-08-16,4.5357,4.2812,5,4
776723,2025-08-16,4.8317,4.5046,14,2
776724,2025-08-16,4.9059,4.3298,7,5
776725,2025-08-16,4.1599,4.7653,2,0
776726,2025-08-16,4.9458,4.6885,3,1
776697,2025-08-17,4.5749,4.3706,5,4
776698,2025-08-17,4.1142,4.7538,4,8
776699,2025-08-17,4.6488,4.4915,5,11
776700,2025-08-17,4.3841,4.8283,8,1
776701,2025-08-17,5.2732,5.6771,6,5
776702,2025-08-17,4.5902,3.7083,6,2
776703,2025-08-17,3.9309,3.9328,7,1
776704,2025-08-17,4.3493,3.7316,4,3
776705,2025-08-17,4.6714,4.1367,0,12
776706,2025-08-17,4.2778,4.2695,4,5
776707,2025-08-17,4.5575,4.5221,7,3
776708,2025-08-17,3.9973,4.7562,9,11
776709,2025-08-17,4.1936,5.0496,3,2
776710,2025-08-17,4.6559,4.4307,4,10
776714,2025-08-17,4.9565,4.3498,3,5
776681,2025-08-18,3.9788,5.5501,1,4
776682,2025-08-18,4.1857,4.7613,1,3
776683,2025-08-18,4.232,4.4969,3,4
776688,2025-08-18,4.5476,4.5341,3,8
776689,2025-08-18,4.7063,4.4122,12,7
776690,2025-08-18,4.5526,3.9868,4,3
776692,2025-08-18,4.1942,4.1794,10,0
776693,2025-08-18,4.3708,6.1811,4,3
776694,2025-08-18,4.1578,4.1795,5,2
776695,2025-08-18,4.7585,4.4503,3,6
776696,2025-08-18,4.598,3.7162,9,13
777459,2025-08-18,3.8174,4.3637,0,7
776667,2025-08-19,4.4455,4.3401,5,1
776668,2025-08-19,3.9675,5.1266,4,6
776671,2025-08-19,4.5172,5.8915,4,11
776672,2025-08-19,4.4542,4.753,6,5
776674,2025-08-19,4.6712,4.4084,3,6
776675,2025-08-19,4.5471,3.9917,5,2
776676,2025-08-19,3.852,4.411,4,1
776677,2025-08-19,3.9944,4.3496,3,13
776678,2025-08-19,4.395,4.905,1,8
776679,2025-08-19,4.191,4.265,3,7
776680,2025-08-19,5.2315,4.5758,6,4
776684,2025-08-19,4.8731,4.6288,3,4
776685,2025-08-19,4.2401,4.0646,1,0
776686,2025-08-19,4.301,4.7217,4,7
776687,2025-08-19,4.5085,3.8896,11,10
776691,2025-08-19,3.9028,4.5374,6,4
776652,2025-08-20,4.0178,5.2976,2,1
776656,2025-08-20,4.3131,4.3671,8,1
776658,2025-08-20,4.5654,4.8086,3,2
776659,2025-08-20,4.2688,4.9595,5,4
776660,2025-08-20,4.4219,6.0293,8,3
776661,2025-08-20,4.1837,4.2793,2,1
776662,2025-08-20,5.0705,4.4595,11,2
776663,2025-08-20,3.8065,4.6057,4,3
776664,2025-08-20,3.9944,4.59,4,6
776665,2025-08-20,4.7378,4.4908,2,4
776666,2025-08-20,4.483,4.0282,3,6
776669,2025-08-20,4.3581,3.7582,1,0
776670,2025-08-20,4.3184,4.7111,6,2
776673,2025-08-20,4.1528,4.0222,7,2
776631,2025-08-21,4.3358,3.9461,4,7
776642,2025-08-21,4.4728,4.2251,8,4
776644,2025-08-21,4.6025,5.795,5,9
776650,2025-08-21,4.3392,5.1339,9,3
776651,2025-08-21,4.0317,4.6546,1,4
776653,2025-08-21,4.6211,4.4904,3,8
776654,2025-08-21,5.1867,4.6837,3,6
776655,2025-08-21,4.3983,4.6114,2,7
776657,2025-08-21,4.4856,4.1161,6,4
776633,2025-08-22,4.4417,3.9581,10,6
776634,2025-08-22,4.6393,4.5043,5,4
776635,2025-08-22,4.5167,5.0772,6,5
776636,2025-08-22,4.1336,4.3563,2,1
776637,2025-08-22,4.6734,3.8253,9,0
776638,2025-08-22,4.148,3.9934,3,2
776639,2025-08-22,3.9853,4.5753,7,9
776640,2025-08-22,4.5951,5.4058,2,3
776641,2025-08-22,4.113,3.6624,4,3
776643,2025-08-22,4.238,4.6497,7,10
776645,2025-08-22,4.336,4.2978,7,12
776646,2025-08-22,4.1648,5.5831,2,5
776647,2025-08-22,5.1296,4.7284,0,1
776648,2025-08-22,5.2252,4.1633,4,5
776649,2025-08-22,4.1499,4.3091,7,5
776617,2025-08-23,4.0267,4.4319,5,1
776618,2025-08-23,4.4233,5.2015,1,12
776619,2025-08-23,4.1861,4.4769,7,3
776620,2025-08-23,4.2529,3.9728,1,2
776621,2025-08-23,4.391,4.5308,1,7
776622,2025-08-23,4.4453,5.2339,10,1
776623,2025-08-23,4.024,3.6704,10,0
776625,2025-08-23,4.182,4.1931,4,2
776626,2025-08-23,4.4504,4.3826,2,9
776627,2025-08-23,4.6944,4.507,1,12
776628,2025-08-23,5.3627,4.1193,6,4
776629,2025-08-23,4.4739,4.6752,8,9
776630,2025-08-23,4.1383,5.3013,6,7
776632,2025-08-23,4.5876,3.8456,5,1
776602,2025-08-24,4.1636,3.9589,11,4
776603,2025-08-24,4.089,4.2565,2,8
776605,2025-08-24,4.434,5.4742,3,4
776606,2025-08-24,4.4025,3.9423,7,2
776607,2025-08-24,4.1427,4.5033,8,0
776608,2025-08-24,4.3718,4.4916,3,4
776609,2025-08-24,4.5773,5.2362,1,6
776610,2025-08-24,4.5093,3.8791,4,0
776611,2025-08-24,3.8815,3.6916,5,0
776612,2025-08-24,4.5081,4.6561,3,2
776613,2025-08-24,5.1856,4.0975,3,2
776614,2025-08-24,4.1344,5.3,5,3
776615,2025-08-24,4.3087,4.2653,8,10
776616,2025-08-24,4.9097,4.73,7,2
776624,2025-08-24,4.4212,4.3387,4,3
776589,2025-08-25,4.0704,3.9789,7,6
776590,2025-08-25,3.9883,5.2009,8,3
776592,2025-08-25,4.4658,3.9493,0,4
776593,2025-08-25,4.7526,4.5811,7,5
776594,2025-08-25,4.3001,4.3494,7,0
776595,2025-08-25,3.9044,4.0507,9,6
776596,2025-08-25,4.5836,4.4016,10,4
776597,2025-08-25,5.0928,4.1198,10,5
776598,2025-08-25,4.3006,4.2674,13,3
776599,2025-08-25,3.9035,4.3947,7,0
776600,2025-08-25,3.9987,4.8614,2,1
776601,2025-08-25,4.1146,3.9349,0,9
776604,2025-08-25,4.8883,4.9608,3,4
776573,2025-08-26,4.0216,5.0075,7,6
776574,2025-08-26,4.5438,4.1343,6,3
776575,2025-08-26,4.2728,4.0079,7,3
776576,2025-08-26,4.2475,4.3508,5,2
776577,2025-08-26,3.7293,4.1302,6,7
776578,2025-08-26,4.3858,4.0585,3,8
776581,2025-08-26,3.9461,4.9206,2,11
776582,2025-08-26,4.9425,4.5224,5,7
776583,2025-08-26,3.9479,4.3644,4,5
776584,2025-08-26,4.1274,4.0559,3,0
776585,2025-08-26,4.5542,4.248,6,5
776586,2025-08-26,5.038,4.7731,9,8
776587,2025-08-26,5.0726,3.7083,1,6
776588,2025-08-26,5.1036,4.123,5,1
776591,2025-08-26,4.9609,4.9332,0,5
776557,2025-08-27,4.2651,4.4781,12,3
776559,2025-08-27,4.1841,4.9821,7,0
776561,2025-08-27,3.9,4.0187,4,3
776562,2025-08-27,4.4516,4.0358,5,1
776563,2025-08-27,4.3816,3.9473,20,3
776565,2025-08-27,4.0921,5.0201,1,12
776566,2025-08-27,4.6204,4.2367,6,0
776567,2025-08-27,4.8464,4.3359,9,8
776568,2025-08-27,4.2324,3.8755,1,2
776569,2025-08-27,3.9327,4.4503,1,12
776570,2025-08-27,5.0952,4.117,11,2
776571,2025-08-27,4.7308,3.7221,4,0
776572,2025-08-27,5.0579,4.6836,2,3
776579,2025-08-27,4.6196,4.9385,2,3
776580,2025-08-27,4.2683,4.1384,4,3
776550,2025-08-28,4.2311,4.3014,4,3
776553,2025-08-28,4.9645,4.7654,4,6
776554,2025-08-28,4.2321,3.9895,4,1
776555,2025-08-28,5.0464,3.7763,4,3
776556,2025-08-28,3.8756,4.9786,4,10
776558,2025-08-28,4.722,4.1427,4,7
776560,2025-08-28,4.9064,4.6023,19,4
776564,2025-08-28,4.3267,4.9657,2,3
776533,2025-08-29,4.2437,4.2627,15,8
776534,2025-08-29,4.8556,4.5817,0,3
776538,2025-08-29,4.5949,4.9225,2,5
776540,2025-08-29,4.2419,4.073,3,5
776541,2025-08-29,4.3593,4.9827,7,4
776542,2025-08-29,4.7687,6.0394,7,11
776543,2025-08-29,4.7628,4.1387,2,0
776544,2025-08-29,3.9163,4.7962,2,10
776545,2025-08-29,4.1873,4.5795,1,4
776546,2025-08-29,4.4022,5.0005,2,7
776547,2025-08-29,4.3142,4.6392,5,4
776548,2025-08-29,4.9547,4.2078,19,9
776549,2025-08-29,4.8701,4.2895,2,4
776551,2025-08-29,4.58,4.1706,5,7
776552,2025-08-29,4.4297,4.5061,2,1
776516,2025-08-30,4.1968,4.3193,1,11
776523,2025-08-30,4.888,4.8106,1,6
776524,2025-08-30,4.6317,5.1005,3,9
776525,2025-08-30,4.116,4.571,1,4
776526,2025-08-30,4.7223,5.8704,3,4
776527,2025-08-30,4.397,4.9703,1,4
776528,2025-08-30,4.1127,4.0386,3,1
776529,2025-08-30,3.9102,4.8719,3,5
776530,2025-08-30,4.165,4.8258,3,12
776531,2025-08-30,4.9388,4.1575,1,4
776532,2025-08-30,4.2159,4.3758,3,2
776535,2025-08-30,4.6574,4.1935,8,11
776536,2025-08-30,4.6707,4.1182,2,4
776537,2025-08-30,4.1524,4.416,4,3
776539,2025-08-30,4.5191,4.2432,3,10
776507,2025-08-31,4.26,4.3312,13,2
776508,2025-08-31,4.3778,4.8435,6,9
776509,2025-08-31,4.9815,4.7765,5,4
776510,2025-08-31,4.7487,4.0467,0,3
776511,2025-08-31,4.7466,5.955,6,5
776512,2025-08-31,4.0133,4.0229,0,5
776513,2025-08-31,4.1861,4.7076,7,2
776514,2025-08-31,3.9687,4.94,3,2
776515,2025-08-31,4.2581,4.965,8,4
776517,2025-08-31,4.9616,4.2458,5,2
776518,2025-08-31,4.7279,4.2407,7,4
776519,2025-08-31,4.7435,4.1142,1,5
776520,2025-08-31,4.1179,4.4579,4,7
776521,2025-08-31,4.5591,4.634,2,4
776522,2025-08-31,4.4136,4.3859,1,3
776492,2025-09-01,4.7321,4.8451,2,8
776494,2025-09-01,4.2842,4.1711,3,4
776495,2025-09-01,5.2566,4.638,5,7
776497,2025-09-01,4.4841,4.2847,3,11
776498,2025-09-01,4.4448,4.6963,2,0
776499,2025-09-01,4.9467,4.1904,8,3
776500,2025-09-01,4.4056,4.2119,8,10
776501,2025-09-01,4.3194,4.3886,8,10
776502,2025-09-01,4.6263,4.0186,5,6
776503,2025-09-01,4.4303,4.4614,5,4
776504,2025-09-01,4.3268,4.5027,10,2
776505,2025-09-01,4.3264,4.1436,6,4
776506,2025-09-01,3.8613,4.1878,7,6
776480,2025-09-02,4.7112,4.3565,2,6
776481,2025-09-02,5.0643,4.8385,5,3
776482,2025-09-02,4.4373,4.5007,5,2
776483,2025-09-02,4.3485,4.4674,2,1
776484,2025-09-02,4.8239,4.2292,3,12
776485,2025-09-02,4.2989,4.3575,6,5
776486,2025-09-02,4.4059,5.1968,4,7
776487,2025-09-02,4.1148,4.0939,4,3
776488,2025-09-02,4.7391,4.056,1,5
776489,2025-09-02,4.1595,4.5476,1,7
776490,2025-09-02,4.3606,4.4941,5,12
776491,2025-09-02,4.4079,4.4862,9,12
776493,2025-09-02,4.7583,4.0911,11,7
776496,2025-09-02,4.2492,4.4463,9,7
776465,2025-09-03,4.3799,4.3599,5,7
776466,2025-09-03,4.5351,3.9205,3,4
776467,2025-09-03,4.3816,5.1222,8,10
776468,2025-09-03,5.0638,4.9266,2,0
776469,2025-09-03,4.8026,4.2886,3,4
776470,2025-09-03,4.3479,4.4436,5,1
776471,2025-09-03,4.2532,4.4716,6,3
776472,2025-09-03,4.1596,4.649,8,7
776473,2025-09-03,4.1202,4.0137,1,5
776474,2025-09-03,4.2391,4.1445,1,8
776475,2025-09-03,4.2948,4.5413,9,13
776476,2025-09-03,4.4223,4.404,9,4
776477,2025-09-03,4.4292,4.4653,10,5
776478,2025-09-03,4.3887,4.4392,6,2
776479,2025-09-03,4.0071,4.4634,3,0
776458,2025-09-04,4.0567,3.8231,4,2
776459,2025-09-04,4.2824,4.3477,0,2
776461,2025-09-04,4.148,4.5401,5,3
776462,2025-09-04,4.6961,4.2638,8,11
776463,2025-09-04,4.6518,4.0085,4,3
776464,2025-09-04,4.218,4.4968,4,8
776442,2025-09-05,4.3846,5.6063,3,0
776444,2025-09-05,4.465,4.6312,4,10
776445,2025-09-05,4.423,4.6896,2,8
776446,2025-09-05,4.1246,3.7672,2,1
776448,2025-09-05,4.5066,5.2558,10,5
776449,2025-09-05,4.292,3.8793,4,3
776450,2025-09-05,4.378,4.675,4,5
776451,2025-09-05,3.9792,3.8848,1,7
776452,2025-09-05,4.8971,3.946,5,7
776453,2025-09-05,3.9943,4.6331,2,5
776454,2025-09-05,4.1692,4.8191,2,1
776455,2025-09-05,4.7678,3.8427,11,5
776456,2025-09-05,3.9763,5.0821,3,9
776457,2025-09-05,5.145,4.0509,1,7
776460,2025-09-05,4.1316,4.4269,4,1
776424,2025-09-06,4.8805,5.1259,5,1
776430,2025-09-06,4.2548,4.6337,4,17
776431,2025-09-06,4.5897,5.7295,8,10
776432,2025-09-06,4.0692,3.8252,0,11
776433,2025-09-06,3.9774,4.8774,2,4
776434,2025-09-06,4.131,3.9034,11,2
776435,2025-09-06,4.8025,3.8862,6,0
776436,2025-09-06,4.9412,4.0697,3,1
776437,2025-09-06,4.1391,4.4781,3,2
776438,2025-09-06,4.0427,3.8406,2,3
776439,2025-09-06,4.3621,4.7741,6,3
776440,2025-09-06,4.7259,3.7852,1,2
776441,2025-09-06,3.8875,4.641,1,4
776443,2025-09-06,4.2621,4.9011,4,3
776447,2025-09-06,4.2786,4.534,2,10
776414,2025-09-07,4.3546,4.5146,4,3
776415,2025-09-07,4.8151,5.0251,4,7
776416,2025-09-07,4.1438,4.5423,4,3
776417,2025-09-07,4.3864,5.5536,1,8
776418,2025-09-07,4.0539,3.9102,4,2
776419,2025-09-07,3.8504,4.7542,2,10
776420,2025-09-07,4.8377,3.8307,3,6
776421,2025-09-07,4.0192,3.8233,1,2
776422,2025-09-07,4.3196,3.7657,1,5
776423,2025-09-07,5.0714,4.0416,4,3
776425,2025-09-07,4.9859,3.9948,4,6
776426,2025-09-07,4.0765,4.9776,5,4
776427,2025-09-07,4.4332,4.8814,2,5
776428,2025-09-07,4.3059,4.8322,2,18
776429,2025-09-07,4.4715,4.7278,3,2
776399,2025-09-08,4.7078,4.6005,11,5
776400,2025-09-08,4.4854,3.8597,4,2
776405,2025-09-08,4.513,4.4515,1,0
776406,2025-09-08,4.1232,4.4393,5,0
776407,2025-09-08,4.1279,3.8663,4,3
776408,2025-09-08,5.4735,3.7185,3,1
776409,2025-09-08,4.2861,5.3274,7,15
776410,2025-09-08,4.0316,4.9301,0,7
776411,2025-09-08,4.196,4.8803,3,12
776412,2025-09-08,4.2368,4.6719,4,1
776413,2025-09-08,3.9255,4.3615,10,2
776388,2025-09-09,4.0862,4.4309,4,5
776389,2025-09-09,5.1484,3.7219,7,2
776390,2025-09-09,4.0842,5.1912,12,2
776391,2025-09-09,4.4537,3.9582,5,3
776392,2025-09-09,4.1966,3.8454,2,4
776393,2025-09-09,4.3251,4.6824,4,3
776394,2025-09-09,4.642,4.5891,5,3
776395,2025-09-09,4.0031,4.3796,5,4
776396,2025-09-09,4.1099,5.4328,0,6
776397,2025-09-09,4.4866,5.5439,5,7
776398,2025-09-09,4.512,4.0802,2,12
776401,2025-09-09,4.426,4.2052,3,2
776402,2025-09-09,4.3397,4.7033,1,6
776403,2025-09-09,4.0847,4.3208,2,0
776404,2025-09-09,4.5034,4.5004,9,3
776373,2025-09-10,4.5107,3.8434,4,2
776374,2025-09-10,4.4554,4.7712,3,5
776375,2025-09-10,3.9609,4.2301,6,3
776376,2025-09-10,4.1925,5.0746,4,3
776377,2025-09-10,4.1701,3.8427,1,2
776378,2025-09-10,3.9711,4.3445,6,5
776379,2025-09-10,4.027,5.2509,5,4
776380,2025-09-10,5.081,3.7655,9,0
776381,2025-09-10,4.305,4.6139,2,3
776382,2025-09-10,4.0121,4.3169,3,4
776383,2025-09-10,4.4239,4.0795,1,11
776384,2025-09-10,4.5885,4.5241,11,3
776385,2025-09-10,4.5006,4.8107,2,3
776386,2025-09-10,4.5815,5.5874,8,3
776387,2025-09-10,4.4893,4.3462,2,1
776362,2025-09-11,4.5405,3.89,7,6
776364,2025-09-11,3.9549,4.2733,5,1
776365,2025-09-11,4.9243,3.5783,2,0
776367,2025-09-11,4.2759,5.1884,5,0
776368,2025-09-11,4.6254,4.0619,9,3
776369,2025-09-11,4.2024,4.34,6,0
776370,2025-09-11,4.1759,4.1835,3,2
776371,2025-09-11,4.7457,4.4837,6,4
776372,2025-09-11,4.4203,4.3067,3,2
776345,2025-09-12,4.4434,3.9142,2,1
776350,2025-09-12,4.1181,4.5109,5,1
776351,2025-09-12,4.1716,4.836,6,5
776352,2025-09-12,4.0064,3.7197,6,4
776353,2025-09-12,4.4569,4.587,6,1
776354,2025-09-12,4.4603,4.4357,8,2
776355,2025-09-12,4.6436,5.0393,9,8
776356,2025-09-12,4.9147,4.0591,8,2
776357,2025-09-12,4.7573,3.6208,2,4
776358,2025-09-12,4.0138,5.0992,3,0
776359,2025-09-12,5.0161,4.1999,3,8
776360,2025-09-12,4.0318,4.1221,3,11
776361,2025-09-12,4.5079,3.5514,4,0
776363,2025-09-12,4.574,4.7812,1,4
776366,2025-09-12,4.0418,5.3812,8,2
776328,2025-09-13,4.264,4.4374,7,13
776333,2025-09-13,4.6137,3.8432,5,3
776336,2025-09-13,4.2973,4.817,1,5
776337,2025-09-13,4.7442,4.9762,2,5
776338,2025-09-13,4.1438,3.5917,4,5
776339,2025-09-13,4.719,4.0848,9,8
776340,2025-09-13,3.9011,5.0966,11,5
776341,2025-09-13,4.7224,3.6232,11,3
776342,2025-09-13,4.4295,4.3906,8,6
776343,2025-09-13,4.6399,4.6363,5,4
776344,2025-09-13,4.5293,4.9031,3,5
776346,2025-09-13,3.9594,4.3702,2,6
776347,2025-09-13,4.1364,5.3775,6,4
776348,2025-09-13,4.5909,3.7533,3,1
776349,2025-09-13,5.1439,4.1588,2,3
776317,2025-09-14,4.636,3.8819,11,2
776320,2025-09-14,4.1318,5.0014,4,3
776321,2025-09-14,4.1395,3.7641,4,3
776322,2025-09-14,4.5848,4.452,11,2
776323,2025-09-14,4.9158,3.6001,9,6
776324,2025-09-14,4.8125,5.0168,4,6
776325,2025-09-14,4.1191,4.5403,2,10
776326,2025-09-14,5.1364,3.9925,2,3
776327,2025-09-14,4.0456,4.9062,7,4
776329,2025-09-14,3.9748,4.3892,8,3
776330,2025-09-14,4.4816,4.8064,6,4
776331,2025-09-14,4.6318,3.848,3,2
776332,2025-09-14,4.2391,5.5408,0,2
776334,2025-09-14,4.4496,4.4406,3,10
776335,2025-09-14,5.1104,4.0363,5,2
776309,2025-09-15,4.5581,4.6637,8,1
776311,2025-09-15,4.5406,4.2445,5,6
776312,2025-09-15,4.0835,4.1833,6,11
776313,2025-09-15,4.3507,5.1366,7,0
776314,2025-09-15,4.1408,4.5531,1,4
776315,2025-09-15,4.1658,5.1925,3,11
776316,2025-09-15,4.197,4.0924,1,2
776318,2025-09-15,4.3556,4.6165,0,4
776319,2025-09-15,4.5676,4.1314,6,3
776293,2025-09-16,4.7339,4.9815,5,6
776294,2025-09-16,4.7563,4.4934,6,5
776295,2025-09-16,4.784,3.8744,9,2
776297,2025-09-16,4.444,4.1432,6,9
776298,2025-09-16,4.4267,4.8539,9,10
776300,2025-09-16,4.0925,4.368,3,0
776301,2025-09-16,4.5755,4.0065,6,5
776302,2025-09-16,4.1014,4.5644,5,12
776303,2025-09-16,4.2024,4.1357,5,7
776304,2025-09-16,4.5771,4.4945,8,3
776305,2025-09-16,4.2051,3.968,5,6
776306,2025-09-16,4.2565,4.5054,7,8
776307,2025-09-16,3.9495,5.3837,0,5
776308,2025-09-16,4.1864,4.5193,1,4
776310,2025-09-16,4.9137,4.5272,1,2
777825,2025-09-16,4.1297,5.3287,3,6
776277,2025-09-17,4.6754,4.9127,4,8
776279,2025-09-17,4.72,4.4939,1,5
776280,2025-09-17,4.4507,4.1834,5,0
776283,2025-09-17,4.1211,4.3411,2,6
776284,2025-09-17,4.6614,4.9171,5,10
776285,2025-09-17,4.2884,4.5076,1,3
776286,2025-09-17,4.0509,5.3583,4,9
776287,2025-09-17,4.1862,4.6443,4,8
776288,2025-09-17,4.506,4.5158,4,7
776289,2025-09-17,4.1583,4.6751,7,5
776290,2025-09-17,4.2019,4.0206,2,1
776291,2025-09-17,4.9572,3.9819,9,2
776292,2025-09-17,4.4882,4.0795,5,2
776296,2025-09-17,4.2331,4.0928,0,4
776299,2025-09-17,4.7421,4.4843,5,4
776269,2025-09-18,4.2032,4.0299,4,0
776270,2025-09-18,4.5804,4.8399,7,9
776271,2025-09-18,4.5593,4.3614,2,1
776272,2025-09-18,4.1583,4.68,0,2
776274,2025-09-18,4.7492,3.993,5,2
776275,2025-09-18,4.2642,3.8933,1,3
776276,2025-09-18,4.7063,4.6481,6,1
776278,2025-09-18,4.3561,4.7198,0,7
776281,2025-09-18,4.9638,4.5967,3,5
776282,2025-09-18,4.4255,4.5223,1,0
776251,2025-09-19,4.6558,3.9862,4,6
776253,2025-09-19,5.2115,4.9357,7,6
776255,2025-09-19,4.8551,4.4767,2,8
776256,2025-09-19,4.7057,4.5484,6,3
776259,2025-09-19,5.0777,4.094,12,6
776260,2025-09-19,4.1278,3.9854,20,1
776261,2025-09-19,3.9609,4.1786,7,11
776262,2025-09-19,4.2232,4.4507,0,4
776263,2025-09-19,4.1199,4.564,2,6
776264,2025-09-19,3.8085,4.6595,4,3
776265,2025-09-19,4.0222,4.8331,7,1
776266,2025-09-19,4.3526,4.2417,3,4
776267,2025-09-19,4.4781,4.9581,7,4
776268,2025-09-19,4.3399,4.361,1,10
776273,2025-09-19,4.3891,4.7911,4,2
776233,2025-09-20,4.6264,4.3333,7,5
776241,2025-09-20,5.3348,4.9135,0,3
776242,2025-09-20,4.5427,4.032,3,4
776243,2025-09-20,4.3109,4.6137,0,8
776244,2025-09-20,4.0285,4.6638,2,3
776245,2025-09-20,4.1138,3.9646,2,1
776246,2025-09-20,4.406,4.5653,4,3
776247,2025-09-20,4.0114,4.1764,3,6
776248,2025-09-20,4.2557,4.6229,4,6
776249,2025-09-20,4.2754,4.2316,2,0
776250,2025-09-20,3.8625,4.5963,3,7
776252,2025-09-20,5.0329,3.9703,3,5
776254,2025-09-20,4.5151,5.0539,6,3
776257,2025-09-20,4.4797,4.8353,1,6
776258,2025-09-20,4.4018,4.3852,5,6
777839,2025-09-20,4.3712,4.4543,0,6
776225,2025-09-21,4.2278,4.5972,6,2
776226,2025-09-21,4.4656,4.0207,2,4
776227,2025-09-21,4.8773,4.364,1,3
776228,2025-09-21,4.2812,4.5281,3,7
776229,2025-09-21,4.1149,4.0007,5,8
776230,2025-09-21,4.4315,4.6898,9,2
776231,2025-09-21,4.0803,4.6854,5,1
776232,2025-09-21,4.6457,4.9271,3,1
776234,2025-09-21,4.3801,4.1617,11,0
776235,2025-09-21,3.8794,4.6015,2,3
776236,2025-09-21,3.9811,4.2776,7,3
776237,2025-09-21,5.3371,4.0971,2,3
776238,2025-09-21,4.4829,4.4092,2,6
776239,2025-09-21,4.5762,4.7994,1,0
776240,2025-09-21,4.2539,4.6628,1,7
776220,2025-09-22,4.7512,4.0271,5,6
776221,2025-09-22,4.4783,3.9921,11,5
776222,2025-09-22,4.0191,4.3521,5,4
776207,2025-09-23,3.9499,4.5743,4,8
776208,2025-09-23,4.1012,4.9436,5,1
776209,2025-09-23,4.6575,4.2221,7,9
776210,2025-09-23,4.3467,3.7844,1,4
776211,2025-09-23,4.7427,4.1422,8,9
776212,2025-09-23,4.8895,3.6224,4,3
776213,2025-09-23,4.3492,5.155,5,4
776214,2025-09-23,4.1644,4.6725,7,0
776215,2025-09-23,4.807,4.2324,5,6
776216,2025-09-23,5.158,3.8998,3,2
776217,2025-09-23,4.6666,4.7401,1,4
776218,2025-09-23,4.0444,4.0092,5,2
776219,2025-09-23,4.6885,3.9342,3,2
776223,2025-09-23,4.1901,4.43,6,0
776224,2025-09-23,4.3741,4.0282,2,4
776192,2025-09-24,4.3596,3.7018,4,2
776193,2025-09-24,4.3628,5.18,4,5
776194,2025-09-24,4.7098,3.6099,9,2
776195,2025-09-24,4.015,4.9638,6,0
776196,2025-09-24,4.4349,4.1317,4,3
776197,2025-09-24,4.0715,4.5682,3,2
776198,2025-09-24,4.0658,4.2296,1,3
776199,2025-09-24,5.3305,3.8884,8,1
776200,2025-09-24,4.6226,4.1596,3,4
776201,2025-09-24,4.9775,4.3176,11,1
776202,2025-09-24,4.3419,4.0756,3,4
776203,2025-09-24,4.2455,4.3135,2,6
776204,2025-09-24,4.0568,3.9746,5,1
776205,2025-09-24,4.4823,4.2837,10,3
776206,2025-09-24,4.6564,4.8124,1,7
776178,2025-09-25,4.0053,4.5325,4,9
776179,2025-09-25,4.8382,3.6823,6,2
776182,2025-09-25,4.048,4.7462,5,11
776183,2025-09-25,4.4075,3.7598,0,4
776184,2025-09-25,5.3995,3.844,5,3
776185,2025-09-25,4.3788,5.0825,0,8
776186,2025-09-25,4.5549,4.7584,6,1
776187,2025-09-25,4.4803,4.3576,5,8
776188,2025-09-25,4.9832,4.4377,1,0
776189,2025-09-25,4.2241,3.9635,2,4
776190,2025-09-25,4.331,3.989,2,1
776191,2025-09-25,4.2396,4.3935,6,5
776165,2025-09-26,4.4886,4.5085,9,10
776166,2025-09-26,4.9459,3.6318,6,3
776167,2025-09-26,4.8629,3.8776,12,1
776168,2025-09-26,4.1559,4.3373,2,3
776169,2025-09-26,4.0585,4.9011,4,3
776170,2025-09-26,4.6378,4.3116,7,4
776171,2025-09-26,4.2523,3.9052,1,3
776172,2025-09-26,4.0554,4.481,4,3
776173,2025-09-26,4.3395,4.9893,6,2
776174,2025-09-26,4.9972,4.4742,8,4
776175,2025-09-26,4.554,3.9221,3,7
776176,2025-09-26,5.0055,4.1573,3,1
776177,2025-09-26,4.3074,4.1877,4,2
776180,2025-09-26,4.0635,3.9746,3,9
776181,2025-09-26,4.3431,4.4465,4,3
776146,2025-09-27,4.864,3.6131,4,3
776150,2025-09-27,4.1567,4.3914,3,5
776152,2025-09-27,4.6692,4.3964,5,1
776153,2025-09-27,4.2604,3.9706,4,7
776154,2025-09-27,4.1228,4.3458,2,4
776155,2025-09-27,3.9445,4.9588,1,6
776156,2025-09-27,4.0881,3.8723,1,3
776157,2025-09-27,4.4739,4.3557,1,2
776158,2025-09-27,4.7006,3.9163,3,2
776159,2025-09-27,4.3224,4.1865,5,1
776160,2025-09-27,4.5587,4.5838,6,5
776161,2025-09-27,4.33,5.1431,0,5
776162,2025-09-27,5.3964,4.4503,6,1
776163,2025-09-27,5.4668,3.993,0,5
776164,2025-09-27,4.7595,3.874,7,3
776135,2025-09-28,4.1001,4.9615,2,6
776136,2025-09-28,4.6575,4.4763,12,4
776137,2025-09-28,4.84,3.6317,4,0
776138,2025-09-28,3.9308,4.4173,2,9
776139,2025-09-28,4.1841,4.5246,1,6
776140,2025-09-28,4.8482,4.5317,3,2
776141,2025-09-28,5.2263,3.9734,2,1
776142,2025-09-28,4.5124,3.8746,2,0
776143,2025-09-28,4.4978,4.5063,0,8
776144,2025-09-28,4.2375,3.8278,4,2
776145,2025-09-28,4.3283,4.1121,13,4
776147,2025-09-28,4.6806,3.928,9,8
776148,2025-09-28,4.2951,5.1716,4,0
776149,2025-09-28,4.0916,4.0559,4,1
776151,2025-09-28,4.4529,4.5089,4,3
813066,2025-09-30,3.951,4.1805,3,1
813069,2025-09-30,4.5106,4.0318,10,5
813072,2025-09-30,4.0233,3.976,1,2
813074,2025-09-30,4.6977,4.5034,1,3
822838,2026-03-28,4.8434,4.1354,8,7
823082,2026-03-28,4.2618,3.9099,6,5
823161,2026-03-28,3.935,3.7574,5,6
823241,2026-03-28,3.9921,4.786,1,3
823323,2026-03-28,4.2238,3.9191,3,0
823488,2026-03-28,5.2905,3.8496,4,5
823651,2026-03-28,5.2247,3.8261,4,2
823811,2026-03-28,5.39,3.5086,6,1
823892,2026-03-28,4.4618,4.3857,4,3
823973,2026-03-28,5.204,4.4954,3,2
824213,2026-03-28,4.5127,4.1109,11,9
824540,2026-03-28,4.2852,4.7558,6,5
824701,2026-03-28,4.7813,3.9546,10,2
824862,2026-03-28,4.5448,4.1285,1,4
824945,2026-03-28,4.0015,4.1296,6,2
822837,2026-03-29,4.7648,4.1058,5,2
823079,2026-03-29,4.1841,3.9439,7,11
823160,2026-03-29,3.8984,3.7086,8,0
823487,2026-03-29,5.2611,3.986,3,8
823647,2026-03-29,4.9984,3.7916,3,4
823810,2026-03-29,5.4526,3.6452,9,7
823891,2026-03-29,4.4893,4.3669,4,3
824215,2026-03-29,4.7724,4.1151,9,7
824538,2026-03-29,4.3216,4.6573,3,2
824700,2026-03-29,4.8231,3.9618,3,6
824864,2026-03-29,4.5363,4.3989,8,6
824944,2026-03-29,4.0942,4.1409,1,4
822834,2026-03-30,5.4558,4.0127,5,14
823080,2026-03-30,4.3015,4.5951,2,4
823159,2026-03-30,3.9558,4.6553,2,1
823320,2026-03-30,4.4811,4.2254,2,3
823484,2026-03-30,5.3878,4.1927,2,13
823809,2026-03-30,4.3631,3.7747,2,3
823890,2026-03-30,4.3652,4.4543,4,9
823972,2026-03-30,4.5595,3.9412,2,4
824135,2026-03-30,4.1976,3.8331,3,1
824214,2026-03-30,4.0944,4.4838,8,1
824539,2026-03-30,4.4218,3.9052,2,0
824702,2026-03-30,4.7923,3.8766,7,2
824863,2026-03-30,4.8911,4.4093,2,5
824943,2026-03-30,4.2872,3.9226,4,0
825108,2026-03-30,4.4485,5.0475,9,6
822836,2026-03-31,5.2051,4.0512,5,1
823077,2026-03-31,4.2889,4.604,3,0
823158,2026-03-31,3.9832,4.5663,0,5
823322,2026-03-31,4.364,4.2268,3,9
823485,2026-03-31,5.9112,4.1847,3,2
823807,2026-03-31,4.3675,3.9233,6,2
823888,2026-03-31,4.4196,4.4845,9,2
823969,2026-03-31,4.4025,3.9629,4,1
824212,2026-03-31,4.1461,4.325,9,2
824537,2026-03-31,4.382,3.8782,3,8
824699,2026-03-31,4.7242,3.8507,0,2
824861,2026-03-31,4.777,4.6116,5,8
824942,2026-03-31,4.2562,3.9461,2,5
825107,2026-03-31,4.5077,4.8721,7,5
822835,2026-04-01,5.0543,3.8964,1,2
823078,2026-04-01,4.316,4.4359,2,1
823157,2026-04-01,3.8712,4.4775,3,5
823321,2026-04-01,4.4403,4.3594,7,1
823483,2026-04-01,4.9914,3.9698,6,5
823806,2026-04-01,4.3586,3.8677,8,2
823889,2026-04-01,4.3393,4.2507,10,0
823970,2026-04-01,4.3085,3.8561,1,4
824136,2026-04-01,4.1817,3.6966,13,9
824211,2026-04-01,4.0568,4.342,6,4
824536,2026-04-01,4.2378,3.9036,3,8
824698,2026-04-01,4.9435,3.8585,6,2
824860,2026-04-01,4.4436,4.4991,8,3
824940,2026-04-01,4.3872,3.8888,5,1
825106,2026-04-01,4.3279,4.8878,1,0
823242,2026-04-02,4.8061,4.4008,7,2
824133,2026-04-02,4.0459,3.7966,1,5
825105,2026-04-02,4.3459,5.0422,2,17
822758,2026-04-03,4.0434,5.6765,6,13
822919,2026-04-03,3.9712,3.7442,3,5
823240,2026-04-03,4.3638,4.5682,3,10
823406,2026-04-03,4.4034,4.4485,5,4
823568,2026-04-03,4.862,4.2359,8,2
823732,2026-04-03,4.421,4.5829,10,4
824056,2026-04-03,4.1184,4.4993,1,3
824299,2026-04-03,4.6575,4.4353,4,0
824377,2026-04-03,4.3803,4.9017,1,10
824458,2026-04-03,4.3403,4.5391,4,1
824621,2026-04-03,4.1475,4.6772,5,4
824786,2026-04-03,4.2722,4.6549,5,2
825026,2026-04-03,4.1411,4.9439,11,4
825103,2026-04-03,4.4196,5.157,0,2
822757,2026-04-04,4.0831,5.5525,5,10
822920,2026-04-04,4.0585,3.8347,0,2
823239,2026-04-04,4.3969,4.5491,0,9
823404,2026-04-04,4.365,4.441,3,2
823569,2026-04-04,4.8544,4.0186,9,7
823730,2026-04-04,4.5487,4.5086,1,7
824054,2026-04-04,4.0629,4.7003,1,0
824132,2026-04-04,4.1254,4.4763,2,5
824134,2026-04-04,4.1336,4.5103,8,2
824295,2026-04-04,4.9902,4.1032,11,6
824378,2026-04-04,4.3018,5.1686,1,2
824622,2026-04-04,4.1043,4.6015,6,3
824782,2026-04-04,4.2915,4.3006,2,3
825027,2026-04-04,4.0782,4.8876,0,11
825104,2026-04-04,4.3764,5.3119,2,1
822756,2026-04-05,4.1163,5.6881,6,8
822917,2026-04-05,3.9208,3.6316,1,2
823238,2026-04-05,4.3849,4.6318,2,5
823405,2026-04-05,4.4548,4.3685,8,2
823566,2026-04-05,4.9363,4.1304,6,7
823729,2026-04-05,4.4891,4.4503,1,4
824053,2026-04-05,4.0922,4.6944,8,7
824131,2026-04-05,3.9913,4.4463,5,8
824296,2026-04-05,4.9204,4.1906,3,5
824379,2026-04-05,4.3771,5.1384,4,1
824459,2026-04-05,4.4195,4.3884,0,1
824460,2026-04-05,4.1261,4.3623,6,5
824620,2026-04-05,4.167,4.7109,3,0
824781,2026-04-05,4.6244,4.649,6,8
825025,2026-04-05,4.1222,5.007,12,10
825102,2026-04-05,4.4235,5.4395,6,5
822755,2026-04-06,4.4341,5.0132,9,6
822832,2026-04-06,4.5265,4.8355,2,14
822918,2026-04-06,4.2073,4.3486,2,1
823002,2026-04-06,4.3534,4.3143,6,4
823237,2026-04-06,3.8163,4.4135,4,6
823401,2026-04-06,4.1993,4.2613,0,5
823728,2026-04-06,4.209,4.8863,7,3
823886,2026-04-06,4.2487,5.1644,0,2
824052,2026-04-06,4.028,5.3689,6,2
824376,2026-04-06,4.3534,5.3122,9,7
824456,2026-04-06,3.9721,4.021,2,4
824619,2026-04-06,4.2529,4.3742,1,2
824783,2026-04-06,4.1265,4.658,6,8
822754,2026-04-07,4.4782,4.6995,6,7
822831,2026-04-07,4.47,4.8064,1,4
822916,2026-04-07,3.7929,4.2393,3,2
822999,2026-04-07,4.3897,4.4011,2,9
823235,2026-04-07,3.7869,4.3026,6,0
823402,2026-04-07,3.7804,4.3586,7,1
823567,2026-04-07,5.1622,3.8425,5,3
823648,2026-04-07,4.9073,4.4601,4,3
823727,2026-04-07,4.3212,4.8328,4,2
823887,2026-04-07,4.1098,5.285,3,6
824051,2026-04-07,4.0111,5.3626,2,7
824375,2026-04-07,4.3106,5.217,5,1
824457,2026-04-07,4.0204,4.1587,2,1
824618,2026-04-07,4.3473,4.66,2,4
824780,2026-04-07,4.1234,4.6749,3,2
822753,2026-04-08,4.3861,4.8921,1,6
822833,2026-04-08,4.3972,4.723,4,3
822915,2026-04-08,4.148,4.3551,3,0
823000,2026-04-08,4.2404,4.3386,2,6
823234,2026-04-08,3.8276,4.4677,5,0
823403,2026-04-08,3.9275,4.2617,2,8
823564,2026-04-08,4.7909,3.8395,2,3
823646,2026-04-08,4.8506,4.5054,2,7
823726,2026-04-08,4.3162,4.8193,8,6
823885,2026-04-08,4.0741,5.1157,7,4
824050,2026-04-08,3.9898,5.2014,2,8
824374,2026-04-08,4.4152,5.368,9,1
824455,2026-04-08,3.9755,4.0517,10,2
824617,2026-04-08,4.1379,4.4804,3,5
824779,2026-04-08,4.4962,4.8814,5,0
823319,2026-04-09,4.6556,3.6278,7,3
823565,2026-04-09,5.1206,4.043,0,1
823645,2026-04-09,4.9514,4.6563,1,7
823724,2026-04-09,4.4144,4.809,3,1
823884,2026-04-09,4.0714,5.024,8,1
824130,2026-04-09,4.8231,3.6836,0,2
822829,2026-04-10,4.7986,4.6823,10,4
822997,2026-04-10,4.0351,4.5973,5,3
823076,2026-04-10,4.2012,4.3613,3,2
823156,2026-04-10,3.8374,3.7337,9,6
823318,2026-04-10,4.7889,3.7117,5,2
823482,2026-04-10,4.6644,4.3998,4,5
823643,2026-04-10,4.9894,3.9571,0,4
823808,2026-04-10,4.9559,3.8327,3,7
823968,2026-04-10,4.9167,4.0923,8,7
824128,2026-04-10,4.4764,3.7306,2,0
824297,2026-04-10,4.4883,4.1637,2,0
824534,2026-04-10,4.714,4.0984,2,10
824695,2026-04-10,3.9628,3.7235,0,2
824858,2026-04-10,4.2582,4.3964,3,6
824941,2026-04-10,3.9724,3.8293,11,5
822830,2026-04-11,4.6992,4.3686,4,7
822996,2026-04-11,4.1326,4.5106,5,4
823074,2026-04-11,4.3866,4.2941,1,7
823155,2026-04-11,3.9875,3.8959,8,7
823316,2026-04-11,4.8803,3.6786,9,5
823480,2026-04-11,4.8346,4.5987,4,3
823644,2026-04-11,4.8553,4.0735,6,11
823805,2026-04-11,4.7633,3.8882,1,3
823967,2026-04-11,5.1368,4.2184,6,3
824129,2026-04-11,4.4864,3.6616,2,0
824294,2026-04-11,4.5987,4.3209,6,1
824535,2026-04-11,4.528,4.4187,7,3
824697,2026-04-11,4.0427,3.6628,3,4
824857,2026-04-11,4.2398,4.5188,6,2
824939,2026-04-11,4.0357,3.8648,0,6
822828,2026-04-12,4.8283,4.4655,2,8
822998,2026-04-12,3.9847,4.4266,5,4
823075,2026-04-12,4.3546,4.4127,3,9
823154,2026-04-12,3.9659,3.8784,6,1
823317,2026-04-12,4.6609,3.6433,7,2
823479,2026-04-12,4.9027,4.4113,3,4
823642,2026-04-12,4.69,4.0128,0,1
823804,2026-04-12,4.7464,4.0495,6,8
823966,2026-04-12,4.924,4.1677,2,5
824126,2026-04-12,4.3715,3.6025,5,6
824293,2026-04-12,4.5583,4.2932,8,2
824533,2026-04-12,4.4605,4.2861,6,9
824696,2026-04-12,3.9438,3.6884,7,6
824859,2026-04-12,4.2992,4.4623,6,2
824938,2026-04-12,3.9663,3.8594,13,1
823073,2026-04-13,3.7945,3.9607,3,9
823153,2026-04-13,3.9756,4.0103,6,2
823400,2026-04-13,4.4648,4.1198,16,5
823481,2026-04-13,4.8726,4.3825,13,7
823563,2026-04-13,4.7099,3.9758,11,10
823725,2026-04-13,4.398,5.1269,13,6
823964,2026-04-13,4.8868,4.5334,4,0
824856,2026-04-13,4.6748,4.8522,9,7
824937,2026-04-13,4.5203,4.2267,4,10
825024,2026-04-13,4.4606,5.0238,1,8
823072,2026-04-14,4.0614,3.9494,6,5
823315,2026-04-14,4.1598,4.3216,4,1
823398,2026-04-14,4.6081,4.398,4,5
823478,2026-04-14,4.76,4.4777,4,10
823562,2026-04-14,4.7692,4.02,1,7
823723,2026-04-14,4.5168,5.1285,6,0
823802,2026-04-14,4.4931,3.9486,7,9
823965,2026-04-14,4.6694,4.4382,2,1
824210,2026-04-14,4.7922,3.8022,7,6
824292,2026-04-14,4.1084,4.293,2,1
824531,2026-04-14,4.1415,4.4444,2,1
824616,2026-04-14,4.0884,4.4696,5,8
824853,2026-04-14,4.6234,4.7487,3,4
824935,2026-04-14,4.4824,4.1673,6,5
825022,2026-04-14,4.3596,5.1562,2,1
823071,2026-04-15,4.2418,3.9977,5,3
823314,2026-04-15,4.1555,4.2973,7,6
823399,2026-04-15,4.5052,4.1935,2,0
823477,2026-04-15,4.7061,4.5418,2,11
823561,2026-04-15,5.3456,4.1179,5,4
823722,2026-04-15,4.4025,4.9161,5,9
823803,2026-04-15,4.5471,3.9974,2,1
823963,2026-04-15,4.7281,4.4362,8,2
824209,2026-04-15,4.8261,3.7807,3,1
824291,2026-04-15,4.3048,4.1123,2,1
824532,2026-04-15,4.1777,4.3206,8,3
824615,2026-04-15,4.2165,4.3904,3,8
824855,2026-04-15,4.8678,4.6444,5,8
824936,2026-04-15,4.443,4.1826,6,3
825021,2026-04-15,4.8127,5.2537,6,5
823313,2026-04-16,4.2479,4.3081,5,2
823396,2026-04-16,4.4207,4.111,7,8
823560,2026-04-16,4.96,4.1169,4,11
823801,2026-04-16,4.6151,4.0023,2,1
824208,2026-04-16,4.9549,3.7567,2,3
824289,2026-04-16,4.0961,3.9982,10,9
824453,2026-04-16,4.3791,4.3422,4,2
824530,2026-04-16,4.1581,4.2079,0,3
824614,2026-04-16,4.0293,4.3606,3,5
825023,2026-04-16,4.527,5.0389,6,9
822752,2026-04-17,4.0863,4.598,5,10
823152,2026-04-17,4.3125,3.7869,0,5
823397,2026-04-17,4.2265,3.897,5,1
823476,2026-04-17,4.4875,4.3985,0,9
823559,2026-04-17,4.5627,4.0586,4,2
823720,2026-04-17,4.7398,5.0876,1,2
823883,2026-04-17,4.0765,5.3463,5,7
824048,2026-04-17,4.0722,4.9201,8,0
824207,2026-04-17,4.9916,4.1954,4,9
824373,2026-04-17,4.3465,5.9165,1,7
824454,2026-04-17,4.5686,4.2981,4,6
824693,2026-04-17,4.4013,4.2186,12,4
824778,2026-04-17,4.2297,4.4447,1,0
825019,2026-04-17,4.7291,4.2746,2,9
825101,2026-04-17,4.6862,4.9512,6,3
822751,2026-04-18,4.1936,4.6264,6,7
823151,2026-04-18,4.2973,4.0485,7,3
823394,2026-04-18,4.1086,3.9954,7,8
823474,2026-04-18,4.2676,4.3753,1,3
823558,2026-04-18,4.5521,4.1065,13,4
823721,2026-04-18,4.4469,4.8467,4,5
823882,2026-04-18,3.9796,5.5425,2,5
824049,2026-04-18,4.0398,4.9125,1,4
824206,2026-04-18,4.8755,4.13,5,7
824372,2026-04-18,4.4762,6.0001,4,3
824451,2026-04-18,4.2997,4.3181,4,2
824694,2026-04-18,4.5925,4.0916,4,2
824775,2026-04-18,4.3233,4.3766,1,4
825020,2026-04-18,4.6745,4.4982,7,6
825098,2026-04-18,5.2759,4.9383,6,2
822750,2026-04-19,4.0861,4.8164,3,0
823150,2026-04-19,4.3097,3.93,5,2
823393,2026-04-19,4.2005,3.9813,6,3
823475,2026-04-19,4.3416,4.4693,2,4
823556,2026-04-19,4.4314,4.0161,7,0
823718,2026-04-19,4.4073,5.0385,4,7
823881,2026-04-19,3.9289,5.3173,5,3
824047,2026-04-19,4.0196,4.9152,1,2
824205,2026-04-19,4.7512,4.2589,5,7
824371,2026-04-19,4.3986,5.9485,9,6
824452,2026-04-19,4.4086,4.3038,8,4
824691,2026-04-19,4.7439,4.1209,2,1
824777,2026-04-19,4.2812,4.3627,2,6
825018,2026-04-19,4.4978,4.46,4,7
825100,2026-04-19,4.6242,4.8414,4,10
822749,2026-04-20,3.9731,5.3148,4,9
822994,2026-04-20,4.1636,4.008,1,6
823149,2026-04-20,4.3282,3.8377,4,6
823879,2026-04-20,4.675,4.7791,5,3
824046,2026-04-20,4.241,5.1388,2,5
824125,2026-04-20,4.2896,4.4635,5,7
824370,2026-04-20,4.371,5.8196,3,12
824450,2026-04-20,4.0989,4.1561,2,9
824692,2026-04-20,4.013,4.1234,5,1
824776,2026-04-20,4.2377,4.4087,8,6
822747,2026-04-21,3.9867,5.1877,11,4
822914,2026-04-21,3.9187,3.6829,5,1
822995,2026-04-21,3.9704,3.8555,6,12
823148,2026-04-21,4.2792,3.8989,2,5
823236,2026-04-21,4.0485,4.5491,3,1
823640,2026-04-21,4.716,4.0703,3,5
823880,2026-04-21,4.6336,4.8159,3,5
824045,2026-04-21,4.2447,5.3072,2,4
824127,2026-04-21,4.3371,4.4629,6,5
824290,2026-04-21,4.123,4.2253,4,12
824369,2026-04-21,4.4868,5.5184,0,1
824448,2026-04-21,4.1683,4.1185,8,5
824690,2026-04-21,4.0457,4.0589,7,4
824773,2026-04-21,4.485,4.7445,0,4
825099,2026-04-21,5.1656,4.3107,5,11
822748,2026-04-22,4.1208,5.5577,6,8
822913,2026-04-22,3.8986,3.6752,4,8
822993,2026-04-22,4.3133,4.0227,6,1
823147,2026-04-22,4.2856,3.851,5,4
823231,2026-04-22,3.8827,4.5931,3,0
823641,2026-04-22,4.8521,4.2248,3,2
823878,2026-04-22,4.7312,4.8103,4,1
824044,2026-04-22,4.2691,5.107,7,3
824123,2026-04-22,4.4522,4.4511,6,8
824286,2026-04-22,4.2373,4.5797,5,2
824367,2026-04-22,4.5214,5.5134,8,3
824449,2026-04-22,4.0985,4.104,0,2
824688,2026-04-22,4.0547,4.0516,7,2
824774,2026-04-22,4.6653,4.666,1,4
825097,2026-04-22,5.5294,4.3969,11,7
822745,2026-04-23,4.0857,5.4264,2,7
822912,2026-04-23,4.0533,3.6335,6,1
823233,2026-04-23,3.9332,4.6468,0,3
823639,2026-04-23,4.7115,4.253,10,8
824288,2026-04-23,4.2739,4.517,5,4
824368,2026-04-23,4.8357,5.3962,8,10
824689,2026-04-23,4.0195,4.0382,8,7
824770,2026-04-23,4.3505,4.6854,2,4
825096,2026-04-23,5.2156,4.2419,1,4
822827,2026-04-24,4.2894,4.4715,6,8
822909,2026-04-24,4.1767,3.8033,1,8
822992,2026-04-24,4.2599,3.9543,6,2
823069,2026-04-24,4.2486,4.5412,2,3
823232,2026-04-24,4.7578,4.2813,4,9
823638,2026-04-24,4.81,3.8454,3,4
823800,2026-04-24,4.2546,3.6512,0,6
823962,2026-04-24,4.7714,4.54,4,6
824124,2026-04-24,4.4322,4.1786,6,3
824204,2026-04-24,4.249,4.6873,4,12
824529,2026-04-24,4.1152,4.4607,9,8
824611,2026-04-24,4.5899,4.4096,5,4
824854,2026-04-24,4.626,4.6827,10,3
824932,2026-04-24,3.9774,4.2086,5,3
822826,2026-04-25,4.2826,4.2323,5,3
822910,2026-04-25,4.2515,3.8602,4,3
822989,2026-04-25,4.3994,4.0346,6,1
823070,2026-04-25,4.2208,4.4781,9,11
823229,2026-04-25,4.5062,4.3027,6,2
823799,2026-04-25,4.5284,3.6104,3,6
823960,2026-04-25,4.781,4.6242,12,4
824121,2026-04-25,4.3927,4.1784,12,1
824203,2026-04-25,4.3023,4.8821,3,8
824527,2026-04-25,4.196,4.468,9,2
824613,2026-04-25,4.4244,4.488,3,6
824851,2026-04-25,4.5228,4.8736,1,17
824933,2026-04-25,4.1266,4.0218,5,8
825093,2026-04-25,4.7772,4.9359,4,6
822824,2026-04-26,4.3968,4.4732,4,2
822911,2026-04-26,4.2782,3.8332,1,2
822991,2026-04-26,4.4716,4.1126,4,2
823068,2026-04-26,4.321,4.5537,2,3
823230,2026-04-26,4.381,4.2426,6,3
823635,2026-04-26,5.0899,3.7787,1,3
823637,2026-04-26,4.8027,4.04,0,3
823797,2026-04-26,4.2508,3.7136,5,0
823959,2026-04-26,4.7178,4.5869,6,0
824122,2026-04-26,4.4853,4.1178,11,9
824202,2026-04-26,4.2948,4.8779,7,4
824528,2026-04-26,4.2246,4.3637,3,8
824612,2026-04-26,4.3565,4.4949,1,2
824852,2026-04-26,4.3976,4.6648,3,5
824934,2026-04-26,4.1051,3.8862,6,2
825094,2026-04-26,4.4304,4.76,12,7
822825,2026-04-27,4.6903,4.5356,0,5
822906,2026-04-27,4.0386,4.2861,2,4
823311,2026-04-27,4.273,4.4479,9,7
823395,2026-04-27,4.5086,4.0012,2,4
823719,2026-04-27,4.6156,4.5702,11,4
823961,2026-04-27,4.8917,4.2913,5,4
824446,2026-04-27,4.1976,3.8207,2,3
824609,2026-04-27,4.4879,4.3855,8,7
822823,2026-04-28,4.5559,4.7324,3,0
822908,2026-04-28,4.0055,4.3498,2,3
823310,2026-04-28,4.5239,4.3823,3,8
823390,2026-04-28,4.7089,3.9749,7,11
823473,2026-04-28,4.5481,4.4138,7,0
823636,2026-04-28,5.1289,4.2491,8,0
823716,2026-04-28,4.6995,4.5477,1,7
823798,2026-04-28,4.7593,4.4176,13,2
823956,2026-04-28,5.1941,4.1472,1,2
824447,2026-04-28,4.2425,3.9561,0,1
824526,2026-04-28,4.7009,3.9673,7,2
824610,2026-04-28,4.2065,4.2603,5,2
824849,2026-04-28,4.1119,4.6317,5,3
824931,2026-04-28,4.1003,4.2155,5,2
825017,2026-04-28,4.1214,4.4572,1,4
822821,2026-04-29,4.9447,4.5586,8,1
822907,2026-04-29,4.1146,4.4312,3,0
823312,2026-04-29,4.5551,4.4112,4,5
823392,2026-04-29,4.5549,3.9957,4,5
823633,2026-04-29,4.902,4.2588,2,14
823717,2026-04-29,4.6444,4.6099,3,5
823796,2026-04-29,4.83,4.4198,2,6
823958,2026-04-29,5.0958,4.1856,2,3
824445,2026-04-29,4.1826,3.897,3,1
824525,2026-04-29,4.9737,4.1861,2,13
824608,2026-04-29,4.4645,4.3183,3,2
824930,2026-04-29,4.0438,4.1457,4,3
825015,2026-04-29,4.177,4.4635,5,2
823391,2026-04-30,4.5199,3.997,5,10
823471,2026-04-30,4.5993,4.3973,6,5
823472,2026-04-30,4.6329,4.4157,3,2
823634,2026-04-30,4.8414,4.1477,4,5
823714,2026-04-30,4.4574,5.2666,7,1
823795,2026-04-30,4.5317,4.5087,13,1
824524,2026-04-30,4.879,4.2235,6,4
824848,2026-04-30,4.2069,4.6483,10,3
824850,2026-04-30,4.3806,4.4902,5,11
824929,2026-04-30,4.2235,4.0915,2,5
825016,2026-04-30,4.4413,4.4855,6,3
822744,2026-05-01,4.0156,5.5363,1,6
822990,2026-05-01,4.1169,4.2059,3,0
823066,2026-05-01,4.1761,4.6166,7,2
823146,2026-05-01,3.9727,3.9676,6,7
823309,2026-05-01,4.557,3.7764,2,8
823389,2026-05-01,4.092,4.0224,9,1
823557,2026-05-01,4.9161,4.3128,7,2
823713,2026-05-01,4.6493,5.2935,3,7
823877,2026-05-01,4.0477,4.5254,5,6
824041,2026-05-01,4.3536,4.9308,3,4
824287,2026-05-01,4.4766,4.0722,4,5
824366,2026-05-01,4.359,5.7684,6,8
824686,2026-05-01,4.8958,4.4017,6,5
824772,2026-05-01,4.3012,4.4476,3,1
825012,2026-05-01,3.9969,4.9377,5,8
822746,2026-05-02,3.9702,5.5019,1,4
822988,2026-05-02,4.0941,4.2363,5,1
823067,2026-05-02,4.2936,4.7904,3,2
823144,2026-05-02,3.9991,3.921,2,3
823308,2026-05-02,4.6819,3.7281,0,4
823388,2026-05-02,4.0845,3.9746,17,7
823554,2026-05-02,4.7852,4.3173,9,4
823715,2026-05-02,4.5373,4.8497,4,11
823876,2026-05-02,4.1158,4.4774,4,0
824042,2026-05-02,4.2909,4.6137,4,3
824284,2026-05-02,4.6043,4.1957,5,1
824365,2026-05-02,4.176,5.5164,1,9
824685,2026-05-02,4.747,4.4361,2,0
824771,2026-05-02,4.4204,4.4022,3,6
825014,2026-05-02,4.1165,4.8889,6,14
822742,2026-05-03,3.9976,5.5469,3,2
822987,2026-05-03,4.1702,4.2588,2,1
823065,2026-05-03,4.3528,4.8203,1,4
823145,2026-05-03,3.9398,3.9398,1,4
823307,2026-05-03,5.1459,3.8178,4,3
823387,2026-05-03,3.7757,3.7714,1,0
823555,2026-05-03,5.1509,4.3441,11,3
823711,2026-05-03,4.6453,4.8921,4,3
823875,2026-05-03,4.1942,4.6215,2,7
824043,2026-05-03,4.3774,4.6995,1,5
824285,2026-05-03,4.5121,4.3917,7,1
824364,2026-05-03,4.4873,5.5115,6,11
824687,2026-05-03,5.1253,4.5589,8,4
824769,2026-05-03,4.3659,4.2705,1,3
825013,2026-05-03,4.0123,4.9964,7,1
822984,2026-05-04,4.3061,4.1327,5,1
823064,2026-05-04,4.218,4.6977,6,3
823143,2026-05-04,3.9421,4.2933,5,4
823228,2026-05-04,3.9123,4.3603,3,2
823552,2026-05-04,4.9552,4.1777,12,1
823874,2026-05-04,4.1255,4.5368,0,1
824039,2026-05-04,4.4135,4.4315,0,6
824120,2026-05-04,4.0914,3.7117,6,2
824201,2026-05-04,4.2455,4.8074,3,8
824283,2026-05-04,4.5125,4.5512,4,5
824363,2026-05-04,4.5571,5.0432,2,4
824684,2026-05-04,4.0818,3.6413,5,4
822743,2026-05-05,4.3661,5.0701,3,11
822986,2026-05-05,4.2946,4.0913,4,3
823142,2026-05-05,3.9838,4.1904,2,3
823227,2026-05-05,3.9051,4.3544,5,10
823469,2026-05-05,4.7765,4.1096,9,1
823553,2026-05-05,4.8928,4.2046,7,4
823873,2026-05-05,4.2986,4.4543,7,9
824040,2026-05-05,4.4894,4.5787,4,3
824119,2026-05-05,4.0258,3.7475,5,3
824200,2026-05-05,4.0983,4.5494,2,1
824281,2026-05-05,4.8224,4.4258,3,10
824682,2026-05-05,3.9909,3.6076,3,2
825092,2026-05-05,4.7292,4.6315,9,0
822740,2026-05-06,4.4008,5.3264,15,2
822985,2026-05-06,4.2967,4.0069,3,0
823063,2026-05-06,4.2154,4.6623,2,6
823141,2026-05-06,4.0517,4.4039,3,1
823226,2026-05-06,4.0015,4.3771,1,5
823470,2026-05-06,4.8893,4.1466,6,3
823550,2026-05-06,4.8576,4.0878,1,6
823872,2026-05-06,4.3761,4.5844,4,7
824036,2026-05-06,4.365,4.7258,8,2
824118,2026-05-06,4.0601,3.8423,1,3
824198,2026-05-06,4.0649,4.6791,2,12
824282,2026-05-06,4.594,4.5184,0,4
824361,2026-05-06,4.5582,5.0838,5,10
824683,2026-05-06,4.2042,3.5793,7,6
825091,2026-05-06,4.6088,4.6483,0,1
822741,2026-05-07,4.3327,5.072,7,5
823306,2026-05-07,4.8515,4.0779,1,2
823467,2026-05-07,4.7752,4.2082,1,12
823551,2026-05-07,4.8557,4.2601,9,2
823870,2026-05-07,4.5602,4.4689,4,3
824117,2026-05-07,4.0643,3.8678,5,8
824362,2026-05-07,4.7182,5.1022,6,2
824681,2026-05-07,4.1234,3.6391,8,3
824767,2026-05-07,4.3024,4.1562,4,8
825090,2026-05-07,4.8023,4.7355,2,4
822822,2026-05-08,4.6975,4.2717,2,0
822904,2026-05-08,4.2721,4.399,1,7
823225,2026-05-08,3.9366,3.8407,5,2
823303,2026-05-08,4.7767,4.0725,0,6
823466,2026-05-08,4.9601,3.8807,7,9
823794,2026-05-08,4.3445,4.3673,6,0
823871,2026-05-08,4.4328,5.2599,2,3
823957,2026-05-08,4.3023,4.3619,3,1
824116,2026-05-08,4.0775,3.953,4,3
824443,2026-05-08,4.2812,3.7858,6,4
824522,2026-05-08,4.3874,4.5897,0,10
824607,2026-05-08,4.1873,4.5453,8,12
824768,2026-05-08,4.2932,4.2798,2,0
824846,2026-05-08,4.5647,4.4585,3,4
825088,2026-05-08,4.7891,4.7932,1,3
822820,2026-05-09,4.8713,4.2767,14,1
822905,2026-05-09,4.2445,4.4509,6,0
823224,2026-05-09,3.9512,3.7607,3,13
823304,2026-05-09,4.4745,4.0324,4,2
823468,2026-05-09,4.9441,3.9352,9,3
823792,2026-05-09,4.2535,4.3458,4,3
823869,2026-05-09,4.3928,4.9153,8,7
823955,2026-05-09,4.5427,4.3221,2,7
824115,2026-05-09,4.013,3.9914,5,1
824444,2026-05-09,4.3828,3.7906,1,2
824523,2026-05-09,4.2584,4.5651,3,1
824606,2026-05-09,4.275,4.8225,6,1
824847,2026-05-09,4.6024,4.6281,2,6
825089,2026-05-09,4.8138,4.796,2,1
822819,2026-05-10,4.7175,4.2145,1,6
822902,2026-05-10,4.2747,4.317,3,0
823221,2026-05-10,4.0065,3.883,7,6
823305,2026-05-10,4.3937,4.0348,3,2
823463,2026-05-10,5.394,3.8041,6,0
823793,2026-05-10,4.4399,4.3744,4,3
823868,2026-05-10,4.5013,5.1189,5,2
823954,2026-05-10,4.296,4.2728,2,7
824113,2026-05-10,4.1729,3.955,3,6
824440,2026-05-10,4.4526,3.8873,4,5
824520,2026-05-10,4.3692,4.5394,5,0
824605,2026-05-10,4.1256,4.6343,2,1
824765,2026-05-10,4.2657,4.1775,1,4
824845,2026-05-10,4.5204,4.5256,2,1
825085,2026-05-10,4.6111,4.6485,5,1
822818,2026-05-11,4.3937,4.2522,5,8
822901,2026-05-11,4.3552,4.3103,0,1
823953,2026-05-11,4.6568,4.1128,3,9
824199,2026-05-11,4.3186,4.635,1,3
824441,2026-05-11,4.5094,3.9839,7,2
824844,2026-05-11,4.2211,5.3094,3,2
822817,2026-05-12,4.4697,4.4642,6,7
822903,2026-05-12,4.4466,4.2308,7,4
823385,2026-05-12,4.7041,3.8022,3,1
823632,2026-05-12,4.3336,4.0943,10,2
823712,2026-05-12,4.6604,4.2363,3,0
823790,2026-05-12,4.3461,4.022,6,4
823951,2026-05-12,4.809,4.1337,2,6
824197,2026-05-12,4.3875,4.6418,2,10
824442,2026-05-12,4.5705,4.0611,3,2
824521,2026-05-12,4.7723,4.6113,4,10
824604,2026-05-12,4.0151,4.4504,6,5
824764,2026-05-12,4.1684,4.4389,1,2
824843,2026-05-12,4.1445,4.9797,2,6
824927,2026-05-12,4.2342,4.7402,5,2
825011,2026-05-12,4.5751,4.7748,4,6
822815,2026-05-13,4.4366,4.2504,5,3
822900,2026-05-13,4.4874,4.3735,6,5
823386,2026-05-13,4.6829,3.9214,4,10
823631,2026-05-13,4.4114,4.2289,3,2
823710,2026-05-13,4.834,4.6482,5,9
823791,2026-05-13,4.2426,4.0096,1,3
823952,2026-05-13,4.7464,4.1674,4,0
824195,2026-05-13,4.4115,4.7286,4,3
824438,2026-05-13,4.5638,4.0009,4,2
824519,2026-05-13,4.7076,4.5714,7,8
824603,2026-05-13,4.0101,4.4071,6,5
824763,2026-05-13,4.3646,4.4488,3,1
824841,2026-05-13,4.2815,4.9079,7,0
824928,2026-05-13,4.231,4.5607,4,1
825010,2026-05-13,4.6619,4.7622,6,2
823383,2026-05-14,4.4095,3.8273,7,2
823630,2026-05-14,4.2376,4.0955,9,4
823709,2026-05-14,4.9401,4.6654,9,1
823789,2026-05-14,4.2266,4.0477,7,1
823950,2026-05-14,4.5053,4.1896,5,2
824196,2026-05-14,4.3713,4.6675,3,8
824517,2026-05-14,4.7005,4.5338,15,1
824602,2026-05-14,3.9498,4.3112,6,2
824762,2026-05-14,4.132,4.3763,1,3
824926,2026-05-14,4.2227,4.5048,0,2
825008,2026-05-14,4.5569,4.8087,4,5
822739,2026-05-15,4.3398,4.7632,3,2
822983,2026-05-15,4.4866,4.2282,7,2
823061,2026-05-15,4.1469,4.2761,5,4
823140,2026-05-15,3.9226,4.0546,0,2
823384,2026-05-15,4.0894,4.2676,9,11
823629,2026-05-15,4.4279,4.5529,2,5
823707,2026-05-15,4.2043,5.4368,2,3
824037,2026-05-15,3.9782,5.2029,0,6
824194,2026-05-15,4.4878,4.1399,2,0
824280,2026-05-15,4.4258,4.2491,3,2
824360,2026-05-15,4.5301,5.2014,1,9
824439,2026-05-15,4.0998,3.7548,6,7
824601,2026-05-15,4.1668,5.0649,5,10
824925,2026-05-15,4.2223,4.398,3,2
825009,2026-05-15,4.1497,4.4213,5,2
822737,2026-05-16,4.318,4.6611,13,3
822981,2026-05-16,4.4989,4.0452,5,10
823060,2026-05-16,4.4092,4.2997,4,2
823139,2026-05-16,3.9794,3.9306,4,7
823382,2026-05-16,3.5702,3.8232,0,6
823627,2026-05-16,4.5857,4.6391,6,3
823706,2026-05-16,4.2275,5.3144,1,2
824038,2026-05-16,4.0212,5.1182,2,15
824193,2026-05-16,4.5663,4.1101,4,1
824278,2026-05-16,4.4398,4.1646,1,2
824359,2026-05-16,4.6259,5.2539,4,2
824435,2026-05-16,4.1331,3.8158,7,4
824600,2026-05-16,4.1469,4.6345,8,3
824924,2026-05-16,4.1071,4.5399,2,3
825007,2026-05-16,4.1841,4.4453,4,6
822738,2026-05-17,4.3397,4.6374,3,7
822982,2026-05-17,4.5707,4.1443,6,3
823058,2026-05-17,4.1643,4.2528,0,2
823138,2026-05-17,3.9811,4.0105,3,8
823381,2026-05-17,4.1549,4.2081,0,6
823628,2026-05-17,4.786,4.5261,7,6
823708,2026-05-17,4.3509,5.3461,5,4
824034,2026-05-17,4.0382,5.3455,1,10
824192,2026-05-17,4.3733,4.1061,0,8
824279,2026-05-17,4.5976,4.2117,1,4
824358,2026-05-17,4.5886,5.4257,6,8
824436,2026-05-17,4.202,3.8777,10,3
824599,2026-05-17,4.3651,4.8922,9,8
824923,2026-05-17,4.3204,4.3721,8,1
825006,2026-05-17,4.2937,4.4479,1,10
822734,2026-05-18,4.2406,4.9269,7,16
822980,2026-05-18,4.4108,4.2177,16,6
823137,2026-05-18,4.5369,3.8518,6,1
823301,2026-05-18,4.1702,4.2359,1,0
823465,2026-05-18,4.5729,3.9848,5,4
823549,2026-05-18,5.1042,4.1793,7,6
823705,2026-05-18,4.8676,4.6746,6,3
823867,2026-05-18,4.0692,5.0954,12,0
824035,2026-05-18,3.7732,4.8242,2,1
824114,2026-05-18,4.2408,4.4077,1,3
824277,2026-05-18,4.3159,4.2504,2,8
824357,2026-05-18,4.5906,5.2494,7,6
824680,2026-05-18,4.0747,4.2719,3,9
825087,2026-05-18,4.6508,4.4847,12,2
822736,2026-05-19,4.2986,4.8621,9,6
822979,2026-05-19,4.406,4.2551,4,1
823059,2026-05-19,4.3103,4.0619,9,6
823136,2026-05-19,4.5033,3.7203,1,2
823302,2026-05-19,4.1073,4.262,4,5
823464,2026-05-19,4.4263,4.105,1,4
823548,2026-05-19,4.8164,4.2843,5,4
823704,2026-05-19,4.6067,4.7934,1,2
823865,2026-05-19,4.0177,5.4368,4,8
824033,2026-05-19,4.157,4.8904,6,14
824112,2026-05-19,4.1556,4.439,1,7
824276,2026-05-19,4.0582,4.1818,3,4
824356,2026-05-19,4.7076,5.2126,0,10
824677,2026-05-19,3.9986,4.2344,2,5
825086,2026-05-19,4.4771,4.4133,5,3
822735,2026-05-20,4.3752,4.9066,8,4
822977,2026-05-20,4.4203,4.2112,5,3
823057,2026-05-20,4.1592,4.0301,0,7
823134,2026-05-20,4.4428,3.6919,5,4
823299,2026-05-20,4.072,4.2418,0,4
823462,2026-05-20,4.5696,4.1244,4,9
823547,2026-05-20,4.8217,4.1061,1,2
823703,2026-05-20,4.4858,4.8767,4,1
823866,2026-05-20,3.9855,5.406,1,9
824032,2026-05-20,4.1848,5.0045,5,6
824111,2026-05-20,4.1853,4.491,3,4
824273,2026-05-20,4.2278,4.0685,2,3
824355,2026-05-20,4.6694,5.2661,4,5
824678,2026-05-20,4.0417,4.109,0,5
825084,2026-05-20,4.5916,4.4965,6,3
822733,2026-05-21,4.2815,4.8625,1,2
823056,2026-05-21,4.1303,4.0889,2,6
823545,2026-05-21,4.88,4.1439,0,2
823864,2026-05-21,4.026,5.3892,3,9
824031,2026-05-21,4.1089,4.9147,2,3
824274,2026-05-21,4.2667,4.0159,1,3
825083,2026-05-21,5.2651,4.1841,2,1
822816,2026-05-22,4.5238,4.1823,6,2
823223,2026-05-22,4.5171,3.9421,4,9
823298,2026-05-22,4.3847,4.0532,7,3
823461,2026-05-22,4.2847,3.8676,0,1
823546,2026-05-22,4.6261,4.1773,2,4
823788,2026-05-22,4.2891,4.29,5,1
823863,2026-05-22,4.2557,4.7954,2,1
824029,2026-05-22,4.2852,5.118,9,6
824110,2026-05-22,4.4147,4.8597,0,2
824679,2026-05-22,4.2544,4.0313,2,4
824761,2026-05-22,4.3651,4.1581,6,8
824842,2026-05-22,4.2244,4.2119,7,4
824922,2026-05-22,4.5235,4.0687,5,4
825082,2026-05-22,5.6163,4.2178,2,3
822814,2026-05-23,4.4853,4.3704,5,2
823222,2026-05-23,4.5768,4.1252,10,3
823300,2026-05-23,4.4318,3.9077,2,0
823458,2026-05-23,4.3201,3.9347,3,0
823787,2026-05-23,4.2159,4.3314,3,11
823862,2026-05-23,4.2621,4.571,4,1
824030,2026-05-23,4.3246,5.0723,5,2
824109,2026-05-23,4.2631,4.2427,5,0
824516,2026-05-23,4.6771,4.6706,7,6
824518,2026-05-23,4.6054,4.6027,1,8
824674,2026-05-23,4.1355,4.0311,0,3
824760,2026-05-23,4.4161,4.2219,2,4
824920,2026-05-23,4.5331,4.2488,0,2
825080,2026-05-23,5.356,4.3248,5,4
822813,2026-05-24,4.5851,4.0604,1,4
823220,2026-05-24,4.5645,4.0451,8,5
823297,2026-05-24,4.3262,3.9089,2,5
823459,2026-05-24,4.2794,4.2004,1,3
823544,2026-05-24,4.6295,3.9793,2,0
823786,2026-05-24,4.1431,4.2909,1,5
823861,2026-05-24,4.3532,4.6644,4,0
824028,2026-05-24,4.3368,5.0031,2,1
824108,2026-05-24,4.2755,4.7351,8,6
824676,2026-05-24,4.138,4.0136,5,8
824759,2026-05-24,4.6696,4.3155,5,6
824839,2026-05-24,4.4443,4.4367,5,3
824840,2026-05-24,4.339,4.4335,1,4
824921,2026-05-24,4.5174,4.1395,1,2
825081,2026-05-24,5.377,4.3301,9,1
822812,2026-05-25,4.6197,4.2737,2,8
822899,2026-05-25,4.0846,4.0617,0,9
823219,2026-05-25,4.7517,4.6134,2,6
823296,2026-05-25,4.0626,4.1487,0,3
823380,2026-05-25,4.2,4.8006,2,1
823625,2026-05-25,4.6657,4.0973,2,7
823784,2026-05-25,4.9134,3.9075,5,1
823948,2026-05-25,5.0369,3.699,5,3
824107,2026-05-25,3.9893,4.6792,3,4
824437,2026-05-25,4.7092,4.1212,2,10
824598,2026-05-25,4.3245,4.5414,3,1
824838,2026-05-25,4.3854,4.485,9,7
825005,2026-05-25,4.3602,4.6576,2,9
822811,2026-05-26,4.7035,4.2243,8,1
822898,2026-05-26,4.121,4.0612,10,7
823216,2026-05-26,4.6136,4.6156,5,7
823294,2026-05-26,4.1659,4.1107,3,4
823379,2026-05-26,4.3322,4.6179,12,1
823624,2026-05-26,4.4265,4.3037,2,7
823785,2026-05-26,4.8887,3.8779,6,0
823949,2026-05-26,5.1298,3.7368,15,6
824106,2026-05-26,4.0138,4.7526,1,15
824275,2026-05-26,4.7244,4.1309,6,10
824434,2026-05-26,4.4507,4.1709,3,6
824597,2026-05-26,4.2845,4.5438,3,5
824758,2026-05-26,4.0022,4.6502,6,7
824837,2026-05-26,4.4859,4.5148,6,1
825004,2026-05-26,4.4439,4.7933,1,4
822809,2026-05-27,4.6815,4.3839,2,1
822897,2026-05-27,4.0988,3.9572,3,4
823217,2026-05-27,4.4871,4.6392,2,3
823295,2026-05-27,4.0265,4.1713,0,3
823376,2026-05-27,4.4058,4.5959,4,10
823626,2026-05-27,4.5305,4.1794,4,2
823783,2026-05-27,4.9073,3.9575,2,1
823947,2026-05-27,5.3884,3.7273,4,1
824104,2026-05-27,4.1084,4.7011,0,7
824270,2026-05-27,4.5211,4.1186,4,0
824432,2026-05-27,4.8046,4.0939,3,2
824596,2026-05-27,4.26,4.6185,15,2
824756,2026-05-27,4.1132,4.6517,8,0
824836,2026-05-27,4.4775,4.493,11,2
825003,2026-05-27,4.2969,4.7571,1,9
822896,2026-05-28,4.007,4.058,1,5
823378,2026-05-28,4.5758,4.789,2,7
824272,2026-05-28,4.6263,4.1633,1,7
824595,2026-05-28,4.4637,4.265,6,2
824757,2026-05-28,3.9164,4.541,2,10
824834,2026-05-28,4.6176,4.7182,1,2
822732,2026-05-29,4.223,4.8559,5,7
822894,2026-05-29,4.0681,3.7427,9,1
822978,2026-05-29,4.5995,4.1024,8,5
823055,2026-05-29,4.2351,4.5664,6,5
823135,2026-05-29,4.5089,4.2921,7,6
823377,2026-05-29,4.476,4.2518,6,5
823623,2026-05-29,4.7422,4.2309,9,7
823946,2026-05-29,4.4104,4.3311,4,2
824191,2026-05-29,4.084,4.5973,4,5
824353,2026-05-29,4.6869,4.8277,8,6
824433,2026-05-29,4.3509,4.3133,4,3
824515,2026-05-29,4.1287,5.0681,3,8
824594,2026-05-29,4.0387,4.3171,4,3
824835,2026-05-29,4.7042,4.7737,5,6
825002,2026-05-29,4.0532,4.9699,2,8
822731,2026-05-30,4.0322,4.9661,9,4
822893,2026-05-30,4.1039,3.8525,7,6
822975,2026-05-30,4.6101,3.9522,3,14
823054,2026-05-30,4.2126,4.6094,1,6
823132,2026-05-30,4.5773,4.4044,5,1
823375,2026-05-30,4.6096,4.0746,10,9
823622,2026-05-30,4.7985,4.1872,6,1
823945,2026-05-30,4.3298,4.3809,3,4
824190,2026-05-30,4.0534,4.6128,9,2
824352,2026-05-30,4.7111,4.7551,8,3
824431,2026-05-30,4.2686,4.2361,1,9
824513,2026-05-30,4.1435,4.9123,2,5
824593,2026-05-30,4.1469,4.3182,7,1
824833,2026-05-30,4.5778,4.4587,6,5
825000,2026-05-30,3.9391,5.0721,6,4
822729,2026-05-31,4.121,5.1783,4,2
822895,2026-05-31,4.08,3.8382,6,3
822976,2026-05-31,4.7448,4.0825,5,2
823053,2026-05-31,4.2817,4.5405,5,1
823133,2026-05-31,4.5768,4.4783,3,2
823373,2026-05-31,4.5506,4.1082,9,3
823621,2026-05-31,4.7487,4.2705,10,1
823944,2026-05-31,4.7296,4.2094,9,1
824187,2026-05-31,4.0022,4.6605,0,2
824354,2026-05-31,4.6369,4.8019,6,19
824430,2026-05-31,4.194,4.2351,4,9
824512,2026-05-31,4.0656,4.9033,6,4
824592,2026-05-31,4.1852,4.1302,2,1
824832,2026-05-31,4.4789,4.4685,9,5
825001,2026-05-31,3.9837,5.4594,8,13
822730,2026-06-01,4.5736,4.6514,3,7
822974,2026-06-01,4.1705,3.839,9,10
823050,2026-06-01,4.3793,4.2592,1,2
823131,2026-06-01,4.2964,4.0156,3,2
823702,2026-06-01,4.9169,4.3933,9,6
823781,2026-06-01,4.3078,4.0843,16,2
824027,2026-06-01,4.5082,4.2821,8,9
824510,2026-06-01,4.0885,4.1095,2,9
825078,2026-06-01,4.2379,5.0872,4,1
822728,2026-06-02,4.5262,4.783,3,7
822971,2026-06-02,4.1656,3.8553,0,8
823052,2026-06-02,4.4076,4.2929,4,7
823129,2026-06-02,4.3944,4.0074,8,3
823460,2026-06-02,4.9596,4.3576,3,2
823541,2026-06-02,4.4439,3.91,4,9
823700,2026-06-02,4.6636,4.6216,6,4
823782,2026-06-02,4.5091,4.0298,8,3
824026,2026-06-02,4.629,4.4974,2,8
824189,2026-06-02,4.08,4.1909,6,10
824511,2026-06-02,4.3299,4.0988,4,3
824675,2026-06-02,4.3331,3.9046,1,2
824754,2026-06-02,4.9051,4.4871,2,4
824918,2026-06-02,4.2048,4.0284,4,3
825079,2026-06-02,4.8673,5.2026,5,6
822727,2026-06-03,4.5115,4.6056,1,4
822973,2026-06-03,4.2718,3.8142,2,7
823051,2026-06-03,4.3944,4.3121,5,3
823130,2026-06-03,4.2881,4.1167,1,7
823456,2026-06-03,4.6949,3.8949,3,2
823540,2026-06-03,4.3659,3.9628,4,5
823701,2026-06-03,4.751,4.3488,0,8
823780,2026-06-03,4.5587,4.1007,0,1
824024,2026-06-03,4.6172,4.3564,11,4
824188,2026-06-03,4.0326,3.9828,11,9
824509,2026-06-03,4.2097,4.0596,2,5
824671,2026-06-03,4.5032,3.8719,4,5
824755,2026-06-03,4.9088,4.4239,8,1
824917,2026-06-03,4.2348,4.131,7,3
825077,2026-06-03,4.1653,5.3018,0,7
823457,2026-06-04,4.6777,4.1586,6,4
823542,2026-06-04,4.3818,4.0367,2,1
823698,2026-06-04,4.369,4.3288,6,8
823779,2026-06-04,4.4681,4.0002,9,12
824185,2026-06-04,4.0992,3.9777,1,5
824672,2026-06-04,4.5633,3.9437,7,6
824753,2026-06-04,4.9854,4.501,2,8
824919,2026-06-04,4.2116,4.0951,2,7
825076,2026-06-04,4.4702,5.2667,3,2
822810,2026-06-05,4.891,4.3243,3,13
822892,2026-06-05,3.913,3.6859,3,2
823049,2026-06-05,4.3209,4.3877,10,3
823293,2026-06-05,4.2989,4.1174,0,5
823455,2026-06-05,5.1409,4.0142,8,6
823538,2026-06-05,4.8067,4.2721,3,5
823699,2026-06-05,4.249,4.293,5,3
823860,2026-06-05,4.1314,4.6098,0,6
823943,2026-06-05,4.8703,4.0223,1,0
824186,2026-06-05,4.1789,4.21,5,1
824271,2026-06-05,4.3685,4.6556,7,3
824350,2026-06-05,4.3478,5.9218,7,9
824673,2026-06-05,3.9879,3.9589,3,18
824914,2026-06-05,4.1294,3.8551,6,3
825073,2026-06-05,5.0867,4.867,1,14
822808,2026-06-06,4.7582,4.3799,6,4
822891,2026-06-06,4.0726,3.6659,0,6
823048,2026-06-06,4.3548,4.1416,6,5
823292,2026-06-06,4.1819,4.2209,3,2
823454,2026-06-06,5.1233,4.0968,3,6
823697,2026-06-06,4.2176,4.3082,2,3
823859,2026-06-06,4.0843,4.8182,4,3
823942,2026-06-06,5.091,4.0612,9,2
824184,2026-06-06,4.3615,4.2771,13,2
824269,2026-06-06,4.4873,4.537,0,4
824351,2026-06-06,4.3241,6.033,1,7
824669,2026-06-06,4.2377,4.182,3,2
824915,2026-06-06,4.0569,3.8372,6,3
825075,2026-06-06,5.0905,4.9873,1,6
822807,2026-06-07,4.8279,4.4321,6,4
822890,2026-06-07,4.1245,3.6428,10,0
823047,2026-06-07,4.531,4.2123,5,3
823291,2026-06-07,4.2419,4.2144,3,7
823453,2026-06-07,5.0794,3.9242,9,5
823537,2026-06-07,4.5736,4.39,6,1
823696,2026-06-07,4.2347,4.4484,5,6
823857,2026-06-07,4.0979,4.7644,4,1
823941,2026-06-07,4.9616,4.0559,5,13
824183,2026-06-07,4.3707,4.2456,0,5
824268,2026-06-07,4.4453,4.5062,5,4
824349,2026-06-07,4.2504,5.9908,4,12
824670,2026-06-07,4.377,4.2938,1,2
824916,2026-06-07,4.0108,3.8207,3,2
825074,2026-06-07,4.7695,4.9096,5,1
822806,2026-06-08,4.2846,4.5003,2,5
822972,2026-06-08,4.0883,4.3953,3,1
823218,2026-06-08,4.6517,4.4537,3,4
823289,2026-06-08,4.1897,3.9124,6,2
824025,2026-06-08,4.0933,4.9706,4,5
824427,2026-06-08,3.9641,4.4304,5,7
824829,2026-06-08,4.6387,4.6891,3,6
824998,2026-06-08,3.9968,5.643,14,15
822805,2026-06-09,4.3526,4.2609,3,2
822969,2026-06-09,4.1124,4.2531,4,3
823214,2026-06-09,4.5608,4.5479,3,6
823290,2026-06-09,3.9902,3.9644,3,5
823374,2026-06-09,4.3537,4.5354,3,12
823620,2026-06-09,4.7539,4.1308,0,7
823858,2026-06-09,4.488,4.9122,10,6
824023,2026-06-09,4.0475,4.7608,10,1
824105,2026-06-09,4.3452,4.0433,5,3
824267,2026-06-09,4.5551,4.2216,10,4
824347,2026-06-09,4.9136,5.6338,7,3
824429,2026-06-09,4.0871,4.6844,2,3
824591,2026-06-09,4.0257,4.6545,6,5
824830,2026-06-09,4.5611,4.7517,5,6
824999,2026-06-09,4.1757,5.3784,7,5
822804,2026-06-10,4.3927,4.5325,4,7
822970,2026-06-10,4.2629,4.2965,7,5
823215,2026-06-10,4.6084,4.4425,11,10
823287,2026-06-10,4.3159,3.8445,5,4
823372,2026-06-10,3.9571,4.6395,9,8
823618,2026-06-10,4.7706,4.1386,2,9
823856,2026-06-10,4.4662,5.2438,8,0
824022,2026-06-10,4.0749,4.8381,3,2
824103,2026-06-10,4.419,4.0374,4,6
824266,2026-06-10,4.8719,4.2649,4,6
824348,2026-06-10,4.6483,5.7719,3,2
824428,2026-06-10,3.9513,4.4767,4,8
824590,2026-06-10,3.9373,4.5698,2,1
824831,2026-06-10,4.588,4.7145,7,2
824996,2026-06-10,4.0181,5.408,4,3
823371,2026-06-11,4.1922,4.8412,6,8
823619,2026-06-11,4.7568,4.1324,5,4
823855,2026-06-11,4.6229,5.1587,2,0
824101,2026-06-11,4.4947,4.0823,2,4
824265,2026-06-11,4.7484,4.2632,11,0
824346,2026-06-11,4.7865,5.6299,3,9
824827,2026-06-11,4.5463,4.625,7,5
822726,2026-06-12,4.2243,5.0256,2,10
822803,2026-06-12,4.4804,4.6169,8,5
823211,2026-06-12,4.4748,4.5355,1,5
823370,2026-06-12,4.6607,4.2048,3,8
823617,2026-06-12,4.2308,4.2943,7,5
823695,2026-06-12,4.8766,4.5539,9,8
823778,2026-06-12,4.0702,3.5995,6,0
824020,2026-06-12,4.0391,4.531,4,3
824102,2026-06-12,4.0996,4.2971,8,10
824425,2026-06-12,4.0513,3.9391,3,2
824507,2026-06-12,4.8715,4.8832,2,5
824588,2026-06-12,3.9464,4.7865,8,2
824752,2026-06-12,4.4563,4.3285,10,1
824826,2026-06-12,4.3387,4.7002,7,3
824997,2026-06-12,4.8511,4.4552,6,4
822725,2026-06-13,4.2656,4.9233,8,3
822802,2026-06-13,4.5352,4.8483,1,3
823213,2026-06-13,4.1864,4.5916,1,6
823369,2026-06-13,4.5996,4.3586,3,2
823616,2026-06-13,4.264,4.3166,1,3
823694,2026-06-13,4.6929,4.7364,6,9
823776,2026-06-13,4.2275,4.0982,8,9
824019,2026-06-13,4.1048,4.5318,8,0
824100,2026-06-13,4.2513,4.5185,7,8
824426,2026-06-13,3.9415,3.9947,3,1
824508,2026-06-13,4.5831,4.7179,2,1
824587,2026-06-13,3.9544,4.5728,1,7
824749,2026-06-13,4.5909,4.1686,6,3
824828,2026-06-13,4.8447,4.4473,3,9
824995,2026-06-13,5.0273,4.7334,7,5
822722,2026-06-14,4.2478,5.0135,10,1
822801,2026-06-14,4.5022,4.8048,3,8
823212,2026-06-14,4.2478,4.6138,5,1
823368,2026-06-14,4.6229,4.3264,2,4
823615,2026-06-14,4.2447,4.2975,8,1
823693,2026-06-14,4.7814,4.6505,5,4
823777,2026-06-14,4.1659,3.9649,4,0
824021,2026-06-14,4.148,4.7503,3,8
824099,2026-06-14,4.2138,4.3836,4,0
824506,2026-06-14,4.6818,4.7135,3,5
824586,2026-06-14,3.9324,4.6331,6,4
824751,2026-06-14,4.7857,4.1773,4,6
824823,2026-06-14,4.4924,4.6682,2,5
824994,2026-06-14,5.3299,4.5592,9,23
822724,2026-06-15,4.4017,4.5435,7,3
822887,2026-06-15,4.4893,3.6739,2,4
823046,2026-06-15,4.1501,3.9181,3,0
823452,2026-06-15,5.0181,4.1786,7,0
823938,2026-06-15,4.7024,4.0302,4,3
824181,2026-06-15,4.0485,4.2653,3,9
824505,2026-06-15,4.5822,4.3749,12,0
824666,2026-06-15,4.7831,3.6888,5,4
824993,2026-06-15,4.3101,4.6404,11,2
825071,2026-06-15,5.0363,4.5135,4,3
822723,2026-06-16,4.273,4.4772,6,4
822888,2026-06-16,4.4478,3.7991,2,12
823045,2026-06-16,4.1586,4.3369,3,2
823128,2026-06-16,4.3974,4.1979,3,1
823451,2026-06-16,4.9994,4.2076,8,2
823535,2026-06-16,4.8999,3.9634,12,2
823775,2026-06-16,4.2783,3.8088,2,1
823939,2026-06-16,4.6203,3.9749,1,0
824182,2026-06-16,4.2108,4.0502,4,2
824504,2026-06-16,4.4852,4.7473,5,3
824667,2026-06-16,4.7723,3.7419,2,5
824750,2026-06-16,4.2114,4.3212,1,6
824912,2026-06-16,4.2092,4.3873,2,7
824991,2026-06-16,4.6534,4.9204,5,6
825070,2026-06-16,4.8821,4.4692,0,7
822721,2026-06-17,4.2691,4.5915,2,6
823044,2026-06-17,4.353,4.4965,1,6
823127,2026-06-17,4.3099,4.2718,3,5
823450,2026-06-17,5.1266,4.2329,4,12
823536,2026-06-17,4.9855,3.8971,10,5
823774,2026-06-17,4.263,3.7844,9,4
823940,2026-06-17,4.5285,3.9501,5,4
824178,2026-06-17,4.0361,4.1341,4,2
824503,2026-06-17,4.4711,4.66,1,9
824668,2026-06-17,5.0853,3.763,8,6
824746,2026-06-17,4.3335,4.4441,0,3
824913,2026-06-17,4.2959,4.4063,5,7
824992,2026-06-17,4.2232,5.0184,4,12
825072,2026-06-17,5.1891,4.4416,8,1
822889,2026-06-18,4.3482,3.8099,3,9
823125,2026-06-18,4.4002,4.2259,3,0
823448,2026-06-18,4.6396,4.3853,4,6
823533,2026-06-18,5.29,3.9497,1,5
823772,2026-06-18,4.1979,3.7915,2,4
824098,2026-06-18,4.5325,4.373,14,6
824748,2026-06-18,4.2459,4.2953,3,4
824989,2026-06-18,5.1892,4.5039,5,0
822886,2026-06-19,4.2377,3.9167,9,7
822966,2026-06-19,4.7734,4.3856,5,2
823124,2026-06-19,4.0364,4.118,2,6
823534,2026-06-19,4.8065,4.1471,5,0
823853,2026-06-19,4.1228,4.5841,4,3
823936,2026-06-19,5.299,4.4165,6,5
824097,2026-06-19,4.5708,4.335,6,5
824179,2026-06-19,4.4714,4.3233,9,3
824264,2026-06-19,4.6832,4.0022,4,3
824345,2026-06-19,4.5369,5.3244,4,3
824663,2026-06-19,4.2778,3.8944,16,2
824910,2026-06-19,3.97,4.7212,3,2
824990,2026-06-19,4.7145,4.6373,12,11
825069,2026-06-19,4.6616,4.4685,9,5
822885,2026-06-20,4.089,3.9948,4,6
822967,2026-06-20,4.4895,4.2313,3,4
823126,2026-06-20,3.9865,4.193,1,5
823447,2026-06-20,4.7084,4.1407,15,3
823532,2026-06-20,4.6148,4.1093,2,10
823854,2026-06-20,4.0656,4.2421,6,3
823937,2026-06-20,5.2286,4.3772,2,3
824180,2026-06-20,4.301,3.8953,1,8
824263,2026-06-20,4.7019,4.037,4,1
824342,2026-06-20,4.5723,5.3092,2,1
824665,2026-06-20,4.5809,3.9853,6,8
824909,2026-06-20,3.9966,4.4096,4,3
824988,2026-06-20,4.8584,4.6676,0,7
825068,2026-06-20,4.7162,4.9239,8,16
822883,2026-06-21,4.0629,4.1022,4,3
822968,2026-06-21,4.506,4.2619,4,3
823123,2026-06-21,3.9677,4.1697,3,1
823449,2026-06-21,4.7595,4.1799,6,2
823531,2026-06-21,4.3807,4.2431,1,4
823852,2026-06-21,3.593,4.4626,2,1
823934,2026-06-21,5.1884,4.314,1,12
824095,2026-06-21,4.5804,4.2508,10,12
824177,2026-06-21,4.1947,4.0574,2,1
824260,2026-06-21,4.6514,4.0517,5,4
824343,2026-06-21,4.6277,5.2427,6,8
824908,2026-06-21,4.0222,4.5446,4,9
824987,2026-06-21,4.7509,4.7343,7,9
825067,2026-06-21,5.1972,4.9411,2,4
822720,2026-06-22,4.0714,4.4493,4,1
822800,2026-06-22,4.234,4.3329,4,2
822964,2026-06-22,4.135,4.0692,1,2
823040,2026-06-22,4.8476,4.6184,3,2
823288,2026-06-22,4.1362,4.2731,1,0
823692,2026-06-22,4.2073,5.4049,1,2
823851,2026-06-22,4.4541,5.0021,3,4
824016,2026-06-22,4.3839,4.8139,1,6
824261,2026-06-22,4.3299,4.5167,5,3
824344,2026-06-22,4.6091,5.3531,3,2
824502,2026-06-22,4.1125,5.1352,1,2
824585,2026-06-22,3.9947,4.3674,6,5
822718,2026-06-23,4.1019,4.7615,9,14
822799,2026-06-23,4.3846,4.6453,7,9
822963,2026-06-23,4.0969,4.1198,5,12
823043,2026-06-23,4.5323,4.6221,3,4
823210,2026-06-23,4.4912,4.2132,3,1
823286,2026-06-23,4.1641,4.3094,7,6
823365,2026-06-23,4.3493,4.8232,2,3
823614,2026-06-23,4.6719,4.4913,6,9
823690,2026-06-23,4.2802,5.1878,3,12
823849,2026-06-23,4.5169,4.9689,6,4
824017,2026-06-23,4.4159,4.8549,5,1
824262,2026-06-23,4.2777,4.3584,3,4
824340,2026-06-23,4.5072,5.5706,2,5
824501,2026-06-23,4.1056,5.2365,0,2
824584,2026-06-23,3.9944,4.2561,2,1
822719,2026-06-24,4.2051,4.871,4,5
822798,2026-06-24,4.5545,4.3859,1,3
822965,2026-06-24,4.1235,4.256,5,3
823041,2026-06-24,4.6274,4.7284,4,9
823208,2026-06-24,4.3483,4.1948,2,1
823284,2026-06-24,4.1158,4.2772,5,2
823367,2026-06-24,4.3276,4.4627,11,1
823611,2026-06-24,4.6421,4.4867,5,10
823613,2026-06-24,4.4617,4.3832,3,10
823691,2026-06-24,4.2123,5.1692,3,4
823850,2026-06-24,4.3666,4.8977,4,2
824018,2026-06-24,4.4405,4.5261,7,6
824259,2026-06-24,4.2441,4.3902,2,4
824341,2026-06-24,4.4305,5.7315,8,6
824500,2026-06-24,4.1466,4.9981,5,6
824583,2026-06-24,4.1228,4.206,3,4
822717,2026-06-25,4.101,4.809,5,10
822797,2026-06-25,4.6357,4.4771,5,6
822961,2026-06-25,4.1404,4.2997,13,2
823209,2026-06-25,4.402,4.151,6,9
823366,2026-06-25,4.35,4.5527,5,1
823612,2026-06-25,4.5058,4.5125,3,4
824258,2026-06-25,4.2966,4.2464,1,2
824747,2026-06-25,3.9737,4.6587,6,3
822796,2026-06-26,4.6076,4.6624,4,5
822962,2026-06-26,4.6593,4.4288,6,1
823039,2026-06-26,4.4041,4.3822,0,4
823206,2026-06-26,4.0393,4.5733,1,3
823285,2026-06-26,3.9489,4.302,7,1
823363,2026-06-26,4.2892,4.1427,4,6
823610,2026-06-26,4.3967,4.5048,1,2
823688,2026-06-26,5.249,4.322,9,8
823773,2026-06-26,4.8619,4.2549,6,2
824014,2026-06-26,4.2657,4.7472,3,9
824255,2026-06-26,4.3143,4.2597,8,0
824423,2026-06-26,4.2705,4.5804,1,3
824582,2026-06-26,3.9306,4.2953,22,1
824743,2026-06-26,4.1803,4.6857,6,1
824824,2026-06-26,4.7559,4.7606,3,1
822794,2026-06-27,4.716,4.2451,4,7
822960,2026-06-27,4.6664,4.3927,4,2
823038,2026-06-27,4.4616,4.2732,1,5
823207,2026-06-27,4.1057,4.5035,5,0
823283,2026-06-27,3.9925,4.319,3,15
823364,2026-06-27,4.087,4.2912,7,9
823609,2026-06-27,4.2947,4.2631,6,2
823689,2026-06-27,5.2113,4.5899,5,8
823770,2026-06-27,4.7459,4.2844,2,8
824015,2026-06-27,4.1671,4.8629,5,2
824257,2026-06-27,4.3224,4.2433,6,8
824421,2026-06-27,4.3008,4.542,4,3
824581,2026-06-27,3.8817,4.1391,2,1
824745,2026-06-27,4.1905,4.6739,4,1
824825,2026-06-27,4.9445,4.5203,3,4
822795,2026-06-28,4.6942,4.5464,2,3
822959,2026-06-28,4.72,4.2652,5,1
823037,2026-06-28,4.4504,4.2735,2,1
823204,2026-06-28,3.9206,4.4456,3,2
823281,2026-06-28,4.0677,4.3186,2,4
823362,2026-06-28,4.3064,4.2621,9,4
823608,2026-06-28,4.3439,4.4549,4,5
823686,2026-06-28,5.2224,4.6472,3,2
823769,2026-06-28,4.5617,4.3903,3,4
824011,2026-06-28,4.3568,5.0439,4,1
824256,2026-06-28,4.1364,4.3784,5,7
824422,2026-06-28,4.3546,4.3665,6,5
824580,2026-06-28,3.7414,4.2289,4,5
824744,2026-06-28,4.0919,4.5999,5,4
824821,2026-06-28,4.7913,4.4304,4,6
822792,2026-06-29,4.5748,4.2418,2,1
823121,2026-06-29,4.6,4.0326,6,2
823444,2026-06-29,4.5262,4.1154,7,11
823529,2026-06-29,4.4024,4.0675,3,7
823771,2026-06-29,4.4889,3.9561,5,3
824176,2026-06-29,4.508,4.1088,4,5
824339,2026-06-29,4.7048,4.9612,7,10
824420,2026-06-29,4.4767,3.9472,3,6
824662,2026-06-29,4.1405,4.1144,3,2
824741,2026-06-29,4.77,4.2841,6,3
824822,2026-06-29,5.0029,4.4206,2,8
824986,2026-06-29,4.2827,5.6174,4,9
825065,2026-06-29,4.712,4.4165,5,4
822793,2026-06-30,4.5646,4.4788,0,3
823122,2026-06-30,4.4422,3.9024,8,3
823445,2026-06-30,4.6009,3.932,8,0
823528,2026-06-30,4.4022,3.9972,3,9
823768,2026-06-30,4.8063,3.8691,7,2
824096,2026-06-30,4.1643,3.9698,4,10
824175,2026-06-30,4.4599,4.3344,6,4
824338,2026-06-30,4.7267,5.0685,3,14
824418,2026-06-30,4.4127,3.9723,2,4
824661,2026-06-30,4.1184,4.0171,9,7
824742,2026-06-30,4.6615,4.3896,1,8
824819,2026-06-30,5.0454,4.4359,3,9
824907,2026-06-30,4.4316,4.3412,3,5
824984,2026-06-30,4.2737,5.9939,3,9
825066,2026-06-30,4.6706,4.7047,8,2
822791,2026-07-01,4.6306,4.4255,9,3
823446,2026-07-01,4.5726,3.8699,10,6
823530,2026-07-01,4.4598,4.3021,2,6
823767,2026-07-01,4.6394,3.8087,4,2
824094,2026-07-01,4.258,4.1286,0,4
824174,2026-07-01,4.4472,4.27,3,8
824337,2026-07-01,4.7732,5.1572,6,3
824419,2026-07-01,4.4345,3.9734,9,4
824660,2026-07-01,4.1571,4.102,23,3
824740,2026-07-01,4.8388,4.3193,2,10
824818,2026-07-01,4.9452,4.3533,6,1
824905,2026-07-01,4.4943,4.3324,5,1
824985,2026-07-01,4.1599,5.5798,7,1
825064,2026-07-01,4.7011,4.7049,4,6
822884,2026-07-02,4.1255,3.8205,10,4
823119,2026-07-02,4.451,3.8664,1,0
823442,2026-07-02,4.6924,3.9182,1,6
823765,2026-07-02,4.2898,3.8784,2,7
823935,2026-07-02,5.2255,4.2246,12,7
824093,2026-07-02,4.1809,4.1086,2,5
824335,2026-07-02,4.8336,5.0773,14,4
824416,2026-07-02,4.4762,3.8941,6,5
824906,2026-07-02,4.3556,4.2272,5,11
822714,2026-07-03,4.361,4.5962,9,5
823120,2026-07-03,4.162,3.9914,0,2
823527,2026-07-03,5.0897,4.2339,5,2
823933,2026-07-03,5.1914,4.066,4,3
824013,2026-07-03,4.0478,4.88,2,5
824173,2026-07-03,4.1826,4.2801,1,3
824336,2026-07-03,4.6743,4.9549,15,3
824417,2026-07-03,4.6021,3.9052,4,3
824498,2026-07-03,4.6039,4.6708,0,3
824659,2026-07-03,4.8203,4.1801,1,17
824904,2026-07-03,4.274,4.4868,5,3
824982,2026-07-03,4.7181,4.7999,5,12
825062,2026-07-03,4.2893,5.011,4,7
822716,2026-07-04,4.1917,4.7371,1,7
822882,2026-07-04,4.0746,4.0359,0,3
823118,2026-07-04,4.2539,3.8636,11,0
823526,2026-07-04,4.9772,4.23,4,11
823932,2026-07-04,4.9504,4.1685,3,0
824012,2026-07-04,4.0946,5.0783,1,8
824092,2026-07-04,3.9869,4.2689,1,6
824171,2026-07-04,4.1226,4.0695,10,8
824334,2026-07-04,4.8126,4.9849,4,6
824415,2026-07-04,4.5204,3.7998,1,3
824499,2026-07-04,4.56,4.6263,5,8
824658,2026-07-04,4.7965,4.4132,0,3
824903,2026-07-04,4.3701,4.1816,14,3
824983,2026-07-04,4.6151,5.2506,2,7
825063,2026-07-04,4.2926,5.348,4,3
822715,2026-07-05,4.3157,5.0387,5,11
822879,2026-07-05,4.0236,3.9963,3,6
823117,2026-07-05,4.165,3.8689,4,0
823525,2026-07-05,4.9262,4.2234,1,6
823931,2026-07-05,5.0323,4.3112,2,5
824010,2026-07-05,3.998,5.1152,5,7
824091,2026-07-05,4.1258,4.3378,5,2
824172,2026-07-05,4.1756,4.0627,2,0
824333,2026-07-05,4.8407,4.9792,7,6
824413,2026-07-05,4.4484,3.8606,6,7
824497,2026-07-05,4.4852,4.5746,3,2
824656,2026-07-05,4.7653,4.3348,6,4
824902,2026-07-05,4.4371,4.346,9,10
824980,2026-07-05,4.7268,4.7832,8,9
825061,2026-07-05,4.1655,5.1165,2,3
822712,2026-07-06,4.3495,5.1729,12,11
822958,2026-07-06,4.0297,4.3182,1,5
823036,2026-07-06,4.0512,4.4777,3,4
823205,2026-07-06,4.184,4.071,10,1
823282,2026-07-06,4.7263,4.4093,0,8
823930,2026-07-06,5.0472,3.8951,8,7
824089,2026-07-06,4.0008,4.5132,15,1
824900,2026-07-06,4.3049,4.2518,6,7
822713,2026-07-07,4.3093,4.6885,3,6
822881,2026-07-07,4.4636,3.8447,8,3
822956,2026-07-07,4.0618,4.2701,6,4
823035,2026-07-07,4.0922,4.4617,2,10
823062,2026-07-07,4.0169,4.639,3,4
823203,2026-07-07,4.1121,4.0794,3,9
823280,2026-07-07,4.7554,4.3864,4,1
823361,2026-07-07,4.1586,4.4975,12,4
823607,2026-07-07,4.3657,4.2118,12,16
823687,2026-07-07,4.2461,4.645,3,1
823847,2026-07-07,4.3055,4.5204,6,5
823929,2026-07-07,5.106,3.8599,3,4
824254,2026-07-07,4.6415,4.1665,6,2
824495,2026-07-07,4.0455,4.3032,1,4
824579,2026-07-07,4.0106,4.7457,1,8
824820,2026-07-07,4.4602,5.0183,2,5
822710,2026-07-08,4.3433,4.5349,8,2
822880,2026-07-08,4.5924,3.9242,1,13
822957,2026-07-08,4.1263,4.3523,3,0
823032,2026-07-08,3.9562,4.5823,5,1
823202,2026-07-08,4.0951,4.1604,0,10
823279,2026-07-08,4.5729,4.407,10,4
823360,2026-07-08,4.279,4.5683,0,3
823605,2026-07-08,4.2394,4.0042,6,2
823684,2026-07-08,4.2768,4.8364,6,5
823848,2026-07-08,4.3079,4.8153,2,0
823928,2026-07-08,5.143,3.9886,4,3
824253,2026-07-08,4.5539,4.029,6,1
824496,2026-07-08,3.9499,4.0759,11,5
824578,2026-07-08,4.0782,4.4801,0,5
824815,2026-07-08,4.6714,5.0008,7,9
822877,2026-07-09,4.4843,3.9052,7,6
822954,2026-07-09,4.1865,4.2782,4,12
823034,2026-07-09,4.0071,4.4617,4,8
823201,2026-07-09,4.7694,3.863,8,2
823277,2026-07-09,4.7893,4.3839,1,3
823359,2026-07-09,4.3184,4.587,5,10
823606,2026-07-09,4.2552,4.1093,7,3
823683,2026-07-09,4.1872,4.8452,2,5
823846,2026-07-09,4.2929,4.8032,8,4
824251,2026-07-09,4.3576,4.243,4,1
824494,2026-07-09,3.9778,4.6211,0,1
824577,2026-07-09,4.1179,4.6316,1,2
824816,2026-07-09,4.6348,5.0603,3,2
822709,2026-07-10,4.3171,5.1248,3,5
822878,2026-07-10,4.1247,4.2392,7,3
822955,2026-07-10,4.4313,4.3316,7,2
823033,2026-07-10,3.9974,4.3249,2,1
823200,2026-07-10,4.7283,3.8778,3,4
823278,2026-07-10,4.3786,3.8774,3,5
823604,2026-07-10,4.4982,4.3733,2,6
823685,2026-07-10,5.012,4.6592,3,4
823845,2026-07-10,4.1316,4.8099,2,3
823927,2026-07-10,4.9634,4.6483,3,9
824252,2026-07-10,4.1529,4.2684,10,2
824493,2026-07-10,4.2716,4.8748,4,0
824575,2026-07-10,4.3433,4.2075,14,1
824817,2026-07-10,4.2496,4.2885,5,3
822711,2026-07-11,4.2313,5.4298,2,4
822875,2026-07-11,4.2244,4.1959,3,9
822953,2026-07-11,4.4717,4.2739,6,1
823030,2026-07-11,4.1377,4.3679,4,1
823198,2026-07-11,4.8645,3.9634,4,2
823276,2026-07-11,4.2524,3.9793,8,7
823356,2026-07-11,4.2254,4.6626,3,2
823357,2026-07-11,4.165,4.5742,7,6
823603,2026-07-11,4.3966,4.5022,0,4
823682,2026-07-11,5.1135,4.478,5,3
823844,2026-07-11,4.0572,4.6023,1,4
823926,2026-07-11,4.7671,4.5453,2,9
824249,2026-07-11,4.1724,4.0304,2,4
824492,2026-07-11,4.3892,4.8243,3,5
824576,2026-07-11,4.2245,4.2211,1,0
824813,2026-07-11,4.584,4.4039,6,1
822708,2026-07-12,4.3788,5.521,3,5
822876,2026-07-12,4.2986,4.1988,6,5
822951,2026-07-12,4.4913,4.2701,2,8
823029,2026-07-12,4.1122,4.368,3,4
823199,2026-07-12,4.866,4.0437,3,1
823274,2026-07-12,4.2644,3.9509,5,4
823358,2026-07-12,4.2855,4.5549,14,5
823602,2026-07-12,4.4265,4.5933,2,3
823681,2026-07-12,4.8553,4.4289,4,2
823842,2026-07-12,4.1468,4.709,2,5
823925,2026-07-12,4.6759,4.6338,3,5
824250,2026-07-12,4.136,4.0887,0,5
824491,2026-07-12,4.2771,4.7073,4,8
824574,2026-07-12,4.4136,4.2591,9,1
824814,2026-07-12,4.5676,4.4124,8,2
823440,2026-07-16,4.724,4.368,1,4
822789,2026-07-17,4.6841,4.1945,4,12
823115,2026-07-17,4.0756,4.0152,0,7
823524,2026-07-17,4.2862,4.4311,1,2
823766,2026-07-17,4.6629,3.9643,2,1
824009,2026-07-17,3.9579,4.8289,1,2
824090,2026-07-17,4.106,4.4778,7,6
824170,2026-07-17,4.381,4.2574,2,3
824332,2026-07-17,4.645,5.251,2,7
824655,2026-07-17,4.9798,4.1162,2,5
824737,2026-07-17,4.2509,3.9643,5,3
824766,2026-07-17,4.1767,3.9326,10,0
824901,2026-07-17,4.4332,3.8529,15,1
824981,2026-07-17,4.6292,5.3263,4,23
825060,2026-07-17,5.0263,4.602,4,5
822790,2026-07-18,4.6468,4.4197,1,0
823116,2026-07-18,4.2817,4.1991,4,3
823441,2026-07-18,5.026,4.2509,6,1
823763,2026-07-18,4.8519,4.0715,8,6
824008,2026-07-18,3.9588,5.0014,0,7
824088,2026-07-18,4.0747,4.3715,6,1
824169,2026-07-18,4.342,4.614,2,4
824331,2026-07-18,4.7171,5.5309,10,3
824412,2026-07-18,4.0141,3.9219,5,3
824414,2026-07-18,4.0558,3.7816,1,7
824657,2026-07-18,4.5897,4.2,6,2
824738,2026-07-18,4.0356,4.1213,7,6
824899,2026-07-18,4.3957,3.9731,6,7
824979,2026-07-18,4.7674,5.4047,15,1
825059,2026-07-18,4.7539,4.6584,5,3
822786,2026-07-19,4.6509,4.3313,0,3
823113,2026-07-19,4.262,4.0872,6,3
823439,2026-07-19,4.745,4.1166,1,6
823521,2026-07-19,4.2833,4.7275,2,1
823523,2026-07-19,3.6622,3.9206,2,8
823764,2026-07-19,4.7502,4.1572,3,1
824007,2026-07-19,3.9471,5.0022,3,2
824086,2026-07-19,4.1573,4.4977,2,19
824168,2026-07-19,4.4347,4.6075,2,5
824330,2026-07-19,4.56,5.4326,6,9
824411,2026-07-19,4.0152,3.9188,1,7
824653,2026-07-19,4.6708,4.0373,10,1
824739,2026-07-19,4.1795,4.0658,6,1
824897,2026-07-19,4.4075,4.1398,8,5
824978,2026-07-19,4.5758,5.6803,2,5
825057,2026-07-19,4.8383,4.4949,8,7
822788,2026-07-20,4.5316,4.163,1,7
822874,2026-07-20,4.5242,3.8128,3,10
823112,2026-07-20,4.1224,3.8727,8,0
823436,2026-07-20,4.3403,4.4028,10,7
823522,2026-07-20,4.5372,4.0559,8,5
823762,2026-07-20,4.984,3.9745,8,3
824006,2026-07-20,4.5,4.656,3,2
824087,2026-07-20,4.3342,4.4893,4,3
824167,2026-07-20,4.5281,4.3848,8,5
824328,2026-07-20,4.6991,5.5864,3,7
824410,2026-07-20,4.3739,3.9933,13,4
824654,2026-07-20,4.2264,4.1794,6,8
824736,2026-07-20,4.6722,4.4542,6,5
824898,2026-07-20,4.1281,4.443,3,2
825058,2026-07-20,5.0962,4.6148,2,5
822787,2026-07-21,4.4267,4.39,2,12
822871,2026-07-21,4.4227,3.9292,10,0
823114,2026-07-21,3.9787,3.8703,2,4
823437,2026-07-21,4.4133,4.4737,1,2
823760,2026-07-21,4.7008,4.1206,0,4
824005,2026-07-21,4.3919,4.5567,5,1
824085,2026-07-21,4.3712,4.3927,3,2
824165,2026-07-21,4.5688,4.4864,5,3
824329,2026-07-21,4.8998,5.7,8,7
824409,2026-07-21,4.4767,4.0318,5,2
824652,2026-07-21,4.3007,4.1938,11,2
824895,2026-07-21,4.1711,4.3164,3,8
825056,2026-07-21,4.8989,4.5961,6,5
822784,2026-07-22,4.4746,4.3604,2,4
822873,2026-07-22,4.382,3.954,2,4
823110,2026-07-22,4.2185,3.8367,3,5
823438,2026-07-22,4.4096,4.6228,5,9
823518,2026-07-22,5.003,4.0303,3,5
823519,2026-07-22,4.5626,4.1712,2,0
823761,2026-07-22,4.5563,4.028,4,3
824004,2026-07-22,4.4178,4.6141,0,1
824083,2026-07-22,4.2755,4.5189,5,4
824166,2026-07-22,4.4084,4.2139,5,2
824327,2026-07-22,4.7246,5.5262,0,8
824408,2026-07-22,4.5803,4.072,6,10
824650,2026-07-22,4.3274,4.1349,1,5
824732,2026-07-22,4.61,4.4045,1,5
824735,2026-07-22,4.4258,4.4129,6,3
824896,2026-07-22,4.0865,4.3368,7,6
825055,2026-07-22,4.5694,4.5636,15,5
822785,2026-07-23,4.7359,4.4464,3,1
823042,2026-07-23,4.4336,4.51,6,10
824247,2026-07-23,4.4439,4.0778,4,3
824406,2026-07-23,4.4315,4.0629,1,3
824893,2026-07-23,4.1512,4.106,6,5
822707,2026-07-24,4.6202,5.003,2,3
822872,2026-07-24,4.1672,4.4149,5,4
822952,2026-07-24,4.1513,4.0164,11,3
823031,2026-07-24,4.3028,4.1929,2,4
823196,2026-07-24,4.7075,4.2215,7,6
823352,2026-07-24,4.4993,4.9553,2,3
823434,2026-07-24,4.4622,4.4613,0,1
823601,2026-07-24,4.3483,4.8313,2,4
823680,2026-07-24,4.856,4.7421,0,2
823759,2026-07-24,5.0585,3.8418,2,5
823843,2026-07-24,4.0787,4.8382,2,4
824248,2026-07-24,4.348,4.0899,2,1
824573,2026-07-24,4.1078,4.3153,5,9
824733,2026-07-24,4.4161,4.3391,6,4
824812,2026-07-24,4.3422,4.6286,6,7
822704,2026-07-25,4.592,4.8347,5,3
822869,2026-07-25,4.2645,4.427,7,1
822948,2026-07-25,4.2694,3.9454,3,0
823027,2026-07-25,4.0575,4.1485,7,0
823197,2026-07-25,4.681,4.1495,9,2
823355,2026-07-25,4.5433,4.7472,0,11
823435,2026-07-25,4.4868,4.5216,1,3
823600,2026-07-25,4.28,4.592,3,4
823679,2026-07-25,4.6554,4.4693,2,0
823758,2026-07-25,5.0674,3.8929,8,5
823841,2026-07-25,4.1485,4.8022,2,7
824244,2026-07-25,4.3901,4.0733,2,3
824571,2026-07-25,4.1392,4.2844,1,4
824734,2026-07-25,3.7555,3.8167,0,6
824811,2026-07-25,4.4364,4.5925,3,2
822706,2026-07-26,4.5821,5.1156,10,7
822870,2026-07-26,4.1836,4.241,4,6
822950,2026-07-26,4.1037,4.0176,1,0
823028,2026-07-26,4.2364,4.0558,3,5
823194,2026-07-26,4.5629,4.1966,3,4
823354,2026-07-26,4.7331,5.0057,8,7
823433,2026-07-26,4.7145,4.5062,11,4
823599,2026-07-26,4.3168,4.7113,8,3
823678,2026-07-26,4.919,4.6989,11,8
823755,2026-07-26,5.2909,3.7594,11,2
823840,2026-07-26,4.0531,4.9608,3,5
824246,2026-07-26,4.3397,4.2015,4,5
824572,2026-07-26,4.1327,4.4972,12,3
824730,2026-07-26,4.4445,4.1999,6,1
824810,2026-07-26,4.3345,4.6516,2,3
822705,2026-07-27,4.8602,5.2144,2,3
822868,2026-07-27,4.255,4.2724,7,3
823025,2026-07-27,4.3253,4.6375,3,7
823195,2026-07-27,3.9406,4.6264,3,0
823353,2026-07-27,4.6667,4.8488,3,2
823597,2026-07-27,4.401,4.3815,14,3
823839,2026-07-27,4.0172,4.6269,8,7
824001,2026-07-27,4.191,4.5461,4,6
824245,2026-07-27,4.5227,4.2348,5,8
824570,2026-07-27,3.979,4.6031,5,9
824977,2026-07-27,4.1716,5.7733,2,4
822703,2026-07-28,4.7216,5.2744,8,6
822949,2026-07-28,4.5707,4.0732,1,4
823026,2026-07-28,4.3962,4.5965,2,10
823193,2026-07-28,3.9178,4.473,2,8
823275,2026-07-28,4.6907,3.7586,8,7
823350,2026-07-28,4.7429,4.6316,7,8
823676,2026-07-28,4.5153,4.296,3,2
823838,2026-07-28,4.0939,4.5994,1,0
823923,2026-07-28,4.9551,4.4241,6,7
824003,2026-07-28,4.0767,4.6377,2,3
824243,2026-07-28,4.5566,4.2349,14,0
824489,2026-07-28,3.9907,4.302,2,0
824490,2026-07-28,4.2799,4.1028,5,6
824569,2026-07-28,3.9009,4.6865,2,3
824976,2026-07-28,4.2633,5.5618,4,3
822702,2026-07-29,4.3808,5.5804,2,5
822947,2026-07-29,4.4773,4.0097,3,0
823022,2026-07-29,4.4273,4.717,3,2
823192,2026-07-29,4.068,4.6201,16,3
823273,2026-07-29,4.4292,3.8537,3,1
823351,2026-07-29,4.7199,4.6335,0,3
823596,2026-07-29,4.8017,4.4661,3,2
823598,2026-07-29,4.2938,4.2552,0,1
823677,2026-07-29,4.3987,4.4762,0,4
823837,2026-07-29,3.9676,4.7169,8,6
823924,2026-07-29,4.862,4.5219,4,2
824002,2026-07-29,4.2538,4.859,4,7
824242,2026-07-29,4.6273,4.2547,9,10
824487,2026-07-29,4.0652,4.3043,1,6
824567,2026-07-29,3.8715,4.6999,6,5
824973,2026-07-29,4.0911,5.4972,2,4
822946,2026-07-30,4.5243,3.9904,3,2
823023,2026-07-30,4.3414,4.6221,2,4
823271,2026-07-30,4.4675,4.2307,1,4
823595,2026-07-30,4.7358,4.2869,4,2
823674,2026-07-30,4.404,4.6323,4,3
823921,2026-07-30,4.9312,4.4237,6,2
824488,2026-07-30,4.0986,4.3372,3,2
824568,2026-07-30,3.9246,4.6159,2,1
824894,2026-07-30,4.6084,4.566,5,4
824974,2026-07-30,4.2515,5.5201,4,5
822782,2026-07-31,4.5694,4.4545,3,1
822945,2026-07-31,4.6556,4.0061,1,6
823111,2026-07-31,4.5302,3.8853,3,5
823272,2026-07-31,4.7159,4.2214,7,0
823593,2026-07-31,4.7405,4.3694,2,5
823922,2026-07-31,4.4873,4.441,4,9
823999,2026-07-31,3.7775,5.5444,2,6
824164,2026-07-31,4.4636,4.1769,11,2
824325,2026-07-31,4.6043,4.9948,3,1
824407,2026-07-31,4.6368,4.4696,1,4
824486,2026-07-31,4.1584,4.3241,8,7
824651,2026-07-31,4.395,4.3434,0,2
824809,2026-07-31,4.3906,4.2417,6,4
824892,2026-07-31,4.624,4.4082,6,2
824975,2026-07-31,4.349,5.3141,1,13
822781,2026-08-01,4.7662,4.5094,5,1
822944,2026-08-01,4.5103,4.035,1,0
823109,2026-08-01,4.4464,3.9018,4,3
823269,2026-08-01,4.3928,4.2315,6,5
823594,2026-08-01,4.7127,4.2874,2,6
823920,2026-08-01,4.4087,4.3805,2,3
824000,2026-08-01,4.0234,5.4756,1,3
824162,2026-08-01,4.4303,4.1868,5,4
824326,2026-08-01,4.6221,4.956,12,6
824405,2026-08-01,4.674,4.4348,8,12
824485,2026-08-01,4.1632,4.1577,1,4
824649,2026-08-01,4.3019,4.3386,5,2
824808,2026-08-01,4.1527,4.3782,0,5
824890,2026-08-01,4.58,4.4344,8,3
824972,2026-08-01,4.3376,5.1656,6,8
822783,2026-08-02,4.669,4.4391,1,5
822943,2026-08-02,4.5692,4.0753,1,9
823107,2026-08-02,4.4341,4.0548,7,6
823270,2026-08-02,4.2443,4.1853,5,4
823592,2026-08-02,4.8956,4.3986,0,2
823919,2026-08-02,4.5475,4.4096,4,8
823996,2026-08-02,3.8569,5.1563,3,0
824163,2026-08-02,4.5383,4.084,7,3
824323,2026-08-02,4.5307,4.7022,8,1
824404,2026-08-02,4.6802,4.5151,5,0
824483,2026-08-02,4.4497,4.0771,10,2
824648,2026-08-02,4.1393,4.2936,1,2
824807,2026-08-02,4.1302,4.415,0,8
824891,2026-08-02,4.5792,4.5332,4,2
824971,2026-08-02,4.2774,5.1232,0,11
822867,2026-08-03,4.2536,4.1929,1,5
823431,2026-08-03,4.9805,4.5697,6,3
823520,2026-08-03,5.2176,4.3111,7,13
823757,2026-08-03,4.4829,3.8944,3,4
824160,2026-08-03,4.4819,4.3114,1,3
824324,2026-08-03,4.4816,5.0387,9,13
824647,2026-08-03,4.3223,4.3388,10,5
825095,2026-08-03,4.5721,4.6119,5,1
822865,2026-08-04,4.2918,4.1637,5,4
823108,2026-08-04,3.968,3.9657,0,8
823432,2026-08-04,5.0486,4.1494,5,0
823517,2026-08-04,5.0301,4.3929,2,0
823756,2026-08-04,4.3463,3.7708,4,2
824084,2026-08-04,4.5435,4.0837,8,2
824161,2026-08-04,4.3444,4.2506,7,2
824321,2026-08-04,4.4841,4.6481,7,9
824403,2026-08-04,4.4738,4.2077,2,6
824484,2026-08-04,4.5395,4.2215,5,4
824645,2026-08-04,4.1372,4.4259,5,1
824731,2026-08-04,4.8381,4.1824,14,2
824805,2026-08-04,4.8902,4.3271,3,1
824888,2026-08-04,4.496,4.2125,4,2
825054,2026-08-04,4.5993,4.7184,4,9
822866,2026-08-05,4.3406,4.228,6,0
823106,2026-08-05,3.9561,4.0116,4,2
823429,2026-08-05,4.9977,4.4543,4,10
823516,2026-08-05,5.0799,4.4021,1,3
823753,2026-08-05,4.5099,3.7833,4,2
824082,2026-08-05,4.5583,4.3159,2,1
824158,2026-08-05,4.5368,3.9729,4,5
824322,2026-08-05,4.6477,5.1517,0,4
824402,2026-08-05,4.2581,4.3198,5,6
824482,2026-08-05,4.631,4.263,3,2
824646,2026-08-05,4.3994,4.3131,7,6
824728,2026-08-05,4.6503,4.1619,4,0
824806,2026-08-05,4.8358,4.2003,5,2
824889,2026-08-05,4.4799,4.2266,4,1
825052,2026-08-05,4.463,4.9166,10,4
823105,2026-08-06,4.0846,4.0001,0,11
823430,2026-08-06,5.0468,4.2659,7,3
823754,2026-08-06,4.6106,3.8243,5,2
824080,2026-08-06,4.6601,4.2047,3,4
824401,2026-08-06,4.281,4.2772,6,13
824481,2026-08-06,4.4837,4.1286,6,5
824664,2026-08-06,4.36,4.108,3,2
824729,2026-08-06,4.7845,4.0904,12,11
824804,2026-08-06,4.9305,4.2347,1,4
824885,2026-08-06,4.451,4.1865,11,3
825053,2026-08-06,4.5737,4.6271,1,5
822699,2026-08-07,4.4886,5.2062,5,3
822863,2026-08-07,3.8703,3.955,2,1
823024,2026-08-07,4.5727,4.0129,3,2
823103,2026-08-07,4.0627,3.7855,1,2
823191,2026-08-07,4.0925,4.1685,5,2
823266,2026-08-07,4.0858,4.216,3,6
823349,2026-08-07,4.7259,4.3154,4,6
823428,2026-08-07,4.7824,4.0594,4,5
823515,2026-08-07,4.304,4.2921,3,2
823750,2026-08-07,4.859,4.008,6,8
823836,2026-08-07,4.494,4.4143,3,4
824081,2026-08-07,4.2731,4.6709,4,6
824566,2026-08-07,3.946,4.2093,2,8
824727,2026-08-07,4.6273,4.0426,13,1
825051,2026-08-07,4.3425,5.2584,4,3
822701,2026-08-08,4.2158,5.204,8,2
822864,2026-08-08,4.3557,4.0985,5,1
823021,2026-08-08,4.5657,4.0617,6,8
823102,2026-08-08,4.185,3.819,2,3
823188,2026-08-08,4.0302,4.1278,0,8
823267,2026-08-08,4.0326,4.1652,3,2
823348,2026-08-08,4.9099,4.4333,9,0
823426,2026-08-08,4.928,4.073,5,7
823514,2026-08-08,4.1046,4.3455,5,4
823752,2026-08-08,4.6493,4.0583,4,3
823834,2026-08-08,4.531,4.4095,7,0
824079,2026-08-08,4.2888,4.8231,6,3
824565,2026-08-08,3.9098,4.1562,6,3
824726,2026-08-08,4.5269,4.0816,3,7
825049,2026-08-08,4.3129,5.0761,1,2
822700,2026-08-09,4.444,5.4141,7,1
822862,2026-08-09,4.4725,4.1665,5,10
823020,2026-08-09,4.5452,4.0149,7,4
823104,2026-08-09,4.1469,3.7971,1,4
823190,2026-08-09,3.9421,4.2081,1,3
823268,2026-08-09,4.2535,4.2575,7,2
823345,2026-08-09,4.7471,4.2885,1,11
823425,2026-08-09,5.0619,4.0134,7,6
823513,2026-08-09,4.414,4.255,1,2
823751,2026-08-09,4.8511,3.9562,4,3
823835,2026-08-09,4.6076,4.4083,12,3
824078,2026-08-09,4.3428,4.7242,2,10
824564,2026-08-09,3.8277,4.0859,5,3
824724,2026-08-09,4.8486,4.1403,3,4
825050,2026-08-09,4.5152,5.3745,4,2
822780,2026-08-10,4.3394,4.7362,2,1
823018,2026-08-10,4.2057,4.1281,5,6
823189,2026-08-10,4.2876,4.3218,3,6
823265,2026-08-10,3.8752,4.2851,3,2
823675,2026-08-10,4.7425,4.7635,9,5
823918,2026-08-10,4.479,3.95,6,5
823998,2026-08-10,4.3452,4.8681,1,4
824887,2026-08-10,4.3842,4.3879,5,8
824969,2026-08-10,4.2228,4.945,6,10
825048,2026-08-10,5.1795,4.219,9,0
822697,2026-08-11,4.4191,5.8755,6,8
822778,2026-08-11,4.2464,4.4503,5,3
823019,2026-08-11,4.0401,4.1662,2,0
823186,2026-08-11,4.1051,4.5674,4,1
823264,2026-08-11,3.9536,4.2312,11,2
823512,2026-08-11,4.8073,4.4498,4,1
823673,2026-08-11,4.7903,4.7761,2,5
823832,2026-08-11,4.1033,4.4806,2,0
823917,2026-08-11,4.7019,4.0049,5,4
823997,2026-08-11,4.2961,5.0069,3,2
824240,2026-08-11,4.2306,4.0095,6,4
824563,2026-08-11,4.1917,4.2564,4,5
824886,2026-08-11,4.4946,4.5051,4,0
824970,2026-08-11,3.6372,5.2032,4,12
825046,2026-08-11,5.2921,4.3291,2,3
822698,2026-08-12,4.5336,5.8325,6,12
822779,2026-08-12,4.3001,4.4713,6,4
823017,2026-08-12,4.0111,4.1261,7,1
823187,2026-08-12,4.3413,4.3837,1,2
823263,2026-08-12,4.0521,4.3996,4,3
823511,2026-08-12,4.7977,4.4058,10,5
823672,2026-08-12,4.8991,4.7487,7,5
823833,2026-08-12,4.2018,4.5684,8,2
823916,2026-08-12,4.4637,4.1034,4,2
823994,2026-08-12,4.4265,4.9391,5,2
824241,2026-08-12,4.3452,4.1272,4,6
824562,2026-08-12,4.1709,4.495,5,0
824883,2026-08-12,4.5252,4.3056,6,3
824967,2026-08-12,4.1382,5.3835,4,8
825047,2026-08-12,5.262,4.3286,4,6
822696,2026-08-13,4.4021,5.8055,7,0
822776,2026-08-13,4.2724,4.6933,0,7
823508,2026-08-13,4.727,4.3626,0,1
823669,2026-08-13,4.3272,4.2868,1,7
823829,2026-08-13,3.4994,4.1987,1,13
823915,2026-08-13,4.3201,4.5115,4,5
823995,2026-08-13,4.3229,4.6939,7,0
824238,2026-08-13,4.0468,4.0152,3,0
824561,2026-08-13,4.1444,4.4365,8,9
822777,2026-08-14,4.2808,4.835,3,1
822942,2026-08-14,4.579,4.3622,5,6
823185,2026-08-14,4.9167,3.8733,2,5
823346,2026-08-14,4.2399,4.6788,8,4
823591,2026-08-14,4.8346,4.4576,4,1
823913,2026-08-14,4.4504,4.5381,3,1
823993,2026-08-14,4.1209,4.5479,6,7
824159,2026-08-14,4.3964,4.4674,10,7
824237,2026-08-14,4.8032,4.0082,5,9
824399,2026-08-14,4.1347,4.2424,5,7
824479,2026-08-14,4.6524,4.3461,1,0
824643,2026-08-14,4.7003,4.0642,3,0
824882,2026-08-14,4.596,4.4517,0,2
824968,2026-08-14,4.6647,5.3472,8,3
822775,2026-08-15,4.1807,4.7423,4,1
822941,2026-08-15,4.4347,4.4045,3,4
823184,2026-08-15,4.9686,3.9455,7,1
823347,2026-08-15,4.219,4.6968,0,4
823588,2026-08-15,4.7329,4.4414,5,4
823671,2026-08-15,4.1224,4.7239,1,9
823914,2026-08-15,4.2949,4.6024,1,4
823990,2026-08-15,4.0863,4.4435,1,0
824157,2026-08-15,4.4586,4.6165,5,10
824239,2026-08-15,4.8694,3.9086,3,4
824400,2026-08-15,4.0333,4.4415,6,1
824480,2026-08-15,4.5118,4.4298,4,8
824644,2026-08-15,4.9265,4.1047,4,8
824884,2026-08-15,4.5688,4.6006,3,10
824966,2026-08-15,4.5882,5.132,3,5
822774,2026-08-16,4.272,4.5678,3,4
822940,2026-08-16,4.5473,4.3823,2,10
823182,2026-08-16,4.9003,3.8296,7,13
823344,2026-08-16,4.1791,4.6493,8,3
823590,2026-08-16,4.7442,4.357,4,3
823670,2026-08-16,4.2777,4.7145,5,7
823912,2026-08-16,4.2833,4.483,2,6
823991,2026-08-16,3.463,4.36,0,3
824156,2026-08-16,4.3877,4.5876,2,3
824236,2026-08-16,4.6648,4.0778,5,7
824397,2026-08-16,4.0613,4.2993,0,5
824477,2026-08-16,4.538,4.4863,1,7
824642,2026-08-16,4.9324,4.1221,4,11
824880,2026-08-16,4.5211,4.868,5,3
824965,2026-08-16,4.7015,5.2483,5,2
822939,2026-08-17,4.478,4.4104,7,6
823343,2026-08-17,4.3146,4.3881,5,8
823427,2026-08-17,5.0657,4.1356,6,5
823589,2026-08-17,4.4503,4.4151,2,1
823668,2026-08-17,4.196,5.276,4,2
824077,2026-08-17,4.6167,3.8901,9,5
824320,2026-08-17,4.2864,5.6317,5,11
824478,2026-08-17,4.5517,4.6378,6,5
824514,2026-08-17,4.4697,4.6111,1,2
824641,2026-08-17,4.8002,3.8595,7,5
824725,2026-08-17,4.8025,4.6643,11,1
822859,2026-08-18,4.4054,4.1692,5,0
822938,2026-08-18,4.2131,3.9658,5,10
823341,2026-08-18,4.3338,4.4254,4,1
823423,2026-08-18,5.1046,4.1432,6,4
823586,2026-08-18,4.5246,4.3523,2,5
823667,2026-08-18,4.1228,5.2561,4,1
823749,2026-08-18,4.8111,4.2842,22,0
824075,2026-08-18,4.6659,4.0064,4,3
824154,2026-08-18,4.7341,4.1393,1,3
824319,2026-08-18,4.5224,6.0987,6,7
824398,2026-08-18,4.4238,4.1961,8,1
824475,2026-08-18,4.4608,4.4909,0,3
824639,2026-08-18,4.8713,4.0412,4,3
824723,2026-08-18,4.91,4.6518,9,4
824803,2026-08-18,4.2265,4.6918,1,3
822860,2026-08-19,4.4255,4.1975,0,6
822937,2026-08-19,4.4269,3.9919,7,6
823342,2026-08-19,4.3433,4.4506,4,3
823424,2026-08-19,4.8844,4.3239,4,1
823587,2026-08-19,4.4207,4.517,4,2
823664,2026-08-19,4.2709,5.0572,6,4
823748,2026-08-19,4.2556,4.2803,5,7
824076,2026-08-19,4.6623,4.0155,9,7
824155,2026-08-19,4.9677,4.2231,3,2
824318,2026-08-19,4.2908,6.1947,4,6
824394,2026-08-19,4.4653,4.1468,0,1
824476,2026-08-19,4.4969,4.3988,5,4
824640,2026-08-19,4.9365,3.9713,0,3
824722,2026-08-19,4.9873,4.4519,6,7
824801,2026-08-19,4.3845,4.7921,3,5
822861,2026-08-20,4.5178,4.0529,2,0
822934,2026-08-20,4.3906,3.9965,1,5
823747,2026-08-20,4.7054,4.3449,7,4
824074,2026-08-20,4.3966,4.0191,6,2
824153,2026-08-20,4.7867,4.0558,3,18
824395,2026-08-20,4.2871,4.1359,5,2
824474,2026-08-20,4.5191,4.5774,9,10
824589,2026-08-20,3.9813,4.5554,0,2
824802,2026-08-20,4.1738,4.7224,1,6
822857,2026-08-21,4.5056,3.9452,2,1
823101,2026-08-21,4.1648,4.3247,6,5
823262,2026-08-21,4.4676,4.0989,6,2
823420,2026-08-21,4.9493,4.2952,7,6
823510,2026-08-21,4.663,4.1346,3,1
823746,2026-08-21,4.0754,4.0083,2,1
823830,2026-08-21,4.6395,4.9286,3,2
823911,2026-08-21,4.5857,3.8843,5,4
824072,2026-08-21,4.1135,4.2411,5,2
824152,2026-08-21,4.5049,4.1459,4,0
824317,2026-08-21,4.3088,5.4966,1,9
824559,2026-08-21,4.2633,4.3716,6,4
824721,2026-08-21,4.6531,4.2424,6,4
824800,2026-08-21,4.4189,4.207,5,3
825045,2026-08-21,4.6892,4.4475,9,0
822858,2026-08-22,4.5391,3.9078,0,3
823100,2026-08-22,4.2247,4.3864,5,4
823261,2026-08-22,4.536,3.9662,7,5
823422,2026-08-22,4.8368,4.451,12,3
823509,2026-08-22,4.638,4.0939,3,4
823743,2026-08-22,4.2419,3.958,4,1
823831,2026-08-22,4.5579,4.7414,4,2
823910,2026-08-22,4.552,3.8784,4,3
824073,2026-08-22,4.0371,4.1952,3,1
824151,2026-08-22,4.5533,4.0439,3,4
824316,2026-08-22,4.3612,5.6011,3,4
824560,2026-08-22,4.2109,4.5707,5,10
824718,2026-08-22,4.6448,4.4551,3,2
824798,2026-08-22,4.4074,4.3049,3,2
825044,2026-08-22,4.696,4.5092,5,11
822856,2026-08-23,4.4883,3.8926,5,3
823099,2026-08-23,4.1167,4.1999,2,19
823258,2026-08-23,4.6319,4.0978,8,1
823421,2026-08-23,4.8589,4.3249,6,4
823507,2026-08-23,4.7192,4.2139,8,3
823745,2026-08-23,4.2353,4.0638,2,4
823827,2026-08-23,4.5699,4.9971,6,2
823909,2026-08-23,4.5479,4.0069,4,0
824071,2026-08-23,4.1795,4.1527,11,7
824150,2026-08-23,4.5037,4.1553,6,7
824315,2026-08-23,4.5063,5.6908,2,7
824558,2026-08-23,4.2464,4.2748,2,1
824720,2026-08-23,4.6455,4.361,5,4
824799,2026-08-23,4.4577,4.2064,1,3
825043,2026-08-23,4.6639,4.6205,5,3
822695,2026-08-24,4.8307,4.8167,13,3
823097,2026-08-24,3.8769,3.9493,9,2
823183,2026-08-24,3.999,4.2631,5,0
823260,2026-08-24,4.0966,3.7797,2,3
823828,2026-08-24,4.0917,4.9661,2,4
823992,2026-08-24,3.853,4.7142,2,4
824235,2026-08-24,4.1785,4.2225,1,4
824557,2026-08-24,4.4918,4.2374,2,11
824964,2026-08-24,4.498,5.6976,6,9
825041,2026-08-24,4.8179,5.2958,0,7
822693,2026-08-25,4.8082,4.7689,1,3
822773,2026-08-25,4.5242,4.3601,3,5
823016,2026-08-25,4.4178,4.4708,1,13
823098,2026-08-25,4.0174,4.0552,4,1
823181,2026-08-25,4.2066,4.0594,3,1
823259,2026-08-25,4.1715,3.7228,0,1
823505,2026-08-25,4.5565,4.453,7,9
823585,2026-08-25,4.2692,4.4339,3,2
823826,2026-08-25,4.0313,5.1249,3,7
823989,2026-08-25,3.9071,4.5475,6,8
824233,2026-08-25,4.2495,4.0097,4,1
824556,2026-08-25,4.3385,4.2891,11,7
824881,2026-08-25,3.997,4.7082,4,3
824962,2026-08-25,4.086,5.5122,4,2
825042,2026-08-25,4.7266,4.9982,5,4
822692,2026-08-26,4.7974,4.9656,1,13
822772,2026-08-26,4.397,4.3935,3,0
823015,2026-08-26,4.3091,4.4809,7,8
823096,2026-08-26,3.9628,3.9799,0,6
823180,2026-08-26,4.3459,4.0587,9,10
823255,2026-08-26,4.2697,3.7669,3,0
823506,2026-08-26,4.5032,4.3911,9,3
823584,2026-08-26,4.5051,4.5421,1,8
823825,2026-08-26,4.0668,5.127,4,0
823988,2026-08-26,3.9471,4.8077,3,4
824234,2026-08-26,4.3143,3.9539,0,3
824555,2026-08-26,4.4289,4.2015,10,4
824878,2026-08-26,4.0452,4.6275,6,5
824963,2026-08-26,4.4118,5.3245,7,4
825039,2026-08-26,4.7456,4.9167,2,0
822694,2026-08-27,4.7505,4.9293,7,1
822771,2026-08-27,4.26,4.4339,2,13
823014,2026-08-27,4.3757,4.5293,7,5
823179,2026-08-27,4.7101,4.647,6,1
823503,2026-08-27,4.5863,4.2728,1,5
823581,2026-08-27,4.157,4.5533,2,8
824879,2026-08-27,3.9696,4.0389,1,0
822691,2026-08-28,4.4474,5.2072,9,2
822769,2026-08-28,4.5758,4.4334,8,1
822935,2026-08-28,4.1521,4.2524,9,4
823013,2026-08-28,4.0531,4.1153,4,1
823178,2026-08-28,4.6636,4.6609,6,10
823504,2026-08-28,4.3608,4.349,1,0
823583,2026-08-28,4.3744,4.4437,1,3
823666,2026-08-28,4.9246,4.6867,4,7
823744,2026-08-28,5.231,3.8219,6,1
823985,2026-08-28,3.9885,4.411,3,5
824231,2026-08-28,4.0717,4.3496,1,2
824396,2026-08-28,4.1348,4.0475,0,3
824638,2026-08-28,4.5101,3.9235,8,10
824877,2026-08-28,4.8764,3.9144,6,4
824960,2026-08-28,4.5067,4.8771,3,4
822690,2026-08-29,4.5652,5.0446,5,4
822770,2026-08-29,4.5319,4.5373,4,3
822936,2026-08-29,4.1529,4.229,7,6
823011,2026-08-29,4.0978,4.0334,2,6
823176,2026-08-29,4.6409,4.7762,7,2
823177,2026-08-29,4.7366,4.6773,1,7
823501,2026-08-29,4.2942,4.3239,9,2
823539,2026-08-29,4.3339,4.3854,0,6
823582,2026-08-29,4.409,4.3954,6,2
823665,2026-08-29,4.8991,4.7534,2,3
823741,2026-08-29,4.9423,3.8179,5,3
823986,2026-08-29,3.9184,4.8795,2,4
824230,2026-08-29,4.0845,4.3446,2,1
824392,2026-08-29,4.0854,4.0217,3,8
824637,2026-08-29,4.4723,3.9073,17,5
824874,2026-08-29,4.7311,3.8571,2,1
824961,2026-08-29,4.5777,5.14,3,5
822688,2026-08-30,4.6497,5.0471,2,6
822766,2026-08-30,4.377,4.5307,7,0
822933,2026-08-30,4.1545,4.1748,5,4
823010,2026-08-30,4.0232,4.122,4,5
823502,2026-08-30,4.3945,4.4469,16,1
823580,2026-08-30,4.8404,4.3828,3,6
823662,2026-08-30,4.7063,4.7171,5,1
823740,2026-08-30,4.9891,3.9004,4,7
823987,2026-08-30,3.9747,4.7609,2,5
824232,2026-08-30,4.0499,4.456,1,6
824393,2026-08-30,4.1686,4.0123,11,1
824636,2026-08-30,4.3677,3.9765,5,7
824876,2026-08-30,4.6595,3.9314,3,2
824959,2026-08-30,4.593,5.1119,5,8
822689,2026-08-31,4.5063,5.0797,6,3
822855,2026-08-31,4.3008,3.8416,8,1
822932,2026-08-31,4.4555,4.2347,2,3
823663,2026-08-31,4.2267,4.5583,11,1
823982,2026-08-31,4.0411,4.8634,10,1
824149,2026-08-31,4.4557,4.1387,6,3
824314,2026-08-31,4.9153,5.1717,1,2
824473,2026-08-31,4.0653,4.5891,0,5
824635,2026-08-31,4.115,4.3589,17,3
824719,2026-08-31,5.2373,4.4655,9,8
824911,2026-08-31,4.354,4.3443,3,7
825040,2026-08-31,4.3944,4.3748,1,2
822687,2026-09-01,4.6045,5.2916,9,5
822854,2026-09-01,4.4778,3.8137,8,5
822929,2026-09-01,4.4472,4.2425,6,2
823340,2026-09-01,4.5479,4.3338,13,12
823661,2026-09-01,4.2902,4.5996,15,2
823908,2026-09-01,4.9636,4.4534,8,13
823984,2026-09-01,3.8953,4.8397,3,7
824070,2026-09-01,4.5349,4.1114,3,6
824148,2026-09-01,4.5291,4.3195,1,5
824313,2026-09-01,4.6823,5.0585,4,2
824391,2026-09-01,4.3465,4.0825,6,1
824472,2026-09-01,4.1516,4.6108,4,3
824633,2026-09-01,4.6071,4.3643,4,9
824716,2026-09-01,4.9699,4.565,6,9
825038,2026-09-01,4.2048,4.214,1,7
822686,2026-09-02,4.3552,5.2343,0,9
822851,2026-09-02,4.3205,3.8382,2,9
822931,2026-09-02,4.4132,4.2114,4,10
823339,2026-09-02,4.4696,4.3316,4,5
823660,2026-09-02,3.7025,4.6558,6,11
823906,2026-09-02,4.8836,4.2832,6,8
823983,2026-09-02,3.8715,4.7031,3,6
824068,2026-09-02,4.4592,4.1142,6,9
824147,2026-09-02,4.5918,4.0889,2,0
824312,2026-09-02,4.786,5.0323,6,5
824390,2026-09-02,4.1834,4.1353,0,11
824470,2026-09-02,4.2076,4.7811,7,3
824634,2026-09-02,4.3818,4.5037,5,9
824717,2026-09-02,5.0851,4.6004,3,8
825037,2026-09-02,4.4238,4.5846,1,0
822853,2026-09-03,4.2034,3.8142,6,0
823095,2026-09-03,4.2791,3.8064,4,7
823337,2026-09-03,4.5173,4.3036,5,2
823907,2026-09-03,4.8949,4.3259,3,2
824069,2026-09-03,4.5398,4.1306,7,3
824144,2026-09-03,4.6351,4.0305,6,2
824388,2026-09-03,4.3284,4.0559,3,6
824632,2026-09-03,4.5086,4.4611,2,1
824796,2026-09-03,4.2442,4.6758,5,6
822852,2026-09-04,4.1713,3.837,6,7
823093,2026-09-04,4.44,3.8002,6,7
823256,2026-09-04,4.1067,4.2543,3,2
823338,2026-09-04,4.7995,4.2387,1,0
823418,2026-09-04,4.2039,4.2166,2,5
823579,2026-09-04,4.586,4.28,10,6
823824,2026-09-04,4.1458,5.2609,1,6
823905,2026-09-04,4.9837,4.1708,5,3
824067,2026-09-04,4.5057,4.1454,2,9
824146,2026-09-04,4.6248,4.7563,3,1
824311,2026-09-04,4.7399,5.1635,6,7
824387,2026-09-04,4.1742,4.0241,4,3
824424,2026-09-04,4.04,3.9916,7,6
824471,2026-09-04,4.0915,4.7827,7,10
824554,2026-09-04,4.5035,4.4364,4,1
824797,2026-09-04,4.3342,4.6488,0,1
822850,2026-09-05,4.0944,3.6922,3,6
823094,2026-09-05,4.5422,3.8717,2,6
823257,2026-09-05,4.0695,4.2938,1,5
823335,2026-09-05,4.5536,4.1066,1,6
823419,2026-09-05,4.357,4.196,4,2
823577,2026-09-05,4.5611,4.3091,5,9
823823,2026-09-05,4.2543,5.2341,5,6
823904,2026-09-05,4.8175,4.1975,6,5
824066,2026-09-05,4.4655,4.2471,3,4
824145,2026-09-05,4.5871,4.7466,3,4
824310,2026-09-05,4.6934,4.8056,10,7
824389,2026-09-05,4.1873,3.9558,0,6
824468,2026-09-05,4.2697,4.7464,5,3
824553,2026-09-05,4.4868,4.5028,4,6
824795,2026-09-05,4.24,4.7589,0,5
822848,2026-09-06,4.1432,3.8114,8,6
823091,2026-09-06,4.2988,3.8698,2,0
823253,2026-09-06,3.9494,4.2451,4,3
823336,2026-09-06,3.9921,4.0186,1,0
823417,2026-09-06,4.3119,4.3229,4,5
823578,2026-09-06,4.5457,4.255,4,2
823822,2026-09-06,4.1976,5.2471,10,3
823903,2026-09-06,4.9137,4.2513,7,5
824065,2026-09-06,4.443,4.1556,6,1
824142,2026-09-06,4.547,4.6183,2,3
824309,2026-09-06,4.6255,5.1672,8,10
824385,2026-09-06,4.1939,4.0462,3,2
824469,2026-09-06,4.0144,4.7976,12,8
824552,2026-09-06,4.6314,4.2878,10,1
824794,2026-09-06,4.1187,4.7529,1,3
823175,2026-09-07,4.7612,4.5124,5,4
823254,2026-09-07,4.5824,4.0375,3,2
823415,2026-09-07,4.2814,3.4546,1,0
823742,2026-09-07,4.7218,4.4027,4,3
823820,2026-09-07,4.3852,4.516,4,9
823902,2026-09-07,4.5325,4.1929,6,3
824062,2026-09-07,4.7006,4.6317,4,5
824229,2026-09-07,4.5501,4.0807,5,4
824715,2026-09-07,5.0951,4.2682,5,2
824793,2026-09-07,4.1188,4.1815,6,4
824958,2026-09-07,4.3335,5.475,6,5
823092,2026-09-08,4.5855,3.8877,5,10
823174,2026-09-08,4.5341,4.4663,2,1
823250,2026-09-08,4.3642,4.0405,5,4
823414,2026-09-08,4.5706,4.4731,5,6
823500,2026-09-08,5.2025,3.9368,5,3
823738,2026-09-08,4.6626,4.2562,4,3
823821,2026-09-08,4.3808,4.4333,5,7
823901,2026-09-08,4.894,4.0818,3,2
824063,2026-09-08,4.6822,4.6895,3,5
824228,2026-09-08,4.6387,4.2114,2,3
824551,2026-09-08,4.0877,4.1568,3,9
824714,2026-09-08,4.898,4.2433,1,6
824792,2026-09-08,4.2064,4.1962,5,9
824875,2026-09-08,4.1915,4.0646,1,7
824957,2026-09-08,4.3821,5.484,2,4
823090,2026-09-09,4.5417,3.8427,3,2
823172,2026-09-09,4.6428,4.4794,7,6
823251,2026-09-09,4.6747,4.0467,9,2
823416,2026-09-09,4.4206,4.2429,11,7
823497,2026-09-09,5.2325,4.0828,6,1
823739,2026-09-09,4.5411,4.3077,8,6
823818,2026-09-09,4.3312,4.7179,14,15
823900,2026-09-09,4.6709,4.0969,14,1
824064,2026-09-09,4.7548,4.7787,5,2
824226,2026-09-09,4.7776,4.102,7,2
824549,2026-09-09,4.0011,4.1846,2,4
824713,2026-09-09,5.0134,4.2705,4,6
824791,2026-09-09,4.1446,4.1888,9,5
824871,2026-09-09,4.1416,4.0125,2,7
824956,2026-09-09,4.3586,5.5107,2,0
823088,2026-09-10,4.4365,3.7882,4,3
823413,2026-09-10,4.5744,4.2629,1,2
823499,2026-09-10,5.1749,3.9076,10,3
824550,2026-09-10,4.0332,4.0316,0,2
824872,2026-09-10,4.1467,3.9281,3,1
822684,2026-09-11,4.5753,4.6202,4,3
822767,2026-09-11,4.6497,4.4939,4,7
822930,2026-09-11,4.2109,4.1761,3,1
823012,2026-09-11,4.4151,4.1786,7,3
823173,2026-09-11,4.2105,4.4476,5,7
823498,2026-09-11,4.7118,4.3391,6,4
823659,2026-09-11,4.101,4.5782,2,5
823736,2026-09-11,4.6967,3.9995,20,0
823817,2026-09-11,3.9705,5.1078,2,6
824227,2026-09-11,4.6189,3.9809,6,2
824631,2026-09-11,4.2726,3.8621,12,2
824711,2026-09-11,4.3412,4.2156,2,3
824873,2026-09-11,4.0187,3.9395,6,5
824954,2026-09-11,4.6746,5.0509,6,5
825036,2026-09-11,5.0972,4.7244,9,1
822685,2026-09-12,4.5492,4.6558,6,5
822768,2026-09-12,4.6365,4.3865,7,3
822927,2026-09-12,4.1598,4.2253,3,2
823009,2026-09-12,4.4478,4.0424,5,6
823170,2026-09-12,4.0544,4.2782,6,7
823496,2026-09-12,4.8995,4.2221,2,12
823657,2026-09-12,4.0577,4.6839,4,3
823737,2026-09-12,4.8559,3.9718,13,9
823819,2026-09-12,4.0125,5.1165,4,3
824224,2026-09-12,4.8582,3.8992,11,7
824630,2026-09-12,4.3598,3.9633,4,3
824712,2026-09-12,4.3088,4.3133,5,1
824870,2026-09-12,4.0577,3.981,12,2
824955,2026-09-12,4.6897,4.8894,1,19
825035,2026-09-12,5.1569,4.4283,2,6
822682,2026-09-13,4.5722,4.7034,6,5
822764,2026-09-13,4.4881,4.3609,8,1
822928,2026-09-13,4.2514,4.2679,14,4
823008,2026-09-13,4.3304,4.1213,3,1
823171,2026-09-13,3.9144,4.4578,4,6
823495,2026-09-13,4.7125,4.2089,2,0
823658,2026-09-13,4.2219,4.685,2,9
823734,2026-09-13,4.5966,4.0225,3,4
823815,2026-09-13,4.0142,5.1484,6,4
824225,2026-09-13,5.0409,4.0086,8,1
824628,2026-09-13,4.4131,4.0356,3,4
824708,2026-09-13,4.2937,4.2159,4,1
824869,2026-09-13,4.1148,4.0739,4,9
824952,2026-09-13,4.5452,4.9713,8,7
825033,2026-09-13,5.0766,4.4784,6,7
822765,2026-09-14,4.4422,4.3591,5,6
823006,2026-09-14,4.2631,4.2719,2,1
823575,2026-09-14,4.6433,4.5421,1,2
823656,2026-09-14,4.2969,5.1631,3,8
823981,2026-09-14,4.4155,4.5095,6,4
824308,2026-09-14,4.5105,5.7198,7,8
824386,2026-09-14,4.507,3.9662,3,7
824465,2026-09-14,4.0762,4.7722,1,4
824629,2026-09-14,4.434,4.1826,7,3
825034,2026-09-14,4.8732,4.3529,8,7
822683,2026-09-15,4.1354,5.0439,6,3
822762,2026-09-15,4.2927,4.3462,1,10
822849,2026-09-15,4.1246,4.1298,4,2
822925,2026-09-15,4.3699,4.0624,2,1
823007,2026-09-15,4.2432,4.2878,3,10
823333,2026-09-15,3.9867,4.7666,1,5
823574,2026-09-15,4.525,4.532,5,7
823654,2026-09-15,4.1492,5.013,1,8
823980,2026-09-15,4.2377,4.7477,2,1
824143,2026-09-15,4.1662,4.1632,4,2
824307,2026-09-15,4.3617,5.8332,9,3
824384,2026-09-15,4.3772,4.1276,7,6
824466,2026-09-15,4.0789,4.8629,0,4
824627,2026-09-15,4.9184,4.058,3,6
825030,2026-09-15,5.0785,4.4761,2,4
822680,2026-09-16,4.2057,4.7421,0,3
822763,2026-09-16,4.3265,4.3901,5,1
822846,2026-09-16,4.2619,4.2074,7,3
822926,2026-09-16,4.6326,4.0456,4,3
823004,2026-09-16,4.2303,4.2574,5,6
823332,2026-09-16,4.1248,4.7368,4,5
823576,2026-09-16,4.5481,4.5517,1,7
823655,2026-09-16,4.1873,5.1455,5,4
823979,2026-09-16,4.3788,4.7106,2,7
824140,2026-09-16,4.2871,4.2646,2,5
824306,2026-09-16,4.6461,5.4291,3,9
824382,2026-09-16,4.5517,3.971,6,3
824467,2026-09-16,3.9756,4.7069,6,2
824626,2026-09-16,4.6408,4.0785,8,4
825031,2026-09-16,4.9129,4.6095,3,4
822845,2026-09-17,4.2055,4.2638,3,4
822924,2026-09-17,4.6175,4.0079,10,1
823334,2026-09-17,4.3331,4.7924,7,4
823573,2026-09-17,4.328,4.1639,0,3
823978,2026-09-17,4.3606,4.7743,5,4
824141,2026-09-17,4.2166,4.0584,6,2
824305,2026-09-17,4.5415,5.6963,2,9
824464,2026-09-17,4.118,4.8034,2,8
824548,2026-09-17,4.1092,4.3868,3,1
822847,2026-09-18,4.1586,4.1134,7,1
822923,2026-09-18,4.2174,4.3669,2,4
823005,2026-09-18,4.3751,4.328,1,9
823252,2026-09-18,4.6884,3.9908,8,2
823331,2026-09-18,4.3736,4.3265,8,5
823572,2026-09-18,4.3001,4.2437,6,3
823898,2026-09-18,4.9806,4.161,8,2
823977,2026-09-18,4.3984,4.893,0,3
824138,2026-09-18,4.1235,4.2845,2,6
824303,2026-09-18,4.7426,5.3607,4,5
824383,2026-09-18,4.5211,3.9714,5,3
824463,2026-09-18,4.4284,4.6235,6,4
824547,2026-09-18,4.1086,4.412,8,11
824790,2026-09-18,4.3937,4.8466,5,6
825032,2026-09-18,4.2875,4.6695,2,9
822843,2026-09-19,4.1829,4.0655,6,2
822921,2026-09-19,4.2765,4.2993,2,1
823003,2026-09-19,4.3803,4.3415,5,8
823249,2026-09-19,4.4262,4.0487,7,6
823330,2026-09-19,4.2535,4.3608,6,5
823571,2026-09-19,4.3536,4.0743,10,3
823899,2026-09-19,4.9666,4.152,10,4
823976,2026-09-19,4.3486,4.6856,6,5
824137,2026-09-19,4.1495,4.2629,3,6
824304,2026-09-19,4.8439,5.3014,5,3
824380,2026-09-19,4.5324,4.0146,12,6
824461,2026-09-19,4.4185,4.8584,2,5
824545,2026-09-19,3.9925,4.437,3,1
824788,2026-09-19,4.2395,4.718,0,1
825029,2026-09-19,4.1547,4.7571,5,3
822844,2026-09-20,4.2579,3.9943,2,7
822922,2026-09-20,4.1921,4.2659,5,1
823001,2026-09-20,4.3931,4.268,5,3
823247,2026-09-20,4.561,4.1577,7,3
823329,2026-09-20,4.3179,4.25,4,3
823570,2026-09-20,4.2806,4.1818,2,7
823896,2026-09-20,4.9825,4.2269,3,1
823975,2026-09-20,4.358,4.994,0,8
824139,2026-09-20,4.1725,4.1318,2,4
824300,2026-09-20,4.9974,5.3014,1,2
824381,2026-09-20,4.3737,3.9854,1,0
824462,2026-09-20,4.3406,4.8629,1,9
824546,2026-09-20,4.0087,4.5002,8,1
824789,2026-09-20,4.0058,4.8307,0,3
825028,2026-09-20,4.4326,4.8742,8,4
823169,2026-09-21,4.6223,4.2646,5,2
824221,2026-09-21,4.8961,4.1817,9,2
824787,2026-09-21,4.5694,4.5444,4,3
822840,2026-09-22,4.4061,4.1333,3,6
823089,2026-09-22,4.2283,4.1041,0,7
823166,2026-09-22,4.3533,4.2,2,3
823328,2026-09-22,4.7051,4.3392,2,0
823412,2026-09-22,4.4587,4.504,6,4
823494,2026-09-22,4.3138,3.9356,1,6
823543,2026-09-22,4.3931,3.9948,2,0
823897,2026-09-22,4.7683,4.559,7,0
824061,2026-09-22,4.7318,4.0109,11,14
824222,2026-09-22,4.5571,4.194,1,3
824302,2026-09-22,4.6545,5.2106,2,7
824624,2026-09-22,4.8691,4.0915,2,8
824709,2026-09-22,4.0008,4.0881,2,3
824867,2026-09-22,4.4408,4.2947,0,4
824953,2026-09-22,4.5583,4.8659,9,7
822841,2026-09-23,4.3265,4.1652,2,7
823086,2026-09-23,4.2511,4.1781,6,5
823168,2026-09-23,4.4554,4.2032,2,4
823327,2026-09-23,4.5095,4.3423,1,5
823410,2026-09-23,4.1092,4.5042,1,4
823492,2026-09-23,4.5305,3.9936,9,2
823894,2026-09-23,4.8205,4.3325,1,5
824060,2026-09-23,4.6217,4.1487,5,4
824223,2026-09-23,4.7886,4.1379,2,4
824301,2026-09-23,4.745,5.1732,3,5
824625,2026-09-23,4.8096,4.1732,2,3
824710,2026-09-23,4.2395,4.1486,1,0
824784,2026-09-23,4.6961,4.5102,4,2
824785,2026-09-23,4.6485,4.4758,4,2
824868,2026-09-23,4.4973,4.0134,3,2
824951,2026-09-23,4.5405,4.9718,7,3
